DEVICE ID,ODP INDEX,ODP NAME,LATITUDE,LONGITUDE,CLUSNAME,CLUSTERSATATUS,AVAI,USED,RSV,RSK,IS TOTAL,Telkom Regional,Telkom Witel,Telkom Datel,Telkom STO,Telkom STO Deskripsi,ODP INFO,UPDATE DATE,TGL GOLIVE,TAHUN ODP,BULAN ODP,KATEGORI,NAMA PROYEK,KABUPATEN KOTA,PROVINSI,OCC 1,OCC 2,ID ODP,Telkomsel Area,Telkomsel Regional,Telkomsel Branch,Telkomsel Cluster,Validasi STO,Validasi ODC,Jarak ODP ke ODC (Meter),Jarak ODC ke STO (Meter),Jarak ODP ke STO (Meter),Validasi Provinsi,Validasi Kabupaten Kota,Validasi Kecamatan,Validasi Kelurahan,Telda
9244319561,,ODP-LDY-FA/99,-8.149271,112.246676,,,2,5,0,0,8,REGIONAL 5,KEDIRI,BLITAR,LDY,,,2024-03-16 23:28:34,2022-09-09,2022,9,NON TITO,,,JAWA TIMUR,0.625,YELLOW,1224688464,AREA 3,JATIM,MALANG,TULUNGAGUNG,,,0,0,0,JAWA TIMUR,BLITAR,SUTOJAYAN,JEGU,BLITAR
8283195126,,ODP-BLR-FAF/36,-8.104421,112.159782,,,2,6,0,0,8,REGIONAL 5,KEDIRI,BLITAR,BLR,,,2024-03-16 23:27:10,2021-12-30,2021,12,NON TITO,,,JAWA TIMUR,0.75,YELLOW,1164322387,AREA 3,JATIM,MALANG,TULUNGAGUNG,,,0,0,0,JAWA TIMUR,KOTA BLITAR,KEPANJENKIDUL,KEPANJENKIDUL,BLITAR
9261943622,,ODP-BLR-FJ/42,-8.125461,112.220814,,,3,5,0,0,8,REGIONAL 5,KEDIRI,BLITAR,BLR,,,2024-03-16 23:29:02,2022-09-12,2022,9,NON TITO,,,JAWA TIMUR,0.625,YELLOW,1225946426,AREA 3,JATIM,MALANG,TULUNGAGUNG,,,0,0,0,JAWA TIMUR,BLITAR,KANIGORO,KANIGORO,BLITAR
8279744451,,ODP-BLR-FG/47,-8.12383,112.15944,,,2,6,0,0,8,REGIONAL 5,KEDIRI,BLITAR,BLR,,,2024-03-16 23:23:51,2021-12-28,2021,12,NON TITO,,,JAWA TIMUR,0.75,YELLOW,1164304217,AREA 3,JATIM,MALANG,TULUNGAGUNG,,,0,0,0,JAWA TIMUR,KOTA BLITAR,SANANWETAN,PLOSOKEREP,BLITAR
8294069149,,ODP-BLR-FBU/12,-8.159796,112.142095,,,4,4,0,0,8,REGIONAL 5,KEDIRI,BLITAR,BLR,,,2024-03-16 23:27:19,2021-12-27,2021,12,NON TITO,,,JAWA TIMUR,0.5,YELLOW,1164296538,AREA 3,JATIM,MALANG,TULUNGAGUNG,,,0,0,0,JAWA TIMUR,BLITAR,KADEMANGAN,SUMBERJATI,BLITAR
9284819678,,ODP-SNT-FH/05,-8.09094,112.023436,,,4,4,0,0,8,REGIONAL 5,KEDIRI,BLITAR,SNT,,,2024-03-16 23:25:53,2022-09-21,2022,9,NON TITO,,,JAWA TIMUR,0.5,YELLOW,1226322615,AREA 3,JATIM,MALANG,TULUNGAGUNG,,,0,0,0,JAWA TIMUR,BLITAR,WONODADI,KUNIR,BLITAR
9320894994,,ODP-LDY-FB/54,-8.148259,112.247318,,,5,11,0,0,16,REGIONAL 5,KEDIRI,BLITAR,LDY,,,2024-03-16 23:22:35,2022-09-23,2022,9,NON TITO,,,JAWA TIMUR,0.6875,YELLOW,1226343108,AREA 3,JATIM,MALANG,TULUNGAGUNG,,,0,0,0,JAWA TIMUR,BLITAR,SUTOJAYAN,JEGU,BLITAR
9320895009,,ODP-LDY-FB/57,-8.148965,112.240201,,,2,6,0,0,8,REGIONAL 5,KEDIRI,BLITAR,LDY,,,2024-03-16 23:21:33,2022-09-23,2022,9,NON TITO,,,JAWA TIMUR,0.75,YELLOW,1226343120,AREA 3,JATIM,MALANG,TULUNGAGUNG,,,0,0,0,JAWA TIMUR,BLITAR,SUTOJAYAN,JEGU,BLITAR
8293918715,,ODP-BLR-FBC/20,-8.098119,112.170366,,,8,7,0,0,16,REGIONAL 5,KEDIRI,BLITAR,BLR,,,2024-03-16 23:22:58,2021-12-27,2021,12,NON TITO,,,JAWA TIMUR,0.4375,YELLOW,1164293079,AREA 3,JATIM,MALANG,TULUNGAGUNG,,,0,0,0,JAWA TIMUR,KOTA BLITAR,KEPANJENKIDUL,KEPANJENLOR,BLITAR
9269969213,,ODP-BLR-FBN/55,-8.067546,112.216239,,,4,4,0,0,8,REGIONAL 5,KEDIRI,BLITAR,BLR,,,2024-03-16 23:22:24,2022-09-14,2022,9,NON TITO,,,JAWA TIMUR,0.5,YELLOW,1225965016,AREA 3,JATIM,MALANG,TULUNGAGUNG,,,0,0,0,JAWA TIMUR,BLITAR,GARUM,TAWANGSARI,BLITAR
8293918705,,ODP-BLR-FBC/17,-8.095558,112.170265,,,4,4,0,0,8,REGIONAL 5,KEDIRI,BLITAR,BLR,,,2024-03-16 23:23:01,2021-12-27,2021,12,NON TITO,,,JAWA TIMUR,0.5,YELLOW,1164293073,AREA 3,JATIM,MALANG,TULUNGAGUNG,,,0,0,0,JAWA TIMUR,KOTA BLITAR,KEPANJENKIDUL,KEPANJENLOR,BLITAR
9229319067,,ODP-BLR-FBT/13,-8.146191,112.16053,,,2,6,0,0,8,REGIONAL 5,KEDIRI,BLITAR,BLR,,,2024-03-16 23:28:10,2022-09-07,2022,9,NON TITO,,,JAWA TIMUR,0.75,YELLOW,1221670736,AREA 3,JATIM,MALANG,TULUNGAGUNG,,,0,0,0,JAWA TIMUR,BLITAR,KADEMANGAN,PLOSOREJO,BLITAR
8283195145,,ODP-BLR-FAF/35,-8.10289,112.159518,,,4,4,0,0,8,REGIONAL 5,KEDIRI,BLITAR,BLR,,,2024-03-16 23:27:17,2021-12-30,2021,12,NON TITO,,,JAWA TIMUR,0.5,YELLOW,1164322398,AREA 3,JATIM,MALANG,TULUNGAGUNG,,,0,0,0,JAWA TIMUR,KOTA BLITAR,KEPANJENKIDUL,KEPANJENKIDUL,BLITAR
8293323084,,ODP-BLR-FQ/51,-8.065615,112.177352,,,3,5,0,0,8,REGIONAL 5,KEDIRI,BLITAR,BLR,,,2024-03-16 23:29:02,2022-01-05,2022,1,NON TITO,,,JAWA TIMUR,0.625,YELLOW,1164365027,AREA 3,JATIM,MALANG,TULUNGAGUNG,,,0,0,0,JAWA TIMUR,KOTA BLITAR,KEPANJENKIDUL,TANGGUNG,BLITAR
8278922553,,ODP-BLR-FAS/04,-8.088056,112.188995,,,3,4,0,0,8,REGIONAL 5,KEDIRI,BLITAR,BLR,,,2024-03-16 23:23:27,2022-01-04,2022,1,NON TITO,,,JAWA TIMUR,0.5,YELLOW,1164350028,AREA 3,JATIM,MALANG,TULUNGAGUNG,,,0,0,0,JAWA TIMUR,KOTA BLITAR,SANANWETAN,GEDOG,BLITAR
8278922548,,ODP-BLR-FAS/03,-8.084482,112.189764,,,7,9,0,0,16,REGIONAL 5,KEDIRI,BLITAR,BLR,,,2024-03-16 23:23:49,2022-01-04,2022,1,NON TITO,,,JAWA TIMUR,0.5625,YELLOW,1164350025,AREA 3,JATIM,MALANG,TULUNGAGUNG,,,0,0,0,JAWA TIMUR,KOTA BLITAR,SANANWETAN,GEDOG,BLITAR
8278922538,,ODP-BLR-FAS/01,-8.083317,112.187189,,,3,4,0,0,8,REGIONAL 5,KEDIRI,BLITAR,BLR,,,2024-03-16 23:23:38,2022-01-04,2022,1,NON TITO,,,JAWA TIMUR,0.5,YELLOW,1164350019,AREA 3,JATIM,MALANG,TULUNGAGUNG,,,0,0,0,JAWA TIMUR,KOTA BLITAR,SANANWETAN,GEDOG,BLITAR
9177270703,,ODP-BLR-FAX/67,-8.135436,112.190401,,,3,5,0,0,8,REGIONAL 5,KEDIRI,BLITAR,BLR,,,2024-03-16 23:25:18,2022-08-30,2022,8,NON TITO,,,JAWA TIMUR,0.625,YELLOW,1210036650,AREA 3,JATIM,MALANG,TULUNGAGUNG,,,0,0,0,JAWA TIMUR,BLITAR,KANIGORO,GOGODESO,BLITAR
8297968645,,ODP-BLR-FBD/64,-8.094001,112.167243,,,3,5,0,0,8,REGIONAL 5,KEDIRI,BLITAR,BLR,,,2024-03-16 23:26:58,2022-01-03,2022,1,NON TITO,,,JAWA TIMUR,0.625,YELLOW,1164342780,AREA 3,JATIM,MALANG,TULUNGAGUNG,,,0,0,0,JAWA TIMUR,KOTA BLITAR,KEPANJENKIDUL,KEPANJENLOR,BLITAR
9231344385,,ODP-BLR-FBS/39,-8.125147,112.255551,,,4,4,0,0,8,REGIONAL 5,KEDIRI,BLITAR,BLR,,,2024-03-16 23:26:27,2022-09-07,2022,9,NON TITO,,,JAWA TIMUR,0.5,YELLOW,1221082676,AREA 3,JATIM,MALANG,TULUNGAGUNG,,,0,0,0,JAWA TIMUR,BLITAR,TALUN,JEBLOG,BLITAR
8303744326,,ODP-BLR-FBD/58,-8.096991,112.159771,,,2,6,0,0,8,REGIONAL 5,KEDIRI,BLITAR,BLR,,,2024-03-16 23:23:00,2022-01-01,2022,1,NON TITO,,,JAWA TIMUR,0.75,YELLOW,1164337646,AREA 3,JATIM,MALANG,TULUNGAGUNG,,,0,0,0,JAWA TIMUR,KOTA BLITAR,SUKOREJO,SUKOREJO,BLITAR
8303744316,,ODP-BLR-FBD/59,-8.096699,112.160812,,,3,4,0,0,8,REGIONAL 5,KEDIRI,BLITAR,BLR,,,2024-03-16 23:22:29,2022-01-01,2022,1,NON TITO,,,JAWA TIMUR,0.5,YELLOW,1164337640,AREA 3,JATIM,MALANG,TULUNGAGUNG,,,0,0,0,JAWA TIMUR,KOTA BLITAR,KEPANJENKIDUL,KAUMAN,BLITAR
9205919375,,ODP-BLR-FAV/34,-8.108938,112.225387,,,4,4,0,0,8,REGIONAL 5,KEDIRI,BLITAR,BLR,,,2024-03-16 23:23:57,2022-09-01,2022,9,NON TITO,,,JAWA TIMUR,0.5,YELLOW,1220335730,AREA 3,JATIM,MALANG,TULUNGAGUNG,,,0,0,0,JAWA TIMUR,BLITAR,KANIGORO,SAWENTAR,BLITAR
9231494066,,ODP-WGI-FU/22,-8.093669,112.278901,,,7,9,0,0,16,REGIONAL 5,KEDIRI,BLITAR,WGI,,,2024-03-16 23:23:28,2022-09-07,2022,9,NON TITO,,,JAWA TIMUR,0.5625,YELLOW,1221082048,AREA 3,JATIM,MALANG,TULUNGAGUNG,,,0,0,0,JAWA TIMUR,BLITAR,TALUN,TALUN,BLITAR
8303744301,,ODP-BLR-FBD/61,-8.097013,112.164221,,,2,6,0,0,8,REGIONAL 5,KEDIRI,BLITAR,BLR,,,2024-03-16 23:23:03,2022-01-01,2022,1,NON TITO,,,JAWA TIMUR,0.75,YELLOW,1164337631,AREA 3,JATIM,MALANG,TULUNGAGUNG,,,0,0,0,JAWA TIMUR,KOTA BLITAR,KEPANJENKIDUL,KAUMAN,BLITAR
8304043558,,ODP-WGI-FM/16,-8.046547,112.360953,,,3,5,0,0,8,REGIONAL 5,KEDIRI,BLITAR,WGI,,,2024-03-16 23:24:10,2021-12-30,2021,12,NON TITO,,,JAWA TIMUR,0.625,YELLOW,1164325453,AREA 3,JATIM,MALANG,TULUNGAGUNG,,,0,0,0,JAWA TIMUR,BLITAR,WLINGI,TEGALASRI,BLITAR
8283195150,,ODP-BLR-FAF/32,-8.105541,112.159359,,,2,6,0,0,8,REGIONAL 5,KEDIRI,BLITAR,BLR,,,2024-03-16 23:26:57,2021-12-30,2021,12,NON TITO,,,JAWA TIMUR,0.75,YELLOW,1164322401,AREA 3,JATIM,MALANG,TULUNGAGUNG,,,0,0,0,JAWA TIMUR,KOTA BLITAR,KEPANJENKIDUL,KEPANJENKIDUL,BLITAR
8303744321,,ODP-BLR-FBD/62,-8.097307,112.166001,,,3,4,0,0,8,REGIONAL 5,KEDIRI,BLITAR,BLR,,,2024-03-16 23:23:00,2022-01-01,2022,1,NON TITO,,,JAWA TIMUR,0.5,YELLOW,1164337643,AREA 3,JATIM,MALANG,TULUNGAGUNG,,,0,0,0,JAWA TIMUR,KOTA BLITAR,KEPANJENKIDUL,KEPANJENLOR,BLITAR
9177269945,,ODP-BLR-FP/132,-8.0619,112.143474,,,3,5,0,0,8,REGIONAL 5,KEDIRI,BLITAR,BLR,,,2024-03-16 23:25:04,2022-08-26,2022,8,NON TITO,,,JAWA TIMUR,0.625,YELLOW,1210007237,AREA 3,JATIM,MALANG,TULUNGAGUNG,,,0,0,0,JAWA TIMUR,BLITAR,SANANKULON,SUMBER,BLITAR
8293918700,,ODP-BLR-FBC/25,-8.096407,112.169093,,,4,4,0,0,8,REGIONAL 5,KEDIRI,BLITAR,BLR,,,2024-03-16 23:22:58,2021-12-27,2021,12,NON TITO,,,JAWA TIMUR,0.5,YELLOW,1164293070,AREA 3,JATIM,MALANG,TULUNGAGUNG,,,0,0,0,JAWA TIMUR,KOTA BLITAR,KEPANJENKIDUL,KEPANJENLOR,BLITAR
8282894321,,ODP-WGI-FC/39,-8.077026,112.327271,,,2,6,0,0,8,REGIONAL 5,KEDIRI,BLITAR,WGI,,,2024-03-16 23:25:32,2021-12-24,2021,12,NON TITO,,,JAWA TIMUR,0.75,YELLOW,1164276180,AREA 3,JATIM,MALANG,TULUNGAGUNG,,,0,0,0,JAWA TIMUR,BLITAR,WLINGI,BABADAN,BLITAR
8259118629,,ODP-BLR-FAR/01,-8.101278,112.157963,,,7,9,0,0,16,REGIONAL 5,KEDIRI,BLITAR,BLR,,,2024-03-16 23:25:32,2021-12-15,2021,12,NON TITO,,,JAWA TIMUR,0.5625,YELLOW,1163750103,AREA 3,JATIM,MALANG,TULUNGAGUNG,,,0,0,0,JAWA TIMUR,KOTA BLITAR,SUKOREJO,SUKOREJO,BLITAR
8259043528,,ODP-BLR-FBL/10,-8.079133,112.180187,,,2,6,0,0,8,REGIONAL 5,KEDIRI,BLITAR,BLR,,,2024-03-16 23:23:27,2021-12-15,2021,12,NON TITO,,,JAWA TIMUR,0.75,YELLOW,1163749228,AREA 3,JATIM,MALANG,TULUNGAGUNG,,,0,0,0,JAWA TIMUR,KOTA BLITAR,KEPANJENKIDUL,TANGGUNG,BLITAR
9410743636,,ODP-LDY-FA/100,-8.168749,112.235411,,,3,4,1,0,8,REGIONAL 5,KEDIRI,BLITAR,LDY,,,2024-03-16 23:26:12,2022-10-13,2022,10,NON TITO,,,JAWA TIMUR,0.5,YELLOW,1238473978,AREA 3,JATIM,MALANG,TULUNGAGUNG,,,0,0,0,JAWA TIMUR,BLITAR,SUTOJAYAN,SUKOREJO,BLITAR
8246743872,,ODP-BLR-FBE/09,-8.085907,112.172139,,,4,4,0,0,8,REGIONAL 5,KEDIRI,BLITAR,BLR,,,2024-03-16 23:26:10,2021-12-14,2021,12,NON TITO,,,JAWA TIMUR,0.5,YELLOW,1162770757,AREA 3,JATIM,MALANG,TULUNGAGUNG,,,0,0,0,JAWA TIMUR,KOTA BLITAR,KEPANJENKIDUL,SENTUL,BLITAR
8246968782,,ODP-WGI-FT/08,-8.078163,112.285436,,,3,5,0,0,8,REGIONAL 5,KEDIRI,BLITAR,WGI,,,2024-03-16 23:25:39,2021-12-14,2021,12,NON TITO,,,JAWA TIMUR,0.625,YELLOW,1162770717,AREA 3,JATIM,MALANG,TULUNGAGUNG,,,0,0,0,JAWA TIMUR,BLITAR,TALUN,KAMULAN,BLITAR
8242561683,,ODP-BLR-FAJ/26,-8.104882,112.167686,,,3,5,0,0,8,REGIONAL 5,KEDIRI,BLITAR,BLR,,,2024-03-16 23:28:54,2021-12-14,2021,12,NON TITO,,,JAWA TIMUR,0.625,YELLOW,1162695431,AREA 3,JATIM,MALANG,TULUNGAGUNG,,,0,0,0,JAWA TIMUR,KOTA BLITAR,KEPANJENKIDUL,KEPANJENKIDUL,BLITAR
9394243775,,ODP-KBN-FA/45,-8.130734,112.390178,,,2,6,0,0,8,REGIONAL 5,KEDIRI,BLITAR,KBN,,,2024-03-16 23:28:14,2022-10-12,2022,10,NON TITO,,,JAWA TIMUR,0.75,YELLOW,1234720988,AREA 3,JATIM,MALANG,TULUNGAGUNG,,,0,0,0,JAWA TIMUR,BLITAR,KESAMBEN,PAGERGUNUNG,BLITAR
8242561678,,ODP-BLR-FAJ/25,-8.104113,112.164885,,,3,5,0,0,8,REGIONAL 5,KEDIRI,BLITAR,BLR,,,2024-03-16 23:28:54,2021-12-14,2021,12,NON TITO,,,JAWA TIMUR,0.625,YELLOW,1162695428,AREA 3,JATIM,MALANG,TULUNGAGUNG,,,0,0,0,JAWA TIMUR,KOTA BLITAR,KEPANJENKIDUL,KEPANJENKIDUL,BLITAR
8241420992,,ODP-BLR-FAJ/31,-8.107205,112.167363,,,3,5,0,0,8,REGIONAL 5,KEDIRI,BLITAR,BLR,,,2024-03-16 23:22:42,2021-12-14,2021,12,NON TITO,,,JAWA TIMUR,0.625,YELLOW,1162627937,AREA 3,JATIM,MALANG,TULUNGAGUNG,,,0,0,0,JAWA TIMUR,KOTA BLITAR,SANANWETAN,PLOSOKEREP,BLITAR
8247119013,,ODP-BLR-FBU/11,-8.178604,112.10702,,,2,6,0,0,8,REGIONAL 5,KEDIRI,BLITAR,BLR,,,2024-03-16 23:22:37,2021-12-13,2021,12,NON TITO,,,JAWA TIMUR,0.75,YELLOW,1162621745,AREA 3,JATIM,MALANG,TULUNGAGUNG,,,0,0,0,JAWA TIMUR,BLITAR,KADEMANGAN,SUMBERJO,BLITAR
8245169153,,ODP-BLR-FAT/10,-8.084929,112.193113,,,2,6,0,0,8,REGIONAL 5,KEDIRI,BLITAR,BLR,,,2024-03-16 23:26:18,2021-12-13,2021,12,NON TITO,,,JAWA TIMUR,0.75,YELLOW,1162621600,AREA 3,JATIM,MALANG,TULUNGAGUNG,,,0,0,0,JAWA TIMUR,BLITAR,GARUM,POJOK,BLITAR
8245169148,,ODP-BLR-FAT/09,-8.083767,112.194061,,,2,6,0,0,8,REGIONAL 5,KEDIRI,BLITAR,BLR,,,2024-03-16 23:25:53,2021-12-13,2021,12,NON TITO,,,JAWA TIMUR,0.75,YELLOW,1162621597,AREA 3,JATIM,MALANG,TULUNGAGUNG,,,0,0,0,JAWA TIMUR,BLITAR,GARUM,POJOK,BLITAR
8242553599,,ODP-WGI-FU/10,-8.096456,112.278487,,,4,12,0,0,16,REGIONAL 5,KEDIRI,BLITAR,WGI,,,2024-03-16 23:27:13,2021-12-10,2021,12,NON TITO,,,JAWA TIMUR,0.75,YELLOW,1162101541,AREA 3,JATIM,MALANG,TULUNGAGUNG,,,0,0,0,JAWA TIMUR,BLITAR,TALUN,TALUN,BLITAR
9410445441,,ODP-SNT-FW/25,-8.025451,112.09356,,,4,4,0,0,8,REGIONAL 5,KEDIRI,BLITAR,SNT,,,2024-03-16 23:26:10,2022-10-19,2022,10,NON TITO,,,JAWA TIMUR,0.5,YELLOW,1241356721,AREA 3,JATIM,MALANG,TULUNGAGUNG,,,0,0,0,JAWA TIMUR,BLITAR,PONGGOK,KEBONDUREN,BLITAR
8241420997,,ODP-BLR-FAJ/29,-8.109245,112.167007,,,2,6,0,0,8,REGIONAL 5,KEDIRI,BLITAR,BLR,,,2024-03-16 23:22:34,2021-12-14,2021,12,NON TITO,,,JAWA TIMUR,0.75,YELLOW,1162627940,AREA 3,JATIM,MALANG,TULUNGAGUNG,,,0,0,0,JAWA TIMUR,KOTA BLITAR,SANANWETAN,PLOSOKEREP,BLITAR
8294068653,,ODP-LDY-FB/41,-8.169284,112.214206,,,5,11,0,0,16,REGIONAL 5,KEDIRI,BLITAR,LDY,,,2024-03-16 23:26:52,2021-12-27,2021,12,NON TITO,,,JAWA TIMUR,0.6875,YELLOW,1164291038,AREA 3,JATIM,MALANG,TULUNGAGUNG,,,0,0,0,JAWA TIMUR,BLITAR,SUTOJAYAN,KALIPANG,BLITAR
9393418876,,ODP-BLR-FCD/26,-8.065012,112.187185,,,4,4,0,0,8,REGIONAL 5,KEDIRI,BLITAR,BLR,,,2024-03-16 23:26:49,2022-10-11,2022,10,NON TITO,,,JAWA TIMUR,0.5,YELLOW,1233900435,AREA 3,JATIM,MALANG,TULUNGAGUNG,,,0,0,0,JAWA TIMUR,KOTA BLITAR,KEPANJENKIDUL,NGADIREJO,BLITAR
8263093697,,ODP-BLR-FAA/56,-8.097539,112.142519,,,3,5,0,0,8,REGIONAL 5,KEDIRI,BLITAR,BLR,,,2024-03-16 23:28:39,2021-12-20,2021,12,NON TITO,,,JAWA TIMUR,0.625,YELLOW,1163824187,AREA 3,JATIM,MALANG,TULUNGAGUNG,,,0,0,0,JAWA TIMUR,KOTA BLITAR,SUKOREJO,BLITAR,BLITAR
9320444091,,ODP-BLR-FBQ/29,-8.068236,112.252871,,,4,4,0,0,8,REGIONAL 5,KEDIRI,BLITAR,BLR,,,2024-03-16 23:24:11,2022-09-26,2022,9,NON TITO,,,JAWA TIMUR,0.5,YELLOW,1226928029,AREA 3,JATIM,MALANG,TULUNGAGUNG,,,0,0,0,JAWA TIMUR,BLITAR,TALUN,KENDALREJO,BLITAR
9320444096,,ODP-BLR-FBQ/32,-8.074998,112.253078,,,4,4,0,0,8,REGIONAL 5,KEDIRI,BLITAR,BLR,,,2024-03-16 23:24:18,2022-09-26,2022,9,NON TITO,,,JAWA TIMUR,0.5,YELLOW,1226928033,AREA 3,JATIM,MALANG,TULUNGAGUNG,,,0,0,0,JAWA TIMUR,BLITAR,TALUN,KENDALREJO,BLITAR
8280120056,,ODP-BLR-FCG/25,-8.093859,112.179521,,,4,4,0,0,8,REGIONAL 5,KEDIRI,BLITAR,BLR,,,2024-03-16 23:26:46,2021-12-22,2021,12,NON TITO,,,JAWA TIMUR,0.5,YELLOW,1163908116,AREA 3,JATIM,MALANG,TULUNGAGUNG,,,0,0,0,JAWA TIMUR,KOTA BLITAR,SANANWETAN,BENDOGERIT,BLITAR
9320444101,,ODP-BLR-FBQ/35,-8.081576,112.251877,,,7,9,0,0,16,REGIONAL 5,KEDIRI,BLITAR,BLR,,,2024-03-16 23:23:59,2022-09-26,2022,9,NON TITO,,,JAWA TIMUR,0.5625,YELLOW,1226928037,AREA 3,JATIM,MALANG,TULUNGAGUNG,,,0,0,0,JAWA TIMUR,BLITAR,TALUN,KENDALREJO,BLITAR
8280120041,,ODP-BLR-FCG/19,-8.089515,112.182299,,,4,4,0,0,8,REGIONAL 5,KEDIRI,BLITAR,BLR,,,2024-03-16 23:27:49,2021-12-22,2021,12,NON TITO,,,JAWA TIMUR,0.5,YELLOW,1163908106,AREA 3,JATIM,MALANG,TULUNGAGUNG,,,0,0,0,JAWA TIMUR,KOTA BLITAR,SANANWETAN,BENDOGERIT,BLITAR
8280120026,,ODP-BLR-FCG/27,-8.08578,112.178606,,,4,4,0,0,8,REGIONAL 5,KEDIRI,BLITAR,BLR,,,2024-03-16 23:26:19,2021-12-22,2021,12,NON TITO,,,JAWA TIMUR,0.5,YELLOW,1163908097,AREA 3,JATIM,MALANG,TULUNGAGUNG,,,0,0,0,JAWA TIMUR,KOTA BLITAR,SANANWETAN,BENDOGERIT,BLITAR
154568735,,ODP-PAN-FB/01,-8.0399,112.2514,,,9,7,0,0,16,REGIONAL 5,KEDIRI,BLITAR,PAN,,,2024-03-16 23:28:13,2016-03-11,2016,3,NON TITO,,,JAWA TIMUR,0.4375,YELLOW,9733189,AREA 3,JATIM,MALANG,TULUNGAGUNG,,,0,0,0,JAWA TIMUR,BLITAR,GARUM,SIDODADI,BLITAR
9320444107,,ODP-BLR-FBQ/30,-8.068621,112.253767,,,2,6,0,0,8,REGIONAL 5,KEDIRI,BLITAR,BLR,,,2024-03-16 23:24:20,2022-09-26,2022,9,NON TITO,,,JAWA TIMUR,0.75,YELLOW,1226928045,AREA 3,JATIM,MALANG,TULUNGAGUNG,,,0,0,0,JAWA TIMUR,BLITAR,TALUN,KENDALREJO,BLITAR
9363119209,,ODP-BNU-FC/02,-8.236986,112.32239,,,3,5,0,0,8,REGIONAL 5,KEDIRI,BLITAR,BNU,,,2024-03-16 23:25:04,2022-10-07,2022,10,NON TITO,,,JAWA TIMUR,0.625,YELLOW,1230099477,AREA 3,JATIM,MALANG,TULUNGAGUNG,,,0,0,0,JAWA TIMUR,BLITAR,BINANGUN,SUMBER KEMBAR,BLITAR
8280119971,,ODP-BLR-FCG/17,-8.086828,112.180826,,,3,5,0,0,8,REGIONAL 5,KEDIRI,BLITAR,BLR,,,2024-03-16 23:28:17,2021-12-22,2021,12,NON TITO,,,JAWA TIMUR,0.625,YELLOW,1163908059,AREA 3,JATIM,MALANG,TULUNGAGUNG,,,0,0,0,JAWA TIMUR,KOTA BLITAR,SANANWETAN,BENDOGERIT,BLITAR
8263094023,,ODP-BLR-FAM/10,-8.127634,112.166698,,,5,11,0,0,16,REGIONAL 5,KEDIRI,BLITAR,BLR,,,2024-03-16 23:28:49,2021-12-21,2021,12,NON TITO,,,JAWA TIMUR,0.6875,YELLOW,1163831316,AREA 3,JATIM,MALANG,TULUNGAGUNG,,,0,0,0,JAWA TIMUR,KOTA BLITAR,SANANWETAN,KLAMPOK,BLITAR
154568764,,ODP-PAN-FB/03,-8.0392,112.2468,,,4,4,0,0,8,REGIONAL 5,KEDIRI,BLITAR,PAN,,,2024-03-16 23:28:17,2016-03-11,2016,3,NON TITO,,,JAWA TIMUR,0.5,YELLOW,9733205,AREA 3,JATIM,MALANG,TULUNGAGUNG,,,0,0,0,JAWA TIMUR,BLITAR,GARUM,SIDODADI,BLITAR
154568751,,ODP-PAN-FB/02,-8.0393,112.2475,,,4,4,0,0,8,REGIONAL 5,KEDIRI,BLITAR,PAN,,,2024-03-16 23:27:14,2016-03-11,2016,3,NON TITO,,,JAWA TIMUR,0.5,YELLOW,9733197,AREA 3,JATIM,MALANG,TULUNGAGUNG,,,0,0,0,JAWA TIMUR,BLITAR,GARUM,SIDODADI,BLITAR
8263093702,,ODP-BLR-FAA/57,-8.098986,112.141876,,,3,5,0,0,8,REGIONAL 5,KEDIRI,BLITAR,BLR,,,2024-03-16 23:28:23,2021-12-20,2021,12,NON TITO,,,JAWA TIMUR,0.625,YELLOW,1163824192,AREA 3,JATIM,MALANG,TULUNGAGUNG,,,0,0,0,JAWA TIMUR,KOTA BLITAR,SUKOREJO,BLITAR,BLITAR
9340243776,,ODP-SNT-FS/25,-8.039307,111.98978,,,2,6,0,0,8,REGIONAL 5,KEDIRI,BLITAR,SNT,,,2024-03-16 23:29:03,2022-09-27,2022,9,NON TITO,,,JAWA TIMUR,0.75,YELLOW,1228499024,AREA 3,JATIM,MALANG,TULUNGAGUNG,,,0,0,0,JAWA TIMUR,BLITAR,WONODADI,WONODADI,BLITAR
130672116,,ODP-WGI-FA/02,-8.0905,112.2814,,,4,11,0,0,16,REGIONAL 5,KEDIRI,BLITAR,WGI,,,2024-03-16 23:22:30,2016-02-27,2016,2,NON TITO,,,JAWA TIMUR,0.6875,YELLOW,7905609,AREA 3,JATIM,MALANG,TULUNGAGUNG,,,0,0,0,JAWA TIMUR,BLITAR,TALUN,TALUN,BLITAR
5258751764,,ODP-LDY-FB/35,-8.168967,112.220222,,,2,6,0,0,8,REGIONAL 5,KEDIRI,BLITAR,LDY,,,2024-03-16 23:25:15,2020-08-10,2020,8,NON TITO,,,JAWA TIMUR,0.75,YELLOW,835101084,AREA 3,JATIM,MALANG,TULUNGAGUNG,,,0,0,0,JAWA TIMUR,BLITAR,SUTOJAYAN,KALIPANG,BLITAR
130672039,,ODP-WGI-FB/32,-8.0832,112.3238,,,3,5,0,0,8,REGIONAL 5,KEDIRI,BLITAR,WGI,,,2024-03-16 23:21:43,2016-02-27,2016,2,NON TITO,,,JAWA TIMUR,0.625,YELLOW,7905558,AREA 3,JATIM,MALANG,TULUNGAGUNG,,,0,0,0,JAWA TIMUR,BLITAR,WLINGI,BERU,BLITAR
3063943674,,ODP-WGI-FJ/24,-8.112546,112.307204,,,6,10,0,0,16,REGIONAL 5,KEDIRI,BLITAR,WGI,,,2024-03-16 23:24:50,2018-11-02,2018,11,NON TITO,,,JAWA TIMUR,0.625,YELLOW,405999809,AREA 3,JATIM,MALANG,TULUNGAGUNG,,,0,0,0,JAWA TIMUR,BLITAR,WLINGI,TANGKIL,BLITAR
130655262,,ODP-BLR-FS/09,-8.0826,112.178,,,7,9,0,0,16,REGIONAL 5,KEDIRI,BLITAR,BLR,,,2024-03-16 23:24:54,2016-02-27,2016,2,NON TITO,,,JAWA TIMUR,0.5625,YELLOW,7893939,AREA 3,JATIM,MALANG,TULUNGAGUNG,,,0,0,0,JAWA TIMUR,KOTA BLITAR,SANANWETAN,BENDOGERIT,BLITAR
3108494622,,ODP-KBN-FG/11,-8.111291,112.41102,,,3,5,0,0,8,REGIONAL 5,KEDIRI,BLITAR,KBN,,,2024-03-16 23:28:14,2018-11-16,2018,11,NON TITO,,,JAWA TIMUR,0.625,YELLOW,406299383,AREA 3,JATIM,MALANG,TULUNGAGUNG,,,0,0,0,JAWA TIMUR,BLITAR,SELOREJO,BANJARSARI,BLITAR
3108494747,,ODP-KBN-FG/10,-8.106896,112.412135,,,4,4,0,0,8,REGIONAL 5,KEDIRI,BLITAR,KBN,,,2024-03-16 23:27:55,2018-11-16,2018,11,NON TITO,,,JAWA TIMUR,0.5,YELLOW,406299604,AREA 3,JATIM,MALANG,TULUNGAGUNG,,,0,0,0,JAWA TIMUR,BLITAR,SELOREJO,BANJARSARI,BLITAR
130655318,,ODP-BLR-FP/02,-8.0889,112.1473,,,6,10,0,0,16,REGIONAL 5,KEDIRI,BLITAR,BLR,,,2024-03-16 23:25:33,2016-02-27,2016,2,NON TITO,,,JAWA TIMUR,0.625,YELLOW,7893986,AREA 3,JATIM,MALANG,TULUNGAGUNG,,,0,0,0,JAWA TIMUR,KOTA BLITAR,SUKOREJO,TANJUNGSARI,BLITAR
130655325,,ODP-BLR-FC/01,-8.07481,112.22578,,,1,5,0,0,8,REGIONAL 5,KEDIRI,BLITAR,BLR,,,2024-03-16 23:26:42,2016-02-27,2016,2,NON TITO,,,JAWA TIMUR,0.625,YELLOW,7893991,AREA 3,JATIM,MALANG,TULUNGAGUNG,,,0,0,0,JAWA TIMUR,BLITAR,GARUM,GARUM,BLITAR
130655342,,ODP-BLR-FR/03,-8.0956,112.1709,,,9,7,0,0,16,REGIONAL 5,KEDIRI,BLITAR,BLR,,,2024-03-16 23:26:09,2016-02-27,2016,2,NON TITO,,,JAWA TIMUR,0.4375,YELLOW,7894004,AREA 3,JATIM,MALANG,TULUNGAGUNG,,,0,0,0,JAWA TIMUR,KOTA BLITAR,KEPANJENKIDUL,KEPANJENLOR,BLITAR
130655458,,ODP-BLR-FQ/06,-8.0817,112.1705,,,6,10,0,0,16,REGIONAL 5,KEDIRI,BLITAR,BLR,,,2024-03-16 23:26:31,2016-02-27,2016,2,NON TITO,,,JAWA TIMUR,0.625,YELLOW,7894097,AREA 3,JATIM,MALANG,TULUNGAGUNG,,,0,0,0,JAWA TIMUR,KOTA BLITAR,KEPANJENKIDUL,BENDO,BLITAR
3127469962,,ODP-BNU-FA/07,-8.233458,112.33789,,,2,6,0,0,8,REGIONAL 5,KEDIRI,BLITAR,BNU,,,2024-03-16 23:23:24,2018-11-23,2018,11,NON TITO,,,JAWA TIMUR,0.75,YELLOW,406340851,AREA 3,JATIM,MALANG,TULUNGAGUNG,,,0,0,0,JAWA TIMUR,BLITAR,BINANGUN,BINANGUN,BLITAR
130655517,,ODP-WGI-FA/01,-8.0891,112.2726,,,6,10,0,0,16,REGIONAL 5,KEDIRI,BLITAR,WGI,,,2024-03-16 23:26:23,2016-02-27,2016,2,NON TITO,,,JAWA TIMUR,0.625,YELLOW,7894148,AREA 3,JATIM,MALANG,TULUNGAGUNG,,,0,0,0,JAWA TIMUR,BLITAR,TALUN,TALUN,BLITAR
130655606,,ODP-BLR-FF/10,-8.102478,112.164255,,,0,6,0,0,8,REGIONAL 5,KEDIRI,BLITAR,BLR,,,2024-03-16 23:25:53,2016-02-27,2016,2,NON TITO,,,JAWA TIMUR,0.75,YELLOW,7894218,AREA 3,JATIM,MALANG,TULUNGAGUNG,,,0,0,0,JAWA TIMUR,KOTA BLITAR,KEPANJENKIDUL,KEPANJENKIDUL,BLITAR
3127469470,,ODP-BNU-FA/10,-8.235038,112.329221,,,2,6,0,0,8,REGIONAL 5,KEDIRI,BLITAR,BNU,,,2024-03-16 23:23:21,2018-11-23,2018,11,NON TITO,,,JAWA TIMUR,0.75,YELLOW,406412261,AREA 3,JATIM,MALANG,TULUNGAGUNG,,,0,0,0,JAWA TIMUR,BLITAR,BINANGUN,BINANGUN,BLITAR
3127469610,,ODP-BNU-FA/01,-8.227668,112.336102,,,3,5,0,0,8,REGIONAL 5,KEDIRI,BLITAR,BNU,,,2024-03-16 23:23:26,2018-11-23,2018,11,NON TITO,,,JAWA TIMUR,0.625,YELLOW,406412345,AREA 3,JATIM,MALANG,TULUNGAGUNG,,,0,0,0,JAWA TIMUR,BLITAR,BINANGUN,BINANGUN,BLITAR
3127469741,,ODP-BNU-FA/08,-8.233831,112.335924,,,2,6,0,0,8,REGIONAL 5,KEDIRI,BLITAR,BNU,,,2024-03-16 23:23:04,2018-11-23,2018,11,NON TITO,,,JAWA TIMUR,0.75,YELLOW,406412411,AREA 3,JATIM,MALANG,TULUNGAGUNG,,,0,0,0,JAWA TIMUR,BLITAR,BINANGUN,BINANGUN,BLITAR
3127469855,,ODP-BNU-FA/05,-8.232493,112.343404,,,2,6,0,0,8,REGIONAL 5,KEDIRI,BLITAR,BNU,,,2024-03-16 23:23:22,2018-11-23,2018,11,NON TITO,,,JAWA TIMUR,0.75,YELLOW,406412458,AREA 3,JATIM,MALANG,TULUNGAGUNG,,,0,0,0,JAWA TIMUR,BLITAR,BINANGUN,BINANGUN,BLITAR
130655644,,ODP-WGI-FCLK/01,-8.0873,112.3206,,,1,6,0,0,8,REGIONAL 5,KEDIRI,BLITAR,WGI,,,2024-03-16 23:26:32,2016-02-27,2016,2,NON TITO,,,JAWA TIMUR,0.75,YELLOW,7894252,AREA 3,JATIM,MALANG,TULUNGAGUNG,,,0,0,0,JAWA TIMUR,BLITAR,WLINGI,BERU,BLITAR
130655647,,ODP-BLR-FK/07,-8.1084,112.1794,,,5,8,1,0,16,REGIONAL 5,KEDIRI,BLITAR,BLR,,,2024-03-16 23:25:52,2016-02-27,2016,2,NON TITO,,,JAWA TIMUR,0.5,YELLOW,7894254,AREA 3,JATIM,MALANG,TULUNGAGUNG,,,0,0,0,JAWA TIMUR,KOTA BLITAR,SANANWETAN,KARANGTENGAH,BLITAR
3152970856,,ODP-WGI-FN/04,-8.060803,112.317515,,,6,10,0,0,16,REGIONAL 5,KEDIRI,BLITAR,WGI,,,2024-03-16 23:28:10,2018-12-04,2018,12,NON TITO,,,JAWA TIMUR,0.625,YELLOW,406842440,AREA 3,JATIM,MALANG,TULUNGAGUNG,,,0,0,0,JAWA TIMUR,BLITAR,GANDUSARI,BUTUN,BLITAR
3152970610,,ODP-WGI-FN/03,-8.058176,112.314622,,,3,5,0,0,8,REGIONAL 5,KEDIRI,BLITAR,WGI,,,2024-03-16 23:28:22,2018-12-04,2018,12,NON TITO,,,JAWA TIMUR,0.625,YELLOW,406842257,AREA 3,JATIM,MALANG,TULUNGAGUNG,,,0,0,0,JAWA TIMUR,BLITAR,GANDUSARI,BUTUN,BLITAR
3152970607,,ODP-WGI-FN/02,-8.057931,112.311832,,,3,5,0,0,8,REGIONAL 5,KEDIRI,BLITAR,WGI,,,2024-03-16 23:27:24,2018-12-04,2018,12,NON TITO,,,JAWA TIMUR,0.625,YELLOW,406842255,AREA 3,JATIM,MALANG,TULUNGAGUNG,,,0,0,0,JAWA TIMUR,BLITAR,GANDUSARI,BUTUN,BLITAR
3162868954,,ODP-BLR-FC/30,-8.089239,112.18073,,,3,4,0,0,8,REGIONAL 5,KEDIRI,BLITAR,BLR,,,2024-03-16 23:22:36,2018-12-06,2018,12,NON TITO,,,JAWA TIMUR,0.5,YELLOW,406498019,AREA 3,JATIM,MALANG,TULUNGAGUNG,,,0,0,0,JAWA TIMUR,KOTA BLITAR,SANANWETAN,BENDOGERIT,BLITAR
3162868848,,ODP-BLR-FC/28,-8.087028,112.182691,,,4,12,0,0,16,REGIONAL 5,KEDIRI,BLITAR,BLR,,,2024-03-16 23:22:45,2018-12-06,2018,12,NON TITO,,,JAWA TIMUR,0.75,YELLOW,406497946,AREA 3,JATIM,MALANG,TULUNGAGUNG,,,0,0,0,JAWA TIMUR,KOTA BLITAR,SANANWETAN,BENDOGERIT,BLITAR
3162868641,,ODP-BLR-FC/31,-8.090739,112.18071,,,4,4,0,0,8,REGIONAL 5,KEDIRI,BLITAR,BLR,,,2024-03-16 23:22:45,2018-12-06,2018,12,NON TITO,,,JAWA TIMUR,0.5,YELLOW,406497854,AREA 3,JATIM,MALANG,TULUNGAGUNG,,,0,0,0,JAWA TIMUR,KOTA BLITAR,SANANWETAN,BENDOGERIT,BLITAR
130655251,,ODP-BLR-FR/05,-8.097036,112.16387,,,4,11,0,0,16,REGIONAL 5,KEDIRI,BLITAR,BLR,,,2024-03-16 23:26:01,2016-02-27,2016,2,NON TITO,,,JAWA TIMUR,0.6875,YELLOW,7893931,AREA 3,JATIM,MALANG,TULUNGAGUNG,,,0,0,0,JAWA TIMUR,KOTA BLITAR,KEPANJENKIDUL,KAUMAN,BLITAR
3156794994,,ODP-BLR-FBN/08,-8.054072,112.223917,,,2,6,0,0,8,REGIONAL 5,KEDIRI,BLITAR,BLR,,,2024-03-16 23:26:01,2018-12-06,2018,12,NON TITO,,,JAWA TIMUR,0.75,YELLOW,406492384,AREA 3,JATIM,MALANG,TULUNGAGUNG,,,0,0,0,JAWA TIMUR,BLITAR,GARUM,TAWANGSARI,BLITAR
130655732,,ODP-BLR-FT/08,-8.0906,112.1702,,,2,6,0,0,8,REGIONAL 5,KEDIRI,BLITAR,BLR,,,2024-03-16 23:26:00,2016-02-27,2016,2,NON TITO,,,JAWA TIMUR,0.75,YELLOW,7894321,AREA 3,JATIM,MALANG,TULUNGAGUNG,,,0,0,0,JAWA TIMUR,KOTA BLITAR,KEPANJENKIDUL,SENTUL,BLITAR
3135650797,,ODP-WGI-FV/07,-8.082606,112.308856,,,3,5,0,0,8,REGIONAL 5,KEDIRI,BLITAR,WGI,,,2024-03-16 23:29:18,2018-11-30,2018,11,NON TITO,,,JAWA TIMUR,0.625,YELLOW,406460327,AREA 3,JATIM,MALANG,TULUNGAGUNG,,,0,0,0,JAWA TIMUR,BLITAR,TALUN,KAWERON,BLITAR
3135650747,,ODP-WGI-FV/02,-8.074201,112.31084,,,4,12,0,0,16,REGIONAL 5,KEDIRI,BLITAR,WGI,,,2024-03-16 23:28:09,2018-11-30,2018,11,NON TITO,,,JAWA TIMUR,0.75,YELLOW,406460293,AREA 3,JATIM,MALANG,TULUNGAGUNG,,,0,0,0,JAWA TIMUR,BLITAR,TALUN,KAWERON,BLITAR
3135650744,,ODP-WGI-FV/03,-8.074728,112.310324,,,2,6,0,0,8,REGIONAL 5,KEDIRI,BLITAR,WGI,,,2024-03-16 23:29:17,2018-11-30,2018,11,NON TITO,,,JAWA TIMUR,0.75,YELLOW,406460291,AREA 3,JATIM,MALANG,TULUNGAGUNG,,,0,0,0,JAWA TIMUR,BLITAR,TALUN,KAWERON,BLITAR
3135650723,,ODP-WGI-FV/04,-8.075826,112.310281,,,3,5,0,0,8,REGIONAL 5,KEDIRI,BLITAR,WGI,,,2024-03-16 23:29:04,2018-11-30,2018,11,NON TITO,,,JAWA TIMUR,0.625,YELLOW,406460278,AREA 3,JATIM,MALANG,TULUNGAGUNG,,,0,0,0,JAWA TIMUR,BLITAR,TALUN,KAWERON,BLITAR
3135650647,,ODP-WGI-FV/05,-8.081126,112.309464,,,8,8,0,0,16,REGIONAL 5,KEDIRI,BLITAR,WGI,,,2024-03-16 23:28:07,2018-11-30,2018,11,NON TITO,,,JAWA TIMUR,0.5,YELLOW,406460200,AREA 3,JATIM,MALANG,TULUNGAGUNG,,,0,0,0,JAWA TIMUR,BLITAR,TALUN,KAWERON,BLITAR
3158819471,,ODP-BLR-FBQ/20,-8.082552,112.250732,,,7,9,0,0,16,REGIONAL 5,KEDIRI,BLITAR,BLR,,,2024-03-16 23:24:24,2018-12-06,2018,12,NON TITO,,,JAWA TIMUR,0.5625,YELLOW,406489282,AREA 3,JATIM,MALANG,TULUNGAGUNG,,,0,0,0,JAWA TIMUR,BLITAR,TALUN,KENDALREJO,BLITAR
130655182,,ODP-BLR-FS/08,-8.08466,112.179209,,,9,7,0,0,16,REGIONAL 5,KEDIRI,BLITAR,BLR,,,2024-03-16 23:26:17,2016-02-27,2016,2,NON TITO,,,JAWA TIMUR,0.4375,YELLOW,7893873,AREA 3,JATIM,MALANG,TULUNGAGUNG,,,0,0,0,JAWA TIMUR,KOTA BLITAR,SANANWETAN,BENDOGERIT,BLITAR
3020371904,,ODP-WGI-FY/06,-8.077456,112.330413,,,3,5,0,0,8,REGIONAL 5,KEDIRI,BLITAR,WGI,,,2024-03-16 23:28:59,2018-10-16,2018,10,NON TITO,,,JAWA TIMUR,0.625,YELLOW,405619740,AREA 3,JATIM,MALANG,TULUNGAGUNG,,,0,0,0,JAWA TIMUR,BLITAR,WLINGI,WLINGI,BLITAR
3020371718,,ODP-WGI-FY/13,-8.081326,112.330494,,,2,6,0,0,8,REGIONAL 5,KEDIRI,BLITAR,WGI,,,2024-03-16 23:28:57,2018-10-16,2018,10,NON TITO,,,JAWA TIMUR,0.75,YELLOW,405619621,AREA 3,JATIM,MALANG,TULUNGAGUNG,,,0,0,0,JAWA TIMUR,BLITAR,WLINGI,WLINGI,BLITAR
3019318908,,ODP-BLR-FAA/41,-8.10843,112.121357,,,3,5,0,0,8,REGIONAL 5,KEDIRI,BLITAR,BLR,,,2024-03-16 23:27:38,2018-10-15,2018,10,NON TITO,,,JAWA TIMUR,0.625,YELLOW,405348175,AREA 3,JATIM,MALANG,TULUNGAGUNG,,,0,0,0,JAWA TIMUR,BLITAR,SANANKULON,BENDOSARI,BLITAR
3019318847,,ODP-BLR-FAA/44,-8.103954,112.124525,,,2,6,0,0,8,REGIONAL 5,KEDIRI,BLITAR,BLR,,,2024-03-16 23:27:57,2018-10-15,2018,10,NON TITO,,,JAWA TIMUR,0.75,YELLOW,405348156,AREA 3,JATIM,MALANG,TULUNGAGUNG,,,0,0,0,JAWA TIMUR,BLITAR,SANANKULON,SANANKULON,BLITAR
2991569751,,ODP-BLR-FCB/11,-8.048407,112.211431,,,4,4,0,0,8,REGIONAL 5,KEDIRI,BLITAR,BLR,,,2024-03-16 23:25:02,2018-10-10,2018,10,NON TITO,,,JAWA TIMUR,0.5,YELLOW,405314594,AREA 3,JATIM,MALANG,TULUNGAGUNG,,,0,0,0,JAWA TIMUR,BLITAR,NGLEGOK,NGLEGOK,BLITAR
130650606,,ODP-BLR-FP/06,-8.0887,112.1553,,,5,9,0,0,16,REGIONAL 5,KEDIRI,BLITAR,BLR,,,2024-03-16 23:25:15,2016-02-27,2016,2,NON TITO,,,JAWA TIMUR,0.5625,YELLOW,7889328,AREA 3,JATIM,MALANG,TULUNGAGUNG,,,0,0,0,JAWA TIMUR,KOTA BLITAR,SUKOREJO,TANJUNGSARI,BLITAR
130650598,,ODP-BLR-FJ/04,-8.1274,112.2355,,,2,6,0,0,8,REGIONAL 5,KEDIRI,BLITAR,BLR,,,2024-03-16 23:25:15,2016-02-27,2016,2,NON TITO,,,JAWA TIMUR,0.75,YELLOW,7889321,AREA 3,JATIM,MALANG,TULUNGAGUNG,,,0,0,0,JAWA TIMUR,BLITAR,KANIGORO,SAWENTAR,BLITAR
2991568912,,ODP-BLR-FCB/06,-8.04546,112.195858,,,2,6,0,0,8,REGIONAL 5,KEDIRI,BLITAR,BLR,,,2024-03-16 23:25:06,2018-10-10,2018,10,NON TITO,,,JAWA TIMUR,0.75,YELLOW,405241597,AREA 3,JATIM,MALANG,TULUNGAGUNG,,,0,0,0,JAWA TIMUR,BLITAR,NGLEGOK,KRENCENG,BLITAR
3019318914,,ODP-BLR-FAA/37,-8.107375,112.123477,,,3,5,0,0,8,REGIONAL 5,KEDIRI,BLITAR,BLR,,,2024-03-16 23:28:00,2018-10-15,2018,10,NON TITO,,,JAWA TIMUR,0.625,YELLOW,405348180,AREA 3,JATIM,MALANG,TULUNGAGUNG,,,0,0,0,JAWA TIMUR,BLITAR,SANANKULON,BENDOSARI,BLITAR
2991568904,,ODP-BLR-FCB/10,-8.046549,112.205053,,,3,5,0,0,8,REGIONAL 5,KEDIRI,BLITAR,BLR,,,2024-03-16 23:24:55,2018-10-10,2018,10,NON TITO,,,JAWA TIMUR,0.625,YELLOW,405241589,AREA 3,JATIM,MALANG,TULUNGAGUNG,,,0,0,0,JAWA TIMUR,BLITAR,NGLEGOK,JIWUT,BLITAR
2986170131,,ODP-BLR-FP/91,-8.08612,112.154141,,,2,6,0,0,8,REGIONAL 5,KEDIRI,BLITAR,BLR,,,2024-03-16 23:25:47,2018-10-03,2018,10,NON TITO,,,JAWA TIMUR,0.75,YELLOW,405055723,AREA 3,JATIM,MALANG,TULUNGAGUNG,,,0,0,0,JAWA TIMUR,KOTA BLITAR,SUKOREJO,TANJUNGSARI,BLITAR
2986170122,,ODP-BLR-FP/98,-8.072746,112.141202,,,4,12,0,0,16,REGIONAL 5,KEDIRI,BLITAR,BLR,,,2024-03-16 23:26:11,2018-10-03,2018,10,NON TITO,,,JAWA TIMUR,0.75,YELLOW,405055712,AREA 3,JATIM,MALANG,TULUNGAGUNG,,,0,0,0,JAWA TIMUR,BLITAR,SANANKULON,SUMBER,BLITAR
2986170026,,ODP-BLR-FP/88,-8.089748,112.153961,,,3,5,0,0,8,REGIONAL 5,KEDIRI,BLITAR,BLR,,,2024-03-16 23:26:19,2018-10-03,2018,10,NON TITO,,,JAWA TIMUR,0.625,YELLOW,405055614,AREA 3,JATIM,MALANG,TULUNGAGUNG,,,0,0,0,JAWA TIMUR,KOTA BLITAR,SUKOREJO,TANJUNGSARI,BLITAR
130649054,,ODP-BLR-FE/10,-8.099376,112.169483,,,1,6,0,0,8,REGIONAL 5,KEDIRI,BLITAR,BLR,,,2024-03-16 23:24:50,2016-02-27,2016,2,NON TITO,,,JAWA TIMUR,0.75,YELLOW,7887785,AREA 3,JATIM,MALANG,TULUNGAGUNG,,,0,0,0,JAWA TIMUR,KOTA BLITAR,KEPANJENKIDUL,KEPANJENKIDUL,BLITAR
2986169928,,ODP-BLR-FP/97,-8.064614,112.14264,,,4,12,0,0,16,REGIONAL 5,KEDIRI,BLITAR,BLR,,,2024-03-16 23:25:12,2018-10-03,2018,10,NON TITO,,,JAWA TIMUR,0.75,YELLOW,405055483,AREA 3,JATIM,MALANG,TULUNGAGUNG,,,0,0,0,JAWA TIMUR,BLITAR,SANANKULON,SUMBER,BLITAR
2986169898,,ODP-BLR-FP/90,-8.086399,112.155737,,,6,10,0,0,16,REGIONAL 5,KEDIRI,BLITAR,BLR,,,2024-03-16 23:25:46,2018-10-03,2018,10,NON TITO,,,JAWA TIMUR,0.625,YELLOW,405055440,AREA 3,JATIM,MALANG,TULUNGAGUNG,,,0,0,0,JAWA TIMUR,KOTA BLITAR,SUKOREJO,TANJUNGSARI,BLITAR
2985268570,,ODP-BLR-FP/92,-8.085636,112.150916,,,2,6,0,0,8,REGIONAL 5,KEDIRI,BLITAR,BLR,,,2024-03-16 23:22:21,2018-10-04,2018,10,NON TITO,,,JAWA TIMUR,0.75,YELLOW,405055944,AREA 3,JATIM,MALANG,TULUNGAGUNG,,,0,0,0,JAWA TIMUR,KOTA BLITAR,SUKOREJO,TANJUNGSARI,BLITAR
3156119253,,ODP-BLR-FBA/10,-8.103419,112.175676,,,7,9,0,0,16,REGIONAL 5,KEDIRI,BLITAR,BLR,,,2024-03-16 23:29:18,2018-12-07,2018,12,NON TITO,,,JAWA TIMUR,0.5625,YELLOW,407037372,AREA 3,JATIM,MALANG,TULUNGAGUNG,,,0,0,0,JAWA TIMUR,KOTA BLITAR,SANANWETAN,SANANWETAN,BLITAR
3019319004,,ODP-BLR-FAA/39,-8.110019,112.119107,,,4,4,0,0,8,REGIONAL 5,KEDIRI,BLITAR,BLR,,,2024-03-16 23:27:00,2018-10-15,2018,10,NON TITO,,,JAWA TIMUR,0.5,YELLOW,405348224,AREA 3,JATIM,MALANG,TULUNGAGUNG,,,0,0,0,JAWA TIMUR,BLITAR,SANANKULON,BENDOSARI,BLITAR
3020371723,,ODP-WGI-FY/14,-8.080033,112.330964,,,2,6,0,0,8,REGIONAL 5,KEDIRI,BLITAR,WGI,,,2024-03-16 23:28:55,2018-10-16,2018,10,NON TITO,,,JAWA TIMUR,0.75,YELLOW,405354309,AREA 3,JATIM,MALANG,TULUNGAGUNG,,,0,0,0,JAWA TIMUR,BLITAR,WLINGI,WLINGI,BLITAR
130654552,,ODP-BLR-FS/06,-8.084028,112.175749,,,7,9,0,0,16,REGIONAL 5,KEDIRI,BLITAR,BLR,,,2024-03-16 23:26:18,2016-02-27,2016,2,NON TITO,,,JAWA TIMUR,0.5625,YELLOW,7893251,AREA 3,JATIM,MALANG,TULUNGAGUNG,,,0,0,0,JAWA TIMUR,KOTA BLITAR,KEPANJENKIDUL,SENTUL,BLITAR
3019318868,,ODP-BLR-FAA/47,-8.099327,112.136039,,,8,8,0,0,16,REGIONAL 5,KEDIRI,BLITAR,BLR,,,2024-03-16 23:28:05,2018-10-15,2018,10,NON TITO,,,JAWA TIMUR,0.5,YELLOW,405613063,AREA 3,JATIM,MALANG,TULUNGAGUNG,,,0,0,0,JAWA TIMUR,BLITAR,SANANKULON,SANANKULON,BLITAR
3019318795,,ODP-BLR-FAA/38,-8.110281,112.120789,,,2,6,0,0,8,REGIONAL 5,KEDIRI,BLITAR,BLR,,,2024-03-16 23:27:59,2018-10-15,2018,10,NON TITO,,,JAWA TIMUR,0.75,YELLOW,405613031,AREA 3,JATIM,MALANG,TULUNGAGUNG,,,0,0,0,JAWA TIMUR,BLITAR,SANANKULON,BENDOSARI,BLITAR
3020372090,,ODP-WGI-FY/18,-8.079725,112.334414,,,3,5,0,0,8,REGIONAL 5,KEDIRI,BLITAR,WGI,,,2024-03-16 23:28:50,2018-10-16,2018,10,NON TITO,,,JAWA TIMUR,0.625,YELLOW,405354618,AREA 3,JATIM,MALANG,TULUNGAGUNG,,,0,0,0,JAWA TIMUR,BLITAR,WLINGI,WLINGI,BLITAR
3020372085,,ODP-WGI-FY/22,-8.079001,112.331659,,,3,5,0,0,8,REGIONAL 5,KEDIRI,BLITAR,WGI,,,2024-03-16 23:27:10,2018-10-16,2018,10,NON TITO,,,JAWA TIMUR,0.625,YELLOW,405354615,AREA 3,JATIM,MALANG,TULUNGAGUNG,,,0,0,0,JAWA TIMUR,BLITAR,WLINGI,WLINGI,BLITAR
3020371993,,ODP-WGI-FY/10,-8.082297,112.329459,,,2,6,0,0,8,REGIONAL 5,KEDIRI,BLITAR,WGI,,,2024-03-16 23:29:08,2018-10-16,2018,10,NON TITO,,,JAWA TIMUR,0.75,YELLOW,405354525,AREA 3,JATIM,MALANG,TULUNGAGUNG,,,0,0,0,JAWA TIMUR,BLITAR,WLINGI,WLINGI,BLITAR
3019319007,,ODP-BLR-FAA/40,-8.10811,112.119503,,,2,6,0,0,8,REGIONAL 5,KEDIRI,BLITAR,BLR,,,2024-03-16 23:26:55,2018-10-15,2018,10,NON TITO,,,JAWA TIMUR,0.75,YELLOW,405348226,AREA 3,JATIM,MALANG,TULUNGAGUNG,,,0,0,0,JAWA TIMUR,BLITAR,SANANKULON,BENDOSARI,BLITAR
130651549,,ODP-BLR-FE/07,-8.0978,112.1676,,,4,9,0,0,16,REGIONAL 5,KEDIRI,BLITAR,BLR,,,2024-03-16 23:25:22,2016-02-27,2016,2,NON TITO,,,JAWA TIMUR,0.5625,YELLOW,7890267,AREA 3,JATIM,MALANG,TULUNGAGUNG,,,0,0,0,JAWA TIMUR,KOTA BLITAR,KEPANJENKIDUL,KEPANJENLOR,BLITAR
3020371962,,ODP-WGI-FY/21,-8.078782,112.333165,,,2,6,0,0,8,REGIONAL 5,KEDIRI,BLITAR,WGI,,,2024-03-16 23:28:58,2018-10-16,2018,10,NON TITO,,,JAWA TIMUR,0.75,YELLOW,405354497,AREA 3,JATIM,MALANG,TULUNGAGUNG,,,0,0,0,JAWA TIMUR,BLITAR,WLINGI,WLINGI,BLITAR
3020371957,,ODP-WGI-FY/19,-8.079155,112.333779,,,4,12,0,0,16,REGIONAL 5,KEDIRI,BLITAR,WGI,,,2024-03-16 23:28:59,2018-10-16,2018,10,NON TITO,,,JAWA TIMUR,0.75,YELLOW,405354494,AREA 3,JATIM,MALANG,TULUNGAGUNG,,,0,0,0,JAWA TIMUR,BLITAR,WLINGI,WLINGI,BLITAR
3020371851,,ODP-WGI-FY/11,-8.082098,112.328498,,,3,5,0,0,8,REGIONAL 5,KEDIRI,BLITAR,WGI,,,2024-03-16 23:28:28,2018-10-16,2018,10,NON TITO,,,JAWA TIMUR,0.625,YELLOW,405354399,AREA 3,JATIM,MALANG,TULUNGAGUNG,,,0,0,0,JAWA TIMUR,BLITAR,WLINGI,WLINGI,BLITAR
3020371823,,ODP-WGI-FY/15,-8.079879,112.330272,,,3,5,0,0,8,REGIONAL 5,KEDIRI,BLITAR,WGI,,,2024-03-16 23:28:53,2018-10-16,2018,10,NON TITO,,,JAWA TIMUR,0.625,YELLOW,405354382,AREA 3,JATIM,MALANG,TULUNGAGUNG,,,0,0,0,JAWA TIMUR,BLITAR,WLINGI,WLINGI,BLITAR
3020371802,,ODP-WGI-FY/04,-8.0726,112.331561,,,7,9,0,0,16,REGIONAL 5,KEDIRI,BLITAR,WGI,,,2024-03-16 23:28:39,2018-10-16,2018,10,NON TITO,,,JAWA TIMUR,0.5625,YELLOW,405354371,AREA 3,JATIM,MALANG,TULUNGAGUNG,,,0,0,0,JAWA TIMUR,BLITAR,WLINGI,WLINGI,BLITAR
3020371728,,ODP-WGI-FY/02,-8.070331,112.334275,,,3,5,0,0,8,REGIONAL 5,KEDIRI,BLITAR,WGI,,,2024-03-16 23:28:55,2018-10-16,2018,10,NON TITO,,,JAWA TIMUR,0.625,YELLOW,405354313,AREA 3,JATIM,MALANG,TULUNGAGUNG,,,0,0,0,JAWA TIMUR,BLITAR,WLINGI,TEMBALANG,BLITAR
3020371967,,ODP-WGI-FY/17,-8.07964,112.335073,,,4,12,0,0,16,REGIONAL 5,KEDIRI,BLITAR,WGI,,,2024-03-16 23:28:49,2018-10-16,2018,10,NON TITO,,,JAWA TIMUR,0.75,YELLOW,405354500,AREA 3,JATIM,MALANG,TULUNGAGUNG,,,0,0,0,JAWA TIMUR,BLITAR,WLINGI,WLINGI,BLITAR
3173518630,,ODP-PAN-FA/15,-8.018333,112.224027,,,3,5,0,0,8,REGIONAL 5,KEDIRI,BLITAR,PAN,,,2024-03-16 23:24:15,2018-12-11,2018,12,NON TITO,,,JAWA TIMUR,0.625,YELLOW,407049916,AREA 3,JATIM,MALANG,TULUNGAGUNG,,,0,0,0,JAWA TIMUR,BLITAR,NGLEGOK,MODANGAN,BLITAR
3173518899,,ODP-PAN-FA/16,-8.018207,112.22365,,,3,5,0,0,8,REGIONAL 5,KEDIRI,BLITAR,PAN,,,2024-03-16 23:24:17,2018-12-11,2018,12,NON TITO,,,JAWA TIMUR,0.625,YELLOW,407050077,AREA 3,JATIM,MALANG,TULUNGAGUNG,,,0,0,0,JAWA TIMUR,BLITAR,NGLEGOK,MODANGAN,BLITAR
3173519057,,ODP-PAN-FD/16,-8.036958,112.212103,,,2,5,0,0,8,REGIONAL 5,KEDIRI,BLITAR,PAN,,,2024-03-16 23:24:27,2018-12-11,2018,12,NON TITO,,,JAWA TIMUR,0.625,YELLOW,407050171,AREA 3,JATIM,MALANG,TULUNGAGUNG,,,0,0,0,JAWA TIMUR,BLITAR,NGLEGOK,NGLEGOK,BLITAR
130657208,,ODP-BLR-FF/16,-8.105731,112.158285,,,5,11,0,0,16,REGIONAL 5,KEDIRI,BLITAR,BLR,,,2024-03-16 23:27:00,2016-02-27,2016,2,NON TITO,,,JAWA TIMUR,0.6875,YELLOW,7895515,AREA 3,JATIM,MALANG,TULUNGAGUNG,,,0,0,0,JAWA TIMUR,KOTA BLITAR,SUKOREJO,TURI,BLITAR
3204646926,,ODP-KBN-FD/29,-8.13807,112.331522,,,3,5,0,0,8,REGIONAL 5,KEDIRI,BLITAR,KBN,,,2024-03-16 23:28:15,2018-12-28,2018,12,NON TITO,,,JAWA TIMUR,0.625,YELLOW,408391120,AREA 3,JATIM,MALANG,TULUNGAGUNG,,,0,0,0,JAWA TIMUR,BLITAR,KESAMBEN,SIRAMAN,BLITAR
3204646901,,ODP-KBN-FK/24,-8.176005,112.332578,,,2,6,0,0,8,REGIONAL 5,KEDIRI,BLITAR,KBN,,,2024-03-16 23:27:49,2018-12-28,2018,12,NON TITO,,,JAWA TIMUR,0.75,YELLOW,408391105,AREA 3,JATIM,MALANG,TULUNGAGUNG,,,0,0,0,JAWA TIMUR,BLITAR,KESAMBEN,JUGO,BLITAR
3204646854,,ODP-KBN-FK/23,-8.175344,112.328864,,,4,4,0,0,8,REGIONAL 5,KEDIRI,BLITAR,KBN,,,2024-03-16 23:28:15,2018-12-28,2018,12,NON TITO,,,JAWA TIMUR,0.5,YELLOW,408391077,AREA 3,JATIM,MALANG,TULUNGAGUNG,,,0,0,0,JAWA TIMUR,BLITAR,KESAMBEN,JUGO,BLITAR
3204646844,,ODP-KBN-FK/18,-8.174971,112.342072,,,4,4,0,0,8,REGIONAL 5,KEDIRI,BLITAR,KBN,,,2024-03-16 23:28:28,2018-12-28,2018,12,NON TITO,,,JAWA TIMUR,0.5,YELLOW,408391071,AREA 3,JATIM,MALANG,TULUNGAGUNG,,,0,0,0,JAWA TIMUR,BLITAR,BINANGUN,TAWANG REJO,BLITAR
3204646839,,ODP-KBN-FK/22,-8.172871,112.329265,,,4,4,0,0,8,REGIONAL 5,KEDIRI,BLITAR,KBN,,,2024-03-16 23:27:12,2018-12-28,2018,12,NON TITO,,,JAWA TIMUR,0.5,YELLOW,408391068,AREA 3,JATIM,MALANG,TULUNGAGUNG,,,0,0,0,JAWA TIMUR,BLITAR,KESAMBEN,JUGO,BLITAR
130657237,,ODP-BLR-FF/08,-8.104,112.1654,,,2,6,0,0,8,REGIONAL 5,KEDIRI,BLITAR,BLR,,,2024-03-16 23:26:16,2016-02-27,2016,2,NON TITO,,,JAWA TIMUR,0.75,YELLOW,7895539,AREA 3,JATIM,MALANG,TULUNGAGUNG,,,0,0,0,JAWA TIMUR,KOTA BLITAR,KEPANJENKIDUL,KEPANJENKIDUL,BLITAR
3204646749,,ODP-KBN-FK/09,-8.185981,112.335262,,,2,6,0,0,8,REGIONAL 5,KEDIRI,BLITAR,KBN,,,2024-03-16 23:26:46,2018-12-28,2018,12,NON TITO,,,JAWA TIMUR,0.75,YELLOW,408391014,AREA 3,JATIM,MALANG,TULUNGAGUNG,,,0,0,0,JAWA TIMUR,BLITAR,BINANGUN,TAWANGREJO,BLITAR
3204646739,,ODP-KBN-FK/12,-8.180985,112.335006,,,3,5,0,0,8,REGIONAL 5,KEDIRI,BLITAR,KBN,,,2024-03-16 23:28:15,2018-12-28,2018,12,NON TITO,,,JAWA TIMUR,0.625,YELLOW,408391008,AREA 3,JATIM,MALANG,TULUNGAGUNG,,,0,0,0,JAWA TIMUR,BLITAR,BINANGUN,TAWANGREJO,BLITAR
3204646734,,ODP-KBN-FK/11,-8.183285,112.33516,,,7,9,0,0,16,REGIONAL 5,KEDIRI,BLITAR,KBN,,,2024-03-16 23:27:14,2018-12-28,2018,12,NON TITO,,,JAWA TIMUR,0.5625,YELLOW,408391005,AREA 3,JATIM,MALANG,TULUNGAGUNG,,,0,0,0,JAWA TIMUR,BLITAR,BINANGUN,TAWANGREJO,BLITAR
130656823,,ODP-BLR-FK/05,-8.112,112.1773,,,3,5,0,0,8,REGIONAL 5,KEDIRI,BLITAR,BLR,,,2024-03-16 23:26:55,2016-02-27,2016,2,NON TITO,,,JAWA TIMUR,0.625,YELLOW,7895200,AREA 3,JATIM,MALANG,TULUNGAGUNG,,,0,0,0,JAWA TIMUR,KOTA BLITAR,SANANWETAN,KARANGTENGAH,BLITAR
3204646649,,ODP-KBN-FK/17,-8.172858,112.342612,,,3,5,0,0,8,REGIONAL 5,KEDIRI,BLITAR,KBN,,,2024-03-16 23:21:09,2018-12-28,2018,12,NON TITO,,,JAWA TIMUR,0.625,YELLOW,408390954,AREA 3,JATIM,MALANG,TULUNGAGUNG,,,0,0,0,JAWA TIMUR,BLITAR,BINANGUN,TAWANG REJO,BLITAR
3204646644,,ODP-KBN-FK/20,-8.174092,112.335211,,,6,10,0,0,16,REGIONAL 5,KEDIRI,BLITAR,KBN,,,2024-03-16 23:28:11,2018-12-28,2018,12,NON TITO,,,JAWA TIMUR,0.625,YELLOW,408390951,AREA 3,JATIM,MALANG,TULUNGAGUNG,,,0,0,0,JAWA TIMUR,BLITAR,KESAMBEN,JUGO,BLITAR
130656601,,ODP-SNT-FCLC/01,-8.061,112.0674,,,8,8,0,0,16,REGIONAL 5,KEDIRI,BLITAR,SNT,,,2024-03-16 23:26:53,2016-02-27,2016,2,NON TITO,,,JAWA TIMUR,0.5,YELLOW,7895025,AREA 3,JATIM,MALANG,TULUNGAGUNG,,,0,0,0,JAWA TIMUR,BLITAR,SRENGAT,DANDONG,BLITAR
3204646744,,ODP-KBN-FK/04,-8.195709,112.33499,,,7,9,0,0,16,REGIONAL 5,KEDIRI,BLITAR,KBN,,,2024-03-16 23:28:23,2018-12-28,2018,12,NON TITO,,,JAWA TIMUR,0.5625,YELLOW,408391011,AREA 3,JATIM,MALANG,TULUNGAGUNG,,,0,0,0,JAWA TIMUR,BLITAR,BINANGUN,REJOSO,BLITAR
3207796010,,ODP-KBN-FA/31,-8.127914,112.372464,,,2,6,0,0,8,REGIONAL 5,KEDIRI,BLITAR,KBN,,,2024-03-16 23:29:03,2018-12-28,2018,12,NON TITO,,,JAWA TIMUR,0.75,YELLOW,408390778,AREA 3,JATIM,MALANG,TULUNGAGUNG,,,0,0,0,JAWA TIMUR,BLITAR,KESAMBEN,PAGERWOJO,BLITAR
3204646991,,ODP-KBN-FK/03,-8.197407,112.334966,,,3,5,0,0,8,REGIONAL 5,KEDIRI,BLITAR,KBN,,,2024-03-16 23:28:24,2018-12-28,2018,12,NON TITO,,,JAWA TIMUR,0.625,YELLOW,408391159,AREA 3,JATIM,MALANG,TULUNGAGUNG,,,0,0,0,JAWA TIMUR,BLITAR,BINANGUN,REJOSO,BLITAR
3204647021,,ODP-KBN-FD/28,-8.136434,112.331568,,,4,4,0,0,8,REGIONAL 5,KEDIRI,BLITAR,KBN,,,2024-03-16 23:28:16,2018-12-28,2018,12,NON TITO,,,JAWA TIMUR,0.5,YELLOW,408391177,AREA 3,JATIM,MALANG,TULUNGAGUNG,,,0,0,0,JAWA TIMUR,BLITAR,KESAMBEN,SIRAMAN,BLITAR
3512443865,,ODP-BLR-FAU/19,-8.070516,112.22004,,,5,11,0,0,16,REGIONAL 5,KEDIRI,BLITAR,BLR,,,2024-03-16 23:25:39,2019-04-05,2019,4,NON TITO,,,JAWA TIMUR,0.6875,YELLOW,627016267,AREA 3,JATIM,MALANG,TULUNGAGUNG,,,0,0,0,JAWA TIMUR,BLITAR,GARUM,TAWANGSARI,BLITAR
3414195620,,ODP-BLR-FAW/35,-8.144002,112.227221,,,5,11,0,0,16,REGIONAL 5,KEDIRI,BLITAR,BLR,,,2024-03-16 23:24:54,2019-03-04,2019,3,NON TITO,,,JAWA TIMUR,0.6875,YELLOW,583066880,AREA 3,JATIM,MALANG,TULUNGAGUNG,,,0,0,0,JAWA TIMUR,BLITAR,KANIGORO,SATREYAN,BLITAR
130658941,,ODP-SNT-FA/04,-8.0483,112.0044,,,2,11,0,0,16,REGIONAL 5,KEDIRI,BLITAR,SNT,,,2024-03-16 23:26:29,2016-02-27,2016,2,NON TITO,,,JAWA TIMUR,0.6875,YELLOW,7896891,AREA 3,JATIM,MALANG,TULUNGAGUNG,,,0,0,0,JAWA TIMUR,BLITAR,WONODADI,PIKATAN,BLITAR
130658718,,ODP-BLR-FK/17,-8.1012,112.182,,,6,10,0,0,16,REGIONAL 5,KEDIRI,BLITAR,BLR,,,2024-03-16 23:26:53,2016-02-27,2016,2,NON TITO,,,JAWA TIMUR,0.625,YELLOW,7896712,AREA 3,JATIM,MALANG,TULUNGAGUNG,,,0,0,0,JAWA TIMUR,KOTA BLITAR,SANANWETAN,SANANWETAN,BLITAR
3273794352,,ODP-BLR-FT/39,-8.085944,112.175932,,,5,11,0,0,16,REGIONAL 5,KEDIRI,BLITAR,BLR,,,2024-03-16 23:23:53,2019-01-18,2019,1,NON TITO,,,JAWA TIMUR,0.6875,YELLOW,473942421,AREA 3,JATIM,MALANG,TULUNGAGUNG,,,0,0,0,JAWA TIMUR,KOTA BLITAR,SANANWETAN,BENDOGERIT,BLITAR
130658632,,ODP-BLR-FE/13,-8.1012,112.1664,,,5,11,0,0,16,REGIONAL 5,KEDIRI,BLITAR,BLR,,,2024-03-16 23:27:11,2016-02-27,2016,2,NON TITO,,,JAWA TIMUR,0.6875,YELLOW,7896644,AREA 3,JATIM,MALANG,TULUNGAGUNG,,,0,0,0,JAWA TIMUR,KOTA BLITAR,KEPANJENKIDUL,KEPANJENKIDUL,BLITAR
130657482,,ODP-BLR-FH/07,-8.11,112.17032,,,4,7,0,0,16,REGIONAL 5,KEDIRI,BLITAR,BLR,,,2024-03-16 23:24:19,2016-02-27,2016,2,NON TITO,,,JAWA TIMUR,0.4375,YELLOW,7895738,AREA 3,JATIM,MALANG,TULUNGAGUNG,,,0,0,0,JAWA TIMUR,KOTA BLITAR,SANANWETAN,SANANWETAN,BLITAR
130658329,,ODP-SNT-FA/08,-8.0606,112.0589,,,4,4,0,0,8,REGIONAL 5,KEDIRI,BLITAR,SNT,,,2024-03-16 23:27:17,2016-02-27,2016,2,NON TITO,,,JAWA TIMUR,0.5,YELLOW,7896408,AREA 3,JATIM,MALANG,TULUNGAGUNG,,,0,0,0,JAWA TIMUR,BLITAR,SRENGAT,TOGOGAN,BLITAR
3210270526,,ODP-LDY-FD/19,-8.181318,112.255579,,,8,8,0,0,16,REGIONAL 5,KEDIRI,BLITAR,LDY,,,2024-03-16 23:25:09,2019-01-17,2019,1,NON TITO,,,JAWA TIMUR,0.5,YELLOW,451747467,AREA 3,JATIM,MALANG,TULUNGAGUNG,,,0,0,0,JAWA TIMUR,BLITAR,SUTOJAYAN,SUKOREJO,BLITAR
3210270521,,ODP-LDY-FD/17,-8.178723,112.252669,,,9,7,0,0,16,REGIONAL 5,KEDIRI,BLITAR,LDY,,,2024-03-16 23:26:00,2019-01-17,2019,1,NON TITO,,,JAWA TIMUR,0.4375,YELLOW,451747464,AREA 3,JATIM,MALANG,TULUNGAGUNG,,,0,0,0,JAWA TIMUR,BLITAR,SUTOJAYAN,SUKOREJO,BLITAR
130657972,,ODP-LDY-FA/01,-8.155,112.2181,,,4,12,0,0,16,REGIONAL 5,KEDIRI,BLITAR,LDY,,,2024-03-16 23:27:08,2016-02-27,2016,2,NON TITO,,,JAWA TIMUR,0.75,YELLOW,7896126,AREA 3,JATIM,MALANG,TULUNGAGUNG,,,0,0,0,JAWA TIMUR,BLITAR,SUTOJAYAN,KEMBANGARUM,BLITAR
130657794,,ODP-BLR-FN/10,-8.1011,112.171,,,2,6,0,0,8,REGIONAL 5,KEDIRI,BLITAR,BLR,,,2024-03-16 23:26:21,2016-02-27,2016,2,NON TITO,,,JAWA TIMUR,0.75,YELLOW,7895984,AREA 3,JATIM,MALANG,TULUNGAGUNG,,,0,0,0,JAWA TIMUR,KOTA BLITAR,KEPANJENKIDUL,KEPANJENKIDUL,BLITAR
3206599201,,ODP-KBN-FE/16,-8.163026,112.36269,,,3,5,0,0,8,REGIONAL 5,KEDIRI,BLITAR,KBN,,,2024-03-16 23:25:04,2018-12-28,2018,12,NON TITO,,,JAWA TIMUR,0.625,YELLOW,408392220,AREA 3,JATIM,MALANG,TULUNGAGUNG,,,0,0,0,JAWA TIMUR,BLITAR,KESAMBEN,JUGO,BLITAR
130657768,,ODP-BLR-FF/18,-8.103013,112.15898,,,3,4,0,0,8,REGIONAL 5,KEDIRI,BLITAR,BLR,,,2024-03-16 23:26:25,2016-02-27,2016,2,NON TITO,,,JAWA TIMUR,0.5,YELLOW,7895963,AREA 3,JATIM,MALANG,TULUNGAGUNG,,,0,0,0,JAWA TIMUR,KOTA BLITAR,SUKOREJO,TURI,BLITAR
130658138,,ODP-WGI-FA/03,-8.0906,112.2859,,,1,5,0,0,8,REGIONAL 5,KEDIRI,BLITAR,WGI,,,2024-03-16 23:26:53,2016-02-27,2016,2,NON TITO,,,JAWA TIMUR,0.625,YELLOW,7896258,AREA 3,JATIM,MALANG,TULUNGAGUNG,,,0,0,0,JAWA TIMUR,BLITAR,TALUN,TALUN,BLITAR
2986169890,,ODP-BLR-FP/103,-8.089658,112.136014,,,6,10,0,0,16,REGIONAL 5,KEDIRI,BLITAR,BLR,,,2024-03-16 23:21:04,2018-10-03,2018,10,NON TITO,,,JAWA TIMUR,0.625,YELLOW,405055427,AREA 3,JATIM,MALANG,TULUNGAGUNG,,,0,0,0,JAWA TIMUR,KOTA BLITAR,SUKOREJO,PAKUNDEN,BLITAR
3207794721,,ODP-KBN-FF/11,-8.074242,112.410586,,,9,7,0,0,16,REGIONAL 5,KEDIRI,BLITAR,KBN,,,2024-03-16 23:29:00,2018-12-28,2018,12,NON TITO,,,JAWA TIMUR,0.4375,YELLOW,408390133,AREA 3,JATIM,MALANG,TULUNGAGUNG,,,0,0,0,JAWA TIMUR,BLITAR,KESAMBEN,KEMIRIGEDE,BLITAR
130656255,,ODP-BLR-FC/04,-8.1004,112.18137,,,5,11,0,0,16,REGIONAL 5,KEDIRI,BLITAR,BLR,,,2024-03-16 23:26:48,2016-02-27,2016,2,NON TITO,,,JAWA TIMUR,0.6875,YELLOW,7894747,AREA 3,JATIM,MALANG,TULUNGAGUNG,,,0,0,0,JAWA TIMUR,KOTA BLITAR,SANANWETAN,SANANWETAN,BLITAR
3175174221,,ODP-BLR-FAG/14,-8.098203,112.174302,,,3,5,0,0,8,REGIONAL 5,KEDIRI,BLITAR,BLR,,,2024-03-16 23:28:32,2018-12-16,2018,12,NON TITO,,,JAWA TIMUR,0.625,YELLOW,407081795,AREA 3,JATIM,MALANG,TULUNGAGUNG,,,0,0,0,JAWA TIMUR,KOTA BLITAR,SANANWETAN,SANANWETAN,BLITAR
3187018528,,ODP-LDY-FD/12,-8.228558,112.281507,,,2,6,0,0,8,REGIONAL 5,KEDIRI,BLITAR,LDY,,,2024-03-16 23:25:47,2018-12-16,2018,12,NON TITO,,,JAWA TIMUR,0.75,YELLOW,407080439,AREA 3,JATIM,MALANG,TULUNGAGUNG,,,0,0,0,JAWA TIMUR,BLITAR,PANGGUNGREJO,PANGGUNG REJO,BLITAR
3174568868,,ODP-BLR-FM/40,-8.088231,112.186163,,,5,11,0,0,16,REGIONAL 5,KEDIRI,BLITAR,BLR,,,2024-03-16 23:24:44,2018-12-15,2018,12,NON TITO,,,JAWA TIMUR,0.6875,YELLOW,407078930,AREA 3,JATIM,MALANG,TULUNGAGUNG,,,0,0,0,JAWA TIMUR,KOTA BLITAR,SANANWETAN,GEDOG,BLITAR
3174568818,,ODP-WGI-FD/29,-8.097799,112.335943,,,3,5,0,0,8,REGIONAL 5,KEDIRI,BLITAR,WGI,,,2024-03-16 23:24:41,2018-12-15,2018,12,NON TITO,,,JAWA TIMUR,0.625,YELLOW,407078884,AREA 3,JATIM,MALANG,TULUNGAGUNG,,,0,0,0,JAWA TIMUR,BLITAR,WLINGI,KLEMUNAN,BLITAR
130655923,,ODP-BLR-FK/08,-8.1074,112.1779,,,5,10,0,0,16,REGIONAL 5,KEDIRI,BLITAR,BLR,,,2024-03-16 23:26:01,2016-02-27,2016,2,NON TITO,,,JAWA TIMUR,0.625,YELLOW,7894476,AREA 3,JATIM,MALANG,TULUNGAGUNG,,,0,0,0,JAWA TIMUR,KOTA BLITAR,SANANWETAN,SANANWETAN,BLITAR
3184169164,,ODP-WGI-FC/27,-8.075066,112.328187,,,4,12,0,0,16,REGIONAL 5,KEDIRI,BLITAR,WGI,,,2024-03-16 23:26:01,2018-12-15,2018,12,NON TITO,,,JAWA TIMUR,0.75,YELLOW,407077849,AREA 3,JATIM,MALANG,TULUNGAGUNG,,,0,0,0,JAWA TIMUR,BLITAR,WLINGI,BABADAN,BLITAR
3187018786,,ODP-WGI-FV/08,-8.074358,112.311274,,,3,5,0,0,8,REGIONAL 5,KEDIRI,BLITAR,WGI,,,2024-03-16 23:25:45,2018-12-16,2018,12,NON TITO,,,JAWA TIMUR,0.625,YELLOW,407081930,AREA 3,JATIM,MALANG,TULUNGAGUNG,,,0,0,0,JAWA TIMUR,BLITAR,TALUN,KAWERON,BLITAR
130655922,,ODP-BLR-FQ/13,-8.0929,112.1716,,,8,8,0,0,16,REGIONAL 5,KEDIRI,BLITAR,BLR,,,2024-03-16 23:26:50,2016-02-27,2016,2,NON TITO,,,JAWA TIMUR,0.5,YELLOW,7894475,AREA 3,JATIM,MALANG,TULUNGAGUNG,,,0,0,0,JAWA TIMUR,KOTA BLITAR,KEPANJENKIDUL,KEPANJENLOR,BLITAR
3173969957,,ODP-BLR-FB/42,-8.14671,112.14406,,,2,6,0,0,8,REGIONAL 5,KEDIRI,BLITAR,BLR,,,2024-03-16 23:22:20,2018-12-14,2018,12,NON TITO,,,JAWA TIMUR,0.75,YELLOW,407070630,AREA 3,JATIM,MALANG,TULUNGAGUNG,,,0,0,0,JAWA TIMUR,BLITAR,KADEMANGAN,KADEMANGAN,BLITAR
130655790,,ODP-BLR-FQ/15,-8.0924,112.1701,,,5,11,0,0,16,REGIONAL 5,KEDIRI,BLITAR,BLR,,,2024-03-16 23:26:18,2016-02-27,2016,2,NON TITO,,,JAWA TIMUR,0.6875,YELLOW,7894366,AREA 3,JATIM,MALANG,TULUNGAGUNG,,,0,0,0,JAWA TIMUR,KOTA BLITAR,KEPANJENKIDUL,KEPANJENLOR,BLITAR
130655769,,ODP-BLR-FG/05,-8.1292,112.1557,,,2,5,0,0,8,REGIONAL 5,KEDIRI,BLITAR,BLR,,,2024-03-16 23:25:47,2016-02-27,2016,2,NON TITO,,,JAWA TIMUR,0.625,YELLOW,7894350,AREA 3,JATIM,MALANG,TULUNGAGUNG,,,0,0,0,JAWA TIMUR,BLITAR,SANANKULON,PLOSOARANG,BLITAR
3175169156,,ODP-WGI-FA/58,-8.088853,112.295029,,,4,4,0,0,8,REGIONAL 5,KEDIRI,BLITAR,WGI,,,2024-03-16 23:27:07,2018-12-11,2018,12,NON TITO,,,JAWA TIMUR,0.5,YELLOW,407053313,AREA 3,JATIM,MALANG,TULUNGAGUNG,,,0,0,0,JAWA TIMUR,BLITAR,TALUN,BAJANG,BLITAR
3173594642,,ODP-LDY-FA/55,-8.193869,112.230579,,,4,4,0,0,8,REGIONAL 5,KEDIRI,BLITAR,LDY,,,2024-03-16 23:26:46,2018-12-11,2018,12,NON TITO,,,JAWA TIMUR,0.5,YELLOW,407050804,AREA 3,JATIM,MALANG,TULUNGAGUNG,,,0,0,0,JAWA TIMUR,BLITAR,SUTOJAYAN,BACEM,BLITAR
3173594602,,ODP-LDY-FA/54,-8.170218,112.215882,,,3,5,0,0,8,REGIONAL 5,KEDIRI,BLITAR,LDY,,,2024-03-16 23:26:00,2018-12-11,2018,12,NON TITO,,,JAWA TIMUR,0.625,YELLOW,407050792,AREA 3,JATIM,MALANG,TULUNGAGUNG,,,0,0,0,JAWA TIMUR,BLITAR,SUTOJAYAN,KALIPANG,BLITAR
130655819,,ODP-BLR-FS/04,-8.08272,112.1115,,,5,11,0,0,16,REGIONAL 5,KEDIRI,BLITAR,BLR,,,2024-03-16 23:26:45,2016-02-27,2016,2,NON TITO,,,JAWA TIMUR,0.6875,YELLOW,7894390,AREA 3,JATIM,MALANG,TULUNGAGUNG,,,0,0,0,JAWA TIMUR,BLITAR,PONGGOK,BENDO,BLITAR
130656508,,ODP-BLR-FK/03,-8.1032,112.1786,,,3,11,0,0,16,REGIONAL 5,KEDIRI,BLITAR,BLR,,,2024-03-16 23:26:48,2016-02-27,2016,2,NON TITO,,,JAWA TIMUR,0.6875,YELLOW,7894952,AREA 3,JATIM,MALANG,TULUNGAGUNG,,,0,0,0,JAWA TIMUR,KOTA BLITAR,SANANWETAN,SANANWETAN,BLITAR
3173594597,,ODP-LDY-FA/56,-8.192051,112.230571,,,4,12,0,0,16,REGIONAL 5,KEDIRI,BLITAR,LDY,,,2024-03-16 23:26:46,2018-12-11,2018,12,NON TITO,,,JAWA TIMUR,0.75,YELLOW,407118152,AREA 3,JATIM,MALANG,TULUNGAGUNG,,,0,0,0,JAWA TIMUR,BLITAR,SUTOJAYAN,BACEM,BLITAR
3173594687,,ODP-LDY-FA/57,-8.190373,112.222863,,,4,4,0,0,8,REGIONAL 5,KEDIRI,BLITAR,LDY,,,2024-03-16 23:26:51,2018-12-11,2018,12,NON TITO,,,JAWA TIMUR,0.5,YELLOW,407118179,AREA 3,JATIM,MALANG,TULUNGAGUNG,,,0,0,0,JAWA TIMUR,BLITAR,SUTOJAYAN,SUTOJAYAN,BLITAR
3207795907,,ODP-KBN-FA/35,-8.135123,112.364073,,,2,5,0,0,8,REGIONAL 5,KEDIRI,BLITAR,KBN,,,2024-03-16 23:28:58,2018-12-28,2018,12,NON TITO,,,JAWA TIMUR,0.625,YELLOW,408317446,AREA 3,JATIM,MALANG,TULUNGAGUNG,,,0,0,0,JAWA TIMUR,BLITAR,KESAMBEN,KESAMBEN,BLITAR
3204495106,,ODP-BLR-FG/39,-8.116238,112.163006,,,2,6,0,0,8,REGIONAL 5,KEDIRI,BLITAR,BLR,,,2024-03-16 23:23:26,2018-12-21,2018,12,NON TITO,,,JAWA TIMUR,0.75,YELLOW,407362125,AREA 3,JATIM,MALANG,TULUNGAGUNG,,,0,0,0,JAWA TIMUR,KOTA BLITAR,SANANWETAN,PLOSOKEREP,BLITAR
130656128,,ODP-BLR-FM/07,-8.089,112.1876,,,3,5,0,0,8,REGIONAL 5,KEDIRI,BLITAR,BLR,,,2024-03-16 23:26:58,2016-02-27,2016,2,NON TITO,,,JAWA TIMUR,0.625,YELLOW,7894645,AREA 3,JATIM,MALANG,TULUNGAGUNG,,,0,0,0,JAWA TIMUR,KOTA BLITAR,SANANWETAN,GEDOG,BLITAR
130656119,,ODP-SNT-FCLK/01,-8.062717,112.067783,,,9,7,0,0,16,REGIONAL 5,KEDIRI,BLITAR,SNT,,,2024-03-16 23:26:50,2016-02-27,2016,2,NON TITO,,,JAWA TIMUR,0.4375,YELLOW,7894637,AREA 3,JATIM,MALANG,TULUNGAGUNG,,,0,0,0,JAWA TIMUR,BLITAR,SRENGAT,DANDONG,BLITAR
3192569088,,ODP-BLR-FAF/13,-8.1083,112.157449,,,6,10,0,0,16,REGIONAL 5,KEDIRI,BLITAR,BLR,,,2024-03-16 23:22:00,2018-12-18,2018,12,NON TITO,,,JAWA TIMUR,0.625,YELLOW,407266415,AREA 3,JATIM,MALANG,TULUNGAGUNG,,,0,0,0,JAWA TIMUR,KOTA BLITAR,SUKOREJO,KARANGSARI,BLITAR
130656070,,ODP-BLR-FG/03,-8.12294,112.153716,,,2,12,0,0,16,REGIONAL 5,KEDIRI,BLITAR,BLR,,,2024-03-16 23:26:43,2016-02-27,2016,2,NON TITO,,,JAWA TIMUR,0.75,YELLOW,7894596,AREA 3,JATIM,MALANG,TULUNGAGUNG,,,0,0,0,JAWA TIMUR,KOTA BLITAR,SANANWETAN,REMBANG,BLITAR
3173594637,,ODP-LDY-FA/58,-8.189511,112.216812,,,4,4,0,0,8,REGIONAL 5,KEDIRI,BLITAR,LDY,,,2024-03-16 23:26:47,2018-12-11,2018,12,NON TITO,,,JAWA TIMUR,0.5,YELLOW,407118164,AREA 3,JATIM,MALANG,TULUNGAGUNG,,,0,0,0,JAWA TIMUR,BLITAR,SUTOJAYAN,SUTOJAYAN,BLITAR
3187093568,,ODP-BLR-FAW/34,-8.128621,112.230029,,,4,4,0,0,8,REGIONAL 5,KEDIRI,BLITAR,BLR,,,2024-03-16 23:27:08,2018-12-16,2018,12,NON TITO,,,JAWA TIMUR,0.5,YELLOW,407152078,AREA 3,JATIM,MALANG,TULUNGAGUNG,,,0,0,0,JAWA TIMUR,BLITAR,KANIGORO,KANIGORO,BLITAR
130656030,,ODP-BLR-FM/03,-8.0959,112.1813,,,2,6,0,0,8,REGIONAL 5,KEDIRI,BLITAR,BLR,,,2024-03-16 23:26:24,2016-02-27,2016,2,NON TITO,,,JAWA TIMUR,0.75,YELLOW,7894562,AREA 3,JATIM,MALANG,TULUNGAGUNG,,,0,0,0,JAWA TIMUR,KOTA BLITAR,SANANWETAN,BENDOGERIT,BLITAR
130655988,,ODP-BLR-FS/03,-8.078248,112.188539,,,1,6,0,0,8,REGIONAL 5,KEDIRI,BLITAR,BLR,,,2024-03-16 23:26:01,2016-02-27,2016,2,NON TITO,,,JAWA TIMUR,0.75,YELLOW,7894530,AREA 3,JATIM,MALANG,TULUNGAGUNG,,,0,0,0,JAWA TIMUR,KOTA BLITAR,SANANWETAN,GEDOG,BLITAR
130655980,,ODP-BLR-FC/02,-8.0835,112.1942,,,6,8,0,0,16,REGIONAL 5,KEDIRI,BLITAR,BLR,,,2024-03-16 23:26:09,2016-02-27,2016,2,NON TITO,,,JAWA TIMUR,0.5,YELLOW,7894523,AREA 3,JATIM,MALANG,TULUNGAGUNG,,,0,0,0,JAWA TIMUR,BLITAR,GARUM,POJOK,BLITAR
3173595251,,ODP-WGI-FH/43,-8.141318,112.312727,,,2,6,0,0,8,REGIONAL 5,KEDIRI,BLITAR,WGI,,,2024-03-16 23:26:01,2018-12-15,2018,12,NON TITO,,,JAWA TIMUR,0.75,YELLOW,407148069,AREA 3,JATIM,MALANG,TULUNGAGUNG,,,0,0,0,JAWA TIMUR,BLITAR,SELOPURO,SELOPURO,BLITAR
3183868623,,ODP-BLR-FAG/13,-8.102095,112.169944,,,1,6,1,0,8,REGIONAL 5,KEDIRI,BLITAR,BLR,,,2024-03-16 23:24:36,2018-12-15,2018,12,NON TITO,,,JAWA TIMUR,0.75,YELLOW,407147540,AREA 3,JATIM,MALANG,TULUNGAGUNG,,,0,0,0,JAWA TIMUR,KOTA BLITAR,KEPANJENKIDUL,KEPANJENKIDUL,BLITAR
130655961,,ODP-BLR-FK/10,-8.1069,112.1785,,,7,8,0,0,16,REGIONAL 5,KEDIRI,BLITAR,BLR,,,2024-03-16 23:26:19,2016-02-27,2016,2,NON TITO,,,JAWA TIMUR,0.5,YELLOW,7894508,AREA 3,JATIM,MALANG,TULUNGAGUNG,,,0,0,0,JAWA TIMUR,KOTA BLITAR,SANANWETAN,SANANWETAN,BLITAR
3186868543,,ODP-BLR-FN/26,-8.095832,112.178292,,,2,6,0,0,8,REGIONAL 5,KEDIRI,BLITAR,BLR,,,2024-03-16 23:28:55,2018-12-15,2018,12,NON TITO,,,JAWA TIMUR,0.75,YELLOW,407150920,AREA 3,JATIM,MALANG,TULUNGAGUNG,,,0,0,0,JAWA TIMUR,KOTA BLITAR,SANANWETAN,BENDOGERIT,BLITAR
3515823245,,ODP-WGI-FH/45,-8.154927,112.30256,,,3,5,0,0,8,REGIONAL 5,KEDIRI,BLITAR,WGI,,,2024-03-16 23:26:47,2019-04-15,2019,4,NON TITO,,,JAWA TIMUR,0.625,YELLOW,627264416,AREA 3,JATIM,MALANG,TULUNGAGUNG,,,0,0,0,JAWA TIMUR,BLITAR,SELOPURO,SELOPURO,BLITAR
2986169785,,ODP-BLR-FP/94,-8.089693,112.151547,,,2,6,0,0,8,REGIONAL 5,KEDIRI,BLITAR,BLR,,,2024-03-16 23:26:16,2018-10-03,2018,10,NON TITO,,,JAWA TIMUR,0.75,YELLOW,405055340,AREA 3,JATIM,MALANG,TULUNGAGUNG,,,0,0,0,JAWA TIMUR,KOTA BLITAR,SUKOREJO,TANJUNGSARI,BLITAR
2986169620,,ODP-SNT-FF/31,-8.032933,112.108401,,,4,12,0,0,16,REGIONAL 5,KEDIRI,BLITAR,SNT,,,2024-03-16 23:25:03,2018-10-03,2018,10,NON TITO,,,JAWA TIMUR,0.75,YELLOW,405055221,AREA 3,JATIM,MALANG,TULUNGAGUNG,,,0,0,0,JAWA TIMUR,BLITAR,PONGGOK,PONGGOK,BLITAR
2401169635,,ODP-SNT-FG/03,-8.087342,112.010295,,,3,5,0,0,8,REGIONAL 5,KEDIRI,BLITAR,SNT,,,2024-03-16 23:24:54,2018-04-02,2018,4,NON TITO,,,JAWA TIMUR,0.625,YELLOW,333491863,AREA 3,JATIM,MALANG,TULUNGAGUNG,,,0,0,0,JAWA TIMUR,BLITAR,WONODADI,KUNIR,BLITAR
130594801,,ODP-BLR-FP/28,-8.0744,112.154,,,2,6,0,0,8,REGIONAL 5,KEDIRI,BLITAR,BLR,,,2024-03-16 23:26:54,2016-02-27,2016,2,NON TITO,,,JAWA TIMUR,0.75,YELLOW,7829335,AREA 3,JATIM,MALANG,TULUNGAGUNG,,,0,0,0,JAWA TIMUR,BLITAR,SANANKULON,SUMBERJO,BLITAR
2401169650,,ODP-SNT-FP/11,-7.994253,112.04428,,,2,6,0,0,8,REGIONAL 5,KEDIRI,BLITAR,SNT,,,2024-03-16 23:24:14,2018-04-02,2018,4,NON TITO,,,JAWA TIMUR,0.75,YELLOW,333491877,AREA 3,JATIM,MALANG,TULUNGAGUNG,,,0,0,0,JAWA TIMUR,BLITAR,UDANAWU,SLEMANAN,BLITAR
130594808,,ODP-BLR-FR/12,-8.0945,112.165,,,7,9,0,0,16,REGIONAL 5,KEDIRI,BLITAR,BLR,,,2024-03-16 23:26:45,2016-02-27,2016,2,NON TITO,,,JAWA TIMUR,0.5625,YELLOW,7829340,AREA 3,JATIM,MALANG,TULUNGAGUNG,,,0,0,0,JAWA TIMUR,KOTA BLITAR,KEPANJENKIDUL,KEPANJENLOR,BLITAR
2401169734,,ODP-SNT-FG/13,-8.083442,111.999925,,,4,4,0,0,8,REGIONAL 5,KEDIRI,BLITAR,SNT,,,2024-03-16 23:25:01,2018-04-02,2018,4,NON TITO,,,JAWA TIMUR,0.5,YELLOW,333491945,AREA 3,JATIM,MALANG,TULUNGAGUNG,,,0,0,0,JAWA TIMUR,BLITAR,WONODADI,GANDEKAN,BLITAR
2401169739,,ODP-SNT-FG/04,-8.085252,112.010753,,,2,6,0,0,8,REGIONAL 5,KEDIRI,BLITAR,SNT,,,2024-03-16 23:24:48,2018-04-02,2018,4,NON TITO,,,JAWA TIMUR,0.75,YELLOW,333491948,AREA 3,JATIM,MALANG,TULUNGAGUNG,,,0,0,0,JAWA TIMUR,BLITAR,WONODADI,KUNIR,BLITAR
2401169749,,ODP-SNT-FP/18,-7.999835,112.036495,,,3,5,0,0,8,REGIONAL 5,KEDIRI,BLITAR,SNT,,,2024-03-16 23:25:06,2018-04-02,2018,4,NON TITO,,,JAWA TIMUR,0.625,YELLOW,333491955,AREA 3,JATIM,MALANG,TULUNGAGUNG,,,0,0,0,JAWA TIMUR,BLITAR,UDANAWU,BAKUNG,BLITAR
130594840,,ODP-WGI-FD/12,-8.0768,112.3305,,,9,7,0,0,16,REGIONAL 5,KEDIRI,BLITAR,WGI,,,2024-03-16 23:27:57,2016-02-27,2016,2,NON TITO,,,JAWA TIMUR,0.4375,YELLOW,7829359,AREA 3,JATIM,MALANG,TULUNGAGUNG,,,0,0,0,JAWA TIMUR,BLITAR,WLINGI,WLINGI,BLITAR
130594844,,ODP-WGI-FB/12,-8.0815,112.3139,,,9,7,0,0,16,REGIONAL 5,KEDIRI,BLITAR,WGI,,,2024-03-16 23:27:48,2016-02-27,2016,2,NON TITO,,,JAWA TIMUR,0.4375,YELLOW,7829361,AREA 3,JATIM,MALANG,TULUNGAGUNG,,,0,0,0,JAWA TIMUR,BLITAR,WLINGI,BERU,BLITAR
130594850,,ODP-BLR-FR/21,-8.0984,112.1556,,,2,6,0,0,8,REGIONAL 5,KEDIRI,BLITAR,BLR,,,2024-03-16 23:27:50,2016-02-27,2016,2,NON TITO,,,JAWA TIMUR,0.75,YELLOW,7829365,AREA 3,JATIM,MALANG,TULUNGAGUNG,,,0,0,0,JAWA TIMUR,KOTA BLITAR,SUKOREJO,SUKOREJO,BLITAR
130594884,,ODP-WGI-FCLA/06,-8.0872,112.3208,,,1,5,0,0,8,REGIONAL 5,KEDIRI,BLITAR,WGI,,,2024-03-16 23:27:12,2016-02-27,2016,2,NON TITO,,,JAWA TIMUR,0.625,YELLOW,7829384,AREA 3,JATIM,MALANG,TULUNGAGUNG,,,0,0,0,JAWA TIMUR,BLITAR,WLINGI,BERU,BLITAR
2401170152,,ODP-SNT-FZ/01,-8.063597,112.070418,,,2,6,0,0,8,REGIONAL 5,KEDIRI,BLITAR,SNT,,,2024-03-16 23:24:54,2018-04-02,2018,4,NON TITO,,,JAWA TIMUR,0.75,YELLOW,333492231,AREA 3,JATIM,MALANG,TULUNGAGUNG,,,0,0,0,JAWA TIMUR,BLITAR,SRENGAT,DANDONG,BLITAR
130594889,,ODP-WGI-FD/28,-8.0965,112.3355,,,3,5,0,0,8,REGIONAL 5,KEDIRI,BLITAR,WGI,,,2024-03-16 23:27:41,2016-02-27,2016,2,NON TITO,,,JAWA TIMUR,0.625,YELLOW,7829387,AREA 3,JATIM,MALANG,TULUNGAGUNG,,,0,0,0,JAWA TIMUR,BLITAR,WLINGI,KLEMUNAN,BLITAR
2401170208,,ODP-SNT-FZ/05,-8.064276,112.073723,,,2,5,0,0,8,REGIONAL 5,KEDIRI,BLITAR,SNT,,,2024-03-16 23:24:55,2018-04-02,2018,4,NON TITO,,,JAWA TIMUR,0.625,YELLOW,333492268,AREA 3,JATIM,MALANG,TULUNGAGUNG,,,0,0,0,JAWA TIMUR,BLITAR,SRENGAT,DANDONG,BLITAR
2401170330,,ODP-SNT-FZ/03,-8.066238,112.071674,,,8,8,0,0,16,REGIONAL 5,KEDIRI,BLITAR,SNT,,,2024-03-16 23:24:50,2018-04-02,2018,4,NON TITO,,,JAWA TIMUR,0.5,YELLOW,333492355,AREA 3,JATIM,MALANG,TULUNGAGUNG,,,0,0,0,JAWA TIMUR,BLITAR,SRENGAT,DANDONG,BLITAR
130594905,,ODP-WGI-FD/22,-8.0824,112.3356,,,5,11,0,0,16,REGIONAL 5,KEDIRI,BLITAR,WGI,,,2024-03-16 23:27:57,2016-02-27,2016,2,NON TITO,,,JAWA TIMUR,0.6875,YELLOW,7829396,AREA 3,JATIM,MALANG,TULUNGAGUNG,,,0,0,0,JAWA TIMUR,BLITAR,WLINGI,WLINGI,BLITAR
130594960,,ODP-BLR-FK/41,-8.1024,112.186,,,4,4,0,0,8,REGIONAL 5,KEDIRI,BLITAR,BLR,,,2024-03-16 23:27:58,2016-02-27,2016,2,NON TITO,,,JAWA TIMUR,0.5,YELLOW,7829427,AREA 3,JATIM,MALANG,TULUNGAGUNG,,,0,0,0,JAWA TIMUR,BLITAR,KANIGORO,KUNINGAN,BLITAR
2402519123,,ODP-SNT-FX/02,-8.052735,112.112063,,,2,6,0,0,8,REGIONAL 5,KEDIRI,BLITAR,SNT,,,2024-03-16 23:26:29,2018-04-03,2018,4,NON TITO,,,JAWA TIMUR,0.75,YELLOW,333501884,AREA 3,JATIM,MALANG,TULUNGAGUNG,,,0,0,0,JAWA TIMUR,BLITAR,PONGGOK,KAWEDUSAN,BLITAR
2402519048,,ODP-SNT-FX/06,-8.048344,112.106784,,,4,4,0,0,8,REGIONAL 5,KEDIRI,BLITAR,SNT,,,2024-03-16 23:26:46,2018-04-03,2018,4,NON TITO,,,JAWA TIMUR,0.5,YELLOW,333501831,AREA 3,JATIM,MALANG,TULUNGAGUNG,,,0,0,0,JAWA TIMUR,BLITAR,PONGGOK,POJOK,BLITAR
2402519043,,ODP-SNT-FX/10,-8.042913,112.101832,,,2,6,0,0,8,REGIONAL 5,KEDIRI,BLITAR,SNT,,,2024-03-16 23:26:47,2018-04-03,2018,4,NON TITO,,,JAWA TIMUR,0.75,YELLOW,333501828,AREA 3,JATIM,MALANG,TULUNGAGUNG,,,0,0,0,JAWA TIMUR,BLITAR,PONGGOK,PONGGOK,BLITAR
130595243,,ODP-WGI-FC/03,-8.0579,112.333,,,5,11,0,0,16,REGIONAL 5,KEDIRI,BLITAR,WGI,,,2024-03-16 23:28:06,2016-02-27,2016,2,NON TITO,,,JAWA TIMUR,0.6875,YELLOW,7829598,AREA 3,JATIM,MALANG,TULUNGAGUNG,,,0,0,0,JAWA TIMUR,BLITAR,WLINGI,BABADAN,BLITAR
130595211,,ODP-WGI-FA/14,-8.09,112.2901,,,5,11,0,0,16,REGIONAL 5,KEDIRI,BLITAR,WGI,,,2024-03-16 23:28:14,2016-02-27,2016,2,NON TITO,,,JAWA TIMUR,0.6875,YELLOW,7829578,AREA 3,JATIM,MALANG,TULUNGAGUNG,,,0,0,0,JAWA TIMUR,BLITAR,TALUN,TALUN,BLITAR
2402518871,,ODP-SNT-FX/04,-8.051434,112.103862,,,3,5,0,0,8,REGIONAL 5,KEDIRI,BLITAR,SNT,,,2024-03-16 23:26:31,2018-04-03,2018,4,NON TITO,,,JAWA TIMUR,0.625,YELLOW,333501689,AREA 3,JATIM,MALANG,TULUNGAGUNG,,,0,0,0,JAWA TIMUR,BLITAR,PONGGOK,KAWEDUSAN,BLITAR
130594785,,ODP-WGI-FA/26,-8.0895,112.289,,,2,6,0,0,8,REGIONAL 5,KEDIRI,BLITAR,WGI,,,2024-03-16 23:26:48,2016-02-27,2016,2,NON TITO,,,JAWA TIMUR,0.75,YELLOW,7829326,AREA 3,JATIM,MALANG,TULUNGAGUNG,,,0,0,0,JAWA TIMUR,BLITAR,TALUN,TALUN,BLITAR
2402518866,,ODP-SNT-FX/03,-8.052463,112.109884,,,4,4,0,0,8,REGIONAL 5,KEDIRI,BLITAR,SNT,,,2024-03-16 23:26:29,2018-04-03,2018,4,NON TITO,,,JAWA TIMUR,0.5,YELLOW,333501685,AREA 3,JATIM,MALANG,TULUNGAGUNG,,,0,0,0,JAWA TIMUR,BLITAR,PONGGOK,KAWEDUSAN,BLITAR
130595132,,ODP-PAN-FA/04,-8.015,112.2111,,,3,5,0,0,8,REGIONAL 5,KEDIRI,BLITAR,PAN,,,2024-03-16 23:27:58,2016-02-27,2016,2,NON TITO,,,JAWA TIMUR,0.625,YELLOW,7829529,AREA 3,JATIM,MALANG,TULUNGAGUNG,,,0,0,0,JAWA TIMUR,BLITAR,NGLEGOK,PENATARAN,BLITAR
130595104,,ODP-WGI-FB/22,-8.0862,112.3171,,,9,7,0,0,16,REGIONAL 5,KEDIRI,BLITAR,WGI,,,2024-03-16 23:27:09,2016-02-27,2016,2,NON TITO,,,JAWA TIMUR,0.4375,YELLOW,7829513,AREA 3,JATIM,MALANG,TULUNGAGUNG,,,0,0,0,JAWA TIMUR,BLITAR,WLINGI,BERU,BLITAR
130595032,,ODP-BLR-FP/29,-8.0744,112.1527,,,1,6,0,0,8,REGIONAL 5,KEDIRI,BLITAR,BLR,,,2024-03-16 23:27:59,2016-02-27,2016,2,NON TITO,,,JAWA TIMUR,0.75,YELLOW,7829471,AREA 3,JATIM,MALANG,TULUNGAGUNG,,,0,0,0,JAWA TIMUR,BLITAR,SANANKULON,SUMBERJO,BLITAR
130595020,,ODP-WGI-FB/59,-8.0877,112.3163,,,2,6,0,0,8,REGIONAL 5,KEDIRI,BLITAR,WGI,,,2024-03-16 23:27:50,2016-02-27,2016,2,NON TITO,,,JAWA TIMUR,0.75,YELLOW,7829463,AREA 3,JATIM,MALANG,TULUNGAGUNG,,,0,0,0,JAWA TIMUR,BLITAR,WLINGI,BERU,BLITAR
130594988,,ODP-WGI-FB/42,-8.0868,112.3276,,,2,6,0,0,8,REGIONAL 5,KEDIRI,BLITAR,WGI,,,2024-03-16 23:27:48,2016-02-27,2016,2,NON TITO,,,JAWA TIMUR,0.75,YELLOW,7829443,AREA 3,JATIM,MALANG,TULUNGAGUNG,,,0,0,0,JAWA TIMUR,BLITAR,WLINGI,TANGKIL,BLITAR
130594972,,ODP-BLR-FP/18,-8.0573,112.1538,,,9,7,0,0,16,REGIONAL 5,KEDIRI,BLITAR,BLR,,,2024-03-16 23:28:07,2016-02-27,2016,2,NON TITO,,,JAWA TIMUR,0.4375,YELLOW,7829434,AREA 3,JATIM,MALANG,TULUNGAGUNG,,,0,0,0,JAWA TIMUR,BLITAR,SANANKULON,SUMBERINGIN,BLITAR
130595181,,ODP-SNT-FB/14,-8.0855,112.0748,,,1,6,0,0,8,REGIONAL 5,KEDIRI,BLITAR,SNT,,,2024-03-16 23:27:16,2016-02-27,2016,2,NON TITO,,,JAWA TIMUR,0.75,YELLOW,7829559,AREA 3,JATIM,MALANG,TULUNGAGUNG,,,0,0,0,JAWA TIMUR,BLITAR,SRENGAT,MARON,BLITAR
130594767,,ODP-WGI-FB/54,-8.0911,112.3103,,,3,5,0,0,8,REGIONAL 5,KEDIRI,BLITAR,WGI,,,2024-03-16 23:27:42,2016-02-27,2016,2,NON TITO,,,JAWA TIMUR,0.625,YELLOW,7829316,AREA 3,JATIM,MALANG,TULUNGAGUNG,,,0,0,0,JAWA TIMUR,BLITAR,WLINGI,BERU,BLITAR
2401169487,,ODP-SNT-FP/15,-7.99792,112.036425,,,2,6,0,0,8,REGIONAL 5,KEDIRI,BLITAR,SNT,,,2024-03-16 23:24:21,2018-04-02,2018,4,NON TITO,,,JAWA TIMUR,0.75,YELLOW,333491738,AREA 3,JATIM,MALANG,TULUNGAGUNG,,,0,0,0,JAWA TIMUR,BLITAR,UDANAWU,BAKUNG,BLITAR
2401169482,,ODP-SNT-FP/13,-7.994469,112.038881,,,4,4,0,0,8,REGIONAL 5,KEDIRI,BLITAR,SNT,,,2024-03-16 23:24:43,2018-04-02,2018,4,NON TITO,,,JAWA TIMUR,0.5,YELLOW,333491735,AREA 3,JATIM,MALANG,TULUNGAGUNG,,,0,0,0,JAWA TIMUR,BLITAR,UDANAWU,SLEMANAN,BLITAR
2392996794,,ODP-SNT-FV/12,-8.003623,112.123607,,,3,5,0,0,8,REGIONAL 5,KEDIRI,BLITAR,SNT,,,2024-03-16 23:28:14,2018-03-29,2018,3,NON TITO,,,JAWA TIMUR,0.625,YELLOW,333474207,AREA 3,JATIM,MALANG,TULUNGAGUNG,,,0,0,0,JAWA TIMUR,BLITAR,PONGGOK,BACEM,BLITAR
2392996624,,ODP-SNT-FW/06,-8.046631,112.082927,,,4,4,0,0,8,REGIONAL 5,KEDIRI,BLITAR,SNT,,,2024-03-16 23:28:28,2018-03-29,2018,3,NON TITO,,,JAWA TIMUR,0.5,YELLOW,333474125,AREA 3,JATIM,MALANG,TULUNGAGUNG,,,0,0,0,JAWA TIMUR,BLITAR,PONGGOK,KEBONDUREN,BLITAR
2392996614,,ODP-SNT-FJ/08,-8.092382,112.035748,,,3,5,0,0,8,REGIONAL 5,KEDIRI,BLITAR,SNT,,,2024-03-16 23:27:50,2018-03-29,2018,3,NON TITO,,,JAWA TIMUR,0.625,YELLOW,333474122,AREA 3,JATIM,MALANG,TULUNGAGUNG,,,0,0,0,JAWA TIMUR,BLITAR,SRENGAT,KARANGGAYAM,BLITAR
2392996579,,ODP-SNT-FV/11,-8.003654,112.125596,,,9,7,0,0,16,REGIONAL 5,KEDIRI,BLITAR,SNT,,,2024-03-16 23:28:29,2018-03-29,2018,3,NON TITO,,,JAWA TIMUR,0.4375,YELLOW,333474105,AREA 3,JATIM,MALANG,TULUNGAGUNG,,,0,0,0,JAWA TIMUR,BLITAR,PONGGOK,BACEM,BLITAR
130594580,,ODP-BLR-FR/10,-8.0938,112.1694,,,5,11,0,0,16,REGIONAL 5,KEDIRI,BLITAR,BLR,,,2024-03-16 23:26:52,2016-02-27,2016,2,NON TITO,,,JAWA TIMUR,0.6875,YELLOW,7829210,AREA 3,JATIM,MALANG,TULUNGAGUNG,,,0,0,0,JAWA TIMUR,KOTA BLITAR,KEPANJENKIDUL,KEPANJENLOR,BLITAR
2392996470,,ODP-SNT-FJ/17,-8.09011,112.028708,,,4,4,0,0,8,REGIONAL 5,KEDIRI,BLITAR,SNT,,,2024-03-16 23:21:25,2018-03-29,2018,3,NON TITO,,,JAWA TIMUR,0.5,YELLOW,333474046,AREA 3,JATIM,MALANG,TULUNGAGUNG,,,0,0,0,JAWA TIMUR,BLITAR,SRENGAT,KARANGGAYAM,BLITAR
2392996844,,ODP-SNT-FJ/06,-8.096244,112.038932,,,3,5,0,0,8,REGIONAL 5,KEDIRI,BLITAR,SNT,,,2024-03-16 23:28:07,2018-03-29,2018,3,NON TITO,,,JAWA TIMUR,0.625,YELLOW,333474224,AREA 3,JATIM,MALANG,TULUNGAGUNG,,,0,0,0,JAWA TIMUR,BLITAR,SRENGAT,KARANGGAYAM,BLITAR
130594576,,ODP-WGI-FC/10,-8.07212,112.3212,,,2,6,0,0,8,REGIONAL 5,KEDIRI,BLITAR,WGI,,,2024-03-16 23:27:41,2016-02-27,2016,2,NON TITO,,,JAWA TIMUR,0.75,YELLOW,7829207,AREA 3,JATIM,MALANG,TULUNGAGUNG,,,0,0,0,JAWA TIMUR,BLITAR,WLINGI,BABADAN,BLITAR
2392996455,,ODP-SNT-FJ/03,-8.087592,112.040042,,,4,4,0,0,8,REGIONAL 5,KEDIRI,BLITAR,SNT,,,2024-03-16 23:28:35,2018-03-29,2018,3,NON TITO,,,JAWA TIMUR,0.5,YELLOW,333474037,AREA 3,JATIM,MALANG,TULUNGAGUNG,,,0,0,0,JAWA TIMUR,BLITAR,SRENGAT,KARANGGAYAM,BLITAR
2392996450,,ODP-SNT-FJ/02,-8.087859,112.042387,,,4,4,0,0,8,REGIONAL 5,KEDIRI,BLITAR,SNT,,,2024-03-16 23:28:30,2018-03-29,2018,3,NON TITO,,,JAWA TIMUR,0.5,YELLOW,333474032,AREA 3,JATIM,MALANG,TULUNGAGUNG,,,0,0,0,JAWA TIMUR,BLITAR,SRENGAT,PAKISREJO,BLITAR
130594541,,ODP-WGI-FD/13,-8.0748,112.3311,,,3,5,0,0,8,REGIONAL 5,KEDIRI,BLITAR,WGI,,,2024-03-16 23:26:07,2016-02-27,2016,2,NON TITO,,,JAWA TIMUR,0.625,YELLOW,7829187,AREA 3,JATIM,MALANG,TULUNGAGUNG,,,0,0,0,JAWA TIMUR,BLITAR,WLINGI,WLINGI,BLITAR
130594535,,ODP-BLR-FQ/22,-8.0902,112.1612,,,8,8,0,0,16,REGIONAL 5,KEDIRI,BLITAR,BLR,,,2024-03-16 23:27:41,2016-02-27,2016,2,NON TITO,,,JAWA TIMUR,0.5,YELLOW,7829183,AREA 3,JATIM,MALANG,TULUNGAGUNG,,,0,0,0,JAWA TIMUR,KOTA BLITAR,KEPANJENKIDUL,KAUMAN,BLITAR
2392996270,,ODP-SNT-FW/15,-8.035443,112.087316,,,4,4,0,0,8,REGIONAL 5,KEDIRI,BLITAR,SNT,,,2024-03-16 23:26:33,2018-03-29,2018,3,NON TITO,,,JAWA TIMUR,0.5,YELLOW,333473896,AREA 3,JATIM,MALANG,TULUNGAGUNG,,,0,0,0,JAWA TIMUR,BLITAR,PONGGOK,KEBONDUREN,BLITAR
2392996265,,ODP-SNT-FW/01,-8.038309,112.079283,,,4,4,0,0,8,REGIONAL 5,KEDIRI,BLITAR,SNT,,,2024-03-16 23:28:25,2018-03-29,2018,3,NON TITO,,,JAWA TIMUR,0.5,YELLOW,333473893,AREA 3,JATIM,MALANG,TULUNGAGUNG,,,0,0,0,JAWA TIMUR,BLITAR,PONGGOK,DADAPLANGU,BLITAR
130594570,,ODP-BLR-FA/11,-8.1001,112.1531,,,7,8,0,0,16,REGIONAL 5,KEDIRI,BLITAR,BLR,,,2024-03-16 23:26:32,2016-02-27,2016,2,NON TITO,,,JAWA TIMUR,0.5,YELLOW,7829203,AREA 3,JATIM,MALANG,TULUNGAGUNG,,,0,0,0,JAWA TIMUR,KOTA BLITAR,SUKOREJO,SUKOREJO,BLITAR
2402519178,,ODP-KBN-FH/22,-8.145378,112.368358,,,8,8,0,0,16,REGIONAL 5,KEDIRI,BLITAR,KBN,,,2024-03-16 23:26:44,2018-04-03,2018,4,NON TITO,,,JAWA TIMUR,0.5,YELLOW,333501928,AREA 3,JATIM,MALANG,TULUNGAGUNG,,,0,0,0,JAWA TIMUR,BLITAR,KESAMBEN,KESAMBEN,BLITAR
130594643,,ODP-BLR-FB/18,-8.1473,112.1481,,,3,5,0,0,8,REGIONAL 5,KEDIRI,BLITAR,BLR,,,2024-03-16 23:26:51,2016-02-27,2016,2,NON TITO,,,JAWA TIMUR,0.625,YELLOW,7829245,AREA 3,JATIM,MALANG,TULUNGAGUNG,,,0,0,0,JAWA TIMUR,BLITAR,KADEMANGAN,KADEMANGAN,BLITAR
2392997004,,ODP-SNT-FJ/10,-8.088609,112.036118,,,3,5,0,0,8,REGIONAL 5,KEDIRI,BLITAR,SNT,,,2024-03-16 23:28:26,2018-03-29,2018,3,NON TITO,,,JAWA TIMUR,0.625,YELLOW,333474282,AREA 3,JATIM,MALANG,TULUNGAGUNG,,,0,0,0,JAWA TIMUR,BLITAR,SRENGAT,KARANGGAYAM,BLITAR
130594732,,ODP-BLR-FH/22,-8.1163,112.1766,,,3,4,1,0,8,REGIONAL 5,KEDIRI,BLITAR,BLR,,,2024-03-16 23:27:58,2016-02-27,2016,2,NON TITO,,,JAWA TIMUR,0.5,YELLOW,7829295,AREA 3,JATIM,MALANG,TULUNGAGUNG,,,0,0,0,JAWA TIMUR,KOTA BLITAR,SANANWETAN,KARANGTENGAH,BLITAR
2401169411,,ODP-SNT-FG/08,-8.087466,112.003811,,,2,6,0,0,8,REGIONAL 5,KEDIRI,BLITAR,SNT,,,2024-03-16 23:24:21,2018-04-02,2018,4,NON TITO,,,JAWA TIMUR,0.75,YELLOW,333491678,AREA 3,JATIM,MALANG,TULUNGAGUNG,,,0,0,0,JAWA TIMUR,BLITAR,WONODADI,GANDEKAN,BLITAR
2401169406,,ODP-SNT-FG/06,-8.084579,112.006153,,,3,5,0,0,8,REGIONAL 5,KEDIRI,BLITAR,SNT,,,2024-03-16 23:24:50,2018-04-02,2018,4,NON TITO,,,JAWA TIMUR,0.625,YELLOW,333491673,AREA 3,JATIM,MALANG,TULUNGAGUNG,,,0,0,0,JAWA TIMUR,BLITAR,WONODADI,GANDEKAN,BLITAR
130594663,,ODP-BLR-FJ/09,-8.1305,112.221,,,1,6,0,0,8,REGIONAL 5,KEDIRI,BLITAR,BLR,,,2024-03-16 23:27:21,2016-02-27,2016,2,NON TITO,,,JAWA TIMUR,0.75,YELLOW,7829257,AREA 3,JATIM,MALANG,TULUNGAGUNG,,,0,0,0,JAWA TIMUR,BLITAR,KANIGORO,KANIGORO,BLITAR
2403643794,,ODP-SNT-FY/05,-8.066061,112.106203,,,8,8,0,0,16,REGIONAL 5,KEDIRI,BLITAR,SNT,,,2024-03-16 23:29:08,2018-04-02,2018,4,NON TITO,,,JAWA TIMUR,0.5,YELLOW,333487680,AREA 3,JATIM,MALANG,TULUNGAGUNG,,,0,0,0,JAWA TIMUR,BLITAR,PONGGOK,JATILENGGER,BLITAR
2403643789,,ODP-SNT-FY/01,-8.066534,112.103195,,,3,5,0,0,8,REGIONAL 5,KEDIRI,BLITAR,SNT,,,2024-03-16 23:28:33,2018-04-02,2018,4,NON TITO,,,JAWA TIMUR,0.625,YELLOW,333487674,AREA 3,JATIM,MALANG,TULUNGAGUNG,,,0,0,0,JAWA TIMUR,BLITAR,PONGGOK,JATILENGGER,BLITAR
2392996954,,ODP-SNT-FV/01,-7.996858,112.118822,,,4,4,0,0,8,REGIONAL 5,KEDIRI,BLITAR,SNT,,,2024-03-16 23:28:27,2018-03-29,2018,3,NON TITO,,,JAWA TIMUR,0.5,YELLOW,333474265,AREA 3,JATIM,MALANG,TULUNGAGUNG,,,0,0,0,JAWA TIMUR,BLITAR,PONGGOK,BACEM,BLITAR
2403643739,,ODP-SNT-FY/04,-8.065058,112.103745,,,2,6,0,0,8,REGIONAL 5,KEDIRI,BLITAR,SNT,,,2024-03-16 23:29:14,2018-04-02,2018,4,NON TITO,,,JAWA TIMUR,0.75,YELLOW,333487631,AREA 3,JATIM,MALANG,TULUNGAGUNG,,,0,0,0,JAWA TIMUR,BLITAR,PONGGOK,JATILENGGER,BLITAR
2403643708,,ODP-SNT-FY/07,-8.066862,112.109026,,,4,4,0,0,8,REGIONAL 5,KEDIRI,BLITAR,SNT,,,2024-03-16 23:29:09,2018-04-02,2018,4,NON TITO,,,JAWA TIMUR,0.5,YELLOW,333487607,AREA 3,JATIM,MALANG,TULUNGAGUNG,,,0,0,0,JAWA TIMUR,BLITAR,PONGGOK,JATILENGGER,BLITAR
2403643658,,ODP-SNT-FY/08,-8.067281,112.111552,,,2,6,0,0,8,REGIONAL 5,KEDIRI,BLITAR,SNT,,,2024-03-16 23:28:41,2018-04-02,2018,4,NON TITO,,,JAWA TIMUR,0.75,YELLOW,333487566,AREA 3,JATIM,MALANG,TULUNGAGUNG,,,0,0,0,JAWA TIMUR,BLITAR,PONGGOK,JATILENGGER,BLITAR
130594647,,ODP-BLR-FR/23,-8.0986,112.1593,,,2,4,0,0,8,REGIONAL 5,KEDIRI,BLITAR,BLR,,,2024-03-16 23:26:53,2016-02-27,2016,2,NON TITO,,,JAWA TIMUR,0.5,YELLOW,7829248,AREA 3,JATIM,MALANG,TULUNGAGUNG,,,0,0,0,JAWA TIMUR,KOTA BLITAR,SUKOREJO,SUKOREJO,BLITAR
2403643606,,ODP-SNT-FY/02,-8.065978,112.103534,,,2,6,0,0,8,REGIONAL 5,KEDIRI,BLITAR,SNT,,,2024-03-16 23:27:40,2018-04-02,2018,4,NON TITO,,,JAWA TIMUR,0.75,YELLOW,333487526,AREA 3,JATIM,MALANG,TULUNGAGUNG,,,0,0,0,JAWA TIMUR,BLITAR,PONGGOK,JATILENGGER,BLITAR
2392997134,,ODP-SNT-FV/03,-7.998299,112.126213,,,3,5,0,0,8,REGIONAL 5,KEDIRI,BLITAR,SNT,,,2024-03-16 23:28:31,2018-03-29,2018,3,NON TITO,,,JAWA TIMUR,0.625,YELLOW,333474333,AREA 3,JATIM,MALANG,TULUNGAGUNG,,,0,0,0,JAWA TIMUR,BLITAR,PONGGOK,BACEM,BLITAR
2392997014,,ODP-SNT-FW/08,-8.044073,112.086653,,,4,4,0,0,8,REGIONAL 5,KEDIRI,BLITAR,SNT,,,2024-03-16 23:28:28,2018-03-29,2018,3,NON TITO,,,JAWA TIMUR,0.5,YELLOW,333474285,AREA 3,JATIM,MALANG,TULUNGAGUNG,,,0,0,0,JAWA TIMUR,BLITAR,PONGGOK,KEBONDUREN,BLITAR
2403643734,,ODP-SNT-FY/12,-8.066883,112.113394,,,2,5,0,0,8,REGIONAL 5,KEDIRI,BLITAR,SNT,,,2024-03-16 23:28:13,2018-04-02,2018,4,NON TITO,,,JAWA TIMUR,0.625,YELLOW,333487627,AREA 3,JATIM,MALANG,TULUNGAGUNG,,,0,0,0,JAWA TIMUR,BLITAR,PONGGOK,JATILENGGER,BLITAR
130595264,,ODP-SNT-FB/06,-8.089,112.0596,,,1,6,0,0,8,REGIONAL 5,KEDIRI,BLITAR,SNT,,,2024-03-16 23:27:24,2016-02-27,2016,2,NON TITO,,,JAWA TIMUR,0.75,YELLOW,7829611,AREA 3,JATIM,MALANG,TULUNGAGUNG,,,0,0,0,JAWA TIMUR,BLITAR,SRENGAT,PAKISREJO,BLITAR
130595279,,ODP-WGI-FB/02,-8.0887,112.3252,,,4,11,0,0,16,REGIONAL 5,KEDIRI,BLITAR,WGI,,,2024-03-16 23:27:49,2016-02-27,2016,2,NON TITO,,,JAWA TIMUR,0.6875,YELLOW,7829621,AREA 3,JATIM,MALANG,TULUNGAGUNG,,,0,0,0,JAWA TIMUR,BLITAR,WLINGI,TANGKIL,BLITAR
2402519273,,ODP-KBN-FH/18,-8.144142,112.371411,,,7,9,0,0,16,REGIONAL 5,KEDIRI,BLITAR,KBN,,,2024-03-16 23:26:46,2018-04-03,2018,4,NON TITO,,,JAWA TIMUR,0.5625,YELLOW,333502007,AREA 3,JATIM,MALANG,TULUNGAGUNG,,,0,0,0,JAWA TIMUR,BLITAR,KESAMBEN,KESAMBEN,BLITAR
2514869859,,ODP-BLR-FBZ/04,-8.117811,112.15439,,,2,6,0,0,8,REGIONAL 5,KEDIRI,BLITAR,BLR,,,2024-03-16 23:23:27,2018-05-21,2018,5,NON TITO,,,JAWA TIMUR,0.75,YELLOW,354539118,AREA 3,JATIM,MALANG,TULUNGAGUNG,,,0,0,0,JAWA TIMUR,KOTA BLITAR,SUKOREJO,TLUMPU,BLITAR
2523950368,,ODP-KBN-FJ/02,-8.046682,112.419293,,,3,5,0,0,8,REGIONAL 5,KEDIRI,BLITAR,KBN,,,2024-03-16 23:26:08,2018-05-23,2018,5,NON TITO,,,JAWA TIMUR,0.625,YELLOW,354291126,AREA 3,JATIM,MALANG,TULUNGAGUNG,,,0,0,0,JAWA TIMUR,BLITAR,DOKO,RESAPOMBO,BLITAR
2514871561,,ODP-BLR-FBQ/13,-8.069287,112.255225,,,6,10,0,0,16,REGIONAL 5,KEDIRI,BLITAR,BLR,,,2024-03-16 23:21:06,2018-05-21,2018,5,NON TITO,,,JAWA TIMUR,0.625,YELLOW,354282168,AREA 3,JATIM,MALANG,TULUNGAGUNG,,,0,0,0,JAWA TIMUR,BLITAR,TALUN,KENDALREJO,BLITAR
130595912,,ODP-WGI-FD/04,-8.1071,112.3373,,,2,6,0,0,8,REGIONAL 5,KEDIRI,BLITAR,WGI,,,2024-03-16 23:28:17,2016-02-27,2016,2,NON TITO,,,JAWA TIMUR,0.75,YELLOW,7830032,AREA 3,JATIM,MALANG,TULUNGAGUNG,,,0,0,0,JAWA TIMUR,BLITAR,WLINGI,KLEMUNAN,BLITAR
2514871272,,ODP-BLR-FBQ/18,-8.069745,112.257621,,,3,5,0,0,8,REGIONAL 5,KEDIRI,BLITAR,BLR,,,2024-03-16 23:24:29,2018-05-21,2018,5,NON TITO,,,JAWA TIMUR,0.625,YELLOW,354281951,AREA 3,JATIM,MALANG,TULUNGAGUNG,,,0,0,0,JAWA TIMUR,BLITAR,TALUN,KENDALREJO,BLITAR
130595873,,ODP-WGI-FB/61,-8.0873,112.3153,,,2,6,0,0,8,REGIONAL 5,KEDIRI,BLITAR,WGI,,,2024-03-16 23:26:58,2016-02-27,2016,2,NON TITO,,,JAWA TIMUR,0.75,YELLOW,7830007,AREA 3,JATIM,MALANG,TULUNGAGUNG,,,0,0,0,JAWA TIMUR,BLITAR,WLINGI,BERU,BLITAR
2523951045,,ODP-KBN-FJ/03,-8.049123,112.418211,,,4,11,0,0,15,REGIONAL 5,KEDIRI,BLITAR,KBN,,,2024-03-16 23:26:21,2018-05-23,2018,5,NON TITO,,,JAWA TIMUR,0.73333333333333,YELLOW,354554480,AREA 3,JATIM,MALANG,TULUNGAGUNG,,,0,0,0,JAWA TIMUR,BLITAR,DOKO,RESAPOMBO,BLITAR
130595841,,ODP-WGI-FB/31,-8.0829,112.3233,,,5,11,0,0,16,REGIONAL 5,KEDIRI,BLITAR,WGI,,,2024-03-16 23:26:53,2016-02-27,2016,2,NON TITO,,,JAWA TIMUR,0.6875,YELLOW,7829987,AREA 3,JATIM,MALANG,TULUNGAGUNG,,,0,0,0,JAWA TIMUR,BLITAR,WLINGI,BERU,BLITAR
130595836,,ODP-WGI-FB/37,-8.0842,112.3276,,,4,4,0,0,8,REGIONAL 5,KEDIRI,BLITAR,WGI,,,2024-03-16 23:28:12,2016-02-27,2016,2,NON TITO,,,JAWA TIMUR,0.5,YELLOW,7829982,AREA 3,JATIM,MALANG,TULUNGAGUNG,,,0,0,0,JAWA TIMUR,BLITAR,WLINGI,TANGKIL,BLITAR
2514869684,,ODP-BLR-FBZ/08,-8.122105,112.153587,,,7,9,0,0,16,REGIONAL 5,KEDIRI,BLITAR,BLR,,,2024-03-16 23:23:49,2018-05-21,2018,5,NON TITO,,,JAWA TIMUR,0.5625,YELLOW,354279825,AREA 3,JATIM,MALANG,TULUNGAGUNG,,,0,0,0,JAWA TIMUR,KOTA BLITAR,SANANWETAN,REMBANG,BLITAR
130595788,,ODP-WGI-FB/64,-8.0864,112.3182,,,3,5,0,0,8,REGIONAL 5,KEDIRI,BLITAR,WGI,,,2024-03-16 23:27:50,2016-02-27,2016,2,NON TITO,,,JAWA TIMUR,0.625,YELLOW,7829951,AREA 3,JATIM,MALANG,TULUNGAGUNG,,,0,0,0,JAWA TIMUR,BLITAR,WLINGI,BERU,BLITAR
2514869406,,ODP-BLR-FBZ/03,-8.117139,112.15453,,,3,5,0,0,8,REGIONAL 5,KEDIRI,BLITAR,BLR,,,2024-03-16 23:23:57,2018-05-21,2018,5,NON TITO,,,JAWA TIMUR,0.625,YELLOW,354279580,AREA 3,JATIM,MALANG,TULUNGAGUNG,,,0,0,0,JAWA TIMUR,KOTA BLITAR,SUKOREJO,TLUMPU,BLITAR
2514869401,,ODP-BLR-FBZ/05,-8.118511,112.154226,,,2,6,0,0,8,REGIONAL 5,KEDIRI,BLITAR,BLR,,,2024-03-16 23:21:06,2018-05-21,2018,5,NON TITO,,,JAWA TIMUR,0.75,YELLOW,354279575,AREA 3,JATIM,MALANG,TULUNGAGUNG,,,0,0,0,JAWA TIMUR,KOTA BLITAR,SUKOREJO,TLUMPU,BLITAR
2514869364,,ODP-WGI-FM/05,-8.055448,112.337614,,,2,6,0,0,8,REGIONAL 5,KEDIRI,BLITAR,WGI,,,2024-03-16 23:24:03,2018-05-21,2018,5,NON TITO,,,JAWA TIMUR,0.75,YELLOW,354279537,AREA 3,JATIM,MALANG,TULUNGAGUNG,,,0,0,0,JAWA TIMUR,BLITAR,WLINGI,BABADAN,BLITAR
2514869805,,ODP-WGI-FM/02,-8.031417,112.383602,,,7,9,0,0,16,REGIONAL 5,KEDIRI,BLITAR,WGI,,,2024-03-16 23:24:10,2018-05-21,2018,5,NON TITO,,,JAWA TIMUR,0.5625,YELLOW,354279915,AREA 3,JATIM,MALANG,TULUNGAGUNG,,,0,0,0,JAWA TIMUR,BLITAR,WLINGI,BALEREJO,BLITAR
2514869359,,ODP-WGI-FM/01,-8.02982,112.382832,,,2,6,0,0,8,REGIONAL 5,KEDIRI,BLITAR,WGI,,,2024-03-16 23:23:59,2018-05-21,2018,5,NON TITO,,,JAWA TIMUR,0.75,YELLOW,354279534,AREA 3,JATIM,MALANG,TULUNGAGUNG,,,0,0,0,JAWA TIMUR,BLITAR,WLINGI,BALEREJO,BLITAR
2523951261,,ODP-KBN-FJ/01,-8.045187,112.417719,,,5,11,0,0,16,REGIONAL 5,KEDIRI,BLITAR,KBN,,,2024-03-16 23:26:24,2018-05-23,2018,5,NON TITO,,,JAWA TIMUR,0.6875,YELLOW,354554543,AREA 3,JATIM,MALANG,TULUNGAGUNG,,,0,0,0,JAWA TIMUR,BLITAR,DOKO,RESAPOMBO,BLITAR
130596034,,ODP-WGI-FD/02,-8.1202,112.3378,,,2,6,0,0,8,REGIONAL 5,KEDIRI,BLITAR,WGI,,,2024-03-16 23:26:31,2016-02-27,2016,2,NON TITO,,,JAWA TIMUR,0.75,YELLOW,7830110,AREA 3,JATIM,MALANG,TULUNGAGUNG,,,0,0,0,JAWA TIMUR,BLITAR,SELOPURO,POPOH,BLITAR
130648926,,ODP-BLR-FN/04,-8.0994,112.1745,,,7,9,0,0,16,REGIONAL 5,KEDIRI,BLITAR,BLR,,,2024-03-16 23:24:53,2016-02-27,2016,2,NON TITO,,,JAWA TIMUR,0.5625,YELLOW,7887659,AREA 3,JATIM,MALANG,TULUNGAGUNG,,,0,0,0,JAWA TIMUR,KOTA BLITAR,SANANWETAN,SANANWETAN,BLITAR
2986169524,,ODP-BLR-FP/101,-8.090169,112.132625,,,7,9,0,0,16,REGIONAL 5,KEDIRI,BLITAR,BLR,,,2024-03-16 23:26:03,2018-10-03,2018,10,NON TITO,,,JAWA TIMUR,0.5625,YELLOW,405055139,AREA 3,JATIM,MALANG,TULUNGAGUNG,,,0,0,0,JAWA TIMUR,KOTA BLITAR,SUKOREJO,PAKUNDEN,BLITAR
2986169509,,ODP-BLR-FP/96,-8.08754,112.15057,,,2,6,0,0,8,REGIONAL 5,KEDIRI,BLITAR,BLR,,,2024-03-16 23:25:07,2018-10-03,2018,10,NON TITO,,,JAWA TIMUR,0.75,YELLOW,405055127,AREA 3,JATIM,MALANG,TULUNGAGUNG,,,0,0,0,JAWA TIMUR,KOTA BLITAR,SUKOREJO,TANJUNGSARI,BLITAR
2786368913,,ODP-BLR-FBD/35,-8.099004,112.166494,,,7,9,0,0,16,REGIONAL 5,KEDIRI,BLITAR,BLR,,,2024-03-16 23:26:22,2018-08-09,2018,8,NON TITO,,,JAWA TIMUR,0.5625,YELLOW,389206942,AREA 3,JATIM,MALANG,TULUNGAGUNG,,,0,0,0,JAWA TIMUR,KOTA BLITAR,KEPANJENKIDUL,KEPANJENLOR,BLITAR
130647655,,ODP-BLR-FE/05,-8.0968,112.1663,,,4,9,0,0,16,REGIONAL 5,KEDIRI,BLITAR,BLR,,,2024-03-16 23:24:27,2016-02-27,2016,2,NON TITO,,,JAWA TIMUR,0.5625,YELLOW,7886398,AREA 3,JATIM,MALANG,TULUNGAGUNG,,,0,0,0,JAWA TIMUR,KOTA BLITAR,KEPANJENKIDUL,KEPANJENLOR,BLITAR
2665769773,,ODP-BLR-FCB/02,-8.054107,112.206595,,,4,4,0,0,8,REGIONAL 5,KEDIRI,BLITAR,BLR,,,2024-03-16 23:22:27,2018-07-18,2018,7,NON TITO,,,JAWA TIMUR,0.5,YELLOW,362572361,AREA 3,JATIM,MALANG,TULUNGAGUNG,,,0,0,0,JAWA TIMUR,BLITAR,NGLEGOK,JIWUT,BLITAR
2537303680,,ODP-BLR-FZ/10,-8.10202,112.148229,,,2,6,0,0,8,REGIONAL 5,KEDIRI,BLITAR,BLR,,,2024-03-16 23:24:14,2018-05-24,2018,5,NON TITO,,,JAWA TIMUR,0.75,YELLOW,354613506,AREA 3,JATIM,MALANG,TULUNGAGUNG,,,0,0,0,JAWA TIMUR,KOTA BLITAR,SUKOREJO,BLITAR,BLITAR
130643548,,ODP-BLR-FE/08,-8.0964,112.1691,,,6,10,0,0,16,REGIONAL 5,KEDIRI,BLITAR,BLR,,,2024-03-16 23:23:35,2016-02-27,2016,2,NON TITO,,,JAWA TIMUR,0.625,YELLOW,7882323,AREA 3,JATIM,MALANG,TULUNGAGUNG,,,0,0,0,JAWA TIMUR,KOTA BLITAR,KEPANJENKIDUL,KEPANJENLOR,BLITAR
2616869989,,ODP-BLR-FP/86,-8.091666,112.153917,,,5,11,0,0,16,REGIONAL 5,KEDIRI,BLITAR,BLR,,,2024-03-16 23:28:40,2018-06-21,2018,6,NON TITO,,,JAWA TIMUR,0.6875,YELLOW,361674569,AREA 3,JATIM,MALANG,TULUNGAGUNG,,,0,0,0,JAWA TIMUR,KOTA BLITAR,SUKOREJO,TANJUNGSARI,BLITAR
130636595,,ODP-BLR-FA/01,-8.1173,112.13456,,,7,7,0,0,16,REGIONAL 5,KEDIRI,BLITAR,BLR,,,2024-03-16 23:21:38,2016-02-27,2016,2,NON TITO,,,JAWA TIMUR,0.4375,YELLOW,7875470,AREA 3,JATIM,MALANG,TULUNGAGUNG,,,0,0,0,JAWA TIMUR,BLITAR,SANANKULON,BENDOWULUNG,BLITAR
2574193686,,ODP-BLR-FBT/01,-8.159115,112.175354,,,2,6,0,0,8,REGIONAL 5,KEDIRI,BLITAR,BLR,,,2024-03-16 23:27:39,2018-05-28,2018,5,NON TITO,,,JAWA TIMUR,0.75,YELLOW,356724497,AREA 3,JATIM,MALANG,TULUNGAGUNG,,,0,0,0,JAWA TIMUR,BLITAR,KADEMANGAN,DARUNGAN,BLITAR
2574193641,,ODP-BLR-FBT/02,-8.158157,112.173949,,,1,6,0,0,8,REGIONAL 5,KEDIRI,BLITAR,BLR,,,2024-03-16 23:27:47,2018-05-28,2018,5,NON TITO,,,JAWA TIMUR,0.75,YELLOW,356724466,AREA 3,JATIM,MALANG,TULUNGAGUNG,,,0,0,0,JAWA TIMUR,BLITAR,KADEMANGAN,DARUNGAN,BLITAR
2574193702,,ODP-BLR-FBT/04,-8.155608,112.168614,,,3,5,0,0,8,REGIONAL 5,KEDIRI,BLITAR,BLR,,,2024-03-16 23:27:58,2018-05-28,2018,5,NON TITO,,,JAWA TIMUR,0.625,YELLOW,356506739,AREA 3,JATIM,MALANG,TULUNGAGUNG,,,0,0,0,JAWA TIMUR,BLITAR,KADEMANGAN,PLOSOREJO,BLITAR
2537304378,,ODP-BLR-FZ/11,-8.101743,112.146638,,,4,4,0,0,8,REGIONAL 5,KEDIRI,BLITAR,BLR,,,2024-03-16 23:24:02,2018-05-24,2018,5,NON TITO,,,JAWA TIMUR,0.5,YELLOW,354613719,AREA 3,JATIM,MALANG,TULUNGAGUNG,,,0,0,0,JAWA TIMUR,KOTA BLITAR,SUKOREJO,BLITAR,BLITAR
130637123,,ODP-BLR-FA/04,-8.1135,112.1407,,,2,5,0,0,8,REGIONAL 5,KEDIRI,BLITAR,BLR,,,2024-03-16 23:22:20,2016-02-27,2016,2,NON TITO,,,JAWA TIMUR,0.625,YELLOW,7875980,AREA 3,JATIM,MALANG,TULUNGAGUNG,,,0,0,0,JAWA TIMUR,KOTA BLITAR,SUKOREJO,TLUMPU,BLITAR
2986169780,,ODP-BLR-FP/87,-8.090943,112.153935,,,2,6,0,0,8,REGIONAL 5,KEDIRI,BLITAR,BLR,,,2024-03-16 23:26:17,2018-10-03,2018,10,NON TITO,,,JAWA TIMUR,0.75,YELLOW,405055337,AREA 3,JATIM,MALANG,TULUNGAGUNG,,,0,0,0,JAWA TIMUR,KOTA BLITAR,SUKOREJO,TANJUNGSARI,BLITAR
2514869274,,ODP-BLR-FBZ/02,-8.116413,112.15468,,,2,6,0,0,8,REGIONAL 5,KEDIRI,BLITAR,BLR,,,2024-03-16 23:23:22,2018-05-21,2018,5,NON TITO,,,JAWA TIMUR,0.75,YELLOW,354279457,AREA 3,JATIM,MALANG,TULUNGAGUNG,,,0,0,0,JAWA TIMUR,KOTA BLITAR,SUKOREJO,TLUMPU,BLITAR
2514869232,,ODP-WGI-FM/06,-8.039703,112.345931,,,2,6,0,0,8,REGIONAL 5,KEDIRI,BLITAR,WGI,,,2024-03-16 23:23:52,2018-05-21,2018,5,NON TITO,,,JAWA TIMUR,0.75,YELLOW,354279418,AREA 3,JATIM,MALANG,TULUNGAGUNG,,,0,0,0,JAWA TIMUR,BLITAR,WLINGI,TEGALASRI,BLITAR
2403718737,,ODP-KBN-FB/35,-8.113968,112.428731,,,2,6,0,0,8,REGIONAL 5,KEDIRI,BLITAR,KBN,,,2024-03-16 23:23:55,2018-04-04,2018,4,NON TITO,,,JAWA TIMUR,0.75,YELLOW,333509782,AREA 3,JATIM,MALANG,TULUNGAGUNG,,,0,0,0,JAWA TIMUR,BLITAR,SELOREJO,SUMBERAGUNG,BLITAR
2403718732,,ODP-KBN-FB/34,-8.111757,112.429896,,,4,4,0,0,8,REGIONAL 5,KEDIRI,BLITAR,KBN,,,2024-03-16 23:23:33,2018-04-04,2018,4,NON TITO,,,JAWA TIMUR,0.5,YELLOW,333509779,AREA 3,JATIM,MALANG,TULUNGAGUNG,,,0,0,0,JAWA TIMUR,BLITAR,SELOREJO,SUMBERAGUNG,BLITAR
2403718727,,ODP-KBN-FG/07,-8.10948,112.398282,,,4,4,0,0,8,REGIONAL 5,KEDIRI,BLITAR,KBN,,,2024-03-16 23:22:20,2018-04-04,2018,4,NON TITO,,,JAWA TIMUR,0.5,YELLOW,333509776,AREA 3,JATIM,MALANG,TULUNGAGUNG,,,0,0,0,JAWA TIMUR,BLITAR,KESAMBEN,TEPAS,BLITAR
130595442,,ODP-WGI-FB/57,-8.0879,112.314,,,2,6,0,0,8,REGIONAL 5,KEDIRI,BLITAR,WGI,,,2024-03-16 23:27:00,2016-02-27,2016,2,NON TITO,,,JAWA TIMUR,0.75,YELLOW,7829723,AREA 3,JATIM,MALANG,TULUNGAGUNG,,,0,0,0,JAWA TIMUR,BLITAR,WLINGI,BERU,BLITAR
2402520753,,ODP-KBN-FF/10,-8.090251,112.400305,,,4,4,0,0,8,REGIONAL 5,KEDIRI,BLITAR,KBN,,,2024-03-16 23:27:11,2018-04-03,2018,4,NON TITO,,,JAWA TIMUR,0.5,YELLOW,333502935,AREA 3,JATIM,MALANG,TULUNGAGUNG,,,0,0,0,JAWA TIMUR,BLITAR,KESAMBEN,TEPAS,BLITAR
130595416,,ODP-LDY-FA/11,-8.1702,112.2156,,,8,8,0,0,16,REGIONAL 5,KEDIRI,BLITAR,LDY,,,2024-03-16 23:28:08,2016-02-27,2016,2,NON TITO,,,JAWA TIMUR,0.5,YELLOW,7829707,AREA 3,JATIM,MALANG,TULUNGAGUNG,,,0,0,0,JAWA TIMUR,BLITAR,SUTOJAYAN,KALIPANG,BLITAR
2403718767,,ODP-KBN-FB/31,-8.13245,112.435335,,,4,4,0,0,8,REGIONAL 5,KEDIRI,BLITAR,KBN,,,2024-03-16 23:23:56,2018-04-04,2018,4,NON TITO,,,JAWA TIMUR,0.5,YELLOW,333509819,AREA 3,JATIM,MALANG,TULUNGAGUNG,,,0,0,0,JAWA TIMUR,BLITAR,SELOREJO,OLAK ALEN,BLITAR
130595342,,ODP-WGI-FA/20,-8.0839,112.2908,,,3,5,0,0,8,REGIONAL 5,KEDIRI,BLITAR,WGI,,,2024-03-16 23:27:50,2016-02-27,2016,2,NON TITO,,,JAWA TIMUR,0.625,YELLOW,7829660,AREA 3,JATIM,MALANG,TULUNGAGUNG,,,0,0,0,JAWA TIMUR,BLITAR,TALUN,TALUN,BLITAR
2402520110,,ODP-KBN-FF/05,-8.102147,112.392031,,,6,10,0,0,16,REGIONAL 5,KEDIRI,BLITAR,KBN,,,2024-03-16 23:26:41,2018-04-03,2018,4,NON TITO,,,JAWA TIMUR,0.625,YELLOW,333502512,AREA 3,JATIM,MALANG,TULUNGAGUNG,,,0,0,0,JAWA TIMUR,BLITAR,KESAMBEN,TEPAS,BLITAR
2402520105,,ODP-KBN-FF/01,-8.076762,112.410016,,,9,7,0,0,16,REGIONAL 5,KEDIRI,BLITAR,KBN,,,2024-03-16 23:26:46,2018-04-03,2018,4,NON TITO,,,JAWA TIMUR,0.4375,YELLOW,333502508,AREA 3,JATIM,MALANG,TULUNGAGUNG,,,0,0,0,JAWA TIMUR,BLITAR,KESAMBEN,KEMIRIGEDE,BLITAR
2402519365,,ODP-KBN-FH/21,-8.145989,112.367082,,,5,11,0,0,16,REGIONAL 5,KEDIRI,BLITAR,KBN,,,2024-03-16 23:26:00,2018-04-03,2018,4,NON TITO,,,JAWA TIMUR,0.6875,YELLOW,333502077,AREA 3,JATIM,MALANG,TULUNGAGUNG,,,0,0,0,JAWA TIMUR,BLITAR,KESAMBEN,KESAMBEN,BLITAR
2402519355,,ODP-KBN-FH/12,-8.137257,112.376021,,,2,6,0,0,8,REGIONAL 5,KEDIRI,BLITAR,KBN,,,2024-03-16 23:26:46,2018-04-03,2018,4,NON TITO,,,JAWA TIMUR,0.75,YELLOW,333502069,AREA 3,JATIM,MALANG,TULUNGAGUNG,,,0,0,0,JAWA TIMUR,BLITAR,KESAMBEN,PAGERWOJO,BLITAR
130595287,,ODP-WGI-FA/06,-8.1137,112.2743,,,6,10,0,0,16,REGIONAL 5,KEDIRI,BLITAR,WGI,,,2024-03-16 23:28:05,2016-02-27,2016,2,NON TITO,,,JAWA TIMUR,0.625,YELLOW,7829627,AREA 3,JATIM,MALANG,TULUNGAGUNG,,,0,0,0,JAWA TIMUR,BLITAR,TALUN,BENDOSEWU,BLITAR
2402519288,,ODP-SNT-FX/01,-8.050531,112.112327,,,4,4,0,0,8,REGIONAL 5,KEDIRI,BLITAR,SNT,,,2024-03-16 23:26:52,2018-04-03,2018,4,NON TITO,,,JAWA TIMUR,0.5,YELLOW,333502018,AREA 3,JATIM,MALANG,TULUNGAGUNG,,,0,0,0,JAWA TIMUR,BLITAR,PONGGOK,POJOK,BLITAR
2402520234,,ODP-KBN-FF/07,-8.097194,112.394949,,,4,4,0,0,8,REGIONAL 5,KEDIRI,BLITAR,KBN,,,2024-03-16 23:26:53,2018-04-03,2018,4,NON TITO,,,JAWA TIMUR,0.5,YELLOW,333502604,AREA 3,JATIM,MALANG,TULUNGAGUNG,,,0,0,0,JAWA TIMUR,BLITAR,KESAMBEN,TEPAS,BLITAR
2514869269,,ODP-BLR-FBZ/01,-8.114947,112.155013,,,2,6,0,0,8,REGIONAL 5,KEDIRI,BLITAR,BLR,,,2024-03-16 23:23:57,2018-05-21,2018,5,NON TITO,,,JAWA TIMUR,0.75,YELLOW,354279451,AREA 3,JATIM,MALANG,TULUNGAGUNG,,,0,0,0,JAWA TIMUR,KOTA BLITAR,SUKOREJO,KARANGSARI,BLITAR
130595525,,ODP-WGI-FB/25,-8.079,112.3259,,,8,8,0,0,16,REGIONAL 5,KEDIRI,BLITAR,WGI,,,2024-03-16 23:27:49,2016-02-27,2016,2,NON TITO,,,JAWA TIMUR,0.5,YELLOW,7829777,AREA 3,JATIM,MALANG,TULUNGAGUNG,,,0,0,0,JAWA TIMUR,BLITAR,WLINGI,BABADAN,BLITAR
2403718792,,ODP-KBN-FB/33,-8.13351,112.424854,,,3,5,0,0,8,REGIONAL 5,KEDIRI,BLITAR,KBN,,,2024-03-16 23:23:55,2018-04-04,2018,4,NON TITO,,,JAWA TIMUR,0.625,YELLOW,333509854,AREA 3,JATIM,MALANG,TULUNGAGUNG,,,0,0,0,JAWA TIMUR,BLITAR,SELOREJO,SELOREJO,BLITAR
2484794203,,ODP-BLR-FCD/04,-8.06513,112.184465,,,2,6,0,0,8,REGIONAL 5,KEDIRI,BLITAR,BLR,,,2024-03-16 23:27:49,2018-05-02,2018,5,NON TITO,,,JAWA TIMUR,0.75,YELLOW,353654515,AREA 3,JATIM,MALANG,TULUNGAGUNG,,,0,0,0,JAWA TIMUR,KOTA BLITAR,KEPANJENKIDUL,NGADIREJO,BLITAR
2484794152,,ODP-BLR-FCD/03,-8.064977,112.183944,,,2,6,0,0,8,REGIONAL 5,KEDIRI,BLITAR,BLR,,,2024-03-16 23:28:50,2018-05-02,2018,5,NON TITO,,,JAWA TIMUR,0.75,YELLOW,353654472,AREA 3,JATIM,MALANG,TULUNGAGUNG,,,0,0,0,JAWA TIMUR,KOTA BLITAR,KEPANJENKIDUL,NGADIREJO,BLITAR
2484794084,,ODP-BLR-FCD/01,-8.066223,112.182227,,,8,8,0,0,16,REGIONAL 5,KEDIRI,BLITAR,BLR,,,2024-03-16 23:28:53,2018-05-02,2018,5,NON TITO,,,JAWA TIMUR,0.5,YELLOW,353654420,AREA 3,JATIM,MALANG,TULUNGAGUNG,,,0,0,0,JAWA TIMUR,KOTA BLITAR,KEPANJENKIDUL,NGADIREJO,BLITAR
2484794015,,ODP-BLR-FCD/07,-8.067045,112.189484,,,3,5,0,0,8,REGIONAL 5,KEDIRI,BLITAR,BLR,,,2024-03-16 23:28:55,2018-05-02,2018,5,NON TITO,,,JAWA TIMUR,0.625,YELLOW,353654344,AREA 3,JATIM,MALANG,TULUNGAGUNG,,,0,0,0,JAWA TIMUR,KOTA BLITAR,KEPANJENKIDUL,SENTUL,BLITAR
130595751,,ODP-WGI-FA/24,-8.0875,112.2898,,,4,4,0,0,8,REGIONAL 5,KEDIRI,BLITAR,WGI,,,2024-03-16 23:28:06,2016-02-27,2016,2,NON TITO,,,JAWA TIMUR,0.5,YELLOW,7829927,AREA 3,JATIM,MALANG,TULUNGAGUNG,,,0,0,0,JAWA TIMUR,BLITAR,TALUN,TALUN,BLITAR
2484793941,,ODP-BLR-FCD/05,-8.065393,112.185343,,,2,6,0,0,8,REGIONAL 5,KEDIRI,BLITAR,BLR,,,2024-03-16 23:28:53,2018-05-02,2018,5,NON TITO,,,JAWA TIMUR,0.75,YELLOW,353654275,AREA 3,JATIM,MALANG,TULUNGAGUNG,,,0,0,0,JAWA TIMUR,KOTA BLITAR,KEPANJENKIDUL,NGADIREJO,BLITAR
130595552,,ODP-SNT-FE/03,-8.0505,112.0492,,,4,4,0,0,8,REGIONAL 5,KEDIRI,BLITAR,SNT,,,2024-03-16 23:28:05,2016-02-27,2016,2,NON TITO,,,JAWA TIMUR,0.5,YELLOW,7829794,AREA 3,JATIM,MALANG,TULUNGAGUNG,,,0,0,0,JAWA TIMUR,BLITAR,SRENGAT,DERMOJAYAN,BLITAR
2484793936,,ODP-BLR-FCD/02,-8.064582,112.182653,,,4,4,0,0,8,REGIONAL 5,KEDIRI,BLITAR,BLR,,,2024-03-16 23:28:28,2018-05-02,2018,5,NON TITO,,,JAWA TIMUR,0.5,YELLOW,353654270,AREA 3,JATIM,MALANG,TULUNGAGUNG,,,0,0,0,JAWA TIMUR,KOTA BLITAR,KEPANJENKIDUL,NGADIREJO,BLITAR
388879679,,ODP-PAN-FC/02,-7.983326,112.188817,,,4,4,0,0,8,REGIONAL 5,KEDIRI,BLITAR,PAN,,,2024-03-16 23:26:17,2016-05-12,2016,5,NON TITO,,,JAWA TIMUR,0.5,YELLOW,23549100,AREA 3,JATIM,MALANG,TULUNGAGUNG,,,0,0,0,JAWA TIMUR,BLITAR,NGLEGOK,SUMBERASRI,BLITAR
391954559,,ODP-SNT-FF/06,-8.065185,112.101781,,,2,6,0,0,8,REGIONAL 5,KEDIRI,BLITAR,SNT,,,2024-03-16 23:25:17,2016-05-12,2016,5,NON TITO,,,JAWA TIMUR,0.75,YELLOW,23550030,AREA 3,JATIM,MALANG,TULUNGAGUNG,,,0,0,0,JAWA TIMUR,BLITAR,PONGGOK,KAWEDUSAN,BLITAR
2413248327,,ODP-SNT-FP/07,-8.000562,112.03451,,,8,8,0,0,16,REGIONAL 5,KEDIRI,BLITAR,SNT,,,2024-03-16 23:23:46,2018-04-11,2018,4,NON TITO,,,JAWA TIMUR,0.5,YELLOW,333691887,AREA 3,JATIM,MALANG,TULUNGAGUNG,,,0,0,0,JAWA TIMUR,BLITAR,UDANAWU,BAKUNG,BLITAR
130595653,,ODP-WGI-FD/23,-8.0857,112.3356,,,6,8,2,0,16,REGIONAL 5,KEDIRI,BLITAR,WGI,,,2024-03-16 23:28:14,2016-02-27,2016,2,NON TITO,,,JAWA TIMUR,0.5,YELLOW,7829861,AREA 3,JATIM,MALANG,TULUNGAGUNG,,,0,0,0,JAWA TIMUR,BLITAR,WLINGI,WLINGI,BLITAR
2403718837,,ODP-KBN-FB/32,-8.133664,112.432442,,,2,6,0,0,8,REGIONAL 5,KEDIRI,BLITAR,KBN,,,2024-03-16 23:23:33,2018-04-04,2018,4,NON TITO,,,JAWA TIMUR,0.75,YELLOW,333509894,AREA 3,JATIM,MALANG,TULUNGAGUNG,,,0,0,0,JAWA TIMUR,BLITAR,SELOREJO,OLAK ALEN,BLITAR
130595607,,ODP-SNT-FB/16,-8.0866,112.0703,,,3,5,0,0,8,REGIONAL 5,KEDIRI,BLITAR,SNT,,,2024-03-16 23:27:08,2016-02-27,2016,2,NON TITO,,,JAWA TIMUR,0.625,YELLOW,7829830,AREA 3,JATIM,MALANG,TULUNGAGUNG,,,0,0,0,JAWA TIMUR,BLITAR,SRENGAT,WONOREJO,BLITAR
374104774,,ODP-SNT-FF/05,-8.040565,112.103572,,,3,5,0,0,8,REGIONAL 5,KEDIRI,BLITAR,SNT,,,2024-03-16 23:25:01,2016-05-10,2016,5,NON TITO,,,JAWA TIMUR,0.625,YELLOW,22633623,AREA 3,JATIM,MALANG,TULUNGAGUNG,,,0,0,0,JAWA TIMUR,BLITAR,PONGGOK,PONGGOK,BLITAR
3544094409,,ODP-KBN-FE/18,-8.166051,112.377379,,,2,6,0,0,8,REGIONAL 5,KEDIRI,BLITAR,KBN,,,2024-03-16 23:29:03,2019-04-22,2019,4,NON TITO,,,JAWA TIMUR,0.75,YELLOW,627341066,AREA 3,JATIM,MALANG,TULUNGAGUNG,,,0,0,0,JAWA TIMUR,BLITAR,KESAMBEN,JUGO,BLITAR
3544094893,,ODP-KBN-FE/20,-8.166247,112.37473,,,2,6,0,0,8,REGIONAL 5,KEDIRI,BLITAR,KBN,,,2024-03-16 23:29:00,2019-04-22,2019,4,NON TITO,,,JAWA TIMUR,0.75,YELLOW,627341285,AREA 3,JATIM,MALANG,TULUNGAGUNG,,,0,0,0,JAWA TIMUR,BLITAR,KESAMBEN,JUGO,BLITAR
3544094266,,ODP-KBN-FE/21,-8.165416,112.373483,,,2,6,0,0,8,REGIONAL 5,KEDIRI,BLITAR,KBN,,,2024-03-16 23:28:57,2019-04-22,2019,4,NON TITO,,,JAWA TIMUR,0.75,YELLOW,627401474,AREA 3,JATIM,MALANG,TULUNGAGUNG,,,0,0,0,JAWA TIMUR,BLITAR,KESAMBEN,JUGO,BLITAR
4874143754,,ODP-BLR-FCB/16,-8.043214,112.231208,,,2,6,0,0,8,REGIONAL 5,KEDIRI,BLITAR,BLR,,,2024-03-16 23:24:23,2020-04-29,2020,4,NON TITO,,,JAWA TIMUR,0.75,YELLOW,828521426,AREA 3,JATIM,MALANG,TULUNGAGUNG,,,0,0,0,JAWA TIMUR,BLITAR,GARUM,SIDODADI,BLITAR
4874143760,,ODP-BLR-FCB/18,-8.043127,112.228027,,,6,10,0,0,16,REGIONAL 5,KEDIRI,BLITAR,BLR,,,2024-03-16 23:24:21,2020-04-29,2020,4,NON TITO,,,JAWA TIMUR,0.625,YELLOW,828521430,AREA 3,JATIM,MALANG,TULUNGAGUNG,,,0,0,0,JAWA TIMUR,BLITAR,GARUM,SIDODADI,BLITAR
4875194655,,ODP-LDY-FB/29,-8.1649,112.213845,,,7,9,0,0,16,REGIONAL 5,KEDIRI,BLITAR,LDY,,,2024-03-16 23:24:53,2020-05-05,2020,5,NON TITO,,,JAWA TIMUR,0.5625,YELLOW,828589898,AREA 3,JATIM,MALANG,TULUNGAGUNG,,,0,0,0,JAWA TIMUR,BLITAR,SUTOJAYAN,KALIPANG,BLITAR
4875194660,,ODP-LDY-FB/32,-8.163268,112.217625,,,2,6,0,0,8,REGIONAL 5,KEDIRI,BLITAR,LDY,,,2024-03-16 23:24:53,2020-05-05,2020,5,NON TITO,,,JAWA TIMUR,0.75,YELLOW,828589901,AREA 3,JATIM,MALANG,TULUNGAGUNG,,,0,0,0,JAWA TIMUR,BLITAR,SUTOJAYAN,KALIPANG,BLITAR
4875194665,,ODP-LDY-FB/31,-8.162338,112.215852,,,4,12,0,0,16,REGIONAL 5,KEDIRI,BLITAR,LDY,,,2024-03-16 23:24:55,2020-05-05,2020,5,NON TITO,,,JAWA TIMUR,0.75,YELLOW,828589904,AREA 3,JATIM,MALANG,TULUNGAGUNG,,,0,0,0,JAWA TIMUR,BLITAR,SUTOJAYAN,KALIPANG,BLITAR
4875194680,,ODP-LDY-FB/30,-8.164892,112.215981,,,2,6,0,0,8,REGIONAL 5,KEDIRI,BLITAR,LDY,,,2024-03-16 23:25:04,2020-05-05,2020,5,NON TITO,,,JAWA TIMUR,0.75,YELLOW,828589913,AREA 3,JATIM,MALANG,TULUNGAGUNG,,,0,0,0,JAWA TIMUR,BLITAR,SUTOJAYAN,KALIPANG,BLITAR
130670879,,ODP-BLR-FA/13,-8.1097,112.1504,,,9,7,0,0,16,REGIONAL 5,KEDIRI,BLITAR,BLR,,,2024-03-16 23:22:36,2016-02-27,2016,2,NON TITO,,,JAWA TIMUR,0.4375,YELLOW,7904866,AREA 3,JATIM,MALANG,TULUNGAGUNG,,,0,0,0,JAWA TIMUR,KOTA BLITAR,SUKOREJO,SUKOREJO,BLITAR
4877370668,,ODP-BLR-FBS/28,-8.13378,112.249736,,,2,6,0,0,8,REGIONAL 5,KEDIRI,BLITAR,BLR,,,2024-03-16 23:28:14,2020-05-06,2020,5,NON TITO,,,JAWA TIMUR,0.75,YELLOW,828604537,AREA 3,JATIM,MALANG,TULUNGAGUNG,,,0,0,0,JAWA TIMUR,BLITAR,TALUN,JABUNG,BLITAR
4922368604,,ODP-WGI-FU/05,-8.078827,112.256745,,,3,5,0,0,8,REGIONAL 5,KEDIRI,BLITAR,WGI,,,2024-03-16 23:27:42,2020-05-06,2020,5,NON TITO,,,JAWA TIMUR,0.625,YELLOW,828606943,AREA 3,JATIM,MALANG,TULUNGAGUNG,,,0,0,0,JAWA TIMUR,BLITAR,TALUN,KENDALREJO,BLITAR
4922368609,,ODP-WGI-FU/04,-8.08797,112.254698,,,8,8,0,0,16,REGIONAL 5,KEDIRI,BLITAR,WGI,,,2024-03-16 23:28:36,2020-05-06,2020,5,NON TITO,,,JAWA TIMUR,0.5,YELLOW,828606946,AREA 3,JATIM,MALANG,TULUNGAGUNG,,,0,0,0,JAWA TIMUR,BLITAR,TALUN,KENDALREJO,BLITAR
4922368614,,ODP-WGI-FU/06,-8.083975,112.25509,,,6,10,0,0,16,REGIONAL 5,KEDIRI,BLITAR,WGI,,,2024-03-16 23:28:56,2020-05-06,2020,5,NON TITO,,,JAWA TIMUR,0.625,YELLOW,828606949,AREA 3,JATIM,MALANG,TULUNGAGUNG,,,0,0,0,JAWA TIMUR,BLITAR,TALUN,KENDALREJO,BLITAR
4899870349,,ODP-PAN-FA/32,-8.015391,112.21235,,,3,5,0,0,8,REGIONAL 5,KEDIRI,BLITAR,PAN,,,2024-03-16 23:27:56,2020-05-06,2020,5,NON TITO,,,JAWA TIMUR,0.625,YELLOW,828616605,AREA 3,JATIM,MALANG,TULUNGAGUNG,,,0,0,0,JAWA TIMUR,BLITAR,NGLEGOK,PENATARAN,BLITAR
4899870354,,ODP-PAN-FA/28,-8.025159,112.219749,,,4,4,0,0,8,REGIONAL 5,KEDIRI,BLITAR,PAN,,,2024-03-16 23:28:33,2020-05-06,2020,5,NON TITO,,,JAWA TIMUR,0.5,YELLOW,828616608,AREA 3,JATIM,MALANG,TULUNGAGUNG,,,0,0,0,JAWA TIMUR,BLITAR,NGLEGOK,MODANGAN,BLITAR
130670922,,ODP-LDY-FA/18,-8.1678,112.2243,,,5,11,0,0,16,REGIONAL 5,KEDIRI,BLITAR,LDY,,,2024-03-16 23:21:18,2016-02-27,2016,2,NON TITO,,,JAWA TIMUR,0.6875,YELLOW,7904889,AREA 3,JATIM,MALANG,TULUNGAGUNG,,,0,0,0,JAWA TIMUR,BLITAR,SUTOJAYAN,JINGGLONG,BLITAR
4899870374,,ODP-PAN-FA/29,-8.015461,112.224994,,,4,4,0,0,8,REGIONAL 5,KEDIRI,BLITAR,PAN,,,2024-03-16 23:27:48,2020-05-06,2020,5,NON TITO,,,JAWA TIMUR,0.5,YELLOW,828616620,AREA 3,JATIM,MALANG,TULUNGAGUNG,,,0,0,0,JAWA TIMUR,BLITAR,NGLEGOK,MODANGAN,BLITAR
4899870379,,ODP-PAN-FA/24,-8.020409,112.24168,,,2,6,0,0,8,REGIONAL 5,KEDIRI,BLITAR,PAN,,,2024-03-16 23:28:14,2020-05-06,2020,5,NON TITO,,,JAWA TIMUR,0.75,YELLOW,828616623,AREA 3,JATIM,MALANG,TULUNGAGUNG,,,0,0,0,JAWA TIMUR,BLITAR,GARUM,KARANGREJO,BLITAR
4899870389,,ODP-PAN-FA/27,-8.026533,112.217792,,,4,4,0,0,8,REGIONAL 5,KEDIRI,BLITAR,PAN,,,2024-03-16 23:28:53,2020-05-06,2020,5,NON TITO,,,JAWA TIMUR,0.5,YELLOW,828616630,AREA 3,JATIM,MALANG,TULUNGAGUNG,,,0,0,0,JAWA TIMUR,BLITAR,NGLEGOK,NGLEGOK,BLITAR
4962644693,,ODP-SNT-FK/07,-8.108572,112.088266,,,3,12,1,0,16,REGIONAL 5,KEDIRI,BLITAR,SNT,,,2024-03-16 23:26:40,2020-05-12,2020,5,NON TITO,,,JAWA TIMUR,0.75,YELLOW,829783733,AREA 3,JATIM,MALANG,TULUNGAGUNG,,,0,0,0,JAWA TIMUR,BLITAR,SRENGAT,SELOKAJANG,BLITAR
130671053,,ODP-WGI-FD/16,-8.0781,112.3317,,,5,11,0,0,16,REGIONAL 5,KEDIRI,BLITAR,WGI,,,2024-03-16 23:22:43,2016-02-27,2016,2,NON TITO,,,JAWA TIMUR,0.6875,YELLOW,7904965,AREA 3,JATIM,MALANG,TULUNGAGUNG,,,0,0,0,JAWA TIMUR,BLITAR,WLINGI,WLINGI,BLITAR
4962644226,,ODP-SNT-FL/02,-8.076377,112.058757,,,4,12,0,0,16,REGIONAL 5,KEDIRI,BLITAR,SNT,,,2024-03-16 23:27:14,2020-05-12,2020,5,NON TITO,,,JAWA TIMUR,0.75,YELLOW,829782709,AREA 3,JATIM,MALANG,TULUNGAGUNG,,,0,0,0,JAWA TIMUR,BLITAR,SRENGAT,WONOREJO,BLITAR
130671017,,ODP-BLR-FR/20,-8.0995,112.1555,,,8,7,0,0,16,REGIONAL 5,KEDIRI,BLITAR,BLR,,,2024-03-16 23:22:41,2016-02-27,2016,2,NON TITO,,,JAWA TIMUR,0.4375,YELLOW,7904948,AREA 3,JATIM,MALANG,TULUNGAGUNG,,,0,0,0,JAWA TIMUR,KOTA BLITAR,SUKOREJO,SUKOREJO,BLITAR
4963693558,,ODP-SNT-FD/10,-8.063725,112.057968,,,2,6,0,0,8,REGIONAL 5,KEDIRI,BLITAR,SNT,,,2024-03-16 23:27:50,2020-05-11,2020,5,NON TITO,,,JAWA TIMUR,0.75,YELLOW,829776464,AREA 3,JATIM,MALANG,TULUNGAGUNG,,,0,0,0,JAWA TIMUR,BLITAR,SRENGAT,TOGOGAN,BLITAR
4963693553,,ODP-SNT-FD/12,-8.061258,112.060866,,,8,7,1,0,16,REGIONAL 5,KEDIRI,BLITAR,SNT,,,2024-03-16 23:27:48,2020-05-11,2020,5,NON TITO,,,JAWA TIMUR,0.4375,YELLOW,829776461,AREA 3,JATIM,MALANG,TULUNGAGUNG,,,0,0,0,JAWA TIMUR,BLITAR,SRENGAT,TOGOGAN,BLITAR
4874143748,,ODP-BLR-FCB/21,-8.049654,112.215143,,,3,5,0,0,8,REGIONAL 5,KEDIRI,BLITAR,BLR,,,2024-03-16 23:24:37,2020-04-29,2020,4,NON TITO,,,JAWA TIMUR,0.625,YELLOW,828521420,AREA 3,JATIM,MALANG,TULUNGAGUNG,,,0,0,0,JAWA TIMUR,BLITAR,NGLEGOK,JIWUT,BLITAR
4963693543,,ODP-SNT-FD/11,-8.060829,112.059226,,,7,9,0,0,16,REGIONAL 5,KEDIRI,BLITAR,SNT,,,2024-03-16 23:26:11,2020-05-11,2020,5,NON TITO,,,JAWA TIMUR,0.5625,YELLOW,829776455,AREA 3,JATIM,MALANG,TULUNGAGUNG,,,0,0,0,JAWA TIMUR,BLITAR,SRENGAT,TOGOGAN,BLITAR
130670965,,ODP-WGI-FB/01,-8.0888,112.3262,,,2,6,0,0,8,REGIONAL 5,KEDIRI,BLITAR,WGI,,,2024-03-16 23:22:25,2016-02-27,2016,2,NON TITO,,,JAWA TIMUR,0.75,YELLOW,7904917,AREA 3,JATIM,MALANG,TULUNGAGUNG,,,0,0,0,JAWA TIMUR,BLITAR,WLINGI,TANGKIL,BLITAR
130670962,,ODP-BLR-FB/20,-8.145,112.1469,,,7,9,0,0,16,REGIONAL 5,KEDIRI,BLITAR,BLR,,,2024-03-16 23:22:28,2016-02-27,2016,2,NON TITO,,,JAWA TIMUR,0.5625,YELLOW,7904915,AREA 3,JATIM,MALANG,TULUNGAGUNG,,,0,0,0,JAWA TIMUR,BLITAR,KADEMANGAN,KADEMANGAN,BLITAR
4916369225,,ODP-LDY-FD/25,-8.184943,112.264698,,,4,4,0,0,8,REGIONAL 5,KEDIRI,BLITAR,LDY,,,2024-03-16 23:27:16,2020-05-06,2020,5,NON TITO,,,JAWA TIMUR,0.5,YELLOW,828647816,AREA 3,JATIM,MALANG,TULUNGAGUNG,,,0,0,0,JAWA TIMUR,BLITAR,PANGGUNGREJO,MARGO MULYO,BLITAR
4899870404,,ODP-PAN-FA/25,-8.019919,112.232845,,,3,5,0,0,8,REGIONAL 5,KEDIRI,BLITAR,PAN,,,2024-03-16 23:28:26,2020-05-06,2020,5,NON TITO,,,JAWA TIMUR,0.625,YELLOW,828616639,AREA 3,JATIM,MALANG,TULUNGAGUNG,,,0,0,0,JAWA TIMUR,BLITAR,NGLEGOK,MODANGAN,BLITAR
4899870399,,ODP-PAN-FA/21,-8.018798,112.253642,,,3,5,0,0,8,REGIONAL 5,KEDIRI,BLITAR,PAN,,,2024-03-16 23:28:50,2020-05-06,2020,5,NON TITO,,,JAWA TIMUR,0.625,YELLOW,828616636,AREA 3,JATIM,MALANG,TULUNGAGUNG,,,0,0,0,JAWA TIMUR,BLITAR,GARUM,KARANGREJO,BLITAR
4899870394,,ODP-PAN-FA/30,-8.018362,112.224161,,,2,6,0,0,8,REGIONAL 5,KEDIRI,BLITAR,PAN,,,2024-03-16 23:28:51,2020-05-06,2020,5,NON TITO,,,JAWA TIMUR,0.75,YELLOW,828616633,AREA 3,JATIM,MALANG,TULUNGAGUNG,,,0,0,0,JAWA TIMUR,BLITAR,NGLEGOK,MODANGAN,BLITAR
4952368782,,ODP-PRB-FD/03,-7.714627,111.987809,,,7,9,0,0,16,REGIONAL 5,KEDIRI,BLITAR,BLR,,,2024-03-16 23:28:41,2020-05-10,2020,5,NON TITO,,,JAWA TIMUR,0.5625,YELLOW,829774536,AREA 3,JATIM,MALANG,TULUNGAGUNG,,,0,0,0,JAWA TIMUR,NGANJUK,PRAMBON,NGLAWAK,BLITAR
4874143745,,ODP-BLR-FCB/19,-8.052439,112.220878,,,3,4,0,0,8,REGIONAL 5,KEDIRI,BLITAR,BLR,,,2024-03-16 23:24:39,2020-04-29,2020,4,NON TITO,,,JAWA TIMUR,0.5,YELLOW,828521418,AREA 3,JATIM,MALANG,TULUNGAGUNG,,,0,0,0,JAWA TIMUR,BLITAR,GARUM,TAWANGSARI,BLITAR
4874143742,,ODP-BLR-FCB/15,-8.043612,112.235626,,,4,4,0,0,8,REGIONAL 5,KEDIRI,BLITAR,BLR,,,2024-03-16 23:24:24,2020-04-29,2020,4,NON TITO,,,JAWA TIMUR,0.5,YELLOW,828521414,AREA 3,JATIM,MALANG,TULUNGAGUNG,,,0,0,0,JAWA TIMUR,BLITAR,GARUM,SIDODADI,BLITAR
4874143739,,ODP-BLR-FCB/20,-8.050607,112.221712,,,7,9,0,0,16,REGIONAL 5,KEDIRI,BLITAR,BLR,,,2024-03-16 23:24:27,2020-04-29,2020,4,NON TITO,,,JAWA TIMUR,0.5625,YELLOW,828521412,AREA 3,JATIM,MALANG,TULUNGAGUNG,,,0,0,0,JAWA TIMUR,BLITAR,GARUM,TAWANGSARI,BLITAR
4859443762,,ODP-SNT-FF/41,-8.065856,112.087004,,,4,12,0,0,16,REGIONAL 5,KEDIRI,BLITAR,SNT,,,2024-03-16 23:25:22,2020-04-23,2020,4,NON TITO,,,JAWA TIMUR,0.75,YELLOW,828379817,AREA 3,JATIM,MALANG,TULUNGAGUNG,,,0,0,0,JAWA TIMUR,BLITAR,SRENGAT,BAGELENAN,BLITAR
4859443757,,ODP-SNT-FF/38,-8.060613,112.087354,,,2,6,0,0,8,REGIONAL 5,KEDIRI,BLITAR,SNT,,,2024-03-16 23:25:23,2020-04-23,2020,4,NON TITO,,,JAWA TIMUR,0.75,YELLOW,828379814,AREA 3,JATIM,MALANG,TULUNGAGUNG,,,0,0,0,JAWA TIMUR,BLITAR,SRENGAT,BAGELENAN,BLITAR
130670694,,ODP-LDY-FA/13,-8.1489,112.2377,,,4,11,0,0,16,REGIONAL 5,KEDIRI,BLITAR,LDY,,,2024-03-16 23:22:21,2016-02-27,2016,2,NON TITO,,,JAWA TIMUR,0.6875,YELLOW,7904756,AREA 3,JATIM,MALANG,TULUNGAGUNG,,,0,0,0,JAWA TIMUR,BLITAR,SUTOJAYAN,JEGU,BLITAR
4853595005,,ODP-SNT-FS/23,-8.046549,111.998656,,,2,6,0,0,8,REGIONAL 5,KEDIRI,BLITAR,SNT,,,2024-03-16 23:27:50,2020-04-23,2020,4,NON TITO,,,JAWA TIMUR,0.75,YELLOW,828379439,AREA 3,JATIM,MALANG,TULUNGAGUNG,,,0,0,0,JAWA TIMUR,BLITAR,WONODADI,WONODADI,BLITAR
4853594999,,ODP-SNT-FS/15,-8.043193,111.980641,,,9,7,0,0,16,REGIONAL 5,KEDIRI,BLITAR,SNT,,,2024-03-16 23:28:33,2020-04-23,2020,4,NON TITO,,,JAWA TIMUR,0.4375,YELLOW,828379435,AREA 3,JATIM,MALANG,TULUNGAGUNG,,,0,0,0,JAWA TIMUR,BLITAR,WONODADI,KALIBOTO,BLITAR
4853594996,,ODP-SNT-FS/22,-8.046131,111.997337,,,2,6,0,0,8,REGIONAL 5,KEDIRI,BLITAR,SNT,,,2024-03-16 23:28:00,2020-04-23,2020,4,NON TITO,,,JAWA TIMUR,0.75,YELLOW,828379433,AREA 3,JATIM,MALANG,TULUNGAGUNG,,,0,0,0,JAWA TIMUR,BLITAR,WONODADI,WONODADI,BLITAR
130670726,,ODP-BLR-FK/39,-8.1058,112.1875,,,4,12,0,0,16,REGIONAL 5,KEDIRI,BLITAR,BLR,,,2024-03-16 23:21:38,2016-02-27,2016,2,NON TITO,,,JAWA TIMUR,0.75,YELLOW,7904773,AREA 3,JATIM,MALANG,TULUNGAGUNG,,,0,0,0,JAWA TIMUR,BLITAR,KANIGORO,KUNINGAN,BLITAR
130670632,,ODP-BLR-FN/11,-8.099656,112.173456,,,5,11,0,0,16,REGIONAL 5,KEDIRI,BLITAR,BLR,,,2024-03-16 23:22:35,2016-02-27,2016,2,NON TITO,,,JAWA TIMUR,0.6875,YELLOW,7904719,AREA 3,JATIM,MALANG,TULUNGAGUNG,,,0,0,0,JAWA TIMUR,KOTA BLITAR,SANANWETAN,SANANWETAN,BLITAR
4853594987,,ODP-SNT-FS/19,-8.043495,111.994613,,,3,5,0,0,8,REGIONAL 5,KEDIRI,BLITAR,SNT,,,2024-03-16 23:27:20,2020-04-23,2020,4,NON TITO,,,JAWA TIMUR,0.625,YELLOW,828379427,AREA 3,JATIM,MALANG,TULUNGAGUNG,,,0,0,0,JAWA TIMUR,BLITAR,WONODADI,WONODADI,BLITAR
4853594984,,ODP-SNT-FS/17,-8.038389,111.996179,,,6,10,0,0,16,REGIONAL 5,KEDIRI,BLITAR,SNT,,,2024-03-16 23:27:50,2020-04-23,2020,4,NON TITO,,,JAWA TIMUR,0.625,YELLOW,828379425,AREA 3,JATIM,MALANG,TULUNGAGUNG,,,0,0,0,JAWA TIMUR,BLITAR,WONODADI,TAWANGREJO,BLITAR
4827871943,,ODP-LDY-FA/77,-8.170297,112.216264,,,3,5,0,0,8,REGIONAL 5,KEDIRI,BLITAR,LDY,,,2024-03-16 23:24:50,2020-04-20,2020,4,NON TITO,,,JAWA TIMUR,0.625,YELLOW,828360413,AREA 3,JATIM,MALANG,TULUNGAGUNG,,,0,0,0,JAWA TIMUR,BLITAR,SUTOJAYAN,KALIPANG,BLITAR
4827871938,,ODP-LDY-FA/70,-8.169255,112.210494,,,4,4,0,0,8,REGIONAL 5,KEDIRI,BLITAR,LDY,,,2024-03-16 23:24:48,2020-04-20,2020,4,NON TITO,,,JAWA TIMUR,0.5,YELLOW,828360410,AREA 3,JATIM,MALANG,TULUNGAGUNG,,,0,0,0,JAWA TIMUR,BLITAR,SUTOJAYAN,KEDUNGBUNDER,BLITAR
4827871923,,ODP-LDY-FA/68,-8.175375,112.207496,,,2,6,0,0,8,REGIONAL 5,KEDIRI,BLITAR,LDY,,,2024-03-16 23:24:17,2020-04-20,2020,4,NON TITO,,,JAWA TIMUR,0.75,YELLOW,828360401,AREA 3,JATIM,MALANG,TULUNGAGUNG,,,0,0,0,JAWA TIMUR,BLITAR,SUTOJAYAN,KEDUNGBUNDER,BLITAR
4827871913,,ODP-LDY-FA/74,-8.17128,112.215802,,,3,5,0,0,8,REGIONAL 5,KEDIRI,BLITAR,LDY,,,2024-03-16 23:24:46,2020-04-20,2020,4,NON TITO,,,JAWA TIMUR,0.625,YELLOW,828360395,AREA 3,JATIM,MALANG,TULUNGAGUNG,,,0,0,0,JAWA TIMUR,BLITAR,SUTOJAYAN,KALIPANG,BLITAR
130670621,,ODP-BLR-FP/11,-8.0846,112.1379,,,3,5,0,0,8,REGIONAL 5,KEDIRI,BLITAR,BLR,,,2024-03-16 23:22:28,2016-02-27,2016,2,NON TITO,,,JAWA TIMUR,0.625,YELLOW,7904713,AREA 3,JATIM,MALANG,TULUNGAGUNG,,,0,0,0,JAWA TIMUR,KOTA BLITAR,SUKOREJO,TANJUNGSARI,BLITAR
4962644708,,ODP-SNT-FK/08,-8.108467,112.083894,,,2,6,0,0,8,REGIONAL 5,KEDIRI,BLITAR,SNT,,,2024-03-16 23:27:15,2020-05-12,2020,5,NON TITO,,,JAWA TIMUR,0.75,YELLOW,829783742,AREA 3,JATIM,MALANG,TULUNGAGUNG,,,0,0,0,JAWA TIMUR,BLITAR,SRENGAT,SELOKAJANG,BLITAR
4859443772,,ODP-SNT-FF/42,-8.065554,112.096294,,,2,6,0,0,8,REGIONAL 5,KEDIRI,BLITAR,SNT,,,2024-03-16 23:25:31,2020-04-23,2020,4,NON TITO,,,JAWA TIMUR,0.75,YELLOW,828379823,AREA 3,JATIM,MALANG,TULUNGAGUNG,,,0,0,0,JAWA TIMUR,BLITAR,PONGGOK,KAWEDUSAN,BLITAR
4873168710,,ODP-SNT-FB/26,-8.081352,112.073993,,,2,6,0,0,8,REGIONAL 5,KEDIRI,BLITAR,SNT,,,2024-03-16 23:26:11,2020-04-24,2020,4,NON TITO,,,JAWA TIMUR,0.75,YELLOW,828380795,AREA 3,JATIM,MALANG,TULUNGAGUNG,,,0,0,0,JAWA TIMUR,BLITAR,SRENGAT,WONOREJO,BLITAR
4874143736,,ODP-BLR-FCB/17,-8.041581,112.228342,,,9,7,0,0,16,REGIONAL 5,KEDIRI,BLITAR,BLR,,,2024-03-16 23:24:22,2020-04-29,2020,4,NON TITO,,,JAWA TIMUR,0.4375,YELLOW,828521410,AREA 3,JATIM,MALANG,TULUNGAGUNG,,,0,0,0,JAWA TIMUR,BLITAR,GARUM,SIDODADI,BLITAR
4904368948,,ODP-LDY-FB/26,-8.165641,112.227307,,,2,6,0,0,8,REGIONAL 5,KEDIRI,BLITAR,LDY,,,2024-03-16 23:23:46,2020-04-29,2020,4,NON TITO,,,JAWA TIMUR,0.75,YELLOW,828518701,AREA 3,JATIM,MALANG,TULUNGAGUNG,,,0,0,0,JAWA TIMUR,BLITAR,SUTOJAYAN,JINGGLONG,BLITAR
4886369688,,ODP-BLR-FJ/28,-8.128883,112.218978,,,4,4,0,0,8,REGIONAL 5,KEDIRI,BLITAR,BLR,,,2024-03-16 23:26:16,2020-04-29,2020,4,NON TITO,,,JAWA TIMUR,0.5,YELLOW,828463290,AREA 3,JATIM,MALANG,TULUNGAGUNG,,,0,0,0,JAWA TIMUR,BLITAR,KANIGORO,KANIGORO,BLITAR
4886369683,,ODP-BLR-FJ/26,-8.128388,112.213567,,,3,5,0,0,8,REGIONAL 5,KEDIRI,BLITAR,BLR,,,2024-03-16 23:26:56,2020-04-29,2020,4,NON TITO,,,JAWA TIMUR,0.625,YELLOW,828463287,AREA 3,JATIM,MALANG,TULUNGAGUNG,,,0,0,0,JAWA TIMUR,BLITAR,KANIGORO,KANIGORO,BLITAR
130670853,,ODP-WGI-FB/21,-8.0858,112.3154,,,4,12,0,0,16,REGIONAL 5,KEDIRI,BLITAR,WGI,,,2024-03-16 23:21:05,2016-02-27,2016,2,NON TITO,,,JAWA TIMUR,0.75,YELLOW,7904850,AREA 3,JATIM,MALANG,TULUNGAGUNG,,,0,0,0,JAWA TIMUR,BLITAR,WLINGI,BERU,BLITAR
4874444439,,ODP-LDY-FA/66,-8.168246,112.215858,,,2,6,0,0,8,REGIONAL 5,KEDIRI,BLITAR,LDY,,,2024-03-16 23:26:01,2020-04-29,2020,4,NON TITO,,,JAWA TIMUR,0.75,YELLOW,828458539,AREA 3,JATIM,MALANG,TULUNGAGUNG,,,0,0,0,JAWA TIMUR,BLITAR,SUTOJAYAN,KALIPANG,BLITAR
4873168707,,ODP-SNT-FB/27,-8.07867,112.074046,,,8,8,0,0,16,REGIONAL 5,KEDIRI,BLITAR,SNT,,,2024-03-16 23:25:05,2020-04-24,2020,4,NON TITO,,,JAWA TIMUR,0.5,YELLOW,828380793,AREA 3,JATIM,MALANG,TULUNGAGUNG,,,0,0,0,JAWA TIMUR,BLITAR,SRENGAT,WONOREJO,BLITAR
130670767,,ODP-WGI-FB/46,-8.0907,112.3273,,,2,6,0,0,8,REGIONAL 5,KEDIRI,BLITAR,WGI,,,2024-03-16 23:22:27,2016-02-27,2016,2,NON TITO,,,JAWA TIMUR,0.75,YELLOW,7904799,AREA 3,JATIM,MALANG,TULUNGAGUNG,,,0,0,0,JAWA TIMUR,BLITAR,WLINGI,TANGKIL,BLITAR
4875193889,,ODP-SNT-FX/18,-8.059775,112.098916,,,8,8,0,0,16,REGIONAL 5,KEDIRI,BLITAR,SNT,,,2024-03-16 23:24:43,2020-04-28,2020,4,NON TITO,,,JAWA TIMUR,0.5,YELLOW,828452374,AREA 3,JATIM,MALANG,TULUNGAGUNG,,,0,0,0,JAWA TIMUR,BLITAR,PONGGOK,KAWEDUSAN,BLITAR
4875193879,,ODP-SNT-FX/20,-8.052668,112.100103,,,3,5,0,0,8,REGIONAL 5,KEDIRI,BLITAR,SNT,,,2024-03-16 23:22:39,2020-04-28,2020,4,NON TITO,,,JAWA TIMUR,0.625,YELLOW,828452367,AREA 3,JATIM,MALANG,TULUNGAGUNG,,,0,0,0,JAWA TIMUR,BLITAR,PONGGOK,KAWEDUSAN,BLITAR
130670729,,ODP-BLR-FK/40,-8.1004,112.1865,,,1,6,0,0,8,REGIONAL 5,KEDIRI,BLITAR,BLR,,,2024-03-16 23:21:38,2016-02-27,2016,2,NON TITO,,,JAWA TIMUR,0.75,YELLOW,7904775,AREA 3,JATIM,MALANG,TULUNGAGUNG,,,0,0,0,JAWA TIMUR,BLITAR,KANIGORO,KUNINGAN,BLITAR
4874443665,,ODP-SNT-FS/11,-8.033492,111.983241,,,2,5,0,0,8,REGIONAL 5,KEDIRI,BLITAR,SNT,,,2024-03-16 23:25:33,2020-04-24,2020,4,NON TITO,,,JAWA TIMUR,0.625,YELLOW,828423933,AREA 3,JATIM,MALANG,TULUNGAGUNG,,,0,0,0,JAWA TIMUR,BLITAR,WONODADI,REJOSARI,BLITAR
4874443660,,ODP-SNT-FS/13,-8.034605,111.990443,,,2,6,0,0,8,REGIONAL 5,KEDIRI,BLITAR,SNT,,,2024-03-16 23:25:29,2020-04-24,2020,4,NON TITO,,,JAWA TIMUR,0.75,YELLOW,828423930,AREA 3,JATIM,MALANG,TULUNGAGUNG,,,0,0,0,JAWA TIMUR,BLITAR,WONODADI,TAWANGREJO,BLITAR
4874443655,,ODP-SNT-FS/12,-8.034297,111.98706,,,3,5,0,0,8,REGIONAL 5,KEDIRI,BLITAR,SNT,,,2024-03-16 23:24:43,2020-04-24,2020,4,NON TITO,,,JAWA TIMUR,0.625,YELLOW,828423927,AREA 3,JATIM,MALANG,TULUNGAGUNG,,,0,0,0,JAWA TIMUR,BLITAR,WONODADI,REJOSARI,BLITAR
4875193894,,ODP-SNT-FX/19,-8.056935,112.09936,,,4,4,0,0,8,REGIONAL 5,KEDIRI,BLITAR,SNT,,,2024-03-16 23:23:50,2020-04-28,2020,4,NON TITO,,,JAWA TIMUR,0.5,YELLOW,828452377,AREA 3,JATIM,MALANG,TULUNGAGUNG,,,0,0,0,JAWA TIMUR,BLITAR,PONGGOK,KAWEDUSAN,BLITAR
4962644718,,ODP-SNT-FK/05,-8.083246,112.086697,,,7,9,0,0,16,REGIONAL 5,KEDIRI,BLITAR,SNT,,,2024-03-16 23:27:14,2020-05-12,2020,5,NON TITO,,,JAWA TIMUR,0.5625,YELLOW,829783748,AREA 3,JATIM,MALANG,TULUNGAGUNG,,,0,0,0,JAWA TIMUR,BLITAR,SRENGAT,KANDANGAN,BLITAR
130671067,,ODP-WGI-FD/09,-8.081128,112.329742,,,3,12,0,0,16,REGIONAL 5,KEDIRI,BLITAR,WGI,,,2024-03-16 23:22:37,2016-02-27,2016,2,NON TITO,,,JAWA TIMUR,0.75,YELLOW,7904975,AREA 3,JATIM,MALANG,TULUNGAGUNG,,,0,0,0,JAWA TIMUR,BLITAR,WLINGI,WLINGI,BLITAR
4961969361,,ODP-SNT-FA/69,-8.062607,112.066701,,,3,5,0,0,8,REGIONAL 5,KEDIRI,BLITAR,SNT,,,2024-03-16 23:22:40,2020-05-12,2020,5,NON TITO,,,JAWA TIMUR,0.625,YELLOW,829793196,AREA 3,JATIM,MALANG,TULUNGAGUNG,,,0,0,0,JAWA TIMUR,BLITAR,SRENGAT,DANDONG,BLITAR
130671671,,ODP-SNT-FB/11,-8.0848,112.0786,,,5,11,0,0,16,REGIONAL 5,KEDIRI,BLITAR,SNT,,,2024-03-16 23:22:43,2016-02-27,2016,2,NON TITO,,,JAWA TIMUR,0.6875,YELLOW,7905336,AREA 3,JATIM,MALANG,TULUNGAGUNG,,,0,0,0,JAWA TIMUR,BLITAR,SRENGAT,MARON,BLITAR
5226943978,,ODP-BLR-FU/35,-8.113681,112.167164,,,2,6,0,0,8,REGIONAL 5,KEDIRI,BLITAR,BLR,,,2024-03-16 23:23:21,2020-07-16,2020,7,NON TITO,,,JAWA TIMUR,0.75,YELLOW,832098614,AREA 3,JATIM,MALANG,TULUNGAGUNG,,,0,0,0,JAWA TIMUR,KOTA BLITAR,SANANWETAN,KARANGTENGAH,BLITAR
5217418693,,ODP-BLR-FBG/19,-8.065013,112.161511,,,3,5,0,0,8,REGIONAL 5,KEDIRI,BLITAR,BLR,,,2024-03-16 23:24:25,2020-07-14,2020,7,NON TITO,,,JAWA TIMUR,0.625,YELLOW,831420485,AREA 3,JATIM,MALANG,TULUNGAGUNG,,,0,0,0,JAWA TIMUR,BLITAR,SANANKULON,GLEDUG,BLITAR
5178869205,,ODP-SNT-FX/25,-8.038063,112.105056,,,3,5,0,0,8,REGIONAL 5,KEDIRI,BLITAR,SNT,,,2024-03-16 23:23:47,2020-07-09,2020,7,NON TITO,,,JAWA TIMUR,0.625,YELLOW,831294157,AREA 3,JATIM,MALANG,TULUNGAGUNG,,,0,0,0,JAWA TIMUR,BLITAR,PONGGOK,PONGGOK,BLITAR
5132593533,,ODP-BLR-FE/22,-8.098319,112.171495,,,4,4,0,0,8,REGIONAL 5,KEDIRI,BLITAR,BLR,,,2024-03-16 23:22:43,2020-06-26,2020,6,NON TITO,,,JAWA TIMUR,0.5,YELLOW,830980156,AREA 3,JATIM,MALANG,TULUNGAGUNG,,,0,0,0,JAWA TIMUR,KOTA BLITAR,KEPANJENKIDUL,KEPANJENLOR,BLITAR
5093519557,,ODP-BLR-FAB/14,-8.084915,112.122343,,,3,5,0,0,8,REGIONAL 5,KEDIRI,BLITAR,BLR,,,2024-03-16 23:22:06,2020-06-19,2020,6,NON TITO,,,JAWA TIMUR,0.625,YELLOW,830853019,AREA 3,JATIM,MALANG,TULUNGAGUNG,,,0,0,0,JAWA TIMUR,BLITAR,SANANKULON,KALIPUCUNG,BLITAR
5257018957,,ODP-BLR-FBN/40,-8.061168,112.222076,,,3,5,0,0,8,REGIONAL 5,KEDIRI,BLITAR,BLR,,,2024-03-16 23:26:11,2020-07-24,2020,7,NON TITO,,,JAWA TIMUR,0.625,YELLOW,833167485,AREA 3,JATIM,MALANG,TULUNGAGUNG,,,0,0,0,JAWA TIMUR,BLITAR,GARUM,TAWANGSARI,BLITAR
5087368808,,ODP-KBN-FK/27,-8.183461,112.339297,,,4,4,0,0,8,REGIONAL 5,KEDIRI,BLITAR,KBN,,,2024-03-16 23:21:06,2020-06-19,2020,6,NON TITO,,,JAWA TIMUR,0.5,YELLOW,830850178,AREA 3,JATIM,MALANG,TULUNGAGUNG,,,0,0,0,JAWA TIMUR,BLITAR,BINANGUN,TAWANGREJO,BLITAR
130671608,,ODP-SNT-FE/01,-8.0392,112.0484,,,4,4,0,0,8,REGIONAL 5,KEDIRI,BLITAR,SNT,,,2024-03-16 23:22:45,2016-02-27,2016,2,NON TITO,,,JAWA TIMUR,0.5,YELLOW,7905295,AREA 3,JATIM,MALANG,TULUNGAGUNG,,,0,0,0,JAWA TIMUR,BLITAR,UDANAWU,RINGINANOM,BLITAR
130671565,,ODP-WGI-FC/12,-8.073352,112.325358,,,7,7,0,0,16,REGIONAL 5,KEDIRI,BLITAR,WGI,,,2024-03-16 23:22:39,2016-02-27,2016,2,NON TITO,,,JAWA TIMUR,0.4375,YELLOW,7905273,AREA 3,JATIM,MALANG,TULUNGAGUNG,,,0,0,0,JAWA TIMUR,BLITAR,WLINGI,BABADAN,BLITAR
130671562,,ODP-LDY-FA/31,-8.1732,112.2134,,,4,12,0,0,16,REGIONAL 5,KEDIRI,BLITAR,LDY,,,2024-03-16 23:22:58,2016-02-27,2016,2,NON TITO,,,JAWA TIMUR,0.75,YELLOW,7905271,AREA 3,JATIM,MALANG,TULUNGAGUNG,,,0,0,0,JAWA TIMUR,BLITAR,SUTOJAYAN,SUTOJAYAN,BLITAR
4970518703,,ODP-BLR-FBN/21,-8.075991,112.228838,,,2,6,0,0,8,REGIONAL 5,KEDIRI,BLITAR,BLR,,,2024-03-16 23:22:43,2020-05-15,2020,5,NON TITO,,,JAWA TIMUR,0.75,YELLOW,829997086,AREA 3,JATIM,MALANG,TULUNGAGUNG,,,0,0,0,JAWA TIMUR,BLITAR,GARUM,BENCE,BLITAR
130671518,,ODP-WGI-FA/05,-8.1182,112.2729,,,2,4,0,0,8,REGIONAL 5,KEDIRI,BLITAR,WGI,,,2024-03-16 23:22:58,2016-02-27,2016,2,NON TITO,,,JAWA TIMUR,0.5,YELLOW,7905243,AREA 3,JATIM,MALANG,TULUNGAGUNG,,,0,0,0,JAWA TIMUR,BLITAR,TALUN,BENDOSEWU,BLITAR
4966170184,,ODP-BNU-FB/05,-8.253316,112.374993,,,2,6,0,0,8,REGIONAL 5,KEDIRI,BLITAR,BNU,,,2024-03-16 23:24:40,2020-05-15,2020,5,NON TITO,,,JAWA TIMUR,0.75,YELLOW,829865407,AREA 3,JATIM,MALANG,TULUNGAGUNG,,,0,0,0,JAWA TIMUR,BLITAR,WATES,WATES,BLITAR
5083244803,,ODP-WGI-FH/47,-8.135889,112.297684,,,2,6,0,0,8,REGIONAL 5,KEDIRI,BLITAR,WGI,,,2024-03-16 23:23:32,2020-06-18,2020,6,NON TITO,,,JAWA TIMUR,0.75,YELLOW,830848769,AREA 3,JATIM,MALANG,TULUNGAGUNG,,,0,0,0,JAWA TIMUR,BLITAR,SELOPURO,JATITENGAH,BLITAR
4966170000,,ODP-BNU-FB/11,-8.26084,112.356769,,,4,4,0,0,8,REGIONAL 5,KEDIRI,BLITAR,BNU,,,2024-03-16 23:24:49,2020-05-15,2020,5,NON TITO,,,JAWA TIMUR,0.5,YELLOW,829865310,AREA 3,JATIM,MALANG,TULUNGAGUNG,,,0,0,0,JAWA TIMUR,BLITAR,WATES,MOJOREJO,BLITAR
5257018962,,ODP-BLR-FBN/39,-8.063733,112.217319,,,8,8,0,0,16,REGIONAL 5,KEDIRI,BLITAR,BLR,,,2024-03-16 23:25:19,2020-07-24,2020,7,NON TITO,,,JAWA TIMUR,0.5,YELLOW,833167488,AREA 3,JATIM,MALANG,TULUNGAGUNG,,,0,0,0,JAWA TIMUR,BLITAR,GARUM,TAWANGSARI,BLITAR
5262944571,,ODP-SNT-FD/14,-8.060617,112.058307,,,2,6,0,0,8,REGIONAL 5,KEDIRI,BLITAR,SNT,,,2024-03-16 23:25:17,2020-07-28,2020,7,NON TITO,,,JAWA TIMUR,0.75,YELLOW,833523529,AREA 3,JATIM,MALANG,TULUNGAGUNG,,,0,0,0,JAWA TIMUR,BLITAR,SRENGAT,TOGOGAN,BLITAR
5292869507,,ODP-PAN-FD/26,-8.031306,112.223304,,,2,6,0,0,8,REGIONAL 5,KEDIRI,BLITAR,PAN,,,2024-03-16 23:23:58,2020-08-06,2020,8,NON TITO,,,JAWA TIMUR,0.75,YELLOW,833900398,AREA 3,JATIM,MALANG,TULUNGAGUNG,,,0,0,0,JAWA TIMUR,BLITAR,NGLEGOK,MODANGAN,BLITAR
5292869502,,ODP-PAN-FD/28,-8.03374,112.217076,,,2,6,0,0,8,REGIONAL 5,KEDIRI,BLITAR,PAN,,,2024-03-16 23:23:54,2020-08-06,2020,8,NON TITO,,,JAWA TIMUR,0.75,YELLOW,833900392,AREA 3,JATIM,MALANG,TULUNGAGUNG,,,0,0,0,JAWA TIMUR,BLITAR,NGLEGOK,NGLEGOK,BLITAR
130671970,,ODP-WGI-FB/56,-8.0887,112.3137,,,6,10,0,0,16,REGIONAL 5,KEDIRI,BLITAR,WGI,,,2024-03-16 23:22:49,2016-02-27,2016,2,NON TITO,,,JAWA TIMUR,0.625,YELLOW,7905516,AREA 3,JATIM,MALANG,TULUNGAGUNG,,,0,0,0,JAWA TIMUR,BLITAR,WLINGI,BERU,BLITAR
5268944541,,ODP-SNT-FZ/08,-8.062633,112.075117,,,4,4,0,0,8,REGIONAL 5,KEDIRI,BLITAR,SNT,,,2024-03-16 23:27:05,2020-08-05,2020,8,NON TITO,,,JAWA TIMUR,0.5,YELLOW,833828027,AREA 3,JATIM,MALANG,TULUNGAGUNG,,,0,0,0,JAWA TIMUR,BLITAR,SRENGAT,DANDONG,BLITAR
5268944522,,ODP-BLR-FCB/22,-8.048541,112.211613,,,3,5,0,0,8,REGIONAL 5,KEDIRI,BLITAR,BLR,,,2024-03-16 23:22:25,2020-08-05,2020,8,NON TITO,,,JAWA TIMUR,0.625,YELLOW,833827979,AREA 3,JATIM,MALANG,TULUNGAGUNG,,,0,0,0,JAWA TIMUR,BLITAR,NGLEGOK,JIWUT,BLITAR
5268870507,,ODP-SNT-FU/14,-7.996262,112.105319,,,9,7,0,0,16,REGIONAL 5,KEDIRI,BLITAR,SNT,,,2024-03-16 23:25:01,2020-08-04,2020,8,NON TITO,,,JAWA TIMUR,0.4375,YELLOW,833825201,AREA 3,JATIM,MALANG,TULUNGAGUNG,,,0,0,0,JAWA TIMUR,BLITAR,PONGGOK,GEMBONGAN,BLITAR
5277119488,,ODP-SNT-FJ/21,-8.08311,112.022088,,,6,10,0,0,16,REGIONAL 5,KEDIRI,BLITAR,SNT,,,2024-03-16 23:24:12,2020-07-30,2020,7,NON TITO,,,JAWA TIMUR,0.625,YELLOW,833457291,AREA 3,JATIM,MALANG,TULUNGAGUNG,,,0,0,0,JAWA TIMUR,BLITAR,WONODADI,KUNIR,BLITAR
5258522613,,ODP-BLR-FAU/24,-8.073157,112.212834,,,2,6,0,0,8,REGIONAL 5,KEDIRI,BLITAR,BLR,,,2024-03-16 23:24:43,2020-07-31,2020,7,NON TITO,,,JAWA TIMUR,0.75,YELLOW,833682022,AREA 3,JATIM,MALANG,TULUNGAGUNG,,,0,0,0,JAWA TIMUR,BLITAR,GARUM,SUMBERDIREN,BLITAR
130671807,,ODP-WGI-FA/16,-8.0727,112.2953,,,4,4,0,0,8,REGIONAL 5,KEDIRI,BLITAR,WGI,,,2024-03-16 23:22:48,2016-02-27,2016,2,NON TITO,,,JAWA TIMUR,0.5,YELLOW,7905421,AREA 3,JATIM,MALANG,TULUNGAGUNG,,,0,0,0,JAWA TIMUR,BLITAR,TALUN,JAJAR,BLITAR
5273669137,,ODP-SNT-FE/09,-8.04076,112.048774,,,4,4,0,0,8,REGIONAL 5,KEDIRI,BLITAR,SNT,,,2024-03-16 23:29:01,2020-07-29,2020,7,NON TITO,,,JAWA TIMUR,0.5,YELLOW,833598079,AREA 3,JATIM,MALANG,TULUNGAGUNG,,,0,0,0,JAWA TIMUR,BLITAR,UDANAWU,RINGINANOM,BLITAR
130671785,,ODP-WGI-FA/19,-8.080887,112.291678,,,4,11,0,0,16,REGIONAL 5,KEDIRI,BLITAR,WGI,,,2024-03-16 23:22:07,2016-02-27,2016,2,NON TITO,,,JAWA TIMUR,0.6875,YELLOW,7905406,AREA 3,JATIM,MALANG,TULUNGAGUNG,,,0,0,0,JAWA TIMUR,BLITAR,TALUN,KAMULAN,BLITAR
130671749,,ODP-SNT-FB/07,-8.0885,112.0629,,,4,4,0,0,8,REGIONAL 5,KEDIRI,BLITAR,SNT,,,2024-03-16 23:22:44,2016-02-27,2016,2,NON TITO,,,JAWA TIMUR,0.5,YELLOW,7905386,AREA 3,JATIM,MALANG,TULUNGAGUNG,,,0,0,0,JAWA TIMUR,BLITAR,SRENGAT,PAKISREJO,BLITAR
5249294441,,ODP-SNT-FD/13,-8.063629,112.066264,,,1,6,0,0,8,REGIONAL 5,KEDIRI,BLITAR,SNT,,,2024-03-16 23:27:11,2020-07-29,2020,7,NON TITO,,,JAWA TIMUR,0.75,YELLOW,833596250,AREA 3,JATIM,MALANG,TULUNGAGUNG,,,0,0,0,JAWA TIMUR,BLITAR,SRENGAT,DANDONG,BLITAR
130671725,,ODP-SNT-FA/11,-8.0884,112.0461,,,2,6,0,0,8,REGIONAL 5,KEDIRI,BLITAR,SNT,,,2024-03-16 23:22:46,2016-02-27,2016,2,NON TITO,,,JAWA TIMUR,0.75,YELLOW,7905371,AREA 3,JATIM,MALANG,TULUNGAGUNG,,,0,0,0,JAWA TIMUR,BLITAR,SRENGAT,PAKISREJO,BLITAR
5259344300,,ODP-SNT-FK/12,-8.072866,112.096898,,,2,6,0,0,8,REGIONAL 5,KEDIRI,BLITAR,SNT,,,2024-03-16 23:26:09,2020-07-30,2020,7,NON TITO,,,JAWA TIMUR,0.75,YELLOW,833670139,AREA 3,JATIM,MALANG,TULUNGAGUNG,,,0,0,0,JAWA TIMUR,BLITAR,SRENGAT,KENDALREJO,BLITAR
4827871893,,ODP-LDY-FA/72,-8.172306,112.218924,,,5,10,0,0,16,REGIONAL 5,KEDIRI,BLITAR,LDY,,,2024-03-16 23:24:12,2020-04-20,2020,4,NON TITO,,,JAWA TIMUR,0.625,YELLOW,828360383,AREA 3,JATIM,MALANG,TULUNGAGUNG,,,0,0,0,JAWA TIMUR,BLITAR,SUTOJAYAN,KALIPANG,BLITAR
4966169997,,ODP-BNU-FB/08,-8.26308,112.36476,,,3,5,0,0,8,REGIONAL 5,KEDIRI,BLITAR,BNU,,,2024-03-16 23:24:22,2020-05-15,2020,5,NON TITO,,,JAWA TIMUR,0.625,YELLOW,829865308,AREA 3,JATIM,MALANG,TULUNGAGUNG,,,0,0,0,JAWA TIMUR,BLITAR,WATES,MOJOREJO,BLITAR
4966169988,,ODP-BNU-FB/07,-8.258976,112.368407,,,3,5,0,0,8,REGIONAL 5,KEDIRI,BLITAR,BNU,,,2024-03-16 23:24:45,2020-05-15,2020,5,NON TITO,,,JAWA TIMUR,0.625,YELLOW,829865302,AREA 3,JATIM,MALANG,TULUNGAGUNG,,,0,0,0,JAWA TIMUR,BLITAR,WATES,WATES,BLITAR
130671264,,ODP-BLR-FK/29,-8.109,112.1943,,,3,5,0,0,8,REGIONAL 5,KEDIRI,BLITAR,BLR,,,2024-03-16 23:22:41,2016-02-27,2016,2,NON TITO,,,JAWA TIMUR,0.625,YELLOW,7905091,AREA 3,JATIM,MALANG,TULUNGAGUNG,,,0,0,0,JAWA TIMUR,BLITAR,KANIGORO,PAPUNGAN,BLITAR
4961819001,,ODP-BLR-FBN/30,-8.069912,112.218688,,,4,4,0,0,8,REGIONAL 5,KEDIRI,BLITAR,BLR,,,2024-03-16 23:25:53,2020-05-14,2020,5,NON TITO,,,JAWA TIMUR,0.5,YELLOW,829863382,AREA 3,JATIM,MALANG,TULUNGAGUNG,,,0,0,0,JAWA TIMUR,BLITAR,GARUM,TAWANGSARI,BLITAR
130671260,,ODP-WGI-FD/21,-8.0804,112.3347,,,2,4,0,0,8,REGIONAL 5,KEDIRI,BLITAR,WGI,,,2024-03-16 23:22:40,2016-02-27,2016,2,NON TITO,,,JAWA TIMUR,0.5,YELLOW,7905088,AREA 3,JATIM,MALANG,TULUNGAGUNG,,,0,0,0,JAWA TIMUR,BLITAR,WLINGI,WLINGI,BLITAR
130671240,,ODP-WGI-FA/12,-8.0974,112.2765,,,8,8,0,0,16,REGIONAL 5,KEDIRI,BLITAR,WGI,,,2024-03-16 23:22:41,2016-02-27,2016,2,NON TITO,,,JAWA TIMUR,0.5,YELLOW,7905079,AREA 3,JATIM,MALANG,TULUNGAGUNG,,,0,0,0,JAWA TIMUR,BLITAR,TALUN,TALUN,BLITAR
4961818989,,ODP-BLR-FBN/17,-8.073887,112.23126,,,3,5,0,0,8,REGIONAL 5,KEDIRI,BLITAR,BLR,,,2024-03-16 23:25:45,2020-05-14,2020,5,NON TITO,,,JAWA TIMUR,0.625,YELLOW,829863374,AREA 3,JATIM,MALANG,TULUNGAGUNG,,,0,0,0,JAWA TIMUR,BLITAR,GARUM,BENCE,BLITAR
130671186,,ODP-WGI-FB/38,-8.0846,112.3285,,,4,4,0,0,8,REGIONAL 5,KEDIRI,BLITAR,WGI,,,2024-03-16 23:22:36,2016-02-27,2016,2,NON TITO,,,JAWA TIMUR,0.5,YELLOW,7905048,AREA 3,JATIM,MALANG,TULUNGAGUNG,,,0,0,0,JAWA TIMUR,BLITAR,WLINGI,TANGKIL,BLITAR
4961819016,,ODP-BLR-FBN/24,-8.076116,112.228179,,,6,10,0,0,16,REGIONAL 5,KEDIRI,BLITAR,BLR,,,2024-03-16 23:25:13,2020-05-14,2020,5,NON TITO,,,JAWA TIMUR,0.625,YELLOW,829863392,AREA 3,JATIM,MALANG,TULUNGAGUNG,,,0,0,0,JAWA TIMUR,BLITAR,GARUM,BENCE,BLITAR
4965944695,,ODP-SNT-FA/64,-8.058089,112.07266,,,3,5,0,0,8,REGIONAL 5,KEDIRI,BLITAR,SNT,,,2024-03-16 23:25:28,2020-05-13,2020,5,NON TITO,,,JAWA TIMUR,0.625,YELLOW,829853451,AREA 3,JATIM,MALANG,TULUNGAGUNG,,,0,0,0,JAWA TIMUR,BLITAR,SRENGAT,DANDONG,BLITAR
4962869434,,ODP-SNT-FM/02,-8.004124,112.085162,,,5,11,0,0,16,REGIONAL 5,KEDIRI,BLITAR,SNT,,,2024-03-16 23:26:30,2020-05-13,2020,5,NON TITO,,,JAWA TIMUR,0.6875,YELLOW,829844548,AREA 3,JATIM,MALANG,TULUNGAGUNG,,,0,0,0,JAWA TIMUR,BLITAR,PONGGOK,RINGINANYAR,BLITAR
4962869419,,ODP-SNT-FM/04,-8.004615,112.062899,,,3,5,0,0,8,REGIONAL 5,KEDIRI,BLITAR,SNT,,,2024-03-16 23:25:38,2020-05-13,2020,5,NON TITO,,,JAWA TIMUR,0.625,YELLOW,829844539,AREA 3,JATIM,MALANG,TULUNGAGUNG,,,0,0,0,JAWA TIMUR,BLITAR,UDANAWU,SLEMANAN,BLITAR
4967368981,,ODP-SNT-FE/08,-8.058688,112.051667,,,7,9,0,0,16,REGIONAL 5,KEDIRI,BLITAR,SNT,,,2024-03-16 23:27:39,2020-05-13,2020,5,NON TITO,,,JAWA TIMUR,0.5625,YELLOW,829793582,AREA 3,JATIM,MALANG,TULUNGAGUNG,,,0,0,0,JAWA TIMUR,BLITAR,SRENGAT,TOGOGAN,BLITAR
4962647124,,ODP-SNT-FQ/03,-8.035323,112.044832,,,2,6,0,0,8,REGIONAL 5,KEDIRI,BLITAR,SNT,,,2024-03-16 23:28:08,2020-05-13,2020,5,NON TITO,,,JAWA TIMUR,0.75,YELLOW,829793532,AREA 3,JATIM,MALANG,TULUNGAGUNG,,,0,0,0,JAWA TIMUR,BLITAR,UDANAWU,RINGINANOM,BLITAR
4962647114,,ODP-SNT-FQ/04,-8.027303,112.041897,,,3,5,0,0,8,REGIONAL 5,KEDIRI,BLITAR,SNT,,,2024-03-16 23:28:16,2020-05-13,2020,5,NON TITO,,,JAWA TIMUR,0.625,YELLOW,829793526,AREA 3,JATIM,MALANG,TULUNGAGUNG,,,0,0,0,JAWA TIMUR,BLITAR,UDANAWU,KARANGGONDANG,BLITAR
4962646993,,ODP-SNT-FB/28,-8.084745,112.067317,,,3,5,0,0,8,REGIONAL 5,KEDIRI,BLITAR,SNT,,,2024-03-16 23:28:15,2020-05-12,2020,5,NON TITO,,,JAWA TIMUR,0.625,YELLOW,829793456,AREA 3,JATIM,MALANG,TULUNGAGUNG,,,0,0,0,JAWA TIMUR,BLITAR,SRENGAT,WONOREJO,BLITAR
4961444567,,ODP-SNT-FP/19,-8.00705,112.037495,,,4,12,0,0,16,REGIONAL 5,KEDIRI,BLITAR,SNT,,,2024-03-16 23:22:44,2020-05-13,2020,5,NON TITO,,,JAWA TIMUR,0.75,YELLOW,829845486,AREA 3,JATIM,MALANG,TULUNGAGUNG,,,0,0,0,JAWA TIMUR,BLITAR,UDANAWU,SUKOREJO,BLITAR
130671497,,ODP-WGI-FD/07,-8.124,112.339,,,2,5,0,0,8,REGIONAL 5,KEDIRI,BLITAR,WGI,,,2024-03-16 23:22:46,2016-02-27,2016,2,NON TITO,,,JAWA TIMUR,0.625,YELLOW,7905232,AREA 3,JATIM,MALANG,TULUNGAGUNG,,,0,0,0,JAWA TIMUR,BLITAR,SELOPURO,POPOH,BLITAR
4961819022,,ODP-BLR-FBN/33,-8.077548,112.217959,,,4,12,0,0,16,REGIONAL 5,KEDIRI,BLITAR,BLR,,,2024-03-16 23:24:55,2020-05-14,2020,5,NON TITO,,,JAWA TIMUR,0.75,YELLOW,829863396,AREA 3,JATIM,MALANG,TULUNGAGUNG,,,0,0,0,JAWA TIMUR,BLITAR,GARUM,GARUM,BLITAR
130671289,,ODP-WGI-FB/58,-8.0884,112.3154,,,9,7,0,0,16,REGIONAL 5,KEDIRI,BLITAR,WGI,,,2024-03-16 23:22:46,2016-02-27,2016,2,NON TITO,,,JAWA TIMUR,0.4375,YELLOW,7905107,AREA 3,JATIM,MALANG,TULUNGAGUNG,,,0,0,0,JAWA TIMUR,BLITAR,WLINGI,BERU,BLITAR
130671490,,ODP-WGI-FA/13,-8.0903,112.2847,,,3,5,0,0,8,REGIONAL 5,KEDIRI,BLITAR,WGI,,,2024-03-16 23:22:44,2016-02-27,2016,2,NON TITO,,,JAWA TIMUR,0.625,YELLOW,7905227,AREA 3,JATIM,MALANG,TULUNGAGUNG,,,0,0,0,JAWA TIMUR,BLITAR,TALUN,TALUN,BLITAR
4966169982,,ODP-BNU-FB/13,-8.248415,112.338532,,,2,6,0,0,8,REGIONAL 5,KEDIRI,BLITAR,BNU,,,2024-03-16 23:24:15,2020-05-15,2020,5,NON TITO,,,JAWA TIMUR,0.75,YELLOW,829865298,AREA 3,JATIM,MALANG,TULUNGAGUNG,,,0,0,0,JAWA TIMUR,BLITAR,WATES,SUMBERARUM,BLITAR
4966169970,,ODP-BNU-FB/03,-8.251232,112.377489,,,4,4,0,0,8,REGIONAL 5,KEDIRI,BLITAR,BNU,,,2024-03-16 23:24:26,2020-05-15,2020,5,NON TITO,,,JAWA TIMUR,0.5,YELLOW,829865290,AREA 3,JATIM,MALANG,TULUNGAGUNG,,,0,0,0,JAWA TIMUR,BLITAR,WATES,WATES,BLITAR
130671430,,ODP-WGI-FB/33,-8.0848,112.3232,,,3,5,0,0,8,REGIONAL 5,KEDIRI,BLITAR,WGI,,,2024-03-16 23:22:36,2016-02-27,2016,2,NON TITO,,,JAWA TIMUR,0.625,YELLOW,7905192,AREA 3,JATIM,MALANG,TULUNGAGUNG,,,0,0,0,JAWA TIMUR,BLITAR,WLINGI,BERU,BLITAR
130671422,,ODP-WGI-FB/23,-8.0863,112.3181,,,2,6,0,0,8,REGIONAL 5,KEDIRI,BLITAR,WGI,,,2024-03-16 23:22:18,2016-02-27,2016,2,NON TITO,,,JAWA TIMUR,0.75,YELLOW,7905184,AREA 3,JATIM,MALANG,TULUNGAGUNG,,,0,0,0,JAWA TIMUR,BLITAR,WLINGI,BERU,BLITAR
130671381,,ODP-WGI-FB/63,-8.0869,112.3174,,,8,8,0,0,16,REGIONAL 5,KEDIRI,BLITAR,WGI,,,2024-03-16 23:21:33,2016-02-27,2016,2,NON TITO,,,JAWA TIMUR,0.5,YELLOW,7905162,AREA 3,JATIM,MALANG,TULUNGAGUNG,,,0,0,0,JAWA TIMUR,BLITAR,WLINGI,BERU,BLITAR
4961819025,,ODP-BLR-FBN/09,-8.064181,112.233435,,,6,9,1,0,16,REGIONAL 5,KEDIRI,BLITAR,BLR,,,2024-03-16 23:25:40,2020-05-14,2020,5,NON TITO,,,JAWA TIMUR,0.5625,YELLOW,829863398,AREA 3,JATIM,MALANG,TULUNGAGUNG,,,0,0,0,JAWA TIMUR,BLITAR,GARUM,BENCE,BLITAR
4961819067,,ODP-BLR-FBN/27,-8.068893,112.217563,,,8,8,0,0,16,REGIONAL 5,KEDIRI,BLITAR,BLR,,,2024-03-16 23:25:01,2020-05-14,2020,5,NON TITO,,,JAWA TIMUR,0.5,YELLOW,829863427,AREA 3,JATIM,MALANG,TULUNGAGUNG,,,0,0,0,JAWA TIMUR,BLITAR,GARUM,TAWANGSARI,BLITAR
4961819061,,ODP-BLR-FBN/32,-8.070099,112.219558,,,6,10,0,0,16,REGIONAL 5,KEDIRI,BLITAR,BLR,,,2024-03-16 23:24:29,2020-05-14,2020,5,NON TITO,,,JAWA TIMUR,0.625,YELLOW,829863423,AREA 3,JATIM,MALANG,TULUNGAGUNG,,,0,0,0,JAWA TIMUR,BLITAR,GARUM,TAWANGSARI,BLITAR
130671342,,ODP-BLR-FK/25,-8.1064,112.1934,,,4,4,0,0,8,REGIONAL 5,KEDIRI,BLITAR,BLR,,,2024-03-16 23:21:43,2016-02-27,2016,2,NON TITO,,,JAWA TIMUR,0.5,YELLOW,7905138,AREA 3,JATIM,MALANG,TULUNGAGUNG,,,0,0,0,JAWA TIMUR,BLITAR,KANIGORO,PAPUNGAN,BLITAR
4961819055,,ODP-BLR-FBN/14,-8.070859,112.230856,,,3,5,0,0,8,REGIONAL 5,KEDIRI,BLITAR,BLR,,,2024-03-16 23:25:40,2020-05-14,2020,5,NON TITO,,,JAWA TIMUR,0.625,YELLOW,829863419,AREA 3,JATIM,MALANG,TULUNGAGUNG,,,0,0,0,JAWA TIMUR,BLITAR,GARUM,BENCE,BLITAR
4961819052,,ODP-BLR-FBN/10,-8.0678,112.232946,,,5,11,0,0,16,REGIONAL 5,KEDIRI,BLITAR,BLR,,,2024-03-16 23:21:07,2020-05-14,2020,5,NON TITO,,,JAWA TIMUR,0.6875,YELLOW,829863417,AREA 3,JATIM,MALANG,TULUNGAGUNG,,,0,0,0,JAWA TIMUR,BLITAR,GARUM,BENCE,BLITAR
4961819049,,ODP-BLR-FBN/19,-8.075879,112.23059,,,3,5,0,0,8,REGIONAL 5,KEDIRI,BLITAR,BLR,,,2024-03-16 23:25:37,2020-05-14,2020,5,NON TITO,,,JAWA TIMUR,0.625,YELLOW,829863415,AREA 3,JATIM,MALANG,TULUNGAGUNG,,,0,0,0,JAWA TIMUR,BLITAR,GARUM,BENCE,BLITAR
4961819046,,ODP-BLR-FBN/11,-8.06757,112.231068,,,4,12,0,0,16,REGIONAL 5,KEDIRI,BLITAR,BLR,,,2024-03-16 23:26:02,2020-05-14,2020,5,NON TITO,,,JAWA TIMUR,0.75,YELLOW,829863413,AREA 3,JATIM,MALANG,TULUNGAGUNG,,,0,0,0,JAWA TIMUR,BLITAR,GARUM,BENCE,BLITAR
4961819064,,ODP-BLR-FBN/20,-8.074569,112.228985,,,2,6,0,0,8,REGIONAL 5,KEDIRI,BLITAR,BLR,,,2024-03-16 23:25:38,2020-05-14,2020,5,NON TITO,,,JAWA TIMUR,0.75,YELLOW,829863425,AREA 3,JATIM,MALANG,TULUNGAGUNG,,,0,0,0,JAWA TIMUR,BLITAR,GARUM,BENCE,BLITAR
4855621987,,ODP-SNT-FT/01,-8.051674,112.021949,,,8,8,0,0,16,REGIONAL 5,KEDIRI,BLITAR,SNT,,,2024-03-16 23:27:50,2020-04-22,2020,4,NON TITO,,,JAWA TIMUR,0.5,YELLOW,828265020,AREA 3,JATIM,MALANG,TULUNGAGUNG,,,0,0,0,JAWA TIMUR,BLITAR,WONODADI,KOLOMAYAN,BLITAR
4855621982,,ODP-SNT-FT/04,-8.057079,112.045188,,,3,5,0,0,8,REGIONAL 5,KEDIRI,BLITAR,SNT,,,2024-03-16 23:27:56,2020-04-22,2020,4,NON TITO,,,JAWA TIMUR,0.625,YELLOW,828265016,AREA 3,JATIM,MALANG,TULUNGAGUNG,,,0,0,0,JAWA TIMUR,BLITAR,WONODADI,KOLOMAYAN,BLITAR
130670534,,ODP-BLR-FP/27,-8.0756,112.1539,,,2,6,0,0,8,REGIONAL 5,KEDIRI,BLITAR,BLR,,,2024-03-16 23:22:37,2016-02-27,2016,2,NON TITO,,,JAWA TIMUR,0.75,YELLOW,7904660,AREA 3,JATIM,MALANG,TULUNGAGUNG,,,0,0,0,JAWA TIMUR,BLITAR,SANANKULON,SUMBERJO,BLITAR
4352293822,,ODP-BLR-FCG/04,-8.085436,112.178649,,,4,4,0,0,8,REGIONAL 5,KEDIRI,BLITAR,BLR,,,2024-03-16 23:25:28,2019-11-29,2019,11,NON TITO,,,JAWA TIMUR,0.5,YELLOW,787672240,AREA 3,JATIM,MALANG,TULUNGAGUNG,,,0,0,0,JAWA TIMUR,KOTA BLITAR,SANANWETAN,BENDOGERIT,BLITAR
4361068826,,ODP-SNT-FS/01,-8.0373,111.989995,,,8,8,0,0,16,REGIONAL 5,KEDIRI,BLITAR,SNT,,,2024-03-16 23:24:48,2019-11-28,2019,11,NON TITO,,,JAWA TIMUR,0.5,YELLOW,787670706,AREA 3,JATIM,MALANG,TULUNGAGUNG,,,0,0,0,JAWA TIMUR,BLITAR,WONODADI,WONODADI,BLITAR
130669440,,ODP-BLR-FU/02,-8.117869,112.162133,,,4,12,0,0,16,REGIONAL 5,KEDIRI,BLITAR,BLR,,,2024-03-16 23:22:16,2016-02-27,2016,2,NON TITO,,,JAWA TIMUR,0.75,YELLOW,7904012,AREA 3,JATIM,MALANG,TULUNGAGUNG,,,0,0,0,JAWA TIMUR,KOTA BLITAR,SANANWETAN,PLOSOKEREP,BLITAR
4361068820,,ODP-SNT-FS/04,-8.043688,111.992564,,,2,6,0,0,8,REGIONAL 5,KEDIRI,BLITAR,SNT,,,2024-03-16 23:24:45,2019-11-28,2019,11,NON TITO,,,JAWA TIMUR,0.75,YELLOW,787670702,AREA 3,JATIM,MALANG,TULUNGAGUNG,,,0,0,0,JAWA TIMUR,BLITAR,WONODADI,WONODADI,BLITAR
130669378,,ODP-WGI-FD/18,-8.0789,112.3318,,,4,4,0,0,8,REGIONAL 5,KEDIRI,BLITAR,WGI,,,2024-03-16 23:22:05,2016-02-27,2016,2,NON TITO,,,JAWA TIMUR,0.5,YELLOW,7903979,AREA 3,JATIM,MALANG,TULUNGAGUNG,,,0,0,0,JAWA TIMUR,BLITAR,WLINGI,WLINGI,BLITAR
4361068814,,ODP-SNT-FS/02,-8.041318,111.989407,,,8,8,0,0,16,REGIONAL 5,KEDIRI,BLITAR,SNT,,,2024-03-16 23:25:13,2019-11-28,2019,11,NON TITO,,,JAWA TIMUR,0.5,YELLOW,787670698,AREA 3,JATIM,MALANG,TULUNGAGUNG,,,0,0,0,JAWA TIMUR,BLITAR,WONODADI,WONODADI,BLITAR
130669465,,ODP-BLR-FG/07,-8.12521,112.15841,,,8,7,0,0,16,REGIONAL 5,KEDIRI,BLITAR,BLR,,,2024-03-16 23:22:07,2016-02-27,2016,2,NON TITO,,,JAWA TIMUR,0.4375,YELLOW,7904029,AREA 3,JATIM,MALANG,TULUNGAGUNG,,,0,0,0,JAWA TIMUR,KOTA BLITAR,SANANWETAN,PLOSOKEREP,BLITAR
130669363,,ODP-BLR-FH/14,-8.1395,112.1708,,,3,5,0,0,8,REGIONAL 5,KEDIRI,BLITAR,BLR,,,2024-03-16 23:22:19,2016-02-27,2016,2,NON TITO,,,JAWA TIMUR,0.625,YELLOW,7903966,AREA 3,JATIM,MALANG,TULUNGAGUNG,,,0,0,0,JAWA TIMUR,BLITAR,KANIGORO,MINGGIRSARI,BLITAR
4323943832,,ODP-WGI-FM/08,-8.048535,112.358914,,,3,5,0,0,8,REGIONAL 5,KEDIRI,BLITAR,WGI,,,2024-03-16 23:28:15,2019-11-20,2019,11,NON TITO,,,JAWA TIMUR,0.625,YELLOW,787475291,AREA 3,JATIM,MALANG,TULUNGAGUNG,,,0,0,0,JAWA TIMUR,BLITAR,WLINGI,TEGALASRI,BLITAR
4301743646,,ODP-BLR-FP/107,-8.071612,112.151431,,,2,6,0,0,8,REGIONAL 5,KEDIRI,BLITAR,BLR,,,2024-03-16 23:29:00,2019-11-15,2019,11,NON TITO,,,JAWA TIMUR,0.75,YELLOW,787160378,AREA 3,JATIM,MALANG,TULUNGAGUNG,,,0,0,0,JAWA TIMUR,BLITAR,SANANKULON,SUMBERJO,BLITAR
4278268585,,ODP-SNT-FQ/01,-8.024058,112.040251,,,4,4,0,0,8,REGIONAL 5,KEDIRI,BLITAR,SNT,,,2024-03-16 23:22:47,2019-11-12,2019,11,NON TITO,,,JAWA TIMUR,0.5,YELLOW,787138945,AREA 3,JATIM,MALANG,TULUNGAGUNG,,,0,0,0,JAWA TIMUR,BLITAR,UDANAWU,KARANGGONDANG,BLITAR
4258093605,,ODP-PAN-FD/21,-8.030131,112.19442,,,2,6,0,0,8,REGIONAL 5,KEDIRI,BLITAR,PAN,,,2024-03-16 23:22:43,2019-11-08,2019,11,NON TITO,,,JAWA TIMUR,0.75,YELLOW,757814036,AREA 3,JATIM,MALANG,TULUNGAGUNG,,,0,0,0,JAWA TIMUR,BLITAR,NGLEGOK,KEMLOKO,BLITAR
4258093595,,ODP-PAN-FD/20,-8.032813,112.193592,,,9,7,0,0,16,REGIONAL 5,KEDIRI,BLITAR,PAN,,,2024-03-16 23:22:40,2019-11-08,2019,11,NON TITO,,,JAWA TIMUR,0.4375,YELLOW,757814028,AREA 3,JATIM,MALANG,TULUNGAGUNG,,,0,0,0,JAWA TIMUR,BLITAR,NGLEGOK,KEMLOKO,BLITAR
4258093590,,ODP-PAN-FD/19,-8.034165,112.192108,,,5,11,0,0,16,REGIONAL 5,KEDIRI,BLITAR,PAN,,,2024-03-16 23:22:30,2019-11-08,2019,11,NON TITO,,,JAWA TIMUR,0.6875,YELLOW,757814024,AREA 3,JATIM,MALANG,TULUNGAGUNG,,,0,0,0,JAWA TIMUR,BLITAR,NGLEGOK,KEMLOKO,BLITAR
130669341,,ODP-BLR-FP/41,-8.0971,112.1489,,,3,5,0,0,8,REGIONAL 5,KEDIRI,BLITAR,BLR,,,2024-03-16 23:22:17,2016-02-27,2016,2,NON TITO,,,JAWA TIMUR,0.625,YELLOW,7903954,AREA 3,JATIM,MALANG,TULUNGAGUNG,,,0,0,0,JAWA TIMUR,KOTA BLITAR,SUKOREJO,PAKUNDEN,BLITAR
130669312,,ODP-BLR-FQ/19,-8.077919,112.172,,,7,9,0,0,16,REGIONAL 5,KEDIRI,BLITAR,BLR,,,2024-03-16 23:22:17,2016-02-27,2016,2,NON TITO,,,JAWA TIMUR,0.5625,YELLOW,7903937,AREA 3,JATIM,MALANG,TULUNGAGUNG,,,0,0,0,JAWA TIMUR,KOTA BLITAR,KEPANJENKIDUL,TANGGUNG,BLITAR
4352293837,,ODP-BLR-FCG/10,-8.09078,112.179907,,,3,4,0,0,8,REGIONAL 5,KEDIRI,BLITAR,BLR,,,2024-03-16 23:24:36,2019-11-29,2019,11,NON TITO,,,JAWA TIMUR,0.5,YELLOW,787672251,AREA 3,JATIM,MALANG,TULUNGAGUNG,,,0,0,0,JAWA TIMUR,KOTA BLITAR,SANANWETAN,BENDOGERIT,BLITAR
4352293857,,ODP-BLR-FCG/09,-8.090079,112.180063,,,3,5,0,0,8,REGIONAL 5,KEDIRI,BLITAR,BLR,,,2024-03-16 23:25:38,2019-11-29,2019,11,NON TITO,,,JAWA TIMUR,0.625,YELLOW,787672267,AREA 3,JATIM,MALANG,TULUNGAGUNG,,,0,0,0,JAWA TIMUR,KOTA BLITAR,SANANWETAN,BENDOGERIT,BLITAR
4360393794,,ODP-LDY-FA/61,-8.170612,112.227168,,,5,11,0,0,16,REGIONAL 5,KEDIRI,BLITAR,LDY,,,2024-03-16 23:28:35,2019-11-29,2019,11,NON TITO,,,JAWA TIMUR,0.6875,YELLOW,787673988,AREA 3,JATIM,MALANG,TULUNGAGUNG,,,0,0,0,JAWA TIMUR,BLITAR,SUTOJAYAN,JINGGLONG,BLITAR
4360393789,,ODP-BLR-FCF/07,-8.087807,112.189,,,2,6,0,0,8,REGIONAL 5,KEDIRI,BLITAR,BLR,,,2024-03-16 23:28:31,2019-11-29,2019,11,NON TITO,,,JAWA TIMUR,0.75,YELLOW,787673973,AREA 3,JATIM,MALANG,TULUNGAGUNG,,,0,0,0,JAWA TIMUR,KOTA BLITAR,SANANWETAN,GEDOG,BLITAR
4360393779,,ODP-BLR-FCF/01,-8.084492,112.189722,,,4,4,0,0,8,REGIONAL 5,KEDIRI,BLITAR,BLR,,,2024-03-16 23:28:27,2019-11-29,2019,11,NON TITO,,,JAWA TIMUR,0.5,YELLOW,787673959,AREA 3,JATIM,MALANG,TULUNGAGUNG,,,0,0,0,JAWA TIMUR,KOTA BLITAR,SANANWETAN,GEDOG,BLITAR
4360393769,,ODP-BLR-FCF/03,-8.085325,112.186656,,,4,4,0,0,8,REGIONAL 5,KEDIRI,BLITAR,BLR,,,2024-03-16 23:28:21,2019-11-29,2019,11,NON TITO,,,JAWA TIMUR,0.5,YELLOW,787673951,AREA 3,JATIM,MALANG,TULUNGAGUNG,,,0,0,0,JAWA TIMUR,KOTA BLITAR,SANANWETAN,GEDOG,BLITAR
4360393764,,ODP-BLR-FCF/08,-8.087526,112.186363,,,2,6,0,0,8,REGIONAL 5,KEDIRI,BLITAR,BLR,,,2024-03-16 23:28:11,2019-11-29,2019,11,NON TITO,,,JAWA TIMUR,0.75,YELLOW,787673945,AREA 3,JATIM,MALANG,TULUNGAGUNG,,,0,0,0,JAWA TIMUR,KOTA BLITAR,SANANWETAN,GEDOG,BLITAR
130669597,,ODP-WGI-FB/29,-8.0803,112.3261,,,4,12,0,0,16,REGIONAL 5,KEDIRI,BLITAR,WGI,,,2024-03-16 23:22:19,2016-02-27,2016,2,NON TITO,,,JAWA TIMUR,0.75,YELLOW,7904111,AREA 3,JATIM,MALANG,TULUNGAGUNG,,,0,0,0,JAWA TIMUR,BLITAR,WLINGI,BABADAN,BLITAR
4352293842,,ODP-BLR-FCG/03,-8.085848,112.180658,,,2,6,0,0,8,REGIONAL 5,KEDIRI,BLITAR,BLR,,,2024-03-16 23:25:18,2019-11-29,2019,11,NON TITO,,,JAWA TIMUR,0.75,YELLOW,787672255,AREA 3,JATIM,MALANG,TULUNGAGUNG,,,0,0,0,JAWA TIMUR,KOTA BLITAR,SANANWETAN,BENDOGERIT,BLITAR
130669586,,ODP-BLR-FP/73,-8.0856,112.1431,,,2,6,0,0,8,REGIONAL 5,KEDIRI,BLITAR,BLR,,,2024-03-16 23:21:54,2016-02-27,2016,2,NON TITO,,,JAWA TIMUR,0.75,YELLOW,7904103,AREA 3,JATIM,MALANG,TULUNGAGUNG,,,0,0,0,JAWA TIMUR,KOTA BLITAR,SUKOREJO,TANJUNGSARI,BLITAR
130669535,,ODP-BLR-FH/19,-8.1278,112.1735,,,3,4,0,0,8,REGIONAL 5,KEDIRI,BLITAR,BLR,,,2024-03-16 23:22:16,2016-02-27,2016,2,NON TITO,,,JAWA TIMUR,0.5,YELLOW,7904072,AREA 3,JATIM,MALANG,TULUNGAGUNG,,,0,0,0,JAWA TIMUR,BLITAR,KANIGORO,JATINOM,BLITAR
4362793758,,ODP-LDY-FD/23,-8.174284,112.245305,,,9,7,0,0,16,REGIONAL 5,KEDIRI,BLITAR,LDY,,,2024-03-16 23:21:43,2019-11-29,2019,11,NON TITO,,,JAWA TIMUR,0.4375,YELLOW,787673194,AREA 3,JATIM,MALANG,TULUNGAGUNG,,,0,0,0,JAWA TIMUR,BLITAR,SUTOJAYAN,SUKOREJO,BLITAR
4352293882,,ODP-BLR-FCG/12,-8.09189,112.177665,,,4,11,0,0,16,REGIONAL 5,KEDIRI,BLITAR,BLR,,,2024-03-16 23:25:32,2019-11-29,2019,11,NON TITO,,,JAWA TIMUR,0.6875,YELLOW,787672285,AREA 3,JATIM,MALANG,TULUNGAGUNG,,,0,0,0,JAWA TIMUR,KOTA BLITAR,SANANWETAN,BENDOGERIT,BLITAR
4352293877,,ODP-BLR-FCG/01,-8.08792,112.181032,,,2,6,0,0,8,REGIONAL 5,KEDIRI,BLITAR,BLR,,,2024-03-16 23:25:00,2019-11-29,2019,11,NON TITO,,,JAWA TIMUR,0.75,YELLOW,787672282,AREA 3,JATIM,MALANG,TULUNGAGUNG,,,0,0,0,JAWA TIMUR,KOTA BLITAR,SANANWETAN,BENDOGERIT,BLITAR
130669466,,ODP-BLR-FC/11,-8.0928,112.1788,,,5,11,0,0,16,REGIONAL 5,KEDIRI,BLITAR,BLR,,,2024-03-16 23:21:44,2016-02-27,2016,2,NON TITO,,,JAWA TIMUR,0.6875,YELLOW,7904030,AREA 3,JATIM,MALANG,TULUNGAGUNG,,,0,0,0,JAWA TIMUR,KOTA BLITAR,SANANWETAN,BENDOGERIT,BLITAR
4352293862,,ODP-BLR-FCG/13,-8.092989,112.1775,,,7,9,0,0,16,REGIONAL 5,KEDIRI,BLITAR,BLR,,,2024-03-16 23:24:53,2019-11-29,2019,11,NON TITO,,,JAWA TIMUR,0.5625,YELLOW,787672271,AREA 3,JATIM,MALANG,TULUNGAGUNG,,,0,0,0,JAWA TIMUR,KOTA BLITAR,SANANWETAN,BENDOGERIT,BLITAR
130669570,,ODP-BLR-FF/25,-8.102103,112.159666,,,4,11,0,0,16,REGIONAL 5,KEDIRI,BLITAR,BLR,,,2024-03-16 23:22:19,2016-02-27,2016,2,NON TITO,,,JAWA TIMUR,0.6875,YELLOW,7904091,AREA 3,JATIM,MALANG,TULUNGAGUNG,,,0,0,0,JAWA TIMUR,KOTA BLITAR,KEPANJENKIDUL,KEPANJENKIDUL,BLITAR
4360393799,,ODP-LDY-FA/62,-8.169321,112.22231,,,8,8,0,0,16,REGIONAL 5,KEDIRI,BLITAR,LDY,,,2024-03-16 23:28:13,2019-11-29,2019,11,NON TITO,,,JAWA TIMUR,0.5,YELLOW,787673991,AREA 3,JATIM,MALANG,TULUNGAGUNG,,,0,0,0,JAWA TIMUR,BLITAR,SUTOJAYAN,KALIPANG,BLITAR
130669241,,ODP-BLR-FB/07,-8.1613,112.1787,,,3,5,0,0,8,REGIONAL 5,KEDIRI,BLITAR,BLR,,,2024-03-16 23:22:07,2016-02-27,2016,2,NON TITO,,,JAWA TIMUR,0.625,YELLOW,7903896,AREA 3,JATIM,MALANG,TULUNGAGUNG,,,0,0,0,JAWA TIMUR,BLITAR,KADEMANGAN,DARUNGAN,BLITAR
4065794301,,ODP-WGI-FK/08,-8.014515,112.348044,,,4,4,0,0,8,REGIONAL 5,KEDIRI,BLITAR,WGI,,,2024-03-16 23:23:08,2019-10-09,2019,10,NON TITO,,,JAWA TIMUR,0.5,YELLOW,680341877,AREA 3,JATIM,MALANG,TULUNGAGUNG,,,0,0,0,JAWA TIMUR,BLITAR,GANDUSARI,SLUMBUNG,BLITAR
3817244857,,ODP-PAN-FA/18,-8.017739,112.212625,,,2,6,0,0,8,REGIONAL 5,KEDIRI,BLITAR,PAN,,,2024-03-16 23:26:22,2019-09-04,2019,9,NON TITO,,,JAWA TIMUR,0.75,YELLOW,643224833,AREA 3,JATIM,MALANG,TULUNGAGUNG,,,0,0,0,JAWA TIMUR,BLITAR,NGLEGOK,PENATARAN,BLITAR
3782818723,,ODP-BLR-FP/104,-8.068507,112.153502,,,2,6,0,0,8,REGIONAL 5,KEDIRI,BLITAR,BLR,,,2024-03-16 23:25:08,2019-08-16,2019,8,NON TITO,,,JAWA TIMUR,0.75,YELLOW,642998862,AREA 3,JATIM,MALANG,TULUNGAGUNG,,,0,0,0,JAWA TIMUR,BLITAR,SANANKULON,SUMBERJO,BLITAR
3787918823,,ODP-PAN-FA/17,-8.02094,112.2134,,,3,5,0,0,8,REGIONAL 5,KEDIRI,BLITAR,PAN,,,2024-03-16 23:23:29,2019-08-26,2019,8,NON TITO,,,JAWA TIMUR,0.625,YELLOW,642972056,AREA 3,JATIM,MALANG,TULUNGAGUNG,,,0,0,0,JAWA TIMUR,BLITAR,NGLEGOK,PENATARAN,BLITAR
130668864,,ODP-BLR-FP/15,-8.055767,112.151012,,,5,11,0,0,16,REGIONAL 5,KEDIRI,BLITAR,BLR,,,2024-03-16 23:21:59,2016-02-27,2016,2,NON TITO,,,JAWA TIMUR,0.6875,YELLOW,7903667,AREA 3,JATIM,MALANG,TULUNGAGUNG,,,0,0,0,JAWA TIMUR,BLITAR,SANANKULON,SUMBERINGIN,BLITAR
3782895632,,ODP-WGI-FL/04,-8.028772,112.343404,,,8,8,0,0,16,REGIONAL 5,KEDIRI,BLITAR,WGI,,,2024-03-16 23:27:39,2019-08-20,2019,8,NON TITO,,,JAWA TIMUR,0.5,YELLOW,642939833,AREA 3,JATIM,MALANG,TULUNGAGUNG,,,0,0,0,JAWA TIMUR,BLITAR,GANDUSARI,SOSO,BLITAR
130668767,,ODP-BLR-FP/25,-8.0775,112.1577,,,3,12,0,0,16,REGIONAL 5,KEDIRI,BLITAR,BLR,,,2024-03-16 23:21:43,2016-02-27,2016,2,NON TITO,,,JAWA TIMUR,0.75,YELLOW,7903611,AREA 3,JATIM,MALANG,TULUNGAGUNG,,,0,0,0,JAWA TIMUR,BLITAR,SANANKULON,SUMBERJO,BLITAR
3981798828,,ODP-WGI-FV/10,-8.092198,112.308144,,,4,4,0,0,8,REGIONAL 5,KEDIRI,BLITAR,WGI,,,2024-03-16 23:24:18,2019-09-24,2019,9,NON TITO,,,JAWA TIMUR,0.5,YELLOW,662946187,AREA 3,JATIM,MALANG,TULUNGAGUNG,,,0,0,0,JAWA TIMUR,BLITAR,TALUN,BAJANG,BLITAR
130665727,,ODP-KBN-FCLK/01,-8.1462,112.3652,,,1,5,0,0,8,REGIONAL 5,KEDIRI,BLITAR,KBN,,,2024-03-16 23:27:59,2016-02-27,2016,2,NON TITO,,,JAWA TIMUR,0.625,YELLOW,7901749,AREA 3,JATIM,MALANG,TULUNGAGUNG,,,0,0,0,JAWA TIMUR,BLITAR,KESAMBEN,KESAMBEN,BLITAR
130664683,,ODP-KBN-FA/10,-8.1464,112.3659,,,6,9,0,0,16,REGIONAL 5,KEDIRI,BLITAR,KBN,,,2024-03-16 23:28:08,2016-02-27,2016,2,NON TITO,,,JAWA TIMUR,0.5625,YELLOW,7901116,AREA 3,JATIM,MALANG,TULUNGAGUNG,,,0,0,0,JAWA TIMUR,BLITAR,KESAMBEN,KESAMBEN,BLITAR
3611898223,,ODP-BLR-FG/41,-8.119668,112.168353,,,3,5,0,0,8,REGIONAL 5,KEDIRI,BLITAR,BLR,,,2024-03-16 23:24:25,2019-05-27,2019,5,NON TITO,,,JAWA TIMUR,0.625,YELLOW,629716427,AREA 3,JATIM,MALANG,TULUNGAGUNG,,,0,0,0,JAWA TIMUR,KOTA BLITAR,SANANWETAN,KARANGTENGAH,BLITAR
3612047305,,ODP-BLR-FBG/18,-8.066587,112.176436,,,4,4,0,0,8,REGIONAL 5,KEDIRI,BLITAR,BLR,,,2024-03-16 23:28:57,2019-05-27,2019,5,NON TITO,,,JAWA TIMUR,0.5,YELLOW,629020145,AREA 3,JATIM,MALANG,TULUNGAGUNG,,,0,0,0,JAWA TIMUR,KOTA BLITAR,KEPANJENKIDUL,TANGGUNG,BLITAR
3612047267,,ODP-BLR-FBG/17,-8.066318,112.17509,,,4,4,0,0,8,REGIONAL 5,KEDIRI,BLITAR,BLR,,,2024-03-16 23:29:00,2019-05-27,2019,5,NON TITO,,,JAWA TIMUR,0.5,YELLOW,629020091,AREA 3,JATIM,MALANG,TULUNGAGUNG,,,0,0,0,JAWA TIMUR,KOTA BLITAR,KEPANJENKIDUL,TANGGUNG,BLITAR
130659639,,ODP-WGI-FA/08,-8.1118,112.2749,,,2,6,0,0,8,REGIONAL 5,KEDIRI,BLITAR,WGI,,,2024-03-16 23:27:21,2016-02-27,2016,2,NON TITO,,,JAWA TIMUR,0.75,YELLOW,7897426,AREA 3,JATIM,MALANG,TULUNGAGUNG,,,0,0,0,JAWA TIMUR,BLITAR,TALUN,BENDOSEWU,BLITAR
130659585,,ODP-BLR-FK/23,-8.1043,112.196,,,3,5,0,0,8,REGIONAL 5,KEDIRI,BLITAR,BLR,,,2024-03-16 23:27:11,2016-02-27,2016,2,NON TITO,,,JAWA TIMUR,0.625,YELLOW,7897386,AREA 3,JATIM,MALANG,TULUNGAGUNG,,,0,0,0,JAWA TIMUR,BLITAR,KANIGORO,PAPUNGAN,BLITAR
130665636,,ODP-KBN-FA/06,-8.1428,112.3738,,,3,5,0,0,8,REGIONAL 5,KEDIRI,BLITAR,KBN,,,2024-03-16 23:28:11,2016-02-27,2016,2,NON TITO,,,JAWA TIMUR,0.625,YELLOW,7901693,AREA 3,JATIM,MALANG,TULUNGAGUNG,,,0,0,0,JAWA TIMUR,BLITAR,KESAMBEN,PAGERWOJO,BLITAR
4126168754,,ODP-BLR-FB/43,-8.14087,112.14453,,,3,5,0,0,8,REGIONAL 5,KEDIRI,BLITAR,BLR,,,2024-03-16 23:27:57,2019-10-22,2019,10,NON TITO,,,JAWA TIMUR,0.625,YELLOW,684089497,AREA 3,JATIM,MALANG,TULUNGAGUNG,,,0,0,0,JAWA TIMUR,BLITAR,KADEMANGAN,KADEMANGAN,BLITAR
3981798858,,ODP-WGI-FV/09,-8.09567,112.307303,,,9,7,0,0,16,REGIONAL 5,KEDIRI,BLITAR,WGI,,,2024-03-16 23:24:44,2019-09-24,2019,9,NON TITO,,,JAWA TIMUR,0.4375,YELLOW,662946209,AREA 3,JATIM,MALANG,TULUNGAGUNG,,,0,0,0,JAWA TIMUR,BLITAR,TALUN,BAJANG,BLITAR
3981798933,,ODP-WGI-FV/12,-8.085709,112.309592,,,7,9,0,0,16,REGIONAL 5,KEDIRI,BLITAR,WGI,,,2024-03-16 23:24:37,2019-09-24,2019,9,NON TITO,,,JAWA TIMUR,0.5625,YELLOW,662946264,AREA 3,JATIM,MALANG,TULUNGAGUNG,,,0,0,0,JAWA TIMUR,BLITAR,TALUN,KAWERON,BLITAR
130669223,,ODP-BLR-FP/68,-8.0895,112.1484,,,7,9,0,0,16,REGIONAL 5,KEDIRI,BLITAR,BLR,,,2024-03-16 23:22:06,2016-02-27,2016,2,NON TITO,,,JAWA TIMUR,0.5625,YELLOW,7903879,AREA 3,JATIM,MALANG,TULUNGAGUNG,,,0,0,0,JAWA TIMUR,KOTA BLITAR,SUKOREJO,TANJUNGSARI,BLITAR
4065794236,,ODP-WGI-FK/01,-7.998448,112.354999,,,9,7,0,0,16,REGIONAL 5,KEDIRI,BLITAR,WGI,,,2024-03-16 23:23:28,2019-10-09,2019,10,NON TITO,,,JAWA TIMUR,0.4375,YELLOW,680341847,AREA 3,JATIM,MALANG,TULUNGAGUNG,,,0,0,0,JAWA TIMUR,BLITAR,GANDUSARI,SEMEN,BLITAR
4065794126,,ODP-WGI-FK/04,-8.006354,112.352979,,,9,7,0,0,16,REGIONAL 5,KEDIRI,BLITAR,WGI,,,2024-03-16 23:23:25,2019-10-09,2019,10,NON TITO,,,JAWA TIMUR,0.4375,YELLOW,680341780,AREA 3,JATIM,MALANG,TULUNGAGUNG,,,0,0,0,JAWA TIMUR,BLITAR,GANDUSARI,SEMEN,BLITAR
130669117,,ODP-BLR-FQ/20,-8.087275,112.169103,,,5,11,0,0,16,REGIONAL 5,KEDIRI,BLITAR,BLR,,,2024-03-16 23:22:06,2016-02-27,2016,2,NON TITO,,,JAWA TIMUR,0.6875,YELLOW,7903819,AREA 3,JATIM,MALANG,TULUNGAGUNG,,,0,0,0,JAWA TIMUR,KOTA BLITAR,KEPANJENKIDUL,BENDO,BLITAR
4065794376,,ODP-WGI-FK/03,-8.004592,112.353605,,,5,11,0,0,16,REGIONAL 5,KEDIRI,BLITAR,WGI,,,2024-03-16 23:23:27,2019-10-09,2019,10,NON TITO,,,JAWA TIMUR,0.6875,YELLOW,680266341,AREA 3,JATIM,MALANG,TULUNGAGUNG,,,0,0,0,JAWA TIMUR,BLITAR,GANDUSARI,SEMEN,BLITAR
4065794366,,ODP-WGI-FK/06,-8.018096,112.346411,,,4,4,0,0,8,REGIONAL 5,KEDIRI,BLITAR,WGI,,,2024-03-16 23:23:26,2019-10-09,2019,10,NON TITO,,,JAWA TIMUR,0.5,YELLOW,680266333,AREA 3,JATIM,MALANG,TULUNGAGUNG,,,0,0,0,JAWA TIMUR,BLITAR,GANDUSARI,SLUMBUNG,BLITAR
3981798868,,ODP-WGI-FV/11,-8.088046,112.309093,,,4,12,0,0,16,REGIONAL 5,KEDIRI,BLITAR,WGI,,,2024-03-16 23:24:44,2019-09-24,2019,9,NON TITO,,,JAWA TIMUR,0.75,YELLOW,662946215,AREA 3,JATIM,MALANG,TULUNGAGUNG,,,0,0,0,JAWA TIMUR,BLITAR,TALUN,BAJANG,BLITAR
4065793971,,ODP-WGI-FK/09,-8.011934,112.349787,,,3,5,0,0,8,REGIONAL 5,KEDIRI,BLITAR,WGI,,,2024-03-16 23:23:24,2019-10-09,2019,10,NON TITO,,,JAWA TIMUR,0.625,YELLOW,680266084,AREA 3,JATIM,MALANG,TULUNGAGUNG,,,0,0,0,JAWA TIMUR,BLITAR,GANDUSARI,SLUMBUNG,BLITAR
130668994,,ODP-BLR-FP/65,-8.0935,112.147,,,3,5,0,0,8,REGIONAL 5,KEDIRI,BLITAR,BLR,,,2024-03-16 23:22:05,2016-02-27,2016,2,NON TITO,,,JAWA TIMUR,0.625,YELLOW,7903747,AREA 3,JATIM,MALANG,TULUNGAGUNG,,,0,0,0,JAWA TIMUR,KOTA BLITAR,SUKOREJO,PAKUNDEN,BLITAR
3995068816,,ODP-PAN-FC/22,-8.02971,112.167704,,,2,6,0,0,8,REGIONAL 5,KEDIRI,BLITAR,PAN,,,2024-03-16 23:26:23,2019-09-26,2019,9,NON TITO,,,JAWA TIMUR,0.75,YELLOW,667667433,AREA 3,JATIM,MALANG,TULUNGAGUNG,,,0,0,0,JAWA TIMUR,BLITAR,PONGGOK,KARANGBENDO,BLITAR
4001293913,,ODP-SNT-FD/08,-8.061669,112.062937,,,7,9,0,0,16,REGIONAL 5,KEDIRI,BLITAR,SNT,,,2024-03-16 23:26:03,2019-09-25,2019,9,NON TITO,,,JAWA TIMUR,0.5625,YELLOW,666093065,AREA 3,JATIM,MALANG,TULUNGAGUNG,,,0,0,0,JAWA TIMUR,BLITAR,SRENGAT,TOGOGAN,BLITAR
3995068811,,ODP-PAN-FC/24,-8.032934,112.175715,,,4,4,0,0,8,REGIONAL 5,KEDIRI,BLITAR,PAN,,,2024-03-16 23:25:06,2019-09-26,2019,9,NON TITO,,,JAWA TIMUR,0.5,YELLOW,663624760,AREA 3,JATIM,MALANG,TULUNGAGUNG,,,0,0,0,JAWA TIMUR,BLITAR,NGLEGOK,DAYU,BLITAR
130668941,,ODP-BLR-FL/12,-8.086502,112.19201,,,9,7,0,0,16,REGIONAL 5,KEDIRI,BLITAR,BLR,,,2024-03-16 23:22:01,2016-02-27,2016,2,NON TITO,,,JAWA TIMUR,0.4375,YELLOW,7903715,AREA 3,JATIM,MALANG,TULUNGAGUNG,,,0,0,0,JAWA TIMUR,KOTA BLITAR,SANANWETAN,GEDOG,BLITAR
3994693678,,ODP-BLR-FV/24,-8.103984,112.15894,,,3,5,0,0,8,REGIONAL 5,KEDIRI,BLITAR,BLR,,,2024-03-16 23:22:40,2019-09-25,2019,9,NON TITO,,,JAWA TIMUR,0.625,YELLOW,663614422,AREA 3,JATIM,MALANG,TULUNGAGUNG,,,0,0,0,JAWA TIMUR,KOTA BLITAR,SUKOREJO,TURI,BLITAR
130669059,,ODP-LDY-FB/03,-8.1511,112.2183,,,3,5,0,0,8,REGIONAL 5,KEDIRI,BLITAR,LDY,,,2024-03-16 23:22:18,2016-02-27,2016,2,NON TITO,,,JAWA TIMUR,0.625,YELLOW,7903785,AREA 3,JATIM,MALANG,TULUNGAGUNG,,,0,0,0,JAWA TIMUR,BLITAR,KANIGORO,SATREYAN,BLITAR
2392996110,,ODP-SNT-FW/22,-8.04043,112.08762,,,3,5,0,0,8,REGIONAL 5,KEDIRI,BLITAR,SNT,,,2024-03-16 23:27:58,2018-03-29,2018,3,NON TITO,,,JAWA TIMUR,0.625,YELLOW,333473780,AREA 3,JATIM,MALANG,TULUNGAGUNG,,,0,0,0,JAWA TIMUR,BLITAR,PONGGOK,KEBONDUREN,BLITAR
4397968566,,ODP-LDY-FC/18,-8.216847,112.155062,,,4,4,0,0,8,REGIONAL 5,KEDIRI,BLITAR,LDY,,,2024-03-16 23:23:29,2019-12-04,2019,12,NON TITO,,,JAWA TIMUR,0.5,YELLOW,789166156,AREA 3,JATIM,MALANG,TULUNGAGUNG,,,0,0,0,JAWA TIMUR,BLITAR,WONOTIRTO,WONOTIRTO,BLITAR
4437943528,,ODP-KBN-FA/42,-8.149064,112.365127,,,4,4,0,0,8,REGIONAL 5,KEDIRI,BLITAR,KBN,,,2024-03-16 23:28:26,2019-12-26,2019,12,NON TITO,,,JAWA TIMUR,0.5,YELLOW,789564864,AREA 3,JATIM,MALANG,TULUNGAGUNG,,,0,0,0,JAWA TIMUR,BLITAR,KESAMBEN,KESAMBEN,BLITAR
4787671032,,ODP-BLR-FBP/12,-8.047588,112.178032,,,4,4,0,0,8,REGIONAL 5,KEDIRI,BLITAR,BLR,,,2024-03-16 23:28:33,2020-04-08,2020,4,NON TITO,,,JAWA TIMUR,0.5,YELLOW,827853060,AREA 3,JATIM,MALANG,TULUNGAGUNG,,,0,0,0,JAWA TIMUR,BLITAR,NGLEGOK,BANGSRI,BLITAR
4769595454,,ODP-BLR-FG/42,-8.119869,112.16103,,,3,5,0,0,8,REGIONAL 5,KEDIRI,BLITAR,BLR,,,2024-03-16 23:28:53,2020-04-01,2020,4,NON TITO,,,JAWA TIMUR,0.625,YELLOW,827637468,AREA 3,JATIM,MALANG,TULUNGAGUNG,,,0,0,0,JAWA TIMUR,KOTA BLITAR,SANANWETAN,PLOSOKEREP,BLITAR
4733519253,,ODP-BLR-FJ/25,-8.130576,112.218915,,,3,5,0,0,8,REGIONAL 5,KEDIRI,BLITAR,BLR,,,2024-03-16 23:23:37,2020-03-17,2020,3,NON TITO,,,JAWA TIMUR,0.625,YELLOW,825122562,AREA 3,JATIM,MALANG,TULUNGAGUNG,,,0,0,0,JAWA TIMUR,BLITAR,KANIGORO,KANIGORO,BLITAR
130670308,,ODP-BLR-FU/03,-8.115447,112.163443,,,3,5,0,0,8,REGIONAL 5,KEDIRI,BLITAR,BLR,,,2024-03-16 23:22:22,2016-02-27,2016,2,NON TITO,,,JAWA TIMUR,0.625,YELLOW,7904528,AREA 3,JATIM,MALANG,TULUNGAGUNG,,,0,0,0,JAWA TIMUR,KOTA BLITAR,SANANWETAN,PLOSOKEREP,BLITAR
4710494930,,ODP-BLR-FAU/20,-8.074923,112.225637,,,6,10,0,0,16,REGIONAL 5,KEDIRI,BLITAR,BLR,,,2024-03-16 23:23:52,2020-03-12,2020,3,NON TITO,,,JAWA TIMUR,0.625,YELLOW,824949410,AREA 3,JATIM,MALANG,TULUNGAGUNG,,,0,0,0,JAWA TIMUR,BLITAR,GARUM,GARUM,BLITAR
4715444492,,ODP-WGI-FD/30,-8.106999,112.337287,,,4,12,0,0,16,REGIONAL 5,KEDIRI,BLITAR,WGI,,,2024-03-16 23:21:06,2020-03-11,2020,3,NON TITO,,,JAWA TIMUR,0.75,YELLOW,824943511,AREA 3,JATIM,MALANG,TULUNGAGUNG,,,0,0,0,JAWA TIMUR,BLITAR,WLINGI,KLEMUNAN,BLITAR
4826369080,,ODP-WGI-FAA/06,-8.088625,112.358212,,,4,4,0,0,8,REGIONAL 5,KEDIRI,BLITAR,WGI,,,2024-03-16 23:25:04,2020-04-15,2020,4,NON TITO,,,JAWA TIMUR,0.5,YELLOW,828201743,AREA 3,JATIM,MALANG,TULUNGAGUNG,,,0,0,0,JAWA TIMUR,BLITAR,DOKO,DOKO,BLITAR
4702020543,,ODP-SNT-FF/36,-8.054998,112.099688,,,4,4,0,0,8,REGIONAL 5,KEDIRI,BLITAR,SNT,,,2024-03-16 23:25:23,2020-03-05,2020,3,NON TITO,,,JAWA TIMUR,0.5,YELLOW,824622428,AREA 3,JATIM,MALANG,TULUNGAGUNG,,,0,0,0,JAWA TIMUR,BLITAR,PONGGOK,KAWEDUSAN,BLITAR
130670294,,ODP-BLR-FU/06,-8.1132,112.1647,,,4,4,0,0,8,REGIONAL 5,KEDIRI,BLITAR,BLR,,,2024-03-16 23:22:37,2016-02-27,2016,2,NON TITO,,,JAWA TIMUR,0.5,YELLOW,7904520,AREA 3,JATIM,MALANG,TULUNGAGUNG,,,0,0,0,JAWA TIMUR,KOTA BLITAR,SANANWETAN,PLOSOKEREP,BLITAR
4628894941,,ODP-SNT-FK/02,-8.082039,112.106099,,,9,7,0,0,16,REGIONAL 5,KEDIRI,BLITAR,SNT,,,2024-03-16 23:26:20,2020-02-18,2020,2,NON TITO,,,JAWA TIMUR,0.4375,YELLOW,824069715,AREA 3,JATIM,MALANG,TULUNGAGUNG,,,0,0,0,JAWA TIMUR,BLITAR,SRENGAT,KANDANGAN,BLITAR
4628894938,,ODP-SNT-FK/03,-8.082527,112.09838,,,3,5,0,0,8,REGIONAL 5,KEDIRI,BLITAR,SNT,,,2024-03-16 23:26:01,2020-02-18,2020,2,NON TITO,,,JAWA TIMUR,0.625,YELLOW,824069713,AREA 3,JATIM,MALANG,TULUNGAGUNG,,,0,0,0,JAWA TIMUR,BLITAR,SRENGAT,KANDANGAN,BLITAR
4628594293,,ODP-WGI-FP/04,-8.071558,112.319311,,,2,6,0,0,8,REGIONAL 5,KEDIRI,BLITAR,WGI,,,2024-03-16 23:24:49,2020-02-18,2020,2,NON TITO,,,JAWA TIMUR,0.75,YELLOW,823929975,AREA 3,JATIM,MALANG,TULUNGAGUNG,,,0,0,0,JAWA TIMUR,BLITAR,WLINGI,BERU,BLITAR
130670208,,ODP-SNT-FB/10,-8.0861,112.0719,,,4,4,0,0,8,REGIONAL 5,KEDIRI,BLITAR,SNT,,,2024-03-16 23:21:44,2016-02-27,2016,2,NON TITO,,,JAWA TIMUR,0.5,YELLOW,7904470,AREA 3,JATIM,MALANG,TULUNGAGUNG,,,0,0,0,JAWA TIMUR,BLITAR,SRENGAT,WONOREJO,BLITAR
130670154,,ODP-BLR-FA/10,-8.1003,112.1542,,,8,8,0,0,16,REGIONAL 5,KEDIRI,BLITAR,BLR,,,2024-03-16 23:21:44,2016-02-27,2016,2,NON TITO,,,JAWA TIMUR,0.5,YELLOW,7904438,AREA 3,JATIM,MALANG,TULUNGAGUNG,,,0,0,0,JAWA TIMUR,KOTA BLITAR,SUKOREJO,SUKOREJO,BLITAR
4703518925,,ODP-SNT-FF/35,-8.066002,112.084388,,,3,5,0,0,8,REGIONAL 5,KEDIRI,BLITAR,SNT,,,2024-03-16 23:23:46,2020-03-04,2020,3,NON TITO,,,JAWA TIMUR,0.625,YELLOW,824611700,AREA 3,JATIM,MALANG,TULUNGAGUNG,,,0,0,0,JAWA TIMUR,BLITAR,SRENGAT,KENDALREJO,BLITAR
130670142,,ODP-BLR-FE/16,-8.0992,112.16737,,,4,12,0,0,16,REGIONAL 5,KEDIRI,BLITAR,BLR,,,2024-03-16 23:21:25,2016-02-27,2016,2,NON TITO,,,JAWA TIMUR,0.75,YELLOW,7904431,AREA 3,JATIM,MALANG,TULUNGAGUNG,,,0,0,0,JAWA TIMUR,KOTA BLITAR,KEPANJENKIDUL,KEPANJENKIDUL,BLITAR
130670362,,ODP-WGI-FC/01,-8.0481,112.3368,,,4,9,0,0,16,REGIONAL 5,KEDIRI,BLITAR,WGI,,,2024-03-16 23:22:36,2016-02-27,2016,2,NON TITO,,,JAWA TIMUR,0.5625,YELLOW,7904562,AREA 3,JATIM,MALANG,TULUNGAGUNG,,,0,0,0,JAWA TIMUR,BLITAR,WLINGI,BABADAN,BLITAR
4826369092,,ODP-WGI-FAA/04,-8.085323,112.370503,,,2,6,0,0,8,REGIONAL 5,KEDIRI,BLITAR,WGI,,,2024-03-16 23:26:09,2020-04-15,2020,4,NON TITO,,,JAWA TIMUR,0.75,YELLOW,828201751,AREA 3,JATIM,MALANG,TULUNGAGUNG,,,0,0,0,JAWA TIMUR,BLITAR,DOKO,DOKO,BLITAR
4855621721,,ODP-SNT-FH/02,-8.09089,112.022089,,,3,5,0,0,8,REGIONAL 5,KEDIRI,BLITAR,SNT,,,2024-03-16 23:26:56,2020-04-22,2020,4,NON TITO,,,JAWA TIMUR,0.625,YELLOW,828264620,AREA 3,JATIM,MALANG,TULUNGAGUNG,,,0,0,0,JAWA TIMUR,BLITAR,WONODADI,KUNIR,BLITAR
4855621718,,ODP-SNT-FH/01,-8.092662,112.01655,,,2,6,0,0,8,REGIONAL 5,KEDIRI,BLITAR,SNT,,,2024-03-16 23:22:49,2020-04-22,2020,4,NON TITO,,,JAWA TIMUR,0.75,YELLOW,828264618,AREA 3,JATIM,MALANG,TULUNGAGUNG,,,0,0,0,JAWA TIMUR,BLITAR,WONODADI,KUNIR,BLITAR
4826369149,,ODP-WGI-FAA/11,-8.090371,112.360197,,,2,6,0,0,8,REGIONAL 5,KEDIRI,BLITAR,WGI,,,2024-03-16 23:25:38,2020-04-15,2020,4,NON TITO,,,JAWA TIMUR,0.75,YELLOW,828201789,AREA 3,JATIM,MALANG,TULUNGAGUNG,,,0,0,0,JAWA TIMUR,BLITAR,DOKO,GENENGAN,BLITAR
130670533,,ODP-BLR-FP/20,-8.0606,112.1521,,,1,6,0,0,8,REGIONAL 5,KEDIRI,BLITAR,BLR,,,2024-03-16 23:22:41,2016-02-27,2016,2,NON TITO,,,JAWA TIMUR,0.75,YELLOW,7904659,AREA 3,JATIM,MALANG,TULUNGAGUNG,,,0,0,0,JAWA TIMUR,BLITAR,SANANKULON,SUMBERINGIN,BLITAR
4826369143,,ODP-WGI-FAA/02,-8.07931,112.373941,,,3,5,0,0,8,REGIONAL 5,KEDIRI,BLITAR,WGI,,,2024-03-16 23:25:12,2020-04-15,2020,4,NON TITO,,,JAWA TIMUR,0.625,YELLOW,828201785,AREA 3,JATIM,MALANG,TULUNGAGUNG,,,0,0,0,JAWA TIMUR,BLITAR,DOKO,DOKO,BLITAR
130670530,,ODP-BLR-FP/67,-8.0906,112.1481,,,3,5,0,0,8,REGIONAL 5,KEDIRI,BLITAR,BLR,,,2024-03-16 23:22:30,2016-02-27,2016,2,NON TITO,,,JAWA TIMUR,0.625,YELLOW,7904657,AREA 3,JATIM,MALANG,TULUNGAGUNG,,,0,0,0,JAWA TIMUR,KOTA BLITAR,SUKOREJO,PAKUNDEN,BLITAR
4826369089,,ODP-WGI-FAA/03,-8.082754,112.372351,,,8,8,0,0,16,REGIONAL 5,KEDIRI,BLITAR,WGI,,,2024-03-16 23:25:40,2020-04-15,2020,4,NON TITO,,,JAWA TIMUR,0.5,YELLOW,828201749,AREA 3,JATIM,MALANG,TULUNGAGUNG,,,0,0,0,JAWA TIMUR,BLITAR,DOKO,DOKO,BLITAR
4826369137,,ODP-WGI-FAA/09,-8.086465,112.364098,,,4,4,0,0,8,REGIONAL 5,KEDIRI,BLITAR,WGI,,,2024-03-16 23:25:05,2020-04-15,2020,4,NON TITO,,,JAWA TIMUR,0.5,YELLOW,828201781,AREA 3,JATIM,MALANG,TULUNGAGUNG,,,0,0,0,JAWA TIMUR,BLITAR,DOKO,DOKO,BLITAR
4826369128,,ODP-WGI-FAA/10,-8.088598,112.361513,,,4,4,0,0,8,REGIONAL 5,KEDIRI,BLITAR,WGI,,,2024-03-16 23:25:18,2020-04-15,2020,4,NON TITO,,,JAWA TIMUR,0.5,YELLOW,828201775,AREA 3,JATIM,MALANG,TULUNGAGUNG,,,0,0,0,JAWA TIMUR,BLITAR,DOKO,GENENGAN,BLITAR
4826369125,,ODP-WGI-FAA/07,-8.086923,112.360525,,,3,5,0,0,8,REGIONAL 5,KEDIRI,BLITAR,WGI,,,2024-03-16 23:25:37,2020-04-15,2020,4,NON TITO,,,JAWA TIMUR,0.625,YELLOW,828201773,AREA 3,JATIM,MALANG,TULUNGAGUNG,,,0,0,0,JAWA TIMUR,BLITAR,DOKO,DOKO,BLITAR
4826369119,,ODP-WGI-FAA/12,-8.095628,112.356613,,,8,8,0,0,16,REGIONAL 5,KEDIRI,BLITAR,WGI,,,2024-03-16 23:25:38,2020-04-15,2020,4,NON TITO,,,JAWA TIMUR,0.5,YELLOW,828201769,AREA 3,JATIM,MALANG,TULUNGAGUNG,,,0,0,0,JAWA TIMUR,BLITAR,DOKO,GENENGAN,BLITAR
130670471,,ODP-BLR-FP/47,-8.0871,112.1437,,,3,5,0,0,8,REGIONAL 5,KEDIRI,BLITAR,BLR,,,2024-03-16 23:22:23,2016-02-27,2016,2,NON TITO,,,JAWA TIMUR,0.625,YELLOW,7904624,AREA 3,JATIM,MALANG,TULUNGAGUNG,,,0,0,0,JAWA TIMUR,KOTA BLITAR,SUKOREJO,TANJUNGSARI,BLITAR
130670447,,ODP-BLR-FR/15,-8.0987,112.1618,,,7,7,0,0,16,REGIONAL 5,KEDIRI,BLITAR,BLR,,,2024-03-16 23:22:23,2016-02-27,2016,2,NON TITO,,,JAWA TIMUR,0.4375,YELLOW,7904612,AREA 3,JATIM,MALANG,TULUNGAGUNG,,,0,0,0,JAWA TIMUR,KOTA BLITAR,KEPANJENKIDUL,KAUMAN,BLITAR
4826369098,,ODP-WGI-FAA/22,-8.092326,112.351099,,,6,10,0,0,16,REGIONAL 5,KEDIRI,BLITAR,WGI,,,2024-03-16 23:25:52,2020-04-15,2020,4,NON TITO,,,JAWA TIMUR,0.625,YELLOW,828201755,AREA 3,JATIM,MALANG,TULUNGAGUNG,,,0,0,0,JAWA TIMUR,BLITAR,DOKO,SURU,BLITAR
4826369134,,ODP-WGI-FAA/14,-8.094655,112.352948,,,3,5,0,0,8,REGIONAL 5,KEDIRI,BLITAR,WGI,,,2024-03-16 23:25:46,2020-04-15,2020,4,NON TITO,,,JAWA TIMUR,0.625,YELLOW,828201779,AREA 3,JATIM,MALANG,TULUNGAGUNG,,,0,0,0,JAWA TIMUR,BLITAR,DOKO,SURU,BLITAR
4428718616,,ODP-WGI-FH/46,-8.140003,112.309755,,,1,6,0,0,8,REGIONAL 5,KEDIRI,BLITAR,WGI,,,2024-03-16 23:23:03,2019-12-21,2019,12,NON TITO,,,JAWA TIMUR,0.75,YELLOW,789544381,AREA 3,JATIM,MALANG,TULUNGAGUNG,,,0,0,0,JAWA TIMUR,BLITAR,SELOPURO,SELOPURO,BLITAR
4628594326,,ODP-LDY-FA/65,-8.148963,112.236047,,,3,5,0,0,8,REGIONAL 5,KEDIRI,BLITAR,LDY,,,2024-03-16 23:24:55,2020-02-18,2020,2,NON TITO,,,JAWA TIMUR,0.625,YELLOW,823785172,AREA 3,JATIM,MALANG,TULUNGAGUNG,,,0,0,0,JAWA TIMUR,BLITAR,SUTOJAYAN,JEGU,BLITAR
130670117,,ODP-WGI-FB/43,-8.0879,112.3275,,,3,5,0,0,8,REGIONAL 5,KEDIRI,BLITAR,WGI,,,2024-03-16 23:22:19,2016-02-27,2016,2,NON TITO,,,JAWA TIMUR,0.625,YELLOW,7904418,AREA 3,JATIM,MALANG,TULUNGAGUNG,,,0,0,0,JAWA TIMUR,BLITAR,WLINGI,TANGKIL,BLITAR
4492018543,,ODP-WGI-FX/04,-8.077997,112.340488,,,2,6,0,0,8,REGIONAL 5,KEDIRI,BLITAR,WGI,,,2024-03-16 23:22:05,2020-01-19,2020,1,NON TITO,,,JAWA TIMUR,0.75,YELLOW,794220341,AREA 3,JATIM,MALANG,TULUNGAGUNG,,,0,0,0,JAWA TIMUR,BLITAR,DOKO,PLUMBANGAN,BLITAR
4492018540,,ODP-WGI-FX/03,-8.076725,112.340521,,,3,5,0,0,8,REGIONAL 5,KEDIRI,BLITAR,WGI,,,2024-03-16 23:22:17,2020-01-19,2020,1,NON TITO,,,JAWA TIMUR,0.625,YELLOW,794220338,AREA 3,JATIM,MALANG,TULUNGAGUNG,,,0,0,0,JAWA TIMUR,BLITAR,DOKO,PLUMBANGAN,BLITAR
4492018537,,ODP-WGI-FX/08,-8.084663,112.3359,,,2,5,1,0,8,REGIONAL 5,KEDIRI,BLITAR,WGI,,,2024-03-16 23:22:06,2020-01-19,2020,1,NON TITO,,,JAWA TIMUR,0.625,YELLOW,794220336,AREA 3,JATIM,MALANG,TULUNGAGUNG,,,0,0,0,JAWA TIMUR,BLITAR,WLINGI,WLINGI,BLITAR
130669751,,ODP-SNT-FB/09,-8.0876,112.0664,,,2,6,0,0,8,REGIONAL 5,KEDIRI,BLITAR,SNT,,,2024-03-16 23:22:18,2016-02-27,2016,2,NON TITO,,,JAWA TIMUR,0.75,YELLOW,7904205,AREA 3,JATIM,MALANG,TULUNGAGUNG,,,0,0,0,JAWA TIMUR,BLITAR,SRENGAT,PAKISREJO,BLITAR
4478968771,,ODP-WGI-FC/31,-8.076422,112.327542,,,4,4,0,0,8,REGIONAL 5,KEDIRI,BLITAR,WGI,,,2024-03-16 23:25:16,2020-01-17,2020,1,NON TITO,,,JAWA TIMUR,0.5,YELLOW,793554689,AREA 3,JATIM,MALANG,TULUNGAGUNG,,,0,0,0,JAWA TIMUR,BLITAR,WLINGI,BABADAN,BLITAR
130669716,,ODP-WGI-FB/07,-8.0807,112.3164,,,3,5,0,0,8,REGIONAL 5,KEDIRI,BLITAR,WGI,,,2024-03-16 23:21:49,2016-02-27,2016,2,NON TITO,,,JAWA TIMUR,0.625,YELLOW,7904184,AREA 3,JATIM,MALANG,TULUNGAGUNG,,,0,0,0,JAWA TIMUR,BLITAR,WLINGI,BERU,BLITAR
4492018546,,ODP-WGI-FX/06,-8.084768,112.339497,,,8,8,0,0,16,REGIONAL 5,KEDIRI,BLITAR,WGI,,,2024-03-16 23:21:44,2020-01-19,2020,1,NON TITO,,,JAWA TIMUR,0.5,YELLOW,794220343,AREA 3,JATIM,MALANG,TULUNGAGUNG,,,0,0,0,JAWA TIMUR,BLITAR,WLINGI,WLINGI,BLITAR
130669665,,ODP-BLR-FP/49,-8.0871,112.1446,,,5,11,0,0,16,REGIONAL 5,KEDIRI,BLITAR,BLR,,,2024-03-16 23:22:22,2016-02-27,2016,2,NON TITO,,,JAWA TIMUR,0.6875,YELLOW,7904150,AREA 3,JATIM,MALANG,TULUNGAGUNG,,,0,0,0,JAWA TIMUR,KOTA BLITAR,SUKOREJO,TANJUNGSARI,BLITAR
4479868528,,ODP-SNT-FW/23,-8.051128,112.06885,,,4,4,0,0,8,REGIONAL 5,KEDIRI,BLITAR,SNT,,,2024-03-16 23:22:00,2020-01-17,2020,1,NON TITO,,,JAWA TIMUR,0.5,YELLOW,793552815,AREA 3,JATIM,MALANG,TULUNGAGUNG,,,0,0,0,JAWA TIMUR,BLITAR,PONGGOK,LANGON,BLITAR
4463443742,,ODP-WGI-FY/24,-8.069885,112.332479,,,2,6,0,0,8,REGIONAL 5,KEDIRI,BLITAR,WGI,,,2024-03-16 23:25:23,2020-01-14,2020,1,NON TITO,,,JAWA TIMUR,0.75,YELLOW,793470311,AREA 3,JATIM,MALANG,TULUNGAGUNG,,,0,0,0,JAWA TIMUR,BLITAR,WLINGI,WLINGI,BLITAR
4478968765,,ODP-WGI-FC/34,-8.074362,112.325963,,,2,6,0,0,8,REGIONAL 5,KEDIRI,BLITAR,WGI,,,2024-03-16 23:26:03,2020-01-17,2020,1,NON TITO,,,JAWA TIMUR,0.75,YELLOW,789816837,AREA 3,JATIM,MALANG,TULUNGAGUNG,,,0,0,0,JAWA TIMUR,BLITAR,WLINGI,BABADAN,BLITAR
4463520754,,ODP-WGI-FU/03,-8.08602,112.260494,,,4,4,0,0,8,REGIONAL 5,KEDIRI,BLITAR,WGI,,,2024-03-16 23:28:35,2020-01-16,2020,1,NON TITO,,,JAWA TIMUR,0.5,YELLOW,789813988,AREA 3,JATIM,MALANG,TULUNGAGUNG,,,0,0,0,JAWA TIMUR,BLITAR,TALUN,PASIRHARJO,BLITAR
4463520749,,ODP-WGI-FU/02,-8.084211,112.260864,,,2,6,0,0,8,REGIONAL 5,KEDIRI,BLITAR,WGI,,,2024-03-16 23:28:29,2020-01-16,2020,1,NON TITO,,,JAWA TIMUR,0.75,YELLOW,789813985,AREA 3,JATIM,MALANG,TULUNGAGUNG,,,0,0,0,JAWA TIMUR,BLITAR,TALUN,PASIRHARJO,BLITAR
4442986162,,ODP-WGI-FM/09,-8.043397,112.364293,,,2,6,0,0,8,REGIONAL 5,KEDIRI,BLITAR,WGI,,,2024-03-16 23:28:12,2020-01-06,2020,1,NON TITO,,,JAWA TIMUR,0.75,YELLOW,789701406,AREA 3,JATIM,MALANG,TULUNGAGUNG,,,0,0,0,JAWA TIMUR,BLITAR,WLINGI,TEGALASRI,BLITAR
4478968745,,ODP-WGI-FC/32,-8.075236,112.327323,,,5,11,0,0,16,REGIONAL 5,KEDIRI,BLITAR,WGI,,,2024-03-16 23:26:09,2020-01-17,2020,1,NON TITO,,,JAWA TIMUR,0.6875,YELLOW,793554671,AREA 3,JATIM,MALANG,TULUNGAGUNG,,,0,0,0,JAWA TIMUR,BLITAR,WLINGI,BABADAN,BLITAR
4628594308,,ODP-WGI-FP/03,-8.072083,112.32129,,,2,6,0,0,8,REGIONAL 5,KEDIRI,BLITAR,WGI,,,2024-03-16 23:24:51,2020-02-18,2020,2,NON TITO,,,JAWA TIMUR,0.75,YELLOW,823785166,AREA 3,JATIM,MALANG,TULUNGAGUNG,,,0,0,0,JAWA TIMUR,BLITAR,WLINGI,BABADAN,BLITAR
4492018549,,ODP-WGI-FX/07,-8.084798,112.337324,,,4,4,0,0,8,REGIONAL 5,KEDIRI,BLITAR,WGI,,,2024-03-16 23:22:17,2020-01-19,2020,1,NON TITO,,,JAWA TIMUR,0.5,YELLOW,794220345,AREA 3,JATIM,MALANG,TULUNGAGUNG,,,0,0,0,JAWA TIMUR,BLITAR,WLINGI,WLINGI,BLITAR
130669784,,ODP-PAN-FCLA/01,-8.0406,112.2163,,,4,12,0,0,16,REGIONAL 5,KEDIRI,BLITAR,PAN,,,2024-03-16 23:22:06,2016-02-27,2016,2,NON TITO,,,JAWA TIMUR,0.75,YELLOW,7904224,AREA 3,JATIM,MALANG,TULUNGAGUNG,,,0,0,0,JAWA TIMUR,BLITAR,NGLEGOK,NGLEGOK,BLITAR
130670083,,ODP-BLR-FP/26,-8.0749,112.1567,,,6,10,0,0,16,REGIONAL 5,KEDIRI,BLITAR,BLR,,,2024-03-16 23:22:27,2016-02-27,2016,2,NON TITO,,,JAWA TIMUR,0.625,YELLOW,7904400,AREA 3,JATIM,MALANG,TULUNGAGUNG,,,0,0,0,JAWA TIMUR,BLITAR,SANANKULON,SUMBERJO,BLITAR
130670071,,ODP-BLR-FB/22,-8.1434,112.1448,,,4,12,0,0,16,REGIONAL 5,KEDIRI,BLITAR,BLR,,,2024-03-16 23:22:27,2016-02-27,2016,2,NON TITO,,,JAWA TIMUR,0.75,YELLOW,7904391,AREA 3,JATIM,MALANG,TULUNGAGUNG,,,0,0,0,JAWA TIMUR,BLITAR,KADEMANGAN,KADEMANGAN,BLITAR
4484819336,,ODP-LDY-FB/23,-8.160793,112.225043,,,2,6,0,0,8,REGIONAL 5,KEDIRI,BLITAR,LDY,,,2024-03-16 23:23:02,2020-01-24,2020,1,NON TITO,,,JAWA TIMUR,0.75,YELLOW,795133569,AREA 3,JATIM,MALANG,TULUNGAGUNG,,,0,0,0,JAWA TIMUR,BLITAR,SUTOJAYAN,JINGGLONG,BLITAR
4484819331,,ODP-LDY-FB/20,-8.160844,112.234308,,,2,6,0,0,8,REGIONAL 5,KEDIRI,BLITAR,LDY,,,2024-03-16 23:23:32,2020-01-24,2020,1,NON TITO,,,JAWA TIMUR,0.75,YELLOW,795133566,AREA 3,JATIM,MALANG,TULUNGAGUNG,,,0,0,0,JAWA TIMUR,BLITAR,SUTOJAYAN,JINGGLONG,BLITAR
130669997,,ODP-BLR-FP/66,-8.0923,112.1475,,,3,5,0,0,8,REGIONAL 5,KEDIRI,BLITAR,BLR,,,2024-03-16 23:22:25,2016-02-27,2016,2,NON TITO,,,JAWA TIMUR,0.625,YELLOW,7904349,AREA 3,JATIM,MALANG,TULUNGAGUNG,,,0,0,0,JAWA TIMUR,KOTA BLITAR,SUKOREJO,PAKUNDEN,BLITAR
4484819281,,ODP-LDY-FB/14,-8.163589,112.227829,,,2,6,0,0,8,REGIONAL 5,KEDIRI,BLITAR,LDY,,,2024-03-16 23:21:19,2020-01-24,2020,1,NON TITO,,,JAWA TIMUR,0.75,YELLOW,795133536,AREA 3,JATIM,MALANG,TULUNGAGUNG,,,0,0,0,JAWA TIMUR,BLITAR,SUTOJAYAN,JINGGLONG,BLITAR
130669761,,ODP-BLR-FL/14,-8.0744,112.2024,,,6,10,0,0,16,REGIONAL 5,KEDIRI,BLITAR,BLR,,,2024-03-16 23:22:23,2016-02-27,2016,2,NON TITO,,,JAWA TIMUR,0.625,YELLOW,7904211,AREA 3,JATIM,MALANG,TULUNGAGUNG,,,0,0,0,JAWA TIMUR,BLITAR,GARUM,POJOK,BLITAR
4484819276,,ODP-LDY-FB/08,-8.163047,112.217756,,,2,6,0,0,8,REGIONAL 5,KEDIRI,BLITAR,LDY,,,2024-03-16 23:22:40,2020-01-24,2020,1,NON TITO,,,JAWA TIMUR,0.75,YELLOW,795133533,AREA 3,JATIM,MALANG,TULUNGAGUNG,,,0,0,0,JAWA TIMUR,BLITAR,SUTOJAYAN,KALIPANG,BLITAR
130669917,,ODP-BLR-FH/16,-8.1338,112.1688,,,3,4,0,0,8,REGIONAL 5,KEDIRI,BLITAR,BLR,,,2024-03-16 23:22:15,2016-02-27,2016,2,NON TITO,,,JAWA TIMUR,0.5,YELLOW,7904304,AREA 3,JATIM,MALANG,TULUNGAGUNG,,,0,0,0,JAWA TIMUR,BLITAR,KANIGORO,MINGGIRSARI,BLITAR
130669883,,ODP-BLR-FH/11,-8.1424,112.1687,,,6,10,0,0,16,REGIONAL 5,KEDIRI,BLITAR,BLR,,,2024-03-16 23:22:16,2016-02-27,2016,2,NON TITO,,,JAWA TIMUR,0.625,YELLOW,7904283,AREA 3,JATIM,MALANG,TULUNGAGUNG,,,0,0,0,JAWA TIMUR,BLITAR,KANIGORO,MINGGIRSARI,BLITAR
4485944480,,ODP-BLR-FBP/10,-8.05415,112.173661,,,3,5,0,0,8,REGIONAL 5,KEDIRI,BLITAR,BLR,,,2024-03-16 23:25:46,2020-01-21,2020,1,NON TITO,,,JAWA TIMUR,0.625,YELLOW,794669742,AREA 3,JATIM,MALANG,TULUNGAGUNG,,,0,0,0,JAWA TIMUR,BLITAR,NGLEGOK,BANGSRI,BLITAR
130669880,,ODP-WGI-FA/23,-8.0862,112.2902,,,2,6,0,0,8,REGIONAL 5,KEDIRI,BLITAR,WGI,,,2024-03-16 23:22:16,2016-02-27,2016,2,NON TITO,,,JAWA TIMUR,0.75,YELLOW,7904281,AREA 3,JATIM,MALANG,TULUNGAGUNG,,,0,0,0,JAWA TIMUR,BLITAR,TALUN,TALUN,BLITAR
4500868540,,ODP-SNT-FS/08,-8.048862,111.993139,,,2,6,0,0,8,REGIONAL 5,KEDIRI,BLITAR,SNT,,,2024-03-16 23:23:49,2020-01-20,2020,1,NON TITO,,,JAWA TIMUR,0.75,YELLOW,794227190,AREA 3,JATIM,MALANG,TULUNGAGUNG,,,0,0,0,JAWA TIMUR,BLITAR,WONODADI,WONODADI,BLITAR
130669809,,ODP-WGI-FA/09,-8.1063,112.2758,,,4,4,0,0,8,REGIONAL 5,KEDIRI,BLITAR,WGI,,,2024-03-16 23:22:26,2016-02-27,2016,2,NON TITO,,,JAWA TIMUR,0.5,YELLOW,7904239,AREA 3,JATIM,MALANG,TULUNGAGUNG,,,0,0,0,JAWA TIMUR,BLITAR,TALUN,WONOREJO,BLITAR
130669981,,ODP-BLR-FR/17,-8.0945,112.1669,,,8,8,0,0,16,REGIONAL 5,KEDIRI,BLITAR,BLR,,,2024-03-16 23:21:19,2016-02-27,2016,2,NON TITO,,,JAWA TIMUR,0.5,YELLOW,7904336,AREA 3,JATIM,MALANG,TULUNGAGUNG,,,0,0,0,JAWA TIMUR,KOTA BLITAR,KEPANJENKIDUL,KEPANJENLOR,BLITAR
3019318871,,ODP-BLR-FAA/46,-8.098436,112.131535,,,4,4,0,0,8,REGIONAL 5,KEDIRI,BLITAR,BLR,,,2024-03-16 23:27:11,2018-10-15,2018,10,NON TITO,,,JAWA TIMUR,0.5,YELLOW,405613065,AREA 3,JATIM,MALANG,TULUNGAGUNG,,,0,0,0,JAWA TIMUR,BLITAR,SANANKULON,SANANKULON,BLITAR
