DEVICE ID,ODP INDEX,ODP NAME,LATITUDE,LONGITUDE,CLUSNAME,CLUSTERSATATUS,AVAI,USED,RSV,RSK,IS TOTAL,Telkom Regional,Telkom Witel,Telkom Datel,Telkom STO,Telkom STO Deskripsi,ODP INFO,UPDATE DATE,TGL GOLIVE,TAHUN ODP,BULAN ODP,KATEGORI,NAMA PROYEK,KABUPATEN KOTA,PROVINSI,OCC 1,OCC 2,ID ODP,Telkomsel Area,Telkomsel Regional,Telkomsel Branch,Telkomsel Cluster,Validasi STO,Validasi ODC,Jarak ODP ke ODC (Meter),Jarak ODC ke STO (Meter),Jarak ODP ke STO (Meter),Validasi Provinsi,Validasi Kabupaten Kota,Validasi Kecamatan,Validasi Kelurahan,Telda
4444169377,,ODP-TUL-FK/24,-8.105409,111.941045,,,1,7,0,0,8,REGIONAL 5,KEDIRI,TULUNG AGUNG,TUL,,,2024-03-16 23:28:05,2020-01-10,2020,1,NON TITO,,,JAWA TIMUR,0.875,ORANGE,789727841,AREA 3,JATIM,MALANG,TULUNGAGUNG,,,0,0,0,JAWA TIMUR,TULUNGAGUNG,SUMBERGEMPOL,TAMBAKREJO,TULUNG AGUNG
2904868674,,ODP-TUL-FAH/12,-8.017833,111.935837,,,1,7,0,0,8,REGIONAL 5,KEDIRI,TULUNG AGUNG,TUL,,,2024-03-16 23:29:14,2018-09-13,2018,9,NON TITO,,,JAWA TIMUR,0.875,ORANGE,390106163,AREA 3,JATIM,MALANG,TULUNGAGUNG,,,0,0,0,JAWA TIMUR,TULUNGAGUNG,NGANTRU,BENDOSARI,TULUNG AGUNG
2886493948,,ODP-TUL-FK/20,-8.114712,111.927708,,,1,7,0,0,8,REGIONAL 5,KEDIRI,TULUNG AGUNG,TUL,,,2024-03-16 23:28:54,2018-09-07,2018,9,NON TITO,,,JAWA TIMUR,0.875,ORANGE,389849216,AREA 3,JATIM,MALANG,TULUNGAGUNG,,,0,0,0,JAWA TIMUR,TULUNGAGUNG,SUMBERGEMPOL,JUNJUNG,TULUNG AGUNG
2904869939,,ODP-TUL-FAF/81,-8.06068,111.899203,,,1,7,0,0,8,REGIONAL 5,KEDIRI,TULUNG AGUNG,TUL,,,2024-03-16 23:22:18,2018-09-13,2018,9,NON TITO,,,JAWA TIMUR,0.875,ORANGE,390063378,AREA 3,JATIM,MALANG,TULUNGAGUNG,,,0,0,0,JAWA TIMUR,TULUNGAGUNG,TULUNGAGUNG,KAMPUNGDALEM,TULUNG AGUNG
4524118785,,ODP-TRE-FA/34,-8.049812,111.708566,,,1,7,0,0,8,REGIONAL 5,KEDIRI,TULUNG AGUNG,TRE,,,2024-03-16 23:23:05,2020-02-01,2020,2,NON TITO,,,JAWA TIMUR,0.875,ORANGE,798645402,AREA 3,JATIM,MADIUN,PONOROGO,,,0,0,0,JAWA TIMUR,TRENGGALEK,TRENGGALEK,NGANTRU,TULUNG AGUNG
2427869370,,ODP-TUL-FN/54,-8.071324,111.881103,,,1,7,0,0,8,REGIONAL 5,KEDIRI,TULUNG AGUNG,TUL,,,2024-03-16 23:27:08,2018-04-13,2018,4,NON TITO,,,JAWA TIMUR,0.875,ORANGE,333710275,AREA 3,JATIM,MALANG,TULUNGAGUNG,,,0,0,0,JAWA TIMUR,TULUNGAGUNG,TULUNGAGUNG,TERTEK,TULUNG AGUNG
8486968587,,ODP-TUL-FAS/05,-8.076231,111.937581,,,1,7,0,0,8,REGIONAL 5,KEDIRI,TULUNG AGUNG,TUL,,,2024-03-16 23:29:00,2022-03-01,2022,3,NON TITO,,,JAWA TIMUR,0.875,ORANGE,1168326920,AREA 3,JATIM,MALANG,TULUNGAGUNG,,,0,0,0,JAWA TIMUR,TULUNGAGUNG,SUMBERGEMPOL,SUMBERDADI,TULUNG AGUNG
2130870736,,ODP-TUL-FL/60,-8.064268,111.907368,,,1,15,0,0,16,REGIONAL 5,KEDIRI,TULUNG AGUNG,TUL,,,2024-03-16 23:27:40,2018-01-08,2018,1,NON TITO,,,JAWA TIMUR,0.9375,ORANGE,259746370,AREA 3,JATIM,MALANG,TULUNGAGUNG,,,0,0,0,JAWA TIMUR,TULUNGAGUNG,TULUNGAGUNG,KAMPUNGDALEM,TULUNG AGUNG
2427869516,,ODP-TUL-FN/60,-8.071193,111.884958,,,1,7,0,0,8,REGIONAL 5,KEDIRI,TULUNG AGUNG,TUL,,,2024-03-16 23:27:15,2018-04-13,2018,4,NON TITO,,,JAWA TIMUR,0.875,ORANGE,333710414,AREA 3,JATIM,MALANG,TULUNGAGUNG,,,0,0,0,JAWA TIMUR,TULUNGAGUNG,TULUNGAGUNG,TERTEK,TULUNG AGUNG
2248172326,,ODP-KWR-FA/48,-8.222351,111.950529,,,3,13,0,0,16,REGIONAL 5,KEDIRI,TULUNG AGUNG,KWR,,,2024-03-16 23:26:27,2018-02-20,2018,2,NON TITO,,,JAWA TIMUR,0.8125,ORANGE,319658940,AREA 3,JATIM,MALANG,TULUNGAGUNG,,,0,0,0,JAWA TIMUR,TULUNGAGUNG,KALIDAWIR,BANYUURIP,TULUNG AGUNG
2130870746,,ODP-TUL-FL/74,-8.067319,111.911805,,,1,7,0,0,8,REGIONAL 5,KEDIRI,TULUNG AGUNG,TUL,,,2024-03-16 23:27:50,2018-01-08,2018,1,NON TITO,,,JAWA TIMUR,0.875,ORANGE,259746377,AREA 3,JATIM,MALANG,TULUNGAGUNG,,,0,0,0,JAWA TIMUR,TULUNGAGUNG,TULUNGAGUNG,BAGO,TULUNG AGUNG
5656918570,,ODP-DRN-FA/57,-8.106651,111.763752,,,1,7,0,0,8,REGIONAL 5,KEDIRI,TULUNG AGUNG,DRN,,,2024-03-16 23:26:22,2020-11-09,2020,11,NON TITO,,,JAWA TIMUR,0.875,ORANGE,856556357,AREA 3,JATIM,MADIUN,PONOROGO,,,0,0,0,JAWA TIMUR,TRENGGALEK,POGALAN,BENDOREJO,TULUNG AGUNG
4344344955,,ODP-TRE-FD/29,-8.04911,111.713739,,,1,7,0,0,8,REGIONAL 5,KEDIRI,TULUNG AGUNG,TRE,,,2024-03-16 23:28:05,2019-11-27,2019,11,NON TITO,,,JAWA TIMUR,0.875,ORANGE,787598613,AREA 3,JATIM,MADIUN,PONOROGO,,,0,0,0,JAWA TIMUR,TRENGGALEK,TRENGGALEK,SURODAKAN,TULUNG AGUNG
2904869944,,ODP-TUL-FAF/69,-8.033322,111.903833,,,1,7,0,0,8,REGIONAL 5,KEDIRI,TULUNG AGUNG,TUL,,,2024-03-16 23:22:17,2018-09-13,2018,9,NON TITO,,,JAWA TIMUR,0.875,ORANGE,390063383,AREA 3,JATIM,MALANG,TULUNGAGUNG,,,0,0,0,JAWA TIMUR,TULUNGAGUNG,KEDUNGWARU,SIMO,TULUNG AGUNG
4519168596,,ODP-TRE-FK/17,-8.055326,111.741777,,,1,7,0,0,8,REGIONAL 5,KEDIRI,TULUNG AGUNG,TRE,,,2024-03-16 23:22:26,2020-01-31,2020,1,NON TITO,,,JAWA TIMUR,0.875,ORANGE,795893894,AREA 3,JATIM,MADIUN,PONOROGO,,,0,0,0,JAWA TIMUR,TRENGGALEK,POGALAN,NGULANKULON,TULUNG AGUNG
4519168593,,ODP-TRE-FK/13,-8.062682,111.740532,,,1,7,0,0,8,REGIONAL 5,KEDIRI,TULUNG AGUNG,TRE,,,2024-03-16 23:22:01,2020-01-31,2020,1,NON TITO,,,JAWA TIMUR,0.875,ORANGE,795893892,AREA 3,JATIM,MADIUN,PONOROGO,,,0,0,0,JAWA TIMUR,TRENGGALEK,POGALAN,NGULANKULON,TULUNG AGUNG
2130871128,,ODP-TUL-FL/69,-8.068285,111.907303,,,1,7,0,0,8,REGIONAL 5,KEDIRI,TULUNG AGUNG,TUL,,,2024-03-16 23:27:59,2018-01-08,2018,1,NON TITO,,,JAWA TIMUR,0.875,ORANGE,259746617,AREA 3,JATIM,MALANG,TULUNGAGUNG,,,0,0,0,JAWA TIMUR,TULUNGAGUNG,TULUNGAGUNG,BAGO,TULUNG AGUNG
2904870049,,ODP-TUL-FAF/80,-8.0516,111.89404,,,1,7,0,0,8,REGIONAL 5,KEDIRI,TULUNG AGUNG,TUL,,,2024-03-16 23:22:17,2018-09-13,2018,9,NON TITO,,,JAWA TIMUR,0.875,ORANGE,390063546,AREA 3,JATIM,MALANG,TULUNGAGUNG,,,0,0,0,JAWA TIMUR,TULUNGAGUNG,KEDUNGWARU,MANGUNSARI,TULUNG AGUNG
2903818760,,ODP-TUL-FAG/15,-8.032871,111.956948,,,1,7,0,0,8,REGIONAL 5,KEDIRI,TULUNG AGUNG,TUL,,,2024-03-16 23:27:50,2018-09-10,2018,9,NON TITO,,,JAWA TIMUR,0.875,ORANGE,390089214,AREA 3,JATIM,MALANG,TULUNGAGUNG,,,0,0,0,JAWA TIMUR,TULUNGAGUNG,NGANTRU,PADANGAN,TULUNG AGUNG
4472518975,,ODP-TUL-FH/89,-8.011654,111.933285,,,1,7,0,0,8,REGIONAL 5,KEDIRI,TULUNG AGUNG,TUL,,,2024-03-16 23:26:50,2020-01-15,2020,1,NON TITO,,,JAWA TIMUR,0.875,ORANGE,793547314,AREA 3,JATIM,MALANG,TULUNGAGUNG,,,0,0,0,JAWA TIMUR,TULUNGAGUNG,NGANTRU,BENDOSARI,TULUNG AGUNG
2436497348,,ODP-TUL-FU/38,-8.123518,111.89058,,,1,7,0,0,8,REGIONAL 5,KEDIRI,TULUNG AGUNG,TUL,,,2024-03-16 23:22:49,2018-04-17,2018,4,NON TITO,,,JAWA TIMUR,0.875,ORANGE,346967635,AREA 3,JATIM,MALANG,TULUNGAGUNG,,,0,0,0,JAWA TIMUR,TULUNGAGUNG,BOYOLANGU,NGRANTI,TULUNG AGUNG
2906370379,,ODP-TUL-FAH/01,-8.037188,111.953658,,,1,7,0,0,8,REGIONAL 5,KEDIRI,TULUNG AGUNG,TUL,,,2024-03-16 23:28:26,2018-09-11,2018,9,NON TITO,,,JAWA TIMUR,0.875,ORANGE,390091353,AREA 3,JATIM,MALANG,TULUNGAGUNG,,,0,0,0,JAWA TIMUR,TULUNGAGUNG,NGANTRU,SRIKATON,TULUNG AGUNG
2912294758,,ODP-TUL-FAH/16,-8.023518,111.938042,,,1,7,0,0,8,REGIONAL 5,KEDIRI,TULUNG AGUNG,TUL,,,2024-03-16 23:27:06,2018-09-12,2018,9,NON TITO,,,JAWA TIMUR,0.875,ORANGE,390103615,AREA 3,JATIM,MALANG,TULUNGAGUNG,,,0,0,0,JAWA TIMUR,TULUNGAGUNG,NGANTRU,PINGGIRSARI,TULUNG AGUNG
8470245793,,ODP-TUL-FAQ/09,-8.070279,111.917075,,,1,7,0,0,8,REGIONAL 5,KEDIRI,TULUNG AGUNG,TUL,,,2024-03-16 23:24:02,2022-03-01,2022,3,NON TITO,,,JAWA TIMUR,0.875,ORANGE,1168322952,AREA 3,JATIM,MALANG,TULUNGAGUNG,,,0,0,0,JAWA TIMUR,TULUNGAGUNG,TULUNGAGUNG,BAGO,TULUNG AGUNG
4524118780,,ODP-TRE-FA/24,-8.038974,111.710417,,,1,7,0,0,8,REGIONAL 5,KEDIRI,TULUNG AGUNG,TRE,,,2024-03-16 23:23:35,2020-02-01,2020,2,NON TITO,,,JAWA TIMUR,0.875,ORANGE,798121058,AREA 3,JATIM,MADIUN,PONOROGO,,,0,0,0,JAWA TIMUR,TRENGGALEK,TRENGGALEK,SURODAKAN,TULUNG AGUNG
2124945637,,ODP-TUL-FZ/33,-8.075484,111.892552,,,1,7,0,0,8,REGIONAL 5,KEDIRI,TULUNG AGUNG,TUL,,,2024-03-16 23:27:15,2018-01-09,2018,1,NON TITO,,,JAWA TIMUR,0.875,ORANGE,267917800,AREA 3,JATIM,MALANG,TULUNGAGUNG,,,0,0,0,JAWA TIMUR,TULUNGAGUNG,BOYOLANGU,GEDANGSEWU,TULUNG AGUNG
3248295254,,ODP-KWR-FC/20,-8.143685,111.968973,,,1,7,0,0,8,REGIONAL 5,KEDIRI,TULUNG AGUNG,KWR,,,2024-03-16 23:25:38,2019-01-11,2019,1,NON TITO,,,JAWA TIMUR,0.875,ORANGE,448667380,AREA 3,JATIM,MALANG,TULUNGAGUNG,,,0,0,0,JAWA TIMUR,TULUNGAGUNG,KALIDAWIR,TANJUNG,TULUNG AGUNG
3113520593,,ODP-TRE-FS/07,-8.18779,111.574901,,,1,7,0,0,8,REGIONAL 5,KEDIRI,TULUNG AGUNG,TRE,,,2024-03-16 23:23:37,2018-11-22,2018,11,NON TITO,,,JAWA TIMUR,0.875,ORANGE,406399000,AREA 3,JATIM,MADIUN,PONOROGO,,,0,0,0,JAWA TIMUR,TRENGGALEK,DONGKO,DONGKO,TULUNG AGUNG
2153296207,,ODP-TUL-FP/34,-8.069625,111.901376,,,2,14,0,0,16,REGIONAL 5,KEDIRI,TULUNG AGUNG,TUL,,,2024-03-16 23:25:38,2018-01-18,2018,1,NON TITO,,,JAWA TIMUR,0.875,ORANGE,286902828,AREA 3,JATIM,MALANG,TULUNGAGUNG,,,0,0,0,JAWA TIMUR,TULUNGAGUNG,TULUNGAGUNG,TAMANAN,TULUNG AGUNG
165540982,,ODP-TUL-FV/05,-8.067023,111.890594,,,1,7,0,0,8,REGIONAL 5,KEDIRI,TULUNG AGUNG,TUL,,,2024-03-16 23:28:26,2016-03-16,2016,3,NON TITO,,,JAWA TIMUR,0.875,ORANGE,10952472,AREA 3,JATIM,MALANG,TULUNGAGUNG,,,0,0,0,JAWA TIMUR,TULUNGAGUNG,TULUNGAGUNG,TERTEK,TULUNG AGUNG
2153296204,,ODP-TUL-FP/24,-8.062472,111.902762,,,3,13,0,0,16,REGIONAL 5,KEDIRI,TULUNG AGUNG,TUL,,,2024-03-16 23:25:45,2018-01-18,2018,1,NON TITO,,,JAWA TIMUR,0.8125,ORANGE,286902826,AREA 3,JATIM,MALANG,TULUNGAGUNG,,,0,0,0,JAWA TIMUR,TULUNGAGUNG,TULUNGAGUNG,KAMPUNGDALEM,TULUNG AGUNG
162465896,,ODP-TUL-FV/02,-8.065731,111.888266,,,1,7,0,0,8,REGIONAL 5,KEDIRI,TULUNG AGUNG,TUL,,,2024-03-16 23:29:06,2016-03-16,2016,3,NON TITO,,,JAWA TIMUR,0.875,ORANGE,10952218,AREA 3,JATIM,MALANG,TULUNGAGUNG,,,0,0,0,JAWA TIMUR,TULUNGAGUNG,TULUNGAGUNG,PANGGUNGREJO,TULUNG AGUNG
2153296065,,ODP-TUL-FP/18,-8.066548,111.898173,,,1,7,0,0,8,REGIONAL 5,KEDIRI,TULUNG AGUNG,TUL,,,2024-03-16 23:26:00,2018-01-18,2018,1,NON TITO,,,JAWA TIMUR,0.875,ORANGE,286902718,AREA 3,JATIM,MALANG,TULUNGAGUNG,,,0,0,0,JAWA TIMUR,TULUNGAGUNG,TULUNGAGUNG,KAUMAN,TULUNG AGUNG
6372944115,,ODP-NGU-FF/01,-8.135554,112.016641,,,1,7,0,0,8,REGIONAL 5,KEDIRI,TULUNG AGUNG,NGU,,,2024-03-16 23:26:43,2021-04-28,2021,4,NON TITO,,,JAWA TIMUR,0.875,ORANGE,875772354,AREA 3,JATIM,MALANG,TULUNGAGUNG,,,0,0,0,JAWA TIMUR,TULUNGAGUNG,REJOTANGAN,PANJEREJO,TULUNG AGUNG
165541269,,ODP-TUL-FM/35,-8.064964,111.915728,,,1,15,0,0,16,REGIONAL 5,KEDIRI,TULUNG AGUNG,TUL,,,2024-03-16 23:28:28,2016-03-16,2016,3,NON TITO,,,JAWA TIMUR,0.9375,ORANGE,10803377,AREA 3,JATIM,MALANG,TULUNGAGUNG,,,0,0,0,JAWA TIMUR,TULUNGAGUNG,TULUNGAGUNG,BAGO,TULUNG AGUNG
3633794294,,ODP-TUL-FAL/41,-8.080003,111.905092,,,1,7,0,0,8,REGIONAL 5,KEDIRI,TULUNG AGUNG,TUL,,,2024-03-16 23:29:00,2019-06-14,2019,6,NON TITO,,,JAWA TIMUR,0.875,ORANGE,631003117,AREA 3,JATIM,MALANG,TULUNGAGUNG,,,0,0,0,JAWA TIMUR,TULUNGAGUNG,BOYOLANGU,SERUT,TULUNG AGUNG
2153295960,,ODP-TUL-FP/25,-8.063638,111.90282,,,1,15,0,0,16,REGIONAL 5,KEDIRI,TULUNG AGUNG,TUL,,,2024-03-16 23:25:37,2018-01-18,2018,1,NON TITO,,,JAWA TIMUR,0.9375,ORANGE,286902645,AREA 3,JATIM,MALANG,TULUNGAGUNG,,,0,0,0,JAWA TIMUR,TULUNGAGUNG,TULUNGAGUNG,KAMPUNGDALEM,TULUNG AGUNG
2475043692,,ODP-TUL-FAE/30,-7.982701,111.896857,,,1,7,0,0,8,REGIONAL 5,KEDIRI,TULUNG AGUNG,TUL,,,2024-03-16 23:23:10,2018-04-28,2018,4,NON TITO,,,JAWA TIMUR,0.875,ORANGE,353622688,AREA 3,JATIM,MALANG,TULUNGAGUNG,,,0,0,0,JAWA TIMUR,TULUNGAGUNG,KARANGREJO,PUNJUL,TULUNG AGUNG
2817044811,,ODP-TUL-FAL/08,-8.075566,111.915375,,,3,13,0,0,16,REGIONAL 5,KEDIRI,TULUNG AGUNG,TUL,,,2024-03-16 23:23:37,2018-08-16,2018,8,NON TITO,,,JAWA TIMUR,0.8125,ORANGE,389320258,AREA 3,JATIM,MALANG,TULUNGAGUNG,,,0,0,0,JAWA TIMUR,TULUNGAGUNG,KEDUNGWARU,PLOSOKANDANG,TULUNG AGUNG
165541090,,ODP-TUL-FV/08,-8.068016,111.889591,,,1,7,0,0,8,REGIONAL 5,KEDIRI,TULUNG AGUNG,TUL,,,2024-03-16 23:27:56,2016-03-16,2016,3,NON TITO,,,JAWA TIMUR,0.875,ORANGE,10803063,AREA 3,JATIM,MALANG,TULUNGAGUNG,,,0,0,0,JAWA TIMUR,TULUNGAGUNG,TULUNGAGUNG,TERTEK,TULUNG AGUNG
2153520705,,ODP-TUL-FN/44,-8.067858,111.890166,,,1,7,0,0,8,REGIONAL 5,KEDIRI,TULUNG AGUNG,TUL,,,2024-03-16 23:23:57,2018-01-17,2018,1,NON TITO,,,JAWA TIMUR,0.875,ORANGE,286893726,AREA 3,JATIM,MALANG,TULUNGAGUNG,,,0,0,0,JAWA TIMUR,TULUNGAGUNG,TULUNGAGUNG,TERTEK,TULUNG AGUNG
3637019309,,ODP-TUL-FV/29,-8.064788,111.900049,,,2,14,0,0,16,REGIONAL 5,KEDIRI,TULUNG AGUNG,TUL,,,2024-03-16 23:25:02,2019-06-11,2019,6,NON TITO,,,JAWA TIMUR,0.875,ORANGE,630926119,AREA 3,JATIM,MALANG,TULUNGAGUNG,,,0,0,0,JAWA TIMUR,TULUNGAGUNG,TULUNGAGUNG,KAMPUNGDALEM,TULUNG AGUNG
2475043832,,ODP-TUL-FAE/27,-8.006107,111.913596,,,1,7,0,0,8,REGIONAL 5,KEDIRI,TULUNG AGUNG,TUL,,,2024-03-16 23:23:10,2018-04-28,2018,4,NON TITO,,,JAWA TIMUR,0.875,ORANGE,353622757,AREA 3,JATIM,MALANG,TULUNGAGUNG,,,0,0,0,JAWA TIMUR,TULUNGAGUNG,KEDUNGWARU,BORO,TULUNG AGUNG
2153520700,,ODP-TUL-FN/53,-8.072912,111.884764,,,1,7,0,0,8,REGIONAL 5,KEDIRI,TULUNG AGUNG,TUL,,,2024-03-16 23:24:20,2018-01-17,2018,1,NON TITO,,,JAWA TIMUR,0.875,ORANGE,286893723,AREA 3,JATIM,MALANG,TULUNGAGUNG,,,0,0,0,JAWA TIMUR,TULUNGAGUNG,BOYOLANGU,GEDANGSEWU,TULUNG AGUNG
3210797468,,ODP-TRE-FM/45,-8.081568,111.709092,,,1,7,0,0,8,REGIONAL 5,KEDIRI,TULUNG AGUNG,TRE,,,2024-03-16 23:26:28,2018-12-30,2018,12,NON TITO,,,JAWA TIMUR,0.875,ORANGE,408333088,AREA 3,JATIM,MADIUN,PONOROGO,,,0,0,0,JAWA TIMUR,TRENGGALEK,TRENGGALEK,KARANGSOKO,TULUNG AGUNG
6454618983,,ODP-TUL-FAK/28,-7.985676,111.879829,,,1,7,0,0,8,REGIONAL 5,KEDIRI,TULUNG AGUNG,TUL,,,2024-03-16 23:26:40,2021-05-06,2021,5,NON TITO,,,JAWA TIMUR,0.875,ORANGE,878452863,AREA 3,JATIM,MALANG,TULUNGAGUNG,,,0,0,0,JAWA TIMUR,TULUNGAGUNG,SENDANG,DONO,TULUNG AGUNG
2475043842,,ODP-TUL-FAE/24,-8.018337,111.920799,,,1,7,0,0,8,REGIONAL 5,KEDIRI,TULUNG AGUNG,TUL,,,2024-03-16 23:23:23,2018-04-28,2018,4,NON TITO,,,JAWA TIMUR,0.875,ORANGE,353622762,AREA 3,JATIM,MALANG,TULUNGAGUNG,,,0,0,0,JAWA TIMUR,TULUNGAGUNG,KEDUNGWARU,NGUJANG,TULUNG AGUNG
2475043942,,ODP-TUL-FAE/88,-8.002893,111.90962,,,1,7,0,0,8,REGIONAL 5,KEDIRI,TULUNG AGUNG,TUL,,,2024-03-16 23:22:34,2018-04-28,2018,4,NON TITO,,,JAWA TIMUR,0.875,ORANGE,353622811,AREA 3,JATIM,MALANG,TULUNGAGUNG,,,0,0,0,JAWA TIMUR,TULUNGAGUNG,KARANGREJO,KARANGREJO,TULUNG AGUNG
3624718857,,ODP-TUL-FN/77,-8.096273,111.86888,,,1,7,0,0,8,REGIONAL 5,KEDIRI,TULUNG AGUNG,TUL,,,2024-03-16 23:28:23,2019-06-11,2019,6,NON TITO,,,JAWA TIMUR,0.875,ORANGE,630850804,AREA 3,JATIM,MALANG,TULUNGAGUNG,,,0,0,0,JAWA TIMUR,TULUNGAGUNG,BOYOLANGU,BONO,TULUNG AGUNG
2153520435,,ODP-TUL-FN/36,-8.064523,111.888787,,,1,7,0,0,8,REGIONAL 5,KEDIRI,TULUNG AGUNG,TUL,,,2024-03-16 23:22:25,2018-01-17,2018,1,NON TITO,,,JAWA TIMUR,0.875,ORANGE,286893564,AREA 3,JATIM,MALANG,TULUNGAGUNG,,,0,0,0,JAWA TIMUR,TULUNGAGUNG,TULUNGAGUNG,PANGGUNGREJO,TULUNG AGUNG
2139944968,,ODP-TRE-FN/20,-8.085311,111.758945,,,1,7,0,0,8,REGIONAL 5,KEDIRI,TULUNG AGUNG,TRE,,,2024-03-16 23:27:49,2018-01-12,2018,1,NON TITO,,,JAWA TIMUR,0.875,ORANGE,268447514,AREA 3,JATIM,MADIUN,PONOROGO,,,0,0,0,JAWA TIMUR,TRENGGALEK,POGALAN,GEMBLEB,TULUNG AGUNG
6462944444,,ODP-TUL-FAJ/41,-8.056208,111.88561,,,1,7,0,0,8,REGIONAL 5,KEDIRI,TULUNG AGUNG,TUL,,,2024-03-16 23:28:31,2021-05-10,2021,5,NON TITO,,,JAWA TIMUR,0.875,ORANGE,878473146,AREA 3,JATIM,MALANG,TULUNGAGUNG,,,0,0,0,JAWA TIMUR,TULUNGAGUNG,KAUMAN,BATANGSAREN,TULUNG AGUNG
6481018895,,ODP-TUL-FAC/44,-8.07889,111.848711,,,1,7,0,0,8,REGIONAL 5,KEDIRI,TULUNG AGUNG,TUL,,,2024-03-16 23:27:00,2021-05-11,2021,5,NON TITO,,,JAWA TIMUR,0.875,ORANGE,878980689,AREA 3,JATIM,MALANG,TULUNGAGUNG,,,0,0,0,JAWA TIMUR,TULUNGAGUNG,GONDANG,GONDANG,TULUNG AGUNG
3633794234,,ODP-TUL-FAL/43,-8.081507,111.902861,,,1,7,0,0,8,REGIONAL 5,KEDIRI,TULUNG AGUNG,TUL,,,2024-03-16 23:29:04,2019-06-14,2019,6,NON TITO,,,JAWA TIMUR,0.875,ORANGE,631077726,AREA 3,JATIM,MALANG,TULUNGAGUNG,,,0,0,0,JAWA TIMUR,TULUNGAGUNG,BOYOLANGU,SERUT,TULUNG AGUNG
2153519870,,ODP-TUL-FN/41,-8.066997,111.895372,,,3,13,0,0,16,REGIONAL 5,KEDIRI,TULUNG AGUNG,TUL,,,2024-03-16 23:24:23,2018-01-17,2018,1,NON TITO,,,JAWA TIMUR,0.8125,ORANGE,286893227,AREA 3,JATIM,MALANG,TULUNGAGUNG,,,0,0,0,JAWA TIMUR,TULUNGAGUNG,TULUNGAGUNG,TERTEK,TULUNG AGUNG
3633794254,,ODP-TUL-FAL/42,-8.081804,111.904917,,,1,7,0,0,8,REGIONAL 5,KEDIRI,TULUNG AGUNG,TUL,,,2024-03-16 23:28:32,2019-06-14,2019,6,NON TITO,,,JAWA TIMUR,0.875,ORANGE,631077744,AREA 3,JATIM,MALANG,TULUNGAGUNG,,,0,0,0,JAWA TIMUR,TULUNGAGUNG,BOYOLANGU,SERUT,TULUNG AGUNG
7340296585,,ODP-TRE-FU/32,-8.180555,111.66514,,,1,7,0,0,8,REGIONAL 5,KEDIRI,TULUNG AGUNG,TRE,,,2024-03-16 23:29:20,2021-08-10,2021,8,NON TITO,,,JAWA TIMUR,0.875,ORANGE,967471190,AREA 3,JATIM,MADIUN,PONOROGO,,,0,0,0,JAWA TIMUR,TRENGGALEK,KAMPAK,BENDOAGUNG,TULUNG AGUNG
2139943984,,ODP-TRE-FN/26,-8.094271,111.748637,,,1,7,0,0,8,REGIONAL 5,KEDIRI,TULUNG AGUNG,TRE,,,2024-03-16 23:28:15,2018-01-11,2018,1,NON TITO,,,JAWA TIMUR,0.875,ORANGE,268447019,AREA 3,JATIM,MADIUN,PONOROGO,,,0,0,0,JAWA TIMUR,TRENGGALEK,POGALAN,BENDOREJO,TULUNG AGUNG
6117870358,,ODP-TUL-FAH/22,-8.026189,111.937882,,,2,14,0,0,16,REGIONAL 5,KEDIRI,TULUNG AGUNG,TUL,,,2024-03-16 23:23:53,2021-03-08,2021,3,NON TITO,,,JAWA TIMUR,0.875,ORANGE,865402793,AREA 3,JATIM,MALANG,TULUNGAGUNG,,,0,0,0,JAWA TIMUR,TULUNGAGUNG,NGANTRU,PINGGIRSARI,TULUNG AGUNG
3748319568,,ODP-TUL-FQ/55,-8.061099,111.90059,,,0,7,0,0,8,REGIONAL 5,KEDIRI,TULUNG AGUNG,TUL,,,2024-03-16 23:21:09,2019-07-30,2019,7,NON TITO,,,JAWA TIMUR,0.875,ORANGE,640427772,AREA 3,JATIM,MALANG,TULUNGAGUNG,,,0,0,0,JAWA TIMUR,TULUNGAGUNG,TULUNGAGUNG,KAMPUNGDALEM,TULUNG AGUNG
6108946200,,ODP-TUL-FH/40,-8.025903,111.920232,,,1,7,0,0,8,REGIONAL 5,KEDIRI,TULUNG AGUNG,TUL,,,2024-03-16 23:24:41,2021-03-08,2021,3,NON TITO,,,JAWA TIMUR,0.875,ORANGE,865405980,AREA 3,JATIM,MALANG,TULUNGAGUNG,,,0,0,0,JAWA TIMUR,TULUNGAGUNG,KEDUNGWARU,NGUJANG,TULUNG AGUNG
7444093740,,ODP-TRE-FW/11,-8.306097,111.579511,,,1,7,0,0,8,REGIONAL 5,KEDIRI,TULUNG AGUNG,TRE,,,2024-03-16 23:25:12,2021-08-23,2021,8,NON TITO,,,JAWA TIMUR,0.875,ORANGE,1017645891,AREA 3,JATIM,MADIUN,PONOROGO,,,0,0,0,JAWA TIMUR,TRENGGALEK,DONGKO,PANDEAN,TULUNG AGUNG
6108869062,,ODP-NGU-FB/19,-8.120937,112.109397,,,1,7,0,0,8,REGIONAL 5,KEDIRI,TULUNG AGUNG,NGU,,,2024-03-16 23:21:44,2021-03-09,2021,3,NON TITO,,,JAWA TIMUR,0.875,ORANGE,865417143,AREA 3,JATIM,MALANG,TULUNGAGUNG,,,0,0,0,JAWA TIMUR,TULUNGAGUNG,REJOTANGAN,REJOTANGAN,TULUNG AGUNG
3748543978,,ODP-TRE-FF/15,-8.089151,111.693005,,,1,7,0,0,8,REGIONAL 5,KEDIRI,TULUNG AGUNG,TRE,,,2024-03-16 23:28:34,2019-07-26,2019,7,NON TITO,,,JAWA TIMUR,0.875,ORANGE,640407010,AREA 3,JATIM,MADIUN,PONOROGO,,,0,0,0,JAWA TIMUR,TRENGGALEK,KARANGAN,JATIPRAHU,TULUNG AGUNG
6086598406,,ODP-CAT-FD/69,-8.180922,111.786069,,,1,7,0,0,8,REGIONAL 5,KEDIRI,TULUNG AGUNG,CAT,,,2024-03-16 23:29:07,2021-03-10,2021,3,NON TITO,,,JAWA TIMUR,0.875,ORANGE,865428517,AREA 3,JATIM,MALANG,TULUNGAGUNG,,,0,0,0,JAWA TIMUR,TULUNGAGUNG,BESUKI,WATESKROYO,TULUNG AGUNG
3726055108,,ODP-TUL-FP/40,-8.063187,111.89827,,,1,7,0,0,8,REGIONAL 5,KEDIRI,TULUNG AGUNG,TUL,,,2024-03-16 23:22:43,2019-07-20,2019,7,NON TITO,,,JAWA TIMUR,0.875,ORANGE,640306385,AREA 3,JATIM,MALANG,TULUNGAGUNG,,,0,0,0,JAWA TIMUR,TULUNGAGUNG,TULUNGAGUNG,KAUMAN,TULUNG AGUNG
2178570231,,ODP-KWR-FA/22,-8.183418,111.971464,,,1,7,0,0,8,REGIONAL 5,KEDIRI,TULUNG AGUNG,KWR,,,2024-03-16 23:24:13,2018-01-26,2018,1,NON TITO,,,JAWA TIMUR,0.875,ORANGE,294175331,AREA 3,JATIM,MALANG,TULUNGAGUNG,,,0,0,0,JAWA TIMUR,TULUNGAGUNG,KALIDAWIR,KARANGTALUN,TULUNG AGUNG
6085480382,,ODP-TUL-FAM/09,-8.030259,111.86335,,,1,7,0,0,8,REGIONAL 5,KEDIRI,TULUNG AGUNG,TUL,,,2024-03-16 23:28:31,2021-03-15,2021,3,NON TITO,,,JAWA TIMUR,0.875,ORANGE,866372612,AREA 3,JATIM,MALANG,TULUNGAGUNG,,,0,0,0,JAWA TIMUR,TULUNGAGUNG,KAUMAN,BANARAN,TULUNG AGUNG
3711794724,,ODP-TRE-FN/30,-8.117087,111.750314,,,1,7,0,0,8,REGIONAL 5,KEDIRI,TULUNG AGUNG,TRE,,,2024-03-16 23:26:28,2019-07-09,2019,7,NON TITO,,,JAWA TIMUR,0.875,ORANGE,632311259,AREA 3,JATIM,MADIUN,PONOROGO,,,0,0,0,JAWA TIMUR,TRENGGALEK,GANDUSARI,SUKORAME,TULUNG AGUNG
6085480392,,ODP-TUL-FAM/03,-8.026923,111.855837,,,1,7,0,0,8,REGIONAL 5,KEDIRI,TULUNG AGUNG,TUL,,,2024-03-16 23:27:21,2021-03-15,2021,3,NON TITO,,,JAWA TIMUR,0.875,ORANGE,866372626,AREA 3,JATIM,MALANG,TULUNGAGUNG,,,0,0,0,JAWA TIMUR,TULUNGAGUNG,KAUMAN,KATES,TULUNG AGUNG
3696719009,,ODP-CAT-FF/25,-8.129346,111.836492,,,1,7,0,0,8,REGIONAL 5,KEDIRI,TULUNG AGUNG,CAT,,,2024-03-16 23:24:38,2019-07-05,2019,7,NON TITO,,,JAWA TIMUR,0.875,ORANGE,632291292,AREA 3,JATIM,MALANG,TULUNGAGUNG,,,0,0,0,JAWA TIMUR,TULUNGAGUNG,PAKEL,BANGUNJAYA,TULUNG AGUNG
373804545,,ODP-TUL-FN/13,-8.069204,111.884984,,,1,15,0,0,16,REGIONAL 5,KEDIRI,TULUNG AGUNG,TUL,,,2024-03-16 23:23:31,2016-05-10,2016,5,NON TITO,,,JAWA TIMUR,0.9375,ORANGE,22779085,AREA 3,JATIM,MALANG,TULUNGAGUNG,,,0,0,0,JAWA TIMUR,TULUNGAGUNG,TULUNGAGUNG,TERTEK,TULUNG AGUNG
3682168761,,ODP-TUL-FG/71,-8.074429,111.911876,,,1,7,0,0,8,REGIONAL 5,KEDIRI,TULUNG AGUNG,TUL,,,2024-03-16 23:22:26,2019-07-01,2019,7,NON TITO,,,JAWA TIMUR,0.875,ORANGE,632051103,AREA 3,JATIM,MALANG,TULUNGAGUNG,,,0,0,0,JAWA TIMUR,TULUNGAGUNG,TULUNGAGUNG,BAGO,TULUNG AGUNG
373804524,,ODP-TUL-FN/10,-8.06236,111.886892,,,1,7,0,0,8,REGIONAL 5,KEDIRI,TULUNG AGUNG,TUL,,,2024-03-16 23:23:51,2016-05-10,2016,5,NON TITO,,,JAWA TIMUR,0.875,ORANGE,22633005,AREA 3,JATIM,MALANG,TULUNGAGUNG,,,0,0,0,JAWA TIMUR,TULUNGAGUNG,TULUNGAGUNG,PANGGUNGREJO,TULUNG AGUNG
2437621855,,ODP-TUL-FQ/35,-8.05278,111.913444,,,3,13,0,0,16,REGIONAL 5,KEDIRI,TULUNG AGUNG,TUL,,,2024-03-16 23:25:12,2018-04-20,2018,4,NON TITO,,,JAWA TIMUR,0.8125,ORANGE,353570047,AREA 3,JATIM,MALANG,TULUNGAGUNG,,,0,0,0,JAWA TIMUR,TULUNGAGUNG,KEDUNGWARU,KEDUNGWARU,TULUNG AGUNG
7340296600,,ODP-TRE-FU/33,-8.181346,111.667041,,,1,7,0,0,8,REGIONAL 5,KEDIRI,TULUNG AGUNG,TRE,,,2024-03-16 23:24:43,2021-08-10,2021,8,NON TITO,,,JAWA TIMUR,0.875,ORANGE,967471200,AREA 3,JATIM,MADIUN,PONOROGO,,,0,0,0,JAWA TIMUR,TRENGGALEK,KAMPAK,BENDOAGUNG,TULUNG AGUNG
2153296286,,ODP-TUL-FP/33,-8.070528,111.901441,,,1,7,0,0,8,REGIONAL 5,KEDIRI,TULUNG AGUNG,TUL,,,2024-03-16 23:25:37,2018-01-18,2018,1,NON TITO,,,JAWA TIMUR,0.875,ORANGE,286902887,AREA 3,JATIM,MALANG,TULUNGAGUNG,,,0,0,0,JAWA TIMUR,TULUNGAGUNG,TULUNGAGUNG,TAMANAN,TULUNG AGUNG
3659519506,,ODP-TUL-FA/121,-8.053026,111.905321,,,1,7,0,0,8,REGIONAL 5,KEDIRI,TULUNG AGUNG,TUL,,,2024-03-16 23:25:38,2019-06-28,2019,6,NON TITO,,,JAWA TIMUR,0.875,ORANGE,632038982,AREA 3,JATIM,MALANG,TULUNGAGUNG,,,0,0,0,JAWA TIMUR,TULUNGAGUNG,KEDUNGWARU,KEDUNGWARU,TULUNG AGUNG
3633794369,,ODP-TUL-FAL/56,-8.075631,111.902216,,,1,7,0,0,8,REGIONAL 5,KEDIRI,TULUNG AGUNG,TUL,,,2024-03-16 23:29:02,2019-06-14,2019,6,NON TITO,,,JAWA TIMUR,0.875,ORANGE,631077820,AREA 3,JATIM,MALANG,TULUNGAGUNG,,,0,0,0,JAWA TIMUR,TULUNGAGUNG,TULUNGAGUNG,TAMANAN,TULUNG AGUNG
2139944665,,ODP-TRE-FN/25,-8.093318,111.748867,,,1,7,0,0,8,REGIONAL 5,KEDIRI,TULUNG AGUNG,TRE,,,2024-03-16 23:28:24,2018-01-12,2018,1,NON TITO,,,JAWA TIMUR,0.875,ORANGE,268447408,AREA 3,JATIM,MADIUN,PONOROGO,,,0,0,0,JAWA TIMUR,TRENGGALEK,POGALAN,BENDOREJO,TULUNG AGUNG
3220244389,,ODP-TRE-FA/17,-8.044297,111.706153,,,1,7,0,0,8,REGIONAL 5,KEDIRI,TULUNG AGUNG,TRE,,,2024-03-16 23:22:34,2018-12-30,2018,12,NON TITO,,,JAWA TIMUR,0.875,ORANGE,408332699,AREA 3,JATIM,MADIUN,PONOROGO,,,0,0,0,JAWA TIMUR,TRENGGALEK,TRENGGALEK,NGANTRU,TULUNG AGUNG
2153296280,,ODP-TUL-FP/21,-8.059383,111.902514,,,2,14,0,0,16,REGIONAL 5,KEDIRI,TULUNG AGUNG,TUL,,,2024-03-16 23:25:47,2018-01-18,2018,1,NON TITO,,,JAWA TIMUR,0.875,ORANGE,286902882,AREA 3,JATIM,MALANG,TULUNGAGUNG,,,0,0,0,JAWA TIMUR,TULUNGAGUNG,TULUNGAGUNG,KAMPUNGDALEM,TULUNG AGUNG
2153296274,,ODP-TUL-FP/35,-8.06814,111.90124,,,3,13,0,0,16,REGIONAL 5,KEDIRI,TULUNG AGUNG,TUL,,,2024-03-16 23:25:38,2018-01-18,2018,1,NON TITO,,,JAWA TIMUR,0.8125,ORANGE,286902877,AREA 3,JATIM,MALANG,TULUNGAGUNG,,,0,0,0,JAWA TIMUR,TULUNGAGUNG,TULUNGAGUNG,TAMANAN,TULUNG AGUNG
3748319694,,ODP-TUL-FQ/60,-8.063211,111.902799,,,1,7,0,0,8,REGIONAL 5,KEDIRI,TULUNG AGUNG,TUL,,,2024-03-16 23:22:16,2019-07-30,2019,7,NON TITO,,,JAWA TIMUR,0.875,ORANGE,640427813,AREA 3,JATIM,MALANG,TULUNGAGUNG,,,0,0,0,JAWA TIMUR,TULUNGAGUNG,TULUNGAGUNG,KAMPUNGDALEM,TULUNG AGUNG
2153519865,,ODP-TUL-FN/45,-8.068118,111.888564,,,1,7,0,0,8,REGIONAL 5,KEDIRI,TULUNG AGUNG,TUL,,,2024-03-16 23:24:27,2018-01-17,2018,1,NON TITO,,,JAWA TIMUR,0.875,ORANGE,286893224,AREA 3,JATIM,MALANG,TULUNGAGUNG,,,0,0,0,JAWA TIMUR,TULUNGAGUNG,TULUNGAGUNG,TERTEK,TULUNG AGUNG
2785019290,,ODP-TUL-FA/84,-8.055851,111.90862,,,3,13,0,0,16,REGIONAL 5,KEDIRI,TULUNG AGUNG,TUL,,,2024-03-16 23:24:34,2018-08-10,2018,8,NON TITO,,,JAWA TIMUR,0.8125,ORANGE,389291680,AREA 3,JATIM,MALANG,TULUNGAGUNG,,,0,0,0,JAWA TIMUR,TULUNGAGUNG,KEDUNGWARU,KEDUNGWARU,TULUNG AGUNG
7102243721,,ODP-TUL-FAJ/51,-8.055089,111.872756,,,1,7,0,0,8,REGIONAL 5,KEDIRI,TULUNG AGUNG,TUL,,,2024-03-16 23:29:14,2021-07-09,2021,7,NON TITO,,,JAWA TIMUR,0.875,ORANGE,947035871,AREA 3,JATIM,MALANG,TULUNGAGUNG,,,0,0,0,JAWA TIMUR,TULUNGAGUNG,KAUMAN,PANGGUNGREJO,TULUNG AGUNG
3248296074,,ODP-KWR-FC/10,-8.14452,111.977816,,,1,7,0,0,8,REGIONAL 5,KEDIRI,TULUNG AGUNG,KWR,,,2024-03-16 23:27:08,2019-01-11,2019,1,NON TITO,,,JAWA TIMUR,0.875,ORANGE,448667846,AREA 3,JATIM,MALANG,TULUNGAGUNG,,,0,0,0,JAWA TIMUR,TULUNGAGUNG,KALIDAWIR,DOMASAN,TULUNG AGUNG
3227293873,,ODP-DRN-FA/23,-8.123486,111.797424,,,1,7,0,0,8,REGIONAL 5,KEDIRI,TULUNG AGUNG,DRN,,,2024-03-16 23:24:01,2019-01-02,2019,1,NON TITO,,,JAWA TIMUR,0.875,ORANGE,422112309,AREA 3,JATIM,MADIUN,PONOROGO,,,0,0,0,JAWA TIMUR,TRENGGALEK,DURENAN,NGADISUKO,TULUNG AGUNG
7049519975,,ODP-TRE-FF/32,-8.083638,111.687615,,,1,7,0,0,8,REGIONAL 5,KEDIRI,TULUNG AGUNG,TRE,,,2024-03-16 23:22:22,2021-07-05,2021,7,NON TITO,,,JAWA TIMUR,0.875,ORANGE,947000690,AREA 3,JATIM,MADIUN,PONOROGO,,,0,0,0,JAWA TIMUR,TRENGGALEK,KARANGAN,SUMBERINGIN,TULUNG AGUNG
3248295904,,ODP-KWR-FC/24,-8.150325,111.963091,,,1,7,0,0,8,REGIONAL 5,KEDIRI,TULUNG AGUNG,KWR,,,2024-03-16 23:25:53,2019-01-11,2019,1,NON TITO,,,JAWA TIMUR,0.875,ORANGE,448667744,AREA 3,JATIM,MALANG,TULUNGAGUNG,,,0,0,0,JAWA TIMUR,TULUNGAGUNG,KALIDAWIR,TUNGGANGRI,TULUNG AGUNG
3227293893,,ODP-DRN-FA/29,-8.114126,111.807534,,,1,7,0,0,8,REGIONAL 5,KEDIRI,TULUNG AGUNG,DRN,,,2024-03-16 23:24:25,2019-01-02,2019,1,NON TITO,,,JAWA TIMUR,0.875,ORANGE,422112324,AREA 3,JATIM,MADIUN,PONOROGO,,,0,0,0,JAWA TIMUR,TRENGGALEK,DURENAN,PAKIS,TULUNG AGUNG
3227293970,,ODP-DRN-FA/16,-8.121786,111.803285,,,1,7,0,0,8,REGIONAL 5,KEDIRI,TULUNG AGUNG,DRN,,,2024-03-16 23:23:59,2019-01-02,2019,1,NON TITO,,,JAWA TIMUR,0.875,ORANGE,422112385,AREA 3,JATIM,MADIUN,PONOROGO,,,0,0,0,JAWA TIMUR,TRENGGALEK,DURENAN,PANDEAN,TULUNG AGUNG
2509319395,,ODP-TUL-FZ/60,-8.069574,111.90636,,,3,13,0,0,16,REGIONAL 5,KEDIRI,TULUNG AGUNG,TUL,,,2024-03-16 23:28:00,2018-05-14,2018,5,NON TITO,,,JAWA TIMUR,0.8125,ORANGE,354206904,AREA 3,JATIM,MALANG,TULUNGAGUNG,,,0,0,0,JAWA TIMUR,TULUNGAGUNG,TULUNGAGUNG,BAGO,TULUNG AGUNG
3248295739,,ODP-KWR-FC/21,-8.14415,111.966275,,,1,7,0,0,8,REGIONAL 5,KEDIRI,TULUNG AGUNG,KWR,,,2024-03-16 23:26:56,2019-01-11,2019,1,NON TITO,,,JAWA TIMUR,0.875,ORANGE,448667644,AREA 3,JATIM,MALANG,TULUNGAGUNG,,,0,0,0,JAWA TIMUR,TULUNGAGUNG,KALIDAWIR,TANJUNG,TULUNG AGUNG
3248295619,,ODP-KWR-FC/18,-8.140307,111.973012,,,1,7,0,0,8,REGIONAL 5,KEDIRI,TULUNG AGUNG,KWR,,,2024-03-16 23:26:30,2019-01-11,2019,1,NON TITO,,,JAWA TIMUR,0.875,ORANGE,448667575,AREA 3,JATIM,MALANG,TULUNGAGUNG,,,0,0,0,JAWA TIMUR,TULUNGAGUNG,KALIDAWIR,DOMASAN,TULUNG AGUNG
3248295609,,ODP-KWR-FC/36,-8.149199,111.94677,,,1,7,0,0,8,REGIONAL 5,KEDIRI,TULUNG AGUNG,KWR,,,2024-03-16 23:26:47,2019-01-11,2019,1,NON TITO,,,JAWA TIMUR,0.875,ORANGE,448667572,AREA 3,JATIM,MALANG,TULUNGAGUNG,,,0,0,0,JAWA TIMUR,TULUNGAGUNG,KALIDAWIR,BETAK,TULUNG AGUNG
2514869164,,ODP-TUL-FX/20,-8.062155,111.872547,,,1,7,0,0,8,REGIONAL 5,KEDIRI,TULUNG AGUNG,TUL,,,2024-03-16 23:23:54,2018-05-21,2018,5,NON TITO,,,JAWA TIMUR,0.875,ORANGE,354279236,AREA 3,JATIM,MALANG,TULUNGAGUNG,,,0,0,0,JAWA TIMUR,TULUNGAGUNG,KAUMAN,BALEREJO,TULUNG AGUNG
3248295599,,ODP-KWR-FC/26,-8.1305,111.968733,,,1,7,0,0,8,REGIONAL 5,KEDIRI,TULUNG AGUNG,KWR,,,2024-03-16 23:26:18,2019-01-11,2019,1,NON TITO,,,JAWA TIMUR,0.875,ORANGE,448667569,AREA 3,JATIM,MALANG,TULUNGAGUNG,,,0,0,0,JAWA TIMUR,TULUNGAGUNG,SUMBERGEMPOL,MIRIGAMBAR,TULUNG AGUNG
2514868975,,ODP-TUL-FX/28,-8.058894,111.864594,,,1,7,0,0,8,REGIONAL 5,KEDIRI,TULUNG AGUNG,TUL,,,2024-03-16 23:23:21,2018-05-21,2018,5,NON TITO,,,JAWA TIMUR,0.875,ORANGE,354278987,AREA 3,JATIM,MALANG,TULUNGAGUNG,,,0,0,0,JAWA TIMUR,TULUNGAGUNG,KAUMAN,KAUMAN,TULUNG AGUNG
3227294272,,ODP-DRN-FA/24,-8.123578,111.798046,,,1,7,0,0,8,REGIONAL 5,KEDIRI,TULUNG AGUNG,DRN,,,2024-03-16 23:24:18,2019-01-02,2019,1,NON TITO,,,JAWA TIMUR,0.875,ORANGE,422262305,AREA 3,JATIM,MADIUN,PONOROGO,,,0,0,0,JAWA TIMUR,TRENGGALEK,DURENAN,NGADISUKO,TULUNG AGUNG
3227294277,,ODP-DRN-FA/30,-8.11384,111.804067,,,1,7,0,0,8,REGIONAL 5,KEDIRI,TULUNG AGUNG,DRN,,,2024-03-16 23:24:47,2019-01-02,2019,1,NON TITO,,,JAWA TIMUR,0.875,ORANGE,422262308,AREA 3,JATIM,MADIUN,PONOROGO,,,0,0,0,JAWA TIMUR,TRENGGALEK,DURENAN,PAKIS,TULUNG AGUNG
819794318,,ODP-TUL-FAA/04,-8.007382,111.816271,,,1,7,0,0,8,REGIONAL 5,KEDIRI,TULUNG AGUNG,TUL,,,2024-03-16 23:26:30,2016-08-18,2016,8,NON TITO,,,JAWA TIMUR,0.875,ORANGE,34381365,AREA 3,JATIM,MALANG,TULUNGAGUNG,,,0,0,0,JAWA TIMUR,TULUNGAGUNG,PAGERWOJO,MULYOSARI,TULUNG AGUNG
3248295499,,ODP-KWR-FC/11,-8.14492,111.9761,,,1,7,0,0,8,REGIONAL 5,KEDIRI,TULUNG AGUNG,KWR,,,2024-03-16 23:26:51,2019-01-11,2019,1,NON TITO,,,JAWA TIMUR,0.875,ORANGE,448667527,AREA 3,JATIM,MALANG,TULUNGAGUNG,,,0,0,0,JAWA TIMUR,TULUNGAGUNG,KALIDAWIR,DOMASAN,TULUNG AGUNG
7030019536,,ODP-TRE-FF/21,-8.073817,111.701683,,,1,7,0,0,8,REGIONAL 5,KEDIRI,TULUNG AGUNG,TRE,,,2024-03-16 23:26:33,2021-07-05,2021,7,NON TITO,,,JAWA TIMUR,0.875,ORANGE,946621688,AREA 3,JATIM,MADIUN,PONOROGO,,,0,0,0,JAWA TIMUR,TRENGGALEK,TRENGGALEK,KELUTAN,TULUNG AGUNG
2509319188,,ODP-TUL-FZ/44,-8.07089,111.90822,,,1,7,0,0,8,REGIONAL 5,KEDIRI,TULUNG AGUNG,TUL,,,2024-03-16 23:27:16,2018-05-14,2018,5,NON TITO,,,JAWA TIMUR,0.875,ORANGE,354240826,AREA 3,JATIM,MALANG,TULUNGAGUNG,,,0,0,0,JAWA TIMUR,TULUNGAGUNG,TULUNGAGUNG,BAGO,TULUNG AGUNG
2509319536,,ODP-TUL-FZ/37,-8.074558,111.914212,,,1,7,0,0,8,REGIONAL 5,KEDIRI,TULUNG AGUNG,TUL,,,2024-03-16 23:28:08,2018-05-14,2018,5,NON TITO,,,JAWA TIMUR,0.875,ORANGE,354240972,AREA 3,JATIM,MALANG,TULUNGAGUNG,,,0,0,0,JAWA TIMUR,TULUNGAGUNG,TULUNGAGUNG,BAGO,TULUNG AGUNG
2509319526,,ODP-TUL-FZ/64,-8.06876,111.902815,,,3,13,0,0,16,REGIONAL 5,KEDIRI,TULUNG AGUNG,TUL,,,2024-03-16 23:27:10,2018-05-14,2018,5,NON TITO,,,JAWA TIMUR,0.8125,ORANGE,354240969,AREA 3,JATIM,MALANG,TULUNGAGUNG,,,0,0,0,JAWA TIMUR,TULUNGAGUNG,TULUNGAGUNG,TAMANAN,TULUNG AGUNG
2509319516,,ODP-TUL-FZ/46,-8.072147,111.907368,,,1,7,0,0,8,REGIONAL 5,KEDIRI,TULUNG AGUNG,TUL,,,2024-03-16 23:28:22,2018-05-14,2018,5,NON TITO,,,JAWA TIMUR,0.875,ORANGE,354240961,AREA 3,JATIM,MALANG,TULUNGAGUNG,,,0,0,0,JAWA TIMUR,TULUNGAGUNG,TULUNGAGUNG,BAGO,TULUNG AGUNG
3215294519,,ODP-TUL-FY/33,-8.068368,111.918286,,,1,7,0,0,8,REGIONAL 5,KEDIRI,TULUNG AGUNG,TUL,,,2024-03-16 23:29:03,2019-01-11,2019,1,NON TITO,,,JAWA TIMUR,0.875,ORANGE,448230087,AREA 3,JATIM,MALANG,TULUNGAGUNG,,,0,0,0,JAWA TIMUR,TULUNGAGUNG,KEDUNGWARU,TUNGGULSARI,TULUNG AGUNG
3248295249,,ODP-KWR-FC/15,-8.147692,111.965222,,,1,7,0,0,8,REGIONAL 5,KEDIRI,TULUNG AGUNG,KWR,,,2024-03-16 23:26:17,2019-01-11,2019,1,NON TITO,,,JAWA TIMUR,0.875,ORANGE,448667377,AREA 3,JATIM,MALANG,TULUNGAGUNG,,,0,0,0,JAWA TIMUR,TULUNGAGUNG,KALIDAWIR,TUNGGANGRI,TULUNG AGUNG
7030019462,,ODP-TRE-FV/10,-8.068107,111.705643,,,1,7,0,0,8,REGIONAL 5,KEDIRI,TULUNG AGUNG,TRE,,,2024-03-16 23:26:26,2021-07-05,2021,7,NON TITO,,,JAWA TIMUR,0.875,ORANGE,946621621,AREA 3,JATIM,MADIUN,PONOROGO,,,0,0,0,JAWA TIMUR,TRENGGALEK,TRENGGALEK,KELUTAN,TULUNG AGUNG
7135397228,,ODP-TRE-FG/43,-8.049939,111.716922,,,1,7,0,0,8,REGIONAL 5,KEDIRI,TULUNG AGUNG,TRE,,,2024-03-16 23:24:25,2021-07-15,2021,7,NON TITO,,,JAWA TIMUR,0.875,ORANGE,949417491,AREA 3,JATIM,MADIUN,PONOROGO,,,0,0,0,JAWA TIMUR,TRENGGALEK,TRENGGALEK,SUMBERGEDONG,TULUNG AGUNG
7030019447,,ODP-TRE-FV/09,-8.067877,111.704029,,,1,7,0,0,8,REGIONAL 5,KEDIRI,TULUNG AGUNG,TRE,,,2024-03-16 23:25:21,2021-07-05,2021,7,NON TITO,,,JAWA TIMUR,0.875,ORANGE,946621612,AREA 3,JATIM,MADIUN,PONOROGO,,,0,0,0,JAWA TIMUR,TRENGGALEK,TRENGGALEK,KELUTAN,TULUNG AGUNG
6970019179,,ODP-NGU-FG/02,-8.121013,112.083443,,,1,7,0,0,8,REGIONAL 5,KEDIRI,TULUNG AGUNG,NGU,,,2024-03-16 23:25:32,2021-07-01,2021,7,NON TITO,,,JAWA TIMUR,0.875,ORANGE,913020562,AREA 3,JATIM,MALANG,TULUNGAGUNG,,,0,0,0,JAWA TIMUR,TULUNGAGUNG,REJOTANGAN,REJOTANGAN,TULUNG AGUNG
2495674058,,ODP-TRE-FC/40,-8.058953,111.70351,,,1,7,0,0,8,REGIONAL 5,KEDIRI,TULUNG AGUNG,TRE,,,2024-03-16 23:23:02,2018-05-09,2018,5,NON TITO,,,JAWA TIMUR,0.875,ORANGE,354169012,AREA 3,JATIM,MADIUN,PONOROGO,,,0,0,0,JAWA TIMUR,TRENGGALEK,TRENGGALEK,TAMANAN,TULUNG AGUNG
2785019283,,ODP-TUL-FA/81,-8.051814,111.914299,,,1,15,0,0,16,REGIONAL 5,KEDIRI,TULUNG AGUNG,TUL,,,2024-03-16 23:24:37,2018-08-10,2018,8,NON TITO,,,JAWA TIMUR,0.9375,ORANGE,389291673,AREA 3,JATIM,MALANG,TULUNGAGUNG,,,0,0,0,JAWA TIMUR,TULUNGAGUNG,KEDUNGWARU,KEDUNGWARU,TULUNG AGUNG
2153519590,,ODP-TUL-FN/34,-8.061376,111.889866,,,1,7,0,0,8,REGIONAL 5,KEDIRI,TULUNG AGUNG,TUL,,,2024-03-16 23:24:23,2018-01-17,2018,1,NON TITO,,,JAWA TIMUR,0.875,ORANGE,286893059,AREA 3,JATIM,MALANG,TULUNGAGUNG,,,0,0,0,JAWA TIMUR,TULUNGAGUNG,TULUNGAGUNG,PANGGUNGREJO,TULUNG AGUNG
294898749,,ODP-CAT-FB/14,-8.181164,111.841501,,,1,7,0,0,8,REGIONAL 5,KEDIRI,TULUNG AGUNG,CAT,,,2024-03-16 23:28:07,2016-04-25,2016,4,NON TITO,,,JAWA TIMUR,0.875,ORANGE,19810061,AREA 3,JATIM,MALANG,TULUNGAGUNG,,,0,0,0,JAWA TIMUR,TULUNGAGUNG,PAKEL,TAMBAN,TULUNG AGUNG
2509318728,,ODP-TUL-FZ/61,-8.069294,111.905059,,,3,13,0,0,16,REGIONAL 5,KEDIRI,TULUNG AGUNG,TUL,,,2024-03-16 23:27:56,2018-05-14,2018,5,NON TITO,,,JAWA TIMUR,0.8125,ORANGE,354206551,AREA 3,JATIM,MALANG,TULUNGAGUNG,,,0,0,0,JAWA TIMUR,TULUNGAGUNG,TULUNGAGUNG,BAGO,TULUNG AGUNG
2509318819,,ODP-TUL-FZ/40,-8.07156,111.91034,,,3,13,0,0,16,REGIONAL 5,KEDIRI,TULUNG AGUNG,TUL,,,2024-03-16 23:27:22,2018-05-14,2018,5,NON TITO,,,JAWA TIMUR,0.8125,ORANGE,354206621,AREA 3,JATIM,MALANG,TULUNGAGUNG,,,0,0,0,JAWA TIMUR,TULUNGAGUNG,TULUNGAGUNG,BAGO,TULUNG AGUNG
3220094448,,ODP-CAT-FA/35,-8.149646,111.882544,,,1,7,0,0,8,REGIONAL 5,KEDIRI,TULUNG AGUNG,CAT,,,2024-03-16 23:25:13,2018-12-28,2018,12,NON TITO,,,JAWA TIMUR,0.875,ORANGE,408398566,AREA 3,JATIM,MALANG,TULUNGAGUNG,,,0,0,0,JAWA TIMUR,TULUNGAGUNG,CAMPUR DARAT,PELEM,TULUNG AGUNG
3220094741,,ODP-CAT-FA/44,-8.160615,111.867381,,,2,14,0,0,16,REGIONAL 5,KEDIRI,TULUNG AGUNG,CAT,,,2024-03-16 23:25:19,2018-12-28,2018,12,NON TITO,,,JAWA TIMUR,0.875,ORANGE,408398728,AREA 3,JATIM,MALANG,TULUNGAGUNG,,,0,0,0,JAWA TIMUR,TULUNGAGUNG,CAMPUR DARAT,CAMPURDARAT,TULUNG AGUNG
6664845292,,ODP-TUL-FAJ/44,-8.050614,111.870593,,,1,7,0,0,8,REGIONAL 5,KEDIRI,TULUNG AGUNG,TUL,,,2024-03-16 23:28:08,2021-06-07,2021,6,NON TITO,,,JAWA TIMUR,0.875,ORANGE,889255327,AREA 3,JATIM,MALANG,TULUNGAGUNG,,,0,0,0,JAWA TIMUR,TULUNGAGUNG,KAUMAN,PANGGUNGREJO,TULUNG AGUNG
2509318957,,ODP-TUL-FZ/42,-8.071221,111.909247,,,1,7,0,0,8,REGIONAL 5,KEDIRI,TULUNG AGUNG,TUL,,,2024-03-16 23:27:58,2018-05-14,2018,5,NON TITO,,,JAWA TIMUR,0.875,ORANGE,354206718,AREA 3,JATIM,MALANG,TULUNGAGUNG,,,0,0,0,JAWA TIMUR,TULUNGAGUNG,TULUNGAGUNG,BAGO,TULUNG AGUNG
7135397188,,ODP-TRE-FG/38,-8.053446,111.717159,,,1,7,0,0,8,REGIONAL 5,KEDIRI,TULUNG AGUNG,TRE,,,2024-03-16 23:23:34,2021-07-15,2021,7,NON TITO,,,JAWA TIMUR,0.875,ORANGE,949417466,AREA 3,JATIM,MADIUN,PONOROGO,,,0,0,0,JAWA TIMUR,TRENGGALEK,TRENGGALEK,SURODAKAN,TULUNG AGUNG
7135397173,,ODP-TRE-FG/51,-8.046631,111.71675,,,1,7,0,0,8,REGIONAL 5,KEDIRI,TULUNG AGUNG,TRE,,,2024-03-16 23:24:04,2021-07-15,2021,7,NON TITO,,,JAWA TIMUR,0.875,ORANGE,949417457,AREA 3,JATIM,MADIUN,PONOROGO,,,0,0,0,JAWA TIMUR,TRENGGALEK,TRENGGALEK,SURODAKAN,TULUNG AGUNG
3220244504,,ODP-DRN-FB/32,-8.096174,111.815092,,,1,7,0,0,8,REGIONAL 5,KEDIRI,TULUNG AGUNG,DRN,,,2024-03-16 23:22:18,2018-12-30,2018,12,NON TITO,,,JAWA TIMUR,0.875,ORANGE,408619755,AREA 3,JATIM,MADIUN,PONOROGO,,,0,0,0,JAWA TIMUR,TRENGGALEK,DURENAN,KAMULAN,TULUNG AGUNG
2138745977,,ODP-TRE-FA/06,-8.047822,111.709372,,,3,13,0,0,16,REGIONAL 5,KEDIRI,TULUNG AGUNG,TRE,,,2024-03-16 23:23:36,2018-01-12,2018,1,NON TITO,,,JAWA TIMUR,0.8125,ORANGE,285914218,AREA 3,JATIM,MADIUN,PONOROGO,,,0,0,0,JAWA TIMUR,TRENGGALEK,TRENGGALEK,SURODAKAN,TULUNG AGUNG
6838469217,,ODP-TUL-FAJ/47,-8.056632,111.890788,,,1,7,0,0,8,REGIONAL 5,KEDIRI,TULUNG AGUNG,TUL,,,2024-03-16 23:26:01,2021-06-18,2021,6,NON TITO,,,JAWA TIMUR,0.875,ORANGE,906422506,AREA 3,JATIM,MALANG,TULUNGAGUNG,,,0,0,0,JAWA TIMUR,TULUNGAGUNG,TULUNGAGUNG,BOTORAN,TULUNG AGUNG
2667795363,,ODP-TRE-FQ/13,-8.242523,111.454736,,,1,7,0,0,8,REGIONAL 5,KEDIRI,TULUNG AGUNG,TRE,,,2024-03-16 23:28:50,2018-07-10,2018,7,NON TITO,,,JAWA TIMUR,0.875,ORANGE,361999420,AREA 3,JATIM,MADIUN,PONOROGO,,,0,0,0,JAWA TIMUR,TRENGGALEK,PANGGUL,PANGGUL,TULUNG AGUNG
6838469229,,ODP-TUL-FAF/97,-8.039531,111.907992,,,1,7,0,0,8,REGIONAL 5,KEDIRI,TULUNG AGUNG,TUL,,,2024-03-16 23:26:24,2021-06-18,2021,6,NON TITO,,,JAWA TIMUR,0.875,ORANGE,906422517,AREA 3,JATIM,MALANG,TULUNGAGUNG,,,0,0,0,JAWA TIMUR,TULUNGAGUNG,KEDUNGWARU,SIMO,TULUNG AGUNG
2665919672,,ODP-TRE-FQ/06,-8.241145,111.454887,,,2,14,0,0,16,REGIONAL 5,KEDIRI,TULUNG AGUNG,TRE,,,2024-03-16 23:26:44,2018-07-10,2018,7,NON TITO,,,JAWA TIMUR,0.875,ORANGE,361952377,AREA 3,JATIM,MADIUN,PONOROGO,,,0,0,0,JAWA TIMUR,TRENGGALEK,PANGGUL,PANGGUL,TULUNG AGUNG
3227293666,,ODP-DRN-FA/47,-8.124388,111.817771,,,1,7,0,0,8,REGIONAL 5,KEDIRI,TULUNG AGUNG,DRN,,,2024-03-16 23:24:21,2019-01-02,2019,1,NON TITO,,,JAWA TIMUR,0.875,ORANGE,421362289,AREA 3,JATIM,MADIUN,PONOROGO,,,0,0,0,JAWA TIMUR,TRENGGALEK,DURENAN,MALASAN,TULUNG AGUNG
2665919602,,ODP-TRE-FQ/02,-8.228977,111.451294,,,3,13,0,0,16,REGIONAL 5,KEDIRI,TULUNG AGUNG,TRE,,,2024-03-16 23:26:43,2018-07-09,2018,7,NON TITO,,,JAWA TIMUR,0.8125,ORANGE,361952356,AREA 3,JATIM,MADIUN,PONOROGO,,,0,0,0,JAWA TIMUR,TRENGGALEK,PANGGUL,PANGGUL,TULUNG AGUNG
2138969151,,ODP-TUL-FF/45,-8.078014,111.923512,,,1,7,0,0,8,REGIONAL 5,KEDIRI,TULUNG AGUNG,TUL,,,2024-03-16 23:21:08,2018-01-12,2018,1,NON TITO,,,JAWA TIMUR,0.875,ORANGE,268450013,AREA 3,JATIM,MALANG,TULUNGAGUNG,,,0,0,0,JAWA TIMUR,TULUNGAGUNG,KEDUNGWARU,PLOSOKANDANG,TULUNG AGUNG
3208771628,,ODP-KWR-FA/64,-8.177567,111.969535,,,1,7,0,0,8,REGIONAL 5,KEDIRI,TULUNG AGUNG,KWR,,,2024-03-16 23:26:50,2019-01-17,2019,1,NON TITO,,,JAWA TIMUR,0.875,ORANGE,451747154,AREA 3,JATIM,MALANG,TULUNGAGUNG,,,0,0,0,JAWA TIMUR,TULUNGAGUNG,KALIDAWIR,KARANGTALUN,TULUNG AGUNG
3248296194,,ODP-KWR-FC/29,-8.138114,111.971998,,,1,7,0,0,8,REGIONAL 5,KEDIRI,TULUNG AGUNG,KWR,,,2024-03-16 23:26:53,2019-01-11,2019,1,NON TITO,,,JAWA TIMUR,0.875,ORANGE,448667918,AREA 3,JATIM,MALANG,TULUNGAGUNG,,,0,0,0,JAWA TIMUR,TULUNGAGUNG,KALIDAWIR,DOMASAN,TULUNG AGUNG
2138969201,,ODP-TUL-FF/37,-8.085492,111.925973,,,1,7,0,0,8,REGIONAL 5,KEDIRI,TULUNG AGUNG,TUL,,,2024-03-16 23:21:54,2018-01-12,2018,1,NON TITO,,,JAWA TIMUR,0.875,ORANGE,268450071,AREA 3,JATIM,MALANG,TULUNGAGUNG,,,0,0,0,JAWA TIMUR,TULUNGAGUNG,BOYOLANGU,TANJUNGSARI,TULUNG AGUNG
2138746056,,ODP-TRE-FA/05,-8.048399,111.711203,,,3,13,0,0,16,REGIONAL 5,KEDIRI,TULUNG AGUNG,TRE,,,2024-03-16 23:23:10,2018-01-12,2018,1,NON TITO,,,JAWA TIMUR,0.8125,ORANGE,268456233,AREA 3,JATIM,MADIUN,PONOROGO,,,0,0,0,JAWA TIMUR,TRENGGALEK,TRENGGALEK,SURODAKAN,TULUNG AGUNG
3227293803,,ODP-DRN-FA/42,-8.126545,111.831366,,,1,7,0,0,8,REGIONAL 5,KEDIRI,TULUNG AGUNG,DRN,,,2024-03-16 23:24:24,2019-01-02,2019,1,NON TITO,,,JAWA TIMUR,0.875,ORANGE,421887289,AREA 3,JATIM,MADIUN,PONOROGO,,,0,0,0,JAWA TIMUR,TRENGGALEK,DURENAN,MALASAN,TULUNG AGUNG
3113520486,,ODP-TRE-FS/12,-8.18972,111.57118,,,3,13,0,0,16,REGIONAL 5,KEDIRI,TULUNG AGUNG,TRE,,,2024-03-16 23:23:51,2018-11-22,2018,11,NON TITO,,,JAWA TIMUR,0.8125,ORANGE,406398936,AREA 3,JATIM,MADIUN,PONOROGO,,,0,0,0,JAWA TIMUR,TRENGGALEK,DONGKO,DONGKO,TULUNG AGUNG
6031995121,,ODP-TRE-FG/28,-8.020453,111.703573,,,1,7,0,0,8,REGIONAL 5,KEDIRI,TULUNG AGUNG,TRE,,,2024-03-16 23:26:48,2021-02-23,2021,2,NON TITO,,,JAWA TIMUR,0.875,ORANGE,862103617,AREA 3,JATIM,MADIUN,PONOROGO,,,0,0,0,JAWA TIMUR,TRENGGALEK,TRENGGALEK,SUMBERDADI,TULUNG AGUNG
5977843749,,ODP-NGU-FE/51,-8.129124,112.078766,,,1,7,0,0,8,REGIONAL 5,KEDIRI,TULUNG AGUNG,NGU,,,2024-03-16 23:22:57,2021-02-05,2021,2,NON TITO,,,JAWA TIMUR,0.875,ORANGE,861229159,AREA 3,JATIM,MALANG,TULUNGAGUNG,,,0,0,0,JAWA TIMUR,TULUNGAGUNG,REJOTANGAN,PAKISREJO,TULUNG AGUNG
2446246208,,ODP-TRE-FH/22,-8.02938,111.642585,,,1,7,0,0,8,REGIONAL 5,KEDIRI,TULUNG AGUNG,TRE,,,2024-03-16 23:28:07,2018-04-21,2018,4,NON TITO,,,JAWA TIMUR,0.875,ORANGE,353281053,AREA 3,JATIM,MADIUN,PONOROGO,,,0,0,0,JAWA TIMUR,TRENGGALEK,TUGU,WINONG,TULUNG AGUNG
3835920484,,ODP-TUL-FD/60,-8.067137,111.894494,,,1,7,0,0,8,REGIONAL 5,KEDIRI,TULUNG AGUNG,TUL,,,2024-03-16 23:28:59,2019-09-17,2019,9,NON TITO,,,JAWA TIMUR,0.875,ORANGE,652065371,AREA 3,JATIM,MALANG,TULUNGAGUNG,,,0,0,0,JAWA TIMUR,TULUNGAGUNG,TULUNGAGUNG,TERTEK,TULUNG AGUNG
3174119135,,ODP-TUL-FM/61,-8.071509,111.917805,,,1,7,0,0,8,REGIONAL 5,KEDIRI,TULUNG AGUNG,TUL,,,2024-03-16 23:26:00,2018-12-12,2018,12,NON TITO,,,JAWA TIMUR,0.875,ORANGE,407061750,AREA 3,JATIM,MALANG,TULUNGAGUNG,,,0,0,0,JAWA TIMUR,TULUNGAGUNG,TULUNGAGUNG,BAGO,TULUNG AGUNG
3171270718,,ODP-PRI-FB/94,-8.259922,111.693018,,,1,7,0,0,8,REGIONAL 5,KEDIRI,TULUNG AGUNG,PRI,,,2024-03-16 23:26:56,2018-12-13,2018,12,NON TITO,,,JAWA TIMUR,0.875,ORANGE,407069249,AREA 3,JATIM,MADIUN,PONOROGO,,,0,0,0,JAWA TIMUR,TRENGGALEK,WATULIMO,SAWAHAN,TULUNG AGUNG
3831493886,,ODP-TRE-FE/17,-8.036767,111.584715,,,1,7,0,0,8,REGIONAL 5,KEDIRI,TULUNG AGUNG,TRE,,,2024-03-16 23:28:07,2019-09-13,2019,9,NON TITO,,,JAWA TIMUR,0.875,ORANGE,650638453,AREA 3,JATIM,MADIUN,PONOROGO,,,0,0,0,JAWA TIMUR,TRENGGALEK,TUGU,NGLINGGIS,TULUNG AGUNG
5795370245,,ODP-TUL-FJ/33,-8.059816,111.885276,,,1,7,0,0,8,REGIONAL 5,KEDIRI,TULUNG AGUNG,TUL,,,2024-03-16 23:23:51,2020-12-28,2020,12,NON TITO,,,JAWA TIMUR,0.875,ORANGE,858752601,AREA 3,JATIM,MALANG,TULUNGAGUNG,,,0,0,0,JAWA TIMUR,TULUNGAGUNG,KAUMAN,BATANGSAREN,TULUNG AGUNG
3174568694,,ODP-NGU-FA/55,-8.106625,112.015818,,,1,7,0,0,8,REGIONAL 5,KEDIRI,TULUNG AGUNG,NGU,,,2024-03-16 23:24:25,2018-12-15,2018,12,NON TITO,,,JAWA TIMUR,0.875,ORANGE,407078782,AREA 3,JATIM,MALANG,TULUNGAGUNG,,,0,0,0,JAWA TIMUR,TULUNGAGUNG,NGUNUT,NGUNUT,TULUNG AGUNG
3834872342,,ODP-NGU-FD/31,-8.115765,112.013734,,,1,7,0,0,8,REGIONAL 5,KEDIRI,TULUNG AGUNG,NGU,,,2024-03-16 23:28:33,2019-09-10,2019,9,NON TITO,,,JAWA TIMUR,0.875,ORANGE,645465822,AREA 3,JATIM,MALANG,TULUNGAGUNG,,,0,0,0,JAWA TIMUR,TULUNGAGUNG,NGUNUT,NGUNUT,TULUNG AGUNG
7597694324,,ODP-NGU-FF/34,-8.134001,112.030148,,,1,7,0,0,8,REGIONAL 5,KEDIRI,TULUNG AGUNG,NGU,,,2024-03-16 23:27:24,2021-09-08,2021,9,NON TITO,,,JAWA TIMUR,0.875,ORANGE,1035286189,AREA 3,JATIM,MALANG,TULUNGAGUNG,,,0,0,0,JAWA TIMUR,TULUNGAGUNG,REJOTANGAN,TUGU,TULUNG AGUNG
2826119122,,ODP-KWR-FB/04,-8.250633,112.014918,,,1,7,0,0,8,REGIONAL 5,KEDIRI,TULUNG AGUNG,KWR,,,2024-03-16 23:24:36,2018-08-17,2018,8,NON TITO,,,JAWA TIMUR,0.875,ORANGE,389514077,AREA 3,JATIM,MALANG,TULUNGAGUNG,,,0,0,0,JAWA TIMUR,TULUNGAGUNG,PUCANG LABAN,PUCANGLABAN,TULUNG AGUNG
5807369908,,ODP-TUL-FAH/17,-8.032421,111.94679,,,1,7,0,0,8,REGIONAL 5,KEDIRI,TULUNG AGUNG,TUL,,,2024-03-16 23:27:11,2020-12-29,2020,12,NON TITO,,,JAWA TIMUR,0.875,ORANGE,858763929,AREA 3,JATIM,MALANG,TULUNGAGUNG,,,0,0,0,JAWA TIMUR,TULUNGAGUNG,NGANTRU,SRIKATON,TULUNG AGUNG
2819970593,,ODP-TUL-FA/87,-8.051418,111.909697,,,3,13,0,0,16,REGIONAL 5,KEDIRI,TULUNG AGUNG,TUL,,,2024-03-16 23:26:41,2018-08-16,2018,8,NON TITO,,,JAWA TIMUR,0.8125,ORANGE,389511386,AREA 3,JATIM,MALANG,TULUNGAGUNG,,,0,0,0,JAWA TIMUR,TULUNGAGUNG,KEDUNGWARU,KEDUNGWARU,TULUNG AGUNG
3173594567,,ODP-DRN-FA/11,-8.123802,111.798061,,,1,7,0,0,8,REGIONAL 5,KEDIRI,TULUNG AGUNG,DRN,,,2024-03-16 23:26:47,2018-12-11,2018,12,NON TITO,,,JAWA TIMUR,0.875,ORANGE,407118143,AREA 3,JATIM,MADIUN,PONOROGO,,,0,0,0,JAWA TIMUR,TRENGGALEK,DURENAN,NGADISUKO,TULUNG AGUNG
3173594647,,ODP-DRN-FB/11,-8.096326,111.825859,,,1,7,0,0,8,REGIONAL 5,KEDIRI,TULUNG AGUNG,DRN,,,2024-03-16 23:26:42,2018-12-11,2018,12,NON TITO,,,JAWA TIMUR,0.875,ORANGE,407118167,AREA 3,JATIM,MADIUN,PONOROGO,,,0,0,0,JAWA TIMUR,TRENGGALEK,DURENAN,BARUHARJO,TULUNG AGUNG
2446246218,,ODP-TRE-FH/31,-8.045011,111.653299,,,1,7,0,0,8,REGIONAL 5,KEDIRI,TULUNG AGUNG,TRE,,,2024-03-16 23:28:28,2018-04-21,2018,4,NON TITO,,,JAWA TIMUR,0.875,ORANGE,353281059,AREA 3,JATIM,MADIUN,PONOROGO,,,0,0,0,JAWA TIMUR,TRENGGALEK,TUGU,NGLONGSOR,TULUNG AGUNG
2819970539,,ODP-TUL-FA/93,-8.057912,111.905342,,,2,14,0,0,16,REGIONAL 5,KEDIRI,TULUNG AGUNG,TUL,,,2024-03-16 23:26:22,2018-08-16,2018,8,NON TITO,,,JAWA TIMUR,0.875,ORANGE,389511356,AREA 3,JATIM,MALANG,TULUNGAGUNG,,,0,0,0,JAWA TIMUR,TULUNGAGUNG,KEDUNGWARU,KEDUNGWARU,TULUNG AGUNG
7576020517,,ODP-TUL-FAE/94,-8.001848,111.907309,,,1,7,0,0,8,REGIONAL 5,KEDIRI,TULUNG AGUNG,TUL,,,2024-03-16 23:28:36,2021-09-07,2021,9,NON TITO,,,JAWA TIMUR,0.875,ORANGE,1035276839,AREA 3,JATIM,MALANG,TULUNGAGUNG,,,0,0,0,JAWA TIMUR,TULUNGAGUNG,KARANGREJO,KARANGREJO,TULUNG AGUNG
7576318880,,ODP-TUL-FY/43,-8.057989,111.928131,,,1,7,0,0,8,REGIONAL 5,KEDIRI,TULUNG AGUNG,TUL,,,2024-03-16 23:22:00,2021-09-07,2021,9,NON TITO,,,JAWA TIMUR,0.875,ORANGE,1035274927,AREA 3,JATIM,MALANG,TULUNGAGUNG,,,0,0,0,JAWA TIMUR,TULUNGAGUNG,KEDUNGWARU,TUNGGULSARI,TULUNG AGUNG
2137169206,,ODP-TUL-FC/19,-8.044398,111.910909,,,1,7,0,0,8,REGIONAL 5,KEDIRI,TULUNG AGUNG,TUL,,,2024-03-16 23:22:34,2018-01-10,2018,1,NON TITO,,,JAWA TIMUR,0.875,ORANGE,267926008,AREA 3,JATIM,MALANG,TULUNGAGUNG,,,0,0,0,JAWA TIMUR,TULUNGAGUNG,KEDUNGWARU,REJOAGUNG,TULUNG AGUNG
5833919007,,ODP-DRN-FB/44,-8.108903,111.818584,,,1,7,0,0,8,REGIONAL 5,KEDIRI,TULUNG AGUNG,DRN,,,2024-03-16 23:23:46,2021-01-04,2021,1,NON TITO,,,JAWA TIMUR,0.875,ORANGE,859104157,AREA 3,JATIM,MADIUN,PONOROGO,,,0,0,0,JAWA TIMUR,TRENGGALEK,DURENAN,SUMBERGAYAM,TULUNG AGUNG
2124418899,,ODP-TUL-FC/17,-8.048466,111.924061,,,1,7,0,0,8,REGIONAL 5,KEDIRI,TULUNG AGUNG,TUL,,,2024-03-16 23:27:38,2018-01-10,2018,1,NON TITO,,,JAWA TIMUR,0.875,ORANGE,267926216,AREA 3,JATIM,MALANG,TULUNGAGUNG,,,0,0,0,JAWA TIMUR,TULUNGAGUNG,KEDUNGWARU,REJOAGUNG,TULUNG AGUNG
179701032,,ODP-TRE-FB/23,-8.0738,111.7023,,,3,13,0,0,16,REGIONAL 5,KEDIRI,TULUNG AGUNG,TRE,,,2024-03-16 23:23:37,2016-03-22,2016,3,NON TITO,,,JAWA TIMUR,0.8125,ORANGE,11749710,AREA 3,JATIM,MADIUN,PONOROGO,,,0,0,0,JAWA TIMUR,TRENGGALEK,TRENGGALEK,KELUTAN,TULUNG AGUNG
3751548838,,ODP-TUL-FA/139,-8.054856,111.917433,,,3,13,0,0,16,REGIONAL 5,KEDIRI,TULUNG AGUNG,TUL,,,2024-03-16 23:25:21,2019-08-09,2019,8,NON TITO,,,JAWA TIMUR,0.8125,ORANGE,642863350,AREA 3,JATIM,MALANG,TULUNGAGUNG,,,0,0,0,JAWA TIMUR,TULUNGAGUNG,KEDUNGWARU,KEDUNGWARU,TULUNG AGUNG
2180294511,,ODP-TUL-FAF/48,-8.058106,111.888348,,,1,7,0,0,8,REGIONAL 5,KEDIRI,TULUNG AGUNG,TUL,,,2024-03-16 23:28:52,2018-02-01,2018,2,NON TITO,,,JAWA TIMUR,0.875,ORANGE,305194057,AREA 3,JATIM,MALANG,TULUNGAGUNG,,,0,0,0,JAWA TIMUR,TULUNGAGUNG,TULUNGAGUNG,PANGGUNGREJO,TULUNG AGUNG
2819970529,,ODP-TUL-FA/88,-8.051722,111.911566,,,1,7,0,0,8,REGIONAL 5,KEDIRI,TULUNG AGUNG,TUL,,,2024-03-16 23:26:25,2018-08-16,2018,8,NON TITO,,,JAWA TIMUR,0.875,ORANGE,389511349,AREA 3,JATIM,MALANG,TULUNGAGUNG,,,0,0,0,JAWA TIMUR,TULUNGAGUNG,KEDUNGWARU,KEDUNGWARU,TULUNG AGUNG
3835920966,,ODP-TUL-FA/144,-8.057832,111.907262,,,1,7,0,0,8,REGIONAL 5,KEDIRI,TULUNG AGUNG,TUL,,,2024-03-16 23:29:01,2019-09-17,2019,9,NON TITO,,,JAWA TIMUR,0.875,ORANGE,652066239,AREA 3,JATIM,MALANG,TULUNGAGUNG,,,0,0,0,JAWA TIMUR,TULUNGAGUNG,KEDUNGWARU,KEDUNGWARU,TULUNG AGUNG
3248295264,,ODP-KWR-FC/27,-8.130281,111.96452,,,1,7,0,0,8,REGIONAL 5,KEDIRI,TULUNG AGUNG,KWR,,,2024-03-16 23:25:45,2019-01-11,2019,1,NON TITO,,,JAWA TIMUR,0.875,ORANGE,448667386,AREA 3,JATIM,MALANG,TULUNGAGUNG,,,0,0,0,JAWA TIMUR,TULUNGAGUNG,SUMBERGEMPOL,MIRIGAMBAR,TULUNG AGUNG
3174118881,,ODP-TUL-FF/46,-8.081678,111.937743,,,1,7,0,0,8,REGIONAL 5,KEDIRI,TULUNG AGUNG,TUL,,,2024-03-16 23:26:02,2018-12-12,2018,12,NON TITO,,,JAWA TIMUR,0.875,ORANGE,407061503,AREA 3,JATIM,MALANG,TULUNGAGUNG,,,0,0,0,JAWA TIMUR,TULUNGAGUNG,BOYOLANGU,TANJUNGSARI,TULUNG AGUNG
2838195489,,ODP-TUL-FAB/18,-8.041024,111.845428,,,1,7,0,0,8,REGIONAL 5,KEDIRI,TULUNG AGUNG,TUL,,,2024-03-16 23:22:06,2018-08-23,2018,8,NON TITO,,,JAWA TIMUR,0.875,ORANGE,389540298,AREA 3,JATIM,MALANG,TULUNGAGUNG,,,0,0,0,JAWA TIMUR,TULUNGAGUNG,KAUMAN,PUCANGAN,TULUNG AGUNG
3113520912,,ODP-TRE-FS/04,-8.185894,111.57721,,,3,13,0,0,16,REGIONAL 5,KEDIRI,TULUNG AGUNG,TRE,,,2024-03-16 23:23:21,2018-11-22,2018,11,NON TITO,,,JAWA TIMUR,0.8125,ORANGE,406399188,AREA 3,JATIM,MADIUN,PONOROGO,,,0,0,0,JAWA TIMUR,TRENGGALEK,DONGKO,DONGKO,TULUNG AGUNG
5784943747,,ODP-TRE-FQ/24,-8.241906,111.465294,,,0,7,1,0,8,REGIONAL 5,KEDIRI,TULUNG AGUNG,TRE,,,2024-03-16 23:28:00,2020-12-16,2020,12,NON TITO,,,JAWA TIMUR,0.875,ORANGE,858271266,AREA 3,JATIM,MADIUN,PONOROGO,,,0,0,0,JAWA TIMUR,TRENGGALEK,PANGGUL,NGRENCAK,TULUNG AGUNG
2446245547,,ODP-TRE-FH/20,-8.025856,111.635215,,,1,7,0,0,8,REGIONAL 5,KEDIRI,TULUNG AGUNG,TRE,,,2024-03-16 23:28:11,2018-04-21,2018,4,NON TITO,,,JAWA TIMUR,0.875,ORANGE,353280656,AREA 3,JATIM,MADIUN,PONOROGO,,,0,0,0,JAWA TIMUR,TRENGGALEK,TUGU,DERMOSARI,TULUNG AGUNG
8023318900,,ODP-TUL-FAJ/66,-8.058678,111.868761,,,1,7,0,0,8,REGIONAL 5,KEDIRI,TULUNG AGUNG,TUL,,,2024-03-16 23:24:14,2021-11-03,2021,11,NON TITO,,,JAWA TIMUR,0.875,ORANGE,1092496458,AREA 3,JATIM,MALANG,TULUNGAGUNG,,,0,0,0,JAWA TIMUR,TULUNGAGUNG,KAUMAN,KAUMAN,TULUNG AGUNG
3157318659,,ODP-TUL-FAC/40,-8.073479,111.848996,,,1,7,0,0,8,REGIONAL 5,KEDIRI,TULUNG AGUNG,TUL,,,2024-03-16 23:25:39,2018-12-04,2018,12,NON TITO,,,JAWA TIMUR,0.875,ORANGE,406478199,AREA 3,JATIM,MALANG,TULUNGAGUNG,,,0,0,0,JAWA TIMUR,TULUNGAGUNG,GONDANG,GONDANG,TULUNG AGUNG
5788169814,,ODP-DRN-FB/40,-8.096144,111.834711,,,1,7,0,0,8,REGIONAL 5,KEDIRI,TULUNG AGUNG,DRN,,,2024-03-16 23:24:44,2020-12-23,2020,12,NON TITO,,,JAWA TIMUR,0.875,ORANGE,858534674,AREA 3,JATIM,MADIUN,PONOROGO,,,0,0,0,JAWA TIMUR,TRENGGALEK,DURENAN,BARUHARJO,TULUNG AGUNG
2446245737,,ODP-TRE-FH/25,-8.034248,111.638822,,,1,7,0,0,8,REGIONAL 5,KEDIRI,TULUNG AGUNG,TRE,,,2024-03-16 23:27:48,2018-04-21,2018,4,NON TITO,,,JAWA TIMUR,0.875,ORANGE,353280770,AREA 3,JATIM,MADIUN,PONOROGO,,,0,0,0,JAWA TIMUR,TRENGGALEK,TUGU,JAMBU,TULUNG AGUNG
3153718850,,ODP-TUL-FS/81,-8.046456,111.863991,,,1,7,0,0,8,REGIONAL 5,KEDIRI,TULUNG AGUNG,TUL,,,2024-03-16 23:27:16,2018-12-05,2018,12,NON TITO,,,JAWA TIMUR,0.875,ORANGE,406485232,AREA 3,JATIM,MALANG,TULUNGAGUNG,,,0,0,0,JAWA TIMUR,TULUNGAGUNG,KAUMAN,MOJOSARI,TULUNG AGUNG
2124946075,,ODP-TRE-FP/01,-8.109328,111.710174,,,0,7,0,0,8,REGIONAL 5,KEDIRI,TULUNG AGUNG,TRE,,,2024-03-16 23:27:14,2018-01-09,2018,1,NON TITO,,,JAWA TIMUR,0.875,ORANGE,267918101,AREA 3,JATIM,MADIUN,PONOROGO,,,0,0,0,JAWA TIMUR,TRENGGALEK,GANDUSARI,WONOANTI,TULUNG AGUNG
2838944315,,ODP-KWR-FB/14,-8.196645,112.021893,,,3,13,0,0,16,REGIONAL 5,KEDIRI,TULUNG AGUNG,KWR,,,2024-03-16 23:28:15,2018-08-24,2018,8,NON TITO,,,JAWA TIMUR,0.8125,ORANGE,389542009,AREA 3,JATIM,MALANG,TULUNGAGUNG,,,0,0,0,JAWA TIMUR,TULUNGAGUNG,PUCANG LABAN,SUMBERDADAP,TULUNG AGUNG
3157318664,,ODP-TUL-FAC/41,-8.072814,111.846994,,,1,7,0,0,8,REGIONAL 5,KEDIRI,TULUNG AGUNG,TUL,,,2024-03-16 23:26:09,2018-12-04,2018,12,NON TITO,,,JAWA TIMUR,0.875,ORANGE,406838116,AREA 3,JATIM,MALANG,TULUNGAGUNG,,,0,0,0,JAWA TIMUR,TULUNGAGUNG,GONDANG,GONDANG,TULUNG AGUNG
3157318889,,ODP-TUL-FAC/39,-8.079323,111.862204,,,1,7,0,0,8,REGIONAL 5,KEDIRI,TULUNG AGUNG,TUL,,,2024-03-16 23:26:49,2018-12-04,2018,12,NON TITO,,,JAWA TIMUR,0.875,ORANGE,406838256,AREA 3,JATIM,MALANG,TULUNGAGUNG,,,0,0,0,JAWA TIMUR,TULUNGAGUNG,GONDANG,REJOSARI,TULUNG AGUNG
2124946080,,ODP-TRE-FP/28,-8.094357,111.730781,,,2,14,0,0,16,REGIONAL 5,KEDIRI,TULUNG AGUNG,TRE,,,2024-03-16 23:27:47,2018-01-09,2018,1,NON TITO,,,JAWA TIMUR,0.875,ORANGE,267918104,AREA 3,JATIM,MADIUN,PONOROGO,,,0,0,0,JAWA TIMUR,TRENGGALEK,POGALAN,NGETAL,TULUNG AGUNG
4298819179,,ODP-TRE-FU/08,-8.175884,111.66363,,,1,7,0,0,8,REGIONAL 5,KEDIRI,TULUNG AGUNG,TRE,,,2024-03-16 23:26:40,2019-11-15,2019,11,NON TITO,,,JAWA TIMUR,0.875,ORANGE,787164133,AREA 3,JATIM,MADIUN,PONOROGO,,,0,0,0,JAWA TIMUR,TRENGGALEK,KAMPAK,BENDOAGUNG,TULUNG AGUNG
7883968690,,ODP-TUL-FAH/23,-8.017906,111.936264,,,1,7,0,0,8,REGIONAL 5,KEDIRI,TULUNG AGUNG,TUL,,,2024-03-16 23:23:24,2021-10-18,2021,10,NON TITO,,,JAWA TIMUR,0.875,ORANGE,1077422405,AREA 3,JATIM,MALANG,TULUNGAGUNG,,,0,0,0,JAWA TIMUR,TULUNGAGUNG,NGANTRU,BENDOSARI,TULUNG AGUNG
4258093639,,ODP-TRE-FD/26,-8.06108,111.707544,,,1,7,0,0,8,REGIONAL 5,KEDIRI,TULUNG AGUNG,TRE,,,2024-03-16 23:22:39,2019-11-08,2019,11,NON TITO,,,JAWA TIMUR,0.875,ORANGE,757814200,AREA 3,JATIM,MADIUN,PONOROGO,,,0,0,0,JAWA TIMUR,TRENGGALEK,TRENGGALEK,NGANTRU,TULUNG AGUNG
7697518550,,ODP-TRE-FK/26,-8.053734,111.742544,,,0,7,1,0,8,REGIONAL 5,KEDIRI,TULUNG AGUNG,TRE,,,2024-03-16 23:28:37,2021-09-18,2021,9,NON TITO,,,JAWA TIMUR,0.875,ORANGE,1051267661,AREA 3,JATIM,MADIUN,PONOROGO,,,0,0,0,JAWA TIMUR,TRENGGALEK,POGALAN,NGULANKULON,TULUNG AGUNG
2124946311,,ODP-TRE-FP/02,-8.109415,111.71359,,,1,7,0,0,8,REGIONAL 5,KEDIRI,TULUNG AGUNG,TRE,,,2024-03-16 23:28:29,2018-01-09,2018,1,NON TITO,,,JAWA TIMUR,0.875,ORANGE,267918239,AREA 3,JATIM,MADIUN,PONOROGO,,,0,0,0,JAWA TIMUR,TRENGGALEK,GANDUSARI,WONOANTI,TULUNG AGUNG
4227793612,,ODP-TUL-FZ/88,-8.073186,111.892417,,,1,7,0,0,8,REGIONAL 5,KEDIRI,TULUNG AGUNG,TUL,,,2024-03-16 23:28:38,2019-11-05,2019,11,NON TITO,,,JAWA TIMUR,0.875,ORANGE,690428443,AREA 3,JATIM,MALANG,TULUNGAGUNG,,,0,0,0,JAWA TIMUR,TULUNGAGUNG,TULUNGAGUNG,TERTEK,TULUNG AGUNG
2124946391,,ODP-TUL-FZ/34,-8.07596,111.89467,,,1,7,0,0,8,REGIONAL 5,KEDIRI,TULUNG AGUNG,TUL,,,2024-03-16 23:27:23,2018-01-09,2018,1,NON TITO,,,JAWA TIMUR,0.875,ORANGE,267918270,AREA 3,JATIM,MALANG,TULUNGAGUNG,,,0,0,0,JAWA TIMUR,TULUNGAGUNG,BOYOLANGU,GEDANGSEWU,TULUNG AGUNG
5815243876,,ODP-TRE-FD/62,-8.05532,111.710324,,,1,7,0,0,8,REGIONAL 5,KEDIRI,TULUNG AGUNG,TRE,,,2024-03-16 23:22:38,2020-12-24,2020,12,NON TITO,,,JAWA TIMUR,0.875,ORANGE,858544691,AREA 3,JATIM,MADIUN,PONOROGO,,,0,0,0,JAWA TIMUR,TRENGGALEK,TRENGGALEK,SUMBERGEDONG,TULUNG AGUNG
4052894749,,ODP-NGU-FC/17,-8.085957,111.965763,,,1,7,0,0,8,REGIONAL 5,KEDIRI,TULUNG AGUNG,NGU,,,2024-03-16 23:24:02,2019-10-11,2019,10,NON TITO,,,JAWA TIMUR,0.875,ORANGE,680644999,AREA 3,JATIM,MALANG,TULUNGAGUNG,,,0,0,0,JAWA TIMUR,TULUNGAGUNG,SUMBERGEMPOL,BENDILJATI WETAN,TULUNG AGUNG
3173594732,,ODP-DRN-FA/10,-8.120729,111.796947,,,1,7,0,0,8,REGIONAL 5,KEDIRI,TULUNG AGUNG,DRN,,,2024-03-16 23:26:42,2018-12-11,2018,12,NON TITO,,,JAWA TIMUR,0.875,ORANGE,407050831,AREA 3,JATIM,MADIUN,PONOROGO,,,0,0,0,JAWA TIMUR,TRENGGALEK,DURENAN,KENDALREJO,TULUNG AGUNG
2838195720,,ODP-TUL-FAB/05,-8.048321,111.86769,,,1,7,0,0,8,REGIONAL 5,KEDIRI,TULUNG AGUNG,TUL,,,2024-03-16 23:23:01,2018-08-23,2018,8,NON TITO,,,JAWA TIMUR,0.875,ORANGE,389540480,AREA 3,JATIM,MALANG,TULUNGAGUNG,,,0,0,0,JAWA TIMUR,TULUNGAGUNG,KAUMAN,KAUMAN,TULUNG AGUNG
5815243896,,ODP-TRE-FD/57,-8.056633,111.708173,,,1,7,0,0,8,REGIONAL 5,KEDIRI,TULUNG AGUNG,TRE,,,2024-03-16 23:22:37,2020-12-24,2020,12,NON TITO,,,JAWA TIMUR,0.875,ORANGE,858544705,AREA 3,JATIM,MADIUN,PONOROGO,,,0,0,0,JAWA TIMUR,TRENGGALEK,TRENGGALEK,NGANTRU,TULUNG AGUNG
2446246098,,ODP-TRE-FH/15,-8.04978,111.653695,,,1,7,0,0,8,REGIONAL 5,KEDIRI,TULUNG AGUNG,TRE,,,2024-03-16 23:28:15,2018-04-21,2018,4,NON TITO,,,JAWA TIMUR,0.875,ORANGE,353280987,AREA 3,JATIM,MADIUN,PONOROGO,,,0,0,0,JAWA TIMUR,TRENGGALEK,TUGU,GONDANG,TULUNG AGUNG
3749968924,,ODP-TUL-FQ/64,-8.059112,111.906116,,,1,7,0,0,8,REGIONAL 5,KEDIRI,TULUNG AGUNG,TUL,,,2024-03-16 23:24:30,2019-07-31,2019,7,NON TITO,,,JAWA TIMUR,0.875,ORANGE,640428099,AREA 3,JATIM,MALANG,TULUNGAGUNG,,,0,0,0,JAWA TIMUR,TULUNGAGUNG,TULUNGAGUNG,KAMPUNGDALEM,TULUNG AGUNG
3751548789,,ODP-TUL-FA/137,-8.053522,111.917436,,,1,7,0,0,8,REGIONAL 5,KEDIRI,TULUNG AGUNG,TUL,,,2024-03-16 23:26:29,2019-08-09,2019,8,NON TITO,,,JAWA TIMUR,0.875,ORANGE,642863321,AREA 3,JATIM,MALANG,TULUNGAGUNG,,,0,0,0,JAWA TIMUR,TULUNGAGUNG,KEDUNGWARU,KEDUNGWARU,TULUNG AGUNG
2475043567,,ODP-TUL-FAE/28,-7.980514,111.890429,,,0,7,1,0,8,REGIONAL 5,KEDIRI,TULUNG AGUNG,TUL,,,2024-03-16 23:23:29,2018-04-28,2018,4,NON TITO,,,JAWA TIMUR,0.875,ORANGE,353332397,AREA 3,JATIM,MALANG,TULUNGAGUNG,,,0,0,0,JAWA TIMUR,TULUNGAGUNG,KARANGREJO,PUNJUL,TULUNG AGUNG
2817045440,,ODP-TUL-FAL/07,-8.076585,111.918798,,,2,14,0,0,16,REGIONAL 5,KEDIRI,TULUNG AGUNG,TUL,,,2024-03-16 23:24:10,2018-08-16,2018,8,NON TITO,,,JAWA TIMUR,0.875,ORANGE,389504827,AREA 3,JATIM,MALANG,TULUNGAGUNG,,,0,0,0,JAWA TIMUR,TULUNGAGUNG,KEDUNGWARU,PLOSOKANDANG,TULUNG AGUNG
3206675456,,ODP-TRE-FM/28,-8.07582,111.702076,,,1,7,0,0,8,REGIONAL 5,KEDIRI,TULUNG AGUNG,TRE,,,2024-03-16 23:27:24,2018-12-30,2018,12,NON TITO,,,JAWA TIMUR,0.875,ORANGE,408330117,AREA 3,JATIM,MADIUN,PONOROGO,,,0,0,0,JAWA TIMUR,TRENGGALEK,TRENGGALEK,KARANGSOKO,TULUNG AGUNG
5886871618,,ODP-NGU-FC/36,-8.104739,111.988937,,,1,7,0,0,8,REGIONAL 5,KEDIRI,TULUNG AGUNG,NGU,,,2024-03-16 23:21:09,2021-01-25,2021,1,NON TITO,,,JAWA TIMUR,0.875,ORANGE,860529140,AREA 3,JATIM,MALANG,TULUNGAGUNG,,,0,0,0,JAWA TIMUR,TULUNGAGUNG,NGUNUT,SUMBEREJO KULON,TULUNG AGUNG
2817045427,,ODP-TUL-FAL/10,-8.078932,111.914028,,,3,13,0,0,16,REGIONAL 5,KEDIRI,TULUNG AGUNG,TUL,,,2024-03-16 23:24:14,2018-08-16,2018,8,NON TITO,,,JAWA TIMUR,0.8125,ORANGE,389504796,AREA 3,JATIM,MALANG,TULUNGAGUNG,,,0,0,0,JAWA TIMUR,TULUNGAGUNG,BOYOLANGU,SERUT,TULUNG AGUNG
5886871658,,ODP-NGU-FC/45,-8.104278,112.006625,,,1,7,0,0,8,REGIONAL 5,KEDIRI,TULUNG AGUNG,NGU,,,2024-03-16 23:23:53,2021-01-25,2021,1,NON TITO,,,JAWA TIMUR,0.875,ORANGE,860529170,AREA 3,JATIM,MALANG,TULUNGAGUNG,,,0,0,0,JAWA TIMUR,TULUNGAGUNG,NGUNUT,NGUNUT,TULUNG AGUNG
3206675468,,ODP-TRE-FM/25,-8.076367,111.705833,,,1,7,0,0,8,REGIONAL 5,KEDIRI,TULUNG AGUNG,TRE,,,2024-03-16 23:27:48,2018-12-30,2018,12,NON TITO,,,JAWA TIMUR,0.875,ORANGE,408330126,AREA 3,JATIM,MADIUN,PONOROGO,,,0,0,0,JAWA TIMUR,TRENGGALEK,TRENGGALEK,KARANGSOKO,TULUNG AGUNG
2139944953,,ODP-TRE-FN/12,-8.095152,111.747174,,,3,13,0,0,16,REGIONAL 5,KEDIRI,TULUNG AGUNG,TRE,,,2024-03-16 23:27:18,2018-01-12,2018,1,NON TITO,,,JAWA TIMUR,0.8125,ORANGE,267992042,AREA 3,JATIM,MADIUN,PONOROGO,,,0,0,0,JAWA TIMUR,TRENGGALEK,POGALAN,BENDOREJO,TULUNG AGUNG
3206675471,,ODP-TRE-FM/23,-8.07735,111.70281,,,1,7,0,0,8,REGIONAL 5,KEDIRI,TULUNG AGUNG,TRE,,,2024-03-16 23:27:40,2018-12-30,2018,12,NON TITO,,,JAWA TIMUR,0.875,ORANGE,408330128,AREA 3,JATIM,MADIUN,PONOROGO,,,0,0,0,JAWA TIMUR,TRENGGALEK,TRENGGALEK,KARANGSOKO,TULUNG AGUNG
2817045221,,ODP-TUL-FAL/05,-8.077386,111.921682,,,1,7,0,0,8,REGIONAL 5,KEDIRI,TULUNG AGUNG,TUL,,,2024-03-16 23:24:10,2018-08-16,2018,8,NON TITO,,,JAWA TIMUR,0.875,ORANGE,389504380,AREA 3,JATIM,MALANG,TULUNGAGUNG,,,0,0,0,JAWA TIMUR,TULUNGAGUNG,KEDUNGWARU,PLOSOKANDANG,TULUNG AGUNG
3206675483,,ODP-TRE-FM/13,-8.07677,111.72309,,,1,7,0,0,8,REGIONAL 5,KEDIRI,TULUNG AGUNG,TRE,,,2024-03-16 23:27:39,2018-12-30,2018,12,NON TITO,,,JAWA TIMUR,0.875,ORANGE,408330136,AREA 3,JATIM,MADIUN,PONOROGO,,,0,0,0,JAWA TIMUR,TRENGGALEK,POGALAN,NGADIRENGGO,TULUNG AGUNG
2178570246,,ODP-KWR-FA/26,-8.175715,111.938646,,,1,7,0,0,8,REGIONAL 5,KEDIRI,TULUNG AGUNG,KWR,,,2024-03-16 23:23:27,2018-01-26,2018,1,NON TITO,,,JAWA TIMUR,0.875,ORANGE,295902024,AREA 3,JATIM,MALANG,TULUNGAGUNG,,,0,0,0,JAWA TIMUR,TULUNGAGUNG,KALIDAWIR,JOHO,TULUNG AGUNG
2475043837,,ODP-TUL-FAE/44,-7.996114,111.904871,,,1,7,0,0,8,REGIONAL 5,KEDIRI,TULUNG AGUNG,TUL,,,2024-03-16 23:23:30,2018-04-28,2018,4,NON TITO,,,JAWA TIMUR,0.875,ORANGE,353332536,AREA 3,JATIM,MALANG,TULUNGAGUNG,,,0,0,0,JAWA TIMUR,TULUNGAGUNG,KARANGREJO,SUKODONO,TULUNG AGUNG
3220244091,,ODP-TRE-FA/14,-8.049214,111.703687,,,1,7,0,0,8,REGIONAL 5,KEDIRI,TULUNG AGUNG,TRE,,,2024-03-16 23:21:44,2018-12-30,2018,12,NON TITO,,,JAWA TIMUR,0.875,ORANGE,408332421,AREA 3,JATIM,MADIUN,PONOROGO,,,0,0,0,JAWA TIMUR,TRENGGALEK,TRENGGALEK,NGANTRU,TULUNG AGUNG
5898869514,,ODP-TUL-FAJ/28,-8.058562,111.881088,,,1,7,0,0,8,REGIONAL 5,KEDIRI,TULUNG AGUNG,TUL,,,2024-03-16 23:25:39,2021-01-27,2021,1,NON TITO,,,JAWA TIMUR,0.875,ORANGE,860681938,AREA 3,JATIM,MALANG,TULUNGAGUNG,,,0,0,0,JAWA TIMUR,TULUNGAGUNG,KAUMAN,BATANGSAREN,TULUNG AGUNG
3220244161,,ODP-DRN-FB/17,-8.093155,111.820596,,,1,7,0,0,8,REGIONAL 5,KEDIRI,TULUNG AGUNG,DRN,,,2024-03-16 23:22:27,2018-12-30,2018,12,NON TITO,,,JAWA TIMUR,0.875,ORANGE,408332487,AREA 3,JATIM,MADIUN,PONOROGO,,,0,0,0,JAWA TIMUR,TRENGGALEK,DURENAN,KAMULAN,TULUNG AGUNG
3756793825,,ODP-TUL-FZ/74,-8.06823,111.895923,,,1,7,0,0,8,REGIONAL 5,KEDIRI,TULUNG AGUNG,TUL,,,2024-03-16 23:26:59,2019-07-29,2019,7,NON TITO,,,JAWA TIMUR,0.875,ORANGE,642502408,AREA 3,JATIM,MALANG,TULUNGAGUNG,,,0,0,0,JAWA TIMUR,TULUNGAGUNG,TULUNGAGUNG,KARANGWARU,TULUNG AGUNG
5898869539,,ODP-TUL-FAJ/32,-8.054485,111.877895,,,1,7,0,0,8,REGIONAL 5,KEDIRI,TULUNG AGUNG,TUL,,,2024-03-16 23:26:19,2021-01-27,2021,1,NON TITO,,,JAWA TIMUR,0.875,ORANGE,860681956,AREA 3,JATIM,MALANG,TULUNGAGUNG,,,0,0,0,JAWA TIMUR,TULUNGAGUNG,KAUMAN,BATANGSAREN,TULUNG AGUNG
2178570156,,ODP-KWR-FA/25,-8.173512,111.93239,,,2,14,0,0,16,REGIONAL 5,KEDIRI,TULUNG AGUNG,KWR,,,2024-03-16 23:23:47,2018-01-26,2018,1,NON TITO,,,JAWA TIMUR,0.875,ORANGE,295901938,AREA 3,JATIM,MALANG,TULUNGAGUNG,,,0,0,0,JAWA TIMUR,TULUNGAGUNG,KALIDAWIR,JOHO,TULUNG AGUNG
2475043877,,ODP-TUL-FAE/65,-7.987079,111.915901,,,1,7,0,0,8,REGIONAL 5,KEDIRI,TULUNG AGUNG,TUL,,,2024-03-16 23:23:20,2018-04-28,2018,4,NON TITO,,,JAWA TIMUR,0.875,ORANGE,353332562,AREA 3,JATIM,MALANG,TULUNGAGUNG,,,0,0,0,JAWA TIMUR,TULUNGAGUNG,KARANGREJO,JELI,TULUNG AGUNG
5898869549,,ODP-TUL-FAJ/27,-8.058653,111.882538,,,1,7,0,0,8,REGIONAL 5,KEDIRI,TULUNG AGUNG,TUL,,,2024-03-16 23:25:38,2021-01-27,2021,1,NON TITO,,,JAWA TIMUR,0.875,ORANGE,860681962,AREA 3,JATIM,MALANG,TULUNGAGUNG,,,0,0,0,JAWA TIMUR,TULUNGAGUNG,KAUMAN,BATANGSAREN,TULUNG AGUNG
3756793690,,ODP-TUL-FZ/82,-8.070487,111.900302,,,1,7,0,0,8,REGIONAL 5,KEDIRI,TULUNG AGUNG,TUL,,,2024-03-16 23:27:57,2019-07-29,2019,7,NON TITO,,,JAWA TIMUR,0.875,ORANGE,642502273,AREA 3,JATIM,MALANG,TULUNGAGUNG,,,0,0,0,JAWA TIMUR,TULUNGAGUNG,TULUNGAGUNG,KARANGWARU,TULUNG AGUNG
3756793650,,ODP-TUL-FZ/83,-8.071286,111.900341,,,1,7,0,0,8,REGIONAL 5,KEDIRI,TULUNG AGUNG,TUL,,,2024-03-16 23:27:21,2019-07-29,2019,7,NON TITO,,,JAWA TIMUR,0.875,ORANGE,642502237,AREA 3,JATIM,MALANG,TULUNGAGUNG,,,0,0,0,JAWA TIMUR,TULUNGAGUNG,TULUNGAGUNG,KARANGWARU,TULUNG AGUNG
2475043907,,ODP-TUL-FAE/68,-7.995327,111.913485,,,1,15,0,0,16,REGIONAL 5,KEDIRI,TULUNG AGUNG,TUL,,,2024-03-16 23:23:27,2018-04-28,2018,4,NON TITO,,,JAWA TIMUR,0.9375,ORANGE,353332586,AREA 3,JATIM,MALANG,TULUNGAGUNG,,,0,0,0,JAWA TIMUR,TULUNGAGUNG,KARANGREJO,KARANGREJO,TULUNG AGUNG
7434421344,,ODP-TUL-FAA/22,-7.997715,111.813719,,,1,7,0,0,8,REGIONAL 5,KEDIRI,TULUNG AGUNG,TUL,,,2024-03-16 23:22:48,2021-08-23,2021,8,NON TITO,,,JAWA TIMUR,0.875,ORANGE,1023345137,AREA 3,JATIM,MALANG,TULUNGAGUNG,,,0,0,0,JAWA TIMUR,TULUNGAGUNG,PAGERWOJO,MULYOSARI,TULUNG AGUNG
7444019269,,ODP-NGU-FE/54,-8.118542,112.066396,,,1,7,0,0,8,REGIONAL 5,KEDIRI,TULUNG AGUNG,NGU,,,2024-03-16 23:22:43,2021-08-23,2021,8,NON TITO,,,JAWA TIMUR,0.875,ORANGE,1017646837,AREA 3,JATIM,MALANG,TULUNGAGUNG,,,0,0,0,JAWA TIMUR,TULUNGAGUNG,REJOTANGAN,ARIYOJEDING,TULUNG AGUNG
5921368635,,ODP-NGU-FE/36,-8.123557,112.068354,,,1,7,0,0,8,REGIONAL 5,KEDIRI,TULUNG AGUNG,NGU,,,2024-03-16 23:21:02,2021-01-22,2021,1,NON TITO,,,JAWA TIMUR,0.875,ORANGE,860320283,AREA 3,JATIM,MALANG,TULUNGAGUNG,,,0,0,0,JAWA TIMUR,TULUNGAGUNG,REJOTANGAN,ARIYOJEDING,TULUNG AGUNG
3750719349,,ODP-TUL-FAL/61,-8.075835,111.906487,,,1,7,0,0,8,REGIONAL 5,KEDIRI,TULUNG AGUNG,TUL,,,2024-03-16 23:23:58,2019-08-06,2019,8,NON TITO,,,JAWA TIMUR,0.875,ORANGE,642848059,AREA 3,JATIM,MALANG,TULUNGAGUNG,,,0,0,0,JAWA TIMUR,TULUNGAGUNG,BOYOLANGU,SERUT,TULUNG AGUNG
5921368615,,ODP-NGU-FE/41,-8.122118,112.062199,,,1,7,0,0,8,REGIONAL 5,KEDIRI,TULUNG AGUNG,NGU,,,2024-03-16 23:25:45,2021-01-22,2021,1,NON TITO,,,JAWA TIMUR,0.875,ORANGE,860320264,AREA 3,JATIM,MALANG,TULUNGAGUNG,,,0,0,0,JAWA TIMUR,TULUNGAGUNG,REJOTANGAN,ARIYOJEDING,TULUNG AGUNG
3749969324,,ODP-TUL-FQ/63,-8.057919,111.90643,,,1,7,0,0,8,REGIONAL 5,KEDIRI,TULUNG AGUNG,TUL,,,2024-03-16 23:24:41,2019-07-31,2019,7,NON TITO,,,JAWA TIMUR,0.875,ORANGE,642617919,AREA 3,JATIM,MALANG,TULUNGAGUNG,,,0,0,0,JAWA TIMUR,TULUNGAGUNG,KEDUNGWARU,KEDUNGWARU,TULUNG AGUNG
7535593718,,ODP-NGU-FF/24,-8.135619,112.015544,,,1,7,0,0,8,REGIONAL 5,KEDIRI,TULUNG AGUNG,NGU,,,2024-03-16 23:25:18,2021-09-02,2021,9,NON TITO,,,JAWA TIMUR,0.875,ORANGE,1034227384,AREA 3,JATIM,MALANG,TULUNGAGUNG,,,0,0,0,JAWA TIMUR,TULUNGAGUNG,REJOTANGAN,PANJEREJO,TULUNG AGUNG
3751931170,,ODP-TUL-FY/38,-8.065469,111.93081,,,1,7,0,0,8,REGIONAL 5,KEDIRI,TULUNG AGUNG,TUL,,,2024-03-16 23:23:05,2019-08-06,2019,8,NON TITO,,,JAWA TIMUR,0.875,ORANGE,642847419,AREA 3,JATIM,MALANG,TULUNGAGUNG,,,0,0,0,JAWA TIMUR,TULUNGAGUNG,KEDUNGWARU,TUNGGULSARI,TULUNG AGUNG
2819968791,,ODP-TUL-FAL/26,-8.074341,111.902118,,,1,15,0,0,16,REGIONAL 5,KEDIRI,TULUNG AGUNG,TUL,,,2024-03-16 23:25:07,2018-08-16,2018,8,NON TITO,,,JAWA TIMUR,0.9375,ORANGE,389508652,AREA 3,JATIM,MALANG,TULUNGAGUNG,,,0,0,0,JAWA TIMUR,TULUNGAGUNG,TULUNGAGUNG,TAMANAN,TULUNG AGUNG
3751928702,,ODP-TUL-FZ/86,-8.068767,111.903447,,,1,7,0,0,8,REGIONAL 5,KEDIRI,TULUNG AGUNG,TUL,,,2024-03-16 23:23:22,2019-08-06,2019,8,NON TITO,,,JAWA TIMUR,0.875,ORANGE,642845168,AREA 3,JATIM,MALANG,TULUNGAGUNG,,,0,0,0,JAWA TIMUR,TULUNGAGUNG,TULUNGAGUNG,TAMANAN,TULUNG AGUNG
3750273145,,ODP-TUL-FM/62,-8.063764,111.933729,,,1,7,0,0,8,REGIONAL 5,KEDIRI,TULUNG AGUNG,TUL,,,2024-03-16 23:25:17,2019-08-13,2019,8,NON TITO,,,JAWA TIMUR,0.875,ORANGE,642808846,AREA 3,JATIM,MALANG,TULUNGAGUNG,,,0,0,0,JAWA TIMUR,TULUNGAGUNG,KEDUNGWARU,TUNGGULSARI,TULUNG AGUNG
3765793982,,ODP-TUL-FA/140,-8.054887,111.907665,,,1,7,0,0,8,REGIONAL 5,KEDIRI,TULUNG AGUNG,TUL,,,2024-03-16 23:26:26,2019-08-12,2019,8,NON TITO,,,JAWA TIMUR,0.875,ORANGE,642798828,AREA 3,JATIM,MALANG,TULUNGAGUNG,,,0,0,0,JAWA TIMUR,TULUNGAGUNG,KEDUNGWARU,KEDUNGWARU,TULUNG AGUNG
3765793953,,ODP-TUL-FL/93,-8.061688,111.916181,,,1,7,0,0,8,REGIONAL 5,KEDIRI,TULUNG AGUNG,TUL,,,2024-03-16 23:26:30,2019-08-12,2019,8,NON TITO,,,JAWA TIMUR,0.875,ORANGE,642798822,AREA 3,JATIM,MALANG,TULUNGAGUNG,,,0,0,0,JAWA TIMUR,TULUNGAGUNG,KEDUNGWARU,TUNGGULSARI,TULUNG AGUNG
2124419640,,ODP-TUL-FC/11,-8.057086,111.930024,,,1,7,0,0,8,REGIONAL 5,KEDIRI,TULUNG AGUNG,TUL,,,2024-03-16 23:27:58,2018-01-10,2018,1,NON TITO,,,JAWA TIMUR,0.875,ORANGE,267926623,AREA 3,JATIM,MALANG,TULUNGAGUNG,,,0,0,0,JAWA TIMUR,TULUNGAGUNG,KEDUNGWARU,BANGOAN,TULUNG AGUNG
3758520381,,ODP-TUL-FB/49,-8.078471,111.925545,,,1,7,0,0,8,REGIONAL 5,KEDIRI,TULUNG AGUNG,TUL,,,2024-03-16 23:24:51,2019-08-08,2019,8,NON TITO,,,JAWA TIMUR,0.875,ORANGE,642786601,AREA 3,JATIM,MALANG,TULUNGAGUNG,,,0,0,0,JAWA TIMUR,TULUNGAGUNG,KEDUNGWARU,PLOSOKANDANG,TULUNG AGUNG
5915368927,,ODP-NGU-FE/15,-8.122338,112.052787,,,1,7,0,0,8,REGIONAL 5,KEDIRI,TULUNG AGUNG,NGU,,,2024-03-16 23:25:17,2021-01-21,2021,1,NON TITO,,,JAWA TIMUR,0.875,ORANGE,860305922,AREA 3,JATIM,MALANG,TULUNGAGUNG,,,0,0,0,JAWA TIMUR,TULUNGAGUNG,REJOTANGAN,ARIYOJEDING,TULUNG AGUNG
3220093958,,ODP-CAT-FA/40,-8.158375,111.873075,,,0,7,1,0,8,REGIONAL 5,KEDIRI,TULUNG AGUNG,CAT,,,2024-03-16 23:25:54,2018-12-28,2018,12,NON TITO,,,JAWA TIMUR,0.875,ORANGE,408323586,AREA 3,JATIM,MALANG,TULUNGAGUNG,,,0,0,0,JAWA TIMUR,TULUNGAGUNG,CAMPUR DARAT,PELEM,TULUNG AGUNG
7511518654,,ODP-TUL-FAM/12,-8.020964,111.891891,,,1,7,0,0,8,REGIONAL 5,KEDIRI,TULUNG AGUNG,TUL,,,2024-03-16 23:23:35,2021-08-31,2021,8,NON TITO,,,JAWA TIMUR,0.875,ORANGE,1032648028,AREA 3,JATIM,MALANG,TULUNGAGUNG,,,0,0,0,JAWA TIMUR,TULUNGAGUNG,KARANGREJO,SUKOWIYONO,TULUNG AGUNG
2202793691,,ODP-TUL-FAF/06,-8.029458,111.908885,,,2,14,0,0,16,REGIONAL 5,KEDIRI,TULUNG AGUNG,TUL,,,2024-03-16 23:28:58,2018-02-01,2018,2,NON TITO,,,JAWA TIMUR,0.875,ORANGE,305194015,AREA 3,JATIM,MALANG,TULUNGAGUNG,,,0,0,0,JAWA TIMUR,TULUNGAGUNG,KARANGREJO,SUKOWIYONO,TULUNG AGUNG
2124418904,,ODP-TUL-FC/18,-8.048361,111.922528,,,0,7,1,0,8,REGIONAL 5,KEDIRI,TULUNG AGUNG,TUL,,,2024-03-16 23:27:42,2018-01-10,2018,1,NON TITO,,,JAWA TIMUR,0.875,ORANGE,267987368,AREA 3,JATIM,MALANG,TULUNGAGUNG,,,0,0,0,JAWA TIMUR,TULUNGAGUNG,KEDUNGWARU,REJOAGUNG,TULUNG AGUNG
3220094088,,ODP-CAT-FA/41,-8.159029,111.871605,,,0,7,1,0,8,REGIONAL 5,KEDIRI,TULUNG AGUNG,CAT,,,2024-03-16 23:24:21,2018-12-28,2018,12,NON TITO,,,JAWA TIMUR,0.875,ORANGE,408323657,AREA 3,JATIM,MALANG,TULUNGAGUNG,,,0,0,0,JAWA TIMUR,TULUNGAGUNG,CAMPUR DARAT,PELEM,TULUNG AGUNG
2202793677,,ODP-TUL-FAF/55,-8.061458,111.893017,,,1,7,0,0,8,REGIONAL 5,KEDIRI,TULUNG AGUNG,TUL,,,2024-03-16 23:28:58,2018-02-01,2018,2,NON TITO,,,JAWA TIMUR,0.875,ORANGE,305193996,AREA 3,JATIM,MALANG,TULUNGAGUNG,,,0,0,0,JAWA TIMUR,TULUNGAGUNG,TULUNGAGUNG,PANGGUNGREJO,TULUNG AGUNG
3750719416,,ODP-TUL-FAL/60,-8.076312,111.906365,,,2,14,0,0,16,REGIONAL 5,KEDIRI,TULUNG AGUNG,TUL,,,2024-03-16 23:23:33,2019-08-06,2019,8,NON TITO,,,JAWA TIMUR,0.875,ORANGE,642774305,AREA 3,JATIM,MALANG,TULUNGAGUNG,,,0,0,0,JAWA TIMUR,TULUNGAGUNG,BOYOLANGU,SERUT,TULUNG AGUNG
2124419635,,ODP-TUL-FC/26,-8.046043,111.912722,,,1,14,1,0,16,REGIONAL 5,KEDIRI,TULUNG AGUNG,TUL,,,2024-03-16 23:28:06,2018-01-10,2018,1,NON TITO,,,JAWA TIMUR,0.875,ORANGE,267987598,AREA 3,JATIM,MALANG,TULUNGAGUNG,,,0,0,0,JAWA TIMUR,TULUNGAGUNG,KEDUNGWARU,REJOAGUNG,TULUNG AGUNG
3750719258,,ODP-TUL-FAL/58,-8.07638,111.91119,,,1,7,0,0,8,REGIONAL 5,KEDIRI,TULUNG AGUNG,TUL,,,2024-03-16 23:24:14,2019-08-06,2019,8,NON TITO,,,JAWA TIMUR,0.875,ORANGE,642774248,AREA 3,JATIM,MALANG,TULUNGAGUNG,,,0,0,0,JAWA TIMUR,TULUNGAGUNG,BOYOLANGU,SERUT,TULUNG AGUNG
5921368570,,ODP-NGU-FE/48,-8.127201,112.058944,,,1,7,0,0,8,REGIONAL 5,KEDIRI,TULUNG AGUNG,NGU,,,2024-03-16 23:26:51,2021-01-22,2021,1,NON TITO,,,JAWA TIMUR,0.875,ORANGE,860320235,AREA 3,JATIM,MALANG,TULUNGAGUNG,,,0,0,0,JAWA TIMUR,TULUNGAGUNG,REJOTANGAN,ARIYOJEDING,TULUNG AGUNG
2819968785,,ODP-TUL-FAL/21,-8.078781,111.901703,,,1,7,0,0,8,REGIONAL 5,KEDIRI,TULUNG AGUNG,TUL,,,2024-03-16 23:25:30,2018-08-16,2018,8,NON TITO,,,JAWA TIMUR,0.875,ORANGE,389508647,AREA 3,JATIM,MALANG,TULUNGAGUNG,,,0,0,0,JAWA TIMUR,TULUNGAGUNG,TULUNGAGUNG,TAMANAN,TULUNG AGUNG
3220094926,,ODP-CAT-FA/38,-8.155893,111.876191,,,1,7,0,0,8,REGIONAL 5,KEDIRI,TULUNG AGUNG,CAT,,,2024-03-16 23:26:17,2018-12-28,2018,12,NON TITO,,,JAWA TIMUR,0.875,ORANGE,408324069,AREA 3,JATIM,MALANG,TULUNGAGUNG,,,0,0,0,JAWA TIMUR,TULUNGAGUNG,CAMPUR DARAT,PELEM,TULUNG AGUNG
3206675441,,ODP-TRE-FM/22,-8.077783,111.70122,,,1,7,0,0,8,REGIONAL 5,KEDIRI,TULUNG AGUNG,TRE,,,2024-03-16 23:27:41,2018-12-30,2018,12,NON TITO,,,JAWA TIMUR,0.875,ORANGE,408330107,AREA 3,JATIM,MADIUN,PONOROGO,,,0,0,0,JAWA TIMUR,TRENGGALEK,TRENGGALEK,KARANGSOKO,TULUNG AGUNG
5921368590,,ODP-NGU-FE/46,-8.121782,112.058735,,,1,7,0,0,8,REGIONAL 5,KEDIRI,TULUNG AGUNG,NGU,,,2024-03-16 23:25:53,2021-01-22,2021,1,NON TITO,,,JAWA TIMUR,0.875,ORANGE,860320248,AREA 3,JATIM,MALANG,TULUNGAGUNG,,,0,0,0,JAWA TIMUR,TULUNGAGUNG,REJOTANGAN,ARIYOJEDING,TULUNG AGUNG
3206675450,,ODP-TRE-FM/24,-8.07699,111.704081,,,1,7,0,0,8,REGIONAL 5,KEDIRI,TULUNG AGUNG,TRE,,,2024-03-16 23:27:40,2018-12-30,2018,12,NON TITO,,,JAWA TIMUR,0.875,ORANGE,408330113,AREA 3,JATIM,MADIUN,PONOROGO,,,0,0,0,JAWA TIMUR,TRENGGALEK,TRENGGALEK,KARANGSOKO,TULUNG AGUNG
3749969039,,ODP-TUL-FQ/66,-8.059943,111.904679,,,1,7,0,0,8,REGIONAL 5,KEDIRI,TULUNG AGUNG,TUL,,,2024-03-16 23:24:35,2019-07-31,2019,7,NON TITO,,,JAWA TIMUR,0.875,ORANGE,642617750,AREA 3,JATIM,MALANG,TULUNGAGUNG,,,0,0,0,JAWA TIMUR,TULUNGAGUNG,TULUNGAGUNG,KAMPUNGDALEM,TULUNG AGUNG
3206598369,,ODP-CAT-FD/59,-8.172283,111.786986,,,1,7,0,0,8,REGIONAL 5,KEDIRI,TULUNG AGUNG,CAT,,,2024-03-16 23:24:52,2018-12-28,2018,12,NON TITO,,,JAWA TIMUR,0.875,ORANGE,408391759,AREA 3,JATIM,MALANG,TULUNGAGUNG,,,0,0,0,JAWA TIMUR,TULUNGAGUNG,BANDUNG,BANDUNG,TULUNG AGUNG
8619644329,,ODP-TUL-FAP/18,-8.004892,111.931638,,,1,7,0,0,8,REGIONAL 5,KEDIRI,TULUNG AGUNG,TUL,,,2024-03-16 23:23:03,2022-04-07,2022,4,NON TITO,,,JAWA TIMUR,0.875,ORANGE,1174485093,AREA 3,JATIM,MALANG,TULUNGAGUNG,,,0,0,0,JAWA TIMUR,TULUNGAGUNG,NGANTRU,NGANTRU,TULUNG AGUNG
130588194,,ODP-TUL-FD/19,-8.0601,111.9042,,,1,14,0,0,16,REGIONAL 5,KEDIRI,TULUNG AGUNG,TUL,,,2024-03-16 23:26:10,2016-02-27,2016,2,NON TITO,,,JAWA TIMUR,0.875,ORANGE,7825222,AREA 3,JATIM,MALANG,TULUNGAGUNG,,,0,0,0,JAWA TIMUR,TULUNGAGUNG,TULUNGAGUNG,KAMPUNGDALEM,TULUNG AGUNG
1970371871,,ODP-TUL-FAE/09,-8.011879,111.916981,,,1,7,0,0,8,REGIONAL 5,KEDIRI,TULUNG AGUNG,TUL,,,2024-03-16 23:28:36,2017-11-10,2017,11,NON TITO,,,JAWA TIMUR,0.875,ORANGE,255424177,AREA 3,JATIM,MALANG,TULUNGAGUNG,,,0,0,0,JAWA TIMUR,TULUNGAGUNG,KEDUNGWARU,NGUJANG,TULUNG AGUNG
1339253314,,ODP-TUL-FN/24,-8.084142,111.87589,,,2,14,0,0,16,REGIONAL 5,KEDIRI,TULUNG AGUNG,TUL,,,2024-03-16 23:25:32,2017-03-31,2017,3,NON TITO,,,JAWA TIMUR,0.875,ORANGE,81682406,AREA 3,JATIM,MALANG,TULUNGAGUNG,,,0,0,0,JAWA TIMUR,TULUNGAGUNG,TULUNGAGUNG,KEDUNGSOKO,TULUNG AGUNG
8645820124,,ODP-TRE-FY/32,-8.128855,111.703607,,,1,7,0,0,8,REGIONAL 5,KEDIRI,TULUNG AGUNG,TRE,,,2024-03-16 23:25:29,2022-04-12,2022,4,NON TITO,,,JAWA TIMUR,0.875,ORANGE,1175926140,AREA 3,JATIM,MADIUN,PONOROGO,,,0,0,0,JAWA TIMUR,TRENGGALEK,GANDUSARI,GANDUSARI,TULUNG AGUNG
146544093,,ODP-TUL-FU/08,-8.1181,111.8945,,,1,15,0,0,16,REGIONAL 5,KEDIRI,TULUNG AGUNG,TUL,,,2024-03-16 23:28:06,2016-03-08,2016,3,NON TITO,,,JAWA TIMUR,0.9375,ORANGE,8178676,AREA 3,JATIM,MALANG,TULUNGAGUNG,,,0,0,0,JAWA TIMUR,TULUNGAGUNG,BOYOLANGU,BOYOLANGU,TULUNG AGUNG
146544061,,ODP-TUL-FU/04,-8.1191,111.8879,,,1,7,0,0,8,REGIONAL 5,KEDIRI,TULUNG AGUNG,TUL,,,2024-03-16 23:27:58,2016-03-08,2016,3,NON TITO,,,JAWA TIMUR,0.875,ORANGE,8178646,AREA 3,JATIM,MALANG,TULUNGAGUNG,,,0,0,0,JAWA TIMUR,TULUNGAGUNG,BOYOLANGU,BOYOLANGU,TULUNG AGUNG
8645820049,,ODP-TRE-FY/23,-8.118795,111.73071,,,1,7,0,0,8,REGIONAL 5,KEDIRI,TULUNG AGUNG,TRE,,,2024-03-16 23:24:44,2022-04-12,2022,4,NON TITO,,,JAWA TIMUR,0.875,ORANGE,1175926075,AREA 3,JATIM,MADIUN,PONOROGO,,,0,0,0,JAWA TIMUR,TRENGGALEK,GANDUSARI,KARANGANYAR,TULUNG AGUNG
12185369579,,ODP-TUL-FAZ/43,-8.058899,111.900785,,,2,14,0,0,16,REGIONAL 5,KEDIRI,TULUNG AGUNG,TUL,,,2025-06-03 17:44:40,2025-06-02,2025,6,NON TITO,,,JAWA TIMUR,0.875,ORANGE,1499296823,AREA 3,JATIM,MALANG,TULUNGAGUNG,,,0,0,0,JAWA TIMUR,TULUNGAGUNG,TULUNGAGUNG,BOTORAN,TULUNG AGUNG
12185369584,,ODP-TUL-FAZ/35,-8.054626,111.899064,,,1,7,0,0,8,REGIONAL 5,KEDIRI,TULUNG AGUNG,TUL,,,2025-06-03 17:45:21,2025-06-02,2025,6,NON TITO,,,JAWA TIMUR,0.875,ORANGE,1499296829,AREA 3,JATIM,MALANG,TULUNGAGUNG,,,0,0,0,JAWA TIMUR,TULUNGAGUNG,KEDUNGWARU,MANGUNSARI,TULUNG AGUNG
8621221825,,ODP-TUL-FAN/01,-8.027629,111.919395,,,1,7,0,0,8,REGIONAL 5,KEDIRI,TULUNG AGUNG,TUL,,,2023-08-30 18:09:45,2022-04-06,2022,4,NON TITO,,,JAWA TIMUR,0.875,ORANGE,1170960409,AREA 3,JATIM,MALANG,TULUNGAGUNG,,,0,0,0,JAWA TIMUR,TULUNGAGUNG,KEDUNGWARU,NGUJANG,TULUNG AGUNG
8645819984,,ODP-TRE-FY/57,-8.129166,111.695716,,,1,7,0,0,8,REGIONAL 5,KEDIRI,TULUNG AGUNG,TRE,,,2024-03-16 23:25:45,2022-04-12,2022,4,NON TITO,,,JAWA TIMUR,0.875,ORANGE,1175926010,AREA 3,JATIM,MADIUN,PONOROGO,,,0,0,0,JAWA TIMUR,TRENGGALEK,GANDUSARI,SUKOREJO,TULUNG AGUNG
1339253659,,ODP-TUL-FN/23,-8.082516,111.87397,,,3,13,0,0,16,REGIONAL 5,KEDIRI,TULUNG AGUNG,TUL,,,2024-03-16 23:25:45,2017-03-31,2017,3,NON TITO,,,JAWA TIMUR,0.8125,ORANGE,81682596,AREA 3,JATIM,MALANG,TULUNGAGUNG,,,0,0,0,JAWA TIMUR,TULUNGAGUNG,TULUNGAGUNG,KEDUNGSOKO,TULUNG AGUNG
12185369594,,ODP-TUL-FAZ/41,-8.060254,111.902313,,,2,14,0,0,16,REGIONAL 5,KEDIRI,TULUNG AGUNG,TUL,,,2025-06-03 17:44:22,2025-06-02,2025,6,NON TITO,,,JAWA TIMUR,0.875,ORANGE,1499296836,AREA 3,JATIM,MALANG,TULUNGAGUNG,,,0,0,0,JAWA TIMUR,TULUNGAGUNG,TULUNGAGUNG,KAMPUNGDALEM,TULUNG AGUNG
8644544402,,ODP-DRN-FA/69,-8.120114,111.79503,,,3,13,0,0,16,REGIONAL 5,KEDIRI,TULUNG AGUNG,DRN,,,2024-03-16 23:26:08,2022-04-11,2022,4,NON TITO,,,JAWA TIMUR,0.8125,ORANGE,1175920405,AREA 3,JATIM,MADIUN,PONOROGO,,,0,0,0,JAWA TIMUR,TRENGGALEK,DURENAN,KENDALREJO,TULUNG AGUNG
145118761,,ODP-TUL-FS/08,-8.0467,111.869,,,1,15,0,0,16,REGIONAL 5,KEDIRI,TULUNG AGUNG,TUL,,,2024-03-16 23:23:56,2016-03-08,2016,3,NON TITO,,,JAWA TIMUR,0.9375,ORANGE,8178075,AREA 3,JATIM,MALANG,TULUNGAGUNG,,,0,0,0,JAWA TIMUR,TULUNGAGUNG,KAUMAN,MOJOSARI,TULUNG AGUNG
784468592,,ODP-TRE-FL/05,-8.087261,111.658931,,,1,7,0,0,8,REGIONAL 5,KEDIRI,TULUNG AGUNG,TRE,,,2024-03-16 23:29:18,2016-08-03,2016,8,NON TITO,,,JAWA TIMUR,0.875,ORANGE,34239672,AREA 3,JATIM,MADIUN,PONOROGO,,,0,0,0,JAWA TIMUR,TRENGGALEK,KARANGAN,KARANGAN,TULUNG AGUNG
784468600,,ODP-TRE-FL/06,-8.086619,111.660436,,,1,7,0,0,8,REGIONAL 5,KEDIRI,TULUNG AGUNG,TRE,,,2024-03-16 23:28:33,2016-08-03,2016,8,NON TITO,,,JAWA TIMUR,0.875,ORANGE,34239736,AREA 3,JATIM,MADIUN,PONOROGO,,,0,0,0,JAWA TIMUR,TRENGGALEK,KARANGAN,KARANGAN,TULUNG AGUNG
8648968769,,ODP-TUL-FAC/46,-8.073736,111.84941,,,1,7,0,0,8,REGIONAL 5,KEDIRI,TULUNG AGUNG,TUL,,,2024-03-16 23:26:49,2022-04-11,2022,4,NON TITO,,,JAWA TIMUR,0.875,ORANGE,1175917818,AREA 3,JATIM,MALANG,TULUNGAGUNG,,,0,0,0,JAWA TIMUR,TULUNGAGUNG,GONDANG,GONDANG,TULUNG AGUNG
8645820034,,ODP-TRE-FY/41,-8.118951,111.699745,,,1,7,0,0,8,REGIONAL 5,KEDIRI,TULUNG AGUNG,TRE,,,2023-08-30 18:09:01,2022-04-12,2022,4,NON TITO,,,JAWA TIMUR,0.875,ORANGE,1175926061,AREA 3,JATIM,MADIUN,PONOROGO,,,0,0,0,JAWA TIMUR,TRENGGALEK,GANDUSARI,GANDUSARI,TULUNG AGUNG
8645820094,,ODP-TRE-FY/58,-8.130505,111.696976,,,1,7,0,0,8,REGIONAL 5,KEDIRI,TULUNG AGUNG,TRE,,,2023-08-30 17:58:54,2022-04-12,2022,4,NON TITO,,,JAWA TIMUR,0.875,ORANGE,1175926118,AREA 3,JATIM,MADIUN,PONOROGO,,,0,0,0,JAWA TIMUR,TRENGGALEK,GANDUSARI,SUKOREJO,TULUNG AGUNG
12185369629,,ODP-TUL-FAZ/36,-8.055578,111.899466,,,1,15,0,0,16,REGIONAL 5,KEDIRI,TULUNG AGUNG,TUL,,,2025-06-03 17:45:07,2025-06-02,2025,6,NON TITO,,,JAWA TIMUR,0.9375,ORANGE,1499296861,AREA 3,JATIM,MALANG,TULUNGAGUNG,,,0,0,0,JAWA TIMUR,TULUNGAGUNG,KEDUNGWARU,MANGUNSARI,TULUNG AGUNG
2036220960,,ODP-TUL-FW/21,-8.045029,111.900406,,,1,15,0,0,16,REGIONAL 5,KEDIRI,TULUNG AGUNG,TUL,,,2024-03-16 23:26:11,2017-12-12,2017,12,NON TITO,,,JAWA TIMUR,0.9375,ORANGE,256071241,AREA 3,JATIM,MALANG,TULUNGAGUNG,,,0,0,0,JAWA TIMUR,TULUNGAGUNG,KEDUNGWARU,WINONG,TULUNG AGUNG
1356649455,,ODP-TUL-FAD/05,-8.065547,111.850338,,,3,13,0,0,16,REGIONAL 5,KEDIRI,TULUNG AGUNG,TUL,,,2024-03-16 23:27:14,2017-04-12,2017,4,NON TITO,,,JAWA TIMUR,0.8125,ORANGE,81217999,AREA 3,JATIM,MALANG,TULUNGAGUNG,,,0,0,0,JAWA TIMUR,TULUNGAGUNG,GONDANG,NGRENDENG,TULUNG AGUNG
8644544432,,ODP-DRN-FA/73,-8.122003,111.798942,,,0,7,0,0,8,REGIONAL 5,KEDIRI,TULUNG AGUNG,DRN,,,2024-03-16 23:25:28,2022-04-11,2022,4,NON TITO,,,JAWA TIMUR,0.875,ORANGE,1175920423,AREA 3,JATIM,MADIUN,PONOROGO,,,0,0,0,JAWA TIMUR,TRENGGALEK,DURENAN,NGADISUKO,TULUNG AGUNG
8621224407,,ODP-CAT-FB/50,-8.203563,111.825451,,,1,7,0,0,8,REGIONAL 5,KEDIRI,TULUNG AGUNG,CAT,,,2024-03-16 23:25:04,2022-04-08,2022,4,NON TITO,,,JAWA TIMUR,0.875,ORANGE,1175851058,AREA 3,JATIM,MALANG,TULUNGAGUNG,,,0,0,0,JAWA TIMUR,TULUNGAGUNG,CAMPUR DARAT,SAWO,TULUNG AGUNG
11572918631,,ODP-TUL-FB/56,-8.077657,111.916328,,,1,7,0,0,8,REGIONAL 5,KEDIRI,TULUNG AGUNG,TUL,,,2024-06-11 17:31:52,2024-06-11,2024,6,NON TITO,,,JAWA TIMUR,0.875,ORANGE,1441986746,AREA 3,JATIM,MALANG,TULUNGAGUNG,,,0,0,0,JAWA TIMUR,TULUNGAGUNG,KEDUNGWARU,PLOSOKANDANG,TULUNG AGUNG
1345782036,,ODP-CAT-FG/02,-8.114749,111.860062,,,1,7,0,0,8,REGIONAL 5,KEDIRI,TULUNG AGUNG,CAT,,,2024-03-16 23:28:08,2017-04-06,2017,4,NON TITO,,,JAWA TIMUR,0.875,ORANGE,81702441,AREA 3,JATIM,MALANG,TULUNGAGUNG,,,0,0,0,JAWA TIMUR,TULUNGAGUNG,PAKEL,GEMPOLAN,TULUNG AGUNG
10894094052,,ODP-TUL-FAZ/25,-8.028656,111.914889,,,1,7,0,0,8,REGIONAL 5,KEDIRI,TULUNG AGUNG,TUL,,,2024-03-16 23:22:40,2023-11-10,2023,11,NON TITO,,,JAWA TIMUR,0.875,ORANGE,1333303637,AREA 3,JATIM,MALANG,TULUNGAGUNG,,,0,0,0,JAWA TIMUR,TULUNGAGUNG,KEDUNGWARU,NGUJANG,TULUNG AGUNG
8707770096,,ODP-NGU-FL/12,-8.104237,111.951918,,,1,7,0,0,8,REGIONAL 5,KEDIRI,TULUNG AGUNG,NGU,,,2024-03-16 23:22:29,2022-04-29,2022,4,NON TITO,,,JAWA TIMUR,0.875,ORANGE,1179063055,AREA 3,JATIM,MALANG,TULUNGAGUNG,,,0,0,0,JAWA TIMUR,TULUNGAGUNG,SUMBERGEMPOL,TAMBAKREJO,TULUNG AGUNG
1356650241,,ODP-TUL-FAD/01,-8.070958,111.848096,,,2,14,0,0,16,REGIONAL 5,KEDIRI,TULUNG AGUNG,TUL,,,2024-03-16 23:27:15,2017-04-12,2017,4,NON TITO,,,JAWA TIMUR,0.875,ORANGE,81726565,AREA 3,JATIM,MALANG,TULUNGAGUNG,,,0,0,0,JAWA TIMUR,TULUNGAGUNG,GONDANG,NGRENDENG,TULUNG AGUNG
1706144412,,ODP-TUL-FAE/06,-8.005095,111.907833,,,1,7,0,0,8,REGIONAL 5,KEDIRI,TULUNG AGUNG,TUL,,,2024-03-16 23:26:49,2017-08-22,2017,8,NON TITO,,,JAWA TIMUR,0.875,ORANGE,187387802,AREA 3,JATIM,MALANG,TULUNGAGUNG,,,0,0,0,JAWA TIMUR,TULUNGAGUNG,KARANGREJO,SEMBON,TULUNG AGUNG
8702819645,,ODP-NGU-FK/23,-8.102539,112.010858,,,1,7,0,0,8,REGIONAL 5,KEDIRI,TULUNG AGUNG,NGU,,,2024-03-16 23:29:20,2022-04-26,2022,4,NON TITO,,,JAWA TIMUR,0.875,ORANGE,1178462325,AREA 3,JATIM,MALANG,TULUNGAGUNG,,,0,0,0,JAWA TIMUR,TULUNGAGUNG,NGUNUT,NGUNUT,TULUNG AGUNG
8592118831,,ODP-TUL-FAX/01,-8.081369,111.879573,,,1,7,0,0,8,REGIONAL 5,KEDIRI,TULUNG AGUNG,TUL,,,2023-08-30 18:10:09,2022-03-30,2022,3,NON TITO,,,JAWA TIMUR,0.875,ORANGE,1169694021,AREA 3,JATIM,MALANG,TULUNGAGUNG,,,0,0,0,JAWA TIMUR,TULUNGAGUNG,BOYOLANGU,WAUNG,TULUNG AGUNG
8702819615,,ODP-NGU-FK/20,-8.103197,112.018549,,,1,7,0,0,8,REGIONAL 5,KEDIRI,TULUNG AGUNG,NGU,,,2024-03-16 23:29:16,2022-04-26,2022,4,NON TITO,,,JAWA TIMUR,0.875,ORANGE,1178462295,AREA 3,JATIM,MALANG,TULUNGAGUNG,,,0,0,0,JAWA TIMUR,TULUNGAGUNG,NGUNUT,KALIWUNGU,TULUNG AGUNG
781843880,,ODP-NGU-FA/50,-8.104549,112.015654,,,1,7,0,0,8,REGIONAL 5,KEDIRI,TULUNG AGUNG,NGU,,,2024-03-16 23:28:23,2016-08-03,2016,8,NON TITO,,,JAWA TIMUR,0.875,ORANGE,34238800,AREA 3,JATIM,MALANG,TULUNGAGUNG,,,0,0,0,JAWA TIMUR,TULUNGAGUNG,NGUNUT,KALIWUNGU,TULUNG AGUNG
1840319819,,ODP-TUL-FU/25,-8.135356,111.881687,,,1,7,0,0,8,REGIONAL 5,KEDIRI,TULUNG AGUNG,TUL,,,2024-03-16 23:27:10,2017-09-19,2017,9,NON TITO,,,JAWA TIMUR,0.875,ORANGE,194041184,AREA 3,JATIM,MALANG,TULUNGAGUNG,,,0,0,0,JAWA TIMUR,TULUNGAGUNG,CAMPURDARAT,TANGGUNG,TULUNG AGUNG
12178318608,,ODP-NGU-FK/33,-8.100098,112.014874,,,2,14,0,0,16,REGIONAL 5,KEDIRI,TULUNG AGUNG,NGU,,,2025-05-15 17:51:06,2025-05-14,2025,5,NON TITO,,,JAWA TIMUR,0.875,ORANGE,1498097481,AREA 3,JATIM,MALANG,TULUNGAGUNG,,,0,0,0,JAWA TIMUR,TULUNGAGUNG,NGUNUT,KALIWUNGU,TULUNG AGUNG
8673868716,,ODP-TUL-FAM/24,-8.037438,111.87637,,,1,7,0,0,8,REGIONAL 5,KEDIRI,TULUNG AGUNG,TUL,,,2024-03-16 23:28:37,2022-04-18,2022,4,NON TITO,,,JAWA TIMUR,0.875,ORANGE,1177485123,AREA 3,JATIM,MALANG,TULUNGAGUNG,,,0,0,0,JAWA TIMUR,TULUNGAGUNG,KAUMAN,JATIMULYO,TULUNG AGUNG
8704918923,,ODP-DRN-FB/66,-8.104209,111.803159,,,1,7,0,0,8,REGIONAL 5,KEDIRI,TULUNG AGUNG,DRN,,,2024-03-16 23:22:35,2022-04-25,2022,4,NON TITO,,,JAWA TIMUR,0.875,ORANGE,1178311347,AREA 3,JATIM,MADIUN,PONOROGO,,,0,0,0,JAWA TIMUR,TRENGGALEK,DURENAN,PAKIS,TULUNG AGUNG
1551658941,,ODP-TRE-FB/25,-8.061317,111.710669,,,3,13,0,0,16,REGIONAL 5,KEDIRI,TULUNG AGUNG,TRE,,,2023-08-30 17:59:20,2017-06-22,2017,6,NON TITO,,,JAWA TIMUR,0.8125,ORANGE,173573456,AREA 3,JATIM,MADIUN,PONOROGO,,,0,0,0,JAWA TIMUR,TRENGGALEK,TRENGGALEK,NGANTRU,TULUNG AGUNG
8613193711,,ODP-TUL-FG/76,-8.075679,111.916003,,,1,7,0,0,8,REGIONAL 5,KEDIRI,TULUNG AGUNG,TUL,,,2023-08-30 18:03:53,2022-04-01,2022,4,NON TITO,,,JAWA TIMUR,0.875,ORANGE,1169717224,AREA 3,JATIM,MALANG,TULUNGAGUNG,,,0,0,0,JAWA TIMUR,TULUNGAGUNG,KEDUNGWARU,PLOSOKANDANG,TULUNG AGUNG
11391718601,,ODP-TUL-FQ/93,-8.065372,111.906456,,,1,7,0,0,8,REGIONAL 5,KEDIRI,TULUNG AGUNG,TUL,,,2024-03-16 23:21:38,2024-03-13,2024,3,NON TITO,,,JAWA TIMUR,0.875,ORANGE,1417849227,AREA 3,JATIM,MALANG,TULUNGAGUNG,,,0,0,0,JAWA TIMUR,TULUNGAGUNG,TULUNGAGUNG,BAGO,TULUNG AGUNG
1487824424,,ODP-PRI-FA/12,-8.234325,111.709428,,,1,7,0,0,8,REGIONAL 5,KEDIRI,TULUNG AGUNG,PRI,,,2023-08-30 18:01:13,2017-05-24,2017,5,NON TITO,,,JAWA TIMUR,0.875,ORANGE,129990771,AREA 3,JATIM,MADIUN,PONOROGO,,,0,0,0,JAWA TIMUR,TRENGGALEK,WATULIMO,GEMAHARJO,TULUNG AGUNG
1486696380,,ODP-PRI-FB/75,-8.270837,111.714162,,,1,7,0,0,8,REGIONAL 5,KEDIRI,TULUNG AGUNG,PRI,,,2023-08-30 18:01:25,2017-05-23,2017,5,NON TITO,,,JAWA TIMUR,0.875,ORANGE,129919569,AREA 3,JATIM,MADIUN,PONOROGO,,,0,0,0,JAWA TIMUR,TRENGGALEK,WATULIMO,PRIGI,TULUNG AGUNG
416697246,,ODP-TUL-FP/01,-8.057465,111.893265,,,1,7,0,0,8,REGIONAL 5,KEDIRI,TULUNG AGUNG,TUL,,,2024-03-16 23:29:14,2016-05-17,2016,5,NON TITO,,,JAWA TIMUR,0.875,ORANGE,26305048,AREA 3,JATIM,MALANG,TULUNGAGUNG,,,0,0,0,JAWA TIMUR,TULUNGAGUNG,TULUNGAGUNG,BOTORAN,TULUNG AGUNG
11524393984,,ODP-TRE-FJ/21,-8.043765,111.656244,,,1,7,0,0,8,REGIONAL 5,KEDIRI,TULUNG AGUNG,TRE,,,2024-05-16 18:04:40,2024-05-15,2024,5,NON TITO,,,JAWA TIMUR,0.875,ORANGE,1430739603,AREA 3,JATIM,MADIUN,PONOROGO,,,0,0,0,JAWA TIMUR,TRENGGALEK,TUGU,GONDANG,TULUNG AGUNG
780118974,,ODP-TUL-FV/20,-8.070488,111.894776,,,1,7,0,0,8,REGIONAL 5,KEDIRI,TULUNG AGUNG,TUL,,,2024-03-16 23:23:21,2016-08-03,2016,8,NON TITO,,,JAWA TIMUR,0.875,ORANGE,34239238,AREA 3,JATIM,MALANG,TULUNGAGUNG,,,0,0,0,JAWA TIMUR,TULUNGAGUNG,TULUNGAGUNG,TERTEK,TULUNG AGUNG
8687219392,,ODP-TUL-FY/48,-8.061733,111.92696,,,1,7,0,0,8,REGIONAL 5,KEDIRI,TULUNG AGUNG,TUL,,,2024-03-16 23:26:31,2022-04-21,2022,4,NON TITO,,,JAWA TIMUR,0.875,ORANGE,1177722349,AREA 3,JATIM,MALANG,TULUNGAGUNG,,,0,0,0,JAWA TIMUR,TULUNGAGUNG,KEDUNGWARU,TUNGGULSARI,TULUNG AGUNG
8620844771,,ODP-TRE-FZ/38,-8.057027,111.704072,,,1,7,0,0,8,REGIONAL 5,KEDIRI,TULUNG AGUNG,TRE,,,2023-08-30 18:10:25,2022-04-05,2022,4,NON TITO,,,JAWA TIMUR,0.875,ORANGE,1170376753,AREA 3,JATIM,MADIUN,PONOROGO,,,0,0,0,JAWA TIMUR,TRENGGALEK,TRENGGALEK,TAMANAN,TULUNG AGUNG
1004219058,,ODP-CAT-FF/16,-8.16676,111.82372,,,1,7,0,0,8,REGIONAL 5,KEDIRI,TULUNG AGUNG,CAT,,,2024-03-16 23:22:49,2016-10-24,2016,10,NON TITO,,,JAWA TIMUR,0.875,ORANGE,36820224,AREA 3,JATIM,MALANG,TULUNGAGUNG,,,0,0,0,JAWA TIMUR,TULUNGAGUNG,PAKEL,SODO,TULUNG AGUNG
1601443627,,ODP-NGU-FB/05,-8.121745,112.077136,,,1,7,0,0,8,REGIONAL 5,KEDIRI,TULUNG AGUNG,NGU,,,2024-03-16 23:25:38,2017-07-14,2017,7,NON TITO,,,JAWA TIMUR,0.875,ORANGE,179509063,AREA 3,JATIM,MALANG,TULUNGAGUNG,,,0,0,0,JAWA TIMUR,TULUNGAGUNG,REJOTANGAN,REJOTANGAN,TULUNG AGUNG
1345783223,,ODP-CAT-FG/08,-8.126449,111.865514,,,1,7,0,0,8,REGIONAL 5,KEDIRI,TULUNG AGUNG,CAT,,,2024-03-16 23:28:37,2017-04-06,2017,4,NON TITO,,,JAWA TIMUR,0.875,ORANGE,81191611,AREA 3,JATIM,MALANG,TULUNGAGUNG,,,0,0,0,JAWA TIMUR,TULUNGAGUNG,PAKEL,GESIKAN,TULUNG AGUNG
9090868907,,ODP-TRE-FQ/46,-8.2243,111.526312,,,1,7,0,0,8,REGIONAL 5,KEDIRI,TULUNG AGUNG,TRE,,,2023-08-30 18:07:18,2022-08-08,2022,8,NON TITO,,,JAWA TIMUR,0.875,ORANGE,1206153412,AREA 3,JATIM,MADIUN,PONOROGO,,,0,0,0,JAWA TIMUR,TRENGGALEK,DONGKO,CAKUL,TULUNG AGUNG
11682493940,,ODP-TRE-FAA/02,-8.116539,111.563584,,,1,7,0,0,8,REGIONAL 5,KEDIRI,TULUNG AGUNG,TRE,,,2024-08-24 17:23:08,2024-08-23,2024,8,NON TITO,,,JAWA TIMUR,0.875,ORANGE,1457375806,AREA 3,JATIM,MADIUN,PONOROGO,,,0,0,0,JAWA TIMUR,TRENGGALEK,PULE,PULE,TULUNG AGUNG
8619644304,,ODP-TUL-FAP/15,-8.002631,111.936852,,,1,7,0,0,8,REGIONAL 5,KEDIRI,TULUNG AGUNG,TUL,,,2024-03-16 23:21:06,2022-04-07,2022,4,NON TITO,,,JAWA TIMUR,0.875,ORANGE,1174485078,AREA 3,JATIM,MALANG,TULUNGAGUNG,,,0,0,0,JAWA TIMUR,TULUNGAGUNG,NGANTRU,PULEREJO,TULUNG AGUNG
2074319318,,ODP-TUL-FAC/11,-8.092382,111.836723,,,1,7,0,0,8,REGIONAL 5,KEDIRI,TULUNG AGUNG,TUL,,,2024-03-16 23:29:09,2017-12-20,2017,12,NON TITO,,,JAWA TIMUR,0.875,ORANGE,256175907,AREA 3,JATIM,MALANG,TULUNGAGUNG,,,0,0,0,JAWA TIMUR,TRENGGALEK,DURENAN,BARUHARJO,TULUNG AGUNG
8621221843,,ODP-TUL-FAN/10,-8.049192,111.909036,,,1,7,0,0,8,REGIONAL 5,KEDIRI,TULUNG AGUNG,TUL,,,2024-03-16 23:24:39,2022-04-06,2022,4,NON TITO,,,JAWA TIMUR,0.875,ORANGE,1170960421,AREA 3,JATIM,MALANG,TULUNGAGUNG,,,0,0,0,JAWA TIMUR,TULUNGAGUNG,KEDUNGWARU,REJOAGUNG,TULUNG AGUNG
130561481,,ODP-TUL-FB/06,-8.0776,111.9157,,,1,15,0,0,16,REGIONAL 5,KEDIRI,TULUNG AGUNG,TUL,,,2024-03-16 23:27:06,2016-02-27,2016,2,NON TITO,,,JAWA TIMUR,0.9375,ORANGE,7800361,AREA 3,JATIM,MALANG,TULUNGAGUNG,,,0,0,0,JAWA TIMUR,TULUNGAGUNG,KEDUNGWARU,PLOSOKANDANG,TULUNG AGUNG
130663962,,ODP-TUL-FJ/08,-8.056,111.8918,,,1,7,0,0,8,REGIONAL 5,KEDIRI,TULUNG AGUNG,TUL,,,2024-03-16 23:25:29,2016-02-27,2016,2,NON TITO,,,JAWA TIMUR,0.875,ORANGE,7900632,AREA 3,JATIM,MALANG,TULUNGAGUNG,,,0,0,0,JAWA TIMUR,TULUNGAGUNG,TULUNGAGUNG,BOTORAN,TULUNG AGUNG
130663858,,ODP-TUL-FT/13,-8.0554,111.9188,,,1,15,0,0,16,REGIONAL 5,KEDIRI,TULUNG AGUNG,TUL,,,2024-03-16 23:28:36,2016-02-27,2016,2,NON TITO,,,JAWA TIMUR,0.9375,ORANGE,7900557,AREA 3,JATIM,MALANG,TULUNGAGUNG,,,0,0,0,JAWA TIMUR,TULUNGAGUNG,KEDUNGWARU,KEDUNGWARU,TULUNG AGUNG
130561501,,ODP-TUL-FA/07,-8.0351,111.9154,,,3,13,0,0,16,REGIONAL 5,KEDIRI,TULUNG AGUNG,TUL,,,2024-03-16 23:27:41,2016-02-27,2016,2,NON TITO,,,JAWA TIMUR,0.8125,ORANGE,7800376,AREA 3,JATIM,MALANG,TULUNGAGUNG,,,0,0,0,JAWA TIMUR,TULUNGAGUNG,KEDUNGWARU,REJOAGUNG,TULUNG AGUNG
12236219500,,ODP-TUL-FAZ/57,-8.04321,111.907426,,,3,13,0,0,16,REGIONAL 5,KEDIRI,TULUNG AGUNG,TUL,,,2025-07-03 18:09:35,2025-07-02,2025,7,NON TITO,,,JAWA TIMUR,0.8125,ORANGE,1499548889,AREA 3,JATIM,MALANG,TULUNGAGUNG,,,0,0,0,JAWA TIMUR,TULUNGAGUNG,KEDUNGWARU,REJOAGUNG,TULUNG AGUNG
781544397,,ODP-TRE-FL/22,-8.080042,111.660939,,,0,7,1,0,8,REGIONAL 5,KEDIRI,TULUNG AGUNG,TRE,,,2024-03-16 23:26:56,2016-08-03,2016,8,NON TITO,,,JAWA TIMUR,0.875,ORANGE,34093492,AREA 3,JATIM,MADIUN,PONOROGO,,,0,0,0,JAWA TIMUR,TRENGGALEK,KARANGAN,KARANGAN,TULUNG AGUNG
780719190,,ODP-TUL-FT/27,-8.052014,111.9135,,,1,7,0,0,8,REGIONAL 5,KEDIRI,TULUNG AGUNG,TUL,,,2024-03-16 23:24:48,2016-08-03,2016,8,NON TITO,,,JAWA TIMUR,0.875,ORANGE,34241787,AREA 3,JATIM,MALANG,TULUNGAGUNG,,,0,0,0,JAWA TIMUR,TULUNGAGUNG,KEDUNGWARU,KEDUNGWARU,TULUNG AGUNG
2074320888,,ODP-TUL-FAC/17,-8.079244,111.861831,,,1,7,0,0,8,REGIONAL 5,KEDIRI,TULUNG AGUNG,TUL,,,2024-03-16 23:29:16,2017-12-20,2017,12,NON TITO,,,JAWA TIMUR,0.875,ORANGE,256176529,AREA 3,JATIM,MALANG,TULUNGAGUNG,,,0,0,0,JAWA TIMUR,TULUNGAGUNG,GONDANG,REJOSARI,TULUNG AGUNG
130561794,,ODP-TUL-FA/01,-8.0396,111.9186,,,2,13,0,0,16,REGIONAL 5,KEDIRI,TULUNG AGUNG,TUL,,,2024-03-16 23:26:45,2016-02-27,2016,2,NON TITO,,,JAWA TIMUR,0.8125,ORANGE,7800652,AREA 3,JATIM,MALANG,TULUNGAGUNG,,,0,0,0,JAWA TIMUR,TULUNGAGUNG,KEDUNGWARU,REJOAGUNG,TULUNG AGUNG
8620919408,,ODP-TUL-FAZ/23,-8.046057,111.903981,,,1,7,0,0,8,REGIONAL 5,KEDIRI,TULUNG AGUNG,TUL,,,2024-03-16 23:23:00,2022-04-06,2022,4,NON TITO,,,JAWA TIMUR,0.875,ORANGE,1170383510,AREA 3,JATIM,MALANG,TULUNGAGUNG,,,0,0,0,JAWA TIMUR,TULUNGAGUNG,KEDUNGWARU,WINONG,TULUNG AGUNG
8620919398,,ODP-TUL-FAZ/20,-8.048202,111.90191,,,1,7,0,0,8,REGIONAL 5,KEDIRI,TULUNG AGUNG,TUL,,,2024-03-16 23:23:08,2022-04-06,2022,4,NON TITO,,,JAWA TIMUR,0.875,ORANGE,1170383501,AREA 3,JATIM,MALANG,TULUNGAGUNG,,,0,0,0,JAWA TIMUR,TULUNGAGUNG,KEDUNGWARU,TAWANGSARI,TULUNG AGUNG
130663587,,ODP-TUL-FL/03,-8.0615,111.9109,,,1,14,0,0,16,REGIONAL 5,KEDIRI,TULUNG AGUNG,TUL,,,2024-03-16 23:28:29,2016-02-27,2016,2,NON TITO,,,JAWA TIMUR,0.875,ORANGE,7900354,AREA 3,JATIM,MALANG,TULUNGAGUNG,,,0,0,0,JAWA TIMUR,TULUNGAGUNG,KEDUNGWARU,KEDUNGWARU,TULUNG AGUNG
130663556,,ODP-TUL-FA/57,-8.056,111.9057,,,3,13,0,0,16,REGIONAL 5,KEDIRI,TULUNG AGUNG,TUL,,,2024-03-16 23:27:14,2016-02-27,2016,2,NON TITO,,,JAWA TIMUR,0.8125,ORANGE,7900329,AREA 3,JATIM,MALANG,TULUNGAGUNG,,,0,0,0,JAWA TIMUR,TULUNGAGUNG,KEDUNGWARU,KEDUNGWARU,TULUNG AGUNG
781544313,,ODP-TRE-FL/15,-8.078044,111.662183,,,1,7,0,0,8,REGIONAL 5,KEDIRI,TULUNG AGUNG,TRE,,,2024-03-16 23:27:10,2016-08-03,2016,8,NON TITO,,,JAWA TIMUR,0.875,ORANGE,34093119,AREA 3,JATIM,MADIUN,PONOROGO,,,0,0,0,JAWA TIMUR,TRENGGALEK,KARANGAN,KARANGAN,TULUNG AGUNG
2072894200,,ODP-TUL-FAC/14,-8.077602,111.843566,,,1,7,0,0,8,REGIONAL 5,KEDIRI,TULUNG AGUNG,TUL,,,2024-03-16 23:24:53,2017-12-20,2017,12,NON TITO,,,JAWA TIMUR,0.875,ORANGE,256537293,AREA 3,JATIM,MALANG,TULUNGAGUNG,,,0,0,0,JAWA TIMUR,TULUNGAGUNG,GONDANG,GONDANG,TULUNG AGUNG
12236219520,,ODP-TUL-FAZ/68,-8.047401,111.906528,,,1,7,0,0,8,REGIONAL 5,KEDIRI,TULUNG AGUNG,TUL,,,2025-07-03 18:09:38,2025-07-02,2025,7,NON TITO,,,JAWA TIMUR,0.875,ORANGE,1499548906,AREA 3,JATIM,MALANG,TULUNGAGUNG,,,0,0,0,JAWA TIMUR,TULUNGAGUNG,KEDUNGWARU,REJOAGUNG,TULUNG AGUNG
8632918779,,ODP-CAT-FK/26,-8.215878,111.783967,,,1,7,0,0,8,REGIONAL 5,KEDIRI,TULUNG AGUNG,CAT,,,2024-03-16 23:25:39,2022-04-06,2022,4,NON TITO,,,JAWA TIMUR,0.875,ORANGE,1170382893,AREA 3,JATIM,MALANG,TULUNGAGUNG,,,0,0,0,JAWA TIMUR,TULUNGAGUNG,BESUKI,TANGGULWELAHAN,TULUNG AGUNG
2074320153,,ODP-TUL-FAC/20,-8.073796,111.849964,,,0,7,0,0,8,REGIONAL 5,KEDIRI,TULUNG AGUNG,TUL,,,2024-03-16 23:28:08,2017-12-20,2017,12,NON TITO,,,JAWA TIMUR,0.875,ORANGE,256537716,AREA 3,JATIM,MALANG,TULUNGAGUNG,,,0,0,0,JAWA TIMUR,TULUNGAGUNG,GONDANG,GONDANG,TULUNG AGUNG
8621221033,,ODP-DRN-FB/59,-8.10834,111.796989,,,1,7,0,0,8,REGIONAL 5,KEDIRI,TULUNG AGUNG,DRN,,,2024-03-16 23:24:27,2022-04-06,2022,4,NON TITO,,,JAWA TIMUR,0.875,ORANGE,1170386034,AREA 3,JATIM,MADIUN,PONOROGO,,,0,0,0,JAWA TIMUR,TRENGGALEK,DURENAN,SEMARUM,TULUNG AGUNG
130669574,,ODP-TRE-FCLC/02,-8.0548,111.7134,,,1,7,0,0,8,REGIONAL 5,KEDIRI,TULUNG AGUNG,TRE,,,2024-03-16 23:22:27,2016-02-27,2016,2,NON TITO,,,JAWA TIMUR,0.875,ORANGE,7904095,AREA 3,JATIM,MADIUN,PONOROGO,,,0,0,0,JAWA TIMUR,TRENGGALEK,TRENGGALEK,SUMBERGEDONG,TULUNG AGUNG
11679344502,,ODP-TRE-FZ/63,-7.998509,111.696997,,,1,7,0,0,8,REGIONAL 5,KEDIRI,TULUNG AGUNG,TRE,,,2024-08-30 17:39:34,2024-08-29,2024,8,NON TITO,,,JAWA TIMUR,0.875,ORANGE,1459238421,AREA 3,JATIM,MADIUN,PONOROGO,,,0,0,0,JAWA TIMUR,TRENGGALEK,BENDUNGAN,SRABAH,TULUNG AGUNG
780719115,,ODP-TUL-FT/22,-8.048392,111.9134,,,1,15,0,0,16,REGIONAL 5,KEDIRI,TULUNG AGUNG,TUL,,,2024-03-16 23:25:02,2016-08-03,2016,8,NON TITO,,,JAWA TIMUR,0.9375,ORANGE,34241317,AREA 3,JATIM,MALANG,TULUNGAGUNG,,,0,0,0,JAWA TIMUR,TULUNGAGUNG,KEDUNGWARU,REJOAGUNG,TULUNG AGUNG
12185369639,,ODP-TUL-FAZ/50,-8.061659,111.898884,,,3,13,0,0,16,REGIONAL 5,KEDIRI,TULUNG AGUNG,TUL,,,2025-06-03 17:45:00,2025-06-02,2025,6,NON TITO,,,JAWA TIMUR,0.8125,ORANGE,1499296868,AREA 3,JATIM,MALANG,TULUNGAGUNG,,,0,0,0,JAWA TIMUR,TULUNGAGUNG,TULUNGAGUNG,KAMPUNGDALEM,TULUNG AGUNG
9261419139,,ODP-TUL-FAM/36,-8.038854,111.875253,,,2,14,0,0,16,REGIONAL 5,KEDIRI,TULUNG AGUNG,TUL,,,2023-08-30 18:11:12,2022-09-12,2022,9,NON TITO,,,JAWA TIMUR,0.875,ORANGE,1225948359,AREA 3,JATIM,MALANG,TULUNGAGUNG,,,0,0,0,JAWA TIMUR,TULUNGAGUNG,KAUMAN,JATIMULYO,TULUNG AGUNG
8632544803,,ODP-TUL-FAT/06,-8.107678,111.912316,,,1,7,0,0,8,REGIONAL 5,KEDIRI,TULUNG AGUNG,TUL,,,2024-03-16 23:21:18,2022-04-08,2022,4,NON TITO,,,JAWA TIMUR,0.875,ORANGE,1175846651,AREA 3,JATIM,MALANG,TULUNGAGUNG,,,0,0,0,JAWA TIMUR,TULUNGAGUNG,BOYOLANGU,WAJAK LOR,TULUNG AGUNG
8632544793,,ODP-TUL-FAT/03,-8.110347,111.918069,,,1,7,0,0,8,REGIONAL 5,KEDIRI,TULUNG AGUNG,TUL,,,2024-03-16 23:22:57,2022-04-08,2022,4,NON TITO,,,JAWA TIMUR,0.875,ORANGE,1175846645,AREA 3,JATIM,MALANG,TULUNGAGUNG,,,0,0,0,JAWA TIMUR,TULUNGAGUNG,BOYOLANGU,SANGGRAHAN,TULUNG AGUNG
781468854,,ODP-TRE-FL/10,-8.071566,111.6737,,,1,7,0,0,8,REGIONAL 5,KEDIRI,TULUNG AGUNG,TRE,,,2024-03-16 23:24:45,2016-08-03,2016,8,NON TITO,,,JAWA TIMUR,0.875,ORANGE,34240075,AREA 3,JATIM,MADIUN,PONOROGO,,,0,0,0,JAWA TIMUR,TRENGGALEK,KARANGAN,SALAMREJO,TULUNG AGUNG
9261419169,,ODP-TUL-FAM/31,-8.037551,111.876381,,,1,7,0,0,8,REGIONAL 5,KEDIRI,TULUNG AGUNG,TUL,,,2023-08-30 18:03:55,2022-09-12,2022,9,NON TITO,,,JAWA TIMUR,0.875,ORANGE,1225948401,AREA 3,JATIM,MALANG,TULUNGAGUNG,,,0,0,0,JAWA TIMUR,TULUNGAGUNG,KAUMAN,JATIMULYO,TULUNG AGUNG
8621223106,,ODP-TUL-FQ/89,-8.061165,111.907415,,,1,7,0,0,8,REGIONAL 5,KEDIRI,TULUNG AGUNG,TUL,,,2024-03-16 23:21:02,2022-04-07,2022,4,NON TITO,,,JAWA TIMUR,0.875,ORANGE,1175842828,AREA 3,JATIM,MALANG,TULUNGAGUNG,,,0,0,0,JAWA TIMUR,TULUNGAGUNG,TULUNGAGUNG,KAMPUNGDALEM,TULUNG AGUNG
9261419184,,ODP-TUL-FAM/40,-8.031427,111.865029,,,1,7,0,0,8,REGIONAL 5,KEDIRI,TULUNG AGUNG,TUL,,,2023-08-30 18:08:49,2022-09-12,2022,9,NON TITO,,,JAWA TIMUR,0.875,ORANGE,1225948418,AREA 3,JATIM,MALANG,TULUNGAGUNG,,,0,0,0,JAWA TIMUR,TULUNGAGUNG,KAUMAN,BANARAN,TULUNG AGUNG
11792893605,,ODP-TRE-FAA/04,-8.122321,111.561969,,,1,7,0,0,8,REGIONAL 5,KEDIRI,TULUNG AGUNG,TRE,,,2024-09-28 17:26:03,2024-09-27,2024,9,NON TITO,,,JAWA TIMUR,0.875,ORANGE,1463256064,AREA 3,JATIM,MADIUN,PONOROGO,,,0,0,0,JAWA TIMUR,TRENGGALEK,PULE,PULE,TULUNG AGUNG
8619795700,,ODP-CAT-FH/13,-8.227237,111.80968,,,1,7,0,0,8,REGIONAL 5,KEDIRI,TULUNG AGUNG,CAT,,,2024-03-16 23:28:35,2022-04-07,2022,4,NON TITO,,,JAWA TIMUR,0.875,ORANGE,1175841366,AREA 3,JATIM,MALANG,TULUNGAGUNG,,,0,0,0,JAWA TIMUR,TULUNGAGUNG,BESUKI,TANGGULWELAHAN,TULUNG AGUNG
2878395109,,ODP-TUL-FY/27,-8.073923,111.953856,,,1,7,0,0,8,REGIONAL 5,KEDIRI,TULUNG AGUNG,TUL,,,2024-03-16 23:25:39,2018-09-06,2018,9,NON TITO,,,JAWA TIMUR,0.875,ORANGE,390023799,AREA 3,JATIM,MALANG,TULUNGAGUNG,,,0,0,0,JAWA TIMUR,TULUNGAGUNG,SUMBERGEMPOL,SUMBERDADI,TULUNG AGUNG
1345769443,,ODP-TRE-FH/03,-8.051401,111.65242,,,1,7,0,0,8,REGIONAL 5,KEDIRI,TULUNG AGUNG,TRE,,,2024-03-16 23:25:16,2017-04-04,2017,4,NON TITO,,,JAWA TIMUR,0.875,ORANGE,81178682,AREA 3,JATIM,MADIUN,PONOROGO,,,0,0,0,JAWA TIMUR,TRENGGALEK,TUGU,GONDANG,TULUNG AGUNG
1345768885,,ODP-TRE-FH/02,-8.051084,111.651496,,,1,7,0,0,8,REGIONAL 5,KEDIRI,TULUNG AGUNG,TRE,,,2024-03-16 23:24:43,2017-04-04,2017,4,NON TITO,,,JAWA TIMUR,0.875,ORANGE,81178230,AREA 3,JATIM,MADIUN,PONOROGO,,,0,0,0,JAWA TIMUR,TRENGGALEK,TUGU,GONDANG,TULUNG AGUNG
12185369674,,ODP-TUL-FAZ/45,-8.057825,111.902329,,,1,15,0,0,16,REGIONAL 5,KEDIRI,TULUNG AGUNG,TUL,,,2025-06-03 17:45:13,2025-06-02,2025,6,NON TITO,,,JAWA TIMUR,0.9375,ORANGE,1499296892,AREA 3,JATIM,MALANG,TULUNGAGUNG,,,0,0,0,JAWA TIMUR,TULUNGAGUNG,KEDUNGWARU,KEDUNGWARU,TULUNG AGUNG
9410519735,,ODP-TUL-FAP/41,-7.982233,111.944048,,,2,14,0,0,16,REGIONAL 5,KEDIRI,TULUNG AGUNG,TUL,,,2024-03-16 23:21:09,2022-10-17,2022,10,NON TITO,,,JAWA TIMUR,0.875,ORANGE,1241339806,AREA 3,JATIM,MALANG,TULUNGAGUNG,,,0,0,0,JAWA TIMUR,TULUNGAGUNG,NGANTRU,POJOK,TULUNG AGUNG
786643813,,ODP-TUL-FC/01,-8.051202,111.932327,,,3,13,0,0,16,REGIONAL 5,KEDIRI,TULUNG AGUNG,TUL,,,2024-03-16 23:24:50,2016-08-05,2016,8,NON TITO,,,JAWA TIMUR,0.8125,ORANGE,34101412,AREA 3,JATIM,MALANG,TULUNGAGUNG,,,0,0,0,JAWA TIMUR,TULUNGAGUNG,KEDUNGWARU,BANGOAN,TULUNG AGUNG
781544346,,ODP-TRE-FL/17,-8.0784,111.665492,,,1,7,0,0,8,REGIONAL 5,KEDIRI,TULUNG AGUNG,TRE,,,2024-03-16 23:27:09,2016-08-03,2016,8,NON TITO,,,JAWA TIMUR,0.875,ORANGE,34240754,AREA 3,JATIM,MADIUN,PONOROGO,,,0,0,0,JAWA TIMUR,TRENGGALEK,KARANGAN,KARANGAN,TULUNG AGUNG
1237321534,,ODP-TRE-FJ/01,-8.059272,111.662344,,,1,7,0,0,8,REGIONAL 5,KEDIRI,TULUNG AGUNG,TRE,,,2023-08-30 18:09:57,2017-02-10,2017,2,NON TITO,,,JAWA TIMUR,0.875,ORANGE,62751733,AREA 3,JATIM,MADIUN,PONOROGO,,,0,0,0,JAWA TIMUR,TRENGGALEK,KARANGAN,KERJO,TULUNG AGUNG
8619869016,,ODP-DRN-FC/41,-8.137988,111.803795,,,1,7,0,0,8,REGIONAL 5,KEDIRI,TULUNG AGUNG,DRN,,,2024-03-16 23:21:18,2022-04-07,2022,4,NON TITO,,,JAWA TIMUR,0.875,ORANGE,1174635078,AREA 3,JATIM,MADIUN,PONOROGO,,,0,0,0,JAWA TIMUR,TULUNGAGUNG,BANDUNG,GANDONG,TULUNG AGUNG
130664759,,ODP-TUL-FL/11,-8.063,111.9088,,,1,7,0,0,8,REGIONAL 5,KEDIRI,TULUNG AGUNG,TUL,,,2024-03-16 23:28:56,2016-02-27,2016,2,NON TITO,,,JAWA TIMUR,0.875,ORANGE,7901162,AREA 3,JATIM,MALANG,TULUNGAGUNG,,,0,0,0,JAWA TIMUR,TULUNGAGUNG,TULUNGAGUNG,KAMPUNGDALEM,TULUNG AGUNG
2122094433,,ODP-TUL-FQ/31,-8.060396,111.907262,,,1,15,0,0,16,REGIONAL 5,KEDIRI,TULUNG AGUNG,TUL,,,2024-03-16 23:28:07,2018-01-05,2018,1,NON TITO,,,JAWA TIMUR,0.9375,ORANGE,259364347,AREA 3,JATIM,MALANG,TULUNGAGUNG,,,0,0,0,JAWA TIMUR,TULUNGAGUNG,TULUNGAGUNG,KAMPUNGDALEM,TULUNG AGUNG
130664355,,ODP-TUL-FJ/14,-8.0576,111.8915,,,1,7,0,0,8,REGIONAL 5,KEDIRI,TULUNG AGUNG,TUL,,,2024-03-16 23:23:59,2016-02-27,2016,2,NON TITO,,,JAWA TIMUR,0.875,ORANGE,7900914,AREA 3,JATIM,MALANG,TULUNGAGUNG,,,0,0,0,JAWA TIMUR,TULUNGAGUNG,TULUNGAGUNG,BOTORAN,TULUNG AGUNG
9447194665,,ODP-TUL-FAP/22,-7.989068,111.923624,,,1,7,0,0,8,REGIONAL 5,KEDIRI,TULUNG AGUNG,TUL,,,2023-08-30 17:57:04,2022-10-25,2022,10,NON TITO,,,JAWA TIMUR,0.875,ORANGE,1246065568,AREA 3,JATIM,MALANG,TULUNGAGUNG,,,0,0,0,JAWA TIMUR,TULUNGAGUNG,NGANTRU,BATOKAN,TULUNG AGUNG
1004671916,,ODP-TUL-FAA/15,-8.0022,111.81791,,,1,7,0,0,8,REGIONAL 5,KEDIRI,TULUNG AGUNG,TUL,,,2024-03-16 23:27:47,2016-10-22,2016,10,NON TITO,,,JAWA TIMUR,0.875,ORANGE,36810546,AREA 3,JATIM,MALANG,TULUNGAGUNG,,,0,0,0,JAWA TIMUR,TULUNGAGUNG,PAGERWOJO,MULYOSARI,TULUNG AGUNG
1601443544,,ODP-NGU-FB/02,-8.1383,112.1059,,,1,7,0,0,8,REGIONAL 5,KEDIRI,TULUNG AGUNG,NGU,,,2024-03-16 23:25:47,2017-07-14,2017,7,NON TITO,,,JAWA TIMUR,0.875,ORANGE,179508603,AREA 3,JATIM,MALANG,TULUNGAGUNG,,,0,0,0,JAWA TIMUR,TULUNGAGUNG,REJOTANGAN,SUMBERAGUNG,TULUNG AGUNG
8735968648,,ODP-TUL-FQ/90,-8.061118,111.918115,,,1,7,0,0,8,REGIONAL 5,KEDIRI,TULUNG AGUNG,TUL,,,2024-03-16 23:23:05,2022-05-10,2022,5,NON TITO,,,JAWA TIMUR,0.875,ORANGE,1179969327,AREA 3,JATIM,MALANG,TULUNGAGUNG,,,0,0,0,JAWA TIMUR,TULUNGAGUNG,KEDUNGWARU,TUNGGULSARI,TULUNG AGUNG
9261419189,,ODP-TUL-FAM/38,-8.031656,111.865495,,,3,13,0,0,16,REGIONAL 5,KEDIRI,TULUNG AGUNG,TUL,,,2024-03-16 23:29:07,2022-09-12,2022,9,NON TITO,,,JAWA TIMUR,0.8125,ORANGE,1225948421,AREA 3,JATIM,MALANG,TULUNGAGUNG,,,0,0,0,JAWA TIMUR,TULUNGAGUNG,KAUMAN,BANARAN,TULUNG AGUNG
9447194600,,ODP-TUL-FAP/33,-8.009255,111.924911,,,1,7,0,0,8,REGIONAL 5,KEDIRI,TULUNG AGUNG,TUL,,,2024-03-16 23:27:16,2022-10-25,2022,10,NON TITO,,,JAWA TIMUR,0.875,ORANGE,1246065480,AREA 3,JATIM,MALANG,TULUNGAGUNG,,,0,0,0,JAWA TIMUR,TULUNGAGUNG,NGANTRU,NGANTRU,TULUNG AGUNG
9261419174,,ODP-TUL-FAM/33,-8.03102,111.86415,,,1,7,0,0,8,REGIONAL 5,KEDIRI,TULUNG AGUNG,TUL,,,2024-03-16 23:29:08,2022-09-12,2022,9,NON TITO,,,JAWA TIMUR,0.875,ORANGE,1225948409,AREA 3,JATIM,MALANG,TULUNGAGUNG,,,0,0,0,JAWA TIMUR,TULUNGAGUNG,KAUMAN,BANARAN,TULUNG AGUNG
9261419159,,ODP-TUL-FAM/32,-8.036095,111.873624,,,1,7,0,0,8,REGIONAL 5,KEDIRI,TULUNG AGUNG,TUL,,,2024-03-16 23:29:09,2022-09-12,2022,9,NON TITO,,,JAWA TIMUR,0.875,ORANGE,1225948395,AREA 3,JATIM,MALANG,TULUNGAGUNG,,,0,0,0,JAWA TIMUR,TULUNGAGUNG,KAUMAN,JATIMULYO,TULUNG AGUNG
9262318635,,ODP-TUL-FN/94,-8.074079,111.878539,,,1,7,0,0,8,REGIONAL 5,KEDIRI,TULUNG AGUNG,TUL,,,2024-03-16 23:25:21,2022-09-12,2022,9,NON TITO,,,JAWA TIMUR,0.875,ORANGE,1225947726,AREA 3,JATIM,MALANG,TULUNGAGUNG,,,0,0,0,JAWA TIMUR,TULUNGAGUNG,TULUNGAGUNG,TERTEK,TULUNG AGUNG
1486696917,,ODP-PRI-FB/53,-8.28972,111.70461,,,1,7,0,0,8,REGIONAL 5,KEDIRI,TULUNG AGUNG,PRI,,,2024-03-16 23:26:29,2017-05-23,2017,5,NON TITO,,,JAWA TIMUR,0.875,ORANGE,129802706,AREA 3,JATIM,MADIUN,PONOROGO,,,0,0,0,JAWA TIMUR,TRENGGALEK,WATULIMO,PRIGI,TULUNG AGUNG
9261943554,,ODP-TUL-FAK/34,-7.983134,111.873789,,,1,7,0,0,8,REGIONAL 5,KEDIRI,TULUNG AGUNG,TUL,,,2024-03-16 23:28:31,2022-09-12,2022,9,NON TITO,,,JAWA TIMUR,0.875,ORANGE,1225945980,AREA 3,JATIM,MALANG,TULUNGAGUNG,,,0,0,0,JAWA TIMUR,TULUNGAGUNG,SENDANG,DONO,TULUNG AGUNG
1486696914,,ODP-PRI-FB/59,-8.259819,111.692747,,,1,7,0,0,8,REGIONAL 5,KEDIRI,TULUNG AGUNG,PRI,,,2024-03-16 23:26:43,2017-05-23,2017,5,NON TITO,,,JAWA TIMUR,0.875,ORANGE,129802704,AREA 3,JATIM,MADIUN,PONOROGO,,,0,0,0,JAWA TIMUR,TRENGGALEK,WATULIMO,SAWAHAN,TULUNG AGUNG
4519168581,,ODP-TRE-FK/14,-8.062376,111.736521,,,1,7,0,0,8,REGIONAL 5,KEDIRI,TULUNG AGUNG,TRE,,,2023-08-30 18:02:07,2020-01-31,2020,1,NON TITO,,,JAWA TIMUR,0.875,ORANGE,795893884,AREA 3,JATIM,MADIUN,PONOROGO,,,0,0,0,JAWA TIMUR,TRENGGALEK,POGALAN,POGALAN,TULUNG AGUNG
9168269673,,ODP-TRE-FS/22,-8.214979,111.541561,,,3,13,0,0,16,REGIONAL 5,KEDIRI,TULUNG AGUNG,TRE,,,2024-03-16 23:26:01,2022-08-25,2022,8,NON TITO,,,JAWA TIMUR,0.8125,ORANGE,1209996551,AREA 3,JATIM,MADIUN,PONOROGO,,,0,0,0,JAWA TIMUR,TRENGGALEK,DONGKO,PANDEAN,TULUNG AGUNG
987048704,,ODP-CAT-FD/22,-8.178839,111.785796,,,0,7,0,0,8,REGIONAL 5,KEDIRI,TULUNG AGUNG,CAT,,,2024-03-16 23:27:13,2016-10-15,2016,10,NON TITO,,,JAWA TIMUR,0.875,ORANGE,36666159,AREA 3,JATIM,MALANG,TULUNGAGUNG,,,0,0,0,JAWA TIMUR,TULUNGAGUNG,BESUKI,WATESKROYO,TULUNG AGUNG
1002718992,,ODP-CAT-FF/02,-8.136173,111.841699,,,2,14,0,0,16,REGIONAL 5,KEDIRI,TULUNG AGUNG,CAT,,,2024-03-16 23:24:01,2016-10-24,2016,10,NON TITO,,,JAWA TIMUR,0.875,ORANGE,36771709,AREA 3,JATIM,MALANG,TULUNGAGUNG,,,0,0,0,JAWA TIMUR,TULUNGAGUNG,PAKEL,BANGUNJAYA,TULUNG AGUNG
9156943612,,ODP-TUL-FAW/18,-8.056308,111.8502,,,1,7,0,0,8,REGIONAL 5,KEDIRI,TULUNG AGUNG,TUL,,,2024-03-16 23:27:24,2022-08-23,2022,8,NON TITO,,,JAWA TIMUR,0.875,ORANGE,1209971784,AREA 3,JATIM,MALANG,TULUNGAGUNG,,,0,0,0,JAWA TIMUR,TULUNGAGUNG,KAUMAN,BOLOREJO,TULUNG AGUNG
9156943607,,ODP-TUL-FAW/10,-8.074109,111.845119,,,1,7,0,0,8,REGIONAL 5,KEDIRI,TULUNG AGUNG,TUL,,,2024-03-16 23:27:39,2022-08-23,2022,8,NON TITO,,,JAWA TIMUR,0.875,ORANGE,1209971772,AREA 3,JATIM,MALANG,TULUNGAGUNG,,,0,0,0,JAWA TIMUR,TULUNGAGUNG,GONDANG,GONDANG,TULUNG AGUNG
9156943602,,ODP-TUL-FAW/13,-8.072229,111.846158,,,3,13,0,0,16,REGIONAL 5,KEDIRI,TULUNG AGUNG,TUL,,,2024-03-16 23:27:09,2022-08-23,2022,8,NON TITO,,,JAWA TIMUR,0.8125,ORANGE,1209971762,AREA 3,JATIM,MALANG,TULUNGAGUNG,,,0,0,0,JAWA TIMUR,TULUNGAGUNG,GONDANG,GONDANG,TULUNG AGUNG
1486696554,,ODP-PRI-FB/89,-8.279273,111.715988,,,1,15,0,0,16,REGIONAL 5,KEDIRI,TULUNG AGUNG,PRI,,,2024-03-16 23:27:19,2017-05-23,2017,5,NON TITO,,,JAWA TIMUR,0.9375,ORANGE,129802575,AREA 3,JATIM,MADIUN,PONOROGO,,,0,0,0,JAWA TIMUR,TRENGGALEK,WATULIMO,PRIGI,TULUNG AGUNG
625993789,,ODP-TRE-FG/02,-8.064643,111.736815,,,1,7,0,0,8,REGIONAL 5,KEDIRI,TULUNG AGUNG,TRE,,,2024-03-16 23:21:05,2016-05-26,2016,5,NON TITO,,,JAWA TIMUR,0.875,ORANGE,33370514,AREA 3,JATIM,MADIUN,PONOROGO,,,0,0,0,JAWA TIMUR,TRENGGALEK,POGALAN,POGALAN,TULUNG AGUNG
1486696545,,ODP-PRI-FB/49,-8.2936,111.697396,,,2,14,0,0,16,REGIONAL 5,KEDIRI,TULUNG AGUNG,PRI,,,2024-03-16 23:27:22,2017-05-23,2017,5,NON TITO,,,JAWA TIMUR,0.875,ORANGE,129802568,AREA 3,JATIM,MADIUN,PONOROGO,,,0,0,0,JAWA TIMUR,TRENGGALEK,WATULIMO,PRIGI,TULUNG AGUNG
9156943567,,ODP-TUL-FAW/15,-8.055193,111.849017,,,3,13,0,0,16,REGIONAL 5,KEDIRI,TULUNG AGUNG,TUL,,,2024-03-16 23:27:47,2022-08-23,2022,8,NON TITO,,,JAWA TIMUR,0.8125,ORANGE,1209971691,AREA 3,JATIM,MALANG,TULUNGAGUNG,,,0,0,0,JAWA TIMUR,TULUNGAGUNG,KAUMAN,BOLOREJO,TULUNG AGUNG
624718592,,ODP-TRE-FF/02,-8.10706,111.682256,,,1,7,0,0,8,REGIONAL 5,KEDIRI,TULUNG AGUNG,TRE,,,2024-03-16 23:29:17,2016-05-26,2016,5,NON TITO,,,JAWA TIMUR,0.875,ORANGE,33371317,AREA 3,JATIM,MADIUN,PONOROGO,,,0,0,0,JAWA TIMUR,TRENGGALEK,KARANGAN,SUKOWETAN,TULUNG AGUNG
12005068711,,ODP-NGU-FB/49,-8.106582,112.035236,,,1,7,0,0,8,REGIONAL 5,KEDIRI,TULUNG AGUNG,NGU,,,2024-12-06 17:32:33,2024-12-05,2024,12,NON TITO,,,JAWA TIMUR,0.875,ORANGE,1495376712,AREA 3,JATIM,MALANG,TULUNGAGUNG,,,0,0,0,JAWA TIMUR,TULUNGAGUNG,NGUNUT,KALIWUNGU,TULUNG AGUNG
987048208,,ODP-CAT-FD/30,-8.171128,111.781632,,,1,7,0,0,8,REGIONAL 5,KEDIRI,TULUNG AGUNG,CAT,,,2024-03-16 23:28:16,2016-10-15,2016,10,NON TITO,,,JAWA TIMUR,0.875,ORANGE,36665862,AREA 3,JATIM,MALANG,TULUNGAGUNG,,,0,0,0,JAWA TIMUR,TULUNGAGUNG,BANDUNG,BANDUNG,TULUNG AGUNG
9156943989,,ODP-PRI-FB/115,-8.282403,111.718238,,,1,7,0,0,8,REGIONAL 5,KEDIRI,TULUNG AGUNG,PRI,,,2024-03-16 23:28:16,2022-08-23,2022,8,NON TITO,,,JAWA TIMUR,0.875,ORANGE,1209972821,AREA 3,JATIM,MADIUN,PONOROGO,,,0,0,0,JAWA TIMUR,TRENGGALEK,WATULIMO,PRIGI,TULUNG AGUNG
987048203,,ODP-CAT-FD/23,-8.177672,111.785652,,,1,7,0,0,8,REGIONAL 5,KEDIRI,TULUNG AGUNG,CAT,,,2024-03-16 23:28:13,2016-10-15,2016,10,NON TITO,,,JAWA TIMUR,0.875,ORANGE,36665859,AREA 3,JATIM,MALANG,TULUNGAGUNG,,,0,0,0,JAWA TIMUR,TULUNGAGUNG,BANDUNG,NGUNGGAHAN,TULUNG AGUNG
990043717,,ODP-CAT-FD/08,-8.16475,111.78227,,,1,7,0,0,8,REGIONAL 5,KEDIRI,TULUNG AGUNG,CAT,,,2024-03-16 23:24:02,2016-10-17,2016,10,NON TITO,,,JAWA TIMUR,0.875,ORANGE,36736929,AREA 3,JATIM,MALANG,TULUNGAGUNG,,,0,0,0,JAWA TIMUR,TULUNGAGUNG,BANDUNG,MERGAYU,TULUNG AGUNG
3740894272,,ODP-TUL-FA/136,-8.055828,111.909153,,,1,7,0,0,8,REGIONAL 5,KEDIRI,TULUNG AGUNG,TUL,,,2023-08-30 18:01:16,2019-07-25,2019,7,NON TITO,,,JAWA TIMUR,0.875,ORANGE,640402010,AREA 3,JATIM,MALANG,TULUNGAGUNG,,,0,0,0,JAWA TIMUR,TULUNGAGUNG,KEDUNGWARU,KEDUNGWARU,TULUNG AGUNG
987269889,,ODP-CAT-FD/04,-8.15934,111.7864,,,1,7,0,0,8,REGIONAL 5,KEDIRI,TULUNG AGUNG,CAT,,,2024-03-16 23:26:08,2016-10-17,2016,10,NON TITO,,,JAWA TIMUR,0.875,ORANGE,36671530,AREA 3,JATIM,MALANG,TULUNGAGUNG,,,0,0,0,JAWA TIMUR,TULUNGAGUNG,BANDUNG,SURUHAN KIDUL,TULUNG AGUNG
9410519730,,ODP-TUL-FAP/45,-7.989736,111.939834,,,1,7,0,0,8,REGIONAL 5,KEDIRI,TULUNG AGUNG,TUL,,,2024-03-16 23:28:11,2022-10-17,2022,10,NON TITO,,,JAWA TIMUR,0.875,ORANGE,1241339797,AREA 3,JATIM,MALANG,TULUNGAGUNG,,,0,0,0,JAWA TIMUR,TULUNGAGUNG,NGANTRU,KEPUHREJO,TULUNG AGUNG
1486696334,,ODP-PRI-FB/29,-8.278381,111.728728,,,3,13,0,0,16,REGIONAL 5,KEDIRI,TULUNG AGUNG,PRI,,,2024-03-16 23:27:14,2017-05-23,2017,5,NON TITO,,,JAWA TIMUR,0.8125,ORANGE,129919539,AREA 3,JATIM,MADIUN,PONOROGO,,,0,0,0,JAWA TIMUR,TRENGGALEK,WATULIMO,PRIGI,TULUNG AGUNG
9410220164,,ODP-TUL-FBA/32,-8.011937,111.902363,,,1,15,0,0,16,REGIONAL 5,KEDIRI,TULUNG AGUNG,TUL,,,2024-03-16 23:27:15,2022-10-14,2022,10,NON TITO,,,JAWA TIMUR,0.9375,ORANGE,1241325698,AREA 3,JATIM,MALANG,TULUNGAGUNG,,,0,0,0,JAWA TIMUR,TULUNGAGUNG,KARANGREJO,SEMBON,TULUNG AGUNG
990043737,,ODP-CAT-FD/09,-8.166676,111.782589,,,1,7,0,0,8,REGIONAL 5,KEDIRI,TULUNG AGUNG,CAT,,,2024-03-16 23:24:10,2016-10-17,2016,10,NON TITO,,,JAWA TIMUR,0.875,ORANGE,36672156,AREA 3,JATIM,MALANG,TULUNGAGUNG,,,0,0,0,JAWA TIMUR,TULUNGAGUNG,BANDUNG,MERGAYU,TULUNG AGUNG
9410519745,,ODP-TUL-FAP/47,-7.992663,111.938256,,,1,7,0,0,8,REGIONAL 5,KEDIRI,TULUNG AGUNG,TUL,,,2024-03-16 23:28:23,2022-10-17,2022,10,NON TITO,,,JAWA TIMUR,0.875,ORANGE,1241339814,AREA 3,JATIM,MALANG,TULUNGAGUNG,,,0,0,0,JAWA TIMUR,TULUNGAGUNG,NGANTRU,KEPUHREJO,TULUNG AGUNG
1482802453,,ODP-TUL-FQ/03,-8.059004,111.90726,,,1,15,0,0,16,REGIONAL 5,KEDIRI,TULUNG AGUNG,TUL,,,2024-03-16 23:28:13,2017-05-22,2017,5,NON TITO,,,JAWA TIMUR,0.9375,ORANGE,129911965,AREA 3,JATIM,MALANG,TULUNGAGUNG,,,0,0,0,JAWA TIMUR,TULUNGAGUNG,TULUNGAGUNG,KAMPUNGDALEM,TULUNG AGUNG
9410519772,,ODP-TUL-FAP/48,-7.996015,111.936411,,,2,14,0,0,16,REGIONAL 5,KEDIRI,TULUNG AGUNG,TUL,,,2024-03-16 23:28:15,2022-10-17,2022,10,NON TITO,,,JAWA TIMUR,0.875,ORANGE,1241339842,AREA 3,JATIM,MALANG,TULUNGAGUNG,,,0,0,0,JAWA TIMUR,TULUNGAGUNG,NGANTRU,KEPUHREJO,TULUNG AGUNG
9410519787,,ODP-TUL-FAP/42,-7.984995,111.942403,,,1,7,0,0,8,REGIONAL 5,KEDIRI,TULUNG AGUNG,TUL,,,2024-03-16 23:28:16,2022-10-17,2022,10,NON TITO,,,JAWA TIMUR,0.875,ORANGE,1241339860,AREA 3,JATIM,MALANG,TULUNGAGUNG,,,0,0,0,JAWA TIMUR,TULUNGAGUNG,NGANTRU,KEPUHREJO,TULUNG AGUNG
9410220066,,ODP-TUL-FBA/18,-8.000256,111.884218,,,1,15,0,0,16,REGIONAL 5,KEDIRI,TULUNG AGUNG,TUL,,,2024-03-16 23:25:54,2022-10-14,2022,10,NON TITO,,,JAWA TIMUR,0.9375,ORANGE,1241325533,AREA 3,JATIM,MALANG,TULUNGAGUNG,,,0,0,0,JAWA TIMUR,TULUNGAGUNG,KARANGREJO,TANJUNGSARI,TULUNG AGUNG
9447194565,,ODP-TUL-FAP/36,-8.012221,111.922324,,,1,7,0,0,8,REGIONAL 5,KEDIRI,TULUNG AGUNG,TUL,,,2024-03-16 23:26:25,2022-10-25,2022,10,NON TITO,,,JAWA TIMUR,0.875,ORANGE,1246065433,AREA 3,JATIM,MALANG,TULUNGAGUNG,,,0,0,0,JAWA TIMUR,TULUNGAGUNG,NGANTRU,NGANTRU,TULUNG AGUNG
9410519797,,ODP-TUL-FAP/51,-8.008862,111.929476,,,3,13,0,0,16,REGIONAL 5,KEDIRI,TULUNG AGUNG,TUL,,,2024-03-16 23:26:43,2022-10-17,2022,10,NON TITO,,,JAWA TIMUR,0.8125,ORANGE,1241339869,AREA 3,JATIM,MALANG,TULUNGAGUNG,,,0,0,0,JAWA TIMUR,TULUNGAGUNG,NGANTRU,NGANTRU,TULUNG AGUNG
9410220056,,ODP-TUL-FBA/19,-8.00483,111.885702,,,1,7,0,0,8,REGIONAL 5,KEDIRI,TULUNG AGUNG,TUL,,,2024-03-16 23:26:56,2022-10-14,2022,10,NON TITO,,,JAWA TIMUR,0.875,ORANGE,1241325490,AREA 3,JATIM,MALANG,TULUNGAGUNG,,,0,0,0,JAWA TIMUR,TULUNGAGUNG,KARANGREJO,TANJUNGSARI,TULUNG AGUNG
3171270996,,ODP-CAT-FD/44,-8.160698,111.78602,,,1,7,0,0,8,REGIONAL 5,KEDIRI,TULUNG AGUNG,CAT,,,2023-08-30 18:10:35,2018-12-14,2018,12,NON TITO,,,JAWA TIMUR,0.875,ORANGE,407139464,AREA 3,JATIM,MALANG,TULUNGAGUNG,,,0,0,0,JAWA TIMUR,TULUNGAGUNG,BANDUNG,SURUHAN KIDUL,TULUNG AGUNG
770219217,,ODP-TUL-FU/11,-8.123471,111.893707,,,1,7,0,0,8,REGIONAL 5,KEDIRI,TULUNG AGUNG,TUL,,,2024-03-16 23:28:30,2016-07-28,2016,7,NON TITO,,,JAWA TIMUR,0.875,ORANGE,34220145,AREA 3,JATIM,MALANG,TULUNGAGUNG,,,0,0,0,JAWA TIMUR,TULUNGAGUNG,BOYOLANGU,BOYOLANGU,TULUNG AGUNG
1486697288,,ODP-PRI-FB/77,-8.271545,111.715178,,,1,7,0,0,8,REGIONAL 5,KEDIRI,TULUNG AGUNG,PRI,,,2024-03-16 23:27:40,2017-05-23,2017,5,NON TITO,,,JAWA TIMUR,0.875,ORANGE,129802836,AREA 3,JATIM,MADIUN,PONOROGO,,,0,0,0,JAWA TIMUR,TRENGGALEK,WATULIMO,PRIGI,TULUNG AGUNG
9391243906,,ODP-TRE-FQ/48,-8.250027,111.453912,,,1,7,0,0,8,REGIONAL 5,KEDIRI,TULUNG AGUNG,TRE,,,2024-03-16 23:23:34,2022-10-11,2022,10,NON TITO,,,JAWA TIMUR,0.875,ORANGE,1233900665,AREA 3,JATIM,MADIUN,PONOROGO,,,0,0,0,JAWA TIMUR,TRENGGALEK,PANGGUL,PANGGUL,TULUNG AGUNG
3171271228,,ODP-CAT-FD/46,-8.173041,111.78519,,,1,7,0,0,8,REGIONAL 5,KEDIRI,TULUNG AGUNG,CAT,,,2023-08-30 18:10:19,2018-12-14,2018,12,NON TITO,,,JAWA TIMUR,0.875,ORANGE,407069950,AREA 3,JATIM,MALANG,TULUNGAGUNG,,,0,0,0,JAWA TIMUR,TULUNGAGUNG,BANDUNG,BANDUNG,TULUNG AGUNG
9447194545,,ODP-TUL-FAP/56,-8.006954,111.930521,,,1,7,0,0,8,REGIONAL 5,KEDIRI,TULUNG AGUNG,TUL,,,2024-03-16 23:27:00,2022-10-25,2022,10,NON TITO,,,JAWA TIMUR,0.875,ORANGE,1246065355,AREA 3,JATIM,MALANG,TULUNGAGUNG,,,0,0,0,JAWA TIMUR,TULUNGAGUNG,NGANTRU,NGANTRU,TULUNG AGUNG
9447194550,,ODP-TUL-FAP/25,-7.996664,111.923507,,,1,7,0,0,8,REGIONAL 5,KEDIRI,TULUNG AGUNG,TUL,,,2024-03-16 23:26:03,2022-10-25,2022,10,NON TITO,,,JAWA TIMUR,0.875,ORANGE,1246065400,AREA 3,JATIM,MALANG,TULUNGAGUNG,,,0,0,0,JAWA TIMUR,TULUNGAGUNG,NGANTRU,MOJOAGUNG,TULUNG AGUNG
1486697285,,ODP-PRI-FB/25,-8.27407,111.73136,,,1,7,0,0,8,REGIONAL 5,KEDIRI,TULUNG AGUNG,PRI,,,2024-03-16 23:27:23,2017-05-23,2017,5,NON TITO,,,JAWA TIMUR,0.875,ORANGE,129802834,AREA 3,JATIM,MADIUN,PONOROGO,,,0,0,0,JAWA TIMUR,TRENGGALEK,WATULIMO,PRIGI,TULUNG AGUNG
9447194560,,ODP-TUL-FAP/53,-7.981396,111.944407,,,1,7,0,0,8,REGIONAL 5,KEDIRI,TULUNG AGUNG,TUL,,,2024-03-16 23:27:12,2022-10-25,2022,10,NON TITO,,,JAWA TIMUR,0.875,ORANGE,1246065422,AREA 3,JATIM,MALANG,TULUNGAGUNG,,,0,0,0,JAWA TIMUR,TULUNGAGUNG,NGANTRU,KEPUHREJO,TULUNG AGUNG
9410220061,,ODP-TUL-FBA/26,-8.003376,111.901047,,,1,7,0,0,8,REGIONAL 5,KEDIRI,TULUNG AGUNG,TUL,,,2024-03-16 23:26:49,2022-10-14,2022,10,NON TITO,,,JAWA TIMUR,0.875,ORANGE,1241325502,AREA 3,JATIM,MALANG,TULUNGAGUNG,,,0,0,0,JAWA TIMUR,TULUNGAGUNG,KARANGREJO,GEDANGAN,TULUNG AGUNG
1486697110,,ODP-PRI-FB/68,-8.267867,111.708875,,,1,7,0,0,8,REGIONAL 5,KEDIRI,TULUNG AGUNG,PRI,,,2024-03-16 23:27:20,2017-05-23,2017,5,NON TITO,,,JAWA TIMUR,0.875,ORANGE,129919878,AREA 3,JATIM,MADIUN,PONOROGO,,,0,0,0,JAWA TIMUR,TRENGGALEK,WATULIMO,MARGOMULYO,TULUNG AGUNG
1424748601,,ODP-TUL-FP/08,-8.07302,111.903232,,,1,7,0,0,8,REGIONAL 5,KEDIRI,TULUNG AGUNG,TUL,,,2024-03-16 23:22:43,2017-05-08,2017,5,NON TITO,,,JAWA TIMUR,0.875,ORANGE,126324926,AREA 3,JATIM,MALANG,TULUNGAGUNG,,,0,0,0,JAWA TIMUR,TULUNGAGUNG,TULUNGAGUNG,BAGO,TULUNG AGUNG
9558418686,,ODP-CAT-FJ/32,-8.21872,111.876304,,,2,14,0,0,16,REGIONAL 5,KEDIRI,TULUNG AGUNG,CAT,,,2024-03-16 23:28:33,2022-11-23,2022,11,NON TITO,,,JAWA TIMUR,0.875,ORANGE,1251385769,AREA 3,JATIM,MALANG,TULUNGAGUNG,,,0,0,0,JAWA TIMUR,TULUNGAGUNG,TANGGUNGGUNUNG,TANGGUNGGUNUNG,TULUNG AGUNG
8870219186,,ODP-TUL-FAQ/20,-8.062961,111.915977,,,1,7,0,0,8,REGIONAL 5,KEDIRI,TULUNG AGUNG,TUL,,,2024-03-16 23:25:37,2022-06-09,2022,6,NON TITO,,,JAWA TIMUR,0.875,ORANGE,1184778390,AREA 3,JATIM,MALANG,TULUNGAGUNG,,,0,0,0,JAWA TIMUR,TULUNGAGUNG,KEDUNGWARU,TUNGGULSARI,TULUNG AGUNG
8870219176,,ODP-TUL-FAQ/23,-8.06759,111.913044,,,1,7,0,0,8,REGIONAL 5,KEDIRI,TULUNG AGUNG,TUL,,,2024-03-16 23:26:20,2022-06-09,2022,6,NON TITO,,,JAWA TIMUR,0.875,ORANGE,1184778383,AREA 3,JATIM,MALANG,TULUNGAGUNG,,,0,0,0,JAWA TIMUR,TULUNGAGUNG,TULUNGAGUNG,BAGO,TULUNG AGUNG
1371493613,,ODP-CAT-FG/10,-8.12761,111.86162,,,1,7,0,0,8,REGIONAL 5,KEDIRI,TULUNG AGUNG,CAT,,,2024-03-16 23:24:23,2017-04-19,2017,4,NON TITO,,,JAWA TIMUR,0.875,ORANGE,81773261,AREA 3,JATIM,MALANG,TULUNGAGUNG,,,0,0,0,JAWA TIMUR,TULUNGAGUNG,PAKEL,GESIKAN,TULUNG AGUNG
1487824274,,ODP-PRI-FA/05,-8.217403,111.720714,,,1,15,0,0,16,REGIONAL 5,KEDIRI,TULUNG AGUNG,PRI,,,2024-03-16 23:23:05,2017-05-24,2017,5,NON TITO,,,JAWA TIMUR,0.9375,ORANGE,130064560,AREA 3,JATIM,MADIUN,PONOROGO,,,0,0,0,JAWA TIMUR,TRENGGALEK,WATULIMO,WATULIMO,TULUNG AGUNG
8870219166,,ODP-TUL-FAQ/22,-8.067112,111.910479,,,1,7,0,0,8,REGIONAL 5,KEDIRI,TULUNG AGUNG,TUL,,,2024-03-16 23:25:47,2022-06-09,2022,6,NON TITO,,,JAWA TIMUR,0.875,ORANGE,1184778377,AREA 3,JATIM,MALANG,TULUNGAGUNG,,,0,0,0,JAWA TIMUR,TULUNGAGUNG,TULUNGAGUNG,BAGO,TULUNG AGUNG
10223893549,,ODP-TUL-FBC/03,-8.05511,111.921803,,,1,7,0,0,8,REGIONAL 5,KEDIRI,TULUNG AGUNG,TUL,,,2024-03-16 23:25:04,2023-05-30,2023,5,NON TITO,,,JAWA TIMUR,0.875,ORANGE,1293074278,AREA 3,JATIM,MALANG,TULUNGAGUNG,,,0,0,0,JAWA TIMUR,TULUNGAGUNG,KEDUNGWARU,KEDUNGWARU,TULUNG AGUNG
8810745684,,ODP-TUL-FY/49,-8.065634,111.93819,,,1,7,0,0,8,REGIONAL 5,KEDIRI,TULUNG AGUNG,TUL,,,2024-03-16 23:25:07,2022-06-02,2022,6,NON TITO,,,JAWA TIMUR,0.875,ORANGE,1183365075,AREA 3,JATIM,MALANG,TULUNGAGUNG,,,0,0,0,JAWA TIMUR,TULUNGAGUNG,BOYOLANGU,KEPUH,TULUNG AGUNG
7379518810,,ODP-TUL-FAB/19,-8.042645,111.849174,,,1,7,0,0,8,REGIONAL 5,KEDIRI,TULUNG AGUNG,TUL,,,2023-08-30 18:06:00,2021-08-13,2021,8,NON TITO,,,JAWA TIMUR,0.875,ORANGE,980520667,AREA 3,JATIM,MALANG,TULUNGAGUNG,,,0,0,0,JAWA TIMUR,TULUNGAGUNG,KAUMAN,PUCANGAN,TULUNG AGUNG
781843866,,ODP-NGU-FA/43,-8.106745,112.024718,,,1,7,0,0,8,REGIONAL 5,KEDIRI,TULUNG AGUNG,NGU,,,2024-03-16 23:27:24,2016-08-03,2016,8,NON TITO,,,JAWA TIMUR,0.875,ORANGE,34238793,AREA 3,JATIM,MALANG,TULUNGAGUNG,,,0,0,0,JAWA TIMUR,TULUNGAGUNG,NGUNUT,GILANG,TULUNG AGUNG
2123893592,,ODP-TUL-FN/33,-8.081614,111.886111,,,1,15,0,0,16,REGIONAL 5,KEDIRI,TULUNG AGUNG,TUL,,,2023-08-30 17:57:49,2018-01-08,2018,1,NON TITO,,,JAWA TIMUR,0.9375,ORANGE,259737333,AREA 3,JATIM,MALANG,TULUNGAGUNG,,,0,0,0,JAWA TIMUR,TULUNGAGUNG,BOYOLANGU,WAUNG,TULUNG AGUNG
8870219191,,ODP-TUL-FAQ/21,-8.064579,111.910833,,,1,7,0,0,8,REGIONAL 5,KEDIRI,TULUNG AGUNG,TUL,,,2024-03-16 23:26:20,2022-06-09,2022,6,NON TITO,,,JAWA TIMUR,0.875,ORANGE,1184778394,AREA 3,JATIM,MALANG,TULUNGAGUNG,,,0,0,0,JAWA TIMUR,TULUNGAGUNG,TULUNGAGUNG,BAGO,TULUNG AGUNG
8796869093,,ODP-NGU-FG/09,-8.125999,112.117906,,,1,7,0,0,8,REGIONAL 5,KEDIRI,TULUNG AGUNG,NGU,,,2024-03-16 23:26:29,2022-05-25,2022,5,NON TITO,,,JAWA TIMUR,0.875,ORANGE,1181907887,AREA 3,JATIM,MALANG,TULUNGAGUNG,,,0,0,0,JAWA TIMUR,TULUNGAGUNG,REJOTANGAN,REJOTANGAN,TULUNG AGUNG
8796869008,,ODP-TUL-FY/66,-8.064017,111.954949,,,1,7,0,0,8,REGIONAL 5,KEDIRI,TULUNG AGUNG,TUL,,,2024-03-16 23:27:39,2022-05-25,2022,5,NON TITO,,,JAWA TIMUR,0.875,ORANGE,1181907690,AREA 3,JATIM,MALANG,TULUNGAGUNG,,,0,0,0,JAWA TIMUR,TULUNGAGUNG,KEDUNGWARU,LODERESAN,TULUNG AGUNG
2074320814,,ODP-TUL-FAC/18,-8.077592,111.85745,,,1,7,0,0,8,REGIONAL 5,KEDIRI,TULUNG AGUNG,TUL,,,2023-08-30 17:57:52,2017-12-20,2017,12,NON TITO,,,JAWA TIMUR,0.875,ORANGE,256176503,AREA 3,JATIM,MALANG,TULUNGAGUNG,,,0,0,0,JAWA TIMUR,TULUNGAGUNG,GONDANG,BENDO,TULUNG AGUNG
1502896159,,ODP-TUL-FT/30,-8.051742,111.916168,,,1,7,0,0,8,REGIONAL 5,KEDIRI,TULUNG AGUNG,TUL,,,2024-03-16 23:24:25,2017-05-30,2017,5,NON TITO,,,JAWA TIMUR,0.875,ORANGE,156172330,AREA 3,JATIM,MALANG,TULUNGAGUNG,,,0,0,0,JAWA TIMUR,TULUNGAGUNG,KEDUNGWARU,KEDUNGWARU,TULUNG AGUNG
10636393566,,ODP-TRE-FS/24,-8.160376,111.578713,,,1,7,0,0,8,REGIONAL 5,KEDIRI,TULUNG AGUNG,TRE,,,2024-03-16 23:23:48,2023-09-15,2023,9,NON TITO,,,JAWA TIMUR,0.875,ORANGE,1320805918,AREA 3,JATIM,MADIUN,PONOROGO,,,0,0,0,JAWA TIMUR,TRENGGALEK,DONGKO,SUMBERBENING,TULUNG AGUNG
8763418689,,ODP-KWR-FB/28,-8.203194,112.021575,,,1,7,0,0,8,REGIONAL 5,KEDIRI,TULUNG AGUNG,KWR,,,2024-03-16 23:25:04,2022-05-13,2022,5,NON TITO,,,JAWA TIMUR,0.875,ORANGE,1181163697,AREA 3,JATIM,MALANG,TULUNGAGUNG,,,0,0,0,JAWA TIMUR,TULUNGAGUNG,PUCANG LABAN,SUMBERDADAP,TULUNG AGUNG
10636919155,,ODP-TUL-FAP/82,-7.964534,111.941649,,,1,7,0,0,8,REGIONAL 5,KEDIRI,TULUNG AGUNG,TUL,,,2024-03-16 23:23:44,2023-09-17,2023,9,NON TITO,,,JAWA TIMUR,0.875,ORANGE,1322080622,AREA 3,JATIM,MALANG,TULUNGAGUNG,,,0,0,0,JAWA TIMUR,TULUNGAGUNG,NGANTRU,BANJARSARI,TULUNG AGUNG
8471368587,,ODP-NGU-FB/35,-8.105203,112.029556,,,1,7,0,0,8,REGIONAL 5,KEDIRI,TULUNG AGUNG,NGU,,,2023-08-30 18:08:53,2022-02-25,2022,2,NON TITO,,,JAWA TIMUR,0.875,ORANGE,1166834297,AREA 3,JATIM,MALANG,TULUNGAGUNG,,,0,0,0,JAWA TIMUR,TULUNGAGUNG,NGUNUT,KALIWUNGU,TULUNG AGUNG
10748893634,,ODP-TRE-FZ/59,-8.026953,111.708134,,,1,7,0,0,8,REGIONAL 5,KEDIRI,TULUNG AGUNG,TRE,,,2024-03-16 23:25:13,2023-10-11,2023,10,NON TITO,,,JAWA TIMUR,0.875,ORANGE,1325618746,AREA 3,JATIM,MADIUN,PONOROGO,,,0,0,0,JAWA TIMUR,TRENGGALEK,TRENGGALEK,NGARES,TULUNG AGUNG
8754943650,,ODP-KWR-FB/24,-8.198264,112.021853,,,1,7,0,0,8,REGIONAL 5,KEDIRI,TULUNG AGUNG,KWR,,,2024-03-16 23:26:47,2022-05-12,2022,5,NON TITO,,,JAWA TIMUR,0.875,ORANGE,1181013065,AREA 3,JATIM,MALANG,TULUNGAGUNG,,,0,0,0,JAWA TIMUR,TULUNGAGUNG,PUCANG LABAN,SUMBERDADAP,TULUNG AGUNG
12178318588,,ODP-NGU-FA/78,-8.1044,112.013542,,,1,7,0,0,8,REGIONAL 5,KEDIRI,TULUNG AGUNG,NGU,,,2025-05-15 17:51:24,2025-05-14,2025,5,NON TITO,,,JAWA TIMUR,0.875,ORANGE,1498097468,AREA 3,JATIM,MALANG,TULUNGAGUNG,,,0,0,0,JAWA TIMUR,TULUNGAGUNG,NGUNUT,NGUNUT,TULUNG AGUNG
1364595583,,ODP-TUL-FG/66,-8.107257,111.941316,,,2,14,0,0,16,REGIONAL 5,KEDIRI,TULUNG AGUNG,TUL,,,2024-03-16 23:24:28,2017-04-17,2017,4,NON TITO,,,JAWA TIMUR,0.875,ORANGE,81747678,AREA 3,JATIM,MALANG,TULUNGAGUNG,,,0,0,0,JAWA TIMUR,TULUNGAGUNG,SUMBERGEMPOL,DOROAMPEL,TULUNG AGUNG
10005793716,,ODP-TUL-FAE/10,-7.99741,111.912486,,,1,7,0,0,8,REGIONAL 5,KEDIRI,TULUNG AGUNG,TUL,,,2024-03-16 23:25:54,2023-03-17,2023,3,NON TITO,,,JAWA TIMUR,0.875,ORANGE,1278612017,AREA 3,JATIM,MALANG,TULUNGAGUNG,,,0,0,0,JAWA TIMUR,TULUNGAGUNG,KARANGREJO,KARANGREJO,TULUNG AGUNG
8866920655,,ODP-TUL-FY/57,-8.051728,111.942639,,,1,7,0,0,8,REGIONAL 5,KEDIRI,TULUNG AGUNG,TUL,,,2024-03-16 23:28:29,2022-06-10,2022,6,NON TITO,,,JAWA TIMUR,0.875,ORANGE,1184790256,AREA 3,JATIM,MALANG,TULUNGAGUNG,,,0,0,0,JAWA TIMUR,TULUNGAGUNG,KEDUNGWARU,BANGOAN,TULUNG AGUNG
1369769047,,ODP-TUL-FAC/03,-8.07417,111.845259,,,3,13,0,0,16,REGIONAL 5,KEDIRI,TULUNG AGUNG,TUL,,,2024-03-16 23:23:57,2017-04-19,2017,4,NON TITO,,,JAWA TIMUR,0.8125,ORANGE,81773486,AREA 3,JATIM,MALANG,TULUNGAGUNG,,,0,0,0,JAWA TIMUR,TULUNGAGUNG,GONDANG,GONDANG,TULUNG AGUNG
9671893574,,ODP-TUL-FAH/24,-8.019454,111.934503,,,1,7,0,0,8,REGIONAL 5,KEDIRI,TULUNG AGUNG,TUL,,,2024-03-16 23:29:01,2022-12-12,2022,12,NON TITO,,,JAWA TIMUR,0.875,ORANGE,1252933795,AREA 3,JATIM,MALANG,TULUNGAGUNG,,,0,0,0,JAWA TIMUR,TULUNGAGUNG,NGANTRU,BENDOSARI,TULUNG AGUNG
9090868902,,ODP-TRE-FQ/47,-8.214972,111.532078,,,1,7,0,0,8,REGIONAL 5,KEDIRI,TULUNG AGUNG,TRE,,,2024-03-16 23:23:20,2022-08-08,2022,8,NON TITO,,,JAWA TIMUR,0.875,ORANGE,1206153409,AREA 3,JATIM,MADIUN,PONOROGO,,,0,0,0,JAWA TIMUR,TRENGGALEK,DONGKO,CAKUL,TULUNG AGUNG
9732718994,,ODP-TUL-FBC/01,-8.058508,111.928192,,,3,13,0,0,16,REGIONAL 5,KEDIRI,TULUNG AGUNG,TUL,,,2024-03-16 23:23:56,2023-01-06,2023,1,NON TITO,,,JAWA TIMUR,0.8125,ORANGE,1261599571,AREA 3,JATIM,MALANG,TULUNGAGUNG,,,0,0,0,JAWA TIMUR,TULUNGAGUNG,KEDUNGWARU,TUNGGULSARI,TULUNG AGUNG
9081943669,,ODP-TRE-FH/35,-8.029928,111.642466,,,1,7,0,0,8,REGIONAL 5,KEDIRI,TULUNG AGUNG,TRE,,,2024-03-16 23:26:51,2022-08-04,2022,8,NON TITO,,,JAWA TIMUR,0.875,ORANGE,1204274406,AREA 3,JATIM,MADIUN,PONOROGO,,,0,0,0,JAWA TIMUR,TRENGGALEK,TUGU,WINONG,TULUNG AGUNG
776893882,,ODP-TUL-FS/14,-8.043691,111.861819,,,1,7,0,0,8,REGIONAL 5,KEDIRI,TULUNG AGUNG,TUL,,,2024-03-16 23:26:57,2016-08-02,2016,8,NON TITO,,,JAWA TIMUR,0.875,ORANGE,34235698,AREA 3,JATIM,MALANG,TULUNGAGUNG,,,0,0,0,JAWA TIMUR,TULUNGAGUNG,KAUMAN,MOJOSARI,TULUNG AGUNG
9062519959,,ODP-CAT-FA/69,-8.164876,111.853431,,,1,7,0,0,8,REGIONAL 5,KEDIRI,TULUNG AGUNG,CAT,,,2024-03-16 23:21:04,2022-08-01,2022,8,NON TITO,,,JAWA TIMUR,0.875,ORANGE,1203879389,AREA 3,JATIM,MALANG,TULUNGAGUNG,,,0,0,0,JAWA TIMUR,TULUNGAGUNG,CAMPURDARAT,CAMPURDARAT,TULUNG AGUNG
9765194663,,ODP-TUL-FAJ/73,-8.051605,111.866993,,,1,7,0,0,8,REGIONAL 5,KEDIRI,TULUNG AGUNG,TUL,,,2024-03-16 23:29:02,2023-01-16,2023,1,NON TITO,,,JAWA TIMUR,0.875,ORANGE,1262277716,AREA 3,JATIM,MALANG,TULUNGAGUNG,,,0,0,0,JAWA TIMUR,TULUNGAGUNG,KAUMAN,KAUMAN,TULUNG AGUNG
9735873484,,ODP-TRE-FH/37,-8.041641,111.645466,,,1,7,0,0,8,REGIONAL 5,KEDIRI,TULUNG AGUNG,TRE,,,2024-03-16 23:26:02,2023-01-17,2023,1,NON TITO,,,JAWA TIMUR,0.875,ORANGE,1262290394,AREA 3,JATIM,MADIUN,PONOROGO,,,0,0,0,JAWA TIMUR,TRENGGALEK,TUGU,SUKOREJO,TULUNG AGUNG
1007003847,,ODP-PRI-FB/19,-8.272252,111.715452,,,1,7,0,0,8,REGIONAL 5,KEDIRI,TULUNG AGUNG,PRI,,,2024-03-16 23:23:03,2016-10-26,2016,10,NON TITO,,,JAWA TIMUR,0.875,ORANGE,36784074,AREA 3,JATIM,MADIUN,PONOROGO,,,0,0,0,JAWA TIMUR,TRENGGALEK,WATULIMO,PRIGI,TULUNG AGUNG
11986393740,,ODP-TUL-FBB/01,-7.995851,111.822765,,,1,7,0,0,8,REGIONAL 5,KEDIRI,TULUNG AGUNG,TUL,,,2024-11-23 17:33:20,2024-11-22,2024,11,NON TITO,,,JAWA TIMUR,0.875,ORANGE,1495161740,AREA 3,JATIM,MALANG,TULUNGAGUNG,,,0,0,0,JAWA TIMUR,TULUNGAGUNG,PAGERWOJO,SEGAWE,TULUNG AGUNG
9047669553,,ODP-CAT-FE/26,-8.170495,111.797185,,,1,7,0,0,8,REGIONAL 5,KEDIRI,TULUNG AGUNG,CAT,,,2024-03-16 23:21:25,2022-07-27,2022,7,NON TITO,,,JAWA TIMUR,0.875,ORANGE,1203844740,AREA 3,JATIM,MALANG,TULUNGAGUNG,,,0,0,0,JAWA TIMUR,TULUNGAGUNG,BANDUNG,NGUNGGAHAN,TULUNG AGUNG
9049769568,,ODP-TUL-FBA/16,-8.000713,111.911727,,,1,7,0,0,8,REGIONAL 5,KEDIRI,TULUNG AGUNG,TUL,,,2024-03-16 23:23:25,2022-07-25,2022,7,NON TITO,,,JAWA TIMUR,0.875,ORANGE,1203821710,AREA 3,JATIM,MALANG,TULUNGAGUNG,,,0,0,0,JAWA TIMUR,TULUNGAGUNG,KARANGREJO,KARANGREJO,TULUNG AGUNG
8954293704,,ODP-TUL-FBA/15,-8.001782,111.910042,,,1,7,0,0,8,REGIONAL 5,KEDIRI,TULUNG AGUNG,TUL,,,2024-03-16 23:28:09,2022-07-04,2022,7,NON TITO,,,JAWA TIMUR,0.875,ORANGE,1193093968,AREA 3,JATIM,MALANG,TULUNGAGUNG,,,0,0,0,JAWA TIMUR,TULUNGAGUNG,KARANGREJO,KARANGREJO,TULUNG AGUNG
1379841210,,ODP-TUL-FS/38,-8.046224,111.869235,,,1,7,0,0,8,REGIONAL 5,KEDIRI,TULUNG AGUNG,TUL,,,2024-03-16 23:28:11,2017-05-02,2017,5,NON TITO,,,JAWA TIMUR,0.875,ORANGE,123419850,AREA 3,JATIM,MALANG,TULUNGAGUNG,,,0,0,0,JAWA TIMUR,TULUNGAGUNG,KAUMAN,MOJOSARI,TULUNG AGUNG
9952019246,,ODP-TUL-FU/69,-8.102754,111.896759,,,1,7,0,0,8,REGIONAL 5,KEDIRI,TULUNG AGUNG,TUL,,,2024-03-16 23:26:55,2023-03-07,2023,3,NON TITO,,,JAWA TIMUR,0.875,ORANGE,1276505421,AREA 3,JATIM,MALANG,TULUNGAGUNG,,,0,0,0,JAWA TIMUR,TULUNGAGUNG,BOYOLANGU,BOYOLANGU,TULUNG AGUNG
8921069277,,ODP-TUL-FAN/12,-8.054081,111.907867,,,1,7,0,0,8,REGIONAL 5,KEDIRI,TULUNG AGUNG,TUL,,,2024-03-16 23:24:02,2022-06-27,2022,6,NON TITO,,,JAWA TIMUR,0.875,ORANGE,1185471587,AREA 3,JATIM,MALANG,TULUNGAGUNG,,,0,0,0,JAWA TIMUR,TULUNGAGUNG,KEDUNGWARU,KEDUNGWARU,TULUNG AGUNG
2475043712,,ODP-TUL-FAE/41,-7.991593,111.904668,,,1,7,0,0,8,REGIONAL 5,KEDIRI,TULUNG AGUNG,TUL,,,2023-08-30 18:02:29,2018-04-28,2018,4,NON TITO,,,JAWA TIMUR,0.875,ORANGE,353622694,AREA 3,JATIM,MALANG,TULUNGAGUNG,,,0,0,0,JAWA TIMUR,TULUNGAGUNG,KARANGREJO,SUKODONO,TULUNG AGUNG
8921069245,,ODP-TUL-FAC/47,-8.080843,111.866778,,,1,7,0,0,8,REGIONAL 5,KEDIRI,TULUNG AGUNG,TUL,,,2024-03-16 23:23:53,2022-06-27,2022,6,NON TITO,,,JAWA TIMUR,0.875,ORANGE,1185471152,AREA 3,JATIM,MALANG,TULUNGAGUNG,,,0,0,0,JAWA TIMUR,TULUNGAGUNG,GONDANG,REJOSARI,TULUNG AGUNG
1486697568,,ODP-PRI-FB/85,-8.275683,111.715684,,,1,7,0,0,8,REGIONAL 5,KEDIRI,TULUNG AGUNG,PRI,,,2024-03-16 23:27:26,2017-05-23,2017,5,NON TITO,,,JAWA TIMUR,0.875,ORANGE,129920037,AREA 3,JATIM,MADIUN,PONOROGO,,,0,0,0,JAWA TIMUR,TRENGGALEK,WATULIMO,PRIGI,TULUNG AGUNG
781543548,,ODP-TUL-FS/20,-8.048881,111.865456,,,1,14,0,0,16,REGIONAL 5,KEDIRI,TULUNG AGUNG,TUL,,,2024-03-16 23:26:54,2016-08-02,2016,8,NON TITO,,,JAWA TIMUR,0.875,ORANGE,34236581,AREA 3,JATIM,MALANG,TULUNGAGUNG,,,0,0,0,JAWA TIMUR,TULUNGAGUNG,KAUMAN,MOJOSARI,TULUNG AGUNG
781543719,,ODP-TUL-FZ/02,-8.097274,111.89822,,,1,15,0,0,16,REGIONAL 5,KEDIRI,TULUNG AGUNG,TUL,,,2024-03-16 23:26:21,2016-08-02,2016,8,NON TITO,,,JAWA TIMUR,0.9375,ORANGE,34238532,AREA 3,JATIM,MALANG,TULUNGAGUNG,,,0,0,0,JAWA TIMUR,TULUNGAGUNG,BOYOLANGU,WAUNG,TULUNG AGUNG
1487824325,,ODP-PRI-FA/06,-8.219885,111.717984,,,1,7,0,0,8,REGIONAL 5,KEDIRI,TULUNG AGUNG,PRI,,,2024-03-16 23:23:11,2017-05-24,2017,5,NON TITO,,,JAWA TIMUR,0.875,ORANGE,129990727,AREA 3,JATIM,MADIUN,PONOROGO,,,0,0,0,JAWA TIMUR,TRENGGALEK,WATULIMO,WATULIMO,TULUNG AGUNG
1007005345,,ODP-PRI-FB/21,-8.276819,111.715804,,,1,7,0,0,8,REGIONAL 5,KEDIRI,TULUNG AGUNG,PRI,,,2024-03-16 23:23:30,2016-10-26,2016,10,NON TITO,,,JAWA TIMUR,0.875,ORANGE,36784959,AREA 3,JATIM,MADIUN,PONOROGO,,,0,0,0,JAWA TIMUR,TRENGGALEK,WATULIMO,PRIGI,TULUNG AGUNG
130663481,,ODP-TUL-FA/28,-8.0559,111.9047,,,3,13,0,0,16,REGIONAL 5,KEDIRI,TULUNG AGUNG,TUL,,,2024-03-16 23:28:30,2016-02-27,2016,2,NON TITO,,,JAWA TIMUR,0.8125,ORANGE,7900272,AREA 3,JATIM,MALANG,TULUNGAGUNG,,,0,0,0,JAWA TIMUR,TULUNGAGUNG,KEDUNGWARU,KEDUNGWARU,TULUNG AGUNG
781843877,,ODP-NGU-FA/40,-8.10482,112.021013,,,1,7,0,0,8,REGIONAL 5,KEDIRI,TULUNG AGUNG,NGU,,,2024-03-16 23:28:32,2016-08-03,2016,8,NON TITO,,,JAWA TIMUR,0.875,ORANGE,34089327,AREA 3,JATIM,MALANG,TULUNGAGUNG,,,0,0,0,JAWA TIMUR,TULUNGAGUNG,NGUNUT,GILANG,TULUNG AGUNG
12185369679,,ODP-TUL-FAZ/29,-8.054013,111.90237,,,1,7,0,0,8,REGIONAL 5,KEDIRI,TULUNG AGUNG,TUL,,,2025-06-03 17:45:14,2025-06-02,2025,6,NON TITO,,,JAWA TIMUR,0.875,ORANGE,1499296897,AREA 3,JATIM,MALANG,TULUNGAGUNG,,,0,0,0,JAWA TIMUR,TULUNGAGUNG,KEDUNGWARU,KEDUNGWARU,TULUNG AGUNG
788218533,,ODP-NGU-FD/05,-8.138891,111.989144,,,2,14,0,0,16,REGIONAL 5,KEDIRI,TULUNG AGUNG,NGU,,,2024-03-16 23:25:21,2016-08-03,2016,8,NON TITO,,,JAWA TIMUR,0.875,ORANGE,34242689,AREA 3,JATIM,MALANG,TULUNGAGUNG,,,0,0,0,JAWA TIMUR,TULUNGAGUNG,NGUNUT,BALESONO,TULUNG AGUNG
130587392,,ODP-TUL-FT/12,-8.0552,111.9229,,,2,13,1,0,16,REGIONAL 5,KEDIRI,TULUNG AGUNG,TUL,,,2024-03-16 23:25:53,2016-02-27,2016,2,NON TITO,,,JAWA TIMUR,0.8125,ORANGE,7824627,AREA 3,JATIM,MALANG,TULUNGAGUNG,,,0,0,0,JAWA TIMUR,TULUNGAGUNG,KEDUNGWARU,KEDUNGWARU,TULUNG AGUNG
130636480,,ODP-TUL-FB/01,-8.0798,111.9167,,,1,15,0,0,16,REGIONAL 5,KEDIRI,TULUNG AGUNG,TUL,,,2024-03-16 23:22:21,2016-02-27,2016,2,NON TITO,,,JAWA TIMUR,0.9375,ORANGE,7875360,AREA 3,JATIM,MALANG,TULUNGAGUNG,,,0,0,0,JAWA TIMUR,TULUNGAGUNG,BOYOLANGU,SERUT,TULUNG AGUNG
130594226,,ODP-TRE-FB/09,-8.061,111.7108,,,2,14,0,0,16,REGIONAL 5,KEDIRI,TULUNG AGUNG,TRE,,,2024-03-16 23:27:26,2016-02-27,2016,2,NON TITO,,,JAWA TIMUR,0.875,ORANGE,7829002,AREA 3,JATIM,MADIUN,PONOROGO,,,0,0,0,JAWA TIMUR,TRENGGALEK,TRENGGALEK,NGANTRU,TULUNG AGUNG
8620769393,,ODP-CAT-FC/11,-8.190373,111.734091,,,1,7,0,0,8,REGIONAL 5,KEDIRI,TULUNG AGUNG,CAT,,,2024-03-16 23:26:23,2022-04-05,2022,4,NON TITO,,,JAWA TIMUR,0.875,ORANGE,1170381835,AREA 3,JATIM,MALANG,TULUNGAGUNG,,,0,0,0,JAWA TIMUR,TULUNGAGUNG,BANDUNG,NGLAMPIR,TULUNG AGUNG
130587513,,ODP-TUL-FG/51,-8.0787,111.9042,,,1,7,0,0,8,REGIONAL 5,KEDIRI,TULUNG AGUNG,TUL,,,2024-03-16 23:25:54,2016-02-27,2016,2,NON TITO,,,JAWA TIMUR,0.875,ORANGE,7824718,AREA 3,JATIM,MALANG,TULUNGAGUNG,,,0,0,0,JAWA TIMUR,TULUNGAGUNG,BOYOLANGU,SERUT,TULUNG AGUNG
2106494685,,ODP-TUL-FZ/29,-8.078727,111.902777,,,2,14,0,0,16,REGIONAL 5,KEDIRI,TULUNG AGUNG,TUL,,,2024-03-16 23:25:05,2018-01-04,2018,1,NON TITO,,,JAWA TIMUR,0.875,ORANGE,258995935,AREA 3,JATIM,MALANG,TULUNGAGUNG,,,0,0,0,JAWA TIMUR,TULUNGAGUNG,TULUNGAGUNG,TAMANAN,TULUNG AGUNG
1039997538,,ODP-TUL-FC/06,-8.048752,111.937854,,,2,14,0,0,16,REGIONAL 5,KEDIRI,TULUNG AGUNG,TUL,,,2024-03-16 23:26:25,2016-11-04,2016,11,NON TITO,,,JAWA TIMUR,0.875,ORANGE,37419332,AREA 3,JATIM,MALANG,TULUNGAGUNG,,,0,0,0,JAWA TIMUR,TULUNGAGUNG,KEDUNGWARU,BANGOAN,TULUNG AGUNG
691468646,,ODP-TUL-FA/62,-8.049472,111.906377,,,3,13,0,0,16,REGIONAL 5,KEDIRI,TULUNG AGUNG,TUL,,,2024-03-16 23:23:45,2016-06-16,2016,6,NON TITO,,,JAWA TIMUR,0.8125,ORANGE,33674173,AREA 3,JATIM,MALANG,TULUNGAGUNG,,,0,0,0,JAWA TIMUR,TULUNGAGUNG,KEDUNGWARU,KEDUNGWARU,TULUNG AGUNG
8619568667,,ODP-NGU-FJ/09,-8.104379,112.012731,,,1,15,0,0,16,REGIONAL 5,KEDIRI,TULUNG AGUNG,NGU,,,2024-03-16 23:28:06,2022-04-04,2022,4,NON TITO,,,JAWA TIMUR,0.9375,ORANGE,1170371337,AREA 3,JATIM,MALANG,TULUNGAGUNG,,,0,0,0,JAWA TIMUR,TULUNGAGUNG,NGUNUT,NGUNUT,TULUNG AGUNG
2107244068,,ODP-TUL-FS/71,-8.053004,111.862474,,,3,13,0,0,16,REGIONAL 5,KEDIRI,TULUNG AGUNG,TUL,,,2024-03-16 23:24:18,2018-01-04,2018,1,NON TITO,,,JAWA TIMUR,0.8125,ORANGE,258996783,AREA 3,JATIM,MALANG,TULUNGAGUNG,,,0,0,0,JAWA TIMUR,TULUNGAGUNG,KAUMAN,BOLOREJO,TULUNG AGUNG
130587610,,ODP-TUL-FM/24,-8.0639,111.9326,,,2,14,0,0,16,REGIONAL 5,KEDIRI,TULUNG AGUNG,TUL,,,2024-03-16 23:24:54,2016-02-27,2016,2,NON TITO,,,JAWA TIMUR,0.875,ORANGE,7824792,AREA 3,JATIM,MALANG,TULUNGAGUNG,,,0,0,0,JAWA TIMUR,TULUNGAGUNG,KEDUNGWARU,TUNGGULSARI,TULUNG AGUNG
2117368939,,ODP-TUL-FS/64,-8.04753,111.865463,,,1,15,0,0,16,REGIONAL 5,KEDIRI,TULUNG AGUNG,TUL,,,2024-03-16 23:24:37,2018-01-04,2018,1,NON TITO,,,JAWA TIMUR,0.9375,ORANGE,258996815,AREA 3,JATIM,MALANG,TULUNGAGUNG,,,0,0,0,JAWA TIMUR,TULUNGAGUNG,KAUMAN,MOJOSARI,TULUNG AGUNG
8619568655,,ODP-NGU-FJ/14,-8.106635,112.009181,,,1,7,0,0,8,REGIONAL 5,KEDIRI,TULUNG AGUNG,NGU,,,2024-03-16 23:29:01,2022-04-04,2022,4,NON TITO,,,JAWA TIMUR,0.875,ORANGE,1170371329,AREA 3,JATIM,MALANG,TULUNGAGUNG,,,0,0,0,JAWA TIMUR,TULUNGAGUNG,NGUNUT,NGUNUT,TULUNG AGUNG
2107244132,,ODP-TUL-FS/73,-8.057289,111.871187,,,1,7,0,0,8,REGIONAL 5,KEDIRI,TULUNG AGUNG,TUL,,,2024-03-16 23:24:20,2018-01-04,2018,1,NON TITO,,,JAWA TIMUR,0.875,ORANGE,258996839,AREA 3,JATIM,MALANG,TULUNGAGUNG,,,0,0,0,JAWA TIMUR,TULUNGAGUNG,KAUMAN,KAUMAN,TULUNG AGUNG
12428518963,,ODP-TUL-FAZ/70,-8.058884,111.902493,,,1,7,0,0,8,REGIONAL 5,KEDIRI,TULUNG AGUNG,TUL,,,2025-10-10 17:48:45,2025-10-09,2025,10,NON TITO,,,JAWA TIMUR,0.875,ORANGE,1501926634,AREA 3,JATIM,MALANG,TULUNGAGUNG,,,0,0,0,JAWA TIMUR,TULUNGAGUNG,TULUNGAGUNG,KAMPUNGDALEM,TULUNG AGUNG
130593373,,ODP-TRE-FC/21,-8.0536,111.7162,,,3,13,0,0,16,REGIONAL 5,KEDIRI,TULUNG AGUNG,TRE,,,2024-03-16 23:27:14,2016-02-27,2016,2,NON TITO,,,JAWA TIMUR,0.8125,ORANGE,7828507,AREA 3,JATIM,MADIUN,PONOROGO,,,0,0,0,JAWA TIMUR,TRENGGALEK,TRENGGALEK,SUMBERGEDONG,TULUNG AGUNG
130587647,,ODP-TUL-FM/18,-8.05821,111.922219,,,3,13,0,0,16,REGIONAL 5,KEDIRI,TULUNG AGUNG,TUL,,,2024-03-16 23:25:18,2016-02-27,2016,2,NON TITO,,,JAWA TIMUR,0.8125,ORANGE,7824822,AREA 3,JATIM,MALANG,TULUNGAGUNG,,,0,0,0,JAWA TIMUR,TULUNGAGUNG,KEDUNGWARU,KEDUNGWARU,TULUNG AGUNG
12428518968,,ODP-TUL-FAZ/71,-8.057789,111.904035,,,1,7,0,0,8,REGIONAL 5,KEDIRI,TULUNG AGUNG,TUL,,,2025-10-10 17:48:40,2025-10-09,2025,10,NON TITO,,,JAWA TIMUR,0.875,ORANGE,1501926637,AREA 3,JATIM,MALANG,TULUNGAGUNG,,,0,0,0,JAWA TIMUR,TULUNGAGUNG,KEDUNGWARU,KEDUNGWARU,TULUNG AGUNG
130592987,,ODP-TRE-FK/04,-8.0456,111.7337,,,1,7,0,0,8,REGIONAL 5,KEDIRI,TULUNG AGUNG,TRE,,,2024-03-16 23:27:11,2016-02-27,2016,2,NON TITO,,,JAWA TIMUR,0.875,ORANGE,7828278,AREA 3,JATIM,MADIUN,PONOROGO,,,0,0,0,JAWA TIMUR,TRENGGALEK,TRENGGALEK,REJOWINANGUN,TULUNG AGUNG
1221120434,,ODP-TUL-FN/19,-8.07598,111.887839,,,3,13,0,0,16,REGIONAL 5,KEDIRI,TULUNG AGUNG,TUL,,,2024-03-16 23:24:03,2017-02-08,2017,2,NON TITO,,,JAWA TIMUR,0.8125,ORANGE,62454512,AREA 3,JATIM,MALANG,TULUNGAGUNG,,,0,0,0,JAWA TIMUR,TULUNGAGUNG,BOYOLANGU,GEDANGSEWU,TULUNG AGUNG
8593319962,,ODP-NGU-FD/37,-8.124068,111.994755,,,1,7,0,0,8,REGIONAL 5,KEDIRI,TULUNG AGUNG,NGU,,,2024-03-16 23:24:41,2022-03-31,2022,3,NON TITO,,,JAWA TIMUR,0.875,ORANGE,1169709972,AREA 3,JATIM,MALANG,TULUNGAGUNG,,,0,0,0,JAWA TIMUR,TULUNGAGUNG,NGUNUT,SUMBERINGIN KULON,TULUNG AGUNG
12350068956,,ODP-TUL-FK/34,-8.081543,111.937872,,,1,7,0,0,8,REGIONAL 5,KEDIRI,TULUNG AGUNG,TUL,,,2025-09-04 19:23:40,2025-09-03,2025,9,NON TITO,,,JAWA TIMUR,0.875,ORANGE,1500741699,AREA 3,JATIM,MALANG,TULUNGAGUNG,,,0,0,0,JAWA TIMUR,TULUNGAGUNG,SUMBERGEMPOL,SUMBERDADI,TULUNG AGUNG
130644271,,ODP-TUL-FD/06,-8.0654,111.9063,,,1,13,1,0,16,REGIONAL 5,KEDIRI,TULUNG AGUNG,TUL,,,2024-03-16 23:23:56,2016-02-27,2016,2,NON TITO,,,JAWA TIMUR,0.8125,ORANGE,7883045,AREA 3,JATIM,MALANG,TULUNGAGUNG,,,0,0,0,JAWA TIMUR,TULUNGAGUNG,TULUNGAGUNG,BAGO,TULUNG AGUNG
130587203,,ODP-TUL-FM/21,-8.0637,111.9347,,,3,13,0,0,16,REGIONAL 5,KEDIRI,TULUNG AGUNG,TUL,,,2024-03-16 23:25:09,2016-02-27,2016,2,NON TITO,,,JAWA TIMUR,0.8125,ORANGE,7824487,AREA 3,JATIM,MALANG,TULUNGAGUNG,,,0,0,0,JAWA TIMUR,TULUNGAGUNG,KEDUNGWARU,TUNGGULSARI,TULUNG AGUNG
130661859,,ODP-NGU-FA/31,-8.106669,112.010631,,,2,14,0,0,16,REGIONAL 5,KEDIRI,TULUNG AGUNG,NGU,,,2024-03-16 23:28:23,2016-02-27,2016,2,NON TITO,,,JAWA TIMUR,0.875,ORANGE,7899067,AREA 3,JATIM,MALANG,TULUNGAGUNG,,,0,0,0,JAWA TIMUR,TULUNGAGUNG,NGUNUT,NGUNUT,TULUNG AGUNG
130587243,,ODP-NGU-FCLB/08,-8.1068,112.0004,,,1,7,0,0,8,REGIONAL 5,KEDIRI,TULUNG AGUNG,NGU,,,2024-03-16 23:26:03,2016-02-27,2016,2,NON TITO,,,JAWA TIMUR,0.875,ORANGE,7824518,AREA 3,JATIM,MALANG,TULUNGAGUNG,,,0,0,0,JAWA TIMUR,TULUNGAGUNG,NGUNUT,NGUNUT,TULUNG AGUNG
130661785,,ODP-NGU-FA/28,-8.108822,112.010661,,,3,13,0,0,16,REGIONAL 5,KEDIRI,TULUNG AGUNG,NGU,,,2024-03-16 23:28:16,2016-02-27,2016,2,NON TITO,,,JAWA TIMUR,0.8125,ORANGE,7899015,AREA 3,JATIM,MALANG,TULUNGAGUNG,,,0,0,0,JAWA TIMUR,TULUNGAGUNG,NGUNUT,NGUNUT,TULUNG AGUNG
786122086,,ODP-TRE-FF/05,-8.08514,111.69365,,,0,15,1,0,16,REGIONAL 5,KEDIRI,TULUNG AGUNG,TRE,,,2024-03-16 23:24:28,2016-08-11,2016,8,NON TITO,,,JAWA TIMUR,0.9375,ORANGE,34275529,AREA 3,JATIM,MADIUN,PONOROGO,,,0,0,0,JAWA TIMUR,TRENGGALEK,KARANGAN,SUMBERINGIN,TULUNG AGUNG
130661578,,ODP-NGU-FD/03,-8.1352,112.0051,,,1,7,0,0,8,REGIONAL 5,KEDIRI,TULUNG AGUNG,NGU,,,2024-03-16 23:27:09,2016-02-27,2016,2,NON TITO,,,JAWA TIMUR,0.875,ORANGE,7898860,AREA 3,JATIM,MALANG,TULUNGAGUNG,,,0,0,0,JAWA TIMUR,TULUNGAGUNG,NGUNUT,KACANGAN,TULUNG AGUNG
2107694025,,ODP-TUL-FM/55,-8.064781,111.92107,,,1,7,0,0,8,REGIONAL 5,KEDIRI,TULUNG AGUNG,TUL,,,2024-03-16 23:22:25,2018-01-05,2018,1,NON TITO,,,JAWA TIMUR,0.875,ORANGE,258416803,AREA 3,JATIM,MALANG,TULUNGAGUNG,,,0,0,0,JAWA TIMUR,TULUNGAGUNG,KEDUNGWARU,TUNGGULSARI,TULUNG AGUNG
1039995614,,ODP-TUL-FC/05,-8.048855,111.942456,,,2,14,0,0,16,REGIONAL 5,KEDIRI,TULUNG AGUNG,TUL,,,2024-03-16 23:26:10,2016-11-04,2016,11,NON TITO,,,JAWA TIMUR,0.875,ORANGE,37418709,AREA 3,JATIM,MALANG,TULUNGAGUNG,,,0,0,0,JAWA TIMUR,TULUNGAGUNG,KEDUNGWARU,BANGOAN,TULUNG AGUNG
130659491,,ODP-TUL-FH/17,-8.0262,111.9303,,,3,13,0,0,16,REGIONAL 5,KEDIRI,TULUNG AGUNG,TUL,,,2024-03-16 23:26:47,2016-02-27,2016,2,NON TITO,,,JAWA TIMUR,0.8125,ORANGE,7897310,AREA 3,JATIM,MALANG,TULUNGAGUNG,,,0,0,0,JAWA TIMUR,TULUNGAGUNG,KEDUNGWARU,TAPAN,TULUNG AGUNG
130659478,,ODP-TUL-FA/16,-8.0509,111.9219,,,3,13,0,0,16,REGIONAL 5,KEDIRI,TULUNG AGUNG,TUL,,,2024-03-16 23:27:41,2016-02-27,2016,2,NON TITO,,,JAWA TIMUR,0.8125,ORANGE,7897301,AREA 3,JATIM,MALANG,TULUNGAGUNG,,,0,0,0,JAWA TIMUR,TULUNGAGUNG,KEDUNGWARU,REJOAGUNG,TULUNG AGUNG
1237321597,,ODP-TRE-FJ/09,-8.046029,111.660763,,,2,14,0,0,16,REGIONAL 5,KEDIRI,TULUNG AGUNG,TRE,,,2024-03-16 23:28:58,2017-02-10,2017,2,NON TITO,,,JAWA TIMUR,0.875,ORANGE,62469479,AREA 3,JATIM,MADIUN,PONOROGO,,,0,0,0,JAWA TIMUR,TRENGGALEK,TUGU,NGLONGSOR,TULUNG AGUNG
130658122,,ODP-TUL-FB/08,-8.0773,111.9093,,,2,14,0,0,16,REGIONAL 5,KEDIRI,TULUNG AGUNG,TUL,,,2024-03-16 23:27:13,2016-02-27,2016,2,NON TITO,,,JAWA TIMUR,0.875,ORANGE,7896245,AREA 3,JATIM,MALANG,TULUNGAGUNG,,,0,0,0,JAWA TIMUR,TULUNGAGUNG,BOYOLANGU,SERUT,TULUNG AGUNG
8619568733,,ODP-NGU-FJ/19,-8.108659,112.01124,,,1,7,0,0,8,REGIONAL 5,KEDIRI,TULUNG AGUNG,NGU,,,2024-03-16 23:28:27,2022-04-04,2022,4,NON TITO,,,JAWA TIMUR,0.875,ORANGE,1170371381,AREA 3,JATIM,MALANG,TULUNGAGUNG,,,0,0,0,JAWA TIMUR,TULUNGAGUNG,NGUNUT,NGUNUT,TULUNG AGUNG
130658074,,ODP-TUL-FA/20,-8.0539,111.9175,,,0,7,0,0,8,REGIONAL 5,KEDIRI,TULUNG AGUNG,TUL,,,2024-03-16 23:27:11,2016-02-27,2016,2,NON TITO,,,JAWA TIMUR,0.875,ORANGE,7896207,AREA 3,JATIM,MALANG,TULUNGAGUNG,,,0,0,0,JAWA TIMUR,TULUNGAGUNG,KEDUNGWARU,KEDUNGWARU,TULUNG AGUNG
130587391,,ODP-TUL-FL/26,-8.064171,111.912894,,,0,15,0,0,16,REGIONAL 5,KEDIRI,TULUNG AGUNG,TUL,,,2024-03-16 23:25:47,2016-02-27,2016,2,NON TITO,,,JAWA TIMUR,0.9375,ORANGE,7824626,AREA 3,JATIM,MALANG,TULUNGAGUNG,,,0,0,0,JAWA TIMUR,TULUNGAGUNG,TULUNGAGUNG,BAGO,TULUNG AGUNG
1229819374,,ODP-TUL-FB/14,-8.077271,111.921246,,,2,14,0,0,16,REGIONAL 5,KEDIRI,TULUNG AGUNG,TUL,,,2024-03-16 23:28:56,2017-02-09,2017,2,NON TITO,,,JAWA TIMUR,0.875,ORANGE,62462989,AREA 3,JATIM,MALANG,TULUNGAGUNG,,,0,0,0,JAWA TIMUR,TULUNGAGUNG,KEDUNGWARU,PLOSOKANDANG,TULUNG AGUNG
8619568724,,ODP-NGU-FJ/16,-8.106907,112.015857,,,1,7,0,0,8,REGIONAL 5,KEDIRI,TULUNG AGUNG,NGU,,,2024-03-16 23:28:26,2022-04-04,2022,4,NON TITO,,,JAWA TIMUR,0.875,ORANGE,1170371375,AREA 3,JATIM,MALANG,TULUNGAGUNG,,,0,0,0,JAWA TIMUR,TULUNGAGUNG,NGUNUT,NGUNUT,TULUNG AGUNG
12325169645,,ODP-TUL-FAS/25,-8.082205,111.94628,,,1,7,0,0,8,REGIONAL 5,KEDIRI,TULUNG AGUNG,TUL,,,2025-08-28 17:51:12,2025-08-27,2025,8,NON TITO,,,JAWA TIMUR,0.875,ORANGE,1500629946,AREA 3,JATIM,MALANG,TULUNGAGUNG,,,0,0,0,JAWA TIMUR,TULUNGAGUNG,SUMBERGEMPOL,SUMBERDADI,TULUNG AGUNG
2107694359,,ODP-TUL-FM/53,-8.065246,111.926009,,,2,14,0,0,16,REGIONAL 5,KEDIRI,TULUNG AGUNG,TUL,,,2024-03-16 23:22:20,2018-01-05,2018,1,NON TITO,,,JAWA TIMUR,0.875,ORANGE,258416906,AREA 3,JATIM,MALANG,TULUNGAGUNG,,,0,0,0,JAWA TIMUR,TULUNGAGUNG,KEDUNGWARU,TUNGGULSARI,TULUNG AGUNG
8619568706,,ODP-NGU-FJ/40,-8.111221,112.008369,,,1,7,0,0,8,REGIONAL 5,KEDIRI,TULUNG AGUNG,NGU,,,2024-03-16 23:28:50,2022-04-04,2022,4,NON TITO,,,JAWA TIMUR,0.875,ORANGE,1170371363,AREA 3,JATIM,MALANG,TULUNGAGUNG,,,0,0,0,JAWA TIMUR,TULUNGAGUNG,NGUNUT,SUMBEREJO WETAN,TULUNG AGUNG
2117369352,,ODP-TUL-FS/54,-8.048669,111.858386,,,1,7,0,0,8,REGIONAL 5,KEDIRI,TULUNG AGUNG,TUL,,,2024-03-16 23:24:52,2018-01-04,2018,1,NON TITO,,,JAWA TIMUR,0.875,ORANGE,258412102,AREA 3,JATIM,MALANG,TULUNGAGUNG,,,0,0,0,JAWA TIMUR,TULUNGAGUNG,KAUMAN,MOJOSARI,TULUNG AGUNG
2107693952,,ODP-TUL-FM/56,-8.062801,111.921079,,,1,7,0,0,8,REGIONAL 5,KEDIRI,TULUNG AGUNG,TUL,,,2024-03-16 23:22:19,2018-01-05,2018,1,NON TITO,,,JAWA TIMUR,0.875,ORANGE,259064944,AREA 3,JATIM,MALANG,TULUNGAGUNG,,,0,0,0,JAWA TIMUR,TULUNGAGUNG,KEDUNGWARU,TUNGGULSARI,TULUNG AGUNG
1045548847,,ODP-TUL-FU/16,-8.119876,111.902193,,,1,7,0,0,8,REGIONAL 5,KEDIRI,TULUNG AGUNG,TUL,,,2024-03-16 23:22:57,2016-11-08,2016,11,NON TITO,,,JAWA TIMUR,0.875,ORANGE,37433282,AREA 3,JATIM,MALANG,TULUNGAGUNG,,,0,0,0,JAWA TIMUR,TULUNGAGUNG,BOYOLANGU,PUCUNG KIDUL,TULUNG AGUNG
2122094238,,ODP-TUL-FQ/12,-8.032993,111.91653,,,1,15,0,0,16,REGIONAL 5,KEDIRI,TULUNG AGUNG,TUL,,,2024-03-16 23:28:12,2018-01-05,2018,1,NON TITO,,,JAWA TIMUR,0.9375,ORANGE,259364223,AREA 3,JATIM,MALANG,TULUNGAGUNG,,,0,0,0,JAWA TIMUR,TULUNGAGUNG,KEDUNGWARU,REJOAGUNG,TULUNG AGUNG
8595493685,,ODP-TUL-FAZ/19,-8.043422,111.907381,,,1,7,0,0,8,REGIONAL 5,KEDIRI,TULUNG AGUNG,TUL,,,2024-03-16 23:27:22,2022-03-29,2022,3,NON TITO,,,JAWA TIMUR,0.875,ORANGE,1169693227,AREA 3,JATIM,MALANG,TULUNGAGUNG,,,0,0,0,JAWA TIMUR,TULUNGAGUNG,KEDUNGWARU,REJOAGUNG,TULUNG AGUNG
1053345488,,ODP-CAT-FE/03,-8.156921,111.802736,,,1,7,0,0,8,REGIONAL 5,KEDIRI,TULUNG AGUNG,CAT,,,2024-03-16 23:23:37,2016-11-12,2016,11,NON TITO,,,JAWA TIMUR,0.875,ORANGE,38459327,AREA 3,JATIM,MALANG,TULUNGAGUNG,,,0,0,0,JAWA TIMUR,TULUNGAGUNG,PAKEL,GOMBANG,TULUNG AGUNG
2122094243,,ODP-TUL-FQ/28,-8.052248,111.90825,,,3,13,0,0,16,REGIONAL 5,KEDIRI,TULUNG AGUNG,TUL,,,2024-03-16 23:27:58,2018-01-05,2018,1,NON TITO,,,JAWA TIMUR,0.8125,ORANGE,259364226,AREA 3,JATIM,MALANG,TULUNGAGUNG,,,0,0,0,JAWA TIMUR,TULUNGAGUNG,KEDUNGWARU,KEDUNGWARU,TULUNG AGUNG
1053345812,,ODP-TUL-FM/42,-8.068085,111.916605,,,1,15,0,0,16,REGIONAL 5,KEDIRI,TULUNG AGUNG,TUL,,,2024-03-16 23:23:46,2016-11-12,2016,11,NON TITO,,,JAWA TIMUR,0.9375,ORANGE,38533039,AREA 3,JATIM,MALANG,TULUNGAGUNG,,,0,0,0,JAWA TIMUR,TULUNGAGUNG,TULUNGAGUNG,BAGO,TULUNG AGUNG
2122094298,,ODP-TUL-FQ/18,-8.048263,111.909208,,,1,7,0,0,8,REGIONAL 5,KEDIRI,TULUNG AGUNG,TUL,,,2024-03-16 23:26:50,2018-01-05,2018,1,NON TITO,,,JAWA TIMUR,0.875,ORANGE,259364260,AREA 3,JATIM,MALANG,TULUNGAGUNG,,,0,0,0,JAWA TIMUR,TULUNGAGUNG,KEDUNGWARU,REJOAGUNG,TULUNG AGUNG
130587842,,ODP-TUL-FH/26,-8.0232,111.9218,,,2,14,0,0,16,REGIONAL 5,KEDIRI,TULUNG AGUNG,TUL,,,2023-08-30 18:07:11,2016-02-27,2016,2,NON TITO,,,JAWA TIMUR,0.875,ORANGE,7824963,AREA 3,JATIM,MALANG,TULUNGAGUNG,,,0,0,0,JAWA TIMUR,TULUNGAGUNG,KEDUNGWARU,NGUJANG,TULUNG AGUNG
130588552,,ODP-TUL-FJ/07,-8.0579,111.8901,,,1,7,0,0,8,REGIONAL 5,KEDIRI,TULUNG AGUNG,TUL,,,2024-03-16 23:26:25,2016-02-27,2016,2,NON TITO,,,JAWA TIMUR,0.875,ORANGE,7825480,AREA 3,JATIM,MALANG,TULUNGAGUNG,,,0,0,0,JAWA TIMUR,TULUNGAGUNG,TULUNGAGUNG,BOTORAN,TULUNG AGUNG
1050058927,,ODP-TUL-FD/41,-8.06205,111.906074,,,2,14,0,0,16,REGIONAL 5,KEDIRI,TULUNG AGUNG,TUL,,,2024-03-16 23:28:36,2016-11-11,2016,11,NON TITO,,,JAWA TIMUR,0.875,ORANGE,38528911,AREA 3,JATIM,MALANG,TULUNGAGUNG,,,0,0,0,JAWA TIMUR,TULUNGAGUNG,TULUNGAGUNG,KAMPUNGDALEM,TULUNG AGUNG
1050058729,,ODP-TUL-FD/35,-8.056924,111.903961,,,2,14,0,0,16,REGIONAL 5,KEDIRI,TULUNG AGUNG,TUL,,,2024-03-16 23:26:49,2016-11-11,2016,11,NON TITO,,,JAWA TIMUR,0.875,ORANGE,38528839,AREA 3,JATIM,MALANG,TULUNGAGUNG,,,0,0,0,JAWA TIMUR,TULUNGAGUNG,KEDUNGWARU,KEDUNGWARU,TULUNG AGUNG
819794291,,ODP-TUL-FAA/02,-8.015461,111.807849,,,1,7,0,0,8,REGIONAL 5,KEDIRI,TULUNG AGUNG,TUL,,,2024-03-16 23:27:11,2016-08-18,2016,8,NON TITO,,,JAWA TIMUR,0.875,ORANGE,34305094,AREA 3,JATIM,MALANG,TULUNGAGUNG,,,0,0,0,JAWA TIMUR,TULUNGAGUNG,PAGERWOJO,MULYOSARI,TULUNG AGUNG
8592718999,,ODP-TUL-FAY/04,-8.036695,111.901109,,,1,7,0,0,8,REGIONAL 5,KEDIRI,TULUNG AGUNG,TUL,,,2024-03-16 23:21:19,2022-03-29,2022,3,NON TITO,,,JAWA TIMUR,0.875,ORANGE,1169693096,AREA 3,JATIM,MALANG,TULUNGAGUNG,,,0,0,0,JAWA TIMUR,TULUNGAGUNG,KEDUNGWARU,SIMO,TULUNG AGUNG
1050058647,,ODP-TUL-FM/37,-8.0732,111.92584,,,2,14,0,0,16,REGIONAL 5,KEDIRI,TULUNG AGUNG,TUL,,,2024-03-16 23:28:35,2016-11-11,2016,11,NON TITO,,,JAWA TIMUR,0.875,ORANGE,38528807,AREA 3,JATIM,MALANG,TULUNGAGUNG,,,0,0,0,JAWA TIMUR,TULUNGAGUNG,KEDUNGWARU,PLOSOKANDANG,TULUNG AGUNG
8592718959,,ODP-TUL-FAY/02,-8.033828,111.90157,,,1,7,0,0,8,REGIONAL 5,KEDIRI,TULUNG AGUNG,TUL,,,2024-03-16 23:22:07,2022-03-29,2022,3,NON TITO,,,JAWA TIMUR,0.875,ORANGE,1169693072,AREA 3,JATIM,MALANG,TULUNGAGUNG,,,0,0,0,JAWA TIMUR,TULUNGAGUNG,KEDUNGWARU,SIMO,TULUNG AGUNG
8592718949,,ODP-TUL-FAY/09,-8.051715,111.897717,,,1,7,0,0,8,REGIONAL 5,KEDIRI,TULUNG AGUNG,TUL,,,2024-03-16 23:22:06,2022-03-29,2022,3,NON TITO,,,JAWA TIMUR,0.875,ORANGE,1169693066,AREA 3,JATIM,MALANG,TULUNGAGUNG,,,0,0,0,JAWA TIMUR,TULUNGAGUNG,KEDUNGWARU,MANGUNSARI,TULUNG AGUNG
130588190,,ODP-TUL-FL/04,-8.0611,111.914,,,2,14,0,0,16,REGIONAL 5,KEDIRI,TULUNG AGUNG,TUL,,,2024-03-16 23:26:16,2016-02-27,2016,2,NON TITO,,,JAWA TIMUR,0.875,ORANGE,7825219,AREA 3,JATIM,MALANG,TULUNGAGUNG,,,0,0,0,JAWA TIMUR,TULUNGAGUNG,KEDUNGWARU,KEDUNGWARU,TULUNG AGUNG
8593018602,,ODP-PRI-FA/24,-8.210365,111.727425,,,1,7,0,0,8,REGIONAL 5,KEDIRI,TULUNG AGUNG,PRI,,,2024-03-16 23:22:35,2022-03-29,2022,3,NON TITO,,,JAWA TIMUR,0.875,ORANGE,1169684631,AREA 3,JATIM,MADIUN,PONOROGO,,,0,0,0,JAWA TIMUR,TRENGGALEK,WATULIMO,WATULIMO,TULUNG AGUNG
1053346757,,ODP-CAT-FE/19,-8.169939,111.804769,,,1,7,0,0,8,REGIONAL 5,KEDIRI,TULUNG AGUNG,CAT,,,2024-03-16 23:22:24,2016-11-12,2016,11,NON TITO,,,JAWA TIMUR,0.875,ORANGE,38459706,AREA 3,JATIM,MALANG,TULUNGAGUNG,,,0,0,0,JAWA TIMUR,TULUNGAGUNG,PAKEL,SUKOANYAR,TULUNG AGUNG
8592193739,,ODP-TUL-FY/47,-8.059021,111.933912,,,1,7,0,0,8,REGIONAL 5,KEDIRI,TULUNG AGUNG,TUL,,,2024-03-16 23:29:02,2022-03-29,2022,3,NON TITO,,,JAWA TIMUR,0.875,ORANGE,1169683421,AREA 3,JATIM,MALANG,TULUNGAGUNG,,,0,0,0,JAWA TIMUR,TULUNGAGUNG,KEDUNGWARU,TUNGGULSARI,TULUNG AGUNG
130588743,,ODP-TUL-FG/17,-8.0735,111.9084,,,3,13,0,0,16,REGIONAL 5,KEDIRI,TULUNG AGUNG,TUL,,,2023-08-30 18:11:51,2016-02-27,2016,2,NON TITO,,,JAWA TIMUR,0.8125,ORANGE,7825616,AREA 3,JATIM,MALANG,TULUNGAGUNG,,,0,0,0,JAWA TIMUR,TULUNGAGUNG,TULUNGAGUNG,BAGO,TULUNG AGUNG
12436243777,,ODP-TRE-FJ/34,-8.027287,111.614607,,,1,7,0,0,8,REGIONAL 5,KEDIRI,TULUNG AGUNG,TRE,,,2025-10-18 17:33:02,2025-10-17,2025,10,NON TITO,,,JAWA TIMUR,0.875,ORANGE,1502023200,AREA 3,JATIM,MADIUN,PONOROGO,,,0,0,0,JAWA TIMUR,TRENGGALEK,TUGU,PUCANGANAK,TULUNG AGUNG
8595493705,,ODP-TUL-FAZ/10,-8.033612,111.910794,,,1,7,0,0,8,REGIONAL 5,KEDIRI,TULUNG AGUNG,TUL,,,2024-03-16 23:27:49,2022-03-29,2022,3,NON TITO,,,JAWA TIMUR,0.875,ORANGE,1169693239,AREA 3,JATIM,MALANG,TULUNGAGUNG,,,0,0,0,JAWA TIMUR,TULUNGAGUNG,KEDUNGWARU,NGUJANG,TULUNG AGUNG
842145806,,ODP-TUL-FD/34,-8.063735,111.902932,,,3,13,0,0,16,REGIONAL 5,KEDIRI,TULUNG AGUNG,TUL,,,2024-03-16 23:23:20,2016-08-30,2016,8,NON TITO,,,JAWA TIMUR,0.8125,ORANGE,34782887,AREA 3,JATIM,MALANG,TULUNGAGUNG,,,0,0,0,JAWA TIMUR,TULUNGAGUNG,TULUNGAGUNG,KAMPUNGDALEM,TULUNG AGUNG
717269303,,ODP-PRI-FB/01,-8.30405,111.7456,,,3,13,0,0,16,REGIONAL 5,KEDIRI,TULUNG AGUNG,PRI,,,2024-03-16 23:22:07,2016-06-28,2016,6,NON TITO,,,JAWA TIMUR,0.8125,ORANGE,33714907,AREA 3,JATIM,MADIUN,PONOROGO,,,0,0,0,JAWA TIMUR,TRENGGALEK,WATULIMO,PRIGI,TULUNG AGUNG
2122093858,,ODP-TUL-FQ/05,-8.059891,111.906067,,,1,15,0,0,16,REGIONAL 5,KEDIRI,TULUNG AGUNG,TUL,,,2024-03-16 23:27:42,2018-01-05,2018,1,NON TITO,,,JAWA TIMUR,0.9375,ORANGE,259363986,AREA 3,JATIM,MALANG,TULUNGAGUNG,,,0,0,0,JAWA TIMUR,TULUNGAGUNG,TULUNGAGUNG,KAMPUNGDALEM,TULUNG AGUNG
12442994085,,ODP-TUL-FBB/16,-7.988346,111.819022,,,1,7,0,0,8,REGIONAL 5,KEDIRI,TULUNG AGUNG,TUL,,,2025-10-31 17:39:52,2025-10-30,2025,10,NON TITO,,,JAWA TIMUR,0.875,ORANGE,1502111923,AREA 3,JATIM,MALANG,TULUNGAGUNG,,,0,0,0,JAWA TIMUR,TULUNGAGUNG,PAGERWOJO,SEGAWE,TULUNG AGUNG
794896315,,ODP-TUL-FA/65,-8.052666,111.905517,,,3,13,0,0,16,REGIONAL 5,KEDIRI,TULUNG AGUNG,TUL,,,2024-03-16 23:24:48,2016-08-11,2016,8,NON TITO,,,JAWA TIMUR,0.8125,ORANGE,34279117,AREA 3,JATIM,MALANG,TULUNGAGUNG,,,0,0,0,JAWA TIMUR,TULUNGAGUNG,KEDUNGWARU,KEDUNGWARU,TULUNG AGUNG
8608468860,,ODP-TRE-FW/40,-8.303942,111.581961,,,1,7,0,0,8,REGIONAL 5,KEDIRI,TULUNG AGUNG,TRE,,,2024-03-16 23:28:57,2022-03-31,2022,3,NON TITO,,,JAWA TIMUR,0.875,ORANGE,1169706784,AREA 3,JATIM,MADIUN,PONOROGO,,,0,0,0,JAWA TIMUR,TRENGGALEK,DONGKO,PANDEAN,TULUNG AGUNG
130592023,,ODP-TRE-FE/09,-8.0295,111.6696,,,1,7,0,0,8,REGIONAL 5,KEDIRI,TULUNG AGUNG,TRE,,,2024-03-16 23:26:51,2016-02-27,2016,2,NON TITO,,,JAWA TIMUR,0.875,ORANGE,7827695,AREA 3,JATIM,MADIUN,PONOROGO,,,0,0,0,JAWA TIMUR,TRENGGALEK,TUGU,PRAMBON,TULUNG AGUNG
130587845,,ODP-TUL-FG/43,-8.088,111.8992,,,1,7,0,0,8,REGIONAL 5,KEDIRI,TULUNG AGUNG,TUL,,,2024-03-16 23:25:47,2016-02-27,2016,2,NON TITO,,,JAWA TIMUR,0.875,ORANGE,7824966,AREA 3,JATIM,MALANG,TULUNGAGUNG,,,0,0,0,JAWA TIMUR,TULUNGAGUNG,BOYOLANGU,WAUNG,TULUNG AGUNG
1123656448,,ODP-TRE-FF/07,-8.076848,111.696082,,,1,7,0,0,8,REGIONAL 5,KEDIRI,TULUNG AGUNG,TRE,,,2024-03-16 23:23:32,2017-01-12,2017,1,NON TITO,,,JAWA TIMUR,0.875,ORANGE,39394708,AREA 3,JATIM,MADIUN,PONOROGO,,,0,0,0,JAWA TIMUR,TRENGGALEK,KARANGAN,SUMBERINGIN,TULUNG AGUNG
130587868,,ODP-TUL-FJ/18,-8.0516,111.8912,,,1,7,0,0,8,REGIONAL 5,KEDIRI,TULUNG AGUNG,TUL,,,2024-03-16 23:25:52,2016-02-27,2016,2,NON TITO,,,JAWA TIMUR,0.875,ORANGE,7824986,AREA 3,JATIM,MALANG,TULUNGAGUNG,,,0,0,0,JAWA TIMUR,TULUNGAGUNG,KEDUNGWARU,MANGUNSARI,TULUNG AGUNG
8593019466,,ODP-TRE-FY/15,-8.142088,111.69582,,,1,7,0,0,8,REGIONAL 5,KEDIRI,TULUNG AGUNG,TRE,,,2024-03-16 23:23:30,2022-03-31,2022,3,NON TITO,,,JAWA TIMUR,0.875,ORANGE,1169705779,AREA 3,JATIM,MADIUN,PONOROGO,,,0,0,0,JAWA TIMUR,TRENGGALEK,GANDUSARI,WONOREJO,TULUNG AGUNG
8599394065,,ODP-DRN-FD/26,-8.116007,111.775304,,,1,7,0,0,8,REGIONAL 5,KEDIRI,TULUNG AGUNG,DRN,,,2024-03-16 23:27:56,2022-03-30,2022,3,NON TITO,,,JAWA TIMUR,0.875,ORANGE,1169700810,AREA 3,JATIM,MADIUN,PONOROGO,,,0,0,0,JAWA TIMUR,TRENGGALEK,POGALAN,KEDUNGLURAH,TULUNG AGUNG
130588928,,ODP-CAT-FA/07,-8.1654,111.8514,,,2,14,0,0,16,REGIONAL 5,KEDIRI,TULUNG AGUNG,CAT,,,2024-03-16 23:26:29,2016-02-27,2016,2,NON TITO,,,JAWA TIMUR,0.875,ORANGE,7825735,AREA 3,JATIM,MALANG,TULUNGAGUNG,,,0,0,0,JAWA TIMUR,TULUNGAGUNG,CAMPURDARAT,CAMPURDARAT,TULUNG AGUNG
8599394020,,ODP-DRN-FD/27,-8.1145,111.775409,,,1,7,0,0,8,REGIONAL 5,KEDIRI,TULUNG AGUNG,DRN,,,2024-03-16 23:28:14,2022-03-30,2022,3,NON TITO,,,JAWA TIMUR,0.875,ORANGE,1169700776,AREA 3,JATIM,MADIUN,PONOROGO,,,0,0,0,JAWA TIMUR,TRENGGALEK,POGALAN,KEDUNGLURAH,TULUNG AGUNG
130664178,,ODP-TUL-FH/23,-8.0301,111.9182,,,3,13,0,0,16,REGIONAL 5,KEDIRI,TULUNG AGUNG,TUL,,,2023-08-30 18:06:13,2016-02-27,2016,2,NON TITO,,,JAWA TIMUR,0.8125,ORANGE,7900789,AREA 3,JATIM,MALANG,TULUNGAGUNG,,,0,0,0,JAWA TIMUR,TULUNGAGUNG,KEDUNGWARU,NGUJANG,TULUNG AGUNG
130588016,,ODP-TUL-FL/24,-8.0651,111.9143,,,1,7,0,0,8,REGIONAL 5,KEDIRI,TULUNG AGUNG,TUL,,,2024-03-16 23:25:23,2016-02-27,2016,2,NON TITO,,,JAWA TIMUR,0.875,ORANGE,7825089,AREA 3,JATIM,MALANG,TULUNGAGUNG,,,0,0,0,JAWA TIMUR,TULUNGAGUNG,TULUNGAGUNG,BAGO,TULUNG AGUNG
130663634,,ODP-TUL-FM/05,-8.0648,111.921,,,1,7,0,0,8,REGIONAL 5,KEDIRI,TULUNG AGUNG,TUL,,,2023-08-30 17:58:15,2016-02-27,2016,2,NON TITO,,,JAWA TIMUR,0.875,ORANGE,7900390,AREA 3,JATIM,MALANG,TULUNGAGUNG,,,0,0,0,JAWA TIMUR,TULUNGAGUNG,KEDUNGWARU,TUNGGULSARI,TULUNG AGUNG
130663390,,ODP-TUL-FL/23,-8.0659,111.9138,,,3,13,0,0,16,REGIONAL 5,KEDIRI,TULUNG AGUNG,TUL,,,2023-08-30 17:58:32,2016-02-27,2016,2,NON TITO,,,JAWA TIMUR,0.8125,ORANGE,7900205,AREA 3,JATIM,MALANG,TULUNGAGUNG,,,0,0,0,JAWA TIMUR,TULUNGAGUNG,TULUNGAGUNG,BAGO,TULUNG AGUNG
2122094058,,ODP-TUL-FQ/32,-8.063138,111.90725,,,3,13,0,0,16,REGIONAL 5,KEDIRI,TULUNG AGUNG,TUL,,,2024-03-16 23:27:15,2018-01-05,2018,1,NON TITO,,,JAWA TIMUR,0.8125,ORANGE,259364111,AREA 3,JATIM,MALANG,TULUNGAGUNG,,,0,0,0,JAWA TIMUR,TULUNGAGUNG,TULUNGAGUNG,KAMPUNGDALEM,TULUNG AGUNG
130588800,,ODP-TUL-FH/15,-8.0327,111.93,,,3,13,0,0,16,REGIONAL 5,KEDIRI,TULUNG AGUNG,TUL,,,2024-03-16 23:25:29,2016-02-27,2016,2,NON TITO,,,JAWA TIMUR,0.8125,ORANGE,7825654,AREA 3,JATIM,MALANG,TULUNGAGUNG,,,0,0,0,JAWA TIMUR,TULUNGAGUNG,KEDUNGWARU,TAPAN,TULUNG AGUNG
8592118846,,ODP-TUL-FAX/05,-8.081496,111.894647,,,1,7,0,0,8,REGIONAL 5,KEDIRI,TULUNG AGUNG,TUL,,,2024-03-16 23:26:21,2022-03-30,2022,3,NON TITO,,,JAWA TIMUR,0.875,ORANGE,1169694030,AREA 3,JATIM,MALANG,TULUNGAGUNG,,,0,0,0,JAWA TIMUR,TULUNGAGUNG,BOYOLANGU,GEDANGSEWU,TULUNG AGUNG
130587103,,ODP-TUL-FL/35,-8.0705,111.9,,,1,7,0,0,8,REGIONAL 5,KEDIRI,TULUNG AGUNG,TUL,,,2024-03-16 23:25:04,2016-02-27,2016,2,NON TITO,,,JAWA TIMUR,0.875,ORANGE,7824414,AREA 3,JATIM,MALANG,TULUNGAGUNG,,,0,0,0,JAWA TIMUR,TULUNGAGUNG,TULUNGAGUNG,KARANGWARU,TULUNG AGUNG
691468625,,ODP-TUL-FA/59,-8.047006,111.907926,,,3,13,0,0,16,REGIONAL 5,KEDIRI,TULUNG AGUNG,TUL,,,2024-03-16 23:23:02,2016-06-16,2016,6,NON TITO,,,JAWA TIMUR,0.8125,ORANGE,33674157,AREA 3,JATIM,MALANG,TULUNGAGUNG,,,0,0,0,JAWA TIMUR,TULUNGAGUNG,KEDUNGWARU,REJOAGUNG,TULUNG AGUNG
130662780,,ODP-TUL-FL/07,-8.0623,111.9142,,,0,14,2,0,16,REGIONAL 5,KEDIRI,TULUNG AGUNG,TUL,,,2024-03-16 23:28:08,2016-02-27,2016,2,NON TITO,,,JAWA TIMUR,0.875,ORANGE,7899750,AREA 3,JATIM,MALANG,TULUNGAGUNG,,,0,0,0,JAWA TIMUR,TULUNGAGUNG,TULUNGAGUNG,BAGO,TULUNG AGUNG
130662926,,ODP-TUL-FG/45,-8.0878,111.9004,,,1,7,0,0,8,REGIONAL 5,KEDIRI,TULUNG AGUNG,TUL,,,2024-03-16 23:28:28,2016-02-27,2016,2,NON TITO,,,JAWA TIMUR,0.875,ORANGE,7899858,AREA 3,JATIM,MALANG,TULUNGAGUNG,,,0,0,0,JAWA TIMUR,TULUNGAGUNG,BOYOLANGU,WAUNG,TULUNG AGUNG
130663165,,ODP-TUL-FJ/20,-8.0518,111.8907,,,2,14,0,0,16,REGIONAL 5,KEDIRI,TULUNG AGUNG,TUL,,,2024-03-16 23:27:20,2016-02-27,2016,2,NON TITO,,,JAWA TIMUR,0.875,ORANGE,7900036,AREA 3,JATIM,MALANG,TULUNGAGUNG,,,0,0,0,JAWA TIMUR,TULUNGAGUNG,KAUMAN,BATANGSAREN,TULUNG AGUNG
130663215,,ODP-TUL-FL/21,-8.0662,111.9106,,,1,7,0,0,8,REGIONAL 5,KEDIRI,TULUNG AGUNG,TUL,,,2024-03-16 23:28:32,2016-02-27,2016,2,NON TITO,,,JAWA TIMUR,0.875,ORANGE,7900074,AREA 3,JATIM,MALANG,TULUNGAGUNG,,,0,0,0,JAWA TIMUR,TULUNGAGUNG,TULUNGAGUNG,BAGO,TULUNG AGUNG
130662141,,ODP-TUL-FL/40,-8.0723,111.9129,,,3,13,0,0,16,REGIONAL 5,KEDIRI,TULUNG AGUNG,TUL,,,2024-03-16 23:28:23,2016-02-27,2016,2,NON TITO,,,JAWA TIMUR,0.8125,ORANGE,7899274,AREA 3,JATIM,MALANG,TULUNGAGUNG,,,0,0,0,JAWA TIMUR,TULUNGAGUNG,TULUNGAGUNG,BAGO,TULUNG AGUNG
2117368934,,ODP-TUL-FS/69,-8.051542,111.858879,,,2,14,0,0,16,REGIONAL 5,KEDIRI,TULUNG AGUNG,TUL,,,2024-03-16 23:24:40,2018-01-04,2018,1,NON TITO,,,JAWA TIMUR,0.875,ORANGE,258411815,AREA 3,JATIM,MALANG,TULUNGAGUNG,,,0,0,0,JAWA TIMUR,TULUNGAGUNG,KAUMAN,BOLOREJO,TULUNG AGUNG
2107244098,,ODP-TUL-FS/60,-8.04935,111.86228,,,3,13,0,0,16,REGIONAL 5,KEDIRI,TULUNG AGUNG,TUL,,,2024-03-16 23:23:45,2018-01-04,2018,1,NON TITO,,,JAWA TIMUR,0.8125,ORANGE,258411795,AREA 3,JATIM,MALANG,TULUNGAGUNG,,,0,0,0,JAWA TIMUR,TULUNGAGUNG,KAUMAN,BOLOREJO,TULUNG AGUNG
12284669175,,ODP-TUL-FAM/54,-8.028058,111.857654,,,1,7,0,0,8,REGIONAL 5,KEDIRI,TULUNG AGUNG,TUL,,,2025-08-06 18:10:59,2025-08-04,2025,8,NON TITO,,,JAWA TIMUR,0.875,ORANGE,1500495776,AREA 3,JATIM,MALANG,TULUNGAGUNG,,,0,0,0,JAWA TIMUR,TULUNGAGUNG,KAUMAN,KATES,TULUNG AGUNG
130662228,,ODP-TUL-FG/41,-8.0882,111.8992,,,1,7,0,0,8,REGIONAL 5,KEDIRI,TULUNG AGUNG,TUL,,,2024-03-16 23:27:39,2016-02-27,2016,2,NON TITO,,,JAWA TIMUR,0.875,ORANGE,7899336,AREA 3,JATIM,MALANG,TULUNGAGUNG,,,0,0,0,JAWA TIMUR,TULUNGAGUNG,BOYOLANGU,WAUNG,TULUNG AGUNG
786643814,,ODP-TUL-FC/03,-8.04869,111.931113,,,2,14,0,0,16,REGIONAL 5,KEDIRI,TULUNG AGUNG,TUL,,,2024-03-16 23:24:40,2016-08-05,2016,8,NON TITO,,,JAWA TIMUR,0.875,ORANGE,34249849,AREA 3,JATIM,MALANG,TULUNGAGUNG,,,0,0,0,JAWA TIMUR,TULUNGAGUNG,KEDUNGWARU,BANGOAN,TULUNG AGUNG
781468904,,ODP-TRE-FL/12,-8.0713,111.667602,,,1,7,0,0,8,REGIONAL 5,KEDIRI,TULUNG AGUNG,TRE,,,2023-08-30 18:00:07,2016-08-03,2016,8,NON TITO,,,JAWA TIMUR,0.875,ORANGE,34240267,AREA 3,JATIM,MADIUN,PONOROGO,,,0,0,0,JAWA TIMUR,TRENGGALEK,KARANGAN,SALAMREJO,TULUNG AGUNG
130586548,,ODP-NGU-FA/05,-8.1047,112.0206,,,1,7,0,0,8,REGIONAL 5,KEDIRI,TULUNG AGUNG,NGU,,,2024-03-16 23:25:31,2016-02-27,2016,2,NON TITO,,,JAWA TIMUR,0.875,ORANGE,7824001,AREA 3,JATIM,MALANG,TULUNGAGUNG,,,0,0,0,JAWA TIMUR,TULUNGAGUNG,NGUNUT,KALIWUNGU,TULUNG AGUNG
130663188,,ODP-TUL-FD/22,-8.0636,111.9044,,,1,7,0,0,8,REGIONAL 5,KEDIRI,TULUNG AGUNG,TUL,,,2024-03-16 23:27:58,2016-02-27,2016,2,NON TITO,,,JAWA TIMUR,0.875,ORANGE,7900054,AREA 3,JATIM,MALANG,TULUNGAGUNG,,,0,0,0,JAWA TIMUR,TULUNGAGUNG,TULUNGAGUNG,KAMPUNGDALEM,TULUNG AGUNG
130586950,,ODP-NGU-FA/27,-8.108468,112.012949,,,2,14,0,0,16,REGIONAL 5,KEDIRI,TULUNG AGUNG,NGU,,,2024-03-16 23:25:53,2016-02-27,2016,2,NON TITO,,,JAWA TIMUR,0.875,ORANGE,7824306,AREA 3,JATIM,MALANG,TULUNGAGUNG,,,0,0,0,JAWA TIMUR,TULUNGAGUNG,NGUNUT,NGUNUT,TULUNG AGUNG
8620844674,,ODP-TRE-FZ/17,-8.047867,111.7137,,,1,7,0,0,8,REGIONAL 5,KEDIRI,TULUNG AGUNG,TRE,,,2024-03-16 23:27:57,2022-04-05,2022,4,NON TITO,,,JAWA TIMUR,0.875,ORANGE,1170376664,AREA 3,JATIM,MADIUN,PONOROGO,,,0,0,0,JAWA TIMUR,TRENGGALEK,TRENGGALEK,SURODAKAN,TULUNG AGUNG
130586945,,ODP-NGU-FA/11,-8.1054,111.9788,,,1,7,0,0,8,REGIONAL 5,KEDIRI,TULUNG AGUNG,NGU,,,2024-03-16 23:25:32,2016-02-27,2016,2,NON TITO,,,JAWA TIMUR,0.875,ORANGE,7824302,AREA 3,JATIM,MALANG,TULUNGAGUNG,,,0,0,0,JAWA TIMUR,TULUNGAGUNG,NGUNUT,PURWOREJO,TULUNG AGUNG
130587027,,ODP-TUL-FT/18,-8.0531,111.9167,,,1,15,0,0,16,REGIONAL 5,KEDIRI,TULUNG AGUNG,TUL,,,2024-03-16 23:25:04,2016-02-27,2016,2,NON TITO,,,JAWA TIMUR,0.9375,ORANGE,7824356,AREA 3,JATIM,MALANG,TULUNGAGUNG,,,0,0,0,JAWA TIMUR,TULUNGAGUNG,KEDUNGWARU,KEDUNGWARU,TULUNG AGUNG
8620844746,,ODP-TRE-FZ/28,-8.048622,111.707232,,,1,7,0,0,8,REGIONAL 5,KEDIRI,TULUNG AGUNG,TRE,,,2024-03-16 23:28:35,2022-04-05,2022,4,NON TITO,,,JAWA TIMUR,0.875,ORANGE,1170376725,AREA 3,JATIM,MADIUN,PONOROGO,,,0,0,0,JAWA TIMUR,TRENGGALEK,TRENGGALEK,NGANTRU,TULUNG AGUNG
130663324,,ODP-TUL-FD/18,-8.0603,111.9027,,,2,13,0,0,16,REGIONAL 5,KEDIRI,TULUNG AGUNG,TUL,,,2024-03-16 23:28:36,2016-02-27,2016,2,NON TITO,,,JAWA TIMUR,0.8125,ORANGE,7900156,AREA 3,JATIM,MALANG,TULUNGAGUNG,,,0,0,0,JAWA TIMUR,TULUNGAGUNG,TULUNGAGUNG,KAMPUNGDALEM,TULUNG AGUNG
1237321611,,ODP-TRE-FJ/10,-8.04623,111.662499,,,1,7,0,0,8,REGIONAL 5,KEDIRI,TULUNG AGUNG,TRE,,,2024-03-16 23:29:14,2017-02-10,2017,2,NON TITO,,,JAWA TIMUR,0.875,ORANGE,62751780,AREA 3,JATIM,MADIUN,PONOROGO,,,0,0,0,JAWA TIMUR,TRENGGALEK,TUGU,NGLONGSOR,TULUNG AGUNG
788218534,,ODP-NGU-FD/12,-8.124515,111.985253,,,1,7,0,0,8,REGIONAL 5,KEDIRI,TULUNG AGUNG,NGU,,,2023-08-30 18:07:57,2016-08-03,2016,8,NON TITO,,,JAWA TIMUR,0.875,ORANGE,34242690,AREA 3,JATIM,MALANG,TULUNGAGUNG,,,0,0,0,JAWA TIMUR,TULUNGAGUNG,NGUNUT,PANDANSARI,TULUNG AGUNG
2106494128,,ODP-TUL-FZ/25,-8.081463,111.896471,,,1,15,0,0,16,REGIONAL 5,KEDIRI,TULUNG AGUNG,TUL,,,2024-03-16 23:24:18,2018-01-04,2018,1,NON TITO,,,JAWA TIMUR,0.9375,ORANGE,258410331,AREA 3,JATIM,MALANG,TULUNGAGUNG,,,0,0,0,JAWA TIMUR,TULUNGAGUNG,BOYOLANGU,GEDANGSEWU,TULUNG AGUNG
130587045,,ODP-TUL-FM/01,-8.0638,111.9251,,,1,7,0,0,8,REGIONAL 5,KEDIRI,TULUNG AGUNG,TUL,,,2024-03-16 23:26:03,2016-02-27,2016,2,NON TITO,,,JAWA TIMUR,0.875,ORANGE,7824369,AREA 3,JATIM,MALANG,TULUNGAGUNG,,,0,0,0,JAWA TIMUR,TULUNGAGUNG,KEDUNGWARU,TUNGGULSARI,TULUNG AGUNG
12321943997,,ODP-TUL-FAS/31,-8.08157,111.953767,,,1,7,0,0,8,REGIONAL 5,KEDIRI,TULUNG AGUNG,TUL,,,2025-08-27 17:36:43,2025-08-26,2025,8,NON TITO,,,JAWA TIMUR,0.875,ORANGE,1500620456,AREA 3,JATIM,MALANG,TULUNGAGUNG,,,0,0,0,JAWA TIMUR,TULUNGAGUNG,SUMBERGEMPOL,SUMBERDADI,TULUNG AGUNG
1293569726,,ODP-NGU-FD/24,-8.140183,111.981326,,,1,7,0,0,8,REGIONAL 5,KEDIRI,TULUNG AGUNG,NGU,,,2024-03-16 23:25:46,2017-02-27,2017,2,NON TITO,,,JAWA TIMUR,0.875,ORANGE,79275483,AREA 3,JATIM,MALANG,TULUNGAGUNG,,,0,0,0,JAWA TIMUR,TULUNGAGUNG,NGUNUT,BALESONO,TULUNG AGUNG
1229819379,,ODP-TUL-FB/15,-8.076987,111.920246,,,1,7,0,0,8,REGIONAL 5,KEDIRI,TULUNG AGUNG,TUL,,,2024-03-16 23:28:56,2017-02-09,2017,2,NON TITO,,,JAWA TIMUR,0.875,ORANGE,62742687,AREA 3,JATIM,MALANG,TULUNGAGUNG,,,0,0,0,JAWA TIMUR,TULUNGAGUNG,KEDUNGWARU,PLOSOKANDANG,TULUNG AGUNG
8620844609,,ODP-TRE-FZ/48,-8.057467,111.708032,,,1,7,0,0,8,REGIONAL 5,KEDIRI,TULUNG AGUNG,TRE,,,2024-03-16 23:28:11,2022-04-05,2022,4,NON TITO,,,JAWA TIMUR,0.875,ORANGE,1170376604,AREA 3,JATIM,MADIUN,PONOROGO,,,0,0,0,JAWA TIMUR,TRENGGALEK,TRENGGALEK,NGANTRU,TULUNG AGUNG
787996756,,ODP-TUL-FD/30,-8.066706,111.905081,,,3,13,0,0,16,REGIONAL 5,KEDIRI,TULUNG AGUNG,TUL,,,2023-08-30 18:02:37,2016-08-11,2016,8,NON TITO,,,JAWA TIMUR,0.8125,ORANGE,34353616,AREA 3,JATIM,MALANG,TULUNGAGUNG,,,0,0,0,JAWA TIMUR,TULUNGAGUNG,TULUNGAGUNG,BAGO,TULUNG AGUNG
130586860,,ODP-TUL-FM/25,-8.0619,111.9266,,,2,14,0,0,16,REGIONAL 5,KEDIRI,TULUNG AGUNG,TUL,,,2024-03-16 23:25:52,2016-02-27,2016,2,NON TITO,,,JAWA TIMUR,0.875,ORANGE,7824238,AREA 3,JATIM,MALANG,TULUNGAGUNG,,,0,0,0,JAWA TIMUR,TULUNGAGUNG,KEDUNGWARU,TUNGGULSARI,TULUNG AGUNG
780568849,,ODP-TUL-FX/15,-8.057574,111.865059,,,1,15,0,0,16,REGIONAL 5,KEDIRI,TULUNG AGUNG,TUL,,,2024-03-16 23:28:51,2016-08-02,2016,8,NON TITO,,,JAWA TIMUR,0.9375,ORANGE,34089095,AREA 3,JATIM,MALANG,TULUNGAGUNG,,,0,0,0,JAWA TIMUR,TULUNGAGUNG,KAUMAN,KAUMAN,TULUNG AGUNG
2117368701,,ODP-TUL-FS/63,-8.04722,111.863745,,,1,7,0,0,8,REGIONAL 5,KEDIRI,TULUNG AGUNG,TUL,,,2024-03-16 23:25:01,2018-01-04,2018,1,NON TITO,,,JAWA TIMUR,0.875,ORANGE,258411633,AREA 3,JATIM,MALANG,TULUNGAGUNG,,,0,0,0,JAWA TIMUR,TULUNGAGUNG,KAUMAN,MOJOSARI,TULUNG AGUNG
8620844619,,ODP-TRE-FZ/16,-8.045472,111.709574,,,1,7,0,0,8,REGIONAL 5,KEDIRI,TULUNG AGUNG,TRE,,,2024-03-16 23:28:12,2022-04-05,2022,4,NON TITO,,,JAWA TIMUR,0.875,ORANGE,1170376615,AREA 3,JATIM,MADIUN,PONOROGO,,,0,0,0,JAWA TIMUR,TRENGGALEK,TRENGGALEK,SURODAKAN,TULUNG AGUNG
2106495874,,ODP-TUL-FZ/21,-8.087067,111.901198,,,1,7,0,0,8,REGIONAL 5,KEDIRI,TULUNG AGUNG,TUL,,,2024-03-16 23:25:17,2018-01-04,2018,1,NON TITO,,,JAWA TIMUR,0.875,ORANGE,258410946,AREA 3,JATIM,MALANG,TULUNGAGUNG,,,0,0,0,JAWA TIMUR,TULUNGAGUNG,BOYOLANGU,WAUNG,TULUNG AGUNG
781843867,,ODP-NGU-FA/35,-8.11037,112.030076,,,0,7,0,0,8,REGIONAL 5,KEDIRI,TULUNG AGUNG,NGU,,,2024-03-16 23:27:51,2016-08-03,2016,8,NON TITO,,,JAWA TIMUR,0.875,ORANGE,34089322,AREA 3,JATIM,MALANG,TULUNGAGUNG,,,0,0,0,JAWA TIMUR,TULUNGAGUNG,NGUNUT,GILANG,TULUNG AGUNG
130662775,,ODP-TUL-FL/39,-8.0726,111.9144,,,3,13,0,0,16,REGIONAL 5,KEDIRI,TULUNG AGUNG,TUL,,,2024-03-16 23:27:15,2016-02-27,2016,2,NON TITO,,,JAWA TIMUR,0.8125,ORANGE,7899746,AREA 3,JATIM,MALANG,TULUNGAGUNG,,,0,0,0,JAWA TIMUR,TULUNGAGUNG,TULUNGAGUNG,BAGO,TULUNG AGUNG
1293571383,,ODP-NGU-FD/25,-8.139507,111.984598,,,1,7,0,0,8,REGIONAL 5,KEDIRI,TULUNG AGUNG,NGU,,,2024-03-16 23:21:20,2017-02-27,2017,2,NON TITO,,,JAWA TIMUR,0.875,ORANGE,70156215,AREA 3,JATIM,MALANG,TULUNGAGUNG,,,0,0,0,JAWA TIMUR,TULUNGAGUNG,NGUNUT,BALESONO,TULUNG AGUNG
1123656079,,ODP-TUL-FH/36,-8.013021,111.935987,,,0,8,0,0,8,REGIONAL 5,KEDIRI,TULUNG AGUNG,TUL,,,2024-03-16 23:23:06,2017-01-12,2017,1,NON TITO,,,JAWA TIMUR,1.0,RED,39243800,AREA 3,JATIM,MALANG,TULUNGAGUNG,,,0,0,0,JAWA TIMUR,TULUNGAGUNG,NGANTRU,BENDOSARI,TULUNG AGUNG
3633794199,,ODP-TUL-FAL/49,-8.075838,111.897882,,,0,8,0,0,8,REGIONAL 5,KEDIRI,TULUNG AGUNG,TUL,,,2024-03-16 23:29:03,2019-06-14,2019,6,NON TITO,,,JAWA TIMUR,1.0,RED,631077694,AREA 3,JATIM,MALANG,TULUNGAGUNG,,,0,0,0,JAWA TIMUR,TULUNGAGUNG,TULUNGAGUNG,KARANGWARU,TULUNG AGUNG
1424748606,,ODP-TUL-FP/06,-8.073185,111.904591,,,0,8,0,0,8,REGIONAL 5,KEDIRI,TULUNG AGUNG,TUL,,,2024-03-16 23:22:36,2017-05-08,2017,5,NON TITO,,,JAWA TIMUR,1.0,RED,126324929,AREA 3,JATIM,MALANG,TULUNGAGUNG,,,0,0,0,JAWA TIMUR,TULUNGAGUNG,TULUNGAGUNG,BAGO,TULUNG AGUNG
2509319300,,ODP-TUL-FZ/38,-8.072701,111.914348,,,0,8,0,0,8,REGIONAL 5,KEDIRI,TULUNG AGUNG,TUL,,,2024-03-16 23:27:51,2018-05-14,2018,5,NON TITO,,,JAWA TIMUR,1.0,RED,354240870,AREA 3,JATIM,MALANG,TULUNGAGUNG,,,0,0,0,JAWA TIMUR,TULUNGAGUNG,TULUNGAGUNG,BAGO,TULUNG AGUNG
781843865,,ODP-NGU-FA/34,-8.114084,112.030655,,,0,8,0,0,8,REGIONAL 5,KEDIRI,TULUNG AGUNG,NGU,,,2024-03-16 23:28:06,2016-08-03,2016,8,NON TITO,,,JAWA TIMUR,1.0,RED,34089321,AREA 3,JATIM,MALANG,TULUNGAGUNG,,,0,0,0,JAWA TIMUR,TULUNGAGUNG,NGUNUT,GILANG,TULUNG AGUNG
3756793600,,ODP-TUL-FZ/81,-8.070516,111.90096,,,0,8,0,0,8,REGIONAL 5,KEDIRI,TULUNG AGUNG,TUL,,,2024-03-16 23:27:50,2019-07-29,2019,7,NON TITO,,,JAWA TIMUR,1.0,RED,642502178,AREA 3,JATIM,MALANG,TULUNGAGUNG,,,0,0,0,JAWA TIMUR,TULUNGAGUNG,TULUNGAGUNG,TAMANAN,TULUNG AGUNG
3210797298,,ODP-TRE-FM/38,-8.087113,111.711236,,,0,8,0,0,8,REGIONAL 5,KEDIRI,TULUNG AGUNG,TRE,,,2024-03-16 23:26:09,2018-12-30,2018,12,NON TITO,,,JAWA TIMUR,1.0,RED,408332969,AREA 3,JATIM,MADIUN,PONOROGO,,,0,0,0,JAWA TIMUR,TRENGGALEK,TRENGGALEK,KARANGSOKO,TULUNG AGUNG
2427869614,,ODP-TUL-FN/57,-8.068798,111.880703,,,0,8,0,0,8,REGIONAL 5,KEDIRI,TULUNG AGUNG,TUL,,,2024-03-16 23:27:18,2018-04-13,2018,4,NON TITO,,,JAWA TIMUR,1.0,RED,333710478,AREA 3,JATIM,MALANG,TULUNGAGUNG,,,0,0,0,JAWA TIMUR,TULUNGAGUNG,TULUNGAGUNG,TERTEK,TULUNG AGUNG
1486696551,,ODP-PRI-FB/37,-8.279995,111.726391,,,0,8,0,0,8,REGIONAL 5,KEDIRI,TULUNG AGUNG,PRI,,,2024-03-16 23:27:47,2017-05-23,2017,5,NON TITO,,,JAWA TIMUR,1.0,RED,129802572,AREA 3,JATIM,MADIUN,PONOROGO,,,0,0,0,JAWA TIMUR,TRENGGALEK,WATULIMO,PRIGI,TULUNG AGUNG
130588024,,ODP-TUL-FM/03,-8.0651,111.9245,,,0,8,0,0,8,REGIONAL 5,KEDIRI,TULUNG AGUNG,TUL,,,2024-03-16 23:25:08,2016-02-27,2016,2,NON TITO,,,JAWA TIMUR,1.0,RED,7825097,AREA 3,JATIM,MALANG,TULUNGAGUNG,,,0,0,0,JAWA TIMUR,TULUNGAGUNG,KEDUNGWARU,TUNGGULSARI,TULUNG AGUNG
2475043662,,ODP-TUL-FAE/50,-7.962565,111.925811,,,0,8,0,0,8,REGIONAL 5,KEDIRI,TULUNG AGUNG,TUL,,,2024-03-16 23:23:30,2018-04-28,2018,4,NON TITO,,,JAWA TIMUR,1.0,RED,353622671,AREA 3,JATIM,MALANG,TULUNGAGUNG,,,0,0,0,JAWA TIMUR,TULUNGAGUNG,KARANGREJO,JELI,TULUNG AGUNG
130589121,,ODP-TUL-FJ/13,-8.0574,111.8915,,,0,8,0,0,8,REGIONAL 5,KEDIRI,TULUNG AGUNG,TUL,,,2024-03-16 23:25:19,2016-02-27,2016,2,NON TITO,,,JAWA TIMUR,1.0,RED,7825856,AREA 3,JATIM,MALANG,TULUNGAGUNG,,,0,0,0,JAWA TIMUR,TULUNGAGUNG,TULUNGAGUNG,BOTORAN,TULUNG AGUNG
5884243528,,ODP-TRE-FG/26,-7.965744,111.693138,,,0,8,0,0,8,REGIONAL 5,KEDIRI,TULUNG AGUNG,TRE,,,2024-03-16 23:22:06,2021-01-13,2021,1,NON TITO,,,JAWA TIMUR,1.0,RED,859874454,AREA 3,JATIM,MADIUN,PONOROGO,,,0,0,0,JAWA TIMUR,TRENGGALEK,KARANGAN,NGENTRONG,TULUNG AGUNG
2819970534,,ODP-TUL-FA/92,-8.05985,111.906445,,,0,8,0,0,8,REGIONAL 5,KEDIRI,TULUNG AGUNG,TUL,,,2024-03-16 23:25:39,2018-08-16,2018,8,NON TITO,,,JAWA TIMUR,1.0,RED,389325216,AREA 3,JATIM,MALANG,TULUNGAGUNG,,,0,0,0,JAWA TIMUR,TULUNGAGUNG,TULUNGAGUNG,KAMPUNGDALEM,TULUNG AGUNG
5815243946,,ODP-TRE-FD/56,-8.0583,111.707949,,,0,8,0,0,8,REGIONAL 5,KEDIRI,TULUNG AGUNG,TRE,,,2024-03-16 23:22:36,2020-12-24,2020,12,NON TITO,,,JAWA TIMUR,1.0,RED,858544743,AREA 3,JATIM,MADIUN,PONOROGO,,,0,0,0,JAWA TIMUR,TRENGGALEK,TRENGGALEK,NGANTRU,TULUNG AGUNG
2817044625,,ODP-TUL-FAL/09,-8.075933,111.914192,,,0,8,0,0,8,REGIONAL 5,KEDIRI,TULUNG AGUNG,TUL,,,2024-03-16 23:23:59,2018-08-16,2018,8,NON TITO,,,JAWA TIMUR,1.0,RED,389320118,AREA 3,JATIM,MALANG,TULUNGAGUNG,,,0,0,0,JAWA TIMUR,TULUNGAGUNG,BOYOLANGU,SERUT,TULUNG AGUNG
9991993541,,ODP-TUL-FAQ/25,-8.062491,111.916039,,,0,8,0,0,8,REGIONAL 5,KEDIRI,TULUNG AGUNG,TUL,,,2024-03-16 23:24:05,2023-03-13,2023,3,NON TITO,,,JAWA TIMUR,1.0,RED,1276516943,AREA 3,JATIM,MALANG,TULUNGAGUNG,,,0,0,0,JAWA TIMUR,TULUNGAGUNG,KEDUNGWARU,TUNGGULSARI,TULUNG AGUNG
2475043757,,ODP-TUL-FAE/29,-7.982517,111.893201,,,0,8,0,0,8,REGIONAL 5,KEDIRI,TULUNG AGUNG,TUL,,,2024-03-16 23:22:27,2018-04-28,2018,4,NON TITO,,,JAWA TIMUR,1.0,RED,353332488,AREA 3,JATIM,MALANG,TULUNGAGUNG,,,0,0,0,JAWA TIMUR,TULUNGAGUNG,KARANGREJO,PUNJUL,TULUNG AGUNG
2436270447,,ODP-TRE-FL/25,-8.09605,111.634935,,,0,8,0,0,8,REGIONAL 5,KEDIRI,TULUNG AGUNG,TRE,,,2024-03-16 23:22:48,2018-04-19,2018,4,NON TITO,,,JAWA TIMUR,1.0,RED,353264894,AREA 3,JATIM,MADIUN,PONOROGO,,,0,0,0,JAWA TIMUR,TRENGGALEK,SURUH,SURUH,TULUNG AGUNG
9846193802,,ODP-KWR-FC/52,-8.146946,111.964295,,,0,8,0,0,8,REGIONAL 5,KEDIRI,TULUNG AGUNG,KWR,,,2024-03-16 23:23:22,2023-02-08,2023,2,NON TITO,,,JAWA TIMUR,1.0,RED,1266537853,AREA 3,JATIM,MALANG,TULUNGAGUNG,,,0,0,0,JAWA TIMUR,TULUNGAGUNG,KALIDAWIR,TANJUNG,TULUNG AGUNG
717269317,,ODP-PRI-FB/03,-8.28725,111.72987,,,0,8,0,0,8,REGIONAL 5,KEDIRI,TULUNG AGUNG,PRI,,,2024-03-16 23:22:18,2016-06-28,2016,6,NON TITO,,,JAWA TIMUR,1.0,RED,33714917,AREA 3,JATIM,MADIUN,PONOROGO,,,0,0,0,JAWA TIMUR,TRENGGALEK,WATULIMO,PRIGI,TULUNG AGUNG
5884993843,,ODP-TRE-FQ/26,-8.244018,111.454619,,,0,8,0,0,8,REGIONAL 5,KEDIRI,TULUNG AGUNG,TRE,,,2023-08-30 18:01:33,2021-01-15,2021,1,NON TITO,,,JAWA TIMUR,1.0,RED,859917760,AREA 3,JATIM,MADIUN,PONOROGO,,,0,0,0,JAWA TIMUR,TRENGGALEK,PANGGUL,PANGGUL,TULUNG AGUNG
9788068637,,ODP-TUL-FQ/91,-8.059664,111.916477,,,0,8,0,0,8,REGIONAL 5,KEDIRI,TULUNG AGUNG,TUL,,,2024-03-16 23:23:53,2023-01-20,2023,1,NON TITO,,,JAWA TIMUR,1.0,RED,1264084701,AREA 3,JATIM,MALANG,TULUNGAGUNG,,,0,0,0,JAWA TIMUR,TULUNGAGUNG,KEDUNGWARU,KEDUNGWARU,TULUNG AGUNG
4344345025,,ODP-TRE-FD/32,-8.051139,111.713794,,,0,8,0,0,8,REGIONAL 5,KEDIRI,TULUNG AGUNG,TRE,,,2024-03-16 23:28:07,2019-11-27,2019,11,NON TITO,,,JAWA TIMUR,1.0,RED,787531239,AREA 3,JATIM,MADIUN,PONOROGO,,,0,0,0,JAWA TIMUR,TRENGGALEK,TRENGGALEK,SUMBERGEDONG,TULUNG AGUNG
130592020,,ODP-TRE-FE/01,-8.025,111.6165,,,0,8,0,0,8,REGIONAL 5,KEDIRI,TULUNG AGUNG,TRE,,,2024-03-16 23:26:24,2016-02-27,2016,2,NON TITO,,,JAWA TIMUR,1.0,RED,7827692,AREA 3,JATIM,MADIUN,PONOROGO,,,0,0,0,JAWA TIMUR,TRENGGALEK,TUGU,PUCANGANAK,TULUNG AGUNG
1007003852,,ODP-PRI-FB/15,-8.26922,111.718353,,,0,8,0,0,8,REGIONAL 5,KEDIRI,TULUNG AGUNG,PRI,,,2024-03-16 23:23:07,2016-10-26,2016,10,NON TITO,,,JAWA TIMUR,1.0,RED,36784077,AREA 3,JATIM,MADIUN,PONOROGO,,,0,0,0,JAWA TIMUR,TRENGGALEK,WATULIMO,PRIGI,TULUNG AGUNG
130587852,,ODP-TUL-FL/10,-8.0629,111.9099,,,0,16,0,0,16,REGIONAL 5,KEDIRI,TULUNG AGUNG,TUL,,,2024-03-16 23:25:19,2016-02-27,2016,2,NON TITO,,,JAWA TIMUR,1.0,RED,7824973,AREA 3,JATIM,MALANG,TULUNGAGUNG,,,0,0,0,JAWA TIMUR,TULUNGAGUNG,TULUNGAGUNG,BAGO,TULUNG AGUNG
3748319322,,ODP-TUL-FQ/61,-8.065598,111.903943,,,0,8,0,0,8,REGIONAL 5,KEDIRI,TULUNG AGUNG,TUL,,,2024-03-16 23:29:16,2019-07-30,2019,7,NON TITO,,,JAWA TIMUR,1.0,RED,642617011,AREA 3,JATIM,MALANG,TULUNGAGUNG,,,0,0,0,JAWA TIMUR,TULUNGAGUNG,TULUNGAGUNG,KAMPUNGDALEM,TULUNG AGUNG
2514868954,,ODP-TUL-FX/29,-8.056792,111.865303,,,0,8,0,0,8,REGIONAL 5,KEDIRI,TULUNG AGUNG,TUL,,,2024-03-16 23:23:46,2018-05-21,2018,5,NON TITO,,,JAWA TIMUR,1.0,RED,354278971,AREA 3,JATIM,MALANG,TULUNGAGUNG,,,0,0,0,JAWA TIMUR,TULUNGAGUNG,KAUMAN,KAUMAN,TULUNG AGUNG
130662868,,ODP-TUL-FM/14,-8.06039,111.92069,,,0,8,0,0,8,REGIONAL 5,KEDIRI,TULUNG AGUNG,TUL,,,2024-03-16 23:27:08,2016-02-27,2016,2,NON TITO,,,JAWA TIMUR,1.0,RED,7899816,AREA 3,JATIM,MALANG,TULUNGAGUNG,,,0,0,0,JAWA TIMUR,TULUNGAGUNG,KEDUNGWARU,TUNGGULSARI,TULUNG AGUNG
130582978,,ODP-TUL-FCLD/03,-8.0733,111.9041,,,0,8,0,0,8,REGIONAL 5,KEDIRI,TULUNG AGUNG,TUL,,,2024-03-16 23:21:09,2016-02-27,2016,2,NON TITO,,,JAWA TIMUR,1.0,RED,7821230,AREA 3,JATIM,MALANG,TULUNGAGUNG,,,0,0,0,JAWA TIMUR,TULUNGAGUNG,TULUNGAGUNG,BAGO,TULUNG AGUNG
9447194735,,ODP-TUL-FAP/37,-8.010079,111.925043,,,0,8,0,0,8,REGIONAL 5,KEDIRI,TULUNG AGUNG,TUL,,,2024-03-16 23:27:09,2022-10-25,2022,10,NON TITO,,,JAWA TIMUR,1.0,RED,1246065671,AREA 3,JATIM,MALANG,TULUNGAGUNG,,,0,0,0,JAWA TIMUR,TULUNGAGUNG,NGANTRU,NGANTRU,TULUNG AGUNG
1007003336,,ODP-PRI-FB/13,-8.263979,111.719827,,,0,8,0,0,8,REGIONAL 5,KEDIRI,TULUNG AGUNG,PRI,,,2024-03-16 23:23:05,2016-10-26,2016,10,NON TITO,,,JAWA TIMUR,1.0,RED,36783770,AREA 3,JATIM,MADIUN,PONOROGO,,,0,0,0,JAWA TIMUR,TRENGGALEK,WATULIMO,PRIGI,TULUNG AGUNG
3756793895,,ODP-TUL-FZ/80,-8.069866,111.901415,,,0,8,0,0,8,REGIONAL 5,KEDIRI,TULUNG AGUNG,TUL,,,2024-03-16 23:26:58,2019-07-29,2019,7,NON TITO,,,JAWA TIMUR,1.0,RED,642502491,AREA 3,JATIM,MALANG,TULUNGAGUNG,,,0,0,0,JAWA TIMUR,TULUNGAGUNG,TULUNGAGUNG,TAMANAN,TULUNG AGUNG
1007003331,,ODP-PRI-FB/14,-8.266496,111.718737,,,0,8,0,0,8,REGIONAL 5,KEDIRI,TULUNG AGUNG,PRI,,,2024-03-16 23:22:48,2016-10-26,2016,10,NON TITO,,,JAWA TIMUR,1.0,RED,36783767,AREA 3,JATIM,MADIUN,PONOROGO,,,0,0,0,JAWA TIMUR,TRENGGALEK,WATULIMO,PRIGI,TULUNG AGUNG
130587944,,ODP-TUL-FG/49,-8.0783,111.8931,,,0,8,0,0,8,REGIONAL 5,KEDIRI,TULUNG AGUNG,TUL,,,2024-03-16 23:26:12,2016-02-27,2016,2,NON TITO,,,JAWA TIMUR,1.0,RED,7825042,AREA 3,JATIM,MALANG,TULUNGAGUNG,,,0,0,0,JAWA TIMUR,TULUNGAGUNG,BOYOLANGU,GEDANGSEWU,TULUNG AGUNG
9676095879,,ODP-TRE-FG/64,-7.936635,111.708883,,,0,8,0,0,8,REGIONAL 5,KEDIRI,TULUNG AGUNG,TRE,,,2024-03-16 23:23:49,2022-12-30,2022,12,NON TITO,,,JAWA TIMUR,1.0,RED,1258219720,AREA 3,JATIM,MADIUN,PONOROGO,,,0,0,0,JAWA TIMUR,TRENGGALEK,BENDUNGAN,DOMPYONG,TULUNG AGUNG
11641021626,,ODP-PRI-FB/125,-8.286958,111.72198,,,0,8,0,0,8,REGIONAL 5,KEDIRI,TULUNG AGUNG,PRI,,,2024-07-25 17:32:53,2024-07-25,2024,7,NON TITO,,,JAWA TIMUR,1.0,RED,1449336555,AREA 3,JATIM,MADIUN,PONOROGO,,,0,0,0,JAWA TIMUR,TRENGGALEK,WATULIMO,PRIGI,TULUNG AGUNG
1486696730,,ODP-PRI-FB/69,-8.268078,111.709262,,,0,8,0,0,8,REGIONAL 5,KEDIRI,TULUNG AGUNG,PRI,,,2024-03-16 23:26:30,2017-05-23,2017,5,NON TITO,,,JAWA TIMUR,1.0,RED,129802640,AREA 3,JATIM,MADIUN,PONOROGO,,,0,0,0,JAWA TIMUR,TRENGGALEK,WATULIMO,MARGOMULYO,TULUNG AGUNG
4298819189,,ODP-TRE-FU/10,-8.175375,111.668903,,,0,8,0,0,8,REGIONAL 5,KEDIRI,TULUNG AGUNG,TRE,,,2024-03-16 23:26:26,2019-11-15,2019,11,NON TITO,,,JAWA TIMUR,1.0,RED,787164146,AREA 3,JATIM,MADIUN,PONOROGO,,,0,0,0,JAWA TIMUR,TRENGGALEK,KAMPAK,BENDOAGUNG,TULUNG AGUNG
2436270021,,ODP-TRE-FL/42,-8.079845,111.676839,,,0,8,0,0,8,REGIONAL 5,KEDIRI,TULUNG AGUNG,TRE,,,2024-03-16 23:23:33,2018-04-19,2018,4,NON TITO,,,JAWA TIMUR,1.0,RED,353264707,AREA 3,JATIM,MADIUN,PONOROGO,,,0,0,0,JAWA TIMUR,TRENGGALEK,KARANGAN,KEDUNGSIGIT,TULUNG AGUNG
2436497243,,ODP-TUL-FU/32,-8.133381,111.891867,,,0,8,0,0,8,REGIONAL 5,KEDIRI,TULUNG AGUNG,TUL,,,2024-03-16 23:23:01,2018-04-17,2018,4,NON TITO,,,JAWA TIMUR,1.0,RED,346967533,AREA 3,JATIM,MALANG,TULUNGAGUNG,,,0,0,0,JAWA TIMUR,TULUNGAGUNG,CAMPURDARAT,TANGGUNG,TULUNG AGUNG
5885834122,,ODP-TUL-FAJ/33,-8.052322,111.893264,,,0,8,0,0,8,REGIONAL 5,KEDIRI,TULUNG AGUNG,TUL,,,2024-03-16 23:25:48,2021-01-26,2021,1,NON TITO,,,JAWA TIMUR,1.0,RED,860536412,AREA 3,JATIM,MALANG,TULUNGAGUNG,,,0,0,0,JAWA TIMUR,TULUNGAGUNG,KEDUNGWARU,MANGUNSARI,TULUNG AGUNG
3674968824,,ODP-TUL-FA/135,-8.055498,111.899101,,,0,8,0,0,8,REGIONAL 5,KEDIRI,TULUNG AGUNG,TUL,,,2024-03-16 23:23:49,2019-06-27,2019,6,NON TITO,,,JAWA TIMUR,1.0,RED,631906571,AREA 3,JATIM,MALANG,TULUNGAGUNG,,,0,0,0,JAWA TIMUR,TULUNGAGUNG,KEDUNGWARU,MANGUNSARI,TULUNG AGUNG
1053345485,,ODP-CAT-FE/04,-8.157863,111.803399,,,0,8,0,0,8,REGIONAL 5,KEDIRI,TULUNG AGUNG,CAT,,,2024-03-16 23:23:29,2016-11-12,2016,11,NON TITO,,,JAWA TIMUR,1.0,RED,38532937,AREA 3,JATIM,MALANG,TULUNGAGUNG,,,0,0,0,JAWA TIMUR,TULUNGAGUNG,PAKEL,GOMBANG,TULUNG AGUNG
9450570383,,ODP-NGU-FK/14,-8.103037,112.006975,,,0,8,0,0,8,REGIONAL 5,KEDIRI,TULUNG AGUNG,NGU,,,2024-03-16 23:27:50,2022-10-25,2022,10,NON TITO,,,JAWA TIMUR,1.0,RED,1246065241,AREA 3,JATIM,MALANG,TULUNGAGUNG,,,0,0,0,JAWA TIMUR,TULUNGAGUNG,NGUNUT,NGUNUT,TULUNG AGUNG
5898869534,,ODP-TUL-FAJ/26,-8.058527,111.876918,,,0,8,0,0,8,REGIONAL 5,KEDIRI,TULUNG AGUNG,TUL,,,2024-03-16 23:25:11,2021-01-27,2021,1,NON TITO,,,JAWA TIMUR,1.0,RED,860681952,AREA 3,JATIM,MALANG,TULUNGAGUNG,,,0,0,0,JAWA TIMUR,TULUNGAGUNG,KAUMAN,BALEREJO,TULUNG AGUNG
1486697408,,ODP-PRI-FB/86,-8.277931,111.715892,,,0,8,0,0,8,REGIONAL 5,KEDIRI,TULUNG AGUNG,PRI,,,2024-03-16 23:26:42,2017-05-23,2017,5,NON TITO,,,JAWA TIMUR,1.0,RED,129802884,AREA 3,JATIM,MADIUN,PONOROGO,,,0,0,0,JAWA TIMUR,TRENGGALEK,WATULIMO,PRIGI,TULUNG AGUNG
3248295734,,ODP-KWR-FC/12,-8.145308,111.97444,,,0,8,0,0,8,REGIONAL 5,KEDIRI,TULUNG AGUNG,KWR,,,2024-03-16 23:25:47,2019-01-11,2019,1,NON TITO,,,JAWA TIMUR,1.0,RED,448667641,AREA 3,JATIM,MALANG,TULUNGAGUNG,,,0,0,0,JAWA TIMUR,TULUNGAGUNG,KALIDAWIR,DOMASAN,TULUNG AGUNG
1486697411,,ODP-PRI-FB/71,-8.269858,111.710354,,,0,16,0,0,16,REGIONAL 5,KEDIRI,TULUNG AGUNG,PRI,,,2024-03-16 23:27:42,2017-05-23,2017,5,NON TITO,,,JAWA TIMUR,1.0,RED,129802886,AREA 3,JATIM,MADIUN,PONOROGO,,,0,0,0,JAWA TIMUR,TRENGGALEK,WATULIMO,MARGOMULYO,TULUNG AGUNG
4515422336,,ODP-TRE-FS/16,-8.187915,111.576106,,,0,8,0,0,8,REGIONAL 5,KEDIRI,TULUNG AGUNG,TRE,,,2024-03-16 23:26:41,2020-01-30,2020,1,NON TITO,,,JAWA TIMUR,1.0,RED,795887427,AREA 3,JATIM,MADIUN,PONOROGO,,,0,0,0,JAWA TIMUR,TRENGGALEK,DONGKO,DONGKO,TULUNG AGUNG
2436270011,,ODP-TRE-FL/28,-8.097224,111.644034,,,0,8,0,0,8,REGIONAL 5,KEDIRI,TULUNG AGUNG,TRE,,,2024-03-16 23:23:36,2018-04-19,2018,4,NON TITO,,,JAWA TIMUR,1.0,RED,353264704,AREA 3,JATIM,MADIUN,PONOROGO,,,0,0,0,JAWA TIMUR,TRENGGALEK,SURUH,SURUH,TULUNG AGUNG
3682168651,,ODP-TUL-FZ/73,-8.067696,111.904218,,,0,8,0,0,8,REGIONAL 5,KEDIRI,TULUNG AGUNG,TUL,,,2024-03-16 23:22:27,2019-07-01,2019,7,NON TITO,,,JAWA TIMUR,1.0,RED,632051070,AREA 3,JATIM,MALANG,TULUNGAGUNG,,,0,0,0,JAWA TIMUR,TULUNGAGUNG,TULUNGAGUNG,TAMANAN,TULUNG AGUNG
3248295494,,ODP-KWR-FC/08,-8.133707,111.978234,,,0,16,0,0,16,REGIONAL 5,KEDIRI,TULUNG AGUNG,KWR,,,2024-03-16 23:25:47,2019-01-11,2019,1,NON TITO,,,JAWA TIMUR,1.0,RED,448667524,AREA 3,JATIM,MALANG,TULUNGAGUNG,,,0,0,0,JAWA TIMUR,TULUNGAGUNG,SUMBERGEMPOL,MIRIGAMBAR,TULUNG AGUNG
781843879,,ODP-NGU-FA/41,-8.104656,112.017231,,,0,8,0,0,8,REGIONAL 5,KEDIRI,TULUNG AGUNG,NGU,,,2024-03-16 23:27:18,2016-08-03,2016,8,NON TITO,,,JAWA TIMUR,1.0,RED,34089328,AREA 3,JATIM,MALANG,TULUNGAGUNG,,,0,0,0,JAWA TIMUR,TULUNGAGUNG,NGUNUT,NGUNUT,TULUNG AGUNG
1486697423,,ODP-PRI-FB/47,-8.302749,111.691792,,,0,16,0,0,16,REGIONAL 5,KEDIRI,TULUNG AGUNG,PRI,,,2024-03-16 23:27:06,2017-05-23,2017,5,NON TITO,,,JAWA TIMUR,1.0,RED,129802894,AREA 3,JATIM,MADIUN,PONOROGO,,,0,0,0,JAWA TIMUR,TRENGGALEK,WATULIMO,PRIGI,TULUNG AGUNG
3248295589,,ODP-KWR-FC/42,-8.148093,111.963071,,,0,8,0,0,8,REGIONAL 5,KEDIRI,TULUNG AGUNG,KWR,,,2024-03-16 23:27:00,2019-01-11,2019,1,NON TITO,,,JAWA TIMUR,1.0,RED,448667566,AREA 3,JATIM,MALANG,TULUNGAGUNG,,,0,0,0,JAWA TIMUR,TULUNGAGUNG,KALIDAWIR,TANJUNG,TULUNG AGUNG
781843873,,ODP-NGU-FA/38,-8.105162,112.027416,,,0,8,0,0,8,REGIONAL 5,KEDIRI,TULUNG AGUNG,NGU,,,2024-03-16 23:28:28,2016-08-03,2016,8,NON TITO,,,JAWA TIMUR,1.0,RED,34089325,AREA 3,JATIM,MALANG,TULUNGAGUNG,,,0,0,0,JAWA TIMUR,TULUNGAGUNG,NGUNUT,KALIWUNGU,TULUNG AGUNG
5995171488,,ODP-DRN-FA/58,-8.115335,111.779286,,,0,8,0,0,8,REGIONAL 5,KEDIRI,TULUNG AGUNG,DRN,,,2024-03-16 23:23:44,2021-02-11,2021,2,NON TITO,,,JAWA TIMUR,1.0,RED,861538178,AREA 3,JATIM,MADIUN,PONOROGO,,,0,0,0,JAWA TIMUR,TRENGGALEK,POGALAN,KEDUNGLURAH,TULUNG AGUNG
2436270136,,ODP-TRE-FL/48,-8.080039,111.665631,,,0,8,0,0,8,REGIONAL 5,KEDIRI,TULUNG AGUNG,TRE,,,2024-03-16 23:23:26,2018-04-19,2018,4,NON TITO,,,JAWA TIMUR,1.0,RED,353562727,AREA 3,JATIM,MADIUN,PONOROGO,,,0,0,0,JAWA TIMUR,TRENGGALEK,KARANGAN,KARANGAN,TULUNG AGUNG
5999369249,,ODP-DRN-FA/59,-8.113958,111.775456,,,0,8,0,0,8,REGIONAL 5,KEDIRI,TULUNG AGUNG,DRN,,,2024-03-16 23:25:04,2021-02-15,2021,2,NON TITO,,,JAWA TIMUR,1.0,RED,861673562,AREA 3,JATIM,MADIUN,PONOROGO,,,0,0,0,JAWA TIMUR,TRENGGALEK,POGALAN,KEDUNGLURAH,TULUNG AGUNG
373804531,,ODP-TUL-FN/11,-8.063923,111.88645,,,0,8,0,0,8,REGIONAL 5,KEDIRI,TULUNG AGUNG,TUL,,,2024-03-16 23:23:50,2016-05-10,2016,5,NON TITO,,,JAWA TIMUR,1.0,RED,22633020,AREA 3,JATIM,MALANG,TULUNGAGUNG,,,0,0,0,JAWA TIMUR,TULUNGAGUNG,TULUNGAGUNG,PANGGUNGREJO,TULUNG AGUNG
2436497343,,ODP-TUL-FU/26,-8.130569,111.881065,,,0,8,0,0,8,REGIONAL 5,KEDIRI,TULUNG AGUNG,TUL,,,2024-03-16 23:23:03,2018-04-17,2018,4,NON TITO,,,JAWA TIMUR,1.0,RED,346967632,AREA 3,JATIM,MALANG,TULUNGAGUNG,,,0,0,0,JAWA TIMUR,TULUNGAGUNG,CAMPURDARAT,TANGGUNG,TULUNG AGUNG
1486697417,,ODP-PRI-FB/62,-8.26157,111.698874,,,0,8,0,0,8,REGIONAL 5,KEDIRI,TULUNG AGUNG,PRI,,,2024-03-16 23:27:40,2017-05-23,2017,5,NON TITO,,,JAWA TIMUR,1.0,RED,129802890,AREA 3,JATIM,MADIUN,PONOROGO,,,0,0,0,JAWA TIMUR,TRENGGALEK,WATULIMO,SAWAHAN,TULUNG AGUNG
130588556,,ODP-TUL-FA/51,-8.0572,111.9111,,,0,8,0,0,8,REGIONAL 5,KEDIRI,TULUNG AGUNG,TUL,,,2024-03-16 23:26:00,2016-02-27,2016,2,NON TITO,,,JAWA TIMUR,1.0,RED,7825484,AREA 3,JATIM,MALANG,TULUNGAGUNG,,,0,0,0,JAWA TIMUR,TULUNGAGUNG,KEDUNGWARU,KEDUNGWARU,TULUNG AGUNG
3748544054,,ODP-TRE-FF/16,-8.081783,111.694201,,,0,8,0,0,8,REGIONAL 5,KEDIRI,TULUNG AGUNG,TRE,,,2024-03-16 23:28:05,2019-07-26,2019,7,NON TITO,,,JAWA TIMUR,1.0,RED,640407053,AREA 3,JATIM,MADIUN,PONOROGO,,,0,0,0,JAWA TIMUR,TRENGGALEK,KARANGAN,SUMBERINGIN,TULUNG AGUNG
130663775,,ODP-TUL-FJ/16,-8.0581,111.8914,,,0,8,0,0,8,REGIONAL 5,KEDIRI,TULUNG AGUNG,TUL,,,2024-03-16 23:28:37,2016-02-27,2016,2,NON TITO,,,JAWA TIMUR,1.0,RED,7900494,AREA 3,JATIM,MALANG,TULUNGAGUNG,,,0,0,0,JAWA TIMUR,TULUNGAGUNG,TULUNGAGUNG,BOTORAN,TULUNG AGUNG
3748544298,,ODP-TRE-FF/14,-8.091995,111.692528,,,0,8,0,0,8,REGIONAL 5,KEDIRI,TULUNG AGUNG,TRE,,,2024-03-16 23:28:51,2019-07-26,2019,7,NON TITO,,,JAWA TIMUR,1.0,RED,642488179,AREA 3,JATIM,MADIUN,PONOROGO,,,0,0,0,JAWA TIMUR,TRENGGALEK,KARANGAN,JATIPRAHU,TULUNG AGUNG
2475043612,,ODP-TUL-FAE/21,-8.007109,111.911192,,,0,8,0,0,8,REGIONAL 5,KEDIRI,TULUNG AGUNG,TUL,,,2024-03-16 23:23:11,2018-04-28,2018,4,NON TITO,,,JAWA TIMUR,1.0,RED,353622650,AREA 3,JATIM,MALANG,TULUNGAGUNG,,,0,0,0,JAWA TIMUR,TULUNGAGUNG,KEDUNGWARU,BORO,TULUNG AGUNG
1311522909,,ODP-TUL-FY/09,-8.056006,111.959835,,,0,8,0,0,8,REGIONAL 5,KEDIRI,TULUNG AGUNG,TUL,,,2024-03-16 23:27:57,2017-03-09,2017,3,NON TITO,,,JAWA TIMUR,1.0,RED,79325385,AREA 3,JATIM,MALANG,TULUNGAGUNG,,,0,0,0,JAWA TIMUR,TULUNGAGUNG,SUMBERGEMPOL,BUKUR,TULUNG AGUNG
3739019420,,ODP-PRI-FB/96,-8.308925,111.74956,,,0,16,0,0,16,REGIONAL 5,KEDIRI,TULUNG AGUNG,PRI,,,2024-03-16 23:21:44,2019-07-23,2019,7,NON TITO,,,JAWA TIMUR,1.0,RED,642466952,AREA 3,JATIM,MADIUN,PONOROGO,,,0,0,0,JAWA TIMUR,TRENGGALEK,WATULIMO,PRIGI,TULUNG AGUNG
2202793611,,ODP-TUL-FAF/47,-8.055502,111.899127,,,0,8,0,0,8,REGIONAL 5,KEDIRI,TULUNG AGUNG,TUL,,,2024-03-16 23:28:24,2018-02-01,2018,2,NON TITO,,,JAWA TIMUR,1.0,RED,305193927,AREA 3,JATIM,MALANG,TULUNGAGUNG,,,0,0,0,JAWA TIMUR,TULUNGAGUNG,KEDUNGWARU,MANGUNSARI,TULUNG AGUNG
2427869943,,ODP-TUL-FN/56,-8.070803,111.881052,,,0,8,0,0,8,REGIONAL 5,KEDIRI,TULUNG AGUNG,TUL,,,2024-03-16 23:26:30,2018-04-13,2018,4,NON TITO,,,JAWA TIMUR,1.0,RED,333710695,AREA 3,JATIM,MALANG,TULUNGAGUNG,,,0,0,0,JAWA TIMUR,TULUNGAGUNG,TULUNGAGUNG,TERTEK,TULUNG AGUNG
4344345020,,ODP-TRE-FD/36,-8.050489,111.709067,,,0,8,0,0,8,REGIONAL 5,KEDIRI,TULUNG AGUNG,TRE,,,2024-03-16 23:28:13,2019-11-27,2019,11,NON TITO,,,JAWA TIMUR,1.0,RED,787598650,AREA 3,JATIM,MADIUN,PONOROGO,,,0,0,0,JAWA TIMUR,TRENGGALEK,TRENGGALEK,SURODAKAN,TULUNG AGUNG
3749969044,,ODP-TUL-FQ/69,-8.063814,111.905193,,,0,8,0,0,8,REGIONAL 5,KEDIRI,TULUNG AGUNG,TUL,,,2024-03-16 23:24:18,2019-07-31,2019,7,NON TITO,,,JAWA TIMUR,1.0,RED,640428135,AREA 3,JATIM,MALANG,TULUNGAGUNG,,,0,0,0,JAWA TIMUR,TULUNGAGUNG,TULUNGAGUNG,KAMPUNGDALEM,TULUNG AGUNG
4519168605,,ODP-TRE-FK/15,-8.05636,111.737144,,,0,8,0,0,8,REGIONAL 5,KEDIRI,TULUNG AGUNG,TRE,,,2024-03-16 23:21:18,2020-01-31,2020,1,NON TITO,,,JAWA TIMUR,1.0,RED,795893900,AREA 3,JATIM,MADIUN,PONOROGO,,,0,0,0,JAWA TIMUR,TRENGGALEK,TRENGGALEK,REJOWINANGUN,TULUNG AGUNG
9447194615,,ODP-TUL-FAP/35,-8.012508,111.92128,,,0,8,0,0,8,REGIONAL 5,KEDIRI,TULUNG AGUNG,TUL,,,2024-03-16 23:27:18,2022-10-25,2022,10,NON TITO,,,JAWA TIMUR,1.0,RED,1246065507,AREA 3,JATIM,MALANG,TULUNGAGUNG,,,0,0,0,JAWA TIMUR,TULUNGAGUNG,NGANTRU,NGANTRU,TULUNG AGUNG
2202793586,,ODP-TUL-FAF/04,-8.025277,111.90821,,,0,8,0,0,8,REGIONAL 5,KEDIRI,TULUNG AGUNG,TUL,,,2024-03-16 23:28:49,2018-02-01,2018,2,NON TITO,,,JAWA TIMUR,1.0,RED,305193896,AREA 3,JATIM,MALANG,TULUNGAGUNG,,,0,0,0,JAWA TIMUR,TULUNGAGUNG,KARANGREJO,SUKOWIYONO,TULUNG AGUNG
9447194605,,ODP-TUL-FAP/78,-8.013253,111.927135,,,0,8,0,0,8,REGIONAL 5,KEDIRI,TULUNG AGUNG,TUL,,,2024-03-16 23:27:10,2022-10-25,2022,10,NON TITO,,,JAWA TIMUR,1.0,RED,1246065491,AREA 3,JATIM,MALANG,TULUNGAGUNG,,,0,0,0,JAWA TIMUR,TULUNGAGUNG,NGANTRU,NGANTRU,TULUNG AGUNG
2202793581,,ODP-TUL-FAF/18,-8.053772,111.90394,,,0,8,0,0,8,REGIONAL 5,KEDIRI,TULUNG AGUNG,TUL,,,2024-03-16 23:28:41,2018-02-01,2018,2,NON TITO,,,JAWA TIMUR,1.0,RED,305193887,AREA 3,JATIM,MALANG,TULUNGAGUNG,,,0,0,0,JAWA TIMUR,TULUNGAGUNG,KEDUNGWARU,KEDUNGWARU,TULUNG AGUNG
1004671596,,ODP-TUL-FAA/10,-7.988466,111.805611,,,0,8,0,0,8,REGIONAL 5,KEDIRI,TULUNG AGUNG,TUL,,,2024-03-16 23:28:57,2016-10-22,2016,10,NON TITO,,,JAWA TIMUR,1.0,RED,36763119,AREA 3,JATIM,MALANG,TULUNGAGUNG,,,0,0,0,JAWA TIMUR,TULUNGAGUNG,PAGERWOJO,MULYOSARI,TULUNG AGUNG
2475043937,,ODP-TUL-FAE/25,-8.013863,111.91815,,,0,8,0,0,8,REGIONAL 5,KEDIRI,TULUNG AGUNG,TUL,,,2024-03-16 23:23:08,2018-04-28,2018,4,NON TITO,,,JAWA TIMUR,1.0,RED,353332601,AREA 3,JATIM,MALANG,TULUNGAGUNG,,,0,0,0,JAWA TIMUR,TULUNGAGUNG,KEDUNGWARU,NGUJANG,TULUNG AGUNG
781544368,,ODP-TRE-FL/19,-8.080083,111.663364,,,0,8,0,0,8,REGIONAL 5,KEDIRI,TULUNG AGUNG,TRE,,,2024-03-16 23:26:21,2016-08-03,2016,8,NON TITO,,,JAWA TIMUR,1.0,RED,34093380,AREA 3,JATIM,MADIUN,PONOROGO,,,0,0,0,JAWA TIMUR,TRENGGALEK,KARANGAN,KARANGAN,TULUNG AGUNG
3748320226,,ODP-TUL-FQ/51,-8.057933,111.900118,,,0,8,0,0,8,REGIONAL 5,KEDIRI,TULUNG AGUNG,TUL,,,2024-03-16 23:21:05,2019-07-30,2019,7,NON TITO,,,JAWA TIMUR,1.0,RED,640428005,AREA 3,JATIM,MALANG,TULUNGAGUNG,,,0,0,0,JAWA TIMUR,TULUNGAGUNG,TULUNGAGUNG,BOTORAN,TULUNG AGUNG
2475043572,,ODP-TUL-FAE/67,-7.992483,111.914437,,,0,8,0,0,8,REGIONAL 5,KEDIRI,TULUNG AGUNG,TUL,,,2024-03-16 23:23:25,2018-04-28,2018,4,NON TITO,,,JAWA TIMUR,1.0,RED,353622630,AREA 3,JATIM,MALANG,TULUNGAGUNG,,,0,0,0,JAWA TIMUR,TULUNGAGUNG,KARANGREJO,JELI,TULUNG AGUNG
3220244301,,ODP-DRN-FB/21,-8.091693,111.81009,,,0,8,0,0,8,REGIONAL 5,KEDIRI,TULUNG AGUNG,DRN,,,2024-03-16 23:21:38,2018-12-30,2018,12,NON TITO,,,JAWA TIMUR,1.0,RED,408332611,AREA 3,JATIM,MADIUN,PONOROGO,,,0,0,0,JAWA TIMUR,TRENGGALEK,DURENAN,KAMULAN,TULUNG AGUNG
3649618795,,ODP-TUL-FU/55,-8.118272,111.87669,,,0,8,0,0,8,REGIONAL 5,KEDIRI,TULUNG AGUNG,TUL,,,2024-03-16 23:22:36,2019-06-18,2019,6,NON TITO,,,JAWA TIMUR,1.0,RED,631374511,AREA 3,JATIM,MALANG,TULUNGAGUNG,,,0,0,0,JAWA TIMUR,TULUNGAGUNG,BOYOLANGU,KENDALBULUR,TULUNG AGUNG
9447194590,,ODP-TUL-FAP/23,-7.99352,111.923634,,,0,8,0,0,8,REGIONAL 5,KEDIRI,TULUNG AGUNG,TUL,,,2024-03-16 23:27:01,2022-10-25,2022,10,NON TITO,,,JAWA TIMUR,1.0,RED,1246065461,AREA 3,JATIM,MALANG,TULUNGAGUNG,,,0,0,0,JAWA TIMUR,TULUNGAGUNG,NGANTRU,BATOKAN,TULUNG AGUNG
1486697282,,ODP-PRI-FB/79,-8.261341,111.722489,,,0,16,0,0,16,REGIONAL 5,KEDIRI,TULUNG AGUNG,PRI,,,2024-03-16 23:27:21,2017-05-23,2017,5,NON TITO,,,JAWA TIMUR,1.0,RED,129802832,AREA 3,JATIM,MADIUN,PONOROGO,,,0,0,0,JAWA TIMUR,TRENGGALEK,WATULIMO,PRIGI,TULUNG AGUNG
130588043,,ODP-TUL-FM/07,-8.0637,111.9194,,,0,8,0,0,8,REGIONAL 5,KEDIRI,TULUNG AGUNG,TUL,,,2024-03-16 23:26:16,2016-02-27,2016,2,NON TITO,,,JAWA TIMUR,1.0,RED,7825113,AREA 3,JATIM,MALANG,TULUNGAGUNG,,,0,0,0,JAWA TIMUR,TULUNGAGUNG,KEDUNGWARU,TUNGGULSARI,TULUNG AGUNG
3220244469,,ODP-DRN-FB/36,-8.097474,111.820639,,,0,8,0,0,8,REGIONAL 5,KEDIRI,TULUNG AGUNG,DRN,,,2024-03-16 23:21:08,2018-12-30,2018,12,NON TITO,,,JAWA TIMUR,1.0,RED,408332745,AREA 3,JATIM,MADIUN,PONOROGO,,,0,0,0,JAWA TIMUR,TRENGGALEK,DURENAN,KAMULAN,TULUNG AGUNG
9447194625,,ODP-TUL-FAP/31,-8.006605,111.924459,,,0,8,0,0,8,REGIONAL 5,KEDIRI,TULUNG AGUNG,TUL,,,2024-03-16 23:26:44,2022-10-25,2022,10,NON TITO,,,JAWA TIMUR,1.0,RED,1246065517,AREA 3,JATIM,MALANG,TULUNGAGUNG,,,0,0,0,JAWA TIMUR,TULUNGAGUNG,NGANTRU,NGANTRU,TULUNG AGUNG
2475043627,,ODP-TUL-FAE/19,-8.007661,111.914108,,,0,8,0,0,8,REGIONAL 5,KEDIRI,TULUNG AGUNG,TUL,,,2024-03-16 23:23:26,2018-04-28,2018,4,NON TITO,,,JAWA TIMUR,1.0,RED,353332427,AREA 3,JATIM,MALANG,TULUNGAGUNG,,,0,0,0,JAWA TIMUR,TULUNGAGUNG,KEDUNGWARU,BORO,TULUNG AGUNG
2475043672,,ODP-TUL-FAE/56,-7.97215,111.918393,,,0,8,0,0,8,REGIONAL 5,KEDIRI,TULUNG AGUNG,TUL,,,2024-03-16 23:22:41,2018-04-28,2018,4,NON TITO,,,JAWA TIMUR,1.0,RED,353622677,AREA 3,JATIM,MALANG,TULUNGAGUNG,,,0,0,0,JAWA TIMUR,TULUNGAGUNG,KARANGREJO,JELI,TULUNG AGUNG
2475043902,,ODP-TUL-FAE/46,-8.000156,111.910956,,,0,8,0,0,8,REGIONAL 5,KEDIRI,TULUNG AGUNG,TUL,,,2024-03-16 23:23:30,2018-04-28,2018,4,NON TITO,,,JAWA TIMUR,1.0,RED,353622787,AREA 3,JATIM,MALANG,TULUNGAGUNG,,,0,0,0,JAWA TIMUR,TULUNGAGUNG,KARANGREJO,KARANGREJO,TULUNG AGUNG
11276818765,,ODP-TRE-FB/30,-8.06153,111.710614,,,0,8,0,0,8,REGIONAL 5,KEDIRI,TULUNG AGUNG,TRE,,,2024-03-16 23:26:55,2024-01-17,2024,1,NON TITO,,,JAWA TIMUR,1.0,RED,1400587418,AREA 3,JATIM,MADIUN,PONOROGO,,,0,0,0,JAWA TIMUR,TRENGGALEK,TRENGGALEK,NGANTRU,TULUNG AGUNG
3806443574,,ODP-TUL-FD/56,-8.068767,111.907308,,,0,8,0,0,8,REGIONAL 5,KEDIRI,TULUNG AGUNG,TUL,,,2024-03-16 23:28:28,2019-08-27,2019,8,NON TITO,,,JAWA TIMUR,1.0,RED,642981955,AREA 3,JATIM,MALANG,TULUNGAGUNG,,,0,0,0,JAWA TIMUR,TULUNGAGUNG,TULUNGAGUNG,BAGO,TULUNG AGUNG
2475043892,,ODP-TUL-FAE/66,-7.99069,111.914911,,,0,8,0,0,8,REGIONAL 5,KEDIRI,TULUNG AGUNG,TUL,,,2024-03-16 23:23:21,2018-04-28,2018,4,NON TITO,,,JAWA TIMUR,1.0,RED,353622782,AREA 3,JATIM,MALANG,TULUNGAGUNG,,,0,0,0,JAWA TIMUR,TULUNGAGUNG,KARANGREJO,JELI,TULUNG AGUNG
11216301478,,ODP-TRE-FS/25,-8.16348,111.578123,,,0,8,0,0,8,REGIONAL 5,KEDIRI,TULUNG AGUNG,TRE,,,2024-03-16 23:28:24,2024-01-15,2024,1,NON TITO,,,JAWA TIMUR,1.0,RED,1400213779,AREA 3,JATIM,MADIUN,PONOROGO,,,0,0,0,JAWA TIMUR,TRENGGALEK,DONGKO,SUMBERBENING,TULUNG AGUNG
2180294548,,ODP-TUL-FAF/43,-8.053048,111.893982,,,0,8,0,0,8,REGIONAL 5,KEDIRI,TULUNG AGUNG,TUL,,,2024-03-16 23:28:54,2018-02-01,2018,2,NON TITO,,,JAWA TIMUR,1.0,RED,305267891,AREA 3,JATIM,MALANG,TULUNGAGUNG,,,0,0,0,JAWA TIMUR,TULUNGAGUNG,KEDUNGWARU,MANGUNSARI,TULUNG AGUNG
3798793543,,ODP-TUL-FF/48,-8.081513,111.927253,,,0,8,0,0,8,REGIONAL 5,KEDIRI,TULUNG AGUNG,TUL,,,2024-03-16 23:23:48,2019-08-23,2019,8,NON TITO,,,JAWA TIMUR,1.0,RED,642963190,AREA 3,JATIM,MALANG,TULUNGAGUNG,,,0,0,0,JAWA TIMUR,TULUNGAGUNG,KEDUNGWARU,PLOSOKANDANG,TULUNG AGUNG
130656083,,ODP-TUL-FCLF/15,-8.0604,111.8979,,,0,8,0,0,8,REGIONAL 5,KEDIRI,TULUNG AGUNG,TUL,,,2024-03-16 23:26:23,2016-02-27,2016,2,NON TITO,,,JAWA TIMUR,1.0,RED,7894606,AREA 3,JATIM,MALANG,TULUNGAGUNG,,,0,0,0,JAWA TIMUR,TULUNGAGUNG,TULUNGAGUNG,BOTORAN,TULUNG AGUNG
1356650231,,ODP-TUL-FAD/11,-8.059011,111.850945,,,0,8,0,0,8,REGIONAL 5,KEDIRI,TULUNG AGUNG,TUL,,,2024-03-16 23:26:41,2017-04-12,2017,4,NON TITO,,,JAWA TIMUR,1.0,RED,81726559,AREA 3,JATIM,MALANG,TULUNGAGUNG,,,0,0,0,JAWA TIMUR,TULUNGAGUNG,GONDANG,JARAKAN,TULUNG AGUNG
3637019257,,ODP-TUL-FV/32,-8.065156,111.897448,,,0,8,0,0,8,REGIONAL 5,KEDIRI,TULUNG AGUNG,TUL,,,2024-03-16 23:23:59,2019-06-11,2019,6,NON TITO,,,JAWA TIMUR,1.0,RED,630926071,AREA 3,JATIM,MALANG,TULUNGAGUNG,,,0,0,0,JAWA TIMUR,TULUNGAGUNG,TULUNGAGUNG,KAUMAN,TULUNG AGUNG
11304720734,,ODP-TRE-FS/26,-8.179572,111.575726,,,0,8,0,0,8,REGIONAL 5,KEDIRI,TULUNG AGUNG,TRE,,,2024-03-16 23:27:38,2024-01-29,2024,1,NON TITO,,,JAWA TIMUR,1.0,RED,1406317343,AREA 3,JATIM,MADIUN,PONOROGO,,,0,0,0,JAWA TIMUR,TRENGGALEK,DONGKO,DONGKO,TULUNG AGUNG
11189368531,,ODP-TUL-FBC/05,-8.0582,111.9281,,,0,8,0,0,8,REGIONAL 5,KEDIRI,TULUNG AGUNG,TUL,,,2024-03-16 23:21:18,2023-12-20,2023,12,NON TITO,,,JAWA TIMUR,1.0,RED,1388827970,AREA 3,JATIM,MALANG,TULUNGAGUNG,,,0,0,0,JAWA TIMUR,TULUNGAGUNG,KEDUNGWARU,TUNGGULSARI,TULUNG AGUNG
130662491,,ODP-NGU-FA/33,-8.10451,112.01302,,,0,8,0,0,8,REGIONAL 5,KEDIRI,TULUNG AGUNG,NGU,,,2024-03-16 23:26:57,2016-02-27,2016,2,NON TITO,,,JAWA TIMUR,1.0,RED,7899532,AREA 3,JATIM,MALANG,TULUNGAGUNG,,,0,0,0,JAWA TIMUR,TULUNGAGUNG,NGUNUT,NGUNUT,TULUNG AGUNG
2436270714,,ODP-TRE-FL/24,-8.096652,111.633732,,,0,8,0,0,8,REGIONAL 5,KEDIRI,TULUNG AGUNG,TRE,,,2024-03-16 23:23:43,2018-04-19,2018,4,NON TITO,,,JAWA TIMUR,1.0,RED,353265054,AREA 3,JATIM,MADIUN,PONOROGO,,,0,0,0,JAWA TIMUR,TRENGGALEK,SURUH,SURUH,TULUNG AGUNG
2436270699,,ODP-TRE-FL/23,-8.098305,111.632303,,,0,8,0,0,8,REGIONAL 5,KEDIRI,TULUNG AGUNG,TRE,,,2024-03-16 23:23:36,2018-04-19,2018,4,NON TITO,,,JAWA TIMUR,1.0,RED,353265045,AREA 3,JATIM,MADIUN,PONOROGO,,,0,0,0,JAWA TIMUR,TRENGGALEK,SURUH,SURUH,TULUNG AGUNG
8502119143,,ODP-TUL-FAF/100,-8.044626,111.904689,,,0,8,0,0,8,REGIONAL 5,KEDIRI,TULUNG AGUNG,TUL,,,2023-08-30 18:09:59,2022-03-09,2022,3,NON TITO,,,JAWA TIMUR,1.0,RED,1168701726,AREA 3,JATIM,MALANG,TULUNGAGUNG,,,0,0,0,JAWA TIMUR,TULUNGAGUNG,KEDUNGWARU,WINONG,TULUNG AGUNG
1356650483,,ODP-TUL-FAD/06,-8.0643,111.850821,,,0,8,0,0,8,REGIONAL 5,KEDIRI,TULUNG AGUNG,TUL,,,2024-03-16 23:27:19,2017-04-12,2017,4,NON TITO,,,JAWA TIMUR,1.0,RED,81726804,AREA 3,JATIM,MALANG,TULUNGAGUNG,,,0,0,0,JAWA TIMUR,TULUNGAGUNG,GONDANG,JARAKAN,TULUNG AGUNG
5687521924,,ODP-KWR-FA/70,-8.163577,111.965463,,,0,8,0,0,8,REGIONAL 5,KEDIRI,TULUNG AGUNG,KWR,,,2024-03-16 23:22:36,2020-11-27,2020,11,NON TITO,,,JAWA TIMUR,1.0,RED,857144243,AREA 3,JATIM,MALANG,TULUNGAGUNG,,,0,0,0,JAWA TIMUR,TULUNGAGUNG,KALIDAWIR,JABON,TULUNG AGUNG
5705370847,,ODP-CAT-FA/50,-8.164178,111.854502,,,0,8,0,0,8,REGIONAL 5,KEDIRI,TULUNG AGUNG,CAT,,,2024-03-16 23:21:59,2020-12-02,2020,12,NON TITO,,,JAWA TIMUR,1.0,RED,857612067,AREA 3,JATIM,MALANG,TULUNGAGUNG,,,0,0,0,JAWA TIMUR,TULUNGAGUNG,CAMPURDARAT,CAMPURDARAT,TULUNG AGUNG
3751548468,,ODP-TUL-FA/138,-8.054944,111.918546,,,0,8,0,0,8,REGIONAL 5,KEDIRI,TULUNG AGUNG,TUL,,,2024-03-16 23:26:46,2019-08-09,2019,8,NON TITO,,,JAWA TIMUR,1.0,RED,642863131,AREA 3,JATIM,MALANG,TULUNGAGUNG,,,0,0,0,JAWA TIMUR,TULUNGAGUNG,KEDUNGWARU,KEDUNGWARU,TULUNG AGUNG
2475043557,,ODP-TUL-FAE/34,-7.983319,111.905657,,,0,8,0,0,8,REGIONAL 5,KEDIRI,TULUNG AGUNG,TUL,,,2024-03-16 23:22:47,2018-04-28,2018,4,NON TITO,,,JAWA TIMUR,1.0,RED,353332391,AREA 3,JATIM,MALANG,TULUNGAGUNG,,,0,0,0,JAWA TIMUR,TULUNGAGUNG,KARANGREJO,SUKOREJO,TULUNG AGUNG
3220094901,,ODP-CAT-FA/37,-8.159437,111.877691,,,0,8,0,0,8,REGIONAL 5,KEDIRI,TULUNG AGUNG,CAT,,,2024-03-16 23:25:45,2018-12-28,2018,12,NON TITO,,,JAWA TIMUR,1.0,RED,408398805,AREA 3,JATIM,MALANG,TULUNGAGUNG,,,0,0,0,JAWA TIMUR,TULUNGAGUNG,CAMPUR DARAT,PELEM,TULUNG AGUNG
11125243538,,ODP-TRE-FJ/19,-8.043931,111.662879,,,0,8,0,0,8,REGIONAL 5,KEDIRI,TULUNG AGUNG,TRE,,,2024-03-16 23:24:14,2023-12-05,2023,12,NON TITO,,,JAWA TIMUR,1.0,RED,1367606402,AREA 3,JATIM,MADIUN,PONOROGO,,,0,0,0,JAWA TIMUR,TRENGGALEK,TUGU,GONDANG,TULUNG AGUNG
3802019027,,ODP-TUL-FAJ/21,-8.054609,111.893944,,,0,8,0,0,8,REGIONAL 5,KEDIRI,TULUNG AGUNG,TUL,,,2024-03-16 23:26:41,2019-08-27,2019,8,NON TITO,,,JAWA TIMUR,1.0,RED,643057953,AREA 3,JATIM,MALANG,TULUNGAGUNG,,,0,0,0,JAWA TIMUR,TULUNGAGUNG,KEDUNGWARU,MANGUNSARI,TULUNG AGUNG
199876650,,ODP-TUL-FX/03,-8.052667,111.861703,,,0,8,0,0,8,REGIONAL 5,KEDIRI,TULUNG AGUNG,TUL,,,2024-03-16 23:23:53,2016-03-29,2016,3,NON TITO,,,JAWA TIMUR,1.0,RED,13726921,AREA 3,JATIM,MALANG,TULUNGAGUNG,,,0,0,0,JAWA TIMUR,TULUNGAGUNG,KAUMAN,BOLOREJO,TULUNG AGUNG
8619568748,,ODP-NGU-FJ/38,-8.111029,112.013353,,,0,8,0,0,8,REGIONAL 5,KEDIRI,TULUNG AGUNG,NGU,,,2023-08-30 18:08:22,2022-04-04,2022,4,NON TITO,,,JAWA TIMUR,1.0,RED,1170371391,AREA 3,JATIM,MALANG,TULUNGAGUNG,,,0,0,0,JAWA TIMUR,TULUNGAGUNG,NGUNUT,NGUNUT,TULUNG AGUNG
145118745,,ODP-TUL-FS/06,-8.0449,111.8704,,,0,8,0,0,8,REGIONAL 5,KEDIRI,TULUNG AGUNG,TUL,,,2024-03-16 23:23:50,2016-03-08,2016,3,NON TITO,,,JAWA TIMUR,1.0,RED,8178059,AREA 3,JATIM,MALANG,TULUNGAGUNG,,,0,0,0,JAWA TIMUR,TULUNGAGUNG,KAUMAN,MOJOSARI,TULUNG AGUNG
776893866,,ODP-TUL-FS/13,-8.04555,111.860808,,,0,16,0,0,16,REGIONAL 5,KEDIRI,TULUNG AGUNG,TUL,,,2024-03-16 23:26:26,2016-08-02,2016,8,NON TITO,,,JAWA TIMUR,1.0,RED,34086086,AREA 3,JATIM,MALANG,TULUNGAGUNG,,,0,0,0,JAWA TIMUR,TULUNGAGUNG,KAUMAN,MOJOSARI,TULUNG AGUNG
8619644349,,ODP-TUL-FAP/20,-8.010484,111.928603,,,0,8,0,0,8,REGIONAL 5,KEDIRI,TULUNG AGUNG,TUL,,,2023-08-30 18:09:55,2022-04-07,2022,4,NON TITO,,,JAWA TIMUR,1.0,RED,1174485105,AREA 3,JATIM,MALANG,TULUNGAGUNG,,,0,0,0,JAWA TIMUR,TULUNGAGUNG,NGANTRU,NGANTRU,TULUNG AGUNG
5409869010,,ODP-TUL-FA/146,-8.048959,111.91787,,,0,8,0,0,8,REGIONAL 5,KEDIRI,TULUNG AGUNG,TUL,,,2024-03-16 23:27:15,2020-09-15,2020,9,NON TITO,,,JAWA TIMUR,1.0,RED,843124426,AREA 3,JATIM,MALANG,TULUNGAGUNG,,,0,0,0,JAWA TIMUR,TULUNGAGUNG,KEDUNGWARU,REJOAGUNG,TULUNG AGUNG
130661862,,ODP-NGU-FA/06,-8.1044,112.0186,,,0,8,0,0,8,REGIONAL 5,KEDIRI,TULUNG AGUNG,NGU,,,2024-03-16 23:28:09,2016-02-27,2016,2,NON TITO,,,JAWA TIMUR,1.0,RED,7899069,AREA 3,JATIM,MALANG,TULUNGAGUNG,,,0,0,0,JAWA TIMUR,TULUNGAGUNG,NGUNUT,KALIWUNGU,TULUNG AGUNG
2446245742,,ODP-TRE-FH/23,-8.032819,111.641981,,,0,8,0,0,8,REGIONAL 5,KEDIRI,TULUNG AGUNG,TRE,,,2024-03-16 23:28:23,2018-04-21,2018,4,NON TITO,,,JAWA TIMUR,1.0,RED,353280773,AREA 3,JATIM,MADIUN,PONOROGO,,,0,0,0,JAWA TIMUR,TRENGGALEK,TUGU,WINONG,TULUNG AGUNG
8621221819,,ODP-TUL-FAN/03,-8.034346,111.915831,,,0,8,0,0,8,REGIONAL 5,KEDIRI,TULUNG AGUNG,TUL,,,2023-08-30 18:10:05,2022-04-06,2022,4,NON TITO,,,JAWA TIMUR,1.0,RED,1170960405,AREA 3,JATIM,MALANG,TULUNGAGUNG,,,0,0,0,JAWA TIMUR,TULUNGAGUNG,KEDUNGWARU,REJOAGUNG,TULUNG AGUNG
251347227,,ODP-TUL-FW/12,-8.05916,111.90247,,,0,8,0,0,8,REGIONAL 5,KEDIRI,TULUNG AGUNG,TUL,,,2024-03-16 23:29:05,2016-04-14,2016,4,NON TITO,,,JAWA TIMUR,1.0,RED,17139304,AREA 3,JATIM,MALANG,TULUNGAGUNG,,,0,0,0,JAWA TIMUR,TULUNGAGUNG,TULUNGAGUNG,KAMPUNGDALEM,TULUNG AGUNG
4298819219,,ODP-TRE-FU/05,-8.172557,111.658615,,,0,8,0,0,8,REGIONAL 5,KEDIRI,TULUNG AGUNG,TRE,,,2024-03-16 23:26:29,2019-11-15,2019,11,NON TITO,,,JAWA TIMUR,1.0,RED,787164180,AREA 3,JATIM,MADIUN,PONOROGO,,,0,0,0,JAWA TIMUR,TRENGGALEK,KAMPAK,BENDOAGUNG,TULUNG AGUNG
5358943800,,ODP-TUL-FAD/19,-8.058747,111.850072,,,0,8,0,0,8,REGIONAL 5,KEDIRI,TULUNG AGUNG,TUL,,,2024-03-16 23:27:56,2020-08-31,2020,8,NON TITO,,,JAWA TIMUR,1.0,RED,837680340,AREA 3,JATIM,MALANG,TULUNGAGUNG,,,0,0,0,JAWA TIMUR,TULUNGAGUNG,GONDANG,JARAKAN,TULUNG AGUNG
8632918884,,ODP-CAT-FK/25,-8.218927,111.786479,,,0,8,0,0,8,REGIONAL 5,KEDIRI,TULUNG AGUNG,CAT,,,2023-08-30 18:10:47,2022-04-06,2022,4,NON TITO,,,JAWA TIMUR,1.0,RED,1170382957,AREA 3,JATIM,MALANG,TULUNGAGUNG,,,0,0,0,JAWA TIMUR,TULUNGAGUNG,BESUKI,TANGGULWELAHAN,TULUNG AGUNG
770219182,,ODP-TUL-FU/12,-8.122363,111.893895,,,0,8,0,0,8,REGIONAL 5,KEDIRI,TULUNG AGUNG,TUL,,,2024-03-16 23:28:36,2016-07-28,2016,7,NON TITO,,,JAWA TIMUR,1.0,RED,34070030,AREA 3,JATIM,MALANG,TULUNGAGUNG,,,0,0,0,JAWA TIMUR,TULUNGAGUNG,BOYOLANGU,BOYOLANGU,TULUNG AGUNG
5607869820,,ODP-TUL-FU/59,-8.127894,111.892921,,,0,8,0,0,8,REGIONAL 5,KEDIRI,TULUNG AGUNG,TUL,,,2024-03-16 23:27:24,2020-10-29,2020,10,NON TITO,,,JAWA TIMUR,1.0,RED,855892907,AREA 3,JATIM,MALANG,TULUNGAGUNG,,,0,0,0,JAWA TIMUR,TULUNGAGUNG,CAMPURDARAT,TANGGUNG,TULUNG AGUNG
3994845969,,ODP-TUL-FG/74,-8.074196,111.907235,,,0,8,0,0,8,REGIONAL 5,KEDIRI,TULUNG AGUNG,TUL,,,2024-03-16 23:27:49,2019-10-04,2019,10,NON TITO,,,JAWA TIMUR,1.0,RED,676443850,AREA 3,JATIM,MALANG,TULUNGAGUNG,,,0,0,0,JAWA TIMUR,TULUNGAGUNG,TULUNGAGUNG,BAGO,TULUNG AGUNG
3994845964,,ODP-TUL-FG/73,-8.074947,111.907247,,,0,8,0,0,8,REGIONAL 5,KEDIRI,TULUNG AGUNG,TUL,,,2024-03-16 23:27:40,2019-10-04,2019,10,NON TITO,,,JAWA TIMUR,1.0,RED,676443847,AREA 3,JATIM,MALANG,TULUNGAGUNG,,,0,0,0,JAWA TIMUR,TULUNGAGUNG,TULUNGAGUNG,BAGO,TULUNG AGUNG
1253974833,,ODP-TUL-FN/15,-8.066949,111.859821,,,0,8,0,0,8,REGIONAL 5,KEDIRI,TULUNG AGUNG,TUL,,,2024-03-16 23:25:32,2017-02-14,2017,2,NON TITO,,,JAWA TIMUR,1.0,RED,62484347,AREA 3,JATIM,MALANG,TULUNGAGUNG,,,0,0,0,JAWA TIMUR,TULUNGAGUNG,KAUMAN,BOLOREJO,TULUNG AGUNG
130662049,,ODP-TUL-FM/08,-8.0631,111.9192,,,0,8,0,0,8,REGIONAL 5,KEDIRI,TULUNG AGUNG,TUL,,,2024-03-16 23:27:20,2016-02-27,2016,2,NON TITO,,,JAWA TIMUR,1.0,RED,7899207,AREA 3,JATIM,MALANG,TULUNGAGUNG,,,0,0,0,JAWA TIMUR,TULUNGAGUNG,KEDUNGWARU,TUNGGULSARI,TULUNG AGUNG
1004144366,,ODP-CAT-FF/13,-8.164132,111.824802,,,0,8,0,0,8,REGIONAL 5,KEDIRI,TULUNG AGUNG,CAT,,,2024-03-16 23:28:32,2016-10-24,2016,10,NON TITO,,,JAWA TIMUR,1.0,RED,36821530,AREA 3,JATIM,MALANG,TULUNGAGUNG,,,0,0,0,JAWA TIMUR,TULUNGAGUNG,PAKEL,SODO,TULUNG AGUNG
1345782836,,ODP-CAT-FG/06,-8.121367,111.865284,,,0,8,0,0,8,REGIONAL 5,KEDIRI,TULUNG AGUNG,CAT,,,2024-03-16 23:28:37,2017-04-06,2017,4,NON TITO,,,JAWA TIMUR,1.0,RED,81191367,AREA 3,JATIM,MALANG,TULUNGAGUNG,,,0,0,0,JAWA TIMUR,TULUNGAGUNG,PAKEL,GESIKAN,TULUNG AGUNG
11533169890,,ODP-TUL-FAE/14,-8.003881,111.916227,,,0,9,0,0,9,REGIONAL 5,KEDIRI,TULUNG AGUNG,TUL,,,2024-05-21 17:18:36,2024-05-21,2024,5,NON TITO,,,JAWA TIMUR,1.0,RED,1430986058,AREA 3,JATIM,MALANG,TULUNGAGUNG,,,0,0,0,JAWA TIMUR,TULUNGAGUNG,KEDUNGWARU,BORO,TULUNG AGUNG
2509318839,,ODP-TUL-FZ/48,-8.073175,111.906271,,,0,8,0,0,8,REGIONAL 5,KEDIRI,TULUNG AGUNG,TUL,,,2024-03-16 23:28:05,2018-05-14,2018,5,NON TITO,,,JAWA TIMUR,1.0,RED,354206639,AREA 3,JATIM,MALANG,TULUNGAGUNG,,,0,0,0,JAWA TIMUR,TULUNGAGUNG,TULUNGAGUNG,BAGO,TULUNG AGUNG
11462521540,,ODP-TUL-FY/71,-8.059532,111.940205,,,0,9,0,0,9,REGIONAL 5,KEDIRI,TULUNG AGUNG,TUL,,,2024-04-17 17:11:30,2024-04-16,2024,4,NON TITO,,,JAWA TIMUR,1.0,RED,1423315729,AREA 3,JATIM,MALANG,TULUNGAGUNG,,,0,0,0,JAWA TIMUR,TULUNGAGUNG,KEDUNGWARU,TUNGGULSARI,TULUNG AGUNG
3622545640,,ODP-TUL-FAJ/17,-8.047934,111.88427,,,0,8,0,0,8,REGIONAL 5,KEDIRI,TULUNG AGUNG,TUL,,,2024-03-16 23:25:07,2019-06-11,2019,6,NON TITO,,,JAWA TIMUR,1.0,RED,630924966,AREA 3,JATIM,MALANG,TULUNGAGUNG,,,0,0,0,JAWA TIMUR,TULUNGAGUNG,KAUMAN,BATANGSAREN,TULUNG AGUNG
1237321572,,ODP-TRE-FJ/06,-8.04852,111.66547,,,0,8,0,0,8,REGIONAL 5,KEDIRI,TULUNG AGUNG,TRE,,,2024-03-16 23:26:20,2017-02-10,2017,2,NON TITO,,,JAWA TIMUR,1.0,RED,62751761,AREA 3,JATIM,MADIUN,PONOROGO,,,0,0,0,JAWA TIMUR,TRENGGALEK,TUGU,NGLONGSOR,TULUNG AGUNG
130664195,,ODP-TUL-FG/14,-8.076,111.9167,,,0,8,0,0,8,REGIONAL 5,KEDIRI,TULUNG AGUNG,TUL,,,2024-03-16 23:27:09,2016-02-27,2016,2,NON TITO,,,JAWA TIMUR,1.0,RED,7900800,AREA 3,JATIM,MALANG,TULUNGAGUNG,,,0,0,0,JAWA TIMUR,TULUNGAGUNG,KEDUNGWARU,PLOSOKANDANG,TULUNG AGUNG
1356650766,,ODP-TUL-FAD/03,-8.067877,111.849448,,,0,8,0,0,8,REGIONAL 5,KEDIRI,TULUNG AGUNG,TUL,,,2024-03-16 23:27:49,2017-04-12,2017,4,NON TITO,,,JAWA TIMUR,1.0,RED,81727098,AREA 3,JATIM,MALANG,TULUNGAGUNG,,,0,0,0,JAWA TIMUR,TULUNGAGUNG,GONDANG,NGRENDENG,TULUNG AGUNG
786643816,,ODP-TUL-FC/02,-8.050141,111.932333,,,0,16,0,0,16,REGIONAL 5,KEDIRI,TULUNG AGUNG,TUL,,,2024-03-16 23:24:26,2016-08-05,2016,8,NON TITO,,,JAWA TIMUR,1.0,RED,34101417,AREA 3,JATIM,MALANG,TULUNGAGUNG,,,0,0,0,JAWA TIMUR,TULUNGAGUNG,KEDUNGWARU,BANGOAN,TULUNG AGUNG
5808869845,,ODP-TUL-FQ/86,-8.062518,111.902517,,,0,8,0,0,8,REGIONAL 5,KEDIRI,TULUNG AGUNG,TUL,,,2024-03-16 23:25:04,2020-12-24,2020,12,NON TITO,,,JAWA TIMUR,1.0,RED,858543888,AREA 3,JATIM,MALANG,TULUNGAGUNG,,,0,0,0,JAWA TIMUR,TULUNGAGUNG,TULUNGAGUNG,KAMPUNGDALEM,TULUNG AGUNG
130586550,,ODP-TUL-FT/08,-8.0516,111.9199,,,0,8,0,0,8,REGIONAL 5,KEDIRI,TULUNG AGUNG,TUL,,,2024-03-16 23:25:39,2016-02-27,2016,2,NON TITO,,,JAWA TIMUR,1.0,RED,7824003,AREA 3,JATIM,MALANG,TULUNGAGUNG,,,0,0,0,JAWA TIMUR,TULUNGAGUNG,KEDUNGWARU,REJOAGUNG,TULUNG AGUNG
4680344326,,ODP-TUL-FQ/81,-8.06378,111.910792,,,0,8,0,0,8,REGIONAL 5,KEDIRI,TULUNG AGUNG,TUL,,,2024-03-16 23:26:32,2020-03-03,2020,3,NON TITO,,,JAWA TIMUR,1.0,RED,824570371,AREA 3,JATIM,MALANG,TULUNGAGUNG,,,0,0,0,JAWA TIMUR,TULUNGAGUNG,TULUNGAGUNG,BAGO,TULUNG AGUNG
10148143533,,ODP-TUL-FAB/24,-8.04088,111.845081,,,0,8,0,0,8,REGIONAL 5,KEDIRI,TULUNG AGUNG,TUL,,,2024-03-16 23:24:14,2023-05-04,2023,5,NON TITO,,,JAWA TIMUR,1.0,RED,1285621587,AREA 3,JATIM,MALANG,TULUNGAGUNG,,,0,0,0,JAWA TIMUR,TULUNGAGUNG,KAUMAN,PUCANGAN,TULUNG AGUNG
3207795422,,ODP-CAT-FD/57,-8.16809,111.783926,,,0,8,0,0,8,REGIONAL 5,KEDIRI,TULUNG AGUNG,CAT,,,2024-03-16 23:29:06,2018-12-28,2018,12,NON TITO,,,JAWA TIMUR,1.0,RED,408390494,AREA 3,JATIM,MALANG,TULUNGAGUNG,,,0,0,0,JAWA TIMUR,TULUNGAGUNG,BANDUNG,BANDUNG,TULUNG AGUNG
10016368547,,ODP-TUL-FAN/15,-8.045781,111.911723,,,0,8,0,0,8,REGIONAL 5,KEDIRI,TULUNG AGUNG,TUL,,,2024-03-16 23:26:25,2023-03-21,2023,3,NON TITO,,,JAWA TIMUR,1.0,RED,1278985961,AREA 3,JATIM,MALANG,TULUNGAGUNG,,,0,0,0,JAWA TIMUR,TULUNGAGUNG,KEDUNGWARU,REJOAGUNG,TULUNG AGUNG
4680344316,,ODP-TUL-FQ/84,-8.065091,111.907247,,,0,8,0,0,8,REGIONAL 5,KEDIRI,TULUNG AGUNG,TUL,,,2024-03-16 23:26:29,2020-03-03,2020,3,NON TITO,,,JAWA TIMUR,1.0,RED,824570368,AREA 3,JATIM,MALANG,TULUNGAGUNG,,,0,0,0,JAWA TIMUR,TULUNGAGUNG,TULUNGAGUNG,KAMPUNGDALEM,TULUNG AGUNG
2410919233,,ODP-TUL-FAD/13,-8.061,111.846102,,,0,8,0,0,8,REGIONAL 5,KEDIRI,TULUNG AGUNG,TUL,,,2024-03-16 23:22:19,2018-04-05,2018,4,NON TITO,,,JAWA TIMUR,1.0,RED,333520092,AREA 3,JATIM,MALANG,TULUNGAGUNG,,,0,0,0,JAWA TIMUR,TULUNGAGUNG,GONDANG,MOJOARUM,TULUNG AGUNG
3750719406,,ODP-TUL-FD/51,-8.065682,111.906388,,,0,16,0,0,16,REGIONAL 5,KEDIRI,TULUNG AGUNG,TUL,,,2024-03-16 23:23:46,2019-08-06,2019,8,NON TITO,,,JAWA TIMUR,1.0,RED,642774302,AREA 3,JATIM,MALANG,TULUNGAGUNG,,,0,0,0,JAWA TIMUR,TULUNGAGUNG,TULUNGAGUNG,BAGO,TULUNG AGUNG
4344344946,,ODP-TRE-FD/40,-8.052643,111.711734,,,0,8,0,0,8,REGIONAL 5,KEDIRI,TULUNG AGUNG,TRE,,,2024-03-16 23:28:06,2019-11-27,2019,11,NON TITO,,,JAWA TIMUR,1.0,RED,787531199,AREA 3,JATIM,MADIUN,PONOROGO,,,0,0,0,JAWA TIMUR,TRENGGALEK,TRENGGALEK,SUMBERGEDONG,TULUNG AGUNG
7160218556,,ODP-TUL-FAJ/56,-8.046547,111.868649,,,0,8,0,0,8,REGIONAL 5,KEDIRI,TULUNG AGUNG,TUL,,,2023-08-30 18:01:00,2021-07-16,2021,7,NON TITO,,,JAWA TIMUR,1.0,RED,949429060,AREA 3,JATIM,MALANG,TULUNGAGUNG,,,0,0,0,JAWA TIMUR,TULUNGAGUNG,KAUMAN,MOJOSARI,TULUNG AGUNG
130664678,,ODP-TUL-FD/20,-8.0613,111.9042,,,0,8,0,0,8,REGIONAL 5,KEDIRI,TULUNG AGUNG,TUL,,,2024-03-16 23:27:38,2016-02-27,2016,2,NON TITO,,,JAWA TIMUR,1.0,RED,7901113,AREA 3,JATIM,MALANG,TULUNGAGUNG,,,0,0,0,JAWA TIMUR,TULUNGAGUNG,TULUNGAGUNG,KAMPUNGDALEM,TULUNG AGUNG
3227294186,,ODP-DRN-FA/40,-8.120613,111.807004,,,0,8,0,0,8,REGIONAL 5,KEDIRI,TULUNG AGUNG,DRN,,,2024-03-16 23:24:35,2019-01-02,2019,1,NON TITO,,,JAWA TIMUR,1.0,RED,422112563,AREA 3,JATIM,MADIUN,PONOROGO,,,0,0,0,JAWA TIMUR,TRENGGALEK,DURENAN,PANDEAN,TULUNG AGUNG
3207794741,,ODP-CAT-FD/53,-8.17101,111.783659,,,0,8,0,0,8,REGIONAL 5,KEDIRI,TULUNG AGUNG,CAT,,,2024-03-16 23:28:13,2018-12-28,2018,12,NON TITO,,,JAWA TIMUR,1.0,RED,408390140,AREA 3,JATIM,MALANG,TULUNGAGUNG,,,0,0,0,JAWA TIMUR,TULUNGAGUNG,BANDUNG,BANDUNG,TULUNG AGUNG
6838469207,,ODP-TUL-FAJ/46,-8.05752,111.890616,,,0,8,0,0,8,REGIONAL 5,KEDIRI,TULUNG AGUNG,TUL,,,2023-08-30 18:09:19,2021-06-18,2021,6,NON TITO,,,JAWA TIMUR,1.0,RED,906422499,AREA 3,JATIM,MALANG,TULUNGAGUNG,,,0,0,0,JAWA TIMUR,TULUNGAGUNG,TULUNGAGUNG,BOTORAN,TULUNG AGUNG
4298819204,,ODP-TRE-FU/11,-8.178931,111.667579,,,0,8,0,0,8,REGIONAL 5,KEDIRI,TULUNG AGUNG,TRE,,,2024-03-16 23:27:01,2019-11-15,2019,11,NON TITO,,,JAWA TIMUR,1.0,RED,787164165,AREA 3,JATIM,MADIUN,PONOROGO,,,0,0,0,JAWA TIMUR,TRENGGALEK,KAMPAK,BENDOAGUNG,TULUNG AGUNG
2180294183,,ODP-TUL-FAF/62,-8.056787,111.896851,,,0,8,0,0,8,REGIONAL 5,KEDIRI,TULUNG AGUNG,TUL,,,2024-03-16 23:28:40,2018-02-01,2018,2,NON TITO,,,JAWA TIMUR,1.0,RED,305267655,AREA 3,JATIM,MALANG,TULUNGAGUNG,,,0,0,0,JAWA TIMUR,TULUNGAGUNG,TULUNGAGUNG,BOTORAN,TULUNG AGUNG
3207794322,,ODP-CAT-FD/54,-8.170973,111.784601,,,0,8,0,0,8,REGIONAL 5,KEDIRI,TULUNG AGUNG,CAT,,,2024-03-16 23:28:37,2018-12-28,2018,12,NON TITO,,,JAWA TIMUR,1.0,RED,408390008,AREA 3,JATIM,MALANG,TULUNGAGUNG,,,0,0,0,JAWA TIMUR,TULUNGAGUNG,BANDUNG,BANDUNG,TULUNG AGUNG
2180294178,,ODP-TUL-FAF/23,-8.035814,111.901221,,,0,8,0,0,8,REGIONAL 5,KEDIRI,TULUNG AGUNG,TUL,,,2024-03-16 23:28:58,2018-02-01,2018,2,NON TITO,,,JAWA TIMUR,1.0,RED,305267652,AREA 3,JATIM,MALANG,TULUNGAGUNG,,,0,0,0,JAWA TIMUR,TULUNGAGUNG,KEDUNGWARU,SIMO,TULUNG AGUNG
2475043707,,ODP-TUL-FAE/59,-7.973953,111.913853,,,0,8,0,0,8,REGIONAL 5,KEDIRI,TULUNG AGUNG,TUL,,,2024-03-16 23:23:05,2018-04-28,2018,4,NON TITO,,,JAWA TIMUR,1.0,RED,353332460,AREA 3,JATIM,MALANG,TULUNGAGUNG,,,0,0,0,JAWA TIMUR,TULUNGAGUNG,KARANGREJO,JELI,TULUNG AGUNG
4679819114,,ODP-NGU-FE/10,-8.126512,112.081363,,,0,8,0,0,8,REGIONAL 5,KEDIRI,TULUNG AGUNG,NGU,,,2024-03-16 23:26:01,2020-02-27,2020,2,NON TITO,,,JAWA TIMUR,1.0,RED,824550676,AREA 3,JATIM,MALANG,TULUNGAGUNG,,,0,0,0,JAWA TIMUR,TULUNGAGUNG,REJOTANGAN,PAKISREJO,TULUNG AGUNG
1385968643,,ODP-NGU-FA/51,-8.107505,112.009991,,,0,8,0,0,8,REGIONAL 5,KEDIRI,TULUNG AGUNG,NGU,,,2024-03-16 23:29:15,2017-04-27,2017,4,NON TITO,,,JAWA TIMUR,1.0,RED,123406006,AREA 3,JATIM,MALANG,TULUNGAGUNG,,,0,0,0,JAWA TIMUR,TULUNGAGUNG,NGUNUT,NGUNUT,TULUNG AGUNG
717344526,,ODP-TRE-FD/16,-8.054639,111.710478,,,0,8,0,0,8,REGIONAL 5,KEDIRI,TULUNG AGUNG,TRE,,,2024-03-16 23:24:17,2016-06-27,2016,6,NON TITO,,,JAWA TIMUR,1.0,RED,33714099,AREA 3,JATIM,MADIUN,PONOROGO,,,0,0,0,JAWA TIMUR,TRENGGALEK,TRENGGALEK,SUMBERGEDONG,TULUNG AGUNG
2785019222,,ODP-TUL-FA/82,-8.054788,111.913431,,,0,8,0,0,8,REGIONAL 5,KEDIRI,TULUNG AGUNG,TUL,,,2024-03-16 23:24:12,2018-08-10,2018,8,NON TITO,,,JAWA TIMUR,1.0,RED,389291646,AREA 3,JATIM,MALANG,TULUNGAGUNG,,,0,0,0,JAWA TIMUR,TULUNGAGUNG,KEDUNGWARU,KEDUNGWARU,TULUNG AGUNG
3206598203,,ODP-CAT-FD/60,-8.173772,111.788138,,,0,8,0,0,8,REGIONAL 5,KEDIRI,TULUNG AGUNG,CAT,,,2024-03-16 23:23:55,2018-12-28,2018,12,NON TITO,,,JAWA TIMUR,1.0,RED,408391660,AREA 3,JATIM,MALANG,TULUNGAGUNG,,,0,0,0,JAWA TIMUR,TULUNGAGUNG,BANDUNG,BANDUNG,TULUNG AGUNG
3763094618,,ODP-TUL-FL/92,-8.064832,111.908777,,,0,8,0,0,8,REGIONAL 5,KEDIRI,TULUNG AGUNG,TUL,,,2024-03-16 23:23:26,2019-08-08,2019,8,NON TITO,,,JAWA TIMUR,1.0,RED,642785943,AREA 3,JATIM,MALANG,TULUNGAGUNG,,,0,0,0,JAWA TIMUR,TULUNGAGUNG,TULUNGAGUNG,BAGO,TULUNG AGUNG
3751931446,,ODP-TUL-FY/35,-8.064206,111.931242,,,0,8,0,0,8,REGIONAL 5,KEDIRI,TULUNG AGUNG,TUL,,,2024-03-16 23:23:47,2019-08-06,2019,8,NON TITO,,,JAWA TIMUR,1.0,RED,642847534,AREA 3,JATIM,MALANG,TULUNGAGUNG,,,0,0,0,JAWA TIMUR,TULUNGAGUNG,KEDUNGWARU,TUNGGULSARI,TULUNG AGUNG
5747444167,,ODP-TUL-FAC/43,-8.084924,111.840028,,,0,8,0,0,8,REGIONAL 5,KEDIRI,TULUNG AGUNG,TUL,,,2024-03-16 23:28:14,2020-12-11,2020,12,NON TITO,,,JAWA TIMUR,1.0,RED,858020853,AREA 3,JATIM,MALANG,TULUNGAGUNG,,,0,0,0,JAWA TIMUR,TULUNGAGUNG,GONDANG,BENDUNGAN,TULUNG AGUNG
2410919044,,ODP-TUL-FY/13,-8.055739,111.939663,,,0,8,0,0,8,REGIONAL 5,KEDIRI,TULUNG AGUNG,TUL,,,2024-03-16 23:21:49,2018-04-05,2018,4,NON TITO,,,JAWA TIMUR,1.0,RED,333435822,AREA 3,JATIM,MALANG,TULUNGAGUNG,,,0,0,0,JAWA TIMUR,TULUNGAGUNG,KEDUNGWARU,BANGOAN,TULUNG AGUNG
2410919238,,ODP-TUL-FY/18,-8.059414,111.94113,,,0,8,0,0,8,REGIONAL 5,KEDIRI,TULUNG AGUNG,TUL,,,2024-03-16 23:22:36,2018-04-05,2018,4,NON TITO,,,JAWA TIMUR,1.0,RED,333435898,AREA 3,JATIM,MALANG,TULUNGAGUNG,,,0,0,0,JAWA TIMUR,TULUNGAGUNG,KEDUNGWARU,LODERESAN,TULUNG AGUNG
2410918707,,ODP-TUL-FAD/18,-8.068691,111.846913,,,0,8,0,0,8,REGIONAL 5,KEDIRI,TULUNG AGUNG,TUL,,,2024-03-16 23:22:26,2018-04-05,2018,4,NON TITO,,,JAWA TIMUR,1.0,RED,333519900,AREA 3,JATIM,MALANG,TULUNGAGUNG,,,0,0,0,JAWA TIMUR,TULUNGAGUNG,GONDANG,BENDUNGAN,TULUNG AGUNG
5771369257,,ODP-DRN-FC/36,-8.135563,111.791385,,,0,8,0,0,8,REGIONAL 5,KEDIRI,TULUNG AGUNG,DRN,,,2024-03-16 23:24:17,2020-12-15,2020,12,NON TITO,,,JAWA TIMUR,1.0,RED,858144607,AREA 3,JATIM,MADIUN,PONOROGO,,,0,0,0,JAWA TIMUR,TRENGGALEK,DURENAN,NGADISUKO,TULUNG AGUNG
8385044137,,ODP-TUL-FA/154,-8.043141,111.917356,,,0,8,0,0,8,REGIONAL 5,KEDIRI,TULUNG AGUNG,TUL,,,2023-08-30 18:00:39,2022-01-30,2022,1,NON TITO,,,JAWA TIMUR,1.0,RED,1165160730,AREA 3,JATIM,MALANG,TULUNGAGUNG,,,0,0,0,JAWA TIMUR,TULUNGAGUNG,KEDUNGWARU,REJOAGUNG,TULUNG AGUNG
10636919165,,ODP-TUL-FAP/83,-7.967632,111.94122,,,0,8,0,0,8,REGIONAL 5,KEDIRI,TULUNG AGUNG,TUL,,,2024-03-16 23:23:53,2023-09-17,2023,9,NON TITO,,,JAWA TIMUR,1.0,RED,1322080628,AREA 3,JATIM,MALANG,TULUNGAGUNG,,,0,0,0,JAWA TIMUR,TULUNGAGUNG,NGANTRU,BANJARSARI,TULUNG AGUNG
2736118620,,ODP-KWR-FA/55,-8.170829,111.997093,,,0,8,0,0,8,REGIONAL 5,KEDIRI,TULUNG AGUNG,KWR,,,2024-03-16 23:23:28,2018-07-27,2018,7,NON TITO,,,JAWA TIMUR,1.0,RED,368151148,AREA 3,JATIM,MALANG,TULUNGAGUNG,,,0,0,0,JAWA TIMUR,TULUNGAGUNG,KALIDAWIR,NGUBALAN,TULUNG AGUNG
3765794050,,ODP-TUL-FA/141,-8.055842,111.906297,,,0,8,0,0,8,REGIONAL 5,KEDIRI,TULUNG AGUNG,TUL,,,2024-03-16 23:26:26,2019-08-12,2019,8,NON TITO,,,JAWA TIMUR,1.0,RED,642798870,AREA 3,JATIM,MALANG,TULUNGAGUNG,,,0,0,0,JAWA TIMUR,TULUNGAGUNG,KEDUNGWARU,KEDUNGWARU,TULUNG AGUNG
2736118771,,ODP-KWR-FA/53,-8.165411,111.997174,,,0,8,0,0,8,REGIONAL 5,KEDIRI,TULUNG AGUNG,KWR,,,2024-03-16 23:23:06,2018-07-27,2018,7,NON TITO,,,JAWA TIMUR,1.0,RED,368151237,AREA 3,JATIM,MALANG,TULUNGAGUNG,,,0,0,0,JAWA TIMUR,TULUNGAGUNG,KALIDAWIR,NGUBALAN,TULUNG AGUNG
5771369292,,ODP-DRN-FC/18,-8.141414,111.77084,,,0,8,0,0,8,REGIONAL 5,KEDIRI,TULUNG AGUNG,DRN,,,2024-03-16 23:24:09,2020-12-15,2020,12,NON TITO,,,JAWA TIMUR,1.0,RED,858144628,AREA 3,JATIM,MADIUN,PONOROGO,,,0,0,0,JAWA TIMUR,TULUNGAGUNG,BANDUNG,SOKO,TULUNG AGUNG
1360400641,,ODP-TUL-FM/45,-8.062598,111.92233,,,0,8,0,0,8,REGIONAL 5,KEDIRI,TULUNG AGUNG,TUL,,,2024-03-16 23:23:45,2017-04-13,2017,4,NON TITO,,,JAWA TIMUR,1.0,RED,81736148,AREA 3,JATIM,MALANG,TULUNGAGUNG,,,0,0,0,JAWA TIMUR,TULUNGAGUNG,KEDUNGWARU,TUNGGULSARI,TULUNG AGUNG
2180294288,,ODP-TUL-FAF/22,-8.033001,111.90168,,,0,8,0,0,8,REGIONAL 5,KEDIRI,TULUNG AGUNG,TUL,,,2024-03-16 23:28:58,2018-02-01,2018,2,NON TITO,,,JAWA TIMUR,1.0,RED,305267726,AREA 3,JATIM,MALANG,TULUNGAGUNG,,,0,0,0,JAWA TIMUR,TULUNGAGUNG,KEDUNGWARU,SIMO,TULUNG AGUNG
7557568558,,ODP-TUL-FAF/98,-8.042748,111.905133,,,0,8,0,0,8,REGIONAL 5,KEDIRI,TULUNG AGUNG,TUL,,,2023-08-30 17:57:58,2021-09-03,2021,9,NON TITO,,,JAWA TIMUR,1.0,RED,1034823502,AREA 3,JATIM,MALANG,TULUNGAGUNG,,,0,0,0,JAWA TIMUR,TULUNGAGUNG,KEDUNGWARU,WINONG,TULUNG AGUNG
4680344311,,ODP-TUL-FQ/80,-8.062962,111.91085,,,0,8,0,0,8,REGIONAL 5,KEDIRI,TULUNG AGUNG,TUL,,,2024-03-16 23:25:38,2020-03-03,2020,3,NON TITO,,,JAWA TIMUR,1.0,RED,824605891,AREA 3,JATIM,MALANG,TULUNGAGUNG,,,0,0,0,JAWA TIMUR,TULUNGAGUNG,TULUNGAGUNG,BAGO,TULUNG AGUNG
130667403,,ODP-TRE-FE/08,-8.028,111.6694,,,0,8,0,0,8,REGIONAL 5,KEDIRI,TULUNG AGUNG,TRE,,,2024-03-16 23:29:16,2016-02-27,2016,2,NON TITO,,,JAWA TIMUR,1.0,RED,7902773,AREA 3,JATIM,MADIUN,PONOROGO,,,0,0,0,JAWA TIMUR,TRENGGALEK,TUGU,PRAMBON,TULUNG AGUNG
10413418971,,ODP-TUL-FAW/21,-8.073309,111.845644,,,0,8,0,0,8,REGIONAL 5,KEDIRI,TULUNG AGUNG,TUL,,,2024-03-16 23:26:48,2023-07-24,2023,7,NON TITO,,,JAWA TIMUR,1.0,RED,1303751173,AREA 3,JATIM,MALANG,TULUNGAGUNG,,,0,0,0,JAWA TIMUR,TULUNGAGUNG,GONDANG,GONDANG,TULUNG AGUNG
3758520496,,ODP-TUL-FB/48,-8.07981,111.907279,,,0,8,0,0,8,REGIONAL 5,KEDIRI,TULUNG AGUNG,TUL,,,2024-03-16 23:25:10,2019-08-08,2019,8,NON TITO,,,JAWA TIMUR,1.0,RED,642786703,AREA 3,JATIM,MALANG,TULUNGAGUNG,,,0,0,0,JAWA TIMUR,TULUNGAGUNG,BOYOLANGU,SERUT,TULUNG AGUNG
10409443901,,ODP-TUL-FB/55,-8.079932,111.912118,,,0,8,0,0,8,REGIONAL 5,KEDIRI,TULUNG AGUNG,TUL,,,2024-03-16 23:23:50,2023-07-17,2023,7,NON TITO,,,JAWA TIMUR,1.0,RED,1303447942,AREA 3,JATIM,MALANG,TULUNGAGUNG,,,0,0,0,JAWA TIMUR,TULUNGAGUNG,BOYOLANGU,SERUT,TULUNG AGUNG
130664976,,ODP-CAT-FA/08,-8.1652,111.8524,,,0,8,0,0,8,REGIONAL 5,KEDIRI,TULUNG AGUNG,CAT,,,2024-03-16 23:28:53,2016-02-27,2016,2,NON TITO,,,JAWA TIMUR,1.0,RED,7901292,AREA 3,JATIM,MALANG,TULUNGAGUNG,,,0,0,0,JAWA TIMUR,TULUNGAGUNG,CAMPURDARAT,CAMPURDARAT,TULUNG AGUNG
2475043762,,ODP-TUL-FAE/15,-8.004672,111.90817,,,0,8,0,0,8,REGIONAL 5,KEDIRI,TULUNG AGUNG,TUL,,,2024-03-16 23:22:48,2018-04-28,2018,4,NON TITO,,,JAWA TIMUR,1.0,RED,353622721,AREA 3,JATIM,MALANG,TULUNGAGUNG,,,0,0,0,JAWA TIMUR,TULUNGAGUNG,KARANGREJO,SEMBON,TULUNG AGUNG
1364597129,,ODP-TUL-FG/64,-8.110212,111.94739,,,0,8,0,0,8,REGIONAL 5,KEDIRI,TULUNG AGUNG,TUL,,,2024-03-16 23:24:36,2017-04-17,2017,4,NON TITO,,,JAWA TIMUR,1.0,RED,81748559,AREA 3,JATIM,MALANG,TULUNGAGUNG,,,0,0,0,JAWA TIMUR,TULUNGAGUNG,SUMBERGEMPOL,TAMBAKREJO,TULUNG AGUNG
130587504,,ODP-TUL-FU/05,-8.1192,111.8901,,,0,8,0,0,8,REGIONAL 5,KEDIRI,TULUNG AGUNG,TUL,,,2024-03-16 23:25:31,2016-02-27,2016,2,NON TITO,,,JAWA TIMUR,1.0,RED,7824710,AREA 3,JATIM,MALANG,TULUNGAGUNG,,,0,0,0,JAWA TIMUR,TULUNGAGUNG,BOYOLANGU,BOYOLANGU,TULUNG AGUNG
5992619843,,ODP-KWR-FB/17,-8.262032,112.015556,,,0,8,0,0,8,REGIONAL 5,KEDIRI,TULUNG AGUNG,KWR,,,2024-03-16 23:24:16,2021-02-16,2021,2,NON TITO,,,JAWA TIMUR,1.0,RED,861679797,AREA 3,JATIM,MALANG,TULUNGAGUNG,,,0,0,0,JAWA TIMUR,TULUNGAGUNG,PUCANG LABAN,PUCANGLABAN,TULUNG AGUNG
130664487,,ODP-TUL-FL/09,-8.0627,111.9109,,,0,8,0,0,8,REGIONAL 5,KEDIRI,TULUNG AGUNG,TUL,,,2024-03-16 23:28:24,2016-02-27,2016,2,NON TITO,,,JAWA TIMUR,1.0,RED,7900998,AREA 3,JATIM,MALANG,TULUNGAGUNG,,,0,0,0,JAWA TIMUR,TULUNGAGUNG,TULUNGAGUNG,BAGO,TULUNG AGUNG
9410220174,,ODP-TUL-FBA/29,-8.014557,111.900206,,,0,8,0,0,8,REGIONAL 5,KEDIRI,TULUNG AGUNG,TUL,,,2024-03-16 23:26:27,2022-10-14,2022,10,NON TITO,,,JAWA TIMUR,1.0,RED,1241325724,AREA 3,JATIM,MALANG,TULUNGAGUNG,,,0,0,0,JAWA TIMUR,TULUNGAGUNG,KARANGREJO,SEMBON,TULUNG AGUNG
8621221008,,ODP-DRN-FB/65,-8.098101,111.820084,,,0,8,0,0,8,REGIONAL 5,KEDIRI,TULUNG AGUNG,DRN,,,2024-03-16 23:24:36,2022-04-06,2022,4,NON TITO,,,JAWA TIMUR,1.0,RED,1170386019,AREA 3,JATIM,MADIUN,PONOROGO,,,0,0,0,JAWA TIMUR,TRENGGALEK,DURENAN,KAMULAN,TULUNG AGUNG
2991046691,,ODP-TUL-FU/47,-8.129891,111.89259,,,0,8,0,0,8,REGIONAL 5,KEDIRI,TULUNG AGUNG,TUL,,,2024-03-16 23:25:20,2018-10-09,2018,10,NON TITO,,,JAWA TIMUR,1.0,RED,405140231,AREA 3,JATIM,MALANG,TULUNGAGUNG,,,0,0,0,JAWA TIMUR,TULUNGAGUNG,CAMPURDARAT,TANGGUNG,TULUNG AGUNG
2857769379,,ODP-TUL-FN/64,-8.074344,111.893023,,,0,8,0,0,8,REGIONAL 5,KEDIRI,TULUNG AGUNG,TUL,,,2024-03-16 23:28:08,2018-08-29,2018,8,NON TITO,,,JAWA TIMUR,1.0,RED,389609944,AREA 3,JATIM,MALANG,TULUNGAGUNG,,,0,0,0,JAWA TIMUR,TULUNGAGUNG,BOYOLANGU,GEDANGSEWU,TULUNG AGUNG
3022470956,,ODP-TRE-FG/18,-8.04442,111.71157,,,0,8,0,0,8,REGIONAL 5,KEDIRI,TULUNG AGUNG,TRE,,,2024-03-16 23:21:20,2018-10-11,2018,10,NON TITO,,,JAWA TIMUR,1.0,RED,405323669,AREA 3,JATIM,MADIUN,PONOROGO,,,0,0,0,JAWA TIMUR,TRENGGALEK,TRENGGALEK,SURODAKAN,TULUNG AGUNG
2074320538,,ODP-TUL-FAC/08,-8.086627,111.823,,,0,8,0,0,8,REGIONAL 5,KEDIRI,TULUNG AGUNG,TUL,,,2024-03-16 23:29:14,2017-12-20,2017,12,NON TITO,,,JAWA TIMUR,1.0,RED,256176402,AREA 3,JATIM,MALANG,TULUNGAGUNG,,,0,0,0,JAWA TIMUR,TULUNGAGUNG,GONDANG,NOTOREJO,TULUNG AGUNG
7535593738,,ODP-NGU-FF/23,-8.135917,112.013546,,,0,8,0,0,8,REGIONAL 5,KEDIRI,TULUNG AGUNG,NGU,,,2024-03-16 23:24:35,2021-09-02,2021,9,NON TITO,,,JAWA TIMUR,1.0,RED,1034227404,AREA 3,JATIM,MALANG,TULUNGAGUNG,,,0,0,0,JAWA TIMUR,TULUNGAGUNG,REJOTANGAN,PANJEREJO,TULUNG AGUNG
7535593733,,ODP-NGU-FF/25,-8.133793,112.015378,,,0,8,0,0,8,REGIONAL 5,KEDIRI,TULUNG AGUNG,NGU,,,2024-03-16 23:25:15,2021-09-02,2021,9,NON TITO,,,JAWA TIMUR,1.0,RED,1034227393,AREA 3,JATIM,MALANG,TULUNGAGUNG,,,0,0,0,JAWA TIMUR,TULUNGAGUNG,REJOTANGAN,PANJEREJO,TULUNG AGUNG
7535593728,,ODP-NGU-FF/17,-8.135755,112.016752,,,0,8,0,0,8,REGIONAL 5,KEDIRI,TULUNG AGUNG,NGU,,,2024-03-16 23:24:49,2021-09-02,2021,9,NON TITO,,,JAWA TIMUR,1.0,RED,1034227390,AREA 3,JATIM,MALANG,TULUNGAGUNG,,,0,0,0,JAWA TIMUR,TULUNGAGUNG,REJOTANGAN,PANJEREJO,TULUNG AGUNG
8621221837,,ODP-TUL-FAN/07,-8.043238,111.910954,,,0,8,0,0,8,REGIONAL 5,KEDIRI,TULUNG AGUNG,TUL,,,2024-03-16 23:24:45,2022-04-06,2022,4,NON TITO,,,JAWA TIMUR,1.0,RED,1170960417,AREA 3,JATIM,MALANG,TULUNGAGUNG,,,0,0,0,JAWA TIMUR,TULUNGAGUNG,KEDUNGWARU,REJOAGUNG,TULUNG AGUNG
8621221840,,ODP-TUL-FAN/06,-8.040485,111.912461,,,0,8,0,0,8,REGIONAL 5,KEDIRI,TULUNG AGUNG,TUL,,,2024-03-16 23:24:18,2022-04-06,2022,4,NON TITO,,,JAWA TIMUR,1.0,RED,1170960419,AREA 3,JATIM,MALANG,TULUNGAGUNG,,,0,0,0,JAWA TIMUR,TULUNGAGUNG,KEDUNGWARU,REJOAGUNG,TULUNG AGUNG
8621221846,,ODP-TUL-FAN/02,-8.029512,111.918383,,,0,8,0,0,8,REGIONAL 5,KEDIRI,TULUNG AGUNG,TUL,,,2024-03-16 23:24:17,2022-04-06,2022,4,NON TITO,,,JAWA TIMUR,1.0,RED,1170960423,AREA 3,JATIM,MALANG,TULUNGAGUNG,,,0,0,0,JAWA TIMUR,TULUNGAGUNG,KEDUNGWARU,NGUJANG,TULUNG AGUNG
2074319228,,ODP-TUL-FAC/19,-8.074416,111.852113,,,0,8,0,0,8,REGIONAL 5,KEDIRI,TULUNG AGUNG,TUL,,,2024-03-16 23:29:01,2017-12-20,2017,12,NON TITO,,,JAWA TIMUR,1.0,RED,256175851,AREA 3,JATIM,MALANG,TULUNGAGUNG,,,0,0,0,JAWA TIMUR,TULUNGAGUNG,GONDANG,BENDO,TULUNG AGUNG
780719104,,ODP-TUL-FT/21,-8.048574,111.915388,,,0,8,0,0,8,REGIONAL 5,KEDIRI,TULUNG AGUNG,TUL,,,2024-03-16 23:25:29,2016-08-03,2016,8,NON TITO,,,JAWA TIMUR,1.0,RED,34241293,AREA 3,JATIM,MALANG,TULUNGAGUNG,,,0,0,0,JAWA TIMUR,TULUNGAGUNG,KEDUNGWARU,REJOAGUNG,TULUNG AGUNG
7516844415,,ODP-TRE-FT/15,-8.064017,111.68659,,,0,8,0,0,8,REGIONAL 5,KEDIRI,TULUNG AGUNG,TRE,,,2024-03-16 23:29:03,2021-09-01,2021,9,NON TITO,,,JAWA TIMUR,1.0,RED,1034223223,AREA 3,JATIM,MADIUN,PONOROGO,,,0,0,0,JAWA TIMUR,TRENGGALEK,KARANGAN,SALAMREJO,TULUNG AGUNG
8619644359,,ODP-TUL-FAP/17,-8.002733,111.932998,,,0,8,0,0,8,REGIONAL 5,KEDIRI,TULUNG AGUNG,TUL,,,2024-03-16 23:23:32,2022-04-07,2022,4,NON TITO,,,JAWA TIMUR,1.0,RED,1174485111,AREA 3,JATIM,MALANG,TULUNGAGUNG,,,0,0,0,JAWA TIMUR,TULUNGAGUNG,NGANTRU,PULEREJO,TULUNG AGUNG
2067874978,,ODP-DRN-FC/05,-8.133561,111.793974,,,0,8,0,0,8,REGIONAL 5,KEDIRI,TULUNG AGUNG,DRN,,,2024-03-16 23:23:03,2017-12-19,2017,12,NON TITO,,,JAWA TIMUR,1.0,RED,256530207,AREA 3,JATIM,MADIUN,PONOROGO,,,0,0,0,JAWA TIMUR,TRENGGALEK,DURENAN,NGADISUKO,TULUNG AGUNG
2993295637,,ODP-TUL-FAC/38,-8.079795,111.864238,,,0,8,0,0,8,REGIONAL 5,KEDIRI,TULUNG AGUNG,TUL,,,2024-03-16 23:22:22,2018-10-05,2018,10,NON TITO,,,JAWA TIMUR,1.0,RED,405062563,AREA 3,JATIM,MALANG,TULUNGAGUNG,,,0,0,0,JAWA TIMUR,TULUNGAGUNG,GONDANG,REJOSARI,TULUNG AGUNG
8632918864,,ODP-CAT-FK/24,-8.223205,111.788595,,,0,8,0,0,8,REGIONAL 5,KEDIRI,TULUNG AGUNG,CAT,,,2024-03-16 23:26:17,2022-04-06,2022,4,NON TITO,,,JAWA TIMUR,1.0,RED,1170382945,AREA 3,JATIM,MALANG,TULUNGAGUNG,,,0,0,0,JAWA TIMUR,TULUNGAGUNG,BESUKI,TANGGULWELAHAN,TULUNG AGUNG
2860919112,,ODP-TUL-FAK/07,-7.950939,111.839628,,,0,8,0,0,8,REGIONAL 5,KEDIRI,TULUNG AGUNG,TUL,,,2024-03-16 23:29:20,2018-08-30,2018,8,NON TITO,,,JAWA TIMUR,1.0,RED,389611816,AREA 3,JATIM,MALANG,TULUNGAGUNG,,,0,0,0,JAWA TIMUR,TULUNGAGUNG,SENDANG,SENDANG,TULUNG AGUNG
2106495345,,ODP-TUL-FZ/19,-8.088214,111.900358,,,0,8,0,0,8,REGIONAL 5,KEDIRI,TULUNG AGUNG,TUL,,,2024-03-16 23:25:02,2018-01-04,2018,1,NON TITO,,,JAWA TIMUR,1.0,RED,258410785,AREA 3,JATIM,MALANG,TULUNGAGUNG,,,0,0,0,JAWA TIMUR,TULUNGAGUNG,BOYOLANGU,WAUNG,TULUNG AGUNG
8620844793,,ODP-TRE-FZ/50,-8.055596,111.708347,,,0,8,0,0,8,REGIONAL 5,KEDIRI,TULUNG AGUNG,TRE,,,2024-03-16 23:28:36,2022-04-05,2022,4,NON TITO,,,JAWA TIMUR,1.0,RED,1170376775,AREA 3,JATIM,MADIUN,PONOROGO,,,0,0,0,JAWA TIMUR,TRENGGALEK,TRENGGALEK,SUMBERGEDONG,TULUNG AGUNG
2106494680,,ODP-TUL-FZ/20,-8.087828,111.900962,,,0,8,0,0,8,REGIONAL 5,KEDIRI,TULUNG AGUNG,TUL,,,2024-03-16 23:25:00,2018-01-04,2018,1,NON TITO,,,JAWA TIMUR,1.0,RED,258410519,AREA 3,JATIM,MALANG,TULUNGAGUNG,,,0,0,0,JAWA TIMUR,TULUNGAGUNG,BOYOLANGU,WAUNG,TULUNG AGUNG
2124945862,,ODP-TRE-FP/22,-8.095142,111.742042,,,0,8,0,0,8,REGIONAL 5,KEDIRI,TULUNG AGUNG,TRE,,,2024-03-16 23:27:41,2018-01-09,2018,1,NON TITO,,,JAWA TIMUR,1.0,RED,267917962,AREA 3,JATIM,MADIUN,PONOROGO,,,0,0,0,JAWA TIMUR,TRENGGALEK,POGALAN,NGADIRENGGO,TULUNG AGUNG
2952420576,,ODP-TUL-FAE/89,-8.003357,111.909254,,,0,8,0,0,8,REGIONAL 5,KEDIRI,TULUNG AGUNG,TUL,,,2024-03-16 23:29:05,2018-09-24,2018,9,NON TITO,,,JAWA TIMUR,1.0,RED,404650667,AREA 3,JATIM,MALANG,TULUNGAGUNG,,,0,0,0,JAWA TIMUR,TULUNGAGUNG,KARANGREJO,KARANGREJO,TULUNG AGUNG
8620844808,,ODP-TRE-FZ/21,-8.047773,111.710082,,,0,8,0,0,8,REGIONAL 5,KEDIRI,TULUNG AGUNG,TRE,,,2024-03-16 23:28:32,2022-04-05,2022,4,NON TITO,,,JAWA TIMUR,1.0,RED,1170376786,AREA 3,JATIM,MADIUN,PONOROGO,,,0,0,0,JAWA TIMUR,TRENGGALEK,TRENGGALEK,SURODAKAN,TULUNG AGUNG
2952421007,,ODP-TUL-FAE/91,-8.003414,111.910674,,,0,8,0,0,8,REGIONAL 5,KEDIRI,TULUNG AGUNG,TUL,,,2024-03-16 23:21:43,2018-09-24,2018,9,NON TITO,,,JAWA TIMUR,1.0,RED,404650948,AREA 3,JATIM,MALANG,TULUNGAGUNG,,,0,0,0,JAWA TIMUR,TULUNGAGUNG,KARANGREJO,KARANGREJO,TULUNG AGUNG
8619644364,,ODP-TUL-FAP/12,-8.00541,111.946051,,,0,8,0,0,8,REGIONAL 5,KEDIRI,TULUNG AGUNG,TUL,,,2024-03-16 23:23:34,2022-04-07,2022,4,NON TITO,,,JAWA TIMUR,1.0,RED,1174485114,AREA 3,JATIM,MALANG,TULUNGAGUNG,,,0,0,0,JAWA TIMUR,TULUNGAGUNG,NGANTRU,PULEREJO,TULUNG AGUNG
2857544548,,ODP-TUL-FAC/34,-8.07684,111.848896,,,0,8,0,0,8,REGIONAL 5,KEDIRI,TULUNG AGUNG,TUL,,,2024-03-16 23:29:06,2018-08-29,2018,8,NON TITO,,,JAWA TIMUR,1.0,RED,389791249,AREA 3,JATIM,MALANG,TULUNGAGUNG,,,0,0,0,JAWA TIMUR,TULUNGAGUNG,GONDANG,KIPING,TULUNG AGUNG
2860919468,,ODP-TUL-FAK/15,-7.983445,111.874611,,,0,8,0,0,8,REGIONAL 5,KEDIRI,TULUNG AGUNG,TUL,,,2024-03-16 23:28:28,2018-08-30,2018,8,NON TITO,,,JAWA TIMUR,1.0,RED,389611911,AREA 3,JATIM,MALANG,TULUNGAGUNG,,,0,0,0,JAWA TIMUR,TULUNGAGUNG,SENDANG,DONO,TULUNG AGUNG
7649518545,,ODP-TUL-FX/31,-8.059445,111.861766,,,0,8,0,0,8,REGIONAL 5,KEDIRI,TULUNG AGUNG,TUL,,,2024-03-16 23:23:08,2021-09-14,2021,9,NON TITO,,,JAWA TIMUR,1.0,RED,1049895966,AREA 3,JATIM,MALANG,TULUNGAGUNG,,,0,0,0,JAWA TIMUR,TULUNGAGUNG,KAUMAN,BOLOREJO,TULUNG AGUNG
788218530,,ODP-NGU-FD/08,-8.137406,112.001821,,,0,8,0,0,8,REGIONAL 5,KEDIRI,TULUNG AGUNG,NGU,,,2024-03-16 23:25:21,2016-08-03,2016,8,NON TITO,,,JAWA TIMUR,1.0,RED,34242686,AREA 3,JATIM,MALANG,TULUNGAGUNG,,,0,0,0,JAWA TIMUR,TULUNGAGUNG,NGUNUT,KACANGAN,TULUNG AGUNG
2969444180,,ODP-TUL-FE/20,-8.088839,111.903583,,,0,8,0,0,8,REGIONAL 5,KEDIRI,TULUNG AGUNG,TUL,,,2024-03-16 23:28:35,2018-09-27,2018,9,NON TITO,,,JAWA TIMUR,1.0,RED,405013635,AREA 3,JATIM,MALANG,TULUNGAGUNG,,,0,0,0,JAWA TIMUR,TULUNGAGUNG,BOYOLANGU,WAUNG,TULUNG AGUNG
8632918809,,ODP-CAT-FK/13,-8.208473,111.782664,,,0,8,0,0,8,REGIONAL 5,KEDIRI,TULUNG AGUNG,CAT,,,2024-03-16 23:26:10,2022-04-06,2022,4,NON TITO,,,JAWA TIMUR,1.0,RED,1170382912,AREA 3,JATIM,MALANG,TULUNGAGUNG,,,0,0,0,JAWA TIMUR,TULUNGAGUNG,BESUKI,KEBOIRENG,TULUNG AGUNG
2969444458,,ODP-TUL-FE/15,-8.091412,111.899963,,,0,8,0,0,8,REGIONAL 5,KEDIRI,TULUNG AGUNG,TUL,,,2024-03-16 23:28:34,2018-09-27,2018,9,NON TITO,,,JAWA TIMUR,1.0,RED,405013825,AREA 3,JATIM,MALANG,TULUNGAGUNG,,,0,0,0,JAWA TIMUR,TULUNGAGUNG,BOYOLANGU,WAUNG,TULUNG AGUNG
8632918839,,ODP-CAT-FK/14,-8.209528,111.787227,,,0,8,0,0,8,REGIONAL 5,KEDIRI,TULUNG AGUNG,CAT,,,2024-03-16 23:25:45,2022-04-06,2022,4,NON TITO,,,JAWA TIMUR,1.0,RED,1170382930,AREA 3,JATIM,MALANG,TULUNGAGUNG,,,0,0,0,JAWA TIMUR,TULUNGAGUNG,BESUKI,TANGGULWELAHAN,TULUNG AGUNG
2857544221,,ODP-TUL-FAC/32,-8.079864,111.848628,,,0,8,0,0,8,REGIONAL 5,KEDIRI,TULUNG AGUNG,TUL,,,2024-03-16 23:28:52,2018-08-29,2018,8,NON TITO,,,JAWA TIMUR,1.0,RED,389791099,AREA 3,JATIM,MALANG,TULUNGAGUNG,,,0,0,0,JAWA TIMUR,TULUNGAGUNG,GONDANG,KIPING,TULUNG AGUNG
788218541,,ODP-NGU-FD/18,-8.126811,112.014739,,,0,8,0,0,8,REGIONAL 5,KEDIRI,TULUNG AGUNG,NGU,,,2024-03-16 23:25:21,2016-08-03,2016,8,NON TITO,,,JAWA TIMUR,1.0,RED,34242698,AREA 3,JATIM,MALANG,TULUNGAGUNG,,,0,0,0,JAWA TIMUR,TULUNGAGUNG,NGUNUT,KALANGAN,TULUNG AGUNG
7511518644,,ODP-TUL-FAM/18,-8.02679,111.888918,,,0,8,0,0,8,REGIONAL 5,KEDIRI,TULUNG AGUNG,TUL,,,2024-03-16 23:23:50,2021-08-31,2021,8,NON TITO,,,JAWA TIMUR,1.0,RED,1032648021,AREA 3,JATIM,MALANG,TULUNGAGUNG,,,0,0,0,JAWA TIMUR,TULUNGAGUNG,KARANGREJO,BUNGUR,TULUNG AGUNG
3019095992,,ODP-DRN-FB/10,-8.096938,111.822606,,,0,8,0,0,8,REGIONAL 5,KEDIRI,TULUNG AGUNG,DRN,,,2024-03-16 23:28:49,2018-10-12,2018,10,NON TITO,,,JAWA TIMUR,1.0,RED,405333144,AREA 3,JATIM,MADIUN,PONOROGO,,,0,0,0,JAWA TIMUR,TRENGGALEK,DURENAN,KAMULAN,TULUNG AGUNG
2036219275,,ODP-TUL-FK/11,-8.092156,111.942388,,,0,8,0,0,8,REGIONAL 5,KEDIRI,TULUNG AGUNG,TUL,,,2024-03-16 23:26:01,2017-12-12,2017,12,NON TITO,,,JAWA TIMUR,1.0,RED,255983000,AREA 3,JATIM,MALANG,TULUNGAGUNG,,,0,0,0,JAWA TIMUR,TULUNGAGUNG,SUMBERGEMPOL,WONOREJO,TULUNG AGUNG
8645820119,,ODP-TRE-FY/43,-8.123621,111.705984,,,0,8,0,0,8,REGIONAL 5,KEDIRI,TULUNG AGUNG,TRE,,,2024-03-16 23:25:13,2022-04-12,2022,4,NON TITO,,,JAWA TIMUR,1.0,RED,1175926136,AREA 3,JATIM,MADIUN,PONOROGO,,,0,0,0,JAWA TIMUR,TRENGGALEK,GANDUSARI,GANDUSARI,TULUNG AGUNG
1971496253,,ODP-DRN-FA/08,-8.121628,111.804543,,,0,8,0,0,8,REGIONAL 5,KEDIRI,TULUNG AGUNG,DRN,,,2024-03-16 23:23:44,2017-11-08,2017,11,NON TITO,,,JAWA TIMUR,1.0,RED,242299079,AREA 3,JATIM,MADIUN,PONOROGO,,,0,0,0,JAWA TIMUR,TRENGGALEK,DURENAN,PANDEAN,TULUNG AGUNG
2838944468,,ODP-TUL-FAB/03,-8.031088,111.829252,,,0,8,0,0,8,REGIONAL 5,KEDIRI,TULUNG AGUNG,TUL,,,2024-03-16 23:29:07,2018-08-24,2018,8,NON TITO,,,JAWA TIMUR,1.0,RED,389542100,AREA 3,JATIM,MALANG,TULUNGAGUNG,,,0,0,0,JAWA TIMUR,TULUNGAGUNG,KAUMAN,PUCANGAN,TULUNG AGUNG
7160218551,,ODP-TUL-FAJ/53,-8.04363,111.864858,,,0,8,0,0,8,REGIONAL 5,KEDIRI,TULUNG AGUNG,TUL,,,2024-03-16 23:24:00,2021-07-16,2021,7,NON TITO,,,JAWA TIMUR,1.0,RED,949429057,AREA 3,JATIM,MALANG,TULUNGAGUNG,,,0,0,0,JAWA TIMUR,TULUNGAGUNG,KAUMAN,MOJOSARI,TULUNG AGUNG
8705293834,,ODP-NGU-FH/12,-8.085301,111.962467,,,0,8,0,0,8,REGIONAL 5,KEDIRI,TULUNG AGUNG,NGU,,,2024-03-16 23:25:07,2022-04-22,2022,4,NON TITO,,,JAWA TIMUR,1.0,RED,1177728094,AREA 3,JATIM,MALANG,TULUNGAGUNG,,,0,0,0,JAWA TIMUR,TULUNGAGUNG,SUMBERGEMPOL,BENDILJATI WETAN,TULUNG AGUNG
8702443926,,ODP-KWR-FC/46,-8.146745,111.963181,,,0,8,0,0,8,REGIONAL 5,KEDIRI,TULUNG AGUNG,KWR,,,2024-03-16 23:24:51,2022-04-25,2022,4,NON TITO,,,JAWA TIMUR,1.0,RED,1178312531,AREA 3,JATIM,MALANG,TULUNGAGUNG,,,0,0,0,JAWA TIMUR,TULUNGAGUNG,KALIDAWIR,TANJUNG,TULUNG AGUNG
8702443941,,ODP-TUL-FAM/23,-8.041078,111.873437,,,0,8,0,0,8,REGIONAL 5,KEDIRI,TULUNG AGUNG,TUL,,,2024-03-16 23:25:29,2022-04-25,2022,4,NON TITO,,,JAWA TIMUR,1.0,RED,1178312661,AREA 3,JATIM,MALANG,TULUNGAGUNG,,,0,0,0,JAWA TIMUR,TULUNGAGUNG,KAUMAN,MOJOSARI,TULUNG AGUNG
2138969121,,ODP-TUL-FF/32,-8.090788,111.913669,,,0,8,0,0,8,REGIONAL 5,KEDIRI,TULUNG AGUNG,TUL,,,2024-03-16 23:22:16,2018-01-12,2018,1,NON TITO,,,JAWA TIMUR,1.0,RED,268449981,AREA 3,JATIM,MALANG,TULUNGAGUNG,,,0,0,0,JAWA TIMUR,TULUNGAGUNG,BOYOLANGU,SERUT,TULUNG AGUNG
8702819630,,ODP-NGU-FK/18,-8.100398,112.011142,,,0,8,0,0,8,REGIONAL 5,KEDIRI,TULUNG AGUNG,NGU,,,2024-03-16 23:28:51,2022-04-26,2022,4,NON TITO,,,JAWA TIMUR,1.0,RED,1178462307,AREA 3,JATIM,MALANG,TULUNGAGUNG,,,0,0,0,JAWA TIMUR,TULUNGAGUNG,NGUNUT,NGUNUT,TULUNG AGUNG
8702819635,,ODP-NGU-FK/19,-8.101012,112.014821,,,0,8,0,0,8,REGIONAL 5,KEDIRI,TULUNG AGUNG,NGU,,,2024-03-16 23:29:18,2022-04-26,2022,4,NON TITO,,,JAWA TIMUR,1.0,RED,1178462319,AREA 3,JATIM,MALANG,TULUNGAGUNG,,,0,0,0,JAWA TIMUR,TULUNGAGUNG,NGUNUT,KALIWUNGU,TULUNG AGUNG
2138969131,,ODP-TUL-FF/36,-8.087156,111.926133,,,0,8,0,0,8,REGIONAL 5,KEDIRI,TULUNG AGUNG,TUL,,,2024-03-16 23:22:22,2018-01-12,2018,1,NON TITO,,,JAWA TIMUR,1.0,RED,268449990,AREA 3,JATIM,MALANG,TULUNGAGUNG,,,0,0,0,JAWA TIMUR,TULUNGAGUNG,BOYOLANGU,TANJUNGSARI,TULUNG AGUNG
1706144379,,ODP-TUL-FAE/07,-8.019227,111.921334,,,0,8,0,0,8,REGIONAL 5,KEDIRI,TULUNG AGUNG,TUL,,,2024-03-16 23:26:50,2017-08-22,2017,8,NON TITO,,,JAWA TIMUR,1.0,RED,187387779,AREA 3,JATIM,MALANG,TULUNGAGUNG,,,0,0,0,JAWA TIMUR,TULUNGAGUNG,KEDUNGWARU,NGUJANG,TULUNG AGUNG
3173893868,,ODP-TRE-FJ/16,-8.046392,111.663169,,,0,8,0,0,8,REGIONAL 5,KEDIRI,TULUNG AGUNG,TRE,,,2024-03-16 23:27:17,2018-12-11,2018,12,NON TITO,,,JAWA TIMUR,1.0,RED,407051914,AREA 3,JATIM,MADIUN,PONOROGO,,,0,0,0,JAWA TIMUR,TRENGGALEK,TUGU,NGLONGSOR,TULUNG AGUNG
12178318598,,ODP-NGU-FK/29,-8.101928,112.018403,,,0,8,0,0,8,REGIONAL 5,KEDIRI,TULUNG AGUNG,NGU,,,2025-05-15 17:50:25,2025-05-14,2025,5,NON TITO,,,JAWA TIMUR,1.0,RED,1498097475,AREA 3,JATIM,MALANG,TULUNGAGUNG,,,0,0,0,JAWA TIMUR,TULUNGAGUNG,NGUNUT,KALIWUNGU,TULUNG AGUNG
3113520673,,ODP-TRE-FS/05,-8.187883,111.579489,,,0,16,0,0,16,REGIONAL 5,KEDIRI,TULUNG AGUNG,TRE,,,2024-03-16 23:23:53,2018-11-22,2018,11,NON TITO,,,JAWA TIMUR,1.0,RED,406399047,AREA 3,JATIM,MADIUN,PONOROGO,,,0,0,0,JAWA TIMUR,TRENGGALEK,DONGKO,DONGKO,TULUNG AGUNG
3113520668,,ODP-TRE-FS/08,-8.215049,111.541232,,,0,8,0,0,8,REGIONAL 5,KEDIRI,TULUNG AGUNG,TRE,,,2024-03-16 23:23:47,2018-11-22,2018,11,NON TITO,,,JAWA TIMUR,1.0,RED,406399044,AREA 3,JATIM,MADIUN,PONOROGO,,,0,0,0,JAWA TIMUR,TRENGGALEK,DONGKO,PANDEAN,TULUNG AGUNG
12185369599,,ODP-TUL-FAZ/46,-8.056876,111.902301,,,0,8,0,0,8,REGIONAL 5,KEDIRI,TULUNG AGUNG,TUL,,,2025-06-03 17:44:44,2025-06-02,2025,6,NON TITO,,,JAWA TIMUR,1.0,RED,1499296841,AREA 3,JATIM,MALANG,TULUNGAGUNG,,,0,0,0,JAWA TIMUR,TULUNGAGUNG,KEDUNGWARU,KEDUNGWARU,TULUNG AGUNG
2838195254,,ODP-TUL-FAB/08,-8.055258,111.862595,,,0,8,0,0,8,REGIONAL 5,KEDIRI,TULUNG AGUNG,TUL,,,2024-03-16 23:22:45,2018-08-23,2018,8,NON TITO,,,JAWA TIMUR,1.0,RED,389578457,AREA 3,JATIM,MALANG,TULUNGAGUNG,,,0,0,0,JAWA TIMUR,TULUNGAGUNG,KAUMAN,BOLOREJO,TULUNG AGUNG
2857769015,,ODP-TUL-FQ/42,-8.059372,111.912046,,,0,8,0,0,8,REGIONAL 5,KEDIRI,TULUNG AGUNG,TUL,,,2024-03-16 23:28:26,2018-08-29,2018,8,NON TITO,,,JAWA TIMUR,1.0,RED,389609634,AREA 3,JATIM,MALANG,TULUNGAGUNG,,,0,0,0,JAWA TIMUR,TULUNGAGUNG,KEDUNGWARU,KEDUNGWARU,TULUNG AGUNG
7475520491,,ODP-TRE-FP/51,-8.128831,111.705598,,,0,8,0,0,8,REGIONAL 5,KEDIRI,TULUNG AGUNG,TRE,,,2024-03-16 23:22:38,2021-08-30,2021,8,NON TITO,,,JAWA TIMUR,1.0,RED,1030546235,AREA 3,JATIM,MADIUN,PONOROGO,,,0,0,0,JAWA TIMUR,TRENGGALEK,GANDUSARI,GANDUSARI,TULUNG AGUNG
7475520486,,ODP-TRE-FP/52,-8.135053,111.69913,,,0,8,0,0,8,REGIONAL 5,KEDIRI,TULUNG AGUNG,TRE,,,2024-03-16 23:21:43,2021-08-30,2021,8,NON TITO,,,JAWA TIMUR,1.0,RED,1030546230,AREA 3,JATIM,MADIUN,PONOROGO,,,0,0,0,JAWA TIMUR,TRENGGALEK,GANDUSARI,SUKOREJO,TULUNG AGUNG
2857768980,,ODP-TUL-FQ/43,-8.060181,111.916413,,,0,8,0,0,8,REGIONAL 5,KEDIRI,TULUNG AGUNG,TUL,,,2024-03-16 23:27:23,2018-08-29,2018,8,NON TITO,,,JAWA TIMUR,1.0,RED,389609593,AREA 3,JATIM,MALANG,TULUNGAGUNG,,,0,0,0,JAWA TIMUR,TULUNGAGUNG,KEDUNGWARU,KEDUNGWARU,TULUNG AGUNG
781544326,,ODP-TRE-FL/16,-8.076086,111.666389,,,0,8,0,0,8,REGIONAL 5,KEDIRI,TULUNG AGUNG,TRE,,,2024-03-16 23:26:19,2016-08-03,2016,8,NON TITO,,,JAWA TIMUR,1.0,RED,34240728,AREA 3,JATIM,MADIUN,PONOROGO,,,0,0,0,JAWA TIMUR,TRENGGALEK,KARANGAN,KARANGAN,TULUNG AGUNG
2857768960,,ODP-TUL-FQ/44,-8.061123,111.913654,,,0,16,0,0,16,REGIONAL 5,KEDIRI,TULUNG AGUNG,TUL,,,2024-03-16 23:27:09,2018-08-29,2018,8,NON TITO,,,JAWA TIMUR,1.0,RED,389609568,AREA 3,JATIM,MALANG,TULUNGAGUNG,,,0,0,0,JAWA TIMUR,TULUNGAGUNG,KEDUNGWARU,KEDUNGWARU,TULUNG AGUNG
2857469209,,ODP-TUL-FAC/37,-8.074916,111.846582,,,0,8,0,0,8,REGIONAL 5,KEDIRI,TULUNG AGUNG,TUL,,,2024-03-16 23:25:47,2018-08-29,2018,8,NON TITO,,,JAWA TIMUR,1.0,RED,389605480,AREA 3,JATIM,MALANG,TULUNGAGUNG,,,0,0,0,JAWA TIMUR,TULUNGAGUNG,GONDANG,GONDANG,TULUNG AGUNG
3019095178,,ODP-CAT-FD/40,-8.171405,111.776963,,,0,8,0,0,8,REGIONAL 5,KEDIRI,TULUNG AGUNG,CAT,,,2024-03-16 23:29:09,2018-10-12,2018,10,NON TITO,,,JAWA TIMUR,1.0,RED,405332324,AREA 3,JATIM,MALANG,TULUNGAGUNG,,,0,0,0,JAWA TIMUR,TULUNGAGUNG,BANDUNG,SUWARU,TULUNG AGUNG
781468889,,ODP-TRE-FL/11,-8.071452,111.671781,,,0,8,0,0,8,REGIONAL 5,KEDIRI,TULUNG AGUNG,TRE,,,2024-03-16 23:24:34,2016-08-03,2016,8,NON TITO,,,JAWA TIMUR,1.0,RED,34240183,AREA 3,JATIM,MADIUN,PONOROGO,,,0,0,0,JAWA TIMUR,TRENGGALEK,KARANGAN,SALAMREJO,TULUNG AGUNG
3019095790,,ODP-CAT-FB/35,-8.166184,111.830891,,,0,8,0,0,8,REGIONAL 5,KEDIRI,TULUNG AGUNG,CAT,,,2024-03-16 23:28:58,2018-10-12,2018,10,NON TITO,,,JAWA TIMUR,1.0,RED,405471613,AREA 3,JATIM,MALANG,TULUNGAGUNG,,,0,0,0,JAWA TIMUR,TULUNGAGUNG,PAKEL,NGEBONG,TULUNG AGUNG
8632544828,,ODP-TUL-FAT/04,-8.110284,111.915889,,,0,8,0,0,8,REGIONAL 5,KEDIRI,TULUNG AGUNG,TUL,,,2024-03-16 23:22:28,2022-04-08,2022,4,NON TITO,,,JAWA TIMUR,1.0,RED,1175846681,AREA 3,JATIM,MALANG,TULUNGAGUNG,,,0,0,0,JAWA TIMUR,TULUNGAGUNG,BOYOLANGU,SANGGRAHAN,TULUNG AGUNG
2124420177,,ODP-TUL-FC/29,-8.047323,111.917701,,,0,8,0,0,8,REGIONAL 5,KEDIRI,TULUNG AGUNG,TUL,,,2024-03-16 23:27:12,2018-01-10,2018,1,NON TITO,,,JAWA TIMUR,1.0,RED,268437408,AREA 3,JATIM,MALANG,TULUNGAGUNG,,,0,0,0,JAWA TIMUR,TULUNGAGUNG,KEDUNGWARU,REJOAGUNG,TULUNG AGUNG
12185369634,,ODP-TUL-FAZ/33,-8.053877,111.900511,,,0,8,0,0,8,REGIONAL 5,KEDIRI,TULUNG AGUNG,TUL,,,2025-06-03 17:44:44,2025-06-02,2025,6,NON TITO,,,JAWA TIMUR,1.0,RED,1499296865,AREA 3,JATIM,MALANG,TULUNGAGUNG,,,0,0,0,JAWA TIMUR,TULUNGAGUNG,KEDUNGWARU,TAWANGSARI,TULUNG AGUNG
3019096114,,ODP-DRN-FB/08,-8.090709,111.819876,,,0,8,0,0,8,REGIONAL 5,KEDIRI,TULUNG AGUNG,DRN,,,2024-03-16 23:28:41,2018-10-12,2018,10,NON TITO,,,JAWA TIMUR,1.0,RED,405471797,AREA 3,JATIM,MADIUN,PONOROGO,,,0,0,0,JAWA TIMUR,TRENGGALEK,DURENAN,KAMULAN,TULUNG AGUNG
8643043650,,ODP-CAT-FG/20,-8.127781,111.864734,,,0,8,0,0,8,REGIONAL 5,KEDIRI,TULUNG AGUNG,CAT,,,2024-03-16 23:27:21,2022-04-09,2022,4,NON TITO,,,JAWA TIMUR,1.0,RED,1175857836,AREA 3,JATIM,MALANG,TULUNGAGUNG,,,0,0,0,JAWA TIMUR,TULUNGAGUNG,PAKEL,GESIKAN,TULUNG AGUNG
2838195352,,ODP-TUL-FAB/16,-8.037825,111.846021,,,0,8,0,0,8,REGIONAL 5,KEDIRI,TULUNG AGUNG,TUL,,,2024-03-16 23:22:46,2018-08-23,2018,8,NON TITO,,,JAWA TIMUR,1.0,RED,389578525,AREA 3,JATIM,MALANG,TULUNGAGUNG,,,0,0,0,JAWA TIMUR,TULUNGAGUNG,KAUMAN,PUCANGAN,TULUNG AGUNG
2124419928,,ODP-TUL-FC/15,-8.050155,111.931182,,,0,8,0,0,8,REGIONAL 5,KEDIRI,TULUNG AGUNG,TUL,,,2024-03-16 23:28:00,2018-01-10,2018,1,NON TITO,,,JAWA TIMUR,1.0,RED,268437301,AREA 3,JATIM,MALANG,TULUNGAGUNG,,,0,0,0,JAWA TIMUR,TULUNGAGUNG,KEDUNGWARU,BANGOAN,TULUNG AGUNG
8159668594,,ODP-TRE-FL/57,-8.093596,111.655025,,,0,8,0,0,8,REGIONAL 5,KEDIRI,TULUNG AGUNG,TRE,,,2024-03-16 23:26:45,2021-11-22,2021,11,NON TITO,,,JAWA TIMUR,1.0,RED,1132248020,AREA 3,JATIM,MADIUN,PONOROGO,,,0,0,0,JAWA TIMUR,TRENGGALEK,KARANGAN,JATI,TULUNG AGUNG
2124945567,,ODP-TRE-FP/39,-8.091139,111.723075,,,0,8,0,0,8,REGIONAL 5,KEDIRI,TULUNG AGUNG,TRE,,,2024-03-16 23:28:23,2018-01-09,2018,1,NON TITO,,,JAWA TIMUR,1.0,RED,267917747,AREA 3,JATIM,MADIUN,PONOROGO,,,0,0,0,JAWA TIMUR,TRENGGALEK,POGALAN,NGETAL,TULUNG AGUNG
12321944022,,ODP-TUL-FAS/42,-8.072567,111.947369,,,0,8,0,0,8,REGIONAL 5,KEDIRI,TULUNG AGUNG,TUL,,,2025-08-27 17:36:57,2025-08-26,2025,8,NON TITO,,,JAWA TIMUR,1.0,RED,1500620477,AREA 3,JATIM,MALANG,TULUNGAGUNG,,,0,0,0,JAWA TIMUR,TULUNGAGUNG,SUMBERGEMPOL,SUMBERDADI,TULUNG AGUNG
8593019496,,ODP-TRE-FY/20,-8.137756,111.697867,,,0,8,0,0,8,REGIONAL 5,KEDIRI,TULUNG AGUNG,TRE,,,2024-03-16 23:23:06,2022-03-31,2022,3,NON TITO,,,JAWA TIMUR,1.0,RED,1169705799,AREA 3,JATIM,MADIUN,PONOROGO,,,0,0,0,JAWA TIMUR,TRENGGALEK,GANDUSARI,SUKOREJO,TULUNG AGUNG
922993543,,ODP-CAT-FA/15,-8.167027,111.857899,,,0,8,0,0,8,REGIONAL 5,KEDIRI,TULUNG AGUNG,CAT,,,2024-03-16 23:27:18,2016-09-16,2016,9,NON TITO,,,JAWA TIMUR,1.0,RED,35675968,AREA 3,JATIM,MALANG,TULUNGAGUNG,,,0,0,0,JAWA TIMUR,TULUNGAGUNG,CAMPURDARAT,CAMPURDARAT,TULUNG AGUNG
2903818721,,ODP-TUL-FAG/16,-8.034528,111.95678,,,0,8,0,0,8,REGIONAL 5,KEDIRI,TULUNG AGUNG,TUL,,,2024-03-16 23:28:57,2018-09-10,2018,9,NON TITO,,,JAWA TIMUR,1.0,RED,390050517,AREA 3,JATIM,MALANG,TULUNGAGUNG,,,0,0,0,JAWA TIMUR,TULUNGAGUNG,NGANTRU,PADANGAN,TULUNG AGUNG
2122093873,,ODP-TUL-FQ/23,-8.051591,111.920372,,,0,8,0,0,8,REGIONAL 5,KEDIRI,TULUNG AGUNG,TUL,,,2024-03-16 23:26:46,2018-01-05,2018,1,NON TITO,,,JAWA TIMUR,1.0,RED,259363995,AREA 3,JATIM,MALANG,TULUNGAGUNG,,,0,0,0,JAWA TIMUR,TULUNGAGUNG,KEDUNGWARU,REJOAGUNG,TULUNG AGUNG
2130870761,,ODP-TUL-FL/59,-8.063658,111.907363,,,0,8,0,0,8,REGIONAL 5,KEDIRI,TULUNG AGUNG,TUL,,,2024-03-16 23:27:14,2018-01-08,2018,1,NON TITO,,,JAWA TIMUR,1.0,RED,259746387,AREA 3,JATIM,MALANG,TULUNGAGUNG,,,0,0,0,JAWA TIMUR,TULUNGAGUNG,TULUNGAGUNG,KAMPUNGDALEM,TULUNG AGUNG
184201247,,ODP-TUL-FW/05,-8.057816,111.893967,,,0,8,0,0,8,REGIONAL 5,KEDIRI,TULUNG AGUNG,TUL,,,2023-08-30 17:58:27,2016-03-24,2016,3,NON TITO,,,JAWA TIMUR,1.0,RED,12127212,AREA 3,JATIM,MALANG,TULUNGAGUNG,,,0,0,0,JAWA TIMUR,TULUNGAGUNG,TULUNGAGUNG,BOTORAN,TULUNG AGUNG
2107694200,,ODP-TUL-FM/57,-8.063112,111.919159,,,0,8,0,0,8,REGIONAL 5,KEDIRI,TULUNG AGUNG,TUL,,,2024-03-16 23:22:21,2018-01-05,2018,1,NON TITO,,,JAWA TIMUR,1.0,RED,259065025,AREA 3,JATIM,MALANG,TULUNGAGUNG,,,0,0,0,JAWA TIMUR,TULUNGAGUNG,KEDUNGWARU,TUNGGULSARI,TULUNG AGUNG
2901569220,,ODP-TUL-FL/84,-8.067315,111.909098,,,0,8,0,0,8,REGIONAL 5,KEDIRI,TULUNG AGUNG,TUL,,,2024-03-16 23:23:58,2018-09-10,2018,9,NON TITO,,,JAWA TIMUR,1.0,RED,390053199,AREA 3,JATIM,MALANG,TULUNGAGUNG,,,0,0,0,JAWA TIMUR,TULUNGAGUNG,TULUNGAGUNG,BAGO,TULUNG AGUNG
8470245803,,ODP-TUL-FAQ/01,-8.068848,111.921718,,,0,8,0,0,8,REGIONAL 5,KEDIRI,TULUNG AGUNG,TUL,,,2024-03-16 23:24:25,2022-03-01,2022,3,NON TITO,,,JAWA TIMUR,1.0,RED,1168322960,AREA 3,JATIM,MALANG,TULUNGAGUNG,,,0,0,0,JAWA TIMUR,TULUNGAGUNG,KEDUNGWARU,TUNGGULSARI,TULUNG AGUNG
8470245778,,ODP-TUL-FAQ/06,-8.070495,111.920103,,,0,8,0,0,8,REGIONAL 5,KEDIRI,TULUNG AGUNG,TUL,,,2024-03-16 23:24:13,2022-03-01,2022,3,NON TITO,,,JAWA TIMUR,1.0,RED,1168322935,AREA 3,JATIM,MALANG,TULUNGAGUNG,,,0,0,0,JAWA TIMUR,TULUNGAGUNG,KEDUNGWARU,TUNGGULSARI,TULUNG AGUNG
8470245773,,ODP-TUL-FAQ/10,-8.070006,111.915862,,,0,8,0,0,8,REGIONAL 5,KEDIRI,TULUNG AGUNG,TUL,,,2024-03-16 23:24:24,2022-03-01,2022,3,NON TITO,,,JAWA TIMUR,1.0,RED,1168322926,AREA 3,JATIM,MALANG,TULUNGAGUNG,,,0,0,0,JAWA TIMUR,TULUNGAGUNG,TULUNGAGUNG,BAGO,TULUNG AGUNG
2107244382,,ODP-TUL-FS/57,-8.047672,111.860822,,,0,8,0,0,8,REGIONAL 5,KEDIRI,TULUNG AGUNG,TUL,,,2024-03-16 23:23:29,2018-01-04,2018,1,NON TITO,,,JAWA TIMUR,1.0,RED,258997052,AREA 3,JATIM,MALANG,TULUNGAGUNG,,,0,0,0,JAWA TIMUR,TULUNGAGUNG,KAUMAN,MOJOSARI,TULUNG AGUNG
2107244122,,ODP-TUL-FS/65,-8.048845,111.865278,,,0,8,0,0,8,REGIONAL 5,KEDIRI,TULUNG AGUNG,TUL,,,2024-03-16 23:22:44,2018-01-04,2018,1,NON TITO,,,JAWA TIMUR,1.0,RED,258996822,AREA 3,JATIM,MALANG,TULUNGAGUNG,,,0,0,0,JAWA TIMUR,TULUNGAGUNG,KAUMAN,MOJOSARI,TULUNG AGUNG
8471368726,,ODP-NGU-FA/74,-8.104686,112.020619,,,0,8,0,0,8,REGIONAL 5,KEDIRI,TULUNG AGUNG,NGU,,,2024-03-16 23:26:18,2022-02-25,2022,2,NON TITO,,,JAWA TIMUR,1.0,RED,1166970584,AREA 3,JATIM,MALANG,TULUNGAGUNG,,,0,0,0,JAWA TIMUR,TULUNGAGUNG,NGUNUT,KALIWUNGU,TULUNG AGUNG
2904869479,,ODP-TUL-FAH/10,-8.016599,111.931069,,,0,8,0,0,8,REGIONAL 5,KEDIRI,TULUNG AGUNG,TUL,,,2024-03-16 23:22:01,2018-09-13,2018,9,NON TITO,,,JAWA TIMUR,1.0,RED,390062917,AREA 3,JATIM,MALANG,TULUNGAGUNG,,,0,0,0,JAWA TIMUR,TULUNGAGUNG,NGANTRU,BENDOSARI,TULUNG AGUNG
8593019463,,ODP-TRE-FY/16,-8.1398,111.696893,,,0,8,0,0,8,REGIONAL 5,KEDIRI,TULUNG AGUNG,TRE,,,2024-03-16 23:23:31,2022-03-31,2022,3,NON TITO,,,JAWA TIMUR,1.0,RED,1169705777,AREA 3,JATIM,MADIUN,PONOROGO,,,0,0,0,JAWA TIMUR,TRENGGALEK,GANDUSARI,WONOREJO,TULUNG AGUNG
2888820106,,ODP-TUL-FW/26,-8.066434,111.898863,,,0,8,0,0,8,REGIONAL 5,KEDIRI,TULUNG AGUNG,TUL,,,2024-03-16 23:27:56,2018-09-07,2018,9,NON TITO,,,JAWA TIMUR,1.0,RED,390035975,AREA 3,JATIM,MALANG,TULUNGAGUNG,,,0,0,0,JAWA TIMUR,TULUNGAGUNG,TULUNGAGUNG,KAUMAN,TULUNG AGUNG
8471745588,,ODP-TUL-FBA/12,-8.010197,111.903763,,,0,8,0,0,8,REGIONAL 5,KEDIRI,TULUNG AGUNG,TUL,,,2024-03-16 23:22:44,2022-03-07,2022,3,NON TITO,,,JAWA TIMUR,1.0,RED,1168364122,AREA 3,JATIM,MALANG,TULUNGAGUNG,,,0,0,0,JAWA TIMUR,TULUNGAGUNG,KARANGREJO,SEMBON,TULUNG AGUNG
2122093973,,ODP-TUL-FQ/17,-8.046083,111.909697,,,0,8,0,0,8,REGIONAL 5,KEDIRI,TULUNG AGUNG,TUL,,,2024-03-16 23:27:48,2018-01-05,2018,1,NON TITO,,,JAWA TIMUR,1.0,RED,259364057,AREA 3,JATIM,MALANG,TULUNGAGUNG,,,0,0,0,JAWA TIMUR,TULUNGAGUNG,KEDUNGWARU,REJOAGUNG,TULUNG AGUNG
8592194301,,ODP-TRE-FG/57,-7.984034,111.703078,,,0,8,0,0,8,REGIONAL 5,KEDIRI,TULUNG AGUNG,TRE,,,2024-03-16 23:21:49,2022-03-29,2022,3,NON TITO,,,JAWA TIMUR,1.0,RED,1169691387,AREA 3,JATIM,MADIUN,PONOROGO,,,0,0,0,JAWA TIMUR,TRENGGALEK,KARANGAN,NGENTRONG,TULUNG AGUNG
2122094313,,ODP-TUL-FQ/26,-8.051969,111.913219,,,0,8,0,0,8,REGIONAL 5,KEDIRI,TULUNG AGUNG,TUL,,,2024-03-16 23:27:57,2018-01-05,2018,1,NON TITO,,,JAWA TIMUR,1.0,RED,259364270,AREA 3,JATIM,MALANG,TULUNGAGUNG,,,0,0,0,JAWA TIMUR,TULUNGAGUNG,KEDUNGWARU,KEDUNGWARU,TULUNG AGUNG
2122094303,,ODP-TUL-FQ/25,-8.051652,111.917662,,,0,8,0,0,8,REGIONAL 5,KEDIRI,TULUNG AGUNG,TUL,,,2024-03-16 23:21:05,2018-01-05,2018,1,NON TITO,,,JAWA TIMUR,1.0,RED,259364263,AREA 3,JATIM,MALANG,TULUNGAGUNG,,,0,0,0,JAWA TIMUR,TULUNGAGUNG,KEDUNGWARU,KEDUNGWARU,TULUNG AGUNG
8570893771,,ODP-TUL-FAU/03,-8.099628,111.91057,,,0,8,0,0,8,REGIONAL 5,KEDIRI,TULUNG AGUNG,TUL,,,2024-03-16 23:26:56,2022-03-25,2022,3,NON TITO,,,JAWA TIMUR,1.0,RED,1169472074,AREA 3,JATIM,MALANG,TULUNGAGUNG,,,0,0,0,JAWA TIMUR,TULUNGAGUNG,BOYOLANGU,WAJAK LOR,TULUNG AGUNG
8558968825,,ODP-TUL-FJ/36,-8.061849,111.890881,,,0,8,0,0,8,REGIONAL 5,KEDIRI,TULUNG AGUNG,TUL,,,2024-03-16 23:25:46,2022-03-23,2022,3,NON TITO,,,JAWA TIMUR,1.0,RED,1169322332,AREA 3,JATIM,MALANG,TULUNGAGUNG,,,0,0,0,JAWA TIMUR,TULUNGAGUNG,TULUNGAGUNG,PANGGUNGREJO,TULUNG AGUNG
8548168594,,ODP-TUL-FX/35,-8.049465,111.857479,,,0,8,0,0,8,REGIONAL 5,KEDIRI,TULUNG AGUNG,TUL,,,2024-03-16 23:27:19,2022-03-21,2022,3,NON TITO,,,JAWA TIMUR,1.0,RED,1169302515,AREA 3,JATIM,MALANG,TULUNGAGUNG,,,0,0,0,JAWA TIMUR,TULUNGAGUNG,KAUMAN,BOLOREJO,TULUNG AGUNG
130588741,,ODP-TUL-FD/21,-8.0624,111.9043,,,0,16,0,0,16,REGIONAL 5,KEDIRI,TULUNG AGUNG,TUL,,,2023-08-30 18:10:53,2016-02-27,2016,2,NON TITO,,,JAWA TIMUR,1.0,RED,7825614,AREA 3,JATIM,MALANG,TULUNGAGUNG,,,0,0,0,JAWA TIMUR,TULUNGAGUNG,TULUNGAGUNG,KAMPUNGDALEM,TULUNG AGUNG
2130871733,,ODP-TUL-FL/54,-8.061533,111.909985,,,0,8,0,0,8,REGIONAL 5,KEDIRI,TULUNG AGUNG,TUL,,,2024-03-16 23:27:49,2018-01-08,2018,1,NON TITO,,,JAWA TIMUR,1.0,RED,259746996,AREA 3,JATIM,MALANG,TULUNGAGUNG,,,0,0,0,JAWA TIMUR,TULUNGAGUNG,TULUNGAGUNG,KAMPUNGDALEM,TULUNG AGUNG
8595493665,,ODP-TUL-FAZ/03,-8.030987,111.914672,,,0,8,0,0,8,REGIONAL 5,KEDIRI,TULUNG AGUNG,TUL,,,2024-03-16 23:26:56,2022-03-29,2022,3,NON TITO,,,JAWA TIMUR,1.0,RED,1169693215,AREA 3,JATIM,MALANG,TULUNGAGUNG,,,0,0,0,JAWA TIMUR,TULUNGAGUNG,KEDUNGWARU,NGUJANG,TULUNG AGUNG
8595493675,,ODP-TUL-FAZ/18,-8.042873,111.905571,,,0,8,0,0,8,REGIONAL 5,KEDIRI,TULUNG AGUNG,TUL,,,2024-03-16 23:27:49,2022-03-29,2022,3,NON TITO,,,JAWA TIMUR,1.0,RED,1169693221,AREA 3,JATIM,MALANG,TULUNGAGUNG,,,0,0,0,JAWA TIMUR,TULUNGAGUNG,KEDUNGWARU,WINONG,TULUNG AGUNG
8595493690,,ODP-TUL-FAZ/09,-8.033989,111.912402,,,0,8,0,0,8,REGIONAL 5,KEDIRI,TULUNG AGUNG,TUL,,,2024-03-16 23:27:42,2022-03-29,2022,3,NON TITO,,,JAWA TIMUR,1.0,RED,1169693230,AREA 3,JATIM,MALANG,TULUNGAGUNG,,,0,0,0,JAWA TIMUR,TULUNGAGUNG,KEDUNGWARU,NGUJANG,TULUNG AGUNG
8503168659,,ODP-NGU-FD/58,-8.14046,111.980717,,,0,8,0,0,8,REGIONAL 5,KEDIRI,TULUNG AGUNG,NGU,,,2024-03-16 23:25:32,2022-03-16,2022,3,NON TITO,,,JAWA TIMUR,1.0,RED,1168754006,AREA 3,JATIM,MALANG,TULUNGAGUNG,,,0,0,0,JAWA TIMUR,TULUNGAGUNG,NGUNUT,BALESONO,TULUNG AGUNG
842145794,,ODP-TUL-FD/33,-8.063606,111.904306,,,0,8,0,0,8,REGIONAL 5,KEDIRI,TULUNG AGUNG,TUL,,,2024-03-16 23:23:28,2016-08-30,2016,8,NON TITO,,,JAWA TIMUR,1.0,RED,34782856,AREA 3,JATIM,MALANG,TULUNGAGUNG,,,0,0,0,JAWA TIMUR,TULUNGAGUNG,TULUNGAGUNG,KAMPUNGDALEM,TULUNG AGUNG
2889344067,,ODP-TUL-FAG/04,-8.051786,111.971496,,,0,8,0,0,8,REGIONAL 5,KEDIRI,TULUNG AGUNG,TUL,,,2024-03-16 23:29:05,2018-09-08,2018,9,NON TITO,,,JAWA TIMUR,1.0,RED,389855535,AREA 3,JATIM,MALANG,TULUNGAGUNG,,,0,0,0,JAWA TIMUR,TULUNGAGUNG,NGANTRU,PUCUNG LOR,TULUNG AGUNG
8594894242,,ODP-NGU-FB/38,-8.121226,112.077574,,,0,8,0,0,8,REGIONAL 5,KEDIRI,TULUNG AGUNG,NGU,,,2024-03-16 23:24:29,2022-03-30,2022,3,NON TITO,,,JAWA TIMUR,1.0,RED,1169699836,AREA 3,JATIM,MALANG,TULUNGAGUNG,,,0,0,0,JAWA TIMUR,TULUNGAGUNG,REJOTANGAN,REJOTANGAN,TULUNG AGUNG
8599394028,,ODP-DRN-FD/24,-8.120691,111.774815,,,0,8,0,0,8,REGIONAL 5,KEDIRI,TULUNG AGUNG,DRN,,,2024-03-16 23:28:28,2022-03-30,2022,3,NON TITO,,,JAWA TIMUR,1.0,RED,1169700781,AREA 3,JATIM,MADIUN,PONOROGO,,,0,0,0,JAWA TIMUR,TRENGGALEK,POGALAN,KEDUNGLURAH,TULUNG AGUNG
8595493670,,ODP-TUL-FAZ/15,-8.039136,111.908193,,,0,8,0,0,8,REGIONAL 5,KEDIRI,TULUNG AGUNG,TUL,,,2024-03-16 23:27:40,2022-03-29,2022,3,NON TITO,,,JAWA TIMUR,1.0,RED,1169693218,AREA 3,JATIM,MALANG,TULUNGAGUNG,,,0,0,0,JAWA TIMUR,TULUNGAGUNG,KEDUNGWARU,SIMO,TULUNG AGUNG
2886493755,,ODP-TUL-FK/22,-8.092274,111.939188,,,0,8,0,0,8,REGIONAL 5,KEDIRI,TULUNG AGUNG,TUL,,,2024-03-16 23:28:57,2018-09-07,2018,9,NON TITO,,,JAWA TIMUR,1.0,RED,389848992,AREA 3,JATIM,MALANG,TULUNGAGUNG,,,0,0,0,JAWA TIMUR,TULUNGAGUNG,SUMBERGEMPOL,WONOREJO,TULUNG AGUNG
8619568688,,ODP-NGU-FJ/41,-8.132904,112.0153,,,0,8,0,0,8,REGIONAL 5,KEDIRI,TULUNG AGUNG,NGU,,,2024-03-16 23:28:49,2022-04-04,2022,4,NON TITO,,,JAWA TIMUR,1.0,RED,1170371351,AREA 3,JATIM,MALANG,TULUNGAGUNG,,,0,0,0,JAWA TIMUR,TULUNGAGUNG,REJOTANGAN,PANJEREJO,TULUNG AGUNG
8619568691,,ODP-NGU-FJ/10,-8.10431,112.011112,,,0,8,0,0,8,REGIONAL 5,KEDIRI,TULUNG AGUNG,NGU,,,2024-03-16 23:28:28,2022-04-04,2022,4,NON TITO,,,JAWA TIMUR,1.0,RED,1170371353,AREA 3,JATIM,MALANG,TULUNGAGUNG,,,0,0,0,JAWA TIMUR,TULUNGAGUNG,NGUNUT,NGUNUT,TULUNG AGUNG
8371468577,,ODP-TUL-FAE/98,-8.011455,111.916651,,,0,8,0,0,8,REGIONAL 5,KEDIRI,TULUNG AGUNG,TUL,,,2024-03-16 23:22:43,2022-01-21,2022,1,NON TITO,,,JAWA TIMUR,1.0,RED,1165096673,AREA 3,JATIM,MALANG,TULUNGAGUNG,,,0,0,0,JAWA TIMUR,TULUNGAGUNG,KEDUNGWARU,BORO,TULUNG AGUNG
2137169191,,ODP-TUL-FC/10,-8.057385,111.928031,,,0,8,0,0,8,REGIONAL 5,KEDIRI,TULUNG AGUNG,TUL,,,2024-03-16 23:22:28,2018-01-10,2018,1,NON TITO,,,JAWA TIMUR,1.0,RED,267698081,AREA 3,JATIM,MALANG,TULUNGAGUNG,,,0,0,0,JAWA TIMUR,TULUNGAGUNG,KEDUNGWARU,TUNGGULSARI,TULUNG AGUNG
8357143833,,ODP-TUL-FD/62,-8.065673,111.906453,,,0,8,0,0,8,REGIONAL 5,KEDIRI,TULUNG AGUNG,TUL,,,2024-03-16 23:27:41,2022-01-19,2022,1,NON TITO,,,JAWA TIMUR,1.0,RED,1165081056,AREA 3,JATIM,MALANG,TULUNGAGUNG,,,0,0,0,JAWA TIMUR,TULUNGAGUNG,TULUNGAGUNG,BAGO,TULUNG AGUNG
786122041,,ODP-TRE-FF/04,-8.09644,111.69185,,,0,8,0,0,8,REGIONAL 5,KEDIRI,TULUNG AGUNG,TRE,,,2024-03-16 23:25:07,2016-08-11,2016,8,NON TITO,,,JAWA TIMUR,1.0,RED,34275465,AREA 3,JATIM,MADIUN,PONOROGO,,,0,0,0,JAWA TIMUR,TRENGGALEK,KARANGAN,JATIPRAHU,TULUNG AGUNG
2876221002,,ODP-TUL-FY/23,-8.065014,111.924126,,,0,8,0,0,8,REGIONAL 5,KEDIRI,TULUNG AGUNG,TUL,,,2024-03-16 23:23:43,2018-09-05,2018,9,NON TITO,,,JAWA TIMUR,1.0,RED,389838564,AREA 3,JATIM,MALANG,TULUNGAGUNG,,,0,0,0,JAWA TIMUR,TULUNGAGUNG,KEDUNGWARU,TUNGGULSARI,TULUNG AGUNG
2117369337,,ODP-TUL-FS/56,-8.047047,111.859512,,,0,8,0,0,8,REGIONAL 5,KEDIRI,TULUNG AGUNG,TUL,,,2024-03-16 23:25:21,2018-01-04,2018,1,NON TITO,,,JAWA TIMUR,1.0,RED,258412091,AREA 3,JATIM,MALANG,TULUNGAGUNG,,,0,0,0,JAWA TIMUR,TULUNGAGUNG,KAUMAN,MOJOSARI,TULUNG AGUNG
8620844599,,ODP-TRE-FZ/23,-8.04721,111.709509,,,0,8,0,0,8,REGIONAL 5,KEDIRI,TULUNG AGUNG,TRE,,,2024-03-16 23:28:32,2022-04-05,2022,4,NON TITO,,,JAWA TIMUR,1.0,RED,1170376593,AREA 3,JATIM,MADIUN,PONOROGO,,,0,0,0,JAWA TIMUR,TRENGGALEK,TRENGGALEK,SURODAKAN,TULUNG AGUNG
8619568775,,ODP-NGU-FJ/28,-8.112241,112.013439,,,0,8,0,0,8,REGIONAL 5,KEDIRI,TULUNG AGUNG,NGU,,,2024-03-16 23:28:54,2022-04-04,2022,4,NON TITO,,,JAWA TIMUR,1.0,RED,1170371409,AREA 3,JATIM,MALANG,TULUNGAGUNG,,,0,0,0,JAWA TIMUR,TULUNGAGUNG,NGUNUT,NGUNUT,TULUNG AGUNG
2906370117,,ODP-TUL-FAH/05,-8.032754,111.947266,,,0,8,0,0,8,REGIONAL 5,KEDIRI,TULUNG AGUNG,TUL,,,2024-03-16 23:28:09,2018-09-11,2018,9,NON TITO,,,JAWA TIMUR,1.0,RED,390091197,AREA 3,JATIM,MALANG,TULUNGAGUNG,,,0,0,0,JAWA TIMUR,TULUNGAGUNG,NGANTRU,SRIKATON,TULUNG AGUNG
8282894294,,ODP-TUL-FY/45,-8.063324,111.930819,,,0,8,0,0,8,REGIONAL 5,KEDIRI,TULUNG AGUNG,TUL,,,2024-03-16 23:25:00,2021-12-24,2021,12,NON TITO,,,JAWA TIMUR,1.0,RED,1164276112,AREA 3,JATIM,MALANG,TULUNGAGUNG,,,0,0,0,JAWA TIMUR,TULUNGAGUNG,KEDUNGWARU,TUNGGULSARI,TULUNG AGUNG
8279668875,,ODP-TUL-FC/35,-8.05,111.931285,,,0,8,0,0,8,REGIONAL 5,KEDIRI,TULUNG AGUNG,TUL,,,2024-03-16 23:28:28,2021-12-23,2021,12,NON TITO,,,JAWA TIMUR,1.0,RED,1164196649,AREA 3,JATIM,MALANG,TULUNGAGUNG,,,0,0,0,JAWA TIMUR,TULUNGAGUNG,KEDUNGWARU,BANGOAN,TULUNG AGUNG
8620844644,,ODP-TRE-FZ/29,-8.049509,111.707113,,,0,8,0,0,8,REGIONAL 5,KEDIRI,TULUNG AGUNG,TRE,,,2024-03-16 23:27:25,2022-04-05,2022,4,NON TITO,,,JAWA TIMUR,1.0,RED,1170376640,AREA 3,JATIM,MADIUN,PONOROGO,,,0,0,0,JAWA TIMUR,TRENGGALEK,TRENGGALEK,NGANTRU,TULUNG AGUNG
8620844649,,ODP-TRE-FZ/44,-8.053582,111.706151,,,0,8,0,0,8,REGIONAL 5,KEDIRI,TULUNG AGUNG,TRE,,,2024-03-16 23:28:24,2022-04-05,2022,4,NON TITO,,,JAWA TIMUR,1.0,RED,1170376645,AREA 3,JATIM,MADIUN,PONOROGO,,,0,0,0,JAWA TIMUR,TRENGGALEK,TRENGGALEK,NGANTRU,TULUNG AGUNG
8190045156,,ODP-CAT-FB/49,-8.165058,111.852982,,,0,8,0,0,8,REGIONAL 5,KEDIRI,TULUNG AGUNG,CAT,,,2024-03-16 23:24:27,2021-11-29,2021,11,NON TITO,,,JAWA TIMUR,1.0,RED,1148672634,AREA 3,JATIM,MALANG,TULUNGAGUNG,,,0,0,0,JAWA TIMUR,TULUNGAGUNG,CAMPURDARAT,CAMPURDARAT,TULUNG AGUNG
8620844689,,ODP-TRE-FZ/41,-8.054339,111.704405,,,0,8,0,0,8,REGIONAL 5,KEDIRI,TULUNG AGUNG,TRE,,,2024-03-16 23:28:35,2022-04-05,2022,4,NON TITO,,,JAWA TIMUR,1.0,RED,1170376684,AREA 3,JATIM,MADIUN,PONOROGO,,,0,0,0,JAWA TIMUR,TRENGGALEK,TRENGGALEK,NGANTRU,TULUNG AGUNG
8620844699,,ODP-TRE-FZ/45,-8.058266,111.703907,,,0,8,0,0,8,REGIONAL 5,KEDIRI,TULUNG AGUNG,TRE,,,2024-03-16 23:28:12,2022-04-05,2022,4,NON TITO,,,JAWA TIMUR,1.0,RED,1170376690,AREA 3,JATIM,MADIUN,PONOROGO,,,0,0,0,JAWA TIMUR,TRENGGALEK,TRENGGALEK,TAMANAN,TULUNG AGUNG
2124944903,,ODP-TRE-FP/34,-8.092473,111.720658,,,0,8,0,0,8,REGIONAL 5,KEDIRI,TULUNG AGUNG,TRE,,,2024-03-16 23:28:07,2018-01-09,2018,1,NON TITO,,,JAWA TIMUR,1.0,RED,267917281,AREA 3,JATIM,MADIUN,PONOROGO,,,0,0,0,JAWA TIMUR,TRENGGALEK,TRENGGALEK,KARANGSOKO,TULUNG AGUNG
12178318593,,ODP-NGU-FK/39,-8.102626,112.009187,,,0,8,0,0,8,REGIONAL 5,KEDIRI,TULUNG AGUNG,NGU,,,2025-05-15 17:52:15,2025-05-14,2025,5,NON TITO,,,JAWA TIMUR,1.0,RED,1498097471,AREA 3,JATIM,MALANG,TULUNGAGUNG,,,0,0,0,JAWA TIMUR,TULUNGAGUNG,NGUNUT,NGUNUT,TULUNG AGUNG
8619568754,,ODP-NGU-FJ/27,-8.11337,112.011956,,,0,8,0,0,8,REGIONAL 5,KEDIRI,TULUNG AGUNG,NGU,,,2024-03-16 23:28:52,2022-04-04,2022,4,NON TITO,,,JAWA TIMUR,1.0,RED,1170371395,AREA 3,JATIM,MALANG,TULUNGAGUNG,,,0,0,0,JAWA TIMUR,TULUNGAGUNG,NGUNUT,NGUNUT,TULUNG AGUNG
8385344058,,ODP-TUL-FQ/87,-8.060608,111.91637,,,0,8,0,0,8,REGIONAL 5,KEDIRI,TULUNG AGUNG,TUL,,,2024-03-16 23:28:32,2022-01-28,2022,1,NON TITO,,,JAWA TIMUR,1.0,RED,1165148785,AREA 3,JATIM,MALANG,TULUNGAGUNG,,,0,0,0,JAWA TIMUR,TULUNGAGUNG,KEDUNGWARU,KEDUNGWARU,TULUNG AGUNG
8454043851,,ODP-TUL-FAC/45,-8.081783,111.8417,,,0,8,0,0,8,REGIONAL 5,KEDIRI,TULUNG AGUNG,TUL,,,2024-03-16 23:25:39,2022-02-18,2022,2,NON TITO,,,JAWA TIMUR,1.0,RED,1166350214,AREA 3,JATIM,MALANG,TULUNGAGUNG,,,0,0,0,JAWA TIMUR,TULUNGAGUNG,GONDANG,BENDUNGAN,TULUNG AGUNG
8619568694,,ODP-NGU-FJ/31,-8.10668,112.018676,,,0,8,0,0,8,REGIONAL 5,KEDIRI,TULUNG AGUNG,NGU,,,2024-03-16 23:28:56,2022-04-04,2022,4,NON TITO,,,JAWA TIMUR,1.0,RED,1170371355,AREA 3,JATIM,MALANG,TULUNGAGUNG,,,0,0,0,JAWA TIMUR,TULUNGAGUNG,NGUNUT,NGUNUT,TULUNG AGUNG
8446243862,,ODP-TUL-FM/69,-8.07123,111.912439,,,0,8,0,0,8,REGIONAL 5,KEDIRI,TULUNG AGUNG,TUL,,,2024-03-16 23:24:46,2022-02-17,2022,2,NON TITO,,,JAWA TIMUR,1.0,RED,1166340480,AREA 3,JATIM,MALANG,TULUNGAGUNG,,,0,0,0,JAWA TIMUR,TULUNGAGUNG,TULUNGAGUNG,BAGO,TULUNG AGUNG
2106494405,,ODP-TUL-FZ/18,-8.088324,111.90079,,,0,8,0,0,8,REGIONAL 5,KEDIRI,TULUNG AGUNG,TUL,,,2024-03-16 23:24:54,2018-01-04,2018,1,NON TITO,,,JAWA TIMUR,1.0,RED,258995872,AREA 3,JATIM,MALANG,TULUNGAGUNG,,,0,0,0,JAWA TIMUR,TULUNGAGUNG,BOYOLANGU,WAUNG,TULUNG AGUNG
8619568700,,ODP-NGU-FJ/18,-8.108469,112.013063,,,0,8,0,0,8,REGIONAL 5,KEDIRI,TULUNG AGUNG,NGU,,,2024-03-16 23:28:39,2022-04-04,2022,4,NON TITO,,,JAWA TIMUR,1.0,RED,1170371359,AREA 3,JATIM,MALANG,TULUNGAGUNG,,,0,0,0,JAWA TIMUR,TULUNGAGUNG,NGUNUT,NGUNUT,TULUNG AGUNG
8433268741,,ODP-TUL-FAB/21,-8.04949,111.858961,,,0,8,0,0,8,REGIONAL 5,KEDIRI,TULUNG AGUNG,TUL,,,2024-03-16 23:23:35,2022-02-11,2022,2,NON TITO,,,JAWA TIMUR,1.0,RED,1166298001,AREA 3,JATIM,MALANG,TULUNGAGUNG,,,0,0,0,JAWA TIMUR,TULUNGAGUNG,KAUMAN,BOLOREJO,TULUNG AGUNG
8433268736,,ODP-TUL-FAB/20,-8.038318,111.846035,,,0,8,0,0,8,REGIONAL 5,KEDIRI,TULUNG AGUNG,TUL,,,2024-03-16 23:21:08,2022-02-11,2022,2,NON TITO,,,JAWA TIMUR,1.0,RED,1166297997,AREA 3,JATIM,MALANG,TULUNGAGUNG,,,0,0,0,JAWA TIMUR,TULUNGAGUNG,KAUMAN,PUCANGAN,TULUNG AGUNG
8619568742,,ODP-NGU-FJ/11,-8.104367,112.009568,,,0,8,0,0,8,REGIONAL 5,KEDIRI,TULUNG AGUNG,NGU,,,2024-03-16 23:27:39,2022-04-04,2022,4,NON TITO,,,JAWA TIMUR,1.0,RED,1170371387,AREA 3,JATIM,MALANG,TULUNGAGUNG,,,0,0,0,JAWA TIMUR,TULUNGAGUNG,NGUNUT,NGUNUT,TULUNG AGUNG
8428243835,,ODP-TRE-FQ/40,-8.241224,111.461987,,,0,8,0,0,8,REGIONAL 5,KEDIRI,TULUNG AGUNG,TRE,,,2024-03-16 23:28:00,2022-02-10,2022,2,NON TITO,,,JAWA TIMUR,1.0,RED,1166226319,AREA 3,JATIM,MADIUN,PONOROGO,,,0,0,0,JAWA TIMUR,TRENGGALEK,PANGGUL,NGRENCAK,TULUNG AGUNG
8411293556,,ODP-TUL-FB/53,-8.093505,111.906448,,,0,8,0,0,8,REGIONAL 5,KEDIRI,TULUNG AGUNG,TUL,,,2024-03-16 23:23:05,2022-02-04,2022,2,NON TITO,,,JAWA TIMUR,1.0,RED,1165255195,AREA 3,JATIM,MALANG,TULUNGAGUNG,,,0,0,0,JAWA TIMUR,TULUNGAGUNG,BOYOLANGU,WAJAK LOR,TULUNG AGUNG
12325169650,,ODP-TUL-FAS/26,-8.081878,111.944416,,,0,8,0,0,8,REGIONAL 5,KEDIRI,TULUNG AGUNG,TUL,,,2025-08-28 17:51:51,2025-08-27,2025,8,NON TITO,,,JAWA TIMUR,1.0,RED,1500629949,AREA 3,JATIM,MALANG,TULUNGAGUNG,,,0,0,0,JAWA TIMUR,TULUNGAGUNG,SUMBERGEMPOL,SUMBERDADI,TULUNG AGUNG
2904869994,,ODP-TUL-FAF/76,-8.049264,111.900014,,,0,8,0,0,8,REGIONAL 5,KEDIRI,TULUNG AGUNG,TUL,,,2024-03-16 23:22:22,2018-09-13,2018,9,NON TITO,,,JAWA TIMUR,1.0,RED,390063470,AREA 3,JATIM,MALANG,TULUNGAGUNG,,,0,0,0,JAWA TIMUR,TULUNGAGUNG,KEDUNGWARU,TAWANGSARI,TULUNG AGUNG
2904870004,,ODP-TUL-FAF/85,-8.058663,111.893666,,,0,8,0,0,8,REGIONAL 5,KEDIRI,TULUNG AGUNG,TUL,,,2024-03-16 23:22:22,2018-09-13,2018,9,NON TITO,,,JAWA TIMUR,1.0,RED,390063489,AREA 3,JATIM,MALANG,TULUNGAGUNG,,,0,0,0,JAWA TIMUR,TULUNGAGUNG,TULUNGAGUNG,BOTORAN,TULUNG AGUNG
8385270644,,ODP-TUL-FX/34,-8.05258,111.861317,,,0,8,0,0,8,REGIONAL 5,KEDIRI,TULUNG AGUNG,TUL,,,2024-03-16 23:21:20,2022-01-31,2022,1,NON TITO,,,JAWA TIMUR,1.0,RED,1165167665,AREA 3,JATIM,MALANG,TULUNGAGUNG,,,0,0,0,JAWA TIMUR,TULUNGAGUNG,KAUMAN,BOLOREJO,TULUNG AGUNG
8392394156,,ODP-TUL-FJ/34,-8.051472,111.890527,,,0,8,0,0,8,REGIONAL 5,KEDIRI,TULUNG AGUNG,TUL,,,2024-03-16 23:22:58,2022-01-31,2022,1,NON TITO,,,JAWA TIMUR,1.0,RED,1165167296,AREA 3,JATIM,MALANG,TULUNGAGUNG,,,0,0,0,JAWA TIMUR,TULUNGAGUNG,KAUMAN,BATANGSAREN,TULUNG AGUNG
8385270247,,ODP-TUL-FA/155,-8.056414,111.916633,,,0,8,0,0,8,REGIONAL 5,KEDIRI,TULUNG AGUNG,TUL,,,2024-03-16 23:25:21,2022-01-30,2022,1,NON TITO,,,JAWA TIMUR,1.0,RED,1165161016,AREA 3,JATIM,MALANG,TULUNGAGUNG,,,0,0,0,JAWA TIMUR,TULUNGAGUNG,KEDUNGWARU,KEDUNGWARU,TULUNG AGUNG
8412718602,,ODP-KWR-FC/44,-8.137015,111.964469,,,0,8,0,0,8,REGIONAL 5,KEDIRI,TULUNG AGUNG,KWR,,,2024-03-16 23:27:40,2022-02-04,2022,2,NON TITO,,,JAWA TIMUR,1.0,RED,1165259745,AREA 3,JATIM,MALANG,TULUNGAGUNG,,,0,0,0,JAWA TIMUR,TULUNGAGUNG,KALIDAWIR,TANJUNG,TULUNG AGUNG
2838195588,,ODP-TUL-FAB/11,-8.050141,111.859749,,,0,8,0,0,8,REGIONAL 5,KEDIRI,TULUNG AGUNG,TUL,,,2024-03-16 23:22:07,2018-08-23,2018,8,NON TITO,,,JAWA TIMUR,1.0,RED,389540372,AREA 3,JATIM,MALANG,TULUNGAGUNG,,,0,0,0,JAWA TIMUR,TULUNGAGUNG,KAUMAN,BOLOREJO,TULUNG AGUNG
2178570211,,ODP-KWR-FA/44,-8.17557,111.962117,,,0,8,0,0,8,REGIONAL 5,KEDIRI,TULUNG AGUNG,KWR,,,2024-03-16 23:23:47,2018-01-26,2018,1,NON TITO,,,JAWA TIMUR,1.0,RED,294175304,AREA 3,JATIM,MALANG,TULUNGAGUNG,,,0,0,0,JAWA TIMUR,TULUNGAGUNG,KALIDAWIR,KARANGTALUN,TULUNG AGUNG
7129693627,,ODP-TRE-FX/13,-8.062593,111.69505,,,0,8,0,0,8,REGIONAL 5,KEDIRI,TULUNG AGUNG,TRE,,,2024-03-16 23:23:20,2021-07-12,2021,7,NON TITO,,,JAWA TIMUR,1.0,RED,947066217,AREA 3,JATIM,MADIUN,PONOROGO,,,0,0,0,JAWA TIMUR,TRENGGALEK,TRENGGALEK,TAMANAN,TULUNG AGUNG
6248668661,,ODP-TUL-FM/66,-8.058529,111.91994,,,0,8,0,0,8,REGIONAL 5,KEDIRI,TULUNG AGUNG,TUL,,,2024-03-16 23:28:23,2021-03-31,2021,3,NON TITO,,,JAWA TIMUR,1.0,RED,869071662,AREA 3,JATIM,MALANG,TULUNGAGUNG,,,0,0,0,JAWA TIMUR,TULUNGAGUNG,KEDUNGWARU,KEDUNGWARU,TULUNG AGUNG
1487824328,,ODP-PRI-FA/18,-8.240012,111.703662,,,0,8,0,0,8,REGIONAL 5,KEDIRI,TULUNG AGUNG,PRI,,,2024-03-16 23:23:22,2017-05-24,2017,5,NON TITO,,,JAWA TIMUR,1.0,RED,129990729,AREA 3,JATIM,MADIUN,PONOROGO,,,0,0,0,JAWA TIMUR,TRENGGALEK,WATULIMO,SLAWE,TULUNG AGUNG
1486696373,,ODP-PRI-FB/38,-8.282018,111.726155,,,0,8,0,0,8,REGIONAL 5,KEDIRI,TULUNG AGUNG,PRI,,,2024-03-16 23:27:06,2017-05-23,2017,5,NON TITO,,,JAWA TIMUR,1.0,RED,129919565,AREA 3,JATIM,MADIUN,PONOROGO,,,0,0,0,JAWA TIMUR,TRENGGALEK,WATULIMO,PRIGI,TULUNG AGUNG
9261419199,,ODP-TUL-FAM/39,-8.034424,111.869,,,0,8,0,0,8,REGIONAL 5,KEDIRI,TULUNG AGUNG,TUL,,,2024-03-16 23:29:07,2022-09-12,2022,9,NON TITO,,,JAWA TIMUR,1.0,RED,1225948429,AREA 3,JATIM,MALANG,TULUNGAGUNG,,,0,0,0,JAWA TIMUR,TULUNGAGUNG,KAUMAN,BANARAN,TULUNG AGUNG
6838469227,,ODP-TUL-FAJ/50,-8.054058,111.890749,,,0,8,0,0,8,REGIONAL 5,KEDIRI,TULUNG AGUNG,TUL,,,2024-03-16 23:26:08,2021-06-18,2021,6,NON TITO,,,JAWA TIMUR,1.0,RED,906422515,AREA 3,JATIM,MALANG,TULUNGAGUNG,,,0,0,0,JAWA TIMUR,TULUNGAGUNG,TULUNGAGUNG,BOTORAN,TULUNG AGUNG
987048213,,ODP-CAT-FD/28,-8.171393,111.775136,,,0,8,0,0,8,REGIONAL 5,KEDIRI,TULUNG AGUNG,CAT,,,2024-03-16 23:28:16,2016-10-15,2016,10,NON TITO,,,JAWA TIMUR,1.0,RED,36665865,AREA 3,JATIM,MALANG,TULUNGAGUNG,,,0,0,0,JAWA TIMUR,TULUNGAGUNG,BANDUNG,SUWARU,TULUNG AGUNG
6167370085,,ODP-DRN-FA/60,-8.120292,111.795429,,,0,8,0,0,8,REGIONAL 5,KEDIRI,TULUNG AGUNG,DRN,,,2024-03-16 23:24:28,2021-03-23,2021,3,NON TITO,,,JAWA TIMUR,1.0,RED,867429402,AREA 3,JATIM,MADIUN,PONOROGO,,,0,0,0,JAWA TIMUR,TRENGGALEK,DURENAN,KENDALREJO,TULUNG AGUNG
1486696367,,ODP-PRI-FB/34,-8.28713,111.730014,,,0,8,0,0,8,REGIONAL 5,KEDIRI,TULUNG AGUNG,PRI,,,2024-03-16 23:26:47,2017-05-23,2017,5,NON TITO,,,JAWA TIMUR,1.0,RED,129919562,AREA 3,JATIM,MADIUN,PONOROGO,,,0,0,0,JAWA TIMUR,TRENGGALEK,WATULIMO,PRIGI,TULUNG AGUNG
2250647014,,ODP-TUL-FK/12,-8.115729,111.952582,,,0,8,0,0,8,REGIONAL 5,KEDIRI,TULUNG AGUNG,TUL,,,2023-08-30 18:08:47,2018-02-20,2018,2,NON TITO,,,JAWA TIMUR,1.0,RED,323892616,AREA 3,JATIM,MALANG,TULUNGAGUNG,,,0,0,0,JAWA TIMUR,TULUNGAGUNG,SUMBERGEMPOL,BENDILWUNGU,TULUNG AGUNG
2180294500,,ODP-TUL-FAF/36,-8.053589,111.888446,,,0,8,0,0,8,REGIONAL 5,KEDIRI,TULUNG AGUNG,TUL,,,2023-08-30 18:11:25,2018-02-01,2018,2,NON TITO,,,JAWA TIMUR,1.0,RED,305267869,AREA 3,JATIM,MALANG,TULUNGAGUNG,,,0,0,0,JAWA TIMUR,TULUNGAGUNG,TULUNGAGUNG,BOTORAN,TULUNG AGUNG
6248668666,,ODP-TUL-FM/65,-8.057935,111.924525,,,0,8,0,0,8,REGIONAL 5,KEDIRI,TULUNG AGUNG,TUL,,,2024-03-16 23:28:27,2021-03-31,2021,3,NON TITO,,,JAWA TIMUR,1.0,RED,869071665,AREA 3,JATIM,MALANG,TULUNGAGUNG,,,0,0,0,JAWA TIMUR,TULUNGAGUNG,KEDUNGWARU,KEDUNGWARU,TULUNG AGUNG
2180294186,,ODP-TUL-FAF/49,-8.063059,111.888361,,,0,8,0,0,8,REGIONAL 5,KEDIRI,TULUNG AGUNG,TUL,,,2023-08-30 18:01:18,2018-02-01,2018,2,NON TITO,,,JAWA TIMUR,1.0,RED,305267657,AREA 3,JATIM,MALANG,TULUNGAGUNG,,,0,0,0,JAWA TIMUR,TULUNGAGUNG,TULUNGAGUNG,PANGGUNGREJO,TULUNG AGUNG
2124945842,,ODP-TRE-FP/25,-8.095112,111.735988,,,0,8,0,0,8,REGIONAL 5,KEDIRI,TULUNG AGUNG,TRE,,,2023-08-30 18:00:16,2018-01-09,2018,1,NON TITO,,,JAWA TIMUR,1.0,RED,267917949,AREA 3,JATIM,MADIUN,PONOROGO,,,0,0,0,JAWA TIMUR,TRENGGALEK,POGALAN,NGETAL,TULUNG AGUNG
6085480407,,ODP-TUL-FAM/06,-8.024658,111.860022,,,0,8,0,0,8,REGIONAL 5,KEDIRI,TULUNG AGUNG,TUL,,,2024-03-16 23:28:27,2021-03-15,2021,3,NON TITO,,,JAWA TIMUR,1.0,RED,866372635,AREA 3,JATIM,MALANG,TULUNGAGUNG,,,0,0,0,JAWA TIMUR,TULUNGAGUNG,KAUMAN,KATES,TULUNG AGUNG
9339119092,,ODP-TUL-FBA/28,-8.002053,111.907753,,,0,8,0,0,8,REGIONAL 5,KEDIRI,TULUNG AGUNG,TUL,,,2024-03-16 23:21:18,2022-09-29,2022,9,NON TITO,,,JAWA TIMUR,1.0,RED,1228518204,AREA 3,JATIM,MALANG,TULUNGAGUNG,,,0,0,0,JAWA TIMUR,TULUNGAGUNG,KARANGREJO,KARANGREJO,TULUNG AGUNG
2124944868,,ODP-TRE-FP/27,-8.094904,111.73197,,,0,8,0,0,8,REGIONAL 5,KEDIRI,TULUNG AGUNG,TRE,,,2023-08-30 18:08:13,2018-01-09,2018,1,NON TITO,,,JAWA TIMUR,1.0,RED,267917253,AREA 3,JATIM,MADIUN,PONOROGO,,,0,0,0,JAWA TIMUR,TRENGGALEK,POGALAN,NGETAL,TULUNG AGUNG
2826119292,,ODP-TUL-FAL/36,-8.073183,111.905279,,,0,16,0,0,16,REGIONAL 5,KEDIRI,TULUNG AGUNG,TUL,,,2024-03-16 23:24:42,2018-08-17,2018,8,NON TITO,,,JAWA TIMUR,1.0,RED,389514169,AREA 3,JATIM,MALANG,TULUNGAGUNG,,,0,0,0,JAWA TIMUR,TULUNGAGUNG,TULUNGAGUNG,BAGO,TULUNG AGUNG
3174568659,,ODP-NGU-FA/54,-8.104377,112.013343,,,0,8,0,0,8,REGIONAL 5,KEDIRI,TULUNG AGUNG,NGU,,,2024-03-16 23:24:40,2018-12-15,2018,12,NON TITO,,,JAWA TIMUR,1.0,RED,407078747,AREA 3,JATIM,MALANG,TULUNGAGUNG,,,0,0,0,JAWA TIMUR,TULUNGAGUNG,NGUNUT,NGUNUT,TULUNG AGUNG
9410220043,,ODP-TUL-FBA/33,-8.009038,111.9047,,,0,8,0,0,8,REGIONAL 5,KEDIRI,TULUNG AGUNG,TUL,,,2024-03-16 23:26:57,2022-10-14,2022,10,NON TITO,,,JAWA TIMUR,1.0,RED,1241325474,AREA 3,JATIM,MALANG,TULUNGAGUNG,,,0,0,0,JAWA TIMUR,TULUNGAGUNG,KARANGREJO,SEMBON,TULUNG AGUNG
1487824355,,ODP-PRI-FA/14,-8.237886,111.707877,,,0,8,0,0,8,REGIONAL 5,KEDIRI,TULUNG AGUNG,PRI,,,2024-03-16 23:23:20,2017-05-24,2017,5,NON TITO,,,JAWA TIMUR,1.0,RED,130064605,AREA 3,JATIM,MADIUN,PONOROGO,,,0,0,0,JAWA TIMUR,TRENGGALEK,WATULIMO,GEMAHARJO,TULUNG AGUNG
6085480377,,ODP-TUL-FAM/04,-8.029589,111.860008,,,0,8,0,0,8,REGIONAL 5,KEDIRI,TULUNG AGUNG,TUL,,,2024-03-16 23:27:08,2021-03-15,2021,3,NON TITO,,,JAWA TIMUR,1.0,RED,866372608,AREA 3,JATIM,MALANG,TULUNGAGUNG,,,0,0,0,JAWA TIMUR,TULUNGAGUNG,KAUMAN,KATES,TULUNG AGUNG
8798070033,,ODP-PRI-FB/106,-8.269265,111.711256,,,0,8,0,0,8,REGIONAL 5,KEDIRI,TULUNG AGUNG,PRI,,,2024-03-16 23:25:14,2022-05-30,2022,5,NON TITO,,,JAWA TIMUR,1.0,RED,1182593106,AREA 3,JATIM,MADIUN,PONOROGO,,,0,0,0,JAWA TIMUR,TRENGGALEK,WATULIMO,MARGOMULYO,TULUNG AGUNG
780718877,,ODP-TUL-FX/14,-8.059592,111.864361,,,0,8,0,0,8,REGIONAL 5,KEDIRI,TULUNG AGUNG,TUL,,,2024-03-16 23:25:20,2016-08-03,2016,8,NON TITO,,,JAWA TIMUR,1.0,RED,34238681,AREA 3,JATIM,MALANG,TULUNGAGUNG,,,0,0,0,JAWA TIMUR,TULUNGAGUNG,KAUMAN,KAUMAN,TULUNG AGUNG
3176743572,,ODP-CAT-FF/19,-8.166805,111.823306,,,0,8,0,0,8,REGIONAL 5,KEDIRI,TULUNG AGUNG,CAT,,,2024-03-16 23:28:08,2018-12-14,2018,12,NON TITO,,,JAWA TIMUR,1.0,RED,407071042,AREA 3,JATIM,MALANG,TULUNGAGUNG,,,0,0,0,JAWA TIMUR,TULUNGAGUNG,PAKEL,SODO,TULUNG AGUNG
987048699,,ODP-CAT-FD/29,-8.171277,111.777946,,,0,8,0,0,8,REGIONAL 5,KEDIRI,TULUNG AGUNG,CAT,,,2024-03-16 23:28:21,2016-10-15,2016,10,NON TITO,,,JAWA TIMUR,1.0,RED,36666156,AREA 3,JATIM,MALANG,TULUNGAGUNG,,,0,0,0,JAWA TIMUR,TULUNGAGUNG,BANDUNG,SUWARU,TULUNG AGUNG
1486696376,,ODP-PRI-FB/73,-8.270421,111.711552,,,0,8,0,0,8,REGIONAL 5,KEDIRI,TULUNG AGUNG,PRI,,,2024-03-16 23:27:12,2017-05-23,2017,5,NON TITO,,,JAWA TIMUR,1.0,RED,129919567,AREA 3,JATIM,MADIUN,PONOROGO,,,0,0,0,JAWA TIMUR,TRENGGALEK,WATULIMO,MARGOMULYO,TULUNG AGUNG
2817045572,,ODP-TUL-FAL/03,-8.079501,111.930707,,,0,8,0,0,8,REGIONAL 5,KEDIRI,TULUNG AGUNG,TUL,,,2023-08-30 18:00:59,2018-08-16,2018,8,NON TITO,,,JAWA TIMUR,1.0,RED,389505017,AREA 3,JATIM,MALANG,TULUNGAGUNG,,,0,0,0,JAWA TIMUR,TULUNGAGUNG,KEDUNGWARU,PLOSOKANDANG,TULUNG AGUNG
1486697090,,ODP-PRI-FB/80,-8.263619,111.718827,,,0,8,0,0,8,REGIONAL 5,KEDIRI,TULUNG AGUNG,PRI,,,2024-03-16 23:26:59,2017-05-23,2017,5,NON TITO,,,JAWA TIMUR,1.0,RED,129919869,AREA 3,JATIM,MADIUN,PONOROGO,,,0,0,0,JAWA TIMUR,TRENGGALEK,WATULIMO,PRIGI,TULUNG AGUNG
2886494162,,ODP-TUL-FU/42,-8.117681,111.91779,,,0,8,0,0,8,REGIONAL 5,KEDIRI,TULUNG AGUNG,TUL,,,2023-08-30 18:07:45,2018-09-07,2018,9,NON TITO,,,JAWA TIMUR,1.0,RED,389849443,AREA 3,JATIM,MALANG,TULUNGAGUNG,,,0,0,0,JAWA TIMUR,TULUNGAGUNG,BOYOLANGU,SANGGRAHAN,TULUNG AGUNG
9156943587,,ODP-TUL-FAW/16,-8.052587,111.838249,,,0,8,0,0,8,REGIONAL 5,KEDIRI,TULUNG AGUNG,TUL,,,2024-03-16 23:28:17,2022-08-23,2022,8,NON TITO,,,JAWA TIMUR,1.0,RED,1209971726,AREA 3,JATIM,MALANG,TULUNGAGUNG,,,0,0,0,JAWA TIMUR,TULUNGAGUNG,GONDANG,MOJOARUM,TULUNG AGUNG
9156943592,,ODP-TUL-FAW/19,-8.057148,111.85244,,,0,8,0,0,8,REGIONAL 5,KEDIRI,TULUNG AGUNG,TUL,,,2024-03-16 23:27:57,2022-08-23,2022,8,NON TITO,,,JAWA TIMUR,1.0,RED,1209971737,AREA 3,JATIM,MALANG,TULUNGAGUNG,,,0,0,0,JAWA TIMUR,TULUNGAGUNG,GONDANG,JARAKAN,TULUNG AGUNG
3220094313,,ODP-CAT-FA/34,-8.162595,111.856898,,,0,8,0,0,8,REGIONAL 5,KEDIRI,TULUNG AGUNG,CAT,,,2024-03-16 23:23:22,2018-12-28,2018,12,NON TITO,,,JAWA TIMUR,1.0,RED,408323769,AREA 3,JATIM,MALANG,TULUNGAGUNG,,,0,0,0,JAWA TIMUR,TULUNGAGUNG,CAMPURDARAT,CAMPURDARAT,TULUNG AGUNG
2889343977,,ODP-TUL-FAG/09,-8.039857,111.957562,,,0,8,0,0,8,REGIONAL 5,KEDIRI,TULUNG AGUNG,TUL,,,2023-08-30 18:02:44,2018-09-08,2018,9,NON TITO,,,JAWA TIMUR,1.0,RED,389855479,AREA 3,JATIM,MALANG,TULUNGAGUNG,,,0,0,0,JAWA TIMUR,TULUNGAGUNG,NGANTRU,SRIKATON,TULUNG AGUNG
9090868912,,ODP-TRE-FQ/44,-8.217044,111.533067,,,0,8,0,0,8,REGIONAL 5,KEDIRI,TULUNG AGUNG,TRE,,,2024-03-16 23:23:25,2022-08-08,2022,8,NON TITO,,,JAWA TIMUR,1.0,RED,1206153415,AREA 3,JATIM,MADIUN,PONOROGO,,,0,0,0,JAWA TIMUR,TRENGGALEK,DONGKO,CAKUL,TULUNG AGUNG
6454618998,,ODP-TUL-FAK/29,-7.9846,111.877488,,,0,8,0,0,8,REGIONAL 5,KEDIRI,TULUNG AGUNG,TUL,,,2024-03-16 23:26:45,2021-05-06,2021,5,NON TITO,,,JAWA TIMUR,1.0,RED,878452872,AREA 3,JATIM,MALANG,TULUNGAGUNG,,,0,0,0,JAWA TIMUR,TULUNGAGUNG,SENDANG,DONO,TULUNG AGUNG
9083294415,,ODP-TUL-FAJ/70,-8.053787,111.868062,,,0,8,0,0,8,REGIONAL 5,KEDIRI,TULUNG AGUNG,TUL,,,2024-03-16 23:28:38,2022-08-08,2022,8,NON TITO,,,JAWA TIMUR,1.0,RED,1206153144,AREA 3,JATIM,MALANG,TULUNGAGUNG,,,0,0,0,JAWA TIMUR,TULUNGAGUNG,KAUMAN,KAUMAN,TULUNG AGUNG
6664845289,,ODP-TUL-FAJ/43,-8.052124,111.870392,,,0,8,0,0,8,REGIONAL 5,KEDIRI,TULUNG AGUNG,TUL,,,2024-03-16 23:28:09,2021-06-07,2021,6,NON TITO,,,JAWA TIMUR,1.0,RED,889255325,AREA 3,JATIM,MALANG,TULUNGAGUNG,,,0,0,0,JAWA TIMUR,TULUNGAGUNG,KAUMAN,PANGGUNGREJO,TULUNG AGUNG
2904870044,,ODP-TUL-FAF/78,-8.051233,111.899574,,,0,8,0,0,8,REGIONAL 5,KEDIRI,TULUNG AGUNG,TUL,,,2023-08-30 18:09:07,2018-09-13,2018,9,NON TITO,,,JAWA TIMUR,1.0,RED,390063539,AREA 3,JATIM,MALANG,TULUNGAGUNG,,,0,0,0,JAWA TIMUR,TULUNGAGUNG,KEDUNGWARU,TAWANGSARI,TULUNG AGUNG
1486697069,,ODP-PRI-FB/40,-8.279708,111.725265,,,0,8,0,0,8,REGIONAL 5,KEDIRI,TULUNG AGUNG,PRI,,,2024-03-16 23:21:08,2017-05-23,2017,5,NON TITO,,,JAWA TIMUR,1.0,RED,129919856,AREA 3,JATIM,MADIUN,PONOROGO,,,0,0,0,JAWA TIMUR,TRENGGALEK,WATULIMO,PRIGI,TULUNG AGUNG
1486697130,,ODP-PRI-FB/84,-8.273514,111.715495,,,0,8,0,0,8,REGIONAL 5,KEDIRI,TULUNG AGUNG,PRI,,,2024-03-16 23:27:25,2017-05-23,2017,5,NON TITO,,,JAWA TIMUR,1.0,RED,129919892,AREA 3,JATIM,MADIUN,PONOROGO,,,0,0,0,JAWA TIMUR,TRENGGALEK,WATULIMO,MARGOMULYO,TULUNG AGUNG
9261943569,,ODP-TUL-FAK/36,-7.983603,111.874951,,,0,8,0,0,8,REGIONAL 5,KEDIRI,TULUNG AGUNG,TUL,,,2024-03-16 23:29:14,2022-09-12,2022,9,NON TITO,,,JAWA TIMUR,1.0,RED,1225945996,AREA 3,JATIM,MALANG,TULUNGAGUNG,,,0,0,0,JAWA TIMUR,TULUNGAGUNG,SENDANG,DONO,TULUNG AGUNG
1486697553,,ODP-PRI-FB/60,-8.258581,111.695184,,,0,8,0,0,8,REGIONAL 5,KEDIRI,TULUNG AGUNG,PRI,,,2024-03-16 23:27:40,2017-05-23,2017,5,NON TITO,,,JAWA TIMUR,1.0,RED,129920027,AREA 3,JATIM,MADIUN,PONOROGO,,,0,0,0,JAWA TIMUR,TRENGGALEK,WATULIMO,SAWAHAN,TULUNG AGUNG
9261419129,,ODP-TUL-FAM/35,-8.037778,111.873155,,,0,8,0,0,8,REGIONAL 5,KEDIRI,TULUNG AGUNG,TUL,,,2024-03-16 23:29:05,2022-09-12,2022,9,NON TITO,,,JAWA TIMUR,1.0,RED,1225948353,AREA 3,JATIM,MALANG,TULUNGAGUNG,,,0,0,0,JAWA TIMUR,TULUNGAGUNG,KAUMAN,JATIMULYO,TULUNG AGUNG
9050519496,,ODP-TUL-FAQ/24,-8.059226,111.91355,,,0,8,0,0,8,REGIONAL 5,KEDIRI,TULUNG AGUNG,TUL,,,2024-03-16 23:22:41,2022-07-26,2022,7,NON TITO,,,JAWA TIMUR,1.0,RED,1203831011,AREA 3,JATIM,MALANG,TULUNGAGUNG,,,0,0,0,JAWA TIMUR,TULUNGAGUNG,KEDUNGWARU,KEDUNGWARU,TULUNG AGUNG
2904869324,,ODP-TUL-FAH/13,-8.018262,111.939135,,,0,8,0,0,8,REGIONAL 5,KEDIRI,TULUNG AGUNG,TUL,,,2023-08-30 18:00:04,2018-09-13,2018,9,NON TITO,,,JAWA TIMUR,1.0,RED,390106691,AREA 3,JATIM,MALANG,TULUNGAGUNG,,,0,0,0,JAWA TIMUR,TULUNGAGUNG,NGANTRU,PINGGIRSARI,TULUNG AGUNG
9261419149,,ODP-TUL-FAM/25,-8.022854,111.892909,,,0,8,0,0,8,REGIONAL 5,KEDIRI,TULUNG AGUNG,TUL,,,2024-03-16 23:29:14,2022-09-12,2022,9,NON TITO,,,JAWA TIMUR,1.0,RED,1225948380,AREA 3,JATIM,MALANG,TULUNGAGUNG,,,0,0,0,JAWA TIMUR,TULUNGAGUNG,KARANGREJO,SUKOWIYONO,TULUNG AGUNG
3206675438,,ODP-TRE-FM/29,-8.075818,111.703571,,,0,8,0,0,8,REGIONAL 5,KEDIRI,TULUNG AGUNG,TRE,,,2024-03-16 23:26:32,2018-12-30,2018,12,NON TITO,,,JAWA TIMUR,1.0,RED,408330105,AREA 3,JATIM,MADIUN,PONOROGO,,,0,0,0,JAWA TIMUR,TRENGGALEK,TRENGGALEK,KARANGSOKO,TULUNG AGUNG
6664845286,,ODP-TUL-FAJ/42,-8.052253,111.881874,,,0,8,0,0,8,REGIONAL 5,KEDIRI,TULUNG AGUNG,TUL,,,2024-03-16 23:28:05,2021-06-07,2021,6,NON TITO,,,JAWA TIMUR,1.0,RED,889255323,AREA 3,JATIM,MALANG,TULUNGAGUNG,,,0,0,0,JAWA TIMUR,TULUNGAGUNG,KAUMAN,BATANGSAREN,TULUNG AGUNG
2819968758,,ODP-TUL-FAL/18,-8.080568,111.89475,,,0,8,0,0,8,REGIONAL 5,KEDIRI,TULUNG AGUNG,TUL,,,2024-03-16 23:26:10,2018-08-16,2018,8,NON TITO,,,JAWA TIMUR,1.0,RED,389508625,AREA 3,JATIM,MALANG,TULUNGAGUNG,,,0,0,0,JAWA TIMUR,TULUNGAGUNG,BOYOLANGU,GEDANGSEWU,TULUNG AGUNG
6085480372,,ODP-TUL-FAM/05,-8.024117,111.85877,,,0,8,0,0,8,REGIONAL 5,KEDIRI,TULUNG AGUNG,TUL,,,2024-03-16 23:28:12,2021-03-15,2021,3,NON TITO,,,JAWA TIMUR,1.0,RED,866372605,AREA 3,JATIM,MALANG,TULUNGAGUNG,,,0,0,0,JAWA TIMUR,TULUNGAGUNG,KAUMAN,KATES,TULUNG AGUNG
8857994664,,ODP-TUL-FAJ/69,-8.047569,111.868369,,,0,8,0,0,8,REGIONAL 5,KEDIRI,TULUNG AGUNG,TUL,,,2024-03-16 23:23:24,2022-06-13,2022,6,NON TITO,,,JAWA TIMUR,1.0,RED,1184807901,AREA 3,JATIM,MALANG,TULUNGAGUNG,,,0,0,0,JAWA TIMUR,TULUNGAGUNG,KAUMAN,MOJOSARI,TULUNG AGUNG
3220093968,,ODP-CAT-FA/39,-8.157177,111.874814,,,0,8,0,0,8,REGIONAL 5,KEDIRI,TULUNG AGUNG,CAT,,,2024-03-16 23:25:06,2018-12-28,2018,12,NON TITO,,,JAWA TIMUR,1.0,RED,408323594,AREA 3,JATIM,MALANG,TULUNGAGUNG,,,0,0,0,JAWA TIMUR,TULUNGAGUNG,CAMPUR DARAT,PELEM,TULUNG AGUNG
2138969287,,ODP-TUL-FF/26,-8.08511,111.927816,,,0,8,0,0,8,REGIONAL 5,KEDIRI,TULUNG AGUNG,TUL,,,2024-03-16 23:21:33,2018-01-12,2018,1,NON TITO,,,JAWA TIMUR,1.0,RED,268450179,AREA 3,JATIM,MALANG,TULUNGAGUNG,,,0,0,0,JAWA TIMUR,TULUNGAGUNG,BOYOLANGU,TANJUNGSARI,TULUNG AGUNG
9410220048,,ODP-TUL-FBA/17,-8.001353,111.883171,,,0,8,0,0,8,REGIONAL 5,KEDIRI,TULUNG AGUNG,TUL,,,2024-03-16 23:26:53,2022-10-14,2022,10,NON TITO,,,JAWA TIMUR,1.0,RED,1241325478,AREA 3,JATIM,MALANG,TULUNGAGUNG,,,0,0,0,JAWA TIMUR,TULUNGAGUNG,KARANGREJO,TANJUNGSARI,TULUNG AGUNG
7049519998,,ODP-TRE-FF/26,-8.0768,111.700122,,,0,8,0,0,8,REGIONAL 5,KEDIRI,TULUNG AGUNG,TRE,,,2024-03-16 23:22:07,2021-07-05,2021,7,NON TITO,,,JAWA TIMUR,1.0,RED,947000727,AREA 3,JATIM,MADIUN,PONOROGO,,,0,0,0,JAWA TIMUR,TRENGGALEK,TRENGGALEK,KARANGSOKO,TULUNG AGUNG
12178318573,,ODP-NGU-FK/36,-8.100445,112.009804,,,0,16,0,0,16,REGIONAL 5,KEDIRI,TULUNG AGUNG,NGU,,,2025-05-15 17:51:41,2025-05-14,2025,5,NON TITO,,,JAWA TIMUR,1.0,RED,1498097458,AREA 3,JATIM,MALANG,TULUNGAGUNG,,,0,0,0,JAWA TIMUR,TULUNGAGUNG,NGUNUT,NGUNUT,TULUNG AGUNG
9410220082,,ODP-TUL-FBA/34,-8.007374,111.90603,,,0,8,0,0,8,REGIONAL 5,KEDIRI,TULUNG AGUNG,TUL,,,2024-03-16 23:26:30,2022-10-14,2022,10,NON TITO,,,JAWA TIMUR,1.0,RED,1241325618,AREA 3,JATIM,MALANG,TULUNGAGUNG,,,0,0,0,JAWA TIMUR,TULUNGAGUNG,KARANGREJO,SEMBON,TULUNG AGUNG
2178570251,,ODP-KWR-FA/13,-8.206945,111.971459,,,0,8,0,0,8,REGIONAL 5,KEDIRI,TULUNG AGUNG,KWR,,,2024-03-16 23:23:45,2018-01-26,2018,1,NON TITO,,,JAWA TIMUR,1.0,RED,294175344,AREA 3,JATIM,MALANG,TULUNGAGUNG,,,0,0,0,JAWA TIMUR,TULUNGAGUNG,KALIDAWIR,SUKOREJO KULON,TULUNG AGUNG
2074320175,,ODP-TUL-FAC/12,-8.087706,111.838857,,,0,8,0,0,8,REGIONAL 5,KEDIRI,TULUNG AGUNG,TUL,,,2023-08-30 18:02:00,2017-12-20,2017,12,NON TITO,,,JAWA TIMUR,1.0,RED,256176280,AREA 3,JATIM,MALANG,TULUNGAGUNG,,,0,0,0,JAWA TIMUR,TULUNGAGUNG,GONDANG,BENDUNGAN,TULUNG AGUNG
7049520020,,ODP-TRE-FF/34,-8.080447,111.687863,,,0,8,0,0,8,REGIONAL 5,KEDIRI,TULUNG AGUNG,TRE,,,2024-03-16 23:21:49,2021-07-05,2021,7,NON TITO,,,JAWA TIMUR,1.0,RED,947000773,AREA 3,JATIM,MADIUN,PONOROGO,,,0,0,0,JAWA TIMUR,TRENGGALEK,KARANGAN,SUMBERINGIN,TULUNG AGUNG
6086598416,,ODP-CAT-FD/67,-8.203499,111.785074,,,0,8,0,0,8,REGIONAL 5,KEDIRI,TULUNG AGUNG,CAT,,,2024-03-16 23:29:07,2021-03-10,2021,3,NON TITO,,,JAWA TIMUR,1.0,RED,865428524,AREA 3,JATIM,MALANG,TULUNGAGUNG,,,0,0,0,JAWA TIMUR,TULUNGAGUNG,BESUKI,TANGGULWELAHAN,TULUNG AGUNG
2838195259,,ODP-TUL-FAB/10,-8.051395,111.861003,,,0,8,0,0,8,REGIONAL 5,KEDIRI,TULUNG AGUNG,TUL,,,2024-03-16 23:22:43,2018-08-23,2018,8,NON TITO,,,JAWA TIMUR,1.0,RED,389540157,AREA 3,JATIM,MALANG,TULUNGAGUNG,,,0,0,0,JAWA TIMUR,TULUNGAGUNG,KAUMAN,BOLOREJO,TULUNG AGUNG
9410220157,,ODP-TUL-FBA/35,-8.016802,111.89763,,,0,8,0,0,8,REGIONAL 5,KEDIRI,TULUNG AGUNG,TUL,,,2024-03-16 23:27:11,2022-10-14,2022,10,NON TITO,,,JAWA TIMUR,1.0,RED,1241325690,AREA 3,JATIM,MALANG,TULUNGAGUNG,,,0,0,0,JAWA TIMUR,TULUNGAGUNG,KARANGREJO,SUKOWIYONO,TULUNG AGUNG
3171270662,,ODP-PRI-FB/95,-8.262026,111.701298,,,0,8,0,0,8,REGIONAL 5,KEDIRI,TULUNG AGUNG,PRI,,,2024-03-16 23:26:56,2018-12-13,2018,12,NON TITO,,,JAWA TIMUR,1.0,RED,407069220,AREA 3,JATIM,MADIUN,PONOROGO,,,0,0,0,JAWA TIMUR,TRENGGALEK,WATULIMO,SAWAHAN,TULUNG AGUNG
7042319830,,ODP-TRE-FP/45,-8.093097,111.719239,,,0,8,0,0,8,REGIONAL 5,KEDIRI,TULUNG AGUNG,TRE,,,2024-03-16 23:23:27,2021-07-05,2021,7,NON TITO,,,JAWA TIMUR,1.0,RED,946996434,AREA 3,JATIM,MADIUN,PONOROGO,,,0,0,0,JAWA TIMUR,TRENGGALEK,TRENGGALEK,KARANGSOKO,TULUNG AGUNG
1489327365,,ODP-TUL-FAE/01,-8.003883,111.90881,,,0,8,0,0,8,REGIONAL 5,KEDIRI,TULUNG AGUNG,TUL,,,2024-03-16 23:21:59,2017-05-26,2017,5,NON TITO,,,JAWA TIMUR,1.0,RED,155935529,AREA 3,JATIM,MALANG,TULUNGAGUNG,,,0,0,0,JAWA TIMUR,TULUNGAGUNG,KARANGREJO,KARANGREJO,TULUNG AGUNG
2838195363,,ODP-TUL-FAB/07,-8.055636,111.864486,,,0,8,0,0,8,REGIONAL 5,KEDIRI,TULUNG AGUNG,TUL,,,2024-03-16 23:22:41,2018-08-23,2018,8,NON TITO,,,JAWA TIMUR,1.0,RED,389540207,AREA 3,JATIM,MALANG,TULUNGAGUNG,,,0,0,0,JAWA TIMUR,TULUNGAGUNG,KAUMAN,BOLOREJO,TULUNG AGUNG
2436270156,,ODP-TRE-FL/36,-8.08278,111.661258,,,0,8,0,0,8,REGIONAL 5,KEDIRI,TULUNG AGUNG,TRE,,,2024-03-16 23:23:31,2018-04-19,2018,4,NON TITO,,,JAWA TIMUR,1.0,RED,353562733,AREA 3,JATIM,MADIUN,PONOROGO,,,0,0,0,JAWA TIMUR,TRENGGALEK,KARANGAN,KARANGAN,TULUNG AGUNG
8755018602,,ODP-NGU-FJ/49,-8.103999,112.012146,,,0,8,0,0,8,REGIONAL 5,KEDIRI,TULUNG AGUNG,NGU,,,2024-03-16 23:27:49,2022-05-12,2022,5,NON TITO,,,JAWA TIMUR,1.0,RED,1181010676,AREA 3,JATIM,MALANG,TULUNGAGUNG,,,0,0,0,JAWA TIMUR,TULUNGAGUNG,NGUNUT,NGUNUT,TULUNG AGUNG
8754943660,,ODP-KWR-FB/23,-8.198218,112.023644,,,0,8,0,0,8,REGIONAL 5,KEDIRI,TULUNG AGUNG,KWR,,,2024-03-16 23:26:11,2022-05-12,2022,5,NON TITO,,,JAWA TIMUR,1.0,RED,1181013072,AREA 3,JATIM,MALANG,TULUNGAGUNG,,,0,0,0,JAWA TIMUR,TULUNGAGUNG,PUCANG LABAN,SUMBERDADAP,TULUNG AGUNG
2826118758,,ODP-KWR-FB/05,-8.21206,112.020147,,,2,6,0,0,8,REGIONAL 5,KEDIRI,TULUNG AGUNG,KWR,,,2024-03-16 23:24:36,2018-08-17,2018,8,NON TITO,,,JAWA TIMUR,0.75,YELLOW,389328161,AREA 3,JATIM,MALANG,TULUNGAGUNG,,,0,0,0,JAWA TIMUR,TULUNGAGUNG,PUCANG LABAN,SUMBERDADAP,TULUNG AGUNG
987048407,,ODP-CAT-FD/33,-8.170909,111.786167,,,3,12,1,0,16,REGIONAL 5,KEDIRI,TULUNG AGUNG,CAT,,,2024-03-16 23:26:29,2016-10-15,2016,10,NON TITO,,,JAWA TIMUR,0.75,YELLOW,36665981,AREA 3,JATIM,MALANG,TULUNGAGUNG,,,0,0,0,JAWA TIMUR,TULUNGAGUNG,BANDUNG,BANDUNG,TULUNG AGUNG
2475043982,,ODP-TUL-FAE/52,-7.966242,111.92297,,,3,5,0,0,8,REGIONAL 5,KEDIRI,TULUNG AGUNG,TUL,,,2024-03-16 23:21:18,2018-04-28,2018,4,NON TITO,,,JAWA TIMUR,0.625,YELLOW,353622826,AREA 3,JATIM,MALANG,TULUNGAGUNG,,,0,0,0,JAWA TIMUR,TULUNGAGUNG,KARANGREJO,JELI,TULUNG AGUNG
991543604,,ODP-CAT-FD/06,-8.165379,111.784634,,,2,6,0,0,8,REGIONAL 5,KEDIRI,TULUNG AGUNG,CAT,,,2024-03-16 23:22:37,2016-10-17,2016,10,NON TITO,,,JAWA TIMUR,0.75,YELLOW,36671847,AREA 3,JATIM,MALANG,TULUNGAGUNG,,,0,0,0,JAWA TIMUR,TULUNGAGUNG,BANDUNG,BANDUNG,TULUNG AGUNG
1039995908,,ODP-TUL-FA/72,-8.059193,111.913651,,,6,10,0,0,16,REGIONAL 5,KEDIRI,TULUNG AGUNG,TUL,,,2024-03-16 23:26:18,2016-11-04,2016,11,NON TITO,,,JAWA TIMUR,0.625,YELLOW,37418807,AREA 3,JATIM,MALANG,TULUNGAGUNG,,,0,0,0,JAWA TIMUR,TULUNGAGUNG,KEDUNGWARU,KEDUNGWARU,TULUNG AGUNG
2475043952,,ODP-TUL-FAE/63,-7.982349,111.91649,,,4,4,0,0,8,REGIONAL 5,KEDIRI,TULUNG AGUNG,TUL,,,2024-03-16 23:22:18,2018-04-28,2018,4,NON TITO,,,JAWA TIMUR,0.5,YELLOW,353622816,AREA 3,JATIM,MALANG,TULUNGAGUNG,,,0,0,0,JAWA TIMUR,TULUNGAGUNG,KARANGREJO,JELI,TULUNG AGUNG
794894114,,ODP-NGU-FC/01,-8.065581,111.978897,,,4,4,0,0,8,REGIONAL 5,KEDIRI,TULUNG AGUNG,NGU,,,2024-03-16 23:24:25,2016-08-08,2016,8,NON TITO,,,JAWA TIMUR,0.5,YELLOW,34258350,AREA 3,JATIM,MALANG,TULUNGAGUNG,,,0,0,0,JAWA TIMUR,TULUNGAGUNG,SUMBERGEMPOL,SAMBIROBYONG,TULUNG AGUNG
2509318834,,ODP-TUL-FZ/43,-8.071068,111.908782,,,2,6,0,0,8,REGIONAL 5,KEDIRI,TULUNG AGUNG,TUL,,,2024-03-16 23:27:18,2018-05-14,2018,5,NON TITO,,,JAWA TIMUR,0.75,YELLOW,354206635,AREA 3,JATIM,MALANG,TULUNGAGUNG,,,0,0,0,JAWA TIMUR,TULUNGAGUNG,TULUNGAGUNG,BAGO,TULUNG AGUNG
1004672745,,ODP-TUL-FAA/14,-8.00048,111.816836,,,3,5,0,0,8,REGIONAL 5,KEDIRI,TULUNG AGUNG,TUL,,,2024-03-16 23:29:16,2016-10-22,2016,10,NON TITO,,,JAWA TIMUR,0.625,YELLOW,36763583,AREA 3,JATIM,MALANG,TULUNGAGUNG,,,0,0,0,JAWA TIMUR,TULUNGAGUNG,PAGERWOJO,MULYOSARI,TULUNG AGUNG
2436270246,,ODP-TRE-FL/27,-8.096145,111.64042,,,2,6,0,0,8,REGIONAL 5,KEDIRI,TULUNG AGUNG,TRE,,,2024-03-16 23:23:07,2018-04-19,2018,4,NON TITO,,,JAWA TIMUR,0.75,YELLOW,353562761,AREA 3,JATIM,MADIUN,PONOROGO,,,0,0,0,JAWA TIMUR,TRENGGALEK,SURUH,SURUH,TULUNG AGUNG
2819968693,,ODP-TUL-FAL/19,-8.081325,111.899495,,,5,10,1,0,16,REGIONAL 5,KEDIRI,TULUNG AGUNG,TUL,,,2024-03-16 23:26:25,2018-08-16,2018,8,NON TITO,,,JAWA TIMUR,0.625,YELLOW,389508579,AREA 3,JATIM,MALANG,TULUNGAGUNG,,,0,0,0,JAWA TIMUR,TULUNGAGUNG,TULUNGAGUNG,TAMANAN,TULUNG AGUNG
1039996466,,ODP-TUL-FA/73,-8.05946,111.911132,,,3,5,0,0,8,REGIONAL 5,KEDIRI,TULUNG AGUNG,TUL,,,2024-03-16 23:26:25,2016-11-04,2016,11,NON TITO,,,JAWA TIMUR,0.625,YELLOW,37418978,AREA 3,JATIM,MALANG,TULUNGAGUNG,,,0,0,0,JAWA TIMUR,TULUNGAGUNG,KEDUNGWARU,KEDUNGWARU,TULUNG AGUNG
2876221075,,ODP-TUL-FY/24,-8.061544,111.928563,,,2,6,0,0,8,REGIONAL 5,KEDIRI,TULUNG AGUNG,TUL,,,2024-03-16 23:23:25,2018-09-05,2018,9,NON TITO,,,JAWA TIMUR,0.75,YELLOW,389838657,AREA 3,JATIM,MALANG,TULUNGAGUNG,,,0,0,0,JAWA TIMUR,TULUNGAGUNG,KEDUNGWARU,TUNGGULSARI,TULUNG AGUNG
2826119219,,ODP-TUL-FAL/29,-8.07047,111.897363,,,7,9,0,0,16,REGIONAL 5,KEDIRI,TULUNG AGUNG,TUL,,,2024-03-16 23:24:14,2018-08-17,2018,8,NON TITO,,,JAWA TIMUR,0.5625,YELLOW,389328500,AREA 3,JATIM,MALANG,TULUNGAGUNG,,,0,0,0,JAWA TIMUR,TULUNGAGUNG,TULUNGAGUNG,KARANGWARU,TULUNG AGUNG
987048412,,ODP-CAT-FD/16,-8.200243,111.7859,,,2,6,0,0,8,REGIONAL 5,KEDIRI,TULUNG AGUNG,CAT,,,2024-03-16 23:27:48,2016-10-15,2016,10,NON TITO,,,JAWA TIMUR,0.75,YELLOW,36665984,AREA 3,JATIM,MALANG,TULUNGAGUNG,,,0,0,0,JAWA TIMUR,TULUNGAGUNG,BESUKI,TANGGULKUNDUNG,TULUNG AGUNG
1004672539,,ODP-TUL-FAA/13,-7.995945,111.813774,,,3,5,0,0,8,REGIONAL 5,KEDIRI,TULUNG AGUNG,TUL,,,2024-03-16 23:29:07,2016-10-22,2016,10,NON TITO,,,JAWA TIMUR,0.625,YELLOW,36763461,AREA 3,JATIM,MALANG,TULUNGAGUNG,,,0,0,0,JAWA TIMUR,TULUNGAGUNG,PAGERWOJO,MULYOSARI,TULUNG AGUNG
2878394686,,ODP-TUL-FY/32,-8.060677,111.960488,,,3,5,0,0,8,REGIONAL 5,KEDIRI,TULUNG AGUNG,TUL,,,2024-03-16 23:26:22,2018-09-06,2018,9,NON TITO,,,JAWA TIMUR,0.625,YELLOW,390022960,AREA 3,JATIM,MALANG,TULUNGAGUNG,,,0,0,0,JAWA TIMUR,TULUNGAGUNG,SUMBERGEMPOL,BUKUR,TULUNG AGUNG
1004672534,,ODP-TUL-FAA/07,-7.983095,111.800587,,,2,6,0,0,8,REGIONAL 5,KEDIRI,TULUNG AGUNG,TUL,,,2024-03-16 23:29:06,2016-10-22,2016,10,NON TITO,,,JAWA TIMUR,0.75,YELLOW,36763458,AREA 3,JATIM,MALANG,TULUNGAGUNG,,,0,0,0,JAWA TIMUR,TULUNGAGUNG,PAGER WOJO,SAMAR,TULUNG AGUNG
1004672326,,ODP-TUL-FAA/12,-7.992055,111.808577,,,3,5,0,0,8,REGIONAL 5,KEDIRI,TULUNG AGUNG,TUL,,,2024-03-16 23:28:38,2016-10-22,2016,10,NON TITO,,,JAWA TIMUR,0.625,YELLOW,36763339,AREA 3,JATIM,MALANG,TULUNGAGUNG,,,0,0,0,JAWA TIMUR,TULUNGAGUNG,PAGERWOJO,MULYOSARI,TULUNG AGUNG
2876520234,,ODP-TUL-FAJ/15,-8.055143,111.884146,,,2,6,0,0,8,REGIONAL 5,KEDIRI,TULUNG AGUNG,TUL,,,2024-03-16 23:24:04,2018-09-06,2018,9,NON TITO,,,JAWA TIMUR,0.75,YELLOW,389842671,AREA 3,JATIM,MALANG,TULUNGAGUNG,,,0,0,0,JAWA TIMUR,TULUNGAGUNG,KAUMAN,BATANGSAREN,TULUNG AGUNG
2509318962,,ODP-TUL-FZ/52,-8.070674,111.903832,,,7,9,0,0,16,REGIONAL 5,KEDIRI,TULUNG AGUNG,TUL,,,2024-03-16 23:28:08,2018-05-14,2018,5,NON TITO,,,JAWA TIMUR,0.5625,YELLOW,354206722,AREA 3,JATIM,MALANG,TULUNGAGUNG,,,0,0,0,JAWA TIMUR,TULUNGAGUNG,TULUNGAGUNG,BAGO,TULUNG AGUNG
819794282,,ODP-TUL-FAA/01,-8.021461,111.803719,,,7,9,0,0,16,REGIONAL 5,KEDIRI,TULUNG AGUNG,TUL,,,2024-03-16 23:27:11,2016-08-18,2016,8,NON TITO,,,JAWA TIMUR,0.5625,YELLOW,34305041,AREA 3,JATIM,MALANG,TULUNGAGUNG,,,0,0,0,JAWA TIMUR,TULUNGAGUNG,PAGERWOJO,WONOREJO,TULUNG AGUNG
2876520239,,ODP-TUL-FAJ/16,-8.052668,111.883952,,,5,11,0,0,16,REGIONAL 5,KEDIRI,TULUNG AGUNG,TUL,,,2024-03-16 23:24:45,2018-09-06,2018,9,NON TITO,,,JAWA TIMUR,0.6875,YELLOW,389842682,AREA 3,JATIM,MALANG,TULUNGAGUNG,,,0,0,0,JAWA TIMUR,TULUNGAGUNG,KAUMAN,BATANGSAREN,TULUNG AGUNG
781543572,,ODP-TUL-FS/22,-8.049358,111.867815,,,4,4,0,0,8,REGIONAL 5,KEDIRI,TULUNG AGUNG,TUL,,,2024-03-16 23:26:10,2016-08-02,2016,8,NON TITO,,,JAWA TIMUR,0.5,YELLOW,34086987,AREA 3,JATIM,MALANG,TULUNGAGUNG,,,0,0,0,JAWA TIMUR,TULUNGAGUNG,KAUMAN,KAUMAN,TULUNG AGUNG
2876221070,,ODP-TUL-FY/25,-8.05887,111.936201,,,2,6,0,0,8,REGIONAL 5,KEDIRI,TULUNG AGUNG,TUL,,,2024-03-16 23:23:53,2018-09-05,2018,9,NON TITO,,,JAWA TIMUR,0.75,YELLOW,389838653,AREA 3,JATIM,MALANG,TULUNGAGUNG,,,0,0,0,JAWA TIMUR,TULUNGAGUNG,KEDUNGWARU,TUNGGULSARI,TULUNG AGUNG
987048397,,ODP-CAT-FD/25,-8.172086,111.785092,,,1,6,1,0,8,REGIONAL 5,KEDIRI,TULUNG AGUNG,CAT,,,2024-03-16 23:28:08,2016-10-15,2016,10,NON TITO,,,JAWA TIMUR,0.75,YELLOW,36665975,AREA 3,JATIM,MALANG,TULUNGAGUNG,,,0,0,0,JAWA TIMUR,TULUNGAGUNG,BANDUNG,BANDUNG,TULUNG AGUNG
2475044002,,ODP-TUL-FAE/26,-8.008051,111.91474,,,2,6,0,0,8,REGIONAL 5,KEDIRI,TULUNG AGUNG,TUL,,,2024-03-16 23:22:48,2018-04-28,2018,4,NON TITO,,,JAWA TIMUR,0.75,YELLOW,353622835,AREA 3,JATIM,MALANG,TULUNGAGUNG,,,0,0,0,JAWA TIMUR,TULUNGAGUNG,KEDUNGWARU,BORO,TULUNG AGUNG
2509318733,,ODP-TUL-FZ/70,-8.073063,111.901961,,,4,4,0,0,8,REGIONAL 5,KEDIRI,TULUNG AGUNG,TUL,,,2024-03-16 23:27:21,2018-05-14,2018,5,NON TITO,,,JAWA TIMUR,0.5,YELLOW,354206556,AREA 3,JATIM,MALANG,TULUNGAGUNG,,,0,0,0,JAWA TIMUR,TULUNGAGUNG,TULUNGAGUNG,TAMANAN,TULUNG AGUNG
819794329,,ODP-TUL-FAA/05,-8.005305,111.816819,,,3,5,0,0,8,REGIONAL 5,KEDIRI,TULUNG AGUNG,TUL,,,2024-03-16 23:26:24,2016-08-18,2016,8,NON TITO,,,JAWA TIMUR,0.625,YELLOW,34381393,AREA 3,JATIM,MALANG,TULUNGAGUNG,,,0,0,0,JAWA TIMUR,TULUNGAGUNG,PAGERWOJO,MULYOSARI,TULUNG AGUNG
787996806,,ODP-TUL-FD/28,-8.068208,111.907267,,,5,11,0,0,16,REGIONAL 5,KEDIRI,TULUNG AGUNG,TUL,,,2024-03-16 23:27:10,2016-08-11,2016,8,NON TITO,,,JAWA TIMUR,0.6875,YELLOW,34353703,AREA 3,JATIM,MALANG,TULUNGAGUNG,,,0,0,0,JAWA TIMUR,TULUNGAGUNG,TULUNGAGUNG,BAGO,TULUNG AGUNG
776893829,,ODP-TUL-FS/10,-8.039593,111.847243,,,3,5,0,0,8,REGIONAL 5,KEDIRI,TULUNG AGUNG,TUL,,,2024-03-16 23:27:00,2016-08-02,2016,8,NON TITO,,,JAWA TIMUR,0.625,YELLOW,34085944,AREA 3,JATIM,MALANG,TULUNGAGUNG,,,0,0,0,JAWA TIMUR,TULUNGAGUNG,KAUMAN,PUCANGAN,TULUNG AGUNG
794894123,,ODP-NGU-FC/05,-8.09047,111.97987,,,4,4,0,0,8,REGIONAL 5,KEDIRI,TULUNG AGUNG,NGU,,,2024-03-16 23:23:54,2016-08-08,2016,8,NON TITO,,,JAWA TIMUR,0.5,YELLOW,34258371,AREA 3,JATIM,MALANG,TULUNGAGUNG,,,0,0,0,JAWA TIMUR,TULUNGAGUNG,NGUNUT,KROMASAN,TULUNG AGUNG
788145375,,ODP-NGU-FC/06,-8.098842,112.008451,,,3,5,0,0,8,REGIONAL 5,KEDIRI,TULUNG AGUNG,NGU,,,2024-03-16 23:22:48,2016-08-08,2016,8,NON TITO,,,JAWA TIMUR,0.625,YELLOW,34260425,AREA 3,JATIM,MALANG,TULUNGAGUNG,,,0,0,0,JAWA TIMUR,TULUNGAGUNG,NGUNUT,NGUNUT,TULUNG AGUNG
788145397,,ODP-NGU-FC/08,-8.103423,112.00856,,,6,10,0,0,16,REGIONAL 5,KEDIRI,TULUNG AGUNG,NGU,,,2024-03-16 23:23:36,2016-08-08,2016,8,NON TITO,,,JAWA TIMUR,0.625,YELLOW,34260549,AREA 3,JATIM,MALANG,TULUNGAGUNG,,,0,0,0,JAWA TIMUR,TULUNGAGUNG,NGUNUT,NGUNUT,TULUNG AGUNG
2878394857,,ODP-TUL-FY/29,-8.065032,111.969144,,,4,4,0,0,8,REGIONAL 5,KEDIRI,TULUNG AGUNG,TUL,,,2024-03-16 23:26:40,2018-09-06,2018,9,NON TITO,,,JAWA TIMUR,0.5,YELLOW,390023207,AREA 3,JATIM,MALANG,TULUNGAGUNG,,,0,0,0,JAWA TIMUR,TULUNGAGUNG,SUMBERGEMPOL,SAMBIROBYONG,TULUNG AGUNG
2860919473,,ODP-TUL-FAK/08,-7.954696,111.840703,,,4,4,0,0,8,REGIONAL 5,KEDIRI,TULUNG AGUNG,TUL,,,2024-03-16 23:28:39,2018-08-30,2018,8,NON TITO,,,JAWA TIMUR,0.5,YELLOW,389798474,AREA 3,JATIM,MALANG,TULUNGAGUNG,,,0,0,0,JAWA TIMUR,TULUNGAGUNG,SENDANG,SENDANG,TULUNG AGUNG
2826118763,,ODP-KWR-FB/02,-8.261195,112.014784,,,2,6,0,0,8,REGIONAL 5,KEDIRI,TULUNG AGUNG,KWR,,,2024-03-16 23:24:21,2018-08-17,2018,8,NON TITO,,,JAWA TIMUR,0.75,YELLOW,389328166,AREA 3,JATIM,MALANG,TULUNGAGUNG,,,0,0,0,JAWA TIMUR,TULUNGAGUNG,PUCANG LABAN,PUCANGLABAN,TULUNG AGUNG
794894120,,ODP-NGU-FC/03,-8.09549,111.991868,,,4,4,0,0,8,REGIONAL 5,KEDIRI,TULUNG AGUNG,NGU,,,2024-03-16 23:24:09,2016-08-08,2016,8,NON TITO,,,JAWA TIMUR,0.5,YELLOW,34258365,AREA 3,JATIM,MALANG,TULUNGAGUNG,,,0,0,0,JAWA TIMUR,TULUNGAGUNG,NGUNUT,PULOSARI,TULUNG AGUNG
794894119,,ODP-NGU-FC/02,-8.087758,111.979972,,,6,10,0,0,16,REGIONAL 5,KEDIRI,TULUNG AGUNG,NGU,,,2024-03-16 23:24:19,2016-08-08,2016,8,NON TITO,,,JAWA TIMUR,0.625,YELLOW,34258364,AREA 3,JATIM,MALANG,TULUNGAGUNG,,,0,0,0,JAWA TIMUR,TULUNGAGUNG,NGUNUT,PULOSARI,TULUNG AGUNG
770219249,,ODP-TUL-FU/09,-8.131119,111.892436,,,6,10,0,0,16,REGIONAL 5,KEDIRI,TULUNG AGUNG,TUL,,,2024-03-16 23:28:13,2016-07-28,2016,7,NON TITO,,,JAWA TIMUR,0.625,YELLOW,34070222,AREA 3,JATIM,MALANG,TULUNGAGUNG,,,0,0,0,JAWA TIMUR,TULUNGAGUNG,CAMPURDARAT,TANGGUNG,TULUNG AGUNG
921718869,,ODP-TUL-FX/18,-8.055879,111.865548,,,6,10,0,0,16,REGIONAL 5,KEDIRI,TULUNG AGUNG,TUL,,,2024-03-16 23:29:00,2016-09-16,2016,9,NON TITO,,,JAWA TIMUR,0.625,YELLOW,35748182,AREA 3,JATIM,MALANG,TULUNGAGUNG,,,0,0,0,JAWA TIMUR,TULUNGAGUNG,KAUMAN,KAUMAN,TULUNG AGUNG
1004219054,,ODP-CAT-FF/14,-8.16938,111.80835,,,3,5,0,0,8,REGIONAL 5,KEDIRI,TULUNG AGUNG,CAT,,,2024-03-16 23:23:03,2016-10-24,2016,10,NON TITO,,,JAWA TIMUR,0.625,YELLOW,36771823,AREA 3,JATIM,MALANG,TULUNGAGUNG,,,0,0,0,JAWA TIMUR,TULUNGAGUNG,PAKEL,SUKOANYAR,TULUNG AGUNG
2495670438,,ODP-TRE-FC/41,-8.058442,111.703231,,,7,9,0,0,16,REGIONAL 5,KEDIRI,TULUNG AGUNG,TRE,,,2024-03-16 23:21:55,2018-05-09,2018,5,NON TITO,,,JAWA TIMUR,0.5625,YELLOW,354167924,AREA 3,JATIM,MADIUN,PONOROGO,,,0,0,0,JAWA TIMUR,TRENGGALEK,TRENGGALEK,TAMANAN,TULUNG AGUNG
2495672620,,ODP-TRE-FC/39,-8.059542,111.701308,,,3,5,0,0,8,REGIONAL 5,KEDIRI,TULUNG AGUNG,TRE,,,2024-03-16 23:22:36,2018-05-09,2018,5,NON TITO,,,JAWA TIMUR,0.625,YELLOW,353758395,AREA 3,JATIM,MADIUN,PONOROGO,,,0,0,0,JAWA TIMUR,TRENGGALEK,TRENGGALEK,TAMANAN,TULUNG AGUNG
2496269106,,ODP-TUL-FU/39,-8.130845,111.892433,,,3,5,0,0,8,REGIONAL 5,KEDIRI,TULUNG AGUNG,TUL,,,2024-03-16 23:24:15,2018-05-08,2018,5,NON TITO,,,JAWA TIMUR,0.625,YELLOW,353750636,AREA 3,JATIM,MALANG,TULUNGAGUNG,,,0,0,0,JAWA TIMUR,TULUNGAGUNG,CAMPURDARAT,TANGGUNG,TULUNG AGUNG
842145749,,ODP-TUL-FD/31,-8.062497,111.902999,,,5,11,0,0,16,REGIONAL 5,KEDIRI,TULUNG AGUNG,TUL,,,2024-03-16 23:23:24,2016-08-30,2016,8,NON TITO,,,JAWA TIMUR,0.6875,YELLOW,34782606,AREA 3,JATIM,MALANG,TULUNGAGUNG,,,0,0,0,JAWA TIMUR,TULUNGAGUNG,TULUNGAGUNG,KAMPUNGDALEM,TULUNG AGUNG
1004219055,,ODP-CAT-FF/15,-8.16814,111.81558,,,8,8,0,0,16,REGIONAL 5,KEDIRI,TULUNG AGUNG,CAT,,,2024-03-16 23:23:02,2016-10-24,2016,10,NON TITO,,,JAWA TIMUR,0.5,YELLOW,36771829,AREA 3,JATIM,MALANG,TULUNGAGUNG,,,0,0,0,JAWA TIMUR,TULUNGAGUNG,PAKEL,SODO,TULUNG AGUNG
373804538,,ODP-TUL-FN/12,-8.066369,111.885738,,,2,6,0,0,8,REGIONAL 5,KEDIRI,TULUNG AGUNG,TUL,,,2024-03-16 23:23:54,2016-05-10,2016,5,NON TITO,,,JAWA TIMUR,0.75,YELLOW,22633031,AREA 3,JATIM,MALANG,TULUNGAGUNG,,,0,0,0,JAWA TIMUR,TULUNGAGUNG,TULUNGAGUNG,PANGGUNGREJO,TULUNG AGUNG
2509318829,,ODP-TUL-FZ/51,-8.070867,111.905123,,,2,6,0,0,8,REGIONAL 5,KEDIRI,TULUNG AGUNG,TUL,,,2024-03-16 23:27:56,2018-05-14,2018,5,NON TITO,,,JAWA TIMUR,0.75,YELLOW,354206631,AREA 3,JATIM,MALANG,TULUNGAGUNG,,,0,0,0,JAWA TIMUR,TULUNGAGUNG,TULUNGAGUNG,BAGO,TULUNG AGUNG
1053345941,,ODP-CAT-FE/07,-8.165363,111.804588,,,7,9,0,0,16,REGIONAL 5,KEDIRI,TULUNG AGUNG,CAT,,,2024-03-16 23:23:36,2016-11-12,2016,11,NON TITO,,,JAWA TIMUR,0.5625,YELLOW,38459462,AREA 3,JATIM,MALANG,TULUNGAGUNG,,,0,0,0,JAWA TIMUR,TULUNGAGUNG,PAKEL,GOMBANG,TULUNG AGUNG
2826118945,,ODP-KWR-FB/03,-8.258894,112.013582,,,2,6,0,0,8,REGIONAL 5,KEDIRI,TULUNG AGUNG,KWR,,,2024-03-16 23:24:27,2018-08-17,2018,8,NON TITO,,,JAWA TIMUR,0.75,YELLOW,389328331,AREA 3,JATIM,MALANG,TULUNGAGUNG,,,0,0,0,JAWA TIMUR,TULUNGAGUNG,PUCANG LABAN,PUCANGLABAN,TULUNG AGUNG
770219144,,ODP-TUL-FU/13,-8.12045,111.89421,,,7,9,0,0,16,REGIONAL 5,KEDIRI,TULUNG AGUNG,TUL,,,2024-03-16 23:27:56,2016-07-28,2016,7,NON TITO,,,JAWA TIMUR,0.5625,YELLOW,34069973,AREA 3,JATIM,MALANG,TULUNGAGUNG,,,0,0,0,JAWA TIMUR,TULUNGAGUNG,BOYOLANGU,BOYOLANGU,TULUNG AGUNG
1039996469,,ODP-TUL-FA/74,-8.057111,111.911077,,,5,10,0,0,16,REGIONAL 5,KEDIRI,TULUNG AGUNG,TUL,,,2024-03-16 23:25:39,2016-11-04,2016,11,NON TITO,,,JAWA TIMUR,0.625,YELLOW,37210087,AREA 3,JATIM,MALANG,TULUNGAGUNG,,,0,0,0,JAWA TIMUR,TULUNGAGUNG,KEDUNGWARU,KEDUNGWARU,TULUNG AGUNG
2475043882,,ODP-TUL-FAE/33,-7.98232,111.904236,,,2,6,0,0,8,REGIONAL 5,KEDIRI,TULUNG AGUNG,TUL,,,2024-03-16 23:21:07,2018-04-28,2018,4,NON TITO,,,JAWA TIMUR,0.75,YELLOW,353622778,AREA 3,JATIM,MALANG,TULUNGAGUNG,,,0,0,0,JAWA TIMUR,TULUNGAGUNG,KARANGREJO,SUKOREJO,TULUNG AGUNG
914968882,,ODP-TUL-FA/68,-8.055789,111.911006,,,5,11,0,0,16,REGIONAL 5,KEDIRI,TULUNG AGUNG,TUL,,,2024-03-16 23:27:22,2016-09-15,2016,9,NON TITO,,,JAWA TIMUR,0.6875,YELLOW,35673603,AREA 3,JATIM,MALANG,TULUNGAGUNG,,,0,0,0,JAWA TIMUR,TULUNGAGUNG,KEDUNGWARU,KEDUNGWARU,TULUNG AGUNG
1053345815,,ODP-TUL-FM/39,-8.071667,111.919943,,,8,8,0,0,16,REGIONAL 5,KEDIRI,TULUNG AGUNG,TUL,,,2024-03-16 23:23:22,2016-11-12,2016,11,NON TITO,,,JAWA TIMUR,0.5,YELLOW,38459429,AREA 3,JATIM,MALANG,TULUNGAGUNG,,,0,0,0,JAWA TIMUR,TULUNGAGUNG,KEDUNGWARU,PLOSOKANDANG,TULUNG AGUNG
1050058101,,ODP-TUL-FM/38,-8.072063,111.922956,,,7,9,0,0,16,REGIONAL 5,KEDIRI,TULUNG AGUNG,TUL,,,2024-03-16 23:27:49,2016-11-11,2016,11,NON TITO,,,JAWA TIMUR,0.5625,YELLOW,38456223,AREA 3,JATIM,MALANG,TULUNGAGUNG,,,0,0,0,JAWA TIMUR,TULUNGAGUNG,KEDUNGWARU,PLOSOKANDANG,TULUNG AGUNG
1053345482,,ODP-CAT-FE/06,-8.163764,111.80431,,,3,5,0,0,8,REGIONAL 5,KEDIRI,TULUNG AGUNG,CAT,,,2024-03-16 23:23:30,2016-11-12,2016,11,NON TITO,,,JAWA TIMUR,0.625,YELLOW,38459325,AREA 3,JATIM,MALANG,TULUNGAGUNG,,,0,0,0,JAWA TIMUR,TULUNGAGUNG,PAKEL,GOMBANG,TULUNG AGUNG
1050058231,,ODP-TUL-FM/40,-8.068499,111.919037,,,8,8,0,0,16,REGIONAL 5,KEDIRI,TULUNG AGUNG,TUL,,,2024-03-16 23:28:25,2016-11-11,2016,11,NON TITO,,,JAWA TIMUR,0.5,YELLOW,38456254,AREA 3,JATIM,MALANG,TULUNGAGUNG,,,0,0,0,JAWA TIMUR,TULUNGAGUNG,KEDUNGWARU,TUNGGULSARI,TULUNG AGUNG
986144165,,ODP-CAT-FD/11,-8.1683,111.78378,,,3,5,0,0,8,REGIONAL 5,KEDIRI,TULUNG AGUNG,CAT,,,2024-03-16 23:23:33,2016-10-17,2016,10,NON TITO,,,JAWA TIMUR,0.625,YELLOW,36736796,AREA 3,JATIM,MALANG,TULUNGAGUNG,,,0,0,0,JAWA TIMUR,TULUNGAGUNG,BANDUNG,BANDUNG,TULUNG AGUNG
1050058371,,ODP-TUL-FD/42,-8.063508,111.90515,,,4,4,0,0,8,REGIONAL 5,KEDIRI,TULUNG AGUNG,TUL,,,2024-03-16 23:28:22,2016-11-11,2016,11,NON TITO,,,JAWA TIMUR,0.5,YELLOW,38456303,AREA 3,JATIM,MALANG,TULUNGAGUNG,,,0,0,0,JAWA TIMUR,TULUNGAGUNG,TULUNGAGUNG,KAMPUNGDALEM,TULUNG AGUNG
2817044958,,ODP-TUL-FAL/16,-8.074776,111.905062,,,5,11,0,0,16,REGIONAL 5,KEDIRI,TULUNG AGUNG,TUL,,,2024-03-16 23:24:03,2018-08-16,2018,8,NON TITO,,,JAWA TIMUR,0.6875,YELLOW,389504020,AREA 3,JATIM,MALANG,TULUNGAGUNG,,,0,0,0,JAWA TIMUR,TULUNGAGUNG,TULUNGAGUNG,BAGO,TULUNG AGUNG
794896341,,ODP-TUL-FA/64,-8.053301,111.90788,,,7,9,0,0,16,REGIONAL 5,KEDIRI,TULUNG AGUNG,TUL,,,2024-03-16 23:24:47,2016-08-11,2016,8,NON TITO,,,JAWA TIMUR,0.5625,YELLOW,34279206,AREA 3,JATIM,MALANG,TULUNGAGUNG,,,0,0,0,JAWA TIMUR,TULUNGAGUNG,KEDUNGWARU,KEDUNGWARU,TULUNG AGUNG
2817044946,,ODP-TUL-FAL/04,-8.078565,111.9259,,,6,10,0,0,16,REGIONAL 5,KEDIRI,TULUNG AGUNG,TUL,,,2024-03-16 23:24:09,2018-08-16,2018,8,NON TITO,,,JAWA TIMUR,0.625,YELLOW,389504010,AREA 3,JATIM,MALANG,TULUNGAGUNG,,,0,0,0,JAWA TIMUR,TULUNGAGUNG,KEDUNGWARU,PLOSOKANDANG,TULUNG AGUNG
925918735,,ODP-PRI-FA/01,-8.243639,111.705718,,,2,6,0,0,8,REGIONAL 5,KEDIRI,TULUNG AGUNG,PRI,,,2024-03-16 23:23:22,2016-09-19,2016,9,NON TITO,,,JAWA TIMUR,0.75,YELLOW,35686534,AREA 3,JATIM,MADIUN,PONOROGO,,,0,0,0,JAWA TIMUR,TRENGGALEK,WATULIMO,GEMAHARJO,TULUNG AGUNG
1050058644,,ODP-TUL-FM/41,-8.068248,111.917616,,,7,9,0,0,16,REGIONAL 5,KEDIRI,TULUNG AGUNG,TUL,,,2024-03-16 23:27:59,2016-11-11,2016,11,NON TITO,,,JAWA TIMUR,0.5625,YELLOW,38456416,AREA 3,JATIM,MALANG,TULUNGAGUNG,,,0,0,0,JAWA TIMUR,TULUNGAGUNG,TULUNGAGUNG,BAGO,TULUNG AGUNG
922993574,,ODP-CAT-FA/12,-8.16492,111.85508,,,4,4,0,0,8,REGIONAL 5,KEDIRI,TULUNG AGUNG,CAT,,,2024-03-16 23:25:29,2016-09-16,2016,9,NON TITO,,,JAWA TIMUR,0.5,YELLOW,35676109,AREA 3,JATIM,MALANG,TULUNGAGUNG,,,0,0,0,JAWA TIMUR,TULUNGAGUNG,CAMPURDARAT,CAMPURDARAT,TULUNG AGUNG
986144157,,ODP-CAT-FD/07,-8.167283,111.784051,,,8,8,0,0,16,REGIONAL 5,KEDIRI,TULUNG AGUNG,CAT,,,2024-03-16 23:23:35,2016-10-17,2016,10,NON TITO,,,JAWA TIMUR,0.5,YELLOW,36736765,AREA 3,JATIM,MALANG,TULUNGAGUNG,,,0,0,0,JAWA TIMUR,TULUNGAGUNG,BANDUNG,MERGAYU,TULUNG AGUNG
761894813,,ODP-PRI-FB/11,-8.278957,111.715971,,,4,4,0,0,8,REGIONAL 5,KEDIRI,TULUNG AGUNG,PRI,,,2024-03-16 23:27:06,2016-07-27,2016,7,NON TITO,,,JAWA TIMUR,0.5,YELLOW,34216955,AREA 3,JATIM,MADIUN,PONOROGO,,,0,0,0,JAWA TIMUR,TRENGGALEK,WATULIMO,PRIGI,TULUNG AGUNG
922993562,,ODP-CAT-FA/13,-8.166154,111.853696,,,2,6,0,0,8,REGIONAL 5,KEDIRI,TULUNG AGUNG,CAT,,,2024-03-16 23:28:26,2016-09-16,2016,9,NON TITO,,,JAWA TIMUR,0.75,YELLOW,35676053,AREA 3,JATIM,MALANG,TULUNGAGUNG,,,0,0,0,JAWA TIMUR,TULUNGAGUNG,CAMPURDARAT,CAMPURDARAT,TULUNG AGUNG
2889343851,,ODP-TUL-FAG/05,-8.050615,111.970097,,,4,4,0,0,8,REGIONAL 5,KEDIRI,TULUNG AGUNG,TUL,,,2024-03-16 23:29:03,2018-09-08,2018,9,NON TITO,,,JAWA TIMUR,0.5,YELLOW,389855404,AREA 3,JATIM,MALANG,TULUNGAGUNG,,,0,0,0,JAWA TIMUR,TULUNGAGUNG,NGANTRU,PUCUNG LOR,TULUNG AGUNG
987048714,,ODP-CAT-FD/17,-8.197784,111.786577,,,9,7,0,0,16,REGIONAL 5,KEDIRI,TULUNG AGUNG,CAT,,,2024-03-16 23:28:26,2016-10-15,2016,10,NON TITO,,,JAWA TIMUR,0.4375,YELLOW,36666165,AREA 3,JATIM,MALANG,TULUNGAGUNG,,,0,0,0,JAWA TIMUR,TULUNGAGUNG,BESUKI,TANGGULKUNDUNG,TULUNG AGUNG
2826119697,,ODP-TUL-FAL/35,-8.073224,111.90299,,,2,6,0,0,8,REGIONAL 5,KEDIRI,TULUNG AGUNG,TUL,,,2024-03-16 23:24:35,2018-08-17,2018,8,NON TITO,,,JAWA TIMUR,0.75,YELLOW,389328768,AREA 3,JATIM,MALANG,TULUNGAGUNG,,,0,0,0,JAWA TIMUR,TULUNGAGUNG,TULUNGAGUNG,TAMANAN,TULUNG AGUNG
2876220335,,ODP-TUL-FY/22,-8.068735,111.920377,,,6,10,0,0,16,REGIONAL 5,KEDIRI,TULUNG AGUNG,TUL,,,2024-03-16 23:23:36,2018-09-05,2018,9,NON TITO,,,JAWA TIMUR,0.625,YELLOW,390016883,AREA 3,JATIM,MALANG,TULUNGAGUNG,,,0,0,0,JAWA TIMUR,TULUNGAGUNG,KEDUNGWARU,TUNGGULSARI,TULUNG AGUNG
2889344134,,ODP-TUL-FAG/06,-8.043249,111.961363,,,4,4,0,0,8,REGIONAL 5,KEDIRI,TULUNG AGUNG,TUL,,,2024-03-16 23:29:05,2018-09-08,2018,9,NON TITO,,,JAWA TIMUR,0.5,YELLOW,389855576,AREA 3,JATIM,MALANG,TULUNGAGUNG,,,0,0,0,JAWA TIMUR,TULUNGAGUNG,NGANTRU,SRIKATON,TULUNG AGUNG
922993528,,ODP-CAT-FA/17,-8.163569,111.857294,,,4,4,0,0,8,REGIONAL 5,KEDIRI,TULUNG AGUNG,CAT,,,2024-03-16 23:28:31,2016-09-16,2016,9,NON TITO,,,JAWA TIMUR,0.5,YELLOW,35675925,AREA 3,JATIM,MALANG,TULUNGAGUNG,,,0,0,0,JAWA TIMUR,TULUNGAGUNG,CAMPURDARAT,CAMPURDARAT,TULUNG AGUNG
1053345271,,ODP-CAT-FE/02,-8.154075,111.802398,,,4,4,0,0,8,REGIONAL 5,KEDIRI,TULUNG AGUNG,CAT,,,2024-03-16 23:21:03,2016-11-12,2016,11,NON TITO,,,JAWA TIMUR,0.5,YELLOW,38459259,AREA 3,JATIM,MALANG,TULUNGAGUNG,,,0,0,0,JAWA TIMUR,TULUNGAGUNG,PAKEL,GOMBANG,TULUNG AGUNG
914968857,,ODP-TUL-FA/66,-8.055583,111.914133,,,7,9,0,0,16,REGIONAL 5,KEDIRI,TULUNG AGUNG,TUL,,,2024-03-16 23:28:06,2016-09-15,2016,9,NON TITO,,,JAWA TIMUR,0.5625,YELLOW,35673506,AREA 3,JATIM,MALANG,TULUNGAGUNG,,,0,0,0,JAWA TIMUR,TULUNGAGUNG,KEDUNGWARU,KEDUNGWARU,TULUNG AGUNG
1050058924,,ODP-TUL-FD/39,-8.059897,111.906004,,,5,11,0,0,16,REGIONAL 5,KEDIRI,TULUNG AGUNG,TUL,,,2024-03-16 23:27:17,2016-11-11,2016,11,NON TITO,,,JAWA TIMUR,0.6875,YELLOW,38456496,AREA 3,JATIM,MALANG,TULUNGAGUNG,,,0,0,0,JAWA TIMUR,TULUNGAGUNG,TULUNGAGUNG,KAMPUNGDALEM,TULUNG AGUNG
1053345044,,ODP-CAT-FE/09,-8.169049,111.805022,,,2,6,0,0,8,REGIONAL 5,KEDIRI,TULUNG AGUNG,CAT,,,2024-03-16 23:22:39,2016-11-12,2016,11,NON TITO,,,JAWA TIMUR,0.75,YELLOW,38459184,AREA 3,JATIM,MALANG,TULUNGAGUNG,,,0,0,0,JAWA TIMUR,TULUNGAGUNG,PAKEL,SUKOANYAR,TULUNG AGUNG
2817044805,,ODP-TUL-FAL/13,-8.082853,111.907294,,,2,6,0,0,8,REGIONAL 5,KEDIRI,TULUNG AGUNG,TUL,,,2024-03-16 23:23:47,2018-08-16,2018,8,NON TITO,,,JAWA TIMUR,0.75,YELLOW,389503854,AREA 3,JATIM,MALANG,TULUNGAGUNG,,,0,0,0,JAWA TIMUR,TULUNGAGUNG,BOYOLANGU,SERUT,TULUNG AGUNG
987048896,,ODP-CAT-FD/18,-8.192774,111.787248,,,2,6,0,0,8,REGIONAL 5,KEDIRI,TULUNG AGUNG,CAT,,,2024-03-16 23:28:16,2016-10-15,2016,10,NON TITO,,,JAWA TIMUR,0.75,YELLOW,36666274,AREA 3,JATIM,MALANG,TULUNGAGUNG,,,0,0,0,JAWA TIMUR,TULUNGAGUNG,BESUKI,TANGGULKUNDUNG,TULUNG AGUNG
914968893,,ODP-TUL-FA/69,-8.055826,111.90966,,,8,8,0,0,16,REGIONAL 5,KEDIRI,TULUNG AGUNG,TUL,,,2024-03-16 23:28:36,2016-09-15,2016,9,NON TITO,,,JAWA TIMUR,0.5,YELLOW,35673684,AREA 3,JATIM,MALANG,TULUNGAGUNG,,,0,0,0,JAWA TIMUR,TULUNGAGUNG,KEDUNGWARU,KEDUNGWARU,TULUNG AGUNG
2475043592,,ODP-TUL-FAE/47,-7.957924,111.930826,,,3,5,0,0,8,REGIONAL 5,KEDIRI,TULUNG AGUNG,TUL,,,2024-03-16 23:23:10,2018-04-28,2018,4,NON TITO,,,JAWA TIMUR,0.625,YELLOW,353622639,AREA 3,JATIM,MALANG,TULUNGAGUNG,,,0,0,0,JAWA TIMUR,KEDIRI,MOJO,NGADI,TULUNG AGUNG
787996772,,ODP-TUL-FD/29,-8.067024,111.907271,,,4,12,0,0,16,REGIONAL 5,KEDIRI,TULUNG AGUNG,TUL,,,2024-03-16 23:26:54,2016-08-11,2016,8,NON TITO,,,JAWA TIMUR,0.75,YELLOW,34277776,AREA 3,JATIM,MALANG,TULUNGAGUNG,,,0,0,0,JAWA TIMUR,TULUNGAGUNG,TULUNGAGUNG,BAGO,TULUNG AGUNG
2475043682,,ODP-TUL-FAE/60,-7.974109,111.917543,,,3,5,0,0,8,REGIONAL 5,KEDIRI,TULUNG AGUNG,TUL,,,2024-03-16 23:22:23,2018-04-28,2018,4,NON TITO,,,JAWA TIMUR,0.625,YELLOW,353622683,AREA 3,JATIM,MALANG,TULUNGAGUNG,,,0,0,0,JAWA TIMUR,TULUNGAGUNG,KARANGREJO,JELI,TULUNG AGUNG
2826119617,,ODP-TUL-FAL/33,-8.073332,111.898225,,,3,5,0,0,8,REGIONAL 5,KEDIRI,TULUNG AGUNG,TUL,,,2024-03-16 23:24:20,2018-08-17,2018,8,NON TITO,,,JAWA TIMUR,0.625,YELLOW,389328716,AREA 3,JATIM,MALANG,TULUNGAGUNG,,,0,0,0,JAWA TIMUR,TULUNGAGUNG,TULUNGAGUNG,KARANGWARU,TULUNG AGUNG
2817045235,,ODP-TUL-FAL/15,-8.075063,111.906128,,,9,7,0,0,16,REGIONAL 5,KEDIRI,TULUNG AGUNG,TUL,,,2024-03-16 23:24:11,2018-08-16,2018,8,NON TITO,,,JAWA TIMUR,0.4375,YELLOW,389504395,AREA 3,JATIM,MALANG,TULUNGAGUNG,,,0,0,0,JAWA TIMUR,TULUNGAGUNG,TULUNGAGUNG,BAGO,TULUNG AGUNG
1004671921,,ODP-TUL-FAA/06,-7.98093,111.79954,,,3,5,0,0,8,REGIONAL 5,KEDIRI,TULUNG AGUNG,TUL,,,2024-03-16 23:28:59,2016-10-22,2016,10,NON TITO,,,JAWA TIMUR,0.625,YELLOW,36763287,AREA 3,JATIM,MALANG,TULUNGAGUNG,,,0,0,0,JAWA TIMUR,TULUNGAGUNG,PAGER WOJO,SAMAR,TULUNG AGUNG
1053345771,,ODP-TUL-FD/36,-8.057773,111.902535,,,4,4,0,0,8,REGIONAL 5,KEDIRI,TULUNG AGUNG,TUL,,,2024-03-16 23:23:27,2016-11-12,2016,11,NON TITO,,,JAWA TIMUR,0.5,YELLOW,38459413,AREA 3,JATIM,MALANG,TULUNGAGUNG,,,0,0,0,JAWA TIMUR,TULUNGAGUNG,KEDUNGWARU,KEDUNGWARU,TULUNG AGUNG
1039996748,,ODP-TUL-FC/07,-8.048777,111.932565,,,7,9,0,0,16,REGIONAL 5,KEDIRI,TULUNG AGUNG,TUL,,,2024-03-16 23:26:09,2016-11-04,2016,11,NON TITO,,,JAWA TIMUR,0.5625,YELLOW,37419076,AREA 3,JATIM,MALANG,TULUNGAGUNG,,,0,0,0,JAWA TIMUR,TULUNGAGUNG,KEDUNGWARU,BANGOAN,TULUNG AGUNG
987049239,,ODP-CAT-FD/24,-8.173593,111.785238,,,8,8,0,0,16,REGIONAL 5,KEDIRI,TULUNG AGUNG,CAT,,,2024-03-16 23:28:32,2016-10-15,2016,10,NON TITO,,,JAWA TIMUR,0.5,YELLOW,36666479,AREA 3,JATIM,MALANG,TULUNGAGUNG,,,0,0,0,JAWA TIMUR,TULUNGAGUNG,BANDUNG,SUWARU,TULUNG AGUNG
2817045577,,ODP-TUL-FAL/11,-8.079647,111.911061,,,4,4,0,0,8,REGIONAL 5,KEDIRI,TULUNG AGUNG,TUL,,,2024-03-16 23:24:04,2018-08-16,2018,8,NON TITO,,,JAWA TIMUR,0.5,YELLOW,389505033,AREA 3,JATIM,MALANG,TULUNGAGUNG,,,0,0,0,JAWA TIMUR,TULUNGAGUNG,BOYOLANGU,SERUT,TULUNG AGUNG
987049234,,ODP-CAT-FD/32,-8.170996,111.784006,,,3,5,0,0,8,REGIONAL 5,KEDIRI,TULUNG AGUNG,CAT,,,2024-03-16 23:28:38,2016-10-15,2016,10,NON TITO,,,JAWA TIMUR,0.625,YELLOW,36666476,AREA 3,JATIM,MALANG,TULUNGAGUNG,,,0,0,0,JAWA TIMUR,TULUNGAGUNG,BANDUNG,BANDUNG,TULUNG AGUNG
990043763,,ODP-CAT-FD/10,-8.1677,111.78279,,,4,4,0,0,8,REGIONAL 5,KEDIRI,TULUNG AGUNG,CAT,,,2024-03-16 23:24:17,2016-10-17,2016,10,NON TITO,,,JAWA TIMUR,0.5,YELLOW,36737058,AREA 3,JATIM,MALANG,TULUNGAGUNG,,,0,0,0,JAWA TIMUR,TULUNGAGUNG,BANDUNG,MERGAYU,TULUNG AGUNG
770219238,,ODP-TUL-FU/10,-8.124967,111.893456,,,8,8,0,0,16,REGIONAL 5,KEDIRI,TULUNG AGUNG,TUL,,,2024-03-16 23:27:50,2016-07-28,2016,7,NON TITO,,,JAWA TIMUR,0.5,YELLOW,34220205,AREA 3,JATIM,MALANG,TULUNGAGUNG,,,0,0,0,JAWA TIMUR,TULUNGAGUNG,BOYOLANGU,BOYOLANGU,TULUNG AGUNG
2475043812,,ODP-TUL-FAE/45,-8.001169,111.912393,,,5,11,0,0,16,REGIONAL 5,KEDIRI,TULUNG AGUNG,TUL,,,2024-03-16 23:23:25,2018-04-28,2018,4,NON TITO,,,JAWA TIMUR,0.6875,YELLOW,353622748,AREA 3,JATIM,MALANG,TULUNGAGUNG,,,0,0,0,JAWA TIMUR,TULUNGAGUNG,KARANGREJO,KARANGREJO,TULUNG AGUNG
842145775,,ODP-TUL-FD/32,-8.062732,111.904345,,,4,12,0,0,16,REGIONAL 5,KEDIRI,TULUNG AGUNG,TUL,,,2024-03-16 23:23:04,2016-08-30,2016,8,NON TITO,,,JAWA TIMUR,0.75,YELLOW,34782737,AREA 3,JATIM,MALANG,TULUNGAGUNG,,,0,0,0,JAWA TIMUR,TULUNGAGUNG,TULUNGAGUNG,KAMPUNGDALEM,TULUNG AGUNG
2475043792,,ODP-TUL-FAE/64,-7.98449,111.916731,,,2,6,0,0,8,REGIONAL 5,KEDIRI,TULUNG AGUNG,TUL,,,2024-03-16 23:23:27,2018-04-28,2018,4,NON TITO,,,JAWA TIMUR,0.75,YELLOW,353622739,AREA 3,JATIM,MALANG,TULUNGAGUNG,,,0,0,0,JAWA TIMUR,TULUNGAGUNG,KARANGREJO,JELI,TULUNG AGUNG
1039997270,,ODP-TUL-FA/71,-8.058928,111.916058,,,8,8,0,0,16,REGIONAL 5,KEDIRI,TULUNG AGUNG,TUL,,,2024-03-16 23:26:29,2016-11-04,2016,11,NON TITO,,,JAWA TIMUR,0.5,YELLOW,37419244,AREA 3,JATIM,MALANG,TULUNGAGUNG,,,0,0,0,JAWA TIMUR,TULUNGAGUNG,KEDUNGWARU,KEDUNGWARU,TULUNG AGUNG
2886493809,,ODP-TUL-FU/45,-8.122256,111.896999,,,2,6,0,0,8,REGIONAL 5,KEDIRI,TULUNG AGUNG,TUL,,,2024-03-16 23:27:49,2018-09-07,2018,9,NON TITO,,,JAWA TIMUR,0.75,YELLOW,389849064,AREA 3,JATIM,MALANG,TULUNGAGUNG,,,0,0,0,JAWA TIMUR,TULUNGAGUNG,BOYOLANGU,BOYOLANGU,TULUNG AGUNG
914668573,,ODP-TRE-FG/05,-8.056358,111.737152,,,3,5,0,0,8,REGIONAL 5,KEDIRI,TULUNG AGUNG,TRE,,,2024-03-16 23:26:41,2016-09-15,2016,9,NON TITO,,,JAWA TIMUR,0.625,YELLOW,35740882,AREA 3,JATIM,MADIUN,PONOROGO,,,0,0,0,JAWA TIMUR,TRENGGALEK,POGALAN,POGALAN,TULUNG AGUNG
987049043,,ODP-CAT-FD/27,-8.171585,111.769752,,,4,4,0,0,8,REGIONAL 5,KEDIRI,TULUNG AGUNG,CAT,,,2024-03-16 23:21:09,2016-10-15,2016,10,NON TITO,,,JAWA TIMUR,0.5,YELLOW,36666363,AREA 3,JATIM,MALANG,TULUNGAGUNG,,,0,0,0,JAWA TIMUR,TULUNGAGUNG,BANDUNG,KEDUNGWILUT,TULUNG AGUNG
2826119297,,ODP-TUL-FAL/32,-8.071926,111.897874,,,7,9,0,0,16,REGIONAL 5,KEDIRI,TULUNG AGUNG,TUL,,,2024-03-16 23:24:47,2018-08-17,2018,8,NON TITO,,,JAWA TIMUR,0.5625,YELLOW,389328548,AREA 3,JATIM,MALANG,TULUNGAGUNG,,,0,0,0,JAWA TIMUR,TULUNGAGUNG,TULUNGAGUNG,KARANGWARU,TULUNG AGUNG
987048709,,ODP-CAT-FD/34,-8.170859,111.787128,,,5,11,0,0,16,REGIONAL 5,KEDIRI,TULUNG AGUNG,CAT,,,2024-03-16 23:28:27,2016-10-15,2016,10,NON TITO,,,JAWA TIMUR,0.6875,YELLOW,36666162,AREA 3,JATIM,MALANG,TULUNGAGUNG,,,0,0,0,JAWA TIMUR,TULUNGAGUNG,BANDUNG,BANDUNG,TULUNG AGUNG
1045547717,,ODP-TUL-FU/14,-8.118604,111.914745,,,9,7,0,0,16,REGIONAL 5,KEDIRI,TULUNG AGUNG,TUL,,,2024-03-16 23:22:44,2016-11-08,2016,11,NON TITO,,,JAWA TIMUR,0.4375,YELLOW,37432916,AREA 3,JATIM,MALANG,TULUNGAGUNG,,,0,0,0,JAWA TIMUR,TULUNGAGUNG,BOYOLANGU,SANGGRAHAN,TULUNG AGUNG
2475043552,,ODP-TUL-FAE/32,-7.980353,111.901657,,,2,6,0,0,8,REGIONAL 5,KEDIRI,TULUNG AGUNG,TUL,,,2024-03-16 23:23:22,2018-04-28,2018,4,NON TITO,,,JAWA TIMUR,0.75,YELLOW,353622620,AREA 3,JATIM,MALANG,TULUNGAGUNG,,,0,0,0,JAWA TIMUR,TULUNGAGUNG,KARANGREJO,SUKOREJO,TULUNG AGUNG
2826119527,,ODP-TUL-FAL/27,-8.067348,111.898465,,,4,12,0,0,16,REGIONAL 5,KEDIRI,TULUNG AGUNG,TUL,,,2024-03-16 23:24:17,2018-08-17,2018,8,NON TITO,,,JAWA TIMUR,0.75,YELLOW,389328682,AREA 3,JATIM,MALANG,TULUNGAGUNG,,,0,0,0,JAWA TIMUR,TULUNGAGUNG,TULUNGAGUNG,KARANGWARU,TULUNG AGUNG
2475043562,,ODP-TUL-FAE/51,-7.964112,111.924604,,,3,5,0,0,8,REGIONAL 5,KEDIRI,TULUNG AGUNG,TUL,,,2024-03-16 23:23:21,2018-04-28,2018,4,NON TITO,,,JAWA TIMUR,0.625,YELLOW,353622625,AREA 3,JATIM,MALANG,TULUNGAGUNG,,,0,0,0,JAWA TIMUR,TULUNGAGUNG,KARANGREJO,JELI,TULUNG AGUNG
2886494082,,ODP-TUL-FU/44,-8.122173,111.902074,,,3,5,0,0,8,REGIONAL 5,KEDIRI,TULUNG AGUNG,TUL,,,2024-03-16 23:28:53,2018-09-07,2018,9,NON TITO,,,JAWA TIMUR,0.625,YELLOW,389849345,AREA 3,JATIM,MALANG,TULUNGAGUNG,,,0,0,0,JAWA TIMUR,TULUNGAGUNG,BOYOLANGU,PUCUNG KIDUL,TULUNG AGUNG
2880793707,,ODP-TUL-FH/72,-8.031235,111.917484,,,2,6,0,0,8,REGIONAL 5,KEDIRI,TULUNG AGUNG,TUL,,,2024-03-16 23:28:33,2018-09-06,2018,9,NON TITO,,,JAWA TIMUR,0.75,YELLOW,390021506,AREA 3,JATIM,MALANG,TULUNGAGUNG,,,0,0,0,JAWA TIMUR,TULUNGAGUNG,KEDUNGWARU,NGUJANG,TULUNG AGUNG
987049038,,ODP-CAT-FD/14,-8.207233,111.784122,,,5,11,0,0,16,REGIONAL 5,KEDIRI,TULUNG AGUNG,CAT,,,2024-03-16 23:28:24,2016-10-15,2016,10,NON TITO,,,JAWA TIMUR,0.6875,YELLOW,36666360,AREA 3,JATIM,MALANG,TULUNGAGUNG,,,0,0,0,JAWA TIMUR,TULUNGAGUNG,BESUKI,TANGGULWELAHAN,TULUNG AGUNG
2880793702,,ODP-TUL-FH/70,-8.041416,111.912016,,,5,11,0,0,16,REGIONAL 5,KEDIRI,TULUNG AGUNG,TUL,,,2024-03-16 23:28:00,2018-09-06,2018,9,NON TITO,,,JAWA TIMUR,0.6875,YELLOW,390021503,AREA 3,JATIM,MALANG,TULUNGAGUNG,,,0,0,0,JAWA TIMUR,TULUNGAGUNG,KEDUNGWARU,REJOAGUNG,TULUNG AGUNG
914668555,,ODP-TRE-FG/04,-8.060738,111.736455,,,8,8,0,0,16,REGIONAL 5,KEDIRI,TULUNG AGUNG,TRE,,,2024-03-16 23:26:41,2016-09-15,2016,9,NON TITO,,,JAWA TIMUR,0.5,YELLOW,35740853,AREA 3,JATIM,MADIUN,PONOROGO,,,0,0,0,JAWA TIMUR,TRENGGALEK,POGALAN,POGALAN,TULUNG AGUNG
990043697,,ODP-CAT-FD/12,-8.169045,111.783563,,,9,7,0,0,16,REGIONAL 5,KEDIRI,TULUNG AGUNG,CAT,,,2024-03-16 23:23:47,2016-10-17,2016,10,NON TITO,,,JAWA TIMUR,0.4375,YELLOW,36736851,AREA 3,JATIM,MALANG,TULUNGAGUNG,,,0,0,0,JAWA TIMUR,TULUNGAGUNG,BANDUNG,MERGAYU,TULUNG AGUNG
914668585,,ODP-TRE-FG/06,-8.054804,111.737461,,,5,11,0,0,16,REGIONAL 5,KEDIRI,TULUNG AGUNG,TRE,,,2024-03-16 23:26:47,2016-09-15,2016,9,NON TITO,,,JAWA TIMUR,0.6875,YELLOW,35740895,AREA 3,JATIM,MADIUN,PONOROGO,,,0,0,0,JAWA TIMUR,TRENGGALEK,TRENGGALEK,REJOWINANGUN,TULUNG AGUNG
987269159,,ODP-CAT-FD/02,-8.15155,111.78868,,,4,4,0,0,8,REGIONAL 5,KEDIRI,TULUNG AGUNG,CAT,,,2024-03-16 23:25:47,2016-10-14,2016,10,NON TITO,,,JAWA TIMUR,0.5,YELLOW,36663851,AREA 3,JATIM,MALANG,TULUNGAGUNG,,,0,0,0,JAWA TIMUR,TULUNGAGUNG,BANDUNG,SURUHAN LOR,TULUNG AGUNG
2509318972,,ODP-TUL-FZ/55,-8.073133,111.902507,,,5,11,0,0,16,REGIONAL 5,KEDIRI,TULUNG AGUNG,TUL,,,2024-03-16 23:27:57,2018-05-14,2018,5,NON TITO,,,JAWA TIMUR,0.6875,YELLOW,354206730,AREA 3,JATIM,MALANG,TULUNGAGUNG,,,0,0,0,JAWA TIMUR,TULUNGAGUNG,TULUNGAGUNG,TAMANAN,TULUNG AGUNG
1018704469,,ODP-TUL-FL/42,-8.064783,111.909086,,,9,7,0,0,16,REGIONAL 5,KEDIRI,TULUNG AGUNG,TUL,,,2024-03-16 23:24:36,2016-10-28,2016,10,NON TITO,,,JAWA TIMUR,0.4375,YELLOW,37174874,AREA 3,JATIM,MALANG,TULUNGAGUNG,,,0,0,0,JAWA TIMUR,TULUNGAGUNG,TULUNGAGUNG,BAGO,TULUNG AGUNG
781468947,,ODP-TRE-FL/13,-8.071551,111.662934,,,4,4,0,0,8,REGIONAL 5,KEDIRI,TULUNG AGUNG,TRE,,,2024-03-16 23:23:54,2016-08-03,2016,8,NON TITO,,,JAWA TIMUR,0.5,YELLOW,34240429,AREA 3,JATIM,MADIUN,PONOROGO,,,0,0,0,JAWA TIMUR,TRENGGALEK,KARANGAN,KARANGAN,TULUNG AGUNG
2857544669,,ODP-TUL-FAC/33,-8.078419,111.848738,,,4,4,0,0,8,REGIONAL 5,KEDIRI,TULUNG AGUNG,TUL,,,2024-03-16 23:29:06,2018-08-29,2018,8,NON TITO,,,JAWA TIMUR,0.5,YELLOW,389605679,AREA 3,JATIM,MALANG,TULUNGAGUNG,,,0,0,0,JAWA TIMUR,TULUNGAGUNG,GONDANG,GONDANG,TULUNG AGUNG
787695186,,ODP-TUL-FZ/08,-8.080331,111.903071,,,2,6,0,0,8,REGIONAL 5,KEDIRI,TULUNG AGUNG,TUL,,,2024-03-16 23:25:39,2016-08-08,2016,8,NON TITO,,,JAWA TIMUR,0.75,YELLOW,34109034,AREA 3,JATIM,MALANG,TULUNGAGUNG,,,0,0,0,JAWA TIMUR,TULUNGAGUNG,BOYOLANGU,SERUT,TULUNG AGUNG
2857469214,,ODP-TUL-FAC/35,-8.076349,111.848963,,,2,6,0,0,8,REGIONAL 5,KEDIRI,TULUNG AGUNG,TUL,,,2024-03-16 23:26:56,2018-08-29,2018,8,NON TITO,,,JAWA TIMUR,0.75,YELLOW,389605484,AREA 3,JATIM,MALANG,TULUNGAGUNG,,,0,0,0,JAWA TIMUR,TULUNGAGUNG,GONDANG,KIPING,TULUNG AGUNG
1007005819,,ODP-PRI-FB/16,-8.270013,111.716294,,,7,9,0,0,16,REGIONAL 5,KEDIRI,TULUNG AGUNG,PRI,,,2024-03-16 23:23:46,2016-10-26,2016,10,NON TITO,,,JAWA TIMUR,0.5625,YELLOW,36785240,AREA 3,JATIM,MADIUN,PONOROGO,,,0,0,0,JAWA TIMUR,TRENGGALEK,WATULIMO,PRIGI,TULUNG AGUNG
2826119362,,ODP-TUL-FAL/30,-8.070442,111.896087,,,4,4,0,0,8,REGIONAL 5,KEDIRI,TULUNG AGUNG,TUL,,,2024-03-16 23:24:36,2018-08-17,2018,8,NON TITO,,,JAWA TIMUR,0.5,YELLOW,389514216,AREA 3,JATIM,MALANG,TULUNGAGUNG,,,0,0,0,JAWA TIMUR,TULUNGAGUNG,TULUNGAGUNG,KARANGWARU,TULUNG AGUNG
2857469204,,ODP-TUL-FQ/36,-8.061057,111.900099,,,6,10,0,0,16,REGIONAL 5,KEDIRI,TULUNG AGUNG,TUL,,,2024-03-16 23:26:28,2018-08-29,2018,8,NON TITO,,,JAWA TIMUR,0.625,YELLOW,389605473,AREA 3,JATIM,MALANG,TULUNGAGUNG,,,0,0,0,JAWA TIMUR,TULUNGAGUNG,TULUNGAGUNG,KAMPUNGDALEM,TULUNG AGUNG
2768294012,,ODP-NGU-FA/52,-8.10266,111.96299,,,2,6,0,0,8,REGIONAL 5,KEDIRI,TULUNG AGUNG,NGU,,,2024-03-16 23:26:33,2018-08-03,2018,8,NON TITO,,,JAWA TIMUR,0.75,YELLOW,388446140,AREA 3,JATIM,MALANG,TULUNGAGUNG,,,0,0,0,JAWA TIMUR,TULUNGAGUNG,SUMBERGEMPOL,BENDILJATI KULON,TULUNG AGUNG
2857543870,,ODP-TUL-FAC/30,-8.083501,111.84882,,,3,5,0,0,8,REGIONAL 5,KEDIRI,TULUNG AGUNG,TUL,,,2024-03-16 23:28:57,2018-08-29,2018,8,NON TITO,,,JAWA TIMUR,0.625,YELLOW,389605198,AREA 3,JATIM,MALANG,TULUNGAGUNG,,,0,0,0,JAWA TIMUR,TULUNGAGUNG,GONDANG,KIPING,TULUNG AGUNG
1004144353,,ODP-CAT-FF/12,-8.161389,111.825649,,,3,5,0,0,8,REGIONAL 5,KEDIRI,TULUNG AGUNG,CAT,,,2024-03-16 23:28:07,2016-10-24,2016,10,NON TITO,,,JAWA TIMUR,0.625,YELLOW,36821481,AREA 3,JATIM,MALANG,TULUNGAGUNG,,,0,0,0,JAWA TIMUR,TULUNGAGUNG,PAKEL,SODO,TULUNG AGUNG
2857543858,,ODP-TUL-FAC/36,-8.077723,111.846548,,,3,5,0,0,8,REGIONAL 5,KEDIRI,TULUNG AGUNG,TUL,,,2024-03-16 23:28:05,2018-08-29,2018,8,NON TITO,,,JAWA TIMUR,0.625,YELLOW,389605190,AREA 3,JATIM,MALANG,TULUNGAGUNG,,,0,0,0,JAWA TIMUR,TULUNGAGUNG,GONDANG,GONDANG,TULUNG AGUNG
2736119197,,ODP-KWR-FA/54,-8.170238,111.997021,,,4,4,0,0,8,REGIONAL 5,KEDIRI,TULUNG AGUNG,KWR,,,2024-03-16 23:23:24,2018-07-27,2018,7,NON TITO,,,JAWA TIMUR,0.5,YELLOW,368151491,AREA 3,JATIM,MALANG,TULUNGAGUNG,,,0,0,0,JAWA TIMUR,TULUNGAGUNG,KALIDAWIR,NGUBALAN,TULUNG AGUNG
1004144342,,ODP-CAT-FF/11,-8.157577,111.825382,,,6,10,0,0,16,REGIONAL 5,KEDIRI,TULUNG AGUNG,CAT,,,2024-03-16 23:28:29,2016-10-24,2016,10,NON TITO,,,JAWA TIMUR,0.625,YELLOW,36821440,AREA 3,JATIM,MALANG,TULUNGAGUNG,,,0,0,0,JAWA TIMUR,TULUNGAGUNG,PAKEL,SODO,TULUNG AGUNG
2826119690,,ODP-TUL-FAL/28,-8.068619,111.899942,,,6,10,0,0,16,REGIONAL 5,KEDIRI,TULUNG AGUNG,TUL,,,2024-03-16 23:24:37,2018-08-17,2018,8,NON TITO,,,JAWA TIMUR,0.625,YELLOW,389514380,AREA 3,JATIM,MALANG,TULUNGAGUNG,,,0,0,0,JAWA TIMUR,TULUNGAGUNG,TULUNGAGUNG,KARANGWARU,TULUNG AGUNG
781468975,,ODP-TRE-FL/14,-8.074842,111.662555,,,3,5,0,0,8,REGIONAL 5,KEDIRI,TULUNG AGUNG,TRE,,,2024-03-16 23:24:18,2016-08-03,2016,8,NON TITO,,,JAWA TIMUR,0.625,YELLOW,34240499,AREA 3,JATIM,MADIUN,PONOROGO,,,0,0,0,JAWA TIMUR,TRENGGALEK,KARANGAN,KARANGAN,TULUNG AGUNG
2857543848,,ODP-TUL-FAC/29,-8.085812,111.84835,,,3,5,0,0,8,REGIONAL 5,KEDIRI,TULUNG AGUNG,TUL,,,2024-03-16 23:28:54,2018-08-29,2018,8,NON TITO,,,JAWA TIMUR,0.625,YELLOW,389605181,AREA 3,JATIM,MALANG,TULUNGAGUNG,,,0,0,0,JAWA TIMUR,TULUNGAGUNG,GONDANG,SEPATAN,TULUNG AGUNG
2857768955,,ODP-TUL-FQ/46,-8.061762,111.909021,,,7,9,0,0,16,REGIONAL 5,KEDIRI,TULUNG AGUNG,TUL,,,2024-03-16 23:26:54,2018-08-29,2018,8,NON TITO,,,JAWA TIMUR,0.5625,YELLOW,389609558,AREA 3,JATIM,MALANG,TULUNGAGUNG,,,0,0,0,JAWA TIMUR,TULUNGAGUNG,TULUNGAGUNG,KAMPUNGDALEM,TULUNG AGUNG
2514869874,,ODP-TUL-FX/19,-8.063896,111.872122,,,2,6,0,0,8,REGIONAL 5,KEDIRI,TULUNG AGUNG,TUL,,,2024-03-16 23:24:03,2018-05-21,2018,5,NON TITO,,,JAWA TIMUR,0.75,YELLOW,354279961,AREA 3,JATIM,MALANG,TULUNGAGUNG,,,0,0,0,JAWA TIMUR,TULUNGAGUNG,KAUMAN,BALEREJO,TULUNG AGUNG
780719165,,ODP-TUL-FT/24,-8.048148,111.909344,,,7,9,0,0,16,REGIONAL 5,KEDIRI,TULUNG AGUNG,TUL,,,2024-03-16 23:25:20,2016-08-03,2016,8,NON TITO,,,JAWA TIMUR,0.5625,YELLOW,34241509,AREA 3,JATIM,MALANG,TULUNGAGUNG,,,0,0,0,JAWA TIMUR,TULUNGAGUNG,KEDUNGWARU,REJOAGUNG,TULUNG AGUNG
2857769052,,ODP-TUL-FN/65,-8.072087,111.894069,,,4,12,0,0,16,REGIONAL 5,KEDIRI,TULUNG AGUNG,TUL,,,2024-03-16 23:28:13,2018-08-29,2018,8,NON TITO,,,JAWA TIMUR,0.75,YELLOW,389609680,AREA 3,JATIM,MALANG,TULUNGAGUNG,,,0,0,0,JAWA TIMUR,TULUNGAGUNG,TULUNGAGUNG,TERTEK,TULUNG AGUNG
2514868960,,ODP-TUL-FX/21,-8.061144,111.872866,,,2,6,0,0,8,REGIONAL 5,KEDIRI,TULUNG AGUNG,TUL,,,2024-03-16 23:22:42,2018-05-21,2018,5,NON TITO,,,JAWA TIMUR,0.75,YELLOW,354278978,AREA 3,JATIM,MALANG,TULUNGAGUNG,,,0,0,0,JAWA TIMUR,TULUNGAGUNG,KAUMAN,BALEREJO,TULUNG AGUNG
2514868969,,ODP-TUL-FX/26,-8.059115,111.860205,,,3,5,0,0,8,REGIONAL 5,KEDIRI,TULUNG AGUNG,TUL,,,2024-03-16 23:22:58,2018-05-21,2018,5,NON TITO,,,JAWA TIMUR,0.625,YELLOW,354278983,AREA 3,JATIM,MALANG,TULUNGAGUNG,,,0,0,0,JAWA TIMUR,TULUNGAGUNG,KAUMAN,BOLOREJO,TULUNG AGUNG
987269897,,ODP-CAT-FD/05,-8.16242,111.78551,,,4,4,0,0,8,REGIONAL 5,KEDIRI,TULUNG AGUNG,CAT,,,2024-03-16 23:26:25,2016-10-17,2016,10,NON TITO,,,JAWA TIMUR,0.5,YELLOW,36671572,AREA 3,JATIM,MALANG,TULUNGAGUNG,,,0,0,0,JAWA TIMUR,TULUNGAGUNG,BANDUNG,SURUHAN KIDUL,TULUNG AGUNG
787843714,,ODP-TUL-FZ/14,-8.078492,111.896819,,,3,5,0,0,8,REGIONAL 5,KEDIRI,TULUNG AGUNG,TUL,,,2024-03-16 23:22:20,2016-08-04,2016,8,NON TITO,,,JAWA TIMUR,0.625,YELLOW,34097153,AREA 3,JATIM,MALANG,TULUNGAGUNG,,,0,0,0,JAWA TIMUR,TULUNGAGUNG,TULUNGAGUNG,KARANGWARU,TULUNG AGUNG
781544386,,ODP-TRE-FL/21,-8.082917,111.659428,,,2,6,0,0,8,REGIONAL 5,KEDIRI,TULUNG AGUNG,TRE,,,2024-03-16 23:27:06,2016-08-03,2016,8,NON TITO,,,JAWA TIMUR,0.75,YELLOW,34240893,AREA 3,JATIM,MADIUN,PONOROGO,,,0,0,0,JAWA TIMUR,TRENGGALEK,KARANGAN,KARANGAN,TULUNG AGUNG
781543781,,ODP-TUL-FZ/10,-8.074122,111.902128,,,8,8,0,0,16,REGIONAL 5,KEDIRI,TULUNG AGUNG,TUL,,,2024-03-16 23:26:54,2016-08-02,2016,8,NON TITO,,,JAWA TIMUR,0.5,YELLOW,34238606,AREA 3,JATIM,MALANG,TULUNGAGUNG,,,0,0,0,JAWA TIMUR,TULUNGAGUNG,TULUNGAGUNG,TAMANAN,TULUNG AGUNG
2514869279,,ODP-TUL-FX/23,-8.058531,111.872261,,,2,6,0,0,8,REGIONAL 5,KEDIRI,TULUNG AGUNG,TUL,,,2024-03-16 23:23:54,2018-05-21,2018,5,NON TITO,,,JAWA TIMUR,0.75,YELLOW,354279465,AREA 3,JATIM,MALANG,TULUNGAGUNG,,,0,0,0,JAWA TIMUR,TULUNGAGUNG,KAUMAN,BALEREJO,TULUNG AGUNG
781544376,,ODP-TRE-FL/20,-8.08355,111.657856,,,2,6,0,0,8,REGIONAL 5,KEDIRI,TULUNG AGUNG,TRE,,,2024-03-16 23:27:16,2016-08-03,2016,8,NON TITO,,,JAWA TIMUR,0.75,YELLOW,34240865,AREA 3,JATIM,MADIUN,PONOROGO,,,0,0,0,JAWA TIMUR,TRENGGALEK,KARANGAN,KARANGAN,TULUNG AGUNG
2785019303,,ODP-TUL-FA/79,-8.047998,111.9197,,,6,10,0,0,16,REGIONAL 5,KEDIRI,TULUNG AGUNG,TUL,,,2024-03-16 23:23:51,2018-08-10,2018,8,NON TITO,,,JAWA TIMUR,0.625,YELLOW,389291688,AREA 3,JATIM,MALANG,TULUNGAGUNG,,,0,0,0,JAWA TIMUR,TULUNGAGUNG,KEDUNGWARU,REJOAGUNG,TULUNG AGUNG
2514869704,,ODP-TUL-FX/24,-8.056796,111.870185,,,4,4,0,0,8,REGIONAL 5,KEDIRI,TULUNG AGUNG,TUL,,,2024-03-16 23:23:47,2018-05-21,2018,5,NON TITO,,,JAWA TIMUR,0.5,YELLOW,354279844,AREA 3,JATIM,MALANG,TULUNGAGUNG,,,0,0,0,JAWA TIMUR,TULUNGAGUNG,KAUMAN,KAUMAN,TULUNG AGUNG
781843864,,ODP-NGU-FA/42,-8.1066,112.022362,,,4,12,0,0,16,REGIONAL 5,KEDIRI,TULUNG AGUNG,NGU,,,2024-03-16 23:27:41,2016-08-03,2016,8,NON TITO,,,JAWA TIMUR,0.75,YELLOW,34238792,AREA 3,JATIM,MALANG,TULUNGAGUNG,,,0,0,0,JAWA TIMUR,TULUNGAGUNG,NGUNUT,GILANG,TULUNG AGUNG
2785019298,,ODP-TUL-FA/83,-8.05568,111.91346,,,9,7,0,0,16,REGIONAL 5,KEDIRI,TULUNG AGUNG,TUL,,,2024-03-16 23:24:15,2018-08-10,2018,8,NON TITO,,,JAWA TIMUR,0.4375,YELLOW,389291684,AREA 3,JATIM,MALANG,TULUNGAGUNG,,,0,0,0,JAWA TIMUR,TULUNGAGUNG,KEDUNGWARU,KEDUNGWARU,TULUNG AGUNG
2514869864,,ODP-TUL-FX/25,-8.058491,111.857562,,,7,9,0,0,16,REGIONAL 5,KEDIRI,TULUNG AGUNG,TUL,,,2024-03-16 23:23:50,2018-05-21,2018,5,NON TITO,,,JAWA TIMUR,0.5625,YELLOW,354279956,AREA 3,JATIM,MALANG,TULUNGAGUNG,,,0,0,0,JAWA TIMUR,TULUNGAGUNG,KAUMAN,BOLOREJO,TULUNG AGUNG
2537299585,,ODP-CAT-FB/34,-8.226194,111.815901,,,2,6,0,0,8,REGIONAL 5,KEDIRI,TULUNG AGUNG,CAT,,,2024-03-16 23:23:28,2018-05-24,2018,5,NON TITO,,,JAWA TIMUR,0.75,YELLOW,354300196,AREA 3,JATIM,MALANG,TULUNGAGUNG,,,0,0,0,JAWA TIMUR,TULUNGAGUNG,CAMPURDARAT,NGENTRONG,TULUNG AGUNG
787843710,,ODP-TUL-FZ/12,-8.081367,111.9008,,,6,10,0,0,16,REGIONAL 5,KEDIRI,TULUNG AGUNG,TUL,,,2024-03-16 23:21:49,2016-08-04,2016,8,NON TITO,,,JAWA TIMUR,0.625,YELLOW,34097151,AREA 3,JATIM,MALANG,TULUNGAGUNG,,,0,0,0,JAWA TIMUR,TULUNGAGUNG,TULUNGAGUNG,TAMANAN,TULUNG AGUNG
784468618,,ODP-TRE-FL/08,-8.082183,111.661406,,,3,5,0,0,8,REGIONAL 5,KEDIRI,TULUNG AGUNG,TRE,,,2024-03-16 23:29:18,2016-08-03,2016,8,NON TITO,,,JAWA TIMUR,0.625,YELLOW,34239875,AREA 3,JATIM,MADIUN,PONOROGO,,,0,0,0,JAWA TIMUR,TRENGGALEK,KARANGAN,KARANGAN,TULUNG AGUNG
2736119128,,ODP-KWR-FA/51,-8.165326,112.002526,,,4,4,0,0,8,REGIONAL 5,KEDIRI,TULUNG AGUNG,KWR,,,2024-03-16 23:23:11,2018-07-27,2018,7,NON TITO,,,JAWA TIMUR,0.5,YELLOW,368151450,AREA 3,JATIM,MALANG,TULUNGAGUNG,,,0,0,0,JAWA TIMUR,TULUNGAGUNG,KALIDAWIR,NGUBALAN,TULUNG AGUNG
2838944374,,ODP-KWR-FB/12,-8.187693,112.019808,,,3,5,0,0,8,REGIONAL 5,KEDIRI,TULUNG AGUNG,KWR,,,2024-03-16 23:29:18,2018-08-24,2018,8,NON TITO,,,JAWA TIMUR,0.625,YELLOW,389542044,AREA 3,JATIM,MALANG,TULUNGAGUNG,,,0,0,0,JAWA TIMUR,TULUNGAGUNG,PUCANGLABAN,DEMUK,TULUNG AGUNG
2667795369,,ODP-TRE-FQ/10,-8.249236,111.447495,,,5,11,0,0,16,REGIONAL 5,KEDIRI,TULUNG AGUNG,TRE,,,2024-03-16 23:28:59,2018-07-10,2018,7,NON TITO,,,JAWA TIMUR,0.6875,YELLOW,361999425,AREA 3,JATIM,MADIUN,PONOROGO,,,0,0,0,JAWA TIMUR,TRENGGALEK,PANGGUL,PANGGUL,TULUNG AGUNG
780118958,,ODP-TUL-FV/19,-8.070506,111.89219,,,4,12,0,0,16,REGIONAL 5,KEDIRI,TULUNG AGUNG,TUL,,,2024-03-16 23:22:30,2016-08-03,2016,8,NON TITO,,,JAWA TIMUR,0.75,YELLOW,34239122,AREA 3,JATIM,MALANG,TULUNGAGUNG,,,0,0,0,JAWA TIMUR,TULUNGAGUNG,TULUNGAGUNG,TERTEK,TULUNG AGUNG
2838944310,,ODP-KWR-FB/08,-8.204294,112.032361,,,4,4,0,0,8,REGIONAL 5,KEDIRI,TULUNG AGUNG,KWR,,,2024-03-16 23:29:08,2018-08-24,2018,8,NON TITO,,,JAWA TIMUR,0.5,YELLOW,389542006,AREA 3,JATIM,MALANG,TULUNGAGUNG,,,0,0,0,JAWA TIMUR,BLITAR,KADEMANGAN,PANGGUNGDUWET,TULUNG AGUNG
780118911,,ODP-TUL-FV/15,-8.078198,111.891124,,,2,6,0,0,8,REGIONAL 5,KEDIRI,TULUNG AGUNG,TUL,,,2024-03-16 23:23:02,2016-08-03,2016,8,NON TITO,,,JAWA TIMUR,0.75,YELLOW,34238979,AREA 3,JATIM,MALANG,TULUNGAGUNG,,,0,0,0,JAWA TIMUR,TULUNGAGUNG,BOYOLANGU,GEDANGSEWU,TULUNG AGUNG
780118874,,ODP-TUL-FV/11,-8.08327,111.890647,,,7,9,0,0,16,REGIONAL 5,KEDIRI,TULUNG AGUNG,TUL,,,2024-03-16 23:22:20,2016-08-03,2016,8,NON TITO,,,JAWA TIMUR,0.5625,YELLOW,34238873,AREA 3,JATIM,MALANG,TULUNGAGUNG,,,0,0,0,JAWA TIMUR,TULUNGAGUNG,BOYOLANGU,WAUNG,TULUNG AGUNG
1007006270,,ODP-PRI-FB/22,-8.278137,111.715909,,,2,6,0,0,8,REGIONAL 5,KEDIRI,TULUNG AGUNG,PRI,,,2024-03-16 23:23:58,2016-10-26,2016,10,NON TITO,,,JAWA TIMUR,0.75,YELLOW,36785507,AREA 3,JATIM,MADIUN,PONOROGO,,,0,0,0,JAWA TIMUR,TRENGGALEK,WATULIMO,PRIGI,TULUNG AGUNG
781843876,,ODP-NGU-FA/48,-8.110853,112.016376,,,7,9,0,0,16,REGIONAL 5,KEDIRI,TULUNG AGUNG,NGU,,,2024-03-16 23:28:30,2016-08-03,2016,8,NON TITO,,,JAWA TIMUR,0.5625,YELLOW,34238798,AREA 3,JATIM,MALANG,TULUNGAGUNG,,,0,0,0,JAWA TIMUR,TULUNGAGUNG,NGUNUT,NGUNUT,TULUNG AGUNG
1002719010,,ODP-CAT-FF/03,-8.13618,111.83599,,,3,5,0,0,8,REGIONAL 5,KEDIRI,TULUNG AGUNG,CAT,,,2024-03-16 23:24:01,2016-10-24,2016,10,NON TITO,,,JAWA TIMUR,0.625,YELLOW,36820135,AREA 3,JATIM,MALANG,TULUNGAGUNG,,,0,0,0,JAWA TIMUR,TULUNGAGUNG,PAKEL,BANGUNJAYA,TULUNG AGUNG
1004671756,,ODP-TUL-FAA/08,-7.983926,111.801679,,,2,6,0,0,8,REGIONAL 5,KEDIRI,TULUNG AGUNG,TUL,,,2024-03-16 23:28:16,2016-10-22,2016,10,NON TITO,,,JAWA TIMUR,0.75,YELLOW,36810535,AREA 3,JATIM,MALANG,TULUNGAGUNG,,,0,0,0,JAWA TIMUR,TULUNGAGUNG,PAGER WOJO,SAMAR,TULUNG AGUNG
781843878,,ODP-NGU-FA/49,-8.106929,112.015924,,,6,10,0,0,16,REGIONAL 5,KEDIRI,TULUNG AGUNG,NGU,,,2024-03-16 23:28:25,2016-08-03,2016,8,NON TITO,,,JAWA TIMUR,0.625,YELLOW,34238799,AREA 3,JATIM,MALANG,TULUNGAGUNG,,,0,0,0,JAWA TIMUR,TULUNGAGUNG,NGUNUT,NGUNUT,TULUNG AGUNG
2667795381,,ODP-TRE-FQ/07,-8.253834,111.456135,,,2,6,0,0,8,REGIONAL 5,KEDIRI,TULUNG AGUNG,TRE,,,2024-03-16 23:28:32,2018-07-10,2018,7,NON TITO,,,JAWA TIMUR,0.75,YELLOW,361999433,AREA 3,JATIM,MADIUN,PONOROGO,,,0,0,0,JAWA TIMUR,TRENGGALEK,PANGGUL,PANGGUL,TULUNG AGUNG
2838195862,,ODP-TUL-FAB/15,-8.042458,111.848682,,,3,5,0,0,8,REGIONAL 5,KEDIRI,TULUNG AGUNG,TUL,,,2024-03-16 23:22:59,2018-08-23,2018,8,NON TITO,,,JAWA TIMUR,0.625,YELLOW,389540596,AREA 3,JATIM,MALANG,TULUNGAGUNG,,,0,0,0,JAWA TIMUR,TULUNGAGUNG,KAUMAN,PUCANGAN,TULUNG AGUNG
2838195725,,ODP-TUL-FAB/13,-8.04579,111.856881,,,4,4,0,0,8,REGIONAL 5,KEDIRI,TULUNG AGUNG,TUL,,,2024-03-16 23:22:42,2018-08-23,2018,8,NON TITO,,,JAWA TIMUR,0.5,YELLOW,389540484,AREA 3,JATIM,MALANG,TULUNGAGUNG,,,0,0,0,JAWA TIMUR,TULUNGAGUNG,KAUMAN,KARANGANOM,TULUNG AGUNG
2667795378,,ODP-TRE-FQ/11,-8.249597,111.453949,,,7,9,0,0,16,REGIONAL 5,KEDIRI,TULUNG AGUNG,TRE,,,2024-03-16 23:28:58,2018-07-10,2018,7,NON TITO,,,JAWA TIMUR,0.5625,YELLOW,361999431,AREA 3,JATIM,MADIUN,PONOROGO,,,0,0,0,JAWA TIMUR,TRENGGALEK,PANGGUL,PANGGUL,TULUNG AGUNG
1002719056,,ODP-CAT-FF/05,-8.139786,111.832702,,,2,6,0,0,8,REGIONAL 5,KEDIRI,TULUNG AGUNG,CAT,,,2024-03-16 23:24:17,2016-10-24,2016,10,NON TITO,,,JAWA TIMUR,0.75,YELLOW,36820550,AREA 3,JATIM,MALANG,TULUNGAGUNG,,,0,0,0,JAWA TIMUR,TULUNGAGUNG,PAKEL,SANAN,TULUNG AGUNG
2669369085,,ODP-NGU-FC/12,-8.080677,111.979848,,,2,6,0,0,8,REGIONAL 5,KEDIRI,TULUNG AGUNG,NGU,,,2024-03-16 23:28:54,2018-07-09,2018,7,NON TITO,,,JAWA TIMUR,0.75,YELLOW,361949634,AREA 3,JATIM,MALANG,TULUNGAGUNG,,,0,0,0,JAWA TIMUR,TULUNGAGUNG,NGUNUT,PULOTONDO,TULUNG AGUNG
2667795366,,ODP-TRE-FQ/09,-8.254897,111.454159,,,6,9,0,0,16,REGIONAL 5,KEDIRI,TULUNG AGUNG,TRE,,,2024-03-16 23:28:57,2018-07-10,2018,7,NON TITO,,,JAWA TIMUR,0.5625,YELLOW,361999423,AREA 3,JATIM,MADIUN,PONOROGO,,,0,0,0,JAWA TIMUR,TRENGGALEK,PANGGUL,PANGGUL,TULUNG AGUNG
1002719075,,ODP-CAT-FF/06,-8.144217,111.831445,,,2,6,0,0,8,REGIONAL 5,KEDIRI,TULUNG AGUNG,CAT,,,2024-03-16 23:24:26,2016-10-24,2016,10,NON TITO,,,JAWA TIMUR,0.75,YELLOW,36820667,AREA 3,JATIM,MALANG,TULUNGAGUNG,,,0,0,0,JAWA TIMUR,TULUNGAGUNG,PAKEL,PECUK,TULUNG AGUNG
1002719129,,ODP-CAT-FF/08,-8.149737,111.827793,,,3,5,0,0,8,REGIONAL 5,KEDIRI,TULUNG AGUNG,CAT,,,2024-03-16 23:24:15,2016-10-24,2016,10,NON TITO,,,JAWA TIMUR,0.625,YELLOW,36821106,AREA 3,JATIM,MALANG,TULUNGAGUNG,,,0,0,0,JAWA TIMUR,TULUNGAGUNG,PAKEL,BANGUNMULYO,TULUNG AGUNG
2838195040,,ODP-TUL-FAB/06,-8.048566,111.863873,,,2,6,0,0,8,REGIONAL 5,KEDIRI,TULUNG AGUNG,TUL,,,2024-03-16 23:22:42,2018-08-23,2018,8,NON TITO,,,JAWA TIMUR,0.75,YELLOW,389540046,AREA 3,JATIM,MALANG,TULUNGAGUNG,,,0,0,0,JAWA TIMUR,TULUNGAGUNG,KAUMAN,MOJOSARI,TULUNG AGUNG
781843870,,ODP-NGU-FA/45,-8.108452,112.022597,,,2,6,0,0,8,REGIONAL 5,KEDIRI,TULUNG AGUNG,NGU,,,2024-03-16 23:28:28,2016-08-03,2016,8,NON TITO,,,JAWA TIMUR,0.75,YELLOW,34238795,AREA 3,JATIM,MALANG,TULUNGAGUNG,,,0,0,0,JAWA TIMUR,TULUNGAGUNG,NGUNUT,GILANG,TULUNG AGUNG
2665919420,,ODP-TRE-FQ/04,-8.234736,111.455512,,,6,10,0,0,16,REGIONAL 5,KEDIRI,TULUNG AGUNG,TRE,,,2024-03-16 23:25:53,2018-07-09,2018,7,NON TITO,,,JAWA TIMUR,0.625,YELLOW,361952301,AREA 3,JATIM,MADIUN,PONOROGO,,,0,0,0,JAWA TIMUR,TRENGGALEK,PANGGUL,PANGGUL,TULUNG AGUNG
784468583,,ODP-TRE-FL/04,-8.088278,111.660067,,,2,5,1,0,8,REGIONAL 5,KEDIRI,TULUNG AGUNG,TRE,,,2024-03-16 23:29:19,2016-08-03,2016,8,NON TITO,,,JAWA TIMUR,0.625,YELLOW,34239595,AREA 3,JATIM,MADIUN,PONOROGO,,,0,0,0,JAWA TIMUR,TRENGGALEK,KARANGAN,KARANGAN,TULUNG AGUNG
2838944568,,ODP-KWR-FB/16,-8.204207,112.021399,,,4,12,0,0,16,REGIONAL 5,KEDIRI,TULUNG AGUNG,KWR,,,2024-03-16 23:28:16,2018-08-24,2018,8,NON TITO,,,JAWA TIMUR,0.75,YELLOW,389542160,AREA 3,JATIM,MALANG,TULUNGAGUNG,,,0,0,0,JAWA TIMUR,TULUNGAGUNG,PUCANG LABAN,SUMBERDADAP,TULUNG AGUNG
2838944563,,ODP-KWR-FB/15,-8.201787,112.021626,,,5,11,0,0,16,REGIONAL 5,KEDIRI,TULUNG AGUNG,KWR,,,2024-03-16 23:29:06,2018-08-24,2018,8,NON TITO,,,JAWA TIMUR,0.6875,YELLOW,389542157,AREA 3,JATIM,MALANG,TULUNGAGUNG,,,0,0,0,JAWA TIMUR,TULUNGAGUNG,PUCANG LABAN,SUMBERDADAP,TULUNG AGUNG
784468568,,ODP-TRE-FL/03,-8.090273,111.659535,,,4,4,0,0,8,REGIONAL 5,KEDIRI,TULUNG AGUNG,TRE,,,2024-03-16 23:28:51,2016-08-03,2016,8,NON TITO,,,JAWA TIMUR,0.5,YELLOW,34239529,AREA 3,JATIM,MADIUN,PONOROGO,,,0,0,0,JAWA TIMUR,TRENGGALEK,KARANGAN,KARANGAN,TULUNG AGUNG
2838944558,,ODP-KWR-FB/10,-8.182537,112.018914,,,2,6,0,0,8,REGIONAL 5,KEDIRI,TULUNG AGUNG,KWR,,,2024-03-16 23:29:03,2018-08-24,2018,8,NON TITO,,,JAWA TIMUR,0.75,YELLOW,389542154,AREA 3,JATIM,MALANG,TULUNGAGUNG,,,0,0,0,JAWA TIMUR,TULUNGAGUNG,PUCANGLABAN,DEMUK,TULUNG AGUNG
1002719085,,ODP-CAT-FF/07,-8.146075,111.830732,,,4,4,0,0,8,REGIONAL 5,KEDIRI,TULUNG AGUNG,CAT,,,2024-03-16 23:24:28,2016-10-24,2016,10,NON TITO,,,JAWA TIMUR,0.5,YELLOW,36820732,AREA 3,JATIM,MALANG,TULUNGAGUNG,,,0,0,0,JAWA TIMUR,TULUNGAGUNG,PAKEL,PECUK,TULUNG AGUNG
784468555,,ODP-TRE-FL/02,-8.091022,111.658672,,,3,5,0,0,8,REGIONAL 5,KEDIRI,TULUNG AGUNG,TRE,,,2024-03-16 23:27:56,2016-08-03,2016,8,NON TITO,,,JAWA TIMUR,0.625,YELLOW,34239413,AREA 3,JATIM,MADIUN,PONOROGO,,,0,0,0,JAWA TIMUR,TRENGGALEK,KARANGAN,KARANGAN,TULUNG AGUNG
2665919507,,ODP-TRE-FQ/03,-8.235075,111.451614,,,2,6,0,0,8,REGIONAL 5,KEDIRI,TULUNG AGUNG,TRE,,,2024-03-16 23:26:45,2018-07-09,2018,7,NON TITO,,,JAWA TIMUR,0.75,YELLOW,361997173,AREA 3,JATIM,MADIUN,PONOROGO,,,0,0,0,JAWA TIMUR,TRENGGALEK,PANGGUL,PANGGUL,TULUNG AGUNG
784468546,,ODP-TRE-FL/01,-8.095175,111.653378,,,7,9,0,0,16,REGIONAL 5,KEDIRI,TULUNG AGUNG,TRE,,,2024-03-16 23:28:37,2016-08-03,2016,8,NON TITO,,,JAWA TIMUR,0.5625,YELLOW,34239344,AREA 3,JATIM,MADIUN,PONOROGO,,,0,0,0,JAWA TIMUR,TRENGGALEK,KARANGAN,JATI,TULUNG AGUNG
2838944533,,ODP-TUL-FAB/01,-8.007992,111.821003,,,2,6,0,0,8,REGIONAL 5,KEDIRI,TULUNG AGUNG,TUL,,,2024-03-16 23:29:15,2018-08-24,2018,8,NON TITO,,,JAWA TIMUR,0.75,YELLOW,389542139,AREA 3,JATIM,MALANG,TULUNGAGUNG,,,0,0,0,JAWA TIMUR,TULUNGAGUNG,KAUMAN,PUCANGAN,TULUNG AGUNG
2665919597,,ODP-TRE-FQ/05,-8.236869,111.455318,,,4,12,0,0,16,REGIONAL 5,KEDIRI,TULUNG AGUNG,TRE,,,2024-03-16 23:26:31,2018-07-09,2018,7,NON TITO,,,JAWA TIMUR,0.75,YELLOW,361997200,AREA 3,JATIM,MADIUN,PONOROGO,,,0,0,0,JAWA TIMUR,TRENGGALEK,PANGGUL,PANGGUL,TULUNG AGUNG
2838944379,,ODP-KWR-FB/11,-8.186664,112.019495,,,2,6,0,0,8,REGIONAL 5,KEDIRI,TULUNG AGUNG,KWR,,,2024-03-16 23:29:20,2018-08-24,2018,8,NON TITO,,,JAWA TIMUR,0.75,YELLOW,389542047,AREA 3,JATIM,MALANG,TULUNGAGUNG,,,0,0,0,JAWA TIMUR,TULUNGAGUNG,PUCANGLABAN,DEMUK,TULUNG AGUNG
781543733,,ODP-TUL-FZ/04,-8.091183,111.899994,,,6,10,0,0,16,REGIONAL 5,KEDIRI,TULUNG AGUNG,TUL,,,2024-03-16 23:26:12,2016-08-02,2016,8,NON TITO,,,JAWA TIMUR,0.625,YELLOW,34238557,AREA 3,JATIM,MALANG,TULUNGAGUNG,,,0,0,0,JAWA TIMUR,TULUNGAGUNG,BOYOLANGU,WAUNG,TULUNG AGUNG
2857769277,,ODP-TUL-FN/67,-8.070483,111.892136,,,2,6,0,0,8,REGIONAL 5,KEDIRI,TULUNG AGUNG,TUL,,,2024-03-16 23:28:31,2018-08-29,2018,8,NON TITO,,,JAWA TIMUR,0.75,YELLOW,389609870,AREA 3,JATIM,MALANG,TULUNGAGUNG,,,0,0,0,JAWA TIMUR,TULUNGAGUNG,TULUNGAGUNG,TERTEK,TULUNG AGUNG
780719215,,ODP-TUL-FT/29,-8.051086,111.914334,,,4,12,0,0,16,REGIONAL 5,KEDIRI,TULUNG AGUNG,TUL,,,2024-03-16 23:25:32,2016-08-03,2016,8,NON TITO,,,JAWA TIMUR,0.75,YELLOW,34094754,AREA 3,JATIM,MALANG,TULUNGAGUNG,,,0,0,0,JAWA TIMUR,TULUNGAGUNG,KEDUNGWARU,KEDUNGWARU,TULUNG AGUNG
788218542,,ODP-NGU-FD/19,-8.12107,112.014229,,,4,4,0,0,8,REGIONAL 5,KEDIRI,TULUNG AGUNG,NGU,,,2024-03-16 23:25:14,2016-08-03,2016,8,NON TITO,,,JAWA TIMUR,0.5,YELLOW,34242699,AREA 3,JATIM,MALANG,TULUNGAGUNG,,,0,0,0,JAWA TIMUR,TULUNGAGUNG,NGUNUT,KALANGAN,TULUNG AGUNG
781543769,,ODP-TUL-FZ/09,-8.075453,111.902356,,,9,7,0,0,16,REGIONAL 5,KEDIRI,TULUNG AGUNG,TUL,,,2024-03-16 23:26:57,2016-08-02,2016,8,NON TITO,,,JAWA TIMUR,0.4375,YELLOW,34089029,AREA 3,JATIM,MALANG,TULUNGAGUNG,,,0,0,0,JAWA TIMUR,TULUNGAGUNG,TULUNGAGUNG,TAMANAN,TULUNG AGUNG
780568828,,ODP-TUL-FX/12,-8.059421,111.86131,,,9,7,0,0,16,REGIONAL 5,KEDIRI,TULUNG AGUNG,TUL,,,2024-03-16 23:28:40,2016-08-02,2016,8,NON TITO,,,JAWA TIMUR,0.4375,YELLOW,34089048,AREA 3,JATIM,MALANG,TULUNGAGUNG,,,0,0,0,JAWA TIMUR,TULUNGAGUNG,KAUMAN,BOLOREJO,TULUNG AGUNG
2860918914,,ODP-TUL-FAK/06,-7.94897,111.837444,,,4,4,0,0,8,REGIONAL 5,KEDIRI,TULUNG AGUNG,TUL,,,2024-03-16 23:29:15,2018-08-30,2018,8,NON TITO,,,JAWA TIMUR,0.5,YELLOW,389798295,AREA 3,JATIM,MALANG,TULUNGAGUNG,,,0,0,0,JAWA TIMUR,TULUNGAGUNG,SENDANG,SENDANG,TULUNG AGUNG
2857769489,,ODP-TUL-FN/66,-8.070476,111.894709,,,5,11,0,0,16,REGIONAL 5,KEDIRI,TULUNG AGUNG,TUL,,,2024-03-16 23:28:21,2018-08-29,2018,8,NON TITO,,,JAWA TIMUR,0.6875,YELLOW,389795988,AREA 3,JATIM,MALANG,TULUNGAGUNG,,,0,0,0,JAWA TIMUR,TULUNGAGUNG,TULUNGAGUNG,TERTEK,TULUNG AGUNG
788218540,,ODP-NGU-FD/17,-8.129451,112.014981,,,8,8,0,0,16,REGIONAL 5,KEDIRI,TULUNG AGUNG,NGU,,,2024-03-16 23:25:38,2016-08-03,2016,8,NON TITO,,,JAWA TIMUR,0.5,YELLOW,34242697,AREA 3,JATIM,MALANG,TULUNGAGUNG,,,0,0,0,JAWA TIMUR,TULUNGAGUNG,REJOTANGAN,PANJEREJO,TULUNG AGUNG
1007003326,,ODP-PRI-FB/18,-8.271565,111.715508,,,3,5,0,0,8,REGIONAL 5,KEDIRI,TULUNG AGUNG,PRI,,,2024-03-16 23:23:07,2016-10-26,2016,10,NON TITO,,,JAWA TIMUR,0.625,YELLOW,36783764,AREA 3,JATIM,MADIUN,PONOROGO,,,0,0,0,JAWA TIMUR,TRENGGALEK,WATULIMO,PRIGI,TULUNG AGUNG
987044430,,ODP-CAT-FC/03,-8.1698,111.759695,,,2,6,0,0,8,REGIONAL 5,KEDIRI,TULUNG AGUNG,CAT,,,2024-03-16 23:27:22,2016-10-14,2016,10,NON TITO,,,JAWA TIMUR,0.75,YELLOW,36659003,AREA 3,JATIM,MALANG,TULUNGAGUNG,,,0,0,0,JAWA TIMUR,TULUNGAGUNG,BANDUNG,BANTENGAN,TULUNG AGUNG
2819970465,,ODP-TUL-FA/95,-8.055859,111.905904,,,3,5,0,0,8,REGIONAL 5,KEDIRI,TULUNG AGUNG,TUL,,,2024-03-16 23:26:00,2018-08-16,2018,8,NON TITO,,,JAWA TIMUR,0.625,YELLOW,389325177,AREA 3,JATIM,MALANG,TULUNGAGUNG,,,0,0,0,JAWA TIMUR,TULUNGAGUNG,KEDUNGWARU,KEDUNGWARU,TULUNG AGUNG
2819970370,,ODP-TUL-FA/86,-8.049702,111.908983,,,3,5,0,0,8,REGIONAL 5,KEDIRI,TULUNG AGUNG,TUL,,,2024-03-16 23:26:29,2018-08-16,2018,8,NON TITO,,,JAWA TIMUR,0.625,YELLOW,389325131,AREA 3,JATIM,MALANG,TULUNGAGUNG,,,0,0,0,JAWA TIMUR,TULUNGAGUNG,KEDUNGWARU,KEDUNGWARU,TULUNG AGUNG
781843869,,ODP-NGU-FA/36,-8.108389,112.029807,,,4,4,0,0,8,REGIONAL 5,KEDIRI,TULUNG AGUNG,NGU,,,2024-03-16 23:28:25,2016-08-03,2016,8,NON TITO,,,JAWA TIMUR,0.5,YELLOW,34089323,AREA 3,JATIM,MALANG,TULUNGAGUNG,,,0,0,0,JAWA TIMUR,TULUNGAGUNG,NGUNUT,GILANG,TULUNG AGUNG
2509319405,,ODP-TUL-FZ/53,-8.071869,111.903505,,,4,12,0,0,16,REGIONAL 5,KEDIRI,TULUNG AGUNG,TUL,,,2024-03-16 23:27:39,2018-05-14,2018,5,NON TITO,,,JAWA TIMUR,0.75,YELLOW,354206907,AREA 3,JATIM,MALANG,TULUNGAGUNG,,,0,0,0,JAWA TIMUR,TULUNGAGUNG,TULUNGAGUNG,TAMANAN,TULUNG AGUNG
2509319511,,ODP-TUL-FZ/63,-8.068914,111.904199,,,5,11,0,0,16,REGIONAL 5,KEDIRI,TULUNG AGUNG,TUL,,,2024-03-16 23:28:22,2018-05-14,2018,5,NON TITO,,,JAWA TIMUR,0.6875,YELLOW,354206945,AREA 3,JATIM,MALANG,TULUNGAGUNG,,,0,0,0,JAWA TIMUR,TULUNGAGUNG,TULUNGAGUNG,TAMANAN,TULUNG AGUNG
2509319521,,ODP-TUL-FZ/45,-8.071256,111.907366,,,6,10,0,0,16,REGIONAL 5,KEDIRI,TULUNG AGUNG,TUL,,,2024-03-16 23:28:10,2018-05-14,2018,5,NON TITO,,,JAWA TIMUR,0.625,YELLOW,354206948,AREA 3,JATIM,MALANG,TULUNGAGUNG,,,0,0,0,JAWA TIMUR,TULUNGAGUNG,TULUNGAGUNG,BAGO,TULUNG AGUNG
2857769369,,ODP-TUL-FN/63,-8.075914,111.892238,,,4,4,0,0,8,REGIONAL 5,KEDIRI,TULUNG AGUNG,TUL,,,2024-03-16 23:27:56,2018-08-29,2018,8,NON TITO,,,JAWA TIMUR,0.5,YELLOW,389795918,AREA 3,JATIM,MALANG,TULUNGAGUNG,,,0,0,0,JAWA TIMUR,TULUNGAGUNG,BOYOLANGU,GEDANGSEWU,TULUNG AGUNG
2509319385,,ODP-TUL-FZ/49,-8.073066,111.905297,,,6,10,0,0,16,REGIONAL 5,KEDIRI,TULUNG AGUNG,TUL,,,2024-03-16 23:24:53,2018-05-14,2018,5,NON TITO,,,JAWA TIMUR,0.625,YELLOW,354206900,AREA 3,JATIM,MALANG,TULUNGAGUNG,,,0,0,0,JAWA TIMUR,TULUNGAGUNG,TULUNGAGUNG,BAGO,TULUNG AGUNG
2857544801,,ODP-TUL-FQ/41,-8.065429,111.903032,,,4,4,0,0,8,REGIONAL 5,KEDIRI,TULUNG AGUNG,TUL,,,2024-03-16 23:29:01,2018-08-29,2018,8,NON TITO,,,JAWA TIMUR,0.5,YELLOW,389791373,AREA 3,JATIM,MALANG,TULUNGAGUNG,,,0,0,0,JAWA TIMUR,TULUNGAGUNG,TULUNGAGUNG,KAMPUNGDALEM,TULUNG AGUNG
2509319305,,ODP-TUL-FZ/54,-8.073095,111.903214,,,2,5,0,0,8,REGIONAL 5,KEDIRI,TULUNG AGUNG,TUL,,,2024-03-16 23:28:13,2018-05-14,2018,5,NON TITO,,,JAWA TIMUR,0.625,YELLOW,354206870,AREA 3,JATIM,MALANG,TULUNGAGUNG,,,0,0,0,JAWA TIMUR,TULUNGAGUNG,TULUNGAGUNG,BAGO,TULUNG AGUNG
2826118643,,ODP-KWR-FB/01,-8.262548,112.016381,,,2,6,0,0,8,REGIONAL 5,KEDIRI,TULUNG AGUNG,KWR,,,2024-03-16 23:24:13,2018-08-17,2018,8,NON TITO,,,JAWA TIMUR,0.75,YELLOW,389328057,AREA 3,JATIM,MALANG,TULUNGAGUNG,,,0,0,0,JAWA TIMUR,TULUNGAGUNG,PUCANG LABAN,PUCANGLABAN,TULUNG AGUNG
781843608,,ODP-TUL-FX/07,-8.06314,111.870747,,,8,8,0,0,16,REGIONAL 5,KEDIRI,TULUNG AGUNG,TUL,,,2024-03-16 23:28:15,2016-08-02,2016,8,NON TITO,,,JAWA TIMUR,0.5,YELLOW,34088855,AREA 3,JATIM,MALANG,TULUNGAGUNG,,,0,0,0,JAWA TIMUR,TULUNGAGUNG,KAUMAN,BALEREJO,TULUNG AGUNG
780193794,,ODP-TUL-FZ/01,-8.097369,111.899889,,,4,4,0,0,8,REGIONAL 5,KEDIRI,TULUNG AGUNG,TUL,,,2024-03-16 23:25:04,2016-08-02,2016,8,NON TITO,,,JAWA TIMUR,0.5,YELLOW,34088870,AREA 3,JATIM,MALANG,TULUNGAGUNG,,,0,0,0,JAWA TIMUR,TULUNGAGUNG,BOYOLANGU,WAUNG,TULUNG AGUNG
781843615,,ODP-TUL-FX/08,-8.060237,111.873084,,,6,10,0,0,16,REGIONAL 5,KEDIRI,TULUNG AGUNG,TUL,,,2024-03-16 23:28:24,2016-08-02,2016,8,NON TITO,,,JAWA TIMUR,0.625,YELLOW,34088872,AREA 3,JATIM,MALANG,TULUNGAGUNG,,,0,0,0,JAWA TIMUR,TULUNGAGUNG,KAUMAN,BALEREJO,TULUNG AGUNG
794894111,,ODP-NGU-FC/04,-8.089172,111.976778,,,5,11,0,0,16,REGIONAL 5,KEDIRI,TULUNG AGUNG,NGU,,,2024-03-16 23:24:39,2016-08-08,2016,8,NON TITO,,,JAWA TIMUR,0.6875,YELLOW,34258322,AREA 3,JATIM,MALANG,TULUNGAGUNG,,,0,0,0,JAWA TIMUR,TULUNGAGUNG,NGUNUT,PULOSARI,TULUNG AGUNG
786643815,,ODP-TUL-FC/04,-8.048119,111.920126,,,4,4,0,0,8,REGIONAL 5,KEDIRI,TULUNG AGUNG,TUL,,,2024-03-16 23:24:53,2016-08-05,2016,8,NON TITO,,,JAWA TIMUR,0.5,YELLOW,34249850,AREA 3,JATIM,MALANG,TULUNGAGUNG,,,0,0,0,JAWA TIMUR,TULUNGAGUNG,KEDUNGWARU,REJOAGUNG,TULUNG AGUNG
2509319085,,ODP-TUL-FZ/69,-8.071637,111.901784,,,6,9,0,0,16,REGIONAL 5,KEDIRI,TULUNG AGUNG,TUL,,,2024-03-16 23:26:19,2018-05-14,2018,5,NON TITO,,,JAWA TIMUR,0.5625,YELLOW,354206789,AREA 3,JATIM,MALANG,TULUNGAGUNG,,,0,0,0,JAWA TIMUR,TULUNGAGUNG,TULUNGAGUNG,TAMANAN,TULUNG AGUNG
2509319193,,ODP-TUL-FZ/67,-8.0698,111.901405,,,6,10,0,0,16,REGIONAL 5,KEDIRI,TULUNG AGUNG,TUL,,,2024-03-16 23:28:05,2018-05-14,2018,5,NON TITO,,,JAWA TIMUR,0.625,YELLOW,354206828,AREA 3,JATIM,MALANG,TULUNGAGUNG,,,0,0,0,JAWA TIMUR,TULUNGAGUNG,TULUNGAGUNG,TAMANAN,TULUNG AGUNG
1002719027,,ODP-CAT-FF/04,-8.136213,111.833559,,,9,7,0,0,16,REGIONAL 5,KEDIRI,TULUNG AGUNG,CAT,,,2024-03-16 23:24:17,2016-10-24,2016,10,NON TITO,,,JAWA TIMUR,0.4375,YELLOW,36771866,AREA 3,JATIM,MALANG,TULUNGAGUNG,,,0,0,0,JAWA TIMUR,TULUNGAGUNG,PAKEL,SANAN,TULUNG AGUNG
781843626,,ODP-TUL-FX/09,-8.05827,111.870785,,,8,8,0,0,16,REGIONAL 5,KEDIRI,TULUNG AGUNG,TUL,,,2024-03-16 23:27:19,2016-08-02,2016,8,NON TITO,,,JAWA TIMUR,0.5,YELLOW,34088916,AREA 3,JATIM,MALANG,TULUNGAGUNG,,,0,0,0,JAWA TIMUR,TULUNGAGUNG,KAUMAN,KAUMAN,TULUNG AGUNG
781843640,,ODP-TUL-FX/11,-8.058425,111.856982,,,7,9,0,0,16,REGIONAL 5,KEDIRI,TULUNG AGUNG,TUL,,,2024-03-16 23:28:14,2016-08-02,2016,8,NON TITO,,,JAWA TIMUR,0.5625,YELLOW,34088935,AREA 3,JATIM,MALANG,TULUNGAGUNG,,,0,0,0,JAWA TIMUR,TULUNGAGUNG,KAUMAN,BOLOREJO,TULUNG AGUNG
2509319203,,ODP-TUL-FZ/58,-8.070757,111.907257,,,4,4,0,0,8,REGIONAL 5,KEDIRI,TULUNG AGUNG,TUL,,,2024-03-16 23:28:05,2018-05-14,2018,5,NON TITO,,,JAWA TIMUR,0.5,YELLOW,354206834,AREA 3,JATIM,MALANG,TULUNGAGUNG,,,0,0,0,JAWA TIMUR,TULUNGAGUNG,TULUNGAGUNG,BAGO,TULUNG AGUNG
987119053,,ODP-CAT-FD/03,-8.153657,111.788047,,,4,4,0,0,8,REGIONAL 5,KEDIRI,TULUNG AGUNG,CAT,,,2024-03-16 23:28:33,2016-10-14,2016,10,NON TITO,,,JAWA TIMUR,0.5,YELLOW,36664419,AREA 3,JATIM,MALANG,TULUNGAGUNG,,,0,0,0,JAWA TIMUR,TULUNGAGUNG,BANDUNG,SURUHAN LOR,TULUNG AGUNG
2860919234,,ODP-TUL-FAK/03,-7.943754,111.832408,,,3,5,0,0,8,REGIONAL 5,KEDIRI,TULUNG AGUNG,TUL,,,2024-03-16 23:29:15,2018-08-30,2018,8,NON TITO,,,JAWA TIMUR,0.625,YELLOW,389798395,AREA 3,JATIM,MALANG,TULUNGAGUNG,,,0,0,0,JAWA TIMUR,TULUNGAGUNG,SENDANG,SENDANG,TULUNG AGUNG
2509319295,,ODP-TUL-FZ/57,-8.070749,111.906552,,,4,4,0,0,8,REGIONAL 5,KEDIRI,TULUNG AGUNG,TUL,,,2024-03-16 23:28:08,2018-05-14,2018,5,NON TITO,,,JAWA TIMUR,0.5,YELLOW,354206867,AREA 3,JATIM,MALANG,TULUNGAGUNG,,,0,0,0,JAWA TIMUR,TULUNGAGUNG,TULUNGAGUNG,BAGO,TULUNG AGUNG
2838195495,,ODP-TUL-FAB/17,-8.038862,111.846036,,,2,6,0,0,8,REGIONAL 5,KEDIRI,TULUNG AGUNG,TUL,,,2024-03-16 23:22:48,2018-08-23,2018,8,NON TITO,,,JAWA TIMUR,0.75,YELLOW,389540304,AREA 3,JATIM,MALANG,TULUNGAGUNG,,,0,0,0,JAWA TIMUR,TULUNGAGUNG,KAUMAN,PUCANGAN,TULUNG AGUNG
788218545,,ODP-NGU-FD/22,-8.124013,112.006407,,,3,5,0,0,8,REGIONAL 5,KEDIRI,TULUNG AGUNG,NGU,,,2024-03-16 23:25:13,2016-08-03,2016,8,NON TITO,,,JAWA TIMUR,0.625,YELLOW,34242702,AREA 3,JATIM,MALANG,TULUNGAGUNG,,,0,0,0,JAWA TIMUR,TULUNGAGUNG,NGUNUT,SUMBERINGIN KIDUL,TULUNG AGUNG
781843871,,ODP-NGU-FA/37,-8.105241,112.029443,,,9,7,0,0,16,REGIONAL 5,KEDIRI,TULUNG AGUNG,NGU,,,2024-03-16 23:28:25,2016-08-03,2016,8,NON TITO,,,JAWA TIMUR,0.4375,YELLOW,34089324,AREA 3,JATIM,MALANG,TULUNGAGUNG,,,0,0,0,JAWA TIMUR,TULUNGAGUNG,NGUNUT,GILANG,TULUNG AGUNG
2819970202,,ODP-TUL-FA/85,-8.044657,111.910372,,,2,6,0,0,8,REGIONAL 5,KEDIRI,TULUNG AGUNG,TUL,,,2024-03-16 23:26:20,2018-08-16,2018,8,NON TITO,,,JAWA TIMUR,0.75,YELLOW,389325024,AREA 3,JATIM,MALANG,TULUNGAGUNG,,,0,0,0,JAWA TIMUR,TULUNGAGUNG,KEDUNGWARU,REJOAGUNG,TULUNG AGUNG
776893839,,ODP-TUL-FS/11,-8.039742,111.849215,,,2,6,0,0,8,REGIONAL 5,KEDIRI,TULUNG AGUNG,TUL,,,2024-03-16 23:27:18,2016-08-02,2016,8,NON TITO,,,JAWA TIMUR,0.75,YELLOW,34235587,AREA 3,JATIM,MALANG,TULUNGAGUNG,,,0,0,0,JAWA TIMUR,TULUNGAGUNG,KAUMAN,KARANGANOM,TULUNG AGUNG
2819970375,,ODP-TUL-FA/94,-8.056728,111.905786,,,6,10,0,0,16,REGIONAL 5,KEDIRI,TULUNG AGUNG,TUL,,,2024-03-16 23:26:47,2018-08-16,2018,8,NON TITO,,,JAWA TIMUR,0.625,YELLOW,389511255,AREA 3,JATIM,MALANG,TULUNGAGUNG,,,0,0,0,JAWA TIMUR,TULUNGAGUNG,KEDUNGWARU,KEDUNGWARU,TULUNG AGUNG
2509319290,,ODP-TUL-FZ/39,-8.07208,111.91209,,,3,5,0,0,8,REGIONAL 5,KEDIRI,TULUNG AGUNG,TUL,,,2024-03-16 23:28:10,2018-05-14,2018,5,NON TITO,,,JAWA TIMUR,0.625,YELLOW,354240865,AREA 3,JATIM,MALANG,TULUNGAGUNG,,,0,0,0,JAWA TIMUR,TULUNGAGUNG,TULUNGAGUNG,BAGO,TULUNG AGUNG
1007004808,,ODP-PRI-FB/20,-8.274636,111.715579,,,4,12,0,0,16,REGIONAL 5,KEDIRI,TULUNG AGUNG,PRI,,,2024-03-16 23:23:31,2016-10-26,2016,10,NON TITO,,,JAWA TIMUR,0.75,YELLOW,36784642,AREA 3,JATIM,MADIUN,PONOROGO,,,0,0,0,JAWA TIMUR,TRENGGALEK,WATULIMO,PRIGI,TULUNG AGUNG
2860919012,,ODP-TUL-FAK/14,-7.979042,111.868172,,,7,9,0,0,16,REGIONAL 5,KEDIRI,TULUNG AGUNG,TUL,,,2024-03-16 23:29:02,2018-08-30,2018,8,NON TITO,,,JAWA TIMUR,0.5625,YELLOW,389611789,AREA 3,JATIM,MALANG,TULUNGAGUNG,,,0,0,0,JAWA TIMUR,TULUNGAGUNG,SENDANG,DONO,TULUNG AGUNG
2860918825,,ODP-TUL-FAK/09,-7.95853,111.84569,,,2,6,0,0,8,REGIONAL 5,KEDIRI,TULUNG AGUNG,TUL,,,2024-03-16 23:29:18,2018-08-30,2018,8,NON TITO,,,JAWA TIMUR,0.75,YELLOW,389611744,AREA 3,JATIM,MALANG,TULUNGAGUNG,,,0,0,0,JAWA TIMUR,TULUNGAGUNG,SENDANG,KROSOK,TULUNG AGUNG
776894019,,ODP-TUL-FS/18,-8.048161,111.861999,,,9,7,0,0,16,REGIONAL 5,KEDIRI,TULUNG AGUNG,TUL,,,2024-03-16 23:26:47,2016-08-02,2016,8,NON TITO,,,JAWA TIMUR,0.4375,YELLOW,34236160,AREA 3,JATIM,MALANG,TULUNGAGUNG,,,0,0,0,JAWA TIMUR,TULUNGAGUNG,KAUMAN,MOJOSARI,TULUNG AGUNG
1007005340,,ODP-PRI-FB/17,-8.270943,111.715745,,,3,5,0,0,8,REGIONAL 5,KEDIRI,TULUNG AGUNG,PRI,,,2024-03-16 23:23:25,2016-10-26,2016,10,NON TITO,,,JAWA TIMUR,0.625,YELLOW,36784956,AREA 3,JATIM,MADIUN,PONOROGO,,,0,0,0,JAWA TIMUR,TRENGGALEK,WATULIMO,PRIGI,TULUNG AGUNG
2817044611,,ODP-TUL-FAL/06,-8.077089,111.920596,,,3,5,0,0,8,REGIONAL 5,KEDIRI,TULUNG AGUNG,TUL,,,2024-03-16 23:23:33,2018-08-16,2018,8,NON TITO,,,JAWA TIMUR,0.625,YELLOW,389320108,AREA 3,JATIM,MALANG,TULUNGAGUNG,,,0,0,0,JAWA TIMUR,TULUNGAGUNG,KEDUNGWARU,PLOSOKANDANG,TULUNG AGUNG
776894066,,ODP-TUL-FS/19,-8.048517,111.86372,,,9,7,0,0,16,REGIONAL 5,KEDIRI,TULUNG AGUNG,TUL,,,2024-03-16 23:27:16,2016-08-02,2016,8,NON TITO,,,JAWA TIMUR,0.4375,YELLOW,34236237,AREA 3,JATIM,MALANG,TULUNGAGUNG,,,0,0,0,JAWA TIMUR,TULUNGAGUNG,KAUMAN,MOJOSARI,TULUNG AGUNG
780719137,,ODP-TUL-FT/23,-8.048209,111.910617,,,8,8,0,0,16,REGIONAL 5,KEDIRI,TULUNG AGUNG,TUL,,,2024-03-16 23:25:16,2016-08-03,2016,8,NON TITO,,,JAWA TIMUR,0.5,YELLOW,34094057,AREA 3,JATIM,MALANG,TULUNGAGUNG,,,0,0,0,JAWA TIMUR,TULUNGAGUNG,KEDUNGWARU,REJOAGUNG,TULUNG AGUNG
780719200,,ODP-TUL-FT/28,-8.050727,111.913514,,,4,12,0,0,16,REGIONAL 5,KEDIRI,TULUNG AGUNG,TUL,,,2024-03-16 23:25:33,2016-08-03,2016,8,NON TITO,,,JAWA TIMUR,0.75,YELLOW,34241847,AREA 3,JATIM,MALANG,TULUNGAGUNG,,,0,0,0,JAWA TIMUR,TULUNGAGUNG,KEDUNGWARU,KEDUNGWARU,TULUNG AGUNG
2509319400,,ODP-TUL-FZ/66,-8.068746,111.901236,,,6,10,0,0,16,REGIONAL 5,KEDIRI,TULUNG AGUNG,TUL,,,2024-03-16 23:26:24,2018-05-14,2018,5,NON TITO,,,JAWA TIMUR,0.625,YELLOW,354240911,AREA 3,JATIM,MALANG,TULUNGAGUNG,,,0,0,0,JAWA TIMUR,TULUNGAGUNG,TULUNGAGUNG,TAMANAN,TULUNG AGUNG
2817044586,,ODP-TUL-FAL/14,-8.078495,111.907273,,,3,5,0,0,8,REGIONAL 5,KEDIRI,TULUNG AGUNG,TUL,,,2024-03-16 23:23:07,2018-08-16,2018,8,NON TITO,,,JAWA TIMUR,0.625,YELLOW,389320090,AREA 3,JATIM,MALANG,TULUNGAGUNG,,,0,0,0,JAWA TIMUR,TULUNGAGUNG,BOYOLANGU,SERUT,TULUNG AGUNG
781843633,,ODP-TUL-FX/10,-8.055703,111.868099,,,8,8,0,0,16,REGIONAL 5,KEDIRI,TULUNG AGUNG,TUL,,,2024-03-16 23:28:24,2016-08-02,2016,8,NON TITO,,,JAWA TIMUR,0.5,YELLOW,34238546,AREA 3,JATIM,MALANG,TULUNGAGUNG,,,0,0,0,JAWA TIMUR,TULUNGAGUNG,KAUMAN,KAUMAN,TULUNG AGUNG
780719183,,ODP-TUL-FT/26,-8.051646,111.911226,,,4,11,1,0,16,REGIONAL 5,KEDIRI,TULUNG AGUNG,TUL,,,2024-03-16 23:25:06,2016-08-03,2016,8,NON TITO,,,JAWA TIMUR,0.6875,YELLOW,34094467,AREA 3,JATIM,MALANG,TULUNGAGUNG,,,0,0,0,JAWA TIMUR,TULUNGAGUNG,KEDUNGWARU,KEDUNGWARU,TULUNG AGUNG
776893953,,ODP-TUL-FS/17,-8.046759,111.862845,,,9,7,0,0,16,REGIONAL 5,KEDIRI,TULUNG AGUNG,TUL,,,2024-03-16 23:27:09,2016-08-02,2016,8,NON TITO,,,JAWA TIMUR,0.4375,YELLOW,34236006,AREA 3,JATIM,MALANG,TULUNGAGUNG,,,0,0,0,JAWA TIMUR,TULUNGAGUNG,KAUMAN,MOJOSARI,TULUNG AGUNG
2819970197,,ODP-TUL-FA/91,-8.054517,111.904664,,,4,12,0,0,16,REGIONAL 5,KEDIRI,TULUNG AGUNG,TUL,,,2024-03-16 23:26:30,2018-08-16,2018,8,NON TITO,,,JAWA TIMUR,0.75,YELLOW,389511148,AREA 3,JATIM,MALANG,TULUNGAGUNG,,,0,0,0,JAWA TIMUR,TULUNGAGUNG,KEDUNGWARU,KEDUNGWARU,TULUNG AGUNG
781544355,,ODP-TRE-FL/18,-8.079906,111.665603,,,4,4,0,0,8,REGIONAL 5,KEDIRI,TULUNG AGUNG,TRE,,,2024-03-16 23:26:24,2016-08-03,2016,8,NON TITO,,,JAWA TIMUR,0.5,YELLOW,34093316,AREA 3,JATIM,MADIUN,PONOROGO,,,0,0,0,JAWA TIMUR,TRENGGALEK,KARANGAN,KARANGAN,TULUNG AGUNG
2819968917,,ODP-TUL-FAL/17,-8.078414,111.894719,,,4,4,0,0,8,REGIONAL 5,KEDIRI,TULUNG AGUNG,TUL,,,2024-03-16 23:25:23,2018-08-16,2018,8,NON TITO,,,JAWA TIMUR,0.5,YELLOW,389508741,AREA 3,JATIM,MALANG,TULUNGAGUNG,,,0,0,0,JAWA TIMUR,TULUNGAGUNG,BOYOLANGU,GEDANGSEWU,TULUNG AGUNG
776893857,,ODP-TUL-FS/12,-8.041294,111.853133,,,5,11,0,0,16,REGIONAL 5,KEDIRI,TULUNG AGUNG,TUL,,,2024-03-16 23:27:11,2016-08-02,2016,8,NON TITO,,,JAWA TIMUR,0.6875,YELLOW,34235625,AREA 3,JATIM,MALANG,TULUNGAGUNG,,,0,0,0,JAWA TIMUR,TULUNGAGUNG,KAUMAN,KARANGANOM,TULUNG AGUNG
2857544048,,ODP-TUL-FQ/38,-8.063032,111.902788,,,7,9,0,0,16,REGIONAL 5,KEDIRI,TULUNG AGUNG,TUL,,,2024-03-16 23:28:39,2018-08-29,2018,8,NON TITO,,,JAWA TIMUR,0.5625,YELLOW,389791028,AREA 3,JATIM,MALANG,TULUNGAGUNG,,,0,0,0,JAWA TIMUR,TULUNGAGUNG,TULUNGAGUNG,KAMPUNGDALEM,TULUNG AGUNG
788218539,,ODP-NGU-FD/16,-8.124277,112.003623,,,5,11,0,0,16,REGIONAL 5,KEDIRI,TULUNG AGUNG,NGU,,,2024-03-16 23:25:20,2016-08-03,2016,8,NON TITO,,,JAWA TIMUR,0.6875,YELLOW,34242695,AREA 3,JATIM,MALANG,TULUNGAGUNG,,,0,0,0,JAWA TIMUR,TULUNGAGUNG,NGUNUT,SUMBERINGIN KIDUL,TULUNG AGUNG
2509319531,,ODP-TUL-FZ/62,-8.069199,111.904235,,,7,9,0,0,16,REGIONAL 5,KEDIRI,TULUNG AGUNG,TUL,,,2024-03-16 23:27:59,2018-05-14,2018,5,NON TITO,,,JAWA TIMUR,0.5625,YELLOW,354206953,AREA 3,JATIM,MALANG,TULUNGAGUNG,,,0,0,0,JAWA TIMUR,TULUNGAGUNG,TULUNGAGUNG,BAGO,TULUNG AGUNG
2509319070,,ODP-TUL-FZ/59,-8.06997,111.907296,,,3,5,0,0,8,REGIONAL 5,KEDIRI,TULUNG AGUNG,TUL,,,2024-03-16 23:28:15,2018-05-14,2018,5,NON TITO,,,JAWA TIMUR,0.625,YELLOW,354240779,AREA 3,JATIM,MALANG,TULUNGAGUNG,,,0,0,0,JAWA TIMUR,TULUNGAGUNG,TULUNGAGUNG,BAGO,TULUNG AGUNG
2819968827,,ODP-TUL-FAL/25,-8.076825,111.902505,,,7,9,0,0,16,REGIONAL 5,KEDIRI,TULUNG AGUNG,TUL,,,2024-03-16 23:26:16,2018-08-16,2018,8,NON TITO,,,JAWA TIMUR,0.5625,YELLOW,389508677,AREA 3,JATIM,MALANG,TULUNGAGUNG,,,0,0,0,JAWA TIMUR,TULUNGAGUNG,TULUNGAGUNG,TAMANAN,TULUNG AGUNG
2860919343,,ODP-TUL-FAK/13,-7.974743,111.86171,,,2,6,0,0,8,REGIONAL 5,KEDIRI,TULUNG AGUNG,TUL,,,2024-03-16 23:29:18,2018-08-30,2018,8,NON TITO,,,JAWA TIMUR,0.75,YELLOW,389611879,AREA 3,JATIM,MALANG,TULUNGAGUNG,,,0,0,0,JAWA TIMUR,TULUNGAGUNG,SENDANG,DONO,TULUNG AGUNG
2860919338,,ODP-TUL-FAK/04,-7.947241,111.834269,,,2,6,0,0,8,REGIONAL 5,KEDIRI,TULUNG AGUNG,TUL,,,2024-03-16 23:28:00,2018-08-30,2018,8,NON TITO,,,JAWA TIMUR,0.75,YELLOW,389798430,AREA 3,JATIM,MALANG,TULUNGAGUNG,,,0,0,0,JAWA TIMUR,TULUNGAGUNG,SENDANG,SENDANG,TULUNG AGUNG
2509319080,,ODP-TUL-FZ/68,-8.070619,111.901628,,,4,12,0,0,16,REGIONAL 5,KEDIRI,TULUNG AGUNG,TUL,,,2024-03-16 23:28:00,2018-05-14,2018,5,NON TITO,,,JAWA TIMUR,0.75,YELLOW,354240783,AREA 3,JATIM,MALANG,TULUNGAGUNG,,,0,0,0,JAWA TIMUR,TULUNGAGUNG,TULUNGAGUNG,TAMANAN,TULUNG AGUNG
781843875,,ODP-NGU-FA/39,-8.105033,112.025159,,,2,6,0,0,8,REGIONAL 5,KEDIRI,TULUNG AGUNG,NGU,,,2024-03-16 23:26:58,2016-08-03,2016,8,NON TITO,,,JAWA TIMUR,0.75,YELLOW,34089326,AREA 3,JATIM,MALANG,TULUNGAGUNG,,,0,0,0,JAWA TIMUR,TULUNGAGUNG,NGUNUT,GILANG,TULUNG AGUNG
788218536,,ODP-NGU-FD/14,-8.124238,111.995222,,,3,5,0,0,8,REGIONAL 5,KEDIRI,TULUNG AGUNG,NGU,,,2024-03-16 23:24:53,2016-08-03,2016,8,NON TITO,,,JAWA TIMUR,0.625,YELLOW,34242692,AREA 3,JATIM,MALANG,TULUNGAGUNG,,,0,0,0,JAWA TIMUR,TULUNGAGUNG,NGUNUT,SUMBERINGIN KULON,TULUNG AGUNG
788218535,,ODP-NGU-FD/13,-8.123989,111.989536,,,2,6,0,0,8,REGIONAL 5,KEDIRI,TULUNG AGUNG,NGU,,,2024-03-16 23:25:14,2016-08-03,2016,8,NON TITO,,,JAWA TIMUR,0.75,YELLOW,34242691,AREA 3,JATIM,MALANG,TULUNGAGUNG,,,0,0,0,JAWA TIMUR,TULUNGAGUNG,NGUNUT,SUMBERINGIN KULON,TULUNG AGUNG
776893891,,ODP-TUL-FS/15,-8.044572,111.864335,,,7,9,0,0,16,REGIONAL 5,KEDIRI,TULUNG AGUNG,TUL,,,2024-03-16 23:26:59,2016-08-02,2016,8,NON TITO,,,JAWA TIMUR,0.5625,YELLOW,34235719,AREA 3,JATIM,MALANG,TULUNGAGUNG,,,0,0,0,JAWA TIMUR,TULUNGAGUNG,KAUMAN,MOJOSARI,TULUNG AGUNG
776893907,,ODP-TUL-FS/16,-8.04599,111.864073,,,2,6,0,0,8,REGIONAL 5,KEDIRI,TULUNG AGUNG,TUL,,,2024-03-16 23:27:15,2016-08-02,2016,8,NON TITO,,,JAWA TIMUR,0.75,YELLOW,34235758,AREA 3,JATIM,MALANG,TULUNGAGUNG,,,0,0,0,JAWA TIMUR,TULUNGAGUNG,KAUMAN,MOJOSARI,TULUNG AGUNG
1007004803,,ODP-PRI-FB/12,-8.264363,111.720989,,,5,11,0,0,16,REGIONAL 5,KEDIRI,TULUNG AGUNG,PRI,,,2024-03-16 23:23:20,2016-10-26,2016,10,NON TITO,,,JAWA TIMUR,0.6875,YELLOW,36784639,AREA 3,JATIM,MADIUN,PONOROGO,,,0,0,0,JAWA TIMUR,TRENGGALEK,WATULIMO,PRIGI,TULUNG AGUNG
2860919229,,ODP-TUL-FAK/02,-7.942552,111.830995,,,4,4,0,0,8,REGIONAL 5,KEDIRI,TULUNG AGUNG,TUL,,,2024-03-16 23:29:15,2018-08-30,2018,8,NON TITO,,,JAWA TIMUR,0.5,YELLOW,389611851,AREA 3,JATIM,MALANG,TULUNGAGUNG,,,0,0,0,JAWA TIMUR,TULUNGAGUNG,SENDANG,SENDANG,TULUNG AGUNG
2819968914,,ODP-TUL-FAL/23,-8.075798,111.89734,,,4,4,0,0,8,REGIONAL 5,KEDIRI,TULUNG AGUNG,TUL,,,2024-03-16 23:26:08,2018-08-16,2018,8,NON TITO,,,JAWA TIMUR,0.5,YELLOW,389508738,AREA 3,JATIM,MALANG,TULUNGAGUNG,,,0,0,0,JAWA TIMUR,TULUNGAGUNG,TULUNGAGUNG,KARANGWARU,TULUNG AGUNG
787843712,,ODP-TUL-FZ/13,-8.080694,111.896514,,,9,7,0,0,16,REGIONAL 5,KEDIRI,TULUNG AGUNG,TUL,,,2024-03-16 23:22:07,2016-08-04,2016,8,NON TITO,,,JAWA TIMUR,0.4375,YELLOW,34097152,AREA 3,JATIM,MALANG,TULUNGAGUNG,,,0,0,0,JAWA TIMUR,TULUNGAGUNG,BOYOLANGU,GEDANGSEWU,TULUNG AGUNG
2122094428,,ODP-TUL-FQ/08,-8.058929,111.904623,,,6,10,0,0,16,REGIONAL 5,KEDIRI,TULUNG AGUNG,TUL,,,2024-03-16 23:26:50,2018-01-05,2018,1,NON TITO,,,JAWA TIMUR,0.625,YELLOW,259364344,AREA 3,JATIM,MALANG,TULUNGAGUNG,,,0,0,0,JAWA TIMUR,TULUNGAGUNG,KEDUNGWARU,KEDUNGWARU,TULUNG AGUNG
1053347938,,ODP-CAT-FE/18,-8.17007,111.80244,,,9,7,0,0,16,REGIONAL 5,KEDIRI,TULUNG AGUNG,CAT,,,2024-03-16 23:24:00,2016-11-12,2016,11,NON TITO,,,JAWA TIMUR,0.4375,YELLOW,38460070,AREA 3,JATIM,MALANG,TULUNGAGUNG,,,0,0,0,JAWA TIMUR,TULUNGAGUNG,PAKEL,SUKOANYAR,TULUNG AGUNG
1970444517,,ODP-NGU-FD/28,-8.126656,112.015284,,,4,4,0,0,8,REGIONAL 5,KEDIRI,TULUNG AGUNG,NGU,,,2024-03-16 23:22:43,2017-11-07,2017,11,NON TITO,,,JAWA TIMUR,0.5,YELLOW,242297638,AREA 3,JATIM,MALANG,TULUNGAGUNG,,,0,0,0,JAWA TIMUR,TULUNGAGUNG,NGUNUT,KALANGAN,TULUNG AGUNG
2139945234,,ODP-TRE-FN/04,-8.096476,111.753913,,,4,4,0,0,8,REGIONAL 5,KEDIRI,TULUNG AGUNG,TRE,,,2024-03-16 23:28:36,2018-01-12,2018,1,NON TITO,,,JAWA TIMUR,0.5,YELLOW,268447564,AREA 3,JATIM,MADIUN,PONOROGO,,,0,0,0,JAWA TIMUR,TRENGGALEK,POGALAN,BENDOREJO,TULUNG AGUNG
2139945472,,ODP-TRE-FN/14,-8.081564,111.747323,,,3,5,0,0,8,REGIONAL 5,KEDIRI,TULUNG AGUNG,TRE,,,2024-03-16 23:28:35,2018-01-12,2018,1,NON TITO,,,JAWA TIMUR,0.625,YELLOW,268447626,AREA 3,JATIM,MADIUN,PONOROGO,,,0,0,0,JAWA TIMUR,TRENGGALEK,POGALAN,GEMBLEB,TULUNG AGUNG
2139945708,,ODP-TRE-FN/15,-8.06359,111.751632,,,3,5,0,0,8,REGIONAL 5,KEDIRI,TULUNG AGUNG,TRE,,,2024-03-16 23:28:39,2018-01-12,2018,1,NON TITO,,,JAWA TIMUR,0.625,YELLOW,268447690,AREA 3,JATIM,MADIUN,PONOROGO,,,0,0,0,JAWA TIMUR,TRENGGALEK,POGALAN,NGULANWETAN,TULUNG AGUNG
2138969069,,ODP-TUL-FF/38,-8.08528,111.922772,,,2,5,0,0,8,REGIONAL 5,KEDIRI,TULUNG AGUNG,TUL,,,2024-03-16 23:22:19,2018-01-12,2018,1,NON TITO,,,JAWA TIMUR,0.625,YELLOW,268449896,AREA 3,JATIM,MALANG,TULUNGAGUNG,,,0,0,0,JAWA TIMUR,TULUNGAGUNG,BOYOLANGU,TANJUNGSARI,TULUNG AGUNG
1841594955,,ODP-KWR-FA/11,-8.179783,111.972661,,,6,10,0,0,16,REGIONAL 5,KEDIRI,TULUNG AGUNG,KWR,,,2024-03-16 23:26:50,2017-09-20,2017,9,NON TITO,,,JAWA TIMUR,0.625,YELLOW,206489132,AREA 3,JATIM,MALANG,TULUNGAGUNG,,,0,0,0,JAWA TIMUR,TULUNGAGUNG,KALIDAWIR,KARANGTALUN,TULUNG AGUNG
2138969074,,ODP-TUL-FF/41,-8.082191,111.914058,,,8,8,0,0,16,REGIONAL 5,KEDIRI,TULUNG AGUNG,TUL,,,2024-03-16 23:22:05,2018-01-12,2018,1,NON TITO,,,JAWA TIMUR,0.5,YELLOW,268449903,AREA 3,JATIM,MALANG,TULUNGAGUNG,,,0,0,0,JAWA TIMUR,TULUNGAGUNG,BOYOLANGU,SERUT,TULUNG AGUNG
1841594833,,ODP-KWR-FA/04,-8.174379,111.990854,,,3,5,0,0,8,REGIONAL 5,KEDIRI,TULUNG AGUNG,KWR,,,2024-03-16 23:25:54,2017-09-20,2017,9,NON TITO,,,JAWA TIMUR,0.625,YELLOW,206489058,AREA 3,JATIM,MALANG,TULUNGAGUNG,,,0,0,0,JAWA TIMUR,TULUNGAGUNG,KALIDAWIR,KALIDAWIR,TULUNG AGUNG
2138969079,,ODP-TUL-FF/19,-8.080001,111.933566,,,2,6,0,0,8,REGIONAL 5,KEDIRI,TULUNG AGUNG,TUL,,,2024-03-16 23:22:16,2018-01-12,2018,1,NON TITO,,,JAWA TIMUR,0.75,YELLOW,268449910,AREA 3,JATIM,MALANG,TULUNGAGUNG,,,0,0,0,JAWA TIMUR,TULUNGAGUNG,KEDUNGWARU,PLOSOKANDANG,TULUNG AGUNG
1841594970,,ODP-KWR-FA/09,-8.180549,111.977879,,,6,10,0,0,16,REGIONAL 5,KEDIRI,TULUNG AGUNG,KWR,,,2024-03-16 23:26:51,2017-09-20,2017,9,NON TITO,,,JAWA TIMUR,0.625,YELLOW,194049089,AREA 3,JATIM,MALANG,TULUNGAGUNG,,,0,0,0,JAWA TIMUR,TULUNGAGUNG,KALIDAWIR,KALIDAWIR,TULUNG AGUNG
2138969084,,ODP-TUL-FF/44,-8.081084,111.922757,,,3,5,0,0,8,REGIONAL 5,KEDIRI,TULUNG AGUNG,TUL,,,2024-03-16 23:22:18,2018-01-12,2018,1,NON TITO,,,JAWA TIMUR,0.625,YELLOW,268449928,AREA 3,JATIM,MALANG,TULUNGAGUNG,,,0,0,0,JAWA TIMUR,TULUNGAGUNG,KEDUNGWARU,PLOSOKANDANG,TULUNG AGUNG
1841594960,,ODP-KWR-FA/06,-8.177883,111.982875,,,2,6,0,0,8,REGIONAL 5,KEDIRI,TULUNG AGUNG,KWR,,,2024-03-16 23:26:58,2017-09-20,2017,9,NON TITO,,,JAWA TIMUR,0.75,YELLOW,194049083,AREA 3,JATIM,MALANG,TULUNGAGUNG,,,0,0,0,JAWA TIMUR,TULUNGAGUNG,KALIDAWIR,KALIDAWIR,TULUNG AGUNG
1841594308,,ODP-KWR-FA/05,-8.175774,111.987539,,,6,10,0,0,16,REGIONAL 5,KEDIRI,TULUNG AGUNG,KWR,,,2024-03-16 23:26:18,2017-09-20,2017,9,NON TITO,,,JAWA TIMUR,0.625,YELLOW,194048577,AREA 3,JATIM,MALANG,TULUNGAGUNG,,,0,0,0,JAWA TIMUR,TULUNGAGUNG,KALIDAWIR,KALIDAWIR,TULUNG AGUNG
2138969104,,ODP-TUL-FF/22,-8.079402,111.930127,,,4,4,0,0,8,REGIONAL 5,KEDIRI,TULUNG AGUNG,TUL,,,2024-03-16 23:22:21,2018-01-12,2018,1,NON TITO,,,JAWA TIMUR,0.5,YELLOW,268449961,AREA 3,JATIM,MALANG,TULUNGAGUNG,,,0,0,0,JAWA TIMUR,TULUNGAGUNG,KEDUNGWARU,PLOSOKANDANG,TULUNG AGUNG
1620797102,,ODP-TUL-FN/28,-8.074043,111.888434,,,2,6,0,0,8,REGIONAL 5,KEDIRI,TULUNG AGUNG,TUL,,,2024-03-16 23:25:40,2017-07-21,2017,7,NON TITO,,,JAWA TIMUR,0.75,YELLOW,179543958,AREA 3,JATIM,MALANG,TULUNGAGUNG,,,0,0,0,JAWA TIMUR,TULUNGAGUNG,BOYOLANGU,GEDANGSEWU,TULUNG AGUNG
2138969146,,ODP-TUL-FF/23,-8.088531,111.934692,,,5,11,0,0,16,REGIONAL 5,KEDIRI,TULUNG AGUNG,TUL,,,2024-03-16 23:22:24,2018-01-12,2018,1,NON TITO,,,JAWA TIMUR,0.6875,YELLOW,268450008,AREA 3,JATIM,MALANG,TULUNGAGUNG,,,0,0,0,JAWA TIMUR,TULUNGAGUNG,SUMBERGEMPOL,WONOREJO,TULUNG AGUNG
2138969181,,ODP-TUL-FF/42,-8.082793,111.917762,,,5,11,0,0,16,REGIONAL 5,KEDIRI,TULUNG AGUNG,TUL,,,2024-03-16 23:21:59,2018-01-12,2018,1,NON TITO,,,JAWA TIMUR,0.6875,YELLOW,268450047,AREA 3,JATIM,MALANG,TULUNGAGUNG,,,0,0,0,JAWA TIMUR,TULUNGAGUNG,BOYOLANGU,SERUT,TULUNG AGUNG
2138969186,,ODP-TUL-FF/39,-8.084684,111.917387,,,3,5,0,0,8,REGIONAL 5,KEDIRI,TULUNG AGUNG,TUL,,,2024-03-16 23:22:17,2018-01-12,2018,1,NON TITO,,,JAWA TIMUR,0.625,YELLOW,268450053,AREA 3,JATIM,MALANG,TULUNGAGUNG,,,0,0,0,JAWA TIMUR,TULUNGAGUNG,BOYOLANGU,SERUT,TULUNG AGUNG
2138969191,,ODP-TUL-FF/31,-8.090723,111.916863,,,4,4,0,0,8,REGIONAL 5,KEDIRI,TULUNG AGUNG,TUL,,,2024-03-16 23:22:22,2018-01-12,2018,1,NON TITO,,,JAWA TIMUR,0.5,YELLOW,268450060,AREA 3,JATIM,MALANG,TULUNGAGUNG,,,0,0,0,JAWA TIMUR,TULUNGAGUNG,BOYOLANGU,KARANGREJO,TULUNG AGUNG
1601443625,,ODP-NGU-FB/03,-8.120018,112.082173,,,6,10,0,0,16,REGIONAL 5,KEDIRI,TULUNG AGUNG,NGU,,,2024-03-16 23:25:07,2017-07-14,2017,7,NON TITO,,,JAWA TIMUR,0.625,YELLOW,179509058,AREA 3,JATIM,MALANG,TULUNGAGUNG,,,0,0,0,JAWA TIMUR,TULUNGAGUNG,REJOTANGAN,REJOTANGAN,TULUNG AGUNG
2138969257,,ODP-TUL-FF/30,-8.091063,111.921082,,,4,4,0,0,8,REGIONAL 5,KEDIRI,TULUNG AGUNG,TUL,,,2024-03-16 23:22:06,2018-01-12,2018,1,NON TITO,,,JAWA TIMUR,0.5,YELLOW,268450151,AREA 3,JATIM,MALANG,TULUNGAGUNG,,,0,0,0,JAWA TIMUR,TULUNGAGUNG,BOYOLANGU,KARANGREJO,TULUNG AGUNG
2138969267,,ODP-TUL-FF/16,-8.08233,111.937756,,,8,8,0,0,16,REGIONAL 5,KEDIRI,TULUNG AGUNG,TUL,,,2024-03-16 23:21:59,2018-01-12,2018,1,NON TITO,,,JAWA TIMUR,0.5,YELLOW,268450159,AREA 3,JATIM,MALANG,TULUNGAGUNG,,,0,0,0,JAWA TIMUR,TULUNGAGUNG,BOYOLANGU,TANJUNGSARI,TULUNG AGUNG
2138969277,,ODP-TUL-FF/18,-8.080312,111.935401,,,4,4,0,0,8,REGIONAL 5,KEDIRI,TULUNG AGUNG,TUL,,,2024-03-16 23:22:16,2018-01-12,2018,1,NON TITO,,,JAWA TIMUR,0.5,YELLOW,268450167,AREA 3,JATIM,MALANG,TULUNGAGUNG,,,0,0,0,JAWA TIMUR,TULUNGAGUNG,KEDUNGWARU,PLOSOKANDANG,TULUNG AGUNG
1601443626,,ODP-NGU-FB/04,-8.12097,112.08318,,,4,12,0,0,16,REGIONAL 5,KEDIRI,TULUNG AGUNG,NGU,,,2024-03-16 23:26:08,2017-07-14,2017,7,NON TITO,,,JAWA TIMUR,0.75,YELLOW,178999302,AREA 3,JATIM,MALANG,TULUNGAGUNG,,,0,0,0,JAWA TIMUR,TULUNGAGUNG,REJOTANGAN,REJOTANGAN,TULUNG AGUNG
2138969282,,ODP-TUL-FF/14,-8.081147,111.940123,,,5,11,0,0,16,REGIONAL 5,KEDIRI,TULUNG AGUNG,TUL,,,2024-03-16 23:22:18,2018-01-12,2018,1,NON TITO,,,JAWA TIMUR,0.6875,YELLOW,268450170,AREA 3,JATIM,MALANG,TULUNGAGUNG,,,0,0,0,JAWA TIMUR,TULUNGAGUNG,SUMBERGEMPOL,SUMBERDADI,TULUNG AGUNG
2138969317,,ODP-TUL-FF/43,-8.083109,111.922466,,,4,4,0,0,8,REGIONAL 5,KEDIRI,TULUNG AGUNG,TUL,,,2024-03-16 23:22:21,2018-01-12,2018,1,NON TITO,,,JAWA TIMUR,0.5,YELLOW,268450209,AREA 3,JATIM,MALANG,TULUNGAGUNG,,,0,0,0,JAWA TIMUR,TULUNGAGUNG,BOYOLANGU,TANJUNGSARI,TULUNG AGUNG
1551649423,,ODP-TUL-FL/43,-8.065752,111.907397,,,8,8,0,0,16,REGIONAL 5,KEDIRI,TULUNG AGUNG,TUL,,,2024-03-16 23:22:37,2017-06-21,2017,6,NON TITO,,,JAWA TIMUR,0.5,YELLOW,173497566,AREA 3,JATIM,MALANG,TULUNGAGUNG,,,0,0,0,JAWA TIMUR,TULUNGAGUNG,TULUNGAGUNG,BAGO,TULUNG AGUNG
1551648998,,ODP-TRE-FC/35,-8.046993,111.708051,,,4,4,0,0,8,REGIONAL 5,KEDIRI,TULUNG AGUNG,TRE,,,2024-03-16 23:21:33,2017-06-21,2017,6,NON TITO,,,JAWA TIMUR,0.5,YELLOW,173497292,AREA 3,JATIM,MADIUN,PONOROGO,,,0,0,0,JAWA TIMUR,TRENGGALEK,TRENGGALEK,NGANTRU,TULUNG AGUNG
2138969348,,ODP-TUL-FF/35,-8.087299,111.921927,,,2,6,0,0,8,REGIONAL 5,KEDIRI,TULUNG AGUNG,TUL,,,2024-03-16 23:22:27,2018-01-12,2018,1,NON TITO,,,JAWA TIMUR,0.75,YELLOW,268450243,AREA 3,JATIM,MALANG,TULUNGAGUNG,,,0,0,0,JAWA TIMUR,TULUNGAGUNG,BOYOLANGU,TANJUNGSARI,TULUNG AGUNG
1971496592,,ODP-TUL-FH/45,-8.035785,111.932711,,,3,5,0,0,8,REGIONAL 5,KEDIRI,TULUNG AGUNG,TUL,,,2024-03-16 23:23:33,2017-11-08,2017,11,NON TITO,,,JAWA TIMUR,0.625,YELLOW,242299278,AREA 3,JATIM,MALANG,TULUNGAGUNG,,,0,0,0,JAWA TIMUR,TULUNGAGUNG,KEDUNGWARU,TAPAN,TULUNG AGUNG
2138969363,,ODP-TUL-FF/24,-8.085392,111.933466,,,3,5,0,0,8,REGIONAL 5,KEDIRI,TULUNG AGUNG,TUL,,,2024-03-16 23:22:21,2018-01-12,2018,1,NON TITO,,,JAWA TIMUR,0.625,YELLOW,268450261,AREA 3,JATIM,MALANG,TULUNGAGUNG,,,0,0,0,JAWA TIMUR,TULUNGAGUNG,SUMBERGEMPOL,WONOREJO,TULUNG AGUNG
2139944680,,ODP-TRE-FN/22,-8.086203,111.7484,,,7,9,0,0,16,REGIONAL 5,KEDIRI,TULUNG AGUNG,TRE,,,2024-03-16 23:28:26,2018-01-12,2018,1,NON TITO,,,JAWA TIMUR,0.5625,YELLOW,268447418,AREA 3,JATIM,MADIUN,PONOROGO,,,0,0,0,JAWA TIMUR,TRENGGALEK,POGALAN,BENDOREJO,TULUNG AGUNG
1975025767,,ODP-PRI-FB/90,-8.298433,111.739965,,,8,8,0,0,16,REGIONAL 5,KEDIRI,TULUNG AGUNG,PRI,,,2024-03-16 23:29:16,2017-11-15,2017,11,NON TITO,,,JAWA TIMUR,0.5,YELLOW,255763439,AREA 3,JATIM,MADIUN,PONOROGO,,,0,0,0,JAWA TIMUR,TRENGGALEK,WATULIMO,PRIGI,TULUNG AGUNG
2139945239,,ODP-TRE-FN/09,-8.102274,111.746788,,,8,8,0,0,16,REGIONAL 5,KEDIRI,TULUNG AGUNG,TRE,,,2024-03-16 23:28:35,2018-01-12,2018,1,NON TITO,,,JAWA TIMUR,0.5,YELLOW,267992163,AREA 3,JATIM,MADIUN,PONOROGO,,,0,0,0,JAWA TIMUR,TRENGGALEK,GANDUSARI,KRANDEGAN,TULUNG AGUNG
2042294796,,ODP-TUL-FB/30,-8.109738,111.913201,,,7,9,0,0,16,REGIONAL 5,KEDIRI,TULUNG AGUNG,TUL,,,2024-03-16 23:21:45,2017-12-12,2017,12,NON TITO,,,JAWA TIMUR,0.5625,YELLOW,256077963,AREA 3,JATIM,MALANG,TULUNGAGUNG,,,0,0,0,JAWA TIMUR,TULUNGAGUNG,BOYOLANGU,SANGGRAHAN,TULUNG AGUNG
2139945467,,ODP-TRE-FN/24,-8.093517,111.751951,,,2,5,0,0,8,REGIONAL 5,KEDIRI,TULUNG AGUNG,TRE,,,2024-03-16 23:28:34,2018-01-12,2018,1,NON TITO,,,JAWA TIMUR,0.625,YELLOW,267992240,AREA 3,JATIM,MADIUN,PONOROGO,,,0,0,0,JAWA TIMUR,TRENGGALEK,POGALAN,BENDOREJO,TULUNG AGUNG
2042294448,,ODP-TUL-FS/42,-8.053464,111.873472,,,7,9,0,0,16,REGIONAL 5,KEDIRI,TULUNG AGUNG,TUL,,,2024-03-16 23:22:21,2017-12-12,2017,12,NON TITO,,,JAWA TIMUR,0.5625,YELLOW,256077712,AREA 3,JATIM,MALANG,TULUNGAGUNG,,,0,0,0,JAWA TIMUR,TULUNGAGUNG,KAUMAN,PANGGUNGREJO,TULUNG AGUNG
2139945713,,ODP-TRE-FN/13,-8.076038,111.746155,,,2,6,0,0,8,REGIONAL 5,KEDIRI,TULUNG AGUNG,TRE,,,2024-03-16 23:28:51,2018-01-12,2018,1,NON TITO,,,JAWA TIMUR,0.75,YELLOW,267992319,AREA 3,JATIM,MADIUN,PONOROGO,,,0,0,0,JAWA TIMUR,TRENGGALEK,POGALAN,GEMBLEB,TULUNG AGUNG
2042294438,,ODP-TUL-FS/39,-8.055804,111.880947,,,9,7,0,0,16,REGIONAL 5,KEDIRI,TULUNG AGUNG,TUL,,,2024-03-16 23:22:20,2017-12-12,2017,12,NON TITO,,,JAWA TIMUR,0.4375,YELLOW,256077704,AREA 3,JATIM,MALANG,TULUNGAGUNG,,,0,0,0,JAWA TIMUR,TULUNGAGUNG,KAUMAN,BATANGSAREN,TULUNG AGUNG
2042294428,,ODP-TUL-FS/45,-8.049947,111.870578,,,8,8,0,0,16,REGIONAL 5,KEDIRI,TULUNG AGUNG,TUL,,,2024-03-16 23:22:21,2017-12-12,2017,12,NON TITO,,,JAWA TIMUR,0.5,YELLOW,256077698,AREA 3,JATIM,MALANG,TULUNGAGUNG,,,0,0,0,JAWA TIMUR,TULUNGAGUNG,KAUMAN,PANGGUNGREJO,TULUNG AGUNG
2042294423,,ODP-TUL-FB/45,-8.075965,111.916714,,,4,11,0,0,16,REGIONAL 5,KEDIRI,TULUNG AGUNG,TUL,,,2024-03-16 23:22:22,2017-12-12,2017,12,NON TITO,,,JAWA TIMUR,0.6875,YELLOW,256077695,AREA 3,JATIM,MALANG,TULUNGAGUNG,,,0,0,0,JAWA TIMUR,TULUNGAGUNG,KEDUNGWARU,PLOSOKANDANG,TULUNG AGUNG
2042294418,,ODP-TUL-FB/41,-8.079039,111.928064,,,8,8,0,0,16,REGIONAL 5,KEDIRI,TULUNG AGUNG,TUL,,,2024-03-16 23:22:26,2017-12-12,2017,12,NON TITO,,,JAWA TIMUR,0.5,YELLOW,256077691,AREA 3,JATIM,MALANG,TULUNGAGUNG,,,0,0,0,JAWA TIMUR,TULUNGAGUNG,KEDUNGWARU,PLOSOKANDANG,TULUNG AGUNG
2042294413,,ODP-TUL-FB/38,-8.080329,111.9073,,,7,9,0,0,16,REGIONAL 5,KEDIRI,TULUNG AGUNG,TUL,,,2024-03-16 23:22:22,2017-12-12,2017,12,NON TITO,,,JAWA TIMUR,0.5625,YELLOW,256077688,AREA 3,JATIM,MALANG,TULUNGAGUNG,,,0,0,0,JAWA TIMUR,TULUNGAGUNG,BOYOLANGU,SERUT,TULUNG AGUNG
2042294122,,ODP-TUL-FS/44,-8.050307,111.872475,,,5,11,0,0,16,REGIONAL 5,KEDIRI,TULUNG AGUNG,TUL,,,2024-03-16 23:21:59,2017-12-12,2017,12,NON TITO,,,JAWA TIMUR,0.6875,YELLOW,256077460,AREA 3,JATIM,MALANG,TULUNGAGUNG,,,0,0,0,JAWA TIMUR,TULUNGAGUNG,KAUMAN,PANGGUNGREJO,TULUNG AGUNG
2042294017,,ODP-TUL-FB/29,-8.07719,111.926293,,,7,9,0,0,16,REGIONAL 5,KEDIRI,TULUNG AGUNG,TUL,,,2024-03-16 23:21:43,2017-12-12,2017,12,NON TITO,,,JAWA TIMUR,0.5625,YELLOW,256077368,AREA 3,JATIM,MALANG,TULUNGAGUNG,,,0,0,0,JAWA TIMUR,TULUNGAGUNG,KEDUNGWARU,PLOSOKANDANG,TULUNG AGUNG
2139944254,,ODP-TRE-FN/01,-8.101973,111.757953,,,5,11,0,0,16,REGIONAL 5,KEDIRI,TULUNG AGUNG,TRE,,,2024-03-16 23:26:56,2018-01-12,2018,1,NON TITO,,,JAWA TIMUR,0.6875,YELLOW,268447161,AREA 3,JATIM,MADIUN,PONOROGO,,,0,0,0,JAWA TIMUR,TRENGGALEK,POGALAN,BENDOREJO,TULUNG AGUNG
2139944259,,ODP-TRE-FN/08,-8.095267,111.749037,,,4,4,0,0,8,REGIONAL 5,KEDIRI,TULUNG AGUNG,TRE,,,2024-03-16 23:28:26,2018-01-12,2018,1,NON TITO,,,JAWA TIMUR,0.5,YELLOW,268447164,AREA 3,JATIM,MADIUN,PONOROGO,,,0,0,0,JAWA TIMUR,TRENGGALEK,POGALAN,BENDOREJO,TULUNG AGUNG
2139944264,,ODP-TRE-FN/11,-8.095199,111.748158,,,6,10,0,0,16,REGIONAL 5,KEDIRI,TULUNG AGUNG,TRE,,,2024-03-16 23:28:30,2018-01-12,2018,1,NON TITO,,,JAWA TIMUR,0.625,YELLOW,268447167,AREA 3,JATIM,MADIUN,PONOROGO,,,0,0,0,JAWA TIMUR,TRENGGALEK,POGALAN,BENDOREJO,TULUNG AGUNG
2036219794,,ODP-TUL-FK/10,-8.092009,111.947173,,,8,8,0,0,16,REGIONAL 5,KEDIRI,TULUNG AGUNG,TUL,,,2024-03-16 23:25:19,2017-12-12,2017,12,NON TITO,,,JAWA TIMUR,0.5,YELLOW,256070777,AREA 3,JATIM,MALANG,TULUNGAGUNG,,,0,0,0,JAWA TIMUR,TULUNGAGUNG,SUMBERGEMPOL,WONOREJO,TULUNG AGUNG
2036219155,,ODP-TUL-FW/20,-8.040952,111.899678,,,6,9,0,0,16,REGIONAL 5,KEDIRI,TULUNG AGUNG,TUL,,,2024-03-16 23:25:01,2017-12-12,2017,12,NON TITO,,,JAWA TIMUR,0.5625,YELLOW,256070527,AREA 3,JATIM,MALANG,TULUNGAGUNG,,,0,0,0,JAWA TIMUR,TULUNGAGUNG,KEDUNGWARU,WINONG,TULUNG AGUNG
2139944269,,ODP-TRE-FN/17,-8.072056,111.751425,,,4,4,0,0,8,REGIONAL 5,KEDIRI,TULUNG AGUNG,TRE,,,2024-03-16 23:27:12,2018-01-12,2018,1,NON TITO,,,JAWA TIMUR,0.5,YELLOW,268447170,AREA 3,JATIM,MADIUN,PONOROGO,,,0,0,0,JAWA TIMUR,TRENGGALEK,POGALAN,GEMBLEB,TULUNG AGUNG
2139944419,,ODP-TRE-FN/16,-8.071984,111.75722,,,2,6,0,0,8,REGIONAL 5,KEDIRI,TULUNG AGUNG,TRE,,,2024-03-16 23:26:46,2018-01-12,2018,1,NON TITO,,,JAWA TIMUR,0.75,YELLOW,268447260,AREA 3,JATIM,MADIUN,PONOROGO,,,0,0,0,JAWA TIMUR,TRENGGALEK,POGALAN,GEMBLEB,TULUNG AGUNG
2012382520,,ODP-DRN-FB/02,-8.092663,111.824899,,,2,6,0,0,8,REGIONAL 5,KEDIRI,TULUNG AGUNG,DRN,,,2024-03-16 23:27:08,2017-12-06,2017,12,NON TITO,,,JAWA TIMUR,0.75,YELLOW,256015550,AREA 3,JATIM,MADIUN,PONOROGO,,,0,0,0,JAWA TIMUR,TRENGGALEK,DURENAN,BARUHARJO,TULUNG AGUNG
2019869708,,ODP-TUL-FA/77,-8.058665,111.918352,,,2,6,0,0,8,REGIONAL 5,KEDIRI,TULUNG AGUNG,TUL,,,2024-03-16 23:24:17,2017-12-06,2017,12,NON TITO,,,JAWA TIMUR,0.75,YELLOW,256010997,AREA 3,JATIM,MALANG,TULUNGAGUNG,,,0,0,0,JAWA TIMUR,TULUNGAGUNG,KEDUNGWARU,KEDUNGWARU,TULUNG AGUNG
2139944424,,ODP-TRE-FN/05,-8.09633,111.752785,,,3,5,0,0,8,REGIONAL 5,KEDIRI,TULUNG AGUNG,TRE,,,2024-03-16 23:27:26,2018-01-12,2018,1,NON TITO,,,JAWA TIMUR,0.625,YELLOW,268447263,AREA 3,JATIM,MADIUN,PONOROGO,,,0,0,0,JAWA TIMUR,TRENGGALEK,POGALAN,BENDOREJO,TULUNG AGUNG
2139944429,,ODP-TRE-FN/03,-8.098112,111.754782,,,4,4,0,0,8,REGIONAL 5,KEDIRI,TULUNG AGUNG,TRE,,,2024-03-16 23:27:58,2018-01-12,2018,1,NON TITO,,,JAWA TIMUR,0.5,YELLOW,268447266,AREA 3,JATIM,MADIUN,PONOROGO,,,0,0,0,JAWA TIMUR,TRENGGALEK,POGALAN,BENDOREJO,TULUNG AGUNG
2012370132,,GCL-TUL-F15/04,-8.063533,111.895592,,,8,8,0,0,16,REGIONAL 5,KEDIRI,TULUNG AGUNG,TUL,,,2024-03-16 23:21:06,2017-11-30,2017,11,NON TITO,,,JAWA TIMUR,0.5,YELLOW,255996816,AREA 3,JATIM,MALANG,TULUNGAGUNG,,,0,0,0,JAWA TIMUR,TULUNGAGUNG,TULUNGAGUNG,KAUMAN,TULUNG AGUNG
2139944434,,ODP-TRE-FN/23,-8.093655,111.752799,,,9,7,0,0,16,REGIONAL 5,KEDIRI,TULUNG AGUNG,TRE,,,2024-03-16 23:27:19,2018-01-12,2018,1,NON TITO,,,JAWA TIMUR,0.4375,YELLOW,268447269,AREA 3,JATIM,MADIUN,PONOROGO,,,0,0,0,JAWA TIMUR,TRENGGALEK,POGALAN,BENDOREJO,TULUNG AGUNG
2036220365,,ODP-TUL-FW/22,-8.049004,111.898814,,,7,9,0,0,16,REGIONAL 5,KEDIRI,TULUNG AGUNG,TUL,,,2024-03-16 23:25:16,2017-12-12,2017,12,NON TITO,,,JAWA TIMUR,0.5625,YELLOW,255983525,AREA 3,JATIM,MALANG,TULUNGAGUNG,,,0,0,0,JAWA TIMUR,TULUNGAGUNG,KEDUNGWARU,TAWANGSARI,TULUNG AGUNG
2139944660,,ODP-TRE-FN/10,-8.096778,111.747956,,,2,6,0,0,8,REGIONAL 5,KEDIRI,TULUNG AGUNG,TRE,,,2024-03-16 23:28:23,2018-01-12,2018,1,NON TITO,,,JAWA TIMUR,0.75,YELLOW,268447405,AREA 3,JATIM,MADIUN,PONOROGO,,,0,0,0,JAWA TIMUR,TRENGGALEK,POGALAN,BENDOREJO,TULUNG AGUNG
2139944670,,ODP-TRE-FN/02,-8.100562,111.756517,,,2,6,0,0,8,REGIONAL 5,KEDIRI,TULUNG AGUNG,TRE,,,2024-03-16 23:27:08,2018-01-12,2018,1,NON TITO,,,JAWA TIMUR,0.75,YELLOW,268447411,AREA 3,JATIM,MADIUN,PONOROGO,,,0,0,0,JAWA TIMUR,TRENGGALEK,POGALAN,BENDOREJO,TULUNG AGUNG
2012370329,,GCL-TUL-F15/07,-8.06223,111.891275,,,4,4,0,0,8,REGIONAL 5,KEDIRI,TULUNG AGUNG,TUL,,,2024-03-16 23:24:24,2017-11-30,2017,11,NON TITO,,,JAWA TIMUR,0.5,YELLOW,255934898,AREA 3,JATIM,MALANG,TULUNGAGUNG,,,0,0,0,JAWA TIMUR,TULUNGAGUNG,TULUNGAGUNG,PANGGUNGREJO,TULUNG AGUNG
1968796128,,ODP-CAT-FB/27,-8.216421,111.821389,,,6,10,0,0,16,REGIONAL 5,KEDIRI,TULUNG AGUNG,CAT,,,2024-03-16 23:27:49,2017-11-10,2017,11,NON TITO,,,JAWA TIMUR,0.625,YELLOW,242312836,AREA 3,JATIM,MALANG,TULUNGAGUNG,,,0,0,0,JAWA TIMUR,TULUNGAGUNG,CAMPURDARAT,NGENTRONG,TULUNG AGUNG
1489327357,,ODP-TUL-FAE/03,-8.00753,111.910983,,,9,7,0,0,16,REGIONAL 5,KEDIRI,TULUNG AGUNG,TUL,,,2024-03-16 23:21:19,2017-05-26,2017,5,NON TITO,,,JAWA TIMUR,0.4375,YELLOW,155935524,AREA 3,JATIM,MALANG,TULUNGAGUNG,,,0,0,0,JAWA TIMUR,TULUNGAGUNG,KEDUNGWARU,BORO,TULUNG AGUNG
1489326693,,ODP-TUL-FAE/02,-8.004235,111.912361,,,4,12,0,0,16,REGIONAL 5,KEDIRI,TULUNG AGUNG,TUL,,,2024-03-16 23:22:00,2017-05-26,2017,5,NON TITO,,,JAWA TIMUR,0.75,YELLOW,155935035,AREA 3,JATIM,MALANG,TULUNGAGUNG,,,0,0,0,JAWA TIMUR,TULUNGAGUNG,KEDUNGWARU,BORO,TULUNG AGUNG
1487824380,,ODP-PRI-FA/20,-8.247187,111.703109,,,4,4,0,0,8,REGIONAL 5,KEDIRI,TULUNG AGUNG,PRI,,,2024-03-16 23:22:48,2017-05-24,2017,5,NON TITO,,,JAWA TIMUR,0.5,YELLOW,130064619,AREA 3,JATIM,MADIUN,PONOROGO,,,0,0,0,JAWA TIMUR,TRENGGALEK,WATULIMO,SLAWE,TULUNG AGUNG
1486697113,,ODP-PRI-FB/52,-8.289738,111.699791,,,8,8,0,0,16,REGIONAL 5,KEDIRI,TULUNG AGUNG,PRI,,,2024-03-16 23:27:20,2017-05-23,2017,5,NON TITO,,,JAWA TIMUR,0.5,YELLOW,129919880,AREA 3,JATIM,MADIUN,PONOROGO,,,0,0,0,JAWA TIMUR,TRENGGALEK,WATULIMO,MARGOMULYO,TULUNG AGUNG
2153520960,,ODP-TUL-FN/37,-8.065752,111.887102,,,3,5,0,0,8,REGIONAL 5,KEDIRI,TULUNG AGUNG,TUL,,,2024-03-16 23:24:25,2018-01-17,2018,1,NON TITO,,,JAWA TIMUR,0.625,YELLOW,286893879,AREA 3,JATIM,MALANG,TULUNGAGUNG,,,0,0,0,JAWA TIMUR,TULUNGAGUNG,TULUNGAGUNG,PANGGUNGREJO,TULUNG AGUNG
2153295821,,ODP-TUL-FP/32,-8.070482,111.900028,,,4,12,0,0,16,REGIONAL 5,KEDIRI,TULUNG AGUNG,TUL,,,2024-03-16 23:25:39,2018-01-18,2018,1,NON TITO,,,JAWA TIMUR,0.75,YELLOW,286902543,AREA 3,JATIM,MALANG,TULUNGAGUNG,,,0,0,0,JAWA TIMUR,TULUNGAGUNG,TULUNGAGUNG,KARANGWARU,TULUNG AGUNG
1486697107,,ODP-PRI-FB/28,-8.277472,111.729093,,,2,6,0,0,8,REGIONAL 5,KEDIRI,TULUNG AGUNG,PRI,,,2024-03-16 23:26:23,2017-05-23,2017,5,NON TITO,,,JAWA TIMUR,0.75,YELLOW,129919876,AREA 3,JATIM,MADIUN,PONOROGO,,,0,0,0,JAWA TIMUR,TRENGGALEK,WATULIMO,PRIGI,TULUNG AGUNG
2153295903,,ODP-TUL-FP/15,-8.069494,111.895194,,,8,8,0,0,16,REGIONAL 5,KEDIRI,TULUNG AGUNG,TUL,,,2024-03-16 23:25:54,2018-01-18,2018,1,NON TITO,,,JAWA TIMUR,0.5,YELLOW,286902603,AREA 3,JATIM,MALANG,TULUNGAGUNG,,,0,0,0,JAWA TIMUR,TULUNGAGUNG,TULUNGAGUNG,TERTEK,TULUNG AGUNG
2153295908,,ODP-TUL-FP/14,-8.07095,111.894565,,,5,11,0,0,16,REGIONAL 5,KEDIRI,TULUNG AGUNG,TUL,,,2024-03-16 23:26:03,2018-01-18,2018,1,NON TITO,,,JAWA TIMUR,0.6875,YELLOW,286902606,AREA 3,JATIM,MALANG,TULUNGAGUNG,,,0,0,0,JAWA TIMUR,TULUNGAGUNG,TULUNGAGUNG,TERTEK,TULUNG AGUNG
1486697087,,ODP-PRI-FB/64,-8.26208,111.699345,,,3,5,0,0,8,REGIONAL 5,KEDIRI,TULUNG AGUNG,PRI,,,2024-03-16 23:26:52,2017-05-23,2017,5,NON TITO,,,JAWA TIMUR,0.625,YELLOW,129919867,AREA 3,JATIM,MADIUN,PONOROGO,,,0,0,0,JAWA TIMUR,TRENGGALEK,WATULIMO,SAWAHAN,TULUNG AGUNG
2153295963,,ODP-TUL-FP/23,-8.061799,111.902723,,,6,10,0,0,16,REGIONAL 5,KEDIRI,TULUNG AGUNG,TUL,,,2024-03-16 23:21:07,2018-01-18,2018,1,NON TITO,,,JAWA TIMUR,0.625,YELLOW,286902647,AREA 3,JATIM,MALANG,TULUNGAGUNG,,,0,0,0,JAWA TIMUR,TULUNGAGUNG,TULUNGAGUNG,KAMPUNGDALEM,TULUNG AGUNG
1486697083,,ODP-PRI-FB/26,-8.274778,111.730866,,,4,4,0,0,8,REGIONAL 5,KEDIRI,TULUNG AGUNG,PRI,,,2024-03-16 23:27:11,2017-05-23,2017,5,NON TITO,,,JAWA TIMUR,0.5,YELLOW,129919865,AREA 3,JATIM,MADIUN,PONOROGO,,,0,0,0,JAWA TIMUR,TRENGGALEK,WATULIMO,PRIGI,TULUNG AGUNG
2153296010,,ODP-TUL-FP/36,-8.067103,111.901095,,,6,10,0,0,16,REGIONAL 5,KEDIRI,TULUNG AGUNG,TUL,,,2024-03-16 23:25:08,2018-01-18,2018,1,NON TITO,,,JAWA TIMUR,0.625,YELLOW,286902681,AREA 3,JATIM,MALANG,TULUNGAGUNG,,,0,0,0,JAWA TIMUR,TULUNGAGUNG,TULUNGAGUNG,TAMANAN,TULUNG AGUNG
2153296013,,ODP-TUL-FP/31,-8.07047,111.899428,,,8,8,0,0,16,REGIONAL 5,KEDIRI,TULUNG AGUNG,TUL,,,2024-03-16 23:25:39,2018-01-18,2018,1,NON TITO,,,JAWA TIMUR,0.5,YELLOW,286902683,AREA 3,JATIM,MALANG,TULUNGAGUNG,,,0,0,0,JAWA TIMUR,TULUNGAGUNG,TULUNGAGUNG,KARANGWARU,TULUNG AGUNG
2153296062,,ODP-TUL-FP/20,-8.057976,111.902398,,,6,10,0,0,16,REGIONAL 5,KEDIRI,TULUNG AGUNG,TUL,,,2024-03-16 23:24:47,2018-01-18,2018,1,NON TITO,,,JAWA TIMUR,0.625,YELLOW,286902716,AREA 3,JATIM,MALANG,TULUNGAGUNG,,,0,0,0,JAWA TIMUR,TULUNGAGUNG,KEDUNGWARU,KEDUNGWARU,TULUNG AGUNG
1486697080,,ODP-PRI-FB/82,-8.269717,111.718322,,,8,8,0,0,16,REGIONAL 5,KEDIRI,TULUNG AGUNG,PRI,,,2024-03-16 23:26:40,2017-05-23,2017,5,NON TITO,,,JAWA TIMUR,0.5,YELLOW,129919863,AREA 3,JATIM,MADIUN,PONOROGO,,,0,0,0,JAWA TIMUR,TRENGGALEK,WATULIMO,PRIGI,TULUNG AGUNG
1486697076,,ODP-PRI-FB/66,-8.267798,111.705353,,,4,4,0,0,8,REGIONAL 5,KEDIRI,TULUNG AGUNG,PRI,,,2024-03-16 23:26:50,2017-05-23,2017,5,NON TITO,,,JAWA TIMUR,0.5,YELLOW,129919861,AREA 3,JATIM,MADIUN,PONOROGO,,,0,0,0,JAWA TIMUR,TRENGGALEK,WATULIMO,MARGOMULYO,TULUNG AGUNG
1486697072,,ODP-PRI-FB/46,-8.280918,111.716129,,,9,7,0,0,16,REGIONAL 5,KEDIRI,TULUNG AGUNG,PRI,,,2024-03-16 23:27:25,2017-05-23,2017,5,NON TITO,,,JAWA TIMUR,0.4375,YELLOW,129919858,AREA 3,JATIM,MADIUN,PONOROGO,,,0,0,0,JAWA TIMUR,TRENGGALEK,WATULIMO,PRIGI,TULUNG AGUNG
1486696924,,ODP-PRI-FB/27,-8.27564,111.730258,,,2,6,0,0,8,REGIONAL 5,KEDIRI,TULUNG AGUNG,PRI,,,2024-03-16 23:27:39,2017-05-23,2017,5,NON TITO,,,JAWA TIMUR,0.75,YELLOW,129919805,AREA 3,JATIM,MADIUN,PONOROGO,,,0,0,0,JAWA TIMUR,TRENGGALEK,WATULIMO,PRIGI,TULUNG AGUNG
2153296277,,ODP-TUL-FP/29,-8.065906,111.902009,,,7,9,0,0,16,REGIONAL 5,KEDIRI,TULUNG AGUNG,TUL,,,2024-03-16 23:25:33,2018-01-18,2018,1,NON TITO,,,JAWA TIMUR,0.5625,YELLOW,286902879,AREA 3,JATIM,MALANG,TULUNGAGUNG,,,0,0,0,JAWA TIMUR,TULUNGAGUNG,TULUNGAGUNG,KAMPUNGDALEM,TULUNG AGUNG
1486696726,,ODP-PRI-FB/30,-8.278249,111.733434,,,7,9,0,0,16,REGIONAL 5,KEDIRI,TULUNG AGUNG,PRI,,,2024-03-16 23:27:01,2017-05-23,2017,5,NON TITO,,,JAWA TIMUR,0.5625,YELLOW,129919734,AREA 3,JATIM,MADIUN,PONOROGO,,,0,0,0,JAWA TIMUR,TRENGGALEK,WATULIMO,PRIGI,TULUNG AGUNG
2153296289,,ODP-TUL-FP/26,-8.064587,111.902959,,,8,8,0,0,16,REGIONAL 5,KEDIRI,TULUNG AGUNG,TUL,,,2024-03-16 23:25:45,2018-01-18,2018,1,NON TITO,,,JAWA TIMUR,0.5,YELLOW,286902889,AREA 3,JATIM,MALANG,TULUNGAGUNG,,,0,0,0,JAWA TIMUR,TULUNGAGUNG,TULUNGAGUNG,KAMPUNGDALEM,TULUNG AGUNG
2153296292,,ODP-TUL-FP/13,-8.072306,111.893976,,,2,5,0,0,8,REGIONAL 5,KEDIRI,TULUNG AGUNG,TUL,,,2024-03-16 23:25:19,2018-01-18,2018,1,NON TITO,,,JAWA TIMUR,0.625,YELLOW,286902892,AREA 3,JATIM,MALANG,TULUNGAGUNG,,,0,0,0,JAWA TIMUR,TULUNGAGUNG,TULUNGAGUNG,TERTEK,TULUNG AGUNG
2177894296,,ODP-TRE-FC/36,-8.046521,111.709596,,,8,8,0,0,16,REGIONAL 5,KEDIRI,TULUNG AGUNG,TRE,,,2024-03-16 23:26:45,2018-01-25,2018,1,NON TITO,,,JAWA TIMUR,0.5,YELLOW,294166788,AREA 3,JATIM,MADIUN,PONOROGO,,,0,0,0,JAWA TIMUR,TRENGGALEK,TRENGGALEK,SURODAKAN,TULUNG AGUNG
2178570131,,ODP-KWR-FA/45,-8.176157,111.969196,,,4,12,0,0,16,REGIONAL 5,KEDIRI,TULUNG AGUNG,KWR,,,2024-03-16 23:23:37,2018-01-26,2018,1,NON TITO,,,JAWA TIMUR,0.75,YELLOW,294175251,AREA 3,JATIM,MALANG,TULUNGAGUNG,,,0,0,0,JAWA TIMUR,TULUNGAGUNG,KALIDAWIR,KARANGTALUN,TULUNG AGUNG
1486696360,,ODP-PRI-FB/65,-8.262001,111.7009,,,3,5,0,0,8,REGIONAL 5,KEDIRI,TULUNG AGUNG,PRI,,,2024-03-16 23:26:28,2017-05-23,2017,5,NON TITO,,,JAWA TIMUR,0.625,YELLOW,129919555,AREA 3,JATIM,MADIUN,PONOROGO,,,0,0,0,JAWA TIMUR,TRENGGALEK,WATULIMO,SAWAHAN,TULUNG AGUNG
2178570171,,ODP-KWR-FA/21,-8.184898,111.971259,,,4,4,0,0,8,REGIONAL 5,KEDIRI,TULUNG AGUNG,KWR,,,2024-03-16 23:23:44,2018-01-26,2018,1,NON TITO,,,JAWA TIMUR,0.5,YELLOW,294175277,AREA 3,JATIM,MALANG,TULUNGAGUNG,,,0,0,0,JAWA TIMUR,TULUNGAGUNG,KALIDAWIR,KARANGTALUN,TULUNG AGUNG
2178570201,,ODP-KWR-FA/14,-8.202469,111.971652,,,4,4,0,0,8,REGIONAL 5,KEDIRI,TULUNG AGUNG,KWR,,,2024-03-16 23:23:33,2018-01-26,2018,1,NON TITO,,,JAWA TIMUR,0.5,YELLOW,294175296,AREA 3,JATIM,MALANG,TULUNGAGUNG,,,0,0,0,JAWA TIMUR,TULUNGAGUNG,KALIDAWIR,SUKOREJO KULON,TULUNG AGUNG
1486696357,,ODP-PRI-FB/41,-8.281153,111.72406,,,3,5,0,0,8,REGIONAL 5,KEDIRI,TULUNG AGUNG,PRI,,,2024-03-16 23:27:19,2017-05-23,2017,5,NON TITO,,,JAWA TIMUR,0.625,YELLOW,129919553,AREA 3,JATIM,MADIUN,PONOROGO,,,0,0,0,JAWA TIMUR,TRENGGALEK,WATULIMO,PRIGI,TULUNG AGUNG
1486696354,,ODP-PRI-FB/43,-8.282237,111.722892,,,4,12,0,0,16,REGIONAL 5,KEDIRI,TULUNG AGUNG,PRI,,,2024-03-16 23:26:58,2017-05-23,2017,5,NON TITO,,,JAWA TIMUR,0.75,YELLOW,129919550,AREA 3,JATIM,MADIUN,PONOROGO,,,0,0,0,JAWA TIMUR,TRENGGALEK,WATULIMO,PRIGI,TULUNG AGUNG
1486696344,,ODP-PRI-FB/42,-8.282182,111.724042,,,7,9,0,0,16,REGIONAL 5,KEDIRI,TULUNG AGUNG,PRI,,,2024-03-16 23:27:09,2017-05-23,2017,5,NON TITO,,,JAWA TIMUR,0.5625,YELLOW,129919546,AREA 3,JATIM,MADIUN,PONOROGO,,,0,0,0,JAWA TIMUR,TRENGGALEK,WATULIMO,PRIGI,TULUNG AGUNG
2178570281,,ODP-KWR-FA/34,-8.179233,111.969146,,,7,9,0,0,16,REGIONAL 5,KEDIRI,TULUNG AGUNG,KWR,,,2024-03-16 23:23:07,2018-01-26,2018,1,NON TITO,,,JAWA TIMUR,0.5625,YELLOW,294175367,AREA 3,JATIM,MALANG,TULUNGAGUNG,,,0,0,0,JAWA TIMUR,TULUNGAGUNG,KALIDAWIR,KARANGTALUN,TULUNG AGUNG
1486697117,,ODP-PRI-FB/39,-8.282097,111.725464,,,4,4,0,0,8,REGIONAL 5,KEDIRI,TULUNG AGUNG,PRI,,,2024-03-16 23:26:41,2017-05-23,2017,5,NON TITO,,,JAWA TIMUR,0.5,YELLOW,129919883,AREA 3,JATIM,MADIUN,PONOROGO,,,0,0,0,JAWA TIMUR,TRENGGALEK,WATULIMO,PRIGI,TULUNG AGUNG
2153520450,,ODP-TUL-FN/42,-8.067374,111.89306,,,6,10,0,0,16,REGIONAL 5,KEDIRI,TULUNG AGUNG,TUL,,,2024-03-16 23:23:46,2018-01-17,2018,1,NON TITO,,,JAWA TIMUR,0.625,YELLOW,286893573,AREA 3,JATIM,MALANG,TULUNGAGUNG,,,0,0,0,JAWA TIMUR,TULUNGAGUNG,TULUNGAGUNG,TERTEK,TULUNG AGUNG
2153520440,,ODP-TUL-FN/51,-8.075714,111.881046,,,4,4,0,0,8,REGIONAL 5,KEDIRI,TULUNG AGUNG,TUL,,,2024-03-16 23:24:37,2018-01-17,2018,1,NON TITO,,,JAWA TIMUR,0.5,YELLOW,286893567,AREA 3,JATIM,MALANG,TULUNGAGUNG,,,0,0,0,JAWA TIMUR,TULUNGAGUNG,TULUNGAGUNG,KEDUNGSOKO,TULUNG AGUNG
1486697120,,ODP-PRI-FB/76,-8.271353,111.714328,,,2,6,0,0,8,REGIONAL 5,KEDIRI,TULUNG AGUNG,PRI,,,2024-03-16 23:27:24,2017-05-23,2017,5,NON TITO,,,JAWA TIMUR,0.75,YELLOW,129919885,AREA 3,JATIM,MADIUN,PONOROGO,,,0,0,0,JAWA TIMUR,TRENGGALEK,WATULIMO,PRIGI,TULUNG AGUNG
2138969409,,ODP-TUL-FF/28,-8.08167,111.928685,,,6,10,0,0,16,REGIONAL 5,KEDIRI,TULUNG AGUNG,TUL,,,2024-03-16 23:22:19,2018-01-12,2018,1,NON TITO,,,JAWA TIMUR,0.625,YELLOW,268450305,AREA 3,JATIM,MALANG,TULUNGAGUNG,,,0,0,0,JAWA TIMUR,TULUNGAGUNG,KEDUNGWARU,PLOSOKANDANG,TULUNG AGUNG
1487824376,,ODP-PRI-FA/23,-8.243958,111.704513,,,2,6,0,0,8,REGIONAL 5,KEDIRI,TULUNG AGUNG,PRI,,,2024-03-16 23:23:05,2017-05-24,2017,5,NON TITO,,,JAWA TIMUR,0.75,YELLOW,130064617,AREA 3,JATIM,MADIUN,PONOROGO,,,0,0,0,JAWA TIMUR,TRENGGALEK,WATULIMO,SLAWE,TULUNG AGUNG
1487824373,,ODP-PRI-FA/13,-8.235255,111.708332,,,9,7,0,0,16,REGIONAL 5,KEDIRI,TULUNG AGUNG,PRI,,,2024-03-16 23:23:04,2017-05-24,2017,5,NON TITO,,,JAWA TIMUR,0.4375,YELLOW,130064615,AREA 3,JATIM,MADIUN,PONOROGO,,,0,0,0,JAWA TIMUR,TRENGGALEK,WATULIMO,GEMAHARJO,TULUNG AGUNG
1487824352,,ODP-PRI-FA/17,-8.238766,111.704525,,,3,5,0,0,8,REGIONAL 5,KEDIRI,TULUNG AGUNG,PRI,,,2024-03-16 23:22:07,2017-05-24,2017,5,NON TITO,,,JAWA TIMUR,0.625,YELLOW,130064603,AREA 3,JATIM,MADIUN,PONOROGO,,,0,0,0,JAWA TIMUR,TRENGGALEK,WATULIMO,GEMAHARJO,TULUNG AGUNG
1487824302,,ODP-PRI-FA/22,-8.243708,111.702889,,,6,10,0,0,16,REGIONAL 5,KEDIRI,TULUNG AGUNG,PRI,,,2024-03-16 23:23:02,2017-05-24,2017,5,NON TITO,,,JAWA TIMUR,0.625,YELLOW,130064584,AREA 3,JATIM,MADIUN,PONOROGO,,,0,0,0,JAWA TIMUR,TRENGGALEK,WATULIMO,SLAWE,TULUNG AGUNG
1487824299,,ODP-PRI-FA/07,-8.220556,111.717082,,,4,12,0,0,16,REGIONAL 5,KEDIRI,TULUNG AGUNG,PRI,,,2024-03-16 23:22:42,2017-05-24,2017,5,NON TITO,,,JAWA TIMUR,0.75,YELLOW,130064582,AREA 3,JATIM,MADIUN,PONOROGO,,,0,0,0,JAWA TIMUR,TRENGGALEK,WATULIMO,WATULIMO,TULUNG AGUNG
1487824293,,ODP-PRI-FA/04,-8.209995,111.72743,,,2,6,0,0,8,REGIONAL 5,KEDIRI,TULUNG AGUNG,PRI,,,2024-03-16 23:23:03,2017-05-24,2017,5,NON TITO,,,JAWA TIMUR,0.75,YELLOW,130064578,AREA 3,JATIM,MADIUN,PONOROGO,,,0,0,0,JAWA TIMUR,TRENGGALEK,WATULIMO,WATULIMO,TULUNG AGUNG
2138745496,,ODP-TRE-FA/10,-8.046554,111.714206,,,2,6,0,0,8,REGIONAL 5,KEDIRI,TULUNG AGUNG,TRE,,,2024-03-16 23:23:34,2018-01-12,2018,1,NON TITO,,,JAWA TIMUR,0.75,YELLOW,268455992,AREA 3,JATIM,MADIUN,PONOROGO,,,0,0,0,JAWA TIMUR,TRENGGALEK,TRENGGALEK,SURODAKAN,TULUNG AGUNG
2138745603,,ODP-TRE-FA/08,-8.04727,111.708402,,,7,9,0,0,16,REGIONAL 5,KEDIRI,TULUNG AGUNG,TRE,,,2024-03-16 23:23:45,2018-01-12,2018,1,NON TITO,,,JAWA TIMUR,0.5625,YELLOW,268456057,AREA 3,JATIM,MADIUN,PONOROGO,,,0,0,0,JAWA TIMUR,TRENGGALEK,TRENGGALEK,NGANTRU,TULUNG AGUNG
2138745744,,ODP-TRE-FA/02,-8.04781,111.715079,,,1,6,0,0,8,REGIONAL 5,KEDIRI,TULUNG AGUNG,TRE,,,2024-03-16 23:23:43,2018-01-12,2018,1,NON TITO,,,JAWA TIMUR,0.75,YELLOW,268456104,AREA 3,JATIM,MADIUN,PONOROGO,,,0,0,0,JAWA TIMUR,TRENGGALEK,TRENGGALEK,SURODAKAN,TULUNG AGUNG
2138746053,,ODP-TRE-FA/09,-8.048204,111.708453,,,4,12,0,0,16,REGIONAL 5,KEDIRI,TULUNG AGUNG,TRE,,,2024-03-16 23:23:50,2018-01-12,2018,1,NON TITO,,,JAWA TIMUR,0.75,YELLOW,268456231,AREA 3,JATIM,MADIUN,PONOROGO,,,0,0,0,JAWA TIMUR,TRENGGALEK,TRENGGALEK,NGANTRU,TULUNG AGUNG
1487824421,,ODP-PRI-FA/11,-8.231289,111.712045,,,7,9,0,0,16,REGIONAL 5,KEDIRI,TULUNG AGUNG,PRI,,,2024-03-16 23:23:01,2017-05-24,2017,5,NON TITO,,,JAWA TIMUR,0.5625,YELLOW,129990769,AREA 3,JATIM,MADIUN,PONOROGO,,,0,0,0,JAWA TIMUR,TRENGGALEK,WATULIMO,GEMAHARJO,TULUNG AGUNG
1487824408,,ODP-PRI-FA/15,-8.238549,111.706782,,,4,4,0,0,8,REGIONAL 5,KEDIRI,TULUNG AGUNG,PRI,,,2024-03-16 23:23:06,2017-05-24,2017,5,NON TITO,,,JAWA TIMUR,0.5,YELLOW,129990760,AREA 3,JATIM,MADIUN,PONOROGO,,,0,0,0,JAWA TIMUR,TRENGGALEK,WATULIMO,GEMAHARJO,TULUNG AGUNG
1487824331,,ODP-PRI-FA/19,-8.24114,111.703884,,,2,6,0,0,8,REGIONAL 5,KEDIRI,TULUNG AGUNG,PRI,,,2024-03-16 23:23:00,2017-05-24,2017,5,NON TITO,,,JAWA TIMUR,0.75,YELLOW,129990731,AREA 3,JATIM,MADIUN,PONOROGO,,,0,0,0,JAWA TIMUR,TRENGGALEK,WATULIMO,SLAWE,TULUNG AGUNG
2042295077,,ODP-TUL-FB/35,-8.093078,111.908061,,,6,10,0,0,16,REGIONAL 5,KEDIRI,TULUNG AGUNG,TUL,,,2024-03-16 23:21:25,2017-12-12,2017,12,NON TITO,,,JAWA TIMUR,0.625,YELLOW,256078133,AREA 3,JATIM,MALANG,TULUNGAGUNG,,,0,0,0,JAWA TIMUR,TULUNGAGUNG,BOYOLANGU,WAJAK LOR,TULUNG AGUNG
2138745832,,ODP-TRE-FA/03,-8.047827,111.713693,,,7,9,0,0,16,REGIONAL 5,KEDIRI,TULUNG AGUNG,TRE,,,2024-03-16 23:23:34,2018-01-12,2018,1,NON TITO,,,JAWA TIMUR,0.5625,YELLOW,285914183,AREA 3,JATIM,MADIUN,PONOROGO,,,0,0,0,JAWA TIMUR,TRENGGALEK,TRENGGALEK,SURODAKAN,TULUNG AGUNG
2138745980,,ODP-TRE-FA/04,-8.047796,111.711689,,,8,8,0,0,16,REGIONAL 5,KEDIRI,TULUNG AGUNG,TRE,,,2024-03-16 23:23:20,2018-01-12,2018,1,NON TITO,,,JAWA TIMUR,0.5,YELLOW,285914220,AREA 3,JATIM,MADIUN,PONOROGO,,,0,0,0,JAWA TIMUR,TRENGGALEK,TRENGGALEK,SURODAKAN,TULUNG AGUNG
2138745983,,ODP-TRE-FA/07,-8.047216,111.709351,,,2,6,0,0,8,REGIONAL 5,KEDIRI,TULUNG AGUNG,TRE,,,2024-03-16 23:23:45,2018-01-12,2018,1,NON TITO,,,JAWA TIMUR,0.75,YELLOW,285914222,AREA 3,JATIM,MADIUN,PONOROGO,,,0,0,0,JAWA TIMUR,TRENGGALEK,TRENGGALEK,NGANTRU,TULUNG AGUNG
2138969851,,ODP-TRE-FA/01,-8.047765,111.716803,,,7,9,0,0,16,REGIONAL 5,KEDIRI,TULUNG AGUNG,TRE,,,2024-03-16 23:22:36,2018-01-13,2018,1,NON TITO,,,JAWA TIMUR,0.5625,YELLOW,285915228,AREA 3,JATIM,MADIUN,PONOROGO,,,0,0,0,JAWA TIMUR,TRENGGALEK,TRENGGALEK,SURODAKAN,TULUNG AGUNG
2153519069,,ODP-TUL-FN/49,-8.078425,111.88208,,,4,4,0,0,8,REGIONAL 5,KEDIRI,TULUNG AGUNG,TUL,,,2024-03-16 23:24:02,2018-01-17,2018,1,NON TITO,,,JAWA TIMUR,0.5,YELLOW,286892747,AREA 3,JATIM,MALANG,TULUNGAGUNG,,,0,0,0,JAWA TIMUR,TULUNGAGUNG,BOYOLANGU,WAUNG,TULUNG AGUNG
2153519074,,ODP-TUL-FN/47,-8.069508,111.886012,,,3,5,0,0,8,REGIONAL 5,KEDIRI,TULUNG AGUNG,TUL,,,2024-03-16 23:24:26,2018-01-17,2018,1,NON TITO,,,JAWA TIMUR,0.625,YELLOW,286892750,AREA 3,JATIM,MALANG,TULUNGAGUNG,,,0,0,0,JAWA TIMUR,TULUNGAGUNG,TULUNGAGUNG,TERTEK,TULUNG AGUNG
2153519351,,ODP-TUL-FN/39,-8.068599,111.885668,,,4,4,0,0,8,REGIONAL 5,KEDIRI,TULUNG AGUNG,TUL,,,2024-03-16 23:24:37,2018-01-17,2018,1,NON TITO,,,JAWA TIMUR,0.5,YELLOW,286892916,AREA 3,JATIM,MALANG,TULUNGAGUNG,,,0,0,0,JAWA TIMUR,TULUNGAGUNG,TULUNGAGUNG,TERTEK,TULUNG AGUNG
2153519575,,ODP-TUL-FN/35,-8.062964,111.88971,,,5,11,0,0,16,REGIONAL 5,KEDIRI,TULUNG AGUNG,TUL,,,2024-03-16 23:24:24,2018-01-17,2018,1,NON TITO,,,JAWA TIMUR,0.6875,YELLOW,286893050,AREA 3,JATIM,MALANG,TULUNGAGUNG,,,0,0,0,JAWA TIMUR,TULUNGAGUNG,TULUNGAGUNG,PANGGUNGREJO,TULUNG AGUNG
1486697565,,ODP-PRI-FB/45,-8.282398,111.7189,,,4,12,0,0,16,REGIONAL 5,KEDIRI,TULUNG AGUNG,PRI,,,2024-03-16 23:21:05,2017-05-23,2017,5,NON TITO,,,JAWA TIMUR,0.75,YELLOW,129920035,AREA 3,JATIM,MADIUN,PONOROGO,,,0,0,0,JAWA TIMUR,TRENGGALEK,WATULIMO,PRIGI,TULUNG AGUNG
1486697556,,ODP-PRI-FB/55,-8.283742,111.713911,,,4,12,0,0,16,REGIONAL 5,KEDIRI,TULUNG AGUNG,PRI,,,2024-03-16 23:26:55,2017-05-23,2017,5,NON TITO,,,JAWA TIMUR,0.75,YELLOW,129920029,AREA 3,JATIM,MADIUN,PONOROGO,,,0,0,0,JAWA TIMUR,TRENGGALEK,WATULIMO,PRIGI,TULUNG AGUNG
1486697550,,ODP-PRI-FB/83,-8.271945,111.715448,,,2,6,0,0,8,REGIONAL 5,KEDIRI,TULUNG AGUNG,PRI,,,2024-03-16 23:27:47,2017-05-23,2017,5,NON TITO,,,JAWA TIMUR,0.75,YELLOW,129920025,AREA 3,JATIM,MADIUN,PONOROGO,,,0,0,0,JAWA TIMUR,TRENGGALEK,WATULIMO,PRIGI,TULUNG AGUNG
2153519875,,ODP-TUL-FN/46,-8.068154,111.886682,,,3,5,0,0,8,REGIONAL 5,KEDIRI,TULUNG AGUNG,TUL,,,2024-03-16 23:24:35,2018-01-17,2018,1,NON TITO,,,JAWA TIMUR,0.625,YELLOW,286893230,AREA 3,JATIM,MALANG,TULUNGAGUNG,,,0,0,0,JAWA TIMUR,TULUNGAGUNG,TULUNGAGUNG,TERTEK,TULUNG AGUNG
1486697127,,ODP-PRI-FB/54,-8.289684,111.705993,,,5,11,0,0,16,REGIONAL 5,KEDIRI,TULUNG AGUNG,PRI,,,2024-03-16 23:21:03,2017-05-23,2017,5,NON TITO,,,JAWA TIMUR,0.6875,YELLOW,129919890,AREA 3,JATIM,MADIUN,PONOROGO,,,0,0,0,JAWA TIMUR,TRENGGALEK,WATULIMO,PRIGI,TULUNG AGUNG
1486697123,,ODP-PRI-FB/56,-8.282522,111.716317,,,5,11,0,0,16,REGIONAL 5,KEDIRI,TULUNG AGUNG,PRI,,,2024-03-16 23:26:53,2017-05-23,2017,5,NON TITO,,,JAWA TIMUR,0.6875,YELLOW,129919887,AREA 3,JATIM,MADIUN,PONOROGO,,,0,0,0,JAWA TIMUR,TRENGGALEK,WATULIMO,PRIGI,TULUNG AGUNG
2153519880,,ODP-TUL-FN/43,-8.067692,111.891134,,,2,6,0,0,8,REGIONAL 5,KEDIRI,TULUNG AGUNG,TUL,,,2024-03-16 23:24:43,2018-01-17,2018,1,NON TITO,,,JAWA TIMUR,0.75,YELLOW,286893233,AREA 3,JATIM,MALANG,TULUNGAGUNG,,,0,0,0,JAWA TIMUR,TULUNGAGUNG,TULUNGAGUNG,TERTEK,TULUNG AGUNG
1486697571,,ODP-PRI-FB/24,-8.271116,111.733492,,,4,4,0,0,8,REGIONAL 5,KEDIRI,TULUNG AGUNG,PRI,,,2024-03-16 23:27:22,2017-05-23,2017,5,NON TITO,,,JAWA TIMUR,0.5,YELLOW,129920039,AREA 3,JATIM,MADIUN,PONOROGO,,,0,0,0,JAWA TIMUR,TRENGGALEK,WATULIMO,PRIGI,TULUNG AGUNG
1486696341,,ODP-PRI-FB/72,-8.270116,111.71091,,,2,6,0,0,8,REGIONAL 5,KEDIRI,TULUNG AGUNG,PRI,,,2024-03-16 23:26:25,2017-05-23,2017,5,NON TITO,,,JAWA TIMUR,0.75,YELLOW,129919544,AREA 3,JATIM,MADIUN,PONOROGO,,,0,0,0,JAWA TIMUR,TRENGGALEK,WATULIMO,MARGOMULYO,TULUNG AGUNG
2042293858,,ODP-TUL-FB/40,-8.077507,111.907272,,,5,11,0,0,16,REGIONAL 5,KEDIRI,TULUNG AGUNG,TUL,,,2024-03-16 23:21:09,2017-12-12,2017,12,NON TITO,,,JAWA TIMUR,0.6875,YELLOW,256138890,AREA 3,JATIM,MALANG,TULUNGAGUNG,,,0,0,0,JAWA TIMUR,TULUNGAGUNG,BOYOLANGU,SERUT,TULUNG AGUNG
2139945229,,ODP-TRE-FN/21,-8.085939,111.752074,,,3,5,0,0,8,REGIONAL 5,KEDIRI,TULUNG AGUNG,TRE,,,2024-03-16 23:27:21,2018-01-12,2018,1,NON TITO,,,JAWA TIMUR,0.625,YELLOW,267992159,AREA 3,JATIM,MADIUN,PONOROGO,,,0,0,0,JAWA TIMUR,TRENGGALEK,POGALAN,GEMBLEB,TULUNG AGUNG
2130870751,,ODP-TUL-FL/44,-8.055694,111.916559,,,9,7,0,0,16,REGIONAL 5,KEDIRI,TULUNG AGUNG,TUL,,,2024-03-16 23:26:46,2018-01-08,2018,1,NON TITO,,,JAWA TIMUR,0.4375,YELLOW,259746380,AREA 3,JATIM,MALANG,TULUNGAGUNG,,,0,0,0,JAWA TIMUR,TULUNGAGUNG,KEDUNGWARU,KEDUNGWARU,TULUNG AGUNG
2130870756,,ODP-TUL-FL/75,-8.067093,111.910389,,,2,6,0,0,8,REGIONAL 5,KEDIRI,TULUNG AGUNG,TUL,,,2024-03-16 23:21:05,2018-01-08,2018,1,NON TITO,,,JAWA TIMUR,0.75,YELLOW,259746384,AREA 3,JATIM,MALANG,TULUNGAGUNG,,,0,0,0,JAWA TIMUR,TULUNGAGUNG,TULUNGAGUNG,BAGO,TULUNG AGUNG
2107694210,,ODP-TUL-FM/54,-8.06496,111.923548,,,3,5,0,0,8,REGIONAL 5,KEDIRI,TULUNG AGUNG,TUL,,,2024-03-16 23:22:17,2018-01-05,2018,1,NON TITO,,,JAWA TIMUR,0.625,YELLOW,259065028,AREA 3,JATIM,MALANG,TULUNGAGUNG,,,0,0,0,JAWA TIMUR,TULUNGAGUNG,KEDUNGWARU,TUNGGULSARI,TULUNG AGUNG
2130871133,,ODP-TUL-FL/67,-8.069796,111.908911,,,7,9,0,0,16,REGIONAL 5,KEDIRI,TULUNG AGUNG,TUL,,,2024-03-16 23:27:42,2018-01-08,2018,1,NON TITO,,,JAWA TIMUR,0.5625,YELLOW,259746622,AREA 3,JATIM,MALANG,TULUNGAGUNG,,,0,0,0,JAWA TIMUR,TULUNGAGUNG,TULUNGAGUNG,BAGO,TULUNG AGUNG
2130871394,,ODP-TUL-FL/49,-8.058744,111.916638,,,5,11,0,0,16,REGIONAL 5,KEDIRI,TULUNG AGUNG,TUL,,,2024-03-16 23:27:57,2018-01-08,2018,1,NON TITO,,,JAWA TIMUR,0.6875,YELLOW,259746790,AREA 3,JATIM,MALANG,TULUNGAGUNG,,,0,0,0,JAWA TIMUR,TULUNGAGUNG,KEDUNGWARU,KEDUNGWARU,TULUNG AGUNG
2117369347,,ODP-TUL-FS/74,-8.056357,111.869329,,,3,4,0,0,8,REGIONAL 5,KEDIRI,TULUNG AGUNG,TUL,,,2024-03-16 23:24:38,2018-01-04,2018,1,NON TITO,,,JAWA TIMUR,0.5,YELLOW,258997103,AREA 3,JATIM,MALANG,TULUNGAGUNG,,,0,0,0,JAWA TIMUR,TULUNGAGUNG,KAUMAN,KAUMAN,TULUNG AGUNG
2117369331,,ODP-TUL-FS/55,-8.048112,111.858766,,,3,5,0,0,8,REGIONAL 5,KEDIRI,TULUNG AGUNG,TUL,,,2024-03-16 23:25:18,2018-01-04,2018,1,NON TITO,,,JAWA TIMUR,0.625,YELLOW,258997089,AREA 3,JATIM,MALANG,TULUNGAGUNG,,,0,0,0,JAWA TIMUR,TULUNGAGUNG,KAUMAN,MOJOSARI,TULUNG AGUNG
2107244411,,ODP-TUL-FS/66,-8.049039,111.86626,,,7,9,0,0,16,REGIONAL 5,KEDIRI,TULUNG AGUNG,TUL,,,2024-03-16 23:24:01,2018-01-04,2018,1,NON TITO,,,JAWA TIMUR,0.5625,YELLOW,258997072,AREA 3,JATIM,MALANG,TULUNGAGUNG,,,0,0,0,JAWA TIMUR,TULUNGAGUNG,KAUMAN,KAUMAN,TULUNG AGUNG
2117369145,,ODP-TUL-FS/51,-8.046004,111.857337,,,2,6,0,0,8,REGIONAL 5,KEDIRI,TULUNG AGUNG,TUL,,,2024-03-16 23:25:29,2018-01-04,2018,1,NON TITO,,,JAWA TIMUR,0.75,YELLOW,258996946,AREA 3,JATIM,MALANG,TULUNGAGUNG,,,0,0,0,JAWA TIMUR,TULUNGAGUNG,KAUMAN,KARANGANOM,TULUNG AGUNG
2130871409,,ODP-TUL-FL/58,-8.063223,111.90736,,,6,10,0,0,16,REGIONAL 5,KEDIRI,TULUNG AGUNG,TUL,,,2024-03-16 23:28:06,2018-01-08,2018,1,NON TITO,,,JAWA TIMUR,0.625,YELLOW,259746799,AREA 3,JATIM,MALANG,TULUNGAGUNG,,,0,0,0,JAWA TIMUR,TULUNGAGUNG,TULUNGAGUNG,KAMPUNGDALEM,TULUNG AGUNG
2107244044,,ODP-TUL-FS/79,-8.049981,111.867815,,,9,7,0,0,16,REGIONAL 5,KEDIRI,TULUNG AGUNG,TUL,,,2024-03-16 23:24:03,2018-01-04,2018,1,NON TITO,,,JAWA TIMUR,0.4375,YELLOW,258996772,AREA 3,JATIM,MALANG,TULUNGAGUNG,,,0,0,0,JAWA TIMUR,TULUNGAGUNG,KAUMAN,KAUMAN,TULUNG AGUNG
2106495869,,ODP-TUL-FZ/26,-8.080336,111.896575,,,4,4,0,0,8,REGIONAL 5,KEDIRI,TULUNG AGUNG,TUL,,,2024-03-16 23:24:43,2018-01-04,2018,1,NON TITO,,,JAWA TIMUR,0.5,YELLOW,258996223,AREA 3,JATIM,MALANG,TULUNGAGUNG,,,0,0,0,JAWA TIMUR,TULUNGAGUNG,BOYOLANGU,GEDANGSEWU,TULUNG AGUNG
2106494931,,ODP-TUL-FZ/27,-8.078628,111.89686,,,3,5,0,0,8,REGIONAL 5,KEDIRI,TULUNG AGUNG,TUL,,,2024-03-16 23:25:13,2018-01-04,2018,1,NON TITO,,,JAWA TIMUR,0.625,YELLOW,258996010,AREA 3,JATIM,MALANG,TULUNGAGUNG,,,0,0,0,JAWA TIMUR,TULUNGAGUNG,TULUNGAGUNG,KARANGWARU,TULUNG AGUNG
2124946306,,ODP-TRE-FP/11,-8.075419,111.740177,,,4,4,0,0,8,REGIONAL 5,KEDIRI,TULUNG AGUNG,TRE,,,2024-03-16 23:28:23,2018-01-09,2018,1,NON TITO,,,JAWA TIMUR,0.5,YELLOW,267693123,AREA 3,JATIM,MADIUN,PONOROGO,,,0,0,0,JAWA TIMUR,TRENGGALEK,POGALAN,NGADIRENGGO,TULUNG AGUNG
2124946316,,ODP-TRE-FP/07,-8.10159,111.72347,,,8,8,0,0,16,REGIONAL 5,KEDIRI,TULUNG AGUNG,TRE,,,2024-03-16 23:28:25,2018-01-09,2018,1,NON TITO,,,JAWA TIMUR,0.5,YELLOW,267693126,AREA 3,JATIM,MADIUN,PONOROGO,,,0,0,0,JAWA TIMUR,TRENGGALEK,POGALAN,WONOCOYO,TULUNG AGUNG
2124946386,,ODP-TUL-FZ/35,-8.076621,111.897161,,,3,5,0,0,8,REGIONAL 5,KEDIRI,TULUNG AGUNG,TUL,,,2024-03-16 23:28:31,2018-01-09,2018,1,NON TITO,,,JAWA TIMUR,0.625,YELLOW,267693152,AREA 3,JATIM,MALANG,TULUNGAGUNG,,,0,0,0,JAWA TIMUR,TULUNGAGUNG,TULUNGAGUNG,KARANGWARU,TULUNG AGUNG
2106494133,,ODP-TUL-FZ/24,-8.081424,111.901832,,,2,6,0,0,8,REGIONAL 5,KEDIRI,TULUNG AGUNG,TUL,,,2024-03-16 23:24:12,2018-01-04,2018,1,NON TITO,,,JAWA TIMUR,0.75,YELLOW,258995789,AREA 3,JATIM,MALANG,TULUNGAGUNG,,,0,0,0,JAWA TIMUR,TULUNGAGUNG,BOYOLANGU,SERUT,TULUNG AGUNG
2124946536,,ODP-TRE-FP/04,-8.106202,111.718353,,,4,12,0,0,16,REGIONAL 5,KEDIRI,TULUNG AGUNG,TRE,,,2024-03-16 23:28:28,2018-01-09,2018,1,NON TITO,,,JAWA TIMUR,0.75,YELLOW,267693202,AREA 3,JATIM,MADIUN,PONOROGO,,,0,0,0,JAWA TIMUR,TRENGGALEK,POGALAN,WONOCOYO,TULUNG AGUNG
2106494123,,ODP-TUL-FZ/28,-8.078769,111.899648,,,2,6,0,0,8,REGIONAL 5,KEDIRI,TULUNG AGUNG,TUL,,,2024-03-16 23:24:26,2018-01-04,2018,1,NON TITO,,,JAWA TIMUR,0.75,YELLOW,258995786,AREA 3,JATIM,MALANG,TULUNGAGUNG,,,0,0,0,JAWA TIMUR,TULUNGAGUNG,TULUNGAGUNG,TAMANAN,TULUNG AGUNG
2107694205,,ODP-TUL-FM/48,-8.07553,111.928663,,,5,11,0,0,16,REGIONAL 5,KEDIRI,TULUNG AGUNG,TUL,,,2024-03-16 23:22:23,2018-01-05,2018,1,NON TITO,,,JAWA TIMUR,0.6875,YELLOW,258416853,AREA 3,JATIM,MALANG,TULUNGAGUNG,,,0,0,0,JAWA TIMUR,TULUNGAGUNG,KEDUNGWARU,PLOSOKANDANG,TULUNG AGUNG
2124946546,,ODP-TRE-FP/19,-8.09026,111.744441,,,2,6,0,0,8,REGIONAL 5,KEDIRI,TULUNG AGUNG,TRE,,,2024-03-16 23:28:27,2018-01-09,2018,1,NON TITO,,,JAWA TIMUR,0.75,YELLOW,267693205,AREA 3,JATIM,MADIUN,PONOROGO,,,0,0,0,JAWA TIMUR,TRENGGALEK,POGALAN,NGADIRENGGO,TULUNG AGUNG
2107694153,,ODP-TUL-FM/52,-8.067066,111.925908,,,3,5,0,0,8,REGIONAL 5,KEDIRI,TULUNG AGUNG,TUL,,,2024-03-16 23:22:16,2018-01-05,2018,1,NON TITO,,,JAWA TIMUR,0.625,YELLOW,258416836,AREA 3,JATIM,MALANG,TULUNGAGUNG,,,0,0,0,JAWA TIMUR,TULUNGAGUNG,KEDUNGWARU,TUNGGULSARI,TULUNG AGUNG
2107694079,,ODP-TUL-FM/58,-8.063392,111.917497,,,4,4,0,0,8,REGIONAL 5,KEDIRI,TULUNG AGUNG,TUL,,,2024-03-16 23:22:22,2018-01-05,2018,1,NON TITO,,,JAWA TIMUR,0.5,YELLOW,258416818,AREA 3,JATIM,MALANG,TULUNGAGUNG,,,0,0,0,JAWA TIMUR,TULUNGAGUNG,KEDUNGWARU,TUNGGULSARI,TULUNG AGUNG
2137168931,,ODP-TUL-FC/24,-8.04407,111.910664,,,2,6,0,0,8,REGIONAL 5,KEDIRI,TULUNG AGUNG,TUL,,,2024-03-16 23:22:18,2018-01-10,2018,1,NON TITO,,,JAWA TIMUR,0.75,YELLOW,267697976,AREA 3,JATIM,MALANG,TULUNGAGUNG,,,0,0,0,JAWA TIMUR,TULUNGAGUNG,KEDUNGWARU,REJOAGUNG,TULUNG AGUNG
2137169201,,ODP-TUL-FC/27,-8.04651,111.914634,,,7,9,0,0,16,REGIONAL 5,KEDIRI,TULUNG AGUNG,TUL,,,2024-03-16 23:22:34,2018-01-10,2018,1,NON TITO,,,JAWA TIMUR,0.5625,YELLOW,267698084,AREA 3,JATIM,MALANG,TULUNGAGUNG,,,0,0,0,JAWA TIMUR,TULUNGAGUNG,KEDUNGWARU,REJOAGUNG,TULUNG AGUNG
2107693865,,ODP-TUL-FM/50,-8.072239,111.925705,,,5,11,0,0,16,REGIONAL 5,KEDIRI,TULUNG AGUNG,TUL,,,2024-03-16 23:22:00,2018-01-05,2018,1,NON TITO,,,JAWA TIMUR,0.6875,YELLOW,258416762,AREA 3,JATIM,MALANG,TULUNGAGUNG,,,0,0,0,JAWA TIMUR,TULUNGAGUNG,KEDUNGWARU,PLOSOKANDANG,TULUNG AGUNG
2117369387,,ODP-TUL-FS/78,-8.051786,111.867223,,,8,8,0,0,16,REGIONAL 5,KEDIRI,TULUNG AGUNG,TUL,,,2024-03-16 23:25:14,2018-01-04,2018,1,NON TITO,,,JAWA TIMUR,0.5,YELLOW,258412115,AREA 3,JATIM,MALANG,TULUNGAGUNG,,,0,0,0,JAWA TIMUR,TULUNGAGUNG,KAUMAN,KAUMAN,TULUNG AGUNG
2124944873,,ODP-TRE-FP/16,-8.084894,111.742902,,,2,6,0,0,8,REGIONAL 5,KEDIRI,TULUNG AGUNG,TRE,,,2024-03-16 23:27:11,2018-01-09,2018,1,NON TITO,,,JAWA TIMUR,0.75,YELLOW,267917256,AREA 3,JATIM,MADIUN,PONOROGO,,,0,0,0,JAWA TIMUR,TRENGGALEK,POGALAN,NGADIRENGGO,TULUNG AGUNG
2124944878,,ODP-TRE-FP/35,-8.092505,111.720907,,,3,5,0,0,8,REGIONAL 5,KEDIRI,TULUNG AGUNG,TRE,,,2024-03-16 23:28:12,2018-01-09,2018,1,NON TITO,,,JAWA TIMUR,0.625,YELLOW,267917261,AREA 3,JATIM,MADIUN,PONOROGO,,,0,0,0,JAWA TIMUR,TRENGGALEK,TRENGGALEK,KARANGSOKO,TULUNG AGUNG
2122093863,,ODP-TUL-FQ/13,-8.034925,111.915548,,,7,9,0,0,16,REGIONAL 5,KEDIRI,TULUNG AGUNG,TUL,,,2024-03-16 23:27:12,2018-01-05,2018,1,NON TITO,,,JAWA TIMUR,0.5625,YELLOW,259363989,AREA 3,JATIM,MALANG,TULUNGAGUNG,,,0,0,0,JAWA TIMUR,TULUNGAGUNG,KEDUNGWARU,REJOAGUNG,TULUNG AGUNG
2117369378,,ODP-TUL-FS/61,-8.049674,111.86333,,,3,5,0,0,8,REGIONAL 5,KEDIRI,TULUNG AGUNG,TUL,,,2024-03-16 23:25:21,2018-01-04,2018,1,NON TITO,,,JAWA TIMUR,0.625,YELLOW,258412110,AREA 3,JATIM,MALANG,TULUNGAGUNG,,,0,0,0,JAWA TIMUR,TULUNGAGUNG,KAUMAN,KAUMAN,TULUNG AGUNG
2130870741,,ODP-TUL-FL/57,-8.063024,111.908866,,,4,12,0,0,16,REGIONAL 5,KEDIRI,TULUNG AGUNG,TUL,,,2024-03-16 23:27:47,2018-01-08,2018,1,NON TITO,,,JAWA TIMUR,0.75,YELLOW,259746373,AREA 3,JATIM,MALANG,TULUNGAGUNG,,,0,0,0,JAWA TIMUR,TULUNGAGUNG,TULUNGAGUNG,KAMPUNGDALEM,TULUNG AGUNG
2130870731,,ODP-TUL-FL/45,-8.056959,111.916618,,,8,8,0,0,16,REGIONAL 5,KEDIRI,TULUNG AGUNG,TUL,,,2024-03-16 23:27:56,2018-01-08,2018,1,NON TITO,,,JAWA TIMUR,0.5,YELLOW,259746367,AREA 3,JATIM,MALANG,TULUNGAGUNG,,,0,0,0,JAWA TIMUR,TULUNGAGUNG,KEDUNGWARU,KEDUNGWARU,TULUNG AGUNG
2125318650,,ODP-TUL-FAC/24,-8.087148,111.848204,,,2,6,0,0,8,REGIONAL 5,KEDIRI,TULUNG AGUNG,TUL,,,2024-03-16 23:23:27,2018-01-07,2018,1,NON TITO,,,JAWA TIMUR,0.75,YELLOW,259438372,AREA 3,JATIM,MALANG,TULUNGAGUNG,,,0,0,0,JAWA TIMUR,TULUNGAGUNG,GONDANG,SEPATAN,TULUNG AGUNG
2125318660,,ODP-TUL-FAC/27,-8.079293,111.848665,,,2,6,0,0,8,REGIONAL 5,KEDIRI,TULUNG AGUNG,TUL,,,2024-03-16 23:23:44,2018-01-07,2018,1,NON TITO,,,JAWA TIMUR,0.75,YELLOW,259438378,AREA 3,JATIM,MALANG,TULUNGAGUNG,,,0,0,0,JAWA TIMUR,TULUNGAGUNG,GONDANG,KIPING,TULUNG AGUNG
2125318675,,ODP-TUL-FAC/28,-8.076246,111.848978,,,8,8,0,0,16,REGIONAL 5,KEDIRI,TULUNG AGUNG,TUL,,,2024-03-16 23:23:44,2018-01-07,2018,1,NON TITO,,,JAWA TIMUR,0.5,YELLOW,259438387,AREA 3,JATIM,MALANG,TULUNGAGUNG,,,0,0,0,JAWA TIMUR,TULUNGAGUNG,GONDANG,KIPING,TULUNG AGUNG
2122094308,,ODP-TUL-FQ/33,-8.065252,111.906229,,,5,11,0,0,16,REGIONAL 5,KEDIRI,TULUNG AGUNG,TUL,,,2024-03-16 23:27:19,2018-01-05,2018,1,NON TITO,,,JAWA TIMUR,0.6875,YELLOW,259364267,AREA 3,JATIM,MALANG,TULUNGAGUNG,,,0,0,0,JAWA TIMUR,TULUNGAGUNG,TULUNGAGUNG,KAMPUNGDALEM,TULUNG AGUNG
2125318690,,ODP-TUL-FAC/25,-8.083123,111.848906,,,3,5,0,0,8,REGIONAL 5,KEDIRI,TULUNG AGUNG,TUL,,,2024-03-16 23:23:51,2018-01-07,2018,1,NON TITO,,,JAWA TIMUR,0.625,YELLOW,259438397,AREA 3,JATIM,MALANG,TULUNGAGUNG,,,0,0,0,JAWA TIMUR,TULUNGAGUNG,GONDANG,KIPING,TULUNG AGUNG
2123893577,,ODP-TUL-FN/32,-8.081978,111.889411,,,1,6,0,0,8,REGIONAL 5,KEDIRI,TULUNG AGUNG,TUL,,,2024-03-16 23:26:57,2018-01-08,2018,1,NON TITO,,,JAWA TIMUR,0.75,YELLOW,259737322,AREA 3,JATIM,MALANG,TULUNGAGUNG,,,0,0,0,JAWA TIMUR,TULUNGAGUNG,BOYOLANGU,WAUNG,TULUNG AGUNG
2123893582,,ODP-TUL-FN/29,-8.091028,111.886167,,,4,11,0,0,16,REGIONAL 5,KEDIRI,TULUNG AGUNG,TUL,,,2024-03-16 23:26:53,2018-01-08,2018,1,NON TITO,,,JAWA TIMUR,0.6875,YELLOW,259737325,AREA 3,JATIM,MALANG,TULUNGAGUNG,,,0,0,0,JAWA TIMUR,TULUNGAGUNG,BOYOLANGU,WAUNG,TULUNG AGUNG
2123893587,,ODP-TUL-FN/31,-8.083756,111.888966,,,6,10,0,0,16,REGIONAL 5,KEDIRI,TULUNG AGUNG,TUL,,,2024-03-16 23:27:15,2018-01-08,2018,1,NON TITO,,,JAWA TIMUR,0.625,YELLOW,259737329,AREA 3,JATIM,MALANG,TULUNGAGUNG,,,0,0,0,JAWA TIMUR,TULUNGAGUNG,BOYOLANGU,WAUNG,TULUNG AGUNG
2122094248,,ODP-TUL-FQ/19,-8.050325,111.908728,,,7,9,0,0,16,REGIONAL 5,KEDIRI,TULUNG AGUNG,TUL,,,2024-03-16 23:28:07,2018-01-05,2018,1,NON TITO,,,JAWA TIMUR,0.5625,YELLOW,259364229,AREA 3,JATIM,MALANG,TULUNGAGUNG,,,0,0,0,JAWA TIMUR,TULUNGAGUNG,KEDUNGWARU,KEDUNGWARU,TULUNG AGUNG
2123893597,,ODP-TUL-FN/30,-8.087157,111.887628,,,2,6,0,0,8,REGIONAL 5,KEDIRI,TULUNG AGUNG,TUL,,,2024-03-16 23:27:15,2018-01-08,2018,1,NON TITO,,,JAWA TIMUR,0.75,YELLOW,259737337,AREA 3,JATIM,MALANG,TULUNGAGUNG,,,0,0,0,JAWA TIMUR,TULUNGAGUNG,BOYOLANGU,WAUNG,TULUNG AGUNG
2130869097,,ODP-TUL-FL/48,-8.060765,111.916386,,,5,11,0,0,16,REGIONAL 5,KEDIRI,TULUNG AGUNG,TUL,,,2024-03-16 23:27:14,2018-01-08,2018,1,NON TITO,,,JAWA TIMUR,0.6875,YELLOW,259745309,AREA 3,JATIM,MALANG,TULUNGAGUNG,,,0,0,0,JAWA TIMUR,TULUNGAGUNG,KEDUNGWARU,KEDUNGWARU,TULUNG AGUNG
2130869107,,ODP-TUL-FL/71,-8.06725,111.908787,,,4,4,0,0,8,REGIONAL 5,KEDIRI,TULUNG AGUNG,TUL,,,2024-03-16 23:26:49,2018-01-08,2018,1,NON TITO,,,JAWA TIMUR,0.5,YELLOW,259745317,AREA 3,JATIM,MALANG,TULUNGAGUNG,,,0,0,0,JAWA TIMUR,TULUNGAGUNG,TULUNGAGUNG,BAGO,TULUNG AGUNG
2130869504,,ODP-TUL-FL/47,-8.061968,111.916111,,,8,8,0,0,16,REGIONAL 5,KEDIRI,TULUNG AGUNG,TUL,,,2024-03-16 23:26:47,2018-01-08,2018,1,NON TITO,,,JAWA TIMUR,0.5,YELLOW,259745578,AREA 3,JATIM,MALANG,TULUNGAGUNG,,,0,0,0,JAWA TIMUR,TULUNGAGUNG,KEDUNGWARU,TUNGGULSARI,TULUNG AGUNG
2122094138,,ODP-TUL-FQ/11,-8.065324,111.905444,,,8,8,0,0,16,REGIONAL 5,KEDIRI,TULUNG AGUNG,TUL,,,2024-03-16 23:27:00,2018-01-05,2018,1,NON TITO,,,JAWA TIMUR,0.5,YELLOW,259364161,AREA 3,JATIM,MALANG,TULUNGAGUNG,,,0,0,0,JAWA TIMUR,TULUNGAGUNG,TULUNGAGUNG,KAMPUNGDALEM,TULUNG AGUNG
2130869514,,ODP-TUL-FL/55,-8.062498,111.911005,,,8,8,0,0,16,REGIONAL 5,KEDIRI,TULUNG AGUNG,TUL,,,2024-03-16 23:27:19,2018-01-08,2018,1,NON TITO,,,JAWA TIMUR,0.5,YELLOW,259745584,AREA 3,JATIM,MALANG,TULUNGAGUNG,,,0,0,0,JAWA TIMUR,TULUNGAGUNG,TULUNGAGUNG,BAGO,TULUNG AGUNG
2122094133,,ODP-TUL-FQ/04,-8.055819,111.906827,,,2,6,0,0,8,REGIONAL 5,KEDIRI,TULUNG AGUNG,TUL,,,2024-03-16 23:27:18,2018-01-05,2018,1,NON TITO,,,JAWA TIMUR,0.75,YELLOW,259364158,AREA 3,JATIM,MALANG,TULUNGAGUNG,,,0,0,0,JAWA TIMUR,TULUNGAGUNG,KEDUNGWARU,KEDUNGWARU,TULUNG AGUNG
2122094128,,ODP-TUL-FQ/16,-8.039573,111.912999,,,7,9,0,0,16,REGIONAL 5,KEDIRI,TULUNG AGUNG,TUL,,,2024-03-16 23:26:49,2018-01-05,2018,1,NON TITO,,,JAWA TIMUR,0.5625,YELLOW,259364155,AREA 3,JATIM,MALANG,TULUNGAGUNG,,,0,0,0,JAWA TIMUR,TULUNGAGUNG,KEDUNGWARU,REJOAGUNG,TULUNG AGUNG
2122094123,,ODP-TUL-FQ/22,-8.051678,111.921282,,,4,4,0,0,8,REGIONAL 5,KEDIRI,TULUNG AGUNG,TUL,,,2024-03-16 23:27:50,2018-01-05,2018,1,NON TITO,,,JAWA TIMUR,0.5,YELLOW,259364152,AREA 3,JATIM,MALANG,TULUNGAGUNG,,,0,0,0,JAWA TIMUR,TULUNGAGUNG,KEDUNGWARU,REJOAGUNG,TULUNG AGUNG
2122094053,,ODP-TUL-FQ/30,-8.055696,111.907333,,,6,10,0,0,16,REGIONAL 5,KEDIRI,TULUNG AGUNG,TUL,,,2024-03-16 23:26:55,2018-01-05,2018,1,NON TITO,,,JAWA TIMUR,0.625,YELLOW,259364108,AREA 3,JATIM,MALANG,TULUNGAGUNG,,,0,0,0,JAWA TIMUR,TULUNGAGUNG,KEDUNGWARU,KEDUNGWARU,TULUNG AGUNG
2122094048,,ODP-TUL-FQ/15,-8.03826,111.913753,,,2,6,0,0,8,REGIONAL 5,KEDIRI,TULUNG AGUNG,TUL,,,2024-03-16 23:27:50,2018-01-05,2018,1,NON TITO,,,JAWA TIMUR,0.75,YELLOW,259364105,AREA 3,JATIM,MALANG,TULUNGAGUNG,,,0,0,0,JAWA TIMUR,TULUNGAGUNG,KEDUNGWARU,REJOAGUNG,TULUNG AGUNG
2122093978,,ODP-TUL-FQ/14,-8.036361,111.914776,,,3,5,0,0,8,REGIONAL 5,KEDIRI,TULUNG AGUNG,TUL,,,2024-03-16 23:27:38,2018-01-05,2018,1,NON TITO,,,JAWA TIMUR,0.625,YELLOW,259364060,AREA 3,JATIM,MALANG,TULUNGAGUNG,,,0,0,0,JAWA TIMUR,TULUNGAGUNG,KEDUNGWARU,REJOAGUNG,TULUNG AGUNG
2130870295,,ODP-TUL-FL/72,-8.067498,111.909745,,,3,5,0,0,8,REGIONAL 5,KEDIRI,TULUNG AGUNG,TUL,,,2024-03-16 23:27:42,2018-01-08,2018,1,NON TITO,,,JAWA TIMUR,0.625,YELLOW,259746097,AREA 3,JATIM,MALANG,TULUNGAGUNG,,,0,0,0,JAWA TIMUR,TULUNGAGUNG,TULUNGAGUNG,BAGO,TULUNG AGUNG
2130870300,,ODP-TUL-FL/63,-8.070844,111.913382,,,2,6,0,0,8,REGIONAL 5,KEDIRI,TULUNG AGUNG,TUL,,,2024-03-16 23:26:57,2018-01-08,2018,1,NON TITO,,,JAWA TIMUR,0.75,YELLOW,259746100,AREA 3,JATIM,MALANG,TULUNGAGUNG,,,0,0,0,JAWA TIMUR,TULUNGAGUNG,TULUNGAGUNG,BAGO,TULUNG AGUNG
2122093968,,ODP-TUL-FQ/09,-8.060047,111.904685,,,4,4,0,0,8,REGIONAL 5,KEDIRI,TULUNG AGUNG,TUL,,,2024-03-16 23:28:09,2018-01-05,2018,1,NON TITO,,,JAWA TIMUR,0.5,YELLOW,259364054,AREA 3,JATIM,MALANG,TULUNGAGUNG,,,0,0,0,JAWA TIMUR,TULUNGAGUNG,TULUNGAGUNG,KAMPUNGDALEM,TULUNG AGUNG
2122093963,,ODP-TUL-FQ/20,-8.051679,111.923187,,,4,12,0,0,16,REGIONAL 5,KEDIRI,TULUNG AGUNG,TUL,,,2024-03-16 23:28:00,2018-01-05,2018,1,NON TITO,,,JAWA TIMUR,0.75,YELLOW,259364051,AREA 3,JATIM,MALANG,TULUNGAGUNG,,,0,0,0,JAWA TIMUR,TULUNGAGUNG,KEDUNGWARU,REJOAGUNG,TULUNG AGUNG
2130870315,,ODP-TUL-FL/76,-8.064483,111.910844,,,9,7,0,0,16,REGIONAL 5,KEDIRI,TULUNG AGUNG,TUL,,,2024-03-16 23:27:24,2018-01-08,2018,1,NON TITO,,,JAWA TIMUR,0.4375,YELLOW,259746109,AREA 3,JATIM,MALANG,TULUNGAGUNG,,,0,0,0,JAWA TIMUR,TULUNGAGUNG,TULUNGAGUNG,BAGO,TULUNG AGUNG
2130870320,,ODP-TUL-FL/62,-8.071093,111.914436,,,2,6,0,0,8,REGIONAL 5,KEDIRI,TULUNG AGUNG,TUL,,,2024-03-16 23:27:25,2018-01-08,2018,1,NON TITO,,,JAWA TIMUR,0.75,YELLOW,259746113,AREA 3,JATIM,MALANG,TULUNGAGUNG,,,0,0,0,JAWA TIMUR,TULUNGAGUNG,TULUNGAGUNG,BAGO,TULUNG AGUNG
2122093878,,ODP-TUL-FQ/24,-8.051579,111.919413,,,6,10,0,0,16,REGIONAL 5,KEDIRI,TULUNG AGUNG,TUL,,,2024-03-16 23:27:48,2018-01-05,2018,1,NON TITO,,,JAWA TIMUR,0.625,YELLOW,259363998,AREA 3,JATIM,MALANG,TULUNGAGUNG,,,0,0,0,JAWA TIMUR,TULUNGAGUNG,KEDUNGWARU,KEDUNGWARU,TULUNG AGUNG
2130870726,,ODP-TUL-FL/46,-8.062053,111.914968,,,4,7,5,0,16,REGIONAL 5,KEDIRI,TULUNG AGUNG,TUL,,,2024-03-16 23:26:49,2018-01-08,2018,1,NON TITO,,,JAWA TIMUR,0.4375,YELLOW,259746364,AREA 3,JATIM,MALANG,TULUNGAGUNG,,,0,0,0,JAWA TIMUR,TULUNGAGUNG,KEDUNGWARU,KEDUNGWARU,TULUNG AGUNG
2122093868,,ODP-TUL-FQ/10,-8.062013,111.904999,,,8,8,0,0,16,REGIONAL 5,KEDIRI,TULUNG AGUNG,TUL,,,2024-03-16 23:26:02,2018-01-05,2018,1,NON TITO,,,JAWA TIMUR,0.5,YELLOW,259363992,AREA 3,JATIM,MALANG,TULUNGAGUNG,,,0,0,0,JAWA TIMUR,TULUNGAGUNG,TULUNGAGUNG,KAMPUNGDALEM,TULUNG AGUNG
2124944888,,ODP-TRE-FP/26,-8.095106,111.733864,,,8,8,0,0,16,REGIONAL 5,KEDIRI,TULUNG AGUNG,TRE,,,2024-03-16 23:28:09,2018-01-09,2018,1,NON TITO,,,JAWA TIMUR,0.5,YELLOW,267917269,AREA 3,JATIM,MADIUN,PONOROGO,,,0,0,0,JAWA TIMUR,TRENGGALEK,POGALAN,NGETAL,TULUNG AGUNG
2107244406,,ODP-TUL-FS/70,-8.052434,111.861044,,,3,5,0,0,8,REGIONAL 5,KEDIRI,TULUNG AGUNG,TUL,,,2024-03-16 23:24:27,2018-01-04,2018,1,NON TITO,,,JAWA TIMUR,0.625,YELLOW,258412066,AREA 3,JATIM,MALANG,TULUNGAGUNG,,,0,0,0,JAWA TIMUR,TULUNGAGUNG,KAUMAN,BOLOREJO,TULUNG AGUNG
2124944898,,ODP-TRE-FP/20,-8.093129,111.744451,,,3,5,0,0,8,REGIONAL 5,KEDIRI,TULUNG AGUNG,TRE,,,2024-03-16 23:27:07,2018-01-09,2018,1,NON TITO,,,JAWA TIMUR,0.625,YELLOW,267917278,AREA 3,JATIM,MADIUN,PONOROGO,,,0,0,0,JAWA TIMUR,TRENGGALEK,POGALAN,NGADIRENGGO,TULUNG AGUNG
2137168936,,ODP-TUL-FC/13,-8.054703,111.931214,,,3,5,0,0,8,REGIONAL 5,KEDIRI,TULUNG AGUNG,TUL,,,2024-03-16 23:22:26,2018-01-10,2018,1,NON TITO,,,JAWA TIMUR,0.625,YELLOW,267925875,AREA 3,JATIM,MALANG,TULUNGAGUNG,,,0,0,0,JAWA TIMUR,TULUNGAGUNG,KEDUNGWARU,BANGOAN,TULUNG AGUNG
2137169196,,ODP-TUL-FC/21,-8.045427,111.914768,,,6,10,0,0,16,REGIONAL 5,KEDIRI,TULUNG AGUNG,TUL,,,2024-03-16 23:21:25,2018-01-10,2018,1,NON TITO,,,JAWA TIMUR,0.625,YELLOW,267926004,AREA 3,JATIM,MALANG,TULUNGAGUNG,,,0,0,0,JAWA TIMUR,TULUNGAGUNG,KEDUNGWARU,REJOAGUNG,TULUNG AGUNG
2072894145,,ODP-TUL-FAC/21,-8.073045,111.847668,,,5,11,0,0,16,REGIONAL 5,KEDIRI,TULUNG AGUNG,TUL,,,2024-03-16 23:25:01,2017-12-20,2017,12,NON TITO,,,JAWA TIMUR,0.6875,YELLOW,256537259,AREA 3,JATIM,MALANG,TULUNGAGUNG,,,0,0,0,JAWA TIMUR,TULUNGAGUNG,GONDANG,GONDANG,TULUNG AGUNG
2067876431,,ODP-DRN-FC/07,-8.130046,111.795152,,,7,9,0,0,16,REGIONAL 5,KEDIRI,TULUNG AGUNG,DRN,,,2024-03-16 23:23:23,2017-12-19,2017,12,NON TITO,,,JAWA TIMUR,0.5625,YELLOW,256530897,AREA 3,JATIM,MADIUN,PONOROGO,,,0,0,0,JAWA TIMUR,TRENGGALEK,DURENAN,NGADISUKO,TULUNG AGUNG
2067876178,,ODP-DRN-FC/03,-8.1381,111.79261,,,4,4,0,0,8,REGIONAL 5,KEDIRI,TULUNG AGUNG,DRN,,,2024-03-16 23:23:29,2017-12-19,2017,12,NON TITO,,,JAWA TIMUR,0.5,YELLOW,256530819,AREA 3,JATIM,MADIUN,PONOROGO,,,0,0,0,JAWA TIMUR,TRENGGALEK,DURENAN,NGADISUKO,TULUNG AGUNG
2067875625,,ODP-DRN-FC/06,-8.131839,111.794489,,,8,8,0,0,16,REGIONAL 5,KEDIRI,TULUNG AGUNG,DRN,,,2024-03-16 23:23:24,2017-12-19,2017,12,NON TITO,,,JAWA TIMUR,0.5,YELLOW,256530595,AREA 3,JATIM,MADIUN,PONOROGO,,,0,0,0,JAWA TIMUR,TRENGGALEK,DURENAN,NGADISUKO,TULUNG AGUNG
2067874973,,ODP-DRN-FC/04,-8.135658,111.793406,,,4,4,0,0,8,REGIONAL 5,KEDIRI,TULUNG AGUNG,DRN,,,2024-03-16 23:22:59,2017-12-19,2017,12,NON TITO,,,JAWA TIMUR,0.5,YELLOW,256530204,AREA 3,JATIM,MADIUN,PONOROGO,,,0,0,0,JAWA TIMUR,TRENGGALEK,DURENAN,NGADISUKO,TULUNG AGUNG
2087743655,,ODP-DRN-FB/03,-8.096313,111.832738,,,4,4,0,0,8,REGIONAL 5,KEDIRI,TULUNG AGUNG,DRN,,,2024-03-16 23:28:36,2017-12-23,2017,12,NON TITO,,,JAWA TIMUR,0.5,YELLOW,256193961,AREA 3,JATIM,MADIUN,PONOROGO,,,0,0,0,JAWA TIMUR,TRENGGALEK,DURENAN,BARUHARJO,TULUNG AGUNG
2074320967,,ODP-TUL-FAC/10,-8.090345,111.829158,,,4,4,0,0,8,REGIONAL 5,KEDIRI,TULUNG AGUNG,TUL,,,2024-03-16 23:29:16,2017-12-20,2017,12,NON TITO,,,JAWA TIMUR,0.5,YELLOW,256176555,AREA 3,JATIM,MALANG,TULUNGAGUNG,,,0,0,0,JAWA TIMUR,TULUNGAGUNG,GONDANG,NOTOREJO,TULUNG AGUNG
2124418909,,ODP-TUL-FC/08,-8.056188,111.935839,,,3,5,0,0,8,REGIONAL 5,KEDIRI,TULUNG AGUNG,TUL,,,2024-03-16 23:27:58,2018-01-10,2018,1,NON TITO,,,JAWA TIMUR,0.625,YELLOW,267926219,AREA 3,JATIM,MALANG,TULUNGAGUNG,,,0,0,0,JAWA TIMUR,TULUNGAGUNG,KEDUNGWARU,BANGOAN,TULUNG AGUNG
2124419163,,ODP-TUL-FC/22,-8.041382,111.912158,,,2,6,0,0,8,REGIONAL 5,KEDIRI,TULUNG AGUNG,TUL,,,2024-03-16 23:28:07,2018-01-10,2018,1,NON TITO,,,JAWA TIMUR,0.75,YELLOW,267926372,AREA 3,JATIM,MALANG,TULUNGAGUNG,,,0,0,0,JAWA TIMUR,TULUNGAGUNG,KEDUNGWARU,REJOAGUNG,TULUNG AGUNG
2074319873,,ODP-TUL-FAC/06,-8.084657,111.818742,,,4,4,0,0,8,REGIONAL 5,KEDIRI,TULUNG AGUNG,TUL,,,2024-03-16 23:29:03,2017-12-20,2017,12,NON TITO,,,JAWA TIMUR,0.5,YELLOW,256176200,AREA 3,JATIM,MALANG,TULUNGAGUNG,,,0,0,0,JAWA TIMUR,TULUNGAGUNG,GONDANG,NOTOREJO,TULUNG AGUNG
2124419416,,ODP-TUL-FC/14,-8.052562,111.931177,,,7,9,0,0,16,REGIONAL 5,KEDIRI,TULUNG AGUNG,TUL,,,2024-03-16 23:27:50,2018-01-10,2018,1,NON TITO,,,JAWA TIMUR,0.5625,YELLOW,267926511,AREA 3,JATIM,MALANG,TULUNGAGUNG,,,0,0,0,JAWA TIMUR,TULUNGAGUNG,KEDUNGWARU,BANGOAN,TULUNG AGUNG
2074319234,,ODP-TUL-FAC/16,-8.079936,111.864463,,,7,9,0,0,16,REGIONAL 5,KEDIRI,TULUNG AGUNG,TUL,,,2024-03-16 23:29:06,2017-12-20,2017,12,NON TITO,,,JAWA TIMUR,0.5625,YELLOW,256175856,AREA 3,JATIM,MALANG,TULUNGAGUNG,,,0,0,0,JAWA TIMUR,TULUNGAGUNG,GONDANG,REJOSARI,TULUNG AGUNG
2074318805,,ODP-TUL-FAC/15,-8.075569,111.844574,,,3,5,0,0,8,REGIONAL 5,KEDIRI,TULUNG AGUNG,TUL,,,2024-03-16 23:28:05,2017-12-20,2017,12,NON TITO,,,JAWA TIMUR,0.625,YELLOW,256175589,AREA 3,JATIM,MALANG,TULUNGAGUNG,,,0,0,0,JAWA TIMUR,TULUNGAGUNG,GONDANG,GONDANG,TULUNG AGUNG
2067876436,,ODP-DRN-FC/02,-8.14187,111.791494,,,8,8,0,0,16,REGIONAL 5,KEDIRI,TULUNG AGUNG,DRN,,,2024-03-16 23:23:34,2017-12-19,2017,12,NON TITO,,,JAWA TIMUR,0.5,YELLOW,256169142,AREA 3,JATIM,MADIUN,PONOROGO,,,0,0,0,JAWA TIMUR,TULUNGAGUNG,BANDUNG,GANDONG,TULUNG AGUNG
2042296068,,ODP-TUL-FB/37,-8.083674,111.907312,,,9,7,0,0,16,REGIONAL 5,KEDIRI,TULUNG AGUNG,TUL,,,2024-03-16 23:22:43,2017-12-13,2017,12,NON TITO,,,JAWA TIMUR,0.4375,YELLOW,256139486,AREA 3,JATIM,MALANG,TULUNGAGUNG,,,0,0,0,JAWA TIMUR,TULUNGAGUNG,BOYOLANGU,SERUT,TULUNG AGUNG
2042296063,,ODP-TUL-FB/31,-8.101661,111.910977,,,5,11,0,0,16,REGIONAL 5,KEDIRI,TULUNG AGUNG,TUL,,,2024-03-16 23:22:19,2017-12-13,2017,12,NON TITO,,,JAWA TIMUR,0.6875,YELLOW,256139483,AREA 3,JATIM,MALANG,TULUNGAGUNG,,,0,0,0,JAWA TIMUR,TULUNGAGUNG,BOYOLANGU,WAJAK LOR,TULUNG AGUNG
2124418894,,ODP-TUL-FC/12,-8.056834,111.93164,,,4,4,0,0,8,REGIONAL 5,KEDIRI,TULUNG AGUNG,TUL,,,2024-03-16 23:27:22,2018-01-10,2018,1,NON TITO,,,JAWA TIMUR,0.5,YELLOW,267987365,AREA 3,JATIM,MALANG,TULUNGAGUNG,,,0,0,0,JAWA TIMUR,TULUNGAGUNG,KEDUNGWARU,BANGOAN,TULUNG AGUNG
2042296058,,ODP-TUL-FB/39,-8.078841,111.907263,,,4,4,0,0,8,REGIONAL 5,KEDIRI,TULUNG AGUNG,TUL,,,2024-03-16 23:22:35,2017-12-13,2017,12,NON TITO,,,JAWA TIMUR,0.5,YELLOW,256139480,AREA 3,JATIM,MALANG,TULUNGAGUNG,,,0,0,0,JAWA TIMUR,TULUNGAGUNG,BOYOLANGU,SERUT,TULUNG AGUNG
2124418914,,ODP-TUL-FC/23,-8.042765,111.911398,,,6,10,0,0,16,REGIONAL 5,KEDIRI,TULUNG AGUNG,TUL,,,2024-03-16 23:27:58,2018-01-10,2018,1,NON TITO,,,JAWA TIMUR,0.625,YELLOW,267987371,AREA 3,JATIM,MALANG,TULUNGAGUNG,,,0,0,0,JAWA TIMUR,TULUNGAGUNG,KEDUNGWARU,REJOAGUNG,TULUNG AGUNG
2124419158,,ODP-TUL-FC/16,-8.048668,111.930167,,,6,10,0,0,16,REGIONAL 5,KEDIRI,TULUNG AGUNG,TUL,,,2024-03-16 23:27:48,2018-01-10,2018,1,NON TITO,,,JAWA TIMUR,0.625,YELLOW,267987447,AREA 3,JATIM,MALANG,TULUNGAGUNG,,,0,0,0,JAWA TIMUR,TULUNGAGUNG,KEDUNGWARU,BANGOAN,TULUNG AGUNG
2124420172,,ODP-TUL-FC/09,-8.056539,111.933511,,,1,6,0,0,8,REGIONAL 5,KEDIRI,TULUNG AGUNG,TUL,,,2024-03-16 23:28:09,2018-01-10,2018,1,NON TITO,,,JAWA TIMUR,0.75,YELLOW,267987766,AREA 3,JATIM,MALANG,TULUNGAGUNG,,,0,0,0,JAWA TIMUR,TULUNGAGUNG,KEDUNGWARU,BANGOAN,TULUNG AGUNG
2042296053,,ODP-TUL-FB/34,-8.092931,111.910405,,,8,8,0,0,16,REGIONAL 5,KEDIRI,TULUNG AGUNG,TUL,,,2024-03-16 23:22:44,2017-12-13,2017,12,NON TITO,,,JAWA TIMUR,0.5,YELLOW,256139477,AREA 3,JATIM,MALANG,TULUNGAGUNG,,,0,0,0,JAWA TIMUR,TULUNGAGUNG,BOYOLANGU,WAJAK LOR,TULUNG AGUNG
2042295378,,ODP-TUL-FS/43,-8.052627,111.872324,,,6,10,0,0,16,REGIONAL 5,KEDIRI,TULUNG AGUNG,TUL,,,2024-03-16 23:22:41,2017-12-12,2017,12,NON TITO,,,JAWA TIMUR,0.625,YELLOW,256139061,AREA 3,JATIM,MALANG,TULUNGAGUNG,,,0,0,0,JAWA TIMUR,TULUNGAGUNG,KAUMAN,PANGGUNGREJO,TULUNG AGUNG
2042295373,,ODP-TUL-FB/46,-8.077084,111.91412,,,3,5,0,0,8,REGIONAL 5,KEDIRI,TULUNG AGUNG,TUL,,,2024-03-16 23:22:37,2017-12-12,2017,12,NON TITO,,,JAWA TIMUR,0.625,YELLOW,256139058,AREA 3,JATIM,MALANG,TULUNGAGUNG,,,0,0,0,JAWA TIMUR,TULUNGAGUNG,BOYOLANGU,SERUT,TULUNG AGUNG
2042295368,,ODP-TUL-FB/42,-8.078658,111.926294,,,8,8,0,0,16,REGIONAL 5,KEDIRI,TULUNG AGUNG,TUL,,,2024-03-16 23:22:37,2017-12-12,2017,12,NON TITO,,,JAWA TIMUR,0.5,YELLOW,256139055,AREA 3,JATIM,MALANG,TULUNGAGUNG,,,0,0,0,JAWA TIMUR,TULUNGAGUNG,KEDUNGWARU,PLOSOKANDANG,TULUNG AGUNG
2042295363,,ODP-TUL-FB/43,-8.078378,111.925207,,,3,5,0,0,8,REGIONAL 5,KEDIRI,TULUNG AGUNG,TUL,,,2024-03-16 23:22:39,2017-12-12,2017,12,NON TITO,,,JAWA TIMUR,0.625,YELLOW,256139052,AREA 3,JATIM,MALANG,TULUNGAGUNG,,,0,0,0,JAWA TIMUR,TULUNGAGUNG,KEDUNGWARU,PLOSOKANDANG,TULUNG AGUNG
2139944963,,ODP-TRE-FN/18,-8.078733,111.758456,,,3,5,0,0,8,REGIONAL 5,KEDIRI,TULUNG AGUNG,TRE,,,2024-03-16 23:28:31,2018-01-12,2018,1,NON TITO,,,JAWA TIMUR,0.625,YELLOW,267992045,AREA 3,JATIM,MADIUN,PONOROGO,,,0,0,0,JAWA TIMUR,TRENGGALEK,POGALAN,GEMBLEB,TULUNG AGUNG
2074320900,,ODP-TUL-FAC/13,-8.08087,111.842004,,,4,4,0,0,8,REGIONAL 5,KEDIRI,TULUNG AGUNG,TUL,,,2024-03-16 23:28:32,2017-12-20,2017,12,NON TITO,,,JAWA TIMUR,0.5,YELLOW,256537924,AREA 3,JATIM,MALANG,TULUNGAGUNG,,,0,0,0,JAWA TIMUR,TULUNGAGUNG,GONDANG,BENDUNGAN,TULUNG AGUNG
2124946551,,ODP-TRE-FP/12,-8.075321,111.74121,,,4,12,0,0,16,REGIONAL 5,KEDIRI,TULUNG AGUNG,TRE,,,2024-03-16 23:28:34,2018-01-09,2018,1,NON TITO,,,JAWA TIMUR,0.75,YELLOW,267918340,AREA 3,JATIM,MADIUN,PONOROGO,,,0,0,0,JAWA TIMUR,TRENGGALEK,POGALAN,NGADIRENGGO,TULUNG AGUNG
2124946541,,ODP-TRE-FP/18,-8.087915,111.744187,,,2,6,0,0,8,REGIONAL 5,KEDIRI,TULUNG AGUNG,TRE,,,2024-03-16 23:28:33,2018-01-09,2018,1,NON TITO,,,JAWA TIMUR,0.75,YELLOW,267918337,AREA 3,JATIM,MADIUN,PONOROGO,,,0,0,0,JAWA TIMUR,TRENGGALEK,POGALAN,NGADIRENGGO,TULUNG AGUNG
2074320961,,ODP-TUL-FAC/05,-8.084523,111.814802,,,3,5,0,0,8,REGIONAL 5,KEDIRI,TULUNG AGUNG,TUL,,,2024-03-16 23:27:59,2017-12-20,2017,12,NON TITO,,,JAWA TIMUR,0.625,YELLOW,256537945,AREA 3,JATIM,MALANG,TULUNGAGUNG,,,0,0,0,JAWA TIMUR,TULUNGAGUNG,GONDANG,NOTOREJO,TULUNG AGUNG
2124944908,,ODP-TRE-FP/06,-8.102862,111.722421,,,4,4,0,0,8,REGIONAL 5,KEDIRI,TULUNG AGUNG,TRE,,,2024-03-16 23:28:14,2018-01-09,2018,1,NON TITO,,,JAWA TIMUR,0.5,YELLOW,267917284,AREA 3,JATIM,MADIUN,PONOROGO,,,0,0,0,JAWA TIMUR,TRENGGALEK,POGALAN,WONOCOYO,TULUNG AGUNG
2107244396,,ODP-TUL-FS/68,-8.050666,111.857809,,,3,4,0,0,8,REGIONAL 5,KEDIRI,TULUNG AGUNG,TUL,,,2024-03-16 23:23:51,2018-01-04,2018,1,NON TITO,,,JAWA TIMUR,0.5,YELLOW,258412056,AREA 3,JATIM,MALANG,TULUNGAGUNG,,,0,0,0,JAWA TIMUR,TULUNGAGUNG,KAUMAN,BOLOREJO,TULUNG AGUNG
2124945113,,ODP-TRE-FP/33,-8.093291,111.720258,,,3,5,0,0,8,REGIONAL 5,KEDIRI,TULUNG AGUNG,TRE,,,2024-03-16 23:27:16,2018-01-09,2018,1,NON TITO,,,JAWA TIMUR,0.625,YELLOW,267917435,AREA 3,JATIM,MADIUN,PONOROGO,,,0,0,0,JAWA TIMUR,TRENGGALEK,TRENGGALEK,KARANGSOKO,TULUNG AGUNG
2107244078,,ODP-TUL-FS/53,-8.049651,111.857771,,,3,4,0,0,8,REGIONAL 5,KEDIRI,TULUNG AGUNG,TUL,,,2024-03-16 23:23:47,2018-01-04,2018,1,NON TITO,,,JAWA TIMUR,0.5,YELLOW,258411769,AREA 3,JATIM,MALANG,TULUNGAGUNG,,,0,0,0,JAWA TIMUR,TULUNGAGUNG,KAUMAN,BOLOREJO,TULUNG AGUNG
2117368712,,ODP-TUL-FS/62,-8.048471,111.863469,,,2,6,0,0,8,REGIONAL 5,KEDIRI,TULUNG AGUNG,TUL,,,2024-03-16 23:25:14,2018-01-04,2018,1,NON TITO,,,JAWA TIMUR,0.75,YELLOW,258411643,AREA 3,JATIM,MALANG,TULUNGAGUNG,,,0,0,0,JAWA TIMUR,TULUNGAGUNG,KAUMAN,MOJOSARI,TULUNG AGUNG
2124945128,,ODP-TRE-FP/24,-8.095125,111.737472,,,3,12,1,0,16,REGIONAL 5,KEDIRI,TULUNG AGUNG,TRE,,,2024-03-16 23:28:14,2018-01-09,2018,1,NON TITO,,,JAWA TIMUR,0.75,YELLOW,267917444,AREA 3,JATIM,MADIUN,PONOROGO,,,0,0,0,JAWA TIMUR,TRENGGALEK,POGALAN,NGETAL,TULUNG AGUNG
2124945320,,ODP-TRE-FP/10,-8.095236,111.726977,,,4,4,0,0,8,REGIONAL 5,KEDIRI,TULUNG AGUNG,TRE,,,2024-03-16 23:27:57,2018-01-09,2018,1,NON TITO,,,JAWA TIMUR,0.5,YELLOW,267917583,AREA 3,JATIM,MADIUN,PONOROGO,,,0,0,0,JAWA TIMUR,TRENGGALEK,POGALAN,WONOCOYO,TULUNG AGUNG
2124945325,,ODP-TRE-FP/32,-8.093171,111.7196,,,2,6,0,0,8,REGIONAL 5,KEDIRI,TULUNG AGUNG,TRE,,,2024-03-16 23:28:15,2018-01-09,2018,1,NON TITO,,,JAWA TIMUR,0.75,YELLOW,267917586,AREA 3,JATIM,MADIUN,PONOROGO,,,0,0,0,JAWA TIMUR,TRENGGALEK,TRENGGALEK,KARANGSOKO,TULUNG AGUNG
2124945330,,ODP-TRE-FP/08,-8.099773,111.724973,,,3,5,0,0,8,REGIONAL 5,KEDIRI,TULUNG AGUNG,TRE,,,2024-03-16 23:27:38,2018-01-09,2018,1,NON TITO,,,JAWA TIMUR,0.625,YELLOW,267917589,AREA 3,JATIM,MADIUN,PONOROGO,,,0,0,0,JAWA TIMUR,TRENGGALEK,POGALAN,WONOCOYO,TULUNG AGUNG
2124945562,,ODP-TRE-FP/38,-8.091019,111.722121,,,4,4,0,0,8,REGIONAL 5,KEDIRI,TULUNG AGUNG,TRE,,,2024-03-16 23:28:21,2018-01-09,2018,1,NON TITO,,,JAWA TIMUR,0.5,YELLOW,267917744,AREA 3,JATIM,MADIUN,PONOROGO,,,0,0,0,JAWA TIMUR,TRENGGALEK,POGALAN,NGETAL,TULUNG AGUNG
2117368695,,ODP-TUL-FS/52,-8.048858,111.856283,,,8,8,0,0,16,REGIONAL 5,KEDIRI,TULUNG AGUNG,TUL,,,2024-03-16 23:25:03,2018-01-04,2018,1,NON TITO,,,JAWA TIMUR,0.5,YELLOW,258411627,AREA 3,JATIM,MALANG,TULUNGAGUNG,,,0,0,0,JAWA TIMUR,TULUNGAGUNG,KAUMAN,BOLOREJO,TULUNG AGUNG
2117368674,,ODP-TUL-FS/48,-8.042647,111.849237,,,4,4,0,0,8,REGIONAL 5,KEDIRI,TULUNG AGUNG,TUL,,,2024-03-16 23:25:16,2018-01-04,2018,1,NON TITO,,,JAWA TIMUR,0.5,YELLOW,258411619,AREA 3,JATIM,MALANG,TULUNGAGUNG,,,0,0,0,JAWA TIMUR,TULUNGAGUNG,KAUMAN,PUCANGAN,TULUNG AGUNG
2117368666,,ODP-TUL-FS/58,-8.048161,111.861983,,,3,5,0,0,8,REGIONAL 5,KEDIRI,TULUNG AGUNG,TUL,,,2024-03-16 23:25:16,2018-01-04,2018,1,NON TITO,,,JAWA TIMUR,0.625,YELLOW,258411611,AREA 3,JATIM,MALANG,TULUNGAGUNG,,,0,0,0,JAWA TIMUR,TULUNGAGUNG,KAUMAN,MOJOSARI,TULUNG AGUNG
2117368660,,ODP-TUL-FS/77,-8.053484,111.866626,,,6,10,0,0,16,REGIONAL 5,KEDIRI,TULUNG AGUNG,TUL,,,2024-03-16 23:25:07,2018-01-04,2018,1,NON TITO,,,JAWA TIMUR,0.625,YELLOW,258411605,AREA 3,JATIM,MALANG,TULUNGAGUNG,,,0,0,0,JAWA TIMUR,TULUNGAGUNG,KAUMAN,KAUMAN,TULUNG AGUNG
2042295082,,ODP-TUL-FB/36,-8.090425,111.907725,,,4,12,0,0,16,REGIONAL 5,KEDIRI,TULUNG AGUNG,TUL,,,2024-03-16 23:22:21,2017-12-12,2017,12,NON TITO,,,JAWA TIMUR,0.75,YELLOW,256138959,AREA 3,JATIM,MALANG,TULUNGAGUNG,,,0,0,0,JAWA TIMUR,TULUNGAGUNG,BOYOLANGU,SERUT,TULUNG AGUNG
2124945852,,ODP-TRE-FP/37,-8.091953,111.721852,,,3,5,0,0,8,REGIONAL 5,KEDIRI,TULUNG AGUNG,TRE,,,2024-03-16 23:27:15,2018-01-09,2018,1,NON TITO,,,JAWA TIMUR,0.625,YELLOW,267917955,AREA 3,JATIM,MADIUN,PONOROGO,,,0,0,0,JAWA TIMUR,TRENGGALEK,POGALAN,NGETAL,TULUNG AGUNG
2124945857,,ODP-TRE-FP/03,-8.107802,111.716,,,2,6,0,0,8,REGIONAL 5,KEDIRI,TULUNG AGUNG,TRE,,,2024-03-16 23:28:08,2018-01-09,2018,1,NON TITO,,,JAWA TIMUR,0.75,YELLOW,267917958,AREA 3,JATIM,MADIUN,PONOROGO,,,0,0,0,JAWA TIMUR,TRENGGALEK,GANDUSARI,WONOANTI,TULUNG AGUNG
2124945900,,ODP-TUL-FZ/31,-8.079203,111.890587,,,3,5,0,0,8,REGIONAL 5,KEDIRI,TULUNG AGUNG,TUL,,,2024-03-16 23:28:24,2018-01-09,2018,1,NON TITO,,,JAWA TIMUR,0.625,YELLOW,267917986,AREA 3,JATIM,MALANG,TULUNGAGUNG,,,0,0,0,JAWA TIMUR,TULUNGAGUNG,BOYOLANGU,GEDANGSEWU,TULUNG AGUNG
2124945905,,ODP-TUL-FZ/30,-8.080785,111.889828,,,7,9,0,0,16,REGIONAL 5,KEDIRI,TULUNG AGUNG,TUL,,,2024-03-16 23:28:27,2018-01-09,2018,1,NON TITO,,,JAWA TIMUR,0.5625,YELLOW,267917990,AREA 3,JATIM,MALANG,TULUNGAGUNG,,,0,0,0,JAWA TIMUR,TULUNGAGUNG,BOYOLANGU,GEDANGSEWU,TULUNG AGUNG
2106494410,,ODP-TUL-FZ/22,-8.085892,111.901551,,,8,8,0,0,16,REGIONAL 5,KEDIRI,TULUNG AGUNG,TUL,,,2024-03-16 23:24:54,2018-01-04,2018,1,NON TITO,,,JAWA TIMUR,0.5,YELLOW,258410417,AREA 3,JATIM,MALANG,TULUNGAGUNG,,,0,0,0,JAWA TIMUR,TULUNGAGUNG,BOYOLANGU,WAUNG,TULUNG AGUNG
2124946085,,ODP-TRE-FP/29,-8.093953,111.729895,,,3,5,0,0,8,REGIONAL 5,KEDIRI,TULUNG AGUNG,TRE,,,2024-03-16 23:28:07,2018-01-09,2018,1,NON TITO,,,JAWA TIMUR,0.625,YELLOW,267918107,AREA 3,JATIM,MADIUN,PONOROGO,,,0,0,0,JAWA TIMUR,TRENGGALEK,POGALAN,NGETAL,TULUNG AGUNG
2124946090,,ODP-TRE-FP/15,-8.08251,111.742686,,,4,4,0,0,8,REGIONAL 5,KEDIRI,TULUNG AGUNG,TRE,,,2024-03-16 23:27:11,2018-01-09,2018,1,NON TITO,,,JAWA TIMUR,0.5,YELLOW,267918111,AREA 3,JATIM,MADIUN,PONOROGO,,,0,0,0,JAWA TIMUR,TRENGGALEK,POGALAN,NGADIRENGGO,TULUNG AGUNG
2124946095,,ODP-TRE-FP/13,-8.078453,111.742415,,,3,5,0,0,8,REGIONAL 5,KEDIRI,TULUNG AGUNG,TRE,,,2024-03-16 23:27:24,2018-01-09,2018,1,NON TITO,,,JAWA TIMUR,0.625,YELLOW,267918114,AREA 3,JATIM,MADIUN,PONOROGO,,,0,0,0,JAWA TIMUR,TRENGGALEK,POGALAN,NGADIRENGGO,TULUNG AGUNG
2124946100,,ODP-TRE-FP/23,-8.095138,111.739894,,,9,7,0,0,16,REGIONAL 5,KEDIRI,TULUNG AGUNG,TRE,,,2024-03-16 23:28:30,2018-01-09,2018,1,NON TITO,,,JAWA TIMUR,0.4375,YELLOW,267918117,AREA 3,JATIM,MADIUN,PONOROGO,,,0,0,0,JAWA TIMUR,TRENGGALEK,POGALAN,NGETAL,TULUNG AGUNG
2106494118,,ODP-TUL-FZ/23,-8.08252,111.902544,,,9,7,0,0,16,REGIONAL 5,KEDIRI,TULUNG AGUNG,TUL,,,2024-03-16 23:24:47,2018-01-04,2018,1,NON TITO,,,JAWA TIMUR,0.4375,YELLOW,258410328,AREA 3,JATIM,MALANG,TULUNGAGUNG,,,0,0,0,JAWA TIMUR,TULUNGAGUNG,BOYOLANGU,SERUT,TULUNG AGUNG
2087743660,,ODP-DRN-FB/04,-8.09636,111.830967,,,2,6,0,0,8,REGIONAL 5,KEDIRI,TULUNG AGUNG,DRN,,,2024-03-16 23:28:40,2017-12-23,2017,12,NON TITO,,,JAWA TIMUR,0.75,YELLOW,256556296,AREA 3,JATIM,MADIUN,PONOROGO,,,0,0,0,JAWA TIMUR,TRENGGALEK,DURENAN,BARUHARJO,TULUNG AGUNG
2087743650,,ODP-DRN-FB/05,-8.096379,111.829828,,,2,6,0,0,8,REGIONAL 5,KEDIRI,TULUNG AGUNG,DRN,,,2024-03-16 23:27:23,2017-12-23,2017,12,NON TITO,,,JAWA TIMUR,0.75,YELLOW,256556293,AREA 3,JATIM,MADIUN,PONOROGO,,,0,0,0,JAWA TIMUR,TRENGGALEK,DURENAN,BARUHARJO,TULUNG AGUNG
2124946321,,ODP-TRE-FP/43,-8.092277,111.726217,,,4,4,0,0,8,REGIONAL 5,KEDIRI,TULUNG AGUNG,TRE,,,2024-03-16 23:28:29,2018-01-09,2018,1,NON TITO,,,JAWA TIMUR,0.5,YELLOW,267918243,AREA 3,JATIM,MADIUN,PONOROGO,,,0,0,0,JAWA TIMUR,TRENGGALEK,POGALAN,NGETAL,TULUNG AGUNG
2087743645,,ODP-DRN-FB/06,-8.096338,111.826239,,,3,5,0,0,8,REGIONAL 5,KEDIRI,TULUNG AGUNG,DRN,,,2024-03-16 23:28:32,2017-12-23,2017,12,NON TITO,,,JAWA TIMUR,0.625,YELLOW,256556292,AREA 3,JATIM,MADIUN,PONOROGO,,,0,0,0,JAWA TIMUR,TRENGGALEK,DURENAN,BARUHARJO,TULUNG AGUNG
2124946331,,ODP-TRE-FP/31,-8.092762,111.727298,,,4,4,0,0,8,REGIONAL 5,KEDIRI,TULUNG AGUNG,TRE,,,2024-03-16 23:28:29,2018-01-09,2018,1,NON TITO,,,JAWA TIMUR,0.5,YELLOW,267918246,AREA 3,JATIM,MADIUN,PONOROGO,,,0,0,0,JAWA TIMUR,TRENGGALEK,POGALAN,NGETAL,TULUNG AGUNG
2117368647,,ODP-TUL-FS/49,-8.044267,111.85351,,,3,5,0,0,8,REGIONAL 5,KEDIRI,TULUNG AGUNG,TUL,,,2024-03-16 23:25:06,2018-01-04,2018,1,NON TITO,,,JAWA TIMUR,0.625,YELLOW,258411594,AREA 3,JATIM,MALANG,TULUNGAGUNG,,,0,0,0,JAWA TIMUR,TULUNGAGUNG,KAUMAN,KARANGANOM,TULUNG AGUNG
1053347131,,ODP-CAT-FE/11,-8.170645,111.791648,,,7,9,0,0,16,REGIONAL 5,KEDIRI,TULUNG AGUNG,CAT,,,2024-03-16 23:24:10,2016-11-12,2016,11,NON TITO,,,JAWA TIMUR,0.5625,YELLOW,38459812,AREA 3,JATIM,MALANG,TULUNGAGUNG,,,0,0,0,JAWA TIMUR,TULUNGAGUNG,BANDUNG,SURUHAN KIDUL,TULUNG AGUNG
2178570321,,ODP-KWR-FA/38,-8.162224,111.938945,,,4,4,0,0,8,REGIONAL 5,KEDIRI,TULUNG AGUNG,KWR,,,2024-03-16 23:23:52,2018-01-26,2018,1,NON TITO,,,JAWA TIMUR,0.5,YELLOW,294175391,AREA 3,JATIM,MALANG,TULUNGAGUNG,,,0,0,0,JAWA TIMUR,TULUNGAGUNG,KALIDAWIR,PAGERSARI,TULUNG AGUNG
1486696329,,ODP-PRI-FB/31,-8.281527,111.733525,,,7,8,0,0,16,REGIONAL 5,KEDIRI,TULUNG AGUNG,PRI,,,2024-03-16 23:27:17,2017-05-23,2017,5,NON TITO,,,JAWA TIMUR,0.5,YELLOW,129919537,AREA 3,JATIM,MADIUN,PONOROGO,,,0,0,0,JAWA TIMUR,TRENGGALEK,WATULIMO,PRIGI,TULUNG AGUNG
1237321627,,ODP-TRE-FJ/12,-8.047048,111.66551,,,4,4,0,0,8,REGIONAL 5,KEDIRI,TULUNG AGUNG,TRE,,,2024-03-16 23:27:56,2017-02-10,2017,2,NON TITO,,,JAWA TIMUR,0.5,YELLOW,62751787,AREA 3,JATIM,MADIUN,PONOROGO,,,0,0,0,JAWA TIMUR,TRENGGALEK,TUGU,NGLONGSOR,TULUNG AGUNG
2436270582,,ODP-TRE-FL/33,-8.088333,111.660041,,,3,5,0,0,8,REGIONAL 5,KEDIRI,TULUNG AGUNG,TRE,,,2024-03-16 23:23:36,2018-04-19,2018,4,NON TITO,,,JAWA TIMUR,0.625,YELLOW,353264975,AREA 3,JATIM,MADIUN,PONOROGO,,,0,0,0,JAWA TIMUR,TRENGGALEK,KARANGAN,KARANGAN,TULUNG AGUNG
2436270587,,ODP-TRE-FL/47,-8.080012,111.667004,,,3,5,0,0,8,REGIONAL 5,KEDIRI,TULUNG AGUNG,TRE,,,2024-03-16 23:23:37,2018-04-19,2018,4,NON TITO,,,JAWA TIMUR,0.625,YELLOW,353264978,AREA 3,JATIM,MADIUN,PONOROGO,,,0,0,0,JAWA TIMUR,TRENGGALEK,KARANGAN,KARANGAN,TULUNG AGUNG
1237321581,,ODP-TRE-FJ/07,-8.045806,111.657568,,,3,5,0,0,8,REGIONAL 5,KEDIRI,TULUNG AGUNG,TRE,,,2024-03-16 23:29:14,2017-02-10,2017,2,NON TITO,,,JAWA TIMUR,0.625,YELLOW,62751763,AREA 3,JATIM,MADIUN,PONOROGO,,,0,0,0,JAWA TIMUR,TRENGGALEK,TUGU,NGLONGSOR,TULUNG AGUNG
1229819389,,ODP-TUL-FB/17,-8.078351,111.918617,,,3,5,0,0,8,REGIONAL 5,KEDIRI,TULUNG AGUNG,TUL,,,2024-03-16 23:28:59,2017-02-09,2017,2,NON TITO,,,JAWA TIMUR,0.625,YELLOW,62742693,AREA 3,JATIM,MALANG,TULUNGAGUNG,,,0,0,0,JAWA TIMUR,TULUNGAGUNG,KEDUNGWARU,PLOSOKANDANG,TULUNG AGUNG
2436270704,,ODP-TRE-FL/51,-8.076429,111.662366,,,6,10,0,0,16,REGIONAL 5,KEDIRI,TULUNG AGUNG,TRE,,,2024-03-16 23:23:50,2018-04-19,2018,4,NON TITO,,,JAWA TIMUR,0.625,YELLOW,353265048,AREA 3,JATIM,MADIUN,PONOROGO,,,0,0,0,JAWA TIMUR,TRENGGALEK,KARANGAN,KARANGAN,TULUNG AGUNG
2436270709,,ODP-TRE-FL/31,-8.090935,111.65865,,,2,6,0,0,8,REGIONAL 5,KEDIRI,TULUNG AGUNG,TRE,,,2024-03-16 23:23:30,2018-04-19,2018,4,NON TITO,,,JAWA TIMUR,0.75,YELLOW,353265051,AREA 3,JATIM,MADIUN,PONOROGO,,,0,0,0,JAWA TIMUR,TRENGGALEK,KARANGAN,KARANGAN,TULUNG AGUNG
1229819384,,ODP-TUL-FB/16,-8.076717,111.918882,,,3,5,0,0,8,REGIONAL 5,KEDIRI,TULUNG AGUNG,TUL,,,2024-03-16 23:28:54,2017-02-09,2017,2,NON TITO,,,JAWA TIMUR,0.625,YELLOW,62742689,AREA 3,JATIM,MALANG,TULUNGAGUNG,,,0,0,0,JAWA TIMUR,TULUNGAGUNG,KEDUNGWARU,PLOSOKANDANG,TULUNG AGUNG
2437621614,,ODP-TUL-FQ/34,-8.054081,111.91343,,,3,5,0,0,8,REGIONAL 5,KEDIRI,TULUNG AGUNG,TUL,,,2024-03-16 23:25:11,2018-04-20,2018,4,NON TITO,,,JAWA TIMUR,0.625,YELLOW,353272499,AREA 3,JATIM,MALANG,TULUNGAGUNG,,,0,0,0,JAWA TIMUR,TULUNGAGUNG,KEDUNGWARU,KEDUNGWARU,TULUNG AGUNG
2446245410,,ODP-TRE-FH/06,-8.060401,111.634381,,,2,6,0,0,8,REGIONAL 5,KEDIRI,TULUNG AGUNG,TRE,,,2024-03-16 23:21:05,2018-04-21,2018,4,NON TITO,,,JAWA TIMUR,0.75,YELLOW,353280574,AREA 3,JATIM,MADIUN,PONOROGO,,,0,0,0,JAWA TIMUR,TRENGGALEK,TUGU,NGEPEH,TULUNG AGUNG
2446245415,,ODP-TRE-FH/05,-8.061053,111.63248,,,4,4,0,0,8,REGIONAL 5,KEDIRI,TULUNG AGUNG,TRE,,,2024-03-16 23:27:50,2018-04-21,2018,4,NON TITO,,,JAWA TIMUR,0.5,YELLOW,353280577,AREA 3,JATIM,MADIUN,PONOROGO,,,0,0,0,JAWA TIMUR,TRENGGALEK,TUGU,NGEPEH,TULUNG AGUNG
2446245420,,ODP-TRE-FH/09,-8.055512,111.640755,,,4,4,0,0,8,REGIONAL 5,KEDIRI,TULUNG AGUNG,TRE,,,2024-03-16 23:28:11,2018-04-21,2018,4,NON TITO,,,JAWA TIMUR,0.5,YELLOW,353280580,AREA 3,JATIM,MADIUN,PONOROGO,,,0,0,0,JAWA TIMUR,TRENGGALEK,TUGU,TUMPUK,TULUNG AGUNG
1229819369,,ODP-TUL-FB/13,-8.077619,111.922535,,,6,10,0,0,16,REGIONAL 5,KEDIRI,TULUNG AGUNG,TUL,,,2024-03-16 23:27:42,2017-02-09,2017,2,NON TITO,,,JAWA TIMUR,0.625,YELLOW,62742682,AREA 3,JATIM,MALANG,TULUNGAGUNG,,,0,0,0,JAWA TIMUR,TULUNGAGUNG,KEDUNGWARU,PLOSOKANDANG,TULUNG AGUNG
1221119583,,ODP-TUL-FU/19,-8.108841,111.895633,,,3,5,0,0,8,REGIONAL 5,KEDIRI,TULUNG AGUNG,TUL,,,2024-03-16 23:23:47,2017-02-08,2017,2,NON TITO,,,JAWA TIMUR,0.625,YELLOW,62591195,AREA 3,JATIM,MALANG,TULUNGAGUNG,,,0,0,0,JAWA TIMUR,TULUNGAGUNG,BOYOLANGU,BOYOLANGU,TULUNG AGUNG
2446245527,,ODP-TRE-FH/29,-8.042196,111.646165,,,3,5,0,0,8,REGIONAL 5,KEDIRI,TULUNG AGUNG,TRE,,,2024-03-16 23:28:21,2018-04-21,2018,4,NON TITO,,,JAWA TIMUR,0.625,YELLOW,353280644,AREA 3,JATIM,MADIUN,PONOROGO,,,0,0,0,JAWA TIMUR,TRENGGALEK,TUGU,SUKOREJO,TULUNG AGUNG
2446245532,,ODP-TRE-FH/30,-8.044425,111.651113,,,7,9,0,0,16,REGIONAL 5,KEDIRI,TULUNG AGUNG,TRE,,,2024-03-16 23:28:26,2018-04-21,2018,4,NON TITO,,,JAWA TIMUR,0.5625,YELLOW,353280647,AREA 3,JATIM,MADIUN,PONOROGO,,,0,0,0,JAWA TIMUR,TRENGGALEK,TUGU,GONDANG,TULUNG AGUNG
717344484,,ODP-TRE-FD/17,-8.054708,111.711878,,,3,5,0,0,8,REGIONAL 5,KEDIRI,TULUNG AGUNG,TRE,,,2024-03-16 23:24:25,2016-06-27,2016,6,NON TITO,,,JAWA TIMUR,0.625,YELLOW,33644203,AREA 3,JATIM,MADIUN,PONOROGO,,,0,0,0,JAWA TIMUR,TRENGGALEK,TRENGGALEK,SUMBERGEDONG,TULUNG AGUNG
2446245537,,ODP-TRE-FH/32,-8.045397,111.654997,,,7,9,0,0,16,REGIONAL 5,KEDIRI,TULUNG AGUNG,TRE,,,2024-03-16 23:26:59,2018-04-21,2018,4,NON TITO,,,JAWA TIMUR,0.5625,YELLOW,353280650,AREA 3,JATIM,MADIUN,PONOROGO,,,0,0,0,JAWA TIMUR,TRENGGALEK,TUGU,NGLONGSOR,TULUNG AGUNG
717344491,,ODP-TRE-FD/11,-8.064063,111.707101,,,5,11,0,0,16,REGIONAL 5,KEDIRI,TULUNG AGUNG,TRE,,,2024-03-16 23:24:19,2016-06-27,2016,6,NON TITO,,,JAWA TIMUR,0.6875,YELLOW,33644209,AREA 3,JATIM,MADIUN,PONOROGO,,,0,0,0,JAWA TIMUR,TRENGGALEK,TRENGGALEK,NGANTRU,TULUNG AGUNG
2446245542,,ODP-TRE-FH/19,-8.025462,111.631963,,,6,10,0,0,16,REGIONAL 5,KEDIRI,TULUNG AGUNG,TRE,,,2024-03-16 23:28:26,2018-04-21,2018,4,NON TITO,,,JAWA TIMUR,0.625,YELLOW,353280653,AREA 3,JATIM,MADIUN,PONOROGO,,,0,0,0,JAWA TIMUR,TRENGGALEK,TUGU,DERMOSARI,TULUNG AGUNG
717344498,,ODP-TRE-FD/12,-8.060708,111.707581,,,6,10,0,0,16,REGIONAL 5,KEDIRI,TULUNG AGUNG,TRE,,,2024-03-16 23:24:27,2016-06-27,2016,6,NON TITO,,,JAWA TIMUR,0.625,YELLOW,33644214,AREA 3,JATIM,MADIUN,PONOROGO,,,0,0,0,JAWA TIMUR,TRENGGALEK,TRENGGALEK,NGANTRU,TULUNG AGUNG
2446245647,,ODP-TRE-FH/26,-8.038435,111.641202,,,3,5,0,0,8,REGIONAL 5,KEDIRI,TULUNG AGUNG,TRE,,,2024-03-16 23:27:14,2018-04-21,2018,4,NON TITO,,,JAWA TIMUR,0.625,YELLOW,353280716,AREA 3,JATIM,MADIUN,PONOROGO,,,0,0,0,JAWA TIMUR,TRENGGALEK,TUGU,SUKOREJO,TULUNG AGUNG
717344505,,ODP-TRE-FD/13,-8.057314,111.708042,,,7,9,0,0,16,REGIONAL 5,KEDIRI,TULUNG AGUNG,TRE,,,2024-03-16 23:21:02,2016-06-27,2016,6,NON TITO,,,JAWA TIMUR,0.5625,YELLOW,33644222,AREA 3,JATIM,MADIUN,PONOROGO,,,0,0,0,JAWA TIMUR,TRENGGALEK,TRENGGALEK,NGANTRU,TULUNG AGUNG
717194438,,ODP-PRI-FB/04,-8.28569,111.72652,,,4,4,0,0,8,REGIONAL 5,KEDIRI,TULUNG AGUNG,PRI,,,2024-03-16 23:27:42,2016-06-28,2016,6,NON TITO,,,JAWA TIMUR,0.5,YELLOW,33644725,AREA 3,JATIM,MADIUN,PONOROGO,,,0,0,0,JAWA TIMUR,TRENGGALEK,WATULIMO,PRIGI,TULUNG AGUNG
2446245747,,ODP-TRE-FH/08,-8.05744,111.636676,,,4,4,0,0,8,REGIONAL 5,KEDIRI,TULUNG AGUNG,TRE,,,2024-03-16 23:27:24,2018-04-21,2018,4,NON TITO,,,JAWA TIMUR,0.5,YELLOW,353280776,AREA 3,JATIM,MADIUN,PONOROGO,,,0,0,0,JAWA TIMUR,TRENGGALEK,TUGU,NGEPEH,TULUNG AGUNG
717194448,,ODP-PRI-FB/05,-8.28378,111.72626,,,4,4,0,0,8,REGIONAL 5,KEDIRI,TULUNG AGUNG,PRI,,,2024-03-16 23:27:41,2016-06-28,2016,6,NON TITO,,,JAWA TIMUR,0.5,YELLOW,33644751,AREA 3,JATIM,MADIUN,PONOROGO,,,0,0,0,JAWA TIMUR,TRENGGALEK,WATULIMO,PRIGI,TULUNG AGUNG
2446245752,,ODP-TRE-FH/27,-8.039729,111.642858,,,2,6,0,0,8,REGIONAL 5,KEDIRI,TULUNG AGUNG,TRE,,,2024-03-16 23:28:16,2018-04-21,2018,4,NON TITO,,,JAWA TIMUR,0.75,YELLOW,353280779,AREA 3,JATIM,MADIUN,PONOROGO,,,0,0,0,JAWA TIMUR,TRENGGALEK,TUGU,SUKOREJO,TULUNG AGUNG
2446245850,,ODP-TRE-FH/12,-8.051201,111.644176,,,3,5,0,0,8,REGIONAL 5,KEDIRI,TULUNG AGUNG,TRE,,,2024-03-16 23:28:13,2018-04-21,2018,4,NON TITO,,,JAWA TIMUR,0.625,YELLOW,353280838,AREA 3,JATIM,MADIUN,PONOROGO,,,0,0,0,JAWA TIMUR,TRENGGALEK,TUGU,TUMPUK,TULUNG AGUNG
717194457,,ODP-PRI-FB/06,-8.28017,111.72804,,,4,4,0,0,8,REGIONAL 5,KEDIRI,TULUNG AGUNG,PRI,,,2024-03-16 23:27:15,2016-06-28,2016,6,NON TITO,,,JAWA TIMUR,0.5,YELLOW,33644782,AREA 3,JATIM,MADIUN,PONOROGO,,,0,0,0,JAWA TIMUR,TRENGGALEK,WATULIMO,PRIGI,TULUNG AGUNG
1253974843,,ODP-TUL-FN/17,-8.060542,111.865288,,,5,11,0,0,16,REGIONAL 5,KEDIRI,TULUNG AGUNG,TUL,,,2024-03-16 23:25:18,2017-02-14,2017,2,NON TITO,,,JAWA TIMUR,0.6875,YELLOW,62764070,AREA 3,JATIM,MALANG,TULUNGAGUNG,,,0,0,0,JAWA TIMUR,TULUNGAGUNG,KAUMAN,KAUMAN,TULUNG AGUNG
717194465,,ODP-PRI-FB/07,-8.28238,111.72456,,,3,5,0,0,8,REGIONAL 5,KEDIRI,TULUNG AGUNG,PRI,,,2024-03-16 23:27:49,2016-06-28,2016,6,NON TITO,,,JAWA TIMUR,0.625,YELLOW,33644803,AREA 3,JATIM,MADIUN,PONOROGO,,,0,0,0,JAWA TIMUR,TRENGGALEK,WATULIMO,PRIGI,TULUNG AGUNG
2436270572,,ODP-TRE-FL/39,-8.087817,111.669787,,,4,4,0,0,8,REGIONAL 5,KEDIRI,TULUNG AGUNG,TRE,,,2024-03-16 23:22:58,2018-04-19,2018,4,NON TITO,,,JAWA TIMUR,0.5,YELLOW,353264969,AREA 3,JATIM,MADIUN,PONOROGO,,,0,0,0,JAWA TIMUR,TRENGGALEK,KARANGAN,KEDUNGSIGIT,TULUNG AGUNG
2436270567,,ODP-TRE-FL/43,-8.077358,111.673868,,,5,9,2,0,16,REGIONAL 5,KEDIRI,TULUNG AGUNG,TRE,,,2024-03-16 23:23:37,2018-04-19,2018,4,NON TITO,,,JAWA TIMUR,0.5625,YELLOW,353264966,AREA 3,JATIM,MADIUN,PONOROGO,,,0,0,0,JAWA TIMUR,TRENGGALEK,KARANGAN,KEDUNGSIGIT,TULUNG AGUNG
1311522765,,ODP-TUL-FY/07,-8.058239,111.947785,,,3,5,0,0,8,REGIONAL 5,KEDIRI,TULUNG AGUNG,TUL,,,2024-03-16 23:27:24,2017-03-09,2017,3,NON TITO,,,JAWA TIMUR,0.625,YELLOW,79361227,AREA 3,JATIM,MALANG,TULUNGAGUNG,,,0,0,0,JAWA TIMUR,TULUNGAGUNG,KEDUNGWARU,LODERESAN,TULUNG AGUNG
1311531057,,ODP-TUL-FW/19,-8.050853,111.904732,,,3,5,0,0,8,REGIONAL 5,KEDIRI,TULUNG AGUNG,TUL,,,2024-03-16 23:29:15,2017-03-10,2017,3,NON TITO,,,JAWA TIMUR,0.625,YELLOW,79329254,AREA 3,JATIM,MALANG,TULUNGAGUNG,,,0,0,0,JAWA TIMUR,TULUNGAGUNG,KEDUNGWARU,TAWANGSARI,TULUNG AGUNG
1311531025,,ODP-TUL-FW/18,-8.048886,111.904572,,,2,6,0,0,8,REGIONAL 5,KEDIRI,TULUNG AGUNG,TUL,,,2024-03-16 23:29:16,2017-03-10,2017,3,NON TITO,,,JAWA TIMUR,0.75,YELLOW,79329250,AREA 3,JATIM,MALANG,TULUNGAGUNG,,,0,0,0,JAWA TIMUR,TULUNGAGUNG,KEDUNGWARU,TAWANGSARI,TULUNG AGUNG
1311523383,,ODP-DRN-FA/01,-8.119821,111.7938,,,4,12,0,0,16,REGIONAL 5,KEDIRI,TULUNG AGUNG,DRN,,,2024-03-16 23:27:47,2017-03-09,2017,3,NON TITO,,,JAWA TIMUR,0.75,YELLOW,79325552,AREA 3,JATIM,MADIUN,PONOROGO,,,0,0,0,JAWA TIMUR,TRENGGALEK,DURENAN,KENDALREJO,TULUNG AGUNG
2427869799,,ODP-TUL-FN/58,-8.069754,111.882381,,,2,6,0,0,8,REGIONAL 5,KEDIRI,TULUNG AGUNG,TUL,,,2024-03-16 23:27:08,2018-04-13,2018,4,NON TITO,,,JAWA TIMUR,0.75,YELLOW,333710604,AREA 3,JATIM,MALANG,TULUNGAGUNG,,,0,0,0,JAWA TIMUR,TULUNGAGUNG,TULUNGAGUNG,TERTEK,TULUNG AGUNG
1311523082,,ODP-TUL-FY/11,-8.057001,111.954444,,,2,6,0,0,8,REGIONAL 5,KEDIRI,TULUNG AGUNG,TUL,,,2024-03-16 23:27:25,2017-03-09,2017,3,NON TITO,,,JAWA TIMUR,0.75,YELLOW,79325449,AREA 3,JATIM,MALANG,TULUNGAGUNG,,,0,0,0,JAWA TIMUR,TULUNGAGUNG,KEDUNGWARU,LODERESAN,TULUNG AGUNG
1311519417,,ODP-DRN-FA/04,-8.121653,111.803725,,,6,10,0,0,16,REGIONAL 5,KEDIRI,TULUNG AGUNG,DRN,,,2024-03-16 23:25:03,2017-03-09,2017,3,NON TITO,,,JAWA TIMUR,0.625,YELLOW,79323421,AREA 3,JATIM,MADIUN,PONOROGO,,,0,0,0,JAWA TIMUR,TRENGGALEK,DURENAN,PANDEAN,TULUNG AGUNG
1311519388,,ODP-DRN-FA/03,-8.12008,111.8043,,,5,11,0,0,16,REGIONAL 5,KEDIRI,TULUNG AGUNG,DRN,,,2024-03-16 23:26:29,2017-03-09,2017,3,NON TITO,,,JAWA TIMUR,0.6875,YELLOW,79323402,AREA 3,JATIM,MADIUN,PONOROGO,,,0,0,0,JAWA TIMUR,TRENGGALEK,DURENAN,PANDEAN,TULUNG AGUNG
1311519155,,ODP-DRN-FA/06,-8.121432,111.799516,,,8,8,0,0,16,REGIONAL 5,KEDIRI,TULUNG AGUNG,DRN,,,2024-03-16 23:26:09,2017-03-09,2017,3,NON TITO,,,JAWA TIMUR,0.5,YELLOW,79323251,AREA 3,JATIM,MADIUN,PONOROGO,,,0,0,0,JAWA TIMUR,TRENGGALEK,DURENAN,KENDALREJO,TULUNG AGUNG
2436497263,,ODP-TUL-FU/29,-8.144294,111.887805,,,4,4,0,0,8,REGIONAL 5,KEDIRI,TULUNG AGUNG,TUL,,,2024-03-16 23:23:00,2018-04-17,2018,4,NON TITO,,,JAWA TIMUR,0.5,YELLOW,346967553,AREA 3,JATIM,MALANG,TULUNGAGUNG,,,0,0,0,JAWA TIMUR,TULUNGAGUNG,CAMPURDARAT,POJOK,TULUNG AGUNG
1293571366,,ODP-TUL-FD/47,-8.070421,111.894787,,,3,5,0,0,8,REGIONAL 5,KEDIRI,TULUNG AGUNG,TUL,,,2024-03-16 23:26:20,2017-02-27,2017,2,NON TITO,,,JAWA TIMUR,0.625,YELLOW,79277547,AREA 3,JATIM,MALANG,TULUNGAGUNG,,,0,0,0,JAWA TIMUR,TULUNGAGUNG,TULUNGAGUNG,TERTEK,TULUNG AGUNG
2436497318,,ODP-TUL-FU/28,-8.130624,111.888955,,,4,4,0,0,8,REGIONAL 5,KEDIRI,TULUNG AGUNG,TUL,,,2024-03-16 23:23:01,2018-04-17,2018,4,NON TITO,,,JAWA TIMUR,0.5,YELLOW,346967608,AREA 3,JATIM,MALANG,TULUNGAGUNG,,,0,0,0,JAWA TIMUR,TULUNGAGUNG,CAMPURDARAT,TANGGUNG,TULUNG AGUNG
1293570817,,ODP-TUL-FD/48,-8.068458,111.895634,,,4,4,0,0,8,REGIONAL 5,KEDIRI,TULUNG AGUNG,TUL,,,2024-03-16 23:26:08,2017-02-27,2017,2,NON TITO,,,JAWA TIMUR,0.5,YELLOW,79276601,AREA 3,JATIM,MALANG,TULUNGAGUNG,,,0,0,0,JAWA TIMUR,TULUNGAGUNG,TULUNGAGUNG,TERTEK,TULUNG AGUNG
1293569888,,ODP-TUL-FD/46,-8.070931,111.889795,,,4,12,0,0,16,REGIONAL 5,KEDIRI,TULUNG AGUNG,TUL,,,2024-03-16 23:25:55,2017-02-27,2017,2,NON TITO,,,JAWA TIMUR,0.75,YELLOW,79275667,AREA 3,JATIM,MALANG,TULUNGAGUNG,,,0,0,0,JAWA TIMUR,TULUNGAGUNG,TULUNGAGUNG,TERTEK,TULUNG AGUNG
1293569731,,ODP-NGU-FD/23,-8.140686,111.978258,,,6,10,0,0,16,REGIONAL 5,KEDIRI,TULUNG AGUNG,NGU,,,2024-03-16 23:26:01,2017-02-27,2017,2,NON TITO,,,JAWA TIMUR,0.625,YELLOW,79275486,AREA 3,JATIM,MALANG,TULUNGAGUNG,,,0,0,0,JAWA TIMUR,TULUNGAGUNG,NGUNUT,BALESONO,TULUNG AGUNG
1293569352,,ODP-NGU-FD/26,-8.139193,111.986272,,,3,5,0,0,8,REGIONAL 5,KEDIRI,TULUNG AGUNG,NGU,,,2024-03-16 23:25:05,2017-02-27,2017,2,NON TITO,,,JAWA TIMUR,0.625,YELLOW,79275251,AREA 3,JATIM,MALANG,TULUNGAGUNG,,,0,0,0,JAWA TIMUR,TULUNGAGUNG,NGUNUT,BALESONO,TULUNG AGUNG
1300393900,,ODP-TUL-FS/03,-7.997137,111.894457,,,2,6,0,0,8,REGIONAL 5,KEDIRI,TULUNG AGUNG,TUL,,,2024-03-16 23:29:02,2017-03-02,2017,3,NON TITO,,,JAWA TIMUR,0.75,YELLOW,70179038,AREA 3,JATIM,MALANG,TULUNGAGUNG,,,0,0,0,JAWA TIMUR,TULUNGAGUNG,KARANGREJO,GEDANGAN,TULUNG AGUNG
2436497353,,ODP-TUL-FU/33,-8.126721,111.893128,,,4,4,0,0,8,REGIONAL 5,KEDIRI,TULUNG AGUNG,TUL,,,2024-03-16 23:23:10,2018-04-17,2018,4,NON TITO,,,JAWA TIMUR,0.5,YELLOW,346967638,AREA 3,JATIM,MALANG,TULUNGAGUNG,,,0,0,0,JAWA TIMUR,TULUNGAGUNG,CAMPURDARAT,TANGGUNG,TULUNG AGUNG
691468653,,ODP-TUL-FA/63,-8.051024,111.906418,,,2,6,0,0,8,REGIONAL 5,KEDIRI,TULUNG AGUNG,TUL,,,2024-03-16 23:23:47,2016-06-16,2016,6,NON TITO,,,JAWA TIMUR,0.75,YELLOW,33600264,AREA 3,JATIM,MALANG,TULUNGAGUNG,,,0,0,0,JAWA TIMUR,TULUNGAGUNG,KEDUNGWARU,KEDUNGWARU,TULUNG AGUNG
1265001216,,ODP-TUL-FB/25,-8.079285,111.918474,,,5,11,0,0,16,REGIONAL 5,KEDIRI,TULUNG AGUNG,TUL,,,2024-03-16 23:23:10,2017-02-17,2017,2,NON TITO,,,JAWA TIMUR,0.6875,YELLOW,63374395,AREA 3,JATIM,MALANG,TULUNGAGUNG,,,0,0,0,JAWA TIMUR,TULUNGAGUNG,KEDUNGWARU,PLOSOKANDANG,TULUNG AGUNG
2436497428,,ODP-TUL-FU/36,-8.123349,111.883635,,,3,5,0,0,8,REGIONAL 5,KEDIRI,TULUNG AGUNG,TUL,,,2024-03-16 23:23:00,2018-04-17,2018,4,NON TITO,,,JAWA TIMUR,0.625,YELLOW,346967718,AREA 3,JATIM,MALANG,TULUNGAGUNG,,,0,0,0,JAWA TIMUR,TULUNGAGUNG,BOYOLANGU,NGRANTI,TULUNG AGUNG
1265000874,,ODP-TUL-FB/20,-8.078767,111.926283,,,9,7,0,0,16,REGIONAL 5,KEDIRI,TULUNG AGUNG,TUL,,,2024-03-16 23:23:30,2017-02-17,2017,2,NON TITO,,,JAWA TIMUR,0.4375,YELLOW,63374244,AREA 3,JATIM,MALANG,TULUNGAGUNG,,,0,0,0,JAWA TIMUR,TULUNGAGUNG,KEDUNGWARU,PLOSOKANDANG,TULUNG AGUNG
2436270141,,ODP-TRE-FL/49,-8.075486,111.663894,,,2,6,0,0,8,REGIONAL 5,KEDIRI,TULUNG AGUNG,TRE,,,2024-03-16 23:23:34,2018-04-19,2018,4,NON TITO,,,JAWA TIMUR,0.75,YELLOW,353264743,AREA 3,JATIM,MADIUN,PONOROGO,,,0,0,0,JAWA TIMUR,TRENGGALEK,KARANGAN,KARANGAN,TULUNG AGUNG
2436270151,,ODP-TRE-FL/30,-8.096141,111.651642,,,2,6,0,0,8,REGIONAL 5,KEDIRI,TULUNG AGUNG,TRE,,,2024-03-16 23:22:44,2018-04-19,2018,4,NON TITO,,,JAWA TIMUR,0.75,YELLOW,353264746,AREA 3,JATIM,MADIUN,PONOROGO,,,0,0,0,JAWA TIMUR,TRENGGALEK,KARANGAN,JATI,TULUNG AGUNG
2436270241,,ODP-TRE-FL/35,-8.083689,111.661064,,,4,4,0,0,8,REGIONAL 5,KEDIRI,TULUNG AGUNG,TRE,,,2024-03-16 23:23:37,2018-04-19,2018,4,NON TITO,,,JAWA TIMUR,0.5,YELLOW,353264773,AREA 3,JATIM,MADIUN,PONOROGO,,,0,0,0,JAWA TIMUR,TRENGGALEK,KARANGAN,KARANGAN,TULUNG AGUNG
2436270251,,ODP-TRE-FL/46,-8.079964,111.669399,,,4,4,0,0,8,REGIONAL 5,KEDIRI,TULUNG AGUNG,TRE,,,2024-03-16 23:23:36,2018-04-19,2018,4,NON TITO,,,JAWA TIMUR,0.5,YELLOW,353264777,AREA 3,JATIM,MADIUN,PONOROGO,,,0,0,0,JAWA TIMUR,TRENGGALEK,KARANGAN,KARANGAN,TULUNG AGUNG
2436270336,,ODP-TRE-FL/34,-8.085547,111.660641,,,9,7,0,0,16,REGIONAL 5,KEDIRI,TULUNG AGUNG,TRE,,,2024-03-16 23:23:36,2018-04-19,2018,4,NON TITO,,,JAWA TIMUR,0.4375,YELLOW,353264828,AREA 3,JATIM,MADIUN,PONOROGO,,,0,0,0,JAWA TIMUR,TRENGGALEK,KARANGAN,KARANGAN,TULUNG AGUNG
1264999904,,ODP-TUL-FB/22,-8.081349,111.924763,,,7,9,0,0,16,REGIONAL 5,KEDIRI,TULUNG AGUNG,TUL,,,2024-03-16 23:23:00,2017-02-17,2017,2,NON TITO,,,JAWA TIMUR,0.5625,YELLOW,63298854,AREA 3,JATIM,MALANG,TULUNGAGUNG,,,0,0,0,JAWA TIMUR,TULUNGAGUNG,KEDUNGWARU,PLOSOKANDANG,TULUNG AGUNG
2436270341,,ODP-TRE-FL/40,-8.084729,111.670188,,,4,4,0,0,8,REGIONAL 5,KEDIRI,TULUNG AGUNG,TRE,,,2024-03-16 23:23:36,2018-04-19,2018,4,NON TITO,,,JAWA TIMUR,0.5,YELLOW,353264831,AREA 3,JATIM,MADIUN,PONOROGO,,,0,0,0,JAWA TIMUR,TRENGGALEK,KARANGAN,KEDUNGSIGIT,TULUNG AGUNG
1264999898,,ODP-TUL-FB/21,-8.081504,111.926035,,,7,9,0,0,16,REGIONAL 5,KEDIRI,TULUNG AGUNG,TUL,,,2024-03-16 23:23:02,2017-02-17,2017,2,NON TITO,,,JAWA TIMUR,0.5625,YELLOW,63076353,AREA 3,JATIM,MALANG,TULUNGAGUNG,,,0,0,0,JAWA TIMUR,TULUNGAGUNG,KEDUNGWARU,PLOSOKANDANG,TULUNG AGUNG
717194474,,ODP-PRI-FB/08,-8.28201,111.72618,,,5,11,0,0,16,REGIONAL 5,KEDIRI,TULUNG AGUNG,PRI,,,2024-03-16 23:26:49,2016-06-28,2016,6,NON TITO,,,JAWA TIMUR,0.6875,YELLOW,33644852,AREA 3,JATIM,MADIUN,PONOROGO,,,0,0,0,JAWA TIMUR,TRENGGALEK,WATULIMO,PRIGI,TULUNG AGUNG
2446245925,,ODP-TRE-FH/17,-8.024946,111.626161,,,4,4,0,0,8,REGIONAL 5,KEDIRI,TULUNG AGUNG,TRE,,,2024-03-16 23:28:29,2018-04-21,2018,4,NON TITO,,,JAWA TIMUR,0.5,YELLOW,353280883,AREA 3,JATIM,MADIUN,PONOROGO,,,0,0,0,JAWA TIMUR,TRENGGALEK,TUGU,DERMOSARI,TULUNG AGUNG
717194486,,ODP-PRI-FB/09,-8.28242,111.72034,,,5,11,0,0,16,REGIONAL 5,KEDIRI,TULUNG AGUNG,PRI,,,2024-03-16 23:27:25,2016-06-28,2016,6,NON TITO,,,JAWA TIMUR,0.6875,YELLOW,33644874,AREA 3,JATIM,MADIUN,PONOROGO,,,0,0,0,JAWA TIMUR,TRENGGALEK,WATULIMO,PRIGI,TULUNG AGUNG
2475043777,,ODP-TUL-FAE/16,-8.012412,111.909037,,,8,8,0,0,16,REGIONAL 5,KEDIRI,TULUNG AGUNG,TUL,,,2024-03-16 23:23:28,2018-04-28,2018,4,NON TITO,,,JAWA TIMUR,0.5,YELLOW,353332501,AREA 3,JATIM,MALANG,TULUNGAGUNG,,,0,0,0,JAWA TIMUR,TULUNGAGUNG,KEDUNGWARU,BORO,TULUNG AGUNG
1123656488,,ODP-TUL-FH/38,-8.011743,111.93252,,,3,5,0,0,8,REGIONAL 5,KEDIRI,TULUNG AGUNG,TUL,,,2024-03-16 23:21:06,2017-01-12,2017,1,NON TITO,,,JAWA TIMUR,0.625,YELLOW,39394732,AREA 3,JATIM,MALANG,TULUNGAGUNG,,,0,0,0,JAWA TIMUR,TULUNGAGUNG,NGANTRU,BENDOSARI,TULUNG AGUNG
2475043807,,ODP-TUL-FAE/20,-8.007285,111.912076,,,3,5,0,0,8,REGIONAL 5,KEDIRI,TULUNG AGUNG,TUL,,,2024-03-16 23:23:29,2018-04-28,2018,4,NON TITO,,,JAWA TIMUR,0.625,YELLOW,353332516,AREA 3,JATIM,MALANG,TULUNGAGUNG,,,0,0,0,JAWA TIMUR,TULUNGAGUNG,KEDUNGWARU,BORO,TULUNG AGUNG
1123655568,,ODP-TUL-FH/37,-8.011368,111.935783,,,4,12,0,0,16,REGIONAL 5,KEDIRI,TULUNG AGUNG,TUL,,,2024-03-16 23:22:38,2017-01-12,2017,1,NON TITO,,,JAWA TIMUR,0.75,YELLOW,39394432,AREA 3,JATIM,MALANG,TULUNGAGUNG,,,0,0,0,JAWA TIMUR,TULUNGAGUNG,NGANTRU,BENDOSARI,TULUNG AGUNG
2475043857,,ODP-TUL-FAE/35,-7.986149,111.904102,,,2,6,0,0,8,REGIONAL 5,KEDIRI,TULUNG AGUNG,TUL,,,2024-03-16 23:23:22,2018-04-28,2018,4,NON TITO,,,JAWA TIMUR,0.75,YELLOW,353332549,AREA 3,JATIM,MALANG,TULUNGAGUNG,,,0,0,0,JAWA TIMUR,TULUNGAGUNG,KARANGREJO,SUKOREJO,TULUNG AGUNG
727694081,,ODP-TUL-FP/04,-8.066469,111.898597,,,4,12,0,0,16,REGIONAL 5,KEDIRI,TULUNG AGUNG,TUL,,,2024-03-16 23:24:40,2016-06-30,2016,6,NON TITO,,,JAWA TIMUR,0.75,YELLOW,33731572,AREA 3,JATIM,MALANG,TULUNGAGUNG,,,0,0,0,JAWA TIMUR,TULUNGAGUNG,TULUNGAGUNG,KAUMAN,TULUNG AGUNG
1123655882,,ODP-TRE-FF/06,-8.076113,111.695435,,,2,6,0,0,8,REGIONAL 5,KEDIRI,TULUNG AGUNG,TRE,,,2024-03-16 23:22:43,2017-01-12,2017,1,NON TITO,,,JAWA TIMUR,0.75,YELLOW,39243690,AREA 3,JATIM,MADIUN,PONOROGO,,,0,0,0,JAWA TIMUR,TRENGGALEK,KARANGAN,SUMBERINGIN,TULUNG AGUNG
2475043887,,ODP-TUL-FAE/40,-7.993061,111.901612,,,3,5,0,0,8,REGIONAL 5,KEDIRI,TULUNG AGUNG,TUL,,,2024-03-16 23:23:20,2018-04-28,2018,4,NON TITO,,,JAWA TIMUR,0.625,YELLOW,353332569,AREA 3,JATIM,MALANG,TULUNGAGUNG,,,0,0,0,JAWA TIMUR,TULUNGAGUNG,KARANGREJO,SUKODONO,TULUNG AGUNG
1123631676,,ODP-TUL-FM/43,-8.060915,111.932345,,,4,12,0,0,16,REGIONAL 5,KEDIRI,TULUNG AGUNG,TUL,,,2024-03-16 23:25:01,2017-01-06,2017,1,NON TITO,,,JAWA TIMUR,0.75,YELLOW,39225122,AREA 3,JATIM,MALANG,TULUNGAGUNG,,,0,0,0,JAWA TIMUR,TULUNGAGUNG,KEDUNGWARU,TUNGGULSARI,TULUNG AGUNG
1104592469,,ODP-TRE-FD/18,-8.050728,111.711624,,,6,10,0,0,16,REGIONAL 5,KEDIRI,TULUNG AGUNG,TRE,,,2024-03-16 23:22:26,2016-12-26,2016,12,NON TITO,,,JAWA TIMUR,0.625,YELLOW,39174338,AREA 3,JATIM,MADIUN,PONOROGO,,,0,0,0,JAWA TIMUR,TRENGGALEK,TRENGGALEK,SUMBERGEDONG,TULUNG AGUNG
1104592464,,ODP-TRE-FD/23,-8.054732,111.713898,,,3,5,0,0,8,REGIONAL 5,KEDIRI,TULUNG AGUNG,TRE,,,2024-03-16 23:22:27,2016-12-26,2016,12,NON TITO,,,JAWA TIMUR,0.625,YELLOW,39174335,AREA 3,JATIM,MADIUN,PONOROGO,,,0,0,0,JAWA TIMUR,TRENGGALEK,TRENGGALEK,SUMBERGEDONG,TULUNG AGUNG
1104593392,,ODP-TRE-FD/22,-8.052836,111.713859,,,4,4,0,0,8,REGIONAL 5,KEDIRI,TULUNG AGUNG,TRE,,,2024-03-16 23:22:41,2016-12-26,2016,12,NON TITO,,,JAWA TIMUR,0.5,YELLOW,39102547,AREA 3,JATIM,MADIUN,PONOROGO,,,0,0,0,JAWA TIMUR,TRENGGALEK,TRENGGALEK,SUMBERGEDONG,TULUNG AGUNG
2475043917,,ODP-TUL-FAE/22,-8.006405,111.911527,,,3,5,0,0,8,REGIONAL 5,KEDIRI,TULUNG AGUNG,TUL,,,2024-03-16 23:23:20,2018-04-28,2018,4,NON TITO,,,JAWA TIMUR,0.625,YELLOW,353332592,AREA 3,JATIM,MALANG,TULUNGAGUNG,,,0,0,0,JAWA TIMUR,TULUNGAGUNG,KEDUNGWARU,BORO,TULUNG AGUNG
1104592724,,ODP-TRE-FD/21,-8.051632,111.713826,,,9,7,0,0,16,REGIONAL 5,KEDIRI,TULUNG AGUNG,TRE,,,2024-03-16 23:21:08,2016-12-26,2016,12,NON TITO,,,JAWA TIMUR,0.4375,YELLOW,39102232,AREA 3,JATIM,MADIUN,PONOROGO,,,0,0,0,JAWA TIMUR,TRENGGALEK,TRENGGALEK,SUMBERGEDONG,TULUNG AGUNG
2475043947,,ODP-TUL-FAE/36,-7.988903,111.906639,,,3,5,0,0,8,REGIONAL 5,KEDIRI,TULUNG AGUNG,TUL,,,2024-03-16 23:23:21,2018-04-28,2018,4,NON TITO,,,JAWA TIMUR,0.625,YELLOW,353332614,AREA 3,JATIM,MALANG,TULUNGAGUNG,,,0,0,0,JAWA TIMUR,TULUNGAGUNG,KARANGREJO,SUKOREJO,TULUNG AGUNG
1104592011,,ODP-TRE-FD/19,-8.050783,111.71272,,,3,4,1,0,8,REGIONAL 5,KEDIRI,TULUNG AGUNG,TRE,,,2024-03-16 23:22:18,2016-12-26,2016,12,NON TITO,,,JAWA TIMUR,0.5,YELLOW,39102037,AREA 3,JATIM,MADIUN,PONOROGO,,,0,0,0,JAWA TIMUR,TRENGGALEK,TRENGGALEK,SUMBERGEDONG,TULUNG AGUNG
1104592006,,ODP-TRE-FD/20,-8.050818,111.713691,,,9,7,0,0,16,REGIONAL 5,KEDIRI,TULUNG AGUNG,TRE,,,2024-03-16 23:21:07,2016-12-26,2016,12,NON TITO,,,JAWA TIMUR,0.4375,YELLOW,39102034,AREA 3,JATIM,MADIUN,PONOROGO,,,0,0,0,JAWA TIMUR,TRENGGALEK,TRENGGALEK,SUMBERGEDONG,TULUNG AGUNG
1053347554,,ODP-CAT-FE/12,-8.17049,111.794966,,,2,6,0,0,8,REGIONAL 5,KEDIRI,TULUNG AGUNG,CAT,,,2024-03-16 23:23:56,2016-11-12,2016,11,NON TITO,,,JAWA TIMUR,0.75,YELLOW,38533601,AREA 3,JATIM,MALANG,TULUNGAGUNG,,,0,0,0,JAWA TIMUR,TULUNGAGUNG,BANDUNG,NGUNGGAHAN,TULUNG AGUNG
1053346754,,ODP-CAT-FE/17,-8.170184,111.800482,,,2,6,0,0,8,REGIONAL 5,KEDIRI,TULUNG AGUNG,CAT,,,2024-03-16 23:23:50,2016-11-12,2016,11,NON TITO,,,JAWA TIMUR,0.75,YELLOW,38533343,AREA 3,JATIM,MALANG,TULUNGAGUNG,,,0,0,0,JAWA TIMUR,TULUNGAGUNG,PAKEL,SUKOANYAR,TULUNG AGUNG
2475043977,,ODP-TUL-FAE/43,-7.994555,111.905928,,,1,6,0,0,8,REGIONAL 5,KEDIRI,TULUNG AGUNG,TUL,,,2024-03-16 23:22:35,2018-04-28,2018,4,NON TITO,,,JAWA TIMUR,0.75,YELLOW,353332626,AREA 3,JATIM,MALANG,TULUNGAGUNG,,,0,0,0,JAWA TIMUR,TULUNGAGUNG,KARANGREJO,SUKODONO,TULUNG AGUNG
2475043997,,ODP-TUL-FAE/37,-7.987236,111.904148,,,2,6,0,0,8,REGIONAL 5,KEDIRI,TULUNG AGUNG,TUL,,,2024-03-16 23:22:27,2018-04-28,2018,4,NON TITO,,,JAWA TIMUR,0.75,YELLOW,353332640,AREA 3,JATIM,MALANG,TULUNGAGUNG,,,0,0,0,JAWA TIMUR,TULUNGAGUNG,KARANGREJO,SUKOREJO,TULUNG AGUNG
1053345491,,ODP-CAT-FE/01,-8.151911,111.799698,,,2,6,0,0,8,REGIONAL 5,KEDIRI,TULUNG AGUNG,CAT,,,2024-03-16 23:23:36,2016-11-12,2016,11,NON TITO,,,JAWA TIMUR,0.75,YELLOW,38532939,AREA 3,JATIM,MALANG,TULUNGAGUNG,,,0,0,0,JAWA TIMUR,TULUNGAGUNG,BANDUNG,KESAMBI,TULUNG AGUNG
1053344875,,ODP-CAT-FE/05,-8.160993,111.80389,,,2,6,0,0,8,REGIONAL 5,KEDIRI,TULUNG AGUNG,CAT,,,2024-03-16 23:22:36,2016-11-12,2016,11,NON TITO,,,JAWA TIMUR,0.75,YELLOW,38532737,AREA 3,JATIM,MALANG,TULUNGAGUNG,,,0,0,0,JAWA TIMUR,TULUNGAGUNG,PAKEL,GOMBANG,TULUNG AGUNG
2475044017,,ODP-TUL-FAE/23,-7.99875,111.911721,,,3,5,0,0,8,REGIONAL 5,KEDIRI,TULUNG AGUNG,TUL,,,2024-03-16 23:23:33,2018-04-28,2018,4,NON TITO,,,JAWA TIMUR,0.625,YELLOW,353332654,AREA 3,JATIM,MALANG,TULUNGAGUNG,,,0,0,0,JAWA TIMUR,TULUNGAGUNG,KARANGREJO,KARANGREJO,TULUNG AGUNG
2436270006,,ODP-TRE-FL/29,-8.097298,111.64759,,,9,7,0,0,16,REGIONAL 5,KEDIRI,TULUNG AGUNG,TRE,,,2024-03-16 23:23:07,2018-04-19,2018,4,NON TITO,,,JAWA TIMUR,0.4375,YELLOW,353562687,AREA 3,JATIM,MADIUN,PONOROGO,,,0,0,0,JAWA TIMUR,TRENGGALEK,KARANGAN,JATI,TULUNG AGUNG
1050058609,,ODP-TUL-FD/38,-8.060207,111.904147,,,5,11,0,0,16,REGIONAL 5,KEDIRI,TULUNG AGUNG,TUL,,,2024-03-16 23:27:26,2016-11-11,2016,11,NON TITO,,,JAWA TIMUR,0.6875,YELLOW,38528792,AREA 3,JATIM,MALANG,TULUNGAGUNG,,,0,0,0,JAWA TIMUR,TULUNGAGUNG,TULUNGAGUNG,KAMPUNGDALEM,TULUNG AGUNG
1050058510,,ODP-TUL-FM/36,-8.07418,111.9259,,,9,7,0,0,16,REGIONAL 5,KEDIRI,TULUNG AGUNG,TUL,,,2024-03-16 23:27:56,2016-11-11,2016,11,NON TITO,,,JAWA TIMUR,0.4375,YELLOW,38528770,AREA 3,JATIM,MALANG,TULUNGAGUNG,,,0,0,0,JAWA TIMUR,TULUNGAGUNG,KEDUNGWARU,PLOSOKANDANG,TULUNG AGUNG
2436270146,,ODP-TRE-FL/38,-8.080211,111.661822,,,7,8,0,0,16,REGIONAL 5,KEDIRI,TULUNG AGUNG,TRE,,,2024-03-16 23:23:28,2018-04-19,2018,4,NON TITO,,,JAWA TIMUR,0.5,YELLOW,353562730,AREA 3,JATIM,MADIUN,PONOROGO,,,0,0,0,JAWA TIMUR,TRENGGALEK,KARANGAN,KARANGAN,TULUNG AGUNG
1050058050,,ODP-TUL-FD/37,-8.060189,111.902539,,,7,9,0,0,16,REGIONAL 5,KEDIRI,TULUNG AGUNG,TUL,,,2024-03-16 23:28:25,2016-11-11,2016,11,NON TITO,,,JAWA TIMUR,0.5625,YELLOW,38528588,AREA 3,JATIM,MALANG,TULUNGAGUNG,,,0,0,0,JAWA TIMUR,TULUNGAGUNG,TULUNGAGUNG,KAMPUNGDALEM,TULUNG AGUNG
1123656706,,ODP-TUL-FH/39,-8.012014,111.930032,,,3,5,0,0,8,REGIONAL 5,KEDIRI,TULUNG AGUNG,TUL,,,2024-03-16 23:22:43,2017-01-12,2017,1,NON TITO,,,JAWA TIMUR,0.625,YELLOW,39394857,AREA 3,JATIM,MALANG,TULUNGAGUNG,,,0,0,0,JAWA TIMUR,TULUNGAGUNG,NGANTRU,BENDOSARI,TULUNG AGUNG
717269310,,ODP-PRI-FB/02,-8.288957,111.730797,,,2,6,0,0,8,REGIONAL 5,KEDIRI,TULUNG AGUNG,PRI,,,2024-03-16 23:22:06,2016-06-28,2016,6,NON TITO,,,JAWA TIMUR,0.75,YELLOW,33714912,AREA 3,JATIM,MADIUN,PONOROGO,,,0,0,0,JAWA TIMUR,TRENGGALEK,WATULIMO,PRIGI,TULUNG AGUNG
2475043747,,ODP-TUL-FAE/17,-8.009614,111.910086,,,4,4,0,0,8,REGIONAL 5,KEDIRI,TULUNG AGUNG,TUL,,,2024-03-16 23:23:05,2018-04-28,2018,4,NON TITO,,,JAWA TIMUR,0.5,YELLOW,353332483,AREA 3,JATIM,MALANG,TULUNGAGUNG,,,0,0,0,JAWA TIMUR,TULUNGAGUNG,KEDUNGWARU,BORO,TULUNG AGUNG
2475043697,,ODP-TUL-FAE/55,-7.970368,111.919814,,,3,5,0,0,8,REGIONAL 5,KEDIRI,TULUNG AGUNG,TUL,,,2024-03-16 23:23:02,2018-04-28,2018,4,NON TITO,,,JAWA TIMUR,0.625,YELLOW,353332457,AREA 3,JATIM,MALANG,TULUNGAGUNG,,,0,0,0,JAWA TIMUR,TULUNGAGUNG,KARANGREJO,JELI,TULUNG AGUNG
2446246078,,ODP-TRE-FH/16,-8.047986,111.654998,,,2,6,0,0,8,REGIONAL 5,KEDIRI,TULUNG AGUNG,TRE,,,2024-03-16 23:27:23,2018-04-21,2018,4,NON TITO,,,JAWA TIMUR,0.75,YELLOW,353280975,AREA 3,JATIM,MADIUN,PONOROGO,,,0,0,0,JAWA TIMUR,TRENGGALEK,TUGU,GONDANG,TULUNG AGUNG
1253974838,,ODP-TUL-FN/16,-8.067206,111.861477,,,2,6,0,0,8,REGIONAL 5,KEDIRI,TULUNG AGUNG,TUL,,,2024-03-16 23:25:45,2017-02-14,2017,2,NON TITO,,,JAWA TIMUR,0.75,YELLOW,62484351,AREA 3,JATIM,MALANG,TULUNGAGUNG,,,0,0,0,JAWA TIMUR,TULUNGAGUNG,KAUMAN,BOLOREJO,TULUNG AGUNG
2446246088,,ODP-TRE-FH/28,-8.040577,111.644029,,,2,6,0,0,8,REGIONAL 5,KEDIRI,TULUNG AGUNG,TRE,,,2024-03-16 23:28:26,2018-04-21,2018,4,NON TITO,,,JAWA TIMUR,0.75,YELLOW,353280981,AREA 3,JATIM,MADIUN,PONOROGO,,,0,0,0,JAWA TIMUR,TRENGGALEK,TUGU,SUKOREJO,TULUNG AGUNG
2446246093,,ODP-TRE-FH/18,-8.025202,111.629388,,,3,5,0,0,8,REGIONAL 5,KEDIRI,TULUNG AGUNG,TRE,,,2024-03-16 23:28:23,2018-04-21,2018,4,NON TITO,,,JAWA TIMUR,0.625,YELLOW,353280984,AREA 3,JATIM,MADIUN,PONOROGO,,,0,0,0,JAWA TIMUR,TRENGGALEK,TUGU,DERMOSARI,TULUNG AGUNG
1253974828,,ODP-TUL-FN/14,-8.068025,111.859363,,,2,6,0,0,8,REGIONAL 5,KEDIRI,TULUNG AGUNG,TUL,,,2024-03-16 23:25:45,2017-02-14,2017,2,NON TITO,,,JAWA TIMUR,0.75,YELLOW,62484341,AREA 3,JATIM,MALANG,TULUNGAGUNG,,,0,0,0,JAWA TIMUR,TULUNGAGUNG,KAUMAN,BOLOREJO,TULUNG AGUNG
1237321616,,ODP-TRE-FJ/11,-8.046597,111.663862,,,2,6,0,0,8,REGIONAL 5,KEDIRI,TULUNG AGUNG,TRE,,,2024-03-16 23:28:49,2017-02-10,2017,2,NON TITO,,,JAWA TIMUR,0.75,YELLOW,62469486,AREA 3,JATIM,MADIUN,PONOROGO,,,0,0,0,JAWA TIMUR,TRENGGALEK,TUGU,NGLONGSOR,TULUNG AGUNG
1237321591,,ODP-TRE-FJ/08,-8.045931,111.65941,,,4,4,0,0,8,REGIONAL 5,KEDIRI,TULUNG AGUNG,TRE,,,2024-03-16 23:28:37,2017-02-10,2017,2,NON TITO,,,JAWA TIMUR,0.5,YELLOW,62469475,AREA 3,JATIM,MADIUN,PONOROGO,,,0,0,0,JAWA TIMUR,TRENGGALEK,TUGU,NGLONGSOR,TULUNG AGUNG
2446246213,,ODP-TRE-FH/10,-8.055288,111.646223,,,4,4,0,0,8,REGIONAL 5,KEDIRI,TULUNG AGUNG,TRE,,,2024-03-16 23:27:23,2018-04-21,2018,4,NON TITO,,,JAWA TIMUR,0.5,YELLOW,353281056,AREA 3,JATIM,MADIUN,PONOROGO,,,0,0,0,JAWA TIMUR,TRENGGALEK,TUGU,TUMPUK,TULUNG AGUNG
1237321566,,ODP-TRE-FJ/05,-8.050454,111.665247,,,4,4,0,0,8,REGIONAL 5,KEDIRI,TULUNG AGUNG,TRE,,,2024-03-16 23:28:32,2017-02-10,2017,2,NON TITO,,,JAWA TIMUR,0.5,YELLOW,62469464,AREA 3,JATIM,MADIUN,PONOROGO,,,0,0,0,JAWA TIMUR,TRENGGALEK,TUGU,NGLONGSOR,TULUNG AGUNG
1237321547,,ODP-TRE-FJ/03,-8.058277,111.664298,,,3,5,0,0,8,REGIONAL 5,KEDIRI,TULUNG AGUNG,TRE,,,2024-03-16 23:29:04,2017-02-10,2017,2,NON TITO,,,JAWA TIMUR,0.625,YELLOW,62469458,AREA 3,JATIM,MADIUN,PONOROGO,,,0,0,0,JAWA TIMUR,TRENGGALEK,KARANGAN,KERJO,TULUNG AGUNG
1237321539,,ODP-TRE-FJ/02,-8.059633,111.664125,,,5,11,0,0,16,REGIONAL 5,KEDIRI,TULUNG AGUNG,TRE,,,2024-03-16 23:28:13,2017-02-10,2017,2,NON TITO,,,JAWA TIMUR,0.6875,YELLOW,62469455,AREA 3,JATIM,MADIUN,PONOROGO,,,0,0,0,JAWA TIMUR,TRENGGALEK,KARANGAN,KERJO,TULUNG AGUNG
1221121175,,ODP-TUL-FU/20,-8.112462,111.895211,,,3,5,0,0,8,REGIONAL 5,KEDIRI,TULUNG AGUNG,TUL,,,2024-03-16 23:24:09,2017-02-08,2017,2,NON TITO,,,JAWA TIMUR,0.625,YELLOW,62454699,AREA 3,JATIM,MALANG,TULUNGAGUNG,,,0,0,0,JAWA TIMUR,TULUNGAGUNG,BOYOLANGU,BOYOLANGU,TULUNG AGUNG
1221121172,,ODP-TUL-FU/23,-8.11555,111.894868,,,3,5,0,0,8,REGIONAL 5,KEDIRI,TULUNG AGUNG,TUL,,,2024-03-16 23:24:19,2017-02-08,2017,2,NON TITO,,,JAWA TIMUR,0.625,YELLOW,62454697,AREA 3,JATIM,MALANG,TULUNGAGUNG,,,0,0,0,JAWA TIMUR,TULUNGAGUNG,BOYOLANGU,BOYOLANGU,TULUNG AGUNG
1221120817,,ODP-TUL-FU/22,-8.114389,111.894979,,,7,9,0,0,16,REGIONAL 5,KEDIRI,TULUNG AGUNG,TUL,,,2024-03-16 23:23:59,2017-02-08,2017,2,NON TITO,,,JAWA TIMUR,0.5625,YELLOW,62454610,AREA 3,JATIM,MALANG,TULUNGAGUNG,,,0,0,0,JAWA TIMUR,TULUNGAGUNG,BOYOLANGU,BOYOLANGU,TULUNG AGUNG
1311522768,,ODP-TUL-FY/04,-8.060235,111.93644,,,7,9,0,0,16,REGIONAL 5,KEDIRI,TULUNG AGUNG,TUL,,,2024-03-16 23:27:14,2017-03-09,2017,3,NON TITO,,,JAWA TIMUR,0.5625,YELLOW,79361229,AREA 3,JATIM,MALANG,TULUNGAGUNG,,,0,0,0,JAWA TIMUR,TULUNGAGUNG,KEDUNGWARU,TUNGGULSARI,TULUNG AGUNG
389404537,,ODP-TUL-FY/02,-8.059614,111.952392,,,2,6,0,0,8,REGIONAL 5,KEDIRI,TULUNG AGUNG,TUL,,,2024-03-16 23:26:23,2016-05-12,2016,5,NON TITO,,,JAWA TIMUR,0.75,YELLOW,23548609,AREA 3,JATIM,MALANG,TULUNGAGUNG,,,0,0,0,JAWA TIMUR,TULUNGAGUNG,KEDUNGWARU,LODERESAN,TULUNG AGUNG
1221119588,,ODP-TUL-FU/18,-8.103689,111.89648,,,6,10,0,0,16,REGIONAL 5,KEDIRI,TULUNG AGUNG,TUL,,,2024-03-16 23:23:51,2017-02-08,2017,2,NON TITO,,,JAWA TIMUR,0.625,YELLOW,62454253,AREA 3,JATIM,MALANG,TULUNGAGUNG,,,0,0,0,JAWA TIMUR,TULUNGAGUNG,BOYOLANGU,BOYOLANGU,TULUNG AGUNG
726119658,,ODP-TUL-FP/03,-8.068711,111.8983,,,9,7,0,0,16,REGIONAL 5,KEDIRI,TULUNG AGUNG,TUL,,,2024-03-16 23:24:14,2016-06-30,2016,6,NON TITO,,,JAWA TIMUR,0.4375,YELLOW,33656431,AREA 3,JATIM,MALANG,TULUNGAGUNG,,,0,0,0,JAWA TIMUR,TULUNGAGUNG,TULUNGAGUNG,KARANGWARU,TULUNG AGUNG
726869903,,ODP-TUL-FD/27,-8.065236,111.906311,,,4,4,0,0,8,REGIONAL 5,KEDIRI,TULUNG AGUNG,TUL,,,2024-03-16 23:23:43,2016-07-11,2016,7,NON TITO,,,JAWA TIMUR,0.5,YELLOW,33665792,AREA 3,JATIM,MALANG,TULUNGAGUNG,,,0,0,0,JAWA TIMUR,TULUNGAGUNG,TULUNGAGUNG,KAMPUNGDALEM,TULUNG AGUNG
2475043597,,ODP-TUL-FAE/39,-7.990654,111.902474,,,3,5,0,0,8,REGIONAL 5,KEDIRI,TULUNG AGUNG,TUL,,,2024-03-16 23:23:25,2018-04-28,2018,4,NON TITO,,,JAWA TIMUR,0.625,YELLOW,353332412,AREA 3,JATIM,MALANG,TULUNGAGUNG,,,0,0,0,JAWA TIMUR,TULUNGAGUNG,KARANGREJO,SUKODONO,TULUNG AGUNG
691468632,,ODP-TUL-FA/60,-8.047391,111.909309,,,5,11,0,0,16,REGIONAL 5,KEDIRI,TULUNG AGUNG,TUL,,,2024-03-16 23:23:36,2016-06-16,2016,6,NON TITO,,,JAWA TIMUR,0.6875,YELLOW,33674162,AREA 3,JATIM,MALANG,TULUNGAGUNG,,,0,0,0,JAWA TIMUR,TULUNGAGUNG,KEDUNGWARU,REJOAGUNG,TULUNG AGUNG
691468639,,ODP-TUL-FA/61,-8.05005,111.908672,,,8,8,0,0,16,REGIONAL 5,KEDIRI,TULUNG AGUNG,TUL,,,2024-03-16 23:23:44,2016-06-16,2016,6,NON TITO,,,JAWA TIMUR,0.5,YELLOW,33674170,AREA 3,JATIM,MALANG,TULUNGAGUNG,,,0,0,0,JAWA TIMUR,TULUNGAGUNG,KEDUNGWARU,KEDUNGWARU,TULUNG AGUNG
2475043617,,ODP-TUL-FAE/31,-7.984843,111.902041,,,3,5,0,0,8,REGIONAL 5,KEDIRI,TULUNG AGUNG,TUL,,,2024-03-16 23:23:07,2018-04-28,2018,4,NON TITO,,,JAWA TIMUR,0.625,YELLOW,353332424,AREA 3,JATIM,MALANG,TULUNGAGUNG,,,0,0,0,JAWA TIMUR,TULUNGAGUNG,KARANGREJO,SUKOREJO,TULUNG AGUNG
1131217665,,ODP-PRI-FA/03,-8.242879,111.704826,,,2,6,0,0,8,REGIONAL 5,KEDIRI,TULUNG AGUNG,PRI,,,2024-03-16 23:22:27,2017-01-16,2017,1,NON TITO,,,JAWA TIMUR,0.75,YELLOW,39419568,AREA 3,JATIM,MADIUN,PONOROGO,,,0,0,0,JAWA TIMUR,TRENGGALEK,WATULIMO,SLAWE,TULUNG AGUNG
1131214103,,ODP-TRE-FM/02,-8.081541,111.709067,,,3,5,0,0,8,REGIONAL 5,KEDIRI,TULUNG AGUNG,TRE,,,2024-03-16 23:29:17,2017-01-16,2017,1,NON TITO,,,JAWA TIMUR,0.625,YELLOW,39417039,AREA 3,JATIM,MADIUN,PONOROGO,,,0,0,0,JAWA TIMUR,TRENGGALEK,TRENGGALEK,KARANGSOKO,TULUNG AGUNG
1131213150,,ODP-TRE-FM/04,-8.076529,111.706054,,,2,6,0,0,8,REGIONAL 5,KEDIRI,TULUNG AGUNG,TRE,,,2024-03-16 23:29:00,2017-01-16,2017,1,NON TITO,,,JAWA TIMUR,0.75,YELLOW,39416663,AREA 3,JATIM,MADIUN,PONOROGO,,,0,0,0,JAWA TIMUR,TRENGGALEK,TRENGGALEK,KARANGSOKO,TULUNG AGUNG
1131210940,,ODP-TRE-FM/01,-8.081104,111.711305,,,9,7,0,0,16,REGIONAL 5,KEDIRI,TULUNG AGUNG,TRE,,,2024-03-16 23:28:29,2017-01-16,2017,1,NON TITO,,,JAWA TIMUR,0.4375,YELLOW,39415519,AREA 3,JATIM,MADIUN,PONOROGO,,,0,0,0,JAWA TIMUR,TRENGGALEK,TRENGGALEK,KARANGSOKO,TULUNG AGUNG
2475043667,,ODP-TUL-FAE/42,-7.993207,111.903131,,,2,6,0,0,8,REGIONAL 5,KEDIRI,TULUNG AGUNG,TUL,,,2024-03-16 23:23:27,2018-04-28,2018,4,NON TITO,,,JAWA TIMUR,0.75,YELLOW,353332445,AREA 3,JATIM,MALANG,TULUNGAGUNG,,,0,0,0,JAWA TIMUR,TULUNGAGUNG,KARANGREJO,SUKODONO,TULUNG AGUNG
2475043677,,ODP-TUL-FAE/48,-7.95993,111.928458,,,2,6,0,0,8,REGIONAL 5,KEDIRI,TULUNG AGUNG,TUL,,,2024-03-16 23:23:20,2018-04-28,2018,4,NON TITO,,,JAWA TIMUR,0.75,YELLOW,353332448,AREA 3,JATIM,MALANG,TULUNGAGUNG,,,0,0,0,JAWA TIMUR,KEDIRI,MOJO,NGADI,TULUNG AGUNG
717269296,,ODP-PRI-FB/10,-8.27187,111.71553,,,4,12,0,0,16,REGIONAL 5,KEDIRI,TULUNG AGUNG,PRI,,,2024-03-16 23:21:19,2016-06-28,2016,6,NON TITO,,,JAWA TIMUR,0.75,YELLOW,33714903,AREA 3,JATIM,MADIUN,PONOROGO,,,0,0,0,JAWA TIMUR,TRENGGALEK,WATULIMO,PRIGI,TULUNG AGUNG
1221119786,,ODP-TUL-FN/21,-8.07202,111.887963,,,6,10,0,0,16,REGIONAL 5,KEDIRI,TULUNG AGUNG,TUL,,,2024-03-16 23:23:04,2017-02-08,2017,2,NON TITO,,,JAWA TIMUR,0.625,YELLOW,62454325,AREA 3,JATIM,MALANG,TULUNGAGUNG,,,0,0,0,JAWA TIMUR,TULUNGAGUNG,TULUNGAGUNG,TERTEK,TULUNG AGUNG
2178570331,,ODP-KWR-FA/12,-8.209493,111.971728,,,5,11,0,0,16,REGIONAL 5,KEDIRI,TULUNG AGUNG,KWR,,,2024-03-16 23:23:47,2018-01-26,2018,1,NON TITO,,,JAWA TIMUR,0.6875,YELLOW,294175396,AREA 3,JATIM,MALANG,TULUNGAGUNG,,,0,0,0,JAWA TIMUR,TULUNGAGUNG,KALIDAWIR,SUKOREJO KULON,TULUNG AGUNG
2427870044,,ODP-TUL-FN/55,-8.071855,111.881837,,,3,5,0,0,8,REGIONAL 5,KEDIRI,TULUNG AGUNG,TUL,,,2024-03-16 23:27:19,2018-04-13,2018,4,NON TITO,,,JAWA TIMUR,0.625,YELLOW,333642738,AREA 3,JATIM,MALANG,TULUNGAGUNG,,,0,0,0,JAWA TIMUR,TULUNGAGUNG,TULUNGAGUNG,TERTEK,TULUNG AGUNG
2413244126,,ODP-NGU-FB/10,-8.155647,112.074137,,,2,6,0,0,8,REGIONAL 5,KEDIRI,TULUNG AGUNG,NGU,,,2024-03-16 23:22:46,2018-04-10,2018,4,NON TITO,,,JAWA TIMUR,0.75,YELLOW,333615581,AREA 3,JATIM,MALANG,TULUNGAGUNG,,,0,0,0,JAWA TIMUR,TULUNGAGUNG,REJOTANGAN,TANEN,TULUNG AGUNG
1486696348,,ODP-PRI-FB/67,-8.266019,111.706506,,,3,5,0,0,8,REGIONAL 5,KEDIRI,TULUNG AGUNG,PRI,,,2024-03-16 23:26:47,2017-05-23,2017,5,NON TITO,,,JAWA TIMUR,0.625,YELLOW,129802517,AREA 3,JATIM,MADIUN,PONOROGO,,,0,0,0,JAWA TIMUR,TRENGGALEK,WATULIMO,MARGOMULYO,TULUNG AGUNG
1446873364,,ODP-TUL-FD/49,-8.065351,111.906453,,,6,10,0,0,16,REGIONAL 5,KEDIRI,TULUNG AGUNG,TUL,,,2024-03-16 23:26:52,2017-05-12,2017,5,NON TITO,,,JAWA TIMUR,0.625,YELLOW,127515915,AREA 3,JATIM,MALANG,TULUNGAGUNG,,,0,0,0,JAWA TIMUR,TULUNGAGUNG,TULUNGAGUNG,BAGO,TULUNG AGUNG
2180294437,,ODP-TUL-FAF/05,-8.0271,111.908336,,,3,4,0,0,8,REGIONAL 5,KEDIRI,TULUNG AGUNG,TUL,,,2024-03-16 23:24:13,2018-02-01,2018,2,NON TITO,,,JAWA TIMUR,0.5,YELLOW,305194024,AREA 3,JATIM,MALANG,TULUNGAGUNG,,,0,0,0,JAWA TIMUR,TULUNGAGUNG,KARANGREJO,SUKOWIYONO,TULUNG AGUNG
1424748447,,ODP-TUL-FP/05,-8.073171,111.906508,,,8,8,0,0,16,REGIONAL 5,KEDIRI,TULUNG AGUNG,TUL,,,2024-03-16 23:22:58,2017-05-08,2017,5,NON TITO,,,JAWA TIMUR,0.5,YELLOW,126324856,AREA 3,JATIM,MALANG,TULUNGAGUNG,,,0,0,0,JAWA TIMUR,TULUNGAGUNG,TULUNGAGUNG,BAGO,TULUNG AGUNG
2180294482,,ODP-TUL-FAF/01,-8.020475,111.907977,,,4,4,0,0,8,REGIONAL 5,KEDIRI,TULUNG AGUNG,TUL,,,2024-03-16 23:28:57,2018-02-01,2018,2,NON TITO,,,JAWA TIMUR,0.5,YELLOW,305194043,AREA 3,JATIM,MALANG,TULUNGAGUNG,,,0,0,0,JAWA TIMUR,TULUNGAGUNG,KEDUNGWARU,BORO,TULUNG AGUNG
1424747618,,ODP-TUL-FP/11,-8.070525,111.90152,,,9,7,0,0,16,REGIONAL 5,KEDIRI,TULUNG AGUNG,TUL,,,2024-03-16 23:22:29,2017-05-08,2017,5,NON TITO,,,JAWA TIMUR,0.4375,YELLOW,126324592,AREA 3,JATIM,MALANG,TULUNGAGUNG,,,0,0,0,JAWA TIMUR,TULUNGAGUNG,TULUNGAGUNG,TAMANAN,TULUNG AGUNG
1424748442,,ODP-TUL-FP/07,-8.073189,111.903969,,,3,5,0,0,8,REGIONAL 5,KEDIRI,TULUNG AGUNG,TUL,,,2024-03-16 23:22:40,2017-05-08,2017,5,NON TITO,,,JAWA TIMUR,0.625,YELLOW,123446352,AREA 3,JATIM,MALANG,TULUNGAGUNG,,,0,0,0,JAWA TIMUR,TULUNGAGUNG,TULUNGAGUNG,BAGO,TULUNG AGUNG
1424747613,,ODP-TUL-FP/10,-8.070588,111.903808,,,3,5,0,0,8,REGIONAL 5,KEDIRI,TULUNG AGUNG,TUL,,,2024-03-16 23:22:29,2017-05-08,2017,5,NON TITO,,,JAWA TIMUR,0.625,YELLOW,123445863,AREA 3,JATIM,MALANG,TULUNGAGUNG,,,0,0,0,JAWA TIMUR,TULUNGAGUNG,TULUNGAGUNG,TAMANAN,TULUNG AGUNG
1379848938,,ODP-TUL-FB/26,-8.08053,111.914125,,,6,10,0,0,16,REGIONAL 5,KEDIRI,TULUNG AGUNG,TUL,,,2024-03-16 23:22:40,2017-05-02,2017,5,NON TITO,,,JAWA TIMUR,0.625,YELLOW,123424868,AREA 3,JATIM,MALANG,TULUNGAGUNG,,,0,0,0,JAWA TIMUR,TULUNGAGUNG,BOYOLANGU,SERUT,TULUNG AGUNG
1379848829,,ODP-TUL-FB/27,-8.077073,111.914083,,,4,4,0,0,8,REGIONAL 5,KEDIRI,TULUNG AGUNG,TUL,,,2024-03-16 23:22:44,2017-05-02,2017,5,NON TITO,,,JAWA TIMUR,0.5,YELLOW,123424774,AREA 3,JATIM,MALANG,TULUNGAGUNG,,,0,0,0,JAWA TIMUR,TULUNGAGUNG,BOYOLANGU,SERUT,TULUNG AGUNG
2180294497,,ODP-TUL-FAF/46,-8.055071,111.896334,,,2,6,0,0,8,REGIONAL 5,KEDIRI,TULUNG AGUNG,TUL,,,2024-03-16 23:29:01,2018-02-01,2018,2,NON TITO,,,JAWA TIMUR,0.75,YELLOW,305194048,AREA 3,JATIM,MALANG,TULUNGAGUNG,,,0,0,0,JAWA TIMUR,TULUNGAGUNG,KEDUNGWARU,MANGUNSARI,TULUNG AGUNG
1379841264,,GCL-TUL-F12/05,-8.072199,111.907369,,,2,6,0,0,8,REGIONAL 5,KEDIRI,TULUNG AGUNG,TUL,,,2024-03-16 23:28:29,2017-05-02,2017,5,NON TITO,,,JAWA TIMUR,0.75,YELLOW,123419888,AREA 3,JATIM,MALANG,TULUNGAGUNG,,,0,0,0,JAWA TIMUR,TULUNGAGUNG,TULUNGAGUNG,BAGO,TULUNG AGUNG
2180294532,,ODP-TUL-FAF/52,-8.058812,111.889793,,,3,5,0,0,8,REGIONAL 5,KEDIRI,TULUNG AGUNG,TUL,,,2024-03-16 23:29:02,2018-02-01,2018,2,NON TITO,,,JAWA TIMUR,0.625,YELLOW,305194063,AREA 3,JATIM,MALANG,TULUNGAGUNG,,,0,0,0,JAWA TIMUR,TULUNGAGUNG,TULUNGAGUNG,PANGGUNGREJO,TULUNG AGUNG
1379841251,,GCL-TUL-F12/07,-8.06919,111.904158,,,6,10,0,0,16,REGIONAL 5,KEDIRI,TULUNG AGUNG,TUL,,,2024-03-16 23:28:25,2017-05-02,2017,5,NON TITO,,,JAWA TIMUR,0.625,YELLOW,123419879,AREA 3,JATIM,MALANG,TULUNGAGUNG,,,0,0,0,JAWA TIMUR,TULUNGAGUNG,TULUNGAGUNG,BAGO,TULUNG AGUNG
2180294535,,ODP-TUL-FAF/27,-8.043163,111.901246,,,4,12,0,0,16,REGIONAL 5,KEDIRI,TULUNG AGUNG,TUL,,,2024-03-16 23:27:47,2018-02-01,2018,2,NON TITO,,,JAWA TIMUR,0.75,YELLOW,305194065,AREA 3,JATIM,MALANG,TULUNGAGUNG,,,0,0,0,JAWA TIMUR,TULUNGAGUNG,KEDUNGWARU,WINONG,TULUNG AGUNG
2180294542,,ODP-TUL-FAF/21,-8.029684,111.902168,,,4,12,0,0,16,REGIONAL 5,KEDIRI,TULUNG AGUNG,TUL,,,2024-03-16 23:28:49,2018-02-01,2018,2,NON TITO,,,JAWA TIMUR,0.75,YELLOW,305194067,AREA 3,JATIM,MALANG,TULUNGAGUNG,,,0,0,0,JAWA TIMUR,TULUNGAGUNG,KARANGREJO,SUKOWIYONO,TULUNG AGUNG
2180294545,,ODP-TUL-FAF/16,-8.049762,111.905324,,,4,4,0,0,8,REGIONAL 5,KEDIRI,TULUNG AGUNG,TUL,,,2024-03-16 23:28:58,2018-02-01,2018,2,NON TITO,,,JAWA TIMUR,0.5,YELLOW,305194068,AREA 3,JATIM,MALANG,TULUNGAGUNG,,,0,0,0,JAWA TIMUR,TULUNGAGUNG,KEDUNGWARU,TAWANGSARI,TULUNG AGUNG
2180294165,,ODP-TUL-FAF/20,-8.027309,111.902525,,,8,8,0,0,16,REGIONAL 5,KEDIRI,TULUNG AGUNG,TUL,,,2024-03-16 23:27:59,2018-02-01,2018,2,NON TITO,,,JAWA TIMUR,0.5,YELLOW,305267642,AREA 3,JATIM,MALANG,TULUNGAGUNG,,,0,0,0,JAWA TIMUR,TULUNGAGUNG,KARANGREJO,SUKOWIYONO,TULUNG AGUNG
2180294168,,ODP-TUL-FAF/33,-8.052537,111.883253,,,3,5,0,0,8,REGIONAL 5,KEDIRI,TULUNG AGUNG,TUL,,,2024-03-16 23:28:55,2018-02-01,2018,2,NON TITO,,,JAWA TIMUR,0.625,YELLOW,305267644,AREA 3,JATIM,MALANG,TULUNGAGUNG,,,0,0,0,JAWA TIMUR,TULUNGAGUNG,KAUMAN,BATANGSAREN,TULUNG AGUNG
2180294173,,ODP-TUL-FAF/53,-8.059391,111.890874,,,2,5,0,0,8,REGIONAL 5,KEDIRI,TULUNG AGUNG,TUL,,,2024-03-16 23:29:00,2018-02-01,2018,2,NON TITO,,,JAWA TIMUR,0.625,YELLOW,305267648,AREA 3,JATIM,MALANG,TULUNGAGUNG,,,0,0,0,JAWA TIMUR,TULUNGAGUNG,TULUNGAGUNG,PANGGUNGREJO,TULUNG AGUNG
1385968659,,ODP-TUL-FH/44,-8.028948,111.92214,,,2,6,0,0,8,REGIONAL 5,KEDIRI,TULUNG AGUNG,TUL,,,2024-03-16 23:29:08,2017-04-27,2017,4,NON TITO,,,JAWA TIMUR,0.75,YELLOW,113801698,AREA 3,JATIM,MALANG,TULUNGAGUNG,,,0,0,0,JAWA TIMUR,TULUNGAGUNG,KEDUNGWARU,TAPAN,TULUNG AGUNG
1369769002,,ODP-TUL-FAC/01,-8.094781,111.849681,,,7,9,0,0,16,REGIONAL 5,KEDIRI,TULUNG AGUNG,TUL,,,2024-03-16 23:23:45,2017-04-19,2017,4,NON TITO,,,JAWA TIMUR,0.5625,YELLOW,81832415,AREA 3,JATIM,MALANG,TULUNGAGUNG,,,0,0,0,JAWA TIMUR,TULUNGAGUNG,GONDANG,DUKUH,TULUNG AGUNG
1371493601,,ODP-CAT-FG/09,-8.12734,111.859816,,,3,5,0,0,8,REGIONAL 5,KEDIRI,TULUNG AGUNG,CAT,,,2024-03-16 23:28:29,2017-04-19,2017,4,NON TITO,,,JAWA TIMUR,0.625,YELLOW,81832198,AREA 3,JATIM,MALANG,TULUNGAGUNG,,,0,0,0,JAWA TIMUR,TULUNGAGUNG,PAKEL,GESIKAN,TULUNG AGUNG
1371493628,,ODP-CAT-FG/11,-8.127906,111.864735,,,5,11,0,0,16,REGIONAL 5,KEDIRI,TULUNG AGUNG,CAT,,,2024-03-16 23:29:03,2017-04-19,2017,4,NON TITO,,,JAWA TIMUR,0.6875,YELLOW,81773492,AREA 3,JATIM,MALANG,TULUNGAGUNG,,,0,0,0,JAWA TIMUR,TULUNGAGUNG,PAKEL,GESIKAN,TULUNG AGUNG
2180294189,,ODP-TUL-FAF/57,-8.060981,111.896048,,,4,4,0,0,8,REGIONAL 5,KEDIRI,TULUNG AGUNG,TUL,,,2024-03-16 23:28:56,2018-02-01,2018,2,NON TITO,,,JAWA TIMUR,0.5,YELLOW,305267659,AREA 3,JATIM,MALANG,TULUNGAGUNG,,,0,0,0,JAWA TIMUR,TULUNGAGUNG,TULUNGAGUNG,BOTORAN,TULUNG AGUNG
2180294234,,ODP-TUL-FAF/60,-8.059212,111.897569,,,3,5,0,0,8,REGIONAL 5,KEDIRI,TULUNG AGUNG,TUL,,,2024-03-16 23:28:50,2018-02-01,2018,2,NON TITO,,,JAWA TIMUR,0.625,YELLOW,305267690,AREA 3,JATIM,MALANG,TULUNGAGUNG,,,0,0,0,JAWA TIMUR,TULUNGAGUNG,TULUNGAGUNG,BOTORAN,TULUNG AGUNG
1372243544,,ODP-TRE-FF/11,-8.077809,111.701107,,,4,12,0,0,16,REGIONAL 5,KEDIRI,TULUNG AGUNG,TRE,,,2024-03-16 23:28:40,2017-04-19,2017,4,NON TITO,,,JAWA TIMUR,0.75,YELLOW,81772028,AREA 3,JATIM,MADIUN,PONOROGO,,,0,0,0,JAWA TIMUR,TRENGGALEK,TRENGGALEK,KARANGSOKO,TULUNG AGUNG
2180294237,,ODP-TUL-FAF/08,-8.034745,111.908937,,,4,4,0,0,8,REGIONAL 5,KEDIRI,TULUNG AGUNG,TUL,,,2024-03-16 23:28:53,2018-02-01,2018,2,NON TITO,,,JAWA TIMUR,0.5,YELLOW,305267692,AREA 3,JATIM,MALANG,TULUNGAGUNG,,,0,0,0,JAWA TIMUR,TULUNGAGUNG,KEDUNGWARU,SIMO,TULUNG AGUNG
2180294243,,ODP-TUL-FAF/56,-8.061308,111.894388,,,4,4,0,0,8,REGIONAL 5,KEDIRI,TULUNG AGUNG,TUL,,,2024-03-16 23:27:57,2018-02-01,2018,2,NON TITO,,,JAWA TIMUR,0.5,YELLOW,305267697,AREA 3,JATIM,MALANG,TULUNGAGUNG,,,0,0,0,JAWA TIMUR,TULUNGAGUNG,TULUNGAGUNG,BOTORAN,TULUNG AGUNG
2202793686,,ODP-TUL-FAF/31,-8.055084,111.896568,,,2,6,0,0,8,REGIONAL 5,KEDIRI,TULUNG AGUNG,TUL,,,2024-03-16 23:28:24,2018-02-01,2018,2,NON TITO,,,JAWA TIMUR,0.75,YELLOW,305194010,AREA 3,JATIM,MALANG,TULUNGAGUNG,,,0,0,0,JAWA TIMUR,TULUNGAGUNG,KEDUNGWARU,MANGUNSARI,TULUNG AGUNG
1364596452,,ODP-TUL-FG/63,-8.109889,111.952212,,,7,9,0,0,16,REGIONAL 5,KEDIRI,TULUNG AGUNG,TUL,,,2024-03-16 23:24:03,2017-04-17,2017,4,NON TITO,,,JAWA TIMUR,0.5625,YELLOW,81763625,AREA 3,JATIM,MALANG,TULUNGAGUNG,,,0,0,0,JAWA TIMUR,TULUNGAGUNG,SUMBERGEMPOL,TAMBAKREJO,TULUNG AGUNG
2202793659,,ODP-TUL-FAF/65,-8.058643,111.900051,,,3,5,0,0,8,REGIONAL 5,KEDIRI,TULUNG AGUNG,TUL,,,2024-03-16 23:29:03,2018-02-01,2018,2,NON TITO,,,JAWA TIMUR,0.625,YELLOW,305193984,AREA 3,JATIM,MALANG,TULUNGAGUNG,,,0,0,0,JAWA TIMUR,TULUNGAGUNG,TULUNGAGUNG,BOTORAN,TULUNG AGUNG
2202793621,,ODP-TUL-FAF/44,-8.054535,111.893567,,,4,4,0,0,8,REGIONAL 5,KEDIRI,TULUNG AGUNG,TUL,,,2024-03-16 23:28:55,2018-02-01,2018,2,NON TITO,,,JAWA TIMUR,0.5,YELLOW,305193938,AREA 3,JATIM,MALANG,TULUNGAGUNG,,,0,0,0,JAWA TIMUR,TULUNGAGUNG,KEDUNGWARU,MANGUNSARI,TULUNG AGUNG
2178570341,,ODP-KWR-FA/28,-8.177845,111.946028,,,3,5,0,0,8,REGIONAL 5,KEDIRI,TULUNG AGUNG,KWR,,,2024-03-16 23:23:57,2018-01-26,2018,1,NON TITO,,,JAWA TIMUR,0.625,YELLOW,294175406,AREA 3,JATIM,MALANG,TULUNGAGUNG,,,0,0,0,JAWA TIMUR,TULUNGAGUNG,KALIDAWIR,JOHO,TULUNG AGUNG
2178570381,,ODP-KWR-FA/15,-8.198056,111.971766,,,2,6,0,0,8,REGIONAL 5,KEDIRI,TULUNG AGUNG,KWR,,,2024-03-16 23:23:27,2018-01-26,2018,1,NON TITO,,,JAWA TIMUR,0.75,YELLOW,294175432,AREA 3,JATIM,MALANG,TULUNGAGUNG,,,0,0,0,JAWA TIMUR,TULUNGAGUNG,KALIDAWIR,KARANGTALUN,TULUNG AGUNG
2178570136,,ODP-KWR-FA/37,-8.161351,111.923087,,,3,5,0,0,8,REGIONAL 5,KEDIRI,TULUNG AGUNG,KWR,,,2024-03-16 23:24:02,2018-01-26,2018,1,NON TITO,,,JAWA TIMUR,0.625,YELLOW,295901924,AREA 3,JATIM,MALANG,TULUNGAGUNG,,,0,0,0,JAWA TIMUR,TULUNGAGUNG,KALIDAWIR,PAGERSARI,TULUNG AGUNG
1486697414,,ODP-PRI-FB/35,-8.286325,111.726664,,,3,5,0,0,8,REGIONAL 5,KEDIRI,TULUNG AGUNG,PRI,,,2024-03-16 23:27:01,2017-05-23,2017,5,NON TITO,,,JAWA TIMUR,0.625,YELLOW,129802888,AREA 3,JATIM,MADIUN,PONOROGO,,,0,0,0,JAWA TIMUR,TRENGGALEK,WATULIMO,PRIGI,TULUNG AGUNG
1486697291,,ODP-PRI-FB/87,-8.278921,111.714837,,,3,5,0,0,8,REGIONAL 5,KEDIRI,TULUNG AGUNG,PRI,,,2024-03-16 23:22:44,2017-05-23,2017,5,NON TITO,,,JAWA TIMUR,0.625,YELLOW,129802838,AREA 3,JATIM,MADIUN,PONOROGO,,,0,0,0,JAWA TIMUR,TRENGGALEK,WATULIMO,PRIGI,TULUNG AGUNG
2178570176,,ODP-KWR-FA/36,-8.180305,111.971867,,,4,4,0,0,8,REGIONAL 5,KEDIRI,TULUNG AGUNG,KWR,,,2024-03-16 23:24:02,2018-01-26,2018,1,NON TITO,,,JAWA TIMUR,0.5,YELLOW,295901956,AREA 3,JATIM,MALANG,TULUNGAGUNG,,,0,0,0,JAWA TIMUR,TULUNGAGUNG,KALIDAWIR,KARANGTALUN,TULUNG AGUNG
2178570206,,ODP-KWR-FA/40,-8.161444,111.964432,,,5,11,0,0,16,REGIONAL 5,KEDIRI,TULUNG AGUNG,KWR,,,2024-03-16 23:24:00,2018-01-26,2018,1,NON TITO,,,JAWA TIMUR,0.6875,YELLOW,295901980,AREA 3,JATIM,MALANG,TULUNGAGUNG,,,0,0,0,JAWA TIMUR,TULUNGAGUNG,KALIDAWIR,TUNGGANGRI,TULUNG AGUNG
2178570226,,ODP-KWR-FA/31,-8.184298,111.959786,,,3,5,0,0,8,REGIONAL 5,KEDIRI,TULUNG AGUNG,KWR,,,2024-03-16 23:24:09,2018-01-26,2018,1,NON TITO,,,JAWA TIMUR,0.625,YELLOW,295902000,AREA 3,JATIM,MALANG,TULUNGAGUNG,,,0,0,0,JAWA TIMUR,TULUNGAGUNG,KALIDAWIR,PAKISAJI,TULUNG AGUNG
2178570236,,ODP-KWR-FA/41,-8.164629,111.965938,,,4,12,0,0,16,REGIONAL 5,KEDIRI,TULUNG AGUNG,KWR,,,2024-03-16 23:23:55,2018-01-26,2018,1,NON TITO,,,JAWA TIMUR,0.75,YELLOW,295902014,AREA 3,JATIM,MALANG,TULUNGAGUNG,,,0,0,0,JAWA TIMUR,TULUNGAGUNG,KALIDAWIR,JABON,TULUNG AGUNG
2178570256,,ODP-KWR-FA/30,-8.17833,111.950026,,,8,8,0,0,16,REGIONAL 5,KEDIRI,TULUNG AGUNG,KWR,,,2024-03-16 23:23:36,2018-01-26,2018,1,NON TITO,,,JAWA TIMUR,0.5,YELLOW,295902028,AREA 3,JATIM,MALANG,TULUNGAGUNG,,,0,0,0,JAWA TIMUR,TULUNGAGUNG,KALIDAWIR,JOHO,TULUNG AGUNG
2178570286,,ODP-KWR-FA/35,-8.179588,111.971538,,,4,4,0,0,8,REGIONAL 5,KEDIRI,TULUNG AGUNG,KWR,,,2024-03-16 23:23:32,2018-01-26,2018,1,NON TITO,,,JAWA TIMUR,0.5,YELLOW,295902047,AREA 3,JATIM,MALANG,TULUNGAGUNG,,,0,0,0,JAWA TIMUR,TULUNGAGUNG,KALIDAWIR,KARANGTALUN,TULUNG AGUNG
2178570296,,ODP-KWR-FA/32,-8.177911,111.959374,,,2,6,0,0,8,REGIONAL 5,KEDIRI,TULUNG AGUNG,KWR,,,2024-03-16 23:23:45,2018-01-26,2018,1,NON TITO,,,JAWA TIMUR,0.75,YELLOW,295902052,AREA 3,JATIM,MALANG,TULUNGAGUNG,,,0,0,0,JAWA TIMUR,TULUNGAGUNG,KALIDAWIR,KARANGTALUN,TULUNG AGUNG
2178570336,,ODP-KWR-FA/33,-8.178447,111.963645,,,4,4,0,0,8,REGIONAL 5,KEDIRI,TULUNG AGUNG,KWR,,,2024-03-16 23:24:00,2018-01-26,2018,1,NON TITO,,,JAWA TIMUR,0.5,YELLOW,295902080,AREA 3,JATIM,MALANG,TULUNGAGUNG,,,0,0,0,JAWA TIMUR,TULUNGAGUNG,KALIDAWIR,KARANGTALUN,TULUNG AGUNG
2178570346,,ODP-KWR-FA/43,-8.173288,111.968543,,,6,9,0,0,16,REGIONAL 5,KEDIRI,TULUNG AGUNG,KWR,,,2024-03-16 23:23:58,2018-01-26,2018,1,NON TITO,,,JAWA TIMUR,0.5625,YELLOW,295902085,AREA 3,JATIM,MALANG,TULUNGAGUNG,,,0,0,0,JAWA TIMUR,TULUNGAGUNG,KALIDAWIR,KARANGTALUN,TULUNG AGUNG
1486697279,,ODP-PRI-FB/81,-8.270547,111.72185,,,4,12,0,0,16,REGIONAL 5,KEDIRI,TULUNG AGUNG,PRI,,,2024-03-16 23:26:46,2017-05-23,2017,5,NON TITO,,,JAWA TIMUR,0.75,YELLOW,129802830,AREA 3,JATIM,MADIUN,PONOROGO,,,0,0,0,JAWA TIMUR,TRENGGALEK,WATULIMO,PRIGI,TULUNG AGUNG
2202793561,,ODP-TUL-FAF/64,-8.060296,111.899923,,,2,6,0,0,8,REGIONAL 5,KEDIRI,TULUNG AGUNG,TUL,,,2024-03-16 23:29:05,2018-02-01,2018,2,NON TITO,,,JAWA TIMUR,0.75,YELLOW,305193863,AREA 3,JATIM,MALANG,TULUNGAGUNG,,,0,0,0,JAWA TIMUR,TULUNGAGUNG,TULUNGAGUNG,KAMPUNGDALEM,TULUNG AGUNG
2202793566,,ODP-TUL-FAF/50,-8.061491,111.888755,,,3,5,0,0,8,REGIONAL 5,KEDIRI,TULUNG AGUNG,TUL,,,2024-03-16 23:28:56,2018-02-01,2018,2,NON TITO,,,JAWA TIMUR,0.625,YELLOW,305193867,AREA 3,JATIM,MALANG,TULUNGAGUNG,,,0,0,0,JAWA TIMUR,TULUNGAGUNG,TULUNGAGUNG,PANGGUNGREJO,TULUNG AGUNG
2202793571,,ODP-TUL-FAF/13,-8.044064,111.907284,,,4,12,0,0,16,REGIONAL 5,KEDIRI,TULUNG AGUNG,TUL,,,2024-03-16 23:28:57,2018-02-01,2018,2,NON TITO,,,JAWA TIMUR,0.75,YELLOW,305193870,AREA 3,JATIM,MALANG,TULUNGAGUNG,,,0,0,0,JAWA TIMUR,TULUNGAGUNG,KEDUNGWARU,REJOAGUNG,TULUNG AGUNG
2202793576,,ODP-TUL-FAF/32,-8.052051,111.880874,,,4,4,0,0,8,REGIONAL 5,KEDIRI,TULUNG AGUNG,TUL,,,2024-03-16 23:28:28,2018-02-01,2018,2,NON TITO,,,JAWA TIMUR,0.5,YELLOW,305193876,AREA 3,JATIM,MALANG,TULUNGAGUNG,,,0,0,0,JAWA TIMUR,TULUNGAGUNG,KAUMAN,BATANGSAREN,TULUNG AGUNG
1486697273,,ODP-PRI-FB/32,-8.280619,111.732432,,,4,4,0,0,8,REGIONAL 5,KEDIRI,TULUNG AGUNG,PRI,,,2024-03-16 23:26:51,2017-05-23,2017,5,NON TITO,,,JAWA TIMUR,0.5,YELLOW,129802825,AREA 3,JATIM,MADIUN,PONOROGO,,,0,0,0,JAWA TIMUR,TRENGGALEK,WATULIMO,PRIGI,TULUNG AGUNG
1486696920,,ODP-PRI-FB/74,-8.269771,111.712375,,,6,10,0,0,16,REGIONAL 5,KEDIRI,TULUNG AGUNG,PRI,,,2024-03-16 23:27:15,2017-05-23,2017,5,NON TITO,,,JAWA TIMUR,0.625,YELLOW,129802708,AREA 3,JATIM,MADIUN,PONOROGO,,,0,0,0,JAWA TIMUR,TRENGGALEK,WATULIMO,MARGOMULYO,TULUNG AGUNG
2202793591,,ODP-TUL-FAF/12,-8.042295,111.907657,,,4,12,0,0,16,REGIONAL 5,KEDIRI,TULUNG AGUNG,TUL,,,2024-03-16 23:29:01,2018-02-01,2018,2,NON TITO,,,JAWA TIMUR,0.75,YELLOW,305193904,AREA 3,JATIM,MALANG,TULUNGAGUNG,,,0,0,0,JAWA TIMUR,TULUNGAGUNG,KEDUNGWARU,REJOAGUNG,TULUNG AGUNG
2202793606,,ODP-TUL-FAF/10,-8.038573,111.908301,,,3,5,0,0,8,REGIONAL 5,KEDIRI,TULUNG AGUNG,TUL,,,2024-03-16 23:29:01,2018-02-01,2018,2,NON TITO,,,JAWA TIMUR,0.625,YELLOW,305193921,AREA 3,JATIM,MALANG,TULUNGAGUNG,,,0,0,0,JAWA TIMUR,TULUNGAGUNG,KEDUNGWARU,SIMO,TULUNG AGUNG
1486696910,,ODP-PRI-FB/63,-8.261861,111.699172,,,3,5,0,0,8,REGIONAL 5,KEDIRI,TULUNG AGUNG,PRI,,,2024-03-16 23:27:10,2017-05-23,2017,5,NON TITO,,,JAWA TIMUR,0.625,YELLOW,129802702,AREA 3,JATIM,MADIUN,PONOROGO,,,0,0,0,JAWA TIMUR,TRENGGALEK,WATULIMO,SAWAHAN,TULUNG AGUNG
1486696907,,ODP-PRI-FB/70,-8.268693,111.710726,,,7,9,0,0,16,REGIONAL 5,KEDIRI,TULUNG AGUNG,PRI,,,2024-03-16 23:27:19,2017-05-23,2017,5,NON TITO,,,JAWA TIMUR,0.5625,YELLOW,129802700,AREA 3,JATIM,MADIUN,PONOROGO,,,0,0,0,JAWA TIMUR,TRENGGALEK,WATULIMO,MARGOMULYO,TULUNG AGUNG
1486696903,,ODP-PRI-FB/61,-8.260251,111.696069,,,9,7,0,0,16,REGIONAL 5,KEDIRI,TULUNG AGUNG,PRI,,,2024-03-16 23:27:12,2017-05-23,2017,5,NON TITO,,,JAWA TIMUR,0.4375,YELLOW,129802698,AREA 3,JATIM,MADIUN,PONOROGO,,,0,0,0,JAWA TIMUR,TRENGGALEK,WATULIMO,SAWAHAN,TULUNG AGUNG
1486696737,,ODP-PRI-FB/51,-8.290073,111.697713,,,3,5,0,0,8,REGIONAL 5,KEDIRI,TULUNG AGUNG,PRI,,,2024-03-16 23:27:23,2017-05-23,2017,5,NON TITO,,,JAWA TIMUR,0.625,YELLOW,129802645,AREA 3,JATIM,MADIUN,PONOROGO,,,0,0,0,JAWA TIMUR,TRENGGALEK,WATULIMO,MARGOMULYO,TULUNG AGUNG
1486696733,,ODP-PRI-FB/44,-8.282325,111.721074,,,2,6,0,0,8,REGIONAL 5,KEDIRI,TULUNG AGUNG,PRI,,,2024-03-16 23:26:56,2017-05-23,2017,5,NON TITO,,,JAWA TIMUR,0.75,YELLOW,129802642,AREA 3,JATIM,MADIUN,PONOROGO,,,0,0,0,JAWA TIMUR,TRENGGALEK,WATULIMO,PRIGI,TULUNG AGUNG
2202793616,,ODP-TUL-FAF/29,-8.05248,111.897409,,,3,5,0,0,8,REGIONAL 5,KEDIRI,TULUNG AGUNG,TUL,,,2024-03-16 23:28:34,2018-02-01,2018,2,NON TITO,,,JAWA TIMUR,0.625,YELLOW,305193933,AREA 3,JATIM,MALANG,TULUNGAGUNG,,,0,0,0,JAWA TIMUR,TULUNGAGUNG,KEDUNGWARU,MANGUNSARI,TULUNG AGUNG
625993756,,ODP-TRE-FG/01,-8.070322,111.74429,,,2,6,0,0,8,REGIONAL 5,KEDIRI,TULUNG AGUNG,TRE,,,2024-03-16 23:28:32,2016-05-26,2016,5,NON TITO,,,JAWA TIMUR,0.75,YELLOW,33370391,AREA 3,JATIM,MADIUN,PONOROGO,,,0,0,0,JAWA TIMUR,TRENGGALEK,POGALAN,NGULANGKULON,TULUNG AGUNG
2180294249,,ODP-TUL-FAF/07,-8.032504,111.909148,,,8,8,0,0,16,REGIONAL 5,KEDIRI,TULUNG AGUNG,TUL,,,2024-03-16 23:28:40,2018-02-01,2018,2,NON TITO,,,JAWA TIMUR,0.5,YELLOW,305267701,AREA 3,JATIM,MALANG,TULUNGAGUNG,,,0,0,0,JAWA TIMUR,TULUNGAGUNG,KEDUNGWARU,SIMO,TULUNG AGUNG
1364596424,,ODP-TUL-FG/62,-8.113448,111.952574,,,9,7,0,0,16,REGIONAL 5,KEDIRI,TULUNG AGUNG,TUL,,,2024-03-16 23:24:25,2017-04-17,2017,4,NON TITO,,,JAWA TIMUR,0.4375,YELLOW,81763616,AREA 3,JATIM,MALANG,TULUNGAGUNG,,,0,0,0,JAWA TIMUR,TULUNGAGUNG,SUMBERGEMPOL,TAMBAKREJO,TULUNG AGUNG
2180294282,,ODP-TUL-FAF/02,-8.022078,111.908053,,,3,5,0,0,8,REGIONAL 5,KEDIRI,TULUNG AGUNG,TUL,,,2024-03-16 23:27:49,2018-02-01,2018,2,NON TITO,,,JAWA TIMUR,0.625,YELLOW,305267721,AREA 3,JATIM,MALANG,TULUNGAGUNG,,,0,0,0,JAWA TIMUR,TULUNGAGUNG,KEDUNGWARU,BORO,TULUNG AGUNG
2250647261,,ODP-TUL-FK/18,-8.085483,111.93509,,,3,5,0,0,8,REGIONAL 5,KEDIRI,TULUNG AGUNG,TUL,,,2024-03-16 23:23:08,2018-02-20,2018,2,NON TITO,,,JAWA TIMUR,0.625,YELLOW,323892765,AREA 3,JATIM,MALANG,TULUNGAGUNG,,,0,0,0,JAWA TIMUR,TULUNGAGUNG,SUMBERGEMPOL,WONOREJO,TULUNG AGUNG
1356650226,,ODP-TUL-FAD/08,-8.060878,111.852152,,,4,12,0,0,16,REGIONAL 5,KEDIRI,TULUNG AGUNG,TUL,,,2024-03-16 23:27:21,2017-04-12,2017,4,NON TITO,,,JAWA TIMUR,0.75,YELLOW,81218489,AREA 3,JATIM,MALANG,TULUNGAGUNG,,,0,0,0,JAWA TIMUR,TULUNGAGUNG,GONDANG,JARAKAN,TULUNG AGUNG
2248172451,,ODP-KWR-FA/49,-8.226034,111.957318,,,5,11,0,0,16,REGIONAL 5,KEDIRI,TULUNG AGUNG,KWR,,,2024-03-16 23:26:42,2018-02-20,2018,2,NON TITO,,,JAWA TIMUR,0.6875,YELLOW,323937863,AREA 3,JATIM,MALANG,TULUNGAGUNG,,,0,0,0,JAWA TIMUR,TULUNGAGUNG,KALIDAWIR,REJOSARI,TULUNG AGUNG
2269771012,,ODP-CAT-FB/28,-8.208627,111.82394,,,3,5,0,0,8,REGIONAL 5,KEDIRI,TULUNG AGUNG,CAT,,,2024-03-16 23:22:46,2018-02-24,2018,2,NON TITO,,,JAWA TIMUR,0.625,YELLOW,324030453,AREA 3,JATIM,MALANG,TULUNGAGUNG,,,0,0,0,JAWA TIMUR,TULUNGAGUNG,CAMPUR DARAT,NGENTRONG,TULUNG AGUNG
2271871361,,ODP-TUL-FH/53,-8.025423,111.924755,,,7,9,0,0,16,REGIONAL 5,KEDIRI,TULUNG AGUNG,TUL,,,2024-03-16 23:24:00,2018-02-26,2018,2,NON TITO,,,JAWA TIMUR,0.5625,YELLOW,324037733,AREA 3,JATIM,MALANG,TULUNGAGUNG,,,0,0,0,JAWA TIMUR,TULUNGAGUNG,KEDUNGWARU,TAPAN,TULUNG AGUNG
2354744177,,ODP-CAT-FB/29,-8.264458,111.802991,,,4,4,0,0,8,REGIONAL 5,KEDIRI,TULUNG AGUNG,CAT,,,2024-03-16 23:28:11,2018-03-19,2018,3,NON TITO,,,JAWA TIMUR,0.5,YELLOW,333180044,AREA 3,JATIM,MALANG,TULUNGAGUNG,,,0,0,0,JAWA TIMUR,TULUNGAGUNG,BESUKI,KEBOIRENG,TULUNG AGUNG
2354744000,,ODP-CAT-FB/32,-8.227134,111.809189,,,2,6,0,0,8,REGIONAL 5,KEDIRI,TULUNG AGUNG,CAT,,,2024-03-16 23:28:05,2018-03-19,2018,3,NON TITO,,,JAWA TIMUR,0.75,YELLOW,333331331,AREA 3,JATIM,MALANG,TULUNGAGUNG,,,0,0,0,JAWA TIMUR,TULUNGAGUNG,BESUKI,TANGGULWELAHAN,TULUNG AGUNG
1345782833,,ODP-CAT-FG/03,-8.114801,111.861776,,,3,5,0,0,8,REGIONAL 5,KEDIRI,TULUNG AGUNG,CAT,,,2024-03-16 23:28:13,2017-04-06,2017,4,NON TITO,,,JAWA TIMUR,0.625,YELLOW,81191365,AREA 3,JATIM,MALANG,TULUNGAGUNG,,,0,0,0,JAWA TIMUR,TULUNGAGUNG,PAKEL,GEMPOLAN,TULUNG AGUNG
1345769818,,ODP-TUL-FQ/01,-8.055967,111.905887,,,6,10,0,0,16,REGIONAL 5,KEDIRI,TULUNG AGUNG,TUL,,,2024-03-16 23:25:28,2017-04-04,2017,4,NON TITO,,,JAWA TIMUR,0.625,YELLOW,81178991,AREA 3,JATIM,MALANG,TULUNGAGUNG,,,0,0,0,JAWA TIMUR,TULUNGAGUNG,KEDUNGWARU,KEDUNGWARU,TULUNG AGUNG
2410918608,,ODP-TUL-FAD/16,-8.066924,111.844572,,,4,12,0,0,16,REGIONAL 5,KEDIRI,TULUNG AGUNG,TUL,,,2024-03-16 23:22:38,2018-04-05,2018,4,NON TITO,,,JAWA TIMUR,0.75,YELLOW,333435658,AREA 3,JATIM,MALANG,TULUNGAGUNG,,,0,0,0,JAWA TIMUR,TULUNGAGUNG,GONDANG,MOJOARUM,TULUNG AGUNG
1345769582,,ODP-TUL-FQ/02,-8.058059,111.907368,,,9,7,0,0,16,REGIONAL 5,KEDIRI,TULUNG AGUNG,TUL,,,2024-03-16 23:25:05,2017-04-04,2017,4,NON TITO,,,JAWA TIMUR,0.4375,YELLOW,81178788,AREA 3,JATIM,MALANG,TULUNGAGUNG,,,0,0,0,JAWA TIMUR,TULUNGAGUNG,KEDUNGWARU,KEDUNGWARU,TULUNG AGUNG
1345769354,,ODP-TRE-FM/07,-8.08569,111.710904,,,4,4,0,0,8,REGIONAL 5,KEDIRI,TULUNG AGUNG,TRE,,,2024-03-16 23:24:42,2017-04-04,2017,4,NON TITO,,,JAWA TIMUR,0.5,YELLOW,81178613,AREA 3,JATIM,MADIUN,PONOROGO,,,0,0,0,JAWA TIMUR,TRENGGALEK,TRENGGALEK,KARANGSOKO,TULUNG AGUNG
1345769249,,ODP-TRE-FH/01,-8.063034,111.629796,,,8,8,0,0,16,REGIONAL 5,KEDIRI,TULUNG AGUNG,TRE,,,2024-03-16 23:25:00,2017-04-04,2017,4,NON TITO,,,JAWA TIMUR,0.5,YELLOW,81178522,AREA 3,JATIM,MADIUN,PONOROGO,,,0,0,0,JAWA TIMUR,TRENGGALEK,TUGU,NGEPEH,TULUNG AGUNG
2410918794,,ODP-TUL-FAD/17,-8.068535,111.844242,,,2,6,0,0,8,REGIONAL 5,KEDIRI,TULUNG AGUNG,TUL,,,2024-03-16 23:22:40,2018-04-05,2018,4,NON TITO,,,JAWA TIMUR,0.75,YELLOW,333435727,AREA 3,JATIM,MALANG,TULUNGAGUNG,,,0,0,0,JAWA TIMUR,TULUNGAGUNG,GONDANG,MOJOARUM,TULUNG AGUNG
2410918804,,ODP-TUL-FY/12,-8.062183,111.953034,,,9,7,0,0,16,REGIONAL 5,KEDIRI,TULUNG AGUNG,TUL,,,2024-03-16 23:21:43,2018-04-05,2018,4,NON TITO,,,JAWA TIMUR,0.4375,YELLOW,333435730,AREA 3,JATIM,MALANG,TULUNGAGUNG,,,0,0,0,JAWA TIMUR,TULUNGAGUNG,KEDUNGWARU,LODERESAN,TULUNG AGUNG
1339252840,,ODP-TUL-FN/25,-8.083596,111.87742,,,8,8,0,0,16,REGIONAL 5,KEDIRI,TULUNG AGUNG,TUL,,,2024-03-16 23:25:29,2017-03-31,2017,3,NON TITO,,,JAWA TIMUR,0.5,YELLOW,81166923,AREA 3,JATIM,MALANG,TULUNGAGUNG,,,0,0,0,JAWA TIMUR,TULUNGAGUNG,TULUNGAGUNG,KEDUNGSOKO,TULUNG AGUNG
2410918603,,ODP-TUL-FAD/14,-8.063048,111.845487,,,2,6,0,0,8,REGIONAL 5,KEDIRI,TULUNG AGUNG,TUL,,,2024-03-16 23:22:40,2018-04-05,2018,4,NON TITO,,,JAWA TIMUR,0.75,YELLOW,333519862,AREA 3,JATIM,MALANG,TULUNGAGUNG,,,0,0,0,JAWA TIMUR,TULUNGAGUNG,GONDANG,MOJOARUM,TULUNG AGUNG
1339252339,,ODP-TUL-FN/26,-8.081489,111.878786,,,3,5,0,0,8,REGIONAL 5,KEDIRI,TULUNG AGUNG,TUL,,,2024-03-16 23:24:40,2017-03-31,2017,3,NON TITO,,,JAWA TIMUR,0.625,YELLOW,81166505,AREA 3,JATIM,MALANG,TULUNGAGUNG,,,0,0,0,JAWA TIMUR,TULUNGAGUNG,TULUNGAGUNG,KEDUNGSOKO,TULUNG AGUNG
1339252334,,ODP-TUL-FN/05,-8.083389,111.876149,,,2,6,0,0,8,REGIONAL 5,KEDIRI,TULUNG AGUNG,TUL,,,2024-03-16 23:24:46,2017-03-31,2017,3,NON TITO,,,JAWA TIMUR,0.75,YELLOW,81166501,AREA 3,JATIM,MALANG,TULUNGAGUNG,,,0,0,0,JAWA TIMUR,TULUNGAGUNG,TULUNGAGUNG,KEDUNGSOKO,TULUNG AGUNG
1325783679,,ODP-CAT-FB/26,-8.222712,111.797306,,,4,4,0,0,8,REGIONAL 5,KEDIRI,TULUNG AGUNG,CAT,,,2024-03-16 23:23:20,2017-03-24,2017,3,NON TITO,,,JAWA TIMUR,0.5,YELLOW,79575431,AREA 3,JATIM,MALANG,TULUNGAGUNG,,,0,0,0,JAWA TIMUR,TULUNGAGUNG,BESUKI,TANGGULWELAHAN,TULUNG AGUNG
1327544694,,ODP-TRE-FJ/15,-8.047943,111.65924,,,9,7,0,0,16,REGIONAL 5,KEDIRI,TULUNG AGUNG,TRE,,,2024-03-16 23:28:38,2017-03-20,2017,3,NON TITO,,,JAWA TIMUR,0.4375,YELLOW,79519285,AREA 3,JATIM,MADIUN,PONOROGO,,,0,0,0,JAWA TIMUR,TRENGGALEK,TUGU,NGLONGSOR,TULUNG AGUNG
1325783951,,ODP-CAT-FB/25,-8.22345,111.78893,,,4,4,0,0,8,REGIONAL 5,KEDIRI,TULUNG AGUNG,CAT,,,2024-03-16 23:22:49,2017-03-24,2017,3,NON TITO,,,JAWA TIMUR,0.5,YELLOW,79465889,AREA 3,JATIM,MALANG,TULUNGAGUNG,,,0,0,0,JAWA TIMUR,TULUNGAGUNG,BESUKI,TANGGULWELAHAN,TULUNG AGUNG
1325783671,,ODP-CAT-FB/02,-8.209975,111.783373,,,2,6,0,0,8,REGIONAL 5,KEDIRI,TULUNG AGUNG,CAT,,,2024-03-16 23:23:29,2017-03-24,2017,3,NON TITO,,,JAWA TIMUR,0.75,YELLOW,79465786,AREA 3,JATIM,MALANG,TULUNGAGUNG,,,0,0,0,JAWA TIMUR,TULUNGAGUNG,BESUKI,TANGGULWELAHAN,TULUNG AGUNG
2410919243,,ODP-TUL-FY/14,-8.057195,111.940216,,,4,12,0,0,16,REGIONAL 5,KEDIRI,TULUNG AGUNG,TUL,,,2024-03-16 23:22:28,2018-04-05,2018,4,NON TITO,,,JAWA TIMUR,0.75,YELLOW,333520095,AREA 3,JATIM,MALANG,TULUNGAGUNG,,,0,0,0,JAWA TIMUR,TULUNGAGUNG,KEDUNGWARU,LODERESAN,TULUNG AGUNG
2410919335,,ODP-TUL-FY/17,-8.058033,111.936063,,,3,5,0,0,8,REGIONAL 5,KEDIRI,TULUNG AGUNG,TUL,,,2024-03-16 23:22:30,2018-04-05,2018,4,NON TITO,,,JAWA TIMUR,0.625,YELLOW,333520125,AREA 3,JATIM,MALANG,TULUNGAGUNG,,,0,0,0,JAWA TIMUR,TULUNGAGUNG,KEDUNGWARU,TUNGGULSARI,TULUNG AGUNG
1327544658,,ODP-TRE-FJ/14,-8.047822,111.657484,,,6,10,0,0,16,REGIONAL 5,KEDIRI,TULUNG AGUNG,TRE,,,2024-03-16 23:28:38,2017-03-20,2017,3,NON TITO,,,JAWA TIMUR,0.625,YELLOW,79445395,AREA 3,JATIM,MADIUN,PONOROGO,,,0,0,0,JAWA TIMUR,TRENGGALEK,TUGU,GONDANG,TULUNG AGUNG
2413243881,,ODP-NGU-FB/12,-8.128689,112.08166,,,6,10,0,0,16,REGIONAL 5,KEDIRI,TULUNG AGUNG,NGU,,,2024-03-16 23:22:57,2018-04-10,2018,4,NON TITO,,,JAWA TIMUR,0.625,YELLOW,333615241,AREA 3,JATIM,MALANG,TULUNGAGUNG,,,0,0,0,JAWA TIMUR,TULUNGAGUNG,REJOTANGAN,PAKISREJO,TULUNG AGUNG
1311523642,,ODP-TUL-FY/10,-8.056549,111.956889,,,4,4,0,0,8,REGIONAL 5,KEDIRI,TULUNG AGUNG,TUL,,,2024-03-16 23:22:49,2017-03-09,2017,3,NON TITO,,,JAWA TIMUR,0.5,YELLOW,79361584,AREA 3,JATIM,MALANG,TULUNGAGUNG,,,0,0,0,JAWA TIMUR,TULUNGAGUNG,SUMBERGEMPOL,BUKUR,TULUNG AGUNG
2413243966,,ODP-NGU-FB/13,-8.123898,112.081051,,,7,9,0,0,16,REGIONAL 5,KEDIRI,TULUNG AGUNG,NGU,,,2024-03-16 23:22:36,2018-04-10,2018,4,NON TITO,,,JAWA TIMUR,0.5625,YELLOW,333615349,AREA 3,JATIM,MALANG,TULUNGAGUNG,,,0,0,0,JAWA TIMUR,TULUNGAGUNG,REJOTANGAN,REJOTANGAN,TULUNG AGUNG
1356650236,,ODP-TUL-FAD/12,-8.059467,111.852667,,,4,4,0,0,8,REGIONAL 5,KEDIRI,TULUNG AGUNG,TUL,,,2024-03-16 23:26:50,2017-04-12,2017,4,NON TITO,,,JAWA TIMUR,0.5,YELLOW,81218496,AREA 3,JATIM,MALANG,TULUNGAGUNG,,,0,0,0,JAWA TIMUR,TULUNGAGUNG,GONDANG,JARAKAN,TULUNG AGUNG
2250647124,,ODP-TUL-FK/19,-8.085374,111.93789,,,3,5,0,0,8,REGIONAL 5,KEDIRI,TULUNG AGUNG,TUL,,,2024-03-16 23:23:25,2018-02-20,2018,2,NON TITO,,,JAWA TIMUR,0.625,YELLOW,323892682,AREA 3,JATIM,MALANG,TULUNGAGUNG,,,0,0,0,JAWA TIMUR,TULUNGAGUNG,SUMBERGEMPOL,WONOREJO,TULUNG AGUNG
2250647064,,ODP-TUL-FK/15,-8.099246,111.940055,,,2,6,0,0,8,REGIONAL 5,KEDIRI,TULUNG AGUNG,TUL,,,2024-03-16 23:23:08,2018-02-20,2018,2,NON TITO,,,JAWA TIMUR,0.75,YELLOW,323892646,AREA 3,JATIM,MALANG,TULUNGAGUNG,,,0,0,0,JAWA TIMUR,TULUNGAGUNG,SUMBERGEMPOL,TAMBAKREJO,TULUNG AGUNG
2250647019,,ODP-TUL-FK/17,-8.08519,111.929486,,,3,5,0,0,8,REGIONAL 5,KEDIRI,TULUNG AGUNG,TUL,,,2024-03-16 23:23:01,2018-02-20,2018,2,NON TITO,,,JAWA TIMUR,0.625,YELLOW,323892619,AREA 3,JATIM,MALANG,TULUNGAGUNG,,,0,0,0,JAWA TIMUR,TULUNGAGUNG,BOYOLANGU,TANJUNGSARI,TULUNG AGUNG
1364596406,,ODP-TUL-FG/56,-8.080713,111.937741,,,4,4,0,0,8,REGIONAL 5,KEDIRI,TULUNG AGUNG,TUL,,,2024-03-16 23:24:35,2017-04-17,2017,4,NON TITO,,,JAWA TIMUR,0.5,YELLOW,81763606,AREA 3,JATIM,MALANG,TULUNGAGUNG,,,0,0,0,JAWA TIMUR,TULUNGAGUNG,KEDUNGWARU,PLOSOKANDANG,TULUNG AGUNG
1364596461,,ODP-TUL-FG/65,-8.110546,111.942309,,,7,9,0,0,16,REGIONAL 5,KEDIRI,TULUNG AGUNG,TUL,,,2024-03-16 23:24:20,2017-04-17,2017,4,NON TITO,,,JAWA TIMUR,0.5625,YELLOW,81748178,AREA 3,JATIM,MALANG,TULUNGAGUNG,,,0,0,0,JAWA TIMUR,TULUNGAGUNG,SUMBERGEMPOL,DOROAMPEL,TULUNG AGUNG
1364596416,,ODP-TUL-FG/60,-8.118249,111.952942,,,8,8,0,0,16,REGIONAL 5,KEDIRI,TULUNG AGUNG,TUL,,,2024-03-16 23:24:13,2017-04-17,2017,4,NON TITO,,,JAWA TIMUR,0.5,YELLOW,81748157,AREA 3,JATIM,MALANG,TULUNGAGUNG,,,0,0,0,JAWA TIMUR,TULUNGAGUNG,SUMBERGEMPOL,BENDILWUNGU,TULUNG AGUNG
1360400916,,ODP-TUL-FM/46,-8.062806,111.921056,,,9,7,0,0,16,REGIONAL 5,KEDIRI,TULUNG AGUNG,TUL,,,2024-03-16 23:23:06,2017-04-13,2017,4,NON TITO,,,JAWA TIMUR,0.4375,YELLOW,81736331,AREA 3,JATIM,MALANG,TULUNGAGUNG,,,0,0,0,JAWA TIMUR,TULUNGAGUNG,KEDUNGWARU,TUNGGULSARI,TULUNG AGUNG
2180294294,,ODP-TUL-FAF/54,-8.060378,111.893215,,,6,9,0,0,16,REGIONAL 5,KEDIRI,TULUNG AGUNG,TUL,,,2024-03-16 23:28:54,2018-02-01,2018,2,NON TITO,,,JAWA TIMUR,0.5625,YELLOW,305267730,AREA 3,JATIM,MALANG,TULUNGAGUNG,,,0,0,0,JAWA TIMUR,TULUNGAGUNG,TULUNGAGUNG,BOTORAN,TULUNG AGUNG
2180294297,,ODP-TUL-FAF/67,-8.055974,111.900396,,,3,5,0,0,8,REGIONAL 5,KEDIRI,TULUNG AGUNG,TUL,,,2024-03-16 23:28:05,2018-02-01,2018,2,NON TITO,,,JAWA TIMUR,0.625,YELLOW,305267732,AREA 3,JATIM,MALANG,TULUNGAGUNG,,,0,0,0,JAWA TIMUR,TULUNGAGUNG,TULUNGAGUNG,BOTORAN,TULUNG AGUNG
2180294335,,ODP-TUL-FAF/25,-8.039499,111.900219,,,3,5,0,0,8,REGIONAL 5,KEDIRI,TULUNG AGUNG,TUL,,,2024-03-16 23:28:55,2018-02-01,2018,2,NON TITO,,,JAWA TIMUR,0.625,YELLOW,305267763,AREA 3,JATIM,MALANG,TULUNGAGUNG,,,0,0,0,JAWA TIMUR,TULUNGAGUNG,KEDUNGWARU,SIMO,TULUNG AGUNG
1356651506,,ODP-TUL-FAD/09,-8.058139,111.847721,,,2,6,0,0,8,REGIONAL 5,KEDIRI,TULUNG AGUNG,TUL,,,2024-03-16 23:27:42,2017-04-12,2017,4,NON TITO,,,JAWA TIMUR,0.75,YELLOW,81727602,AREA 3,JATIM,MALANG,TULUNGAGUNG,,,0,0,0,JAWA TIMUR,TULUNGAGUNG,GONDANG,JARAKAN,TULUNG AGUNG
2180294338,,ODP-TUL-FAF/09,-8.03711,111.90859,,,4,12,0,0,16,REGIONAL 5,KEDIRI,TULUNG AGUNG,TUL,,,2024-03-16 23:28:57,2018-02-01,2018,2,NON TITO,,,JAWA TIMUR,0.75,YELLOW,305267765,AREA 3,JATIM,MALANG,TULUNGAGUNG,,,0,0,0,JAWA TIMUR,TULUNGAGUNG,KEDUNGWARU,SIMO,TULUNG AGUNG
2180294341,,ODP-TUL-FAF/17,-8.051505,111.904458,,,3,5,0,0,8,REGIONAL 5,KEDIRI,TULUNG AGUNG,TUL,,,2024-03-16 23:28:58,2018-02-01,2018,2,NON TITO,,,JAWA TIMUR,0.625,YELLOW,305267767,AREA 3,JATIM,MALANG,TULUNGAGUNG,,,0,0,0,JAWA TIMUR,TULUNGAGUNG,KEDUNGWARU,TAWANGSARI,TULUNG AGUNG
1356651227,,ODP-TUL-FAD/10,-8.058671,111.849829,,,3,5,0,0,8,REGIONAL 5,KEDIRI,TULUNG AGUNG,TUL,,,2024-03-16 23:26:40,2017-04-12,2017,4,NON TITO,,,JAWA TIMUR,0.625,YELLOW,81727452,AREA 3,JATIM,MALANG,TULUNGAGUNG,,,0,0,0,JAWA TIMUR,TULUNGAGUNG,GONDANG,JARAKAN,TULUNG AGUNG
2180294346,,ODP-TUL-FAF/26,-8.041717,111.901688,,,3,5,0,0,8,REGIONAL 5,KEDIRI,TULUNG AGUNG,TUL,,,2024-03-16 23:28:49,2018-02-01,2018,2,NON TITO,,,JAWA TIMUR,0.625,YELLOW,305267771,AREA 3,JATIM,MALANG,TULUNGAGUNG,,,0,0,0,JAWA TIMUR,TULUNGAGUNG,KEDUNGWARU,WINONG,TULUNG AGUNG
2180294389,,ODP-TUL-FAF/34,-8.052814,111.884687,,,2,6,0,0,8,REGIONAL 5,KEDIRI,TULUNG AGUNG,TUL,,,2024-03-16 23:28:54,2018-02-01,2018,2,NON TITO,,,JAWA TIMUR,0.75,YELLOW,305267814,AREA 3,JATIM,MALANG,TULUNGAGUNG,,,0,0,0,JAWA TIMUR,TULUNGAGUNG,KAUMAN,BATANGSAREN,TULUNG AGUNG
2180294401,,ODP-TUL-FAF/59,-8.059846,111.89776,,,2,6,0,0,8,REGIONAL 5,KEDIRI,TULUNG AGUNG,TUL,,,2024-03-16 23:27:49,2018-02-01,2018,2,NON TITO,,,JAWA TIMUR,0.75,YELLOW,305267821,AREA 3,JATIM,MALANG,TULUNGAGUNG,,,0,0,0,JAWA TIMUR,TULUNGAGUNG,TULUNGAGUNG,BOTORAN,TULUNG AGUNG
1311522896,,ODP-DRN-FA/02,-8.123752,111.797969,,,5,11,0,0,16,REGIONAL 5,KEDIRI,TULUNG AGUNG,DRN,,,2024-03-16 23:27:38,2017-03-09,2017,3,NON TITO,,,JAWA TIMUR,0.6875,YELLOW,79361287,AREA 3,JATIM,MADIUN,PONOROGO,,,0,0,0,JAWA TIMUR,TRENGGALEK,DURENAN,NGADISUKO,TULUNG AGUNG
2180294433,,ODP-TUL-FAF/28,-8.046333,111.899861,,,3,5,0,0,8,REGIONAL 5,KEDIRI,TULUNG AGUNG,TUL,,,2024-03-16 23:28:16,2018-02-01,2018,2,NON TITO,,,JAWA TIMUR,0.625,YELLOW,305267841,AREA 3,JATIM,MALANG,TULUNGAGUNG,,,0,0,0,JAWA TIMUR,TULUNGAGUNG,KEDUNGWARU,WINONG,TULUNG AGUNG
2180294491,,ODP-TUL-FAF/58,-8.060719,111.89799,,,4,4,0,0,8,REGIONAL 5,KEDIRI,TULUNG AGUNG,TUL,,,2024-03-16 23:27:49,2018-02-01,2018,2,NON TITO,,,JAWA TIMUR,0.5,YELLOW,305267864,AREA 3,JATIM,MALANG,TULUNGAGUNG,,,0,0,0,JAWA TIMUR,TULUNGAGUNG,TULUNGAGUNG,BOTORAN,TULUNG AGUNG
2180294553,,ODP-TUL-FAF/03,-8.024216,111.908115,,,3,5,0,0,8,REGIONAL 5,KEDIRI,TULUNG AGUNG,TUL,,,2024-03-16 23:28:57,2018-02-01,2018,2,NON TITO,,,JAWA TIMUR,0.625,YELLOW,305267893,AREA 3,JATIM,MALANG,TULUNGAGUNG,,,0,0,0,JAWA TIMUR,TULUNGAGUNG,KEDUNGWARU,NGUJANG,TULUNG AGUNG
1356649460,,ODP-TUL-FAD/07,-8.062122,111.851656,,,3,5,0,0,8,REGIONAL 5,KEDIRI,TULUNG AGUNG,TUL,,,2024-03-16 23:26:58,2017-04-12,2017,4,NON TITO,,,JAWA TIMUR,0.625,YELLOW,81725974,AREA 3,JATIM,MALANG,TULUNGAGUNG,,,0,0,0,JAWA TIMUR,TULUNGAGUNG,GONDANG,JARAKAN,TULUNG AGUNG
1356649450,,ODP-TUL-FAD/02,-8.069135,111.84896,,,7,9,0,0,16,REGIONAL 5,KEDIRI,TULUNG AGUNG,TUL,,,2024-03-16 23:26:59,2017-04-12,2017,4,NON TITO,,,JAWA TIMUR,0.5625,YELLOW,81725968,AREA 3,JATIM,MALANG,TULUNGAGUNG,,,0,0,0,JAWA TIMUR,TULUNGAGUNG,GONDANG,NGRENDENG,TULUNG AGUNG
2216301485,,ODP-TRE-FM/10,-8.077048,111.710182,,,3,5,0,0,8,REGIONAL 5,KEDIRI,TULUNG AGUNG,TRE,,,2024-03-16 23:24:50,2018-02-07,2018,2,NON TITO,,,JAWA TIMUR,0.625,YELLOW,319595576,AREA 3,JATIM,MADIUN,PONOROGO,,,0,0,0,JAWA TIMUR,TRENGGALEK,TRENGGALEK,KELUTAN,TULUNG AGUNG
2216301579,,ODP-TRE-FM/11,-8.076161,111.707162,,,3,5,0,0,8,REGIONAL 5,KEDIRI,TULUNG AGUNG,TRE,,,2024-03-16 23:25:00,2018-02-07,2018,2,NON TITO,,,JAWA TIMUR,0.625,YELLOW,319595606,AREA 3,JATIM,MADIUN,PONOROGO,,,0,0,0,JAWA TIMUR,TRENGGALEK,TRENGGALEK,KELUTAN,TULUNG AGUNG
1345782644,,ODP-CAT-FG/01,-8.114675,111.85756,,,6,10,0,0,16,REGIONAL 5,KEDIRI,TULUNG AGUNG,CAT,,,2024-03-16 23:28:40,2017-04-06,2017,4,NON TITO,,,JAWA TIMUR,0.625,YELLOW,81702676,AREA 3,JATIM,MALANG,TULUNGAGUNG,,,0,0,0,JAWA TIMUR,TULUNGAGUNG,PAKEL,GEMPOLAN,TULUNG AGUNG
2248172446,,ODP-KWR-FA/50,-8.225573,111.962976,,,2,6,0,0,8,REGIONAL 5,KEDIRI,TULUNG AGUNG,KWR,,,2024-03-16 23:26:42,2018-02-20,2018,2,NON TITO,,,JAWA TIMUR,0.75,YELLOW,319658991,AREA 3,JATIM,MALANG,TULUNGAGUNG,,,0,0,0,JAWA TIMUR,TULUNGAGUNG,KALIDAWIR,REJOSARI,TULUNG AGUNG
2248172456,,ODP-KWR-FA/47,-8.221327,111.943124,,,2,6,0,0,8,REGIONAL 5,KEDIRI,TULUNG AGUNG,KWR,,,2024-03-16 23:26:28,2018-02-20,2018,2,NON TITO,,,JAWA TIMUR,0.75,YELLOW,319658995,AREA 3,JATIM,MALANG,TULUNGAGUNG,,,0,0,0,JAWA TIMUR,TULUNGAGUNG,KALIDAWIR,REJOSARI,TULUNG AGUNG
2248172461,,ODP-KWR-FA/46,-8.221492,111.938259,,,1,6,1,0,8,REGIONAL 5,KEDIRI,TULUNG AGUNG,KWR,,,2024-03-16 23:26:17,2018-02-20,2018,2,NON TITO,,,JAWA TIMUR,0.75,YELLOW,319658999,AREA 3,JATIM,MALANG,TULUNGAGUNG,,,0,0,0,JAWA TIMUR,TULUNGAGUNG,KALIDAWIR,KALIBATUR,TULUNG AGUNG
1345782033,,ODP-CAT-FG/05,-8.118251,111.864702,,,8,8,0,0,16,REGIONAL 5,KEDIRI,TULUNG AGUNG,CAT,,,2024-03-16 23:28:29,2017-04-06,2017,4,NON TITO,,,JAWA TIMUR,0.5,YELLOW,81702439,AREA 3,JATIM,MALANG,TULUNGAGUNG,,,0,0,0,JAWA TIMUR,TULUNGAGUNG,PAKEL,GESIKAN,TULUNG AGUNG
1345782030,,ODP-CAT-FG/04,-8.11494,111.86363,,,2,6,0,0,8,REGIONAL 5,KEDIRI,TULUNG AGUNG,CAT,,,2024-03-16 23:27:20,2017-04-06,2017,4,NON TITO,,,JAWA TIMUR,0.75,YELLOW,81702437,AREA 3,JATIM,MALANG,TULUNGAGUNG,,,0,0,0,JAWA TIMUR,TULUNGAGUNG,PAKEL,GESIKAN,TULUNG AGUNG
2250646904,,ODP-TUL-FK/14,-8.115459,111.941877,,,2,6,0,0,8,REGIONAL 5,KEDIRI,TULUNG AGUNG,TUL,,,2024-03-16 23:23:00,2018-02-20,2018,2,NON TITO,,,JAWA TIMUR,0.75,YELLOW,323892550,AREA 3,JATIM,MALANG,TULUNGAGUNG,,,0,0,0,JAWA TIMUR,TULUNGAGUNG,SUMBERGEMPOL,JUNJUNG,TULUNG AGUNG
1356651685,,ODP-TUL-FAD/04,-8.067013,111.849791,,,2,6,0,0,8,REGIONAL 5,KEDIRI,TULUNG AGUNG,TUL,,,2024-03-16 23:27:48,2017-04-12,2017,4,NON TITO,,,JAWA TIMUR,0.75,YELLOW,81219141,AREA 3,JATIM,MALANG,TULUNGAGUNG,,,0,0,0,JAWA TIMUR,TULUNGAGUNG,GONDANG,NGRENDENG,TULUNG AGUNG
2180294442,,ODP-TUL-FAF/11,-8.041148,111.907876,,,2,6,0,0,8,REGIONAL 5,KEDIRI,TULUNG AGUNG,TUL,,,2024-03-16 23:28:53,2018-02-01,2018,2,NON TITO,,,JAWA TIMUR,0.75,YELLOW,305267845,AREA 3,JATIM,MALANG,TULUNGAGUNG,,,0,0,0,JAWA TIMUR,TULUNGAGUNG,KEDUNGWARU,SIMO,TULUNG AGUNG
2878395018,,ODP-TUL-FY/31,-8.064337,111.960745,,,4,4,0,0,8,REGIONAL 5,KEDIRI,TULUNG AGUNG,TUL,,,2024-03-16 23:26:41,2018-09-06,2018,9,NON TITO,,,JAWA TIMUR,0.5,YELLOW,390023570,AREA 3,JATIM,MALANG,TULUNGAGUNG,,,0,0,0,JAWA TIMUR,TULUNGAGUNG,SUMBERGEMPOL,SAMBIROBYONG,TULUNG AGUNG
7030019487,,ODP-TRE-FV/12,-8.071068,111.706253,,,2,6,0,0,8,REGIONAL 5,KEDIRI,TULUNG AGUNG,TRE,,,2024-03-16 23:23:53,2021-07-05,2021,7,NON TITO,,,JAWA TIMUR,0.75,YELLOW,946621636,AREA 3,JATIM,MADIUN,PONOROGO,,,0,0,0,JAWA TIMUR,TRENGGALEK,TRENGGALEK,KELUTAN,TULUNG AGUNG
2878395185,,ODP-TUL-FY/30,-8.064673,111.964853,,,4,4,0,0,8,REGIONAL 5,KEDIRI,TULUNG AGUNG,TUL,,,2024-03-16 23:26:51,2018-09-06,2018,9,NON TITO,,,JAWA TIMUR,0.5,YELLOW,390024013,AREA 3,JATIM,MALANG,TULUNGAGUNG,,,0,0,0,JAWA TIMUR,TULUNGAGUNG,SUMBERGEMPOL,SAMBIROBYONG,TULUNG AGUNG
9447194660,,ODP-TUL-FAP/80,-8.01134,111.928132,,,7,9,0,0,16,REGIONAL 5,KEDIRI,TULUNG AGUNG,TUL,,,2024-03-16 23:26:57,2022-10-25,2022,10,NON TITO,,,JAWA TIMUR,0.5625,YELLOW,1246065557,AREA 3,JATIM,MALANG,TULUNGAGUNG,,,0,0,0,JAWA TIMUR,TULUNGAGUNG,NGANTRU,NGANTRU,TULUNG AGUNG
9447194655,,ODP-TUL-FAP/67,-8.008527,111.931293,,,3,5,0,0,8,REGIONAL 5,KEDIRI,TULUNG AGUNG,TUL,,,2024-03-16 23:27:22,2022-10-25,2022,10,NON TITO,,,JAWA TIMUR,0.625,YELLOW,1246065554,AREA 3,JATIM,MALANG,TULUNGAGUNG,,,0,0,0,JAWA TIMUR,TULUNGAGUNG,NGANTRU,BENDOSARI,TULUNG AGUNG
9447194645,,ODP-TUL-FAP/62,-8.008199,111.950133,,,2,6,0,0,8,REGIONAL 5,KEDIRI,TULUNG AGUNG,TUL,,,2024-03-16 23:27:22,2022-10-25,2022,10,NON TITO,,,JAWA TIMUR,0.75,YELLOW,1246065545,AREA 3,JATIM,MALANG,TULUNGAGUNG,,,0,0,0,JAWA TIMUR,TULUNGAGUNG,NGANTRU,PULEREJO,TULUNG AGUNG
9447194640,,ODP-TUL-FAP/28,-8.001836,111.923793,,,3,5,0,0,8,REGIONAL 5,KEDIRI,TULUNG AGUNG,TUL,,,2024-03-16 23:26:23,2022-10-25,2022,10,NON TITO,,,JAWA TIMUR,0.625,YELLOW,1246065531,AREA 3,JATIM,MALANG,TULUNGAGUNG,,,0,0,0,JAWA TIMUR,TULUNGAGUNG,NGANTRU,NGANTRU,TULUNG AGUNG
9447194610,,ODP-TUL-FAP/58,-7.981716,111.940828,,,4,4,0,0,8,REGIONAL 5,KEDIRI,TULUNG AGUNG,TUL,,,2024-03-16 23:27:18,2022-10-25,2022,10,NON TITO,,,JAWA TIMUR,0.5,YELLOW,1246065495,AREA 3,JATIM,MALANG,TULUNGAGUNG,,,0,0,0,JAWA TIMUR,TULUNGAGUNG,NGANTRU,KEPUHREJO,TULUNG AGUNG
9447194595,,ODP-TUL-FAP/71,-8.015395,111.925993,,,8,8,0,0,16,REGIONAL 5,KEDIRI,TULUNG AGUNG,TUL,,,2024-03-16 23:26:21,2022-10-25,2022,10,NON TITO,,,JAWA TIMUR,0.5,YELLOW,1246065471,AREA 3,JATIM,MALANG,TULUNGAGUNG,,,0,0,0,JAWA TIMUR,TULUNGAGUNG,NGANTRU,NGANTRU,TULUNG AGUNG
9447194575,,ODP-TUL-FAP/65,-8.003837,111.935942,,,8,8,0,0,16,REGIONAL 5,KEDIRI,TULUNG AGUNG,TUL,,,2024-03-16 23:27:12,2022-10-25,2022,10,NON TITO,,,JAWA TIMUR,0.5,YELLOW,1246065447,AREA 3,JATIM,MALANG,TULUNGAGUNG,,,0,0,0,JAWA TIMUR,TULUNGAGUNG,NGANTRU,PULEREJO,TULUNG AGUNG
9447194570,,ODP-TUL-FAP/57,-7.974754,111.943591,,,2,6,0,0,8,REGIONAL 5,KEDIRI,TULUNG AGUNG,TUL,,,2024-03-16 23:26:31,2022-10-25,2022,10,NON TITO,,,JAWA TIMUR,0.75,YELLOW,1246065441,AREA 3,JATIM,MALANG,TULUNGAGUNG,,,0,0,0,JAWA TIMUR,TULUNGAGUNG,NGANTRU,POJOK,TULUNG AGUNG
9447194555,,ODP-TUL-FAP/29,-8.003989,111.924147,,,2,6,0,0,8,REGIONAL 5,KEDIRI,TULUNG AGUNG,TUL,,,2024-03-16 23:27:13,2022-10-25,2022,10,NON TITO,,,JAWA TIMUR,0.75,YELLOW,1246065409,AREA 3,JATIM,MALANG,TULUNGAGUNG,,,0,0,0,JAWA TIMUR,TULUNGAGUNG,NGANTRU,NGANTRU,TULUNG AGUNG
9447194525,,ODP-TUL-FAP/70,-8.020209,111.923391,,,9,7,0,0,16,REGIONAL 5,KEDIRI,TULUNG AGUNG,TUL,,,2024-03-16 23:27:08,2022-10-25,2022,10,NON TITO,,,JAWA TIMUR,0.4375,YELLOW,1246065296,AREA 3,JATIM,MALANG,TULUNGAGUNG,,,0,0,0,JAWA TIMUR,TULUNGAGUNG,KEDUNGWARU,NGUJANG,TULUNG AGUNG
9447194520,,ODP-TUL-FAP/79,-8.012268,111.927653,,,7,9,0,0,16,REGIONAL 5,KEDIRI,TULUNG AGUNG,TUL,,,2024-03-16 23:27:01,2022-10-25,2022,10,NON TITO,,,JAWA TIMUR,0.5625,YELLOW,1246065284,AREA 3,JATIM,MALANG,TULUNGAGUNG,,,0,0,0,JAWA TIMUR,TULUNGAGUNG,NGANTRU,NGANTRU,TULUNG AGUNG
9450570392,,ODP-NGU-FK/15,-8.102082,112.007811,,,3,5,0,0,8,REGIONAL 5,KEDIRI,TULUNG AGUNG,NGU,,,2024-03-16 23:27:41,2022-10-25,2022,10,NON TITO,,,JAWA TIMUR,0.625,YELLOW,1246065251,AREA 3,JATIM,MALANG,TULUNGAGUNG,,,0,0,0,JAWA TIMUR,TULUNGAGUNG,NGUNUT,NGUNUT,TULUNG AGUNG
9448319102,,ODP-TRE-FM/74,-8.0703,111.714515,,,4,4,0,0,8,REGIONAL 5,KEDIRI,TULUNG AGUNG,TRE,,,2024-03-16 23:22:18,2022-10-21,2022,10,NON TITO,,,JAWA TIMUR,0.5,YELLOW,1244474743,AREA 3,JATIM,MADIUN,PONOROGO,,,0,0,0,JAWA TIMUR,TRENGGALEK,TRENGGALEK,SAMBIREJO,TULUNG AGUNG
9432045181,,ODP-TUL-FBA/36,-8.006613,111.888673,,,4,4,0,0,8,REGIONAL 5,KEDIRI,TULUNG AGUNG,TUL,,,2024-03-16 23:22:19,2022-10-20,2022,10,NON TITO,,,JAWA TIMUR,0.5,YELLOW,1241696713,AREA 3,JATIM,MALANG,TULUNGAGUNG,,,0,0,0,JAWA TIMUR,TULUNGAGUNG,KARANGREJO,TANJUNGSARI,TULUNG AGUNG
9411269687,,ODP-KWR-FA/74,-8.226716,111.911439,,,8,8,0,0,16,REGIONAL 5,KEDIRI,TULUNG AGUNG,KWR,,,2024-03-16 23:27:16,2022-10-17,2022,10,NON TITO,,,JAWA TIMUR,0.5,YELLOW,1241340399,AREA 3,JATIM,MALANG,TULUNGAGUNG,,,0,0,0,JAWA TIMUR,TULUNGAGUNG,TANGGUNG GUNUNG,KRESIKAN,TULUNG AGUNG
9410519792,,ODP-TUL-FAP/40,-7.977901,111.946287,,,8,8,0,0,16,REGIONAL 5,KEDIRI,TULUNG AGUNG,TUL,,,2024-03-16 23:27:48,2022-10-17,2022,10,NON TITO,,,JAWA TIMUR,0.5,YELLOW,1241339863,AREA 3,JATIM,MALANG,TULUNGAGUNG,,,0,0,0,JAWA TIMUR,TULUNGAGUNG,NGANTRU,POJOK,TULUNG AGUNG
9410519782,,ODP-TUL-FAP/46,-7.990652,111.93934,,,2,6,0,0,8,REGIONAL 5,KEDIRI,TULUNG AGUNG,TUL,,,2024-03-16 23:27:42,2022-10-17,2022,10,NON TITO,,,JAWA TIMUR,0.75,YELLOW,1241339857,AREA 3,JATIM,MALANG,TULUNGAGUNG,,,0,0,0,JAWA TIMUR,TULUNGAGUNG,NGANTRU,KEPUHREJO,TULUNG AGUNG
9410519760,,ODP-TUL-FAP/44,-7.988418,111.94055,,,6,10,0,0,16,REGIONAL 5,KEDIRI,TULUNG AGUNG,TUL,,,2024-03-16 23:27:55,2022-10-17,2022,10,NON TITO,,,JAWA TIMUR,0.625,YELLOW,1241339835,AREA 3,JATIM,MALANG,TULUNGAGUNG,,,0,0,0,JAWA TIMUR,TULUNGAGUNG,NGANTRU,KEPUHREJO,TULUNG AGUNG
9410519755,,ODP-TUL-FAP/43,-7.986413,111.941641,,,4,12,0,0,16,REGIONAL 5,KEDIRI,TULUNG AGUNG,TUL,,,2024-03-16 23:28:22,2022-10-17,2022,10,NON TITO,,,JAWA TIMUR,0.75,YELLOW,1241339829,AREA 3,JATIM,MALANG,TULUNGAGUNG,,,0,0,0,JAWA TIMUR,TULUNGAGUNG,NGANTRU,KEPUHREJO,TULUNG AGUNG
9447194670,,ODP-TUL-FAP/34,-8.010894,111.925173,,,2,6,0,0,8,REGIONAL 5,KEDIRI,TULUNG AGUNG,TUL,,,2024-03-16 23:27:06,2022-10-25,2022,10,NON TITO,,,JAWA TIMUR,0.75,YELLOW,1246065589,AREA 3,JATIM,MALANG,TULUNGAGUNG,,,0,0,0,JAWA TIMUR,TULUNGAGUNG,NGANTRU,NGANTRU,TULUNG AGUNG
9410519740,,ODP-TUL-FAP/38,-7.974126,111.947872,,,3,5,0,0,8,REGIONAL 5,KEDIRI,TULUNG AGUNG,TUL,,,2024-03-16 23:27:39,2022-10-17,2022,10,NON TITO,,,JAWA TIMUR,0.625,YELLOW,1241339810,AREA 3,JATIM,MALANG,TULUNGAGUNG,,,0,0,0,JAWA TIMUR,TULUNGAGUNG,NGANTRU,POJOK,TULUNG AGUNG
9447194680,,ODP-TUL-FAP/60,-7.977804,111.9421,,,3,5,0,0,8,REGIONAL 5,KEDIRI,TULUNG AGUNG,TUL,,,2024-03-16 23:26:21,2022-10-25,2022,10,NON TITO,,,JAWA TIMUR,0.625,YELLOW,1246065604,AREA 3,JATIM,MALANG,TULUNGAGUNG,,,0,0,0,JAWA TIMUR,TULUNGAGUNG,NGANTRU,POJOK,TULUNG AGUNG
9447194695,,ODP-TUL-FAP/66,-8.004196,111.93201,,,5,11,0,0,16,REGIONAL 5,KEDIRI,TULUNG AGUNG,TUL,,,2024-03-16 23:27:10,2022-10-25,2022,10,NON TITO,,,JAWA TIMUR,0.6875,YELLOW,1246065618,AREA 3,JATIM,MALANG,TULUNGAGUNG,,,0,0,0,JAWA TIMUR,TULUNGAGUNG,NGANTRU,NGANTRU,TULUNG AGUNG
9754695572,,ODP-TUL-FBA/37,-8.004614,111.903367,,,4,4,0,0,8,REGIONAL 5,KEDIRI,TULUNG AGUNG,TUL,,,2024-03-16 23:23:54,2023-01-19,2023,1,NON TITO,,,JAWA TIMUR,0.5,YELLOW,1262577870,AREA 3,JATIM,MALANG,TULUNGAGUNG,,,0,0,0,JAWA TIMUR,TULUNGAGUNG,KARANGREJO,SEMBON,TULUNG AGUNG
9735120082,,ODP-CAT-FA/70,-8.166629,111.835459,,,3,5,0,0,8,REGIONAL 5,KEDIRI,TULUNG AGUNG,CAT,,,2024-03-16 23:26:27,2023-01-13,2023,1,NON TITO,,,JAWA TIMUR,0.625,YELLOW,1261899963,AREA 3,JATIM,MALANG,TULUNGAGUNG,,,0,0,0,JAWA TIMUR,TULUNGAGUNG,PAKEL,NGEBONG,TULUNG AGUNG
9736919092,,ODP-PRI-FB/118,-8.274262,111.715568,,,4,4,0,0,8,REGIONAL 5,KEDIRI,TULUNG AGUNG,PRI,,,2024-03-16 23:25:31,2023-01-13,2023,1,NON TITO,,,JAWA TIMUR,0.5,YELLOW,1261824441,AREA 3,JATIM,MADIUN,PONOROGO,,,0,0,0,JAWA TIMUR,TRENGGALEK,WATULIMO,MARGOMULYO,TULUNG AGUNG
9676246014,,ODP-NGU-FB/40,-8.154239,112.049311,,,3,5,0,0,8,REGIONAL 5,KEDIRI,TULUNG AGUNG,NGU,,,2024-03-16 23:28:15,2022-12-23,2022,12,NON TITO,,,JAWA TIMUR,0.625,YELLOW,1256512232,AREA 3,JATIM,MALANG,TULUNGAGUNG,,,0,0,0,JAWA TIMUR,TULUNGAGUNG,REJOTANGAN,SUKOREJO WETAN,TULUNG AGUNG
9706697087,,ODP-TUL-FW/37,-8.064869,111.899573,,,3,5,0,0,8,REGIONAL 5,KEDIRI,TULUNG AGUNG,TUL,,,2024-03-16 23:26:41,2022-12-29,2022,12,NON TITO,,,JAWA TIMUR,0.625,YELLOW,1253884351,AREA 3,JATIM,MALANG,TULUNGAGUNG,,,0,0,0,JAWA TIMUR,TULUNGAGUNG,TULUNGAGUNG,KAUMAN,TULUNG AGUNG
9678569095,,ODP-TUL-FAJ/72,-8.044039,111.870968,,,4,4,0,0,8,REGIONAL 5,KEDIRI,TULUNG AGUNG,TUL,,,2024-03-16 23:24:49,2022-12-16,2022,12,NON TITO,,,JAWA TIMUR,0.5,YELLOW,1253646911,AREA 3,JATIM,MALANG,TULUNGAGUNG,,,0,0,0,JAWA TIMUR,TULUNGAGUNG,KAUMAN,MOJOSARI,TULUNG AGUNG
9601021425,,ODP-TRE-FG/62,-8.040137,111.708064,,,3,5,0,0,8,REGIONAL 5,KEDIRI,TULUNG AGUNG,TRE,,,2024-03-16 23:28:07,2022-12-02,2022,12,NON TITO,,,JAWA TIMUR,0.625,YELLOW,1252681008,AREA 3,JATIM,MADIUN,PONOROGO,,,0,0,0,JAWA TIMUR,TRENGGALEK,TRENGGALEK,SURODAKAN,TULUNG AGUNG
9550618976,,ODP-TUL-FAM/43,-8.031165,111.875166,,,4,4,0,0,8,REGIONAL 5,KEDIRI,TULUNG AGUNG,TUL,,,2024-03-16 23:27:23,2022-11-21,2022,11,NON TITO,,,JAWA TIMUR,0.5,YELLOW,1251093173,AREA 3,JATIM,MALANG,TULUNGAGUNG,,,0,0,0,JAWA TIMUR,TULUNGAGUNG,KAUMAN,JATIMULYO,TULUNG AGUNG
9512148907,,ODP-TUL-FY/68,-8.062693,111.963072,,,2,6,0,0,8,REGIONAL 5,KEDIRI,TULUNG AGUNG,TUL,,,2024-03-16 23:22:38,2022-11-17,2022,11,NON TITO,,,JAWA TIMUR,0.75,YELLOW,1250996060,AREA 3,JATIM,MALANG,TULUNGAGUNG,,,0,0,0,JAWA TIMUR,TULUNGAGUNG,SUMBERGEMPOL,SAMBIROBYONG,TULUNG AGUNG
9546119498,,ODP-TUL-FX/36,-8.059246,111.856678,,,2,6,0,0,8,REGIONAL 5,KEDIRI,TULUNG AGUNG,TUL,,,2024-03-16 23:24:25,2022-11-17,2022,11,NON TITO,,,JAWA TIMUR,0.75,YELLOW,1250923045,AREA 3,JATIM,MALANG,TULUNGAGUNG,,,0,0,0,JAWA TIMUR,TULUNGAGUNG,KAUMAN,BOLOREJO,TULUNG AGUNG
9526544007,,ODP-PRI-FB/117,-8.267738,111.718544,,,2,6,0,0,8,REGIONAL 5,KEDIRI,TULUNG AGUNG,PRI,,,2024-03-16 23:26:46,2022-11-10,2022,11,NON TITO,,,JAWA TIMUR,0.75,YELLOW,1249436246,AREA 3,JATIM,MADIUN,PONOROGO,,,0,0,0,JAWA TIMUR,TRENGGALEK,WATULIMO,PRIGI,TULUNG AGUNG
9513944464,,ODP-NGU-FH/36,-8.084314000000001,111.970277,,,2,6,0,0,8,REGIONAL 5,KEDIRI,TULUNG AGUNG,NGU,,,2024-03-16 23:29:01,2022-11-03,2022,11,NON TITO,,,JAWA TIMUR,0.75,YELLOW,1248310473,AREA 3,JATIM,MALANG,TULUNGAGUNG,,,0,0,0,JAWA TIMUR,TULUNGAGUNG,NGUNUT,NGUNUT,TULUNG AGUNG
9489193748,,ODP-TUL-FAE/05,-7.970105,111.911007,,,2,6,0,0,8,REGIONAL 5,KEDIRI,TULUNG AGUNG,TUL,,,2024-03-16 23:22:58,2022-10-31,2022,10,NON TITO,,,JAWA TIMUR,0.75,YELLOW,1248000653,AREA 3,JATIM,MALANG,TULUNGAGUNG,,,0,0,0,JAWA TIMUR,TULUNGAGUNG,KARANGREJO,TULUNGREJO,TULUNG AGUNG
9492193701,,ODP-TRE-FN/46,-8.095179,111.746103,,,6,10,0,0,16,REGIONAL 5,KEDIRI,TULUNG AGUNG,TRE,,,2024-03-16 23:21:08,2022-10-31,2022,10,NON TITO,,,JAWA TIMUR,0.625,YELLOW,1247999247,AREA 3,JATIM,MADIUN,PONOROGO,,,0,0,0,JAWA TIMUR,TRENGGALEK,POGALAN,BENDOREJO,TULUNG AGUNG
9471569707,,ODP-TUL-FAM/42,-8.022837,111.859571,,,2,6,0,0,8,REGIONAL 5,KEDIRI,TULUNG AGUNG,TUL,,,2024-03-16 23:29:08,2022-10-28,2022,10,NON TITO,,,JAWA TIMUR,0.75,YELLOW,1246086860,AREA 3,JATIM,MALANG,TULUNGAGUNG,,,0,0,0,JAWA TIMUR,TULUNGAGUNG,KAUMAN,KATES,TULUNG AGUNG
9471269078,,ODP-DRN-FB/73,-8.10596,111.800536,,,2,6,0,0,8,REGIONAL 5,KEDIRI,TULUNG AGUNG,DRN,,,2024-03-16 23:26:57,2022-10-28,2022,10,NON TITO,,,JAWA TIMUR,0.75,YELLOW,1246086090,AREA 3,JATIM,MADIUN,PONOROGO,,,0,0,0,JAWA TIMUR,TRENGGALEK,DURENAN,SEMARUM,TULUNG AGUNG
9447194740,,ODP-TUL-FAP/21,-7.987261,111.92359,,,2,6,0,0,8,REGIONAL 5,KEDIRI,TULUNG AGUNG,TUL,,,2024-03-16 23:26:59,2022-10-25,2022,10,NON TITO,,,JAWA TIMUR,0.75,YELLOW,1246065676,AREA 3,JATIM,MALANG,TULUNGAGUNG,,,0,0,0,JAWA TIMUR,TULUNGAGUNG,NGANTRU,BATOKAN,TULUNG AGUNG
9447194730,,ODP-TUL-FAP/76,-8.01382,111.926832,,,6,10,0,0,16,REGIONAL 5,KEDIRI,TULUNG AGUNG,TUL,,,2024-03-16 23:26:21,2022-10-25,2022,10,NON TITO,,,JAWA TIMUR,0.625,YELLOW,1246065661,AREA 3,JATIM,MALANG,TULUNGAGUNG,,,0,0,0,JAWA TIMUR,TULUNGAGUNG,NGANTRU,NGANTRU,TULUNG AGUNG
9447194710,,ODP-TUL-FAP/30,-8.004848,111.924289,,,4,4,0,0,8,REGIONAL 5,KEDIRI,TULUNG AGUNG,TUL,,,2024-03-16 23:21:05,2022-10-25,2022,10,NON TITO,,,JAWA TIMUR,0.5,YELLOW,1246065633,AREA 3,JATIM,MALANG,TULUNGAGUNG,,,0,0,0,JAWA TIMUR,TULUNGAGUNG,NGANTRU,NGANTRU,TULUNG AGUNG
9447194690,,ODP-TUL-FAP/77,-8.016253,111.925542,,,4,11,1,0,16,REGIONAL 5,KEDIRI,TULUNG AGUNG,TUL,,,2024-03-16 23:27:07,2022-10-25,2022,10,NON TITO,,,JAWA TIMUR,0.6875,YELLOW,1246065615,AREA 3,JATIM,MALANG,TULUNGAGUNG,,,0,0,0,JAWA TIMUR,TULUNGAGUNG,NGANTRU,NGANTRU,TULUNG AGUNG
9410220169,,ODP-TUL-FBA/23,-8.000499,111.897382,,,2,6,0,0,8,REGIONAL 5,KEDIRI,TULUNG AGUNG,TUL,,,2024-03-16 23:27:08,2022-10-14,2022,10,NON TITO,,,JAWA TIMUR,0.75,YELLOW,1241325710,AREA 3,JATIM,MALANG,TULUNGAGUNG,,,0,0,0,JAWA TIMUR,TULUNGAGUNG,KARANGREJO,GEDANGAN,TULUNG AGUNG
9410220152,,ODP-TUL-FBA/24,-8.001066,111.898072,,,3,5,0,0,8,REGIONAL 5,KEDIRI,TULUNG AGUNG,TUL,,,2024-03-16 23:27:00,2022-10-14,2022,10,NON TITO,,,JAWA TIMUR,0.625,YELLOW,1241325686,AREA 3,JATIM,MALANG,TULUNGAGUNG,,,0,0,0,JAWA TIMUR,TULUNGAGUNG,KARANGREJO,GEDANGAN,TULUNG AGUNG
9410220147,,ODP-TUL-FBA/20,-8.006074,111.888744,,,6,10,0,0,16,REGIONAL 5,KEDIRI,TULUNG AGUNG,TUL,,,2024-03-16 23:26:56,2022-10-14,2022,10,NON TITO,,,JAWA TIMUR,0.625,YELLOW,1241325683,AREA 3,JATIM,MALANG,TULUNGAGUNG,,,0,0,0,JAWA TIMUR,TULUNGAGUNG,KARANGREJO,TANJUNGSARI,TULUNG AGUNG
9050521131,,ODP-TUL-FZ/92,-8.072265,111.912708,,,8,8,0,0,16,REGIONAL 5,KEDIRI,TULUNG AGUNG,TUL,,,2024-03-16 23:23:20,2022-07-29,2022,7,NON TITO,,,JAWA TIMUR,0.5,YELLOW,1203860383,AREA 3,JATIM,MALANG,TULUNGAGUNG,,,0,0,0,JAWA TIMUR,TULUNGAGUNG,TULUNGAGUNG,BAGO,TULUNG AGUNG
9047669637,,ODP-TRE-FF/40,-8.088843,111.700439,,,2,6,0,0,8,REGIONAL 5,KEDIRI,TULUNG AGUNG,TRE,,,2024-03-16 23:22:41,2022-07-27,2022,7,NON TITO,,,JAWA TIMUR,0.75,YELLOW,1203844868,AREA 3,JATIM,MADIUN,PONOROGO,,,0,0,0,JAWA TIMUR,TRENGGALEK,KARANGAN,JATIPRAHU,TULUNG AGUNG
9047669630,,ODP-TRE-FF/41,-8.089618,111.700133,,,7,9,0,0,16,REGIONAL 5,KEDIRI,TULUNG AGUNG,TRE,,,2024-03-16 23:22:29,2022-07-27,2022,7,NON TITO,,,JAWA TIMUR,0.5625,YELLOW,1203844864,AREA 3,JATIM,MADIUN,PONOROGO,,,0,0,0,JAWA TIMUR,TRENGGALEK,KARANGAN,JATIPRAHU,TULUNG AGUNG
9047669625,,ODP-TRE-FF/39,-8.088907,111.701001,,,4,4,0,0,8,REGIONAL 5,KEDIRI,TULUNG AGUNG,TRE,,,2024-03-16 23:22:37,2022-07-27,2022,7,NON TITO,,,JAWA TIMUR,0.5,YELLOW,1203844861,AREA 3,JATIM,MADIUN,PONOROGO,,,0,0,0,JAWA TIMUR,TRENGGALEK,KARANGAN,JATIPRAHU,TULUNG AGUNG
9047669526,,ODP-NGU-FG/18,-8.138071,112.105475,,,3,5,0,0,8,REGIONAL 5,KEDIRI,TULUNG AGUNG,NGU,,,2024-03-16 23:22:34,2022-07-27,2022,7,NON TITO,,,JAWA TIMUR,0.625,YELLOW,1203844722,AREA 3,JATIM,MALANG,TULUNGAGUNG,,,0,0,0,JAWA TIMUR,TULUNGAGUNG,REJOTANGAN,SUMBERAGUNG,TULUNG AGUNG
9050519819,,ODP-TUL-FF/64,-8.082789,111.925933,,,4,4,0,0,8,REGIONAL 5,KEDIRI,TULUNG AGUNG,TUL,,,2024-03-16 23:22:41,2022-07-27,2022,7,NON TITO,,,JAWA TIMUR,0.5,YELLOW,1203840133,AREA 3,JATIM,MALANG,TULUNGAGUNG,,,0,0,0,JAWA TIMUR,TULUNGAGUNG,BOYOLANGU,TANJUNGSARI,TULUNG AGUNG
9020745739,,ODP-TRE-FN/44,-8.122235,111.763583,,,3,5,0,0,8,REGIONAL 5,KEDIRI,TULUNG AGUNG,TRE,,,2024-03-16 23:28:33,2022-07-21,2022,7,NON TITO,,,JAWA TIMUR,0.625,YELLOW,1202096578,AREA 3,JATIM,MADIUN,PONOROGO,,,0,0,0,JAWA TIMUR,TRENGGALEK,GANDUSARI,SUKORAME,TULUNG AGUNG
8920844827,,ODP-TUL-FY/67,-8.057698,111.950623,,,4,4,0,0,8,REGIONAL 5,KEDIRI,TULUNG AGUNG,TUL,,,2024-03-16 23:25:07,2022-06-29,2022,6,NON TITO,,,JAWA TIMUR,0.5,YELLOW,1188969318,AREA 3,JATIM,MALANG,TULUNGAGUNG,,,0,0,0,JAWA TIMUR,TULUNGAGUNG,KEDUNGWARU,LODERESAN,TULUNG AGUNG
8897369129,,ODP-TUL-FA/160,-8.045219,111.913787,,,3,5,0,0,8,REGIONAL 5,KEDIRI,TULUNG AGUNG,TUL,,,2024-03-16 23:26:40,2022-06-20,2022,6,NON TITO,,,JAWA TIMUR,0.625,YELLOW,1185316256,AREA 3,JATIM,MALANG,TULUNGAGUNG,,,0,0,0,JAWA TIMUR,TULUNGAGUNG,KEDUNGWARU,REJOAGUNG,TULUNG AGUNG
8894594795,,ODP-PRI-FB/113,-8.280125,111.724118,,,3,5,0,0,8,REGIONAL 5,KEDIRI,TULUNG AGUNG,PRI,,,2024-03-16 23:28:40,2022-06-20,2022,6,NON TITO,,,JAWA TIMUR,0.625,YELLOW,1185313882,AREA 3,JATIM,MADIUN,PONOROGO,,,0,0,0,JAWA TIMUR,TRENGGALEK,WATULIMO,PRIGI,TULUNG AGUNG
8895194874,,ODP-DRN-FC/47,-8.133941,111.804526,,,4,4,0,0,8,REGIONAL 5,KEDIRI,TULUNG AGUNG,DRN,,,2024-03-16 23:23:37,2022-06-17,2022,6,NON TITO,,,JAWA TIMUR,0.5,YELLOW,1185294218,AREA 3,JATIM,MADIUN,PONOROGO,,,0,0,0,JAWA TIMUR,TRENGGALEK,DURENAN,NGADISUKO,TULUNG AGUNG
8874418718,,ODP-TUL-FA/157,-8.02243,111.924183,,,3,5,0,0,8,REGIONAL 5,KEDIRI,TULUNG AGUNG,TUL,,,2024-03-16 23:28:07,2022-06-13,2022,6,NON TITO,,,JAWA TIMUR,0.625,YELLOW,1184808040,AREA 3,JATIM,MALANG,TULUNGAGUNG,,,0,0,0,JAWA TIMUR,TULUNGAGUNG,KEDUNGWARU,TAPAN,TULUNG AGUNG
8874418713,,ODP-TUL-FA/159,-8.023299,111.923596,,,2,6,0,0,8,REGIONAL 5,KEDIRI,TULUNG AGUNG,TUL,,,2024-03-16 23:28:25,2022-06-13,2022,6,NON TITO,,,JAWA TIMUR,0.75,YELLOW,1184808037,AREA 3,JATIM,MALANG,TULUNGAGUNG,,,0,0,0,JAWA TIMUR,TULUNGAGUNG,KEDUNGWARU,TAPAN,TULUNG AGUNG
8866920685,,ODP-TUL-FY/59,-8.049131,111.94998,,,3,5,0,0,8,REGIONAL 5,KEDIRI,TULUNG AGUNG,TUL,,,2024-03-16 23:28:35,2022-06-10,2022,6,NON TITO,,,JAWA TIMUR,0.625,YELLOW,1184790274,AREA 3,JATIM,MALANG,TULUNGAGUNG,,,0,0,0,JAWA TIMUR,TULUNGAGUNG,KEDUNGWARU,BULUSARI,TULUNG AGUNG
8866920680,,ODP-TUL-FY/55,-8.055332,111.94262,,,3,5,0,0,8,REGIONAL 5,KEDIRI,TULUNG AGUNG,TUL,,,2024-03-16 23:28:33,2022-06-10,2022,6,NON TITO,,,JAWA TIMUR,0.625,YELLOW,1184790271,AREA 3,JATIM,MALANG,TULUNGAGUNG,,,0,0,0,JAWA TIMUR,TULUNGAGUNG,KEDUNGWARU,BULUSARI,TULUNG AGUNG
8866920650,,ODP-TUL-FY/62,-8.054434,111.949466,,,4,4,0,0,8,REGIONAL 5,KEDIRI,TULUNG AGUNG,TUL,,,2024-03-16 23:28:00,2022-06-10,2022,6,NON TITO,,,JAWA TIMUR,0.5,YELLOW,1184790249,AREA 3,JATIM,MALANG,TULUNGAGUNG,,,0,0,0,JAWA TIMUR,TULUNGAGUNG,KEDUNGWARU,BULUSARI,TULUNG AGUNG
8870219171,,ODP-TUL-FAQ/18,-8.059623,111.909964,,,4,4,0,0,8,REGIONAL 5,KEDIRI,TULUNG AGUNG,TUL,,,2024-03-16 23:26:21,2022-06-09,2022,6,NON TITO,,,JAWA TIMUR,0.5,YELLOW,1184778380,AREA 3,JATIM,MALANG,TULUNGAGUNG,,,0,0,0,JAWA TIMUR,TULUNGAGUNG,KEDUNGWARU,KEDUNGWARU,TULUNG AGUNG
8860918832,,ODP-DRN-FB/71,-8.098807,111.816876,,,4,4,0,0,8,REGIONAL 5,KEDIRI,TULUNG AGUNG,DRN,,,2024-03-16 23:26:20,2022-06-08,2022,6,NON TITO,,,JAWA TIMUR,0.5,YELLOW,1184769590,AREA 3,JATIM,MADIUN,PONOROGO,,,0,0,0,JAWA TIMUR,TRENGGALEK,DURENAN,KAMULAN,TULUNG AGUNG
8848918862,,ODP-DRN-FA/77,-8.118786,111.802506,,,3,5,0,0,8,REGIONAL 5,KEDIRI,TULUNG AGUNG,DRN,,,2024-03-16 23:23:10,2022-06-07,2022,6,NON TITO,,,JAWA TIMUR,0.625,YELLOW,1183398267,AREA 3,JATIM,MADIUN,PONOROGO,,,0,0,0,JAWA TIMUR,TRENGGALEK,DURENAN,SEMARUM,TULUNG AGUNG
9062519964,,ODP-CAT-FA/68,-8.166778,111.845181,,,3,5,0,0,8,REGIONAL 5,KEDIRI,TULUNG AGUNG,CAT,,,2024-03-16 23:25:20,2022-08-01,2022,8,NON TITO,,,JAWA TIMUR,0.625,YELLOW,1203879392,AREA 3,JATIM,MALANG,TULUNGAGUNG,,,0,0,0,JAWA TIMUR,TULUNGAGUNG,CAMPURDARAT,CAMPURDARAT,TULUNG AGUNG
9062519969,,ODP-CAT-FA/67,-8.166379,111.825756,,,2,6,0,0,8,REGIONAL 5,KEDIRI,TULUNG AGUNG,CAT,,,2024-03-16 23:25:55,2022-08-01,2022,8,NON TITO,,,JAWA TIMUR,0.75,YELLOW,1203879395,AREA 3,JATIM,MALANG,TULUNGAGUNG,,,0,0,0,JAWA TIMUR,TULUNGAGUNG,PAKEL,SODO,TULUNG AGUNG
9096868763,,ODP-TUL-FAK/37,-7.968048,111.854199,,,8,8,0,0,16,REGIONAL 5,KEDIRI,TULUNG AGUNG,TUL,,,2024-03-16 23:24:45,2022-08-08,2022,8,NON TITO,,,JAWA TIMUR,0.5,YELLOW,1206156076,AREA 3,JATIM,MALANG,TULUNGAGUNG,,,0,0,0,JAWA TIMUR,TULUNGAGUNG,SENDANG,TUGU,TULUNG AGUNG
9123943651,,ODP-DRN-FB/72,-8.096332,111.832227,,,3,5,0,0,8,REGIONAL 5,KEDIRI,TULUNG AGUNG,DRN,,,2024-03-16 23:22:49,2022-08-16,2022,8,NON TITO,,,JAWA TIMUR,0.625,YELLOW,1206974791,AREA 3,JATIM,MADIUN,PONOROGO,,,0,0,0,JAWA TIMUR,TRENGGALEK,DURENAN,BARUHARJO,TULUNG AGUNG
9410220103,,ODP-TUL-FBA/22,-8.001931,111.889046,,,9,7,0,0,16,REGIONAL 5,KEDIRI,TULUNG AGUNG,TUL,,,2024-03-16 23:26:57,2022-10-14,2022,10,NON TITO,,,JAWA TIMUR,0.4375,YELLOW,1241325658,AREA 3,JATIM,MALANG,TULUNGAGUNG,,,0,0,0,JAWA TIMUR,TULUNGAGUNG,KARANGREJO,TANJUNGSARI,TULUNG AGUNG
9410220076,,ODP-TUL-FBA/31,-8.013329,111.901228,,,5,11,0,0,16,REGIONAL 5,KEDIRI,TULUNG AGUNG,TUL,,,2024-03-16 23:26:57,2022-10-14,2022,10,NON TITO,,,JAWA TIMUR,0.6875,YELLOW,1241325597,AREA 3,JATIM,MALANG,TULUNGAGUNG,,,0,0,0,JAWA TIMUR,TULUNGAGUNG,KARANGREJO,SEMBON,TULUNG AGUNG
9410220071,,ODP-TUL-FBA/27,-8.006199,111.906358,,,2,6,0,0,8,REGIONAL 5,KEDIRI,TULUNG AGUNG,TUL,,,2024-03-16 23:26:58,2022-10-14,2022,10,NON TITO,,,JAWA TIMUR,0.75,YELLOW,1241325570,AREA 3,JATIM,MALANG,TULUNGAGUNG,,,0,0,0,JAWA TIMUR,TULUNGAGUNG,KARANGREJO,SEMBON,TULUNG AGUNG
9364694722,,ODP-NGU-FL/20,-8.097633,111.96341,,,8,8,0,0,16,REGIONAL 5,KEDIRI,TULUNG AGUNG,NGU,,,2024-03-16 23:25:28,2022-10-05,2022,10,NON TITO,,,JAWA TIMUR,0.5,YELLOW,1230083799,AREA 3,JATIM,MALANG,TULUNGAGUNG,,,0,0,0,JAWA TIMUR,TULUNGAGUNG,SUMBERGEMPOL,BENDILJATI KULON,TULUNG AGUNG
9340396679,,ODP-NGU-FG/19,-8.121323,112.081467,,,8,8,0,0,16,REGIONAL 5,KEDIRI,TULUNG AGUNG,NGU,,,2024-03-16 23:25:28,2022-09-30,2022,9,NON TITO,,,JAWA TIMUR,0.5,YELLOW,1228525032,AREA 3,JATIM,MALANG,TULUNGAGUNG,,,0,0,0,JAWA TIMUR,TULUNGAGUNG,REJOTANGAN,REJOTANGAN,TULUNG AGUNG
9340393796,,ODP-TUL-FK/28,-8.106739,111.941264,,,4,4,0,0,8,REGIONAL 5,KEDIRI,TULUNG AGUNG,TUL,,,2024-03-16 23:25:30,2022-09-27,2022,9,NON TITO,,,JAWA TIMUR,0.5,YELLOW,1228499392,AREA 3,JATIM,MALANG,TULUNGAGUNG,,,0,0,0,JAWA TIMUR,TULUNGAGUNG,SUMBERGEMPOL,TAMBAKREJO,TULUNG AGUNG
9261419194,,ODP-TUL-FAM/34,-8.032791,111.867489,,,4,12,0,0,16,REGIONAL 5,KEDIRI,TULUNG AGUNG,TUL,,,2024-03-16 23:29:08,2022-09-12,2022,9,NON TITO,,,JAWA TIMUR,0.75,YELLOW,1225948425,AREA 3,JATIM,MALANG,TULUNGAGUNG,,,0,0,0,JAWA TIMUR,TULUNGAGUNG,KAUMAN,BANARAN,TULUNG AGUNG
9261419179,,ODP-TUL-FAM/27,-8.027381,111.890344,,,8,8,0,0,16,REGIONAL 5,KEDIRI,TULUNG AGUNG,TUL,,,2024-03-16 23:28:50,2022-09-12,2022,9,NON TITO,,,JAWA TIMUR,0.5,YELLOW,1225948415,AREA 3,JATIM,MALANG,TULUNGAGUNG,,,0,0,0,JAWA TIMUR,TULUNGAGUNG,KARANGREJO,BUNGUR,TULUNG AGUNG
9261419154,,ODP-TUL-FAM/28,-8.025782,111.886233,,,4,4,0,0,8,REGIONAL 5,KEDIRI,TULUNG AGUNG,TUL,,,2024-03-16 23:28:53,2022-09-12,2022,9,NON TITO,,,JAWA TIMUR,0.5,YELLOW,1225948391,AREA 3,JATIM,MALANG,TULUNGAGUNG,,,0,0,0,JAWA TIMUR,TULUNGAGUNG,KARANGREJO,BUNGUR,TULUNG AGUNG
9754695642,,ODP-TRE-FY/60,-8.13731,111.685741,,,4,4,0,0,8,REGIONAL 5,KEDIRI,TULUNG AGUNG,TRE,,,2024-03-16 23:24:25,2023-01-19,2023,1,NON TITO,,,JAWA TIMUR,0.5,YELLOW,1262577993,AREA 3,JATIM,MADIUN,PONOROGO,,,0,0,0,JAWA TIMUR,TRENGGALEK,GANDUSARI,SUKOREJO,TULUNG AGUNG
9261419144,,ODP-TUL-FAM/29,-8.02654,111.885623,,,2,6,0,0,8,REGIONAL 5,KEDIRI,TULUNG AGUNG,TUL,,,2024-03-16 23:28:40,2022-09-12,2022,9,NON TITO,,,JAWA TIMUR,0.75,YELLOW,1225948370,AREA 3,JATIM,MALANG,TULUNGAGUNG,,,0,0,0,JAWA TIMUR,TULUNGAGUNG,KARANGREJO,BUNGUR,TULUNG AGUNG
9261943548,,ODP-TUL-FAK/32,-7.984168,111.876393,,,3,5,0,0,8,REGIONAL 5,KEDIRI,TULUNG AGUNG,TUL,,,2024-03-16 23:29:14,2022-09-12,2022,9,NON TITO,,,JAWA TIMUR,0.625,YELLOW,1225945975,AREA 3,JATIM,MALANG,TULUNGAGUNG,,,0,0,0,JAWA TIMUR,TULUNGAGUNG,SENDANG,DONO,TULUNG AGUNG
9261943543,,ODP-TUL-FAK/33,-7.97002,111.855912,,,6,10,0,0,16,REGIONAL 5,KEDIRI,TULUNG AGUNG,TUL,,,2024-03-16 23:29:09,2022-09-12,2022,9,NON TITO,,,JAWA TIMUR,0.625,YELLOW,1225945971,AREA 3,JATIM,MALANG,TULUNGAGUNG,,,0,0,0,JAWA TIMUR,TULUNGAGUNG,SENDANG,TUGU,TULUNG AGUNG
9243119164,,ODP-TRE-FN/45,-8.095435,111.749573,,,3,5,0,0,8,REGIONAL 5,KEDIRI,TULUNG AGUNG,TRE,,,2024-03-16 23:22:40,2022-09-08,2022,9,NON TITO,,,JAWA TIMUR,0.625,YELLOW,1224678897,AREA 3,JATIM,MADIUN,PONOROGO,,,0,0,0,JAWA TIMUR,TRENGGALEK,POGALAN,BENDOREJO,TULUNG AGUNG
9156943597,,ODP-TUL-FAW/11,-8.058477,111.853119,,,4,4,0,0,8,REGIONAL 5,KEDIRI,TULUNG AGUNG,TUL,,,2024-03-16 23:27:56,2022-08-23,2022,8,NON TITO,,,JAWA TIMUR,0.5,YELLOW,1209971746,AREA 3,JATIM,MALANG,TULUNGAGUNG,,,0,0,0,JAWA TIMUR,TULUNGAGUNG,GONDANG,JARAKAN,TULUNG AGUNG
9156943577,,ODP-TUL-FAW/20,-8.05786,111.854728,,,4,4,0,0,8,REGIONAL 5,KEDIRI,TULUNG AGUNG,TUL,,,2024-03-16 23:28:11,2022-08-23,2022,8,NON TITO,,,JAWA TIMUR,0.5,YELLOW,1209971712,AREA 3,JATIM,MALANG,TULUNGAGUNG,,,0,0,0,JAWA TIMUR,TULUNGAGUNG,KAUMAN,BOLOREJO,TULUNG AGUNG
9156943572,,ODP-TUL-FAW/17,-8.0529,111.842388,,,8,8,0,0,16,REGIONAL 5,KEDIRI,TULUNG AGUNG,TUL,,,2024-03-16 23:28:12,2022-08-23,2022,8,NON TITO,,,JAWA TIMUR,0.5,YELLOW,1209971703,AREA 3,JATIM,MALANG,TULUNGAGUNG,,,0,0,0,JAWA TIMUR,TULUNGAGUNG,GONDANG,MOJOARUM,TULUNG AGUNG
9156943562,,ODP-TUL-FAW/09,-8.05288,111.836295,,,7,9,0,0,16,REGIONAL 5,KEDIRI,TULUNG AGUNG,TUL,,,2024-03-16 23:28:10,2022-08-23,2022,8,NON TITO,,,JAWA TIMUR,0.5625,YELLOW,1209971679,AREA 3,JATIM,MALANG,TULUNGAGUNG,,,0,0,0,JAWA TIMUR,TULUNGAGUNG,GONDANG,MOJOARUM,TULUNG AGUNG
9137518861,,ODP-CAT-FC/30,-8.196984,111.71665,,,3,5,0,0,8,REGIONAL 5,KEDIRI,TULUNG AGUNG,CAT,,,2024-03-16 23:25:53,2022-08-22,2022,8,NON TITO,,,JAWA TIMUR,0.625,YELLOW,1209745746,AREA 3,JATIM,MALANG,TULUNGAGUNG,,,0,0,0,JAWA TIMUR,TULUNGAGUNG,BANDUNG,NGLAMPIR,TULUNG AGUNG
9137518856,,ODP-CAT-FC/29,-8.195036,111.714256,,,4,4,0,0,8,REGIONAL 5,KEDIRI,TULUNG AGUNG,CAT,,,2024-03-16 23:27:00,2022-08-22,2022,8,NON TITO,,,JAWA TIMUR,0.5,YELLOW,1209745743,AREA 3,JATIM,MALANG,TULUNGAGUNG,,,0,0,0,JAWA TIMUR,TULUNGAGUNG,BANDUNG,NGLAMPIR,TULUNG AGUNG
9261943561,,ODP-TUL-FAK/31,-7.984295,111.874519,,,2,6,0,0,8,REGIONAL 5,KEDIRI,TULUNG AGUNG,TUL,,,2024-03-16 23:29:00,2022-09-12,2022,9,NON TITO,,,JAWA TIMUR,0.75,YELLOW,1225945985,AREA 3,JATIM,MALANG,TULUNGAGUNG,,,0,0,0,JAWA TIMUR,TULUNGAGUNG,SENDANG,DONO,TULUNG AGUNG
8826494092,,ODP-PRI-FB/109,-8.281194,111.7145,,,3,5,0,0,8,REGIONAL 5,KEDIRI,TULUNG AGUNG,PRI,,,2024-03-16 23:25:02,2022-06-06,2022,6,NON TITO,,,JAWA TIMUR,0.625,YELLOW,1183387325,AREA 3,JATIM,MADIUN,PONOROGO,,,0,0,0,JAWA TIMUR,TRENGGALEK,WATULIMO,PRIGI,TULUNG AGUNG
9799843541,,ODP-TUL-FA/161,-8.05575,111.912757,,,3,5,0,0,8,REGIONAL 5,KEDIRI,TULUNG AGUNG,TUL,,,2024-03-16 23:29:06,2023-01-26,2023,1,NON TITO,,,JAWA TIMUR,0.625,YELLOW,1264764355,AREA 3,JATIM,MALANG,TULUNGAGUNG,,,0,0,0,JAWA TIMUR,TULUNGAGUNG,KEDUNGWARU,KEDUNGWARU,TULUNG AGUNG
9993418569,,ODP-TRE-FK/37,-8.050843,111.740871,,,2,6,0,0,8,REGIONAL 5,KEDIRI,TULUNG AGUNG,TRE,,,2024-03-16 23:27:17,2023-03-15,2023,3,NON TITO,,,JAWA TIMUR,0.75,YELLOW,1276519522,AREA 3,JATIM,MADIUN,PONOROGO,,,0,0,0,JAWA TIMUR,TRENGGALEK,POGALAN,POGALAN,TULUNG AGUNG
130664165,,ODP-TUL-FA/50,-8.0573,111.9094,,,4,12,0,0,16,REGIONAL 5,KEDIRI,TULUNG AGUNG,TUL,,,2024-03-16 23:28:39,2016-02-27,2016,2,NON TITO,,,JAWA TIMUR,0.75,YELLOW,7900780,AREA 3,JATIM,MALANG,TULUNGAGUNG,,,0,0,0,JAWA TIMUR,TULUNGAGUNG,KEDUNGWARU,KEDUNGWARU,TULUNG AGUNG
130664268,,ODP-TUL-FG/21,-8.072,111.8875,,,2,6,0,0,8,REGIONAL 5,KEDIRI,TULUNG AGUNG,TUL,,,2024-03-16 23:28:36,2016-02-27,2016,2,NON TITO,,,JAWA TIMUR,0.75,YELLOW,7900851,AREA 3,JATIM,MALANG,TULUNGAGUNG,,,0,0,0,JAWA TIMUR,TULUNGAGUNG,TULUNGAGUNG,TERTEK,TULUNG AGUNG
130664419,,ODP-TUL-FL/29,-8.064685,111.9091,,,3,5,0,0,8,REGIONAL 5,KEDIRI,TULUNG AGUNG,TUL,,,2024-03-16 23:28:37,2016-02-27,2016,2,NON TITO,,,JAWA TIMUR,0.625,YELLOW,7900956,AREA 3,JATIM,MALANG,TULUNGAGUNG,,,0,0,0,JAWA TIMUR,TULUNGAGUNG,TULUNGAGUNG,BAGO,TULUNG AGUNG
130664436,,ODP-TUL-FH/25,-8.0257,111.9205,,,4,12,0,0,16,REGIONAL 5,KEDIRI,TULUNG AGUNG,TUL,,,2024-03-16 23:27:57,2016-02-27,2016,2,NON TITO,,,JAWA TIMUR,0.75,YELLOW,7900967,AREA 3,JATIM,MALANG,TULUNGAGUNG,,,0,0,0,JAWA TIMUR,TULUNGAGUNG,KEDUNGWARU,NGUJANG,TULUNG AGUNG
130664516,,ODP-TUL-FG/20,-8.0714,111.8857,,,9,7,0,0,16,REGIONAL 5,KEDIRI,TULUNG AGUNG,TUL,,,2024-03-16 23:27:21,2016-02-27,2016,2,NON TITO,,,JAWA TIMUR,0.4375,YELLOW,7901015,AREA 3,JATIM,MALANG,TULUNGAGUNG,,,0,0,0,JAWA TIMUR,TULUNGAGUNG,TULUNGAGUNG,TERTEK,TULUNG AGUNG
130664541,,ODP-TUL-FG/09,-8.0797,111.9319,,,6,8,0,0,16,REGIONAL 5,KEDIRI,TULUNG AGUNG,TUL,,,2024-03-16 23:28:41,2016-02-27,2016,2,NON TITO,,,JAWA TIMUR,0.5,YELLOW,7901032,AREA 3,JATIM,MALANG,TULUNGAGUNG,,,0,0,0,JAWA TIMUR,TULUNGAGUNG,KEDUNGWARU,PLOSOKANDANG,TULUNG AGUNG
130664697,,ODP-TUL-FL/12,-8.0675,111.9121,,,7,8,0,0,16,REGIONAL 5,KEDIRI,TULUNG AGUNG,TUL,,,2024-03-16 23:27:07,2016-02-27,2016,2,NON TITO,,,JAWA TIMUR,0.5,YELLOW,7901125,AREA 3,JATIM,MALANG,TULUNGAGUNG,,,0,0,0,JAWA TIMUR,TULUNGAGUNG,TULUNGAGUNG,BAGO,TULUNG AGUNG
130664837,,ODP-TUL-FK/07,-8.085,111.9381,,,6,7,0,0,16,REGIONAL 5,KEDIRI,TULUNG AGUNG,TUL,,,2024-03-16 23:28:35,2016-02-27,2016,2,NON TITO,,,JAWA TIMUR,0.4375,YELLOW,7901209,AREA 3,JATIM,MALANG,TULUNGAGUNG,,,0,0,0,JAWA TIMUR,TULUNGAGUNG,SUMBERGEMPOL,WONOREJO,TULUNG AGUNG
130664868,,ODP-CAT-FB/08,-8.168881,111.827472,,,6,10,0,0,16,REGIONAL 5,KEDIRI,TULUNG AGUNG,CAT,,,2024-03-16 23:28:22,2016-02-27,2016,2,NON TITO,,,JAWA TIMUR,0.625,YELLOW,7901228,AREA 3,JATIM,MALANG,TULUNGAGUNG,,,0,0,0,JAWA TIMUR,TULUNGAGUNG,PAKEL,DUWET,TULUNG AGUNG
130665080,,ODP-TUL-FCLJ/08,-8.067,111.901,,,5,11,0,0,16,REGIONAL 5,KEDIRI,TULUNG AGUNG,TUL,,,2024-03-16 23:28:49,2016-02-27,2016,2,NON TITO,,,JAWA TIMUR,0.6875,YELLOW,7901352,AREA 3,JATIM,MALANG,TULUNGAGUNG,,,0,0,0,JAWA TIMUR,TULUNGAGUNG,TULUNGAGUNG,TAMANAN,TULUNG AGUNG
130665108,,ODP-TUL-FJ/12,-8.0569,111.8917,,,1,5,0,0,8,REGIONAL 5,KEDIRI,TULUNG AGUNG,TUL,,,2024-03-16 23:28:22,2016-02-27,2016,2,NON TITO,,,JAWA TIMUR,0.625,YELLOW,7901370,AREA 3,JATIM,MALANG,TULUNGAGUNG,,,0,0,0,JAWA TIMUR,TULUNGAGUNG,TULUNGAGUNG,BOTORAN,TULUNG AGUNG
130665225,,ODP-TUL-FH/16,-8.0288,111.9302,,,2,5,0,0,8,REGIONAL 5,KEDIRI,TULUNG AGUNG,TUL,,,2024-03-16 23:28:55,2016-02-27,2016,2,NON TITO,,,JAWA TIMUR,0.625,YELLOW,7901442,AREA 3,JATIM,MALANG,TULUNGAGUNG,,,0,0,0,JAWA TIMUR,TULUNGAGUNG,KEDUNGWARU,TAPAN,TULUNG AGUNG
130667985,,ODP-TRE-FCLB/06,-8.0495,111.7115,,,8,7,0,0,16,REGIONAL 5,KEDIRI,TULUNG AGUNG,TRE,,,2024-03-16 23:28:54,2016-02-27,2016,2,NON TITO,,,JAWA TIMUR,0.4375,YELLOW,7903133,AREA 3,JATIM,MADIUN,PONOROGO,,,0,0,0,JAWA TIMUR,TRENGGALEK,TRENGGALEK,SURODAKAN,TULUNG AGUNG
130668220,,ODP-TRE-FC/31,-8.0569,111.7034,,,9,7,0,0,16,REGIONAL 5,KEDIRI,TULUNG AGUNG,TRE,,,2024-03-16 23:28:34,2016-02-27,2016,2,NON TITO,,,JAWA TIMUR,0.4375,YELLOW,7903278,AREA 3,JATIM,MADIUN,PONOROGO,,,0,0,0,JAWA TIMUR,TRENGGALEK,TRENGGALEK,TAMANAN,TULUNG AGUNG
130668270,,ODP-TRE-FC/28,-8.0582,111.7058,,,6,9,0,0,16,REGIONAL 5,KEDIRI,TULUNG AGUNG,TRE,,,2024-03-16 23:29:02,2016-02-27,2016,2,NON TITO,,,JAWA TIMUR,0.5625,YELLOW,7903309,AREA 3,JATIM,MADIUN,PONOROGO,,,0,0,0,JAWA TIMUR,TRENGGALEK,TRENGGALEK,NGANTRU,TULUNG AGUNG
130668320,,ODP-TRE-FC/25,-8.0527,111.7122,,,4,12,0,0,16,REGIONAL 5,KEDIRI,TULUNG AGUNG,TRE,,,2024-03-16 23:28:29,2016-02-27,2016,2,NON TITO,,,JAWA TIMUR,0.75,YELLOW,7903340,AREA 3,JATIM,MADIUN,PONOROGO,,,0,0,0,JAWA TIMUR,TRENGGALEK,TRENGGALEK,SUMBERGEDONG,TULUNG AGUNG
130668379,,ODP-TRE-FD/06,-8.0599,111.7148,,,7,9,0,0,16,REGIONAL 5,KEDIRI,TULUNG AGUNG,TRE,,,2024-03-16 23:29:08,2016-02-27,2016,2,NON TITO,,,JAWA TIMUR,0.5625,YELLOW,7903375,AREA 3,JATIM,MADIUN,PONOROGO,,,0,0,0,JAWA TIMUR,TRENGGALEK,TRENGGALEK,SUMBERGEDONG,TULUNG AGUNG
130668657,,ODP-TRE-FB/03,-8.0559,111.6925,,,3,5,0,0,8,REGIONAL 5,KEDIRI,TULUNG AGUNG,TRE,,,2024-03-16 23:22:17,2016-02-27,2016,2,NON TITO,,,JAWA TIMUR,0.625,YELLOW,7903541,AREA 3,JATIM,MADIUN,PONOROGO,,,0,0,0,JAWA TIMUR,TRENGGALEK,TRENGGALEK,TAMANAN,TULUNG AGUNG
130668784,,ODP-TRE-FK/05,-8.0479,111.7332,,,4,4,0,0,8,REGIONAL 5,KEDIRI,TULUNG AGUNG,TRE,,,2024-03-16 23:21:43,2016-02-27,2016,2,NON TITO,,,JAWA TIMUR,0.5,YELLOW,7903623,AREA 3,JATIM,MADIUN,PONOROGO,,,0,0,0,JAWA TIMUR,TRENGGALEK,TRENGGALEK,REJOWINANGUN,TULUNG AGUNG
130664156,,ODP-TUL-FCLJ/04,-8.0742,111.9021,,,2,6,0,0,8,REGIONAL 5,KEDIRI,TULUNG AGUNG,TUL,,,2024-03-16 23:28:31,2016-02-27,2016,2,NON TITO,,,JAWA TIMUR,0.75,YELLOW,7900774,AREA 3,JATIM,MALANG,TULUNGAGUNG,,,0,0,0,JAWA TIMUR,TULUNGAGUNG,TULUNGAGUNG,TAMANAN,TULUNG AGUNG
130668977,,ODP-TRE-FC/10,-8.0464,111.7095,,,8,8,0,0,16,REGIONAL 5,KEDIRI,TULUNG AGUNG,TRE,,,2024-03-16 23:21:54,2016-02-27,2016,2,NON TITO,,,JAWA TIMUR,0.5,YELLOW,7903735,AREA 3,JATIM,MADIUN,PONOROGO,,,0,0,0,JAWA TIMUR,TRENGGALEK,TRENGGALEK,SURODAKAN,TULUNG AGUNG
130664109,,ODP-TUL-FCLJ/03,-8.0755,111.9023,,,3,4,0,0,8,REGIONAL 5,KEDIRI,TULUNG AGUNG,TUL,,,2024-03-16 23:28:36,2016-02-27,2016,2,NON TITO,,,JAWA TIMUR,0.5,YELLOW,7900740,AREA 3,JATIM,MALANG,TULUNGAGUNG,,,0,0,0,JAWA TIMUR,TULUNGAGUNG,TULUNGAGUNG,TAMANAN,TULUNG AGUNG
130664006,,ODP-TUL-FJ/29,-8.0523,111.8895,,,7,9,0,0,16,REGIONAL 5,KEDIRI,TULUNG AGUNG,TUL,,,2024-03-16 23:28:10,2016-02-27,2016,2,NON TITO,,,JAWA TIMUR,0.5625,YELLOW,7900665,AREA 3,JATIM,MALANG,TULUNGAGUNG,,,0,0,0,JAWA TIMUR,TULUNGAGUNG,TULUNGAGUNG,BOTORAN,TULUNG AGUNG
130663373,,ODP-TUL-FL/01,-8.0619,111.9083,,,7,8,0,0,16,REGIONAL 5,KEDIRI,TULUNG AGUNG,TUL,,,2024-03-16 23:28:39,2016-02-27,2016,2,NON TITO,,,JAWA TIMUR,0.5,YELLOW,7900194,AREA 3,JATIM,MALANG,TULUNGAGUNG,,,0,0,0,JAWA TIMUR,TULUNGAGUNG,TULUNGAGUNG,KAMPUNGDALEM,TULUNG AGUNG
130663401,,ODP-TUL-FL/38,-8.0707,111.9051,,,4,12,0,0,16,REGIONAL 5,KEDIRI,TULUNG AGUNG,TUL,,,2024-03-16 23:28:15,2016-02-27,2016,2,NON TITO,,,JAWA TIMUR,0.75,YELLOW,7900213,AREA 3,JATIM,MALANG,TULUNGAGUNG,,,0,0,0,JAWA TIMUR,TULUNGAGUNG,TULUNGAGUNG,BAGO,TULUNG AGUNG
130663452,,GCL-TUL-F12/01,-8.0649,111.9,,,7,9,0,0,16,REGIONAL 5,KEDIRI,TULUNG AGUNG,TUL,,,2024-03-16 23:27:12,2016-02-27,2016,2,NON TITO,,,JAWA TIMUR,0.5625,YELLOW,7900251,AREA 3,JATIM,MALANG,TULUNGAGUNG,,,0,0,0,JAWA TIMUR,TULUNGAGUNG,TULUNGAGUNG,KAMPUNGDALEM,TULUNG AGUNG
130663453,,ODP-TUL-FH/29,-8.0318,111.9227,,,8,8,0,0,16,REGIONAL 5,KEDIRI,TULUNG AGUNG,TUL,,,2024-03-16 23:27:57,2016-02-27,2016,2,NON TITO,,,JAWA TIMUR,0.5,YELLOW,7900252,AREA 3,JATIM,MALANG,TULUNGAGUNG,,,0,0,0,JAWA TIMUR,TULUNGAGUNG,KEDUNGWARU,TAPAN,TULUNG AGUNG
130663460,,ODP-TUL-FG/36,-8.0803,111.9073,,,4,12,0,0,16,REGIONAL 5,KEDIRI,TULUNG AGUNG,TUL,,,2024-03-16 23:28:11,2016-02-27,2016,2,NON TITO,,,JAWA TIMUR,0.75,YELLOW,7900259,AREA 3,JATIM,MALANG,TULUNGAGUNG,,,0,0,0,JAWA TIMUR,TULUNGAGUNG,BOYOLANGU,SERUT,TULUNG AGUNG
130663482,,ODP-TUL-FJ/10,-8.0565,111.8917,,,2,6,0,0,8,REGIONAL 5,KEDIRI,TULUNG AGUNG,TUL,,,2024-03-16 23:25:22,2016-02-27,2016,2,NON TITO,,,JAWA TIMUR,0.75,YELLOW,7900273,AREA 3,JATIM,MALANG,TULUNGAGUNG,,,0,0,0,JAWA TIMUR,TULUNGAGUNG,TULUNGAGUNG,BOTORAN,TULUNG AGUNG
130663501,,ODP-NGU-FA/08,-8.1042,111.9679,,,2,6,0,0,8,REGIONAL 5,KEDIRI,TULUNG AGUNG,NGU,,,2024-03-16 23:27:39,2016-02-27,2016,2,NON TITO,,,JAWA TIMUR,0.75,YELLOW,7900288,AREA 3,JATIM,MALANG,TULUNGAGUNG,,,0,0,0,JAWA TIMUR,TULUNGAGUNG,NGUNUT,PURWOREJO,TULUNG AGUNG
130663519,,ODP-TUL-FL/05,-8.0608,111.9162,,,6,9,0,0,16,REGIONAL 5,KEDIRI,TULUNG AGUNG,TUL,,,2024-03-16 23:28:33,2016-02-27,2016,2,NON TITO,,,JAWA TIMUR,0.5625,YELLOW,7900302,AREA 3,JATIM,MALANG,TULUNGAGUNG,,,0,0,0,JAWA TIMUR,TULUNGAGUNG,KEDUNGWARU,KEDUNGWARU,TULUNG AGUNG
130663669,,ODP-TUL-FJ/26,-8.0528,111.888,,,1,6,0,0,8,REGIONAL 5,KEDIRI,TULUNG AGUNG,TUL,,,2024-03-16 23:21:05,2016-02-27,2016,2,NON TITO,,,JAWA TIMUR,0.75,YELLOW,7900416,AREA 3,JATIM,MALANG,TULUNGAGUNG,,,0,0,0,JAWA TIMUR,TULUNGAGUNG,TULUNGAGUNG,BOTORAN,TULUNG AGUNG
130663679,,ODP-TUL-FJ/28,-8.0526,111.8893,,,4,4,0,0,8,REGIONAL 5,KEDIRI,TULUNG AGUNG,TUL,,,2024-03-16 23:28:35,2016-02-27,2016,2,NON TITO,,,JAWA TIMUR,0.5,YELLOW,7900422,AREA 3,JATIM,MALANG,TULUNGAGUNG,,,0,0,0,JAWA TIMUR,TULUNGAGUNG,TULUNGAGUNG,BOTORAN,TULUNG AGUNG
130663758,,ODP-TUL-FCLJ/01,-8.0786,111.9028,,,3,5,0,0,8,REGIONAL 5,KEDIRI,TULUNG AGUNG,TUL,,,2024-03-16 23:28:00,2016-02-27,2016,2,NON TITO,,,JAWA TIMUR,0.625,YELLOW,7900483,AREA 3,JATIM,MALANG,TULUNGAGUNG,,,0,0,0,JAWA TIMUR,TULUNGAGUNG,TULUNGAGUNG,TAMANAN,TULUNG AGUNG
130663776,,ODP-TUL-FL/33,-8.0671,111.9074,,,5,10,0,0,16,REGIONAL 5,KEDIRI,TULUNG AGUNG,TUL,,,2024-03-16 23:28:37,2016-02-27,2016,2,NON TITO,,,JAWA TIMUR,0.625,YELLOW,7900495,AREA 3,JATIM,MALANG,TULUNGAGUNG,,,0,0,0,JAWA TIMUR,TULUNGAGUNG,TULUNGAGUNG,BAGO,TULUNG AGUNG
130663790,,ODP-TUL-FG/24,-8.0734,111.8931,,,2,6,0,0,8,REGIONAL 5,KEDIRI,TULUNG AGUNG,TUL,,,2024-03-16 23:28:12,2016-02-27,2016,2,NON TITO,,,JAWA TIMUR,0.75,YELLOW,7900506,AREA 3,JATIM,MALANG,TULUNGAGUNG,,,0,0,0,JAWA TIMUR,TULUNGAGUNG,TULUNGAGUNG,TERTEK,TULUNG AGUNG
130663809,,ODP-TUL-FA/45,-8.0592,111.9139,,,4,10,0,0,16,REGIONAL 5,KEDIRI,TULUNG AGUNG,TUL,,,2024-03-16 23:28:40,2016-02-27,2016,2,NON TITO,,,JAWA TIMUR,0.625,YELLOW,7900521,AREA 3,JATIM,MALANG,TULUNGAGUNG,,,0,0,0,JAWA TIMUR,TULUNGAGUNG,KEDUNGWARU,KEDUNGWARU,TULUNG AGUNG
130663840,,ODP-TUL-FG/44,-8.0877,111.9001,,,4,4,0,0,8,REGIONAL 5,KEDIRI,TULUNG AGUNG,TUL,,,2024-03-16 23:28:51,2016-02-27,2016,2,NON TITO,,,JAWA TIMUR,0.5,YELLOW,7900545,AREA 3,JATIM,MALANG,TULUNGAGUNG,,,0,0,0,JAWA TIMUR,TULUNGAGUNG,BOYOLANGU,WAUNG,TULUNG AGUNG
130663863,,ODP-TUL-FH/28,-8.032,111.9209,,,7,9,0,0,16,REGIONAL 5,KEDIRI,TULUNG AGUNG,TUL,,,2024-03-16 23:27:56,2016-02-27,2016,2,NON TITO,,,JAWA TIMUR,0.5625,YELLOW,7900561,AREA 3,JATIM,MALANG,TULUNGAGUNG,,,0,0,0,JAWA TIMUR,TULUNGAGUNG,KEDUNGWARU,TAPAN,TULUNG AGUNG
130663901,,ODP-TUL-FJ/06,-8.0568,111.8904,,,6,10,0,0,16,REGIONAL 5,KEDIRI,TULUNG AGUNG,TUL,,,2024-03-16 23:28:36,2016-02-27,2016,2,NON TITO,,,JAWA TIMUR,0.625,YELLOW,7900587,AREA 3,JATIM,MALANG,TULUNGAGUNG,,,0,0,0,JAWA TIMUR,TULUNGAGUNG,TULUNGAGUNG,BOTORAN,TULUNG AGUNG
130663920,,ODP-TUL-FH/20,-8.022473,111.927046,,,4,11,0,0,16,REGIONAL 5,KEDIRI,TULUNG AGUNG,TUL,,,2024-03-16 23:28:36,2016-02-27,2016,2,NON TITO,,,JAWA TIMUR,0.6875,YELLOW,7900603,AREA 3,JATIM,MALANG,TULUNGAGUNG,,,0,0,0,JAWA TIMUR,TULUNGAGUNG,KEDUNGWARU,TAPAN,TULUNG AGUNG
130663993,,ODP-TUL-FL/19,-8.07,111.9099,,,8,7,0,0,16,REGIONAL 5,KEDIRI,TULUNG AGUNG,TUL,,,2024-03-16 23:27:08,2016-02-27,2016,2,NON TITO,,,JAWA TIMUR,0.4375,YELLOW,7900655,AREA 3,JATIM,MALANG,TULUNGAGUNG,,,0,0,0,JAWA TIMUR,TULUNGAGUNG,TULUNGAGUNG,BAGO,TULUNG AGUNG
130664086,,ODP-CAT-FA/06,-8.1657,111.85,,,8,7,0,0,16,REGIONAL 5,KEDIRI,TULUNG AGUNG,CAT,,,2024-03-16 23:28:39,2016-02-27,2016,2,NON TITO,,,JAWA TIMUR,0.4375,YELLOW,7900722,AREA 3,JATIM,MALANG,TULUNGAGUNG,,,0,0,0,JAWA TIMUR,TULUNGAGUNG,CAMPURDARAT,CAMPURDARAT,TULUNG AGUNG
130669229,,ODP-TRE-FCLB/09,-8.0511,111.7072,,,7,7,0,0,16,REGIONAL 5,KEDIRI,TULUNG AGUNG,TRE,,,2024-03-16 23:21:44,2016-02-27,2016,2,NON TITO,,,JAWA TIMUR,0.4375,YELLOW,7903885,AREA 3,JATIM,MADIUN,PONOROGO,,,0,0,0,JAWA TIMUR,TRENGGALEK,TRENGGALEK,NGANTRU,TULUNG AGUNG
130669326,,ODP-TRE-FCLB/02,-8.0503,111.7171,,,8,8,0,0,16,REGIONAL 5,KEDIRI,TULUNG AGUNG,TRE,,,2024-03-16 23:22:05,2016-02-27,2016,2,NON TITO,,,JAWA TIMUR,0.5,YELLOW,7903944,AREA 3,JATIM,MADIUN,PONOROGO,,,0,0,0,JAWA TIMUR,TRENGGALEK,TRENGGALEK,SURODAKAN,TULUNG AGUNG
130669401,,ODP-TRE-FD/10,-8.0562,111.7124,,,1,6,0,0,8,REGIONAL 5,KEDIRI,TULUNG AGUNG,TRE,,,2024-03-16 23:21:43,2016-02-27,2016,2,NON TITO,,,JAWA TIMUR,0.75,YELLOW,7903992,AREA 3,JATIM,MADIUN,PONOROGO,,,0,0,0,JAWA TIMUR,TRENGGALEK,TRENGGALEK,SUMBERGEDONG,TULUNG AGUNG
10587418614,,ODP-TRE-FS/23,-8.168675,111.577959,,,2,6,0,0,8,REGIONAL 5,KEDIRI,TULUNG AGUNG,TRE,,,2024-03-16 23:27:41,2023-09-05,2023,9,NON TITO,,,JAWA TIMUR,0.75,YELLOW,1314132706,AREA 3,JATIM,MADIUN,PONOROGO,,,0,0,0,JAWA TIMUR,TRENGGALEK,DONGKO,SUMBERBENING,TULUNG AGUNG
10549693693,,ODP-TUL-FAA/28,-7.980909,111.799623,,,2,6,0,0,8,REGIONAL 5,KEDIRI,TULUNG AGUNG,TUL,,,2024-03-16 23:28:07,2023-08-25,2023,8,NON TITO,,,JAWA TIMUR,0.75,YELLOW,1312404645,AREA 3,JATIM,MALANG,TULUNGAGUNG,,,0,0,0,JAWA TIMUR,TULUNGAGUNG,PAGER WOJO,SAMAR,TULUNG AGUNG
10496443574,,ODP-TUL-FAM/45,-8.035398,111.869898,,,2,6,0,0,8,REGIONAL 5,KEDIRI,TULUNG AGUNG,TUL,,,2024-03-16 23:28:21,2023-08-02,2023,8,NON TITO,,,JAWA TIMUR,0.75,YELLOW,1308947266,AREA 3,JATIM,MALANG,TULUNGAGUNG,,,0,0,0,JAWA TIMUR,TULUNGAGUNG,KAUMAN,MOJOSARI,TULUNG AGUNG
10465693551,,ODP-TUL-FAW/22,-8.053052,111.841506,,,3,5,0,0,8,REGIONAL 5,KEDIRI,TULUNG AGUNG,TUL,,,2024-03-16 23:27:49,2023-07-31,2023,7,NON TITO,,,JAWA TIMUR,0.625,YELLOW,1306916017,AREA 3,JATIM,MALANG,TULUNGAGUNG,,,0,0,0,JAWA TIMUR,TULUNGAGUNG,GONDANG,MOJOARUM,TULUNG AGUNG
10410194175,,ODP-TRE-FQ/53,-8.242338,111.460914,,,3,5,0,0,8,REGIONAL 5,KEDIRI,TULUNG AGUNG,TRE,,,2024-03-16 23:22:59,2023-07-21,2023,7,NON TITO,,,JAWA TIMUR,0.625,YELLOW,1303679236,AREA 3,JATIM,MADIUN,PONOROGO,,,0,0,0,JAWA TIMUR,TRENGGALEK,PANGGUL,NGRENCAK,TULUNG AGUNG
10409369659,,ODP-TUL-FAE/11,-7.994311,111.905557,,,3,5,0,0,8,REGIONAL 5,KEDIRI,TULUNG AGUNG,TUL,,,2024-03-16 23:28:38,2023-07-15,2023,7,NON TITO,,,JAWA TIMUR,0.625,YELLOW,1303372795,AREA 3,JATIM,MALANG,TULUNGAGUNG,,,0,0,0,JAWA TIMUR,TULUNGAGUNG,KARANGREJO,SUKODONO,TULUNG AGUNG
10321393612,,ODP-DRN-FB/74,-8.070838,111.798953,,,3,5,0,0,8,REGIONAL 5,KEDIRI,TULUNG AGUNG,DRN,,,2024-03-16 23:26:25,2023-06-26,2023,6,NON TITO,,,JAWA TIMUR,0.625,YELLOW,1300438460,AREA 3,JATIM,MADIUN,PONOROGO,,,0,0,0,JAWA TIMUR,TRENGGALEK,DURENAN,SUMBEREJO,TULUNG AGUNG
10288768792,,ODP-TRE-FZ/58,-7.965619,111.693195,,,3,5,0,0,8,REGIONAL 5,KEDIRI,TULUNG AGUNG,TRE,,,2024-03-16 23:24:37,2023-06-21,2023,6,NON TITO,,,JAWA TIMUR,0.625,YELLOW,1296377342,AREA 3,JATIM,MADIUN,PONOROGO,,,0,0,0,JAWA TIMUR,TRENGGALEK,KARANGAN,NGENTRONG,TULUNG AGUNG
10288693651,,ODP-TRE-FL/61,-8.094514,111.654095,,,2,6,0,0,8,REGIONAL 5,KEDIRI,TULUNG AGUNG,TRE,,,2024-03-16 23:22:38,2023-06-21,2023,6,NON TITO,,,JAWA TIMUR,0.75,YELLOW,1295552194,AREA 3,JATIM,MADIUN,PONOROGO,,,0,0,0,JAWA TIMUR,TRENGGALEK,KARANGAN,JATI,TULUNG AGUNG
10225318718,,ODP-TUL-FG/78,-8.07913,111.940562,,,4,4,0,0,8,REGIONAL 5,KEDIRI,TULUNG AGUNG,TUL,,,2024-03-16 23:28:37,2023-06-05,2023,6,NON TITO,,,JAWA TIMUR,0.5,YELLOW,1294126040,AREA 3,JATIM,MALANG,TULUNGAGUNG,,,0,0,0,JAWA TIMUR,TULUNGAGUNG,SUMBERGEMPOL,SUMBERDADI,TULUNG AGUNG
10238368566,,ODP-TRE-FQ/51,-8.226935,111.517498,,,2,6,0,0,8,REGIONAL 5,KEDIRI,TULUNG AGUNG,TRE,,,2024-03-16 23:24:54,2023-06-07,2023,6,NON TITO,,,JAWA TIMUR,0.75,YELLOW,1293534960,AREA 3,JATIM,MADIUN,PONOROGO,,,0,0,0,JAWA TIMUR,TRENGGALEK,DONGKO,CAKUL,TULUNG AGUNG
10018318618,,ODP-NGU-FJ/51,-8.104309,112.010417,,,3,5,0,0,8,REGIONAL 5,KEDIRI,TULUNG AGUNG,NGU,,,2024-03-16 23:22:58,2023-03-24,2023,3,NON TITO,,,JAWA TIMUR,0.625,YELLOW,1279974048,AREA 3,JATIM,MALANG,TULUNGAGUNG,,,0,0,0,JAWA TIMUR,TULUNGAGUNG,NGUNUT,NGUNUT,TULUNG AGUNG
10031068764,,ODP-NGU-FE/78,-8.121758,112.052833,,,4,4,0,0,8,REGIONAL 5,KEDIRI,TULUNG AGUNG,NGU,,,2024-03-16 23:25:15,2023-03-24,2023,3,NON TITO,,,JAWA TIMUR,0.5,YELLOW,1279973355,AREA 3,JATIM,MALANG,TULUNGAGUNG,,,0,0,0,JAWA TIMUR,TULUNGAGUNG,REJOTANGAN,ARIYOJEDING,TULUNG AGUNG
10003843643,,ODP-TUL-FQ/92,-8.060953,111.914921,,,9,7,0,0,16,REGIONAL 5,KEDIRI,TULUNG AGUNG,TUL,,,2024-03-16 23:22:43,2023-03-20,2023,3,NON TITO,,,JAWA TIMUR,0.4375,YELLOW,1278843174,AREA 3,JATIM,MALANG,TULUNGAGUNG,,,0,0,0,JAWA TIMUR,TULUNGAGUNG,KEDUNGWARU,KEDUNGWARU,TULUNG AGUNG
9977220064,,ODP-TUL-FY/69,-8.044492,111.940037,,,4,4,0,0,8,REGIONAL 5,KEDIRI,TULUNG AGUNG,TUL,,,2024-03-16 23:22:47,2023-03-15,2023,3,NON TITO,,,JAWA TIMUR,0.5,YELLOW,1277869245,AREA 3,JATIM,MALANG,TULUNGAGUNG,,,0,0,0,JAWA TIMUR,TULUNGAGUNG,KEDUNGWARU,BANGOAN,TULUNG AGUNG
9976918915,,ODP-KWR-FC/51,-8.133932,111.977341,,,3,5,0,0,8,REGIONAL 5,KEDIRI,TULUNG AGUNG,KWR,,,2024-03-16 23:29:03,2023-03-15,2023,3,NON TITO,,,JAWA TIMUR,0.625,YELLOW,1277867746,AREA 3,JATIM,MALANG,TULUNGAGUNG,,,0,0,0,JAWA TIMUR,TULUNGAGUNG,SUMBERGEMPOL,MIRIGAMBAR,TULUNG AGUNG
9990493737,,ODP-TRE-FU/50,-8.182597,111.638797,,,4,4,0,0,8,REGIONAL 5,KEDIRI,TULUNG AGUNG,TRE,,,2024-03-16 23:24:52,2023-03-14,2023,3,NON TITO,,,JAWA TIMUR,0.5,YELLOW,1277860924,AREA 3,JATIM,MADIUN,PONOROGO,,,0,0,0,JAWA TIMUR,TRENGGALEK,KAMPAK,BOGORAN,TULUNG AGUNG
9990493564,,ODP-TUL-FAM/44,-8.022879,111.859997,,,3,5,0,0,8,REGIONAL 5,KEDIRI,TULUNG AGUNG,TUL,,,2024-03-16 23:25:20,2023-03-10,2023,3,NON TITO,,,JAWA TIMUR,0.625,YELLOW,1277348994,AREA 3,JATIM,MALANG,TULUNGAGUNG,,,0,0,0,JAWA TIMUR,TULUNGAGUNG,KAUMAN,KATES,TULUNG AGUNG
9987493622,,ODP-TUL-FBC/02,-8.057479,111.928081,,,5,11,0,0,16,REGIONAL 5,KEDIRI,TULUNG AGUNG,TUL,,,2024-03-16 23:28:41,2023-03-16,2023,3,NON TITO,,,JAWA TIMUR,0.6875,YELLOW,1276521110,AREA 3,JATIM,MALANG,TULUNGAGUNG,,,0,0,0,JAWA TIMUR,TULUNGAGUNG,KEDUNGWARU,TUNGGULSARI,TULUNG AGUNG
10662346918,,ODP-CAT-FD/94,-8.197128,111.784557,,,3,5,0,0,8,REGIONAL 5,KEDIRI,TULUNG AGUNG,CAT,,,2024-03-16 23:26:52,2023-09-29,2023,9,NON TITO,,,JAWA TIMUR,0.625,YELLOW,1324207148,AREA 3,JATIM,MALANG,TULUNGAGUNG,,,0,0,0,JAWA TIMUR,TULUNGAGUNG,BESUKI,TANGGULKUNDUNG,TULUNG AGUNG
10662944786,,ODP-TUL-FA/162,-8.04942,111.912567,,,2,6,0,0,8,REGIONAL 5,KEDIRI,TULUNG AGUNG,TUL,,,2024-03-16 23:28:55,2023-10-02,2023,10,NON TITO,,,JAWA TIMUR,0.75,YELLOW,1324345594,AREA 3,JATIM,MALANG,TULUNGAGUNG,,,0,0,0,JAWA TIMUR,TULUNGAGUNG,KEDUNGWARU,REJOAGUNG,TULUNG AGUNG
10863269014,,ODP-TRE-FE/25,-8.022602,111.668932,,,3,5,0,0,8,REGIONAL 5,KEDIRI,TULUNG AGUNG,TRE,,,2024-03-16 23:29:00,2023-11-07,2023,11,NON TITO,,,JAWA TIMUR,0.625,YELLOW,1333215179,AREA 3,JATIM,MADIUN,PONOROGO,,,0,0,0,JAWA TIMUR,TRENGGALEK,TUGU,PRAMBON,TULUNG AGUNG
10900694253,,ODP-TUL-FBA/39,-8.018653,111.900485,,,4,4,0,0,8,REGIONAL 5,KEDIRI,TULUNG AGUNG,TUL,,,2024-03-16 23:26:28,2023-11-15,2023,11,NON TITO,,,JAWA TIMUR,0.5,YELLOW,1333986676,AREA 3,JATIM,MALANG,TULUNGAGUNG,,,0,0,0,JAWA TIMUR,TULUNGAGUNG,KARANGREJO,SUKOWIYONO,TULUNG AGUNG
130669499,,ODP-TRE-FC/24,-8.0528,111.7137,,,6,10,0,0,16,REGIONAL 5,KEDIRI,TULUNG AGUNG,TRE,,,2024-03-16 23:22:16,2016-02-27,2016,2,NON TITO,,,JAWA TIMUR,0.625,YELLOW,7904050,AREA 3,JATIM,MADIUN,PONOROGO,,,0,0,0,JAWA TIMUR,TRENGGALEK,TRENGGALEK,SUMBERGEDONG,TULUNG AGUNG
130669503,,ODP-TRE-FD/02,-8.0548,111.7169,,,6,10,0,0,16,REGIONAL 5,KEDIRI,TULUNG AGUNG,TRE,,,2024-03-16 23:22:19,2016-02-27,2016,2,NON TITO,,,JAWA TIMUR,0.625,YELLOW,7904053,AREA 3,JATIM,MADIUN,PONOROGO,,,0,0,0,JAWA TIMUR,TRENGGALEK,TRENGGALEK,SUMBERGEDONG,TULUNG AGUNG
130669572,,ODP-TRE-FC/19,-8.053,111.7171,,,9,7,0,0,16,REGIONAL 5,KEDIRI,TULUNG AGUNG,TRE,,,2024-03-16 23:22:15,2016-02-27,2016,2,NON TITO,,,JAWA TIMUR,0.4375,YELLOW,7904093,AREA 3,JATIM,MADIUN,PONOROGO,,,0,0,0,JAWA TIMUR,TRENGGALEK,TRENGGALEK,SURODAKAN,TULUNG AGUNG
130669669,,ODP-TRE-FD/01,-8.0547,111.7151,,,3,12,0,0,16,REGIONAL 5,KEDIRI,TULUNG AGUNG,TRE,,,2024-03-16 23:21:03,2016-02-27,2016,2,NON TITO,,,JAWA TIMUR,0.75,YELLOW,7904154,AREA 3,JATIM,MADIUN,PONOROGO,,,0,0,0,JAWA TIMUR,TRENGGALEK,TRENGGALEK,SUMBERGEDONG,TULUNG AGUNG
130669773,,ODP-TRE-FCLA/03,-8.0472,111.7252,,,1,6,1,0,8,REGIONAL 5,KEDIRI,TULUNG AGUNG,TRE,,,2024-03-16 23:22:23,2016-02-27,2016,2,NON TITO,,,JAWA TIMUR,0.75,YELLOW,7904217,AREA 3,JATIM,MADIUN,PONOROGO,,,0,0,0,JAWA TIMUR,TRENGGALEK,TRENGGALEK,REJOWINANGUN,TULUNG AGUNG
130669786,,ODP-TRE-FC/06,-8.0378,111.7106,,,4,12,0,0,16,REGIONAL 5,KEDIRI,TULUNG AGUNG,TRE,,,2024-03-16 23:22:21,2016-02-27,2016,2,NON TITO,,,JAWA TIMUR,0.75,YELLOW,7904226,AREA 3,JATIM,MADIUN,PONOROGO,,,0,0,0,JAWA TIMUR,TRENGGALEK,TRENGGALEK,NGARES,TULUNG AGUNG
130669990,,ODP-TRE-FD/09,-8.0574,111.7124,,,4,11,0,0,16,REGIONAL 5,KEDIRI,TULUNG AGUNG,TRE,,,2024-03-16 23:22:17,2016-02-27,2016,2,NON TITO,,,JAWA TIMUR,0.6875,YELLOW,7904344,AREA 3,JATIM,MADIUN,PONOROGO,,,0,0,0,JAWA TIMUR,TRENGGALEK,TRENGGALEK,SUMBERGEDONG,TULUNG AGUNG
130670077,,ODP-TRE-FB/10,-8.0599,111.7077,,,2,12,0,0,16,REGIONAL 5,KEDIRI,TULUNG AGUNG,TRE,,,2024-03-16 23:22:24,2016-02-27,2016,2,NON TITO,,,JAWA TIMUR,0.75,YELLOW,7904394,AREA 3,JATIM,MADIUN,PONOROGO,,,0,0,0,JAWA TIMUR,TRENGGALEK,TRENGGALEK,NGANTRU,TULUNG AGUNG
145118752,,ODP-TUL-FS/07,-8.0461,111.8679,,,5,11,0,0,16,REGIONAL 5,KEDIRI,TULUNG AGUNG,TUL,,,2024-03-16 23:23:49,2016-03-08,2016,3,NON TITO,,,JAWA TIMUR,0.6875,YELLOW,8178067,AREA 3,JATIM,MALANG,TULUNGAGUNG,,,0,0,0,JAWA TIMUR,TULUNGAGUNG,KAUMAN,MOJOSARI,TULUNG AGUNG
9920294343,,ODP-TRE-FN/47,-8.120588,111.753623,,,2,6,0,0,8,REGIONAL 5,KEDIRI,TULUNG AGUNG,TRE,,,2024-03-16 23:29:00,2023-02-28,2023,2,NON TITO,,,JAWA TIMUR,0.75,YELLOW,1271476883,AREA 3,JATIM,MADIUN,PONOROGO,,,0,0,0,JAWA TIMUR,TRENGGALEK,GANDUSARI,SUKORAME,TULUNG AGUNG
145118768,,ODP-TUL-FS/09,-8.0481,111.8669,,,7,9,0,0,16,REGIONAL 5,KEDIRI,TULUNG AGUNG,TUL,,,2024-03-16 23:23:36,2016-03-08,2016,3,NON TITO,,,JAWA TIMUR,0.5625,YELLOW,8178088,AREA 3,JATIM,MALANG,TULUNGAGUNG,,,0,0,0,JAWA TIMUR,TULUNGAGUNG,KAUMAN,MOJOSARI,TULUNG AGUNG
11575318850,,ODP-TRE-FZ/60,-7.999106,111.697166,,,3,5,0,0,8,REGIONAL 5,KEDIRI,TULUNG AGUNG,TRE,,,2024-06-20 23:41:09,2024-06-20,2024,6,NON TITO,,,JAWA TIMUR,0.625,YELLOW,1443111313,AREA 3,JATIM,MADIUN,PONOROGO,,,0,0,0,JAWA TIMUR,TRENGGALEK,BENDUNGAN,SRABAH,TULUNG AGUNG
