DEVICE ID,ODP INDEX,ODP NAME,LATITUDE,LONGITUDE,CLUSNAME,CLUSTERSATATUS,AVAI,USED,RSV,RSK,IS TOTAL,Telkom Regional,Telkom Witel,Telkom Datel,Telkom STO,Telkom STO Deskripsi,ODP INFO,UPDATE DATE,TGL GOLIVE,TAHUN ODP,BULAN ODP,KATEGORI,NAMA PROYEK,KABUPATEN KOTA,PROVINSI,OCC 1,OCC 2,ID ODP,Telkomsel Area,Telkomsel Regional,Telkomsel Branch,Telkomsel Cluster,Validasi STO,Validasi ODC,Jarak ODP ke ODC (Meter),Jarak ODC ke STO (Meter),Jarak ODP ke STO (Meter),Validasi Provinsi,Validasi Kabupaten Kota,Validasi Kecamatan,Validasi Kelurahan,Telda
12062818692,,ODP-WAT-FN/34,-7.911142,112.128714,,,8,0,0,0,8,REGIONAL 5,KEDIRI,KEDIRI,WAT,,,2025-02-22 17:40:11,2025-02-21,2025,2,NON TITO,,,JAWA TIMUR,0.0,BLACK,1496126775,AREA 3,JATIM,MADIUN,KEDIRI,,,0,0,0,JAWA TIMUR,KEDIRI,WATES,JAJAR,KEDIRI
3044372798,,ODP-PAE-FZ/16,-7.726864,112.214616,,,8,0,0,0,8,REGIONAL 5,KEDIRI,KEDIRI,PAE,,,2024-03-16 23:27:14,2018-10-25,2018,10,NON TITO,,,JAWA TIMUR,0.0,BLACK,405810680,AREA 3,JATIM,MADIUN,KEDIRI,,,0,0,0,JAWA TIMUR,KEDIRI,BADAS,KRECEK,KEDIRI
3039793531,,ODP-MJT-FAJ/07,-7.811068,111.998944,,,8,0,0,0,8,REGIONAL 5,KEDIRI,KEDIRI,MJT,,,2024-03-16 23:29:04,2018-10-20,2018,10,NON TITO,,,JAWA TIMUR,0.0,BLACK,405776817,AREA 3,JATIM,MADIUN,KEDIRI,,,0,0,0,JAWA TIMUR,KOTA KEDIRI,MOJOROTO,MOJOROTO,KEDIRI
8948145236,,ODP-KDI-FU/62,-7.822357,112.061876,,,8,0,0,0,8,REGIONAL 5,KEDIRI,KEDIRI,KDI,,,2024-03-16 23:22:06,2022-07-06,2022,7,NON TITO,,,JAWA TIMUR,0.0,BLACK,1193111725,AREA 3,JATIM,MADIUN,KEDIRI,,,0,0,0,JAWA TIMUR,KEDIRI,NGASEM,TUGUREJO,KEDIRI
8948146853,,ODP-NDL-FF/52,-7.929834,111.970937,,,8,0,0,0,8,REGIONAL 5,KEDIRI,KEDIRI,NDL,,,2024-03-16 23:22:44,2022-07-11,2022,7,NON TITO,,,JAWA TIMUR,0.0,BLACK,1193706129,AREA 3,JATIM,MADIUN,KEDIRI,,,0,0,0,JAWA TIMUR,KEDIRI,KRAS,JAMBEAN,KEDIRI
8982943602,,ODP-PPR-FE/73,-7.733441,112.045706,,,8,0,0,0,8,REGIONAL 5,KEDIRI,KEDIRI,PPR,,,2024-03-16 23:26:56,2022-07-12,2022,7,NON TITO,,,JAWA TIMUR,0.0,BLACK,1194225184,AREA 3,JATIM,MADIUN,KEDIRI,,,0,0,0,JAWA TIMUR,KEDIRI,PAPAR,PURWOTENGAH,KEDIRI
12044295418,,ODP-NDL-FH/61,-7.922059,112.012117,,,8,0,0,0,8,REGIONAL 5,KEDIRI,KEDIRI,NDL,,,2025-02-04 17:47:48,2025-02-03,2025,2,NON TITO,,,JAWA TIMUR,0.0,BLACK,1496008055,AREA 3,JATIM,MADIUN,KEDIRI,,,0,0,0,JAWA TIMUR,KEDIRI,NGADILUWIH,DUKUH,KEDIRI
8989544085,,ODP-PAE-FS/28,-7.854722,112.187433,,,8,0,0,0,8,REGIONAL 5,KEDIRI,KEDIRI,PAE,,,2024-03-16 23:23:28,2022-07-15,2022,7,NON TITO,,,JAWA TIMUR,0.0,BLACK,1196035844,AREA 3,JATIM,MADIUN,KEDIRI,,,0,0,0,JAWA TIMUR,KEDIRI,PLOSOKLATEN,PRANGGANG,KEDIRI
2877718951,,ODP-KDI-FBH/09,-7.813071,112.049784,,,8,0,0,0,8,REGIONAL 5,KEDIRI,KEDIRI,KDI,,,2024-03-16 23:28:49,2018-09-06,2018,9,NON TITO,,,JAWA TIMUR,0.0,BLACK,389842820,AREA 3,JATIM,MADIUN,KEDIRI,,,0,0,0,JAWA TIMUR,KEDIRI,NGASEM,SUKOREJO,KEDIRI
12056744026,,ODP-MJT-FAB/19,-7.777518,111.983227,,,8,0,0,0,8,REGIONAL 5,KEDIRI,KEDIRI,MJT,,,2025-02-18 17:40:52,2025-02-17,2025,2,NON TITO,,,JAWA TIMUR,0.0,BLACK,1496097263,AREA 3,JATIM,MADIUN,KEDIRI,,,0,0,0,JAWA TIMUR,KEDIRI,BANYAKAN,MANYARAN,KEDIRI
121160743,,ODP-KDI-FAB/07,-7.7948,112.0183,,,8,0,0,0,8,REGIONAL 5,KEDIRI,KEDIRI,KDI,,,2024-03-16 23:27:15,2016-02-23,2016,2,NON TITO,,,JAWA TIMUR,0.0,BLACK,6562228,AREA 3,JATIM,MADIUN,KEDIRI,,,0,0,0,JAWA TIMUR,KEDIRI,NGASEM,KARANGREJO,KEDIRI
2877794791,,ODP-KDI-FAE/62,-7.84897,112.033488,,,8,0,0,0,8,REGIONAL 5,KEDIRI,KEDIRI,KDI,,,2024-03-16 23:23:50,2018-09-05,2018,9,NON TITO,,,JAWA TIMUR,0.0,BLACK,389835973,AREA 3,JATIM,MADIUN,KEDIRI,,,0,0,0,JAWA TIMUR,KOTA KEDIRI,KOTA KEDIRI,NGRONGGO,KEDIRI
2666595440,,ODP-KDI-FV/67,-7.833194,112.047312,,,8,0,0,0,8,REGIONAL 5,KEDIRI,KEDIRI,KDI,,,2024-03-16 23:23:43,2018-07-06,2018,7,NON TITO,,,JAWA TIMUR,0.0,BLACK,361939468,AREA 3,JATIM,MADIUN,KEDIRI,,,0,0,0,JAWA TIMUR,KOTA KEDIRI,PESANTREN,BANGSAL,KEDIRI
2604269369,,ODP-MJT-FG/42,-7.773772,111.998863,,,8,0,0,0,8,REGIONAL 5,KEDIRI,KEDIRI,MJT,,,2024-03-16 23:22:39,2018-06-06,2018,6,NON TITO,,,JAWA TIMUR,0.0,BLACK,361383635,AREA 3,JATIM,MADIUN,KEDIRI,,,0,0,0,JAWA TIMUR,KOTA KEDIRI,MOJOROTO,DERMO,KEDIRI
12060868557,,ODP-KAA-FD/58,-7.75567,112.265654,,,8,0,0,0,8,REGIONAL 5,KEDIRI,KEDIRI,KAA,,,2025-02-22 17:39:24,2025-02-21,2025,2,NON TITO,,,JAWA TIMUR,0.0,BLACK,1496123516,AREA 3,JATIM,MADIUN,KEDIRI,,,0,0,0,JAWA TIMUR,KEDIRI,KANDANGAN,KLAMPISAN,KEDIRI
12064393856,,ODP-MJT-FAU/33,-7.691209,111.987626,,,8,0,0,0,8,REGIONAL 5,KEDIRI,KEDIRI,MJT,,,2025-02-22 17:40:21,2025-02-21,2025,2,NON TITO,,,JAWA TIMUR,0.0,BLACK,1496126669,AREA 3,JATIM,MADIUN,KEDIRI,,,0,0,0,JAWA TIMUR,NGANJUK,PRAMBON,ROWOHARJO,KEDIRI
12064393861,,ODP-MJT-FAU/34,-7.694691,111.984547,,,8,0,0,0,8,REGIONAL 5,KEDIRI,KEDIRI,MJT,,,2025-02-22 17:41:30,2025-02-21,2025,2,NON TITO,,,JAWA TIMUR,0.0,BLACK,1496126700,AREA 3,JATIM,MADIUN,KEDIRI,,,0,0,0,JAWA TIMUR,NGANJUK,PRAMBON,ROWOHARJO,KEDIRI
8023318602,,ODP-PAE-FE/23,-7.737634,112.130097,,,8,0,0,0,8,REGIONAL 5,KEDIRI,KEDIRI,PAE,,,2024-03-16 23:24:04,2021-11-03,2021,11,NON TITO,,,JAWA TIMUR,0.0,BLACK,1092496062,AREA 3,JATIM,MADIUN,KEDIRI,,,0,0,0,JAWA TIMUR,KEDIRI,KAYEN KIDUL,PADANGAN,KEDIRI
2514868939,,ODP-KDI-FD/05,-7.784732,112.013528,,,8,0,0,0,8,REGIONAL 5,KEDIRI,KEDIRI,KDI,,,2024-03-16 23:23:22,2018-05-21,2018,5,NON TITO,,,JAWA TIMUR,0.0,BLACK,354278958,AREA 3,JATIM,MADIUN,KEDIRI,,,0,0,0,JAWA TIMUR,KEDIRI,GAMPENGREJO,PUTIH,KEDIRI
9262394534,,ODP-MJT-FAA/27,-7.765002,111.95306,,,8,0,0,0,8,REGIONAL 5,KEDIRI,KEDIRI,MJT,,,2024-03-16 23:27:59,2022-09-14,2022,9,NON TITO,,,JAWA TIMUR,0.0,BLACK,1225969897,AREA 3,JATIM,MADIUN,KEDIRI,,,0,0,0,JAWA TIMUR,KEDIRI,GROGOL,GROGOL,KEDIRI
12064469149,,ODP-NDL-FP/57,-7.945157,111.935345,,,8,0,0,0,8,REGIONAL 5,KEDIRI,KEDIRI,NDL,,,2025-02-26 23:44:38,2025-02-25,2025,2,NON TITO,,,JAWA TIMUR,0.0,BLACK,1496221718,AREA 3,JATIM,MADIUN,KEDIRI,,,0,0,0,JAWA TIMUR,KEDIRI,MOJO,KRANDING,KEDIRI
12062068677,,ODP-PAE-FAA/28,-7.777111,112.239661,,,8,0,0,0,8,REGIONAL 5,KEDIRI,KEDIRI,PAE,,,2025-02-26 23:36:26,2025-02-26,2025,2,NON TITO,,,JAWA TIMUR,0.0,BLACK,1496231279,AREA 3,JATIM,MADIUN,KEDIRI,,,0,0,0,JAWA TIMUR,KEDIRI,KEPUNG,KENCONG,KEDIRI
9289919263,,ODP-MJT-FAA/28,-7.763609,111.954159,,,8,0,0,0,8,REGIONAL 5,KEDIRI,KEDIRI,MJT,,,2024-03-16 23:23:48,2022-09-19,2022,9,NON TITO,,,JAWA TIMUR,0.0,BLACK,1226010029,AREA 3,JATIM,MADIUN,KEDIRI,,,0,0,0,JAWA TIMUR,KEDIRI,GROGOL,GROGOL,KEDIRI
12062818970,,ODP-PPR-FD/70,-7.667846,112.088761,,,8,0,0,0,8,REGIONAL 5,KEDIRI,KEDIRI,PPR,,,2025-02-26 23:43:52,2025-02-26,2025,2,NON TITO,,,JAWA TIMUR,0.0,BLACK,1496231739,AREA 3,JATIM,MADIUN,KEDIRI,,,0,0,0,JAWA TIMUR,KEDIRI,PURWOASRI,MRANGGEN,KEDIRI
12063418822,,ODP-PPR-FE/93,-7.73235,112.098002,,,8,0,0,0,8,REGIONAL 5,KEDIRI,KEDIRI,PPR,,,2025-02-28 17:36:57,2025-02-27,2025,2,NON TITO,,,JAWA TIMUR,0.0,BLACK,1496233985,AREA 3,JATIM,MADIUN,KEDIRI,,,0,0,0,JAWA TIMUR,KEDIRI,KAYEN KIDUL,NANGGUNGAN,KEDIRI
12063719330,,ODP-PAE-FAP/14,-7.754178,112.226712,,,8,0,0,0,8,REGIONAL 5,KEDIRI,KEDIRI,PAE,,,2025-03-04 17:43:43,2025-03-03,2025,3,NON TITO,,,JAWA TIMUR,0.0,BLACK,1496256562,AREA 3,JATIM,MADIUN,KEDIRI,,,0,0,0,JAWA TIMUR,KEDIRI,BADAS,CANGGU,KEDIRI
12024795759,,ODP-PPR-FG/56,-7.653053,112.142533,,,8,0,0,0,8,REGIONAL 5,KEDIRI,KEDIRI,PPR,,,2025-01-21 17:42:18,2025-01-21,2025,1,NON TITO,,,JAWA TIMUR,0.0,BLACK,1495920285,AREA 3,JATIM,MADIUN,KEDIRI,,,0,0,0,JAWA TIMUR,KEDIRI,PURWOASRI,BELOR,KEDIRI
2457945768,,ODP-KAA-FC/34,-7.779611,112.292911,,,8,0,0,0,8,REGIONAL 5,KEDIRI,KEDIRI,KAA,,,2024-03-16 23:22:41,2018-04-23,2018,4,NON TITO,,,JAWA TIMUR,0.0,BLACK,353588338,AREA 3,JATIM,MADIUN,KEDIRI,,,0,0,0,JAWA TIMUR,MALANG,KASEMBON,SUKOSARI,KEDIRI
12016620401,,ODP-MJT-FAK/09,-7.864193,111.973778,,,8,0,0,0,8,REGIONAL 5,KEDIRI,KEDIRI,MJT,,,2025-01-21 17:46:25,2025-01-20,2025,1,NON TITO,,,JAWA TIMUR,0.0,BLACK,1495915176,AREA 3,JATIM,MADIUN,KEDIRI,,,0,0,0,JAWA TIMUR,KEDIRI,MOJO,KENITEN,KEDIRI
8810818739,,ODP-MJT-FAA/18,-7.763609,111.954159,,,8,0,0,0,8,REGIONAL 5,KEDIRI,KEDIRI,MJT,,,2024-03-16 23:27:48,2022-06-02,2022,6,NON TITO,,,JAWA TIMUR,0.0,BLACK,1183363943,AREA 3,JATIM,MADIUN,KEDIRI,,,0,0,0,JAWA TIMUR,KEDIRI,GROGOL,GROGOL,KEDIRI
12011968582,,ODP-NDL-FD/69,-7.882642,111.966538,,,8,0,0,0,8,REGIONAL 5,KEDIRI,KEDIRI,NDL,,,2024-12-14 18:06:38,2024-12-13,2024,12,NON TITO,,,JAWA TIMUR,0.0,BLACK,1495494679,AREA 3,JATIM,MADIUN,KEDIRI,,,0,0,0,JAWA TIMUR,KEDIRI,MOJO,SURAT,KEDIRI
8649343685,,ODP-SBI-FH/05,-7.962763,112.017752,,,8,0,0,0,8,REGIONAL 5,KEDIRI,KEDIRI,SBI,,,2024-03-16 23:22:29,2022-04-11,2022,4,NON TITO,,,JAWA TIMUR,0.0,BLACK,1175918667,AREA 3,JATIM,MADIUN,KEDIRI,,,0,0,0,JAWA TIMUR,KEDIRI,RINGINREJO,SUSUHBANGO,KEDIRI
12012868652,,ODP-SBI-FJ/03,-7.924303,112.039581,,,8,0,0,0,8,REGIONAL 5,KEDIRI,KEDIRI,SBI,,,2024-12-14 18:07:11,2024-12-13,2024,12,NON TITO,,,JAWA TIMUR,0.0,BLACK,1495495530,AREA 3,JATIM,MADIUN,KEDIRI,,,0,0,0,JAWA TIMUR,KEDIRI,KANDAT,KANDAT,KEDIRI
12016618772,,ODP-PAE-FZ/37,-7.734092,112.215149,,,8,0,0,0,8,REGIONAL 5,KEDIRI,KEDIRI,PAE,,,2024-12-14 18:07:32,2024-12-13,2024,12,NON TITO,,,JAWA TIMUR,0.0,BLACK,1495495532,AREA 3,JATIM,MADIUN,KEDIRI,,,0,0,0,JAWA TIMUR,KEDIRI,BADAS,CANGGU,KEDIRI
12012868657,,ODP-SBI-FJ/04,-7.923736,112.037113,,,8,0,0,0,8,REGIONAL 5,KEDIRI,KEDIRI,SBI,,,2024-12-14 18:06:12,2024-12-13,2024,12,NON TITO,,,JAWA TIMUR,0.0,BLACK,1495495535,AREA 3,JATIM,MADIUN,KEDIRI,,,0,0,0,JAWA TIMUR,KEDIRI,KANDAT,KANDAT,KEDIRI
8707768742,,ODP-NDL-FN/17,-7.8921,111.979987,,,8,0,0,0,8,REGIONAL 5,KEDIRI,KEDIRI,NDL,,,2024-03-16 23:22:45,2022-04-25,2022,4,NON TITO,,,JAWA TIMUR,0.0,BLACK,1178310832,AREA 3,JATIM,MADIUN,KEDIRI,,,0,0,0,JAWA TIMUR,KEDIRI,NGADILUWIH,NGADILUWIH,KEDIRI
12018493528,,ODP-PAE-FAB/41,-7.808999,112.293733,,,8,0,0,0,8,REGIONAL 5,KEDIRI,KEDIRI,PAE,,,2024-12-17 17:34:49,2024-12-16,2024,12,NON TITO,,,JAWA TIMUR,0.0,BLACK,1495500415,AREA 3,JATIM,MADIUN,KEDIRI,,,0,0,0,JAWA TIMUR,KEDIRI,KEPUNG,SIMAN,KEDIRI
12018493538,,ODP-PAE-FAB/38,-7.795777,112.298723,,,8,0,0,0,8,REGIONAL 5,KEDIRI,KEDIRI,PAE,,,2024-12-17 17:34:27,2024-12-16,2024,12,NON TITO,,,JAWA TIMUR,0.0,BLACK,1495500421,AREA 3,JATIM,MADIUN,KEDIRI,,,0,0,0,JAWA TIMUR,KEDIRI,KEPUNG,BRUMBUNG,KEDIRI
8702369894,,ODP-SBI-FA/25,-7.975824,112.04191,,,8,0,0,0,8,REGIONAL 5,KEDIRI,KEDIRI,SBI,,,2024-03-16 23:23:54,2022-04-26,2022,4,NON TITO,,,JAWA TIMUR,0.0,BLACK,1178463525,AREA 3,JATIM,MADIUN,KEDIRI,,,0,0,0,JAWA TIMUR,KEDIRI,RINGINREJO,SELODONO,KEDIRI
12025243723,,ODP-PAE-FV/22,-7.80639,112.237252,,,8,0,0,0,8,REGIONAL 5,KEDIRI,KEDIRI,PAE,,,2024-12-24 17:32:42,2024-12-23,2024,12,NON TITO,,,JAWA TIMUR,0.0,BLACK,1495538793,AREA 3,JATIM,MADIUN,KEDIRI,,,0,0,0,JAWA TIMUR,KEDIRI,PUNCU,WONOREJO,KEDIRI
12025468614,,ODP-KAA-FB/80,-7.754657,112.276157,,,8,0,0,0,8,REGIONAL 5,KEDIRI,KEDIRI,KAA,,,2024-12-25 17:52:59,2024-12-24,2024,12,NON TITO,,,JAWA TIMUR,0.0,BLACK,1495622360,AREA 3,JATIM,MADIUN,KEDIRI,,,0,0,0,JAWA TIMUR,KEDIRI,KANDANGAN,KANDANGAN,KEDIRI
8702369904,,ODP-SBI-FA/22,-7.976502,112.044178,,,8,0,0,0,8,REGIONAL 5,KEDIRI,KEDIRI,SBI,,,2024-03-16 23:23:55,2022-04-26,2022,4,NON TITO,,,JAWA TIMUR,0.0,BLACK,1178463533,AREA 3,JATIM,MADIUN,KEDIRI,,,0,0,0,JAWA TIMUR,KEDIRI,RINGINREJO,SELODONO,KEDIRI
12022846065,,ODP-PAE-FAD/26,-7.765313,112.132896,,,8,0,0,0,8,REGIONAL 5,KEDIRI,KEDIRI,PAE,,,2024-12-28 17:32:12,2024-12-27,2024,12,NON TITO,,,JAWA TIMUR,0.0,BLACK,1495551004,AREA 3,JATIM,MADIUN,KEDIRI,,,0,0,0,JAWA TIMUR,KEDIRI,KAYEN KIDUL,SUKOHARJO,KEDIRI
12022846068,,ODP-PAE-FAD/24,-7.763274,112.134029,,,8,0,0,0,8,REGIONAL 5,KEDIRI,KEDIRI,PAE,,,2024-12-28 17:32:10,2024-12-27,2024,12,NON TITO,,,JAWA TIMUR,0.0,BLACK,1495551006,AREA 3,JATIM,MADIUN,KEDIRI,,,0,0,0,JAWA TIMUR,KEDIRI,PARE,SAMBIREJO,KEDIRI
12022846071,,ODP-PAE-FAD/25,-7.7637,112.131916,,,8,0,0,0,8,REGIONAL 5,KEDIRI,KEDIRI,PAE,,,2024-12-28 17:31:52,2024-12-27,2024,12,NON TITO,,,JAWA TIMUR,0.0,BLACK,1495551008,AREA 3,JATIM,MADIUN,KEDIRI,,,0,0,0,JAWA TIMUR,KEDIRI,KAYEN KIDUL,SUKOHARJO,KEDIRI
8702222306,,ODP-KDI-FAW/29,-7.876784,112.01967,,,8,0,0,0,8,REGIONAL 5,KEDIRI,KEDIRI,KDI,,,2024-03-16 23:27:42,2022-05-09,2022,5,NON TITO,,,JAWA TIMUR,0.0,BLACK,1179959992,AREA 3,JATIM,MADIUN,KEDIRI,,,0,0,0,JAWA TIMUR,KEDIRI,KANDAT,BLABAK,KEDIRI
3206293909,,ODP-MJT-FH/32,-7.83766,111.995879,,,8,0,0,0,8,REGIONAL 5,KEDIRI,KEDIRI,MJT,,,2024-03-16 23:21:44,2018-12-20,2018,12,NON TITO,,,JAWA TIMUR,0.0,BLACK,407352905,AREA 3,JATIM,MADIUN,KEDIRI,,,0,0,0,JAWA TIMUR,KOTA KEDIRI,MOJOROTO,BANJARMLATI,KEDIRI
12023296042,,ODP-PPR-FC/48,-7.697669,112.11034,,,8,0,0,0,8,REGIONAL 5,KEDIRI,KEDIRI,PPR,,,2024-12-30 17:32:35,2024-12-29,2024,12,NON TITO,,,JAWA TIMUR,0.0,BLACK,1495646683,AREA 3,JATIM,MADIUN,KEDIRI,,,0,0,0,JAWA TIMUR,KEDIRI,PAPAR,NGAMPEL,KEDIRI
12023296048,,ODP-PPR-FC/49,-7.697133,112.109989,,,8,0,0,0,8,REGIONAL 5,KEDIRI,KEDIRI,PPR,,,2024-12-30 17:32:40,2024-12-29,2024,12,NON TITO,,,JAWA TIMUR,0.0,BLACK,1495646687,AREA 3,JATIM,MADIUN,KEDIRI,,,0,0,0,JAWA TIMUR,KEDIRI,PAPAR,NGAMPEL,KEDIRI
8705299248,,ODP-SBI-FL/32,-7.951097,112.026881,,,8,0,0,0,8,REGIONAL 5,KEDIRI,KEDIRI,SBI,,,2024-03-16 23:27:14,2022-05-09,2022,5,NON TITO,,,JAWA TIMUR,0.0,BLACK,1179962810,AREA 3,JATIM,MADIUN,KEDIRI,,,0,0,0,JAWA TIMUR,KEDIRI,KANDAT,SUMBERJO,KEDIRI
12025694068,,ODP-WAT-FC/39,-7.91798,112.101277,,,8,0,0,0,8,REGIONAL 5,KEDIRI,KEDIRI,WAT,,,2025-01-03 17:33:43,2025-01-02,2025,1,NON TITO,,,JAWA TIMUR,0.0,BLACK,1495669050,AREA 3,JATIM,MADIUN,KEDIRI,,,0,0,0,JAWA TIMUR,KEDIRI,WATES,GADUNGAN,KEDIRI
12025694073,,ODP-WAT-FC/40,-7.916768,112.098359,,,8,0,0,0,8,REGIONAL 5,KEDIRI,KEDIRI,WAT,,,2025-01-03 17:32:24,2025-01-02,2025,1,NON TITO,,,JAWA TIMUR,0.0,BLACK,1495669053,AREA 3,JATIM,MADIUN,KEDIRI,,,0,0,0,JAWA TIMUR,KEDIRI,WATES,GADUNGAN,KEDIRI
8705299288,,ODP-SBI-FL/24,-7.94145,111.990596,,,8,0,0,0,8,REGIONAL 5,KEDIRI,KEDIRI,SBI,,,2024-03-16 23:27:19,2022-05-09,2022,5,NON TITO,,,JAWA TIMUR,0.0,BLACK,1179962859,AREA 3,JATIM,MADIUN,KEDIRI,,,0,0,0,JAWA TIMUR,KEDIRI,KRAS,KRANDANG,KEDIRI
12025469713,,ODP-WAT-FX/47,-7.867346,112.123116,,,8,0,0,0,8,REGIONAL 5,KEDIRI,KEDIRI,WAT,,,2025-01-14 23:39:31,2025-01-14,2025,1,NON TITO,,,JAWA TIMUR,0.0,BLACK,1495731701,AREA 3,JATIM,MADIUN,KEDIRI,,,0,0,0,JAWA TIMUR,KEDIRI,PLOSOKLATEN,KAYUNAN,KEDIRI
12034244412,,ODP-WAT-FE/27,-7.972981,112.128342,,,8,0,0,0,8,REGIONAL 5,KEDIRI,KEDIRI,WAT,,,2025-01-18 23:36:17,2025-01-17,2025,1,NON TITO,,,JAWA TIMUR,0.0,BLACK,1495749194,AREA 3,JATIM,MADIUN,KEDIRI,,,0,0,0,JAWA TIMUR,KEDIRI,NGANCAR,BEDALI,KEDIRI
12016620396,,ODP-MJT-FAK/10,-7.865875,111.976788,,,8,0,0,0,8,REGIONAL 5,KEDIRI,KEDIRI,MJT,,,2025-01-21 17:46:31,2025-01-20,2025,1,NON TITO,,,JAWA TIMUR,0.0,BLACK,1495915173,AREA 3,JATIM,MADIUN,KEDIRI,,,0,0,0,JAWA TIMUR,KEDIRI,MOJO,MONDO,KEDIRI
8649343665,,ODP-SBI-FB/12,-8.002498,112.036691,,,8,0,0,0,8,REGIONAL 5,KEDIRI,KEDIRI,SBI,,,2024-03-16 23:22:37,2022-04-11,2022,4,NON TITO,,,JAWA TIMUR,0.0,BLACK,1175918634,AREA 3,JATIM,MADIUN,KEDIRI,,,0,0,0,JAWA TIMUR,BLITAR,UDANAWU,BAKUNG,KEDIRI
12062894772,,ODP-NDL-FF/55,-7.926726,111.984402,,,8,0,0,0,8,REGIONAL 5,KEDIRI,KEDIRI,NDL,,,2025-03-05 17:39:34,2025-03-04,2025,3,NON TITO,,,JAWA TIMUR,0.0,BLACK,1496260585,AREA 3,JATIM,MADIUN,KEDIRI,,,0,0,0,JAWA TIMUR,KEDIRI,NGADILUWIH,TALES,KEDIRI
12069493835,,ODP-PAE-FP/41,-7.834118,112.234847,,,8,0,0,0,8,REGIONAL 5,KEDIRI,KEDIRI,PAE,,,2025-03-08 17:40:32,2025-03-07,2025,3,NON TITO,,,JAWA TIMUR,0.0,BLACK,1496279870,AREA 3,JATIM,MADIUN,KEDIRI,,,0,0,0,JAWA TIMUR,KEDIRI,PUNCU,WONOREJO,KEDIRI
121161983,,ODP-KDI-FAG/07,-7.8551,112.0303,,,8,0,0,0,8,REGIONAL 5,KEDIRI,KEDIRI,KDI,,,2024-03-16 23:26:56,2016-02-23,2016,2,NON TITO,,,JAWA TIMUR,0.0,BLACK,6563082,AREA 3,JATIM,MADIUN,KEDIRI,,,0,0,0,JAWA TIMUR,KOTA KEDIRI,PESANTREN,BLABAK,KEDIRI
12124543808,,ODP-PPR-FD/75,-7.668429,112.109576,,,8,0,0,0,8,REGIONAL 5,KEDIRI,KEDIRI,PPR,,,2025-04-30 17:55:54,2025-04-29,2025,4,NON TITO,,,JAWA TIMUR,0.0,BLACK,1497403570,AREA 3,JATIM,MADIUN,KEDIRI,,,0,0,0,JAWA TIMUR,KEDIRI,PURWOASRI,JANTOK,KEDIRI
12124543813,,ODP-PPR-FD/73,-7.670741,112.113352,,,8,0,0,0,8,REGIONAL 5,KEDIRI,KEDIRI,PPR,,,2025-04-30 17:57:11,2025-04-29,2025,4,NON TITO,,,JAWA TIMUR,0.0,BLACK,1497403573,AREA 3,JATIM,MADIUN,KEDIRI,,,0,0,0,JAWA TIMUR,KEDIRI,PAPAR,PUHJAJAR,KEDIRI
9918193709,,ODP-KDI-FAU/23,-7.850778,112.079665,,,8,0,0,0,8,REGIONAL 5,KEDIRI,KEDIRI,KDI,,,2024-03-16 23:27:00,2023-02-24,2023,2,NON TITO,,,JAWA TIMUR,0.0,BLACK,1268624919,AREA 3,JATIM,MADIUN,KEDIRI,,,0,0,0,JAWA TIMUR,KEDIRI,WATES,JANTI,KEDIRI
2122095437,,ODP-PAE-FAE/10,-7.767289,112.156504,,,8,0,0,0,8,REGIONAL 5,KEDIRI,KEDIRI,PAE,,,2024-03-16 23:27:07,2018-01-06,2018,1,NON TITO,,,JAWA TIMUR,0.0,BLACK,259364759,AREA 3,JATIM,MADIUN,KEDIRI,,,0,0,0,JAWA TIMUR,KEDIRI,PARE,DARUNGAN,KEDIRI
2107169563,,ODP-PAE-FAE/22,-7.764421,112.15865,,,8,0,0,0,8,REGIONAL 5,KEDIRI,KEDIRI,PAE,,,2024-03-16 23:22:17,2018-01-03,2018,1,NON TITO,,,JAWA TIMUR,0.0,BLACK,258995478,AREA 3,JATIM,MADIUN,KEDIRI,,,0,0,0,JAWA TIMUR,KEDIRI,PARE,BENDO,KEDIRI
10194868585,,ODP-MJT-FAE/44,-7.804419,112.004057,,,8,0,0,0,8,REGIONAL 5,KEDIRI,KEDIRI,MJT,,,2024-03-16 23:22:30,2023-05-19,2023,5,NON TITO,,,JAWA TIMUR,0.0,BLACK,1290351002,AREA 3,JATIM,MADIUN,KEDIRI,,,0,0,0,JAWA TIMUR,KOTA KEDIRI,MOJOROTO,MOJOROTO,KEDIRI
10203943716,,ODP-WAT-FF/15,-7.938482,112.132482,,,8,0,0,0,8,REGIONAL 5,KEDIRI,KEDIRI,WAT,,,2024-03-16 23:24:00,2023-05-24,2023,5,NON TITO,,,JAWA TIMUR,0.0,BLACK,1292972755,AREA 3,JATIM,MADIUN,KEDIRI,,,0,0,0,JAWA TIMUR,KEDIRI,NGANCAR,KUNJANG,KEDIRI
10201319155,,ODP-WAT-FP/32,-7.925992,112.223775,,,8,0,0,0,8,REGIONAL 5,KEDIRI,KEDIRI,WAT,,,2024-03-16 23:22:38,2023-05-25,2023,5,NON TITO,,,JAWA TIMUR,0.0,BLACK,1292977688,AREA 3,JATIM,MADIUN,KEDIRI,,,0,0,0,JAWA TIMUR,KEDIRI,NGANCAR,SUGIHWARAS,KEDIRI
10224270091,,ODP-MJT-FD/37,-7.760824,111.966427,,,8,0,0,0,8,REGIONAL 5,KEDIRI,KEDIRI,MJT,,,2024-03-16 23:28:55,2023-05-31,2023,5,NON TITO,,,JAWA TIMUR,0.0,BLACK,1293899522,AREA 3,JATIM,MADIUN,KEDIRI,,,0,0,0,JAWA TIMUR,KEDIRI,BANYAKAN,JATIREJO,KEDIRI
10244368540,,ODP-PAE-FAC/19,-7.771343,112.114006,,,8,0,0,0,8,REGIONAL 5,KEDIRI,KEDIRI,PAE,,,2024-03-16 23:26:00,2023-06-05,2023,6,NON TITO,,,JAWA TIMUR,0.0,BLACK,1294125288,AREA 3,JATIM,MADIUN,KEDIRI,,,0,0,0,JAWA TIMUR,KEDIRI,KAYEN KIDUL,SUKOHARJO,KEDIRI
10322443670,,ODP-GUR-FK/22,-7.802322,112.121781,,,8,0,0,0,8,REGIONAL 5,KEDIRI,KEDIRI,GUR,,,2024-03-16 23:26:41,2023-06-26,2023,6,NON TITO,,,JAWA TIMUR,0.0,BLACK,1300439655,AREA 3,JATIM,MADIUN,KEDIRI,,,0,0,0,JAWA TIMUR,KEDIRI,GURAH,TAMBAKREJO,KEDIRI
10405619529,,ODP-NDL-FG/59,-7.88658,111.984052,,,8,0,0,0,8,REGIONAL 5,KEDIRI,KEDIRI,NDL,,,2024-03-16 23:21:18,2023-07-15,2023,7,NON TITO,,,JAWA TIMUR,0.0,BLACK,1303004605,AREA 3,JATIM,MADIUN,KEDIRI,,,0,0,0,JAWA TIMUR,KEDIRI,NGADILUWIH,BADAL,KEDIRI
2107620247,,ODP-NDL-FL/03,-7.913007,112.017203,,,8,0,0,0,8,REGIONAL 5,KEDIRI,KEDIRI,NDL,,,2024-03-16 23:28:08,2017-12-30,2017,12,NON TITO,,,JAWA TIMUR,0.0,BLACK,258691815,AREA 3,JATIM,MADIUN,KEDIRI,,,0,0,0,JAWA TIMUR,KEDIRI,NGADILUWIH,DUKUH,KEDIRI
121162452,,ODP-KDI-FA/49,-7.8408,112.0296,,,8,0,0,0,8,REGIONAL 5,KEDIRI,KEDIRI,KDI,,,2024-03-16 23:26:49,2016-02-23,2016,2,NON TITO,,,JAWA TIMUR,0.0,BLACK,6563390,AREA 3,JATIM,MADIUN,KEDIRI,,,0,0,0,JAWA TIMUR,KOTA KEDIRI,KOTA,NGRONGGO,KEDIRI
10518119339,,ODP-KDI-FBF/56,-7.779609,112.053239,,,8,0,0,0,8,REGIONAL 5,KEDIRI,KEDIRI,KDI,,,2024-03-16 23:27:07,2023-08-17,2023,8,NON TITO,,,JAWA TIMUR,0.0,BLACK,1311648792,AREA 3,JATIM,MADIUN,KEDIRI,,,0,0,0,JAWA TIMUR,KEDIRI,NGASEM,TOYORESMI,KEDIRI
12186344010,,ODP-PPR-FG/69,-7.691082,112.182414,,,8,0,0,0,8,REGIONAL 5,KEDIRI,KEDIRI,PPR,,,2025-06-01 19:16:05,2025-05-31,2025,5,NON TITO,,,JAWA TIMUR,0.0,BLACK,1499225194,AREA 3,JATIM,MADIUN,KEDIRI,,,0,0,0,JAWA TIMUR,KEDIRI,PLEMAHAN,SUKOHARJO,KEDIRI
12186344015,,ODP-PPR-FG/70,-7.683976,112.171602,,,8,0,0,0,8,REGIONAL 5,KEDIRI,KEDIRI,PPR,,,2025-06-01 19:18:08,2025-05-31,2025,5,NON TITO,,,JAWA TIMUR,0.0,BLACK,1499225197,AREA 3,JATIM,MADIUN,KEDIRI,,,0,0,0,JAWA TIMUR,KEDIRI,PLEMAHAN,SUKOHARJO,KEDIRI
2000294596,,ODP-KDI-FB/47,-7.78402,112.005906,,,8,0,0,0,8,REGIONAL 5,KEDIRI,KEDIRI,KDI,,,2024-03-16 23:26:20,2017-11-20,2017,11,NON TITO,,,JAWA TIMUR,0.0,BLACK,255729283,AREA 3,JATIM,MADIUN,KEDIRI,,,0,0,0,JAWA TIMUR,KEDIRI,GAMPENGREJO,JONGBIRU,KEDIRI
1934669091,,ODP-KDI-FW/40,-7.827352,112.032457,,,8,0,0,0,8,REGIONAL 5,KEDIRI,KEDIRI,KDI,,,2024-03-16 23:27:09,2017-10-26,2017,10,NON TITO,,,JAWA TIMUR,0.0,BLACK,241378298,AREA 3,JATIM,MADIUN,KEDIRI,,,0,0,0,JAWA TIMUR,KOTA KEDIRI,PESANTREN,BANGSAL,KEDIRI
1908197163,,ODP-KDI-FN/11,-7.775349,112.033327,,,8,0,0,0,8,REGIONAL 5,KEDIRI,KEDIRI,KDI,,,2024-03-16 23:24:04,2017-10-18,2017,10,NON TITO,,,JAWA TIMUR,0.0,BLACK,238290435,AREA 3,JATIM,MADIUN,KEDIRI,,,0,0,0,JAWA TIMUR,KEDIRI,GAMPENGREJO,SAMBIRESIK,KEDIRI
10636694184,,ODP-KDI-FN/43,-7.771542,112.046872,,,8,0,0,0,8,REGIONAL 5,KEDIRI,KEDIRI,KDI,,,2024-03-16 23:24:48,2023-09-16,2023,9,NON TITO,,,JAWA TIMUR,0.0,BLACK,1321633055,AREA 3,JATIM,MADIUN,KEDIRI,,,0,0,0,JAWA TIMUR,KEDIRI,NGASEM,WONOCATUR,KEDIRI
10662494472,,ODP-KDI-FAY/46,-7.842757,112.021704,,,8,0,0,0,8,REGIONAL 5,KEDIRI,KEDIRI,KDI,,,2024-03-16 23:23:27,2023-09-22,2023,9,NON TITO,,,JAWA TIMUR,0.0,BLACK,1322843553,AREA 3,JATIM,MADIUN,KEDIRI,,,0,0,0,JAWA TIMUR,KOTA KEDIRI,KOTA KEDIRI,NGRONGGO,KEDIRI
10665344724,,ODP-GUR-FC/28,-7.817156,112.11082,,,8,0,0,0,8,REGIONAL 5,KEDIRI,KEDIRI,GUR,,,2024-03-16 23:23:44,2023-10-04,2023,10,NON TITO,,,JAWA TIMUR,0.0,BLACK,1324415136,AREA 3,JATIM,MADIUN,KEDIRI,,,0,0,0,JAWA TIMUR,KEDIRI,GURAH,SUMBERCANGKRING,KEDIRI
10709218789,,ODP-PPR-FA/13,-7.716558,112.144341,,,8,0,0,0,8,REGIONAL 5,KEDIRI,KEDIRI,PPR,,,2024-03-16 23:28:33,2023-10-05,2023,10,NON TITO,,,JAWA TIMUR,0.0,BLACK,1324418842,AREA 3,JATIM,MADIUN,KEDIRI,,,0,0,0,JAWA TIMUR,KEDIRI,PLEMAHAN,PAYAMAN,KEDIRI
9829843557,,ODP-MJT-FF/66,-7.772023,112.009559,,,8,0,0,0,8,REGIONAL 5,KEDIRI,KEDIRI,MJT,,,2024-03-16 23:29:01,2023-02-02,2023,2,NON TITO,,,JAWA TIMUR,0.0,BLACK,1266149144,AREA 3,JATIM,MADIUN,KEDIRI,,,0,0,0,JAWA TIMUR,KEDIRI,BANYAKAN,JABON,KEDIRI
2442795297,,ODP-GUR-FF/17,-7.824608,112.12576,,,8,0,0,0,8,REGIONAL 5,KEDIRI,KEDIRI,GUR,,,2024-03-16 23:25:17,2018-04-19,2018,4,NON TITO,,,JAWA TIMUR,0.0,BLACK,353568334,AREA 3,JATIM,MADIUN,KEDIRI,,,0,0,0,JAWA TIMUR,KEDIRI,PLOSOKLATEN,KAWEDUSAN,KEDIRI
12121918697,,ODP-MJT-FC/63,-7.741946,111.981901,,,8,0,0,0,8,REGIONAL 5,KEDIRI,KEDIRI,MJT,,,2025-04-25 18:00:02,2025-04-24,2025,4,NON TITO,,,JAWA TIMUR,0.0,BLACK,1497372736,AREA 3,JATIM,MADIUN,KEDIRI,,,0,0,0,JAWA TIMUR,KEDIRI,GROGOL,SONOREJO,KEDIRI
12122293666,,ODP-KAA-FD/61,-7.773063,112.268508,,,8,0,0,0,8,REGIONAL 5,KEDIRI,KEDIRI,KAA,,,2025-04-25 17:58:36,2025-04-24,2025,4,NON TITO,,,JAWA TIMUR,0.0,BLACK,1497372163,AREA 3,JATIM,MADIUN,KEDIRI,,,0,0,0,JAWA TIMUR,KEDIRI,KEPUNG,DAMARWULAN,KEDIRI
12069493840,,ODP-PAE-FP/40,-7.832912,112.234364,,,8,0,0,0,8,REGIONAL 5,KEDIRI,KEDIRI,PAE,,,2025-03-08 17:39:56,2025-03-07,2025,3,NON TITO,,,JAWA TIMUR,0.0,BLACK,1496279874,AREA 3,JATIM,MADIUN,KEDIRI,,,0,0,0,JAWA TIMUR,KEDIRI,PUNCU,WONOREJO,KEDIRI
12069493845,,ODP-PAE-FP/44,-7.836898,112.235885,,,8,0,0,0,8,REGIONAL 5,KEDIRI,KEDIRI,PAE,,,2025-03-08 17:39:26,2025-03-07,2025,3,NON TITO,,,JAWA TIMUR,0.0,BLACK,1496279877,AREA 3,JATIM,MADIUN,KEDIRI,,,0,0,0,JAWA TIMUR,KEDIRI,PUNCU,WONOREJO,KEDIRI
12069493850,,ODP-PAE-FP/42,-7.83577,112.23683,,,8,0,0,0,8,REGIONAL 5,KEDIRI,KEDIRI,PAE,,,2025-03-08 17:40:09,2025-03-07,2025,3,NON TITO,,,JAWA TIMUR,0.0,BLACK,1496279881,AREA 3,JATIM,MADIUN,KEDIRI,,,0,0,0,JAWA TIMUR,KEDIRI,PUNCU,WONOREJO,KEDIRI
12069493855,,ODP-PAE-FP/39,-7.83307,112.235557,,,8,0,0,0,8,REGIONAL 5,KEDIRI,KEDIRI,PAE,,,2025-03-08 17:40:09,2025-03-07,2025,3,NON TITO,,,JAWA TIMUR,0.0,BLACK,1496279884,AREA 3,JATIM,MADIUN,KEDIRI,,,0,0,0,JAWA TIMUR,KEDIRI,PUNCU,WONOREJO,KEDIRI
12075718558,,ODP-WAT-FN/36,-7.895191,112.137068,,,8,0,0,0,8,REGIONAL 5,KEDIRI,KEDIRI,WAT,,,2025-03-13 17:07:17,2025-03-11,2025,3,NON TITO,,,JAWA TIMUR,0.0,BLACK,1496302544,AREA 3,JATIM,MADIUN,KEDIRI,,,0,0,0,JAWA TIMUR,KEDIRI,WATES,TUNGE,KEDIRI
2403497093,,ODP-KDI-FX/66,-7.851441,112.020225,,,8,0,0,0,8,REGIONAL 5,KEDIRI,KEDIRI,KDI,,,2024-03-16 23:25:32,2018-04-10,2018,4,NON TITO,,,JAWA TIMUR,0.0,BLACK,333690430,AREA 3,JATIM,MADIUN,KEDIRI,,,0,0,0,JAWA TIMUR,KOTA KEDIRI,KOTA,REJOMULYO,KEDIRI
2403496689,,ODP-KDI-FX/67,-7.851434,112.020202,,,8,0,0,0,8,REGIONAL 5,KEDIRI,KEDIRI,KDI,,,2024-03-16 23:24:46,2018-04-10,2018,4,NON TITO,,,JAWA TIMUR,0.0,BLACK,333690247,AREA 3,JATIM,MADIUN,KEDIRI,,,0,0,0,JAWA TIMUR,KOTA KEDIRI,KOTA,REJOMULYO,KEDIRI
12077743921,,ODP-PAE-FS/47,-7.829815,112.187718,,,8,0,0,0,8,REGIONAL 5,KEDIRI,KEDIRI,PAE,,,2025-03-15 17:37:51,2025-03-14,2025,3,NON TITO,,,JAWA TIMUR,0.0,BLACK,1496322342,AREA 3,JATIM,MADIUN,KEDIRI,,,0,0,0,JAWA TIMUR,KEDIRI,PUNCU,SIDOMULYO,KEDIRI
2403496842,,ODP-KDI-FX/68,-7.852031,112.020044,,,8,0,0,0,8,REGIONAL 5,KEDIRI,KEDIRI,KDI,,,2024-03-16 23:25:15,2018-04-10,2018,4,NON TITO,,,JAWA TIMUR,0.0,BLACK,333621191,AREA 3,JATIM,MADIUN,KEDIRI,,,0,0,0,JAWA TIMUR,KOTA KEDIRI,KOTA,REJOMULYO,KEDIRI
2403496832,,ODP-KDI-FX/69,-7.852052,112.020115,,,8,0,0,0,8,REGIONAL 5,KEDIRI,KEDIRI,KDI,,,2024-03-16 23:25:04,2018-04-10,2018,4,NON TITO,,,JAWA TIMUR,0.0,BLACK,333621186,AREA 3,JATIM,MADIUN,KEDIRI,,,0,0,0,JAWA TIMUR,KOTA KEDIRI,KOTA,REJOMULYO,KEDIRI
12075868912,,ODP-NDL-FN/27,-7.894356,111.986087,,,8,0,0,0,8,REGIONAL 5,KEDIRI,KEDIRI,NDL,,,2025-03-18 17:39:41,2025-03-17,2025,3,NON TITO,,,JAWA TIMUR,0.0,BLACK,1496338368,AREA 3,JATIM,MADIUN,KEDIRI,,,0,0,0,JAWA TIMUR,KEDIRI,NGADILUWIH,NGADILUWIH,KEDIRI
12075868917,,ODP-NDL-FN/26,-7.896239,111.985021,,,8,0,0,0,8,REGIONAL 5,KEDIRI,KEDIRI,NDL,,,2025-03-18 17:40:16,2025-03-17,2025,3,NON TITO,,,JAWA TIMUR,0.0,BLACK,1496338371,AREA 3,JATIM,MADIUN,KEDIRI,,,0,0,0,JAWA TIMUR,KEDIRI,NGADILUWIH,NGADILUWIH,KEDIRI
12085844521,,ODP-PPR-FB/46,-7.689304,112.118553,,,8,0,0,0,8,REGIONAL 5,KEDIRI,KEDIRI,PPR,,,2025-03-28 17:52:41,2025-03-27,2025,3,NON TITO,,,JAWA TIMUR,0.0,BLACK,1496473844,AREA 3,JATIM,MADIUN,KEDIRI,,,0,0,0,JAWA TIMUR,KEDIRI,PAPAR,KEPUH,KEDIRI
12085844526,,ODP-PPR-FB/47,-7.690121,112.117285,,,8,0,0,0,8,REGIONAL 5,KEDIRI,KEDIRI,PPR,,,2025-03-28 17:51:24,2025-03-27,2025,3,NON TITO,,,JAWA TIMUR,0.0,BLACK,1496473847,AREA 3,JATIM,MADIUN,KEDIRI,,,0,0,0,JAWA TIMUR,KEDIRI,PAPAR,KEPUH,KEDIRI
9513951276,,ODP-NDL-FP/29,-7.955156,111.907536,,,8,0,0,0,8,REGIONAL 5,KEDIRI,KEDIRI,NDL,,,2024-03-16 23:22:39,2022-11-16,2022,11,NON TITO,,,JAWA TIMUR,0.0,BLACK,1250774744,AREA 3,JATIM,MADIUN,KEDIRI,,,0,0,0,JAWA TIMUR,KEDIRI,MOJO,NGETREP,KEDIRI
9580018850,,ODP-MJT-FAA/37,-7.763396,111.949435,,,8,0,0,0,8,REGIONAL 5,KEDIRI,KEDIRI,MJT,,,2024-03-16 23:25:38,2022-11-28,2022,11,NON TITO,,,JAWA TIMUR,0.0,BLACK,1252437857,AREA 3,JATIM,MADIUN,KEDIRI,,,0,0,0,JAWA TIMUR,KEDIRI,GROGOL,GROGOL,KEDIRI
9580018855,,ODP-MJT-FAA/38,-7.754715,111.946975,,,8,0,0,0,8,REGIONAL 5,KEDIRI,KEDIRI,MJT,,,2024-03-16 23:25:54,2022-11-28,2022,11,NON TITO,,,JAWA TIMUR,0.0,BLACK,1252437860,AREA 3,JATIM,MADIUN,KEDIRI,,,0,0,0,JAWA TIMUR,KEDIRI,GROGOL,GROGOL,KEDIRI
9602068838,,ODP-MJT-FU/21,-7.845408,111.936873,,,8,0,0,0,8,REGIONAL 5,KEDIRI,KEDIRI,MJT,,,2024-03-16 23:28:22,2022-12-01,2022,12,NON TITO,,,JAWA TIMUR,0.0,BLACK,1252672211,AREA 3,JATIM,MADIUN,KEDIRI,,,0,0,0,JAWA TIMUR,KEDIRI,SEMEN,SELOPANGGUNG,KEDIRI
121161822,,ODP-KDI-FAD/11,-7.8493,112.0441,,,8,0,0,0,8,REGIONAL 5,KEDIRI,KEDIRI,KDI,,,2024-03-16 23:26:30,2016-02-23,2016,2,NON TITO,,,JAWA TIMUR,0.0,BLACK,6562979,AREA 3,JATIM,MADIUN,KEDIRI,,,0,0,0,JAWA TIMUR,KOTA KEDIRI,PESANTREN,BETET,KEDIRI
399433486,,ODP-PAE-FS/01,-7.847685,112.178442,,,8,0,0,0,8,REGIONAL 5,KEDIRI,KEDIRI,PAE,,,2024-03-16 23:28:29,2016-05-13,2016,5,NON TITO,,,JAWA TIMUR,0.0,BLACK,23932500,AREA 3,JATIM,MADIUN,KEDIRI,,,0,0,0,JAWA TIMUR,KEDIRI,PLOSOKLATEN,PRANGGANG,KEDIRI
12107743805,,ODP-KDI-FX/109,-7.840936,112.021777,,,8,0,0,0,8,REGIONAL 5,KEDIRI,KEDIRI,KDI,,,2025-04-16 17:47:02,2025-04-15,2025,4,NON TITO,,,JAWA TIMUR,0.0,BLACK,1496646257,AREA 3,JATIM,MADIUN,KEDIRI,,,0,0,0,JAWA TIMUR,KOTA KEDIRI,KOTA KEDIRI,NGRONGGO,KEDIRI
121161894,,ODP-KDI-FAG/03,-7.8545,112.0315,,,8,0,0,0,8,REGIONAL 5,KEDIRI,KEDIRI,KDI,,,2024-03-16 23:26:44,2016-02-23,2016,2,NON TITO,,,JAWA TIMUR,0.0,BLACK,6563025,AREA 3,JATIM,MADIUN,KEDIRI,,,0,0,0,JAWA TIMUR,KOTA KEDIRI,PESANTREN,BLABAK,KEDIRI
9788144624,,ODP-KDI-FAU/22,-7.853822,112.07024,,,8,0,0,0,8,REGIONAL 5,KEDIRI,KEDIRI,KDI,,,2024-03-16 23:27:14,2023-01-31,2023,1,NON TITO,,,JAWA TIMUR,0.0,BLACK,1265085550,AREA 3,JATIM,MADIUN,KEDIRI,,,0,0,0,JAWA TIMUR,KEDIRI,WATES,JANTI,KEDIRI
121161902,,ODP-KDI-FAD/12,-7.8491,112.0437,,,8,0,0,0,8,REGIONAL 5,KEDIRI,KEDIRI,KDI,,,2024-03-16 23:27:41,2016-02-23,2016,2,NON TITO,,,JAWA TIMUR,0.0,BLACK,6563033,AREA 3,JATIM,MADIUN,KEDIRI,,,0,0,0,JAWA TIMUR,KOTA KEDIRI,PESANTREN,BETET,KEDIRI
12122293661,,ODP-KAA-FD/62,-7.772681,112.265948,,,8,0,0,0,8,REGIONAL 5,KEDIRI,KEDIRI,KAA,,,2025-04-25 17:59:24,2025-04-24,2025,4,NON TITO,,,JAWA TIMUR,0.0,BLACK,1497372158,AREA 3,JATIM,MADIUN,KEDIRI,,,0,0,0,JAWA TIMUR,KEDIRI,KEPUNG,DAMARWULAN,KEDIRI
12121918692,,ODP-MJT-FC/62,-7.740219,111.980099,,,8,0,0,0,8,REGIONAL 5,KEDIRI,KEDIRI,MJT,,,2025-04-25 17:59:35,2025-04-24,2025,4,NON TITO,,,JAWA TIMUR,0.0,BLACK,1497372733,AREA 3,JATIM,MADIUN,KEDIRI,,,0,0,0,JAWA TIMUR,KEDIRI,GROGOL,SONOREJO,KEDIRI
10863493878,,ODP-PAE-FU/65,-7.801203,112.253601,,,8,0,0,0,8,REGIONAL 5,KEDIRI,KEDIRI,PAE,,,2024-03-16 23:26:57,2023-11-03,2023,11,NON TITO,,,JAWA TIMUR,0.0,BLACK,1332762276,AREA 3,JATIM,MADIUN,KEDIRI,,,0,0,0,JAWA TIMUR,KEDIRI,KEPUNG,KEPUNG,KEDIRI
8649343660,,ODP-SBI-FB/08,-7.994984,112.036502,,,8,0,0,0,8,REGIONAL 5,KEDIRI,KEDIRI,SBI,,,2024-03-16 23:22:05,2022-04-11,2022,4,NON TITO,,,JAWA TIMUR,0.0,BLACK,1175918631,AREA 3,JATIM,MADIUN,KEDIRI,,,0,0,0,JAWA TIMUR,BLITAR,UDANAWU,BAKUNG,KEDIRI
8649343650,,ODP-SBI-FB/06,-7.994271,112.032555,,,8,0,0,0,8,REGIONAL 5,KEDIRI,KEDIRI,SBI,,,2024-03-16 23:22:26,2022-04-11,2022,4,NON TITO,,,JAWA TIMUR,0.0,BLACK,1175918623,AREA 3,JATIM,MADIUN,KEDIRI,,,0,0,0,JAWA TIMUR,KEDIRI,RINGINREJO,JEMEKAN,KEDIRI
11869543649,,ODP-PPR-FA/18,-7.713213,112.140792,,,8,0,0,0,8,REGIONAL 5,KEDIRI,KEDIRI,PPR,,,2024-10-26 17:24:43,2024-10-26,2024,10,NON TITO,,,JAWA TIMUR,0.0,BLACK,1479118250,AREA 3,JATIM,MADIUN,KEDIRI,,,0,0,0,JAWA TIMUR,KEDIRI,PLEMAHAN,PAYAMAN,KEDIRI
8330743542,,ODP-MJT-FAD/06,-7.799507,111.995477,,,8,0,0,0,8,REGIONAL 5,KEDIRI,KEDIRI,MJT,,,2024-03-16 23:26:18,2022-01-08,2022,1,NON TITO,,,JAWA TIMUR,0.0,BLACK,1164383582,AREA 3,JATIM,MADIUN,KEDIRI,,,0,0,0,JAWA TIMUR,KOTA KEDIRI,MOJOROTO,NGAMPEL,KEDIRI
6548519910,,ODP-WAT-FX/27,-7.851565,112.136201,,,8,0,0,0,8,REGIONAL 5,KEDIRI,KEDIRI,WAT,,,2024-03-16 23:28:55,2021-05-24,2021,5,NON TITO,,,JAWA TIMUR,0.0,BLACK,882426214,AREA 3,JATIM,MADIUN,KEDIRI,,,0,0,0,JAWA TIMUR,KEDIRI,PLOSOKLATEN,BRENGGOLO,KEDIRI
11870519318,,ODP-WAT-FF/16,-7.943621,112.13174,,,8,0,0,0,8,REGIONAL 5,KEDIRI,KEDIRI,WAT,,,2024-10-27 17:28:05,2024-10-27,2024,10,NON TITO,,,JAWA TIMUR,0.0,BLACK,1479123138,AREA 3,JATIM,MADIUN,KEDIRI,,,0,0,0,JAWA TIMUR,KEDIRI,NGANCAR,KUNJANG,KEDIRI
11868718592,,ODP-WAT-FE/26,-7.956633,112.136416,,,8,0,0,0,8,REGIONAL 5,KEDIRI,KEDIRI,WAT,,,2024-10-27 17:28:16,2024-10-27,2024,10,NON TITO,,,JAWA TIMUR,0.0,BLACK,1479123315,AREA 3,JATIM,MADIUN,KEDIRI,,,0,0,0,JAWA TIMUR,KEDIRI,NGANCAR,KUNJANG,KEDIRI
11868718597,,ODP-WAT-FE/25,-7.956474,112.138859,,,8,0,0,0,8,REGIONAL 5,KEDIRI,KEDIRI,WAT,,,2024-10-27 17:28:19,2024-10-27,2024,10,NON TITO,,,JAWA TIMUR,0.0,BLACK,1479123318,AREA 3,JATIM,MADIUN,KEDIRI,,,0,0,0,JAWA TIMUR,KEDIRI,NGANCAR,KUNJANG,KEDIRI
121235281,,ODP-KDI-FAE/14,-7.849,112.0406,,,8,0,0,0,8,REGIONAL 5,KEDIRI,KEDIRI,KDI,,,2024-03-16 23:29:02,2016-02-23,2016,2,NON TITO,,,JAWA TIMUR,0.0,BLACK,6636318,AREA 3,JATIM,MADIUN,KEDIRI,,,0,0,0,JAWA TIMUR,KOTA KEDIRI,PESANTREN,BETET,KEDIRI
165688763,,ODP-WAT-FB/27,-7.935841,112.123375,,,8,0,0,0,8,REGIONAL 5,KEDIRI,KEDIRI,WAT,,,2024-03-16 23:24:39,2016-03-14,2016,3,NON TITO,,,JAWA TIMUR,0.0,BLACK,10800329,AREA 3,JATIM,MADIUN,KEDIRI,,,0,0,0,JAWA TIMUR,KEDIRI,WATES,TAWANG,KEDIRI
11801893891,,ODP-MJT-FC/59,-7.750115,111.965336,,,8,0,0,0,8,REGIONAL 5,KEDIRI,KEDIRI,MJT,,,2024-10-03 17:36:37,2024-10-02,2024,10,NON TITO,,,JAWA TIMUR,0.0,BLACK,1464950287,AREA 3,JATIM,MADIUN,KEDIRI,,,0,0,0,JAWA TIMUR,KEDIRI,GROGOL,GROGOL,KEDIRI
11801893886,,ODP-MJT-FC/56,-7.749187,111.963758,,,8,0,0,0,8,REGIONAL 5,KEDIRI,KEDIRI,MJT,,,2024-10-03 17:36:16,2024-10-02,2024,10,NON TITO,,,JAWA TIMUR,0.0,BLACK,1464950283,AREA 3,JATIM,MADIUN,KEDIRI,,,0,0,0,JAWA TIMUR,KEDIRI,GROGOL,GROGOL,KEDIRI
8378293698,,ODP-GUR-FK/13,-7.801987,112.121052,,,8,0,0,0,8,REGIONAL 5,KEDIRI,KEDIRI,GUR,,,2024-03-16 23:25:31,2022-01-25,2022,1,NON TITO,,,JAWA TIMUR,0.0,BLACK,1165123815,AREA 3,JATIM,MADIUN,KEDIRI,,,0,0,0,JAWA TIMUR,KEDIRI,GURAH,TAMBAKREJO,KEDIRI
11803094037,,ODP-KDI-FAF/15,-7.878925,112.04097,,,8,0,0,0,8,REGIONAL 5,KEDIRI,KEDIRI,KDI,,,2024-10-03 17:36:37,2024-10-02,2024,10,NON TITO,,,JAWA TIMUR,0.0,BLACK,1463282051,AREA 3,JATIM,MADIUN,KEDIRI,,,0,0,0,JAWA TIMUR,KEDIRI,KANDAT,NGRECO,KEDIRI
11803094027,,ODP-KDI-FAF/17,-7.879968,112.043153,,,8,0,0,0,8,REGIONAL 5,KEDIRI,KEDIRI,KDI,,,2024-10-03 17:36:07,2024-10-02,2024,10,NON TITO,,,JAWA TIMUR,0.0,BLACK,1463282044,AREA 3,JATIM,MADIUN,KEDIRI,,,0,0,0,JAWA TIMUR,KEDIRI,KANDAT,NGRECO,KEDIRI
8384818985,,ODP-NDL-FH/49,-7.910115,111.994958,,,8,0,0,0,8,REGIONAL 5,KEDIRI,KEDIRI,NDL,,,2024-03-16 23:28:09,2022-01-26,2022,1,NON TITO,,,JAWA TIMUR,0.0,BLACK,1165131528,AREA 3,JATIM,MADIUN,KEDIRI,,,0,0,0,JAWA TIMUR,KEDIRI,NGADILUWIH,BRANGGAHAN,KEDIRI
11801593601,,ODP-WAT-FM/37,-7.878531,112.136218,,,8,0,0,0,8,REGIONAL 5,KEDIRI,KEDIRI,WAT,,,2024-10-02 23:39:12,2024-10-01,2024,10,NON TITO,,,JAWA TIMUR,0.0,BLACK,1463275352,AREA 3,JATIM,MADIUN,KEDIRI,,,0,0,0,JAWA TIMUR,KEDIRI,PLOSOKLATEN,JARAK,KEDIRI
11802493837,,ODP-WAT-FM/36,-7.88084,112.140934,,,8,0,0,0,8,REGIONAL 5,KEDIRI,KEDIRI,WAT,,,2024-10-01 17:34:08,2024-09-30,2024,9,NON TITO,,,JAWA TIMUR,0.0,BLACK,1464945390,AREA 3,JATIM,MADIUN,KEDIRI,,,0,0,0,JAWA TIMUR,KEDIRI,PLOSOKLATEN,JARAK,KEDIRI
11876368682,,ODP-PPR-FC/40,-7.713375,112.090934,,,8,0,0,0,8,REGIONAL 5,KEDIRI,KEDIRI,PPR,,,2024-10-29 17:27:49,2024-10-28,2024,10,NON TITO,,,JAWA TIMUR,0.0,BLACK,1479129166,AREA 3,JATIM,MADIUN,KEDIRI,,,0,0,0,JAWA TIMUR,KEDIRI,PAPAR,JANTI,KEDIRI
6100024343,,ODP-GUR-FB/50,-7.806317,112.08678,,,8,0,0,0,8,REGIONAL 5,KEDIRI,KEDIRI,GUR,,,2024-03-16 23:28:59,2021-03-19,2021,3,NON TITO,,,JAWA TIMUR,0.0,BLACK,866410428,AREA 3,JATIM,MADIUN,KEDIRI,,,0,0,0,JAWA TIMUR,KEDIRI,GURAH,GURAH,KEDIRI
11802718590,,ODP-GUR-FF/36,-7.823948,112.139424,,,8,0,0,0,8,REGIONAL 5,KEDIRI,KEDIRI,GUR,,,2024-09-30 17:28:16,2024-09-30,2024,9,NON TITO,,,JAWA TIMUR,0.0,BLACK,1464945034,AREA 3,JATIM,MADIUN,KEDIRI,,,0,0,0,JAWA TIMUR,KEDIRI,GURAH,TIRUKIDUL,KEDIRI
11869394095,,ODP-PAE-FAL/63,-7.750273,112.21999,,,8,0,0,0,8,REGIONAL 5,KEDIRI,KEDIRI,PAE,,,2024-10-29 17:27:57,2024-10-28,2024,10,NON TITO,,,JAWA TIMUR,0.0,BLACK,1479130359,AREA 3,JATIM,MADIUN,KEDIRI,,,0,0,0,JAWA TIMUR,KEDIRI,BADAS,CANGGU,KEDIRI
11868268854,,ODP-KDI-FAE/81,-7.854665,112.033898,,,8,0,0,0,8,REGIONAL 5,KEDIRI,KEDIRI,KDI,,,2024-10-29 17:27:52,2024-10-28,2024,10,NON TITO,,,JAWA TIMUR,0.0,BLACK,1479130859,AREA 3,JATIM,MADIUN,KEDIRI,,,0,0,0,JAWA TIMUR,KOTA KEDIRI,PESANTREN,BETET,KEDIRI
11802718585,,ODP-GUR-FF/35,-7.822728,112.140147,,,8,0,0,0,8,REGIONAL 5,KEDIRI,KEDIRI,GUR,,,2024-09-30 17:28:02,2024-09-30,2024,9,NON TITO,,,JAWA TIMUR,0.0,BLACK,1464945031,AREA 3,JATIM,MADIUN,KEDIRI,,,0,0,0,JAWA TIMUR,KEDIRI,GURAH,TIRUKIDUL,KEDIRI
11802493538,,ODP-GUR-FF/38,-7.830967,112.125487,,,8,0,0,0,8,REGIONAL 5,KEDIRI,KEDIRI,GUR,,,2024-09-30 17:27:54,2024-09-30,2024,9,NON TITO,,,JAWA TIMUR,0.0,BLACK,1464944728,AREA 3,JATIM,MADIUN,KEDIRI,,,0,0,0,JAWA TIMUR,KEDIRI,PLOSOKLATEN,KAWEDUSAN,KEDIRI
11867820021,,ODP-PAE-FU/71,-7.800185,112.251972,,,8,0,0,0,8,REGIONAL 5,KEDIRI,KEDIRI,PAE,,,2024-10-29 17:27:36,2024-10-29,2024,10,NON TITO,,,JAWA TIMUR,0.0,BLACK,1479133542,AREA 3,JATIM,MADIUN,KEDIRI,,,0,0,0,JAWA TIMUR,KEDIRI,KEPUNG,KRENCENG,KEDIRI
11802493528,,ODP-GUR-FF/39,-7.829359,112.126118,,,8,0,0,0,8,REGIONAL 5,KEDIRI,KEDIRI,GUR,,,2024-09-30 17:27:37,2024-09-30,2024,9,NON TITO,,,JAWA TIMUR,0.0,BLACK,1464944722,AREA 3,JATIM,MADIUN,KEDIRI,,,0,0,0,JAWA TIMUR,KEDIRI,PLOSOKLATEN,KAWEDUSAN,KEDIRI
11869543644,,ODP-PPR-FA/17,-7.713926,112.139742,,,8,0,0,0,8,REGIONAL 5,KEDIRI,KEDIRI,PPR,,,2024-10-26 17:23:49,2024-10-26,2024,10,NON TITO,,,JAWA TIMUR,0.0,BLACK,1479118246,AREA 3,JATIM,MADIUN,KEDIRI,,,0,0,0,JAWA TIMUR,KEDIRI,PLEMAHAN,PAYAMAN,KEDIRI
11867369810,,ODP-PAE-FQ/61,-7.780315,112.203548,,,8,0,0,0,8,REGIONAL 5,KEDIRI,KEDIRI,PAE,,,2024-10-29 17:27:52,2024-10-28,2024,10,NON TITO,,,JAWA TIMUR,0.0,BLACK,1479870059,AREA 3,JATIM,MADIUN,KEDIRI,,,0,0,0,JAWA TIMUR,KEDIRI,PARE,TERTEK,KEDIRI
11802568934,,ODP-WAT-FH/24,-7.987492,112.138175,,,8,0,0,0,8,REGIONAL 5,KEDIRI,KEDIRI,WAT,,,2024-10-04 17:28:08,2024-10-03,2024,10,NON TITO,,,JAWA TIMUR,0.0,BLACK,1465011623,AREA 3,JATIM,MADIUN,KEDIRI,,,0,0,0,JAWA TIMUR,KEDIRI,NGANCAR,BEDALI,KEDIRI
11802568944,,ODP-WAT-FH/22,-7.983854,112.141033,,,8,0,0,0,8,REGIONAL 5,KEDIRI,KEDIRI,WAT,,,2024-10-04 17:28:29,2024-10-03,2024,10,NON TITO,,,JAWA TIMUR,0.0,BLACK,1465011629,AREA 3,JATIM,MADIUN,KEDIRI,,,0,0,0,JAWA TIMUR,KEDIRI,NGANCAR,BEDALI,KEDIRI
8023318581,,ODP-PAE-FE/26,-7.736059,112.138631,,,8,0,0,0,8,REGIONAL 5,KEDIRI,KEDIRI,PAE,,,2024-03-16 23:23:52,2021-11-03,2021,11,NON TITO,,,JAWA TIMUR,0.0,BLACK,1092496042,AREA 3,JATIM,MADIUN,KEDIRI,,,0,0,0,JAWA TIMUR,KEDIRI,KAYEN KIDUL,JAMBU,KEDIRI
11833543656,,ODP-MJT-FA/94,-7.731685,111.948721,,,8,0,0,0,8,REGIONAL 5,KEDIRI,KEDIRI,MJT,,,2024-10-14 17:28:52,2024-10-14,2024,10,NON TITO,,,JAWA TIMUR,0.0,BLACK,1465616152,AREA 3,JATIM,MADIUN,KEDIRI,,,0,0,0,JAWA TIMUR,KEDIRI,TAROKAN,BULUSARI,KEDIRI
11836094513,,ODP-KDI-FT/32,-7.834629,112.084868,,,8,0,0,0,8,REGIONAL 5,KEDIRI,KEDIRI,KDI,,,2024-10-15 17:22:23,2024-10-15,2024,10,NON TITO,,,JAWA TIMUR,0.0,BLACK,1465542026,AREA 3,JATIM,MADIUN,KEDIRI,,,0,0,0,JAWA TIMUR,KEDIRI,GURAH,KRANGGAN,KEDIRI
11833543558,,ODP-GUR-FF/40,-7.823019,112.131627,,,8,0,0,0,8,REGIONAL 5,KEDIRI,KEDIRI,GUR,,,2024-10-12 17:29:06,2024-10-12,2024,10,NON TITO,,,JAWA TIMUR,0.0,BLACK,1465466698,AREA 3,JATIM,MADIUN,KEDIRI,,,0,0,0,JAWA TIMUR,KEDIRI,GURAH,TIRU KIDUL,KEDIRI
11832196094,,ODP-WAT-FE/23,-7.9632,112.139213,,,8,0,0,0,8,REGIONAL 5,KEDIRI,KEDIRI,WAT,,,2024-10-17 17:29:23,2024-10-16,2024,10,NON TITO,,,JAWA TIMUR,0.0,BLACK,1465545518,AREA 3,JATIM,MADIUN,KEDIRI,,,0,0,0,JAWA TIMUR,KEDIRI,NGANCAR,BEDALI,KEDIRI
7733519929,,ODP-SBI-FD/26,-7.980595,111.970187,,,8,0,0,0,8,REGIONAL 5,KEDIRI,KEDIRI,SBI,,,2024-03-16 23:23:03,2021-09-29,2021,9,NON TITO,,,JAWA TIMUR,0.0,BLACK,1057211631,AREA 3,JATIM,MADIUN,KEDIRI,,,0,0,0,JAWA TIMUR,KEDIRI,KRAS,MOJOSARI,KEDIRI
11841794234,,ODP-GUR-FD/34,-7.781575,112.065,,,8,0,0,0,8,REGIONAL 5,KEDIRI,KEDIRI,GUR,,,2024-10-18 17:26:58,2024-10-18,2024,10,NON TITO,,,JAWA TIMUR,0.0,BLACK,1465698439,AREA 3,JATIM,MADIUN,KEDIRI,,,0,0,0,JAWA TIMUR,KEDIRI,PAGU,TANJUNG,KEDIRI
11831746644,,ODP-PPR-FE/85,-7.730347,112.047608,,,8,0,0,0,8,REGIONAL 5,KEDIRI,KEDIRI,PPR,,,2024-10-18 17:26:31,2024-10-18,2024,10,NON TITO,,,JAWA TIMUR,0.0,BLACK,1465764736,AREA 3,JATIM,MADIUN,KEDIRI,,,0,0,0,JAWA TIMUR,KEDIRI,PAPAR,PURWOTENGAH,KEDIRI
8223944069,,ODP-PPR-FC/24,-7.700225,112.091562,,,8,0,0,0,8,REGIONAL 5,KEDIRI,KEDIRI,PPR,,,2024-03-16 23:24:18,2021-12-03,2021,12,NON TITO,,,JAWA TIMUR,0.0,BLACK,1161424868,AREA 3,JATIM,MADIUN,KEDIRI,,,0,0,0,JAWA TIMUR,KEDIRI,PAPAR,PAPAR,KEDIRI
11831447375,,ODP-PPR-FJ/22,-7.726922,112.12885,,,8,0,0,0,8,REGIONAL 5,KEDIRI,KEDIRI,PPR,,,2024-10-20 17:29:02,2024-10-20,2024,10,NON TITO,,,JAWA TIMUR,0.0,BLACK,1466516661,AREA 3,JATIM,MADIUN,KEDIRI,,,0,0,0,JAWA TIMUR,KEDIRI,KAYEN KIDUL,PADANGAN,KEDIRI
7472968926,,ODP-KAA-FD/44,-7.746426,112.264532,,,8,0,0,0,8,REGIONAL 5,KEDIRI,KEDIRI,KAA,,,2024-03-16 23:23:34,2021-08-26,2021,8,NON TITO,,,JAWA TIMUR,0.0,BLACK,1027995912,AREA 3,JATIM,MADIUN,KEDIRI,,,0,0,0,JAWA TIMUR,KEDIRI,KANDANGAN,KEMIRI,KEDIRI
11831447385,,ODP-PPR-FJ/21,-7.725824,112.129129,,,8,0,0,0,8,REGIONAL 5,KEDIRI,KEDIRI,PPR,,,2024-10-20 17:27:39,2024-10-20,2024,10,NON TITO,,,JAWA TIMUR,0.0,BLACK,1466516667,AREA 3,JATIM,MADIUN,KEDIRI,,,0,0,0,JAWA TIMUR,KEDIRI,KAYEN KIDUL,PADANGAN,KEDIRI
7451519089,,ODP-SBI-FA/18,-7.966824,112.05331,,,8,0,0,0,8,REGIONAL 5,KEDIRI,KEDIRI,SBI,,,2024-03-16 23:23:43,2021-08-23,2021,8,NON TITO,,,JAWA TIMUR,0.0,BLACK,1023345179,AREA 3,JATIM,MADIUN,KEDIRI,,,0,0,0,JAWA TIMUR,KEDIRI,RINGINREJO,SELODONO,KEDIRI
11853793533,,ODP-PAE-FZ/32,-7.728153,112.204746,,,8,0,0,0,8,REGIONAL 5,KEDIRI,KEDIRI,PAE,,,2024-10-20 17:28:38,2024-10-20,2024,10,NON TITO,,,JAWA TIMUR,0.0,BLACK,1466517175,AREA 3,JATIM,MADIUN,KEDIRI,,,0,0,0,JAWA TIMUR,KEDIRI,BADAS,TUNGLUR,KEDIRI
11844718652,,ODP-PPR-FA/14,-7.721824,112.147247,,,8,0,0,0,8,REGIONAL 5,KEDIRI,KEDIRI,PPR,,,2024-10-20 17:28:51,2024-10-20,2024,10,NON TITO,,,JAWA TIMUR,0.0,BLACK,1471011303,AREA 3,JATIM,MADIUN,KEDIRI,,,0,0,0,JAWA TIMUR,KEDIRI,PLEMAHAN,PUHJARAK,KEDIRI
11844718657,,ODP-PPR-FA/15,-7.722613,112.145269,,,8,0,0,0,8,REGIONAL 5,KEDIRI,KEDIRI,PPR,,,2024-10-20 17:29:00,2024-10-20,2024,10,NON TITO,,,JAWA TIMUR,0.0,BLACK,1471011306,AREA 3,JATIM,MADIUN,KEDIRI,,,0,0,0,JAWA TIMUR,KEDIRI,PLEMAHAN,PAYAMAN,KEDIRI
11844718662,,ODP-PPR-FA/16,-7.722259,112.143994,,,8,0,0,0,8,REGIONAL 5,KEDIRI,KEDIRI,PPR,,,2024-10-20 17:29:02,2024-10-20,2024,10,NON TITO,,,JAWA TIMUR,0.0,BLACK,1471011309,AREA 3,JATIM,MADIUN,KEDIRI,,,0,0,0,JAWA TIMUR,KEDIRI,PLEMAHAN,PAYAMAN,KEDIRI
7347723936,,ODP-NDL-FH/37,-7.909632,111.994036,,,8,0,0,0,8,REGIONAL 5,KEDIRI,KEDIRI,NDL,,,2024-03-16 23:28:21,2021-08-13,2021,8,NON TITO,,,JAWA TIMUR,0.0,BLACK,980520369,AREA 3,JATIM,MADIUN,KEDIRI,,,0,0,0,JAWA TIMUR,KEDIRI,NGADILUWIH,BRANGGAHAN,KEDIRI
7347720245,,ODP-SBI-FA/07,-7.96285,112.047166,,,8,0,0,0,8,REGIONAL 5,KEDIRI,KEDIRI,SBI,,,2024-03-16 23:26:57,2021-08-09,2021,8,NON TITO,,,JAWA TIMUR,0.0,BLACK,965520260,AREA 3,JATIM,MADIUN,KEDIRI,,,0,0,0,JAWA TIMUR,KEDIRI,RINGINREJO,SELODONO,KEDIRI
11810218680,,ODP-WAT-FC/37,-7.915177,112.08416,,,8,0,0,0,8,REGIONAL 5,KEDIRI,KEDIRI,WAT,,,2024-10-07 17:29:16,2024-10-07,2024,10,NON TITO,,,JAWA TIMUR,0.0,BLACK,1465086706,AREA 3,JATIM,MADIUN,KEDIRI,,,0,0,0,JAWA TIMUR,KEDIRI,WATES,POJOK,KEDIRI
11802419315,,ODP-WAT-FX/39,-7.850387,112.141057,,,8,0,0,0,8,REGIONAL 5,KEDIRI,KEDIRI,WAT,,,2024-10-05 17:33:19,2024-10-04,2024,10,NON TITO,,,JAWA TIMUR,0.0,BLACK,1465016807,AREA 3,JATIM,MADIUN,KEDIRI,,,0,0,0,JAWA TIMUR,KEDIRI,PLOSOKLATEN,BRENGGOLO,KEDIRI
8278920390,,ODP-PPR-FF/44,-7.702177,112.077177,,,8,0,0,0,8,REGIONAL 5,KEDIRI,KEDIRI,PPR,,,2024-03-16 23:23:07,2021-12-29,2021,12,NON TITO,,,JAWA TIMUR,0.0,BLACK,1164311324,AREA 3,JATIM,MADIUN,KEDIRI,,,0,0,0,JAWA TIMUR,KEDIRI,PAPAR,PAPAR,KEDIRI
11858294279,,ODP-MJT-FT/21,-7.829998,111.930796,,,8,0,0,0,8,REGIONAL 5,KEDIRI,KEDIRI,MJT,,,2024-10-25 17:29:53,2024-10-24,2024,10,NON TITO,,,JAWA TIMUR,0.0,BLACK,1478811803,AREA 3,JATIM,MADIUN,KEDIRI,,,0,0,0,JAWA TIMUR,KEDIRI,SEMEN,PAGUNG,KEDIRI
11865493549,,ODP-PAE-FAP/08,-7.752909,112.237717,,,8,0,0,0,8,REGIONAL 5,KEDIRI,KEDIRI,PAE,,,2024-10-25 17:28:41,2024-10-25,2024,10,NON TITO,,,JAWA TIMUR,0.0,BLACK,1479111741,AREA 3,JATIM,MADIUN,KEDIRI,,,0,0,0,JAWA TIMUR,KEDIRI,KANDANGAN,KLAMPISAN,KEDIRI
6941668893,,ODP-WAT-FN/26,-7.910803,112.131031,,,8,0,0,0,8,REGIONAL 5,KEDIRI,KEDIRI,WAT,,,2024-03-16 23:28:12,2021-06-30,2021,6,NON TITO,,,JAWA TIMUR,0.0,BLACK,912045123,AREA 3,JATIM,MADIUN,KEDIRI,,,0,0,0,JAWA TIMUR,KEDIRI,WATES,JAJAR,KEDIRI
11802568939,,ODP-WAT-FH/23,-7.98403,112.139042,,,8,0,0,0,8,REGIONAL 5,KEDIRI,KEDIRI,WAT,,,2024-10-04 17:28:30,2024-10-03,2024,10,NON TITO,,,JAWA TIMUR,0.0,BLACK,1465011626,AREA 3,JATIM,MADIUN,KEDIRI,,,0,0,0,JAWA TIMUR,KEDIRI,NGANCAR,BEDALI,KEDIRI
12005968972,,ODP-MJT-FAA/68,-7.76244,111.93,,,8,0,0,0,8,REGIONAL 5,KEDIRI,KEDIRI,MJT,,,2024-12-11 17:36:12,2024-12-10,2024,12,NON TITO,,,JAWA TIMUR,0.0,BLACK,1495479486,AREA 3,JATIM,MADIUN,KEDIRI,,,0,0,0,JAWA TIMUR,KEDIRI,GROGOL,KALIPANG,KEDIRI
11791770224,,ODP-WAT-FC/34,-7.925885,112.118652,,,8,0,0,0,8,REGIONAL 5,KEDIRI,KEDIRI,WAT,,,2024-09-30 17:28:09,2024-09-29,2024,9,NON TITO,,,JAWA TIMUR,0.0,BLACK,1463268372,AREA 3,JATIM,MADIUN,KEDIRI,,,0,0,0,JAWA TIMUR,KEDIRI,WATES,TAWANG,KEDIRI
11873294159,,ODP-PAE-FAB/30,-7.796891,112.279989,,,8,0,0,0,8,REGIONAL 5,KEDIRI,KEDIRI,PAE,,,2024-10-30 17:54:05,2024-10-30,2024,10,NON TITO,,,JAWA TIMUR,0.0,BLACK,1479139170,AREA 3,JATIM,MADIUN,KEDIRI,,,0,0,0,JAWA TIMUR,KEDIRI,KEPUNG,KEPUNG,KEDIRI
11716318921,,ODP-SBI-FE/48,-7.979626,112.048647,,,8,0,0,0,8,REGIONAL 5,KEDIRI,KEDIRI,SBI,,,2024-09-13 23:25:22,2024-09-12,2024,9,NON TITO,,,JAWA TIMUR,0.0,BLACK,1461278019,AREA 3,JATIM,MADIUN,KEDIRI,,,0,0,0,JAWA TIMUR,KEDIRI,RINGINREJO,RINGINREJO,KEDIRI
10635793680,,ODP-GUR-FA/16,-7.80821,112.09066,,,8,0,0,0,8,REGIONAL 5,KEDIRI,KEDIRI,GUR,,,2023-09-16 12:27:24,2023-09-15,2023,9,NON TITO,,,JAWA TIMUR,0.0,BLACK,1320806651,AREA 3,JATIM,MADIUN,KEDIRI,,,0,0,0,JAWA TIMUR,KEDIRI,GURAH,GURAH,KEDIRI
4392793951,,ODP-NDL-FG/34,-7.882296,111.99909,,,8,0,0,0,8,REGIONAL 5,KEDIRI,KEDIRI,NDL,,,2024-03-16 23:23:01,2019-12-04,2019,12,NON TITO,,,JAWA TIMUR,0.0,BLACK,789166685,AREA 3,JATIM,MADIUN,KEDIRI,,,0,0,0,JAWA TIMUR,KEDIRI,NGADILUWIH,REMBANG,KEDIRI
11951443579,,ODP-MJT-FAU/22,-7.695951,111.973338,,,8,0,0,0,8,REGIONAL 5,KEDIRI,KEDIRI,MJT,,,2024-11-17 23:37:34,2024-11-15,2024,11,NON TITO,,,JAWA TIMUR,0.0,BLACK,1485905573,AREA 3,JATIM,MADIUN,KEDIRI,,,0,0,0,JAWA TIMUR,KEDIRI,TAROKAN,BLIMBING,KEDIRI
4391371644,,ODP-GUR-FJ/22,-7.780368,112.072353,,,8,0,0,0,8,REGIONAL 5,KEDIRI,KEDIRI,GUR,,,2024-03-16 23:26:57,2019-12-06,2019,12,NON TITO,,,JAWA TIMUR,0.0,BLACK,788130740,AREA 3,JATIM,MADIUN,KEDIRI,,,0,0,0,JAWA TIMUR,KEDIRI,PAGU,WATES,KEDIRI
4391371368,,ODP-GUR-FJ/20,-7.78168,112.080757,,,8,0,0,0,8,REGIONAL 5,KEDIRI,KEDIRI,GUR,,,2024-03-16 23:22:44,2019-12-06,2019,12,NON TITO,,,JAWA TIMUR,0.0,BLACK,788130605,AREA 3,JATIM,MADIUN,KEDIRI,,,0,0,0,JAWA TIMUR,KEDIRI,PAGU,MENANG,KEDIRI
11682119164,,ODP-KDI-FBF/63,-7.800571,112.039171,,,8,0,0,0,8,REGIONAL 5,KEDIRI,KEDIRI,KDI,,,2024-08-30 17:39:51,2024-08-30,2024,8,NON TITO,,,JAWA TIMUR,0.0,BLACK,1459311827,AREA 3,JATIM,MADIUN,KEDIRI,,,0,0,0,JAWA TIMUR,KEDIRI,NGASEM,NGASEM,KEDIRI
4397968551,,ODP-GUR-FH/32,-7.762725,112.089946,,,8,0,0,0,8,REGIONAL 5,KEDIRI,KEDIRI,GUR,,,2024-03-16 23:23:22,2019-12-04,2019,12,NON TITO,,,JAWA TIMUR,0.0,BLACK,788116859,AREA 3,JATIM,MADIUN,KEDIRI,,,0,0,0,JAWA TIMUR,KEDIRI,PAGU,PAGU,KEDIRI
4345024016,,ODP-NDL-FF/37,-7.926633,111.974921,,,8,0,0,0,8,REGIONAL 5,KEDIRI,KEDIRI,NDL,,,2024-03-16 23:24:53,2019-11-30,2019,11,NON TITO,,,JAWA TIMUR,0.0,BLACK,787678356,AREA 3,JATIM,MADIUN,KEDIRI,,,0,0,0,JAWA TIMUR,KEDIRI,NGADILUWIH,TALES,KEDIRI
4345023996,,ODP-NDL-FF/36,-7.925169,111.97571,,,8,0,0,0,8,REGIONAL 5,KEDIRI,KEDIRI,NDL,,,2024-03-16 23:25:45,2019-11-30,2019,11,NON TITO,,,JAWA TIMUR,0.0,BLACK,787678344,AREA 3,JATIM,MADIUN,KEDIRI,,,0,0,0,JAWA TIMUR,KEDIRI,NGADILUWIH,TALES,KEDIRI
11948518753,,ODP-MJT-FB/127,-7.749172,111.961399,,,8,0,0,0,8,REGIONAL 5,KEDIRI,KEDIRI,MJT,,,2024-11-17 23:35:14,2024-11-15,2024,11,NON TITO,,,JAWA TIMUR,0.0,BLACK,1485907374,AREA 3,JATIM,MADIUN,KEDIRI,,,0,0,0,JAWA TIMUR,KEDIRI,GROGOL,GROGOL,KEDIRI
11954293567,,ODP-KAA-FD/57,-7.75691,112.271108,,,8,0,0,0,8,REGIONAL 5,KEDIRI,KEDIRI,KAA,,,2024-11-17 23:37:32,2024-11-16,2024,11,NON TITO,,,JAWA TIMUR,0.0,BLACK,1490363145,AREA 3,JATIM,MADIUN,KEDIRI,,,0,0,0,JAWA TIMUR,KEDIRI,KANDANGAN,KLAMPISAN,KEDIRI
11954293572,,ODP-KAA-FD/56,-7.757809,112.269055,,,8,0,0,0,8,REGIONAL 5,KEDIRI,KEDIRI,KAA,,,2024-11-17 23:36:17,2024-11-16,2024,11,NON TITO,,,JAWA TIMUR,0.0,BLACK,1490363148,AREA 3,JATIM,MADIUN,KEDIRI,,,0,0,0,JAWA TIMUR,KEDIRI,KANDANGAN,KLAMPISAN,KEDIRI
8620918899,,ODP-PAE-FAM/10,-7.757829,112.175797,,,8,0,0,0,8,REGIONAL 5,KEDIRI,KEDIRI,PAE,,,2024-03-16 23:22:49,2022-04-05,2022,4,NON TITO,,,JAWA TIMUR,0.0,BLACK,1170376155,AREA 3,JATIM,MADIUN,KEDIRI,,,0,0,0,JAWA TIMUR,KEDIRI,PARE,PELEM,KEDIRI
3762044447,,ODP-KDI-FG/74,-7.828878,112.016742,,,8,0,0,0,8,REGIONAL 5,KEDIRI,KEDIRI,KDI,,,2024-03-16 23:22:35,2019-08-03,2019,8,NON TITO,,,JAWA TIMUR,0.0,BLACK,642699460,AREA 3,JATIM,MADIUN,KEDIRI,,,0,0,0,JAWA TIMUR,KOTA KEDIRI,KOTA,KAMPUNG DALEM,KEDIRI
8626469465,,ODP-SBI-FD/29,-7.97703,112.006722,,,8,0,0,0,8,REGIONAL 5,KEDIRI,KEDIRI,SBI,,,2024-03-16 23:26:40,2022-04-08,2022,4,NON TITO,,,JAWA TIMUR,0.0,BLACK,1175848816,AREA 3,JATIM,MADIUN,KEDIRI,,,0,0,0,JAWA TIMUR,KEDIRI,KRAS,BUTUH,KEDIRI
8626469470,,ODP-SBI-FD/30,-7.974973,112.00256,,,8,0,0,0,8,REGIONAL 5,KEDIRI,KEDIRI,SBI,,,2024-03-16 23:26:44,2022-04-08,2022,4,NON TITO,,,JAWA TIMUR,0.0,BLACK,1175848821,AREA 3,JATIM,MADIUN,KEDIRI,,,0,0,0,JAWA TIMUR,KEDIRI,KRAS,BUTUH,KEDIRI
8621224355,,ODP-SBI-FL/17,-7.948774,112.049607,,,8,0,0,0,8,REGIONAL 5,KEDIRI,KEDIRI,SBI,,,2024-03-16 23:24:43,2022-04-08,2022,4,NON TITO,,,JAWA TIMUR,0.0,BLACK,1175850900,AREA 3,JATIM,MADIUN,KEDIRI,,,0,0,0,JAWA TIMUR,KEDIRI,KANDAT,KARANGREJO,KEDIRI
5153473,,ODP-KDI-FE/01,-7.792146,112.045162,,,8,0,0,0,8,REGIONAL 5,KEDIRI,KEDIRI,KDI,,,2024-03-16 23:24:40,2015-06-05,2015,6,NON TITO,,,JAWA TIMUR,0.0,BLACK,954076,AREA 3,JATIM,MADIUN,KEDIRI,,,0,0,0,JAWA TIMUR,KEDIRI,NGASEM,NGASEM,KEDIRI
11642668639,,ODP-KDI-FAE/79,-7.847977,112.037487,,,8,0,0,0,8,REGIONAL 5,KEDIRI,KEDIRI,KDI,,,2024-07-20 18:36:11,2024-07-18,2024,7,NON TITO,,,JAWA TIMUR,0.0,BLACK,1445972622,AREA 3,JATIM,MADIUN,KEDIRI,,,0,0,0,JAWA TIMUR,KOTA KEDIRI,PESANTREN,BETET,KEDIRI
11990822263,,ODP-MJT-FAU/31,-7.706758,111.972887,,,8,0,0,0,8,REGIONAL 5,KEDIRI,KEDIRI,MJT,,,2024-12-01 17:29:17,2024-11-29,2024,11,NON TITO,,,JAWA TIMUR,0.0,BLACK,1495340762,AREA 3,JATIM,MADIUN,KEDIRI,,,0,0,0,JAWA TIMUR,KEDIRI,TAROKAN,KEREP,KEDIRI
8649343630,,ODP-SBI-FB/13,-8.005037,112.033253,,,8,0,0,0,8,REGIONAL 5,KEDIRI,KEDIRI,SBI,,,2024-03-16 23:22:29,2022-04-11,2022,4,NON TITO,,,JAWA TIMUR,0.0,BLACK,1175918605,AREA 3,JATIM,MADIUN,KEDIRI,,,0,0,0,JAWA TIMUR,BLITAR,UDANAWU,BAKUNG,KEDIRI
3495868583,,ODP-PAE-FAF/15,-7.76176,112.167742,,,8,0,0,0,8,REGIONAL 5,KEDIRI,KEDIRI,PAE,,,2024-03-16 23:24:28,2019-03-28,2019,3,NON TITO,,,JAWA TIMUR,0.0,BLACK,622429553,AREA 3,JATIM,MADIUN,KEDIRI,,,0,0,0,JAWA TIMUR,KEDIRI,PARE,PELEM,KEDIRI
12005069043,,ODP-PPR-FC/44,-7.697709,112.111794,,,8,0,0,0,8,REGIONAL 5,KEDIRI,KEDIRI,PPR,,,2024-12-11 17:36:17,2024-12-09,2024,12,NON TITO,,,JAWA TIMUR,0.0,BLACK,1495471507,AREA 3,JATIM,MADIUN,KEDIRI,,,0,0,0,JAWA TIMUR,KEDIRI,PAPAR,NGAMPEL,KEDIRI
12005069048,,ODP-PPR-FC/45,-7.696858,112.109045,,,8,0,0,0,8,REGIONAL 5,KEDIRI,KEDIRI,PPR,,,2024-12-11 17:36:15,2024-12-09,2024,12,NON TITO,,,JAWA TIMUR,0.0,BLACK,1495471510,AREA 3,JATIM,MADIUN,KEDIRI,,,0,0,0,JAWA TIMUR,KEDIRI,PAPAR,NGAMPEL,KEDIRI
11716318931,,ODP-SBI-FE/50,-7.980396,112.048415,,,8,0,0,0,8,REGIONAL 5,KEDIRI,KEDIRI,SBI,,,2024-09-13 23:25:58,2024-09-12,2024,9,NON TITO,,,JAWA TIMUR,0.0,BLACK,1461278025,AREA 3,JATIM,MADIUN,KEDIRI,,,0,0,0,JAWA TIMUR,KEDIRI,RINGINREJO,RINGINREJO,KEDIRI
11867369830,,ODP-PAE-FQ/57,-7.78041,112.204814,,,8,0,0,0,8,REGIONAL 5,KEDIRI,KEDIRI,PAE,,,2024-10-29 17:27:54,2024-10-28,2024,10,NON TITO,,,JAWA TIMUR,0.0,BLACK,1479870072,AREA 3,JATIM,MADIUN,KEDIRI,,,0,0,0,JAWA TIMUR,KEDIRI,PARE,TERTEK,KEDIRI
11927294570,,ODP-NDL-FD/65,-7.871543,111.977221,,,8,0,0,0,8,REGIONAL 5,KEDIRI,KEDIRI,NDL,,,2024-11-14 17:29:08,2024-11-13,2024,11,NON TITO,,,JAWA TIMUR,0.0,BLACK,1485895892,AREA 3,JATIM,MADIUN,KEDIRI,,,0,0,0,JAWA TIMUR,KEDIRI,MOJO,SUKOANYAR,KEDIRI
11923844259,,ODP-NDL-FP/48,-7.927075,111.941917,,,8,0,0,0,8,REGIONAL 5,KEDIRI,KEDIRI,NDL,,,2024-11-14 17:29:38,2024-11-13,2024,11,NON TITO,,,JAWA TIMUR,0.0,BLACK,1485895203,AREA 3,JATIM,MADIUN,KEDIRI,,,0,0,0,JAWA TIMUR,KEDIRI,MOJO,KEDAWUNG,KEDIRI
11793343617,,ODP-WAT-FK/15,-7.887663,112.058312,,,8,0,0,0,8,REGIONAL 5,KEDIRI,KEDIRI,WAT,,,2024-09-29 17:25:15,2024-09-28,2024,9,NON TITO,,,JAWA TIMUR,0.0,BLACK,1463264211,AREA 3,JATIM,MADIUN,KEDIRI,,,0,0,0,JAWA TIMUR,KEDIRI,WATES,JOHO,KEDIRI
8412793929,,ODP-MJT-FC/42,-7.749483,111.993864,,,8,0,0,0,8,REGIONAL 5,KEDIRI,KEDIRI,MJT,,,2024-03-16 23:21:59,2022-02-07,2022,2,NON TITO,,,JAWA TIMUR,0.0,BLACK,1165321769,AREA 3,JATIM,MADIUN,KEDIRI,,,0,0,0,JAWA TIMUR,KEDIRI,GROGOL,DATENGAN,KEDIRI
7347720225,,ODP-SBI-FA/12,-7.975284,112.040049,,,8,0,0,0,8,REGIONAL 5,KEDIRI,KEDIRI,SBI,,,2023-08-30 18:10:52,2021-08-09,2021,8,NON TITO,,,JAWA TIMUR,0.0,BLACK,965520235,AREA 3,JATIM,MADIUN,KEDIRI,,,0,0,0,JAWA TIMUR,KEDIRI,RINGINREJO,SELODONO,KEDIRI
11793343602,,ODP-WAT-FK/19,-7.890089,112.064661,,,8,0,0,0,8,REGIONAL 5,KEDIRI,KEDIRI,WAT,,,2024-09-29 17:24:46,2024-09-28,2024,9,NON TITO,,,JAWA TIMUR,0.0,BLACK,1463264201,AREA 3,JATIM,MADIUN,KEDIRI,,,0,0,0,JAWA TIMUR,KEDIRI,WATES,JOHO,KEDIRI
8412793969,,ODP-MJT-FC/44,-7.750121,111.992076,,,8,0,0,0,8,REGIONAL 5,KEDIRI,KEDIRI,MJT,,,2024-03-16 23:21:54,2022-02-07,2022,2,NON TITO,,,JAWA TIMUR,0.0,BLACK,1165321802,AREA 3,JATIM,MADIUN,KEDIRI,,,0,0,0,JAWA TIMUR,KEDIRI,GROGOL,DATENGAN,KEDIRI
11886719430,,ODP-PAE-FAB/31,-7.813496,112.286581,,,8,0,0,0,8,REGIONAL 5,KEDIRI,KEDIRI,PAE,,,2024-11-02 17:51:40,2024-11-01,2024,11,NON TITO,,,JAWA TIMUR,0.0,BLACK,1479154969,AREA 3,JATIM,MADIUN,KEDIRI,,,0,0,0,JAWA TIMUR,KEDIRI,KEPUNG,SIMAN,KEDIRI
11792893662,,ODP-WAT-FM/34,-7.890838,112.140518,,,8,0,0,0,8,REGIONAL 5,KEDIRI,KEDIRI,WAT,,,2024-09-28 17:25:57,2024-09-28,2024,9,NON TITO,,,JAWA TIMUR,0.0,BLACK,1463261164,AREA 3,JATIM,MADIUN,KEDIRI,,,0,0,0,JAWA TIMUR,KEDIRI,WATES,TEMPUREJO,KEDIRI
8425168690,,ODP-KDI-FAX/14,-7.864296,112.066297,,,8,0,0,0,8,REGIONAL 5,KEDIRI,KEDIRI,KDI,,,2024-03-16 23:28:36,2022-02-08,2022,2,NON TITO,,,JAWA TIMUR,0.0,BLACK,1165331579,AREA 3,JATIM,MADIUN,KEDIRI,,,0,0,0,JAWA TIMUR,KOTA KEDIRI,PESANTREN,BAWANG,KEDIRI
8433718606,,ODP-PAE-FAB/27,-7.834862,112.299294,,,8,0,0,0,8,REGIONAL 5,KEDIRI,KEDIRI,PAE,,,2024-03-16 23:28:29,2022-02-11,2022,2,NON TITO,,,JAWA TIMUR,0.0,BLACK,1166297524,AREA 3,JATIM,MADIUN,KEDIRI,,,0,0,0,JAWA TIMUR,KEDIRI,KEPUNG,SIMAN,KEDIRI
11768218556,,ODP-WAT-FK/17,-7.876163,112.077449,,,8,0,0,0,8,REGIONAL 5,KEDIRI,KEDIRI,WAT,,,2024-09-25 17:35:47,2024-09-25,2024,9,NON TITO,,,JAWA TIMUR,0.0,BLACK,1463240356,AREA 3,JATIM,MADIUN,KEDIRI,,,0,0,0,JAWA TIMUR,KEDIRI,WATES,PAGU,KEDIRI
11877944268,,ODP-PPR-FE/87,-7.726245,112.063336,,,8,0,0,0,8,REGIONAL 5,KEDIRI,KEDIRI,PPR,,,2024-11-06 17:32:09,2024-10-31,2024,10,NON TITO,,,JAWA TIMUR,0.0,BLACK,1479145310,AREA 3,JATIM,MADIUN,KEDIRI,,,0,0,0,JAWA TIMUR,KEDIRI,PAPAR,MINGGIRAN,KEDIRI
5661870480,,ODP-WAT-FW/14,-7.859523,112.153968,,,8,0,0,0,8,REGIONAL 5,KEDIRI,KEDIRI,WAT,,,2024-03-16 23:27:23,2020-11-30,2020,11,NON TITO,,,JAWA TIMUR,0.0,BLACK,857524847,AREA 3,JATIM,MADIUN,KEDIRI,,,0,0,0,JAWA TIMUR,KEDIRI,PLOSOKLATEN,PLOSO LOR,KEDIRI
8453902051,,ODP-PAE-FU/52,-7.812066,112.259396,,,8,0,0,0,8,REGIONAL 5,KEDIRI,KEDIRI,PAE,,,2024-03-16 23:24:02,2022-02-22,2022,2,NON TITO,,,JAWA TIMUR,0.0,BLACK,1166537303,AREA 3,JATIM,MADIUN,KEDIRI,,,0,0,0,JAWA TIMUR,KEDIRI,KEPUNG,KEPUNG,KEDIRI
11756668781,,ODP-PAE-FS/41,-7.829168,112.179185,,,8,0,0,0,8,REGIONAL 5,KEDIRI,KEDIRI,PAE,,,2024-09-24 23:44:30,2024-09-23,2024,9,NON TITO,,,JAWA TIMUR,0.0,BLACK,1463231607,AREA 3,JATIM,MADIUN,KEDIRI,,,0,0,0,JAWA TIMUR,KEDIRI,PLOSOKLATEN,SUMBERAGUNG,KEDIRI
8453903250,,ODP-WAT-FP/25,-7.933829,112.19449,,,8,0,0,0,8,REGIONAL 5,KEDIRI,KEDIRI,WAT,,,2024-03-16 23:24:13,2022-02-22,2022,2,NON TITO,,,JAWA TIMUR,0.0,BLACK,1166540898,AREA 3,JATIM,MADIUN,KEDIRI,,,0,0,0,JAWA TIMUR,KEDIRI,NGANCAR,NGANCAR,KEDIRI
11757118922,,ODP-GUR-FH/53,-7.759239,112.091168,,,8,0,0,0,8,REGIONAL 5,KEDIRI,KEDIRI,GUR,,,2024-09-23 17:35:39,2024-09-23,2024,9,NON TITO,,,JAWA TIMUR,0.0,BLACK,1463230702,AREA 3,JATIM,MADIUN,KEDIRI,,,0,0,0,JAWA TIMUR,KEDIRI,KAYEN KIDUL,SAMBIROBYONG,KEDIRI
5622870865,,ODP-MJT-FD/25,-7.764507,111.956135,,,8,0,0,0,8,REGIONAL 5,KEDIRI,KEDIRI,MJT,,,2024-03-16 23:27:23,2020-11-03,2020,11,NON TITO,,,JAWA TIMUR,0.0,BLACK,856329124,AREA 3,JATIM,MADIUN,KEDIRI,,,0,0,0,JAWA TIMUR,KEDIRI,GROGOL,GROGOL,KEDIRI
11896319038,,ODP-PAE-FAB/37,-7.805195,112.279855,,,8,0,0,0,8,REGIONAL 5,KEDIRI,KEDIRI,PAE,,,2024-11-06 17:29:02,2024-11-05,2024,11,NON TITO,,,JAWA TIMUR,0.0,BLACK,1479172892,AREA 3,JATIM,MADIUN,KEDIRI,,,0,0,0,JAWA TIMUR,KEDIRI,KEPUNG,KEPUNG,KEDIRI
11880943882,,ODP-KDI-FY/51,-7.846722,112.008962,,,8,0,0,0,8,REGIONAL 5,KEDIRI,KEDIRI,KDI,,,2024-11-06 17:32:12,2024-10-30,2024,10,NON TITO,,,JAWA TIMUR,0.0,BLACK,1485638599,AREA 3,JATIM,MADIUN,KEDIRI,,,0,0,0,JAWA TIMUR,KOTA KEDIRI,KOTA KEDIRI,MANISRENGGO,KEDIRI
11887018684,,ODP-PAE-FAD/21,-7.776828,112.145722,,,8,0,0,0,8,REGIONAL 5,KEDIRI,KEDIRI,PAE,,,2024-11-06 17:32:01,2024-10-30,2024,10,NON TITO,,,JAWA TIMUR,0.0,BLACK,1485638787,AREA 3,JATIM,MADIUN,KEDIRI,,,0,0,0,JAWA TIMUR,KEDIRI,PARE,SAMBIREJO,KEDIRI
11911993536,,ODP-PAE-FAC/26,-7.791549,112.12382,,,8,0,0,0,8,REGIONAL 5,KEDIRI,KEDIRI,PAE,,,2024-11-08 17:33:16,2024-11-08,2024,11,NON TITO,,,JAWA TIMUR,0.0,BLACK,1485863665,AREA 3,JATIM,MADIUN,KEDIRI,,,0,0,0,JAWA TIMUR,KEDIRI,GURAH,GAYAM,KEDIRI
11911993541,,ODP-PAE-FAC/25,-7.792272,112.126449,,,8,0,0,0,8,REGIONAL 5,KEDIRI,KEDIRI,PAE,,,2024-11-08 17:33:09,2024-11-08,2024,11,NON TITO,,,JAWA TIMUR,0.0,BLACK,1485863668,AREA 3,JATIM,MADIUN,KEDIRI,,,0,0,0,JAWA TIMUR,KEDIRI,GURAH,GAYAM,KEDIRI
11911993546,,ODP-PAE-FAC/24,-7.7931,112.129218,,,8,0,0,0,8,REGIONAL 5,KEDIRI,KEDIRI,PAE,,,2024-11-08 17:32:57,2024-11-08,2024,11,NON TITO,,,JAWA TIMUR,0.0,BLACK,1485863671,AREA 3,JATIM,MADIUN,KEDIRI,,,0,0,0,JAWA TIMUR,KEDIRI,GURAH,GAYAM,KEDIRI
8492968681,,ODP-KDI-FBB/73,-7.828243,112.030622,,,8,0,0,0,8,REGIONAL 5,KEDIRI,KEDIRI,KDI,,,2024-03-16 23:23:06,2022-03-07,2022,3,NON TITO,,,JAWA TIMUR,0.0,BLACK,1168362348,AREA 3,JATIM,MADIUN,KEDIRI,,,0,0,0,JAWA TIMUR,KOTA KEDIRI,PESANTREN,BANGSAL,KEDIRI
11912443542,,ODP-PAE-FZ/34,-7.725852,112.198461,,,8,0,0,0,8,REGIONAL 5,KEDIRI,KEDIRI,PAE,,,2024-11-09 17:59:19,2024-11-08,2024,11,NON TITO,,,JAWA TIMUR,0.0,BLACK,1485863925,AREA 3,JATIM,MADIUN,KEDIRI,,,0,0,0,JAWA TIMUR,KEDIRI,BADAS,TUNGLUR,KEDIRI
8570968891,,ODP-PAE-FL/81,-7.772885,112.192375,,,8,0,0,0,8,REGIONAL 5,KEDIRI,KEDIRI,PAE,,,2024-03-16 23:29:04,2022-03-24,2022,3,NON TITO,,,JAWA TIMUR,0.0,BLACK,1169465367,AREA 3,JATIM,MADIUN,KEDIRI,,,0,0,0,JAWA TIMUR,KEDIRI,PARE,PARE,KEDIRI
121231336,,ODP-KDI-FB/14,-7.7687,112.0266,,,8,0,0,0,8,REGIONAL 5,KEDIRI,KEDIRI,KDI,,,2024-03-16 23:27:15,2016-02-23,2016,2,NON TITO,,,JAWA TIMUR,0.0,BLACK,6633471,AREA 3,JATIM,MADIUN,KEDIRI,,,0,0,0,JAWA TIMUR,KEDIRI,GAMPENGREJO,SAMBIRESIK,KEDIRI
8086769843,,ODP-MJT-FD/29,-7.763957,111.954164,,,8,0,0,0,8,REGIONAL 5,KEDIRI,KEDIRI,MJT,,,2024-03-16 23:27:21,2021-11-15,2021,11,NON TITO,,,JAWA TIMUR,0.0,BLACK,1114883585,AREA 3,JATIM,MADIUN,KEDIRI,,,0,0,0,JAWA TIMUR,KEDIRI,GROGOL,GROGOL,KEDIRI
1026794934,,ODP-WAT-FE/05,-7.967443,112.140823,,,8,0,0,0,8,REGIONAL 5,KEDIRI,KEDIRI,WAT,,,2024-03-16 23:24:17,2016-10-29,2016,10,NON TITO,,,JAWA TIMUR,0.0,BLACK,37182561,AREA 3,JATIM,MADIUN,KEDIRI,,,0,0,0,JAWA TIMUR,KEDIRI,NGANCAR,BEDALI,KEDIRI
12705722339,,ODP-PAE-FA/47,-7.764389,112.186971,,,8,0,0,0,8,REGIONAL 5,KEDIRI,KEDIRI,PAE,,,2026-04-23 23:35:30,2026-04-23,2026,4,NON TITO,,,JAWA TIMUR,0.0,BLACK,1504795568,AREA 3,JATIM,MADIUN,KEDIRI,,,0,0,0,JAWA TIMUR,KEDIRI,PARE,PARE,KEDIRI
12710968538,,ODP-PAE-FU/77,-7.828343,112.26045,,,8,0,0,0,8,REGIONAL 5,KEDIRI,KEDIRI,PAE,,,2026-04-21 17:51:43,2026-04-16,2026,4,NON TITO,,,JAWA TIMUR,0.0,BLACK,1504720534,AREA 3,JATIM,MADIUN,KEDIRI,,,0,0,0,JAWA TIMUR,KEDIRI,PUNCU,ASMOROBANGUN,KEDIRI
12229844028,,ODP-WAT-FW/22,-7.846983,112.159509,,,8,0,0,0,8,REGIONAL 5,KEDIRI,KEDIRI,WAT,,,2025-07-02 00:08:37,2025-06-30,2025,6,NON TITO,,,JAWA TIMUR,0.0,BLACK,1499816631,AREA 3,JATIM,MADIUN,KEDIRI,,,0,0,0,JAWA TIMUR,KEDIRI,PLOSOKLATEN,PUNJUL,KEDIRI
1325799766,,ODP-NDL-FD/23,-7.895013,111.962849,,,8,0,0,0,8,REGIONAL 5,KEDIRI,KEDIRI,NDL,,,2024-03-16 23:27:15,2017-03-29,2017,3,NON TITO,,,JAWA TIMUR,0.0,BLACK,81454196,AREA 3,JATIM,MADIUN,KEDIRI,,,0,0,0,JAWA TIMUR,KEDIRI,MOJO,MOJO,KEDIRI
11363294070,,ODP-SBI-FA/42,-7.972183,112.026999,,,8,0,0,0,8,REGIONAL 5,KEDIRI,KEDIRI,SBI,,,2024-03-16 23:24:25,2024-02-21,2024,2,NON TITO,,,JAWA TIMUR,0.0,BLACK,1409344903,AREA 3,JATIM,MADIUN,KEDIRI,,,0,0,0,JAWA TIMUR,KEDIRI,RINGINREJO,SUSUHBANGO,KEDIRI
11376718562,,ODP-PPR-FC/31,-7.699851,112.09616,,,8,0,0,0,8,REGIONAL 5,KEDIRI,KEDIRI,PPR,,,2024-03-16 23:23:49,2024-02-25,2024,2,NON TITO,,,JAWA TIMUR,0.0,BLACK,1414016205,AREA 3,JATIM,MADIUN,KEDIRI,,,0,0,0,JAWA TIMUR,KEDIRI,PAPAR,MADURETNO,KEDIRI
130589983,,GCL-MJT-F01/03,-7.8174,112.0045,,,8,0,0,0,8,REGIONAL 5,KEDIRI,KEDIRI,MJT,,,2024-03-16 23:25:45,2016-02-27,2016,2,NON TITO,,,JAWA TIMUR,0.0,BLACK,7826400,AREA 3,JATIM,MADIUN,KEDIRI,,,0,0,0,JAWA TIMUR,KOTA KEDIRI,MOJOROTO,BANDAR LOR,KEDIRI
11382194366,,ODP-KDI-FB/51,-7.787951,112.00353,,,8,0,0,0,8,REGIONAL 5,KEDIRI,KEDIRI,KDI,,,2024-03-16 23:24:51,2024-03-09,2024,3,NON TITO,,,JAWA TIMUR,0.0,BLACK,1417837393,AREA 3,JATIM,MADIUN,KEDIRI,,,0,0,0,JAWA TIMUR,KEDIRI,GAMPENGREJO,JONGBIRU,KEDIRI
121234137,,ODP-KDI-FAA/59,-7.7536,112.0314,,,8,0,0,0,8,REGIONAL 5,KEDIRI,KEDIRI,KDI,,,2023-08-30 18:11:14,2016-02-23,2016,2,NON TITO,,,JAWA TIMUR,0.0,BLACK,6635604,AREA 3,JATIM,MADIUN,KEDIRI,,,0,0,0,JAWA TIMUR,KEDIRI,GAMPENGREJO,NGEBRAK,KEDIRI
787994718,,ODP-KDI-FAM/06,-7.793407,112.012044,,,8,0,0,0,8,REGIONAL 5,KEDIRI,KEDIRI,KDI,,,2024-03-16 23:26:49,2016-08-08,2016,8,NON TITO,,,JAWA TIMUR,0.0,BLACK,34109270,AREA 3,JATIM,MADIUN,KEDIRI,,,0,0,0,JAWA TIMUR,KOTA KEDIRI,KOTA KEDIRI,SEMAMPIR,KEDIRI
130592212,,ODP-PAE-FCLH/01,-7.7634,112.1977,,,8,0,0,0,8,REGIONAL 5,KEDIRI,KEDIRI,PAE,,,2024-03-16 23:26:17,2016-02-27,2016,2,NON TITO,,,JAWA TIMUR,0.0,BLACK,7827813,AREA 3,JATIM,MADIUN,KEDIRI,,,0,0,0,JAWA TIMUR,KEDIRI,PARE,PARE,KEDIRI
1219848429,,ODP-KDI-FC/19,-7.812674,112.040652,,,8,0,0,0,8,REGIONAL 5,KEDIRI,KEDIRI,KDI,,,2024-03-16 23:25:03,2017-02-07,2017,2,NON TITO,,,JAWA TIMUR,0.0,BLACK,62521292,AREA 3,JATIM,MADIUN,KEDIRI,,,0,0,0,JAWA TIMUR,KEDIRI,NGASEM,DOKO,KEDIRI
11533396724,,ODP-PAE-FS/37,-7.825172,112.187111,,,8,0,0,0,8,REGIONAL 5,KEDIRI,KEDIRI,PAE,,,2024-05-29 01:55:51,2024-05-27,2024,5,NON TITO,,,JAWA TIMUR,0.0,BLACK,1435237228,AREA 3,JATIM,MADIUN,KEDIRI,,,0,0,0,JAWA TIMUR,KEDIRI,PUNCU,SIDOMULYO,KEDIRI
130644468,,ODP-PAE-FCLJ/01,-7.7711,112.2086,,,7,0,0,0,8,REGIONAL 5,KEDIRI,KEDIRI,PAE,,,2024-03-16 23:21:03,2016-02-27,2016,2,NON TITO,,,JAWA TIMUR,0.0,BLACK,7883240,AREA 3,JATIM,MADIUN,KEDIRI,,,0,0,0,JAWA TIMUR,KEDIRI,PARE,TERTEK,KEDIRI
1150619992,,ODP-GUR-FF/03,-7.822037,112.119355,,,8,0,0,0,8,REGIONAL 5,KEDIRI,KEDIRI,GUR,,,2024-03-16 23:25:40,2017-01-25,2017,1,NON TITO,,,JAWA TIMUR,0.0,BLACK,39720764,AREA 3,JATIM,MADIUN,KEDIRI,,,0,0,0,JAWA TIMUR,KEDIRI,PLOSOKLATEN,KAWEDUSAN,KEDIRI
11532872598,,ODP-KDI-FAX/21,-7.850479,112.066437,,,8,0,0,0,8,REGIONAL 5,KEDIRI,KEDIRI,KDI,,,2024-05-30 17:27:46,2024-05-30,2024,5,NON TITO,,,JAWA TIMUR,0.0,BLACK,1437186316,AREA 3,JATIM,MADIUN,KEDIRI,,,0,0,0,JAWA TIMUR,KOTA KEDIRI,PESANTREN,NGLETIH,KEDIRI
11568718574,,ODP-PAE-FAM/18,-7.762462,112.171628,,,8,0,0,0,8,REGIONAL 5,KEDIRI,KEDIRI,PAE,,,2024-06-06 17:22:41,2024-06-06,2024,6,NON TITO,,,JAWA TIMUR,0.0,BLACK,1440337308,AREA 3,JATIM,MADIUN,KEDIRI,,,0,0,0,JAWA TIMUR,KEDIRI,PARE,PELEM,KEDIRI
1069785565,,ODP-WAT-FH/01,-7.994831,112.119044,,,8,0,0,0,8,REGIONAL 5,KEDIRI,KEDIRI,WAT,,,2024-03-16 23:23:30,2016-11-23,2016,11,NON TITO,,,JAWA TIMUR,0.0,BLACK,38668344,AREA 3,JATIM,MADIUN,KEDIRI,,,0,0,0,JAWA TIMUR,BLITAR,PONGGOK,CANDIREJO,KEDIRI
1074569060,,ODP-PAE-FQ/01,-7.7717,112.2085,,,8,0,0,0,8,REGIONAL 5,KEDIRI,KEDIRI,PAE,,,2024-03-16 23:23:59,2016-11-24,2016,11,NON TITO,,,JAWA TIMUR,0.0,BLACK,38684176,AREA 3,JATIM,MADIUN,KEDIRI,,,0,0,0,JAWA TIMUR,KEDIRI,PARE,TERTEK,KEDIRI
140243683,,ODP-PAE-FS/03,-7.836783,112.176445,,,8,0,0,0,8,REGIONAL 5,KEDIRI,KEDIRI,PAE,,,2024-03-16 23:24:43,2016-03-05,2016,3,NON TITO,,,JAWA TIMUR,0.0,BLACK,8175335,AREA 3,JATIM,MADIUN,KEDIRI,,,0,0,0,JAWA TIMUR,KEDIRI,PLOSOKLATEN,SUMBERAGUNG,KEDIRI
1049078973,,ODP-SBI-FD/06,-7.980706,112.006028,,,8,0,0,0,8,REGIONAL 5,KEDIRI,KEDIRI,SBI,,,2024-03-16 23:28:55,2016-11-10,2016,11,NON TITO,,,JAWA TIMUR,0.0,BLACK,38442619,AREA 3,JATIM,MADIUN,KEDIRI,,,0,0,0,JAWA TIMUR,KEDIRI,KRAS,BUTUH,KEDIRI
1049078609,,ODP-SBI-FD/07,-7.976991,112.006177,,,8,0,0,0,8,REGIONAL 5,KEDIRI,KEDIRI,SBI,,,2024-03-16 23:28:00,2016-11-10,2016,11,NON TITO,,,JAWA TIMUR,0.0,BLACK,38442388,AREA 3,JATIM,MADIUN,KEDIRI,,,0,0,0,JAWA TIMUR,KEDIRI,KRAS,BUTUH,KEDIRI
130660703,,ODP-GUR-FCLB/02,-7.7652,112.0877,,,8,0,0,0,8,REGIONAL 5,KEDIRI,KEDIRI,GUR,,,2024-03-16 23:27:38,2016-02-27,2016,2,NON TITO,,,JAWA TIMUR,0.0,BLACK,7898224,AREA 3,JATIM,MADIUN,KEDIRI,,,0,0,0,JAWA TIMUR,KEDIRI,PAGU,PAGU,KEDIRI
12735943542,,ODP-PAE-FAD/31,-7.773738,112.143618,,,8,0,0,0,8,REGIONAL 5,KEDIRI,KEDIRI,PAE,,,2026-05-19 17:54:47,2026-05-12,2026,5,NON TITO,,,JAWA TIMUR,0.0,BLACK,1505003850,AREA 3,JATIM,MADIUN,KEDIRI,,,0,0,0,JAWA TIMUR,KEDIRI,PARE,SAMBIREJO,KEDIRI
1026803980,,ODP-PAE-FE/01,-7.741503,112.135929,,,8,0,0,0,8,REGIONAL 5,KEDIRI,KEDIRI,PAE,,,2024-03-16 23:27:49,2016-11-01,2016,11,NON TITO,,,JAWA TIMUR,0.0,BLACK,37399070,AREA 3,JATIM,MADIUN,KEDIRI,,,0,0,0,JAWA TIMUR,KEDIRI,KAYEN KIDUL,JAMBU,KEDIRI
12284444680,,ODP-PPR-FD/82,-7.660791,112.118623,,,8,0,0,0,8,REGIONAL 5,KEDIRI,KEDIRI,PPR,,,2025-08-12 18:03:00,2025-08-11,2025,8,NON TITO,,,JAWA TIMUR,0.0,BLACK,1500534948,AREA 3,JATIM,MADIUN,KEDIRI,,,0,0,0,JAWA TIMUR,KEDIRI,PURWOASRI,KETAWANG,KEDIRI
11583718823,,ODP-NDL-FE/82,-7.948436,111.959776,,,8,0,0,0,8,REGIONAL 5,KEDIRI,KEDIRI,NDL,,,2024-06-13 23:27:24,2024-06-12,2024,6,NON TITO,,,JAWA TIMUR,0.0,BLACK,1441992818,AREA 3,JATIM,MADIUN,KEDIRI,,,0,0,0,JAWA TIMUR,KEDIRI,KRAS,PURWODADI,KEDIRI
11583718818,,ODP-NDL-FE/81,-7.949623,111.959351,,,8,0,0,0,8,REGIONAL 5,KEDIRI,KEDIRI,NDL,,,2024-06-13 23:27:56,2024-06-12,2024,6,NON TITO,,,JAWA TIMUR,0.0,BLACK,1441992814,AREA 3,JATIM,MADIUN,KEDIRI,,,0,0,0,JAWA TIMUR,KEDIRI,KRAS,PURWODADI,KEDIRI
11571868998,,ODP-PAE-FAC/23,-7.77453,112.122275,,,8,0,0,0,8,REGIONAL 5,KEDIRI,KEDIRI,PAE,,,2024-06-08 23:21:29,2024-06-08,2024,6,NON TITO,,,JAWA TIMUR,0.0,BLACK,1441312305,AREA 3,JATIM,MADIUN,KEDIRI,,,0,0,0,JAWA TIMUR,KEDIRI,PARE,SAMBIREJO,KEDIRI
1123638994,,ODP-WAT-FL/19,-7.892392,112.106546,,,8,0,0,0,8,REGIONAL 5,KEDIRI,KEDIRI,WAT,,,2024-03-16 23:26:51,2017-01-08,2017,1,NON TITO,,,JAWA TIMUR,0.0,BLACK,39372393,AREA 3,JATIM,MADIUN,KEDIRI,,,0,0,0,JAWA TIMUR,KEDIRI,WATES,SUMBERAGUNG,KEDIRI
11575243584,,ODP-PPR-FG/52,-7.653419,112.147903,,,8,0,0,0,8,REGIONAL 5,KEDIRI,KEDIRI,PPR,,,2024-06-07 17:24:56,2024-06-07,2024,6,NON TITO,,,JAWA TIMUR,0.0,BLACK,1441086336,AREA 3,JATIM,MADIUN,KEDIRI,,,0,0,0,JAWA TIMUR,KEDIRI,KUNJANG,KAPAS,KEDIRI
130658442,,ODP-GUR-FB/02,-7.8179,112.0632,,,8,0,0,0,8,REGIONAL 5,KEDIRI,KEDIRI,GUR,,,2024-03-16 23:24:27,2016-02-27,2016,2,NON TITO,,,JAWA TIMUR,0.0,BLACK,7896496,AREA 3,JATIM,MADIUN,KEDIRI,,,0,0,0,JAWA TIMUR,KEDIRI,NGASEM,TUGUREJO,KEDIRI
12735943564,,ODP-NDL-FG/62,-7.88711,112.018796,,,8,0,0,0,8,REGIONAL 5,KEDIRI,KEDIRI,NDL,,,2026-05-19 17:56:36,2026-05-12,2026,5,NON TITO,,,JAWA TIMUR,0.0,BLACK,1505003863,AREA 3,JATIM,MADIUN,KEDIRI,,,0,0,0,JAWA TIMUR,KEDIRI,NGADILUWIH,BEDUG,KEDIRI
1069785592,,ODP-WAT-FJ/05,-7.867493,112.083334,,,8,0,0,0,8,REGIONAL 5,KEDIRI,KEDIRI,WAT,,,2024-03-16 23:23:44,2016-11-23,2016,11,NON TITO,,,JAWA TIMUR,0.0,BLACK,38668361,AREA 3,JATIM,MADIUN,KEDIRI,,,0,0,0,JAWA TIMUR,KEDIRI,WATES,SIDOMULYO,KEDIRI
12735943569,,ODP-NDL-FE/90,-7.951667,111.947711,,,8,0,0,0,8,REGIONAL 5,KEDIRI,KEDIRI,NDL,,,2026-05-19 17:57:02,2026-05-12,2026,5,NON TITO,,,JAWA TIMUR,0.0,BLACK,1505003866,AREA 3,JATIM,MADIUN,KEDIRI,,,0,0,0,JAWA TIMUR,KEDIRI,KRAS,NYAWANGAN,KEDIRI
909718688,,ODP-KAA-FC/21,-7.777016,112.303079,,,8,0,0,0,8,REGIONAL 5,KEDIRI,KEDIRI,KAA,,,2024-03-16 23:25:16,2016-09-14,2016,9,NON TITO,,,JAWA TIMUR,0.0,BLACK,35668256,AREA 3,JATIM,MADIUN,KEDIRI,,,0,0,0,JAWA TIMUR,MALANG,KASEMBON,SUKOSARI,KEDIRI
12788672876,,ODP-GUR-FH/61,-7.764276,112.080648,,,8,0,0,0,8,REGIONAL 5,KEDIRI,KEDIRI,GUR,,,2026-06-30 17:00:25,2026-06-29,2026,6,NON TITO,,,JAWA TIMUR,0.0,BLACK,1505538314,AREA 3,JATIM,MADIUN,KEDIRI,,,0,0,0,JAWA TIMUR,KEDIRI,PAGU,PAGU,KEDIRI
12811243543,,ODP-PPR-FG/73,-7.629367,112.169216,,,7,0,1,0,8,REGIONAL 5,KEDIRI,KEDIRI,PPR,,,2026-07-06 16:50:06,2026-07-01,2026,7,NON TITO,,,JAWA TIMUR,0.0,BLACK,1505963280,AREA 3,JATIM,MADIUN,KEDIRI,,,0,0,0,,,,,KEDIRI
934618688,,ODP-KDI-FE/14,-7.798744,112.04652,,,8,0,0,0,8,REGIONAL 5,KEDIRI,KEDIRI,KDI,,,2024-03-16 23:28:34,2016-09-21,2016,9,NON TITO,,,JAWA TIMUR,0.0,BLACK,35768235,AREA 3,JATIM,MADIUN,KEDIRI,,,0,0,0,JAWA TIMUR,KEDIRI,NGASEM,NGASEM,KEDIRI
10972618567,,ODP-KDI-FBA/49,-7.82526,112.059796,,,8,0,0,0,8,REGIONAL 5,KEDIRI,KEDIRI,KDI,,,2024-03-16 23:29:07,2023-11-23,2023,11,NON TITO,,,JAWA TIMUR,0.0,BLACK,1337063739,AREA 3,JATIM,MADIUN,KEDIRI,,,0,0,0,JAWA TIMUR,KEDIRI,NGASEM,TUGUREJO,KEDIRI
130660523,,ODP-GUR-FB/03,-7.8173,112.0649,,,11,5,0,0,16,REGIONAL 5,KEDIRI,KEDIRI,GUR,,,2024-03-16 23:27:38,2016-02-27,2016,2,NON TITO,,,JAWA TIMUR,0.3125,GREEN,7898093,AREA 3,JATIM,MADIUN,KEDIRI,,,0,0,0,JAWA TIMUR,KEDIRI,GURAH,TURUS,KEDIRI
8620768772,,ODP-SBI-FL/06,-7.932458,112.030231,,,5,3,0,0,8,REGIONAL 5,KEDIRI,KEDIRI,SBI,,,2024-03-16 23:26:11,2022-04-05,2022,4,NON TITO,,,JAWA TIMUR,0.375,GREEN,1170372878,AREA 3,JATIM,MADIUN,KEDIRI,,,0,0,0,JAWA TIMUR,KEDIRI,KANDAT,CENDONO,KEDIRI
130660270,,ODP-GUR-FA/15,-7.7859,112.1175,,,6,2,0,0,8,REGIONAL 5,KEDIRI,KEDIRI,GUR,,,2024-03-16 23:27:47,2016-02-27,2016,2,NON TITO,,,JAWA TIMUR,0.25,GREEN,7897912,AREA 3,JATIM,MADIUN,KEDIRI,,,0,0,0,JAWA TIMUR,KEDIRI,GURAH,GAYAM,KEDIRI
130660200,,ODP-NDL-FB/02,-7.8655,112.029,,,6,1,0,0,8,REGIONAL 5,KEDIRI,KEDIRI,NDL,,,2024-03-16 23:27:57,2016-02-27,2016,2,NON TITO,,,JAWA TIMUR,0.125,GREEN,7897861,AREA 3,JATIM,MADIUN,KEDIRI,,,0,0,0,JAWA TIMUR,KOTA KEDIRI,PESANTREN,BLABAK,KEDIRI
130659994,,ODP-GUR-FCLB/04,-7.7816,112.0808,,,5,1,0,0,8,REGIONAL 5,KEDIRI,KEDIRI,GUR,,,2024-03-16 23:27:47,2016-02-27,2016,2,NON TITO,,,JAWA TIMUR,0.125,GREEN,7897707,AREA 3,JATIM,MADIUN,KEDIRI,,,0,0,0,JAWA TIMUR,KEDIRI,PAGU,MENANG,KEDIRI
130660528,,ODP-NDL-FA/23,-7.9239,111.9763,,,6,2,0,0,8,REGIONAL 5,KEDIRI,KEDIRI,NDL,,,2024-03-16 23:27:42,2016-02-27,2016,2,NON TITO,,,JAWA TIMUR,0.25,GREEN,7898097,AREA 3,JATIM,MADIUN,KEDIRI,,,0,0,0,JAWA TIMUR,KEDIRI,KRAS,JAMBEAN,KEDIRI
8621068725,,ODP-PAE-FAN/13,-7.766597,112.196921,,,6,2,0,0,8,REGIONAL 5,KEDIRI,KEDIRI,PAE,,,2024-03-16 23:26:47,2022-04-04,2022,4,NON TITO,,,JAWA TIMUR,0.25,GREEN,1170368764,AREA 3,JATIM,MADIUN,KEDIRI,,,0,0,0,JAWA TIMUR,KEDIRI,PARE,PARE,KEDIRI
8621068675,,ODP-PAE-FAN/14,-7.765124,112.198938,,,7,1,0,0,8,REGIONAL 5,KEDIRI,KEDIRI,PAE,,,2024-03-16 23:27:21,2022-04-04,2022,4,NON TITO,,,JAWA TIMUR,0.125,GREEN,1170368726,AREA 3,JATIM,MADIUN,KEDIRI,,,0,0,0,JAWA TIMUR,KEDIRI,PARE,PARE,KEDIRI
8621068655,,ODP-PAE-FAN/09,-7.765079,112.193158,,,4,3,1,0,8,REGIONAL 5,KEDIRI,KEDIRI,PAE,,,2024-03-16 23:26:50,2022-04-04,2022,4,NON TITO,,,JAWA TIMUR,0.375,GREEN,1170368706,AREA 3,JATIM,MADIUN,KEDIRI,,,0,0,0,JAWA TIMUR,KEDIRI,PARE,PARE,KEDIRI
8621293605,,ODP-WAT-FP/27,-7.931802,112.17635,,,6,2,0,0,8,REGIONAL 5,KEDIRI,KEDIRI,WAT,,,2024-03-16 23:26:10,2022-04-04,2022,4,NON TITO,,,JAWA TIMUR,0.25,GREEN,1170366347,AREA 3,JATIM,MADIUN,KEDIRI,,,0,0,0,JAWA TIMUR,KEDIRI,NGANCAR,NGANCAR,KEDIRI
130659974,,ODP-NDL-FB/22,-7.9226,112.0329,,,10,5,1,0,16,REGIONAL 5,KEDIRI,KEDIRI,NDL,,,2024-03-16 23:27:59,2016-02-27,2016,2,NON TITO,,,JAWA TIMUR,0.3125,GREEN,7897691,AREA 3,JATIM,MADIUN,KEDIRI,,,0,0,0,JAWA TIMUR,KEDIRI,KANDAT,KANDAT,KEDIRI
8592043883,,ODP-GUR-FF/25,-7.838902,112.13181,,,5,3,0,0,8,REGIONAL 5,KEDIRI,KEDIRI,GUR,,,2024-03-16 23:21:06,2022-03-29,2022,3,NON TITO,,,JAWA TIMUR,0.375,GREEN,1169685322,AREA 3,JATIM,MADIUN,KEDIRI,,,0,0,0,JAWA TIMUR,KEDIRI,PLOSOKLATEN,KLANDERAN,KEDIRI
8620768767,,ODP-SBI-FL/08,-7.931566,112.036629,,,5,3,0,0,8,REGIONAL 5,KEDIRI,KEDIRI,SBI,,,2024-03-16 23:25:52,2022-04-05,2022,4,NON TITO,,,JAWA TIMUR,0.375,GREEN,1170372874,AREA 3,JATIM,MADIUN,KEDIRI,,,0,0,0,JAWA TIMUR,KEDIRI,KANDAT,KANDAT,KEDIRI
8620768777,,ODP-SBI-FL/13,-7.944266,112.029811,,,5,3,0,0,8,REGIONAL 5,KEDIRI,KEDIRI,SBI,,,2024-03-16 23:25:38,2022-04-05,2022,4,NON TITO,,,JAWA TIMUR,0.375,GREEN,1170372881,AREA 3,JATIM,MADIUN,KEDIRI,,,0,0,0,JAWA TIMUR,KEDIRI,KANDAT,SUMBERJO,KEDIRI
8620768782,,ODP-SBI-FL/10,-7.934612,112.034676,,,6,2,0,0,8,REGIONAL 5,KEDIRI,KEDIRI,SBI,,,2024-03-16 23:26:02,2022-04-05,2022,4,NON TITO,,,JAWA TIMUR,0.25,GREEN,1170372884,AREA 3,JATIM,MADIUN,KEDIRI,,,0,0,0,JAWA TIMUR,KEDIRI,KANDAT,KANDAT,KEDIRI
8591968593,,ODP-GUR-FC/24,-7.819438,112.110096,,,5,3,0,0,8,REGIONAL 5,KEDIRI,KEDIRI,GUR,,,2024-03-16 23:22:48,2022-03-29,2022,3,NON TITO,,,JAWA TIMUR,0.375,GREEN,1169682880,AREA 3,JATIM,MADIUN,KEDIRI,,,0,0,0,JAWA TIMUR,KEDIRI,GURAH,BESUK,KEDIRI
8632468898,,ODP-GUR-FB/54,-7.822641,112.088845,,,5,3,0,0,8,REGIONAL 5,KEDIRI,KEDIRI,GUR,,,2024-03-16 23:27:39,2022-04-07,2022,4,NON TITO,,,JAWA TIMUR,0.375,GREEN,1175840840,AREA 3,JATIM,MADIUN,KEDIRI,,,0,0,0,JAWA TIMUR,KEDIRI,GURAH,BANYUANYAR,KEDIRI
8620918929,,ODP-PAE-FAM/01,-7.763998,112.169911,,,5,3,0,0,8,REGIONAL 5,KEDIRI,KEDIRI,PAE,,,2024-03-16 23:22:47,2022-04-05,2022,4,NON TITO,,,JAWA TIMUR,0.375,GREEN,1170376205,AREA 3,JATIM,MADIUN,KEDIRI,,,0,0,0,JAWA TIMUR,KEDIRI,PARE,PELEM,KEDIRI
130661520,,ODP-WAT-FCLE/02,-7.9001,112.1342,,,3,3,0,0,8,REGIONAL 5,KEDIRI,KEDIRI,WAT,,,2024-03-16 23:28:08,2016-02-27,2016,2,NON TITO,,,JAWA TIMUR,0.375,GREEN,7898817,AREA 3,JATIM,MADIUN,KEDIRI,,,0,0,0,JAWA TIMUR,KEDIRI,WATES,TUNGE,KEDIRI
121235301,,ODP-KDI-FA/48,-7.8412,112.0303,,,6,2,0,0,8,REGIONAL 5,KEDIRI,KEDIRI,KDI,,,2024-03-16 23:29:20,2016-02-23,2016,2,NON TITO,,,JAWA TIMUR,0.25,GREEN,6636333,AREA 3,JATIM,MADIUN,KEDIRI,,,0,0,0,JAWA TIMUR,KOTA KEDIRI,KOTA,NGRONGGO,KEDIRI
130661145,,ODP-WAT-FA/16,-7.9186,112.1249,,,5,3,0,0,8,REGIONAL 5,KEDIRI,KEDIRI,WAT,,,2024-03-16 23:28:05,2016-02-27,2016,2,NON TITO,,,JAWA TIMUR,0.375,GREEN,7898547,AREA 3,JATIM,MADIUN,KEDIRI,,,0,0,0,JAWA TIMUR,KEDIRI,WATES,TAWANG,KEDIRI
8620918865,,ODP-PAE-FAM/03,-7.762299,112.171816,,,5,3,0,0,8,REGIONAL 5,KEDIRI,KEDIRI,PAE,,,2024-03-16 23:22:57,2022-04-05,2022,4,NON TITO,,,JAWA TIMUR,0.375,GREEN,1170376116,AREA 3,JATIM,MADIUN,KEDIRI,,,0,0,0,JAWA TIMUR,KEDIRI,PARE,PELEM,KEDIRI
130660603,,ODP-NDL-FD/09,-7.907,111.9592,,,5,3,0,0,8,REGIONAL 5,KEDIRI,KEDIRI,NDL,,,2024-03-16 23:27:14,2016-02-27,2016,2,NON TITO,,,JAWA TIMUR,0.375,GREEN,7898150,AREA 3,JATIM,MADIUN,KEDIRI,,,0,0,0,JAWA TIMUR,KEDIRI,MOJO,TAMBIBENDO,KEDIRI
8620918844,,ODP-PAE-FAP/03,-7.758292,112.23476,,,6,2,0,0,8,REGIONAL 5,KEDIRI,KEDIRI,PAE,,,2024-03-16 23:22:58,2022-04-05,2022,4,NON TITO,,,JAWA TIMUR,0.25,GREEN,1170376102,AREA 3,JATIM,MADIUN,KEDIRI,,,0,0,0,JAWA TIMUR,KEDIRI,BADAS,CANGGU,KEDIRI
8620918839,,ODP-PAE-FAP/07,-7.760647,112.229687,,,7,1,0,0,8,REGIONAL 5,KEDIRI,KEDIRI,PAE,,,2024-03-16 23:22:20,2022-04-05,2022,4,NON TITO,,,JAWA TIMUR,0.125,GREEN,1170376099,AREA 3,JATIM,MADIUN,KEDIRI,,,0,0,0,JAWA TIMUR,KEDIRI,BADAS,CANGGU,KEDIRI
8620918832,,ODP-PAE-FAP/05,-7.761281,112.225228,,,5,3,0,0,8,REGIONAL 5,KEDIRI,KEDIRI,PAE,,,2024-03-16 23:22:42,2022-04-05,2022,4,NON TITO,,,JAWA TIMUR,0.375,GREEN,1170376094,AREA 3,JATIM,MADIUN,KEDIRI,,,0,0,0,JAWA TIMUR,KEDIRI,BADAS,CANGGU,KEDIRI
130660881,,ODP-NDL-FA/53,-7.9151,111.9932,,,6,2,0,0,8,REGIONAL 5,KEDIRI,KEDIRI,NDL,,,2024-03-16 23:27:59,2016-02-27,2016,2,NON TITO,,,JAWA TIMUR,0.25,GREEN,7898351,AREA 3,JATIM,MADIUN,KEDIRI,,,0,0,0,JAWA TIMUR,KEDIRI,NGADILUWIH,BRANGGAHAN,KEDIRI
8620918827,,ODP-PAE-FAP/06,-7.76101,112.227425,,,5,3,0,0,8,REGIONAL 5,KEDIRI,KEDIRI,PAE,,,2024-03-16 23:23:01,2022-04-05,2022,4,NON TITO,,,JAWA TIMUR,0.375,GREEN,1170376091,AREA 3,JATIM,MADIUN,KEDIRI,,,0,0,0,JAWA TIMUR,KEDIRI,BADAS,CANGGU,KEDIRI
8620918822,,ODP-PAE-FAP/01,-7.756706,112.235155,,,6,2,0,0,8,REGIONAL 5,KEDIRI,KEDIRI,PAE,,,2024-03-16 23:22:01,2022-04-05,2022,4,NON TITO,,,JAWA TIMUR,0.25,GREEN,1170376088,AREA 3,JATIM,MADIUN,KEDIRI,,,0,0,0,JAWA TIMUR,KEDIRI,BADAS,CANGGU,KEDIRI
8620768807,,ODP-SBI-FL/09,-7.93501,112.037339,,,7,1,0,0,8,REGIONAL 5,KEDIRI,KEDIRI,SBI,,,2024-03-16 23:25:54,2022-04-05,2022,4,NON TITO,,,JAWA TIMUR,0.125,GREEN,1170372900,AREA 3,JATIM,MADIUN,KEDIRI,,,0,0,0,JAWA TIMUR,KEDIRI,KANDAT,KANDAT,KEDIRI
130661045,,ODP-NDL-FA/27,-7.9195,111.9788,,,11,5,0,0,16,REGIONAL 5,KEDIRI,KEDIRI,NDL,,,2024-03-16 23:27:57,2016-02-27,2016,2,NON TITO,,,JAWA TIMUR,0.3125,GREEN,7898471,AREA 3,JATIM,MADIUN,KEDIRI,,,0,0,0,JAWA TIMUR,KEDIRI,NGADILUWIH,TALES,KEDIRI
8582968528,,ODP-MJT-FH/56,-7.838472,112.000612,,,5,3,0,0,8,REGIONAL 5,KEDIRI,KEDIRI,MJT,,,2024-03-16 23:24:27,2022-03-25,2022,3,NON TITO,,,JAWA TIMUR,0.375,GREEN,1169533747,AREA 3,JATIM,MADIUN,KEDIRI,,,0,0,0,JAWA TIMUR,KOTA KEDIRI,MOJOROTO,BANJARMLATI,KEDIRI
8571493821,,ODP-KDI-FAV/22,-7.842913,112.065719,,,6,2,0,0,8,REGIONAL 5,KEDIRI,KEDIRI,KDI,,,2024-03-16 23:29:03,2022-03-25,2022,3,NON TITO,,,JAWA TIMUR,0.25,GREEN,1169475047,AREA 3,JATIM,MADIUN,KEDIRI,,,0,0,0,JAWA TIMUR,KOTA KEDIRI,PESANTREN,TAMPUREJO,KEDIRI
8626469455,,ODP-SBI-FD/31,-7.976039,111.998392,,,6,2,0,0,8,REGIONAL 5,KEDIRI,KEDIRI,SBI,,,2024-03-16 23:26:40,2022-04-08,2022,4,NON TITO,,,JAWA TIMUR,0.25,GREEN,1175848804,AREA 3,JATIM,MADIUN,KEDIRI,,,0,0,0,JAWA TIMUR,KEDIRI,KRAS,BUTUH,KEDIRI
8519818736,,ODP-PAE-FAL/38,-7.764942,112.215501,,,7,1,0,0,8,REGIONAL 5,KEDIRI,KEDIRI,PAE,,,2024-03-16 23:22:18,2022-03-15,2022,3,NON TITO,,,JAWA TIMUR,0.125,GREEN,1168743721,AREA 3,JATIM,MADIUN,KEDIRI,,,0,0,0,JAWA TIMUR,KEDIRI,PARE,TERTEK,KEDIRI
8502045008,,ODP-PAE-FAK/18,-7.757973,112.193394,,,5,3,0,0,8,REGIONAL 5,KEDIRI,KEDIRI,PAE,,,2024-03-16 23:23:29,2022-03-14,2022,3,NON TITO,,,JAWA TIMUR,0.375,GREEN,1168733597,AREA 3,JATIM,MADIUN,KEDIRI,,,0,0,0,JAWA TIMUR,KEDIRI,PARE,TULUNGREJO,KEDIRI
8500094162,,ODP-WAT-FH/19,-7.998672,112.133179,,,6,2,0,0,8,REGIONAL 5,KEDIRI,KEDIRI,WAT,,,2024-03-16 23:27:14,2022-03-11,2022,3,NON TITO,,,JAWA TIMUR,0.25,GREEN,1168716583,AREA 3,JATIM,MADIUN,KEDIRI,,,0,0,0,JAWA TIMUR,BLITAR,PONGGOK,BACEM,KEDIRI
8507893978,,ODP-PPR-FB/38,-7.716462,112.13331,,,5,3,0,0,8,REGIONAL 5,KEDIRI,KEDIRI,PPR,,,2024-03-16 23:28:58,2022-03-10,2022,3,NON TITO,,,JAWA TIMUR,0.375,GREEN,1168708589,AREA 3,JATIM,MADIUN,KEDIRI,,,0,0,0,JAWA TIMUR,KEDIRI,PLEMAHAN,BOGOKIDUL,KEDIRI
8495893551,,ODP-PPR-FE/69,-7.738647,112.062089,,,6,2,0,0,8,REGIONAL 5,KEDIRI,KEDIRI,PPR,,,2024-03-16 23:25:45,2022-03-08,2022,3,NON TITO,,,JAWA TIMUR,0.25,GREEN,1168374891,AREA 3,JATIM,MADIUN,KEDIRI,,,0,0,0,JAWA TIMUR,KEDIRI,KAYEN KIDUL,BANGSONGAN,KEDIRI
8492968714,,ODP-KDI-FBA/31,-7.831811,112.05562,,,7,1,0,0,8,REGIONAL 5,KEDIRI,KEDIRI,KDI,,,2024-03-16 23:23:22,2022-03-07,2022,3,NON TITO,,,JAWA TIMUR,0.125,GREEN,1168363051,AREA 3,JATIM,MADIUN,KEDIRI,,,0,0,0,JAWA TIMUR,KEDIRI,NGASEM,TUGUREJO,KEDIRI
8189968574,,ODP-MJT-FA/61,-7.720797,111.948435,,,6,2,0,0,8,REGIONAL 5,KEDIRI,KEDIRI,MJT,,,2024-03-16 23:28:06,2021-11-25,2021,11,NON TITO,,,JAWA TIMUR,0.25,GREEN,1136597600,AREA 3,JATIM,MADIUN,KEDIRI,,,0,0,0,JAWA TIMUR,KEDIRI,TAROKAN,KALIBOTO,KEDIRI
8461170605,,ODP-KDI-FBA/32,-7.834261,112.066671,,,7,1,0,0,8,REGIONAL 5,KEDIRI,KEDIRI,KDI,,,2024-03-16 23:23:32,2022-03-07,2022,3,NON TITO,,,JAWA TIMUR,0.125,GREEN,1168363049,AREA 3,JATIM,MADIUN,KEDIRI,,,0,0,0,JAWA TIMUR,KEDIRI,NGASEM,TUGUREJO,KEDIRI
121235346,,ODP-KDI-FAE/09,-7.845,112.0323,,,11,5,0,0,16,REGIONAL 5,KEDIRI,KEDIRI,KDI,,,2024-03-16 23:29:03,2016-02-23,2016,2,NON TITO,,,JAWA TIMUR,0.3125,GREEN,6636364,AREA 3,JATIM,MADIUN,KEDIRI,,,0,0,0,JAWA TIMUR,KOTA KEDIRI,KOTA,NGRONGGO,KEDIRI
130658213,,ODP-KAA-FA/08,-7.78,112.3082,,,6,1,0,0,8,REGIONAL 5,KEDIRI,KEDIRI,KAA,,,2024-03-16 23:26:20,2016-02-27,2016,2,NON TITO,,,JAWA TIMUR,0.125,GREEN,7896317,AREA 3,JATIM,MADIUN,KEDIRI,,,0,0,0,JAWA TIMUR,MALANG,KASEMBON,SUKOSARI,KEDIRI
130658067,,ODP-MJT-FG/05,-7.7686,112.0016,,,6,1,0,0,8,REGIONAL 5,KEDIRI,KEDIRI,MJT,,,2024-03-16 23:27:10,2016-02-27,2016,2,NON TITO,,,JAWA TIMUR,0.125,GREEN,7896201,AREA 3,JATIM,MADIUN,KEDIRI,,,0,0,0,JAWA TIMUR,KEDIRI,BANYAKAN,NGABLAK,KEDIRI
130657685,,ODP-MJT-FG/10,-7.7719,111.9993,,,4,3,0,0,8,REGIONAL 5,KEDIRI,KEDIRI,MJT,,,2024-03-16 23:26:56,2016-02-27,2016,2,NON TITO,,,JAWA TIMUR,0.375,GREEN,7895899,AREA 3,JATIM,MADIUN,KEDIRI,,,0,0,0,JAWA TIMUR,KOTA KEDIRI,MOJOROTO,DERMO,KEDIRI
130657540,,ODP-MJT-FG/03,-7.7655,112.0033,,,3,3,0,0,8,REGIONAL 5,KEDIRI,KEDIRI,MJT,,,2024-03-16 23:27:09,2016-02-27,2016,2,NON TITO,,,JAWA TIMUR,0.375,GREEN,7895785,AREA 3,JATIM,MADIUN,KEDIRI,,,0,0,0,JAWA TIMUR,KEDIRI,BANYAKAN,NGABLAK,KEDIRI
8471294230,,ODP-WAT-FM/32,-7.865489,112.132672,,,7,1,0,0,8,REGIONAL 5,KEDIRI,KEDIRI,WAT,,,2024-03-16 23:23:52,2022-03-03,2022,3,NON TITO,,,JAWA TIMUR,0.125,GREEN,1168340492,AREA 3,JATIM,MADIUN,KEDIRI,,,0,0,0,JAWA TIMUR,KEDIRI,PLOSOKLATEN,JARAK,KEDIRI
130658262,,ODP-MJT-FCLC/01,-7.8195,111.9981,,,13,3,0,0,16,REGIONAL 5,KEDIRI,KEDIRI,MJT,,,2024-03-16 23:27:08,2016-02-27,2016,2,NON TITO,,,JAWA TIMUR,0.1875,GREEN,7896354,AREA 3,JATIM,MADIUN,KEDIRI,,,0,0,0,JAWA TIMUR,KOTA KEDIRI,MOJOROTO,LIRBOYO,KEDIRI
8571569513,,ODP-WAT-FL/35,-7.862591,112.105362,,,6,2,0,0,8,REGIONAL 5,KEDIRI,KEDIRI,WAT,,,2024-03-16 23:23:00,2022-03-28,2022,3,NON TITO,,,JAWA TIMUR,0.25,GREEN,1169489987,AREA 3,JATIM,MADIUN,KEDIRI,,,0,0,0,JAWA TIMUR,KEDIRI,GURAH,BLIMBING,KEDIRI
8519818751,,ODP-PAE-FAL/37,-7.766788,112.21523,,,6,2,0,0,8,REGIONAL 5,KEDIRI,KEDIRI,PAE,,,2024-03-16 23:21:20,2022-03-15,2022,3,NON TITO,,,JAWA TIMUR,0.25,GREEN,1168743756,AREA 3,JATIM,MADIUN,KEDIRI,,,0,0,0,JAWA TIMUR,KEDIRI,PARE,TERTEK,KEDIRI
8502121118,,ODP-KDI-FAZ/16,-7.754237,112.051433,,,5,3,0,0,8,REGIONAL 5,KEDIRI,KEDIRI,KDI,,,2024-03-16 23:26:11,2022-03-16,2022,3,NON TITO,,,JAWA TIMUR,0.375,GREEN,1168754708,AREA 3,JATIM,MADIUN,KEDIRI,,,0,0,0,JAWA TIMUR,KEDIRI,GAMPENGREJO,KALIBELO,KEDIRI
8570968946,,ODP-PAE-FL/64,-7.79993,112.187377,,,5,3,0,0,8,REGIONAL 5,KEDIRI,KEDIRI,PAE,,,2024-03-16 23:29:01,2022-03-24,2022,3,NON TITO,,,JAWA TIMUR,0.375,GREEN,1169465410,AREA 3,JATIM,MADIUN,KEDIRI,,,0,0,0,JAWA TIMUR,KEDIRI,PARE,GEDANGSEWU,KEDIRI
8128168628,,ODP-WAT-FC/28,-7.909395,112.094144,,,6,2,0,0,8,REGIONAL 5,KEDIRI,KEDIRI,WAT,,,2024-03-16 23:28:11,2021-11-18,2021,11,NON TITO,,,JAWA TIMUR,0.25,GREEN,1114911801,AREA 3,JATIM,MADIUN,KEDIRI,,,0,0,0,JAWA TIMUR,KEDIRI,WATES,WONOREJO,KEDIRI
8570968936,,ODP-PAE-FL/82,-7.773033,112.192818,,,5,3,0,0,8,REGIONAL 5,KEDIRI,KEDIRI,PAE,,,2024-03-16 23:21:18,2022-03-24,2022,3,NON TITO,,,JAWA TIMUR,0.375,GREEN,1169465404,AREA 3,JATIM,MADIUN,KEDIRI,,,0,0,0,JAWA TIMUR,KEDIRI,PARE,PARE,KEDIRI
130659658,,ODP-WAT-FB/09,-7.9228,112.1328,,,5,3,0,0,8,REGIONAL 5,KEDIRI,KEDIRI,WAT,,,2024-03-16 23:26:49,2016-02-27,2016,2,NON TITO,,,JAWA TIMUR,0.375,GREEN,7897441,AREA 3,JATIM,MADIUN,KEDIRI,,,0,0,0,JAWA TIMUR,KEDIRI,WATES,TAWANG,KEDIRI
8570968901,,ODP-PAE-FL/84,-7.772214,112.194715,,,5,3,0,0,8,REGIONAL 5,KEDIRI,KEDIRI,PAE,,,2024-03-16 23:28:57,2022-03-24,2022,3,NON TITO,,,JAWA TIMUR,0.375,GREEN,1169465379,AREA 3,JATIM,MADIUN,KEDIRI,,,0,0,0,JAWA TIMUR,KEDIRI,PARE,PARE,KEDIRI
130659162,,ODP-MJT-FJ/14,-7.8185,111.9881,,,6,5,0,0,16,REGIONAL 5,KEDIRI,KEDIRI,MJT,,,2024-03-16 23:24:36,2016-02-27,2016,2,NON TITO,,,JAWA TIMUR,0.3125,GREEN,7897063,AREA 3,JATIM,MADIUN,KEDIRI,,,0,0,0,JAWA TIMUR,KOTA KEDIRI,MOJOROTO,CAMPUREJO,KEDIRI
8519818756,,ODP-PAE-FAL/40,-7.764166,112.210993,,,6,2,0,0,8,REGIONAL 5,KEDIRI,KEDIRI,PAE,,,2024-03-16 23:22:22,2022-03-15,2022,3,NON TITO,,,JAWA TIMUR,0.25,GREEN,1168743762,AREA 3,JATIM,MADIUN,KEDIRI,,,0,0,0,JAWA TIMUR,KEDIRI,PARE,TERTEK,KEDIRI
130658819,,ODP-PAE-FA/07,-7.7582,112.1852,,,11,4,0,0,16,REGIONAL 5,KEDIRI,KEDIRI,PAE,,,2024-03-16 23:27:12,2016-02-27,2016,2,NON TITO,,,JAWA TIMUR,0.25,GREEN,7896793,AREA 3,JATIM,MADIUN,KEDIRI,,,0,0,0,JAWA TIMUR,KEDIRI,PARE,TULUNGREJO,KEDIRI
8128168633,,ODP-WAT-FC/31,-7.92105,112.081178,,,5,3,0,0,8,REGIONAL 5,KEDIRI,KEDIRI,WAT,,,2024-03-16 23:28:36,2021-11-18,2021,11,NON TITO,,,JAWA TIMUR,0.375,GREEN,1114911805,AREA 3,JATIM,MADIUN,KEDIRI,,,0,0,0,JAWA TIMUR,KEDIRI,WATES,POJOK,KEDIRI
8545318592,,ODP-KDI-FBA/33,-7.829883,112.060845,,,5,3,0,0,8,REGIONAL 5,KEDIRI,KEDIRI,KDI,,,2024-03-16 23:26:44,2022-03-21,2022,3,NON TITO,,,JAWA TIMUR,0.375,GREEN,1169300597,AREA 3,JATIM,MADIUN,KEDIRI,,,0,0,0,JAWA TIMUR,KEDIRI,NGASEM,TUGUREJO,KEDIRI
8499795898,,ODP-MJT-FAC/43,-7.795492,111.997027,,,5,3,0,0,8,REGIONAL 5,KEDIRI,KEDIRI,MJT,,,2024-03-16 23:26:00,2022-03-18,2022,3,NON TITO,,,JAWA TIMUR,0.375,GREEN,1168923726,AREA 3,JATIM,MADIUN,KEDIRI,,,0,0,0,JAWA TIMUR,KOTA KEDIRI,MOJOROTO,NGAMPEL,KEDIRI
8128168638,,ODP-WAT-FC/30,-7.920681,112.079726,,,7,1,0,0,8,REGIONAL 5,KEDIRI,KEDIRI,WAT,,,2024-03-16 23:28:53,2021-11-18,2021,11,NON TITO,,,JAWA TIMUR,0.125,GREEN,1114911808,AREA 3,JATIM,MADIUN,KEDIRI,,,0,0,0,JAWA TIMUR,KEDIRI,WATES,POJOK,KEDIRI
8500095738,,ODP-NDL-FH/51,-7.909471,111.987367,,,5,3,0,0,8,REGIONAL 5,KEDIRI,KEDIRI,NDL,,,2024-03-16 23:26:48,2022-03-17,2022,3,NON TITO,,,JAWA TIMUR,0.375,GREEN,1168761722,AREA 3,JATIM,MADIUN,KEDIRI,,,0,0,0,JAWA TIMUR,KEDIRI,NGADILUWIH,BRANGGAHAN,KEDIRI
8141668588,,ODP-PAE-FL/61,-7.779207,112.194955,,,5,3,0,0,8,REGIONAL 5,KEDIRI,KEDIRI,PAE,,,2024-03-16 23:22:59,2021-11-19,2021,11,NON TITO,,,JAWA TIMUR,0.375,GREEN,1123545329,AREA 3,JATIM,MADIUN,KEDIRI,,,0,0,0,JAWA TIMUR,KEDIRI,PARE,GEDANGSEWU,KEDIRI
8570968856,,ODP-PAE-FL/83,-7.772051,112.192913,,,5,3,0,0,8,REGIONAL 5,KEDIRI,KEDIRI,PAE,,,2024-03-16 23:29:07,2022-03-24,2022,3,NON TITO,,,JAWA TIMUR,0.375,GREEN,1169465333,AREA 3,JATIM,MADIUN,KEDIRI,,,0,0,0,JAWA TIMUR,KEDIRI,PARE,PARE,KEDIRI
130661687,,ODP-WAT-FB/06,-7.923569,112.136425,,,4,1,0,0,8,REGIONAL 5,KEDIRI,KEDIRI,WAT,,,2024-03-16 23:28:26,2016-02-27,2016,2,NON TITO,,,JAWA TIMUR,0.125,GREEN,7898942,AREA 3,JATIM,MADIUN,KEDIRI,,,0,0,0,JAWA TIMUR,KEDIRI,WATES,TAWANG,KEDIRI
8242547254,,ODP-KDI-FH/39,-7.86359,111.993478,,,6,2,0,0,8,REGIONAL 5,KEDIRI,KEDIRI,KDI,,,2024-03-16 23:25:15,2021-12-08,2021,12,NON TITO,,,JAWA TIMUR,0.25,GREEN,1161945513,AREA 3,JATIM,MADIUN,KEDIRI,,,0,0,0,JAWA TIMUR,KEDIRI,NGADILUWIH,BADAL PANDEAN,KEDIRI
130661908,,ODP-WAT-FA/01,-7.9016,112.1094,,,4,2,0,0,8,REGIONAL 5,KEDIRI,KEDIRI,WAT,,,2024-03-16 23:26:56,2016-02-27,2016,2,NON TITO,,,JAWA TIMUR,0.25,GREEN,7899104,AREA 3,JATIM,MADIUN,KEDIRI,,,0,0,0,JAWA TIMUR,KEDIRI,WATES,WONOREJO,KEDIRI
8707768722,,ODP-NDL-FN/18,-7.892583,111.981323,,,7,1,0,0,8,REGIONAL 5,KEDIRI,KEDIRI,NDL,,,2024-03-16 23:22:06,2022-04-25,2022,4,NON TITO,,,JAWA TIMUR,0.125,GREEN,1178310817,AREA 3,JATIM,MADIUN,KEDIRI,,,0,0,0,JAWA TIMUR,KEDIRI,NGADILUWIH,NGADILUWIH,KEDIRI
8687219863,,ODP-WAT-FW/18,-7.857156,112.149401,,,7,1,0,0,8,REGIONAL 5,KEDIRI,KEDIRI,WAT,,,2024-03-16 23:26:07,2022-04-21,2022,4,NON TITO,,,JAWA TIMUR,0.125,GREEN,1177723834,AREA 3,JATIM,MADIUN,KEDIRI,,,0,0,0,JAWA TIMUR,KEDIRI,PLOSOKLATEN,PLOSO LOR,KEDIRI
8676343591,,ODP-PAE-FAE/35,-7.766823,112.15836,,,5,3,0,0,8,REGIONAL 5,KEDIRI,KEDIRI,PAE,,,2024-03-16 23:26:09,2022-04-18,2022,4,NON TITO,,,JAWA TIMUR,0.375,GREEN,1177486657,AREA 3,JATIM,MADIUN,KEDIRI,,,0,0,0,JAWA TIMUR,KEDIRI,PARE,BENDO,KEDIRI
8645968558,,ODP-SBI-FC/29,-7.963436,111.996743,,,6,2,0,0,8,REGIONAL 5,KEDIRI,KEDIRI,SBI,,,2024-03-16 23:21:25,2022-04-11,2022,4,NON TITO,,,JAWA TIMUR,0.25,GREEN,1176060096,AREA 3,JATIM,MADIUN,KEDIRI,,,0,0,0,JAWA TIMUR,KEDIRI,KRAS,BENDOSARI,KEDIRI
8645968552,,ODP-SBI-FC/26,-7.967885,111.996394,,,6,2,0,0,8,REGIONAL 5,KEDIRI,KEDIRI,SBI,,,2024-03-16 23:21:38,2022-04-11,2022,4,NON TITO,,,JAWA TIMUR,0.25,GREEN,1176060092,AREA 3,JATIM,MADIUN,KEDIRI,,,0,0,0,JAWA TIMUR,KEDIRI,KRAS,BENDOSARI,KEDIRI
130667200,,ODP-MJT-FP/07,-7.8121,112.0036,,,6,6,0,0,16,REGIONAL 5,KEDIRI,KEDIRI,MJT,,,2024-03-16 23:29:18,2016-02-27,2016,2,NON TITO,,,JAWA TIMUR,0.375,GREEN,7902649,AREA 3,JATIM,MADIUN,KEDIRI,,,0,0,0,JAWA TIMUR,KOTA KEDIRI,MOJOROTO,BANDAR LOR,KEDIRI
8707768732,,ODP-NDL-FN/20,-7.893698,111.984388,,,7,1,0,0,8,REGIONAL 5,KEDIRI,KEDIRI,NDL,,,2024-03-16 23:22:43,2022-04-25,2022,4,NON TITO,,,JAWA TIMUR,0.125,GREEN,1178310823,AREA 3,JATIM,MADIUN,KEDIRI,,,0,0,0,JAWA TIMUR,KEDIRI,NGADILUWIH,NGADILUWIH,KEDIRI
130667070,,ODP-PAE-FF/07,-7.755038,112.180737,,,10,6,0,0,16,REGIONAL 5,KEDIRI,KEDIRI,PAE,,,2024-03-16 23:28:55,2016-02-27,2016,2,NON TITO,,,JAWA TIMUR,0.375,GREEN,7902567,AREA 3,JATIM,MADIUN,KEDIRI,,,0,0,0,JAWA TIMUR,KEDIRI,PARE,TULUNGREJO,KEDIRI
8645968549,,ODP-SBI-FC/28,-7.965613,111.991303,,,5,3,0,0,8,REGIONAL 5,KEDIRI,KEDIRI,SBI,,,2024-03-16 23:22:18,2022-04-11,2022,4,NON TITO,,,JAWA TIMUR,0.375,GREEN,1176060090,AREA 3,JATIM,MADIUN,KEDIRI,,,0,0,0,JAWA TIMUR,KEDIRI,KRAS,BENDOSARI,KEDIRI
8645968546,,ODP-SBI-FC/25,-7.96742,111.992138,,,6,2,0,0,8,REGIONAL 5,KEDIRI,KEDIRI,SBI,,,2024-03-16 23:22:16,2022-04-11,2022,4,NON TITO,,,JAWA TIMUR,0.25,GREEN,1176060088,AREA 3,JATIM,MADIUN,KEDIRI,,,0,0,0,JAWA TIMUR,KEDIRI,KRAS,BENDOSARI,KEDIRI
8647919226,,ODP-SBI-FD/33,-7.972216,111.98066,,,6,2,0,0,8,REGIONAL 5,KEDIRI,KEDIRI,SBI,,,2024-03-16 23:26:16,2022-04-13,2022,4,NON TITO,,,JAWA TIMUR,0.25,GREEN,1175932607,AREA 3,JATIM,MADIUN,KEDIRI,,,0,0,0,JAWA TIMUR,KEDIRI,KRAS,JABANG,KEDIRI
8649343690,,ODP-SBI-FH/07,-7.963223,112.021355,,,7,1,0,0,8,REGIONAL 5,KEDIRI,KEDIRI,SBI,,,2024-03-16 23:22:35,2022-04-11,2022,4,NON TITO,,,JAWA TIMUR,0.125,GREEN,1175918671,AREA 3,JATIM,MADIUN,KEDIRI,,,0,0,0,JAWA TIMUR,KEDIRI,RINGINREJO,SUSUHBANGO,KEDIRI
130666479,,GCL-MJT-F01/04,-7.8175,112.0049,,,6,2,0,0,8,REGIONAL 5,KEDIRI,KEDIRI,MJT,,,2024-03-16 23:28:08,2016-02-27,2016,2,NON TITO,,,JAWA TIMUR,0.25,GREEN,7902211,AREA 3,JATIM,MADIUN,KEDIRI,,,0,0,0,JAWA TIMUR,KOTA KEDIRI,MOJOROTO,BANDAR LOR,KEDIRI
8649343680,,ODP-SBI-FH/06,-7.962932,112.018711,,,7,1,0,0,8,REGIONAL 5,KEDIRI,KEDIRI,SBI,,,2024-03-16 23:22:29,2022-04-11,2022,4,NON TITO,,,JAWA TIMUR,0.125,GREEN,1175918664,AREA 3,JATIM,MADIUN,KEDIRI,,,0,0,0,JAWA TIMUR,KEDIRI,RINGINREJO,SUSUHBANGO,KEDIRI
130667000,,ODP-MJT-FCLJ/03,-7.7996,112.0021,,,7,1,0,0,8,REGIONAL 5,KEDIRI,KEDIRI,MJT,,,2024-03-16 23:29:06,2016-02-27,2016,2,NON TITO,,,JAWA TIMUR,0.125,GREEN,7902525,AREA 3,JATIM,MADIUN,KEDIRI,,,0,0,0,JAWA TIMUR,KOTA KEDIRI,MOJOROTO,MOJOROTO,KEDIRI
130666271,,ODP-MJT-FB/08,-7.7458,111.9654,,,12,2,0,0,16,REGIONAL 5,KEDIRI,KEDIRI,MJT,,,2024-03-16 23:28:28,2016-02-27,2016,2,NON TITO,,,JAWA TIMUR,0.125,GREEN,7902086,AREA 3,JATIM,MADIUN,KEDIRI,,,0,0,0,JAWA TIMUR,KEDIRI,GROGOL,GROGOL,KEDIRI
130667249,,GCL-MJT-F01/02,-7.8175,112.0047,,,7,1,0,0,8,REGIONAL 5,KEDIRI,KEDIRI,MJT,,,2024-03-16 23:29:06,2016-02-27,2016,2,NON TITO,,,JAWA TIMUR,0.125,GREEN,7902681,AREA 3,JATIM,MADIUN,KEDIRI,,,0,0,0,JAWA TIMUR,KOTA KEDIRI,MOJOROTO,BANDAR LOR,KEDIRI
130667496,,ODP-MJT-FJ/09,-7.8177,111.98,,,5,3,0,0,8,REGIONAL 5,KEDIRI,KEDIRI,MJT,,,2024-03-16 23:29:17,2016-02-27,2016,2,NON TITO,,,JAWA TIMUR,0.375,GREEN,7902826,AREA 3,JATIM,MADIUN,KEDIRI,,,0,0,0,JAWA TIMUR,KOTA KEDIRI,MOJOROTO,POJOK,KEDIRI
8114068606,,ODP-MJT-FAM/02,-7.843259,112.003821,,,6,2,0,0,8,REGIONAL 5,KEDIRI,KEDIRI,MJT,,,2024-03-16 23:24:47,2021-11-16,2021,11,NON TITO,,,JAWA TIMUR,0.25,GREEN,1114892245,AREA 3,JATIM,MADIUN,KEDIRI,,,0,0,0,JAWA TIMUR,KOTA KEDIRI,KOTA KEDIRI,NGRONGGO,KEDIRI
130668300,,ODP-PAE-FCLP/01,-7.8392,112.1763,,,5,2,0,0,8,REGIONAL 5,KEDIRI,KEDIRI,PAE,,,2024-03-16 23:29:07,2016-02-27,2016,2,NON TITO,,,JAWA TIMUR,0.25,GREEN,7903328,AREA 3,JATIM,MADIUN,KEDIRI,,,0,0,0,JAWA TIMUR,KEDIRI,PLOSOKLATEN,SUMBERAGUNG,KEDIRI
130668090,,ODP-MJT-FCLG/02,-7.8111,112.0042,,,13,1,0,0,16,REGIONAL 5,KEDIRI,KEDIRI,MJT,,,2024-03-16 23:29:16,2016-02-27,2016,2,NON TITO,,,JAWA TIMUR,0.0625,GREEN,7903196,AREA 3,JATIM,MADIUN,KEDIRI,,,0,0,0,JAWA TIMUR,KOTA KEDIRI,MOJOROTO,BANDAR LOR,KEDIRI
8702369899,,ODP-SBI-FA/26,-7.976673,112.038127,,,7,1,0,0,8,REGIONAL 5,KEDIRI,KEDIRI,SBI,,,2024-03-16 23:23:43,2022-04-26,2022,4,NON TITO,,,JAWA TIMUR,0.125,GREEN,1178463528,AREA 3,JATIM,MADIUN,KEDIRI,,,0,0,0,JAWA TIMUR,KEDIRI,RINGINREJO,SELODONO,KEDIRI
130667623,,ODP-MJT-FCLC/02,-7.8195,111.9983,,,13,3,0,0,16,REGIONAL 5,KEDIRI,KEDIRI,MJT,,,2024-03-16 23:29:09,2016-02-27,2016,2,NON TITO,,,JAWA TIMUR,0.1875,GREEN,7902904,AREA 3,JATIM,MADIUN,KEDIRI,,,0,0,0,JAWA TIMUR,KOTA KEDIRI,MOJOROTO,LIRBOYO,KEDIRI
8702369889,,ODP-SBI-FA/29,-7.971794,112.032526,,,6,2,0,0,8,REGIONAL 5,KEDIRI,KEDIRI,SBI,,,2024-03-16 23:23:59,2022-04-26,2022,4,NON TITO,,,JAWA TIMUR,0.25,GREEN,1178463522,AREA 3,JATIM,MADIUN,KEDIRI,,,0,0,0,JAWA TIMUR,KEDIRI,RINGINREJO,SELODONO,KEDIRI
8704918898,,ODP-MJT-FAC/48,-7.785581,111.978359,,,11,5,0,0,16,REGIONAL 5,KEDIRI,KEDIRI,MJT,,,2024-03-16 23:22:36,2022-04-25,2022,4,NON TITO,,,JAWA TIMUR,0.3125,GREEN,1178311264,AREA 3,JATIM,MADIUN,KEDIRI,,,0,0,0,JAWA TIMUR,KEDIRI,BANYAKAN,MARON,KEDIRI
8702369884,,ODP-SBI-FA/24,-7.977789,112.04242,,,5,3,0,0,8,REGIONAL 5,KEDIRI,KEDIRI,SBI,,,2024-03-16 23:23:58,2022-04-26,2022,4,NON TITO,,,JAWA TIMUR,0.375,GREEN,1178463516,AREA 3,JATIM,MADIUN,KEDIRI,,,0,0,0,JAWA TIMUR,KEDIRI,RINGINREJO,SELODONO,KEDIRI
8702369874,,ODP-SBI-FA/21,-7.977411,112.04751,,,6,2,0,0,8,REGIONAL 5,KEDIRI,KEDIRI,SBI,,,2024-03-16 23:23:55,2022-04-26,2022,4,NON TITO,,,JAWA TIMUR,0.25,GREEN,1178463508,AREA 3,JATIM,MADIUN,KEDIRI,,,0,0,0,JAWA TIMUR,KEDIRI,RINGINREJO,SELODONO,KEDIRI
8702369869,,ODP-SBI-FA/23,-7.980604,112.041772,,,5,3,0,0,8,REGIONAL 5,KEDIRI,KEDIRI,SBI,,,2024-03-16 23:23:54,2022-04-26,2022,4,NON TITO,,,JAWA TIMUR,0.375,GREEN,1178463505,AREA 3,JATIM,MADIUN,KEDIRI,,,0,0,0,JAWA TIMUR,KEDIRI,RINGINREJO,RINGINREJO,KEDIRI
8704469378,,ODP-WAT-FG/16,-7.925153,112.141579,,,5,3,0,0,8,REGIONAL 5,KEDIRI,KEDIRI,WAT,,,2024-03-16 23:23:51,2022-04-25,2022,4,NON TITO,,,JAWA TIMUR,0.375,GREEN,1178313818,AREA 3,JATIM,MADIUN,KEDIRI,,,0,0,0,JAWA TIMUR,KEDIRI,NGANCAR,JAGUL,KEDIRI
8702669521,,ODP-KDI-FAZ/17,-7.759111,112.051663,,,5,3,0,0,8,REGIONAL 5,KEDIRI,KEDIRI,KDI,,,2024-03-16 23:24:41,2022-04-25,2022,4,NON TITO,,,JAWA TIMUR,0.375,GREEN,1178313796,AREA 3,JATIM,MADIUN,KEDIRI,,,0,0,0,JAWA TIMUR,KEDIRI,GAMPENGREJO,PLOSOREJO,KEDIRI
130667615,,ODP-MJT-FE/03,-7.7716,111.9828,,,5,3,0,0,8,REGIONAL 5,KEDIRI,KEDIRI,MJT,,,2024-03-16 23:29:16,2016-02-27,2016,2,NON TITO,,,JAWA TIMUR,0.375,GREEN,7902897,AREA 3,JATIM,MADIUN,KEDIRI,,,0,0,0,JAWA TIMUR,KEDIRI,BANYAKAN,BANYARKAN,KEDIRI
8704918918,,ODP-MJT-FAC/46,-7.787681,111.977883,,,6,2,0,0,8,REGIONAL 5,KEDIRI,KEDIRI,MJT,,,2024-03-16 23:21:45,2022-04-25,2022,4,NON TITO,,,JAWA TIMUR,0.25,GREEN,1178311283,AREA 3,JATIM,MADIUN,KEDIRI,,,0,0,0,JAWA TIMUR,KEDIRI,BANYAKAN,MARON,KEDIRI
8702369879,,ODP-SBI-FA/27,-7.976115,112.036069,,,7,1,0,0,8,REGIONAL 5,KEDIRI,KEDIRI,SBI,,,2024-03-16 23:23:50,2022-04-26,2022,4,NON TITO,,,JAWA TIMUR,0.125,GREEN,1178463513,AREA 3,JATIM,MADIUN,KEDIRI,,,0,0,0,JAWA TIMUR,KEDIRI,RINGINREJO,SELODONO,KEDIRI
121235289,,ODP-KDI-FAE/21,-7.8483,112.0361,,,5,3,0,0,8,REGIONAL 5,KEDIRI,KEDIRI,KDI,,,2024-03-16 23:29:08,2016-02-23,2016,2,NON TITO,,,JAWA TIMUR,0.375,GREEN,6636324,AREA 3,JATIM,MADIUN,KEDIRI,,,0,0,0,JAWA TIMUR,KOTA KEDIRI,PESANTREN,BETET,KEDIRI
8649343675,,ODP-SBI-FH/04,-7.962286,112.015545,,,7,1,0,0,8,REGIONAL 5,KEDIRI,KEDIRI,SBI,,,2024-03-16 23:22:35,2022-04-11,2022,4,NON TITO,,,JAWA TIMUR,0.125,GREEN,1175918660,AREA 3,JATIM,MADIUN,KEDIRI,,,0,0,0,JAWA TIMUR,KEDIRI,RINGINREJO,SUSUHBANGO,KEDIRI
8649343670,,ODP-SBI-FB/05,-7.996582,112.029847,,,6,2,0,0,8,REGIONAL 5,KEDIRI,KEDIRI,SBI,,,2024-03-16 23:21:38,2022-04-11,2022,4,NON TITO,,,JAWA TIMUR,0.25,GREEN,1175918637,AREA 3,JATIM,MADIUN,KEDIRI,,,0,0,0,JAWA TIMUR,BLITAR,UDANAWU,BAKUNG,KEDIRI
130665185,,ODP-KAA-FD/06,-7.7633,112.2751,,,4,3,0,0,8,REGIONAL 5,KEDIRI,KEDIRI,KAA,,,2024-03-16 23:28:25,2016-02-27,2016,2,NON TITO,,,JAWA TIMUR,0.375,GREEN,7901417,AREA 3,JATIM,MADIUN,KEDIRI,,,0,0,0,JAWA TIMUR,KEDIRI,KEPUNG,DAMARWULAN,KEDIRI
8644844148,,ODP-SBI-FA/37,-7.972048,112.022085,,,5,3,0,0,8,REGIONAL 5,KEDIRI,KEDIRI,SBI,,,2024-03-16 23:27:11,2022-04-11,2022,4,NON TITO,,,JAWA TIMUR,0.375,GREEN,1175916479,AREA 3,JATIM,MADIUN,KEDIRI,,,0,0,0,JAWA TIMUR,KEDIRI,RINGINREJO,SUSUHBANGO,KEDIRI
8128168621,,ODP-WAT-FC/29,-7.910476,112.096388,,,7,1,0,0,8,REGIONAL 5,KEDIRI,KEDIRI,WAT,,,2024-03-16 23:28:58,2021-11-18,2021,11,NON TITO,,,JAWA TIMUR,0.125,GREEN,1114911798,AREA 3,JATIM,MADIUN,KEDIRI,,,0,0,0,JAWA TIMUR,KEDIRI,WATES,WONOREJO,KEDIRI
8644543883,,ODP-SBI-FE/35,-7.983366,112.032202,,,7,1,0,0,8,REGIONAL 5,KEDIRI,KEDIRI,SBI,,,2024-03-16 23:25:45,2022-04-11,2022,4,NON TITO,,,JAWA TIMUR,0.125,GREEN,1175914871,AREA 3,JATIM,MADIUN,KEDIRI,,,0,0,0,JAWA TIMUR,KEDIRI,RINGINREJO,SAMBI,KEDIRI
8644543858,,ODP-SBI-FE/33,-7.983841,112.037691,,,7,1,0,0,8,REGIONAL 5,KEDIRI,KEDIRI,SBI,,,2024-03-16 23:25:54,2022-04-11,2022,4,NON TITO,,,JAWA TIMUR,0.125,GREEN,1175914851,AREA 3,JATIM,MADIUN,KEDIRI,,,0,0,0,JAWA TIMUR,KEDIRI,RINGINREJO,RINGINREJO,KEDIRI
8644543853,,ODP-SBI-FE/36,-7.984776,112.03004,,,5,3,0,0,8,REGIONAL 5,KEDIRI,KEDIRI,SBI,,,2024-03-16 23:25:38,2022-04-11,2022,4,NON TITO,,,JAWA TIMUR,0.375,GREEN,1175914848,AREA 3,JATIM,MADIUN,KEDIRI,,,0,0,0,JAWA TIMUR,KEDIRI,RINGINREJO,SAMBI,KEDIRI
8644844153,,ODP-SBI-FA/34,-7.976975,112.023408,,,6,2,0,0,8,REGIONAL 5,KEDIRI,KEDIRI,SBI,,,2024-03-16 23:27:10,2022-04-11,2022,4,NON TITO,,,JAWA TIMUR,0.25,GREEN,1175916482,AREA 3,JATIM,MADIUN,KEDIRI,,,0,0,0,JAWA TIMUR,KEDIRI,RINGINREJO,SUSUHBANGO,KEDIRI
130664776,,ODP-KAA-FD/12,-7.7507,112.2566,,,5,3,0,0,8,REGIONAL 5,KEDIRI,KEDIRI,KAA,,,2024-03-16 23:29:00,2016-02-27,2016,2,NON TITO,,,JAWA TIMUR,0.375,GREEN,7901172,AREA 3,JATIM,MADIUN,KEDIRI,,,0,0,0,JAWA TIMUR,KEDIRI,KANDANGAN,KEMIRI,KEDIRI
8621224360,,ODP-SBI-FL/15,-7.956307,112.052079,,,6,2,0,0,8,REGIONAL 5,KEDIRI,KEDIRI,SBI,,,2024-03-16 23:25:03,2022-04-08,2022,4,NON TITO,,,JAWA TIMUR,0.25,GREEN,1175850911,AREA 3,JATIM,MADIUN,KEDIRI,,,0,0,0,JAWA TIMUR,KEDIRI,RINGINREJO,PURWODADI,KEDIRI
130664739,,ODP-KAA-FB/15,-7.752584,112.281345,,,13,3,0,0,16,REGIONAL 5,KEDIRI,KEDIRI,KAA,,,2024-03-16 23:28:52,2016-02-27,2016,2,NON TITO,,,JAWA TIMUR,0.1875,GREEN,7901149,AREA 3,JATIM,MADIUN,KEDIRI,,,0,0,0,JAWA TIMUR,KEDIRI,KANDANGAN,KANDANGAN,KEDIRI
8621224345,,ODP-SBI-FL/21,-7.951462,112.030169,,,6,2,0,0,8,REGIONAL 5,KEDIRI,KEDIRI,SBI,,,2024-03-16 23:25:07,2022-04-08,2022,4,NON TITO,,,JAWA TIMUR,0.25,GREEN,1175850894,AREA 3,JATIM,MADIUN,KEDIRI,,,0,0,0,JAWA TIMUR,KEDIRI,KANDAT,SUMBERJO,KEDIRI
8621224330,,ODP-SBI-FL/19,-7.951652,112.038335,,,5,3,0,0,8,REGIONAL 5,KEDIRI,KEDIRI,SBI,,,2024-03-16 23:24:19,2022-04-08,2022,4,NON TITO,,,JAWA TIMUR,0.375,GREEN,1175850885,AREA 3,JATIM,MADIUN,KEDIRI,,,0,0,0,JAWA TIMUR,KEDIRI,KANDAT,SUMBERJO,KEDIRI
8626469475,,ODP-SBI-FD/27,-7.980658,112.01265,,,6,2,0,0,8,REGIONAL 5,KEDIRI,KEDIRI,SBI,,,2024-03-16 23:26:51,2022-04-08,2022,4,NON TITO,,,JAWA TIMUR,0.25,GREEN,1175848824,AREA 3,JATIM,MADIUN,KEDIRI,,,0,0,0,JAWA TIMUR,KEDIRI,RINGINREJO,SRIKATON,KEDIRI
130662819,,ODP-WAT-FA/11,-7.9171,112.1191,,,7,1,0,0,8,REGIONAL 5,KEDIRI,KEDIRI,WAT,,,2024-03-16 23:28:32,2016-02-27,2016,2,NON TITO,,,JAWA TIMUR,0.125,GREEN,7899782,AREA 3,JATIM,MADIUN,KEDIRI,,,0,0,0,JAWA TIMUR,KEDIRI,WATES,GADUNGAN,KEDIRI
8621224568,,ODP-SBI-FA/19,-7.972751,112.018922,,,5,3,0,0,8,REGIONAL 5,KEDIRI,KEDIRI,SBI,,,2024-03-16 23:24:40,2022-04-08,2022,4,NON TITO,,,JAWA TIMUR,0.375,GREEN,1175851486,AREA 3,JATIM,MADIUN,KEDIRI,,,0,0,0,JAWA TIMUR,KEDIRI,RINGINREJO,SRIKATON,KEDIRI
8644844163,,ODP-SBI-FA/41,-7.973105,112.028868,,,5,3,0,0,8,REGIONAL 5,KEDIRI,KEDIRI,SBI,,,2024-03-16 23:27:21,2022-04-11,2022,4,NON TITO,,,JAWA TIMUR,0.375,GREEN,1175916494,AREA 3,JATIM,MADIUN,KEDIRI,,,0,0,0,JAWA TIMUR,KEDIRI,RINGINREJO,SUSUHBANGO,KEDIRI
8644844173,,ODP-SBI-FA/30,-7.980443,112.027173,,,6,2,0,0,8,REGIONAL 5,KEDIRI,KEDIRI,SBI,,,2024-03-16 23:26:31,2022-04-11,2022,4,NON TITO,,,JAWA TIMUR,0.25,GREEN,1175916500,AREA 3,JATIM,MADIUN,KEDIRI,,,0,0,0,JAWA TIMUR,KEDIRI,RINGINREJO,SAMBI,KEDIRI
8644844188,,ODP-SBI-FA/39,-7.969567,112.025675,,,7,1,0,0,8,REGIONAL 5,KEDIRI,KEDIRI,SBI,,,2024-03-16 23:27:13,2022-04-11,2022,4,NON TITO,,,JAWA TIMUR,0.125,GREEN,1175916514,AREA 3,JATIM,MADIUN,KEDIRI,,,0,0,0,JAWA TIMUR,KEDIRI,RINGINREJO,SUSUHBANGO,KEDIRI
130666263,,ODP-MJT-FCLA/07,-7.8275,112.006,,,8,4,0,0,16,REGIONAL 5,KEDIRI,KEDIRI,MJT,,,2024-03-16 23:28:24,2016-02-27,2016,2,NON TITO,,,JAWA TIMUR,0.25,GREEN,7902081,AREA 3,JATIM,MADIUN,KEDIRI,,,0,0,0,JAWA TIMUR,KOTA KEDIRI,MOJOROTO,BANDAR LOR,KEDIRI
130666253,,ODP-KAA-FB/10,-7.743367,112.27926,,,6,2,0,0,8,REGIONAL 5,KEDIRI,KEDIRI,KAA,,,2024-03-16 23:29:08,2016-02-27,2016,2,NON TITO,,,JAWA TIMUR,0.25,GREEN,7902073,AREA 3,JATIM,MADIUN,KEDIRI,,,0,0,0,JAWA TIMUR,KEDIRI,KANDANGAN,KASREMAN,KEDIRI
8649343655,,ODP-SBI-FB/07,-7.993275,112.036902,,,5,3,0,0,8,REGIONAL 5,KEDIRI,KEDIRI,SBI,,,2024-03-16 23:22:29,2022-04-11,2022,4,NON TITO,,,JAWA TIMUR,0.375,GREEN,1175918628,AREA 3,JATIM,MADIUN,KEDIRI,,,0,0,0,JAWA TIMUR,KEDIRI,RINGINREJO,RINGINREJO,KEDIRI
130666068,,ODP-MJT-FCLF/03,-7.811919,111.993997,,,9,6,0,0,16,REGIONAL 5,KEDIRI,KEDIRI,MJT,,,2024-03-16 23:28:33,2016-02-27,2016,2,NON TITO,,,JAWA TIMUR,0.375,GREEN,7901963,AREA 3,JATIM,MADIUN,KEDIRI,,,0,0,0,JAWA TIMUR,KOTA KEDIRI,MOJOROTO,SUKORAME,KEDIRI
130666005,,ODP-KAA-FD/01,-7.7659,112.26921,,,11,5,0,0,16,REGIONAL 5,KEDIRI,KEDIRI,KAA,,,2024-03-16 23:29:15,2016-02-27,2016,2,NON TITO,,,JAWA TIMUR,0.3125,GREEN,7901923,AREA 3,JATIM,MADIUN,KEDIRI,,,0,0,0,JAWA TIMUR,KEDIRI,KEPUNG,DAMARWULAN,KEDIRI
130665820,,ODP-MJT-FL/19,-7.7967,112.0026,,,11,5,0,0,16,REGIONAL 5,KEDIRI,KEDIRI,MJT,,,2024-03-16 23:28:12,2016-02-27,2016,2,NON TITO,,,JAWA TIMUR,0.3125,GREEN,7901807,AREA 3,JATIM,MADIUN,KEDIRI,,,0,0,0,JAWA TIMUR,KOTA KEDIRI,MOJOROTO,MOJOROTO,KEDIRI
130665765,,ODP-MJT-FM/30,-7.8213,112.0071,,,11,5,0,0,16,REGIONAL 5,KEDIRI,KEDIRI,MJT,,,2024-03-16 23:29:07,2016-02-27,2016,2,NON TITO,,,JAWA TIMUR,0.3125,GREEN,7901774,AREA 3,JATIM,MADIUN,KEDIRI,,,0,0,0,JAWA TIMUR,KOTA KEDIRI,MOJOROTO,BANDAR LOR,KEDIRI
8649343645,,ODP-SBI-FB/11,-7.999129,112.036493,,,7,1,0,0,8,REGIONAL 5,KEDIRI,KEDIRI,SBI,,,2024-03-16 23:21:25,2022-04-11,2022,4,NON TITO,,,JAWA TIMUR,0.125,GREEN,1175918614,AREA 3,JATIM,MADIUN,KEDIRI,,,0,0,0,JAWA TIMUR,BLITAR,UDANAWU,BAKUNG,KEDIRI
130665715,,ODP-MJT-FCLA/11,-7.8195,112.006,,,9,6,0,0,16,REGIONAL 5,KEDIRI,KEDIRI,MJT,,,2024-03-16 23:29:07,2016-02-27,2016,2,NON TITO,,,JAWA TIMUR,0.375,GREEN,7901743,AREA 3,JATIM,MADIUN,KEDIRI,,,0,0,0,JAWA TIMUR,KOTA KEDIRI,MOJOROTO,BANDAR LOR,KEDIRI
8649343640,,ODP-SBI-FB/09,-7.998229,112.032595,,,7,1,0,0,8,REGIONAL 5,KEDIRI,KEDIRI,SBI,,,2024-03-16 23:22:22,2022-04-11,2022,4,NON TITO,,,JAWA TIMUR,0.125,GREEN,1175918611,AREA 3,JATIM,MADIUN,KEDIRI,,,0,0,0,JAWA TIMUR,BLITAR,UDANAWU,BAKUNG,KEDIRI
8649343635,,ODP-SBI-FB/10,-7.997071,112.036424,,,6,2,0,0,8,REGIONAL 5,KEDIRI,KEDIRI,SBI,,,2024-03-16 23:22:29,2022-04-11,2022,4,NON TITO,,,JAWA TIMUR,0.25,GREEN,1175918608,AREA 3,JATIM,MADIUN,KEDIRI,,,0,0,0,JAWA TIMUR,BLITAR,UDANAWU,SLEMANAN,KEDIRI
130665705,,ODP-MJT-FCLA/05,-7.8311,112.0053,,,9,6,0,0,16,REGIONAL 5,KEDIRI,KEDIRI,MJT,,,2024-03-16 23:28:58,2016-02-27,2016,2,NON TITO,,,JAWA TIMUR,0.375,GREEN,7901735,AREA 3,JATIM,MADIUN,KEDIRI,,,0,0,0,JAWA TIMUR,KOTA KEDIRI,MOJOROTO,BANJAR MLATI,KEDIRI
8649343625,,ODP-SBI-FB/14,-8.004403,112.035858,,,7,1,0,0,8,REGIONAL 5,KEDIRI,KEDIRI,SBI,,,2024-03-16 23:22:35,2022-04-11,2022,4,NON TITO,,,JAWA TIMUR,0.125,GREEN,1175918602,AREA 3,JATIM,MADIUN,KEDIRI,,,0,0,0,JAWA TIMUR,BLITAR,UDANAWU,BAKUNG,KEDIRI
8644844198,,ODP-SBI-FA/36,-7.973879,112.021851,,,7,1,0,0,8,REGIONAL 5,KEDIRI,KEDIRI,SBI,,,2024-03-16 23:27:13,2022-04-11,2022,4,NON TITO,,,JAWA TIMUR,0.125,GREEN,1175916523,AREA 3,JATIM,MADIUN,KEDIRI,,,0,0,0,JAWA TIMUR,KEDIRI,RINGINREJO,SRIKATON,KEDIRI
8644844193,,ODP-SBI-FA/38,-7.969756,112.027515,,,7,1,0,0,8,REGIONAL 5,KEDIRI,KEDIRI,SBI,,,2024-03-16 23:26:59,2022-04-11,2022,4,NON TITO,,,JAWA TIMUR,0.125,GREEN,1175916519,AREA 3,JATIM,MADIUN,KEDIRI,,,0,0,0,JAWA TIMUR,KEDIRI,RINGINREJO,SUSUHBANGO,KEDIRI
8482169028,,ODP-PAE-FK/25,-7.800646,112.184708,,,7,1,0,0,8,REGIONAL 5,KEDIRI,KEDIRI,PAE,,,2024-03-16 23:24:41,2022-03-02,2022,3,NON TITO,,,JAWA TIMUR,0.125,GREEN,1168329809,AREA 3,JATIM,MADIUN,KEDIRI,,,0,0,0,JAWA TIMUR,KEDIRI,PARE,GEDANGSEWU,KEDIRI
8626469460,,ODP-SBI-FD/28,-7.978162,112.012612,,,5,3,0,0,8,REGIONAL 5,KEDIRI,KEDIRI,SBI,,,2024-03-16 23:26:22,2022-04-08,2022,4,NON TITO,,,JAWA TIMUR,0.375,GREEN,1175848811,AREA 3,JATIM,MADIUN,KEDIRI,,,0,0,0,JAWA TIMUR,KEDIRI,RINGINREJO,SRIKATON,KEDIRI
130656853,,ODP-MJT-FG/08,-7.7746,112.0002,,,6,1,0,0,8,REGIONAL 5,KEDIRI,KEDIRI,MJT,,,2024-03-16 23:27:08,2016-02-27,2016,2,NON TITO,,,JAWA TIMUR,0.125,GREEN,7895224,AREA 3,JATIM,MADIUN,KEDIRI,,,0,0,0,JAWA TIMUR,KOTA KEDIRI,MOJOROTO,DERMO,KEDIRI
8471143769,,ODP-PAE-FAC/14,-7.772433,112.12501,,,6,2,0,0,8,REGIONAL 5,KEDIRI,KEDIRI,PAE,,,2024-03-16 23:27:25,2022-02-25,2022,2,NON TITO,,,JAWA TIMUR,0.25,GREEN,1166838702,AREA 3,JATIM,MADIUN,KEDIRI,,,0,0,0,JAWA TIMUR,KEDIRI,PARE,SAMBIREJO,KEDIRI
8378293703,,ODP-GUR-FK/14,-7.800388,112.117247,,,5,3,0,0,8,REGIONAL 5,KEDIRI,KEDIRI,GUR,,,2024-03-16 23:26:08,2022-01-25,2022,1,NON TITO,,,JAWA TIMUR,0.375,GREEN,1165123821,AREA 3,JATIM,MADIUN,KEDIRI,,,0,0,0,JAWA TIMUR,KEDIRI,GURAH,TAMBAKREJO,KEDIRI
130586715,,ODP-WAT-FA/07,-7.9152,112.1244,,,9,5,0,0,16,REGIONAL 5,KEDIRI,KEDIRI,WAT,,,2024-03-16 23:25:12,2016-02-27,2016,2,NON TITO,,,JAWA TIMUR,0.3125,GREEN,7824128,AREA 3,JATIM,MADIUN,KEDIRI,,,0,0,0,JAWA TIMUR,KEDIRI,WATES,WATES,KEDIRI
130586647,,ODP-WAT-FA/18,-7.919,112.127,,,10,6,0,0,16,REGIONAL 5,KEDIRI,KEDIRI,WAT,,,2024-03-16 23:25:40,2016-02-27,2016,2,NON TITO,,,JAWA TIMUR,0.375,GREEN,7824076,AREA 3,JATIM,MADIUN,KEDIRI,,,0,0,0,JAWA TIMUR,KEDIRI,WATES,TAWANG,KEDIRI
130586520,,ODP-WAT-FA/10,-7.9164,112.1173,,,6,2,0,0,8,REGIONAL 5,KEDIRI,KEDIRI,WAT,,,2024-03-16 23:25:38,2016-02-27,2016,2,NON TITO,,,JAWA TIMUR,0.25,GREEN,7823981,AREA 3,JATIM,MADIUN,KEDIRI,,,0,0,0,JAWA TIMUR,KEDIRI,WATES,GADUNGAN,KEDIRI
130586363,,ODP-WAT-FCLD/03,-7.963,112.0972,,,7,1,0,0,8,REGIONAL 5,KEDIRI,KEDIRI,WAT,,,2024-03-16 23:25:39,2016-02-27,2016,2,NON TITO,,,JAWA TIMUR,0.125,GREEN,7823862,AREA 3,JATIM,MADIUN,KEDIRI,,,0,0,0,JAWA TIMUR,KEDIRI,RINGINREJO,BATUAJI,KEDIRI
130586242,,ODP-WAT-FA/13,-7.9181,112.1218,,,7,1,0,0,8,REGIONAL 5,KEDIRI,KEDIRI,WAT,,,2024-03-16 23:25:11,2016-02-27,2016,2,NON TITO,,,JAWA TIMUR,0.125,GREEN,7823767,AREA 3,JATIM,MADIUN,KEDIRI,,,0,0,0,JAWA TIMUR,KEDIRI,WATES,TAWANG,KEDIRI
130586790,,ODP-WAT-FB/22,-7.9179,112.1286,,,5,3,0,0,8,REGIONAL 5,KEDIRI,KEDIRI,WAT,,,2024-03-16 23:25:53,2016-02-27,2016,2,NON TITO,,,JAWA TIMUR,0.375,GREEN,7824187,AREA 3,JATIM,MADIUN,KEDIRI,,,0,0,0,JAWA TIMUR,KEDIRI,WATES,WATES,KEDIRI
8351668601,,ODP-SBI-FF/10,-7.93448,112.033825,,,6,2,0,0,8,REGIONAL 5,KEDIRI,KEDIRI,SBI,,,2024-03-16 23:26:03,2022-01-17,2022,1,NON TITO,,,JAWA TIMUR,0.25,GREEN,1165062587,AREA 3,JATIM,MADIUN,KEDIRI,,,0,0,0,JAWA TIMUR,KEDIRI,KANDAT,KANDAT,KEDIRI
130585966,,ODP-NDL-FA/35,-7.906216,111.986184,,,11,5,0,0,16,REGIONAL 5,KEDIRI,KEDIRI,NDL,,,2024-03-16 23:25:19,2016-02-27,2016,2,NON TITO,,,JAWA TIMUR,0.3125,GREEN,7823557,AREA 3,JATIM,MADIUN,KEDIRI,,,0,0,0,JAWA TIMUR,KEDIRI,NGADILUWIH,BRANGGAHAN,KEDIRI
130585874,,ODP-NDL-FA/08,-7.88008,111.999357,,,6,2,0,0,8,REGIONAL 5,KEDIRI,KEDIRI,NDL,,,2024-03-16 23:21:18,2016-02-27,2016,2,NON TITO,,,JAWA TIMUR,0.25,GREEN,7823485,AREA 3,JATIM,MADIUN,KEDIRI,,,0,0,0,JAWA TIMUR,KEDIRI,NGADILUWIH,REMBANG,KEDIRI
130585744,,ODP-NDL-FB/04,-7.8698,112.029,,,5,3,0,0,8,REGIONAL 5,KEDIRI,KEDIRI,NDL,,,2024-03-16 23:24:49,2016-02-27,2016,2,NON TITO,,,JAWA TIMUR,0.375,GREEN,7823386,AREA 3,JATIM,MADIUN,KEDIRI,,,0,0,0,JAWA TIMUR,KEDIRI,KANDAT,BLABAK,KEDIRI
130585739,,ODP-NDL-FB/27,-7.9133,112.0335,,,9,6,0,0,16,REGIONAL 5,KEDIRI,KEDIRI,NDL,,,2024-03-16 23:25:06,2016-02-27,2016,2,NON TITO,,,JAWA TIMUR,0.375,GREEN,7823382,AREA 3,JATIM,MADIUN,KEDIRI,,,0,0,0,JAWA TIMUR,KEDIRI,KANDAT,RINGINSARI,KEDIRI
130584971,,ODP-NDL-FA/31,-7.9112,111.9836,,,4,3,1,0,8,REGIONAL 5,KEDIRI,KEDIRI,NDL,,,2024-03-16 23:24:16,2016-02-27,2016,2,NON TITO,,,JAWA TIMUR,0.375,GREEN,7822798,AREA 3,JATIM,MADIUN,KEDIRI,,,0,0,0,JAWA TIMUR,KEDIRI,NGADILUWIH,BRANGGAHAN,KEDIRI
130584818,,ODP-GUR-FB/06,-7.8145,112.0721,,,11,5,0,0,16,REGIONAL 5,KEDIRI,KEDIRI,GUR,,,2024-03-16 23:25:20,2016-02-27,2016,2,NON TITO,,,JAWA TIMUR,0.3125,GREEN,7822683,AREA 3,JATIM,MADIUN,KEDIRI,,,0,0,0,JAWA TIMUR,KEDIRI,NGASEM,SUMBEREJO,KEDIRI
8338169094,,ODP-PAE-FG/26,-7.739572,112.194956,,,7,1,0,0,8,REGIONAL 5,KEDIRI,KEDIRI,PAE,,,2024-03-16 23:24:09,2022-01-12,2022,1,NON TITO,,,JAWA TIMUR,0.125,GREEN,1165028027,AREA 3,JATIM,MADIUN,KEDIRI,,,0,0,0,JAWA TIMUR,KEDIRI,BADAS,TUNGLUR,KEDIRI
130584473,,ODP-MJT-FP/01,-7.8187,111.9884,,,11,5,0,0,16,REGIONAL 5,KEDIRI,KEDIRI,MJT,,,2024-03-16 23:24:42,2016-02-27,2016,2,NON TITO,,,JAWA TIMUR,0.3125,GREEN,7822420,AREA 3,JATIM,MADIUN,KEDIRI,,,0,0,0,JAWA TIMUR,KOTA KEDIRI,MOJOROTO,CAMPUREJO,KEDIRI
8378293728,,ODP-PAE-FAG/26,-7.785152,112.164322,,,7,1,0,0,8,REGIONAL 5,KEDIRI,KEDIRI,PAE,,,2024-03-16 23:25:54,2022-01-25,2022,1,NON TITO,,,JAWA TIMUR,0.125,GREEN,1165124028,AREA 3,JATIM,MADIUN,KEDIRI,,,0,0,0,JAWA TIMUR,KEDIRI,PARE,SUMBERBENDO,KEDIRI
130589475,,GCL-MJT-F01/01,-7.8196,112.0058,,,10,5,0,0,16,REGIONAL 5,KEDIRI,KEDIRI,MJT,,,2024-03-16 23:26:09,2016-02-27,2016,2,NON TITO,,,JAWA TIMUR,0.3125,GREEN,7826077,AREA 3,JATIM,MADIUN,KEDIRI,,,0,0,0,JAWA TIMUR,KOTA KEDIRI,MOJOROTO,BANDAR LOR,KEDIRI
130590141,,ODP-MJT-FCLA/04,-7.8345,112.0048,,,10,5,0,0,16,REGIONAL 5,KEDIRI,KEDIRI,MJT,,,2024-03-16 23:26:22,2016-02-27,2016,2,NON TITO,,,JAWA TIMUR,0.3125,GREEN,7826503,AREA 3,JATIM,MADIUN,KEDIRI,,,0,0,0,JAWA TIMUR,KOTA KEDIRI,MOJOROTO,BANJARMLATI,KEDIRI
130590112,,ODP-KAA-FB/04,-7.724213,112.27743,,,12,3,0,0,16,REGIONAL 5,KEDIRI,KEDIRI,KAA,,,2024-03-16 23:26:53,2016-02-27,2016,2,NON TITO,,,JAWA TIMUR,0.1875,GREEN,7826483,AREA 3,JATIM,MADIUN,KEDIRI,,,0,0,0,JAWA TIMUR,JOMBANG,NGORO,REJOAGUNG,KEDIRI
8384819005,,ODP-NDL-FH/45,-7.912503,111.996326,,,6,2,0,0,8,REGIONAL 5,KEDIRI,KEDIRI,NDL,,,2024-03-16 23:27:38,2022-01-26,2022,1,NON TITO,,,JAWA TIMUR,0.25,GREEN,1165131546,AREA 3,JATIM,MADIUN,KEDIRI,,,0,0,0,JAWA TIMUR,KEDIRI,NGADILUWIH,BRANGGAHAN,KEDIRI
130590088,,ODP-MJT-FL/18,-7.8038,112.0027,,,12,4,0,0,16,REGIONAL 5,KEDIRI,KEDIRI,MJT,,,2024-03-16 23:26:02,2016-02-27,2016,2,NON TITO,,,JAWA TIMUR,0.25,GREEN,7826465,AREA 3,JATIM,MADIUN,KEDIRI,,,0,0,0,JAWA TIMUR,KOTA KEDIRI,MOJOROTO,MOJOROTO,KEDIRI
8384819000,,ODP-NDL-FH/46,-7.912123,111.995472,,,5,3,0,0,8,REGIONAL 5,KEDIRI,KEDIRI,NDL,,,2024-03-16 23:27:41,2022-01-26,2022,1,NON TITO,,,JAWA TIMUR,0.375,GREEN,1165131542,AREA 3,JATIM,MADIUN,KEDIRI,,,0,0,0,JAWA TIMUR,KEDIRI,NGADILUWIH,BRANGGAHAN,KEDIRI
130589934,,ODP-MJT-FY/01,-7.824551,111.997494,,,9,4,0,0,16,REGIONAL 5,KEDIRI,KEDIRI,MJT,,,2024-03-16 23:26:55,2016-02-27,2016,2,NON TITO,,,JAWA TIMUR,0.25,GREEN,7826369,AREA 3,JATIM,MADIUN,KEDIRI,,,0,0,0,JAWA TIMUR,KOTA KEDIRI,MOJOROTO,LIRBOYO,KEDIRI
127488647,,ODP-KDI-FX/39,-7.8459,112.0251,,,11,5,0,0,16,REGIONAL 5,KEDIRI,KEDIRI,KDI,,,2024-03-16 23:28:58,2016-02-26,2016,2,NON TITO,,,JAWA TIMUR,0.3125,GREEN,7726526,AREA 3,JATIM,MADIUN,KEDIRI,,,0,0,0,JAWA TIMUR,KOTA KEDIRI,KOTA,NGRONGGO,KEDIRI
121235617,,ODP-KDI-FAE/19,-7.8475,112.037,,,6,2,0,0,8,REGIONAL 5,KEDIRI,KEDIRI,KDI,,,2024-03-16 23:28:17,2016-02-23,2016,2,NON TITO,,,JAWA TIMUR,0.25,GREEN,6636545,AREA 3,JATIM,MADIUN,KEDIRI,,,0,0,0,JAWA TIMUR,KOTA KEDIRI,PESANTREN,BETET,KEDIRI
130589835,,ODP-KAA-FD/04,-7.7654,112.27471,,,13,3,0,0,16,REGIONAL 5,KEDIRI,KEDIRI,KAA,,,2024-03-16 23:26:10,2016-02-27,2016,2,NON TITO,,,JAWA TIMUR,0.1875,GREEN,7826301,AREA 3,JATIM,MADIUN,KEDIRI,,,0,0,0,JAWA TIMUR,KEDIRI,KEPUNG,DAMARWULAN,KEDIRI
8230393764,,ODP-SBI-FE/26,-7.978908,112.039394,,,5,3,0,0,8,REGIONAL 5,KEDIRI,KEDIRI,SBI,,,2024-03-16 23:24:47,2021-12-03,2021,12,NON TITO,,,JAWA TIMUR,0.375,GREEN,1161427734,AREA 3,JATIM,MADIUN,KEDIRI,,,0,0,0,JAWA TIMUR,KEDIRI,RINGINREJO,SELODONO,KEDIRI
130589779,,ODP-MJT-FK/23,-7.8113,111.9927,,,8,5,0,0,16,REGIONAL 5,KEDIRI,KEDIRI,MJT,,,2024-03-16 23:25:53,2016-02-27,2016,2,NON TITO,,,JAWA TIMUR,0.3125,GREEN,7826273,AREA 3,JATIM,MADIUN,KEDIRI,,,0,0,0,JAWA TIMUR,KOTA KEDIRI,MOJOROTO,SUKORAME,KEDIRI
8384818980,,ODP-NDL-FH/50,-7.909091,111.992731,,,6,2,0,0,8,REGIONAL 5,KEDIRI,KEDIRI,NDL,,,2024-03-16 23:27:23,2022-01-26,2022,1,NON TITO,,,JAWA TIMUR,0.25,GREEN,1165131525,AREA 3,JATIM,MADIUN,KEDIRI,,,0,0,0,JAWA TIMUR,KEDIRI,NGADILUWIH,BRANGGAHAN,KEDIRI
8384818626,,ODP-MJT-FB/95,-7.725016,111.96283,,,6,2,0,0,8,REGIONAL 5,KEDIRI,KEDIRI,MJT,,,2024-03-16 23:27:47,2022-01-26,2022,1,NON TITO,,,JAWA TIMUR,0.25,GREEN,1165130262,AREA 3,JATIM,MADIUN,KEDIRI,,,0,0,0,JAWA TIMUR,KEDIRI,TAROKAN,KALIRONG,KEDIRI
123361421,,ODP-KDI-FAL/07,-7.8128,112.0233,,,10,6,0,0,16,REGIONAL 5,KEDIRI,KEDIRI,KDI,,,2024-03-16 23:28:39,2016-02-23,2016,2,NON TITO,,,JAWA TIMUR,0.375,GREEN,6675585,AREA 3,JATIM,MADIUN,KEDIRI,,,0,0,0,JAWA TIMUR,KOTA KEDIRI,KOTA KEDIRI,NGADIREJO,KEDIRI
8384818990,,ODP-NDL-FH/44,-7.913301,111.998616,,,5,3,0,0,8,REGIONAL 5,KEDIRI,KEDIRI,NDL,,,2024-03-16 23:27:18,2022-01-26,2022,1,NON TITO,,,JAWA TIMUR,0.375,GREEN,1165131533,AREA 3,JATIM,MADIUN,KEDIRI,,,0,0,0,JAWA TIMUR,KEDIRI,NGADILUWIH,PURWOKERTO,KEDIRI
130584420,,ODP-PAE-FA/11,-7.763,112.1846,,,3,2,0,0,8,REGIONAL 5,KEDIRI,KEDIRI,PAE,,,2024-03-16 23:25:05,2016-02-27,2016,2,NON TITO,,,JAWA TIMUR,0.25,GREEN,7822377,AREA 3,JATIM,MADIUN,KEDIRI,,,0,0,0,JAWA TIMUR,KEDIRI,PARE,TULUNGREJO,KEDIRI
8230393779,,ODP-SBI-FE/25,-7.979198,112.042082,,,7,1,0,0,8,REGIONAL 5,KEDIRI,KEDIRI,SBI,,,2024-03-16 23:24:40,2021-12-03,2021,12,NON TITO,,,JAWA TIMUR,0.125,GREEN,1161427745,AREA 3,JATIM,MADIUN,KEDIRI,,,0,0,0,JAWA TIMUR,KEDIRI,RINGINREJO,SELODONO,KEDIRI
130584187,,ODP-MJT-FJ/11,-7.8164,111.982,,,11,2,0,0,16,REGIONAL 5,KEDIRI,KEDIRI,MJT,,,2024-03-16 23:24:53,2016-02-27,2016,2,NON TITO,,,JAWA TIMUR,0.125,GREEN,7822192,AREA 3,JATIM,MADIUN,KEDIRI,,,0,0,0,JAWA TIMUR,KOTA KEDIRI,MOJOROTO,POJOK,KEDIRI
8294219433,,ODP-PPR-FC/16,-7.715393,112.080814,,,5,3,0,0,8,REGIONAL 5,KEDIRI,KEDIRI,PPR,,,2024-03-16 23:24:24,2021-12-28,2021,12,NON TITO,,,JAWA TIMUR,0.375,GREEN,1164307219,AREA 3,JATIM,MADIUN,KEDIRI,,,0,0,0,JAWA TIMUR,KEDIRI,PAPAR,DAWUHANKIDUL,KEDIRI
8294219295,,ODP-PPR-FE/64,-7.738181,112.063932,,,5,3,0,0,8,REGIONAL 5,KEDIRI,KEDIRI,PPR,,,2024-03-16 23:24:12,2021-12-28,2021,12,NON TITO,,,JAWA TIMUR,0.375,GREEN,1164299917,AREA 3,JATIM,MADIUN,KEDIRI,,,0,0,0,JAWA TIMUR,KEDIRI,KAYEN KIDUL,BANGSONGAN,KEDIRI
130581776,,ODP-MJT-FJ/03,-7.82,111.9796,,,9,6,1,0,16,REGIONAL 5,KEDIRI,KEDIRI,MJT,,,2024-03-16 23:24:28,2016-02-27,2016,2,NON TITO,,,JAWA TIMUR,0.375,GREEN,7820253,AREA 3,JATIM,MADIUN,KEDIRI,,,0,0,0,JAWA TIMUR,KOTA KEDIRI,MOJOROTO,POJOK,KEDIRI
8294219239,,ODP-PAE-FK/24,-7.818067,112.1648,,,5,3,0,0,8,REGIONAL 5,KEDIRI,KEDIRI,PAE,,,2024-03-16 23:21:09,2021-12-28,2021,12,NON TITO,,,JAWA TIMUR,0.375,GREEN,1164298516,AREA 3,JATIM,MADIUN,KEDIRI,,,0,0,0,JAWA TIMUR,KEDIRI,PARE,SIDOREJO,KEDIRI
8260243818,,ODP-SBI-FJ/01,-7.923005,112.03279,,,6,2,0,0,8,REGIONAL 5,KEDIRI,KEDIRI,SBI,,,2024-03-16 23:28:30,2021-12-16,2021,12,NON TITO,,,JAWA TIMUR,0.25,GREEN,1163758640,AREA 3,JATIM,MADIUN,KEDIRI,,,0,0,0,JAWA TIMUR,KEDIRI,KANDAT,KANDAT,KEDIRI
8257993656,,ODP-NDL-FL/30,-7.910903,112.028853,,,6,2,0,0,8,REGIONAL 5,KEDIRI,KEDIRI,NDL,,,2024-03-16 23:22:41,2021-12-15,2021,12,NON TITO,,,JAWA TIMUR,0.25,GREEN,1163747350,AREA 3,JATIM,MADIUN,KEDIRI,,,0,0,0,JAWA TIMUR,KEDIRI,KANDAT,RINGINSARI,KEDIRI
8294219453,,ODP-PPR-FC/14,-7.710986,112.073985,,,7,1,0,0,8,REGIONAL 5,KEDIRI,KEDIRI,PPR,,,2024-03-16 23:24:18,2021-12-28,2021,12,NON TITO,,,JAWA TIMUR,0.125,GREEN,1164307231,AREA 3,JATIM,MADIUN,KEDIRI,,,0,0,0,JAWA TIMUR,KEDIRI,PAPAR,JANTI,KEDIRI
8254318575,,ODP-MJT-FW/08,-7.837631,111.979317,,,5,3,0,0,8,REGIONAL 5,KEDIRI,KEDIRI,MJT,,,2024-03-16 23:29:04,2021-12-15,2021,12,NON TITO,,,JAWA TIMUR,0.375,GREEN,1163746385,AREA 3,JATIM,MADIUN,KEDIRI,,,0,0,0,JAWA TIMUR,KEDIRI,SEMEN,BOBANG,KEDIRI
8242551639,,ODP-PPR-FH/14,-7.680038,112.139292,,,5,3,0,0,8,REGIONAL 5,KEDIRI,KEDIRI,PPR,,,2024-03-16 23:25:38,2021-12-09,2021,12,NON TITO,,,JAWA TIMUR,0.375,GREEN,1162097609,AREA 3,JATIM,MADIUN,KEDIRI,,,0,0,0,JAWA TIMUR,KEDIRI,PLEMAHAN,PLEMAHAN,KEDIRI
130581594,,ODP-MJT-FL/01,-7.8043,111.9968,,,14,2,0,0,16,REGIONAL 5,KEDIRI,KEDIRI,MJT,,,2024-03-16 23:24:27,2016-02-27,2016,2,NON TITO,,,JAWA TIMUR,0.125,GREEN,7820102,AREA 3,JATIM,MADIUN,KEDIRI,,,0,0,0,JAWA TIMUR,KOTA KEDIRI,MOJOROTO,BUJEL,KEDIRI
8242547269,,ODP-KDI-FH/43,-7.863504,111.997432,,,5,3,0,0,8,REGIONAL 5,KEDIRI,KEDIRI,KDI,,,2024-03-16 23:24:51,2021-12-08,2021,12,NON TITO,,,JAWA TIMUR,0.375,GREEN,1161945522,AREA 3,JATIM,MADIUN,KEDIRI,,,0,0,0,JAWA TIMUR,KEDIRI,NGADILUWIH,BADAL PANDEAN,KEDIRI
8242547264,,ODP-KDI-FH/40,-7.864205,111.995696,,,7,1,0,0,8,REGIONAL 5,KEDIRI,KEDIRI,KDI,,,2024-03-16 23:25:21,2021-12-08,2021,12,NON TITO,,,JAWA TIMUR,0.125,GREEN,1161945519,AREA 3,JATIM,MADIUN,KEDIRI,,,0,0,0,JAWA TIMUR,KEDIRI,NGADILUWIH,BADAL PANDEAN,KEDIRI
8242547259,,ODP-KDI-FH/42,-7.864541,111.998872,,,5,3,0,0,8,REGIONAL 5,KEDIRI,KEDIRI,KDI,,,2024-03-16 23:25:20,2021-12-08,2021,12,NON TITO,,,JAWA TIMUR,0.375,GREEN,1161945516,AREA 3,JATIM,MADIUN,KEDIRI,,,0,0,0,JAWA TIMUR,KEDIRI,NGADILUWIH,WONOREJO,KEDIRI
130581430,,ODP-MJT-FM/05,-7.8167,112.003,,,9,5,0,0,16,REGIONAL 5,KEDIRI,KEDIRI,MJT,,,2024-03-16 23:23:51,2016-02-27,2016,2,NON TITO,,,JAWA TIMUR,0.3125,GREEN,7819973,AREA 3,JATIM,MADIUN,KEDIRI,,,0,0,0,JAWA TIMUR,KOTA KEDIRI,MOJOROTO,BANDAR LOR,KEDIRI
8242561404,,ODP-KDI-FAB/43,-7.795249,112.00958,,,5,3,0,0,8,REGIONAL 5,KEDIRI,KEDIRI,KDI,,,2024-03-16 23:28:25,2021-12-14,2021,12,NON TITO,,,JAWA TIMUR,0.375,GREEN,1162627991,AREA 3,JATIM,MADIUN,KEDIRI,,,0,0,0,JAWA TIMUR,KOTA KEDIRI,KOTA,SEMAMPIR,KEDIRI
8294219458,,ODP-PPR-FC/19,-7.716436,112.101372,,,5,3,0,0,8,REGIONAL 5,KEDIRI,KEDIRI,PPR,,,2024-03-16 23:23:56,2021-12-28,2021,12,NON TITO,,,JAWA TIMUR,0.375,GREEN,1164307234,AREA 3,JATIM,MADIUN,KEDIRI,,,0,0,0,JAWA TIMUR,KEDIRI,KAYEN KIDUL,NANGGUNGAN,KEDIRI
8278920382,,ODP-PPR-FD/41,-7.6644,112.087567,,,7,1,0,0,8,REGIONAL 5,KEDIRI,KEDIRI,PPR,,,2024-03-16 23:22:48,2021-12-29,2021,12,NON TITO,,,JAWA TIMUR,0.125,GREEN,1164311317,AREA 3,JATIM,MADIUN,KEDIRI,,,0,0,0,JAWA TIMUR,KEDIRI,PURWOASRI,MRANGGEN,KEDIRI
130582315,,ODP-MJT-FK/02,-7.8067,111.993,,,10,6,0,0,16,REGIONAL 5,KEDIRI,KEDIRI,MJT,,,2024-03-16 23:24:34,2016-02-27,2016,2,NON TITO,,,JAWA TIMUR,0.375,GREEN,7820695,AREA 3,JATIM,MADIUN,KEDIRI,,,0,0,0,JAWA TIMUR,KOTA KEDIRI,MOJOROTO,BUJEL,KEDIRI
8321593672,,ODP-MJT-FAB/10,-7.77325,111.98534,,,5,3,0,0,8,REGIONAL 5,KEDIRI,KEDIRI,MJT,,,2024-03-16 23:21:38,2022-01-07,2022,1,NON TITO,,,JAWA TIMUR,0.375,GREEN,1164379567,AREA 3,JATIM,MADIUN,KEDIRI,,,0,0,0,JAWA TIMUR,KEDIRI,BANYAKAN,MANYARAN,KEDIRI
8321818686,,ODP-WAT-FJ/19,-7.866017,112.087549,,,6,2,0,0,8,REGIONAL 5,KEDIRI,KEDIRI,WAT,,,2024-03-16 23:22:37,2022-01-07,2022,1,NON TITO,,,JAWA TIMUR,0.25,GREEN,1164377096,AREA 3,JATIM,MADIUN,KEDIRI,,,0,0,0,JAWA TIMUR,KEDIRI,WATES,SIDOMULYO,KEDIRI
130583533,,ODP-MJT-FQ/03,-7.8284,111.9881,,,6,2,0,0,8,REGIONAL 5,KEDIRI,KEDIRI,MJT,,,2024-03-16 23:24:50,2016-02-27,2016,2,NON TITO,,,JAWA TIMUR,0.25,GREEN,7821670,AREA 3,JATIM,MADIUN,KEDIRI,,,0,0,0,JAWA TIMUR,KOTA KEDIRI,MOJOROTO,TAMANAN,KEDIRI
130583465,,ODP-MJT-FG/04,-7.7654,112.0023,,,5,3,0,0,8,REGIONAL 5,KEDIRI,KEDIRI,MJT,,,2024-03-16 23:24:49,2016-02-27,2016,2,NON TITO,,,JAWA TIMUR,0.375,GREEN,7821615,AREA 3,JATIM,MADIUN,KEDIRI,,,0,0,0,JAWA TIMUR,KEDIRI,BANYAKAN,NGABLAK,KEDIRI
8227469029,,ODP-GUR-FM/07,-7.796258,112.07595,,,6,2,0,0,8,REGIONAL 5,KEDIRI,KEDIRI,GUR,,,2024-03-16 23:22:17,2021-12-04,2021,12,NON TITO,,,JAWA TIMUR,0.25,GREEN,1161573309,AREA 3,JATIM,MADIUN,KEDIRI,,,0,0,0,JAWA TIMUR,KEDIRI,PAGU,BULUPASAR,KEDIRI
8293548364,,ODP-PPR-FD/49,-7.668392,112.085382,,,5,3,0,0,8,REGIONAL 5,KEDIRI,KEDIRI,PPR,,,2024-03-16 23:28:26,2022-01-04,2022,1,NON TITO,,,JAWA TIMUR,0.375,GREEN,1164350862,AREA 3,JATIM,MADIUN,KEDIRI,,,0,0,0,JAWA TIMUR,KEDIRI,PAPAR,TANON,KEDIRI
8304118956,,ODP-PAE-FAB/25,-7.81124,112.292699,,,7,1,0,0,8,REGIONAL 5,KEDIRI,KEDIRI,PAE,,,2024-03-16 23:25:20,2022-01-03,2022,1,NON TITO,,,JAWA TIMUR,0.125,GREEN,1164343397,AREA 3,JATIM,MADIUN,KEDIRI,,,0,0,0,JAWA TIMUR,KEDIRI,KEPUNG,SIMAN,KEDIRI
8278921642,,ODP-PPR-FJ/09,-7.725579,112.121759,,,5,3,0,0,8,REGIONAL 5,KEDIRI,KEDIRI,PPR,,,2024-03-16 23:23:32,2021-12-31,2021,12,NON TITO,,,JAWA TIMUR,0.375,GREEN,1164332780,AREA 3,JATIM,MADIUN,KEDIRI,,,0,0,0,JAWA TIMUR,KEDIRI,KAYEN KIDUL,PADANGAN,KEDIRI
8278921637,,ODP-PPR-FJ/01,-7.738856,112.112826,,,5,3,0,0,8,REGIONAL 5,KEDIRI,KEDIRI,PPR,,,2024-03-16 23:23:28,2021-12-31,2021,12,NON TITO,,,JAWA TIMUR,0.375,GREEN,1164332772,AREA 3,JATIM,MADIUN,KEDIRI,,,0,0,0,JAWA TIMUR,KEDIRI,KAYEN KIDUL,PADANGAN,KEDIRI
8278921617,,ODP-PPR-FJ/11,-7.730548,112.118748,,,5,3,0,0,8,REGIONAL 5,KEDIRI,KEDIRI,PPR,,,2024-03-16 23:23:24,2021-12-31,2021,12,NON TITO,,,JAWA TIMUR,0.375,GREEN,1164332754,AREA 3,JATIM,MADIUN,KEDIRI,,,0,0,0,JAWA TIMUR,KEDIRI,KAYEN KIDUL,PADANGAN,KEDIRI
8278921602,,ODP-PPR-FJ/10,-7.726524,112.121192,,,5,3,0,0,8,REGIONAL 5,KEDIRI,KEDIRI,PPR,,,2024-03-16 23:23:31,2021-12-31,2021,12,NON TITO,,,JAWA TIMUR,0.375,GREEN,1164332745,AREA 3,JATIM,MADIUN,KEDIRI,,,0,0,0,JAWA TIMUR,KEDIRI,KAYEN KIDUL,PADANGAN,KEDIRI
8278921597,,ODP-PPR-FJ/02,-7.738105,112.113018,,,5,3,0,0,8,REGIONAL 5,KEDIRI,KEDIRI,PPR,,,2024-03-16 23:23:22,2021-12-31,2021,12,NON TITO,,,JAWA TIMUR,0.375,GREEN,1164332740,AREA 3,JATIM,MADIUN,KEDIRI,,,0,0,0,JAWA TIMUR,KEDIRI,KAYEN KIDUL,PADANGAN,KEDIRI
8278921592,,ODP-PPR-FJ/07,-7.731942,112.117905,,,5,3,0,0,8,REGIONAL 5,KEDIRI,KEDIRI,PPR,,,2024-03-16 23:23:22,2021-12-31,2021,12,NON TITO,,,JAWA TIMUR,0.375,GREEN,1164332737,AREA 3,JATIM,MADIUN,KEDIRI,,,0,0,0,JAWA TIMUR,KEDIRI,KAYEN KIDUL,PADANGAN,KEDIRI
8278920391,,ODP-PPR-FD/43,-7.662741,112.088185,,,5,3,0,0,8,REGIONAL 5,KEDIRI,KEDIRI,PPR,,,2024-03-16 23:23:03,2021-12-29,2021,12,NON TITO,,,JAWA TIMUR,0.375,GREEN,1164311325,AREA 3,JATIM,MADIUN,KEDIRI,,,0,0,0,JAWA TIMUR,KEDIRI,PURWOASRI,MRANGGEN,KEDIRI
130583441,,ODP-MJT-FG/11,-7.7747,111.9982,,,4,3,0,0,8,REGIONAL 5,KEDIRI,KEDIRI,MJT,,,2024-03-16 23:25:02,2016-02-27,2016,2,NON TITO,,,JAWA TIMUR,0.375,GREEN,7821596,AREA 3,JATIM,MADIUN,KEDIRI,,,0,0,0,JAWA TIMUR,KOTA KEDIRI,MOJOROTO,DERMO,KEDIRI
130590378,,ODP-MJT-FQ/08,-7.8277,111.9965,,,5,3,0,0,8,REGIONAL 5,KEDIRI,KEDIRI,MJT,,,2024-03-16 23:26:40,2016-02-27,2016,2,NON TITO,,,JAWA TIMUR,0.375,GREEN,7826646,AREA 3,JATIM,MADIUN,KEDIRI,,,0,0,0,JAWA TIMUR,KOTA KEDIRI,MOJOROTO,LIRBOYO,KEDIRI
130590540,,ODP-MJT-FCLF/04,-7.8113,111.9972,,,15,1,0,0,16,REGIONAL 5,KEDIRI,KEDIRI,MJT,,,2024-03-16 23:25:37,2016-02-27,2016,2,NON TITO,,,JAWA TIMUR,0.0625,GREEN,7826749,AREA 3,JATIM,MADIUN,KEDIRI,,,0,0,0,JAWA TIMUR,KOTA KEDIRI,MOJOROTO,MOJOROTO,KEDIRI
8385795302,,ODP-WAT-FF/14,-7.940237,112.114342,,,6,2,0,0,8,REGIONAL 5,KEDIRI,KEDIRI,WAT,,,2024-03-16 23:25:38,2022-01-27,2022,1,NON TITO,,,JAWA TIMUR,0.25,GREEN,1165138227,AREA 3,JATIM,MADIUN,KEDIRI,,,0,0,0,JAWA TIMUR,KEDIRI,NGANCAR,KUNJANG,KEDIRI
130590832,,ODP-MJT-FY/03,-7.8245,111.9975,,,12,4,0,0,16,REGIONAL 5,KEDIRI,KEDIRI,MJT,,,2024-03-16 23:26:58,2016-02-27,2016,2,NON TITO,,,JAWA TIMUR,0.25,GREEN,7826935,AREA 3,JATIM,MADIUN,KEDIRI,,,0,0,0,JAWA TIMUR,KOTA KEDIRI,MOJOROTO,LIRBOYO,KEDIRI
8173168995,,ODP-GUR-FL/23,-7.803639,112.095818,,,5,3,0,0,8,REGIONAL 5,KEDIRI,KEDIRI,GUR,,,2024-03-16 23:29:16,2021-11-29,2021,11,NON TITO,,,JAWA TIMUR,0.375,GREEN,1145670940,AREA 3,JATIM,MADIUN,KEDIRI,,,0,0,0,JAWA TIMUR,KEDIRI,GURAH,KERKEP,KEDIRI
8453902046,,ODP-PAE-FU/50,-7.84674,112.265086,,,5,3,0,0,8,REGIONAL 5,KEDIRI,KEDIRI,PAE,,,2024-03-16 23:23:55,2022-02-22,2022,2,NON TITO,,,JAWA TIMUR,0.375,GREEN,1166537300,AREA 3,JATIM,MADIUN,KEDIRI,,,0,0,0,JAWA TIMUR,KEDIRI,PUNCU,ASMOROBANGUN,KEDIRI
130793881,,ODP-WAT-FC/03,-7.924896,112.092485,,,5,3,0,0,8,REGIONAL 5,KEDIRI,KEDIRI,WAT,,,2024-03-16 23:28:31,2016-02-28,2016,2,NON TITO,,,JAWA TIMUR,0.375,GREEN,7862507,AREA 3,JATIM,MADIUN,KEDIRI,,,0,0,0,JAWA TIMUR,KEDIRI,WATES,POJOK,KEDIRI
8454043713,,ODP-MJT-FW/09,-7.844856,111.977091,,,6,2,0,0,8,REGIONAL 5,KEDIRI,KEDIRI,MJT,,,2024-03-16 23:26:30,2022-02-18,2022,2,NON TITO,,,JAWA TIMUR,0.25,GREEN,1166349643,AREA 3,JATIM,MADIUN,KEDIRI,,,0,0,0,JAWA TIMUR,KEDIRI,SEMEN,PUHRUBUH,KEDIRI
8453443611,,ODP-PAE-FAF/37,-7.765484,112.157012,,,6,2,0,0,8,REGIONAL 5,KEDIRI,KEDIRI,PAE,,,2024-03-16 23:24:09,2022-02-18,2022,2,NON TITO,,,JAWA TIMUR,0.25,GREEN,1166347395,AREA 3,JATIM,MADIUN,KEDIRI,,,0,0,0,JAWA TIMUR,KEDIRI,PARE,BENDO,KEDIRI
8453443606,,ODP-PAE-FAF/36,-7.764978,112.154047,,,7,1,0,0,8,REGIONAL 5,KEDIRI,KEDIRI,PAE,,,2024-03-16 23:24:01,2022-02-18,2022,2,NON TITO,,,JAWA TIMUR,0.125,GREEN,1166347392,AREA 3,JATIM,MADIUN,KEDIRI,,,0,0,0,JAWA TIMUR,KEDIRI,PARE,BENDO,KEDIRI
8453902056,,ODP-PAE-FU/49,-7.849534,112.263938,,,5,3,0,0,8,REGIONAL 5,KEDIRI,KEDIRI,PAE,,,2024-03-16 23:24:10,2022-02-22,2022,2,NON TITO,,,JAWA TIMUR,0.375,GREEN,1166537306,AREA 3,JATIM,MADIUN,KEDIRI,,,0,0,0,JAWA TIMUR,KEDIRI,PUNCU,ASMOROBANGUN,KEDIRI
130943754,,ODP-WAT-FC/05,-7.917343,112.094405,,,5,3,0,0,8,REGIONAL 5,KEDIRI,KEDIRI,WAT,,,2024-03-16 23:24:42,2016-02-28,2016,2,NON TITO,,,JAWA TIMUR,0.375,GREEN,7862473,AREA 3,JATIM,MADIUN,KEDIRI,,,0,0,0,JAWA TIMUR,KEDIRI,WATES,POJOK,KEDIRI
8433873245,,ODP-PAE-FQ/40,-7.778453,112.203104,,,5,3,0,0,8,REGIONAL 5,KEDIRI,KEDIRI,PAE,,,2024-03-16 23:27:18,2022-02-15,2022,2,NON TITO,,,JAWA TIMUR,0.375,GREEN,1166321416,AREA 3,JATIM,MADIUN,KEDIRI,,,0,0,0,JAWA TIMUR,KEDIRI,PARE,PARE,KEDIRI
130592786,,ODP-PAE-FM/04,-7.769036,112.193797,,,9,6,0,0,16,REGIONAL 5,KEDIRI,KEDIRI,PAE,,,2024-03-16 23:27:10,2016-02-27,2016,2,NON TITO,,,JAWA TIMUR,0.375,GREEN,7828157,AREA 3,JATIM,MADIUN,KEDIRI,,,0,0,0,JAWA TIMUR,KEDIRI,PARE,PARE,KEDIRI
8435818920,,ODP-PAE-FP/20,-7.788687,112.195079,,,6,2,0,0,8,REGIONAL 5,KEDIRI,KEDIRI,PAE,,,2024-03-16 23:22:36,2022-02-14,2022,2,NON TITO,,,JAWA TIMUR,0.25,GREEN,1166318775,AREA 3,JATIM,MADIUN,KEDIRI,,,0,0,0,JAWA TIMUR,KEDIRI,PARE,GEDANGSEWU,KEDIRI
8169200186,,ODP-PAE-FAL/31,-7.760852,112.206938,,,6,2,0,0,8,REGIONAL 5,KEDIRI,KEDIRI,PAE,,,2024-03-16 23:28:14,2021-12-01,2021,12,NON TITO,,,JAWA TIMUR,0.25,GREEN,1158120342,AREA 3,JATIM,MADIUN,KEDIRI,,,0,0,0,JAWA TIMUR,KEDIRI,BADAS,LAMONG,KEDIRI
8435818910,,ODP-PAE-FP/25,-7.791256,112.209775,,,5,3,0,0,8,REGIONAL 5,KEDIRI,KEDIRI,PAE,,,2024-03-16 23:22:40,2022-02-14,2022,2,NON TITO,,,JAWA TIMUR,0.375,GREEN,1166318769,AREA 3,JATIM,MADIUN,KEDIRI,,,0,0,0,JAWA TIMUR,KEDIRI,KEPUNG,KRENCENG,KEDIRI
8435818905,,ODP-PAE-FP/22,-7.792069,112.203559,,,6,2,0,0,8,REGIONAL 5,KEDIRI,KEDIRI,PAE,,,2024-03-16 23:22:34,2022-02-14,2022,2,NON TITO,,,JAWA TIMUR,0.25,GREEN,1166318766,AREA 3,JATIM,MADIUN,KEDIRI,,,0,0,0,JAWA TIMUR,KEDIRI,PARE,GEDANGSEWU,KEDIRI
8441668878,,ODP-WAT-FX/30,-7.846652,112.090354,,,7,1,0,0,8,REGIONAL 5,KEDIRI,KEDIRI,WAT,,,2024-03-16 23:27:15,2022-02-16,2022,2,NON TITO,,,JAWA TIMUR,0.125,GREEN,1166330922,AREA 3,JATIM,MADIUN,KEDIRI,,,0,0,0,JAWA TIMUR,KEDIRI,GURAH,BOGEM,KEDIRI
8453903236,,ODP-WAT-FP/20,-7.941358,112.215105,,,7,1,0,0,8,REGIONAL 5,KEDIRI,KEDIRI,WAT,,,2024-03-16 23:24:14,2022-02-22,2022,2,NON TITO,,,JAWA TIMUR,0.125,GREEN,1166540889,AREA 3,JATIM,MADIUN,KEDIRI,,,0,0,0,JAWA TIMUR,KEDIRI,NGANCAR,SEMPU,KEDIRI
8453903242,,ODP-WAT-FP/19,-7.944629,112.21571,,,6,2,0,0,8,REGIONAL 5,KEDIRI,KEDIRI,WAT,,,2024-03-16 23:23:48,2022-02-22,2022,2,NON TITO,,,JAWA TIMUR,0.25,GREEN,1166540893,AREA 3,JATIM,MADIUN,KEDIRI,,,0,0,0,JAWA TIMUR,KEDIRI,NGANCAR,SEMPU,KEDIRI
8702369909,,ODP-SBI-FA/28,-7.970577,112.031444,,,7,1,0,0,8,REGIONAL 5,KEDIRI,KEDIRI,SBI,,,2024-03-16 23:23:56,2022-04-26,2022,4,NON TITO,,,JAWA TIMUR,0.125,GREEN,1178463539,AREA 3,JATIM,MADIUN,KEDIRI,,,0,0,0,JAWA TIMUR,KEDIRI,RINGINREJO,SELODONO,KEDIRI
8189968577,,ODP-MJT-FA/62,-7.723169,111.947814,,,5,3,0,0,8,REGIONAL 5,KEDIRI,KEDIRI,MJT,,,2024-03-16 23:28:39,2021-11-25,2021,11,NON TITO,,,JAWA TIMUR,0.375,GREEN,1136597602,AREA 3,JATIM,MADIUN,KEDIRI,,,0,0,0,JAWA TIMUR,KEDIRI,TAROKAN,KALIBOTO,KEDIRI
130656763,,ODP-MJT-FK/09,-7.808,111.993,,,5,3,0,0,8,REGIONAL 5,KEDIRI,KEDIRI,MJT,,,2024-03-16 23:26:28,2016-02-27,2016,2,NON TITO,,,JAWA TIMUR,0.375,GREEN,7895148,AREA 3,JATIM,MADIUN,KEDIRI,,,0,0,0,JAWA TIMUR,KOTA KEDIRI,MOJOROTO,BUJEL,KEDIRI
8476393663,,ODP-PAE-FZ/22,-7.725117,112.214965,,,6,2,0,0,8,REGIONAL 5,KEDIRI,KEDIRI,PAE,,,2024-03-16 23:22:19,2022-02-25,2022,2,NON TITO,,,JAWA TIMUR,0.25,GREEN,1166837467,AREA 3,JATIM,MADIUN,KEDIRI,,,0,0,0,JAWA TIMUR,KEDIRI,BADAS,KRECEK,KEDIRI
8453903561,,ODP-PAE-FAA/17,-7.767683,112.232651,,,6,2,0,0,8,REGIONAL 5,KEDIRI,KEDIRI,PAE,,,2024-03-16 23:24:21,2022-02-22,2022,2,NON TITO,,,JAWA TIMUR,0.25,GREEN,1166542585,AREA 3,JATIM,MADIUN,KEDIRI,,,0,0,0,JAWA TIMUR,KEDIRI,KEPUNG,KENCONG,KEDIRI
8453903556,,ODP-PAE-FAA/18,-7.770322,112.233359,,,7,1,0,0,8,REGIONAL 5,KEDIRI,KEDIRI,PAE,,,2024-03-16 23:24:11,2022-02-22,2022,2,NON TITO,,,JAWA TIMUR,0.125,GREEN,1166542582,AREA 3,JATIM,MADIUN,KEDIRI,,,0,0,0,JAWA TIMUR,KEDIRI,KEPUNG,KENCONG,KEDIRI
8453903275,,ODP-WAT-FP/22,-7.933161,112.196323,,,5,3,0,0,8,REGIONAL 5,KEDIRI,KEDIRI,WAT,,,2024-03-16 23:24:01,2022-02-22,2022,2,NON TITO,,,JAWA TIMUR,0.375,GREEN,1166540916,AREA 3,JATIM,MADIUN,KEDIRI,,,0,0,0,JAWA TIMUR,KEDIRI,NGANCAR,NGANCAR,KEDIRI
130656300,,ODP-MJT-FP/02,-7.8134,112.0039,,,6,2,0,0,8,REGIONAL 5,KEDIRI,KEDIRI,MJT,,,2024-03-16 23:26:30,2016-02-27,2016,2,NON TITO,,,JAWA TIMUR,0.25,GREEN,7894785,AREA 3,JATIM,MADIUN,KEDIRI,,,0,0,0,JAWA TIMUR,KOTA KEDIRI,MOJOROTO,BANDAR LOR,KEDIRI
8453903270,,ODP-WAT-FP/21,-7.929545,112.215036,,,5,3,0,0,8,REGIONAL 5,KEDIRI,KEDIRI,WAT,,,2024-03-16 23:24:23,2022-02-22,2022,2,NON TITO,,,JAWA TIMUR,0.375,GREEN,1166540912,AREA 3,JATIM,MADIUN,KEDIRI,,,0,0,0,JAWA TIMUR,KEDIRI,NGANCAR,SUGIHWARAS,KEDIRI
8167920140,,ODP-GUR-FB/51,-7.826832,112.076729,,,6,2,0,0,8,REGIONAL 5,KEDIRI,KEDIRI,GUR,,,2024-03-16 23:27:51,2021-11-25,2021,11,NON TITO,,,JAWA TIMUR,0.25,GREEN,1136597809,AREA 3,JATIM,MADIUN,KEDIRI,,,0,0,0,JAWA TIMUR,KEDIRI,GURAH,WONOJOYO,KEDIRI
121235385,,ODP-KDI-FAE/04,-7.8467,112.0361,,,7,1,0,0,8,REGIONAL 5,KEDIRI,KEDIRI,KDI,,,2024-03-16 23:28:08,2016-02-23,2016,2,NON TITO,,,JAWA TIMUR,0.125,GREEN,6636386,AREA 3,JATIM,MADIUN,KEDIRI,,,0,0,0,JAWA TIMUR,KOTA KEDIRI,PESANTREN,BETET,KEDIRI
8453903265,,ODP-WAT-FP/23,-7.936129,112.195165,,,7,1,0,0,8,REGIONAL 5,KEDIRI,KEDIRI,WAT,,,2024-03-16 23:24:20,2022-02-22,2022,2,NON TITO,,,JAWA TIMUR,0.125,GREEN,1166540909,AREA 3,JATIM,MADIUN,KEDIRI,,,0,0,0,JAWA TIMUR,KEDIRI,NGANCAR,NGANCAR,KEDIRI
130655766,,ODP-MJT-FJ/02,-7.8136,111.9848,,,3,3,0,0,8,REGIONAL 5,KEDIRI,KEDIRI,MJT,,,2024-03-16 23:26:29,2016-02-27,2016,2,NON TITO,,,JAWA TIMUR,0.375,GREEN,7894348,AREA 3,JATIM,MADIUN,KEDIRI,,,0,0,0,JAWA TIMUR,KOTA KEDIRI,MOJOROTO,POJOK,KEDIRI
8453903260,,ODP-WAT-FP/18,-7.944074,112.218764,,,5,3,0,0,8,REGIONAL 5,KEDIRI,KEDIRI,WAT,,,2024-03-16 23:24:24,2022-02-22,2022,2,NON TITO,,,JAWA TIMUR,0.375,GREEN,1166540905,AREA 3,JATIM,MADIUN,KEDIRI,,,0,0,0,JAWA TIMUR,KEDIRI,NGANCAR,SEMPU,KEDIRI
130655504,,ODP-MJT-FM/08,-7.8188,111.9971,,,6,2,0,0,8,REGIONAL 5,KEDIRI,KEDIRI,MJT,,,2024-03-16 23:25:45,2016-02-27,2016,2,NON TITO,,,JAWA TIMUR,0.25,GREEN,7894138,AREA 3,JATIM,MADIUN,KEDIRI,,,0,0,0,JAWA TIMUR,KOTA KEDIRI,MOJOROTO,LIRBOYO,KEDIRI
130655273,,ODP-MJT-FCLK/01,-7.8173,111.9992,,,10,6,0,0,16,REGIONAL 5,KEDIRI,KEDIRI,MJT,,,2024-03-16 23:26:42,2016-02-27,2016,2,NON TITO,,,JAWA TIMUR,0.375,GREEN,7893948,AREA 3,JATIM,MADIUN,KEDIRI,,,0,0,0,JAWA TIMUR,KOTA KEDIRI,MOJOROTO,BANDAR LOR,KEDIRI
130592457,,GCL-PAE-F09/02,-7.7667,112.1923,,,7,1,0,0,8,REGIONAL 5,KEDIRI,KEDIRI,PAE,,,2024-03-16 23:26:21,2016-02-27,2016,2,NON TITO,,,JAWA TIMUR,0.125,GREEN,7827956,AREA 3,JATIM,MADIUN,KEDIRI,,,0,0,0,JAWA TIMUR,KEDIRI,PARE,PARE,KEDIRI
8483743542,,ODP-GUR-FD/28,-7.7872,112.067507,,,5,3,0,0,8,REGIONAL 5,KEDIRI,KEDIRI,GUR,,,2024-03-16 23:25:20,2022-03-01,2022,3,NON TITO,,,JAWA TIMUR,0.375,GREEN,1168320824,AREA 3,JATIM,MADIUN,KEDIRI,,,0,0,0,JAWA TIMUR,KEDIRI,PAGU,TANJUNG,KEDIRI
8428243707,,ODP-GUR-FE/19,-7.817131,112.089415,,,6,2,0,0,8,REGIONAL 5,KEDIRI,KEDIRI,GUR,,,2024-03-16 23:28:12,2022-02-10,2022,2,NON TITO,,,JAWA TIMUR,0.25,GREEN,1166223000,AREA 3,JATIM,MADIUN,KEDIRI,,,0,0,0,JAWA TIMUR,KEDIRI,GURAH,BANYUANYAR,KEDIRI
8425244034,,ODP-PAE-FAJ/23,-7.758237,112.191151,,,5,3,0,0,8,REGIONAL 5,KEDIRI,KEDIRI,PAE,,,2024-03-16 23:23:26,2022-02-09,2022,2,NON TITO,,,JAWA TIMUR,0.375,GREEN,1165400100,AREA 3,JATIM,MADIUN,KEDIRI,,,0,0,0,JAWA TIMUR,KEDIRI,PARE,TULUNGREJO,KEDIRI
130591326,,ODP-PAE-FM/25,-7.7723,112.1955,,,9,6,0,0,16,REGIONAL 5,KEDIRI,KEDIRI,PAE,,,2024-03-16 23:26:09,2016-02-27,2016,2,NON TITO,,,JAWA TIMUR,0.375,GREEN,7827252,AREA 3,JATIM,MADIUN,KEDIRI,,,0,0,0,JAWA TIMUR,KEDIRI,PARE,PARE,KEDIRI
8385869435,,ODP-MJT-FF/59,-7.777272,112.008206,,,5,3,0,0,8,REGIONAL 5,KEDIRI,KEDIRI,MJT,,,2024-03-16 23:27:42,2022-01-29,2022,1,NON TITO,,,JAWA TIMUR,0.375,GREEN,1165156679,AREA 3,JATIM,MADIUN,KEDIRI,,,0,0,0,JAWA TIMUR,KOTA KEDIRI,MOJOROTO,DERMO,KEDIRI
8392243850,,ODP-PAE-FAH/41,-7.764036,112.184096,,,5,3,0,0,8,REGIONAL 5,KEDIRI,KEDIRI,PAE,,,2024-03-16 23:25:40,2022-01-28,2022,1,NON TITO,,,JAWA TIMUR,0.375,GREEN,1165150987,AREA 3,JATIM,MADIUN,KEDIRI,,,0,0,0,JAWA TIMUR,KEDIRI,PARE,TULUNGREJO,KEDIRI
8392243845,,ODP-PAE-FAH/40,-7.765097,112.186747,,,5,3,0,0,8,REGIONAL 5,KEDIRI,KEDIRI,PAE,,,2024-03-16 23:25:40,2022-01-28,2022,1,NON TITO,,,JAWA TIMUR,0.375,GREEN,1165150981,AREA 3,JATIM,MADIUN,KEDIRI,,,0,0,0,JAWA TIMUR,KEDIRI,PARE,TULUNGREJO,KEDIRI
130591062,,GCL-MJT-F01/05,-7.8173,112.0048,,,6,2,0,0,8,REGIONAL 5,KEDIRI,KEDIRI,MJT,,,2024-03-16 23:26:49,2016-02-27,2016,2,NON TITO,,,JAWA TIMUR,0.25,GREEN,7827084,AREA 3,JATIM,MADIUN,KEDIRI,,,0,0,0,JAWA TIMUR,KOTA KEDIRI,MOJOROTO,BANDAR LOR,KEDIRI
8385344100,,ODP-KAA-FA/31,-7.774697,112.300693,,,6,2,0,0,8,REGIONAL 5,KEDIRI,KEDIRI,KAA,,,2024-03-16 23:28:22,2022-01-28,2022,1,NON TITO,,,JAWA TIMUR,0.25,GREEN,1165148820,AREA 3,JATIM,MADIUN,KEDIRI,,,0,0,0,JAWA TIMUR,MALANG,KASEMBON,SUKOSARI,KEDIRI
8398168533,,ODP-MJT-FE/36,-7.765875,111.984118,,,5,3,0,0,8,REGIONAL 5,KEDIRI,KEDIRI,MJT,,,2024-03-16 23:24:52,2022-01-29,2022,1,NON TITO,,,JAWA TIMUR,0.375,GREEN,1165159167,AREA 3,JATIM,MADIUN,KEDIRI,,,0,0,0,JAWA TIMUR,KEDIRI,GROGOL,BAKALAN,KEDIRI
8223944079,,ODP-PPR-FC/23,-7.701471,112.091207,,,7,1,0,0,8,REGIONAL 5,KEDIRI,KEDIRI,PPR,,,2024-03-16 23:24:02,2021-12-03,2021,12,NON TITO,,,JAWA TIMUR,0.125,GREEN,1161424874,AREA 3,JATIM,MADIUN,KEDIRI,,,0,0,0,JAWA TIMUR,KEDIRI,PAPAR,PAPAR,KEDIRI
130591042,,ODP-PAE-FA/22,-7.7729,112.1845,,,10,5,0,0,16,REGIONAL 5,KEDIRI,KEDIRI,PAE,,,2024-03-16 23:26:29,2016-02-27,2016,2,NON TITO,,,JAWA TIMUR,0.3125,GREEN,7827070,AREA 3,JATIM,MADIUN,KEDIRI,,,0,0,0,JAWA TIMUR,KEDIRI,PARE,GEDANGSEWU,KEDIRI
8385344061,,ODP-KAA-FA/29,-7.773608,112.297711,,,5,3,0,0,8,REGIONAL 5,KEDIRI,KEDIRI,KAA,,,2024-03-16 23:28:27,2022-01-28,2022,1,NON TITO,,,JAWA TIMUR,0.375,GREEN,1165148788,AREA 3,JATIM,MADIUN,KEDIRI,,,0,0,0,JAWA TIMUR,MALANG,KASEMBON,SUKOSARI,KEDIRI
121235539,,ODP-KDI-FAE/29,-7.8494,112.0394,,,5,3,0,0,8,REGIONAL 5,KEDIRI,KEDIRI,KDI,,,2024-03-16 23:28:16,2016-02-23,2016,2,NON TITO,,,JAWA TIMUR,0.375,GREEN,6636491,AREA 3,JATIM,MADIUN,KEDIRI,,,0,0,0,JAWA TIMUR,KOTA KEDIRI,PESANTREN,BETET,KEDIRI
130590900,,ODP-MJT-FCLA/12,-7.8173,112.0058,,,12,3,0,0,16,REGIONAL 5,KEDIRI,KEDIRI,MJT,,,2024-03-16 23:26:46,2016-02-27,2016,2,NON TITO,,,JAWA TIMUR,0.1875,GREEN,7826979,AREA 3,JATIM,MADIUN,KEDIRI,,,0,0,0,JAWA TIMUR,KOTA KEDIRI,MOJOROTO,BANDAR LOR,KEDIRI
8385795307,,ODP-WAT-FF/13,-7.941211,112.111821,,,6,2,0,0,8,REGIONAL 5,KEDIRI,KEDIRI,WAT,,,2024-03-16 23:26:29,2022-01-27,2022,1,NON TITO,,,JAWA TIMUR,0.25,GREEN,1165138231,AREA 3,JATIM,MADIUN,KEDIRI,,,0,0,0,JAWA TIMUR,KEDIRI,WATES,DUWET,KEDIRI
130590861,,ODP-MJT-FCLA/10,-7.8224,112.0059,,,13,3,0,0,16,REGIONAL 5,KEDIRI,KEDIRI,MJT,,,2024-03-16 23:26:26,2016-02-27,2016,2,NON TITO,,,JAWA TIMUR,0.1875,GREEN,7826955,AREA 3,JATIM,MADIUN,KEDIRI,,,0,0,0,JAWA TIMUR,KOTA KEDIRI,MOJOROTO,BANDAR LOR,KEDIRI
8385344087,,ODP-KAA-FA/33,-7.775866,112.301938,,,5,3,0,0,8,REGIONAL 5,KEDIRI,KEDIRI,KAA,,,2024-03-16 23:28:15,2022-01-28,2022,1,NON TITO,,,JAWA TIMUR,0.375,GREEN,1165148809,AREA 3,JATIM,MADIUN,KEDIRI,,,0,0,0,JAWA TIMUR,MALANG,KASEMBON,SUKOSARI,KEDIRI
8398168548,,ODP-MJT-FE/33,-7.765024,111.98999,,,7,1,0,0,8,REGIONAL 5,KEDIRI,KEDIRI,MJT,,,2024-03-16 23:24:36,2022-01-29,2022,1,NON TITO,,,JAWA TIMUR,0.125,GREEN,1165159180,AREA 3,JATIM,MADIUN,KEDIRI,,,0,0,0,JAWA TIMUR,KEDIRI,GROGOL,BAKALAN,KEDIRI
130591547,,GCL-PAE-F09/01,-7.7667,112.1922,,,14,1,0,0,16,REGIONAL 5,KEDIRI,KEDIRI,PAE,,,2024-03-16 23:26:57,2016-02-27,2016,2,NON TITO,,,JAWA TIMUR,0.0625,GREEN,7827396,AREA 3,JATIM,MADIUN,KEDIRI,,,0,0,0,JAWA TIMUR,KEDIRI,PARE,PARE,KEDIRI
8393744322,,ODP-GUR-FK/16,-7.807387,112.125697,,,4,3,1,0,8,REGIONAL 5,KEDIRI,KEDIRI,GUR,,,2024-03-16 23:24:19,2022-02-03,2022,2,NON TITO,,,JAWA TIMUR,0.375,GREEN,1165248093,AREA 3,JATIM,MADIUN,KEDIRI,,,0,0,0,JAWA TIMUR,KEDIRI,GURAH,TIRUKIDUL,KEDIRI
130592384,,ODP-PAE-FT/05,-7.7646,112.15196,,,13,3,0,0,16,REGIONAL 5,KEDIRI,KEDIRI,PAE,,,2024-03-16 23:26:54,2016-02-27,2016,2,NON TITO,,,JAWA TIMUR,0.1875,GREEN,7827915,AREA 3,JATIM,MADIUN,KEDIRI,,,0,0,0,JAWA TIMUR,KEDIRI,PARE,DARUNGAN,KEDIRI
8425168685,,ODP-KDI-FAX/11,-7.863829,112.071402,,,5,3,0,0,8,REGIONAL 5,KEDIRI,KEDIRI,KDI,,,2024-03-16 23:28:08,2022-02-08,2022,2,NON TITO,,,JAWA TIMUR,0.375,GREEN,1165331576,AREA 3,JATIM,MADIUN,KEDIRI,,,0,0,0,JAWA TIMUR,KEDIRI,WATES,JANTI,KEDIRI
8425168675,,ODP-KDI-FAX/13,-7.862741,112.066604,,,6,2,0,0,8,REGIONAL 5,KEDIRI,KEDIRI,KDI,,,2024-03-16 23:28:37,2022-02-08,2022,2,NON TITO,,,JAWA TIMUR,0.25,GREEN,1165331570,AREA 3,JATIM,MADIUN,KEDIRI,,,0,0,0,JAWA TIMUR,KOTA KEDIRI,PESANTREN,BAWANG,KEDIRI
121235390,,ODP-KDI-FG/09,-7.8303,112.0297,,,11,5,0,0,16,REGIONAL 5,KEDIRI,KEDIRI,KDI,,,2024-03-16 23:29:03,2016-02-23,2016,2,NON TITO,,,JAWA TIMUR,0.3125,GREEN,6636391,AREA 3,JATIM,MADIUN,KEDIRI,,,0,0,0,JAWA TIMUR,KOTA KEDIRI,PESANTREN,BANARAN,KEDIRI
8413169049,,ODP-PAE-FN/30,-7.778862,112.223212,,,5,3,0,0,8,REGIONAL 5,KEDIRI,KEDIRI,PAE,,,2024-03-16 23:25:18,2022-02-07,2022,2,NON TITO,,,JAWA TIMUR,0.375,GREEN,1165324489,AREA 3,JATIM,MADIUN,KEDIRI,,,0,0,0,JAWA TIMUR,KEDIRI,KEPUNG,KRENCENG,KEDIRI
8222743547,,ODP-MJT-FC/31,-7.746453,111.979931,,,5,3,0,0,8,REGIONAL 5,KEDIRI,KEDIRI,MJT,,,2024-03-16 23:28:00,2021-12-02,2021,12,NON TITO,,,JAWA TIMUR,0.375,GREEN,1158571087,AREA 3,JATIM,MADIUN,KEDIRI,,,0,0,0,JAWA TIMUR,KEDIRI,GROGOL,SONOREJO,KEDIRI
130591953,,ODP-PAE-FH/06,-7.746608,112.198144,,,5,3,0,0,8,REGIONAL 5,KEDIRI,KEDIRI,PAE,,,2024-03-16 23:26:59,2016-02-27,2016,2,NON TITO,,,JAWA TIMUR,0.375,GREEN,7827652,AREA 3,JATIM,MADIUN,KEDIRI,,,0,0,0,JAWA TIMUR,KEDIRI,PARE,TULUNGREJO,KEDIRI
8412793989,,ODP-MJT-FC/43,-7.749496,111.992203,,,7,1,0,0,8,REGIONAL 5,KEDIRI,KEDIRI,MJT,,,2024-03-16 23:22:17,2022-02-07,2022,2,NON TITO,,,JAWA TIMUR,0.125,GREEN,1165321815,AREA 3,JATIM,MADIUN,KEDIRI,,,0,0,0,JAWA TIMUR,KEDIRI,GROGOL,DATENGAN,KEDIRI
8412793974,,ODP-MJT-FC/48,-7.745782,111.98184,,,7,1,0,0,8,REGIONAL 5,KEDIRI,KEDIRI,MJT,,,2024-03-16 23:21:25,2022-02-07,2022,2,NON TITO,,,JAWA TIMUR,0.125,GREEN,1165321805,AREA 3,JATIM,MADIUN,KEDIRI,,,0,0,0,JAWA TIMUR,KEDIRI,GROGOL,SONOREJO,KEDIRI
130591790,,ODP-PAE-FM/02,-7.772467,112.19285,,,12,4,0,0,16,REGIONAL 5,KEDIRI,KEDIRI,PAE,,,2024-03-16 23:27:10,2016-02-27,2016,2,NON TITO,,,JAWA TIMUR,0.25,GREEN,7827550,AREA 3,JATIM,MADIUN,KEDIRI,,,0,0,0,JAWA TIMUR,KEDIRI,PARE,PARE,KEDIRI
8412793954,,ODP-MJT-FC/41,-7.750187,111.993765,,,5,3,0,0,8,REGIONAL 5,KEDIRI,KEDIRI,MJT,,,2024-03-16 23:21:59,2022-02-07,2022,2,NON TITO,,,JAWA TIMUR,0.375,GREEN,1165321791,AREA 3,JATIM,MADIUN,KEDIRI,,,0,0,0,JAWA TIMUR,KEDIRI,GROGOL,DATENGAN,KEDIRI
8412793939,,ODP-MJT-FC/40,-7.751101,111.994928,,,5,3,0,0,8,REGIONAL 5,KEDIRI,KEDIRI,MJT,,,2024-03-16 23:22:00,2022-02-07,2022,2,NON TITO,,,JAWA TIMUR,0.375,GREEN,1165321779,AREA 3,JATIM,MADIUN,KEDIRI,,,0,0,0,JAWA TIMUR,KEDIRI,GROGOL,DATENGAN,KEDIRI
130591767,,ODP-PAE-FF/02,-7.7567,112.1803,,,9,5,0,0,16,REGIONAL 5,KEDIRI,KEDIRI,PAE,,,2024-03-16 23:26:20,2016-02-27,2016,2,NON TITO,,,JAWA TIMUR,0.3125,GREEN,7827534,AREA 3,JATIM,MADIUN,KEDIRI,,,0,0,0,JAWA TIMUR,KEDIRI,PARE,TULUNGREJO,KEDIRI
121235519,,ODP-KDI-FAG/25,-7.865457,112.028994,,,6,2,0,0,8,REGIONAL 5,KEDIRI,KEDIRI,KDI,,,2024-03-16 23:28:58,2016-02-23,2016,2,NON TITO,,,JAWA TIMUR,0.25,GREEN,6636477,AREA 3,JATIM,MADIUN,KEDIRI,,,0,0,0,JAWA TIMUR,KOTA KEDIRI,PESANTREN,BLABAK,KEDIRI
130591554,,ODP-PAE-FT/01,-7.766666,112.145245,,,8,6,0,0,16,REGIONAL 5,KEDIRI,KEDIRI,PAE,,,2024-03-16 23:26:58,2016-02-27,2016,2,NON TITO,,,JAWA TIMUR,0.375,GREEN,7827400,AREA 3,JATIM,MADIUN,KEDIRI,,,0,0,0,JAWA TIMUR,KEDIRI,PARE,DARUNGAN,KEDIRI
8426743827,,ODP-KDI-FAJ/69,-7.814448,112.012196,,,6,2,0,0,8,REGIONAL 5,KEDIRI,KEDIRI,KDI,,,2024-03-16 23:29:07,2022-02-09,2022,2,NON TITO,,,JAWA TIMUR,0.25,GREEN,1165401103,AREA 3,JATIM,MADIUN,KEDIRI,,,0,0,0,JAWA TIMUR,KOTA KEDIRI,KOTA,PAKELAN,KEDIRI
10908718945,,ODP-PAE-FK/31,-7.811874,112.154199,,,5,3,0,0,8,REGIONAL 5,KEDIRI,KEDIRI,PAE,,,2024-03-16 23:27:10,2023-11-16,2023,11,NON TITO,,,JAWA TIMUR,0.375,GREEN,1333991415,AREA 3,JATIM,MADIUN,KEDIRI,,,0,0,0,JAWA TIMUR,KEDIRI,PARE,SIDOREJO,KEDIRI
8702222316,,ODP-KDI-FAW/27,-7.875143,112.013715,,,5,3,0,0,8,REGIONAL 5,KEDIRI,KEDIRI,KDI,,,2024-03-16 23:27:58,2022-05-09,2022,5,NON TITO,,,JAWA TIMUR,0.375,GREEN,1179959998,AREA 3,JATIM,MADIUN,KEDIRI,,,0,0,0,JAWA TIMUR,KEDIRI,NGADILUWIH,MANGUNREJO,KEDIRI
130668660,,ODP-PAE-FF/05,-7.757717,112.183939,,,6,5,0,0,16,REGIONAL 5,KEDIRI,KEDIRI,PAE,,,2024-03-16 23:21:08,2016-02-27,2016,2,NON TITO,,,JAWA TIMUR,0.3125,GREEN,7903544,AREA 3,JATIM,MADIUN,KEDIRI,,,0,0,0,JAWA TIMUR,KEDIRI,PARE,TULUNGREJO,KEDIRI
9788144651,,ODP-MJT-FW/14,-7.848671,111.969048,,,6,2,0,0,8,REGIONAL 5,KEDIRI,KEDIRI,MJT,,,2024-03-16 23:26:57,2023-01-31,2023,1,NON TITO,,,JAWA TIMUR,0.25,GREEN,1265085650,AREA 3,JATIM,MADIUN,KEDIRI,,,0,0,0,JAWA TIMUR,KEDIRI,SEMEN,PUHRUBUH,KEDIRI
11381219971,,ODP-MJT-FW/18,-7.847918,111.969401,,,5,3,0,0,8,REGIONAL 5,KEDIRI,KEDIRI,MJT,,,2024-03-16 23:27:11,2024-03-03,2024,3,NON TITO,,,JAWA TIMUR,0.375,GREEN,1414050917,AREA 3,JATIM,MADIUN,KEDIRI,,,0,0,0,JAWA TIMUR,KEDIRI,SEMEN,PUHRUBUH,KEDIRI
11369218701,,ODP-KDI-FAF/12,-7.890674,112.042409,,,6,2,0,0,8,REGIONAL 5,KEDIRI,KEDIRI,KDI,,,2024-03-16 23:23:44,2024-02-27,2024,2,NON TITO,,,JAWA TIMUR,0.25,GREEN,1415661480,AREA 3,JATIM,MADIUN,KEDIRI,,,0,0,0,JAWA TIMUR,KEDIRI,KANDAT,PULE,KEDIRI
9787397440,,ODP-WAT-FH/21,-7.978355,112.157762,,,5,3,0,0,8,REGIONAL 5,KEDIRI,KEDIRI,WAT,,,2024-03-16 23:28:51,2023-01-30,2023,1,NON TITO,,,JAWA TIMUR,0.375,GREEN,1265081556,AREA 3,JATIM,MADIUN,KEDIRI,,,0,0,0,JAWA TIMUR,KEDIRI,NGANCAR,MARGOURIP,KEDIRI
9796768735,,ODP-KDI-FU/64,-7.819573,112.061522,,,7,1,0,0,8,REGIONAL 5,KEDIRI,KEDIRI,KDI,,,2024-03-16 23:21:38,2023-01-24,2023,1,NON TITO,,,JAWA TIMUR,0.125,GREEN,1264985360,AREA 3,JATIM,MADIUN,KEDIRI,,,0,0,0,JAWA TIMUR,KEDIRI,NGASEM,TUGUREJO,KEDIRI
9820768542,,ODP-GUR-FD/32,-7.784511,112.06342,,,6,2,0,0,8,REGIONAL 5,KEDIRI,KEDIRI,GUR,,,2024-03-16 23:27:56,2023-02-01,2023,2,NON TITO,,,JAWA TIMUR,0.25,GREEN,1264773674,AREA 3,JATIM,MADIUN,KEDIRI,,,0,0,0,JAWA TIMUR,KEDIRI,PAGU,TANJUNG,KEDIRI
11382194361,,ODP-KDI-FB/52,-7.787021,112.004516,,,5,3,0,0,8,REGIONAL 5,KEDIRI,KEDIRI,KDI,,,2024-03-16 23:25:17,2024-03-09,2024,3,NON TITO,,,JAWA TIMUR,0.375,GREEN,1417837390,AREA 3,JATIM,MADIUN,KEDIRI,,,0,0,0,JAWA TIMUR,KEDIRI,GAMPENGREJO,JONGBIRU,KEDIRI
9811693782,,ODP-WAT-FK/12,-7.885522,112.066805,,,6,2,0,0,8,REGIONAL 5,KEDIRI,KEDIRI,WAT,,,2024-03-16 23:27:19,2023-01-31,2023,1,NON TITO,,,JAWA TIMUR,0.25,GREEN,1264772653,AREA 3,JATIM,MADIUN,KEDIRI,,,0,0,0,JAWA TIMUR,KEDIRI,WATES,JOHO,KEDIRI
9775768702,,ODP-KDI-FAV/29,-7.8453,112.062577,,,5,3,0,0,8,REGIONAL 5,KEDIRI,KEDIRI,KDI,,,2024-03-16 23:27:19,2023-01-18,2023,1,NON TITO,,,JAWA TIMUR,0.375,GREEN,1262290469,AREA 3,JATIM,MADIUN,KEDIRI,,,0,0,0,JAWA TIMUR,KOTA KEDIRI,PESANTREN,TAMPUREJO,KEDIRI
9748694172,,ODP-NDL-FP/34,-7.955549,111.915418,,,5,3,0,0,8,REGIONAL 5,KEDIRI,KEDIRI,NDL,,,2024-03-16 23:22:35,2023-01-17,2023,1,NON TITO,,,JAWA TIMUR,0.375,GREEN,1262289198,AREA 3,JATIM,MADIUN,KEDIRI,,,0,0,0,JAWA TIMUR,KEDIRI,MOJO,NGETREP,KEDIRI
9754694542,,ODP-MJT-FAC/51,-7.793245,111.981168,,,5,3,0,0,8,REGIONAL 5,KEDIRI,KEDIRI,MJT,,,2024-03-16 23:24:14,2023-01-16,2023,1,NON TITO,,,JAWA TIMUR,0.375,GREEN,1262275197,AREA 3,JATIM,MADIUN,KEDIRI,,,0,0,0,JAWA TIMUR,KOTA KEDIRI,MOJOROTO,GAYAM,KEDIRI
11417218538,,ODP-KDI-FD/15,-7.78792,112.019995,,,7,1,0,0,8,REGIONAL 5,KEDIRI,KEDIRI,KDI,,,2024-03-21 17:11:51,2024-03-20,2024,3,NON TITO,,,JAWA TIMUR,0.125,GREEN,1419487463,AREA 3,JATIM,MADIUN,KEDIRI,,,0,0,0,JAWA TIMUR,KEDIRI,NGASEM,KWADUNGAN,KEDIRI
9768268711,,ODP-KDI-FBB/77,-7.82246,112.029868,,,5,3,0,0,8,REGIONAL 5,KEDIRI,KEDIRI,KDI,,,2024-03-16 23:28:00,2023-01-16,2023,1,NON TITO,,,JAWA TIMUR,0.375,GREEN,1262200949,AREA 3,JATIM,MADIUN,KEDIRI,,,0,0,0,JAWA TIMUR,KOTA KEDIRI,PESANTREN,BURENGAN,KEDIRI
9677218562,,ODP-MJT-FU/22,-7.850668,111.93365,,,6,2,0,0,8,REGIONAL 5,KEDIRI,KEDIRI,MJT,,,2024-03-16 23:25:53,2022-12-13,2022,12,NON TITO,,,JAWA TIMUR,0.25,GREEN,1252969305,AREA 3,JATIM,MADIUN,KEDIRI,,,0,0,0,JAWA TIMUR,KEDIRI,SEMEN,SELOPANGGUNG,KEDIRI
9675193531,,ODP-MJT-FAA/39,-7.762352,111.947185,,,6,2,0,0,8,REGIONAL 5,KEDIRI,KEDIRI,MJT,,,2024-03-16 23:27:23,2022-12-12,2022,12,NON TITO,,,JAWA TIMUR,0.25,GREEN,1252931569,AREA 3,JATIM,MADIUN,KEDIRI,,,0,0,0,JAWA TIMUR,KEDIRI,GROGOL,GROGOL,KEDIRI
9808769584,,ODP-GUR-FE/22,-7.801882,112.087245,,,7,1,0,0,8,REGIONAL 5,KEDIRI,KEDIRI,GUR,,,2024-03-16 23:24:52,2023-02-01,2023,2,NON TITO,,,JAWA TIMUR,0.125,GREEN,1265091058,AREA 3,JATIM,MADIUN,KEDIRI,,,0,0,0,JAWA TIMUR,KEDIRI,PAGU,WONOSARI,KEDIRI
11478718622,,ODP-MJT-FAG/23,-7.809634,111.989145,,,5,3,0,0,8,REGIONAL 5,KEDIRI,KEDIRI,MJT,,,2024-04-16 17:17:00,2024-04-16,2024,4,NON TITO,,,JAWA TIMUR,0.375,GREEN,1423314346,AREA 3,JATIM,MADIUN,KEDIRI,,,0,0,0,JAWA TIMUR,KOTA KEDIRI,MOJOROTO,SUKORAME,KEDIRI
9804194967,,ODP-PAE-FK/30,-7.825434,112.178486,,,7,1,0,0,8,REGIONAL 5,KEDIRI,KEDIRI,PAE,,,2024-03-16 23:28:12,2023-02-01,2023,2,NON TITO,,,JAWA TIMUR,0.125,GREEN,1265091206,AREA 3,JATIM,MADIUN,KEDIRI,,,0,0,0,JAWA TIMUR,KEDIRI,PARE,SIDOREJO,KEDIRI
9804195017,,ODP-MJT-FU/23,-7.835129,111.95358,,,6,2,0,0,8,REGIONAL 5,KEDIRI,KEDIRI,MJT,,,2024-03-16 23:26:59,2023-02-01,2023,2,NON TITO,,,JAWA TIMUR,0.25,GREEN,1265091720,AREA 3,JATIM,MADIUN,KEDIRI,,,0,0,0,JAWA TIMUR,KEDIRI,SEMEN,PUHSARANG,KEDIRI
11303219847,,ODP-WAT-FN/30,-7.91762,112.130739,,,5,3,0,0,8,REGIONAL 5,KEDIRI,KEDIRI,WAT,,,2024-03-16 23:29:03,2024-01-25,2024,1,NON TITO,,,JAWA TIMUR,0.375,GREEN,1406300298,AREA 3,JATIM,MADIUN,KEDIRI,,,0,0,0,JAWA TIMUR,KEDIRI,WATES,TAWANG,KEDIRI
9920294388,,ODP-MJT-FA/73,-7.742727,111.944509,,,7,1,0,0,8,REGIONAL 5,KEDIRI,KEDIRI,MJT,,,2024-03-16 23:28:56,2023-02-28,2023,2,NON TITO,,,JAWA TIMUR,0.125,GREEN,1271477524,AREA 3,JATIM,MADIUN,KEDIRI,,,0,0,0,JAWA TIMUR,KEDIRI,TAROKAN,BULUSARI,KEDIRI
9920294330,,ODP-KDI-FAD/38,-7.852859,112.048384,,,6,2,0,0,8,REGIONAL 5,KEDIRI,KEDIRI,KDI,,,2024-03-16 23:29:00,2023-02-28,2023,2,NON TITO,,,JAWA TIMUR,0.25,GREEN,1271476865,AREA 3,JATIM,MADIUN,KEDIRI,,,0,0,0,JAWA TIMUR,KOTA KEDIRI,PESANTREN,BETET,KEDIRI
11303219857,,ODP-WAT-FN/28,-7.919007,112.134666,,,6,2,0,0,8,REGIONAL 5,KEDIRI,KEDIRI,WAT,,,2024-03-16 23:28:05,2024-01-25,2024,1,NON TITO,,,JAWA TIMUR,0.25,GREEN,1406300305,AREA 3,JATIM,MADIUN,KEDIRI,,,0,0,0,JAWA TIMUR,KEDIRI,WATES,TAWANG,KEDIRI
11297370370,,ODP-GUR-FH/51,-7.760123,112.096066,,,7,1,0,0,8,REGIONAL 5,KEDIRI,KEDIRI,GUR,,,2024-03-16 23:24:10,2024-01-26,2024,1,NON TITO,,,JAWA TIMUR,0.125,GREEN,1406305961,AREA 3,JATIM,MADIUN,KEDIRI,,,0,0,0,JAWA TIMUR,KEDIRI,KAYEN KIDUL,SAMBIROBYONG,KEDIRI
9909418652,,ODP-GUR-FK/21,-7.799145,112.115772,,,6,2,0,0,8,REGIONAL 5,KEDIRI,KEDIRI,GUR,,,2024-03-16 23:28:10,2023-02-21,2023,2,NON TITO,,,JAWA TIMUR,0.25,GREEN,1268325047,AREA 3,JATIM,MADIUN,KEDIRI,,,0,0,0,JAWA TIMUR,KEDIRI,GURAH,TAMBAKREJO,KEDIRI
9855568680,,ODP-NDL-FF/53,-7.917255,111.974902,,,5,3,0,0,8,REGIONAL 5,KEDIRI,KEDIRI,NDL,,,2024-03-16 23:25:33,2023-02-07,2023,2,NON TITO,,,JAWA TIMUR,0.375,GREEN,1266533656,AREA 3,JATIM,MADIUN,KEDIRI,,,0,0,0,JAWA TIMUR,KEDIRI,NGADILUWIH,SEKETI,KEDIRI
9828344381,,ODP-KDI-FN/42,-7.773298,112.044718,,,5,3,0,0,8,REGIONAL 5,KEDIRI,KEDIRI,KDI,,,2024-03-16 23:23:20,2023-02-03,2023,2,NON TITO,,,JAWA TIMUR,0.375,GREEN,1266377141,AREA 3,JATIM,MADIUN,KEDIRI,,,0,0,0,JAWA TIMUR,KEDIRI,NGASEM,WONOCATUR,KEDIRI
9828568865,,ODP-PAE-FAG/29,-7.789731,112.169983,,,5,3,0,0,8,REGIONAL 5,KEDIRI,KEDIRI,PAE,,,2024-03-16 23:22:27,2023-02-03,2023,2,NON TITO,,,JAWA TIMUR,0.375,GREEN,1266375272,AREA 3,JATIM,MADIUN,KEDIRI,,,0,0,0,JAWA TIMUR,KEDIRI,PARE,SUMBERBENDO,KEDIRI
11333443884,,ODP-KDI-FAW/37,-7.868131,112.028965,,,7,1,0,0,8,REGIONAL 5,KEDIRI,KEDIRI,KDI,,,2024-03-16 23:28:40,2024-02-01,2024,2,NON TITO,,,JAWA TIMUR,0.125,GREEN,1406334383,AREA 3,JATIM,MADIUN,KEDIRI,,,0,0,0,JAWA TIMUR,KEDIRI,KANDAT,BLABAK,KEDIRI
9825495321,,ODP-WAT-FP/31,-7.926452,112.235645,,,7,1,0,0,8,REGIONAL 5,KEDIRI,KEDIRI,WAT,,,2024-03-16 23:23:34,2023-02-03,2023,2,NON TITO,,,JAWA TIMUR,0.125,GREEN,1266373948,AREA 3,JATIM,MADIUN,KEDIRI,,,0,0,0,JAWA TIMUR,KEDIRI,NGANCAR,SUGIHWARAS,KEDIRI
11332543819,,ODP-KDI-FAD/41,-7.841299,112.04675,,,5,3,0,0,8,REGIONAL 5,KEDIRI,KEDIRI,KDI,,,2024-03-16 23:24:21,2024-02-02,2024,2,NON TITO,,,JAWA TIMUR,0.375,GREEN,1406340555,AREA 3,JATIM,MADIUN,KEDIRI,,,0,0,0,JAWA TIMUR,KOTA KEDIRI,PESANTREN,BETET,KEDIRI
11334868579,,ODP-MJT-FA/82,-7.740893,111.955423,,,6,2,0,0,8,REGIONAL 5,KEDIRI,KEDIRI,MJT,,,2024-03-16 23:24:39,2024-02-02,2024,2,NON TITO,,,JAWA TIMUR,0.25,GREEN,1408686319,AREA 3,JATIM,MADIUN,KEDIRI,,,0,0,0,JAWA TIMUR,KEDIRI,TAROKAN,BULUSARI,KEDIRI
9825793556,,ODP-PPR-FG/43,-7.681619,112.164475,,,7,1,0,0,8,REGIONAL 5,KEDIRI,KEDIRI,PPR,,,2024-03-16 23:24:10,2023-02-02,2023,2,NON TITO,,,JAWA TIMUR,0.125,GREEN,1265772468,AREA 3,JATIM,MADIUN,KEDIRI,,,0,0,0,JAWA TIMUR,KEDIRI,PLEMAHAN,SUKOHARJO,KEDIRI
11372293591,,ODP-KDI-FBE/23,-7.833935,112.019137,,,5,2,1,0,8,REGIONAL 5,KEDIRI,KEDIRI,KDI,,,2024-03-16 23:22:57,2024-02-22,2024,2,NON TITO,,,JAWA TIMUR,0.25,GREEN,1409352760,AREA 3,JATIM,MADIUN,KEDIRI,,,0,0,0,JAWA TIMUR,KOTA KEDIRI,KOTA,KALIOMBO,KEDIRI
11384443629,,ODP-PAE-FS/36,-7.865397,112.194924,,,7,1,0,0,8,REGIONAL 5,KEDIRI,KEDIRI,PAE,,,2024-03-16 23:21:50,2024-03-01,2024,3,NON TITO,,,JAWA TIMUR,0.125,GREEN,1414044890,AREA 3,JATIM,MADIUN,KEDIRI,,,0,0,0,JAWA TIMUR,KEDIRI,PLOSOKLATEN,WONOREJO TRISULO,KEDIRI
11463947805,,ODP-MJT-FA/85,-7.690276,111.967276,,,3,3,2,0,8,REGIONAL 5,KEDIRI,KEDIRI,MJT,,,2024-04-20 17:15:07,2024-04-19,2024,4,NON TITO,,,JAWA TIMUR,0.375,GREEN,1422377705,AREA 3,JATIM,MADIUN,KEDIRI,,,0,0,0,JAWA TIMUR,KEDIRI,TAROKAN,JATI,KEDIRI
11463948536,,ODP-WAT-FC/33,-7.908657,112.097203,,,6,2,0,0,8,REGIONAL 5,KEDIRI,KEDIRI,WAT,,,2024-04-22 17:16:16,2024-04-22,2024,4,NON TITO,,,JAWA TIMUR,0.25,GREEN,1422386935,AREA 3,JATIM,MADIUN,KEDIRI,,,0,0,0,JAWA TIMUR,KEDIRI,WATES,WONOREJO,KEDIRI
9579194797,,ODP-PPR-FH/20,-7.691746,112.141565,,,7,1,0,0,8,REGIONAL 5,KEDIRI,KEDIRI,PPR,,,2024-03-16 23:24:37,2022-11-25,2022,11,NON TITO,,,JAWA TIMUR,0.125,GREEN,1251404269,AREA 3,JATIM,MADIUN,KEDIRI,,,0,0,0,JAWA TIMUR,KEDIRI,PLEMAHAN,NGINO,KEDIRI
11534743634,,ODP-PPR-FG/54,-7.664965,112.181307,,,6,2,0,0,8,REGIONAL 5,KEDIRI,KEDIRI,PPR,,,2024-05-20 17:28:24,2024-05-20,2024,5,NON TITO,,,JAWA TIMUR,0.25,GREEN,1430981473,AREA 3,JATIM,MADIUN,KEDIRI,,,0,0,0,JAWA TIMUR,KEDIRI,KUNJANG,KAPI,KEDIRI
11535943874,,ODP-PAE-FJ/41,-7.752604,112.198724,,,7,1,0,0,8,REGIONAL 5,KEDIRI,KEDIRI,PAE,,,2024-05-22 17:25:05,2024-05-22,2024,5,NON TITO,,,JAWA TIMUR,0.125,GREEN,1431936615,AREA 3,JATIM,MADIUN,KEDIRI,,,0,0,0,JAWA TIMUR,KEDIRI,PARE,TULUNGREJO,KEDIRI
9469394799,,ODP-WAT-FK/11,-7.878498,112.070673,,,7,1,0,0,8,REGIONAL 5,KEDIRI,KEDIRI,WAT,,,2024-03-16 23:26:20,2022-10-28,2022,10,NON TITO,,,JAWA TIMUR,0.125,GREEN,1246087730,AREA 3,JATIM,MADIUN,KEDIRI,,,0,0,0,JAWA TIMUR,KEDIRI,WATES,PAGU,KEDIRI
11533471778,,ODP-SBI-FC/35,-7.951996,111.994431,,,5,3,0,0,8,REGIONAL 5,KEDIRI,KEDIRI,SBI,,,2024-05-29 01:57:41,2024-05-27,2024,5,NON TITO,,,JAWA TIMUR,0.375,GREEN,1435236697,AREA 3,JATIM,MADIUN,KEDIRI,,,0,0,0,JAWA TIMUR,KEDIRI,KRAS,KANIGORO,KEDIRI
9450494108,,ODP-PAE-FZ/26,-7.699285,112.212405,,,7,1,0,0,8,REGIONAL 5,KEDIRI,KEDIRI,PAE,,,2024-03-16 23:24:52,2022-10-25,2022,10,NON TITO,,,JAWA TIMUR,0.125,GREEN,1246063230,AREA 3,JATIM,MADIUN,KEDIRI,,,0,0,0,JAWA TIMUR,KEDIRI,BADAS,BLARU,KEDIRI
11533396729,,ODP-PAE-FS/38,-7.823175,112.184491,,,7,1,0,0,8,REGIONAL 5,KEDIRI,KEDIRI,PAE,,,2024-05-29 01:56:32,2024-05-27,2024,5,NON TITO,,,JAWA TIMUR,0.125,GREEN,1435237231,AREA 3,JATIM,MADIUN,KEDIRI,,,0,0,0,JAWA TIMUR,KEDIRI,PUNCU,SIDOMULYO,KEDIRI
9447043791,,ODP-WAT-FN/27,-7.905478,112.123785,,,5,3,0,0,8,REGIONAL 5,KEDIRI,KEDIRI,WAT,,,2024-03-16 23:22:27,2022-10-24,2022,10,NON TITO,,,JAWA TIMUR,0.375,GREEN,1246057336,AREA 3,JATIM,MADIUN,KEDIRI,,,0,0,0,JAWA TIMUR,KEDIRI,WATES,JAJAR,KEDIRI
9450569731,,ODP-WAT-FL/38,-7.891049,112.100682,,,6,2,0,0,8,REGIONAL 5,KEDIRI,KEDIRI,WAT,,,2024-03-16 23:27:10,2022-10-24,2022,10,NON TITO,,,JAWA TIMUR,0.25,GREEN,1246054872,AREA 3,JATIM,MADIUN,KEDIRI,,,0,0,0,JAWA TIMUR,KEDIRI,WATES,WONOREJO,KEDIRI
9451618583,,ODP-KDI-FAB/49,-7.774171,112.022379,,,10,6,0,0,16,REGIONAL 5,KEDIRI,KEDIRI,KDI,,,2024-03-16 23:26:54,2022-10-24,2022,10,NON TITO,,,JAWA TIMUR,0.375,GREEN,1246054657,AREA 3,JATIM,MADIUN,KEDIRI,,,0,0,0,JAWA TIMUR,KEDIRI,GAMPENGREJO,PUTIH,KEDIRI
9427545942,,ODP-KDI-FAE/72,-7.846471,112.03181,,,7,1,0,0,8,REGIONAL 5,KEDIRI,KEDIRI,KDI,,,2024-03-16 23:27:18,2022-10-20,2022,10,NON TITO,,,JAWA TIMUR,0.125,GREEN,1241700399,AREA 3,JATIM,MADIUN,KEDIRI,,,0,0,0,JAWA TIMUR,KOTA KEDIRI,KOTA KEDIRI,NGRONGGO,KEDIRI
9436544145,,ODP-PAE-FAC/17,-7.781284,112.128015,,,11,5,0,0,16,REGIONAL 5,KEDIRI,KEDIRI,PAE,,,2024-03-16 23:25:10,2022-10-18,2022,10,NON TITO,,,JAWA TIMUR,0.3125,GREEN,1241349469,AREA 3,JATIM,MADIUN,KEDIRI,,,0,0,0,JAWA TIMUR,KEDIRI,PARE,SAMBIREJO,KEDIRI
9432119627,,ODP-GUR-FC/27,-7.812363,112.096886,,,5,3,0,0,8,REGIONAL 5,KEDIRI,KEDIRI,GUR,,,2024-03-16 23:24:25,2022-10-18,2022,10,NON TITO,,,JAWA TIMUR,0.375,GREEN,1241347639,AREA 3,JATIM,MADIUN,KEDIRI,,,0,0,0,JAWA TIMUR,KEDIRI,GURAH,SUMBERCANGKRING,KEDIRI
9411418582,,ODP-GUR-FH/48,-7.754992,112.079708,,,5,3,0,0,8,REGIONAL 5,KEDIRI,KEDIRI,GUR,,,2024-03-16 23:23:52,2022-10-13,2022,10,NON TITO,,,JAWA TIMUR,0.375,GREEN,1238472827,AREA 3,JATIM,MADIUN,KEDIRI,,,0,0,0,JAWA TIMUR,KEDIRI,PAGU,JAGUNG,KEDIRI
9410443844,,ODP-KDI-FBF/53,-7.78621,112.052398,,,6,2,0,0,8,REGIONAL 5,KEDIRI,KEDIRI,KDI,,,2024-03-16 23:25:54,2022-10-13,2022,10,NON TITO,,,JAWA TIMUR,0.25,GREEN,1238321464,AREA 3,JATIM,MADIUN,KEDIRI,,,0,0,0,JAWA TIMUR,KEDIRI,NGASEM,TOYORESMI,KEDIRI
9394393835,,ODP-KDI-FBA/46,-7.831912,112.045916,,,6,2,0,0,8,REGIONAL 5,KEDIRI,KEDIRI,KDI,,,2024-03-16 23:25:00,2022-10-12,2022,10,NON TITO,,,JAWA TIMUR,0.25,GREEN,1234121815,AREA 3,JATIM,MADIUN,KEDIRI,,,0,0,0,JAWA TIMUR,KOTA KEDIRI,PESANTREN,BANGSAL,KEDIRI
11524694725,,ODP-PAE-FG/29,-7.742479,112.189794,,,7,1,0,0,8,REGIONAL 5,KEDIRI,KEDIRI,PAE,,,2024-05-17 17:25:18,2024-05-16,2024,5,NON TITO,,,JAWA TIMUR,0.125,GREEN,1430743260,AREA 3,JATIM,MADIUN,KEDIRI,,,0,0,0,JAWA TIMUR,KEDIRI,BADAS,BRINGIN,KEDIRI
9493693567,,ODP-PPR-FE/79,-7.741629,112.075423,,,5,3,0,0,8,REGIONAL 5,KEDIRI,KEDIRI,PPR,,,2024-03-16 23:25:47,2022-10-31,2022,10,NON TITO,,,JAWA TIMUR,0.375,GREEN,1248001903,AREA 3,JATIM,MADIUN,KEDIRI,,,0,0,0,JAWA TIMUR,KEDIRI,KAYEN KIDUL,SENDEN,KEDIRI
9472544688,,ODP-NDL-FP/32,-7.912966,111.948955,,,5,3,0,0,8,REGIONAL 5,KEDIRI,KEDIRI,NDL,,,2024-03-16 23:27:23,2022-11-01,2022,11,NON TITO,,,JAWA TIMUR,0.375,GREEN,1248005411,AREA 3,JATIM,MADIUN,KEDIRI,,,0,0,0,JAWA TIMUR,KEDIRI,MOJO,KRATON,KEDIRI
11499194551,,ODP-SBI-FH/09,-7.962016,112.026825,,,5,3,0,0,8,REGIONAL 5,KEDIRI,KEDIRI,SBI,,,2024-05-08 06:41:44,2024-05-07,2024,5,NON TITO,,,JAWA TIMUR,0.375,GREEN,1426705658,AREA 3,JATIM,MADIUN,KEDIRI,,,0,0,0,JAWA TIMUR,KEDIRI,KANDAT,SUMBERJO,KEDIRI
9519043973,,ODP-SBI-FE/45,-7.984381,112.087215,,,6,2,0,0,8,REGIONAL 5,KEDIRI,KEDIRI,SBI,,,2024-03-16 23:26:51,2022-11-18,2022,11,NON TITO,,,JAWA TIMUR,0.25,GREEN,1251146152,AREA 3,JATIM,MADIUN,KEDIRI,,,0,0,0,JAWA TIMUR,KEDIRI,RINGINREJO,DEYENG,KEDIRI
9513951333,,ODP-MJT-FAA/32,-7.779796,111.968636,,,6,2,0,0,8,REGIONAL 5,KEDIRI,KEDIRI,MJT,,,2024-03-16 23:22:06,2022-11-16,2022,11,NON TITO,,,JAWA TIMUR,0.25,GREEN,1250775058,AREA 3,JATIM,MADIUN,KEDIRI,,,0,0,0,JAWA TIMUR,KEDIRI,BANYAKAN,MARON,KEDIRI
11464769000,,ODP-MJT-FD/39,-7.75319,111.956192,,,6,2,0,0,8,REGIONAL 5,KEDIRI,KEDIRI,MJT,,,2024-04-23 17:30:37,2024-04-22,2024,4,NON TITO,,,JAWA TIMUR,0.25,GREEN,1422389386,AREA 3,JATIM,MADIUN,KEDIRI,,,0,0,0,JAWA TIMUR,KEDIRI,GROGOL,GROGOL,KEDIRI
9513951253,,ODP-NDL-FP/27,-7.954194,111.901755,,,5,3,0,0,8,REGIONAL 5,KEDIRI,KEDIRI,NDL,,,2024-03-16 23:22:58,2022-11-16,2022,11,NON TITO,,,JAWA TIMUR,0.375,GREEN,1250774729,AREA 3,JATIM,MADIUN,KEDIRI,,,0,0,0,JAWA TIMUR,KEDIRI,MOJO,NGETREP,KEDIRI
9520694679,,ODP-SBI-FD/38,-7.982255,111.984465,,,5,3,0,0,8,REGIONAL 5,KEDIRI,KEDIRI,SBI,,,2024-03-16 23:21:38,2022-11-14,2022,11,NON TITO,,,JAWA TIMUR,0.375,GREEN,1250472361,AREA 3,JATIM,MADIUN,KEDIRI,,,0,0,0,JAWA TIMUR,KEDIRI,KRAS,MOJOSARI,KEDIRI
11499568551,,ODP-WAT-FL/40,-7.886735,112.079048,,,7,1,0,0,8,REGIONAL 5,KEDIRI,KEDIRI,WAT,,,2024-04-23 17:37:56,2024-04-23,2024,4,NON TITO,,,JAWA TIMUR,0.125,GREEN,1422392006,AREA 3,JATIM,MADIUN,KEDIRI,,,0,0,0,JAWA TIMUR,KEDIRI,WATES,PAGU,KEDIRI
11494021619,,ODP-NDL-FL/37,-7.906035,112.001193,,,5,3,0,0,8,REGIONAL 5,KEDIRI,KEDIRI,NDL,,,2024-05-03 23:12:53,2024-05-02,2024,5,NON TITO,,,JAWA TIMUR,0.375,GREEN,1426536353,AREA 3,JATIM,MADIUN,KEDIRI,,,0,0,0,JAWA TIMUR,KEDIRI,NGADILUWIH,PURWOKERTO,KEDIRI
9981418804,,ODP-MJT-FA/74,-7.744012,111.94742,,,7,1,0,0,8,REGIONAL 5,KEDIRI,KEDIRI,MJT,,,2024-03-16 23:24:45,2023-03-14,2023,3,NON TITO,,,JAWA TIMUR,0.125,GREEN,1277860737,AREA 3,JATIM,MADIUN,KEDIRI,,,0,0,0,JAWA TIMUR,KEDIRI,TAROKAN,BULUSARI,KEDIRI
9515219243,,ODP-KDI-FT/23,-7.830424,112.090801,,,5,3,0,0,8,REGIONAL 5,KEDIRI,KEDIRI,KDI,,,2024-03-16 23:28:25,2022-11-14,2022,11,NON TITO,,,JAWA TIMUR,0.375,GREEN,1250470949,AREA 3,JATIM,MADIUN,KEDIRI,,,0,0,0,JAWA TIMUR,KEDIRI,GURAH,KRANGGAN,KEDIRI
9514695649,,ODP-PPR-FG/41,-7.649039,112.178892,,,5,3,0,0,8,REGIONAL 5,KEDIRI,KEDIRI,PPR,,,2024-03-16 23:28:35,2022-11-11,2022,11,NON TITO,,,JAWA TIMUR,0.375,GREEN,1249443585,AREA 3,JATIM,MADIUN,KEDIRI,,,0,0,0,JAWA TIMUR,KEDIRI,KUNJANG,TENGGERLOR,KEDIRI
9514695644,,ODP-PPR-FG/38,-7.648187,112.179178,,,7,1,0,0,8,REGIONAL 5,KEDIRI,KEDIRI,PPR,,,2024-03-16 23:28:52,2022-11-11,2022,11,NON TITO,,,JAWA TIMUR,0.125,GREEN,1249443579,AREA 3,JATIM,MADIUN,KEDIRI,,,0,0,0,JAWA TIMUR,KEDIRI,KUNJANG,TENGGERLOR,KEDIRI
9514695639,,ODP-PPR-FG/40,-7.651997,112.18289,,,4,3,0,0,8,REGIONAL 5,KEDIRI,KEDIRI,PPR,,,2024-03-16 23:28:52,2022-11-11,2022,11,NON TITO,,,JAWA TIMUR,0.375,GREEN,1249443572,AREA 3,JATIM,MADIUN,KEDIRI,,,0,0,0,JAWA TIMUR,KEDIRI,KUNJANG,JUWET,KEDIRI
9514843957,,ODP-KDI-FAM/10,-7.796427,112.027758,,,6,2,0,0,8,REGIONAL 5,KEDIRI,KEDIRI,KDI,,,2024-03-16 23:24:49,2022-11-08,2022,11,NON TITO,,,JAWA TIMUR,0.25,GREEN,1249423301,AREA 3,JATIM,MADIUN,KEDIRI,,,0,0,0,JAWA TIMUR,KEDIRI,NGASEM,KARANGREJO,KEDIRI
9469319689,,ODP-KDI-FAH/54,-7.828178,112.011746,,,10,6,0,0,16,REGIONAL 5,KEDIRI,KEDIRI,KDI,,,2024-03-16 23:23:51,2022-11-01,2022,11,NON TITO,,,JAWA TIMUR,0.375,GREEN,1248299701,AREA 3,JATIM,MADIUN,KEDIRI,,,0,0,0,JAWA TIMUR,KOTA KEDIRI,KOTA,KAMPUNG DALEM,KEDIRI
9469319684,,ODP-KDI-FAH/55,-7.828086,112.011396,,,5,3,0,0,8,REGIONAL 5,KEDIRI,KEDIRI,KDI,,,2024-03-16 23:24:11,2022-11-01,2022,11,NON TITO,,,JAWA TIMUR,0.375,GREEN,1248299695,AREA 3,JATIM,MADIUN,KEDIRI,,,0,0,0,JAWA TIMUR,KOTA KEDIRI,KOTA,KAMPUNG DALEM,KEDIRI
9469319667,,ODP-KDI-FAH/57,-7.826242,112.011619,,,11,5,0,0,16,REGIONAL 5,KEDIRI,KEDIRI,KDI,,,2024-03-16 23:24:04,2022-11-01,2022,11,NON TITO,,,JAWA TIMUR,0.3125,GREEN,1248299678,AREA 3,JATIM,MADIUN,KEDIRI,,,0,0,0,JAWA TIMUR,KOTA KEDIRI,KOTA,KAMPUNG DALEM,KEDIRI
9538544106,,ODP-MJT-FC/54,-7.741804,111.986886,,,7,1,0,0,8,REGIONAL 5,KEDIRI,KEDIRI,MJT,,,2024-03-16 23:22:27,2022-11-11,2022,11,NON TITO,,,JAWA TIMUR,0.125,GREEN,1249444979,AREA 3,JATIM,MADIUN,KEDIRI,,,0,0,0,JAWA TIMUR,KEDIRI,GROGOL,DATENGAN,KEDIRI
10092793563,,ODP-MJT-FB/109,-7.739395,111.96605,,,5,3,0,0,8,REGIONAL 5,KEDIRI,KEDIRI,MJT,,,2024-03-16 23:23:47,2023-04-05,2023,4,NON TITO,,,JAWA TIMUR,0.375,GREEN,1281259127,AREA 3,JATIM,MADIUN,KEDIRI,,,0,0,0,JAWA TIMUR,KEDIRI,GROGOL,CERME,KEDIRI
10073519037,,ODP-MJT-FAQ/06,-7.811088,112.000255,,,5,3,0,0,8,REGIONAL 5,KEDIRI,KEDIRI,MJT,,,2024-03-16 23:26:53,2023-04-11,2023,4,NON TITO,,,JAWA TIMUR,0.375,GREEN,1281946087,AREA 3,JATIM,MADIUN,KEDIRI,,,0,0,0,JAWA TIMUR,KOTA KEDIRI,MOJOROTO,MOJOROTO,KEDIRI
11316868662,,ODP-PPR-FF/53,-7.709336,112.074102,,,7,1,0,0,8,REGIONAL 5,KEDIRI,KEDIRI,PPR,,,2024-03-16 23:27:23,2024-01-25,2024,1,NON TITO,,,JAWA TIMUR,0.125,GREEN,1406299839,AREA 3,JATIM,MADIUN,KEDIRI,,,0,0,0,JAWA TIMUR,KEDIRI,PAPAR,JANTI,KEDIRI
10638343832,,ODP-KDI-FBE/20,-7.829018,112.026777,,,5,3,0,0,8,REGIONAL 5,KEDIRI,KEDIRI,KDI,,,2024-03-16 23:26:55,2023-09-15,2023,9,NON TITO,,,JAWA TIMUR,0.375,GREEN,1320808313,AREA 3,JATIM,MADIUN,KEDIRI,,,0,0,0,JAWA TIMUR,KOTA KEDIRI,PESANTREN,BURENGAN,KEDIRI
11146843556,,ODP-KDI-FBF/60,-7.7879950000000004,112.044492,,,5,3,0,0,8,REGIONAL 5,KEDIRI,KEDIRI,KDI,,,2024-03-16 23:29:00,2023-12-13,2023,12,NON TITO,,,JAWA TIMUR,0.375,GREEN,1367645794,AREA 3,JATIM,MADIUN,KEDIRI,,,0,0,0,JAWA TIMUR,KEDIRI,NGASEM,NAMBAAN,KEDIRI
10635793685,,ODP-GUR-FA/17,-7.808765,112.08746,,,5,3,0,0,8,REGIONAL 5,KEDIRI,KEDIRI,GUR,,,2024-03-16 23:28:41,2023-09-15,2023,9,NON TITO,,,JAWA TIMUR,0.375,GREEN,1320806654,AREA 3,JATIM,MADIUN,KEDIRI,,,0,0,0,JAWA TIMUR,KEDIRI,GURAH,GURAH,KEDIRI
10606918886,,ODP-MJT-FA/76,-7.722147,111.95296,,,6,2,0,0,8,REGIONAL 5,KEDIRI,KEDIRI,MJT,,,2024-03-16 23:22:40,2023-09-12,2023,9,NON TITO,,,JAWA TIMUR,0.25,GREEN,1319754365,AREA 3,JATIM,MADIUN,KEDIRI,,,0,0,0,JAWA TIMUR,KEDIRI,TAROKAN,KALIBOTO,KEDIRI
11123218548,,ODP-MJT-FAA/51,-7.76445,111.925234,,,6,2,0,0,8,REGIONAL 5,KEDIRI,KEDIRI,MJT,,,2024-03-16 23:25:52,2023-12-05,2023,12,NON TITO,,,JAWA TIMUR,0.25,GREEN,1385586395,AREA 3,JATIM,MADIUN,KEDIRI,,,0,0,0,JAWA TIMUR,KEDIRI,GROGOL,KALIPANG,KEDIRI
10564694109,,ODP-KDI-FBD/31,-7.836721,112.020032,,,7,1,0,0,8,REGIONAL 5,KEDIRI,KEDIRI,KDI,,,2024-03-16 23:28:32,2023-09-01,2023,9,NON TITO,,,JAWA TIMUR,0.125,GREEN,1313086987,AREA 3,JATIM,MADIUN,KEDIRI,,,0,0,0,JAWA TIMUR,KOTA KEDIRI,KOTA,KALIOMBO,KEDIRI
10563569021,,ODP-KDI-FX/101,-7.849578,112.011468,,,6,2,0,0,8,REGIONAL 5,KEDIRI,KEDIRI,KDI,,,2024-03-16 23:25:39,2023-08-31,2023,8,NON TITO,,,JAWA TIMUR,0.25,GREEN,1313079516,AREA 3,JATIM,MADIUN,KEDIRI,,,0,0,0,JAWA TIMUR,KOTA KEDIRI,KOTA KEDIRI,MANISRENGGO,KEDIRI
10563569016,,ODP-KDI-FX/102,-7.850051,112.011623,,,5,3,0,0,8,REGIONAL 5,KEDIRI,KEDIRI,KDI,,,2024-03-16 23:25:48,2023-08-31,2023,8,NON TITO,,,JAWA TIMUR,0.375,GREEN,1313079513,AREA 3,JATIM,MADIUN,KEDIRI,,,0,0,0,JAWA TIMUR,KOTA KEDIRI,KOTA KEDIRI,MANISRENGGO,KEDIRI
10555993974,,ODP-MJT-FB/114,-7.743398,111.967664,,,6,2,0,0,8,REGIONAL 5,KEDIRI,KEDIRI,MJT,,,2024-03-16 23:23:29,2023-08-28,2023,8,NON TITO,,,JAWA TIMUR,0.25,GREEN,1312698528,AREA 3,JATIM,MADIUN,KEDIRI,,,0,0,0,JAWA TIMUR,KEDIRI,GROGOL,CERME,KEDIRI
10531771682,,ODP-KDI-FBD/29,-7.840309,112.024754,,,6,2,0,0,8,REGIONAL 5,KEDIRI,KEDIRI,KDI,,,2024-03-16 23:26:17,2023-08-25,2023,8,NON TITO,,,JAWA TIMUR,0.25,GREEN,1312548140,AREA 3,JATIM,MADIUN,KEDIRI,,,0,0,0,JAWA TIMUR,KOTA KEDIRI,KOTA,NGRONGGO,KEDIRI
11222218528,,ODP-KDI-FN/48,-7.779923,112.026668,,,7,1,0,0,8,REGIONAL 5,KEDIRI,KEDIRI,KDI,,,2024-03-16 23:25:45,2023-12-22,2023,12,NON TITO,,,JAWA TIMUR,0.125,GREEN,1388961699,AREA 3,JATIM,MADIUN,KEDIRI,,,0,0,0,JAWA TIMUR,KEDIRI,GAMPENGREJO,SAMBIREJO,KEDIRI
10555768545,,ODP-WAT-FE/20,-7.95711,112.132366,,,5,3,0,0,8,REGIONAL 5,KEDIRI,KEDIRI,WAT,,,2024-03-16 23:24:22,2023-08-24,2023,8,NON TITO,,,JAWA TIMUR,0.375,GREEN,1312403592,AREA 3,JATIM,MADIUN,KEDIRI,,,0,0,0,JAWA TIMUR,KEDIRI,NGANCAR,KUNJANG,KEDIRI
10555768536,,ODP-GUR-FK/23,-7.800328,112.115167,,,5,3,0,0,8,REGIONAL 5,KEDIRI,KEDIRI,GUR,,,2024-03-16 23:24:12,2023-08-24,2023,8,NON TITO,,,JAWA TIMUR,0.375,GREEN,1312402174,AREA 3,JATIM,MADIUN,KEDIRI,,,0,0,0,JAWA TIMUR,KEDIRI,GURAH,TAMBAKREJO,KEDIRI
10530570744,,ODP-PPR-FE/81,-7.731201,112.050524,,,6,2,0,0,8,REGIONAL 5,KEDIRI,KEDIRI,PPR,,,2024-03-16 23:28:38,2023-08-23,2023,8,NON TITO,,,JAWA TIMUR,0.25,GREEN,1312327473,AREA 3,JATIM,MADIUN,KEDIRI,,,0,0,0,JAWA TIMUR,KEDIRI,PAPAR,PURWOTENGAH,KEDIRI
11222218538,,ODP-KDI-FN/47,-7.780996,112.026261,,,5,3,0,0,8,REGIONAL 5,KEDIRI,KEDIRI,KDI,,,2024-03-16 23:26:16,2023-12-22,2023,12,NON TITO,,,JAWA TIMUR,0.375,GREEN,1388961706,AREA 3,JATIM,MADIUN,KEDIRI,,,0,0,0,JAWA TIMUR,KEDIRI,GAMPENGREJO,SAMBIREJO,KEDIRI
11103193619,,ODP-PAE-FE/36,-7.751689,112.156689,,,5,3,0,0,8,REGIONAL 5,KEDIRI,KEDIRI,PAE,,,2024-03-16 23:22:29,2023-12-07,2023,12,NON TITO,,,JAWA TIMUR,0.375,GREEN,1367615936,AREA 3,JATIM,MADIUN,KEDIRI,,,0,0,0,JAWA TIMUR,KEDIRI,PLEMAHAN,LANGENHARJO,KEDIRI
10653343828,,ODP-MJT-FAN/34,-7.823689,112.007034,,,5,3,0,0,8,REGIONAL 5,KEDIRI,KEDIRI,MJT,,,2024-03-16 23:28:13,2023-09-17,2023,9,NON TITO,,,JAWA TIMUR,0.375,GREEN,1322080385,AREA 3,JATIM,MADIUN,KEDIRI,,,0,0,0,JAWA TIMUR,KOTA KEDIRI,MOJOROTO,BANDAR LOR,KEDIRI
10635494157,,ODP-SBI-FL/35,-7.950188,112.030634,,,5,3,0,0,8,REGIONAL 5,KEDIRI,KEDIRI,SBI,,,2024-03-16 23:27:09,2023-09-17,2023,9,NON TITO,,,JAWA TIMUR,0.375,GREEN,1322155471,AREA 3,JATIM,MADIUN,KEDIRI,,,0,0,0,JAWA TIMUR,KEDIRI,KANDAT,SUMBERJO,KEDIRI
10638343915,,ODP-MJT-FA/77,-7.740728,111.946431,,,6,2,0,0,8,REGIONAL 5,KEDIRI,KEDIRI,MJT,,,2024-03-16 23:27:56,2023-09-17,2023,9,NON TITO,,,JAWA TIMUR,0.25,GREEN,1322156273,AREA 3,JATIM,MADIUN,KEDIRI,,,0,0,0,JAWA TIMUR,KEDIRI,TAROKAN,BULUSARI,KEDIRI
10948093925,,ODP-WAT-FX/38,-7.844714,112.117644,,,7,1,0,0,8,REGIONAL 5,KEDIRI,KEDIRI,WAT,,,2024-03-16 23:21:44,2023-11-21,2023,11,NON TITO,,,JAWA TIMUR,0.125,GREEN,1336395113,AREA 3,JATIM,MADIUN,KEDIRI,,,0,0,0,JAWA TIMUR,KEDIRI,PLOSOKLATEN,BRENGGOLO,KEDIRI
10775968615,,ODP-GUR-FF/32,-7.834933,112.120179,,,4,3,0,0,8,REGIONAL 5,KEDIRI,KEDIRI,GUR,,,2024-03-16 23:23:25,2023-10-18,2023,10,NON TITO,,,JAWA TIMUR,0.375,GREEN,1329295602,AREA 3,JATIM,MADIUN,KEDIRI,,,0,0,0,JAWA TIMUR,KEDIRI,PLOSOKLATEN,KAWEDUSAN,KEDIRI
10761493597,,ODP-PAE-FAG/31,-7.781887,112.157764,,,6,2,0,0,8,REGIONAL 5,KEDIRI,KEDIRI,PAE,,,2024-03-16 23:23:20,2023-10-16,2023,10,NON TITO,,,JAWA TIMUR,0.25,GREEN,1329139694,AREA 3,JATIM,MADIUN,KEDIRI,,,0,0,0,JAWA TIMUR,KEDIRI,PARE,DARUNGAN,KEDIRI
10748743528,,ODP-KDI-FD/14,-7.790605,112.030341,,,5,3,0,0,8,REGIONAL 5,KEDIRI,KEDIRI,KDI,,,2024-03-16 23:28:13,2023-10-11,2023,10,NON TITO,,,JAWA TIMUR,0.375,GREEN,1325615670,AREA 3,JATIM,MADIUN,KEDIRI,,,0,0,0,JAWA TIMUR,KEDIRI,NGASEM,KWADUNGAN,KEDIRI
10748218566,,ODP-SBI-FL/36,-7.941189,112.030935,,,6,2,0,0,8,REGIONAL 5,KEDIRI,KEDIRI,SBI,,,2024-03-16 23:27:39,2023-10-11,2023,10,NON TITO,,,JAWA TIMUR,0.25,GREEN,1325614515,AREA 3,JATIM,MADIUN,KEDIRI,,,0,0,0,JAWA TIMUR,KEDIRI,KANDAT,SUMBERJO,KEDIRI
11121793579,,ODP-PAE-FE/37,-7.749401,112.147575,,,6,2,0,0,8,REGIONAL 5,KEDIRI,KEDIRI,PAE,,,2024-03-16 23:21:08,2023-12-05,2023,12,NON TITO,,,JAWA TIMUR,0.25,GREEN,1367603447,AREA 3,JATIM,MADIUN,KEDIRI,,,0,0,0,JAWA TIMUR,KEDIRI,KAYEN KIDUL,JAMBU,KEDIRI
10696843661,,ODP-NDL-FH/55,-7.915696,111.994174,,,7,1,0,0,8,REGIONAL 5,KEDIRI,KEDIRI,NDL,,,2024-03-16 23:21:20,2023-10-02,2023,10,NON TITO,,,JAWA TIMUR,0.125,GREEN,1324344669,AREA 3,JATIM,MADIUN,KEDIRI,,,0,0,0,JAWA TIMUR,KEDIRI,NGADILUWIH,BRANGGAHAN,KEDIRI
11222218543,,ODP-KDI-FN/49,-7.778959,112.027305,,,7,1,0,0,8,REGIONAL 5,KEDIRI,KEDIRI,KDI,,,2024-03-16 23:26:17,2023-12-22,2023,12,NON TITO,,,JAWA TIMUR,0.125,GREEN,1388961709,AREA 3,JATIM,MADIUN,KEDIRI,,,0,0,0,JAWA TIMUR,KEDIRI,GAMPENGREJO,SAMBIREJO,KEDIRI
10675993700,,ODP-NDL-FP/40,-7.933881,111.941051,,,5,3,0,0,8,REGIONAL 5,KEDIRI,KEDIRI,NDL,,,2024-03-16 23:24:46,2023-09-25,2023,9,NON TITO,,,JAWA TIMUR,0.375,GREEN,1324188404,AREA 3,JATIM,MADIUN,KEDIRI,,,0,0,0,JAWA TIMUR,KEDIRI,MOJO,MAESAN,KEDIRI
11124718622,,ODP-PAE-FAB/28,-7.809825,112.283782,,,5,3,0,0,8,REGIONAL 5,KEDIRI,KEDIRI,PAE,,,2024-03-16 23:23:52,2023-12-06,2023,12,NON TITO,,,JAWA TIMUR,0.375,GREEN,1367612659,AREA 3,JATIM,MADIUN,KEDIRI,,,0,0,0,JAWA TIMUR,KEDIRI,KEPUNG,KEPUNG,KEDIRI
10662494467,,ODP-KDI-FAY/45,-7.843352,112.01899,,,5,3,0,0,8,REGIONAL 5,KEDIRI,KEDIRI,KDI,,,2024-03-16 23:23:44,2023-09-22,2023,9,NON TITO,,,JAWA TIMUR,0.375,GREEN,1322843549,AREA 3,JATIM,MADIUN,KEDIRI,,,0,0,0,JAWA TIMUR,KOTA KEDIRI,KOTA KEDIRI,NGRONGGO,KEDIRI
10638793998,,ODP-MJT-FC/55,-7.7511,111.969461,,,5,3,0,0,8,REGIONAL 5,KEDIRI,KEDIRI,MJT,,,2024-03-16 23:25:47,2023-09-19,2023,9,NON TITO,,,JAWA TIMUR,0.375,GREEN,1322459988,AREA 3,JATIM,MADIUN,KEDIRI,,,0,0,0,JAWA TIMUR,KEDIRI,GROGOL,WONOASRI,KEDIRI
10638718793,,ODP-MJT-FH/63,-7.838468,111.98433,,,7,1,0,0,8,REGIONAL 5,KEDIRI,KEDIRI,MJT,,,2024-03-16 23:23:37,2023-09-19,2023,9,NON TITO,,,JAWA TIMUR,0.125,GREEN,1322457356,AREA 3,JATIM,MADIUN,KEDIRI,,,0,0,0,JAWA TIMUR,KEDIRI,SEMEN,BOBANG,KEDIRI
10638718788,,ODP-MJT-FH/64,-7.839803,111.985558,,,6,2,0,0,8,REGIONAL 5,KEDIRI,KEDIRI,MJT,,,2024-03-16 23:23:21,2023-09-19,2023,9,NON TITO,,,JAWA TIMUR,0.25,GREEN,1322457353,AREA 3,JATIM,MADIUN,KEDIRI,,,0,0,0,JAWA TIMUR,KEDIRI,SEMEN,SIDOMULYO,KEDIRI
10648918755,,ODP-KDI-FAB/50,-7.773301,112.02905,,,7,1,0,0,8,REGIONAL 5,KEDIRI,KEDIRI,KDI,,,2024-03-16 23:26:29,2023-09-18,2023,9,NON TITO,,,JAWA TIMUR,0.125,GREEN,1322233163,AREA 3,JATIM,MADIUN,KEDIRI,,,0,0,0,JAWA TIMUR,KEDIRI,GAMPENGREJO,SAMBIRESIK,KEDIRI
10635344582,,ODP-PPR-FA/12,-7.727452,112.145389,,,7,1,0,0,8,REGIONAL 5,KEDIRI,KEDIRI,PPR,,,2024-03-16 23:23:32,2023-09-18,2023,9,NON TITO,,,JAWA TIMUR,0.125,GREEN,1322231396,AREA 3,JATIM,MADIUN,KEDIRI,,,0,0,0,JAWA TIMUR,KEDIRI,PLEMAHAN,PUHJARAK,KEDIRI
10666843813,,ODP-KDI-FT/28,-7.830839,112.088613,,,6,2,0,0,8,REGIONAL 5,KEDIRI,KEDIRI,KDI,,,2024-03-16 23:21:44,2023-09-25,2023,9,NON TITO,,,JAWA TIMUR,0.25,GREEN,1324186256,AREA 3,JATIM,MADIUN,KEDIRI,,,0,0,0,JAWA TIMUR,KEDIRI,GURAH,KRANGGAN,KEDIRI
9339198062,,ODP-PAE-FAG/28,-7.785433,112.166248,,,6,2,0,0,8,REGIONAL 5,KEDIRI,KEDIRI,PAE,,,2024-03-16 23:29:08,2022-10-10,2022,10,NON TITO,,,JAWA TIMUR,0.25,GREEN,1231499006,AREA 3,JATIM,MADIUN,KEDIRI,,,0,0,0,JAWA TIMUR,KEDIRI,PARE,SUMBERBENDO,KEDIRI
10530418814,,ODP-MJT-FG/54,-7.776238,112.000554,,,6,2,0,0,8,REGIONAL 5,KEDIRI,KEDIRI,MJT,,,2024-03-16 23:23:44,2023-08-23,2023,8,NON TITO,,,JAWA TIMUR,0.25,GREEN,1312323858,AREA 3,JATIM,MADIUN,KEDIRI,,,0,0,0,JAWA TIMUR,KOTA KEDIRI,MOJOROTO,MRICAN,KEDIRI
10537618601,,ODP-KDI-FAD/39,-7.851289,112.039551,,,7,1,0,0,8,REGIONAL 5,KEDIRI,KEDIRI,KDI,,,2024-03-16 23:22:42,2023-08-18,2023,8,NON TITO,,,JAWA TIMUR,0.125,GREEN,1312100757,AREA 3,JATIM,MADIUN,KEDIRI,,,0,0,0,JAWA TIMUR,KOTA KEDIRI,PESANTREN,BETET,KEDIRI
10333843863,,ODP-MJT-FF/67,-7.774809,112.017588,,,6,2,0,0,8,REGIONAL 5,KEDIRI,KEDIRI,MJT,,,2024-03-16 23:26:50,2023-07-05,2023,7,NON TITO,,,JAWA TIMUR,0.25,GREEN,1301495076,AREA 3,JATIM,MADIUN,KEDIRI,,,0,0,0,JAWA TIMUR,KEDIRI,BANYAKAN,JABON,KEDIRI
11249518538,,ODP-PAE-FK/32,-7.81525,112.160171,,,7,1,0,0,8,REGIONAL 5,KEDIRI,KEDIRI,PAE,,,2024-03-16 23:21:03,2024-01-04,2024,1,NON TITO,,,JAWA TIMUR,0.125,GREEN,1397586323,AREA 3,JATIM,MADIUN,KEDIRI,,,0,0,0,JAWA TIMUR,KEDIRI,PARE,SIDOREJO,KEDIRI
10321393561,,ODP-NDL-FP/37,-7.948396,111.94489,,,6,2,0,0,8,REGIONAL 5,KEDIRI,KEDIRI,NDL,,,2024-03-16 23:26:29,2023-06-26,2023,6,NON TITO,,,JAWA TIMUR,0.25,GREEN,1298638368,AREA 3,JATIM,MADIUN,KEDIRI,,,0,0,0,JAWA TIMUR,KEDIRI,MOJO,KRANDING,KEDIRI
10322518554,,ODP-PAE-FS/34,-7.879627,112.210735,,,7,1,0,0,8,REGIONAL 5,KEDIRI,KEDIRI,PAE,,,2024-03-16 23:29:06,2023-06-26,2023,6,NON TITO,,,JAWA TIMUR,0.125,GREEN,1298413624,AREA 3,JATIM,MADIUN,KEDIRI,,,0,0,0,JAWA TIMUR,KEDIRI,PLOSOKLATEN,WONOREJO TRISULO,KEDIRI
10305943693,,ODP-MJT-FAK/08,-7.864482,111.98406,,,5,3,0,0,8,REGIONAL 5,KEDIRI,KEDIRI,MJT,,,2024-03-16 23:28:29,2023-06-23,2023,6,NON TITO,,,JAWA TIMUR,0.375,GREEN,1297883957,AREA 3,JATIM,MADIUN,KEDIRI,,,0,0,0,JAWA TIMUR,KEDIRI,MOJO,PETOK,KEDIRI
10267094503,,ODP-PPR-FE/80,-7.738267,112.042423,,,6,2,0,0,8,REGIONAL 5,KEDIRI,KEDIRI,PPR,,,2024-03-16 23:25:19,2023-06-14,2023,6,NON TITO,,,JAWA TIMUR,0.25,GREEN,1294280968,AREA 3,JATIM,MADIUN,KEDIRI,,,0,0,0,JAWA TIMUR,KEDIRI,PAPAR,PURWOTENGAH,KEDIRI
11253793950,,ODP-MJT-FAB/15,-7.775258,111.989267,,,7,1,0,0,8,REGIONAL 5,KEDIRI,KEDIRI,MJT,,,2024-03-16 23:27:20,2024-01-12,2024,1,NON TITO,,,JAWA TIMUR,0.125,GREEN,1399537369,AREA 3,JATIM,MADIUN,KEDIRI,,,0,0,0,JAWA TIMUR,KEDIRI,BANYAKAN,MANYARAN,KEDIRI
10229593663,,ODP-PPR-FB/45,-7.683333,112.112879,,,6,2,0,0,8,REGIONAL 5,KEDIRI,KEDIRI,PPR,,,2024-03-16 23:24:52,2023-06-05,2023,6,NON TITO,,,JAWA TIMUR,0.25,GREEN,1294124419,AREA 3,JATIM,MADIUN,KEDIRI,,,0,0,0,JAWA TIMUR,KEDIRI,PAPAR,KEPUH,KEDIRI
10224270094,,ODP-MJT-FD/36,-7.761073,111.965864,,,7,1,0,0,8,REGIONAL 5,KEDIRI,KEDIRI,MJT,,,2024-03-16 23:28:58,2023-05-31,2023,5,NON TITO,,,JAWA TIMUR,0.125,GREEN,1293899524,AREA 3,JATIM,MADIUN,KEDIRI,,,0,0,0,JAWA TIMUR,KEDIRI,BANYAKAN,JATIREJO,KEDIRI
11200175820,,ODP-PAE-FS/35,-7.869692,112.204462,,,6,2,0,0,8,REGIONAL 5,KEDIRI,KEDIRI,PAE,,,2024-03-16 23:25:05,2024-01-15,2024,1,NON TITO,,,JAWA TIMUR,0.25,GREEN,1400213306,AREA 3,JATIM,MADIUN,KEDIRI,,,0,0,0,JAWA TIMUR,KEDIRI,PLOSOKLATEN,WONOREJO TRISULO,KEDIRI
10224270088,,ODP-MJT-FD/38,-7.761319,111.967156,,,5,3,0,0,8,REGIONAL 5,KEDIRI,KEDIRI,MJT,,,2024-03-16 23:28:49,2023-05-31,2023,5,NON TITO,,,JAWA TIMUR,0.375,GREEN,1293899520,AREA 3,JATIM,MADIUN,KEDIRI,,,0,0,0,JAWA TIMUR,KEDIRI,BANYAKAN,JATIREJO,KEDIRI
10204170055,,ODP-KAA-FC/37,-7.803152,112.311964,,,7,1,0,0,8,REGIONAL 5,KEDIRI,KEDIRI,KAA,,,2024-03-16 23:22:58,2023-05-29,2023,5,NON TITO,,,JAWA TIMUR,0.125,GREEN,1292993915,AREA 3,JATIM,MADIUN,KEDIRI,,,0,0,0,JAWA TIMUR,MALANG,KASEMBON,BAYEM,KEDIRI
10213093638,,ODP-PPR-FJ/16,-7.73735,112.118734,,,6,2,0,0,8,REGIONAL 5,KEDIRI,KEDIRI,PPR,,,2024-03-16 23:26:42,2023-05-26,2023,5,NON TITO,,,JAWA TIMUR,0.25,GREEN,1292983216,AREA 3,JATIM,MADIUN,KEDIRI,,,0,0,0,JAWA TIMUR,KEDIRI,KAYEN KIDUL,PADANGAN,KEDIRI
11283793528,,ODP-NDL-FE/79,-7.943962,111.965242,,,5,3,0,0,8,REGIONAL 5,KEDIRI,KEDIRI,NDL,,,2024-03-16 23:27:39,2024-01-18,2024,1,NON TITO,,,JAWA TIMUR,0.375,GREEN,1401187738,AREA 3,JATIM,MADIUN,KEDIRI,,,0,0,0,JAWA TIMUR,KEDIRI,KRAS,BANJARANYAR,KEDIRI
11316868657,,ODP-PPR-FF/52,-7.711204,112.071547,,,5,3,0,0,8,REGIONAL 5,KEDIRI,KEDIRI,PPR,,,2024-03-16 23:26:30,2024-01-25,2024,1,NON TITO,,,JAWA TIMUR,0.375,GREEN,1406299836,AREA 3,JATIM,MADIUN,KEDIRI,,,0,0,0,JAWA TIMUR,KEDIRI,PAPAR,JANTI,KEDIRI
11245094244,,ODP-MJT-FA/81,-7.744594,111.945439,,,6,2,0,0,8,REGIONAL 5,KEDIRI,KEDIRI,MJT,,,2024-03-16 23:22:27,2024-01-15,2024,1,NON TITO,,,JAWA TIMUR,0.25,GREEN,1396893041,AREA 3,JATIM,MADIUN,KEDIRI,,,0,0,0,JAWA TIMUR,KEDIRI,TAROKAN,BULUSARI,KEDIRI
11245693667,,ODP-PPR-FC/30,-7.705537,112.119646,,,6,2,0,0,8,REGIONAL 5,KEDIRI,KEDIRI,PPR,,,2024-03-16 23:23:46,2024-01-05,2024,1,NON TITO,,,JAWA TIMUR,0.25,GREEN,1396853159,AREA 3,JATIM,MADIUN,KEDIRI,,,0,0,0,JAWA TIMUR,KEDIRI,PAPAR,KEDUNGMALANG,KEDIRI
10420318547,,ODP-WAT-FW/20,-7.85421,112.169118,,,7,1,0,0,8,REGIONAL 5,KEDIRI,KEDIRI,WAT,,,2024-03-16 23:24:23,2023-07-17,2023,7,NON TITO,,,JAWA TIMUR,0.125,GREEN,1303005850,AREA 3,JATIM,MADIUN,KEDIRI,,,0,0,0,JAWA TIMUR,KEDIRI,PLOSOKLATEN,PRANGGANG,KEDIRI
10409443871,,ODP-PAE-FAC/20,-7.772397,112.118707,,,7,1,0,0,8,REGIONAL 5,KEDIRI,KEDIRI,PAE,,,2024-03-16 23:23:49,2023-07-17,2023,7,NON TITO,,,JAWA TIMUR,0.125,GREEN,1303447904,AREA 3,JATIM,MADIUN,KEDIRI,,,0,0,0,JAWA TIMUR,KEDIRI,KAYEN KIDUL,SUKOHARJO,KEDIRI
10518119344,,ODP-KDI-FBF/57,-7.780043,112.053083,,,5,3,0,0,8,REGIONAL 5,KEDIRI,KEDIRI,KDI,,,2024-03-16 23:26:59,2023-08-17,2023,8,NON TITO,,,JAWA TIMUR,0.375,GREEN,1311648795,AREA 3,JATIM,MADIUN,KEDIRI,,,0,0,0,JAWA TIMUR,KEDIRI,NGASEM,TOYORESMI,KEDIRI
11222218553,,ODP-KDI-FN/46,-7.781101,112.025637,,,5,3,0,0,8,REGIONAL 5,KEDIRI,KEDIRI,KDI,,,2024-03-16 23:26:00,2023-12-22,2023,12,NON TITO,,,JAWA TIMUR,0.375,GREEN,1388961715,AREA 3,JATIM,MADIUN,KEDIRI,,,0,0,0,JAWA TIMUR,KEDIRI,GAMPENGREJO,SAMBIREJO,KEDIRI
10528543608,,ODP-NDL-FG/60,-7.884223,112.004259,,,6,2,0,0,8,REGIONAL 5,KEDIRI,KEDIRI,NDL,,,2024-03-16 23:29:01,2023-08-16,2023,8,NON TITO,,,JAWA TIMUR,0.25,GREEN,1311582148,AREA 3,JATIM,MADIUN,KEDIRI,,,0,0,0,JAWA TIMUR,KEDIRI,NGADILUWIH,REMBANG,KEDIRI
10496294498,,ODP-MJT-FB/112,-7.748067,111.960584,,,7,1,0,0,8,REGIONAL 5,KEDIRI,KEDIRI,MJT,,,2024-03-16 23:23:48,2023-08-16,2023,8,NON TITO,,,JAWA TIMUR,0.125,GREEN,1311581462,AREA 3,JATIM,MADIUN,KEDIRI,,,0,0,0,JAWA TIMUR,KEDIRI,GROGOL,GROGOL,KEDIRI
11214720646,,ODP-WAT-FP/33,-7.946075,112.177198,,,6,2,0,0,8,REGIONAL 5,KEDIRI,KEDIRI,WAT,,,2024-03-16 23:25:38,2023-12-28,2023,12,NON TITO,,,JAWA TIMUR,0.25,GREEN,1391286648,AREA 3,JATIM,MADIUN,KEDIRI,,,0,0,0,JAWA TIMUR,KEDIRI,NGANCAR,MANGGIS,KEDIRI
10515044712,,ODP-KDI-FBE/18,-7.832443,112.028413,,,4,3,1,0,8,REGIONAL 5,KEDIRI,KEDIRI,KDI,,,2024-03-16 23:27:17,2023-08-16,2023,8,NON TITO,,,JAWA TIMUR,0.375,GREEN,1311579256,AREA 3,JATIM,MADIUN,KEDIRI,,,0,0,0,JAWA TIMUR,KOTA KEDIRI,PESANTREN,BANARAN,KEDIRI
10522543836,,ODP-KDI-FBG/37,-7.808634,112.045776,,,6,2,0,0,8,REGIONAL 5,KEDIRI,KEDIRI,KDI,,,2024-03-16 23:26:19,2023-08-15,2023,8,NON TITO,,,JAWA TIMUR,0.25,GREEN,1311575740,AREA 3,JATIM,MADIUN,KEDIRI,,,0,0,0,JAWA TIMUR,KEDIRI,NGASEM,SUKOREJO,KEDIRI
10532368689,,ODP-MJT-FW/17,-7.833998,111.981425,,,5,3,0,0,8,REGIONAL 5,KEDIRI,KEDIRI,MJT,,,2024-03-16 23:28:07,2023-08-22,2023,8,NON TITO,,,JAWA TIMUR,0.375,GREEN,1312177701,AREA 3,JATIM,MADIUN,KEDIRI,,,0,0,0,JAWA TIMUR,KEDIRI,SEMEN,SEMEN,KEDIRI
10496069920,,ODP-PPR-FA/11,-7.71301,112.144557,,,6,2,0,0,8,REGIONAL 5,KEDIRI,KEDIRI,PPR,,,2024-03-16 23:24:47,2023-08-14,2023,8,NON TITO,,,JAWA TIMUR,0.25,GREEN,1310597650,AREA 3,JATIM,MADIUN,KEDIRI,,,0,0,0,JAWA TIMUR,KEDIRI,PLEMAHAN,PAYAMAN,KEDIRI
10516619038,,ODP-NDL-FH/54,-7.911881,111.998803,,,7,1,0,0,8,REGIONAL 5,KEDIRI,KEDIRI,NDL,,,2024-03-16 23:28:38,2023-08-10,2023,8,NON TITO,,,JAWA TIMUR,0.125,GREEN,1310391538,AREA 3,JATIM,MADIUN,KEDIRI,,,0,0,0,JAWA TIMUR,KEDIRI,NGADILUWIH,PURWOKERTO,KEDIRI
10493068628,,ODP-MJT-FAA/45,-7.761711,111.944511,,,7,1,0,0,8,REGIONAL 5,KEDIRI,KEDIRI,MJT,,,2024-03-16 23:27:21,2023-08-09,2023,8,NON TITO,,,JAWA TIMUR,0.125,GREEN,1310388344,AREA 3,JATIM,MADIUN,KEDIRI,,,0,0,0,JAWA TIMUR,KEDIRI,GROGOL,GROGOL,KEDIRI
10496968832,,ODP-SBI-FE/47,-7.981964,112.043219,,,7,1,0,0,8,REGIONAL 5,KEDIRI,KEDIRI,SBI,,,2024-03-16 23:27:16,2023-08-09,2023,8,NON TITO,,,JAWA TIMUR,0.125,GREEN,1310384772,AREA 3,JATIM,MADIUN,KEDIRI,,,0,0,0,JAWA TIMUR,KEDIRI,RINGINREJO,RINGINREJO,KEDIRI
10503193605,,ODP-KDI-FAY/43,-7.830596,112.037184,,,7,1,0,0,8,REGIONAL 5,KEDIRI,KEDIRI,KDI,,,2024-03-16 23:28:49,2023-08-04,2023,8,NON TITO,,,JAWA TIMUR,0.125,GREEN,1308957943,AREA 3,JATIM,MADIUN,KEDIRI,,,0,0,0,JAWA TIMUR,KOTA KEDIRI,PESANTREN,BANGSAL,KEDIRI
10446193697,,ODP-PAE-FAG/30,-7.781714,112.159016,,,7,1,0,0,8,REGIONAL 5,KEDIRI,KEDIRI,PAE,,,2024-03-16 23:24:19,2023-07-28,2023,7,NON TITO,,,JAWA TIMUR,0.125,GREEN,1305798726,AREA 3,JATIM,MADIUN,KEDIRI,,,0,0,0,JAWA TIMUR,KEDIRI,PARE,SUMBERBENDO,KEDIRI
10409219872,,ODP-MJT-FU/24,-7.835506,111.953626,,,5,3,0,0,8,REGIONAL 5,KEDIRI,KEDIRI,MJT,,,2024-03-16 23:24:17,2023-07-24,2023,7,NON TITO,,,JAWA TIMUR,0.375,GREEN,1303901878,AREA 3,JATIM,MADIUN,KEDIRI,,,0,0,0,JAWA TIMUR,KEDIRI,SEMEN,PUHSARANG,KEDIRI
10409819345,,ODP-GUR-FL/26,-7.804832,112.092624,,,6,2,0,0,8,REGIONAL 5,KEDIRI,KEDIRI,GUR,,,2024-03-16 23:27:23,2023-07-18,2023,7,NON TITO,,,JAWA TIMUR,0.25,GREEN,1303452510,AREA 3,JATIM,MADIUN,KEDIRI,,,0,0,0,JAWA TIMUR,KEDIRI,GURAH,SUKOREJO,KEDIRI
10504619067,,ODP-KDI-FBD/28,-7.83816,112.02369,,,6,2,0,0,8,REGIONAL 5,KEDIRI,KEDIRI,KDI,,,2024-03-16 23:24:41,2023-08-12,2023,8,NON TITO,,,JAWA TIMUR,0.25,GREEN,1310448860,AREA 3,JATIM,MADIUN,KEDIRI,,,0,0,0,JAWA TIMUR,KOTA KEDIRI,KOTA,KALIOMBO,KEDIRI
9339197903,,ODP-PPR-FG/37,-7.68872,112.178165,,,5,3,0,0,8,REGIONAL 5,KEDIRI,KEDIRI,PPR,,,2024-03-16 23:28:55,2022-10-07,2022,10,NON TITO,,,JAWA TIMUR,0.375,GREEN,1230103538,AREA 3,JATIM,MADIUN,KEDIRI,,,0,0,0,JAWA TIMUR,KEDIRI,PLEMAHAN,SUKOHARJO,KEDIRI
9339197893,,ODP-PPR-FG/39,-7.651547,112.137395,,,6,2,0,0,8,REGIONAL 5,KEDIRI,KEDIRI,PPR,,,2024-03-16 23:28:57,2022-10-07,2022,10,NON TITO,,,JAWA TIMUR,0.25,GREEN,1230103532,AREA 3,JATIM,MADIUN,KEDIRI,,,0,0,0,JAWA TIMUR,KEDIRI,PURWOASRI,BELOR,KEDIRI
154568903,,ODP-PAE-FM/15,-7.766905,112.197642,,,5,3,0,0,8,REGIONAL 5,KEDIRI,KEDIRI,PAE,,,2024-03-16 23:28:22,2016-03-11,2016,3,NON TITO,,,JAWA TIMUR,0.375,GREEN,9733861,AREA 3,JATIM,MADIUN,KEDIRI,,,0,0,0,JAWA TIMUR,KEDIRI,PARE,PARE,KEDIRI
11631643748,,ODP-KDI-FU/70,-7.8222,112.065447,,,6,2,0,0,8,REGIONAL 5,KEDIRI,KEDIRI,KDI,,,2024-07-17 01:02:02,2024-07-16,2024,7,NON TITO,,,JAWA TIMUR,0.25,GREEN,1446036376,AREA 3,JATIM,MADIUN,KEDIRI,,,0,0,0,JAWA TIMUR,KEDIRI,GURAH,TURUS,KEDIRI
8922718776,,ODP-PAE-FM/81,-7.764794,112.191034,,,7,1,0,0,8,REGIONAL 5,KEDIRI,KEDIRI,PAE,,,2024-03-16 23:26:59,2022-06-24,2022,6,NON TITO,,,JAWA TIMUR,0.125,GREEN,1185455858,AREA 3,JATIM,MADIUN,KEDIRI,,,0,0,0,JAWA TIMUR,KEDIRI,PARE,PARE,KEDIRI
8922718756,,ODP-PAE-FM/85,-7.766157,112.191054,,,5,3,0,0,8,REGIONAL 5,KEDIRI,KEDIRI,PAE,,,2024-03-16 23:26:12,2022-06-24,2022,6,NON TITO,,,JAWA TIMUR,0.375,GREEN,1185455846,AREA 3,JATIM,MADIUN,KEDIRI,,,0,0,0,JAWA TIMUR,KEDIRI,PARE,PARE,KEDIRI
8922718746,,ODP-PAE-FM/86,-7.767165,112.191875,,,11,5,0,0,16,REGIONAL 5,KEDIRI,KEDIRI,PAE,,,2024-03-16 23:26:57,2022-06-24,2022,6,NON TITO,,,JAWA TIMUR,0.3125,GREEN,1185455837,AREA 3,JATIM,MADIUN,KEDIRI,,,0,0,0,JAWA TIMUR,KEDIRI,PARE,PARE,KEDIRI
8920619372,,ODP-KDI-FAD/32,-7.843202,112.046838,,,6,2,0,0,8,REGIONAL 5,KEDIRI,KEDIRI,KDI,,,2024-03-16 23:25:18,2022-06-24,2022,6,NON TITO,,,JAWA TIMUR,0.25,GREEN,1185454639,AREA 3,JATIM,MADIUN,KEDIRI,,,0,0,0,JAWA TIMUR,KOTA KEDIRI,PESANTREN,BETET,KEDIRI
8922643747,,ODP-PAE-FAG/27,-7.782994,112.161587,,,7,1,0,0,8,REGIONAL 5,KEDIRI,KEDIRI,PAE,,,2024-03-16 23:23:57,2022-06-24,2022,6,NON TITO,,,JAWA TIMUR,0.125,GREEN,1185454171,AREA 3,JATIM,MADIUN,KEDIRI,,,0,0,0,JAWA TIMUR,KEDIRI,PARE,SUMBERBENDO,KEDIRI
8894594974,,ODP-NDL-FF/49,-7.92805,111.967819,,,6,2,0,0,8,REGIONAL 5,KEDIRI,KEDIRI,NDL,,,2024-03-16 23:28:37,2022-06-21,2022,6,NON TITO,,,JAWA TIMUR,0.25,GREEN,1185325186,AREA 3,JATIM,MADIUN,KEDIRI,,,0,0,0,JAWA TIMUR,KEDIRI,KRAS,JAMBEAN,KEDIRI
8894594964,,ODP-NDL-FF/51,-7.921934,111.969131,,,5,3,0,0,8,REGIONAL 5,KEDIRI,KEDIRI,NDL,,,2024-03-16 23:28:09,2022-06-21,2022,6,NON TITO,,,JAWA TIMUR,0.375,GREEN,1185325172,AREA 3,JATIM,MADIUN,KEDIRI,,,0,0,0,JAWA TIMUR,KEDIRI,KRAS,JAMBEAN,KEDIRI
8897594152,,ODP-KDI-FAY/40,-7.832755,112.034621,,,5,3,0,0,8,REGIONAL 5,KEDIRI,KEDIRI,KDI,,,2024-03-16 23:25:17,2022-06-21,2022,6,NON TITO,,,JAWA TIMUR,0.375,GREEN,1185322809,AREA 3,JATIM,MADIUN,KEDIRI,,,0,0,0,JAWA TIMUR,KOTA KEDIRI,PESANTREN,BANARAN,KEDIRI
8849068847,,ODP-GUR-FJ/35,-7.774161,112.065173,,,5,3,0,0,8,REGIONAL 5,KEDIRI,KEDIRI,GUR,,,2024-03-16 23:27:50,2022-06-07,2022,6,NON TITO,,,JAWA TIMUR,0.375,GREEN,1183399878,AREA 3,JATIM,MADIUN,KEDIRI,,,0,0,0,JAWA TIMUR,KEDIRI,PAGU,SEMEN,KEDIRI
8812994591,,ODP-NDL-FE/68,-7.953864,111.968421,,,5,3,0,0,8,REGIONAL 5,KEDIRI,KEDIRI,NDL,,,2024-03-16 23:23:35,2022-06-06,2022,6,NON TITO,,,JAWA TIMUR,0.375,GREEN,1183389054,AREA 3,JATIM,MADIUN,KEDIRI,,,0,0,0,JAWA TIMUR,KEDIRI,KRAS,KRAS,KEDIRI
8812994561,,ODP-NDL-FE/72,-7.958487,111.963686,,,7,1,0,0,8,REGIONAL 5,KEDIRI,KEDIRI,NDL,,,2024-03-16 23:23:25,2022-06-06,2022,6,NON TITO,,,JAWA TIMUR,0.125,GREEN,1183389026,AREA 3,JATIM,MADIUN,KEDIRI,,,0,0,0,JAWA TIMUR,KEDIRI,KRAS,KRAS,KEDIRI
8826494077,,ODP-GUR-FB/56,-7.810173,112.092081,,,5,3,0,0,8,REGIONAL 5,KEDIRI,KEDIRI,GUR,,,2024-03-16 23:25:00,2022-06-06,2022,6,NON TITO,,,JAWA TIMUR,0.375,GREEN,1183387316,AREA 3,JATIM,MADIUN,KEDIRI,,,0,0,0,JAWA TIMUR,KEDIRI,GURAH,GURAH,KEDIRI
8811344815,,ODP-WAT-FL/36,-7.861298,112.104191,,,5,3,0,0,8,REGIONAL 5,KEDIRI,KEDIRI,WAT,,,2024-03-16 23:28:24,2022-06-06,2022,6,NON TITO,,,JAWA TIMUR,0.375,GREEN,1183387224,AREA 3,JATIM,MADIUN,KEDIRI,,,0,0,0,JAWA TIMUR,KEDIRI,GURAH,BLIMBING,KEDIRI
8810520191,,ODP-KDI-FBA/41,-7.841165,112.067221,,,4,3,1,0,8,REGIONAL 5,KEDIRI,KEDIRI,KDI,,,2024-03-16 23:26:46,2022-06-06,2022,6,NON TITO,,,JAWA TIMUR,0.375,GREEN,1183387089,AREA 3,JATIM,MADIUN,KEDIRI,,,0,0,0,JAWA TIMUR,KOTA KEDIRI,PESANTREN,TAMPUREJO,KEDIRI
8920619823,,ODP-NDL-FP/19,-7.935985,111.940581,,,5,3,0,0,8,REGIONAL 5,KEDIRI,KEDIRI,NDL,,,2024-03-16 23:26:21,2022-06-27,2022,6,NON TITO,,,JAWA TIMUR,0.375,GREEN,1185471461,AREA 3,JATIM,MADIUN,KEDIRI,,,0,0,0,JAWA TIMUR,KEDIRI,MOJO,MAESAN,KEDIRI
8920620169,,ODP-NDL-FE/76,-7.969288,111.951224,,,5,3,0,0,8,REGIONAL 5,KEDIRI,KEDIRI,NDL,,,2024-03-16 23:26:26,2022-06-27,2022,6,NON TITO,,,JAWA TIMUR,0.375,GREEN,1185474577,AREA 3,JATIM,MADIUN,KEDIRI,,,0,0,0,JAWA TIMUR,KEDIRI,KRAS,NYAWANGAN,KEDIRI
11633218668,,ODP-SBI-FL/37,-7.929618,112.042327,,,5,3,0,0,8,REGIONAL 5,KEDIRI,KEDIRI,SBI,,,2024-07-17 01:02:54,2024-07-16,2024,7,NON TITO,,,JAWA TIMUR,0.375,GREEN,1445964483,AREA 3,JATIM,MADIUN,KEDIRI,,,0,0,0,JAWA TIMUR,KEDIRI,KANDAT,KANDAT,KEDIRI
8920844556,,ODP-PAE-FV/14,-7.806761,112.221197,,,5,3,0,0,8,REGIONAL 5,KEDIRI,KEDIRI,PAE,,,2024-03-16 23:25:02,2022-06-27,2022,6,NON TITO,,,JAWA TIMUR,0.375,GREEN,1185475644,AREA 3,JATIM,MADIUN,KEDIRI,,,0,0,0,JAWA TIMUR,KEDIRI,PUNCU,MANGGIS,KEDIRI
11605096389,,ODP-PAE-FL/92,-7.801155,112.1856,,,7,1,0,0,8,REGIONAL 5,KEDIRI,KEDIRI,PAE,,,2024-07-08 17:48:53,2024-07-08,2024,7,NON TITO,,,JAWA TIMUR,0.125,GREEN,1444621956,AREA 3,JATIM,MADIUN,KEDIRI,,,0,0,0,JAWA TIMUR,KEDIRI,PARE,GEDANGSEWU,KEDIRI
11605096430,,ODP-PAE-FAA/24,-7.758519,112.237637,,,5,3,0,0,8,REGIONAL 5,KEDIRI,KEDIRI,PAE,,,2024-07-08 17:48:53,2024-07-08,2024,7,NON TITO,,,JAWA TIMUR,0.375,GREEN,1444621983,AREA 3,JATIM,MADIUN,KEDIRI,,,0,0,0,JAWA TIMUR,KEDIRI,KANDANGAN,KLAMPISAN,KEDIRI
8982943595,,ODP-PPR-FE/75,-7.736377,112.044814,,,6,2,0,0,8,REGIONAL 5,KEDIRI,KEDIRI,PPR,,,2024-03-16 23:26:03,2022-07-12,2022,7,NON TITO,,,JAWA TIMUR,0.25,GREEN,1194225173,AREA 3,JATIM,MADIUN,KEDIRI,,,0,0,0,JAWA TIMUR,KEDIRI,PAPAR,PURWOTENGAH,KEDIRI
8920773074,,ODP-PPR-FF/48,-7.697279,112.079543,,,6,2,0,0,8,REGIONAL 5,KEDIRI,KEDIRI,PPR,,,2024-03-16 23:23:45,2022-07-11,2022,7,NON TITO,,,JAWA TIMUR,0.25,GREEN,1193706569,AREA 3,JATIM,MADIUN,KEDIRI,,,0,0,0,JAWA TIMUR,KEDIRI,PAPAR,PAPAR,KEDIRI
11627368540,,ODP-KDI-FA/06,-7.834959,112.028764,,,5,3,0,0,8,REGIONAL 5,KEDIRI,KEDIRI,KDI,,,2024-07-12 17:39:26,2024-07-12,2024,7,NON TITO,,,JAWA TIMUR,0.375,GREEN,1444850617,AREA 3,JATIM,MADIUN,KEDIRI,,,0,0,0,JAWA TIMUR,KOTA KEDIRI,PESANTREN,BANARAN,KEDIRI
8963294783,,ODP-KDI-FAD/33,-7.854006,112.051339,,,6,2,0,0,8,REGIONAL 5,KEDIRI,KEDIRI,KDI,,,2024-03-16 23:26:54,2022-07-07,2022,7,NON TITO,,,JAWA TIMUR,0.25,GREEN,1193322220,AREA 3,JATIM,MADIUN,KEDIRI,,,0,0,0,JAWA TIMUR,KOTA KEDIRI,PESANTREN,BAWANG,KEDIRI
8922722194,,ODP-PPR-FF/47,-7.695821,112.077088,,,6,2,0,0,8,REGIONAL 5,KEDIRI,KEDIRI,PPR,,,2024-03-16 23:27:00,2022-07-07,2022,7,NON TITO,,,JAWA TIMUR,0.25,GREEN,1193321038,AREA 3,JATIM,MADIUN,KEDIRI,,,0,0,0,JAWA TIMUR,KEDIRI,PAPAR,PAPAR,KEDIRI
11631643753,,ODP-KDI-FU/71,-7.820992,112.064011,,,7,1,0,0,8,REGIONAL 5,KEDIRI,KEDIRI,KDI,,,2024-07-17 01:01:16,2024-07-16,2024,7,NON TITO,,,JAWA TIMUR,0.125,GREEN,1446036379,AREA 3,JATIM,MADIUN,KEDIRI,,,0,0,0,JAWA TIMUR,KEDIRI,GURAH,TURUS,KEDIRI
8923246709,,ODP-PAE-FP/29,-7.787678,112.198672,,,6,2,0,0,8,REGIONAL 5,KEDIRI,KEDIRI,PAE,,,2024-03-16 23:27:16,2022-07-06,2022,7,NON TITO,,,JAWA TIMUR,0.25,GREEN,1193112305,AREA 3,JATIM,MADIUN,KEDIRI,,,0,0,0,JAWA TIMUR,KEDIRI,PARE,GEDANGSEWU,KEDIRI
11605249977,,ODP-KAA-FB/76,-7.75468,112.278342,,,5,3,0,0,8,REGIONAL 5,KEDIRI,KEDIRI,KAA,,,2024-07-12 17:40:01,2024-07-12,2024,7,NON TITO,,,JAWA TIMUR,0.375,GREEN,1444851020,AREA 3,JATIM,MADIUN,KEDIRI,,,0,0,0,JAWA TIMUR,KEDIRI,KANDANGAN,KANDANGAN,KEDIRI
8922795973,,ODP-MJT-FV/47,-7.830039,111.966098,,,5,3,0,0,8,REGIONAL 5,KEDIRI,KEDIRI,MJT,,,2024-03-16 23:22:20,2022-07-04,2022,7,NON TITO,,,JAWA TIMUR,0.375,GREEN,1193095205,AREA 3,JATIM,MADIUN,KEDIRI,,,0,0,0,JAWA TIMUR,KEDIRI,SEMEN,SEMEN,KEDIRI
8920770907,,ODP-NDL-FL/33,-7.89361,111.995115,,,5,3,0,0,8,REGIONAL 5,KEDIRI,KEDIRI,NDL,,,2024-03-16 23:23:30,2022-07-04,2022,7,NON TITO,,,JAWA TIMUR,0.375,GREEN,1193095182,AREA 3,JATIM,MADIUN,KEDIRI,,,0,0,0,JAWA TIMUR,KEDIRI,NGADILUWIH,PURWOKERTO,KEDIRI
8920845165,,ODP-PPR-FA/08,-7.712557,112.143359,,,6,2,0,0,8,REGIONAL 5,KEDIRI,KEDIRI,PPR,,,2024-03-16 23:25:18,2022-07-01,2022,7,NON TITO,,,JAWA TIMUR,0.25,GREEN,1188987842,AREA 3,JATIM,MADIUN,KEDIRI,,,0,0,0,JAWA TIMUR,KEDIRI,PLEMAHAN,PAYAMAN,KEDIRI
8943870466,,ODP-PPR-FJ/13,-7.725272,112.123652,,,7,1,0,0,8,REGIONAL 5,KEDIRI,KEDIRI,PPR,,,2024-03-16 23:26:03,2022-07-01,2022,7,NON TITO,,,JAWA TIMUR,0.125,GREEN,1188985982,AREA 3,JATIM,MADIUN,KEDIRI,,,0,0,0,JAWA TIMUR,KEDIRI,KAYEN KIDUL,PADANGAN,KEDIRI
8943870150,,ODP-KDI-FAG/53,-7.86412,112.031294,,,5,3,0,0,8,REGIONAL 5,KEDIRI,KEDIRI,KDI,,,2024-03-16 23:25:53,2022-07-01,2022,7,NON TITO,,,JAWA TIMUR,0.375,GREEN,1188985124,AREA 3,JATIM,MADIUN,KEDIRI,,,0,0,0,JAWA TIMUR,KOTA KEDIRI,PESANTREN,BLABAK,KEDIRI
8943644291,,ODP-SBI-FD/34,-7.977678,112.011196,,,7,1,0,0,8,REGIONAL 5,KEDIRI,KEDIRI,SBI,,,2024-03-16 23:25:39,2022-06-29,2022,6,NON TITO,,,JAWA TIMUR,0.125,GREEN,1185493944,AREA 3,JATIM,MADIUN,KEDIRI,,,0,0,0,JAWA TIMUR,KEDIRI,RINGINREJO,SRIKATON,KEDIRI
8948145271,,ODP-PAE-FS/27,-7.842848,112.174748,,,6,2,0,0,8,REGIONAL 5,KEDIRI,KEDIRI,PAE,,,2024-03-16 23:22:29,2022-07-06,2022,7,NON TITO,,,JAWA TIMUR,0.25,GREEN,1193111858,AREA 3,JATIM,MADIUN,KEDIRI,,,0,0,0,JAWA TIMUR,KEDIRI,PLOSOKLATEN,SUMBERAGUNG,KEDIRI
11612668885,,ODP-MJT-FA/88,-7.742505,111.915349,,,6,2,0,0,8,REGIONAL 5,KEDIRI,KEDIRI,MJT,,,2024-07-04 17:31:38,2024-07-04,2024,7,NON TITO,,,JAWA TIMUR,0.25,GREEN,1444686805,AREA 3,JATIM,MADIUN,KEDIRI,,,0,0,0,JAWA TIMUR,KEDIRI,TAROKAN,TAROKAN,KEDIRI
8810520186,,ODP-KDI-FBA/42,-7.836274,112.053981,,,5,3,0,0,8,REGIONAL 5,KEDIRI,KEDIRI,KDI,,,2024-03-16 23:25:17,2022-06-06,2022,6,NON TITO,,,JAWA TIMUR,0.375,GREEN,1183387086,AREA 3,JATIM,MADIUN,KEDIRI,,,0,0,0,JAWA TIMUR,KOTA KEDIRI,PESANTREN,KETAMI,KEDIRI
149768763,,ODP-KDI-FAG/43,-7.8773,112.0459,,,5,3,0,0,8,REGIONAL 5,KEDIRI,KEDIRI,KDI,,,2024-03-16 23:23:00,2016-03-10,2016,3,NON TITO,,,JAWA TIMUR,0.375,GREEN,8550808,AREA 3,JATIM,MADIUN,KEDIRI,,,0,0,0,JAWA TIMUR,KEDIRI,KANDAT,NGRECO,KEDIRI
8702371558,,ODP-KDI-FBH/36,-7.808394,112.062415,,,11,5,0,0,16,REGIONAL 5,KEDIRI,KEDIRI,KDI,,,2024-03-16 23:24:18,2022-05-09,2022,5,NON TITO,,,JAWA TIMUR,0.3125,GREEN,1179960581,AREA 3,JATIM,MADIUN,KEDIRI,,,0,0,0,JAWA TIMUR,KEDIRI,NGASEM,SUMBEREJO,KEDIRI
8702222346,,ODP-KDI-FAW/28,-7.876015,112.01649,,,7,1,0,0,8,REGIONAL 5,KEDIRI,KEDIRI,KDI,,,2024-03-16 23:22:49,2022-05-09,2022,5,NON TITO,,,JAWA TIMUR,0.125,GREEN,1179960016,AREA 3,JATIM,MADIUN,KEDIRI,,,0,0,0,JAWA TIMUR,KEDIRI,NGADILUWIH,MANGUNREJO,KEDIRI
130669366,,ODP-PAE-FH/07,-7.7469,112.1987,,,6,1,0,0,8,REGIONAL 5,KEDIRI,KEDIRI,PAE,,,2024-03-16 23:22:22,2016-02-27,2016,2,NON TITO,,,JAWA TIMUR,0.125,GREEN,7903968,AREA 3,JATIM,MADIUN,KEDIRI,,,0,0,0,JAWA TIMUR,KEDIRI,PARE,TULUNGREJO,KEDIRI
130669331,,ODP-PAE-FA/14,-7.7422,112.1827,,,10,5,0,0,16,REGIONAL 5,KEDIRI,KEDIRI,PAE,,,2024-03-16 23:22:16,2016-02-27,2016,2,NON TITO,,,JAWA TIMUR,0.3125,GREEN,7903947,AREA 3,JATIM,MADIUN,KEDIRI,,,0,0,0,JAWA TIMUR,KEDIRI,BADAS,BRINGIN,KEDIRI
8702222336,,ODP-KDI-FAW/34,-7.869577,112.027061,,,7,1,0,0,8,REGIONAL 5,KEDIRI,KEDIRI,KDI,,,2024-03-16 23:26:54,2022-05-09,2022,5,NON TITO,,,JAWA TIMUR,0.125,GREEN,1179960010,AREA 3,JATIM,MADIUN,KEDIRI,,,0,0,0,JAWA TIMUR,KEDIRI,KANDAT,BLABAK,KEDIRI
8702222326,,ODP-KDI-FAW/30,-7.877115,112.023131,,,6,2,0,0,8,REGIONAL 5,KEDIRI,KEDIRI,KDI,,,2024-03-16 23:28:07,2022-05-09,2022,5,NON TITO,,,JAWA TIMUR,0.25,GREEN,1179960004,AREA 3,JATIM,MADIUN,KEDIRI,,,0,0,0,JAWA TIMUR,KEDIRI,KANDAT,BLABAK,KEDIRI
130669280,,ODP-PAE-FF/01,-7.757831,112.182295,,,3,1,0,0,8,REGIONAL 5,KEDIRI,KEDIRI,PAE,,,2024-03-16 23:21:49,2016-02-27,2016,2,NON TITO,,,JAWA TIMUR,0.125,GREEN,7903919,AREA 3,JATIM,MADIUN,KEDIRI,,,0,0,0,JAWA TIMUR,KEDIRI,PARE,TULUNGREJO,KEDIRI
10900846825,,ODP-NDL-FH/56,-7.926113,112.014845,,,6,2,0,0,8,REGIONAL 5,KEDIRI,KEDIRI,NDL,,,2024-03-16 23:24:35,2023-11-17,2023,11,NON TITO,,,JAWA TIMUR,0.25,GREEN,1333996215,AREA 3,JATIM,MADIUN,KEDIRI,,,0,0,0,JAWA TIMUR,KEDIRI,KANDAT,CENDONO,KEDIRI
130669151,,ODP-PAE-FA/19,-7.7554,112.1819,,,2,3,0,0,8,REGIONAL 5,KEDIRI,KEDIRI,PAE,,,2024-03-16 23:21:33,2016-02-27,2016,2,NON TITO,,,JAWA TIMUR,0.375,GREEN,7903841,AREA 3,JATIM,MADIUN,KEDIRI,,,0,0,0,JAWA TIMUR,KEDIRI,PARE,TULUNGREJO,KEDIRI
8702221401,,ODP-KDI-FN/35,-7.774136,112.0467,,,5,3,0,0,8,REGIONAL 5,KEDIRI,KEDIRI,KDI,,,2024-03-16 23:27:17,2022-04-29,2022,4,NON TITO,,,JAWA TIMUR,0.375,GREEN,1179061237,AREA 3,JATIM,MADIUN,KEDIRI,,,0,0,0,JAWA TIMUR,KEDIRI,NGASEM,WONOCATUR,KEDIRI
8705296365,,ODP-MJT-FW/10,-7.83361,111.978323,,,10,6,0,0,16,REGIONAL 5,KEDIRI,KEDIRI,MJT,,,2024-03-16 23:26:26,2022-04-28,2022,4,NON TITO,,,JAWA TIMUR,0.375,GREEN,1178690685,AREA 3,JATIM,MADIUN,KEDIRI,,,0,0,0,JAWA TIMUR,KEDIRI,SEMEN,SEMEN,KEDIRI
8716619823,,ODP-PAE-FAC/16,-7.780878,112.112132,,,6,2,0,0,8,REGIONAL 5,KEDIRI,KEDIRI,PAE,,,2024-03-16 23:24:48,2022-04-28,2022,4,NON TITO,,,JAWA TIMUR,0.25,GREEN,1178690547,AREA 3,JATIM,MADIUN,KEDIRI,,,0,0,0,JAWA TIMUR,KEDIRI,GURAH,GAYAM,KEDIRI
8716619818,,ODP-PAE-FAC/15,-7.778762,112.106508,,,7,1,0,0,8,REGIONAL 5,KEDIRI,KEDIRI,PAE,,,2024-03-16 23:24:25,2022-04-28,2022,4,NON TITO,,,JAWA TIMUR,0.125,GREEN,1178690543,AREA 3,JATIM,MADIUN,KEDIRI,,,0,0,0,JAWA TIMUR,KEDIRI,PAGU,TENGGERKIDUL,KEDIRI
8702598903,,ODP-GUR-FF/26,-7.838242,112.11859,,,6,2,0,0,8,REGIONAL 5,KEDIRI,KEDIRI,GUR,,,2024-03-16 23:23:48,2022-04-28,2022,4,NON TITO,,,JAWA TIMUR,0.25,GREEN,1178688432,AREA 3,JATIM,MADIUN,KEDIRI,,,0,0,0,JAWA TIMUR,KEDIRI,PLOSOKLATEN,DONGANTI,KEDIRI
130668703,,ODP-PAE-FA/08,-7.7586,112.1866,,,7,6,0,0,16,REGIONAL 5,KEDIRI,KEDIRI,PAE,,,2024-03-16 23:22:00,2016-02-27,2016,2,NON TITO,,,JAWA TIMUR,0.375,GREEN,7903573,AREA 3,JATIM,MADIUN,KEDIRI,,,0,0,0,JAWA TIMUR,KEDIRI,PARE,TULUNGREJO,KEDIRI
130669699,,ODP-PAE-FA/12,-7.757,112.1808,,,4,3,0,0,8,REGIONAL 5,KEDIRI,KEDIRI,PAE,,,2024-03-16 23:22:19,2016-02-27,2016,2,NON TITO,,,JAWA TIMUR,0.375,GREEN,7904173,AREA 3,JATIM,MADIUN,KEDIRI,,,0,0,0,JAWA TIMUR,KEDIRI,PARE,TULUNGREJO,KEDIRI
8705299253,,ODP-SBI-FL/31,-7.950074,112.018736,,,5,3,0,0,8,REGIONAL 5,KEDIRI,KEDIRI,SBI,,,2024-03-16 23:27:19,2022-05-09,2022,5,NON TITO,,,JAWA TIMUR,0.375,GREEN,1179962825,AREA 3,JATIM,MADIUN,KEDIRI,,,0,0,0,JAWA TIMUR,KEDIRI,KANDAT,SUMBEREJO,KEDIRI
8705299258,,ODP-SBI-FL/29,-7.945968,112.006009,,,6,2,0,0,8,REGIONAL 5,KEDIRI,KEDIRI,SBI,,,2024-03-16 23:26:49,2022-05-09,2022,5,NON TITO,,,JAWA TIMUR,0.25,GREEN,1179962835,AREA 3,JATIM,MADIUN,KEDIRI,,,0,0,0,JAWA TIMUR,KEDIRI,KRAS,KRANDANG,KEDIRI
130943762,,ODP-WAT-FC/06,-7.920737,112.093533,,,5,3,0,0,8,REGIONAL 5,KEDIRI,KEDIRI,WAT,,,2024-03-16 23:24:35,2016-02-28,2016,2,NON TITO,,,JAWA TIMUR,0.375,GREEN,7973977,AREA 3,JATIM,MADIUN,KEDIRI,,,0,0,0,JAWA TIMUR,KEDIRI,WATES,POJOK,KEDIRI
146544112,,ODP-KDI-FAB/12,-7.8072,112.0099,,,6,2,0,0,8,REGIONAL 5,KEDIRI,KEDIRI,KDI,,,2024-03-16 23:27:21,2016-03-08,2016,3,NON TITO,,,JAWA TIMUR,0.25,GREEN,8253348,AREA 3,JATIM,MADIUN,KEDIRI,,,0,0,0,JAWA TIMUR,KOTA KEDIRI,KOTA KEDIRI,SEMAMPIR,KEDIRI
145043731,,ODP-KDI-FX/24,-7.851645,112.028627,,,6,2,0,0,8,REGIONAL 5,KEDIRI,KEDIRI,KDI,,,2024-03-16 23:29:02,2016-03-08,2016,3,NON TITO,,,JAWA TIMUR,0.25,GREEN,8178144,AREA 3,JATIM,MADIUN,KEDIRI,,,0,0,0,JAWA TIMUR,KOTA KEDIRI,KOTA,REJOMULYO,KEDIRI
8797470054,,ODP-KDI-FX/91,-7.850356,112.01895,,,5,3,0,0,8,REGIONAL 5,KEDIRI,KEDIRI,KDI,,,2024-03-16 23:22:35,2022-05-27,2022,5,NON TITO,,,JAWA TIMUR,0.375,GREEN,1182438741,AREA 3,JATIM,MADIUN,KEDIRI,,,0,0,0,JAWA TIMUR,KOTA KEDIRI,KOTA,REJOMULYO,KEDIRI
8802118798,,ODP-WAT-FJ/22,-7.882252,112.096446,,,6,2,0,0,8,REGIONAL 5,KEDIRI,KEDIRI,WAT,,,2024-03-16 23:22:46,2022-05-27,2022,5,NON TITO,,,JAWA TIMUR,0.25,GREEN,1182436564,AREA 3,JATIM,MADIUN,KEDIRI,,,0,0,0,JAWA TIMUR,KEDIRI,WATES,KARANGANYAR,KEDIRI
8798068557,,ODP-PAE-FJ/40,-7.751183,112.198913,,,7,1,0,0,8,REGIONAL 5,KEDIRI,KEDIRI,PAE,,,2024-03-16 23:25:07,2022-05-24,2022,5,NON TITO,,,JAWA TIMUR,0.125,GREEN,1181899560,AREA 3,JATIM,MADIUN,KEDIRI,,,0,0,0,JAWA TIMUR,KEDIRI,PARE,TULUNGREJO,KEDIRI
8763869841,,ODP-SBI-FF/11,-7.950939,112.050339,,,6,2,0,0,8,REGIONAL 5,KEDIRI,KEDIRI,SBI,,,2024-03-16 23:23:08,2022-05-23,2022,5,NON TITO,,,JAWA TIMUR,0.25,GREEN,1181890406,AREA 3,JATIM,MADIUN,KEDIRI,,,0,0,0,JAWA TIMUR,KEDIRI,KANDAT,KARANGREJO,KEDIRI
8782544946,,ODP-KAA-FD/47,-7.746839,112.252667,,,6,2,0,0,8,REGIONAL 5,KEDIRI,KEDIRI,KAA,,,2024-03-16 23:24:19,2022-05-23,2022,5,NON TITO,,,JAWA TIMUR,0.25,GREEN,1181888247,AREA 3,JATIM,MADIUN,KEDIRI,,,0,0,0,JAWA TIMUR,KEDIRI,KANDANGAN,KARANGTENGAH,KEDIRI
8810520166,,ODP-KDI-FBA/40,-7.837251,112.068723,,,5,3,0,0,8,REGIONAL 5,KEDIRI,KEDIRI,KDI,,,2024-03-16 23:26:57,2022-06-06,2022,6,NON TITO,,,JAWA TIMUR,0.375,GREEN,1183387074,AREA 3,JATIM,MADIUN,KEDIRI,,,0,0,0,JAWA TIMUR,KOTA KEDIRI,PESANTREN,KETAMI,KEDIRI
8784268663,,ODP-PPR-FE/70,-7.713329,112.067878,,,6,2,0,0,8,REGIONAL 5,KEDIRI,KEDIRI,PPR,,,2024-03-16 23:21:49,2022-05-23,2022,5,NON TITO,,,JAWA TIMUR,0.25,GREEN,1181887846,AREA 3,JATIM,MADIUN,KEDIRI,,,0,0,0,JAWA TIMUR,KEDIRI,PAPAR,JANTI,KEDIRI
8742418546,,ODP-SBI-FE/39,-7.982872,112.041528,,,6,2,0,0,8,REGIONAL 5,KEDIRI,KEDIRI,SBI,,,2024-03-16 23:22:58,2022-05-10,2022,5,NON TITO,,,JAWA TIMUR,0.25,GREEN,1179966588,AREA 3,JATIM,MADIUN,KEDIRI,,,0,0,0,JAWA TIMUR,KEDIRI,RINGINREJO,RINGINREJO,KEDIRI
8705299293,,ODP-SBI-FL/23,-7.942175,111.990427,,,7,1,0,0,8,REGIONAL 5,KEDIRI,KEDIRI,SBI,,,2024-03-16 23:26:21,2022-05-09,2022,5,NON TITO,,,JAWA TIMUR,0.125,GREEN,1179962864,AREA 3,JATIM,MADIUN,KEDIRI,,,0,0,0,JAWA TIMUR,KEDIRI,KRAS,KRANDANG,KEDIRI
140168699,,ODP-KDI-FU/13,-7.8103,112.0529,,,5,3,0,0,8,REGIONAL 5,KEDIRI,KEDIRI,KDI,,,2024-03-16 23:22:38,2016-03-05,2016,3,NON TITO,,,JAWA TIMUR,0.375,GREEN,8175312,AREA 3,JATIM,MADIUN,KEDIRI,,,0,0,0,JAWA TIMUR,KEDIRI,NGASEM,PARON,KEDIRI
8705299273,,ODP-SBI-FL/27,-7.95105,112.005813,,,6,2,0,0,8,REGIONAL 5,KEDIRI,KEDIRI,SBI,,,2024-03-16 23:25:39,2022-05-09,2022,5,NON TITO,,,JAWA TIMUR,0.25,GREEN,1179962850,AREA 3,JATIM,MADIUN,KEDIRI,,,0,0,0,JAWA TIMUR,KEDIRI,RINGINREJO,NAMBAKAN,KEDIRI
8705299268,,ODP-SBI-FL/30,-7.948283,112.013322,,,5,3,0,0,8,REGIONAL 5,KEDIRI,KEDIRI,SBI,,,2024-03-16 23:26:52,2022-05-09,2022,5,NON TITO,,,JAWA TIMUR,0.375,GREEN,1179962844,AREA 3,JATIM,MADIUN,KEDIRI,,,0,0,0,JAWA TIMUR,KEDIRI,RINGINREJO,NAMBAKAN,KEDIRI
8705299263,,ODP-SBI-FL/28,-7.950241,112.003288,,,6,1,0,0,8,REGIONAL 5,KEDIRI,KEDIRI,SBI,,,2024-03-16 23:27:15,2022-05-09,2022,5,NON TITO,,,JAWA TIMUR,0.125,GREEN,1179962841,AREA 3,JATIM,MADIUN,KEDIRI,,,0,0,0,JAWA TIMUR,KEDIRI,KRAS,KRANDANG,KEDIRI
130943769,,ODP-WAT-FC/07,-7.923851,112.092737,,,5,3,0,0,8,REGIONAL 5,KEDIRI,KEDIRI,WAT,,,2024-03-16 23:24:46,2016-02-28,2016,2,NON TITO,,,JAWA TIMUR,0.375,GREEN,7973981,AREA 3,JATIM,MADIUN,KEDIRI,,,0,0,0,JAWA TIMUR,KEDIRI,WATES,POJOK,KEDIRI
8764094533,,ODP-MJT-FAK/04,-7.859492,111.986705,,,11,5,0,0,16,REGIONAL 5,KEDIRI,KEDIRI,MJT,,,2024-03-16 23:22:06,2022-05-17,2022,5,NON TITO,,,JAWA TIMUR,0.3125,GREEN,1181847689,AREA 3,JATIM,MADIUN,KEDIRI,,,0,0,0,JAWA TIMUR,KEDIRI,MOJO,PETOK,KEDIRI
8704470237,,ODP-NDL-FE/69,-7.962109,111.948811,,,6,2,0,0,8,REGIONAL 5,KEDIRI,KEDIRI,NDL,,,2024-03-16 23:24:23,2022-04-27,2022,4,NON TITO,,,JAWA TIMUR,0.25,GREEN,1178541334,AREA 3,JATIM,MADIUN,KEDIRI,,,0,0,0,JAWA TIMUR,KEDIRI,KRAS,NYAWANGAN,KEDIRI
8990069442,,ODP-KDI-FK/46,-7.786236,112.02938,,,5,3,0,0,8,REGIONAL 5,KEDIRI,KEDIRI,KDI,,,2024-03-16 23:23:47,2022-07-18,2022,7,NON TITO,,,JAWA TIMUR,0.375,GREEN,1196051771,AREA 3,JATIM,MADIUN,KEDIRI,,,0,0,0,JAWA TIMUR,KEDIRI,NGASEM,KWADUNGAN,KEDIRI
9005368905,,ODP-MJT-FA/67,-7.726146,111.952405,,,6,2,0,0,8,REGIONAL 5,KEDIRI,KEDIRI,MJT,,,2024-03-16 23:24:47,2022-07-18,2022,7,NON TITO,,,JAWA TIMUR,0.25,GREEN,1196052605,AREA 3,JATIM,MADIUN,KEDIRI,,,0,0,0,JAWA TIMUR,KEDIRI,TAROKAN,KALIBOTO,KEDIRI
11575243569,,ODP-PPR-FG/50,-7.655938,112.151027,,,7,1,0,0,8,REGIONAL 5,KEDIRI,KEDIRI,PPR,,,2024-06-07 17:24:27,2024-06-07,2024,6,NON TITO,,,JAWA TIMUR,0.125,GREEN,1441086327,AREA 3,JATIM,MADIUN,KEDIRI,,,0,0,0,JAWA TIMUR,KEDIRI,KUNJANG,KAPAS,KEDIRI
11575243574,,ODP-PPR-FG/51,-7.654389,112.14834,,,6,2,0,0,8,REGIONAL 5,KEDIRI,KEDIRI,PPR,,,2024-06-07 17:24:26,2024-06-07,2024,6,NON TITO,,,JAWA TIMUR,0.25,GREEN,1441086330,AREA 3,JATIM,MADIUN,KEDIRI,,,0,0,0,JAWA TIMUR,KEDIRI,KUNJANG,KAPAS,KEDIRI
9284519834,,ODP-MJT-FAK/06,-7.857584,111.988745,,,6,2,0,0,8,REGIONAL 5,KEDIRI,KEDIRI,MJT,,,2024-03-16 23:24:17,2022-09-19,2022,9,NON TITO,,,JAWA TIMUR,0.25,GREEN,1226009697,AREA 3,JATIM,MADIUN,KEDIRI,,,0,0,0,JAWA TIMUR,KEDIRI,MOJO,PETOK,KEDIRI
9262319889,,ODP-WAT-FX/35,-7.852943,112.105288,,,5,3,0,0,8,REGIONAL 5,KEDIRI,KEDIRI,WAT,,,2024-03-16 23:21:04,2022-09-15,2022,9,NON TITO,,,JAWA TIMUR,0.375,GREEN,1225978530,AREA 3,JATIM,MADIUN,KEDIRI,,,0,0,0,JAWA TIMUR,KEDIRI,GURAH,NGASEM,KEDIRI
11576068559,,ODP-PAE-FA/46,-7.766493,112.181825,,,7,1,0,0,8,REGIONAL 5,KEDIRI,KEDIRI,PAE,,,2024-06-08 23:21:41,2024-06-07,2024,6,NON TITO,,,JAWA TIMUR,0.125,GREEN,1441087015,AREA 3,JATIM,MADIUN,KEDIRI,,,0,0,0,JAWA TIMUR,KEDIRI,PARE,TULUNGREJO,KEDIRI
9262319884,,ODP-WAT-FP/28,-7.958209,112.190449,,,5,3,0,0,8,REGIONAL 5,KEDIRI,KEDIRI,WAT,,,2024-03-16 23:24:52,2022-09-15,2022,9,NON TITO,,,JAWA TIMUR,0.375,GREEN,1225978526,AREA 3,JATIM,MADIUN,KEDIRI,,,0,0,0,JAWA TIMUR,KEDIRI,NGANCAR,MANGGIS,KEDIRI
11577793723,,ODP-PAE-FS/40,-7.862862,112.192395,,,7,1,0,0,8,REGIONAL 5,KEDIRI,KEDIRI,PAE,,,2024-06-08 23:21:39,2024-06-08,2024,6,NON TITO,,,JAWA TIMUR,0.125,GREEN,1441312179,AREA 3,JATIM,MADIUN,KEDIRI,,,0,0,0,JAWA TIMUR,KEDIRI,PLOSOKLATEN,WONOREJO TRISULO,KEDIRI
9262319874,,ODP-WAT-FP/29,-7.954129,112.182342,,,6,2,0,0,8,REGIONAL 5,KEDIRI,KEDIRI,WAT,,,2024-03-16 23:25:22,2022-09-15,2022,9,NON TITO,,,JAWA TIMUR,0.25,GREEN,1225978517,AREA 3,JATIM,MADIUN,KEDIRI,,,0,0,0,JAWA TIMUR,KEDIRI,NGANCAR,MANGGIS,KEDIRI
9261425531,,ODP-SBI-FF/12,-7.960458,112.060808,,,7,1,0,0,8,REGIONAL 5,KEDIRI,KEDIRI,SBI,,,2024-03-16 23:23:24,2022-09-15,2022,9,NON TITO,,,JAWA TIMUR,0.125,GREEN,1225975368,AREA 3,JATIM,MADIUN,KEDIRI,,,0,0,0,JAWA TIMUR,KEDIRI,RINGINREJO,PURWODADI,KEDIRI
9269970090,,ODP-GUR-FH/47,-7.771442,112.093184,,,5,3,0,0,8,REGIONAL 5,KEDIRI,KEDIRI,GUR,,,2024-03-16 23:22:38,2022-09-15,2022,9,NON TITO,,,JAWA TIMUR,0.375,GREEN,1225975008,AREA 3,JATIM,MADIUN,KEDIRI,,,0,0,0,JAWA TIMUR,KEDIRI,PAGU,SEMANDING,KEDIRI
9269968932,,ODP-WAT-FK/09,-7.880004,112.073164,,,5,3,0,0,8,REGIONAL 5,KEDIRI,KEDIRI,WAT,,,2024-03-16 23:22:17,2022-09-13,2022,9,NON TITO,,,JAWA TIMUR,0.375,GREEN,1225958894,AREA 3,JATIM,MADIUN,KEDIRI,,,0,0,0,JAWA TIMUR,KEDIRI,WATES,PAGU,KEDIRI
9261418895,,ODP-KDI-FX/97,-7.844592,112.023307,,,6,2,0,0,8,REGIONAL 5,KEDIRI,KEDIRI,KDI,,,2024-03-16 23:29:06,2022-09-12,2022,9,NON TITO,,,JAWA TIMUR,0.25,GREEN,1225947525,AREA 3,JATIM,MADIUN,KEDIRI,,,0,0,0,JAWA TIMUR,KOTA KEDIRI,KOTA KEDIRI,NGRONGGO,KEDIRI
9246419837,,ODP-PAE-FU/60,-7.830947,112.277592,,,7,1,0,0,8,REGIONAL 5,KEDIRI,KEDIRI,PAE,,,2024-03-16 23:24:28,2022-09-08,2022,9,NON TITO,,,JAWA TIMUR,0.125,GREEN,1224678571,AREA 3,JATIM,MADIUN,KEDIRI,,,0,0,0,JAWA TIMUR,KEDIRI,KEPUNG,KAMPUNGBARU,KEDIRI
9246419832,,ODP-PAE-FU/59,-7.831852,112.280304,,,10,6,0,0,16,REGIONAL 5,KEDIRI,KEDIRI,PAE,,,2024-03-16 23:29:18,2022-09-08,2022,9,NON TITO,,,JAWA TIMUR,0.375,GREEN,1224678565,AREA 3,JATIM,MADIUN,KEDIRI,,,0,0,0,JAWA TIMUR,KEDIRI,KEPUNG,KAMPUNGBARU,KEDIRI
9246419827,,ODP-PAE-FE/32,-7.747439,112.143686,,,7,1,0,0,8,REGIONAL 5,KEDIRI,KEDIRI,PAE,,,2024-03-16 23:29:14,2022-09-08,2022,9,NON TITO,,,JAWA TIMUR,0.125,GREEN,1224678555,AREA 3,JATIM,MADIUN,KEDIRI,,,0,0,0,JAWA TIMUR,KEDIRI,KAYEN KIDUL,JAMBU,KEDIRI
9285043580,,ODP-PPR-FH/17,-7.677469,112.132581,,,7,1,0,0,8,REGIONAL 5,KEDIRI,KEDIRI,PPR,,,2024-03-16 23:24:44,2022-09-19,2022,9,NON TITO,,,JAWA TIMUR,0.125,GREEN,1226095983,AREA 3,JATIM,MADIUN,KEDIRI,,,0,0,0,JAWA TIMUR,KEDIRI,PLEMAHAN,PLEMAHAN,KEDIRI
9284294367,,ODP-MJT-FU/19,-7.832552,111.962683,,,6,2,0,0,8,REGIONAL 5,KEDIRI,KEDIRI,MJT,,,2024-03-16 23:24:50,2022-09-21,2022,9,NON TITO,,,JAWA TIMUR,0.25,GREEN,1226321676,AREA 3,JATIM,MADIUN,KEDIRI,,,0,0,0,JAWA TIMUR,KEDIRI,SEMEN,TITIK,KEDIRI
9318118636,,ODP-MJT-FB/108,-7.725721,111.961268,,,6,2,0,0,8,REGIONAL 5,KEDIRI,KEDIRI,MJT,,,2024-03-16 23:24:20,2022-09-21,2022,9,NON TITO,,,JAWA TIMUR,0.25,GREEN,1226322043,AREA 3,JATIM,MADIUN,KEDIRI,,,0,0,0,JAWA TIMUR,KEDIRI,TAROKAN,KALIRONG,KEDIRI
9320893947,,ODP-KAA-FB/71,-7.729591,112.276164,,,7,1,0,0,8,REGIONAL 5,KEDIRI,KEDIRI,KAA,,,2024-03-16 23:22:28,2022-09-22,2022,9,NON TITO,,,JAWA TIMUR,0.125,GREEN,1226331227,AREA 3,JATIM,MADIUN,KEDIRI,,,0,0,0,JAWA TIMUR,KEDIRI,KANDANGAN,JERUKWANGI,KEDIRI
9364768976,,ODP-GUR-FL/25,-7.806352,112.094378,,,5,3,0,0,8,REGIONAL 5,KEDIRI,KEDIRI,GUR,,,2024-03-16 23:28:17,2022-10-04,2022,10,NON TITO,,,JAWA TIMUR,0.375,GREEN,1230077628,AREA 3,JATIM,MADIUN,KEDIRI,,,0,0,0,JAWA TIMUR,KEDIRI,GURAH,SUKOREJO,KEDIRI
9339343920,,ODP-GUR-FM/10,-7.793369,112.065247,,,11,4,0,0,16,REGIONAL 5,KEDIRI,KEDIRI,GUR,,,2024-03-16 23:25:05,2022-09-28,2022,9,NON TITO,,,JAWA TIMUR,0.25,GREEN,1228507423,AREA 3,JATIM,MADIUN,KEDIRI,,,0,0,0,JAWA TIMUR,KEDIRI,PAGU,BULUPASAR,KEDIRI
9339494098,,ODP-KAA-FB/72,-7.749457,112.281432,,,6,2,0,0,8,REGIONAL 5,KEDIRI,KEDIRI,KAA,,,2024-03-16 23:21:19,2022-09-27,2022,9,NON TITO,,,JAWA TIMUR,0.25,GREEN,1228495776,AREA 3,JATIM,MADIUN,KEDIRI,,,0,0,0,JAWA TIMUR,KEDIRI,KANDANGAN,KANDANGAN,KEDIRI
9320071816,,ODP-KDI-FAJ/71,-7.813787,112.013936,,,5,3,0,0,8,REGIONAL 5,KEDIRI,KEDIRI,KDI,,,2024-03-16 23:29:07,2022-09-26,2022,9,NON TITO,,,JAWA TIMUR,0.375,GREEN,1226926392,AREA 3,JATIM,MADIUN,KEDIRI,,,0,0,0,JAWA TIMUR,KOTA KEDIRI,KOTA,POCANAN,KEDIRI
9320069651,,ODP-PPR-FE/76,-7.730187,112.088765,,,7,1,0,0,8,REGIONAL 5,KEDIRI,KEDIRI,PPR,,,2024-03-16 23:28:38,2022-09-23,2022,9,NON TITO,,,JAWA TIMUR,0.125,GREEN,1226341466,AREA 3,JATIM,MADIUN,KEDIRI,,,0,0,0,JAWA TIMUR,KEDIRI,PAPAR,PEHWETAN,KEDIRI
11533396734,,ODP-PAE-FS/39,-7.819292,112.179603,,,5,3,0,0,8,REGIONAL 5,KEDIRI,KEDIRI,PAE,,,2024-05-29 01:53:24,2024-05-27,2024,5,NON TITO,,,JAWA TIMUR,0.375,GREEN,1435237234,AREA 3,JATIM,MADIUN,KEDIRI,,,0,0,0,JAWA TIMUR,KEDIRI,PUNCU,SIDOMULYO,KEDIRI
11532872603,,ODP-KDI-FAX/20,-7.8523,112.067816,,,6,2,0,0,8,REGIONAL 5,KEDIRI,KEDIRI,KDI,,,2024-05-30 17:27:47,2024-05-30,2024,5,NON TITO,,,JAWA TIMUR,0.25,GREEN,1437186319,AREA 3,JATIM,MADIUN,KEDIRI,,,0,0,0,JAWA TIMUR,KOTA KEDIRI,PESANTREN,NGLETIH,KEDIRI
9246268757,,ODP-MJT-FAL/12,-7.853713,111.989027,,,5,3,0,0,8,REGIONAL 5,KEDIRI,KEDIRI,MJT,,,2024-03-16 23:24:17,2022-09-08,2022,9,NON TITO,,,JAWA TIMUR,0.375,GREEN,1224677159,AREA 3,JATIM,MADIUN,KEDIRI,,,0,0,0,JAWA TIMUR,KEDIRI,MOJO,PETOK,KEDIRI
11532872613,,ODP-KDI-FAX/23,-7.857716,112.068781,,,5,3,0,0,8,REGIONAL 5,KEDIRI,KEDIRI,KDI,,,2024-05-30 17:27:21,2024-05-30,2024,5,NON TITO,,,JAWA TIMUR,0.375,GREEN,1437186325,AREA 3,JATIM,MADIUN,KEDIRI,,,0,0,0,JAWA TIMUR,KEDIRI,WATES,JANTI,KEDIRI
9322618717,,ODP-SBI-FD/36,-7.980895,111.988416,,,5,2,0,0,8,REGIONAL 5,KEDIRI,KEDIRI,SBI,,,2024-03-16 23:25:40,2022-09-22,2022,9,NON TITO,,,JAWA TIMUR,0.25,GREEN,1226334550,AREA 3,JATIM,MADIUN,KEDIRI,,,0,0,0,JAWA TIMUR,KEDIRI,KRAS,JABANG,KEDIRI
11566918557,,ODP-PPR-FD/62,-7.646214,112.102856,,,7,1,0,0,8,REGIONAL 5,KEDIRI,KEDIRI,PPR,,,2024-06-05 17:18:59,2024-06-04,2024,6,NON TITO,,,JAWA TIMUR,0.125,GREEN,1439662177,AREA 3,JATIM,MADIUN,KEDIRI,,,0,0,0,JAWA TIMUR,KEDIRI,PURWOASRI,PURWOASRI,KEDIRI
9322618709,,ODP-SBI-FD/35,-7.983387,111.98781,,,7,1,0,0,8,REGIONAL 5,KEDIRI,KEDIRI,SBI,,,2024-03-16 23:26:49,2022-09-22,2022,9,NON TITO,,,JAWA TIMUR,0.125,GREEN,1226334543,AREA 3,JATIM,MADIUN,KEDIRI,,,0,0,0,JAWA TIMUR,KEDIRI,RINGINREJO,JEMEKAN,KEDIRI
9322618704,,ODP-SBI-FD/37,-7.978738,111.988838,,,4,3,1,0,8,REGIONAL 5,KEDIRI,KEDIRI,SBI,,,2024-03-16 23:27:19,2022-09-22,2022,9,NON TITO,,,JAWA TIMUR,0.375,GREEN,1226334532,AREA 3,JATIM,MADIUN,KEDIRI,,,0,0,0,JAWA TIMUR,KEDIRI,KRAS,JABANG,KEDIRI
9320144246,,ODP-SBI-FC/32,-7.947727,111.989203,,,6,2,0,0,8,REGIONAL 5,KEDIRI,KEDIRI,SBI,,,2024-03-16 23:23:26,2022-09-22,2022,9,NON TITO,,,JAWA TIMUR,0.25,GREEN,1226334150,AREA 3,JATIM,MADIUN,KEDIRI,,,0,0,0,JAWA TIMUR,KEDIRI,KRAS,KANIGORO,KEDIRI
11568718589,,ODP-PAE-FAM/20,-7.759375,112.176161,,,5,3,0,0,8,REGIONAL 5,KEDIRI,KEDIRI,PAE,,,2024-06-06 17:22:40,2024-06-06,2024,6,NON TITO,,,JAWA TIMUR,0.375,GREEN,1440337317,AREA 3,JATIM,MADIUN,KEDIRI,,,0,0,0,JAWA TIMUR,KEDIRI,PARE,PELEM,KEDIRI
11575243564,,ODP-PPR-FG/53,-7.654493,112.155039,,,6,2,0,0,8,REGIONAL 5,KEDIRI,KEDIRI,PPR,,,2024-06-07 17:24:04,2024-06-07,2024,6,NON TITO,,,JAWA TIMUR,0.25,GREEN,1441086323,AREA 3,JATIM,MADIUN,KEDIRI,,,0,0,0,JAWA TIMUR,KEDIRI,KUNJANG,KUNJANG,KEDIRI
9319769548,,ODP-KDI-FBE/14,-7.830039,112.019086,,,7,1,0,0,8,REGIONAL 5,KEDIRI,KEDIRI,KDI,,,2024-03-16 23:26:52,2022-09-23,2022,9,NON TITO,,,JAWA TIMUR,0.125,GREEN,1226338227,AREA 3,JATIM,MADIUN,KEDIRI,,,0,0,0,JAWA TIMUR,KOTA KEDIRI,KOTA,KAMPUNG DALEM,KEDIRI
9005368890,,ODP-MJT-FA/69,-7.74163,111.949955,,,5,3,0,0,8,REGIONAL 5,KEDIRI,KEDIRI,MJT,,,2024-03-16 23:24:46,2022-07-18,2022,7,NON TITO,,,JAWA TIMUR,0.375,GREEN,1196052596,AREA 3,JATIM,MADIUN,KEDIRI,,,0,0,0,JAWA TIMUR,KEDIRI,TAROKAN,BULUSARI,KEDIRI
9246268619,,ODP-KDI-FAD/36,-7.852606,112.046842,,,5,3,0,0,8,REGIONAL 5,KEDIRI,KEDIRI,KDI,,,2024-03-16 23:24:49,2022-09-08,2022,9,NON TITO,,,JAWA TIMUR,0.375,GREEN,1224675711,AREA 3,JATIM,MADIUN,KEDIRI,,,0,0,0,JAWA TIMUR,KOTA KEDIRI,PESANTREN,BETET,KEDIRI
9231568863,,ODP-PAE-FAL/56,-7.772284,112.21753,,,4,3,0,0,8,REGIONAL 5,KEDIRI,KEDIRI,PAE,,,2024-03-16 23:25:40,2022-09-06,2022,9,NON TITO,,,JAWA TIMUR,0.375,GREEN,1221074581,AREA 3,JATIM,MADIUN,KEDIRI,,,0,0,0,JAWA TIMUR,KEDIRI,PARE,TERTEK,KEDIRI
9085094240,,ODP-KDI-FAY/41,-7.835333,112.045528,,,4,3,0,0,8,REGIONAL 5,KEDIRI,KEDIRI,KDI,,,2024-03-16 23:28:30,2022-08-08,2022,8,NON TITO,,,JAWA TIMUR,0.375,GREEN,1206153128,AREA 3,JATIM,MADIUN,KEDIRI,,,0,0,0,JAWA TIMUR,KOTA KEDIRI,PESANTREN,BANARAN,KEDIRI
9083294378,,ODP-KDI-FAV/24,-7.853141,112.057065,,,5,3,0,0,8,REGIONAL 5,KEDIRI,KEDIRI,KDI,,,2024-03-16 23:28:52,2022-08-08,2022,8,NON TITO,,,JAWA TIMUR,0.375,GREEN,1206152727,AREA 3,JATIM,MADIUN,KEDIRI,,,0,0,0,JAWA TIMUR,KOTA KEDIRI,PESANTREN,BAWANG,KEDIRI
11612968624,,ODP-KDI-FBJ/45,-7.82094,112.052583,,,5,2,1,0,8,REGIONAL 5,KEDIRI,KEDIRI,KDI,,,2024-06-29 17:31:50,2024-06-28,2024,6,NON TITO,,,JAWA TIMUR,0.25,GREEN,1443866681,AREA 3,JATIM,MADIUN,KEDIRI,,,0,0,0,JAWA TIMUR,KEDIRI,NGASEM,GOGORANTE,KEDIRI
9081944158,,ODP-PAE-FE/29,-7.743331,112.135094,,,6,2,0,0,8,REGIONAL 5,KEDIRI,KEDIRI,PAE,,,2024-03-16 23:26:29,2022-08-05,2022,8,NON TITO,,,JAWA TIMUR,0.25,GREEN,1204645832,AREA 3,JATIM,MADIUN,KEDIRI,,,0,0,0,JAWA TIMUR,KEDIRI,KAYEN KIDUL,SEKARAN,KEDIRI
9062295691,,ODP-PPR-FD/56,-7.663938,112.10772,,,5,3,0,0,8,REGIONAL 5,KEDIRI,KEDIRI,PPR,,,2024-03-16 23:27:10,2022-08-03,2022,8,NON TITO,,,JAWA TIMUR,0.375,GREEN,1204200911,AREA 3,JATIM,MADIUN,KEDIRI,,,0,0,0,JAWA TIMUR,KEDIRI,PURWOASRI,JANTOK,KEDIRI
9076019033,,ODP-NDL-FH/52,-7.908533,111.97702,,,5,3,0,0,8,REGIONAL 5,KEDIRI,KEDIRI,NDL,,,2024-03-16 23:25:54,2022-08-02,2022,8,NON TITO,,,JAWA TIMUR,0.375,GREEN,1203890714,AREA 3,JATIM,MADIUN,KEDIRI,,,0,0,0,JAWA TIMUR,KEDIRI,NGADILUWIH,BRANGGAHAN,KEDIRI
9066868754,,ODP-GUR-FC/25,-7.821506,112.102277,,,5,3,0,0,8,REGIONAL 5,KEDIRI,KEDIRI,GUR,,,2024-03-16 23:24:23,2022-07-28,2022,7,NON TITO,,,JAWA TIMUR,0.375,GREEN,1203852578,AREA 3,JATIM,MADIUN,KEDIRI,,,0,0,0,JAWA TIMUR,KEDIRI,GURAH,SUMBERCANGKRING,KEDIRI
9062594114,,ODP-MJT-FAL/10,-7.848927,111.987835,,,7,1,0,0,8,REGIONAL 5,KEDIRI,KEDIRI,MJT,,,2024-03-16 23:28:14,2022-07-27,2022,7,NON TITO,,,JAWA TIMUR,0.125,GREEN,1203842396,AREA 3,JATIM,MADIUN,KEDIRI,,,0,0,0,JAWA TIMUR,KEDIRI,SEMEN,SIDOMULYO,KEDIRI
9050520112,,ODP-MJT-FG/53,-7.780252,111.997007,,,6,2,0,0,8,REGIONAL 5,KEDIRI,KEDIRI,MJT,,,2024-03-16 23:22:45,2022-07-27,2022,7,NON TITO,,,JAWA TIMUR,0.25,GREEN,1203841463,AREA 3,JATIM,MADIUN,KEDIRI,,,0,0,0,JAWA TIMUR,KOTA KEDIRI,MOJOROTO,MRICAN,KEDIRI
9048945716,,ODP-KDI-FAV/23,-7.843989,112.067279,,,6,2,0,0,8,REGIONAL 5,KEDIRI,KEDIRI,KDI,,,2024-03-16 23:22:23,2022-07-26,2022,7,NON TITO,,,JAWA TIMUR,0.25,GREEN,1203833762,AREA 3,JATIM,MADIUN,KEDIRI,,,0,0,0,JAWA TIMUR,KOTA KEDIRI,PESANTREN,TAMPUREJO,KEDIRI
9049769563,,ODP-KDI-FN/37,-7.779379,112.032206,,,6,2,0,0,8,REGIONAL 5,KEDIRI,KEDIRI,KDI,,,2024-03-16 23:22:42,2022-07-25,2022,7,NON TITO,,,JAWA TIMUR,0.25,GREEN,1203821707,AREA 3,JATIM,MADIUN,KEDIRI,,,0,0,0,JAWA TIMUR,KEDIRI,GAMPENGREJO,SAMBIREJO,KEDIRI
9047668528,,ODP-GUR-FE/21,-7.802039,112.084438,,,5,3,0,0,8,REGIONAL 5,KEDIRI,KEDIRI,GUR,,,2024-03-16 23:22:20,2022-07-22,2022,7,NON TITO,,,JAWA TIMUR,0.375,GREEN,1202244075,AREA 3,JATIM,MADIUN,KEDIRI,,,0,0,0,JAWA TIMUR,KEDIRI,PAGU,WONOSARI,KEDIRI
9019019119,,OTB-WAT-FC/01,-7.918677,112.093882,,,7,1,0,0,8,REGIONAL 5,KEDIRI,KEDIRI,WAT,,,2024-03-16 23:23:22,2022-07-21,2022,7,NON TITO,,,JAWA TIMUR,0.125,GREEN,1202098154,AREA 3,JATIM,MADIUN,KEDIRI,,,0,0,0,JAWA TIMUR,KEDIRI,WATES,POJOK,KEDIRI
9019019092,,ODP-MJT-FZ/33,-7.833772,112.00181,,,6,2,0,0,8,REGIONAL 5,KEDIRI,KEDIRI,MJT,,,2024-03-16 23:23:32,2022-07-21,2022,7,NON TITO,,,JAWA TIMUR,0.25,GREEN,1202098136,AREA 3,JATIM,MADIUN,KEDIRI,,,0,0,0,JAWA TIMUR,KOTA KEDIRI,MOJOROTO,BANJARMLATI,KEDIRI
9020219143,,ODP-KDI-FAG/54,-7.870386,112.050738,,,5,3,0,0,8,REGIONAL 5,KEDIRI,KEDIRI,KDI,,,2024-03-16 23:27:50,2022-07-20,2022,7,NON TITO,,,JAWA TIMUR,0.375,GREEN,1202020186,AREA 3,JATIM,MADIUN,KEDIRI,,,0,0,0,JAWA TIMUR,KEDIRI,KANDAT,NGRECO,KEDIRI
9098368724,,ODP-PPR-FA/10,-7.717185,112.14679,,,7,1,0,0,8,REGIONAL 5,KEDIRI,KEDIRI,PPR,,,2024-03-16 23:23:10,2022-08-09,2022,8,NON TITO,,,JAWA TIMUR,0.125,GREEN,1206162482,AREA 3,JATIM,MADIUN,KEDIRI,,,0,0,0,JAWA TIMUR,KEDIRI,PLEMAHAN,SEBET,KEDIRI
11602843545,,ODP-PPR-FG/55,-7.680008,112.156938,,,6,2,0,0,8,REGIONAL 5,KEDIRI,KEDIRI,PPR,,,2024-06-25 17:26:50,2024-06-25,2024,6,NON TITO,,,JAWA TIMUR,0.25,GREEN,1443641255,AREA 3,JATIM,MADIUN,KEDIRI,,,0,0,0,JAWA TIMUR,KEDIRI,PLEMAHAN,SUKOHARJO,KEDIRI
11595718576,,ODP-PAE-FH/47,-7.745993,112.205629,,,5,3,0,0,8,REGIONAL 5,KEDIRI,KEDIRI,PAE,,,2024-06-20 23:41:10,2024-06-20,2024,6,NON TITO,,,JAWA TIMUR,0.375,GREEN,1443111727,AREA 3,JATIM,MADIUN,KEDIRI,,,0,0,0,JAWA TIMUR,KEDIRI,BADAS,BRINGIN,KEDIRI
11577794223,,ODP-KDI-FAY/47,-7.843538,112.031375,,,6,2,0,0,8,REGIONAL 5,KEDIRI,KEDIRI,KDI,,,2024-06-20 23:38:07,2024-06-19,2024,6,NON TITO,,,JAWA TIMUR,0.25,GREEN,1442738936,AREA 3,JATIM,MADIUN,KEDIRI,,,0,0,0,JAWA TIMUR,KOTA KEDIRI,KOTA,NGRONGGO,KEDIRI
9205318789,,ODP-PAE-FAF/42,-7.768762,112.167431,,,7,1,0,0,8,REGIONAL 5,KEDIRI,KEDIRI,PAE,,,2024-03-16 23:29:03,2022-08-31,2022,8,NON TITO,,,JAWA TIMUR,0.125,GREEN,1220325986,AREA 3,JATIM,MADIUN,KEDIRI,,,0,0,0,JAWA TIMUR,KEDIRI,PARE,PELEM,KEDIRI
9205394117,,ODP-KDI-FN/40,-7.782874,112.036381,,,5,3,0,0,8,REGIONAL 5,KEDIRI,KEDIRI,KDI,,,2024-03-16 23:23:52,2022-08-31,2022,8,NON TITO,,,JAWA TIMUR,0.375,GREEN,1220325374,AREA 3,JATIM,MADIUN,KEDIRI,,,0,0,0,JAWA TIMUR,KEDIRI,GAMPENGREJO,SAMBIREJO,KEDIRI
9177270732,,ODP-MJT-FAA/25,-7.772569,111.967556,,,6,2,0,0,8,REGIONAL 5,KEDIRI,KEDIRI,MJT,,,2024-03-16 23:25:18,2022-08-30,2022,8,NON TITO,,,JAWA TIMUR,0.25,GREEN,1210036679,AREA 3,JATIM,MADIUN,KEDIRI,,,0,0,0,JAWA TIMUR,KEDIRI,BANYAKAN,MARON,KEDIRI
9173899997,,ODP-SBI-FL/33,-7.93842,111.991335,,,7,1,0,0,8,REGIONAL 5,KEDIRI,KEDIRI,SBI,,,2024-03-16 23:25:32,2022-08-29,2022,8,NON TITO,,,JAWA TIMUR,0.125,GREEN,1210029771,AREA 3,JATIM,MADIUN,KEDIRI,,,0,0,0,JAWA TIMUR,KEDIRI,KRAS,KRANDANG,KEDIRI
9177343670,,ODP-NDL-FN/22,-7.891009,111.977079,,,6,2,0,0,8,REGIONAL 5,KEDIRI,KEDIRI,NDL,,,2024-03-16 23:27:19,2022-08-29,2022,8,NON TITO,,,JAWA TIMUR,0.25,GREEN,1210027610,AREA 3,JATIM,MADIUN,KEDIRI,,,0,0,0,JAWA TIMUR,KEDIRI,NGADILUWIH,NGADILUWIH,KEDIRI
9173819173,,ODP-PAE-FU/55,-7.810438,112.250188,,,6,2,0,0,8,REGIONAL 5,KEDIRI,KEDIRI,PAE,,,2024-03-16 23:22:41,2022-08-26,2022,8,NON TITO,,,JAWA TIMUR,0.25,GREEN,1210001517,AREA 3,JATIM,MADIUN,KEDIRI,,,0,0,0,JAWA TIMUR,KEDIRI,PUNCU,WONOREJO,KEDIRI
11585443582,,ODP-KDI-FU/69,-7.810759,112.062248,,,5,3,0,0,8,REGIONAL 5,KEDIRI,KEDIRI,KDI,,,2024-06-14 19:14:43,2024-06-14,2024,6,NON TITO,,,JAWA TIMUR,0.375,GREEN,1442001910,AREA 3,JATIM,MADIUN,KEDIRI,,,0,0,0,JAWA TIMUR,KEDIRI,NGASEM,SUMBEREJO,KEDIRI
11575468836,,ODP-MJT-FA/87,-7.743024,111.913698,,,5,3,0,0,8,REGIONAL 5,KEDIRI,KEDIRI,MJT,,,2024-06-13 23:27:43,2024-06-13,2024,6,NON TITO,,,JAWA TIMUR,0.375,GREEN,1441998088,AREA 3,JATIM,MADIUN,KEDIRI,,,0,0,0,JAWA TIMUR,KEDIRI,TAROKAN,TAROKAN,KEDIRI
9162569118,,ODP-KDI-FN/41,-7.764481,112.036959,,,6,2,0,0,8,REGIONAL 5,KEDIRI,KEDIRI,KDI,,,2024-03-16 23:25:11,2022-08-24,2022,8,NON TITO,,,JAWA TIMUR,0.25,GREEN,1209980997,AREA 3,JATIM,MADIUN,KEDIRI,,,0,0,0,JAWA TIMUR,KEDIRI,GAMPENGREJO,SAMBIRESIK,KEDIRI
9140519287,,ODP-KAA-FD/49,-7.77273,112.252193,,,7,1,0,0,8,REGIONAL 5,KEDIRI,KEDIRI,KAA,,,2024-03-16 23:23:52,2022-08-22,2022,8,NON TITO,,,JAWA TIMUR,0.125,GREEN,1209825588,AREA 3,JATIM,MADIUN,KEDIRI,,,0,0,0,JAWA TIMUR,KEDIRI,KEPUNG,KELING,KEDIRI
11579219064,,ODP-PAE-FG/34,-7.74447,112.193093,,,7,1,0,0,8,REGIONAL 5,KEDIRI,KEDIRI,PAE,,,2024-06-19 17:26:04,2024-06-19,2024,6,NON TITO,,,JAWA TIMUR,0.125,GREEN,1442738832,AREA 3,JATIM,MADIUN,KEDIRI,,,0,0,0,JAWA TIMUR,KEDIRI,BADAS,BRINGIN,KEDIRI
9140519282,,ODP-KAA-FD/53,-7.767003,112.26571,,,6,2,0,0,8,REGIONAL 5,KEDIRI,KEDIRI,KAA,,,2024-03-16 23:23:55,2022-08-22,2022,8,NON TITO,,,JAWA TIMUR,0.25,GREEN,1209825584,AREA 3,JATIM,MADIUN,KEDIRI,,,0,0,0,JAWA TIMUR,KEDIRI,KEPUNG,DAMARWULAN,KEDIRI
9123794175,,ODP-KDI-FAS/52,-7.8056,112.039034,,,6,2,0,0,8,REGIONAL 5,KEDIRI,KEDIRI,KDI,,,2024-03-16 23:26:10,2022-08-22,2022,8,NON TITO,,,JAWA TIMUR,0.25,GREEN,1209820738,AREA 3,JATIM,MADIUN,KEDIRI,,,0,0,0,JAWA TIMUR,KEDIRI,NGASEM,SUKOREJO,KEDIRI
9131518664,,ODP-PAE-FAL/55,-7.778579,112.217384,,,7,1,0,0,8,REGIONAL 5,KEDIRI,KEDIRI,PAE,,,2024-03-16 23:25:04,2022-08-19,2022,8,NON TITO,,,JAWA TIMUR,0.125,GREEN,1209520987,AREA 3,JATIM,MADIUN,KEDIRI,,,0,0,0,JAWA TIMUR,KEDIRI,PARE,TERTEK,KEDIRI
9128743661,,ODP-KAA-FD/48,-7.772458,112.276993,,,5,3,0,0,8,REGIONAL 5,KEDIRI,KEDIRI,KAA,,,2024-03-16 23:27:07,2022-08-18,2022,8,NON TITO,,,JAWA TIMUR,0.375,GREEN,1206989470,AREA 3,JATIM,MADIUN,KEDIRI,,,0,0,0,JAWA TIMUR,KEDIRI,KEPUNG,DAMARWULAN,KEDIRI
9108869978,,ODP-GUR-FF/29,-7.831048,112.115775,,,5,3,0,0,8,REGIONAL 5,KEDIRI,KEDIRI,GUR,,,2024-03-16 23:28:05,2022-08-11,2022,8,NON TITO,,,JAWA TIMUR,0.375,GREEN,1206181198,AREA 3,JATIM,MADIUN,KEDIRI,,,0,0,0,JAWA TIMUR,KEDIRI,PLOSOKLATEN,KAWEDUSAN,KEDIRI
9156494214,,ODP-KDI-FBK/40,-7.815674,112.036672,,,5,3,0,0,8,REGIONAL 5,KEDIRI,KEDIRI,KDI,,,2024-03-16 23:22:26,2022-08-23,2022,8,NON TITO,,,JAWA TIMUR,0.375,GREEN,1209972523,AREA 3,JATIM,MADIUN,KEDIRI,,,0,0,0,JAWA TIMUR,KEDIRI,NGASEM,DOKO,KEDIRI
12820318572,,ODP-GUR-FF/44,-7.823265,112.128549,,,7,1,0,0,8,REGIONAL 5,KEDIRI,KEDIRI,GUR,,,2026-07-06 16:49:59,2026-07-03,2026,7,NON TITO,,,JAWA TIMUR,0.125,GREEN,1505973729,AREA 3,JATIM,MADIUN,KEDIRI,,,0,0,0,,,,,KEDIRI
6431443664,,ODP-PAE-FAE/31,-7.763219,112.161387,,,10,6,0,0,16,REGIONAL 5,KEDIRI,KEDIRI,PAE,,,2024-03-16 23:28:57,2021-05-03,2021,5,NON TITO,,,JAWA TIMUR,0.375,GREEN,877923675,AREA 3,JATIM,MADIUN,KEDIRI,,,0,0,0,JAWA TIMUR,KEDIRI,PARE,BENDO,KEDIRI
8023318589,,ODP-PAE-FE/27,-7.737118,112.141556,,,5,3,0,0,8,REGIONAL 5,KEDIRI,KEDIRI,PAE,,,2024-03-16 23:24:00,2021-11-03,2021,11,NON TITO,,,JAWA TIMUR,0.375,GREEN,1092496050,AREA 3,JATIM,MADIUN,KEDIRI,,,0,0,0,JAWA TIMUR,KEDIRI,KAYEN KIDUL,JAMBU,KEDIRI
2012370935,,ODP-MJT-FAN/02,-7.817814,112.005765,,,5,3,0,0,8,REGIONAL 5,KEDIRI,KEDIRI,MJT,,,2024-03-16 23:24:12,2017-11-30,2017,11,NON TITO,,,JAWA TIMUR,0.375,GREEN,255935104,AREA 3,JATIM,MADIUN,KEDIRI,,,0,0,0,JAWA TIMUR,KOTA KEDIRI,MOJOROTO,BANDAR LOR,KEDIRI
1993325292,,ODP-KDI-FAE/41,-7.848544,112.032694,,,5,3,0,0,8,REGIONAL 5,KEDIRI,KEDIRI,KDI,,,2024-03-16 23:27:06,2017-11-25,2017,11,NON TITO,,,JAWA TIMUR,0.375,GREEN,255751780,AREA 3,JATIM,MADIUN,KEDIRI,,,0,0,0,JAWA TIMUR,KOTA KEDIRI,KOTA KEDIRI,NGRONGGO,KEDIRI
1969693980,,ODP-KDI-FAC/09,-7.809023,112.008842,,,5,3,0,0,8,REGIONAL 5,KEDIRI,KEDIRI,KDI,,,2024-03-16 23:22:28,2017-11-10,2017,11,NON TITO,,,JAWA TIMUR,0.375,GREEN,255429620,AREA 3,JATIM,MADIUN,KEDIRI,,,0,0,0,JAWA TIMUR,KOTA KEDIRI,KOTA,SEMAMPIR,KEDIRI
1969693800,,ODP-KDI-FAK/39,-7.806575,112.008795,,,7,1,0,0,8,REGIONAL 5,KEDIRI,KEDIRI,KDI,,,2024-03-16 23:23:10,2017-11-10,2017,11,NON TITO,,,JAWA TIMUR,0.125,GREEN,255429549,AREA 3,JATIM,MADIUN,KEDIRI,,,0,0,0,JAWA TIMUR,KOTA KEDIRI,KOTA,SEMAMPIR,KEDIRI
1969693797,,ODP-KDI-FAK/40,-7.807228,112.009923,,,7,1,0,0,8,REGIONAL 5,KEDIRI,KEDIRI,KDI,,,2024-03-16 23:23:29,2017-11-10,2017,11,NON TITO,,,JAWA TIMUR,0.125,GREEN,255429547,AREA 3,JATIM,MADIUN,KEDIRI,,,0,0,0,JAWA TIMUR,KOTA KEDIRI,KOTA KEDIRI,SEMAMPIR,KEDIRI
1955893718,,ODP-KDI-FC/23,-7.814136,112.043255,,,7,1,0,0,8,REGIONAL 5,KEDIRI,KEDIRI,KDI,,,2024-03-16 23:27:07,2017-11-03,2017,11,NON TITO,,,JAWA TIMUR,0.125,GREEN,242280016,AREA 3,JATIM,MADIUN,KEDIRI,,,0,0,0,JAWA TIMUR,KEDIRI,NGASEM,DOKO,KEDIRI
1955893707,,ODP-WAT-FD/16,-7.94156,112.100381,,,5,3,0,0,8,REGIONAL 5,KEDIRI,KEDIRI,WAT,,,2024-03-16 23:28:00,2017-11-03,2017,11,NON TITO,,,JAWA TIMUR,0.375,GREEN,242279771,AREA 3,JATIM,MADIUN,KEDIRI,,,0,0,0,JAWA TIMUR,KEDIRI,WATES,DUWET,KEDIRI
1932943850,,ODP-MJT-FH/28,-7.837575,111.995897,,,7,1,0,0,8,REGIONAL 5,KEDIRI,KEDIRI,MJT,,,2024-03-16 23:29:15,2017-10-25,2017,10,NON TITO,,,JAWA TIMUR,0.125,GREEN,238618394,AREA 3,JATIM,MADIUN,KEDIRI,,,0,0,0,JAWA TIMUR,KOTA KEDIRI,MOJOROTO,BANJARMLATI,KEDIRI
2012370364,,ODP-MJT-FAN/03,-7.819308,112.005838,,,7,1,0,0,8,REGIONAL 5,KEDIRI,KEDIRI,MJT,,,2024-03-16 23:23:56,2017-11-30,2017,11,NON TITO,,,JAWA TIMUR,0.125,GREEN,255996933,AREA 3,JATIM,MADIUN,KEDIRI,,,0,0,0,JAWA TIMUR,KOTA KEDIRI,MOJOROTO,BANDAR LOR,KEDIRI
1938795345,,ODP-KDI-FAS/24,-7.808844,112.030802,,,6,2,0,0,8,REGIONAL 5,KEDIRI,KEDIRI,KDI,,,2024-03-16 23:21:05,2017-10-24,2017,10,NON TITO,,,JAWA TIMUR,0.25,GREEN,238611448,AREA 3,JATIM,MADIUN,KEDIRI,,,0,0,0,JAWA TIMUR,KEDIRI,NGASEM,SUKOREJO,KEDIRI
1891919338,,ODP-MJT-FAK/01,-7.866863,111.980349,,,10,6,0,0,16,REGIONAL 5,KEDIRI,KEDIRI,MJT,,,2024-03-16 23:23:24,2017-10-06,2017,10,NON TITO,,,JAWA TIMUR,0.375,GREEN,238168713,AREA 3,JATIM,MADIUN,KEDIRI,,,0,0,0,JAWA TIMUR,KEDIRI,MOJO,MONDO,KEDIRI
1857270075,,ODP-WAT-FM/25,-7.874782,112.11631,,,7,1,0,0,8,REGIONAL 5,KEDIRI,KEDIRI,WAT,,,2024-03-16 23:24:04,2017-09-25,2017,9,NON TITO,,,JAWA TIMUR,0.125,GREEN,212651067,AREA 3,JATIM,MADIUN,KEDIRI,,,0,0,0,JAWA TIMUR,KEDIRI,PLOSOKLATEN,GONDANG,KEDIRI
1857269761,,ODP-WAT-FC/24,-7.917706,112.065665,,,5,3,0,0,8,REGIONAL 5,KEDIRI,KEDIRI,WAT,,,2024-03-16 23:23:24,2017-09-25,2017,9,NON TITO,,,JAWA TIMUR,0.375,GREEN,212650861,AREA 3,JATIM,MADIUN,KEDIRI,,,0,0,0,JAWA TIMUR,KEDIRI,KANDAT,NGLETIH,KEDIRI
1857269578,,ODP-WAT-FA/44,-7.925037,112.125867,,,5,3,0,0,8,REGIONAL 5,KEDIRI,KEDIRI,WAT,,,2024-03-16 23:24:00,2017-09-25,2017,9,NON TITO,,,JAWA TIMUR,0.375,GREEN,212650744,AREA 3,JATIM,MADIUN,KEDIRI,,,0,0,0,JAWA TIMUR,KEDIRI,WATES,TAWANG,KEDIRI
1837994250,,ODP-PAE-FJ/38,-7.763807,112.193427,,,5,3,0,0,8,REGIONAL 5,KEDIRI,KEDIRI,PAE,,,2024-03-16 23:27:07,2017-09-19,2017,9,NON TITO,,,JAWA TIMUR,0.375,GREEN,193736920,AREA 3,JATIM,MADIUN,KEDIRI,,,0,0,0,JAWA TIMUR,KEDIRI,PARE,TULUNGREJO,KEDIRI
420447461,,ODP-PAE-FN/14,-7.777535,112.216276,,,5,3,0,0,8,REGIONAL 5,KEDIRI,KEDIRI,PAE,,,2024-03-16 23:25:32,2016-05-17,2016,5,NON TITO,,,JAWA TIMUR,0.375,GREEN,26308112,AREA 3,JATIM,MADIUN,KEDIRI,,,0,0,0,JAWA TIMUR,KEDIRI,PARE,TERTEK,KEDIRI
1816243647,,ODP-KDI-FV/55,-7.833353,112.056373,,,5,3,0,0,8,REGIONAL 5,KEDIRI,KEDIRI,KDI,,,2024-03-16 23:25:54,2017-09-12,2017,9,NON TITO,,,JAWA TIMUR,0.375,GREEN,193591013,AREA 3,JATIM,MADIUN,KEDIRI,,,0,0,0,JAWA TIMUR,KOTA KEDIRI,PESANTREN,KETAMI,KEDIRI
1737868863,,ODP-NDL-FF/26,-7.932481,111.971634,,,12,4,0,0,16,REGIONAL 5,KEDIRI,KEDIRI,NDL,,,2024-03-16 23:24:20,2017-08-28,2017,8,NON TITO,,,JAWA TIMUR,0.25,GREEN,189312126,AREA 3,JATIM,MADIUN,KEDIRI,,,0,0,0,JAWA TIMUR,KEDIRI,NGADILUWIH,TALES,KEDIRI
1892894288,,ODP-NDL-FC/04,-7.91214,112.013261,,,6,2,0,0,8,REGIONAL 5,KEDIRI,KEDIRI,NDL,,,2024-03-16 23:22:37,2017-10-09,2017,10,NON TITO,,,JAWA TIMUR,0.25,GREEN,238228044,AREA 3,JATIM,MADIUN,KEDIRI,,,0,0,0,JAWA TIMUR,KEDIRI,NGADILUWIH,DUKUH,KEDIRI
1596126158,,ODP-PPR-FD/26,-7.649075,112.113768,,,5,3,0,0,8,REGIONAL 5,KEDIRI,KEDIRI,PPR,,,2024-03-16 23:23:25,2017-07-11,2017,7,NON TITO,,,JAWA TIMUR,0.375,GREEN,179498138,AREA 3,JATIM,MADIUN,KEDIRI,,,0,0,0,JAWA TIMUR,KEDIRI,PURWOASRI,PANDANSARI,KEDIRI
2081372767,,ODP-PAE-FY/19,-7.702874,112.206977,,,7,1,0,0,8,REGIONAL 5,KEDIRI,KEDIRI,PAE,,,2024-03-16 23:24:19,2017-12-22,2017,12,NON TITO,,,JAWA TIMUR,0.125,GREEN,256188908,AREA 3,JATIM,MADIUN,KEDIRI,,,0,0,0,JAWA TIMUR,KEDIRI,BADAS,BADAS,KEDIRI
2095018867,,ODP-PAE-FAL/07,-7.763948,112.209807,,,5,3,0,0,8,REGIONAL 5,KEDIRI,KEDIRI,PAE,,,2024-03-16 23:29:01,2017-12-27,2017,12,NON TITO,,,JAWA TIMUR,0.375,GREEN,256207884,AREA 3,JATIM,MADIUN,KEDIRI,,,0,0,0,JAWA TIMUR,KEDIRI,PARE,TERTEK,KEDIRI
2106495503,,ODP-MJT-FAN/07,-7.825093,112.001017,,,5,3,0,0,8,REGIONAL 5,KEDIRI,KEDIRI,MJT,,,2024-03-16 23:24:37,2018-01-04,2018,1,NON TITO,,,JAWA TIMUR,0.375,GREEN,258410833,AREA 3,JATIM,MADIUN,KEDIRI,,,0,0,0,JAWA TIMUR,KOTA KEDIRI,MOJOROTO,BANDAR LOR,KEDIRI
2106495325,,ODP-MJT-FAN/21,-7.823891,112.002088,,,11,5,0,0,16,REGIONAL 5,KEDIRI,KEDIRI,MJT,,,2024-03-16 23:25:06,2018-01-04,2018,1,NON TITO,,,JAWA TIMUR,0.3125,GREEN,258410779,AREA 3,JATIM,MADIUN,KEDIRI,,,0,0,0,JAWA TIMUR,KOTA KEDIRI,MOJOROTO,BANDAR LOR,KEDIRI
2107169380,,ODP-PAE-FAE/20,-7.761932,112.159453,,,5,3,0,0,8,REGIONAL 5,KEDIRI,KEDIRI,PAE,,,2024-03-16 23:22:24,2018-01-03,2018,1,NON TITO,,,JAWA TIMUR,0.375,GREEN,258409766,AREA 3,JATIM,MADIUN,KEDIRI,,,0,0,0,JAWA TIMUR,KEDIRI,PARE,BENDO,KEDIRI
2107169360,,ODP-MJT-FAH/03,-7.811609,112.004736,,,11,5,0,0,16,REGIONAL 5,KEDIRI,KEDIRI,MJT,,,2024-03-16 23:22:05,2018-01-03,2018,1,NON TITO,,,JAWA TIMUR,0.3125,GREEN,258409756,AREA 3,JATIM,MADIUN,KEDIRI,,,0,0,0,JAWA TIMUR,KOTA KEDIRI,MOJOROTO,BANDAR LOR,KEDIRI
2106945267,,ODP-MJT-FAC/02,-7.787464,111.976678,,,5,3,0,0,8,REGIONAL 5,KEDIRI,KEDIRI,MJT,,,2024-03-16 23:23:25,2018-01-03,2018,1,NON TITO,,,JAWA TIMUR,0.375,GREEN,258404738,AREA 3,JATIM,MADIUN,KEDIRI,,,0,0,0,JAWA TIMUR,KEDIRI,BANYAKAN,MARON,KEDIRI
2107768823,,ODP-MJT-FP/21,-7.81172,112.001115,,,5,3,0,0,8,REGIONAL 5,KEDIRI,KEDIRI,MJT,,,2024-03-16 23:23:46,2018-01-02,2018,1,NON TITO,,,JAWA TIMUR,0.375,GREEN,258403785,AREA 3,JATIM,MADIUN,KEDIRI,,,0,0,0,JAWA TIMUR,KOTA KEDIRI,MOJOROTO,BANDAR LOR,KEDIRI
2107620884,,ODP-NDL-FL/18,-7.906324,112.016829,,,5,3,0,0,8,REGIONAL 5,KEDIRI,KEDIRI,NDL,,,2024-03-16 23:27:23,2017-12-30,2017,12,NON TITO,,,JAWA TIMUR,0.375,GREEN,258393780,AREA 3,JATIM,MADIUN,KEDIRI,,,0,0,0,JAWA TIMUR,KEDIRI,NGADILUWIH,DUKUH,KEDIRI
2107620694,,ODP-NDL-FL/05,-7.908391,112.013403,,,5,3,0,0,8,REGIONAL 5,KEDIRI,KEDIRI,NDL,,,2024-03-16 23:28:12,2017-12-30,2017,12,NON TITO,,,JAWA TIMUR,0.375,GREEN,258393725,AREA 3,JATIM,MADIUN,KEDIRI,,,0,0,0,JAWA TIMUR,KEDIRI,NGADILUWIH,DUKUH,KEDIRI
2095018847,,ODP-KDI-FAL/24,-7.809649,112.015242,,,5,3,0,0,8,REGIONAL 5,KEDIRI,KEDIRI,KDI,,,2024-03-16 23:29:06,2017-12-27,2017,12,NON TITO,,,JAWA TIMUR,0.375,GREEN,256207867,AREA 3,JATIM,MADIUN,KEDIRI,,,0,0,0,JAWA TIMUR,KOTA KEDIRI,KOTA,BALOWERTI,KEDIRI
2107093530,,ODP-KDI-FAP/10,-7.786987,112.03904,,,7,1,0,0,8,REGIONAL 5,KEDIRI,KEDIRI,KDI,,,2024-03-16 23:27:38,2017-12-29,2017,12,NON TITO,,,JAWA TIMUR,0.125,GREEN,258389498,AREA 3,JATIM,MADIUN,KEDIRI,,,0,0,0,JAWA TIMUR,KEDIRI,NGASEM,NAMBAAN,KEDIRI
2103344267,,ODP-PAE-FAK/03,-7.759923,112.197035,,,10,6,0,0,16,REGIONAL 5,KEDIRI,KEDIRI,PAE,,,2024-03-16 23:23:43,2017-12-29,2017,12,NON TITO,,,JAWA TIMUR,0.375,GREEN,257714831,AREA 3,JATIM,MADIUN,KEDIRI,,,0,0,0,JAWA TIMUR,KEDIRI,PARE,TULUNGREJO,KEDIRI
2103344262,,ODP-KDI-FAE/43,-7.851861,112.029711,,,11,5,0,0,16,REGIONAL 5,KEDIRI,KEDIRI,KDI,,,2024-03-16 23:23:33,2017-12-29,2017,12,NON TITO,,,JAWA TIMUR,0.3125,GREEN,257714828,AREA 3,JATIM,MADIUN,KEDIRI,,,0,0,0,JAWA TIMUR,KOTA KEDIRI,KOTA,NGRONGGO,KEDIRI
2103344168,,ODP-KDI-FAE/52,-7.847846,112.035166,,,6,2,0,0,8,REGIONAL 5,KEDIRI,KEDIRI,KDI,,,2024-03-16 23:23:45,2017-12-29,2017,12,NON TITO,,,JAWA TIMUR,0.25,GREEN,257714772,AREA 3,JATIM,MADIUN,KEDIRI,,,0,0,0,JAWA TIMUR,KOTA KEDIRI,PESANTREN,BETET,KEDIRI
2103343682,,ODP-KDI-FAE/44,-7.850416,112.029813,,,5,2,0,0,8,REGIONAL 5,KEDIRI,KEDIRI,KDI,,,2024-03-16 23:23:42,2017-12-29,2017,12,NON TITO,,,JAWA TIMUR,0.25,GREEN,257714482,AREA 3,JATIM,MADIUN,KEDIRI,,,0,0,0,JAWA TIMUR,KOTA KEDIRI,KOTA KEDIRI,NGRONGGO,KEDIRI
2103343672,,ODP-KDI-FAE/50,-7.847194,112.033766,,,5,3,0,0,8,REGIONAL 5,KEDIRI,KEDIRI,KDI,,,2024-03-16 23:23:35,2017-12-29,2017,12,NON TITO,,,JAWA TIMUR,0.375,GREEN,257714476,AREA 3,JATIM,MADIUN,KEDIRI,,,0,0,0,JAWA TIMUR,KOTA KEDIRI,KOTA KEDIRI,NGRONGGO,KEDIRI
2056619860,,ODP-MJT-FK/45,-7.80641,111.995027,,,4,3,0,0,8,REGIONAL 5,KEDIRI,KEDIRI,MJT,,,2024-03-16 23:24:38,2017-12-14,2017,12,NON TITO,,,JAWA TIMUR,0.375,GREEN,256440899,AREA 3,JATIM,MADIUN,KEDIRI,,,0,0,0,JAWA TIMUR,KOTA KEDIRI,MOJOROTO,BUJEL,KEDIRI
2095019059,,ODP-PAE-FAL/04,-7.76317,112.213844,,,4,3,0,0,8,REGIONAL 5,KEDIRI,KEDIRI,PAE,,,2024-03-16 23:21:43,2017-12-27,2017,12,NON TITO,,,JAWA TIMUR,0.375,GREEN,256208039,AREA 3,JATIM,MADIUN,KEDIRI,,,0,0,0,JAWA TIMUR,KEDIRI,PARE,TERTEK,KEDIRI
2095019049,,ODP-KDI-FN/15,-7.7685,112.035561,,,6,2,0,0,8,REGIONAL 5,KEDIRI,KEDIRI,KDI,,,2024-03-16 23:21:38,2017-12-27,2017,12,NON TITO,,,JAWA TIMUR,0.25,GREEN,256208027,AREA 3,JATIM,MADIUN,KEDIRI,,,0,0,0,JAWA TIMUR,KEDIRI,GAMPENGREJO,SAMBIRESIK,KEDIRI
2103344681,,ODP-PAE-FAK/08,-7.7607,112.190567,,,5,3,0,0,8,REGIONAL 5,KEDIRI,KEDIRI,PAE,,,2024-03-16 23:23:58,2017-12-29,2017,12,NON TITO,,,JAWA TIMUR,0.375,GREEN,257714968,AREA 3,JATIM,MADIUN,KEDIRI,,,0,0,0,JAWA TIMUR,KEDIRI,PARE,TULUNGREJO,KEDIRI
2107318628,,ODP-KDI-FG/44,-7.829219,112.019164,,,11,5,0,0,16,REGIONAL 5,KEDIRI,KEDIRI,KDI,,,2024-03-16 23:26:23,2017-12-30,2017,12,NON TITO,,,JAWA TIMUR,0.3125,GREEN,258692356,AREA 3,JATIM,MADIUN,KEDIRI,,,0,0,0,JAWA TIMUR,KOTA KEDIRI,KOTA,KAMPUNG DALEM,KEDIRI
1602123379,,ODP-KDI-FAU/17,-7.844399,112.07386,,,5,3,0,0,8,REGIONAL 5,KEDIRI,KEDIRI,KDI,,,2024-03-16 23:24:16,2017-07-14,2017,7,NON TITO,,,JAWA TIMUR,0.375,GREEN,179005383,AREA 3,JATIM,MADIUN,KEDIRI,,,0,0,0,JAWA TIMUR,KOTA KEDIRI,PESANTREN,TAMPUREJO,KEDIRI
1596126390,,ODP-PPR-FD/32,-7.635593,112.138222,,,10,6,0,0,16,REGIONAL 5,KEDIRI,KEDIRI,PPR,,,2024-03-16 23:23:04,2017-07-11,2017,7,NON TITO,,,JAWA TIMUR,0.375,GREEN,178983169,AREA 3,JATIM,MADIUN,KEDIRI,,,0,0,0,JAWA TIMUR,KEDIRI,PURWOASRI,TUGU,KEDIRI
1379847348,,ODP-GUR-FE/13,-7.797061,112.103989,,,11,5,0,0,16,REGIONAL 5,KEDIRI,KEDIRI,GUR,,,2024-03-16 23:22:21,2017-05-02,2017,5,NON TITO,,,JAWA TIMUR,0.3125,GREEN,123422607,AREA 3,JATIM,MADIUN,KEDIRI,,,0,0,0,JAWA TIMUR,KEDIRI,GURAH,SUKOREJO,KEDIRI
1379841257,,ODP-GUR-FD/08,-7.781554,112.08081,,,5,3,0,0,8,REGIONAL 5,KEDIRI,KEDIRI,GUR,,,2024-03-16 23:28:27,2017-05-02,2017,5,NON TITO,,,JAWA TIMUR,0.375,GREEN,123419883,AREA 3,JATIM,MADIUN,KEDIRI,,,0,0,0,JAWA TIMUR,KEDIRI,PAGU,MENANG,KEDIRI
1379837795,,ODP-WAT-FN/22,-7.904245,112.134894,,,6,2,0,0,8,REGIONAL 5,KEDIRI,KEDIRI,WAT,,,2024-03-16 23:27:58,2017-04-28,2017,4,NON TITO,,,JAWA TIMUR,0.25,GREEN,123410179,AREA 3,JATIM,MADIUN,KEDIRI,,,0,0,0,JAWA TIMUR,KEDIRI,WATES,TUNGE,KEDIRI
1379837787,,ODP-WAT-FN/23,-7.903774,112.133232,,,7,1,0,0,8,REGIONAL 5,KEDIRI,KEDIRI,WAT,,,2024-03-16 23:27:57,2017-04-28,2017,4,NON TITO,,,JAWA TIMUR,0.125,GREEN,123410173,AREA 3,JATIM,MADIUN,KEDIRI,,,0,0,0,JAWA TIMUR,KEDIRI,WATES,TUNGE,KEDIRI
1379837786,,ODP-WAT-FN/20,-7.906815,112.137855,,,7,1,0,0,8,REGIONAL 5,KEDIRI,KEDIRI,WAT,,,2024-03-16 23:27:47,2017-04-28,2017,4,NON TITO,,,JAWA TIMUR,0.125,GREEN,123410170,AREA 3,JATIM,MADIUN,KEDIRI,,,0,0,0,JAWA TIMUR,KEDIRI,WATES,TUNGE,KEDIRI
1379832789,,ODP-NDL-FF/25,-7.920986,111.977994,,,6,2,0,0,8,REGIONAL 5,KEDIRI,KEDIRI,NDL,,,2024-03-16 23:26:32,2017-04-27,2017,4,NON TITO,,,JAWA TIMUR,0.25,GREEN,123404895,AREA 3,JATIM,MADIUN,KEDIRI,,,0,0,0,JAWA TIMUR,KEDIRI,NGADILUWIH,TALES,KEDIRI
1379823862,,ODP-MJT-FM/50,-7.814251,112.005542,,,10,6,0,0,16,REGIONAL 5,KEDIRI,KEDIRI,MJT,,,2024-03-16 23:24:17,2017-04-25,2017,4,NON TITO,,,JAWA TIMUR,0.375,GREEN,123394332,AREA 3,JATIM,MADIUN,KEDIRI,,,0,0,0,JAWA TIMUR,KOTA KEDIRI,MOJOROTO,BANDAR LOR,KEDIRI
652019247,,ODP-KDI-FU/27,-7.8287,112.065,,,6,1,1,0,8,REGIONAL 5,KEDIRI,KEDIRI,KDI,,,2024-03-16 23:26:40,2016-06-06,2016,6,NON TITO,,,JAWA TIMUR,0.125,GREEN,33409657,AREA 3,JATIM,MADIUN,KEDIRI,,,0,0,0,JAWA TIMUR,KEDIRI,NGASEM,TUGUREJO,KEDIRI
639118945,,ODP-KDI-FAB/23,-7.789679,112.011625,,,5,3,0,0,8,REGIONAL 5,KEDIRI,KEDIRI,KDI,,,2024-03-16 23:26:31,2016-05-31,2016,5,NON TITO,,,JAWA TIMUR,0.375,GREEN,33388000,AREA 3,JATIM,MADIUN,KEDIRI,,,0,0,0,JAWA TIMUR,KEDIRI,GAMPENGREJO,JONGBIRU,KEDIRI
1371193562,,ODP-KDI-FZ/60,-7.821409,112.015298,,,10,6,0,0,16,REGIONAL 5,KEDIRI,KEDIRI,KDI,,,2024-03-16 23:27:26,2017-04-19,2017,4,NON TITO,,,JAWA TIMUR,0.375,GREEN,81771452,AREA 3,JATIM,MADIUN,KEDIRI,,,0,0,0,JAWA TIMUR,KOTA KEDIRI,KOTA,SETONOPANDE,KEDIRI
1360396226,,ODP-WAT-FA/39,-7.917613,112.113672,,,6,2,0,0,8,REGIONAL 5,KEDIRI,KEDIRI,WAT,,,2024-03-16 23:22:39,2017-04-13,2017,4,NON TITO,,,JAWA TIMUR,0.25,GREEN,81749975,AREA 3,JATIM,MADIUN,KEDIRI,,,0,0,0,JAWA TIMUR,KEDIRI,WATES,GADUNGAN,KEDIRI
1364597631,,ODP-WAT-FN/18,-7.902368,112.153659,,,5,3,0,0,8,REGIONAL 5,KEDIRI,KEDIRI,WAT,,,2024-03-16 23:24:45,2017-04-17,2017,4,NON TITO,,,JAWA TIMUR,0.375,GREEN,81748779,AREA 3,JATIM,MADIUN,KEDIRI,,,0,0,0,JAWA TIMUR,KEDIRI,WATES,TEMPUREJO,KEDIRI
1360394134,,ODP-WAT-FA/42,-7.917036,112.118672,,,6,2,0,0,8,REGIONAL 5,KEDIRI,KEDIRI,WAT,,,2024-03-16 23:22:22,2017-04-13,2017,4,NON TITO,,,JAWA TIMUR,0.25,GREEN,81731197,AREA 3,JATIM,MADIUN,KEDIRI,,,0,0,0,JAWA TIMUR,KEDIRI,WATES,GADUNGAN,KEDIRI
1339693939,,ODP-MJT-FH/26,-7.844973,111.991198,,,11,5,0,0,16,REGIONAL 5,KEDIRI,KEDIRI,MJT,,,2024-03-16 23:28:57,2017-03-31,2017,3,NON TITO,,,JAWA TIMUR,0.3125,GREEN,81683889,AREA 3,JATIM,MADIUN,KEDIRI,,,0,0,0,JAWA TIMUR,KEDIRI,SEMEN,BULU,KEDIRI
1339252191,,ODP-KDI-FS/30,-7.815621,112.020068,,,14,2,0,0,16,REGIONAL 5,KEDIRI,KEDIRI,KDI,,,2024-03-16 23:24:55,2017-03-31,2017,3,NON TITO,,,JAWA TIMUR,0.125,GREEN,81166402,AREA 3,JATIM,MADIUN,KEDIRI,,,0,0,0,JAWA TIMUR,KOTA KEDIRI,KOTA KEDIRI,NGADIREJO,KEDIRI
628545396,,ODP-KDI-FY/18,-7.84704,112.00793,,,5,3,0,0,8,REGIONAL 5,KEDIRI,KEDIRI,KDI,,,2024-03-16 23:27:42,2016-05-30,2016,5,NON TITO,,,JAWA TIMUR,0.375,GREEN,33530610,AREA 3,JATIM,MADIUN,KEDIRI,,,0,0,0,JAWA TIMUR,KOTA KEDIRI,KOTA KEDIRI,MANISRENGGO,KEDIRI
1325774095,,ODP-KDI-FAL/17,-7.812589,112.012678,,,5,3,0,0,8,REGIONAL 5,KEDIRI,KEDIRI,KDI,,,2024-03-16 23:29:01,2017-03-23,2017,3,NON TITO,,,JAWA TIMUR,0.375,GREEN,79534357,AREA 3,JATIM,MADIUN,KEDIRI,,,0,0,0,JAWA TIMUR,KOTA KEDIRI,KOTA,POCANAN,KEDIRI
636493642,,ODP-PPR-FF/04,-7.701652,112.077401,,,6,2,0,0,8,REGIONAL 5,KEDIRI,KEDIRI,PPR,,,2024-03-16 23:25:53,2016-05-30,2016,5,NON TITO,,,JAWA TIMUR,0.25,GREEN,33531851,AREA 3,JATIM,MADIUN,KEDIRI,,,0,0,0,JAWA TIMUR,KEDIRI,PAPAR,PAPAR,KEDIRI
1369543773,,ODP-PAE-FT/13,-7.772722,112.135383,,,5,3,0,0,8,REGIONAL 5,KEDIRI,KEDIRI,PAE,,,2024-03-16 23:24:44,2017-04-18,2017,4,NON TITO,,,JAWA TIMUR,0.375,GREEN,81767741,AREA 3,JATIM,MADIUN,KEDIRI,,,0,0,0,JAWA TIMUR,KEDIRI,PARE,SAMBIREJO,KEDIRI
1596126630,,ODP-GUR-FB/07,-7.813633,112.074372,,,10,6,0,0,16,REGIONAL 5,KEDIRI,KEDIRI,GUR,,,2024-03-16 23:23:04,2017-07-11,2017,7,NON TITO,,,JAWA TIMUR,0.375,GREEN,178983337,AREA 3,JATIM,MADIUN,KEDIRI,,,0,0,0,JAWA TIMUR,KEDIRI,GURAH,WONOJOYO,KEDIRI
1435468719,,ODP-WAT-FL/31,-7.897116,112.121273,,,5,3,0,0,8,REGIONAL 5,KEDIRI,KEDIRI,WAT,,,2024-03-16 23:25:22,2017-05-10,2017,5,NON TITO,,,JAWA TIMUR,0.375,GREEN,126684635,AREA 3,JATIM,MADIUN,KEDIRI,,,0,0,0,JAWA TIMUR,KEDIRI,WATES,PLAOSAN,KEDIRI
621268686,,ODP-PPR-FE/08,-7.725854,112.05909,,,11,5,0,0,16,REGIONAL 5,KEDIRI,KEDIRI,PPR,,,2024-03-16 23:26:47,2016-05-25,2016,5,NON TITO,,,JAWA TIMUR,0.3125,GREEN,33116722,AREA 3,JATIM,MADIUN,KEDIRI,,,0,0,0,JAWA TIMUR,KEDIRI,PAPAR,MINGGIRAN,KEDIRI
1596126294,,ODP-PPR-FD/33,-7.636031,112.126075,,,10,6,0,0,16,REGIONAL 5,KEDIRI,KEDIRI,PPR,,,2024-03-16 23:23:23,2017-07-11,2017,7,NON TITO,,,JAWA TIMUR,0.375,GREEN,178983104,AREA 3,JATIM,MADIUN,KEDIRI,,,0,0,0,JAWA TIMUR,KEDIRI,PURWOASRI,BULU,KEDIRI
454318985,,ODP-MJT-FT/01,-7.825822,111.932196,,,5,3,0,0,8,REGIONAL 5,KEDIRI,KEDIRI,MJT,,,2024-03-16 23:27:58,2016-05-23,2016,5,NON TITO,,,JAWA TIMUR,0.375,GREEN,31255371,AREA 3,JATIM,MADIUN,KEDIRI,,,0,0,0,JAWA TIMUR,KEDIRI,SEMEN,PAGUNG,KEDIRI
1563644005,,ODP-KDI-FS/34,-7.812522,112.020448,,,5,3,0,0,8,REGIONAL 5,KEDIRI,KEDIRI,KDI,,,2024-03-16 23:23:29,2017-06-24,2017,6,NON TITO,,,JAWA TIMUR,0.375,GREEN,174609994,AREA 3,JATIM,MADIUN,KEDIRI,,,0,0,0,JAWA TIMUR,KOTA KEDIRI,KOTA,DANDANGAN,KEDIRI
1551649209,,ODP-MJT-FH/27,-7.837716,111.979421,,,11,5,0,0,16,REGIONAL 5,KEDIRI,KEDIRI,MJT,,,2024-03-16 23:22:22,2017-06-21,2017,6,NON TITO,,,JAWA TIMUR,0.3125,GREEN,173497438,AREA 3,JATIM,MADIUN,KEDIRI,,,0,0,0,JAWA TIMUR,KEDIRI,SEMEN,BOBANG,KEDIRI
1527651632,,ODP-NDL-FD/33,-7.89372,111.961963,,,5,3,0,0,8,REGIONAL 5,KEDIRI,KEDIRI,NDL,,,2024-03-16 23:24:03,2017-06-13,2017,6,NON TITO,,,JAWA TIMUR,0.375,GREEN,161714029,AREA 3,JATIM,MADIUN,KEDIRI,,,0,0,0,JAWA TIMUR,KEDIRI,MOJO,MOJO,KEDIRI
1527651622,,ODP-NDL-FD/27,-7.913931,111.961389,,,11,5,0,0,16,REGIONAL 5,KEDIRI,KEDIRI,NDL,,,2024-03-16 23:23:05,2017-06-13,2017,6,NON TITO,,,JAWA TIMUR,0.3125,GREEN,161714020,AREA 3,JATIM,MADIUN,KEDIRI,,,0,0,0,JAWA TIMUR,KEDIRI,MOJO,TAMBIBENDO,KEDIRI
1527652128,,ODP-NDL-FD/42,-7.893466,111.967022,,,6,2,0,0,8,REGIONAL 5,KEDIRI,KEDIRI,NDL,,,2024-03-16 23:23:52,2017-06-13,2017,6,NON TITO,,,JAWA TIMUR,0.25,GREEN,161267751,AREA 3,JATIM,MADIUN,KEDIRI,,,0,0,0,JAWA TIMUR,KEDIRI,MOJO,MLATI,KEDIRI
1527652113,,ODP-NDL-FD/29,-7.905946,111.959868,,,5,3,0,0,8,REGIONAL 5,KEDIRI,KEDIRI,NDL,,,2024-03-16 23:23:31,2017-06-13,2017,6,NON TITO,,,JAWA TIMUR,0.375,GREEN,161267736,AREA 3,JATIM,MADIUN,KEDIRI,,,0,0,0,JAWA TIMUR,KEDIRI,MOJO,TAMBIBENDO,KEDIRI
1461657106,,ODP-MJT-FV/10,-7.833106,111.965368,,,6,2,0,0,8,REGIONAL 5,KEDIRI,KEDIRI,MJT,,,2024-03-16 23:22:01,2017-05-17,2017,5,NON TITO,,,JAWA TIMUR,0.25,GREEN,127535565,AREA 3,JATIM,MADIUN,KEDIRI,,,0,0,0,JAWA TIMUR,KEDIRI,SEMEN,TITIK,KEDIRI
616694026,,ODP-PPR-FA/04,-7.72815,112.1444,,,5,3,0,0,8,REGIONAL 5,KEDIRI,KEDIRI,PPR,,,2024-03-16 23:29:09,2016-05-24,2016,5,NON TITO,,,JAWA TIMUR,0.375,GREEN,32772197,AREA 3,JATIM,MADIUN,KEDIRI,,,0,0,0,JAWA TIMUR,KEDIRI,PLEMAHAN,MEJONO,KEDIRI
616694285,,ODP-PPR-FA/06,-7.72741,112.1434,,,5,3,0,0,8,REGIONAL 5,KEDIRI,KEDIRI,PPR,,,2024-03-16 23:28:58,2016-05-24,2016,5,NON TITO,,,JAWA TIMUR,0.375,GREEN,32772614,AREA 3,JATIM,MADIUN,KEDIRI,,,0,0,0,JAWA TIMUR,KEDIRI,PLEMAHAN,MEJONO,KEDIRI
619618650,,ODP-KDI-FZ/39,-7.828958,112.017055,,,13,3,0,0,16,REGIONAL 5,KEDIRI,KEDIRI,KDI,,,2024-03-16 23:23:48,2016-05-25,2016,5,NON TITO,,,JAWA TIMUR,0.1875,GREEN,32962160,AREA 3,JATIM,MADIUN,KEDIRI,,,0,0,0,JAWA TIMUR,KOTA KEDIRI,KOTA,KAMPUNG DALEM,KEDIRI
619618735,,ODP-KDI-FD/01,-7.783325,112.013649,,,7,1,0,0,8,REGIONAL 5,KEDIRI,KEDIRI,KDI,,,2024-03-16 23:23:51,2016-05-25,2016,5,NON TITO,,,JAWA TIMUR,0.125,GREEN,32962516,AREA 3,JATIM,MADIUN,KEDIRI,,,0,0,0,JAWA TIMUR,KEDIRI,GAMPENGREJO,PUTIH,KEDIRI
619618819,,ODP-PPR-FC/03,-7.694929,112.106563,,,5,3,0,0,8,REGIONAL 5,KEDIRI,KEDIRI,PPR,,,2024-03-16 23:23:43,2016-05-25,2016,5,NON TITO,,,JAWA TIMUR,0.375,GREEN,32962974,AREA 3,JATIM,MADIUN,KEDIRI,,,0,0,0,JAWA TIMUR,KEDIRI,PAPAR,JAMBANGAN,KEDIRI
619618834,,ODP-PPR-FC/05,-7.701821,112.103776,,,6,2,0,0,8,REGIONAL 5,KEDIRI,KEDIRI,PPR,,,2024-03-16 23:22:42,2016-05-25,2016,5,NON TITO,,,JAWA TIMUR,0.25,GREEN,32963031,AREA 3,JATIM,MADIUN,KEDIRI,,,0,0,0,JAWA TIMUR,KEDIRI,PAPAR,NGAMPEL,KEDIRI
1489326564,,ODP-KDI-FAL/23,-7.812114,112.013552,,,6,2,0,0,8,REGIONAL 5,KEDIRI,KEDIRI,KDI,,,2024-03-16 23:21:20,2017-05-26,2017,5,NON TITO,,,JAWA TIMUR,0.25,GREEN,155934917,AREA 3,JATIM,MADIUN,KEDIRI,,,0,0,0,JAWA TIMUR,KOTA KEDIRI,KOTA,POCANAN,KEDIRI
621268658,,ODP-PPR-FE/04,-7.715748,112.069113,,,5,3,0,0,8,REGIONAL 5,KEDIRI,KEDIRI,PPR,,,2024-03-16 23:26:43,2016-05-25,2016,5,NON TITO,,,JAWA TIMUR,0.375,GREEN,33116694,AREA 3,JATIM,MADIUN,KEDIRI,,,0,0,0,JAWA TIMUR,KEDIRI,PAPAR,MINGGIRAN,KEDIRI
621268665,,ODP-PPR-FE/05,-7.718237,112.066787,,,5,3,0,0,8,REGIONAL 5,KEDIRI,KEDIRI,PPR,,,2024-03-16 23:25:38,2016-05-25,2016,5,NON TITO,,,JAWA TIMUR,0.375,GREEN,33116699,AREA 3,JATIM,MADIUN,KEDIRI,,,0,0,0,JAWA TIMUR,KEDIRI,PAPAR,MINGGIRAN,KEDIRI
616694097,,ODP-PPR-FA/02,-7.726674,112.140299,,,7,1,0,0,8,REGIONAL 5,KEDIRI,KEDIRI,PPR,,,2024-03-16 23:28:24,2016-05-24,2016,5,NON TITO,,,JAWA TIMUR,0.125,GREEN,32772379,AREA 3,JATIM,MADIUN,KEDIRI,,,0,0,0,JAWA TIMUR,KEDIRI,PLEMAHAN,MEJONO,KEDIRI
2107318850,,ODP-KDI-FG/42,-7.828916,112.016891,,,5,3,0,0,8,REGIONAL 5,KEDIRI,KEDIRI,KDI,,,2024-03-16 23:26:29,2017-12-30,2017,12,NON TITO,,,JAWA TIMUR,0.375,GREEN,258692454,AREA 3,JATIM,MADIUN,KEDIRI,,,0,0,0,JAWA TIMUR,KOTA KEDIRI,KOTA,KAMPUNG DALEM,KEDIRI
2107319135,,ODP-KDI-FG/41,-7.828712,112.015662,,,10,6,0,0,16,REGIONAL 5,KEDIRI,KEDIRI,KDI,,,2024-03-16 23:26:45,2017-12-30,2017,12,NON TITO,,,JAWA TIMUR,0.375,GREEN,258692538,AREA 3,JATIM,MADIUN,KEDIRI,,,0,0,0,JAWA TIMUR,KOTA KEDIRI,KOTA,KAMPUNG DALEM,KEDIRI
2107319140,,ODP-KDI-FG/65,-7.83002,112.031275,,,5,3,0,0,8,REGIONAL 5,KEDIRI,KEDIRI,KDI,,,2024-03-16 23:26:43,2017-12-30,2017,12,NON TITO,,,JAWA TIMUR,0.375,GREEN,258692541,AREA 3,JATIM,MADIUN,KEDIRI,,,0,0,0,JAWA TIMUR,KOTA KEDIRI,PESANTREN,BANARAN,KEDIRI
2410920937,,ODP-MJT-FG/35,-7.764284,112.002498,,,5,3,0,0,8,REGIONAL 5,KEDIRI,KEDIRI,MJT,,,2024-03-16 23:23:20,2018-04-05,2018,4,NON TITO,,,JAWA TIMUR,0.375,GREEN,333520636,AREA 3,JATIM,MADIUN,KEDIRI,,,0,0,0,JAWA TIMUR,KEDIRI,BANYAKAN,NGABLAK,KEDIRI
2404019864,,ODP-KDI-FAP/23,-7.784576,112.049818,,,6,2,0,0,8,REGIONAL 5,KEDIRI,KEDIRI,KDI,,,2024-03-16 23:25:03,2018-04-05,2018,4,NON TITO,,,JAWA TIMUR,0.25,GREEN,333516803,AREA 3,JATIM,MADIUN,KEDIRI,,,0,0,0,JAWA TIMUR,KEDIRI,NGASEM,NAMBAAN,KEDIRI
2392996944,,ODP-KDI-FBF/19,-7.788669,112.056661,,,6,2,0,0,8,REGIONAL 5,KEDIRI,KEDIRI,KDI,,,2024-03-16 23:28:38,2018-03-29,2018,3,NON TITO,,,JAWA TIMUR,0.25,GREEN,333474262,AREA 3,JATIM,MADIUN,KEDIRI,,,0,0,0,JAWA TIMUR,KEDIRI,NGASEM,TOYORESMI,KEDIRI
2394193978,,ODP-KDI-FBF/14,-7.797091,112.046637,,,5,3,0,0,8,REGIONAL 5,KEDIRI,KEDIRI,KDI,,,2024-03-16 23:24:12,2018-03-29,2018,3,NON TITO,,,JAWA TIMUR,0.375,GREEN,333466926,AREA 3,JATIM,MADIUN,KEDIRI,,,0,0,0,JAWA TIMUR,KEDIRI,NGASEM,NGASEM,KEDIRI
2394193837,,ODP-KDI-FBF/13,-7.796718,112.045799,,,5,3,0,0,8,REGIONAL 5,KEDIRI,KEDIRI,KDI,,,2024-03-16 23:24:55,2018-03-29,2018,3,NON TITO,,,JAWA TIMUR,0.375,GREEN,333466862,AREA 3,JATIM,MADIUN,KEDIRI,,,0,0,0,JAWA TIMUR,KEDIRI,NGASEM,NGASEM,KEDIRI
2394193622,,ODP-KDI-FBF/03,-7.79373,112.046668,,,7,1,0,0,8,REGIONAL 5,KEDIRI,KEDIRI,KDI,,,2024-03-16 23:24:36,2018-03-29,2018,3,NON TITO,,,JAWA TIMUR,0.125,GREEN,333466776,AREA 3,JATIM,MADIUN,KEDIRI,,,0,0,0,JAWA TIMUR,KEDIRI,NGASEM,NAMBAAN,KEDIRI
2410921312,,ODP-MJT-FG/33,-7.761144,112.003127,,,5,3,0,0,8,REGIONAL 5,KEDIRI,KEDIRI,MJT,,,2024-03-16 23:23:25,2018-04-05,2018,4,NON TITO,,,JAWA TIMUR,0.375,GREEN,333436539,AREA 3,JATIM,MADIUN,KEDIRI,,,0,0,0,JAWA TIMUR,KEDIRI,BANYAKAN,NGABLAK,KEDIRI
2404019977,,ODP-KDI-FAP/22,-7.785275,112.051524,,,5,3,0,0,8,REGIONAL 5,KEDIRI,KEDIRI,KDI,,,2024-03-16 23:25:13,2018-04-05,2018,4,NON TITO,,,JAWA TIMUR,0.375,GREEN,333432258,AREA 3,JATIM,MADIUN,KEDIRI,,,0,0,0,JAWA TIMUR,KEDIRI,NGASEM,NAMBAAN,KEDIRI
2410921137,,ODP-MJT-FG/36,-7.765327,112.002281,,,7,1,0,0,8,REGIONAL 5,KEDIRI,KEDIRI,MJT,,,2024-03-16 23:23:27,2018-04-05,2018,4,NON TITO,,,JAWA TIMUR,0.125,GREEN,333520706,AREA 3,JATIM,MADIUN,KEDIRI,,,0,0,0,JAWA TIMUR,KEDIRI,BANYAKAN,NGABLAK,KEDIRI
2404019723,,ODP-KDI-FAP/30,-7.78383,112.044829,,,5,3,0,0,8,REGIONAL 5,KEDIRI,KEDIRI,KDI,,,2024-03-16 23:24:45,2018-04-05,2018,4,NON TITO,,,JAWA TIMUR,0.375,GREEN,333431965,AREA 3,JATIM,MADIUN,KEDIRI,,,0,0,0,JAWA TIMUR,KEDIRI,NGASEM,NAMBAAN,KEDIRI
2394193751,,ODP-KDI-FBF/01,-7.793117,112.04495,,,6,2,0,0,8,REGIONAL 5,KEDIRI,KEDIRI,KDI,,,2024-03-16 23:24:44,2018-03-29,2018,3,NON TITO,,,JAWA TIMUR,0.25,GREEN,333394771,AREA 3,JATIM,MADIUN,KEDIRI,,,0,0,0,JAWA TIMUR,KEDIRI,NGASEM,NAMBAAN,KEDIRI
2390369020,,ODP-KDI-FV/63,-7.838694,112.065933,,,5,3,0,0,8,REGIONAL 5,KEDIRI,KEDIRI,KDI,,,2024-03-16 23:26:25,2018-03-28,2018,3,NON TITO,,,JAWA TIMUR,0.375,GREEN,333388920,AREA 3,JATIM,MADIUN,KEDIRI,,,0,0,0,JAWA TIMUR,KOTA KEDIRI,PESANTREN,KETAMI,KEDIRI
2371320287,,ODP-KDI-FW/45,-7.828647,112.033459,,,7,1,0,0,8,REGIONAL 5,KEDIRI,KEDIRI,KDI,,,2024-03-16 23:29:03,2018-03-23,2018,3,NON TITO,,,JAWA TIMUR,0.125,GREEN,333363269,AREA 3,JATIM,MADIUN,KEDIRI,,,0,0,0,JAWA TIMUR,KOTA KEDIRI,PESANTREN,BANGSAL,KEDIRI
2364869227,,ODP-KDI-FAS/45,-7.803746,112.034708,,,5,3,0,0,8,REGIONAL 5,KEDIRI,KEDIRI,KDI,,,2024-03-16 23:29:14,2018-03-21,2018,3,NON TITO,,,JAWA TIMUR,0.375,GREEN,333197102,AREA 3,JATIM,MADIUN,KEDIRI,,,0,0,0,JAWA TIMUR,KEDIRI,NGASEM,SUKOREJO,KEDIRI
2357818756,,ODP-MJT-FX/27,-7.830305,111.98815,,,14,2,0,0,16,REGIONAL 5,KEDIRI,KEDIRI,MJT,,,2024-03-16 23:27:07,2018-03-20,2018,3,NON TITO,,,JAWA TIMUR,0.125,GREEN,333181809,AREA 3,JATIM,MADIUN,KEDIRI,,,0,0,0,JAWA TIMUR,KOTA KEDIRI,MOJOROTO,TAMANAN,KEDIRI
2319119361,,ODP-MJT-FK/48,-7.812982,111.994416,,,6,2,0,0,8,REGIONAL 5,KEDIRI,KEDIRI,MJT,,,2024-03-16 23:28:11,2018-03-13,2018,3,NON TITO,,,JAWA TIMUR,0.25,GREEN,325298407,AREA 3,JATIM,MADIUN,KEDIRI,,,0,0,0,JAWA TIMUR,KOTA KEDIRI,MOJOROTO,SUKORAME,KEDIRI
2264607131,,ODP-MJT-FK/46,-7.811274,111.99337,,,7,1,0,0,8,REGIONAL 5,KEDIRI,KEDIRI,MJT,,,2024-03-16 23:24:36,2018-03-07,2018,3,NON TITO,,,JAWA TIMUR,0.125,GREEN,324181520,AREA 3,JATIM,MADIUN,KEDIRI,,,0,0,0,JAWA TIMUR,KOTA KEDIRI,MOJOROTO,SUKORAME,KEDIRI
2292796198,,ODP-KDI-FAJ/43,-7.813559,112.008733,,,6,2,0,0,8,REGIONAL 5,KEDIRI,KEDIRI,KDI,,,2024-03-16 23:23:29,2018-03-06,2018,3,NON TITO,,,JAWA TIMUR,0.25,GREEN,324176958,AREA 3,JATIM,MADIUN,KEDIRI,,,0,0,0,JAWA TIMUR,KOTA KEDIRI,KOTA,PAKELAN,KEDIRI
2405446757,,ODP-PAE-FU/32,-7.84527,112.264623,,,10,6,0,0,16,REGIONAL 5,KEDIRI,KEDIRI,PAE,,,2024-03-16 23:29:18,2018-04-05,2018,4,NON TITO,,,JAWA TIMUR,0.375,GREEN,333428164,AREA 3,JATIM,MADIUN,KEDIRI,,,0,0,0,JAWA TIMUR,KEDIRI,PUNCU,ASMOROBANGUN,KEDIRI
2292795986,,ODP-KDI-FAJ/21,-7.818886,112.010808,,,5,3,0,0,8,REGIONAL 5,KEDIRI,KEDIRI,KDI,,,2024-03-16 23:22:37,2018-03-06,2018,3,NON TITO,,,JAWA TIMUR,0.375,GREEN,324176829,AREA 3,JATIM,MADIUN,KEDIRI,,,0,0,0,JAWA TIMUR,KOTA KEDIRI,KOTA,PAKELAN,KEDIRI
2403496694,,ODP-KDI-FX/65,-7.851466,112.020308,,,5,3,0,0,8,REGIONAL 5,KEDIRI,KEDIRI,KDI,,,2024-03-16 23:25:06,2018-04-10,2018,4,NON TITO,,,JAWA TIMUR,0.375,GREEN,333621138,AREA 3,JATIM,MADIUN,KEDIRI,,,0,0,0,JAWA TIMUR,KOTA KEDIRI,KOTA,REJOMULYO,KEDIRI
2403496827,,ODP-KDI-FX/63,-7.851575,112.020976,,,6,2,0,0,8,REGIONAL 5,KEDIRI,KEDIRI,KDI,,,2024-03-16 23:25:09,2018-04-10,2018,4,NON TITO,,,JAWA TIMUR,0.25,GREEN,333690309,AREA 3,JATIM,MADIUN,KEDIRI,,,0,0,0,JAWA TIMUR,KOTA KEDIRI,KOTA,REJOMULYO,KEDIRI
2459744077,,ODP-GUR-FB/08,-7.823147,112.088692,,,6,2,0,0,8,REGIONAL 5,KEDIRI,KEDIRI,GUR,,,2024-03-16 23:29:20,2018-04-24,2018,4,NON TITO,,,JAWA TIMUR,0.25,GREEN,353298276,AREA 3,JATIM,MADIUN,KEDIRI,,,0,0,0,JAWA TIMUR,KEDIRI,GURAH,BANYUANYAR,KEDIRI
2459744018,,ODP-GUR-FB/14,-7.829086,112.083395,,,5,3,0,0,8,REGIONAL 5,KEDIRI,KEDIRI,GUR,,,2024-03-16 23:29:15,2018-04-24,2018,4,NON TITO,,,JAWA TIMUR,0.375,GREEN,353298242,AREA 3,JATIM,MADIUN,KEDIRI,,,0,0,0,JAWA TIMUR,KEDIRI,GURAH,GABRU,KEDIRI
389404669,,ODP-MJT-FK/26,-7.798962,112.000072,,,10,6,0,0,16,REGIONAL 5,KEDIRI,KEDIRI,MJT,,,2024-03-16 23:26:24,2016-05-12,2016,5,NON TITO,,,JAWA TIMUR,0.375,GREEN,23549335,AREA 3,JATIM,MADIUN,KEDIRI,,,0,0,0,JAWA TIMUR,KOTA KEDIRI,MOJOROTO,MOJOROTO,KEDIRI
2457945773,,ODP-KAA-FC/31,-7.784731,112.296006,,,5,3,0,0,8,REGIONAL 5,KEDIRI,KEDIRI,KAA,,,2024-03-16 23:22:44,2018-04-23,2018,4,NON TITO,,,JAWA TIMUR,0.375,GREEN,353294638,AREA 3,JATIM,MADIUN,KEDIRI,,,0,0,0,JAWA TIMUR,MALANG,KASEMBON,SUKOSARI,KEDIRI
2457944036,,ODP-KDI-FU/58,-7.813609,112.061897,,,5,3,0,0,8,REGIONAL 5,KEDIRI,KEDIRI,KDI,,,2024-03-16 23:22:17,2018-04-23,2018,4,NON TITO,,,JAWA TIMUR,0.375,GREEN,353293243,AREA 3,JATIM,MADIUN,KEDIRI,,,0,0,0,JAWA TIMUR,KEDIRI,NGASEM,SUMBEREJO,KEDIRI
2458393805,,ODP-KAA-FA/23,-7.791039,112.313667,,,5,3,0,0,8,REGIONAL 5,KEDIRI,KEDIRI,KAA,,,2024-03-16 23:27:58,2018-04-23,2018,4,NON TITO,,,JAWA TIMUR,0.375,GREEN,353292824,AREA 3,JATIM,MADIUN,KEDIRI,,,0,0,0,JAWA TIMUR,MALANG,KASEMBON,KASEMBON,KEDIRI
2437620509,,ODP-PAE-FAD/08,-7.770872,112.137273,,,7,1,0,0,8,REGIONAL 5,KEDIRI,KEDIRI,PAE,,,2024-03-16 23:25:09,2018-04-19,2018,4,NON TITO,,,JAWA TIMUR,0.125,GREEN,353272190,AREA 3,JATIM,MADIUN,KEDIRI,,,0,0,0,JAWA TIMUR,KEDIRI,PARE,SAMBIREJO,KEDIRI
2436272123,,ODP-PAE-FN/21,-7.789217,112.23399,,,5,3,0,0,8,REGIONAL 5,KEDIRI,KEDIRI,PAE,,,2024-03-16 23:23:55,2018-04-19,2018,4,NON TITO,,,JAWA TIMUR,0.375,GREEN,353265448,AREA 3,JATIM,MADIUN,KEDIRI,,,0,0,0,JAWA TIMUR,KEDIRI,KEPUNG,KRENCENG,KEDIRI
2430946105,,ODP-PAE-FS/09,-7.851311,112.171675,,,7,1,0,0,8,REGIONAL 5,KEDIRI,KEDIRI,PAE,,,2024-03-16 23:26:49,2018-04-14,2018,4,NON TITO,,,JAWA TIMUR,0.125,GREEN,333645847,AREA 3,JATIM,MADIUN,KEDIRI,,,0,0,0,JAWA TIMUR,KEDIRI,PLOSOKLATEN,PRANGGANG,KEDIRI
2437395644,,ODP-MJT-FC/10,-7.746757,111.981128,,,5,3,0,0,8,REGIONAL 5,KEDIRI,KEDIRI,MJT,,,2024-03-16 23:26:26,2018-04-18,2018,4,NON TITO,,,JAWA TIMUR,0.375,GREEN,346969997,AREA 3,JATIM,MADIUN,KEDIRI,,,0,0,0,JAWA TIMUR,KEDIRI,GROGOL,SONOREJO,KEDIRI
2433043632,,ODP-MJT-FJ/41,-7.817376,111.986733,,,6,2,0,0,8,REGIONAL 5,KEDIRI,KEDIRI,MJT,,,2024-03-16 23:27:07,2018-04-16,2018,4,NON TITO,,,JAWA TIMUR,0.25,GREEN,334142053,AREA 3,JATIM,MADIUN,KEDIRI,,,0,0,0,JAWA TIMUR,KOTA KEDIRI,MOJOROTO,CAMPUREJO,KEDIRI
2436569557,,ODP-MJT-FJ/52,-7.818869,111.988054,,,5,3,0,0,8,REGIONAL 5,KEDIRI,KEDIRI,MJT,,,2024-03-16 23:24:38,2018-04-16,2018,4,NON TITO,,,JAWA TIMUR,0.375,GREEN,334141905,AREA 3,JATIM,MADIUN,KEDIRI,,,0,0,0,JAWA TIMUR,KOTA KEDIRI,MOJOROTO,CAMPUREJO,KEDIRI
2436569487,,ODP-MJT-FJ/48,-7.818265,111.988192,,,7,1,0,0,8,REGIONAL 5,KEDIRI,KEDIRI,MJT,,,2024-03-16 23:24:25,2018-04-16,2018,4,NON TITO,,,JAWA TIMUR,0.125,GREEN,334141803,AREA 3,JATIM,MADIUN,KEDIRI,,,0,0,0,JAWA TIMUR,KOTA KEDIRI,MOJOROTO,CAMPUREJO,KEDIRI
2430946565,,ODP-PAE-FS/10,-7.850544,112.172149,,,6,2,0,0,8,REGIONAL 5,KEDIRI,KEDIRI,PAE,,,2024-03-16 23:26:54,2018-04-14,2018,4,NON TITO,,,JAWA TIMUR,0.25,GREEN,333713727,AREA 3,JATIM,MADIUN,KEDIRI,,,0,0,0,JAWA TIMUR,KEDIRI,PLOSOKLATEN,PRANGGANG,KEDIRI
2430946560,,ODP-PAE-FS/25,-7.833948,112.176856,,,6,2,0,0,8,REGIONAL 5,KEDIRI,KEDIRI,PAE,,,2024-03-16 23:27:05,2018-04-14,2018,4,NON TITO,,,JAWA TIMUR,0.25,GREEN,333713724,AREA 3,JATIM,MADIUN,KEDIRI,,,0,0,0,JAWA TIMUR,KEDIRI,PLOSOKLATEN,SUMBERAGUNG,KEDIRI
2430945986,,ODP-PAE-FS/22,-7.826342,112.178536,,,7,1,0,0,8,REGIONAL 5,KEDIRI,KEDIRI,PAE,,,2024-03-16 23:26:52,2018-04-14,2018,4,NON TITO,,,JAWA TIMUR,0.125,GREEN,333713457,AREA 3,JATIM,MADIUN,KEDIRI,,,0,0,0,JAWA TIMUR,KEDIRI,PARE,SIDOREJO,KEDIRI
2430945976,,ODP-PAE-FS/24,-7.832811,112.177046,,,5,3,0,0,8,REGIONAL 5,KEDIRI,KEDIRI,PAE,,,2024-03-16 23:25:38,2018-04-14,2018,4,NON TITO,,,JAWA TIMUR,0.375,GREEN,333713454,AREA 3,JATIM,MADIUN,KEDIRI,,,0,0,0,JAWA TIMUR,KEDIRI,PLOSOKLATEN,SUMBERAGUNG,KEDIRI
2403497305,,ODP-KDI-FX/71,-7.851963,112.02086,,,5,3,0,0,8,REGIONAL 5,KEDIRI,KEDIRI,KDI,,,2024-03-16 23:25:23,2018-04-10,2018,4,NON TITO,,,JAWA TIMUR,0.375,GREEN,333690525,AREA 3,JATIM,MADIUN,KEDIRI,,,0,0,0,JAWA TIMUR,KOTA KEDIRI,KOTA,REJOMULYO,KEDIRI
2432670893,,ODP-MJT-FB/40,-7.723688,111.963215,,,10,6,0,0,16,REGIONAL 5,KEDIRI,KEDIRI,MJT,,,2024-03-16 23:24:22,2018-04-16,2018,4,NON TITO,,,JAWA TIMUR,0.375,GREEN,334146557,AREA 3,JATIM,MADIUN,KEDIRI,,,0,0,0,JAWA TIMUR,KEDIRI,TAROKAN,KALIRONG,KEDIRI
2292795961,,ODP-KDI-FAJ/47,-7.813899,112.011303,,,10,6,0,0,16,REGIONAL 5,KEDIRI,KEDIRI,KDI,,,2024-03-16 23:22:34,2018-03-06,2018,3,NON TITO,,,JAWA TIMUR,0.375,GREEN,324176813,AREA 3,JATIM,MADIUN,KEDIRI,,,0,0,0,JAWA TIMUR,KOTA KEDIRI,KOTA,PAKELAN,KEDIRI
2292795427,,ODP-KDI-FAJ/39,-7.819239,112.009496,,,5,3,0,0,8,REGIONAL 5,KEDIRI,KEDIRI,KDI,,,2024-03-16 23:23:06,2018-03-06,2018,3,NON TITO,,,JAWA TIMUR,0.375,GREEN,324176484,AREA 3,JATIM,MADIUN,KEDIRI,,,0,0,0,JAWA TIMUR,KOTA KEDIRI,KOTA,PAKELAN,KEDIRI
2264608287,,ODP-KDI-FT/17,-7.825838,112.084768,,,7,1,0,0,8,REGIONAL 5,KEDIRI,KEDIRI,KDI,,,2024-03-16 23:24:43,2018-03-07,2018,3,NON TITO,,,JAWA TIMUR,0.125,GREEN,324128802,AREA 3,JATIM,MADIUN,KEDIRI,,,0,0,0,JAWA TIMUR,KEDIRI,GURAH,GABRU,KEDIRI
2122095297,,ODP-PAE-FAE/05,-7.76467,112.152147,,,5,3,0,0,8,REGIONAL 5,KEDIRI,KEDIRI,PAE,,,2024-03-16 23:28:09,2018-01-06,2018,1,NON TITO,,,JAWA TIMUR,0.375,GREEN,259364719,AREA 3,JATIM,MADIUN,KEDIRI,,,0,0,0,JAWA TIMUR,KEDIRI,PARE,DARUNGAN,KEDIRI
2122095442,,ODP-PAE-FAE/18,-7.763644,112.157837,,,6,2,0,0,8,REGIONAL 5,KEDIRI,KEDIRI,PAE,,,2024-03-16 23:28:22,2018-01-06,2018,1,NON TITO,,,JAWA TIMUR,0.25,GREEN,259139832,AREA 3,JATIM,MADIUN,KEDIRI,,,0,0,0,JAWA TIMUR,KEDIRI,PARE,BENDO,KEDIRI
2107169553,,ODP-PAE-FAE/21,-7.763948,112.158987,,,6,2,0,0,8,REGIONAL 5,KEDIRI,KEDIRI,PAE,,,2024-03-16 23:22:20,2018-01-03,2018,1,NON TITO,,,JAWA TIMUR,0.25,GREEN,258995475,AREA 3,JATIM,MADIUN,KEDIRI,,,0,0,0,JAWA TIMUR,KEDIRI,PARE,BENDO,KEDIRI
2107169483,,ODP-PAE-FAE/24,-7.764399,112.156996,,,6,2,0,0,8,REGIONAL 5,KEDIRI,KEDIRI,PAE,,,2024-03-16 23:21:19,2018-01-03,2018,1,NON TITO,,,JAWA TIMUR,0.25,GREEN,258995450,AREA 3,JATIM,MADIUN,KEDIRI,,,0,0,0,JAWA TIMUR,KEDIRI,PARE,BENDO,KEDIRI
2107169453,,ODP-MJT-FAF/02,-7.802851,111.97823,,,5,3,0,0,8,REGIONAL 5,KEDIRI,KEDIRI,MJT,,,2024-03-16 23:22:01,2018-01-03,2018,1,NON TITO,,,JAWA TIMUR,0.375,GREEN,258995438,AREA 3,JATIM,MADIUN,KEDIRI,,,0,0,0,JAWA TIMUR,KOTA KEDIRI,MOJOROTO,SUKORAME,KEDIRI
2107168923,,ODP-MJT-FAF/04,-7.809689,111.980259,,,12,4,0,0,16,REGIONAL 5,KEDIRI,KEDIRI,MJT,,,2024-03-16 23:21:44,2018-01-03,2018,1,NON TITO,,,JAWA TIMUR,0.25,GREEN,258995231,AREA 3,JATIM,MADIUN,KEDIRI,,,0,0,0,JAWA TIMUR,KOTA KEDIRI,MOJOROTO,SUKORAME,KEDIRI
2105745957,,ODP-PAE-FAH/06,-7.756266,112.17958,,,13,3,0,0,16,REGIONAL 5,KEDIRI,KEDIRI,PAE,,,2024-03-16 23:21:07,2018-01-03,2018,1,NON TITO,,,JAWA TIMUR,0.1875,GREEN,258991062,AREA 3,JATIM,MADIUN,KEDIRI,,,0,0,0,JAWA TIMUR,KEDIRI,PARE,TULUNGREJO,KEDIRI
2105745580,,ODP-MJT-FJ/34,-7.811855,111.993881,,,6,2,0,0,8,REGIONAL 5,KEDIRI,KEDIRI,MJT,,,2024-03-16 23:25:28,2018-01-03,2018,1,NON TITO,,,JAWA TIMUR,0.25,GREEN,258990839,AREA 3,JATIM,MADIUN,KEDIRI,,,0,0,0,JAWA TIMUR,KOTA KEDIRI,MOJOROTO,SUKORAME,KEDIRI
2122095447,,ODP-PAE-FAE/17,-7.76315,112.155214,,,5,3,0,0,8,REGIONAL 5,KEDIRI,KEDIRI,PAE,,,2024-03-16 23:28:22,2018-01-06,2018,1,NON TITO,,,JAWA TIMUR,0.375,GREEN,259364762,AREA 3,JATIM,MADIUN,KEDIRI,,,0,0,0,JAWA TIMUR,KEDIRI,PARE,BENDO,KEDIRI
2105745173,,ODP-PAE-FAJ/05,-7.755644,112.187308,,,11,5,0,0,16,REGIONAL 5,KEDIRI,KEDIRI,PAE,,,2024-03-16 23:25:53,2018-01-02,2018,1,NON TITO,,,JAWA TIMUR,0.3125,GREEN,258990596,AREA 3,JATIM,MADIUN,KEDIRI,,,0,0,0,JAWA TIMUR,KEDIRI,PARE,TULUNGREJO,KEDIRI
2105745072,,ODP-MJT-FJ/30,-7.813215,111.992042,,,5,3,0,0,8,REGIONAL 5,KEDIRI,KEDIRI,MJT,,,2024-03-16 23:25:18,2018-01-02,2018,1,NON TITO,,,JAWA TIMUR,0.375,GREEN,258990536,AREA 3,JATIM,MADIUN,KEDIRI,,,0,0,0,JAWA TIMUR,KOTA KEDIRI,MOJOROTO,SUKORAME,KEDIRI
2105745067,,ODP-MJT-FJ/33,-7.811836,111.992631,,,5,3,0,0,8,REGIONAL 5,KEDIRI,KEDIRI,MJT,,,2024-03-16 23:25:33,2018-01-02,2018,1,NON TITO,,,JAWA TIMUR,0.375,GREEN,258990533,AREA 3,JATIM,MADIUN,KEDIRI,,,0,0,0,JAWA TIMUR,KOTA KEDIRI,MOJOROTO,SUKORAME,KEDIRI
2105744856,,ODP-PAE-FAJ/04,-7.756356,112.188641,,,5,3,0,0,8,REGIONAL 5,KEDIRI,KEDIRI,PAE,,,2024-03-16 23:24:52,2018-01-02,2018,1,NON TITO,,,JAWA TIMUR,0.375,GREEN,258990408,AREA 3,JATIM,MADIUN,KEDIRI,,,0,0,0,JAWA TIMUR,KEDIRI,PARE,TULUNGREJO,KEDIRI
2105744821,,ODP-PAE-FAH/18,-7.761287,112.185533,,,5,3,0,0,8,REGIONAL 5,KEDIRI,KEDIRI,PAE,,,2024-03-16 23:24:54,2018-01-02,2018,1,NON TITO,,,JAWA TIMUR,0.375,GREEN,258990387,AREA 3,JATIM,MADIUN,KEDIRI,,,0,0,0,JAWA TIMUR,KEDIRI,PARE,TULUNGREJO,KEDIRI
2105744811,,ODP-PAE-FAH/22,-7.766664,112.190995,,,14,2,0,0,16,REGIONAL 5,KEDIRI,KEDIRI,PAE,,,2024-03-16 23:25:01,2018-01-02,2018,1,NON TITO,,,JAWA TIMUR,0.125,GREEN,258990381,AREA 3,JATIM,MADIUN,KEDIRI,,,0,0,0,JAWA TIMUR,KEDIRI,PARE,PARE,KEDIRI
2105744354,,ODP-PAE-FAJ/10,-7.755532,112.182347,,,5,3,0,0,8,REGIONAL 5,KEDIRI,KEDIRI,PAE,,,2024-03-16 23:25:47,2018-01-02,2018,1,NON TITO,,,JAWA TIMUR,0.375,GREEN,258990107,AREA 3,JATIM,MADIUN,KEDIRI,,,0,0,0,JAWA TIMUR,KEDIRI,PARE,TULUNGREJO,KEDIRI
2105744029,,ODP-PAE-FAH/10,-7.759107,112.175941,,,7,1,0,0,8,REGIONAL 5,KEDIRI,KEDIRI,PAE,,,2024-03-16 23:25:00,2018-01-02,2018,1,NON TITO,,,JAWA TIMUR,0.125,GREEN,258989911,AREA 3,JATIM,MADIUN,KEDIRI,,,0,0,0,JAWA TIMUR,KEDIRI,PARE,PELEM,KEDIRI
2107319264,,ODP-KDI-FG/64,-7.829134,112.031177,,,6,2,0,0,8,REGIONAL 5,KEDIRI,KEDIRI,KDI,,,2024-03-16 23:26:24,2017-12-30,2017,12,NON TITO,,,JAWA TIMUR,0.25,GREEN,258692617,AREA 3,JATIM,MADIUN,KEDIRI,,,0,0,0,JAWA TIMUR,KOTA KEDIRI,PESANTREN,BANARAN,KEDIRI
2105745168,,ODP-PAE-FAJ/09,-7.755209,112.181175,,,6,2,0,0,8,REGIONAL 5,KEDIRI,KEDIRI,PAE,,,2024-03-16 23:25:23,2018-01-02,2018,1,NON TITO,,,JAWA TIMUR,0.25,GREEN,258990593,AREA 3,JATIM,MADIUN,KEDIRI,,,0,0,0,JAWA TIMUR,KEDIRI,PARE,TULUNGREJO,KEDIRI
2122095583,,ODP-PAE-FAE/03,-7.762148,112.15273,,,5,3,0,0,8,REGIONAL 5,KEDIRI,KEDIRI,PAE,,,2024-03-16 23:26:53,2018-01-06,2018,1,NON TITO,,,JAWA TIMUR,0.375,GREEN,259364803,AREA 3,JATIM,MADIUN,KEDIRI,,,0,0,0,JAWA TIMUR,KEDIRI,PARE,BENDO,KEDIRI
2122095773,,ODP-PAE-FAE/19,-7.764105,112.157025,,,6,2,0,0,8,REGIONAL 5,KEDIRI,KEDIRI,PAE,,,2024-03-16 23:28:10,2018-01-06,2018,1,NON TITO,,,JAWA TIMUR,0.25,GREEN,259364862,AREA 3,JATIM,MADIUN,KEDIRI,,,0,0,0,JAWA TIMUR,KEDIRI,PARE,BENDO,KEDIRI
2130869519,,ODP-PAE-FAF/03,-7.758685,112.186502,,,5,3,0,0,8,REGIONAL 5,KEDIRI,KEDIRI,PAE,,,2024-03-16 23:27:19,2018-01-08,2018,1,NON TITO,,,JAWA TIMUR,0.375,GREEN,259745587,AREA 3,JATIM,MADIUN,KEDIRI,,,0,0,0,JAWA TIMUR,KEDIRI,PARE,TULUNGREJO,KEDIRI
2269771242,,ODP-WAT-FP/09,-7.9295350000000004,112.214714,,,5,3,0,0,8,REGIONAL 5,KEDIRI,KEDIRI,WAT,,,2024-03-16 23:21:18,2018-02-24,2018,2,NON TITO,,,JAWA TIMUR,0.375,GREEN,324030526,AREA 3,JATIM,MADIUN,KEDIRI,,,0,0,0,JAWA TIMUR,KEDIRI,NGANCAR,SUGIHWARAS,KEDIRI
2216369410,,ODP-KDI-FAP/17,-7.787425,112.039952,,,5,3,0,0,8,REGIONAL 5,KEDIRI,KEDIRI,KDI,,,2024-03-16 23:25:20,2018-02-10,2018,2,NON TITO,,,JAWA TIMUR,0.375,GREEN,321912301,AREA 3,JATIM,MADIUN,KEDIRI,,,0,0,0,JAWA TIMUR,KEDIRI,NGASEM,NAMBAAN,KEDIRI
2216369404,,ODP-KDI-FAP/16,-7.787029,112.039291,,,5,3,0,0,8,REGIONAL 5,KEDIRI,KEDIRI,KDI,,,2024-03-16 23:24:46,2018-02-10,2018,2,NON TITO,,,JAWA TIMUR,0.375,GREEN,321912297,AREA 3,JATIM,MADIUN,KEDIRI,,,0,0,0,JAWA TIMUR,KEDIRI,NGASEM,NAMBAAN,KEDIRI
2216369398,,ODP-KDI-FAP/15,-7.787066,112.039368,,,5,3,0,0,8,REGIONAL 5,KEDIRI,KEDIRI,KDI,,,2024-03-16 23:25:23,2018-02-10,2018,2,NON TITO,,,JAWA TIMUR,0.375,GREEN,321912293,AREA 3,JATIM,MADIUN,KEDIRI,,,0,0,0,JAWA TIMUR,KEDIRI,NGASEM,NAMBAAN,KEDIRI
2248170865,,ODP-KDI-FH/26,-7.852402,112.010888,,,5,3,0,0,8,REGIONAL 5,KEDIRI,KEDIRI,KDI,,,2024-03-16 23:25:33,2018-02-20,2018,2,NON TITO,,,JAWA TIMUR,0.375,GREEN,319658144,AREA 3,JATIM,MADIUN,KEDIRI,,,0,0,0,JAWA TIMUR,KOTA KEDIRI,KOTA KEDIRI,MANISRENGGO,KEDIRI
2248170715,,ODP-KDI-FH/22,-7.852775,112.010537,,,5,3,0,0,8,REGIONAL 5,KEDIRI,KEDIRI,KDI,,,2024-03-16 23:26:18,2018-02-20,2018,2,NON TITO,,,JAWA TIMUR,0.375,GREEN,319657984,AREA 3,JATIM,MADIUN,KEDIRI,,,0,0,0,JAWA TIMUR,KOTA KEDIRI,KOTA KEDIRI,MANISRENGGO,KEDIRI
2248170660,,ODP-KDI-FH/24,-7.851869,112.01086,,,7,1,0,0,8,REGIONAL 5,KEDIRI,KEDIRI,KDI,,,2024-03-16 23:26:03,2018-02-20,2018,2,NON TITO,,,JAWA TIMUR,0.125,GREEN,319657925,AREA 3,JATIM,MADIUN,KEDIRI,,,0,0,0,JAWA TIMUR,KOTA KEDIRI,KOTA KEDIRI,MANISRENGGO,KEDIRI
2201597311,,ODP-KDI-FBC/17,-7.818952,112.015814,,,11,5,0,0,16,REGIONAL 5,KEDIRI,KEDIRI,KDI,,,2024-03-16 23:24:41,2018-02-01,2018,2,NON TITO,,,JAWA TIMUR,0.3125,GREEN,305415819,AREA 3,JATIM,MADIUN,KEDIRI,,,0,0,0,JAWA TIMUR,KOTA KEDIRI,KOTA,KEMASAN,KEDIRI
2201597141,,ODP-KDI-FBC/09,-7.819153,112.0237,,,5,3,0,0,8,REGIONAL 5,KEDIRI,KEDIRI,KDI,,,2024-03-16 23:25:04,2018-02-01,2018,2,NON TITO,,,JAWA TIMUR,0.375,GREEN,305415709,AREA 3,JATIM,MADIUN,KEDIRI,,,0,0,0,JAWA TIMUR,KOTA KEDIRI,KOTA,BANJARAN,KEDIRI
2153444990,,ODP-MJT-FJ/36,-7.815201,111.982501,,,5,3,0,0,8,REGIONAL 5,KEDIRI,KEDIRI,MJT,,,2024-03-16 23:22:24,2018-01-18,2018,1,NON TITO,,,JAWA TIMUR,0.375,GREEN,288316768,AREA 3,JATIM,MADIUN,KEDIRI,,,0,0,0,JAWA TIMUR,KOTA KEDIRI,MOJOROTO,POJOK,KEDIRI
2156070493,,ODP-KDI-FC/36,-7.812341,112.039664,,,5,3,0,0,8,REGIONAL 5,KEDIRI,KEDIRI,KDI,,,2024-03-16 23:22:37,2018-01-18,2018,1,NON TITO,,,JAWA TIMUR,0.375,GREEN,288314990,AREA 3,JATIM,MADIUN,KEDIRI,,,0,0,0,JAWA TIMUR,KEDIRI,NGASEM,DOKO,KEDIRI
2156070488,,ODP-KDI-FC/33,-7.813596,112.043473,,,6,2,0,0,8,REGIONAL 5,KEDIRI,KEDIRI,KDI,,,2024-03-16 23:23:31,2018-01-18,2018,1,NON TITO,,,JAWA TIMUR,0.25,GREEN,288314987,AREA 3,JATIM,MADIUN,KEDIRI,,,0,0,0,JAWA TIMUR,KEDIRI,NGASEM,DOKO,KEDIRI
2139949124,,ODP-KDI-FBB/06,-7.820847,112.025374,,,9,6,0,0,16,REGIONAL 5,KEDIRI,KEDIRI,KDI,,,2024-03-16 23:28:37,2018-01-16,2018,1,NON TITO,,,JAWA TIMUR,0.375,GREEN,286888657,AREA 3,JATIM,MADIUN,KEDIRI,,,0,0,0,JAWA TIMUR,KOTA KEDIRI,KOTA,BANJARAN,KEDIRI
2139949022,,ODP-KDI-FBB/03,-7.819885,112.027177,,,11,5,0,0,16,REGIONAL 5,KEDIRI,KEDIRI,KDI,,,2024-03-16 23:27:57,2018-01-16,2018,1,NON TITO,,,JAWA TIMUR,0.3125,GREEN,286888628,AREA 3,JATIM,MADIUN,KEDIRI,,,0,0,0,JAWA TIMUR,KOTA KEDIRI,KOTA,BANJARAN,KEDIRI
2139948926,,ODP-KDI-FBB/08,-7.821409,112.027821,,,12,4,0,0,16,REGIONAL 5,KEDIRI,KEDIRI,KDI,,,2024-03-16 23:28:49,2018-01-16,2018,1,NON TITO,,,JAWA TIMUR,0.25,GREEN,286888600,AREA 3,JATIM,MADIUN,KEDIRI,,,0,0,0,JAWA TIMUR,KOTA KEDIRI,PESANTREN,BURENGAN,KEDIRI
2139948811,,ODP-KDI-FBB/02,-7.820141,112.028366,,,10,5,0,0,16,REGIONAL 5,KEDIRI,KEDIRI,KDI,,,2024-03-16 23:28:59,2018-01-16,2018,1,NON TITO,,,JAWA TIMUR,0.3125,GREEN,286888540,AREA 3,JATIM,MADIUN,KEDIRI,,,0,0,0,JAWA TIMUR,KOTA KEDIRI,KOTA,BANJARAN,KEDIRI
2139948726,,ODP-KDI-FAE/42,-7.850697,112.031152,,,7,1,0,0,8,REGIONAL 5,KEDIRI,KEDIRI,KDI,,,2024-03-16 23:28:57,2018-01-16,2018,1,NON TITO,,,JAWA TIMUR,0.125,GREEN,286888489,AREA 3,JATIM,MADIUN,KEDIRI,,,0,0,0,JAWA TIMUR,KOTA KEDIRI,KOTA KEDIRI,NGRONGGO,KEDIRI
2139950511,,ODP-KDI-FBC/25,-7.821867,112.022727,,,11,5,0,0,16,REGIONAL 5,KEDIRI,KEDIRI,KDI,,,2024-03-16 23:29:20,2018-01-16,2018,1,NON TITO,,,JAWA TIMUR,0.3125,GREEN,286520614,AREA 3,JATIM,MADIUN,KEDIRI,,,0,0,0,JAWA TIMUR,KOTA KEDIRI,KOTA,BANJARAN,KEDIRI
2139950322,,ODP-KDI-FBC/23,-7.820674,112.024594,,,6,2,0,0,8,REGIONAL 5,KEDIRI,KEDIRI,KDI,,,2024-03-16 23:29:19,2018-01-16,2018,1,NON TITO,,,JAWA TIMUR,0.25,GREEN,286520501,AREA 3,JATIM,MADIUN,KEDIRI,,,0,0,0,JAWA TIMUR,KOTA KEDIRI,KOTA,BANJARAN,KEDIRI
1325747439,,ODP-MJT-FB/18,-7.759195,111.956041,,,7,1,0,0,8,REGIONAL 5,KEDIRI,KEDIRI,MJT,,,2024-03-16 23:22:41,2017-03-17,2017,3,NON TITO,,,JAWA TIMUR,0.125,GREEN,79510140,AREA 3,JATIM,MADIUN,KEDIRI,,,0,0,0,JAWA TIMUR,KEDIRI,GROGOL,GROGOL,KEDIRI
2436271988,,ODP-PAE-FN/17,-7.786096,112.247224,,,6,2,0,0,8,REGIONAL 5,KEDIRI,KEDIRI,PAE,,,2024-03-16 23:23:46,2018-04-19,2018,4,NON TITO,,,JAWA TIMUR,0.25,GREEN,353563123,AREA 3,JATIM,MADIUN,KEDIRI,,,0,0,0,JAWA TIMUR,KEDIRI,KEPUNG,KRENCENG,KEDIRI
1322087010,,ODP-KDI-FU/55,-7.821435,112.057892,,,12,4,0,0,16,REGIONAL 5,KEDIRI,KEDIRI,KDI,,,2024-03-16 23:24:02,2017-03-16,2017,3,NON TITO,,,JAWA TIMUR,0.25,GREEN,79434617,AREA 3,JATIM,MADIUN,KEDIRI,,,0,0,0,JAWA TIMUR,KEDIRI,NGASEM,TUGUREJO,KEDIRI
651795241,,ODP-KDI-FT/12,-7.823403,112.07622,,,11,5,0,0,16,REGIONAL 5,KEDIRI,KEDIRI,KDI,,,2024-03-16 23:26:53,2016-06-08,2016,6,NON TITO,,,JAWA TIMUR,0.3125,GREEN,33562439,AREA 3,JATIM,MADIUN,KEDIRI,,,0,0,0,JAWA TIMUR,KEDIRI,GURAH,WONOJOYO,KEDIRI
1026795426,,ODP-WAT-FF/06,-7.937037,112.126394,,,7,1,0,0,8,REGIONAL 5,KEDIRI,KEDIRI,WAT,,,2024-03-16 23:24:48,2016-10-29,2016,10,NON TITO,,,JAWA TIMUR,0.125,GREEN,37182834,AREA 3,JATIM,MADIUN,KEDIRI,,,0,0,0,JAWA TIMUR,KEDIRI,WATES,TAWANG,KEDIRI
1026794939,,ODP-WAT-FE/04,-7.967504,112.142638,,,6,2,0,0,8,REGIONAL 5,KEDIRI,KEDIRI,WAT,,,2024-03-16 23:25:01,2016-10-29,2016,10,NON TITO,,,JAWA TIMUR,0.25,GREEN,37182564,AREA 3,JATIM,MADIUN,KEDIRI,,,0,0,0,JAWA TIMUR,KEDIRI,NGANCAR,BEDALI,KEDIRI
1026794059,,ODP-WAT-FF/05,-7.936542,112.1232,,,6,2,0,0,8,REGIONAL 5,KEDIRI,KEDIRI,WAT,,,2024-03-16 23:25:02,2016-10-29,2016,10,NON TITO,,,JAWA TIMUR,0.25,GREEN,37182055,AREA 3,JATIM,MADIUN,KEDIRI,,,0,0,0,JAWA TIMUR,KEDIRI,WATES,TAWANG,KEDIRI
1026794054,,ODP-WAT-FF/04,-7.935684,112.123344,,,7,1,0,0,8,REGIONAL 5,KEDIRI,KEDIRI,WAT,,,2024-03-16 23:25:11,2016-10-29,2016,10,NON TITO,,,JAWA TIMUR,0.125,GREEN,37182052,AREA 3,JATIM,MADIUN,KEDIRI,,,0,0,0,JAWA TIMUR,KEDIRI,WATES,TAWANG,KEDIRI
1026794049,,ODP-WAT-FF/01,-7.937618,112.119474,,,5,3,0,0,8,REGIONAL 5,KEDIRI,KEDIRI,WAT,,,2024-03-16 23:25:04,2016-10-29,2016,10,NON TITO,,,JAWA TIMUR,0.375,GREEN,37182049,AREA 3,JATIM,MADIUN,KEDIRI,,,0,0,0,JAWA TIMUR,KEDIRI,WATES,TAWANG,KEDIRI
1018705595,,ODP-PAE-FAB/12,-7.797201,112.294012,,,5,3,0,0,8,REGIONAL 5,KEDIRI,KEDIRI,PAE,,,2024-03-16 23:23:03,2016-10-28,2016,10,NON TITO,,,JAWA TIMUR,0.375,GREEN,37175555,AREA 3,JATIM,MADIUN,KEDIRI,,,0,0,0,JAWA TIMUR,KEDIRI,KEPUNG,BRUMBUNG,KEDIRI
1018705589,,ODP-PAE-FAB/05,-7.836741,112.298664,,,6,2,0,0,8,REGIONAL 5,KEDIRI,KEDIRI,PAE,,,2024-03-16 23:25:01,2016-10-28,2016,10,NON TITO,,,JAWA TIMUR,0.25,GREEN,37175551,AREA 3,JATIM,MADIUN,KEDIRI,,,0,0,0,JAWA TIMUR,KEDIRI,KEPUNG,SIMAN,KEDIRI
1018705288,,ODP-PAE-FAB/18,-7.809184,112.298736,,,10,6,0,0,16,REGIONAL 5,KEDIRI,KEDIRI,PAE,,,2024-03-16 23:25:20,2016-10-28,2016,10,NON TITO,,,JAWA TIMUR,0.375,GREEN,37175371,AREA 3,JATIM,MADIUN,KEDIRI,,,0,0,0,JAWA TIMUR,KEDIRI,KEPUNG,BRUMBUNG,KEDIRI
786194160,,ODP-PAE-FF/47,-7.764305,112.177086,,,13,3,0,0,16,REGIONAL 5,KEDIRI,KEDIRI,PAE,,,2024-03-16 23:27:11,2016-08-04,2016,8,NON TITO,,,JAWA TIMUR,0.1875,GREEN,34099742,AREA 3,JATIM,MADIUN,KEDIRI,,,0,0,0,JAWA TIMUR,KEDIRI,PARE,PELEM,KEDIRI
1018704920,,ODP-PAE-FAB/07,-7.826391,112.310864,,,6,2,0,0,8,REGIONAL 5,KEDIRI,KEDIRI,PAE,,,2024-03-16 23:24:49,2016-10-28,2016,10,NON TITO,,,JAWA TIMUR,0.25,GREEN,37175148,AREA 3,JATIM,MADIUN,KEDIRI,,,0,0,0,JAWA TIMUR,MALANG,KASEMBON,PONDOKAGUNG,KEDIRI
1018704625,,ODP-PAE-FAB/14,-7.802269,112.296316,,,5,3,0,0,8,REGIONAL 5,KEDIRI,KEDIRI,PAE,,,2024-03-16 23:25:01,2016-10-28,2016,10,NON TITO,,,JAWA TIMUR,0.375,GREEN,37174972,AREA 3,JATIM,MADIUN,KEDIRI,,,0,0,0,JAWA TIMUR,KEDIRI,KEPUNG,BRUMBUNG,KEDIRI
1018704113,,ODP-MJT-FZ/19,-7.825657,112.008166,,,11,5,0,0,16,REGIONAL 5,KEDIRI,KEDIRI,MJT,,,2024-03-16 23:25:00,2016-10-28,2016,10,NON TITO,,,JAWA TIMUR,0.3125,GREEN,37174658,AREA 3,JATIM,MADIUN,KEDIRI,,,0,0,0,JAWA TIMUR,KOTA KEDIRI,MOJOROTO,BANDAR LOR,KEDIRI
1018703592,,ODP-PAE-FAB/08,-7.828126,112.308971,,,7,1,0,0,8,REGIONAL 5,KEDIRI,KEDIRI,PAE,,,2024-03-16 23:24:13,2016-10-28,2016,10,NON TITO,,,JAWA TIMUR,0.125,GREEN,37174440,AREA 3,JATIM,MADIUN,KEDIRI,,,0,0,0,JAWA TIMUR,MALANG,KASEMBON,PONDOKAGUNG,KEDIRI
1018703246,,ODP-PAE-FAB/16,-7.80712,112.29866,,,10,6,0,0,16,REGIONAL 5,KEDIRI,KEDIRI,PAE,,,2024-03-16 23:24:51,2016-10-28,2016,10,NON TITO,,,JAWA TIMUR,0.375,GREEN,37174341,AREA 3,JATIM,MADIUN,KEDIRI,,,0,0,0,JAWA TIMUR,KEDIRI,KEPUNG,BRUMBUNG,KEDIRI
1018703240,,ODP-PAE-FAB/19,-7.809432,112.298277,,,5,3,0,0,8,REGIONAL 5,KEDIRI,KEDIRI,PAE,,,2024-03-16 23:24:34,2016-10-28,2016,10,NON TITO,,,JAWA TIMUR,0.375,GREEN,37174339,AREA 3,JATIM,MADIUN,KEDIRI,,,0,0,0,JAWA TIMUR,KEDIRI,KEPUNG,SIMAN,KEDIRI
1018703085,,ODP-MJT-FZ/18,-7.823607,112.008034,,,10,6,0,0,16,REGIONAL 5,KEDIRI,KEDIRI,MJT,,,2024-03-16 23:25:02,2016-10-28,2016,10,NON TITO,,,JAWA TIMUR,0.375,GREEN,37021714,AREA 3,JATIM,MADIUN,KEDIRI,,,0,0,0,JAWA TIMUR,KOTA KEDIRI,MOJOROTO,BANDAR LOR,KEDIRI
1004672064,,ODP-PAE-FU/26,-7.807896,112.256876,,,7,1,0,0,8,REGIONAL 5,KEDIRI,KEDIRI,PAE,,,2024-03-16 23:29:02,2016-10-22,2016,10,NON TITO,,,JAWA TIMUR,0.125,GREEN,36810628,AREA 3,JATIM,MADIUN,KEDIRI,,,0,0,0,JAWA TIMUR,KEDIRI,KEPUNG,KEPUNG,KEDIRI
1004672054,,ODP-PAE-FU/23,-7.805278,112.255427,,,6,2,0,0,8,REGIONAL 5,KEDIRI,KEDIRI,PAE,,,2024-03-16 23:29:03,2016-10-22,2016,10,NON TITO,,,JAWA TIMUR,0.25,GREEN,36810622,AREA 3,JATIM,MADIUN,KEDIRI,,,0,0,0,JAWA TIMUR,KEDIRI,KEPUNG,KEPUNG,KEDIRI
786644065,,ODP-MJT-FG/23,-7.777152,111.992847,,,6,2,0,0,8,REGIONAL 5,KEDIRI,KEDIRI,MJT,,,2024-03-16 23:24:50,2016-08-05,2016,8,NON TITO,,,JAWA TIMUR,0.25,GREEN,34103421,AREA 3,JATIM,MADIUN,KEDIRI,,,0,0,0,JAWA TIMUR,KOTA KEDIRI,MOJOROTO,MRICAN,KEDIRI
1000696206,,ODP-KDI-FAH/11,-7.820898,112.011916,,,10,6,0,0,16,REGIONAL 5,KEDIRI,KEDIRI,KDI,,,2024-03-16 23:25:23,2016-10-20,2016,10,NON TITO,,,JAWA TIMUR,0.375,GREEN,36798185,AREA 3,JATIM,MADIUN,KEDIRI,,,0,0,0,JAWA TIMUR,KOTA KEDIRI,KOTA,SETONOPANDE,KEDIRI
1026796300,,ODP-WAT-FF/07,-7.937552,112.129732,,,10,6,0,0,16,REGIONAL 5,KEDIRI,KEDIRI,WAT,,,2024-03-16 23:25:52,2016-10-29,2016,10,NON TITO,,,JAWA TIMUR,0.375,GREEN,37183325,AREA 3,JATIM,MADIUN,KEDIRI,,,0,0,0,JAWA TIMUR,KEDIRI,NGANCAR,KUNJANG,KEDIRI
1030544265,,ODP-PPR-FG/07,-7.667322,112.149287,,,6,2,0,0,8,REGIONAL 5,KEDIRI,KEDIRI,PPR,,,2024-03-16 23:29:14,2016-11-02,2016,11,NON TITO,,,JAWA TIMUR,0.25,GREEN,37197298,AREA 3,JATIM,MADIUN,KEDIRI,,,0,0,0,JAWA TIMUR,KEDIRI,PLEMAHAN,MOJOAYU,KEDIRI
1030550250,,ODP-KDI-FAU/15,-7.84698,112.066026,,,5,3,0,0,8,REGIONAL 5,KEDIRI,KEDIRI,KDI,,,2024-03-16 23:22:44,2016-11-02,2016,11,NON TITO,,,JAWA TIMUR,0.375,GREEN,37407526,AREA 3,JATIM,MADIUN,KEDIRI,,,0,0,0,JAWA TIMUR,KOTA KEDIRI,PESANTREN,TAMPUREJO,KEDIRI
1030550244,,ODP-KDI-FAU/13,-7.85082,112.070408,,,5,3,0,0,8,REGIONAL 5,KEDIRI,KEDIRI,KDI,,,2024-03-16 23:22:41,2016-11-02,2016,11,NON TITO,,,JAWA TIMUR,0.375,GREEN,37407524,AREA 3,JATIM,MADIUN,KEDIRI,,,0,0,0,JAWA TIMUR,KEDIRI,WATES,JANTI,KEDIRI
1030548674,,ODP-KDI-FAU/11,-7.854071,112.070714,,,10,6,0,0,16,REGIONAL 5,KEDIRI,KEDIRI,KDI,,,2024-03-16 23:22:45,2016-11-02,2016,11,NON TITO,,,JAWA TIMUR,0.375,GREEN,37407027,AREA 3,JATIM,MADIUN,KEDIRI,,,0,0,0,JAWA TIMUR,KEDIRI,WATES,JANTI,KEDIRI
1030546696,,ODP-PPR-FG/26,-7.6599,112.169253,,,7,1,0,0,8,REGIONAL 5,KEDIRI,KEDIRI,PPR,,,2024-03-16 23:22:18,2016-11-02,2016,11,NON TITO,,,JAWA TIMUR,0.125,GREEN,37406978,AREA 3,JATIM,MADIUN,KEDIRI,,,0,0,0,JAWA TIMUR,KEDIRI,KUNJANG,KAPI,KEDIRI
1026806566,,ODP-PAE-FG/12,-7.735633,112.195354,,,5,3,0,0,8,REGIONAL 5,KEDIRI,KEDIRI,PAE,,,2024-03-16 23:28:32,2016-11-01,2016,11,NON TITO,,,JAWA TIMUR,0.375,GREEN,37400666,AREA 3,JATIM,MADIUN,KEDIRI,,,0,0,0,JAWA TIMUR,KEDIRI,BADAS,TUNGLUR,KEDIRI
1026805810,,ODP-PAE-FG/13,-7.737283,112.194204,,,6,2,0,0,8,REGIONAL 5,KEDIRI,KEDIRI,PAE,,,2024-03-16 23:28:31,2016-11-01,2016,11,NON TITO,,,JAWA TIMUR,0.25,GREEN,37400201,AREA 3,JATIM,MADIUN,KEDIRI,,,0,0,0,JAWA TIMUR,KEDIRI,BADAS,TUNGLUR,KEDIRI
1026805764,,ODP-KDI-FX/51,-7.840446,112.020358,,,7,1,0,0,8,REGIONAL 5,KEDIRI,KEDIRI,KDI,,,2024-03-16 23:27:56,2016-11-01,2016,11,NON TITO,,,JAWA TIMUR,0.125,GREEN,37400172,AREA 3,JATIM,MADIUN,KEDIRI,,,0,0,0,JAWA TIMUR,KOTA KEDIRI,KOTA KEDIRI,NGRONGGO,KEDIRI
770219826,,ODP-KDI-FAC/01,-7.812321,112.008887,,,7,1,0,0,8,REGIONAL 5,KEDIRI,KEDIRI,KDI,,,2024-03-16 23:28:34,2016-07-29,2016,7,NON TITO,,,JAWA TIMUR,0.125,GREEN,34072359,AREA 3,JATIM,MADIUN,KEDIRI,,,0,0,0,JAWA TIMUR,KOTA KEDIRI,KOTA,POCANAN,KEDIRI
1026796305,,ODP-WAT-FF/02,-7.937157,112.122171,,,7,1,0,0,8,REGIONAL 5,KEDIRI,KEDIRI,WAT,,,2024-03-16 23:25:06,2016-10-29,2016,10,NON TITO,,,JAWA TIMUR,0.125,GREEN,37183328,AREA 3,JATIM,MADIUN,KEDIRI,,,0,0,0,JAWA TIMUR,KEDIRI,WATES,TAWANG,KEDIRI
1026805160,,ODP-PAE-FE/02,-7.735997,112.138336,,,6,2,0,0,8,REGIONAL 5,KEDIRI,KEDIRI,PAE,,,2024-03-16 23:27:57,2016-11-01,2016,11,NON TITO,,,JAWA TIMUR,0.25,GREEN,37399805,AREA 3,JATIM,MADIUN,KEDIRI,,,0,0,0,JAWA TIMUR,KEDIRI,KAYEN KIDUL,JAMBU,KEDIRI
1030550943,,ODP-KDI-FAU/04,-7.848038,112.072577,,,6,2,0,0,8,REGIONAL 5,KEDIRI,KEDIRI,KDI,,,2024-03-16 23:23:04,2016-11-02,2016,11,NON TITO,,,JAWA TIMUR,0.25,GREEN,37200023,AREA 3,JATIM,MADIUN,KEDIRI,,,0,0,0,JAWA TIMUR,KEDIRI,WATES,JANTI,KEDIRI
1030550589,,ODP-KDI-FAU/05,-7.847429,112.07094,,,5,3,0,0,8,REGIONAL 5,KEDIRI,KEDIRI,KDI,,,2024-03-16 23:23:23,2016-11-02,2016,11,NON TITO,,,JAWA TIMUR,0.375,GREEN,37199915,AREA 3,JATIM,MADIUN,KEDIRI,,,0,0,0,JAWA TIMUR,KEDIRI,WATES,JANTI,KEDIRI
1030549333,,ODP-KDI-FAV/05,-7.856105,112.058879,,,5,3,0,0,8,REGIONAL 5,KEDIRI,KEDIRI,KDI,,,2024-03-16 23:23:00,2016-11-02,2016,11,NON TITO,,,JAWA TIMUR,0.375,GREEN,37199542,AREA 3,JATIM,MADIUN,KEDIRI,,,0,0,0,JAWA TIMUR,KOTA KEDIRI,PESANTREN,BAWANG,KEDIRI
1030548769,,ODP-KDI-FAV/15,-7.844525,112.053935,,,5,2,0,0,8,REGIONAL 5,KEDIRI,KEDIRI,KDI,,,2024-03-16 23:22:40,2016-11-02,2016,11,NON TITO,,,JAWA TIMUR,0.25,GREEN,37199376,AREA 3,JATIM,MADIUN,KEDIRI,,,0,0,0,JAWA TIMUR,KOTA KEDIRI,PESANTREN,NGLETIH,KEDIRI
1030545930,,ODP-PPR-FG/18,-7.653075,112.150347,,,5,3,0,0,8,REGIONAL 5,KEDIRI,KEDIRI,PPR,,,2024-03-16 23:21:20,2016-11-02,2016,11,NON TITO,,,JAWA TIMUR,0.375,GREEN,37198283,AREA 3,JATIM,MADIUN,KEDIRI,,,0,0,0,JAWA TIMUR,KEDIRI,KUNJANG,KLEPEK,KEDIRI
1030545270,,ODP-PPR-FG/24,-7.663399,112.17817,,,6,2,0,0,8,REGIONAL 5,KEDIRI,KEDIRI,PPR,,,2024-03-16 23:29:19,2016-11-02,2016,11,NON TITO,,,JAWA TIMUR,0.25,GREEN,37197892,AREA 3,JATIM,MADIUN,KEDIRI,,,0,0,0,JAWA TIMUR,KEDIRI,KUNJANG,TENGGERLOR,KEDIRI
780569477,,ODP-KDI-FAJ/13,-7.814041,112.011709,,,11,5,0,0,16,REGIONAL 5,KEDIRI,KEDIRI,KDI,,,2024-03-16 23:29:00,2016-08-03,2016,8,NON TITO,,,JAWA TIMUR,0.3125,GREEN,34093618,AREA 3,JATIM,MADIUN,KEDIRI,,,0,0,0,JAWA TIMUR,KOTA KEDIRI,KOTA,PAKELAN,KEDIRI
780569478,,ODP-KDI-FAJ/14,-7.81385,112.010885,,,14,2,0,0,16,REGIONAL 5,KEDIRI,KEDIRI,KDI,,,2024-03-16 23:29:00,2016-08-03,2016,8,NON TITO,,,JAWA TIMUR,0.125,GREEN,34093619,AREA 3,JATIM,MADIUN,KEDIRI,,,0,0,0,JAWA TIMUR,KOTA KEDIRI,KOTA,PAKELAN,KEDIRI
767220228,,ODP-MJT-FK/32,-7.809745,111.989968,,,10,6,0,0,16,REGIONAL 5,KEDIRI,KEDIRI,MJT,,,2024-03-16 23:24:16,2016-08-02,2016,8,NON TITO,,,JAWA TIMUR,0.375,GREEN,34086164,AREA 3,JATIM,MADIUN,KEDIRI,,,0,0,0,JAWA TIMUR,KOTA KEDIRI,MOJOROTO,SUKORAME,KEDIRI
1049078462,,ODP-SBI-FD/02,-7.994128,112.007409,,,5,3,0,0,8,REGIONAL 5,KEDIRI,KEDIRI,SBI,,,2024-03-16 23:27:59,2016-11-10,2016,11,NON TITO,,,JAWA TIMUR,0.375,GREEN,38442296,AREA 3,JATIM,MADIUN,KEDIRI,,,0,0,0,JAWA TIMUR,KEDIRI,RINGINREJO,JEMEKAN,KEDIRI
1008493628,,ODP-KAA-FA/17,-7.779307,112.30797,,,7,1,0,0,8,REGIONAL 5,KEDIRI,KEDIRI,KAA,,,2024-03-16 23:26:19,2016-10-25,2016,10,NON TITO,,,JAWA TIMUR,0.125,GREEN,36779963,AREA 3,JATIM,MADIUN,KEDIRI,,,0,0,0,JAWA TIMUR,MALANG,KASEMBON,SUKOSARI,KEDIRI
760394424,,ODP-KDI-FAK/31,-7.8056,112.0122,,,6,2,0,0,8,REGIONAL 5,KEDIRI,KEDIRI,KDI,,,2024-03-16 23:28:07,2016-07-27,2016,7,NON TITO,,,JAWA TIMUR,0.25,GREEN,34213566,AREA 3,JATIM,MADIUN,KEDIRI,,,0,0,0,JAWA TIMUR,KOTA KEDIRI,KOTA KEDIRI,SEMAMPIR,KEDIRI
786269657,,ODP-MJT-FG/28,-7.7804,112.00011,,,5,3,0,0,8,REGIONAL 5,KEDIRI,KEDIRI,MJT,,,2024-03-16 23:28:57,2016-08-05,2016,8,NON TITO,,,JAWA TIMUR,0.375,GREEN,34251793,AREA 3,JATIM,MADIUN,KEDIRI,,,0,0,0,JAWA TIMUR,KOTA KEDIRI,MOJOROTO,MRICAN,KEDIRI
960419283,,ODP-KAA-FC/22,-7.763735,112.289745,,,10,6,0,0,16,REGIONAL 5,KEDIRI,KEDIRI,KAA,,,2024-03-16 23:27:01,2016-10-05,2016,10,NON TITO,,,JAWA TIMUR,0.375,GREEN,36091513,AREA 3,JATIM,MADIUN,KEDIRI,,,0,0,0,JAWA TIMUR,KEDIRI,KANDANGAN,KANDANGAN,KEDIRI
958843847,,ODP-KAA-FD/33,-7.774781,112.277191,,,10,6,0,0,16,REGIONAL 5,KEDIRI,KEDIRI,KAA,,,2024-03-16 23:26:11,2016-10-03,2016,10,NON TITO,,,JAWA TIMUR,0.375,GREEN,36084282,AREA 3,JATIM,MADIUN,KEDIRI,,,0,0,0,JAWA TIMUR,KEDIRI,KEPUNG,DAMARWULAN,KEDIRI
958843824,,ODP-KAA-FD/36,-7.775114,112.285654,,,11,5,0,0,16,REGIONAL 5,KEDIRI,KEDIRI,KAA,,,2024-03-16 23:25:29,2016-10-03,2016,10,NON TITO,,,JAWA TIMUR,0.3125,GREEN,36084263,AREA 3,JATIM,MADIUN,KEDIRI,,,0,0,0,JAWA TIMUR,KEDIRI,KEPUNG,DAMARWULAN,KEDIRI
961543721,,ODP-KAA-FD/25,-7.77331,112.249885,,,5,3,0,0,8,REGIONAL 5,KEDIRI,KEDIRI,KAA,,,2024-03-16 23:21:43,2016-10-03,2016,10,NON TITO,,,JAWA TIMUR,0.375,GREEN,36082376,AREA 3,JATIM,MADIUN,KEDIRI,,,0,0,0,JAWA TIMUR,KEDIRI,KEPUNG,KELING,KEDIRI
949696248,,ODP-PAE-FL/20,-7.774408,112.19567,,,11,5,0,0,16,REGIONAL 5,KEDIRI,KEDIRI,PAE,,,2024-03-16 23:23:36,2016-09-28,2016,9,NON TITO,,,JAWA TIMUR,0.3125,GREEN,36063062,AREA 3,JATIM,MADIUN,KEDIRI,,,0,0,0,JAWA TIMUR,KEDIRI,PARE,PARE,KEDIRI
787994766,,ODP-PAE-FU/06,-7.808554,112.253256,,,5,3,0,0,8,REGIONAL 5,KEDIRI,KEDIRI,PAE,,,2024-03-16 23:27:11,2016-08-08,2016,8,NON TITO,,,JAWA TIMUR,0.375,GREEN,34258160,AREA 3,JATIM,MADIUN,KEDIRI,,,0,0,0,JAWA TIMUR,KEDIRI,KEPUNG,KEPUNG,KEDIRI
949695579,,ODP-PAE-FL/15,-7.776515,112.185287,,,10,5,0,0,16,REGIONAL 5,KEDIRI,KEDIRI,PAE,,,2024-03-16 23:22:49,2016-09-28,2016,9,NON TITO,,,JAWA TIMUR,0.3125,GREEN,35912068,AREA 3,JATIM,MADIUN,KEDIRI,,,0,0,0,JAWA TIMUR,KEDIRI,PARE,GEDANGSEWU,KEDIRI
970860434,,ODP-MJT-FD/12,-7.759511,111.976864,,,5,3,0,0,8,REGIONAL 5,KEDIRI,KEDIRI,MJT,,,2024-03-16 23:25:45,2016-10-08,2016,10,NON TITO,,,JAWA TIMUR,0.375,GREEN,36106315,AREA 3,JATIM,MADIUN,KEDIRI,,,0,0,0,JAWA TIMUR,KEDIRI,GROGOL,BAKALAN,KEDIRI
949695023,,ODP-PAE-FL/11,-7.773687,112.1807,,,5,3,0,0,8,REGIONAL 5,KEDIRI,KEDIRI,PAE,,,2024-03-16 23:23:48,2016-09-28,2016,9,NON TITO,,,JAWA TIMUR,0.375,GREEN,35911900,AREA 3,JATIM,MADIUN,KEDIRI,,,0,0,0,JAWA TIMUR,KEDIRI,PARE,GEDANGSEWU,KEDIRI
934618833,,ODP-KDI-FE/04,-7.783283,112.048424,,,6,2,0,0,8,REGIONAL 5,KEDIRI,KEDIRI,KDI,,,2024-03-16 23:28:12,2016-09-21,2016,9,NON TITO,,,JAWA TIMUR,0.25,GREEN,35768982,AREA 3,JATIM,MADIUN,KEDIRI,,,0,0,0,JAWA TIMUR,KEDIRI,NGASEM,NAMBAAN,KEDIRI
927793734,,ODP-KDI-FV/34,-7.836639,112.048201,,,5,3,0,0,8,REGIONAL 5,KEDIRI,KEDIRI,KDI,,,2024-03-16 23:25:19,2016-09-19,2016,9,NON TITO,,,JAWA TIMUR,0.375,GREEN,35758300,AREA 3,JATIM,MADIUN,KEDIRI,,,0,0,0,JAWA TIMUR,KOTA KEDIRI,PESANTREN,BANGSAL,KEDIRI
927793708,,ODP-KDI-FV/36,-7.835911,112.049791,,,6,2,0,0,8,REGIONAL 5,KEDIRI,KEDIRI,KDI,,,2024-03-16 23:25:07,2016-09-19,2016,9,NON TITO,,,JAWA TIMUR,0.25,GREEN,35758233,AREA 3,JATIM,MADIUN,KEDIRI,,,0,0,0,JAWA TIMUR,KOTA KEDIRI,PESANTREN,BANGSAL,KEDIRI
925918626,,ODP-KDI-FAK/29,-7.8065,112.0122,,,6,2,0,0,8,REGIONAL 5,KEDIRI,KEDIRI,KDI,,,2024-03-16 23:23:44,2016-09-19,2016,9,NON TITO,,,JAWA TIMUR,0.25,GREEN,35757562,AREA 3,JATIM,MADIUN,KEDIRI,,,0,0,0,JAWA TIMUR,KOTA KEDIRI,KOTA KEDIRI,SEMAMPIR,KEDIRI
934618854,,ODP-KDI-FE/07,-7.796725,112.048792,,,6,2,0,0,8,REGIONAL 5,KEDIRI,KEDIRI,KDI,,,2024-03-16 23:28:36,2016-09-21,2016,9,NON TITO,,,JAWA TIMUR,0.25,GREEN,35695612,AREA 3,JATIM,MADIUN,KEDIRI,,,0,0,0,JAWA TIMUR,KEDIRI,NGASEM,NGASEM,KEDIRI
804793870,,ODP-KDI-FAB/28,-7.794762,112.008714,,,5,3,0,0,8,REGIONAL 5,KEDIRI,KEDIRI,KDI,,,2024-03-16 23:25:01,2016-08-12,2016,8,NON TITO,,,JAWA TIMUR,0.375,GREEN,34283621,AREA 3,JATIM,MADIUN,KEDIRI,,,0,0,0,JAWA TIMUR,KOTA KEDIRI,KOTA,SEMAMPIR,KEDIRI
904618760,,ODP-KDI-FAA/69,-7.754686,112.030808,,,7,1,0,0,8,REGIONAL 5,KEDIRI,KEDIRI,KDI,,,2024-03-16 23:26:53,2016-09-13,2016,9,NON TITO,,,JAWA TIMUR,0.125,GREEN,35665733,AREA 3,JATIM,MADIUN,KEDIRI,,,0,0,0,JAWA TIMUR,KEDIRI,GAMPENGREJO,NGEBRAK,KEDIRI
813269080,,ODP-PPR-FC/11,-7.703758,112.106622,,,6,2,0,0,8,REGIONAL 5,KEDIRI,KEDIRI,PPR,,,2024-03-16 23:21:08,2016-08-16,2016,8,NON TITO,,,JAWA TIMUR,0.25,GREEN,34298219,AREA 3,JATIM,MADIUN,KEDIRI,,,0,0,0,JAWA TIMUR,KEDIRI,PAPAR,NGAMPEL,KEDIRI
934618840,,ODP-KDI-FE/05,-7.794316,112.051127,,,6,2,0,0,8,REGIONAL 5,KEDIRI,KEDIRI,KDI,,,2024-03-16 23:28:32,2016-09-21,2016,9,NON TITO,,,JAWA TIMUR,0.25,GREEN,35768995,AREA 3,JATIM,MADIUN,KEDIRI,,,0,0,0,JAWA TIMUR,KEDIRI,NGASEM,NAMBAAN,KEDIRI
1008493622,,ODP-KAA-FA/10,-7.78278,112.316714,,,7,1,0,0,8,REGIONAL 5,KEDIRI,KEDIRI,KAA,,,2024-03-16 23:26:45,2016-10-25,2016,10,NON TITO,,,JAWA TIMUR,0.125,GREEN,36779952,AREA 3,JATIM,MADIUN,KEDIRI,,,0,0,0,JAWA TIMUR,MALANG,KASEMBON,KASEMBON,KEDIRI
786194159,,ODP-PAE-FF/49,-7.761451,112.176193,,,10,6,0,0,16,REGIONAL 5,KEDIRI,KEDIRI,PAE,,,2024-03-16 23:27:08,2016-08-04,2016,8,NON TITO,,,JAWA TIMUR,0.375,GREEN,34246872,AREA 3,JATIM,MADIUN,KEDIRI,,,0,0,0,JAWA TIMUR,KEDIRI,PARE,PELEM,KEDIRI
958565406,,ODP-KAA-FB/42,-7.754879,112.297486,,,10,6,0,0,16,REGIONAL 5,KEDIRI,KEDIRI,KAA,,,2024-03-16 23:22:06,2016-10-05,2016,10,NON TITO,,,JAWA TIMUR,0.375,GREEN,36596191,AREA 3,JATIM,MADIUN,KEDIRI,,,0,0,0,JAWA TIMUR,KEDIRI,KANDANGAN,BANARAN,KEDIRI
1002568731,,ODP-PAE-FU/24,-7.808163,112.255215,,,5,3,0,0,8,REGIONAL 5,KEDIRI,KEDIRI,PAE,,,2024-03-16 23:27:15,2016-10-21,2016,10,NON TITO,,,JAWA TIMUR,0.375,GREEN,36760239,AREA 3,JATIM,MADIUN,KEDIRI,,,0,0,0,JAWA TIMUR,KEDIRI,KEPUNG,KEPUNG,KEDIRI
1000696203,,ODP-KDI-FAH/13,-7.822625,112.011467,,,12,4,0,0,16,REGIONAL 5,KEDIRI,KEDIRI,KDI,,,2024-03-16 23:26:10,2016-10-20,2016,10,NON TITO,,,JAWA TIMUR,0.25,GREEN,36754476,AREA 3,JATIM,MADIUN,KEDIRI,,,0,0,0,JAWA TIMUR,KOTA KEDIRI,KOTA,SETONOPANDE,KEDIRI
978719122,,ODP-PAE-FZ/01,-7.731396,112.22582,,,6,2,0,0,8,REGIONAL 5,KEDIRI,KEDIRI,PAE,,,2024-03-16 23:25:29,2016-10-13,2016,10,NON TITO,,,JAWA TIMUR,0.25,GREEN,36722892,AREA 3,JATIM,MADIUN,KEDIRI,,,0,0,0,JAWA TIMUR,KEDIRI,BADAS,KRECEK,KEDIRI
982544752,,ODP-PAE-FY/06,-7.703028,112.207395,,,7,1,0,0,8,REGIONAL 5,KEDIRI,KEDIRI,PAE,,,2024-03-16 23:24:03,2016-10-13,2016,10,NON TITO,,,JAWA TIMUR,0.125,GREEN,36719709,AREA 3,JATIM,MADIUN,KEDIRI,,,0,0,0,JAWA TIMUR,KEDIRI,BADAS,BADAS,KEDIRI
982544749,,ODP-PAE-FY/04,-7.701301,112.205598,,,7,1,0,0,8,REGIONAL 5,KEDIRI,KEDIRI,PAE,,,2024-03-16 23:24:15,2016-10-13,2016,10,NON TITO,,,JAWA TIMUR,0.125,GREEN,36719707,AREA 3,JATIM,MADIUN,KEDIRI,,,0,0,0,JAWA TIMUR,KEDIRI,BADAS,BADAS,KEDIRI
982544423,,ODP-PAE-FY/10,-7.705026,112.213074,,,5,3,0,0,8,REGIONAL 5,KEDIRI,KEDIRI,PAE,,,2024-03-16 23:23:05,2016-10-13,2016,10,NON TITO,,,JAWA TIMUR,0.375,GREEN,36719530,AREA 3,JATIM,MADIUN,KEDIRI,,,0,0,0,JAWA TIMUR,KEDIRI,BADAS,BADAS,KEDIRI
982543859,,ODP-PAE-FY/08,-7.703822,112.209541,,,14,2,0,0,16,REGIONAL 5,KEDIRI,KEDIRI,PAE,,,2024-03-16 23:24:00,2016-10-13,2016,10,NON TITO,,,JAWA TIMUR,0.125,GREEN,36719219,AREA 3,JATIM,MADIUN,KEDIRI,,,0,0,0,JAWA TIMUR,KEDIRI,BADAS,BADAS,KEDIRI
994770598,,ODP-KDI-FAG/49,-7.854598,112.027297,,,10,6,0,0,16,REGIONAL 5,KEDIRI,KEDIRI,KDI,,,2024-03-16 23:26:47,2016-10-18,2016,10,NON TITO,,,JAWA TIMUR,0.375,GREEN,36676549,AREA 3,JATIM,MADIUN,KEDIRI,,,0,0,0,JAWA TIMUR,KOTA KEDIRI,KOTA,REJOMULYO,KEDIRI
788143812,,ODP-PAE-FT/10,-7.765767,112.158687,,,14,2,0,0,16,REGIONAL 5,KEDIRI,KEDIRI,PAE,,,2024-03-16 23:23:31,2016-08-04,2016,8,NON TITO,,,JAWA TIMUR,0.125,GREEN,34244736,AREA 3,JATIM,MADIUN,KEDIRI,,,0,0,0,JAWA TIMUR,KEDIRI,PARE,BENDO,KEDIRI
994770323,,ODP-KDI-FN/03,-7.770859,112.03178,,,10,6,0,0,16,REGIONAL 5,KEDIRI,KEDIRI,KDI,,,2024-03-16 23:26:32,2016-10-18,2016,10,NON TITO,,,JAWA TIMUR,0.375,GREEN,36676396,AREA 3,JATIM,MADIUN,KEDIRI,,,0,0,0,JAWA TIMUR,KEDIRI,GAMPENGREJO,SAMBIRESIK,KEDIRI
994770065,,ODP-KDI-FN/02,-7.770238,112.029436,,,10,6,0,0,16,REGIONAL 5,KEDIRI,KEDIRI,KDI,,,2024-03-16 23:26:41,2016-10-18,2016,10,NON TITO,,,JAWA TIMUR,0.375,GREEN,36676250,AREA 3,JATIM,MADIUN,KEDIRI,,,0,0,0,JAWA TIMUR,KEDIRI,GAMPENGREJO,SAMBIRESIK,KEDIRI
994770062,,ODP-KDI-FN/01,-7.769871,112.028139,,,11,5,0,0,16,REGIONAL 5,KEDIRI,KEDIRI,KDI,,,2024-03-16 23:26:30,2016-10-18,2016,10,NON TITO,,,JAWA TIMUR,0.3125,GREEN,36676248,AREA 3,JATIM,MADIUN,KEDIRI,,,0,0,0,JAWA TIMUR,KEDIRI,GAMPENGREJO,SAMBIRESIK,KEDIRI
987270302,,ODP-WAT-FD/07,-7.951713,112.099948,,,6,2,0,0,8,REGIONAL 5,KEDIRI,KEDIRI,WAT,,,2024-03-16 23:26:23,2016-10-17,2016,10,NON TITO,,,JAWA TIMUR,0.25,GREEN,36673229,AREA 3,JATIM,MADIUN,KEDIRI,,,0,0,0,JAWA TIMUR,KEDIRI,WATES,DUWET,KEDIRI
987270294,,ODP-WAT-FC/15,-7.927491,112.0991,,,5,3,0,0,8,REGIONAL 5,KEDIRI,KEDIRI,WAT,,,2024-03-16 23:26:18,2016-10-17,2016,10,NON TITO,,,JAWA TIMUR,0.375,GREEN,36673207,AREA 3,JATIM,MADIUN,KEDIRI,,,0,0,0,JAWA TIMUR,KEDIRI,WATES,SEGARAN,KEDIRI
773894392,,ODP-KDI-FAE/36,-7.85065,112.031046,,,6,2,0,0,8,REGIONAL 5,KEDIRI,KEDIRI,KDI,,,2024-03-16 23:22:38,2016-08-01,2016,8,NON TITO,,,JAWA TIMUR,0.25,GREEN,34231743,AREA 3,JATIM,MADIUN,KEDIRI,,,0,0,0,JAWA TIMUR,KOTA KEDIRI,KOTA KEDIRI,NGRONGGO,KEDIRI
987044520,,ODP-PAE-FH/24,-7.742239,112.216789,,,6,2,0,0,8,REGIONAL 5,KEDIRI,KEDIRI,PAE,,,2024-03-16 23:27:09,2016-10-14,2016,10,NON TITO,,,JAWA TIMUR,0.25,GREEN,36659057,AREA 3,JATIM,MADIUN,KEDIRI,,,0,0,0,JAWA TIMUR,KEDIRI,BADAS,CANGGU,KEDIRI
978719195,,ODP-PAE-FZ/07,-7.720914,112.203249,,,12,4,0,0,16,REGIONAL 5,KEDIRI,KEDIRI,PAE,,,2024-03-16 23:25:39,2016-10-13,2016,10,NON TITO,,,JAWA TIMUR,0.25,GREEN,36656887,AREA 3,JATIM,MADIUN,KEDIRI,,,0,0,0,JAWA TIMUR,KEDIRI,BADAS,TUNGLUR,KEDIRI
978493862,,ODP-PAE-FZ/08,-7.707388,112.209767,,,11,5,0,0,16,REGIONAL 5,KEDIRI,KEDIRI,PAE,,,2024-03-16 23:26:29,2016-10-13,2016,10,NON TITO,,,JAWA TIMUR,0.3125,GREEN,36656411,AREA 3,JATIM,MADIUN,KEDIRI,,,0,0,0,JAWA TIMUR,KEDIRI,BADAS,BADAS,KEDIRI
994770196,,ODP-KDI-FN/04,-7.775304,112.033258,,,5,3,0,0,8,REGIONAL 5,KEDIRI,KEDIRI,KDI,,,2024-03-16 23:26:26,2016-10-18,2016,10,NON TITO,,,JAWA TIMUR,0.375,GREEN,36676326,AREA 3,JATIM,MADIUN,KEDIRI,,,0,0,0,JAWA TIMUR,KEDIRI,GAMPENGREJO,SAMBIRESIK,KEDIRI
1049078600,,ODP-SBI-FD/12,-7.974099,111.999404,,,5,3,0,0,8,REGIONAL 5,KEDIRI,KEDIRI,SBI,,,2024-03-16 23:28:54,2016-11-10,2016,11,NON TITO,,,JAWA TIMUR,0.375,GREEN,38442382,AREA 3,JATIM,MADIUN,KEDIRI,,,0,0,0,JAWA TIMUR,KEDIRI,KRAS,BUTUH,KEDIRI
1049078730,,ODP-SBI-FD/03,-7.988475,111.999914,,,5,3,0,0,8,REGIONAL 5,KEDIRI,KEDIRI,SBI,,,2024-03-16 23:28:59,2016-11-10,2016,11,NON TITO,,,JAWA TIMUR,0.375,GREEN,38442463,AREA 3,JATIM,MADIUN,KEDIRI,,,0,0,0,JAWA TIMUR,KEDIRI,RINGINREJO,JEMEKAN,KEDIRI
1049078733,,ODP-SBI-FD/18,-7.981862,111.981951,,,6,2,0,0,8,REGIONAL 5,KEDIRI,KEDIRI,SBI,,,2024-03-16 23:28:51,2016-11-10,2016,11,NON TITO,,,JAWA TIMUR,0.25,GREEN,38442465,AREA 3,JATIM,MADIUN,KEDIRI,,,0,0,0,JAWA TIMUR,KEDIRI,KRAS,MOJOSARI,KEDIRI
1131219361,,ODP-PAE-FQ/17,-7.779572,112.206429,,,5,3,0,0,8,REGIONAL 5,KEDIRI,KEDIRI,PAE,,,2024-03-16 23:22:45,2017-01-17,2017,1,NON TITO,,,JAWA TIMUR,0.375,GREEN,39420901,AREA 3,JATIM,MADIUN,KEDIRI,,,0,0,0,JAWA TIMUR,KEDIRI,PARE,TERTEK,KEDIRI
1131218847,,ODP-PAE-FQ/08,-7.771393,112.209129,,,12,4,0,0,16,REGIONAL 5,KEDIRI,KEDIRI,PAE,,,2024-03-16 23:21:44,2017-01-17,2017,1,NON TITO,,,JAWA TIMUR,0.25,GREEN,39420736,AREA 3,JATIM,MADIUN,KEDIRI,,,0,0,0,JAWA TIMUR,KEDIRI,PARE,TERTEK,KEDIRI
1131218779,,ODP-PAE-FK/03,-7.814313,112.181105,,,6,2,0,0,8,REGIONAL 5,KEDIRI,KEDIRI,PAE,,,2024-03-16 23:21:03,2017-01-17,2017,1,NON TITO,,,JAWA TIMUR,0.25,GREEN,39420716,AREA 3,JATIM,MADIUN,KEDIRI,,,0,0,0,JAWA TIMUR,KEDIRI,PUNCU,SIDOMULYO,KEDIRI
1131217270,,ODP-MJT-FF/29,-7.786666,112.000201,,,7,1,0,0,8,REGIONAL 5,KEDIRI,KEDIRI,MJT,,,2024-03-16 23:22:27,2017-01-16,2017,1,NON TITO,,,JAWA TIMUR,0.125,GREEN,39419265,AREA 3,JATIM,MADIUN,KEDIRI,,,0,0,0,JAWA TIMUR,KOTA KEDIRI,MOJOROTO,MRICAN,KEDIRI
718994598,,ODP-KDI-FAS/08,-7.80511,112.034288,,,10,6,0,0,16,REGIONAL 5,KEDIRI,KEDIRI,KDI,,,2024-03-16 23:27:24,2016-06-28,2016,6,NON TITO,,,JAWA TIMUR,0.375,GREEN,33714743,AREA 3,JATIM,MADIUN,KEDIRI,,,0,0,0,JAWA TIMUR,KEDIRI,NGASEM,SUKOREJO,KEDIRI
1131207896,,ODP-SBI-FE/02,-7.979419,112.021315,,,10,6,0,0,16,REGIONAL 5,KEDIRI,KEDIRI,SBI,,,2024-03-16 23:26:42,2017-01-15,2017,1,NON TITO,,,JAWA TIMUR,0.375,GREEN,39412562,AREA 3,JATIM,MADIUN,KEDIRI,,,0,0,0,JAWA TIMUR,KEDIRI,RINGINREJO,SAMBI,KEDIRI
1131207605,,ODP-SBI-FE/04,-7.980654,112.02847,,,7,1,0,0,8,REGIONAL 5,KEDIRI,KEDIRI,SBI,,,2024-03-16 23:27:42,2017-01-15,2017,1,NON TITO,,,JAWA TIMUR,0.125,GREEN,39412391,AREA 3,JATIM,MADIUN,KEDIRI,,,0,0,0,JAWA TIMUR,KEDIRI,RINGINREJO,SAMBI,KEDIRI
1123622597,,ODP-MJT-FJ/25,-7.822297,111.987197,,,10,6,0,0,16,REGIONAL 5,KEDIRI,KEDIRI,MJT,,,2024-03-16 23:23:04,2017-01-05,2017,1,NON TITO,,,JAWA TIMUR,0.375,GREEN,39359013,AREA 3,JATIM,MADIUN,KEDIRI,,,0,0,0,JAWA TIMUR,KOTA KEDIRI,MOJOROTO,CAMPUREJO,KEDIRI
1131219174,,ODP-PAE-FK/16,-7.834868,112.176716,,,6,2,0,0,8,REGIONAL 5,KEDIRI,KEDIRI,PAE,,,2024-03-16 23:22:46,2017-01-17,2017,1,NON TITO,,,JAWA TIMUR,0.25,GREEN,39489325,AREA 3,JATIM,MADIUN,KEDIRI,,,0,0,0,JAWA TIMUR,KEDIRI,PLOSOKLATEN,SUMBERAGUNG,KEDIRI
726044654,,ODP-PAE-FN/16,-7.765074,112.218606,,,12,4,0,0,16,REGIONAL 5,KEDIRI,KEDIRI,PAE,,,2024-03-16 23:29:07,2016-06-30,2016,6,NON TITO,,,JAWA TIMUR,0.25,GREEN,33731845,AREA 3,JATIM,MADIUN,KEDIRI,,,0,0,0,JAWA TIMUR,KEDIRI,PARE,TERTEK,KEDIRI
726719449,,ODP-KDI-FAA/05,-7.7349,112.0259,,,5,3,0,0,8,REGIONAL 5,KEDIRI,KEDIRI,KDI,,,2024-03-16 23:26:24,2016-07-01,2016,7,NON TITO,,,JAWA TIMUR,0.375,GREEN,33734697,AREA 3,JATIM,MADIUN,KEDIRI,,,0,0,0,JAWA TIMUR,KEDIRI,GAMPENGREJO,WANENGPATEN,KEDIRI
1104627160,,ODP-PAE-FM/33,-7.764991,112.194068,,,11,5,0,0,16,REGIONAL 5,KEDIRI,KEDIRI,PAE,,,2024-03-16 23:21:43,2016-12-30,2016,12,NON TITO,,,JAWA TIMUR,0.3125,GREEN,39281920,AREA 3,JATIM,MADIUN,KEDIRI,,,0,0,0,JAWA TIMUR,KEDIRI,PARE,PARE,KEDIRI
1104626804,,ODP-PAE-FM/32,-7.764682,112.193227,,,5,3,0,0,8,REGIONAL 5,KEDIRI,KEDIRI,PAE,,,2024-03-16 23:22:37,2016-12-30,2016,12,NON TITO,,,JAWA TIMUR,0.375,GREEN,39281793,AREA 3,JATIM,MADIUN,KEDIRI,,,0,0,0,JAWA TIMUR,KEDIRI,PARE,PARE,KEDIRI
1104626799,,ODP-PAE-FM/35,-7.766657,112.194299,,,10,6,0,0,16,REGIONAL 5,KEDIRI,KEDIRI,PAE,,,2024-03-16 23:23:01,2016-12-30,2016,12,NON TITO,,,JAWA TIMUR,0.375,GREEN,39281790,AREA 3,JATIM,MADIUN,KEDIRI,,,0,0,0,JAWA TIMUR,KEDIRI,PARE,PARE,KEDIRI
1116044829,,ODP-KDI-FU/54,-7.811555,112.060702,,,5,3,0,0,8,REGIONAL 5,KEDIRI,KEDIRI,KDI,,,2024-03-16 23:27:12,2017-01-04,2017,1,NON TITO,,,JAWA TIMUR,0.375,GREEN,39219642,AREA 3,JATIM,MADIUN,KEDIRI,,,0,0,0,JAWA TIMUR,KEDIRI,NGASEM,SUMBEREJO,KEDIRI
1104626594,,ODP-PAE-FM/31,-7.764938,112.191979,,,11,5,0,0,16,REGIONAL 5,KEDIRI,KEDIRI,PAE,,,2024-03-16 23:22:38,2016-12-30,2016,12,NON TITO,,,JAWA TIMUR,0.3125,GREEN,39207140,AREA 3,JATIM,MADIUN,KEDIRI,,,0,0,0,JAWA TIMUR,KEDIRI,PARE,PARE,KEDIRI
1104592479,,ODP-KDI-FA/54,-7.839543,112.031722,,,6,1,1,0,8,REGIONAL 5,KEDIRI,KEDIRI,KDI,,,2024-03-16 23:22:29,2016-12-26,2016,12,NON TITO,,,JAWA TIMUR,0.125,GREEN,39174344,AREA 3,JATIM,MADIUN,KEDIRI,,,0,0,0,JAWA TIMUR,KOTA KEDIRI,PESANTREN,BANARAN,KEDIRI
1104579716,,ODP-SBI-FB/04,-8.008787,112.037948,,,13,3,0,0,16,REGIONAL 5,KEDIRI,KEDIRI,SBI,,,2024-03-16 23:26:56,2016-12-23,2016,12,NON TITO,,,JAWA TIMUR,0.1875,GREEN,39159320,AREA 3,JATIM,MADIUN,KEDIRI,,,0,0,0,JAWA TIMUR,BLITAR,UDANAWU,SUKOREJO,KEDIRI
1123622148,,ODP-MJT-FJ/20,-7.825458,111.985976,,,5,3,0,0,8,REGIONAL 5,KEDIRI,KEDIRI,MJT,,,2024-03-16 23:22:59,2017-01-05,2017,1,NON TITO,,,JAWA TIMUR,0.375,GREEN,39358636,AREA 3,JATIM,MADIUN,KEDIRI,,,0,0,0,JAWA TIMUR,KOTA KEDIRI,MOJOROTO,CAMPUREJO,KEDIRI
1098059258,,ODP-NDL-FF/18,-7.926183,111.975163,,,6,2,0,0,8,REGIONAL 5,KEDIRI,KEDIRI,NDL,,,2024-03-16 23:26:19,2016-12-21,2016,12,NON TITO,,,JAWA TIMUR,0.25,GREEN,39141252,AREA 3,JATIM,MADIUN,KEDIRI,,,0,0,0,JAWA TIMUR,KEDIRI,NGADILUWIH,TALES,KEDIRI
703843655,,ODP-KDI-FM/11,-7.811427,112.012545,,,11,5,0,0,16,REGIONAL 5,KEDIRI,KEDIRI,KDI,,,2024-03-16 23:22:39,2016-06-22,2016,6,NON TITO,,,JAWA TIMUR,0.3125,GREEN,33694779,AREA 3,JATIM,MADIUN,KEDIRI,,,0,0,0,JAWA TIMUR,KOTA KEDIRI,KOTA,POCANAN,KEDIRI
1150693861,,ODP-KDI-FK/32,-7.79086,112.031093,,,5,3,0,0,8,REGIONAL 5,KEDIRI,KEDIRI,KDI,,,2024-03-16 23:21:08,2017-01-26,2017,1,NON TITO,,,JAWA TIMUR,0.375,GREEN,39593759,AREA 3,JATIM,MADIUN,KEDIRI,,,0,0,0,JAWA TIMUR,KEDIRI,NGASEM,KWADUNGAN,KEDIRI
1299734576,,ODP-WAT-FP/03,-7.92907,112.201438,,,5,3,0,0,8,REGIONAL 5,KEDIRI,KEDIRI,WAT,,,2024-03-16 23:27:58,2017-03-02,2017,3,NON TITO,,,JAWA TIMUR,0.375,GREEN,79295498,AREA 3,JATIM,MADIUN,KEDIRI,,,0,0,0,JAWA TIMUR,KEDIRI,NGANCAR,NGANCAR,KEDIRI
690043619,,ODP-KDI-FH/12,-7.86439,112.00026,,,11,5,0,0,16,REGIONAL 5,KEDIRI,KEDIRI,KDI,,,2024-03-16 23:24:23,2016-06-16,2016,6,NON TITO,,,JAWA TIMUR,0.3125,GREEN,33600407,AREA 3,JATIM,MADIUN,KEDIRI,,,0,0,0,JAWA TIMUR,KEDIRI,NGADILUWIH,WONOREJO,KEDIRI
1281573061,,ODP-MJT-FA/18,-7.725779,111.950751,,,11,5,0,0,16,REGIONAL 5,KEDIRI,KEDIRI,MJT,,,2024-03-16 23:23:45,2017-02-22,2017,2,NON TITO,,,JAWA TIMUR,0.3125,GREEN,67366981,AREA 3,JATIM,MADIUN,KEDIRI,,,0,0,0,JAWA TIMUR,KEDIRI,TAROKAN,KALIBOTO,KEDIRI
1264998603,,ODP-KDI-FAX/08,-7.870938,112.060344,,,11,5,0,0,16,REGIONAL 5,KEDIRI,KEDIRI,KDI,,,2024-03-16 23:22:40,2017-02-17,2017,2,NON TITO,,,JAWA TIMUR,0.3125,GREEN,62777884,AREA 3,JATIM,MADIUN,KEDIRI,,,0,0,0,JAWA TIMUR,KEDIRI,WATES,SILIR,KEDIRI
1264998507,,ODP-KDI-FAX/05,-7.87377,112.067482,,,5,3,0,0,8,REGIONAL 5,KEDIRI,KEDIRI,KDI,,,2024-03-16 23:22:34,2017-02-17,2017,2,NON TITO,,,JAWA TIMUR,0.375,GREEN,62777851,AREA 3,JATIM,MADIUN,KEDIRI,,,0,0,0,JAWA TIMUR,KEDIRI,WATES,SILIR,KEDIRI
1264998474,,ODP-KDI-FAX/01,-7.864736,112.059418,,,7,1,0,0,8,REGIONAL 5,KEDIRI,KEDIRI,KDI,,,2024-03-16 23:22:46,2017-02-17,2017,2,NON TITO,,,JAWA TIMUR,0.125,GREEN,62777832,AREA 3,JATIM,MADIUN,KEDIRI,,,0,0,0,JAWA TIMUR,KOTA KEDIRI,PESANTREN,BAWANG,KEDIRI
717193604,,ODP-MJT-FF/24,-7.76406,112.013052,,,12,4,0,0,16,REGIONAL 5,KEDIRI,KEDIRI,MJT,,,2024-03-16 23:27:24,2016-06-27,2016,6,NON TITO,,,JAWA TIMUR,0.25,GREEN,33640750,AREA 3,JATIM,MADIUN,KEDIRI,,,0,0,0,JAWA TIMUR,KEDIRI,BANYAKAN,NGABLAK,KEDIRI
1221120959,,ODP-KDI-FAN/08,-7.80914,112.019166,,,11,5,0,0,16,REGIONAL 5,KEDIRI,KEDIRI,KDI,,,2024-03-16 23:23:53,2017-02-08,2017,2,NON TITO,,,JAWA TIMUR,0.3125,GREEN,62591619,AREA 3,JATIM,MADIUN,KEDIRI,,,0,0,0,JAWA TIMUR,KOTA KEDIRI,KOTA,DANDANGAN,KEDIRI
1150619989,,ODP-GUR-FF/04,-7.822789,112.121229,,,6,2,0,0,8,REGIONAL 5,KEDIRI,KEDIRI,GUR,,,2024-03-16 23:25:40,2017-01-25,2017,1,NON TITO,,,JAWA TIMUR,0.25,GREEN,39587194,AREA 3,JATIM,MADIUN,KEDIRI,,,0,0,0,JAWA TIMUR,KEDIRI,PLOSOKLATEN,KAWEDUSAN,KEDIRI
1219848434,,ODP-WAT-FC/18,-7.923162,112.086743,,,6,2,0,0,8,REGIONAL 5,KEDIRI,KEDIRI,WAT,,,2024-03-16 23:24:40,2017-02-07,2017,2,NON TITO,,,JAWA TIMUR,0.25,GREEN,62521295,AREA 3,JATIM,MADIUN,KEDIRI,,,0,0,0,JAWA TIMUR,KEDIRI,WATES,POJOK,KEDIRI
1258694630,,ODP-WAT-FC/20,-7.928353,112.107626,,,5,3,0,0,8,REGIONAL 5,KEDIRI,KEDIRI,WAT,,,2024-03-16 23:26:22,2017-02-16,2017,2,NON TITO,,,JAWA TIMUR,0.375,GREEN,62488985,AREA 3,JATIM,MADIUN,KEDIRI,,,0,0,0,JAWA TIMUR,KEDIRI,WATES,SEGARAN,KEDIRI
718770206,,ODP-KDI-FAS/10,-7.809338,112.030599,,,10,6,0,0,16,REGIONAL 5,KEDIRI,KEDIRI,KDI,,,2024-03-16 23:28:12,2016-06-28,2016,6,NON TITO,,,JAWA TIMUR,0.375,GREEN,33647397,AREA 3,JATIM,MADIUN,KEDIRI,,,0,0,0,JAWA TIMUR,KEDIRI,NGASEM,SUKOREJO,KEDIRI
727769099,,ODP-MJT-FZ/08,-7.836249,112.004409,,,10,6,0,0,16,REGIONAL 5,KEDIRI,KEDIRI,MJT,,,2024-03-16 23:26:46,2016-07-01,2016,7,NON TITO,,,JAWA TIMUR,0.375,GREEN,33656997,AREA 3,JATIM,MADIUN,KEDIRI,,,0,0,0,JAWA TIMUR,KOTA KEDIRI,MOJOROTO,BANJARMLATI,KEDIRI
1205819041,,ODP-KDI-FZ/54,-7.826075,112.016936,,,10,6,0,0,16,REGIONAL 5,KEDIRI,KEDIRI,KDI,,,2024-03-16 23:22:16,2017-02-02,2017,2,NON TITO,,,JAWA TIMUR,0.375,GREEN,41079786,AREA 3,JATIM,MADIUN,KEDIRI,,,0,0,0,JAWA TIMUR,KOTA KEDIRI,KOTA,SETONOPANDE,KEDIRI
1205818780,,ODP-WAT-FA/34,-7.915637,112.127117,,,12,4,0,0,16,REGIONAL 5,KEDIRI,KEDIRI,WAT,,,2024-03-16 23:22:16,2017-02-02,2017,2,NON TITO,,,JAWA TIMUR,0.25,GREEN,41079713,AREA 3,JATIM,MADIUN,KEDIRI,,,0,0,0,JAWA TIMUR,KEDIRI,WATES,WATES,KEDIRI
1205818651,,ODP-KDI-FZ/55,-7.82564,112.015333,,,10,6,0,0,16,REGIONAL 5,KEDIRI,KEDIRI,KDI,,,2024-03-16 23:21:19,2017-02-02,2017,2,NON TITO,,,JAWA TIMUR,0.375,GREEN,41079657,AREA 3,JATIM,MADIUN,KEDIRI,,,0,0,0,JAWA TIMUR,KOTA KEDIRI,KOTA,SETONOPANDE,KEDIRI
680071352,,ODP-KDI-FS/19,-7.8123,112.018,,,7,1,0,0,8,REGIONAL 5,KEDIRI,KEDIRI,KDI,,,2024-03-16 23:23:31,2016-06-16,2016,6,NON TITO,,,JAWA TIMUR,0.125,GREEN,33671886,AREA 3,JATIM,MADIUN,KEDIRI,,,0,0,0,JAWA TIMUR,KOTA KEDIRI,KOTA,DANDANGAN,KEDIRI
1146422033,,ODP-PAE-FAB/22,-7.844132,112.298305,,,6,2,0,0,8,REGIONAL 5,KEDIRI,KEDIRI,PAE,,,2024-03-16 23:24:21,2017-01-27,2017,1,NON TITO,,,JAWA TIMUR,0.25,GREEN,39600096,AREA 3,JATIM,MADIUN,KEDIRI,,,0,0,0,JAWA TIMUR,KEDIRI,KEPUNG,BESOWO,KEDIRI
1219845882,,ODP-WAT-FL/26,-7.891597,112.108344,,,7,1,0,0,8,REGIONAL 5,KEDIRI,KEDIRI,WAT,,,2024-03-16 23:24:36,2017-02-07,2017,2,NON TITO,,,JAWA TIMUR,0.125,GREEN,62520747,AREA 3,JATIM,MADIUN,KEDIRI,,,0,0,0,JAWA TIMUR,KEDIRI,WATES,SUMBERAGUNG,KEDIRI
738119431,,ODP-MJT-FE/17,-7.765365,111.979636,,,10,6,0,0,16,REGIONAL 5,KEDIRI,KEDIRI,MJT,,,2024-03-16 23:27:07,2016-07-19,2016,7,NON TITO,,,JAWA TIMUR,0.375,GREEN,33767113,AREA 3,JATIM,MADIUN,KEDIRI,,,0,0,0,JAWA TIMUR,KEDIRI,BANYAKAN,BANYARKAN,KEDIRI
738119452,,ODP-MJT-FG/19,-7.768268,112.00169,,,5,3,0,0,8,REGIONAL 5,KEDIRI,KEDIRI,MJT,,,2024-03-16 23:26:24,2016-07-19,2016,7,NON TITO,,,JAWA TIMUR,0.375,GREEN,33767123,AREA 3,JATIM,MADIUN,KEDIRI,,,0,0,0,JAWA TIMUR,KEDIRI,BANYAKAN,NGABLAK,KEDIRI
738119466,,ODP-MJT-FG/21,-7.774121,112.000666,,,6,2,0,0,8,REGIONAL 5,KEDIRI,KEDIRI,MJT,,,2024-03-16 23:25:30,2016-07-19,2016,7,NON TITO,,,JAWA TIMUR,0.25,GREEN,33767129,AREA 3,JATIM,MADIUN,KEDIRI,,,0,0,0,JAWA TIMUR,KOTA KEDIRI,MOJOROTO,DERMO,KEDIRI
737894316,,ODP-MJT-FG/22,-7.774587,112.000553,,,10,6,0,0,16,REGIONAL 5,KEDIRI,KEDIRI,MJT,,,2024-03-16 23:27:07,2016-07-19,2016,7,NON TITO,,,JAWA TIMUR,0.375,GREEN,33840172,AREA 3,JATIM,MADIUN,KEDIRI,,,0,0,0,JAWA TIMUR,KOTA KEDIRI,MOJOROTO,MRICAN,KEDIRI
1083141485,,ODP-NDL-FE/01,-7.96981,111.970933,,,7,1,0,0,8,REGIONAL 5,KEDIRI,KEDIRI,NDL,,,2024-03-16 23:21:20,2016-12-03,2016,12,NON TITO,,,JAWA TIMUR,0.125,GREEN,38651469,AREA 3,JATIM,MADIUN,KEDIRI,,,0,0,0,JAWA TIMUR,KEDIRI,KRAS,KARANGTALUN,KEDIRI
1083141470,,ODP-NDL-FE/05,-7.967145,111.960408,,,9,6,0,0,16,REGIONAL 5,KEDIRI,KEDIRI,NDL,,,2024-03-16 23:21:05,2016-12-03,2016,12,NON TITO,,,JAWA TIMUR,0.375,GREEN,38651460,AREA 3,JATIM,MADIUN,KEDIRI,,,0,0,0,JAWA TIMUR,KEDIRI,KRAS,KARANGTALUN,KEDIRI
1083121781,,ODP-NDL-FH/06,-7.909877,111.980182,,,7,1,0,0,8,REGIONAL 5,KEDIRI,KEDIRI,NDL,,,2024-03-16 23:24:38,2016-11-30,2016,11,NON TITO,,,JAWA TIMUR,0.125,GREEN,38633165,AREA 3,JATIM,MADIUN,KEDIRI,,,0,0,0,JAWA TIMUR,KEDIRI,NGADILUWIH,BRANGGAHAN,KEDIRI
1074143322,,ODP-WAT-FL/16,-7.890832,112.09867,,,5,3,0,0,8,REGIONAL 5,KEDIRI,KEDIRI,WAT,,,2024-03-16 23:24:02,2016-11-25,2016,11,NON TITO,,,JAWA TIMUR,0.375,GREEN,38617650,AREA 3,JATIM,MADIUN,KEDIRI,,,0,0,0,JAWA TIMUR,KEDIRI,WATES,SUMBERAGUNG,KEDIRI
1074142587,,ODP-WAT-FL/15,-7.890071,112.098934,,,5,3,0,0,8,REGIONAL 5,KEDIRI,KEDIRI,WAT,,,2024-03-16 23:23:53,2016-11-25,2016,11,NON TITO,,,JAWA TIMUR,0.375,GREEN,38617388,AREA 3,JATIM,MADIUN,KEDIRI,,,0,0,0,JAWA TIMUR,KEDIRI,WATES,SUMBERAGUNG,KEDIRI
1056119407,,ODP-MJT-FM/48,-7.819614,112.000496,,,5,3,0,0,8,REGIONAL 5,KEDIRI,KEDIRI,MJT,,,2024-03-16 23:27:59,2016-11-17,2016,11,NON TITO,,,JAWA TIMUR,0.375,GREEN,38560971,AREA 3,JATIM,MADIUN,KEDIRI,,,0,0,0,JAWA TIMUR,KOTA KEDIRI,MOJOROTO,BANDAR LOR,KEDIRI
1054770447,,ODP-WAT-FM/11,-7.875933,112.150003,,,11,5,0,0,16,REGIONAL 5,KEDIRI,KEDIRI,WAT,,,2024-03-16 23:27:18,2016-11-16,2016,11,NON TITO,,,JAWA TIMUR,0.3125,GREEN,38553323,AREA 3,JATIM,MADIUN,KEDIRI,,,0,0,0,JAWA TIMUR,KEDIRI,PLOSOKLATEN,JARAK,KEDIRI
738119445,,ODP-MJT-FG/18,-7.766593,112.002036,,,7,1,0,0,8,REGIONAL 5,KEDIRI,KEDIRI,MJT,,,2024-03-16 23:27:09,2016-07-19,2016,7,NON TITO,,,JAWA TIMUR,0.125,GREEN,33840162,AREA 3,JATIM,MADIUN,KEDIRI,,,0,0,0,JAWA TIMUR,KEDIRI,BANYAKAN,NGABLAK,KEDIRI
1054770444,,ODP-WAT-FM/10,-7.870276,112.153183,,,5,3,0,0,8,REGIONAL 5,KEDIRI,KEDIRI,WAT,,,2024-03-16 23:26:54,2016-11-16,2016,11,NON TITO,,,JAWA TIMUR,0.375,GREEN,38553316,AREA 3,JATIM,MADIUN,KEDIRI,,,0,0,0,JAWA TIMUR,KEDIRI,PLOSOKLATEN,PLOSO KIDUL,KEDIRI
1053370177,,ODP-MJT-FZ/25,-7.827313,112.002097,,,5,3,0,0,8,REGIONAL 5,KEDIRI,KEDIRI,MJT,,,2024-03-16 23:29:18,2016-11-16,2016,11,NON TITO,,,JAWA TIMUR,0.375,GREEN,38548014,AREA 3,JATIM,MADIUN,KEDIRI,,,0,0,0,JAWA TIMUR,KOTA KEDIRI,MOJOROTO,BANDAR LOR,KEDIRI
746068537,,ODP-GUR-FD/05,-7.787811,112.081822,,,6,2,0,0,8,REGIONAL 5,KEDIRI,KEDIRI,GUR,,,2024-03-16 23:24:23,2016-07-21,2016,7,NON TITO,,,JAWA TIMUR,0.25,GREEN,33896307,AREA 3,JATIM,MADIUN,KEDIRI,,,0,0,0,JAWA TIMUR,KEDIRI,PAGU,KAMBINGAN,KEDIRI
1069776110,,ODP-MJT-FL/39,-7.806192,111.998104,,,7,1,0,0,8,REGIONAL 5,KEDIRI,KEDIRI,MJT,,,2024-03-16 23:28:13,2016-11-23,2016,11,NON TITO,,,JAWA TIMUR,0.125,GREEN,38513027,AREA 3,JATIM,MADIUN,KEDIRI,,,0,0,0,JAWA TIMUR,KOTA KEDIRI,MOJOROTO,MOJOROTO,KEDIRI
1049082467,,ODP-KDI-FAW/02,-7.872856,112.014488,,,5,3,0,0,8,REGIONAL 5,KEDIRI,KEDIRI,KDI,,,2024-03-16 23:22:19,2016-11-10,2016,11,NON TITO,,,JAWA TIMUR,0.375,GREEN,38445635,AREA 3,JATIM,MADIUN,KEDIRI,,,0,0,0,JAWA TIMUR,KEDIRI,NGADILUWIH,MANGUNREJO,KEDIRI
1049078970,,ODP-SBI-FD/01,-7.994524,112.010645,,,5,3,0,0,8,REGIONAL 5,KEDIRI,KEDIRI,SBI,,,2024-03-16 23:29:03,2016-11-10,2016,11,NON TITO,,,JAWA TIMUR,0.375,GREEN,38442616,AREA 3,JATIM,MADIUN,KEDIRI,,,0,0,0,JAWA TIMUR,KEDIRI,RINGINREJO,JEMEKAN,KEDIRI
1049078866,,ODP-SBI-FD/21,-7.9799,111.988595,,,7,1,0,0,8,REGIONAL 5,KEDIRI,KEDIRI,SBI,,,2024-03-16 23:29:00,2016-11-10,2016,11,NON TITO,,,JAWA TIMUR,0.125,GREEN,38442551,AREA 3,JATIM,MADIUN,KEDIRI,,,0,0,0,JAWA TIMUR,KEDIRI,KRAS,JABANG,KEDIRI
1049078860,,ODP-SBI-FD/24,-7.973523,111.986129,,,6,2,0,0,8,REGIONAL 5,KEDIRI,KEDIRI,SBI,,,2024-03-16 23:29:04,2016-11-10,2016,11,NON TITO,,,JAWA TIMUR,0.25,GREEN,38442547,AREA 3,JATIM,MADIUN,KEDIRI,,,0,0,0,JAWA TIMUR,KEDIRI,KRAS,JABANG,KEDIRI
1049078854,,ODP-SBI-FD/17,-7.98111,111.977187,,,6,2,0,0,8,REGIONAL 5,KEDIRI,KEDIRI,SBI,,,2024-03-16 23:28:30,2016-11-10,2016,11,NON TITO,,,JAWA TIMUR,0.25,GREEN,38442543,AREA 3,JATIM,MADIUN,KEDIRI,,,0,0,0,JAWA TIMUR,KEDIRI,KRAS,MOJOSARI,KEDIRI
1054770441,,ODP-WAT-FM/09,-7.868035,112.151127,,,5,3,0,0,8,REGIONAL 5,KEDIRI,KEDIRI,WAT,,,2024-03-16 23:27:20,2016-11-16,2016,11,NON TITO,,,JAWA TIMUR,0.375,GREEN,38553307,AREA 3,JATIM,MADIUN,KEDIRI,,,0,0,0,JAWA TIMUR,KEDIRI,PLOSOKLATEN,PLOSO KIDUL,KEDIRI
1083142868,,ODP-NDL-FE/03,-7.969029,111.967166,,,4,3,0,0,8,REGIONAL 5,KEDIRI,KEDIRI,NDL,,,2024-03-16 23:22:40,2016-12-03,2016,12,NON TITO,,,JAWA TIMUR,0.375,GREEN,38652050,AREA 3,JATIM,MADIUN,KEDIRI,,,0,0,0,JAWA TIMUR,KEDIRI,KRAS,KARANGTALUN,KEDIRI
1069784666,,ODP-WAT-FH/10,-7.988238,112.133462,,,11,5,0,0,16,REGIONAL 5,KEDIRI,KEDIRI,WAT,,,2024-03-16 23:23:31,2016-11-23,2016,11,NON TITO,,,JAWA TIMUR,0.3125,GREEN,38667723,AREA 3,JATIM,MADIUN,KEDIRI,,,0,0,0,JAWA TIMUR,BLITAR,PONGGOK,CANDIREJO,KEDIRI
1069785009,,ODP-WAT-FM/01,-7.880277,112.120386,,,10,6,0,0,16,REGIONAL 5,KEDIRI,KEDIRI,WAT,,,2024-03-16 23:23:20,2016-11-23,2016,11,NON TITO,,,JAWA TIMUR,0.375,GREEN,38667944,AREA 3,JATIM,MADIUN,KEDIRI,,,0,0,0,JAWA TIMUR,KEDIRI,PLOSOKLATEN,GONDANG,KEDIRI
1098060845,,ODP-NDL-FF/14,-7.929697,111.986788,,,5,3,0,0,8,REGIONAL 5,KEDIRI,KEDIRI,NDL,,,2024-03-16 23:25:45,2016-12-21,2016,12,NON TITO,,,JAWA TIMUR,0.375,GREEN,39075655,AREA 3,JATIM,MADIUN,KEDIRI,,,0,0,0,JAWA TIMUR,KEDIRI,NGADILUWIH,TALES,KEDIRI
1098059533,,ODP-NDL-FF/16,-7.928204,111.981982,,,5,3,0,0,8,REGIONAL 5,KEDIRI,KEDIRI,NDL,,,2024-03-16 23:26:23,2016-12-21,2016,12,NON TITO,,,JAWA TIMUR,0.375,GREEN,39075256,AREA 3,JATIM,MADIUN,KEDIRI,,,0,0,0,JAWA TIMUR,KEDIRI,NGADILUWIH,TALES,KEDIRI
1098059267,,ODP-NDL-FF/06,-7.914349,111.967708,,,6,2,0,0,8,REGIONAL 5,KEDIRI,KEDIRI,NDL,,,2024-03-16 23:26:16,2016-12-21,2016,12,NON TITO,,,JAWA TIMUR,0.25,GREEN,39075183,AREA 3,JATIM,MADIUN,KEDIRI,,,0,0,0,JAWA TIMUR,KEDIRI,NGADILUWIH,SEKETI,KEDIRI
1092087099,,ODP-NDL-FG/13,-7.890703,111.994092,,,5,3,0,0,8,REGIONAL 5,KEDIRI,KEDIRI,NDL,,,2024-03-16 23:23:28,2016-12-14,2016,12,NON TITO,,,JAWA TIMUR,0.375,GREEN,38925949,AREA 3,JATIM,MADIUN,KEDIRI,,,0,0,0,JAWA TIMUR,KEDIRI,NGADILUWIH,NGADILUWIH,KEDIRI
1090619110,,ODP-KAA-FE/02,-7.782835,112.334503,,,5,3,0,0,8,REGIONAL 5,KEDIRI,KEDIRI,KAA,,,2024-03-16 23:24:40,2016-12-07,2016,12,NON TITO,,,JAWA TIMUR,0.375,GREEN,38897805,AREA 3,JATIM,MADIUN,KEDIRI,,,0,0,0,JAWA TIMUR,MALANG,KASEMBON,WONOAGUNG,KEDIRI
1083146249,,ODP-WAT-FA/31,-7.91711,112.126631,,,5,3,0,0,8,REGIONAL 5,KEDIRI,KEDIRI,WAT,,,2024-03-16 23:23:26,2016-12-03,2016,12,NON TITO,,,JAWA TIMUR,0.375,GREEN,38721738,AREA 3,JATIM,MADIUN,KEDIRI,,,0,0,0,JAWA TIMUR,KEDIRI,WATES,WATES,KEDIRI
1074140540,,ODP-WAT-FL/08,-7.894682,112.102414,,,5,3,0,0,8,REGIONAL 5,KEDIRI,KEDIRI,WAT,,,2024-03-16 23:23:30,2016-11-25,2016,11,NON TITO,,,JAWA TIMUR,0.375,GREEN,38687074,AREA 3,JATIM,MADIUN,KEDIRI,,,0,0,0,JAWA TIMUR,KEDIRI,WATES,WONOREJO,KEDIRI
1074131239,,ODP-WAT-FN/10,-7.90894,112.134086,,,5,3,0,0,8,REGIONAL 5,KEDIRI,KEDIRI,WAT,,,2024-03-16 23:28:53,2016-11-24,2016,11,NON TITO,,,JAWA TIMUR,0.375,GREEN,38680510,AREA 3,JATIM,MADIUN,KEDIRI,,,0,0,0,JAWA TIMUR,KEDIRI,WATES,TUNGE,KEDIRI
1074130663,,ODP-WAT-FN/05,-7.912094,112.130579,,,5,3,0,0,8,REGIONAL 5,KEDIRI,KEDIRI,WAT,,,2024-03-16 23:28:32,2016-11-24,2016,11,NON TITO,,,JAWA TIMUR,0.375,GREEN,38680166,AREA 3,JATIM,MADIUN,KEDIRI,,,0,0,0,JAWA TIMUR,KEDIRI,WATES,TAWANG,KEDIRI
1074129739,,ODP-WAT-FN/13,-7.900759,112.133782,,,6,2,0,0,8,REGIONAL 5,KEDIRI,KEDIRI,WAT,,,2024-03-16 23:28:36,2016-11-24,2016,11,NON TITO,,,JAWA TIMUR,0.25,GREEN,38679611,AREA 3,JATIM,MADIUN,KEDIRI,,,0,0,0,JAWA TIMUR,KEDIRI,WATES,TUNGE,KEDIRI
1074122658,,ODP-PAE-FH/37,-7.753685,112.18862,,,14,2,0,0,16,REGIONAL 5,KEDIRI,KEDIRI,PAE,,,2024-03-16 23:26:48,2016-11-24,2016,11,NON TITO,,,JAWA TIMUR,0.125,GREEN,38675780,AREA 3,JATIM,MADIUN,KEDIRI,,,0,0,0,JAWA TIMUR,KEDIRI,PARE,TULUNGREJO,KEDIRI
728896455,,ODP-PPR-FF/13,-7.69345,112.078385,,,10,6,0,0,16,REGIONAL 5,KEDIRI,KEDIRI,PPR,,,2024-03-16 23:22:27,2016-07-15,2016,7,NON TITO,,,JAWA TIMUR,0.375,GREEN,33832738,AREA 3,JATIM,MADIUN,KEDIRI,,,0,0,0,JAWA TIMUR,KEDIRI,PAPAR,PAPAR,KEDIRI
728896494,,ODP-PPR-FF/16,-7.6991,112.09074,,,10,6,0,0,16,REGIONAL 5,KEDIRI,KEDIRI,PPR,,,2024-03-16 23:22:40,2016-07-15,2016,7,NON TITO,,,JAWA TIMUR,0.375,GREEN,33832813,AREA 3,JATIM,MADIUN,KEDIRI,,,0,0,0,JAWA TIMUR,KEDIRI,PAPAR,PAPAR,KEDIRI
728896508,,ODP-PPR-FF/18,-7.69733,112.08512,,,5,3,0,0,8,REGIONAL 5,KEDIRI,KEDIRI,PPR,,,2024-03-16 23:22:29,2016-07-15,2016,7,NON TITO,,,JAWA TIMUR,0.375,GREEN,33832846,AREA 3,JATIM,MADIUN,KEDIRI,,,0,0,0,JAWA TIMUR,KEDIRI,PAPAR,PAPAR,KEDIRI
1069787300,,ODP-WAT-FH/12,-7.981093,112.148478,,,6,2,0,0,8,REGIONAL 5,KEDIRI,KEDIRI,WAT,,,2024-03-16 23:23:37,2016-11-23,2016,11,NON TITO,,,JAWA TIMUR,0.25,GREEN,38669600,AREA 3,JATIM,MADIUN,KEDIRI,,,0,0,0,JAWA TIMUR,KEDIRI,NGANCAR,BEDALI,KEDIRI
1069786938,,ODP-WAT-FH/15,-7.981154,112.137843,,,5,3,0,0,8,REGIONAL 5,KEDIRI,KEDIRI,WAT,,,2024-03-16 23:23:38,2016-11-23,2016,11,NON TITO,,,JAWA TIMUR,0.375,GREEN,38669327,AREA 3,JATIM,MADIUN,KEDIRI,,,0,0,0,JAWA TIMUR,KEDIRI,NGANCAR,BEDALI,KEDIRI
1069786394,,ODP-WAT-FM/15,-7.87871,112.1289,,,5,3,0,0,8,REGIONAL 5,KEDIRI,KEDIRI,WAT,,,2024-03-16 23:23:50,2016-11-23,2016,11,NON TITO,,,JAWA TIMUR,0.375,GREEN,38668923,AREA 3,JATIM,MADIUN,KEDIRI,,,0,0,0,JAWA TIMUR,KEDIRI,PLOSOKLATEN,KAYUNAN,KEDIRI
1069785435,,ODP-WAT-FM/16,-7.879847,112.131205,,,6,2,0,0,8,REGIONAL 5,KEDIRI,KEDIRI,WAT,,,2024-03-16 23:23:33,2016-11-23,2016,11,NON TITO,,,JAWA TIMUR,0.25,GREEN,38668252,AREA 3,JATIM,MADIUN,KEDIRI,,,0,0,0,JAWA TIMUR,KEDIRI,PLOSOKLATEN,KAYUNAN,KEDIRI
1069785160,,ODP-WAT-FH/06,-7.998527,112.138296,,,10,6,0,0,16,REGIONAL 5,KEDIRI,KEDIRI,WAT,,,2024-03-16 23:23:43,2016-11-23,2016,11,NON TITO,,,JAWA TIMUR,0.375,GREEN,38668052,AREA 3,JATIM,MADIUN,KEDIRI,,,0,0,0,JAWA TIMUR,BLITAR,PONGGOK,CANDIREJO,KEDIRI
651795208,,ODP-KDI-FT/09,-7.829856,112.074363,,,5,3,0,0,8,REGIONAL 5,KEDIRI,KEDIRI,KDI,,,2024-03-16 23:26:49,2016-06-08,2016,6,NON TITO,,,JAWA TIMUR,0.375,GREEN,33562391,AREA 3,JATIM,MADIUN,KEDIRI,,,0,0,0,JAWA TIMUR,KEDIRI,GURAH,WONOJOYO,KEDIRI
2441369493,,ODP-GUR-FL/08,-7.802056,112.093816,,,4,3,0,0,8,REGIONAL 5,KEDIRI,KEDIRI,GUR,,,2024-03-16 23:28:38,2018-04-19,2018,4,NON TITO,,,JAWA TIMUR,0.375,GREEN,353564895,AREA 3,JATIM,MADIUN,KEDIRI,,,0,0,0,JAWA TIMUR,KEDIRI,GURAH,KERKEP,KEDIRI
2437620298,,ODP-PAE-FAD/12,-7.768008,112.13421,,,6,2,0,0,8,REGIONAL 5,KEDIRI,KEDIRI,PAE,,,2024-03-16 23:25:17,2018-04-19,2018,4,NON TITO,,,JAWA TIMUR,0.25,GREEN,353569597,AREA 3,JATIM,MADIUN,KEDIRI,,,0,0,0,JAWA TIMUR,KEDIRI,PARE,SAMBIREJO,KEDIRI
2437620308,,ODP-PAE-FAD/14,-7.769217,112.137491,,,6,2,0,0,8,REGIONAL 5,KEDIRI,KEDIRI,PAE,,,2024-03-16 23:24:55,2018-04-19,2018,4,NON TITO,,,JAWA TIMUR,0.25,GREEN,353569600,AREA 3,JATIM,MADIUN,KEDIRI,,,0,0,0,JAWA TIMUR,KEDIRI,PARE,SAMBIREJO,KEDIRI
174975556,,ODP-MJT-FF/09,-7.7782,112.0084,,,12,4,0,0,16,REGIONAL 5,KEDIRI,KEDIRI,MJT,,,2024-03-16 23:29:01,2016-03-21,2016,3,NON TITO,,,JAWA TIMUR,0.25,GREEN,11897530,AREA 3,JATIM,MADIUN,KEDIRI,,,0,0,0,JAWA TIMUR,KOTA KEDIRI,MOJOROTO,DERMO,KEDIRI
174901112,,ODP-KDI-FT/02,-7.84094,112.108542,,,5,3,0,0,8,REGIONAL 5,KEDIRI,KEDIRI,KDI,,,2024-03-16 23:26:48,2016-03-21,2016,3,NON TITO,,,JAWA TIMUR,0.375,GREEN,11897781,AREA 3,JATIM,MADIUN,KEDIRI,,,0,0,0,JAWA TIMUR,KEDIRI,GURAH,BANGKOK,KEDIRI
174901294,,ODP-MJT-FK/10,-7.810789,111.981111,,,6,2,0,0,8,REGIONAL 5,KEDIRI,KEDIRI,MJT,,,2024-03-16 23:26:56,2016-03-21,2016,3,NON TITO,,,JAWA TIMUR,0.25,GREEN,11898085,AREA 3,JATIM,MADIUN,KEDIRI,,,0,0,0,JAWA TIMUR,KOTA KEDIRI,MOJOROTO,POJOK,KEDIRI
174901306,,ODP-MJT-FL/02,-7.8095,111.998,,,5,3,0,0,8,REGIONAL 5,KEDIRI,KEDIRI,MJT,,,2024-03-16 23:27:10,2016-03-21,2016,3,NON TITO,,,JAWA TIMUR,0.375,GREEN,11898184,AREA 3,JATIM,MADIUN,KEDIRI,,,0,0,0,JAWA TIMUR,KOTA KEDIRI,MOJOROTO,MOJOROTO,KEDIRI
5660369441,,ODP-PAE-FAF/29,-7.760022,112.174145,,,7,1,0,0,8,REGIONAL 5,KEDIRI,KEDIRI,PAE,,,2024-03-16 23:28:49,2020-11-17,2020,11,NON TITO,,,JAWA TIMUR,0.125,GREEN,856794853,AREA 3,JATIM,MADIUN,KEDIRI,,,0,0,0,JAWA TIMUR,KEDIRI,PARE,PELEM,KEDIRI
5658119080,,ODP-NDL-FE/66,-7.960897,111.955611,,,6,2,0,0,8,REGIONAL 5,KEDIRI,KEDIRI,NDL,,,2024-03-16 23:23:58,2020-11-10,2020,11,NON TITO,,,JAWA TIMUR,0.25,GREEN,856561521,AREA 3,JATIM,MADIUN,KEDIRI,,,0,0,0,JAWA TIMUR,KEDIRI,KRAS,NYAWANGAN,KEDIRI
206100949,,ODP-NDL-FB/31,-7.9061,112.0347,,,10,6,0,0,16,REGIONAL 5,KEDIRI,KEDIRI,NDL,,,2024-03-16 23:24:13,2016-03-30,2016,3,NON TITO,,,JAWA TIMUR,0.375,GREEN,13875462,AREA 3,JATIM,MADIUN,KEDIRI,,,0,0,0,JAWA TIMUR,KEDIRI,KANDAT,TEGALAN,KEDIRI
226208552,,ODP-KDI-FB/32,-7.784847,112.010069,,,11,5,0,0,16,REGIONAL 5,KEDIRI,KEDIRI,KDI,,,2024-03-16 23:24:44,2016-04-08,2016,4,NON TITO,,,JAWA TIMUR,0.3125,GREEN,15390058,AREA 3,JATIM,MADIUN,KEDIRI,,,0,0,0,JAWA TIMUR,KEDIRI,GAMPENGREJO,JONGBIRU,KEDIRI
174975413,,ODP-KDI-FAM/04,-7.797745,112.025515,,,5,3,0,0,8,REGIONAL 5,KEDIRI,KEDIRI,KDI,,,2024-03-16 23:27:26,2016-03-21,2016,3,NON TITO,,,JAWA TIMUR,0.375,GREEN,11897309,AREA 3,JATIM,MADIUN,KEDIRI,,,0,0,0,JAWA TIMUR,KEDIRI,NGASEM,KARANGREJO,KEDIRI
237186049,,ODP-PAE-FU/04,-7.824486,112.210149,,,7,1,0,0,8,REGIONAL 5,KEDIRI,KEDIRI,PAE,,,2024-03-16 23:26:03,2016-04-10,2016,4,NON TITO,,,JAWA TIMUR,0.125,GREEN,16125465,AREA 3,JATIM,MADIUN,KEDIRI,,,0,0,0,JAWA TIMUR,KEDIRI,PLOSOKLATEN,SUMBERAGUNG,KEDIRI
272878195,,ODP-KDI-FL/24,-7.814708,112.01578,,,10,6,0,0,16,REGIONAL 5,KEDIRI,KEDIRI,KDI,,,2024-03-16 23:25:03,2016-04-20,2016,4,NON TITO,,,JAWA TIMUR,0.375,GREEN,18225733,AREA 3,JATIM,MADIUN,KEDIRI,,,0,0,0,JAWA TIMUR,KOTA KEDIRI,KOTA,BALOWERTI,KEDIRI
5552369591,,ODP-KDI-FAY/28,-7.8361,112.049725,,,13,3,0,0,16,REGIONAL 5,KEDIRI,KEDIRI,KDI,,,2024-03-16 23:22:49,2020-10-15,2020,10,NON TITO,,,JAWA TIMUR,0.1875,GREEN,855453181,AREA 3,JATIM,MADIUN,KEDIRI,,,0,0,0,JAWA TIMUR,KOTA KEDIRI,PESANTREN,BANGSAL,KEDIRI
5549069054,,ODP-MJT-FA/47,-7.721892,111.948154,,,5,3,0,0,8,REGIONAL 5,KEDIRI,KEDIRI,MJT,,,2024-03-16 23:24:34,2020-10-15,2020,10,NON TITO,,,JAWA TIMUR,0.375,GREEN,855453132,AREA 3,JATIM,MADIUN,KEDIRI,,,0,0,0,JAWA TIMUR,KEDIRI,TAROKAN,KALIBOTO,KEDIRI
5461168546,,ODP-PAE-FAF/28,-7.764219,112.169595,,,5,3,0,0,8,REGIONAL 5,KEDIRI,KEDIRI,PAE,,,2024-03-16 23:24:03,2020-10-02,2020,10,NON TITO,,,JAWA TIMUR,0.375,GREEN,843864481,AREA 3,JATIM,MADIUN,KEDIRI,,,0,0,0,JAWA TIMUR,KEDIRI,PARE,PELEM,KEDIRI
5411368840,,ODP-PAE-FAB/24,-7.858956,112.302137,,,7,1,0,0,8,REGIONAL 5,KEDIRI,KEDIRI,PAE,,,2024-03-16 23:26:55,2020-09-17,2020,9,NON TITO,,,JAWA TIMUR,0.125,GREEN,843271961,AREA 3,JATIM,MADIUN,KEDIRI,,,0,0,0,JAWA TIMUR,KEDIRI,KEPUNG,BESOWO,KEDIRI
5409944262,,ODP-KDI-FS/53,-7.814658,112.01736,,,5,3,0,0,8,REGIONAL 5,KEDIRI,KEDIRI,KDI,,,2024-03-16 23:22:21,2020-09-16,2020,9,NON TITO,,,JAWA TIMUR,0.375,GREEN,843196965,AREA 3,JATIM,MADIUN,KEDIRI,,,0,0,0,JAWA TIMUR,KOTA KEDIRI,KOTA,DANDANGAN,KEDIRI
5409869162,,ODP-MJT-FH/36,-7.837835,111.979941,,,7,1,0,0,8,REGIONAL 5,KEDIRI,KEDIRI,MJT,,,2024-03-16 23:27:20,2020-09-15,2020,9,NON TITO,,,JAWA TIMUR,0.125,GREEN,843127089,AREA 3,JATIM,MADIUN,KEDIRI,,,0,0,0,JAWA TIMUR,KEDIRI,SEMEN,BOBANG,KEDIRI
5391869368,,ODP-KDI-FG/75,-7.828736,112.021089,,,6,2,0,0,8,REGIONAL 5,KEDIRI,KEDIRI,KDI,,,2024-03-16 23:23:30,2020-09-10,2020,9,NON TITO,,,JAWA TIMUR,0.25,GREEN,842146316,AREA 3,JATIM,MADIUN,KEDIRI,,,0,0,0,JAWA TIMUR,KOTA KEDIRI,KOTA,KAMPUNG DALEM,KEDIRI
241603207,,ODP-PAE-FF/38,-7.75576,112.172646,,,5,3,0,0,8,REGIONAL 5,KEDIRI,KEDIRI,PAE,,,2024-03-16 23:24:37,2016-04-12,2016,4,NON TITO,,,JAWA TIMUR,0.375,GREEN,16698025,AREA 3,JATIM,MADIUN,KEDIRI,,,0,0,0,JAWA TIMUR,KEDIRI,PARE,PELEM,KEDIRI
5419243663,,ODP-WAT-FP/16,-7.959329,112.163973,,,6,2,0,0,8,REGIONAL 5,KEDIRI,KEDIRI,WAT,,,2024-03-16 23:22:46,2020-09-21,2020,9,NON TITO,,,JAWA TIMUR,0.25,GREEN,841300018,AREA 3,JATIM,MADIUN,KEDIRI,,,0,0,0,JAWA TIMUR,KEDIRI,NGANCAR,MARGOURIP,KEDIRI
5666369672,,ODP-PPR-FD/37,-7.653615,112.09285,,,5,3,0,0,8,REGIONAL 5,KEDIRI,KEDIRI,PPR,,,2024-03-16 23:23:30,2020-11-24,2020,11,NON TITO,,,JAWA TIMUR,0.375,GREEN,857078745,AREA 3,JATIM,MADIUN,KEDIRI,,,0,0,0,JAWA TIMUR,KEDIRI,PURWOASRI,MRANGGEN,KEDIRI
5763793721,,ODP-WAT-FE/18,-7.970755,112.136619,,,7,1,0,0,8,REGIONAL 5,KEDIRI,KEDIRI,WAT,,,2024-03-16 23:21:19,2020-12-15,2020,12,NON TITO,,,JAWA TIMUR,0.125,GREEN,858134456,AREA 3,JATIM,MADIUN,KEDIRI,,,0,0,0,JAWA TIMUR,KEDIRI,NGANCAR,BEDALI,KEDIRI
5833471268,,ODP-MJT-FA/51,-7.710891,111.938928,,,5,3,0,0,8,REGIONAL 5,KEDIRI,KEDIRI,MJT,,,2024-03-16 23:27:11,2021-01-07,2021,1,NON TITO,,,JAWA TIMUR,0.375,GREEN,859546858,AREA 3,JATIM,MADIUN,KEDIRI,,,0,0,0,JAWA TIMUR,KEDIRI,TAROKAN,KALIBOTO,KEDIRI
5833471259,,ODP-MJT-FA/55,-7.715975,111.936895,,,7,1,0,0,8,REGIONAL 5,KEDIRI,KEDIRI,MJT,,,2024-03-16 23:26:45,2021-01-07,2021,1,NON TITO,,,JAWA TIMUR,0.125,GREEN,859546850,AREA 3,JATIM,MADIUN,KEDIRI,,,0,0,0,JAWA TIMUR,KEDIRI,TAROKAN,TAROKAN,KEDIRI
5833845290,,ODP-MJT-FAF/18,-7.81127,111.97781,,,5,3,0,0,8,REGIONAL 5,KEDIRI,KEDIRI,MJT,,,2024-03-16 23:22:40,2021-01-07,2021,1,NON TITO,,,JAWA TIMUR,0.375,GREEN,859544731,AREA 3,JATIM,MADIUN,KEDIRI,,,0,0,0,JAWA TIMUR,KOTA KEDIRI,MOJOROTO,POJOK,KEDIRI
5833471040,,ODP-KDI-FN/31,-7.7694,112.034384,,,5,3,0,0,8,REGIONAL 5,KEDIRI,KEDIRI,KDI,,,2024-03-16 23:26:22,2021-01-06,2021,1,NON TITO,,,JAWA TIMUR,0.375,GREEN,859401025,AREA 3,JATIM,MADIUN,KEDIRI,,,0,0,0,JAWA TIMUR,KEDIRI,GAMPENGREJO,SAMBIRESIK,KEDIRI
5840520051,,ODP-GUR-FC/20,-7.818397,112.112818,,,5,3,0,0,8,REGIONAL 5,KEDIRI,KEDIRI,GUR,,,2024-03-16 23:28:50,2021-01-05,2021,1,NON TITO,,,JAWA TIMUR,0.375,GREEN,859244735,AREA 3,JATIM,MADIUN,KEDIRI,,,0,0,0,JAWA TIMUR,KEDIRI,GURAH,BESUK,KEDIRI
5840445284,,ODP-MJT-FJ/64,-7.817083,111.986846,,,6,2,0,0,8,REGIONAL 5,KEDIRI,KEDIRI,MJT,,,2024-03-16 23:26:44,2021-01-05,2021,1,NON TITO,,,JAWA TIMUR,0.25,GREEN,859120135,AREA 3,JATIM,MADIUN,KEDIRI,,,0,0,0,JAWA TIMUR,KOTA KEDIRI,MOJOROTO,CAMPUREJO,KEDIRI
5836018595,,ODP-KDI-FBK/36,-7.820117,112.043472,,,7,1,0,0,8,REGIONAL 5,KEDIRI,KEDIRI,KDI,,,2024-03-16 23:25:11,2021-01-04,2021,1,NON TITO,,,JAWA TIMUR,0.125,GREEN,859105390,AREA 3,JATIM,MADIUN,KEDIRI,,,0,0,0,JAWA TIMUR,KEDIRI,NGASEM,DOKO,KEDIRI
5831894288,,ODP-MJT-FH/46,-7.838878,111.993136,,,5,3,0,0,8,REGIONAL 5,KEDIRI,KEDIRI,MJT,,,2024-03-16 23:25:03,2020-12-31,2020,12,NON TITO,,,JAWA TIMUR,0.375,GREEN,858946869,AREA 3,JATIM,MADIUN,KEDIRI,,,0,0,0,JAWA TIMUR,KOTA KEDIRI,MOJOROTO,BANJARMLATI,KEDIRI
5745870347,,ODP-KDI-FBD/14,-7.836272,112.017324,,,5,3,0,0,8,REGIONAL 5,KEDIRI,KEDIRI,KDI,,,2024-03-16 23:26:47,2020-12-12,2020,12,NON TITO,,,JAWA TIMUR,0.375,GREEN,858035989,AREA 3,JATIM,MADIUN,KEDIRI,,,0,0,0,JAWA TIMUR,KOTA KEDIRI,KOTA,KALIOMBO,KEDIRI
5831894278,,ODP-MJT-FH/44,-7.840821,111.988445,,,10,6,0,0,16,REGIONAL 5,KEDIRI,KEDIRI,MJT,,,2024-03-16 23:25:46,2020-12-31,2020,12,NON TITO,,,JAWA TIMUR,0.375,GREEN,858946863,AREA 3,JATIM,MADIUN,KEDIRI,,,0,0,0,JAWA TIMUR,KEDIRI,SEMEN,SIDOMULYO,KEDIRI
5795370073,,ODP-NDL-FP/07,-7.947862,111.94042,,,6,2,0,0,8,REGIONAL 5,KEDIRI,KEDIRI,NDL,,,2024-03-16 23:23:44,2020-12-28,2020,12,NON TITO,,,JAWA TIMUR,0.25,GREEN,858749484,AREA 3,JATIM,MADIUN,KEDIRI,,,0,0,0,JAWA TIMUR,KEDIRI,MOJO,KRANDING,KEDIRI
5805944916,,ODP-GUR-FK/08,-7.793295,112.107232,,,5,3,0,0,8,REGIONAL 5,KEDIRI,KEDIRI,GUR,,,2024-03-16 23:23:00,2020-12-23,2020,12,NON TITO,,,JAWA TIMUR,0.375,GREEN,858536507,AREA 3,JATIM,MADIUN,KEDIRI,,,0,0,0,JAWA TIMUR,KEDIRI,GURAH,SUKOREJO,KEDIRI
5805944664,,ODP-MJT-FAN/29,-7.822763,112.005973,,,6,2,0,0,8,REGIONAL 5,KEDIRI,KEDIRI,MJT,,,2024-03-16 23:22:28,2020-12-23,2020,12,NON TITO,,,JAWA TIMUR,0.25,GREEN,858534205,AREA 3,JATIM,MADIUN,KEDIRI,,,0,0,0,JAWA TIMUR,KOTA KEDIRI,MOJOROTO,BANDAR LOR,KEDIRI
5795369245,,ODP-NDL-FH/30,-7.915066,111.984668,,,6,2,0,0,8,REGIONAL 5,KEDIRI,KEDIRI,NDL,,,2024-03-16 23:23:49,2020-12-22,2020,12,NON TITO,,,JAWA TIMUR,0.25,GREEN,858510938,AREA 3,JATIM,MADIUN,KEDIRI,,,0,0,0,JAWA TIMUR,KEDIRI,NGADILUWIH,BRANGGAHAN,KEDIRI
5777669053,,ODP-MJT-FJ/57,-7.826422,111.990541,,,6,2,0,0,8,REGIONAL 5,KEDIRI,KEDIRI,MJT,,,2024-03-16 23:26:43,2020-12-16,2020,12,NON TITO,,,JAWA TIMUR,0.25,GREEN,858272043,AREA 3,JATIM,MADIUN,KEDIRI,,,0,0,0,JAWA TIMUR,KOTA KEDIRI,MOJOROTO,CAMPUREJO,KEDIRI
5777669038,,ODP-MJT-FJ/63,-7.818926,111.988465,,,6,2,0,0,8,REGIONAL 5,KEDIRI,KEDIRI,MJT,,,2024-03-16 23:27:11,2020-12-16,2020,12,NON TITO,,,JAWA TIMUR,0.25,GREEN,858272028,AREA 3,JATIM,MADIUN,KEDIRI,,,0,0,0,JAWA TIMUR,KOTA KEDIRI,MOJOROTO,CAMPUREJO,KEDIRI
5777669033,,ODP-MJT-FJ/59,-7.825366,111.98603,,,5,3,0,0,8,REGIONAL 5,KEDIRI,KEDIRI,MJT,,,2024-03-16 23:25:54,2020-12-16,2020,12,NON TITO,,,JAWA TIMUR,0.375,GREEN,858272024,AREA 3,JATIM,MADIUN,KEDIRI,,,0,0,0,JAWA TIMUR,KOTA KEDIRI,MOJOROTO,CAMPUREJO,KEDIRI
5777669023,,ODP-MJT-FJ/58,-7.825866,111.987988,,,5,2,0,0,8,REGIONAL 5,KEDIRI,KEDIRI,MJT,,,2024-03-16 23:26:52,2020-12-16,2020,12,NON TITO,,,JAWA TIMUR,0.25,GREEN,858272018,AREA 3,JATIM,MADIUN,KEDIRI,,,0,0,0,JAWA TIMUR,KOTA KEDIRI,MOJOROTO,CAMPUREJO,KEDIRI
5832644142,,ODP-NDL-FD/60,-7.885991,111.965139,,,6,2,0,0,8,REGIONAL 5,KEDIRI,KEDIRI,NDL,,,2024-03-16 23:24:53,2020-12-31,2020,12,NON TITO,,,JAWA TIMUR,0.25,GREEN,858875926,AREA 3,JATIM,MADIUN,KEDIRI,,,0,0,0,JAWA TIMUR,KEDIRI,MOJO,SURAT,KEDIRI
5833471421,,ODP-KDI-FAQ/31,-7.79021,112.027707,,,6,2,0,0,8,REGIONAL 5,KEDIRI,KEDIRI,KDI,,,2024-03-16 23:26:43,2021-01-07,2021,1,NON TITO,,,JAWA TIMUR,0.25,GREEN,859548082,AREA 3,JATIM,MADIUN,KEDIRI,,,0,0,0,JAWA TIMUR,KEDIRI,NGASEM,KWADUNGAN,KEDIRI
5313869374,,ODP-WAT-FK/08,-7.900179,112.071691,,,5,3,0,0,8,REGIONAL 5,KEDIRI,KEDIRI,WAT,,,2024-03-16 23:25:23,2020-08-14,2020,8,NON TITO,,,JAWA TIMUR,0.375,GREEN,835327432,AREA 3,JATIM,MADIUN,KEDIRI,,,0,0,0,JAWA TIMUR,KEDIRI,WATES,PAGU,KEDIRI
5259944925,,ODP-PAE-FAE/28,-7.766013,112.160093,,,5,3,0,0,8,REGIONAL 5,KEDIRI,KEDIRI,PAE,,,2024-03-16 23:28:35,2020-07-31,2020,7,NON TITO,,,JAWA TIMUR,0.375,GREEN,833685094,AREA 3,JATIM,MADIUN,KEDIRI,,,0,0,0,JAWA TIMUR,KEDIRI,PARE,BENDO,KEDIRI
4449793577,,ODP-WAT-FP/15,-7.934122,112.193722,,,5,3,0,0,8,REGIONAL 5,KEDIRI,KEDIRI,WAT,,,2024-03-16 23:26:56,2020-01-03,2020,1,NON TITO,,,JAWA TIMUR,0.375,GREEN,789694569,AREA 3,JATIM,MADIUN,KEDIRI,,,0,0,0,JAWA TIMUR,KEDIRI,NGANCAR,NGANCAR,KEDIRI
4391371639,,ODP-GUR-FJ/27,-7.782673,112.080328,,,5,3,0,0,8,REGIONAL 5,KEDIRI,KEDIRI,GUR,,,2024-03-16 23:26:43,2019-12-06,2019,12,NON TITO,,,JAWA TIMUR,0.375,GREEN,789178939,AREA 3,JATIM,MADIUN,KEDIRI,,,0,0,0,JAWA TIMUR,KEDIRI,PAGU,MENANG,KEDIRI
4391371619,,ODP-GUR-FJ/25,-7.781713,112.077408,,,7,1,0,0,8,REGIONAL 5,KEDIRI,KEDIRI,GUR,,,2024-03-16 23:27:26,2019-12-06,2019,12,NON TITO,,,JAWA TIMUR,0.125,GREEN,789178933,AREA 3,JATIM,MADIUN,KEDIRI,,,0,0,0,JAWA TIMUR,KEDIRI,PAGU,MENANG,KEDIRI
4392793957,,ODP-NDL-FG/35,-7.883681,111.998708,,,5,3,0,0,8,REGIONAL 5,KEDIRI,KEDIRI,NDL,,,2024-03-16 23:21:18,2019-12-04,2019,12,NON TITO,,,JAWA TIMUR,0.375,GREEN,789166689,AREA 3,JATIM,MADIUN,KEDIRI,,,0,0,0,JAWA TIMUR,KEDIRI,NGADILUWIH,REMBANGKEPUH,KEDIRI
4397968583,,ODP-PAE-FM/50,-7.771149,112.197478,,,5,3,0,0,8,REGIONAL 5,KEDIRI,KEDIRI,PAE,,,2024-03-16 23:23:25,2019-12-04,2019,12,NON TITO,,,JAWA TIMUR,0.375,GREEN,789166165,AREA 3,JATIM,MADIUN,KEDIRI,,,0,0,0,JAWA TIMUR,KEDIRI,PARE,PARE,KEDIRI
4391371634,,ODP-GUR-FJ/21,-7.780139,112.071866,,,5,3,0,0,8,REGIONAL 5,KEDIRI,KEDIRI,GUR,,,2024-03-16 23:27:40,2019-12-06,2019,12,NON TITO,,,JAWA TIMUR,0.375,GREEN,788130737,AREA 3,JATIM,MADIUN,KEDIRI,,,0,0,0,JAWA TIMUR,KEDIRI,PAGU,WATES,KEDIRI
4391371358,,ODP-GUR-FJ/08,-7.77268,112.054302,,,5,3,0,0,8,REGIONAL 5,KEDIRI,KEDIRI,GUR,,,2024-03-16 23:26:49,2019-12-06,2019,12,NON TITO,,,JAWA TIMUR,0.375,GREEN,788130602,AREA 3,JATIM,MADIUN,KEDIRI,,,0,0,0,JAWA TIMUR,KEDIRI,GAMPENGREJO,KEPUHREJO,KEDIRI
4397968561,,ODP-GUR-FH/28,-7.763241,112.093802,,,5,3,0,0,8,REGIONAL 5,KEDIRI,KEDIRI,GUR,,,2024-03-16 23:23:31,2019-12-04,2019,12,NON TITO,,,JAWA TIMUR,0.375,GREEN,788116862,AREA 3,JATIM,MADIUN,KEDIRI,,,0,0,0,JAWA TIMUR,KEDIRI,PAGU,PAGU,KEDIRI
4442670334,,ODP-NDL-FN/03,-7.902092,111.992219,,,7,1,0,0,8,REGIONAL 5,KEDIRI,KEDIRI,NDL,,,2024-03-16 23:22:23,2020-01-13,2020,1,NON TITO,,,JAWA TIMUR,0.125,GREEN,789736966,AREA 3,JATIM,MADIUN,KEDIRI,,,0,0,0,JAWA TIMUR,KEDIRI,NGADILUWIH,PURWOKERTO,KEDIRI
4383793677,,ODP-GUR-FH/31,-7.762329,112.090318,,,6,2,0,0,8,REGIONAL 5,KEDIRI,KEDIRI,GUR,,,2024-03-16 23:24:30,2019-12-03,2019,12,NON TITO,,,JAWA TIMUR,0.25,GREEN,787695425,AREA 3,JATIM,MADIUN,KEDIRI,,,0,0,0,JAWA TIMUR,KEDIRI,PAGU,PAGU,KEDIRI
4345024152,,ODP-NDL-FH/24,-7.920467,112.000699,,,6,2,0,0,8,REGIONAL 5,KEDIRI,KEDIRI,NDL,,,2024-03-16 23:25:10,2019-11-30,2019,11,NON TITO,,,JAWA TIMUR,0.25,GREEN,787678671,AREA 3,JATIM,MADIUN,KEDIRI,,,0,0,0,JAWA TIMUR,KEDIRI,NGADILUWIH,SLUMBUNG,KEDIRI
4345024122,,ODP-NDL-FH/21,-7.923651,112.009088,,,5,3,0,0,8,REGIONAL 5,KEDIRI,KEDIRI,NDL,,,2024-03-16 23:24:25,2019-11-30,2019,11,NON TITO,,,JAWA TIMUR,0.375,GREEN,787678653,AREA 3,JATIM,MADIUN,KEDIRI,,,0,0,0,JAWA TIMUR,KEDIRI,NGADILUWIH,SLUMBUNG,KEDIRI
4278268570,,ODP-KDI-FAZ/12,-7.746994,112.047237,,,5,3,0,0,8,REGIONAL 5,KEDIRI,KEDIRI,KDI,,,2024-03-16 23:23:08,2019-11-12,2019,11,NON TITO,,,JAWA TIMUR,0.375,GREEN,787138934,AREA 3,JATIM,MADIUN,KEDIRI,,,0,0,0,JAWA TIMUR,KEDIRI,GAMPENGREJO,KALIBELO,KEDIRI
4260793743,,ODP-PAE-FAE/25,-7.757875,112.152348,,,5,3,0,0,8,REGIONAL 5,KEDIRI,KEDIRI,PAE,,,2024-03-16 23:25:14,2019-11-08,2019,11,NON TITO,,,JAWA TIMUR,0.375,GREEN,758188772,AREA 3,JATIM,MADIUN,KEDIRI,,,0,0,0,JAWA TIMUR,KEDIRI,PARE,BENDO,KEDIRI
3993960580,,ODP-WAT-FX/19,-7.851235,112.134889,,,5,3,0,0,8,REGIONAL 5,KEDIRI,KEDIRI,WAT,,,2024-03-16 23:27:24,2019-10-01,2019,10,NON TITO,,,JAWA TIMUR,0.375,GREEN,674643727,AREA 3,JATIM,MADIUN,KEDIRI,,,0,0,0,JAWA TIMUR,KEDIRI,PLOSOKLATEN,BRENGGOLO,KEDIRI
3995068886,,ODP-SBI-FD/25,-7.977897,112.012564,,,6,2,0,0,8,REGIONAL 5,KEDIRI,KEDIRI,SBI,,,2024-03-16 23:26:16,2019-09-26,2019,9,NON TITO,,,JAWA TIMUR,0.25,GREEN,667667463,AREA 3,JATIM,MADIUN,KEDIRI,,,0,0,0,JAWA TIMUR,KEDIRI,RINGINREJO,SRIKATON,KEDIRI
3835921433,,OTB-PAE-FT/01,-7.763646,112.152517,,,7,1,0,0,8,REGIONAL 5,KEDIRI,KEDIRI,PAE,,,2024-03-16 23:28:55,2019-09-17,2019,9,NON TITO,,,JAWA TIMUR,0.125,GREEN,652067187,AREA 3,JATIM,MADIUN,KEDIRI,,,0,0,0,JAWA TIMUR,KEDIRI,PARE,BENDO,KEDIRI
3751928807,,ODP-KDI-FJ/23,-7.813551,112.015452,,,5,3,0,0,8,REGIONAL 5,KEDIRI,KEDIRI,KDI,,,2024-03-16 23:23:45,2019-08-06,2019,8,NON TITO,,,JAWA TIMUR,0.375,GREEN,642845236,AREA 3,JATIM,MADIUN,KEDIRI,,,0,0,0,JAWA TIMUR,KOTA KEDIRI,KOTA,BALOWERTI,KEDIRI
4345024162,,ODP-NDL-FH/25,-7.918775,112.001263,,,5,3,0,0,8,REGIONAL 5,KEDIRI,KEDIRI,NDL,,,2024-03-16 23:24:48,2019-11-30,2019,11,NON TITO,,,JAWA TIMUR,0.375,GREEN,787678677,AREA 3,JATIM,MADIUN,KEDIRI,,,0,0,0,JAWA TIMUR,KEDIRI,NGADILUWIH,SLUMBUNG,KEDIRI
5311018721,,ODP-GUR-FH/38,-7.756006,112.082134,,,6,2,0,0,8,REGIONAL 5,KEDIRI,KEDIRI,GUR,,,2024-03-16 23:24:17,2020-08-12,2020,8,NON TITO,,,JAWA TIMUR,0.25,GREEN,835178985,AREA 3,JATIM,MADIUN,KEDIRI,,,0,0,0,JAWA TIMUR,KEDIRI,PAGU,JAGUNG,KEDIRI
4442670354,,ODP-NDL-FN/02,-7.903318,111.992122,,,5,3,0,0,8,REGIONAL 5,KEDIRI,KEDIRI,NDL,,,2024-03-16 23:23:04,2020-01-13,2020,1,NON TITO,,,JAWA TIMUR,0.375,GREEN,789736976,AREA 3,JATIM,MADIUN,KEDIRI,,,0,0,0,JAWA TIMUR,KEDIRI,NGADILUWIH,PURWOKERTO,KEDIRI
4442670359,,ODP-NDL-FN/07,-7.898061,111.990636,,,5,3,0,0,8,REGIONAL 5,KEDIRI,KEDIRI,NDL,,,2024-03-16 23:22:47,2020-01-13,2020,1,NON TITO,,,JAWA TIMUR,0.375,GREEN,789794308,AREA 3,JATIM,MADIUN,KEDIRI,,,0,0,0,JAWA TIMUR,KEDIRI,NGADILUWIH,NGADILUWIH,KEDIRI
5273519169,,ODP-KDI-FAF/07,-7.894611,112.037503,,,6,2,0,0,8,REGIONAL 5,KEDIRI,KEDIRI,KDI,,,2024-03-16 23:24:51,2020-07-29,2020,7,NON TITO,,,JAWA TIMUR,0.25,GREEN,833598084,AREA 3,JATIM,MADIUN,KEDIRI,,,0,0,0,JAWA TIMUR,KEDIRI,KANDAT,PULE,KEDIRI
5237894906,,ODP-KDI-FAF/06,-7.894514,112.033073,,,6,2,0,0,8,REGIONAL 5,KEDIRI,KEDIRI,KDI,,,2024-03-16 23:26:19,2020-07-22,2020,7,NON TITO,,,JAWA TIMUR,0.25,GREEN,833145735,AREA 3,JATIM,MADIUN,KEDIRI,,,0,0,0,JAWA TIMUR,KEDIRI,KANDAT,PULE,KEDIRI
5237145777,,ODP-NDL-FF/42,-7.922444,111.979751,,,5,3,0,0,8,REGIONAL 5,KEDIRI,KEDIRI,NDL,,,2024-03-16 23:27:00,2020-07-22,2020,7,NON TITO,,,JAWA TIMUR,0.375,GREEN,833077200,AREA 3,JATIM,MADIUN,KEDIRI,,,0,0,0,JAWA TIMUR,KEDIRI,NGADILUWIH,TALES,KEDIRI
4962652446,,ODP-PAE-FK/21,-7.829622,112.194898,,,5,3,0,0,8,REGIONAL 5,KEDIRI,KEDIRI,PAE,,,2024-03-16 23:29:06,2020-05-15,2020,5,NON TITO,,,JAWA TIMUR,0.375,GREEN,829996758,AREA 3,JATIM,MADIUN,KEDIRI,,,0,0,0,JAWA TIMUR,KEDIRI,PLOSOKLATEN,SUMBERAGUNG,KEDIRI
4993243814,,ODP-KDI-FBA/23,-7.824731,112.060062,,,5,3,0,0,8,REGIONAL 5,KEDIRI,KEDIRI,KDI,,,2024-03-16 23:22:36,2020-05-22,2020,5,NON TITO,,,JAWA TIMUR,0.375,GREEN,829612081,AREA 3,JATIM,MADIUN,KEDIRI,,,0,0,0,JAWA TIMUR,KEDIRI,NGASEM,TUGUREJO,KEDIRI
4995869024,,ODP-MJT-FH/35,-7.852218,111.989435,,,5,3,0,0,8,REGIONAL 5,KEDIRI,KEDIRI,MJT,,,2024-03-16 23:23:33,2020-05-22,2020,5,NON TITO,,,JAWA TIMUR,0.375,GREEN,829610015,AREA 3,JATIM,MADIUN,KEDIRI,,,0,0,0,JAWA TIMUR,KEDIRI,SEMEN,BULU,KEDIRI
4907368540,,ODP-GUR-FH/36,-7.756932,112.084455,,,10,6,0,0,16,REGIONAL 5,KEDIRI,KEDIRI,GUR,,,2024-03-16 23:28:29,2020-04-30,2020,4,NON TITO,,,JAWA TIMUR,0.375,GREEN,828523373,AREA 3,JATIM,MADIUN,KEDIRI,,,0,0,0,JAWA TIMUR,KEDIRI,PAGU,JAGUNG,KEDIRI
4881869323,,ODP-GUR-FB/42,-7.825213,112.076369,,,6,2,0,0,8,REGIONAL 5,KEDIRI,KEDIRI,GUR,,,2024-03-16 23:23:52,2020-04-29,2020,4,NON TITO,,,JAWA TIMUR,0.25,GREEN,828462735,AREA 3,JATIM,MADIUN,KEDIRI,,,0,0,0,JAWA TIMUR,KEDIRI,GURAH,WONOJOYO,KEDIRI
4441251940,,ODP-KDI-FN/22,-7.771126,112.045345,,,5,3,0,0,8,REGIONAL 5,KEDIRI,KEDIRI,KDI,,,2024-03-16 23:27:50,2020-01-13,2020,1,NON TITO,,,JAWA TIMUR,0.375,GREEN,789737271,AREA 3,JATIM,MADIUN,KEDIRI,,,0,0,0,JAWA TIMUR,KEDIRI,NGASEM,WONOCATUR,KEDIRI
4882094052,,ODP-NDL-FN/10,-7.897746,111.990813,,,6,2,0,0,8,REGIONAL 5,KEDIRI,KEDIRI,NDL,,,2024-03-16 23:22:42,2020-04-25,2020,4,NON TITO,,,JAWA TIMUR,0.25,GREEN,828432490,AREA 3,JATIM,MADIUN,KEDIRI,,,0,0,0,JAWA TIMUR,KEDIRI,NGADILUWIH,NGADILUWIH,KEDIRI
4877443960,,ODP-NDL-FG/39,-7.882351,112.003044,,,10,6,0,0,16,REGIONAL 5,KEDIRI,KEDIRI,NDL,,,2024-03-16 23:21:49,2020-04-25,2020,4,NON TITO,,,JAWA TIMUR,0.375,GREEN,828431906,AREA 3,JATIM,MADIUN,KEDIRI,,,0,0,0,JAWA TIMUR,KEDIRI,NGADILUWIH,REMBANG,KEDIRI
4855168797,,ODP-NDL-FH/26,-7.904836,111.968842,,,6,2,0,0,8,REGIONAL 5,KEDIRI,KEDIRI,NDL,,,2024-03-16 23:27:42,2020-04-22,2020,4,NON TITO,,,JAWA TIMUR,0.25,GREEN,828258025,AREA 3,JATIM,MADIUN,KEDIRI,,,0,0,0,JAWA TIMUR,KEDIRI,NGADILUWIH,BANGGLE,KEDIRI
4679819023,,ODP-MJT-FA/42,-7.717719,111.943433,,,4,3,0,0,8,REGIONAL 5,KEDIRI,KEDIRI,MJT,,,2024-03-16 23:26:22,2020-02-27,2020,2,NON TITO,,,JAWA TIMUR,0.375,GREEN,824550564,AREA 3,JATIM,MADIUN,KEDIRI,,,0,0,0,JAWA TIMUR,KEDIRI,TAROKAN,SUMBERDUREN,KEDIRI
4641943965,,ODP-WAT-FG/12,-7.916597,112.146583,,,6,2,0,0,8,REGIONAL 5,KEDIRI,KEDIRI,WAT,,,2024-03-16 23:21:20,2020-02-21,2020,2,NON TITO,,,JAWA TIMUR,0.25,GREEN,824090318,AREA 3,JATIM,MADIUN,KEDIRI,,,0,0,0,JAWA TIMUR,KEDIRI,NGANCAR,JAGUL,KEDIRI
4641943955,,ODP-WAT-FG/11,-7.917058,112.148703,,,7,1,0,0,8,REGIONAL 5,KEDIRI,KEDIRI,WAT,,,2024-03-16 23:22:00,2020-02-21,2020,2,NON TITO,,,JAWA TIMUR,0.125,GREEN,824090312,AREA 3,JATIM,MADIUN,KEDIRI,,,0,0,0,JAWA TIMUR,KEDIRI,NGANCAR,JAGUL,KEDIRI
4595596396,,ODP-PAE-FT/15,-7.766235,112.161292,,,6,2,0,0,8,REGIONAL 5,KEDIRI,KEDIRI,PAE,,,2024-03-16 23:28:12,2020-02-12,2020,2,NON TITO,,,JAWA TIMUR,0.25,GREEN,822647186,AREA 3,JATIM,MADIUN,KEDIRI,,,0,0,0,JAWA TIMUR,KEDIRI,PARE,DARUNGAN,KEDIRI
4560043691,,ODP-MJT-FAG/16,-7.809274,111.987505,,,6,2,0,0,8,REGIONAL 5,KEDIRI,KEDIRI,MJT,,,2024-03-16 23:23:20,2020-02-07,2020,2,NON TITO,,,JAWA TIMUR,0.25,GREEN,805171417,AREA 3,JATIM,MADIUN,KEDIRI,,,0,0,0,JAWA TIMUR,KOTA KEDIRI,MOJOROTO,SUKORAME,KEDIRI
4500868789,,ODP-KDI-FAY/23,-7.846686,112.025432,,,6,2,0,0,8,REGIONAL 5,KEDIRI,KEDIRI,KDI,,,2024-03-16 23:23:59,2020-01-21,2020,1,NON TITO,,,JAWA TIMUR,0.25,GREEN,794228119,AREA 3,JATIM,MADIUN,KEDIRI,,,0,0,0,JAWA TIMUR,KOTA KEDIRI,KOTA KEDIRI,NGRONGGO,KEDIRI
4881868626,,ODP-NDL-FG/40,-7.890578,112.00797,,,6,2,0,0,8,REGIONAL 5,KEDIRI,KEDIRI,KDI,,,2024-03-16 23:23:31,2020-04-25,2020,4,NON TITO,,,JAWA TIMUR,0.25,GREEN,828431960,AREA 3,JATIM,MADIUN,KEDIRI,,,0,0,0,JAWA TIMUR,KEDIRI,NGADILUWIH,REMBANGKEPUH,KEDIRI
179477851,,ODP-KDI-FAK/21,-7.8091,112.011,,,13,3,0,0,16,REGIONAL 5,KEDIRI,KEDIRI,KDI,,,2024-03-16 23:24:49,2016-03-23,2016,3,NON TITO,,,JAWA TIMUR,0.1875,GREEN,11752100,AREA 3,JATIM,MADIUN,KEDIRI,,,0,0,0,JAWA TIMUR,KOTA KEDIRI,KOTA KEDIRI,SEMAMPIR,KEDIRI
174975451,,ODP-KDI-FAM/05,-7.798589,112.02781,,,5,3,0,0,8,REGIONAL 5,KEDIRI,KEDIRI,KDI,,,2024-03-16 23:29:09,2016-03-21,2016,3,NON TITO,,,JAWA TIMUR,0.375,GREEN,11748577,AREA 3,JATIM,MADIUN,KEDIRI,,,0,0,0,JAWA TIMUR,KEDIRI,NGASEM,KARANGREJO,KEDIRI
174975282,,ODP-KDI-FAM/01,-7.79181,112.02192,,,12,4,0,0,16,REGIONAL 5,KEDIRI,KEDIRI,KDI,,,2024-03-16 23:29:01,2016-03-21,2016,3,NON TITO,,,JAWA TIMUR,0.25,GREEN,11748448,AREA 3,JATIM,MADIUN,KEDIRI,,,0,0,0,JAWA TIMUR,KEDIRI,NGASEM,KWADUNGAN,KEDIRI
7347720230,,ODP-SBI-FA/13,-7.974313,112.036741,,,6,2,0,0,8,REGIONAL 5,KEDIRI,KEDIRI,SBI,,,2024-03-16 23:27:00,2021-08-09,2021,8,NON TITO,,,JAWA TIMUR,0.25,GREEN,965520239,AREA 3,JATIM,MADIUN,KEDIRI,,,0,0,0,JAWA TIMUR,KEDIRI,RINGINREJO,SELODONO,KEDIRI
7347720220,,ODP-SBI-FA/09,-7.96687,112.045462,,,5,3,0,0,8,REGIONAL 5,KEDIRI,KEDIRI,SBI,,,2024-03-16 23:26:59,2021-08-09,2021,8,NON TITO,,,JAWA TIMUR,0.375,GREEN,965520229,AREA 3,JATIM,MADIUN,KEDIRI,,,0,0,0,JAWA TIMUR,KEDIRI,RINGINREJO,SELODONO,KEDIRI
7347720213,,ODP-SBI-FA/08,-7.965213,112.045545,,,7,1,0,0,8,REGIONAL 5,KEDIRI,KEDIRI,SBI,,,2024-03-16 23:27:07,2021-08-09,2021,8,NON TITO,,,JAWA TIMUR,0.125,GREEN,965520214,AREA 3,JATIM,MADIUN,KEDIRI,,,0,0,0,JAWA TIMUR,KEDIRI,RINGINREJO,SELODONO,KEDIRI
7295518637,,ODP-PPR-FE/44,-7.729711,112.048307,,,5,3,0,0,8,REGIONAL 5,KEDIRI,KEDIRI,PPR,,,2024-03-16 23:22:25,2021-08-03,2021,8,NON TITO,,,JAWA TIMUR,0.375,GREEN,957570050,AREA 3,JATIM,MADIUN,KEDIRI,,,0,0,0,JAWA TIMUR,KEDIRI,PAPAR,PURWOTENGAH,KEDIRI
7295518632,,ODP-PPR-FE/47,-7.729221,112.052411,,,6,2,0,0,8,REGIONAL 5,KEDIRI,KEDIRI,PPR,,,2024-03-16 23:27:27,2021-08-03,2021,8,NON TITO,,,JAWA TIMUR,0.25,GREEN,957570047,AREA 3,JATIM,MADIUN,KEDIRI,,,0,0,0,JAWA TIMUR,KEDIRI,KAYEN KIDUL,BANGSONGAN,KEDIRI
7295518622,,ODP-PPR-FE/43,-7.726182,112.045453,,,7,1,0,0,8,REGIONAL 5,KEDIRI,KEDIRI,PPR,,,2024-03-16 23:27:22,2021-08-03,2021,8,NON TITO,,,JAWA TIMUR,0.125,GREEN,957570041,AREA 3,JATIM,MADIUN,KEDIRI,,,0,0,0,JAWA TIMUR,KEDIRI,PAPAR,PURWOTENGAH,KEDIRI
7295518617,,ODP-PPR-FE/46,-7.727655,112.050654,,,5,3,0,0,8,REGIONAL 5,KEDIRI,KEDIRI,PPR,,,2024-03-16 23:27:22,2021-08-03,2021,8,NON TITO,,,JAWA TIMUR,0.375,GREEN,957570038,AREA 3,JATIM,MADIUN,KEDIRI,,,0,0,0,JAWA TIMUR,KEDIRI,PAPAR,PURWOTENGAH,KEDIRI
7295518607,,ODP-PPR-FE/49,-7.72949,112.054917,,,6,2,0,0,8,REGIONAL 5,KEDIRI,KEDIRI,PPR,,,2024-03-16 23:27:11,2021-08-03,2021,8,NON TITO,,,JAWA TIMUR,0.25,GREEN,957570032,AREA 3,JATIM,MADIUN,KEDIRI,,,0,0,0,JAWA TIMUR,KEDIRI,KAYEN KIDUL,BANGSONGAN,KEDIRI
7347720240,,ODP-SBI-FA/10,-7.974463,112.043419,,,7,1,0,0,8,REGIONAL 5,KEDIRI,KEDIRI,SBI,,,2024-03-16 23:26:30,2021-08-09,2021,8,NON TITO,,,JAWA TIMUR,0.125,GREEN,965520257,AREA 3,JATIM,MADIUN,KEDIRI,,,0,0,0,JAWA TIMUR,KEDIRI,RINGINREJO,SELODONO,KEDIRI
7309093559,,ODP-WAT-FJ/12,-7.887347,112.09888,,,6,2,0,0,8,REGIONAL 5,KEDIRI,KEDIRI,WAT,,,2024-03-16 23:23:37,2021-08-03,2021,8,NON TITO,,,JAWA TIMUR,0.25,GREEN,957280558,AREA 3,JATIM,MADIUN,KEDIRI,,,0,0,0,JAWA TIMUR,KEDIRI,WATES,SUMBERAGUNG,KEDIRI
7274518696,,ODP-MJT-FAL/07,-7.846879,111.990592,,,10,6,0,0,16,REGIONAL 5,KEDIRI,KEDIRI,MJT,,,2024-03-16 23:24:48,2021-07-31,2021,7,NON TITO,,,JAWA TIMUR,0.375,GREEN,956449950,AREA 3,JATIM,MADIUN,KEDIRI,,,0,0,0,JAWA TIMUR,KEDIRI,SEMEN,BULU,KEDIRI
7283668536,,ODP-MJT-FAL/09,-7.845391,111.99105,,,5,3,0,0,8,REGIONAL 5,KEDIRI,KEDIRI,MJT,,,2024-03-16 23:28:05,2021-07-31,2021,7,NON TITO,,,JAWA TIMUR,0.375,GREEN,956447576,AREA 3,JATIM,MADIUN,KEDIRI,,,0,0,0,JAWA TIMUR,KEDIRI,SEMEN,BULU,KEDIRI
7195693696,,ODP-NDL-FG/51,-7.88854,111.980704,,,7,1,0,0,8,REGIONAL 5,KEDIRI,KEDIRI,NDL,,,2024-03-16 23:25:23,2021-07-20,2021,7,NON TITO,,,JAWA TIMUR,0.125,GREEN,951285815,AREA 3,JATIM,MADIUN,KEDIRI,,,0,0,0,JAWA TIMUR,KEDIRI,NGADILUWIH,NGADILUWIH,KEDIRI
7163594205,,ODP-PPR-FE/36,-7.739224,112.071145,,,6,2,0,0,8,REGIONAL 5,KEDIRI,KEDIRI,PPR,,,2024-03-16 23:23:47,2021-07-16,2021,7,NON TITO,,,JAWA TIMUR,0.25,GREEN,949432029,AREA 3,JATIM,MADIUN,KEDIRI,,,0,0,0,JAWA TIMUR,KEDIRI,KAYEN KIDUL,SENDEN,KEDIRI
803068668,,ODP-KDI-FAQ/11,-7.790402,112.027718,,,5,3,0,0,8,REGIONAL 5,KEDIRI,KEDIRI,KDI,,,2024-03-16 23:29:02,2016-08-12,2016,8,NON TITO,,,JAWA TIMUR,0.375,GREEN,34357671,AREA 3,JATIM,MADIUN,KEDIRI,,,0,0,0,JAWA TIMUR,KEDIRI,NGASEM,KWADUNGAN,KEDIRI
165688957,,ODP-KDI-FZ/27,-7.832364,112.016423,,,5,3,0,0,8,REGIONAL 5,KEDIRI,KEDIRI,KDI,,,2024-03-16 23:24:38,2016-03-14,2016,3,NON TITO,,,JAWA TIMUR,0.375,GREEN,10594593,AREA 3,JATIM,MADIUN,KEDIRI,,,0,0,0,JAWA TIMUR,KOTA KEDIRI,KOTA,KALIOMBO,KEDIRI
7135694038,,ODP-SBI-FF/09,-7.966538,112.061085,,,6,2,0,0,8,REGIONAL 5,KEDIRI,KEDIRI,SBI,,,2024-03-16 23:24:10,2021-07-13,2021,7,NON TITO,,,JAWA TIMUR,0.25,GREEN,949397366,AREA 3,JATIM,MADIUN,KEDIRI,,,0,0,0,JAWA TIMUR,KEDIRI,RINGINREJO,PURWODADI,KEDIRI
7052520305,,ODP-NDL-FL/25,-7.906385,112.017907,,,7,1,0,0,8,REGIONAL 5,KEDIRI,KEDIRI,NDL,,,2024-03-16 23:26:21,2021-07-06,2021,7,NON TITO,,,JAWA TIMUR,0.125,GREEN,947015223,AREA 3,JATIM,MADIUN,KEDIRI,,,0,0,0,JAWA TIMUR,KEDIRI,NGADILUWIH,DUKUH,KEDIRI
7309093539,,ODP-WAT-FJ/17,-7.879632,112.085659,,,6,2,0,0,8,REGIONAL 5,KEDIRI,KEDIRI,WAT,,,2024-03-16 23:23:28,2021-08-03,2021,8,NON TITO,,,JAWA TIMUR,0.25,GREEN,957280546,AREA 3,JATIM,MADIUN,KEDIRI,,,0,0,0,JAWA TIMUR,KEDIRI,WATES,SUMBERAGUNG,KEDIRI
7030019549,,ODP-MJT-FB/77,-7.729929,111.973057,,,5,3,0,0,8,REGIONAL 5,KEDIRI,KEDIRI,MJT,,,2024-03-16 23:26:23,2021-07-05,2021,7,NON TITO,,,JAWA TIMUR,0.375,GREEN,946621695,AREA 3,JATIM,MADIUN,KEDIRI,,,0,0,0,JAWA TIMUR,KEDIRI,GROGOL,SUMBEREJO,KEDIRI
7346594163,,ODP-PAE-FU/40,-7.834942,112.261984,,,5,2,0,0,8,REGIONAL 5,KEDIRI,KEDIRI,PAE,,,2024-03-16 23:24:02,2021-08-10,2021,8,NON TITO,,,JAWA TIMUR,0.25,GREEN,967471993,AREA 3,JATIM,MADIUN,KEDIRI,,,0,0,0,JAWA TIMUR,KEDIRI,PUNCU,ASMOROBANGUN,KEDIRI
7347723926,,ODP-NDL-FH/39,-7.907399,111.988698,,,5,3,0,0,8,REGIONAL 5,KEDIRI,KEDIRI,NDL,,,2024-03-16 23:27:09,2021-08-13,2021,8,NON TITO,,,JAWA TIMUR,0.375,GREEN,980520363,AREA 3,JATIM,MADIUN,KEDIRI,,,0,0,0,JAWA TIMUR,KEDIRI,NGADILUWIH,BRANGGAHAN,KEDIRI
8023318576,,ODP-PAE-FE/25,-7.7407,112.134482,,,6,2,0,0,8,REGIONAL 5,KEDIRI,KEDIRI,PAE,,,2024-03-16 23:23:58,2021-11-03,2021,11,NON TITO,,,JAWA TIMUR,0.25,GREEN,1092496037,AREA 3,JATIM,MADIUN,KEDIRI,,,0,0,0,JAWA TIMUR,KEDIRI,KAYEN KIDUL,SEKARAN,KEDIRI
7990768697,,ODP-MJT-FB/87,-7.755262,111.957086,,,6,2,0,0,8,REGIONAL 5,KEDIRI,KEDIRI,MJT,,,2024-03-16 23:24:35,2021-10-29,2021,10,NON TITO,,,JAWA TIMUR,0.25,GREEN,1089803757,AREA 3,JATIM,MADIUN,KEDIRI,,,0,0,0,JAWA TIMUR,KEDIRI,GROGOL,GROGOL,KEDIRI
7950055366,,ODP-KDI-FBF/35,-7.791322,112.039917,,,5,3,0,0,8,REGIONAL 5,KEDIRI,KEDIRI,KDI,,,2024-03-16 23:23:20,2021-10-28,2021,10,NON TITO,,,JAWA TIMUR,0.375,GREEN,1089351190,AREA 3,JATIM,MADIUN,KEDIRI,,,0,0,0,JAWA TIMUR,KEDIRI,NGASEM,KARANGREJO,KEDIRI
7885618679,,ODP-KDI-FAE/69,-7.848358,112.036303,,,5,3,0,0,8,REGIONAL 5,KEDIRI,KEDIRI,KDI,,,2024-03-16 23:26:17,2021-10-18,2021,10,NON TITO,,,JAWA TIMUR,0.375,GREEN,1077421846,AREA 3,JATIM,MADIUN,KEDIRI,,,0,0,0,JAWA TIMUR,KOTA KEDIRI,PESANTREN,BETET,KEDIRI
7883968571,,ODP-PAE-FAL/24,-7.764672,112.213908,,,7,1,0,0,8,REGIONAL 5,KEDIRI,KEDIRI,PAE,,,2024-03-16 23:22:47,2021-10-18,2021,10,NON TITO,,,JAWA TIMUR,0.125,GREEN,1076970841,AREA 3,JATIM,MADIUN,KEDIRI,,,0,0,0,JAWA TIMUR,KEDIRI,PARE,TERTEK,KEDIRI
7833118739,,ODP-PAE-FAG/21,-7.789978,112.156127,,,6,2,0,0,8,REGIONAL 5,KEDIRI,KEDIRI,PAE,,,2024-03-16 23:25:05,2021-10-08,2021,10,NON TITO,,,JAWA TIMUR,0.25,GREEN,1068820051,AREA 3,JATIM,MADIUN,KEDIRI,,,0,0,0,JAWA TIMUR,KEDIRI,PARE,SAMBIREJO,KEDIRI
7714621840,,ODP-MJT-FAE/39,-7.801848,112.002564,,,6,2,0,0,8,REGIONAL 5,KEDIRI,KEDIRI,MJT,,,2024-03-16 23:23:03,2021-09-29,2021,9,NON TITO,,,JAWA TIMUR,0.25,GREEN,1057218435,AREA 3,JATIM,MADIUN,KEDIRI,,,0,0,0,JAWA TIMUR,KOTA KEDIRI,MOJOROTO,MOJOROTO,KEDIRI
7694518840,,ODP-MJT-FG/50,-7.768888,112.003841,,,5,3,0,0,8,REGIONAL 5,KEDIRI,KEDIRI,MJT,,,2024-03-16 23:23:55,2021-09-20,2021,9,NON TITO,,,JAWA TIMUR,0.375,GREEN,1051277562,AREA 3,JATIM,MADIUN,KEDIRI,,,0,0,0,JAWA TIMUR,KEDIRI,BANYAKAN,NGABLAK,KEDIRI
7347723781,,ODP-SBI-FC/21,-7.94777,111.993958,,,7,1,0,0,8,REGIONAL 5,KEDIRI,KEDIRI,SBI,,,2024-03-16 23:28:25,2021-08-12,2021,8,NON TITO,,,JAWA TIMUR,0.125,GREEN,980446162,AREA 3,JATIM,MADIUN,KEDIRI,,,0,0,0,JAWA TIMUR,KEDIRI,KRAS,KANIGORO,KEDIRI
7628519531,,ODP-PPR-FD/38,-7.662337,112.108368,,,5,3,0,0,8,REGIONAL 5,KEDIRI,KEDIRI,PPR,,,2024-03-16 23:28:38,2021-09-14,2021,9,NON TITO,,,JAWA TIMUR,0.375,GREEN,1049898565,AREA 3,JATIM,MADIUN,KEDIRI,,,0,0,0,JAWA TIMUR,KEDIRI,PURWOASRI,JANTOK,KEDIRI
7472894612,,ODP-PAE-FAA/16,-7.760992,112.230588,,,5,3,0,0,8,REGIONAL 5,KEDIRI,KEDIRI,PAE,,,2024-03-16 23:28:53,2021-08-31,2021,8,NON TITO,,,JAWA TIMUR,0.375,GREEN,1031073998,AREA 3,JATIM,MADIUN,KEDIRI,,,0,0,0,JAWA TIMUR,KEDIRI,BADAS,CANGGU,KEDIRI
7472894607,,ODP-PAE-FAA/15,-7.760448,112.229052,,,7,1,0,0,8,REGIONAL 5,KEDIRI,KEDIRI,PAE,,,2024-03-16 23:28:36,2021-08-31,2021,8,NON TITO,,,JAWA TIMUR,0.125,GREEN,1031073995,AREA 3,JATIM,MADIUN,KEDIRI,,,0,0,0,JAWA TIMUR,KEDIRI,BADAS,CANGGU,KEDIRI
7472968941,,ODP-KAA-FD/45,-7.752613,112.270731,,,5,3,0,0,8,REGIONAL 5,KEDIRI,KEDIRI,KAA,,,2024-03-16 23:23:38,2021-08-26,2021,8,NON TITO,,,JAWA TIMUR,0.375,GREEN,1027995924,AREA 3,JATIM,MADIUN,KEDIRI,,,0,0,0,JAWA TIMUR,KEDIRI,KANDANGAN,KEMIRI,KEDIRI
7472968932,,ODP-KAA-FD/41,-7.745848,112.255684,,,6,2,0,0,8,REGIONAL 5,KEDIRI,KEDIRI,KAA,,,2024-03-16 23:23:36,2021-08-26,2021,8,NON TITO,,,JAWA TIMUR,0.25,GREEN,1027995917,AREA 3,JATIM,MADIUN,KEDIRI,,,0,0,0,JAWA TIMUR,KEDIRI,KANDANGAN,KARANGTENGAH,KEDIRI
7441019328,,ODP-SBI-FA/16,-7.97312,112.021922,,,6,2,0,0,8,REGIONAL 5,KEDIRI,KEDIRI,SBI,,,2024-03-16 23:26:33,2021-08-24,2021,8,NON TITO,,,JAWA TIMUR,0.25,GREEN,1023346108,AREA 3,JATIM,MADIUN,KEDIRI,,,0,0,0,JAWA TIMUR,KEDIRI,RINGINREJO,SRIKATON,KEDIRI
7438093975,,ODP-SBI-FH/03,-7.961217,112.023058,,,7,1,0,0,8,REGIONAL 5,KEDIRI,KEDIRI,SBI,,,2024-03-16 23:23:59,2021-08-23,2021,8,NON TITO,,,JAWA TIMUR,0.125,GREEN,1022670036,AREA 3,JATIM,MADIUN,KEDIRI,,,0,0,0,JAWA TIMUR,KEDIRI,RINGINREJO,NAMBAKAN,KEDIRI
7438093965,,ODP-SBI-FH/02,-7.960958,112.021521,,,7,1,0,0,8,REGIONAL 5,KEDIRI,KEDIRI,SBI,,,2024-03-16 23:24:00,2021-08-23,2021,8,NON TITO,,,JAWA TIMUR,0.125,GREEN,1022670030,AREA 3,JATIM,MADIUN,KEDIRI,,,0,0,0,JAWA TIMUR,KEDIRI,RINGINREJO,NAMBAKAN,KEDIRI
7445518993,,ODP-NDL-FH/40,-7.915311,111.986781,,,6,2,0,0,8,REGIONAL 5,KEDIRI,KEDIRI,NDL,,,2024-03-16 23:29:18,2021-08-20,2021,8,NON TITO,,,JAWA TIMUR,0.25,GREEN,1015920973,AREA 3,JATIM,MADIUN,KEDIRI,,,0,0,0,JAWA TIMUR,KEDIRI,NGADILUWIH,BRANGGAHAN,KEDIRI
7610518779,,ODP-KAA-FB/68,-7.722247,112.275915,,,5,3,0,0,8,REGIONAL 5,KEDIRI,KEDIRI,KAA,,,2024-03-16 23:24:21,2021-09-10,2021,9,NON TITO,,,JAWA TIMUR,0.375,GREEN,1036101665,AREA 3,JATIM,MADIUN,KEDIRI,,,0,0,0,JAWA TIMUR,JOMBANG,NGORO,REJOAGUNG,KEDIRI
7030019492,,ODP-MJT-FB/80,-7.738425,111.967882,,,5,3,0,0,8,REGIONAL 5,KEDIRI,KEDIRI,MJT,,,2024-03-16 23:26:24,2021-07-05,2021,7,NON TITO,,,JAWA TIMUR,0.375,GREEN,946621659,AREA 3,JATIM,MADIUN,KEDIRI,,,0,0,0,JAWA TIMUR,KEDIRI,GROGOL,CERME,KEDIRI
6982018642,,ODP-PAE-FAC/12,-7.775493,112.123797,,,6,2,0,0,8,REGIONAL 5,KEDIRI,KEDIRI,PAE,,,2024-03-16 23:28:52,2021-07-01,2021,7,NON TITO,,,JAWA TIMUR,0.25,GREEN,913844767,AREA 3,JATIM,MADIUN,KEDIRI,,,0,0,0,JAWA TIMUR,KEDIRI,PARE,SAMBIREJO,KEDIRI
6982018637,,ODP-PAE-FAC/13,-7.776607,112.125353,,,7,1,0,0,8,REGIONAL 5,KEDIRI,KEDIRI,PAE,,,2024-03-16 23:29:01,2021-07-01,2021,7,NON TITO,,,JAWA TIMUR,0.125,GREEN,913844764,AREA 3,JATIM,MADIUN,KEDIRI,,,0,0,0,JAWA TIMUR,KEDIRI,PARE,SAMBIREJO,KEDIRI
6085999629,,ODP-KDI-FZ/75,-7.832919,112.021412,,,5,3,0,0,8,REGIONAL 5,KEDIRI,KEDIRI,KDI,,,2024-03-16 23:27:06,2021-03-12,2021,3,NON TITO,,,JAWA TIMUR,0.375,GREEN,865444893,AREA 3,JATIM,MADIUN,KEDIRI,,,0,0,0,JAWA TIMUR,KOTA KEDIRI,KOTA,KALIOMBO,KEDIRI
6099869490,,ODP-KDI-FBB/61,-7.822372,112.025849,,,10,6,0,0,16,REGIONAL 5,KEDIRI,KEDIRI,KDI,,,2024-03-16 23:23:23,2021-03-05,2021,3,NON TITO,,,JAWA TIMUR,0.375,GREEN,865038064,AREA 3,JATIM,MADIUN,KEDIRI,,,0,0,0,JAWA TIMUR,KOTA KEDIRI,KOTA,BANJARAN,KEDIRI
6099869484,,ODP-KDI-FBB/58,-7.82322,112.029654,,,12,4,0,0,16,REGIONAL 5,KEDIRI,KEDIRI,KDI,,,2024-03-16 23:23:05,2021-03-05,2021,3,NON TITO,,,JAWA TIMUR,0.25,GREEN,865038060,AREA 3,JATIM,MADIUN,KEDIRI,,,0,0,0,JAWA TIMUR,KOTA KEDIRI,PESANTREN,BURENGAN,KEDIRI
6028918542,,ODP-NDL-FP/10,-7.926805,111.946949,,,7,1,0,0,8,REGIONAL 5,KEDIRI,KEDIRI,NDL,,,2024-03-16 23:27:15,2021-02-17,2021,2,NON TITO,,,JAWA TIMUR,0.125,GREEN,861695604,AREA 3,JATIM,MADIUN,KEDIRI,,,0,0,0,JAWA TIMUR,KEDIRI,MOJO,KEDAWUNG,KEDIRI
5995171768,,ODP-PAE-FAE/30,-7.766516,112.156738,,,5,3,0,0,8,REGIONAL 5,KEDIRI,KEDIRI,PAE,,,2024-03-16 23:23:50,2021-02-11,2021,2,NON TITO,,,JAWA TIMUR,0.375,GREEN,861539182,AREA 3,JATIM,MADIUN,KEDIRI,,,0,0,0,JAWA TIMUR,KEDIRI,PARE,BENDO,KEDIRI
5894449246,,ODP-KDI-FBG/23,-7.812369,112.049981,,,5,3,0,0,8,REGIONAL 5,KEDIRI,KEDIRI,KDI,,,2024-03-16 23:26:56,2021-01-27,2021,1,NON TITO,,,JAWA TIMUR,0.375,GREEN,860684793,AREA 3,JATIM,MADIUN,KEDIRI,,,0,0,0,JAWA TIMUR,KEDIRI,NGASEM,SUKOREJO,KEDIRI
5894449239,,ODP-KDI-FBG/22,-7.813029,112.049535,,,12,4,0,0,16,REGIONAL 5,KEDIRI,KEDIRI,KDI,,,2024-03-16 23:26:55,2021-01-27,2021,1,NON TITO,,,JAWA TIMUR,0.25,GREEN,860684785,AREA 3,JATIM,MADIUN,KEDIRI,,,0,0,0,JAWA TIMUR,KEDIRI,NGASEM,SUKOREJO,KEDIRI
5894449194,,ODP-KDI-FBG/19,-7.813495,112.047859,,,5,3,0,0,8,REGIONAL 5,KEDIRI,KEDIRI,KDI,,,2024-03-16 23:26:53,2021-01-27,2021,1,NON TITO,,,JAWA TIMUR,0.375,GREEN,860684755,AREA 3,JATIM,MADIUN,KEDIRI,,,0,0,0,JAWA TIMUR,KEDIRI,NGASEM,SUKOREJO,KEDIRI
6132868528,,ODP-NDL-FL/24,-7.917922,112.020152,,,5,3,0,0,8,REGIONAL 5,KEDIRI,KEDIRI,NDL,,,2024-03-16 23:28:29,2021-03-09,2021,3,NON TITO,,,JAWA TIMUR,0.375,GREEN,865545130,AREA 3,JATIM,MADIUN,KEDIRI,,,0,0,0,JAWA TIMUR,KEDIRI,NGADILUWIH,DUKUH,KEDIRI
5894449189,,ODP-KDI-FBG/29,-7.813409,112.049386,,,5,3,0,0,8,REGIONAL 5,KEDIRI,KEDIRI,KDI,,,2024-03-16 23:26:01,2021-01-27,2021,1,NON TITO,,,JAWA TIMUR,0.375,GREEN,860684752,AREA 3,JATIM,MADIUN,KEDIRI,,,0,0,0,JAWA TIMUR,KEDIRI,NGASEM,SUKOREJO,KEDIRI
5918369253,,ODP-PAE-FL/43,-7.777791,112.202263,,,5,3,0,0,8,REGIONAL 5,KEDIRI,KEDIRI,PAE,,,2024-03-16 23:22:22,2021-01-27,2021,1,NON TITO,,,JAWA TIMUR,0.375,GREEN,860677769,AREA 3,JATIM,MADIUN,KEDIRI,,,0,0,0,JAWA TIMUR,KEDIRI,PARE,PARE,KEDIRI
5918369243,,ODP-PAE-FL/49,-7.777443,112.185,,,6,2,0,0,8,REGIONAL 5,KEDIRI,KEDIRI,PAE,,,2024-03-16 23:22:22,2021-01-27,2021,1,NON TITO,,,JAWA TIMUR,0.25,GREEN,860677762,AREA 3,JATIM,MADIUN,KEDIRI,,,0,0,0,JAWA TIMUR,KEDIRI,PARE,GEDANGSEWU,KEDIRI
5918369218,,ODP-PAE-FL/48,-7.778258,112.18792,,,11,5,0,0,16,REGIONAL 5,KEDIRI,KEDIRI,PAE,,,2024-03-16 23:21:08,2021-01-27,2021,1,NON TITO,,,JAWA TIMUR,0.3125,GREEN,860677741,AREA 3,JATIM,MADIUN,KEDIRI,,,0,0,0,JAWA TIMUR,KEDIRI,PARE,GEDANGSEWU,KEDIRI
5898869105,,ODP-PAE-FAC/11,-7.773839,112.126573,,,7,1,0,0,8,REGIONAL 5,KEDIRI,KEDIRI,PAE,,,2024-03-16 23:26:32,2021-01-26,2021,1,NON TITO,,,JAWA TIMUR,0.125,GREEN,860533903,AREA 3,JATIM,MADIUN,KEDIRI,,,0,0,0,JAWA TIMUR,KEDIRI,PARE,SAMBIREJO,KEDIRI
5885833111,,ODP-PAE-FZ/21,-7.722389,112.202783,,,5,3,0,0,8,REGIONAL 5,KEDIRI,KEDIRI,PAE,,,2024-03-16 23:26:18,2021-01-25,2021,1,NON TITO,,,JAWA TIMUR,0.375,GREEN,860521502,AREA 3,JATIM,MADIUN,KEDIRI,,,0,0,0,JAWA TIMUR,KEDIRI,BADAS,TUNGLUR,KEDIRI
5884701341,,ODP-KDI-FAJ/68,-7.814284,112.013751,,,6,2,0,0,8,REGIONAL 5,KEDIRI,KEDIRI,KDI,,,2024-03-16 23:29:07,2021-01-23,2021,1,NON TITO,,,JAWA TIMUR,0.25,GREEN,860326705,AREA 3,JATIM,MADIUN,KEDIRI,,,0,0,0,JAWA TIMUR,KOTA KEDIRI,KOTA,POCANAN,KEDIRI
5883873104,,ODP-PAE-FAG/14,-7.771288,112.175221,,,5,3,0,0,8,REGIONAL 5,KEDIRI,KEDIRI,PAE,,,2024-03-16 23:27:06,2021-01-22,2021,1,NON TITO,,,JAWA TIMUR,0.375,GREEN,860306511,AREA 3,JATIM,MADIUN,KEDIRI,,,0,0,0,JAWA TIMUR,KEDIRI,PARE,SUMBERBENDO,KEDIRI
5884318917,,ODP-GUR-FH/42,-7.760506,112.086505,,,5,3,0,0,8,REGIONAL 5,KEDIRI,KEDIRI,GUR,,,2024-03-16 23:24:22,2021-01-19,2021,1,NON TITO,,,JAWA TIMUR,0.375,GREEN,860111895,AREA 3,JATIM,MADIUN,KEDIRI,,,0,0,0,JAWA TIMUR,KEDIRI,PAGU,PAGU,KEDIRI
5884927623,,ODP-KDI-FD/09,-7.790152,112.030496,,,7,1,0,0,8,REGIONAL 5,KEDIRI,KEDIRI,KDI,,,2024-03-16 23:28:55,2021-01-27,2021,1,NON TITO,,,JAWA TIMUR,0.125,GREEN,860678367,AREA 3,JATIM,MADIUN,KEDIRI,,,0,0,0,JAWA TIMUR,KEDIRI,NGASEM,KWADUNGAN,KEDIRI
6140370009,,ODP-MJT-FP/29,-7.817209,111.989141,,,6,2,0,0,8,REGIONAL 5,KEDIRI,KEDIRI,MJT,,,2024-03-16 23:27:06,2021-03-23,2021,3,NON TITO,,,JAWA TIMUR,0.25,GREEN,867425097,AREA 3,JATIM,MADIUN,KEDIRI,,,0,0,0,JAWA TIMUR,KOTA KEDIRI,MOJOROTO,CAMPUREJO,KEDIRI
6192870389,,ODP-PPR-FB/24,-7.69563,112.122597,,,7,1,0,0,8,REGIONAL 5,KEDIRI,KEDIRI,PPR,,,2024-03-16 23:21:50,2021-03-25,2021,3,NON TITO,,,JAWA TIMUR,0.125,GREEN,867451528,AREA 3,JATIM,MADIUN,KEDIRI,,,0,0,0,JAWA TIMUR,KEDIRI,PAPAR,KEPUH,KEDIRI
6248368846,,ODP-MJT-FD/26,-7.766118,111.951302,,,6,2,0,0,8,REGIONAL 5,KEDIRI,KEDIRI,MJT,,,2024-03-16 23:26:59,2021-04-01,2021,4,NON TITO,,,JAWA TIMUR,0.25,GREEN,869088198,AREA 3,JATIM,MADIUN,KEDIRI,,,0,0,0,JAWA TIMUR,KEDIRI,BANYAKAN,JATIREJO,KEDIRI
6906044371,,ODP-MJT-FAA/07,-7.795014,111.944041,,,6,2,0,0,8,REGIONAL 5,KEDIRI,KEDIRI,MJT,,,2024-03-16 23:29:14,2021-06-28,2021,6,NON TITO,,,JAWA TIMUR,0.25,GREEN,909123733,AREA 3,JATIM,MADIUN,KEDIRI,,,0,0,0,JAWA TIMUR,KEDIRI,BANYAKAN,TIRON,KEDIRI
6906044322,,ODP-MJT-FAA/09,-7.796956,111.94338,,,6,2,0,0,8,REGIONAL 5,KEDIRI,KEDIRI,MJT,,,2024-03-16 23:29:15,2021-06-28,2021,6,NON TITO,,,JAWA TIMUR,0.25,GREEN,909123691,AREA 3,JATIM,MADIUN,KEDIRI,,,0,0,0,JAWA TIMUR,KEDIRI,BANYAKAN,TIRON,KEDIRI
6914743596,,ODP-WAT-FB/32,-7.927005,112.127784,,,7,1,0,0,8,REGIONAL 5,KEDIRI,KEDIRI,WAT,,,2024-03-16 23:26:43,2021-06-28,2021,6,NON TITO,,,JAWA TIMUR,0.125,GREEN,909119839,AREA 3,JATIM,MADIUN,KEDIRI,,,0,0,0,JAWA TIMUR,KEDIRI,NGANCAR,KUNJANG,KEDIRI
6914743586,,ODP-WAT-FX/28,-7.842259,112.095553,,,6,2,0,0,8,REGIONAL 5,KEDIRI,KEDIRI,WAT,,,2024-03-16 23:25:37,2021-06-28,2021,6,NON TITO,,,JAWA TIMUR,0.25,GREEN,909119833,AREA 3,JATIM,MADIUN,KEDIRI,,,0,0,0,JAWA TIMUR,KEDIRI,GURAH,BOGEM,KEDIRI
6914743579,,ODP-PAE-FQ/36,-7.772993,112.198185,,,5,3,0,0,8,REGIONAL 5,KEDIRI,KEDIRI,PAE,,,2024-03-16 23:26:27,2021-06-28,2021,6,NON TITO,,,JAWA TIMUR,0.375,GREEN,909119827,AREA 3,JATIM,MADIUN,KEDIRI,,,0,0,0,JAWA TIMUR,KEDIRI,PARE,PARE,KEDIRI
6578594027,,ODP-MJT-FZ/32,-7.831498,112.005325,,,6,2,0,0,8,REGIONAL 5,KEDIRI,KEDIRI,MJT,,,2024-03-16 23:23:33,2021-06-02,2021,6,NON TITO,,,JAWA TIMUR,0.25,GREEN,887820491,AREA 3,JATIM,MADIUN,KEDIRI,,,0,0,0,JAWA TIMUR,KOTA KEDIRI,MOJOROTO,BANJAR MLATI,KEDIRI
6518668776,,ODP-WAT-FA/56,-7.914561,112.124552,,,7,1,0,0,8,REGIONAL 5,KEDIRI,KEDIRI,WAT,,,2024-03-16 23:24:43,2021-05-19,2021,5,NON TITO,,,JAWA TIMUR,0.125,GREEN,880399000,AREA 3,JATIM,MADIUN,KEDIRI,,,0,0,0,JAWA TIMUR,KEDIRI,WATES,WATES,KEDIRI
6454619179,,ODP-PAE-FN/27,-7.780004,112.226879,,,5,3,0,0,8,REGIONAL 5,KEDIRI,KEDIRI,PAE,,,2024-03-16 23:25:31,2021-05-08,2021,5,NON TITO,,,JAWA TIMUR,0.375,GREEN,878463500,AREA 3,JATIM,MADIUN,KEDIRI,,,0,0,0,JAWA TIMUR,KEDIRI,KEPUNG,KENCONG,KEDIRI
6374593784,,ODP-KDI-FAF/08,-7.885521,112.035702,,,7,1,0,0,8,REGIONAL 5,KEDIRI,KEDIRI,KDI,,,2024-03-16 23:29:16,2021-04-28,2021,4,NON TITO,,,JAWA TIMUR,0.125,GREEN,876569693,AREA 3,JATIM,MADIUN,KEDIRI,,,0,0,0,JAWA TIMUR,KEDIRI,KANDAT,BLABAK,KEDIRI
168689450,,ODP-KDI-FAL/06,-7.8136,112.0233,,,10,6,0,0,16,REGIONAL 5,KEDIRI,KEDIRI,KDI,,,2024-03-16 23:29:14,2016-03-17,2016,3,NON TITO,,,JAWA TIMUR,0.375,GREEN,10829828,AREA 3,JATIM,MADIUN,KEDIRI,,,0,0,0,JAWA TIMUR,KOTA KEDIRI,KOTA KEDIRI,NGADIREJO,KEDIRI
6329378880,,ODP-PAE-FA/42,-7.75677,112.181863,,,7,1,0,0,8,REGIONAL 5,KEDIRI,KEDIRI,PAE,,,2024-03-16 23:24:27,2021-04-23,2021,4,NON TITO,,,JAWA TIMUR,0.125,GREEN,874169545,AREA 3,JATIM,MADIUN,KEDIRI,,,0,0,0,JAWA TIMUR,KEDIRI,PARE,TULUNGREJO,KEDIRI
6329378559,,ODP-PAE-FK/23,-7.804806,112.145872,,,5,3,0,0,8,REGIONAL 5,KEDIRI,KEDIRI,PAE,,,2024-03-16 23:24:36,2021-04-23,2021,4,NON TITO,,,JAWA TIMUR,0.375,GREEN,873437525,AREA 3,JATIM,MADIUN,KEDIRI,,,0,0,0,JAWA TIMUR,KEDIRI,GURAH,TIRULOR,KEDIRI
6347443807,,ODP-GUR-FG/12,-7.752289,112.116313,,,5,3,0,0,8,REGIONAL 5,KEDIRI,KEDIRI,GUR,,,2024-03-16 23:28:57,2021-04-17,2021,4,NON TITO,,,JAWA TIMUR,0.375,GREEN,871351580,AREA 3,JATIM,MADIUN,KEDIRI,,,0,0,0,JAWA TIMUR,KEDIRI,KAYEN KIDUL,SUKOHARJO,KEDIRI
6339944501,,ODP-KDI-FF/35,-7.814289,112.030003,,,5,3,0,0,8,REGIONAL 5,KEDIRI,KEDIRI,KDI,,,2024-03-16 23:27:57,2021-04-15,2021,4,NON TITO,,,JAWA TIMUR,0.375,GREEN,871333085,AREA 3,JATIM,MADIUN,KEDIRI,,,0,0,0,JAWA TIMUR,KOTA KEDIRI,KOTA KEDIRI,NGADIREJO,KEDIRI
6326368542,,ODP-NDL-FH/35,-7.927142,112.020662,,,6,2,0,0,8,REGIONAL 5,KEDIRI,KEDIRI,NDL,,,2024-03-16 23:24:45,2021-04-13,2021,4,NON TITO,,,JAWA TIMUR,0.25,GREEN,871169541,AREA 3,JATIM,MADIUN,KEDIRI,,,0,0,0,JAWA TIMUR,KEDIRI,KANDAT,CENDONO,KEDIRI
6304169739,,ODP-PAE-FAK/15,-7.760649,112.194895,,,5,3,0,0,8,REGIONAL 5,KEDIRI,KEDIRI,PAE,,,2024-03-16 23:26:21,2021-04-12,2021,4,NON TITO,,,JAWA TIMUR,0.375,GREEN,870608117,AREA 3,JATIM,MADIUN,KEDIRI,,,0,0,0,JAWA TIMUR,KEDIRI,PARE,TULUNGREJO,KEDIRI
6251670400,,ODP-PAE-FAK/14,-7.759729,112.196185,,,7,1,0,0,8,REGIONAL 5,KEDIRI,KEDIRI,PAE,,,2024-03-16 23:25:32,2021-04-09,2021,4,NON TITO,,,JAWA TIMUR,0.125,GREEN,870580726,AREA 3,JATIM,MADIUN,KEDIRI,,,0,0,0,JAWA TIMUR,KEDIRI,PARE,TULUNGREJO,KEDIRI
6251594363,,ODP-KDI-FBJ/34,-7.822096,112.052132,,,6,2,0,0,8,REGIONAL 5,KEDIRI,KEDIRI,KDI,,,2024-03-16 23:23:05,2021-04-06,2021,4,NON TITO,,,JAWA TIMUR,0.25,GREEN,869842021,AREA 3,JATIM,MADIUN,KEDIRI,,,0,0,0,JAWA TIMUR,KEDIRI,NGASEM,GOGORANTE,KEDIRI
6251594333,,ODP-KDI-FBJ/33,-7.821354,112.052411,,,6,2,0,0,8,REGIONAL 5,KEDIRI,KEDIRI,KDI,,,2024-03-16 23:23:29,2021-04-06,2021,4,NON TITO,,,JAWA TIMUR,0.25,GREEN,869842003,AREA 3,JATIM,MADIUN,KEDIRI,,,0,0,0,JAWA TIMUR,KEDIRI,NGASEM,GOGORANTE,KEDIRI
3751926933,,ODP-KDI-FBB/52,-7.828368,112.037766,,,10,6,0,0,16,REGIONAL 5,KEDIRI,KEDIRI,KDI,,,2024-03-16 23:22:57,2019-08-06,2019,8,NON TITO,,,JAWA TIMUR,0.375,GREEN,642841876,AREA 3,JATIM,MADIUN,KEDIRI,,,0,0,0,JAWA TIMUR,KOTA KEDIRI,PESANTREN,BANGSAL,KEDIRI
3751926528,,ODP-KDI-FBL/03,-7.812775,112.022984,,,5,3,0,0,8,REGIONAL 5,KEDIRI,KEDIRI,KDI,,,2024-03-16 23:23:04,2019-08-06,2019,8,NON TITO,,,JAWA TIMUR,0.375,GREEN,642766421,AREA 3,JATIM,MADIUN,KEDIRI,,,0,0,0,JAWA TIMUR,KOTA KEDIRI,KOTA KEDIRI,NGADIREJO,KEDIRI
3751018843,,ODP-PAE-FAK/10,-7.758325,112.191418,,,5,3,0,0,8,REGIONAL 5,KEDIRI,KEDIRI,PAE,,,2024-03-16 23:24:28,2019-08-02,2019,8,NON TITO,,,JAWA TIMUR,0.375,GREEN,642698295,AREA 3,JATIM,MADIUN,KEDIRI,,,0,0,0,JAWA TIMUR,KEDIRI,PARE,TULUNGREJO,KEDIRI
3751544135,,ODP-KDI-FBA/17,-7.837709,112.048114,,,6,2,0,0,8,REGIONAL 5,KEDIRI,KEDIRI,KDI,,,2024-03-16 23:25:17,2019-08-02,2019,8,NON TITO,,,JAWA TIMUR,0.25,GREEN,642633237,AREA 3,JATIM,MADIUN,KEDIRI,,,0,0,0,JAWA TIMUR,KOTA KEDIRI,PESANTREN,BANGSAL,KEDIRI
2965918919,,ODP-KDI-FAQ/18,-7.787316,112.02891,,,5,3,0,0,8,REGIONAL 5,KEDIRI,KEDIRI,KDI,,,2024-03-16 23:23:21,2018-09-27,2018,9,NON TITO,,,JAWA TIMUR,0.375,GREEN,404404308,AREA 3,JATIM,MADIUN,KEDIRI,,,0,0,0,JAWA TIMUR,KEDIRI,NGASEM,KWADUNGAN,KEDIRI
2965918718,,ODP-KDI-FAY/17,-7.841089,112.031917,,,6,2,0,0,8,REGIONAL 5,KEDIRI,KEDIRI,KDI,,,2024-03-16 23:22:39,2018-09-27,2018,9,NON TITO,,,JAWA TIMUR,0.25,GREEN,404404136,AREA 3,JATIM,MADIUN,KEDIRI,,,0,0,0,JAWA TIMUR,KOTA KEDIRI,KOTA,NGRONGGO,KEDIRI
338174275,,ODP-PAE-FN/06,-7.781305,112.223835,,,10,6,0,0,16,REGIONAL 5,KEDIRI,KEDIRI,PAE,,,2024-03-16 23:23:54,2016-05-04,2016,5,NON TITO,,,JAWA TIMUR,0.375,GREEN,21372691,AREA 3,JATIM,MADIUN,KEDIRI,,,0,0,0,JAWA TIMUR,KEDIRI,KEPUNG,KRENCENG,KEDIRI
2877719101,,ODP-KDI-FBH/13,-7.810176,112.051692,,,5,3,0,0,8,REGIONAL 5,KEDIRI,KEDIRI,KDI,,,2024-03-16 23:29:18,2018-09-06,2018,9,NON TITO,,,JAWA TIMUR,0.375,GREEN,390024166,AREA 3,JATIM,MADIUN,KEDIRI,,,0,0,0,JAWA TIMUR,KEDIRI,NGASEM,SUKOREJO,KEDIRI
2877719029,,ODP-KDI-FBH/17,-7.816004,112.057792,,,6,2,0,0,8,REGIONAL 5,KEDIRI,KEDIRI,KDI,,,2024-03-16 23:29:08,2018-09-06,2018,9,NON TITO,,,JAWA TIMUR,0.25,GREEN,390024063,AREA 3,JATIM,MADIUN,KEDIRI,,,0,0,0,JAWA TIMUR,KEDIRI,NGASEM,GOGORANTE,KEDIRI
338323985,,ODP-PAE-FV/03,-7.813853,112.221007,,,6,2,0,0,8,REGIONAL 5,KEDIRI,KEDIRI,PAE,,,2024-03-16 23:28:11,2016-05-04,2016,5,NON TITO,,,JAWA TIMUR,0.25,GREEN,21445810,AREA 3,JATIM,MADIUN,KEDIRI,,,0,0,0,JAWA TIMUR,KEDIRI,PUNCU,MANGGIS,KEDIRI
338324033,,ODP-PAE-FF/27,-7.752709,112.180125,,,5,3,0,0,8,REGIONAL 5,KEDIRI,KEDIRI,PAE,,,2024-03-16 23:28:15,2016-05-04,2016,5,NON TITO,,,JAWA TIMUR,0.375,GREEN,21445876,AREA 3,JATIM,MADIUN,KEDIRI,,,0,0,0,JAWA TIMUR,KEDIRI,PARE,TULUNGREJO,KEDIRI
338174246,,ODP-PAE-FN/02,-7.777768,112.232131,,,14,2,0,0,16,REGIONAL 5,KEDIRI,KEDIRI,PAE,,,2024-03-16 23:23:48,2016-05-04,2016,5,NON TITO,,,JAWA TIMUR,0.125,GREEN,21445923,AREA 3,JATIM,MADIUN,KEDIRI,,,0,0,0,JAWA TIMUR,KEDIRI,KEPUNG,KENCONG,KEDIRI
2965919090,,ODP-KDI-FAY/03,-7.840036,112.029113,,,5,3,0,0,8,REGIONAL 5,KEDIRI,KEDIRI,KDI,,,2024-03-16 23:23:30,2018-09-27,2018,9,NON TITO,,,JAWA TIMUR,0.375,GREEN,404404454,AREA 3,JATIM,MADIUN,KEDIRI,,,0,0,0,JAWA TIMUR,KOTA KEDIRI,KOTA,NGRONGGO,KEDIRI
338324067,,ODP-PAE-FF/31,-7.750492,112.180548,,,15,1,0,0,16,REGIONAL 5,KEDIRI,KEDIRI,PAE,,,2024-03-16 23:28:25,2016-05-04,2016,5,NON TITO,,,JAWA TIMUR,0.0625,GREEN,21445952,AREA 3,JATIM,MADIUN,KEDIRI,,,0,0,0,JAWA TIMUR,KEDIRI,PARE,TULUNGREJO,KEDIRI
2877718719,,ODP-KDI-FBH/19,-7.814018,112.056439,,,5,3,0,0,8,REGIONAL 5,KEDIRI,KEDIRI,KDI,,,2024-03-16 23:29:09,2018-09-06,2018,9,NON TITO,,,JAWA TIMUR,0.375,GREEN,390023631,AREA 3,JATIM,MADIUN,KEDIRI,,,0,0,0,JAWA TIMUR,KEDIRI,NGASEM,GOGORANTE,KEDIRI
2876519698,,ODP-KDI-FBJ/09,-7.821771,112.05227,,,7,1,0,0,8,REGIONAL 5,KEDIRI,KEDIRI,KDI,,,2024-03-16 23:24:15,2018-09-06,2018,9,NON TITO,,,JAWA TIMUR,0.125,GREEN,390022833,AREA 3,JATIM,MADIUN,KEDIRI,,,0,0,0,JAWA TIMUR,KEDIRI,NGASEM,GOGORANTE,KEDIRI
2880793797,,ODP-KDI-FAZ/08,-7.755132,112.040112,,,5,3,0,0,8,REGIONAL 5,KEDIRI,KEDIRI,KDI,,,2024-03-16 23:27:49,2018-09-06,2018,9,NON TITO,,,JAWA TIMUR,0.375,GREEN,390021559,AREA 3,JATIM,MADIUN,KEDIRI,,,0,0,0,JAWA TIMUR,KEDIRI,GAMPENGREJO,PLOSOREJO,KEDIRI
2876220697,,ODP-KDI-FBA/03,-7.831586,112.059843,,,10,6,0,0,16,REGIONAL 5,KEDIRI,KEDIRI,KDI,,,2024-03-16 23:23:46,2018-09-05,2018,9,NON TITO,,,JAWA TIMUR,0.375,GREEN,390017292,AREA 3,JATIM,MADIUN,KEDIRI,,,0,0,0,JAWA TIMUR,KEDIRI,NGASEM,TUGUREJO,KEDIRI
2877794222,,ODP-KDI-FAE/60,-7.849972,112.032283,,,5,3,0,0,8,REGIONAL 5,KEDIRI,KEDIRI,KDI,,,2024-03-16 23:24:04,2018-09-05,2018,9,NON TITO,,,JAWA TIMUR,0.375,GREEN,390014695,AREA 3,JATIM,MADIUN,KEDIRI,,,0,0,0,JAWA TIMUR,KOTA KEDIRI,KOTA KEDIRI,NGRONGGO,KEDIRI
2877793971,,ODP-KDI-FBD/06,-7.834665,112.015794,,,5,3,0,0,8,REGIONAL 5,KEDIRI,KEDIRI,KDI,,,2024-03-16 23:24:04,2018-09-05,2018,9,NON TITO,,,JAWA TIMUR,0.375,GREEN,390014285,AREA 3,JATIM,MADIUN,KEDIRI,,,0,0,0,JAWA TIMUR,KOTA KEDIRI,KOTA,KALIOMBO,KEDIRI
2877793820,,ODP-KDI-FAH/39,-7.818023,112.011455,,,7,1,0,0,8,REGIONAL 5,KEDIRI,KEDIRI,KDI,,,2024-03-16 23:21:06,2018-09-05,2018,9,NON TITO,,,JAWA TIMUR,0.125,GREEN,390014028,AREA 3,JATIM,MADIUN,KEDIRI,,,0,0,0,JAWA TIMUR,KOTA KEDIRI,KOTA,SETONOGEDONG,KEDIRI
2877268748,,ODP-KDI-FAH/34,-7.817613,112.013976,,,5,3,0,0,8,REGIONAL 5,KEDIRI,KEDIRI,KDI,,,2024-03-16 23:23:29,2018-09-05,2018,9,NON TITO,,,JAWA TIMUR,0.375,GREEN,390013121,AREA 3,JATIM,MADIUN,KEDIRI,,,0,0,0,JAWA TIMUR,KOTA KEDIRI,KOTA,KEMASAN,KEDIRI
338174299,,ODP-PAE-FN/09,-7.783502,112.216435,,,5,3,0,0,8,REGIONAL 5,KEDIRI,KEDIRI,PAE,,,2024-03-16 23:23:57,2016-05-04,2016,5,NON TITO,,,JAWA TIMUR,0.375,GREEN,21445992,AREA 3,JATIM,MADIUN,KEDIRI,,,0,0,0,JAWA TIMUR,KEDIRI,KEPUNG,KRENCENG,KEDIRI
2867293889,,ODP-KDI-FBF/24,-7.796441,112.0425,,,5,3,0,0,8,REGIONAL 5,KEDIRI,KEDIRI,KDI,,,2024-03-16 23:26:51,2018-09-04,2018,9,NON TITO,,,JAWA TIMUR,0.375,GREEN,389866015,AREA 3,JATIM,MADIUN,KEDIRI,,,0,0,0,JAWA TIMUR,KEDIRI,NGASEM,NGASEM,KEDIRI
2965919348,,ODP-KDI-FAY/06,-7.840099,112.030304,,,7,1,0,0,8,REGIONAL 5,KEDIRI,KEDIRI,KDI,,,2024-03-16 23:23:26,2018-09-27,2018,9,NON TITO,,,JAWA TIMUR,0.125,GREEN,404404688,AREA 3,JATIM,MADIUN,KEDIRI,,,0,0,0,JAWA TIMUR,KOTA KEDIRI,KOTA,NGRONGGO,KEDIRI
2965919659,,ODP-KDI-FAQ/19,-7.791856,112.029393,,,5,3,0,0,8,REGIONAL 5,KEDIRI,KEDIRI,KDI,,,2024-03-16 23:23:20,2018-09-27,2018,9,NON TITO,,,JAWA TIMUR,0.375,GREEN,404405040,AREA 3,JATIM,MADIUN,KEDIRI,,,0,0,0,JAWA TIMUR,KEDIRI,NGASEM,KWADUNGAN,KEDIRI
340272945,,ODP-KDI-FG/13,-7.827578,112.028437,,,11,5,0,0,16,REGIONAL 5,KEDIRI,KEDIRI,KDI,,,2024-03-16 23:23:57,2016-05-03,2016,5,NON TITO,,,JAWA TIMUR,0.3125,GREEN,21065845,AREA 3,JATIM,MADIUN,KEDIRI,,,0,0,0,JAWA TIMUR,KOTA KEDIRI,PESANTREN,BURENGAN,KEDIRI
340272991,,ODP-KDI-FG/16,-7.829159,112.031285,,,7,1,0,0,8,REGIONAL 5,KEDIRI,KEDIRI,KDI,,,2024-03-16 23:24:27,2016-05-03,2016,5,NON TITO,,,JAWA TIMUR,0.125,GREEN,21065941,AREA 3,JATIM,MADIUN,KEDIRI,,,0,0,0,JAWA TIMUR,KOTA KEDIRI,PESANTREN,BANARAN,KEDIRI
340272998,,ODP-KDI-FG/17,-7.829968,112.029755,,,10,6,0,0,16,REGIONAL 5,KEDIRI,KEDIRI,KDI,,,2024-03-16 23:23:48,2016-05-03,2016,5,NON TITO,,,JAWA TIMUR,0.375,GREEN,21065971,AREA 3,JATIM,MADIUN,KEDIRI,,,0,0,0,JAWA TIMUR,KOTA KEDIRI,PESANTREN,BANARAN,KEDIRI
3113969253,,ODP-KDI-FBG/03,-7.807567,112.043381,,,15,1,0,0,16,REGIONAL 5,KEDIRI,KEDIRI,KDI,,,2024-03-16 23:29:02,2018-11-22,2018,11,NON TITO,,,JAWA TIMUR,0.0625,GREEN,406333129,AREA 3,JATIM,MADIUN,KEDIRI,,,0,0,0,JAWA TIMUR,KEDIRI,NGASEM,SUKOREJO,KEDIRI
3106170097,,ODP-KDI-FG/67,-7.831912,112.044038,,,11,5,0,0,16,REGIONAL 5,KEDIRI,KEDIRI,KDI,,,2024-03-16 23:28:09,2018-11-16,2018,11,NON TITO,,,JAWA TIMUR,0.3125,GREEN,406300939,AREA 3,JATIM,MADIUN,KEDIRI,,,0,0,0,JAWA TIMUR,KOTA KEDIRI,PESANTREN,BANGSAL,KEDIRI
3106094126,,ODP-KDI-FBK/24,-7.816415,112.045539,,,10,6,0,0,16,REGIONAL 5,KEDIRI,KEDIRI,KDI,,,2024-03-16 23:25:22,2018-11-16,2018,11,NON TITO,,,JAWA TIMUR,0.375,GREEN,406300494,AREA 3,JATIM,MADIUN,KEDIRI,,,0,0,0,JAWA TIMUR,KEDIRI,NGASEM,DOKO,KEDIRI
3106093930,,ODP-KDI-FBK/19,-7.808187,112.040499,,,10,6,0,0,16,REGIONAL 5,KEDIRI,KEDIRI,KDI,,,2024-03-16 23:25:07,2018-11-16,2018,11,NON TITO,,,JAWA TIMUR,0.375,GREEN,406300285,AREA 3,JATIM,MADIUN,KEDIRI,,,0,0,0,JAWA TIMUR,KEDIRI,NGASEM,DOKO,KEDIRI
3085169672,,ODP-MJT-FJ/53,-7.825077,111.986094,,,6,2,0,0,8,REGIONAL 5,KEDIRI,KEDIRI,MJT,,,2024-03-16 23:21:18,2018-11-08,2018,11,NON TITO,,,JAWA TIMUR,0.25,GREEN,406138241,AREA 3,JATIM,MADIUN,KEDIRI,,,0,0,0,JAWA TIMUR,KOTA KEDIRI,MOJOROTO,CAMPUREJO,KEDIRI
2965919371,,ODP-KDI-FAQ/15,-7.779512,112.029974,,,6,2,0,0,8,REGIONAL 5,KEDIRI,KEDIRI,KDI,,,2024-03-16 23:23:27,2018-09-27,2018,9,NON TITO,,,JAWA TIMUR,0.25,GREEN,404404705,AREA 3,JATIM,MADIUN,KEDIRI,,,0,0,0,JAWA TIMUR,KEDIRI,GAMPENGREJO,SAMBIREJO,KEDIRI
3074671186,,ODP-KDI-FBH/24,-7.813992,112.056393,,,14,2,0,0,16,REGIONAL 5,KEDIRI,KEDIRI,KDI,,,2024-03-16 23:29:18,2018-11-07,2018,11,NON TITO,,,JAWA TIMUR,0.125,GREEN,406105898,AREA 3,JATIM,MADIUN,KEDIRI,,,0,0,0,JAWA TIMUR,KEDIRI,NGASEM,GOGORANTE,KEDIRI
3019769518,,ODP-MJT-FAP/08,-7.822898,111.987017,,,5,3,0,0,8,REGIONAL 5,KEDIRI,KEDIRI,MJT,,,2024-03-16 23:25:40,2018-10-22,2018,10,NON TITO,,,JAWA TIMUR,0.375,GREEN,405860990,AREA 3,JATIM,MADIUN,KEDIRI,,,0,0,0,JAWA TIMUR,KOTA KEDIRI,MOJOROTO,CAMPUREJO,KEDIRI
3045943809,,ODP-KAA-FA/25,-7.783886,112.3092,,,5,3,0,0,8,REGIONAL 5,KEDIRI,KEDIRI,KAA,,,2024-03-16 23:26:20,2018-10-29,2018,10,NON TITO,,,JAWA TIMUR,0.375,GREEN,405826021,AREA 3,JATIM,MADIUN,KEDIRI,,,0,0,0,JAWA TIMUR,MALANG,KASEMBON,SUKOSARI,KEDIRI
3046394035,,ODP-MJT-FAE/30,-7.804139,112.002417,,,6,2,0,0,8,REGIONAL 5,KEDIRI,KEDIRI,MJT,,,2024-03-16 23:25:38,2018-10-24,2018,10,NON TITO,,,JAWA TIMUR,0.25,GREEN,405799249,AREA 3,JATIM,MADIUN,KEDIRI,,,0,0,0,JAWA TIMUR,KOTA KEDIRI,MOJOROTO,MOJOROTO,KEDIRI
3039793534,,ODP-MJT-FAJ/08,-7.81101,112.000722,,,5,3,0,0,8,REGIONAL 5,KEDIRI,KEDIRI,MJT,,,2024-03-16 23:29:14,2018-10-20,2018,10,NON TITO,,,JAWA TIMUR,0.375,GREEN,405776819,AREA 3,JATIM,MADIUN,KEDIRI,,,0,0,0,JAWA TIMUR,KOTA KEDIRI,MOJOROTO,MOJOROTO,KEDIRI
2991046507,,ODP-KDI-FAH/45,-7.825719,112.01294,,,6,2,0,0,8,REGIONAL 5,KEDIRI,KEDIRI,KDI,,,2024-03-16 23:24:52,2018-10-09,2018,10,NON TITO,,,JAWA TIMUR,0.25,GREEN,405140065,AREA 3,JATIM,MADIUN,KEDIRI,,,0,0,0,JAWA TIMUR,KOTA KEDIRI,KOTA,KAMPUNG DALEM,KEDIRI
2987368970,,ODP-KDI-FN/19,-7.773828,112.038753,,,6,2,0,0,8,REGIONAL 5,KEDIRI,KEDIRI,KDI,,,2024-03-16 23:23:24,2018-10-06,2018,10,NON TITO,,,JAWA TIMUR,0.25,GREEN,405130945,AREA 3,JATIM,MADIUN,KEDIRI,,,0,0,0,JAWA TIMUR,KEDIRI,GAMPENGREJO,SAMBIRESIK,KEDIRI
2987368960,,ODP-KDI-FN/17,-7.775962,112.035342,,,5,3,0,0,8,REGIONAL 5,KEDIRI,KEDIRI,KDI,,,2024-03-16 23:23:10,2018-10-06,2018,10,NON TITO,,,JAWA TIMUR,0.375,GREEN,405130939,AREA 3,JATIM,MADIUN,KEDIRI,,,0,0,0,JAWA TIMUR,KEDIRI,GAMPENGREJO,SAMBIRESIK,KEDIRI
2987368955,,ODP-KDI-FAA/77,-7.756994,112.03075,,,5,3,0,0,8,REGIONAL 5,KEDIRI,KEDIRI,KDI,,,2024-03-16 23:23:09,2018-10-06,2018,10,NON TITO,,,JAWA TIMUR,0.375,GREEN,405130936,AREA 3,JATIM,MADIUN,KEDIRI,,,0,0,0,JAWA TIMUR,KEDIRI,GAMPENGREJO,NGEBRAK,KEDIRI
3083669929,,ODP-MJT-FL/55,-7.807,112.002407,,,4,3,0,0,8,REGIONAL 5,KEDIRI,KEDIRI,MJT,,,2024-03-16 23:26:55,2018-11-08,2018,11,NON TITO,,,JAWA TIMUR,0.375,GREEN,406031890,AREA 3,JATIM,MADIUN,KEDIRI,,,0,0,0,JAWA TIMUR,KOTA KEDIRI,MOJOROTO,MOJOROTO,KEDIRI
2861596894,,ODP-KDI-FX/74,-7.851122,112.027169,,,7,1,0,0,8,REGIONAL 5,KEDIRI,KEDIRI,KDI,,,2024-03-16 23:27:17,2018-09-04,2018,9,NON TITO,,,JAWA TIMUR,0.125,GREEN,389863794,AREA 3,JATIM,MADIUN,KEDIRI,,,0,0,0,JAWA TIMUR,KOTA KEDIRI,KOTA,REJOMULYO,KEDIRI
2861596619,,ODP-KDI-FX/80,-7.844351,112.025599,,,6,2,0,0,8,REGIONAL 5,KEDIRI,KEDIRI,KDI,,,2024-03-16 23:26:56,2018-09-04,2018,9,NON TITO,,,JAWA TIMUR,0.25,GREEN,389863647,AREA 3,JATIM,MADIUN,KEDIRI,,,0,0,0,JAWA TIMUR,KOTA KEDIRI,KOTA KEDIRI,NGRONGGO,KEDIRI
2877719173,,ODP-KDI-FBH/04,-7.81331,112.048198,,,6,2,0,0,8,REGIONAL 5,KEDIRI,KEDIRI,KDI,,,2024-03-16 23:29:19,2018-09-06,2018,9,NON TITO,,,JAWA TIMUR,0.25,GREEN,389842974,AREA 3,JATIM,MADIUN,KEDIRI,,,0,0,0,JAWA TIMUR,KEDIRI,NGASEM,SUKOREJO,KEDIRI
2537301055,,ODP-PAE-FZ/15,-7.710109,112.210057,,,6,2,0,0,8,REGIONAL 5,KEDIRI,KEDIRI,PAE,,,2024-03-16 23:23:54,2018-05-24,2018,5,NON TITO,,,JAWA TIMUR,0.25,GREEN,354612454,AREA 3,JATIM,MADIUN,KEDIRI,,,0,0,0,JAWA TIMUR,KEDIRI,BADAS,BADAS,KEDIRI
2514869637,,ODP-KDI-FE/20,-7.79883,112.043869,,,6,2,0,0,8,REGIONAL 5,KEDIRI,KEDIRI,KDI,,,2024-03-16 23:23:57,2018-05-21,2018,5,NON TITO,,,JAWA TIMUR,0.25,GREEN,354279784,AREA 3,JATIM,MADIUN,KEDIRI,,,0,0,0,JAWA TIMUR,KEDIRI,NGASEM,NGASEM,KEDIRI
2514869426,,ODP-MJT-FM/53,-7.814907,112.00346,,,7,1,0,0,8,REGIONAL 5,KEDIRI,KEDIRI,MJT,,,2024-03-16 23:23:34,2018-05-21,2018,5,NON TITO,,,JAWA TIMUR,0.125,GREEN,354279597,AREA 3,JATIM,MADIUN,KEDIRI,,,0,0,0,JAWA TIMUR,KOTA KEDIRI,MOJOROTO,BANDAR LOR,KEDIRI
2514869139,,ODP-KDI-FE/24,-7.799928,112.045655,,,6,2,0,0,8,REGIONAL 5,KEDIRI,KEDIRI,KDI,,,2024-03-16 23:23:22,2018-05-21,2018,5,NON TITO,,,JAWA TIMUR,0.25,GREEN,354279194,AREA 3,JATIM,MADIUN,KEDIRI,,,0,0,0,JAWA TIMUR,KEDIRI,NGASEM,NGASEM,KEDIRI
2514869004,,ODP-MJT-FM/54,-7.816963,112.002862,,,5,3,0,0,8,REGIONAL 5,KEDIRI,KEDIRI,MJT,,,2024-03-16 23:23:36,2018-05-21,2018,5,NON TITO,,,JAWA TIMUR,0.375,GREEN,354279014,AREA 3,JATIM,MADIUN,KEDIRI,,,0,0,0,JAWA TIMUR,KOTA KEDIRI,MOJOROTO,BANDAR LOR,KEDIRI
2509694167,,ODP-KDI-FD/06,-7.784111,112.013111,,,5,3,0,0,8,REGIONAL 5,KEDIRI,KEDIRI,KDI,,,2024-03-16 23:23:37,2018-05-15,2018,5,NON TITO,,,JAWA TIMUR,0.375,GREEN,354215442,AREA 3,JATIM,MADIUN,KEDIRI,,,0,0,0,JAWA TIMUR,KEDIRI,GAMPENGREJO,PUTIH,KEDIRI
2510219297,,ODP-MJT-FB/29,-7.74698,111.964347,,,5,3,0,0,8,REGIONAL 5,KEDIRI,KEDIRI,MJT,,,2024-03-16 23:21:09,2018-05-15,2018,5,NON TITO,,,JAWA TIMUR,0.375,GREEN,354211092,AREA 3,JATIM,MADIUN,KEDIRI,,,0,0,0,JAWA TIMUR,KEDIRI,GROGOL,GROGOL,KEDIRI
2513294936,,ODP-MJT-FB/47,-7.755384,111.951966,,,6,2,0,0,8,REGIONAL 5,KEDIRI,KEDIRI,MJT,,,2024-03-16 23:23:29,2018-05-15,2018,5,NON TITO,,,JAWA TIMUR,0.25,GREEN,354208565,AREA 3,JATIM,MADIUN,KEDIRI,,,0,0,0,JAWA TIMUR,KEDIRI,GROGOL,GROGOL,KEDIRI
2566393652,,ODP-KDI-FBK/11,-7.817598,112.0419,,,5,3,0,0,8,REGIONAL 5,KEDIRI,KEDIRI,KDI,,,2024-03-16 23:26:00,2018-05-25,2018,5,NON TITO,,,JAWA TIMUR,0.375,GREEN,356498043,AREA 3,JATIM,MADIUN,KEDIRI,,,0,0,0,JAWA TIMUR,KEDIRI,NGASEM,DOKO,KEDIRI
2513294712,,ODP-MJT-FB/48,-7.756453,111.954542,,,11,5,0,0,16,REGIONAL 5,KEDIRI,KEDIRI,MJT,,,2024-03-16 23:23:21,2018-05-15,2018,5,NON TITO,,,JAWA TIMUR,0.3125,GREEN,354208431,AREA 3,JATIM,MADIUN,KEDIRI,,,0,0,0,JAWA TIMUR,KEDIRI,GROGOL,GROGOL,KEDIRI
2480369730,,ODP-SBI-FE/12,-7.982873,112.065482,,,5,3,0,0,8,REGIONAL 5,KEDIRI,KEDIRI,SBI,,,2024-03-16 23:28:12,2018-05-01,2018,5,NON TITO,,,JAWA TIMUR,0.375,GREEN,353644223,AREA 3,JATIM,MADIUN,KEDIRI,,,0,0,0,JAWA TIMUR,KEDIRI,RINGINREJO,DEYENG,KEDIRI
2480369725,,ODP-SBI-FE/11,-7.98745,112.064337,,,6,2,0,0,8,REGIONAL 5,KEDIRI,KEDIRI,SBI,,,2024-03-16 23:28:11,2018-05-01,2018,5,NON TITO,,,JAWA TIMUR,0.25,GREEN,353644219,AREA 3,JATIM,MADIUN,KEDIRI,,,0,0,0,JAWA TIMUR,KEDIRI,RINGINREJO,DEYENG,KEDIRI
2480369720,,ODP-SBI-FE/13,-7.982665,112.060978,,,5,3,0,0,8,REGIONAL 5,KEDIRI,KEDIRI,SBI,,,2024-03-16 23:28:16,2018-05-01,2018,5,NON TITO,,,JAWA TIMUR,0.375,GREEN,353644216,AREA 3,JATIM,MADIUN,KEDIRI,,,0,0,0,JAWA TIMUR,KEDIRI,RINGINREJO,DEYENG,KEDIRI
2469269508,,ODP-PPR-FF/23,-7.686702,112.079832,,,5,3,0,0,8,REGIONAL 5,KEDIRI,KEDIRI,PPR,,,2024-03-16 23:28:29,2018-04-25,2018,4,NON TITO,,,JAWA TIMUR,0.375,GREEN,353607575,AREA 3,JATIM,MADIUN,KEDIRI,,,0,0,0,JAWA TIMUR,KEDIRI,PAPAR,PAPAR,KEDIRI
2459744013,,ODP-GUR-FB/13,-7.827304,112.077993,,,5,3,0,0,8,REGIONAL 5,KEDIRI,KEDIRI,GUR,,,2024-03-16 23:29:09,2018-04-24,2018,4,NON TITO,,,JAWA TIMUR,0.375,GREEN,353591606,AREA 3,JATIM,MADIUN,KEDIRI,,,0,0,0,JAWA TIMUR,KEDIRI,GURAH,WONOJOYO,KEDIRI
2457945788,,ODP-KAA-FC/29,-7.779139,112.295667,,,7,1,0,0,8,REGIONAL 5,KEDIRI,KEDIRI,KAA,,,2024-03-16 23:22:36,2018-04-23,2018,4,NON TITO,,,JAWA TIMUR,0.125,GREEN,353588350,AREA 3,JATIM,MADIUN,KEDIRI,,,0,0,0,JAWA TIMUR,MALANG,KASEMBON,SUKOSARI,KEDIRI
2457945778,,ODP-KAA-FC/33,-7.780847,112.293214,,,5,3,0,0,8,REGIONAL 5,KEDIRI,KEDIRI,KAA,,,2024-03-16 23:22:27,2018-04-23,2018,4,NON TITO,,,JAWA TIMUR,0.375,GREEN,353588343,AREA 3,JATIM,MADIUN,KEDIRI,,,0,0,0,JAWA TIMUR,MALANG,KASEMBON,SUKOSARI,KEDIRI
2437620514,,ODP-PAE-FAD/10,-7.769259,112.131782,,,5,3,0,0,8,REGIONAL 5,KEDIRI,KEDIRI,PAE,,,2024-03-16 23:25:09,2018-04-19,2018,4,NON TITO,,,JAWA TIMUR,0.375,GREEN,353569677,AREA 3,JATIM,MADIUN,KEDIRI,,,0,0,0,JAWA TIMUR,KEDIRI,PARE,SAMBIREJO,KEDIRI
2480370185,,ODP-SBI-FE/14,-7.982487,112.05747,,,6,2,0,0,8,REGIONAL 5,KEDIRI,KEDIRI,SBI,,,2024-03-16 23:27:58,2018-05-01,2018,5,NON TITO,,,JAWA TIMUR,0.25,GREEN,353644496,AREA 3,JATIM,MADIUN,KEDIRI,,,0,0,0,JAWA TIMUR,KEDIRI,RINGINREJO,DEYENG,KEDIRI
2566393655,,ODP-KDI-FBK/13,-7.818602,112.039672,,,6,2,0,0,8,REGIONAL 5,KEDIRI,KEDIRI,KDI,,,2024-03-16 23:26:19,2018-05-25,2018,5,NON TITO,,,JAWA TIMUR,0.25,GREEN,356498045,AREA 3,JATIM,MADIUN,KEDIRI,,,0,0,0,JAWA TIMUR,KEDIRI,NGASEM,DOKO,KEDIRI
2566394029,,ODP-KDI-FBK/16,-7.816891,112.037533,,,11,5,0,0,16,REGIONAL 5,KEDIRI,KEDIRI,KDI,,,2024-03-16 23:26:29,2018-05-25,2018,5,NON TITO,,,JAWA TIMUR,0.3125,GREEN,356498207,AREA 3,JATIM,MADIUN,KEDIRI,,,0,0,0,JAWA TIMUR,KEDIRI,NGASEM,DOKO,KEDIRI
2598869325,,ODP-MJT-FAE/16,-7.800512,112.001859,,,7,1,0,0,8,REGIONAL 5,KEDIRI,KEDIRI,MJT,,,2024-03-16 23:22:40,2018-06-04,2018,6,NON TITO,,,JAWA TIMUR,0.125,GREEN,358965023,AREA 3,JATIM,MADIUN,KEDIRI,,,0,0,0,JAWA TIMUR,KOTA KEDIRI,MOJOROTO,MOJOROTO,KEDIRI
2877719024,,ODP-KDI-FBH/05,-7.812806,112.048356,,,5,3,0,0,8,REGIONAL 5,KEDIRI,KEDIRI,KDI,,,2024-03-16 23:28:38,2018-09-06,2018,9,NON TITO,,,JAWA TIMUR,0.375,GREEN,389842865,AREA 3,JATIM,MADIUN,KEDIRI,,,0,0,0,JAWA TIMUR,KEDIRI,NGASEM,SUKOREJO,KEDIRI
2877718976,,ODP-KDI-FBH/18,-7.815201,112.058154,,,5,3,0,0,8,REGIONAL 5,KEDIRI,KEDIRI,KDI,,,2024-03-16 23:29:07,2018-09-06,2018,9,NON TITO,,,JAWA TIMUR,0.375,GREEN,389842838,AREA 3,JATIM,MADIUN,KEDIRI,,,0,0,0,JAWA TIMUR,KEDIRI,NGASEM,GOGORANTE,KEDIRI
2877718775,,ODP-KDI-FBH/06,-7.812651,112.049338,,,7,1,0,0,8,REGIONAL 5,KEDIRI,KEDIRI,KDI,,,2024-03-16 23:28:38,2018-09-06,2018,9,NON TITO,,,JAWA TIMUR,0.125,GREEN,389842655,AREA 3,JATIM,MADIUN,KEDIRI,,,0,0,0,JAWA TIMUR,KEDIRI,NGASEM,SUKOREJO,KEDIRI
2877718714,,ODP-KDI-FBH/07,-7.813142,112.049086,,,6,2,0,0,8,REGIONAL 5,KEDIRI,KEDIRI,KDI,,,2024-03-16 23:28:49,2018-09-06,2018,9,NON TITO,,,JAWA TIMUR,0.25,GREEN,389842611,AREA 3,JATIM,MADIUN,KEDIRI,,,0,0,0,JAWA TIMUR,KEDIRI,NGASEM,SUKOREJO,KEDIRI
2876519954,,ODP-KDI-FBJ/03,-7.818587,112.048107,,,6,2,0,0,8,REGIONAL 5,KEDIRI,KEDIRI,KDI,,,2024-03-16 23:24:27,2018-09-06,2018,9,NON TITO,,,JAWA TIMUR,0.25,GREEN,389842338,AREA 3,JATIM,MADIUN,KEDIRI,,,0,0,0,JAWA TIMUR,KEDIRI,NGASEM,DOKO,KEDIRI
2876519837,,ODP-KDI-FBJ/12,-7.821579,112.050144,,,5,3,0,0,8,REGIONAL 5,KEDIRI,KEDIRI,KDI,,,2024-03-16 23:24:40,2018-09-06,2018,9,NON TITO,,,JAWA TIMUR,0.375,GREEN,389842235,AREA 3,JATIM,MADIUN,KEDIRI,,,0,0,0,JAWA TIMUR,KEDIRI,NGASEM,GOGORANTE,KEDIRI
2877269385,,ODP-KDI-FAH/35,-7.817495,112.013117,,,5,3,0,0,8,REGIONAL 5,KEDIRI,KEDIRI,KDI,,,2024-03-16 23:23:48,2018-09-05,2018,9,NON TITO,,,JAWA TIMUR,0.375,GREEN,389834129,AREA 3,JATIM,MADIUN,KEDIRI,,,0,0,0,JAWA TIMUR,KOTA KEDIRI,KOTA,KEMASAN,KEDIRI
2867293899,,ODP-KDI-FBF/26,-7.797546,112.044905,,,7,1,0,0,8,REGIONAL 5,KEDIRI,KEDIRI,KDI,,,2024-03-16 23:26:19,2018-09-04,2018,9,NON TITO,,,JAWA TIMUR,0.125,GREEN,389828054,AREA 3,JATIM,MADIUN,KEDIRI,,,0,0,0,JAWA TIMUR,KEDIRI,NGASEM,NGASEM,KEDIRI
2861596644,,ODP-KDI-FAJ/56,-7.812537,112.008849,,,5,3,0,0,8,REGIONAL 5,KEDIRI,KEDIRI,KDI,,,2024-03-16 23:27:22,2018-09-04,2018,9,NON TITO,,,JAWA TIMUR,0.375,GREEN,389826247,AREA 3,JATIM,MADIUN,KEDIRI,,,0,0,0,JAWA TIMUR,KOTA KEDIRI,KOTA,POCANAN,KEDIRI
2860996266,,ODP-KDI-FAK/42,-7.806155,112.015838,,,5,3,0,0,8,REGIONAL 5,KEDIRI,KEDIRI,KDI,,,2024-03-16 23:23:01,2018-09-04,2018,9,NON TITO,,,JAWA TIMUR,0.375,GREEN,389826064,AREA 3,JATIM,MADIUN,KEDIRI,,,0,0,0,JAWA TIMUR,KOTA KEDIRI,KOTA,BALOWERTI,KEDIRI
2759293751,,ODP-PAE-FAC/02,-7.781882,112.114694,,,5,3,0,0,8,REGIONAL 5,KEDIRI,KEDIRI,PAE,,,2024-03-16 23:28:13,2018-08-02,2018,8,NON TITO,,,JAWA TIMUR,0.375,GREEN,388662453,AREA 3,JATIM,MADIUN,KEDIRI,,,0,0,0,JAWA TIMUR,KEDIRI,GURAH,GAYAM,KEDIRI
2655870575,,ODP-MJT-FH/29,-7.835583,111.987074,,,10,6,0,0,16,REGIONAL 5,KEDIRI,KEDIRI,MJT,,,2024-03-16 23:23:08,2018-07-04,2018,7,NON TITO,,,JAWA TIMUR,0.375,GREEN,361733167,AREA 3,JATIM,MADIUN,KEDIRI,,,0,0,0,JAWA TIMUR,KOTA KEDIRI,MOJOROTO,TAMANAN,KEDIRI
2613799080,,ODP-MJT-FAH/16,-7.811738,112.003702,,,5,3,0,0,8,REGIONAL 5,KEDIRI,KEDIRI,MJT,,,2024-03-16 23:22:44,2018-06-09,2018,6,NON TITO,,,JAWA TIMUR,0.375,GREEN,361400087,AREA 3,JATIM,MADIUN,KEDIRI,,,0,0,0,JAWA TIMUR,KOTA KEDIRI,MOJOROTO,BANDAR LOR,KEDIRI
2613799018,,ODP-MJT-FAH/09,-7.817442,112.002778,,,11,5,0,0,16,REGIONAL 5,KEDIRI,KEDIRI,MJT,,,2024-03-16 23:22:39,2018-06-09,2018,6,NON TITO,,,JAWA TIMUR,0.3125,GREEN,361400050,AREA 3,JATIM,MADIUN,KEDIRI,,,0,0,0,JAWA TIMUR,KOTA KEDIRI,MOJOROTO,BANDAR LOR,KEDIRI
2606969636,,ODP-MJT-FAE/29,-7.801364,112.002118,,,11,5,0,0,16,REGIONAL 5,KEDIRI,KEDIRI,MJT,,,2024-03-16 23:25:08,2018-06-06,2018,6,NON TITO,,,JAWA TIMUR,0.3125,GREEN,361377844,AREA 3,JATIM,MADIUN,KEDIRI,,,0,0,0,JAWA TIMUR,KOTA KEDIRI,MOJOROTO,MOJOROTO,KEDIRI
2605694515,,ODP-MJT-FAG/02,-7.807844,111.990568,,,5,3,0,0,8,REGIONAL 5,KEDIRI,KEDIRI,MJT,,,2024-03-16 23:25:47,2018-06-07,2018,6,NON TITO,,,JAWA TIMUR,0.375,GREEN,361304801,AREA 3,JATIM,MADIUN,KEDIRI,,,0,0,0,JAWA TIMUR,KOTA KEDIRI,MOJOROTO,BUJEL,KEDIRI
2605694317,,ODP-MJT-FAG/05,-7.810064,111.986974,,,5,3,0,0,8,REGIONAL 5,KEDIRI,KEDIRI,MJT,,,2024-03-16 23:26:43,2018-06-07,2018,6,NON TITO,,,JAWA TIMUR,0.375,GREEN,361304676,AREA 3,JATIM,MADIUN,KEDIRI,,,0,0,0,JAWA TIMUR,KOTA KEDIRI,MOJOROTO,SUKORAME,KEDIRI
2604270133,,ODP-MJT-FG/40,-7.772812,111.999693,,,6,2,0,0,8,REGIONAL 5,KEDIRI,KEDIRI,MJT,,,2024-03-16 23:22:37,2018-06-06,2018,6,NON TITO,,,JAWA TIMUR,0.25,GREEN,361303201,AREA 3,JATIM,MADIUN,KEDIRI,,,0,0,0,JAWA TIMUR,KOTA KEDIRI,MOJOROTO,DERMO,KEDIRI
2606972258,,ODP-MJT-FC/15,-7.745195,111.978396,,,10,6,0,0,16,REGIONAL 5,KEDIRI,KEDIRI,MJT,,,2024-03-16 23:26:02,2018-06-06,2018,6,NON TITO,,,JAWA TIMUR,0.375,GREEN,361298596,AREA 3,JATIM,MADIUN,KEDIRI,,,0,0,0,JAWA TIMUR,KEDIRI,GROGOL,SONOREJO,KEDIRI
3153344135,,ODP-NDL-FF/31,-7.922433,111.977192,,,6,2,0,0,8,REGIONAL 5,KEDIRI,KEDIRI,NDL,,,2024-03-16 23:24:01,2018-12-04,2018,12,NON TITO,,,JAWA TIMUR,0.25,GREEN,406479780,AREA 3,JATIM,MADIUN,KEDIRI,,,0,0,0,JAWA TIMUR,KEDIRI,NGADILUWIH,TALES,KEDIRI
8023318799,,ODP-PAE-FE/24,-7.739112,112.131396,,,6,2,0,0,8,REGIONAL 5,KEDIRI,KEDIRI,PAE,,,2024-03-16 23:24:03,2021-11-03,2021,11,NON TITO,,,JAWA TIMUR,0.25,GREEN,1092496224,AREA 3,JATIM,MADIUN,KEDIRI,,,0,0,0,JAWA TIMUR,KEDIRI,KAYEN KIDUL,SEKARAN,KEDIRI
3137444101,,ODP-KDI-FAM/07,-7.805393,112.026407,,,7,1,0,0,8,REGIONAL 5,KEDIRI,KEDIRI,KDI,,,2024-03-16 23:26:52,2018-11-30,2018,11,NON TITO,,,JAWA TIMUR,0.125,GREEN,406818017,AREA 3,JATIM,MADIUN,KEDIRI,,,0,0,0,JAWA TIMUR,KOTA KEDIRI,KOTA KEDIRI,NGADIREJO,KEDIRI
3159943929,,ODP-PAE-FL/34,-7.774042,112.195733,,,6,2,0,0,8,REGIONAL 5,KEDIRI,KEDIRI,PAE,,,2024-03-16 23:28:11,2018-12-07,2018,12,NON TITO,,,JAWA TIMUR,0.25,GREEN,406979296,AREA 3,JATIM,MADIUN,KEDIRI,,,0,0,0,JAWA TIMUR,KEDIRI,PARE,PARE,KEDIRI
3495868528,,ODP-PAE-FAF/18,-7.763141,112.167165,,,7,1,0,0,8,REGIONAL 5,KEDIRI,KEDIRI,PAE,,,2024-03-16 23:24:30,2019-03-28,2019,3,NON TITO,,,JAWA TIMUR,0.125,GREEN,622756662,AREA 3,JATIM,MADIUN,KEDIRI,,,0,0,0,JAWA TIMUR,KEDIRI,PARE,PELEM,KEDIRI
3495868543,,ODP-PAE-FAF/13,-7.762107,112.168,,,6,2,0,0,8,REGIONAL 5,KEDIRI,KEDIRI,PAE,,,2024-03-16 23:24:27,2019-03-28,2019,3,NON TITO,,,JAWA TIMUR,0.25,GREEN,622429541,AREA 3,JATIM,MADIUN,KEDIRI,,,0,0,0,JAWA TIMUR,KEDIRI,PARE,PELEM,KEDIRI
3417869251,,ODP-MJT-FA/37,-7.709382,111.939613,,,7,1,0,0,8,REGIONAL 5,KEDIRI,KEDIRI,MJT,,,2024-03-16 23:26:19,2019-03-14,2019,3,NON TITO,,,JAWA TIMUR,0.125,GREEN,614638566,AREA 3,JATIM,MADIUN,KEDIRI,,,0,0,0,JAWA TIMUR,KEDIRI,TAROKAN,KALIBOTO,KEDIRI
3377743848,,ODP-MJT-FB/57,-7.758409,111.956523,,,5,3,0,0,8,REGIONAL 5,KEDIRI,KEDIRI,MJT,,,2024-03-16 23:24:42,2019-02-19,2019,2,NON TITO,,,JAWA TIMUR,0.375,GREEN,559138684,AREA 3,JATIM,MADIUN,KEDIRI,,,0,0,0,JAWA TIMUR,KEDIRI,GROGOL,GROGOL,KEDIRI
3342119326,,ODP-KDI-FBJ/17,-7.817465,112.041485,,,12,4,0,0,16,REGIONAL 5,KEDIRI,KEDIRI,KDI,,,2024-03-16 23:26:09,2019-02-12,2019,2,NON TITO,,,JAWA TIMUR,0.25,GREEN,540185594,AREA 3,JATIM,MADIUN,KEDIRI,,,0,0,0,JAWA TIMUR,KEDIRI,NGASEM,DOKO,KEDIRI
3342119228,,ODP-KDI-FBJ/16,-7.818287,112.043801,,,5,3,0,0,8,REGIONAL 5,KEDIRI,KEDIRI,KDI,,,2024-03-16 23:26:29,2019-02-12,2019,2,NON TITO,,,JAWA TIMUR,0.375,GREEN,540185471,AREA 3,JATIM,MADIUN,KEDIRI,,,0,0,0,JAWA TIMUR,KEDIRI,NGASEM,DOKO,KEDIRI
3347518856,,ODP-KDI-FX/81,-7.845459,112.025152,,,12,4,0,0,16,REGIONAL 5,KEDIRI,KEDIRI,KDI,,,2024-03-16 23:25:18,2019-02-12,2019,2,NON TITO,,,JAWA TIMUR,0.25,GREEN,540179530,AREA 3,JATIM,MADIUN,KEDIRI,,,0,0,0,JAWA TIMUR,KOTA KEDIRI,KOTA KEDIRI,NGRONGGO,KEDIRI
3347518615,,ODP-KDI-FX/82,-7.844282,112.025377,,,5,3,0,0,8,REGIONAL 5,KEDIRI,KEDIRI,KDI,,,2024-03-16 23:24:38,2019-02-12,2019,2,NON TITO,,,JAWA TIMUR,0.375,GREEN,540179331,AREA 3,JATIM,MADIUN,KEDIRI,,,0,0,0,JAWA TIMUR,KOTA KEDIRI,KOTA KEDIRI,NGRONGGO,KEDIRI
3495868568,,ODP-PAE-FAF/19,-7.763427,112.167082,,,6,2,0,0,8,REGIONAL 5,KEDIRI,KEDIRI,PAE,,,2024-03-16 23:24:35,2019-03-28,2019,3,NON TITO,,,JAWA TIMUR,0.25,GREEN,622756674,AREA 3,JATIM,MADIUN,KEDIRI,,,0,0,0,JAWA TIMUR,KEDIRI,PARE,PELEM,KEDIRI
3304019809,,ODP-KAA-FA/26,-7.811636,112.307172,,,7,1,0,0,8,REGIONAL 5,KEDIRI,KEDIRI,KAA,,,2024-03-16 23:23:02,2019-02-04,2019,2,NON TITO,,,JAWA TIMUR,0.125,GREEN,531988387,AREA 3,JATIM,MADIUN,KEDIRI,,,0,0,0,JAWA TIMUR,MALANG,KASEMBON,BAYEM,KEDIRI
3299820113,,ODP-MJT-FAF/06,-7.801828,111.978534,,,11,5,0,0,16,REGIONAL 5,KEDIRI,KEDIRI,MJT,,,2024-03-16 23:28:38,2019-01-30,2019,1,NON TITO,,,JAWA TIMUR,0.3125,GREEN,507626483,AREA 3,JATIM,MADIUN,KEDIRI,,,0,0,0,JAWA TIMUR,KOTA KEDIRI,MOJOROTO,SUKORAME,KEDIRI
304122838,,ODP-KDI-FB/41,-7.783582,112.006067,,,5,3,0,0,8,REGIONAL 5,KEDIRI,KEDIRI,KDI,,,2024-03-16 23:25:30,2016-04-26,2016,4,NON TITO,,,JAWA TIMUR,0.375,GREEN,20168624,AREA 3,JATIM,MADIUN,KEDIRI,,,0,0,0,JAWA TIMUR,KEDIRI,GAMPENGREJO,JONGBIRU,KEDIRI
304122853,,ODP-KDI-FB/43,-7.785668,112.005515,,,7,1,0,0,8,REGIONAL 5,KEDIRI,KEDIRI,KDI,,,2024-03-16 23:25:21,2016-04-26,2016,4,NON TITO,,,JAWA TIMUR,0.125,GREEN,20168634,AREA 3,JATIM,MADIUN,KEDIRI,,,0,0,0,JAWA TIMUR,KEDIRI,GAMPENGREJO,JONGBIRU,KEDIRI
308173337,,ODP-PAE-FJ/26,-7.7643,112.165,,,11,4,0,0,16,REGIONAL 5,KEDIRI,KEDIRI,PAE,,,2024-03-16 23:23:23,2016-04-27,2016,4,NON TITO,,,JAWA TIMUR,0.25,GREEN,20467795,AREA 3,JATIM,MADIUN,KEDIRI,,,0,0,0,JAWA TIMUR,KEDIRI,PARE,BENDO,KEDIRI
308173367,,ODP-PAE-FJ/28,-7.763317,112.206926,,,11,5,0,0,16,REGIONAL 5,KEDIRI,KEDIRI,PAE,,,2024-03-16 23:23:22,2016-04-27,2016,4,NON TITO,,,JAWA TIMUR,0.3125,GREEN,20467839,AREA 3,JATIM,MADIUN,KEDIRI,,,0,0,0,JAWA TIMUR,KEDIRI,BADAS,LAMONG,KEDIRI
308173431,,ODP-PAE-FJ/31,-7.758114,112.208219,,,10,6,0,0,16,REGIONAL 5,KEDIRI,KEDIRI,PAE,,,2024-03-16 23:23:25,2016-04-27,2016,4,NON TITO,,,JAWA TIMUR,0.375,GREEN,20467946,AREA 3,JATIM,MADIUN,KEDIRI,,,0,0,0,JAWA TIMUR,KEDIRI,BADAS,LAMONG,KEDIRI
308173465,,ODP-PAE-FJ/33,-7.7628,112.204337,,,5,3,0,0,8,REGIONAL 5,KEDIRI,KEDIRI,PAE,,,2024-03-16 23:23:04,2016-04-27,2016,4,NON TITO,,,JAWA TIMUR,0.375,GREEN,20468016,AREA 3,JATIM,MADIUN,KEDIRI,,,0,0,0,JAWA TIMUR,KEDIRI,PARE,PARE,KEDIRI
313497823,,ODP-PAE-FJ/13,-7.751044,112.181358,,,14,2,0,0,16,REGIONAL 5,KEDIRI,KEDIRI,PAE,,,2024-03-16 23:26:21,2016-04-28,2016,4,NON TITO,,,JAWA TIMUR,0.125,GREEN,20543543,AREA 3,JATIM,MADIUN,KEDIRI,,,0,0,0,JAWA TIMUR,KEDIRI,PARE,TULUNGREJO,KEDIRI
3304019804,,ODP-KAA-FA/27,-7.818624,112.307565,,,7,1,0,0,8,REGIONAL 5,KEDIRI,KEDIRI,KAA,,,2024-03-16 23:23:32,2019-02-04,2019,2,NON TITO,,,JAWA TIMUR,0.125,GREEN,507655043,AREA 3,JATIM,MADIUN,KEDIRI,,,0,0,0,JAWA TIMUR,MALANG,KASEMBON,PONDOKAGUNG,KEDIRI
313497851,,ODP-PAE-FJ/17,-7.755999,112.18729,,,13,3,0,0,16,REGIONAL 5,KEDIRI,KEDIRI,PAE,,,2024-03-16 23:26:52,2016-04-28,2016,4,NON TITO,,,JAWA TIMUR,0.1875,GREEN,20618536,AREA 3,JATIM,MADIUN,KEDIRI,,,0,0,0,JAWA TIMUR,KEDIRI,PARE,TULUNGREJO,KEDIRI
3502171353,,ODP-MJT-FK/52,-7.797225,111.997232,,,5,3,0,0,8,REGIONAL 5,KEDIRI,KEDIRI,MJT,,,2024-03-16 23:28:07,2019-04-01,2019,4,NON TITO,,,JAWA TIMUR,0.375,GREEN,622836399,AREA 3,JATIM,MADIUN,KEDIRI,,,0,0,0,JAWA TIMUR,KOTA KEDIRI,MOJOROTO,NGAMPEL,KEDIRI
3610320549,,ODP-PPR-FE/30,-7.738854,112.044269,,,5,3,0,0,8,REGIONAL 5,KEDIRI,KEDIRI,PPR,,,2024-03-16 23:22:25,2019-05-23,2019,5,NON TITO,,,JAWA TIMUR,0.375,GREEN,629039943,AREA 3,JATIM,MADIUN,KEDIRI,,,0,0,0,JAWA TIMUR,KEDIRI,KAYEN KIDUL,BAYE,KEDIRI
3740894188,,ODP-KDI-FZ/72,-7.825526,112.018012,,,7,1,0,0,8,REGIONAL 5,KEDIRI,KEDIRI,KDI,,,2024-03-16 23:24:10,2019-07-25,2019,7,NON TITO,,,JAWA TIMUR,0.125,GREEN,642482355,AREA 3,JATIM,MADIUN,KEDIRI,,,0,0,0,JAWA TIMUR,KOTA KEDIRI,KOTA KEDIRI,SETONO PANDE,KEDIRI
3741719110,,ODP-PAE-FAL/19,-7.770946,112.208293,,,5,3,0,0,8,REGIONAL 5,KEDIRI,KEDIRI,PAE,,,2024-03-16 23:25:15,2019-07-24,2019,7,NON TITO,,,JAWA TIMUR,0.375,GREEN,642476966,AREA 3,JATIM,MADIUN,KEDIRI,,,0,0,0,JAWA TIMUR,KEDIRI,PARE,TERTEK,KEDIRI
3741719040,,ODP-PAE-FY/27,-7.69263,112.21828,,,6,2,0,0,8,REGIONAL 5,KEDIRI,KEDIRI,PAE,,,2024-03-16 23:24:49,2019-07-24,2019,7,NON TITO,,,JAWA TIMUR,0.25,GREEN,642476940,AREA 3,JATIM,MADIUN,KEDIRI,,,0,0,0,JAWA TIMUR,KEDIRI,BADAS,BLARU,KEDIRI
3726056667,,ODP-MJT-FAC/31,-7.785526,111.978451,,,5,3,0,0,8,REGIONAL 5,KEDIRI,KEDIRI,MJT,,,2024-03-16 23:23:36,2019-07-22,2019,7,NON TITO,,,JAWA TIMUR,0.375,GREEN,640744597,AREA 3,JATIM,MADIUN,KEDIRI,,,0,0,0,JAWA TIMUR,KEDIRI,BANYAKAN,MARON,KEDIRI
3752593955,,ODP-PAE-FQ/34,-7.77277,112.198622,,,6,2,0,0,8,REGIONAL 5,KEDIRI,KEDIRI,PAE,,,2024-03-16 23:25:23,2019-08-01,2019,8,NON TITO,,,JAWA TIMUR,0.25,GREEN,640438284,AREA 3,JATIM,MADIUN,KEDIRI,,,0,0,0,JAWA TIMUR,KEDIRI,PARE,PARE,KEDIRI
3758519476,,ODP-KDI-FBE/08,-7.827315,112.021528,,,5,3,0,0,8,REGIONAL 5,KEDIRI,KEDIRI,KDI,,,2024-03-16 23:24:36,2019-07-30,2019,7,NON TITO,,,JAWA TIMUR,0.375,GREEN,640427242,AREA 3,JATIM,MADIUN,KEDIRI,,,0,0,0,JAWA TIMUR,KOTA KEDIRI,PESANTREN,BURENGAN,KEDIRI
3755369261,,ODP-KDI-FBE/01,-7.828713,112.031456,,,5,3,0,0,8,REGIONAL 5,KEDIRI,KEDIRI,KDI,,,2024-03-16 23:24:10,2019-07-30,2019,7,NON TITO,,,JAWA TIMUR,0.375,GREEN,640426296,AREA 3,JATIM,MADIUN,KEDIRI,,,0,0,0,JAWA TIMUR,KOTA KEDIRI,PESANTREN,BANGSAL,KEDIRI
3740894284,,ODP-KDI-FZ/68,-7.822188,112.019061,,,7,1,0,0,8,REGIONAL 5,KEDIRI,KEDIRI,KDI,,,2024-03-16 23:23:45,2019-07-25,2019,7,NON TITO,,,JAWA TIMUR,0.125,GREEN,640402019,AREA 3,JATIM,MADIUN,KEDIRI,,,0,0,0,JAWA TIMUR,KOTA KEDIRI,KOTA,JAGALAN,KEDIRI
3612044654,,ODP-KDI-FAF/02,-7.896043,112.040737,,,5,3,0,0,8,REGIONAL 5,KEDIRI,KEDIRI,KDI,,,2024-03-16 23:28:31,2019-05-22,2019,5,NON TITO,,,JAWA TIMUR,0.375,GREEN,628989338,AREA 3,JATIM,MADIUN,KEDIRI,,,0,0,0,JAWA TIMUR,KEDIRI,KANDAT,PULE,KEDIRI
3741719105,,ODP-PAE-FY/30,-7.700481,112.20918,,,12,4,0,0,16,REGIONAL 5,KEDIRI,KEDIRI,PAE,,,2024-03-16 23:25:09,2019-07-24,2019,7,NON TITO,,,JAWA TIMUR,0.25,GREEN,640396671,AREA 3,JATIM,MADIUN,KEDIRI,,,0,0,0,JAWA TIMUR,KEDIRI,BADAS,BADAS,KEDIRI
3726056985,,ODP-KDI-FAK/45,-7.805423,112.016518,,,6,2,0,0,8,REGIONAL 5,KEDIRI,KEDIRI,KDI,,,2024-03-16 23:23:01,2019-07-22,2019,7,NON TITO,,,JAWA TIMUR,0.25,GREEN,640377682,AREA 3,JATIM,MADIUN,KEDIRI,,,0,0,0,JAWA TIMUR,KOTA KEDIRI,KOTA,BALOWERTI,KEDIRI
3726052583,,ODP-KDI-FAJ/61,-7.812285,112.010738,,,5,3,0,0,8,REGIONAL 5,KEDIRI,KEDIRI,KDI,,,2024-03-16 23:22:25,2019-07-19,2019,7,NON TITO,,,JAWA TIMUR,0.375,GREEN,640364099,AREA 3,JATIM,MADIUN,KEDIRI,,,0,0,0,JAWA TIMUR,KOTA KEDIRI,KOTA,POCANAN,KEDIRI
3721018725,,ODP-KDI-FAJ/65,-7.814583,112.015142,,,10,6,0,0,16,REGIONAL 5,KEDIRI,KEDIRI,KDI,,,2024-03-16 23:24:02,2019-07-11,2019,7,NON TITO,,,JAWA TIMUR,0.375,GREEN,632332045,AREA 3,JATIM,MADIUN,KEDIRI,,,0,0,0,JAWA TIMUR,KOTA KEDIRI,KOTA,BALOWERTI,KEDIRI
3659519339,,ODP-KDI-FBG/07,-7.80609,112.040598,,,5,3,0,0,8,REGIONAL 5,KEDIRI,KEDIRI,KDI,,,2024-03-16 23:24:52,2019-06-27,2019,6,NON TITO,,,JAWA TIMUR,0.375,GREEN,631975800,AREA 3,JATIM,MADIUN,KEDIRI,,,0,0,0,JAWA TIMUR,KEDIRI,NGASEM,SUKOREJO,KEDIRI
3659368569,,ODP-KDI-FG/71,-7.830255,112.041692,,,6,2,0,0,8,REGIONAL 5,KEDIRI,KEDIRI,KDI,,,2024-03-16 23:28:39,2019-06-21,2019,6,NON TITO,,,JAWA TIMUR,0.25,GREEN,631391579,AREA 3,JATIM,MADIUN,KEDIRI,,,0,0,0,JAWA TIMUR,KOTA KEDIRI,PESANTREN,BANGSAL,KEDIRI
3624046553,,ODP-KDI-FA/47,-7.844615,112.030275,,,5,3,0,0,8,REGIONAL 5,KEDIRI,KEDIRI,KDI,,,2024-03-16 23:23:56,2019-05-31,2019,5,NON TITO,,,JAWA TIMUR,0.375,GREEN,629794129,AREA 3,JATIM,MADIUN,KEDIRI,,,0,0,0,JAWA TIMUR,KOTA KEDIRI,KOTA KEDIRI,NGRONGGO,KEDIRI
3623519082,,ODP-KDI-FAL/33,-7.810609,112.015447,,,5,3,0,0,8,REGIONAL 5,KEDIRI,KEDIRI,KDI,,,2024-03-16 23:23:00,2019-05-31,2019,5,NON TITO,,,JAWA TIMUR,0.375,GREEN,629735602,AREA 3,JATIM,MADIUN,KEDIRI,,,0,0,0,JAWA TIMUR,KOTA KEDIRI,KOTA,BALOWERTI,KEDIRI
3611896307,,ODP-KDI-FAL/32,-7.814553,112.014992,,,5,3,0,0,8,REGIONAL 5,KEDIRI,KEDIRI,KDI,,,2024-03-16 23:24:22,2019-05-27,2019,5,NON TITO,,,JAWA TIMUR,0.375,GREEN,629715716,AREA 3,JATIM,MADIUN,KEDIRI,,,0,0,0,JAWA TIMUR,KOTA KEDIRI,KOTA,BALOWERTI,KEDIRI
3738943543,,ODP-PAE-FE/13,-7.742043,112.152798,,,5,3,0,0,8,REGIONAL 5,KEDIRI,KEDIRI,PAE,,,2024-03-16 23:27:23,2019-07-22,2019,7,NON TITO,,,JAWA TIMUR,0.375,GREEN,640380297,AREA 3,JATIM,MADIUN,KEDIRI,,,0,0,0,JAWA TIMUR,KEDIRI,PLEMAHAN,TEGOWANGI,KEDIRI
313497859,,ODP-PAE-FJ/18,-7.756781,112.18686,,,12,4,0,0,16,REGIONAL 5,KEDIRI,KEDIRI,PAE,,,2024-03-16 23:27:27,2016-04-28,2016,4,NON TITO,,,JAWA TIMUR,0.25,GREEN,20618546,AREA 3,JATIM,MADIUN,KEDIRI,,,0,0,0,JAWA TIMUR,KEDIRI,PARE,TULUNGREJO,KEDIRI
3251294985,,ODP-KDI-FP/32,-7.816233,112.030149,,,10,6,0,0,16,REGIONAL 5,KEDIRI,KEDIRI,KDI,,,2024-03-16 23:23:33,2019-01-12,2019,1,NON TITO,,,JAWA TIMUR,0.375,GREEN,448230622,AREA 3,JATIM,MADIUN,KEDIRI,,,0,0,0,JAWA TIMUR,KOTA KEDIRI,KOTA,BANJARAN,KEDIRI
3251294910,,ODP-KDI-FP/40,-7.81653,112.033353,,,11,5,0,0,16,REGIONAL 5,KEDIRI,KEDIRI,KDI,,,2024-03-16 23:23:44,2019-01-12,2019,1,NON TITO,,,JAWA TIMUR,0.3125,GREEN,448230577,AREA 3,JATIM,MADIUN,KEDIRI,,,0,0,0,JAWA TIMUR,KOTA KEDIRI,KOTA,BANJARAN,KEDIRI
3211093797,,ODP-WAT-FP/10,-7.935424,112.183508,,,5,3,0,0,8,REGIONAL 5,KEDIRI,KEDIRI,WAT,,,2024-03-16 23:26:50,2018-12-21,2018,12,NON TITO,,,JAWA TIMUR,0.375,GREEN,407287356,AREA 3,JATIM,MADIUN,KEDIRI,,,0,0,0,JAWA TIMUR,KEDIRI,NGANCAR,NGANCAR,KEDIRI
3208469498,,ODP-MJT-FX/32,-7.829532,111.988324,,,5,3,0,0,8,REGIONAL 5,KEDIRI,KEDIRI,MJT,,,2024-03-16 23:25:52,2018-12-21,2018,12,NON TITO,,,JAWA TIMUR,0.375,GREEN,407284658,AREA 3,JATIM,MADIUN,KEDIRI,,,0,0,0,JAWA TIMUR,KOTA KEDIRI,MOJOROTO,TAMANAN,KEDIRI
3206968690,,ODP-GUR-FJ/01,-7.780156,112.071913,,,5,3,0,0,8,REGIONAL 5,KEDIRI,KEDIRI,GUR,,,2024-03-16 23:27:19,2018-12-21,2018,12,NON TITO,,,JAWA TIMUR,0.375,GREEN,407284084,AREA 3,JATIM,MADIUN,KEDIRI,,,0,0,0,JAWA TIMUR,KEDIRI,PAGU,WATES,KEDIRI
3206293840,,ODP-MJT-FH/33,-7.837454,111.993671,,,7,1,0,0,8,REGIONAL 5,KEDIRI,KEDIRI,MJT,,,2024-03-16 23:22:38,2018-12-20,2018,12,NON TITO,,,JAWA TIMUR,0.125,GREEN,407278097,AREA 3,JATIM,MADIUN,KEDIRI,,,0,0,0,JAWA TIMUR,KOTA KEDIRI,MOJOROTO,BANJARMLATI,KEDIRI
3196544196,,ODP-KDI-FC/52,-7.808646,112.041936,,,6,2,0,0,8,REGIONAL 5,KEDIRI,KEDIRI,KDI,,,2024-03-16 23:24:42,2018-12-19,2018,12,NON TITO,,,JAWA TIMUR,0.25,GREEN,407275848,AREA 3,JATIM,MADIUN,KEDIRI,,,0,0,0,JAWA TIMUR,KEDIRI,NGASEM,DOKO,KEDIRI
3192718638,,ODP-MJT-FAE/36,-7.798384,112.003802,,,5,3,0,0,8,REGIONAL 5,KEDIRI,KEDIRI,MJT,,,2024-03-16 23:25:53,2018-12-18,2018,12,NON TITO,,,JAWA TIMUR,0.375,GREEN,407267017,AREA 3,JATIM,MADIUN,KEDIRI,,,0,0,0,JAWA TIMUR,KOTA KEDIRI,MOJOROTO,MOJOROTO,KEDIRI
3192568953,,ODP-KDI-FBC/36,-7.822192,112.022652,,,5,3,0,0,8,REGIONAL 5,KEDIRI,KEDIRI,KDI,,,2024-03-16 23:27:49,2018-12-18,2018,12,NON TITO,,,JAWA TIMUR,0.375,GREEN,407266334,AREA 3,JATIM,MADIUN,KEDIRI,,,0,0,0,JAWA TIMUR,KOTA KEDIRI,KOTA,BANJARAN,KEDIRI
3174044289,,ODP-KDI-FBB/25,-7.828219,112.031501,,,12,4,0,0,16,REGIONAL 5,KEDIRI,KEDIRI,KDI,,,2024-03-16 23:24:35,2018-12-11,2018,12,NON TITO,,,JAWA TIMUR,0.25,GREEN,407122784,AREA 3,JATIM,MADIUN,KEDIRI,,,0,0,0,JAWA TIMUR,KOTA KEDIRI,PESANTREN,BANGSAL,KEDIRI
3211093832,,ODP-WAT-FP/11,-7.93431,112.180513,,,5,3,0,0,8,REGIONAL 5,KEDIRI,KEDIRI,WAT,,,2024-03-16 23:26:59,2018-12-21,2018,12,NON TITO,,,JAWA TIMUR,0.375,GREEN,407287375,AREA 3,JATIM,MADIUN,KEDIRI,,,0,0,0,JAWA TIMUR,KEDIRI,NGANCAR,NGANCAR,KEDIRI
3174044230,,ODP-KDI-FBB/28,-7.819177,112.023806,,,10,5,0,0,16,REGIONAL 5,KEDIRI,KEDIRI,KDI,,,2024-03-16 23:24:25,2018-12-11,2018,12,NON TITO,,,JAWA TIMUR,0.3125,GREEN,407122749,AREA 3,JATIM,MADIUN,KEDIRI,,,0,0,0,JAWA TIMUR,KOTA KEDIRI,KOTA,BANJARAN,KEDIRI
3176743834,,ODP-PPR-FF/24,-7.697187,112.077911,,,5,3,0,0,8,REGIONAL 5,KEDIRI,KEDIRI,PPR,,,2024-03-16 23:26:53,2018-12-14,2018,12,NON TITO,,,JAWA TIMUR,0.375,GREEN,407071119,AREA 3,JATIM,MADIUN,KEDIRI,,,0,0,0,JAWA TIMUR,KEDIRI,PAPAR,PAPAR,KEDIRI
3174044111,,ODP-KDI-FBB/37,-7.818002,112.029105,,,14,2,0,0,16,REGIONAL 5,KEDIRI,KEDIRI,KDI,,,2024-03-16 23:24:11,2018-12-11,2018,12,NON TITO,,,JAWA TIMUR,0.125,GREEN,407055285,AREA 3,JATIM,MADIUN,KEDIRI,,,0,0,0,JAWA TIMUR,KOTA KEDIRI,KOTA,BANJARAN,KEDIRI
3173594562,,ODP-WAT-FN/24,-7.901057,112.13372,,,6,2,0,0,8,REGIONAL 5,KEDIRI,KEDIRI,WAT,,,2024-03-16 23:25:48,2018-12-11,2018,12,NON TITO,,,JAWA TIMUR,0.25,GREEN,407050780,AREA 3,JATIM,MADIUN,KEDIRI,,,0,0,0,JAWA TIMUR,KEDIRI,WATES,TUNGE,KEDIRI
3173593870,,ODP-WAT-FD/18,-7.940449,112.09028,,,6,2,0,0,8,REGIONAL 5,KEDIRI,KEDIRI,WAT,,,2024-03-16 23:26:41,2018-12-11,2018,12,NON TITO,,,JAWA TIMUR,0.25,GREEN,407050585,AREA 3,JATIM,MADIUN,KEDIRI,,,0,0,0,JAWA TIMUR,KEDIRI,WATES,DUWET,KEDIRI
3173519218,,ODP-WAT-FA/53,-7.924654,112.125964,,,5,3,0,0,8,REGIONAL 5,KEDIRI,KEDIRI,WAT,,,2024-03-16 23:23:29,2018-12-11,2018,12,NON TITO,,,JAWA TIMUR,0.375,GREEN,407050267,AREA 3,JATIM,MADIUN,KEDIRI,,,0,0,0,JAWA TIMUR,KEDIRI,WATES,TAWANG,KEDIRI
3173519139,,ODP-WAT-FA/52,-7.925462,112.125815,,,6,2,0,0,8,REGIONAL 5,KEDIRI,KEDIRI,WAT,,,2024-03-16 23:24:22,2018-12-11,2018,12,NON TITO,,,JAWA TIMUR,0.25,GREEN,407050220,AREA 3,JATIM,MADIUN,KEDIRI,,,0,0,0,JAWA TIMUR,KEDIRI,WATES,TAWANG,KEDIRI
3173518872,,ODP-PAE-FZ/17,-7.720079,112.203358,,,6,2,0,0,8,REGIONAL 5,KEDIRI,KEDIRI,PAE,,,2024-03-16 23:23:47,2018-12-11,2018,12,NON TITO,,,JAWA TIMUR,0.25,GREEN,407050061,AREA 3,JATIM,MADIUN,KEDIRI,,,0,0,0,JAWA TIMUR,KEDIRI,BADAS,TUNGLUR,KEDIRI
3173518600,,ODP-WAT-FD/17,-7.937566,112.106565,,,6,2,0,0,8,REGIONAL 5,KEDIRI,KEDIRI,WAT,,,2024-03-16 23:23:56,2018-12-11,2018,12,NON TITO,,,JAWA TIMUR,0.25,GREEN,407049898,AREA 3,JATIM,MADIUN,KEDIRI,,,0,0,0,JAWA TIMUR,KEDIRI,WATES,SEGARAN,KEDIRI
3173593875,,ODP-WAT-FF/11,-7.93751,112.132403,,,7,1,0,0,8,REGIONAL 5,KEDIRI,KEDIRI,WAT,,,2024-03-16 23:25:07,2018-12-11,2018,12,NON TITO,,,JAWA TIMUR,0.125,GREEN,407117951,AREA 3,JATIM,MADIUN,KEDIRI,,,0,0,0,JAWA TIMUR,KEDIRI,NGANCAR,KUNJANG,KEDIRI
3192718755,,ODP-MJT-FAE/32,-7.797693,112.002279,,,5,2,0,0,8,REGIONAL 5,KEDIRI,KEDIRI,MJT,,,2024-03-16 23:25:18,2018-12-18,2018,12,NON TITO,,,JAWA TIMUR,0.25,GREEN,407341179,AREA 3,JATIM,MADIUN,KEDIRI,,,0,0,0,JAWA TIMUR,KOTA KEDIRI,MOJOROTO,MOJOROTO,KEDIRI
3192719249,,ODP-MJT-FAE/34,-7.796153,112.002289,,,6,2,0,0,8,REGIONAL 5,KEDIRI,KEDIRI,MJT,,,2024-03-16 23:24:48,2018-12-18,2018,12,NON TITO,,,JAWA TIMUR,0.25,GREEN,407341327,AREA 3,JATIM,MADIUN,KEDIRI,,,0,0,0,JAWA TIMUR,KOTA KEDIRI,MOJOROTO,MOJOROTO,KEDIRI
3210268638,,ODP-MJT-FV/42,-7.831244,111.980501,,,4,3,0,0,8,REGIONAL 5,KEDIRI,KEDIRI,MJT,,,2024-03-16 23:24:45,2018-12-21,2018,12,NON TITO,,,JAWA TIMUR,0.375,GREEN,407360792,AREA 3,JATIM,MADIUN,KEDIRI,,,0,0,0,JAWA TIMUR,KEDIRI,SEMEN,SEMEN,KEDIRI
3251294687,,ODP-KDI-FP/29,-7.815376,112.034925,,,5,3,0,0,8,REGIONAL 5,KEDIRI,KEDIRI,KDI,,,2024-03-16 23:23:30,2019-01-12,2019,1,NON TITO,,,JAWA TIMUR,0.375,GREEN,448230443,AREA 3,JATIM,MADIUN,KEDIRI,,,0,0,0,JAWA TIMUR,KEDIRI,NGASEM,DOKO,KEDIRI
3229248825,,ODP-MJT-FF/43,-7.781064,112.004802,,,5,3,0,0,8,REGIONAL 5,KEDIRI,KEDIRI,MJT,,,2024-03-16 23:22:17,2019-01-10,2019,1,NON TITO,,,JAWA TIMUR,0.375,GREEN,448222874,AREA 3,JATIM,MADIUN,KEDIRI,,,0,0,0,JAWA TIMUR,KOTA KEDIRI,MOJOROTO,MRICAN,KEDIRI
3204571849,,ODP-NDL-FA/68,-7.883952,111.998763,,,5,3,0,0,8,REGIONAL 5,KEDIRI,KEDIRI,NDL,,,2024-03-16 23:25:31,2019-01-07,2019,1,NON TITO,,,JAWA TIMUR,0.375,GREEN,438837308,AREA 3,JATIM,MADIUN,KEDIRI,,,0,0,0,JAWA TIMUR,KEDIRI,NGADILUWIH,REMBANGKEPUH,KEDIRI
3223095018,,ODP-NDL-FD/59,-7.905462,111.960193,,,5,3,0,0,8,REGIONAL 5,KEDIRI,KEDIRI,NDL,,,2024-03-16 23:23:01,2019-01-07,2019,1,NON TITO,,,JAWA TIMUR,0.375,GREEN,431565954,AREA 3,JATIM,MADIUN,KEDIRI,,,0,0,0,JAWA TIMUR,KEDIRI,MOJO,TAMBIBENDO,KEDIRI
3231793606,,ODP-KDI-FW/47,-7.828969,112.033886,,,5,3,0,0,8,REGIONAL 5,KEDIRI,KEDIRI,KDI,,,2024-03-16 23:26:45,2019-01-03,2019,1,NON TITO,,,JAWA TIMUR,0.375,GREEN,408773716,AREA 3,JATIM,MADIUN,KEDIRI,,,0,0,0,JAWA TIMUR,KOTA KEDIRI,PESANTREN,BANGSAL,KEDIRI
3209668923,,ODP-GUR-FD/16,-7.786132,112.066969,,,5,3,0,0,8,REGIONAL 5,KEDIRI,KEDIRI,GUR,,,2024-03-16 23:23:23,2018-12-30,2018,12,NON TITO,,,JAWA TIMUR,0.375,GREEN,408618678,AREA 3,JATIM,MADIUN,KEDIRI,,,0,0,0,JAWA TIMUR,KEDIRI,PAGU,TANJUNG,KEDIRI
3209668798,,ODP-GUR-FD/18,-7.786741,112.068731,,,6,2,0,0,8,REGIONAL 5,KEDIRI,KEDIRI,GUR,,,2024-03-16 23:23:00,2018-12-30,2018,12,NON TITO,,,JAWA TIMUR,0.25,GREEN,408618571,AREA 3,JATIM,MADIUN,KEDIRI,,,0,0,0,JAWA TIMUR,KEDIRI,PAGU,TANJUNG,KEDIRI
3204424362,,ODP-GUR-FB/35,-7.807282,112.086108,,,5,3,0,0,8,REGIONAL 5,KEDIRI,KEDIRI,GUR,,,2024-03-16 23:22:15,2018-12-30,2018,12,NON TITO,,,JAWA TIMUR,0.375,GREEN,408618004,AREA 3,JATIM,MADIUN,KEDIRI,,,0,0,0,JAWA TIMUR,KEDIRI,GURAH,GURAH,KEDIRI
3204424305,,ODP-GUR-FB/29,-7.809217,112.088793,,,5,3,0,0,8,REGIONAL 5,KEDIRI,KEDIRI,GUR,,,2024-03-16 23:22:01,2018-12-30,2018,12,NON TITO,,,JAWA TIMUR,0.375,GREEN,408617965,AREA 3,JATIM,MADIUN,KEDIRI,,,0,0,0,JAWA TIMUR,KEDIRI,GURAH,GURAH,KEDIRI
3220096236,,ODP-GUR-FH/09,-7.768601,112.086296,,,5,3,0,0,8,REGIONAL 5,KEDIRI,KEDIRI,GUR,,,2024-03-16 23:26:02,2018-12-28,2018,12,NON TITO,,,JAWA TIMUR,0.375,GREEN,408399307,AREA 3,JATIM,MADIUN,KEDIRI,,,0,0,0,JAWA TIMUR,KEDIRI,PAGU,SITIMERT0,KEDIRI
3220095856,,ODP-GUR-FH/18,-7.763077,112.093625,,,7,1,0,0,8,REGIONAL 5,KEDIRI,KEDIRI,GUR,,,2024-03-16 23:25:32,2018-12-28,2018,12,NON TITO,,,JAWA TIMUR,0.125,GREEN,408399114,AREA 3,JATIM,MADIUN,KEDIRI,,,0,0,0,JAWA TIMUR,KEDIRI,PAGU,PAGU,KEDIRI
3209668848,,ODP-GUR-FD/17,-7.784346,112.069547,,,6,1,0,0,8,REGIONAL 5,KEDIRI,KEDIRI,GUR,,,2024-03-16 23:23:05,2018-12-30,2018,12,NON TITO,,,JAWA TIMUR,0.125,GREEN,408331523,AREA 3,JATIM,MADIUN,KEDIRI,,,0,0,0,JAWA TIMUR,KEDIRI,PAGU,TANJUNG,KEDIRI
3220095741,,ODP-GUR-FH/21,-7.763075,112.089624,,,6,2,0,0,8,REGIONAL 5,KEDIRI,KEDIRI,GUR,,,2024-03-16 23:25:52,2018-12-28,2018,12,NON TITO,,,JAWA TIMUR,0.25,GREEN,408324315,AREA 3,JATIM,MADIUN,KEDIRI,,,0,0,0,JAWA TIMUR,KEDIRI,PAGU,PAGU,KEDIRI
3211093827,,ODP-MJT-FAJ/10,-7.810832,111.996512,,,5,3,0,0,8,REGIONAL 5,KEDIRI,KEDIRI,MJT,,,2024-03-16 23:27:11,2018-12-21,2018,12,NON TITO,,,JAWA TIMUR,0.375,GREEN,407365793,AREA 3,JATIM,MADIUN,KEDIRI,,,0,0,0,JAWA TIMUR,KOTA KEDIRI,MOJOROTO,MOJOROTO,KEDIRI
3204570234,,ODP-WAT-FA/54,-7.918605,112.127667,,,6,2,0,0,8,REGIONAL 5,KEDIRI,KEDIRI,WAT,,,2024-03-16 23:25:22,2018-12-21,2018,12,NON TITO,,,JAWA TIMUR,0.25,GREEN,407364439,AREA 3,JATIM,MADIUN,KEDIRI,,,0,0,0,JAWA TIMUR,KEDIRI,WATES,TAWANG,KEDIRI
3209818736,,ODP-WAT-FD/20,-7.941053,112.09387,,,5,3,0,0,8,REGIONAL 5,KEDIRI,KEDIRI,WAT,,,2024-03-16 23:27:40,2018-12-21,2018,12,NON TITO,,,JAWA TIMUR,0.375,GREEN,407363381,AREA 3,JATIM,MADIUN,KEDIRI,,,0,0,0,JAWA TIMUR,KEDIRI,WATES,DUWET,KEDIRI
3210269176,,ODP-GUR-FJ/02,-7.78055,112.072709,,,7,1,0,0,8,REGIONAL 5,KEDIRI,KEDIRI,GUR,,,2024-03-16 23:25:45,2018-12-21,2018,12,NON TITO,,,JAWA TIMUR,0.125,GREEN,407361340,AREA 3,JATIM,MADIUN,KEDIRI,,,0,0,0,JAWA TIMUR,KEDIRI,PAGU,WATES,KEDIRI
3210269171,,ODP-GUR-FJ/03,-7.780977,112.07357,,,6,2,0,0,8,REGIONAL 5,KEDIRI,KEDIRI,GUR,,,2024-03-16 23:25:32,2018-12-21,2018,12,NON TITO,,,JAWA TIMUR,0.25,GREEN,407361337,AREA 3,JATIM,MADIUN,KEDIRI,,,0,0,0,JAWA TIMUR,KEDIRI,PAGU,WATES,KEDIRI
3210268899,,ODP-MJT-FAP/09,-7.82366,111.986747,,,5,3,0,0,8,REGIONAL 5,KEDIRI,KEDIRI,MJT,,,2024-03-16 23:25:23,2018-12-21,2018,12,NON TITO,,,JAWA TIMUR,0.375,GREEN,407361060,AREA 3,JATIM,MADIUN,KEDIRI,,,0,0,0,JAWA TIMUR,KOTA KEDIRI,MOJOROTO,CAMPUREJO,KEDIRI
3152443568,,ODP-NDL-FE/55,-7.948664,111.962632,,,5,2,0,0,8,REGIONAL 5,KEDIRI,KEDIRI,NDL,,,2024-03-16 23:27:14,2018-12-04,2018,12,NON TITO,,,JAWA TIMUR,0.25,GREEN,406836239,AREA 3,JATIM,MADIUN,KEDIRI,,,0,0,0,JAWA TIMUR,KEDIRI,KRAS,BANJARANYAR,KEDIRI
121235256,,ODP-KDI-FU/17,-7.8098,112.0517,,,7,1,0,0,8,REGIONAL 5,KEDIRI,KEDIRI,KDI,,,2024-03-16 23:29:15,2016-02-23,2016,2,NON TITO,,,JAWA TIMUR,0.125,GREEN,6636305,AREA 3,JATIM,MADIUN,KEDIRI,,,0,0,0,JAWA TIMUR,KEDIRI,NGASEM,SUKOREJO,KEDIRI
7163594195,,ODP-PPR-FE/37,-7.735602,112.064304,,,11,5,0,0,16,REGIONAL 5,KEDIRI,KEDIRI,PPR,,,2024-03-16 23:24:25,2021-07-16,2021,7,NON TITO,,,JAWA TIMUR,0.3125,GREEN,949432018,AREA 3,JATIM,MADIUN,KEDIRI,,,0,0,0,JAWA TIMUR,KEDIRI,KAYEN KIDUL,BANGSONGAN,KEDIRI
3113968999,,ODP-KDI-FBG/05,-7.809486,112.042191,,,9,4,0,0,16,REGIONAL 5,KEDIRI,KEDIRI,KDI,,,2023-08-30 18:00:20,2018-11-22,2018,11,NON TITO,,,JAWA TIMUR,0.25,GREEN,406332971,AREA 3,JATIM,MADIUN,KEDIRI,,,0,0,0,JAWA TIMUR,KEDIRI,NGASEM,DOKO,KEDIRI
121234361,,ODP-KDI-FF/11,-7.8109,112.0264,,,14,2,0,0,16,REGIONAL 5,KEDIRI,KEDIRI,KDI,,,2024-03-16 23:28:33,2016-02-23,2016,2,NON TITO,,,JAWA TIMUR,0.125,GREEN,6635732,AREA 3,JATIM,MADIUN,KEDIRI,,,0,0,0,JAWA TIMUR,KOTA KEDIRI,KOTA KEDIRI,NGADIREJO,KEDIRI
121161361,,ODP-KDI-FK/42,-7.792,112.0307,,,6,2,0,0,8,REGIONAL 5,KEDIRI,KEDIRI,KDI,,,2024-03-16 23:26:22,2016-02-23,2016,2,NON TITO,,,JAWA TIMUR,0.25,GREEN,6562689,AREA 3,JATIM,MADIUN,KEDIRI,,,0,0,0,JAWA TIMUR,KEDIRI,NGASEM,KWADUNGAN,KEDIRI
11843369563,,ODP-KDI-FBF/64,-7.778797,112.050903,,,7,1,0,0,8,REGIONAL 5,KEDIRI,KEDIRI,KDI,,,2024-10-24 17:28:13,2024-10-24,2024,10,NON TITO,,,JAWA TIMUR,0.125,GREEN,1477986862,AREA 3,JATIM,MADIUN,KEDIRI,,,0,0,0,JAWA TIMUR,KEDIRI,NGASEM,WONOCATUR,KEDIRI
11859944485,,ODP-PPR-FF/56,-7.678879,112.082063,,,7,1,0,0,8,REGIONAL 5,KEDIRI,KEDIRI,PPR,,,2024-10-25 17:26:18,2024-10-24,2024,10,NON TITO,,,JAWA TIMUR,0.125,GREEN,1478587354,AREA 3,JATIM,MADIUN,KEDIRI,,,0,0,0,JAWA TIMUR,KEDIRI,PAPAR,TANON,KEDIRI
12014895607,,ODP-PAE-FE/40,-7.727282,112.149325,,,6,2,0,0,8,REGIONAL 5,KEDIRI,KEDIRI,PAE,,,2025-01-23 17:41:01,2025-01-22,2025,1,NON TITO,,,JAWA TIMUR,0.25,GREEN,1495931834,AREA 3,JATIM,MADIUN,KEDIRI,,,0,0,0,JAWA TIMUR,KEDIRI,PLEMAHAN,PUHJARAK,KEDIRI
1083143131,,ODP-NDL-FE/14,-7.957129,111.957848,,,5,3,0,0,8,REGIONAL 5,KEDIRI,KEDIRI,NDL,,,2023-08-30 18:08:04,2016-12-03,2016,12,NON TITO,,,JAWA TIMUR,0.375,GREEN,38720475,AREA 3,JATIM,MADIUN,KEDIRI,,,0,0,0,JAWA TIMUR,KEDIRI,KRAS,KARANGTALUN,KEDIRI
12014895612,,ODP-PAE-FE/42,-7.729982,112.15028,,,7,1,0,0,8,REGIONAL 5,KEDIRI,KEDIRI,PAE,,,2025-01-23 17:40:03,2025-01-22,2025,1,NON TITO,,,JAWA TIMUR,0.125,GREEN,1495931839,AREA 3,JATIM,MADIUN,KEDIRI,,,0,0,0,JAWA TIMUR,KEDIRI,PLEMAHAN,PUHJARAK,KEDIRI
11858294274,,ODP-MJT-FT/20,-7.830179,111.929748,,,6,2,0,0,8,REGIONAL 5,KEDIRI,KEDIRI,MJT,,,2024-10-25 17:29:53,2024-10-24,2024,10,NON TITO,,,JAWA TIMUR,0.25,GREEN,1478811800,AREA 3,JATIM,MADIUN,KEDIRI,,,0,0,0,JAWA TIMUR,KEDIRI,SEMEN,PAGUNG,KEDIRI
3184168637,,ODP-GUR-FE/18,-7.808325,112.087295,,,5,3,0,0,8,REGIONAL 5,KEDIRI,KEDIRI,GUR,,,2023-08-30 18:09:43,2018-12-15,2018,12,NON TITO,,,JAWA TIMUR,0.375,GREEN,407148559,AREA 3,JATIM,MADIUN,KEDIRI,,,0,0,0,JAWA TIMUR,KEDIRI,GURAH,GURAH,KEDIRI
12197070696,,ODP-KDI-FBH/60,-7.805083,112.060149,,,5,3,0,0,8,REGIONAL 5,KEDIRI,KEDIRI,KDI,,,2025-06-12 17:57:21,2025-06-11,2025,6,NON TITO,,,JAWA TIMUR,0.375,GREEN,1499277969,AREA 3,JATIM,MADIUN,KEDIRI,,,0,0,0,JAWA TIMUR,KEDIRI,NGASEM,SUMBEREJO,KEDIRI
12039493992,,ODP-NDL-FA/78,-7.901266,111.977977,,,7,1,0,0,8,REGIONAL 5,KEDIRI,KEDIRI,NDL,,,2025-01-26 17:32:58,2025-01-25,2025,1,NON TITO,,,JAWA TIMUR,0.125,GREEN,1495951846,AREA 3,JATIM,MADIUN,KEDIRI,,,0,0,0,JAWA TIMUR,KEDIRI,NGADILUWIH,BANGGLE,KEDIRI
121161392,,ODP-KDI-FU/29,-7.8281,112.0632,,,5,3,0,0,8,REGIONAL 5,KEDIRI,KEDIRI,KDI,,,2024-03-16 23:26:42,2016-02-23,2016,2,NON TITO,,,JAWA TIMUR,0.375,GREEN,6562705,AREA 3,JATIM,MADIUN,KEDIRI,,,0,0,0,JAWA TIMUR,KEDIRI,NGASEM,TUGUREJO,KEDIRI
11865493559,,ODP-PAE-FAP/09,-7.752185,112.236266,,,5,3,0,0,8,REGIONAL 5,KEDIRI,KEDIRI,PAE,,,2024-10-25 17:29:46,2024-10-25,2024,10,NON TITO,,,JAWA TIMUR,0.375,GREEN,1479111747,AREA 3,JATIM,MADIUN,KEDIRI,,,0,0,0,JAWA TIMUR,KEDIRI,BADAS,KRECEK,KEDIRI
11867368556,,ODP-MJT-FC/60,-7.745118,111.972679,,,6,2,0,0,8,REGIONAL 5,KEDIRI,KEDIRI,MJT,,,2024-10-25 17:29:48,2024-10-25,2024,10,NON TITO,,,JAWA TIMUR,0.25,GREEN,1479261586,AREA 3,JATIM,MADIUN,KEDIRI,,,0,0,0,JAWA TIMUR,KEDIRI,GROGOL,WONOASRI,KEDIRI
11868718553,,ODP-WAT-FC/38,-7.915492,112.094935,,,7,1,0,0,8,REGIONAL 5,KEDIRI,KEDIRI,WAT,,,2024-10-26 17:27:28,2024-10-25,2024,10,NON TITO,,,JAWA TIMUR,0.125,GREEN,1479115766,AREA 3,JATIM,MADIUN,KEDIRI,,,0,0,0,JAWA TIMUR,KEDIRI,WATES,POJOK,KEDIRI
121232169,,ODP-KDI-FCLD/08,-7.8133,112.0088,,,8,6,0,0,16,REGIONAL 5,KEDIRI,KEDIRI,KDI,,,2024-03-16 23:28:39,2016-02-23,2016,2,NON TITO,,,JAWA TIMUR,0.375,GREEN,6634119,AREA 3,JATIM,MADIUN,KEDIRI,,,0,0,0,JAWA TIMUR,KOTA KEDIRI,KOTA,POCANAN,KEDIRI
11869543606,,ODP-PPR-FE/86,-7.725869,112.065148,,,5,3,0,0,8,REGIONAL 5,KEDIRI,KEDIRI,PPR,,,2024-10-26 17:26:35,2024-10-26,2024,10,NON TITO,,,JAWA TIMUR,0.375,GREEN,1479118218,AREA 3,JATIM,MADIUN,KEDIRI,,,0,0,0,JAWA TIMUR,KEDIRI,PAPAR,MINGGIRAN,KEDIRI
8242547249,,ODP-KDI-FH/41,-7.864632,111.997132,,,5,3,0,0,8,REGIONAL 5,KEDIRI,KEDIRI,KDI,,,2023-08-30 18:00:26,2021-12-08,2021,12,NON TITO,,,JAWA TIMUR,0.375,GREEN,1161945510,AREA 3,JATIM,MADIUN,KEDIRI,,,0,0,0,JAWA TIMUR,KEDIRI,NGADILUWIH,BADAL PANDEAN,KEDIRI
121162226,,ODP-KDI-FAE/22,-7.8482,112.0359,,,6,2,0,0,8,REGIONAL 5,KEDIRI,KEDIRI,KDI,,,2024-03-16 23:27:24,2016-02-23,2016,2,NON TITO,,,JAWA TIMUR,0.25,GREEN,6563238,AREA 3,JATIM,MADIUN,KEDIRI,,,0,0,0,JAWA TIMUR,KOTA KEDIRI,PESANTREN,BETET,KEDIRI
12014895597,,ODP-PAE-FE/41,-7.729477,112.148684,,,7,1,0,0,8,REGIONAL 5,KEDIRI,KEDIRI,PAE,,,2025-01-23 17:41:04,2025-01-22,2025,1,NON TITO,,,JAWA TIMUR,0.125,GREEN,1495931827,AREA 3,JATIM,MADIUN,KEDIRI,,,0,0,0,JAWA TIMUR,KEDIRI,PLEMAHAN,PUHJARAK,KEDIRI
121161344,,ODP-KDI-FK/24,-7.7905,112.0312,,,5,3,0,0,8,REGIONAL 5,KEDIRI,KEDIRI,KDI,,,2024-03-16 23:27:23,2016-02-23,2016,2,NON TITO,,,JAWA TIMUR,0.375,GREEN,6562675,AREA 3,JATIM,MADIUN,KEDIRI,,,0,0,0,JAWA TIMUR,KEDIRI,NGASEM,KWADUNGAN,KEDIRI
11855218662,,ODP-MJT-FA/96,-7.713941,111.939281,,,5,3,0,0,8,REGIONAL 5,KEDIRI,KEDIRI,MJT,,,2024-10-22 17:29:54,2024-10-22,2024,10,NON TITO,,,JAWA TIMUR,0.375,GREEN,1466527542,AREA 3,JATIM,MADIUN,KEDIRI,,,0,0,0,JAWA TIMUR,KEDIRI,TAROKAN,TAROKAN,KEDIRI
11849293834,,ODP-SBI-FE/55,-7.98587,112.032855,,,7,1,0,0,8,REGIONAL 5,KEDIRI,KEDIRI,SBI,,,2024-10-22 17:30:22,2024-10-22,2024,10,NON TITO,,,JAWA TIMUR,0.125,GREEN,1466527998,AREA 3,JATIM,MADIUN,KEDIRI,,,0,0,0,JAWA TIMUR,KEDIRI,RINGINREJO,SAMBI,KEDIRI
12224143722,,ODP-PAE-FK/33,-7.809402,112.150938,,,5,3,0,0,8,REGIONAL 5,KEDIRI,KEDIRI,PAE,,,2025-06-20 17:43:11,2025-06-20,2025,6,NON TITO,,,JAWA TIMUR,0.375,GREEN,1499399983,AREA 3,JATIM,MADIUN,KEDIRI,,,0,0,0,JAWA TIMUR,KEDIRI,PARE,SIDOREJO,KEDIRI
11849293839,,ODP-SBI-FE/53,-7.987728,112.031338,,,6,2,0,0,8,REGIONAL 5,KEDIRI,KEDIRI,SBI,,,2024-10-22 17:30:18,2024-10-22,2024,10,NON TITO,,,JAWA TIMUR,0.25,GREEN,1466528001,AREA 3,JATIM,MADIUN,KEDIRI,,,0,0,0,JAWA TIMUR,KEDIRI,RINGINREJO,SAMBI,KEDIRI
11849293844,,ODP-SBI-FE/52,-7.987695,112.03276,,,5,3,0,0,8,REGIONAL 5,KEDIRI,KEDIRI,SBI,,,2024-10-22 17:29:55,2024-10-22,2024,10,NON TITO,,,JAWA TIMUR,0.375,GREEN,1466528004,AREA 3,JATIM,MADIUN,KEDIRI,,,0,0,0,JAWA TIMUR,KEDIRI,RINGINREJO,SAMBI,KEDIRI
12226243562,,ODP-PPR-FB/52,-7.708085,112.123278,,,7,1,0,0,8,REGIONAL 5,KEDIRI,KEDIRI,PPR,,,2025-06-20 17:43:43,2025-06-19,2025,6,NON TITO,,,JAWA TIMUR,0.125,GREEN,1499397827,AREA 3,JATIM,MADIUN,KEDIRI,,,0,0,0,JAWA TIMUR,KEDIRI,PLEMAHAN,KAYEN LOR,KEDIRI
11951443588,,ODP-MJT-FAU/07,-7.695514,111.97348,,,5,3,0,0,8,REGIONAL 5,KEDIRI,KEDIRI,MJT,,,2024-11-17 23:37:34,2024-11-15,2024,11,NON TITO,,,JAWA TIMUR,0.375,GREEN,1485905579,AREA 3,JATIM,MADIUN,KEDIRI,,,0,0,0,JAWA TIMUR,KEDIRI,TAROKAN,BLIMBING,KEDIRI
11849293849,,ODP-SBI-FE/54,-7.98594,112.030555,,,6,2,0,0,8,REGIONAL 5,KEDIRI,KEDIRI,SBI,,,2024-10-22 17:30:18,2024-10-22,2024,10,NON TITO,,,JAWA TIMUR,0.25,GREEN,1466528007,AREA 3,JATIM,MADIUN,KEDIRI,,,0,0,0,JAWA TIMUR,KEDIRI,RINGINREJO,SAMBI,KEDIRI
121161352,,ODP-KDI-FF/12,-7.8108,112.026,,,5,3,0,0,8,REGIONAL 5,KEDIRI,KEDIRI,KDI,,,2024-03-16 23:27:18,2016-02-23,2016,2,NON TITO,,,JAWA TIMUR,0.375,GREEN,6562680,AREA 3,JATIM,MADIUN,KEDIRI,,,0,0,0,JAWA TIMUR,KOTA KEDIRI,KOTA KEDIRI,NGADIREJO,KEDIRI
12214018735,,ODP-SBI-FC/36,-7.958723,112.006254,,,5,3,0,0,8,REGIONAL 5,KEDIRI,KEDIRI,SBI,,,2025-06-18 17:52:47,2025-06-17,2025,6,NON TITO,,,JAWA TIMUR,0.375,GREEN,1499384805,AREA 3,JATIM,MADIUN,KEDIRI,,,0,0,0,JAWA TIMUR,KEDIRI,KRAS,BENDOSARI,KEDIRI
11849293862,,ODP-GUR-FH/56,-7.773762,112.094516,,,6,2,0,0,8,REGIONAL 5,KEDIRI,KEDIRI,GUR,,,2024-10-22 17:30:15,2024-10-22,2024,10,NON TITO,,,JAWA TIMUR,0.25,GREEN,1466528014,AREA 3,JATIM,MADIUN,KEDIRI,,,0,0,0,JAWA TIMUR,KEDIRI,PAGU,SEMANDING,KEDIRI
11832947512,,ODP-NDL-FP/52,-7.923692,111.950167,,,7,1,0,0,8,REGIONAL 5,KEDIRI,KEDIRI,NDL,,,2024-10-22 17:30:24,2024-10-22,2024,10,NON TITO,,,JAWA TIMUR,0.125,GREEN,1472061286,AREA 3,JATIM,MADIUN,KEDIRI,,,0,0,0,JAWA TIMUR,KEDIRI,KRAS,JAMBEAN,KEDIRI
11832947517,,ODP-NDL-FP/53,-7.926557,111.954753,,,6,2,0,0,8,REGIONAL 5,KEDIRI,KEDIRI,NDL,,,2024-10-22 17:29:57,2024-10-22,2024,10,NON TITO,,,JAWA TIMUR,0.25,GREEN,1472061289,AREA 3,JATIM,MADIUN,KEDIRI,,,0,0,0,JAWA TIMUR,KEDIRI,KRAS,JAMBEAN,KEDIRI
1074140198,,ODP-WAT-FL/13,-7.88788,112.09964,,,6,2,0,0,8,REGIONAL 5,KEDIRI,KEDIRI,WAT,,,2023-08-30 18:05:48,2016-11-25,2016,11,NON TITO,,,JAWA TIMUR,0.25,GREEN,38616753,AREA 3,JATIM,MADIUN,KEDIRI,,,0,0,0,JAWA TIMUR,KEDIRI,WATES,SUMBERAGUNG,KEDIRI
12014895592,,ODP-PAE-FE/43,-7.73105,112.151812,,,7,1,0,0,8,REGIONAL 5,KEDIRI,KEDIRI,PAE,,,2025-01-23 17:41:12,2025-01-22,2025,1,NON TITO,,,JAWA TIMUR,0.125,GREEN,1495931824,AREA 3,JATIM,MADIUN,KEDIRI,,,0,0,0,JAWA TIMUR,KEDIRI,PLEMAHAN,PUHJARAK,KEDIRI
12040246993,,ODP-KAA-FE/03,-7.783532,112.340122,,,7,1,0,0,8,REGIONAL 5,KEDIRI,KEDIRI,KAA,,,2025-01-31 00:03:18,2025-01-30,2025,1,NON TITO,,,JAWA TIMUR,0.125,GREEN,1495977384,AREA 3,JATIM,MADIUN,KEDIRI,,,0,0,0,JAWA TIMUR,MALANG,KASEMBON,WONOAGUNG,KEDIRI
12196618799,,ODP-PPR-FB/51,-7.682007,112.109557,,,5,3,0,0,8,REGIONAL 5,KEDIRI,KEDIRI,PPR,,,2025-06-05 17:43:54,2025-06-04,2025,6,NON TITO,,,JAWA TIMUR,0.375,GREEN,1499249439,AREA 3,JATIM,MADIUN,KEDIRI,,,0,0,0,JAWA TIMUR,KEDIRI,PAPAR,KEPUH,KEDIRI
12184993655,,ODP-PPR-FD/81,-7.661426,112.115264,,,7,1,0,0,8,REGIONAL 5,KEDIRI,KEDIRI,PPR,,,2025-05-25 17:58:57,2025-05-24,2025,5,NON TITO,,,JAWA TIMUR,0.125,GREEN,1498209577,AREA 3,JATIM,MADIUN,KEDIRI,,,0,0,0,JAWA TIMUR,KEDIRI,PURWOASRI,KETAWANG,KEDIRI
3106094406,,ODP-KDI-FBK/27,-7.816006,112.037768,,,10,6,0,0,16,REGIONAL 5,KEDIRI,KEDIRI,KDI,,,2023-08-30 18:08:04,2018-11-16,2018,11,NON TITO,,,JAWA TIMUR,0.375,GREEN,406371527,AREA 3,JATIM,MADIUN,KEDIRI,,,0,0,0,JAWA TIMUR,KEDIRI,NGASEM,DOKO,KEDIRI
11865568842,,ODP-KDI-FAP/38,-7.785289,112.040671,,,6,2,0,0,8,REGIONAL 5,KEDIRI,KEDIRI,KDI,,,2024-10-29 17:27:57,2024-10-28,2024,10,NON TITO,,,JAWA TIMUR,0.25,GREEN,1479128323,AREA 3,JATIM,MADIUN,KEDIRI,,,0,0,0,JAWA TIMUR,KEDIRI,NGASEM,NAMBAAN,KEDIRI
12184993645,,ODP-PPR-FD/79,-7.631999,112.127002,,,5,3,0,0,8,REGIONAL 5,KEDIRI,KEDIRI,PPR,,,2025-05-25 17:56:56,2025-05-24,2025,5,NON TITO,,,JAWA TIMUR,0.375,GREEN,1498209570,AREA 3,JATIM,MADIUN,KEDIRI,,,0,0,0,JAWA TIMUR,KEDIRI,PURWOASRI,BULU,KEDIRI
12186118590,,ODP-NDL-FL/38,-7.914228,112.01461,,,5,3,0,0,8,REGIONAL 5,KEDIRI,KEDIRI,NDL,,,2025-05-24 17:51:17,2025-05-23,2025,5,NON TITO,,,JAWA TIMUR,0.375,GREEN,1498201703,AREA 3,JATIM,MADIUN,KEDIRI,,,0,0,0,JAWA TIMUR,KEDIRI,NGADILUWIH,DUKUH,KEDIRI
121159371,,ODP-KDI-FR/24,-7.8157,112.0199,,,13,3,0,0,16,REGIONAL 5,KEDIRI,KEDIRI,KDI,,,2024-03-16 23:26:24,2016-02-23,2016,2,NON TITO,,,JAWA TIMUR,0.1875,GREEN,6561182,AREA 3,JATIM,MADIUN,KEDIRI,,,0,0,0,JAWA TIMUR,KOTA KEDIRI,KOTA,NGADIREJO,KEDIRI
11951443564,,ODP-MJT-FAU/10,-7.703383,111.970787,,,10,6,0,0,16,REGIONAL 5,KEDIRI,KEDIRI,MJT,,,2024-11-17 23:37:33,2024-11-15,2024,11,NON TITO,,,JAWA TIMUR,0.375,GREEN,1485905563,AREA 3,JATIM,MADIUN,KEDIRI,,,0,0,0,JAWA TIMUR,KEDIRI,TAROKAN,BLIMBING,KEDIRI
11865568867,,ODP-PPR-FD/67,-7.662899,112.091857,,,7,1,0,0,8,REGIONAL 5,KEDIRI,KEDIRI,PPR,,,2024-10-29 17:27:42,2024-10-28,2024,10,NON TITO,,,JAWA TIMUR,0.125,GREEN,1479128339,AREA 3,JATIM,MADIUN,KEDIRI,,,0,0,0,JAWA TIMUR,KEDIRI,PURWOASRI,MRANGGEN,KEDIRI
1859148478,,ODP-MJT-FV/24,-7.829212,111.968353,,,7,1,0,0,8,REGIONAL 5,KEDIRI,KEDIRI,MJT,,,2023-08-30 17:57:58,2017-09-27,2017,9,NON TITO,,,JAWA TIMUR,0.125,GREEN,212664779,AREA 3,JATIM,MADIUN,KEDIRI,,,0,0,0,JAWA TIMUR,KEDIRI,SEMEN,SEMEN,KEDIRI
12044444679,,ODP-KDI-FAA/87,-7.742585,112.040051,,,6,2,0,0,8,REGIONAL 5,KEDIRI,KEDIRI,KDI,,,2025-02-04 17:48:58,2025-02-03,2025,2,NON TITO,,,JAWA TIMUR,0.25,GREEN,1495880717,AREA 3,JATIM,MADIUN,KEDIRI,,,0,0,0,JAWA TIMUR,KEDIRI,KAYEN KIDUL,BAYE,KEDIRI
11865568872,,ODP-PPR-FD/68,-7.664453,112.092395,,,5,3,0,0,8,REGIONAL 5,KEDIRI,KEDIRI,PPR,,,2024-10-29 17:27:01,2024-10-28,2024,10,NON TITO,,,JAWA TIMUR,0.375,GREEN,1479128342,AREA 3,JATIM,MADIUN,KEDIRI,,,0,0,0,JAWA TIMUR,KEDIRI,PURWOASRI,MRANGGEN,KEDIRI
12044295423,,ODP-NDL-FH/62,-7.924431,112.011771,,,7,1,0,0,8,REGIONAL 5,KEDIRI,KEDIRI,NDL,,,2025-02-04 17:45:59,2025-02-03,2025,2,NON TITO,,,JAWA TIMUR,0.125,GREEN,1496008058,AREA 3,JATIM,MADIUN,KEDIRI,,,0,0,0,JAWA TIMUR,KEDIRI,KANDAT,CENDONO,KEDIRI
11876368677,,ODP-PPR-FC/39,-7.714334,112.093272,,,7,1,0,0,8,REGIONAL 5,KEDIRI,KEDIRI,PPR,,,2024-10-29 17:27:54,2024-10-28,2024,10,NON TITO,,,JAWA TIMUR,0.125,GREEN,1479129162,AREA 3,JATIM,MADIUN,KEDIRI,,,0,0,0,JAWA TIMUR,KEDIRI,PAPAR,JANTI,KEDIRI
11876368687,,ODP-PPR-FC/41,-7.712893,112.091238,,,6,2,0,0,8,REGIONAL 5,KEDIRI,KEDIRI,PPR,,,2024-10-29 17:27:47,2024-10-28,2024,10,NON TITO,,,JAWA TIMUR,0.25,GREEN,1479129170,AREA 3,JATIM,MADIUN,KEDIRI,,,0,0,0,JAWA TIMUR,KEDIRI,PAPAR,JANTI,KEDIRI
11869394085,,ODP-PAE-FAL/64,-7.750953,112.218122,,,7,1,0,0,8,REGIONAL 5,KEDIRI,KEDIRI,PAE,,,2024-10-29 17:28:04,2024-10-28,2024,10,NON TITO,,,JAWA TIMUR,0.125,GREEN,1479130352,AREA 3,JATIM,MADIUN,KEDIRI,,,0,0,0,JAWA TIMUR,KEDIRI,BADAS,CANGGU,KEDIRI
12047443696,,ODP-PAE-FAD/28,-7.775646,112.153405,,,5,3,0,0,8,REGIONAL 5,KEDIRI,KEDIRI,PAE,,,2025-02-01 17:40:31,2025-01-31,2025,1,NON TITO,,,JAWA TIMUR,0.375,GREEN,1495874636,AREA 3,JATIM,MADIUN,KEDIRI,,,0,0,0,JAWA TIMUR,KEDIRI,PARE,DARUNGAN,KEDIRI
11864593805,,ODP-PAE-FH/49,-7.740101,112.200011,,,5,3,0,0,8,REGIONAL 5,KEDIRI,KEDIRI,PAE,,,2024-10-26 17:24:14,2024-10-25,2024,10,NON TITO,,,JAWA TIMUR,0.375,GREEN,1479862569,AREA 3,JATIM,MADIUN,KEDIRI,,,0,0,0,JAWA TIMUR,KEDIRI,BADAS,BRINGIN,KEDIRI
12047443691,,ODP-PAE-FAD/27,-7.779329,112.154874,,,7,1,0,0,8,REGIONAL 5,KEDIRI,KEDIRI,PAE,,,2025-02-01 17:41:21,2025-01-31,2025,1,NON TITO,,,JAWA TIMUR,0.125,GREEN,1495874633,AREA 3,JATIM,MADIUN,KEDIRI,,,0,0,0,JAWA TIMUR,KEDIRI,PARE,DARUNGAN,KEDIRI
12185669183,,ODP-MJT-FA/99,-7.725883,111.947098,,,7,1,0,0,8,REGIONAL 5,KEDIRI,KEDIRI,MJT,,,2025-05-29 17:54:25,2025-05-28,2025,5,NON TITO,,,JAWA TIMUR,0.125,GREEN,1498233735,AREA 3,JATIM,MADIUN,KEDIRI,,,0,0,0,JAWA TIMUR,KEDIRI,TAROKAN,KALIBOTO,KEDIRI
11869018844,,ODP-WAT-FN/33,-7.907555,112.12718,,,5,3,0,0,8,REGIONAL 5,KEDIRI,KEDIRI,WAT,,,2024-10-27 17:27:58,2024-10-27,2024,10,NON TITO,,,JAWA TIMUR,0.375,GREEN,1479866915,AREA 3,JATIM,MADIUN,KEDIRI,,,0,0,0,JAWA TIMUR,KEDIRI,WATES,JAJAR,KEDIRI
11868718748,,ODP-NDL-FP/55,-7.912897,111.956015,,,7,1,0,0,8,REGIONAL 5,KEDIRI,KEDIRI,NDL,,,2024-10-28 17:47:02,2024-10-28,2024,10,NON TITO,,,JAWA TIMUR,0.125,GREEN,1479127553,AREA 3,JATIM,MADIUN,KEDIRI,,,0,0,0,JAWA TIMUR,KEDIRI,MOJO,TAMBIBENDO,KEDIRI
121232383,,ODP-KDI-FR/01,-7.8167,112.0276,,,5,2,0,0,8,REGIONAL 5,KEDIRI,KEDIRI,KDI,,,2024-03-16 23:27:26,2016-02-23,2016,2,NON TITO,,,JAWA TIMUR,0.25,GREEN,6634285,AREA 3,JATIM,MADIUN,KEDIRI,,,0,0,0,JAWA TIMUR,KOTA KEDIRI,KOTA,BANJARAN,KEDIRI
11868943646,,ODP-NDL-FD/67,-7.884828,111.961055,,,7,1,0,0,8,REGIONAL 5,KEDIRI,KEDIRI,NDL,,,2024-10-28 17:46:50,2024-10-28,2024,10,NON TITO,,,JAWA TIMUR,0.125,GREEN,1479128082,AREA 3,JATIM,MADIUN,KEDIRI,,,0,0,0,JAWA TIMUR,KEDIRI,MOJO,SURAT,KEDIRI
11868943651,,ODP-NDL-FD/66,-7.885952,111.959428,,,6,2,0,0,8,REGIONAL 5,KEDIRI,KEDIRI,NDL,,,2024-10-28 17:47:04,2024-10-28,2024,10,NON TITO,,,JAWA TIMUR,0.25,GREEN,1479128085,AREA 3,JATIM,MADIUN,KEDIRI,,,0,0,0,JAWA TIMUR,KEDIRI,MOJO,SURAT,KEDIRI
11869169272,,ODP-PAE-FN/39,-7.785496,112.24489,,,6,2,0,0,8,REGIONAL 5,KEDIRI,KEDIRI,PAE,,,2024-10-28 17:47:23,2024-10-27,2024,10,NON TITO,,,JAWA TIMUR,0.25,GREEN,1479867371,AREA 3,JATIM,MADIUN,KEDIRI,,,0,0,0,JAWA TIMUR,KEDIRI,KEPUNG,KRENCENG,KEDIRI
12040093691,,ODP-PAE-FAL/70,-7.758511,112.206136,,,7,1,0,0,8,REGIONAL 5,KEDIRI,KEDIRI,PAE,,,2025-01-31 00:02:24,2025-01-30,2025,1,NON TITO,,,JAWA TIMUR,0.125,GREEN,1495977823,AREA 3,JATIM,MADIUN,KEDIRI,,,0,0,0,JAWA TIMUR,KEDIRI,BADAS,LAMONG,KEDIRI
12196168622,,ODP-KDI-FX/116,-7.841377,112.01853,,,5,3,0,0,8,REGIONAL 5,KEDIRI,KEDIRI,KDI,,,2025-06-04 17:53:24,2025-06-03,2025,6,NON TITO,,,JAWA TIMUR,0.375,GREEN,1499242313,AREA 3,JATIM,MADIUN,KEDIRI,,,0,0,0,JAWA TIMUR,KOTA KEDIRI,KOTA KEDIRI,NGRONGGO,KEDIRI
12040093696,,ODP-PAE-FAL/67,-7.750111,112.207633,,,7,1,0,0,8,REGIONAL 5,KEDIRI,KEDIRI,PAE,,,2025-01-31 00:02:37,2025-01-30,2025,1,NON TITO,,,JAWA TIMUR,0.125,GREEN,1495977826,AREA 3,JATIM,MADIUN,KEDIRI,,,0,0,0,JAWA TIMUR,KEDIRI,BADAS,LAMONG,KEDIRI
1221120033,,ODP-KDI-FAN/05,-7.810161,112.017555,,,11,5,0,0,16,REGIONAL 5,KEDIRI,KEDIRI,KDI,,,2023-08-30 18:11:42,2017-02-08,2017,2,NON TITO,,,JAWA TIMUR,0.3125,GREEN,62591315,AREA 3,JATIM,MADIUN,KEDIRI,,,0,0,0,JAWA TIMUR,KOTA KEDIRI,KOTA,DANDANGAN,KEDIRI
12040093701,,ODP-PAE-FAL/68,-7.754138,112.206308,,,5,3,0,0,8,REGIONAL 5,KEDIRI,KEDIRI,PAE,,,2025-01-31 00:00:44,2025-01-30,2025,1,NON TITO,,,JAWA TIMUR,0.375,GREEN,1495977829,AREA 3,JATIM,MADIUN,KEDIRI,,,0,0,0,JAWA TIMUR,KEDIRI,BADAS,LAMONG,KEDIRI
12186344025,,ODP-PPR-FG/67,-7.701098,112.180478,,,6,2,0,0,8,REGIONAL 5,KEDIRI,KEDIRI,PPR,,,2025-06-01 19:17:08,2025-05-31,2025,5,NON TITO,,,JAWA TIMUR,0.25,GREEN,1499225203,AREA 3,JATIM,MADIUN,KEDIRI,,,0,0,0,JAWA TIMUR,KEDIRI,PLEMAHAN,RINGINPITU,KEDIRI
12186344020,,ODP-PPR-FG/68,-7.698522,112.181611,,,6,2,0,0,8,REGIONAL 5,KEDIRI,KEDIRI,PPR,,,2025-06-01 19:17:51,2025-05-31,2025,5,NON TITO,,,JAWA TIMUR,0.25,GREEN,1499225200,AREA 3,JATIM,MADIUN,KEDIRI,,,0,0,0,JAWA TIMUR,KEDIRI,PLEMAHAN,RINGINPITU,KEDIRI
121234228,,ODP-KDI-FAA/55,-7.7585,112.0289,,,7,1,0,0,8,REGIONAL 5,KEDIRI,KEDIRI,KDI,,,2024-03-16 23:28:58,2016-02-23,2016,2,NON TITO,,,JAWA TIMUR,0.125,GREEN,6635654,AREA 3,JATIM,MADIUN,KEDIRI,,,0,0,0,JAWA TIMUR,KEDIRI,GAMPENGREJO,NGEBRAK,KEDIRI
12047443681,,ODP-PAE-FAD/29,-7.777862,112.152523,,,7,1,0,0,8,REGIONAL 5,KEDIRI,KEDIRI,PAE,,,2025-02-01 17:41:29,2025-01-31,2025,1,NON TITO,,,JAWA TIMUR,0.125,GREEN,1495874626,AREA 3,JATIM,MADIUN,KEDIRI,,,0,0,0,JAWA TIMUR,KEDIRI,PARE,DARUNGAN,KEDIRI
12047443686,,ODP-PAE-FAD/30,-7.775979,112.149546,,,6,2,0,0,8,REGIONAL 5,KEDIRI,KEDIRI,PAE,,,2025-02-01 17:41:09,2025-01-31,2025,1,NON TITO,,,JAWA TIMUR,0.25,GREEN,1495874629,AREA 3,JATIM,MADIUN,KEDIRI,,,0,0,0,JAWA TIMUR,KEDIRI,PARE,DARUNGAN,KEDIRI
12050293656,,ODP-KAA-FA/36,-7.796137,112.313098,,,5,3,0,0,8,REGIONAL 5,KEDIRI,KEDIRI,KAA,,,2025-02-07 17:37:07,2025-02-06,2025,2,NON TITO,,,JAWA TIMUR,0.375,GREEN,1495887190,AREA 3,JATIM,MADIUN,KEDIRI,,,0,0,0,JAWA TIMUR,MALANG,KASEMBON,BAYEM,KEDIRI
11836247568,,ODP-PPR-FC/38,-7.700827,112.09638,,,5,3,0,0,8,REGIONAL 5,KEDIRI,KEDIRI,PPR,,,2024-10-22 17:30:01,2024-10-21,2024,10,NON TITO,,,JAWA TIMUR,0.375,GREEN,1466523254,AREA 3,JATIM,MADIUN,KEDIRI,,,0,0,0,JAWA TIMUR,KEDIRI,PAPAR,PAPAR,KEDIRI
11832797077,,ODP-MJT-FU/27,-7.835953,111.954442,,,6,2,0,0,8,REGIONAL 5,KEDIRI,KEDIRI,MJT,,,2024-10-21 17:09:48,2024-10-21,2024,10,NON TITO,,,JAWA TIMUR,0.25,GREEN,1471536523,AREA 3,JATIM,MADIUN,KEDIRI,,,0,0,0,JAWA TIMUR,KEDIRI,SEMEN,PUHSARANG,KEDIRI
12020531308,,ODP-PPR-FC/50,-7.714175,112.094765,,,6,2,0,0,8,REGIONAL 5,KEDIRI,KEDIRI,PPR,,,2025-01-21 17:45:44,2025-01-20,2025,1,NON TITO,,,JAWA TIMUR,0.25,GREEN,1495913547,AREA 3,JATIM,MADIUN,KEDIRI,,,0,0,0,JAWA TIMUR,KEDIRI,PAPAR,JANTI,KEDIRI
121234561,,ODP-KDI-FV/09,-7.8339,112.0492,,,6,2,0,0,8,REGIONAL 5,KEDIRI,KEDIRI,KDI,,,2024-03-16 23:28:55,2016-02-23,2016,2,NON TITO,,,JAWA TIMUR,0.25,GREEN,6635860,AREA 3,JATIM,MADIUN,KEDIRI,,,0,0,0,JAWA TIMUR,KOTA KEDIRI,PESANTREN,BANGSAL,KEDIRI
12234270490,,ODP-KDI-FAH/65,-7.818243,112.012745,,,14,2,0,0,16,REGIONAL 5,KEDIRI,KEDIRI,KDI,,,2025-07-02 00:09:55,2025-07-01,2025,7,NON TITO,,,JAWA TIMUR,0.125,GREEN,1499820604,AREA 3,JATIM,MADIUN,KEDIRI,,,0,0,0,JAWA TIMUR,KOTA KEDIRI,KOTA KEDIRI,SETONO GEDONG,KEDIRI
11833094443,,ODP-GUR-FC/29,-7.824255,112.101154,,,7,1,0,0,8,REGIONAL 5,KEDIRI,KEDIRI,GUR,,,2024-10-14 17:26:11,2024-10-14,2024,10,NON TITO,,,JAWA TIMUR,0.125,GREEN,1465615861,AREA 3,JATIM,MADIUN,KEDIRI,,,0,0,0,JAWA TIMUR,KEDIRI,GURAH,BESUK,KEDIRI
12234270485,,ODP-KDI-FAH/70,-7.814715,112.008534,,,10,6,0,0,16,REGIONAL 5,KEDIRI,KEDIRI,KDI,,,2025-07-02 00:10:03,2025-07-01,2025,7,NON TITO,,,JAWA TIMUR,0.375,GREEN,1499820601,AREA 3,JATIM,MADIUN,KEDIRI,,,0,0,0,JAWA TIMUR,KOTA KEDIRI,KOTA,PAKELAN,KEDIRI
12012871116,,ODP-MJT-FC/61,-7.743869,111.990431,,,6,2,0,0,8,REGIONAL 5,KEDIRI,KEDIRI,MJT,,,2025-01-21 17:45:18,2025-01-20,2025,1,NON TITO,,,JAWA TIMUR,0.25,GREEN,1495917479,AREA 3,JATIM,MADIUN,KEDIRI,,,0,0,0,JAWA TIMUR,KEDIRI,GROGOL,DATENGAN,KEDIRI
11833543650,,ODP-MJT-FA/92,-7.737206,111.947582,,,6,2,0,0,8,REGIONAL 5,KEDIRI,KEDIRI,MJT,,,2024-10-14 17:29:26,2024-10-14,2024,10,NON TITO,,,JAWA TIMUR,0.25,GREEN,1465616148,AREA 3,JATIM,MADIUN,KEDIRI,,,0,0,0,JAWA TIMUR,KEDIRI,TAROKAN,BULUSARI,KEDIRI
121234559,,ODP-KDI-FK/33,-7.790953,112.031407,,,5,3,0,0,8,REGIONAL 5,KEDIRI,KEDIRI,KDI,,,2024-03-16 23:28:54,2016-02-23,2016,2,NON TITO,,,JAWA TIMUR,0.375,GREEN,6635858,AREA 3,JATIM,MADIUN,KEDIRI,,,0,0,0,JAWA TIMUR,KEDIRI,NGASEM,KWADUNGAN,KEDIRI
12234270480,,ODP-KDI-FAH/74,-7.81921,112.009422,,,10,6,0,0,16,REGIONAL 5,KEDIRI,KEDIRI,KDI,,,2025-07-02 00:08:17,2025-07-01,2025,7,NON TITO,,,JAWA TIMUR,0.375,GREEN,1499820598,AREA 3,JATIM,MADIUN,KEDIRI,,,0,0,0,JAWA TIMUR,KOTA KEDIRI,KOTA,PAKELAN,KEDIRI
12234270470,,ODP-KDI-FAH/80,-7.820385,112.011161,,,5,3,0,0,8,REGIONAL 5,KEDIRI,KEDIRI,KDI,,,2025-07-02 00:08:48,2025-07-01,2025,7,NON TITO,,,JAWA TIMUR,0.375,GREEN,1499820592,AREA 3,JATIM,MADIUN,KEDIRI,,,0,0,0,JAWA TIMUR,KOTA KEDIRI,KOTA,PAKELAN,KEDIRI
11833543653,,ODP-MJT-FA/91,-7.731347,111.950453,,,7,1,0,0,8,REGIONAL 5,KEDIRI,KEDIRI,MJT,,,2024-10-14 17:29:14,2024-10-14,2024,10,NON TITO,,,JAWA TIMUR,0.125,GREEN,1465616150,AREA 3,JATIM,MADIUN,KEDIRI,,,0,0,0,JAWA TIMUR,KEDIRI,TAROKAN,KALIBOTO,KEDIRI
121161061,,ODP-KDI-FK/25,-7.7905,112.0311,,,5,3,0,0,8,REGIONAL 5,KEDIRI,KEDIRI,KDI,,,2024-03-16 23:26:43,2016-02-23,2016,2,NON TITO,,,JAWA TIMUR,0.375,GREEN,6562470,AREA 3,JATIM,MADIUN,KEDIRI,,,0,0,0,JAWA TIMUR,KEDIRI,NGASEM,KWADUNGAN,KEDIRI
11833543659,,ODP-MJT-FA/93,-7.734525,111.947344,,,6,2,0,0,8,REGIONAL 5,KEDIRI,KEDIRI,MJT,,,2024-10-14 17:29:09,2024-10-14,2024,10,NON TITO,,,JAWA TIMUR,0.25,GREEN,1465616154,AREA 3,JATIM,MADIUN,KEDIRI,,,0,0,0,JAWA TIMUR,KEDIRI,TAROKAN,BULUSARI,KEDIRI
121161062,,ODP-KDI-FAA/23,-7.7568,112.0442,,,4,3,0,0,8,REGIONAL 5,KEDIRI,KEDIRI,KDI,,,2024-03-16 23:26:51,2016-02-23,2016,2,NON TITO,,,JAWA TIMUR,0.375,GREEN,6562471,AREA 3,JATIM,MADIUN,KEDIRI,,,0,0,0,JAWA TIMUR,KEDIRI,GAMPENGREJO,PLOSOREJO,KEDIRI
8482169035,,ODP-PAE-FK/26,-7.804906,112.183134,,,5,3,0,0,8,REGIONAL 5,KEDIRI,KEDIRI,PAE,,,2023-08-30 18:05:07,2022-03-02,2022,3,NON TITO,,,JAWA TIMUR,0.375,GREEN,1168329814,AREA 3,JATIM,MADIUN,KEDIRI,,,0,0,0,JAWA TIMUR,KEDIRI,PARE,GEDANGSEWU,KEDIRI
906793528,,ODP-PAE-FF/56,-7.760855,112.185782,,,11,5,0,0,16,REGIONAL 5,KEDIRI,KEDIRI,PAE,,,2023-08-30 18:01:45,2016-09-13,2016,9,NON TITO,,,JAWA TIMUR,0.3125,GREEN,35664306,AREA 3,JATIM,MADIUN,KEDIRI,,,0,0,0,JAWA TIMUR,KEDIRI,PARE,TULUNGREJO,KEDIRI
11836094518,,ODP-KDI-FT/33,-7.834806,112.087284,,,7,1,0,0,8,REGIONAL 5,KEDIRI,KEDIRI,KDI,,,2024-10-15 17:23:04,2024-10-15,2024,10,NON TITO,,,JAWA TIMUR,0.125,GREEN,1465542029,AREA 3,JATIM,MADIUN,KEDIRI,,,0,0,0,JAWA TIMUR,KEDIRI,GURAH,KRANGGAN,KEDIRI
121160992,,ODP-KDI-FAK/28,-7.806,112.0128,,,12,4,0,0,16,REGIONAL 5,KEDIRI,KEDIRI,KDI,,,2024-03-16 23:27:09,2016-02-23,2016,2,NON TITO,,,JAWA TIMUR,0.25,GREEN,6562424,AREA 3,JATIM,MADIUN,KEDIRI,,,0,0,0,JAWA TIMUR,KOTA KEDIRI,KOTA,BALOWERTI,KEDIRI
121231686,,ODP-KDI-FCLL/01,-7.8148,112.017,,,10,4,0,0,16,REGIONAL 5,KEDIRI,KEDIRI,KDI,,,2024-03-16 23:28:35,2016-02-23,2016,2,NON TITO,,,JAWA TIMUR,0.25,GREEN,6633741,AREA 3,JATIM,MADIUN,KEDIRI,,,0,0,0,JAWA TIMUR,KOTA KEDIRI,KOTA,DANDANGAN,KEDIRI
12023594726,,ODP-PPR-FG/58,-7.649128,112.181534,,,5,3,0,0,8,REGIONAL 5,KEDIRI,KEDIRI,PPR,,,2025-01-11 17:39:08,2025-01-10,2025,1,NON TITO,,,JAWA TIMUR,0.375,GREEN,1495708839,AREA 3,JATIM,MADIUN,KEDIRI,,,0,0,0,JAWA TIMUR,KEDIRI,KUNJANG,JUWET,KEDIRI
8620768787,,ODP-SBI-FL/04,-7.928184,112.036948,,,6,2,0,0,8,REGIONAL 5,KEDIRI,KEDIRI,SBI,,,2023-08-30 18:00:04,2022-04-05,2022,4,NON TITO,,,JAWA TIMUR,0.25,GREEN,1170372887,AREA 3,JATIM,MADIUN,KEDIRI,,,0,0,0,JAWA TIMUR,KEDIRI,KANDAT,KANDAT,KEDIRI
12020229681,,ODP-WAT-FD/29,-7.942064,112.106032,,,5,3,0,0,8,REGIONAL 5,KEDIRI,KEDIRI,WAT,,,2025-01-14 23:40:04,2025-01-14,2025,1,NON TITO,,,JAWA TIMUR,0.375,GREEN,1495731036,AREA 3,JATIM,MADIUN,KEDIRI,,,0,0,0,JAWA TIMUR,KEDIRI,WATES,DUWET,KEDIRI
726719456,,ODP-KDI-FAA/42,-7.7668,112.0261,,,5,3,0,0,8,REGIONAL 5,KEDIRI,KEDIRI,KDI,,,2023-08-30 18:07:27,2016-07-01,2016,7,NON TITO,,,JAWA TIMUR,0.375,GREEN,33734710,AREA 3,JATIM,MADIUN,KEDIRI,,,0,0,0,JAWA TIMUR,KEDIRI,GAMPENGREJO,NGEBRAK,KEDIRI
12020229686,,ODP-WAT-FD/28,-7.938029,112.099409,,,5,3,0,0,8,REGIONAL 5,KEDIRI,KEDIRI,WAT,,,2025-01-14 23:39:48,2025-01-14,2025,1,NON TITO,,,JAWA TIMUR,0.375,GREEN,1495731039,AREA 3,JATIM,MADIUN,KEDIRI,,,0,0,0,JAWA TIMUR,KEDIRI,WATES,DUWET,KEDIRI
11836019265,,ODP-PPR-FC/35,-7.706179,112.093062,,,7,1,0,0,8,REGIONAL 5,KEDIRI,KEDIRI,PPR,,,2024-10-14 17:28:47,2024-10-14,2024,10,NON TITO,,,JAWA TIMUR,0.125,GREEN,1465615131,AREA 3,JATIM,MADIUN,KEDIRI,,,0,0,0,JAWA TIMUR,KEDIRI,PAPAR,PAPAR,KEDIRI
11836019270,,ODP-PPR-FC/33,-7.706492,112.089784,,,5,3,0,0,8,REGIONAL 5,KEDIRI,KEDIRI,PPR,,,2024-10-14 17:29:24,2024-10-14,2024,10,NON TITO,,,JAWA TIMUR,0.375,GREEN,1465615134,AREA 3,JATIM,MADIUN,KEDIRI,,,0,0,0,JAWA TIMUR,KEDIRI,PAPAR,JANTI,KEDIRI
11836019275,,ODP-PPR-FC/36,-7.705278,112.090555,,,7,1,0,0,8,REGIONAL 5,KEDIRI,KEDIRI,PPR,,,2024-10-14 17:28:16,2024-10-14,2024,10,NON TITO,,,JAWA TIMUR,0.125,GREEN,1465615137,AREA 3,JATIM,MADIUN,KEDIRI,,,0,0,0,JAWA TIMUR,KEDIRI,PAPAR,PAPAR,KEDIRI
121231678,,ODP-KDI-FB/06,-7.7514,112.033,,,6,2,0,0,8,REGIONAL 5,KEDIRI,KEDIRI,KDI,,,2024-03-16 23:27:59,2016-02-23,2016,2,NON TITO,,,JAWA TIMUR,0.25,GREEN,6633736,AREA 3,JATIM,MADIUN,KEDIRI,,,0,0,0,JAWA TIMUR,KEDIRI,GAMPENGREJO,NGEBRAK,KEDIRI
11836019280,,ODP-PPR-FC/34,-7.706481,112.091193,,,7,1,0,0,8,REGIONAL 5,KEDIRI,KEDIRI,PPR,,,2024-10-14 17:29:22,2024-10-14,2024,10,NON TITO,,,JAWA TIMUR,0.125,GREEN,1465615140,AREA 3,JATIM,MADIUN,KEDIRI,,,0,0,0,JAWA TIMUR,KEDIRI,PAPAR,PAPAR,KEDIRI
12025469703,,ODP-WAT-FX/46,-7.870098,112.122209,,,7,1,0,0,8,REGIONAL 5,KEDIRI,KEDIRI,WAT,,,2025-01-14 23:40:10,2025-01-14,2025,1,NON TITO,,,JAWA TIMUR,0.125,GREEN,1495731695,AREA 3,JATIM,MADIUN,KEDIRI,,,0,0,0,JAWA TIMUR,KEDIRI,PLOSOKLATEN,GONDANG,KEDIRI
11833094437,,ODP-GUR-FC/30,-7.825254,112.103219,,,6,2,0,0,8,REGIONAL 5,KEDIRI,KEDIRI,GUR,,,2024-10-14 17:29:23,2024-10-14,2024,10,NON TITO,,,JAWA TIMUR,0.25,GREEN,1465615857,AREA 3,JATIM,MADIUN,KEDIRI,,,0,0,0,JAWA TIMUR,KEDIRI,GURAH,BESUK,KEDIRI
121160976,,ODP-KDI-FV/02,-7.8335,112.0527,,,7,1,0,0,8,REGIONAL 5,KEDIRI,KEDIRI,KDI,,,2024-03-16 23:26:23,2016-02-23,2016,2,NON TITO,,,JAWA TIMUR,0.125,GREEN,6562410,AREA 3,JATIM,MADIUN,KEDIRI,,,0,0,0,JAWA TIMUR,KEDIRI,NGASEM,TUGUREJO,KEDIRI
12247321169,,ODP-PPR-FF/57,-7.675907,112.087739,,,6,2,0,0,8,REGIONAL 5,KEDIRI,KEDIRI,PPR,,,2025-07-08 18:01:43,2025-07-07,2025,7,NON TITO,,,JAWA TIMUR,0.25,GREEN,1499577195,AREA 3,JATIM,MADIUN,KEDIRI,,,0,0,0,JAWA TIMUR,KEDIRI,PAPAR,TANON,KEDIRI
12025469708,,ODP-WAT-FX/48,-7.862566,112.121097,,,7,1,0,0,8,REGIONAL 5,KEDIRI,KEDIRI,WAT,,,2025-01-14 23:40:14,2025-01-14,2025,1,NON TITO,,,JAWA TIMUR,0.125,GREEN,1495731698,AREA 3,JATIM,MADIUN,KEDIRI,,,0,0,0,JAWA TIMUR,KEDIRI,PLOSOKLATEN,PANJER,KEDIRI
12021055449,,ODP-PAE-FAB/42,-7.825152,112.301708,,,5,3,0,0,8,REGIONAL 5,KEDIRI,KEDIRI,PAE,,,2025-01-18 23:36:29,2025-01-17,2025,1,NON TITO,,,JAWA TIMUR,0.375,GREEN,1495748988,AREA 3,JATIM,MADIUN,KEDIRI,,,0,0,0,JAWA TIMUR,KEDIRI,KEPUNG,SIMAN,KEDIRI
121232153,,ODP-KDI-FCLG/01,-7.7652,112.0279,,,3,3,0,0,8,REGIONAL 5,KEDIRI,KEDIRI,KDI,,,2024-03-16 23:28:40,2016-02-23,2016,2,NON TITO,,,JAWA TIMUR,0.375,GREEN,6634107,AREA 3,JATIM,MADIUN,KEDIRI,,,0,0,0,JAWA TIMUR,KEDIRI,GAMPENGREJO,NGEBRAK,KEDIRI
12024795754,,ODP-PPR-FG/57,-7.65279,112.140034,,,7,1,0,0,8,REGIONAL 5,KEDIRI,KEDIRI,PPR,,,2025-01-21 17:42:54,2025-01-21,2025,1,NON TITO,,,JAWA TIMUR,0.125,GREEN,1495920281,AREA 3,JATIM,MADIUN,KEDIRI,,,0,0,0,JAWA TIMUR,KEDIRI,PURWOASRI,BELOR,KEDIRI
11838793840,,ODP-GUR-FK/24,-7.799904,112.109798,,,7,1,0,0,8,REGIONAL 5,KEDIRI,KEDIRI,GUR,,,2024-10-15 17:23:07,2024-10-14,2024,10,NON TITO,,,JAWA TIMUR,0.125,GREEN,1465617189,AREA 3,JATIM,MADIUN,KEDIRI,,,0,0,0,JAWA TIMUR,KEDIRI,GURAH,GEMPOLAN,KEDIRI
8384819020,,ODP-NDL-FH/47,-7.911022,111.992499,,,5,3,0,0,8,REGIONAL 5,KEDIRI,KEDIRI,NDL,,,2023-08-30 18:05:48,2022-01-26,2022,1,NON TITO,,,JAWA TIMUR,0.375,GREEN,1165131559,AREA 3,JATIM,MADIUN,KEDIRI,,,0,0,0,JAWA TIMUR,KEDIRI,NGADILUWIH,BRANGGAHAN,KEDIRI
3220096136,,ODP-GUR-FH/20,-7.762096,112.090575,,,5,3,0,0,8,REGIONAL 5,KEDIRI,KEDIRI,GUR,,,2023-08-30 18:11:38,2018-12-28,2018,12,NON TITO,,,JAWA TIMUR,0.375,GREEN,408399241,AREA 3,JATIM,MADIUN,KEDIRI,,,0,0,0,JAWA TIMUR,KEDIRI,PAGU,PAGU,KEDIRI
11831447390,,ODP-PPR-FJ/24,-7.728226,112.128416,,,5,3,0,0,8,REGIONAL 5,KEDIRI,KEDIRI,PPR,,,2024-10-20 17:27:52,2024-10-20,2024,10,NON TITO,,,JAWA TIMUR,0.375,GREEN,1466516670,AREA 3,JATIM,MADIUN,KEDIRI,,,0,0,0,JAWA TIMUR,KEDIRI,KAYEN KIDUL,PADANGAN,KEDIRI
121234439,,ODP-KDI-FF/16,-7.8102,112.0237,,,9,6,0,0,16,REGIONAL 5,KEDIRI,KEDIRI,KDI,,,2024-03-16 23:28:57,2016-02-23,2016,2,NON TITO,,,JAWA TIMUR,0.375,GREEN,6635784,AREA 3,JATIM,MADIUN,KEDIRI,,,0,0,0,JAWA TIMUR,KOTA KEDIRI,KOTA,NGADIREJO,KEDIRI
11853793528,,ODP-PAE-FZ/33,-7.726518,112.203434,,,6,2,0,0,8,REGIONAL 5,KEDIRI,KEDIRI,PAE,,,2024-10-20 17:28:02,2024-10-20,2024,10,NON TITO,,,JAWA TIMUR,0.25,GREEN,1466517172,AREA 3,JATIM,MADIUN,KEDIRI,,,0,0,0,JAWA TIMUR,KEDIRI,BADAS,TUNGLUR,KEDIRI
11832946799,,ODP-KAA-FB/78,-7.755489,112.280911,,,7,1,0,0,8,REGIONAL 5,KEDIRI,KEDIRI,KAA,,,2024-10-20 17:28:53,2024-10-20,2024,10,NON TITO,,,JAWA TIMUR,0.125,GREEN,1466517294,AREA 3,JATIM,MADIUN,KEDIRI,,,0,0,0,JAWA TIMUR,KEDIRI,KANDANGAN,KANDANGAN,KEDIRI
121234432,,ODP-KDI-FF/13,-7.8107,112.0255,,,6,2,0,0,8,REGIONAL 5,KEDIRI,KEDIRI,KDI,,,2024-03-16 23:28:54,2016-02-23,2016,2,NON TITO,,,JAWA TIMUR,0.25,GREEN,6635779,AREA 3,JATIM,MADIUN,KEDIRI,,,0,0,0,JAWA TIMUR,KOTA KEDIRI,KOTA KEDIRI,NGADIREJO,KEDIRI
121161216,,ODP-KDI-FV/01,-7.8348,112.0519,,,6,2,0,0,8,REGIONAL 5,KEDIRI,KEDIRI,KDI,,,2024-03-16 23:26:28,2016-02-23,2016,2,NON TITO,,,JAWA TIMUR,0.25,GREEN,6562588,AREA 3,JATIM,MADIUN,KEDIRI,,,0,0,0,JAWA TIMUR,KEDIRI,NGASEM,TUGUREJO,KEDIRI
121161243,,ODP-KDI-FF/21,-7.8121,112.027,,,12,4,0,0,16,REGIONAL 5,KEDIRI,KEDIRI,KDI,,,2024-03-16 23:27:13,2016-02-23,2016,2,NON TITO,,,JAWA TIMUR,0.25,GREEN,6562608,AREA 3,JATIM,MADIUN,KEDIRI,,,0,0,0,JAWA TIMUR,KOTA KEDIRI,KOTA KEDIRI,NGADIREJO,KEDIRI
11832946804,,ODP-KAA-FB/77,-7.754899,112.277054,,,5,3,0,0,8,REGIONAL 5,KEDIRI,KEDIRI,KAA,,,2024-10-20 17:28:35,2024-10-20,2024,10,NON TITO,,,JAWA TIMUR,0.375,GREEN,1466517297,AREA 3,JATIM,MADIUN,KEDIRI,,,0,0,0,JAWA TIMUR,KEDIRI,KANDANGAN,KANDANGAN,KEDIRI
11832797067,,ODP-MJT-FU/26,-7.836226,111.95687,,,5,3,0,0,8,REGIONAL 5,KEDIRI,KEDIRI,MJT,,,2024-10-21 17:09:59,2024-10-21,2024,10,NON TITO,,,JAWA TIMUR,0.375,GREEN,1471536517,AREA 3,JATIM,MADIUN,KEDIRI,,,0,0,0,JAWA TIMUR,KEDIRI,SEMEN,PUHSARANG,KEDIRI
121235254,,ODP-KDI-FG/02,-7.8292,112.0229,,,12,4,0,0,16,REGIONAL 5,KEDIRI,KEDIRI,KDI,,,2024-03-16 23:29:07,2016-02-23,2016,2,NON TITO,,,JAWA TIMUR,0.25,GREEN,6636303,AREA 3,JATIM,MADIUN,KEDIRI,,,0,0,0,JAWA TIMUR,KOTA KEDIRI,PESANTREN,BURENGAN,KEDIRI
12014895587,,ODP-PAE-FE/45,-7.733174,112.152361,,,7,1,0,0,8,REGIONAL 5,KEDIRI,KEDIRI,PAE,,,2025-01-23 17:40:53,2025-01-22,2025,1,NON TITO,,,JAWA TIMUR,0.125,GREEN,1495931820,AREA 3,JATIM,MADIUN,KEDIRI,,,0,0,0,JAWA TIMUR,KEDIRI,PLEMAHAN,PUHJARAK,KEDIRI
11832797072,,ODP-MJT-FU/25,-7.836157,111.959107,,,7,1,0,0,8,REGIONAL 5,KEDIRI,KEDIRI,MJT,,,2024-10-21 17:09:48,2024-10-21,2024,10,NON TITO,,,JAWA TIMUR,0.125,GREEN,1471536520,AREA 3,JATIM,MADIUN,KEDIRI,,,0,0,0,JAWA TIMUR,KEDIRI,SEMEN,PUHSARANG,KEDIRI
121234412,,ODP-KDI-FAA/26,-7.755,112.0398,,,11,4,0,0,16,REGIONAL 5,KEDIRI,KEDIRI,KDI,,,2024-03-16 23:28:55,2016-02-23,2016,2,NON TITO,,,JAWA TIMUR,0.25,GREEN,6635764,AREA 3,JATIM,MADIUN,KEDIRI,,,0,0,0,JAWA TIMUR,KEDIRI,GAMPENGREJO,TURUS,KEDIRI
121231947,,ODP-KDI-FM/07,-7.8091,112.0111,,,8,6,0,0,16,REGIONAL 5,KEDIRI,KEDIRI,KDI,,,2024-03-16 23:28:41,2016-02-23,2016,2,NON TITO,,,JAWA TIMUR,0.375,GREEN,6633943,AREA 3,JATIM,MADIUN,KEDIRI,,,0,0,0,JAWA TIMUR,KOTA KEDIRI,KOTA,BALOWERTI,KEDIRI
3251294692,,ODP-KDI-FP/30,-7.814321,112.033087,,,6,2,0,0,8,REGIONAL 5,KEDIRI,KEDIRI,KDI,,,2023-08-30 17:57:40,2019-01-12,2019,1,NON TITO,,,JAWA TIMUR,0.25,GREEN,448230446,AREA 3,JATIM,MADIUN,KEDIRI,,,0,0,0,JAWA TIMUR,KOTA KEDIRI,KOTA,BANJARAN,KEDIRI
11841794251,,ODP-NDL-FP/54,-7.934925,111.952649,,,5,3,0,0,8,REGIONAL 5,KEDIRI,KEDIRI,NDL,,,2024-10-19 17:36:50,2024-10-18,2024,10,NON TITO,,,JAWA TIMUR,0.375,GREEN,1465700988,AREA 3,JATIM,MADIUN,KEDIRI,,,0,0,0,JAWA TIMUR,KEDIRI,KRAS,JAMBEAN,KEDIRI
11951443594,,ODP-MJT-FAU/06,-7.692288,111.973823,,,6,2,0,0,8,REGIONAL 5,KEDIRI,KEDIRI,MJT,,,2024-11-17 23:37:21,2024-11-15,2024,11,NON TITO,,,JAWA TIMUR,0.25,GREEN,1485905583,AREA 3,JATIM,MADIUN,KEDIRI,,,0,0,0,JAWA TIMUR,KEDIRI,TAROKAN,BLIMBING,KEDIRI
11838793845,,ODP-GUR-FK/25,-7.800706,112.11172,,,5,3,0,0,8,REGIONAL 5,KEDIRI,KEDIRI,GUR,,,2024-10-15 17:23:09,2024-10-14,2024,10,NON TITO,,,JAWA TIMUR,0.375,GREEN,1465617193,AREA 3,JATIM,MADIUN,KEDIRI,,,0,0,0,JAWA TIMUR,KEDIRI,GURAH,GEMPOLAN,KEDIRI
11949568749,,ODP-MJT-FB/129,-7.72512,111.959374,,,7,1,0,0,8,REGIONAL 5,KEDIRI,KEDIRI,MJT,,,2024-11-17 23:36:16,2024-11-15,2024,11,NON TITO,,,JAWA TIMUR,0.125,GREEN,1485907827,AREA 3,JATIM,MADIUN,KEDIRI,,,0,0,0,JAWA TIMUR,KEDIRI,TAROKAN,KALIRONG,KEDIRI
12234270450,,ODP-KDI-FAH/77,-7.818832,112.010284,,,11,5,0,0,16,REGIONAL 5,KEDIRI,KEDIRI,KDI,,,2025-07-02 00:09:23,2025-07-01,2025,7,NON TITO,,,JAWA TIMUR,0.3125,GREEN,1499820578,AREA 3,JATIM,MADIUN,KEDIRI,,,0,0,0,JAWA TIMUR,KOTA KEDIRI,KOTA,PAKELAN,KEDIRI
121231890,,ODP-KDI-FK/02,-7.7846,112.0146,,,6,2,0,0,8,REGIONAL 5,KEDIRI,KEDIRI,KDI,,,2024-03-16 23:27:23,2016-02-23,2016,2,NON TITO,,,JAWA TIMUR,0.25,GREEN,6633894,AREA 3,JATIM,MADIUN,KEDIRI,,,0,0,0,JAWA TIMUR,KEDIRI,GAMPENGREJO,PUTIH,KEDIRI
8453903566,,ODP-PAE-FAA/19,-7.774448,112.233279,,,6,2,0,0,8,REGIONAL 5,KEDIRI,KEDIRI,PAE,,,2023-08-30 17:59:44,2022-02-22,2022,2,NON TITO,,,JAWA TIMUR,0.25,GREEN,1166542588,AREA 3,JATIM,MADIUN,KEDIRI,,,0,0,0,JAWA TIMUR,KEDIRI,KEPUNG,KENCONG,KEDIRI
11832196099,,ODP-WAT-FE/24,-7.963195,112.141077,,,7,1,0,0,8,REGIONAL 5,KEDIRI,KEDIRI,WAT,,,2024-10-17 17:29:55,2024-10-16,2024,10,NON TITO,,,JAWA TIMUR,0.125,GREEN,1465545521,AREA 3,JATIM,MADIUN,KEDIRI,,,0,0,0,JAWA TIMUR,KEDIRI,NGANCAR,BEDALI,KEDIRI
11828221741,,ODP-KDI-FU/72,-7.833538,112.070818,,,5,3,0,0,8,REGIONAL 5,KEDIRI,KEDIRI,KDI,,,2024-10-18 17:26:50,2024-10-18,2024,10,NON TITO,,,JAWA TIMUR,0.375,GREEN,1465698310,AREA 3,JATIM,MADIUN,KEDIRI,,,0,0,0,JAWA TIMUR,KOTA KEDIRI,PESANTREN,KETAMI,KEDIRI
11948518750,,ODP-MJT-FB/126,-7.749161,111.963667,,,7,1,0,0,8,REGIONAL 5,KEDIRI,KEDIRI,MJT,,,2024-11-17 23:36:09,2024-11-15,2024,11,NON TITO,,,JAWA TIMUR,0.125,GREEN,1485907372,AREA 3,JATIM,MADIUN,KEDIRI,,,0,0,0,JAWA TIMUR,KEDIRI,GROGOL,GROGOL,KEDIRI
12229844033,,ODP-WAT-FW/21,-7.844479,112.160884,,,5,3,0,0,8,REGIONAL 5,KEDIRI,KEDIRI,WAT,,,2025-07-02 00:09:41,2025-06-30,2025,6,NON TITO,,,JAWA TIMUR,0.375,GREEN,1499816635,AREA 3,JATIM,MADIUN,KEDIRI,,,0,0,0,JAWA TIMUR,KEDIRI,PLOSOKLATEN,PUNJUL,KEDIRI
11841794241,,ODP-GUR-FH/55,-7.768829,112.082158,,,6,2,0,0,8,REGIONAL 5,KEDIRI,KEDIRI,GUR,,,2024-10-18 17:27:28,2024-10-18,2024,10,NON TITO,,,JAWA TIMUR,0.25,GREEN,1465698443,AREA 3,JATIM,MADIUN,KEDIRI,,,0,0,0,JAWA TIMUR,KEDIRI,PAGU,PAGU,KEDIRI
12236219198,,ODP-KDI-FT/34,-7.823633,112.071817,,,5,3,0,0,8,REGIONAL 5,KEDIRI,KEDIRI,KDI,,,2025-07-02 00:09:42,2025-06-30,2025,6,NON TITO,,,JAWA TIMUR,0.375,GREEN,1499533604,AREA 3,JATIM,MADIUN,KEDIRI,,,0,0,0,JAWA TIMUR,KEDIRI,GURAH,WONOJOYO,KEDIRI
949695324,,ODP-PAE-FL/22,-7.775631,112.195498,,,12,4,0,0,16,REGIONAL 5,KEDIRI,KEDIRI,PAE,,,2023-08-30 17:59:12,2016-09-28,2016,9,NON TITO,,,JAWA TIMUR,0.25,GREEN,36062789,AREA 3,JATIM,MADIUN,KEDIRI,,,0,0,0,JAWA TIMUR,KEDIRI,PARE,PARE,KEDIRI
12234194002,,ODP-NDL-FB/38,-7.904942,112.035044,,,6,2,0,0,8,REGIONAL 5,KEDIRI,KEDIRI,NDL,,,2025-06-28 17:49:45,2025-06-27,2025,6,NON TITO,,,JAWA TIMUR,0.25,GREEN,1499587284,AREA 3,JATIM,MADIUN,KEDIRI,,,0,0,0,JAWA TIMUR,KEDIRI,KANDAT,TEGALAN,KEDIRI
12221896296,,ODP-NDL-FG/61,-7.880653,111.996003,,,5,3,0,0,8,REGIONAL 5,KEDIRI,KEDIRI,NDL,,,2025-06-26 06:42:19,2025-06-25,2025,6,NON TITO,,,JAWA TIMUR,0.375,GREEN,1499430800,AREA 3,JATIM,MADIUN,KEDIRI,,,0,0,0,JAWA TIMUR,KEDIRI,NGADILUWIH,REMBANG,KEDIRI
987270297,,ODP-WAT-FD/02,-7.975485,112.095465,,,6,2,0,0,8,REGIONAL 5,KEDIRI,KEDIRI,WAT,,,2023-08-30 17:57:32,2016-10-17,2016,10,NON TITO,,,JAWA TIMUR,0.25,GREEN,36673214,AREA 3,JATIM,MADIUN,KEDIRI,,,0,0,0,JAWA TIMUR,KEDIRI,RINGINREJO,BATUAJI,KEDIRI
11832795931,,ODP-PPR-FD/66,-7.659773,112.104389,,,7,1,0,0,8,REGIONAL 5,KEDIRI,KEDIRI,PPR,,,2024-10-18 17:27:29,2024-10-18,2024,10,NON TITO,,,JAWA TIMUR,0.125,GREEN,1465764601,AREA 3,JATIM,MADIUN,KEDIRI,,,0,0,0,JAWA TIMUR,KEDIRI,PURWOASRI,PESING,KEDIRI
11832868590,,ODP-MJT-FAE/45,-7.802387,111.998416,,,6,2,0,0,8,REGIONAL 5,KEDIRI,KEDIRI,MJT,,,2024-10-11 17:27:29,2024-10-11,2024,10,NON TITO,,,JAWA TIMUR,0.25,GREEN,1465461617,AREA 3,JATIM,MADIUN,KEDIRI,,,0,0,0,JAWA TIMUR,KOTA KEDIRI,MOJOROTO,MOJOROTO,KEDIRI
12149218713,,ODP-PAE-FAG/39,-7.771129,112.179595,,,5,3,0,0,8,REGIONAL 5,KEDIRI,KEDIRI,PAE,,,2025-05-09 17:42:53,2025-05-08,2025,5,NON TITO,,,JAWA TIMUR,0.375,GREEN,1497683292,AREA 3,JATIM,MADIUN,KEDIRI,,,0,0,0,JAWA TIMUR,KEDIRI,PARE,GEDANGSEWU,KEDIRI
12145095392,,ODP-PPR-FB/50,-7.707491,112.127109,,,5,3,0,0,8,REGIONAL 5,KEDIRI,KEDIRI,PPR,,,2025-05-07 17:46:05,2025-05-06,2025,5,NON TITO,,,JAWA TIMUR,0.375,GREEN,1497671747,AREA 3,JATIM,MADIUN,KEDIRI,,,0,0,0,JAWA TIMUR,KEDIRI,PLEMAHAN,WONOKERTO,KEDIRI
12069868876,,ODP-PAE-FV/26,-7.829832,112.219056,,,5,3,0,0,8,REGIONAL 5,KEDIRI,KEDIRI,PAE,,,2025-03-11 17:38:32,2025-03-10,2025,3,NON TITO,,,JAWA TIMUR,0.375,GREEN,1496296040,AREA 3,JATIM,MADIUN,KEDIRI,,,0,0,0,JAWA TIMUR,KEDIRI,PUNCU,MANGGIS,KEDIRI
121233798,,ODP-KDI-FK/29,-7.791,112.0317,,,5,3,0,0,8,REGIONAL 5,KEDIRI,KEDIRI,KDI,,,2024-03-16 23:28:53,2016-02-23,2016,2,NON TITO,,,JAWA TIMUR,0.375,GREEN,6635385,AREA 3,JATIM,MADIUN,KEDIRI,,,0,0,0,JAWA TIMUR,KEDIRI,NGASEM,KWADUNGAN,KEDIRI
121161893,,ODP-KDI-FF/03,-7.8097,112.0262,,,6,1,0,0,8,REGIONAL 5,KEDIRI,KEDIRI,KDI,,,2024-03-16 23:27:20,2016-02-23,2016,2,NON TITO,,,JAWA TIMUR,0.125,GREEN,6563024,AREA 3,JATIM,MADIUN,KEDIRI,,,0,0,0,JAWA TIMUR,KOTA KEDIRI,KOTA KEDIRI,NGADIREJO,KEDIRI
12068368594,,ODP-WAT-FX/49,-7.839602,112.137499,,,7,1,0,0,8,REGIONAL 5,KEDIRI,KEDIRI,WAT,,,2025-03-11 17:37:59,2025-03-10,2025,3,NON TITO,,,JAWA TIMUR,0.125,GREEN,1496294761,AREA 3,JATIM,MADIUN,KEDIRI,,,0,0,0,JAWA TIMUR,KEDIRI,PLOSOKLATEN,PUNJUL,KEDIRI
12068368589,,ODP-WAT-FX/50,-7.840719,112.136945,,,6,2,0,0,8,REGIONAL 5,KEDIRI,KEDIRI,WAT,,,2025-03-11 17:36:48,2025-03-10,2025,3,NON TITO,,,JAWA TIMUR,0.25,GREEN,1496294757,AREA 3,JATIM,MADIUN,KEDIRI,,,0,0,0,JAWA TIMUR,KEDIRI,PLOSOKLATEN,PUNJUL,KEDIRI
121162098,,ODP-KDI-FAG/23,-7.8641,112.0309,,,5,3,0,0,8,REGIONAL 5,KEDIRI,KEDIRI,KDI,,,2024-03-16 23:26:46,2016-02-23,2016,2,NON TITO,,,JAWA TIMUR,0.375,GREEN,6563155,AREA 3,JATIM,MADIUN,KEDIRI,,,0,0,0,JAWA TIMUR,KOTA KEDIRI,PESANTREN,BLABAK,KEDIRI
12069269196,,ODP-PAE-FAL/74,-7.765504,112.205627,,,5,3,0,0,8,REGIONAL 5,KEDIRI,KEDIRI,PAE,,,2025-03-11 17:38:17,2025-03-10,2025,3,NON TITO,,,JAWA TIMUR,0.375,GREEN,1496198920,AREA 3,JATIM,MADIUN,KEDIRI,,,0,0,0,JAWA TIMUR,KEDIRI,PARE,PARE,KEDIRI
121161896,,ODP-KDI-FAG/38,-7.869882,112.047467,,,5,3,0,0,8,REGIONAL 5,KEDIRI,KEDIRI,KDI,,,2024-03-16 23:26:58,2016-02-23,2016,2,NON TITO,,,JAWA TIMUR,0.375,GREEN,6563027,AREA 3,JATIM,MADIUN,KEDIRI,,,0,0,0,JAWA TIMUR,KOTA KEDIRI,PESANTREN,BLABAK,KEDIRI
12069269191,,ODP-PAE-FAL/72,-7.756998,112.208774,,,6,2,0,0,8,REGIONAL 5,KEDIRI,KEDIRI,PAE,,,2025-03-11 17:38:00,2025-03-10,2025,3,NON TITO,,,JAWA TIMUR,0.25,GREEN,1496198917,AREA 3,JATIM,MADIUN,KEDIRI,,,0,0,0,JAWA TIMUR,KEDIRI,BADAS,LAMONG,KEDIRI
12069269186,,ODP-PAE-FAL/73,-7.767693,112.204339,,,5,3,0,0,8,REGIONAL 5,KEDIRI,KEDIRI,PAE,,,2025-03-11 17:38:21,2025-03-10,2025,3,NON TITO,,,JAWA TIMUR,0.375,GREEN,1496198914,AREA 3,JATIM,MADIUN,KEDIRI,,,0,0,0,JAWA TIMUR,KEDIRI,PARE,PARE,KEDIRI
12069269181,,ODP-PAE-FAL/71,-7.754047,112.210388,,,6,2,0,0,8,REGIONAL 5,KEDIRI,KEDIRI,PAE,,,2025-03-11 17:37:47,2025-03-10,2025,3,NON TITO,,,JAWA TIMUR,0.25,GREEN,1496198911,AREA 3,JATIM,MADIUN,KEDIRI,,,0,0,0,JAWA TIMUR,KEDIRI,BADAS,LAMONG,KEDIRI
12071294097,,ODP-PPR-FG/66,-7.663323,112.169354,,,6,2,0,0,8,REGIONAL 5,KEDIRI,KEDIRI,PPR,,,2025-03-11 17:37:55,2025-03-10,2025,3,NON TITO,,,JAWA TIMUR,0.25,GREEN,1496197518,AREA 3,JATIM,MADIUN,KEDIRI,,,0,0,0,JAWA TIMUR,KEDIRI,KUNJANG,KAPI,KEDIRI
12071294092,,ODP-PPR-FG/65,-7.664508,112.168384,,,7,1,0,0,8,REGIONAL 5,KEDIRI,KEDIRI,PPR,,,2025-03-11 17:37:52,2025-03-10,2025,3,NON TITO,,,JAWA TIMUR,0.125,GREEN,1496197515,AREA 3,JATIM,MADIUN,KEDIRI,,,0,0,0,JAWA TIMUR,KEDIRI,KUNJANG,KAPI,KEDIRI
11923844239,,ODP-NDL-FP/45,-7.939693,111.950504,,,5,3,0,0,8,REGIONAL 5,KEDIRI,KEDIRI,NDL,,,2024-11-14 17:27:09,2024-11-13,2024,11,NON TITO,,,JAWA TIMUR,0.375,GREEN,1485895190,AREA 3,JATIM,MADIUN,KEDIRI,,,0,0,0,JAWA TIMUR,KEDIRI,MOJO,MAESAN,KEDIRI
12070618775,,ODP-PAE-FAG/37,-7.777724,112.182784,,,6,2,0,0,8,REGIONAL 5,KEDIRI,KEDIRI,PAE,,,2025-03-08 17:39:37,2025-03-07,2025,3,NON TITO,,,JAWA TIMUR,0.25,GREEN,1496280331,AREA 3,JATIM,MADIUN,KEDIRI,,,0,0,0,JAWA TIMUR,KEDIRI,PARE,GEDANGSEWU,KEDIRI
12069868886,,ODP-PAE-FV/27,-7.82886,112.216285,,,5,3,0,0,8,REGIONAL 5,KEDIRI,KEDIRI,PAE,,,2025-03-11 17:38:31,2025-03-10,2025,3,NON TITO,,,JAWA TIMUR,0.375,GREEN,1496296046,AREA 3,JATIM,MADIUN,KEDIRI,,,0,0,0,JAWA TIMUR,KEDIRI,PUNCU,MANGGIS,KEDIRI
11895869175,,ODP-PAE-FP/35,-7.790838,112.213716,,,7,1,0,0,8,REGIONAL 5,KEDIRI,KEDIRI,PAE,,,2024-11-06 17:29:58,2024-11-05,2024,11,NON TITO,,,JAWA TIMUR,0.125,GREEN,1479173555,AREA 3,JATIM,MADIUN,KEDIRI,,,0,0,0,JAWA TIMUR,KEDIRI,KEPUNG,KRENCENG,KEDIRI
12075718563,,ODP-WAT-FN/35,-7.895948,112.138656,,,6,2,0,0,8,REGIONAL 5,KEDIRI,KEDIRI,WAT,,,2025-03-13 17:07:20,2025-03-11,2025,3,NON TITO,,,JAWA TIMUR,0.25,GREEN,1496302547,AREA 3,JATIM,MADIUN,KEDIRI,,,0,0,0,JAWA TIMUR,KEDIRI,WATES,TUNGE,KEDIRI
11868793975,,ODP-PAE-FV/21,-7.812253,112.221201,,,6,2,0,0,8,REGIONAL 5,KEDIRI,KEDIRI,PAE,,,2024-11-06 17:32:09,2024-11-03,2024,11,NON TITO,,,JAWA TIMUR,0.25,GREEN,1479164921,AREA 3,JATIM,MADIUN,KEDIRI,,,0,0,0,JAWA TIMUR,KEDIRI,PUNCU,MANGGIS,KEDIRI
12085844516,,ODP-PPR-FB/48,-7.690674,112.119007,,,6,2,0,0,8,REGIONAL 5,KEDIRI,KEDIRI,PPR,,,2025-03-28 17:52:14,2025-03-27,2025,3,NON TITO,,,JAWA TIMUR,0.25,GREEN,1496473840,AREA 3,JATIM,MADIUN,KEDIRI,,,0,0,0,JAWA TIMUR,KEDIRI,PAPAR,KEPUH,KEDIRI
11927294565,,ODP-NDL-FD/64,-7.868647,111.979142,,,5,3,0,0,8,REGIONAL 5,KEDIRI,KEDIRI,NDL,,,2024-11-14 17:28:58,2024-11-13,2024,11,NON TITO,,,JAWA TIMUR,0.375,GREEN,1485895889,AREA 3,JATIM,MADIUN,KEDIRI,,,0,0,0,JAWA TIMUR,KEDIRI,MOJO,MONDO,KEDIRI
121233099,,ODP-KDI-FK/13,-7.7973,112.0247,,,7,1,0,0,8,REGIONAL 5,KEDIRI,KEDIRI,KDI,,,2024-03-16 23:28:56,2016-02-23,2016,2,NON TITO,,,JAWA TIMUR,0.125,GREEN,6634856,AREA 3,JATIM,MADIUN,KEDIRI,,,0,0,0,JAWA TIMUR,KEDIRI,NGASEM,KARANGREJO,KEDIRI
2965919534,,ODP-KDI-FAY/07,-7.837852,112.030143,,,5,3,0,0,8,REGIONAL 5,KEDIRI,KEDIRI,KDI,,,2023-08-30 17:57:35,2018-09-27,2018,9,NON TITO,,,JAWA TIMUR,0.375,GREEN,404404926,AREA 3,JATIM,MADIUN,KEDIRI,,,0,0,0,JAWA TIMUR,KOTA KEDIRI,PESANTREN,BANARAN,KEDIRI
121233867,,ODP-KDI-FK/28,-7.7909,112.0314,,,5,3,0,0,8,REGIONAL 5,KEDIRI,KEDIRI,KDI,,,2024-03-16 23:29:01,2016-02-23,2016,2,NON TITO,,,JAWA TIMUR,0.375,GREEN,6635434,AREA 3,JATIM,MADIUN,KEDIRI,,,0,0,0,JAWA TIMUR,KEDIRI,NGASEM,KWADUNGAN,KEDIRI
11882219618,,ODP-PAE-FAB/35,-7.814868,112.273789,,,7,1,0,0,8,REGIONAL 5,KEDIRI,KEDIRI,PAE,,,2024-11-06 17:31:43,2024-11-01,2024,11,NON TITO,,,JAWA TIMUR,0.125,GREEN,1479154754,AREA 3,JATIM,MADIUN,KEDIRI,,,0,0,0,JAWA TIMUR,KEDIRI,KEPUNG,KEPUNG,KEDIRI
11882219623,,ODP-PAE-FAB/34,-7.815789,112.275068,,,5,3,0,0,8,REGIONAL 5,KEDIRI,KEDIRI,PAE,,,2024-11-06 17:28:48,2024-11-01,2024,11,NON TITO,,,JAWA TIMUR,0.375,GREEN,1479154758,AREA 3,JATIM,MADIUN,KEDIRI,,,0,0,0,JAWA TIMUR,KEDIRI,KEPUNG,KEPUNG,KEDIRI
12079396862,,ODP-PAE-FAC/28,-7.771789,112.129998,,,7,1,0,0,8,REGIONAL 5,KEDIRI,KEDIRI,PAE,,,2025-03-25 17:53:46,2025-03-24,2025,3,NON TITO,,,JAWA TIMUR,0.125,GREEN,1496453405,AREA 3,JATIM,MADIUN,KEDIRI,,,0,0,0,JAWA TIMUR,KEDIRI,PARE,SAMBIREJO,KEDIRI
11882219628,,ODP-PAE-FAB/36,-7.814221,112.273913,,,6,2,0,0,8,REGIONAL 5,KEDIRI,KEDIRI,PAE,,,2024-11-06 17:32:10,2024-11-01,2024,11,NON TITO,,,JAWA TIMUR,0.25,GREEN,1479154761,AREA 3,JATIM,MADIUN,KEDIRI,,,0,0,0,JAWA TIMUR,KEDIRI,KEPUNG,KEPUNG,KEDIRI
121233853,,ODP-KDI-FV/03,-7.8344,112.055,,,5,3,0,0,8,REGIONAL 5,KEDIRI,KEDIRI,KDI,,,2024-03-16 23:28:55,2016-02-23,2016,2,NON TITO,,,JAWA TIMUR,0.375,GREEN,6635425,AREA 3,JATIM,MADIUN,KEDIRI,,,0,0,0,JAWA TIMUR,KEDIRI,NGASEM,TUGUREJO,KEDIRI
121233164,,ODP-KDI-FX/09,-7.8445,112.0269,,,9,5,0,0,16,REGIONAL 5,KEDIRI,KEDIRI,KDI,,,2024-03-16 23:28:36,2016-02-23,2016,2,NON TITO,,,JAWA TIMUR,0.3125,GREEN,6634907,AREA 3,JATIM,MADIUN,KEDIRI,,,0,0,0,JAWA TIMUR,KOTA KEDIRI,KOTA KEDIRI,NGRONGGO,KEDIRI
11923844254,,ODP-NDL-FP/47,-7.92212,111.944487,,,6,2,0,0,8,REGIONAL 5,KEDIRI,KEDIRI,NDL,,,2024-11-14 17:28:02,2024-11-13,2024,11,NON TITO,,,JAWA TIMUR,0.25,GREEN,1485895200,AREA 3,JATIM,MADIUN,KEDIRI,,,0,0,0,JAWA TIMUR,KEDIRI,MOJO,KEDAWUNG,KEDIRI
2566393658,,ODP-KDI-FBK/02,-7.819799,112.044433,,,10,6,0,0,16,REGIONAL 5,KEDIRI,KEDIRI,KDI,,,2023-08-30 17:59:07,2018-05-25,2018,5,NON TITO,,,JAWA TIMUR,0.375,GREEN,356498047,AREA 3,JATIM,MADIUN,KEDIRI,,,0,0,0,JAWA TIMUR,KEDIRI,NGASEM,DOKO,KEDIRI
11923844249,,ODP-NDL-FP/46,-7.929927,111.940535,,,6,2,0,0,8,REGIONAL 5,KEDIRI,KEDIRI,NDL,,,2024-11-14 17:27:00,2024-11-13,2024,11,NON TITO,,,JAWA TIMUR,0.25,GREEN,1485895196,AREA 3,JATIM,MADIUN,KEDIRI,,,0,0,0,JAWA TIMUR,KEDIRI,MOJO,KEDAWUNG,KEDIRI
12077743936,,ODP-PAE-FS/49,-7.824726,112.183963,,,7,1,0,0,8,REGIONAL 5,KEDIRI,KEDIRI,PAE,,,2025-03-15 17:38:10,2025-03-14,2025,3,NON TITO,,,JAWA TIMUR,0.125,GREEN,1496322353,AREA 3,JATIM,MADIUN,KEDIRI,,,0,0,0,JAWA TIMUR,KEDIRI,PUNCU,SIDOMULYO,KEDIRI
12057868889,,ODP-PPR-FE/91,-7.735764,112.047069,,,7,1,0,0,8,REGIONAL 5,KEDIRI,KEDIRI,PPR,,,2025-02-20 17:48:07,2025-02-19,2025,2,NON TITO,,,JAWA TIMUR,0.125,GREEN,1496113056,AREA 3,JATIM,MADIUN,KEDIRI,,,0,0,0,JAWA TIMUR,KEDIRI,PAPAR,PURWOTENGAH,KEDIRI
11877944273,,ODP-PPR-FE/90,-7.726174,112.06222,,,7,1,0,0,8,REGIONAL 5,KEDIRI,KEDIRI,PPR,,,2024-11-06 17:32:12,2024-10-31,2024,10,NON TITO,,,JAWA TIMUR,0.125,GREEN,1479145313,AREA 3,JATIM,MADIUN,KEDIRI,,,0,0,0,JAWA TIMUR,KEDIRI,PAPAR,MINGGIRAN,KEDIRI
12070618770,,ODP-PAE-FAG/36,-7.777927,112.183686,,,6,2,0,0,8,REGIONAL 5,KEDIRI,KEDIRI,PAE,,,2025-03-08 17:40:04,2025-03-07,2025,3,NON TITO,,,JAWA TIMUR,0.25,GREEN,1496280328,AREA 3,JATIM,MADIUN,KEDIRI,,,0,0,0,JAWA TIMUR,KEDIRI,PARE,GEDANGSEWU,KEDIRI
12069493870,,ODP-PAE-FP/45,-7.836793,112.234572,,,7,1,0,0,8,REGIONAL 5,KEDIRI,KEDIRI,PAE,,,2025-03-08 17:39:52,2025-03-07,2025,3,NON TITO,,,JAWA TIMUR,0.125,GREEN,1496279894,AREA 3,JATIM,MADIUN,KEDIRI,,,0,0,0,JAWA TIMUR,KEDIRI,PUNCU,WONOREJO,KEDIRI
12063568984,,ODP-KDI-FAW/40,-7.877776,112.011877,,,6,2,0,0,8,REGIONAL 5,KEDIRI,KEDIRI,KDI,,,2025-02-25 17:58:05,2025-02-24,2025,2,NON TITO,,,JAWA TIMUR,0.25,GREEN,1496218357,AREA 3,JATIM,MADIUN,KEDIRI,,,0,0,0,JAWA TIMUR,KEDIRI,NGADILUWIH,MANGUNREJO,KEDIRI
12062894364,,ODP-MJT-FD/43,-7.757998,111.959707,,,7,1,0,0,8,REGIONAL 5,KEDIRI,KEDIRI,MJT,,,2025-02-25 17:58:36,2025-02-24,2025,2,NON TITO,,,JAWA TIMUR,0.125,GREEN,1496217799,AREA 3,JATIM,MADIUN,KEDIRI,,,0,0,0,JAWA TIMUR,KEDIRI,GROGOL,GROGOL,KEDIRI
11887018679,,ODP-PAE-FAD/22,-7.775516,112.143612,,,6,2,0,0,8,REGIONAL 5,KEDIRI,KEDIRI,PAE,,,2024-11-06 17:30:31,2024-10-30,2024,10,NON TITO,,,JAWA TIMUR,0.25,GREEN,1485638784,AREA 3,JATIM,MADIUN,KEDIRI,,,0,0,0,JAWA TIMUR,KEDIRI,PARE,SAMBIREJO,KEDIRI
12062818687,,ODP-WAT-FN/32,-7.910545,112.127468,,,6,2,0,0,8,REGIONAL 5,KEDIRI,KEDIRI,WAT,,,2025-02-22 17:41:24,2025-02-21,2025,2,NON TITO,,,JAWA TIMUR,0.25,GREEN,1496126772,AREA 3,JATIM,MADIUN,KEDIRI,,,0,0,0,JAWA TIMUR,KEDIRI,WATES,JAJAR,KEDIRI
12062818615,,ODP-GUR-FH/57,-7.766484,112.090509,,,7,1,0,0,8,REGIONAL 5,KEDIRI,KEDIRI,GUR,,,2025-02-22 17:41:19,2025-02-21,2025,2,NON TITO,,,JAWA TIMUR,0.125,GREEN,1496123790,AREA 3,JATIM,MADIUN,KEDIRI,,,0,0,0,JAWA TIMUR,KEDIRI,PAGU,PAGU,KEDIRI
12062818610,,ODP-GUR-FH/58,-7.765942,112.089459,,,5,3,0,0,8,REGIONAL 5,KEDIRI,KEDIRI,GUR,,,2025-02-22 17:41:01,2025-02-21,2025,2,NON TITO,,,JAWA TIMUR,0.375,GREEN,1496123787,AREA 3,JATIM,MADIUN,KEDIRI,,,0,0,0,JAWA TIMUR,KEDIRI,PAGU,PAGU,KEDIRI
12060868562,,ODP-KAA-FD/59,-7.757364,112.268172,,,7,1,0,0,8,REGIONAL 5,KEDIRI,KEDIRI,KAA,,,2025-02-22 17:40:01,2025-02-21,2025,2,NON TITO,,,JAWA TIMUR,0.125,GREEN,1496123520,AREA 3,JATIM,MADIUN,KEDIRI,,,0,0,0,JAWA TIMUR,KEDIRI,KANDANGAN,KLAMPISAN,KEDIRI
12061469509,,ODP-GUR-FD/37,-7.79362,112.071283,,,6,2,0,0,8,REGIONAL 5,KEDIRI,KEDIRI,GUR,,,2025-02-22 17:40:40,2025-02-21,2025,2,NON TITO,,,JAWA TIMUR,0.25,GREEN,1496123253,AREA 3,JATIM,MADIUN,KEDIRI,,,0,0,0,JAWA TIMUR,KEDIRI,PAGU,BULUPASAR,KEDIRI
121233614,,ODP-KDI-FK/15,-7.7962,112.0235,,,5,3,0,0,8,REGIONAL 5,KEDIRI,KEDIRI,KDI,,,2024-03-16 23:29:03,2016-02-23,2016,2,NON TITO,,,JAWA TIMUR,0.375,GREEN,6635251,AREA 3,JATIM,MADIUN,KEDIRI,,,0,0,0,JAWA TIMUR,KEDIRI,NGASEM,KARANGREJO,KEDIRI
12061469504,,ODP-GUR-FD/38,-7.791287,112.071937,,,6,2,0,0,8,REGIONAL 5,KEDIRI,KEDIRI,GUR,,,2025-02-22 17:40:28,2025-02-21,2025,2,NON TITO,,,JAWA TIMUR,0.25,GREEN,1496123250,AREA 3,JATIM,MADIUN,KEDIRI,,,0,0,0,JAWA TIMUR,KEDIRI,PAGU,BULUPASAR,KEDIRI
11923844224,,ODP-NDL-FP/42,-7.955928,111.921081,,,5,3,0,0,8,REGIONAL 5,KEDIRI,KEDIRI,NDL,,,2024-11-14 17:30:12,2024-11-13,2024,11,NON TITO,,,JAWA TIMUR,0.375,GREEN,1485895181,AREA 3,JATIM,MADIUN,KEDIRI,,,0,0,0,JAWA TIMUR,KEDIRI,MOJO,NGADI,KEDIRI
6192870379,,ODP-PPR-FB/22,-7.69253,112.120489,,,5,3,0,0,8,REGIONAL 5,KEDIRI,KEDIRI,PPR,,,2023-08-30 18:07:55,2021-03-25,2021,3,NON TITO,,,JAWA TIMUR,0.375,GREEN,867451522,AREA 3,JATIM,MADIUN,KEDIRI,,,0,0,0,JAWA TIMUR,KEDIRI,PAPAR,KEPUH,KEDIRI
11905693587,,ODP-MJT-FAA/62,-7.778676,111.970672,,,5,3,0,0,8,REGIONAL 5,KEDIRI,KEDIRI,MJT,,,2024-11-09 17:53:51,2024-11-08,2024,11,NON TITO,,,JAWA TIMUR,0.375,GREEN,1485864334,AREA 3,JATIM,MADIUN,KEDIRI,,,0,0,0,JAWA TIMUR,KEDIRI,BANYAKAN,MARON,KEDIRI
11923844219,,ODP-NDL-FP/44,-7.956417,111.93428,,,5,3,0,0,8,REGIONAL 5,KEDIRI,KEDIRI,NDL,,,2024-11-14 17:29:19,2024-11-13,2024,11,NON TITO,,,JAWA TIMUR,0.375,GREEN,1485895178,AREA 3,JATIM,MADIUN,KEDIRI,,,0,0,0,JAWA TIMUR,KEDIRI,MOJO,NGADI,KEDIRI
5931869248,,ODP-PAE-FH/44,-7.737704,112.196442,,,5,3,0,0,8,REGIONAL 5,KEDIRI,KEDIRI,PAE,,,2023-08-30 18:06:28,2021-01-28,2021,1,NON TITO,,,JAWA TIMUR,0.375,GREEN,860695724,AREA 3,JATIM,MADIUN,KEDIRI,,,0,0,0,JAWA TIMUR,KEDIRI,BADAS,TUNGLUR,KEDIRI
12063568989,,ODP-KDI-FAW/41,-7.878534,112.011598,,,7,1,0,0,8,REGIONAL 5,KEDIRI,KEDIRI,KDI,,,2025-02-25 17:58:01,2025-02-24,2025,2,NON TITO,,,JAWA TIMUR,0.125,GREEN,1496218362,AREA 3,JATIM,MADIUN,KEDIRI,,,0,0,0,JAWA TIMUR,KEDIRI,NGADILUWIH,MANGUNREJO,KEDIRI
12070618765,,ODP-PAE-FAG/38,-7.77816,112.183003,,,6,2,0,0,8,REGIONAL 5,KEDIRI,KEDIRI,PAE,,,2025-03-08 17:38:55,2025-03-07,2025,3,NON TITO,,,JAWA TIMUR,0.25,GREEN,1496280325,AREA 3,JATIM,MADIUN,KEDIRI,,,0,0,0,JAWA TIMUR,KEDIRI,PARE,GEDANGSEWU,KEDIRI
11880943877,,ODP-KDI-FY/50,-7.84693,112.009517,,,7,1,0,0,8,REGIONAL 5,KEDIRI,KEDIRI,KDI,,,2024-11-06 17:32:02,2024-10-30,2024,10,NON TITO,,,JAWA TIMUR,0.125,GREEN,1485638596,AREA 3,JATIM,MADIUN,KEDIRI,,,0,0,0,JAWA TIMUR,KOTA KEDIRI,KOTA KEDIRI,MANISRENGGO,KEDIRI
121161971,,ODP-KDI-FU/30,-7.8275,112.064,,,5,3,0,0,8,REGIONAL 5,KEDIRI,KEDIRI,KDI,,,2024-03-16 23:26:50,2016-02-23,2016,2,NON TITO,,,JAWA TIMUR,0.375,GREEN,6563075,AREA 3,JATIM,MADIUN,KEDIRI,,,0,0,0,JAWA TIMUR,KEDIRI,NGASEM,TUGUREJO,KEDIRI
12069493860,,ODP-PAE-FP/47,-7.834445,112.233069,,,7,1,0,0,8,REGIONAL 5,KEDIRI,KEDIRI,PAE,,,2025-03-08 17:39:24,2025-03-07,2025,3,NON TITO,,,JAWA TIMUR,0.125,GREEN,1496279887,AREA 3,JATIM,MADIUN,KEDIRI,,,0,0,0,JAWA TIMUR,KEDIRI,PUNCU,WONOREJO,KEDIRI
12069493830,,ODP-PAE-FP/37,-7.83202,112.236235,,,6,2,0,0,8,REGIONAL 5,KEDIRI,KEDIRI,PAE,,,2025-03-08 17:40:30,2025-03-07,2025,3,NON TITO,,,JAWA TIMUR,0.25,GREEN,1496279867,AREA 3,JATIM,MADIUN,KEDIRI,,,0,0,0,JAWA TIMUR,KEDIRI,PUNCU,WONOREJO,KEDIRI
12069493820,,ODP-PAE-FP/46,-7.835773,112.233739,,,6,2,0,0,8,REGIONAL 5,KEDIRI,KEDIRI,PAE,,,2025-03-08 17:40:00,2025-03-07,2025,3,NON TITO,,,JAWA TIMUR,0.25,GREEN,1496279861,AREA 3,JATIM,MADIUN,KEDIRI,,,0,0,0,JAWA TIMUR,KEDIRI,PUNCU,WONOREJO,KEDIRI
12063343558,,ODP-MJT-FAA/74,-7.774121,111.942806,,,7,1,0,0,8,REGIONAL 5,KEDIRI,KEDIRI,MJT,,,2025-02-21 17:52:19,2025-02-20,2025,2,NON TITO,,,JAWA TIMUR,0.125,GREEN,1496146302,AREA 3,JATIM,MADIUN,KEDIRI,,,0,0,0,JAWA TIMUR,KEDIRI,BANYAKAN,JATIREJO,KEDIRI
12069493815,,ODP-PAE-FP/38,-7.833851,112.236393,,,6,2,0,0,8,REGIONAL 5,KEDIRI,KEDIRI,PAE,,,2025-03-08 17:40:28,2025-03-07,2025,3,NON TITO,,,JAWA TIMUR,0.25,GREEN,1496279858,AREA 3,JATIM,MADIUN,KEDIRI,,,0,0,0,JAWA TIMUR,KEDIRI,PUNCU,WONOREJO,KEDIRI
12063719340,,ODP-PAE-FAP/13,-7.752862,112.227812,,,7,1,0,0,8,REGIONAL 5,KEDIRI,KEDIRI,PAE,,,2025-03-04 17:45:23,2025-03-03,2025,3,NON TITO,,,JAWA TIMUR,0.125,GREEN,1496256571,AREA 3,JATIM,MADIUN,KEDIRI,,,0,0,0,JAWA TIMUR,KEDIRI,BADAS,CANGGU,KEDIRI
12063719335,,ODP-PAE-FAP/12,-7.751942,112.226023,,,7,1,0,0,8,REGIONAL 5,KEDIRI,KEDIRI,PAE,,,2025-03-04 17:45:36,2025-03-03,2025,3,NON TITO,,,JAWA TIMUR,0.125,GREEN,1496256566,AREA 3,JATIM,MADIUN,KEDIRI,,,0,0,0,JAWA TIMUR,KEDIRI,BADAS,CANGGU,KEDIRI
12063494989,,ODP-PAE-FH/54,-7.733416,112.211498,,,7,1,0,0,8,REGIONAL 5,KEDIRI,KEDIRI,PAE,,,2025-03-01 17:39:46,2025-02-28,2025,2,NON TITO,,,JAWA TIMUR,0.125,GREEN,1496241191,AREA 3,JATIM,MADIUN,KEDIRI,,,0,0,0,JAWA TIMUR,KEDIRI,BADAS,CANGGU,KEDIRI
12063494984,,ODP-PAE-FH/53,-7.735329,112.211956,,,5,3,0,0,8,REGIONAL 5,KEDIRI,KEDIRI,PAE,,,2025-03-01 17:40:25,2025-02-28,2025,2,NON TITO,,,JAWA TIMUR,0.375,GREEN,1496241188,AREA 3,JATIM,MADIUN,KEDIRI,,,0,0,0,JAWA TIMUR,KEDIRI,BADAS,CANGGU,KEDIRI
11880943872,,ODP-KDI-FY/49,-7.846161,112.009503,,,7,1,0,0,8,REGIONAL 5,KEDIRI,KEDIRI,KDI,,,2024-11-06 17:32:04,2024-10-30,2024,10,NON TITO,,,JAWA TIMUR,0.125,GREEN,1485638593,AREA 3,JATIM,MADIUN,KEDIRI,,,0,0,0,JAWA TIMUR,KOTA KEDIRI,KOTA KEDIRI,MANISRENGGO,KEDIRI
12063418827,,ODP-PPR-FE/92,-7.730068,112.097555,,,7,1,0,0,8,REGIONAL 5,KEDIRI,KEDIRI,PPR,,,2025-02-28 17:36:45,2025-02-27,2025,2,NON TITO,,,JAWA TIMUR,0.125,GREEN,1496233988,AREA 3,JATIM,MADIUN,KEDIRI,,,0,0,0,JAWA TIMUR,KEDIRI,KAYEN KIDUL,SEMAMBUNG,KEDIRI
12062818965,,ODP-PPR-FD/72,-7.666604,112.089626,,,7,1,0,0,8,REGIONAL 5,KEDIRI,KEDIRI,PPR,,,2025-02-26 23:43:35,2025-02-26,2025,2,NON TITO,,,JAWA TIMUR,0.125,GREEN,1496231736,AREA 3,JATIM,MADIUN,KEDIRI,,,0,0,0,JAWA TIMUR,KEDIRI,PURWOASRI,MRANGGEN,KEDIRI
12062818960,,ODP-PPR-FD/71,-7.667958,112.089346,,,7,1,0,0,8,REGIONAL 5,KEDIRI,KEDIRI,PPR,,,2025-02-26 23:44:05,2025-02-26,2025,2,NON TITO,,,JAWA TIMUR,0.125,GREEN,1496231733,AREA 3,JATIM,MADIUN,KEDIRI,,,0,0,0,JAWA TIMUR,KEDIRI,PURWOASRI,MRANGGEN,KEDIRI
12061696773,,ODP-PAE-FM/89,-7.7696,112.205095,,,5,3,0,0,8,REGIONAL 5,KEDIRI,KEDIRI,PAE,,,2025-02-26 23:43:26,2025-02-26,2025,2,NON TITO,,,JAWA TIMUR,0.375,GREEN,1496229029,AREA 3,JATIM,MADIUN,KEDIRI,,,0,0,0,JAWA TIMUR,KEDIRI,PARE,TERTEK,KEDIRI
121161944,,ODP-KDI-FAD/03,-7.8489,112.0492,,,6,2,0,0,8,REGIONAL 5,KEDIRI,KEDIRI,KDI,,,2024-03-16 23:26:29,2016-02-23,2016,2,NON TITO,,,JAWA TIMUR,0.25,GREEN,6563061,AREA 3,JATIM,MADIUN,KEDIRI,,,0,0,0,JAWA TIMUR,KOTA KEDIRI,PESANTREN,NGLETIH,KEDIRI
12063568994,,ODP-KDI-FAW/42,-7.879193,112.011397,,,7,1,0,0,8,REGIONAL 5,KEDIRI,KEDIRI,KDI,,,2025-02-25 17:57:23,2025-02-24,2025,2,NON TITO,,,JAWA TIMUR,0.125,GREEN,1496218367,AREA 3,JATIM,MADIUN,KEDIRI,,,0,0,0,JAWA TIMUR,KEDIRI,NGADILUWIH,MANGUNREJO,KEDIRI
121161560,,ODP-KDI-FU/16,-7.8098,112.0523,,,5,3,0,0,8,REGIONAL 5,KEDIRI,KEDIRI,KDI,,,2024-03-16 23:27:15,2016-02-23,2016,2,NON TITO,,,JAWA TIMUR,0.375,GREEN,6562815,AREA 3,JATIM,MADIUN,KEDIRI,,,0,0,0,JAWA TIMUR,KEDIRI,NGASEM,PARON,KEDIRI
11877944263,,ODP-PPR-FE/89,-7.72491,112.062637,,,5,3,0,0,8,REGIONAL 5,KEDIRI,KEDIRI,PPR,,,2024-11-06 17:31:51,2024-10-31,2024,10,NON TITO,,,JAWA TIMUR,0.375,GREEN,1479145307,AREA 3,JATIM,MADIUN,KEDIRI,,,0,0,0,JAWA TIMUR,KEDIRI,PAPAR,MINGGIRAN,KEDIRI
11890018647,,ODP-GUR-FE/23,-7.802237,112.086555,,,6,2,0,0,8,REGIONAL 5,KEDIRI,KEDIRI,GUR,,,2024-11-02 17:51:54,2024-11-01,2024,11,NON TITO,,,JAWA TIMUR,0.25,GREEN,1485644721,AREA 3,JATIM,MADIUN,KEDIRI,,,0,0,0,JAWA TIMUR,KEDIRI,PAGU,WONOSARI,KEDIRI
121162122,,ODP-KDI-FAG/12,-7.8537,112.0296,,,7,1,0,0,8,REGIONAL 5,KEDIRI,KEDIRI,KDI,,,2024-03-16 23:27:24,2016-02-23,2016,2,NON TITO,,,JAWA TIMUR,0.125,GREEN,6563175,AREA 3,JATIM,MADIUN,KEDIRI,,,0,0,0,JAWA TIMUR,KOTA KEDIRI,KOTA KEDIRI,REJOMULYO,KEDIRI
12138344523,,ODP-PPR-FD/77,-7.672259,112.12066,,,5,3,0,0,8,REGIONAL 5,KEDIRI,KEDIRI,PPR,,,2025-05-02 18:19:43,2025-05-02,2025,5,NON TITO,,,JAWA TIMUR,0.375,GREEN,1497646374,AREA 3,JATIM,MADIUN,KEDIRI,,,0,0,0,JAWA TIMUR,KEDIRI,PAPAR,PUHJAJAR,KEDIRI
12124543823,,ODP-PPR-FD/74,-7.669485,112.109961,,,6,2,0,0,8,REGIONAL 5,KEDIRI,KEDIRI,PPR,,,2025-04-30 17:55:27,2025-04-29,2025,4,NON TITO,,,JAWA TIMUR,0.25,GREEN,1497403581,AREA 3,JATIM,MADIUN,KEDIRI,,,0,0,0,JAWA TIMUR,KEDIRI,PURWOASRI,JANTOK,KEDIRI
11867369820,,ODP-PAE-FQ/62,-7.781447,112.203341,,,5,3,0,0,8,REGIONAL 5,KEDIRI,KEDIRI,PAE,,,2024-10-29 17:28:04,2024-10-28,2024,10,NON TITO,,,JAWA TIMUR,0.375,GREEN,1479870065,AREA 3,JATIM,MADIUN,KEDIRI,,,0,0,0,JAWA TIMUR,KEDIRI,PARE,TERTEK,KEDIRI
121161633,,ODP-KDI-FU/22,-7.8101,112.0521,,,7,1,0,0,8,REGIONAL 5,KEDIRI,KEDIRI,KDI,,,2024-03-16 23:27:19,2016-02-23,2016,2,NON TITO,,,JAWA TIMUR,0.125,GREEN,6562861,AREA 3,JATIM,MADIUN,KEDIRI,,,0,0,0,JAWA TIMUR,KEDIRI,NGASEM,SUKOREJO,KEDIRI
121234036,,ODP-KDI-FAA/58,-7.7539,112.032,,,6,2,0,0,8,REGIONAL 5,KEDIRI,KEDIRI,KDI,,,2024-03-16 23:28:59,2016-02-23,2016,2,NON TITO,,,JAWA TIMUR,0.25,GREEN,6635541,AREA 3,JATIM,MADIUN,KEDIRI,,,0,0,0,JAWA TIMUR,KEDIRI,GAMPENGREJO,NGEBRAK,KEDIRI
12050293704,,ODP-PAE-FN/40,-7.774534,112.218627,,,5,3,0,0,8,REGIONAL 5,KEDIRI,KEDIRI,PAE,,,2025-02-09 23:46:23,2025-02-08,2025,2,NON TITO,,,JAWA TIMUR,0.375,GREEN,1495890592,AREA 3,JATIM,MADIUN,KEDIRI,,,0,0,0,JAWA TIMUR,KEDIRI,PARE,TERTEK,KEDIRI
11867369835,,ODP-PAE-FQ/59,-7.778747,112.202487,,,7,1,0,0,8,REGIONAL 5,KEDIRI,KEDIRI,PAE,,,2024-10-29 17:27:52,2024-10-28,2024,10,NON TITO,,,JAWA TIMUR,0.125,GREEN,1479870075,AREA 3,JATIM,MADIUN,KEDIRI,,,0,0,0,JAWA TIMUR,KEDIRI,PARE,PARE,KEDIRI
121232786,,ODP-KDI-FX/06,-7.8425,112.0209,,,10,5,0,0,16,REGIONAL 5,KEDIRI,KEDIRI,KDI,,,2024-03-16 23:28:54,2016-02-23,2016,2,NON TITO,,,JAWA TIMUR,0.3125,GREEN,6634611,AREA 3,JATIM,MADIUN,KEDIRI,,,0,0,0,JAWA TIMUR,KOTA KEDIRI,KOTA KEDIRI,NGRONGGO,KEDIRI
11873294154,,ODP-PAE-FAB/29,-7.795016,112.279937,,,6,2,0,0,8,REGIONAL 5,KEDIRI,KEDIRI,PAE,,,2024-10-30 17:55:14,2024-10-30,2024,10,NON TITO,,,JAWA TIMUR,0.25,GREEN,1479139167,AREA 3,JATIM,MADIUN,KEDIRI,,,0,0,0,JAWA TIMUR,KEDIRI,KEPUNG,KEPUNG,KEDIRI
7347723786,,ODP-SBI-FC/20,-7.945025,111.986513,,,5,3,0,0,8,REGIONAL 5,KEDIRI,KEDIRI,SBI,,,2023-08-30 18:02:02,2021-08-12,2021,8,NON TITO,,,JAWA TIMUR,0.375,GREEN,980446165,AREA 3,JATIM,MADIUN,KEDIRI,,,0,0,0,JAWA TIMUR,KEDIRI,KRAS,BANJARANYAR,KEDIRI
11868943731,,ODP-PPR-FC/42,-7.715288,112.095972,,,7,1,0,0,8,REGIONAL 5,KEDIRI,KEDIRI,PPR,,,2024-10-30 17:55:07,2024-10-30,2024,10,NON TITO,,,JAWA TIMUR,0.125,GREEN,1479140456,AREA 3,JATIM,MADIUN,KEDIRI,,,0,0,0,JAWA TIMUR,KEDIRI,PAPAR,JANTI,KEDIRI
12124543818,,ODP-PPR-FD/76,-7.667748,112.107853,,,7,1,0,0,8,REGIONAL 5,KEDIRI,KEDIRI,PPR,,,2025-04-30 17:55:26,2025-04-29,2025,4,NON TITO,,,JAWA TIMUR,0.125,GREEN,1497403576,AREA 3,JATIM,MADIUN,KEDIRI,,,0,0,0,JAWA TIMUR,KEDIRI,PURWOASRI,JANTOK,KEDIRI
12045419680,,ODP-KAA-FB/82,-7.73612,112.278339,,,7,1,0,0,8,REGIONAL 5,KEDIRI,KEDIRI,KAA,,,2025-02-11 17:42:39,2025-02-10,2025,2,NON TITO,,,JAWA TIMUR,0.125,GREEN,1496058441,AREA 3,JATIM,MADIUN,KEDIRI,,,0,0,0,JAWA TIMUR,KEDIRI,KANDANGAN,KASREMAN,KEDIRI
121232839,,ODP-KDI-FAK/37,-7.8052,112.0122,,,2,3,0,0,8,REGIONAL 5,KEDIRI,KEDIRI,KDI,,,2024-03-16 23:28:49,2016-02-23,2016,2,NON TITO,,,JAWA TIMUR,0.375,GREEN,6634652,AREA 3,JATIM,MADIUN,KEDIRI,,,0,0,0,JAWA TIMUR,KOTA KEDIRI,KOTA KEDIRI,SEMAMPIR,KEDIRI
12046993724,,ODP-PAE-FAA/25,-7.774214,112.235756,,,5,3,0,0,8,REGIONAL 5,KEDIRI,KEDIRI,PAE,,,2025-02-08 17:32:24,2025-02-07,2025,2,NON TITO,,,JAWA TIMUR,0.375,GREEN,1496035081,AREA 3,JATIM,MADIUN,KEDIRI,,,0,0,0,JAWA TIMUR,KEDIRI,KEPUNG,KENCONG,KEDIRI
12121918687,,ODP-MJT-FC/64,-7.742946,111.981483,,,7,1,0,0,8,REGIONAL 5,KEDIRI,KEDIRI,MJT,,,2025-04-25 18:00:08,2025-04-24,2025,4,NON TITO,,,JAWA TIMUR,0.125,GREEN,1497372730,AREA 3,JATIM,MADIUN,KEDIRI,,,0,0,0,JAWA TIMUR,KEDIRI,GROGOL,SONOREJO,KEDIRI
2130871758,,ODP-PAE-FAF/06,-7.75718,112.173644,,,5,3,0,0,8,REGIONAL 5,KEDIRI,KEDIRI,PAE,,,2023-08-30 17:59:31,2018-01-08,2018,1,NON TITO,,,JAWA TIMUR,0.375,GREEN,259747011,AREA 3,JATIM,MADIUN,KEDIRI,,,0,0,0,JAWA TIMUR,KEDIRI,PARE,PELEM,KEDIRI
11867820031,,ODP-PAE-FU/68,-7.792575,112.248872,,,6,2,0,0,8,REGIONAL 5,KEDIRI,KEDIRI,PAE,,,2024-10-29 17:27:16,2024-10-29,2024,10,NON TITO,,,JAWA TIMUR,0.25,GREEN,1479133551,AREA 3,JATIM,MADIUN,KEDIRI,,,0,0,0,JAWA TIMUR,KEDIRI,KEPUNG,KRENCENG,KEDIRI
2095018974,,ODP-PAE-FAL/12,-7.762104,112.201067,,,5,3,0,0,8,REGIONAL 5,KEDIRI,KEDIRI,PAE,,,2023-08-30 18:05:17,2017-12-27,2017,12,NON TITO,,,JAWA TIMUR,0.375,GREEN,256207962,AREA 3,JATIM,MADIUN,KEDIRI,,,0,0,0,JAWA TIMUR,KEDIRI,PARE,PARE,KEDIRI
11870593926,,ODP-PAE-FE/38,-7.7347,112.136643,,,5,3,0,0,8,REGIONAL 5,KEDIRI,KEDIRI,PAE,,,2024-10-29 17:27:28,2024-10-29,2024,10,NON TITO,,,JAWA TIMUR,0.375,GREEN,1479132832,AREA 3,JATIM,MADIUN,KEDIRI,,,0,0,0,JAWA TIMUR,KEDIRI,KAYEN KIDUL,JAMBU,KEDIRI
2049494109,,ODP-MJT-FK/43,-7.807974,111.992545,,,5,3,0,0,8,REGIONAL 5,KEDIRI,KEDIRI,MJT,,,2023-08-30 17:58:17,2017-12-13,2017,12,NON TITO,,,JAWA TIMUR,0.375,GREEN,256438115,AREA 3,JATIM,MADIUN,KEDIRI,,,0,0,0,JAWA TIMUR,KOTA KEDIRI,MOJOROTO,BUJEL,KEDIRI
2081370446,,ODP-NDL-FE/49,-7.949336,111.964907,,,6,2,0,0,8,REGIONAL 5,KEDIRI,KEDIRI,NDL,,,2023-08-30 17:57:57,2017-12-22,2017,12,NON TITO,,,JAWA TIMUR,0.25,GREEN,256550240,AREA 3,JATIM,MADIUN,KEDIRI,,,0,0,0,JAWA TIMUR,KEDIRI,KRAS,BANJARANYAR,KEDIRI
11865494001,,ODP-PAE-FF/63,-7.747041,112.165705,,,6,2,0,0,8,REGIONAL 5,KEDIRI,KEDIRI,PAE,,,2024-10-29 17:27:01,2024-10-29,2024,10,NON TITO,,,JAWA TIMUR,0.25,GREEN,1479133041,AREA 3,JATIM,MADIUN,KEDIRI,,,0,0,0,JAWA TIMUR,KEDIRI,PLEMAHAN,LANGENHARJO,KEDIRI
11867820016,,ODP-PAE-FU/70,-7.797709,112.252102,,,7,1,0,0,8,REGIONAL 5,KEDIRI,KEDIRI,PAE,,,2024-10-29 17:27:56,2024-10-29,2024,10,NON TITO,,,JAWA TIMUR,0.125,GREEN,1479133539,AREA 3,JATIM,MADIUN,KEDIRI,,,0,0,0,JAWA TIMUR,KEDIRI,KEPUNG,KRENCENG,KEDIRI
11867820026,,ODP-PAE-FU/69,-7.794263,112.252171,,,7,1,0,0,8,REGIONAL 5,KEDIRI,KEDIRI,PAE,,,2024-10-29 17:28:00,2024-10-29,2024,10,NON TITO,,,JAWA TIMUR,0.125,GREEN,1479133545,AREA 3,JATIM,MADIUN,KEDIRI,,,0,0,0,JAWA TIMUR,KEDIRI,KEPUNG,KRENCENG,KEDIRI
2107619697,,ODP-NDL-FL/13,-7.909482,112.022993,,,6,2,0,0,8,REGIONAL 5,KEDIRI,KEDIRI,NDL,,,2023-08-30 18:03:26,2017-12-30,2017,12,NON TITO,,,JAWA TIMUR,0.25,GREEN,258691650,AREA 3,JATIM,MADIUN,KEDIRI,,,0,0,0,JAWA TIMUR,KEDIRI,KANDAT,RINGINSARI,KEDIRI
12044745126,,ODP-NDL-FA/79,-7.886789,111.985945,,,7,1,0,0,8,REGIONAL 5,KEDIRI,KEDIRI,NDL,,,2025-02-07 17:36:49,2025-02-06,2025,2,NON TITO,,,JAWA TIMUR,0.125,GREEN,1496030189,AREA 3,JATIM,MADIUN,KEDIRI,,,0,0,0,JAWA TIMUR,KEDIRI,NGADILUWIH,NGADILUWIH,KEDIRI
11951443543,,ODP-MJT-FAU/23,-7.697188,111.972907,,,7,1,0,0,8,REGIONAL 5,KEDIRI,KEDIRI,MJT,,,2024-11-17 23:36:07,2024-11-15,2024,11,NON TITO,,,JAWA TIMUR,0.125,GREEN,1485905548,AREA 3,JATIM,MADIUN,KEDIRI,,,0,0,0,JAWA TIMUR,KEDIRI,TAROKAN,BLIMBING,KEDIRI
12046993719,,ODP-PAE-FAA/26,-7.773951,112.239067,,,7,1,0,0,8,REGIONAL 5,KEDIRI,KEDIRI,PAE,,,2025-02-08 17:32:10,2025-02-07,2025,2,NON TITO,,,JAWA TIMUR,0.125,GREEN,1496035078,AREA 3,JATIM,MADIUN,KEDIRI,,,0,0,0,JAWA TIMUR,KEDIRI,KEPUNG,KENCONG,KEDIRI
121232752,,ODP-KDI-FZ/14,-7.82231,112.0192,,,9,6,0,0,16,REGIONAL 5,KEDIRI,KEDIRI,KDI,,,2024-03-16 23:28:35,2016-02-23,2016,2,NON TITO,,,JAWA TIMUR,0.375,GREEN,6634582,AREA 3,JATIM,MADIUN,KEDIRI,,,0,0,0,JAWA TIMUR,KOTA KEDIRI,KOTA,JAGALAN,KEDIRI
2105744349,,ODP-PAE-FAJ/08,-7.754435,112.179346,,,6,2,0,0,8,REGIONAL 5,KEDIRI,KEDIRI,PAE,,,2023-08-30 18:08:12,2018-01-02,2018,1,NON TITO,,,JAWA TIMUR,0.25,GREEN,258990104,AREA 3,JATIM,MADIUN,KEDIRI,,,0,0,0,JAWA TIMUR,KEDIRI,PARE,TULUNGREJO,KEDIRI
2122095292,,ODP-PAE-FAE/11,-7.765494,112.156951,,,6,2,0,0,8,REGIONAL 5,KEDIRI,KEDIRI,PAE,,,2023-08-30 17:58:29,2018-01-06,2018,1,NON TITO,,,JAWA TIMUR,0.25,GREEN,259139786,AREA 3,JATIM,MADIUN,KEDIRI,,,0,0,0,JAWA TIMUR,KEDIRI,PARE,BENDO,KEDIRI
121234079,,ODP-KDI-FAA/25,-7.7558,112.0417,,,5,3,0,0,8,REGIONAL 5,KEDIRI,KEDIRI,KDI,,,2024-03-16 23:28:51,2016-02-23,2016,2,NON TITO,,,JAWA TIMUR,0.375,GREEN,6635568,AREA 3,JATIM,MADIUN,KEDIRI,,,0,0,0,JAWA TIMUR,KEDIRI,GAMPENGREJO,PLOSOREJO,KEDIRI
11867820063,,ODP-PAE-FU/72,-7.809895,112.254923,,,5,3,0,0,8,REGIONAL 5,KEDIRI,KEDIRI,PAE,,,2024-10-29 17:27:58,2024-10-29,2024,10,NON TITO,,,JAWA TIMUR,0.375,GREEN,1479133569,AREA 3,JATIM,MADIUN,KEDIRI,,,0,0,0,JAWA TIMUR,KEDIRI,KEPUNG,KEPUNG,KEDIRI
6848743736,,ODP-WAT-FM/30,-7.88512,112.121038,,,7,1,0,0,8,REGIONAL 5,KEDIRI,KEDIRI,WAT,,,2023-08-30 18:05:03,2021-06-18,2021,6,NON TITO,,,JAWA TIMUR,0.125,GREEN,906427822,AREA 3,JATIM,MADIUN,KEDIRI,,,0,0,0,JAWA TIMUR,KEDIRI,WATES,PLAOSAN,KEDIRI
12122293656,,ODP-KAA-FD/60,-7.774059,112.266,,,7,1,0,0,8,REGIONAL 5,KEDIRI,KEDIRI,KAA,,,2025-04-25 17:58:34,2025-04-24,2025,4,NON TITO,,,JAWA TIMUR,0.125,GREEN,1497372155,AREA 3,JATIM,MADIUN,KEDIRI,,,0,0,0,JAWA TIMUR,KEDIRI,KEPUNG,DAMARWULAN,KEDIRI
11949793528,,ODP-PAE-FAL/66,-7.760859,112.220822,,,7,1,0,0,8,REGIONAL 5,KEDIRI,KEDIRI,PAE,,,2024-11-16 17:46:46,2024-11-15,2024,11,NON TITO,,,JAWA TIMUR,0.125,GREEN,1490062120,AREA 3,JATIM,MADIUN,KEDIRI,,,0,0,0,JAWA TIMUR,KEDIRI,BADAS,CANGGU,KEDIRI
12087869476,,ODP-SBI-FL/38,-7.947115,112.034582,,,6,2,0,0,8,REGIONAL 5,KEDIRI,KEDIRI,SBI,,,2025-04-09 17:41:27,2025-04-08,2025,4,NON TITO,,,JAWA TIMUR,0.25,GREEN,1497272933,AREA 3,JATIM,MADIUN,KEDIRI,,,0,0,0,JAWA TIMUR,KEDIRI,KANDAT,SUMBERJO,KEDIRI
121161750,,ODP-KDI-FU/43,-7.8156,112.0576,,,4,3,0,0,8,REGIONAL 5,KEDIRI,KEDIRI,KDI,,,2024-03-16 23:26:26,2016-02-23,2016,2,NON TITO,,,JAWA TIMUR,0.375,GREEN,6562935,AREA 3,JATIM,MADIUN,KEDIRI,,,0,0,0,JAWA TIMUR,KEDIRI,NGASEM,GOGORANTE,KEDIRI
12085770946,,ODP-NDL-FN/28,-7.901122,111.987381,,,6,2,0,0,8,REGIONAL 5,KEDIRI,KEDIRI,NDL,,,2025-04-09 17:40:12,2025-04-08,2025,4,NON TITO,,,JAWA TIMUR,0.25,GREEN,1497272363,AREA 3,JATIM,MADIUN,KEDIRI,,,0,0,0,JAWA TIMUR,KEDIRI,NGADILUWIH,NGADILUWIH,KEDIRI
12056743565,,ODP-PPR-FG/60,-7.655863,112.16085,,,7,1,0,0,8,REGIONAL 5,KEDIRI,KEDIRI,PPR,,,2025-02-15 17:52:30,2025-02-14,2025,2,NON TITO,,,JAWA TIMUR,0.125,GREEN,1496082670,AREA 3,JATIM,MADIUN,KEDIRI,,,0,0,0,JAWA TIMUR,KEDIRI,KUNJANG,KUNJANG,KEDIRI
12056743570,,ODP-PPR-FG/59,-7.657629,112.163841,,,7,1,0,0,8,REGIONAL 5,KEDIRI,KEDIRI,PPR,,,2025-02-15 17:53:09,2025-02-14,2025,2,NON TITO,,,JAWA TIMUR,0.125,GREEN,1496082673,AREA 3,JATIM,MADIUN,KEDIRI,,,0,0,0,JAWA TIMUR,KEDIRI,KUNJANG,KAPI,KEDIRI
12056743575,,ODP-PPR-FG/62,-7.657808,112.156719,,,6,2,0,0,8,REGIONAL 5,KEDIRI,KEDIRI,PPR,,,2025-02-15 17:53:21,2025-02-14,2025,2,NON TITO,,,JAWA TIMUR,0.25,GREEN,1496082676,AREA 3,JATIM,MADIUN,KEDIRI,,,0,0,0,JAWA TIMUR,KEDIRI,KUNJANG,KAPI,KEDIRI
12079997512,,ODP-MJT-FAB/22,-7.776764,111.994512,,,6,2,0,0,8,REGIONAL 5,KEDIRI,KEDIRI,MJT,,,2025-04-09 17:40:25,2025-04-08,2025,4,NON TITO,,,JAWA TIMUR,0.25,GREEN,1497271498,AREA 3,JATIM,MADIUN,KEDIRI,,,0,0,0,JAWA TIMUR,KOTA KEDIRI,MOJOROTO,MRICAN,KEDIRI
12091394583,,ODP-NDL-FD/73,-7.901693,111.963753,,,5,3,0,0,8,REGIONAL 5,KEDIRI,KEDIRI,NDL,,,2025-04-09 17:40:40,2025-04-08,2025,4,NON TITO,,,JAWA TIMUR,0.375,GREEN,1497271275,AREA 3,JATIM,MADIUN,KEDIRI,,,0,0,0,JAWA TIMUR,KEDIRI,MOJO,TAMBIBENDO,KEDIRI
11888219789,,ODP-PAE-FH/51,-7.743282,112.191891,,,5,3,0,0,8,REGIONAL 5,KEDIRI,KEDIRI,PAE,,,2024-11-02 17:49:33,2024-11-01,2024,11,NON TITO,,,JAWA TIMUR,0.375,GREEN,1485644574,AREA 3,JATIM,MADIUN,KEDIRI,,,0,0,0,JAWA TIMUR,KEDIRI,BADAS,BRINGIN,KEDIRI
12056743580,,ODP-PPR-FG/61,-7.65569,112.159095,,,5,3,0,0,8,REGIONAL 5,KEDIRI,KEDIRI,PPR,,,2025-02-15 17:51:13,2025-02-14,2025,2,NON TITO,,,JAWA TIMUR,0.375,GREEN,1496082679,AREA 3,JATIM,MADIUN,KEDIRI,,,0,0,0,JAWA TIMUR,KEDIRI,KUNJANG,KUNJANG,KEDIRI
12086894434,,ODP-GUR-FH/59,-7.767967,112.087829,,,6,2,0,0,8,REGIONAL 5,KEDIRI,KEDIRI,GUR,,,2025-04-06 07:22:39,2025-04-05,2025,4,NON TITO,,,JAWA TIMUR,0.25,GREEN,1496595742,AREA 3,JATIM,MADIUN,KEDIRI,,,0,0,0,JAWA TIMUR,KEDIRI,PAGU,SITIMERT0,KEDIRI
12086894429,,ODP-GUR-FH/60,-7.757362,112.083447,,,6,2,0,0,8,REGIONAL 5,KEDIRI,KEDIRI,GUR,,,2025-04-06 07:22:55,2025-04-05,2025,4,NON TITO,,,JAWA TIMUR,0.25,GREEN,1496595739,AREA 3,JATIM,MADIUN,KEDIRI,,,0,0,0,JAWA TIMUR,KEDIRI,PAGU,JAGUNG,KEDIRI
2430945996,,ODP-PAE-FS/06,-7.851398,112.168239,,,5,3,0,0,8,REGIONAL 5,KEDIRI,KEDIRI,PAE,,,2023-08-30 18:09:27,2018-04-14,2018,4,NON TITO,,,JAWA TIMUR,0.375,GREEN,333713460,AREA 3,JATIM,MADIUN,KEDIRI,,,0,0,0,JAWA TIMUR,KEDIRI,PLOSOKLATEN,PRANGGANG,KEDIRI
12056744031,,ODP-MJT-FAB/20,-7.777227,111.980977,,,7,1,0,0,8,REGIONAL 5,KEDIRI,KEDIRI,MJT,,,2025-02-18 17:40:24,2025-02-17,2025,2,NON TITO,,,JAWA TIMUR,0.125,GREEN,1496097266,AREA 3,JATIM,MADIUN,KEDIRI,,,0,0,0,JAWA TIMUR,KEDIRI,BANYAKAN,BANYARKAN,KEDIRI
11869096688,,ODP-MJT-FAA/60,-7.775562,111.949643,,,6,2,0,0,8,REGIONAL 5,KEDIRI,KEDIRI,MJT,,,2024-11-02 17:50:15,2024-11-01,2024,11,NON TITO,,,JAWA TIMUR,0.25,GREEN,1485645186,AREA 3,JATIM,MADIUN,KEDIRI,,,0,0,0,JAWA TIMUR,KEDIRI,BANYAKAN,JATIREJO,KEDIRI
12052544934,,ODP-PAE-FN/41,-7.777954,112.228169,,,6,2,0,0,8,REGIONAL 5,KEDIRI,KEDIRI,PAE,,,2025-02-14 17:44:34,2025-02-13,2025,2,NON TITO,,,JAWA TIMUR,0.25,GREEN,1496076973,AREA 3,JATIM,MADIUN,KEDIRI,,,0,0,0,JAWA TIMUR,KEDIRI,KEPUNG,KENCONG,KEDIRI
12117493536,,ODP-SBI-FL/40,-7.953887,112.033459,,,7,1,0,0,8,REGIONAL 5,KEDIRI,KEDIRI,SBI,,,2025-04-24 17:49:07,2025-04-23,2025,4,NON TITO,,,JAWA TIMUR,0.125,GREEN,1497366293,AREA 3,JATIM,MADIUN,KEDIRI,,,0,0,0,JAWA TIMUR,KEDIRI,KANDAT,SUMBERJO,KEDIRI
12087869481,,ODP-SBI-FL/39,-7.945495,112.033418,,,6,2,0,0,8,REGIONAL 5,KEDIRI,KEDIRI,SBI,,,2025-04-09 17:41:25,2025-04-08,2025,4,NON TITO,,,JAWA TIMUR,0.25,GREEN,1497272936,AREA 3,JATIM,MADIUN,KEDIRI,,,0,0,0,JAWA TIMUR,KEDIRI,KANDAT,SUMBERJO,KEDIRI
11868643818,,ODP-PAE-FV/18,-7.798597,112.223628,,,5,3,0,0,8,REGIONAL 5,KEDIRI,KEDIRI,PAE,,,2024-11-02 17:49:19,2024-11-01,2024,11,NON TITO,,,JAWA TIMUR,0.375,GREEN,1479154563,AREA 3,JATIM,MADIUN,KEDIRI,,,0,0,0,JAWA TIMUR,KEDIRI,KEPUNG,KRENCENG,KEDIRI
12103771886,,ODP-KDI-FAM/11,-7.796752,112.023181,,,5,3,0,0,8,REGIONAL 5,KEDIRI,KEDIRI,KDI,,,2025-04-23 17:59:31,2025-04-22,2025,4,NON TITO,,,JAWA TIMUR,0.375,GREEN,1497359663,AREA 3,JATIM,MADIUN,KEDIRI,,,0,0,0,JAWA TIMUR,KEDIRI,NGASEM,KARANGREJO,KEDIRI
12103771876,,ODP-KDI-FAM/12,-7.796236,112.021921,,,5,3,0,0,8,REGIONAL 5,KEDIRI,KEDIRI,KDI,,,2025-04-23 17:59:40,2025-04-22,2025,4,NON TITO,,,JAWA TIMUR,0.375,GREEN,1497359656,AREA 3,JATIM,MADIUN,KEDIRI,,,0,0,0,JAWA TIMUR,KEDIRI,NGASEM,KARANGREJO,KEDIRI
11871943688,,ODP-GUR-FD/35,-7.790446,112.094567,,,4,2,2,0,8,REGIONAL 5,KEDIRI,KEDIRI,GUR,,,2024-11-01 07:18:47,2024-10-31,2024,10,NON TITO,,,JAWA TIMUR,0.25,GREEN,1479148712,AREA 3,JATIM,MADIUN,KEDIRI,,,0,0,0,JAWA TIMUR,KEDIRI,PAGU,TENGGER KIDUL,KEDIRI
11871943693,,ODP-GUR-FD/36,-7.789619,112.092385,,,7,1,0,0,8,REGIONAL 5,KEDIRI,KEDIRI,GUR,,,2024-11-01 07:18:29,2024-10-31,2024,10,NON TITO,,,JAWA TIMUR,0.125,GREEN,1479148716,AREA 3,JATIM,MADIUN,KEDIRI,,,0,0,0,JAWA TIMUR,KEDIRI,PAGU,TENGGER KIDUL,KEDIRI
121234007,,ODP-KDI-FK/27,-7.7908,112.0311,,,6,2,0,0,8,REGIONAL 5,KEDIRI,KEDIRI,KDI,,,2024-03-16 23:28:57,2016-02-23,2016,2,NON TITO,,,JAWA TIMUR,0.25,GREEN,6635523,AREA 3,JATIM,MADIUN,KEDIRI,,,0,0,0,JAWA TIMUR,KEDIRI,NGASEM,KWADUNGAN,KEDIRI
11877719037,,ODP-KAA-FA/34,-7.784994,112.303113,,,6,2,0,0,8,REGIONAL 5,KEDIRI,KEDIRI,KAA,,,2024-11-01 07:17:49,2024-10-31,2024,10,NON TITO,,,JAWA TIMUR,0.25,GREEN,1485641722,AREA 3,JATIM,MADIUN,KEDIRI,,,0,0,0,JAWA TIMUR,MALANG,KASEMBON,SUKOSARI,KEDIRI
12045419685,,ODP-KAA-FB/81,-7.734786,112.276241,,,7,1,0,0,8,REGIONAL 5,KEDIRI,KEDIRI,KAA,,,2025-02-11 17:42:38,2025-02-10,2025,2,NON TITO,,,JAWA TIMUR,0.125,GREEN,1496058444,AREA 3,JATIM,MADIUN,KEDIRI,,,0,0,0,JAWA TIMUR,KEDIRI,KANDANGAN,KASREMAN,KEDIRI
11886719435,,ODP-PAE-FAB/32,-7.811653,112.286661,,,6,2,0,0,8,REGIONAL 5,KEDIRI,KEDIRI,PAE,,,2024-11-02 17:50:51,2024-11-01,2024,11,NON TITO,,,JAWA TIMUR,0.25,GREEN,1479154973,AREA 3,JATIM,MADIUN,KEDIRI,,,0,0,0,JAWA TIMUR,KEDIRI,KEPUNG,SIMAN,KEDIRI
2324518686,,ODP-MJT-FK/47,-7.813349,111.995763,,,5,3,0,0,8,REGIONAL 5,KEDIRI,KEDIRI,MJT,,,2023-08-30 18:07:16,2018-03-13,2018,3,NON TITO,,,JAWA TIMUR,0.375,GREEN,325298557,AREA 3,JATIM,MADIUN,KEDIRI,,,0,0,0,JAWA TIMUR,KOTA KEDIRI,MOJOROTO,MOJOROTO,KEDIRI
12108718707,,ODP-WAT-FN/37,-7.901157,112.139005,,,6,2,0,0,8,REGIONAL 5,KEDIRI,KEDIRI,WAT,,,2025-04-16 17:44:43,2025-04-16,2025,4,NON TITO,,,JAWA TIMUR,0.25,GREEN,1496651717,AREA 3,JATIM,MADIUN,KEDIRI,,,0,0,0,JAWA TIMUR,KEDIRI,WATES,TUNGE,KEDIRI
11886719440,,ODP-PAE-FAB/33,-7.810656,112.287493,,,7,1,0,0,8,REGIONAL 5,KEDIRI,KEDIRI,PAE,,,2024-11-02 17:50:16,2024-11-01,2024,11,NON TITO,,,JAWA TIMUR,0.125,GREEN,1479154976,AREA 3,JATIM,MADIUN,KEDIRI,,,0,0,0,JAWA TIMUR,KEDIRI,KEPUNG,SIMAN,KEDIRI
12107743810,,ODP-KDI-FX/108,-7.839862,112.01863,,,7,1,0,0,8,REGIONAL 5,KEDIRI,KEDIRI,KDI,,,2025-04-16 17:44:34,2025-04-15,2025,4,NON TITO,,,JAWA TIMUR,0.125,GREEN,1496646260,AREA 3,JATIM,MADIUN,KEDIRI,,,0,0,0,JAWA TIMUR,KOTA KEDIRI,KOTA KEDIRI,NGRONGGO,KEDIRI
121232963,,ODP-KDI-FX/17,-7.8493,112.0299,,,5,3,0,0,8,REGIONAL 5,KEDIRI,KEDIRI,KDI,,,2024-03-16 23:28:34,2016-02-23,2016,2,NON TITO,,,JAWA TIMUR,0.375,GREEN,6634749,AREA 3,JATIM,MADIUN,KEDIRI,,,0,0,0,JAWA TIMUR,KOTA KEDIRI,KOTA KEDIRI,NGRONGGO,KEDIRI
11871944033,,ODP-PAE-FE/39,-7.729107,112.160752,,,7,1,0,0,8,REGIONAL 5,KEDIRI,KEDIRI,PAE,,,2024-11-02 17:51:52,2024-11-01,2024,11,NON TITO,,,JAWA TIMUR,0.125,GREEN,1479154209,AREA 3,JATIM,MADIUN,KEDIRI,,,0,0,0,JAWA TIMUR,KEDIRI,PLEMAHAN,PUHJARAK,KEDIRI
11868643813,,ODP-PAE-FV/17,-7.797465,112.224236,,,6,2,0,0,8,REGIONAL 5,KEDIRI,KEDIRI,PAE,,,2024-11-02 17:49:20,2024-11-01,2024,11,NON TITO,,,JAWA TIMUR,0.25,GREEN,1479154547,AREA 3,JATIM,MADIUN,KEDIRI,,,0,0,0,JAWA TIMUR,KEDIRI,KEPUNG,KRENCENG,KEDIRI
12046094454,,ODP-PPR-FJ/25,-7.729417,112.105376,,,5,3,0,0,8,REGIONAL 5,KEDIRI,KEDIRI,PPR,,,2025-02-13 17:37:57,2025-02-12,2025,2,NON TITO,,,JAWA TIMUR,0.375,GREEN,1495894060,AREA 3,JATIM,MADIUN,KEDIRI,,,0,0,0,JAWA TIMUR,KEDIRI,KAYEN KIDUL,NANGGUNGAN,KEDIRI
11832868548,,ODP-MJT-FAL/15,-7.849517,111.983182,,,7,1,0,0,8,REGIONAL 5,KEDIRI,KEDIRI,MJT,,,2024-10-11 17:27:33,2024-10-11,2024,10,NON TITO,,,JAWA TIMUR,0.125,GREEN,1465461587,AREA 3,JATIM,MADIUN,KEDIRI,,,0,0,0,JAWA TIMUR,KEDIRI,SEMEN,SIDOMULYO,KEDIRI
121234541,,ODP-KDI-FU/46,-7.8156,112.058,,,5,3,0,0,8,REGIONAL 5,KEDIRI,KEDIRI,KDI,,,2024-03-16 23:29:08,2016-02-23,2016,2,NON TITO,,,JAWA TIMUR,0.375,GREEN,6635847,AREA 3,JATIM,MADIUN,KEDIRI,,,0,0,0,JAWA TIMUR,KEDIRI,NGASEM,GOGORANTE,KEDIRI
12028168842,,ODP-SBI-FB/16,-7.99417,112.029481,,,7,1,0,0,8,REGIONAL 5,KEDIRI,KEDIRI,SBI,,,2025-01-08 17:34:41,2025-01-07,2025,1,NON TITO,,,JAWA TIMUR,0.125,GREEN,1495582537,AREA 3,JATIM,MADIUN,KEDIRI,,,0,0,0,JAWA TIMUR,KEDIRI,RINGINREJO,JEMEKAN,KEDIRI
12015118992,,ODP-NDL-FK/11,-7.911432,112.038391,,,6,2,0,0,8,REGIONAL 5,KEDIRI,KEDIRI,NDL,,,2024-12-15 17:32:11,2024-12-14,2024,12,NON TITO,,,JAWA TIMUR,0.25,GREEN,1495497271,AREA 3,JATIM,MADIUN,KEDIRI,,,0,0,0,JAWA TIMUR,KEDIRI,KANDAT,TEGALAN,KEDIRI
121230686,,ODP-KDI-FA/11,-7.84661,112.0324,,,12,4,0,0,16,REGIONAL 5,KEDIRI,KEDIRI,KDI,,,2024-03-16 23:27:50,2016-02-23,2016,2,NON TITO,,,JAWA TIMUR,0.25,GREEN,6632899,AREA 3,JATIM,MADIUN,KEDIRI,,,0,0,0,JAWA TIMUR,KOTA KEDIRI,KOTA KEDIRI,NGRONGGO,KEDIRI
121233502,,ODP-KDI-FK/40,-7.7919,112.0311,,,6,2,0,0,8,REGIONAL 5,KEDIRI,KEDIRI,KDI,,,2023-08-30 18:05:48,2016-02-23,2016,2,NON TITO,,,JAWA TIMUR,0.25,GREEN,6635165,AREA 3,JATIM,MADIUN,KEDIRI,,,0,0,0,JAWA TIMUR,KEDIRI,NGASEM,KWADUNGAN,KEDIRI
11740319503,,ODP-KDI-FT/31,-7.833211,112.07751,,,5,3,0,0,8,REGIONAL 5,KEDIRI,KEDIRI,KDI,,,2024-09-17 17:35:45,2024-09-17,2024,9,NON TITO,,,JAWA TIMUR,0.375,GREEN,1462917635,AREA 3,JATIM,MADIUN,KEDIRI,,,0,0,0,JAWA TIMUR,KEDIRI,GURAH,WONOJOYO,KEDIRI
4429773710,,ODP-MJT-FB/59,-7.756154,111.958422,,,5,3,0,0,8,REGIONAL 5,KEDIRI,KEDIRI,MJT,,,2023-08-30 18:10:00,2019-12-26,2019,12,NON TITO,,,JAWA TIMUR,0.375,GREEN,789569701,AREA 3,JATIM,MADIUN,KEDIRI,,,0,0,0,JAWA TIMUR,KEDIRI,GROGOL,GROGOL,KEDIRI
11740319508,,ODP-KDI-FT/30,-7.833023,112.076597,,,7,1,0,0,8,REGIONAL 5,KEDIRI,KEDIRI,KDI,,,2024-09-17 17:33:26,2024-09-17,2024,9,NON TITO,,,JAWA TIMUR,0.125,GREEN,1462917639,AREA 3,JATIM,MADIUN,KEDIRI,,,0,0,0,JAWA TIMUR,KOTA KEDIRI,PESANTREN,KETAMI,KEDIRI
11741519569,,ODP-KDI-FT/29,-7.822164,112.081605,,,7,1,0,0,8,REGIONAL 5,KEDIRI,KEDIRI,KDI,,,2024-09-18 17:31:02,2024-09-17,2024,9,NON TITO,,,JAWA TIMUR,0.125,GREEN,1462918368,AREA 3,JATIM,MADIUN,KEDIRI,,,0,0,0,JAWA TIMUR,KEDIRI,GURAH,WONOJOYO,KEDIRI
121159887,,ODP-KDI-FK/16,-7.7956,112.0238,,,6,2,0,0,8,REGIONAL 5,KEDIRI,KEDIRI,KDI,,,2024-03-16 23:26:22,2016-02-23,2016,2,NON TITO,,,JAWA TIMUR,0.25,GREEN,6561583,AREA 3,JATIM,MADIUN,KEDIRI,,,0,0,0,JAWA TIMUR,KEDIRI,NGASEM,KARANGREJO,KEDIRI
11741295673,,ODP-NDL-FA/77,-7.903251,111.982816,,,5,3,0,0,8,REGIONAL 5,KEDIRI,KEDIRI,NDL,,,2024-09-18 17:31:04,2024-09-17,2024,9,NON TITO,,,JAWA TIMUR,0.375,GREEN,1463063744,AREA 3,JATIM,MADIUN,KEDIRI,,,0,0,0,JAWA TIMUR,KEDIRI,NGADILUWIH,BRANGGAHAN,KEDIRI
10224276375,,ODP-KDI-FAV/30,-7.850573,112.065461,,,9,5,0,0,16,REGIONAL 5,KEDIRI,KEDIRI,KDI,,,2023-08-30 17:57:45,2023-06-09,2023,6,NON TITO,,,JAWA TIMUR,0.3125,GREEN,1294149756,AREA 3,JATIM,MADIUN,KEDIRI,,,0,0,0,JAWA TIMUR,KOTA KEDIRI,PESANTREN,NGLETIH,KEDIRI
11741295678,,ODP-NDL-FA/76,-7.903627,111.98305,,,6,2,0,0,8,REGIONAL 5,KEDIRI,KEDIRI,NDL,,,2024-09-18 17:30:28,2024-09-17,2024,9,NON TITO,,,JAWA TIMUR,0.25,GREEN,1463063749,AREA 3,JATIM,MADIUN,KEDIRI,,,0,0,0,JAWA TIMUR,KEDIRI,NGADILUWIH,BRANGGAHAN,KEDIRI
121230720,,ODP-KDI-FP/09,-7.8116,112.0283,,,7,3,0,0,16,REGIONAL 5,KEDIRI,KEDIRI,KDI,,,2024-03-16 23:27:24,2016-02-23,2016,2,NON TITO,,,JAWA TIMUR,0.1875,GREEN,6632931,AREA 3,JATIM,MADIUN,KEDIRI,,,0,0,0,JAWA TIMUR,KOTA KEDIRI,KOTA KEDIRI,NGADIREJO,KEDIRI
121230919,,ODP-KDI-FA/19,-7.8402,112.0302,,,11,5,0,0,16,REGIONAL 5,KEDIRI,KEDIRI,KDI,,,2024-03-16 23:28:24,2016-02-23,2016,2,NON TITO,,,JAWA TIMUR,0.3125,GREEN,6633116,AREA 3,JATIM,MADIUN,KEDIRI,,,0,0,0,JAWA TIMUR,KOTA KEDIRI,KOTA,NGRONGGO,KEDIRI
10213093633,,ODP-PAE-FZ/30,-7.721402,112.204623,,,6,2,0,0,8,REGIONAL 5,KEDIRI,KEDIRI,PAE,,,2023-08-30 17:58:35,2023-05-26,2023,5,NON TITO,,,JAWA TIMUR,0.25,GREEN,1292983213,AREA 3,JATIM,MADIUN,KEDIRI,,,0,0,0,JAWA TIMUR,KEDIRI,BADAS,TUNGLUR,KEDIRI
121235000,,ODP-KDI-FAG/09,-7.8547,112.0304,,,7,1,0,0,8,REGIONAL 5,KEDIRI,KEDIRI,KDI,,,2024-03-16 23:28:56,2016-02-23,2016,2,NON TITO,,,JAWA TIMUR,0.125,GREEN,6636142,AREA 3,JATIM,MADIUN,KEDIRI,,,0,0,0,JAWA TIMUR,KOTA KEDIRI,PESANTREN,BLABAK,KEDIRI
121230252,,ODP-KDI-FA/17,-7.84,112.0291,,,9,5,0,0,16,REGIONAL 5,KEDIRI,KEDIRI,KDI,,,2024-03-16 23:27:57,2016-02-23,2016,2,NON TITO,,,JAWA TIMUR,0.3125,GREEN,6632491,AREA 3,JATIM,MADIUN,KEDIRI,,,0,0,0,JAWA TIMUR,KOTA KEDIRI,KOTA,NGRONGGO,KEDIRI
121234900,,ODP-KDI-FAA/27,-7.7545,112.0385,,,6,2,0,0,8,REGIONAL 5,KEDIRI,KEDIRI,KDI,,,2023-08-30 18:03:40,2016-02-23,2016,2,NON TITO,,,JAWA TIMUR,0.25,GREEN,6636073,AREA 3,JATIM,MADIUN,KEDIRI,,,0,0,0,JAWA TIMUR,KEDIRI,GAMPENGREJO,TURUS,KEDIRI
12015118982,,ODP-NDL-FK/09,-7.914296,112.039563,,,5,3,0,0,8,REGIONAL 5,KEDIRI,KEDIRI,NDL,,,2024-12-15 17:31:30,2024-12-14,2024,12,NON TITO,,,JAWA TIMUR,0.375,GREEN,1495497265,AREA 3,JATIM,MADIUN,KEDIRI,,,0,0,0,JAWA TIMUR,KEDIRI,KANDAT,TEGALAN,KEDIRI
11716318916,,ODP-SBI-FE/51,-7.98125,112.048355,,,5,3,0,0,8,REGIONAL 5,KEDIRI,KEDIRI,SBI,,,2024-09-13 23:25:49,2024-09-12,2024,9,NON TITO,,,JAWA TIMUR,0.375,GREEN,1461278016,AREA 3,JATIM,MADIUN,KEDIRI,,,0,0,0,JAWA TIMUR,KEDIRI,RINGINREJO,RINGINREJO,KEDIRI
8385795355,,ODP-PAE-FM/77,-7.770421,112.196396,,,6,2,0,0,8,REGIONAL 5,KEDIRI,KEDIRI,PAE,,,2023-07-28 17:54:59,2022-01-27,2022,1,NON TITO,,,JAWA TIMUR,0.25,GREEN,1165138275,AREA 3,JATIM,MADIUN,KEDIRI,,,0,0,0,JAWA TIMUR,KEDIRI,PARE,PARE,KEDIRI
8644844178,,ODP-SBI-FA/35,-7.97623,112.025143,,,6,2,0,0,8,REGIONAL 5,KEDIRI,KEDIRI,SBI,,,2023-07-28 18:04:41,2022-04-11,2022,4,NON TITO,,,JAWA TIMUR,0.25,GREEN,1175916503,AREA 3,JATIM,MADIUN,KEDIRI,,,0,0,0,JAWA TIMUR,KEDIRI,RINGINREJO,SUSUHBANGO,KEDIRI
8850418657,,ODP-GUR-FJ/37,-7.77046,112.065245,,,6,2,0,0,8,REGIONAL 5,KEDIRI,KEDIRI,GUR,,,2023-07-28 18:04:17,2022-06-07,2022,6,NON TITO,,,JAWA TIMUR,0.25,GREEN,1183400493,AREA 3,JATIM,MADIUN,KEDIRI,,,0,0,0,JAWA TIMUR,KEDIRI,PAGU,SEMEN,KEDIRI
9243118947,,ODP-PAE-FS/31,-7.853497,112.167293,,,7,1,0,0,8,REGIONAL 5,KEDIRI,KEDIRI,PAE,,,2023-07-28 17:59:39,2022-09-08,2022,9,NON TITO,,,JAWA TIMUR,0.125,GREEN,1224678057,AREA 3,JATIM,MADIUN,KEDIRI,,,0,0,0,JAWA TIMUR,KEDIRI,PLOSOKLATEN,PRANGGANG,KEDIRI
12011968602,,ODP-NDL-FD/71,-7.879055,111.967942,,,7,1,0,0,8,REGIONAL 5,KEDIRI,KEDIRI,NDL,,,2024-12-14 18:06:31,2024-12-13,2024,12,NON TITO,,,JAWA TIMUR,0.125,GREEN,1495494691,AREA 3,JATIM,MADIUN,KEDIRI,,,0,0,0,JAWA TIMUR,KEDIRI,MOJO,SUKOANYAR,KEDIRI
11714293599,,ODP-NDL-FA/73,-7.881079,111.982373,,,7,1,0,0,8,REGIONAL 5,KEDIRI,KEDIRI,NDL,,,2024-09-06 17:24:43,2024-09-06,2024,9,NON TITO,,,JAWA TIMUR,0.125,GREEN,1460136415,AREA 3,JATIM,MADIUN,KEDIRI,,,0,0,0,JAWA TIMUR,KEDIRI,NGADILUWIH,BADAL,KEDIRI
12638745191,,ODP-MJT-FA/101,-7.748326,111.91593,,,6,2,0,0,8,REGIONAL 5,KEDIRI,KEDIRI,MJT,,,2026-02-23 17:58:37,2026-02-23,2026,2,NON TITO,,,JAWA TIMUR,0.25,GREEN,1504255037,AREA 3,JATIM,MADIUN,KEDIRI,,,0,0,0,JAWA TIMUR,KEDIRI,TAROKAN,TAROKAN,KEDIRI
12638744119,,ODP-KDI-FAD/44,-7.848164,112.047397,,,6,2,0,0,8,REGIONAL 5,KEDIRI,KEDIRI,KDI,,,2026-02-21 17:57:29,2026-02-20,2026,2,NON TITO,,,JAWA TIMUR,0.25,GREEN,1504247557,AREA 3,JATIM,MADIUN,KEDIRI,,,0,0,0,JAWA TIMUR,KOTA KEDIRI,PESANTREN,NGLETIH,KEDIRI
121159777,,ODP-KDI-FR/33,-7.8155,112.0202,,,8,5,0,0,16,REGIONAL 5,KEDIRI,KEDIRI,KDI,,,2024-03-16 23:26:02,2016-02-23,2016,2,NON TITO,,,JAWA TIMUR,0.3125,GREEN,6561494,AREA 3,JATIM,MADIUN,KEDIRI,,,0,0,0,JAWA TIMUR,KOTA KEDIRI,KOTA KEDIRI,NGADIREJO,KEDIRI
121161064,,ODP-KDI-FF/31,-7.8138,112.0286,,,10,6,0,0,16,REGIONAL 5,KEDIRI,KEDIRI,KDI,,,2023-08-30 18:11:20,2016-02-23,2016,2,NON TITO,,,JAWA TIMUR,0.375,GREEN,6562473,AREA 3,JATIM,MADIUN,KEDIRI,,,0,0,0,JAWA TIMUR,KOTA KEDIRI,KOTA KEDIRI,NGADIREJO,KEDIRI
12016618762,,ODP-PAE-FZ/38,-7.733999,112.212715,,,6,2,0,0,8,REGIONAL 5,KEDIRI,KEDIRI,PAE,,,2024-12-14 18:06:54,2024-12-13,2024,12,NON TITO,,,JAWA TIMUR,0.25,GREEN,1495495524,AREA 3,JATIM,MADIUN,KEDIRI,,,0,0,0,JAWA TIMUR,KEDIRI,BADAS,CANGGU,KEDIRI
11714293604,,ODP-NDL-FA/74,-7.883836,111.981424,,,7,1,0,0,8,REGIONAL 5,KEDIRI,KEDIRI,NDL,,,2024-09-06 17:24:30,2024-09-06,2024,9,NON TITO,,,JAWA TIMUR,0.125,GREEN,1460136418,AREA 3,JATIM,MADIUN,KEDIRI,,,0,0,0,JAWA TIMUR,KEDIRI,NGADILUWIH,BADAL,KEDIRI
12012868662,,ODP-SBI-FJ/05,-7.923186,112.03468,,,6,2,0,0,8,REGIONAL 5,KEDIRI,KEDIRI,SBI,,,2024-12-14 18:06:15,2024-12-13,2024,12,NON TITO,,,JAWA TIMUR,0.25,GREEN,1495495542,AREA 3,JATIM,MADIUN,KEDIRI,,,0,0,0,JAWA TIMUR,KEDIRI,KANDAT,KANDAT,KEDIRI
11713095214,,ODP-KDI-FH/48,-7.860143,112.004413,,,7,1,0,0,8,REGIONAL 5,KEDIRI,KEDIRI,KDI,,,2024-09-11 17:46:39,2024-09-11,2024,9,NON TITO,,,JAWA TIMUR,0.125,GREEN,1461271151,AREA 3,JATIM,MADIUN,KEDIRI,,,0,0,0,JAWA TIMUR,KEDIRI,NGADILUWIH,WONOREJO,KEDIRI
121229919,,ODP-KDI-FP/10,-7.8116,112.0318,,,8,6,0,0,16,REGIONAL 5,KEDIRI,KEDIRI,KDI,,,2024-03-16 23:28:10,2016-02-23,2016,2,NON TITO,,,JAWA TIMUR,0.375,GREEN,6632167,AREA 3,JATIM,MADIUN,KEDIRI,,,0,0,0,JAWA TIMUR,KEDIRI,NGASEM,SUKOREJO,KEDIRI
11991793564,,ODP-PAE-FZ/35,-7.711473,112.175588,,,7,1,0,0,8,REGIONAL 5,KEDIRI,KEDIRI,PAE,,,2024-11-26 17:31:27,2024-11-25,2024,11,NON TITO,,,JAWA TIMUR,0.125,GREEN,1495316727,AREA 3,JATIM,MADIUN,KEDIRI,,,0,0,0,JAWA TIMUR,KEDIRI,PLEMAHAN,SIDOWAREK,KEDIRI
130570802,,ODP-MJT-FM/07,-7.821,111.9975,,,4,2,0,0,8,REGIONAL 5,KEDIRI,KEDIRI,MJT,,,2023-08-30 18:02:06,2016-02-27,2016,2,NON TITO,,,JAWA TIMUR,0.25,GREEN,7809476,AREA 3,JATIM,MADIUN,KEDIRI,,,0,0,0,JAWA TIMUR,KOTA KEDIRI,MOJOROTO,LIRBOYO,KEDIRI
11751643541,,ODP-GUR-FL/28,-7.797189,112.100017,,,7,1,0,0,8,REGIONAL 5,KEDIRI,KEDIRI,GUR,,,2024-09-18 17:29:59,2024-09-18,2024,9,NON TITO,,,JAWA TIMUR,0.125,GREEN,1463065351,AREA 3,JATIM,MADIUN,KEDIRI,,,0,0,0,JAWA TIMUR,KEDIRI,GURAH,GEMPOLAN,KEDIRI
130581797,,ODP-MJT-FK/08,-7.8067,111.9954,,,7,1,0,0,8,REGIONAL 5,KEDIRI,KEDIRI,MJT,,,2023-08-30 18:04:04,2016-02-27,2016,2,NON TITO,,,JAWA TIMUR,0.125,GREEN,7820270,AREA 3,JATIM,MADIUN,KEDIRI,,,0,0,0,JAWA TIMUR,KOTA KEDIRI,MOJOROTO,BUJEL,KEDIRI
12018493533,,ODP-PAE-FAB/39,-7.796438,112.297139,,,5,3,0,0,8,REGIONAL 5,KEDIRI,KEDIRI,PAE,,,2024-12-17 17:34:49,2024-12-16,2024,12,NON TITO,,,JAWA TIMUR,0.375,GREEN,1495500418,AREA 3,JATIM,MADIUN,KEDIRI,,,0,0,0,JAWA TIMUR,KEDIRI,KEPUNG,BRUMBUNG,KEDIRI
11750520288,,ODP-WAT-FD/27,-7.94623,112.100883,,,7,1,0,0,8,REGIONAL 5,KEDIRI,KEDIRI,WAT,,,2024-09-24 23:44:44,2024-09-23,2024,9,NON TITO,,,JAWA TIMUR,0.125,GREEN,1463232099,AREA 3,JATIM,MADIUN,KEDIRI,,,0,0,0,JAWA TIMUR,KEDIRI,WATES,DUWET,KEDIRI
11750520293,,ODP-WAT-FD/26,-7.946449,112.104202,,,7,1,0,0,8,REGIONAL 5,KEDIRI,KEDIRI,WAT,,,2024-09-24 23:44:29,2024-09-23,2024,9,NON TITO,,,JAWA TIMUR,0.125,GREEN,1463232102,AREA 3,JATIM,MADIUN,KEDIRI,,,0,0,0,JAWA TIMUR,KEDIRI,WATES,DUWET,KEDIRI
11766718769,,ODP-KDI-FAQ/37,-7.797239,112.039077,,,5,3,0,0,8,REGIONAL 5,KEDIRI,KEDIRI,KDI,,,2024-09-24 23:44:42,2024-09-24,2024,9,NON TITO,,,JAWA TIMUR,0.375,GREEN,1463236016,AREA 3,JATIM,MADIUN,KEDIRI,,,0,0,0,JAWA TIMUR,KEDIRI,NGASEM,KARANGREJO,KEDIRI
11992993707,,ODP-WAT-FK/22,-7.903539,112.070631,,,6,2,0,0,8,REGIONAL 5,KEDIRI,KEDIRI,WAT,,,2024-11-25 17:25:29,2024-11-24,2024,11,NON TITO,,,JAWA TIMUR,0.25,GREEN,1495312206,AREA 3,JATIM,MADIUN,KEDIRI,,,0,0,0,JAWA TIMUR,KEDIRI,KANDAT,PURWOREJO,KEDIRI
130667058,,ODP-MJT-FM/20,-7.8182,112.003,,,10,6,0,0,16,REGIONAL 5,KEDIRI,KEDIRI,MJT,,,2023-08-30 18:04:00,2016-02-27,2016,2,NON TITO,,,JAWA TIMUR,0.375,GREEN,7902561,AREA 3,JATIM,MADIUN,KEDIRI,,,0,0,0,JAWA TIMUR,KOTA KEDIRI,MOJOROTO,BANDAR LOR,KEDIRI
11756296579,,ODP-PAE-FAL/60,-7.766853,112.217031,,,6,2,0,0,8,REGIONAL 5,KEDIRI,KEDIRI,PAE,,,2024-09-24 23:44:34,2024-09-23,2024,9,NON TITO,,,JAWA TIMUR,0.25,GREEN,1463363697,AREA 3,JATIM,MADIUN,KEDIRI,,,0,0,0,JAWA TIMUR,KEDIRI,PARE,TERTEK,KEDIRI
9512144983,,ODP-GUR-FF/31,-7.826306,112.135853,,,6,2,0,0,8,REGIONAL 5,KEDIRI,KEDIRI,GUR,,,2023-08-30 18:02:02,2022-11-07,2022,11,NON TITO,,,JAWA TIMUR,0.25,GREEN,1248229710,AREA 3,JATIM,MADIUN,KEDIRI,,,0,0,0,JAWA TIMUR,KEDIRI,GURAH,TIRUKIDUL,KEDIRI
121234938,,ODP-KDI-FF/14,-7.8105,112.0252,,,10,6,0,0,16,REGIONAL 5,KEDIRI,KEDIRI,KDI,,,2024-03-16 23:26:08,2016-02-23,2016,2,NON TITO,,,JAWA TIMUR,0.375,GREEN,6636100,AREA 3,JATIM,MADIUN,KEDIRI,,,0,0,0,JAWA TIMUR,KOTA KEDIRI,KOTA KEDIRI,NGADIREJO,KEDIRI
12591568538,,ODP-KDI-FBA/52,-7.831033,112.051849,,,7,1,0,0,8,REGIONAL 5,KEDIRI,KEDIRI,KDI,,,2026-02-06 17:40:16,2026-02-06,2026,2,NON TITO,,,JAWA TIMUR,0.125,GREEN,1504128394,AREA 3,JATIM,MADIUN,KEDIRI,,,0,0,0,JAWA TIMUR,KEDIRI,NGASEM,TUGUREJO,KEDIRI
121162400,,ODP-KDI-FAE/30,-7.8491,112.0385,,,6,2,0,0,8,REGIONAL 5,KEDIRI,KEDIRI,KDI,,,2024-03-16 23:27:11,2016-02-23,2016,2,NON TITO,,,JAWA TIMUR,0.25,GREEN,6563356,AREA 3,JATIM,MADIUN,KEDIRI,,,0,0,0,JAWA TIMUR,KOTA KEDIRI,PESANTREN,BETET,KEDIRI
11768218561,,ODP-WAT-FK/18,-7.878965,112.076674,,,7,1,0,0,8,REGIONAL 5,KEDIRI,KEDIRI,WAT,,,2024-09-25 17:35:21,2024-09-25,2024,9,NON TITO,,,JAWA TIMUR,0.125,GREEN,1463240360,AREA 3,JATIM,MADIUN,KEDIRI,,,0,0,0,JAWA TIMUR,KEDIRI,WATES,PAGU,KEDIRI
121160367,,ODP-KDI-FK/34,-7.7911,112.0312,,,6,2,0,0,8,REGIONAL 5,KEDIRI,KEDIRI,KDI,,,2024-03-16 23:26:22,2016-02-23,2016,2,NON TITO,,,JAWA TIMUR,0.25,GREEN,6561950,AREA 3,JATIM,MADIUN,KEDIRI,,,0,0,0,JAWA TIMUR,KEDIRI,NGASEM,KWADUNGAN,KEDIRI
12548293711,,ODP-SBI-FA/44,-7.976113,112.027677,,,6,2,0,0,8,REGIONAL 5,KEDIRI,KEDIRI,SBI,,,2026-01-20 17:44:46,2026-01-19,2026,1,NON TITO,,,JAWA TIMUR,0.25,GREEN,1503395576,AREA 3,JATIM,MADIUN,KEDIRI,,,0,0,0,JAWA TIMUR,KEDIRI,RINGINREJO,SUSUHBANGO,KEDIRI
11757268912,,ODP-MJT-FH/65,-7.84274,111.987724,,,7,1,0,0,8,REGIONAL 5,KEDIRI,KEDIRI,MJT,,,2024-09-25 17:35:04,2024-09-25,2024,9,NON TITO,,,JAWA TIMUR,0.125,GREEN,1463240602,AREA 3,JATIM,MADIUN,KEDIRI,,,0,0,0,JAWA TIMUR,KEDIRI,SEMEN,SIDOMULYO,KEDIRI
11992244278,,ODP-PAE-FS/43,-7.864245,112.200746,,,7,1,0,0,8,REGIONAL 5,KEDIRI,KEDIRI,PAE,,,2024-11-26 17:31:47,2024-11-25,2024,11,NON TITO,,,JAWA TIMUR,0.125,GREEN,1495316623,AREA 3,JATIM,MADIUN,KEDIRI,,,0,0,0,JAWA TIMUR,KEDIRI,PLOSOKLATEN,WONOREJO TRISULO,KEDIRI
11772793549,,ODP-WAT-FJ/24,-7.870062,112.085938,,,7,1,0,0,8,REGIONAL 5,KEDIRI,KEDIRI,WAT,,,2024-09-23 17:35:54,2024-09-23,2024,9,NON TITO,,,JAWA TIMUR,0.125,GREEN,1463230359,AREA 3,JATIM,MADIUN,KEDIRI,,,0,0,0,JAWA TIMUR,KEDIRI,WATES,SUMBERAGUNG,KEDIRI
121160140,,ODP-KDI-FZ/05,-7.8283,112.0173,,,11,4,0,0,16,REGIONAL 5,KEDIRI,KEDIRI,KDI,,,2024-03-16 23:27:07,2016-02-23,2016,2,NON TITO,,,JAWA TIMUR,0.25,GREEN,6561778,AREA 3,JATIM,MADIUN,KEDIRI,,,0,0,0,JAWA TIMUR,KOTA KEDIRI,KOTA,KAMPUNG DALEM,KEDIRI
11766718701,,ODP-PAE-FP/34,-7.795832,112.209984,,,5,3,0,0,8,REGIONAL 5,KEDIRI,KEDIRI,PAE,,,2024-09-23 17:35:25,2024-09-23,2024,9,NON TITO,,,JAWA TIMUR,0.375,GREEN,1463230269,AREA 3,JATIM,MADIUN,KEDIRI,,,0,0,0,JAWA TIMUR,KEDIRI,KEPUNG,KRENCENG,KEDIRI
130584963,,ODP-NDL-FB/14,-7.8939,112.033,,,6,2,0,0,8,REGIONAL 5,KEDIRI,KEDIRI,NDL,,,2023-08-30 18:10:00,2016-02-27,2016,2,NON TITO,,,JAWA TIMUR,0.25,GREEN,7822792,AREA 3,JATIM,MADIUN,KEDIRI,,,0,0,0,JAWA TIMUR,KEDIRI,KANDAT,PULE,KEDIRI
130589703,,ODP-MJT-FL/17,-7.7978,112.0024,,,13,2,0,0,16,REGIONAL 5,KEDIRI,KEDIRI,MJT,,,2023-08-30 18:09:00,2016-02-27,2016,2,NON TITO,,,JAWA TIMUR,0.125,GREEN,7826223,AREA 3,JATIM,MADIUN,KEDIRI,,,0,0,0,JAWA TIMUR,KOTA KEDIRI,MOJOROTO,MOJOROTO,KEDIRI
130589960,,ODP-MJT-FM/18,-7.8196,112.0022,,,7,5,0,0,16,REGIONAL 5,KEDIRI,KEDIRI,MJT,,,2023-08-30 18:07:35,2016-02-27,2016,2,NON TITO,,,JAWA TIMUR,0.3125,GREEN,7826384,AREA 3,JATIM,MADIUN,KEDIRI,,,0,0,0,JAWA TIMUR,KOTA KEDIRI,MOJOROTO,BANDAR LOR,KEDIRI
130590282,,ODP-MJT-FCLG/04,-7.8112,112.0013,,,10,6,0,0,16,REGIONAL 5,KEDIRI,KEDIRI,MJT,,,2023-08-30 18:01:38,2016-02-27,2016,2,NON TITO,,,JAWA TIMUR,0.375,GREEN,7826588,AREA 3,JATIM,MADIUN,KEDIRI,,,0,0,0,JAWA TIMUR,KOTA KEDIRI,MOJOROTO,BANDAR LOR,KEDIRI
11756593738,,ODP-MJT-FH/67,-7.842082,111.994794,,,5,3,0,0,8,REGIONAL 5,KEDIRI,KEDIRI,MJT,,,2024-09-21 23:34:57,2024-09-20,2024,9,NON TITO,,,JAWA TIMUR,0.375,GREEN,1463217365,AREA 3,JATIM,MADIUN,KEDIRI,,,0,0,0,JAWA TIMUR,KEDIRI,SEMEN,BULU,KEDIRI
11756593743,,ODP-MJT-FH/66,-7.842691,111.996114,,,6,2,0,0,8,REGIONAL 5,KEDIRI,KEDIRI,MJT,,,2024-09-21 23:34:40,2024-09-20,2024,9,NON TITO,,,JAWA TIMUR,0.25,GREEN,1463217368,AREA 3,JATIM,MADIUN,KEDIRI,,,0,0,0,JAWA TIMUR,KEDIRI,SEMEN,BULU,KEDIRI
121160066,,ODP-KDI-FAK/34,-7.8053,112.0117,,,7,1,0,0,8,REGIONAL 5,KEDIRI,KEDIRI,KDI,,,2024-03-16 23:26:53,2016-02-23,2016,2,NON TITO,,,JAWA TIMUR,0.125,GREEN,6561721,AREA 3,JATIM,MADIUN,KEDIRI,,,0,0,0,JAWA TIMUR,KOTA KEDIRI,KOTA KEDIRI,SEMAMPIR,KEDIRI
12646468722,,ODP-PPR-FG/71,-7.631118,112.167608,,,6,2,0,0,8,REGIONAL 5,KEDIRI,KEDIRI,PPR,,,2026-02-27 18:07:30,2026-02-27,2026,2,NON TITO,,,JAWA TIMUR,0.25,GREEN,1504355873,AREA 3,JATIM,MADIUN,KEDIRI,,,0,0,0,JAWA TIMUR,KEDIRI,PURWOASRI,SUMBERJO,KEDIRI
121160118,,ODP-KDI-FS/18,-7.817,112.0182,,,5,3,0,0,8,REGIONAL 5,KEDIRI,KEDIRI,KDI,,,2024-03-16 23:27:00,2016-02-23,2016,2,NON TITO,,,JAWA TIMUR,0.375,GREEN,6561761,AREA 3,JATIM,MADIUN,KEDIRI,,,0,0,0,JAWA TIMUR,KOTA KEDIRI,KOTA,DANDANGAN,KEDIRI
9603268596,,ODP-WAT-FP/30,-7.957118,112.216993,,,6,2,0,0,8,REGIONAL 5,KEDIRI,KEDIRI,WAT,,,2023-08-30 18:07:49,2022-11-29,2022,11,NON TITO,,,JAWA TIMUR,0.25,GREEN,1252447588,AREA 3,JATIM,MADIUN,KEDIRI,,,0,0,0,JAWA TIMUR,KEDIRI,NGANCAR,SEMPU,KEDIRI
11751268613,,ODP-MJT-FAA/58,-7.767258,111.957616,,,6,2,0,0,8,REGIONAL 5,KEDIRI,KEDIRI,MJT,,,2024-09-21 23:33:16,2024-09-20,2024,9,NON TITO,,,JAWA TIMUR,0.25,GREEN,1463286738,AREA 3,JATIM,MADIUN,KEDIRI,,,0,0,0,JAWA TIMUR,KEDIRI,BANYAKAN,JATIREJO,KEDIRI
11750443733,,ODP-PAE-FN/37,-7.78773,112.220996,,,5,3,0,0,8,REGIONAL 5,KEDIRI,KEDIRI,PAE,,,2024-09-21 23:34:25,2024-09-20,2024,9,NON TITO,,,JAWA TIMUR,0.375,GREEN,1463286824,AREA 3,JATIM,MADIUN,KEDIRI,,,0,0,0,JAWA TIMUR,KEDIRI,KEPUNG,KRENCENG,KEDIRI
11750443738,,ODP-PAE-FN/38,-7.787342,112.21922,,,5,3,0,0,8,REGIONAL 5,KEDIRI,KEDIRI,PAE,,,2024-09-21 23:34:56,2024-09-20,2024,9,NON TITO,,,JAWA TIMUR,0.375,GREEN,1463286828,AREA 3,JATIM,MADIUN,KEDIRI,,,0,0,0,JAWA TIMUR,KEDIRI,KEPUNG,KRENCENG,KEDIRI
130660742,,ODP-WAT-FCLD/01,-7.9668,112.0974,,,4,3,0,0,8,REGIONAL 5,KEDIRI,KEDIRI,WAT,,,2023-08-30 18:00:00,2016-02-27,2016,2,NON TITO,,,JAWA TIMUR,0.375,GREEN,7898251,AREA 3,JATIM,MADIUN,KEDIRI,,,0,0,0,JAWA TIMUR,KEDIRI,RINGINREJO,BATUAJI,KEDIRI
3495868563,,ODP-PAE-FAF/17,-7.762852,112.167389,,,7,1,0,0,8,REGIONAL 5,KEDIRI,KEDIRI,PAE,,,2023-08-30 18:00:38,2019-03-28,2019,3,NON TITO,,,JAWA TIMUR,0.125,GREEN,622429547,AREA 3,JATIM,MADIUN,KEDIRI,,,0,0,0,JAWA TIMUR,KEDIRI,PARE,PELEM,KEDIRI
130660803,,ODP-WAT-FA/14,-7.9181,112.1231,,,5,3,0,0,8,REGIONAL 5,KEDIRI,KEDIRI,WAT,,,2023-08-30 18:06:52,2016-02-27,2016,2,NON TITO,,,JAWA TIMUR,0.375,GREEN,7898294,AREA 3,JATIM,MADIUN,KEDIRI,,,0,0,0,JAWA TIMUR,KEDIRI,WATES,TAWANG,KEDIRI
12014293679,,ODP-PPR-FH/23,-7.690735,112.149735,,,5,3,0,0,8,REGIONAL 5,KEDIRI,KEDIRI,PPR,,,2024-12-17 17:34:09,2024-12-16,2024,12,NON TITO,,,JAWA TIMUR,0.375,GREEN,1495500397,AREA 3,JATIM,MADIUN,KEDIRI,,,0,0,0,JAWA TIMUR,KEDIRI,PLEMAHAN,BANJAREJO,KEDIRI
12548593551,,ODP-WAT-FW/23,-7.859747,112.149776,,,7,1,0,0,8,REGIONAL 5,KEDIRI,KEDIRI,WAT,,,2026-01-16 17:39:38,2026-01-15,2026,1,NON TITO,,,JAWA TIMUR,0.125,GREEN,1503379546,AREA 3,JATIM,MADIUN,KEDIRI,,,0,0,0,JAWA TIMUR,KEDIRI,PLOSOKLATEN,PLOSO KIDUL,KEDIRI
12641068866,,ODP-SBI-FE/58,-7.978918,112.019028,,,7,1,0,0,8,REGIONAL 5,KEDIRI,KEDIRI,SBI,,,2026-03-01 17:39:55,2026-02-27,2026,2,NON TITO,,,JAWA TIMUR,0.125,GREEN,1504358662,AREA 3,JATIM,MADIUN,KEDIRI,,,0,0,0,JAWA TIMUR,KEDIRI,RINGINREJO,SRIKATON,KEDIRI
121229011,,ODP-KDI-FCLK/01,-7.814952,112.017099,,,10,1,0,0,16,REGIONAL 5,KEDIRI,KEDIRI,KDI,,,2024-03-16 23:28:00,2016-02-23,2016,2,NON TITO,,,JAWA TIMUR,0.0625,GREEN,6631280,AREA 3,JATIM,MADIUN,KEDIRI,,,0,0,0,JAWA TIMUR,KOTA KEDIRI,KOTA,DANDANGAN,KEDIRI
12785669593,,ODP-MJT-FA/102,-7.728535,111.938756,,,6,1,1,0,8,REGIONAL 5,KEDIRI,KEDIRI,MJT,,,2026-06-20 17:13:48,2026-06-19,2026,6,NON TITO,,,JAWA TIMUR,0.125,GREEN,1505417751,AREA 3,JATIM,MADIUN,KEDIRI,,,0,0,0,JAWA TIMUR,KEDIRI,TAROKAN,TAROKAN,KEDIRI
121235170,,ODP-KDI-FG/01,-7.8292,112.021,,,10,6,0,0,16,REGIONAL 5,KEDIRI,KEDIRI,KDI,,,2024-03-16 23:29:07,2016-02-23,2016,2,NON TITO,,,JAWA TIMUR,0.375,GREEN,6636246,AREA 3,JATIM,MADIUN,KEDIRI,,,0,0,0,JAWA TIMUR,KOTA KEDIRI,KOTA,KAMPUNG DALEM,KEDIRI
12755969444,,ODP-PPR-FJ/26,-7.727389,112.124608,,,7,1,0,0,8,REGIONAL 5,KEDIRI,KEDIRI,PPR,,,2026-06-04 17:42:33,2026-06-03,2026,6,NON TITO,,,JAWA TIMUR,0.125,GREEN,1505243056,AREA 3,JATIM,MADIUN,KEDIRI,,,0,0,0,JAWA TIMUR,KEDIRI,KAYEN KIDUL,PADANGAN,KEDIRI
12747718705,,ODP-GUR-FD/40,-7.793414,112.082295,,,7,1,0,0,8,REGIONAL 5,KEDIRI,KEDIRI,GUR,,,2026-05-29 17:50:08,2026-05-29,2026,5,NON TITO,,,JAWA TIMUR,0.125,GREEN,1505310975,AREA 3,JATIM,MADIUN,KEDIRI,,,0,0,0,JAWA TIMUR,KEDIRI,PAGU,KAMBINGAN,KEDIRI
121158459,,ODP-KDI-FA/27,-7.8413,112.034,,,6,1,0,0,8,REGIONAL 5,KEDIRI,KEDIRI,KDI,,,2024-03-16 23:26:32,2016-02-23,2016,2,NON TITO,,,JAWA TIMUR,0.125,GREEN,6560504,AREA 3,JATIM,MADIUN,KEDIRI,,,0,0,0,JAWA TIMUR,KOTA KEDIRI,PESANTREN,BANARAN,KEDIRI
12752668559,,ODP-KAA-FA/37,-7.8049,112.309364,,,7,1,0,0,8,REGIONAL 5,KEDIRI,KEDIRI,KAA,,,2026-05-28 17:43:14,2026-05-26,2026,5,NON TITO,,,JAWA TIMUR,0.125,GREEN,1505303419,AREA 3,JATIM,MADIUN,KEDIRI,,,0,0,0,JAWA TIMUR,MALANG,KASEMBON,BAYEM,KEDIRI
12739843617,,ODP-KDI-FAW/43,-7.863685,112.028886,,,5,3,0,0,8,REGIONAL 5,KEDIRI,KEDIRI,KDI,,,2026-05-19 17:57:20,2026-05-15,2026,5,NON TITO,,,JAWA TIMUR,0.375,GREEN,1505070925,AREA 3,JATIM,MADIUN,KEDIRI,,,0,0,0,JAWA TIMUR,KOTA KEDIRI,PESANTREN,BLABAK,KEDIRI
11990822238,,ODP-MJT-FB/120,-7.725712,111.972106,,,5,3,0,0,8,REGIONAL 5,KEDIRI,KEDIRI,MJT,,,2024-12-01 17:28:55,2024-11-29,2024,11,NON TITO,,,JAWA TIMUR,0.375,GREEN,1495340746,AREA 3,JATIM,MADIUN,KEDIRI,,,0,0,0,JAWA TIMUR,KEDIRI,GROGOL,SUMBEREJO,KEDIRI
121235148,,ODP-KDI-FAD/04,-7.8488,112.0487,,,6,2,0,0,8,REGIONAL 5,KEDIRI,KEDIRI,KDI,,,2024-03-16 23:28:12,2016-02-23,2016,2,NON TITO,,,JAWA TIMUR,0.25,GREEN,6636230,AREA 3,JATIM,MADIUN,KEDIRI,,,0,0,0,JAWA TIMUR,KOTA KEDIRI,PESANTREN,NGLETIH,KEDIRI
5064869455,,ODP-PAE-FAG/11,-7.771422,112.176131,,,5,3,0,0,8,REGIONAL 5,KEDIRI,KEDIRI,PAE,,,2023-08-30 18:08:35,2020-06-13,2020,6,NON TITO,,,JAWA TIMUR,0.375,GREEN,830729839,AREA 3,JATIM,MADIUN,KEDIRI,,,0,0,0,JAWA TIMUR,KEDIRI,PARE,SUMBERBENDO,KEDIRI
11990822233,,ODP-MJT-FAU/30,-7.70564,111.973048,,,7,1,0,0,8,REGIONAL 5,KEDIRI,KEDIRI,MJT,,,2024-12-01 17:29:22,2024-11-29,2024,11,NON TITO,,,JAWA TIMUR,0.125,GREEN,1495340742,AREA 3,JATIM,MADIUN,KEDIRI,,,0,0,0,JAWA TIMUR,KEDIRI,TAROKAN,KEREP,KEDIRI
11990822228,,ODP-MJT-FB/117,-7.743161,111.964245,,,7,1,0,0,8,REGIONAL 5,KEDIRI,KEDIRI,MJT,,,2024-12-01 17:29:06,2024-11-29,2024,11,NON TITO,,,JAWA TIMUR,0.125,GREEN,1495340739,AREA 3,JATIM,MADIUN,KEDIRI,,,0,0,0,JAWA TIMUR,KEDIRI,GROGOL,CERME,KEDIRI
121157624,,ODP-KDI-FCLC/01,-7.8121,112.0169,,,5,3,0,0,8,REGIONAL 5,KEDIRI,KEDIRI,KDI,,,2024-03-16 23:25:31,2016-02-23,2016,2,NON TITO,,,JAWA TIMUR,0.375,GREEN,6559755,AREA 3,JATIM,MADIUN,KEDIRI,,,0,0,0,JAWA TIMUR,KOTA KEDIRI,KOTA,DANDANGAN,KEDIRI
12739243591,,ODP-PAE-FZ/41,-7.72733,112.228881,,,6,2,0,0,8,REGIONAL 5,KEDIRI,KEDIRI,PAE,,,2026-05-19 17:55:41,2026-05-13,2026,5,NON TITO,,,JAWA TIMUR,0.25,GREEN,1505065520,AREA 3,JATIM,MADIUN,KEDIRI,,,0,0,0,JAWA TIMUR,KEDIRI,BADAS,KRECEK,KEDIRI
12004543976,,ODP-MJT-FAA/69,-7.790242,111.908835,,,6,2,0,0,8,REGIONAL 5,KEDIRI,KEDIRI,MJT,,,2024-12-09 17:34:04,2024-12-08,2024,12,NON TITO,,,JAWA TIMUR,0.25,GREEN,1495465013,AREA 3,JATIM,MADIUN,KEDIRI,,,0,0,0,JAWA TIMUR,KEDIRI,BANYAKAN,PARANG,KEDIRI
12790994279,,ODP-PAE-FZ/42,-7.729031,112.226712,,,6,1,1,0,8,REGIONAL 5,KEDIRI,KEDIRI,PAE,,,2026-06-30 17:00:56,2026-06-29,2026,6,NON TITO,,,JAWA TIMUR,0.125,GREEN,1505536350,AREA 3,JATIM,MADIUN,KEDIRI,,,0,0,0,JAWA TIMUR,KEDIRI,BADAS,KRECEK,KEDIRI
12739768545,,ODP-PAE-FS/51,-7.824487,112.180799,,,7,1,0,0,8,REGIONAL 5,KEDIRI,KEDIRI,PAE,,,2026-05-19 17:57:17,2026-05-13,2026,5,NON TITO,,,JAWA TIMUR,0.125,GREEN,1505010902,AREA 3,JATIM,MADIUN,KEDIRI,,,0,0,0,JAWA TIMUR,KEDIRI,PUNCU,SIDOMULYO,KEDIRI
121158613,,ODP-KDI-FK/09,-7.7875,112.0184,,,6,2,0,0,8,REGIONAL 5,KEDIRI,KEDIRI,KDI,,,2024-03-16 23:25:46,2016-02-23,2016,2,NON TITO,,,JAWA TIMUR,0.25,GREEN,6560618,AREA 3,JATIM,MADIUN,KEDIRI,,,0,0,0,JAWA TIMUR,KEDIRI,GAMPENGREJO,JONGBIRU,KEDIRI
121227780,,ODP-KDI-FJ/07,-7.8054,112.0167,,,13,3,0,0,16,REGIONAL 5,KEDIRI,KEDIRI,KDI,,,2024-03-16 23:26:43,2016-02-23,2016,2,NON TITO,,,JAWA TIMUR,0.1875,GREEN,6630090,AREA 3,JATIM,MADIUN,KEDIRI,,,0,0,0,JAWA TIMUR,KOTA KEDIRI,KOTA,BALOWERTI,KEDIRI
121235237,,ODP-KDI-FG/06,-7.8319,112.0293,,,10,6,0,0,16,REGIONAL 5,KEDIRI,KEDIRI,KDI,,,2024-03-16 23:28:15,2016-02-23,2016,2,NON TITO,,,JAWA TIMUR,0.375,GREEN,6636292,AREA 3,JATIM,MADIUN,KEDIRI,,,0,0,0,JAWA TIMUR,KOTA KEDIRI,PESANTREN,BANARAN,KEDIRI
121227752,,ODP-KDI-FM/08,-7.8096,112.0156,,,3,3,0,0,8,REGIONAL 5,KEDIRI,KEDIRI,KDI,,,2024-03-16 23:27:17,2016-02-23,2016,2,NON TITO,,,JAWA TIMUR,0.375,GREEN,6630066,AREA 3,JATIM,MADIUN,KEDIRI,,,0,0,0,JAWA TIMUR,KOTA KEDIRI,KOTA,BALOWERTI,KEDIRI
121159199,,ODP-KDI-FCLD/09,-7.8122,112.0099,,,11,5,0,0,16,REGIONAL 5,KEDIRI,KEDIRI,KDI,,,2024-03-16 23:26:24,2016-02-23,2016,2,NON TITO,,,JAWA TIMUR,0.3125,GREEN,6561053,AREA 3,JATIM,MADIUN,KEDIRI,,,0,0,0,JAWA TIMUR,KOTA KEDIRI,KOTA,POCANAN,KEDIRI
11990822258,,ODP-MJT-FB/116,-7.749617,111.962367,,,7,1,0,0,8,REGIONAL 5,KEDIRI,KEDIRI,MJT,,,2024-12-01 17:29:12,2024-11-29,2024,11,NON TITO,,,JAWA TIMUR,0.125,GREEN,1495340758,AREA 3,JATIM,MADIUN,KEDIRI,,,0,0,0,JAWA TIMUR,KEDIRI,GROGOL,GROGOL,KEDIRI
11990822243,,ODP-MJT-FAU/29,-7.703748,111.973454,,,6,2,0,0,8,REGIONAL 5,KEDIRI,KEDIRI,MJT,,,2024-12-01 17:29:16,2024-11-29,2024,11,NON TITO,,,JAWA TIMUR,0.25,GREEN,1495340749,AREA 3,JATIM,MADIUN,KEDIRI,,,0,0,0,JAWA TIMUR,KEDIRI,TAROKAN,BLIMBING,KEDIRI
121159166,,ODP-KDI-FB/12,-7.7657,112.0277,,,6,2,0,0,8,REGIONAL 5,KEDIRI,KEDIRI,KDI,,,2024-03-16 23:26:55,2016-02-23,2016,2,NON TITO,,,JAWA TIMUR,0.25,GREEN,6561027,AREA 3,JATIM,MADIUN,KEDIRI,,,0,0,0,JAWA TIMUR,KEDIRI,GAMPENGREJO,NGEBRAK,KEDIRI
121159084,,ODP-KDI-FR/25,-7.8173,112.0277,,,10,6,0,0,16,REGIONAL 5,KEDIRI,KEDIRI,KDI,,,2024-03-16 23:26:42,2016-02-23,2016,2,NON TITO,,,JAWA TIMUR,0.375,GREEN,6560966,AREA 3,JATIM,MADIUN,KEDIRI,,,0,0,0,JAWA TIMUR,KOTA KEDIRI,KOTA,BANJARAN,KEDIRI
121159041,,ODP-KDI-FB/15,-7.7692,112.0264,,,6,2,0,0,8,REGIONAL 5,KEDIRI,KEDIRI,KDI,,,2024-03-16 23:25:53,2016-02-23,2016,2,NON TITO,,,JAWA TIMUR,0.25,GREEN,6560932,AREA 3,JATIM,MADIUN,KEDIRI,,,0,0,0,JAWA TIMUR,KEDIRI,GAMPENGREJO,SAMBIRESIK,KEDIRI
121158851,,ODP-KDI-FCLJ/01,-7.8116,112.0254,,,14,1,0,0,16,REGIONAL 5,KEDIRI,KEDIRI,KDI,,,2024-03-16 23:26:08,2016-02-23,2016,2,NON TITO,,,JAWA TIMUR,0.0625,GREEN,6560794,AREA 3,JATIM,MADIUN,KEDIRI,,,0,0,0,JAWA TIMUR,KOTA KEDIRI,KOTA KEDIRI,NGADIREJO,KEDIRI
121159456,,ODP-KDI-FZ/04,-7.829,112.0174,,,12,4,0,0,16,REGIONAL 5,KEDIRI,KEDIRI,KDI,,,2024-03-16 23:26:56,2016-02-23,2016,2,NON TITO,,,JAWA TIMUR,0.25,GREEN,6561247,AREA 3,JATIM,MADIUN,KEDIRI,,,0,0,0,JAWA TIMUR,KOTA KEDIRI,KOTA,KAMPUNG DALEM,KEDIRI
121158834,,ODP-KDI-FK/01,-7.7836,112.0142,,,13,3,0,0,16,REGIONAL 5,KEDIRI,KEDIRI,KDI,,,2024-03-16 23:26:43,2016-02-23,2016,2,NON TITO,,,JAWA TIMUR,0.1875,GREEN,6560780,AREA 3,JATIM,MADIUN,KEDIRI,,,0,0,0,JAWA TIMUR,KEDIRI,GAMPENGREJO,PUTIH,KEDIRI
121158701,,ODP-KDI-FCLD/05,-7.8109,112.0099,,,4,3,0,0,8,REGIONAL 5,KEDIRI,KEDIRI,KDI,,,2024-03-16 23:26:32,2016-02-23,2016,2,NON TITO,,,JAWA TIMUR,0.375,GREEN,6560682,AREA 3,JATIM,MADIUN,KEDIRI,,,0,0,0,JAWA TIMUR,KOTA KEDIRI,KOTA KEDIRI,SEMAMPIR,KEDIRI
12786048015,,ODP-WAT-FA/60,-7.909002,112.117357,,,6,1,1,0,8,REGIONAL 5,KEDIRI,KEDIRI,WAT,,,2026-07-01 16:58:13,2026-06-30,2026,6,NON TITO,,,JAWA TIMUR,0.125,GREEN,1505469475,AREA 3,JATIM,MADIUN,KEDIRI,,,0,0,0,,,,,KEDIRI
11990822273,,ODP-MJT-FAU/28,-7.689021,111.970598,,,7,1,0,0,8,REGIONAL 5,KEDIRI,KEDIRI,MJT,,,2024-12-01 17:29:15,2024-11-29,2024,11,NON TITO,,,JAWA TIMUR,0.125,GREEN,1495340768,AREA 3,JATIM,MADIUN,KEDIRI,,,0,0,0,JAWA TIMUR,KEDIRI,TAROKAN,JATI,KEDIRI
12788672871,,ODP-GUR-FH/62,-7.765229,112.080383,,,7,1,0,0,8,REGIONAL 5,KEDIRI,KEDIRI,GUR,,,2026-06-30 16:59:04,2026-06-29,2026,6,NON TITO,,,JAWA TIMUR,0.125,GREEN,1505538311,AREA 3,JATIM,MADIUN,KEDIRI,,,0,0,0,JAWA TIMUR,KEDIRI,PAGU,PAGU,KEDIRI
11990895072,,ODP-PPR-FC/43,-7.716474,112.084567,,,6,2,0,0,8,REGIONAL 5,KEDIRI,KEDIRI,PPR,,,2024-12-02 17:44:31,2024-12-02,2024,12,NON TITO,,,JAWA TIMUR,0.25,GREEN,1495404318,AREA 3,JATIM,MADIUN,KEDIRI,,,0,0,0,JAWA TIMUR,KEDIRI,PAPAR,DAWUHANKIDUL,KEDIRI
121157206,,ODP-KDI-FA/18,-7.8401,112.0295,,,12,4,0,0,16,REGIONAL 5,KEDIRI,KEDIRI,KDI,,,2024-03-16 23:26:21,2016-02-23,2016,2,NON TITO,,,JAWA TIMUR,0.25,GREEN,6559363,AREA 3,JATIM,MADIUN,KEDIRI,,,0,0,0,JAWA TIMUR,KOTA KEDIRI,KOTA,NGRONGGO,KEDIRI
