DEVICE ID,ODP INDEX,ODP NAME,LATITUDE,LONGITUDE,CLUSNAME,CLUSTERSATATUS,AVAI,USED,RSV,RSK,IS TOTAL,Telkom Regional,Telkom Witel,Telkom Datel,Telkom STO,Telkom STO Deskripsi,ODP INFO,UPDATE DATE,TGL GOLIVE,TAHUN ODP,BULAN ODP,KATEGORI,NAMA PROYEK,KABUPATEN KOTA,PROVINSI,OCC 1,OCC 2,ID ODP,Telkomsel Area,Telkomsel Regional,Telkomsel Branch,Telkomsel Cluster,Validasi STO,Validasi ODC,Jarak ODP ke ODC (Meter),Jarak ODC ke STO (Meter),Jarak ODP ke STO (Meter),Validasi Provinsi,Validasi Kabupaten Kota,Validasi Kecamatan,Validasi Kelurahan,Telda
121231163,,ODP-KDI-FA/09,-7.8489,112.0326,,,3,5,0,0,8,REGIONAL 5,KEDIRI,KEDIRI,KDI,,,2024-03-16 23:28:31,42423,2016,2,NON TITO,,,JAWA TIMUR,0.625,YELLOW,6633340,AREA 3,JATIM,MADIUN,KEDIRI,,,0,0,0,JAWA TIMUR,KOTA KEDIRI,KOTA KEDIRI,NGRONGGO,KEDIRI
121231002,,ODP-KDI-FA/26,-7.841,112.0327,,,5,11,0,0,16,REGIONAL 5,KEDIRI,KEDIRI,KDI,,,2024-03-16 23:28:16,42423,2016,2,NON TITO,,,JAWA TIMUR,0.6875,YELLOW,6633192,AREA 3,JATIM,MADIUN,KEDIRI,,,0,0,0,JAWA TIMUR,KOTA KEDIRI,KOTA,NGRONGGO,KEDIRI
121231977,,ODP-KDI-FA/15,-7.8409,112.0296,,,6,10,0,0,16,REGIONAL 5,KEDIRI,KEDIRI,KDI,,,2024-03-16 23:28:15,42423,2016,2,NON TITO,,,JAWA TIMUR,0.625,YELLOW,6633966,AREA 3,JATIM,MADIUN,KEDIRI,,,0,0,0,JAWA TIMUR,KOTA KEDIRI,KOTA,NGRONGGO,KEDIRI
121230279,,ODP-KDI-FP/11,-7.8136,112.031,,,2,12,0,0,16,REGIONAL 5,KEDIRI,KEDIRI,KDI,,,2024-03-16 23:27:16,42423,2016,2,NON TITO,,,JAWA TIMUR,0.75,YELLOW,6632517,AREA 3,JATIM,MADIUN,KEDIRI,,,0,0,0,JAWA TIMUR,KOTA KEDIRI,KOTA,NGADIREJO,KEDIRI
121231983,,ODP-KDI-FR/12,-7.8141,112.0201,,,6,7,0,0,16,REGIONAL 5,KEDIRI,KEDIRI,KDI,,,2024-03-16 23:28:50,42423,2016,2,NON TITO,,,JAWA TIMUR,0.4375,YELLOW,6633972,AREA 3,JATIM,MADIUN,KEDIRI,,,0,0,0,JAWA TIMUR,KOTA KEDIRI,KOTA,DANDANGAN,KEDIRI
121232242,,ODP-KDI-FK/05,-7.7847,112.0135,,,9,7,0,0,16,REGIONAL 5,KEDIRI,KEDIRI,KDI,,,2024-03-16 23:27:55,42423,2016,2,NON TITO,,,JAWA TIMUR,0.4375,YELLOW,6634175,AREA 3,JATIM,MADIUN,KEDIRI,,,0,0,0,JAWA TIMUR,KEDIRI,GAMPENGREJO,PUTIH,KEDIRI
121233022,,ODP-KDI-FW/05,-7.8276,112.0368,,,4,11,0,0,16,REGIONAL 5,KEDIRI,KEDIRI,KDI,,,2024-03-16 23:28:54,42423,2016,2,NON TITO,,,JAWA TIMUR,0.6875,YELLOW,6634796,AREA 3,JATIM,MADIUN,KEDIRI,,,0,0,0,JAWA TIMUR,KOTA KEDIRI,PESANTREN,BANGSAL,KEDIRI
121232993,,ODP-KDI-FK/17,-7.7947,112.0241,,,4,4,0,0,8,REGIONAL 5,KEDIRI,KEDIRI,KDI,,,2024-03-16 23:28:37,42423,2016,2,NON TITO,,,JAWA TIMUR,0.5,YELLOW,6634773,AREA 3,JATIM,MADIUN,KEDIRI,,,0,0,0,JAWA TIMUR,KEDIRI,NGASEM,KARANGREJO,KEDIRI
121232965,,ODP-KDI-FAB/04,-7.795224,112.019501,,,3,5,0,0,8,REGIONAL 5,KEDIRI,KEDIRI,KDI,,,2024-03-16 23:21:05,42423,2016,2,NON TITO,,,JAWA TIMUR,0.625,YELLOW,6634751,AREA 3,JATIM,MADIUN,KEDIRI,,,0,0,0,JAWA TIMUR,KEDIRI,NGASEM,KARANGREJO,KEDIRI
121232875,,ODP-KDI-FX/03,-7.8402,112.0157,,,6,10,0,0,16,REGIONAL 5,KEDIRI,KEDIRI,KDI,,,2024-03-16 23:28:35,42423,2016,2,NON TITO,,,JAWA TIMUR,0.625,YELLOW,6634681,AREA 3,JATIM,MADIUN,KEDIRI,,,0,0,0,JAWA TIMUR,KOTA KEDIRI,KOTA KEDIRI,NGRONGGO,KEDIRI
121232872,,ODP-KDI-FS/14,-7.8123,112.0183,,,5,9,0,0,16,REGIONAL 5,KEDIRI,KEDIRI,KDI,,,2024-03-16 23:29:00,42423,2016,2,NON TITO,,,JAWA TIMUR,0.5625,YELLOW,6634678,AREA 3,JATIM,MADIUN,KEDIRI,,,0,0,0,JAWA TIMUR,KOTA KEDIRI,KOTA,DANDANGAN,KEDIRI
121232705,,ODP-KDI-FW/08,-7.8289,112.0362,,,9,7,0,0,16,REGIONAL 5,KEDIRI,KEDIRI,KDI,,,2024-03-16 23:28:36,42423,2016,2,NON TITO,,,JAWA TIMUR,0.4375,YELLOW,6634542,AREA 3,JATIM,MADIUN,KEDIRI,,,0,0,0,JAWA TIMUR,KOTA KEDIRI,PESANTREN,BANGSAL,KEDIRI
121232700,,ODP-KDI-FAK/27,-7.8065,112.0126,,,2,6,0,0,8,REGIONAL 5,KEDIRI,KEDIRI,KDI,,,2024-03-16 23:28:52,42423,2016,2,NON TITO,,,JAWA TIMUR,0.75,YELLOW,6634539,AREA 3,JATIM,MADIUN,KEDIRI,,,0,0,0,JAWA TIMUR,KOTA KEDIRI,KOTA KEDIRI,SEMAMPIR,KEDIRI
121232684,,ODP-KDI-FR/17,-7.8215,112.0161,,,4,12,0,0,16,REGIONAL 5,KEDIRI,KEDIRI,KDI,,,2024-03-16 23:28:36,42423,2016,2,NON TITO,,,JAWA TIMUR,0.75,YELLOW,6634527,AREA 3,JATIM,MADIUN,KEDIRI,,,0,0,0,JAWA TIMUR,KOTA KEDIRI,KOTA,JAGALAN,KEDIRI
121232670,,ODP-KDI-FB/30,-7.7885,112.0107,,,4,10,0,0,16,REGIONAL 5,KEDIRI,KEDIRI,KDI,,,2024-03-16 23:28:55,42423,2016,2,NON TITO,,,JAWA TIMUR,0.625,YELLOW,6634515,AREA 3,JATIM,MADIUN,KEDIRI,,,0,0,0,JAWA TIMUR,KEDIRI,GAMPENGREJO,JONGBIRU,KEDIRI
121232608,,ODP-KDI-FB/28,-7.7914,112.0102,,,3,5,0,0,8,REGIONAL 5,KEDIRI,KEDIRI,KDI,,,2024-03-16 23:27:42,42423,2016,2,NON TITO,,,JAWA TIMUR,0.625,YELLOW,6634465,AREA 3,JATIM,MADIUN,KEDIRI,,,0,0,0,JAWA TIMUR,KOTA KEDIRI,KOTA KEDIRI,SEMAMPIR,KEDIRI
121232586,,ODP-KDI-FAB/11,-7.7949,112.0155,,,4,4,0,0,8,REGIONAL 5,KEDIRI,KEDIRI,KDI,,,2024-03-16 23:28:37,42423,2016,2,NON TITO,,,JAWA TIMUR,0.5,YELLOW,6634446,AREA 3,JATIM,MADIUN,KEDIRI,,,0,0,0,JAWA TIMUR,KOTA KEDIRI,KOTA KEDIRI,SEMAMPIR,KEDIRI
121232558,,ODP-KDI-FS/01,-7.820023,112.016429,,,2,6,0,0,8,REGIONAL 5,KEDIRI,KEDIRI,KDI,,,2024-03-16 23:28:24,42423,2016,2,NON TITO,,,JAWA TIMUR,0.75,YELLOW,6634424,AREA 3,JATIM,MADIUN,KEDIRI,,,0,0,0,JAWA TIMUR,KOTA KEDIRI,KOTA,JAGALAN,KEDIRI
121232480,,ODP-KDI-FK/08,-7.7854,112.0123,,,9,7,0,0,16,REGIONAL 5,KEDIRI,KEDIRI,KDI,,,2024-03-16 23:27:17,42423,2016,2,NON TITO,,,JAWA TIMUR,0.4375,YELLOW,6634363,AREA 3,JATIM,MADIUN,KEDIRI,,,0,0,0,JAWA TIMUR,KEDIRI,GAMPENGREJO,PUTIH,KEDIRI
121232474,,ODP-KDI-FR/31,-7.8235,112.0241,,,2,6,0,0,8,REGIONAL 5,KEDIRI,KEDIRI,KDI,,,2024-03-16 23:28:09,42423,2016,2,NON TITO,,,JAWA TIMUR,0.75,YELLOW,6634357,AREA 3,JATIM,MADIUN,KEDIRI,,,0,0,0,JAWA TIMUR,KOTA KEDIRI,KOTA,BANJARAN,KEDIRI
121232390,,ODP-KDI-FW/02,-7.8262,112.0327,,,5,11,0,0,16,REGIONAL 5,KEDIRI,KEDIRI,KDI,,,2024-03-16 23:28:55,42423,2016,2,NON TITO,,,JAWA TIMUR,0.6875,YELLOW,6634291,AREA 3,JATIM,MADIUN,KEDIRI,,,0,0,0,JAWA TIMUR,KOTA KEDIRI,PESANTREN,BANGSAL,KEDIRI
121232388,,ODP-KDI-FL/21,-7.81471,112.0158,,,4,8,0,0,16,REGIONAL 5,KEDIRI,KEDIRI,KDI,,,2024-03-16 23:28:36,42423,2016,2,NON TITO,,,JAWA TIMUR,0.5,YELLOW,6634289,AREA 3,JATIM,MADIUN,KEDIRI,,,0,0,0,JAWA TIMUR,KOTA KEDIRI,KOTA,BALOWERTI,KEDIRI
121232325,,ODP-KDI-FS/04,-7.8179,112.0159,,,8,8,0,0,16,REGIONAL 5,KEDIRI,KEDIRI,KDI,,,2024-03-16 23:27:20,42423,2016,2,NON TITO,,,JAWA TIMUR,0.5,YELLOW,6634239,AREA 3,JATIM,MADIUN,KEDIRI,,,0,0,0,JAWA TIMUR,KOTA KEDIRI,KOTA,KEMASAN,KEDIRI
121232226,,ODP-KDI-FR/18,-7.82171,112.0168,,,2,5,0,0,8,REGIONAL 5,KEDIRI,KEDIRI,KDI,,,2024-03-16 23:28:35,42423,2016,2,NON TITO,,,JAWA TIMUR,0.625,YELLOW,6634162,AREA 3,JATIM,MADIUN,KEDIRI,,,0,0,0,JAWA TIMUR,KOTA KEDIRI,KOTA,JAGALAN,KEDIRI
121161842,,ODP-KDI-FU/18,-7.8096,112.051,,,3,5,0,0,8,REGIONAL 5,KEDIRI,KEDIRI,KDI,,,2024-03-16 23:27:20,42423,2016,2,NON TITO,,,JAWA TIMUR,0.625,YELLOW,6562996,AREA 3,JATIM,MADIUN,KEDIRI,,,0,0,0,JAWA TIMUR,KEDIRI,NGASEM,SUKOREJO,KEDIRI
121229651,,ODP-KDI-FA/28,-7.8419,112.0339,,,8,8,0,0,16,REGIONAL 5,KEDIRI,KEDIRI,KDI,,,2024-03-16 23:26:26,42423,2016,2,NON TITO,,,JAWA TIMUR,0.5,YELLOW,6631907,AREA 3,JATIM,MADIUN,KEDIRI,,,0,0,0,JAWA TIMUR,KOTA KEDIRI,KOTA,NGRONGGO,KEDIRI
121229497,,ODP-KDI-FJ/05,-7.8058,112.0163,,,7,7,0,0,16,REGIONAL 5,KEDIRI,KEDIRI,KDI,,,2024-03-16 23:28:08,42423,2016,2,NON TITO,,,JAWA TIMUR,0.4375,YELLOW,6631756,AREA 3,JATIM,MADIUN,KEDIRI,,,0,0,0,JAWA TIMUR,KOTA KEDIRI,KOTA,BALOWERTI,KEDIRI
121162180,,ODP-KDI-FG/08,-7.8307,112.0312,,,8,8,0,0,16,REGIONAL 5,KEDIRI,KEDIRI,KDI,,,2024-03-16 23:27:21,42423,2016,2,NON TITO,,,JAWA TIMUR,0.5,YELLOW,6563210,AREA 3,JATIM,MADIUN,KEDIRI,,,0,0,0,JAWA TIMUR,KOTA KEDIRI,PESANTREN,BANARAN,KEDIRI
121162164,,ODP-KDI-FU/02,-7.8081,112.0539,,,2,6,0,0,8,REGIONAL 5,KEDIRI,KEDIRI,KDI,,,2024-03-16 23:21:05,42423,2016,2,NON TITO,,,JAWA TIMUR,0.75,YELLOW,6563202,AREA 3,JATIM,MADIUN,KEDIRI,,,0,0,0,JAWA TIMUR,KEDIRI,NGASEM,PARON,KEDIRI
121162152,,ODP-KDI-FAE/01,-7.8469,112.0354,,,3,5,0,0,8,REGIONAL 5,KEDIRI,KEDIRI,KDI,,,2024-03-16 23:27:24,42423,2016,2,NON TITO,,,JAWA TIMUR,0.625,YELLOW,6563194,AREA 3,JATIM,MADIUN,KEDIRI,,,0,0,0,JAWA TIMUR,KOTA KEDIRI,PESANTREN,BETET,KEDIRI
121162150,,ODP-KDI-FAE/03,-7.8466,112.0359,,,2,6,0,0,8,REGIONAL 5,KEDIRI,KEDIRI,KDI,,,2024-03-16 23:27:40,42423,2016,2,NON TITO,,,JAWA TIMUR,0.75,YELLOW,6563192,AREA 3,JATIM,MADIUN,KEDIRI,,,0,0,0,JAWA TIMUR,KOTA KEDIRI,PESANTREN,BETET,KEDIRI
121162110,,ODP-KDI-FAE/12,-7.8472,112.0339,,,2,6,0,0,8,REGIONAL 5,KEDIRI,KEDIRI,KDI,,,2024-03-16 23:27:57,42423,2016,2,NON TITO,,,JAWA TIMUR,0.75,YELLOW,6563167,AREA 3,JATIM,MADIUN,KEDIRI,,,0,0,0,JAWA TIMUR,KOTA KEDIRI,KOTA,NGRONGGO,KEDIRI
121162106,,ODP-KDI-FU/25,-7.8294,112.0672,,,2,6,0,0,8,REGIONAL 5,KEDIRI,KEDIRI,KDI,,,2024-03-16 23:27:38,42423,2016,2,NON TITO,,,JAWA TIMUR,0.75,YELLOW,6563163,AREA 3,JATIM,MADIUN,KEDIRI,,,0,0,0,JAWA TIMUR,KEDIRI,NGASEM,TUGUREJO,KEDIRI
121162105,,ODP-KDI-FAE/31,-7.8488,112.0376,,,2,6,0,0,8,REGIONAL 5,KEDIRI,KEDIRI,KDI,,,2024-03-16 23:27:38,42423,2016,2,NON TITO,,,JAWA TIMUR,0.75,YELLOW,6563162,AREA 3,JATIM,MADIUN,KEDIRI,,,0,0,0,JAWA TIMUR,KOTA KEDIRI,PESANTREN,BETET,KEDIRI
121162100,,ODP-KDI-FAG/02,-7.855216,112.033526,,,3,5,0,0,8,REGIONAL 5,KEDIRI,KEDIRI,KDI,,,2024-03-16 23:27:48,42423,2016,2,NON TITO,,,JAWA TIMUR,0.625,YELLOW,6563157,AREA 3,JATIM,MADIUN,KEDIRI,,,0,0,0,JAWA TIMUR,KOTA KEDIRI,PESANTREN,BLABAK,KEDIRI
121162099,,ODP-KDI-FK/43,-7.7923,112.0307,,,1,5,2,0,8,REGIONAL 5,KEDIRI,KEDIRI,KDI,,,2024-03-16 23:27:57,42423,2016,2,NON TITO,,,JAWA TIMUR,0.625,YELLOW,6563156,AREA 3,JATIM,MADIUN,KEDIRI,,,0,0,0,JAWA TIMUR,KEDIRI,NGASEM,KWADUNGAN,KEDIRI
121162077,,ODP-KDI-FAB/18,-7.8,112.0089,,,9,7,0,0,16,REGIONAL 5,KEDIRI,KEDIRI,KDI,,,2024-03-16 23:26:59,42423,2016,2,NON TITO,,,JAWA TIMUR,0.4375,YELLOW,6563144,AREA 3,JATIM,MADIUN,KEDIRI,,,0,0,0,JAWA TIMUR,KOTA KEDIRI,KOTA,SEMAMPIR,KEDIRI
121162021,,ODP-KDI-FAE/15,-7.8485,112.0396,,,4,4,0,0,8,REGIONAL 5,KEDIRI,KEDIRI,KDI,,,2024-03-16 23:26:49,42423,2016,2,NON TITO,,,JAWA TIMUR,0.5,YELLOW,6563107,AREA 3,JATIM,MADIUN,KEDIRI,,,0,0,0,JAWA TIMUR,KOTA KEDIRI,PESANTREN,BETET,KEDIRI
121162005,,ODP-KDI-FAG/15,-7.8596,112.0333,,,2,6,0,0,8,REGIONAL 5,KEDIRI,KEDIRI,KDI,,,2024-03-16 23:27:19,42423,2016,2,NON TITO,,,JAWA TIMUR,0.75,YELLOW,6563097,AREA 3,JATIM,MADIUN,KEDIRI,,,0,0,0,JAWA TIMUR,KOTA KEDIRI,PESANTREN,BLABAK,KEDIRI
121162004,,ODP-KDI-FAG/04,-7.8548,112.0314,,,3,5,0,0,8,REGIONAL 5,KEDIRI,KEDIRI,KDI,,,2024-03-16 23:26:24,42423,2016,2,NON TITO,,,JAWA TIMUR,0.625,YELLOW,6563096,AREA 3,JATIM,MADIUN,KEDIRI,,,0,0,0,JAWA TIMUR,KOTA KEDIRI,PESANTREN,BLABAK,KEDIRI
121161943,,ODP-KDI-FAE/13,-7.8496,112.0421,,,3,4,1,0,8,REGIONAL 5,KEDIRI,KEDIRI,KDI,,,2024-03-16 23:27:25,42423,2016,2,NON TITO,,,JAWA TIMUR,0.5,YELLOW,6563060,AREA 3,JATIM,MADIUN,KEDIRI,,,0,0,0,JAWA TIMUR,KOTA KEDIRI,PESANTREN,BETET,KEDIRI
121161925,,ODP-KDI-FAG/30,-7.8671,112.0378,,,4,4,0,0,8,REGIONAL 5,KEDIRI,KEDIRI,KDI,,,2024-03-16 23:27:07,42423,2016,2,NON TITO,,,JAWA TIMUR,0.5,YELLOW,6563049,AREA 3,JATIM,MADIUN,KEDIRI,,,0,0,0,JAWA TIMUR,KOTA KEDIRI,PESANTREN,BLABAK,KEDIRI
121161901,,ODP-KDI-FAG/34,-7.8681,112.0394,,,2,6,0,0,8,REGIONAL 5,KEDIRI,KEDIRI,KDI,,,2024-03-16 23:27:21,42423,2016,2,NON TITO,,,JAWA TIMUR,0.75,YELLOW,6563032,AREA 3,JATIM,MADIUN,KEDIRI,,,0,0,0,JAWA TIMUR,KOTA KEDIRI,PESANTREN,BLABAK,KEDIRI
121161898,,ODP-KDI-FAG/08,-7.8549,112.0304,,,3,5,0,0,8,REGIONAL 5,KEDIRI,KEDIRI,KDI,,,2024-03-16 23:27:11,42423,2016,2,NON TITO,,,JAWA TIMUR,0.625,YELLOW,6563029,AREA 3,JATIM,MADIUN,KEDIRI,,,0,0,0,JAWA TIMUR,KOTA KEDIRI,PESANTREN,BLABAK,KEDIRI
121162215,,ODP-KDI-FAG/10,-7.8546,112.0305,,,4,4,0,0,8,REGIONAL 5,KEDIRI,KEDIRI,KDI,,,2024-03-16 23:26:42,42423,2016,2,NON TITO,,,JAWA TIMUR,0.5,YELLOW,6563229,AREA 3,JATIM,MADIUN,KEDIRI,,,0,0,0,JAWA TIMUR,KOTA KEDIRI,PESANTREN,BLABAK,KEDIRI
121229505,,ODP-KDI-FJ/16,-7.814132,112.012292,,,6,9,0,0,16,REGIONAL 5,KEDIRI,KEDIRI,KDI,,,2024-03-16 23:28:13,42423,2016,2,NON TITO,,,JAWA TIMUR,0.5625,YELLOW,6631764,AREA 3,JATIM,MADIUN,KEDIRI,,,0,0,0,JAWA TIMUR,KOTA KEDIRI,KOTA,PAKELAN,KEDIRI
121162220,,ODP-KDI-FAE/28,-7.8498,112.0403,,,2,5,0,0,8,REGIONAL 5,KEDIRI,KEDIRI,KDI,,,2024-03-16 23:27:39,42423,2016,2,NON TITO,,,JAWA TIMUR,0.625,YELLOW,6563233,AREA 3,JATIM,MADIUN,KEDIRI,,,0,0,0,JAWA TIMUR,KOTA KEDIRI,PESANTREN,BETET,KEDIRI
121162233,,ODP-KDI-FAE/16,-7.8479,112.0383,,,3,4,0,0,8,REGIONAL 5,KEDIRI,KEDIRI,KDI,,,2024-03-16 23:26:43,42423,2016,2,NON TITO,,,JAWA TIMUR,0.5,YELLOW,6563245,AREA 3,JATIM,MADIUN,KEDIRI,,,0,0,0,JAWA TIMUR,KOTA KEDIRI,PESANTREN,BETET,KEDIRI
121228678,,ODP-KDI-FJ/08,-7.8047,112.0167,,,7,9,0,0,16,REGIONAL 5,KEDIRI,KEDIRI,KDI,,,2024-03-16 23:27:55,42423,2016,2,NON TITO,,,JAWA TIMUR,0.5625,YELLOW,6630954,AREA 3,JATIM,MADIUN,KEDIRI,,,0,0,0,JAWA TIMUR,KOTA KEDIRI,KOTA,BALOWERTI,KEDIRI
121228342,,ODP-KDI-FJ/12,-7.8127,112.0124,,,3,5,0,0,8,REGIONAL 5,KEDIRI,KEDIRI,KDI,,,2024-03-16 23:27:57,42423,2016,2,NON TITO,,,JAWA TIMUR,0.625,YELLOW,6630627,AREA 3,JATIM,MADIUN,KEDIRI,,,0,0,0,JAWA TIMUR,KOTA KEDIRI,KOTA,POCANAN,KEDIRI
121227770,,ODP-KDI-FA/04,-7.8598,112.0594,,,3,4,0,0,8,REGIONAL 5,KEDIRI,KEDIRI,KDI,,,2024-03-16 23:27:39,42423,2016,2,NON TITO,,,JAWA TIMUR,0.5,YELLOW,6630081,AREA 3,JATIM,MADIUN,KEDIRI,,,0,0,0,JAWA TIMUR,KOTA KEDIRI,PESANTREN,BAWANG,KEDIRI
121227753,,ODP-KDI-FA/02,-7.8619,112.0616,,,7,8,0,0,16,REGIONAL 5,KEDIRI,KEDIRI,KDI,,,2024-03-16 23:25:54,42423,2016,2,NON TITO,,,JAWA TIMUR,0.5,YELLOW,6630067,AREA 3,JATIM,MADIUN,KEDIRI,,,0,0,0,JAWA TIMUR,KOTA KEDIRI,PESANTREN,BAWANG,KEDIRI
121227747,,ODP-KDI-FB/02,-7.7879,112.008,,,5,11,0,0,16,REGIONAL 5,KEDIRI,KEDIRI,KDI,,,2024-03-16 23:27:24,42423,2016,2,NON TITO,,,JAWA TIMUR,0.6875,YELLOW,6630062,AREA 3,JATIM,MADIUN,KEDIRI,,,0,0,0,JAWA TIMUR,KEDIRI,GAMPENGREJO,JONGBIRU,KEDIRI
121162563,,ODP-KDI-FG/07,-7.8318,112.0312,,,5,11,0,0,16,REGIONAL 5,KEDIRI,KEDIRI,KDI,,,2024-03-16 23:26:43,42423,2016,2,NON TITO,,,JAWA TIMUR,0.6875,YELLOW,6563469,AREA 3,JATIM,MADIUN,KEDIRI,,,0,0,0,JAWA TIMUR,KOTA KEDIRI,PESANTREN,BANARAN,KEDIRI
121162560,,ODP-KDI-FAJ/08,-7.8168,112.0102,,,4,11,0,0,16,REGIONAL 5,KEDIRI,KEDIRI,KDI,,,2024-03-16 23:27:22,42423,2016,2,NON TITO,,,JAWA TIMUR,0.6875,YELLOW,6563466,AREA 3,JATIM,MADIUN,KEDIRI,,,0,0,0,JAWA TIMUR,KOTA KEDIRI,KOTA,PAKELAN,KEDIRI
121162525,,ODP-KDI-FG/10,-7.8301,112.0287,,,7,9,0,0,16,REGIONAL 5,KEDIRI,KEDIRI,KDI,,,2024-03-16 23:27:13,42423,2016,2,NON TITO,,,JAWA TIMUR,0.5625,YELLOW,6563441,AREA 3,JATIM,MADIUN,KEDIRI,,,0,0,0,JAWA TIMUR,KOTA KEDIRI,PESANTREN,BANARAN,KEDIRI
121162499,,ODP-KDI-FP/20,-7.8056,112.0391,,,2,5,0,0,8,REGIONAL 5,KEDIRI,KEDIRI,KDI,,,2024-03-16 23:26:48,42423,2016,2,NON TITO,,,JAWA TIMUR,0.625,YELLOW,6563422,AREA 3,JATIM,MADIUN,KEDIRI,,,0,0,0,JAWA TIMUR,KEDIRI,NGASEM,SUKOREJO,KEDIRI
121162431,,ODP-KDI-FAJ/06,-7.8189,112.0109,,,2,6,0,0,8,REGIONAL 5,KEDIRI,KEDIRI,KDI,,,2024-03-16 23:27:21,42423,2016,2,NON TITO,,,JAWA TIMUR,0.75,YELLOW,6563376,AREA 3,JATIM,MADIUN,KEDIRI,,,0,0,0,JAWA TIMUR,KOTA KEDIRI,KOTA,PAKELAN,KEDIRI
121162405,,ODP-KDI-FAE/27,-7.8504,112.0402,,,2,6,0,0,8,REGIONAL 5,KEDIRI,KEDIRI,KDI,,,2024-03-16 23:27:12,42423,2016,2,NON TITO,,,JAWA TIMUR,0.75,YELLOW,6563360,AREA 3,JATIM,MADIUN,KEDIRI,,,0,0,0,JAWA TIMUR,KOTA KEDIRI,PESANTREN,BETET,KEDIRI
121162342,,ODP-KDI-FAB/14,-7.8051,112.0087,,,2,6,0,0,8,REGIONAL 5,KEDIRI,KEDIRI,KDI,,,2024-03-16 23:27:57,42423,2016,2,NON TITO,,,JAWA TIMUR,0.75,YELLOW,6563318,AREA 3,JATIM,MADIUN,KEDIRI,,,0,0,0,JAWA TIMUR,KOTA KEDIRI,KOTA,SEMAMPIR,KEDIRI
121162325,,ODP-KDI-FW/26,-7.8302,112.0397,,,3,4,0,0,8,REGIONAL 5,KEDIRI,KEDIRI,KDI,,,2024-03-16 23:27:38,42423,2016,2,NON TITO,,,JAWA TIMUR,0.5,YELLOW,6563306,AREA 3,JATIM,MADIUN,KEDIRI,,,0,0,0,JAWA TIMUR,KOTA KEDIRI,PESANTREN,BANGSAL,KEDIRI
121162297,,ODP-KDI-FAE/08,-7.8464,112.035,,,2,6,0,0,8,REGIONAL 5,KEDIRI,KEDIRI,KDI,,,2024-03-16 23:27:47,42423,2016,2,NON TITO,,,JAWA TIMUR,0.75,YELLOW,6563288,AREA 3,JATIM,MADIUN,KEDIRI,,,0,0,0,JAWA TIMUR,KOTA KEDIRI,KOTA,NGRONGGO,KEDIRI
121162259,,ODP-KDI-FG/03,-7.8293,112.0253,,,7,8,0,0,16,REGIONAL 5,KEDIRI,KEDIRI,KDI,,,2024-03-16 23:26:43,42423,2016,2,NON TITO,,,JAWA TIMUR,0.5,YELLOW,6563264,AREA 3,JATIM,MADIUN,KEDIRI,,,0,0,0,JAWA TIMUR,KOTA KEDIRI,PESANTREN,BURENGAN,KEDIRI
121162248,,ODP-KDI-FAJ/03,-7.818,112.0115,,,8,8,0,0,16,REGIONAL 5,KEDIRI,KEDIRI,KDI,,,2024-03-16 23:26:17,42423,2016,2,NON TITO,,,JAWA TIMUR,0.5,YELLOW,6563256,AREA 3,JATIM,MADIUN,KEDIRI,,,0,0,0,JAWA TIMUR,KOTA KEDIRI,KOTA,SETONOGEDONG,KEDIRI
121162246,,ODP-KDI-FAG/14,-7.859189,112.032116,,,3,5,0,0,8,REGIONAL 5,KEDIRI,KEDIRI,KDI,,,2024-03-16 23:27:24,42423,2016,2,NON TITO,,,JAWA TIMUR,0.625,YELLOW,6563254,AREA 3,JATIM,MADIUN,KEDIRI,,,0,0,0,JAWA TIMUR,KOTA KEDIRI,PESANTREN,BLABAK,KEDIRI
121162231,,ODP-KDI-FY/10,-7.8368,112.009,,,3,12,0,0,16,REGIONAL 5,KEDIRI,KEDIRI,KDI,,,2024-03-16 23:27:17,42423,2016,2,NON TITO,,,JAWA TIMUR,0.75,YELLOW,6563243,AREA 3,JATIM,MADIUN,KEDIRI,,,0,0,0,JAWA TIMUR,KOTA KEDIRI,KOTA KEDIRI,NGRONGGO,KEDIRI
121158749,,ODP-KDI-FS/03,-7.8189,112.0158,,,3,4,0,0,8,REGIONAL 5,KEDIRI,KEDIRI,KDI,,,2024-03-16 23:26:56,42423,2016,2,NON TITO,,,JAWA TIMUR,0.5,YELLOW,6560717,AREA 3,JATIM,MADIUN,KEDIRI,,,0,0,0,JAWA TIMUR,KOTA KEDIRI,KOTA,KEMASAN,KEDIRI
121158744,,ODP-KDI-FK/07,-7.7851,112.0114,,,8,7,0,0,16,REGIONAL 5,KEDIRI,KEDIRI,KDI,,,2024-03-16 23:26:51,42423,2016,2,NON TITO,,,JAWA TIMUR,0.4375,YELLOW,6560713,AREA 3,JATIM,MADIUN,KEDIRI,,,0,0,0,JAWA TIMUR,KEDIRI,GAMPENGREJO,JONGBIRU,KEDIRI
121158671,,ODP-KDI-FA/12,-7.8458,112.0304,,,2,6,0,0,8,REGIONAL 5,KEDIRI,KEDIRI,KDI,,,2024-03-16 23:26:40,42423,2016,2,NON TITO,,,JAWA TIMUR,0.75,YELLOW,6560660,AREA 3,JATIM,MADIUN,KEDIRI,,,0,0,0,JAWA TIMUR,KOTA KEDIRI,KOTA,NGRONGGO,KEDIRI
1205818893,,ODP-WAT-FA/32,-7.912975,112.128152,,,4,4,0,0,8,REGIONAL 5,KEDIRI,KEDIRI,WAT,,,2023-08-30 18:05:27,42768,2017,2,NON TITO,,,JAWA TIMUR,0.5,YELLOW,41079750,AREA 3,JATIM,MADIUN,KEDIRI,,,0,0,0,JAWA TIMUR,KEDIRI,WATES,WATES,KEDIRI
1131219452,,ODP-PAE-FQ/25,-7.781023,112.210202,,,4,11,1,0,16,REGIONAL 5,KEDIRI,KEDIRI,PAE,,,2023-08-30 17:57:40,42752,2017,1,NON TITO,,,JAWA TIMUR,0.6875,YELLOW,39420930,AREA 3,JATIM,MADIUN,KEDIRI,,,0,0,0,JAWA TIMUR,KEDIRI,PARE,TERTEK,KEDIRI
1123624549,,ODP-MJT-FJ/17,-7.826492,111.985487,,,2,6,0,0,8,REGIONAL 5,KEDIRI,KEDIRI,MJT,,,2023-08-30 17:58:13,42740,2017,1,NON TITO,,,JAWA TIMUR,0.75,YELLOW,39360523,AREA 3,JATIM,MADIUN,KEDIRI,,,0,0,0,JAWA TIMUR,KOTA KEDIRI,MOJOROTO,CAMPUREJO,KEDIRI
1131218746,,ODP-PAE-FQ/06,-7.772783,112.212637,,,6,10,0,0,16,REGIONAL 5,KEDIRI,KEDIRI,PAE,,,2023-08-30 17:59:32,42752,2017,1,NON TITO,,,JAWA TIMUR,0.625,YELLOW,39264186,AREA 3,JATIM,MADIUN,KEDIRI,,,0,0,0,JAWA TIMUR,KEDIRI,PARE,TERTEK,KEDIRI
1074130152,,ODP-WAT-FN/09,-7.911204,112.140329,,,2,6,0,0,8,REGIONAL 5,KEDIRI,KEDIRI,WAT,,,2023-08-30 17:59:58,42698,2016,11,NON TITO,,,JAWA TIMUR,0.75,YELLOW,38679859,AREA 3,JATIM,MADIUN,KEDIRI,,,0,0,0,JAWA TIMUR,KEDIRI,WATES,TUNGE,KEDIRI
1069786505,,ODP-WAT-FJ/01,-7.858264,112.0778,,,2,6,0,0,8,REGIONAL 5,KEDIRI,KEDIRI,WAT,,,2023-08-30 17:58:35,42697,2016,11,NON TITO,,,JAWA TIMUR,0.75,YELLOW,38669003,AREA 3,JATIM,MADIUN,KEDIRI,,,0,0,0,JAWA TIMUR,KEDIRI,WATES,JANTI,KEDIRI
1083137131,,ODP-PAE-FF/58,-7.754856,112.177152,,,6,10,0,0,16,REGIONAL 5,KEDIRI,KEDIRI,PAE,,,2023-08-30 18:00:28,42706,2016,12,NON TITO,,,JAWA TIMUR,0.625,YELLOW,38645223,AREA 3,JATIM,MADIUN,KEDIRI,,,0,0,0,JAWA TIMUR,KEDIRI,PARE,PELEM,KEDIRI
1074121682,,ODP-PAE-FH/38,-7.75518,112.191245,,,5,11,0,0,16,REGIONAL 5,KEDIRI,KEDIRI,PAE,,,2023-08-30 18:10:44,42698,2016,11,NON TITO,,,JAWA TIMUR,0.6875,YELLOW,38609743,AREA 3,JATIM,MADIUN,KEDIRI,,,0,0,0,JAWA TIMUR,KEDIRI,PARE,TULUNGREJO,KEDIRI
1030550698,,ODP-KDI-FAV/03,-7.844983,112.062697,,,2,6,0,0,8,REGIONAL 5,KEDIRI,KEDIRI,KDI,,,2023-08-30 18:05:18,42676,2016,11,NON TITO,,,JAWA TIMUR,0.75,YELLOW,37407646,AREA 3,JATIM,MADIUN,KEDIRI,,,0,0,0,JAWA TIMUR,KOTA KEDIRI,PESANTREN,TAMPUREJO,KEDIRI
1026806107,,ODP-KDI-FX/56,-7.843668,112.028209,,,2,6,0,0,8,REGIONAL 5,KEDIRI,KEDIRI,KDI,,,2023-08-30 18:05:41,42675,2016,11,NON TITO,,,JAWA TIMUR,0.75,YELLOW,37400384,AREA 3,JATIM,MADIUN,KEDIRI,,,0,0,0,JAWA TIMUR,KOTA KEDIRI,KOTA KEDIRI,NGRONGGO,KEDIRI
1026805151,,ODP-PAE-FG/23,-7.737302,112.18319,,,2,5,1,0,8,REGIONAL 5,KEDIRI,KEDIRI,PAE,,,2023-08-30 18:02:29,42675,2016,11,NON TITO,,,JAWA TIMUR,0.625,YELLOW,37399799,AREA 3,JATIM,MADIUN,KEDIRI,,,0,0,0,JAWA TIMUR,KEDIRI,BADAS,SEKOTO,KEDIRI
1018704307,,ODP-PAE-FAB/13,-7.799811,112.293819,,,4,4,0,0,8,REGIONAL 5,KEDIRI,KEDIRI,PAE,,,2023-08-30 18:02:08,42671,2016,10,NON TITO,,,JAWA TIMUR,0.5,YELLOW,37174782,AREA 3,JATIM,MADIUN,KEDIRI,,,0,0,0,JAWA TIMUR,KEDIRI,KEPUNG,BRUMBUNG,KEDIRI
1007006819,,ODP-KDI-FY/35,-7.833351,112.009498,,,4,12,0,0,16,REGIONAL 5,KEDIRI,KEDIRI,KDI,,,2023-08-30 18:07:46,42669,2016,10,NON TITO,,,JAWA TIMUR,0.75,YELLOW,36785833,AREA 3,JATIM,MADIUN,KEDIRI,,,0,0,0,JAWA TIMUR,KOTA KEDIRI,KOTA KEDIRI,NGRONGGO,KEDIRI
1007004365,,ODP-KDI-FY/33,-7.83311,112.011603,,,7,9,0,0,16,REGIONAL 5,KEDIRI,KEDIRI,KDI,,,2023-08-30 18:08:09,42669,2016,10,NON TITO,,,JAWA TIMUR,0.5625,YELLOW,36784381,AREA 3,JATIM,MADIUN,KEDIRI,,,0,0,0,JAWA TIMUR,KOTA KEDIRI,KOTA,KALIOMBO,KEDIRI
958584195,,ODP-MJT-FH/16,-7.837189,111.995995,,,5,11,0,0,16,REGIONAL 5,KEDIRI,KEDIRI,MJT,,,2023-08-30 18:09:05,42649,2016,10,NON TITO,,,JAWA TIMUR,0.6875,YELLOW,36607393,AREA 3,JATIM,MADIUN,KEDIRI,,,0,0,0,JAWA TIMUR,KOTA KEDIRI,MOJOROTO,BANJARMLATI,KEDIRI
970858620,,ODP-MJT-FA/13,-7.742068,111.95794,,,7,9,0,0,16,REGIONAL 5,KEDIRI,KEDIRI,MJT,,,2023-08-30 17:59:41,43502,2019,2,NON TITO,,,JAWA TIMUR,0.5625,YELLOW,36105748,AREA 3,JATIM,MADIUN,KEDIRI,,,0,0,0,JAWA TIMUR,KEDIRI,TAROKAN,BULUSARI,KEDIRI
934618861,,ODP-KDI-FE/08,-7.797521,112.047663,,,3,5,0,0,8,REGIONAL 5,KEDIRI,KEDIRI,KDI,,,2023-08-30 18:03:46,42634,2016,9,NON TITO,,,JAWA TIMUR,0.625,YELLOW,35695621,AREA 3,JATIM,MADIUN,KEDIRI,,,0,0,0,JAWA TIMUR,KEDIRI,NGASEM,NGASEM,KEDIRI
1322072883,,ODP-MJT-FP/19,-7.818448,111.992621,,,7,9,0,0,16,REGIONAL 5,KEDIRI,KEDIRI,MJT,,,2023-08-30 18:05:58,42809,2017,3,NON TITO,,,JAWA TIMUR,0.5625,YELLOW,79343819,AREA 3,JATIM,MADIUN,KEDIRI,,,0,0,0,JAWA TIMUR,KOTA KEDIRI,MOJOROTO,LIRBOYO,KEDIRI
786269636,,ODP-MJT-FG/26,-7.77902,111.99692,,,8,8,0,0,16,REGIONAL 5,KEDIRI,KEDIRI,MJT,,,2023-08-30 18:05:43,42587,2016,8,NON TITO,,,JAWA TIMUR,0.5,YELLOW,34251627,AREA 3,JATIM,MADIUN,KEDIRI,,,0,0,0,JAWA TIMUR,KOTA KEDIRI,MOJOROTO,MRICAN,KEDIRI
1322087015,,ODP-KDI-FU/57,-7.810281,112.06046,,,3,5,0,0,8,REGIONAL 5,KEDIRI,KEDIRI,KDI,,,2023-08-30 18:08:53,42810,2017,3,NON TITO,,,JAWA TIMUR,0.625,YELLOW,79434619,AREA 3,JATIM,MADIUN,KEDIRI,,,0,0,0,JAWA TIMUR,KEDIRI,NGASEM,PARON,KEDIRI
1364595250,,ODP-WAT-FN/15,-7.907941,112.125282,,,2,6,0,0,8,REGIONAL 5,KEDIRI,KEDIRI,WAT,,,2023-08-30 17:57:16,42842,2017,4,NON TITO,,,JAWA TIMUR,0.75,YELLOW,81747496,AREA 3,JATIM,MADIUN,KEDIRI,,,0,0,0,JAWA TIMUR,KEDIRI,WATES,JAJAR,KEDIRI
2437620200,,ODP-PAE-FAD/07,-7.772296,112.135772,,,3,5,0,0,8,REGIONAL 5,KEDIRI,KEDIRI,PAE,,,2023-08-30 18:02:53,43209,2018,4,NON TITO,,,JAWA TIMUR,0.625,YELLOW,353272068,AREA 3,JATIM,MADIUN,KEDIRI,,,0,0,0,JAWA TIMUR,KEDIRI,PARE,SAMBIREJO,KEDIRI
2410920273,,ODP-MJT-FAC/20,-7.797018,111.996234,,,4,4,0,0,8,REGIONAL 5,KEDIRI,KEDIRI,MJT,,,2023-08-30 18:02:29,43195,2018,4,NON TITO,,,JAWA TIMUR,0.5,YELLOW,333436211,AREA 3,JATIM,MADIUN,KEDIRI,,,0,0,0,JAWA TIMUR,KOTA KEDIRI,MOJOROTO,NGAMPEL,KEDIRI
2404020080,,ODP-MJT-FAE/07,-7.797844,112.002258,,,4,4,0,0,8,REGIONAL 5,KEDIRI,KEDIRI,MJT,,,2023-08-30 18:10:08,43195,2018,4,NON TITO,,,JAWA TIMUR,0.5,YELLOW,333432452,AREA 3,JATIM,MADIUN,KEDIRI,,,0,0,0,JAWA TIMUR,KOTA KEDIRI,MOJOROTO,MOJOROTO,KEDIRI
2264608431,,ODP-KDI-FT/19,-7.825867,112.081218,,,3,5,0,0,8,REGIONAL 5,KEDIRI,KEDIRI,KDI,,,2023-08-30 18:04:26,43166,2018,3,NON TITO,,,JAWA TIMUR,0.625,YELLOW,324128886,AREA 3,JATIM,MADIUN,KEDIRI,,,0,0,0,JAWA TIMUR,KEDIRI,GURAH,GABRU,KEDIRI
2201597211,,ODP-KDI-FBC/07,-7.818527,112.024902,,,3,5,0,0,8,REGIONAL 5,KEDIRI,KEDIRI,KDI,,,2023-08-30 18:10:57,43132,2018,2,NON TITO,,,JAWA TIMUR,0.625,YELLOW,305415752,AREA 3,JATIM,MADIUN,KEDIRI,,,0,0,0,JAWA TIMUR,KOTA KEDIRI,KOTA,BANJARAN,KEDIRI
2201596998,,ODP-KDI-FBC/14,-7.81713,112.018042,,,3,5,0,0,8,REGIONAL 5,KEDIRI,KEDIRI,KDI,,,2023-08-30 18:09:00,43132,2018,2,NON TITO,,,JAWA TIMUR,0.625,YELLOW,305415629,AREA 3,JATIM,MADIUN,KEDIRI,,,0,0,0,JAWA TIMUR,KOTA KEDIRI,KOTA,DANDANGAN,KEDIRI
2204668597,,ODP-KDI-FBB/13,-7.82758,112.028359,,,4,4,0,0,8,REGIONAL 5,KEDIRI,KEDIRI,KDI,,,2023-08-30 18:10:41,43132,2018,2,NON TITO,,,JAWA TIMUR,0.5,YELLOW,305197344,AREA 3,JATIM,MADIUN,KEDIRI,,,0,0,0,JAWA TIMUR,KOTA KEDIRI,PESANTREN,BURENGAN,KEDIRI
2139950536,,ODP-KDI-FBC/33,-7.821723,112.021908,,,9,7,0,0,16,REGIONAL 5,KEDIRI,KEDIRI,KDI,,,2023-08-30 17:59:04,43116,2018,1,NON TITO,,,JAWA TIMUR,0.4375,YELLOW,286520629,AREA 3,JATIM,MADIUN,KEDIRI,,,0,0,0,JAWA TIMUR,KOTA KEDIRI,KOTA,BANJARAN,KEDIRI
2130870771,,ODP-PAE-FAF/10,-7.764054,112.171661,,,1,6,0,0,8,REGIONAL 5,KEDIRI,KEDIRI,PAE,,,2023-08-30 18:04:06,43108,2018,1,NON TITO,,,JAWA TIMUR,0.75,YELLOW,259746393,AREA 3,JATIM,MADIUN,KEDIRI,,,0,0,0,JAWA TIMUR,KEDIRI,PARE,PELEM,KEDIRI
2120443998,,ODP-KDI-FAH/14,-7.828236,112.012439,,,2,6,0,0,8,REGIONAL 5,KEDIRI,KEDIRI,KDI,,,2023-08-30 17:59:03,43106,2018,1,NON TITO,,,JAWA TIMUR,0.75,YELLOW,259365269,AREA 3,JATIM,MADIUN,KEDIRI,,,0,0,0,JAWA TIMUR,KOTA KEDIRI,KOTA,KAMPUNG DALEM,KEDIRI
2105744014,,ODP-PAE-FAH/27,-7.762061,112.189556,,,5,11,0,0,16,REGIONAL 5,KEDIRI,KEDIRI,PAE,,,2023-08-30 18:03:49,43102,2018,1,NON TITO,,,JAWA TIMUR,0.6875,YELLOW,258989901,AREA 3,JATIM,MADIUN,KEDIRI,,,0,0,0,JAWA TIMUR,KEDIRI,PARE,TULUNGREJO,KEDIRI
2105744004,,ODP-PAE-FAH/07,-7.757318,112.181405,,,9,7,0,0,16,REGIONAL 5,KEDIRI,KEDIRI,PAE,,,2023-08-30 18:06:04,43102,2018,1,NON TITO,,,JAWA TIMUR,0.4375,YELLOW,258989895,AREA 3,JATIM,MADIUN,KEDIRI,,,0,0,0,JAWA TIMUR,KEDIRI,PARE,TULUNGREJO,KEDIRI
2107318972,,ODP-KDI-FG/63,-7.82872,112.029389,,,2,6,0,0,8,REGIONAL 5,KEDIRI,KEDIRI,KDI,,,2023-08-30 17:59:34,43099,2017,12,NON TITO,,,JAWA TIMUR,0.75,YELLOW,258692490,AREA 3,JATIM,MADIUN,KEDIRI,,,0,0,0,JAWA TIMUR,KOTA KEDIRI,PESANTREN,BANGSAL,KEDIRI
2106945073,,ODP-MJT-FAC/08,-7.791917,111.982655,,,2,6,0,0,8,REGIONAL 5,KEDIRI,KEDIRI,MJT,,,2023-08-30 17:59:21,43103,2018,1,NON TITO,,,JAWA TIMUR,0.75,YELLOW,258404645,AREA 3,JATIM,MADIUN,KEDIRI,,,0,0,0,JAWA TIMUR,KOTA KEDIRI,MOJOROTO,GAYAM,KEDIRI
2107620262,,ODP-NDL-FL/02,-7.91466,112.016929,,,2,6,0,0,8,REGIONAL 5,KEDIRI,KEDIRI,NDL,,,2023-08-30 18:10:10,43099,2017,12,NON TITO,,,JAWA TIMUR,0.75,YELLOW,258393592,AREA 3,JATIM,MADIUN,KEDIRI,,,0,0,0,JAWA TIMUR,KEDIRI,NGADILUWIH,DUKUH,KEDIRI
2103344546,,ODP-PAE-FAK/04,-7.761158,112.197478,,,3,5,0,0,8,REGIONAL 5,KEDIRI,KEDIRI,PAE,,,2023-08-30 18:05:29,43098,2017,12,NON TITO,,,JAWA TIMUR,0.625,YELLOW,258389221,AREA 3,JATIM,MADIUN,KEDIRI,,,0,0,0,JAWA TIMUR,KEDIRI,PARE,TULUNGREJO,KEDIRI
1938794681,,ODP-KDI-FAS/25,-7.809077,112.030707,,,4,4,0,0,8,REGIONAL 5,KEDIRI,KEDIRI,KDI,,,2023-08-30 18:04:29,43032,2017,10,NON TITO,,,JAWA TIMUR,0.5,YELLOW,238611056,AREA 3,JATIM,MADIUN,KEDIRI,,,0,0,0,JAWA TIMUR,KEDIRI,NGASEM,SUKOREJO,KEDIRI
1345795776,,ODP-NDL-FG/25,-7.89591,111.99003,,,4,12,0,0,16,REGIONAL 5,KEDIRI,KEDIRI,NDL,,,2023-08-30 18:03:12,42835,2017,4,NON TITO,,,JAWA TIMUR,0.75,YELLOW,81208377,AREA 3,JATIM,MADIUN,KEDIRI,,,0,0,0,JAWA TIMUR,KEDIRI,NGADILUWIH,NGADILUWIH,KEDIRI
2457945783,,ODP-KAA-FC/35,-7.778697,112.292639,,,2,6,0,0,8,REGIONAL 5,KEDIRI,KEDIRI,KAA,,,2023-08-30 18:10:59,43213,2018,4,NON TITO,,,JAWA TIMUR,0.75,YELLOW,353294641,AREA 3,JATIM,MADIUN,KEDIRI,,,0,0,0,JAWA TIMUR,MALANG,KASEMBON,SUKOSARI,KEDIRI
787995256,,ODP-GUR-FE/03,-7.808701,112.087391,,,2,6,0,0,8,REGIONAL 5,KEDIRI,KEDIRI,GUR,,,2023-08-30 18:02:06,42590,2016,8,NON TITO,,,JAWA TIMUR,0.75,YELLOW,34111501,AREA 3,JATIM,MADIUN,KEDIRI,,,0,0,0,JAWA TIMUR,KEDIRI,GURAH,GURAH,KEDIRI
726869413,,ODP-KDI-FS/26,-7.816005,112.018946,,,8,8,0,0,16,REGIONAL 5,KEDIRI,KEDIRI,KDI,,,2023-08-30 18:04:38,42552,2016,7,NON TITO,,,JAWA TIMUR,0.5,YELLOW,33735004,AREA 3,JATIM,MADIUN,KEDIRI,,,0,0,0,JAWA TIMUR,KOTA KEDIRI,KOTA,DANDANGAN,KEDIRI
130586171,,ODP-NDL-FA/22,-7.9248,111.9758,,,2,6,0,0,8,REGIONAL 5,KEDIRI,KEDIRI,NDL,,,2023-08-30 17:57:53,42427,2016,2,NON TITO,,,JAWA TIMUR,0.75,YELLOW,7823711,AREA 3,JATIM,MADIUN,KEDIRI,,,0,0,0,JAWA TIMUR,KEDIRI,KRAS,JAMBEAN,KEDIRI
130581540,,ODP-MJT-FH/01,-7.8384,111.987,,,3,4,0,0,8,REGIONAL 5,KEDIRI,KEDIRI,MJT,,,2023-08-30 18:06:49,42427,2016,2,NON TITO,,,JAWA TIMUR,0.5,YELLOW,7820059,AREA 3,JATIM,MADIUN,KEDIRI,,,0,0,0,JAWA TIMUR,KOTA KEDIRI,MOJOROTO,TAMANAN,KEDIRI
130565708,,ODP-PAE-FA/02,-7.7641,112.184,,,6,9,0,0,16,REGIONAL 5,KEDIRI,KEDIRI,PAE,,,2023-08-30 18:06:17,42427,2016,2,NON TITO,,,JAWA TIMUR,0.5625,YELLOW,7804468,AREA 3,JATIM,MADIUN,KEDIRI,,,0,0,0,JAWA TIMUR,KEDIRI,PARE,TULUNGREJO,KEDIRI
121235556,,ODP-KDI-FAG/29,-7.8663,112.0337,,,2,6,0,0,8,REGIONAL 5,KEDIRI,KEDIRI,KDI,,,2023-08-30 17:57:31,42423,2016,2,NON TITO,,,JAWA TIMUR,0.75,YELLOW,6636504,AREA 3,JATIM,MADIUN,KEDIRI,,,0,0,0,JAWA TIMUR,KOTA KEDIRI,PESANTREN,BLABAK,KEDIRI
121235394,,ODP-KDI-FG/05,-7.8315,112.0276,,,4,11,1,0,16,REGIONAL 5,KEDIRI,KEDIRI,KDI,,,2023-08-30 18:10:30,42423,2016,2,NON TITO,,,JAWA TIMUR,0.6875,YELLOW,6636395,AREA 3,JATIM,MADIUN,KEDIRI,,,0,0,0,JAWA TIMUR,KOTA KEDIRI,PESANTREN,BANARAN,KEDIRI
121235388,,ODP-KDI-FU/44,-7.8159,112.0574,,,4,4,0,0,8,REGIONAL 5,KEDIRI,KEDIRI,KDI,,,2023-08-30 18:10:47,42423,2016,2,NON TITO,,,JAWA TIMUR,0.5,YELLOW,6636389,AREA 3,JATIM,MADIUN,KEDIRI,,,0,0,0,JAWA TIMUR,KEDIRI,NGASEM,GOGORANTE,KEDIRI
121233939,,ODP-KDI-FAA/32,-7.7565,112.0353,,,2,6,0,0,8,REGIONAL 5,KEDIRI,KEDIRI,KDI,,,2023-08-30 18:09:55,42423,2016,2,NON TITO,,,JAWA TIMUR,0.75,YELLOW,6635480,AREA 3,JATIM,MADIUN,KEDIRI,,,0,0,0,JAWA TIMUR,KEDIRI,GAMPENGREJO,TURUS,KEDIRI
121233410,,ODP-KDI-FAK/12,-7.8085,112.0159,,,3,5,0,0,8,REGIONAL 5,KEDIRI,KEDIRI,KDI,,,2023-08-30 17:57:54,42423,2016,2,NON TITO,,,JAWA TIMUR,0.625,YELLOW,6635095,AREA 3,JATIM,MADIUN,KEDIRI,,,0,0,0,JAWA TIMUR,KOTA KEDIRI,KOTA,BALOWERTI,KEDIRI
121233158,,ODP-KDI-FAK/20,-7.8103,112.011,,,3,5,0,0,8,REGIONAL 5,KEDIRI,KEDIRI,KDI,,,2023-08-30 18:04:04,42423,2016,2,NON TITO,,,JAWA TIMUR,0.625,YELLOW,6634902,AREA 3,JATIM,MADIUN,KEDIRI,,,0,0,0,JAWA TIMUR,KOTA KEDIRI,KOTA KEDIRI,SEMAMPIR,KEDIRI
121231815,,ODP-KDI-FA/22,-7.8386,112.03,,,2,6,0,0,8,REGIONAL 5,KEDIRI,KEDIRI,KDI,,,2023-08-30 18:06:16,42423,2016,2,NON TITO,,,JAWA TIMUR,0.75,YELLOW,6633835,AREA 3,JATIM,MADIUN,KEDIRI,,,0,0,0,JAWA TIMUR,KOTA KEDIRI,PESANTREN,BANARAN,KEDIRI
121162329,,ODP-KDI-FG/04,-7.8299,112.0277,,,5,10,0,0,16,REGIONAL 5,KEDIRI,KEDIRI,KDI,,,2023-08-30 18:09:09,42423,2016,2,NON TITO,,,JAWA TIMUR,0.625,YELLOW,6563309,AREA 3,JATIM,MADIUN,KEDIRI,,,0,0,0,JAWA TIMUR,KOTA KEDIRI,PESANTREN,BANARAN,KEDIRI
121161649,,ODP-KDI-FAD/16,-7.8509,112.0433,,,2,5,0,0,8,REGIONAL 5,KEDIRI,KEDIRI,KDI,,,2023-08-30 18:07:00,42423,2016,2,NON TITO,,,JAWA TIMUR,0.625,YELLOW,6562873,AREA 3,JATIM,MADIUN,KEDIRI,,,0,0,0,JAWA TIMUR,KOTA KEDIRI,PESANTREN,BETET,KEDIRI
121155656,,ODP-KDI-FJ/14,-7.8139,112.0121,,,6,9,0,0,16,REGIONAL 5,KEDIRI,KEDIRI,KDI,,,2023-08-30 18:02:03,42423,2016,2,NON TITO,,,JAWA TIMUR,0.5625,YELLOW,6557887,AREA 3,JATIM,MADIUN,KEDIRI,,,0,0,0,JAWA TIMUR,KOTA KEDIRI,KOTA,POCANAN,KEDIRI
8303743608,,ODP-WAT-FL/34,-7.862369,112.102853,,,3,5,0,0,8,REGIONAL 5,KEDIRI,KEDIRI,WAT,,,2023-07-28 18:02:25,44561,2021,12,NON TITO,,,JAWA TIMUR,0.625,YELLOW,1164328307,AREA 3,JATIM,MADIUN,KEDIRI,,,0,0,0,JAWA TIMUR,KEDIRI,GURAH,BLIMBING,KEDIRI
4748449192,,ODP-WAT-FW/11,-7.857927,112.163322,,,4,4,0,0,8,REGIONAL 5,KEDIRI,KEDIRI,WAT,,,2023-07-28 17:55:51,43914,2020,3,NON TITO,,,JAWA TIMUR,0.5,YELLOW,827001166,AREA 3,JATIM,MADIUN,KEDIRI,,,0,0,0,JAWA TIMUR,KEDIRI,PLOSOKLATEN,PRANGGANG,KEDIRI
2877269203,,ODP-KDI-FAH/44,-7.824105,112.011073,,,4,12,0,0,16,REGIONAL 5,KEDIRI,KEDIRI,KDI,,,2023-07-28 18:01:10,43348,2018,9,NON TITO,,,JAWA TIMUR,0.75,YELLOW,389833837,AREA 3,JATIM,MADIUN,KEDIRI,,,0,0,0,JAWA TIMUR,KOTA KEDIRI,KOTA,KAMPUNG DALEM,KEDIRI
1527651099,,ODP-NDL-FD/41,-7.891173,111.967484,,,3,5,0,0,8,REGIONAL 5,KEDIRI,KEDIRI,NDL,,,2023-07-28 17:55:34,42899,2017,6,NON TITO,,,JAWA TIMUR,0.625,YELLOW,161266765,AREA 3,JATIM,MADIUN,KEDIRI,,,0,0,0,JAWA TIMUR,KEDIRI,MOJO,MLATI,KEDIRI
130589550,,ODP-KAA-FB/17,-7.754523,112.282018,,,8,8,0,0,16,REGIONAL 5,KEDIRI,KEDIRI,KAA,,,2023-08-30 17:57:47,42427,2016,2,NON TITO,,,JAWA TIMUR,0.5,YELLOW,7826126,AREA 3,JATIM,MADIUN,KEDIRI,,,0,0,0,JAWA TIMUR,KEDIRI,KANDANGAN,KANDANGAN,KEDIRI
746068546,,ODP-GUR-FD/04,-7.787123,112.081578,,,8,8,0,0,16,REGIONAL 5,KEDIRI,KEDIRI,GUR,,,2023-08-30 18:05:06,42572,2016,7,NON TITO,,,JAWA TIMUR,0.5,YELLOW,34045083,AREA 3,JATIM,MADIUN,KEDIRI,,,0,0,0,JAWA TIMUR,KEDIRI,PAGU,KAMBINGAN,KEDIRI
130592099,,ODP-PAE-FCLH/02,-7.7636,112.1973,,,5,11,0,0,16,REGIONAL 5,KEDIRI,KEDIRI,PAE,,,2023-08-30 18:05:07,42427,2016,2,NON TITO,,,JAWA TIMUR,0.6875,YELLOW,7827742,AREA 3,JATIM,MADIUN,KEDIRI,,,0,0,0,JAWA TIMUR,KEDIRI,PARE,PARE,KEDIRI
130656184,,ODP-MJT-FK/05,-7.8091,111.9971,,,3,5,0,0,8,REGIONAL 5,KEDIRI,KEDIRI,MJT,,,2023-08-30 18:05:51,42427,2016,2,NON TITO,,,JAWA TIMUR,0.625,YELLOW,7894689,AREA 3,JATIM,MADIUN,KEDIRI,,,0,0,0,JAWA TIMUR,KOTA KEDIRI,MOJOROTO,MOJOROTO,KEDIRI
717195374,,ODP-KDI-FAS/19,-7.806828,112.036491,,,2,6,0,0,8,REGIONAL 5,KEDIRI,KEDIRI,KDI,,,2023-08-30 18:10:16,42549,2016,6,NON TITO,,,JAWA TIMUR,0.75,YELLOW,33648768,AREA 3,JATIM,MADIUN,KEDIRI,,,0,0,0,JAWA TIMUR,KEDIRI,NGASEM,SUKOREJO,KEDIRI
718770114,,ODP-KDI-FAS/09,-7.809203,112.031214,,,2,6,0,0,8,REGIONAL 5,KEDIRI,KEDIRI,KDI,,,2023-08-30 18:07:46,42549,2016,6,NON TITO,,,JAWA TIMUR,0.75,YELLOW,33647099,AREA 3,JATIM,MADIUN,KEDIRI,,,0,0,0,JAWA TIMUR,KEDIRI,NGASEM,SUKOREJO,KEDIRI
690043595,,ODP-KDI-FH/15,-7.86326,112.00212,,,3,5,0,0,8,REGIONAL 5,KEDIRI,KEDIRI,KDI,,,2023-08-30 18:07:31,42537,2016,6,NON TITO,,,JAWA TIMUR,0.625,YELLOW,33600377,AREA 3,JATIM,MADIUN,KEDIRI,,,0,0,0,JAWA TIMUR,KEDIRI,NGADILUWIH,BANJAREJO,KEDIRI
690043564,,ODP-KDI-FH/19,-7.85685,112.00377,,,7,9,0,0,16,REGIONAL 5,KEDIRI,KEDIRI,KDI,,,2023-08-30 18:08:54,42537,2016,6,NON TITO,,,JAWA TIMUR,0.5625,YELLOW,33600307,AREA 3,JATIM,MADIUN,KEDIRI,,,0,0,0,JAWA TIMUR,KEDIRI,NGADILUWIH,WONOREJO,KEDIRI
667468537,,ODP-PPR-FD/01,-7.672575,112.084289,,,2,6,0,0,8,REGIONAL 5,KEDIRI,KEDIRI,PPR,,,2023-08-30 18:09:47,42530,2016,6,NON TITO,,,JAWA TIMUR,0.75,YELLOW,33570159,AREA 3,JATIM,MADIUN,KEDIRI,,,0,0,0,JAWA TIMUR,KEDIRI,PAPAR,TANON,KEDIRI
619618812,,ODP-PPR-FC/02,-7.692674,112.107457,,,2,6,0,0,8,REGIONAL 5,KEDIRI,KEDIRI,PPR,,,2023-08-30 18:08:30,42515,2016,5,NON TITO,,,JAWA TIMUR,0.75,YELLOW,32962928,AREA 3,JATIM,MADIUN,KEDIRI,,,0,0,0,JAWA TIMUR,KEDIRI,PAPAR,JAMBANGAN,KEDIRI
340873079,,ODP-PAE-FJ/03,-7.758763,112.197931,,,3,5,0,0,8,REGIONAL 5,KEDIRI,KEDIRI,PAE,,,2023-08-30 18:05:16,42493,2016,5,NON TITO,,,JAWA TIMUR,0.625,YELLOW,21369852,AREA 3,JATIM,MADIUN,KEDIRI,,,0,0,0,JAWA TIMUR,KEDIRI,PARE,TULUNGREJO,KEDIRI
300072923,,ODP-KDI-FV/31,-7.828347,112.04977,,,6,10,0,0,16,REGIONAL 5,KEDIRI,KEDIRI,KDI,,,2023-08-30 18:06:37,42486,2016,4,NON TITO,,,JAWA TIMUR,0.625,YELLOW,20167732,AREA 3,JATIM,MADIUN,KEDIRI,,,0,0,0,JAWA TIMUR,KEDIRI,NGASEM,GOGORANTE,KEDIRI
273103168,,ODP-KDI-FB/39,-7.788463,112.005893,,,2,6,0,0,8,REGIONAL 5,KEDIRI,KEDIRI,KDI,,,2023-08-30 18:02:02,42480,2016,4,NON TITO,,,JAWA TIMUR,0.75,YELLOW,18226221,AREA 3,JATIM,MADIUN,KEDIRI,,,0,0,0,JAWA TIMUR,KEDIRI,GAMPENGREJO,JONGBIRU,KEDIRI
226133014,,ODP-KDI-FH/02,-7.849605,112.002911,,,3,5,0,0,8,REGIONAL 5,KEDIRI,KEDIRI,KDI,,,2023-08-30 18:04:08,42468,2016,4,NON TITO,,,JAWA TIMUR,0.625,YELLOW,15465266,AREA 3,JATIM,MADIUN,KEDIRI,,,0,0,0,JAWA TIMUR,KOTA KEDIRI,KOTA KEDIRI,MANISRENGGO,KEDIRI
159512874,,ODP-KDI-FW/33,-7.832496,112.033742,,,2,6,0,0,8,REGIONAL 5,KEDIRI,KEDIRI,KDI,,,2023-08-30 17:58:49,42442,2016,3,NON TITO,,,JAWA TIMUR,0.75,YELLOW,10425397,AREA 3,JATIM,MADIUN,KEDIRI,,,0,0,0,JAWA TIMUR,KOTA KEDIRI,PESANTREN,BANARAN,KEDIRI
151268732,,ODP-NDL-FA/44,-7.8997,111.9976,,,2,6,0,0,8,REGIONAL 5,KEDIRI,KEDIRI,NDL,,,2023-08-30 18:04:36,42439,2016,3,NON TITO,,,JAWA TIMUR,0.75,YELLOW,8550966,AREA 3,JATIM,MADIUN,KEDIRI,,,0,0,0,JAWA TIMUR,KEDIRI,NGADILUWIH,PURWOKERTO,KEDIRI
130666270,,ODP-MJT-FA/06,-7.6957,111.9561,,,2,6,0,0,8,REGIONAL 5,KEDIRI,KEDIRI,MJT,,,2023-08-30 18:08:07,42427,2016,2,NON TITO,,,JAWA TIMUR,0.75,YELLOW,7902085,AREA 3,JATIM,MADIUN,KEDIRI,,,0,0,0,JAWA TIMUR,KEDIRI,TAROKAN,CENGKOK,KEDIRI
130664590,,ODP-KAA-FC/07,-7.7629,112.2882,,,2,6,0,0,8,REGIONAL 5,KEDIRI,KEDIRI,KAA,,,2023-08-30 17:57:43,42427,2016,2,NON TITO,,,JAWA TIMUR,0.75,YELLOW,7901061,AREA 3,JATIM,MADIUN,KEDIRI,,,0,0,0,JAWA TIMUR,KEDIRI,KANDANGAN,KANDANGAN,KEDIRI
130660504,,ODP-NDL-FD/02,-7.9582,111.9305,,,2,6,0,0,8,REGIONAL 5,KEDIRI,KEDIRI,NDL,,,2023-08-30 18:10:40,42427,2016,2,NON TITO,,,JAWA TIMUR,0.75,YELLOW,7898077,AREA 3,JATIM,MADIUN,KEDIRI,,,0,0,0,JAWA TIMUR,KEDIRI,MOJO,NGADI,KEDIRI
130660307,,ODP-NDL-FC/01,-7.9025,112.013,,,7,9,0,0,16,REGIONAL 5,KEDIRI,KEDIRI,NDL,,,2023-08-30 18:10:56,42427,2016,2,NON TITO,,,JAWA TIMUR,0.5625,YELLOW,7897939,AREA 3,JATIM,MADIUN,KEDIRI,,,0,0,0,JAWA TIMUR,KEDIRI,NGADILUWIH,DUKUH,KEDIRI
130658594,,ODP-MJT-FP/05,-7.8145,112.0032,,,4,11,0,0,16,REGIONAL 5,KEDIRI,KEDIRI,MJT,,,2023-08-30 17:59:38,42427,2016,2,NON TITO,,,JAWA TIMUR,0.6875,YELLOW,7896613,AREA 3,JATIM,MADIUN,KEDIRI,,,0,0,0,JAWA TIMUR,KOTA KEDIRI,MOJOROTO,BANDAR LOR,KEDIRI
130943782,,ODP-WAT-FC/02,-7.923888,112.089274,,,2,6,0,0,8,REGIONAL 5,KEDIRI,KEDIRI,WAT,,,2023-08-30 18:05:36,42428,2016,2,NON TITO,,,JAWA TIMUR,0.75,YELLOW,7862500,AREA 3,JATIM,MADIUN,KEDIRI,,,0,0,0,JAWA TIMUR,KEDIRI,WATES,POJOK,KEDIRI
2457945793,,ODP-KAA-FC/30,-7.779328,112.294469,,,3,5,0,0,8,REGIONAL 5,KEDIRI,KEDIRI,KAA,,,2023-08-30 18:04:23,43213,2018,4,NON TITO,,,JAWA TIMUR,0.625,YELLOW,353588354,AREA 3,JATIM,MADIUN,KEDIRI,,,0,0,0,JAWA TIMUR,MALANG,KASEMBON,SUKOSARI,KEDIRI
2495683539,,ODP-PAE-FK/20,-7.813803,112.157711,,,2,6,0,0,8,REGIONAL 5,KEDIRI,KEDIRI,PAE,,,2023-08-30 17:56:59,43229,2018,5,NON TITO,,,JAWA TIMUR,0.75,YELLOW,353762451,AREA 3,JATIM,MADIUN,KEDIRI,,,0,0,0,JAWA TIMUR,KEDIRI,PARE,SIDOREJO,KEDIRI
2509393935,,ODP-MJT-FAD/03,-7.800366,111.995064,,,2,6,0,0,8,REGIONAL 5,KEDIRI,KEDIRI,MJT,,,2023-08-30 18:01:19,43235,2018,5,NON TITO,,,JAWA TIMUR,0.75,YELLOW,354244159,AREA 3,JATIM,MADIUN,KEDIRI,,,0,0,0,JAWA TIMUR,KOTA KEDIRI,MOJOROTO,NGAMPEL,KEDIRI
121154709,,ODP-KDI-FJ/09,-7.8044,112.0156,,,9,7,0,0,16,REGIONAL 5,KEDIRI,KEDIRI,KDI,,,2024-03-16 23:25:32,42423,2016,2,NON TITO,,,JAWA TIMUR,0.4375,YELLOW,6556979,AREA 3,JATIM,MADIUN,KEDIRI,,,0,0,0,JAWA TIMUR,KOTA KEDIRI,KOTA,BALOWERTI,KEDIRI
121154615,,ODP-KDI-FJ/06,-7.8052,112.0162,,,2,6,0,0,8,REGIONAL 5,KEDIRI,KEDIRI,KDI,,,2024-03-16 23:25:46,42423,2016,2,NON TITO,,,JAWA TIMUR,0.75,YELLOW,6556891,AREA 3,JATIM,MADIUN,KEDIRI,,,0,0,0,JAWA TIMUR,KOTA KEDIRI,KOTA,BALOWERTI,KEDIRI
121154610,,ODP-KDI-FA/03,-7.8613,112.0596,,,3,5,0,0,8,REGIONAL 5,KEDIRI,KEDIRI,KDI,,,2024-03-16 23:25:32,42423,2016,2,NON TITO,,,JAWA TIMUR,0.625,YELLOW,6556886,AREA 3,JATIM,MADIUN,KEDIRI,,,0,0,0,JAWA TIMUR,KOTA KEDIRI,PESANTREN,BAWANG,KEDIRI
121154602,,ODP-KDI-FA/01,-7.8632,112.0596,,,7,7,0,0,16,REGIONAL 5,KEDIRI,KEDIRI,KDI,,,2024-03-16 23:25:45,42423,2016,2,NON TITO,,,JAWA TIMUR,0.4375,YELLOW,6556880,AREA 3,JATIM,MADIUN,KEDIRI,,,0,0,0,JAWA TIMUR,KOTA KEDIRI,PESANTREN,BAWANG,KEDIRI
121154573,,ODP-KDI-FM/02,-7.8093,112.0142,,,1,6,0,0,8,REGIONAL 5,KEDIRI,KEDIRI,KDI,,,2024-03-16 23:25:20,42423,2016,2,NON TITO,,,JAWA TIMUR,0.75,YELLOW,6556859,AREA 3,JATIM,MADIUN,KEDIRI,,,0,0,0,JAWA TIMUR,KOTA KEDIRI,KOTA,BALOWERTI,KEDIRI
11200250148,,ODP-PAE-FU/66,-7.827549,112.269822,,,3,5,0,0,8,REGIONAL 5,KEDIRI,KEDIRI,PAE,,,2024-01-11 05:30:16,45301,2024,1,NON TITO,,,JAWA TIMUR,0.625,YELLOW,1396874088,AREA 3,JATIM,MADIUN,KEDIRI,,,0,0,0,JAWA TIMUR,KEDIRI,PUNCU,ASMOROBANGUN,KEDIRI
10724818655,,ODP-GUR-FJ/40,-7.775929,112.083339,,,2,6,0,0,8,REGIONAL 5,KEDIRI,KEDIRI,GUR,,,2023-10-11 00:13:33,45208,2023,10,NON TITO,,,JAWA TIMUR,0.75,YELLOW,1325540799,AREA 3,JATIM,MADIUN,KEDIRI,,,0,0,0,JAWA TIMUR,KEDIRI,PAGU,MENANG,KEDIRI
10644343555,,ODP-PPR-FD/61,-7.651254,112.092666,,,1,6,0,0,8,REGIONAL 5,KEDIRI,KEDIRI,PPR,,,2023-09-16 12:23:38,45184,2023,9,NON TITO,,,JAWA TIMUR,0.75,YELLOW,1320806749,AREA 3,JATIM,MADIUN,KEDIRI,,,0,0,0,JAWA TIMUR,KEDIRI,PURWOASRI,MRANGGEN,KEDIRI
9450043875,,ODP-PAE-FU/62,-7.806023,112.257309,,,4,4,0,0,8,REGIONAL 5,KEDIRI,KEDIRI,PAE,,,2023-08-30 18:09:26,44858,2022,10,NON TITO,,,JAWA TIMUR,0.5,YELLOW,1246054919,AREA 3,JATIM,MADIUN,KEDIRI,,,0,0,0,JAWA TIMUR,KEDIRI,KEPUNG,KEPUNG,KEDIRI
9436544091,,ODP-GUR-FH/49,-7.766492,112.081683,,,2,6,0,0,8,REGIONAL 5,KEDIRI,KEDIRI,GUR,,,2023-08-30 18:03:51,44852,2022,10,NON TITO,,,JAWA TIMUR,0.75,YELLOW,1241348929,AREA 3,JATIM,MADIUN,KEDIRI,,,0,0,0,JAWA TIMUR,KEDIRI,PAGU,PAGU,KEDIRI
9340244003,,ODP-PPR-FB/42,-7.688938,112.122515,,,4,4,0,0,8,REGIONAL 5,KEDIRI,KEDIRI,PPR,,,2023-08-30 18:04:46,44833,2022,9,NON TITO,,,JAWA TIMUR,0.5,YELLOW,1228517962,AREA 3,JATIM,MADIUN,KEDIRI,,,0,0,0,JAWA TIMUR,KEDIRI,PAPAR,SUKOMORO,KEDIRI
9284294413,,ODP-KDI-FX/98,-7.844993,112.022686,,,3,5,0,0,8,REGIONAL 5,KEDIRI,KEDIRI,KDI,,,2023-08-30 18:10:03,44825,2022,9,NON TITO,,,JAWA TIMUR,0.625,YELLOW,1226321884,AREA 3,JATIM,MADIUN,KEDIRI,,,0,0,0,JAWA TIMUR,KOTA KEDIRI,KOTA,REJOMULYO,KEDIRI
9205770001,,ODP-PPR-FC/26,-7.699934,112.098909,,,8,7,0,0,16,REGIONAL 5,KEDIRI,KEDIRI,PPR,,,2023-08-30 18:00:04,44806,2022,9,NON TITO,,,JAWA TIMUR,0.4375,YELLOW,1220472816,AREA 3,JATIM,MADIUN,KEDIRI,,,0,0,0,JAWA TIMUR,KEDIRI,PAPAR,MADURETNO,KEDIRI
9205394155,,ODP-PAE-FAD/18,-7.773115,112.131949,,,4,4,0,0,8,REGIONAL 5,KEDIRI,KEDIRI,PAE,,,2023-08-30 18:04:53,44804,2022,8,NON TITO,,,JAWA TIMUR,0.5,YELLOW,1220325525,AREA 3,JATIM,MADIUN,KEDIRI,,,0,0,0,JAWA TIMUR,KEDIRI,PARE,SAMBIREJO,KEDIRI
8922718741,,ODP-PAE-FM/82,-7.765633,112.190754,,,3,5,0,0,8,REGIONAL 5,KEDIRI,KEDIRI,PAE,,,2023-08-30 18:01:26,44736,2022,6,NON TITO,,,JAWA TIMUR,0.625,YELLOW,1185455834,AREA 3,JATIM,MADIUN,KEDIRI,,,0,0,0,JAWA TIMUR,KEDIRI,PARE,PARE,KEDIRI
8866921549,,ODP-PPR-FD/55,-7.658672,112.114729,,,7,9,0,0,16,REGIONAL 5,KEDIRI,KEDIRI,PPR,,,2023-08-30 18:10:53,44725,2022,6,NON TITO,,,JAWA TIMUR,0.5625,YELLOW,1184807166,AREA 3,JATIM,MADIUN,KEDIRI,,,0,0,0,JAWA TIMUR,KEDIRI,PURWOASRI,WONOTENGAH,KEDIRI
8702222341,,ODP-KDI-FAW/32,-7.872851,112.024139,,,2,6,0,0,8,REGIONAL 5,KEDIRI,KEDIRI,KDI,,,2023-08-30 17:58:13,44690,2022,5,NON TITO,,,JAWA TIMUR,0.75,YELLOW,1179960013,AREA 3,JATIM,MADIUN,KEDIRI,,,0,0,0,JAWA TIMUR,KEDIRI,KANDAT,BLABAK,KEDIRI
121154769,,ODP-KDI-FP/04,-7.8135,112.0313,,,2,6,0,0,8,REGIONAL 5,KEDIRI,KEDIRI,KDI,,,2024-03-16 23:25:39,42423,2016,2,NON TITO,,,JAWA TIMUR,0.75,YELLOW,6557038,AREA 3,JATIM,MADIUN,KEDIRI,,,0,0,0,JAWA TIMUR,KOTA KEDIRI,KOTA,BANJARAN,KEDIRI
8705295176,,ODP-MJT-FAG/21,-7.806242,111.994345,,,4,4,0,0,8,REGIONAL 5,KEDIRI,KEDIRI,MJT,,,2023-08-30 18:02:12,44676,2022,4,NON TITO,,,JAWA TIMUR,0.5,YELLOW,1178313845,AREA 3,JATIM,MADIUN,KEDIRI,,,0,0,0,JAWA TIMUR,KOTA KEDIRI,MOJOROTO,BUJEL,KEDIRI
121155064,,ODP-KDI-FJ/11,-7.8054,112.0144,,,9,7,0,0,16,REGIONAL 5,KEDIRI,KEDIRI,KDI,,,2024-03-16 23:25:08,42423,2016,2,NON TITO,,,JAWA TIMUR,0.4375,YELLOW,6557318,AREA 3,JATIM,MADIUN,KEDIRI,,,0,0,0,JAWA TIMUR,KOTA KEDIRI,KOTA,BALOWERTI,KEDIRI
121155746,,ODP-KDI-FA/25,-7.8407,112.0313,,,5,11,0,0,16,REGIONAL 5,KEDIRI,KEDIRI,KDI,,,2024-03-16 23:25:52,42423,2016,2,NON TITO,,,JAWA TIMUR,0.6875,YELLOW,6557971,AREA 3,JATIM,MADIUN,KEDIRI,,,0,0,0,JAWA TIMUR,KOTA KEDIRI,KOTA,NGRONGGO,KEDIRI
121158650,,ODP-KDI-FR/04,-7.8206,112.024,,,2,6,0,0,8,REGIONAL 5,KEDIRI,KEDIRI,KDI,,,2024-03-16 23:26:51,42423,2016,2,NON TITO,,,JAWA TIMUR,0.75,YELLOW,6560644,AREA 3,JATIM,MADIUN,KEDIRI,,,0,0,0,JAWA TIMUR,KOTA KEDIRI,KOTA,BANJARAN,KEDIRI
121158592,,ODP-KDI-FL/12,-7.8161,112.0144,,,6,8,0,0,16,REGIONAL 5,KEDIRI,KEDIRI,KDI,,,2024-03-16 23:26:31,42423,2016,2,NON TITO,,,JAWA TIMUR,0.5,YELLOW,6560600,AREA 3,JATIM,MADIUN,KEDIRI,,,0,0,0,JAWA TIMUR,KOTA KEDIRI,KOTA,BALOWERTI,KEDIRI
121158498,,ODP-KDI-FB/11,-7.7646,112.0281,,,3,5,0,0,8,REGIONAL 5,KEDIRI,KEDIRI,KDI,,,2024-03-16 23:26:01,42423,2016,2,NON TITO,,,JAWA TIMUR,0.625,YELLOW,6560531,AREA 3,JATIM,MADIUN,KEDIRI,,,0,0,0,JAWA TIMUR,KEDIRI,GAMPENGREJO,NGEBRAK,KEDIRI
121158488,,ODP-KDI-FB/04,-7.7453,112.0369,,,2,6,0,0,8,REGIONAL 5,KEDIRI,KEDIRI,KDI,,,2024-03-16 23:26:50,42423,2016,2,NON TITO,,,JAWA TIMUR,0.75,YELLOW,6560525,AREA 3,JATIM,MADIUN,KEDIRI,,,0,0,0,JAWA TIMUR,KEDIRI,GAMPENGREJO,TURUS,KEDIRI
121158447,,ODP-KDI-FJ/15,-7.8143,112.0131,,,4,12,0,0,16,REGIONAL 5,KEDIRI,KEDIRI,KDI,,,2024-03-16 23:26:01,42423,2016,2,NON TITO,,,JAWA TIMUR,0.75,YELLOW,6560495,AREA 3,JATIM,MADIUN,KEDIRI,,,0,0,0,JAWA TIMUR,KOTA KEDIRI,KOTA,PAKELAN,KEDIRI
121158377,,ODP-KDI-FA/14,-7.84121,112.0303,,,6,10,0,0,16,REGIONAL 5,KEDIRI,KEDIRI,KDI,,,2024-03-16 23:23:57,42423,2016,2,NON TITO,,,JAWA TIMUR,0.625,YELLOW,6560448,AREA 3,JATIM,MADIUN,KEDIRI,,,0,0,0,JAWA TIMUR,KOTA KEDIRI,KOTA,NGRONGGO,KEDIRI
121158147,,ODP-KDI-FA/16,-7.8407,112.0291,,,4,11,0,0,16,REGIONAL 5,KEDIRI,KEDIRI,KDI,,,2024-03-16 23:26:30,42423,2016,2,NON TITO,,,JAWA TIMUR,0.6875,YELLOW,6560237,AREA 3,JATIM,MADIUN,KEDIRI,,,0,0,0,JAWA TIMUR,KOTA KEDIRI,KOTA,NGRONGGO,KEDIRI
121157731,,ODP-KDI-FL/09,-7.8172,112.015,,,7,9,0,0,16,REGIONAL 5,KEDIRI,KEDIRI,KDI,,,2024-03-16 23:25:31,42423,2016,2,NON TITO,,,JAWA TIMUR,0.5625,YELLOW,6559853,AREA 3,JATIM,MADIUN,KEDIRI,,,0,0,0,JAWA TIMUR,KOTA KEDIRI,KOTA,BALOWERTI,KEDIRI
121157720,,ODP-KDI-FL/11,-7.8159,112.0137,,,5,9,0,0,16,REGIONAL 5,KEDIRI,KEDIRI,KDI,,,2024-03-16 23:26:26,42423,2016,2,NON TITO,,,JAWA TIMUR,0.5625,YELLOW,6559844,AREA 3,JATIM,MADIUN,KEDIRI,,,0,0,0,JAWA TIMUR,KOTA KEDIRI,KOTA KEDIRI,PAKELAN,KEDIRI
121157682,,ODP-KDI-FA/10,-7.8475,112.0331,,,9,7,0,0,16,REGIONAL 5,KEDIRI,KEDIRI,KDI,,,2024-03-16 23:25:55,42423,2016,2,NON TITO,,,JAWA TIMUR,0.4375,YELLOW,6559808,AREA 3,JATIM,MADIUN,KEDIRI,,,0,0,0,JAWA TIMUR,KOTA KEDIRI,KOTA KEDIRI,NGRONGGO,KEDIRI
121157436,,ODP-KDI-FB/21,-7.7764,112.0194,,,4,10,0,0,16,REGIONAL 5,KEDIRI,KEDIRI,KDI,,,2024-03-16 23:25:12,42423,2016,2,NON TITO,,,JAWA TIMUR,0.625,YELLOW,6559578,AREA 3,JATIM,MADIUN,KEDIRI,,,0,0,0,JAWA TIMUR,KEDIRI,GAMPENGREJO,PUTIH,KEDIRI
121157211,,ODP-KDI-FJ/13,-7.8136,112.0104,,,5,11,0,0,16,REGIONAL 5,KEDIRI,KEDIRI,KDI,,,2024-03-16 23:25:47,42423,2016,2,NON TITO,,,JAWA TIMUR,0.6875,YELLOW,6559367,AREA 3,JATIM,MADIUN,KEDIRI,,,0,0,0,JAWA TIMUR,KOTA KEDIRI,KOTA,POCANAN,KEDIRI
121157146,,ODP-KDI-FA/29,-7.8407,112.0341,,,8,8,0,0,16,REGIONAL 5,KEDIRI,KEDIRI,KDI,,,2024-03-16 23:25:14,42423,2016,2,NON TITO,,,JAWA TIMUR,0.5,YELLOW,6559307,AREA 3,JATIM,MADIUN,KEDIRI,,,0,0,0,JAWA TIMUR,KOTA KEDIRI,PESANTREN,BANARAN,KEDIRI
121157112,,ODP-KDI-FP/14,-7.8062,112.034,,,7,9,0,0,16,REGIONAL 5,KEDIRI,KEDIRI,KDI,,,2024-03-16 23:26:19,42423,2016,2,NON TITO,,,JAWA TIMUR,0.5625,YELLOW,6559276,AREA 3,JATIM,MADIUN,KEDIRI,,,0,0,0,JAWA TIMUR,KEDIRI,NGASEM,SUKOREJO,KEDIRI
121157019,,ODP-KDI-FJ/17,-7.814,112.0116,,,3,4,0,0,8,REGIONAL 5,KEDIRI,KEDIRI,KDI,,,2024-03-16 23:26:21,42423,2016,2,NON TITO,,,JAWA TIMUR,0.5,YELLOW,6559191,AREA 3,JATIM,MADIUN,KEDIRI,,,0,0,0,JAWA TIMUR,KOTA KEDIRI,KOTA,PAKELAN,KEDIRI
121156246,,ODP-KDI-FA/21,-7.8385,112.0294,,,2,6,0,0,8,REGIONAL 5,KEDIRI,KEDIRI,KDI,,,2024-03-16 23:26:02,42423,2016,2,NON TITO,,,JAWA TIMUR,0.75,YELLOW,6558452,AREA 3,JATIM,MADIUN,KEDIRI,,,0,0,0,JAWA TIMUR,KOTA KEDIRI,PESANTREN,BANARAN,KEDIRI
121156114,,ODP-KDI-FA/34,-7.8549,112.0438,,,3,12,0,0,16,REGIONAL 5,KEDIRI,KEDIRI,KDI,,,2024-03-16 23:25:46,42423,2016,2,NON TITO,,,JAWA TIMUR,0.75,YELLOW,6558323,AREA 3,JATIM,MADIUN,KEDIRI,,,0,0,0,JAWA TIMUR,KOTA KEDIRI,PESANTREN,BETET,KEDIRI
121155500,,ODP-KDI-FM/01,-7.8082,112.0159,,,8,8,0,0,16,REGIONAL 5,KEDIRI,KEDIRI,KDI,,,2024-03-16 23:26:00,42423,2016,2,NON TITO,,,JAWA TIMUR,0.5,YELLOW,6557738,AREA 3,JATIM,MADIUN,KEDIRI,,,0,0,0,JAWA TIMUR,KOTA KEDIRI,KOTA,BALOWERTI,KEDIRI
8501894889,,ODP-PAE-FF/61,-7.755649,112.173686,,,2,6,0,0,8,REGIONAL 5,KEDIRI,KEDIRI,PAE,,,2023-08-30 18:00:34,44629,2022,3,NON TITO,,,JAWA TIMUR,0.75,YELLOW,1168700339,AREA 3,JATIM,MADIUN,KEDIRI,,,0,0,0,JAWA TIMUR,KEDIRI,PARE,PELEM,KEDIRI
8453903280,,ODP-WAT-FP/17,-7.943634,112.220983,,,2,6,0,0,8,REGIONAL 5,KEDIRI,KEDIRI,WAT,,,2023-08-30 18:02:45,44614,2022,2,NON TITO,,,JAWA TIMUR,0.75,YELLOW,1166540919,AREA 3,JATIM,MADIUN,KEDIRI,,,0,0,0,JAWA TIMUR,KEDIRI,NGANCAR,SEMPU,KEDIRI
8385869440,,ODP-MJT-FF/60,-7.776245,112.007738,,,3,5,0,0,8,REGIONAL 5,KEDIRI,KEDIRI,MJT,,,2023-08-30 18:03:49,44590,2022,1,NON TITO,,,JAWA TIMUR,0.625,YELLOW,1165156682,AREA 3,JATIM,MADIUN,KEDIRI,,,0,0,0,JAWA TIMUR,KOTA KEDIRI,MOJOROTO,DERMO,KEDIRI
4391371624,,ODP-GUR-FJ/23,-7.780759,112.073148,,,4,4,0,0,8,REGIONAL 5,KEDIRI,KEDIRI,GUR,,,2023-08-30 18:09:03,43805,2019,12,NON TITO,,,JAWA TIMUR,0.5,YELLOW,788130734,AREA 3,JATIM,MADIUN,KEDIRI,,,0,0,0,JAWA TIMUR,KEDIRI,PAGU,WATES,KEDIRI
3755369343,,ODP-KDI-FBE/02,-7.831835,112.029114,,,2,6,0,0,8,REGIONAL 5,KEDIRI,KEDIRI,KDI,,,2023-08-30 18:04:47,43676,2019,7,NON TITO,,,JAWA TIMUR,0.75,YELLOW,640426353,AREA 3,JATIM,MADIUN,KEDIRI,,,0,0,0,JAWA TIMUR,KOTA KEDIRI,PESANTREN,BANARAN,KEDIRI
3665519233,,ODP-KDI-FBM/08,-7.815984,112.018825,,,3,5,0,0,8,REGIONAL 5,KEDIRI,KEDIRI,KDI,,,2023-08-30 18:04:16,43641,2019,6,NON TITO,,,JAWA TIMUR,0.625,YELLOW,631444714,AREA 3,JATIM,MADIUN,KEDIRI,,,0,0,0,JAWA TIMUR,KOTA KEDIRI,KOTA,DANDANGAN,KEDIRI
3298545260,,ODP-MJT-FAF/10,-7.809232,111.975104,,,2,6,0,0,8,REGIONAL 5,KEDIRI,KEDIRI,MJT,,,2023-08-30 18:03:13,43495,2019,1,NON TITO,,,JAWA TIMUR,0.75,YELLOW,521570302,AREA 3,JATIM,MADIUN,KEDIRI,,,0,0,0,JAWA TIMUR,KOTA KEDIRI,MOJOROTO,POJOK,KEDIRI
3229248675,,ODP-NDL-FD/52,-7.93262,111.953796,,,2,6,0,0,8,REGIONAL 5,KEDIRI,KEDIRI,NDL,,,2023-08-30 17:59:42,43475,2019,1,NON TITO,,,JAWA TIMUR,0.75,YELLOW,448222688,AREA 3,JATIM,MADIUN,KEDIRI,,,0,0,0,JAWA TIMUR,KEDIRI,KRAS,JAMBEAN,KEDIRI
3220096146,,ODP-GUR-FH/22,-7.764298,112.088474,,,8,8,0,0,16,REGIONAL 5,KEDIRI,KEDIRI,GUR,,,2023-08-30 18:04:17,43462,2018,12,NON TITO,,,JAWA TIMUR,0.5,YELLOW,408399246,AREA 3,JATIM,MADIUN,KEDIRI,,,0,0,0,JAWA TIMUR,KEDIRI,PAGU,PAGU,KEDIRI
3209969688,,ODP-PPR-FF/25,-7.700587,112.095066,,,3,5,0,0,8,REGIONAL 5,KEDIRI,KEDIRI,PPR,,,2023-08-30 18:00:13,43456,2018,12,NON TITO,,,JAWA TIMUR,0.625,YELLOW,407374015,AREA 3,JATIM,MADIUN,KEDIRI,,,0,0,0,JAWA TIMUR,KEDIRI,PAPAR,PAPAR,KEDIRI
3073321421,,ODP-MJT-FC/24,-7.750242,111.972108,,,2,6,0,0,8,REGIONAL 5,KEDIRI,KEDIRI,MJT,,,2023-08-30 18:06:12,43412,2018,11,NON TITO,,,JAWA TIMUR,0.75,YELLOW,406109239,AREA 3,JATIM,MADIUN,KEDIRI,,,0,0,0,JAWA TIMUR,KEDIRI,GROGOL,SONOREJO,KEDIRI
3074671196,,ODP-KDI-FBH/25,-7.812626,112.053865,,,7,9,0,0,16,REGIONAL 5,KEDIRI,KEDIRI,KDI,,,2023-08-30 18:01:24,43411,2018,11,NON TITO,,,JAWA TIMUR,0.5625,YELLOW,406105902,AREA 3,JATIM,MADIUN,KEDIRI,,,0,0,0,JAWA TIMUR,KEDIRI,NGASEM,PARON,KEDIRI
2965919066,,ODP-KDI-FAY/01,-7.84068,112.029809,,,2,6,0,0,8,REGIONAL 5,KEDIRI,KEDIRI,KDI,,,2023-08-30 17:58:35,43370,2018,9,NON TITO,,,JAWA TIMUR,0.75,YELLOW,404404433,AREA 3,JATIM,MADIUN,KEDIRI,,,0,0,0,JAWA TIMUR,KOTA KEDIRI,KOTA,NGRONGGO,KEDIRI
2877268949,,ODP-KDI-FAH/36,-7.815586,112.008622,,,2,6,0,0,8,REGIONAL 5,KEDIRI,KEDIRI,KDI,,,2023-08-30 18:10:04,43348,2018,9,NON TITO,,,JAWA TIMUR,0.75,YELLOW,390013265,AREA 3,JATIM,MADIUN,KEDIRI,,,0,0,0,JAWA TIMUR,KOTA KEDIRI,KOTA,PAKELAN,KEDIRI
2877268723,,ODP-KDI-FAH/43,-7.820767,112.012795,,,3,5,0,0,8,REGIONAL 5,KEDIRI,KEDIRI,KDI,,,2023-08-30 18:04:35,43348,2018,9,NON TITO,,,JAWA TIMUR,0.625,YELLOW,390013107,AREA 3,JATIM,MADIUN,KEDIRI,,,0,0,0,JAWA TIMUR,KOTA KEDIRI,KOTA,SETONOPANDE,KEDIRI
2861596904,,ODP-KDI-FAJ/55,-7.812291,112.008976,,,4,4,0,0,8,REGIONAL 5,KEDIRI,KEDIRI,KDI,,,2023-08-30 18:07:27,43347,2018,9,NON TITO,,,JAWA TIMUR,0.5,YELLOW,389863800,AREA 3,JATIM,MADIUN,KEDIRI,,,0,0,0,JAWA TIMUR,KOTA KEDIRI,KOTA,POCANAN,KEDIRI
2877719160,,ODP-KDI-FBH/15,-7.809106,112.057302,,,3,5,0,0,8,REGIONAL 5,KEDIRI,KEDIRI,KDI,,,2023-08-30 18:05:11,43349,2018,9,NON TITO,,,JAWA TIMUR,0.625,YELLOW,389842965,AREA 3,JATIM,MADIUN,KEDIRI,,,0,0,0,JAWA TIMUR,KEDIRI,NGASEM,PARON,KEDIRI
2877643636,,ODP-KDI-FBD/05,-7.836271,112.018695,,,3,5,0,0,8,REGIONAL 5,KEDIRI,KEDIRI,KDI,,,2023-08-30 18:00:01,43348,2018,9,NON TITO,,,JAWA TIMUR,0.625,YELLOW,389835548,AREA 3,JATIM,MADIUN,KEDIRI,,,0,0,0,JAWA TIMUR,KOTA KEDIRI,KOTA,KALIOMBO,KEDIRI
2618368879,,ODP-MJT-FAP/03,-7.81441,111.982832,,,2,5,0,0,8,REGIONAL 5,KEDIRI,KEDIRI,MJT,,,2023-08-30 18:01:04,43273,2018,6,NON TITO,,,JAWA TIMUR,0.625,YELLOW,361432649,AREA 3,JATIM,MADIUN,KEDIRI,,,0,0,0,JAWA TIMUR,KOTA KEDIRI,MOJOROTO,POJOK,KEDIRI
2514869431,,ODP-MJT-FM/55,-7.817344,112.002087,,,2,6,0,0,8,REGIONAL 5,KEDIRI,KEDIRI,MJT,,,2023-08-30 18:09:10,43241,2018,5,NON TITO,,,JAWA TIMUR,0.75,YELLOW,354279601,AREA 3,JATIM,MADIUN,KEDIRI,,,0,0,0,JAWA TIMUR,KOTA KEDIRI,MOJOROTO,BANDAR LOR,KEDIRI
4392793945,,ODP-NDL-FG/31,-7.877614,111.996936,,,6,10,0,0,16,REGIONAL 5,KEDIRI,KEDIRI,NDL,,,2023-08-30 17:58:28,43803,2019,12,NON TITO,,,JAWA TIMUR,0.625,YELLOW,789166681,AREA 3,JATIM,MADIUN,KEDIRI,,,0,0,0,JAWA TIMUR,KEDIRI,NGADILUWIH,REMBANG,KEDIRI
4391371363,,ODP-GUR-FJ/17,-7.780261,112.077341,,,2,6,0,0,8,REGIONAL 5,KEDIRI,KEDIRI,GUR,,,2023-08-30 18:08:28,43805,2019,12,NON TITO,,,JAWA TIMUR,0.75,YELLOW,789178809,AREA 3,JATIM,MADIUN,KEDIRI,,,0,0,0,JAWA TIMUR,KEDIRI,PAGU,MENANG,KEDIRI
4463594306,,ODP-KDI-FAQ/25,-7.791165,112.027685,,,3,5,0,0,8,REGIONAL 5,KEDIRI,KEDIRI,KDI,,,2023-08-30 18:06:06,43844,2020,1,NON TITO,,,JAWA TIMUR,0.625,YELLOW,789801547,AREA 3,JATIM,MADIUN,KEDIRI,,,0,0,0,JAWA TIMUR,KEDIRI,NGASEM,KWADUNGAN,KEDIRI
4818868531,,ODP-GUR-FC/17,-7.821705,112.104257,,,3,5,0,0,8,REGIONAL 5,KEDIRI,KEDIRI,GUR,,,2023-08-30 18:08:12,43930,2020,4,NON TITO,,,JAWA TIMUR,0.625,YELLOW,827917320,AREA 3,JATIM,MADIUN,KEDIRI,,,0,0,0,JAWA TIMUR,KEDIRI,GURAH,BESUK,KEDIRI
8242561409,,ODP-KDI-FAB/41,-7.797566,112.007305,,,2,5,0,0,8,REGIONAL 5,KEDIRI,KEDIRI,KDI,,,2023-08-30 18:06:45,44544,2021,12,NON TITO,,,JAWA TIMUR,0.625,YELLOW,1162627994,AREA 3,JATIM,MADIUN,KEDIRI,,,0,0,0,JAWA TIMUR,KOTA KEDIRI,KOTA,SEMAMPIR,KEDIRI
8141668593,,ODP-PAE-FL/59,-7.775253,112.195562,,,4,4,0,0,8,REGIONAL 5,KEDIRI,KEDIRI,PAE,,,2023-08-30 18:08:11,44519,2021,11,NON TITO,,,JAWA TIMUR,0.5,YELLOW,1123545332,AREA 3,JATIM,MADIUN,KEDIRI,,,0,0,0,JAWA TIMUR,KEDIRI,PARE,PARE,KEDIRI
8113918657,,ODP-PAE-FM/65,-7.767313,112.19556,,,2,6,0,0,8,REGIONAL 5,KEDIRI,KEDIRI,PAE,,,2023-08-30 18:06:48,44516,2021,11,NON TITO,,,JAWA TIMUR,0.75,YELLOW,1114893977,AREA 3,JATIM,MADIUN,KEDIRI,,,0,0,0,JAWA TIMUR,KEDIRI,PARE,PARE,KEDIRI
8061494457,,ODP-NDL-FL/28,-7.904666,112.002305,,,2,6,0,0,8,REGIONAL 5,KEDIRI,KEDIRI,NDL,,,2023-08-30 18:01:59,44510,2021,11,NON TITO,,,JAWA TIMUR,0.75,YELLOW,1114852368,AREA 3,JATIM,MADIUN,KEDIRI,,,0,0,0,JAWA TIMUR,KEDIRI,NGADILUWIH,PURWOKERTO,KEDIRI
7690469635,,ODP-PPR-FE/52,-7.723163,112.062118,,,4,4,0,0,8,REGIONAL 5,KEDIRI,KEDIRI,PPR,,,2023-08-30 18:00:33,44460,2021,9,NON TITO,,,JAWA TIMUR,0.5,YELLOW,1051282605,AREA 3,JATIM,MADIUN,KEDIRI,,,0,0,0,JAWA TIMUR,KEDIRI,PAPAR,MINGGIRAN,KEDIRI
7438018716,,ODP-MJT-FAP/13,-7.822058,111.966342,,,6,10,0,0,16,REGIONAL 5,KEDIRI,KEDIRI,MJT,,,2023-08-30 17:58:09,44427,2021,8,NON TITO,,,JAWA TIMUR,0.625,YELLOW,1012770078,AREA 3,JATIM,MADIUN,KEDIRI,,,0,0,0,JAWA TIMUR,KOTA KEDIRI,MOJOROTO,POJOK,KEDIRI
7375093785,,ODP-KDI-FAQ/32,-7.787766,112.026952,,,4,4,0,0,8,REGIONAL 5,KEDIRI,KEDIRI,KDI,,,2023-08-30 18:08:52,44419,2021,8,NON TITO,,,JAWA TIMUR,0.5,YELLOW,970845825,AREA 3,JATIM,MADIUN,KEDIRI,,,0,0,0,JAWA TIMUR,KEDIRI,NGASEM,KWADUNGAN,KEDIRI
7274518705,,ODP-MJT-FAL/04,-7.849812,111.984089,,,2,6,0,0,8,REGIONAL 5,KEDIRI,KEDIRI,MJT,,,2023-08-30 18:00:18,44408,2021,7,NON TITO,,,JAWA TIMUR,0.75,YELLOW,956449956,AREA 3,JATIM,MADIUN,KEDIRI,,,0,0,0,JAWA TIMUR,KEDIRI,SEMEN,SIDOMULYO,KEDIRI
121233159,,ODP-KDI-FAK/35,-7.8059,112.014,,,5,11,0,0,16,REGIONAL 5,KEDIRI,KEDIRI,KDI,,,2024-03-16 23:28:11,42423,2016,2,NON TITO,,,JAWA TIMUR,0.6875,YELLOW,6634903,AREA 3,JATIM,MADIUN,KEDIRI,,,0,0,0,JAWA TIMUR,KOTA KEDIRI,KOTA,BALOWERTI,KEDIRI
7195018557,,ODP-NDL-FL/27,-7.896987,111.996268,,,4,4,0,0,8,REGIONAL 5,KEDIRI,KEDIRI,NDL,,,2023-08-30 17:59:49,44397,2021,7,NON TITO,,,JAWA TIMUR,0.5,YELLOW,951285866,AREA 3,JATIM,MADIUN,KEDIRI,,,0,0,0,JAWA TIMUR,KEDIRI,NGADILUWIH,PURWOKERTO,KEDIRI
5918369228,,ODP-PAE-FL/46,-7.772389,112.195987,,,2,6,0,0,8,REGIONAL 5,KEDIRI,KEDIRI,PAE,,,2023-08-30 18:05:34,44223,2021,1,NON TITO,,,JAWA TIMUR,0.75,YELLOW,860677749,AREA 3,JATIM,MADIUN,KEDIRI,,,0,0,0,JAWA TIMUR,KEDIRI,PARE,PARE,KEDIRI
5884169239,,ODP-KDI-FAS/50,-7.799938,112.037444,,,7,8,0,0,16,REGIONAL 5,KEDIRI,KEDIRI,KDI,,,2023-08-30 18:02:30,44211,2021,1,NON TITO,,,JAWA TIMUR,0.5,YELLOW,859912344,AREA 3,JATIM,MADIUN,KEDIRI,,,0,0,0,JAWA TIMUR,KEDIRI,NGASEM,KARANGREJO,KEDIRI
5795369265,,ODP-NDL-FH/29,-7.91477,111.98482,,,6,10,0,0,16,REGIONAL 5,KEDIRI,KEDIRI,NDL,,,2023-08-30 18:04:14,44187,2020,12,NON TITO,,,JAWA TIMUR,0.625,YELLOW,858510950,AREA 3,JATIM,MADIUN,KEDIRI,,,0,0,0,JAWA TIMUR,KEDIRI,NGADILUWIH,BRANGGAHAN,KEDIRI
5712868732,,ODP-PAE-FZ/18,-7.714072,112.205864,,,4,4,0,0,8,REGIONAL 5,KEDIRI,KEDIRI,PAE,,,2023-08-30 18:10:20,44166,2020,12,NON TITO,,,JAWA TIMUR,0.5,YELLOW,857529775,AREA 3,JATIM,MADIUN,KEDIRI,,,0,0,0,JAWA TIMUR,KEDIRI,BADAS,BADAS,KEDIRI
5656468644,,ODP-KAA-FB/67,-7.746317,112.279823,,,3,5,0,0,8,REGIONAL 5,KEDIRI,KEDIRI,KAA,,,2023-08-30 18:10:09,44143,2020,11,NON TITO,,,JAWA TIMUR,0.625,YELLOW,856388679,AREA 3,JATIM,MADIUN,KEDIRI,,,0,0,0,JAWA TIMUR,KEDIRI,KANDANGAN,KANDANGAN,KEDIRI
5065019415,,ODP-PPR-FH/11,-7.702387,112.14059,,,2,6,0,0,8,REGIONAL 5,KEDIRI,KEDIRI,PPR,,,2023-08-30 18:09:03,43994,2020,6,NON TITO,,,JAWA TIMUR,0.75,YELLOW,830722556,AREA 3,JATIM,MADIUN,KEDIRI,,,0,0,0,JAWA TIMUR,KEDIRI,PLEMAHAN,NGINO,KEDIRI
4853443548,,ODP-MJT-FT/07,-7.820656,111.934553,,,3,5,0,0,8,REGIONAL 5,KEDIRI,KEDIRI,MJT,,,2023-08-30 18:09:28,43942,2020,4,NON TITO,,,JAWA TIMUR,0.625,YELLOW,828360586,AREA 3,JATIM,MADIUN,KEDIRI,,,0,0,0,JAWA TIMUR,KEDIRI,SEMEN,PAGUNG,KEDIRI
4853368655,,ODP-NDL-FK/05,-7.907703,112.034292,,,2,6,0,0,8,REGIONAL 5,KEDIRI,KEDIRI,NDL,,,2023-08-30 18:09:25,43941,2020,4,NON TITO,,,JAWA TIMUR,0.75,YELLOW,828359742,AREA 3,JATIM,MADIUN,KEDIRI,,,0,0,0,JAWA TIMUR,KEDIRI,KANDAT,RINGINSARI,KEDIRI
6329370600,,ODP-GUR-FC/21,-7.819842,112.105049,,,3,5,0,0,8,REGIONAL 5,KEDIRI,KEDIRI,GUR,,,2023-08-30 18:05:50,44301,2021,4,NON TITO,,,JAWA TIMUR,0.625,YELLOW,871769540,AREA 3,JATIM,MADIUN,KEDIRI,,,0,0,0,JAWA TIMUR,KEDIRI,GURAH,BESUK,KEDIRI
121233174,,ODP-KDI-FZ/16,-7.8228,112.0186,,,7,7,0,0,16,REGIONAL 5,KEDIRI,KEDIRI,KDI,,,2024-03-16 23:28:49,42423,2016,2,NON TITO,,,JAWA TIMUR,0.4375,YELLOW,6634914,AREA 3,JATIM,MADIUN,KEDIRI,,,0,0,0,JAWA TIMUR,KOTA KEDIRI,KOTA,SETONOPANDE,KEDIRI
121233194,,ODP-KDI-FZ/17,-7.8237,112.0184,,,5,11,0,0,16,REGIONAL 5,KEDIRI,KEDIRI,KDI,,,2024-03-16 23:28:22,42423,2016,2,NON TITO,,,JAWA TIMUR,0.6875,YELLOW,6634930,AREA 3,JATIM,MADIUN,KEDIRI,,,0,0,0,JAWA TIMUR,KOTA KEDIRI,KOTA KEDIRI,SETONO PANDE,KEDIRI
121233235,,ODP-KDI-FX/08,-7.8441,112.0247,,,2,6,0,0,8,REGIONAL 5,KEDIRI,KEDIRI,KDI,,,2024-03-16 23:28:49,42423,2016,2,NON TITO,,,JAWA TIMUR,0.75,YELLOW,6634961,AREA 3,JATIM,MADIUN,KEDIRI,,,0,0,0,JAWA TIMUR,KOTA KEDIRI,KOTA KEDIRI,NGRONGGO,KEDIRI
130591272,,ODP-MJT-FF/21,-7.781,112.0039,,,3,5,0,0,8,REGIONAL 5,KEDIRI,KEDIRI,MJT,,,2024-03-16 23:25:22,42427,2016,2,NON TITO,,,JAWA TIMUR,0.625,YELLOW,7827217,AREA 3,JATIM,MADIUN,KEDIRI,,,0,0,0,JAWA TIMUR,KOTA KEDIRI,MOJOROTO,MRICAN,KEDIRI
130591222,,ODP-MJT-FL/05,-7.8043,111.9988,,,1,6,0,0,8,REGIONAL 5,KEDIRI,KEDIRI,MJT,,,2024-03-16 23:26:48,42427,2016,2,NON TITO,,,JAWA TIMUR,0.75,YELLOW,7827186,AREA 3,JATIM,MADIUN,KEDIRI,,,0,0,0,JAWA TIMUR,KOTA KEDIRI,MOJOROTO,MOJOROTO,KEDIRI
130591205,,ODP-PAE-FCLH/05,-7.7665,112.1969,,,7,8,0,0,16,REGIONAL 5,KEDIRI,KEDIRI,PAE,,,2024-03-16 23:26:47,42427,2016,2,NON TITO,,,JAWA TIMUR,0.5,YELLOW,7827175,AREA 3,JATIM,MADIUN,KEDIRI,,,0,0,0,JAWA TIMUR,KEDIRI,PARE,PARE,KEDIRI
130591131,,ODP-MJT-FM/28,-7.8213,112.0011,,,5,10,0,0,16,REGIONAL 5,KEDIRI,KEDIRI,MJT,,,2024-03-16 23:26:59,42427,2016,2,NON TITO,,,JAWA TIMUR,0.625,YELLOW,7827128,AREA 3,JATIM,MADIUN,KEDIRI,,,0,0,0,JAWA TIMUR,KOTA KEDIRI,MOJOROTO,BANDAR LOR,KEDIRI
130591128,,ODP-MJT-FE/04,-7.7656,111.9797,,,3,12,0,0,16,REGIONAL 5,KEDIRI,KEDIRI,MJT,,,2024-03-16 23:26:56,42427,2016,2,NON TITO,,,JAWA TIMUR,0.75,YELLOW,7827125,AREA 3,JATIM,MADIUN,KEDIRI,,,0,0,0,JAWA TIMUR,KEDIRI,BANYAKAN,BANYARKAN,KEDIRI
130591088,,ODP-MJT-FCLJ/01,-7.808,112.0047,,,8,8,0,0,16,REGIONAL 5,KEDIRI,KEDIRI,MJT,,,2024-03-16 23:27:06,42427,2016,2,NON TITO,,,JAWA TIMUR,0.5,YELLOW,7827099,AREA 3,JATIM,MADIUN,KEDIRI,,,0,0,0,JAWA TIMUR,KOTA KEDIRI,MOJOROTO,MOJOROTO,KEDIRI
130591069,,ODP-MJT-FF/13,-7.7897,111.999,,,2,5,0,0,8,REGIONAL 5,KEDIRI,KEDIRI,MJT,,,2024-03-16 23:26:42,42427,2016,2,NON TITO,,,JAWA TIMUR,0.625,YELLOW,7827089,AREA 3,JATIM,MADIUN,KEDIRI,,,0,0,0,JAWA TIMUR,KOTA KEDIRI,MOJOROTO,NGAMPEL,KEDIRI
130591015,,ODP-MJT-FM/21,-7.8181,112.0024,,,6,9,0,0,16,REGIONAL 5,KEDIRI,KEDIRI,MJT,,,2024-03-16 23:26:42,42427,2016,2,NON TITO,,,JAWA TIMUR,0.5625,YELLOW,7827053,AREA 3,JATIM,MADIUN,KEDIRI,,,0,0,0,JAWA TIMUR,KOTA KEDIRI,MOJOROTO,BANDAR LOR,KEDIRI
130590995,,ODP-MJT-FK/14,-7.797083,111.996347,,,7,9,0,0,16,REGIONAL 5,KEDIRI,KEDIRI,MJT,,,2024-03-16 23:26:17,42427,2016,2,NON TITO,,,JAWA TIMUR,0.5625,YELLOW,7827039,AREA 3,JATIM,MADIUN,KEDIRI,,,0,0,0,JAWA TIMUR,KOTA KEDIRI,MOJOROTO,NGAMPEL,KEDIRI
130590955,,ODP-MJT-FE/10,-7.7729,111.9781,,,7,9,0,0,16,REGIONAL 5,KEDIRI,KEDIRI,MJT,,,2024-03-16 23:26:48,42427,2016,2,NON TITO,,,JAWA TIMUR,0.5625,YELLOW,7827016,AREA 3,JATIM,MADIUN,KEDIRI,,,0,0,0,JAWA TIMUR,KEDIRI,BANYAKAN,BANYARKAN,KEDIRI
130590843,,ODP-MJT-FE/07,-7.778062,111.961586,,,5,10,0,0,16,REGIONAL 5,KEDIRI,KEDIRI,MJT,,,2024-03-16 23:26:49,42427,2016,2,NON TITO,,,JAWA TIMUR,0.625,YELLOW,7826941,AREA 3,JATIM,MADIUN,KEDIRI,,,0,0,0,JAWA TIMUR,KEDIRI,BANYAKAN,MARON,KEDIRI
130590830,,ODP-MJT-FL/07,-7.8088,112.0018,,,8,8,0,0,16,REGIONAL 5,KEDIRI,KEDIRI,MJT,,,2024-03-16 23:26:55,42427,2016,2,NON TITO,,,JAWA TIMUR,0.5,YELLOW,7826933,AREA 3,JATIM,MADIUN,KEDIRI,,,0,0,0,JAWA TIMUR,KOTA KEDIRI,MOJOROTO,MOJOROTO,KEDIRI
130590801,,ODP-PAE-FM/10,-7.775424,112.199471,,,5,11,0,0,16,REGIONAL 5,KEDIRI,KEDIRI,PAE,,,2024-03-16 23:25:54,42427,2016,2,NON TITO,,,JAWA TIMUR,0.6875,YELLOW,7826919,AREA 3,JATIM,MADIUN,KEDIRI,,,0,0,0,JAWA TIMUR,KEDIRI,PARE,PARE,KEDIRI
130590799,,ODP-MJT-FL/10,-7.8014,112.0048,,,6,10,0,0,16,REGIONAL 5,KEDIRI,KEDIRI,MJT,,,2024-03-16 23:26:08,42427,2016,2,NON TITO,,,JAWA TIMUR,0.625,YELLOW,7826917,AREA 3,JATIM,MADIUN,KEDIRI,,,0,0,0,JAWA TIMUR,KOTA KEDIRI,MOJOROTO,MOJOROTO,KEDIRI
130590769,,ODP-MJT-FM/19,-7.8185,112.0023,,,4,12,0,0,16,REGIONAL 5,KEDIRI,KEDIRI,MJT,,,2024-03-16 23:26:53,42427,2016,2,NON TITO,,,JAWA TIMUR,0.75,YELLOW,7826897,AREA 3,JATIM,MADIUN,KEDIRI,,,0,0,0,JAWA TIMUR,KOTA KEDIRI,MOJOROTO,BANDAR LOR,KEDIRI
130590657,,ODP-MJT-FCLG/01,-7.813,112.0057,,,6,8,0,0,16,REGIONAL 5,KEDIRI,KEDIRI,MJT,,,2024-03-16 23:26:48,42427,2016,2,NON TITO,,,JAWA TIMUR,0.5,YELLOW,7826825,AREA 3,JATIM,MADIUN,KEDIRI,,,0,0,0,JAWA TIMUR,KOTA KEDIRI,MOJOROTO,BANDAR LOR,KEDIRI
130590656,,ODP-MJT-FL/15,-7.8086,112.0016,,,4,10,2,0,16,REGIONAL 5,KEDIRI,KEDIRI,MJT,,,2024-03-16 23:26:10,42427,2016,2,NON TITO,,,JAWA TIMUR,0.625,YELLOW,7826824,AREA 3,JATIM,MADIUN,KEDIRI,,,0,0,0,JAWA TIMUR,KOTA KEDIRI,MOJOROTO,MOJOROTO,KEDIRI
130591291,,ODP-PAE-FA/29,-7.7684,112.1876,,,3,5,0,0,8,REGIONAL 5,KEDIRI,KEDIRI,PAE,,,2024-03-16 23:26:54,42427,2016,2,NON TITO,,,JAWA TIMUR,0.625,YELLOW,7827229,AREA 3,JATIM,MADIUN,KEDIRI,,,0,0,0,JAWA TIMUR,KEDIRI,PARE,TULUNGREJO,KEDIRI
130590632,,ODP-MJT-FCLJ/04,-7.8032,112.0029,,,9,7,0,0,16,REGIONAL 5,KEDIRI,KEDIRI,MJT,,,2024-03-16 23:26:50,42427,2016,2,NON TITO,,,JAWA TIMUR,0.4375,YELLOW,7826809,AREA 3,JATIM,MADIUN,KEDIRI,,,0,0,0,JAWA TIMUR,KOTA KEDIRI,MOJOROTO,MOJOROTO,KEDIRI
130591402,,ODP-PAE-FF/17,-7.761379,112.17257,,,6,10,0,0,16,REGIONAL 5,KEDIRI,KEDIRI,PAE,,,2024-03-16 23:26:46,42427,2016,2,NON TITO,,,JAWA TIMUR,0.625,YELLOW,7827301,AREA 3,JATIM,MADIUN,KEDIRI,,,0,0,0,JAWA TIMUR,KEDIRI,PARE,PELEM,KEDIRI
130591548,,ODP-MJT-FM/26,-7.8155,112.0037,,,4,9,0,0,16,REGIONAL 5,KEDIRI,KEDIRI,MJT,,,2024-03-16 23:26:50,42427,2016,2,NON TITO,,,JAWA TIMUR,0.5625,YELLOW,7827397,AREA 3,JATIM,MADIUN,KEDIRI,,,0,0,0,JAWA TIMUR,KOTA KEDIRI,MOJOROTO,BANDAR LOR,KEDIRI
130593321,,ODP-PAE-FA/20,-7.7558,112.1828,,,8,7,0,0,16,REGIONAL 5,KEDIRI,KEDIRI,PAE,,,2024-03-16 23:27:23,42427,2016,2,NON TITO,,,JAWA TIMUR,0.4375,YELLOW,7828479,AREA 3,JATIM,MADIUN,KEDIRI,,,0,0,0,JAWA TIMUR,KEDIRI,PARE,TULUNGREJO,KEDIRI
130593284,,ODP-PAE-FM/26,-7.770944,112.196315,,,9,7,0,0,16,REGIONAL 5,KEDIRI,KEDIRI,PAE,,,2024-03-16 23:27:38,42427,2016,2,NON TITO,,,JAWA TIMUR,0.4375,YELLOW,7828457,AREA 3,JATIM,MADIUN,KEDIRI,,,0,0,0,JAWA TIMUR,KEDIRI,PARE,PARE,KEDIRI
130593227,,ODP-PAE-FH/04,-7.75055,112.19905,,,2,6,0,0,8,REGIONAL 5,KEDIRI,KEDIRI,PAE,,,2024-03-16 23:27:16,42427,2016,2,NON TITO,,,JAWA TIMUR,0.75,YELLOW,7828423,AREA 3,JATIM,MADIUN,KEDIRI,,,0,0,0,JAWA TIMUR,KEDIRI,PARE,TULUNGREJO,KEDIRI
130593169,,ODP-PAE-FF/09,-7.7538,112.1778,,,7,8,0,0,16,REGIONAL 5,KEDIRI,KEDIRI,PAE,,,2024-03-16 23:27:19,42427,2016,2,NON TITO,,,JAWA TIMUR,0.5,YELLOW,7828390,AREA 3,JATIM,MADIUN,KEDIRI,,,0,0,0,JAWA TIMUR,KEDIRI,PARE,PELEM,KEDIRI
130593158,,ODP-PAE-FM/12,-7.77196,112.199459,,,7,9,0,0,16,REGIONAL 5,KEDIRI,KEDIRI,PAE,,,2024-03-16 23:27:15,42427,2016,2,NON TITO,,,JAWA TIMUR,0.5625,YELLOW,7828382,AREA 3,JATIM,MADIUN,KEDIRI,,,0,0,0,JAWA TIMUR,KEDIRI,PARE,PARE,KEDIRI
130592776,,ODP-PAE-FA/21,-7.7565,112.18554,,,4,12,0,0,16,REGIONAL 5,KEDIRI,KEDIRI,PAE,,,2024-03-16 23:27:13,42427,2016,2,NON TITO,,,JAWA TIMUR,0.75,YELLOW,7828151,AREA 3,JATIM,MADIUN,KEDIRI,,,0,0,0,JAWA TIMUR,KEDIRI,PARE,TULUNGREJO,KEDIRI
130592647,,ODP-PAE-FF/03,-7.755557,112.179223,,,8,7,0,0,16,REGIONAL 5,KEDIRI,KEDIRI,PAE,,,2024-03-16 23:27:15,42427,2016,2,NON TITO,,,JAWA TIMUR,0.4375,YELLOW,7828072,AREA 3,JATIM,MADIUN,KEDIRI,,,0,0,0,JAWA TIMUR,KEDIRI,PARE,TULUNGREJO,KEDIRI
130592460,,ODP-PAE-FCLJ/05,-7.7685,112.1994,,,4,4,0,0,8,REGIONAL 5,KEDIRI,KEDIRI,PAE,,,2024-03-16 23:26:19,42427,2016,2,NON TITO,,,JAWA TIMUR,0.5,YELLOW,7827959,AREA 3,JATIM,MADIUN,KEDIRI,,,0,0,0,JAWA TIMUR,KEDIRI,PARE,PARE,KEDIRI
130592382,,ODP-PAE-FCLJ/06,-7.7684,112.1977,,,2,6,0,0,8,REGIONAL 5,KEDIRI,KEDIRI,PAE,,,2024-03-16 23:27:08,42427,2016,2,NON TITO,,,JAWA TIMUR,0.75,YELLOW,7827913,AREA 3,JATIM,MADIUN,KEDIRI,,,0,0,0,JAWA TIMUR,KEDIRI,PARE,PARE,KEDIRI
130592352,,ODP-PAE-FCLJ/04,-7.7691,112.20111,,,6,9,0,0,16,REGIONAL 5,KEDIRI,KEDIRI,PAE,,,2024-03-16 23:27:07,42427,2016,2,NON TITO,,,JAWA TIMUR,0.5625,YELLOW,7827896,AREA 3,JATIM,MADIUN,KEDIRI,,,0,0,0,JAWA TIMUR,KEDIRI,PARE,PARE,KEDIRI
130592198,,ODP-PAE-FM/11,-7.77369,112.199438,,,5,11,0,0,16,REGIONAL 5,KEDIRI,KEDIRI,PAE,,,2024-03-16 23:27:01,42427,2016,2,NON TITO,,,JAWA TIMUR,0.6875,YELLOW,7827804,AREA 3,JATIM,MADIUN,KEDIRI,,,0,0,0,JAWA TIMUR,KEDIRI,PARE,PARE,KEDIRI
130592124,,ODP-PAE-FF/14,-7.766731,112.164666,,,3,5,0,0,8,REGIONAL 5,KEDIRI,KEDIRI,PAE,,,2024-03-16 23:26:21,42427,2016,2,NON TITO,,,JAWA TIMUR,0.625,YELLOW,7827757,AREA 3,JATIM,MADIUN,KEDIRI,,,0,0,0,JAWA TIMUR,KEDIRI,PARE,PELEM,KEDIRI
130592052,,ODP-PAE-FCLH/03,-7.7648,112.1971,,,9,7,0,0,16,REGIONAL 5,KEDIRI,KEDIRI,PAE,,,2024-03-16 23:27:13,42427,2016,2,NON TITO,,,JAWA TIMUR,0.4375,YELLOW,7827715,AREA 3,JATIM,MADIUN,KEDIRI,,,0,0,0,JAWA TIMUR,KEDIRI,PARE,PARE,KEDIRI
130591837,,ODP-PAE-FCLH/06,-7.7673,112.1968,,,2,6,0,0,8,REGIONAL 5,KEDIRI,KEDIRI,PAE,,,2024-03-16 23:27:15,42427,2016,2,NON TITO,,,JAWA TIMUR,0.75,YELLOW,7827580,AREA 3,JATIM,MADIUN,KEDIRI,,,0,0,0,JAWA TIMUR,KEDIRI,PARE,PARE,KEDIRI
130591700,,ODP-MJT-FK/17,-7.803556,111.993444,,,4,12,0,0,16,REGIONAL 5,KEDIRI,KEDIRI,MJT,,,2024-03-16 23:26:09,42427,2016,2,NON TITO,,,JAWA TIMUR,0.75,YELLOW,7827487,AREA 3,JATIM,MADIUN,KEDIRI,,,0,0,0,JAWA TIMUR,KOTA KEDIRI,MOJOROTO,BUJEL,KEDIRI
130591644,,ODP-PAE-FA/32,-7.7657,112.184,,,3,4,0,0,8,REGIONAL 5,KEDIRI,KEDIRI,PAE,,,2024-03-16 23:26:16,42427,2016,2,NON TITO,,,JAWA TIMUR,0.5,YELLOW,7827457,AREA 3,JATIM,MADIUN,KEDIRI,,,0,0,0,JAWA TIMUR,KEDIRI,PARE,TULUNGREJO,KEDIRI
130591624,,ODP-MJT-FCLF/01,-7.8132,111.9937,,,6,10,0,0,16,REGIONAL 5,KEDIRI,KEDIRI,MJT,,,2024-03-16 23:26:21,42427,2016,2,NON TITO,,,JAWA TIMUR,0.625,YELLOW,7827445,AREA 3,JATIM,MADIUN,KEDIRI,,,0,0,0,JAWA TIMUR,KOTA KEDIRI,MOJOROTO,SUKORAME,KEDIRI
130591483,,ODP-PAE-FF/13,-7.7668,112.1647,,,3,5,0,0,8,REGIONAL 5,KEDIRI,KEDIRI,PAE,,,2024-03-16 23:26:53,42427,2016,2,NON TITO,,,JAWA TIMUR,0.625,YELLOW,7827351,AREA 3,JATIM,MADIUN,KEDIRI,,,0,0,0,JAWA TIMUR,KEDIRI,PARE,PELEM,KEDIRI
130593457,,ODP-PAE-FF/04,-7.7566,112.1814,,,5,10,0,0,16,REGIONAL 5,KEDIRI,KEDIRI,PAE,,,2024-03-16 23:27:20,42427,2016,2,NON TITO,,,JAWA TIMUR,0.625,YELLOW,7828554,AREA 3,JATIM,MADIUN,KEDIRI,,,0,0,0,JAWA TIMUR,KEDIRI,PARE,TULUNGREJO,KEDIRI
130590589,,ODP-MJT-FL/20,-7.7993,112.0021,,,2,6,0,0,8,REGIONAL 5,KEDIRI,KEDIRI,MJT,,,2024-03-16 23:26:31,42427,2016,2,NON TITO,,,JAWA TIMUR,0.75,YELLOW,7826782,AREA 3,JATIM,MADIUN,KEDIRI,,,0,0,0,JAWA TIMUR,KOTA KEDIRI,MOJOROTO,MOJOROTO,KEDIRI
130590561,,ODP-MJT-FCLF/06,-7.8127,112.0007,,,6,9,0,0,16,REGIONAL 5,KEDIRI,KEDIRI,MJT,,,2024-03-16 23:25:45,42427,2016,2,NON TITO,,,JAWA TIMUR,0.5625,YELLOW,7826764,AREA 3,JATIM,MADIUN,KEDIRI,,,0,0,0,JAWA TIMUR,KOTA KEDIRI,MOJOROTO,BANDAR LOR,KEDIRI
130589734,,ODP-MJT-FC/06,-7.752,111.9729,,,8,7,0,0,16,REGIONAL 5,KEDIRI,KEDIRI,MJT,,,2024-03-16 23:26:43,42427,2016,2,NON TITO,,,JAWA TIMUR,0.4375,YELLOW,7826243,AREA 3,JATIM,MADIUN,KEDIRI,,,0,0,0,JAWA TIMUR,KEDIRI,GROGOL,SONOREJO,KEDIRI
130589717,,ODP-KAA-FD/20,-7.7562,112.273,,,6,10,0,0,16,REGIONAL 5,KEDIRI,KEDIRI,KAA,,,2024-03-16 23:26:31,42427,2016,2,NON TITO,,,JAWA TIMUR,0.625,YELLOW,7826233,AREA 3,JATIM,MADIUN,KEDIRI,,,0,0,0,JAWA TIMUR,KEDIRI,KANDANGAN,KLAMPISAN,KEDIRI
130589624,,ODP-KAA-FB/07,-7.734096,112.278204,,,7,9,0,0,16,REGIONAL 5,KEDIRI,KEDIRI,KAA,,,2024-03-16 23:26:31,42427,2016,2,NON TITO,,,JAWA TIMUR,0.5625,YELLOW,7826173,AREA 3,JATIM,MADIUN,KEDIRI,,,0,0,0,JAWA TIMUR,KEDIRI,KANDANGAN,KASREMAN,KEDIRI
130589536,,ODP-KAA-FD/15,-7.7458,112.261,,,4,4,0,0,8,REGIONAL 5,KEDIRI,KEDIRI,KAA,,,2024-03-16 23:26:26,42427,2016,2,NON TITO,,,JAWA TIMUR,0.5,YELLOW,7826118,AREA 3,JATIM,MADIUN,KEDIRI,,,0,0,0,JAWA TIMUR,KEDIRI,KANDANGAN,KEMIRI,KEDIRI
130589476,,ODP-KAA-FC/02,-7.7713,112.2954,,,5,9,0,0,16,REGIONAL 5,KEDIRI,KEDIRI,KAA,,,2024-03-16 23:26:11,42427,2016,2,NON TITO,,,JAWA TIMUR,0.5625,YELLOW,7826078,AREA 3,JATIM,MADIUN,KEDIRI,,,0,0,0,JAWA TIMUR,MALANG,KASEMBON,SUKOSARI,KEDIRI
130589306,,ODP-KAA-FB/12,-7.7503,112.28031,,,9,7,0,0,16,REGIONAL 5,KEDIRI,KEDIRI,KAA,,,2024-03-16 23:25:38,42427,2016,2,NON TITO,,,JAWA TIMUR,0.4375,YELLOW,7825971,AREA 3,JATIM,MADIUN,KEDIRI,,,0,0,0,JAWA TIMUR,KEDIRI,KANDANGAN,KANDANGAN,KEDIRI
130589304,,ODP-KAA-FB/13,-7.750463,112.280423,,,9,7,0,0,16,REGIONAL 5,KEDIRI,KEDIRI,KAA,,,2024-03-16 23:26:27,42427,2016,2,NON TITO,,,JAWA TIMUR,0.4375,YELLOW,7825969,AREA 3,JATIM,MADIUN,KEDIRI,,,0,0,0,JAWA TIMUR,KEDIRI,KANDANGAN,KANDANGAN,KEDIRI
130589256,,ODP-KAA-FD/19,-7.7566,112.2536,,,4,4,0,0,8,REGIONAL 5,KEDIRI,KEDIRI,KAA,,,2024-03-16 23:26:19,42427,2016,2,NON TITO,,,JAWA TIMUR,0.5,YELLOW,7825938,AREA 3,JATIM,MADIUN,KEDIRI,,,0,0,0,JAWA TIMUR,KEDIRI,KANDANGAN,KLAMPISAN,KEDIRI
130589246,,ODP-KAA-FB/16,-7.753723,112.281624,,,8,8,0,0,16,REGIONAL 5,KEDIRI,KEDIRI,KAA,,,2024-03-16 23:26:31,42427,2016,2,NON TITO,,,JAWA TIMUR,0.5,YELLOW,7825934,AREA 3,JATIM,MADIUN,KEDIRI,,,0,0,0,JAWA TIMUR,KEDIRI,KANDANGAN,KANDANGAN,KEDIRI
130589183,,ODP-KAA-FD/14,-7.7471,112.2573,,,2,6,0,0,8,REGIONAL 5,KEDIRI,KEDIRI,KAA,,,2024-03-16 23:25:53,42427,2016,2,NON TITO,,,JAWA TIMUR,0.75,YELLOW,7825893,AREA 3,JATIM,MADIUN,KEDIRI,,,0,0,0,JAWA TIMUR,KEDIRI,KANDANGAN,KARANGTENGAH,KEDIRI
130589144,,ODP-KAA-FC/20,-7.7602,112.2877,,,2,6,0,0,8,REGIONAL 5,KEDIRI,KEDIRI,KAA,,,2024-03-16 23:26:26,42427,2016,2,NON TITO,,,JAWA TIMUR,0.75,YELLOW,7825871,AREA 3,JATIM,MADIUN,KEDIRI,,,0,0,0,JAWA TIMUR,KEDIRI,KANDANGAN,KANDANGAN,KEDIRI
130589117,,ODP-KAA-FD/07,-7.7659,112.2787,,,3,5,0,0,8,REGIONAL 5,KEDIRI,KEDIRI,KAA,,,2024-03-16 23:26:02,42427,2016,2,NON TITO,,,JAWA TIMUR,0.625,YELLOW,7825852,AREA 3,JATIM,MADIUN,KEDIRI,,,0,0,0,JAWA TIMUR,KEDIRI,KEPUNG,DAMARWULAN,KEDIRI
130589053,,ODP-KAA-FC/11,-7.7537,112.2854,,,8,8,0,0,16,REGIONAL 5,KEDIRI,KEDIRI,KAA,,,2024-03-16 23:26:21,42427,2016,2,NON TITO,,,JAWA TIMUR,0.5,YELLOW,7825814,AREA 3,JATIM,MADIUN,KEDIRI,,,0,0,0,JAWA TIMUR,KEDIRI,KANDANGAN,KANDANGAN,KEDIRI
130587222,,ODP-WAT-FB/12,-7.9216,112.1285,,,4,4,0,0,8,REGIONAL 5,KEDIRI,KEDIRI,WAT,,,2024-03-16 23:25:54,42427,2016,2,NON TITO,,,JAWA TIMUR,0.5,YELLOW,7824503,AREA 3,JATIM,MADIUN,KEDIRI,,,0,0,0,JAWA TIMUR,KEDIRI,WATES,TAWANG,KEDIRI
130587066,,ODP-WAT-FB/18,-7.9136,112.13,,,2,6,0,0,8,REGIONAL 5,KEDIRI,KEDIRI,WAT,,,2024-03-16 23:25:47,42427,2016,2,NON TITO,,,JAWA TIMUR,0.75,YELLOW,7824386,AREA 3,JATIM,MADIUN,KEDIRI,,,0,0,0,JAWA TIMUR,KEDIRI,WATES,TAWANG,KEDIRI
130587055,,ODP-WAT-FB/07,-7.923259,112.1351,,,5,11,0,0,16,REGIONAL 5,KEDIRI,KEDIRI,WAT,,,2024-03-16 23:26:07,42427,2016,2,NON TITO,,,JAWA TIMUR,0.6875,YELLOW,7824377,AREA 3,JATIM,MADIUN,KEDIRI,,,0,0,0,JAWA TIMUR,KEDIRI,WATES,TAWANG,KEDIRI
130586901,,ODP-WAT-FA/21,-7.9246,112.1269,,,3,4,0,0,8,REGIONAL 5,KEDIRI,KEDIRI,WAT,,,2024-03-16 23:25:40,42427,2016,2,NON TITO,,,JAWA TIMUR,0.5,YELLOW,7824269,AREA 3,JATIM,MADIUN,KEDIRI,,,0,0,0,JAWA TIMUR,KEDIRI,WATES,TAWANG,KEDIRI
130589769,,ODP-KAA-FD/17,-7.7352,112.2645,,,3,5,0,0,8,REGIONAL 5,KEDIRI,KEDIRI,KAA,,,2024-03-16 23:26:31,42427,2016,2,NON TITO,,,JAWA TIMUR,0.625,YELLOW,7826265,AREA 3,JATIM,MADIUN,KEDIRI,,,0,0,0,JAWA TIMUR,KEDIRI,KANDANGAN,KASREMAN,KEDIRI
130590567,,ODP-MJT-FE/09,-7.7752,111.9706,,,5,11,0,0,16,REGIONAL 5,KEDIRI,KEDIRI,MJT,,,2024-03-16 23:25:52,42427,2016,2,NON TITO,,,JAWA TIMUR,0.6875,YELLOW,7826768,AREA 3,JATIM,MADIUN,KEDIRI,,,0,0,0,JAWA TIMUR,KEDIRI,BANYAKAN,MARON,KEDIRI
130589844,,ODP-MJT-FK/21,-7.804619,111.991586,,,2,6,0,0,8,REGIONAL 5,KEDIRI,KEDIRI,MJT,,,2024-03-16 23:26:17,42427,2016,2,NON TITO,,,JAWA TIMUR,0.75,YELLOW,7826307,AREA 3,JATIM,MADIUN,KEDIRI,,,0,0,0,JAWA TIMUR,KOTA KEDIRI,MOJOROTO,BUJEL,KEDIRI
130589852,,ODP-MJT-FW/02,-7.8484,111.971,,,6,10,0,0,16,REGIONAL 5,KEDIRI,KEDIRI,MJT,,,2024-03-16 23:26:42,42427,2016,2,NON TITO,,,JAWA TIMUR,0.625,YELLOW,7826314,AREA 3,JATIM,MADIUN,KEDIRI,,,0,0,0,JAWA TIMUR,KEDIRI,SEMEN,PUHRUBUH,KEDIRI
130590458,,ODP-MJT-FK/12,-7.8101,111.9835,,,5,7,0,0,16,REGIONAL 5,KEDIRI,KEDIRI,MJT,,,2024-03-16 23:26:48,42427,2016,2,NON TITO,,,JAWA TIMUR,0.4375,YELLOW,7826700,AREA 3,JATIM,MADIUN,KEDIRI,,,0,0,0,JAWA TIMUR,KOTA KEDIRI,MOJOROTO,SUKORAME,KEDIRI
130590456,,ODP-MJT-FM/22,-7.8187,112.0013,,,5,11,0,0,16,REGIONAL 5,KEDIRI,KEDIRI,MJT,,,2024-03-16 23:26:42,42427,2016,2,NON TITO,,,JAWA TIMUR,0.6875,YELLOW,7826698,AREA 3,JATIM,MADIUN,KEDIRI,,,0,0,0,JAWA TIMUR,KOTA KEDIRI,MOJOROTO,BANDAR LOR,KEDIRI
130590317,,ODP-MJT-FQ/06,-7.8273,112.003,,,6,9,0,0,16,REGIONAL 5,KEDIRI,KEDIRI,MJT,,,2024-03-16 23:26:19,42427,2016,2,NON TITO,,,JAWA TIMUR,0.5625,YELLOW,7826610,AREA 3,JATIM,MADIUN,KEDIRI,,,0,0,0,JAWA TIMUR,KOTA KEDIRI,MOJOROTO,BANDAR LOR,KEDIRI
130590259,,ODP-MJT-FW/01,-7.8483,111.9679,,,4,11,1,0,16,REGIONAL 5,KEDIRI,KEDIRI,MJT,,,2024-03-16 23:26:02,42427,2016,2,NON TITO,,,JAWA TIMUR,0.6875,YELLOW,7826575,AREA 3,JATIM,MADIUN,KEDIRI,,,0,0,0,JAWA TIMUR,KEDIRI,SEMEN,PUHRUBUH,KEDIRI
130590225,,ODP-MJT-FL/12,-7.8038,112.0046,,,4,12,0,0,16,REGIONAL 5,KEDIRI,KEDIRI,MJT,,,2024-03-16 23:25:39,42427,2016,2,NON TITO,,,JAWA TIMUR,0.75,YELLOW,7826554,AREA 3,JATIM,MADIUN,KEDIRI,,,0,0,0,JAWA TIMUR,KOTA KEDIRI,MOJOROTO,MOJOROTO,KEDIRI
130590124,,ODP-KAA-FB/20,-7.759138,112.279217,,,3,5,0,0,8,REGIONAL 5,KEDIRI,KEDIRI,KAA,,,2024-03-16 23:26:41,42427,2016,2,NON TITO,,,JAWA TIMUR,0.625,YELLOW,7826491,AREA 3,JATIM,MADIUN,KEDIRI,,,0,0,0,JAWA TIMUR,KEDIRI,KANDANGAN,KANDANGAN,KEDIRI
130590119,,ODP-MJT-FE/05,-7.7731,111.985,,,7,9,0,0,16,REGIONAL 5,KEDIRI,KEDIRI,MJT,,,2024-03-16 23:26:46,42427,2016,2,NON TITO,,,JAWA TIMUR,0.5625,YELLOW,7826487,AREA 3,JATIM,MADIUN,KEDIRI,,,0,0,0,JAWA TIMUR,KEDIRI,BANYAKAN,MANYARAN,KEDIRI
130590094,,ODP-MJT-FCLJ/07,-7.8025,111.9992,,,2,5,0,0,8,REGIONAL 5,KEDIRI,KEDIRI,MJT,,,2024-03-16 23:26:44,42427,2016,2,NON TITO,,,JAWA TIMUR,0.625,YELLOW,7826471,AREA 3,JATIM,MADIUN,KEDIRI,,,0,0,0,JAWA TIMUR,KOTA KEDIRI,MOJOROTO,MOJOROTO,KEDIRI
130590092,,ODP-MJT-FCLF/05,-7.8138,112.0004,,,1,4,0,0,8,REGIONAL 5,KEDIRI,KEDIRI,MJT,,,2024-03-16 23:26:42,42427,2016,2,NON TITO,,,JAWA TIMUR,0.5,YELLOW,7826469,AREA 3,JATIM,MADIUN,KEDIRI,,,0,0,0,JAWA TIMUR,KOTA KEDIRI,MOJOROTO,BANDAR LOR,KEDIRI
130590071,,ODP-MJT-FU/03,-7.8328,111.9496,,,2,6,0,0,8,REGIONAL 5,KEDIRI,KEDIRI,MJT,,,2024-03-16 23:25:28,42427,2016,2,NON TITO,,,JAWA TIMUR,0.75,YELLOW,7826453,AREA 3,JATIM,MADIUN,KEDIRI,,,0,0,0,JAWA TIMUR,KEDIRI,SEMEN,PUHSARANG,KEDIRI
130590027,,ODP-KAA-FB/08,-7.7375,112.27851,,,3,4,0,0,8,REGIONAL 5,KEDIRI,KEDIRI,KAA,,,2024-03-16 23:26:31,42427,2016,2,NON TITO,,,JAWA TIMUR,0.5,YELLOW,7826426,AREA 3,JATIM,MADIUN,KEDIRI,,,0,0,0,JAWA TIMUR,KEDIRI,KANDANGAN,KASREMAN,KEDIRI
130589999,,ODP-KAA-FB/11,-7.7496,112.281,,,6,10,0,0,16,REGIONAL 5,KEDIRI,KEDIRI,KAA,,,2024-03-16 23:26:29,42427,2016,2,NON TITO,,,JAWA TIMUR,0.625,YELLOW,7826410,AREA 3,JATIM,MADIUN,KEDIRI,,,0,0,0,JAWA TIMUR,KEDIRI,KANDANGAN,KANDANGAN,KEDIRI
130589995,,ODP-KAA-FC/04,-7.7687,112.2908,,,6,10,0,0,16,REGIONAL 5,KEDIRI,KEDIRI,KAA,,,2024-03-16 23:26:31,42427,2016,2,NON TITO,,,JAWA TIMUR,0.625,YELLOW,7826407,AREA 3,JATIM,MADIUN,KEDIRI,,,0,0,0,JAWA TIMUR,KEDIRI,KANDANGAN,KANDANGAN,KEDIRI
130589976,,ODP-MJT-FF/22,-7.7864,111.9835,,,1,6,0,0,8,REGIONAL 5,KEDIRI,KEDIRI,MJT,,,2024-03-16 23:26:30,42427,2016,2,NON TITO,,,JAWA TIMUR,0.75,YELLOW,7826395,AREA 3,JATIM,MADIUN,KEDIRI,,,0,0,0,JAWA TIMUR,KOTA KEDIRI,MOJOROTO,GAYAM,KEDIRI
130589932,,ODP-MJT-FM/33,-7.823831,112.005933,,,3,5,0,0,8,REGIONAL 5,KEDIRI,KEDIRI,MJT,,,2024-03-16 23:26:45,42427,2016,2,NON TITO,,,JAWA TIMUR,0.625,YELLOW,7826367,AREA 3,JATIM,MADIUN,KEDIRI,,,0,0,0,JAWA TIMUR,KOTA KEDIRI,MOJOROTO,BANDAR LOR,KEDIRI
130589924,,ODP-KAA-FC/16,-7.7571,112.2838,,,4,12,0,0,16,REGIONAL 5,KEDIRI,KEDIRI,KAA,,,2024-03-16 23:26:46,42427,2016,2,NON TITO,,,JAWA TIMUR,0.75,YELLOW,7826359,AREA 3,JATIM,MADIUN,KEDIRI,,,0,0,0,JAWA TIMUR,KEDIRI,KANDANGAN,KANDANGAN,KEDIRI
130589917,,ODP-MJT-FL/14,-7.8067,112.0023,,,3,4,0,0,8,REGIONAL 5,KEDIRI,KEDIRI,MJT,,,2024-03-16 23:26:55,42427,2016,2,NON TITO,,,JAWA TIMUR,0.5,YELLOW,7826352,AREA 3,JATIM,MADIUN,KEDIRI,,,0,0,0,JAWA TIMUR,KOTA KEDIRI,MOJOROTO,MOJOROTO,KEDIRI
130589847,,ODP-MJT-FP/13,-7.8233,111.9978,,,6,10,0,0,16,REGIONAL 5,KEDIRI,KEDIRI,MJT,,,2024-03-16 23:25:38,42427,2016,2,NON TITO,,,JAWA TIMUR,0.625,YELLOW,7826310,AREA 3,JATIM,MADIUN,KEDIRI,,,0,0,0,JAWA TIMUR,KOTA KEDIRI,MOJOROTO,LIRBOYO,KEDIRI
130593757,,ODP-PAE-FCLP/04,-7.7806,112.193,,,3,5,0,0,8,REGIONAL 5,KEDIRI,KEDIRI,PAE,,,2024-03-16 23:27:57,42427,2016,2,NON TITO,,,JAWA TIMUR,0.625,YELLOW,7828729,AREA 3,JATIM,MADIUN,KEDIRI,,,0,0,0,JAWA TIMUR,KEDIRI,PARE,GEDANGSEWU,KEDIRI
130655373,,ODP-MJT-FJ/04,-7.8179,111.981,,,4,4,0,0,8,REGIONAL 5,KEDIRI,KEDIRI,MJT,,,2024-03-16 23:26:42,42427,2016,2,NON TITO,,,JAWA TIMUR,0.5,YELLOW,7894029,AREA 3,JATIM,MADIUN,KEDIRI,,,0,0,0,JAWA TIMUR,KOTA KEDIRI,MOJOROTO,POJOK,KEDIRI
130655520,,ODP-MJT-FK/07,-7.8105,111.9967,,,3,5,0,0,8,REGIONAL 5,KEDIRI,KEDIRI,MJT,,,2024-03-16 23:26:29,42427,2016,2,NON TITO,,,JAWA TIMUR,0.625,YELLOW,7894150,AREA 3,JATIM,MADIUN,KEDIRI,,,0,0,0,JAWA TIMUR,KOTA KEDIRI,MOJOROTO,MOJOROTO,KEDIRI
130661417,,ODP-WAT-FB/26,-7.9217,112.1276,,,9,7,0,0,16,REGIONAL 5,KEDIRI,KEDIRI,WAT,,,2024-03-16 23:28:13,42427,2016,2,NON TITO,,,JAWA TIMUR,0.4375,YELLOW,7898743,AREA 3,JATIM,MADIUN,KEDIRI,,,0,0,0,JAWA TIMUR,KEDIRI,WATES,TAWANG,KEDIRI
130661132,,ODP-NDL-FA/20,-7.8971,111.9913,,,9,7,0,0,16,REGIONAL 5,KEDIRI,KEDIRI,NDL,,,2024-03-16 23:28:09,42427,2016,2,NON TITO,,,JAWA TIMUR,0.4375,YELLOW,7898536,AREA 3,JATIM,MADIUN,KEDIRI,,,0,0,0,JAWA TIMUR,KEDIRI,NGADILUWIH,PURWOKERTO,KEDIRI
130661090,,ODP-WAT-FB/24,-7.9206,112.1279,,,3,4,0,0,8,REGIONAL 5,KEDIRI,KEDIRI,WAT,,,2024-03-16 23:28:09,42427,2016,2,NON TITO,,,JAWA TIMUR,0.5,YELLOW,7898504,AREA 3,JATIM,MADIUN,KEDIRI,,,0,0,0,JAWA TIMUR,KEDIRI,WATES,TAWANG,KEDIRI
130660961,,ODP-WAT-FA/03,-7.9085,112.1163,,,2,5,0,0,8,REGIONAL 5,KEDIRI,KEDIRI,WAT,,,2024-03-16 23:28:07,42427,2016,2,NON TITO,,,JAWA TIMUR,0.625,YELLOW,7898410,AREA 3,JATIM,MADIUN,KEDIRI,,,0,0,0,JAWA TIMUR,KEDIRI,WATES,WATES,KEDIRI
130660867,,ODP-GUR-FA/09,-7.8094,112.0864,,,7,9,0,0,16,REGIONAL 5,KEDIRI,KEDIRI,GUR,,,2024-03-16 23:27:21,42427,2016,2,NON TITO,,,JAWA TIMUR,0.5625,YELLOW,7898342,AREA 3,JATIM,MADIUN,KEDIRI,,,0,0,0,JAWA TIMUR,KEDIRI,GURAH,GURAH,KEDIRI
130660852,,ODP-NDL-FB/20,-7.9047,112.0349,,,6,9,0,0,16,REGIONAL 5,KEDIRI,KEDIRI,NDL,,,2024-03-16 23:27:49,42427,2016,2,NON TITO,,,JAWA TIMUR,0.5625,YELLOW,7898331,AREA 3,JATIM,MADIUN,KEDIRI,,,0,0,0,JAWA TIMUR,KEDIRI,KANDAT,RINGINSARI,KEDIRI
130660851,,ODP-NDL-FB/19,-7.9009,112.0343,,,2,6,0,0,8,REGIONAL 5,KEDIRI,KEDIRI,NDL,,,2024-03-16 23:28:00,42427,2016,2,NON TITO,,,JAWA TIMUR,0.75,YELLOW,7898330,AREA 3,JATIM,MADIUN,KEDIRI,,,0,0,0,JAWA TIMUR,KEDIRI,KANDAT,RINGINSARI,KEDIRI
130660684,,ODP-WAT-FA/09,-7.9172,112.1265,,,3,5,0,0,8,REGIONAL 5,KEDIRI,KEDIRI,WAT,,,2024-03-16 23:27:56,42427,2016,2,NON TITO,,,JAWA TIMUR,0.625,YELLOW,7898208,AREA 3,JATIM,MADIUN,KEDIRI,,,0,0,0,JAWA TIMUR,KEDIRI,WATES,WATES,KEDIRI
130660619,,ODP-NDL-FA/29,-7.9152,111.9812,,,5,8,3,0,16,REGIONAL 5,KEDIRI,KEDIRI,NDL,,,2024-03-16 23:27:58,42427,2016,2,NON TITO,,,JAWA TIMUR,0.5,YELLOW,7898160,AREA 3,JATIM,MADIUN,KEDIRI,,,0,0,0,JAWA TIMUR,KEDIRI,NGADILUWIH,BRANGGAHAN,KEDIRI
130660519,,ODP-NDL-FA/28,-7.9175,111.98,,,3,5,0,0,8,REGIONAL 5,KEDIRI,KEDIRI,NDL,,,2024-03-16 23:26:54,42427,2016,2,NON TITO,,,JAWA TIMUR,0.625,YELLOW,7898089,AREA 3,JATIM,MADIUN,KEDIRI,,,0,0,0,JAWA TIMUR,KEDIRI,NGADILUWIH,TALES,KEDIRI
130660518,,ODP-WAT-FCLF/03,-7.8928,112.0998,,,7,7,0,0,16,REGIONAL 5,KEDIRI,KEDIRI,WAT,,,2024-03-16 23:27:55,42427,2016,2,NON TITO,,,JAWA TIMUR,0.4375,YELLOW,7898088,AREA 3,JATIM,MADIUN,KEDIRI,,,0,0,0,JAWA TIMUR,KEDIRI,WATES,WONOREJO,KEDIRI
130660477,,ODP-NDL-FB/06,-7.8715,112.029,,,4,4,0,0,8,REGIONAL 5,KEDIRI,KEDIRI,NDL,,,2024-03-16 23:27:57,42427,2016,2,NON TITO,,,JAWA TIMUR,0.5,YELLOW,7898062,AREA 3,JATIM,MADIUN,KEDIRI,,,0,0,0,JAWA TIMUR,KEDIRI,KANDAT,BLABAK,KEDIRI
130660410,,ODP-NDL-FA/15,-7.8911,111.9946,,,4,4,0,0,8,REGIONAL 5,KEDIRI,KEDIRI,NDL,,,2024-03-16 23:27:41,42427,2016,2,NON TITO,,,JAWA TIMUR,0.5,YELLOW,7898014,AREA 3,JATIM,MADIUN,KEDIRI,,,0,0,0,JAWA TIMUR,KEDIRI,NGADILUWIH,PURWOKERTO,KEDIRI
130660363,,ODP-NDL-FA/36,-7.905,111.9869,,,1,6,0,0,8,REGIONAL 5,KEDIRI,KEDIRI,NDL,,,2024-03-16 23:27:10,42427,2016,2,NON TITO,,,JAWA TIMUR,0.75,YELLOW,7897982,AREA 3,JATIM,MADIUN,KEDIRI,,,0,0,0,JAWA TIMUR,KEDIRI,NGADILUWIH,BRANGGAHAN,KEDIRI
130660361,,ODP-NDL-FA/40,-7.8985,111.9906,,,7,8,0,0,16,REGIONAL 5,KEDIRI,KEDIRI,NDL,,,2024-03-16 23:27:57,42427,2016,2,NON TITO,,,JAWA TIMUR,0.5,YELLOW,7897980,AREA 3,JATIM,MADIUN,KEDIRI,,,0,0,0,JAWA TIMUR,KEDIRI,NGADILUWIH,PURWOKERTO,KEDIRI
130660332,,ODP-GUR-FB/04,-7.8163,112.0667,,,4,12,0,0,16,REGIONAL 5,KEDIRI,KEDIRI,GUR,,,2024-03-16 23:26:41,42427,2016,2,NON TITO,,,JAWA TIMUR,0.75,YELLOW,7897957,AREA 3,JATIM,MADIUN,KEDIRI,,,0,0,0,JAWA TIMUR,KEDIRI,NGASEM,SUMBEREJO,KEDIRI
130660276,,ODP-NDL-FD/05,-7.8937,111.9677,,,5,11,0,0,16,REGIONAL 5,KEDIRI,KEDIRI,NDL,,,2024-03-16 23:27:17,42427,2016,2,NON TITO,,,JAWA TIMUR,0.6875,YELLOW,7897918,AREA 3,JATIM,MADIUN,KEDIRI,,,0,0,0,JAWA TIMUR,KEDIRI,MOJO,MLATI,KEDIRI
130661438,,ODP-WAT-FB/03,-7.9298,112.1545,,,4,12,0,0,16,REGIONAL 5,KEDIRI,KEDIRI,WAT,,,2024-03-16 23:28:25,42427,2016,2,NON TITO,,,JAWA TIMUR,0.75,YELLOW,7898760,AREA 3,JATIM,MADIUN,KEDIRI,,,0,0,0,JAWA TIMUR,KEDIRI,NGANCAR,PANDANTOYO,KEDIRI
130660261,,ODP-NDL-FB/08,-7.8748,112.0296,,,2,6,0,0,8,REGIONAL 5,KEDIRI,KEDIRI,NDL,,,2024-03-16 23:27:38,42427,2016,2,NON TITO,,,JAWA TIMUR,0.75,YELLOW,7897904,AREA 3,JATIM,MADIUN,KEDIRI,,,0,0,0,JAWA TIMUR,KEDIRI,KANDAT,BLABAK,KEDIRI
130661440,,ODP-WAT-FCLD/04,-7.9418,112.1015,,,1,5,0,0,8,REGIONAL 5,KEDIRI,KEDIRI,WAT,,,2024-03-16 23:28:22,42427,2016,2,NON TITO,,,JAWA TIMUR,0.625,YELLOW,7898762,AREA 3,JATIM,MADIUN,KEDIRI,,,0,0,0,JAWA TIMUR,KEDIRI,WATES,DUWET,KEDIRI
130661536,,ODP-NDL-FA/33,-7.9086,111.9849,,,9,7,0,0,16,REGIONAL 5,KEDIRI,KEDIRI,NDL,,,2024-03-16 23:27:56,42427,2016,2,NON TITO,,,JAWA TIMUR,0.4375,YELLOW,7898830,AREA 3,JATIM,MADIUN,KEDIRI,,,0,0,0,JAWA TIMUR,KEDIRI,NGADILUWIH,BRANGGAHAN,KEDIRI
130664792,,ODP-KAA-FB/19,-7.7581,112.27981,,,2,6,0,0,8,REGIONAL 5,KEDIRI,KEDIRI,KAA,,,2024-03-16 23:28:39,42427,2016,2,NON TITO,,,JAWA TIMUR,0.75,YELLOW,7901182,AREA 3,JATIM,MADIUN,KEDIRI,,,0,0,0,JAWA TIMUR,KEDIRI,KANDANGAN,KANDANGAN,KEDIRI
130664779,,ODP-KAA-FB/14,-7.751581,112.280899,,,8,7,0,0,16,REGIONAL 5,KEDIRI,KEDIRI,KAA,,,2024-03-16 23:28:35,42427,2016,2,NON TITO,,,JAWA TIMUR,0.4375,YELLOW,7901174,AREA 3,JATIM,MADIUN,KEDIRI,,,0,0,0,JAWA TIMUR,KEDIRI,KANDANGAN,KANDANGAN,KEDIRI
130664670,,ODP-KAA-FD/08,-7.7646,112.2778,,,7,9,0,0,16,REGIONAL 5,KEDIRI,KEDIRI,KAA,,,2024-03-16 23:28:26,42427,2016,2,NON TITO,,,JAWA TIMUR,0.5625,YELLOW,7901107,AREA 3,JATIM,MADIUN,KEDIRI,,,0,0,0,JAWA TIMUR,KEDIRI,KEPUNG,DAMARWULAN,KEDIRI
130664665,,ODP-KAA-FC/06,-7.7645,112.2888,,,4,4,0,0,8,REGIONAL 5,KEDIRI,KEDIRI,KAA,,,2024-03-16 23:28:49,42427,2016,2,NON TITO,,,JAWA TIMUR,0.5,YELLOW,7901105,AREA 3,JATIM,MADIUN,KEDIRI,,,0,0,0,JAWA TIMUR,KEDIRI,KANDANGAN,KANDANGAN,KEDIRI
130664654,,ODP-KAA-FD/16,-7.7461,112.2629,,,3,5,0,0,8,REGIONAL 5,KEDIRI,KEDIRI,KAA,,,2024-03-16 23:28:49,42427,2016,2,NON TITO,,,JAWA TIMUR,0.625,YELLOW,7901099,AREA 3,JATIM,MADIUN,KEDIRI,,,0,0,0,JAWA TIMUR,KEDIRI,KANDANGAN,KEMIRI,KEDIRI
130664522,,ODP-KAA-FD/09,-7.7636,112.277,,,2,6,0,0,8,REGIONAL 5,KEDIRI,KEDIRI,KAA,,,2024-03-16 23:28:56,42427,2016,2,NON TITO,,,JAWA TIMUR,0.75,YELLOW,7901019,AREA 3,JATIM,MADIUN,KEDIRI,,,0,0,0,JAWA TIMUR,KEDIRI,KEPUNG,DAMARWULAN,KEDIRI
130663169,,ODP-WAT-FB/23,-7.9195,112.1282,,,3,5,0,0,8,REGIONAL 5,KEDIRI,KEDIRI,WAT,,,2024-03-16 23:28:28,42427,2016,2,NON TITO,,,JAWA TIMUR,0.625,YELLOW,7900039,AREA 3,JATIM,MADIUN,KEDIRI,,,0,0,0,JAWA TIMUR,KEDIRI,WATES,TAWANG,KEDIRI
130663005,,ODP-WAT-FA/02,-7.90265,112.11068,,,4,4,0,0,8,REGIONAL 5,KEDIRI,KEDIRI,WAT,,,2024-03-16 23:28:34,42427,2016,2,NON TITO,,,JAWA TIMUR,0.5,YELLOW,7899915,AREA 3,JATIM,MADIUN,KEDIRI,,,0,0,0,JAWA TIMUR,KEDIRI,WATES,WATES,KEDIRI
130662450,,ODP-NDL-FA/25,-7.9216,111.9776,,,4,4,0,0,8,REGIONAL 5,KEDIRI,KEDIRI,NDL,,,2024-03-16 23:28:22,42427,2016,2,NON TITO,,,JAWA TIMUR,0.5,YELLOW,7899502,AREA 3,JATIM,MADIUN,KEDIRI,,,0,0,0,JAWA TIMUR,KEDIRI,KRAS,JAMBEAN,KEDIRI
130662146,,ODP-NDL-FA/37,-7.9024,111.9883,,,2,6,0,0,8,REGIONAL 5,KEDIRI,KEDIRI,NDL,,,2024-03-16 23:26:56,42427,2016,2,NON TITO,,,JAWA TIMUR,0.75,YELLOW,7899277,AREA 3,JATIM,MADIUN,KEDIRI,,,0,0,0,JAWA TIMUR,KEDIRI,NGADILUWIH,PURWOKERTO,KEDIRI
130662076,,ODP-WAT-FB/20,-7.9162,112.1291,,,4,4,0,0,8,REGIONAL 5,KEDIRI,KEDIRI,WAT,,,2024-03-16 23:27:48,42427,2016,2,NON TITO,,,JAWA TIMUR,0.5,YELLOW,7899227,AREA 3,JATIM,MADIUN,KEDIRI,,,0,0,0,JAWA TIMUR,KEDIRI,WATES,WATES,KEDIRI
130662038,,ODP-WAT-FCLF/02,-7.8919,112.0984,,,4,12,0,0,16,REGIONAL 5,KEDIRI,KEDIRI,WAT,,,2024-03-16 23:27:10,42427,2016,2,NON TITO,,,JAWA TIMUR,0.75,YELLOW,7899201,AREA 3,JATIM,MADIUN,KEDIRI,,,0,0,0,JAWA TIMUR,KEDIRI,WATES,WONOREJO,KEDIRI
130662023,,ODP-WAT-FA/12,-7.917647,112.121193,,,3,5,0,0,8,REGIONAL 5,KEDIRI,KEDIRI,WAT,,,2024-03-16 23:28:14,42427,2016,2,NON TITO,,,JAWA TIMUR,0.625,YELLOW,7899188,AREA 3,JATIM,MADIUN,KEDIRI,,,0,0,0,JAWA TIMUR,KEDIRI,WATES,TAWANG,KEDIRI
130662011,,ODP-NDL-FB/03,-7.8671,112.029,,,2,6,0,0,8,REGIONAL 5,KEDIRI,KEDIRI,NDL,,,2024-03-16 23:26:52,42427,2016,2,NON TITO,,,JAWA TIMUR,0.75,YELLOW,7899180,AREA 3,JATIM,MADIUN,KEDIRI,,,0,0,0,JAWA TIMUR,KEDIRI,KANDAT,BLABAK,KEDIRI
130661873,,ODP-NDL-FA/19,-7.8957,111.9921,,,2,6,0,0,8,REGIONAL 5,KEDIRI,KEDIRI,NDL,,,2024-03-16 23:28:26,42427,2016,2,NON TITO,,,JAWA TIMUR,0.75,YELLOW,7899079,AREA 3,JATIM,MADIUN,KEDIRI,,,0,0,0,JAWA TIMUR,KEDIRI,NGADILUWIH,PURWOKERTO,KEDIRI
130661730,,ODP-WAT-FA/26,-7.9211,112.1267,,,5,10,0,0,16,REGIONAL 5,KEDIRI,KEDIRI,WAT,,,2024-03-16 23:28:07,42427,2016,2,NON TITO,,,JAWA TIMUR,0.625,YELLOW,7898974,AREA 3,JATIM,MADIUN,KEDIRI,,,0,0,0,JAWA TIMUR,KEDIRI,WATES,TAWANG,KEDIRI
130661672,,ODP-NDL-FA/55,-7.912693,111.986864,,,4,4,0,0,8,REGIONAL 5,KEDIRI,KEDIRI,NDL,,,2024-03-16 23:28:13,42427,2016,2,NON TITO,,,JAWA TIMUR,0.5,YELLOW,7898932,AREA 3,JATIM,MADIUN,KEDIRI,,,0,0,0,JAWA TIMUR,KEDIRI,NGADILUWIH,BRANGGAHAN,KEDIRI
130661529,,ODP-WAT-FB/01,-7.9321,112.1793,,,9,7,0,0,16,REGIONAL 5,KEDIRI,KEDIRI,WAT,,,2024-03-16 23:26:58,42427,2016,2,NON TITO,,,JAWA TIMUR,0.4375,YELLOW,7898824,AREA 3,JATIM,MADIUN,KEDIRI,,,0,0,0,JAWA TIMUR,KEDIRI,NGANCAR,NGANCAR,KEDIRI
130660110,,GCL-GUR-F02/06,-7.7903,112.0569,,,4,12,0,0,16,REGIONAL 5,KEDIRI,KEDIRI,GUR,,,2024-03-16 23:27:12,42427,2016,2,NON TITO,,,JAWA TIMUR,0.75,YELLOW,7897793,AREA 3,JATIM,MADIUN,KEDIRI,,,0,0,0,JAWA TIMUR,KEDIRI,NGASEM,TOYORESMI,KEDIRI
130660068,,ODP-NDL-FB/29,-7.9099,112.0339,,,6,10,0,0,16,REGIONAL 5,KEDIRI,KEDIRI,NDL,,,2024-03-16 23:27:07,42427,2016,2,NON TITO,,,JAWA TIMUR,0.625,YELLOW,7897763,AREA 3,JATIM,MADIUN,KEDIRI,,,0,0,0,JAWA TIMUR,KEDIRI,KANDAT,RINGINSARI,KEDIRI
130660006,,ODP-GUR-FC/01,-7.8185,112.1016,,,4,12,0,0,16,REGIONAL 5,KEDIRI,KEDIRI,GUR,,,2024-03-16 23:27:57,42427,2016,2,NON TITO,,,JAWA TIMUR,0.75,YELLOW,7897717,AREA 3,JATIM,MADIUN,KEDIRI,,,0,0,0,JAWA TIMUR,KEDIRI,GURAH,SUMBERCANGKRING,KEDIRI
130657839,,ODP-MJT-FB/03,-7.743473,111.959693,,,5,10,0,0,16,REGIONAL 5,KEDIRI,KEDIRI,MJT,,,2024-03-16 23:26:23,42427,2016,2,NON TITO,,,JAWA TIMUR,0.625,YELLOW,7896019,AREA 3,JATIM,MADIUN,KEDIRI,,,0,0,0,JAWA TIMUR,KEDIRI,GROGOL,CERME,KEDIRI
130657773,,ODP-MJT-FC/02,-7.7472,111.9816,,,4,4,0,0,8,REGIONAL 5,KEDIRI,KEDIRI,MJT,,,2024-03-16 23:27:07,42427,2016,2,NON TITO,,,JAWA TIMUR,0.5,YELLOW,7895967,AREA 3,JATIM,MADIUN,KEDIRI,,,0,0,0,JAWA TIMUR,KEDIRI,GROGOL,SONOREJO,KEDIRI
130657747,,ODP-MJT-FCLF/02,-7.8119,111.9932,,,7,9,0,0,16,REGIONAL 5,KEDIRI,KEDIRI,MJT,,,2024-03-16 23:26:45,42427,2016,2,NON TITO,,,JAWA TIMUR,0.5625,YELLOW,7895948,AREA 3,JATIM,MADIUN,KEDIRI,,,0,0,0,JAWA TIMUR,KOTA KEDIRI,MOJOROTO,SUKORAME,KEDIRI
130657652,,ODP-MJT-FJ/07,-7.8194,111.9798,,,2,6,0,0,8,REGIONAL 5,KEDIRI,KEDIRI,MJT,,,2024-03-16 23:26:29,42427,2016,2,NON TITO,,,JAWA TIMUR,0.75,YELLOW,7895873,AREA 3,JATIM,MADIUN,KEDIRI,,,0,0,0,JAWA TIMUR,KOTA KEDIRI,MOJOROTO,POJOK,KEDIRI
130657639,,ODP-MJT-FF/04,-7.7711,112.0101,,,2,6,0,0,8,REGIONAL 5,KEDIRI,KEDIRI,MJT,,,2024-03-16 23:26:12,42427,2016,2,NON TITO,,,JAWA TIMUR,0.75,YELLOW,7895862,AREA 3,JATIM,MADIUN,KEDIRI,,,0,0,0,JAWA TIMUR,KEDIRI,BANYAKAN,JABON,KEDIRI
130657613,,ODP-GUR-FA/01,-7.809619,112.07718,,,4,12,0,0,16,REGIONAL 5,KEDIRI,KEDIRI,GUR,,,2024-03-16 23:27:11,42427,2016,2,NON TITO,,,JAWA TIMUR,0.75,YELLOW,7895842,AREA 3,JATIM,MADIUN,KEDIRI,,,0,0,0,JAWA TIMUR,KEDIRI,PAGU,WONOSARI,KEDIRI
130657190,,ODP-MJT-FE/01,-7.770803,111.984507,,,3,5,0,0,8,REGIONAL 5,KEDIRI,KEDIRI,MJT,,,2024-03-16 23:26:41,42427,2016,2,NON TITO,,,JAWA TIMUR,0.625,YELLOW,7895500,AREA 3,JATIM,MADIUN,KEDIRI,,,0,0,0,JAWA TIMUR,KEDIRI,BANYAKAN,MANYARAN,KEDIRI
130656879,,ODP-MJT-FF/08,-7.7807,112.0067,,,2,6,0,0,8,REGIONAL 5,KEDIRI,KEDIRI,MJT,,,2024-03-16 23:26:10,42427,2016,2,NON TITO,,,JAWA TIMUR,0.75,YELLOW,7895245,AREA 3,JATIM,MADIUN,KEDIRI,,,0,0,0,JAWA TIMUR,KOTA KEDIRI,MOJOROTO,MRICAN,KEDIRI
130656780,,ODP-MJT-FCLA/01,-7.8179,112.0057,,,9,7,0,0,16,REGIONAL 5,KEDIRI,KEDIRI,MJT,,,2024-03-16 23:26:30,42427,2016,2,NON TITO,,,JAWA TIMUR,0.4375,YELLOW,7895164,AREA 3,JATIM,MADIUN,KEDIRI,,,0,0,0,JAWA TIMUR,KOTA KEDIRI,MOJOROTO,BANDAR LOR,KEDIRI
130656633,,ODP-MJT-FM/06,-7.8149,112.0015,,,2,6,0,0,8,REGIONAL 5,KEDIRI,KEDIRI,MJT,,,2024-03-16 23:26:55,42427,2016,2,NON TITO,,,JAWA TIMUR,0.75,YELLOW,7895050,AREA 3,JATIM,MADIUN,KEDIRI,,,0,0,0,JAWA TIMUR,KOTA KEDIRI,MOJOROTO,BANDAR LOR,KEDIRI
130656552,,ODP-MJT-FJ/06,-7.8164,111.9826,,,2,11,0,0,16,REGIONAL 5,KEDIRI,KEDIRI,MJT,,,2024-03-16 23:25:47,42427,2016,2,NON TITO,,,JAWA TIMUR,0.6875,YELLOW,7894986,AREA 3,JATIM,MADIUN,KEDIRI,,,0,0,0,JAWA TIMUR,KOTA KEDIRI,MOJOROTO,POJOK,KEDIRI
130656362,,ODP-MJT-FM/04,-7.8124,112.0036,,,2,6,0,0,8,REGIONAL 5,KEDIRI,KEDIRI,MJT,,,2024-03-16 23:26:57,42427,2016,2,NON TITO,,,JAWA TIMUR,0.75,YELLOW,7894836,AREA 3,JATIM,MADIUN,KEDIRI,,,0,0,0,JAWA TIMUR,KOTA KEDIRI,MOJOROTO,BANDAR LOR,KEDIRI
130656351,,ODP-MJT-FM/03,-7.8195,111.996,,,4,11,0,0,16,REGIONAL 5,KEDIRI,KEDIRI,MJT,,,2024-03-16 23:26:55,42427,2016,2,NON TITO,,,JAWA TIMUR,0.6875,YELLOW,7894827,AREA 3,JATIM,MADIUN,KEDIRI,,,0,0,0,JAWA TIMUR,KOTA KEDIRI,MOJOROTO,LIRBOYO,KEDIRI
130656298,,ODP-MJT-FH/02,-7.8383,111.99023,,,8,7,0,0,16,REGIONAL 5,KEDIRI,KEDIRI,MJT,,,2024-03-16 23:25:52,42427,2016,2,NON TITO,,,JAWA TIMUR,0.4375,YELLOW,7894783,AREA 3,JATIM,MADIUN,KEDIRI,,,0,0,0,JAWA TIMUR,KOTA KEDIRI,MOJOROTO,BANJARMLATI,KEDIRI
130656204,,ODP-MJT-FK/06,-7.8112,111.9982,,,4,4,0,0,8,REGIONAL 5,KEDIRI,KEDIRI,MJT,,,2024-03-16 23:26:49,42427,2016,2,NON TITO,,,JAWA TIMUR,0.5,YELLOW,7894706,AREA 3,JATIM,MADIUN,KEDIRI,,,0,0,0,JAWA TIMUR,KOTA KEDIRI,MOJOROTO,MOJOROTO,KEDIRI
130655900,,ODP-MJT-FK/03,-7.8113,111.9914,,,4,12,0,0,16,REGIONAL 5,KEDIRI,KEDIRI,MJT,,,2024-03-16 23:26:46,42427,2016,2,NON TITO,,,JAWA TIMUR,0.75,YELLOW,7894456,AREA 3,JATIM,MADIUN,KEDIRI,,,0,0,0,JAWA TIMUR,KOTA KEDIRI,MOJOROTO,SUKORAME,KEDIRI
130655695,,ODP-WAT-FCLK/01,-7.9176,112.1275,,,7,9,0,0,16,REGIONAL 5,KEDIRI,KEDIRI,WAT,,,2024-03-16 23:26:55,42427,2016,2,NON TITO,,,JAWA TIMUR,0.5625,YELLOW,7894290,AREA 3,JATIM,MADIUN,KEDIRI,,,0,0,0,JAWA TIMUR,KEDIRI,WATES,WATES,KEDIRI
130657933,,ODP-MJT-FC/01,-7.7438,111.9885,,,2,6,0,0,8,REGIONAL 5,KEDIRI,KEDIRI,MJT,,,2024-03-16 23:26:41,42427,2016,2,NON TITO,,,JAWA TIMUR,0.75,YELLOW,7896093,AREA 3,JATIM,MADIUN,KEDIRI,,,0,0,0,JAWA TIMUR,KEDIRI,GROGOL,DATENGAN,KEDIRI
130657959,,ODP-MJT-FP/03,-7.8139,112.0044,,,4,4,0,0,8,REGIONAL 5,KEDIRI,KEDIRI,MJT,,,2024-03-16 23:27:01,42427,2016,2,NON TITO,,,JAWA TIMUR,0.5,YELLOW,7896115,AREA 3,JATIM,MADIUN,KEDIRI,,,0,0,0,JAWA TIMUR,KOTA KEDIRI,MOJOROTO,BANDAR LOR,KEDIRI
130658043,,ODP-MJT-FG/13,-7.7756,111.998,,,3,5,0,0,8,REGIONAL 5,KEDIRI,KEDIRI,MJT,,,2024-03-16 23:27:16,42427,2016,2,NON TITO,,,JAWA TIMUR,0.625,YELLOW,7896180,AREA 3,JATIM,MADIUN,KEDIRI,,,0,0,0,JAWA TIMUR,KOTA KEDIRI,MOJOROTO,DERMO,KEDIRI
130658166,,ODP-MJT-FA/04,-7.727,111.9447,,,3,12,0,0,16,REGIONAL 5,KEDIRI,KEDIRI,MJT,,,2024-03-16 23:26:57,42427,2016,2,NON TITO,,,JAWA TIMUR,0.75,YELLOW,7896280,AREA 3,JATIM,MADIUN,KEDIRI,,,0,0,0,JAWA TIMUR,KEDIRI,TAROKAN,KALIBOTO,KEDIRI
130660005,,ODP-GUR-FC/03,-7.8155,112.1024,,,3,5,0,0,8,REGIONAL 5,KEDIRI,KEDIRI,GUR,,,2024-03-16 23:27:58,42427,2016,2,NON TITO,,,JAWA TIMUR,0.625,YELLOW,7897716,AREA 3,JATIM,MADIUN,KEDIRI,,,0,0,0,JAWA TIMUR,KEDIRI,GURAH,SUMBERCANGKRING,KEDIRI
130659976,,ODP-NDL-FB/28,-7.9111,112.0336,,,8,8,0,0,16,REGIONAL 5,KEDIRI,KEDIRI,NDL,,,2024-03-16 23:27:59,42427,2016,2,NON TITO,,,JAWA TIMUR,0.5,YELLOW,7897693,AREA 3,JATIM,MADIUN,KEDIRI,,,0,0,0,JAWA TIMUR,KEDIRI,KANDAT,RINGINSARI,KEDIRI
130659973,,ODP-GUR-FCLB/03,-7.778076,112.082305,,,2,6,0,0,8,REGIONAL 5,KEDIRI,KEDIRI,GUR,,,2024-03-16 23:28:00,42427,2016,2,NON TITO,,,JAWA TIMUR,0.75,YELLOW,7897690,AREA 3,JATIM,MADIUN,KEDIRI,,,0,0,0,JAWA TIMUR,KEDIRI,PAGU,MENANG,KEDIRI
130659455,,ODP-MJT-FG/17,-7.758798,112.003633,,,8,8,0,0,16,REGIONAL 5,KEDIRI,KEDIRI,MJT,,,2024-03-16 23:27:25,42427,2016,2,NON TITO,,,JAWA TIMUR,0.5,YELLOW,7897284,AREA 3,JATIM,MADIUN,KEDIRI,,,0,0,0,JAWA TIMUR,KEDIRI,BANYAKAN,NGABLAK,KEDIRI
130659267,,ODP-MJT-FL/03,-7.8049,111.9998,,,7,9,0,0,16,REGIONAL 5,KEDIRI,KEDIRI,MJT,,,2024-03-16 23:27:20,42427,2016,2,NON TITO,,,JAWA TIMUR,0.5625,YELLOW,7897143,AREA 3,JATIM,MADIUN,KEDIRI,,,0,0,0,JAWA TIMUR,KOTA KEDIRI,MOJOROTO,MOJOROTO,KEDIRI
130659231,,ODP-MJT-FCLJ/06,-7.8027,111.9977,,,5,11,0,0,16,REGIONAL 5,KEDIRI,KEDIRI,MJT,,,2024-03-16 23:27:25,42427,2016,2,NON TITO,,,JAWA TIMUR,0.6875,YELLOW,7897117,AREA 3,JATIM,MADIUN,KEDIRI,,,0,0,0,JAWA TIMUR,KOTA KEDIRI,MOJOROTO,MOJOROTO,KEDIRI
130659187,,ODP-GUR-FA/04,-7.8112,112.082,,,6,10,0,0,16,REGIONAL 5,KEDIRI,KEDIRI,GUR,,,2024-03-16 23:27:06,42427,2016,2,NON TITO,,,JAWA TIMUR,0.625,YELLOW,7897083,AREA 3,JATIM,MADIUN,KEDIRI,,,0,0,0,JAWA TIMUR,KEDIRI,GURAH,GURAH,KEDIRI
130659179,,ODP-PAE-FA/15,-7.75382,112.17781,,,1,6,0,0,8,REGIONAL 5,KEDIRI,KEDIRI,PAE,,,2024-03-16 23:27:21,42427,2016,2,NON TITO,,,JAWA TIMUR,0.75,YELLOW,7897075,AREA 3,JATIM,MADIUN,KEDIRI,,,0,0,0,JAWA TIMUR,KEDIRI,PARE,PELEM,KEDIRI
130586874,,ODP-WAT-FB/10,-7.9223,112.1312,,,5,11,0,0,16,REGIONAL 5,KEDIRI,KEDIRI,WAT,,,2024-03-16 23:25:33,42427,2016,2,NON TITO,,,JAWA TIMUR,0.6875,YELLOW,7824248,AREA 3,JATIM,MADIUN,KEDIRI,,,0,0,0,JAWA TIMUR,KEDIRI,WATES,TAWANG,KEDIRI
130659013,,ODP-MJT-FQ/01,-7.827471,112.001881,,,4,11,0,0,16,REGIONAL 5,KEDIRI,KEDIRI,MJT,,,2024-03-16 23:27:41,42427,2016,2,NON TITO,,,JAWA TIMUR,0.6875,YELLOW,7896947,AREA 3,JATIM,MADIUN,KEDIRI,,,0,0,0,JAWA TIMUR,KOTA KEDIRI,MOJOROTO,BANDAR LOR,KEDIRI
130658964,,ODP-MJT-FCLA/02,-7.8179,112.00496,,,5,11,0,0,16,REGIONAL 5,KEDIRI,KEDIRI,MJT,,,2024-03-16 23:26:40,42427,2016,2,NON TITO,,,JAWA TIMUR,0.6875,YELLOW,7896908,AREA 3,JATIM,MADIUN,KEDIRI,,,0,0,0,JAWA TIMUR,KOTA KEDIRI,MOJOROTO,BANDAR LOR,KEDIRI
130658876,,ODP-KAA-FCLK/01,-7.7611,112.2876,,,4,4,0,0,8,REGIONAL 5,KEDIRI,KEDIRI,KAA,,,2024-03-16 23:27:14,42427,2016,2,NON TITO,,,JAWA TIMUR,0.5,YELLOW,7896838,AREA 3,JATIM,MADIUN,KEDIRI,,,0,0,0,JAWA TIMUR,KEDIRI,KANDANGAN,KANDANGAN,KEDIRI
130658780,,ODP-MJT-FD/02,-7.7574,111.9802,,,4,4,0,0,8,REGIONAL 5,KEDIRI,KEDIRI,MJT,,,2024-03-16 23:27:17,42427,2016,2,NON TITO,,,JAWA TIMUR,0.5,YELLOW,7896763,AREA 3,JATIM,MADIUN,KEDIRI,,,0,0,0,JAWA TIMUR,KEDIRI,GROGOL,BAKALAN,KEDIRI
130658538,,ODP-MJT-FJ/08,-7.8183,111.9803,,,3,5,0,0,8,REGIONAL 5,KEDIRI,KEDIRI,MJT,,,2024-03-16 23:27:22,42427,2016,2,NON TITO,,,JAWA TIMUR,0.625,YELLOW,7896569,AREA 3,JATIM,MADIUN,KEDIRI,,,0,0,0,JAWA TIMUR,KOTA KEDIRI,MOJOROTO,POJOK,KEDIRI
130658495,,ODP-MJT-FG/12,-7.7761,111.9987,,,3,5,0,0,8,REGIONAL 5,KEDIRI,KEDIRI,MJT,,,2024-03-16 23:27:15,42427,2016,2,NON TITO,,,JAWA TIMUR,0.625,YELLOW,7896538,AREA 3,JATIM,MADIUN,KEDIRI,,,0,0,0,JAWA TIMUR,KOTA KEDIRI,MOJOROTO,MRICAN,KEDIRI
130658395,,ODP-KAA-FA/04,-7.7834,112.3111,,,9,7,0,0,16,REGIONAL 5,KEDIRI,KEDIRI,KAA,,,2024-03-16 23:27:06,42427,2016,2,NON TITO,,,JAWA TIMUR,0.4375,YELLOW,7896459,AREA 3,JATIM,MADIUN,KEDIRI,,,0,0,0,JAWA TIMUR,MALANG,KASEMBON,KASEMBON,KEDIRI
130658355,,ODP-MJT-FJ/12,-7.818,111.98657,,,5,11,0,0,16,REGIONAL 5,KEDIRI,KEDIRI,MJT,,,2024-03-16 23:22:34,42427,2016,2,NON TITO,,,JAWA TIMUR,0.6875,YELLOW,7896430,AREA 3,JATIM,MADIUN,KEDIRI,,,0,0,0,JAWA TIMUR,KOTA KEDIRI,MOJOROTO,CAMPUREJO,KEDIRI
130658347,,ODP-MJT-FJ/10,-7.816304,111.980928,,,3,4,0,0,8,REGIONAL 5,KEDIRI,KEDIRI,MJT,,,2024-03-16 23:27:14,42427,2016,2,NON TITO,,,JAWA TIMUR,0.5,YELLOW,7896424,AREA 3,JATIM,MADIUN,KEDIRI,,,0,0,0,JAWA TIMUR,KOTA KEDIRI,MOJOROTO,POJOK,KEDIRI
130658982,,ODP-MJT-FK/16,-7.8016,111.9946,,,5,11,0,0,16,REGIONAL 5,KEDIRI,KEDIRI,MJT,,,2024-03-16 23:27:14,42427,2016,2,NON TITO,,,JAWA TIMUR,0.6875,YELLOW,7896923,AREA 3,JATIM,MADIUN,KEDIRI,,,0,0,0,JAWA TIMUR,KOTA KEDIRI,MOJOROTO,BUJEL,KEDIRI
130664897,,ODP-KAA-FA/05,-7.7818,112.3098,,,3,5,0,0,8,REGIONAL 5,KEDIRI,KEDIRI,KAA,,,2024-03-16 23:28:49,42427,2016,2,NON TITO,,,JAWA TIMUR,0.625,YELLOW,7901245,AREA 3,JATIM,MADIUN,KEDIRI,,,0,0,0,JAWA TIMUR,MALANG,KASEMBON,KASEMBON,KEDIRI
130586705,,ODP-WAT-FB/14,-7.9053,112.1327,,,2,6,0,0,8,REGIONAL 5,KEDIRI,KEDIRI,WAT,,,2024-03-16 23:25:32,42427,2016,2,NON TITO,,,JAWA TIMUR,0.75,YELLOW,7824120,AREA 3,JATIM,MADIUN,KEDIRI,,,0,0,0,JAWA TIMUR,KEDIRI,WATES,TUNGE,KEDIRI
130586612,,ODP-WAT-FB/13,-7.8936,112.14,,,4,12,0,0,16,REGIONAL 5,KEDIRI,KEDIRI,WAT,,,2024-03-16 23:21:07,42427,2016,2,NON TITO,,,JAWA TIMUR,0.75,YELLOW,7824050,AREA 3,JATIM,MADIUN,KEDIRI,,,0,0,0,JAWA TIMUR,KEDIRI,WATES,TEMPUREJO,KEDIRI
121234981,,ODP-KDI-FAD/14,-7.8505,112.0424,,,3,5,0,0,8,REGIONAL 5,KEDIRI,KEDIRI,KDI,,,2024-03-16 23:28:29,42423,2016,2,NON TITO,,,JAWA TIMUR,0.625,YELLOW,6636129,AREA 3,JATIM,MADIUN,KEDIRI,,,0,0,0,JAWA TIMUR,KOTA KEDIRI,PESANTREN,BETET,KEDIRI
121234938,,ODP-KDI-FF/14,-7.8105,112.0252,,,9,7,0,0,16,REGIONAL 5,KEDIRI,KEDIRI,KDI,,,2024-03-16 23:26:08,42423,2016,2,NON TITO,,,JAWA TIMUR,0.4375,YELLOW,6636100,AREA 3,JATIM,MADIUN,KEDIRI,,,0,0,0,JAWA TIMUR,KOTA KEDIRI,KOTA KEDIRI,NGADIREJO,KEDIRI
121234928,,ODP-KDI-FAG/11,-7.8541,112.0307,,,4,4,0,0,8,REGIONAL 5,KEDIRI,KEDIRI,KDI,,,2024-03-16 23:29:00,42423,2016,2,NON TITO,,,JAWA TIMUR,0.5,YELLOW,6636093,AREA 3,JATIM,MADIUN,KEDIRI,,,0,0,0,JAWA TIMUR,KOTA KEDIRI,KOTA,REJOMULYO,KEDIRI
121234917,,ODP-KDI-FAD/10,-7.852,112.0459,,,2,6,0,0,8,REGIONAL 5,KEDIRI,KEDIRI,KDI,,,2024-03-16 23:28:30,42423,2016,2,NON TITO,,,JAWA TIMUR,0.75,YELLOW,6636085,AREA 3,JATIM,MADIUN,KEDIRI,,,0,0,0,JAWA TIMUR,KOTA KEDIRI,PESANTREN,BETET,KEDIRI
121234915,,ODP-KDI-FAE/07,-7.8457,112.0352,,,3,5,0,0,8,REGIONAL 5,KEDIRI,KEDIRI,KDI,,,2024-03-16 23:29:02,42423,2016,2,NON TITO,,,JAWA TIMUR,0.625,YELLOW,6636083,AREA 3,JATIM,MADIUN,KEDIRI,,,0,0,0,JAWA TIMUR,KOTA KEDIRI,KOTA,NGRONGGO,KEDIRI
121234905,,ODP-KDI-FU/45,-7.8162,112.0577,,,2,6,0,0,8,REGIONAL 5,KEDIRI,KEDIRI,KDI,,,2024-03-16 23:28:05,42423,2016,2,NON TITO,,,JAWA TIMUR,0.75,YELLOW,6636077,AREA 3,JATIM,MADIUN,KEDIRI,,,0,0,0,JAWA TIMUR,KEDIRI,NGASEM,GOGORANTE,KEDIRI
121234875,,ODP-KDI-FAA/29,-7.754,112.037,,,4,4,0,0,8,REGIONAL 5,KEDIRI,KEDIRI,KDI,,,2024-03-16 23:29:03,42423,2016,2,NON TITO,,,JAWA TIMUR,0.5,YELLOW,6636059,AREA 3,JATIM,MADIUN,KEDIRI,,,0,0,0,JAWA TIMUR,KEDIRI,GAMPENGREJO,TURUS,KEDIRI
121234870,,ODP-KDI-FU/01,-7.8069,112.0541,,,3,5,0,0,8,REGIONAL 5,KEDIRI,KEDIRI,KDI,,,2024-03-16 23:29:00,42423,2016,2,NON TITO,,,JAWA TIMUR,0.625,YELLOW,6636055,AREA 3,JATIM,MADIUN,KEDIRI,,,0,0,0,JAWA TIMUR,KEDIRI,NGASEM,PARON,KEDIRI
121234848,,ODP-KDI-FAG/18,-7.8632,112.03284,,,4,4,0,0,8,REGIONAL 5,KEDIRI,KEDIRI,KDI,,,2024-03-16 23:29:00,42423,2016,2,NON TITO,,,JAWA TIMUR,0.5,YELLOW,6636042,AREA 3,JATIM,MADIUN,KEDIRI,,,0,0,0,JAWA TIMUR,KOTA KEDIRI,PESANTREN,BLABAK,KEDIRI
121234802,,ODP-KDI-FAD/13,-7.849,112.0433,,,4,4,0,0,8,REGIONAL 5,KEDIRI,KEDIRI,KDI,,,2024-03-16 23:27:59,42423,2016,2,NON TITO,,,JAWA TIMUR,0.5,YELLOW,6636010,AREA 3,JATIM,MADIUN,KEDIRI,,,0,0,0,JAWA TIMUR,KOTA KEDIRI,PESANTREN,BETET,KEDIRI
121234790,,ODP-KDI-FY/07,-7.8325,112.0087,,,3,4,0,0,8,REGIONAL 5,KEDIRI,KEDIRI,KDI,,,2024-03-16 23:29:15,42423,2016,2,NON TITO,,,JAWA TIMUR,0.5,YELLOW,6636001,AREA 3,JATIM,MADIUN,KEDIRI,,,0,0,0,JAWA TIMUR,KOTA KEDIRI,KOTA,KALIOMBO,KEDIRI
121234772,,ODP-KDI-FAG/20,-7.8645,112.0345,,,3,5,0,0,8,REGIONAL 5,KEDIRI,KEDIRI,KDI,,,2024-03-16 23:27:50,42423,2016,2,NON TITO,,,JAWA TIMUR,0.625,YELLOW,6635989,AREA 3,JATIM,MADIUN,KEDIRI,,,0,0,0,JAWA TIMUR,KOTA KEDIRI,PESANTREN,BLABAK,KEDIRI
121234727,,ODP-KDI-FU/37,-7.8196,112.0624,,,3,5,0,0,8,REGIONAL 5,KEDIRI,KEDIRI,KDI,,,2024-03-16 23:29:01,42423,2016,2,NON TITO,,,JAWA TIMUR,0.625,YELLOW,6635962,AREA 3,JATIM,MADIUN,KEDIRI,,,0,0,0,JAWA TIMUR,KEDIRI,NGASEM,TUGUREJO,KEDIRI
121234708,,ODP-KDI-FAG/26,-7.8657,112.0303,,,4,4,0,0,8,REGIONAL 5,KEDIRI,KEDIRI,KDI,,,2024-03-16 23:29:02,42423,2016,2,NON TITO,,,JAWA TIMUR,0.5,YELLOW,6635951,AREA 3,JATIM,MADIUN,KEDIRI,,,0,0,0,JAWA TIMUR,KOTA KEDIRI,PESANTREN,BLABAK,KEDIRI
121234702,,ODP-KDI-FAA/28,-7.7542,112.0376,,,4,4,0,0,8,REGIONAL 5,KEDIRI,KEDIRI,KDI,,,2024-03-16 23:29:06,42423,2016,2,NON TITO,,,JAWA TIMUR,0.5,YELLOW,6635947,AREA 3,JATIM,MADIUN,KEDIRI,,,0,0,0,JAWA TIMUR,KEDIRI,GAMPENGREJO,TURUS,KEDIRI
121234676,,ODP-KDI-FAA/35,-7.7519,112.0399,,,2,6,0,0,8,REGIONAL 5,KEDIRI,KEDIRI,KDI,,,2024-03-16 23:28:49,42423,2016,2,NON TITO,,,JAWA TIMUR,0.75,YELLOW,6635929,AREA 3,JATIM,MADIUN,KEDIRI,,,0,0,0,JAWA TIMUR,KEDIRI,GAMPENGREJO,TURUS,KEDIRI
121234658,,ODP-KDI-FK/37,-7.7915,112.0308,,,3,5,0,0,8,REGIONAL 5,KEDIRI,KEDIRI,KDI,,,2024-03-16 23:28:23,42423,2016,2,NON TITO,,,JAWA TIMUR,0.625,YELLOW,6635919,AREA 3,JATIM,MADIUN,KEDIRI,,,0,0,0,JAWA TIMUR,KEDIRI,NGASEM,KWADUNGAN,KEDIRI
121235008,,ODP-KDI-FAG/17,-7.8617,112.0331,,,3,5,0,0,8,REGIONAL 5,KEDIRI,KEDIRI,KDI,,,2024-03-16 23:28:13,42423,2016,2,NON TITO,,,JAWA TIMUR,0.625,YELLOW,6636147,AREA 3,JATIM,MADIUN,KEDIRI,,,0,0,0,JAWA TIMUR,KOTA KEDIRI,PESANTREN,BLABAK,KEDIRI
121234636,,ODP-KDI-FU/12,-7.8108,112.0544,,,4,4,0,0,8,REGIONAL 5,KEDIRI,KEDIRI,KDI,,,2024-03-16 23:28:16,42423,2016,2,NON TITO,,,JAWA TIMUR,0.5,YELLOW,6635906,AREA 3,JATIM,MADIUN,KEDIRI,,,0,0,0,JAWA TIMUR,KEDIRI,NGASEM,PARON,KEDIRI
121235023,,ODP-KDI-FAE/11,-7.8462,112.0342,,,3,4,0,0,8,REGIONAL 5,KEDIRI,KEDIRI,KDI,,,2024-03-16 23:28:11,42423,2016,2,NON TITO,,,JAWA TIMUR,0.5,YELLOW,6636155,AREA 3,JATIM,MADIUN,KEDIRI,,,0,0,0,JAWA TIMUR,KOTA KEDIRI,KOTA,NGRONGGO,KEDIRI
121235029,,ODP-KDI-FU/03,-7.8098,112.0598,,,2,6,0,0,8,REGIONAL 5,KEDIRI,KEDIRI,KDI,,,2024-03-16 23:29:17,42423,2016,2,NON TITO,,,JAWA TIMUR,0.75,YELLOW,6636160,AREA 3,JATIM,MADIUN,KEDIRI,,,0,0,0,JAWA TIMUR,KEDIRI,NGASEM,PARON,KEDIRI
121235303,,ODP-KDI-FAJ/02,-7.8179,112.011,,,2,6,0,0,8,REGIONAL 5,KEDIRI,KEDIRI,KDI,,,2024-03-16 23:29:15,42423,2016,2,NON TITO,,,JAWA TIMUR,0.75,YELLOW,6636335,AREA 3,JATIM,MADIUN,KEDIRI,,,0,0,0,JAWA TIMUR,KOTA KEDIRI,KOTA,PAKELAN,KEDIRI
121235282,,ODP-KDI-FAG/13,-7.856,112.0294,,,3,5,0,0,8,REGIONAL 5,KEDIRI,KEDIRI,KDI,,,2024-03-16 23:28:06,42423,2016,2,NON TITO,,,JAWA TIMUR,0.625,YELLOW,6636319,AREA 3,JATIM,MADIUN,KEDIRI,,,0,0,0,JAWA TIMUR,KOTA KEDIRI,PESANTREN,BLABAK,KEDIRI
121235203,,ODP-KDI-FA/50,-7.8406,112.029,,,7,9,0,0,16,REGIONAL 5,KEDIRI,KEDIRI,KDI,,,2024-03-16 23:28:54,42423,2016,2,NON TITO,,,JAWA TIMUR,0.5625,YELLOW,6636273,AREA 3,JATIM,MADIUN,KEDIRI,,,0,0,0,JAWA TIMUR,KOTA KEDIRI,KOTA,NGRONGGO,KEDIRI
121235199,,ODP-KDI-FAG/33,-7.8682,112.0387,,,3,5,0,0,8,REGIONAL 5,KEDIRI,KEDIRI,KDI,,,2024-03-16 23:29:05,42423,2016,2,NON TITO,,,JAWA TIMUR,0.625,YELLOW,6636269,AREA 3,JATIM,MADIUN,KEDIRI,,,0,0,0,JAWA TIMUR,KOTA KEDIRI,PESANTREN,BLABAK,KEDIRI
121235198,,ODP-KDI-FAB/15,-7.8039,112.0085,,,7,8,0,0,16,REGIONAL 5,KEDIRI,KEDIRI,KDI,,,2024-03-16 23:28:54,42423,2016,2,NON TITO,,,JAWA TIMUR,0.5,YELLOW,6636268,AREA 3,JATIM,MADIUN,KEDIRI,,,0,0,0,JAWA TIMUR,KOTA KEDIRI,KOTA,SEMAMPIR,KEDIRI
121235187,,ODP-KDI-FAG/37,-7.8687,112.0497,,,2,6,0,0,8,REGIONAL 5,KEDIRI,KEDIRI,KDI,,,2024-03-16 23:29:06,42423,2016,2,NON TITO,,,JAWA TIMUR,0.75,YELLOW,6636260,AREA 3,JATIM,MADIUN,KEDIRI,,,0,0,0,JAWA TIMUR,KOTA KEDIRI,PESANTREN,BLABAK,KEDIRI
121235185,,ODP-KDI-FAB/21,-7.7969,112.0109,,,4,12,0,0,16,REGIONAL 5,KEDIRI,KEDIRI,KDI,,,2024-03-16 23:28:38,42423,2016,2,NON TITO,,,JAWA TIMUR,0.75,YELLOW,6636258,AREA 3,JATIM,MADIUN,KEDIRI,,,0,0,0,JAWA TIMUR,KOTA KEDIRI,KOTA KEDIRI,SEMAMPIR,KEDIRI
121235181,,ODP-KDI-FAE/18,-7.8475,112.0374,,,4,4,0,0,8,REGIONAL 5,KEDIRI,KEDIRI,KDI,,,2024-03-16 23:29:09,42423,2016,2,NON TITO,,,JAWA TIMUR,0.5,YELLOW,6636254,AREA 3,JATIM,MADIUN,KEDIRI,,,0,0,0,JAWA TIMUR,KOTA KEDIRI,PESANTREN,BETET,KEDIRI
121235161,,ODP-KDI-FP/18,-7.8038,112.0412,,,2,6,0,0,8,REGIONAL 5,KEDIRI,KEDIRI,KDI,,,2024-03-16 23:29:05,42423,2016,2,NON TITO,,,JAWA TIMUR,0.75,YELLOW,6636240,AREA 3,JATIM,MADIUN,KEDIRI,,,0,0,0,JAWA TIMUR,KEDIRI,NGASEM,SUKOREJO,KEDIRI
121235145,,ODP-KDI-FF/29,-7.8143,112.0304,,,7,8,0,0,16,REGIONAL 5,KEDIRI,KEDIRI,KDI,,,2024-03-16 23:28:08,42423,2016,2,NON TITO,,,JAWA TIMUR,0.5,YELLOW,6636228,AREA 3,JATIM,MADIUN,KEDIRI,,,0,0,0,JAWA TIMUR,KOTA KEDIRI,KOTA KEDIRI,NGADIREJO,KEDIRI
121235144,,ODP-KDI-FAE/24,-7.850974,112.038742,,,3,5,0,0,8,REGIONAL 5,KEDIRI,KEDIRI,KDI,,,2024-03-16 23:29:05,42423,2016,2,NON TITO,,,JAWA TIMUR,0.625,YELLOW,6636227,AREA 3,JATIM,MADIUN,KEDIRI,,,0,0,0,JAWA TIMUR,KOTA KEDIRI,PESANTREN,BETET,KEDIRI
121235142,,ODP-KDI-FAG/28,-7.8661,112.03259,,,1,6,0,0,8,REGIONAL 5,KEDIRI,KEDIRI,KDI,,,2024-03-16 23:29:00,42423,2016,2,NON TITO,,,JAWA TIMUR,0.75,YELLOW,6636225,AREA 3,JATIM,MADIUN,KEDIRI,,,0,0,0,JAWA TIMUR,KOTA KEDIRI,PESANTREN,BLABAK,KEDIRI
121235127,,ODP-KDI-FAG/16,-7.8604,112.0356,,,2,6,0,0,8,REGIONAL 5,KEDIRI,KEDIRI,KDI,,,2024-03-16 23:28:38,42423,2016,2,NON TITO,,,JAWA TIMUR,0.75,YELLOW,6636218,AREA 3,JATIM,MADIUN,KEDIRI,,,0,0,0,JAWA TIMUR,KOTA KEDIRI,PESANTREN,BLABAK,KEDIRI
121235111,,ODP-KDI-FAE/20,-7.8478,112.0369,,,4,4,0,0,8,REGIONAL 5,KEDIRI,KEDIRI,KDI,,,2024-03-16 23:29:06,42423,2016,2,NON TITO,,,JAWA TIMUR,0.5,YELLOW,6636212,AREA 3,JATIM,MADIUN,KEDIRI,,,0,0,0,JAWA TIMUR,KOTA KEDIRI,PESANTREN,BETET,KEDIRI
121235078,,ODP-KDI-FV/20,-7.8365,112.0558,,,2,5,1,0,8,REGIONAL 5,KEDIRI,KEDIRI,KDI,,,2024-03-16 23:22:39,42423,2016,2,NON TITO,,,JAWA TIMUR,0.625,YELLOW,6636191,AREA 3,JATIM,MADIUN,KEDIRI,,,0,0,0,JAWA TIMUR,KOTA KEDIRI,PESANTREN,KETAMI,KEDIRI
121235063,,ODP-KDI-FY/08,-7.8326,112.0096,,,3,4,0,0,8,REGIONAL 5,KEDIRI,KEDIRI,KDI,,,2024-03-16 23:29:15,42423,2016,2,NON TITO,,,JAWA TIMUR,0.5,YELLOW,6636181,AREA 3,JATIM,MADIUN,KEDIRI,,,0,0,0,JAWA TIMUR,KOTA KEDIRI,KOTA,KALIOMBO,KEDIRI
121235047,,ODP-KDI-FF/23,-7.8114,112.0253,,,5,11,0,0,16,REGIONAL 5,KEDIRI,KEDIRI,KDI,,,2024-03-16 23:29:05,42423,2016,2,NON TITO,,,JAWA TIMUR,0.6875,YELLOW,6636171,AREA 3,JATIM,MADIUN,KEDIRI,,,0,0,0,JAWA TIMUR,KOTA KEDIRI,KOTA KEDIRI,NGADIREJO,KEDIRI
121235026,,ODP-KDI-FAG/35,-7.867937,112.038892,,,1,6,0,0,8,REGIONAL 5,KEDIRI,KEDIRI,KDI,,,2024-03-16 23:29:18,42423,2016,2,NON TITO,,,JAWA TIMUR,0.75,YELLOW,6636158,AREA 3,JATIM,MADIUN,KEDIRI,,,0,0,0,JAWA TIMUR,KOTA KEDIRI,PESANTREN,BLABAK,KEDIRI
121235322,,ODP-KDI-FAD/06,-7.8484,112.0483,,,3,4,0,0,8,REGIONAL 5,KEDIRI,KEDIRI,KDI,,,2024-03-16 23:29:00,42423,2016,2,NON TITO,,,JAWA TIMUR,0.5,YELLOW,6636346,AREA 3,JATIM,MADIUN,KEDIRI,,,0,0,0,JAWA TIMUR,KOTA KEDIRI,PESANTREN,NGLETIH,KEDIRI
121234612,,ODP-KDI-FF/32,-7.8134,112.0275,,,5,11,0,0,16,REGIONAL 5,KEDIRI,KEDIRI,KDI,,,2024-03-16 23:28:41,42423,2016,2,NON TITO,,,JAWA TIMUR,0.6875,YELLOW,6635890,AREA 3,JATIM,MADIUN,KEDIRI,,,0,0,0,JAWA TIMUR,KOTA KEDIRI,KOTA KEDIRI,NGADIREJO,KEDIRI
121234516,,ODP-KDI-FF/02,-7.8093,112.0254,,,8,8,0,0,16,REGIONAL 5,KEDIRI,KEDIRI,KDI,,,2024-03-16 23:29:03,42423,2016,2,NON TITO,,,JAWA TIMUR,0.5,YELLOW,6635832,AREA 3,JATIM,MADIUN,KEDIRI,,,0,0,0,JAWA TIMUR,KOTA KEDIRI,KOTA KEDIRI,NGADIREJO,KEDIRI
121233891,,ODP-KDI-FY/04,-7.8304,112.0099,,,2,4,0,0,8,REGIONAL 5,KEDIRI,KEDIRI,KDI,,,2024-03-16 23:24:13,42423,2016,2,NON TITO,,,JAWA TIMUR,0.5,YELLOW,6635451,AREA 3,JATIM,MADIUN,KEDIRI,,,0,0,0,JAWA TIMUR,KOTA KEDIRI,KOTA,KALIOMBO,KEDIRI
121233885,,ODP-KDI-FAK/32,-7.8063,112.0118,,,3,5,0,0,8,REGIONAL 5,KEDIRI,KEDIRI,KDI,,,2024-03-16 23:28:56,42423,2016,2,NON TITO,,,JAWA TIMUR,0.625,YELLOW,6635447,AREA 3,JATIM,MADIUN,KEDIRI,,,0,0,0,JAWA TIMUR,KOTA KEDIRI,KOTA KEDIRI,SEMAMPIR,KEDIRI
121233865,,ODP-KDI-FAB/10,-7.7951,112.0167,,,6,10,0,0,16,REGIONAL 5,KEDIRI,KEDIRI,KDI,,,2024-03-16 23:28:57,42423,2016,2,NON TITO,,,JAWA TIMUR,0.625,YELLOW,6635432,AREA 3,JATIM,MADIUN,KEDIRI,,,0,0,0,JAWA TIMUR,KEDIRI,NGASEM,KARANGREJO,KEDIRI
121233815,,ODP-KDI-FZ/06,-7.8255,112.0179,,,4,11,0,0,16,REGIONAL 5,KEDIRI,KEDIRI,KDI,,,2024-03-16 23:29:00,42423,2016,2,NON TITO,,,JAWA TIMUR,0.6875,YELLOW,6635400,AREA 3,JATIM,MADIUN,KEDIRI,,,0,0,0,JAWA TIMUR,KOTA KEDIRI,KOTA,SETONOPANDE,KEDIRI
121233800,,ODP-KDI-FZ/11,-7.822946,112.021876,,,8,7,0,0,16,REGIONAL 5,KEDIRI,KEDIRI,KDI,,,2024-03-16 23:28:49,42423,2016,2,NON TITO,,,JAWA TIMUR,0.4375,YELLOW,6635387,AREA 3,JATIM,MADIUN,KEDIRI,,,0,0,0,JAWA TIMUR,KOTA KEDIRI,KOTA,BANJARAN,KEDIRI
121233749,,ODP-KDI-FX/15,-7.854,112.0243,,,2,5,0,0,8,REGIONAL 5,KEDIRI,KEDIRI,KDI,,,2024-03-16 23:27:47,42423,2016,2,NON TITO,,,JAWA TIMUR,0.625,YELLOW,6635353,AREA 3,JATIM,MADIUN,KEDIRI,,,0,0,0,JAWA TIMUR,KOTA KEDIRI,KOTA,REJOMULYO,KEDIRI
121233726,,ODP-KDI-FS/17,-7.8181,112.0181,,,5,11,0,0,16,REGIONAL 5,KEDIRI,KEDIRI,KDI,,,2024-03-16 23:28:35,42423,2016,2,NON TITO,,,JAWA TIMUR,0.6875,YELLOW,6635338,AREA 3,JATIM,MADIUN,KEDIRI,,,0,0,0,JAWA TIMUR,KOTA KEDIRI,KOTA,DANDANGAN,KEDIRI
121233687,,ODP-KDI-FV/13,-7.8304,112.044,,,3,5,0,0,8,REGIONAL 5,KEDIRI,KEDIRI,KDI,,,2024-03-16 23:28:25,42423,2016,2,NON TITO,,,JAWA TIMUR,0.625,YELLOW,6635308,AREA 3,JATIM,MADIUN,KEDIRI,,,0,0,0,JAWA TIMUR,KOTA KEDIRI,PESANTREN,BANGSAL,KEDIRI
121233675,,ODP-KDI-FV/16,-7.8315,112.043,,,2,6,0,0,8,REGIONAL 5,KEDIRI,KEDIRI,KDI,,,2024-03-16 23:28:56,42423,2016,2,NON TITO,,,JAWA TIMUR,0.75,YELLOW,6635298,AREA 3,JATIM,MADIUN,KEDIRI,,,0,0,0,JAWA TIMUR,KOTA KEDIRI,PESANTREN,BANGSAL,KEDIRI
121233674,,ODP-KDI-FAA/30,-7.7576,112.0379,,,4,4,0,0,8,REGIONAL 5,KEDIRI,KEDIRI,KDI,,,2024-03-16 23:28:26,42423,2016,2,NON TITO,,,JAWA TIMUR,0.5,YELLOW,6635297,AREA 3,JATIM,MADIUN,KEDIRI,,,0,0,0,JAWA TIMUR,KEDIRI,GAMPENGREJO,TURUS,KEDIRI
121233628,,ODP-KDI-FAK/08,-7.8018,112.0111,,,1,6,0,0,8,REGIONAL 5,KEDIRI,KEDIRI,KDI,,,2024-03-16 23:29:03,42423,2016,2,NON TITO,,,JAWA TIMUR,0.75,YELLOW,6635262,AREA 3,JATIM,MADIUN,KEDIRI,,,0,0,0,JAWA TIMUR,KOTA KEDIRI,KOTA KEDIRI,SEMAMPIR,KEDIRI
121233594,,ODP-KDI-FAK/26,-7.8048,112.0113,,,2,6,0,0,8,REGIONAL 5,KEDIRI,KEDIRI,KDI,,,2024-03-16 23:28:55,42423,2016,2,NON TITO,,,JAWA TIMUR,0.75,YELLOW,6635236,AREA 3,JATIM,MADIUN,KEDIRI,,,0,0,0,JAWA TIMUR,KOTA KEDIRI,KOTA KEDIRI,SEMAMPIR,KEDIRI
121233592,,ODP-KDI-FR/30,-7.816,112.0218,,,4,12,0,0,16,REGIONAL 5,KEDIRI,KEDIRI,KDI,,,2024-03-16 23:29:04,42423,2016,2,NON TITO,,,JAWA TIMUR,0.75,YELLOW,6635234,AREA 3,JATIM,MADIUN,KEDIRI,,,0,0,0,JAWA TIMUR,KOTA KEDIRI,KOTA KEDIRI,NGADIREJO,KEDIRI
121233509,,ODP-KDI-FS/16,-7.8193,112.0179,,,7,9,0,0,16,REGIONAL 5,KEDIRI,KEDIRI,KDI,,,2024-03-16 23:27:39,42423,2016,2,NON TITO,,,JAWA TIMUR,0.5625,YELLOW,6635171,AREA 3,JATIM,MADIUN,KEDIRI,,,0,0,0,JAWA TIMUR,KOTA KEDIRI,KOTA,KEMASAN,KEDIRI
121233362,,ODP-KDI-FX/12,-7.8533,112.0218,,,3,4,0,0,8,REGIONAL 5,KEDIRI,KEDIRI,KDI,,,2024-03-16 23:27:26,42423,2016,2,NON TITO,,,JAWA TIMUR,0.5,YELLOW,6635059,AREA 3,JATIM,MADIUN,KEDIRI,,,0,0,0,JAWA TIMUR,KOTA KEDIRI,KOTA,REJOMULYO,KEDIRI
121233334,,ODP-KDI-FY/05,-7.8311,112.0098,,,8,8,0,0,16,REGIONAL 5,KEDIRI,KEDIRI,KDI,,,2024-03-16 23:28:56,42423,2016,2,NON TITO,,,JAWA TIMUR,0.5,YELLOW,6635037,AREA 3,JATIM,MADIUN,KEDIRI,,,0,0,0,JAWA TIMUR,KOTA KEDIRI,KOTA,KALIOMBO,KEDIRI
121233320,,ODP-KDI-FZ/12,-7.8228,112.0214,,,8,8,0,0,16,REGIONAL 5,KEDIRI,KEDIRI,KDI,,,2024-03-16 23:28:37,42423,2016,2,NON TITO,,,JAWA TIMUR,0.5,YELLOW,6635025,AREA 3,JATIM,MADIUN,KEDIRI,,,0,0,0,JAWA TIMUR,KOTA KEDIRI,KOTA,BANJARAN,KEDIRI
121233925,,ODP-KDI-FAA/09,-7.7389,112.0248,,,3,5,0,0,8,REGIONAL 5,KEDIRI,KEDIRI,KDI,,,2024-03-16 23:21:05,42423,2016,2,NON TITO,,,JAWA TIMUR,0.625,YELLOW,6635472,AREA 3,JATIM,MADIUN,KEDIRI,,,0,0,0,JAWA TIMUR,KEDIRI,GAMPENGREJO,WANENGPATEN,KEDIRI
121234528,,ODP-KDI-FU/39,-7.8201,112.053,,,4,12,0,0,16,REGIONAL 5,KEDIRI,KEDIRI,KDI,,,2024-03-16 23:28:08,42423,2016,2,NON TITO,,,JAWA TIMUR,0.75,YELLOW,6635839,AREA 3,JATIM,MADIUN,KEDIRI,,,0,0,0,JAWA TIMUR,KEDIRI,NGASEM,GOGORANTE,KEDIRI
121233938,,ODP-KDI-FZ/08,-7.8216,112.021,,,3,5,0,0,8,REGIONAL 5,KEDIRI,KEDIRI,KDI,,,2024-03-16 23:28:14,42423,2016,2,NON TITO,,,JAWA TIMUR,0.625,YELLOW,6635479,AREA 3,JATIM,MADIUN,KEDIRI,,,0,0,0,JAWA TIMUR,KOTA KEDIRI,KOTA,BANJARAN,KEDIRI
121234045,,ODP-KDI-FK/30,-7.7914,112.0317,,,3,5,0,0,8,REGIONAL 5,KEDIRI,KEDIRI,KDI,,,2024-03-16 23:28:53,42423,2016,2,NON TITO,,,JAWA TIMUR,0.625,YELLOW,6635547,AREA 3,JATIM,MADIUN,KEDIRI,,,0,0,0,JAWA TIMUR,KEDIRI,NGASEM,KWADUNGAN,KEDIRI
121234507,,ODP-KDI-FF/26,-7.8132,112.0271,,,3,5,0,0,8,REGIONAL 5,KEDIRI,KEDIRI,KDI,,,2024-03-16 23:29:01,42423,2016,2,NON TITO,,,JAWA TIMUR,0.625,YELLOW,6635825,AREA 3,JATIM,MADIUN,KEDIRI,,,0,0,0,JAWA TIMUR,KOTA KEDIRI,KOTA KEDIRI,NGADIREJO,KEDIRI
121234482,,ODP-KDI-FF/25,-7.8126,112.0256,,,4,4,0,0,8,REGIONAL 5,KEDIRI,KEDIRI,KDI,,,2024-03-16 23:28:58,42423,2016,2,NON TITO,,,JAWA TIMUR,0.5,YELLOW,6635811,AREA 3,JATIM,MADIUN,KEDIRI,,,0,0,0,JAWA TIMUR,KOTA KEDIRI,KOTA KEDIRI,NGADIREJO,KEDIRI
121234460,,ODP-KDI-FAA/57,-7.758,112.0304,,,2,6,0,0,8,REGIONAL 5,KEDIRI,KEDIRI,KDI,,,2024-03-16 23:29:01,42423,2016,2,NON TITO,,,JAWA TIMUR,0.75,YELLOW,6635797,AREA 3,JATIM,MADIUN,KEDIRI,,,0,0,0,JAWA TIMUR,KEDIRI,GAMPENGREJO,NGEBRAK,KEDIRI
121234446,,ODP-KDI-FK/22,-7.7905,112.0316,,,3,5,0,0,8,REGIONAL 5,KEDIRI,KEDIRI,KDI,,,2024-03-16 23:28:39,42423,2016,2,NON TITO,,,JAWA TIMUR,0.625,YELLOW,6635789,AREA 3,JATIM,MADIUN,KEDIRI,,,0,0,0,JAWA TIMUR,KEDIRI,NGASEM,KWADUNGAN,KEDIRI
121234416,,ODP-KDI-FR/35,-7.8195,112.0194,,,2,6,0,0,8,REGIONAL 5,KEDIRI,KEDIRI,KDI,,,2024-03-16 23:29:01,42423,2016,2,NON TITO,,,JAWA TIMUR,0.75,YELLOW,6635768,AREA 3,JATIM,MADIUN,KEDIRI,,,0,0,0,JAWA TIMUR,KOTA KEDIRI,KOTA,BANJARAN,KEDIRI
121234398,,ODP-KDI-FF/17,-7.8133,112.0303,,,4,12,0,0,16,REGIONAL 5,KEDIRI,KEDIRI,KDI,,,2024-03-16 23:27:15,42423,2016,2,NON TITO,,,JAWA TIMUR,0.75,YELLOW,6635755,AREA 3,JATIM,MADIUN,KEDIRI,,,0,0,0,JAWA TIMUR,KOTA KEDIRI,KOTA,NGADIREJO,KEDIRI
121234391,,ODP-KDI-FV/05,-7.836,112.0536,,,9,7,0,0,16,REGIONAL 5,KEDIRI,KEDIRI,KDI,,,2024-03-16 23:29:03,42423,2016,2,NON TITO,,,JAWA TIMUR,0.4375,YELLOW,6635750,AREA 3,JATIM,MADIUN,KEDIRI,,,0,0,0,JAWA TIMUR,KOTA KEDIRI,PESANTREN,KETAMI,KEDIRI
121234329,,ODP-KDI-FF/15,-7.8104,112.0246,,,3,5,0,0,8,REGIONAL 5,KEDIRI,KEDIRI,KDI,,,2024-03-16 23:29:02,42423,2016,2,NON TITO,,,JAWA TIMUR,0.625,YELLOW,6635715,AREA 3,JATIM,MADIUN,KEDIRI,,,0,0,0,JAWA TIMUR,KOTA KEDIRI,KOTA KEDIRI,NGADIREJO,KEDIRI
121234297,,ODP-KDI-FAA/49,-7.7652,112.0278,,,3,5,0,0,8,REGIONAL 5,KEDIRI,KEDIRI,KDI,,,2024-03-16 23:29:06,42423,2016,2,NON TITO,,,JAWA TIMUR,0.625,YELLOW,6635699,AREA 3,JATIM,MADIUN,KEDIRI,,,0,0,0,JAWA TIMUR,KEDIRI,GAMPENGREJO,NGEBRAK,KEDIRI
121234263,,ODP-KDI-FV/04,-7.8353,112.0555,,,4,4,0,0,8,REGIONAL 5,KEDIRI,KEDIRI,KDI,,,2024-03-16 23:28:37,42423,2016,2,NON TITO,,,JAWA TIMUR,0.5,YELLOW,6635676,AREA 3,JATIM,MADIUN,KEDIRI,,,0,0,0,JAWA TIMUR,KOTA KEDIRI,PESANTREN,KETAMI,KEDIRI
121234253,,ODP-KDI-FAA/56,-7.7588,112.0301,,,2,6,0,0,8,REGIONAL 5,KEDIRI,KEDIRI,KDI,,,2024-03-16 23:28:57,42423,2016,2,NON TITO,,,JAWA TIMUR,0.75,YELLOW,6635670,AREA 3,JATIM,MADIUN,KEDIRI,,,0,0,0,JAWA TIMUR,KEDIRI,GAMPENGREJO,NGEBRAK,KEDIRI
121234221,,ODP-KDI-FZ/09,-7.821769,112.02192,,,0,6,0,0,8,REGIONAL 5,KEDIRI,KEDIRI,KDI,,,2024-03-16 23:29:02,42423,2016,2,NON TITO,,,JAWA TIMUR,0.75,YELLOW,6635648,AREA 3,JATIM,MADIUN,KEDIRI,,,0,0,0,JAWA TIMUR,KOTA KEDIRI,KOTA,BANJARAN,KEDIRI
121234155,,ODP-KDI-FF/18,-7.813,112.0294,,,2,6,0,0,8,REGIONAL 5,KEDIRI,KEDIRI,KDI,,,2024-03-16 23:28:56,42423,2016,2,NON TITO,,,JAWA TIMUR,0.75,YELLOW,6635615,AREA 3,JATIM,MADIUN,KEDIRI,,,0,0,0,JAWA TIMUR,KOTA KEDIRI,KOTA KEDIRI,NGADIREJO,KEDIRI
121234153,,ODP-KDI-FAA/53,-7.7579,112.0265,,,5,11,0,0,16,REGIONAL 5,KEDIRI,KEDIRI,KDI,,,2024-03-16 23:28:55,42423,2016,2,NON TITO,,,JAWA TIMUR,0.6875,YELLOW,6635613,AREA 3,JATIM,MADIUN,KEDIRI,,,0,0,0,JAWA TIMUR,KEDIRI,GAMPENGREJO,NGEBRAK,KEDIRI
121234135,,ODP-KDI-FAK/06,-7.8005,112.0102,,,2,6,0,0,8,REGIONAL 5,KEDIRI,KEDIRI,KDI,,,2024-03-16 23:28:16,42423,2016,2,NON TITO,,,JAWA TIMUR,0.75,YELLOW,6635602,AREA 3,JATIM,MADIUN,KEDIRI,,,0,0,0,JAWA TIMUR,KOTA KEDIRI,KOTA KEDIRI,SEMAMPIR,KEDIRI
121234092,,ODP-KDI-FX/07,-7.8434,112.0231,,,7,9,0,0,16,REGIONAL 5,KEDIRI,KEDIRI,KDI,,,2024-03-16 23:28:41,42423,2016,2,NON TITO,,,JAWA TIMUR,0.5625,YELLOW,6635576,AREA 3,JATIM,MADIUN,KEDIRI,,,0,0,0,JAWA TIMUR,KOTA KEDIRI,KOTA KEDIRI,NGRONGGO,KEDIRI
121234084,,ODP-KDI-FAA/41,-7.7664,112.0262,,,2,6,0,0,8,REGIONAL 5,KEDIRI,KEDIRI,KDI,,,2024-03-16 23:27:27,42423,2016,2,NON TITO,,,JAWA TIMUR,0.75,YELLOW,6635571,AREA 3,JATIM,MADIUN,KEDIRI,,,0,0,0,JAWA TIMUR,KEDIRI,GAMPENGREJO,NGEBRAK,KEDIRI
121233950,,ODP-KDI-FV/08,-7.8346,112.0509,,,3,5,0,0,8,REGIONAL 5,KEDIRI,KEDIRI,KDI,,,2024-03-16 23:28:53,42423,2016,2,NON TITO,,,JAWA TIMUR,0.625,YELLOW,6635488,AREA 3,JATIM,MADIUN,KEDIRI,,,0,0,0,JAWA TIMUR,KEDIRI,NGASEM,TUGUREJO,KEDIRI
121235362,,ODP-KDI-FAG/05,-7.855,112.0313,,,3,5,0,0,8,REGIONAL 5,KEDIRI,KEDIRI,KDI,,,2024-03-16 23:28:33,42423,2016,2,NON TITO,,,JAWA TIMUR,0.625,YELLOW,6636373,AREA 3,JATIM,MADIUN,KEDIRI,,,0,0,0,JAWA TIMUR,KOTA KEDIRI,PESANTREN,BLABAK,KEDIRI
121235420,,ODP-KDI-FAG/39,-7.8704,112.0492,,,4,4,0,0,8,REGIONAL 5,KEDIRI,KEDIRI,KDI,,,2024-03-16 23:29:08,42423,2016,2,NON TITO,,,JAWA TIMUR,0.5,YELLOW,6636413,AREA 3,JATIM,MADIUN,KEDIRI,,,0,0,0,JAWA TIMUR,KOTA KEDIRI,PESANTREN,BLABAK,KEDIRI
121235424,,ODP-KDI-FAE/32,-7.8485,112.0368,,,4,4,0,0,8,REGIONAL 5,KEDIRI,KEDIRI,KDI,,,2024-03-16 23:28:54,42423,2016,2,NON TITO,,,JAWA TIMUR,0.5,YELLOW,6636415,AREA 3,JATIM,MADIUN,KEDIRI,,,0,0,0,JAWA TIMUR,KOTA KEDIRI,PESANTREN,BETET,KEDIRI
130585751,,ODP-NDL-FA/11,-7.8847,111.9982,,,8,8,0,0,16,REGIONAL 5,KEDIRI,KEDIRI,NDL,,,2024-03-16 23:24:37,42427,2016,2,NON TITO,,,JAWA TIMUR,0.5,YELLOW,7823391,AREA 3,JATIM,MADIUN,KEDIRI,,,0,0,0,JAWA TIMUR,KEDIRI,NGADILUWIH,REMBANGKEPUH,KEDIRI
130585663,,ODP-NDL-FA/54,-7.9138,111.9892,,,6,10,0,0,16,REGIONAL 5,KEDIRI,KEDIRI,NDL,,,2024-03-16 23:24:52,42427,2016,2,NON TITO,,,JAWA TIMUR,0.625,YELLOW,7823323,AREA 3,JATIM,MADIUN,KEDIRI,,,0,0,0,JAWA TIMUR,KEDIRI,NGADILUWIH,BRANGGAHAN,KEDIRI
130585662,,ODP-NDL-FA/13,-7.8884,111.9962,,,4,12,0,0,16,REGIONAL 5,KEDIRI,KEDIRI,NDL,,,2024-03-16 23:25:29,42427,2016,2,NON TITO,,,JAWA TIMUR,0.75,YELLOW,7823322,AREA 3,JATIM,MADIUN,KEDIRI,,,0,0,0,JAWA TIMUR,KEDIRI,NGADILUWIH,REMBANGKEPUH,KEDIRI
130585655,,ODP-NDL-FA/30,-7.9122,111.9829,,,3,4,0,0,8,REGIONAL 5,KEDIRI,KEDIRI,NDL,,,2024-03-16 23:25:21,42427,2016,2,NON TITO,,,JAWA TIMUR,0.5,YELLOW,7823315,AREA 3,JATIM,MADIUN,KEDIRI,,,0,0,0,JAWA TIMUR,KEDIRI,NGADILUWIH,BRANGGAHAN,KEDIRI
130585545,,ODP-NDL-FD/10,-7.9009,111.962,,,2,5,0,0,8,REGIONAL 5,KEDIRI,KEDIRI,NDL,,,2024-03-16 23:25:22,42427,2016,2,NON TITO,,,JAWA TIMUR,0.625,YELLOW,7823235,AREA 3,JATIM,MADIUN,KEDIRI,,,0,0,0,JAWA TIMUR,KEDIRI,MOJO,TAMBIBENDO,KEDIRI
130585530,,ODP-GUR-FA/02,-7.8103,112.0793,,,2,6,0,0,8,REGIONAL 5,KEDIRI,KEDIRI,GUR,,,2024-03-16 23:25:22,42427,2016,2,NON TITO,,,JAWA TIMUR,0.75,YELLOW,7823223,AREA 3,JATIM,MADIUN,KEDIRI,,,0,0,0,JAWA TIMUR,KEDIRI,PAGU,WONOSARI,KEDIRI
130585527,,ODP-NDL-FA/16,-7.8924,111.9939,,,3,4,0,0,8,REGIONAL 5,KEDIRI,KEDIRI,NDL,,,2024-03-16 23:24:42,42427,2016,2,NON TITO,,,JAWA TIMUR,0.5,YELLOW,7823220,AREA 3,JATIM,MADIUN,KEDIRI,,,0,0,0,JAWA TIMUR,KEDIRI,NGADILUWIH,PURWOKERTO,KEDIRI
130585524,,ODP-NDL-FB/07,-7.8724,112.0291,,,2,6,0,0,8,REGIONAL 5,KEDIRI,KEDIRI,NDL,,,2024-03-16 23:25:12,42427,2016,2,NON TITO,,,JAWA TIMUR,0.75,YELLOW,7823217,AREA 3,JATIM,MADIUN,KEDIRI,,,0,0,0,JAWA TIMUR,KEDIRI,KANDAT,BLABAK,KEDIRI
130585523,,ODP-NDL-FB/05,-7.8704,112.029,,,3,4,0,0,8,REGIONAL 5,KEDIRI,KEDIRI,NDL,,,2024-03-16 23:24:52,42427,2016,2,NON TITO,,,JAWA TIMUR,0.5,YELLOW,7823216,AREA 3,JATIM,MADIUN,KEDIRI,,,0,0,0,JAWA TIMUR,KEDIRI,KANDAT,BLABAK,KEDIRI
130585517,,ODP-NDL-FA/52,-7.916,111.9946,,,3,5,0,0,8,REGIONAL 5,KEDIRI,KEDIRI,NDL,,,2024-03-16 23:25:08,42427,2016,2,NON TITO,,,JAWA TIMUR,0.625,YELLOW,7823211,AREA 3,JATIM,MADIUN,KEDIRI,,,0,0,0,JAWA TIMUR,KEDIRI,NGADILUWIH,BRANGGAHAN,KEDIRI
130585039,,ODP-GUR-FA/14,-7.7837,112.1196,,,8,8,0,0,16,REGIONAL 5,KEDIRI,KEDIRI,GUR,,,2024-03-16 23:24:48,42427,2016,2,NON TITO,,,JAWA TIMUR,0.5,YELLOW,7822846,AREA 3,JATIM,MADIUN,KEDIRI,,,0,0,0,JAWA TIMUR,KEDIRI,GURAH,GAYAM,KEDIRI
130585004,,ODP-GUR-FA/12,-7.8049,112.0924,,,8,8,0,0,16,REGIONAL 5,KEDIRI,KEDIRI,GUR,,,2024-03-16 23:25:18,42427,2016,2,NON TITO,,,JAWA TIMUR,0.5,YELLOW,7822821,AREA 3,JATIM,MADIUN,KEDIRI,,,0,0,0,JAWA TIMUR,KEDIRI,GURAH,SUKOREJO,KEDIRI
130584967,,GCL-GUR-F02/07,-7.7891,112.0581,,,7,9,0,0,16,REGIONAL 5,KEDIRI,KEDIRI,GUR,,,2024-03-16 23:25:16,42427,2016,2,NON TITO,,,JAWA TIMUR,0.5625,YELLOW,7822794,AREA 3,JATIM,MADIUN,KEDIRI,,,0,0,0,JAWA TIMUR,KEDIRI,NGASEM,TOYORESMI,KEDIRI
130584950,,ODP-GUR-FCLB/05,-7.7954,112.0845,,,8,7,0,0,16,REGIONAL 5,KEDIRI,KEDIRI,GUR,,,2024-03-16 23:24:42,42427,2016,2,NON TITO,,,JAWA TIMUR,0.4375,YELLOW,7822782,AREA 3,JATIM,MADIUN,KEDIRI,,,0,0,0,JAWA TIMUR,KEDIRI,PAGU,KAMBINGAN,KEDIRI
130584948,,ODP-GUR-FC/07,-7.816,112.1039,,,2,6,0,0,8,REGIONAL 5,KEDIRI,KEDIRI,GUR,,,2024-03-16 23:21:04,42427,2016,2,NON TITO,,,JAWA TIMUR,0.75,YELLOW,7822780,AREA 3,JATIM,MADIUN,KEDIRI,,,0,0,0,JAWA TIMUR,KEDIRI,GURAH,SUMBERCANGKRING,KEDIRI
130584825,,ODP-GUR-FC/02,-7.8175,112.1028,,,2,5,1,0,8,REGIONAL 5,KEDIRI,KEDIRI,GUR,,,2024-03-16 23:25:17,42427,2016,2,NON TITO,,,JAWA TIMUR,0.625,YELLOW,7822690,AREA 3,JATIM,MADIUN,KEDIRI,,,0,0,0,JAWA TIMUR,KEDIRI,GURAH,SUMBERCANGKRING,KEDIRI
130584823,,ODP-GUR-FC/06,-7.8169,112.106,,,8,8,0,0,16,REGIONAL 5,KEDIRI,KEDIRI,GUR,,,2024-03-16 23:25:00,42427,2016,2,NON TITO,,,JAWA TIMUR,0.5,YELLOW,7822688,AREA 3,JATIM,MADIUN,KEDIRI,,,0,0,0,JAWA TIMUR,KEDIRI,GURAH,BESUK,KEDIRI
130585768,,ODP-NDL-FD/01,-7.9592,111.9291,,,7,9,0,0,16,REGIONAL 5,KEDIRI,KEDIRI,NDL,,,2024-03-16 23:24:53,42427,2016,2,NON TITO,,,JAWA TIMUR,0.5625,YELLOW,7823404,AREA 3,JATIM,MADIUN,KEDIRI,,,0,0,0,JAWA TIMUR,KEDIRI,MOJO,NGADI,KEDIRI
130584822,,ODP-NDL-FD/06,-7.8931,111.9663,,,6,10,0,0,16,REGIONAL 5,KEDIRI,KEDIRI,NDL,,,2024-03-16 23:25:08,42427,2016,2,NON TITO,,,JAWA TIMUR,0.625,YELLOW,7822687,AREA 3,JATIM,MADIUN,KEDIRI,,,0,0,0,JAWA TIMUR,KEDIRI,MOJO,MOJO,KEDIRI
130585865,,ODP-WAT-FCLF/01,-7.8857,112.096,,,1,6,0,0,8,REGIONAL 5,KEDIRI,KEDIRI,WAT,,,2024-03-16 23:25:22,42427,2016,2,NON TITO,,,JAWA TIMUR,0.75,YELLOW,7823479,AREA 3,JATIM,MADIUN,KEDIRI,,,0,0,0,JAWA TIMUR,KEDIRI,WATES,SUMBERAGUNG,KEDIRI
130585895,,ODP-NDL-FB/26,-7.9153,112.0335,,,9,7,0,0,16,REGIONAL 5,KEDIRI,KEDIRI,NDL,,,2024-03-16 23:25:31,42427,2016,2,NON TITO,,,JAWA TIMUR,0.4375,YELLOW,7823501,AREA 3,JATIM,MADIUN,KEDIRI,,,0,0,0,JAWA TIMUR,KEDIRI,KANDAT,TEGALAN,KEDIRI
130586603,,ODP-WAT-FB/08,-7.9233,112.1351,,,4,12,0,0,16,REGIONAL 5,KEDIRI,KEDIRI,WAT,,,2024-03-16 23:25:53,42427,2016,2,NON TITO,,,JAWA TIMUR,0.75,YELLOW,7824043,AREA 3,JATIM,MADIUN,KEDIRI,,,0,0,0,JAWA TIMUR,KEDIRI,WATES,TAWANG,KEDIRI
130586580,,ODP-WAT-FB/25,-7.9231,112.1273,,,4,12,0,0,16,REGIONAL 5,KEDIRI,KEDIRI,WAT,,,2024-03-16 23:25:32,42427,2016,2,NON TITO,,,JAWA TIMUR,0.75,YELLOW,7824026,AREA 3,JATIM,MADIUN,KEDIRI,,,0,0,0,JAWA TIMUR,KEDIRI,WATES,TAWANG,KEDIRI
130586547,,ODP-NDL-FA/26,-7.9213,111.9778,,,4,4,0,0,8,REGIONAL 5,KEDIRI,KEDIRI,NDL,,,2024-03-16 23:24:55,42427,2016,2,NON TITO,,,JAWA TIMUR,0.5,YELLOW,7824000,AREA 3,JATIM,MADIUN,KEDIRI,,,0,0,0,JAWA TIMUR,KEDIRI,NGADILUWIH,TALES,KEDIRI
130586506,,ODP-WAT-FB/11,-7.9219,112.1296,,,6,9,0,0,16,REGIONAL 5,KEDIRI,KEDIRI,WAT,,,2024-03-16 23:25:45,42427,2016,2,NON TITO,,,JAWA TIMUR,0.5625,YELLOW,7823971,AREA 3,JATIM,MADIUN,KEDIRI,,,0,0,0,JAWA TIMUR,KEDIRI,WATES,TAWANG,KEDIRI
130586467,,ODP-NDL-FA/18,-7.8945,111.9927,,,5,11,0,0,16,REGIONAL 5,KEDIRI,KEDIRI,NDL,,,2024-03-16 23:25:46,42427,2016,2,NON TITO,,,JAWA TIMUR,0.6875,YELLOW,7823940,AREA 3,JATIM,MADIUN,KEDIRI,,,0,0,0,JAWA TIMUR,KEDIRI,NGADILUWIH,PURWOKERTO,KEDIRI
130586436,,ODP-WAT-FA/19,-7.9191,112.1275,,,4,4,0,0,8,REGIONAL 5,KEDIRI,KEDIRI,WAT,,,2024-03-16 23:24:49,42427,2016,2,NON TITO,,,JAWA TIMUR,0.5,YELLOW,7823917,AREA 3,JATIM,MADIUN,KEDIRI,,,0,0,0,JAWA TIMUR,KEDIRI,WATES,TAWANG,KEDIRI
130586433,,ODP-WAT-FA/24,-7.92371,112.1263,,,2,6,0,0,8,REGIONAL 5,KEDIRI,KEDIRI,WAT,,,2024-03-16 23:25:39,42427,2016,2,NON TITO,,,JAWA TIMUR,0.75,YELLOW,7823915,AREA 3,JATIM,MADIUN,KEDIRI,,,0,0,0,JAWA TIMUR,KEDIRI,WATES,TAWANG,KEDIRI
130586342,,ODP-WAT-FB/02,-7.9324,112.1789,,,2,6,0,0,8,REGIONAL 5,KEDIRI,KEDIRI,WAT,,,2024-03-16 23:24:50,42427,2016,2,NON TITO,,,JAWA TIMUR,0.75,YELLOW,7823845,AREA 3,JATIM,MADIUN,KEDIRI,,,0,0,0,JAWA TIMUR,KEDIRI,NGANCAR,NGANCAR,KEDIRI
130586328,,ODP-NDL-FA/24,-7.9229,111.9769,,,7,9,0,0,16,REGIONAL 5,KEDIRI,KEDIRI,NDL,,,2024-03-16 23:25:45,42427,2016,2,NON TITO,,,JAWA TIMUR,0.5625,YELLOW,7823834,AREA 3,JATIM,MADIUN,KEDIRI,,,0,0,0,JAWA TIMUR,KEDIRI,NGADILUWIH,TALES,KEDIRI
130586299,,ODP-NDL-FA/38,-7.8997,111.9899,,,5,11,0,0,16,REGIONAL 5,KEDIRI,KEDIRI,NDL,,,2024-03-16 23:25:32,42427,2016,2,NON TITO,,,JAWA TIMUR,0.6875,YELLOW,7823811,AREA 3,JATIM,MADIUN,KEDIRI,,,0,0,0,JAWA TIMUR,KEDIRI,NGADILUWIH,PURWOKERTO,KEDIRI
130586088,,ODP-NDL-FB/16,-7.8971,112.0336,,,2,6,0,0,8,REGIONAL 5,KEDIRI,KEDIRI,NDL,,,2024-03-16 23:25:45,42427,2016,2,NON TITO,,,JAWA TIMUR,0.75,YELLOW,7823651,AREA 3,JATIM,MADIUN,KEDIRI,,,0,0,0,JAWA TIMUR,KEDIRI,KANDAT,PULE,KEDIRI
130586069,,ODP-NDL-FB/15,-7.8961,112.0334,,,4,4,0,0,8,REGIONAL 5,KEDIRI,KEDIRI,NDL,,,2024-03-16 23:25:32,42427,2016,2,NON TITO,,,JAWA TIMUR,0.5,YELLOW,7823637,AREA 3,JATIM,MADIUN,KEDIRI,,,0,0,0,JAWA TIMUR,KEDIRI,KANDAT,PULE,KEDIRI
130586049,,ODP-WAT-FCLD/02,-7.9279,112.1097,,,8,8,0,0,16,REGIONAL 5,KEDIRI,KEDIRI,WAT,,,2024-03-16 23:25:46,42427,2016,2,NON TITO,,,JAWA TIMUR,0.5,YELLOW,7823622,AREA 3,JATIM,MADIUN,KEDIRI,,,0,0,0,JAWA TIMUR,KEDIRI,WATES,SEGARAN,KEDIRI
130586038,,ODP-NDL-FB/09,-7.8768,112.0299,,,2,6,0,0,8,REGIONAL 5,KEDIRI,KEDIRI,NDL,,,2024-03-16 23:25:31,42427,2016,2,NON TITO,,,JAWA TIMUR,0.75,YELLOW,7823613,AREA 3,JATIM,MADIUN,KEDIRI,,,0,0,0,JAWA TIMUR,KEDIRI,KANDAT,BLABAK,KEDIRI
130586026,,ODP-WAT-FA/17,-7.918786,112.125793,,,2,6,0,0,8,REGIONAL 5,KEDIRI,KEDIRI,WAT,,,2024-03-16 23:25:31,42427,2016,2,NON TITO,,,JAWA TIMUR,0.75,YELLOW,7823604,AREA 3,JATIM,MADIUN,KEDIRI,,,0,0,0,JAWA TIMUR,KEDIRI,WATES,TAWANG,KEDIRI
130586025,,ODP-WAT-FA/08,-7.9163,112.1255,,,5,9,0,0,16,REGIONAL 5,KEDIRI,KEDIRI,WAT,,,2024-03-16 23:25:32,42427,2016,2,NON TITO,,,JAWA TIMUR,0.5625,YELLOW,7823603,AREA 3,JATIM,MADIUN,KEDIRI,,,0,0,0,JAWA TIMUR,KEDIRI,WATES,WATES,KEDIRI
130585992,,ODP-NDL-FA/21,-7.9288,111.9736,,,4,4,0,0,8,REGIONAL 5,KEDIRI,KEDIRI,NDL,,,2024-03-16 23:24:28,42427,2016,2,NON TITO,,,JAWA TIMUR,0.5,YELLOW,7823576,AREA 3,JATIM,MADIUN,KEDIRI,,,0,0,0,JAWA TIMUR,KEDIRI,KRAS,JAMBEAN,KEDIRI
130585894,,ODP-NDL-FA/39,-7.8988,111.9904,,,2,6,0,0,8,REGIONAL 5,KEDIRI,KEDIRI,NDL,,,2024-03-16 23:25:29,42427,2016,2,NON TITO,,,JAWA TIMUR,0.75,YELLOW,7823500,AREA 3,JATIM,MADIUN,KEDIRI,,,0,0,0,JAWA TIMUR,KEDIRI,NGADILUWIH,PURWOKERTO,KEDIRI
130584810,,ODP-GUR-FC/04,-7.8192,112.1122,,,4,4,0,0,8,REGIONAL 5,KEDIRI,KEDIRI,GUR,,,2024-03-16 23:25:17,42427,2016,2,NON TITO,,,JAWA TIMUR,0.5,YELLOW,7822675,AREA 3,JATIM,MADIUN,KEDIRI,,,0,0,0,JAWA TIMUR,KEDIRI,GURAH,BESUK,KEDIRI
130584808,,ODP-GUR-FC/05,-7.8176,112.108,,,2,6,0,0,8,REGIONAL 5,KEDIRI,KEDIRI,GUR,,,2024-03-16 23:24:43,42427,2016,2,NON TITO,,,JAWA TIMUR,0.75,YELLOW,7822673,AREA 3,JATIM,MADIUN,KEDIRI,,,0,0,0,JAWA TIMUR,KEDIRI,GURAH,BESUK,KEDIRI
130584457,,ODP-MJT-FM/13,-7.8198,111.9978,,,1,6,0,0,8,REGIONAL 5,KEDIRI,KEDIRI,MJT,,,2024-03-16 23:25:09,42427,2016,2,NON TITO,,,JAWA TIMUR,0.75,YELLOW,7822406,AREA 3,JATIM,MADIUN,KEDIRI,,,0,0,0,JAWA TIMUR,KOTA KEDIRI,MOJOROTO,LIRBOYO,KEDIRI
130581956,,ODP-MJT-FK/04,-7.8082,111.99634,,,4,4,0,0,8,REGIONAL 5,KEDIRI,KEDIRI,MJT,,,2024-03-16 23:24:37,42427,2016,2,NON TITO,,,JAWA TIMUR,0.5,YELLOW,7820401,AREA 3,JATIM,MADIUN,KEDIRI,,,0,0,0,JAWA TIMUR,KOTA KEDIRI,MOJOROTO,MOJOROTO,KEDIRI
130581874,,ODP-MJT-FG/14,-7.7759,111.9992,,,3,5,0,0,8,REGIONAL 5,KEDIRI,KEDIRI,MJT,,,2024-03-16 23:24:23,42427,2016,2,NON TITO,,,JAWA TIMUR,0.625,YELLOW,7820333,AREA 3,JATIM,MADIUN,KEDIRI,,,0,0,0,JAWA TIMUR,KOTA KEDIRI,MOJOROTO,DERMO,KEDIRI
130581667,,ODP-MJT-FG/09,-7.7739,111.9994,,,2,4,0,0,8,REGIONAL 5,KEDIRI,KEDIRI,MJT,,,2024-03-16 23:24:04,42427,2016,2,NON TITO,,,JAWA TIMUR,0.5,YELLOW,7820164,AREA 3,JATIM,MADIUN,KEDIRI,,,0,0,0,JAWA TIMUR,KOTA KEDIRI,MOJOROTO,DERMO,KEDIRI
130581595,,ODP-MJT-FJ/05,-7.8174,111.9806,,,2,6,0,0,8,REGIONAL 5,KEDIRI,KEDIRI,MJT,,,2024-03-16 23:24:25,42427,2016,2,NON TITO,,,JAWA TIMUR,0.75,YELLOW,7820103,AREA 3,JATIM,MADIUN,KEDIRI,,,0,0,0,JAWA TIMUR,KOTA KEDIRI,MOJOROTO,POJOK,KEDIRI
130581517,,ODP-MJT-FM/09,-7.8174,111.9989,,,2,6,0,0,8,REGIONAL 5,KEDIRI,KEDIRI,MJT,,,2024-03-16 23:24:13,42427,2016,2,NON TITO,,,JAWA TIMUR,0.75,YELLOW,7820041,AREA 3,JATIM,MADIUN,KEDIRI,,,0,0,0,JAWA TIMUR,KOTA KEDIRI,MOJOROTO,LIRBOYO,KEDIRI
130581441,,ODP-MJT-FH/03,-7.8356,111.9871,,,6,9,0,0,16,REGIONAL 5,KEDIRI,KEDIRI,MJT,,,2024-03-16 23:24:16,42427,2016,2,NON TITO,,,JAWA TIMUR,0.5625,YELLOW,7819982,AREA 3,JATIM,MADIUN,KEDIRI,,,0,0,0,JAWA TIMUR,KOTA KEDIRI,MOJOROTO,TAMANAN,KEDIRI
130576469,,ODP-MJT-FB/01,-7.738957,111.959239,,,6,8,0,0,16,REGIONAL 5,KEDIRI,KEDIRI,MJT,,,2024-03-16 23:23:29,42427,2016,2,NON TITO,,,JAWA TIMUR,0.5,YELLOW,7815078,AREA 3,JATIM,MADIUN,KEDIRI,,,0,0,0,JAWA TIMUR,KEDIRI,GROGOL,CERME,KEDIRI
130562062,,ODP-PAE-FA/01,-7.7617,112.1802,,,2,6,0,0,8,REGIONAL 5,KEDIRI,KEDIRI,PAE,,,2024-03-16 23:27:06,42427,2016,2,NON TITO,,,JAWA TIMUR,0.75,YELLOW,7800914,AREA 3,JATIM,MADIUN,KEDIRI,,,0,0,0,JAWA TIMUR,KEDIRI,PARE,TULUNGREJO,KEDIRI
127488645,,ODP-KDI-FX/25,-7.851503,112.028259,,,4,4,0,0,8,REGIONAL 5,KEDIRI,KEDIRI,KDI,,,2024-03-16 23:28:54,42426,2016,2,NON TITO,,,JAWA TIMUR,0.5,YELLOW,7726523,AREA 3,JATIM,MADIUN,KEDIRI,,,0,0,0,JAWA TIMUR,KOTA KEDIRI,KOTA,REJOMULYO,KEDIRI
123361384,,ODP-KDI-FAL/09,-7.8125,112.0206,,,5,10,0,0,16,REGIONAL 5,KEDIRI,KEDIRI,KDI,,,2024-03-16 23:28:37,42423,2016,2,NON TITO,,,JAWA TIMUR,0.625,YELLOW,6675552,AREA 3,JATIM,MADIUN,KEDIRI,,,0,0,0,JAWA TIMUR,KOTA KEDIRI,KOTA,DANDANGAN,KEDIRI
121235734,,ODP-KDI-FAJ/07,-7.817952,112.010074,,,7,9,0,0,16,REGIONAL 5,KEDIRI,KEDIRI,KDI,,,2024-03-16 23:29:14,42423,2016,2,NON TITO,,,JAWA TIMUR,0.5625,YELLOW,6636623,AREA 3,JATIM,MADIUN,KEDIRI,,,0,0,0,JAWA TIMUR,KOTA KEDIRI,KOTA,PAKELAN,KEDIRI
121235689,,ODP-KDI-FW/27,-7.8296,112.0397,,,3,4,0,0,8,REGIONAL 5,KEDIRI,KEDIRI,KDI,,,2024-03-16 23:27:49,42423,2016,2,NON TITO,,,JAWA TIMUR,0.5,YELLOW,6636595,AREA 3,JATIM,MADIUN,KEDIRI,,,0,0,0,JAWA TIMUR,KOTA KEDIRI,PESANTREN,BANGSAL,KEDIRI
121235656,,ODP-KDI-FAE/10,-7.8453,112.033,,,2,6,0,0,8,REGIONAL 5,KEDIRI,KEDIRI,KDI,,,2024-03-16 23:28:11,42423,2016,2,NON TITO,,,JAWA TIMUR,0.75,YELLOW,6636572,AREA 3,JATIM,MADIUN,KEDIRI,,,0,0,0,JAWA TIMUR,KOTA KEDIRI,KOTA,NGRONGGO,KEDIRI
121235629,,ODP-KDI-FAJ/09,-7.8153,112.0106,,,7,9,0,0,16,REGIONAL 5,KEDIRI,KEDIRI,KDI,,,2024-03-16 23:28:38,42423,2016,2,NON TITO,,,JAWA TIMUR,0.5625,YELLOW,6636553,AREA 3,JATIM,MADIUN,KEDIRI,,,0,0,0,JAWA TIMUR,KOTA KEDIRI,KOTA,PAKELAN,KEDIRI
121235590,,ODP-KDI-FAB/19,-7.7986,112.0092,,,7,9,0,0,16,REGIONAL 5,KEDIRI,KEDIRI,KDI,,,2024-03-16 23:29:08,42423,2016,2,NON TITO,,,JAWA TIMUR,0.5625,YELLOW,6636527,AREA 3,JATIM,MADIUN,KEDIRI,,,0,0,0,JAWA TIMUR,KOTA KEDIRI,KOTA,SEMAMPIR,KEDIRI
121235506,,ODP-KDI-FAE/26,-7.8514,112.0398,,,4,4,0,0,8,REGIONAL 5,KEDIRI,KEDIRI,KDI,,,2024-03-16 23:29:20,42423,2016,2,NON TITO,,,JAWA TIMUR,0.5,YELLOW,6636468,AREA 3,JATIM,MADIUN,KEDIRI,,,0,0,0,JAWA TIMUR,KOTA KEDIRI,PESANTREN,BETET,KEDIRI
121235433,,ODP-KDI-FAJ/10,-7.8138,112.0108,,,2,6,0,0,8,REGIONAL 5,KEDIRI,KEDIRI,KDI,,,2024-03-16 23:27:23,42423,2016,2,NON TITO,,,JAWA TIMUR,0.75,YELLOW,6636422,AREA 3,JATIM,MADIUN,KEDIRI,,,0,0,0,JAWA TIMUR,KOTA KEDIRI,KOTA,PAKELAN,KEDIRI
130581990,,ODP-MJT-FF/02,-7.7736,112.0178,,,4,4,0,0,8,REGIONAL 5,KEDIRI,KEDIRI,MJT,,,2024-03-16 23:24:40,42427,2016,2,NON TITO,,,JAWA TIMUR,0.5,YELLOW,7820431,AREA 3,JATIM,MADIUN,KEDIRI,,,0,0,0,JAWA TIMUR,KEDIRI,BANYAKAN,JABON,KEDIRI
130582152,,ODP-MJT-FJ/01,-7.8132,111.9831,,,3,5,0,0,8,REGIONAL 5,KEDIRI,KEDIRI,MJT,,,2024-03-16 23:24:47,42427,2016,2,NON TITO,,,JAWA TIMUR,0.625,YELLOW,7820561,AREA 3,JATIM,MADIUN,KEDIRI,,,0,0,0,JAWA TIMUR,KOTA KEDIRI,MOJOROTO,POJOK,KEDIRI
130582572,,ODP-MJT-FF/01,-7.7752,112.01476,,,9,7,0,0,16,REGIONAL 5,KEDIRI,KEDIRI,MJT,,,2024-03-16 23:24:45,42427,2016,2,NON TITO,,,JAWA TIMUR,0.4375,YELLOW,7820905,AREA 3,JATIM,MADIUN,KEDIRI,,,0,0,0,JAWA TIMUR,KEDIRI,BANYAKAN,JABON,KEDIRI
130582581,,ODP-MJT-FG/06,-7.7747,112.0028,,,6,10,0,0,16,REGIONAL 5,KEDIRI,KEDIRI,MJT,,,2024-03-16 23:24:43,42427,2016,2,NON TITO,,,JAWA TIMUR,0.625,YELLOW,7820912,AREA 3,JATIM,MADIUN,KEDIRI,,,0,0,0,JAWA TIMUR,KOTA KEDIRI,MOJOROTO,DERMO,KEDIRI
130584161,,ODP-PAE-FA/05,-7.7597,112.1911,,,2,5,0,0,8,REGIONAL 5,KEDIRI,KEDIRI,PAE,,,2024-03-16 23:25:07,42427,2016,2,NON TITO,,,JAWA TIMUR,0.625,YELLOW,7822171,AREA 3,JATIM,MADIUN,KEDIRI,,,0,0,0,JAWA TIMUR,KEDIRI,PARE,TULUNGREJO,KEDIRI
130584095,,ODP-KAA-FA/07,-7.7781,112.3072,,,3,4,0,0,8,REGIONAL 5,KEDIRI,KEDIRI,KAA,,,2024-03-16 23:25:04,42427,2016,2,NON TITO,,,JAWA TIMUR,0.5,YELLOW,7822118,AREA 3,JATIM,MADIUN,KEDIRI,,,0,0,0,JAWA TIMUR,MALANG,KASEMBON,SUKOSARI,KEDIRI
130584083,,ODP-MJT-FB/04,-7.747326,111.964244,,,4,12,0,0,16,REGIONAL 5,KEDIRI,KEDIRI,MJT,,,2024-03-16 23:24:39,42427,2016,2,NON TITO,,,JAWA TIMUR,0.75,YELLOW,7822110,AREA 3,JATIM,MADIUN,KEDIRI,,,0,0,0,JAWA TIMUR,KEDIRI,GROGOL,GROGOL,KEDIRI
130584059,,ODP-MJT-FG/01,-7.764189,112.001039,,,3,5,0,0,8,REGIONAL 5,KEDIRI,KEDIRI,MJT,,,2024-03-16 23:24:48,42427,2016,2,NON TITO,,,JAWA TIMUR,0.625,YELLOW,7822091,AREA 3,JATIM,MADIUN,KEDIRI,,,0,0,0,JAWA TIMUR,KEDIRI,BANYAKAN,NGABLAK,KEDIRI
130583998,,ODP-GUR-FA/10,-7.8184,112.1873,,,5,10,0,0,16,REGIONAL 5,KEDIRI,KEDIRI,GUR,,,2024-03-16 23:25:05,42427,2016,2,NON TITO,,,JAWA TIMUR,0.625,YELLOW,7822044,AREA 3,JATIM,MADIUN,KEDIRI,,,0,0,0,JAWA TIMUR,KEDIRI,PUNCU,SIDOMULYO,KEDIRI
130583822,,ODP-MJT-FL/04,-7.8045,111.9995,,,2,6,0,0,8,REGIONAL 5,KEDIRI,KEDIRI,MJT,,,2024-03-16 23:24:52,42427,2016,2,NON TITO,,,JAWA TIMUR,0.75,YELLOW,7821902,AREA 3,JATIM,MADIUN,KEDIRI,,,0,0,0,JAWA TIMUR,KOTA KEDIRI,MOJOROTO,MOJOROTO,KEDIRI
130583773,,ODP-GUR-FA/08,-7.809384,112.085283,,,8,7,0,0,16,REGIONAL 5,KEDIRI,KEDIRI,GUR,,,2024-03-16 23:24:54,42427,2016,2,NON TITO,,,JAWA TIMUR,0.4375,YELLOW,7821862,AREA 3,JATIM,MADIUN,KEDIRI,,,0,0,0,JAWA TIMUR,KEDIRI,GURAH,GURAH,KEDIRI
130583716,,ODP-MJT-FC/03,-7.7488,111.9773,,,4,12,0,0,16,REGIONAL 5,KEDIRI,KEDIRI,MJT,,,2024-03-16 23:24:48,42427,2016,2,NON TITO,,,JAWA TIMUR,0.75,YELLOW,7821814,AREA 3,JATIM,MADIUN,KEDIRI,,,0,0,0,JAWA TIMUR,KEDIRI,GROGOL,SONOREJO,KEDIRI
130586633,,ODP-WAT-FB/16,-7.91,112.1311,,,3,5,0,0,8,REGIONAL 5,KEDIRI,KEDIRI,WAT,,,2024-03-16 23:25:07,42427,2016,2,NON TITO,,,JAWA TIMUR,0.625,YELLOW,7824067,AREA 3,JATIM,MADIUN,KEDIRI,,,0,0,0,JAWA TIMUR,KEDIRI,WATES,JAJAR,KEDIRI
130583586,,ODP-MJT-FD/01,-7.7561,111.9751,,,9,7,0,0,16,REGIONAL 5,KEDIRI,KEDIRI,MJT,,,2024-03-16 23:24:40,42427,2016,2,NON TITO,,,JAWA TIMUR,0.4375,YELLOW,7821713,AREA 3,JATIM,MADIUN,KEDIRI,,,0,0,0,JAWA TIMUR,KEDIRI,GROGOL,BAKALAN,KEDIRI
130583227,,ODP-MJT-FF/05,-7.7724,112.0095,,,7,9,0,0,16,REGIONAL 5,KEDIRI,KEDIRI,MJT,,,2024-03-16 23:24:50,42427,2016,2,NON TITO,,,JAWA TIMUR,0.5625,YELLOW,7821426,AREA 3,JATIM,MADIUN,KEDIRI,,,0,0,0,JAWA TIMUR,KOTA KEDIRI,MOJOROTO,DERMO,KEDIRI
130583219,,ODP-KAA-FA/03,-7.7842,112.3129,,,8,8,0,0,16,REGIONAL 5,KEDIRI,KEDIRI,KAA,,,2024-03-16 23:24:45,42427,2016,2,NON TITO,,,JAWA TIMUR,0.5,YELLOW,7821422,AREA 3,JATIM,MADIUN,KEDIRI,,,0,0,0,JAWA TIMUR,MALANG,KASEMBON,KASEMBON,KEDIRI
130583210,,ODP-PAE-FA/10,-7.7609,112.1857,,,4,12,0,0,16,REGIONAL 5,KEDIRI,KEDIRI,PAE,,,2024-03-16 23:25:02,42427,2016,2,NON TITO,,,JAWA TIMUR,0.75,YELLOW,7821415,AREA 3,JATIM,MADIUN,KEDIRI,,,0,0,0,JAWA TIMUR,KEDIRI,PARE,TULUNGREJO,KEDIRI
130582872,,ODP-MJT-FD/03,-7.7536,111.9736,,,9,7,0,0,16,REGIONAL 5,KEDIRI,KEDIRI,MJT,,,2024-03-16 23:24:52,42427,2016,2,NON TITO,,,JAWA TIMUR,0.4375,YELLOW,7821145,AREA 3,JATIM,MADIUN,KEDIRI,,,0,0,0,JAWA TIMUR,KEDIRI,GROGOL,SONOREJO,KEDIRI
130582810,,ODP-PAE-FA/06,-7.7589,112.1876,,,3,11,2,0,16,REGIONAL 5,KEDIRI,KEDIRI,PAE,,,2024-03-16 23:23:51,42427,2016,2,NON TITO,,,JAWA TIMUR,0.6875,YELLOW,7821095,AREA 3,JATIM,MADIUN,KEDIRI,,,0,0,0,JAWA TIMUR,KEDIRI,PARE,TULUNGREJO,KEDIRI
130582702,,ODP-MJT-FCLA/03,-7.8197,112.0057,,,5,11,0,0,16,REGIONAL 5,KEDIRI,KEDIRI,MJT,,,2024-03-16 23:24:38,42427,2016,2,NON TITO,,,JAWA TIMUR,0.6875,YELLOW,7821011,AREA 3,JATIM,MADIUN,KEDIRI,,,0,0,0,JAWA TIMUR,KOTA KEDIRI,MOJOROTO,BANDAR LOR,KEDIRI
130582695,,ODP-MJT-FF/07,-7.7816,112.0017,,,6,8,0,0,16,REGIONAL 5,KEDIRI,KEDIRI,MJT,,,2024-03-16 23:24:50,42427,2016,2,NON TITO,,,JAWA TIMUR,0.5,YELLOW,7821005,AREA 3,JATIM,MADIUN,KEDIRI,,,0,0,0,JAWA TIMUR,KOTA KEDIRI,MOJOROTO,MRICAN,KEDIRI
130582654,,ODP-KAA-FA/01,-7.7826,112.3171,,,2,6,0,0,8,REGIONAL 5,KEDIRI,KEDIRI,KAA,,,2024-03-16 23:24:44,42427,2016,2,NON TITO,,,JAWA TIMUR,0.75,YELLOW,7820971,AREA 3,JATIM,MADIUN,KEDIRI,,,0,0,0,JAWA TIMUR,MALANG,KASEMBON,KASEMBON,KEDIRI
130583556,,ODP-GUR-FCLB/01,-7.7635,112.0868,,,2,6,0,0,8,REGIONAL 5,KEDIRI,KEDIRI,GUR,,,2024-03-16 23:24:19,42427,2016,2,NON TITO,,,JAWA TIMUR,0.75,YELLOW,7821689,AREA 3,JATIM,MADIUN,KEDIRI,,,0,0,0,JAWA TIMUR,KEDIRI,PAGU,PAGU,KEDIRI
1053370174,,ODP-MJT-FZ/24,-7.828728,112.001397,,,7,9,0,0,16,REGIONAL 5,KEDIRI,KEDIRI,MJT,,,2024-03-16 23:29:17,42690,2016,11,NON TITO,,,JAWA TIMUR,0.5625,YELLOW,38548012,AREA 3,JATIM,MADIUN,KEDIRI,,,0,0,0,JAWA TIMUR,KOTA KEDIRI,MOJOROTO,BANJAR MLATI,KEDIRI
1053370640,,ODP-MJT-FZ/26,-7.827101,112.005133,,,6,10,0,0,16,REGIONAL 5,KEDIRI,KEDIRI,MJT,,,2024-03-16 23:29:19,42690,2016,11,NON TITO,,,JAWA TIMUR,0.625,YELLOW,38548294,AREA 3,JATIM,MADIUN,KEDIRI,,,0,0,0,JAWA TIMUR,KOTA KEDIRI,MOJOROTO,BANDAR LOR,KEDIRI
1053370863,,ODP-MJT-FZ/23,-7.829949,112.001128,,,5,11,0,0,16,REGIONAL 5,KEDIRI,KEDIRI,MJT,,,2024-03-16 23:29:08,42690,2016,11,NON TITO,,,JAWA TIMUR,0.6875,YELLOW,38548428,AREA 3,JATIM,MADIUN,KEDIRI,,,0,0,0,JAWA TIMUR,KOTA KEDIRI,MOJOROTO,BANJAR MLATI,KEDIRI
3152971454,,ODP-KDI-FBJ/14,-7.822258,112.052515,,,3,5,0,0,8,REGIONAL 5,KEDIRI,KEDIRI,KDI,,,2024-03-16 23:28:54,43439,2018,12,NON TITO,,,JAWA TIMUR,0.625,YELLOW,406966942,AREA 3,JATIM,MADIUN,KEDIRI,,,0,0,0,JAWA TIMUR,KEDIRI,NGASEM,GOGORANTE,KEDIRI
3153718835,,ODP-KDI-FAQ/22,-7.790681,112.027615,,,3,5,0,0,8,REGIONAL 5,KEDIRI,KEDIRI,KDI,,,2024-03-16 23:27:18,43439,2018,12,NON TITO,,,JAWA TIMUR,0.625,YELLOW,406485221,AREA 3,JATIM,MADIUN,KEDIRI,,,0,0,0,JAWA TIMUR,KEDIRI,NGASEM,KWADUNGAN,KEDIRI
3117343924,,ODP-KDI-FC/46,-7.803662,112.043217,,,3,5,0,0,8,REGIONAL 5,KEDIRI,KEDIRI,KDI,,,2024-03-16 23:28:39,43426,2018,11,NON TITO,,,JAWA TIMUR,0.625,YELLOW,406401277,AREA 3,JATIM,MADIUN,KEDIRI,,,0,0,0,JAWA TIMUR,KEDIRI,NGASEM,SUKOREJO,KEDIRI
3117343864,,ODP-KDI-FC/44,-7.804248,112.043824,,,3,5,0,0,8,REGIONAL 5,KEDIRI,KEDIRI,KDI,,,2024-03-16 23:29:01,43426,2018,11,NON TITO,,,JAWA TIMUR,0.625,YELLOW,406401234,AREA 3,JATIM,MADIUN,KEDIRI,,,0,0,0,JAWA TIMUR,KEDIRI,NGASEM,SUKOREJO,KEDIRI
3117343846,,ODP-KDI-FC/48,-7.802256,112.045197,,,4,11,1,0,16,REGIONAL 5,KEDIRI,KEDIRI,KDI,,,2024-03-16 23:28:37,43426,2018,11,NON TITO,,,JAWA TIMUR,0.6875,YELLOW,406401220,AREA 3,JATIM,MADIUN,KEDIRI,,,0,0,0,JAWA TIMUR,KEDIRI,NGASEM,SUKOREJO,KEDIRI
3117343810,,ODP-KDI-FC/43,-7.801871,112.045138,,,4,12,0,0,16,REGIONAL 5,KEDIRI,KEDIRI,KDI,,,2024-03-16 23:29:08,43426,2018,11,NON TITO,,,JAWA TIMUR,0.75,YELLOW,406401193,AREA 3,JATIM,MADIUN,KEDIRI,,,0,0,0,JAWA TIMUR,KEDIRI,NGASEM,SUKOREJO,KEDIRI
3117343795,,ODP-KDI-FC/50,-7.808273,112.041157,,,3,5,0,0,8,REGIONAL 5,KEDIRI,KEDIRI,KDI,,,2024-03-16 23:29:08,43426,2018,11,NON TITO,,,JAWA TIMUR,0.625,YELLOW,406401183,AREA 3,JATIM,MADIUN,KEDIRI,,,0,0,0,JAWA TIMUR,KEDIRI,NGASEM,SUKOREJO,KEDIRI
3117343792,,ODP-KDI-FC/45,-7.80354,112.043828,,,7,9,0,0,16,REGIONAL 5,KEDIRI,KEDIRI,KDI,,,2024-03-16 23:29:15,43426,2018,11,NON TITO,,,JAWA TIMUR,0.5625,YELLOW,406401181,AREA 3,JATIM,MADIUN,KEDIRI,,,0,0,0,JAWA TIMUR,KEDIRI,NGASEM,SUKOREJO,KEDIRI
3117343789,,ODP-KDI-FC/51,-7.809318,112.042757,,,2,6,0,0,8,REGIONAL 5,KEDIRI,KEDIRI,KDI,,,2024-03-16 23:29:14,43426,2018,11,NON TITO,,,JAWA TIMUR,0.75,YELLOW,406401179,AREA 3,JATIM,MADIUN,KEDIRI,,,0,0,0,JAWA TIMUR,KEDIRI,NGASEM,DOKO,KEDIRI
3117343750,,ODP-KDI-FC/47,-7.804453,112.044433,,,4,4,0,0,8,REGIONAL 5,KEDIRI,KEDIRI,KDI,,,2024-03-16 23:28:57,43426,2018,11,NON TITO,,,JAWA TIMUR,0.5,YELLOW,406401145,AREA 3,JATIM,MADIUN,KEDIRI,,,0,0,0,JAWA TIMUR,KEDIRI,NGASEM,SUKOREJO,KEDIRI
3118394059,,ODP-PAE-FL/32,-7.77344,112.180709,,,4,4,0,0,8,REGIONAL 5,KEDIRI,KEDIRI,PAE,,,2024-03-16 23:22:21,43425,2018,11,NON TITO,,,JAWA TIMUR,0.5,YELLOW,406398135,AREA 3,JATIM,MADIUN,KEDIRI,,,0,0,0,JAWA TIMUR,KEDIRI,PARE,GEDANGSEWU,KEDIRI
3106094791,,ODP-MJT-FV/41,-7.829923,111.968387,,,3,5,0,0,8,REGIONAL 5,KEDIRI,KEDIRI,MJT,,,2024-03-16 23:25:38,43420,2018,11,NON TITO,,,JAWA TIMUR,0.625,YELLOW,406372094,AREA 3,JATIM,MADIUN,KEDIRI,,,0,0,0,JAWA TIMUR,KEDIRI,SEMEN,SEMEN,KEDIRI
3106094608,,ODP-KDI-FBK/21,-7.810117,112.039787,,,8,8,0,0,16,REGIONAL 5,KEDIRI,KEDIRI,KDI,,,2024-03-16 23:25:15,43420,2018,11,NON TITO,,,JAWA TIMUR,0.5,YELLOW,406371840,AREA 3,JATIM,MADIUN,KEDIRI,,,0,0,0,JAWA TIMUR,KEDIRI,NGASEM,DOKO,KEDIRI
3106094411,,ODP-KDI-FBK/26,-7.814386,112.038313,,,1,6,0,0,8,REGIONAL 5,KEDIRI,KEDIRI,KDI,,,2024-03-16 23:24:38,43420,2018,11,NON TITO,,,JAWA TIMUR,0.75,YELLOW,406371530,AREA 3,JATIM,MADIUN,KEDIRI,,,0,0,0,JAWA TIMUR,KEDIRI,NGASEM,DOKO,KEDIRI
3106094399,,ODP-KDI-FBK/28,-7.818558,112.03395,,,6,10,0,0,16,REGIONAL 5,KEDIRI,KEDIRI,KDI,,,2024-03-16 23:25:19,43420,2018,11,NON TITO,,,JAWA TIMUR,0.625,YELLOW,406371517,AREA 3,JATIM,MADIUN,KEDIRI,,,0,0,0,JAWA TIMUR,KEDIRI,NGASEM,DOKO,KEDIRI
3106094145,,ODP-KDI-FBK/20,-7.811386,112.039358,,,5,11,0,0,16,REGIONAL 5,KEDIRI,KEDIRI,KDI,,,2024-03-16 23:25:22,43420,2018,11,NON TITO,,,JAWA TIMUR,0.6875,YELLOW,406371216,AREA 3,JATIM,MADIUN,KEDIRI,,,0,0,0,JAWA TIMUR,KEDIRI,NGASEM,DOKO,KEDIRI
3106093586,,ODP-KDI-FBK/25,-7.812862,112.038853,,,3,5,0,0,8,REGIONAL 5,KEDIRI,KEDIRI,KDI,,,2024-03-16 23:25:18,43420,2018,11,NON TITO,,,JAWA TIMUR,0.625,YELLOW,406370753,AREA 3,JATIM,MADIUN,KEDIRI,,,0,0,0,JAWA TIMUR,KEDIRI,NGASEM,DOKO,KEDIRI
3156493992,,ODP-PAE-FL/35,-7.777972,112.195581,,,4,4,0,0,8,REGIONAL 5,KEDIRI,KEDIRI,PAE,,,2024-03-16 23:24:48,43441,2018,12,NON TITO,,,JAWA TIMUR,0.5,YELLOW,407038176,AREA 3,JATIM,MADIUN,KEDIRI,,,0,0,0,JAWA TIMUR,KEDIRI,PARE,GEDANGSEWU,KEDIRI
3113969181,,ODP-KDI-FBG/02,-7.809694,112.045217,,,9,7,0,0,16,REGIONAL 5,KEDIRI,KEDIRI,KDI,,,2024-03-16 23:28:59,43426,2018,11,NON TITO,,,JAWA TIMUR,0.4375,YELLOW,406333086,AREA 3,JATIM,MADIUN,KEDIRI,,,0,0,0,JAWA TIMUR,KEDIRI,NGASEM,SUKOREJO,KEDIRI
3174044023,,ODP-KDI-FBB/41,-7.817597,112.027106,,,6,10,0,0,16,REGIONAL 5,KEDIRI,KEDIRI,KDI,,,2024-03-16 23:24:35,43445,2018,12,NON TITO,,,JAWA TIMUR,0.625,YELLOW,407055208,AREA 3,JATIM,MADIUN,KEDIRI,,,0,0,0,JAWA TIMUR,KOTA KEDIRI,KOTA,BANJARAN,KEDIRI
3174044106,,ODP-KDI-FBB/39,-7.819574,112.029536,,,2,6,0,0,8,REGIONAL 5,KEDIRI,KEDIRI,KDI,,,2024-03-16 23:23:37,43445,2018,12,NON TITO,,,JAWA TIMUR,0.75,YELLOW,407055282,AREA 3,JATIM,MADIUN,KEDIRI,,,0,0,0,JAWA TIMUR,KOTA KEDIRI,KOTA,BANJARAN,KEDIRI
3184168852,,ODP-GUR-FE/17,-7.810798,112.087855,,,3,5,0,0,8,REGIONAL 5,KEDIRI,KEDIRI,GUR,,,2024-03-16 23:24:54,43449,2018,12,NON TITO,,,JAWA TIMUR,0.625,YELLOW,407148758,AREA 3,JATIM,MADIUN,KEDIRI,,,0,0,0,JAWA TIMUR,KEDIRI,GURAH,GURAH,KEDIRI
3171271371,,ODP-MJT-FAN/25,-7.821301,112.0059,,,3,5,0,0,8,REGIONAL 5,KEDIRI,KEDIRI,MJT,,,2024-03-16 23:26:46,43448,2018,12,NON TITO,,,JAWA TIMUR,0.625,YELLOW,407139580,AREA 3,JATIM,MADIUN,KEDIRI,,,0,0,0,JAWA TIMUR,KOTA KEDIRI,MOJOROTO,BANDAR LOR,KEDIRI
3175173400,,ODP-PPR-FG/31,-7.657509,112.155695,,,2,6,0,0,8,REGIONAL 5,KEDIRI,KEDIRI,PPR,,,2024-03-16 23:28:35,43447,2018,12,NON TITO,,,JAWA TIMUR,0.75,YELLOW,407132736,AREA 3,JATIM,MADIUN,KEDIRI,,,0,0,0,JAWA TIMUR,KEDIRI,KUNJANG,KAPI,KEDIRI
3175694367,,ODP-PPR-FE/26,-7.714448,112.070337,,,3,5,0,0,8,REGIONAL 5,KEDIRI,KEDIRI,PPR,,,2024-03-16 23:26:30,43446,2018,12,NON TITO,,,JAWA TIMUR,0.625,YELLOW,407131985,AREA 3,JATIM,MADIUN,KEDIRI,,,0,0,0,JAWA TIMUR,KEDIRI,PAPAR,JANTI,KEDIRI
3175693844,,ODP-PPR-FE/27,-7.721357,112.063799,,,2,6,0,0,8,REGIONAL 5,KEDIRI,KEDIRI,PPR,,,2024-03-16 23:27:20,43446,2018,12,NON TITO,,,JAWA TIMUR,0.75,YELLOW,407131571,AREA 3,JATIM,MADIUN,KEDIRI,,,0,0,0,JAWA TIMUR,KEDIRI,PAPAR,MINGGIRAN,KEDIRI
3174044453,,ODP-KDI-FBB/31,-7.81829,112.023911,,,4,12,0,0,16,REGIONAL 5,KEDIRI,KEDIRI,KDI,,,2024-03-16 23:24:49,43445,2018,12,NON TITO,,,JAWA TIMUR,0.75,YELLOW,407122878,AREA 3,JATIM,MADIUN,KEDIRI,,,0,0,0,JAWA TIMUR,KOTA KEDIRI,KOTA,BANJARAN,KEDIRI
3174044380,,ODP-KDI-FBB/32,-7.818516,112.024861,,,3,12,0,0,16,REGIONAL 5,KEDIRI,KEDIRI,KDI,,,2024-03-16 23:24:39,43445,2018,12,NON TITO,,,JAWA TIMUR,0.75,YELLOW,407122829,AREA 3,JATIM,MADIUN,KEDIRI,,,0,0,0,JAWA TIMUR,KOTA KEDIRI,KOTA,BANJARAN,KEDIRI
3174044187,,ODP-KDI-FBB/36,-7.817358,112.027481,,,4,4,0,0,8,REGIONAL 5,KEDIRI,KEDIRI,KDI,,,2024-03-16 23:24:30,43445,2018,12,NON TITO,,,JAWA TIMUR,0.5,YELLOW,407122731,AREA 3,JATIM,MADIUN,KEDIRI,,,0,0,0,JAWA TIMUR,KOTA KEDIRI,KOTA,BANJARAN,KEDIRI
3173594607,,ODP-WAT-FL/33,-7.889217,112.080552,,,3,5,0,0,8,REGIONAL 5,KEDIRI,KEDIRI,WAT,,,2024-03-16 23:26:21,43445,2018,12,NON TITO,,,JAWA TIMUR,0.625,YELLOW,407118155,AREA 3,JATIM,MADIUN,KEDIRI,,,0,0,0,JAWA TIMUR,KEDIRI,WATES,PAGU,KEDIRI
3184168682,,ODP-GUR-FE/16,-7.807585,112.088431,,,2,6,0,0,8,REGIONAL 5,KEDIRI,KEDIRI,GUR,,,2024-03-16 23:25:46,43449,2018,12,NON TITO,,,JAWA TIMUR,0.75,YELLOW,407077318,AREA 3,JATIM,MADIUN,KEDIRI,,,0,0,0,JAWA TIMUR,KEDIRI,GURAH,GURAH,KEDIRI
3173520382,,ODP-PPR-FE/28,-7.740107,112.073604,,,3,5,0,0,8,REGIONAL 5,KEDIRI,KEDIRI,PPR,,,2024-03-16 23:23:50,43446,2018,12,NON TITO,,,JAWA TIMUR,0.625,YELLOW,407063175,AREA 3,JATIM,MADIUN,KEDIRI,,,0,0,0,JAWA TIMUR,KEDIRI,KAYEN KIDUL,SENDEN,KEDIRI
3173519813,,ODP-PPR-FE/29,-7.738743,112.069772,,,3,5,0,0,8,REGIONAL 5,KEDIRI,KEDIRI,PPR,,,2024-03-16 23:24:36,43446,2018,12,NON TITO,,,JAWA TIMUR,0.625,YELLOW,407062820,AREA 3,JATIM,MADIUN,KEDIRI,,,0,0,0,JAWA TIMUR,KEDIRI,KAYEN KIDUL,SENDEN,KEDIRI
3174044385,,ODP-KDI-FBB/27,-7.819379,112.024809,,,8,8,0,0,16,REGIONAL 5,KEDIRI,KEDIRI,KDI,,,2024-03-16 23:24:34,43445,2018,12,NON TITO,,,JAWA TIMUR,0.5,YELLOW,407055431,AREA 3,JATIM,MADIUN,KEDIRI,,,0,0,0,JAWA TIMUR,KOTA KEDIRI,KOTA,BANJARAN,KEDIRI
3174044338,,ODP-KDI-FBB/40,-7.819801,112.028613,,,4,12,0,0,16,REGIONAL 5,KEDIRI,KEDIRI,KDI,,,2024-03-16 23:23:54,43445,2018,12,NON TITO,,,JAWA TIMUR,0.75,YELLOW,407055413,AREA 3,JATIM,MADIUN,KEDIRI,,,0,0,0,JAWA TIMUR,KOTA KEDIRI,KOTA,BANJARAN,KEDIRI
3174044296,,ODP-KDI-FBB/38,-7.818324,112.028963,,,4,4,0,0,8,REGIONAL 5,KEDIRI,KEDIRI,KDI,,,2024-03-16 23:24:27,43445,2018,12,NON TITO,,,JAWA TIMUR,0.5,YELLOW,407055390,AREA 3,JATIM,MADIUN,KEDIRI,,,0,0,0,JAWA TIMUR,KOTA KEDIRI,KOTA,BANJARAN,KEDIRI
3174044235,,ODP-KDI-FBB/35,-7.817867,112.02792,,,6,10,0,0,16,REGIONAL 5,KEDIRI,KEDIRI,KDI,,,2024-03-16 23:24:29,43445,2018,12,NON TITO,,,JAWA TIMUR,0.625,YELLOW,407055359,AREA 3,JATIM,MADIUN,KEDIRI,,,0,0,0,JAWA TIMUR,KOTA KEDIRI,KOTA,BANJARAN,KEDIRI
3174044182,,ODP-KDI-FBB/26,-7.819758,112.026631,,,6,10,0,0,16,REGIONAL 5,KEDIRI,KEDIRI,KDI,,,2024-03-16 23:24:40,43445,2018,12,NON TITO,,,JAWA TIMUR,0.625,YELLOW,407055333,AREA 3,JATIM,MADIUN,KEDIRI,,,0,0,0,JAWA TIMUR,KOTA KEDIRI,KOTA,BANJARAN,KEDIRI
3174044028,,ODP-KDI-FBB/29,-7.818892,112.02247,,,5,11,0,0,16,REGIONAL 5,KEDIRI,KEDIRI,KDI,,,2024-03-16 23:24:26,43445,2018,12,NON TITO,,,JAWA TIMUR,0.6875,YELLOW,407055213,AREA 3,JATIM,MADIUN,KEDIRI,,,0,0,0,JAWA TIMUR,KOTA KEDIRI,KOTA,BANJARAN,KEDIRI
3192568600,,ODP-PAE-FS/26,-7.845802,112.17479,,,2,6,0,0,8,REGIONAL 5,KEDIRI,KEDIRI,PAE,,,2024-03-16 23:29:09,43452,2018,12,NON TITO,,,JAWA TIMUR,0.75,YELLOW,407266197,AREA 3,JATIM,MADIUN,KEDIRI,,,0,0,0,JAWA TIMUR,KEDIRI,PLOSOKLATEN,PRANGGANG,KEDIRI
3107520190,,ODP-NDL-FD/47,-7.936618,111.951977,,,2,6,0,0,8,REGIONAL 5,KEDIRI,KEDIRI,NDL,,,2024-03-16 23:22:00,43421,2018,11,NON TITO,,,JAWA TIMUR,0.75,YELLOW,406310037,AREA 3,JATIM,MADIUN,KEDIRI,,,0,0,0,JAWA TIMUR,KEDIRI,MOJO,MAESAN,KEDIRI
3106170133,,ODP-KDI-FG/68,-7.833353,112.047729,,,7,9,0,0,16,REGIONAL 5,KEDIRI,KEDIRI,KDI,,,2024-03-16 23:27:07,43420,2018,11,NON TITO,,,JAWA TIMUR,0.5625,YELLOW,406300972,AREA 3,JATIM,MADIUN,KEDIRI,,,0,0,0,JAWA TIMUR,KOTA KEDIRI,PESANTREN,BANGSAL,KEDIRI
3045420121,,ODP-MJT-FC/23,-7.74887,111.971319,,,2,6,0,0,8,REGIONAL 5,KEDIRI,KEDIRI,MJT,,,2024-03-16 23:26:20,43398,2018,10,NON TITO,,,JAWA TIMUR,0.75,YELLOW,405880419,AREA 3,JATIM,MADIUN,KEDIRI,,,0,0,0,JAWA TIMUR,KEDIRI,GROGOL,SONOREJO,KEDIRI
3044444457,,ODP-MJT-FAB/07,-7.778825,111.996231,,,2,6,0,0,8,REGIONAL 5,KEDIRI,KEDIRI,MJT,,,2024-03-16 23:28:37,43397,2018,10,NON TITO,,,JAWA TIMUR,0.75,YELLOW,405870629,AREA 3,JATIM,MADIUN,KEDIRI,,,0,0,0,JAWA TIMUR,KOTA KEDIRI,MOJOROTO,MRICAN,KEDIRI
3046468549,,ODP-MJT-FD/20,-7.761905,111.977721,,,3,5,0,0,8,REGIONAL 5,KEDIRI,KEDIRI,MJT,,,2024-03-16 23:26:59,43396,2018,10,NON TITO,,,JAWA TIMUR,0.625,YELLOW,405864393,AREA 3,JATIM,MADIUN,KEDIRI,,,0,0,0,JAWA TIMUR,KEDIRI,BANYAKAN,BANYARKAN,KEDIRI
3039793528,,ODP-MJT-FAJ/06,-7.811084,111.996681,,,4,4,0,0,8,REGIONAL 5,KEDIRI,KEDIRI,MJT,,,2024-03-16 23:28:33,43393,2018,10,NON TITO,,,JAWA TIMUR,0.5,YELLOW,405853152,AREA 3,JATIM,MADIUN,KEDIRI,,,0,0,0,JAWA TIMUR,KOTA KEDIRI,MOJOROTO,MOJOROTO,KEDIRI
3044372548,,ODP-MJT-FX/29,-7.828003,111.987365,,,2,6,0,0,8,REGIONAL 5,KEDIRI,KEDIRI,MJT,,,2024-03-16 23:27:18,43398,2018,10,NON TITO,,,JAWA TIMUR,0.75,YELLOW,405810564,AREA 3,JATIM,MADIUN,KEDIRI,,,0,0,0,JAWA TIMUR,KOTA KEDIRI,MOJOROTO,CAMPUREJO,KEDIRI
3044444422,,ODP-MJT-FAB/06,-7.77555,111.98319,,,3,5,0,0,8,REGIONAL 5,KEDIRI,KEDIRI,MJT,,,2024-03-16 23:28:49,43397,2018,10,NON TITO,,,JAWA TIMUR,0.625,YELLOW,405797828,AREA 3,JATIM,MADIUN,KEDIRI,,,0,0,0,JAWA TIMUR,KEDIRI,BANYAKAN,MANYARAN,KEDIRI
2987368975,,ODP-KDI-FN/18,-7.774217,112.03068,,,2,6,0,0,8,REGIONAL 5,KEDIRI,KEDIRI,KDI,,,2024-03-16 23:23:21,43379,2018,10,NON TITO,,,JAWA TIMUR,0.75,YELLOW,405130948,AREA 3,JATIM,MADIUN,KEDIRI,,,0,0,0,JAWA TIMUR,KEDIRI,GAMPENGREJO,SAMBIRESIK,KEDIRI
2987368950,,ODP-KDI-FN/20,-7.772566,112.037721,,,2,6,0,0,8,REGIONAL 5,KEDIRI,KEDIRI,KDI,,,2024-03-16 23:22:47,43379,2018,10,NON TITO,,,JAWA TIMUR,0.75,YELLOW,405130933,AREA 3,JATIM,MADIUN,KEDIRI,,,0,0,0,JAWA TIMUR,KEDIRI,GAMPENGREJO,SAMBIRESIK,KEDIRI
2993295340,,ODP-KDI-FAB/35,-7.772347,112.027144,,,5,11,0,0,16,REGIONAL 5,KEDIRI,KEDIRI,KDI,,,2024-03-16 23:22:46,43378,2018,10,NON TITO,,,JAWA TIMUR,0.6875,YELLOW,405120358,AREA 3,JATIM,MADIUN,KEDIRI,,,0,0,0,JAWA TIMUR,KEDIRI,GAMPENGREJO,SAMBIRESIK,KEDIRI
2993295026,,ODP-KDI-FAB/37,-7.774869,112.021537,,,3,5,0,0,8,REGIONAL 5,KEDIRI,KEDIRI,KDI,,,2024-03-16 23:23:04,43378,2018,10,NON TITO,,,JAWA TIMUR,0.625,YELLOW,405120235,AREA 3,JATIM,MADIUN,KEDIRI,,,0,0,0,JAWA TIMUR,KEDIRI,GAMPENGREJO,PUTIH,KEDIRI
2993295006,,ODP-KDI-FAB/38,-7.776051,112.019865,,,2,6,0,0,8,REGIONAL 5,KEDIRI,KEDIRI,KDI,,,2024-03-16 23:22:44,43378,2018,10,NON TITO,,,JAWA TIMUR,0.75,YELLOW,405062039,AREA 3,JATIM,MADIUN,KEDIRI,,,0,0,0,JAWA TIMUR,KEDIRI,GAMPENGREJO,PUTIH,KEDIRI
2986168823,,ODP-KDI-FAN/12,-7.810029,112.02324,,,3,5,0,0,8,REGIONAL 5,KEDIRI,KEDIRI,KDI,,,2024-03-16 23:26:00,43376,2018,10,NON TITO,,,JAWA TIMUR,0.625,YELLOW,405054443,AREA 3,JATIM,MADIUN,KEDIRI,,,0,0,0,JAWA TIMUR,KOTA KEDIRI,KOTA,DANDANGAN,KEDIRI
2979870121,,ODP-KDI-FT/20,-7.826631,112.07018,,,2,6,0,0,8,REGIONAL 5,KEDIRI,KEDIRI,KDI,,,2024-03-16 23:23:00,43375,2018,10,NON TITO,,,JAWA TIMUR,0.75,YELLOW,405041627,AREA 3,JATIM,MADIUN,KEDIRI,,,0,0,0,JAWA TIMUR,KEDIRI,NGASEM,TUGUREJO,KEDIRI
2979869786,,ODP-KDI-FAQ/21,-7.798019,112.036496,,,6,10,0,0,16,REGIONAL 5,KEDIRI,KEDIRI,KDI,,,2024-03-16 23:23:27,43375,2018,10,NON TITO,,,JAWA TIMUR,0.625,YELLOW,405041318,AREA 3,JATIM,MADIUN,KEDIRI,,,0,0,0,JAWA TIMUR,KEDIRI,NGASEM,KARANGREJO,KEDIRI
2979869035,,ODP-KDI-FAQ/20,-7.799412,112.036077,,,2,6,0,0,8,REGIONAL 5,KEDIRI,KEDIRI,KDI,,,2024-03-16 23:23:03,43375,2018,10,NON TITO,,,JAWA TIMUR,0.75,YELLOW,405040699,AREA 3,JATIM,MADIUN,KEDIRI,,,0,0,0,JAWA TIMUR,KEDIRI,NGASEM,KARANGREJO,KEDIRI
2975444391,,ODP-KDI-FV/68,-7.833836,112.048979,,,4,4,0,0,8,REGIONAL 5,KEDIRI,KEDIRI,KDI,,,2024-03-16 23:21:43,43372,2018,9,NON TITO,,,JAWA TIMUR,0.5,YELLOW,405026179,AREA 3,JATIM,MADIUN,KEDIRI,,,0,0,0,JAWA TIMUR,KOTA KEDIRI,PESANTREN,BANGSAL,KEDIRI
2965919659,,ODP-KDI-FAQ/19,-7.791856,112.029393,,,4,4,0,0,8,REGIONAL 5,KEDIRI,KEDIRI,KDI,,,2024-03-16 23:23:20,43370,2018,9,NON TITO,,,JAWA TIMUR,0.5,YELLOW,404405040,AREA 3,JATIM,MADIUN,KEDIRI,,,0,0,0,JAWA TIMUR,KEDIRI,NGASEM,KWADUNGAN,KEDIRI
3052094048,,ODP-PAE-FU/35,-7.80925,112.262083,,,2,6,0,0,8,REGIONAL 5,KEDIRI,KEDIRI,PAE,,,2024-03-16 23:26:09,43402,2018,10,NON TITO,,,JAWA TIMUR,0.75,YELLOW,405923489,AREA 3,JATIM,MADIUN,KEDIRI,,,0,0,0,JAWA TIMUR,KEDIRI,KEPUNG,KEPUNG,KEDIRI
3106170214,,ODP-KDI-FG/66,-7.831933,112.044093,,,2,6,0,0,8,REGIONAL 5,KEDIRI,KEDIRI,KDI,,,2024-03-16 23:28:12,43420,2018,11,NON TITO,,,JAWA TIMUR,0.75,YELLOW,406301052,AREA 3,JATIM,MADIUN,KEDIRI,,,0,0,0,JAWA TIMUR,KOTA KEDIRI,PESANTREN,BANGSAL,KEDIRI
3063943689,,ODP-PAE-FU/33,-7.86437,112.26724,,,3,5,0,0,8,REGIONAL 5,KEDIRI,KEDIRI,PAE,,,2024-03-16 23:24:51,43406,2018,11,NON TITO,,,JAWA TIMUR,0.625,YELLOW,405999818,AREA 3,JATIM,MADIUN,KEDIRI,,,0,0,0,JAWA TIMUR,KEDIRI,PUNCU,PUNCU,KEDIRI
3077369003,,ODP-NDL-FE/54,-7.955002,111.964789,,,3,5,0,0,8,REGIONAL 5,KEDIRI,KEDIRI,NDL,,,2024-03-16 23:24:35,43409,2018,11,NON TITO,,,JAWA TIMUR,0.625,YELLOW,406016980,AREA 3,JATIM,MADIUN,KEDIRI,,,0,0,0,JAWA TIMUR,KEDIRI,KRAS,KRAS,KEDIRI
3106094138,,ODP-KDI-FBK/32,-7.815086,112.035074,,,6,10,0,0,16,REGIONAL 5,KEDIRI,KEDIRI,KDI,,,2024-03-16 23:25:29,43420,2018,11,NON TITO,,,JAWA TIMUR,0.625,YELLOW,406300508,AREA 3,JATIM,MADIUN,KEDIRI,,,0,0,0,JAWA TIMUR,KEDIRI,NGASEM,DOKO,KEDIRI
3106093960,,ODP-KDI-FBK/31,-7.81507,112.035028,,,9,7,0,0,16,REGIONAL 5,KEDIRI,KEDIRI,KDI,,,2024-03-16 23:24:42,43420,2018,11,NON TITO,,,JAWA TIMUR,0.4375,YELLOW,406300320,AREA 3,JATIM,MADIUN,KEDIRI,,,0,0,0,JAWA TIMUR,KOTA KEDIRI,KOTA,BANJARAN,KEDIRI
3093194113,,ODP-MJT-FH/31,-7.836183,111.99392,,,4,4,0,0,8,REGIONAL 5,KEDIRI,KEDIRI,MJT,,,2024-03-16 23:26:21,43416,2018,11,NON TITO,,,JAWA TIMUR,0.5,YELLOW,406219095,AREA 3,JATIM,MADIUN,KEDIRI,,,0,0,0,JAWA TIMUR,KOTA KEDIRI,MOJOROTO,BANJARMLATI,KEDIRI
3093193995,,ODP-MJT-FZ/28,-7.827277,112.002484,,,3,5,0,0,8,REGIONAL 5,KEDIRI,KEDIRI,MJT,,,2024-03-16 23:25:39,43416,2018,11,NON TITO,,,JAWA TIMUR,0.625,YELLOW,406219015,AREA 3,JATIM,MADIUN,KEDIRI,,,0,0,0,JAWA TIMUR,KOTA KEDIRI,MOJOROTO,BANDAR LOR,KEDIRI
3093193990,,ODP-MJT-FH/30,-7.83451,111.994469,,,3,5,0,0,8,REGIONAL 5,KEDIRI,KEDIRI,MJT,,,2024-03-16 23:26:20,43416,2018,11,NON TITO,,,JAWA TIMUR,0.625,YELLOW,406219012,AREA 3,JATIM,MADIUN,KEDIRI,,,0,0,0,JAWA TIMUR,KOTA KEDIRI,MOJOROTO,BANJAR MLATI,KEDIRI
3084568977,,ODP-MJT-FF/42,-7.780337,112.00597,,,2,6,0,0,8,REGIONAL 5,KEDIRI,KEDIRI,MJT,,,2024-03-16 23:23:34,43412,2018,11,NON TITO,,,JAWA TIMUR,0.75,YELLOW,406139677,AREA 3,JATIM,MADIUN,KEDIRI,,,0,0,0,JAWA TIMUR,KOTA KEDIRI,MOJOROTO,MRICAN,KEDIRI
3085169692,,ODP-MJT-FAJ/09,-7.809939,111.996886,,,3,5,0,0,8,REGIONAL 5,KEDIRI,KEDIRI,MJT,,,2024-03-16 23:25:47,43412,2018,11,NON TITO,,,JAWA TIMUR,0.625,YELLOW,406138257,AREA 3,JATIM,MADIUN,KEDIRI,,,0,0,0,JAWA TIMUR,KOTA KEDIRI,MOJOROTO,MOJOROTO,KEDIRI
3083295096,,ODP-MJT-FB/54,-7.748345,111.960518,,,9,7,0,0,16,REGIONAL 5,KEDIRI,KEDIRI,MJT,,,2024-03-16 23:24:10,43412,2018,11,NON TITO,,,JAWA TIMUR,0.4375,YELLOW,406108509,AREA 3,JATIM,MADIUN,KEDIRI,,,0,0,0,JAWA TIMUR,KEDIRI,GROGOL,GROGOL,KEDIRI
3083294694,,ODP-MJT-FF/41,-7.781658,112.000397,,,4,12,0,0,16,REGIONAL 5,KEDIRI,KEDIRI,MJT,,,2024-03-16 23:24:11,43412,2018,11,NON TITO,,,JAWA TIMUR,0.75,YELLOW,406108266,AREA 3,JATIM,MADIUN,KEDIRI,,,0,0,0,JAWA TIMUR,KOTA KEDIRI,MOJOROTO,MRICAN,KEDIRI
3083294632,,ODP-MJT-FAB/08,-7.773447,111.985769,,,3,5,0,0,8,REGIONAL 5,KEDIRI,KEDIRI,MJT,,,2024-03-16 23:23:44,43412,2018,11,NON TITO,,,JAWA TIMUR,0.625,YELLOW,406108227,AREA 3,JATIM,MADIUN,KEDIRI,,,0,0,0,JAWA TIMUR,KEDIRI,BANYAKAN,MANYARAN,KEDIRI
3083294169,,ODP-SBI-FA/04,-7.971126,112.027938,,,2,6,0,0,8,REGIONAL 5,KEDIRI,KEDIRI,SBI,,,2024-03-16 23:23:23,43412,2018,11,NON TITO,,,JAWA TIMUR,0.75,YELLOW,406107985,AREA 3,JATIM,MADIUN,KEDIRI,,,0,0,0,JAWA TIMUR,KEDIRI,RINGINREJO,SUSUHBANGO,KEDIRI
3083293627,,ODP-MJT-FB/52,-7.741347,111.965425,,,3,5,0,0,8,REGIONAL 5,KEDIRI,KEDIRI,MJT,,,2024-03-16 23:23:45,43412,2018,11,NON TITO,,,JAWA TIMUR,0.625,YELLOW,406107656,AREA 3,JATIM,MADIUN,KEDIRI,,,0,0,0,JAWA TIMUR,KEDIRI,GROGOL,CERME,KEDIRI
3074368642,,ODP-KDI-FAE/68,-7.850943,112.039988,,,2,6,0,0,8,REGIONAL 5,KEDIRI,KEDIRI,KDI,,,2024-03-16 23:25:53,43409,2018,11,NON TITO,,,JAWA TIMUR,0.75,YELLOW,406093828,AREA 3,JATIM,MADIUN,KEDIRI,,,0,0,0,JAWA TIMUR,KOTA KEDIRI,PESANTREN,BETET,KEDIRI
3095295214,,ODP-MJT-FAN/24,-7.818393,112.005802,,,2,6,0,0,8,REGIONAL 5,KEDIRI,KEDIRI,MJT,,,2024-03-16 23:27:56,43418,2018,11,NON TITO,,,JAWA TIMUR,0.75,YELLOW,406057818,AREA 3,JATIM,MADIUN,KEDIRI,,,0,0,0,JAWA TIMUR,KOTA KEDIRI,MOJOROTO,BANDAR LOR,KEDIRI
3097168752,,ODP-MJT-FX/31,-7.829696,111.995903,,,3,5,0,0,8,REGIONAL 5,KEDIRI,KEDIRI,MJT,,,2024-03-16 23:28:25,43416,2018,11,NON TITO,,,JAWA TIMUR,0.625,YELLOW,406047634,AREA 3,JATIM,MADIUN,KEDIRI,,,0,0,0,JAWA TIMUR,KOTA KEDIRI,MOJOROTO,LIRBOYO,KEDIRI
3074671181,,ODP-KDI-FBH/22,-7.810598,112.061877,,,5,11,0,0,16,REGIONAL 5,KEDIRI,KEDIRI,KDI,,,2024-03-16 23:29:07,43411,2018,11,NON TITO,,,JAWA TIMUR,0.6875,YELLOW,406027618,AREA 3,JATIM,MADIUN,KEDIRI,,,0,0,0,JAWA TIMUR,KEDIRI,NGASEM,SUMBEREJO,KEDIRI
3077369043,,ODP-NDL-FE/53,-7.957376,111.972299,,,2,6,0,0,8,REGIONAL 5,KEDIRI,KEDIRI,NDL,,,2024-03-16 23:24:24,43409,2018,11,NON TITO,,,JAWA TIMUR,0.75,YELLOW,406017004,AREA 3,JATIM,MADIUN,KEDIRI,,,0,0,0,JAWA TIMUR,KEDIRI,KRAS,KRAS,KEDIRI
3063943808,,ODP-PAE-FU/34,-7.807874,112.257136,,,2,6,0,0,8,REGIONAL 5,KEDIRI,KEDIRI,PAE,,,2024-03-16 23:24:50,43406,2018,11,NON TITO,,,JAWA TIMUR,0.75,YELLOW,405999889,AREA 3,JATIM,MADIUN,KEDIRI,,,0,0,0,JAWA TIMUR,KEDIRI,KEPUNG,KEPUNG,KEDIRI
2965919613,,ODP-KDI-FAY/05,-7.839659,112.030368,,,4,4,0,0,8,REGIONAL 5,KEDIRI,KEDIRI,KDI,,,2024-03-16 23:22:35,43370,2018,9,NON TITO,,,JAWA TIMUR,0.5,YELLOW,404404999,AREA 3,JATIM,MADIUN,KEDIRI,,,0,0,0,JAWA TIMUR,KOTA KEDIRI,PESANTREN,BANARAN,KEDIRI
3192719144,,ODP-MJT-FAE/31,-7.794658,112.001138,,,4,4,0,0,8,REGIONAL 5,KEDIRI,KEDIRI,MJT,,,2024-03-16 23:26:40,43452,2018,12,NON TITO,,,JAWA TIMUR,0.5,YELLOW,407267169,AREA 3,JATIM,MADIUN,KEDIRI,,,0,0,0,JAWA TIMUR,KOTA KEDIRI,MOJOROTO,MOJOROTO,KEDIRI
3206968786,,ODP-GUR-FJ/07,-7.78269,112.080272,,,3,5,0,0,8,REGIONAL 5,KEDIRI,KEDIRI,GUR,,,2024-03-16 23:27:21,43455,2018,12,NON TITO,,,JAWA TIMUR,0.625,YELLOW,407284116,AREA 3,JATIM,MADIUN,KEDIRI,,,0,0,0,JAWA TIMUR,KEDIRI,PAGU,MENANG,KEDIRI
3251294632,,ODP-KDI-FP/38,-7.817085,112.033889,,,7,9,0,0,16,REGIONAL 5,KEDIRI,KEDIRI,KDI,,,2024-03-16 23:23:38,43477,2019,1,NON TITO,,,JAWA TIMUR,0.5625,YELLOW,448230410,AREA 3,JATIM,MADIUN,KEDIRI,,,0,0,0,JAWA TIMUR,KOTA KEDIRI,KOTA,BANJARAN,KEDIRI
3251294624,,ODP-KDI-FP/39,-7.816825,112.033221,,,6,10,0,0,16,REGIONAL 5,KEDIRI,KEDIRI,KDI,,,2024-03-16 23:23:23,43477,2019,1,NON TITO,,,JAWA TIMUR,0.625,YELLOW,448230405,AREA 3,JATIM,MADIUN,KEDIRI,,,0,0,0,JAWA TIMUR,KOTA KEDIRI,KOTA,BANJARAN,KEDIRI
3251294549,,ODP-KDI-FP/28,-7.818045,112.031623,,,4,4,0,0,8,REGIONAL 5,KEDIRI,KEDIRI,KDI,,,2024-03-16 23:23:34,43477,2019,1,NON TITO,,,JAWA TIMUR,0.5,YELLOW,448230360,AREA 3,JATIM,MADIUN,KEDIRI,,,0,0,0,JAWA TIMUR,KOTA KEDIRI,KOTA,BANJARAN,KEDIRI
3251294539,,ODP-KDI-FP/41,-7.815942,112.033592,,,7,9,0,0,16,REGIONAL 5,KEDIRI,KEDIRI,KDI,,,2024-03-16 23:21:01,43477,2019,1,NON TITO,,,JAWA TIMUR,0.5625,YELLOW,448230354,AREA 3,JATIM,MADIUN,KEDIRI,,,0,0,0,JAWA TIMUR,KOTA KEDIRI,KOTA,BANJARAN,KEDIRI
3236446900,,ODP-NDL-FD/54,-7.874254,111.975221,,,3,5,0,0,8,REGIONAL 5,KEDIRI,KEDIRI,NDL,,,2024-03-16 23:28:28,43476,2019,1,NON TITO,,,JAWA TIMUR,0.625,YELLOW,448223939,AREA 3,JATIM,MADIUN,KEDIRI,,,0,0,0,JAWA TIMUR,KEDIRI,MOJO,SUKOANYAR,KEDIRI
3229248640,,ODP-MJT-FH/34,-7.841858,111.991054,,,2,6,0,0,8,REGIONAL 5,KEDIRI,KEDIRI,MJT,,,2024-03-16 23:22:06,43475,2019,1,NON TITO,,,JAWA TIMUR,0.75,YELLOW,448222640,AREA 3,JATIM,MADIUN,KEDIRI,,,0,0,0,JAWA TIMUR,KEDIRI,SEMEN,SIDOMULYO,KEDIRI
3223094998,,ODP-NDL-FD/58,-7.90798,111.96009,,,4,4,0,0,8,REGIONAL 5,KEDIRI,KEDIRI,NDL,,,2024-03-16 23:22:38,43472,2019,1,NON TITO,,,JAWA TIMUR,0.5,YELLOW,431565939,AREA 3,JATIM,MADIUN,KEDIRI,,,0,0,0,JAWA TIMUR,KEDIRI,MOJO,TAMBIBENDO,KEDIRI
3237793639,,ODP-NDL-FE/56,-7.95022,111.96623,,,2,6,0,0,8,REGIONAL 5,KEDIRI,KEDIRI,NDL,,,2024-03-16 23:27:20,43470,2019,1,NON TITO,,,JAWA TIMUR,0.75,YELLOW,423850218,AREA 3,JATIM,MADIUN,KEDIRI,,,0,0,0,JAWA TIMUR,KEDIRI,KRAS,BANJARANYAR,KEDIRI
3207496595,,ODP-MJT-FP/28,-7.821739,111.998423,,,4,4,0,0,8,REGIONAL 5,KEDIRI,KEDIRI,MJT,,,2024-03-16 23:27:06,43467,2019,1,NON TITO,,,JAWA TIMUR,0.5,YELLOW,422937543,AREA 3,JATIM,MADIUN,KEDIRI,,,0,0,0,JAWA TIMUR,KOTA KEDIRI,MOJOROTO,BANDAR LOR,KEDIRI
3208694891,,ODP-KDI-FAS/47,-7.806641,112.033668,,,3,5,0,0,8,REGIONAL 5,KEDIRI,KEDIRI,KDI,,,2024-03-16 23:24:02,43468,2019,1,NON TITO,,,JAWA TIMUR,0.625,YELLOW,408773414,AREA 3,JATIM,MADIUN,KEDIRI,,,0,0,0,JAWA TIMUR,KEDIRI,NGASEM,SUKOREJO,KEDIRI
3209668903,,ODP-GUR-FD/12,-7.783376,112.064702,,,2,6,0,0,8,REGIONAL 5,KEDIRI,KEDIRI,GUR,,,2024-03-16 23:23:11,43464,2018,12,NON TITO,,,JAWA TIMUR,0.75,YELLOW,408618663,AREA 3,JATIM,MADIUN,KEDIRI,,,0,0,0,JAWA TIMUR,KEDIRI,PAGU,TANJUNG,KEDIRI
3209668843,,ODP-GUR-FD/15,-7.783866,112.067566,,,2,6,0,0,8,REGIONAL 5,KEDIRI,KEDIRI,GUR,,,2024-03-16 23:23:09,43464,2018,12,NON TITO,,,JAWA TIMUR,0.75,YELLOW,408618622,AREA 3,JATIM,MADIUN,KEDIRI,,,0,0,0,JAWA TIMUR,KEDIRI,PAGU,TANJUNG,KEDIRI
3209668823,,ODP-GUR-FD/14,-7.78518,112.06423,,,4,4,0,0,8,REGIONAL 5,KEDIRI,KEDIRI,GUR,,,2024-03-16 23:23:06,43464,2018,12,NON TITO,,,JAWA TIMUR,0.5,YELLOW,408618603,AREA 3,JATIM,MADIUN,KEDIRI,,,0,0,0,JAWA TIMUR,KEDIRI,PAGU,TANJUNG,KEDIRI
3209668818,,ODP-GUR-FD/21,-7.791648,112.08134,,,3,5,0,0,8,REGIONAL 5,KEDIRI,KEDIRI,GUR,,,2024-03-16 23:23:03,43464,2018,12,NON TITO,,,JAWA TIMUR,0.625,YELLOW,408618595,AREA 3,JATIM,MADIUN,KEDIRI,,,0,0,0,JAWA TIMUR,KEDIRI,PAGU,KAMBINGAN,KEDIRI
3209668808,,ODP-GUR-FD/11,-7.782231,112.063913,,,7,8,0,0,16,REGIONAL 5,KEDIRI,KEDIRI,GUR,,,2024-03-16 23:23:00,43464,2018,12,NON TITO,,,JAWA TIMUR,0.5,YELLOW,408618583,AREA 3,JATIM,MADIUN,KEDIRI,,,0,0,0,JAWA TIMUR,KEDIRI,PAGU,TANJUNG,KEDIRI
3204424466,,ODP-GUR-FB/33,-7.806386,112.087129,,,3,5,0,0,8,REGIONAL 5,KEDIRI,KEDIRI,GUR,,,2024-03-16 23:21:44,43464,2018,12,NON TITO,,,JAWA TIMUR,0.625,YELLOW,408618095,AREA 3,JATIM,MADIUN,KEDIRI,,,0,0,0,JAWA TIMUR,KEDIRI,GURAH,GURAH,KEDIRI
3204424461,,ODP-GUR-FB/31,-7.807977,112.08766,,,9,7,0,0,16,REGIONAL 5,KEDIRI,KEDIRI,GUR,,,2024-03-16 23:21:38,43464,2018,12,NON TITO,,,JAWA TIMUR,0.4375,YELLOW,408618090,AREA 3,JATIM,MADIUN,KEDIRI,,,0,0,0,JAWA TIMUR,KEDIRI,GURAH,GURAH,KEDIRI
3251294795,,ODP-KDI-FP/34,-7.814616,112.033808,,,0,4,4,0,8,REGIONAL 5,KEDIRI,KEDIRI,KDI,,,2024-03-16 23:23:31,43477,2019,1,NON TITO,,,JAWA TIMUR,0.5,YELLOW,448230508,AREA 3,JATIM,MADIUN,KEDIRI,,,0,0,0,JAWA TIMUR,KOTA KEDIRI,KOTA,BANJARAN,KEDIRI
3204424456,,ODP-GUR-FB/32,-7.8073,112.087372,,,3,5,0,0,8,REGIONAL 5,KEDIRI,KEDIRI,GUR,,,2024-03-16 23:22:01,43464,2018,12,NON TITO,,,JAWA TIMUR,0.625,YELLOW,408618086,AREA 3,JATIM,MADIUN,KEDIRI,,,0,0,0,JAWA TIMUR,KEDIRI,GURAH,GURAH,KEDIRI
3251294905,,ODP-KDI-FP/31,-7.813867,112.031894,,,6,10,0,0,16,REGIONAL 5,KEDIRI,KEDIRI,KDI,,,2024-03-16 23:23:37,43477,2019,1,NON TITO,,,JAWA TIMUR,0.625,YELLOW,448230574,AREA 3,JATIM,MADIUN,KEDIRI,,,0,0,0,JAWA TIMUR,KOTA KEDIRI,KOTA,BANJARAN,KEDIRI
3229248900,,ODP-NDL-FD/53,-7.885085,111.969977,,,2,5,1,0,8,REGIONAL 5,KEDIRI,KEDIRI,NDL,,,2024-03-16 23:22:27,43475,2019,1,NON TITO,,,JAWA TIMUR,0.625,YELLOW,448665718,AREA 3,JATIM,MADIUN,KEDIRI,,,0,0,0,JAWA TIMUR,KEDIRI,MOJO,SUKOANYAR,KEDIRI
3625319378,,ODP-KDI-FBB/46,-7.824213,112.027029,,,2,6,0,0,8,REGIONAL 5,KEDIRI,KEDIRI,KDI,,,2024-03-16 23:21:18,43615,2019,5,NON TITO,,,JAWA TIMUR,0.75,YELLOW,629032059,AREA 3,JATIM,MADIUN,KEDIRI,,,0,0,0,JAWA TIMUR,KOTA KEDIRI,PESANTREN,BURENGAN,KEDIRI
3625319213,,ODP-KDI-FBB/44,-7.827914,112.031562,,,2,6,0,0,8,REGIONAL 5,KEDIRI,KEDIRI,KDI,,,2024-03-16 23:23:20,43615,2019,5,NON TITO,,,JAWA TIMUR,0.75,YELLOW,629031957,AREA 3,JATIM,MADIUN,KEDIRI,,,0,0,0,JAWA TIMUR,KOTA KEDIRI,PESANTREN,BANGSAL,KEDIRI
3582273684,,ODP-MJT-FA/40,-7.708424,111.942379,,,4,4,0,0,8,REGIONAL 5,KEDIRI,KEDIRI,MJT,,,2024-03-16 23:26:50,43601,2019,5,NON TITO,,,JAWA TIMUR,0.5,YELLOW,627780040,AREA 3,JATIM,MADIUN,KEDIRI,,,0,0,0,JAWA TIMUR,KEDIRI,TAROKAN,KALIBOTO,KEDIRI
3495868548,,ODP-PAE-FAF/16,-7.762314,112.167549,,,4,4,0,0,8,REGIONAL 5,KEDIRI,KEDIRI,PAE,,,2024-03-16 23:23:58,43552,2019,3,NON TITO,,,JAWA TIMUR,0.5,YELLOW,622756668,AREA 3,JATIM,MADIUN,KEDIRI,,,0,0,0,JAWA TIMUR,KEDIRI,PARE,PELEM,KEDIRI
3495868538,,ODP-PAE-FAF/14,-7.762349,112.167906,,,3,5,0,0,8,REGIONAL 5,KEDIRI,KEDIRI,PAE,,,2024-03-16 23:24:36,43552,2019,3,NON TITO,,,JAWA TIMUR,0.625,YELLOW,622756665,AREA 3,JATIM,MADIUN,KEDIRI,,,0,0,0,JAWA TIMUR,KEDIRI,PARE,PELEM,KEDIRI
3342119282,,ODP-KDI-FBJ/15,-7.818667,112.044864,,,4,11,0,0,16,REGIONAL 5,KEDIRI,KEDIRI,KDI,,,2024-03-16 23:26:11,43508,2019,2,NON TITO,,,JAWA TIMUR,0.6875,YELLOW,540185536,AREA 3,JATIM,MADIUN,KEDIRI,,,0,0,0,JAWA TIMUR,KEDIRI,NGASEM,DOKO,KEDIRI
3342119249,,ODP-KDI-FBF/29,-7.798361,112.046656,,,4,4,0,0,8,REGIONAL 5,KEDIRI,KEDIRI,KDI,,,2024-03-16 23:26:21,43508,2019,2,NON TITO,,,JAWA TIMUR,0.5,YELLOW,540185497,AREA 3,JATIM,MADIUN,KEDIRI,,,0,0,0,JAWA TIMUR,KEDIRI,NGASEM,NGASEM,KEDIRI
3347519181,,ODP-KDI-FAY/19,-7.84558,112.029065,,,5,11,0,0,16,REGIONAL 5,KEDIRI,KEDIRI,KDI,,,2024-03-16 23:25:06,43508,2019,2,NON TITO,,,JAWA TIMUR,0.6875,YELLOW,540180089,AREA 3,JATIM,MADIUN,KEDIRI,,,0,0,0,JAWA TIMUR,KOTA KEDIRI,KOTA KEDIRI,NGRONGGO,KEDIRI
3298545273,,ODP-MJT-FAF/09,-7.810176,111.978255,,,9,7,0,0,16,REGIONAL 5,KEDIRI,KEDIRI,MJT,,,2024-03-16 23:21:44,43495,2019,1,NON TITO,,,JAWA TIMUR,0.4375,YELLOW,521570316,AREA 3,JATIM,MADIUN,KEDIRI,,,0,0,0,JAWA TIMUR,KOTA KEDIRI,MOJOROTO,POJOK,KEDIRI
3298545234,,ODP-MJT-FAF/13,-7.809729,111.976843,,,2,6,0,0,8,REGIONAL 5,KEDIRI,KEDIRI,MJT,,,2024-03-16 23:21:44,43495,2019,1,NON TITO,,,JAWA TIMUR,0.75,YELLOW,521570274,AREA 3,JATIM,MADIUN,KEDIRI,,,0,0,0,JAWA TIMUR,KOTA KEDIRI,MOJOROTO,POJOK,KEDIRI
3298545227,,ODP-MJT-FAF/11,-7.809419,111.974648,,,9,7,0,0,16,REGIONAL 5,KEDIRI,KEDIRI,MJT,,,2024-03-16 23:21:20,43495,2019,1,NON TITO,,,JAWA TIMUR,0.4375,YELLOW,521570270,AREA 3,JATIM,MADIUN,KEDIRI,,,0,0,0,JAWA TIMUR,KOTA KEDIRI,MOJOROTO,POJOK,KEDIRI
3298545222,,ODP-MJT-FAF/12,-7.810401,111.978051,,,5,11,0,0,16,REGIONAL 5,KEDIRI,KEDIRI,MJT,,,2024-03-16 23:21:59,43495,2019,1,NON TITO,,,JAWA TIMUR,0.6875,YELLOW,521570267,AREA 3,JATIM,MADIUN,KEDIRI,,,0,0,0,JAWA TIMUR,KOTA KEDIRI,MOJOROTO,POJOK,KEDIRI
3299819132,,ODP-MJT-FAF/07,-7.801678,111.978166,,,4,4,0,0,8,REGIONAL 5,KEDIRI,KEDIRI,MJT,,,2024-03-16 23:28:59,43495,2019,1,NON TITO,,,JAWA TIMUR,0.5,YELLOW,507625952,AREA 3,JATIM,MADIUN,KEDIRI,,,0,0,0,JAWA TIMUR,KOTA KEDIRI,MOJOROTO,SUKORAME,KEDIRI
3257294292,,ODP-MJT-FJ/55,-7.813425,111.990556,,,8,8,0,0,16,REGIONAL 5,KEDIRI,KEDIRI,MJT,,,2024-03-16 23:24:55,43480,2019,1,NON TITO,,,JAWA TIMUR,0.5,YELLOW,448974164,AREA 3,JATIM,MADIUN,KEDIRI,,,0,0,0,JAWA TIMUR,KOTA KEDIRI,MOJOROTO,SUKORAME,KEDIRI
3221296171,,ODP-NDL-FD/49,-7.957946,111.93081,,,3,5,0,0,8,REGIONAL 5,KEDIRI,KEDIRI,NDL,,,2024-03-16 23:23:05,43476,2019,1,NON TITO,,,JAWA TIMUR,0.625,YELLOW,448669088,AREA 3,JATIM,MADIUN,KEDIRI,,,0,0,0,JAWA TIMUR,KEDIRI,MOJO,NGADI,KEDIRI
3248295639,,ODP-NDL-FD/51,-7.901335,111.961832,,,9,7,0,0,16,REGIONAL 5,KEDIRI,KEDIRI,NDL,,,2024-03-16 23:26:47,43476,2019,1,NON TITO,,,JAWA TIMUR,0.4375,YELLOW,448667584,AREA 3,JATIM,MADIUN,KEDIRI,,,0,0,0,JAWA TIMUR,KEDIRI,MOJO,TAMBIBENDO,KEDIRI
3229248935,,ODP-NDL-FD/50,-7.929526,111.954093,,,4,12,0,0,16,REGIONAL 5,KEDIRI,KEDIRI,NDL,,,2024-03-16 23:22:23,43475,2019,1,NON TITO,,,JAWA TIMUR,0.75,YELLOW,448665762,AREA 3,JATIM,MADIUN,KEDIRI,,,0,0,0,JAWA TIMUR,KEDIRI,KRAS,JAMBEAN,KEDIRI
3251295100,,ODP-KDI-FP/36,-7.817312,112.033538,,,4,12,0,0,16,REGIONAL 5,KEDIRI,KEDIRI,KDI,,,2024-03-16 23:23:38,43477,2019,1,NON TITO,,,JAWA TIMUR,0.75,YELLOW,448230691,AREA 3,JATIM,MADIUN,KEDIRI,,,0,0,0,JAWA TIMUR,KOTA KEDIRI,KOTA,BANJARAN,KEDIRI
3192719212,,ODP-KDI-FBB/42,-7.822615,112.027176,,,2,6,0,0,8,REGIONAL 5,KEDIRI,KEDIRI,KDI,,,2024-03-16 23:26:03,43452,2018,12,NON TITO,,,JAWA TIMUR,0.75,YELLOW,407267189,AREA 3,JATIM,MADIUN,KEDIRI,,,0,0,0,JAWA TIMUR,KOTA KEDIRI,PESANTREN,BURENGAN,KEDIRI
3204424367,,ODP-GUR-FB/30,-7.809231,112.087453,,,3,5,0,0,8,REGIONAL 5,KEDIRI,KEDIRI,GUR,,,2024-03-16 23:22:18,43464,2018,12,NON TITO,,,JAWA TIMUR,0.625,YELLOW,408618010,AREA 3,JATIM,MADIUN,KEDIRI,,,0,0,0,JAWA TIMUR,KEDIRI,GURAH,GURAH,KEDIRI
3204424336,,ODP-GUR-FB/34,-7.8062,112.086455,,,2,6,0,0,8,REGIONAL 5,KEDIRI,KEDIRI,GUR,,,2024-03-16 23:21:59,43464,2018,12,NON TITO,,,JAWA TIMUR,0.75,YELLOW,408617984,AREA 3,JATIM,MADIUN,KEDIRI,,,0,0,0,JAWA TIMUR,KEDIRI,GURAH,GURAH,KEDIRI
3210269181,,ODP-GUR-FJ/05,-7.7815,112.076873,,,3,5,0,0,8,REGIONAL 5,KEDIRI,KEDIRI,GUR,,,2024-03-16 23:25:18,43455,2018,12,NON TITO,,,JAWA TIMUR,0.625,YELLOW,407361343,AREA 3,JATIM,MADIUN,KEDIRI,,,0,0,0,JAWA TIMUR,KEDIRI,PAGU,MENANG,KEDIRI
3210269068,,ODP-GUR-FJ/04,-7.781052,112.075569,,,3,5,0,0,8,REGIONAL 5,KEDIRI,KEDIRI,GUR,,,2024-03-16 23:25:18,43455,2018,12,NON TITO,,,JAWA TIMUR,0.625,YELLOW,407361172,AREA 3,JATIM,MADIUN,KEDIRI,,,0,0,0,JAWA TIMUR,KEDIRI,PAGU,MENANG,KEDIRI
3207793784,,ODP-KDI-FBH/26,-7.803632,112.058624,,,2,6,0,0,8,REGIONAL 5,KEDIRI,KEDIRI,KDI,,,2024-03-16 23:23:59,43455,2018,12,NON TITO,,,JAWA TIMUR,0.75,YELLOW,407360735,AREA 3,JATIM,MADIUN,KEDIRI,,,0,0,0,JAWA TIMUR,KEDIRI,NGASEM,SUMBEREJO,KEDIRI
3206444997,,ODP-MJT-FP/27,-7.824791,111.997345,,,4,4,0,0,8,REGIONAL 5,KEDIRI,KEDIRI,MJT,,,2024-03-16 23:27:21,43455,2018,12,NON TITO,,,JAWA TIMUR,0.5,YELLOW,407360343,AREA 3,JATIM,MADIUN,KEDIRI,,,0,0,0,JAWA TIMUR,KOTA KEDIRI,MOJOROTO,LIRBOYO,KEDIRI
3192719149,,ODP-MJT-FAE/35,-7.797895,112.003476,,,3,5,0,0,8,REGIONAL 5,KEDIRI,KEDIRI,MJT,,,2024-03-16 23:26:50,43452,2018,12,NON TITO,,,JAWA TIMUR,0.625,YELLOW,407341296,AREA 3,JATIM,MADIUN,KEDIRI,,,0,0,0,JAWA TIMUR,KOTA KEDIRI,MOJOROTO,MOJOROTO,KEDIRI
3192718643,,ODP-MJT-FAE/33,-7.799417,112.001993,,,2,6,0,0,8,REGIONAL 5,KEDIRI,KEDIRI,MJT,,,2024-03-16 23:26:09,43452,2018,12,NON TITO,,,JAWA TIMUR,0.75,YELLOW,407341145,AREA 3,JATIM,MADIUN,KEDIRI,,,0,0,0,JAWA TIMUR,KOTA KEDIRI,MOJOROTO,MOJOROTO,KEDIRI
3192568683,,ODP-KDI-FBC/35,-7.82206,112.023728,,,3,5,0,0,8,REGIONAL 5,KEDIRI,KEDIRI,KDI,,,2024-03-16 23:29:15,43452,2018,12,NON TITO,,,JAWA TIMUR,0.625,YELLOW,407341052,AREA 3,JATIM,MADIUN,KEDIRI,,,0,0,0,JAWA TIMUR,KOTA KEDIRI,KOTA,BANJARAN,KEDIRI
3204643892,,ODP-PAE-FQ/31,-7.780898,112.207199,,,2,6,0,0,8,REGIONAL 5,KEDIRI,KEDIRI,PAE,,,2024-03-16 23:27:21,43456,2018,12,NON TITO,,,JAWA TIMUR,0.75,YELLOW,407290976,AREA 3,JATIM,MADIUN,KEDIRI,,,0,0,0,JAWA TIMUR,KEDIRI,PARE,TERTEK,KEDIRI
3204643844,,ODP-PAE-FQ/29,-7.778387,112.201079,,,2,6,0,0,8,REGIONAL 5,KEDIRI,KEDIRI,PAE,,,2024-03-16 23:26:56,43456,2018,12,NON TITO,,,JAWA TIMUR,0.75,YELLOW,407290944,AREA 3,JATIM,MADIUN,KEDIRI,,,0,0,0,JAWA TIMUR,KEDIRI,PARE,PARE,KEDIRI
3211169470,,ODP-WAT-FG/06,-7.926768,112.145921,,,3,5,0,0,8,REGIONAL 5,KEDIRI,KEDIRI,WAT,,,2024-03-16 23:29:08,43455,2018,12,NON TITO,,,JAWA TIMUR,0.625,YELLOW,407289369,AREA 3,JATIM,MADIUN,KEDIRI,,,0,0,0,JAWA TIMUR,KEDIRI,NGANCAR,JAGUL,KEDIRI
3211168931,,ODP-WAT-FG/08,-7.925887,112.14354,,,2,6,0,0,8,REGIONAL 5,KEDIRI,KEDIRI,WAT,,,2024-03-16 23:28:57,43455,2018,12,NON TITO,,,JAWA TIMUR,0.75,YELLOW,407288978,AREA 3,JATIM,MADIUN,KEDIRI,,,0,0,0,JAWA TIMUR,KEDIRI,NGANCAR,JAGUL,KEDIRI
3211094593,,ODP-WAT-FN/25,-7.895746,112.13485,,,3,5,0,0,8,REGIONAL 5,KEDIRI,KEDIRI,WAT,,,2024-03-16 23:27:14,43455,2018,12,NON TITO,,,JAWA TIMUR,0.625,YELLOW,407288036,AREA 3,JATIM,MADIUN,KEDIRI,,,0,0,0,JAWA TIMUR,KEDIRI,WATES,TUNGE,KEDIRI
3211093899,,ODP-WAT-FP/14,-7.939365,112.177097,,,3,4,1,0,8,REGIONAL 5,KEDIRI,KEDIRI,WAT,,,2024-03-16 23:26:56,43455,2018,12,NON TITO,,,JAWA TIMUR,0.5,YELLOW,407287427,AREA 3,JATIM,MADIUN,KEDIRI,,,0,0,0,JAWA TIMUR,KEDIRI,NGANCAR,PANDANTOYO,KEDIRI
3211093677,,ODP-WAT-FP/13,-7.943058,112.177039,,,3,5,0,0,8,REGIONAL 5,KEDIRI,KEDIRI,WAT,,,2024-03-16 23:26:54,43455,2018,12,NON TITO,,,JAWA TIMUR,0.625,YELLOW,407287210,AREA 3,JATIM,MADIUN,KEDIRI,,,0,0,0,JAWA TIMUR,KEDIRI,NGANCAR,PANDANTOYO,KEDIRI
3204570225,,ODP-WAT-FC/27,-7.928432,112.107206,,,4,4,0,0,8,REGIONAL 5,KEDIRI,KEDIRI,WAT,,,2024-03-16 23:25:13,43455,2018,12,NON TITO,,,JAWA TIMUR,0.5,YELLOW,407286328,AREA 3,JATIM,MADIUN,KEDIRI,,,0,0,0,JAWA TIMUR,KEDIRI,WATES,SEGARAN,KEDIRI
3209818601,,ODP-WAT-FD/22,-7.930121,112.100057,,,9,7,0,0,16,REGIONAL 5,KEDIRI,KEDIRI,WAT,,,2024-03-16 23:26:54,43455,2018,12,NON TITO,,,JAWA TIMUR,0.4375,YELLOW,407285855,AREA 3,JATIM,MADIUN,KEDIRI,,,0,0,0,JAWA TIMUR,KEDIRI,WATES,SEGARAN,KEDIRI
3210193860,,ODP-KDI-FBH/27,-7.805867,112.063111,,,7,8,0,0,16,REGIONAL 5,KEDIRI,KEDIRI,KDI,,,2024-03-16 23:23:30,43455,2018,12,NON TITO,,,JAWA TIMUR,0.5,YELLOW,407285152,AREA 3,JATIM,MADIUN,KEDIRI,,,0,0,0,JAWA TIMUR,KEDIRI,NGASEM,SUMBEREJO,KEDIRI
3206968783,,ODP-GUR-FJ/06,-7.782036,112.078392,,,9,7,0,0,16,REGIONAL 5,KEDIRI,KEDIRI,GUR,,,2024-03-16 23:26:29,43455,2018,12,NON TITO,,,JAWA TIMUR,0.4375,YELLOW,407361398,AREA 3,JATIM,MADIUN,KEDIRI,,,0,0,0,JAWA TIMUR,KEDIRI,PAGU,MENANG,KEDIRI
3204424357,,ODP-GUR-FB/25,-7.81156,112.09026,,,3,5,0,0,8,REGIONAL 5,KEDIRI,KEDIRI,GUR,,,2024-03-16 23:22:16,43464,2018,12,NON TITO,,,JAWA TIMUR,0.625,YELLOW,408618001,AREA 3,JATIM,MADIUN,KEDIRI,,,0,0,0,JAWA TIMUR,KEDIRI,GURAH,GURAH,KEDIRI
3209819063,,ODP-WAT-FD/19,-7.935127,112.085338,,,2,6,0,0,8,REGIONAL 5,KEDIRI,KEDIRI,WAT,,,2024-03-16 23:27:49,43455,2018,12,NON TITO,,,JAWA TIMUR,0.75,YELLOW,407363665,AREA 3,JATIM,MADIUN,KEDIRI,,,0,0,0,JAWA TIMUR,KEDIRI,WATES,DUWET,KEDIRI
3211169120,,ODP-MJT-FD/22,-7.759742,111.985355,,,3,5,0,0,8,REGIONAL 5,KEDIRI,KEDIRI,MJT,,,2024-03-16 23:29:07,43455,2018,12,NON TITO,,,JAWA TIMUR,0.625,YELLOW,407367033,AREA 3,JATIM,MADIUN,KEDIRI,,,0,0,0,JAWA TIMUR,KEDIRI,BANYAKAN,SENDANG,KEDIRI
3204424331,,ODP-GUR-FB/36,-7.807883,112.085798,,,4,4,0,0,8,REGIONAL 5,KEDIRI,KEDIRI,GUR,,,2024-03-16 23:21:38,43464,2018,12,NON TITO,,,JAWA TIMUR,0.5,YELLOW,408617981,AREA 3,JATIM,MADIUN,KEDIRI,,,0,0,0,JAWA TIMUR,KEDIRI,GURAH,GURAH,KEDIRI
3204424289,,ODP-GUR-FB/27,-7.810397,112.087754,,,3,5,0,0,8,REGIONAL 5,KEDIRI,KEDIRI,GUR,,,2024-03-16 23:21:43,43464,2018,12,NON TITO,,,JAWA TIMUR,0.625,YELLOW,408617957,AREA 3,JATIM,MADIUN,KEDIRI,,,0,0,0,JAWA TIMUR,KEDIRI,GURAH,GURAH,KEDIRI
3220096336,,ODP-GUR-FH/05,-7.773293,112.090913,,,6,10,0,0,16,REGIONAL 5,KEDIRI,KEDIRI,GUR,,,2024-03-16 23:25:45,43462,2018,12,NON TITO,,,JAWA TIMUR,0.625,YELLOW,408399348,AREA 3,JATIM,MADIUN,KEDIRI,,,0,0,0,JAWA TIMUR,KEDIRI,PAGU,SEMANDING,KEDIRI
3220095936,,ODP-GUR-FH/17,-7.764634,112.095902,,,4,4,0,0,8,REGIONAL 5,KEDIRI,KEDIRI,GUR,,,2024-03-16 23:25:14,43462,2018,12,NON TITO,,,JAWA TIMUR,0.5,YELLOW,408399144,AREA 3,JATIM,MADIUN,KEDIRI,,,0,0,0,JAWA TIMUR,KEDIRI,PAGU,PAGU,KEDIRI
3220095756,,ODP-GUR-FH/08,-7.769069,112.088456,,,2,6,0,0,8,REGIONAL 5,KEDIRI,KEDIRI,GUR,,,2024-03-16 23:25:52,43462,2018,12,NON TITO,,,JAWA TIMUR,0.75,YELLOW,408399069,AREA 3,JATIM,MADIUN,KEDIRI,,,0,0,0,JAWA TIMUR,KEDIRI,PAGU,SITIMERT0,KEDIRI
3220095746,,ODP-GUR-FH/16,-7.759842,112.093668,,,3,5,0,0,8,REGIONAL 5,KEDIRI,KEDIRI,GUR,,,2024-03-16 23:26:02,43462,2018,12,NON TITO,,,JAWA TIMUR,0.625,YELLOW,408399065,AREA 3,JATIM,MADIUN,KEDIRI,,,0,0,0,JAWA TIMUR,KEDIRI,KAYEN KIDUL,SAMBIROBYONG,KEDIRI
3209668918,,ODP-GUR-FD/13,-7.784749,112.063158,,,2,6,0,0,8,REGIONAL 5,KEDIRI,KEDIRI,GUR,,,2024-03-16 23:23:25,43464,2018,12,NON TITO,,,JAWA TIMUR,0.75,YELLOW,408331561,AREA 3,JATIM,MADIUN,KEDIRI,,,0,0,0,JAWA TIMUR,KEDIRI,PAGU,TANJUNG,KEDIRI
3209668828,,ODP-GUR-FD/19,-7.787456,112.070815,,,3,5,0,0,8,REGIONAL 5,KEDIRI,KEDIRI,GUR,,,2024-03-16 23:22:43,43464,2018,12,NON TITO,,,JAWA TIMUR,0.625,YELLOW,408331511,AREA 3,JATIM,MADIUN,KEDIRI,,,0,0,0,JAWA TIMUR,KEDIRI,PAGU,TANJUNG,KEDIRI
3209668803,,ODP-GUR-FD/20,-7.788036,112.072491,,,2,6,0,0,8,REGIONAL 5,KEDIRI,KEDIRI,GUR,,,2024-03-16 23:23:06,43464,2018,12,NON TITO,,,JAWA TIMUR,0.75,YELLOW,408331490,AREA 3,JATIM,MADIUN,KEDIRI,,,0,0,0,JAWA TIMUR,KEDIRI,PAGU,TANJUNG,KEDIRI
3204424300,,ODP-GUR-FB/41,-7.810904,112.081337,,,2,6,0,0,8,REGIONAL 5,KEDIRI,KEDIRI,GUR,,,2024-03-16 23:21:55,43464,2018,12,NON TITO,,,JAWA TIMUR,0.75,YELLOW,408331162,AREA 3,JATIM,MADIUN,KEDIRI,,,0,0,0,JAWA TIMUR,KEDIRI,GURAH,GURAH,KEDIRI
3220096409,,ODP-GUR-FH/12,-7.767699,112.089008,,,2,6,0,0,8,REGIONAL 5,KEDIRI,KEDIRI,GUR,,,2024-03-16 23:26:10,43462,2018,12,NON TITO,,,JAWA TIMUR,0.75,YELLOW,408324622,AREA 3,JATIM,MADIUN,KEDIRI,,,0,0,0,JAWA TIMUR,KEDIRI,PAGU,SITIMERT0,KEDIRI
3220096341,,ODP-GUR-FH/06,-7.768971,112.083842,,,2,6,0,0,8,REGIONAL 5,KEDIRI,KEDIRI,GUR,,,2024-03-16 23:26:01,43462,2018,12,NON TITO,,,JAWA TIMUR,0.75,YELLOW,408324591,AREA 3,JATIM,MADIUN,KEDIRI,,,0,0,0,JAWA TIMUR,KEDIRI,PAGU,PAGU,KEDIRI
3220096041,,ODP-GUR-FH/23,-7.76492,112.087681,,,2,6,0,0,8,REGIONAL 5,KEDIRI,KEDIRI,GUR,,,2024-03-16 23:25:21,43462,2018,12,NON TITO,,,JAWA TIMUR,0.75,YELLOW,408324443,AREA 3,JATIM,MADIUN,KEDIRI,,,0,0,0,JAWA TIMUR,KEDIRI,PAGU,PAGU,KEDIRI
3220095941,,ODP-GUR-FH/11,-7.769025,112.090302,,,2,6,0,0,8,REGIONAL 5,KEDIRI,KEDIRI,GUR,,,2024-03-16 23:21:04,43462,2018,12,NON TITO,,,JAWA TIMUR,0.75,YELLOW,408324395,AREA 3,JATIM,MADIUN,KEDIRI,,,0,0,0,JAWA TIMUR,KEDIRI,PAGU,SITIMERT0,KEDIRI
3220095751,,ODP-GUR-FH/14,-7.76539,112.087654,,,4,4,0,0,8,REGIONAL 5,KEDIRI,KEDIRI,GUR,,,2024-03-16 23:25:54,43462,2018,12,NON TITO,,,JAWA TIMUR,0.5,YELLOW,408324319,AREA 3,JATIM,MADIUN,KEDIRI,,,0,0,0,JAWA TIMUR,KEDIRI,PAGU,PAGU,KEDIRI
3204643618,,ODP-PAE-FQ/30,-7.779045,112.204705,,,3,5,0,0,8,REGIONAL 5,KEDIRI,KEDIRI,PAE,,,2024-03-16 23:26:52,43456,2018,12,NON TITO,,,JAWA TIMUR,0.625,YELLOW,407368989,AREA 3,JATIM,MADIUN,KEDIRI,,,0,0,0,JAWA TIMUR,KEDIRI,PARE,TERTEK,KEDIRI
3211169128,,ODP-WAT-FG/09,-7.921887,112.143327,,,3,5,0,0,8,REGIONAL 5,KEDIRI,KEDIRI,WAT,,,2024-03-16 23:29:19,43455,2018,12,NON TITO,,,JAWA TIMUR,0.625,YELLOW,407367036,AREA 3,JATIM,MADIUN,KEDIRI,,,0,0,0,JAWA TIMUR,KEDIRI,NGANCAR,JAGUL,KEDIRI
3211093729,,ODP-WAT-FP/12,-7.966352,112.174022,,,2,6,0,0,8,REGIONAL 5,KEDIRI,KEDIRI,WAT,,,2024-03-16 23:27:06,43455,2018,12,NON TITO,,,JAWA TIMUR,0.75,YELLOW,407365708,AREA 3,JATIM,MADIUN,KEDIRI,,,0,0,0,JAWA TIMUR,KEDIRI,NGANCAR,MARGOURIP,KEDIRI
2965919428,,ODP-KDI-FAQ/17,-7.78264,112.030813,,,5,11,0,0,16,REGIONAL 5,KEDIRI,KEDIRI,KDI,,,2024-03-16 23:23:00,43370,2018,9,NON TITO,,,JAWA TIMUR,0.6875,YELLOW,404404793,AREA 3,JATIM,MADIUN,KEDIRI,,,0,0,0,JAWA TIMUR,KEDIRI,GAMPENGREJO,SAMBIREJO,KEDIRI
2965919413,,ODP-KDI-FAY/10,-7.83895,112.030971,,,4,4,0,0,8,REGIONAL 5,KEDIRI,KEDIRI,KDI,,,2024-03-16 23:22:23,43370,2018,9,NON TITO,,,JAWA TIMUR,0.5,YELLOW,404404766,AREA 3,JATIM,MADIUN,KEDIRI,,,0,0,0,JAWA TIMUR,KOTA KEDIRI,PESANTREN,BANARAN,KEDIRI
2965919366,,ODP-KDI-FAY/02,-7.840283,112.029077,,,4,4,0,0,8,REGIONAL 5,KEDIRI,KEDIRI,KDI,,,2024-03-16 23:23:28,43370,2018,9,NON TITO,,,JAWA TIMUR,0.5,YELLOW,404404701,AREA 3,JATIM,MADIUN,KEDIRI,,,0,0,0,JAWA TIMUR,KOTA KEDIRI,KOTA,NGRONGGO,KEDIRI
2613871619,,ODP-MJT-FAJ/03,-7.808959,111.996779,,,4,4,0,0,8,REGIONAL 5,KEDIRI,KEDIRI,MJT,,,2024-03-16 23:24:16,43258,2018,6,NON TITO,,,JAWA TIMUR,0.5,YELLOW,361392466,AREA 3,JATIM,MADIUN,KEDIRI,,,0,0,0,JAWA TIMUR,KOTA KEDIRI,MOJOROTO,MOJOROTO,KEDIRI
2604644716,,ODP-MJT-FAG/08,-7.804568,111.994761,,,6,10,0,0,16,REGIONAL 5,KEDIRI,KEDIRI,MJT,,,2024-03-16 23:25:40,43258,2018,6,NON TITO,,,JAWA TIMUR,0.625,YELLOW,361389316,AREA 3,JATIM,MADIUN,KEDIRI,,,0,0,0,JAWA TIMUR,KOTA KEDIRI,MOJOROTO,BUJEL,KEDIRI
2604644691,,ODP-MJT-FAG/11,-7.808261,111.995374,,,7,9,0,0,16,REGIONAL 5,KEDIRI,KEDIRI,MJT,,,2024-03-16 23:21:07,43258,2018,6,NON TITO,,,JAWA TIMUR,0.5625,YELLOW,361389287,AREA 3,JATIM,MADIUN,KEDIRI,,,0,0,0,JAWA TIMUR,KOTA KEDIRI,MOJOROTO,BUJEL,KEDIRI
2604269251,,ODP-MJT-FG/44,-7.774965,111.998265,,,3,5,0,0,8,REGIONAL 5,KEDIRI,KEDIRI,MJT,,,2024-03-16 23:22:45,43257,2018,6,NON TITO,,,JAWA TIMUR,0.625,YELLOW,361383578,AREA 3,JATIM,MADIUN,KEDIRI,,,0,0,0,JAWA TIMUR,KOTA KEDIRI,MOJOROTO,DERMO,KEDIRI
2606972541,,ODP-MJT-FC/20,-7.745669,111.965501,,,7,9,0,0,16,REGIONAL 5,KEDIRI,KEDIRI,MJT,,,2024-03-16 23:26:19,43257,2018,6,NON TITO,,,JAWA TIMUR,0.5625,YELLOW,361379867,AREA 3,JATIM,MADIUN,KEDIRI,,,0,0,0,JAWA TIMUR,KEDIRI,GROGOL,CERME,KEDIRI
2606972390,,ODP-MJT-FC/13,-7.742278,111.988861,,,2,6,0,0,8,REGIONAL 5,KEDIRI,KEDIRI,MJT,,,2024-03-16 23:26:08,43257,2018,6,NON TITO,,,JAWA TIMUR,0.75,YELLOW,361379806,AREA 3,JATIM,MADIUN,KEDIRI,,,0,0,0,JAWA TIMUR,KEDIRI,GROGOL,DATENGAN,KEDIRI
2606972322,,ODP-MJT-FC/19,-7.746626,111.974726,,,5,11,0,0,16,REGIONAL 5,KEDIRI,KEDIRI,MJT,,,2024-03-16 23:26:23,43257,2018,6,NON TITO,,,JAWA TIMUR,0.6875,YELLOW,361379771,AREA 3,JATIM,MADIUN,KEDIRI,,,0,0,0,JAWA TIMUR,KEDIRI,GROGOL,SONOREJO,KEDIRI
2606972301,,ODP-MJT-FC/14,-7.745566,111.980424,,,4,4,0,0,8,REGIONAL 5,KEDIRI,KEDIRI,MJT,,,2024-03-16 23:26:10,43257,2018,6,NON TITO,,,JAWA TIMUR,0.5,YELLOW,361379764,AREA 3,JATIM,MADIUN,KEDIRI,,,0,0,0,JAWA TIMUR,KEDIRI,GROGOL,SONOREJO,KEDIRI
2606972185,,ODP-MJT-FC/18,-7.748651,111.975857,,,6,10,0,0,16,REGIONAL 5,KEDIRI,KEDIRI,MJT,,,2024-03-16 23:26:55,43257,2018,6,NON TITO,,,JAWA TIMUR,0.625,YELLOW,361379715,AREA 3,JATIM,MADIUN,KEDIRI,,,0,0,0,JAWA TIMUR,KEDIRI,GROGOL,SONOREJO,KEDIRI
2606971213,,ODP-MJT-FC/16,-7.746244,111.978057,,,4,4,0,0,8,REGIONAL 5,KEDIRI,KEDIRI,MJT,,,2024-03-16 23:26:28,43257,2018,6,NON TITO,,,JAWA TIMUR,0.5,YELLOW,361379023,AREA 3,JATIM,MADIUN,KEDIRI,,,0,0,0,JAWA TIMUR,KEDIRI,GROGOL,SONOREJO,KEDIRI
2606969648,,ODP-MJT-FAE/21,-7.806252,112.005388,,,5,11,0,0,16,REGIONAL 5,KEDIRI,KEDIRI,MJT,,,2024-03-16 23:26:12,43257,2018,6,NON TITO,,,JAWA TIMUR,0.6875,YELLOW,361377853,AREA 3,JATIM,MADIUN,KEDIRI,,,0,0,0,JAWA TIMUR,KOTA KEDIRI,MOJOROTO,MOJOROTO,KEDIRI
2588371830,,ODP-MJT-FAE/17,-7.801077,111.999586,,,2,6,0,0,8,REGIONAL 5,KEDIRI,KEDIRI,MJT,,,2024-03-16 23:26:25,43255,2018,6,NON TITO,,,JAWA TIMUR,0.75,YELLOW,361369360,AREA 3,JATIM,MADIUN,KEDIRI,,,0,0,0,JAWA TIMUR,KOTA KEDIRI,MOJOROTO,MOJOROTO,KEDIRI
2604644761,,ODP-MJT-FAG/15,-7.809351,111.992044,,,4,12,0,0,16,REGIONAL 5,KEDIRI,KEDIRI,MJT,,,2024-03-16 23:25:54,43258,2018,6,NON TITO,,,JAWA TIMUR,0.75,YELLOW,361309582,AREA 3,JATIM,MADIUN,KEDIRI,,,0,0,0,JAWA TIMUR,KOTA KEDIRI,MOJOROTO,SUKORAME,KEDIRI
2604644731,,ODP-MJT-FAG/10,-7.806843,111.995813,,,6,10,0,0,16,REGIONAL 5,KEDIRI,KEDIRI,MJT,,,2024-03-16 23:25:33,43258,2018,6,NON TITO,,,JAWA TIMUR,0.625,YELLOW,361309531,AREA 3,JATIM,MADIUN,KEDIRI,,,0,0,0,JAWA TIMUR,KOTA KEDIRI,MOJOROTO,BUJEL,KEDIRI
2604644696,,ODP-MJT-FAG/09,-7.805085,111.996373,,,2,6,0,0,8,REGIONAL 5,KEDIRI,KEDIRI,MJT,,,2024-03-16 23:26:08,43258,2018,6,NON TITO,,,JAWA TIMUR,0.75,YELLOW,361309499,AREA 3,JATIM,MADIUN,KEDIRI,,,0,0,0,JAWA TIMUR,KOTA KEDIRI,MOJOROTO,BUJEL,KEDIRI
2605694694,,ODP-MJT-FAG/06,-7.809486,111.988343,,,2,6,0,0,8,REGIONAL 5,KEDIRI,KEDIRI,MJT,,,2024-03-16 23:26:42,43258,2018,6,NON TITO,,,JAWA TIMUR,0.75,YELLOW,361304912,AREA 3,JATIM,MADIUN,KEDIRI,,,0,0,0,JAWA TIMUR,KOTA KEDIRI,MOJOROTO,SUKORAME,KEDIRI
2604269958,,ODP-MJT-FG/46,-7.774729,111.99923,,,4,4,0,0,8,REGIONAL 5,KEDIRI,KEDIRI,MJT,,,2024-03-16 23:22:58,43257,2018,6,NON TITO,,,JAWA TIMUR,0.5,YELLOW,361303065,AREA 3,JATIM,MADIUN,KEDIRI,,,0,0,0,JAWA TIMUR,KOTA KEDIRI,MOJOROTO,DERMO,KEDIRI
2613871624,,ODP-MJT-FAJ/02,-7.808691,111.995951,,,8,8,0,0,16,REGIONAL 5,KEDIRI,KEDIRI,MJT,,,2024-03-16 23:24:01,43258,2018,6,NON TITO,,,JAWA TIMUR,0.5,YELLOW,361392473,AREA 3,JATIM,MADIUN,KEDIRI,,,0,0,0,JAWA TIMUR,KOTA KEDIRI,MOJOROTO,MOJOROTO,KEDIRI
2604269703,,ODP-MJT-FG/45,-7.775492,111.998805,,,2,6,0,0,8,REGIONAL 5,KEDIRI,KEDIRI,MJT,,,2024-03-16 23:22:59,43257,2018,6,NON TITO,,,JAWA TIMUR,0.75,YELLOW,361302870,AREA 3,JATIM,MADIUN,KEDIRI,,,0,0,0,JAWA TIMUR,KOTA KEDIRI,MOJOROTO,DERMO,KEDIRI
2613871689,,ODP-MJT-FAJ/05,-7.809543,111.99701,,,7,9,0,0,16,REGIONAL 5,KEDIRI,KEDIRI,MJT,,,2024-03-16 23:24:01,43258,2018,6,NON TITO,,,JAWA TIMUR,0.5625,YELLOW,361392523,AREA 3,JATIM,MADIUN,KEDIRI,,,0,0,0,JAWA TIMUR,KOTA KEDIRI,MOJOROTO,MOJOROTO,KEDIRI
2613794816,,ODP-MJT-FAL/03,-7.846215,111.990814,,,6,10,0,0,16,REGIONAL 5,KEDIRI,KEDIRI,MJT,,,2024-03-16 23:29:09,43260,2018,6,NON TITO,,,JAWA TIMUR,0.625,YELLOW,361398059,AREA 3,JATIM,MADIUN,KEDIRI,,,0,0,0,JAWA TIMUR,KEDIRI,SEMEN,BULU,KEDIRI
2604194319,,ODP-MJT-FM/59,-7.818833,111.993354,,,5,11,0,0,16,REGIONAL 5,KEDIRI,KEDIRI,MJT,,,2024-03-16 23:27:19,43277,2018,6,NON TITO,,,JAWA TIMUR,0.6875,YELLOW,361749325,AREA 3,JATIM,MADIUN,KEDIRI,,,0,0,0,JAWA TIMUR,KOTA KEDIRI,MOJOROTO,LIRBOYO,KEDIRI
2604194316,,ODP-MJT-FM/61,-7.819445,111.996777,,,2,6,0,0,8,REGIONAL 5,KEDIRI,KEDIRI,MJT,,,2024-03-16 23:27:25,43277,2018,6,NON TITO,,,JAWA TIMUR,0.75,YELLOW,361749322,AREA 3,JATIM,MADIUN,KEDIRI,,,0,0,0,JAWA TIMUR,KOTA KEDIRI,MOJOROTO,LIRBOYO,KEDIRI
2604194313,,ODP-MJT-FM/57,-7.821667,111.995672,,,2,6,0,0,8,REGIONAL 5,KEDIRI,KEDIRI,MJT,,,2024-03-16 23:27:01,43277,2018,6,NON TITO,,,JAWA TIMUR,0.75,YELLOW,361749317,AREA 3,JATIM,MADIUN,KEDIRI,,,0,0,0,JAWA TIMUR,KOTA KEDIRI,MOJOROTO,LIRBOYO,KEDIRI
2604194310,,ODP-MJT-FM/60,-7.819136,111.994783,,,5,11,0,0,16,REGIONAL 5,KEDIRI,KEDIRI,MJT,,,2024-03-16 23:28:24,43277,2018,6,NON TITO,,,JAWA TIMUR,0.6875,YELLOW,361749314,AREA 3,JATIM,MADIUN,KEDIRI,,,0,0,0,JAWA TIMUR,KOTA KEDIRI,MOJOROTO,LIRBOYO,KEDIRI
2618369054,,ODP-MJT-FAP/05,-7.814623,111.981541,,,5,11,0,0,16,REGIONAL 5,KEDIRI,KEDIRI,MJT,,,2024-03-16 23:26:56,43273,2018,6,NON TITO,,,JAWA TIMUR,0.6875,YELLOW,361677910,AREA 3,JATIM,MADIUN,KEDIRI,,,0,0,0,JAWA TIMUR,KOTA KEDIRI,MOJOROTO,POJOK,KEDIRI
2613798294,,ODP-MJT-FF/38,-7.779016,112.01014,,,4,4,0,0,8,REGIONAL 5,KEDIRI,KEDIRI,MJT,,,2024-03-16 23:22:05,43260,2018,6,NON TITO,,,JAWA TIMUR,0.5,YELLOW,361443284,AREA 3,JATIM,MADIUN,KEDIRI,,,0,0,0,JAWA TIMUR,KEDIRI,BANYAKAN,JABON,KEDIRI
2613798029,,ODP-MJT-FF/37,-7.777101,112.010886,,,8,8,0,0,16,REGIONAL 5,KEDIRI,KEDIRI,MJT,,,2024-03-16 23:22:29,43260,2018,6,NON TITO,,,JAWA TIMUR,0.5,YELLOW,361443204,AREA 3,JATIM,MADIUN,KEDIRI,,,0,0,0,JAWA TIMUR,KEDIRI,BANYAKAN,JABON,KEDIRI
2618368964,,ODP-MJT-FAP/07,-7.816821,111.981857,,,4,4,0,0,8,REGIONAL 5,KEDIRI,KEDIRI,MJT,,,2024-03-16 23:26:08,43273,2018,6,NON TITO,,,JAWA TIMUR,0.5,YELLOW,361432706,AREA 3,JATIM,MADIUN,KEDIRI,,,0,0,0,JAWA TIMUR,KOTA KEDIRI,MOJOROTO,POJOK,KEDIRI
2618368724,,ODP-MJT-FAP/01,-7.81324,111.983565,,,4,4,0,0,8,REGIONAL 5,KEDIRI,KEDIRI,MJT,,,2024-03-16 23:26:01,43273,2018,6,NON TITO,,,JAWA TIMUR,0.5,YELLOW,361432541,AREA 3,JATIM,MADIUN,KEDIRI,,,0,0,0,JAWA TIMUR,KOTA KEDIRI,MOJOROTO,POJOK,KEDIRI
2613799254,,ODP-MJT-FAH/13,-7.814845,112.003207,,,3,5,0,0,8,REGIONAL 5,KEDIRI,KEDIRI,MJT,,,2024-03-16 23:22:23,43260,2018,6,NON TITO,,,JAWA TIMUR,0.625,YELLOW,361400191,AREA 3,JATIM,MADIUN,KEDIRI,,,0,0,0,JAWA TIMUR,KOTA KEDIRI,MOJOROTO,BANDAR LOR,KEDIRI
2613799110,,ODP-MJT-FAH/07,-7.817148,112.001182,,,3,12,0,0,16,REGIONAL 5,KEDIRI,KEDIRI,MJT,,,2024-03-16 23:22:58,43260,2018,6,NON TITO,,,JAWA TIMUR,0.75,YELLOW,361400105,AREA 3,JATIM,MADIUN,KEDIRI,,,0,0,0,JAWA TIMUR,KOTA KEDIRI,MOJOROTO,BANDAR LOR,KEDIRI
2613799003,,ODP-MJT-FAH/14,-7.813809,112.003356,,,4,4,0,0,8,REGIONAL 5,KEDIRI,KEDIRI,MJT,,,2024-03-16 23:21:50,43260,2018,6,NON TITO,,,JAWA TIMUR,0.5,YELLOW,361400041,AREA 3,JATIM,MADIUN,KEDIRI,,,0,0,0,JAWA TIMUR,KOTA KEDIRI,MOJOROTO,BANDAR LOR,KEDIRI
2613798299,,ODP-MJT-FF/39,-7.779217,112.008824,,,8,8,0,0,16,REGIONAL 5,KEDIRI,KEDIRI,MJT,,,2024-03-16 23:22:37,43260,2018,6,NON TITO,,,JAWA TIMUR,0.5,YELLOW,361399729,AREA 3,JATIM,MADIUN,KEDIRI,,,0,0,0,JAWA TIMUR,KEDIRI,BANYAKAN,JABON,KEDIRI
2613798190,,ODP-MJT-FF/36,-7.776013,112.011309,,,6,10,0,0,16,REGIONAL 5,KEDIRI,KEDIRI,MJT,,,2024-03-16 23:21:44,43260,2018,6,NON TITO,,,JAWA TIMUR,0.625,YELLOW,361399698,AREA 3,JATIM,MADIUN,KEDIRI,,,0,0,0,JAWA TIMUR,KEDIRI,BANYAKAN,JABON,KEDIRI
2613798024,,ODP-MJT-FF/40,-7.777052,112.007528,,,2,6,0,0,8,REGIONAL 5,KEDIRI,KEDIRI,MJT,,,2024-03-16 23:22:29,43260,2018,6,NON TITO,,,JAWA TIMUR,0.75,YELLOW,361399648,AREA 3,JATIM,MADIUN,KEDIRI,,,0,0,0,JAWA TIMUR,KOTA KEDIRI,MOJOROTO,DERMO,KEDIRI
2613794856,,ODP-MJT-FAL/01,-7.847586,111.993744,,,3,5,0,0,8,REGIONAL 5,KEDIRI,KEDIRI,MJT,,,2024-03-16 23:28:57,43260,2018,6,NON TITO,,,JAWA TIMUR,0.625,YELLOW,361398083,AREA 3,JATIM,MADIUN,KEDIRI,,,0,0,0,JAWA TIMUR,KEDIRI,SEMEN,BULU,KEDIRI
2613794836,,ODP-MJT-FAL/02,-7.846902,111.992445,,,3,5,0,0,8,REGIONAL 5,KEDIRI,KEDIRI,MJT,,,2024-03-16 23:28:40,43260,2018,6,NON TITO,,,JAWA TIMUR,0.625,YELLOW,361398071,AREA 3,JATIM,MADIUN,KEDIRI,,,0,0,0,JAWA TIMUR,KEDIRI,SEMEN,BULU,KEDIRI
2613871848,,ODP-MJT-FAJ/04,-7.808596,111.99744,,,4,4,0,0,8,REGIONAL 5,KEDIRI,KEDIRI,MJT,,,2024-03-16 23:24:20,43258,2018,6,NON TITO,,,JAWA TIMUR,0.5,YELLOW,361392633,AREA 3,JATIM,MADIUN,KEDIRI,,,0,0,0,JAWA TIMUR,KOTA KEDIRI,MOJOROTO,MOJOROTO,KEDIRI
2666595840,,ODP-KDI-FV/66,-7.832965,112.045128,,,4,4,0,0,8,REGIONAL 5,KEDIRI,KEDIRI,KDI,,,2024-03-16 23:24:13,43287,2018,7,NON TITO,,,JAWA TIMUR,0.5,YELLOW,361939624,AREA 3,JATIM,MADIUN,KEDIRI,,,0,0,0,JAWA TIMUR,KOTA KEDIRI,PESANTREN,BANGSAL,KEDIRI
2604269698,,ODP-MJT-FG/41,-7.772637,111.999125,,,2,6,0,0,8,REGIONAL 5,KEDIRI,KEDIRI,MJT,,,2024-03-16 23:22:57,43257,2018,6,NON TITO,,,JAWA TIMUR,0.75,YELLOW,361302867,AREA 3,JATIM,MADIUN,KEDIRI,,,0,0,0,JAWA TIMUR,KOTA KEDIRI,MOJOROTO,DERMO,KEDIRI
2604269256,,ODP-MJT-FG/43,-7.774163,111.998764,,,4,4,0,0,8,REGIONAL 5,KEDIRI,KEDIRI,MJT,,,2024-03-16 23:22:35,43257,2018,6,NON TITO,,,JAWA TIMUR,0.5,YELLOW,361302603,AREA 3,JATIM,MADIUN,KEDIRI,,,0,0,0,JAWA TIMUR,KOTA KEDIRI,MOJOROTO,DERMO,KEDIRI
2510893697,,ODP-KDI-FE/25,-7.801286,112.045514,,,3,5,0,0,8,REGIONAL 5,KEDIRI,KEDIRI,KDI,,,2024-03-16 23:28:38,43242,2018,5,NON TITO,,,JAWA TIMUR,0.625,YELLOW,354547634,AREA 3,JATIM,MADIUN,KEDIRI,,,0,0,0,JAWA TIMUR,KEDIRI,NGASEM,SUKOREJO,KEDIRI
2514869227,,ODP-KDI-FE/23,-7.79972,112.04515,,,3,5,0,0,8,REGIONAL 5,KEDIRI,KEDIRI,KDI,,,2024-03-16 23:23:48,43241,2018,5,NON TITO,,,JAWA TIMUR,0.625,YELLOW,354279415,AREA 3,JATIM,MADIUN,KEDIRI,,,0,0,0,JAWA TIMUR,KEDIRI,NGASEM,NGASEM,KEDIRI
2514869134,,ODP-KDI-FE/22,-7.799426,112.044612,,,4,4,0,0,8,REGIONAL 5,KEDIRI,KEDIRI,KDI,,,2024-03-16 23:23:48,43241,2018,5,NON TITO,,,JAWA TIMUR,0.5,YELLOW,354279191,AREA 3,JATIM,MADIUN,KEDIRI,,,0,0,0,JAWA TIMUR,KEDIRI,NGASEM,NGASEM,KEDIRI
2509694350,,ODP-KDI-FD/07,-7.784498,112.014011,,,2,6,0,0,8,REGIONAL 5,KEDIRI,KEDIRI,KDI,,,2024-03-16 23:23:51,43235,2018,5,NON TITO,,,JAWA TIMUR,0.75,YELLOW,354246567,AREA 3,JATIM,MADIUN,KEDIRI,,,0,0,0,JAWA TIMUR,KEDIRI,GAMPENGREJO,PUTIH,KEDIRI
2509393983,,ODP-MJT-FAD/05,-7.804308,111.99433,,,4,4,0,0,8,REGIONAL 5,KEDIRI,KEDIRI,MJT,,,2024-03-16 23:21:38,43235,2018,5,NON TITO,,,JAWA TIMUR,0.5,YELLOW,354244190,AREA 3,JATIM,MADIUN,KEDIRI,,,0,0,0,JAWA TIMUR,KOTA KEDIRI,MOJOROTO,BUJEL,KEDIRI
2509393980,,ODP-MJT-FAD/02,-7.799661,111.995353,,,4,4,0,0,8,REGIONAL 5,KEDIRI,KEDIRI,MJT,,,2024-03-16 23:22:20,43235,2018,5,NON TITO,,,JAWA TIMUR,0.5,YELLOW,354244187,AREA 3,JATIM,MADIUN,KEDIRI,,,0,0,0,JAWA TIMUR,KOTA KEDIRI,MOJOROTO,NGAMPEL,KEDIRI
2509694345,,ODP-KDI-FD/08,-7.784651,112.014544,,,3,5,0,0,8,REGIONAL 5,KEDIRI,KEDIRI,KDI,,,2024-03-16 23:23:31,43235,2018,5,NON TITO,,,JAWA TIMUR,0.625,YELLOW,354215533,AREA 3,JATIM,MADIUN,KEDIRI,,,0,0,0,JAWA TIMUR,KEDIRI,GAMPENGREJO,PUTIH,KEDIRI
2497470044,,ODP-KDI-FAL/25,-7.814641,112.015432,,,4,12,0,0,16,REGIONAL 5,KEDIRI,KEDIRI,KDI,,,2024-03-16 23:29:08,43229,2018,5,NON TITO,,,JAWA TIMUR,0.75,YELLOW,354179333,AREA 3,JATIM,MADIUN,KEDIRI,,,0,0,0,JAWA TIMUR,KOTA KEDIRI,KOTA,BALOWERTI,KEDIRI
2497470039,,ODP-KDI-FAL/26,-7.814498,112.014695,,,6,10,0,0,16,REGIONAL 5,KEDIRI,KEDIRI,KDI,,,2024-03-16 23:29:01,43229,2018,5,NON TITO,,,JAWA TIMUR,0.625,YELLOW,354179330,AREA 3,JATIM,MADIUN,KEDIRI,,,0,0,0,JAWA TIMUR,KOTA KEDIRI,KOTA,BALOWERTI,KEDIRI
2483443792,,ODP-MJT-FB/28,-7.744264,111.962268,,,2,6,0,0,8,REGIONAL 5,KEDIRI,KEDIRI,MJT,,,2024-03-16 23:26:51,43222,2018,5,NON TITO,,,JAWA TIMUR,0.75,YELLOW,353720056,AREA 3,JATIM,MADIUN,KEDIRI,,,0,0,0,JAWA TIMUR,KEDIRI,GROGOL,CERME,KEDIRI
2476243726,,ODP-MJT-FM/52,-7.819685,112.002468,,,4,4,0,0,8,REGIONAL 5,KEDIRI,KEDIRI,MJT,,,2024-03-16 23:28:09,43223,2018,5,NON TITO,,,JAWA TIMUR,0.5,YELLOW,353659750,AREA 3,JATIM,MADIUN,KEDIRI,,,0,0,0,JAWA TIMUR,KOTA KEDIRI,MOJOROTO,BANDAR LOR,KEDIRI
2483443797,,ODP-GUR-FH/01,-7.769869,112.085746,,,2,6,0,0,8,REGIONAL 5,KEDIRI,KEDIRI,GUR,,,2024-03-16 23:26:54,43222,2018,5,NON TITO,,,JAWA TIMUR,0.75,YELLOW,353656104,AREA 3,JATIM,MADIUN,KEDIRI,,,0,0,0,JAWA TIMUR,KEDIRI,PAGU,SITIMERT0,KEDIRI
2480369715,,ODP-SBI-FE/15,-7.982193,112.04591,,,5,11,0,0,16,REGIONAL 5,KEDIRI,KEDIRI,SBI,,,2024-03-16 23:28:13,43221,2018,5,NON TITO,,,JAWA TIMUR,0.6875,YELLOW,353644213,AREA 3,JATIM,MADIUN,KEDIRI,,,0,0,0,JAWA TIMUR,KEDIRI,RINGINREJO,RINGINREJO,KEDIRI
2459744107,,ODP-GUR-FB/24,-7.815593,112.073774,,,2,6,0,0,8,REGIONAL 5,KEDIRI,KEDIRI,GUR,,,2024-03-16 23:29:19,43214,2018,4,NON TITO,,,JAWA TIMUR,0.75,YELLOW,353591667,AREA 3,JATIM,MADIUN,KEDIRI,,,0,0,0,JAWA TIMUR,KEDIRI,GURAH,WONOJOYO,KEDIRI
2459744072,,ODP-GUR-FB/11,-7.834419,112.078972,,,7,9,0,0,16,REGIONAL 5,KEDIRI,KEDIRI,GUR,,,2024-03-16 23:29:20,43214,2018,4,NON TITO,,,JAWA TIMUR,0.5625,YELLOW,353591642,AREA 3,JATIM,MADIUN,KEDIRI,,,0,0,0,JAWA TIMUR,KEDIRI,GURAH,WONOJOYO,KEDIRI
2459744023,,ODP-GUR-FB/18,-7.826032,112.081548,,,2,6,0,0,8,REGIONAL 5,KEDIRI,KEDIRI,GUR,,,2024-03-16 23:28:59,43214,2018,4,NON TITO,,,JAWA TIMUR,0.75,YELLOW,353591618,AREA 3,JATIM,MADIUN,KEDIRI,,,0,0,0,JAWA TIMUR,KEDIRI,GURAH,GABRU,KEDIRI
2459743958,,ODP-GUR-FB/15,-7.830031,112.085848,,,3,5,0,0,8,REGIONAL 5,KEDIRI,KEDIRI,GUR,,,2024-03-16 23:28:12,43214,2018,4,NON TITO,,,JAWA TIMUR,0.625,YELLOW,353591491,AREA 3,JATIM,MADIUN,KEDIRI,,,0,0,0,JAWA TIMUR,KEDIRI,GURAH,KRANGGAN,KEDIRI
2543444238,,ODP-SBI-FE/17,-7.989342,112.040977,,,4,12,0,0,16,REGIONAL 5,KEDIRI,KEDIRI,SBI,,,2024-03-16 23:28:11,43244,2018,5,NON TITO,,,JAWA TIMUR,0.75,YELLOW,356489050,AREA 3,JATIM,MADIUN,KEDIRI,,,0,0,0,JAWA TIMUR,KEDIRI,RINGINREJO,RINGINREJO,KEDIRI
2604269374,,ODP-MJT-FG/39,-7.773656,111.999491,,,4,4,0,0,8,REGIONAL 5,KEDIRI,KEDIRI,MJT,,,2024-03-16 23:21:44,43257,2018,6,NON TITO,,,JAWA TIMUR,0.5,YELLOW,361302661,AREA 3,JATIM,MADIUN,KEDIRI,,,0,0,0,JAWA TIMUR,KOTA KEDIRI,MOJOROTO,DERMO,KEDIRI
2567444273,,ODP-PPR-FE/25,-7.737973,112.040254,,,4,4,0,0,8,REGIONAL 5,KEDIRI,KEDIRI,PPR,,,2024-03-16 23:26:57,43245,2018,5,NON TITO,,,JAWA TIMUR,0.5,YELLOW,356497000,AREA 3,JATIM,MADIUN,KEDIRI,,,0,0,0,JAWA TIMUR,KEDIRI,PAPAR,PURWOTENGAH,KEDIRI
2566393664,,ODP-KDI-FBK/04,-7.81982,112.043134,,,2,6,0,0,8,REGIONAL 5,KEDIRI,KEDIRI,KDI,,,2024-03-16 23:25:16,43245,2018,5,NON TITO,,,JAWA TIMUR,0.75,YELLOW,356498051,AREA 3,JATIM,MADIUN,KEDIRI,,,0,0,0,JAWA TIMUR,KEDIRI,NGASEM,DOKO,KEDIRI
2606971929,,ODP-MJT-FC/11,-7.736452,111.990011,,,3,5,0,0,8,REGIONAL 5,KEDIRI,KEDIRI,MJT,,,2024-03-16 23:26:57,43257,2018,6,NON TITO,,,JAWA TIMUR,0.625,YELLOW,361298370,AREA 3,JATIM,MADIUN,KEDIRI,,,0,0,0,JAWA TIMUR,KEDIRI,GROGOL,GAMBYOK,KEDIRI
2606970449,,ODP-MJT-FAE/23,-7.804313,112.003104,,,4,4,0,0,8,REGIONAL 5,KEDIRI,KEDIRI,MJT,,,2024-03-16 23:26:26,43257,2018,6,NON TITO,,,JAWA TIMUR,0.5,YELLOW,361297708,AREA 3,JATIM,MADIUN,KEDIRI,,,0,0,0,JAWA TIMUR,KOTA KEDIRI,MOJOROTO,MOJOROTO,KEDIRI
2606970175,,ODP-MJT-FAE/20,-7.807768,112.005612,,,7,9,0,0,16,REGIONAL 5,KEDIRI,KEDIRI,MJT,,,2024-03-16 23:25:12,43257,2018,6,NON TITO,,,JAWA TIMUR,0.5625,YELLOW,361297441,AREA 3,JATIM,MADIUN,KEDIRI,,,0,0,0,JAWA TIMUR,KOTA KEDIRI,MOJOROTO,MOJOROTO,KEDIRI
2606970003,,ODP-MJT-FAE/25,-7.804129,112.001736,,,3,5,0,0,8,REGIONAL 5,KEDIRI,KEDIRI,MJT,,,2024-03-16 23:26:29,43257,2018,6,NON TITO,,,JAWA TIMUR,0.625,YELLOW,361297311,AREA 3,JATIM,MADIUN,KEDIRI,,,0,0,0,JAWA TIMUR,KOTA KEDIRI,MOJOROTO,MOJOROTO,KEDIRI
2606969073,,ODP-MJT-FAE/27,-7.802641,112.00024,,,5,11,0,0,16,REGIONAL 5,KEDIRI,KEDIRI,MJT,,,2024-03-16 23:25:14,43257,2018,6,NON TITO,,,JAWA TIMUR,0.6875,YELLOW,361296673,AREA 3,JATIM,MADIUN,KEDIRI,,,0,0,0,JAWA TIMUR,KOTA KEDIRI,MOJOROTO,MOJOROTO,KEDIRI
2606969066,,ODP-MJT-FAE/28,-7.802907,112.00208,,,2,6,0,0,8,REGIONAL 5,KEDIRI,KEDIRI,MJT,,,2024-03-16 23:26:09,43257,2018,6,NON TITO,,,JAWA TIMUR,0.75,YELLOW,361296662,AREA 3,JATIM,MADIUN,KEDIRI,,,0,0,0,JAWA TIMUR,KOTA KEDIRI,MOJOROTO,MOJOROTO,KEDIRI
2598869192,,ODP-MJT-FAE/14,-7.797927,112.003714,,,4,4,0,0,8,REGIONAL 5,KEDIRI,KEDIRI,MJT,,,2024-03-16 23:23:44,43255,2018,6,NON TITO,,,JAWA TIMUR,0.5,YELLOW,359262980,AREA 3,JATIM,MADIUN,KEDIRI,,,0,0,0,JAWA TIMUR,KOTA KEDIRI,MOJOROTO,MOJOROTO,KEDIRI
2598869067,,ODP-MJT-FAE/12,-7.795546,112.001895,,,4,4,0,0,8,REGIONAL 5,KEDIRI,KEDIRI,MJT,,,2024-03-16 23:22:45,43255,2018,6,NON TITO,,,JAWA TIMUR,0.5,YELLOW,358964925,AREA 3,JATIM,MADIUN,KEDIRI,,,0,0,0,JAWA TIMUR,KOTA KEDIRI,MOJOROTO,MOJOROTO,KEDIRI
2566394126,,ODP-KDI-FBK/14,-7.818247,112.038649,,,3,5,0,0,8,REGIONAL 5,KEDIRI,KEDIRI,KDI,,,2024-03-16 23:25:37,43245,2018,5,NON TITO,,,JAWA TIMUR,0.625,YELLOW,356566655,AREA 3,JATIM,MADIUN,KEDIRI,,,0,0,0,JAWA TIMUR,KEDIRI,NGASEM,DOKO,KEDIRI
2566394123,,ODP-KDI-FBK/12,-7.819175,112.041307,,,4,4,0,0,8,REGIONAL 5,KEDIRI,KEDIRI,KDI,,,2024-03-16 23:25:28,43245,2018,5,NON TITO,,,JAWA TIMUR,0.5,YELLOW,356566653,AREA 3,JATIM,MADIUN,KEDIRI,,,0,0,0,JAWA TIMUR,KEDIRI,NGASEM,DOKO,KEDIRI
2566393859,,ODP-KDI-FBK/03,-7.818864,112.044793,,,6,10,0,0,16,REGIONAL 5,KEDIRI,KEDIRI,KDI,,,2024-03-16 23:26:26,43245,2018,5,NON TITO,,,JAWA TIMUR,0.625,YELLOW,356566578,AREA 3,JATIM,MADIUN,KEDIRI,,,0,0,0,JAWA TIMUR,KEDIRI,NGASEM,DOKO,KEDIRI
2566393768,,ODP-KDI-FBK/01,-7.820028,112.045061,,,9,7,0,0,16,REGIONAL 5,KEDIRI,KEDIRI,KDI,,,2024-03-16 23:26:30,43245,2018,5,NON TITO,,,JAWA TIMUR,0.4375,YELLOW,356566558,AREA 3,JATIM,MADIUN,KEDIRI,,,0,0,0,JAWA TIMUR,KEDIRI,NGASEM,DOKO,KEDIRI
2566393765,,ODP-KDI-FBK/05,-7.819353,112.043313,,,3,5,0,0,8,REGIONAL 5,KEDIRI,KEDIRI,KDI,,,2024-03-16 23:26:10,43245,2018,5,NON TITO,,,JAWA TIMUR,0.625,YELLOW,356566556,AREA 3,JATIM,MADIUN,KEDIRI,,,0,0,0,JAWA TIMUR,KEDIRI,NGASEM,DOKO,KEDIRI
2566394204,,ODP-KDI-FBK/10,-7.817176,112.040663,,,4,4,0,0,8,REGIONAL 5,KEDIRI,KEDIRI,KDI,,,2024-03-16 23:25:16,43245,2018,5,NON TITO,,,JAWA TIMUR,0.5,YELLOW,356498274,AREA 3,JATIM,MADIUN,KEDIRI,,,0,0,0,JAWA TIMUR,KEDIRI,NGASEM,DOKO,KEDIRI
2566394032,,ODP-KDI-FBK/08,-7.816422,112.038606,,,3,5,0,0,8,REGIONAL 5,KEDIRI,KEDIRI,KDI,,,2024-03-16 23:26:23,43245,2018,5,NON TITO,,,JAWA TIMUR,0.625,YELLOW,356498209,AREA 3,JATIM,MADIUN,KEDIRI,,,0,0,0,JAWA TIMUR,KEDIRI,NGASEM,DOKO,KEDIRI
2566394026,,ODP-KDI-FBK/06,-7.818871,112.043499,,,5,11,0,0,16,REGIONAL 5,KEDIRI,KEDIRI,KDI,,,2024-03-16 23:25:31,43245,2018,5,NON TITO,,,JAWA TIMUR,0.6875,YELLOW,356498205,AREA 3,JATIM,MADIUN,KEDIRI,,,0,0,0,JAWA TIMUR,KEDIRI,NGASEM,DOKO,KEDIRI
2566393667,,ODP-KDI-FBK/07,-7.818019,112.043027,,,4,4,0,0,8,REGIONAL 5,KEDIRI,KEDIRI,KDI,,,2024-03-16 23:24:51,43245,2018,5,NON TITO,,,JAWA TIMUR,0.5,YELLOW,356498053,AREA 3,JATIM,MADIUN,KEDIRI,,,0,0,0,JAWA TIMUR,KEDIRI,NGASEM,DOKO,KEDIRI
2566393661,,ODP-KDI-FBK/15,-7.81782,112.037488,,,2,6,0,0,8,REGIONAL 5,KEDIRI,KEDIRI,KDI,,,2024-03-16 23:26:00,43245,2018,5,NON TITO,,,JAWA TIMUR,0.75,YELLOW,356498049,AREA 3,JATIM,MADIUN,KEDIRI,,,0,0,0,JAWA TIMUR,KEDIRI,NGASEM,DOKO,KEDIRI
2674173635,,ODP-MJT-FD/17,-7.761636,111.967874,,,7,9,0,0,16,REGIONAL 5,KEDIRI,KEDIRI,MJT,,,2024-03-16 23:26:56,43293,2018,7,NON TITO,,,JAWA TIMUR,0.5625,YELLOW,362015365,AREA 3,JATIM,MADIUN,KEDIRI,,,0,0,0,JAWA TIMUR,KEDIRI,BANYAKAN,BANYAKAN,KEDIRI
2674173356,,ODP-MJT-FD/13,-7.77095,111.958344,,,7,9,0,0,16,REGIONAL 5,KEDIRI,KEDIRI,MJT,,,2024-03-16 23:25:16,43293,2018,7,NON TITO,,,JAWA TIMUR,0.5625,YELLOW,362194382,AREA 3,JATIM,MADIUN,KEDIRI,,,0,0,0,JAWA TIMUR,KEDIRI,BANYAKAN,JATIREJO,KEDIRI
2674173361,,ODP-MJT-FD/16,-7.763777,111.965077,,,5,11,0,0,16,REGIONAL 5,KEDIRI,KEDIRI,MJT,,,2024-03-16 23:26:29,43293,2018,7,NON TITO,,,JAWA TIMUR,0.6875,YELLOW,362194386,AREA 3,JATIM,MADIUN,KEDIRI,,,0,0,0,JAWA TIMUR,KEDIRI,BANYAKAN,JATIREJO,KEDIRI
2880793600,,ODP-KDI-FAZ/09,-7.754227,112.03766,,,4,4,0,0,8,REGIONAL 5,KEDIRI,KEDIRI,KDI,,,2024-03-16 23:28:35,43349,2018,9,NON TITO,,,JAWA TIMUR,0.5,YELLOW,390021441,AREA 3,JATIM,MADIUN,KEDIRI,,,0,0,0,JAWA TIMUR,KEDIRI,GAMPENGREJO,TURUS,KEDIRI
2876220761,,ODP-KDI-FBA/16,-7.833842,112.05369,,,3,5,0,0,8,REGIONAL 5,KEDIRI,KEDIRI,KDI,,,2024-03-16 23:23:49,43348,2018,9,NON TITO,,,JAWA TIMUR,0.625,YELLOW,390017359,AREA 3,JATIM,MADIUN,KEDIRI,,,0,0,0,JAWA TIMUR,KEDIRI,NGASEM,TUGUREJO,KEDIRI
2876220737,,ODP-KDI-FBA/10,-7.834209,112.054673,,,9,7,0,0,16,REGIONAL 5,KEDIRI,KEDIRI,KDI,,,2024-03-16 23:23:26,43348,2018,9,NON TITO,,,JAWA TIMUR,0.4375,YELLOW,390017335,AREA 3,JATIM,MADIUN,KEDIRI,,,0,0,0,JAWA TIMUR,KEDIRI,NGASEM,TUGUREJO,KEDIRI
2876220677,,ODP-KDI-FBA/04,-7.830691,112.057612,,,9,7,0,0,16,REGIONAL 5,KEDIRI,KEDIRI,KDI,,,2024-03-16 23:23:34,43348,2018,9,NON TITO,,,JAWA TIMUR,0.4375,YELLOW,390017140,AREA 3,JATIM,MADIUN,KEDIRI,,,0,0,0,JAWA TIMUR,KEDIRI,NGASEM,TUGUREJO,KEDIRI
2876220662,,ODP-KDI-FBA/02,-7.8326,112.062454,,,3,5,0,0,8,REGIONAL 5,KEDIRI,KEDIRI,KDI,,,2024-03-16 23:23:34,43348,2018,9,NON TITO,,,JAWA TIMUR,0.625,YELLOW,390017124,AREA 3,JATIM,MADIUN,KEDIRI,,,0,0,0,JAWA TIMUR,KEDIRI,NGASEM,TUGUREJO,KEDIRI
2877795121,,ODP-KDI-FAE/65,-7.846967,112.033223,,,2,6,0,0,8,REGIONAL 5,KEDIRI,KEDIRI,KDI,,,2024-03-16 23:24:17,43348,2018,9,NON TITO,,,JAWA TIMUR,0.75,YELLOW,390015281,AREA 3,JATIM,MADIUN,KEDIRI,,,0,0,0,JAWA TIMUR,KOTA KEDIRI,KOTA KEDIRI,NGRONGGO,KEDIRI
2877795077,,ODP-KDI-FAE/63,-7.847779,112.033858,,,4,4,0,0,8,REGIONAL 5,KEDIRI,KEDIRI,KDI,,,2024-03-16 23:23:55,43348,2018,9,NON TITO,,,JAWA TIMUR,0.5,YELLOW,390015235,AREA 3,JATIM,MADIUN,KEDIRI,,,0,0,0,JAWA TIMUR,KOTA KEDIRI,KOTA KEDIRI,NGRONGGO,KEDIRI
2877794475,,ODP-KDI-FAE/54,-7.850849,112.031636,,,3,5,0,0,8,REGIONAL 5,KEDIRI,KEDIRI,KDI,,,2024-03-16 23:23:50,43348,2018,9,NON TITO,,,JAWA TIMUR,0.625,YELLOW,390014996,AREA 3,JATIM,MADIUN,KEDIRI,,,0,0,0,JAWA TIMUR,KOTA KEDIRI,KOTA KEDIRI,NGRONGGO,KEDIRI
2877794293,,ODP-KDI-FAE/57,-7.850399,112.030216,,,3,5,0,0,8,REGIONAL 5,KEDIRI,KEDIRI,KDI,,,2024-03-16 23:24:03,43348,2018,9,NON TITO,,,JAWA TIMUR,0.625,YELLOW,390014792,AREA 3,JATIM,MADIUN,KEDIRI,,,0,0,0,JAWA TIMUR,KOTA KEDIRI,KOTA KEDIRI,NGRONGGO,KEDIRI
2877794288,,ODP-KDI-FAE/58,-7.84986,112.031969,,,4,4,0,0,8,REGIONAL 5,KEDIRI,KEDIRI,KDI,,,2024-03-16 23:23:46,43348,2018,9,NON TITO,,,JAWA TIMUR,0.5,YELLOW,390014788,AREA 3,JATIM,MADIUN,KEDIRI,,,0,0,0,JAWA TIMUR,KOTA KEDIRI,KOTA KEDIRI,NGRONGGO,KEDIRI
2877794252,,ODP-KDI-FAE/53,-7.85095,112.032221,,,3,5,0,0,8,REGIONAL 5,KEDIRI,KEDIRI,KDI,,,2024-03-16 23:24:15,43348,2018,9,NON TITO,,,JAWA TIMUR,0.625,YELLOW,390014744,AREA 3,JATIM,MADIUN,KEDIRI,,,0,0,0,JAWA TIMUR,KOTA KEDIRI,KOTA KEDIRI,NGRONGGO,KEDIRI
2877793982,,ODP-KDI-FBD/02,-7.836815,112.014858,,,4,4,0,0,8,REGIONAL 5,KEDIRI,KEDIRI,KDI,,,2024-03-16 23:24:04,43348,2018,9,NON TITO,,,JAWA TIMUR,0.5,YELLOW,390014305,AREA 3,JATIM,MADIUN,KEDIRI,,,0,0,0,JAWA TIMUR,KOTA KEDIRI,KOTA,KALIOMBO,KEDIRI
2877793961,,ODP-KDI-FBD/01,-7.837534,112.014844,,,4,4,0,0,8,REGIONAL 5,KEDIRI,KEDIRI,KDI,,,2024-03-16 23:23:42,43348,2018,9,NON TITO,,,JAWA TIMUR,0.5,YELLOW,390014260,AREA 3,JATIM,MADIUN,KEDIRI,,,0,0,0,JAWA TIMUR,KOTA KEDIRI,KOTA,KALIOMBO,KEDIRI
2877793777,,ODP-KDI-FBD/04,-7.838412,112.024216,,,8,8,0,0,16,REGIONAL 5,KEDIRI,KEDIRI,KDI,,,2024-03-16 23:24:09,43348,2018,9,NON TITO,,,JAWA TIMUR,0.5,YELLOW,390013971,AREA 3,JATIM,MADIUN,KEDIRI,,,0,0,0,JAWA TIMUR,KOTA KEDIRI,KOTA,KALIOMBO,KEDIRI
2877793683,,ODP-KDI-FBD/07,-7.833089,112.014228,,,4,4,0,0,8,REGIONAL 5,KEDIRI,KEDIRI,KDI,,,2024-03-16 23:23:31,43348,2018,9,NON TITO,,,JAWA TIMUR,0.5,YELLOW,390013864,AREA 3,JATIM,MADIUN,KEDIRI,,,0,0,0,JAWA TIMUR,KOTA KEDIRI,KOTA,KALIOMBO,KEDIRI
2877268758,,ODP-KDI-FAH/38,-7.817792,112.009057,,,4,12,0,0,16,REGIONAL 5,KEDIRI,KEDIRI,KDI,,,2024-03-16 23:23:34,43348,2018,9,NON TITO,,,JAWA TIMUR,0.75,YELLOW,390013128,AREA 3,JATIM,MADIUN,KEDIRI,,,0,0,0,JAWA TIMUR,KOTA KEDIRI,KOTA,PAKELAN,KEDIRI
2867293894,,ODP-KDI-FBF/23,-7.795843,112.041177,,,3,5,0,0,8,REGIONAL 5,KEDIRI,KEDIRI,KDI,,,2024-03-16 23:26:59,43347,2018,9,NON TITO,,,JAWA TIMUR,0.625,YELLOW,389866024,AREA 3,JATIM,MADIUN,KEDIRI,,,0,0,0,JAWA TIMUR,KEDIRI,NGASEM,KARANGREJO,KEDIRI
2880793605,,ODP-KDI-FAZ/07,-7.756227,112.042918,,,1,6,1,0,8,REGIONAL 5,KEDIRI,KEDIRI,KDI,,,2024-03-16 23:28:32,43349,2018,9,NON TITO,,,JAWA TIMUR,0.75,YELLOW,390021444,AREA 3,JATIM,MADIUN,KEDIRI,,,0,0,0,JAWA TIMUR,KEDIRI,GAMPENGREJO,PLOSOREJO,KEDIRI
2861597454,,ODP-KDI-FX/72,-7.852354,112.029126,,,3,5,0,0,8,REGIONAL 5,KEDIRI,KEDIRI,KDI,,,2024-03-16 23:27:09,43347,2018,9,NON TITO,,,JAWA TIMUR,0.625,YELLOW,389864138,AREA 3,JATIM,MADIUN,KEDIRI,,,0,0,0,JAWA TIMUR,KOTA KEDIRI,KOTA,REJOMULYO,KEDIRI
2880793667,,ODP-KDI-FAZ/04,-7.759654,112.05276,,,2,6,0,0,8,REGIONAL 5,KEDIRI,KEDIRI,KDI,,,2024-03-16 23:28:28,43349,2018,9,NON TITO,,,JAWA TIMUR,0.75,YELLOW,390021482,AREA 3,JATIM,MADIUN,KEDIRI,,,0,0,0,JAWA TIMUR,KEDIRI,GAMPENGREJO,KEPUHREJO,KEDIRI
2880793792,,ODP-KDI-FAZ/06,-7.757633,112.046731,,,4,4,0,0,8,REGIONAL 5,KEDIRI,KEDIRI,KDI,,,2024-03-16 23:28:26,43349,2018,9,NON TITO,,,JAWA TIMUR,0.5,YELLOW,390021556,AREA 3,JATIM,MADIUN,KEDIRI,,,0,0,0,JAWA TIMUR,KEDIRI,GAMPENGREJO,PLOSOREJO,KEDIRI
2965919358,,ODP-KDI-FAY/09,-7.838865,112.030011,,,4,4,0,0,8,REGIONAL 5,KEDIRI,KEDIRI,KDI,,,2024-03-16 23:23:26,43370,2018,9,NON TITO,,,JAWA TIMUR,0.5,YELLOW,404404694,AREA 3,JATIM,MADIUN,KEDIRI,,,0,0,0,JAWA TIMUR,KOTA KEDIRI,PESANTREN,BANARAN,KEDIRI
2965919083,,ODP-KDI-FAY/12,-7.842116,112.033843,,,4,4,0,0,8,REGIONAL 5,KEDIRI,KEDIRI,KDI,,,2024-03-16 23:23:00,43370,2018,9,NON TITO,,,JAWA TIMUR,0.5,YELLOW,404404446,AREA 3,JATIM,MADIUN,KEDIRI,,,0,0,0,JAWA TIMUR,KOTA KEDIRI,KOTA,NGRONGGO,KEDIRI
2965918914,,ODP-KDI-FAQ/14,-7.782077,112.03636,,,3,5,0,0,8,REGIONAL 5,KEDIRI,KEDIRI,KDI,,,2024-03-16 23:21:18,43370,2018,9,NON TITO,,,JAWA TIMUR,0.625,YELLOW,404404305,AREA 3,JATIM,MADIUN,KEDIRI,,,0,0,0,JAWA TIMUR,KEDIRI,GAMPENGREJO,SAMBIREJO,KEDIRI
2965918904,,ODP-KDI-FAY/18,-7.840978,112.03136,,,4,4,0,0,8,REGIONAL 5,KEDIRI,KEDIRI,KDI,,,2024-03-16 23:23:20,43370,2018,9,NON TITO,,,JAWA TIMUR,0.5,YELLOW,404404298,AREA 3,JATIM,MADIUN,KEDIRI,,,0,0,0,JAWA TIMUR,KOTA KEDIRI,KOTA,NGRONGGO,KEDIRI
2965918899,,ODP-KDI-FAY/16,-7.841241,112.032716,,,2,6,0,0,8,REGIONAL 5,KEDIRI,KEDIRI,KDI,,,2024-03-16 23:22:37,43370,2018,9,NON TITO,,,JAWA TIMUR,0.75,YELLOW,404404292,AREA 3,JATIM,MADIUN,KEDIRI,,,0,0,0,JAWA TIMUR,KOTA KEDIRI,KOTA,NGRONGGO,KEDIRI
2965918894,,ODP-KDI-FAY/11,-7.841573,112.033952,,,3,5,0,0,8,REGIONAL 5,KEDIRI,KEDIRI,KDI,,,2024-03-16 23:23:28,43370,2018,9,NON TITO,,,JAWA TIMUR,0.625,YELLOW,404404288,AREA 3,JATIM,MADIUN,KEDIRI,,,0,0,0,JAWA TIMUR,KOTA KEDIRI,PESANTREN,BANARAN,KEDIRI
2965918723,,ODP-KDI-FAQ/16,-7.780254,112.03179,,,9,7,0,0,16,REGIONAL 5,KEDIRI,KEDIRI,KDI,,,2024-03-16 23:23:23,43370,2018,9,NON TITO,,,JAWA TIMUR,0.4375,YELLOW,404404139,AREA 3,JATIM,MADIUN,KEDIRI,,,0,0,0,JAWA TIMUR,KEDIRI,GAMPENGREJO,SAMBIREJO,KEDIRI
2876520371,,ODP-KDI-FBJ/10,-7.822313,112.050619,,,2,6,0,0,8,REGIONAL 5,KEDIRI,KEDIRI,KDI,,,2024-03-16 23:24:42,43349,2018,9,NON TITO,,,JAWA TIMUR,0.75,YELLOW,390024047,AREA 3,JATIM,MADIUN,KEDIRI,,,0,0,0,JAWA TIMUR,KEDIRI,NGASEM,GOGORANTE,KEDIRI
2876520349,,ODP-KDI-FBJ/02,-7.816921,112.048893,,,2,6,0,0,8,REGIONAL 5,KEDIRI,KEDIRI,KDI,,,2024-03-16 23:24:22,43349,2018,9,NON TITO,,,JAWA TIMUR,0.75,YELLOW,390024010,AREA 3,JATIM,MADIUN,KEDIRI,,,0,0,0,JAWA TIMUR,KEDIRI,NGASEM,GOGORANTE,KEDIRI
2877718905,,ODP-KDI-FBH/01,-7.816907,112.048564,,,2,6,0,0,8,REGIONAL 5,KEDIRI,KEDIRI,KDI,,,2024-03-16 23:28:57,43349,2018,9,NON TITO,,,JAWA TIMUR,0.75,YELLOW,390023864,AREA 3,JATIM,MADIUN,KEDIRI,,,0,0,0,JAWA TIMUR,KEDIRI,NGASEM,DOKO,KEDIRI
2877718758,,ODP-KDI-FBH/16,-7.811839,112.057392,,,4,4,0,0,8,REGIONAL 5,KEDIRI,KEDIRI,KDI,,,2024-03-16 23:29:04,43349,2018,9,NON TITO,,,JAWA TIMUR,0.5,YELLOW,390023677,AREA 3,JATIM,MADIUN,KEDIRI,,,0,0,0,JAWA TIMUR,KEDIRI,NGASEM,PARON,KEDIRI
2877718719,,ODP-KDI-FBH/19,-7.814018,112.056439,,,4,4,0,0,8,REGIONAL 5,KEDIRI,KEDIRI,KDI,,,2024-03-16 23:29:09,43349,2018,9,NON TITO,,,JAWA TIMUR,0.5,YELLOW,390023631,AREA 3,JATIM,MADIUN,KEDIRI,,,0,0,0,JAWA TIMUR,KEDIRI,NGASEM,GOGORANTE,KEDIRI
2876520127,,ODP-KDI-FBJ/13,-7.821515,112.050864,,,2,6,0,0,8,REGIONAL 5,KEDIRI,KEDIRI,KDI,,,2024-03-16 23:24:41,43349,2018,9,NON TITO,,,JAWA TIMUR,0.75,YELLOW,390023511,AREA 3,JATIM,MADIUN,KEDIRI,,,0,0,0,JAWA TIMUR,KEDIRI,NGASEM,GOGORANTE,KEDIRI
2876519922,,ODP-KDI-FBJ/05,-7.822806,112.054272,,,7,9,0,0,16,REGIONAL 5,KEDIRI,KEDIRI,KDI,,,2024-03-16 23:24:34,43349,2018,9,NON TITO,,,JAWA TIMUR,0.5625,YELLOW,390023232,AREA 3,JATIM,MADIUN,KEDIRI,,,0,0,0,JAWA TIMUR,KEDIRI,NGASEM,GOGORANTE,KEDIRI
2876519832,,ODP-KDI-FBJ/01,-7.815813,112.049249,,,2,6,0,0,8,REGIONAL 5,KEDIRI,KEDIRI,KDI,,,2024-03-16 23:24:49,43349,2018,9,NON TITO,,,JAWA TIMUR,0.75,YELLOW,390023075,AREA 3,JATIM,MADIUN,KEDIRI,,,0,0,0,JAWA TIMUR,KEDIRI,NGASEM,GOGORANTE,KEDIRI
2880794037,,ODP-KDI-FAZ/10,-7.757124,112.036647,,,2,6,0,0,8,REGIONAL 5,KEDIRI,KEDIRI,KDI,,,2024-03-16 23:27:58,43349,2018,9,NON TITO,,,JAWA TIMUR,0.75,YELLOW,390021707,AREA 3,JATIM,MADIUN,KEDIRI,,,0,0,0,JAWA TIMUR,KEDIRI,GAMPENGREJO,TURUS,KEDIRI
2880794032,,ODP-KDI-FAZ/11,-7.753255,112.035149,,,3,5,0,0,8,REGIONAL 5,KEDIRI,KEDIRI,KDI,,,2024-03-16 23:28:30,43349,2018,9,NON TITO,,,JAWA TIMUR,0.625,YELLOW,390021704,AREA 3,JATIM,MADIUN,KEDIRI,,,0,0,0,JAWA TIMUR,KEDIRI,GAMPENGREJO,TURUS,KEDIRI
2880793787,,ODP-KDI-FAZ/01,-7.747861,112.053682,,,3,5,0,0,8,REGIONAL 5,KEDIRI,KEDIRI,KDI,,,2024-03-16 23:28:51,43349,2018,9,NON TITO,,,JAWA TIMUR,0.625,YELLOW,390021553,AREA 3,JATIM,MADIUN,KEDIRI,,,0,0,0,JAWA TIMUR,KEDIRI,KAYEN KIDUL,BAYE,KEDIRI
2861597339,,ODP-KDI-FAJ/51,-7.811578,112.013676,,,6,10,0,0,16,REGIONAL 5,KEDIRI,KEDIRI,KDI,,,2024-03-16 23:27:06,43347,2018,9,NON TITO,,,JAWA TIMUR,0.625,YELLOW,389864065,AREA 3,JATIM,MADIUN,KEDIRI,,,0,0,0,JAWA TIMUR,KOTA KEDIRI,KOTA,POCANAN,KEDIRI
2861597334,,ODP-KDI-FAJ/59,-7.814249,112.012939,,,4,12,0,0,16,REGIONAL 5,KEDIRI,KEDIRI,KDI,,,2024-03-16 23:27:23,43347,2018,9,NON TITO,,,JAWA TIMUR,0.75,YELLOW,389864062,AREA 3,JATIM,MADIUN,KEDIRI,,,0,0,0,JAWA TIMUR,KOTA KEDIRI,KOTA,PAKELAN,KEDIRI
2861597124,,ODP-KDI-FX/75,-7.851331,112.025087,,,3,5,0,0,8,REGIONAL 5,KEDIRI,KEDIRI,KDI,,,2024-03-16 23:27:38,43347,2018,9,NON TITO,,,JAWA TIMUR,0.625,YELLOW,389863933,AREA 3,JATIM,MADIUN,KEDIRI,,,0,0,0,JAWA TIMUR,KOTA KEDIRI,KOTA,REJOMULYO,KEDIRI
2867293868,,ODP-KDI-FAL/29,-7.809935,112.015594,,,8,8,0,0,16,REGIONAL 5,KEDIRI,KEDIRI,KDI,,,2024-03-16 23:26:46,43347,2018,9,NON TITO,,,JAWA TIMUR,0.5,YELLOW,389828014,AREA 3,JATIM,MADIUN,KEDIRI,,,0,0,0,JAWA TIMUR,KOTA KEDIRI,KOTA,BALOWERTI,KEDIRI
2861596614,,ODP-KDI-FX/77,-7.84777,112.024495,,,2,6,0,0,8,REGIONAL 5,KEDIRI,KEDIRI,KDI,,,2024-03-16 23:27:13,43347,2018,9,NON TITO,,,JAWA TIMUR,0.75,YELLOW,389826238,AREA 3,JATIM,MADIUN,KEDIRI,,,0,0,0,JAWA TIMUR,KOTA KEDIRI,KOTA,REJOMULYO,KEDIRI
2860996121,,ODP-KDI-FAK/43,-7.806235,112.016321,,,3,5,0,0,8,REGIONAL 5,KEDIRI,KEDIRI,KDI,,,2024-03-16 23:24:29,43347,2018,9,NON TITO,,,JAWA TIMUR,0.625,YELLOW,389826020,AREA 3,JATIM,MADIUN,KEDIRI,,,0,0,0,JAWA TIMUR,KOTA KEDIRI,KOTA,BALOWERTI,KEDIRI
2836843895,,ODP-KDI-FH/29,-7.85385,112.006997,,,4,4,0,0,8,REGIONAL 5,KEDIRI,KEDIRI,KDI,,,2024-03-16 23:28:28,43337,2018,8,NON TITO,,,JAWA TIMUR,0.5,YELLOW,389549220,AREA 3,JATIM,MADIUN,KEDIRI,,,0,0,0,JAWA TIMUR,KOTA KEDIRI,KOTA KEDIRI,MANISRENGGO,KEDIRI
2792445294,,ODP-MJT-FA/30,-7.707609,111.931729,,,2,6,0,0,8,REGIONAL 5,KEDIRI,KEDIRI,MJT,,,2024-03-16 23:22:39,43325,2018,8,NON TITO,,,JAWA TIMUR,0.75,YELLOW,389414121,AREA 3,JATIM,MADIUN,KEDIRI,,,0,0,0,JAWA TIMUR,NGANJUK,PACE,JOHO,KEDIRI
2792444996,,ODP-MJT-FA/34,-7.71549,111.938043,,,6,10,0,0,16,REGIONAL 5,KEDIRI,KEDIRI,MJT,,,2024-03-16 23:22:43,43325,2018,8,NON TITO,,,JAWA TIMUR,0.625,YELLOW,389413895,AREA 3,JATIM,MADIUN,KEDIRI,,,0,0,0,JAWA TIMUR,KEDIRI,TAROKAN,KALIBOTO,KEDIRI
2759293787,,ODP-PAE-FAC/05,-7.779322,112.12399,,,2,6,0,0,8,REGIONAL 5,KEDIRI,KEDIRI,PAE,,,2024-03-16 23:28:27,43314,2018,8,NON TITO,,,JAWA TIMUR,0.75,YELLOW,388662468,AREA 3,JATIM,MADIUN,KEDIRI,,,0,0,0,JAWA TIMUR,KEDIRI,PARE,SAMBIREJO,KEDIRI
2759293759,,ODP-PAE-FAC/04,-7.783878,112.119473,,,4,4,0,0,8,REGIONAL 5,KEDIRI,KEDIRI,PAE,,,2024-03-16 23:27:12,43314,2018,8,NON TITO,,,JAWA TIMUR,0.5,YELLOW,388662456,AREA 3,JATIM,MADIUN,KEDIRI,,,0,0,0,JAWA TIMUR,KEDIRI,GURAH,GAYAM,KEDIRI
2759293782,,ODP-PAE-FAC/01,-7.785362,112.118001,,,4,4,0,0,8,REGIONAL 5,KEDIRI,KEDIRI,PAE,,,2024-03-16 23:28:25,43314,2018,8,NON TITO,,,JAWA TIMUR,0.5,YELLOW,388438734,AREA 3,JATIM,MADIUN,KEDIRI,,,0,0,0,JAWA TIMUR,KEDIRI,GURAH,GAYAM,KEDIRI
2759293746,,ODP-PAE-FAC/06,-7.777769,112.126676,,,9,7,0,0,16,REGIONAL 5,KEDIRI,KEDIRI,PAE,,,2024-03-16 23:27:40,43314,2018,8,NON TITO,,,JAWA TIMUR,0.4375,YELLOW,388438723,AREA 3,JATIM,MADIUN,KEDIRI,,,0,0,0,JAWA TIMUR,KEDIRI,PARE,SAMBIREJO,KEDIRI
2709869459,,ODP-WAT-FE/17,-7.962894,112.128741,,,4,12,0,0,16,REGIONAL 5,KEDIRI,KEDIRI,WAT,,,2024-03-16 23:27:00,43301,2018,7,NON TITO,,,JAWA TIMUR,0.75,YELLOW,363167564,AREA 3,JATIM,MADIUN,KEDIRI,,,0,0,0,JAWA TIMUR,KEDIRI,NGANCAR,BEDALI,KEDIRI
2709870854,,ODP-MJT-FP/26,-7.825805,111.996378,,,4,12,0,0,16,REGIONAL 5,KEDIRI,KEDIRI,MJT,,,2024-03-16 23:27:18,43301,2018,7,NON TITO,,,JAWA TIMUR,0.75,YELLOW,362718002,AREA 3,JATIM,MADIUN,KEDIRI,,,0,0,0,JAWA TIMUR,KOTA KEDIRI,MOJOROTO,LIRBOYO,KEDIRI
2665769901,,ODP-KDI-FAB/31,-7.798492,112.009057,,,8,8,0,0,16,REGIONAL 5,KEDIRI,KEDIRI,KDI,,,2024-03-16 23:22:21,43299,2018,7,NON TITO,,,JAWA TIMUR,0.5,YELLOW,362572526,AREA 3,JATIM,MADIUN,KEDIRI,,,0,0,0,JAWA TIMUR,KOTA KEDIRI,KOTA,SEMAMPIR,KEDIRI
2665769896,,ODP-KDI-FAB/33,-7.795711,112.009464,,,3,5,0,0,8,REGIONAL 5,KEDIRI,KEDIRI,KDI,,,2024-03-16 23:22:06,43299,2018,7,NON TITO,,,JAWA TIMUR,0.625,YELLOW,362572520,AREA 3,JATIM,MADIUN,KEDIRI,,,0,0,0,JAWA TIMUR,KOTA KEDIRI,KOTA,SEMAMPIR,KEDIRI
2665769891,,ODP-KDI-FAB/30,-7.798379,112.009067,,,3,5,0,0,8,REGIONAL 5,KEDIRI,KEDIRI,KDI,,,2024-03-16 23:22:06,43299,2018,7,NON TITO,,,JAWA TIMUR,0.625,YELLOW,362572511,AREA 3,JATIM,MADIUN,KEDIRI,,,0,0,0,JAWA TIMUR,KOTA KEDIRI,KOTA,SEMAMPIR,KEDIRI
2665769742,,ODP-KDI-FAB/34,-7.794463,112.009679,,,2,6,0,0,8,REGIONAL 5,KEDIRI,KEDIRI,KDI,,,2024-03-16 23:22:25,43299,2018,7,NON TITO,,,JAWA TIMUR,0.75,YELLOW,362572316,AREA 3,JATIM,MADIUN,KEDIRI,,,0,0,0,JAWA TIMUR,KOTA KEDIRI,KOTA,SEMAMPIR,KEDIRI
2674173756,,ODP-MJT-FD/14,-7.771365,111.96124,,,7,9,0,0,16,REGIONAL 5,KEDIRI,KEDIRI,MJT,,,2024-03-16 23:26:58,43293,2018,7,NON TITO,,,JAWA TIMUR,0.5625,YELLOW,362194615,AREA 3,JATIM,MADIUN,KEDIRI,,,0,0,0,JAWA TIMUR,KEDIRI,BANYAKAN,JATIREJO,KEDIRI
2867294022,,ODP-KDI-FAL/28,-7.808481,112.016366,,,4,4,0,0,8,REGIONAL 5,KEDIRI,KEDIRI,KDI,,,2024-03-16 23:26:55,43347,2018,9,NON TITO,,,JAWA TIMUR,0.5,YELLOW,389828167,AREA 3,JATIM,MADIUN,KEDIRI,,,0,0,0,JAWA TIMUR,KOTA KEDIRI,KOTA,BALOWERTI,KEDIRI
2877269228,,ODP-KDI-FAH/22,-7.819422,112.01286,,,2,6,0,0,8,REGIONAL 5,KEDIRI,KEDIRI,KDI,,,2024-03-16 23:23:35,43348,2018,9,NON TITO,,,JAWA TIMUR,0.75,YELLOW,389833860,AREA 3,JATIM,MADIUN,KEDIRI,,,0,0,0,JAWA TIMUR,KOTA KEDIRI,KOTA,JAGALAN,KEDIRI
2877269370,,ODP-KDI-FAH/29,-7.823359,112.01129,,,4,12,0,0,16,REGIONAL 5,KEDIRI,KEDIRI,KDI,,,2024-03-16 23:23:54,43348,2018,9,NON TITO,,,JAWA TIMUR,0.75,YELLOW,389834100,AREA 3,JATIM,MADIUN,KEDIRI,,,0,0,0,JAWA TIMUR,KOTA KEDIRI,KOTA,SETONOPANDE,KEDIRI
2877269375,,ODP-KDI-FAH/42,-7.820666,112.012816,,,5,11,0,0,16,REGIONAL 5,KEDIRI,KEDIRI,KDI,,,2024-03-16 23:23:58,43348,2018,9,NON TITO,,,JAWA TIMUR,0.6875,YELLOW,389834113,AREA 3,JATIM,MADIUN,KEDIRI,,,0,0,0,JAWA TIMUR,KOTA KEDIRI,KOTA,JAGALAN,KEDIRI
2861596884,,ODP-KDI-FX/73,-7.851552,112.028264,,,2,5,0,0,8,REGIONAL 5,KEDIRI,KEDIRI,KDI,,,2024-03-16 23:27:22,43347,2018,9,NON TITO,,,JAWA TIMUR,0.625,YELLOW,389863788,AREA 3,JATIM,MADIUN,KEDIRI,,,0,0,0,JAWA TIMUR,KOTA KEDIRI,KOTA,REJOMULYO,KEDIRI
2861596774,,ODP-KDI-FAJ/50,-7.811731,112.014768,,,4,11,1,0,16,REGIONAL 5,KEDIRI,KEDIRI,KDI,,,2024-03-16 23:26:56,43347,2018,9,NON TITO,,,JAWA TIMUR,0.6875,YELLOW,389863722,AREA 3,JATIM,MADIUN,KEDIRI,,,0,0,0,JAWA TIMUR,KOTA KEDIRI,KOTA,POCANAN,KEDIRI
2861596749,,ODP-KDI-FX/78,-7.84671,112.024874,,,4,11,0,0,16,REGIONAL 5,KEDIRI,KEDIRI,KDI,,,2024-03-16 23:26:53,43347,2018,9,NON TITO,,,JAWA TIMUR,0.6875,YELLOW,389863707,AREA 3,JATIM,MADIUN,KEDIRI,,,0,0,0,JAWA TIMUR,KOTA KEDIRI,KOTA,NGRONGGO,KEDIRI
2861596639,,ODP-KDI-FAJ/52,-7.812052,112.012269,,,4,12,0,0,16,REGIONAL 5,KEDIRI,KEDIRI,KDI,,,2024-03-16 23:26:18,43347,2018,9,NON TITO,,,JAWA TIMUR,0.75,YELLOW,389863653,AREA 3,JATIM,MADIUN,KEDIRI,,,0,0,0,JAWA TIMUR,KOTA KEDIRI,KOTA,POCANAN,KEDIRI
2860996351,,ODP-KDI-FAK/44,-7.805766,112.013597,,,4,4,0,0,8,REGIONAL 5,KEDIRI,KEDIRI,KDI,,,2024-03-16 23:24:35,43347,2018,9,NON TITO,,,JAWA TIMUR,0.5,YELLOW,389863513,AREA 3,JATIM,MADIUN,KEDIRI,,,0,0,0,JAWA TIMUR,KOTA KEDIRI,KOTA,BALOWERTI,KEDIRI
2877719035,,ODP-KDI-FBH/10,-7.8125,112.053499,,,4,12,0,0,16,REGIONAL 5,KEDIRI,KEDIRI,KDI,,,2024-03-16 23:28:14,43349,2018,9,NON TITO,,,JAWA TIMUR,0.75,YELLOW,389842876,AREA 3,JATIM,MADIUN,KEDIRI,,,0,0,0,JAWA TIMUR,KEDIRI,NGASEM,PARON,KEDIRI
2877718961,,ODP-KDI-FBH/08,-7.813478,112.049656,,,2,6,0,0,8,REGIONAL 5,KEDIRI,KEDIRI,KDI,,,2024-03-16 23:29:06,43349,2018,9,NON TITO,,,JAWA TIMUR,0.75,YELLOW,389842827,AREA 3,JATIM,MADIUN,KEDIRI,,,0,0,0,JAWA TIMUR,KEDIRI,NGASEM,SUKOREJO,KEDIRI
2877718855,,ODP-KDI-FBH/03,-7.813886,112.048206,,,2,6,0,0,8,REGIONAL 5,KEDIRI,KEDIRI,KDI,,,2024-03-16 23:29:08,43349,2018,9,NON TITO,,,JAWA TIMUR,0.75,YELLOW,389842731,AREA 3,JATIM,MADIUN,KEDIRI,,,0,0,0,JAWA TIMUR,KEDIRI,NGASEM,SUKOREJO,KEDIRI
3626446207,,ODP-KDI-FAT/01,-7.816754,112.024693,,,3,5,0,0,8,REGIONAL 5,KEDIRI,KEDIRI,KDI,,,2024-03-16 23:26:08,43615,2019,5,NON TITO,,,JAWA TIMUR,0.625,YELLOW,629035184,AREA 3,JATIM,MADIUN,KEDIRI,,,0,0,0,JAWA TIMUR,KOTA KEDIRI,KOTA,BANJARAN,KEDIRI
2876519954,,ODP-KDI-FBJ/03,-7.818587,112.048107,,,4,4,0,0,8,REGIONAL 5,KEDIRI,KEDIRI,KDI,,,2024-03-16 23:24:27,43349,2018,9,NON TITO,,,JAWA TIMUR,0.5,YELLOW,389842338,AREA 3,JATIM,MADIUN,KEDIRI,,,0,0,0,JAWA TIMUR,KEDIRI,NGASEM,DOKO,KEDIRI
2876220854,,ODP-KDI-FBA/07,-7.832237,112.056826,,,4,4,0,0,8,REGIONAL 5,KEDIRI,KEDIRI,KDI,,,2024-03-16 23:23:06,43348,2018,9,NON TITO,,,JAWA TIMUR,0.5,YELLOW,389838308,AREA 3,JATIM,MADIUN,KEDIRI,,,0,0,0,JAWA TIMUR,KOTA KEDIRI,PESANTREN,KETAMI,KEDIRI
2876220818,,ODP-KDI-FBA/15,-7.832301,112.054768,,,2,6,0,0,8,REGIONAL 5,KEDIRI,KEDIRI,KDI,,,2024-03-16 23:21:09,43348,2018,9,NON TITO,,,JAWA TIMUR,0.75,YELLOW,389838261,AREA 3,JATIM,MADIUN,KEDIRI,,,0,0,0,JAWA TIMUR,KEDIRI,NGASEM,TUGUREJO,KEDIRI
2876220682,,ODP-KDI-FBA/13,-7.830926,112.052907,,,8,8,0,0,16,REGIONAL 5,KEDIRI,KEDIRI,KDI,,,2024-03-16 23:23:44,43348,2018,9,NON TITO,,,JAWA TIMUR,0.5,YELLOW,389838087,AREA 3,JATIM,MADIUN,KEDIRI,,,0,0,0,JAWA TIMUR,KEDIRI,NGASEM,TUGUREJO,KEDIRI
2876220667,,ODP-KDI-FBA/09,-7.834519,112.055861,,,3,5,0,0,8,REGIONAL 5,KEDIRI,KEDIRI,KDI,,,2024-03-16 23:23:37,43348,2018,9,NON TITO,,,JAWA TIMUR,0.625,YELLOW,389838070,AREA 3,JATIM,MADIUN,KEDIRI,,,0,0,0,JAWA TIMUR,KOTA KEDIRI,PESANTREN,KETAMI,KEDIRI
2876220590,,ODP-KDI-FBA/06,-7.832631,112.057664,,,2,6,0,0,8,REGIONAL 5,KEDIRI,KEDIRI,KDI,,,2024-03-16 23:23:47,43348,2018,9,NON TITO,,,JAWA TIMUR,0.75,YELLOW,389838004,AREA 3,JATIM,MADIUN,KEDIRI,,,0,0,0,JAWA TIMUR,KOTA KEDIRI,PESANTREN,KETAMI,KEDIRI
2877794503,,ODP-KDI-FAE/55,-7.851218,112.030833,,,4,4,0,0,8,REGIONAL 5,KEDIRI,KEDIRI,KDI,,,2024-03-16 23:24:13,43348,2018,9,NON TITO,,,JAWA TIMUR,0.5,YELLOW,389835828,AREA 3,JATIM,MADIUN,KEDIRI,,,0,0,0,JAWA TIMUR,KOTA KEDIRI,KOTA KEDIRI,NGRONGGO,KEDIRI
2877794371,,ODP-KDI-FAE/64,-7.847425,112.033079,,,3,5,0,0,8,REGIONAL 5,KEDIRI,KEDIRI,KDI,,,2024-03-16 23:23:57,43348,2018,9,NON TITO,,,JAWA TIMUR,0.625,YELLOW,389835726,AREA 3,JATIM,MADIUN,KEDIRI,,,0,0,0,JAWA TIMUR,KOTA KEDIRI,KOTA KEDIRI,NGRONGGO,KEDIRI
2877269522,,ODP-KDI-FAH/37,-7.816617,112.008876,,,2,6,0,0,8,REGIONAL 5,KEDIRI,KEDIRI,KDI,,,2024-03-16 23:23:36,43348,2018,9,NON TITO,,,JAWA TIMUR,0.75,YELLOW,389834226,AREA 3,JATIM,MADIUN,KEDIRI,,,0,0,0,JAWA TIMUR,KOTA KEDIRI,KOTA,PAKELAN,KEDIRI
2876519940,,ODP-KDI-FBJ/11,-7.821807,112.05075,,,2,6,0,0,8,REGIONAL 5,KEDIRI,KEDIRI,KDI,,,2024-03-16 23:24:26,43349,2018,9,NON TITO,,,JAWA TIMUR,0.75,YELLOW,389842333,AREA 3,JATIM,MADIUN,KEDIRI,,,0,0,0,JAWA TIMUR,KEDIRI,NGASEM,GOGORANTE,KEDIRI
3610320527,,ODP-MJT-FC/28,-7.746337,111.988055,,,8,8,0,0,16,REGIONAL 5,KEDIRI,KEDIRI,MJT,,,2024-03-16 23:23:20,43608,2019,5,NON TITO,,,JAWA TIMUR,0.5,YELLOW,629039928,AREA 3,JATIM,MADIUN,KEDIRI,,,0,0,0,JAWA TIMUR,KEDIRI,GROGOL,DATENGAN,KEDIRI
3611896095,,ODP-KDI-FAS/48,-7.807884,112.039924,,,3,5,0,0,8,REGIONAL 5,KEDIRI,KEDIRI,KDI,,,2024-03-16 23:24:19,43612,2019,5,NON TITO,,,JAWA TIMUR,0.625,YELLOW,629715638,AREA 3,JATIM,MADIUN,KEDIRI,,,0,0,0,JAWA TIMUR,KEDIRI,NGASEM,SUKOREJO,KEDIRI
3611897304,,ODP-KDI-FAH/46,-7.822039,112.011632,,,9,7,0,0,16,REGIONAL 5,KEDIRI,KEDIRI,KDI,,,2024-03-16 23:24:18,43612,2019,5,NON TITO,,,JAWA TIMUR,0.4375,YELLOW,629716064,AREA 3,JATIM,MADIUN,KEDIRI,,,0,0,0,JAWA TIMUR,KOTA KEDIRI,KOTA,SETONOPANDE,KEDIRI
5257018971,,ODP-PAE-FP/17,-7.788296,112.209012,,,3,5,0,0,8,REGIONAL 5,KEDIRI,KEDIRI,PAE,,,2024-03-16 23:25:40,44036,2020,7,NON TITO,,,JAWA TIMUR,0.625,YELLOW,833167514,AREA 3,JATIM,MADIUN,KEDIRI,,,0,0,0,JAWA TIMUR,KEDIRI,KEPUNG,KRENCENG,KEDIRI
5237894822,,ODP-NDL-FF/41,-7.922269,111.970071,,,4,4,0,0,8,REGIONAL 5,KEDIRI,KEDIRI,NDL,,,2024-03-16 23:25:16,44034,2020,7,NON TITO,,,JAWA TIMUR,0.5,YELLOW,833145057,AREA 3,JATIM,MADIUN,KEDIRI,,,0,0,0,JAWA TIMUR,KEDIRI,KRAS,JAMBEAN,KEDIRI
5237368780,,ODP-WAT-FX/25,-7.846901,112.091464,,,4,4,0,0,8,REGIONAL 5,KEDIRI,KEDIRI,WAT,,,2024-03-16 23:24:44,44034,2020,7,NON TITO,,,JAWA TIMUR,0.5,YELLOW,833077608,AREA 3,JATIM,MADIUN,KEDIRI,,,0,0,0,JAWA TIMUR,KEDIRI,GURAH,BOGEM,KEDIRI
5235870219,,ODP-GUR-FB/48,-7.813566,112.074596,,,2,6,0,0,8,REGIONAL 5,KEDIRI,KEDIRI,GUR,,,2024-03-16 23:27:47,44034,2020,7,NON TITO,,,JAWA TIMUR,0.75,YELLOW,833076513,AREA 3,JATIM,MADIUN,KEDIRI,,,0,0,0,JAWA TIMUR,KEDIRI,GURAH,WONOJOYO,KEDIRI
5224471060,,ODP-NDL-FE/62,-7.953625,111.961693,,,2,6,0,0,8,REGIONAL 5,KEDIRI,KEDIRI,NDL,,,2024-03-16 23:26:56,44030,2020,7,NON TITO,,,JAWA TIMUR,0.75,YELLOW,832328578,AREA 3,JATIM,MADIUN,KEDIRI,,,0,0,0,JAWA TIMUR,KEDIRI,KRAS,KRAS,KEDIRI
5224470852,,ODP-NDL-FF/40,-7.936013,111.966773,,,4,4,0,0,8,REGIONAL 5,KEDIRI,KEDIRI,NDL,,,2024-03-16 23:27:16,44030,2020,7,NON TITO,,,JAWA TIMUR,0.5,YELLOW,832327451,AREA 3,JATIM,MADIUN,KEDIRI,,,0,0,0,JAWA TIMUR,KEDIRI,KRAS,JAMBEAN,KEDIRI
5125096331,,ODP-KDI-FN/25,-7.769573,112.034994,,,4,4,0,0,8,REGIONAL 5,KEDIRI,KEDIRI,KDI,,,2024-03-16 23:23:50,44008,2020,6,NON TITO,,,JAWA TIMUR,0.5,YELLOW,830980056,AREA 3,JATIM,MADIUN,KEDIRI,,,0,0,0,JAWA TIMUR,KEDIRI,GAMPENGREJO,SAMBIRESIK,KEDIRI
5037118871,,ODP-KDI-FBJ/22,-7.818332,112.048183,,,3,5,0,0,8,REGIONAL 5,KEDIRI,KEDIRI,KDI,,,2024-03-16 23:27:58,43990,2020,6,NON TITO,,,JAWA TIMUR,0.625,YELLOW,830749797,AREA 3,JATIM,MADIUN,KEDIRI,,,0,0,0,JAWA TIMUR,KEDIRI,NGASEM,DOKO,KEDIRI
5034943921,,ODP-SBI-FC/19,-7.949198,111.990922,,,4,4,0,0,8,REGIONAL 5,KEDIRI,KEDIRI,SBI,,,2024-03-16 23:24:47,43990,2020,6,NON TITO,,,JAWA TIMUR,0.5,YELLOW,830688926,AREA 3,JATIM,MADIUN,KEDIRI,,,0,0,0,JAWA TIMUR,KEDIRI,KRAS,KANIGORO,KEDIRI
5018743645,,ODP-GUR-FL/19,-7.798287,112.100039,,,3,5,0,0,8,REGIONAL 5,KEDIRI,KEDIRI,GUR,,,2024-03-16 23:27:20,43985,2020,6,NON TITO,,,JAWA TIMUR,0.625,YELLOW,830398231,AREA 3,JATIM,MADIUN,KEDIRI,,,0,0,0,JAWA TIMUR,KEDIRI,GURAH,GEMPOLAN,KEDIRI
5023243570,,ODP-KDI-FAV/17,-7.839092,112.06201,,,3,5,0,0,8,REGIONAL 5,KEDIRI,KEDIRI,KDI,,,2024-03-16 23:23:05,43985,2020,6,NON TITO,,,JAWA TIMUR,0.625,YELLOW,830398226,AREA 3,JATIM,MADIUN,KEDIRI,,,0,0,0,JAWA TIMUR,KOTA KEDIRI,PESANTREN,TAMPUREJO,KEDIRI
4992870502,,ODP-KDI-FAW/22,-7.871553,112.033794,,,4,4,0,0,8,REGIONAL 5,KEDIRI,KEDIRI,KDI,,,2024-03-16 23:21:05,43980,2020,5,NON TITO,,,JAWA TIMUR,0.5,YELLOW,830375669,AREA 3,JATIM,MADIUN,KEDIRI,,,0,0,0,JAWA TIMUR,KEDIRI,KANDAT,BLABAK,KEDIRI
4992870492,,ODP-KDI-FAW/20,-7.882639,112.044233,,,2,6,0,0,8,REGIONAL 5,KEDIRI,KEDIRI,KDI,,,2024-03-16 23:27:08,43980,2020,5,NON TITO,,,JAWA TIMUR,0.75,YELLOW,830375666,AREA 3,JATIM,MADIUN,KEDIRI,,,0,0,0,JAWA TIMUR,KEDIRI,KANDAT,NGRECO,KEDIRI
4992870497,,ODP-KDI-FAW/21,-7.873724,112.039903,,,3,5,0,0,8,REGIONAL 5,KEDIRI,KEDIRI,KDI,,,2024-03-16 23:26:23,43980,2020,5,NON TITO,,,JAWA TIMUR,0.625,YELLOW,830241683,AREA 3,JATIM,MADIUN,KEDIRI,,,0,0,0,JAWA TIMUR,KEDIRI,KANDAT,NGRECO,KEDIRI
4994893923,,ODP-GUR-FJ/31,-7.780917,112.081071,,,8,8,0,0,16,REGIONAL 5,KEDIRI,KEDIRI,GUR,,,2024-03-16 23:25:11,43974,2020,5,NON TITO,,,JAWA TIMUR,0.5,YELLOW,830180132,AREA 3,JATIM,MADIUN,KEDIRI,,,0,0,0,JAWA TIMUR,KEDIRI,PAGU,MENANG,KEDIRI
4994893918,,ODP-GUR-FJ/30,-7.779161,112.084075,,,2,6,0,0,8,REGIONAL 5,KEDIRI,KEDIRI,GUR,,,2024-03-16 23:25:31,43974,2020,5,NON TITO,,,JAWA TIMUR,0.75,YELLOW,830180129,AREA 3,JATIM,MADIUN,KEDIRI,,,0,0,0,JAWA TIMUR,KEDIRI,PAGU,MENANG,KEDIRI
4994893913,,ODP-GUR-FJ/29,-7.780116,112.086728,,,4,4,0,0,8,REGIONAL 5,KEDIRI,KEDIRI,GUR,,,2024-03-16 23:25:22,43974,2020,5,NON TITO,,,JAWA TIMUR,0.5,YELLOW,830180126,AREA 3,JATIM,MADIUN,KEDIRI,,,0,0,0,JAWA TIMUR,KEDIRI,PAGU,MENANG,KEDIRI
5251543845,,ODP-PAE-FM/57,-7.764569,112.196063,,,3,5,0,0,8,REGIONAL 5,KEDIRI,KEDIRI,PAE,,,2024-03-16 23:24:36,44038,2020,7,NON TITO,,,JAWA TIMUR,0.625,YELLOW,833306643,AREA 3,JATIM,MADIUN,KEDIRI,,,0,0,0,JAWA TIMUR,KEDIRI,PARE,PARE,KEDIRI
4994893908,,ODP-GUR-FJ/28,-7.783017,112.096035,,,3,5,0,0,8,REGIONAL 5,KEDIRI,KEDIRI,GUR,,,2024-03-16 23:25:31,43974,2020,5,NON TITO,,,JAWA TIMUR,0.625,YELLOW,830180123,AREA 3,JATIM,MADIUN,KEDIRI,,,0,0,0,JAWA TIMUR,KEDIRI,PAGU,TENGGER KIDUL,KEDIRI
5258520154,,ODP-NDL-FG/44,-7.874217,112.002625,,,2,6,0,0,8,REGIONAL 5,KEDIRI,KEDIRI,NDL,,,2024-03-16 23:24:11,44039,2020,7,NON TITO,,,JAWA TIMUR,0.75,YELLOW,833370949,AREA 3,JATIM,MADIUN,KEDIRI,,,0,0,0,JAWA TIMUR,KEDIRI,NGADILUWIH,BANJAREJO,KEDIRI
5258898086,,ODP-GUR-FL/20,-7.79991,112.099991,,,7,9,0,0,16,REGIONAL 5,KEDIRI,KEDIRI,GUR,,,2024-03-16 23:27:15,44046,2020,8,NON TITO,,,JAWA TIMUR,0.5625,YELLOW,833754462,AREA 3,JATIM,MADIUN,KEDIRI,,,0,0,0,JAWA TIMUR,KEDIRI,GURAH,GEMPOLAN,KEDIRI
5435744845,,ODP-KDI-FAB/39,-7.803004,112.008358,,,3,5,0,0,8,REGIONAL 5,KEDIRI,KEDIRI,KDI,,,2024-03-16 23:29:19,44099,2020,9,NON TITO,,,JAWA TIMUR,0.625,YELLOW,843803952,AREA 3,JATIM,MADIUN,KEDIRI,,,0,0,0,JAWA TIMUR,KOTA KEDIRI,KOTA,SEMAMPIR,KEDIRI
5435744812,,ODP-MJT-FAG/17,-7.805379,111.991323,,,3,5,0,0,8,REGIONAL 5,KEDIRI,KEDIRI,MJT,,,2024-03-16 23:29:14,44099,2020,9,NON TITO,,,JAWA TIMUR,0.625,YELLOW,843803912,AREA 3,JATIM,MADIUN,KEDIRI,,,0,0,0,JAWA TIMUR,KOTA KEDIRI,MOJOROTO,BUJEL,KEDIRI
5435744778,,ODP-PAE-FH/40,-7.746463,112.199532,,,2,6,0,0,8,REGIONAL 5,KEDIRI,KEDIRI,PAE,,,2024-03-16 23:29:06,44099,2020,9,NON TITO,,,JAWA TIMUR,0.75,YELLOW,843803874,AREA 3,JATIM,MADIUN,KEDIRI,,,0,0,0,JAWA TIMUR,KEDIRI,PARE,TULUNGREJO,KEDIRI
5433418638,,ODP-MJT-FF/47,-7.775135,112.013339,,,3,5,0,0,8,REGIONAL 5,KEDIRI,KEDIRI,MJT,,,2024-03-16 23:29:02,44098,2020,9,NON TITO,,,JAWA TIMUR,0.625,YELLOW,843722999,AREA 3,JATIM,MADIUN,KEDIRI,,,0,0,0,JAWA TIMUR,KEDIRI,BANYAKAN,JABON,KEDIRI
5432368589,,ODP-KDI-FG/76,-7.832102,112.036717,,,2,6,0,0,8,REGIONAL 5,KEDIRI,KEDIRI,KDI,,,2024-03-16 23:28:37,44097,2020,9,NON TITO,,,JAWA TIMUR,0.75,YELLOW,843645087,AREA 3,JATIM,MADIUN,KEDIRI,,,0,0,0,JAWA TIMUR,KOTA KEDIRI,PESANTREN,BANARAN,KEDIRI
5409944257,,ODP-KDI-FS/54,-7.814764,112.017282,,,4,4,0,0,8,REGIONAL 5,KEDIRI,KEDIRI,KDI,,,2024-03-16 23:23:00,44090,2020,9,NON TITO,,,JAWA TIMUR,0.5,YELLOW,843196959,AREA 3,JATIM,MADIUN,KEDIRI,,,0,0,0,JAWA TIMUR,KOTA KEDIRI,KOTA,DANDANGAN,KEDIRI
5401169280,,ODP-NDL-FE/65,-7.988739,111.957357,,,2,6,0,0,8,REGIONAL 5,KEDIRI,KEDIRI,NDL,,,2024-03-16 23:23:30,44088,2020,9,NON TITO,,,JAWA TIMUR,0.75,YELLOW,843049273,AREA 3,JATIM,MADIUN,KEDIRI,,,0,0,0,JAWA TIMUR,KEDIRI,KRAS,SETONOREJO,KEDIRI
5401169275,,ODP-KDI-FBJ/24,-7.818105,112.048249,,,4,4,0,0,8,REGIONAL 5,KEDIRI,KEDIRI,KDI,,,2024-03-16 23:23:30,44088,2020,9,NON TITO,,,JAWA TIMUR,0.5,YELLOW,843049268,AREA 3,JATIM,MADIUN,KEDIRI,,,0,0,0,JAWA TIMUR,KEDIRI,NGASEM,DOKO,KEDIRI
5393443606,,ODP-MJT-FAC/38,-7.787522,111.977072,,,3,5,0,0,8,REGIONAL 5,KEDIRI,KEDIRI,MJT,,,2024-03-16 23:24:03,44084,2020,9,NON TITO,,,JAWA TIMUR,0.625,YELLOW,841320672,AREA 3,JATIM,MADIUN,KEDIRI,,,0,0,0,JAWA TIMUR,KEDIRI,BANYAKAN,MARON,KEDIRI
5372444281,,ODP-MJT-FAC/36,-7.79537,111.993865,,,2,6,0,0,8,REGIONAL 5,KEDIRI,KEDIRI,MJT,,,2024-03-16 23:21:33,44081,2020,9,NON TITO,,,JAWA TIMUR,0.75,YELLOW,841042113,AREA 3,JATIM,MADIUN,KEDIRI,,,0,0,0,JAWA TIMUR,KOTA KEDIRI,MOJOROTO,NGAMPEL,KEDIRI
5352944096,,ODP-KDI-FBK/35,-7.81774,112.042205,,,4,4,0,0,8,REGIONAL 5,KEDIRI,KEDIRI,KDI,,,2024-03-16 23:26:55,44072,2020,8,NON TITO,,,JAWA TIMUR,0.5,YELLOW,839821359,AREA 3,JATIM,MADIUN,KEDIRI,,,0,0,0,JAWA TIMUR,KEDIRI,NGASEM,DOKO,KEDIRI
5350620274,,ODP-PAE-FAB/23,-7.800682,112.280037,,,4,4,0,0,8,REGIONAL 5,KEDIRI,KEDIRI,PAE,,,2024-03-16 23:26:10,44070,2020,8,NON TITO,,,JAWA TIMUR,0.5,YELLOW,838928592,AREA 3,JATIM,MADIUN,KEDIRI,,,0,0,0,JAWA TIMUR,KEDIRI,KEPUNG,KEPUNG,KEDIRI
5331044524,,ODP-PPR-FH/12,-7.688152,112.139591,,,2,6,0,0,8,REGIONAL 5,KEDIRI,KEDIRI,PPR,,,2024-03-16 23:28:55,44062,2020,8,NON TITO,,,JAWA TIMUR,0.75,YELLOW,835923599,AREA 3,JATIM,MADIUN,KEDIRI,,,0,0,0,JAWA TIMUR,KEDIRI,PLEMAHAN,PLEMAHAN,KEDIRI
5326319672,,ODP-NDL-FE/64,-7.950722,111.961503,,,3,5,0,0,8,REGIONAL 5,KEDIRI,KEDIRI,NDL,,,2024-03-16 23:26:48,44061,2020,8,NON TITO,,,JAWA TIMUR,0.625,YELLOW,835773076,AREA 3,JATIM,MADIUN,KEDIRI,,,0,0,0,JAWA TIMUR,KEDIRI,KRAS,KRAS,KEDIRI
5326543617,,ODP-KDI-FAV/18,-7.855076,112.059166,,,3,5,0,0,8,REGIONAL 5,KEDIRI,KEDIRI,KDI,,,2024-03-16 23:25:31,44061,2020,8,NON TITO,,,JAWA TIMUR,0.625,YELLOW,835698026,AREA 3,JATIM,MADIUN,KEDIRI,,,0,0,0,JAWA TIMUR,KOTA KEDIRI,PESANTREN,BAWANG,KEDIRI
5326243528,,ODP-MJT-FA/45,-7.727171,111.944729,,,4,4,0,0,8,REGIONAL 5,KEDIRI,KEDIRI,MJT,,,2024-03-16 23:24:17,44058,2020,8,NON TITO,,,JAWA TIMUR,0.5,YELLOW,835622265,AREA 3,JATIM,MADIUN,KEDIRI,,,0,0,0,JAWA TIMUR,KEDIRI,TAROKAN,KALIBOTO,KEDIRI
5313869817,,ODP-PPR-FF/27,-7.696245,112.081628,,,2,6,0,0,8,REGIONAL 5,KEDIRI,KEDIRI,PPR,,,2024-03-16 23:25:45,44058,2020,8,NON TITO,,,JAWA TIMUR,0.75,YELLOW,835619560,AREA 3,JATIM,MADIUN,KEDIRI,,,0,0,0,JAWA TIMUR,KEDIRI,PAPAR,PAPAR,KEDIRI
5249294183,,ODP-NDL-FG/43,-7.893397,112.003626,,,4,4,0,0,8,REGIONAL 5,KEDIRI,KEDIRI,NDL,,,2024-03-16 23:26:33,44040,2020,7,NON TITO,,,JAWA TIMUR,0.5,YELLOW,833520806,AREA 3,JATIM,MADIUN,KEDIRI,,,0,0,0,JAWA TIMUR,KEDIRI,NGADILUWIH,REMBANGKEPUH,KEDIRI
5463118563,,ODP-KDI-FAZ/13,-7.755578,112.051046,,,2,6,0,0,8,REGIONAL 5,KEDIRI,KEDIRI,KDI,,,2024-03-16 23:28:30,44106,2020,10,NON TITO,,,JAWA TIMUR,0.75,YELLOW,843865590,AREA 3,JATIM,MADIUN,KEDIRI,,,0,0,0,JAWA TIMUR,KEDIRI,GAMPENGREJO,PLOSOREJO,KEDIRI
5008543559,,ODP-GUR-FL/17,-7.794833,112.098067,,,3,5,0,0,8,REGIONAL 5,KEDIRI,KEDIRI,GUR,,,2024-03-16 23:23:32,43973,2020,5,NON TITO,,,JAWA TIMUR,0.625,YELLOW,830179918,AREA 3,JATIM,MADIUN,KEDIRI,,,0,0,0,JAWA TIMUR,KEDIRI,GURAH,SUKOREJO,KEDIRI
4982368549,,ODP-GUR-FK/03,-7.796791,112.117039,,,4,4,0,0,8,REGIONAL 5,KEDIRI,KEDIRI,GUR,,,2024-03-16 23:28:09,43970,2020,5,NON TITO,,,JAWA TIMUR,0.5,YELLOW,830153456,AREA 3,JATIM,MADIUN,KEDIRI,,,0,0,0,JAWA TIMUR,KEDIRI,GURAH,TAMBAKREJO,KEDIRI
4875494087,,ODP-NDL-FN/13,-7.90196,111.988653,,,3,5,0,0,8,REGIONAL 5,KEDIRI,KEDIRI,NDL,,,2024-03-16 23:26:09,43946,2020,4,NON TITO,,,JAWA TIMUR,0.625,YELLOW,828432097,AREA 3,JATIM,MADIUN,KEDIRI,,,0,0,0,JAWA TIMUR,KEDIRI,NGADILUWIH,PURWOKERTO,KEDIRI
4877443969,,ODP-NDL-FG/37,-7.874535,112.000173,,,3,5,0,0,8,REGIONAL 5,KEDIRI,KEDIRI,NDL,,,2024-03-16 23:22:39,43946,2020,4,NON TITO,,,JAWA TIMUR,0.625,YELLOW,828431912,AREA 3,JATIM,MADIUN,KEDIRI,,,0,0,0,JAWA TIMUR,KEDIRI,NGADILUWIH,REMBANG,KEDIRI
4877443966,,ODP-NDL-FG/36,-7.872551,111.999019,,,5,11,0,0,16,REGIONAL 5,KEDIRI,KEDIRI,NDL,,,2024-03-16 23:22:41,43946,2020,4,NON TITO,,,JAWA TIMUR,0.6875,YELLOW,828431910,AREA 3,JATIM,MADIUN,KEDIRI,,,0,0,0,JAWA TIMUR,KEDIRI,NGADILUWIH,REMBANG,KEDIRI
4877443963,,ODP-NDL-FG/38,-7.874003,111.998057,,,3,5,0,0,8,REGIONAL 5,KEDIRI,KEDIRI,NDL,,,2024-03-16 23:22:43,43946,2020,4,NON TITO,,,JAWA TIMUR,0.625,YELLOW,828431908,AREA 3,JATIM,MADIUN,KEDIRI,,,0,0,0,JAWA TIMUR,KEDIRI,NGADILUWIH,REMBANG,KEDIRI
4875419061,,ODP-MJT-FB/64,-7.741368,111.960445,,,2,6,0,0,8,REGIONAL 5,KEDIRI,KEDIRI,MJT,,,2024-03-16 23:24:00,43946,2020,4,NON TITO,,,JAWA TIMUR,0.75,YELLOW,828431700,AREA 3,JATIM,MADIUN,KEDIRI,,,0,0,0,JAWA TIMUR,KEDIRI,GROGOL,CERME,KEDIRI
4874893924,,ODP-KDI-FAG/50,-7.877209,112.048471,,,4,4,0,0,8,REGIONAL 5,KEDIRI,KEDIRI,KDI,,,2024-03-16 23:23:48,43945,2020,4,NON TITO,,,JAWA TIMUR,0.5,YELLOW,828430623,AREA 3,JATIM,MADIUN,KEDIRI,,,0,0,0,JAWA TIMUR,KEDIRI,KANDAT,NGRECO,KEDIRI
4854268842,,ODP-NDL-FF/38,-7.936409,111.969429,,,7,9,0,0,16,REGIONAL 5,KEDIRI,KEDIRI,NDL,,,2024-03-16 23:25:08,43944,2020,4,NON TITO,,,JAWA TIMUR,0.5625,YELLOW,828374363,AREA 3,JATIM,MADIUN,KEDIRI,,,0,0,0,JAWA TIMUR,KEDIRI,KRAS,BANJARANYAR,KEDIRI
4854268837,,ODP-NDL-FF/39,-7.931944,111.971933,,,4,4,0,0,8,REGIONAL 5,KEDIRI,KEDIRI,NDL,,,2024-03-16 23:24:24,43944,2020,4,NON TITO,,,JAWA TIMUR,0.5,YELLOW,828374360,AREA 3,JATIM,MADIUN,KEDIRI,,,0,0,0,JAWA TIMUR,KEDIRI,NGADILUWIH,TALES,KEDIRI
4853443553,,ODP-MJT-FT/08,-7.821496,111.937774,,,2,6,0,0,8,REGIONAL 5,KEDIRI,KEDIRI,MJT,,,2024-03-16 23:23:24,43942,2020,4,NON TITO,,,JAWA TIMUR,0.75,YELLOW,828360589,AREA 3,JATIM,MADIUN,KEDIRI,,,0,0,0,JAWA TIMUR,KEDIRI,SEMEN,PAGUNG,KEDIRI
4853368650,,ODP-NDL-FK/02,-7.903421,112.029829,,,2,5,0,0,8,REGIONAL 5,KEDIRI,KEDIRI,NDL,,,2024-03-16 23:28:58,43941,2020,4,NON TITO,,,JAWA TIMUR,0.625,YELLOW,828359738,AREA 3,JATIM,MADIUN,KEDIRI,,,0,0,0,JAWA TIMUR,KEDIRI,KANDAT,RINGINSARI,KEDIRI
4853368645,,ODP-NDL-FK/04,-7.911699,112.033555,,,2,6,0,0,8,REGIONAL 5,KEDIRI,KEDIRI,NDL,,,2024-03-16 23:28:30,43941,2020,4,NON TITO,,,JAWA TIMUR,0.75,YELLOW,828359735,AREA 3,JATIM,MADIUN,KEDIRI,,,0,0,0,JAWA TIMUR,KEDIRI,KANDAT,RINGINSARI,KEDIRI
4853368635,,ODP-NDL-FK/01,-7.903447,112.031541,,,3,5,0,0,8,REGIONAL 5,KEDIRI,KEDIRI,NDL,,,2024-03-16 23:27:56,43941,2020,4,NON TITO,,,JAWA TIMUR,0.625,YELLOW,828359729,AREA 3,JATIM,MADIUN,KEDIRI,,,0,0,0,JAWA TIMUR,KEDIRI,KANDAT,RINGINSARI,KEDIRI
4853368623,,ODP-PAE-FAG/10,-7.774344,112.179789,,,5,11,0,0,16,REGIONAL 5,KEDIRI,KEDIRI,PAE,,,2024-03-16 23:29:03,43941,2020,4,NON TITO,,,JAWA TIMUR,0.6875,YELLOW,828359722,AREA 3,JATIM,MADIUN,KEDIRI,,,0,0,0,JAWA TIMUR,KEDIRI,PARE,GEDANGSEWU,KEDIRI
4868368681,,ODP-NDL-FC/07,-7.902239,112.016321,,,4,4,0,0,8,REGIONAL 5,KEDIRI,KEDIRI,NDL,,,2024-03-16 23:29:16,43943,2020,4,NON TITO,,,JAWA TIMUR,0.5,YELLOW,828265254,AREA 3,JATIM,MADIUN,KEDIRI,,,0,0,0,JAWA TIMUR,KEDIRI,NGADILUWIH,DUKUH,KEDIRI
4855621771,,ODP-PAE-FAL/21,-7.765994,112.205337,,,3,4,0,0,8,REGIONAL 5,KEDIRI,KEDIRI,PAE,,,2024-03-16 23:27:59,43943,2020,4,NON TITO,,,JAWA TIMUR,0.5,YELLOW,828264655,AREA 3,JATIM,MADIUN,KEDIRI,,,0,0,0,JAWA TIMUR,KEDIRI,PARE,PARE,KEDIRI
4855621682,,ODP-KDI-FAF/05,-7.884106,112.033062,,,2,6,0,0,8,REGIONAL 5,KEDIRI,KEDIRI,KDI,,,2024-03-16 23:27:06,43943,2020,4,NON TITO,,,JAWA TIMUR,0.75,YELLOW,828264442,AREA 3,JATIM,MADIUN,KEDIRI,,,0,0,0,JAWA TIMUR,KEDIRI,KANDAT,BLABAK,KEDIRI
4855168804,,ODP-MJT-FC/29,-7.737339,111.989832,,,3,5,0,0,8,REGIONAL 5,KEDIRI,KEDIRI,MJT,,,2024-03-16 23:29:02,43943,2020,4,NON TITO,,,JAWA TIMUR,0.625,YELLOW,828258045,AREA 3,JATIM,MADIUN,KEDIRI,,,0,0,0,JAWA TIMUR,KEDIRI,GROGOL,GAMBYOK,KEDIRI
4874443845,,ODP-GUR-FF/19,-7.823296,112.125312,,,4,4,0,0,8,REGIONAL 5,KEDIRI,KEDIRI,GUR,,,2024-03-16 23:25:20,43946,2020,4,NON TITO,,,JAWA TIMUR,0.5,YELLOW,828432115,AREA 3,JATIM,MADIUN,KEDIRI,,,0,0,0,JAWA TIMUR,KEDIRI,PLOSOKLATEN,KAWEDUSAN,KEDIRI
5008543554,,ODP-GUR-FL/16,-7.793806,112.095666,,,3,5,0,0,8,REGIONAL 5,KEDIRI,KEDIRI,GUR,,,2024-03-16 23:23:43,43973,2020,5,NON TITO,,,JAWA TIMUR,0.625,YELLOW,830179915,AREA 3,JATIM,MADIUN,KEDIRI,,,0,0,0,JAWA TIMUR,KEDIRI,GURAH,SUKOREJO,KEDIRI
4874443850,,ODP-GUR-FF/18,-7.818724,112.127512,,,4,4,0,0,8,REGIONAL 5,KEDIRI,KEDIRI,GUR,,,2024-03-16 23:25:38,43946,2020,4,NON TITO,,,JAWA TIMUR,0.5,YELLOW,828432118,AREA 3,JATIM,MADIUN,KEDIRI,,,0,0,0,JAWA TIMUR,KEDIRI,PLOSOKLATEN,KAWEDUSAN,KEDIRI
4882094057,,ODP-NDL-FN/09,-7.89765,111.989693,,,8,8,0,0,16,REGIONAL 5,KEDIRI,KEDIRI,NDL,,,2024-03-16 23:22:39,43946,2020,4,NON TITO,,,JAWA TIMUR,0.5,YELLOW,828432493,AREA 3,JATIM,MADIUN,KEDIRI,,,0,0,0,JAWA TIMUR,KEDIRI,NGADILUWIH,NGADILUWIH,KEDIRI
4982368544,,ODP-GUR-FK/02,-7.799563,112.115548,,,3,5,0,0,8,REGIONAL 5,KEDIRI,KEDIRI,GUR,,,2024-03-16 23:29:17,43970,2020,5,NON TITO,,,JAWA TIMUR,0.625,YELLOW,830153451,AREA 3,JATIM,MADIUN,KEDIRI,,,0,0,0,JAWA TIMUR,KEDIRI,GURAH,TAMBAKREJO,KEDIRI
4982368539,,ODP-GUR-FK/04,-7.793877,112.117507,,,8,8,0,0,16,REGIONAL 5,KEDIRI,KEDIRI,GUR,,,2024-03-16 23:29:18,43970,2020,5,NON TITO,,,JAWA TIMUR,0.5,YELLOW,830153448,AREA 3,JATIM,MADIUN,KEDIRI,,,0,0,0,JAWA TIMUR,KEDIRI,GURAH,TAMBAKREJO,KEDIRI
4967370467,,ODP-GUR-FK/05,-7.793702,112.109193,,,4,4,0,0,8,REGIONAL 5,KEDIRI,KEDIRI,GUR,,,2024-03-16 23:22:05,43966,2020,5,NON TITO,,,JAWA TIMUR,0.5,YELLOW,829997635,AREA 3,JATIM,MADIUN,KEDIRI,,,0,0,0,JAWA TIMUR,KEDIRI,GURAH,GAYAM,KEDIRI
4970743763,,ODP-WAT-FX/20,-7.844607,112.094536,,,2,6,0,0,8,REGIONAL 5,KEDIRI,KEDIRI,WAT,,,2024-03-16 23:22:06,43966,2020,5,NON TITO,,,JAWA TIMUR,0.75,YELLOW,829996305,AREA 3,JATIM,MADIUN,KEDIRI,,,0,0,0,JAWA TIMUR,KEDIRI,GURAH,BOGEM,KEDIRI
4970743753,,ODP-WAT-FX/21,-7.832054,112.100017,,,6,10,0,0,16,REGIONAL 5,KEDIRI,KEDIRI,WAT,,,2024-03-16 23:22:16,43966,2020,5,NON TITO,,,JAWA TIMUR,0.625,YELLOW,829996299,AREA 3,JATIM,MADIUN,KEDIRI,,,0,0,0,JAWA TIMUR,KEDIRI,GURAH,BESUK,KEDIRI
4962648694,,ODP-NDL-FE/61,-7.972339,111.952487,,,2,6,0,0,8,REGIONAL 5,KEDIRI,KEDIRI,NDL,,,2024-03-16 23:28:35,43965,2020,5,NON TITO,,,JAWA TIMUR,0.75,YELLOW,829854385,AREA 3,JATIM,MADIUN,KEDIRI,,,0,0,0,JAWA TIMUR,KEDIRI,KRAS,REJOMULYO,KEDIRI
4967443772,,ODP-NDL-FE/58,-7.947589,111.963051,,,2,6,0,0,8,REGIONAL 5,KEDIRI,KEDIRI,NDL,,,2024-03-16 23:24:03,43965,2020,5,NON TITO,,,JAWA TIMUR,0.75,YELLOW,829854069,AREA 3,JATIM,MADIUN,KEDIRI,,,0,0,0,JAWA TIMUR,KEDIRI,KRAS,PURWODADI,KEDIRI
4967443769,,ODP-NDL-FE/59,-7.94854,111.962708,,,3,5,0,0,8,REGIONAL 5,KEDIRI,KEDIRI,NDL,,,2024-03-16 23:24:02,43965,2020,5,NON TITO,,,JAWA TIMUR,0.625,YELLOW,829854067,AREA 3,JATIM,MADIUN,KEDIRI,,,0,0,0,JAWA TIMUR,KEDIRI,KRAS,BANJARANYAR,KEDIRI
4941119386,,ODP-WAT-FJ/11,-7.874076,112.086962,,,9,7,0,0,16,REGIONAL 5,KEDIRI,KEDIRI,WAT,,,2024-03-16 23:24:55,43959,2020,5,NON TITO,,,JAWA TIMUR,0.4375,YELLOW,828944708,AREA 3,JATIM,MADIUN,KEDIRI,,,0,0,0,JAWA TIMUR,KEDIRI,WATES,SUMBERAGUNG,KEDIRI
4933919135,,ODP-NDL-FL/21,-7.899556,111.997088,,,3,5,0,0,8,REGIONAL 5,KEDIRI,KEDIRI,NDL,,,2024-03-16 23:25:15,43958,2020,5,NON TITO,,,JAWA TIMUR,0.625,YELLOW,828623380,AREA 3,JATIM,MADIUN,KEDIRI,,,0,0,0,JAWA TIMUR,KEDIRI,NGADILUWIH,PURWOKERTO,KEDIRI
4933919120,,ODP-NDL-FL/22,-7.901664,112.007873,,,7,9,0,0,16,REGIONAL 5,KEDIRI,KEDIRI,NDL,,,2024-03-16 23:26:09,43958,2020,5,NON TITO,,,JAWA TIMUR,0.5625,YELLOW,828623367,AREA 3,JATIM,MADIUN,KEDIRI,,,0,0,0,JAWA TIMUR,KEDIRI,NGADILUWIH,DUKUH,KEDIRI
4933919115,,ODP-NDL-FL/23,-7.899856,112.013505,,,6,10,0,0,16,REGIONAL 5,KEDIRI,KEDIRI,NDL,,,2024-03-16 23:24:49,43958,2020,5,NON TITO,,,JAWA TIMUR,0.625,YELLOW,828623358,AREA 3,JATIM,MADIUN,KEDIRI,,,0,0,0,JAWA TIMUR,KEDIRI,NGADILUWIH,DUKUH,KEDIRI
4932868613,,ODP-GUR-FM/05,-7.795781,112.074436,,,7,9,0,0,16,REGIONAL 5,KEDIRI,KEDIRI,GUR,,,2024-03-16 23:25:40,43958,2020,5,NON TITO,,,JAWA TIMUR,0.5625,YELLOW,828617142,AREA 3,JATIM,MADIUN,KEDIRI,,,0,0,0,JAWA TIMUR,KEDIRI,PAGU,BULUPASAR,KEDIRI
4899870457,,ODP-KDI-FH/34,-7.858387,112.007938,,,9,7,0,0,16,REGIONAL 5,KEDIRI,KEDIRI,KDI,,,2024-03-16 23:27:49,43957,2020,5,NON TITO,,,JAWA TIMUR,0.4375,YELLOW,828616668,AREA 3,JATIM,MADIUN,KEDIRI,,,0,0,0,JAWA TIMUR,KEDIRI,NGADILUWIH,BANJAREJO,KEDIRI
4899870452,,ODP-KDI-FH/33,-7.856246,112.003974,,,3,5,0,0,8,REGIONAL 5,KEDIRI,KEDIRI,KDI,,,2024-03-16 23:28:59,43957,2020,5,NON TITO,,,JAWA TIMUR,0.625,YELLOW,828616665,AREA 3,JATIM,MADIUN,KEDIRI,,,0,0,0,JAWA TIMUR,KEDIRI,NGADILUWIH,WONOREJO,KEDIRI
4907368535,,ODP-GUR-FH/35,-7.756607,112.081558,,,3,5,0,0,8,REGIONAL 5,KEDIRI,KEDIRI,GUR,,,2024-03-16 23:28:24,43951,2020,4,NON TITO,,,JAWA TIMUR,0.625,YELLOW,828523370,AREA 3,JATIM,MADIUN,KEDIRI,,,0,0,0,JAWA TIMUR,KEDIRI,PAGU,JAGUNG,KEDIRI
4895370057,,ODP-GUR-FB/45,-7.814517,112.071297,,,2,6,0,0,8,REGIONAL 5,KEDIRI,KEDIRI,GUR,,,2024-03-16 23:24:37,43951,2020,4,NON TITO,,,JAWA TIMUR,0.75,YELLOW,828466241,AREA 3,JATIM,MADIUN,KEDIRI,,,0,0,0,JAWA TIMUR,KEDIRI,NGASEM,SUMBEREJO,KEDIRI
4874443912,,ODP-KDI-FBJ/21,-7.819415,112.050664,,,2,6,0,0,8,REGIONAL 5,KEDIRI,KEDIRI,KDI,,,2024-03-16 23:24:53,43946,2020,4,NON TITO,,,JAWA TIMUR,0.75,YELLOW,828432180,AREA 3,JATIM,MADIUN,KEDIRI,,,0,0,0,JAWA TIMUR,KEDIRI,NGASEM,GOGORANTE,KEDIRI
5469643591,,ODP-GUR-FL/21,-7.797853,112.100807,,,2,6,0,0,8,REGIONAL 5,KEDIRI,KEDIRI,GUR,,,2024-03-16 23:22:35,44107,2020,10,NON TITO,,,JAWA TIMUR,0.75,YELLOW,844849265,AREA 3,JATIM,MADIUN,KEDIRI,,,0,0,0,JAWA TIMUR,KEDIRI,GURAH,GEMPOLAN,KEDIRI
5476019955,,ODP-MJT-FX/35,-7.827479,111.999504,,,2,6,0,0,8,REGIONAL 5,KEDIRI,KEDIRI,MJT,,,2024-03-16 23:27:18,44110,2020,10,NON TITO,,,JAWA TIMUR,0.75,YELLOW,844870874,AREA 3,JATIM,MADIUN,KEDIRI,,,0,0,0,JAWA TIMUR,KOTA KEDIRI,MOJOROTO,BANDAR LOR,KEDIRI
5493868890,,ODP-GUR-FC/19,-7.819045,112.111938,,,3,5,0,0,8,REGIONAL 5,KEDIRI,KEDIRI,GUR,,,2024-03-16 23:28:16,44114,2020,10,NON TITO,,,JAWA TIMUR,0.625,YELLOW,845338702,AREA 3,JATIM,MADIUN,KEDIRI,,,0,0,0,JAWA TIMUR,KEDIRI,GURAH,BESUK,KEDIRI
5808870173,,ODP-KDI-FN/26,-7.780539,112.026366,,,3,5,0,0,8,REGIONAL 5,KEDIRI,KEDIRI,KDI,,,2024-03-16 23:25:20,44194,2020,12,NON TITO,,,JAWA TIMUR,0.625,YELLOW,858761752,AREA 3,JATIM,MADIUN,KEDIRI,,,0,0,0,JAWA TIMUR,KEDIRI,GAMPENGREJO,SAMBIREJO,KEDIRI
5808870022,,ODP-GUR-FH/39,-7.761979,112.071838,,,3,5,0,0,8,REGIONAL 5,KEDIRI,KEDIRI,GUR,,,2024-03-16 23:25:14,44194,2020,12,NON TITO,,,JAWA TIMUR,0.625,YELLOW,858760332,AREA 3,JATIM,MADIUN,KEDIRI,,,0,0,0,JAWA TIMUR,KEDIRI,PAGU,BENDO,KEDIRI
5808870017,,ODP-GUR-FH/41,-7.764708,112.07699,,,8,8,0,0,16,REGIONAL 5,KEDIRI,KEDIRI,GUR,,,2024-03-16 23:25:09,44194,2020,12,NON TITO,,,JAWA TIMUR,0.5,YELLOW,858760329,AREA 3,JATIM,MADIUN,KEDIRI,,,0,0,0,JAWA TIMUR,KEDIRI,PAGU,BENDO,KEDIRI
5808870012,,ODP-GUR-FH/40,-7.762634,112.071302,,,3,4,0,0,8,REGIONAL 5,KEDIRI,KEDIRI,GUR,,,2024-03-16 23:25:06,44194,2020,12,NON TITO,,,JAWA TIMUR,0.5,YELLOW,858760326,AREA 3,JATIM,MADIUN,KEDIRI,,,0,0,0,JAWA TIMUR,KEDIRI,PAGU,BENDO,KEDIRI
5808870007,,ODP-NDL-FF/44,-7.932859,111.971356,,,2,6,0,0,8,REGIONAL 5,KEDIRI,KEDIRI,NDL,,,2024-03-16 23:25:11,44194,2020,12,NON TITO,,,JAWA TIMUR,0.75,YELLOW,858760001,AREA 3,JATIM,MADIUN,KEDIRI,,,0,0,0,JAWA TIMUR,KEDIRI,NGADILUWIH,TALES,KEDIRI
5825443777,,ODP-KDI-FAU/19,-7.843109,112.074495,,,2,6,0,0,8,REGIONAL 5,KEDIRI,KEDIRI,KDI,,,2024-03-16 23:26:18,44193,2020,12,NON TITO,,,JAWA TIMUR,0.75,YELLOW,858758806,AREA 3,JATIM,MADIUN,KEDIRI,,,0,0,0,JAWA TIMUR,KOTA KEDIRI,PESANTREN,TAMPUREJO,KEDIRI
5825443772,,ODP-KDI-FAU/18,-7.844131,112.077116,,,2,6,0,0,8,REGIONAL 5,KEDIRI,KEDIRI,KDI,,,2024-03-16 23:25:01,44193,2020,12,NON TITO,,,JAWA TIMUR,0.75,YELLOW,858758803,AREA 3,JATIM,MADIUN,KEDIRI,,,0,0,0,JAWA TIMUR,KOTA KEDIRI,PESANTREN,TAMPUREJO,KEDIRI
5802872584,,ODP-PAE-FU/37,-7.802873,112.255529,,,3,5,0,0,8,REGIONAL 5,KEDIRI,KEDIRI,PAE,,,2024-03-16 23:24:23,44193,2020,12,NON TITO,,,JAWA TIMUR,0.625,YELLOW,858758599,AREA 3,JATIM,MADIUN,KEDIRI,,,0,0,0,JAWA TIMUR,KEDIRI,KEPUNG,KEPUNG,KEDIRI
5795370063,,ODP-NDL-FP/08,-7.948374,111.941613,,,3,5,0,0,8,REGIONAL 5,KEDIRI,KEDIRI,NDL,,,2024-03-16 23:23:48,44193,2020,12,NON TITO,,,JAWA TIMUR,0.625,YELLOW,858749478,AREA 3,JATIM,MADIUN,KEDIRI,,,0,0,0,JAWA TIMUR,KEDIRI,MOJO,KRANDING,KEDIRI
5805944911,,ODP-GUR-FK/07,-7.792502,112.108081,,,4,4,0,0,8,REGIONAL 5,KEDIRI,KEDIRI,GUR,,,2024-03-16 23:22:41,44188,2020,12,NON TITO,,,JAWA TIMUR,0.5,YELLOW,858536504,AREA 3,JATIM,MADIUN,KEDIRI,,,0,0,0,JAWA TIMUR,KEDIRI,GURAH,SUKOREJO,KEDIRI
5805944659,,ODP-MJT-FAN/28,-7.821206,112.005925,,,3,5,0,0,8,REGIONAL 5,KEDIRI,KEDIRI,MJT,,,2024-03-16 23:22:06,44188,2020,12,NON TITO,,,JAWA TIMUR,0.625,YELLOW,858534202,AREA 3,JATIM,MADIUN,KEDIRI,,,0,0,0,JAWA TIMUR,KOTA KEDIRI,MOJOROTO,BANDAR LOR,KEDIRI
5802943686,,ODP-MJT-FH/42,-7.832562,111.995058,,,4,4,0,0,8,REGIONAL 5,KEDIRI,KEDIRI,MJT,,,2024-03-16 23:25:02,44187,2020,12,NON TITO,,,JAWA TIMUR,0.5,YELLOW,858513390,AREA 3,JATIM,MADIUN,KEDIRI,,,0,0,0,JAWA TIMUR,KOTA KEDIRI,MOJOROTO,LIRBOYO,KEDIRI
5802943681,,ODP-MJT-FH/37,-7.827229,112.003604,,,2,6,0,0,8,REGIONAL 5,KEDIRI,KEDIRI,MJT,,,2024-03-16 23:25:01,44187,2020,12,NON TITO,,,JAWA TIMUR,0.75,YELLOW,858513387,AREA 3,JATIM,MADIUN,KEDIRI,,,0,0,0,JAWA TIMUR,KOTA KEDIRI,MOJOROTO,BANDAR LOR,KEDIRI
5802943676,,ODP-MJT-FH/41,-7.829776,111.995825,,,7,9,0,0,16,REGIONAL 5,KEDIRI,KEDIRI,MJT,,,2024-03-16 23:25:33,44187,2020,12,NON TITO,,,JAWA TIMUR,0.5625,YELLOW,858513384,AREA 3,JATIM,MADIUN,KEDIRI,,,0,0,0,JAWA TIMUR,KOTA KEDIRI,MOJOROTO,LIRBOYO,KEDIRI
5802943671,,ODP-MJT-FH/40,-7.828452,111.99632,,,4,4,0,0,8,REGIONAL 5,KEDIRI,KEDIRI,MJT,,,2024-03-16 23:25:38,44187,2020,12,NON TITO,,,JAWA TIMUR,0.5,YELLOW,858513380,AREA 3,JATIM,MADIUN,KEDIRI,,,0,0,0,JAWA TIMUR,KOTA KEDIRI,MOJOROTO,LIRBOYO,KEDIRI
5802943661,,ODP-MJT-FH/43,-7.835105,111.994313,,,4,4,0,0,8,REGIONAL 5,KEDIRI,KEDIRI,MJT,,,2024-03-16 23:25:21,44187,2020,12,NON TITO,,,JAWA TIMUR,0.5,YELLOW,858513370,AREA 3,JATIM,MADIUN,KEDIRI,,,0,0,0,JAWA TIMUR,KOTA KEDIRI,MOJOROTO,BANJAR MLATI,KEDIRI
5802943656,,ODP-MJT-FH/38,-7.82739,112.00099,,,3,5,0,0,8,REGIONAL 5,KEDIRI,KEDIRI,MJT,,,2024-03-16 23:25:31,44187,2020,12,NON TITO,,,JAWA TIMUR,0.625,YELLOW,858513366,AREA 3,JATIM,MADIUN,KEDIRI,,,0,0,0,JAWA TIMUR,KOTA KEDIRI,MOJOROTO,BANDAR LOR,KEDIRI
5808870183,,ODP-KDI-FN/28,-7.77965,112.02675,,,3,5,0,0,8,REGIONAL 5,KEDIRI,KEDIRI,KDI,,,2024-03-16 23:25:21,44194,2020,12,NON TITO,,,JAWA TIMUR,0.625,YELLOW,858761758,AREA 3,JATIM,MADIUN,KEDIRI,,,0,0,0,JAWA TIMUR,KEDIRI,GAMPENGREJO,SAMBIREJO,KEDIRI
5795369270,,ODP-NDL-FH/32,-7.915183,111.984283,,,2,6,0,0,8,REGIONAL 5,KEDIRI,KEDIRI,NDL,,,2024-03-16 23:23:35,44187,2020,12,NON TITO,,,JAWA TIMUR,0.75,YELLOW,858510953,AREA 3,JATIM,MADIUN,KEDIRI,,,0,0,0,JAWA TIMUR,KEDIRI,NGADILUWIH,BRANGGAHAN,KEDIRI
5828368795,,ODP-NDL-FG/46,-7.877407,112.002741,,,3,5,0,0,8,REGIONAL 5,KEDIRI,KEDIRI,NDL,,,2024-03-16 23:28:38,44194,2020,12,NON TITO,,,JAWA TIMUR,0.625,YELLOW,858773023,AREA 3,JATIM,MADIUN,KEDIRI,,,0,0,0,JAWA TIMUR,KEDIRI,NGADILUWIH,REMBANG,KEDIRI
5832119287,,ODP-MJT-FZ/31,-7.834033,112.001504,,,3,5,0,0,8,REGIONAL 5,KEDIRI,KEDIRI,MJT,,,2024-03-16 23:24:40,44196,2020,12,NON TITO,,,JAWA TIMUR,0.625,YELLOW,858875362,AREA 3,JATIM,MADIUN,KEDIRI,,,0,0,0,JAWA TIMUR,KOTA KEDIRI,MOJOROTO,BANJARMLATI,KEDIRI
5832796709,,ODP-NDL-FJ/08,-7.906977,112.053782,,,2,6,0,0,8,REGIONAL 5,KEDIRI,KEDIRI,NDL,,,2024-03-16 23:22:25,44208,2021,1,NON TITO,,,JAWA TIMUR,0.75,YELLOW,859860981,AREA 3,JATIM,MADIUN,KEDIRI,,,0,0,0,JAWA TIMUR,KEDIRI,KANDAT,PURWOREJO,KEDIRI
5855445101,,ODP-KDI-FAZ/14,-7.761882,112.062153,,,2,6,0,0,8,REGIONAL 5,KEDIRI,KEDIRI,KDI,,,2024-03-16 23:26:53,44205,2021,1,NON TITO,,,JAWA TIMUR,0.75,YELLOW,859718089,AREA 3,JATIM,MADIUN,KEDIRI,,,0,0,0,JAWA TIMUR,KEDIRI,PAGU,SEMEN,KEDIRI
5860319532,,ODP-PAE-FE/19,-7.739334,112.153974,,,6,10,0,0,16,REGIONAL 5,KEDIRI,KEDIRI,PAE,,,2024-03-16 23:21:18,44204,2021,1,NON TITO,,,JAWA TIMUR,0.625,YELLOW,859696591,AREA 3,JATIM,MADIUN,KEDIRI,,,0,0,0,JAWA TIMUR,KEDIRI,PLEMAHAN,TEGOWANGI,KEDIRI
5833471424,,ODP-KDI-FAQ/30,-7.788245,112.028464,,,4,4,0,0,8,REGIONAL 5,KEDIRI,KEDIRI,KDI,,,2024-03-16 23:27:08,44203,2021,1,NON TITO,,,JAWA TIMUR,0.5,YELLOW,859548085,AREA 3,JATIM,MADIUN,KEDIRI,,,0,0,0,JAWA TIMUR,KEDIRI,NGASEM,KWADUNGAN,KEDIRI
5833471274,,ODP-MJT-FA/50,-7.710188,111.939202,,,2,6,0,0,8,REGIONAL 5,KEDIRI,KEDIRI,MJT,,,2024-03-16 23:27:01,44203,2021,1,NON TITO,,,JAWA TIMUR,0.75,YELLOW,859546863,AREA 3,JATIM,MADIUN,KEDIRI,,,0,0,0,JAWA TIMUR,KEDIRI,TAROKAN,KALIBOTO,KEDIRI
5833471250,,ODP-MJT-FA/54,-7.715988,111.93514,,,4,4,0,0,8,REGIONAL 5,KEDIRI,KEDIRI,MJT,,,2024-03-16 23:26:55,44203,2021,1,NON TITO,,,JAWA TIMUR,0.5,YELLOW,859546843,AREA 3,JATIM,MADIUN,KEDIRI,,,0,0,0,JAWA TIMUR,KEDIRI,TAROKAN,TAROKAN,KEDIRI
5833845285,,ODP-MJT-FAF/17,-7.814521,111.976879,,,2,6,0,0,8,REGIONAL 5,KEDIRI,KEDIRI,MJT,,,2024-03-16 23:22:34,44203,2021,1,NON TITO,,,JAWA TIMUR,0.75,YELLOW,859544728,AREA 3,JATIM,MADIUN,KEDIRI,,,0,0,0,JAWA TIMUR,KOTA KEDIRI,MOJOROTO,POJOK,KEDIRI
5833845280,,ODP-MJT-FAF/16,-7.814099,111.97457,,,7,9,0,0,16,REGIONAL 5,KEDIRI,KEDIRI,MJT,,,2024-03-16 23:21:25,44203,2021,1,NON TITO,,,JAWA TIMUR,0.5625,YELLOW,859544725,AREA 3,JATIM,MADIUN,KEDIRI,,,0,0,0,JAWA TIMUR,KOTA KEDIRI,MOJOROTO,POJOK,KEDIRI
5833471030,,ODP-KDI-FN/30,-7.768604,112.034411,,,3,5,0,0,8,REGIONAL 5,KEDIRI,KEDIRI,KDI,,,2024-03-16 23:27:10,44202,2021,1,NON TITO,,,JAWA TIMUR,0.625,YELLOW,859401015,AREA 3,JATIM,MADIUN,KEDIRI,,,0,0,0,JAWA TIMUR,KEDIRI,GAMPENGREJO,SAMBIRESIK,KEDIRI
5855444232,,ODP-KDI-FBA/26,-7.833309,112.046268,,,2,6,0,0,8,REGIONAL 5,KEDIRI,KEDIRI,KDI,,,2024-03-16 23:26:42,44202,2021,1,NON TITO,,,JAWA TIMUR,0.75,YELLOW,859399157,AREA 3,JATIM,MADIUN,KEDIRI,,,0,0,0,JAWA TIMUR,KOTA KEDIRI,PESANTREN,BANGSAL,KEDIRI
5835943854,,ODP-NDL-FG/49,-7.871392,112.00078,,,2,6,0,0,8,REGIONAL 5,KEDIRI,KEDIRI,NDL,,,2024-03-16 23:22:43,44202,2021,1,NON TITO,,,JAWA TIMUR,0.75,YELLOW,859398823,AREA 3,JATIM,MADIUN,KEDIRI,,,0,0,0,JAWA TIMUR,KEDIRI,NGADILUWIH,BANJAREJO,KEDIRI
5840445294,,ODP-MJT-FJ/66,-7.817219,111.988039,,,2,6,0,0,8,REGIONAL 5,KEDIRI,KEDIRI,MJT,,,2024-03-16 23:26:51,44201,2021,1,NON TITO,,,JAWA TIMUR,0.75,YELLOW,859120141,AREA 3,JATIM,MADIUN,KEDIRI,,,0,0,0,JAWA TIMUR,KOTA KEDIRI,MOJOROTO,CAMPUREJO,KEDIRI
5840445289,,ODP-MJT-FJ/67,-7.818,111.988298,,,4,4,0,0,8,REGIONAL 5,KEDIRI,KEDIRI,MJT,,,2024-03-16 23:26:51,44201,2021,1,NON TITO,,,JAWA TIMUR,0.5,YELLOW,859120138,AREA 3,JATIM,MADIUN,KEDIRI,,,0,0,0,JAWA TIMUR,KOTA KEDIRI,MOJOROTO,CAMPUREJO,KEDIRI
5836019133,,ODP-MJT-FF/50,-7.774077,112.015055,,,4,4,0,0,8,REGIONAL 5,KEDIRI,KEDIRI,MJT,,,2024-03-16 23:25:09,44200,2021,1,NON TITO,,,JAWA TIMUR,0.5,YELLOW,859109878,AREA 3,JATIM,MADIUN,KEDIRI,,,0,0,0,JAWA TIMUR,KEDIRI,BANYAKAN,JABON,KEDIRI
5836018605,,ODP-KDI-FBK/38,-7.820311,112.044258,,,2,6,0,0,8,REGIONAL 5,KEDIRI,KEDIRI,KDI,,,2024-03-16 23:25:00,44200,2021,1,NON TITO,,,JAWA TIMUR,0.75,YELLOW,859105397,AREA 3,JATIM,MADIUN,KEDIRI,,,0,0,0,JAWA TIMUR,KEDIRI,NGASEM,DOKO,KEDIRI
5836018600,,ODP-KDI-FBK/37,-7.82181,112.043722,,,2,6,0,0,8,REGIONAL 5,KEDIRI,KEDIRI,KDI,,,2024-03-16 23:25:13,44200,2021,1,NON TITO,,,JAWA TIMUR,0.75,YELLOW,859105394,AREA 3,JATIM,MADIUN,KEDIRI,,,0,0,0,JAWA TIMUR,KEDIRI,NGASEM,DOKO,KEDIRI
5831894293,,ODP-MJT-FH/47,-7.837964,111.993435,,,3,5,0,0,8,REGIONAL 5,KEDIRI,KEDIRI,MJT,,,2024-03-16 23:25:30,44196,2020,12,NON TITO,,,JAWA TIMUR,0.625,YELLOW,858946872,AREA 3,JATIM,MADIUN,KEDIRI,,,0,0,0,JAWA TIMUR,KOTA KEDIRI,MOJOROTO,BANJARMLATI,KEDIRI
5833843854,,ODP-MJT-FL/60,-7.804067,111.997755,,,2,6,0,0,8,REGIONAL 5,KEDIRI,KEDIRI,MJT,,,2024-03-16 23:22:01,44195,2020,12,NON TITO,,,JAWA TIMUR,0.75,YELLOW,858788049,AREA 3,JATIM,MADIUN,KEDIRI,,,0,0,0,JAWA TIMUR,KOTA KEDIRI,MOJOROTO,MOJOROTO,KEDIRI
5795369260,,ODP-NDL-FH/33,-7.91421,111.98547,,,3,5,0,0,8,REGIONAL 5,KEDIRI,KEDIRI,NDL,,,2024-03-16 23:23:30,44187,2020,12,NON TITO,,,JAWA TIMUR,0.625,YELLOW,858510947,AREA 3,JATIM,MADIUN,KEDIRI,,,0,0,0,JAWA TIMUR,KEDIRI,NGADILUWIH,BRANGGAHAN,KEDIRI
5795369255,,ODP-NDL-FH/31,-7.914946,111.984407,,,3,5,0,0,8,REGIONAL 5,KEDIRI,KEDIRI,NDL,,,2024-03-16 23:23:47,44187,2020,12,NON TITO,,,JAWA TIMUR,0.625,YELLOW,858510944,AREA 3,JATIM,MADIUN,KEDIRI,,,0,0,0,JAWA TIMUR,KEDIRI,NGADILUWIH,BRANGGAHAN,KEDIRI
5795369250,,ODP-NDL-FH/34,-7.914592,111.986019,,,4,4,0,0,8,REGIONAL 5,KEDIRI,KEDIRI,NDL,,,2024-03-16 23:23:44,44187,2020,12,NON TITO,,,JAWA TIMUR,0.5,YELLOW,858510941,AREA 3,JATIM,MADIUN,KEDIRI,,,0,0,0,JAWA TIMUR,KEDIRI,NGADILUWIH,BRANGGAHAN,KEDIRI
5670869946,,ODP-MJT-FU/16,-7.825244,111.950642,,,4,4,0,0,8,REGIONAL 5,KEDIRI,KEDIRI,MJT,,,2024-03-16 23:26:24,44151,2020,11,NON TITO,,,JAWA TIMUR,0.5,YELLOW,856782535,AREA 3,JATIM,MADIUN,KEDIRI,,,0,0,0,JAWA TIMUR,KEDIRI,SEMEN,PUHSARANG,KEDIRI
5670944475,,ODP-PAE-FAC/09,-7.780517,112.122833,,,2,6,0,0,8,REGIONAL 5,KEDIRI,KEDIRI,PAE,,,2024-03-16 23:28:07,44146,2020,11,NON TITO,,,JAWA TIMUR,0.75,YELLOW,856589677,AREA 3,JATIM,MADIUN,KEDIRI,,,0,0,0,JAWA TIMUR,KEDIRI,PARE,SAMBIREJO,KEDIRI
5656994573,,ODP-KDI-FAK/48,-7.8057,112.013331,,,4,4,0,0,8,REGIONAL 5,KEDIRI,KEDIRI,KDI,,,2024-03-16 23:27:27,44146,2020,11,NON TITO,,,JAWA TIMUR,0.5,YELLOW,856589625,AREA 3,JATIM,MADIUN,KEDIRI,,,0,0,0,JAWA TIMUR,KOTA KEDIRI,KOTA,BALOWERTI,KEDIRI
5657444271,,ODP-GUR-FG/11,-7.756513,112.09913,,,6,10,0,0,16,REGIONAL 5,KEDIRI,KEDIRI,GUR,,,2024-03-16 23:26:48,44145,2020,11,NON TITO,,,JAWA TIMUR,0.625,YELLOW,856565214,AREA 3,JATIM,MADIUN,KEDIRI,,,0,0,0,JAWA TIMUR,KEDIRI,KAYEN KIDUL,SAMBIROBYONG,KEDIRI
5655946092,,ODP-WAT-FF/12,-7.931165,112.131887,,,3,5,0,0,8,REGIONAL 5,KEDIRI,KEDIRI,WAT,,,2024-03-16 23:28:32,44144,2020,11,NON TITO,,,JAWA TIMUR,0.625,YELLOW,856548447,AREA 3,JATIM,MADIUN,KEDIRI,,,0,0,0,JAWA TIMUR,KEDIRI,NGANCAR,KUNJANG,KEDIRI
5657819579,,ODP-SBI-FA/06,-7.977089,112.031549,,,2,6,0,0,8,REGIONAL 5,KEDIRI,KEDIRI,SBI,,,2024-03-16 23:22:29,44144,2020,11,NON TITO,,,JAWA TIMUR,0.75,YELLOW,856547173,AREA 3,JATIM,MADIUN,KEDIRI,,,0,0,0,JAWA TIMUR,KEDIRI,RINGINREJO,SUSUHBANGO,KEDIRI
5562869231,,ODP-MJT-FU/15,-7.828609,111.957882,,,2,6,0,0,8,REGIONAL 5,KEDIRI,KEDIRI,MJT,,,2024-03-16 23:27:42,44132,2020,10,NON TITO,,,JAWA TIMUR,0.75,YELLOW,855878125,AREA 3,JATIM,MADIUN,KEDIRI,,,0,0,0,JAWA TIMUR,KEDIRI,SEMEN,TITIK,KEDIRI
5589868606,,ODP-MJT-FU/14,-7.831556,111.956735,,,4,4,0,0,8,REGIONAL 5,KEDIRI,KEDIRI,MJT,,,2024-03-16 23:22:26,44124,2020,10,NON TITO,,,JAWA TIMUR,0.5,YELLOW,855609563,AREA 3,JATIM,MADIUN,KEDIRI,,,0,0,0,JAWA TIMUR,KEDIRI,SEMEN,PUHSARANG,KEDIRI
5552369616,,ODP-KDI-FAY/32,-7.833364,112.042187,,,2,6,0,0,8,REGIONAL 5,KEDIRI,KEDIRI,KDI,,,2024-03-16 23:23:23,44119,2020,10,NON TITO,,,JAWA TIMUR,0.75,YELLOW,855453241,AREA 3,JATIM,MADIUN,KEDIRI,,,0,0,0,JAWA TIMUR,KOTA KEDIRI,PESANTREN,BANARAN,KEDIRI
5552369601,,ODP-KDI-FAY/34,-7.832462,112.039303,,,4,4,0,0,8,REGIONAL 5,KEDIRI,KEDIRI,KDI,,,2024-03-16 23:23:02,44119,2020,10,NON TITO,,,JAWA TIMUR,0.5,YELLOW,855453192,AREA 3,JATIM,MADIUN,KEDIRI,,,0,0,0,JAWA TIMUR,KOTA KEDIRI,PESANTREN,BANARAN,KEDIRI
5552369586,,ODP-KDI-FAY/30,-7.834096,112.042325,,,2,6,0,0,8,REGIONAL 5,KEDIRI,KEDIRI,KDI,,,2024-03-16 23:23:23,44119,2020,10,NON TITO,,,JAWA TIMUR,0.75,YELLOW,855453174,AREA 3,JATIM,MADIUN,KEDIRI,,,0,0,0,JAWA TIMUR,KOTA KEDIRI,PESANTREN,BANARAN,KEDIRI
5552369576,,ODP-KDI-FAY/35,-7.829359,112.037359,,,6,10,0,0,16,REGIONAL 5,KEDIRI,KEDIRI,KDI,,,2024-03-16 23:23:07,44119,2020,10,NON TITO,,,JAWA TIMUR,0.625,YELLOW,855453167,AREA 3,JATIM,MADIUN,KEDIRI,,,0,0,0,JAWA TIMUR,KOTA KEDIRI,PESANTREN,BANGSAL,KEDIRI
5552369571,,ODP-KDI-FAY/36,-7.82798,112.03378,,,4,12,0,0,16,REGIONAL 5,KEDIRI,KEDIRI,KDI,,,2024-03-16 23:23:01,44119,2020,10,NON TITO,,,JAWA TIMUR,0.75,YELLOW,855453163,AREA 3,JATIM,MADIUN,KEDIRI,,,0,0,0,JAWA TIMUR,KOTA KEDIRI,PESANTREN,BANGSAL,KEDIRI
5552369566,,ODP-KDI-FAY/29,-7.834095,112.043547,,,2,6,0,0,8,REGIONAL 5,KEDIRI,KEDIRI,KDI,,,2024-03-16 23:22:47,44119,2020,10,NON TITO,,,JAWA TIMUR,0.75,YELLOW,855453159,AREA 3,JATIM,MADIUN,KEDIRI,,,0,0,0,JAWA TIMUR,KOTA KEDIRI,PESANTREN,BANARAN,KEDIRI
5552369556,,ODP-KDI-FAY/37,-7.827727,112.033135,,,3,4,1,0,8,REGIONAL 5,KEDIRI,KEDIRI,KDI,,,2024-03-16 23:22:47,44119,2020,10,NON TITO,,,JAWA TIMUR,0.5,YELLOW,855453148,AREA 3,JATIM,MADIUN,KEDIRI,,,0,0,0,JAWA TIMUR,KOTA KEDIRI,PESANTREN,BANGSAL,KEDIRI
5548394046,,ODP-KDI-FAQ/28,-7.794928,112.038895,,,4,4,0,0,8,REGIONAL 5,KEDIRI,KEDIRI,KDI,,,2024-03-16 23:27:25,44119,2020,10,NON TITO,,,JAWA TIMUR,0.5,YELLOW,855453123,AREA 3,JATIM,MADIUN,KEDIRI,,,0,0,0,JAWA TIMUR,KEDIRI,NGASEM,KARANGREJO,KEDIRI
5489670196,,ODP-MJT-FZ/30,-7.829566,112.001205,,,3,5,0,0,8,REGIONAL 5,KEDIRI,KEDIRI,MJT,,,2024-03-16 23:25:28,44115,2020,10,NON TITO,,,JAWA TIMUR,0.625,YELLOW,845351820,AREA 3,JATIM,MADIUN,KEDIRI,,,0,0,0,JAWA TIMUR,KOTA KEDIRI,MOJOROTO,BANJAR MLATI,KEDIRI
5687369157,,ODP-PAE-FAF/30,-7.759876,112.171663,,,3,5,0,0,8,REGIONAL 5,KEDIRI,KEDIRI,PAE,,,2024-03-16 23:24:47,44156,2020,11,NON TITO,,,JAWA TIMUR,0.625,YELLOW,856947671,AREA 3,JATIM,MADIUN,KEDIRI,,,0,0,0,JAWA TIMUR,KEDIRI,PARE,PELEM,KEDIRI
5696444015,,ODP-MJT-FAG/18,-7.81004,111.989946,,,3,5,0,0,8,REGIONAL 5,KEDIRI,KEDIRI,MJT,,,2024-03-16 23:25:39,44156,2020,11,NON TITO,,,JAWA TIMUR,0.625,YELLOW,856950765,AREA 3,JATIM,MADIUN,KEDIRI,,,0,0,0,JAWA TIMUR,KOTA KEDIRI,MOJOROTO,SUKORAME,KEDIRI
5702443680,,ODP-SBI-FG/11,-7.951435,112.027833,,,4,4,0,0,8,REGIONAL 5,KEDIRI,KEDIRI,SBI,,,2024-03-16 23:26:42,44157,2020,11,NON TITO,,,JAWA TIMUR,0.5,YELLOW,856969685,AREA 3,JATIM,MADIUN,KEDIRI,,,0,0,0,JAWA TIMUR,KEDIRI,KANDAT,SUMBERJO,KEDIRI
5675369381,,ODP-PAE-FE/17,-7.734382,112.148345,,,9,7,0,0,16,REGIONAL 5,KEDIRI,KEDIRI,PAE,,,2024-03-16 23:28:57,44158,2020,11,NON TITO,,,JAWA TIMUR,0.4375,YELLOW,856992252,AREA 3,JATIM,MADIUN,KEDIRI,,,0,0,0,JAWA TIMUR,KEDIRI,PLEMAHAN,TEGOWANGI,KEDIRI
5806018587,,ODP-PAE-FZ/19,-7.731133,112.222126,,,3,5,0,0,8,REGIONAL 5,KEDIRI,KEDIRI,PAE,,,2024-03-16 23:24:43,44187,2020,12,NON TITO,,,JAWA TIMUR,0.625,YELLOW,858504446,AREA 3,JATIM,MADIUN,KEDIRI,,,0,0,0,JAWA TIMUR,KEDIRI,BADAS,KRECEK,KEDIRI
5799868818,,ODP-NDL-FB/36,-7.898702,112.045815,,,3,5,0,0,8,REGIONAL 5,KEDIRI,KEDIRI,NDL,,,2024-03-16 23:25:32,44184,2020,12,NON TITO,,,JAWA TIMUR,0.625,YELLOW,858310513,AREA 3,JATIM,MADIUN,KEDIRI,,,0,0,0,JAWA TIMUR,KEDIRI,KANDAT,PULE,KEDIRI
5777669048,,ODP-MJT-FJ/61,-7.822324,111.987179,,,2,6,0,0,8,REGIONAL 5,KEDIRI,KEDIRI,MJT,,,2024-03-16 23:27:17,44181,2020,12,NON TITO,,,JAWA TIMUR,0.75,YELLOW,858272038,AREA 3,JATIM,MADIUN,KEDIRI,,,0,0,0,JAWA TIMUR,KOTA KEDIRI,MOJOROTO,CAMPUREJO,KEDIRI
5777669043,,ODP-MJT-FJ/60,-7.824502,111.986355,,,3,5,0,0,8,REGIONAL 5,KEDIRI,KEDIRI,MJT,,,2024-03-16 23:27:21,44181,2020,12,NON TITO,,,JAWA TIMUR,0.625,YELLOW,858272035,AREA 3,JATIM,MADIUN,KEDIRI,,,0,0,0,JAWA TIMUR,KOTA KEDIRI,MOJOROTO,CAMPUREJO,KEDIRI
5777669028,,ODP-MJT-FJ/62,-7.820969,111.987684,,,8,8,0,0,16,REGIONAL 5,KEDIRI,KEDIRI,MJT,,,2024-03-16 23:27:24,44181,2020,12,NON TITO,,,JAWA TIMUR,0.5,YELLOW,858272021,AREA 3,JATIM,MADIUN,KEDIRI,,,0,0,0,JAWA TIMUR,KOTA KEDIRI,MOJOROTO,CAMPUREJO,KEDIRI
5745870362,,ODP-KDI-FBD/12,-7.837634,112.020235,,,3,5,0,0,8,REGIONAL 5,KEDIRI,KEDIRI,KDI,,,2024-03-16 23:26:45,44177,2020,12,NON TITO,,,JAWA TIMUR,0.625,YELLOW,858035998,AREA 3,JATIM,MADIUN,KEDIRI,,,0,0,0,JAWA TIMUR,KOTA KEDIRI,KOTA,KALIOMBO,KEDIRI
5745870352,,ODP-KDI-FBD/15,-7.835797,112.016485,,,4,4,0,0,8,REGIONAL 5,KEDIRI,KEDIRI,KDI,,,2024-03-16 23:27:47,44177,2020,12,NON TITO,,,JAWA TIMUR,0.5,YELLOW,858035992,AREA 3,JATIM,MADIUN,KEDIRI,,,0,0,0,JAWA TIMUR,KOTA KEDIRI,KOTA,KALIOMBO,KEDIRI
5754868716,,ODP-PAE-FK/22,-7.814358,112.156995,,,4,4,0,0,8,REGIONAL 5,KEDIRI,KEDIRI,PAE,,,2024-03-16 23:25:06,44177,2020,12,NON TITO,,,JAWA TIMUR,0.5,YELLOW,858035323,AREA 3,JATIM,MADIUN,KEDIRI,,,0,0,0,JAWA TIMUR,KEDIRI,PARE,SIDOREJO,KEDIRI
4856593734,,ODP-NDL-FH/27,-7.903859,111.98254,,,7,9,0,0,16,REGIONAL 5,KEDIRI,KEDIRI,NDL,,,2024-03-16 23:25:00,43943,2020,4,NON TITO,,,JAWA TIMUR,0.5625,YELLOW,828258043,AREA 3,JATIM,MADIUN,KEDIRI,,,0,0,0,JAWA TIMUR,KEDIRI,NGADILUWIH,BRANGGAHAN,KEDIRI
5740393563,,ODP-PPR-FE/32,-7.72537,112.059637,,,4,4,0,0,8,REGIONAL 5,KEDIRI,KEDIRI,PPR,,,2024-03-16 23:25:12,44173,2020,12,NON TITO,,,JAWA TIMUR,0.5,YELLOW,857978990,AREA 3,JATIM,MADIUN,KEDIRI,,,0,0,0,JAWA TIMUR,KEDIRI,PAPAR,MINGGIRAN,KEDIRI
5660371641,,ODP-MJT-FA/48,-7.713003,111.936379,,,2,6,0,0,8,REGIONAL 5,KEDIRI,KEDIRI,MJT,,,2024-03-16 23:21:25,44170,2020,12,NON TITO,,,JAWA TIMUR,0.75,YELLOW,857752435,AREA 3,JATIM,MADIUN,KEDIRI,,,0,0,0,JAWA TIMUR,KEDIRI,TAROKAN,KALIBOTO,KEDIRI
5701096258,,ODP-PAE-FAC/10,-7.776911,112.12831,,,2,6,0,0,8,REGIONAL 5,KEDIRI,KEDIRI,PAE,,,2024-03-16 23:26:25,44167,2020,12,NON TITO,,,JAWA TIMUR,0.75,YELLOW,857609169,AREA 3,JATIM,MADIUN,KEDIRI,,,0,0,0,JAWA TIMUR,KEDIRI,PARE,SAMBIREJO,KEDIRI
5684451683,,ODP-WAT-FM/29,-7.872803,112.117302,,,3,5,0,0,8,REGIONAL 5,KEDIRI,KEDIRI,WAT,,,2024-03-16 23:23:24,44166,2020,12,NON TITO,,,JAWA TIMUR,0.625,YELLOW,857601894,AREA 3,JATIM,MADIUN,KEDIRI,,,0,0,0,JAWA TIMUR,KEDIRI,PLOSOKLATEN,GONDANG,KEDIRI
5712868810,,ODP-PAE-FE/18,-7.738904,112.156523,,,6,10,0,0,16,REGIONAL 5,KEDIRI,KEDIRI,PAE,,,2024-03-16 23:22:05,44166,2020,12,NON TITO,,,JAWA TIMUR,0.625,YELLOW,857594647,AREA 3,JATIM,MADIUN,KEDIRI,,,0,0,0,JAWA TIMUR,KEDIRI,PLEMAHAN,TEGOWANGI,KEDIRI
5683476148,,ODP-WAT-FG/15,-7.930035,112.156363,,,4,4,0,0,8,REGIONAL 5,KEDIRI,KEDIRI,WAT,,,2024-03-16 23:26:09,44166,2020,12,NON TITO,,,JAWA TIMUR,0.5,YELLOW,857529820,AREA 3,JATIM,MADIUN,KEDIRI,,,0,0,0,JAWA TIMUR,KEDIRI,NGANCAR,PANDANTOYO,KEDIRI
5709944081,,ODP-WAT-FM/28,-7.882217,112.146767,,,3,5,0,0,8,REGIONAL 5,KEDIRI,KEDIRI,WAT,,,2024-03-16 23:26:43,44161,2020,11,NON TITO,,,JAWA TIMUR,0.625,YELLOW,857140658,AREA 3,JATIM,MADIUN,KEDIRI,,,0,0,0,JAWA TIMUR,KEDIRI,PLOSOKLATEN,JARAK,KEDIRI
5656395278,,ODP-PPR-FE/31,-7.732761,112.051175,,,4,4,0,0,8,REGIONAL 5,KEDIRI,KEDIRI,PPR,,,2024-03-16 23:26:10,44160,2020,11,NON TITO,,,JAWA TIMUR,0.5,YELLOW,857110989,AREA 3,JATIM,MADIUN,KEDIRI,,,0,0,0,JAWA TIMUR,KEDIRI,KAYEN KIDUL,BANGSONGAN,KEDIRI
5666369665,,ODP-PPR-FG/32,-7.654209,112.157923,,,4,4,0,0,8,REGIONAL 5,KEDIRI,KEDIRI,PPR,,,2024-03-16 23:23:25,44159,2020,11,NON TITO,,,JAWA TIMUR,0.5,YELLOW,857078500,AREA 3,JATIM,MADIUN,KEDIRI,,,0,0,0,JAWA TIMUR,KEDIRI,KUNJANG,KUNJANG,KEDIRI
5739868535,,ODP-PAE-FAK/12,-7.758463,112.191876,,,4,4,0,0,8,REGIONAL 5,KEDIRI,KEDIRI,PAE,,,2024-03-16 23:24:27,44173,2020,12,NON TITO,,,JAWA TIMUR,0.5,YELLOW,857819552,AREA 3,JATIM,MADIUN,KEDIRI,,,0,0,0,JAWA TIMUR,KEDIRI,PARE,TULUNGREJO,KEDIRI
2446247468,,ODP-GUR-FC/11,-7.808425,112.092461,,,4,4,0,0,8,REGIONAL 5,KEDIRI,KEDIRI,GUR,,,2024-03-16 23:27:26,43211,2018,4,NON TITO,,,JAWA TIMUR,0.5,YELLOW,353576220,AREA 3,JATIM,MADIUN,KEDIRI,,,0,0,0,JAWA TIMUR,KEDIRI,GURAH,SUKOREJO,KEDIRI
4856593729,,ODP-NDL-FH/28,-7.90799,111.98081,,,2,6,0,0,8,REGIONAL 5,KEDIRI,KEDIRI,NDL,,,2024-03-16 23:25:15,43943,2020,4,NON TITO,,,JAWA TIMUR,0.75,YELLOW,828258039,AREA 3,JATIM,MADIUN,KEDIRI,,,0,0,0,JAWA TIMUR,KEDIRI,NGADILUWIH,BRANGGAHAN,KEDIRI
4818868528,,ODP-GUR-FC/18,-7.820083,112.104964,,,8,8,0,0,16,REGIONAL 5,KEDIRI,KEDIRI,GUR,,,2024-03-16 23:24:48,43930,2020,4,NON TITO,,,JAWA TIMUR,0.5,YELLOW,827917318,AREA 3,JATIM,MADIUN,KEDIRI,,,0,0,0,JAWA TIMUR,KEDIRI,GURAH,BESUK,KEDIRI
3751544295,,ODP-KDI-FBA/21,-7.834462,112.050593,,,3,5,0,0,8,REGIONAL 5,KEDIRI,KEDIRI,KDI,,,2024-03-16 23:24:37,43679,2019,8,NON TITO,,,JAWA TIMUR,0.625,YELLOW,642633284,AREA 3,JATIM,MADIUN,KEDIRI,,,0,0,0,JAWA TIMUR,KEDIRI,NGASEM,TUGUREJO,KEDIRI
3751543963,,ODP-KDI-FBJ/19,-7.827412,112.05012,,,2,6,0,0,8,REGIONAL 5,KEDIRI,KEDIRI,KDI,,,2024-03-16 23:25:02,43679,2019,8,NON TITO,,,JAWA TIMUR,0.75,YELLOW,642633186,AREA 3,JATIM,MADIUN,KEDIRI,,,0,0,0,JAWA TIMUR,KEDIRI,NGASEM,GOGORANTE,KEDIRI
3751920160,,ODP-PAE-FAG/02,-7.781226,112.157925,,,2,6,0,0,8,REGIONAL 5,KEDIRI,KEDIRI,PAE,,,2024-03-16 23:29:05,43679,2019,8,NON TITO,,,JAWA TIMUR,0.75,YELLOW,642632925,AREA 3,JATIM,MADIUN,KEDIRI,,,0,0,0,JAWA TIMUR,KEDIRI,PARE,DARUNGAN,KEDIRI
3749445073,,ODP-PAE-FM/45,-7.763947,112.194415,,,2,5,1,0,8,REGIONAL 5,KEDIRI,KEDIRI,PAE,,,2024-03-16 23:24:46,43679,2019,8,NON TITO,,,JAWA TIMUR,0.625,YELLOW,642632111,AREA 3,JATIM,MADIUN,KEDIRI,,,0,0,0,JAWA TIMUR,KEDIRI,PARE,PARE,KEDIRI
3755369338,,ODP-KDI-FBE/03,-7.82987,112.027723,,,2,6,0,0,8,REGIONAL 5,KEDIRI,KEDIRI,KDI,,,2024-03-16 23:23:56,43676,2019,7,NON TITO,,,JAWA TIMUR,0.75,YELLOW,642615777,AREA 3,JATIM,MADIUN,KEDIRI,,,0,0,0,JAWA TIMUR,KOTA KEDIRI,PESANTREN,BANARAN,KEDIRI
3755368966,,ODP-KDI-FBE/10,-7.829995,112.018995,,,3,5,0,0,8,REGIONAL 5,KEDIRI,KEDIRI,KDI,,,2024-03-16 23:24:00,43676,2019,7,NON TITO,,,JAWA TIMUR,0.625,YELLOW,642615540,AREA 3,JATIM,MADIUN,KEDIRI,,,0,0,0,JAWA TIMUR,KOTA KEDIRI,KOTA,KAMPUNG DALEM,KEDIRI
3740894203,,ODP-KDI-FZ/70,-7.824222,112.01828,,,2,6,0,0,8,REGIONAL 5,KEDIRI,KEDIRI,KDI,,,2024-03-16 23:23:48,43671,2019,7,NON TITO,,,JAWA TIMUR,0.75,YELLOW,642482367,AREA 3,JATIM,MADIUN,KEDIRI,,,0,0,0,JAWA TIMUR,KOTA KEDIRI,KOTA KEDIRI,SETONO PANDE,KEDIRI
3741718820,,ODP-PAE-FY/26,-7.690996,112.213665,,,3,5,0,0,8,REGIONAL 5,KEDIRI,KEDIRI,PAE,,,2024-03-16 23:25:17,43670,2019,7,NON TITO,,,JAWA TIMUR,0.625,YELLOW,642476852,AREA 3,JATIM,MADIUN,KEDIRI,,,0,0,0,JAWA TIMUR,KEDIRI,BADAS,BLARU,KEDIRI
3739994442,,ODP-KDI-FAL/34,-7.811326,112.015264,,,7,9,0,0,16,REGIONAL 5,KEDIRI,KEDIRI,KDI,,,2024-03-16 23:27:57,43670,2019,7,NON TITO,,,JAWA TIMUR,0.5625,YELLOW,642472344,AREA 3,JATIM,MADIUN,KEDIRI,,,0,0,0,JAWA TIMUR,KOTA KEDIRI,KOTA,BALOWERTI,KEDIRI
3741344150,,ODP-KDI-FG/72,-7.83112,112.036998,,,3,5,0,0,8,REGIONAL 5,KEDIRI,KEDIRI,KDI,,,2024-03-16 23:21:25,43670,2019,7,NON TITO,,,JAWA TIMUR,0.625,YELLOW,642471342,AREA 3,JATIM,MADIUN,KEDIRI,,,0,0,0,JAWA TIMUR,KOTA KEDIRI,PESANTREN,BANARAN,KEDIRI
3752593985,,ODP-PAE-FAF/23,-7.765929,112.17418,,,1,6,0,0,8,REGIONAL 5,KEDIRI,KEDIRI,PAE,,,2024-03-16 23:24:53,43678,2019,8,NON TITO,,,JAWA TIMUR,0.75,YELLOW,640438308,AREA 3,JATIM,MADIUN,KEDIRI,,,0,0,0,JAWA TIMUR,KEDIRI,PARE,PELEM,KEDIRI
3752593965,,ODP-PAE-FAF/24,-7.764974,112.174521,,,3,5,0,0,8,REGIONAL 5,KEDIRI,KEDIRI,PAE,,,2024-03-16 23:26:09,43678,2019,8,NON TITO,,,JAWA TIMUR,0.625,YELLOW,640438290,AREA 3,JATIM,MADIUN,KEDIRI,,,0,0,0,JAWA TIMUR,KEDIRI,PARE,PELEM,KEDIRI
3752593945,,ODP-PAE-FAH/30,-7.767005,112.187486,,,2,6,0,0,8,REGIONAL 5,KEDIRI,KEDIRI,PAE,,,2024-03-16 23:25:40,43678,2019,8,NON TITO,,,JAWA TIMUR,0.75,YELLOW,640438274,AREA 3,JATIM,MADIUN,KEDIRI,,,0,0,0,JAWA TIMUR,KEDIRI,PARE,TULUNGREJO,KEDIRI
3752593940,,ODP-PAE-FAC/08,-7.776095,112.129882,,,4,4,0,0,8,REGIONAL 5,KEDIRI,KEDIRI,PAE,,,2024-03-16 23:25:46,43678,2019,8,NON TITO,,,JAWA TIMUR,0.5,YELLOW,640438270,AREA 3,JATIM,MADIUN,KEDIRI,,,0,0,0,JAWA TIMUR,KEDIRI,PARE,SAMBIREJO,KEDIRI
3758519338,,ODP-KDI-FBE/06,-7.824205,112.021703,,,2,6,0,0,8,REGIONAL 5,KEDIRI,KEDIRI,KDI,,,2024-03-16 23:25:22,43676,2019,7,NON TITO,,,JAWA TIMUR,0.75,YELLOW,640427197,AREA 3,JATIM,MADIUN,KEDIRI,,,0,0,0,JAWA TIMUR,KOTA KEDIRI,KOTA,BANJARAN,KEDIRI
3755369383,,ODP-KDI-FBE/05,-7.82918,112.022964,,,3,5,0,0,8,REGIONAL 5,KEDIRI,KEDIRI,KDI,,,2024-03-16 23:23:05,43676,2019,7,NON TITO,,,JAWA TIMUR,0.625,YELLOW,640426395,AREA 3,JATIM,MADIUN,KEDIRI,,,0,0,0,JAWA TIMUR,KOTA KEDIRI,PESANTREN,BURENGAN,KEDIRI
3755368901,,ODP-KDI-FBE/09,-7.832488,112.020997,,,4,4,0,0,8,REGIONAL 5,KEDIRI,KEDIRI,KDI,,,2024-03-16 23:23:53,43676,2019,7,NON TITO,,,JAWA TIMUR,0.5,YELLOW,640426094,AREA 3,JATIM,MADIUN,KEDIRI,,,0,0,0,JAWA TIMUR,KOTA KEDIRI,KOTA,KALIOMBO,KEDIRI
3751544539,,ODP-KDI-FBA/18,-7.836014,112.049962,,,4,4,0,0,8,REGIONAL 5,KEDIRI,KEDIRI,KDI,,,2024-03-16 23:25:01,43679,2019,8,NON TITO,,,JAWA TIMUR,0.5,YELLOW,642633355,AREA 3,JATIM,MADIUN,KEDIRI,,,0,0,0,JAWA TIMUR,KOTA KEDIRI,PESANTREN,BANGSAL,KEDIRI
3741718935,,ODP-PAE-FY/29,-7.696366,112.221657,,,3,5,0,0,8,REGIONAL 5,KEDIRI,KEDIRI,PAE,,,2024-03-16 23:24:11,43670,2019,7,NON TITO,,,JAWA TIMUR,0.625,YELLOW,640396598,AREA 3,JATIM,MADIUN,KEDIRI,,,0,0,0,JAWA TIMUR,KEDIRI,BADAS,BLARU,KEDIRI
3750196246,,ODP-PAE-FAG/05,-7.779091,112.189719,,,4,12,0,0,16,REGIONAL 5,KEDIRI,KEDIRI,PAE,,,2024-03-16 23:24:23,43679,2019,8,NON TITO,,,JAWA TIMUR,0.75,YELLOW,642635722,AREA 3,JATIM,MADIUN,KEDIRI,,,0,0,0,JAWA TIMUR,KEDIRI,PARE,GEDANGSEWU,KEDIRI
3749444796,,ODP-PAE-FM/44,-7.769431,112.196501,,,2,6,0,0,8,REGIONAL 5,KEDIRI,KEDIRI,PAE,,,2024-03-16 23:24:40,43679,2019,8,NON TITO,,,JAWA TIMUR,0.75,YELLOW,642691289,AREA 3,JATIM,MADIUN,KEDIRI,,,0,0,0,JAWA TIMUR,KEDIRI,PARE,PARE,KEDIRI
3751928847,,ODP-KDI-FJ/24,-7.813588,112.015442,,,3,5,0,0,8,REGIONAL 5,KEDIRI,KEDIRI,KDI,,,2024-03-16 23:23:33,43683,2019,8,NON TITO,,,JAWA TIMUR,0.625,YELLOW,642845272,AREA 3,JATIM,MADIUN,KEDIRI,,,0,0,0,JAWA TIMUR,KOTA KEDIRI,KOTA,BALOWERTI,KEDIRI
3751926709,,ODP-KDI-FAY/21,-7.843271,112.022898,,,2,6,0,0,8,REGIONAL 5,KEDIRI,KEDIRI,KDI,,,2024-03-16 23:23:24,43683,2019,8,NON TITO,,,JAWA TIMUR,0.75,YELLOW,642841809,AREA 3,JATIM,MADIUN,KEDIRI,,,0,0,0,JAWA TIMUR,KOTA KEDIRI,KOTA KEDIRI,NGRONGGO,KEDIRI
3751926583,,ODP-KDI-FBB/49,-7.821717,112.027902,,,2,6,0,0,8,REGIONAL 5,KEDIRI,KEDIRI,KDI,,,2024-03-16 23:21:20,43683,2019,8,NON TITO,,,JAWA TIMUR,0.75,YELLOW,642841768,AREA 3,JATIM,MADIUN,KEDIRI,,,0,0,0,JAWA TIMUR,KOTA KEDIRI,PESANTREN,BURENGAN,KEDIRI
3751926489,,ODP-KDI-FBB/51,-7.823045,112.027399,,,2,6,0,0,8,REGIONAL 5,KEDIRI,KEDIRI,KDI,,,2024-03-16 23:22:58,43683,2019,8,NON TITO,,,JAWA TIMUR,0.75,YELLOW,642841741,AREA 3,JATIM,MADIUN,KEDIRI,,,0,0,0,JAWA TIMUR,KOTA KEDIRI,PESANTREN,BURENGAN,KEDIRI
3758521833,,ODP-SBI-FG/03,-7.948556,112.013989,,,7,9,0,0,16,REGIONAL 5,KEDIRI,KEDIRI,SBI,,,2024-03-16 23:25:09,43686,2019,8,NON TITO,,,JAWA TIMUR,0.5625,YELLOW,642791389,AREA 3,JATIM,MADIUN,KEDIRI,,,0,0,0,JAWA TIMUR,KEDIRI,RINGINREJO,NAMBAKAN,KEDIRI
3758521722,,ODP-SBI-FG/04,-7.95015,112.01929,,,9,7,0,0,16,REGIONAL 5,KEDIRI,KEDIRI,SBI,,,2024-03-16 23:26:10,43686,2019,8,NON TITO,,,JAWA TIMUR,0.4375,YELLOW,642791303,AREA 3,JATIM,MADIUN,KEDIRI,,,0,0,0,JAWA TIMUR,KEDIRI,KANDAT,SUMBERJO,KEDIRI
3750269219,,ODP-PAE-FAG/01,-7.774101,112.183696,,,4,4,0,0,8,REGIONAL 5,KEDIRI,KEDIRI,PAE,,,2024-03-16 23:26:20,43684,2019,8,NON TITO,,,JAWA TIMUR,0.5,YELLOW,642775998,AREA 3,JATIM,MADIUN,KEDIRI,,,0,0,0,JAWA TIMUR,KEDIRI,PARE,GEDANGSEWU,KEDIRI
3751930458,,ODP-SBI-FF/05,-7.94795,112.043396,,,3,5,0,0,8,REGIONAL 5,KEDIRI,KEDIRI,SBI,,,2024-03-16 23:23:38,43683,2019,8,NON TITO,,,JAWA TIMUR,0.625,YELLOW,642772939,AREA 3,JATIM,MADIUN,KEDIRI,,,0,0,0,JAWA TIMUR,KEDIRI,KANDAT,KARANGREJO,KEDIRI
3751930245,,ODP-SBI-FF/04,-7.948621,112.047223,,,4,4,0,0,8,REGIONAL 5,KEDIRI,KEDIRI,SBI,,,2024-03-16 23:23:52,43683,2019,8,NON TITO,,,JAWA TIMUR,0.5,YELLOW,642772760,AREA 3,JATIM,MADIUN,KEDIRI,,,0,0,0,JAWA TIMUR,KEDIRI,KANDAT,KARANGREJO,KEDIRI
3751926918,,ODP-KDI-FBB/50,-7.823287,112.029909,,,2,6,0,0,8,REGIONAL 5,KEDIRI,KEDIRI,KDI,,,2024-03-16 23:23:22,43683,2019,8,NON TITO,,,JAWA TIMUR,0.75,YELLOW,642766531,AREA 3,JATIM,MADIUN,KEDIRI,,,0,0,0,JAWA TIMUR,KOTA KEDIRI,PESANTREN,BURENGAN,KEDIRI
3751926848,,ODP-KDI-FBL/01,-7.810261,112.023732,,,4,4,0,0,8,REGIONAL 5,KEDIRI,KEDIRI,KDI,,,2024-03-16 23:22:42,43683,2019,8,NON TITO,,,JAWA TIMUR,0.5,YELLOW,642766513,AREA 3,JATIM,MADIUN,KEDIRI,,,0,0,0,JAWA TIMUR,KOTA KEDIRI,KOTA,NGADIREJO,KEDIRI
3751926484,,ODP-KDI-FBL/02,-7.812655,112.022139,,,4,4,0,0,8,REGIONAL 5,KEDIRI,KEDIRI,KDI,,,2024-03-16 23:23:22,43683,2019,8,NON TITO,,,JAWA TIMUR,0.5,YELLOW,642766407,AREA 3,JATIM,MADIUN,KEDIRI,,,0,0,0,JAWA TIMUR,KOTA KEDIRI,KOTA KEDIRI,NGADIREJO,KEDIRI
3751925140,,ODP-KDI-FBD/11,-7.835909,112.01666,,,4,4,0,0,8,REGIONAL 5,KEDIRI,KEDIRI,KDI,,,2024-03-16 23:22:36,43683,2019,8,NON TITO,,,JAWA TIMUR,0.5,YELLOW,642765846,AREA 3,JATIM,MADIUN,KEDIRI,,,0,0,0,JAWA TIMUR,KOTA KEDIRI,KOTA,KALIOMBO,KEDIRI
3751544534,,ODP-KDI-FBJ/20,-7.822315,112.05205,,,4,4,0,0,8,REGIONAL 5,KEDIRI,KEDIRI,KDI,,,2024-03-16 23:25:29,43679,2019,8,NON TITO,,,JAWA TIMUR,0.5,YELLOW,642692173,AREA 3,JATIM,MADIUN,KEDIRI,,,0,0,0,JAWA TIMUR,KEDIRI,NGASEM,GOGORANTE,KEDIRI
3751543968,,ODP-KDI-FBA/19,-7.835644,112.048537,,,2,6,0,0,8,REGIONAL 5,KEDIRI,KEDIRI,KDI,,,2024-03-16 23:25:16,43679,2019,8,NON TITO,,,JAWA TIMUR,0.75,YELLOW,642692007,AREA 3,JATIM,MADIUN,KEDIRI,,,0,0,0,JAWA TIMUR,KOTA KEDIRI,PESANTREN,BANGSAL,KEDIRI
3751920385,,ODP-PAE-FAG/04,-7.774897,112.173917,,,4,4,0,0,8,REGIONAL 5,KEDIRI,KEDIRI,PAE,,,2024-03-16 23:29:00,43679,2019,8,NON TITO,,,JAWA TIMUR,0.5,YELLOW,642691775,AREA 3,JATIM,MADIUN,KEDIRI,,,0,0,0,JAWA TIMUR,KEDIRI,PARE,SUMBERBENDO,KEDIRI
3749444992,,ODP-PAE-FM/41,-7.77138,112.198595,,,4,4,0,0,8,REGIONAL 5,KEDIRI,KEDIRI,PAE,,,2024-03-16 23:24:47,43679,2019,8,NON TITO,,,JAWA TIMUR,0.5,YELLOW,642691346,AREA 3,JATIM,MADIUN,KEDIRI,,,0,0,0,JAWA TIMUR,KEDIRI,PARE,PARE,KEDIRI
3749444704,,ODP-PAE-FM/47,-7.770204,112.202219,,,2,6,0,0,8,REGIONAL 5,KEDIRI,KEDIRI,PAE,,,2024-03-16 23:24:40,43679,2019,8,NON TITO,,,JAWA TIMUR,0.75,YELLOW,642691262,AREA 3,JATIM,MADIUN,KEDIRI,,,0,0,0,JAWA TIMUR,KEDIRI,PARE,PARE,KEDIRI
3750273110,,ODP-SBI-FG/05,-7.950774,112.024205,,,9,7,0,0,16,REGIONAL 5,KEDIRI,KEDIRI,SBI,,,2024-03-16 23:26:58,43690,2019,8,NON TITO,,,JAWA TIMUR,0.4375,YELLOW,642887837,AREA 3,JATIM,MADIUN,KEDIRI,,,0,0,0,JAWA TIMUR,KEDIRI,KANDAT,SUMBERJO,KEDIRI
3739395036,,ODP-PAE-FL/36,-7.773146,112.195848,,,2,6,0,0,8,REGIONAL 5,KEDIRI,KEDIRI,PAE,,,2024-03-16 23:25:22,43670,2019,7,NON TITO,,,JAWA TIMUR,0.75,YELLOW,640393640,AREA 3,JATIM,MADIUN,KEDIRI,,,0,0,0,JAWA TIMUR,KEDIRI,PARE,PARE,KEDIRI
3740444221,,ODP-KDI-FS/49,-7.819362,112.018618,,,3,5,0,0,8,REGIONAL 5,KEDIRI,KEDIRI,KDI,,,2024-03-16 23:26:08,43670,2019,7,NON TITO,,,JAWA TIMUR,0.625,YELLOW,640391438,AREA 3,JATIM,MADIUN,KEDIRI,,,0,0,0,JAWA TIMUR,KOTA KEDIRI,KOTA,KEMASAN,KEDIRI
3712694358,,ODP-KDI-FAT/05,-7.815897,112.021428,,,6,10,0,0,16,REGIONAL 5,KEDIRI,KEDIRI,KDI,,,2024-03-16 23:23:23,43656,2019,7,NON TITO,,,JAWA TIMUR,0.625,YELLOW,632319604,AREA 3,JATIM,MADIUN,KEDIRI,,,0,0,0,JAWA TIMUR,KOTA KEDIRI,KOTA KEDIRI,NGADIREJO,KEDIRI
3692968608,,ODP-KDI-FC/55,-7.808424,112.041669,,,2,6,0,0,8,REGIONAL 5,KEDIRI,KEDIRI,KDI,,,2024-03-16 23:27:16,43648,2019,7,NON TITO,,,JAWA TIMUR,0.75,YELLOW,632275038,AREA 3,JATIM,MADIUN,KEDIRI,,,0,0,0,JAWA TIMUR,KEDIRI,NGASEM,SUKOREJO,KEDIRI
3692968543,,ODP-KDI-FC/54,-7.80757,112.041932,,,3,5,0,0,8,REGIONAL 5,KEDIRI,KEDIRI,KDI,,,2024-03-16 23:28:30,43648,2019,7,NON TITO,,,JAWA TIMUR,0.625,YELLOW,632274994,AREA 3,JATIM,MADIUN,KEDIRI,,,0,0,0,JAWA TIMUR,KEDIRI,NGASEM,SUKOREJO,KEDIRI
3682168746,,ODP-KDI-FS/45,-7.814823,112.017328,,,7,9,0,0,16,REGIONAL 5,KEDIRI,KEDIRI,KDI,,,2024-03-16 23:21:25,43647,2019,7,NON TITO,,,JAWA TIMUR,0.5625,YELLOW,632199825,AREA 3,JATIM,MADIUN,KEDIRI,,,0,0,0,JAWA TIMUR,KOTA KEDIRI,KOTA,DANDANGAN,KEDIRI
3659519334,,ODP-SBI-FE/20,-7.979555,112.022063,,,4,4,0,0,8,REGIONAL 5,KEDIRI,KEDIRI,SBI,,,2024-03-16 23:25:00,43643,2019,6,NON TITO,,,JAWA TIMUR,0.5,YELLOW,631903757,AREA 3,JATIM,MADIUN,KEDIRI,,,0,0,0,JAWA TIMUR,KEDIRI,RINGINREJO,SAMBI,KEDIRI
3659519266,,ODP-KDI-FBG/08,-7.805082,112.042281,,,2,5,1,0,8,REGIONAL 5,KEDIRI,KEDIRI,KDI,,,2024-03-16 23:25:29,43643,2019,6,NON TITO,,,JAWA TIMUR,0.625,YELLOW,631903722,AREA 3,JATIM,MADIUN,KEDIRI,,,0,0,0,JAWA TIMUR,KEDIRI,NGASEM,SUKOREJO,KEDIRI
3654269000,,ODP-KDI-FAT/02,-7.812998,112.020347,,,4,4,0,0,8,REGIONAL 5,KEDIRI,KEDIRI,KDI,,,2024-03-16 23:21:07,43642,2019,6,NON TITO,,,JAWA TIMUR,0.5,YELLOW,631898838,AREA 3,JATIM,MADIUN,KEDIRI,,,0,0,0,JAWA TIMUR,KOTA KEDIRI,KOTA,DANDANGAN,KEDIRI
3665519637,,ODP-KDI-FS/42,-7.813451,112.018159,,,4,4,0,0,8,REGIONAL 5,KEDIRI,KEDIRI,KDI,,,2024-03-16 23:27:21,43641,2019,6,NON TITO,,,JAWA TIMUR,0.5,YELLOW,631444832,AREA 3,JATIM,MADIUN,KEDIRI,,,0,0,0,JAWA TIMUR,KOTA KEDIRI,KOTA,DANDANGAN,KEDIRI
3665519617,,ODP-KDI-FBM/02,-7.815908,112.019131,,,3,5,0,0,8,REGIONAL 5,KEDIRI,KEDIRI,KDI,,,2024-03-16 23:27:10,43641,2019,6,NON TITO,,,JAWA TIMUR,0.625,YELLOW,631444826,AREA 3,JATIM,MADIUN,KEDIRI,,,0,0,0,JAWA TIMUR,KOTA KEDIRI,KOTA,DANDANGAN,KEDIRI
3665519491,,ODP-KDI-FBM/04,-7.816027,112.01965,,,3,5,0,0,8,REGIONAL 5,KEDIRI,KEDIRI,KDI,,,2024-03-16 23:26:24,43641,2019,6,NON TITO,,,JAWA TIMUR,0.625,YELLOW,631444790,AREA 3,JATIM,MADIUN,KEDIRI,,,0,0,0,JAWA TIMUR,KOTA KEDIRI,KOTA,DANDANGAN,KEDIRI
3665519486,,ODP-KDI-FBM/06,-7.816329,112.018866,,,3,5,0,0,8,REGIONAL 5,KEDIRI,KEDIRI,KDI,,,2024-03-16 23:26:55,43641,2019,6,NON TITO,,,JAWA TIMUR,0.625,YELLOW,631337314,AREA 3,JATIM,MADIUN,KEDIRI,,,0,0,0,JAWA TIMUR,KOTA KEDIRI,KOTA,DANDANGAN,KEDIRI
3665519332,,ODP-KDI-FBM/03,-7.816243,112.018843,,,2,6,0,0,8,REGIONAL 5,KEDIRI,KEDIRI,KDI,,,2024-03-16 23:26:58,43641,2019,6,NON TITO,,,JAWA TIMUR,0.75,YELLOW,631337266,AREA 3,JATIM,MADIUN,KEDIRI,,,0,0,0,JAWA TIMUR,KOTA KEDIRI,KOTA,DANDANGAN,KEDIRI
3647443950,,ODP-KDI-FW/48,-7.82637,112.033107,,,3,5,0,0,8,REGIONAL 5,KEDIRI,KEDIRI,KDI,,,2024-03-16 23:26:45,43634,2019,6,NON TITO,,,JAWA TIMUR,0.625,YELLOW,631298791,AREA 3,JATIM,MADIUN,KEDIRI,,,0,0,0,JAWA TIMUR,KOTA KEDIRI,PESANTREN,BANGSAL,KEDIRI
3621194253,,ODP-MJT-FX/33,-7.833318,111.98952,,,2,6,0,0,8,REGIONAL 5,KEDIRI,KEDIRI,MJT,,,2024-03-16 23:23:34,43633,2019,6,NON TITO,,,JAWA TIMUR,0.75,YELLOW,631294089,AREA 3,JATIM,MADIUN,KEDIRI,,,0,0,0,JAWA TIMUR,KOTA KEDIRI,MOJOROTO,BANJARMLATI,KEDIRI
3621194122,,ODP-MJT-FX/34,-7.833111,111.987427,,,4,4,0,0,8,REGIONAL 5,KEDIRI,KEDIRI,MJT,,,2024-03-16 23:23:31,43633,2019,6,NON TITO,,,JAWA TIMUR,0.5,YELLOW,631294008,AREA 3,JATIM,MADIUN,KEDIRI,,,0,0,0,JAWA TIMUR,KOTA KEDIRI,MOJOROTO,TAMANAN,KEDIRI
3629743912,,ODP-KDI-FY/43,-7.845332,112.007341,,,3,5,0,0,8,REGIONAL 5,KEDIRI,KEDIRI,KDI,,,2024-03-16 23:24:00,43629,2019,6,NON TITO,,,JAWA TIMUR,0.625,YELLOW,631071793,AREA 3,JATIM,MADIUN,KEDIRI,,,0,0,0,JAWA TIMUR,KOTA KEDIRI,KOTA KEDIRI,MANISRENGGO,KEDIRI
3629593637,,ODP-PPR-FD/35,-7.634398,112.143234,,,2,6,0,0,8,REGIONAL 5,KEDIRI,KEDIRI,PPR,,,2024-03-16 23:26:47,43628,2019,6,NON TITO,,,JAWA TIMUR,0.75,YELLOW,630988533,AREA 3,JATIM,MADIUN,KEDIRI,,,0,0,0,JAWA TIMUR,KEDIRI,PURWOASRI,KLAMPITAN,KEDIRI
3725669126,,ODP-KDI-FBG/10,-7.807205,112.043498,,,3,5,0,0,8,REGIONAL 5,KEDIRI,KEDIRI,KDI,,,2024-03-16 23:24:37,43658,2019,7,NON TITO,,,JAWA TIMUR,0.625,YELLOW,632337957,AREA 3,JATIM,MADIUN,KEDIRI,,,0,0,0,JAWA TIMUR,KEDIRI,NGASEM,SUKOREJO,KEDIRI
3740444267,,ODP-KDI-FS/51,-7.814804,112.017274,,,2,6,0,0,8,REGIONAL 5,KEDIRI,KEDIRI,KDI,,,2024-03-16 23:25:54,43670,2019,7,NON TITO,,,JAWA TIMUR,0.75,YELLOW,640391476,AREA 3,JATIM,MADIUN,KEDIRI,,,0,0,0,JAWA TIMUR,KOTA KEDIRI,KOTA,DANDANGAN,KEDIRI
3712694371,,ODP-KDI-FAT/03,-7.812288,112.018627,,,3,5,0,0,8,REGIONAL 5,KEDIRI,KEDIRI,KDI,,,2024-03-16 23:22:26,43656,2019,7,NON TITO,,,JAWA TIMUR,0.625,YELLOW,638114290,AREA 3,JATIM,MADIUN,KEDIRI,,,0,0,0,JAWA TIMUR,KOTA KEDIRI,KOTA,DANDANGAN,KEDIRI
3721019310,,ODP-KDI-FAJ/64,-7.814684,112.015612,,,6,10,0,0,16,REGIONAL 5,KEDIRI,KEDIRI,KDI,,,2024-03-16 23:24:46,43657,2019,7,NON TITO,,,JAWA TIMUR,0.625,YELLOW,638198829,AREA 3,JATIM,MADIUN,KEDIRI,,,0,0,0,JAWA TIMUR,KOTA KEDIRI,KOTA,BALOWERTI,KEDIRI
3740444119,,ODP-KDI-FS/46,-7.816249,112.018357,,,3,5,0,0,8,REGIONAL 5,KEDIRI,KEDIRI,KDI,,,2024-03-16 23:25:46,43670,2019,7,NON TITO,,,JAWA TIMUR,0.625,YELLOW,640391356,AREA 3,JATIM,MADIUN,KEDIRI,,,0,0,0,JAWA TIMUR,KOTA KEDIRI,KOTA,DANDANGAN,KEDIRI
3738944680,,ODP-PAE-FE/10,-7.732819,112.159695,,,9,7,0,0,16,REGIONAL 5,KEDIRI,KEDIRI,PAE,,,2024-03-16 23:27:58,43668,2019,7,NON TITO,,,JAWA TIMUR,0.4375,YELLOW,640380968,AREA 3,JATIM,MADIUN,KEDIRI,,,0,0,0,JAWA TIMUR,KEDIRI,PLEMAHAN,TEGOWANGI,KEDIRI
3738944565,,ODP-PAE-FAJ/14,-7.753857,112.18399,,,4,4,0,0,8,REGIONAL 5,KEDIRI,KEDIRI,PAE,,,2024-03-16 23:26:43,43668,2019,7,NON TITO,,,JAWA TIMUR,0.5,YELLOW,640380898,AREA 3,JATIM,MADIUN,KEDIRI,,,0,0,0,JAWA TIMUR,KEDIRI,PARE,TULUNGREJO,KEDIRI
3738944210,,ODP-PAE-FAJ/13,-7.748399,112.180312,,,2,6,0,0,8,REGIONAL 5,KEDIRI,KEDIRI,PAE,,,2024-03-16 23:22:39,43668,2019,7,NON TITO,,,JAWA TIMUR,0.75,YELLOW,640380681,AREA 3,JATIM,MADIUN,KEDIRI,,,0,0,0,JAWA TIMUR,KEDIRI,PARE,TULUNGREJO,KEDIRI
3738943862,,ODP-PAE-FAJ/18,-7.75205,112.180989,,,2,6,0,0,8,REGIONAL 5,KEDIRI,KEDIRI,PAE,,,2024-03-16 23:26:29,43668,2019,7,NON TITO,,,JAWA TIMUR,0.75,YELLOW,640380495,AREA 3,JATIM,MADIUN,KEDIRI,,,0,0,0,JAWA TIMUR,KEDIRI,PARE,TULUNGREJO,KEDIRI
3738943774,,ODP-PAE-FAJ/17,-7.752081,112.178803,,,4,4,0,0,8,REGIONAL 5,KEDIRI,KEDIRI,PAE,,,2024-03-16 23:26:40,43668,2019,7,NON TITO,,,JAWA TIMUR,0.5,YELLOW,640380438,AREA 3,JATIM,MADIUN,KEDIRI,,,0,0,0,JAWA TIMUR,KEDIRI,PARE,PELEM,KEDIRI
3738943630,,ODP-PAE-FE/11,-7.753738,112.16695,,,4,4,0,0,8,REGIONAL 5,KEDIRI,KEDIRI,PAE,,,2024-03-16 23:26:41,43668,2019,7,NON TITO,,,JAWA TIMUR,0.5,YELLOW,640380350,AREA 3,JATIM,MADIUN,KEDIRI,,,0,0,0,JAWA TIMUR,KEDIRI,PLEMAHAN,LANGENHARJO,KEDIRI
3738943533,,ODP-PAE-FAJ/15,-7.758083,112.175625,,,2,6,0,0,8,REGIONAL 5,KEDIRI,KEDIRI,PAE,,,2024-03-16 23:27:18,43668,2019,7,NON TITO,,,JAWA TIMUR,0.75,YELLOW,640380291,AREA 3,JATIM,MADIUN,KEDIRI,,,0,0,0,JAWA TIMUR,KEDIRI,PARE,PELEM,KEDIRI
3726056990,,ODP-KDI-FAK/47,-7.804522,112.015501,,,3,5,0,0,8,REGIONAL 5,KEDIRI,KEDIRI,KDI,,,2024-03-16 23:23:25,43668,2019,7,NON TITO,,,JAWA TIMUR,0.625,YELLOW,640377692,AREA 3,JATIM,MADIUN,KEDIRI,,,0,0,0,JAWA TIMUR,KOTA KEDIRI,KOTA,BALOWERTI,KEDIRI
3726056930,,ODP-KDI-FAK/46,-7.804555,112.01621,,,4,4,0,0,8,REGIONAL 5,KEDIRI,KEDIRI,KDI,,,2024-03-16 23:23:51,43668,2019,7,NON TITO,,,JAWA TIMUR,0.5,YELLOW,640377623,AREA 3,JATIM,MADIUN,KEDIRI,,,0,0,0,JAWA TIMUR,KOTA KEDIRI,KOTA,BALOWERTI,KEDIRI
3724996217,,ODP-KDI-FBF/30,-7.804767,112.044303,,,4,4,0,0,8,REGIONAL 5,KEDIRI,KEDIRI,KDI,,,2024-03-16 23:28:22,43665,2019,7,NON TITO,,,JAWA TIMUR,0.5,YELLOW,640365075,AREA 3,JATIM,MADIUN,KEDIRI,,,0,0,0,JAWA TIMUR,KEDIRI,NGASEM,SUKOREJO,KEDIRI
3726052695,,ODP-KDI-FAJ/62,-7.813845,112.010919,,,4,4,0,0,8,REGIONAL 5,KEDIRI,KEDIRI,KDI,,,2024-03-16 23:22:38,43665,2019,7,NON TITO,,,JAWA TIMUR,0.5,YELLOW,640364200,AREA 3,JATIM,MADIUN,KEDIRI,,,0,0,0,JAWA TIMUR,KOTA KEDIRI,KOTA,PAKELAN,KEDIRI
3726052583,,ODP-KDI-FAJ/61,-7.812285,112.010738,,,4,4,0,0,8,REGIONAL 5,KEDIRI,KEDIRI,KDI,,,2024-03-16 23:22:25,43665,2019,7,NON TITO,,,JAWA TIMUR,0.5,YELLOW,640364099,AREA 3,JATIM,MADIUN,KEDIRI,,,0,0,0,JAWA TIMUR,KOTA KEDIRI,KOTA,POCANAN,KEDIRI
3733019124,,ODP-KDI-FBB/47,-7.823777,112.025339,,,9,7,0,0,16,REGIONAL 5,KEDIRI,KEDIRI,KDI,,,2024-03-16 23:28:00,43663,2019,7,NON TITO,,,JAWA TIMUR,0.4375,YELLOW,640291984,AREA 3,JATIM,MADIUN,KEDIRI,,,0,0,0,JAWA TIMUR,KOTA KEDIRI,PESANTREN,BURENGAN,KEDIRI
3733018708,,ODP-KDI-FAH/50,-7.823333,112.011316,,,2,6,0,0,8,REGIONAL 5,KEDIRI,KEDIRI,KDI,,,2024-03-16 23:28:26,43663,2019,7,NON TITO,,,JAWA TIMUR,0.75,YELLOW,640291828,AREA 3,JATIM,MADIUN,KEDIRI,,,0,0,0,JAWA TIMUR,KOTA KEDIRI,KOTA,SETONOPANDE,KEDIRI
3723796109,,ODP-KDI-FBC/39,-7.821295,112.024531,,,4,4,0,0,8,REGIONAL 5,KEDIRI,KEDIRI,KDI,,,2024-03-16 23:23:24,43664,2019,7,NON TITO,,,JAWA TIMUR,0.5,YELLOW,640148404,AREA 3,JATIM,MADIUN,KEDIRI,,,0,0,0,JAWA TIMUR,KOTA KEDIRI,KOTA,BANJARAN,KEDIRI
3733018641,,ODP-KDI-FAH/47,-7.828064,112.011823,,,3,5,0,0,8,REGIONAL 5,KEDIRI,KEDIRI,KDI,,,2024-03-16 23:27:07,43663,2019,7,NON TITO,,,JAWA TIMUR,0.625,YELLOW,640143943,AREA 3,JATIM,MADIUN,KEDIRI,,,0,0,0,JAWA TIMUR,KOTA KEDIRI,KOTA,KAMPUNG DALEM,KEDIRI
3721019020,,ODP-KDI-FAJ/66,-7.814557,112.015013,,,4,4,0,0,8,REGIONAL 5,KEDIRI,KEDIRI,KDI,,,2024-03-16 23:24:29,43657,2019,7,NON TITO,,,JAWA TIMUR,0.5,YELLOW,638198725,AREA 3,JATIM,MADIUN,KEDIRI,,,0,0,0,JAWA TIMUR,KOTA KEDIRI,KOTA,BALOWERTI,KEDIRI
3791293814,,ODP-PAE-FF/59,-7.746633,112.168337,,,7,9,0,0,16,REGIONAL 5,KEDIRI,KEDIRI,PAE,,,2024-03-16 23:23:08,43703,2019,8,NON TITO,,,JAWA TIMUR,0.5625,YELLOW,642974345,AREA 3,JATIM,MADIUN,KEDIRI,,,0,0,0,JAWA TIMUR,KEDIRI,PLEMAHAN,LANGENHARJO,KEDIRI
3812518842,,ODP-SBI-FG/06,-7.938934,112.008773,,,3,5,0,0,8,REGIONAL 5,KEDIRI,KEDIRI,SBI,,,2024-03-16 23:24:12,43705,2019,8,NON TITO,,,JAWA TIMUR,0.625,YELLOW,643064793,AREA 3,JATIM,MADIUN,KEDIRI,,,0,0,0,JAWA TIMUR,KEDIRI,KRAS,KRANDANG,KEDIRI
3808619124,,ODP-PAE-FAG/08,-7.787561,112.170897,,,9,7,0,0,16,REGIONAL 5,KEDIRI,KEDIRI,PAE,,,2024-03-16 23:24:11,43706,2019,8,NON TITO,,,JAWA TIMUR,0.4375,YELLOW,643070137,AREA 3,JATIM,MADIUN,KEDIRI,,,0,0,0,JAWA TIMUR,KEDIRI,PARE,SUMBERBENDO,KEDIRI
4640370632,,ODP-KDI-FAD/27,-7.862373,112.044371,,,2,6,0,0,8,REGIONAL 5,KEDIRI,KEDIRI,KDI,,,2024-03-16 23:29:16,43882,2020,2,NON TITO,,,JAWA TIMUR,0.75,YELLOW,823802833,AREA 3,JATIM,MADIUN,KEDIRI,,,0,0,0,JAWA TIMUR,KOTA KEDIRI,PESANTREN,BLABAK,KEDIRI
4560568779,,ODP-KDI-FJ/20,-7.8128,112.0125,,,7,9,0,0,16,REGIONAL 5,KEDIRI,KEDIRI,KDI,,,2024-03-16 23:23:43,43870,2020,2,NON TITO,,,JAWA TIMUR,0.5625,YELLOW,805551684,AREA 3,JATIM,MADIUN,KEDIRI,,,0,0,0,JAWA TIMUR,KOTA KEDIRI,KOTA,POCANAN,KEDIRI
4561544078,,ODP-MJT-FG/49,-7.776135,111.988652,,,2,6,0,0,8,REGIONAL 5,KEDIRI,KEDIRI,MJT,,,2024-03-16 23:29:01,43867,2020,2,NON TITO,,,JAWA TIMUR,0.75,YELLOW,805023021,AREA 3,JATIM,MADIUN,KEDIRI,,,0,0,0,JAWA TIMUR,KEDIRI,BANYAKAN,MANYARAN,KEDIRI
4478673795,,ODP-GUR-FM/03,-7.795493,112.070538,,,3,5,0,0,8,REGIONAL 5,KEDIRI,KEDIRI,GUR,,,2024-03-16 23:26:03,43857,2020,1,NON TITO,,,JAWA TIMUR,0.625,YELLOW,795809470,AREA 3,JATIM,MADIUN,KEDIRI,,,0,0,0,JAWA TIMUR,KEDIRI,PAGU,BULUPASAR,KEDIRI
4500868786,,ODP-KDI-FAY/24,-7.844247,112.025273,,,3,5,0,0,8,REGIONAL 5,KEDIRI,KEDIRI,KDI,,,2024-03-16 23:23:59,43851,2020,1,NON TITO,,,JAWA TIMUR,0.625,YELLOW,794228117,AREA 3,JATIM,MADIUN,KEDIRI,,,0,0,0,JAWA TIMUR,KOTA KEDIRI,KOTA KEDIRI,NGRONGGO,KEDIRI
4463594297,,ODP-KDI-FAQ/23,-7.788129,112.024155,,,3,5,0,0,8,REGIONAL 5,KEDIRI,KEDIRI,KDI,,,2024-03-16 23:22:34,43844,2020,1,NON TITO,,,JAWA TIMUR,0.625,YELLOW,789801541,AREA 3,JATIM,MADIUN,KEDIRI,,,0,0,0,JAWA TIMUR,KEDIRI,NGASEM,KWADUNGAN,KEDIRI
4462618552,,ODP-GUR-FG/05,-7.747727,112.084826,,,3,5,0,0,8,REGIONAL 5,KEDIRI,KEDIRI,GUR,,,2024-03-16 23:24:00,43844,2020,1,NON TITO,,,JAWA TIMUR,0.625,YELLOW,789795231,AREA 3,JATIM,MADIUN,KEDIRI,,,0,0,0,JAWA TIMUR,KEDIRI,KAYEN KIDUL,SENDEN,KEDIRI
4462618549,,ODP-GUR-FG/07,-7.75052,112.09278,,,4,4,0,0,8,REGIONAL 5,KEDIRI,KEDIRI,GUR,,,2024-03-16 23:24:19,43844,2020,1,NON TITO,,,JAWA TIMUR,0.5,YELLOW,789795229,AREA 3,JATIM,MADIUN,KEDIRI,,,0,0,0,JAWA TIMUR,KEDIRI,KAYEN KIDUL,SAMBIROBYONG,KEDIRI
4462618546,,ODP-GUR-FG/09,-7.748661,112.087114,,,3,5,0,0,8,REGIONAL 5,KEDIRI,KEDIRI,GUR,,,2024-03-16 23:24:03,43844,2020,1,NON TITO,,,JAWA TIMUR,0.625,YELLOW,789795227,AREA 3,JATIM,MADIUN,KEDIRI,,,0,0,0,JAWA TIMUR,KEDIRI,KAYEN KIDUL,SAMBIROBYONG,KEDIRI
4442670349,,ODP-NDL-FN/05,-7.898797,111.992733,,,2,6,0,0,8,REGIONAL 5,KEDIRI,KEDIRI,NDL,,,2024-03-16 23:22:22,43843,2020,1,NON TITO,,,JAWA TIMUR,0.75,YELLOW,789794303,AREA 3,JATIM,MADIUN,KEDIRI,,,0,0,0,JAWA TIMUR,KEDIRI,NGADILUWIH,PURWOKERTO,KEDIRI
4442995155,,ODP-GUR-FD/23,-7.794349,112.084123,,,2,6,0,0,8,REGIONAL 5,KEDIRI,KEDIRI,GUR,,,2024-03-16 23:22:29,43839,2020,1,NON TITO,,,JAWA TIMUR,0.75,YELLOW,789776796,AREA 3,JATIM,MADIUN,KEDIRI,,,0,0,0,JAWA TIMUR,KEDIRI,PAGU,KAMBINGAN,KEDIRI
4441251959,,ODP-MJT-FAF/14,-7.799734,111.975045,,,6,10,0,0,16,REGIONAL 5,KEDIRI,KEDIRI,MJT,,,2024-03-16 23:28:30,43843,2020,1,NON TITO,,,JAWA TIMUR,0.625,YELLOW,789737281,AREA 3,JATIM,MADIUN,KEDIRI,,,0,0,0,JAWA TIMUR,KOTA KEDIRI,MOJOROTO,SUKORAME,KEDIRI
4441251937,,ODP-KDI-FN/21,-7.76892,112.046028,,,4,4,0,0,8,REGIONAL 5,KEDIRI,KEDIRI,KDI,,,2024-03-16 23:28:12,43843,2020,1,NON TITO,,,JAWA TIMUR,0.5,YELLOW,789737269,AREA 3,JATIM,MADIUN,KEDIRI,,,0,0,0,JAWA TIMUR,KEDIRI,NGASEM,WONOCATUR,KEDIRI
4441251934,,ODP-KDI-FN/24,-7.77368,112.044567,,,2,6,0,0,8,REGIONAL 5,KEDIRI,KEDIRI,KDI,,,2024-03-16 23:27:24,43843,2020,1,NON TITO,,,JAWA TIMUR,0.75,YELLOW,789737267,AREA 3,JATIM,MADIUN,KEDIRI,,,0,0,0,JAWA TIMUR,KEDIRI,NGASEM,WONOCATUR,KEDIRI
4441251931,,ODP-KDI-FN/23,-7.773017,112.046223,,,2,6,0,0,8,REGIONAL 5,KEDIRI,KEDIRI,KDI,,,2024-03-16 23:28:31,43843,2020,1,NON TITO,,,JAWA TIMUR,0.75,YELLOW,789737265,AREA 3,JATIM,MADIUN,KEDIRI,,,0,0,0,JAWA TIMUR,KEDIRI,NGASEM,WONOCATUR,KEDIRI
4442670364,,ODP-NDL-FN/01,-7.904293,111.99537,,,4,4,0,0,8,REGIONAL 5,KEDIRI,KEDIRI,NDL,,,2024-03-16 23:22:29,43843,2020,1,NON TITO,,,JAWA TIMUR,0.5,YELLOW,789736979,AREA 3,JATIM,MADIUN,KEDIRI,,,0,0,0,JAWA TIMUR,KEDIRI,NGADILUWIH,PURWOKERTO,KEDIRI
4442670344,,ODP-NDL-FN/04,-7.899935,111.992265,,,2,6,0,0,8,REGIONAL 5,KEDIRI,KEDIRI,NDL,,,2024-03-16 23:23:23,43843,2020,1,NON TITO,,,JAWA TIMUR,0.75,YELLOW,789736970,AREA 3,JATIM,MADIUN,KEDIRI,,,0,0,0,JAWA TIMUR,KEDIRI,NGADILUWIH,PURWOKERTO,KEDIRI
4679444308,,ODP-PAE-FAE/27,-7.75742,112.152391,,,4,4,0,0,8,REGIONAL 5,KEDIRI,KEDIRI,PAE,,,2024-03-16 23:23:00,43889,2020,2,NON TITO,,,JAWA TIMUR,0.5,YELLOW,823838163,AREA 3,JATIM,MADIUN,KEDIRI,,,0,0,0,JAWA TIMUR,KEDIRI,PARE,BENDO,KEDIRI
4442995150,,ODP-GUR-FD/22,-7.795243,112.084536,,,3,5,0,0,8,REGIONAL 5,KEDIRI,KEDIRI,GUR,,,2024-03-16 23:22:30,43839,2020,1,NON TITO,,,JAWA TIMUR,0.625,YELLOW,789720121,AREA 3,JATIM,MADIUN,KEDIRI,,,0,0,0,JAWA TIMUR,KEDIRI,PAGU,KAMBINGAN,KEDIRI
4679444313,,ODP-PAE-FAE/26,-7.757373,112.151543,,,2,6,0,0,8,REGIONAL 5,KEDIRI,KEDIRI,PAE,,,2024-03-16 23:22:42,43889,2020,2,NON TITO,,,JAWA TIMUR,0.75,YELLOW,823838166,AREA 3,JATIM,MADIUN,KEDIRI,,,0,0,0,JAWA TIMUR,KEDIRI,PARE,BENDO,KEDIRI
4628895099,,ODP-SBI-FC/16,-7.967305,111.991041,,,2,6,0,0,8,REGIONAL 5,KEDIRI,KEDIRI,SBI,,,2024-03-16 23:26:25,43879,2020,2,NON TITO,,,JAWA TIMUR,0.75,YELLOW,824069766,AREA 3,JATIM,MADIUN,KEDIRI,,,0,0,0,JAWA TIMUR,KEDIRI,KRAS,BENDOSARI,KEDIRI
4790444743,,ODP-MJT-FB/62,-7.750645,111.959631,,,3,5,0,0,8,REGIONAL 5,KEDIRI,KEDIRI,MJT,,,2024-03-16 23:26:08,43935,2020,4,NON TITO,,,JAWA TIMUR,0.625,YELLOW,827893786,AREA 3,JATIM,MADIUN,KEDIRI,,,0,0,0,JAWA TIMUR,KEDIRI,GROGOL,GROGOL,KEDIRI
4787448412,,ODP-KDI-FAF/03,-7.895626,112.034367,,,2,6,0,0,8,REGIONAL 5,KEDIRI,KEDIRI,KDI,,,2024-03-16 23:22:24,43931,2020,4,NON TITO,,,JAWA TIMUR,0.75,YELLOW,827866475,AREA 3,JATIM,MADIUN,KEDIRI,,,0,0,0,JAWA TIMUR,KEDIRI,KANDAT,PULE,KEDIRI
4787448407,,ODP-KDI-FAF/04,-7.898283,112.040095,,,7,9,0,0,16,REGIONAL 5,KEDIRI,KEDIRI,KDI,,,2024-03-16 23:22:24,43931,2020,4,NON TITO,,,JAWA TIMUR,0.5625,YELLOW,827866472,AREA 3,JATIM,MADIUN,KEDIRI,,,0,0,0,JAWA TIMUR,KEDIRI,KANDAT,PULE,KEDIRI
4789469078,,ODP-MJT-FB/61,-7.751979,111.959064,,,2,6,0,0,8,REGIONAL 5,KEDIRI,KEDIRI,MJT,,,2024-03-16 23:21:05,43924,2020,4,NON TITO,,,JAWA TIMUR,0.75,YELLOW,827744940,AREA 3,JATIM,MADIUN,KEDIRI,,,0,0,0,JAWA TIMUR,KEDIRI,GROGOL,GROGOL,KEDIRI
4764869319,,ODP-WAT-FM/27,-7.873527,112.118582,,,3,5,0,0,8,REGIONAL 5,KEDIRI,KEDIRI,WAT,,,2024-03-16 23:26:26,43917,2020,3,NON TITO,,,JAWA TIMUR,0.625,YELLOW,827453264,AREA 3,JATIM,MADIUN,KEDIRI,,,0,0,0,JAWA TIMUR,KEDIRI,PLOSOKLATEN,GONDANG,KEDIRI
4748449198,,ODP-WAT-FW/04,-7.860026,112.150135,,,3,5,0,0,8,REGIONAL 5,KEDIRI,KEDIRI,WAT,,,2024-03-16 23:23:35,43914,2020,3,NON TITO,,,JAWA TIMUR,0.625,YELLOW,827001170,AREA 3,JATIM,MADIUN,KEDIRI,,,0,0,0,JAWA TIMUR,KEDIRI,PLOSOKLATEN,PLOSO KIDUL,KEDIRI
4748449189,,ODP-WAT-FW/01,-7.856207,112.144116,,,8,8,0,0,16,REGIONAL 5,KEDIRI,KEDIRI,WAT,,,2024-03-16 23:22:49,43914,2020,3,NON TITO,,,JAWA TIMUR,0.5,YELLOW,827001164,AREA 3,JATIM,MADIUN,KEDIRI,,,0,0,0,JAWA TIMUR,KEDIRI,PLOSOKLATEN,PLOSO KIDUL,KEDIRI
4748449186,,ODP-WAT-FW/09,-7.856911,112.166811,,,3,5,0,0,8,REGIONAL 5,KEDIRI,KEDIRI,WAT,,,2024-03-16 23:23:20,43914,2020,3,NON TITO,,,JAWA TIMUR,0.625,YELLOW,827001162,AREA 3,JATIM,MADIUN,KEDIRI,,,0,0,0,JAWA TIMUR,KEDIRI,PLOSOKLATEN,PRANGGANG,KEDIRI
4748449183,,ODP-WAT-FW/12,-7.859347,112.158837,,,2,6,0,0,8,REGIONAL 5,KEDIRI,KEDIRI,WAT,,,2024-03-16 23:23:27,43914,2020,3,NON TITO,,,JAWA TIMUR,0.75,YELLOW,827001160,AREA 3,JATIM,MADIUN,KEDIRI,,,0,0,0,JAWA TIMUR,KEDIRI,PLOSOKLATEN,PLOSO LOR,KEDIRI
4748449180,,ODP-WAT-FW/06,-7.862776,112.153221,,,2,6,0,0,8,REGIONAL 5,KEDIRI,KEDIRI,WAT,,,2024-03-16 23:23:38,43914,2020,3,NON TITO,,,JAWA TIMUR,0.75,YELLOW,827001157,AREA 3,JATIM,MADIUN,KEDIRI,,,0,0,0,JAWA TIMUR,KEDIRI,PLOSOKLATEN,PLOSO KIDUL,KEDIRI
4748449177,,ODP-WAT-FW/13,-7.859856,112.15677,,,3,5,0,0,8,REGIONAL 5,KEDIRI,KEDIRI,WAT,,,2024-03-16 23:23:31,43914,2020,3,NON TITO,,,JAWA TIMUR,0.625,YELLOW,827001155,AREA 3,JATIM,MADIUN,KEDIRI,,,0,0,0,JAWA TIMUR,KEDIRI,PLOSOKLATEN,PLOSO LOR,KEDIRI
4748449171,,ODP-WAT-FW/02,-7.856612,112.144993,,,4,4,0,0,8,REGIONAL 5,KEDIRI,KEDIRI,WAT,,,2024-03-16 23:23:33,43914,2020,3,NON TITO,,,JAWA TIMUR,0.5,YELLOW,827001151,AREA 3,JATIM,MADIUN,KEDIRI,,,0,0,0,JAWA TIMUR,KEDIRI,PLOSOKLATEN,PLOSO KIDUL,KEDIRI
4748449165,,ODP-WAT-FW/10,-7.857332,112.165116,,,3,5,0,0,8,REGIONAL 5,KEDIRI,KEDIRI,WAT,,,2024-03-16 23:23:05,43914,2020,3,NON TITO,,,JAWA TIMUR,0.625,YELLOW,827001147,AREA 3,JATIM,MADIUN,KEDIRI,,,0,0,0,JAWA TIMUR,KEDIRI,PLOSOKLATEN,PRANGGANG,KEDIRI
4710719763,,ODP-PAE-FE/16,-7.75415,112.162531,,,3,5,0,0,8,REGIONAL 5,KEDIRI,KEDIRI,PAE,,,2024-03-16 23:22:41,43902,2020,3,NON TITO,,,JAWA TIMUR,0.625,YELLOW,825046868,AREA 3,JATIM,MADIUN,KEDIRI,,,0,0,0,JAWA TIMUR,KEDIRI,PARE,PELEM,KEDIRI
4685368725,,ODP-MJT-FA/43,-7.704239,111.952804,,,3,5,0,0,8,REGIONAL 5,KEDIRI,KEDIRI,MJT,,,2024-03-16 23:22:07,43894,2020,3,NON TITO,,,JAWA TIMUR,0.625,YELLOW,824672148,AREA 3,JATIM,MADIUN,KEDIRI,,,0,0,0,JAWA TIMUR,KEDIRI,TAROKAN,SUMBERDUREN,KEDIRI
4670443868,,ODP-SBI-FG/07,-7.939104,112.008705,,,2,6,0,0,8,REGIONAL 5,KEDIRI,KEDIRI,SBI,,,2024-03-16 23:23:53,43887,2020,2,NON TITO,,,JAWA TIMUR,0.75,YELLOW,824537379,AREA 3,JATIM,MADIUN,KEDIRI,,,0,0,0,JAWA TIMUR,KEDIRI,KRAS,KRANDANG,KEDIRI
4629576635,,ODP-MJT-FAK/02,-7.866645,111.980526,,,3,5,0,0,8,REGIONAL 5,KEDIRI,KEDIRI,MJT,,,2024-03-16 23:24:46,43885,2020,2,NON TITO,,,JAWA TIMUR,0.625,YELLOW,824530396,AREA 3,JATIM,MADIUN,KEDIRI,,,0,0,0,JAWA TIMUR,KEDIRI,MOJO,MONDO,KEDIRI
4628895093,,ODP-SBI-FC/18,-7.963366,111.991691,,,8,8,0,0,16,REGIONAL 5,KEDIRI,KEDIRI,SBI,,,2024-03-16 23:26:30,43879,2020,2,NON TITO,,,JAWA TIMUR,0.5,YELLOW,824069762,AREA 3,JATIM,MADIUN,KEDIRI,,,0,0,0,JAWA TIMUR,KEDIRI,KRAS,BENDOSARI,KEDIRI
4444168920,,ODP-PAE-FAF/26,-7.760549,112.168622,,,4,12,0,0,16,REGIONAL 5,KEDIRI,KEDIRI,PAE,,,2024-03-16 23:28:13,43836,2020,1,NON TITO,,,JAWA TIMUR,0.75,YELLOW,789651471,AREA 3,JATIM,MADIUN,KEDIRI,,,0,0,0,JAWA TIMUR,KEDIRI,PARE,PELEM,KEDIRI
4419568964,,ODP-KDI-FBF/32,-7.804093,112.04454,,,2,6,0,0,8,REGIONAL 5,KEDIRI,KEDIRI,KDI,,,2024-03-16 23:26:48,43818,2019,12,NON TITO,,,JAWA TIMUR,0.75,YELLOW,789539071,AREA 3,JATIM,MADIUN,KEDIRI,,,0,0,0,JAWA TIMUR,KEDIRI,NGASEM,SUKOREJO,KEDIRI
4429773715,,ODP-MJT-FB/60,-7.755806,111.957534,,,2,6,0,0,8,REGIONAL 5,KEDIRI,KEDIRI,MJT,,,2024-03-16 23:24:23,43825,2019,12,NON TITO,,,JAWA TIMUR,0.75,YELLOW,789382692,AREA 3,JATIM,MADIUN,KEDIRI,,,0,0,0,JAWA TIMUR,KEDIRI,GROGOL,GROGOL,KEDIRI
3993960790,,ODP-WAT-FX/07,-7.849064,112.124958,,,2,6,0,0,8,REGIONAL 5,KEDIRI,KEDIRI,WAT,,,2024-03-16 23:26:31,43739,2019,10,NON TITO,,,JAWA TIMUR,0.75,YELLOW,674643876,AREA 3,JATIM,MADIUN,KEDIRI,,,0,0,0,JAWA TIMUR,KEDIRI,PLOSOKLATEN,BRENGGOLO,KEDIRI
3993960720,,ODP-WAT-FX/09,-7.850752,112.135038,,,4,4,0,0,8,REGIONAL 5,KEDIRI,KEDIRI,WAT,,,2024-03-16 23:27:01,43739,2019,10,NON TITO,,,JAWA TIMUR,0.5,YELLOW,674643825,AREA 3,JATIM,MADIUN,KEDIRI,,,0,0,0,JAWA TIMUR,KEDIRI,PLOSOKLATEN,BRENGGOLO,KEDIRI
3993960715,,ODP-WAT-FX/02,-7.849386,112.125742,,,2,6,0,0,8,REGIONAL 5,KEDIRI,KEDIRI,WAT,,,2024-03-16 23:26:17,43739,2019,10,NON TITO,,,JAWA TIMUR,0.75,YELLOW,674643822,AREA 3,JATIM,MADIUN,KEDIRI,,,0,0,0,JAWA TIMUR,KEDIRI,PLOSOKLATEN,BRENGGOLO,KEDIRI
3993960710,,ODP-WAT-FX/16,-7.845147,112.115653,,,4,4,0,0,8,REGIONAL 5,KEDIRI,KEDIRI,WAT,,,2024-03-16 23:27:39,43739,2019,10,NON TITO,,,JAWA TIMUR,0.5,YELLOW,674643819,AREA 3,JATIM,MADIUN,KEDIRI,,,0,0,0,JAWA TIMUR,KEDIRI,PLOSOKLATEN,BRENGGOLO,KEDIRI
3993960590,,ODP-WAT-FX/12,-7.850989,112.129784,,,2,6,0,0,8,REGIONAL 5,KEDIRI,KEDIRI,WAT,,,2024-03-16 23:27:18,43739,2019,10,NON TITO,,,JAWA TIMUR,0.75,YELLOW,674643735,AREA 3,JATIM,MADIUN,KEDIRI,,,0,0,0,JAWA TIMUR,KEDIRI,PLOSOKLATEN,BRENGGOLO,KEDIRI
3993960585,,ODP-WAT-FX/18,-7.851783,112.131739,,,4,4,0,0,8,REGIONAL 5,KEDIRI,KEDIRI,WAT,,,2024-03-16 23:26:46,43739,2019,10,NON TITO,,,JAWA TIMUR,0.5,YELLOW,674643732,AREA 3,JATIM,MADIUN,KEDIRI,,,0,0,0,JAWA TIMUR,KEDIRI,PLOSOKLATEN,BRENGGOLO,KEDIRI
3993960445,,ODP-WAT-FX/13,-7.852059,112.132492,,,4,4,0,0,8,REGIONAL 5,KEDIRI,KEDIRI,WAT,,,2024-03-16 23:26:57,43739,2019,10,NON TITO,,,JAWA TIMUR,0.5,YELLOW,674643636,AREA 3,JATIM,MADIUN,KEDIRI,,,0,0,0,JAWA TIMUR,KEDIRI,PLOSOKLATEN,BRENGGOLO,KEDIRI
3993960380,,ODP-WAT-FX/10,-7.852552,112.134101,,,4,4,0,0,8,REGIONAL 5,KEDIRI,KEDIRI,WAT,,,2024-03-16 23:27:06,43739,2019,10,NON TITO,,,JAWA TIMUR,0.5,YELLOW,674643594,AREA 3,JATIM,MADIUN,KEDIRI,,,0,0,0,JAWA TIMUR,KEDIRI,PLOSOKLATEN,BRENGGOLO,KEDIRI
3993960370,,ODP-WAT-FX/17,-7.847511,112.121038,,,3,5,0,0,8,REGIONAL 5,KEDIRI,KEDIRI,WAT,,,2024-03-16 23:27:15,43739,2019,10,NON TITO,,,JAWA TIMUR,0.625,YELLOW,674643586,AREA 3,JATIM,MADIUN,KEDIRI,,,0,0,0,JAWA TIMUR,KEDIRI,PLOSOKLATEN,BRENGGOLO,KEDIRI
3993960300,,ODP-WAT-FX/04,-7.852684,112.13447,,,5,11,0,0,16,REGIONAL 5,KEDIRI,KEDIRI,WAT,,,2024-03-16 23:27:22,43739,2019,10,NON TITO,,,JAWA TIMUR,0.6875,YELLOW,674643539,AREA 3,JATIM,MADIUN,KEDIRI,,,0,0,0,JAWA TIMUR,KEDIRI,PLOSOKLATEN,BRENGGOLO,KEDIRI
3993960295,,ODP-WAT-FX/06,-7.848357,112.123167,,,8,8,0,0,16,REGIONAL 5,KEDIRI,KEDIRI,WAT,,,2024-03-16 23:27:41,43739,2019,10,NON TITO,,,JAWA TIMUR,0.5,YELLOW,674643536,AREA 3,JATIM,MADIUN,KEDIRI,,,0,0,0,JAWA TIMUR,KEDIRI,PLOSOKLATEN,BRENGGOLO,KEDIRI
3993960290,,ODP-WAT-FX/05,-7.846384,112.118407,,,4,4,0,0,8,REGIONAL 5,KEDIRI,KEDIRI,WAT,,,2024-03-16 23:27:41,43739,2019,10,NON TITO,,,JAWA TIMUR,0.5,YELLOW,674643532,AREA 3,JATIM,MADIUN,KEDIRI,,,0,0,0,JAWA TIMUR,KEDIRI,PLOSOKLATEN,BRENGGOLO,KEDIRI
4017794076,,ODP-GUR-FL/14,-7.797412,112.100673,,,7,9,0,0,16,REGIONAL 5,KEDIRI,KEDIRI,GUR,,,2024-03-16 23:25:23,43734,2019,9,NON TITO,,,JAWA TIMUR,0.5625,YELLOW,663626128,AREA 3,JATIM,MADIUN,KEDIRI,,,0,0,0,JAWA TIMUR,KEDIRI,GURAH,GEMPOLAN,KEDIRI
4017794071,,ODP-GUR-FL/15,-7.798141,112.1006,,,2,6,0,0,8,REGIONAL 5,KEDIRI,KEDIRI,GUR,,,2024-03-16 23:25:30,43734,2019,9,NON TITO,,,JAWA TIMUR,0.75,YELLOW,663626125,AREA 3,JATIM,MADIUN,KEDIRI,,,0,0,0,JAWA TIMUR,KEDIRI,GURAH,GEMPOLAN,KEDIRI
3927193579,,ODP-PAE-FAG/09,-7.771297,112.174437,,,4,4,0,0,8,REGIONAL 5,KEDIRI,KEDIRI,PAE,,,2024-03-16 23:28:32,43728,2019,9,NON TITO,,,JAWA TIMUR,0.5,YELLOW,660539612,AREA 3,JATIM,MADIUN,KEDIRI,,,0,0,0,JAWA TIMUR,KEDIRI,PARE,SUMBERBENDO,KEDIRI
3836144487,,ODP-PAE-FAA/09,-7.76971,112.238448,,,3,5,0,0,8,REGIONAL 5,KEDIRI,KEDIRI,PAE,,,2024-03-16 23:28:07,43721,2019,9,NON TITO,,,JAWA TIMUR,0.625,YELLOW,650040957,AREA 3,JATIM,MADIUN,KEDIRI,,,0,0,0,JAWA TIMUR,KEDIRI,KEPUNG,KENCONG,KEDIRI
3826018722,,ODP-PAE-FE/14,-7.754586,112.163885,,,2,6,0,0,8,REGIONAL 5,KEDIRI,KEDIRI,PAE,,,2024-03-16 23:25:31,43713,2019,9,NON TITO,,,JAWA TIMUR,0.75,YELLOW,643289834,AREA 3,JATIM,MADIUN,KEDIRI,,,0,0,0,JAWA TIMUR,KEDIRI,PARE,PELEM,KEDIRI
4279468643,,ODP-MJT-FD/23,-7.758465,111.971622,,,7,9,0,0,16,REGIONAL 5,KEDIRI,KEDIRI,MJT,,,2024-03-16 23:28:21,43781,2019,11,NON TITO,,,JAWA TIMUR,0.5625,YELLOW,787139565,AREA 3,JATIM,MADIUN,KEDIRI,,,0,0,0,JAWA TIMUR,KEDIRI,BANYAKAN,BANYARKAN,KEDIRI
4292143995,,ODP-GUR-FH/24,-7.768623,112.080875,,,2,6,0,0,8,REGIONAL 5,KEDIRI,KEDIRI,GUR,,,2024-03-16 23:28:35,43783,2019,11,NON TITO,,,JAWA TIMUR,0.75,YELLOW,787152368,AREA 3,JATIM,MADIUN,KEDIRI,,,0,0,0,JAWA TIMUR,KEDIRI,PAGU,PAGU,KEDIRI
4322369634,,ODP-MJT-FG/47,-7.778507,112.000504,,,3,5,0,0,8,REGIONAL 5,KEDIRI,KEDIRI,MJT,,,2024-03-16 23:27:14,43789,2019,11,NON TITO,,,JAWA TIMUR,0.625,YELLOW,787478352,AREA 3,JATIM,MADIUN,KEDIRI,,,0,0,0,JAWA TIMUR,KOTA KEDIRI,MOJOROTO,MRICAN,KEDIRI
4345023991,,ODP-NDL-FF/35,-7.924542,111.976145,,,2,6,0,0,8,REGIONAL 5,KEDIRI,KEDIRI,NDL,,,2024-03-16 23:25:52,43799,2019,11,NON TITO,,,JAWA TIMUR,0.75,YELLOW,787678341,AREA 3,JATIM,MADIUN,KEDIRI,,,0,0,0,JAWA TIMUR,KEDIRI,NGADILUWIH,TALES,KEDIRI
4391371393,,ODP-GUR-FJ/19,-7.781055,112.079215,,,9,7,0,0,16,REGIONAL 5,KEDIRI,KEDIRI,GUR,,,2024-03-16 23:26:50,43805,2019,12,NON TITO,,,JAWA TIMUR,0.4375,YELLOW,789178820,AREA 3,JATIM,MADIUN,KEDIRI,,,0,0,0,JAWA TIMUR,KEDIRI,PAGU,MENANG,KEDIRI
4391371383,,ODP-GUR-FJ/16,-7.77962,112.07579,,,4,4,0,0,8,REGIONAL 5,KEDIRI,KEDIRI,GUR,,,2024-03-16 23:27:23,43805,2019,12,NON TITO,,,JAWA TIMUR,0.5,YELLOW,789178817,AREA 3,JATIM,MADIUN,KEDIRI,,,0,0,0,JAWA TIMUR,KEDIRI,PAGU,MENANG,KEDIRI
4392793960,,ODP-NDL-FG/30,-7.875943,111.997371,,,2,6,0,0,8,REGIONAL 5,KEDIRI,KEDIRI,NDL,,,2024-03-16 23:23:24,43803,2019,12,NON TITO,,,JAWA TIMUR,0.75,YELLOW,789166691,AREA 3,JATIM,MADIUN,KEDIRI,,,0,0,0,JAWA TIMUR,KEDIRI,NGADILUWIH,REMBANG,KEDIRI
4392793954,,ODP-NDL-FG/29,-7.874738,111.994002,,,4,4,0,0,8,REGIONAL 5,KEDIRI,KEDIRI,NDL,,,2024-03-16 23:23:09,43803,2019,12,NON TITO,,,JAWA TIMUR,0.5,YELLOW,789166687,AREA 3,JATIM,MADIUN,KEDIRI,,,0,0,0,JAWA TIMUR,KEDIRI,NGADILUWIH,REMBANG,KEDIRI
4392793948,,ODP-NDL-FG/33,-7.880936,111.999311,,,2,6,0,0,8,REGIONAL 5,KEDIRI,KEDIRI,NDL,,,2024-03-16 23:23:23,43803,2019,12,NON TITO,,,JAWA TIMUR,0.75,YELLOW,789166683,AREA 3,JATIM,MADIUN,KEDIRI,,,0,0,0,JAWA TIMUR,KEDIRI,NGADILUWIH,REMBANG,KEDIRI
4397968593,,ODP-PAE-FM/51,-7.770925,112.196088,,,2,6,0,0,8,REGIONAL 5,KEDIRI,KEDIRI,PAE,,,2024-03-16 23:22:34,43803,2019,12,NON TITO,,,JAWA TIMUR,0.75,YELLOW,789166168,AREA 3,JATIM,MADIUN,KEDIRI,,,0,0,0,JAWA TIMUR,KEDIRI,PARE,PARE,KEDIRI
4397968556,,ODP-GUR-FH/29,-7.76243,112.092612,,,3,5,0,0,8,REGIONAL 5,KEDIRI,KEDIRI,GUR,,,2024-03-16 23:23:25,43803,2019,12,NON TITO,,,JAWA TIMUR,0.625,YELLOW,789166153,AREA 3,JATIM,MADIUN,KEDIRI,,,0,0,0,JAWA TIMUR,KEDIRI,PAGU,PAGU,KEDIRI
4397968536,,ODP-GUR-FH/27,-7.759952,112.093468,,,3,5,0,0,8,REGIONAL 5,KEDIRI,KEDIRI,GUR,,,2024-03-16 23:23:23,43803,2019,12,NON TITO,,,JAWA TIMUR,0.625,YELLOW,789166145,AREA 3,JATIM,MADIUN,KEDIRI,,,0,0,0,JAWA TIMUR,KEDIRI,KAYEN KIDUL,SAMBIROBYONG,KEDIRI
4855619967,,ODP-KDI-FBK/33,-7.819121,112.043414,,,4,4,0,0,8,REGIONAL 5,KEDIRI,KEDIRI,KDI,,,2024-03-16 23:27:11,43943,2020,4,NON TITO,,,JAWA TIMUR,0.5,YELLOW,828256816,AREA 3,JATIM,MADIUN,KEDIRI,,,0,0,0,JAWA TIMUR,KEDIRI,NGASEM,DOKO,KEDIRI
4391371614,,ODP-GUR-FJ/24,-7.780934,112.075205,,,2,6,0,0,8,REGIONAL 5,KEDIRI,KEDIRI,GUR,,,2024-03-16 23:27:07,43805,2019,12,NON TITO,,,JAWA TIMUR,0.75,YELLOW,788130731,AREA 3,JATIM,MADIUN,KEDIRI,,,0,0,0,JAWA TIMUR,KEDIRI,PAGU,MENANG,KEDIRI
4397968531,,ODP-GUR-FH/34,-7.765036,112.087804,,,8,8,0,0,16,REGIONAL 5,KEDIRI,KEDIRI,GUR,,,2024-03-16 23:23:30,43803,2019,12,NON TITO,,,JAWA TIMUR,0.5,YELLOW,788116852,AREA 3,JATIM,MADIUN,KEDIRI,,,0,0,0,JAWA TIMUR,KEDIRI,PAGU,PAGU,KEDIRI
4345024157,,ODP-NDL-FH/23,-7.922015,112.005031,,,8,8,0,0,16,REGIONAL 5,KEDIRI,KEDIRI,NDL,,,2024-03-16 23:25:53,43799,2019,11,NON TITO,,,JAWA TIMUR,0.5,YELLOW,787678674,AREA 3,JATIM,MADIUN,KEDIRI,,,0,0,0,JAWA TIMUR,KEDIRI,NGADILUWIH,SLUMBUNG,KEDIRI
4345024142,,ODP-NDL-FH/16,-7.927611,112.023392,,,3,5,0,0,8,REGIONAL 5,KEDIRI,KEDIRI,NDL,,,2024-03-16 23:26:00,43799,2019,11,NON TITO,,,JAWA TIMUR,0.625,YELLOW,787678665,AREA 3,JATIM,MADIUN,KEDIRI,,,0,0,0,JAWA TIMUR,KEDIRI,KANDAT,CENDONO,KEDIRI
4345024137,,ODP-NDL-FH/18,-7.926589,112.017479,,,7,9,0,0,16,REGIONAL 5,KEDIRI,KEDIRI,NDL,,,2024-03-16 23:24:47,43799,2019,11,NON TITO,,,JAWA TIMUR,0.5625,YELLOW,787678662,AREA 3,JATIM,MADIUN,KEDIRI,,,0,0,0,JAWA TIMUR,KEDIRI,KANDAT,CENDONO,KEDIRI
4345024132,,ODP-NDL-FH/17,-7.926985,112.019778,,,2,6,0,0,8,REGIONAL 5,KEDIRI,KEDIRI,NDL,,,2024-03-16 23:25:10,43799,2019,11,NON TITO,,,JAWA TIMUR,0.75,YELLOW,787678659,AREA 3,JATIM,MADIUN,KEDIRI,,,0,0,0,JAWA TIMUR,KEDIRI,KANDAT,CENDONO,KEDIRI
4345024127,,ODP-NDL-FH/19,-7.926053,112.014348,,,5,11,0,0,16,REGIONAL 5,KEDIRI,KEDIRI,NDL,,,2024-03-16 23:25:12,43799,2019,11,NON TITO,,,JAWA TIMUR,0.6875,YELLOW,787678656,AREA 3,JATIM,MADIUN,KEDIRI,,,0,0,0,JAWA TIMUR,KEDIRI,KANDAT,CENDONO,KEDIRI
4345024117,,ODP-NDL-FH/20,-7.925204,112.009719,,,3,5,0,0,8,REGIONAL 5,KEDIRI,KEDIRI,NDL,,,2024-03-16 23:25:29,43799,2019,11,NON TITO,,,JAWA TIMUR,0.625,YELLOW,787678650,AREA 3,JATIM,MADIUN,KEDIRI,,,0,0,0,JAWA TIMUR,KEDIRI,KANDAT,CENDONO,KEDIRI
4345024011,,ODP-NDL-FF/32,-7.925925,111.981735,,,2,6,0,0,8,REGIONAL 5,KEDIRI,KEDIRI,NDL,,,2024-03-16 23:25:31,43799,2019,11,NON TITO,,,JAWA TIMUR,0.75,YELLOW,787678353,AREA 3,JATIM,MADIUN,KEDIRI,,,0,0,0,JAWA TIMUR,KEDIRI,NGADILUWIH,TALES,KEDIRI
4391371388,,ODP-GUR-FJ/12,-7.777717,112.067898,,,4,4,0,0,8,REGIONAL 5,KEDIRI,KEDIRI,GUR,,,2024-03-16 23:27:40,43805,2019,12,NON TITO,,,JAWA TIMUR,0.5,YELLOW,788130612,AREA 3,JATIM,MADIUN,KEDIRI,,,0,0,0,JAWA TIMUR,KEDIRI,PAGU,TANJUNG,KEDIRI
2437620596,,ODP-PAE-FAD/06,-7.774319,112.133208,,,2,6,0,0,8,REGIONAL 5,KEDIRI,KEDIRI,PAE,,,2024-03-16 23:25:06,43209,2018,4,NON TITO,,,JAWA TIMUR,0.75,YELLOW,353569702,AREA 3,JATIM,MADIUN,KEDIRI,,,0,0,0,JAWA TIMUR,KEDIRI,PARE,SAMBIREJO,KEDIRI
2437620446,,ODP-PAE-FAD/02,-7.772375,112.144579,,,3,5,0,0,8,REGIONAL 5,KEDIRI,KEDIRI,PAE,,,2024-03-16 23:24:24,43209,2018,4,NON TITO,,,JAWA TIMUR,0.625,YELLOW,353569656,AREA 3,JATIM,MADIUN,KEDIRI,,,0,0,0,JAWA TIMUR,KEDIRI,PARE,SAMBIREJO,KEDIRI
2442795431,,ODP-PAE-FQ/27,-7.773522,112.212406,,,2,6,0,0,8,REGIONAL 5,KEDIRI,KEDIRI,PAE,,,2024-03-16 23:25:14,43209,2018,4,NON TITO,,,JAWA TIMUR,0.75,YELLOW,353568445,AREA 3,JATIM,MADIUN,KEDIRI,,,0,0,0,JAWA TIMUR,KEDIRI,PARE,TERTEK,KEDIRI
1345795772,,ODP-NDL-FG/27,-7.893042,111.993551,,,4,4,0,0,8,REGIONAL 5,KEDIRI,KEDIRI,NDL,,,2024-03-16 23:23:26,42835,2017,4,NON TITO,,,JAWA TIMUR,0.5,YELLOW,81208374,AREA 3,JATIM,MADIUN,KEDIRI,,,0,0,0,JAWA TIMUR,KEDIRI,NGADILUWIH,PURWOKERTO,KEDIRI
1339693938,,ODP-MJT-FH/25,-7.850568,111.989221,,,4,4,0,0,8,REGIONAL 5,KEDIRI,KEDIRI,MJT,,,2024-03-16 23:29:06,42825,2017,3,NON TITO,,,JAWA TIMUR,0.5,YELLOW,81167961,AREA 3,JATIM,MADIUN,KEDIRI,,,0,0,0,JAWA TIMUR,KEDIRI,SEMEN,SIDOMULYO,KEDIRI
1339693936,,ODP-MJT-FH/23,-7.852643,111.989316,,,7,9,0,0,16,REGIONAL 5,KEDIRI,KEDIRI,MJT,,,2024-03-16 23:29:01,42825,2017,3,NON TITO,,,JAWA TIMUR,0.5625,YELLOW,81167958,AREA 3,JATIM,MADIUN,KEDIRI,,,0,0,0,JAWA TIMUR,KEDIRI,MOJO,PETOK,KEDIRI
1339693934,,ODP-MJT-FH/21,-7.857299,111.987907,,,7,9,0,0,16,REGIONAL 5,KEDIRI,KEDIRI,MJT,,,2024-03-16 23:26:08,42825,2017,3,NON TITO,,,JAWA TIMUR,0.5625,YELLOW,81167939,AREA 3,JATIM,MADIUN,KEDIRI,,,0,0,0,JAWA TIMUR,KEDIRI,MOJO,PETOK,KEDIRI
1339252386,,ODP-KDI-FS/31,-7.813928,112.020151,,,8,7,0,0,16,REGIONAL 5,KEDIRI,KEDIRI,KDI,,,2024-03-16 23:25:16,42825,2017,3,NON TITO,,,JAWA TIMUR,0.4375,YELLOW,81166544,AREA 3,JATIM,MADIUN,KEDIRI,,,0,0,0,JAWA TIMUR,KOTA KEDIRI,KOTA,DANDANGAN,KEDIRI
1325799751,,ODP-NDL-FD/21,-7.891943,111.958354,,,7,9,0,0,16,REGIONAL 5,KEDIRI,KEDIRI,NDL,,,2024-03-16 23:27:10,42823,2017,3,NON TITO,,,JAWA TIMUR,0.5625,YELLOW,81158759,AREA 3,JATIM,MADIUN,KEDIRI,,,0,0,0,JAWA TIMUR,KEDIRI,MOJO,MOJO,KEDIRI
1325771619,,ODP-MJT-FL/47,-7.810216,112.004719,,,5,11,0,0,16,REGIONAL 5,KEDIRI,KEDIRI,MJT,,,2024-03-16 23:28:27,42817,2017,3,NON TITO,,,JAWA TIMUR,0.6875,YELLOW,79533593,AREA 3,JATIM,MADIUN,KEDIRI,,,0,0,0,JAWA TIMUR,KOTA KEDIRI,MOJOROTO,MOJOROTO,KEDIRI
1322086761,,ODP-MJT-FH/20,-7.833328,111.99783,,,3,5,0,0,8,REGIONAL 5,KEDIRI,KEDIRI,MJT,,,2024-03-16 23:24:14,42810,2017,3,NON TITO,,,JAWA TIMUR,0.625,YELLOW,79505685,AREA 3,JATIM,MADIUN,KEDIRI,,,0,0,0,JAWA TIMUR,KOTA KEDIRI,MOJOROTO,BANJARMLATI,KEDIRI
1322086669,,ODP-NDL-FD/19,-7.873662,111.975516,,,2,6,0,0,8,REGIONAL 5,KEDIRI,KEDIRI,NDL,,,2024-03-16 23:24:25,42810,2017,3,NON TITO,,,JAWA TIMUR,0.75,YELLOW,79505622,AREA 3,JATIM,MADIUN,KEDIRI,,,0,0,0,JAWA TIMUR,KEDIRI,MOJO,SUKOANYAR,KEDIRI
1325775636,,ODP-KDI-FAL/20,-7.814022,112.014325,,,7,9,0,0,16,REGIONAL 5,KEDIRI,KEDIRI,KDI,,,2024-03-16 23:28:24,42817,2017,3,NON TITO,,,JAWA TIMUR,0.5625,YELLOW,79460820,AREA 3,JATIM,MADIUN,KEDIRI,,,0,0,0,JAWA TIMUR,KOTA KEDIRI,KOTA KEDIRI,POCANAN,KEDIRI
1325771504,,ODP-KDI-FAL/21,-7.811793,112.015222,,,5,11,0,0,16,REGIONAL 5,KEDIRI,KEDIRI,KDI,,,2024-03-16 23:27:08,42817,2017,3,NON TITO,,,JAWA TIMUR,0.6875,YELLOW,79458999,AREA 3,JATIM,MADIUN,KEDIRI,,,0,0,0,JAWA TIMUR,KOTA KEDIRI,KOTA,BALOWERTI,KEDIRI
1325771074,,ODP-MJT-FL/48,-7.809301,112.004713,,,8,8,0,0,16,REGIONAL 5,KEDIRI,KEDIRI,MJT,,,2024-03-16 23:28:09,42817,2017,3,NON TITO,,,JAWA TIMUR,0.5,YELLOW,79458800,AREA 3,JATIM,MADIUN,KEDIRI,,,0,0,0,JAWA TIMUR,KOTA KEDIRI,MOJOROTO,MOJOROTO,KEDIRI
1325747432,,ODP-MJT-FB/22,-7.751245,111.959361,,,3,5,0,0,8,REGIONAL 5,KEDIRI,KEDIRI,MJT,,,2024-03-16 23:22:37,42811,2017,3,NON TITO,,,JAWA TIMUR,0.625,YELLOW,79438200,AREA 3,JATIM,MADIUN,KEDIRI,,,0,0,0,JAWA TIMUR,KEDIRI,GROGOL,GROGOL,KEDIRI
1325746434,,ODP-MJT-FB/24,-7.747622,111.960813,,,2,6,0,0,8,REGIONAL 5,KEDIRI,KEDIRI,MJT,,,2024-03-16 23:22:20,42811,2017,3,NON TITO,,,JAWA TIMUR,0.75,YELLOW,79437938,AREA 3,JATIM,MADIUN,KEDIRI,,,0,0,0,JAWA TIMUR,KEDIRI,GROGOL,GROGOL,KEDIRI
1325743916,,ODP-MJT-FB/23,-7.748856,111.960317,,,2,6,0,0,8,REGIONAL 5,KEDIRI,KEDIRI,MJT,,,2024-03-16 23:29:03,42811,2017,3,NON TITO,,,JAWA TIMUR,0.75,YELLOW,79437054,AREA 3,JATIM,MADIUN,KEDIRI,,,0,0,0,JAWA TIMUR,KEDIRI,GROGOL,GROGOL,KEDIRI
1322086571,,ODP-KDI-FU/56,-7.811353,112.063826,,,4,12,0,0,16,REGIONAL 5,KEDIRI,KEDIRI,KDI,,,2024-03-16 23:23:55,42810,2017,3,NON TITO,,,JAWA TIMUR,0.75,YELLOW,79434430,AREA 3,JATIM,MADIUN,KEDIRI,,,0,0,0,JAWA TIMUR,KEDIRI,NGASEM,SUMBEREJO,KEDIRI
1322072663,,ODP-MJT-FP/20,-7.817364,111.989765,,,2,6,0,0,8,REGIONAL 5,KEDIRI,KEDIRI,MJT,,,2024-03-16 23:27:39,42809,2017,3,NON TITO,,,JAWA TIMUR,0.75,YELLOW,79343686,AREA 3,JATIM,MADIUN,KEDIRI,,,0,0,0,JAWA TIMUR,KOTA KEDIRI,MOJOROTO,CAMPUREJO,KEDIRI
1345795785,,ODP-NDL-FG/28,-7.890955,111.994728,,,2,6,0,0,8,REGIONAL 5,KEDIRI,KEDIRI,NDL,,,2024-03-16 23:23:45,42835,2017,4,NON TITO,,,JAWA TIMUR,0.75,YELLOW,81208382,AREA 3,JATIM,MADIUN,KEDIRI,,,0,0,0,JAWA TIMUR,KEDIRI,NGADILUWIH,PURWOKERTO,KEDIRI
1299734567,,ODP-WAT-FP/02,-7.930547,112.220991,,,4,4,0,0,8,REGIONAL 5,KEDIRI,KEDIRI,WAT,,,2024-03-16 23:27:12,42796,2017,3,NON TITO,,,JAWA TIMUR,0.5,YELLOW,79295496,AREA 3,JATIM,MADIUN,KEDIRI,,,0,0,0,JAWA TIMUR,KEDIRI,NGANCAR,SUGIHWARAS,KEDIRI
1325799756,,ODP-NDL-FD/24,-7.894527,111.964547,,,2,6,0,0,8,REGIONAL 5,KEDIRI,KEDIRI,NDL,,,2024-03-16 23:26:50,42823,2017,3,NON TITO,,,JAWA TIMUR,0.75,YELLOW,81454192,AREA 3,JATIM,MADIUN,KEDIRI,,,0,0,0,JAWA TIMUR,KEDIRI,MOJO,MOJO,KEDIRI
1339693935,,ODP-MJT-FH/22,-7.854841,111.988737,,,8,8,0,0,16,REGIONAL 5,KEDIRI,KEDIRI,MJT,,,2024-03-16 23:28:28,42825,2017,3,NON TITO,,,JAWA TIMUR,0.5,YELLOW,81683882,AREA 3,JATIM,MADIUN,KEDIRI,,,0,0,0,JAWA TIMUR,KEDIRI,MOJO,PETOK,KEDIRI
1367830130,,ODP-WAT-FL/29,-7.886858,112.098027,,,3,5,0,0,8,REGIONAL 5,KEDIRI,KEDIRI,WAT,,,2024-03-16 23:22:46,42846,2017,4,NON TITO,,,JAWA TIMUR,0.625,YELLOW,81913976,AREA 3,JATIM,MADIUN,KEDIRI,,,0,0,0,JAWA TIMUR,KEDIRI,WATES,SUMBERAGUNG,KEDIRI
1367830078,,ODP-WAT-FL/28,-7.874568,112.098019,,,4,4,0,0,8,REGIONAL 5,KEDIRI,KEDIRI,WAT,,,2024-03-16 23:22:18,42846,2017,4,NON TITO,,,JAWA TIMUR,0.5,YELLOW,81913943,AREA 3,JATIM,MADIUN,KEDIRI,,,0,0,0,JAWA TIMUR,KEDIRI,GURAH,NGLUMBANG,KEDIRI
1367829024,,ODP-WAT-FC/21,-7.911863,112.085107,,,6,10,0,0,16,REGIONAL 5,KEDIRI,KEDIRI,WAT,,,2024-03-16 23:21:19,42845,2017,4,NON TITO,,,JAWA TIMUR,0.625,YELLOW,81911847,AREA 3,JATIM,MADIUN,KEDIRI,,,0,0,0,JAWA TIMUR,KEDIRI,WATES,POJOK,KEDIRI
1364598681,,ODP-WAT-FD/13,-7.927595,112.111472,,,7,9,0,0,16,REGIONAL 5,KEDIRI,KEDIRI,WAT,,,2024-03-16 23:24:28,42842,2017,4,NON TITO,,,JAWA TIMUR,0.5625,YELLOW,81824127,AREA 3,JATIM,MADIUN,KEDIRI,,,0,0,0,JAWA TIMUR,KEDIRI,WATES,SEGARAN,KEDIRI
1371193567,,ODP-KDI-FZ/61,-7.821682,112.016843,,,5,11,0,0,16,REGIONAL 5,KEDIRI,KEDIRI,KDI,,,2024-03-16 23:28:07,42844,2017,4,NON TITO,,,JAWA TIMUR,0.6875,YELLOW,81771480,AREA 3,JATIM,MADIUN,KEDIRI,,,0,0,0,JAWA TIMUR,KOTA KEDIRI,KOTA,JAGALAN,KEDIRI
1364597134,,ODP-WAT-FN/16,-7.908909,112.128141,,,4,4,0,0,8,REGIONAL 5,KEDIRI,KEDIRI,WAT,,,2024-03-16 23:23:45,42842,2017,4,NON TITO,,,JAWA TIMUR,0.5,YELLOW,81763914,AREA 3,JATIM,MADIUN,KEDIRI,,,0,0,0,JAWA TIMUR,KEDIRI,WATES,JAJAR,KEDIRI
1364596652,,ODP-WAT-FN/19,-7.901388,112.148363,,,9,7,0,0,16,REGIONAL 5,KEDIRI,KEDIRI,WAT,,,2024-03-16 23:24:24,42842,2017,4,NON TITO,,,JAWA TIMUR,0.4375,YELLOW,81763702,AREA 3,JATIM,MADIUN,KEDIRI,,,0,0,0,JAWA TIMUR,KEDIRI,WATES,TEMPUREJO,KEDIRI
1364595588,,ODP-WAT-FN/14,-7.907437,112.123842,,,7,9,0,0,16,REGIONAL 5,KEDIRI,KEDIRI,WAT,,,2024-03-16 23:23:58,42842,2017,4,NON TITO,,,JAWA TIMUR,0.5625,YELLOW,81763315,AREA 3,JATIM,MADIUN,KEDIRI,,,0,0,0,JAWA TIMUR,KEDIRI,WATES,JAJAR,KEDIRI
1364595448,,ODP-WAT-FN/17,-7.900436,112.15188,,,4,4,0,0,8,REGIONAL 5,KEDIRI,KEDIRI,WAT,,,2024-03-16 23:24:20,42842,2017,4,NON TITO,,,JAWA TIMUR,0.5,YELLOW,81763256,AREA 3,JATIM,MADIUN,KEDIRI,,,0,0,0,JAWA TIMUR,KEDIRI,WATES,TEMPUREJO,KEDIRI
1360393877,,ODP-WAT-FA/38,-7.920696,112.112904,,,5,8,3,0,16,REGIONAL 5,KEDIRI,KEDIRI,WAT,,,2024-03-16 23:21:49,42838,2017,4,NON TITO,,,JAWA TIMUR,0.5,YELLOW,81749187,AREA 3,JATIM,MADIUN,KEDIRI,,,0,0,0,JAWA TIMUR,KEDIRI,WATES,GADUNGAN,KEDIRI
1364595731,,ODP-WAT-FD/11,-7.94662,112.084597,,,3,5,0,0,8,REGIONAL 5,KEDIRI,KEDIRI,WAT,,,2024-03-16 23:24:18,42842,2017,4,NON TITO,,,JAWA TIMUR,0.625,YELLOW,81747777,AREA 3,JATIM,MADIUN,KEDIRI,,,0,0,0,JAWA TIMUR,KEDIRI,WATES,DUWET,KEDIRI
1360394598,,ODP-WAT-FA/41,-7.916231,112.115482,,,4,4,0,0,8,REGIONAL 5,KEDIRI,KEDIRI,WAT,,,2024-03-16 23:22:21,42838,2017,4,NON TITO,,,JAWA TIMUR,0.5,YELLOW,81731457,AREA 3,JATIM,MADIUN,KEDIRI,,,0,0,0,JAWA TIMUR,KEDIRI,WATES,GADUNGAN,KEDIRI
1356650518,,ODP-PPR-FE/19,-7.737897,112.094421,,,7,9,0,0,16,REGIONAL 5,KEDIRI,KEDIRI,PPR,,,2024-03-16 23:26:30,42837,2017,4,NON TITO,,,JAWA TIMUR,0.5625,YELLOW,81726838,AREA 3,JATIM,MADIUN,KEDIRI,,,0,0,0,JAWA TIMUR,KEDIRI,KAYEN KIDUL,KAYEN KIDUL,KEDIRI
1356650041,,ODP-PPR-FE/23,-7.726793,112.065305,,,6,10,0,0,16,REGIONAL 5,KEDIRI,KEDIRI,PPR,,,2024-03-16 23:27:23,42837,2017,4,NON TITO,,,JAWA TIMUR,0.625,YELLOW,81726357,AREA 3,JATIM,MADIUN,KEDIRI,,,0,0,0,JAWA TIMUR,KEDIRI,PAPAR,MINGGIRAN,KEDIRI
1356650036,,ODP-PPR-FE/21,-7.728562,112.074694,,,6,10,0,0,16,REGIONAL 5,KEDIRI,KEDIRI,PPR,,,2024-03-16 23:27:18,42837,2017,4,NON TITO,,,JAWA TIMUR,0.625,YELLOW,81726353,AREA 3,JATIM,MADIUN,KEDIRI,,,0,0,0,JAWA TIMUR,KEDIRI,PAPAR,PEHKULON,KEDIRI
1356646100,,ODP-PAE-FU/29,-7.863294,112.2673,,,2,6,0,0,8,REGIONAL 5,KEDIRI,KEDIRI,PAE,,,2024-03-16 23:26:10,42836,2017,4,NON TITO,,,JAWA TIMUR,0.75,YELLOW,81722192,AREA 3,JATIM,MADIUN,KEDIRI,,,0,0,0,JAWA TIMUR,KEDIRI,PUNCU,PUNCU,KEDIRI
1339693937,,ODP-MJT-FH/24,-7.85139,111.989671,,,3,5,0,0,8,REGIONAL 5,KEDIRI,KEDIRI,MJT,,,2024-03-16 23:29:05,42825,2017,3,NON TITO,,,JAWA TIMUR,0.625,YELLOW,81683885,AREA 3,JATIM,MADIUN,KEDIRI,,,0,0,0,JAWA TIMUR,KEDIRI,SEMEN,BULU,KEDIRI
1339253696,,ODP-KDI-FS/29,-7.81617,112.02264,,,6,10,0,0,16,REGIONAL 5,KEDIRI,KEDIRI,KDI,,,2024-03-16 23:25:28,42825,2017,3,NON TITO,,,JAWA TIMUR,0.625,YELLOW,81682610,AREA 3,JATIM,MADIUN,KEDIRI,,,0,0,0,JAWA TIMUR,KOTA KEDIRI,KOTA KEDIRI,NGADIREJO,KEDIRI
1379825997,,ODP-KDI-FV/48,-7.834858,112.051596,,,4,4,0,0,8,REGIONAL 5,KEDIRI,KEDIRI,KDI,,,2024-03-16 23:24:39,42851,2017,4,NON TITO,,,JAWA TIMUR,0.5,YELLOW,113795569,AREA 3,JATIM,MADIUN,KEDIRI,,,0,0,0,JAWA TIMUR,KEDIRI,NGASEM,TUGUREJO,KEDIRI
1293570973,,ODP-WAT-FA/36,-7.914191,112.127705,,,2,6,0,0,8,REGIONAL 5,KEDIRI,KEDIRI,WAT,,,2024-03-16 23:26:22,42793,2017,2,NON TITO,,,JAWA TIMUR,0.75,YELLOW,79276766,AREA 3,JATIM,MADIUN,KEDIRI,,,0,0,0,JAWA TIMUR,KEDIRI,WATES,WATES,KEDIRI
1293570202,,ODP-WAT-FE/15,-7.981195,112.1336,,,2,6,0,0,8,REGIONAL 5,KEDIRI,KEDIRI,WAT,,,2024-03-16 23:25:54,42793,2017,2,NON TITO,,,JAWA TIMUR,0.75,YELLOW,79275977,AREA 3,JATIM,MADIUN,KEDIRI,,,0,0,0,JAWA TIMUR,KEDIRI,NGANCAR,BEDALI,KEDIRI
1219848282,,ODP-KDI-FC/21,-7.809467,112.039996,,,2,6,0,0,8,REGIONAL 5,KEDIRI,KEDIRI,KDI,,,2024-03-16 23:25:02,42773,2017,2,NON TITO,,,JAWA TIMUR,0.75,YELLOW,62521205,AREA 3,JATIM,MADIUN,KEDIRI,,,0,0,0,JAWA TIMUR,KEDIRI,NGASEM,DOKO,KEDIRI
1217743815,,ODP-MJT-FM/49,-7.815154,112.004562,,,3,5,0,0,8,REGIONAL 5,KEDIRI,KEDIRI,MJT,,,2024-03-16 23:22:59,42772,2017,2,NON TITO,,,JAWA TIMUR,0.625,YELLOW,62517640,AREA 3,JATIM,MADIUN,KEDIRI,,,0,0,0,JAWA TIMUR,KOTA KEDIRI,MOJOROTO,BANDAR LOR,KEDIRI
1258694883,,ODP-NDL-FF/19,-7.946705,111.972294,,,2,6,0,0,8,REGIONAL 5,KEDIRI,KEDIRI,NDL,,,2024-03-16 23:26:17,42782,2017,2,NON TITO,,,JAWA TIMUR,0.75,YELLOW,62489191,AREA 3,JATIM,MADIUN,KEDIRI,,,0,0,0,JAWA TIMUR,KEDIRI,KRAS,BANJARANYAR,KEDIRI
1258694671,,ODP-NDL-FF/23,-7.939404,111.969819,,,2,6,0,0,8,REGIONAL 5,KEDIRI,KEDIRI,NDL,,,2024-03-16 23:26:32,42782,2017,2,NON TITO,,,JAWA TIMUR,0.75,YELLOW,62489014,AREA 3,JATIM,MADIUN,KEDIRI,,,0,0,0,JAWA TIMUR,KEDIRI,KRAS,BANJARANYAR,KEDIRI
1258694660,,ODP-NDL-FF/20,-7.945067,111.97284,,,8,8,0,0,16,REGIONAL 5,KEDIRI,KEDIRI,NDL,,,2024-03-16 23:25:46,42782,2017,2,NON TITO,,,JAWA TIMUR,0.5,YELLOW,62489006,AREA 3,JATIM,MADIUN,KEDIRI,,,0,0,0,JAWA TIMUR,KEDIRI,KRAS,BANJARANYAR,KEDIRI
1221118943,,ODP-KDI-FAN/07,-7.808743,112.01771,,,5,11,0,0,16,REGIONAL 5,KEDIRI,KEDIRI,KDI,,,2024-03-16 23:23:26,42774,2017,2,NON TITO,,,JAWA TIMUR,0.6875,YELLOW,62454083,AREA 3,JATIM,MADIUN,KEDIRI,,,0,0,0,JAWA TIMUR,KOTA KEDIRI,KOTA,DANDANGAN,KEDIRI
1223593713,,ODP-PAE-FA/37,-7.76541,112.183394,,,6,10,0,0,16,REGIONAL 5,KEDIRI,KEDIRI,PAE,,,2024-03-16 23:28:11,42773,2017,2,NON TITO,,,JAWA TIMUR,0.625,YELLOW,62452616,AREA 3,JATIM,MADIUN,KEDIRI,,,0,0,0,JAWA TIMUR,KEDIRI,PARE,TULUNGREJO,KEDIRI
1219845877,,ODP-WAT-FL/25,-7.892231,112.112151,,,4,4,0,0,8,REGIONAL 5,KEDIRI,KEDIRI,WAT,,,2024-03-16 23:24:35,42773,2017,2,NON TITO,,,JAWA TIMUR,0.5,YELLOW,62446277,AREA 3,JATIM,MADIUN,KEDIRI,,,0,0,0,JAWA TIMUR,KEDIRI,WATES,PLAOSAN,KEDIRI
1205819240,,ODP-KDI-FZ/46,-7.834398,112.024561,,,2,6,0,0,8,REGIONAL 5,KEDIRI,KEDIRI,KDI,,,2024-03-16 23:22:23,42768,2017,2,NON TITO,,,JAWA TIMUR,0.75,YELLOW,41220335,AREA 3,JATIM,MADIUN,KEDIRI,,,0,0,0,JAWA TIMUR,KOTA KEDIRI,KOTA,KALIOMBO,KEDIRI
1205818819,,ODP-KDI-FZ/59,-7.823451,112.017072,,,9,7,0,0,16,REGIONAL 5,KEDIRI,KEDIRI,KDI,,,2024-03-16 23:22:21,42768,2017,2,NON TITO,,,JAWA TIMUR,0.4375,YELLOW,41220215,AREA 3,JATIM,MADIUN,KEDIRI,,,0,0,0,JAWA TIMUR,KOTA KEDIRI,KOTA,SETONOPANDE,KEDIRI
1205818733,,ODP-KDI-FZ/58,-7.824561,112.016857,,,4,12,0,0,16,REGIONAL 5,KEDIRI,KEDIRI,KDI,,,2024-03-16 23:22:17,42768,2017,2,NON TITO,,,JAWA TIMUR,0.75,YELLOW,41220194,AREA 3,JATIM,MADIUN,KEDIRI,,,0,0,0,JAWA TIMUR,KOTA KEDIRI,KOTA,SETONOPANDE,KEDIRI
1205818703,,ODP-KDI-FZ/50,-7.831264,112.019311,,,5,11,0,0,16,REGIONAL 5,KEDIRI,KEDIRI,KDI,,,2024-03-16 23:21:45,42768,2017,2,NON TITO,,,JAWA TIMUR,0.6875,YELLOW,41220189,AREA 3,JATIM,MADIUN,KEDIRI,,,0,0,0,JAWA TIMUR,KOTA KEDIRI,KOTA,KALIOMBO,KEDIRI
1205819131,,ODP-KDI-FZ/45,-7.834996,112.024667,,,3,5,0,0,8,REGIONAL 5,KEDIRI,KEDIRI,KDI,,,2024-03-16 23:21:19,42768,2017,2,NON TITO,,,JAWA TIMUR,0.625,YELLOW,41079831,AREA 3,JATIM,MADIUN,KEDIRI,,,0,0,0,JAWA TIMUR,KOTA KEDIRI,KOTA,KALIOMBO,KEDIRI
1205819128,,ODP-KDI-FZ/48,-7.833266,112.021309,,,4,12,0,0,16,REGIONAL 5,KEDIRI,KEDIRI,KDI,,,2024-03-16 23:22:16,42768,2017,2,NON TITO,,,JAWA TIMUR,0.75,YELLOW,41079829,AREA 3,JATIM,MADIUN,KEDIRI,,,0,0,0,JAWA TIMUR,KOTA KEDIRI,KOTA,KALIOMBO,KEDIRI
1205819122,,ODP-WAT-FA/33,-7.913309,112.125242,,,3,5,0,0,8,REGIONAL 5,KEDIRI,KEDIRI,WAT,,,2024-03-16 23:22:16,42768,2017,2,NON TITO,,,JAWA TIMUR,0.625,YELLOW,41079825,AREA 3,JATIM,MADIUN,KEDIRI,,,0,0,0,JAWA TIMUR,KEDIRI,WATES,WATES,KEDIRI
1205819020,,ODP-KDI-FZ/52,-7.827135,112.017715,,,3,5,0,0,8,REGIONAL 5,KEDIRI,KEDIRI,KDI,,,2024-03-16 23:22:16,42768,2017,2,NON TITO,,,JAWA TIMUR,0.625,YELLOW,41079779,AREA 3,JATIM,MADIUN,KEDIRI,,,0,0,0,JAWA TIMUR,KOTA KEDIRI,KOTA KEDIRI,SETONO PANDE,KEDIRI
1205819017,,ODP-KDI-FZ/47,-7.834248,112.023633,,,2,6,0,0,8,REGIONAL 5,KEDIRI,KEDIRI,KDI,,,2024-03-16 23:22:22,42768,2017,2,NON TITO,,,JAWA TIMUR,0.75,YELLOW,41079777,AREA 3,JATIM,MADIUN,KEDIRI,,,0,0,0,JAWA TIMUR,KOTA KEDIRI,KOTA,KALIOMBO,KEDIRI
1219848606,,ODP-KDI-FC/20,-7.812192,112.039185,,,3,5,0,0,8,REGIONAL 5,KEDIRI,KEDIRI,KDI,,,2024-03-16 23:25:02,42773,2017,2,NON TITO,,,JAWA TIMUR,0.625,YELLOW,62521398,AREA 3,JATIM,MADIUN,KEDIRI,,,0,0,0,JAWA TIMUR,KEDIRI,NGASEM,DOKO,KEDIRI
1293570314,,ODP-WAT-FA/35,-7.91215,112.126597,,,2,6,0,0,8,REGIONAL 5,KEDIRI,KEDIRI,WAT,,,2024-03-16 23:25:16,42793,2017,2,NON TITO,,,JAWA TIMUR,0.75,YELLOW,79276087,AREA 3,JATIM,MADIUN,KEDIRI,,,0,0,0,JAWA TIMUR,KEDIRI,WATES,WATES,KEDIRI
1219848724,,ODP-WAT-FC/19,-7.928344,112.102796,,,2,6,0,0,8,REGIONAL 5,KEDIRI,KEDIRI,WAT,,,2024-03-16 23:25:00,42773,2017,2,NON TITO,,,JAWA TIMUR,0.75,YELLOW,62521469,AREA 3,JATIM,MADIUN,KEDIRI,,,0,0,0,JAWA TIMUR,KEDIRI,WATES,SEGARAN,KEDIRI
1221120620,,ODP-KDI-FAN/04,-7.811053,112.018139,,,5,11,0,0,16,REGIONAL 5,KEDIRI,KEDIRI,KDI,,,2024-03-16 23:23:06,42774,2017,2,NON TITO,,,JAWA TIMUR,0.6875,YELLOW,62591486,AREA 3,JATIM,MADIUN,KEDIRI,,,0,0,0,JAWA TIMUR,KOTA KEDIRI,KOTA,DANDANGAN,KEDIRI
1293569341,,ODP-WAT-FE/14,-7.977933,112.133612,,,3,5,0,0,8,REGIONAL 5,KEDIRI,KEDIRI,WAT,,,2024-03-16 23:24:41,42793,2017,2,NON TITO,,,JAWA TIMUR,0.625,YELLOW,79275246,AREA 3,JATIM,MADIUN,KEDIRI,,,0,0,0,JAWA TIMUR,KEDIRI,NGANCAR,BEDALI,KEDIRI
1299734582,,ODP-WAT-FP/04,-7.932485,112.178788,,,2,6,0,0,8,REGIONAL 5,KEDIRI,KEDIRI,WAT,,,2024-03-16 23:28:05,42796,2017,3,NON TITO,,,JAWA TIMUR,0.75,YELLOW,70179372,AREA 3,JATIM,MADIUN,KEDIRI,,,0,0,0,JAWA TIMUR,KEDIRI,NGANCAR,NGANCAR,KEDIRI
1299734556,,ODP-WAT-FP/01,-7.92673,112.227926,,,3,5,0,0,8,REGIONAL 5,KEDIRI,KEDIRI,WAT,,,2024-03-16 23:27:59,42796,2017,3,NON TITO,,,JAWA TIMUR,0.625,YELLOW,70179361,AREA 3,JATIM,MADIUN,KEDIRI,,,0,0,0,JAWA TIMUR,KEDIRI,NGANCAR,SUGIHWARAS,KEDIRI
1293569325,,ODP-WAT-FE/13,-7.979897,112.133571,,,3,5,0,0,8,REGIONAL 5,KEDIRI,KEDIRI,WAT,,,2024-03-16 23:24:25,42793,2017,2,NON TITO,,,JAWA TIMUR,0.625,YELLOW,70154837,AREA 3,JATIM,MADIUN,KEDIRI,,,0,0,0,JAWA TIMUR,KEDIRI,NGANCAR,BEDALI,KEDIRI
1287722612,,ODP-MJT-FB/17,-7.742397,111.965097,,,5,11,0,0,16,REGIONAL 5,KEDIRI,KEDIRI,MJT,,,2024-03-16 23:27:56,42789,2017,2,NON TITO,,,JAWA TIMUR,0.6875,YELLOW,70139271,AREA 3,JATIM,MADIUN,KEDIRI,,,0,0,0,JAWA TIMUR,KEDIRI,GROGOL,CERME,KEDIRI
1287722605,,ODP-MJT-FB/16,-7.740872,111.965583,,,2,6,0,0,8,REGIONAL 5,KEDIRI,KEDIRI,MJT,,,2024-03-16 23:29:09,42789,2017,2,NON TITO,,,JAWA TIMUR,0.75,YELLOW,70139264,AREA 3,JATIM,MADIUN,KEDIRI,,,0,0,0,JAWA TIMUR,KEDIRI,GROGOL,CERME,KEDIRI
1281573092,,ODP-MJT-FA/17,-7.721897,111.951958,,,2,6,0,0,8,REGIONAL 5,KEDIRI,KEDIRI,MJT,,,2024-03-16 23:23:45,42788,2017,2,NON TITO,,,JAWA TIMUR,0.75,YELLOW,70132671,AREA 3,JATIM,MADIUN,KEDIRI,,,0,0,0,JAWA TIMUR,KEDIRI,TAROKAN,KALIBOTO,KEDIRI
1281575179,,ODP-MJT-FB/14,-7.744241,111.964529,,,8,8,0,0,16,REGIONAL 5,KEDIRI,KEDIRI,MJT,,,2024-03-16 23:24:01,42788,2017,2,NON TITO,,,JAWA TIMUR,0.5,YELLOW,67367729,AREA 3,JATIM,MADIUN,KEDIRI,,,0,0,0,JAWA TIMUR,KEDIRI,GROGOL,CERME,KEDIRI
1281573069,,ODP-MJT-FA/20,-7.73059,111.949268,,,2,6,0,0,8,REGIONAL 5,KEDIRI,KEDIRI,MJT,,,2024-03-16 23:23:33,42788,2017,2,NON TITO,,,JAWA TIMUR,0.75,YELLOW,67366992,AREA 3,JATIM,MADIUN,KEDIRI,,,0,0,0,JAWA TIMUR,KEDIRI,TAROKAN,KALIBOTO,KEDIRI
1281573056,,ODP-MJT-FA/19,-7.727469,111.950231,,,7,8,0,0,16,REGIONAL 5,KEDIRI,KEDIRI,MJT,,,2024-03-16 23:23:27,42788,2017,2,NON TITO,,,JAWA TIMUR,0.5,YELLOW,67366978,AREA 3,JATIM,MADIUN,KEDIRI,,,0,0,0,JAWA TIMUR,KEDIRI,TAROKAN,KALIBOTO,KEDIRI
1264998615,,ODP-KDI-FAX/03,-7.869898,112.058727,,,2,6,0,0,8,REGIONAL 5,KEDIRI,KEDIRI,KDI,,,2024-03-16 23:22:38,42783,2017,2,NON TITO,,,JAWA TIMUR,0.75,YELLOW,62777891,AREA 3,JATIM,MADIUN,KEDIRI,,,0,0,0,JAWA TIMUR,KEDIRI,WATES,SILIR,KEDIRI
1264998609,,ODP-KDI-FAX/06,-7.872703,112.065125,,,4,4,0,0,8,REGIONAL 5,KEDIRI,KEDIRI,KDI,,,2024-03-16 23:22:25,42783,2017,2,NON TITO,,,JAWA TIMUR,0.5,YELLOW,62777887,AREA 3,JATIM,MADIUN,KEDIRI,,,0,0,0,JAWA TIMUR,KEDIRI,WATES,SILIR,KEDIRI
1258693883,,ODP-NDL-FF/21,-7.943049,111.973565,,,4,12,0,0,16,REGIONAL 5,KEDIRI,KEDIRI,NDL,,,2024-03-16 23:25:29,42782,2017,2,NON TITO,,,JAWA TIMUR,0.75,YELLOW,62768366,AREA 3,JATIM,MADIUN,KEDIRI,,,0,0,0,JAWA TIMUR,KEDIRI,KRAS,BANJARANYAR,KEDIRI
1258693628,,ODP-NDL-FF/24,-7.938577,111.968225,,,6,10,0,0,16,REGIONAL 5,KEDIRI,KEDIRI,NDL,,,2024-03-16 23:25:01,42782,2017,2,NON TITO,,,JAWA TIMUR,0.625,YELLOW,62768265,AREA 3,JATIM,MADIUN,KEDIRI,,,0,0,0,JAWA TIMUR,KEDIRI,KRAS,BANJARANYAR,KEDIRI
1229819164,,ODP-KDI-FX/62,-7.854616,112.025711,,,6,10,0,0,16,REGIONAL 5,KEDIRI,KEDIRI,KDI,,,2024-03-16 23:28:12,42775,2017,2,NON TITO,,,JAWA TIMUR,0.625,YELLOW,62742591,AREA 3,JATIM,MADIUN,KEDIRI,,,0,0,0,JAWA TIMUR,KOTA KEDIRI,KOTA,REJOMULYO,KEDIRI
1221120956,,ODP-KDI-FAN/09,-7.809534,112.021271,,,6,10,0,0,16,REGIONAL 5,KEDIRI,KEDIRI,KDI,,,2024-03-16 23:24:11,42774,2017,2,NON TITO,,,JAWA TIMUR,0.625,YELLOW,62591617,AREA 3,JATIM,MADIUN,KEDIRI,,,0,0,0,JAWA TIMUR,KOTA KEDIRI,KOTA,DANDANGAN,KEDIRI
1221120953,,ODP-KDI-FAN/06,-7.810347,112.019483,,,3,5,0,0,8,REGIONAL 5,KEDIRI,KEDIRI,KDI,,,2024-03-16 23:24:09,42774,2017,2,NON TITO,,,JAWA TIMUR,0.625,YELLOW,62591615,AREA 3,JATIM,MADIUN,KEDIRI,,,0,0,0,JAWA TIMUR,KOTA KEDIRI,KOTA,DANDANGAN,KEDIRI
1219848860,,ODP-WAT-FM/19,-7.877377,112.115095,,,5,11,0,0,16,REGIONAL 5,KEDIRI,KEDIRI,WAT,,,2024-03-16 23:25:11,42773,2017,2,NON TITO,,,JAWA TIMUR,0.6875,YELLOW,62521549,AREA 3,JATIM,MADIUN,KEDIRI,,,0,0,0,JAWA TIMUR,KEDIRI,PLOSOKLATEN,GONDANG,KEDIRI
1379828301,,ODP-WAT-FF/10,-7.939926,112.132516,,,9,7,0,0,16,REGIONAL 5,KEDIRI,KEDIRI,WAT,,,2024-03-16 23:24:52,42851,2017,4,NON TITO,,,JAWA TIMUR,0.4375,YELLOW,113797465,AREA 3,JATIM,MADIUN,KEDIRI,,,0,0,0,JAWA TIMUR,KEDIRI,NGANCAR,KUNJANG,KEDIRI
1385893618,,ODP-WAT-FM/23,-7.868506,112.143002,,,4,4,0,0,8,REGIONAL 5,KEDIRI,KEDIRI,WAT,,,2024-03-16 23:26:59,42851,2017,4,NON TITO,,,JAWA TIMUR,0.5,YELLOW,113798558,AREA 3,JATIM,MADIUN,KEDIRI,,,0,0,0,JAWA TIMUR,KEDIRI,PLOSOKLATEN,JARAK,KEDIRI
1383418808,,ODP-GUR-FC/09,-7.813564,112.099477,,,3,5,0,0,8,REGIONAL 5,KEDIRI,KEDIRI,GUR,,,2024-03-16 23:21:44,42852,2017,4,NON TITO,,,JAWA TIMUR,0.625,YELLOW,113799516,AREA 3,JATIM,MADIUN,KEDIRI,,,0,0,0,JAWA TIMUR,KEDIRI,GURAH,SUMBERCANGKRING,KEDIRI
1841597151,,ODP-PPR-FH/10,-7.701308,112.140643,,,4,4,0,0,8,REGIONAL 5,KEDIRI,KEDIRI,PPR,,,2024-03-16 23:26:28,42999,2017,9,NON TITO,,,JAWA TIMUR,0.5,YELLOW,206564159,AREA 3,JATIM,MADIUN,KEDIRI,,,0,0,0,JAWA TIMUR,KEDIRI,PLEMAHAN,NGINO,KEDIRI
1840769767,,ODP-KDI-FE/17,-7.798999,112.044449,,,3,5,0,0,8,REGIONAL 5,KEDIRI,KEDIRI,KDI,,,2024-03-16 23:24:45,42999,2017,9,NON TITO,,,JAWA TIMUR,0.625,YELLOW,206562869,AREA 3,JATIM,MADIUN,KEDIRI,,,0,0,0,JAWA TIMUR,KEDIRI,NGASEM,NGASEM,KEDIRI
1840769119,,ODP-KDI-FE/18,-7.798964,112.044206,,,4,4,0,0,8,REGIONAL 5,KEDIRI,KEDIRI,KDI,,,2024-03-16 23:24:49,42999,2017,9,NON TITO,,,JAWA TIMUR,0.5,YELLOW,206489453,AREA 3,JATIM,MADIUN,KEDIRI,,,0,0,0,JAWA TIMUR,KEDIRI,NGASEM,NGASEM,KEDIRI
1796668904,,ODP-MJT-FV/20,-7.828742,111.979626,,,3,5,0,0,8,REGIONAL 5,KEDIRI,KEDIRI,MJT,,,2024-03-16 23:27:22,42985,2017,9,NON TITO,,,JAWA TIMUR,0.625,YELLOW,193527590,AREA 3,JATIM,MADIUN,KEDIRI,,,0,0,0,JAWA TIMUR,KEDIRI,SEMEN,SEMEN,KEDIRI
1790223173,,ODP-MJT-FV/12,-7.828462,111.98334,,,2,6,0,0,8,REGIONAL 5,KEDIRI,KEDIRI,MJT,,,2024-03-16 23:29:20,42984,2017,9,NON TITO,,,JAWA TIMUR,0.75,YELLOW,193522069,AREA 3,JATIM,MADIUN,KEDIRI,,,0,0,0,JAWA TIMUR,KEDIRI,SEMEN,SEMEN,KEDIRI
1790222700,,ODP-MJT-FU/12,-7.829537,111.959979,,,4,4,0,0,8,REGIONAL 5,KEDIRI,KEDIRI,MJT,,,2024-03-16 23:29:17,42984,2017,9,NON TITO,,,JAWA TIMUR,0.5,YELLOW,193521931,AREA 3,JATIM,MADIUN,KEDIRI,,,0,0,0,JAWA TIMUR,KEDIRI,SEMEN,TITIK,KEDIRI
1796669284,,ODP-MJT-FV/17,-7.831688,111.980479,,,2,6,0,0,8,REGIONAL 5,KEDIRI,KEDIRI,MJT,,,2024-03-16 23:28:15,42985,2017,9,NON TITO,,,JAWA TIMUR,0.75,YELLOW,193318615,AREA 3,JATIM,MADIUN,KEDIRI,,,0,0,0,JAWA TIMUR,KEDIRI,SEMEN,SEMEN,KEDIRI
1796669007,,ODP-MJT-FV/18,-7.82861,111.981051,,,3,5,0,0,8,REGIONAL 5,KEDIRI,KEDIRI,MJT,,,2024-03-16 23:27:16,42985,2017,9,NON TITO,,,JAWA TIMUR,0.625,YELLOW,193318490,AREA 3,JATIM,MADIUN,KEDIRI,,,0,0,0,JAWA TIMUR,KEDIRI,SEMEN,SEMEN,KEDIRI
1796668909,,ODP-MJT-FV/22,-7.828969,111.977406,,,3,5,0,0,8,REGIONAL 5,KEDIRI,KEDIRI,MJT,,,2024-03-16 23:28:21,42985,2017,9,NON TITO,,,JAWA TIMUR,0.625,YELLOW,193318449,AREA 3,JATIM,MADIUN,KEDIRI,,,0,0,0,JAWA TIMUR,KEDIRI,SEMEN,SEMEN,KEDIRI
1790223115,,ODP-MJT-FU/09,-7.83358,111.950234,,,3,5,0,0,8,REGIONAL 5,KEDIRI,KEDIRI,MJT,,,2024-03-16 23:29:14,42984,2017,9,NON TITO,,,JAWA TIMUR,0.625,YELLOW,193315158,AREA 3,JATIM,MADIUN,KEDIRI,,,0,0,0,JAWA TIMUR,KEDIRI,SEMEN,PUHSARANG,KEDIRI
1790223112,,ODP-MJT-FU/11,-7.832133,111.955638,,,2,6,0,0,8,REGIONAL 5,KEDIRI,KEDIRI,MJT,,,2024-03-16 23:29:03,42984,2017,9,NON TITO,,,JAWA TIMUR,0.75,YELLOW,193315156,AREA 3,JATIM,MADIUN,KEDIRI,,,0,0,0,JAWA TIMUR,KEDIRI,SEMEN,PUHSARANG,KEDIRI
1790222763,,ODP-MJT-FV/15,-7.828584,111.981419,,,2,6,0,0,8,REGIONAL 5,KEDIRI,KEDIRI,MJT,,,2024-03-16 23:29:06,42984,2017,9,NON TITO,,,JAWA TIMUR,0.75,YELLOW,193315045,AREA 3,JATIM,MADIUN,KEDIRI,,,0,0,0,JAWA TIMUR,KEDIRI,SEMEN,SEMEN,KEDIRI
1729323364,,ODP-NDL-FA/66,-7.900339,111.979913,,,9,7,0,0,16,REGIONAL 5,KEDIRI,KEDIRI,NDL,,,2024-03-16 23:24:39,42972,2017,8,NON TITO,,,JAWA TIMUR,0.4375,YELLOW,188194048,AREA 3,JATIM,MADIUN,KEDIRI,,,0,0,0,JAWA TIMUR,KEDIRI,NGADILUWIH,BANGGLE,KEDIRI
1729323032,,ODP-NDL-FA/67,-7.89702,111.980916,,,3,5,0,0,8,REGIONAL 5,KEDIRI,KEDIRI,NDL,,,2024-03-16 23:24:45,42972,2017,8,NON TITO,,,JAWA TIMUR,0.625,YELLOW,188193952,AREA 3,JATIM,MADIUN,KEDIRI,,,0,0,0,JAWA TIMUR,KEDIRI,NGADILUWIH,NGADILUWIH,KEDIRI
1729323037,,ODP-NDL-FA/65,-7.900332,111.976538,,,4,4,0,0,8,REGIONAL 5,KEDIRI,KEDIRI,NDL,,,2024-03-16 23:24:20,42972,2017,8,NON TITO,,,JAWA TIMUR,0.5,YELLOW,188046284,AREA 3,JATIM,MADIUN,KEDIRI,,,0,0,0,JAWA TIMUR,KEDIRI,NGADILUWIH,BANGGLE,KEDIRI
1709143784,,ODP-PAE-FT/14,-7.769418,112.160418,,,6,10,0,0,16,REGIONAL 5,KEDIRI,KEDIRI,PAE,,,2024-03-16 23:23:00,42968,2017,8,NON TITO,,,JAWA TIMUR,0.625,YELLOW,187516745,AREA 3,JATIM,MADIUN,KEDIRI,,,0,0,0,JAWA TIMUR,KEDIRI,PARE,DARUNGAN,KEDIRI
1638794729,,ODP-KDI-FN/10,-7.771884,112.034393,,,3,5,0,0,8,REGIONAL 5,KEDIRI,KEDIRI,KDI,,,2024-03-16 23:22:27,42944,2017,7,NON TITO,,,JAWA TIMUR,0.625,YELLOW,179722716,AREA 3,JATIM,MADIUN,KEDIRI,,,0,0,0,JAWA TIMUR,KEDIRI,GAMPENGREJO,SAMBIRESIK,KEDIRI
1857269202,,ODP-WAT-FC/25,-7.919865,112.069828,,,4,4,0,0,8,REGIONAL 5,KEDIRI,KEDIRI,WAT,,,2024-03-16 23:23:50,43003,2017,9,NON TITO,,,JAWA TIMUR,0.5,YELLOW,212650505,AREA 3,JATIM,MADIUN,KEDIRI,,,0,0,0,JAWA TIMUR,KEDIRI,KANDAT,NGLETIH,KEDIRI
1622824359,,ODP-WAT-FL/32,-7.889822,112.082913,,,2,6,0,0,8,REGIONAL 5,KEDIRI,KEDIRI,WAT,,,2024-03-16 23:24:19,42942,2017,7,NON TITO,,,JAWA TIMUR,0.75,YELLOW,179646811,AREA 3,JATIM,MADIUN,KEDIRI,,,0,0,0,JAWA TIMUR,KEDIRI,WATES,PAGU,KEDIRI
1857269581,,ODP-WAT-FA/47,-7.921539,112.126848,,,2,6,0,0,8,REGIONAL 5,KEDIRI,KEDIRI,WAT,,,2024-03-16 23:23:54,43003,2017,9,NON TITO,,,JAWA TIMUR,0.75,YELLOW,212650746,AREA 3,JATIM,MADIUN,KEDIRI,,,0,0,0,JAWA TIMUR,KEDIRI,WATES,TAWANG,KEDIRI
1857269948,,ODP-WAT-FA/50,-7.919057,112.127545,,,2,6,0,0,8,REGIONAL 5,KEDIRI,KEDIRI,WAT,,,2024-03-16 23:23:57,43003,2017,9,NON TITO,,,JAWA TIMUR,0.75,YELLOW,212650984,AREA 3,JATIM,MADIUN,KEDIRI,,,0,0,0,JAWA TIMUR,KEDIRI,WATES,TAWANG,KEDIRI
1934669405,,ODP-KDI-FW/42,-7.828989,112.034331,,,1,6,0,0,8,REGIONAL 5,KEDIRI,KEDIRI,KDI,,,2024-03-16 23:27:13,43034,2017,10,NON TITO,,,JAWA TIMUR,0.75,YELLOW,241378541,AREA 3,JATIM,MADIUN,KEDIRI,,,0,0,0,JAWA TIMUR,KOTA KEDIRI,PESANTREN,BANGSAL,KEDIRI
1938794684,,ODP-KDI-FAS/30,-7.808953,112.032759,,,8,8,0,0,16,REGIONAL 5,KEDIRI,KEDIRI,KDI,,,2024-03-16 23:26:28,43032,2017,10,NON TITO,,,JAWA TIMUR,0.5,YELLOW,238611058,AREA 3,JATIM,MADIUN,KEDIRI,,,0,0,0,JAWA TIMUR,KEDIRI,NGASEM,SUKOREJO,KEDIRI
1938794150,,ODP-KDI-FAS/26,-7.809589,112.030515,,,3,5,0,0,8,REGIONAL 5,KEDIRI,KEDIRI,KDI,,,2024-03-16 23:26:26,43032,2017,10,NON TITO,,,JAWA TIMUR,0.625,YELLOW,238610751,AREA 3,JATIM,MADIUN,KEDIRI,,,0,0,0,JAWA TIMUR,KEDIRI,NGASEM,SUKOREJO,KEDIRI
1918846280,,ODP-GUR-FG/01,-7.751899,112.105877,,,4,4,0,0,8,REGIONAL 5,KEDIRI,KEDIRI,GUR,,,2024-03-16 23:25:38,43028,2017,10,NON TITO,,,JAWA TIMUR,0.5,YELLOW,238524028,AREA 3,JATIM,MADIUN,KEDIRI,,,0,0,0,JAWA TIMUR,KEDIRI,KAYEN KIDUL,MUKUH,KEDIRI
1908198067,,ODP-MJT-FJ/27,-7.813159,111.993238,,,2,6,0,0,8,REGIONAL 5,KEDIRI,KEDIRI,MJT,,,2024-03-16 23:23:57,43026,2017,10,NON TITO,,,JAWA TIMUR,0.75,YELLOW,238290775,AREA 3,JATIM,MADIUN,KEDIRI,,,0,0,0,JAWA TIMUR,KOTA KEDIRI,MOJOROTO,SUKORAME,KEDIRI
1908197297,,ODP-KDI-FAS/23,-7.808646,112.032858,,,4,4,0,0,8,REGIONAL 5,KEDIRI,KEDIRI,KDI,,,2024-03-16 23:24:40,43026,2017,10,NON TITO,,,JAWA TIMUR,0.5,YELLOW,238290476,AREA 3,JATIM,MADIUN,KEDIRI,,,0,0,0,JAWA TIMUR,KEDIRI,NGASEM,SUKOREJO,KEDIRI
1908196933,,ODP-MJT-FJ/29,-7.818359,111.987786,,,2,6,0,0,8,REGIONAL 5,KEDIRI,KEDIRI,MJT,,,2024-03-16 23:24:38,43026,2017,10,NON TITO,,,JAWA TIMUR,0.75,YELLOW,238290367,AREA 3,JATIM,MADIUN,KEDIRI,,,0,0,0,JAWA TIMUR,KOTA KEDIRI,MOJOROTO,CAMPUREJO,KEDIRI
1908197038,,ODP-MJT-FJ/28,-7.81228,111.992426,,,6,10,0,0,16,REGIONAL 5,KEDIRI,KEDIRI,MJT,,,2024-03-16 23:21:04,43026,2017,10,NON TITO,,,JAWA TIMUR,0.625,YELLOW,238277424,AREA 3,JATIM,MADIUN,KEDIRI,,,0,0,0,JAWA TIMUR,KOTA KEDIRI,MOJOROTO,SUKORAME,KEDIRI
1892894783,,ODP-NDL-FC/05,-7.908556,112.013422,,,2,6,0,0,8,REGIONAL 5,KEDIRI,KEDIRI,NDL,,,2024-03-16 23:22:46,43017,2017,10,NON TITO,,,JAWA TIMUR,0.75,YELLOW,238228331,AREA 3,JATIM,MADIUN,KEDIRI,,,0,0,0,JAWA TIMUR,KEDIRI,NGADILUWIH,DUKUH,KEDIRI
1892894174,,ODP-NDL-FC/06,-7.9059,112.013128,,,2,6,0,0,8,REGIONAL 5,KEDIRI,KEDIRI,NDL,,,2024-03-16 23:22:27,43017,2017,10,NON TITO,,,JAWA TIMUR,0.75,YELLOW,238227972,AREA 3,JATIM,MADIUN,KEDIRI,,,0,0,0,JAWA TIMUR,KEDIRI,NGADILUWIH,DUKUH,KEDIRI
1907294296,,ODP-GUR-FM/02,-7.795164,112.070666,,,4,12,0,0,16,REGIONAL 5,KEDIRI,KEDIRI,GUR,,,2024-03-16 23:28:10,43020,2017,10,NON TITO,,,JAWA TIMUR,0.75,YELLOW,238192190,AREA 3,JATIM,MADIUN,KEDIRI,,,0,0,0,JAWA TIMUR,KEDIRI,PAGU,BULUPASAR,KEDIRI
1859144557,,ODP-MJT-FX/14,-7.829923,111.995823,,,2,6,0,0,8,REGIONAL 5,KEDIRI,KEDIRI,MJT,,,2024-03-16 23:25:13,43004,2017,9,NON TITO,,,JAWA TIMUR,0.75,YELLOW,217662305,AREA 3,JATIM,MADIUN,KEDIRI,,,0,0,0,JAWA TIMUR,KOTA KEDIRI,MOJOROTO,LIRBOYO,KEDIRI
1870619682,,ODP-MJT-FB/26,-7.747179,111.969009,,,2,6,0,0,8,REGIONAL 5,KEDIRI,KEDIRI,MJT,,,2024-03-16 23:28:40,43007,2017,9,NON TITO,,,JAWA TIMUR,0.75,YELLOW,212671351,AREA 3,JATIM,MADIUN,KEDIRI,,,0,0,0,JAWA TIMUR,KEDIRI,GROGOL,WONOASRI,KEDIRI
1859148475,,ODP-MJT-FV/31,-7.82848,111.968547,,,4,4,0,0,8,REGIONAL 5,KEDIRI,KEDIRI,MJT,,,2024-03-16 23:26:48,43005,2017,9,NON TITO,,,JAWA TIMUR,0.5,YELLOW,212664777,AREA 3,JATIM,MADIUN,KEDIRI,,,0,0,0,JAWA TIMUR,KEDIRI,SEMEN,SEMEN,KEDIRI
1859148141,,ODP-MJT-FV/40,-7.829159,111.967023,,,4,4,0,0,8,REGIONAL 5,KEDIRI,KEDIRI,MJT,,,2024-03-16 23:26:45,43005,2017,9,NON TITO,,,JAWA TIMUR,0.5,YELLOW,212664570,AREA 3,JATIM,MADIUN,KEDIRI,,,0,0,0,JAWA TIMUR,KEDIRI,SEMEN,SEMEN,KEDIRI
1859148002,,ODP-MJT-FV/26,-7.828821,111.967958,,,2,6,0,0,8,REGIONAL 5,KEDIRI,KEDIRI,MJT,,,2024-03-16 23:26:44,43005,2017,9,NON TITO,,,JAWA TIMUR,0.75,YELLOW,212664481,AREA 3,JATIM,MADIUN,KEDIRI,,,0,0,0,JAWA TIMUR,KEDIRI,SEMEN,SEMEN,KEDIRI
1857270132,,ODP-WAT-FA/51,-7.918386,112.127722,,,3,5,0,0,8,REGIONAL 5,KEDIRI,KEDIRI,WAT,,,2024-03-16 23:21:09,43003,2017,9,NON TITO,,,JAWA TIMUR,0.625,YELLOW,212651101,AREA 3,JATIM,MADIUN,KEDIRI,,,0,0,0,JAWA TIMUR,KEDIRI,WATES,WATES,KEDIRI
1857269767,,ODP-WAT-FA/43,-7.926261,112.125872,,,2,6,0,0,8,REGIONAL 5,KEDIRI,KEDIRI,WAT,,,2024-03-16 23:23:03,43003,2017,9,NON TITO,,,JAWA TIMUR,0.75,YELLOW,212650865,AREA 3,JATIM,MADIUN,KEDIRI,,,0,0,0,JAWA TIMUR,KEDIRI,WATES,TAWANG,KEDIRI
1607821586,,ODP-MJT-FG/31,-7.782113,111.997848,,,2,6,0,0,8,REGIONAL 5,KEDIRI,KEDIRI,MJT,,,2024-03-16 23:24:14,42935,2017,7,NON TITO,,,JAWA TIMUR,0.75,YELLOW,179536869,AREA 3,JATIM,MADIUN,KEDIRI,,,0,0,0,JAWA TIMUR,KOTA KEDIRI,MOJOROTO,MRICAN,KEDIRI
1597545201,,ODP-PPR-FD/30,-7.629996,112.144274,,,2,6,0,0,8,REGIONAL 5,KEDIRI,KEDIRI,PPR,,,2024-03-16 23:25:06,42927,2017,7,NON TITO,,,JAWA TIMUR,0.75,YELLOW,179500632,AREA 3,JATIM,MADIUN,KEDIRI,,,0,0,0,JAWA TIMUR,KEDIRI,PURWOASRI,KLAMPITAN,KEDIRI
1596126161,,ODP-PPR-FD/27,-7.64983,112.113525,,,6,10,0,0,16,REGIONAL 5,KEDIRI,KEDIRI,PPR,,,2024-03-16 23:23:23,42927,2017,7,NON TITO,,,JAWA TIMUR,0.625,YELLOW,179498141,AREA 3,JATIM,MADIUN,KEDIRI,,,0,0,0,JAWA TIMUR,KEDIRI,PURWOASRI,PANDANSARI,KEDIRI
1461657739,,ODP-SBI-FA/03,-7.976008,112.030649,,,5,11,0,0,16,REGIONAL 5,KEDIRI,KEDIRI,SBI,,,2024-03-16 23:23:04,42872,2017,5,NON TITO,,,JAWA TIMUR,0.6875,YELLOW,129774378,AREA 3,JATIM,MADIUN,KEDIRI,,,0,0,0,JAWA TIMUR,KEDIRI,RINGINREJO,SUSUHBANGO,KEDIRI
1461657500,,ODP-SBI-FA/02,-7.973219,112.028944,,,6,10,0,0,16,REGIONAL 5,KEDIRI,KEDIRI,SBI,,,2024-03-16 23:22:06,42872,2017,5,NON TITO,,,JAWA TIMUR,0.625,YELLOW,129774297,AREA 3,JATIM,MADIUN,KEDIRI,,,0,0,0,JAWA TIMUR,KEDIRI,RINGINREJO,SUSUHBANGO,KEDIRI
1461657207,,ODP-SBI-FA/01,-7.970175,112.027603,,,4,12,0,0,16,REGIONAL 5,KEDIRI,KEDIRI,SBI,,,2024-03-16 23:23:07,42872,2017,5,NON TITO,,,JAWA TIMUR,0.75,YELLOW,129774167,AREA 3,JATIM,MADIUN,KEDIRI,,,0,0,0,JAWA TIMUR,KEDIRI,RINGINREJO,SUSUHBANGO,KEDIRI
1446793675,,ODP-KDI-FE/16,-7.799263,112.045081,,,2,6,0,0,8,REGIONAL 5,KEDIRI,KEDIRI,KDI,,,2024-03-16 23:23:59,42865,2017,5,NON TITO,,,JAWA TIMUR,0.75,YELLOW,129684809,AREA 3,JATIM,MADIUN,KEDIRI,,,0,0,0,JAWA TIMUR,KEDIRI,NGASEM,NGASEM,KEDIRI
1461651396,,ODP-MJT-FZ/27,-7.827198,112.004346,,,2,6,0,0,8,REGIONAL 5,KEDIRI,KEDIRI,MJT,,,2024-03-16 23:29:08,42871,2017,5,NON TITO,,,JAWA TIMUR,0.75,YELLOW,127529537,AREA 3,JATIM,MADIUN,KEDIRI,,,0,0,0,JAWA TIMUR,KOTA KEDIRI,MOJOROTO,BANDAR LOR,KEDIRI
1446793690,,ODP-MJT-FG/30,-7.77609,111.987697,,,2,5,0,0,8,REGIONAL 5,KEDIRI,KEDIRI,MJT,,,2024-03-16 23:23:45,42865,2017,5,NON TITO,,,JAWA TIMUR,0.625,YELLOW,127510597,AREA 3,JATIM,MADIUN,KEDIRI,,,0,0,0,JAWA TIMUR,KEDIRI,BANYAKAN,MANYARAN,KEDIRI
1424443820,,ODP-WAT-FM/24,-7.894039,112.140726,,,4,4,0,0,8,REGIONAL 5,KEDIRI,KEDIRI,WAT,,,2024-03-16 23:28:14,42863,2017,5,NON TITO,,,JAWA TIMUR,0.5,YELLOW,126321530,AREA 3,JATIM,MADIUN,KEDIRI,,,0,0,0,JAWA TIMUR,KEDIRI,WATES,TEMPUREJO,KEDIRI
1379847422,,ODP-GUR-FE/14,-7.800554,112.098999,,,7,9,0,0,16,REGIONAL 5,KEDIRI,KEDIRI,GUR,,,2024-03-16 23:22:06,42857,2017,5,NON TITO,,,JAWA TIMUR,0.5625,YELLOW,123691748,AREA 3,JATIM,MADIUN,KEDIRI,,,0,0,0,JAWA TIMUR,KEDIRI,GURAH,GEMPOLAN,KEDIRI
1379847252,,ODP-GUR-FE/15,-7.802769,112.095589,,,3,5,0,0,8,REGIONAL 5,KEDIRI,KEDIRI,GUR,,,2024-03-16 23:21:18,42857,2017,5,NON TITO,,,JAWA TIMUR,0.625,YELLOW,123422543,AREA 3,JATIM,MADIUN,KEDIRI,,,0,0,0,JAWA TIMUR,KEDIRI,GURAH,KERKEP,KEDIRI
1379841960,,ODP-WAT-FK/05,-7.891873,112.073554,,,2,6,0,0,8,REGIONAL 5,KEDIRI,KEDIRI,WAT,,,2024-03-16 23:28:41,42857,2017,5,NON TITO,,,JAWA TIMUR,0.75,YELLOW,123420355,AREA 3,JATIM,MADIUN,KEDIRI,,,0,0,0,JAWA TIMUR,KEDIRI,WATES,PAGU,KEDIRI
1379841281,,ODP-WAT-FP/05,-7.936395,112.188054,,,3,5,0,0,8,REGIONAL 5,KEDIRI,KEDIRI,WAT,,,2024-03-16 23:28:29,42857,2017,5,NON TITO,,,JAWA TIMUR,0.625,YELLOW,123419899,AREA 3,JATIM,MADIUN,KEDIRI,,,0,0,0,JAWA TIMUR,KEDIRI,NGANCAR,NGANCAR,KEDIRI
1379841236,,ODP-KDI-FT/15,-7.831033,112.098105,,,4,4,0,0,8,REGIONAL 5,KEDIRI,KEDIRI,KDI,,,2024-03-16 23:27:10,42857,2017,5,NON TITO,,,JAWA TIMUR,0.5,YELLOW,123419869,AREA 3,JATIM,MADIUN,KEDIRI,,,0,0,0,JAWA TIMUR,KEDIRI,GURAH,BESUK,KEDIRI
1379841219,,ODP-KDI-FT/14,-7.827771,112.093619,,,4,4,0,0,8,REGIONAL 5,KEDIRI,KEDIRI,KDI,,,2024-03-16 23:28:14,42857,2017,5,NON TITO,,,JAWA TIMUR,0.5,YELLOW,123419857,AREA 3,JATIM,MADIUN,KEDIRI,,,0,0,0,JAWA TIMUR,KEDIRI,GURAH,BANYUANYAR,KEDIRI
1379837791,,ODP-WAT-FN/21,-7.90486,112.137023,,,4,4,0,0,8,REGIONAL 5,KEDIRI,KEDIRI,WAT,,,2024-03-16 23:27:42,42853,2017,4,NON TITO,,,JAWA TIMUR,0.5,YELLOW,123410176,AREA 3,JATIM,MADIUN,KEDIRI,,,0,0,0,JAWA TIMUR,KEDIRI,WATES,TUNGE,KEDIRI
1385893575,,ODP-WAT-FM/22,-7.86528,112.13599,,,4,4,0,0,8,REGIONAL 5,KEDIRI,KEDIRI,WAT,,,2024-03-16 23:26:59,42851,2017,4,NON TITO,,,JAWA TIMUR,0.5,YELLOW,123402090,AREA 3,JATIM,MADIUN,KEDIRI,,,0,0,0,JAWA TIMUR,KEDIRI,PLOSOKLATEN,JARAK,KEDIRI
1379823862,,ODP-MJT-FM/50,-7.814251,112.005542,,,9,7,0,0,16,REGIONAL 5,KEDIRI,KEDIRI,MJT,,,2024-03-16 23:24:17,42850,2017,4,NON TITO,,,JAWA TIMUR,0.4375,YELLOW,123394332,AREA 3,JATIM,MADIUN,KEDIRI,,,0,0,0,JAWA TIMUR,KOTA KEDIRI,MOJOROTO,BANDAR LOR,KEDIRI
1383418851,,ODP-KDI-FT/16,-7.82,112.080085,,,4,4,0,0,8,REGIONAL 5,KEDIRI,KEDIRI,KDI,,,2024-03-16 23:22:38,42852,2017,4,NON TITO,,,JAWA TIMUR,0.5,YELLOW,113799948,AREA 3,JATIM,MADIUN,KEDIRI,,,0,0,0,JAWA TIMUR,KEDIRI,GURAH,WONOJOYO,KEDIRI
1506343587,,ODP-KDI-FZ/63,-7.827479,112.023221,,,7,9,0,0,16,REGIONAL 5,KEDIRI,KEDIRI,KDI,,,2024-03-16 23:21:02,42888,2017,6,NON TITO,,,JAWA TIMUR,0.5625,YELLOW,156187176,AREA 3,JATIM,MADIUN,KEDIRI,,,0,0,0,JAWA TIMUR,KOTA KEDIRI,PESANTREN,BURENGAN,KEDIRI
1511686996,,ODP-SBI-FE/09,-7.993765,112.036822,,,8,8,0,0,16,REGIONAL 5,KEDIRI,KEDIRI,SBI,,,2024-03-16 23:28:11,42892,2017,6,NON TITO,,,JAWA TIMUR,0.5,YELLOW,156212277,AREA 3,JATIM,MADIUN,KEDIRI,,,0,0,0,JAWA TIMUR,BLITAR,UDANAWU,SLEMANAN,KEDIRI
1516848500,,ODP-PAE-FJ/37,-7.757369,112.183094,,,2,6,0,0,8,REGIONAL 5,KEDIRI,KEDIRI,PAE,,,2024-03-16 23:24:26,42893,2017,6,NON TITO,,,JAWA TIMUR,0.75,YELLOW,156279097,AREA 3,JATIM,MADIUN,KEDIRI,,,0,0,0,JAWA TIMUR,KEDIRI,PARE,TULUNGREJO,KEDIRI
1527651820,,ODP-NDL-FD/37,-7.876654,111.973036,,,7,9,0,0,16,REGIONAL 5,KEDIRI,KEDIRI,NDL,,,2024-03-16 23:23:58,42899,2017,6,NON TITO,,,JAWA TIMUR,0.5625,YELLOW,161267412,AREA 3,JATIM,MADIUN,KEDIRI,,,0,0,0,JAWA TIMUR,KEDIRI,MOJO,SUKOANYAR,KEDIRI
1610145018,,ODP-MJT-FA/21,-7.741075,111.94452,,,4,12,0,0,16,REGIONAL 5,KEDIRI,KEDIRI,MJT,,,2024-03-16 23:23:52,42934,2017,7,NON TITO,,,JAWA TIMUR,0.75,YELLOW,179023053,AREA 3,JATIM,MADIUN,KEDIRI,,,0,0,0,JAWA TIMUR,KEDIRI,TAROKAN,BULUSARI,KEDIRI
1551650979,,ODP-PPR-FE/24,-7.740775,112.075211,,,6,10,0,0,16,REGIONAL 5,KEDIRI,KEDIRI,PPR,,,2024-03-16 23:21:43,42907,2017,6,NON TITO,,,JAWA TIMUR,0.625,YELLOW,173498524,AREA 3,JATIM,MADIUN,KEDIRI,,,0,0,0,JAWA TIMUR,KEDIRI,KAYEN KIDUL,SENDEN,KEDIRI
1551650682,,GCL-GUR-F02/08,-7.784388,112.063651,,,5,11,0,0,16,REGIONAL 5,KEDIRI,KEDIRI,GUR,,,2024-03-16 23:21:08,42907,2017,6,NON TITO,,,JAWA TIMUR,0.6875,YELLOW,173498342,AREA 3,JATIM,MADIUN,KEDIRI,,,0,0,0,JAWA TIMUR,KEDIRI,PAGU,TANJUNG,KEDIRI
1551650636,,ODP-KDI-FAP/08,-7.78368,112.043613,,,2,6,0,0,8,REGIONAL 5,KEDIRI,KEDIRI,KDI,,,2024-03-16 23:22:39,42907,2017,6,NON TITO,,,JAWA TIMUR,0.75,YELLOW,173498314,AREA 3,JATIM,MADIUN,KEDIRI,,,0,0,0,JAWA TIMUR,KEDIRI,NGASEM,NAMBAAN,KEDIRI
1551649932,,ODP-KDI-FH/20,-7.860152,112.011748,,,4,4,0,0,8,REGIONAL 5,KEDIRI,KEDIRI,KDI,,,2024-03-16 23:22:40,42907,2017,6,NON TITO,,,JAWA TIMUR,0.5,YELLOW,173497872,AREA 3,JATIM,MADIUN,KEDIRI,,,0,0,0,JAWA TIMUR,KEDIRI,NGADILUWIH,BANJAREJO,KEDIRI
1551649114,,ODP-NDL-FE/43,-7.946074,111.96391,,,7,8,0,0,16,REGIONAL 5,KEDIRI,KEDIRI,NDL,,,2024-03-16 23:21:44,42907,2017,6,NON TITO,,,JAWA TIMUR,0.5,YELLOW,173497381,AREA 3,JATIM,MADIUN,KEDIRI,,,0,0,0,JAWA TIMUR,KEDIRI,KRAS,PURWODADI,KEDIRI
1551644732,,ODP-MJT-FB/25,-7.745124,111.969647,,,6,10,0,0,16,REGIONAL 5,KEDIRI,KEDIRI,MJT,,,2024-03-16 23:28:55,42904,2017,6,NON TITO,,,JAWA TIMUR,0.625,YELLOW,161948301,AREA 3,JATIM,MADIUN,KEDIRI,,,0,0,0,JAWA TIMUR,KEDIRI,GROGOL,WONOASRI,KEDIRI
1551644453,,ODP-KDI-FAF/01,-7.895158,112.041045,,,2,6,0,0,8,REGIONAL 5,KEDIRI,KEDIRI,KDI,,,2024-03-16 23:28:57,42904,2017,6,NON TITO,,,JAWA TIMUR,0.75,YELLOW,161948132,AREA 3,JATIM,MADIUN,KEDIRI,,,0,0,0,JAWA TIMUR,KEDIRI,KANDAT,PULE,KEDIRI
1205818896,,ODP-KDI-FZ/44,-7.834739,112.023066,,,6,10,0,0,16,REGIONAL 5,KEDIRI,KEDIRI,KDI,,,2024-03-16 23:22:01,42768,2017,2,NON TITO,,,JAWA TIMUR,0.625,YELLOW,41079752,AREA 3,JATIM,MADIUN,KEDIRI,,,0,0,0,JAWA TIMUR,KOTA KEDIRI,KOTA,KALIOMBO,KEDIRI
1541748635,,ODP-WAT-FL/30,-7.86279,112.103634,,,2,6,0,0,8,REGIONAL 5,KEDIRI,KEDIRI,WAT,,,2024-03-16 23:27:40,42901,2017,6,NON TITO,,,JAWA TIMUR,0.75,YELLOW,161862994,AREA 3,JATIM,MADIUN,KEDIRI,,,0,0,0,JAWA TIMUR,KEDIRI,GURAH,BLIMBING,KEDIRI
1536653927,,ODP-KDI-FH/21,-7.853516,112.009694,,,8,8,0,0,16,REGIONAL 5,KEDIRI,KEDIRI,KDI,,,2024-03-16 23:22:49,42900,2017,6,NON TITO,,,JAWA TIMUR,0.5,YELLOW,161725394,AREA 3,JATIM,MADIUN,KEDIRI,,,0,0,0,JAWA TIMUR,KOTA KEDIRI,KOTA KEDIRI,MANISRENGGO,KEDIRI
1536652193,,ODP-KDI-FAA/74,-7.75029,112.052227,,,3,5,0,0,8,REGIONAL 5,KEDIRI,KEDIRI,KDI,,,2024-03-16 23:22:48,42900,2017,6,NON TITO,,,JAWA TIMUR,0.625,YELLOW,161724118,AREA 3,JATIM,MADIUN,KEDIRI,,,0,0,0,JAWA TIMUR,KEDIRI,GAMPENGREJO,KALIBELO,KEDIRI
1536652073,,ODP-SBI-FF/01,-7.931804,112.030972,,,4,12,0,0,16,REGIONAL 5,KEDIRI,KEDIRI,SBI,,,2024-03-16 23:22:57,42900,2017,6,NON TITO,,,JAWA TIMUR,0.75,YELLOW,161724027,AREA 3,JATIM,MADIUN,KEDIRI,,,0,0,0,JAWA TIMUR,KEDIRI,KANDAT,CENDONO,KEDIRI
1536652063,,ODP-WAT-FC/22,-7.902738,112.058572,,,3,5,0,0,8,REGIONAL 5,KEDIRI,KEDIRI,WAT,,,2024-03-16 23:22:46,42900,2017,6,NON TITO,,,JAWA TIMUR,0.625,YELLOW,161724021,AREA 3,JATIM,MADIUN,KEDIRI,,,0,0,0,JAWA TIMUR,KEDIRI,KANDAT,PURWOREJO,KEDIRI
1527652327,,ODP-NDL-FD/34,-7.893811,111.962259,,,2,6,0,0,8,REGIONAL 5,KEDIRI,KEDIRI,NDL,,,2024-03-16 23:24:12,42899,2017,6,NON TITO,,,JAWA TIMUR,0.75,YELLOW,161268152,AREA 3,JATIM,MADIUN,KEDIRI,,,0,0,0,JAWA TIMUR,KEDIRI,MOJO,MOJO,KEDIRI
1527652133,,ODP-NDL-FD/28,-7.906897,111.959432,,,3,5,0,0,8,REGIONAL 5,KEDIRI,KEDIRI,NDL,,,2024-03-16 23:24:18,42899,2017,6,NON TITO,,,JAWA TIMUR,0.625,YELLOW,161267755,AREA 3,JATIM,MADIUN,KEDIRI,,,0,0,0,JAWA TIMUR,KEDIRI,MOJO,TAMBIBENDO,KEDIRI
1527652123,,ODP-NDL-FD/38,-7.879706,111.971536,,,2,6,0,0,8,REGIONAL 5,KEDIRI,KEDIRI,NDL,,,2024-03-16 23:23:51,42899,2017,6,NON TITO,,,JAWA TIMUR,0.75,YELLOW,161267747,AREA 3,JATIM,MADIUN,KEDIRI,,,0,0,0,JAWA TIMUR,KEDIRI,MOJO,SUKOANYAR,KEDIRI
1527651835,,ODP-NDL-FD/43,-7.892382,111.966775,,,2,6,0,0,8,REGIONAL 5,KEDIRI,KEDIRI,NDL,,,2024-03-16 23:24:12,42899,2017,6,NON TITO,,,JAWA TIMUR,0.75,YELLOW,161267460,AREA 3,JATIM,MADIUN,KEDIRI,,,0,0,0,JAWA TIMUR,KEDIRI,MOJO,MLATI,KEDIRI
1536653977,,ODP-KDI-FAA/73,-7.74871,112.053366,,,7,9,0,0,16,REGIONAL 5,KEDIRI,KEDIRI,KDI,,,2024-03-16 23:23:22,42900,2017,6,NON TITO,,,JAWA TIMUR,0.5625,YELLOW,161725411,AREA 3,JATIM,MADIUN,KEDIRI,,,0,0,0,JAWA TIMUR,KEDIRI,KAYEN KIDUL,BAYE,KEDIRI
1934669470,,ODP-KDI-FW/41,-7.827967,112.033713,,,2,6,0,0,8,REGIONAL 5,KEDIRI,KEDIRI,KDI,,,2024-03-16 23:27:09,43034,2017,10,NON TITO,,,JAWA TIMUR,0.75,YELLOW,241378582,AREA 3,JATIM,MADIUN,KEDIRI,,,0,0,0,JAWA TIMUR,KOTA KEDIRI,PESANTREN,BANGSAL,KEDIRI
1149270708,,ODP-KDI-FV/41,-7.832067,112.046277,,,2,6,0,0,8,REGIONAL 5,KEDIRI,KEDIRI,KDI,,,2024-03-16 23:22:00,42762,2017,1,NON TITO,,,JAWA TIMUR,0.75,YELLOW,39741166,AREA 3,JATIM,MADIUN,KEDIRI,,,0,0,0,JAWA TIMUR,KOTA KEDIRI,PESANTREN,BANGSAL,KEDIRI
1150620505,,ODP-GUR-FF/06,-7.825273,112.127048,,,4,4,0,0,8,REGIONAL 5,KEDIRI,KEDIRI,GUR,,,2024-03-16 23:25:02,42760,2017,1,NON TITO,,,JAWA TIMUR,0.5,YELLOW,39721014,AREA 3,JATIM,MADIUN,KEDIRI,,,0,0,0,JAWA TIMUR,KEDIRI,PLOSOKLATEN,KAWEDUSAN,KEDIRI
1074130668,,ODP-WAT-FN/12,-7.899822,112.136638,,,2,6,0,0,8,REGIONAL 5,KEDIRI,KEDIRI,WAT,,,2024-03-16 23:28:49,42698,2016,11,NON TITO,,,JAWA TIMUR,0.75,YELLOW,38680169,AREA 3,JATIM,MADIUN,KEDIRI,,,0,0,0,JAWA TIMUR,KEDIRI,WATES,TUNGE,KEDIRI
1074130436,,ODP-WAT-FN/08,-7.91299,112.139696,,,3,5,0,0,8,REGIONAL 5,KEDIRI,KEDIRI,WAT,,,2024-03-16 23:28:14,42698,2016,11,NON TITO,,,JAWA TIMUR,0.625,YELLOW,38680030,AREA 3,JATIM,MADIUN,KEDIRI,,,0,0,0,JAWA TIMUR,KEDIRI,WATES,TUNGE,KEDIRI
1074130431,,ODP-WAT-FN/07,-7.911301,112.135281,,,2,6,0,0,8,REGIONAL 5,KEDIRI,KEDIRI,WAT,,,2024-03-16 23:27:42,42698,2016,11,NON TITO,,,JAWA TIMUR,0.75,YELLOW,38680026,AREA 3,JATIM,MADIUN,KEDIRI,,,0,0,0,JAWA TIMUR,KEDIRI,WATES,JAJAR,KEDIRI
1074129963,,ODP-WAT-FN/06,-7.909999,112.131238,,,9,7,0,0,16,REGIONAL 5,KEDIRI,KEDIRI,WAT,,,2024-03-16 23:28:40,42698,2016,11,NON TITO,,,JAWA TIMUR,0.4375,YELLOW,38679746,AREA 3,JATIM,MADIUN,KEDIRI,,,0,0,0,JAWA TIMUR,KEDIRI,WATES,JAJAR,KEDIRI
1074129754,,ODP-WAT-FN/01,-7.918876,112.130384,,,4,4,0,0,8,REGIONAL 5,KEDIRI,KEDIRI,WAT,,,2024-03-16 23:28:38,42698,2016,11,NON TITO,,,JAWA TIMUR,0.5,YELLOW,38679620,AREA 3,JATIM,MADIUN,KEDIRI,,,0,0,0,JAWA TIMUR,KEDIRI,WATES,TAWANG,KEDIRI
1069787790,,ODP-WAT-FJ/06,-7.869863,112.084028,,,3,4,0,0,8,REGIONAL 5,KEDIRI,KEDIRI,WAT,,,2024-03-16 23:23:38,42697,2016,11,NON TITO,,,JAWA TIMUR,0.5,YELLOW,38669992,AREA 3,JATIM,MADIUN,KEDIRI,,,0,0,0,JAWA TIMUR,KEDIRI,WATES,SUMBERAGUNG,KEDIRI
1069787763,,ODP-WAT-FH/11,-7.984486,112.133537,,,2,6,0,0,8,REGIONAL 5,KEDIRI,KEDIRI,WAT,,,2024-03-16 23:23:56,42697,2016,11,NON TITO,,,JAWA TIMUR,0.75,YELLOW,38669965,AREA 3,JATIM,MADIUN,KEDIRI,,,0,0,0,JAWA TIMUR,KEDIRI,NGANCAR,BEDALI,KEDIRI
1069787317,,ODP-WAT-FJ/03,-7.863587,112.080375,,,6,10,0,0,16,REGIONAL 5,KEDIRI,KEDIRI,WAT,,,2024-03-16 23:23:50,42697,2016,11,NON TITO,,,JAWA TIMUR,0.625,YELLOW,38669613,AREA 3,JATIM,MADIUN,KEDIRI,,,0,0,0,JAWA TIMUR,KEDIRI,WATES,SIDOMULYO,KEDIRI
1069787312,,ODP-WAT-FJ/02,-7.860575,112.079413,,,5,11,0,0,16,REGIONAL 5,KEDIRI,KEDIRI,WAT,,,2024-03-16 23:24:02,42697,2016,11,NON TITO,,,JAWA TIMUR,0.6875,YELLOW,38669610,AREA 3,JATIM,MADIUN,KEDIRI,,,0,0,0,JAWA TIMUR,KEDIRI,WATES,SIDOMULYO,KEDIRI
1069786973,,ODP-WAT-FJ/08,-7.879229,112.085614,,,5,11,0,0,16,REGIONAL 5,KEDIRI,KEDIRI,WAT,,,2024-03-16 23:23:54,42697,2016,11,NON TITO,,,JAWA TIMUR,0.6875,YELLOW,38669352,AREA 3,JATIM,MADIUN,KEDIRI,,,0,0,0,JAWA TIMUR,KEDIRI,WATES,SUMBERAGUNG,KEDIRI
1069786968,,ODP-WAT-FJ/07,-7.882217,112.089692,,,9,7,0,0,16,REGIONAL 5,KEDIRI,KEDIRI,WAT,,,2024-03-16 23:23:54,42697,2016,11,NON TITO,,,JAWA TIMUR,0.4375,YELLOW,38669348,AREA 3,JATIM,MADIUN,KEDIRI,,,0,0,0,JAWA TIMUR,KEDIRI,WATES,SUMBERAGUNG,KEDIRI
1069786943,,ODP-WAT-FH/14,-7.981247,112.139333,,,2,6,0,0,8,REGIONAL 5,KEDIRI,KEDIRI,WAT,,,2024-03-16 23:23:50,42697,2016,11,NON TITO,,,JAWA TIMUR,0.75,YELLOW,38669330,AREA 3,JATIM,MADIUN,KEDIRI,,,0,0,0,JAWA TIMUR,KEDIRI,NGANCAR,BEDALI,KEDIRI
1069786829,,ODP-WAT-FM/06,-7.893727,112.14001,,,3,5,0,0,8,REGIONAL 5,KEDIRI,KEDIRI,WAT,,,2024-03-16 23:23:52,42697,2016,11,NON TITO,,,JAWA TIMUR,0.625,YELLOW,38669248,AREA 3,JATIM,MADIUN,KEDIRI,,,0,0,0,JAWA TIMUR,KEDIRI,WATES,TEMPUREJO,KEDIRI
1069786819,,ODP-WAT-FM/13,-7.876424,112.123643,,,2,6,0,0,8,REGIONAL 5,KEDIRI,KEDIRI,WAT,,,2024-03-16 23:23:22,42697,2016,11,NON TITO,,,JAWA TIMUR,0.75,YELLOW,38669241,AREA 3,JATIM,MADIUN,KEDIRI,,,0,0,0,JAWA TIMUR,KEDIRI,PLOSOKLATEN,KAYUNAN,KEDIRI
1069786510,,ODP-WAT-FJ/04,-7.865447,112.082833,,,9,7,0,0,16,REGIONAL 5,KEDIRI,KEDIRI,WAT,,,2024-03-16 23:23:48,42697,2016,11,NON TITO,,,JAWA TIMUR,0.4375,YELLOW,38669006,AREA 3,JATIM,MADIUN,KEDIRI,,,0,0,0,JAWA TIMUR,KEDIRI,WATES,SIDOMULYO,KEDIRI
1069786478,,ODP-WAT-FH/05,-7.998291,112.140276,,,2,6,0,0,8,REGIONAL 5,KEDIRI,KEDIRI,WAT,,,2024-03-16 23:23:51,42697,2016,11,NON TITO,,,JAWA TIMUR,0.75,YELLOW,38668984,AREA 3,JATIM,MADIUN,KEDIRI,,,0,0,0,JAWA TIMUR,BLITAR,PONGGOK,CANDIREJO,KEDIRI
1069786010,,ODP-WAT-FH/04,-7.993821,112.131288,,,2,6,0,0,8,REGIONAL 5,KEDIRI,KEDIRI,WAT,,,2024-03-16 23:23:33,42697,2016,11,NON TITO,,,JAWA TIMUR,0.75,YELLOW,38668647,AREA 3,JATIM,MADIUN,KEDIRI,,,0,0,0,JAWA TIMUR,BLITAR,PONGGOK,CANDIREJO,KEDIRI
1074130956,,ODP-WAT-FN/02,-7.919491,112.132126,,,1,6,1,0,8,REGIONAL 5,KEDIRI,KEDIRI,WAT,,,2024-03-16 23:28:51,42698,2016,11,NON TITO,,,JAWA TIMUR,0.75,YELLOW,38680342,AREA 3,JATIM,MADIUN,KEDIRI,,,0,0,0,JAWA TIMUR,KEDIRI,WATES,TAWANG,KEDIRI
1069785899,,ODP-WAT-FM/14,-7.878051,112.127149,,,3,5,0,0,8,REGIONAL 5,KEDIRI,KEDIRI,WAT,,,2024-03-16 23:23:38,42697,2016,11,NON TITO,,,JAWA TIMUR,0.625,YELLOW,38668567,AREA 3,JATIM,MADIUN,KEDIRI,,,0,0,0,JAWA TIMUR,KEDIRI,PLOSOKLATEN,KAYUNAN,KEDIRI
1074130961,,ODP-WAT-FN/11,-7.908223,112.131817,,,2,6,0,0,8,REGIONAL 5,KEDIRI,KEDIRI,WAT,,,2024-03-16 23:28:55,42698,2016,11,NON TITO,,,JAWA TIMUR,0.75,YELLOW,38680345,AREA 3,JATIM,MADIUN,KEDIRI,,,0,0,0,JAWA TIMUR,KEDIRI,WATES,JAJAR,KEDIRI
1074140201,,ODP-WAT-FL/02,-7.888615,112.078185,,,7,9,0,0,16,REGIONAL 5,KEDIRI,KEDIRI,WAT,,,2024-03-16 23:21:18,42699,2016,11,NON TITO,,,JAWA TIMUR,0.5625,YELLOW,38686964,AREA 3,JATIM,MADIUN,KEDIRI,,,0,0,0,JAWA TIMUR,KEDIRI,WATES,PAGU,KEDIRI
1090619109,,ODP-KAA-FE/01,-7.783696,112.331091,,,3,5,0,0,8,REGIONAL 5,KEDIRI,KEDIRI,KAA,,,2024-03-16 23:23:57,42711,2016,12,NON TITO,,,JAWA TIMUR,0.625,YELLOW,38897800,AREA 3,JATIM,MADIUN,KEDIRI,,,0,0,0,JAWA TIMUR,MALANG,KASEMBON,WONOAGUNG,KEDIRI
1083145961,,ODP-WAT-FA/30,-7.914125,112.123148,,,4,12,0,0,16,REGIONAL 5,KEDIRI,KEDIRI,WAT,,,2024-03-16 23:23:23,42707,2016,12,NON TITO,,,JAWA TIMUR,0.75,YELLOW,38721646,AREA 3,JATIM,MADIUN,KEDIRI,,,0,0,0,JAWA TIMUR,KEDIRI,WATES,WATES,KEDIRI
1083143481,,ODP-NDL-FE/31,-7.955486,111.966459,,,2,6,0,0,8,REGIONAL 5,KEDIRI,KEDIRI,NDL,,,2024-03-16 23:22:35,42707,2016,12,NON TITO,,,JAWA TIMUR,0.75,YELLOW,38720669,AREA 3,JATIM,MADIUN,KEDIRI,,,0,0,0,JAWA TIMUR,KEDIRI,KRAS,KRAS,KEDIRI
1083143476,,ODP-NDL-FE/10,-7.971586,111.949864,,,3,5,0,0,8,REGIONAL 5,KEDIRI,KEDIRI,NDL,,,2024-03-16 23:22:40,42707,2016,12,NON TITO,,,JAWA TIMUR,0.625,YELLOW,38720666,AREA 3,JATIM,MADIUN,KEDIRI,,,0,0,0,JAWA TIMUR,KEDIRI,KRAS,REJOMULYO,KEDIRI
1083143466,,ODP-NDL-FE/37,-7.948505,111.959966,,,4,4,0,0,8,REGIONAL 5,KEDIRI,KEDIRI,NDL,,,2024-03-16 23:21:54,42707,2016,12,NON TITO,,,JAWA TIMUR,0.5,YELLOW,38720660,AREA 3,JATIM,MADIUN,KEDIRI,,,0,0,0,JAWA TIMUR,KEDIRI,KRAS,PURWODADI,KEDIRI
1083143461,,ODP-NDL-FE/18,-7.962126,111.949874,,,3,5,0,0,8,REGIONAL 5,KEDIRI,KEDIRI,NDL,,,2024-03-16 23:22:43,42707,2016,12,NON TITO,,,JAWA TIMUR,0.625,YELLOW,38720657,AREA 3,JATIM,MADIUN,KEDIRI,,,0,0,0,JAWA TIMUR,KEDIRI,KRAS,NYAWANGAN,KEDIRI
1083143136,,ODP-NDL-FE/30,-7.957077,111.97075,,,4,4,0,0,8,REGIONAL 5,KEDIRI,KEDIRI,NDL,,,2024-03-16 23:21:25,42707,2016,12,NON TITO,,,JAWA TIMUR,0.5,YELLOW,38720478,AREA 3,JATIM,MADIUN,KEDIRI,,,0,0,0,JAWA TIMUR,KEDIRI,KRAS,KRAS,KEDIRI
1083143126,,ODP-NDL-FE/13,-7.958891,111.956937,,,3,5,0,0,8,REGIONAL 5,KEDIRI,KEDIRI,NDL,,,2024-03-16 23:22:41,42707,2016,12,NON TITO,,,JAWA TIMUR,0.625,YELLOW,38720472,AREA 3,JATIM,MADIUN,KEDIRI,,,0,0,0,JAWA TIMUR,KEDIRI,KRAS,KARANGTALUN,KEDIRI
1083142531,,ODP-NDL-FE/09,-7.972625,111.949287,,,2,6,0,0,8,REGIONAL 5,KEDIRI,KEDIRI,NDL,,,2024-03-16 23:22:29,42707,2016,12,NON TITO,,,JAWA TIMUR,0.75,YELLOW,38720284,AREA 3,JATIM,MADIUN,KEDIRI,,,0,0,0,JAWA TIMUR,KEDIRI,KRAS,REJOMULYO,KEDIRI
1083141141,,ODP-NDL-FE/25,-7.950976,111.965615,,,2,6,0,0,8,REGIONAL 5,KEDIRI,KEDIRI,NDL,,,2024-03-16 23:22:19,42707,2016,12,NON TITO,,,JAWA TIMUR,0.75,YELLOW,38720146,AREA 3,JATIM,MADIUN,KEDIRI,,,0,0,0,JAWA TIMUR,KEDIRI,KRAS,BANJARANYAR,KEDIRI
1083141136,,ODP-NDL-FE/11,-7.970381,111.950556,,,2,6,0,0,8,REGIONAL 5,KEDIRI,KEDIRI,NDL,,,2024-03-16 23:22:06,42707,2016,12,NON TITO,,,JAWA TIMUR,0.75,YELLOW,38720143,AREA 3,JATIM,MADIUN,KEDIRI,,,0,0,0,JAWA TIMUR,KEDIRI,KRAS,NYAWANGAN,KEDIRI
1083141131,,ODP-NDL-FE/42,-7.951855,111.960803,,,5,11,0,0,16,REGIONAL 5,KEDIRI,KEDIRI,NDL,,,2024-03-16 23:22:00,42707,2016,12,NON TITO,,,JAWA TIMUR,0.6875,YELLOW,38720140,AREA 3,JATIM,MADIUN,KEDIRI,,,0,0,0,JAWA TIMUR,KEDIRI,KRAS,KRAS,KEDIRI
1083141121,,ODP-NDL-FE/08,-7.973069,111.950622,,,2,6,0,0,8,REGIONAL 5,KEDIRI,KEDIRI,NDL,,,2024-03-16 23:22:00,42707,2016,12,NON TITO,,,JAWA TIMUR,0.75,YELLOW,38720134,AREA 3,JATIM,MADIUN,KEDIRI,,,0,0,0,JAWA TIMUR,KEDIRI,KRAS,REJOMULYO,KEDIRI
1074144220,,ODP-WAT-FL/04,-7.891858,112.091062,,,8,8,0,0,16,REGIONAL 5,KEDIRI,KEDIRI,WAT,,,2024-03-16 23:24:18,42699,2016,11,NON TITO,,,JAWA TIMUR,0.5,YELLOW,38688348,AREA 3,JATIM,MADIUN,KEDIRI,,,0,0,0,JAWA TIMUR,KEDIRI,WATES,WONOREJO,KEDIRI
1074144072,,ODP-WAT-FL/10,-7.893329,112.10052,,,3,5,0,0,8,REGIONAL 5,KEDIRI,KEDIRI,WAT,,,2024-03-16 23:23:28,42699,2016,11,NON TITO,,,JAWA TIMUR,0.625,YELLOW,38688287,AREA 3,JATIM,MADIUN,KEDIRI,,,0,0,0,JAWA TIMUR,KEDIRI,WATES,WONOREJO,KEDIRI
1074143739,,ODP-WAT-FL/07,-7.895834,112.103892,,,4,12,0,0,16,REGIONAL 5,KEDIRI,KEDIRI,WAT,,,2024-03-16 23:24:01,42699,2016,11,NON TITO,,,JAWA TIMUR,0.75,YELLOW,38688149,AREA 3,JATIM,MADIUN,KEDIRI,,,0,0,0,JAWA TIMUR,KEDIRI,WATES,WONOREJO,KEDIRI
1074140546,,ODP-WAT-FL/05,-7.890471,112.093715,,,2,6,0,0,8,REGIONAL 5,KEDIRI,KEDIRI,WAT,,,2024-03-16 23:23:26,42699,2016,11,NON TITO,,,JAWA TIMUR,0.75,YELLOW,38687076,AREA 3,JATIM,MADIUN,KEDIRI,,,0,0,0,JAWA TIMUR,KEDIRI,WATES,WONOREJO,KEDIRI
1074140195,,ODP-WAT-FL/14,-7.889781,112.099028,,,3,5,0,0,8,REGIONAL 5,KEDIRI,KEDIRI,WAT,,,2024-03-16 23:23:01,42699,2016,11,NON TITO,,,JAWA TIMUR,0.625,YELLOW,38686962,AREA 3,JATIM,MADIUN,KEDIRI,,,0,0,0,JAWA TIMUR,KEDIRI,WATES,SUMBERAGUNG,KEDIRI
1092085847,,ODP-NDL-FG/23,-7.887327,112.005257,,,3,5,0,0,8,REGIONAL 5,KEDIRI,KEDIRI,NDL,,,2024-03-16 23:23:28,42718,2016,12,NON TITO,,,JAWA TIMUR,0.625,YELLOW,38925163,AREA 3,JATIM,MADIUN,KEDIRI,,,0,0,0,JAWA TIMUR,KEDIRI,NGADILUWIH,REMBANGKEPUH,KEDIRI
1069785894,,ODP-WAT-FM/07,-7.889368,112.142233,,,7,9,0,0,16,REGIONAL 5,KEDIRI,KEDIRI,WAT,,,2024-03-16 23:23:45,42697,2016,11,NON TITO,,,JAWA TIMUR,0.5625,YELLOW,38668564,AREA 3,JATIM,MADIUN,KEDIRI,,,0,0,0,JAWA TIMUR,KEDIRI,WATES,TEMPUREJO,KEDIRI
1069785339,,ODP-WAT-FK/03,-7.885413,112.066403,,,3,5,0,0,8,REGIONAL 5,KEDIRI,KEDIRI,WAT,,,2024-03-16 23:23:32,42697,2016,11,NON TITO,,,JAWA TIMUR,0.625,YELLOW,38668178,AREA 3,JATIM,MADIUN,KEDIRI,,,0,0,0,JAWA TIMUR,KEDIRI,WATES,JOHO,KEDIRI
1083126889,,ODP-MJT-FF/26,-7.769411,112.011634,,,2,6,0,0,8,REGIONAL 5,KEDIRI,KEDIRI,MJT,,,2024-03-16 23:26:26,42704,2016,11,NON TITO,,,JAWA TIMUR,0.75,YELLOW,38636003,AREA 3,JATIM,MADIUN,KEDIRI,,,0,0,0,JAWA TIMUR,KEDIRI,BANYAKAN,JABON,KEDIRI
1083126149,,ODP-MJT-FT/02,-7.826091,111.939161,,,3,5,0,0,8,REGIONAL 5,KEDIRI,KEDIRI,MJT,,,2024-03-16 23:25:33,42704,2016,11,NON TITO,,,JAWA TIMUR,0.625,YELLOW,38635688,AREA 3,JATIM,MADIUN,KEDIRI,,,0,0,0,JAWA TIMUR,KEDIRI,SEMEN,PAGUNG,KEDIRI
1083125743,,ODP-MJT-FT/03,-7.826231,111.935859,,,4,4,0,0,8,REGIONAL 5,KEDIRI,KEDIRI,MJT,,,2024-03-16 23:25:32,42704,2016,11,NON TITO,,,JAWA TIMUR,0.5,YELLOW,38635446,AREA 3,JATIM,MADIUN,KEDIRI,,,0,0,0,JAWA TIMUR,KEDIRI,SEMEN,PAGUNG,KEDIRI
1083124618,,ODP-MJT-FF/27,-7.769145,112.010823,,,3,5,0,0,8,REGIONAL 5,KEDIRI,KEDIRI,MJT,,,2024-03-16 23:25:53,42704,2016,11,NON TITO,,,JAWA TIMUR,0.625,YELLOW,38634796,AREA 3,JATIM,MADIUN,KEDIRI,,,0,0,0,JAWA TIMUR,KEDIRI,BANYAKAN,JABON,KEDIRI
1083122797,,ODP-NDL-FH/03,-7.905594,111.970414,,,3,5,0,0,8,REGIONAL 5,KEDIRI,KEDIRI,NDL,,,2024-03-16 23:24:35,42704,2016,11,NON TITO,,,JAWA TIMUR,0.625,YELLOW,38633765,AREA 3,JATIM,MADIUN,KEDIRI,,,0,0,0,JAWA TIMUR,KEDIRI,NGADILUWIH,BANGGLE,KEDIRI
1083122457,,ODP-MJT-FX/08,-7.827395,112.000887,,,8,8,0,0,16,REGIONAL 5,KEDIRI,KEDIRI,MJT,,,2024-03-16 23:25:17,42704,2016,11,NON TITO,,,JAWA TIMUR,0.5,YELLOW,38633565,AREA 3,JATIM,MADIUN,KEDIRI,,,0,0,0,JAWA TIMUR,KOTA KEDIRI,MOJOROTO,BANDAR LOR,KEDIRI
1083122168,,ODP-MJT-FX/09,-7.827558,111.9981,,,8,8,0,0,16,REGIONAL 5,KEDIRI,KEDIRI,MJT,,,2024-03-16 23:24:51,42704,2016,11,NON TITO,,,JAWA TIMUR,0.5,YELLOW,38633392,AREA 3,JATIM,MADIUN,KEDIRI,,,0,0,0,JAWA TIMUR,KOTA KEDIRI,MOJOROTO,LIRBOYO,KEDIRI
1083121106,,ODP-NDL-FH/04,-7.906608,111.969885,,,3,5,0,0,8,REGIONAL 5,KEDIRI,KEDIRI,NDL,,,2024-03-16 23:24:54,42704,2016,11,NON TITO,,,JAWA TIMUR,0.625,YELLOW,38632762,AREA 3,JATIM,MADIUN,KEDIRI,,,0,0,0,JAWA TIMUR,KEDIRI,NGADILUWIH,BANGGLE,KEDIRI
1083120768,,ODP-NDL-FH/01,-7.904703,111.968617,,,2,6,0,0,8,REGIONAL 5,KEDIRI,KEDIRI,NDL,,,2024-03-16 23:24:50,42704,2016,11,NON TITO,,,JAWA TIMUR,0.75,YELLOW,38632555,AREA 3,JATIM,MADIUN,KEDIRI,,,0,0,0,JAWA TIMUR,KEDIRI,NGADILUWIH,BANGGLE,KEDIRI
1074144602,,ODP-WAT-FL/12,-7.885155,112.095043,,,3,5,0,0,8,REGIONAL 5,KEDIRI,KEDIRI,WAT,,,2024-03-16 23:24:24,42699,2016,11,NON TITO,,,JAWA TIMUR,0.625,YELLOW,38618164,AREA 3,JATIM,MADIUN,KEDIRI,,,0,0,0,JAWA TIMUR,KEDIRI,WATES,SUMBERAGUNG,KEDIRI
1074140543,,ODP-WAT-FL/01,-7.887811,112.074581,,,8,8,0,0,16,REGIONAL 5,KEDIRI,KEDIRI,WAT,,,2024-03-16 23:23:33,42699,2016,11,NON TITO,,,JAWA TIMUR,0.5,YELLOW,38616856,AREA 3,JATIM,MADIUN,KEDIRI,,,0,0,0,JAWA TIMUR,KEDIRI,WATES,PAGU,KEDIRI
1074140537,,ODP-WAT-FL/09,-7.894201,112.101741,,,2,6,0,0,8,REGIONAL 5,KEDIRI,KEDIRI,WAT,,,2024-03-16 23:23:34,42699,2016,11,NON TITO,,,JAWA TIMUR,0.75,YELLOW,38616854,AREA 3,JATIM,MADIUN,KEDIRI,,,0,0,0,JAWA TIMUR,KEDIRI,WATES,WONOREJO,KEDIRI
1074140192,,ODP-WAT-FL/03,-7.889932,112.0833,,,2,6,0,0,8,REGIONAL 5,KEDIRI,KEDIRI,WAT,,,2024-03-16 23:23:23,42699,2016,11,NON TITO,,,JAWA TIMUR,0.75,YELLOW,38616751,AREA 3,JATIM,MADIUN,KEDIRI,,,0,0,0,JAWA TIMUR,KEDIRI,WATES,PAGU,KEDIRI
1056119406,,ODP-MJT-FM/47,-7.819679,112.002095,,,2,6,0,0,8,REGIONAL 5,KEDIRI,KEDIRI,MJT,,,2024-03-16 23:28:59,42691,2016,11,NON TITO,,,JAWA TIMUR,0.75,YELLOW,38560961,AREA 3,JATIM,MADIUN,KEDIRI,,,0,0,0,JAWA TIMUR,KOTA KEDIRI,MOJOROTO,BANDAR LOR,KEDIRI
1056119398,,ODP-MJT-FM/41,-7.822118,112.005005,,,8,8,0,0,16,REGIONAL 5,KEDIRI,KEDIRI,MJT,,,2024-03-16 23:28:55,42691,2016,11,NON TITO,,,JAWA TIMUR,0.5,YELLOW,38560842,AREA 3,JATIM,MADIUN,KEDIRI,,,0,0,0,JAWA TIMUR,KOTA KEDIRI,MOJOROTO,BANDAR LOR,KEDIRI
1056119395,,ODP-MJT-FM/40,-7.8219,112.003697,,,8,8,0,0,16,REGIONAL 5,KEDIRI,KEDIRI,MJT,,,2024-03-16 23:28:57,42691,2016,11,NON TITO,,,JAWA TIMUR,0.5,YELLOW,38560817,AREA 3,JATIM,MADIUN,KEDIRI,,,0,0,0,JAWA TIMUR,KOTA KEDIRI,MOJOROTO,BANDAR LOR,KEDIRI
1054770449,,ODP-WAT-FM/12,-7.881649,112.146918,,,7,9,0,0,16,REGIONAL 5,KEDIRI,KEDIRI,WAT,,,2024-03-16 23:27:25,42713,2016,12,NON TITO,,,JAWA TIMUR,0.5625,YELLOW,38553326,AREA 3,JATIM,MADIUN,KEDIRI,,,0,0,0,JAWA TIMUR,KEDIRI,PLOSOKLATEN,JARAK,KEDIRI
1083137637,,ODP-PAE-FF/57,-7.755654,112.179185,,,1,6,0,0,8,REGIONAL 5,KEDIRI,KEDIRI,PAE,,,2024-03-16 23:28:12,42706,2016,12,NON TITO,,,JAWA TIMUR,0.75,YELLOW,38645540,AREA 3,JATIM,MADIUN,KEDIRI,,,0,0,0,JAWA TIMUR,KEDIRI,PARE,TULUNGREJO,KEDIRI
1069785889,,ODP-WAT-FM/17,-7.882517,112.14438,,,6,10,0,0,16,REGIONAL 5,KEDIRI,KEDIRI,WAT,,,2024-03-16 23:23:27,42697,2016,11,NON TITO,,,JAWA TIMUR,0.625,YELLOW,38668561,AREA 3,JATIM,MADIUN,KEDIRI,,,0,0,0,JAWA TIMUR,KEDIRI,PLOSOKLATEN,JARAK,KEDIRI
1083141460,,ODP-NDL-FE/33,-7.953356,111.961184,,,6,10,0,0,16,REGIONAL 5,KEDIRI,KEDIRI,NDL,,,2024-03-16 23:22:01,42707,2016,12,NON TITO,,,JAWA TIMUR,0.625,YELLOW,38651454,AREA 3,JATIM,MADIUN,KEDIRI,,,0,0,0,JAWA TIMUR,KEDIRI,KRAS,KRAS,KEDIRI
1083141475,,ODP-NDL-FE/39,-7.947244,111.961949,,,6,10,0,0,16,REGIONAL 5,KEDIRI,KEDIRI,NDL,,,2024-03-16 23:22:22,42707,2016,12,NON TITO,,,JAWA TIMUR,0.625,YELLOW,38651463,AREA 3,JATIM,MADIUN,KEDIRI,,,0,0,0,JAWA TIMUR,KEDIRI,KRAS,PURWODADI,KEDIRI
1069785165,,ODP-WAT-FH/09,-7.991586,112.134712,,,4,4,0,0,8,REGIONAL 5,KEDIRI,KEDIRI,WAT,,,2024-03-16 23:23:33,42697,2016,11,NON TITO,,,JAWA TIMUR,0.5,YELLOW,38668055,AREA 3,JATIM,MADIUN,KEDIRI,,,0,0,0,JAWA TIMUR,BLITAR,PONGGOK,CANDIREJO,KEDIRI
1069785019,,ODP-WAT-FM/04,-7.891562,112.130752,,,4,4,0,0,8,REGIONAL 5,KEDIRI,KEDIRI,WAT,,,2024-03-16 23:23:32,42697,2016,11,NON TITO,,,JAWA TIMUR,0.5,YELLOW,38667950,AREA 3,JATIM,MADIUN,KEDIRI,,,0,0,0,JAWA TIMUR,KEDIRI,WATES,PLAOSAN,KEDIRI
1069784676,,ODP-WAT-FH/03,-7.994001,112.128092,,,2,6,0,0,8,REGIONAL 5,KEDIRI,KEDIRI,WAT,,,2024-03-16 23:23:27,42697,2016,11,NON TITO,,,JAWA TIMUR,0.75,YELLOW,38667730,AREA 3,JATIM,MADIUN,KEDIRI,,,0,0,0,JAWA TIMUR,BLITAR,PONGGOK,CANDIREJO,KEDIRI
1069784671,,ODP-WAT-FH/02,-7.996221,112.12031,,,4,4,0,0,8,REGIONAL 5,KEDIRI,KEDIRI,WAT,,,2024-03-16 23:23:27,42697,2016,11,NON TITO,,,JAWA TIMUR,0.5,YELLOW,38667727,AREA 3,JATIM,MADIUN,KEDIRI,,,0,0,0,JAWA TIMUR,BLITAR,PONGGOK,CANDIREJO,KEDIRI
1083142888,,ODP-NDL-FE/24,-7.95275,111.95511,,,2,6,0,0,8,REGIONAL 5,KEDIRI,KEDIRI,NDL,,,2024-03-16 23:21:59,42707,2016,12,NON TITO,,,JAWA TIMUR,0.75,YELLOW,38652062,AREA 3,JATIM,MADIUN,KEDIRI,,,0,0,0,JAWA TIMUR,KEDIRI,KRAS,PURWODADI,KEDIRI
1083142878,,ODP-NDL-FE/12,-7.964369,111.95392,,,3,5,0,0,8,REGIONAL 5,KEDIRI,KEDIRI,NDL,,,2024-03-16 23:22:25,42707,2016,12,NON TITO,,,JAWA TIMUR,0.625,YELLOW,38652056,AREA 3,JATIM,MADIUN,KEDIRI,,,0,0,0,JAWA TIMUR,KEDIRI,KRAS,KARANGTALUN,KEDIRI
1083142873,,ODP-NDL-FE/17,-7.952859,111.960235,,,2,6,0,0,8,REGIONAL 5,KEDIRI,KEDIRI,NDL,,,2024-03-16 23:22:44,42707,2016,12,NON TITO,,,JAWA TIMUR,0.75,YELLOW,38652053,AREA 3,JATIM,MADIUN,KEDIRI,,,0,0,0,JAWA TIMUR,KEDIRI,KRAS,KRAS,KEDIRI
1083142863,,ODP-NDL-FE/23,-7.951457,111.951803,,,2,6,0,0,8,REGIONAL 5,KEDIRI,KEDIRI,NDL,,,2024-03-16 23:22:42,42707,2016,12,NON TITO,,,JAWA TIMUR,0.75,YELLOW,38652047,AREA 3,JATIM,MADIUN,KEDIRI,,,0,0,0,JAWA TIMUR,KEDIRI,KRAS,PURWODADI,KEDIRI
1083142858,,ODP-NDL-FE/36,-7.947628,111.957629,,,2,6,0,0,8,REGIONAL 5,KEDIRI,KEDIRI,NDL,,,2024-03-16 23:22:40,42707,2016,12,NON TITO,,,JAWA TIMUR,0.75,YELLOW,38652044,AREA 3,JATIM,MADIUN,KEDIRI,,,0,0,0,JAWA TIMUR,KEDIRI,KRAS,PURWODADI,KEDIRI
1083142185,,ODP-NDL-FE/06,-7.974944,111.955003,,,2,6,0,0,8,REGIONAL 5,KEDIRI,KEDIRI,NDL,,,2024-03-16 23:22:24,42707,2016,12,NON TITO,,,JAWA TIMUR,0.75,YELLOW,38651870,AREA 3,JATIM,MADIUN,KEDIRI,,,0,0,0,JAWA TIMUR,KEDIRI,KRAS,REJOMULYO,KEDIRI
1083142180,,ODP-NDL-FE/02,-7.969512,111.969415,,,2,6,0,0,8,REGIONAL 5,KEDIRI,KEDIRI,NDL,,,2024-03-16 23:22:21,42707,2016,12,NON TITO,,,JAWA TIMUR,0.75,YELLOW,38651867,AREA 3,JATIM,MADIUN,KEDIRI,,,0,0,0,JAWA TIMUR,KEDIRI,KRAS,KARANGTALUN,KEDIRI
1083142175,,ODP-NDL-FE/20,-7.958714,111.948208,,,2,6,0,0,8,REGIONAL 5,KEDIRI,KEDIRI,NDL,,,2024-03-16 23:22:24,42707,2016,12,NON TITO,,,JAWA TIMUR,0.75,YELLOW,38651864,AREA 3,JATIM,MADIUN,KEDIRI,,,0,0,0,JAWA TIMUR,KEDIRI,KRAS,NYAWANGAN,KEDIRI
1083142165,,ODP-NDL-FE/41,-7.951041,111.96125,,,3,5,0,0,8,REGIONAL 5,KEDIRI,KEDIRI,NDL,,,2024-03-16 23:22:24,42707,2016,12,NON TITO,,,JAWA TIMUR,0.625,YELLOW,38651858,AREA 3,JATIM,MADIUN,KEDIRI,,,0,0,0,JAWA TIMUR,KEDIRI,KRAS,KRAS,KEDIRI
1083141811,,ODP-NDL-FE/07,-7.973479,111.951905,,,2,6,0,0,8,REGIONAL 5,KEDIRI,KEDIRI,NDL,,,2024-03-16 23:22:18,42707,2016,12,NON TITO,,,JAWA TIMUR,0.75,YELLOW,38651658,AREA 3,JATIM,MADIUN,KEDIRI,,,0,0,0,JAWA TIMUR,KEDIRI,KRAS,REJOMULYO,KEDIRI
1083141806,,ODP-NDL-FE/27,-7.954543,111.970349,,,2,6,0,0,8,REGIONAL 5,KEDIRI,KEDIRI,NDL,,,2024-03-16 23:21:59,42707,2016,12,NON TITO,,,JAWA TIMUR,0.75,YELLOW,38651655,AREA 3,JATIM,MADIUN,KEDIRI,,,0,0,0,JAWA TIMUR,KEDIRI,KRAS,KRAS,KEDIRI
1083141796,,ODP-NDL-FE/34,-7.944326,111.954694,,,2,6,0,0,8,REGIONAL 5,KEDIRI,KEDIRI,NDL,,,2024-03-16 23:22:16,42707,2016,12,NON TITO,,,JAWA TIMUR,0.75,YELLOW,38651649,AREA 3,JATIM,MADIUN,KEDIRI,,,0,0,0,JAWA TIMUR,KEDIRI,KRAS,PURWODADI,KEDIRI
1083141480,,ODP-NDL-FE/38,-7.946793,111.960834,,,2,6,0,0,8,REGIONAL 5,KEDIRI,KEDIRI,NDL,,,2024-03-16 23:22:18,42707,2016,12,NON TITO,,,JAWA TIMUR,0.75,YELLOW,38651466,AREA 3,JATIM,MADIUN,KEDIRI,,,0,0,0,JAWA TIMUR,KEDIRI,KRAS,PURWODADI,KEDIRI
1083141465,,ODP-NDL-FE/04,-7.96821,111.963578,,,2,6,0,0,8,REGIONAL 5,KEDIRI,KEDIRI,NDL,,,2024-03-16 23:22:19,42707,2016,12,NON TITO,,,JAWA TIMUR,0.75,YELLOW,38651457,AREA 3,JATIM,MADIUN,KEDIRI,,,0,0,0,JAWA TIMUR,KEDIRI,KRAS,KARANGTALUN,KEDIRI
1092085862,,ODP-NDL-FG/20,-7.892182,112.012131,,,5,10,0,0,16,REGIONAL 5,KEDIRI,KEDIRI,NDL,,,2024-03-16 23:23:07,42718,2016,12,NON TITO,,,JAWA TIMUR,0.625,YELLOW,38925172,AREA 3,JATIM,MADIUN,KEDIRI,,,0,0,0,JAWA TIMUR,KEDIRI,NGADILUWIH,REMBANGKEPUH,KEDIRI
1092085997,,ODP-NDL-FG/18,-7.882704,112.004027,,,9,7,0,0,16,REGIONAL 5,KEDIRI,KEDIRI,NDL,,,2024-03-16 23:23:06,42718,2016,12,NON TITO,,,JAWA TIMUR,0.4375,YELLOW,38925252,AREA 3,JATIM,MADIUN,KEDIRI,,,0,0,0,JAWA TIMUR,KEDIRI,NGADILUWIH,REMBANG,KEDIRI
1092086162,,ODP-NDL-FG/01,-7.877944,111.986092,,,3,5,0,0,8,REGIONAL 5,KEDIRI,KEDIRI,NDL,,,2024-03-16 23:23:21,42718,2016,12,NON TITO,,,JAWA TIMUR,0.625,YELLOW,38925352,AREA 3,JATIM,MADIUN,KEDIRI,,,0,0,0,JAWA TIMUR,KEDIRI,NGADILUWIH,BADAL,KEDIRI
1135545108,,ODP-MJT-FV/06,-7.827667,111.974087,,,6,10,0,0,16,REGIONAL 5,KEDIRI,KEDIRI,MJT,,,2024-03-16 23:23:04,42753,2017,1,NON TITO,,,JAWA TIMUR,0.625,YELLOW,39429602,AREA 3,JATIM,MADIUN,KEDIRI,,,0,0,0,JAWA TIMUR,KEDIRI,SEMEN,SEMEN,KEDIRI
1131219466,,ODP-PAE-FK/02,-7.808264,112.182422,,,2,6,0,0,8,REGIONAL 5,KEDIRI,KEDIRI,PAE,,,2024-03-16 23:22:36,42752,2017,1,NON TITO,,,JAWA TIMUR,0.75,YELLOW,39420935,AREA 3,JATIM,MADIUN,KEDIRI,,,0,0,0,JAWA TIMUR,KEDIRI,PUNCU,SIDOMULYO,KEDIRI
1131219376,,ODP-PAE-FK/04,-7.826716,112.192054,,,2,6,0,0,8,REGIONAL 5,KEDIRI,KEDIRI,PAE,,,2024-03-16 23:22:45,42752,2017,1,NON TITO,,,JAWA TIMUR,0.75,YELLOW,39420904,AREA 3,JATIM,MADIUN,KEDIRI,,,0,0,0,JAWA TIMUR,KEDIRI,PUNCU,SIDOMULYO,KEDIRI
1131219259,,ODP-PAE-FK/15,-7.82197,112.171371,,,4,4,0,0,8,REGIONAL 5,KEDIRI,KEDIRI,PAE,,,2024-03-16 23:21:03,42752,2017,1,NON TITO,,,JAWA TIMUR,0.5,YELLOW,39420870,AREA 3,JATIM,MADIUN,KEDIRI,,,0,0,0,JAWA TIMUR,KEDIRI,PARE,SIDOREJO,KEDIRI
1131219157,,ODP-PAE-FQ/16,-7.778807,112.203912,,,8,8,0,0,16,REGIONAL 5,KEDIRI,KEDIRI,PAE,,,2024-03-16 23:22:39,42752,2017,1,NON TITO,,,JAWA TIMUR,0.5,YELLOW,39420840,AREA 3,JATIM,MADIUN,KEDIRI,,,0,0,0,JAWA TIMUR,KEDIRI,PARE,TERTEK,KEDIRI
1131219151,,ODP-PAE-FQ/22,-7.780275,112.207132,,,8,8,0,0,16,REGIONAL 5,KEDIRI,KEDIRI,PAE,,,2024-03-16 23:22:47,42752,2017,1,NON TITO,,,JAWA TIMUR,0.5,YELLOW,39420838,AREA 3,JATIM,MADIUN,KEDIRI,,,0,0,0,JAWA TIMUR,KEDIRI,PARE,TERTEK,KEDIRI
1131219083,,ODP-PAE-FK/09,-7.821037,112.181828,,,3,5,0,0,8,REGIONAL 5,KEDIRI,KEDIRI,PAE,,,2024-03-16 23:22:25,42752,2017,1,NON TITO,,,JAWA TIMUR,0.625,YELLOW,39420816,AREA 3,JATIM,MADIUN,KEDIRI,,,0,0,0,JAWA TIMUR,KEDIRI,PUNCU,SIDOMULYO,KEDIRI
1131218973,,ODP-PAE-FK/13,-7.816896,112.162853,,,3,5,0,0,8,REGIONAL 5,KEDIRI,KEDIRI,PAE,,,2024-03-16 23:21:54,42752,2017,1,NON TITO,,,JAWA TIMUR,0.625,YELLOW,39420777,AREA 3,JATIM,MADIUN,KEDIRI,,,0,0,0,JAWA TIMUR,KEDIRI,PARE,SIDOREJO,KEDIRI
1131218955,,ODP-PAE-FQ/11,-7.773382,112.208477,,,7,9,0,0,16,REGIONAL 5,KEDIRI,KEDIRI,PAE,,,2024-03-16 23:22:58,42752,2017,1,NON TITO,,,JAWA TIMUR,0.5625,YELLOW,39420772,AREA 3,JATIM,MADIUN,KEDIRI,,,0,0,0,JAWA TIMUR,KEDIRI,PARE,TERTEK,KEDIRI
1131218871,,ODP-PAE-FK/17,-7.830871,112.177414,,,2,6,0,0,8,REGIONAL 5,KEDIRI,KEDIRI,PAE,,,2024-03-16 23:22:42,42752,2017,1,NON TITO,,,JAWA TIMUR,0.75,YELLOW,39420744,AREA 3,JATIM,MADIUN,KEDIRI,,,0,0,0,JAWA TIMUR,KEDIRI,PLOSOKLATEN,SUMBERAGUNG,KEDIRI
1131218859,,ODP-PAE-FK/06,-7.821427,112.185136,,,8,8,0,0,16,REGIONAL 5,KEDIRI,KEDIRI,PAE,,,2024-03-16 23:22:27,42752,2017,1,NON TITO,,,JAWA TIMUR,0.5,YELLOW,39420740,AREA 3,JATIM,MADIUN,KEDIRI,,,0,0,0,JAWA TIMUR,KEDIRI,PUNCU,SIDOMULYO,KEDIRI
1131218773,,ODP-PAE-FK/14,-7.819762,112.167627,,,3,5,0,0,8,REGIONAL 5,KEDIRI,KEDIRI,PAE,,,2024-03-16 23:22:42,42752,2017,1,NON TITO,,,JAWA TIMUR,0.625,YELLOW,39420714,AREA 3,JATIM,MADIUN,KEDIRI,,,0,0,0,JAWA TIMUR,KEDIRI,PARE,SIDOREJO,KEDIRI
1131218749,,ODP-PAE-FQ/07,-7.771904,112.210438,,,5,11,0,0,16,REGIONAL 5,KEDIRI,KEDIRI,PAE,,,2024-03-16 23:21:25,42752,2017,1,NON TITO,,,JAWA TIMUR,0.6875,YELLOW,39420706,AREA 3,JATIM,MADIUN,KEDIRI,,,0,0,0,JAWA TIMUR,KEDIRI,PARE,TERTEK,KEDIRI
1131218743,,ODP-PAE-FQ/24,-7.781993,112.212383,,,4,12,0,0,16,REGIONAL 5,KEDIRI,KEDIRI,PAE,,,2024-03-16 23:22:42,42752,2017,1,NON TITO,,,JAWA TIMUR,0.75,YELLOW,39420704,AREA 3,JATIM,MADIUN,KEDIRI,,,0,0,0,JAWA TIMUR,KEDIRI,PARE,TERTEK,KEDIRI
1131217785,,ODP-MJT-FF/28,-7.789893,112.00011,,,5,11,0,0,16,REGIONAL 5,KEDIRI,KEDIRI,MJT,,,2024-03-16 23:21:08,42751,2017,1,NON TITO,,,JAWA TIMUR,0.6875,YELLOW,39419651,AREA 3,JATIM,MADIUN,KEDIRI,,,0,0,0,JAWA TIMUR,KOTA KEDIRI,MOJOROTO,NGAMPEL,KEDIRI
1131217660,,ODP-MJT-FF/30,-7.78424,112.000303,,,2,6,0,0,8,REGIONAL 5,KEDIRI,KEDIRI,MJT,,,2024-03-16 23:22:22,42751,2017,1,NON TITO,,,JAWA TIMUR,0.75,YELLOW,39419565,AREA 3,JATIM,MADIUN,KEDIRI,,,0,0,0,JAWA TIMUR,KOTA KEDIRI,MOJOROTO,MRICAN,KEDIRI
1131217275,,ODP-MJT-FF/31,-7.783327,112.000332,,,5,11,0,0,16,REGIONAL 5,KEDIRI,KEDIRI,MJT,,,2024-03-16 23:22:26,42751,2017,1,NON TITO,,,JAWA TIMUR,0.6875,YELLOW,39419268,AREA 3,JATIM,MADIUN,KEDIRI,,,0,0,0,JAWA TIMUR,KOTA KEDIRI,MOJOROTO,MRICAN,KEDIRI
1135545111,,ODP-MJT-FV/07,-7.829983,111.967984,,,4,4,0,0,8,REGIONAL 5,KEDIRI,KEDIRI,MJT,,,2024-03-16 23:23:28,42753,2017,1,NON TITO,,,JAWA TIMUR,0.5,YELLOW,39429604,AREA 3,JATIM,MADIUN,KEDIRI,,,0,0,0,JAWA TIMUR,KEDIRI,SEMEN,SEMEN,KEDIRI
1131211705,,ODP-NDL-FD/18,-7.900536,111.9623,,,2,6,0,0,8,REGIONAL 5,KEDIRI,KEDIRI,NDL,,,2024-03-16 23:28:56,42751,2017,1,NON TITO,,,JAWA TIMUR,0.75,YELLOW,39415903,AREA 3,JATIM,MADIUN,KEDIRI,,,0,0,0,JAWA TIMUR,KEDIRI,MOJO,TAMBIBENDO,KEDIRI
1142372813,,ODP-PPR-FH/03,-7.693898,112.137242,,,7,9,0,0,16,REGIONAL 5,KEDIRI,KEDIRI,PPR,,,2024-03-16 23:27:09,42755,2017,1,NON TITO,,,JAWA TIMUR,0.5625,YELLOW,39444620,AREA 3,JATIM,MADIUN,KEDIRI,,,0,0,0,JAWA TIMUR,KEDIRI,PLEMAHAN,NGINO,KEDIRI
1142372827,,ODP-PPR-FH/07,-7.680665,112.142239,,,2,6,0,0,8,REGIONAL 5,KEDIRI,KEDIRI,PPR,,,2024-03-16 23:27:11,42755,2017,1,NON TITO,,,JAWA TIMUR,0.75,YELLOW,39444625,AREA 3,JATIM,MADIUN,KEDIRI,,,0,0,0,JAWA TIMUR,KEDIRI,PLEMAHAN,PLEMAHAN,KEDIRI
1146422130,,ODP-KDI-FAD/26,-7.85343,112.045402,,,4,4,0,0,8,REGIONAL 5,KEDIRI,KEDIRI,KDI,,,2024-03-16 23:24:10,42762,2017,1,NON TITO,,,JAWA TIMUR,0.5,YELLOW,39600543,AREA 3,JATIM,MADIUN,KEDIRI,,,0,0,0,JAWA TIMUR,KOTA KEDIRI,PESANTREN,BETET,KEDIRI
1146422123,,ODP-KDI-FAD/25,-7.855266,112.044668,,,4,4,0,0,8,REGIONAL 5,KEDIRI,KEDIRI,KDI,,,2024-03-16 23:24:12,42762,2017,1,NON TITO,,,JAWA TIMUR,0.5,YELLOW,39600528,AREA 3,JATIM,MADIUN,KEDIRI,,,0,0,0,JAWA TIMUR,KOTA KEDIRI,PESANTREN,BETET,KEDIRI
1146422116,,ODP-KDI-FAD/24,-7.857475,112.043892,,,2,6,0,0,8,REGIONAL 5,KEDIRI,KEDIRI,KDI,,,2024-03-16 23:23:57,42762,2017,1,NON TITO,,,JAWA TIMUR,0.75,YELLOW,39600515,AREA 3,JATIM,MADIUN,KEDIRI,,,0,0,0,JAWA TIMUR,KOTA KEDIRI,PESANTREN,BETET,KEDIRI
1146422109,,ODP-KDI-FAD/23,-7.861554,112.042267,,,3,5,0,0,8,REGIONAL 5,KEDIRI,KEDIRI,KDI,,,2024-03-16 23:24:22,42762,2017,1,NON TITO,,,JAWA TIMUR,0.625,YELLOW,39600491,AREA 3,JATIM,MADIUN,KEDIRI,,,0,0,0,JAWA TIMUR,KOTA KEDIRI,PESANTREN,BLABAK,KEDIRI
1146422101,,ODP-KDI-FAD/22,-7.863281,112.046929,,,2,5,0,0,8,REGIONAL 5,KEDIRI,KEDIRI,KDI,,,2024-03-16 23:24:01,42762,2017,1,NON TITO,,,JAWA TIMUR,0.625,YELLOW,39600467,AREA 3,JATIM,MADIUN,KEDIRI,,,0,0,0,JAWA TIMUR,KOTA KEDIRI,PESANTREN,BLABAK,KEDIRI
1146422082,,ODP-KDI-FAD/21,-7.8637,112.048104,,,2,6,0,0,8,REGIONAL 5,KEDIRI,KEDIRI,KDI,,,2024-03-16 23:24:18,42762,2017,1,NON TITO,,,JAWA TIMUR,0.75,YELLOW,39600442,AREA 3,JATIM,MADIUN,KEDIRI,,,0,0,0,JAWA TIMUR,KOTA KEDIRI,PESANTREN,BLABAK,KEDIRI
1149270719,,ODP-KDI-FV/42,-7.832878,112.046836,,,3,5,0,0,8,REGIONAL 5,KEDIRI,KEDIRI,KDI,,,2024-03-16 23:23:53,42762,2017,1,NON TITO,,,JAWA TIMUR,0.625,YELLOW,39599147,AREA 3,JATIM,MADIUN,KEDIRI,,,0,0,0,JAWA TIMUR,KOTA KEDIRI,PESANTREN,BANGSAL,KEDIRI
1142373147,,ODP-PPR-FH/09,-7.687297,112.139873,,,3,5,0,0,8,REGIONAL 5,KEDIRI,KEDIRI,PPR,,,2024-03-16 23:27:11,42755,2017,1,NON TITO,,,JAWA TIMUR,0.625,YELLOW,39568531,AREA 3,JATIM,MADIUN,KEDIRI,,,0,0,0,JAWA TIMUR,KEDIRI,PLEMAHAN,PLEMAHAN,KEDIRI
1142372823,,ODP-PPR-FH/06,-7.691622,112.138203,,,4,4,0,0,8,REGIONAL 5,KEDIRI,KEDIRI,PPR,,,2024-03-16 23:26:58,42755,2017,1,NON TITO,,,JAWA TIMUR,0.5,YELLOW,39568376,AREA 3,JATIM,MADIUN,KEDIRI,,,0,0,0,JAWA TIMUR,KEDIRI,PLEMAHAN,NGINO,KEDIRI
1131219463,,ODP-PAE-FK/01,-7.804239,112.183326,,,2,6,0,0,8,REGIONAL 5,KEDIRI,KEDIRI,PAE,,,2024-03-16 23:22:47,42752,2017,1,NON TITO,,,JAWA TIMUR,0.75,YELLOW,39489419,AREA 3,JATIM,MADIUN,KEDIRI,,,0,0,0,JAWA TIMUR,KEDIRI,PARE,GEDANGSEWU,KEDIRI
1131219449,,ODP-PAE-FQ/05,-7.77376,112.215268,,,2,6,0,0,8,REGIONAL 5,KEDIRI,KEDIRI,PAE,,,2024-03-16 23:22:42,42752,2017,1,NON TITO,,,JAWA TIMUR,0.75,YELLOW,39489415,AREA 3,JATIM,MADIUN,KEDIRI,,,0,0,0,JAWA TIMUR,KEDIRI,PARE,TERTEK,KEDIRI
1131219358,,ODP-PAE-FQ/12,-7.776452,112.200416,,,5,11,0,0,16,REGIONAL 5,KEDIRI,KEDIRI,PAE,,,2024-03-16 23:22:05,42752,2017,1,NON TITO,,,JAWA TIMUR,0.6875,YELLOW,39489387,AREA 3,JATIM,MADIUN,KEDIRI,,,0,0,0,JAWA TIMUR,KEDIRI,PARE,PARE,KEDIRI
1131219352,,ODP-PAE-FQ/14,-7.778617,112.200998,,,3,5,0,0,8,REGIONAL 5,KEDIRI,KEDIRI,PAE,,,2024-03-16 23:22:40,42752,2017,1,NON TITO,,,JAWA TIMUR,0.625,YELLOW,39489385,AREA 3,JATIM,MADIUN,KEDIRI,,,0,0,0,JAWA TIMUR,KEDIRI,PARE,PARE,KEDIRI
1131219262,,ODP-PAE-FK/18,-7.829763,112.177667,,,3,5,0,0,8,REGIONAL 5,KEDIRI,KEDIRI,PAE,,,2024-03-16 23:22:45,42752,2017,1,NON TITO,,,JAWA TIMUR,0.625,YELLOW,39489354,AREA 3,JATIM,MADIUN,KEDIRI,,,0,0,0,JAWA TIMUR,KEDIRI,PLOSOKLATEN,SUMBERAGUNG,KEDIRI
1131219080,,ODP-PAE-FK/19,-7.825559,112.178685,,,2,6,0,0,8,REGIONAL 5,KEDIRI,KEDIRI,PAE,,,2024-03-16 23:22:42,42752,2017,1,NON TITO,,,JAWA TIMUR,0.75,YELLOW,39489293,AREA 3,JATIM,MADIUN,KEDIRI,,,0,0,0,JAWA TIMUR,KEDIRI,PARE,SIDOREJO,KEDIRI
1131219072,,ODP-PAE-FQ/15,-7.777589,112.201751,,,8,8,0,0,16,REGIONAL 5,KEDIRI,KEDIRI,PAE,,,2024-03-16 23:21:18,42752,2017,1,NON TITO,,,JAWA TIMUR,0.5,YELLOW,39489291,AREA 3,JATIM,MADIUN,KEDIRI,,,0,0,0,JAWA TIMUR,KEDIRI,PARE,PARE,KEDIRI
1131218952,,ODP-PAE-FQ/21,-7.781459,112.20731,,,6,10,0,0,16,REGIONAL 5,KEDIRI,KEDIRI,PAE,,,2024-03-16 23:22:41,42752,2017,1,NON TITO,,,JAWA TIMUR,0.625,YELLOW,39489254,AREA 3,JATIM,MADIUN,KEDIRI,,,0,0,0,JAWA TIMUR,KEDIRI,PARE,TERTEK,KEDIRI
1142372820,,ODP-PPR-FH/05,-7.690558,112.136198,,,2,6,0,0,8,REGIONAL 5,KEDIRI,KEDIRI,PPR,,,2024-03-16 23:27:13,42755,2017,1,NON TITO,,,JAWA TIMUR,0.75,YELLOW,39444622,AREA 3,JATIM,MADIUN,KEDIRI,,,0,0,0,JAWA TIMUR,KEDIRI,PLEMAHAN,NGINO,KEDIRI
1131207610,,ODP-SBI-FE/08,-7.98017,112.033736,,,4,12,0,0,16,REGIONAL 5,KEDIRI,KEDIRI,SBI,,,2024-03-16 23:27:42,42750,2017,1,NON TITO,,,JAWA TIMUR,0.75,YELLOW,39412394,AREA 3,JATIM,MADIUN,KEDIRI,,,0,0,0,JAWA TIMUR,KEDIRI,RINGINREJO,SAMBI,KEDIRI
1131207600,,ODP-SBI-FE/01,-7.978708,112.017354,,,6,10,0,0,16,REGIONAL 5,KEDIRI,KEDIRI,SBI,,,2024-03-16 23:27:41,42750,2017,1,NON TITO,,,JAWA TIMUR,0.625,YELLOW,39412388,AREA 3,JATIM,MADIUN,KEDIRI,,,0,0,0,JAWA TIMUR,KEDIRI,RINGINREJO,SRIKATON,KEDIRI
1131207493,,ODP-SBI-FE/07,-7.981618,112.034361,,,5,11,0,0,16,REGIONAL 5,KEDIRI,KEDIRI,SBI,,,2024-03-16 23:27:49,42750,2017,1,NON TITO,,,JAWA TIMUR,0.6875,YELLOW,39412324,AREA 3,JATIM,MADIUN,KEDIRI,,,0,0,0,JAWA TIMUR,KEDIRI,RINGINREJO,SAMBI,KEDIRI
1104624801,,ODP-PAE-FM/36,-7.76787,112.193883,,,5,11,0,0,16,REGIONAL 5,KEDIRI,KEDIRI,PAE,,,2024-03-16 23:22:05,42734,2016,12,NON TITO,,,JAWA TIMUR,0.6875,YELLOW,39206962,AREA 3,JATIM,MADIUN,KEDIRI,,,0,0,0,JAWA TIMUR,KEDIRI,PARE,PARE,KEDIRI
1104608948,,ODP-MJT-FA/15,-7.714489,111.937315,,,4,4,0,0,8,REGIONAL 5,KEDIRI,KEDIRI,MJT,,,2024-03-16 23:25:20,42733,2016,12,NON TITO,,,JAWA TIMUR,0.5,YELLOW,39198222,AREA 3,JATIM,MADIUN,KEDIRI,,,0,0,0,JAWA TIMUR,KEDIRI,TAROKAN,KALIBOTO,KEDIRI
1104575393,,ODP-SBI-FB/03,-8.01189,112.038719,,,2,5,1,0,8,REGIONAL 5,KEDIRI,KEDIRI,SBI,,,2024-03-16 23:26:09,42727,2016,12,NON TITO,,,JAWA TIMUR,0.625,YELLOW,39157465,AREA 3,JATIM,MADIUN,KEDIRI,,,0,0,0,JAWA TIMUR,KEDIRI,RINGINREJO,RINGINREJO,KEDIRI
1098060842,,ODP-NDL-FF/13,-7.932966,111.988599,,,3,5,0,0,8,REGIONAL 5,KEDIRI,KEDIRI,NDL,,,2024-03-16 23:26:03,42725,2016,12,NON TITO,,,JAWA TIMUR,0.625,YELLOW,39141728,AREA 3,JATIM,MADIUN,KEDIRI,,,0,0,0,JAWA TIMUR,KEDIRI,NGADILUWIH,TALES,KEDIRI
1098060334,,ODP-NDL-FF/12,-7.93238,111.986391,,,8,8,0,0,16,REGIONAL 5,KEDIRI,KEDIRI,NDL,,,2024-03-16 23:26:24,42725,2016,12,NON TITO,,,JAWA TIMUR,0.5,YELLOW,39141573,AREA 3,JATIM,MADIUN,KEDIRI,,,0,0,0,JAWA TIMUR,KEDIRI,NGADILUWIH,TALES,KEDIRI
1098060054,,ODP-NDL-FF/15,-7.929311,111.985547,,,3,5,0,0,8,REGIONAL 5,KEDIRI,KEDIRI,NDL,,,2024-03-16 23:26:28,42725,2016,12,NON TITO,,,JAWA TIMUR,0.625,YELLOW,39141484,AREA 3,JATIM,MADIUN,KEDIRI,,,0,0,0,JAWA TIMUR,KEDIRI,NGADILUWIH,TALES,KEDIRI
1098059270,,ODP-NDL-FF/11,-7.931529,111.983116,,,3,5,0,0,8,REGIONAL 5,KEDIRI,KEDIRI,NDL,,,2024-03-16 23:26:18,42725,2016,12,NON TITO,,,JAWA TIMUR,0.625,YELLOW,39141256,AREA 3,JATIM,MADIUN,KEDIRI,,,0,0,0,JAWA TIMUR,KEDIRI,NGADILUWIH,TALES,KEDIRI
1098060337,,ODP-NDL-FF/17,-7.926692,111.977321,,,8,8,0,0,16,REGIONAL 5,KEDIRI,KEDIRI,NDL,,,2024-03-16 23:21:07,42725,2016,12,NON TITO,,,JAWA TIMUR,0.5,YELLOW,39075510,AREA 3,JATIM,MADIUN,KEDIRI,,,0,0,0,JAWA TIMUR,KEDIRI,NGADILUWIH,TALES,KEDIRI
1098060051,,ODP-NDL-FF/10,-7.919033,111.978855,,,9,7,0,0,16,REGIONAL 5,KEDIRI,KEDIRI,NDL,,,2024-03-16 23:26:44,42725,2016,12,NON TITO,,,JAWA TIMUR,0.4375,YELLOW,39075425,AREA 3,JATIM,MADIUN,KEDIRI,,,0,0,0,JAWA TIMUR,KEDIRI,NGADILUWIH,SEKETI,KEDIRI
1098059505,,ODP-SBI-FG/01,-7.939974,112.012497,,,6,10,0,0,16,REGIONAL 5,KEDIRI,KEDIRI,SBI,,,2024-03-16 23:25:21,42725,2016,12,NON TITO,,,JAWA TIMUR,0.625,YELLOW,39075250,AREA 3,JATIM,MADIUN,KEDIRI,,,0,0,0,JAWA TIMUR,KEDIRI,KRAS,KRANDANG,KEDIRI
1096543797,,ODP-KDI-FAA/71,-7.744111,112.038293,,,3,5,0,0,8,REGIONAL 5,KEDIRI,KEDIRI,KDI,,,2024-03-16 23:23:54,42719,2016,12,NON TITO,,,JAWA TIMUR,0.625,YELLOW,38937460,AREA 3,JATIM,MADIUN,KEDIRI,,,0,0,0,JAWA TIMUR,KEDIRI,KAYEN KIDUL,BAYE,KEDIRI
1092087104,,ODP-NDL-FG/10,-7.890644,111.986559,,,3,5,0,0,8,REGIONAL 5,KEDIRI,KEDIRI,NDL,,,2024-03-16 23:22:49,42718,2016,12,NON TITO,,,JAWA TIMUR,0.625,YELLOW,38925952,AREA 3,JATIM,MADIUN,KEDIRI,,,0,0,0,JAWA TIMUR,KEDIRI,NGADILUWIH,NGADILUWIH,KEDIRI
1092087094,,ODP-NDL-FG/21,-7.890239,112.007081,,,8,8,0,0,16,REGIONAL 5,KEDIRI,KEDIRI,NDL,,,2024-03-16 23:23:25,42718,2016,12,NON TITO,,,JAWA TIMUR,0.5,YELLOW,38925946,AREA 3,JATIM,MADIUN,KEDIRI,,,0,0,0,JAWA TIMUR,KEDIRI,NGADILUWIH,REMBANGKEPUH,KEDIRI
1092086900,,ODP-NDL-FG/24,-7.886005,112.001488,,,6,10,0,0,16,REGIONAL 5,KEDIRI,KEDIRI,NDL,,,2024-03-16 23:23:21,42718,2016,12,NON TITO,,,JAWA TIMUR,0.625,YELLOW,38925824,AREA 3,JATIM,MADIUN,KEDIRI,,,0,0,0,JAWA TIMUR,KEDIRI,NGADILUWIH,REMBANGKEPUH,KEDIRI
1092086751,,ODP-NDL-FG/03,-7.878629,111.983335,,,3,5,0,0,8,REGIONAL 5,KEDIRI,KEDIRI,NDL,,,2024-03-16 23:23:25,42718,2016,12,NON TITO,,,JAWA TIMUR,0.625,YELLOW,38925734,AREA 3,JATIM,MADIUN,KEDIRI,,,0,0,0,JAWA TIMUR,KEDIRI,NGADILUWIH,BADAL,KEDIRI
1092086402,,ODP-NDL-FG/14,-7.888313,112.023367,,,4,4,0,0,8,REGIONAL 5,KEDIRI,KEDIRI,NDL,,,2024-03-16 23:23:21,42718,2016,12,NON TITO,,,JAWA TIMUR,0.5,YELLOW,38925501,AREA 3,JATIM,MADIUN,KEDIRI,,,0,0,0,JAWA TIMUR,KEDIRI,NGADILUWIH,BEDUG,KEDIRI
1092086177,,ODP-NDL-FG/15,-7.886668,112.01623,,,2,6,0,0,8,REGIONAL 5,KEDIRI,KEDIRI,NDL,,,2024-03-16 23:23:01,42718,2016,12,NON TITO,,,JAWA TIMUR,0.75,YELLOW,38925361,AREA 3,JATIM,MADIUN,KEDIRI,,,0,0,0,JAWA TIMUR,KEDIRI,NGADILUWIH,BEDUG,KEDIRI
1119043721,,ODP-WAT-FG/02,-7.928848,112.131928,,,9,7,0,0,16,REGIONAL 5,KEDIRI,KEDIRI,WAT,,,2024-03-16 23:24:02,42739,2017,1,NON TITO,,,JAWA TIMUR,0.4375,YELLOW,39217908,AREA 3,JATIM,MADIUN,KEDIRI,,,0,0,0,JAWA TIMUR,KEDIRI,NGANCAR,KUNJANG,KEDIRI
1123638991,,ODP-WAT-FL/18,-7.891189,112.107165,,,4,4,0,0,8,REGIONAL 5,KEDIRI,KEDIRI,WAT,,,2024-03-16 23:26:48,42743,2017,1,NON TITO,,,JAWA TIMUR,0.5,YELLOW,39231703,AREA 3,JATIM,MADIUN,KEDIRI,,,0,0,0,JAWA TIMUR,KEDIRI,WATES,SUMBERAGUNG,KEDIRI
1123644005,,ODP-KDI-FN/08,-7.772136,112.02505,,,3,5,0,0,8,REGIONAL 5,KEDIRI,KEDIRI,KDI,,,2024-03-16 23:28:07,42745,2017,1,NON TITO,,,JAWA TIMUR,0.625,YELLOW,39237241,AREA 3,JATIM,MADIUN,KEDIRI,,,0,0,0,JAWA TIMUR,KEDIRI,GAMPENGREJO,SAMBIRESIK,KEDIRI
1123661133,,ODP-MJT-FV/03,-7.828655,111.980487,,,4,4,0,0,8,REGIONAL 5,KEDIRI,KEDIRI,MJT,,,2024-03-16 23:23:37,42747,2017,1,NON TITO,,,JAWA TIMUR,0.5,YELLOW,39245496,AREA 3,JATIM,MADIUN,KEDIRI,,,0,0,0,JAWA TIMUR,KEDIRI,SEMEN,SEMEN,KEDIRI
1131207381,,ODP-SBI-FE/05,-7.981003,112.03048,,,4,12,0,0,16,REGIONAL 5,KEDIRI,KEDIRI,SBI,,,2024-03-16 23:27:50,42750,2017,1,NON TITO,,,JAWA TIMUR,0.75,YELLOW,39412258,AREA 3,JATIM,MADIUN,KEDIRI,,,0,0,0,JAWA TIMUR,KEDIRI,RINGINREJO,SAMBI,KEDIRI
1131207189,,ODP-SBI-FE/03,-7.980204,112.025784,,,7,9,0,0,16,REGIONAL 5,KEDIRI,KEDIRI,SBI,,,2024-03-16 23:26:43,42750,2017,1,NON TITO,,,JAWA TIMUR,0.5625,YELLOW,39412145,AREA 3,JATIM,MADIUN,KEDIRI,,,0,0,0,JAWA TIMUR,KEDIRI,RINGINREJO,SAMBI,KEDIRI
1131199575,,ODP-WAT-FL/22,-7.895102,112.118455,,,4,4,0,0,8,REGIONAL 5,KEDIRI,KEDIRI,WAT,,,2024-03-16 23:25:38,42748,2017,1,NON TITO,,,JAWA TIMUR,0.5,YELLOW,39403523,AREA 3,JATIM,MADIUN,KEDIRI,,,0,0,0,JAWA TIMUR,KEDIRI,WATES,PLAOSAN,KEDIRI
1131199563,,ODP-WAT-FL/23,-7.893914,112.115877,,,2,6,0,0,8,REGIONAL 5,KEDIRI,KEDIRI,WAT,,,2024-03-16 23:21:07,42748,2017,1,NON TITO,,,JAWA TIMUR,0.75,YELLOW,39403516,AREA 3,JATIM,MADIUN,KEDIRI,,,0,0,0,JAWA TIMUR,KEDIRI,WATES,PLAOSAN,KEDIRI
1123661123,,ODP-MJT-FV/01,-7.828362,111.983432,,,3,5,0,0,8,REGIONAL 5,KEDIRI,KEDIRI,MJT,,,2024-03-16 23:23:55,42747,2017,1,NON TITO,,,JAWA TIMUR,0.625,YELLOW,39397013,AREA 3,JATIM,MADIUN,KEDIRI,,,0,0,0,JAWA TIMUR,KEDIRI,SEMEN,SEMEN,KEDIRI
1104425676,,ODP-MJT-FP/12,-7.8242,111.9976,,,6,10,0,0,16,REGIONAL 5,KEDIRI,KEDIRI,MJT,,,2024-03-16 23:29:18,42745,2017,1,NON TITO,,,JAWA TIMUR,0.625,YELLOW,39379180,AREA 3,JATIM,MADIUN,KEDIRI,,,0,0,0,JAWA TIMUR,KOTA KEDIRI,MOJOROTO,LIRBOYO,KEDIRI
1104425662,,ODP-MJT-FP/11,-7.826,111.9971,,,5,11,0,0,16,REGIONAL 5,KEDIRI,KEDIRI,MJT,,,2024-03-16 23:29:16,42745,2017,1,NON TITO,,,JAWA TIMUR,0.6875,YELLOW,39379108,AREA 3,JATIM,MADIUN,KEDIRI,,,0,0,0,JAWA TIMUR,KOTA KEDIRI,MOJOROTO,LIRBOYO,KEDIRI
1123638720,,ODP-WAT-FL/20,-7.894838,112.104718,,,8,8,0,0,16,REGIONAL 5,KEDIRI,KEDIRI,WAT,,,2024-03-16 23:26:00,42743,2017,1,NON TITO,,,JAWA TIMUR,0.5,YELLOW,39372317,AREA 3,JATIM,MADIUN,KEDIRI,,,0,0,0,JAWA TIMUR,KEDIRI,WATES,WONOREJO,KEDIRI
1150635865,,ODP-PAE-FE/09,-7.743607,112.154433,,,5,11,0,0,16,REGIONAL 5,KEDIRI,KEDIRI,PAE,,,2024-03-16 23:28:50,42761,2017,1,NON TITO,,,JAWA TIMUR,0.6875,YELLOW,39730951,AREA 3,JATIM,MADIUN,KEDIRI,,,0,0,0,JAWA TIMUR,KEDIRI,PLEMAHAN,TEGOWANGI,KEDIRI
1123624556,,ODP-MJT-FJ/18,-7.826654,111.990493,,,3,5,0,0,8,REGIONAL 5,KEDIRI,KEDIRI,MJT,,,2024-03-16 23:23:05,42740,2017,1,NON TITO,,,JAWA TIMUR,0.625,YELLOW,39360528,AREA 3,JATIM,MADIUN,KEDIRI,,,0,0,0,JAWA TIMUR,KOTA KEDIRI,MOJOROTO,CAMPUREJO,KEDIRI
1123622153,,ODP-MJT-FJ/19,-7.825858,111.987925,,,2,6,0,0,8,REGIONAL 5,KEDIRI,KEDIRI,MJT,,,2024-03-16 23:22:48,42740,2017,1,NON TITO,,,JAWA TIMUR,0.75,YELLOW,39358640,AREA 3,JATIM,MADIUN,KEDIRI,,,0,0,0,JAWA TIMUR,KOTA KEDIRI,MOJOROTO,CAMPUREJO,KEDIRI
1123621437,,ODP-MJT-FJ/21,-7.823243,111.986836,,,2,6,0,0,8,REGIONAL 5,KEDIRI,KEDIRI,MJT,,,2024-03-16 23:22:58,42740,2017,1,NON TITO,,,JAWA TIMUR,0.75,YELLOW,39358090,AREA 3,JATIM,MADIUN,KEDIRI,,,0,0,0,JAWA TIMUR,KOTA KEDIRI,MOJOROTO,CAMPUREJO,KEDIRI
1104625869,,ODP-PAE-FM/30,-7.764485,112.1911,,,6,10,0,0,16,REGIONAL 5,KEDIRI,KEDIRI,PAE,,,2024-03-16 23:22:28,42734,2016,12,NON TITO,,,JAWA TIMUR,0.625,YELLOW,39281227,AREA 3,JATIM,MADIUN,KEDIRI,,,0,0,0,JAWA TIMUR,KEDIRI,PARE,PARE,KEDIRI
1131218868,,ODP-PAE-FK/12,-7.81363,112.15741,,,5,10,1,0,16,REGIONAL 5,KEDIRI,KEDIRI,PAE,,,2024-03-16 23:22:36,42752,2017,1,NON TITO,,,JAWA TIMUR,0.625,YELLOW,39264228,AREA 3,JATIM,MADIUN,KEDIRI,,,0,0,0,JAWA TIMUR,KEDIRI,PARE,SIDOREJO,KEDIRI
1131218850,,ODP-PAE-FQ/13,-7.778504,112.199373,,,7,9,0,0,16,REGIONAL 5,KEDIRI,KEDIRI,PAE,,,2024-03-16 23:22:22,42752,2017,1,NON TITO,,,JAWA TIMUR,0.5625,YELLOW,39264222,AREA 3,JATIM,MADIUN,KEDIRI,,,0,0,0,JAWA TIMUR,KEDIRI,PARE,PARE,KEDIRI
1131218776,,ODP-PAE-FK/08,-7.824284,112.186028,,,3,5,0,0,8,REGIONAL 5,KEDIRI,KEDIRI,PAE,,,2024-03-16 23:21:44,42752,2017,1,NON TITO,,,JAWA TIMUR,0.625,YELLOW,39264196,AREA 3,JATIM,MADIUN,KEDIRI,,,0,0,0,JAWA TIMUR,KEDIRI,PUNCU,SIDOMULYO,KEDIRI
1131218770,,ODP-PAE-FK/05,-7.825137,112.190012,,,3,5,0,0,8,REGIONAL 5,KEDIRI,KEDIRI,PAE,,,2024-03-16 23:22:41,42752,2017,1,NON TITO,,,JAWA TIMUR,0.625,YELLOW,39264194,AREA 3,JATIM,MADIUN,KEDIRI,,,0,0,0,JAWA TIMUR,KEDIRI,PUNCU,SIDOMULYO,KEDIRI
1123661143,,ODP-MJT-FV/05,-7.829036,111.976822,,,3,5,0,0,8,REGIONAL 5,KEDIRI,KEDIRI,MJT,,,2024-03-16 23:24:25,42747,2017,1,NON TITO,,,JAWA TIMUR,0.625,YELLOW,39245504,AREA 3,JATIM,MADIUN,KEDIRI,,,0,0,0,JAWA TIMUR,KEDIRI,SEMEN,SEMEN,KEDIRI
1123623383,,ODP-MJT-FJ/23,-7.823011,111.984597,,,2,6,0,0,8,REGIONAL 5,KEDIRI,KEDIRI,MJT,,,2024-03-16 23:22:39,42740,2017,1,NON TITO,,,JAWA TIMUR,0.75,YELLOW,39359661,AREA 3,JATIM,MADIUN,KEDIRI,,,0,0,0,JAWA TIMUR,KOTA KEDIRI,MOJOROTO,CAMPUREJO,KEDIRI
5885821673,,ODP-MJT-FX/36,-7.832676,111.987544,,,3,5,0,0,8,REGIONAL 5,KEDIRI,KEDIRI,MJT,,,2024-03-16 23:23:04,44211,2021,1,NON TITO,,,JAWA TIMUR,0.625,YELLOW,859914939,AREA 3,JATIM,MADIUN,KEDIRI,,,0,0,0,JAWA TIMUR,KOTA KEDIRI,MOJOROTO,TAMANAN,KEDIRI
1946602742,,ODP-PPR-FF/22,-7.678051,112.079815,,,3,5,0,0,8,REGIONAL 5,KEDIRI,KEDIRI,PPR,,,2024-03-16 23:21:59,43039,2017,10,NON TITO,,,JAWA TIMUR,0.625,YELLOW,241813240,AREA 3,JATIM,MADIUN,KEDIRI,,,0,0,0,JAWA TIMUR,KEDIRI,PAPAR,PAPAR,KEDIRI
1955893725,,ODP-KDI-FC/24,-7.814322,112.043879,,,2,6,0,0,8,REGIONAL 5,KEDIRI,KEDIRI,KDI,,,2024-03-16 23:28:00,43042,2017,11,NON TITO,,,JAWA TIMUR,0.75,YELLOW,242280114,AREA 3,JATIM,MADIUN,KEDIRI,,,0,0,0,JAWA TIMUR,KEDIRI,NGASEM,DOKO,KEDIRI
2371320430,,ODP-KDI-FW/44,-7.829634,112.035843,,,7,9,0,0,16,REGIONAL 5,KEDIRI,KEDIRI,KDI,,,2024-03-16 23:27:39,43182,2018,3,NON TITO,,,JAWA TIMUR,0.5625,YELLOW,333363376,AREA 3,JATIM,MADIUN,KEDIRI,,,0,0,0,JAWA TIMUR,KOTA KEDIRI,PESANTREN,BANGSAL,KEDIRI
2371320282,,ODP-KDI-FW/46,-7.828097,112.034058,,,4,4,0,0,8,REGIONAL 5,KEDIRI,KEDIRI,KDI,,,2024-03-16 23:29:18,43182,2018,3,NON TITO,,,JAWA TIMUR,0.5,YELLOW,333363266,AREA 3,JATIM,MADIUN,KEDIRI,,,0,0,0,JAWA TIMUR,KOTA KEDIRI,PESANTREN,BANGSAL,KEDIRI
2364869232,,ODP-KDI-FAS/43,-7.802298,112.03518,,,2,6,0,0,8,REGIONAL 5,KEDIRI,KEDIRI,KDI,,,2024-03-16 23:29:18,43180,2018,3,NON TITO,,,JAWA TIMUR,0.75,YELLOW,333348596,AREA 3,JATIM,MADIUN,KEDIRI,,,0,0,0,JAWA TIMUR,KEDIRI,NGASEM,KARANGREJO,KEDIRI
2364869147,,ODP-KDI-FAS/44,-7.803065,112.034915,,,8,8,0,0,16,REGIONAL 5,KEDIRI,KEDIRI,KDI,,,2024-03-16 23:28:33,43180,2018,3,NON TITO,,,JAWA TIMUR,0.5,YELLOW,333348566,AREA 3,JATIM,MADIUN,KEDIRI,,,0,0,0,JAWA TIMUR,KEDIRI,NGASEM,KARANGREJO,KEDIRI
2364869067,,ODP-KDI-FAS/42,-7.80218,112.034804,,,3,5,0,0,8,REGIONAL 5,KEDIRI,KEDIRI,KDI,,,2024-03-16 23:29:05,43180,2018,3,NON TITO,,,JAWA TIMUR,0.625,YELLOW,333348539,AREA 3,JATIM,MADIUN,KEDIRI,,,0,0,0,JAWA TIMUR,KEDIRI,NGASEM,KARANGREJO,KEDIRI
2364868891,,ODP-KDI-FAS/39,-7.800298,112.034877,,,2,6,0,0,8,REGIONAL 5,KEDIRI,KEDIRI,KDI,,,2024-03-16 23:28:29,43180,2018,3,NON TITO,,,JAWA TIMUR,0.75,YELLOW,333348478,AREA 3,JATIM,MADIUN,KEDIRI,,,0,0,0,JAWA TIMUR,KEDIRI,NGASEM,KARANGREJO,KEDIRI
2361793941,,ODP-KDI-FAS/36,-7.804943,112.037078,,,7,9,0,0,16,REGIONAL 5,KEDIRI,KEDIRI,KDI,,,2024-03-16 23:21:25,43180,2018,3,NON TITO,,,JAWA TIMUR,0.5625,YELLOW,333341821,AREA 3,JATIM,MADIUN,KEDIRI,,,0,0,0,JAWA TIMUR,KEDIRI,NGASEM,SUKOREJO,KEDIRI
2358720507,,ODP-KDI-FAS/35,-7.804144,112.037307,,,4,4,0,0,8,REGIONAL 5,KEDIRI,KEDIRI,KDI,,,2024-03-16 23:23:36,43179,2018,3,NON TITO,,,JAWA TIMUR,0.5,YELLOW,333341765,AREA 3,JATIM,MADIUN,KEDIRI,,,0,0,0,JAWA TIMUR,KEDIRI,NGASEM,SUKOREJO,KEDIRI
2358720387,,ODP-KDI-FAS/38,-7.806563,112.035818,,,8,8,0,0,16,REGIONAL 5,KEDIRI,KEDIRI,KDI,,,2024-03-16 23:22:40,43179,2018,3,NON TITO,,,JAWA TIMUR,0.5,YELLOW,333341725,AREA 3,JATIM,MADIUN,KEDIRI,,,0,0,0,JAWA TIMUR,KEDIRI,NGASEM,SUKOREJO,KEDIRI
2355719631,,ODP-MJT-FX/18,-7.830591,111.984665,,,4,12,0,0,16,REGIONAL 5,KEDIRI,KEDIRI,MJT,,,2024-03-16 23:26:18,43178,2018,3,NON TITO,,,JAWA TIMUR,0.75,YELLOW,333328183,AREA 3,JATIM,MADIUN,KEDIRI,,,0,0,0,JAWA TIMUR,KOTA KEDIRI,MOJOROTO,TAMANAN,KEDIRI
2364868886,,ODP-KDI-FAS/41,-7.801799,112.033566,,,9,7,0,0,16,REGIONAL 5,KEDIRI,KEDIRI,KDI,,,2024-03-16 23:28:54,43180,2018,3,NON TITO,,,JAWA TIMUR,0.4375,YELLOW,333196985,AREA 3,JATIM,MADIUN,KEDIRI,,,0,0,0,JAWA TIMUR,KEDIRI,NGASEM,KARANGREJO,KEDIRI
2364868876,,ODP-KDI-FAS/46,-7.805385,112.034169,,,3,5,0,0,8,REGIONAL 5,KEDIRI,KEDIRI,KDI,,,2024-03-16 23:27:20,43180,2018,3,NON TITO,,,JAWA TIMUR,0.625,YELLOW,333196982,AREA 3,JATIM,MADIUN,KEDIRI,,,0,0,0,JAWA TIMUR,KEDIRI,NGASEM,SUKOREJO,KEDIRI
2358720218,,ODP-KDI-FAS/37,-7.806073,112.036521,,,2,6,0,0,8,REGIONAL 5,KEDIRI,KEDIRI,KDI,,,2024-03-16 23:23:03,43179,2018,3,NON TITO,,,JAWA TIMUR,0.75,YELLOW,333189489,AREA 3,JATIM,MADIUN,KEDIRI,,,0,0,0,JAWA TIMUR,KEDIRI,NGASEM,SUKOREJO,KEDIRI
2358720104,,ODP-KDI-FAS/34,-7.804764,112.03937,,,5,11,0,0,16,REGIONAL 5,KEDIRI,KEDIRI,KDI,,,2024-03-16 23:23:25,43179,2018,3,NON TITO,,,JAWA TIMUR,0.6875,YELLOW,333189451,AREA 3,JATIM,MADIUN,KEDIRI,,,0,0,0,JAWA TIMUR,KEDIRI,NGASEM,SUKOREJO,KEDIRI
2355719746,,ODP-MJT-FX/17,-7.831398,111.987918,,,1,6,0,0,8,REGIONAL 5,KEDIRI,KEDIRI,MJT,,,2024-03-16 23:26:22,43178,2018,3,NON TITO,,,JAWA TIMUR,0.75,YELLOW,333177533,AREA 3,JATIM,MADIUN,KEDIRI,,,0,0,0,JAWA TIMUR,KOTA KEDIRI,MOJOROTO,TAMANAN,KEDIRI
2355719716,,ODP-MJT-FX/22,-7.827894,111.99254,,,6,10,0,0,16,REGIONAL 5,KEDIRI,KEDIRI,MJT,,,2024-03-16 23:26:28,43178,2018,3,NON TITO,,,JAWA TIMUR,0.625,YELLOW,333177513,AREA 3,JATIM,MADIUN,KEDIRI,,,0,0,0,JAWA TIMUR,KOTA KEDIRI,MOJOROTO,LIRBOYO,KEDIRI
2355719651,,ODP-MJT-FX/19,-7.828251,111.985123,,,5,11,0,0,16,REGIONAL 5,KEDIRI,KEDIRI,MJT,,,2024-03-16 23:25:01,43178,2018,3,NON TITO,,,JAWA TIMUR,0.6875,YELLOW,333177460,AREA 3,JATIM,MADIUN,KEDIRI,,,0,0,0,JAWA TIMUR,KOTA KEDIRI,MOJOROTO,CAMPUREJO,KEDIRI
2386244007,,ODP-MJT-FT/05,-7.825331,111.940905,,,2,6,0,0,8,REGIONAL 5,KEDIRI,KEDIRI,MJT,,,2024-03-16 23:25:12,43187,2018,3,NON TITO,,,JAWA TIMUR,0.75,YELLOW,333387015,AREA 3,JATIM,MADIUN,KEDIRI,,,0,0,0,JAWA TIMUR,KEDIRI,SEMEN,PAGUNG,KEDIRI
2355719626,,ODP-MJT-FX/23,-7.827798,111.994314,,,4,4,0,0,8,REGIONAL 5,KEDIRI,KEDIRI,MJT,,,2024-03-16 23:26:09,43178,2018,3,NON TITO,,,JAWA TIMUR,0.5,YELLOW,333177443,AREA 3,JATIM,MADIUN,KEDIRI,,,0,0,0,JAWA TIMUR,KOTA KEDIRI,MOJOROTO,LIRBOYO,KEDIRI
2386244044,,ODP-MJT-FT/04,-7.825236,111.944472,,,4,4,0,0,8,REGIONAL 5,KEDIRI,KEDIRI,MJT,,,2024-03-16 23:26:48,43187,2018,3,NON TITO,,,JAWA TIMUR,0.5,YELLOW,333387045,AREA 3,JATIM,MADIUN,KEDIRI,,,0,0,0,JAWA TIMUR,KEDIRI,SEMEN,PAGUNG,KEDIRI
2390369115,,ODP-KDI-FZ/64,-7.827823,112.01757,,,6,10,0,0,16,REGIONAL 5,KEDIRI,KEDIRI,KDI,,,2024-03-16 23:26:32,43187,2018,3,NON TITO,,,JAWA TIMUR,0.625,YELLOW,333389020,AREA 3,JATIM,MADIUN,KEDIRI,,,0,0,0,JAWA TIMUR,KOTA KEDIRI,KOTA KEDIRI,KAMPUNG DALEM,KEDIRI
2410920932,,ODP-MJT-FG/34,-7.763339,112.002685,,,3,5,0,0,8,REGIONAL 5,KEDIRI,KEDIRI,MJT,,,2024-03-16 23:23:04,43195,2018,4,NON TITO,,,JAWA TIMUR,0.625,YELLOW,333436411,AREA 3,JATIM,MADIUN,KEDIRI,,,0,0,0,JAWA TIMUR,KEDIRI,BANYAKAN,NGABLAK,KEDIRI
2410920353,,ODP-MJT-FAC/27,-7.790701,111.99668,,,4,4,0,0,8,REGIONAL 5,KEDIRI,KEDIRI,MJT,,,2024-03-16 23:23:07,43195,2018,4,NON TITO,,,JAWA TIMUR,0.5,YELLOW,333436243,AREA 3,JATIM,MADIUN,KEDIRI,,,0,0,0,JAWA TIMUR,KOTA KEDIRI,MOJOROTO,NGAMPEL,KEDIRI
2410920181,,ODP-MJT-FAC/23,-7.794873,111.998597,,,2,6,0,0,8,REGIONAL 5,KEDIRI,KEDIRI,MJT,,,2024-03-16 23:22:59,43195,2018,4,NON TITO,,,JAWA TIMUR,0.75,YELLOW,333436180,AREA 3,JATIM,MADIUN,KEDIRI,,,0,0,0,JAWA TIMUR,KOTA KEDIRI,MOJOROTO,NGAMPEL,KEDIRI
2410919871,,ODP-MJT-FAC/17,-7.799063,111.993936,,,3,5,0,0,8,REGIONAL 5,KEDIRI,KEDIRI,MJT,,,2024-03-16 23:22:44,43195,2018,4,NON TITO,,,JAWA TIMUR,0.625,YELLOW,333436078,AREA 3,JATIM,MADIUN,KEDIRI,,,0,0,0,JAWA TIMUR,KOTA KEDIRI,MOJOROTO,NGAMPEL,KEDIRI
2404020156,,ODP-MJT-FAE/04,-7.794244,112.001245,,,4,4,0,0,8,REGIONAL 5,KEDIRI,KEDIRI,MJT,,,2024-03-16 23:24:43,43195,2018,4,NON TITO,,,JAWA TIMUR,0.5,YELLOW,333432651,AREA 3,JATIM,MADIUN,KEDIRI,,,0,0,0,JAWA TIMUR,KOTA KEDIRI,MOJOROTO,MOJOROTO,KEDIRI
2404019869,,ODP-KDI-FAP/29,-7.784525,112.046559,,,2,6,0,0,8,REGIONAL 5,KEDIRI,KEDIRI,KDI,,,2024-03-16 23:21:07,43195,2018,4,NON TITO,,,JAWA TIMUR,0.75,YELLOW,333432149,AREA 3,JATIM,MADIUN,KEDIRI,,,0,0,0,JAWA TIMUR,KEDIRI,NGASEM,NAMBAAN,KEDIRI
2404019771,,ODP-MJT-FAE/08,-7.797706,112.00108,,,1,6,0,0,8,REGIONAL 5,KEDIRI,KEDIRI,MJT,,,2024-03-16 23:25:05,43195,2018,4,NON TITO,,,JAWA TIMUR,0.75,YELLOW,333432029,AREA 3,JATIM,MADIUN,KEDIRI,,,0,0,0,JAWA TIMUR,KOTA KEDIRI,MOJOROTO,MOJOROTO,KEDIRI
2404019723,,ODP-KDI-FAP/30,-7.78383,112.044829,,,4,4,0,0,8,REGIONAL 5,KEDIRI,KEDIRI,KDI,,,2024-03-16 23:24:45,43195,2018,4,NON TITO,,,JAWA TIMUR,0.5,YELLOW,333431965,AREA 3,JATIM,MADIUN,KEDIRI,,,0,0,0,JAWA TIMUR,KEDIRI,NGASEM,NAMBAAN,KEDIRI
2404019717,,ODP-KDI-FAP/28,-7.785108,112.04791,,,3,5,0,0,8,REGIONAL 5,KEDIRI,KEDIRI,KDI,,,2024-03-16 23:24:11,43195,2018,4,NON TITO,,,JAWA TIMUR,0.625,YELLOW,333431960,AREA 3,JATIM,MADIUN,KEDIRI,,,0,0,0,JAWA TIMUR,KEDIRI,NGASEM,NAMBAAN,KEDIRI
2404019669,,ODP-KDI-FAP/27,-7.7822,112.043837,,,3,5,0,0,8,REGIONAL 5,KEDIRI,KEDIRI,KDI,,,2024-03-16 23:24:41,43195,2018,4,NON TITO,,,JAWA TIMUR,0.625,YELLOW,333431906,AREA 3,JATIM,MADIUN,KEDIRI,,,0,0,0,JAWA TIMUR,KEDIRI,NGASEM,NAMBAAN,KEDIRI
2404019643,,ODP-MJT-FAE/06,-7.79671,112.002411,,,2,6,0,0,8,REGIONAL 5,KEDIRI,KEDIRI,MJT,,,2024-03-16 23:24:51,43195,2018,4,NON TITO,,,JAWA TIMUR,0.75,YELLOW,333431879,AREA 3,JATIM,MADIUN,KEDIRI,,,0,0,0,JAWA TIMUR,KOTA KEDIRI,MOJOROTO,MOJOROTO,KEDIRI
2404019509,,ODP-MJT-FAE/09,-7.798931,112.000467,,,6,10,0,0,16,REGIONAL 5,KEDIRI,KEDIRI,MJT,,,2024-03-16 23:25:01,43195,2018,4,NON TITO,,,JAWA TIMUR,0.625,YELLOW,333431748,AREA 3,JATIM,MADIUN,KEDIRI,,,0,0,0,JAWA TIMUR,KOTA KEDIRI,MOJOROTO,MOJOROTO,KEDIRI
2405447064,,ODP-PAE-FU/31,-7.845642,112.263449,,,3,5,0,0,8,REGIONAL 5,KEDIRI,KEDIRI,PAE,,,2024-03-16 23:21:54,43195,2018,4,NON TITO,,,JAWA TIMUR,0.625,YELLOW,333428348,AREA 3,JATIM,MADIUN,KEDIRI,,,0,0,0,JAWA TIMUR,KEDIRI,PUNCU,ASMOROBANGUN,KEDIRI
2394193906,,ODP-KDI-FBF/07,-7.796631,112.048521,,,2,6,0,0,8,REGIONAL 5,KEDIRI,KEDIRI,KDI,,,2024-03-16 23:24:45,43188,2018,3,NON TITO,,,JAWA TIMUR,0.75,YELLOW,333394833,AREA 3,JATIM,MADIUN,KEDIRI,,,0,0,0,JAWA TIMUR,KEDIRI,NGASEM,NGASEM,KEDIRI
2394193714,,ODP-KDI-FBF/04,-7.794021,112.047447,,,4,4,0,0,8,REGIONAL 5,KEDIRI,KEDIRI,KDI,,,2024-03-16 23:24:26,43188,2018,3,NON TITO,,,JAWA TIMUR,0.5,YELLOW,333394757,AREA 3,JATIM,MADIUN,KEDIRI,,,0,0,0,JAWA TIMUR,KEDIRI,NGASEM,NAMBAAN,KEDIRI
2394193630,,ODP-KDI-FBF/15,-7.797788,112.047371,,,2,5,0,0,8,REGIONAL 5,KEDIRI,KEDIRI,KDI,,,2024-03-16 23:24:47,43188,2018,3,NON TITO,,,JAWA TIMUR,0.625,YELLOW,333394732,AREA 3,JATIM,MADIUN,KEDIRI,,,0,0,0,JAWA TIMUR,KEDIRI,NGASEM,NGASEM,KEDIRI
2390369120,,ODP-KDI-FZ/66,-7.826104,112.017902,,,2,6,0,0,8,REGIONAL 5,KEDIRI,KEDIRI,KDI,,,2024-03-16 23:26:28,43187,2018,3,NON TITO,,,JAWA TIMUR,0.75,YELLOW,333389026,AREA 3,JATIM,MADIUN,KEDIRI,,,0,0,0,JAWA TIMUR,KOTA KEDIRI,KOTA KEDIRI,SETONO PANDE,KEDIRI
2390368726,,ODP-KDI-FV/64,-7.838035,112.066193,,,3,5,0,0,8,REGIONAL 5,KEDIRI,KEDIRI,KDI,,,2024-03-16 23:26:03,43187,2018,3,NON TITO,,,JAWA TIMUR,0.625,YELLOW,333388676,AREA 3,JATIM,MADIUN,KEDIRI,,,0,0,0,JAWA TIMUR,KOTA KEDIRI,PESANTREN,KETAMI,KEDIRI
2410921342,,ODP-MJT-FAE/01,-7.802878,112.002762,,,8,8,0,0,16,REGIONAL 5,KEDIRI,KEDIRI,MJT,,,2024-03-16 23:23:24,43195,2018,4,NON TITO,,,JAWA TIMUR,0.5,YELLOW,333436549,AREA 3,JATIM,MADIUN,KEDIRI,,,0,0,0,JAWA TIMUR,KOTA KEDIRI,MOJOROTO,MOJOROTO,KEDIRI
2326095817,,ODP-MJT-FX/16,-7.824206,111.994013,,,5,11,0,0,16,REGIONAL 5,KEDIRI,KEDIRI,MJT,,,2024-03-16 23:29:17,43175,2018,3,NON TITO,,,JAWA TIMUR,0.6875,YELLOW,333167426,AREA 3,JATIM,MADIUN,KEDIRI,,,0,0,0,JAWA TIMUR,KOTA KEDIRI,MOJOROTO,LIRBOYO,KEDIRI
2324518614,,ODP-MJT-FK/51,-7.811253,111.994177,,,6,10,0,0,16,REGIONAL 5,KEDIRI,KEDIRI,MJT,,,2024-03-16 23:28:36,43172,2018,3,NON TITO,,,JAWA TIMUR,0.625,YELLOW,325298504,AREA 3,JATIM,MADIUN,KEDIRI,,,0,0,0,JAWA TIMUR,KOTA KEDIRI,MOJOROTO,SUKORAME,KEDIRI
2274795246,,ODP-KDI-FAW/12,-7.874205,112.041115,,,6,10,0,0,16,REGIONAL 5,KEDIRI,KEDIRI,KDI,,,2024-03-16 23:23:30,43157,2018,2,NON TITO,,,JAWA TIMUR,0.625,YELLOW,324041562,AREA 3,JATIM,MADIUN,KEDIRI,,,0,0,0,JAWA TIMUR,KEDIRI,KANDAT,NGRECO,KEDIRI
2274795186,,ODP-KDI-FAW/15,-7.871115,112.032455,,,3,5,0,0,8,REGIONAL 5,KEDIRI,KEDIRI,KDI,,,2024-03-16 23:24:29,43157,2018,2,NON TITO,,,JAWA TIMUR,0.625,YELLOW,324041518,AREA 3,JATIM,MADIUN,KEDIRI,,,0,0,0,JAWA TIMUR,KEDIRI,KANDAT,BLABAK,KEDIRI
2271868918,,ODP-NDL-FJ/02,-7.904774,112.051478,,,3,5,0,0,8,REGIONAL 5,KEDIRI,KEDIRI,NDL,,,2024-03-16 23:23:26,43154,2018,2,NON TITO,,,JAWA TIMUR,0.625,YELLOW,324028715,AREA 3,JATIM,MADIUN,KEDIRI,,,0,0,0,JAWA TIMUR,KEDIRI,KANDAT,PURWOREJO,KEDIRI
2271868770,,ODP-NDL-FJ/01,-7.905969,112.058002,,,5,11,0,0,16,REGIONAL 5,KEDIRI,KEDIRI,NDL,,,2024-03-16 23:23:23,43154,2018,2,NON TITO,,,JAWA TIMUR,0.6875,YELLOW,324028649,AREA 3,JATIM,MADIUN,KEDIRI,,,0,0,0,JAWA TIMUR,KEDIRI,KANDAT,NGLETIH,KEDIRI
2274795241,,ODP-KDI-FAW/13,-7.873526,112.039437,,,8,8,0,0,16,REGIONAL 5,KEDIRI,KEDIRI,KDI,,,2024-03-16 23:24:54,43157,2018,2,NON TITO,,,JAWA TIMUR,0.5,YELLOW,323976024,AREA 3,JATIM,MADIUN,KEDIRI,,,0,0,0,JAWA TIMUR,KEDIRI,KANDAT,NGRECO,KEDIRI
2274795181,,ODP-KDI-FAW/11,-7.880754,112.044745,,,4,4,0,0,8,REGIONAL 5,KEDIRI,KEDIRI,KDI,,,2024-03-16 23:25:38,43157,2018,2,NON TITO,,,JAWA TIMUR,0.5,YELLOW,323975984,AREA 3,JATIM,MADIUN,KEDIRI,,,0,0,0,JAWA TIMUR,KEDIRI,KANDAT,NGRECO,KEDIRI
2271868923,,ODP-NDL-FJ/03,-7.905609,112.054031,,,3,5,0,0,8,REGIONAL 5,KEDIRI,KEDIRI,NDL,,,2024-03-16 23:23:07,43154,2018,2,NON TITO,,,JAWA TIMUR,0.625,YELLOW,323962536,AREA 3,JATIM,MADIUN,KEDIRI,,,0,0,0,JAWA TIMUR,KEDIRI,KANDAT,PURWOREJO,KEDIRI
2250644455,,ODP-MJT-FAA/01,-7.779999,111.972342,,,3,5,0,0,8,REGIONAL 5,KEDIRI,KEDIRI,MJT,,,2024-03-16 23:22:36,43150,2018,2,NON TITO,,,JAWA TIMUR,0.625,YELLOW,323891054,AREA 3,JATIM,MADIUN,KEDIRI,,,0,0,0,JAWA TIMUR,KEDIRI,BANYAKAN,MARON,KEDIRI
2216369416,,ODP-KDI-FAP/18,-7.787689,112.039928,,,4,4,0,0,8,REGIONAL 5,KEDIRI,KEDIRI,KDI,,,2024-03-16 23:24:52,43141,2018,2,NON TITO,,,JAWA TIMUR,0.5,YELLOW,321912305,AREA 3,JATIM,MADIUN,KEDIRI,,,0,0,0,JAWA TIMUR,KEDIRI,NGASEM,NAMBAAN,KEDIRI
2216369413,,ODP-KDI-FAP/11,-7.787562,112.040388,,,3,5,0,0,8,REGIONAL 5,KEDIRI,KEDIRI,KDI,,,2024-03-16 23:25:20,43141,2018,2,NON TITO,,,JAWA TIMUR,0.625,YELLOW,321912303,AREA 3,JATIM,MADIUN,KEDIRI,,,0,0,0,JAWA TIMUR,KEDIRI,NGASEM,NAMBAAN,KEDIRI
2216369407,,ODP-KDI-FAP/21,-7.787836,112.040093,,,3,5,0,0,8,REGIONAL 5,KEDIRI,KEDIRI,KDI,,,2024-03-16 23:25:29,43141,2018,2,NON TITO,,,JAWA TIMUR,0.625,YELLOW,321912299,AREA 3,JATIM,MADIUN,KEDIRI,,,0,0,0,JAWA TIMUR,KEDIRI,NGASEM,NAMBAAN,KEDIRI
2216369395,,ODP-KDI-FAP/19,-7.787194,112.038913,,,2,6,0,0,8,REGIONAL 5,KEDIRI,KEDIRI,KDI,,,2024-03-16 23:25:10,43141,2018,2,NON TITO,,,JAWA TIMUR,0.75,YELLOW,321912291,AREA 3,JATIM,MADIUN,KEDIRI,,,0,0,0,JAWA TIMUR,KEDIRI,NGASEM,NAMBAAN,KEDIRI
2216369392,,ODP-KDI-FAP/14,-7.787078,112.03968,,,3,5,0,0,8,REGIONAL 5,KEDIRI,KEDIRI,KDI,,,2024-03-16 23:25:11,43141,2018,2,NON TITO,,,JAWA TIMUR,0.625,YELLOW,321912289,AREA 3,JATIM,MADIUN,KEDIRI,,,0,0,0,JAWA TIMUR,KEDIRI,NGASEM,NAMBAAN,KEDIRI
2248170870,,ODP-KDI-FH/23,-7.852355,112.010682,,,3,5,0,0,8,REGIONAL 5,KEDIRI,KEDIRI,KDI,,,2024-03-16 23:26:00,43151,2018,2,NON TITO,,,JAWA TIMUR,0.625,YELLOW,319658147,AREA 3,JATIM,MADIUN,KEDIRI,,,0,0,0,JAWA TIMUR,KOTA KEDIRI,KOTA KEDIRI,MANISRENGGO,KEDIRI
2248170720,,ODP-KDI-FH/25,-7.851927,112.011047,,,3,5,0,0,8,REGIONAL 5,KEDIRI,KEDIRI,KDI,,,2024-03-16 23:25:09,43151,2018,2,NON TITO,,,JAWA TIMUR,0.625,YELLOW,319657988,AREA 3,JATIM,MADIUN,KEDIRI,,,0,0,0,JAWA TIMUR,KOTA KEDIRI,KOTA KEDIRI,MANISRENGGO,KEDIRI
2201597371,,ODP-KDI-FBC/16,-7.818202,112.015946,,,2,6,0,0,8,REGIONAL 5,KEDIRI,KEDIRI,KDI,,,2024-03-16 23:25:09,43132,2018,2,NON TITO,,,JAWA TIMUR,0.75,YELLOW,305415856,AREA 3,JATIM,MADIUN,KEDIRI,,,0,0,0,JAWA TIMUR,KOTA KEDIRI,KOTA,KEMASAN,KEDIRI
2201597136,,ODP-KDI-FBC/06,-7.818375,112.024282,,,2,6,0,0,8,REGIONAL 5,KEDIRI,KEDIRI,KDI,,,2024-03-16 23:24:55,43132,2018,2,NON TITO,,,JAWA TIMUR,0.75,YELLOW,305415705,AREA 3,JATIM,MADIUN,KEDIRI,,,0,0,0,JAWA TIMUR,KOTA KEDIRI,KOTA,BANJARAN,KEDIRI
2274795578,,ODP-KDI-FAW/14,-7.871901,112.034934,,,9,7,0,0,16,REGIONAL 5,KEDIRI,KEDIRI,KDI,,,2024-03-16 23:26:19,43157,2018,2,NON TITO,,,JAWA TIMUR,0.4375,YELLOW,324041808,AREA 3,JATIM,MADIUN,KEDIRI,,,0,0,0,JAWA TIMUR,KEDIRI,KANDAT,BLABAK,KEDIRI
2328794158,,ODP-MJT-FF/32,-7.76425,112.013912,,,3,5,0,0,8,REGIONAL 5,KEDIRI,KEDIRI,MJT,,,2024-03-16 23:24:52,43174,2018,3,NON TITO,,,JAWA TIMUR,0.625,YELLOW,325312686,AREA 3,JATIM,MADIUN,KEDIRI,,,0,0,0,JAWA TIMUR,KEDIRI,BANYAKAN,JABON,KEDIRI
2292795307,,ODP-KDI-FAJ/44,-7.81354,112.009306,,,4,4,0,0,8,REGIONAL 5,KEDIRI,KEDIRI,KDI,,,2024-03-16 23:23:23,43165,2018,3,NON TITO,,,JAWA TIMUR,0.5,YELLOW,324176411,AREA 3,JATIM,MADIUN,KEDIRI,,,0,0,0,JAWA TIMUR,KOTA KEDIRI,KOTA,PAKELAN,KEDIRI
2292795422,,ODP-KDI-FAJ/48,-7.814156,112.012543,,,4,12,0,0,16,REGIONAL 5,KEDIRI,KEDIRI,KDI,,,2024-03-16 23:22:35,43165,2018,3,NON TITO,,,JAWA TIMUR,0.75,YELLOW,324176481,AREA 3,JATIM,MADIUN,KEDIRI,,,0,0,0,JAWA TIMUR,KOTA KEDIRI,KOTA,PAKELAN,KEDIRI
2324518609,,ODP-MJT-FK/50,-7.813488,111.994217,,,2,6,0,0,8,REGIONAL 5,KEDIRI,KEDIRI,MJT,,,2024-03-16 23:28:30,43172,2018,3,NON TITO,,,JAWA TIMUR,0.75,YELLOW,325298500,AREA 3,JATIM,MADIUN,KEDIRI,,,0,0,0,JAWA TIMUR,KOTA KEDIRI,MOJOROTO,SUKORAME,KEDIRI
2264608211,,ODP-KDI-FT/18,-7.827338,112.084154,,,4,4,0,0,8,REGIONAL 5,KEDIRI,KEDIRI,KDI,,,2024-03-16 23:25:18,43166,2018,3,NON TITO,,,JAWA TIMUR,0.5,YELLOW,324237288,AREA 3,JATIM,MADIUN,KEDIRI,,,0,0,0,JAWA TIMUR,KEDIRI,GURAH,GABRU,KEDIRI
2292796103,,ODP-KDI-FAJ/45,-7.813631,112.009947,,,2,6,0,0,8,REGIONAL 5,KEDIRI,KEDIRI,KDI,,,2024-03-16 23:23:28,43165,2018,3,NON TITO,,,JAWA TIMUR,0.75,YELLOW,324176900,AREA 3,JATIM,MADIUN,KEDIRI,,,0,0,0,JAWA TIMUR,KOTA KEDIRI,KOTA,PAKELAN,KEDIRI
2292796093,,ODP-KDI-FAJ/26,-7.819314,112.012345,,,6,10,0,0,16,REGIONAL 5,KEDIRI,KEDIRI,KDI,,,2024-03-16 23:23:38,43165,2018,3,NON TITO,,,JAWA TIMUR,0.625,YELLOW,324176894,AREA 3,JATIM,MADIUN,KEDIRI,,,0,0,0,JAWA TIMUR,KOTA KEDIRI,KOTA,PAKELAN,KEDIRI
2292795981,,ODP-KDI-FAJ/28,-7.818117,112.011996,,,4,4,0,0,8,REGIONAL 5,KEDIRI,KEDIRI,KDI,,,2024-03-16 23:23:28,43165,2018,3,NON TITO,,,JAWA TIMUR,0.5,YELLOW,324176826,AREA 3,JATIM,MADIUN,KEDIRI,,,0,0,0,JAWA TIMUR,KOTA KEDIRI,KOTA KEDIRI,SETONO GEDONG,KEDIRI
2292795976,,ODP-KDI-FAJ/46,-7.813776,112.010665,,,3,5,0,0,8,REGIONAL 5,KEDIRI,KEDIRI,KDI,,,2024-03-16 23:23:23,43165,2018,3,NON TITO,,,JAWA TIMUR,0.625,YELLOW,324176823,AREA 3,JATIM,MADIUN,KEDIRI,,,0,0,0,JAWA TIMUR,KOTA KEDIRI,KOTA,PAKELAN,KEDIRI
2292795971,,ODP-KDI-FAJ/34,-7.81768,112.014485,,,7,9,0,0,16,REGIONAL 5,KEDIRI,KEDIRI,KDI,,,2024-03-16 23:22:23,43165,2018,3,NON TITO,,,JAWA TIMUR,0.5625,YELLOW,324176820,AREA 3,JATIM,MADIUN,KEDIRI,,,0,0,0,JAWA TIMUR,KOTA KEDIRI,KOTA,KEMASAN,KEDIRI
2292795827,,ODP-KDI-FAJ/25,-7.819783,112.012178,,,4,12,0,0,16,REGIONAL 5,KEDIRI,KEDIRI,KDI,,,2024-03-16 23:23:24,43165,2018,3,NON TITO,,,JAWA TIMUR,0.75,YELLOW,324176733,AREA 3,JATIM,MADIUN,KEDIRI,,,0,0,0,JAWA TIMUR,KOTA KEDIRI,KOTA,PAKELAN,KEDIRI
2292795822,,ODP-KDI-FAJ/22,-7.819481,112.010671,,,2,6,0,0,8,REGIONAL 5,KEDIRI,KEDIRI,KDI,,,2024-03-16 23:23:22,43165,2018,3,NON TITO,,,JAWA TIMUR,0.75,YELLOW,324176730,AREA 3,JATIM,MADIUN,KEDIRI,,,0,0,0,JAWA TIMUR,KOTA KEDIRI,KOTA,PAKELAN,KEDIRI
2292795817,,ODP-KDI-FAJ/31,-7.815412,112.01144,,,8,7,1,0,16,REGIONAL 5,KEDIRI,KEDIRI,KDI,,,2024-03-16 23:23:22,43165,2018,3,NON TITO,,,JAWA TIMUR,0.4375,YELLOW,324176726,AREA 3,JATIM,MADIUN,KEDIRI,,,0,0,0,JAWA TIMUR,KOTA KEDIRI,KOTA KEDIRI,SETONO GEDONG,KEDIRI
2292795807,,ODP-KDI-FAJ/29,-7.817859,112.010033,,,3,5,0,0,8,REGIONAL 5,KEDIRI,KEDIRI,KDI,,,2024-03-16 23:22:38,43165,2018,3,NON TITO,,,JAWA TIMUR,0.625,YELLOW,324176720,AREA 3,JATIM,MADIUN,KEDIRI,,,0,0,0,JAWA TIMUR,KOTA KEDIRI,KOTA,PAKELAN,KEDIRI
2292795681,,ODP-KDI-FAJ/38,-7.816927,112.013137,,,9,7,0,0,16,REGIONAL 5,KEDIRI,KEDIRI,KDI,,,2024-03-16 23:23:30,43165,2018,3,NON TITO,,,JAWA TIMUR,0.4375,YELLOW,324176645,AREA 3,JATIM,MADIUN,KEDIRI,,,0,0,0,JAWA TIMUR,KOTA KEDIRI,KOTA KEDIRI,SETONO GEDONG,KEDIRI
2292795676,,ODP-KDI-FAJ/49,-7.814377,112.013497,,,4,12,0,0,16,REGIONAL 5,KEDIRI,KEDIRI,KDI,,,2024-03-16 23:23:06,43165,2018,3,NON TITO,,,JAWA TIMUR,0.75,YELLOW,324176642,AREA 3,JATIM,MADIUN,KEDIRI,,,0,0,0,JAWA TIMUR,KOTA KEDIRI,KOTA,PAKELAN,KEDIRI
2292795666,,ODP-KDI-FAJ/20,-7.819065,112.011464,,,4,4,0,0,8,REGIONAL 5,KEDIRI,KEDIRI,KDI,,,2024-03-16 23:23:20,43165,2018,3,NON TITO,,,JAWA TIMUR,0.5,YELLOW,324176636,AREA 3,JATIM,MADIUN,KEDIRI,,,0,0,0,JAWA TIMUR,KOTA KEDIRI,KOTA,PAKELAN,KEDIRI
2292795661,,ODP-KDI-FAJ/40,-7.818428,112.009339,,,2,6,0,0,8,REGIONAL 5,KEDIRI,KEDIRI,KDI,,,2024-03-16 23:21:07,43165,2018,3,NON TITO,,,JAWA TIMUR,0.75,YELLOW,324176633,AREA 3,JATIM,MADIUN,KEDIRI,,,0,0,0,JAWA TIMUR,KOTA KEDIRI,KOTA,PAKELAN,KEDIRI
2292795537,,ODP-KDI-FAJ/42,-7.815066,112.008588,,,8,8,0,0,16,REGIONAL 5,KEDIRI,KEDIRI,KDI,,,2024-03-16 23:22:28,43165,2018,3,NON TITO,,,JAWA TIMUR,0.5,YELLOW,324176553,AREA 3,JATIM,MADIUN,KEDIRI,,,0,0,0,JAWA TIMUR,KOTA KEDIRI,KOTA,PAKELAN,KEDIRI
2292795432,,ODP-KDI-FAJ/41,-7.816102,112.008741,,,2,6,0,0,8,REGIONAL 5,KEDIRI,KEDIRI,KDI,,,2024-03-16 23:23:20,43165,2018,3,NON TITO,,,JAWA TIMUR,0.75,YELLOW,324176487,AREA 3,JATIM,MADIUN,KEDIRI,,,0,0,0,JAWA TIMUR,KOTA KEDIRI,KOTA,PAKELAN,KEDIRI
2292795412,,ODP-KDI-FAJ/24,-7.82054,112.011904,,,4,12,0,0,16,REGIONAL 5,KEDIRI,KEDIRI,KDI,,,2024-03-16 23:23:27,43165,2018,3,NON TITO,,,JAWA TIMUR,0.75,YELLOW,324176475,AREA 3,JATIM,MADIUN,KEDIRI,,,0,0,0,JAWA TIMUR,KOTA KEDIRI,KOTA,PAKELAN,KEDIRI
2410921592,,ODP-MJT-FG/37,-7.768529,112.001591,,,3,5,0,0,8,REGIONAL 5,KEDIRI,KEDIRI,MJT,,,2024-03-16 23:23:24,43195,2018,4,NON TITO,,,JAWA TIMUR,0.625,YELLOW,333436629,AREA 3,JATIM,MADIUN,KEDIRI,,,0,0,0,JAWA TIMUR,KEDIRI,BANYAKAN,NGABLAK,KEDIRI
2410921762,,ODP-MJT-FAE/02,-7.802247,112.002494,,,5,11,0,0,16,REGIONAL 5,KEDIRI,KEDIRI,MJT,,,2024-03-16 23:23:23,43195,2018,4,NON TITO,,,JAWA TIMUR,0.6875,YELLOW,333436687,AREA 3,JATIM,MADIUN,KEDIRI,,,0,0,0,JAWA TIMUR,KOTA KEDIRI,MOJOROTO,MOJOROTO,KEDIRI
2402069358,,ODP-SBI-FF/03,-7.933962,112.030877,,,7,9,0,0,16,REGIONAL 5,KEDIRI,KEDIRI,SBI,,,2024-03-16 23:28:22,43196,2018,4,NON TITO,,,JAWA TIMUR,0.5625,YELLOW,333441685,AREA 3,JATIM,MADIUN,KEDIRI,,,0,0,0,JAWA TIMUR,KEDIRI,KANDAT,CENDONO,KEDIRI
2458393815,,ODP-KAA-FA/22,-7.793047,112.313856,,,2,6,0,0,8,REGIONAL 5,KEDIRI,KEDIRI,KAA,,,2024-03-16 23:28:08,43213,2018,4,NON TITO,,,JAWA TIMUR,0.75,YELLOW,353292834,AREA 3,JATIM,MADIUN,KEDIRI,,,0,0,0,JAWA TIMUR,MALANG,KASEMBON,BAYEM,KEDIRI
2446247473,,ODP-GUR-FC/12,-7.80956,112.094747,,,2,6,0,0,8,REGIONAL 5,KEDIRI,KEDIRI,GUR,,,2024-03-16 23:28:36,43211,2018,4,NON TITO,,,JAWA TIMUR,0.75,YELLOW,353281689,AREA 3,JATIM,MADIUN,KEDIRI,,,0,0,0,JAWA TIMUR,KEDIRI,GURAH,SUMBERCANGKRING,KEDIRI
2446247463,,ODP-GUR-FC/14,-7.812141,112.096423,,,4,4,0,0,8,REGIONAL 5,KEDIRI,KEDIRI,GUR,,,2024-03-16 23:28:40,43211,2018,4,NON TITO,,,JAWA TIMUR,0.5,YELLOW,353281686,AREA 3,JATIM,MADIUN,KEDIRI,,,0,0,0,JAWA TIMUR,KEDIRI,GURAH,SUMBERCANGKRING,KEDIRI
2446246908,,ODP-GUR-FC/10,-7.80704,112.09107,,,3,5,0,0,8,REGIONAL 5,KEDIRI,KEDIRI,GUR,,,2024-03-16 23:28:24,43211,2018,4,NON TITO,,,JAWA TIMUR,0.625,YELLOW,353281416,AREA 3,JATIM,MADIUN,KEDIRI,,,0,0,0,JAWA TIMUR,KEDIRI,GURAH,SUKOREJO,KEDIRI
2437620519,,ODP-PAE-FAD/11,-7.769814,112.133018,,,4,4,0,0,8,REGIONAL 5,KEDIRI,KEDIRI,PAE,,,2024-03-16 23:25:07,43209,2018,4,NON TITO,,,JAWA TIMUR,0.5,YELLOW,353272193,AREA 3,JATIM,MADIUN,KEDIRI,,,0,0,0,JAWA TIMUR,KEDIRI,PARE,SAMBIREJO,KEDIRI
2437620210,,ODP-PAE-FAD/05,-7.77559,112.130865,,,5,11,0,0,16,REGIONAL 5,KEDIRI,KEDIRI,PAE,,,2024-03-16 23:25:04,43209,2018,4,NON TITO,,,JAWA TIMUR,0.6875,YELLOW,353272074,AREA 3,JATIM,MADIUN,KEDIRI,,,0,0,0,JAWA TIMUR,KEDIRI,PARE,SAMBIREJO,KEDIRI
2437620205,,ODP-PAE-FAD/04,-7.769974,112.139575,,,2,6,0,0,8,REGIONAL 5,KEDIRI,KEDIRI,PAE,,,2024-03-16 23:24:48,43209,2018,4,NON TITO,,,JAWA TIMUR,0.75,YELLOW,353272071,AREA 3,JATIM,MADIUN,KEDIRI,,,0,0,0,JAWA TIMUR,KEDIRI,PARE,SAMBIREJO,KEDIRI
2437620195,,ODP-PAE-FAD/03,-7.770992,112.141734,,,9,7,0,0,16,REGIONAL 5,KEDIRI,KEDIRI,PAE,,,2024-03-16 23:24:53,43209,2018,4,NON TITO,,,JAWA TIMUR,0.4375,YELLOW,353272065,AREA 3,JATIM,MADIUN,KEDIRI,,,0,0,0,JAWA TIMUR,KEDIRI,PARE,SAMBIREJO,KEDIRI
2437620142,,ODP-PAE-FAD/01,-7.775092,112.148209,,,9,7,0,0,16,REGIONAL 5,KEDIRI,KEDIRI,PAE,,,2024-03-16 23:21:07,43209,2018,4,NON TITO,,,JAWA TIMUR,0.4375,YELLOW,353272015,AREA 3,JATIM,MADIUN,KEDIRI,,,0,0,0,JAWA TIMUR,KEDIRI,PARE,DARUNGAN,KEDIRI
2437620137,,ODP-PAE-FAD/09,-7.769583,112.13881,,,1,6,0,0,8,REGIONAL 5,KEDIRI,KEDIRI,PAE,,,2024-03-16 23:25:03,43209,2018,4,NON TITO,,,JAWA TIMUR,0.75,YELLOW,353272012,AREA 3,JATIM,MADIUN,KEDIRI,,,0,0,0,JAWA TIMUR,KEDIRI,PARE,SAMBIREJO,KEDIRI
2442795336,,ODP-PAE-FQ/26,-7.776976,112.211571,,,9,7,0,0,16,REGIONAL 5,KEDIRI,KEDIRI,PAE,,,2024-03-16 23:25:09,43209,2018,4,NON TITO,,,JAWA TIMUR,0.4375,YELLOW,353269992,AREA 3,JATIM,MADIUN,KEDIRI,,,0,0,0,JAWA TIMUR,KEDIRI,PARE,TERTEK,KEDIRI
2442795272,,ODP-GUR-FF/10,-7.823796,112.13472,,,6,10,0,0,16,REGIONAL 5,KEDIRI,KEDIRI,GUR,,,2024-03-16 23:25:00,43209,2018,4,NON TITO,,,JAWA TIMUR,0.625,YELLOW,353269926,AREA 3,JATIM,MADIUN,KEDIRI,,,0,0,0,JAWA TIMUR,KEDIRI,GURAH,TIRUKIDUL,KEDIRI
2442795242,,ODP-GUR-FF/12,-7.827279,112.134275,,,2,6,0,0,8,REGIONAL 5,KEDIRI,KEDIRI,GUR,,,2024-03-16 23:24:43,43209,2018,4,NON TITO,,,JAWA TIMUR,0.75,YELLOW,353269908,AREA 3,JATIM,MADIUN,KEDIRI,,,0,0,0,JAWA TIMUR,KEDIRI,PLOSOKLATEN,KAWEDUSAN,KEDIRI
2441369829,,ODP-GUR-FL/05,-7.805116,112.092108,,,8,8,0,0,16,REGIONAL 5,KEDIRI,KEDIRI,GUR,,,2024-03-16 23:28:39,43209,2018,4,NON TITO,,,JAWA TIMUR,0.5,YELLOW,353266762,AREA 3,JATIM,MADIUN,KEDIRI,,,0,0,0,JAWA TIMUR,KEDIRI,GURAH,SUKOREJO,KEDIRI
2441369826,,ODP-GUR-FL/09,-7.802755,112.093563,,,2,6,0,0,8,REGIONAL 5,KEDIRI,KEDIRI,GUR,,,2024-03-16 23:28:05,43209,2018,4,NON TITO,,,JAWA TIMUR,0.75,YELLOW,353266761,AREA 3,JATIM,MADIUN,KEDIRI,,,0,0,0,JAWA TIMUR,KEDIRI,GURAH,KERKEP,KEDIRI
2441369757,,ODP-GUR-FL/04,-7.80574,112.091464,,,4,4,0,0,8,REGIONAL 5,KEDIRI,KEDIRI,GUR,,,2024-03-16 23:27:42,43209,2018,4,NON TITO,,,JAWA TIMUR,0.5,YELLOW,353266728,AREA 3,JATIM,MADIUN,KEDIRI,,,0,0,0,JAWA TIMUR,KEDIRI,GURAH,SUKOREJO,KEDIRI
2436272213,,ODP-PAE-FN/20,-7.789606,112.23738,,,3,5,0,0,8,REGIONAL 5,KEDIRI,KEDIRI,PAE,,,2024-03-16 23:23:53,43209,2018,4,NON TITO,,,JAWA TIMUR,0.625,YELLOW,353265474,AREA 3,JATIM,MADIUN,KEDIRI,,,0,0,0,JAWA TIMUR,KEDIRI,KEPUNG,KRENCENG,KEDIRI
2458393820,,ODP-KAA-FA/20,-7.800386,112.312125,,,3,5,0,0,8,REGIONAL 5,KEDIRI,KEDIRI,KAA,,,2024-03-16 23:28:08,43213,2018,4,NON TITO,,,JAWA TIMUR,0.625,YELLOW,353292840,AREA 3,JATIM,MADIUN,KEDIRI,,,0,0,0,JAWA TIMUR,MALANG,KASEMBON,BAYEM,KEDIRI
2436271983,,ODP-PAE-FN/22,-7.789124,112.230656,,,7,9,0,0,16,REGIONAL 5,KEDIRI,KEDIRI,PAE,,,2024-03-16 23:23:58,43209,2018,4,NON TITO,,,JAWA TIMUR,0.5625,YELLOW,353265406,AREA 3,JATIM,MADIUN,KEDIRI,,,0,0,0,JAWA TIMUR,KEDIRI,KEPUNG,KRENCENG,KEDIRI
2457945763,,ODP-KAA-FC/28,-7.779244,112.297639,,,3,5,0,0,8,REGIONAL 5,KEDIRI,KEDIRI,KAA,,,2024-03-16 23:22:44,43213,2018,4,NON TITO,,,JAWA TIMUR,0.625,YELLOW,353294632,AREA 3,JATIM,MADIUN,KEDIRI,,,0,0,0,JAWA TIMUR,MALANG,KASEMBON,SUKOSARI,KEDIRI
2459743963,,ODP-GUR-FB/09,-7.824565,112.08831,,,3,5,0,0,8,REGIONAL 5,KEDIRI,KEDIRI,GUR,,,2024-03-16 23:29:04,43214,2018,4,NON TITO,,,JAWA TIMUR,0.625,YELLOW,353298158,AREA 3,JATIM,MADIUN,KEDIRI,,,0,0,0,JAWA TIMUR,KEDIRI,GURAH,BANYUANYAR,KEDIRI
2442795209,,ODP-GUR-FF/11,-7.825445,112.134587,,,2,6,0,0,8,REGIONAL 5,KEDIRI,KEDIRI,GUR,,,2024-03-16 23:25:19,43209,2018,4,NON TITO,,,JAWA TIMUR,0.75,YELLOW,353568262,AREA 3,JATIM,MADIUN,KEDIRI,,,0,0,0,JAWA TIMUR,KEDIRI,GURAH,TIRUKIDUL,KEDIRI
2441369772,,ODP-GUR-FL/02,-7.807305,112.094901,,,4,4,0,0,8,REGIONAL 5,KEDIRI,KEDIRI,GUR,,,2024-03-16 23:28:54,43209,2018,4,NON TITO,,,JAWA TIMUR,0.5,YELLOW,353565063,AREA 3,JATIM,MADIUN,KEDIRI,,,0,0,0,JAWA TIMUR,KEDIRI,GURAH,SUKOREJO,KEDIRI
2441369768,,ODP-GUR-FL/12,-7.802202,112.096462,,,4,4,0,0,8,REGIONAL 5,KEDIRI,KEDIRI,GUR,,,2024-03-16 23:28:59,43209,2018,4,NON TITO,,,JAWA TIMUR,0.5,YELLOW,353565059,AREA 3,JATIM,MADIUN,KEDIRI,,,0,0,0,JAWA TIMUR,KEDIRI,GURAH,KERKEP,KEDIRI
2441369735,,ODP-GUR-FL/10,-7.803842,112.09624,,,2,6,0,0,8,REGIONAL 5,KEDIRI,KEDIRI,GUR,,,2024-03-16 23:21:05,43209,2018,4,NON TITO,,,JAWA TIMUR,0.75,YELLOW,353565045,AREA 3,JATIM,MADIUN,KEDIRI,,,0,0,0,JAWA TIMUR,KEDIRI,GURAH,KERKEP,KEDIRI
2441369676,,ODP-GUR-FL/01,-7.808474,112.096375,,,2,6,0,0,8,REGIONAL 5,KEDIRI,KEDIRI,GUR,,,2024-03-16 23:29:00,43209,2018,4,NON TITO,,,JAWA TIMUR,0.75,YELLOW,353565018,AREA 3,JATIM,MADIUN,KEDIRI,,,0,0,0,JAWA TIMUR,KEDIRI,GURAH,SUMBERCANGKRING,KEDIRI
2441369609,,ODP-GUR-FL/07,-7.802414,112.094818,,,4,4,0,0,8,REGIONAL 5,KEDIRI,KEDIRI,GUR,,,2024-03-16 23:28:54,43209,2018,4,NON TITO,,,JAWA TIMUR,0.5,YELLOW,353564980,AREA 3,JATIM,MADIUN,KEDIRI,,,0,0,0,JAWA TIMUR,KEDIRI,GURAH,KERKEP,KEDIRI
2441369541,,ODP-GUR-FL/06,-7.804458,112.093111,,,2,6,0,0,8,REGIONAL 5,KEDIRI,KEDIRI,GUR,,,2024-03-16 23:27:24,43209,2018,4,NON TITO,,,JAWA TIMUR,0.75,YELLOW,353564932,AREA 3,JATIM,MADIUN,KEDIRI,,,0,0,0,JAWA TIMUR,KEDIRI,GURAH,KERKEP,KEDIRI
2441369496,,ODP-GUR-FL/03,-7.806548,112.093131,,,4,4,0,0,8,REGIONAL 5,KEDIRI,KEDIRI,GUR,,,2024-03-16 23:28:35,43209,2018,4,NON TITO,,,JAWA TIMUR,0.5,YELLOW,353564898,AREA 3,JATIM,MADIUN,KEDIRI,,,0,0,0,JAWA TIMUR,KEDIRI,GURAH,SUKOREJO,KEDIRI
2441369490,,ODP-GUR-FL/11,-7.803248,112.094881,,,2,6,0,0,8,REGIONAL 5,KEDIRI,KEDIRI,GUR,,,2024-03-16 23:27:24,43209,2018,4,NON TITO,,,JAWA TIMUR,0.75,YELLOW,353564892,AREA 3,JATIM,MADIUN,KEDIRI,,,0,0,0,JAWA TIMUR,KEDIRI,GURAH,KERKEP,KEDIRI
2436272128,,ODP-PAE-FN/25,-7.786718,112.216891,,,4,4,0,0,8,REGIONAL 5,KEDIRI,KEDIRI,PAE,,,2024-03-16 23:24:00,43209,2018,4,NON TITO,,,JAWA TIMUR,0.5,YELLOW,353563166,AREA 3,JATIM,MADIUN,KEDIRI,,,0,0,0,JAWA TIMUR,KEDIRI,KEPUNG,KRENCENG,KEDIRI
2436271908,,ODP-PAE-FN/19,-7.790992,112.245219,,,9,7,0,0,16,REGIONAL 5,KEDIRI,KEDIRI,PAE,,,2024-03-16 23:24:02,43209,2018,4,NON TITO,,,JAWA TIMUR,0.4375,YELLOW,353563096,AREA 3,JATIM,MADIUN,KEDIRI,,,0,0,0,JAWA TIMUR,KEDIRI,KEPUNG,KRENCENG,KEDIRI
2436271772,,ODP-PAE-FN/23,-7.788956,112.226955,,,2,6,0,0,8,REGIONAL 5,KEDIRI,KEDIRI,PAE,,,2024-03-16 23:23:20,43209,2018,4,NON TITO,,,JAWA TIMUR,0.75,YELLOW,353563051,AREA 3,JATIM,MADIUN,KEDIRI,,,0,0,0,JAWA TIMUR,KEDIRI,KEPUNG,KRENCENG,KEDIRI
2459744097,,ODP-GUR-FB/19,-7.82552,112.080504,,,4,4,0,0,8,REGIONAL 5,KEDIRI,KEDIRI,GUR,,,2024-03-16 23:29:16,43214,2018,4,NON TITO,,,JAWA TIMUR,0.5,YELLOW,353298287,AREA 3,JATIM,MADIUN,KEDIRI,,,0,0,0,JAWA TIMUR,KEDIRI,GURAH,WONOJOYO,KEDIRI
2459744067,,ODP-GUR-FB/21,-7.822868,112.079265,,,4,12,0,0,16,REGIONAL 5,KEDIRI,KEDIRI,GUR,,,2024-03-16 23:29:18,43214,2018,4,NON TITO,,,JAWA TIMUR,0.75,YELLOW,353298268,AREA 3,JATIM,MADIUN,KEDIRI,,,0,0,0,JAWA TIMUR,KEDIRI,GURAH,WONOJOYO,KEDIRI
2459744062,,ODP-GUR-FB/17,-7.827298,112.084068,,,4,4,0,0,8,REGIONAL 5,KEDIRI,KEDIRI,GUR,,,2024-03-16 23:29:19,43214,2018,4,NON TITO,,,JAWA TIMUR,0.5,YELLOW,353298266,AREA 3,JATIM,MADIUN,KEDIRI,,,0,0,0,JAWA TIMUR,KEDIRI,GURAH,GABRU,KEDIRI
2459744008,,ODP-GUR-FB/12,-7.829127,112.077794,,,2,6,0,0,8,REGIONAL 5,KEDIRI,KEDIRI,GUR,,,2024-03-16 23:28:37,43214,2018,4,NON TITO,,,JAWA TIMUR,0.75,YELLOW,353298235,AREA 3,JATIM,MADIUN,KEDIRI,,,0,0,0,JAWA TIMUR,KEDIRI,GURAH,WONOJOYO,KEDIRI
2459743968,,ODP-GUR-FB/22,-7.821824,112.07685,,,3,5,0,0,8,REGIONAL 5,KEDIRI,KEDIRI,GUR,,,2024-03-16 23:28:39,43214,2018,4,NON TITO,,,JAWA TIMUR,0.625,YELLOW,353298178,AREA 3,JATIM,MADIUN,KEDIRI,,,0,0,0,JAWA TIMUR,KEDIRI,GURAH,WONOJOYO,KEDIRI
2459743918,,ODP-GUR-FB/20,-7.824597,112.078532,,,2,6,0,0,8,REGIONAL 5,KEDIRI,KEDIRI,GUR,,,2024-03-16 23:29:02,43214,2018,4,NON TITO,,,JAWA TIMUR,0.75,YELLOW,353298034,AREA 3,JATIM,MADIUN,KEDIRI,,,0,0,0,JAWA TIMUR,KEDIRI,GURAH,WONOJOYO,KEDIRI
2436271767,,ODP-PAE-FN/24,-7.788505,112.224475,,,7,9,0,0,16,REGIONAL 5,KEDIRI,KEDIRI,PAE,,,2024-03-16 23:23:52,43209,2018,4,NON TITO,,,JAWA TIMUR,0.5625,YELLOW,353265346,AREA 3,JATIM,MADIUN,KEDIRI,,,0,0,0,JAWA TIMUR,KEDIRI,KEPUNG,KRENCENG,KEDIRI
2439797790,,ODP-KDI-FC/40,-7.809356,112.04301,,,9,7,0,0,16,REGIONAL 5,KEDIRI,KEDIRI,KDI,,,2024-03-16 23:29:00,43208,2018,4,NON TITO,,,JAWA TIMUR,0.4375,YELLOW,353263678,AREA 3,JATIM,MADIUN,KEDIRI,,,0,0,0,JAWA TIMUR,KEDIRI,NGASEM,DOKO,KEDIRI
2432671167,,ODP-MJT-FB/42,-7.736135,111.959995,,,4,4,0,0,8,REGIONAL 5,KEDIRI,KEDIRI,MJT,,,2024-03-16 23:24:21,43206,2018,4,NON TITO,,,JAWA TIMUR,0.5,YELLOW,334146742,AREA 3,JATIM,MADIUN,KEDIRI,,,0,0,0,JAWA TIMUR,KEDIRI,GROGOL,CERME,KEDIRI
2430946183,,ODP-PAE-FS/16,-7.847233,112.177388,,,2,6,0,0,8,REGIONAL 5,KEDIRI,KEDIRI,PAE,,,2024-03-16 23:26:17,43204,2018,4,NON TITO,,,JAWA TIMUR,0.75,YELLOW,333645871,AREA 3,JATIM,MADIUN,KEDIRI,,,0,0,0,JAWA TIMUR,KEDIRI,PLOSOKLATEN,PRANGGANG,KEDIRI
2430946095,,ODP-PAE-FS/19,-7.843062,112.175652,,,8,8,0,0,16,REGIONAL 5,KEDIRI,KEDIRI,PAE,,,2024-03-16 23:26:43,43204,2018,4,NON TITO,,,JAWA TIMUR,0.5,YELLOW,333645844,AREA 3,JATIM,MADIUN,KEDIRI,,,0,0,0,JAWA TIMUR,KEDIRI,PLOSOKLATEN,PRANGGANG,KEDIRI
2430946001,,ODP-PAE-FS/21,-7.823249,112.179204,,,4,4,0,0,8,REGIONAL 5,KEDIRI,KEDIRI,PAE,,,2024-03-16 23:26:47,43204,2018,4,NON TITO,,,JAWA TIMUR,0.5,YELLOW,333645815,AREA 3,JATIM,MADIUN,KEDIRI,,,0,0,0,JAWA TIMUR,KEDIRI,PARE,SIDOREJO,KEDIRI
2413320150,,ODP-KAA-FB/66,-7.726412,112.278989,,,4,4,0,0,8,REGIONAL 5,KEDIRI,KEDIRI,KAA,,,2024-03-16 23:24:41,43202,2018,4,NON TITO,,,JAWA TIMUR,0.5,YELLOW,333631234,AREA 3,JATIM,MADIUN,KEDIRI,,,0,0,0,JAWA TIMUR,KEDIRI,KANDANGAN,JERUKWANGI,KEDIRI
2410921257,,ODP-MJT-FAE/03,-7.801147,112.002039,,,4,4,0,0,8,REGIONAL 5,KEDIRI,KEDIRI,MJT,,,2024-03-16 23:22:21,43195,2018,4,NON TITO,,,JAWA TIMUR,0.5,YELLOW,333520749,AREA 3,JATIM,MADIUN,KEDIRI,,,0,0,0,JAWA TIMUR,KOTA KEDIRI,MOJOROTO,MOJOROTO,KEDIRI
2410920176,,ODP-MJT-FAC/24,-7.794478,111.997343,,,3,5,0,0,8,REGIONAL 5,KEDIRI,KEDIRI,MJT,,,2024-03-16 23:23:22,43195,2018,4,NON TITO,,,JAWA TIMUR,0.625,YELLOW,333520381,AREA 3,JATIM,MADIUN,KEDIRI,,,0,0,0,JAWA TIMUR,KOTA KEDIRI,MOJOROTO,NGAMPEL,KEDIRI
2410920074,,ODP-MJT-FAC/29,-7.789862,111.999815,,,4,4,0,0,8,REGIONAL 5,KEDIRI,KEDIRI,MJT,,,2024-03-16 23:22:18,43195,2018,4,NON TITO,,,JAWA TIMUR,0.5,YELLOW,333520344,AREA 3,JATIM,MADIUN,KEDIRI,,,0,0,0,JAWA TIMUR,KOTA KEDIRI,MOJOROTO,NGAMPEL,KEDIRI
2410920002,,ODP-MJT-FAC/26,-7.793152,111.99784,,,2,6,0,0,8,REGIONAL 5,KEDIRI,KEDIRI,MJT,,,2024-03-16 23:22:58,43195,2018,4,NON TITO,,,JAWA TIMUR,0.75,YELLOW,333520321,AREA 3,JATIM,MADIUN,KEDIRI,,,0,0,0,JAWA TIMUR,KOTA KEDIRI,MOJOROTO,NGAMPEL,KEDIRI
2410919928,,ODP-MJT-FAC/22,-7.795954,111.996766,,,3,5,0,0,8,REGIONAL 5,KEDIRI,KEDIRI,MJT,,,2024-03-16 23:23:04,43195,2018,4,NON TITO,,,JAWA TIMUR,0.625,YELLOW,333520298,AREA 3,JATIM,MADIUN,KEDIRI,,,0,0,0,JAWA TIMUR,KOTA KEDIRI,MOJOROTO,NGAMPEL,KEDIRI
2392997114,,ODP-KDI-FBF/20,-7.789174,112.05812,,,2,5,1,0,8,REGIONAL 5,KEDIRI,KEDIRI,KDI,,,2024-03-16 23:28:36,43188,2018,3,NON TITO,,,JAWA TIMUR,0.625,YELLOW,333474324,AREA 3,JATIM,MADIUN,KEDIRI,,,0,0,0,JAWA TIMUR,KEDIRI,NGASEM,TOYORESMI,KEDIRI
2392996569,,ODP-KDI-FBF/18,-7.787554,112.056221,,,2,6,0,0,8,REGIONAL 5,KEDIRI,KEDIRI,KDI,,,2024-03-16 23:28:25,43188,2018,3,NON TITO,,,JAWA TIMUR,0.75,YELLOW,333474101,AREA 3,JATIM,MADIUN,KEDIRI,,,0,0,0,JAWA TIMUR,KEDIRI,NGASEM,TOYORESMI,KEDIRI
2392996405,,ODP-KDI-FBF/22,-7.793895,112.052315,,,4,4,0,0,8,REGIONAL 5,KEDIRI,KEDIRI,KDI,,,2024-03-16 23:27:42,43188,2018,3,NON TITO,,,JAWA TIMUR,0.5,YELLOW,333474002,AREA 3,JATIM,MADIUN,KEDIRI,,,0,0,0,JAWA TIMUR,KEDIRI,NGASEM,NAMBAAN,KEDIRI
2394193911,,ODP-KDI-FBF/11,-7.795647,112.043726,,,2,6,0,0,8,REGIONAL 5,KEDIRI,KEDIRI,KDI,,,2024-03-16 23:24:46,43188,2018,3,NON TITO,,,JAWA TIMUR,0.75,YELLOW,333466895,AREA 3,JATIM,MADIUN,KEDIRI,,,0,0,0,JAWA TIMUR,KEDIRI,NGASEM,NGASEM,KEDIRI
2394193795,,ODP-KDI-FBF/16,-7.798142,112.04693,,,2,6,0,0,8,REGIONAL 5,KEDIRI,KEDIRI,KDI,,,2024-03-16 23:24:55,43188,2018,3,NON TITO,,,JAWA TIMUR,0.75,YELLOW,333466845,AREA 3,JATIM,MADIUN,KEDIRI,,,0,0,0,JAWA TIMUR,KEDIRI,NGASEM,NGASEM,KEDIRI
2394193746,,ODP-KDI-FBF/10,-7.794657,112.044461,,,2,6,0,0,8,REGIONAL 5,KEDIRI,KEDIRI,KDI,,,2024-03-16 23:24:23,43188,2018,3,NON TITO,,,JAWA TIMUR,0.75,YELLOW,333466823,AREA 3,JATIM,MADIUN,KEDIRI,,,0,0,0,JAWA TIMUR,KEDIRI,NGASEM,NGASEM,KEDIRI
2394193719,,ODP-KDI-FBF/12,-7.79632,112.045,,,4,4,0,0,8,REGIONAL 5,KEDIRI,KEDIRI,KDI,,,2024-03-16 23:24:18,43188,2018,3,NON TITO,,,JAWA TIMUR,0.5,YELLOW,333466814,AREA 3,JATIM,MADIUN,KEDIRI,,,0,0,0,JAWA TIMUR,KEDIRI,NGASEM,NGASEM,KEDIRI
2394193708,,ODP-KDI-FBF/06,-7.796039,112.049625,,,4,4,0,0,8,REGIONAL 5,KEDIRI,KEDIRI,KDI,,,2024-03-16 23:22:39,43188,2018,3,NON TITO,,,JAWA TIMUR,0.5,YELLOW,333466808,AREA 3,JATIM,MADIUN,KEDIRI,,,0,0,0,JAWA TIMUR,KEDIRI,NGASEM,NGASEM,KEDIRI
2430946303,,ODP-PAE-FS/08,-7.852635,112.170996,,,2,6,0,0,8,REGIONAL 5,KEDIRI,KEDIRI,PAE,,,2024-03-16 23:26:33,43204,2018,4,NON TITO,,,JAWA TIMUR,0.75,YELLOW,333713570,AREA 3,JATIM,MADIUN,KEDIRI,,,0,0,0,JAWA TIMUR,KEDIRI,PLOSOKLATEN,PRANGGANG,KEDIRI
2430946353,,ODP-PAE-FS/18,-7.846578,112.174426,,,2,6,0,0,8,REGIONAL 5,KEDIRI,KEDIRI,PAE,,,2024-03-16 23:26:56,43204,2018,4,NON TITO,,,JAWA TIMUR,0.75,YELLOW,333713600,AREA 3,JATIM,MADIUN,KEDIRI,,,0,0,0,JAWA TIMUR,KEDIRI,PLOSOKLATEN,PRANGGANG,KEDIRI
2430946398,,ODP-PAE-FS/12,-7.853039,112.185346,,,2,6,0,0,8,REGIONAL 5,KEDIRI,KEDIRI,PAE,,,2024-03-16 23:25:45,43204,2018,4,NON TITO,,,JAWA TIMUR,0.75,YELLOW,333713627,AREA 3,JATIM,MADIUN,KEDIRI,,,0,0,0,JAWA TIMUR,KEDIRI,PLOSOKLATEN,PRANGGANG,KEDIRI
2430946403,,ODP-PAE-FS/11,-7.849554,112.172763,,,8,8,0,0,16,REGIONAL 5,KEDIRI,KEDIRI,PAE,,,2024-03-16 23:26:45,43204,2018,4,NON TITO,,,JAWA TIMUR,0.5,YELLOW,333713630,AREA 3,JATIM,MADIUN,KEDIRI,,,0,0,0,JAWA TIMUR,KEDIRI,PLOSOKLATEN,PRANGGANG,KEDIRI
2432670898,,ODP-MJT-FB/44,-7.742381,111.958321,,,8,8,0,0,16,REGIONAL 5,KEDIRI,KEDIRI,MJT,,,2024-03-16 23:24:01,43206,2018,4,NON TITO,,,JAWA TIMUR,0.5,YELLOW,334146560,AREA 3,JATIM,MADIUN,KEDIRI,,,0,0,0,JAWA TIMUR,KEDIRI,GROGOL,CERME,KEDIRI
2432670541,,ODP-MJT-FB/43,-7.737977,111.959504,,,3,5,0,0,8,REGIONAL 5,KEDIRI,KEDIRI,MJT,,,2024-03-16 23:24:23,43206,2018,4,NON TITO,,,JAWA TIMUR,0.625,YELLOW,334146315,AREA 3,JATIM,MADIUN,KEDIRI,,,0,0,0,JAWA TIMUR,KEDIRI,GROGOL,CERME,KEDIRI
2436569680,,ODP-MJT-FJ/51,-7.819032,111.987407,,,2,6,0,0,8,REGIONAL 5,KEDIRI,KEDIRI,MJT,,,2024-03-16 23:24:27,43206,2018,4,NON TITO,,,JAWA TIMUR,0.75,YELLOW,334142088,AREA 3,JATIM,MADIUN,KEDIRI,,,0,0,0,JAWA TIMUR,KOTA KEDIRI,MOJOROTO,CAMPUREJO,KEDIRI
2433043641,,ODP-MJT-FJ/50,-7.818725,111.986883,,,3,5,0,0,8,REGIONAL 5,KEDIRI,KEDIRI,MJT,,,2024-03-16 23:26:58,43206,2018,4,NON TITO,,,JAWA TIMUR,0.625,YELLOW,334142081,AREA 3,JATIM,MADIUN,KEDIRI,,,0,0,0,JAWA TIMUR,KOTA KEDIRI,MOJOROTO,CAMPUREJO,KEDIRI
2436569562,,ODP-MJT-FJ/42,-7.817445,111.987729,,,2,6,0,0,8,REGIONAL 5,KEDIRI,KEDIRI,MJT,,,2024-03-16 23:24:44,43206,2018,4,NON TITO,,,JAWA TIMUR,0.75,YELLOW,334141910,AREA 3,JATIM,MADIUN,KEDIRI,,,0,0,0,JAWA TIMUR,KOTA KEDIRI,MOJOROTO,CAMPUREJO,KEDIRI
2436569527,,ODP-MJT-FJ/39,-7.816476,111.987168,,,4,4,0,0,8,REGIONAL 5,KEDIRI,KEDIRI,MJT,,,2024-03-16 23:24:35,43206,2018,4,NON TITO,,,JAWA TIMUR,0.5,YELLOW,334141867,AREA 3,JATIM,MADIUN,KEDIRI,,,0,0,0,JAWA TIMUR,KOTA KEDIRI,MOJOROTO,CAMPUREJO,KEDIRI
2436569512,,ODP-MJT-FJ/45,-7.816854,111.987949,,,4,4,0,0,8,REGIONAL 5,KEDIRI,KEDIRI,MJT,,,2024-03-16 23:24:41,43206,2018,4,NON TITO,,,JAWA TIMUR,0.5,YELLOW,334141838,AREA 3,JATIM,MADIUN,KEDIRI,,,0,0,0,JAWA TIMUR,KOTA KEDIRI,MOJOROTO,CAMPUREJO,KEDIRI
2436569492,,ODP-MJT-FJ/47,-7.817375,111.988533,,,2,6,0,0,8,REGIONAL 5,KEDIRI,KEDIRI,MJT,,,2024-03-16 23:24:34,43206,2018,4,NON TITO,,,JAWA TIMUR,0.75,YELLOW,334141808,AREA 3,JATIM,MADIUN,KEDIRI,,,0,0,0,JAWA TIMUR,KOTA KEDIRI,MOJOROTO,CAMPUREJO,KEDIRI
2201597131,,ODP-KDI-FBC/01,-7.817235,112.019622,,,6,10,0,0,16,REGIONAL 5,KEDIRI,KEDIRI,KDI,,,2024-03-16 23:25:04,43132,2018,2,NON TITO,,,JAWA TIMUR,0.625,YELLOW,305415702,AREA 3,JATIM,MADIUN,KEDIRI,,,0,0,0,JAWA TIMUR,KOTA KEDIRI,KOTA KEDIRI,DANDANGAN,KEDIRI
2441294418,,ODP-MJT-FA/26,-7.721195,111.948333,,,4,4,0,0,8,REGIONAL 5,KEDIRI,KEDIRI,MJT,,,2024-03-16 23:26:44,43206,2018,4,NON TITO,,,JAWA TIMUR,0.5,YELLOW,334139665,AREA 3,JATIM,MADIUN,KEDIRI,,,0,0,0,JAWA TIMUR,KEDIRI,TAROKAN,KALIBOTO,KEDIRI
2441294370,,ODP-MJT-FA/28,-7.728702,111.946304,,,2,6,0,0,8,REGIONAL 5,KEDIRI,KEDIRI,MJT,,,2024-03-16 23:26:29,43206,2018,4,NON TITO,,,JAWA TIMUR,0.75,YELLOW,334139629,AREA 3,JATIM,MADIUN,KEDIRI,,,0,0,0,JAWA TIMUR,KEDIRI,TAROKAN,KALIBOTO,KEDIRI
2441294365,,ODP-MJT-FA/29,-7.730893,111.94971,,,2,5,1,0,8,REGIONAL 5,KEDIRI,KEDIRI,MJT,,,2024-03-16 23:26:09,43206,2018,4,NON TITO,,,JAWA TIMUR,0.625,YELLOW,334139625,AREA 3,JATIM,MADIUN,KEDIRI,,,0,0,0,JAWA TIMUR,KEDIRI,TAROKAN,KALIBOTO,KEDIRI
2441294305,,ODP-MJT-FA/27,-7.727523,111.946634,,,4,4,0,0,8,REGIONAL 5,KEDIRI,KEDIRI,MJT,,,2024-03-16 23:26:56,43206,2018,4,NON TITO,,,JAWA TIMUR,0.5,YELLOW,334139582,AREA 3,JATIM,MADIUN,KEDIRI,,,0,0,0,JAWA TIMUR,KEDIRI,TAROKAN,KALIBOTO,KEDIRI
2430946575,,ODP-PAE-FS/13,-7.852093,112.184191,,,3,5,0,0,8,REGIONAL 5,KEDIRI,KEDIRI,PAE,,,2024-03-16 23:26:48,43204,2018,4,NON TITO,,,JAWA TIMUR,0.625,YELLOW,333713733,AREA 3,JATIM,MADIUN,KEDIRI,,,0,0,0,JAWA TIMUR,KEDIRI,PLOSOKLATEN,PRANGGANG,KEDIRI
2430946570,,ODP-PAE-FS/07,-7.852054,112.169765,,,3,5,0,0,8,REGIONAL 5,KEDIRI,KEDIRI,PAE,,,2024-03-16 23:26:08,43204,2018,4,NON TITO,,,JAWA TIMUR,0.625,YELLOW,333713730,AREA 3,JATIM,MADIUN,KEDIRI,,,0,0,0,JAWA TIMUR,KEDIRI,PLOSOKLATEN,PRANGGANG,KEDIRI
2430946488,,ODP-PAE-FS/20,-7.83946,112.176225,,,3,5,0,0,8,REGIONAL 5,KEDIRI,KEDIRI,PAE,,,2024-03-16 23:26:16,43204,2018,4,NON TITO,,,JAWA TIMUR,0.625,YELLOW,333713681,AREA 3,JATIM,MADIUN,KEDIRI,,,0,0,0,JAWA TIMUR,KEDIRI,PLOSOKLATEN,SUMBERAGUNG,KEDIRI
2430946483,,ODP-PAE-FS/23,-7.831463,112.1773,,,3,5,0,0,8,REGIONAL 5,KEDIRI,KEDIRI,PAE,,,2024-03-16 23:26:50,43204,2018,4,NON TITO,,,JAWA TIMUR,0.625,YELLOW,333713678,AREA 3,JATIM,MADIUN,KEDIRI,,,0,0,0,JAWA TIMUR,KEDIRI,PLOSOKLATEN,SUMBERAGUNG,KEDIRI
2430946478,,ODP-PAE-FS/15,-7.848183,112.179113,,,3,5,0,0,8,REGIONAL 5,KEDIRI,KEDIRI,PAE,,,2024-03-16 23:26:55,43204,2018,4,NON TITO,,,JAWA TIMUR,0.625,YELLOW,333713675,AREA 3,JATIM,MADIUN,KEDIRI,,,0,0,0,JAWA TIMUR,KEDIRI,PLOSOKLATEN,PRANGGANG,KEDIRI
2441294375,,ODP-MJT-FA/22,-7.70083,111.954282,,,7,9,0,0,16,REGIONAL 5,KEDIRI,KEDIRI,MJT,,,2024-03-16 23:26:24,43206,2018,4,NON TITO,,,JAWA TIMUR,0.5625,YELLOW,334139633,AREA 3,JATIM,MADIUN,KEDIRI,,,0,0,0,JAWA TIMUR,KEDIRI,TAROKAN,CENGKOK,KEDIRI
1955295636,,ODP-KDI-FF/34,-7.810348,112.023621,,,4,4,0,0,8,REGIONAL 5,KEDIRI,KEDIRI,KDI,,,2024-03-16 23:25:39,43040,2017,11,NON TITO,,,JAWA TIMUR,0.5,YELLOW,242267876,AREA 3,JATIM,MADIUN,KEDIRI,,,0,0,0,JAWA TIMUR,KOTA KEDIRI,KOTA,DANDANGAN,KEDIRI
2201596978,,ODP-KDI-FBC/08,-7.819362,112.024719,,,2,6,0,0,8,REGIONAL 5,KEDIRI,KEDIRI,KDI,,,2024-03-16 23:24:16,43132,2018,2,NON TITO,,,JAWA TIMUR,0.75,YELLOW,305415621,AREA 3,JATIM,MADIUN,KEDIRI,,,0,0,0,JAWA TIMUR,KOTA KEDIRI,KOTA,BANJARAN,KEDIRI
2201596823,,ODP-KDI-FBC/19,-7.820167,112.017585,,,3,5,0,0,8,REGIONAL 5,KEDIRI,KEDIRI,KDI,,,2024-03-16 23:24:44,43132,2018,2,NON TITO,,,JAWA TIMUR,0.625,YELLOW,305199950,AREA 3,JATIM,MADIUN,KEDIRI,,,0,0,0,JAWA TIMUR,KOTA KEDIRI,KOTA,JAGALAN,KEDIRI
2106945083,,ODP-MJT-FAC/11,-7.787658,111.983328,,,2,6,0,0,8,REGIONAL 5,KEDIRI,KEDIRI,MJT,,,2024-03-16 23:23:24,43103,2018,1,NON TITO,,,JAWA TIMUR,0.75,YELLOW,258404648,AREA 3,JATIM,MADIUN,KEDIRI,,,0,0,0,JAWA TIMUR,KOTA KEDIRI,MOJOROTO,GAYAM,KEDIRI
2106944533,,ODP-MJT-FAC/16,-7.78943,111.998097,,,4,4,0,0,8,REGIONAL 5,KEDIRI,KEDIRI,MJT,,,2024-03-16 23:22:43,43103,2018,1,NON TITO,,,JAWA TIMUR,0.5,YELLOW,258404485,AREA 3,JATIM,MADIUN,KEDIRI,,,0,0,0,JAWA TIMUR,KOTA KEDIRI,MOJOROTO,NGAMPEL,KEDIRI
2107319060,,ODP-KDI-FG/45,-7.827706,112.019404,,,8,8,0,0,16,REGIONAL 5,KEDIRI,KEDIRI,KDI,,,2024-03-16 23:26:26,43099,2017,12,NON TITO,,,JAWA TIMUR,0.5,YELLOW,258394216,AREA 3,JATIM,MADIUN,KEDIRI,,,0,0,0,JAWA TIMUR,KOTA KEDIRI,KOTA,SETONOPANDE,KEDIRI
2107319050,,ODP-KDI-FG/52,-7.829131,112.021036,,,8,8,0,0,16,REGIONAL 5,KEDIRI,KEDIRI,KDI,,,2024-03-16 23:25:28,43099,2017,12,NON TITO,,,JAWA TIMUR,0.5,YELLOW,258394213,AREA 3,JATIM,MADIUN,KEDIRI,,,0,0,0,JAWA TIMUR,KOTA KEDIRI,KOTA,KAMPUNG DALEM,KEDIRI
2107318855,,ODP-KDI-FG/62,-7.828495,112.028472,,,3,5,0,0,8,REGIONAL 5,KEDIRI,KEDIRI,KDI,,,2024-03-16 23:25:31,43099,2017,12,NON TITO,,,JAWA TIMUR,0.625,YELLOW,258394152,AREA 3,JATIM,MADIUN,KEDIRI,,,0,0,0,JAWA TIMUR,KOTA KEDIRI,PESANTREN,BANGSAL,KEDIRI
2107318845,,ODP-KDI-FG/50,-7.827238,112.021266,,,6,10,0,0,16,REGIONAL 5,KEDIRI,KEDIRI,KDI,,,2024-03-16 23:26:10,43099,2017,12,NON TITO,,,JAWA TIMUR,0.625,YELLOW,258394149,AREA 3,JATIM,MADIUN,KEDIRI,,,0,0,0,JAWA TIMUR,KOTA KEDIRI,KOTA,SETONOPANDE,KEDIRI
2107620754,,ODP-KDI-FG/39,-7.830216,112.029126,,,8,8,0,0,16,REGIONAL 5,KEDIRI,KEDIRI,KDI,,,2024-03-16 23:27:10,43099,2017,12,NON TITO,,,JAWA TIMUR,0.5,YELLOW,258393745,AREA 3,JATIM,MADIUN,KEDIRI,,,0,0,0,JAWA TIMUR,KOTA KEDIRI,PESANTREN,BANARAN,KEDIRI
2107620744,,ODP-KDI-FG/30,-7.829736,112.03835,,,9,7,0,0,16,REGIONAL 5,KEDIRI,KEDIRI,KDI,,,2024-03-16 23:28:16,43099,2017,12,NON TITO,,,JAWA TIMUR,0.4375,YELLOW,258393742,AREA 3,JATIM,MADIUN,KEDIRI,,,0,0,0,JAWA TIMUR,KOTA KEDIRI,PESANTREN,BANGSAL,KEDIRI
2107620314,,ODP-KDI-FG/32,-7.830843,112.037083,,,4,4,0,0,8,REGIONAL 5,KEDIRI,KEDIRI,KDI,,,2024-03-16 23:28:15,43099,2017,12,NON TITO,,,JAWA TIMUR,0.5,YELLOW,258393608,AREA 3,JATIM,MADIUN,KEDIRI,,,0,0,0,JAWA TIMUR,KOTA KEDIRI,PESANTREN,BANGSAL,KEDIRI
2107620252,,ODP-NDL-FL/08,-7.905656,112.011044,,,3,4,0,0,8,REGIONAL 5,KEDIRI,KEDIRI,NDL,,,2024-03-16 23:28:12,43099,2017,12,NON TITO,,,JAWA TIMUR,0.5,YELLOW,258393589,AREA 3,JATIM,MADIUN,KEDIRI,,,0,0,0,JAWA TIMUR,KEDIRI,NGADILUWIH,DUKUH,KEDIRI
2107619898,,ODP-NDL-FL/07,-7.905276,112.007204,,,3,5,0,0,8,REGIONAL 5,KEDIRI,KEDIRI,NDL,,,2024-03-16 23:26:54,43099,2017,12,NON TITO,,,JAWA TIMUR,0.625,YELLOW,258393482,AREA 3,JATIM,MADIUN,KEDIRI,,,0,0,0,JAWA TIMUR,KEDIRI,NGADILUWIH,DUKUH,KEDIRI
2107619682,,ODP-NDL-FL/15,-7.906851,112.021891,,,8,8,0,0,16,REGIONAL 5,KEDIRI,KEDIRI,NDL,,,2024-03-16 23:21:05,43099,2017,12,NON TITO,,,JAWA TIMUR,0.5,YELLOW,258393414,AREA 3,JATIM,MADIUN,KEDIRI,,,0,0,0,JAWA TIMUR,KEDIRI,KANDAT,RINGINSARI,KEDIRI
2107619516,,ODP-NDL-FL/12,-7.911207,112.022606,,,2,6,0,0,8,REGIONAL 5,KEDIRI,KEDIRI,NDL,,,2024-03-16 23:27:50,43099,2017,12,NON TITO,,,JAWA TIMUR,0.75,YELLOW,258393360,AREA 3,JATIM,MADIUN,KEDIRI,,,0,0,0,JAWA TIMUR,KEDIRI,KANDAT,RINGINSARI,KEDIRI
2106043528,,ODP-KDI-FAP/09,-7.787261,112.039601,,,4,4,0,0,8,REGIONAL 5,KEDIRI,KEDIRI,KDI,,,2024-03-16 23:26:47,43098,2017,12,NON TITO,,,JAWA TIMUR,0.5,YELLOW,258389511,AREA 3,JATIM,MADIUN,KEDIRI,,,0,0,0,JAWA TIMUR,KEDIRI,NGASEM,NAMBAAN,KEDIRI
2103344666,,ODP-KDI-FAE/48,-7.846625,112.032446,,,3,5,0,0,8,REGIONAL 5,KEDIRI,KEDIRI,KDI,,,2024-03-16 23:23:33,43098,2017,12,NON TITO,,,JAWA TIMUR,0.625,YELLOW,258389257,AREA 3,JATIM,MADIUN,KEDIRI,,,0,0,0,JAWA TIMUR,KOTA KEDIRI,KOTA KEDIRI,NGRONGGO,KEDIRI
2103344671,,ODP-KDI-FAE/49,-7.845956,112.033708,,,3,5,0,0,8,REGIONAL 5,KEDIRI,KEDIRI,KDI,,,2024-03-16 23:24:00,43098,2017,12,NON TITO,,,JAWA TIMUR,0.625,YELLOW,257714965,AREA 3,JATIM,MADIUN,KEDIRI,,,0,0,0,JAWA TIMUR,KOTA KEDIRI,KOTA,NGRONGGO,KEDIRI
2103344541,,ODP-KDI-FAE/51,-7.847675,112.034809,,,3,5,0,0,8,REGIONAL 5,KEDIRI,KEDIRI,KDI,,,2024-03-16 23:23:47,43098,2017,12,NON TITO,,,JAWA TIMUR,0.625,YELLOW,257714926,AREA 3,JATIM,MADIUN,KEDIRI,,,0,0,0,JAWA TIMUR,KOTA KEDIRI,KOTA,NGRONGGO,KEDIRI
2106945262,,ODP-MJT-FAC/12,-7.786413,111.983937,,,3,5,0,0,8,REGIONAL 5,KEDIRI,KEDIRI,MJT,,,2024-03-16 23:23:25,43103,2018,1,NON TITO,,,JAWA TIMUR,0.625,YELLOW,258404734,AREA 3,JATIM,MADIUN,KEDIRI,,,0,0,0,JAWA TIMUR,KOTA KEDIRI,MOJOROTO,GAYAM,KEDIRI
2103344531,,ODP-NDL-FH/14,-7.907272,111.988296,,,9,7,0,0,16,REGIONAL 5,KEDIRI,KEDIRI,NDL,,,2024-03-16 23:23:52,43098,2017,12,NON TITO,,,JAWA TIMUR,0.4375,YELLOW,257714923,AREA 3,JATIM,MADIUN,KEDIRI,,,0,0,0,JAWA TIMUR,KEDIRI,NGADILUWIH,BRANGGAHAN,KEDIRI
2107169098,,ODP-MJT-FAF/01,-7.803599,111.976368,,,4,4,0,0,8,REGIONAL 5,KEDIRI,KEDIRI,MJT,,,2024-03-16 23:22:00,43103,2018,1,NON TITO,,,JAWA TIMUR,0.5,YELLOW,258409622,AREA 3,JATIM,MADIUN,KEDIRI,,,0,0,0,JAWA TIMUR,KOTA KEDIRI,MOJOROTO,SUKORAME,KEDIRI
2107169538,,ODP-MJT-FAH/06,-7.811064,112.002944,,,0,6,2,0,8,REGIONAL 5,KEDIRI,KEDIRI,MJT,,,2024-03-16 23:22:19,43103,2018,1,NON TITO,,,JAWA TIMUR,0.75,YELLOW,258409841,AREA 3,JATIM,MADIUN,KEDIRI,,,0,0,0,JAWA TIMUR,KOTA KEDIRI,MOJOROTO,MOJOROTO,KEDIRI
2107620689,,ODP-NDL-FL/10,-7.908549,112.026814,,,4,4,0,0,8,REGIONAL 5,KEDIRI,KEDIRI,NDL,,,2024-03-16 23:27:16,43099,2017,12,NON TITO,,,JAWA TIMUR,0.5,YELLOW,258691944,AREA 3,JATIM,MADIUN,KEDIRI,,,0,0,0,JAWA TIMUR,KEDIRI,KANDAT,RINGINSARI,KEDIRI
2107620549,,ODP-KDI-FG/35,-7.832202,112.033877,,,3,5,0,0,8,REGIONAL 5,KEDIRI,KEDIRI,KDI,,,2024-03-16 23:28:26,43099,2017,12,NON TITO,,,JAWA TIMUR,0.625,YELLOW,258691905,AREA 3,JATIM,MADIUN,KEDIRI,,,0,0,0,JAWA TIMUR,KOTA KEDIRI,PESANTREN,BANARAN,KEDIRI
2107620319,,ODP-KDI-FG/34,-7.831974,112.035337,,,2,6,0,0,8,REGIONAL 5,KEDIRI,KEDIRI,KDI,,,2024-03-16 23:26:51,43099,2017,12,NON TITO,,,JAWA TIMUR,0.75,YELLOW,258691836,AREA 3,JATIM,MADIUN,KEDIRI,,,0,0,0,JAWA TIMUR,KOTA KEDIRI,PESANTREN,BANARAN,KEDIRI
2107620257,,ODP-NDL-FL/16,-7.906579,112.018753,,,8,8,0,0,16,REGIONAL 5,KEDIRI,KEDIRI,NDL,,,2024-03-16 23:26:58,43099,2017,12,NON TITO,,,JAWA TIMUR,0.5,YELLOW,258691818,AREA 3,JATIM,MADIUN,KEDIRI,,,0,0,0,JAWA TIMUR,KEDIRI,NGADILUWIH,DUKUH,KEDIRI
2107620053,,ODP-NDL-FL/01,-7.916971,112.016484,,,2,6,0,0,8,REGIONAL 5,KEDIRI,KEDIRI,NDL,,,2024-03-16 23:28:12,43099,2017,12,NON TITO,,,JAWA TIMUR,0.75,YELLOW,258691755,AREA 3,JATIM,MADIUN,KEDIRI,,,0,0,0,JAWA TIMUR,KEDIRI,NGADILUWIH,DUKUH,KEDIRI
2107619963,,ODP-KDI-FG/37,-7.830515,112.030615,,,4,4,0,0,8,REGIONAL 5,KEDIRI,KEDIRI,KDI,,,2024-03-16 23:27:22,43099,2017,12,NON TITO,,,JAWA TIMUR,0.5,YELLOW,258691729,AREA 3,JATIM,MADIUN,KEDIRI,,,0,0,0,JAWA TIMUR,KOTA KEDIRI,PESANTREN,BANARAN,KEDIRI
2107619893,,ODP-NDL-FL/09,-7.904505,112.013178,,,4,4,0,0,8,REGIONAL 5,KEDIRI,KEDIRI,NDL,,,2024-03-16 23:28:00,43099,2017,12,NON TITO,,,JAWA TIMUR,0.5,YELLOW,258691708,AREA 3,JATIM,MADIUN,KEDIRI,,,0,0,0,JAWA TIMUR,KEDIRI,NGADILUWIH,DUKUH,KEDIRI
2107619687,,ODP-NDL-FL/17,-7.908108,112.016435,,,2,6,0,0,8,REGIONAL 5,KEDIRI,KEDIRI,NDL,,,2024-03-16 23:27:24,43099,2017,12,NON TITO,,,JAWA TIMUR,0.75,YELLOW,258691647,AREA 3,JATIM,MADIUN,KEDIRI,,,0,0,0,JAWA TIMUR,KEDIRI,NGADILUWIH,DUKUH,KEDIRI
2107619583,,ODP-KDI-FG/28,-7.826967,112.04197,,,4,4,0,0,8,REGIONAL 5,KEDIRI,KEDIRI,KDI,,,2024-03-16 23:28:09,43099,2017,12,NON TITO,,,JAWA TIMUR,0.5,YELLOW,258691615,AREA 3,JATIM,MADIUN,KEDIRI,,,0,0,0,JAWA TIMUR,KOTA KEDIRI,PESANTREN,BURENGAN,KEDIRI
2107619521,,ODP-NDL-FL/04,-7.911696,112.013277,,,3,5,0,0,8,REGIONAL 5,KEDIRI,KEDIRI,NDL,,,2024-03-16 23:28:08,43099,2017,12,NON TITO,,,JAWA TIMUR,0.625,YELLOW,258691596,AREA 3,JATIM,MADIUN,KEDIRI,,,0,0,0,JAWA TIMUR,KEDIRI,NGADILUWIH,DUKUH,KEDIRI
2106495315,,ODP-MJT-FAN/12,-7.826219,112.005798,,,3,5,0,0,8,REGIONAL 5,KEDIRI,KEDIRI,MJT,,,2024-03-16 23:24:38,43104,2018,1,NON TITO,,,JAWA TIMUR,0.625,YELLOW,258410776,AREA 3,JATIM,MADIUN,KEDIRI,,,0,0,0,JAWA TIMUR,KOTA KEDIRI,MOJOROTO,BANDAR LOR,KEDIRI
2106495079,,ODP-MJT-FAN/17,-7.821788,112.003246,,,5,11,0,0,16,REGIONAL 5,KEDIRI,KEDIRI,MJT,,,2024-03-16 23:25:02,43104,2018,1,NON TITO,,,JAWA TIMUR,0.6875,YELLOW,258410666,AREA 3,JATIM,MADIUN,KEDIRI,,,0,0,0,JAWA TIMUR,KOTA KEDIRI,MOJOROTO,BANDAR LOR,KEDIRI
2106494886,,ODP-MJT-FAN/23,-7.824419,112.005795,,,9,7,0,0,16,REGIONAL 5,KEDIRI,KEDIRI,MJT,,,2024-03-16 23:25:04,43104,2018,1,NON TITO,,,JAWA TIMUR,0.4375,YELLOW,258410580,AREA 3,JATIM,MADIUN,KEDIRI,,,0,0,0,JAWA TIMUR,KOTA KEDIRI,MOJOROTO,BANDAR LOR,KEDIRI
2106494618,,ODP-MJT-FAN/11,-7.825579,112.004796,,,3,5,0,0,8,REGIONAL 5,KEDIRI,KEDIRI,MJT,,,2024-03-16 23:24:52,43104,2018,1,NON TITO,,,JAWA TIMUR,0.625,YELLOW,258410501,AREA 3,JATIM,MADIUN,KEDIRI,,,0,0,0,JAWA TIMUR,KOTA KEDIRI,MOJOROTO,BANDAR LOR,KEDIRI
2106494340,,ODP-MJT-FAN/15,-7.820058,112.003587,,,4,12,0,0,16,REGIONAL 5,KEDIRI,KEDIRI,MJT,,,2024-03-16 23:24:54,43104,2018,1,NON TITO,,,JAWA TIMUR,0.75,YELLOW,258410395,AREA 3,JATIM,MADIUN,KEDIRI,,,0,0,0,JAWA TIMUR,KOTA KEDIRI,MOJOROTO,BANDAR LOR,KEDIRI
2106494090,,ODP-MJT-FAN/20,-7.822693,112.001526,,,5,11,0,0,16,REGIONAL 5,KEDIRI,KEDIRI,MJT,,,2024-03-16 23:24:47,43104,2018,1,NON TITO,,,JAWA TIMUR,0.6875,YELLOW,258410319,AREA 3,JATIM,MADIUN,KEDIRI,,,0,0,0,JAWA TIMUR,KOTA KEDIRI,MOJOROTO,BANDAR LOR,KEDIRI
2107169558,,ODP-PAE-FAE/23,-7.764221,112.157632,,,3,5,0,0,8,REGIONAL 5,KEDIRI,KEDIRI,PAE,,,2024-03-16 23:22:17,43103,2018,1,NON TITO,,,JAWA TIMUR,0.625,YELLOW,258409850,AREA 3,JATIM,MADIUN,KEDIRI,,,0,0,0,JAWA TIMUR,KEDIRI,PARE,BENDO,KEDIRI
2107169128,,ODP-MJT-FAH/01,-7.813894,112.005627,,,4,12,0,0,16,REGIONAL 5,KEDIRI,KEDIRI,MJT,,,2024-03-16 23:21:59,43103,2018,1,NON TITO,,,JAWA TIMUR,0.75,YELLOW,258409635,AREA 3,JATIM,MADIUN,KEDIRI,,,0,0,0,JAWA TIMUR,KOTA KEDIRI,MOJOROTO,BANDAR LOR,KEDIRI
2107620749,,ODP-KDI-FG/36,-7.830874,112.032062,,,4,4,0,0,8,REGIONAL 5,KEDIRI,KEDIRI,KDI,,,2024-03-16 23:28:16,43099,2017,12,NON TITO,,,JAWA TIMUR,0.5,YELLOW,258691961,AREA 3,JATIM,MADIUN,KEDIRI,,,0,0,0,JAWA TIMUR,KOTA KEDIRI,PESANTREN,BANARAN,KEDIRI
2103344173,,ODP-KDI-FAE/47,-7.847904,112.031944,,,2,6,0,0,8,REGIONAL 5,KEDIRI,KEDIRI,KDI,,,2024-03-16 23:23:21,43098,2017,12,NON TITO,,,JAWA TIMUR,0.75,YELLOW,257714775,AREA 3,JATIM,MADIUN,KEDIRI,,,0,0,0,JAWA TIMUR,KOTA KEDIRI,KOTA KEDIRI,NGRONGGO,KEDIRI
2103343868,,ODP-PAE-FAK/07,-7.761633,112.192546,,,3,4,0,0,8,REGIONAL 5,KEDIRI,KEDIRI,PAE,,,2024-03-16 23:23:36,43098,2017,12,NON TITO,,,JAWA TIMUR,0.5,YELLOW,257714593,AREA 3,JATIM,MADIUN,KEDIRI,,,0,0,0,JAWA TIMUR,KEDIRI,PARE,TULUNGREJO,KEDIRI
2095018984,,ODP-PAE-FAL/03,-7.760052,112.214597,,,9,7,0,0,16,REGIONAL 5,KEDIRI,KEDIRI,PAE,,,2024-03-16 23:29:19,43096,2017,12,NON TITO,,,JAWA TIMUR,0.4375,YELLOW,256207969,AREA 3,JATIM,MADIUN,KEDIRI,,,0,0,0,JAWA TIMUR,KEDIRI,BADAS,CANGGU,KEDIRI
2095018979,,ODP-PAE-FAL/10,-7.761696,112.199337,,,3,5,0,0,8,REGIONAL 5,KEDIRI,KEDIRI,PAE,,,2024-03-16 23:28:49,43096,2017,12,NON TITO,,,JAWA TIMUR,0.625,YELLOW,256207965,AREA 3,JATIM,MADIUN,KEDIRI,,,0,0,0,JAWA TIMUR,KEDIRI,PARE,PARE,KEDIRI
2095018949,,ODP-KDI-FN/14,-7.769005,112.035207,,,2,6,0,0,8,REGIONAL 5,KEDIRI,KEDIRI,KDI,,,2024-03-16 23:29:19,43096,2017,12,NON TITO,,,JAWA TIMUR,0.75,YELLOW,256207945,AREA 3,JATIM,MADIUN,KEDIRI,,,0,0,0,JAWA TIMUR,KEDIRI,GAMPENGREJO,SAMBIRESIK,KEDIRI
2095018872,,ODP-PAE-FAL/06,-7.764398,112.212007,,,0,6,2,0,8,REGIONAL 5,KEDIRI,KEDIRI,PAE,,,2024-03-16 23:29:20,43096,2017,12,NON TITO,,,JAWA TIMUR,0.75,YELLOW,256207887,AREA 3,JATIM,MADIUN,KEDIRI,,,0,0,0,JAWA TIMUR,KEDIRI,PARE,TERTEK,KEDIRI
2095018862,,ODP-PAE-FAL/17,-7.762809,112.204273,,,3,5,0,0,8,REGIONAL 5,KEDIRI,KEDIRI,PAE,,,2024-03-16 23:28:14,43096,2017,12,NON TITO,,,JAWA TIMUR,0.625,YELLOW,256207881,AREA 3,JATIM,MADIUN,KEDIRI,,,0,0,0,JAWA TIMUR,KEDIRI,PARE,PARE,KEDIRI
2095018857,,ODP-PAE-FAL/01,-7.75901,112.209957,,,4,4,0,0,8,REGIONAL 5,KEDIRI,KEDIRI,PAE,,,2024-03-16 23:29:14,43096,2017,12,NON TITO,,,JAWA TIMUR,0.5,YELLOW,256207876,AREA 3,JATIM,MADIUN,KEDIRI,,,0,0,0,JAWA TIMUR,KEDIRI,BADAS,LAMONG,KEDIRI
2095018852,,ODP-PAE-FAL/11,-7.760984,112.201409,,,2,6,0,0,8,REGIONAL 5,KEDIRI,KEDIRI,PAE,,,2024-03-16 23:28:54,43096,2017,12,NON TITO,,,JAWA TIMUR,0.75,YELLOW,256207871,AREA 3,JATIM,MADIUN,KEDIRI,,,0,0,0,JAWA TIMUR,KEDIRI,PARE,PARE,KEDIRI
2081369996,,ODP-NDL-FE/51,-7.956813,111.964173,,,4,4,0,0,8,REGIONAL 5,KEDIRI,KEDIRI,NDL,,,2024-03-16 23:23:33,43091,2017,12,NON TITO,,,JAWA TIMUR,0.5,YELLOW,256188761,AREA 3,JATIM,MADIUN,KEDIRI,,,0,0,0,JAWA TIMUR,KEDIRI,KRAS,KRAS,KEDIRI
2081369791,,ODP-NDL-FE/46,-7.95234,111.973142,,,3,5,0,0,8,REGIONAL 5,KEDIRI,KEDIRI,NDL,,,2024-03-16 23:23:32,43091,2017,12,NON TITO,,,JAWA TIMUR,0.625,YELLOW,256188703,AREA 3,JATIM,MADIUN,KEDIRI,,,0,0,0,JAWA TIMUR,KEDIRI,KRAS,BANJARANYAR,KEDIRI
2049494479,,ODP-MJT-FK/44,-7.810915,111.991497,,,2,6,0,0,8,REGIONAL 5,KEDIRI,KEDIRI,MJT,,,2024-03-16 23:28:56,43082,2017,12,NON TITO,,,JAWA TIMUR,0.75,YELLOW,256145985,AREA 3,JATIM,MADIUN,KEDIRI,,,0,0,0,JAWA TIMUR,KOTA KEDIRI,MOJOROTO,SUKORAME,KEDIRI
2012370147,,ODP-MJT-FAN/04,-7.820341,112.005876,,,3,5,0,0,8,REGIONAL 5,KEDIRI,KEDIRI,MJT,,,2024-03-16 23:23:37,43069,2017,11,NON TITO,,,JAWA TIMUR,0.625,YELLOW,255996826,AREA 3,JATIM,MADIUN,KEDIRI,,,0,0,0,JAWA TIMUR,KOTA KEDIRI,MOJOROTO,BANDAR LOR,KEDIRI
2012370142,,ODP-MJT-FAN/01,-7.817003,112.005741,,,2,6,0,0,8,REGIONAL 5,KEDIRI,KEDIRI,MJT,,,2024-03-16 23:24:17,43069,2017,11,NON TITO,,,JAWA TIMUR,0.75,YELLOW,255996823,AREA 3,JATIM,MADIUN,KEDIRI,,,0,0,0,JAWA TIMUR,KOTA KEDIRI,MOJOROTO,BANDAR LOR,KEDIRI
2000293959,,ODP-KDI-FB/48,-7.784556,112.006218,,,4,4,0,0,8,REGIONAL 5,KEDIRI,KEDIRI,KDI,,,2024-03-16 23:25:54,43059,2017,11,NON TITO,,,JAWA TIMUR,0.5,YELLOW,255728888,AREA 3,JATIM,MADIUN,KEDIRI,,,0,0,0,JAWA TIMUR,KEDIRI,GAMPENGREJO,JONGBIRU,KEDIRI
1969693935,,ODP-KDI-FAC/07,-7.81286,112.00882,,,4,4,0,0,8,REGIONAL 5,KEDIRI,KEDIRI,KDI,,,2024-03-16 23:22:37,43049,2017,11,NON TITO,,,JAWA TIMUR,0.5,YELLOW,255429595,AREA 3,JATIM,MADIUN,KEDIRI,,,0,0,0,JAWA TIMUR,KOTA KEDIRI,KOTA,POCANAN,KEDIRI
1956418797,,ODP-WAT-FD/15,-7.94424,112.10112,,,4,4,0,0,8,REGIONAL 5,KEDIRI,KEDIRI,WAT,,,2024-03-16 23:27:39,43042,2017,11,NON TITO,,,JAWA TIMUR,0.5,YELLOW,255390094,AREA 3,JATIM,MADIUN,KEDIRI,,,0,0,0,JAWA TIMUR,KEDIRI,WATES,DUWET,KEDIRI
1955143675,,ODP-WAT-FD/14,-7.944581,112.105597,,,3,5,0,0,8,REGIONAL 5,KEDIRI,KEDIRI,WAT,,,2024-03-16 23:28:26,43042,2017,11,NON TITO,,,JAWA TIMUR,0.625,YELLOW,255390029,AREA 3,JATIM,MADIUN,KEDIRI,,,0,0,0,JAWA TIMUR,KEDIRI,WATES,DUWET,KEDIRI
1954993784,,ODP-WAT-FM/26,-7.88094,112.11689,,,4,4,0,0,8,REGIONAL 5,KEDIRI,KEDIRI,WAT,,,2024-03-16 23:23:55,43042,2017,11,NON TITO,,,JAWA TIMUR,0.5,YELLOW,242280335,AREA 3,JATIM,MADIUN,KEDIRI,,,0,0,0,JAWA TIMUR,KEDIRI,PLOSOKLATEN,GONDANG,KEDIRI
2095019159,,ODP-PAE-FAL/05,-7.764757,112.215452,,,2,6,0,0,8,REGIONAL 5,KEDIRI,KEDIRI,PAE,,,2024-03-16 23:21:38,43096,2017,12,NON TITO,,,JAWA TIMUR,0.75,YELLOW,256208125,AREA 3,JATIM,MADIUN,KEDIRI,,,0,0,0,JAWA TIMUR,KEDIRI,PARE,TERTEK,KEDIRI
2103344041,,ODP-PAE-FAK/06,-7.76026,112.193193,,,3,5,0,0,8,REGIONAL 5,KEDIRI,KEDIRI,PAE,,,2024-03-16 23:23:33,43098,2017,12,NON TITO,,,JAWA TIMUR,0.625,YELLOW,257714696,AREA 3,JATIM,MADIUN,KEDIRI,,,0,0,0,JAWA TIMUR,KEDIRI,PARE,TULUNGREJO,KEDIRI
2095019234,,ODP-PAE-FAL/16,-7.762271,112.201833,,,4,4,0,0,8,REGIONAL 5,KEDIRI,KEDIRI,PAE,,,2024-03-16 23:21:54,43096,2017,12,NON TITO,,,JAWA TIMUR,0.5,YELLOW,256208180,AREA 3,JATIM,MADIUN,KEDIRI,,,0,0,0,JAWA TIMUR,KEDIRI,PARE,PARE,KEDIRI
2095019394,,ODP-PAE-FAL/13,-7.762753,112.200092,,,4,4,0,0,8,REGIONAL 5,KEDIRI,KEDIRI,PAE,,,2024-03-16 23:22:17,43096,2017,12,NON TITO,,,JAWA TIMUR,0.5,YELLOW,256208315,AREA 3,JATIM,MADIUN,KEDIRI,,,0,0,0,JAWA TIMUR,KEDIRI,PARE,PARE,KEDIRI
2103343841,,ODP-NDL-FH/11,-7.903215,111.991765,,,3,5,0,0,8,REGIONAL 5,KEDIRI,KEDIRI,NDL,,,2024-03-16 23:23:29,43098,2017,12,NON TITO,,,JAWA TIMUR,0.625,YELLOW,257714577,AREA 3,JATIM,MADIUN,KEDIRI,,,0,0,0,JAWA TIMUR,KEDIRI,NGADILUWIH,PURWOKERTO,KEDIRI
2103343836,,ODP-NDL-FH/12,-7.902899,111.990888,,,9,7,0,0,16,REGIONAL 5,KEDIRI,KEDIRI,NDL,,,2024-03-16 23:22:57,43098,2017,12,NON TITO,,,JAWA TIMUR,0.4375,YELLOW,257714574,AREA 3,JATIM,MADIUN,KEDIRI,,,0,0,0,JAWA TIMUR,KEDIRI,NGADILUWIH,PURWOKERTO,KEDIRI
2103343831,,ODP-NDL-FH/08,-7.900168,111.99238,,,2,6,0,0,8,REGIONAL 5,KEDIRI,KEDIRI,NDL,,,2024-03-16 23:23:31,43098,2017,12,NON TITO,,,JAWA TIMUR,0.75,YELLOW,257714571,AREA 3,JATIM,MADIUN,KEDIRI,,,0,0,0,JAWA TIMUR,KEDIRI,NGADILUWIH,PURWOKERTO,KEDIRI
2103343677,,ODP-KDI-FAE/46,-7.849227,112.029916,,,8,8,0,0,16,REGIONAL 5,KEDIRI,KEDIRI,KDI,,,2024-03-16 23:23:38,43098,2017,12,NON TITO,,,JAWA TIMUR,0.5,YELLOW,257714479,AREA 3,JATIM,MADIUN,KEDIRI,,,0,0,0,JAWA TIMUR,KOTA KEDIRI,KOTA KEDIRI,NGRONGGO,KEDIRI
2103343657,,ODP-NDL-FH/13,-7.901937,111.988602,,,5,11,0,0,16,REGIONAL 5,KEDIRI,KEDIRI,NDL,,,2024-03-16 23:23:36,43098,2017,12,NON TITO,,,JAWA TIMUR,0.6875,YELLOW,257714467,AREA 3,JATIM,MADIUN,KEDIRI,,,0,0,0,JAWA TIMUR,KEDIRI,NGADILUWIH,PURWOKERTO,KEDIRI
2081373265,,ODP-PAE-FY/11,-7.669313,112.190881,,,4,4,0,0,8,REGIONAL 5,KEDIRI,KEDIRI,PAE,,,2024-03-16 23:24:35,43091,2017,12,NON TITO,,,JAWA TIMUR,0.5,YELLOW,256551742,AREA 3,JATIM,MADIUN,KEDIRI,,,0,0,0,JAWA TIMUR,KEDIRI,KUNJANG,BALONGJERUK,KEDIRI
2081373158,,ODP-PAE-FY/12,-7.673393,112.19111,,,2,6,0,0,8,REGIONAL 5,KEDIRI,KEDIRI,PAE,,,2024-03-16 23:24:17,43091,2017,12,NON TITO,,,JAWA TIMUR,0.75,YELLOW,256551676,AREA 3,JATIM,MADIUN,KEDIRI,,,0,0,0,JAWA TIMUR,KEDIRI,KUNJANG,BALONGJERUK,KEDIRI
2081373143,,ODP-PAE-FY/16,-7.690228,112.201489,,,8,8,0,0,16,REGIONAL 5,KEDIRI,KEDIRI,PAE,,,2024-03-16 23:23:54,43091,2017,12,NON TITO,,,JAWA TIMUR,0.5,YELLOW,256551667,AREA 3,JATIM,MADIUN,KEDIRI,,,0,0,0,JAWA TIMUR,KEDIRI,KUNJANG,KUWIK,KEDIRI
2081372959,,ODP-PAE-FY/14,-7.677063,112.194125,,,5,11,0,0,16,REGIONAL 5,KEDIRI,KEDIRI,PPR,,,2024-03-16 23:24:01,43091,2017,12,NON TITO,,,JAWA TIMUR,0.6875,YELLOW,256551557,AREA 3,JATIM,MADIUN,KEDIRI,,,0,0,0,JAWA TIMUR,KEDIRI,KUNJANG,BALONGJERUK,KEDIRI
2081372772,,ODP-PAE-FY/22,-7.704205,112.208095,,,2,6,0,0,8,REGIONAL 5,KEDIRI,KEDIRI,PAE,,,2024-03-16 23:24:20,43091,2017,12,NON TITO,,,JAWA TIMUR,0.75,YELLOW,256551462,AREA 3,JATIM,MADIUN,KEDIRI,,,0,0,0,JAWA TIMUR,KEDIRI,BADAS,BADAS,KEDIRI
2081372471,,ODP-PAE-FY/24,-7.703839,112.209592,,,3,5,0,0,8,REGIONAL 5,KEDIRI,KEDIRI,PAE,,,2024-03-16 23:24:15,43091,2017,12,NON TITO,,,JAWA TIMUR,0.625,YELLOW,256551319,AREA 3,JATIM,MADIUN,KEDIRI,,,0,0,0,JAWA TIMUR,KEDIRI,BADAS,BADAS,KEDIRI
2081372466,,ODP-PAE-FY/17,-7.695318,112.203394,,,4,4,0,0,8,REGIONAL 5,KEDIRI,KEDIRI,PAE,,,2024-03-16 23:24:10,43091,2017,12,NON TITO,,,JAWA TIMUR,0.5,YELLOW,256551316,AREA 3,JATIM,MADIUN,KEDIRI,,,0,0,0,JAWA TIMUR,KEDIRI,BADAS,BADAS,KEDIRI
2081370229,,ODP-NDL-FE/45,-7.952831,111.974998,,,3,5,0,0,8,REGIONAL 5,KEDIRI,KEDIRI,NDL,,,2024-03-16 23:23:45,43091,2017,12,NON TITO,,,JAWA TIMUR,0.625,YELLOW,256550141,AREA 3,JATIM,MADIUN,KEDIRI,,,0,0,0,JAWA TIMUR,KEDIRI,KRAS,BANJARANYAR,KEDIRI
2081369991,,ODP-NDL-FE/47,-7.951768,111.970889,,,3,5,0,0,8,REGIONAL 5,KEDIRI,KEDIRI,NDL,,,2024-03-16 23:23:51,43091,2017,12,NON TITO,,,JAWA TIMUR,0.625,YELLOW,256550071,AREA 3,JATIM,MADIUN,KEDIRI,,,0,0,0,JAWA TIMUR,KEDIRI,KRAS,BANJARANYAR,KEDIRI
2081369032,,ODP-NDL-FE/52,-7.965319,111.964491,,,3,5,0,0,8,REGIONAL 5,KEDIRI,KEDIRI,NDL,,,2024-03-16 23:23:35,43091,2017,12,NON TITO,,,JAWA TIMUR,0.625,YELLOW,256549781,AREA 3,JATIM,MADIUN,KEDIRI,,,0,0,0,JAWA TIMUR,KEDIRI,KRAS,KARANGTALUN,KEDIRI
2095019479,,ODP-PAE-FAL/15,-7.829911,112.223056,,,8,8,0,0,16,REGIONAL 5,KEDIRI,KEDIRI,PAE,,,2024-03-16 23:22:00,43096,2017,12,NON TITO,,,JAWA TIMUR,0.5,YELLOW,256208388,AREA 3,JATIM,MADIUN,KEDIRI,,,0,0,0,JAWA TIMUR,KEDIRI,PUNCU,MANGGIS,KEDIRI
2095019399,,ODP-PAE-FAL/08,-7.763477,112.207353,,,3,5,0,0,8,REGIONAL 5,KEDIRI,KEDIRI,PAE,,,2024-03-16 23:21:38,43096,2017,12,NON TITO,,,JAWA TIMUR,0.625,YELLOW,256208319,AREA 3,JATIM,MADIUN,KEDIRI,,,0,0,0,JAWA TIMUR,KEDIRI,PARE,PARE,KEDIRI
2095019364,,ODP-KDI-FN/13,-7.770058,112.034837,,,3,5,0,0,8,REGIONAL 5,KEDIRI,KEDIRI,KDI,,,2024-03-16 23:21:49,43096,2017,12,NON TITO,,,JAWA TIMUR,0.625,YELLOW,256208290,AREA 3,JATIM,MADIUN,KEDIRI,,,0,0,0,JAWA TIMUR,KEDIRI,GAMPENGREJO,SAMBIRESIK,KEDIRI
2107620879,,ODP-NDL-FL/06,-7.904812,112.003294,,,1,6,0,0,8,REGIONAL 5,KEDIRI,KEDIRI,NDL,,,2024-03-16 23:27:14,43099,2017,12,NON TITO,,,JAWA TIMUR,0.75,YELLOW,258692002,AREA 3,JATIM,MADIUN,KEDIRI,,,0,0,0,JAWA TIMUR,KEDIRI,NGADILUWIH,PURWOKERTO,KEDIRI
2107318638,,ODP-KDI-FG/57,-7.827417,112.022612,,,2,6,0,0,8,REGIONAL 5,KEDIRI,KEDIRI,KDI,,,2024-03-16 23:26:23,43099,2017,12,NON TITO,,,JAWA TIMUR,0.75,YELLOW,258692363,AREA 3,JATIM,MADIUN,KEDIRI,,,0,0,0,JAWA TIMUR,KOTA KEDIRI,PESANTREN,BURENGAN,KEDIRI
2107318850,,ODP-KDI-FG/42,-7.828916,112.016891,,,4,4,0,0,8,REGIONAL 5,KEDIRI,KEDIRI,KDI,,,2024-03-16 23:26:29,43099,2017,12,NON TITO,,,JAWA TIMUR,0.5,YELLOW,258692454,AREA 3,JATIM,MADIUN,KEDIRI,,,0,0,0,JAWA TIMUR,KOTA KEDIRI,KOTA,KAMPUNG DALEM,KEDIRI
2139950327,,ODP-KDI-FBC/32,-7.821459,112.020074,,,2,6,0,0,8,REGIONAL 5,KEDIRI,KEDIRI,KDI,,,2024-03-16 23:29:18,43116,2018,1,NON TITO,,,JAWA TIMUR,0.75,YELLOW,286520504,AREA 3,JATIM,MADIUN,KEDIRI,,,0,0,0,JAWA TIMUR,KOTA KEDIRI,KOTA,BANJARAN,KEDIRI
2139950282,,ODP-KDI-FBC/24,-7.82214,112.02416,,,6,10,0,0,16,REGIONAL 5,KEDIRI,KEDIRI,KDI,,,2024-03-16 23:29:19,43116,2018,1,NON TITO,,,JAWA TIMUR,0.625,YELLOW,286520477,AREA 3,JATIM,MADIUN,KEDIRI,,,0,0,0,JAWA TIMUR,KOTA KEDIRI,KOTA,BANJARAN,KEDIRI
2139950267,,ODP-KDI-FBC/34,-7.820576,112.022063,,,4,12,0,0,16,REGIONAL 5,KEDIRI,KEDIRI,KDI,,,2024-03-16 23:29:17,43116,2018,1,NON TITO,,,JAWA TIMUR,0.75,YELLOW,286520468,AREA 3,JATIM,MADIUN,KEDIRI,,,0,0,0,JAWA TIMUR,KOTA KEDIRI,KOTA,BANJARAN,KEDIRI
2139949129,,ODP-KDI-FBB/04,-7.819453,112.024752,,,2,6,0,0,8,REGIONAL 5,KEDIRI,KEDIRI,KDI,,,2024-03-16 23:29:08,43116,2018,1,NON TITO,,,JAWA TIMUR,0.75,YELLOW,286520147,AREA 3,JATIM,MADIUN,KEDIRI,,,0,0,0,JAWA TIMUR,KOTA KEDIRI,KOTA,BANJARAN,KEDIRI
2139949109,,ODP-KDI-FBB/11,-7.823448,112.023997,,,7,9,0,0,16,REGIONAL 5,KEDIRI,KEDIRI,KDI,,,2024-03-16 23:28:59,43116,2018,1,NON TITO,,,JAWA TIMUR,0.5625,YELLOW,286520141,AREA 3,JATIM,MADIUN,KEDIRI,,,0,0,0,JAWA TIMUR,KOTA KEDIRI,KOTA,BANJARAN,KEDIRI
2139948921,,ODP-KDI-FBB/12,-7.823697,112.024881,,,5,11,0,0,16,REGIONAL 5,KEDIRI,KEDIRI,KDI,,,2024-03-16 23:29:08,43116,2018,1,NON TITO,,,JAWA TIMUR,0.6875,YELLOW,286520082,AREA 3,JATIM,MADIUN,KEDIRI,,,0,0,0,JAWA TIMUR,KOTA KEDIRI,KOTA KEDIRI,BANJARAN,KEDIRI
2124418646,,ODP-NDL-FF/30,-7.926624,111.982489,,,3,5,0,0,8,REGIONAL 5,KEDIRI,KEDIRI,NDL,,,2024-03-16 23:27:39,43110,2018,1,NON TITO,,,JAWA TIMUR,0.625,YELLOW,267987289,AREA 3,JATIM,MADIUN,KEDIRI,,,0,0,0,JAWA TIMUR,KEDIRI,NGADILUWIH,TALES,KEDIRI
2124419223,,ODP-NDL-FF/28,-7.917836,111.980839,,,2,6,0,0,8,REGIONAL 5,KEDIRI,KEDIRI,NDL,,,2024-03-16 23:27:14,43110,2018,1,NON TITO,,,JAWA TIMUR,0.75,YELLOW,267926405,AREA 3,JATIM,MADIUN,KEDIRI,,,0,0,0,JAWA TIMUR,KEDIRI,NGADILUWIH,TALES,KEDIRI
2124946371,,ODP-KDI-FS/36,-7.813307,112.023333,,,4,4,0,0,8,REGIONAL 5,KEDIRI,KEDIRI,KDI,,,2024-03-16 23:28:30,43109,2018,1,NON TITO,,,JAWA TIMUR,0.5,YELLOW,267918259,AREA 3,JATIM,MADIUN,KEDIRI,,,0,0,0,JAWA TIMUR,KOTA KEDIRI,KOTA KEDIRI,NGADIREJO,KEDIRI
2124945383,,ODP-KDI-FS/37,-7.812733,112.022497,,,2,6,0,0,8,REGIONAL 5,KEDIRI,KEDIRI,KDI,,,2024-03-16 23:28:11,43109,2018,1,NON TITO,,,JAWA TIMUR,0.75,YELLOW,267917625,AREA 3,JATIM,MADIUN,KEDIRI,,,0,0,0,JAWA TIMUR,KOTA KEDIRI,KOTA KEDIRI,NGADIREJO,KEDIRI
2124945175,,ODP-KDI-FS/38,-7.812503,112.02095,,,2,6,0,0,8,REGIONAL 5,KEDIRI,KEDIRI,KDI,,,2024-03-16 23:28:16,43109,2018,1,NON TITO,,,JAWA TIMUR,0.75,YELLOW,267917479,AREA 3,JATIM,MADIUN,KEDIRI,,,0,0,0,JAWA TIMUR,KOTA KEDIRI,KOTA,DANDANGAN,KEDIRI
2130871753,,ODP-PAE-FAF/02,-7.75826,112.185099,,,2,6,0,0,8,REGIONAL 5,KEDIRI,KEDIRI,PAE,,,2024-03-16 23:27:40,43108,2018,1,NON TITO,,,JAWA TIMUR,0.75,YELLOW,259747008,AREA 3,JATIM,MADIUN,KEDIRI,,,0,0,0,JAWA TIMUR,KEDIRI,PARE,TULUNGREJO,KEDIRI
2130871748,,ODP-PAE-FAF/09,-7.762448,112.171616,,,4,4,0,0,8,REGIONAL 5,KEDIRI,KEDIRI,PAE,,,2024-03-16 23:27:07,43108,2018,1,NON TITO,,,JAWA TIMUR,0.5,YELLOW,259747005,AREA 3,JATIM,MADIUN,KEDIRI,,,0,0,0,JAWA TIMUR,KEDIRI,PARE,PELEM,KEDIRI
2130870776,,ODP-PAE-FAF/05,-7.759876,112.176944,,,5,11,0,0,16,REGIONAL 5,KEDIRI,KEDIRI,PAE,,,2024-03-16 23:26:45,43108,2018,1,NON TITO,,,JAWA TIMUR,0.6875,YELLOW,259746396,AREA 3,JATIM,MADIUN,KEDIRI,,,0,0,0,JAWA TIMUR,KEDIRI,PARE,PELEM,KEDIRI
2120444051,,ODP-KDI-FAH/19,-7.825025,112.010826,,,5,11,0,0,16,REGIONAL 5,KEDIRI,KEDIRI,KDI,,,2024-03-16 23:24:26,43106,2018,1,NON TITO,,,JAWA TIMUR,0.6875,YELLOW,259365301,AREA 3,JATIM,MADIUN,KEDIRI,,,0,0,0,JAWA TIMUR,KOTA KEDIRI,KOTA,KAMPUNG DALEM,KEDIRI
2120444046,,ODP-KDI-FAH/16,-7.826091,112.011641,,,6,10,0,0,16,REGIONAL 5,KEDIRI,KEDIRI,KDI,,,2024-03-16 23:24:15,43106,2018,1,NON TITO,,,JAWA TIMUR,0.625,YELLOW,259365298,AREA 3,JATIM,MADIUN,KEDIRI,,,0,0,0,JAWA TIMUR,KOTA KEDIRI,KOTA,KAMPUNG DALEM,KEDIRI
2120443993,,ODP-KDI-FAH/18,-7.825869,112.010631,,,7,9,0,0,16,REGIONAL 5,KEDIRI,KEDIRI,KDI,,,2024-03-16 23:23:59,43106,2018,1,NON TITO,,,JAWA TIMUR,0.5625,YELLOW,259365266,AREA 3,JATIM,MADIUN,KEDIRI,,,0,0,0,JAWA TIMUR,KOTA KEDIRI,KOTA,KAMPUNG DALEM,KEDIRI
2139950461,,ODP-KDI-FBC/27,-7.822851,112.021643,,,8,8,0,0,16,REGIONAL 5,KEDIRI,KEDIRI,KDI,,,2024-03-16 23:29:19,43116,2018,1,NON TITO,,,JAWA TIMUR,0.5,YELLOW,286520584,AREA 3,JATIM,MADIUN,KEDIRI,,,0,0,0,JAWA TIMUR,KOTA KEDIRI,KOTA,BANJARAN,KEDIRI
2120443877,,ODP-KDI-FAH/17,-7.825242,112.011653,,,2,6,0,0,8,REGIONAL 5,KEDIRI,KEDIRI,KDI,,,2024-03-16 23:24:04,43106,2018,1,NON TITO,,,JAWA TIMUR,0.75,YELLOW,259365196,AREA 3,JATIM,MADIUN,KEDIRI,,,0,0,0,JAWA TIMUR,KOTA KEDIRI,KOTA,KAMPUNG DALEM,KEDIRI
2139950466,,ODP-KDI-FBC/30,-7.821905,112.018695,,,3,5,0,0,8,REGIONAL 5,KEDIRI,KEDIRI,KDI,,,2024-03-16 23:29:20,43116,2018,1,NON TITO,,,JAWA TIMUR,0.625,YELLOW,286520587,AREA 3,JATIM,MADIUN,KEDIRI,,,0,0,0,JAWA TIMUR,KOTA KEDIRI,KOTA KEDIRI,JAGALAN,KEDIRI
2139949114,,ODP-KDI-FBB/09,-7.822647,112.027352,,,3,5,0,0,8,REGIONAL 5,KEDIRI,KEDIRI,KDI,,,2024-03-16 23:29:06,43116,2018,1,NON TITO,,,JAWA TIMUR,0.625,YELLOW,286888654,AREA 3,JATIM,MADIUN,KEDIRI,,,0,0,0,JAWA TIMUR,KOTA KEDIRI,PESANTREN,BURENGAN,KEDIRI
2204668765,,ODP-KDI-FBB/19,-7.825428,112.024724,,,3,5,0,0,8,REGIONAL 5,KEDIRI,KEDIRI,KDI,,,2024-03-16 23:22:48,43132,2018,2,NON TITO,,,JAWA TIMUR,0.625,YELLOW,305197464,AREA 3,JATIM,MADIUN,KEDIRI,,,0,0,0,JAWA TIMUR,KOTA KEDIRI,PESANTREN,BURENGAN,KEDIRI
2204668760,,ODP-KDI-FBB/20,-7.825599,112.02591,,,2,6,0,0,8,REGIONAL 5,KEDIRI,KEDIRI,KDI,,,2024-03-16 23:22:39,43132,2018,2,NON TITO,,,JAWA TIMUR,0.75,YELLOW,305197460,AREA 3,JATIM,MADIUN,KEDIRI,,,0,0,0,JAWA TIMUR,KOTA KEDIRI,PESANTREN,BURENGAN,KEDIRI
2204668755,,ODP-KDI-FBB/18,-7.824031,112.023979,,,7,9,0,0,16,REGIONAL 5,KEDIRI,KEDIRI,KDI,,,2024-03-16 23:23:32,43132,2018,2,NON TITO,,,JAWA TIMUR,0.5625,YELLOW,305197454,AREA 3,JATIM,MADIUN,KEDIRI,,,0,0,0,JAWA TIMUR,KOTA KEDIRI,KOTA,BANJARAN,KEDIRI
2204668715,,ODP-KDI-FBB/24,-7.824554,112.028069,,,6,10,0,0,16,REGIONAL 5,KEDIRI,KEDIRI,KDI,,,2024-03-16 23:23:25,43132,2018,2,NON TITO,,,JAWA TIMUR,0.625,YELLOW,305197427,AREA 3,JATIM,MADIUN,KEDIRI,,,0,0,0,JAWA TIMUR,KOTA KEDIRI,PESANTREN,BURENGAN,KEDIRI
2204668710,,ODP-KDI-FBB/15,-7.826559,112.024744,,,3,5,0,0,8,REGIONAL 5,KEDIRI,KEDIRI,KDI,,,2024-03-16 23:23:38,43132,2018,2,NON TITO,,,JAWA TIMUR,0.625,YELLOW,305197424,AREA 3,JATIM,MADIUN,KEDIRI,,,0,0,0,JAWA TIMUR,KOTA KEDIRI,PESANTREN,BURENGAN,KEDIRI
2204668705,,ODP-KDI-FBB/17,-7.824932,112.023809,,,2,6,0,0,8,REGIONAL 5,KEDIRI,KEDIRI,KDI,,,2024-03-16 23:23:33,43132,2018,2,NON TITO,,,JAWA TIMUR,0.75,YELLOW,305197419,AREA 3,JATIM,MADIUN,KEDIRI,,,0,0,0,JAWA TIMUR,KOTA KEDIRI,PESANTREN,BURENGAN,KEDIRI
2204668662,,ODP-KDI-FBB/22,-7.826176,112.028777,,,2,6,0,0,8,REGIONAL 5,KEDIRI,KEDIRI,KDI,,,2024-03-16 23:23:35,43132,2018,2,NON TITO,,,JAWA TIMUR,0.75,YELLOW,305197389,AREA 3,JATIM,MADIUN,KEDIRI,,,0,0,0,JAWA TIMUR,KOTA KEDIRI,PESANTREN,BURENGAN,KEDIRI
2204668657,,ODP-KDI-FBB/16,-7.826412,112.023573,,,5,11,0,0,16,REGIONAL 5,KEDIRI,KEDIRI,KDI,,,2024-03-16 23:23:34,43132,2018,2,NON TITO,,,JAWA TIMUR,0.6875,YELLOW,305197385,AREA 3,JATIM,MADIUN,KEDIRI,,,0,0,0,JAWA TIMUR,KOTA KEDIRI,PESANTREN,BURENGAN,KEDIRI
2204668602,,ODP-KDI-FBB/21,-7.826002,112.02742,,,3,5,0,0,8,REGIONAL 5,KEDIRI,KEDIRI,KDI,,,2024-03-16 23:23:28,43132,2018,2,NON TITO,,,JAWA TIMUR,0.625,YELLOW,305197348,AREA 3,JATIM,MADIUN,KEDIRI,,,0,0,0,JAWA TIMUR,KOTA KEDIRI,PESANTREN,BURENGAN,KEDIRI
2204668532,,ODP-KDI-FBB/14,-7.826956,112.026221,,,3,5,0,0,8,REGIONAL 5,KEDIRI,KEDIRI,KDI,,,2024-03-16 23:22:57,43132,2018,2,NON TITO,,,JAWA TIMUR,0.625,YELLOW,305197298,AREA 3,JATIM,MADIUN,KEDIRI,,,0,0,0,JAWA TIMUR,KOTA KEDIRI,PESANTREN,BURENGAN,KEDIRI
2150444335,,ODP-GUR-FK/01,-7.790698,112.112716,,,8,8,0,0,16,REGIONAL 5,KEDIRI,KEDIRI,GUR,,,2024-03-16 23:24:26,43124,2018,1,NON TITO,,,JAWA TIMUR,0.5,YELLOW,292063682,AREA 3,JATIM,MADIUN,KEDIRI,,,0,0,0,JAWA TIMUR,KEDIRI,GURAH,GAYAM,KEDIRI
2172793532,,ODP-PAE-FF/16,-7.761773,112.172385,,,4,12,0,0,16,REGIONAL 5,KEDIRI,KEDIRI,PAE,,,2024-03-16 23:28:51,43124,2018,1,NON TITO,,,JAWA TIMUR,0.75,YELLOW,291912819,AREA 3,JATIM,MADIUN,KEDIRI,,,0,0,0,JAWA TIMUR,KEDIRI,PARE,PELEM,KEDIRI
2153444985,,ODP-MJT-FJ/37,-7.815867,111.982973,,,2,5,0,0,8,REGIONAL 5,KEDIRI,KEDIRI,MJT,,,2024-03-16 23:22:28,43118,2018,1,NON TITO,,,JAWA TIMUR,0.625,YELLOW,288316764,AREA 3,JATIM,MADIUN,KEDIRI,,,0,0,0,JAWA TIMUR,KOTA KEDIRI,MOJOROTO,POJOK,KEDIRI
2156070531,,ODP-KDI-FC/34,-7.813918,112.04171,,,3,5,0,0,8,REGIONAL 5,KEDIRI,KEDIRI,KDI,,,2024-03-16 23:23:51,43118,2018,1,NON TITO,,,JAWA TIMUR,0.625,YELLOW,288315013,AREA 3,JATIM,MADIUN,KEDIRI,,,0,0,0,JAWA TIMUR,KEDIRI,NGASEM,DOKO,KEDIRI
2156070498,,ODP-KDI-FC/35,-7.812873,112.041248,,,3,5,0,0,8,REGIONAL 5,KEDIRI,KEDIRI,KDI,,,2024-03-16 23:23:34,43118,2018,1,NON TITO,,,JAWA TIMUR,0.625,YELLOW,288314993,AREA 3,JATIM,MADIUN,KEDIRI,,,0,0,0,JAWA TIMUR,KEDIRI,NGASEM,DOKO,KEDIRI
2156070448,,ODP-KDI-FC/37,-7.811662,112.039265,,,3,5,0,0,8,REGIONAL 5,KEDIRI,KEDIRI,KDI,,,2024-03-16 23:23:34,43117,2018,1,NON TITO,,,JAWA TIMUR,0.625,YELLOW,288314955,AREA 3,JATIM,MADIUN,KEDIRI,,,0,0,0,JAWA TIMUR,KEDIRI,NGASEM,DOKO,KEDIRI
2156070254,,ODP-KDI-FC/39,-7.808315,112.040962,,,3,5,0,0,8,REGIONAL 5,KEDIRI,KEDIRI,KDI,,,2024-03-16 23:23:21,43117,2018,1,NON TITO,,,JAWA TIMUR,0.625,YELLOW,288314584,AREA 3,JATIM,MADIUN,KEDIRI,,,0,0,0,JAWA TIMUR,KEDIRI,NGASEM,DOKO,KEDIRI
2139948806,,ODP-KDI-FBB/07,-7.821075,112.026442,,,7,9,0,0,16,REGIONAL 5,KEDIRI,KEDIRI,KDI,,,2024-03-16 23:29:08,43116,2018,1,NON TITO,,,JAWA TIMUR,0.5625,YELLOW,286888537,AREA 3,JATIM,MADIUN,KEDIRI,,,0,0,0,JAWA TIMUR,KOTA KEDIRI,KOTA,BANJARAN,KEDIRI
2122095873,,ODP-PAE-FAE/12,-7.766415,112.162343,,,4,4,0,0,8,REGIONAL 5,KEDIRI,KEDIRI,PAE,,,2024-03-16 23:28:22,43106,2018,1,NON TITO,,,JAWA TIMUR,0.5,YELLOW,259364891,AREA 3,JATIM,MADIUN,KEDIRI,,,0,0,0,JAWA TIMUR,KEDIRI,PARE,PELEM,KEDIRI
2122095523,,ODP-SBI-FF/02,-7.936414,112.03084,,,9,7,0,0,16,REGIONAL 5,KEDIRI,KEDIRI,SBI,,,2024-03-16 23:26:58,43106,2018,1,NON TITO,,,JAWA TIMUR,0.4375,YELLOW,259364785,AREA 3,JATIM,MADIUN,KEDIRI,,,0,0,0,JAWA TIMUR,KEDIRI,KANDAT,KANDAT,KEDIRI
2122095113,,ODP-PAE-FAE/13,-7.766229,112.161252,,,4,4,0,0,8,REGIONAL 5,KEDIRI,KEDIRI,PAE,,,2024-03-16 23:28:12,43106,2018,1,NON TITO,,,JAWA TIMUR,0.5,YELLOW,259364663,AREA 3,JATIM,MADIUN,KEDIRI,,,0,0,0,JAWA TIMUR,KEDIRI,PARE,BENDO,KEDIRI
2105745399,,ODP-PAE-FAH/15,-7.763322,112.182637,,,2,6,0,0,8,REGIONAL 5,KEDIRI,KEDIRI,PAE,,,2024-03-16 23:26:18,43103,2018,1,NON TITO,,,JAWA TIMUR,0.75,YELLOW,258990731,AREA 3,JATIM,MADIUN,KEDIRI,,,0,0,0,JAWA TIMUR,KEDIRI,PARE,TULUNGREJO,KEDIRI
2105745394,,ODP-PAE-FAH/03,-7.757871,112.184188,,,9,7,0,0,16,REGIONAL 5,KEDIRI,KEDIRI,PAE,,,2024-03-16 23:26:18,43103,2018,1,NON TITO,,,JAWA TIMUR,0.4375,YELLOW,258990728,AREA 3,JATIM,MADIUN,KEDIRI,,,0,0,0,JAWA TIMUR,KEDIRI,PARE,TULUNGREJO,KEDIRI
2105745299,,ODP-MJT-FJ/35,-7.812299,111.993968,,,3,5,0,0,8,REGIONAL 5,KEDIRI,KEDIRI,MJT,,,2024-03-16 23:24:23,43103,2018,1,NON TITO,,,JAWA TIMUR,0.625,YELLOW,258990672,AREA 3,JATIM,MADIUN,KEDIRI,,,0,0,0,JAWA TIMUR,KOTA KEDIRI,MOJOROTO,SUKORAME,KEDIRI
2105744826,,ODP-PAE-FAH/05,-7.756019,112.180209,,,7,8,1,0,16,REGIONAL 5,KEDIRI,KEDIRI,PAE,,,2024-03-16 23:23:30,43102,2018,1,NON TITO,,,JAWA TIMUR,0.5,YELLOW,258990390,AREA 3,JATIM,MADIUN,KEDIRI,,,0,0,0,JAWA TIMUR,KEDIRI,PARE,TULUNGREJO,KEDIRI
2105744816,,ODP-PAE-FAH/21,-7.767088,112.19198,,,5,11,0,0,16,REGIONAL 5,KEDIRI,KEDIRI,PAE,,,2024-03-16 23:25:33,43102,2018,1,NON TITO,,,JAWA TIMUR,0.6875,YELLOW,258990384,AREA 3,JATIM,MADIUN,KEDIRI,,,0,0,0,JAWA TIMUR,KEDIRI,PARE,PARE,KEDIRI
2105744741,,ODP-MJT-FJ/31,-7.814102,111.993023,,,3,12,0,0,16,REGIONAL 5,KEDIRI,KEDIRI,MJT,,,2024-03-16 23:25:29,43102,2018,1,NON TITO,,,JAWA TIMUR,0.75,YELLOW,258990338,AREA 3,JATIM,MADIUN,KEDIRI,,,0,0,0,JAWA TIMUR,KOTA KEDIRI,MOJOROTO,SUKORAME,KEDIRI
2105744567,,ODP-PAE-FAH/04,-7.756928,112.182181,,,9,7,0,0,16,REGIONAL 5,KEDIRI,KEDIRI,PAE,,,2024-03-16 23:25:39,43102,2018,1,NON TITO,,,JAWA TIMUR,0.4375,YELLOW,258990233,AREA 3,JATIM,MADIUN,KEDIRI,,,0,0,0,JAWA TIMUR,KEDIRI,PARE,TULUNGREJO,KEDIRI
2105744557,,ODP-PAE-FAH/11,-7.760447,112.177963,,,5,11,0,0,16,REGIONAL 5,KEDIRI,KEDIRI,PAE,,,2024-03-16 23:25:12,43102,2018,1,NON TITO,,,JAWA TIMUR,0.6875,YELLOW,258990227,AREA 3,JATIM,MADIUN,KEDIRI,,,0,0,0,JAWA TIMUR,KEDIRI,PARE,PELEM,KEDIRI
2105744344,,ODP-PAE-FAJ/11,-7.755922,112.183542,,,4,4,0,0,8,REGIONAL 5,KEDIRI,KEDIRI,PAE,,,2024-03-16 23:25:03,43102,2018,1,NON TITO,,,JAWA TIMUR,0.5,YELLOW,258990101,AREA 3,JATIM,MADIUN,KEDIRI,,,0,0,0,JAWA TIMUR,KEDIRI,PARE,TULUNGREJO,KEDIRI
2105744319,,ODP-PAE-FAH/20,-7.766276,112.192671,,,9,7,0,0,16,REGIONAL 5,KEDIRI,KEDIRI,PAE,,,2024-03-16 23:25:38,43102,2018,1,NON TITO,,,JAWA TIMUR,0.4375,YELLOW,258990086,AREA 3,JATIM,MADIUN,KEDIRI,,,0,0,0,JAWA TIMUR,KEDIRI,PARE,PARE,KEDIRI
2105744024,,ODP-PAE-FAH/17,-7.762902,112.184694,,,2,6,0,0,8,REGIONAL 5,KEDIRI,KEDIRI,PAE,,,2024-03-16 23:25:28,43102,2018,1,NON TITO,,,JAWA TIMUR,0.75,YELLOW,258989907,AREA 3,JATIM,MADIUN,KEDIRI,,,0,0,0,JAWA TIMUR,KEDIRI,PARE,TULUNGREJO,KEDIRI
2107769146,,ODP-MJT-FP/22,-7.812857,112.000838,,,4,4,0,0,8,REGIONAL 5,KEDIRI,KEDIRI,MJT,,,2024-03-16 23:24:29,43102,2018,1,NON TITO,,,JAWA TIMUR,0.5,YELLOW,258989585,AREA 3,JATIM,MADIUN,KEDIRI,,,0,0,0,JAWA TIMUR,KOTA KEDIRI,MOJOROTO,BANDAR LOR,KEDIRI
2107319259,,ODP-KDI-FG/48,-7.824585,112.021111,,,4,4,0,0,8,REGIONAL 5,KEDIRI,KEDIRI,KDI,,,2024-03-16 23:26:25,43099,2017,12,NON TITO,,,JAWA TIMUR,0.5,YELLOW,258692613,AREA 3,JATIM,MADIUN,KEDIRI,,,0,0,0,JAWA TIMUR,KOTA KEDIRI,KOTA,BANJARAN,KEDIRI
2107319145,,ODP-KDI-FG/60,-7.827874,112.025953,,,3,4,0,0,8,REGIONAL 5,KEDIRI,KEDIRI,KDI,,,2024-03-16 23:25:53,43099,2017,12,NON TITO,,,JAWA TIMUR,0.5,YELLOW,258692544,AREA 3,JATIM,MADIUN,KEDIRI,,,0,0,0,JAWA TIMUR,KOTA KEDIRI,PESANTREN,BURENGAN,KEDIRI
2107319044,,ODP-KDI-FG/54,-7.829299,112.025053,,,2,6,0,0,8,REGIONAL 5,KEDIRI,KEDIRI,KDI,,,2024-03-16 23:26:01,43099,2017,12,NON TITO,,,JAWA TIMUR,0.75,YELLOW,258692511,AREA 3,JATIM,MADIUN,KEDIRI,,,0,0,0,JAWA TIMUR,KOTA KEDIRI,PESANTREN,BURENGAN,KEDIRI
2107319034,,ODP-KDI-FG/40,-7.82844,112.013835,,,7,9,0,0,16,REGIONAL 5,KEDIRI,KEDIRI,KDI,,,2024-03-16 23:26:18,43099,2017,12,NON TITO,,,JAWA TIMUR,0.5625,YELLOW,258692508,AREA 3,JATIM,MADIUN,KEDIRI,,,0,0,0,JAWA TIMUR,KOTA KEDIRI,KOTA,KAMPUNG DALEM,KEDIRI
2107318962,,ODP-KDI-FG/56,-7.82729,112.021696,,,4,4,0,0,8,REGIONAL 5,KEDIRI,KEDIRI,KDI,,,2024-03-16 23:26:02,43099,2017,12,NON TITO,,,JAWA TIMUR,0.5,YELLOW,258692487,AREA 3,JATIM,MADIUN,KEDIRI,,,0,0,0,JAWA TIMUR,KOTA KEDIRI,PESANTREN,BURENGAN,KEDIRI
2105745409,,ODP-PAE-FAH/16,-7.763938,112.184146,,,3,5,0,0,8,REGIONAL 5,KEDIRI,KEDIRI,PAE,,,2024-03-16 23:25:45,43103,2018,1,NON TITO,,,JAWA TIMUR,0.625,YELLOW,258990737,AREA 3,JATIM,MADIUN,KEDIRI,,,0,0,0,JAWA TIMUR,KEDIRI,PARE,TULUNGREJO,KEDIRI
2105745643,,ODP-PAE-FAH/08,-7.758532,112.183592,,,3,5,0,0,8,REGIONAL 5,KEDIRI,KEDIRI,PAE,,,2024-03-16 23:25:55,43103,2018,1,NON TITO,,,JAWA TIMUR,0.625,YELLOW,258990876,AREA 3,JATIM,MADIUN,KEDIRI,,,0,0,0,JAWA TIMUR,KEDIRI,PARE,TULUNGREJO,KEDIRI
2105745648,,ODP-PAE-FAH/26,-7.763282,112.189647,,,3,5,0,0,8,REGIONAL 5,KEDIRI,KEDIRI,PAE,,,2024-03-16 23:25:32,43103,2018,1,NON TITO,,,JAWA TIMUR,0.625,YELLOW,258990879,AREA 3,JATIM,MADIUN,KEDIRI,,,0,0,0,JAWA TIMUR,KEDIRI,PARE,TULUNGREJO,KEDIRI
2105745678,,ODP-PAE-FAJ/07,-7.753975,112.178288,,,3,5,0,0,8,REGIONAL 5,KEDIRI,KEDIRI,PAE,,,2024-03-16 23:26:22,43103,2018,1,NON TITO,,,JAWA TIMUR,0.625,YELLOW,258990897,AREA 3,JATIM,MADIUN,KEDIRI,,,0,0,0,JAWA TIMUR,KEDIRI,PARE,PELEM,KEDIRI
2122095858,,ODP-PAE-FAE/15,-7.765769,112.158525,,,3,5,0,0,8,REGIONAL 5,KEDIRI,KEDIRI,PAE,,,2024-03-16 23:28:06,43106,2018,1,NON TITO,,,JAWA TIMUR,0.625,YELLOW,259139956,AREA 3,JATIM,MADIUN,KEDIRI,,,0,0,0,JAWA TIMUR,KEDIRI,PARE,BENDO,KEDIRI
2122095588,,ODP-PAE-FAE/09,-7.768318,112.156272,,,3,5,0,0,8,REGIONAL 5,KEDIRI,KEDIRI,PAE,,,2024-03-16 23:28:14,43106,2018,1,NON TITO,,,JAWA TIMUR,0.625,YELLOW,259139876,AREA 3,JATIM,MADIUN,KEDIRI,,,0,0,0,JAWA TIMUR,KEDIRI,PARE,DARUNGAN,KEDIRI
2122095578,,ODP-PAE-FAE/04,-7.76727,112.151191,,,2,6,0,0,8,REGIONAL 5,KEDIRI,KEDIRI,PAE,,,2024-03-16 23:28:00,43106,2018,1,NON TITO,,,JAWA TIMUR,0.75,YELLOW,259139873,AREA 3,JATIM,MADIUN,KEDIRI,,,0,0,0,JAWA TIMUR,KEDIRI,PARE,DARUNGAN,KEDIRI
2122095432,,ODP-PAE-FAE/01,-7.760277,112.153202,,,2,6,0,0,8,REGIONAL 5,KEDIRI,KEDIRI,PAE,,,2024-03-16 23:28:25,43106,2018,1,NON TITO,,,JAWA TIMUR,0.75,YELLOW,259139829,AREA 3,JATIM,MADIUN,KEDIRI,,,0,0,0,JAWA TIMUR,KEDIRI,PARE,BENDO,KEDIRI
2122095212,,ODP-PAE-FAE/07,-7.765074,112.154644,,,4,4,0,0,8,REGIONAL 5,KEDIRI,KEDIRI,PAE,,,2024-03-16 23:28:10,43106,2018,1,NON TITO,,,JAWA TIMUR,0.5,YELLOW,259139762,AREA 3,JATIM,MADIUN,KEDIRI,,,0,0,0,JAWA TIMUR,KEDIRI,PARE,BENDO,KEDIRI
2106495320,,ODP-MJT-FAN/09,-7.825449,112.003321,,,2,6,0,0,8,REGIONAL 5,KEDIRI,KEDIRI,MJT,,,2024-03-16 23:25:11,43104,2018,1,NON TITO,,,JAWA TIMUR,0.75,YELLOW,258996060,AREA 3,JATIM,MADIUN,KEDIRI,,,0,0,0,JAWA TIMUR,KOTA KEDIRI,MOJOROTO,BANDAR LOR,KEDIRI
2106494891,,ODP-MJT-FAN/22,-7.824281,112.004893,,,4,12,0,0,16,REGIONAL 5,KEDIRI,KEDIRI,MJT,,,2024-03-16 23:24:55,43104,2018,1,NON TITO,,,JAWA TIMUR,0.75,YELLOW,258995998,AREA 3,JATIM,MADIUN,KEDIRI,,,0,0,0,JAWA TIMUR,KOTA KEDIRI,MOJOROTO,BANDAR LOR,KEDIRI
2106494881,,ODP-MJT-FAN/19,-7.821502,112.001836,,,3,5,0,0,8,REGIONAL 5,KEDIRI,KEDIRI,MJT,,,2024-03-16 23:24:29,43104,2018,1,NON TITO,,,JAWA TIMUR,0.625,YELLOW,258995995,AREA 3,JATIM,MADIUN,KEDIRI,,,0,0,0,JAWA TIMUR,KOTA KEDIRI,MOJOROTO,BANDAR LOR,KEDIRI
2201596993,,ODP-KDI-FBC/18,-7.819863,112.0157,,,4,12,0,0,16,REGIONAL 5,KEDIRI,KEDIRI,KDI,,,2024-03-16 23:24:43,43132,2018,2,NON TITO,,,JAWA TIMUR,0.75,YELLOW,305200008,AREA 3,JATIM,MADIUN,KEDIRI,,,0,0,0,JAWA TIMUR,KOTA KEDIRI,KOTA,JAGALAN,KEDIRI
2106494633,,ODP-MJT-FAN/14,-7.824258,112.00591,,,6,10,0,0,16,REGIONAL 5,KEDIRI,KEDIRI,MJT,,,2024-03-16 23:24:50,43104,2018,1,NON TITO,,,JAWA TIMUR,0.625,YELLOW,258995919,AREA 3,JATIM,MADIUN,KEDIRI,,,0,0,0,JAWA TIMUR,KOTA KEDIRI,MOJOROTO,BANDAR LOR,KEDIRI
2107169473,,ODP-MJT-FAH/05,-7.811065,112.002597,,,7,9,0,0,16,REGIONAL 5,KEDIRI,KEDIRI,MJT,,,2024-03-16 23:21:18,43103,2018,1,NON TITO,,,JAWA TIMUR,0.5625,YELLOW,258995446,AREA 3,JATIM,MADIUN,KEDIRI,,,0,0,0,JAWA TIMUR,KOTA KEDIRI,MOJOROTO,MOJOROTO,KEDIRI
2107169355,,ODP-MJT-FAF/03,-7.803402,111.978857,,,3,5,0,0,8,REGIONAL 5,KEDIRI,KEDIRI,MJT,,,2024-03-16 23:21:49,43103,2018,1,NON TITO,,,JAWA TIMUR,0.625,YELLOW,258995395,AREA 3,JATIM,MADIUN,KEDIRI,,,0,0,0,JAWA TIMUR,KOTA KEDIRI,MOJOROTO,SUKORAME,KEDIRI
2107169293,,ODP-MJT-FAH/04,-7.811154,112.003192,,,3,11,0,0,16,REGIONAL 5,KEDIRI,KEDIRI,MJT,,,2024-03-16 23:21:38,43103,2018,1,NON TITO,,,JAWA TIMUR,0.6875,YELLOW,258995371,AREA 3,JATIM,MADIUN,KEDIRI,,,0,0,0,JAWA TIMUR,KOTA KEDIRI,MOJOROTO,BANDAR LOR,KEDIRI
2106944682,,ODP-MJT-FAC/06,-7.786104,111.982037,,,4,4,0,0,8,REGIONAL 5,KEDIRI,KEDIRI,MJT,,,2024-03-16 23:23:24,43103,2018,1,NON TITO,,,JAWA TIMUR,0.5,YELLOW,258992220,AREA 3,JATIM,MADIUN,KEDIRI,,,0,0,0,JAWA TIMUR,KEDIRI,BANYAKAN,MARON,KEDIRI
2105746130,,ODP-MJT-FJ/32,-7.813365,111.992619,,,2,6,0,0,8,REGIONAL 5,KEDIRI,KEDIRI,MJT,,,2024-03-16 23:25:13,43103,2018,1,NON TITO,,,JAWA TIMUR,0.75,YELLOW,258991167,AREA 3,JATIM,MADIUN,KEDIRI,,,0,0,0,JAWA TIMUR,KOTA KEDIRI,MOJOROTO,SUKORAME,KEDIRI
2105745952,,ODP-PAE-FAH/19,-7.765021,112.191947,,,2,6,0,0,8,REGIONAL 5,KEDIRI,KEDIRI,PAE,,,2024-03-16 23:26:12,43103,2018,1,NON TITO,,,JAWA TIMUR,0.75,YELLOW,258991059,AREA 3,JATIM,MADIUN,KEDIRI,,,0,0,0,JAWA TIMUR,KEDIRI,PARE,PARE,KEDIRI
2105745942,,ODP-PAE-FAH/25,-7.765002,112.189027,,,3,5,0,0,8,REGIONAL 5,KEDIRI,KEDIRI,PAE,,,2024-03-16 23:26:11,43103,2018,1,NON TITO,,,JAWA TIMUR,0.625,YELLOW,258991053,AREA 3,JATIM,MADIUN,KEDIRI,,,0,0,0,JAWA TIMUR,KEDIRI,PARE,PARE,KEDIRI
2105745937,,ODP-PAE-FAH/09,-7.759376,112.185778,,,8,7,1,0,16,REGIONAL 5,KEDIRI,KEDIRI,PAE,,,2024-03-16 23:26:10,43103,2018,1,NON TITO,,,JAWA TIMUR,0.4375,YELLOW,258991050,AREA 3,JATIM,MADIUN,KEDIRI,,,0,0,0,JAWA TIMUR,KEDIRI,PARE,TULUNGREJO,KEDIRI
2106494613,,ODP-MJT-FAN/10,-7.825571,112.004155,,,2,6,0,0,8,REGIONAL 5,KEDIRI,KEDIRI,MJT,,,2024-03-16 23:24:17,43104,2018,1,NON TITO,,,JAWA TIMUR,0.75,YELLOW,258995913,AREA 3,JATIM,MADIUN,KEDIRI,,,0,0,0,JAWA TIMUR,KOTA KEDIRI,MOJOROTO,BANDAR LOR,KEDIRI
2606972084,,ODP-MJT-FC/17,-7.749123,111.979903,,,6,10,0,0,16,REGIONAL 5,KEDIRI,KEDIRI,MJT,,,2024-03-16 23:26:53,43257,2018,6,NON TITO,,,JAWA TIMUR,0.625,YELLOW,361379595,AREA 3,JATIM,MADIUN,KEDIRI,,,0,0,0,JAWA TIMUR,KEDIRI,GROGOL,SONOREJO,KEDIRI
