DEVICE ID,ODP INDEX,ODP NAME,LATITUDE,LONGITUDE,CLUSNAME,CLUSTERSATATUS,AVAI,USED,RSV,RSK,IS TOTAL,Telkom Regional,Telkom Witel,Telkom Datel,Telkom STO,Telkom STO Deskripsi,ODP INFO,UPDATE DATE,TGL GOLIVE,TAHUN ODP,BULAN ODP,KATEGORI,NAMA PROYEK,KABUPATEN KOTA,PROVINSI,OCC 1,OCC 2,ID ODP,Telkomsel Area,Telkomsel Regional,Telkomsel Branch,Telkomsel Cluster,Validasi STO,Validasi ODC,Jarak ODP ke ODC (Meter),Jarak ODC ke STO (Meter),Jarak ODP ke STO (Meter),Validasi Provinsi,Validasi Kabupaten Kota,Validasi Kecamatan,Validasi Kelurahan,Telda
2327302948,,ODP-JGO-FE/01,-7.491254,111.311073,,,1,7,0,0,8,REGIONAL 5,MADIUN,NGAWI,JGO,,,2024-03-16 23:28:36,43176,2018,3,NON TITO,,,JAWA TIMUR,0.875,ORANGE,333319960,AREA 3,JATIM,MADIUN,MADIUN,,,0,0,0,JAWA TIMUR,NGAWI,PARON,GENTONG,NGAWI
2248470708,,ODP-NWI-FF/49,-7.403081,111.442009,,,1,7,0,0,8,REGIONAL 5,MADIUN,NGAWI,NWI,,,2024-03-16 23:27:11,43152,2018,2,NON TITO,,,JAWA TIMUR,0.875,ORANGE,323945030,AREA 3,JATIM,MADIUN,MADIUN,,,0,0,0,JAWA TIMUR,NGAWI,NGAWI,MARGOMULYO,NGAWI
387851502,,ODP-NWI-FQ/16,-7.396808,111.451249,,,1,15,0,0,16,REGIONAL 5,MADIUN,NGAWI,NWI,,,2024-03-16 23:23:25,42502,2016,5,NON TITO,,,JAWA TIMUR,0.9375,ORANGE,23485380,AREA 3,JATIM,MADIUN,MADIUN,,,0,0,0,JAWA TIMUR,NGAWI,NGAWI,PELEM,NGAWI
387851586,,ODP-NWI-FG/27,-7.395983,111.445627,,,3,13,0,0,16,REGIONAL 5,MADIUN,NGAWI,NWI,,,2024-03-16 23:23:22,42502,2016,5,NON TITO,,,JAWA TIMUR,0.8125,ORANGE,23485428,AREA 3,JATIM,MADIUN,MADIUN,,,0,0,0,JAWA TIMUR,NGAWI,NGAWI,KETANGGI,NGAWI
387851628,,ODP-NWI-FQ/11,-7.39478,111.451565,,,3,13,0,0,16,REGIONAL 5,MADIUN,NGAWI,NWI,,,2024-03-16 23:23:07,42502,2016,5,NON TITO,,,JAWA TIMUR,0.8125,ORANGE,23485448,AREA 3,JATIM,MADIUN,MADIUN,,,0,0,0,JAWA TIMUR,NGAWI,NGAWI,PELEM,NGAWI
650594811,,ODP-MGT-FZ/22,-7.68344,111.247907,,,1,15,0,0,16,REGIONAL 5,MADIUN,NGAWI,MGT,,,2024-03-16 23:22:30,42528,2016,6,NON TITO,,,JAWA TIMUR,0.9375,ORANGE,33412669,AREA 3,JATIM,MADIUN,MADIUN,,,0,0,0,JAWA TIMUR,MAGETAN,PLAOSAN,PLAOSAN,NGAWI
2159294201,,ODP-MGT-FP/03,-7.67558,111.324943,,,0,15,1,0,16,REGIONAL 5,MADIUN,NGAWI,MGT,,,2024-03-16 23:26:17,43123,2018,1,NON TITO,,,JAWA TIMUR,0.9375,ORANGE,289514006,AREA 3,JATIM,MADIUN,MADIUN,,,0,0,0,JAWA TIMUR,MAGETAN,NGARIBOYO,BALEGONDO,NGAWI
619768962,,ODP-MGT-F06/02,-7.658904,111.333198,,,1,7,0,0,8,REGIONAL 5,MADIUN,NGAWI,MGT,,,2024-03-16 23:28:31,42515,2016,5,NON TITO,,,JAWA TIMUR,0.875,ORANGE,32965870,AREA 3,JATIM,MADIUN,MADIUN,,,0,0,0,JAWA TIMUR,MAGETAN,MAGETAN,BULUKERTO,NGAWI
408518409,,ODP-SAR-FB/15,-7.681007,111.236594,,,2,14,0,0,16,REGIONAL 5,MADIUN,NGAWI,SAR,,,2024-03-16 23:23:07,42506,2016,5,NON TITO,,,JAWA TIMUR,0.875,ORANGE,25409330,AREA 3,JATIM,MADIUN,MADIUN,,,0,0,0,JAWA TIMUR,MAGETAN,PLAOSAN,DADI,NGAWI
397933390,,ODP-NWI-FB/66,-7.469819,111.431499,,,1,7,0,0,8,REGIONAL 5,MADIUN,NGAWI,NWI,,,2024-03-16 23:21:33,42503,2016,5,NON TITO,,,JAWA TIMUR,0.875,ORANGE,24009570,AREA 3,JATIM,MADIUN,MADIUN,,,0,0,0,JAWA TIMUR,NGAWI,PARON,TEMPURAN,NGAWI
2155320150,,ODP-NWI-FE/118,-7.423781,111.445648,,,1,7,0,0,8,REGIONAL 5,MADIUN,NGAWI,NWI,,,2024-03-16 23:24:17,43124,2018,1,NON TITO,,,JAWA TIMUR,0.875,ORANGE,291837612,AREA 3,JATIM,MADIUN,MADIUN,,,0,0,0,JAWA TIMUR,NGAWI,NGAWI,BERAN,NGAWI
397483584,,ODP-NWI-FB/64,-7.476323,111.43078,,,1,15,0,0,16,REGIONAL 5,MADIUN,NGAWI,NWI,,,2024-03-16 23:24:10,42503,2016,5,NON TITO,,,JAWA TIMUR,0.9375,ORANGE,23933092,AREA 3,JATIM,MADIUN,MADIUN,,,0,0,0,JAWA TIMUR,NGAWI,PARON,TEMPURAN,NGAWI
2155320217,,ODP-NWI-FE/120,-7.422324,111.441585,,,1,15,0,0,16,REGIONAL 5,MADIUN,NGAWI,NWI,,,2024-03-16 23:24:04,43124,2018,1,NON TITO,,,JAWA TIMUR,0.9375,ORANGE,291912520,AREA 3,JATIM,MADIUN,MADIUN,,,0,0,0,JAWA TIMUR,NGAWI,NGAWI,BERAN,NGAWI
387853676,,ODP-MGT-FA/16,-7.6288,111.3057,,,2,14,0,0,16,REGIONAL 5,MADIUN,NGAWI,MGT,,,2024-03-16 23:23:44,42502,2016,5,NON TITO,,,JAWA TIMUR,0.875,ORANGE,23486626,AREA 3,JATIM,MADIUN,MADIUN,,,0,0,0,JAWA TIMUR,MAGETAN,PANEKAN,TANJUNGSARI,NGAWI
2155320227,,ODP-NWI-FE/115,-7.424815,111.441211,,,2,13,0,0,16,REGIONAL 5,MADIUN,NGAWI,NWI,,,2024-03-16 23:24:17,43124,2018,1,NON TITO,,,JAWA TIMUR,0.8125,ORANGE,291912523,AREA 3,JATIM,MADIUN,MADIUN,,,0,0,0,JAWA TIMUR,NGAWI,NGAWI,BERAN,NGAWI
2178793613,,ODP-MGT-FAA/140,-7.654406,111.33244,,,3,13,0,0,16,REGIONAL 5,MADIUN,NGAWI,MGT,,,2024-03-16 23:22:35,43125,2018,1,NON TITO,,,JAWA TIMUR,0.8125,ORANGE,294169939,AREA 3,JATIM,MADIUN,MADIUN,,,0,0,0,JAWA TIMUR,MAGETAN,MAGETAN,KEBONAGUNG,NGAWI
387853492,,ODP-WKU-FA/08,-7.3762,111.225,,,2,14,0,0,16,REGIONAL 5,MADIUN,NGAWI,WKU,,,2024-03-16 23:23:47,42502,2016,5,NON TITO,,,JAWA TIMUR,0.875,ORANGE,23486523,AREA 3,JATIM,MADIUN,MADIUN,,,0,0,0,JAWA TIMUR,NGAWI,WIDODAREN,WIDODAREN,NGAWI
387853474,,ODP-WKU-FA/02,-7.3788,111.2154,,,2,14,0,0,16,REGIONAL 5,MADIUN,NGAWI,WKU,,,2024-03-16 23:23:44,42502,2016,5,NON TITO,,,JAWA TIMUR,0.875,ORANGE,23486510,AREA 3,JATIM,MADIUN,MADIUN,,,0,0,0,JAWA TIMUR,NGAWI,WIDODAREN,KAUMAN,NGAWI
387853357,,ODP-GGR-FC/06,-7.6835,111.4677,,,3,13,0,0,16,REGIONAL 5,MADIUN,NGAWI,GGR,,,2024-03-16 23:22:48,42502,2016,5,NON TITO,,,JAWA TIMUR,0.8125,ORANGE,23486445,AREA 3,JATIM,MADIUN,MADIUN,,,0,0,0,JAWA TIMUR,MAGETAN,TAKERAN,TAKERAN,NGAWI
387853314,,ODP-MGT-FJ/06,-7.6556,111.3358,,,1,15,0,0,16,REGIONAL 5,MADIUN,NGAWI,MGT,,,2024-03-16 23:23:29,42502,2016,5,NON TITO,,,JAWA TIMUR,0.9375,ORANGE,23486424,AREA 3,JATIM,MADIUN,MADIUN,,,0,0,0,JAWA TIMUR,MAGETAN,MAGETAN,MANGKUJAYAN,NGAWI
387853299,,ODP-MGT-FH/03,-7.679,111.3363,,,3,13,0,0,16,REGIONAL 5,MADIUN,NGAWI,MGT,,,2024-03-16 23:23:33,42502,2016,5,NON TITO,,,JAWA TIMUR,0.8125,ORANGE,23486411,AREA 3,JATIM,MADIUN,MADIUN,,,0,0,0,JAWA TIMUR,MAGETAN,NGARIBOYO,NGARIBOYO,NGAWI
387853189,,ODP-WKU-FC/02,-7.4003,111.2268,,,0,7,1,0,8,REGIONAL 5,MADIUN,NGAWI,WKU,,,2024-03-16 23:23:35,42502,2016,5,NON TITO,,,JAWA TIMUR,0.875,ORANGE,23486348,AREA 3,JATIM,MADIUN,MADIUN,,,0,0,0,JAWA TIMUR,NGAWI,WIDODAREN,WALIKUKUN,NGAWI
2229795224,,ODP-NWI-FG/81,-7.392583,111.443628,,,3,13,0,0,16,REGIONAL 5,MADIUN,NGAWI,NWI,,,2024-03-16 23:24:51,43139,2018,2,NON TITO,,,JAWA TIMUR,0.8125,ORANGE,320038365,AREA 3,JATIM,MADIUN,MADIUN,,,0,0,0,JAWA TIMUR,NGAWI,NGAWI,KARANGTENGAH,NGAWI
2229795117,,ODP-NWI-FG/106,-7.396485,111.448632,,,2,14,0,0,16,REGIONAL 5,MADIUN,NGAWI,NWI,,,2024-03-16 23:25:10,43139,2018,2,NON TITO,,,JAWA TIMUR,0.875,ORANGE,320038302,AREA 3,JATIM,MADIUN,MADIUN,,,0,0,0,JAWA TIMUR,NGAWI,NGAWI,PELEM,NGAWI
2245168682,,ODP-NWI-FF/63,-7.411013,111.444341,,,1,7,0,0,8,REGIONAL 5,MADIUN,NGAWI,NWI,,,2024-03-16 23:28:37,43145,2018,2,NON TITO,,,JAWA TIMUR,0.875,ORANGE,319629651,AREA 3,JATIM,MADIUN,MADIUN,,,0,0,0,JAWA TIMUR,NGAWI,NGAWI,MARGOMULYO,NGAWI
387852113,,ODP-NWI-FE/87,-7.4157,111.4364,,,2,14,0,0,16,REGIONAL 5,MADIUN,NGAWI,NWI,,,2024-03-16 23:23:22,42502,2016,5,NON TITO,,,JAWA TIMUR,0.875,ORANGE,23485733,AREA 3,JATIM,MADIUN,MADIUN,,,0,0,0,JAWA TIMUR,NGAWI,NGAWI,JURUREJO,NGAWI
387852126,,ODP-NWI-FF/21,-7.4091,111.4436,,,3,13,0,0,16,REGIONAL 5,MADIUN,NGAWI,NWI,,,2024-03-16 23:23:24,42502,2016,5,NON TITO,,,JAWA TIMUR,0.8125,ORANGE,23485744,AREA 3,JATIM,MADIUN,MADIUN,,,0,0,0,JAWA TIMUR,NGAWI,NGAWI,MARGOMULYO,NGAWI
2203245602,,ODP-NWI-FG/102,-7.398584,111.445371,,,3,13,0,0,16,REGIONAL 5,MADIUN,NGAWI,NWI,,,2024-03-16 23:27:40,43140,2018,2,NON TITO,,,JAWA TIMUR,0.8125,ORANGE,319605033,AREA 3,JATIM,MADIUN,MADIUN,,,0,0,0,JAWA TIMUR,NGAWI,NGAWI,KETANGGI,NGAWI
2428093541,,ODP-MGT-FJ/24,-7.661148,111.338932,,,3,13,0,0,16,REGIONAL 5,MADIUN,NGAWI,MGT,,,2024-03-16 23:26:09,43204,2018,4,NON TITO,,,JAWA TIMUR,0.8125,ORANGE,333648604,AREA 3,JATIM,MADIUN,MADIUN,,,0,0,0,JAWA TIMUR,MAGETAN,MAGETAN,BULUKERTO,NGAWI
387852274,,ODP-MGT-FB/06,-7.6297,111.3321,,,1,15,0,0,16,REGIONAL 5,MADIUN,NGAWI,MGT,,,2024-03-16 23:23:30,42502,2016,5,NON TITO,,,JAWA TIMUR,0.9375,ORANGE,23485826,AREA 3,JATIM,MADIUN,MADIUN,,,0,0,0,JAWA TIMUR,MAGETAN,PANEKAN,MILANGASRI,NGAWI
387852621,,ODP-NWI-FJ/06,-7.438,111.3929,,,3,13,0,0,16,REGIONAL 5,MADIUN,NGAWI,NWI,,,2024-03-16 23:23:21,42502,2016,5,NON TITO,,,JAWA TIMUR,0.8125,ORANGE,23486028,AREA 3,JATIM,MADIUN,MADIUN,,,0,0,0,JAWA TIMUR,NGAWI,PARON,PARON,NGAWI
387852762,,ODP-NWI-FE/88,-7.4162,111.4361,,,3,13,0,0,16,REGIONAL 5,MADIUN,NGAWI,NWI,,,2024-03-16 23:23:27,42502,2016,5,NON TITO,,,JAWA TIMUR,0.8125,ORANGE,23486105,AREA 3,JATIM,MADIUN,MADIUN,,,0,0,0,JAWA TIMUR,NGAWI,NGAWI,BERAN,NGAWI
2176844194,,ODP-MGT-FAC/21,-7.651152,111.327484,,,3,13,0,0,16,REGIONAL 5,MADIUN,NGAWI,MGT,,,2024-03-16 23:26:09,43129,2018,1,NON TITO,,,JAWA TIMUR,0.8125,ORANGE,294181270,AREA 3,JATIM,MADIUN,MADIUN,,,0,0,0,JAWA TIMUR,MAGETAN,MAGETAN,KEPOLOREJO,NGAWI
387852861,,ODP-NWI-FJ/03,-7.4299,111.404,,,2,14,0,0,16,REGIONAL 5,MADIUN,NGAWI,NWI,,,2024-03-16 23:23:26,42502,2016,5,NON TITO,,,JAWA TIMUR,0.875,ORANGE,23486161,AREA 3,JATIM,MADIUN,MADIUN,,,0,0,0,JAWA TIMUR,NGAWI,NGAWI,JURUREJO,NGAWI
2176844144,,ODP-MGT-FAC/18,-7.654486,111.325116,,,1,15,0,0,16,REGIONAL 5,MADIUN,NGAWI,MGT,,,2024-03-16 23:21:19,43129,2018,1,NON TITO,,,JAWA TIMUR,0.9375,ORANGE,294181256,AREA 3,JATIM,MADIUN,MADIUN,,,0,0,0,JAWA TIMUR,MAGETAN,MAGETAN,KEPOLOREJO,NGAWI
387853168,,ODP-NWI-FH/03,-7.4031,111.4114,,,1,7,0,0,8,REGIONAL 5,MADIUN,NGAWI,NWI,,,2024-03-16 23:23:48,42502,2016,5,NON TITO,,,JAWA TIMUR,0.875,ORANGE,23486338,AREA 3,JATIM,MADIUN,MADIUN,,,0,0,0,JAWA TIMUR,NGAWI,NGAWI,WATUALANG,NGAWI
2176844175,,ODP-MGT-FAC/20,-7.649074,111.329378,,,2,14,0,0,16,REGIONAL 5,MADIUN,NGAWI,MGT,,,2024-03-16 23:25:07,43129,2018,1,NON TITO,,,JAWA TIMUR,0.875,ORANGE,300612492,AREA 3,JATIM,MADIUN,MADIUN,,,0,0,0,JAWA TIMUR,MAGETAN,MAGETAN,SUKOWINANGUN,NGAWI
655543680,,ODP-MGT-FK/02,-7.653783,111.299002,,,1,7,0,0,8,REGIONAL 5,MADIUN,NGAWI,MGT,,,2024-03-16 23:23:43,42528,2016,6,NON TITO,,,JAWA TIMUR,0.875,ORANGE,33414246,AREA 3,JATIM,MADIUN,MADIUN,,,0,0,0,JAWA TIMUR,MAGETAN,SIDOREJO,CAMPURSARI,NGAWI
2428093601,,ODP-MGT-FJ/20,-7.667838,111.337754,,,2,14,0,0,16,REGIONAL 5,MADIUN,NGAWI,MGT,,,2024-03-16 23:26:00,43204,2018,4,NON TITO,,,JAWA TIMUR,0.875,ORANGE,333648646,AREA 3,JATIM,MADIUN,MADIUN,,,0,0,0,JAWA TIMUR,MAGETAN,NGARIBOYO,BALEGONDO,NGAWI
387841335,,ODP-MGT-FG/30,-7.63972,111.356341,,,2,14,0,0,16,REGIONAL 5,MADIUN,NGAWI,MGT,,,2024-03-16 23:28:37,42502,2016,5,NON TITO,,,JAWA TIMUR,0.875,ORANGE,23479186,AREA 3,JATIM,MADIUN,MADIUN,,,0,0,0,JAWA TIMUR,MAGETAN,SUKOMORO,BANDAR,NGAWI
2501594348,,ODP-WKU-FB/19,-7.395245,111.222094,,,1,7,0,0,8,REGIONAL 5,MADIUN,NGAWI,WKU,,,2024-03-16 23:27:59,43230,2018,5,NON TITO,,,JAWA TIMUR,0.875,ORANGE,354180778,AREA 3,JATIM,MADIUN,MADIUN,,,0,0,0,JAWA TIMUR,NGAWI,WIDODAREN,WALIKUKUN,NGAWI
2501594358,,ODP-WKU-FF/03,-7.36476,111.189799,,,2,14,0,0,16,REGIONAL 5,MADIUN,NGAWI,WKU,,,2024-03-16 23:27:39,43230,2018,5,NON TITO,,,JAWA TIMUR,0.875,ORANGE,354180781,AREA 3,JATIM,MADIUN,MADIUN,,,0,0,0,JAWA TIMUR,NGAWI,MANTINGAN,PENGKOL,NGAWI
2501594368,,ODP-WKU-FF/18,-7.366753,111.171723,,,1,7,0,0,8,REGIONAL 5,MADIUN,NGAWI,WKU,,,2024-03-16 23:28:55,43230,2018,5,NON TITO,,,JAWA TIMUR,0.875,ORANGE,354180784,AREA 3,JATIM,MADIUN,MADIUN,,,0,0,0,JAWA TIMUR,NGAWI,MANTINGAN,SAMBIREJO,NGAWI
387791735,,ODP-NWI-FQ/13,-7.395052,111.449802,,,2,14,0,0,16,REGIONAL 5,MADIUN,NGAWI,NWI,,,2024-03-16 23:24:15,42502,2016,5,NON TITO,,,JAWA TIMUR,0.875,ORANGE,23425876,AREA 3,JATIM,MADIUN,MADIUN,,,0,0,0,JAWA TIMUR,NGAWI,NGAWI,PELEM,NGAWI
387791612,,ODP-MGT-FX/23,-7.6525,111.3344,,,3,13,0,0,16,REGIONAL 5,MADIUN,NGAWI,MGT,,,2024-03-16 23:24:25,42502,2016,5,NON TITO,,,JAWA TIMUR,0.8125,ORANGE,23425809,AREA 3,JATIM,MADIUN,MADIUN,,,0,0,0,JAWA TIMUR,MAGETAN,MAGETAN,SUKOWINANGUN,NGAWI
387791588,,ODP-NWI-FQ/22,-7.403229,111.449182,,,1,7,0,0,8,REGIONAL 5,MADIUN,NGAWI,NWI,,,2024-03-16 23:24:04,42502,2016,5,NON TITO,,,JAWA TIMUR,0.875,ORANGE,23425793,AREA 3,JATIM,MADIUN,MADIUN,,,0,0,0,JAWA TIMUR,NGAWI,NGAWI,KETANGGI,NGAWI
2501594418,,ODP-WKU-FB/15,-7.39839,111.22164,,,1,7,0,0,8,REGIONAL 5,MADIUN,NGAWI,WKU,,,2024-03-16 23:28:08,43230,2018,5,NON TITO,,,JAWA TIMUR,0.875,ORANGE,354180799,AREA 3,JATIM,MADIUN,MADIUN,,,0,0,0,JAWA TIMUR,NGAWI,WIDODAREN,WALIKUKUN,NGAWI
387791307,,ODP-NWI-FH/05,-7.4047,111.4055,,,1,15,0,0,16,REGIONAL 5,MADIUN,NGAWI,NWI,,,2024-03-16 23:23:44,42502,2016,5,NON TITO,,,JAWA TIMUR,0.9375,ORANGE,23425628,AREA 3,JATIM,MADIUN,MADIUN,,,0,0,0,JAWA TIMUR,NGAWI,NGAWI,WATUALANG,NGAWI
387791242,,ODP-NWI-FM/17,-7.395694,111.377572,,,2,14,0,0,16,REGIONAL 5,MADIUN,NGAWI,NWI,,,2024-03-16 23:24:22,42502,2016,5,NON TITO,,,JAWA TIMUR,0.875,ORANGE,23425594,AREA 3,JATIM,MADIUN,MADIUN,,,0,0,0,JAWA TIMUR,NGAWI,PARON,NGALE,NGAWI
387791202,,ODP-GGR-FA/03,-7.6858,111.4173,,,3,13,0,0,16,REGIONAL 5,MADIUN,NGAWI,GGR,,,2024-03-16 23:24:21,42502,2016,5,NON TITO,,,JAWA TIMUR,0.8125,ORANGE,23425572,AREA 3,JATIM,MADIUN,MADIUN,,,0,0,0,JAWA TIMUR,MAGETAN,KAWEDANAN,GENENGAN,NGAWI
387790866,,ODP-NWI-FG/26,-7.394691,111.44737,,,3,13,0,0,16,REGIONAL 5,MADIUN,NGAWI,NWI,,,2024-03-16 23:23:23,42502,2016,5,NON TITO,,,JAWA TIMUR,0.8125,ORANGE,23425374,AREA 3,JATIM,MADIUN,MADIUN,,,0,0,0,JAWA TIMUR,NGAWI,NGAWI,KETANGGI,NGAWI
2501594458,,ODP-WKU-FB/09,-7.397283,111.224405,,,1,7,0,0,8,REGIONAL 5,MADIUN,NGAWI,WKU,,,2024-03-16 23:27:50,43230,2018,5,NON TITO,,,JAWA TIMUR,0.875,ORANGE,354180811,AREA 3,JATIM,MADIUN,MADIUN,,,0,0,0,JAWA TIMUR,NGAWI,WIDODAREN,WALIKUKUN,NGAWI
2501594478,,ODP-WKU-FF/15,-7.366558,111.162456,,,1,7,0,0,8,REGIONAL 5,MADIUN,NGAWI,WKU,,,2024-03-16 23:28:52,43230,2018,5,NON TITO,,,JAWA TIMUR,0.875,ORANGE,354180817,AREA 3,JATIM,MADIUN,MADIUN,,,0,0,0,JAWA TIMUR,NGAWI,MANTINGAN,MANTINGAN,NGAWI
387789533,,ODP-SAR-FA/23,-7.6763,111.2211,,,3,13,0,0,16,REGIONAL 5,MADIUN,NGAWI,SAR,,,2024-03-16 23:23:33,42502,2016,5,NON TITO,,,JAWA TIMUR,0.8125,ORANGE,23424594,AREA 3,JATIM,MADIUN,MADIUN,,,0,0,0,JAWA TIMUR,MAGETAN,PLAOSAN,SARANGAN,NGAWI
387791913,,ODP-NWI-FQ/24,-7.402775,111.449754,,,1,7,0,0,8,REGIONAL 5,MADIUN,NGAWI,NWI,,,2024-03-16 23:23:59,42502,2016,5,NON TITO,,,JAWA TIMUR,0.875,ORANGE,23425980,AREA 3,JATIM,MADIUN,MADIUN,,,0,0,0,JAWA TIMUR,NGAWI,NGAWI,KETANGGI,NGAWI
387788563,,ODP-MGT-FK/42,-7.6537,111.2988,,,1,7,0,0,8,REGIONAL 5,MADIUN,NGAWI,MGT,,,2024-03-16 23:23:57,42502,2016,5,NON TITO,,,JAWA TIMUR,0.875,ORANGE,23424037,AREA 3,JATIM,MADIUN,MADIUN,,,0,0,0,JAWA TIMUR,MAGETAN,SIDOREJO,CAMPURSARI,NGAWI
2509322725,,ODP-WKU-FA/28,-7.387695,111.224804,,,3,13,0,0,16,REGIONAL 5,MADIUN,NGAWI,WKU,,,2024-03-16 23:28:50,43235,2018,5,NON TITO,,,JAWA TIMUR,0.8125,ORANGE,354213006,AREA 3,JATIM,MADIUN,MADIUN,,,0,0,0,JAWA TIMUR,NGAWI,WIDODAREN,WIDODAREN,NGAWI
387788202,,ODP-SAR-FA/09,-7.6738,111.2213,,,1,7,0,0,8,REGIONAL 5,MADIUN,NGAWI,SAR,,,2024-03-16 23:23:37,42502,2016,5,NON TITO,,,JAWA TIMUR,0.875,ORANGE,23423825,AREA 3,JATIM,MADIUN,MADIUN,,,0,0,0,JAWA TIMUR,MAGETAN,PLAOSAN,SARANGAN,NGAWI
387788132,,ODP-MGT-FD/45,-7.6397,111.3292,,,3,13,0,0,16,REGIONAL 5,MADIUN,NGAWI,MGT,,,2024-03-16 23:23:55,42502,2016,5,NON TITO,,,JAWA TIMUR,0.8125,ORANGE,23423786,AREA 3,JATIM,MADIUN,MADIUN,,,0,0,0,JAWA TIMUR,MAGETAN,MAGETAN,KEPOLOREJO,NGAWI
2509322797,,ODP-WKU-FA/31,-7.38061,111.224207,,,1,7,0,0,8,REGIONAL 5,MADIUN,NGAWI,WKU,,,2024-03-16 23:28:51,43235,2018,5,NON TITO,,,JAWA TIMUR,0.875,ORANGE,354213070,AREA 3,JATIM,MADIUN,MADIUN,,,0,0,0,JAWA TIMUR,NGAWI,WIDODAREN,WIDODAREN,NGAWI
387787855,,ODP-NWI-FG/09,-7.399806,111.445944,,,3,13,0,0,16,REGIONAL 5,MADIUN,NGAWI,NWI,,,2024-03-16 23:23:43,42502,2016,5,NON TITO,,,JAWA TIMUR,0.8125,ORANGE,23423620,AREA 3,JATIM,MADIUN,MADIUN,,,0,0,0,JAWA TIMUR,NGAWI,NGAWI,KETANGGI,NGAWI
2510972660,,ODP-WKU-FA/44,-7.374299,111.222478,,,1,7,0,0,8,REGIONAL 5,MADIUN,NGAWI,WKU,,,2024-03-16 23:24:09,43236,2018,5,NON TITO,,,JAWA TIMUR,0.875,ORANGE,354222897,AREA 3,JATIM,MADIUN,MADIUN,,,0,0,0,JAWA TIMUR,NGAWI,WIDODAREN,KAUMAN,NGAWI
2510972866,,ODP-WKU-FA/46,-7.372676,111.21889,,,1,7,0,0,8,REGIONAL 5,MADIUN,NGAWI,WKU,,,2024-03-16 23:24:10,43236,2018,5,NON TITO,,,JAWA TIMUR,0.875,ORANGE,354222966,AREA 3,JATIM,MADIUN,MADIUN,,,0,0,0,JAWA TIMUR,NGAWI,WIDODAREN,KAUMAN,NGAWI
387787696,,ODP-SAR-FA/11,-7.6746,111.2222,,,2,14,0,0,16,REGIONAL 5,MADIUN,NGAWI,SAR,,,2024-03-16 23:23:44,42502,2016,5,NON TITO,,,JAWA TIMUR,0.875,ORANGE,23423523,AREA 3,JATIM,MADIUN,MADIUN,,,0,0,0,JAWA TIMUR,MAGETAN,PLAOSAN,SARANGAN,NGAWI
387787670,,ODP-SAR-FA/19,-7.6767,111.2217,,,2,13,0,0,16,REGIONAL 5,MADIUN,NGAWI,SAR,,,2024-03-16 23:23:05,42502,2016,5,NON TITO,,,JAWA TIMUR,0.8125,ORANGE,23423507,AREA 3,JATIM,MADIUN,MADIUN,,,0,0,0,JAWA TIMUR,MAGETAN,PLAOSAN,SARANGAN,NGAWI
387787557,,ODP-MGT-FC/01,-7.6336,111.3595,,,1,7,0,0,8,REGIONAL 5,MADIUN,NGAWI,MGT,,,2024-03-16 23:23:34,42502,2016,5,NON TITO,,,JAWA TIMUR,0.875,ORANGE,23423435,AREA 3,JATIM,MADIUN,MADIUN,,,0,0,0,JAWA TIMUR,MAGETAN,MAGETAN,PURWOSARI,NGAWI
387787311,,ODP-MGT-FC/10,-7.6352,111.3589,,,1,7,0,0,8,REGIONAL 5,MADIUN,NGAWI,MGT,,,2024-03-16 23:22:48,42502,2016,5,NON TITO,,,JAWA TIMUR,0.875,ORANGE,23423281,AREA 3,JATIM,MADIUN,MADIUN,,,0,0,0,JAWA TIMUR,MAGETAN,MAGETAN,PURWOSARI,NGAWI
387787254,,ODP-MGT-FG/26,-7.628269,111.374225,,,0,7,0,0,8,REGIONAL 5,MADIUN,NGAWI,MGT,,,2024-03-16 23:23:30,42502,2016,5,NON TITO,,,JAWA TIMUR,0.875,ORANGE,23423244,AREA 3,JATIM,MADIUN,MADIUN,,,0,0,0,JAWA TIMUR,MAGETAN,SUKOMORO,SUKOMORO,NGAWI
387786960,,ODP-MGT-FD/21,-7.6341,111.3262,,,1,7,0,0,8,REGIONAL 5,MADIUN,NGAWI,MGT,,,2024-03-16 23:23:22,42502,2016,5,NON TITO,,,JAWA TIMUR,0.875,ORANGE,23423062,AREA 3,JATIM,MADIUN,MADIUN,,,0,0,0,JAWA TIMUR,MAGETAN,MAGETAN,TAWANGANOM,NGAWI
387782494,,ODP-NWI-FA/14,-7.505212,111.412602,,,3,13,0,0,16,REGIONAL 5,MADIUN,NGAWI,NWI,,,2024-03-16 23:22:26,42502,2016,5,NON TITO,,,JAWA TIMUR,0.8125,ORANGE,23420081,AREA 3,JATIM,MADIUN,MADIUN,,,0,0,0,JAWA TIMUR,NGAWI,GERIH,GUYUNG,NGAWI
387788259,,ODP-SAR-FA/13,-7.6789,111.2149,,,1,7,0,0,8,REGIONAL 5,MADIUN,NGAWI,SAR,,,2024-03-16 23:23:46,42502,2016,5,NON TITO,,,JAWA TIMUR,0.875,ORANGE,23423860,AREA 3,JATIM,MADIUN,MADIUN,,,0,0,0,JAWA TIMUR,MAGETAN,PLAOSAN,SARANGAN,NGAWI
387791921,,ODP-NWI-FF/23,-7.4081,111.4399,,,2,14,0,0,16,REGIONAL 5,MADIUN,NGAWI,NWI,,,2024-03-16 23:24:39,42502,2016,5,NON TITO,,,JAWA TIMUR,0.875,ORANGE,23425987,AREA 3,JATIM,MADIUN,MADIUN,,,0,0,0,JAWA TIMUR,NGAWI,NGAWI,MARGOMULYO,NGAWI
387792011,,ODP-NWI-FQ/18,-7.398243,111.44714,,,2,13,0,0,16,REGIONAL 5,MADIUN,NGAWI,NWI,,,2024-03-16 23:24:42,42502,2016,5,NON TITO,,,JAWA TIMUR,0.8125,ORANGE,23426044,AREA 3,JATIM,MADIUN,MADIUN,,,0,0,0,JAWA TIMUR,NGAWI,NGAWI,KETANGGI,NGAWI
387792094,,ODP-NWI-FQ/20,-7.403703,111.44937,,,1,7,0,0,8,REGIONAL 5,MADIUN,NGAWI,NWI,,,2024-03-16 23:24:34,42502,2016,5,NON TITO,,,JAWA TIMUR,0.875,ORANGE,23426092,AREA 3,JATIM,MADIUN,MADIUN,,,0,0,0,JAWA TIMUR,NGAWI,NGAWI,KETANGGI,NGAWI
2428093606,,ODP-MGT-FE/46,-7.621379,111.329146,,,1,7,0,0,8,REGIONAL 5,MADIUN,NGAWI,MGT,,,2024-03-16 23:25:39,43204,2018,4,NON TITO,,,JAWA TIMUR,0.875,ORANGE,333648649,AREA 3,JATIM,MADIUN,MADIUN,,,0,0,0,JAWA TIMUR,MAGETAN,PANEKAN,WATES,NGAWI
2428093621,,ODP-MGT-FE/47,-7.62434,111.330162,,,1,7,0,0,8,REGIONAL 5,MADIUN,NGAWI,MGT,,,2024-03-16 23:25:54,43204,2018,4,NON TITO,,,JAWA TIMUR,0.875,ORANGE,333648658,AREA 3,JATIM,MADIUN,MADIUN,,,0,0,0,JAWA TIMUR,MAGETAN,PANEKAN,MILANGASRI,NGAWI
387840826,,ODP-NWI-FA/30,-7.4926,111.426,,,1,7,0,0,8,REGIONAL 5,MADIUN,NGAWI,NWI,,,2024-03-16 23:27:39,42502,2016,5,NON TITO,,,JAWA TIMUR,0.875,ORANGE,23478796,AREA 3,JATIM,MADIUN,MADIUN,,,0,0,0,JAWA TIMUR,NGAWI,GENENG,GENENG,NGAWI
387840719,,ODP-NWI-FE/05,-7.4122,111.4383,,,1,7,0,0,8,REGIONAL 5,MADIUN,NGAWI,NWI,,,2024-03-16 23:28:26,42502,2016,5,NON TITO,,,JAWA TIMUR,0.875,ORANGE,23478710,AREA 3,JATIM,MADIUN,MADIUN,,,0,0,0,JAWA TIMUR,NGAWI,NGAWI,JURUREJO,NGAWI
2437618748,,ODP-MGT-FQ/08,-7.628325,111.374139,,,1,7,0,0,8,REGIONAL 5,MADIUN,NGAWI,MGT,,,2024-03-16 23:24:43,43207,2018,4,NON TITO,,,JAWA TIMUR,0.875,ORANGE,346966954,AREA 3,JATIM,MADIUN,MADIUN,,,0,0,0,JAWA TIMUR,MAGETAN,SUKOMORO,SUKOMORO,NGAWI
2437618763,,ODP-MGT-FQ/09,-7.630712,111.370654,,,1,7,0,0,8,REGIONAL 5,MADIUN,NGAWI,MGT,,,2024-03-16 23:24:48,43207,2018,4,NON TITO,,,JAWA TIMUR,0.875,ORANGE,346966981,AREA 3,JATIM,MADIUN,MADIUN,,,0,0,0,JAWA TIMUR,MAGETAN,SUKOMORO,SUKOMORO,NGAWI
387840354,,ODP-NWI-FE/54,-7.4098,111.4373,,,3,13,0,0,16,REGIONAL 5,MADIUN,NGAWI,NWI,,,2024-03-16 23:28:15,42502,2016,5,NON TITO,,,JAWA TIMUR,0.8125,ORANGE,23478420,AREA 3,JATIM,MADIUN,MADIUN,,,0,0,0,JAWA TIMUR,NGAWI,NGAWI,MARGOMULYO,NGAWI
387840270,,ODP-NWI-FE/56,-7.4108,111.4395,,,1,14,0,0,16,REGIONAL 5,MADIUN,NGAWI,NWI,,,2024-03-16 23:27:25,42502,2016,5,NON TITO,,,JAWA TIMUR,0.875,ORANGE,23478355,AREA 3,JATIM,MADIUN,MADIUN,,,0,0,0,JAWA TIMUR,NGAWI,NGAWI,MARGOMULYO,NGAWI
387840256,,ODP-NWI-FE/57,-7.4125,111.4392,,,3,13,0,0,16,REGIONAL 5,MADIUN,NGAWI,NWI,,,2024-03-16 23:28:27,42502,2016,5,NON TITO,,,JAWA TIMUR,0.8125,ORANGE,23478342,AREA 3,JATIM,MADIUN,MADIUN,,,0,0,0,JAWA TIMUR,NGAWI,NGAWI,BERAN,NGAWI
387840216,,ODP-NWI-FE/01,-7.4133,111.4364,,,0,7,0,0,8,REGIONAL 5,MADIUN,NGAWI,NWI,,,2024-03-16 23:27:18,42502,2016,5,NON TITO,,,JAWA TIMUR,0.875,ORANGE,23478309,AREA 3,JATIM,MADIUN,MADIUN,,,0,0,0,JAWA TIMUR,NGAWI,NGAWI,JURUREJO,NGAWI
387840053,,ODP-NWI-FE/02,-7.4131,111.4368,,,2,14,0,0,16,REGIONAL 5,MADIUN,NGAWI,NWI,,,2024-03-16 23:28:16,42502,2016,5,NON TITO,,,JAWA TIMUR,0.875,ORANGE,23478172,AREA 3,JATIM,MADIUN,MADIUN,,,0,0,0,JAWA TIMUR,NGAWI,NGAWI,JURUREJO,NGAWI
387839816,,ODP-NWI-FB/60,-7.4389,111.457,,,1,7,0,0,8,REGIONAL 5,MADIUN,NGAWI,NWI,,,2024-03-16 23:27:39,42502,2016,5,NON TITO,,,JAWA TIMUR,0.875,ORANGE,23477972,AREA 3,JATIM,MADIUN,MADIUN,,,0,0,0,JAWA TIMUR,NGAWI,GENENG,KERSOHARJO,NGAWI
387839806,,ODP-NWI-FE/39,-7.414681,111.446668,,,3,13,0,0,16,REGIONAL 5,MADIUN,NGAWI,NWI,,,2024-03-16 23:27:56,42502,2016,5,NON TITO,,,JAWA TIMUR,0.8125,ORANGE,23477964,AREA 3,JATIM,MADIUN,MADIUN,,,0,0,0,JAWA TIMUR,NGAWI,NGAWI,BERAN,NGAWI
387839231,,ODP-NWI-FB/36,-7.43,111.4403,,,1,7,0,0,8,REGIONAL 5,MADIUN,NGAWI,NWI,,,2024-03-16 23:28:12,42502,2016,5,NON TITO,,,JAWA TIMUR,0.875,ORANGE,23477476,AREA 3,JATIM,MADIUN,MADIUN,,,0,0,0,JAWA TIMUR,NGAWI,GENENG,KLITIK,NGAWI
387839004,,ODP-NWI-FE/19,-7.4153,111.4406,,,1,7,0,0,8,REGIONAL 5,MADIUN,NGAWI,NWI,,,2024-03-16 23:28:12,42502,2016,5,NON TITO,,,JAWA TIMUR,0.875,ORANGE,23477282,AREA 3,JATIM,MADIUN,MADIUN,,,0,0,0,JAWA TIMUR,NGAWI,NGAWI,BERAN,NGAWI
387838995,,ODP-NWI-FB/49,-7.4365,111.4395,,,1,7,0,0,8,REGIONAL 5,MADIUN,NGAWI,NWI,,,2024-03-16 23:27:26,42502,2016,5,NON TITO,,,JAWA TIMUR,0.875,ORANGE,23477274,AREA 3,JATIM,MADIUN,MADIUN,,,0,0,0,JAWA TIMUR,NGAWI,GENENG,KLITIK,NGAWI
2483444763,,ODP-WKU-FC/24,-7.41039,111.225493,,,1,15,0,0,16,REGIONAL 5,MADIUN,NGAWI,WKU,,,2024-03-16 23:27:15,43222,2018,5,NON TITO,,,JAWA TIMUR,0.9375,ORANGE,353656720,AREA 3,JATIM,MADIUN,MADIUN,,,0,0,0,JAWA TIMUR,NGAWI,WIDODAREN,WALIKUKUN,NGAWI
2507968615,,ODP-WKU-FZA/40,-7.421227,111.308608,,,1,7,0,0,8,REGIONAL 5,MADIUN,NGAWI,WKU,,,2024-03-16 23:24:46,43234,2018,5,NON TITO,,,JAWA TIMUR,0.875,ORANGE,353784897,AREA 3,JATIM,MADIUN,MADIUN,,,0,0,0,JAWA TIMUR,NGAWI,KEDUNGGALAR,KEDUNGGALAR,NGAWI
387792200,,ODP-GGR-FB/01,-7.759,111.3972,,,0,7,0,0,8,REGIONAL 5,MADIUN,NGAWI,GGR,,,2024-03-16 23:24:10,42502,2016,5,NON TITO,,,JAWA TIMUR,0.875,ORANGE,23426151,AREA 3,JATIM,MADIUN,MADIUN,,,0,0,0,JAWA TIMUR,MAGETAN,LEMBEYAN,LEMBEYAN WETAN,NGAWI
387792277,,ODP-NWI-FF/22,-7.4088,111.4427,,,2,14,0,0,16,REGIONAL 5,MADIUN,NGAWI,NWI,,,2024-03-16 23:24:36,42502,2016,5,NON TITO,,,JAWA TIMUR,0.875,ORANGE,23426197,AREA 3,JATIM,MADIUN,MADIUN,,,0,0,0,JAWA TIMUR,NGAWI,NGAWI,MARGOMULYO,NGAWI
387792441,,ODP-NWI-FC/51,-7.4281,111.4677,,,1,7,0,0,8,REGIONAL 5,MADIUN,NGAWI,NWI,,,2024-03-16 23:24:40,42502,2016,5,NON TITO,,,JAWA TIMUR,0.875,ORANGE,23426293,AREA 3,JATIM,MADIUN,MADIUN,,,0,0,0,JAWA TIMUR,NGAWI,NGAWI,KANDANGAN,NGAWI
387792564,,ODP-NWI-FC/30,-7.4308,111.524,,,1,7,0,0,8,REGIONAL 5,MADIUN,NGAWI,NWI,,,2024-03-16 23:24:35,42502,2016,5,NON TITO,,,JAWA TIMUR,0.875,ORANGE,23426358,AREA 3,JATIM,MADIUN,MADIUN,,,0,0,0,JAWA TIMUR,NGAWI,PADAS,PACING,NGAWI
387792608,,ODP-MGT-FJ/07,-7.6571,111.338,,,2,13,0,0,16,REGIONAL 5,MADIUN,NGAWI,MGT,,,2024-03-16 23:24:36,42502,2016,5,NON TITO,,,JAWA TIMUR,0.8125,ORANGE,23426386,AREA 3,JATIM,MADIUN,MADIUN,,,0,0,0,JAWA TIMUR,MAGETAN,MAGETAN,MANGKUJAYAN,NGAWI
387841519,,ODP-NWI-FA/08,-7.4884,111.4295,,,3,13,0,0,16,REGIONAL 5,MADIUN,NGAWI,NWI,,,2024-03-16 23:28:14,42502,2016,5,NON TITO,,,JAWA TIMUR,0.8125,ORANGE,23479318,AREA 3,JATIM,MADIUN,MADIUN,,,0,0,0,JAWA TIMUR,NGAWI,GENENG,TAMBAKROMO,NGAWI
2501594353,,ODP-WKU-FB/18,-7.392863,111.222784,,,1,7,0,0,8,REGIONAL 5,MADIUN,NGAWI,WKU,,,2024-03-16 23:28:36,43230,2018,5,NON TITO,,,JAWA TIMUR,0.875,ORANGE,353769412,AREA 3,JATIM,MADIUN,MADIUN,,,0,0,0,JAWA TIMUR,NGAWI,WIDODAREN,WALIKUKUN,NGAWI
387792744,,ODP-WKU-FZA/08,-7.4261,111.3021,,,1,14,1,0,16,REGIONAL 5,MADIUN,NGAWI,WKU,,,2024-03-16 23:21:09,42502,2016,5,NON TITO,,,JAWA TIMUR,0.875,ORANGE,23426464,AREA 3,JATIM,MADIUN,MADIUN,,,0,0,0,JAWA TIMUR,NGAWI,KEDUNGGALAR,KEDUNGGALAR,NGAWI
2501594321,,ODP-WKU-FF/14,-7.365494,111.160583,,,1,7,0,0,8,REGIONAL 5,MADIUN,NGAWI,WKU,,,2024-03-16 23:28:55,43230,2018,5,NON TITO,,,JAWA TIMUR,0.875,ORANGE,353769403,AREA 3,JATIM,MADIUN,MADIUN,,,0,0,0,JAWA TIMUR,NGAWI,MANTINGAN,MANTINGAN,NGAWI
2481795746,,ODP-MGT-FM/12,-7.656066,111.280583,,,2,14,0,0,16,REGIONAL 5,MADIUN,NGAWI,MGT,,,2024-03-16 23:24:23,43222,2018,5,NON TITO,,,JAWA TIMUR,0.875,ORANGE,353722798,AREA 3,JATIM,MADIUN,MADIUN,,,0,0,0,JAWA TIMUR,MAGETAN,SIDOREJO,SIDOREJO,NGAWI
387831975,,ODP-NWI-FA/03,-7.4848,111.4327,,,3,13,0,0,16,REGIONAL 5,MADIUN,NGAWI,NWI,,,2024-03-16 23:26:19,42502,2016,5,NON TITO,,,JAWA TIMUR,0.8125,ORANGE,23470767,AREA 3,JATIM,MADIUN,MADIUN,,,0,0,0,JAWA TIMUR,NGAWI,GENENG,GENENG,NGAWI
387837991,,ODP-NWI-FB/02,-7.446619,111.440939,,,1,7,0,0,8,REGIONAL 5,MADIUN,NGAWI,NWI,,,2024-03-16 23:27:38,42502,2016,5,NON TITO,,,JAWA TIMUR,0.875,ORANGE,23476432,AREA 3,JATIM,MADIUN,MADIUN,,,0,0,0,JAWA TIMUR,NGAWI,GENENG,DEMPEL,NGAWI
387838025,,ODP-NWI-FC/08,-7.456302,111.6035,,,1,7,0,0,8,REGIONAL 5,MADIUN,NGAWI,NWI,,,2024-03-16 23:27:42,42502,2016,5,NON TITO,,,JAWA TIMUR,0.875,ORANGE,23476461,AREA 3,JATIM,MADIUN,MADIUN,,,0,0,0,JAWA TIMUR,NGAWI,KARANGJATI,KARANGJATI,NGAWI
2501594343,,ODP-WKU-FF/06,-7.370749,111.186279,,,1,7,0,0,8,REGIONAL 5,MADIUN,NGAWI,WKU,,,2024-03-16 23:28:36,43230,2018,5,NON TITO,,,JAWA TIMUR,0.875,ORANGE,353769409,AREA 3,JATIM,MADIUN,MADIUN,,,0,0,0,JAWA TIMUR,NGAWI,MANTINGAN,SAMBIREJO,NGAWI
2514870636,,ODP-WKU-FG/02,-7.385995,111.26626,,,1,7,0,0,8,REGIONAL 5,MADIUN,NGAWI,WKU,,,2024-03-16 23:24:15,43241,2018,5,NON TITO,,,JAWA TIMUR,0.875,ORANGE,354281008,AREA 3,JATIM,MADIUN,MADIUN,,,0,0,0,JAWA TIMUR,NGAWI,WIDODAREN,SIDOLAJU,NGAWI
2159293885,,ODP-MGT-FP/05,-7.669837,111.321996,,,2,13,1,0,16,REGIONAL 5,MADIUN,NGAWI,MGT,,,2024-03-16 23:27:00,43123,2018,1,NON TITO,,,JAWA TIMUR,0.8125,ORANGE,289513803,AREA 3,JATIM,MADIUN,MADIUN,,,0,0,0,JAWA TIMUR,MAGETAN,NGARIBOYO,SUMBERDUKUN,NGAWI
2165368715,,ODP-MGT-FW/28,-7.616969,111.297412,,,1,7,0,0,8,REGIONAL 5,MADIUN,NGAWI,MGT,,,2024-03-16 23:22:00,43123,2018,1,NON TITO,,,JAWA TIMUR,0.875,ORANGE,289445739,AREA 3,JATIM,MADIUN,MADIUN,,,0,0,0,JAWA TIMUR,MAGETAN,PANEKAN,PANEKAN,NGAWI
1379842517,,ODP-JGO-FC/05,-7.514721,111.204802,,,1,7,0,0,8,REGIONAL 5,MADIUN,NGAWI,JGO,,,2024-03-16 23:28:41,42857,2017,5,NON TITO,,,JAWA TIMUR,0.875,ORANGE,123690127,AREA 3,JATIM,MADIUN,MADIUN,,,0,0,0,JAWA TIMUR,NGAWI,NGRAMBE,NGRAMBE,NGAWI
1379842618,,ODP-JGO-FC/23,-7.503973,111.206036,,,3,13,0,0,16,REGIONAL 5,MADIUN,NGAWI,JGO,,,2024-03-16 23:28:53,42857,2017,5,NON TITO,,,JAWA TIMUR,0.8125,ORANGE,123690155,AREA 3,JATIM,MADIUN,MADIUN,,,0,0,0,JAWA TIMUR,NGAWI,NGRAMBE,NGRAMBE,NGAWI
1379842621,,ODP-JGO-FC/36,-7.513466,111.195196,,,2,14,0,0,16,REGIONAL 5,MADIUN,NGAWI,JGO,,,2024-03-16 23:28:27,42857,2017,5,NON TITO,,,JAWA TIMUR,0.875,ORANGE,123690161,AREA 3,JATIM,MADIUN,MADIUN,,,0,0,0,JAWA TIMUR,NGAWI,NGRAMBE,SAMBIREJO,NGAWI
1379842627,,ODP-JGO-FC/34,-7.512875,111.193186,,,1,7,0,0,8,REGIONAL 5,MADIUN,NGAWI,JGO,,,2024-03-16 23:28:52,42857,2017,5,NON TITO,,,JAWA TIMUR,0.875,ORANGE,123690165,AREA 3,JATIM,MADIUN,MADIUN,,,0,0,0,JAWA TIMUR,NGAWI,NGRAMBE,SAMBIREJO,NGAWI
1379843223,,ODP-JGO-FC/28,-7.510844,111.205625,,,1,15,0,0,16,REGIONAL 5,MADIUN,NGAWI,JGO,,,2024-03-16 23:28:21,42857,2017,5,NON TITO,,,JAWA TIMUR,0.9375,ORANGE,123690429,AREA 3,JATIM,MADIUN,MADIUN,,,0,0,0,JAWA TIMUR,NGAWI,NGRAMBE,NGRAMBE,NGAWI
1379843226,,ODP-JGO-FC/35,-7.513247,111.194687,,,1,7,0,0,8,REGIONAL 5,MADIUN,NGAWI,JGO,,,2024-03-16 23:28:57,42857,2017,5,NON TITO,,,JAWA TIMUR,0.875,ORANGE,123690431,AREA 3,JATIM,MADIUN,MADIUN,,,0,0,0,JAWA TIMUR,NGAWI,NGRAMBE,SAMBIREJO,NGAWI
1303768578,,ODP-MGT-FAC/04,-7.65242,111.33075,,,1,15,0,0,16,REGIONAL 5,MADIUN,NGAWI,MGT,,,2024-03-16 23:28:11,42797,2017,3,NON TITO,,,JAWA TIMUR,0.9375,ORANGE,70181185,AREA 3,JATIM,MADIUN,MADIUN,,,0,0,0,JAWA TIMUR,MAGETAN,MAGETAN,KEBONAGUNG,NGAWI
1303768569,,ODP-MGT-FAC/03,-7.653,111.33263,,,2,14,0,0,16,REGIONAL 5,MADIUN,NGAWI,MGT,,,2024-03-16 23:29:01,42797,2017,3,NON TITO,,,JAWA TIMUR,0.875,ORANGE,70181062,AREA 3,JATIM,MADIUN,MADIUN,,,0,0,0,JAWA TIMUR,MAGETAN,MAGETAN,SUKOWINANGUN,NGAWI
1303843871,,ODP-MGT-FAC/10,-7.64735,111.331127,,,1,15,0,0,16,REGIONAL 5,MADIUN,NGAWI,MGT,,,2024-03-16 23:23:46,42797,2017,3,NON TITO,,,JAWA TIMUR,0.9375,ORANGE,70180998,AREA 3,JATIM,MADIUN,MADIUN,,,0,0,0,JAWA TIMUR,MAGETAN,MAGETAN,SUKOWINANGUN,NGAWI
1461648889,,ODP-NWI-FC/57,-7.398485,111.489331,,,3,13,0,0,16,REGIONAL 5,MADIUN,NGAWI,NWI,,,2024-03-16 23:28:41,42870,2017,5,NON TITO,,,JAWA TIMUR,0.8125,ORANGE,129766827,AREA 3,JATIM,MADIUN,MADIUN,,,0,0,0,JAWA TIMUR,NGAWI,KASREMAN,TAWUN,NGAWI
1291785169,,ODP-NWI-FH/22,-7.403467,111.413357,,,1,7,0,0,8,REGIONAL 5,MADIUN,NGAWI,NWI,,,2024-03-16 23:21:20,42794,2017,2,NON TITO,,,JAWA TIMUR,0.875,ORANGE,70166340,AREA 3,JATIM,MADIUN,MADIUN,,,0,0,0,JAWA TIMUR,NGAWI,NGAWI,WATUALANG,NGAWI
1291784650,,ODP-NWI-FH/23,-7.403187,111.410037,,,1,7,0,0,8,REGIONAL 5,MADIUN,NGAWI,NWI,,,2024-03-16 23:21:19,42794,2017,2,NON TITO,,,JAWA TIMUR,0.875,ORANGE,70165978,AREA 3,JATIM,MADIUN,MADIUN,,,0,0,0,JAWA TIMUR,NGAWI,NGAWI,WATUALANG,NGAWI
1273469656,,ODP-WKU-FC/06,-7.399686,111.223012,,,3,13,0,0,16,REGIONAL 5,MADIUN,NGAWI,WKU,,,2024-03-16 23:27:56,42785,2017,2,NON TITO,,,JAWA TIMUR,0.8125,ORANGE,69901669,AREA 3,JATIM,MADIUN,MADIUN,,,0,0,0,JAWA TIMUR,NGAWI,WIDODAREN,WALIKUKUN,NGAWI
1598143814,,ODP-WKU-FD/03,-7.363859,111.146133,,,1,7,0,0,8,REGIONAL 5,MADIUN,NGAWI,WKU,,,2024-03-16 23:26:19,42929,2017,7,NON TITO,,,JAWA TIMUR,0.875,ORANGE,178994752,AREA 3,JATIM,MADIUN,MADIUN,,,0,0,0,JAWA TIMUR,NGAWI,MANTINGAN,MANTINGAN,NGAWI
1379842486,,ODP-JGO-FC/15,-7.510314,111.21211,,,1,7,0,0,8,REGIONAL 5,MADIUN,NGAWI,JGO,,,2024-03-16 23:27:58,42857,2017,5,NON TITO,,,JAWA TIMUR,0.875,ORANGE,123690119,AREA 3,JATIM,MADIUN,MADIUN,,,0,0,0,JAWA TIMUR,NGAWI,NGRAMBE,BABADAN,NGAWI
1273469631,,ODP-MGT-FD/61,-7.638312,111.33056,,,1,7,0,0,8,REGIONAL 5,MADIUN,NGAWI,MGT,,,2024-03-16 23:27:48,42785,2017,2,NON TITO,,,JAWA TIMUR,0.875,ORANGE,69901654,AREA 3,JATIM,MADIUN,MADIUN,,,0,0,0,JAWA TIMUR,MAGETAN,MAGETAN,SUKOWINANGUN,NGAWI
1273469611,,ODP-MGT-FD/59,-7.638614,111.333347,,,3,13,0,0,16,REGIONAL 5,MADIUN,NGAWI,MGT,,,2024-03-16 23:27:58,42785,2017,2,NON TITO,,,JAWA TIMUR,0.8125,ORANGE,69901642,AREA 3,JATIM,MADIUN,MADIUN,,,0,0,0,JAWA TIMUR,MAGETAN,MAGETAN,SUKOWINANGUN,NGAWI
1688369127,,ODP-WKU-FD/08,-7.377198,111.142029,,,1,7,0,0,8,REGIONAL 5,MADIUN,NGAWI,WKU,,,2024-03-16 23:26:55,42961,2017,8,NON TITO,,,JAWA TIMUR,0.875,ORANGE,185828194,AREA 3,JATIM,MADIUN,MADIUN,,,0,0,0,JAWA TIMUR,NGAWI,MANTINGAN,MANTINGAN,NGAWI
1688369773,,ODP-WKU-FD/11,-7.365249,111.146923,,,1,7,0,0,8,REGIONAL 5,MADIUN,NGAWI,WKU,,,2024-03-16 23:28:35,42961,2017,8,NON TITO,,,JAWA TIMUR,0.875,ORANGE,185828525,AREA 3,JATIM,MADIUN,MADIUN,,,0,0,0,JAWA TIMUR,NGAWI,MANTINGAN,MANTINGAN,NGAWI
1273469587,,ODP-MGT-FD/55,-7.640227,111.332645,,,1,15,0,0,16,REGIONAL 5,MADIUN,NGAWI,MGT,,,2024-03-16 23:27:47,42785,2017,2,NON TITO,,,JAWA TIMUR,0.9375,ORANGE,69901628,AREA 3,JATIM,MADIUN,MADIUN,,,0,0,0,JAWA TIMUR,MAGETAN,MAGETAN,SUKOWINANGUN,NGAWI
1688745733,,ODP-WKU-FD/13,-7.363577,111.144672,,,1,7,0,0,8,REGIONAL 5,MADIUN,NGAWI,WKU,,,2024-03-16 23:24:36,42962,2017,8,NON TITO,,,JAWA TIMUR,0.875,ORANGE,185834233,AREA 3,JATIM,MADIUN,MADIUN,,,0,0,0,JAWA TIMUR,NGAWI,MANTINGAN,MANTINGAN,NGAWI
1243697775,,ODP-NWI-FB/71,-7.481083,111.473896,,,3,13,0,0,16,REGIONAL 5,MADIUN,NGAWI,NWI,,,2024-03-16 23:27:07,42779,2017,2,NON TITO,,,JAWA TIMUR,0.8125,ORANGE,62758817,AREA 3,JATIM,MADIUN,MADIUN,,,0,0,0,JAWA TIMUR,NGAWI,KWADUNGAN,KENDUNG,NGAWI
1688745780,,ODP-WKU-FD/15,-7.363201,111.147237,,,1,15,0,0,16,REGIONAL 5,MADIUN,NGAWI,WKU,,,2024-03-16 23:24:40,42962,2017,8,NON TITO,,,JAWA TIMUR,0.9375,ORANGE,185834253,AREA 3,JATIM,MADIUN,MADIUN,,,0,0,0,JAWA TIMUR,NGAWI,MANTINGAN,MANTINGAN,NGAWI
1237025352,,ODP-SAR-FB/05,-7.683162,111.244366,,,1,7,0,0,8,REGIONAL 5,MADIUN,NGAWI,SAR,,,2024-03-16 23:28:50,42776,2017,2,NON TITO,,,JAWA TIMUR,0.875,ORANGE,62748554,AREA 3,JATIM,MADIUN,MADIUN,,,0,0,0,JAWA TIMUR,MAGETAN,PLAOSAN,PLAOSAN,NGAWI
1237020885,,ODP-SAR-FB/01,-7.683061,111.253228,,,1,15,0,0,16,REGIONAL 5,MADIUN,NGAWI,SAR,,,2024-03-16 23:27:07,42776,2017,2,NON TITO,,,JAWA TIMUR,0.9375,ORANGE,62746818,AREA 3,JATIM,MADIUN,MADIUN,,,0,0,0,JAWA TIMUR,MAGETAN,PLAOSAN,PLAOSAN,NGAWI
1678244949,,ODP-WKU-FD/18,-7.361157,111.137616,,,1,7,0,0,8,REGIONAL 5,MADIUN,NGAWI,WKU,,,2024-03-16 23:27:07,42964,2017,8,NON TITO,,,JAWA TIMUR,0.875,ORANGE,185841991,AREA 3,JATIM,MADIUN,MADIUN,,,0,0,0,JAWA TENGAH,SRAGEN,SAMBUNG MACAN,BANARAN,NGAWI
1676444450,,ODP-MGT-FG/14,-7.634559,111.365043,,,1,7,0,0,8,REGIONAL 5,MADIUN,NGAWI,MGT,,,2024-03-16 23:26:58,42958,2017,8,NON TITO,,,JAWA TIMUR,0.875,ORANGE,186266142,AREA 3,JATIM,MADIUN,MADIUN,,,0,0,0,JAWA TIMUR,MAGETAN,SUKOMORO,BIBIS,NGAWI
1688370696,,ODP-WKU-FD/04,-7.367041,111.150871,,,1,7,0,0,8,REGIONAL 5,MADIUN,NGAWI,WKU,,,2024-03-16 23:28:52,42961,2017,8,NON TITO,,,JAWA TIMUR,0.875,ORANGE,186314197,AREA 3,JATIM,MADIUN,MADIUN,,,0,0,0,JAWA TIMUR,NGAWI,MANTINGAN,MANTINGAN,NGAWI
1688745775,,ODP-WKU-FD/16,-7.363683,111.139102,,,3,13,0,0,16,REGIONAL 5,MADIUN,NGAWI,WKU,,,2024-03-16 23:24:27,42962,2017,8,NON TITO,,,JAWA TIMUR,0.8125,ORANGE,186320446,AREA 3,JATIM,MADIUN,MADIUN,,,0,0,0,JAWA TENGAH,SRAGEN,SAMBUNG MACAN,BANARAN,NGAWI
1237020686,,ODP-SAR-FB/04,-7.683702,111.248694,,,2,14,0,0,16,REGIONAL 5,MADIUN,NGAWI,SAR,,,2024-03-16 23:28:08,42776,2017,2,NON TITO,,,JAWA TIMUR,0.875,ORANGE,62746699,AREA 3,JATIM,MADIUN,MADIUN,,,0,0,0,JAWA TIMUR,MAGETAN,PLAOSAN,PLAOSAN,NGAWI
1607144429,,ODP-MGT-FK/43,-7.655543,111.315375,,,2,14,0,0,16,REGIONAL 5,MADIUN,NGAWI,MGT,,,2024-03-16 23:25:30,42934,2017,7,NON TITO,,,JAWA TIMUR,0.875,ORANGE,179524209,AREA 3,JATIM,MADIUN,MADIUN,,,0,0,0,JAWA TIMUR,MAGETAN,MAGETAN,CANDIREJO,NGAWI
1421668705,,ODP-MGT-FE/41,-7.630711,111.329508,,,1,7,0,0,8,REGIONAL 5,MADIUN,NGAWI,MGT,,,2024-03-16 23:22:36,42860,2017,5,NON TITO,,,JAWA TIMUR,0.875,ORANGE,123435330,AREA 3,JATIM,MADIUN,MADIUN,,,0,0,0,JAWA TIMUR,MAGETAN,PANEKAN,MILANGASRI,NGAWI
1379842940,,ODP-JGO-FC/27,-7.508977,111.205642,,,2,14,0,0,16,REGIONAL 5,MADIUN,NGAWI,JGO,,,2024-03-16 23:27:19,42857,2017,5,NON TITO,,,JAWA TIMUR,0.875,ORANGE,123420702,AREA 3,JATIM,MADIUN,MADIUN,,,0,0,0,JAWA TIMUR,NGAWI,NGRAMBE,NGRAMBE,NGAWI
1379842922,,ODP-JGO-FC/06,-7.514448,111.205049,,,1,7,0,0,8,REGIONAL 5,MADIUN,NGAWI,JGO,,,2024-03-16 23:28:49,42857,2017,5,NON TITO,,,JAWA TIMUR,0.875,ORANGE,123420690,AREA 3,JATIM,MADIUN,MADIUN,,,0,0,0,JAWA TIMUR,NGAWI,NGRAMBE,NGRAMBE,NGAWI
1345774632,,ODP-MGT-FK/30,-7.659799,111.321699,,,1,15,0,0,16,REGIONAL 5,MADIUN,NGAWI,MGT,,,2024-03-16 23:26:26,42830,2017,4,NON TITO,,,JAWA TIMUR,0.9375,ORANGE,81698030,AREA 3,JATIM,MADIUN,MADIUN,,,0,0,0,JAWA TIMUR,MAGETAN,MAGETAN,RINGINAGUNG,NGAWI
1359796707,,ODP-JGO-FB/21,-7.590351,111.298475,,,1,7,0,0,8,REGIONAL 5,MADIUN,NGAWI,JGO,,,2024-03-16 23:28:07,42840,2017,4,NON TITO,,,JAWA TIMUR,0.875,ORANGE,81740817,AREA 3,JATIM,MADIUN,MADIUN,,,0,0,0,JAWA TIMUR,NGAWI,KENDAL,SIMO,NGAWI
1359796749,,ODP-JGO-FB/25,-7.596458,111.296624,,,1,7,0,0,8,REGIONAL 5,MADIUN,NGAWI,JGO,,,2024-03-16 23:28:07,42840,2017,4,NON TITO,,,JAWA TIMUR,0.875,ORANGE,81740845,AREA 3,JATIM,MADIUN,MADIUN,,,0,0,0,JAWA TIMUR,NGAWI,KENDAL,KARANGREJO,NGAWI
1359796752,,ODP-JGO-FB/11,-7.562409,111.288579,,,1,7,0,0,8,REGIONAL 5,MADIUN,NGAWI,JGO,,,2024-03-16 23:28:11,42840,2017,4,NON TITO,,,JAWA TIMUR,0.875,ORANGE,81740847,AREA 3,JATIM,MADIUN,MADIUN,,,0,0,0,JAWA TIMUR,NGAWI,KENDAL,KENDAL,NGAWI
1359796761,,ODP-JGO-FB/41,-7.568593,111.288785,,,1,15,0,0,16,REGIONAL 5,MADIUN,NGAWI,JGO,,,2024-03-16 23:28:12,42840,2017,4,NON TITO,,,JAWA TIMUR,0.9375,ORANGE,81740853,AREA 3,JATIM,MADIUN,MADIUN,,,0,0,0,JAWA TIMUR,NGAWI,KENDAL,KENDAL,NGAWI
1345774511,,ODP-MGT-FK/29,-7.663121,111.31922,,,2,14,0,0,16,REGIONAL 5,MADIUN,NGAWI,MGT,,,2024-03-16 23:26:32,42830,2017,4,NON TITO,,,JAWA TIMUR,0.875,ORANGE,81697981,AREA 3,JATIM,MADIUN,MADIUN,,,0,0,0,JAWA TIMUR,MAGETAN,MAGETAN,RINGINAGUNG,NGAWI
1345774490,,ODP-MGT-FK/39,-7.659325,111.318042,,,2,14,0,0,16,REGIONAL 5,MADIUN,NGAWI,MGT,,,2024-03-16 23:26:31,42830,2017,4,NON TITO,,,JAWA TIMUR,0.875,ORANGE,81697976,AREA 3,JATIM,MADIUN,MADIUN,,,0,0,0,JAWA TIMUR,MAGETAN,MAGETAN,RINGINAGUNG,NGAWI
1364597043,,ODP-SAR-FB/07,-7.676736,111.255622,,,2,14,0,0,16,REGIONAL 5,MADIUN,NGAWI,SAR,,,2024-03-16 23:24:18,42842,2017,4,NON TITO,,,JAWA TIMUR,0.875,ORANGE,81748512,AREA 3,JATIM,MADIUN,MADIUN,,,0,0,0,JAWA TIMUR,MAGETAN,PLAOSAN,PLAOSAN,NGAWI
1345778111,,ODP-MGT-FK/22,-7.65392,111.31529,,,2,14,0,0,16,REGIONAL 5,MADIUN,NGAWI,MGT,,,2024-03-16 23:27:15,42830,2017,4,NON TITO,,,JAWA TIMUR,0.875,ORANGE,81186095,AREA 3,JATIM,MADIUN,MADIUN,,,0,0,0,JAWA TIMUR,MAGETAN,MAGETAN,SELOSARI,NGAWI
1345774556,,ODP-MGT-FK/24,-7.654178,111.318719,,,3,13,0,0,16,REGIONAL 5,MADIUN,NGAWI,MGT,,,2024-03-16 23:26:45,42830,2017,4,NON TITO,,,JAWA TIMUR,0.8125,ORANGE,81184552,AREA 3,JATIM,MADIUN,MADIUN,,,0,0,0,JAWA TIMUR,MAGETAN,MAGETAN,SELOSARI,NGAWI
1367827171,,ODP-JGO-FA/10,-7.517552,111.258183,,,2,14,0,0,16,REGIONAL 5,MADIUN,NGAWI,JGO,,,2024-03-16 23:28:54,42845,2017,4,NON TITO,,,JAWA TIMUR,0.875,ORANGE,81834924,AREA 3,JATIM,MADIUN,MADIUN,,,0,0,0,JAWA TIMUR,NGAWI,JOGOROGO,JOGOROGO,NGAWI
1367827182,,ODP-JGO-FA/19,-7.523426,111.255233,,,1,15,0,0,16,REGIONAL 5,MADIUN,NGAWI,JGO,,,2024-03-16 23:29:07,42845,2017,4,NON TITO,,,JAWA TIMUR,0.9375,ORANGE,81834931,AREA 3,JATIM,MADIUN,MADIUN,,,0,0,0,JAWA TIMUR,NGAWI,JOGOROGO,JOGOROGO,NGAWI
1345774497,,ODP-MGT-FU/54,-7.646984,111.328258,,,1,7,0,0,8,REGIONAL 5,MADIUN,NGAWI,MGT,,,2024-03-16 23:26:01,42830,2017,4,NON TITO,,,JAWA TIMUR,0.875,ORANGE,81184533,AREA 3,JATIM,MADIUN,MADIUN,,,0,0,0,JAWA TIMUR,MAGETAN,MAGETAN,KEPOLOREJO,NGAWI
1345774483,,ODP-MGT-FK/25,-7.653628,111.299001,,,2,14,0,0,16,REGIONAL 5,MADIUN,NGAWI,MGT,,,2024-03-16 23:26:44,42830,2017,4,NON TITO,,,JAWA TIMUR,0.875,ORANGE,81184527,AREA 3,JATIM,MADIUN,MADIUN,,,0,0,0,JAWA TIMUR,MAGETAN,SIDOREJO,CAMPURSARI,NGAWI
1367827580,,ODP-JGO-FA/43,-7.532883,111.241717,,,1,7,0,0,8,REGIONAL 5,MADIUN,NGAWI,JGO,,,2024-03-16 23:22:00,42845,2017,4,NON TITO,,,JAWA TIMUR,0.875,ORANGE,81835148,AREA 3,JATIM,MADIUN,MADIUN,,,0,0,0,JAWA TIMUR,NGAWI,JOGOROGO,JOGOROGO,NGAWI
1367827812,,ODP-JGO-FA/38,-7.531092,111.248549,,,1,7,0,0,8,REGIONAL 5,MADIUN,NGAWI,JGO,,,2024-03-16 23:21:38,42845,2017,4,NON TITO,,,JAWA TIMUR,0.875,ORANGE,81835294,AREA 3,JATIM,MADIUN,MADIUN,,,0,0,0,JAWA TIMUR,NGAWI,JOGOROGO,BRUBUH,NGAWI
1367825268,,ODP-JGO-FA/35,-7.537687,111.245156,,,1,7,0,0,8,REGIONAL 5,MADIUN,NGAWI,JGO,,,2024-03-16 23:28:58,42845,2017,4,NON TITO,,,JAWA TIMUR,0.875,ORANGE,81909396,AREA 3,JATIM,MADIUN,MADIUN,,,0,0,0,JAWA TIMUR,NGAWI,JOGOROGO,BRUBUH,NGAWI
1379842821,,ODP-JGO-FC/19,-7.511833,111.209218,,,1,7,0,0,8,REGIONAL 5,MADIUN,NGAWI,JGO,,,2024-03-16 23:28:32,42857,2017,5,NON TITO,,,JAWA TIMUR,0.875,ORANGE,123420669,AREA 3,JATIM,MADIUN,MADIUN,,,0,0,0,JAWA TIMUR,NGAWI,NGRAMBE,BABADAN,NGAWI
1379842807,,ODP-JGO-FC/08,-7.512764,111.207319,,,1,7,0,0,8,REGIONAL 5,MADIUN,NGAWI,JGO,,,2024-03-16 23:28:16,42857,2017,5,NON TITO,,,JAWA TIMUR,0.875,ORANGE,123420666,AREA 3,JATIM,MADIUN,MADIUN,,,0,0,0,JAWA TIMUR,NGAWI,NGRAMBE,NGRAMBE,NGAWI
1311495155,,ODP-KRJ-FA/15,-7.488439,111.534187,,,2,14,0,0,16,REGIONAL 5,MADIUN,NGAWI,KRJ,,,2024-03-16 23:28:12,42800,2017,3,NON TITO,,,JAWA TIMUR,0.875,ORANGE,79307419,AREA 3,JATIM,MADIUN,MADIUN,,,0,0,0,JAWA TIMUR,NGAWI,PANGKUR,PANGKUR,NGAWI
1379842711,,ODP-JGO-FC/18,-7.510517,111.2092,,,1,7,0,0,8,REGIONAL 5,MADIUN,NGAWI,JGO,,,2024-03-16 23:28:54,42857,2017,5,NON TITO,,,JAWA TIMUR,0.875,ORANGE,123420626,AREA 3,JATIM,MADIUN,MADIUN,,,0,0,0,JAWA TIMUR,NGAWI,NGRAMBE,BABADAN,NGAWI
1379842705,,ODP-JGO-FC/20,-7.496812,111.207679,,,1,7,0,0,8,REGIONAL 5,MADIUN,NGAWI,JGO,,,2024-03-16 23:27:40,42857,2017,5,NON TITO,,,JAWA TIMUR,0.875,ORANGE,123420621,AREA 3,JATIM,MADIUN,MADIUN,,,0,0,0,JAWA TIMUR,NGAWI,NGRAMBE,NGRAMBE,NGAWI
1379840750,,ODP-NWI-FN/05,-7.518625,111.388512,,,2,14,0,0,16,REGIONAL 5,MADIUN,NGAWI,NWI,,,2024-03-16 23:28:26,42857,2017,5,NON TITO,,,JAWA TIMUR,0.875,ORANGE,123419557,AREA 3,JATIM,MADIUN,MADIUN,,,0,0,0,JAWA TIMUR,NGAWI,GERIH,GUYUNG,NGAWI
1729320095,,ODP-MGT-FH/08,-7.677779,111.325718,,,1,7,0,0,8,REGIONAL 5,MADIUN,NGAWI,MGT,,,2024-03-16 23:24:18,42972,2017,8,NON TITO,,,JAWA TIMUR,0.875,ORANGE,188045246,AREA 3,JATIM,MADIUN,MADIUN,,,0,0,0,JAWA TIMUR,MAGETAN,NGARIBOYO,SUMBERDUKUN,NGAWI
1367827404,,ODP-JGO-FA/11,-7.518946,111.255672,,,3,13,0,0,16,REGIONAL 5,MADIUN,NGAWI,JGO,,,2024-03-16 23:26:30,42845,2017,4,NON TITO,,,JAWA TIMUR,0.8125,ORANGE,81910148,AREA 3,JATIM,MADIUN,MADIUN,,,0,0,0,JAWA TIMUR,NGAWI,JOGOROGO,JOGOROGO,NGAWI
1325765391,,ODP-WKU-FB/05,-7.395111,111.22402,,,3,13,0,0,16,REGIONAL 5,MADIUN,NGAWI,WKU,,,2024-03-16 23:26:49,42815,2017,3,NON TITO,,,JAWA TIMUR,0.8125,ORANGE,79526322,AREA 3,JATIM,MADIUN,MADIUN,,,0,0,0,JAWA TIMUR,NGAWI,WIDODAREN,WALIKUKUN,NGAWI
1367825609,,ODP-JGO-FA/21,-7.51709,111.226164,,,3,13,0,0,16,REGIONAL 5,MADIUN,NGAWI,JGO,,,2024-03-16 23:29:15,42845,2017,4,NON TITO,,,JAWA TIMUR,0.8125,ORANGE,81909571,AREA 3,JATIM,MADIUN,MADIUN,,,0,0,0,JAWA TIMUR,NGAWI,NGRAMBE,WAKAH,NGAWI
1325765394,,ODP-WKU-FB/06,-7.395976,111.222835,,,1,7,0,0,8,REGIONAL 5,MADIUN,NGAWI,WKU,,,2024-03-16 23:26:00,42815,2017,3,NON TITO,,,JAWA TIMUR,0.875,ORANGE,79526325,AREA 3,JATIM,MADIUN,MADIUN,,,0,0,0,JAWA TIMUR,NGAWI,WIDODAREN,WALIKUKUN,NGAWI
1339252484,,ODP-MGT-FZ/16,-7.685362,111.278922,,,1,7,0,0,8,REGIONAL 5,MADIUN,NGAWI,MGT,,,2024-03-16 23:25:07,42825,2017,3,NON TITO,,,JAWA TIMUR,0.875,ORANGE,81166629,AREA 3,JATIM,MADIUN,MADIUN,,,0,0,0,JAWA TIMUR,MAGETAN,PLAOSAN,SIDOMUKTI,NGAWI
1367825579,,ODP-JGO-FA/39,-7.53762,111.232251,,,1,15,0,0,16,REGIONAL 5,MADIUN,NGAWI,JGO,,,2024-03-16 23:29:09,42845,2017,4,NON TITO,,,JAWA TIMUR,0.9375,ORANGE,81909549,AREA 3,JATIM,MADIUN,MADIUN,,,0,0,0,JAWA TIMUR,NGAWI,JOGOROGO,KLETEKAN,NGAWI
1339252995,,ODP-MGT-FZ/17,-7.688973,111.271348,,,1,7,0,0,8,REGIONAL 5,MADIUN,NGAWI,MGT,,,2024-03-16 23:21:04,42825,2017,3,NON TITO,,,JAWA TIMUR,0.875,ORANGE,81167042,AREA 3,JATIM,MADIUN,MADIUN,,,0,0,0,JAWA TIMUR,MAGETAN,PLAOSAN,SIDOMUKTI,NGAWI
1367827401,,ODP-JGO-FA/09,-7.511304,111.258434,,,3,13,0,0,16,REGIONAL 5,MADIUN,NGAWI,JGO,,,2024-03-16 23:29:18,42845,2017,4,NON TITO,,,JAWA TIMUR,0.8125,ORANGE,81910146,AREA 3,JATIM,MADIUN,MADIUN,,,0,0,0,JAWA TIMUR,NGAWI,JOGOROGO,DAWUNG,NGAWI
646844150,,ODP-NWI-FC/52,-7.402164,111.460387,,,1,7,0,0,8,REGIONAL 5,MADIUN,NGAWI,NWI,,,2024-03-16 23:26:09,42524,2016,6,NON TITO,,,JAWA TIMUR,0.875,ORANGE,33550011,AREA 3,JATIM,MADIUN,MADIUN,,,0,0,0,JAWA TIMUR,NGAWI,NGAWI,KARANGASRI,NGAWI
1729320563,,ODP-GGR-FA/37,-7.667522,111.385355,,,1,7,0,0,8,REGIONAL 5,MADIUN,NGAWI,GGR,,,2024-03-16 23:24:24,42972,2017,8,NON TITO,,,JAWA TIMUR,0.875,ORANGE,188045519,AREA 3,JATIM,MADIUN,MADIUN,,,0,0,0,JAWA TIMUR,MAGETAN,KAWEDANAN,SUGIHREJO,NGAWI
1730444413,,ODP-WKU-FD/25,-7.363925,111.148576,,,1,15,0,0,16,REGIONAL 5,MADIUN,NGAWI,WKU,,,2024-03-16 23:26:46,42972,2017,8,NON TITO,,,JAWA TIMUR,0.9375,ORANGE,189237530,AREA 3,JATIM,MADIUN,MADIUN,,,0,0,0,JAWA TIMUR,NGAWI,MANTINGAN,MANTINGAN,NGAWI
2139945743,,ODP-GGR-FA/47,-7.69348,111.422136,,,2,14,0,0,16,REGIONAL 5,MADIUN,NGAWI,GGR,,,2024-03-16 23:28:26,43112,2018,1,NON TITO,,,JAWA TIMUR,0.875,ORANGE,267992328,AREA 3,JATIM,MADIUN,MADIUN,,,0,0,0,JAWA TIMUR,MAGETAN,KAWEDANAN,KAWEDANAN,NGAWI
1041502544,,ODP-WKU-FA/13,-7.369458,111.170808,,,1,7,0,0,8,REGIONAL 5,MADIUN,NGAWI,WKU,,,2024-03-16 23:26:09,42681,2016,11,NON TITO,,,JAWA TIMUR,0.875,ORANGE,37223181,AREA 3,JATIM,MADIUN,MADIUN,,,0,0,0,JAWA TIMUR,NGAWI,MANTINGAN,SAMBIREJO,NGAWI
1026869901,,ODP-MGT-FA/33,-7.6468,111.31621,,,2,14,0,0,16,REGIONAL 5,MADIUN,NGAWI,MGT,,,2024-03-16 23:27:38,42676,2016,11,NON TITO,,,JAWA TIMUR,0.875,ORANGE,37201728,AREA 3,JATIM,MADIUN,MADIUN,,,0,0,0,JAWA TIMUR,MAGETAN,MAGETAN,TAWANGANOM,NGAWI
1007068712,,ODP-MGT-FAA/87,-7.651975,111.322916,,,2,14,0,0,16,REGIONAL 5,MADIUN,NGAWI,MGT,,,2024-03-16 23:23:03,42668,2016,10,NON TITO,,,JAWA TIMUR,0.875,ORANGE,36865056,AREA 3,JATIM,MADIUN,MADIUN,,,0,0,0,JAWA TIMUR,MAGETAN,MAGETAN,KEPOLOREJO,NGAWI
2132593693,,ODP-MGT-FJ/19,-7.665499,111.344884,,,1,7,0,0,8,REGIONAL 5,MADIUN,NGAWI,MGT,,,2024-03-16 23:24:36,43113,2018,1,NON TITO,,,JAWA TIMUR,0.875,ORANGE,285915986,AREA 3,JATIM,MADIUN,MADIUN,,,0,0,0,JAWA TIMUR,MAGETAN,NGARIBOYO,MOJOPURNO,NGAWI
978643977,,ODP-SAR-FA/26,-7.68622,111.218026,,,2,14,0,0,16,REGIONAL 5,MADIUN,NGAWI,SAR,,,2024-03-16 23:23:25,42656,2016,10,NON TITO,,,JAWA TIMUR,0.875,ORANGE,36654537,AREA 3,JATIM,MADIUN,MADIUN,,,0,0,0,JAWA TIMUR,MAGETAN,PLAOSAN,NGANCAR,NGAWI
2132593718,,ODP-MGT-FJ/18,-7.66647,111.348302,,,1,7,0,0,8,REGIONAL 5,MADIUN,NGAWI,MGT,,,2024-03-16 23:24:42,43113,2018,1,NON TITO,,,JAWA TIMUR,0.875,ORANGE,285916003,AREA 3,JATIM,MADIUN,MADIUN,,,0,0,0,JAWA TIMUR,MAGETAN,NGARIBOYO,MOJOPURNO,NGAWI
2132593763,,ODP-GGR-FD/01,-7.678884,111.483691,,,1,7,0,0,8,REGIONAL 5,MADIUN,NGAWI,GGR,,,2024-03-16 23:24:16,43113,2018,1,NON TITO,,,JAWA TIMUR,0.875,ORANGE,285916037,AREA 3,JATIM,MADIUN,MADIUN,,,0,0,0,JAWA TIMUR,MAGETAN,TAKERAN,JOMBLANG,NGAWI
2132593768,,ODP-GGR-FD/02,-7.685794,111.475399,,,1,7,0,0,8,REGIONAL 5,MADIUN,NGAWI,GGR,,,2024-03-16 23:24:34,43113,2018,1,NON TITO,,,JAWA TIMUR,0.875,ORANGE,285916040,AREA 3,JATIM,MADIUN,MADIUN,,,0,0,0,JAWA TIMUR,MAGETAN,TAKERAN,KIRINGAN,NGAWI
843568959,,ODP-NWI-FJ/15,-7.425611,111.409167,,,3,13,0,0,16,REGIONAL 5,MADIUN,NGAWI,NWI,,,2024-03-16 23:26:47,42608,2016,8,NON TITO,,,JAWA TIMUR,0.8125,ORANGE,34411576,AREA 3,JATIM,MADIUN,MADIUN,,,0,0,0,JAWA TIMUR,NGAWI,NGAWI,BERAN,NGAWI
2138370657,,ODP-GGR-FA/55,-7.659105,111.416971,,,3,13,0,0,16,REGIONAL 5,MADIUN,NGAWI,GGR,,,2024-03-16 23:28:00,43113,2018,1,NON TITO,,,JAWA TIMUR,0.8125,ORANGE,286062456,AREA 3,JATIM,MADIUN,MADIUN,,,0,0,0,JAWA TIMUR,MAGETAN,BENDO,BELOTAN,NGAWI
813268673,,ODP-MGT-FW/29,-7.617325,111.297666,,,3,13,0,0,16,REGIONAL 5,MADIUN,NGAWI,MGT,,,2024-03-16 23:24:47,42598,2016,8,NON TITO,,,JAWA TIMUR,0.8125,ORANGE,34295277,AREA 3,JATIM,MADIUN,MADIUN,,,0,0,0,JAWA TIMUR,MAGETAN,PANEKAN,PANEKAN,NGAWI
788147031,,ODP-NWI-FA/51,-7.48312,111.40732,,,1,15,0,0,16,REGIONAL 5,MADIUN,NGAWI,NWI,,,2024-03-16 23:23:34,42592,2016,8,NON TITO,,,JAWA TIMUR,0.9375,ORANGE,34123269,AREA 3,JATIM,MADIUN,MADIUN,,,0,0,0,JAWA TIMUR,NGAWI,GENENG,GENENG,NGAWI
2148944275,,ODP-GGR-FC/30,-7.681232,111.483818,,,3,13,0,0,16,REGIONAL 5,MADIUN,NGAWI,GGR,,,2024-03-16 23:26:41,43116,2018,1,NON TITO,,,JAWA TIMUR,0.8125,ORANGE,286524157,AREA 3,JATIM,MADIUN,MADIUN,,,0,0,0,JAWA TIMUR,MAGETAN,TAKERAN,SAWOJAJAR,NGAWI
1026869968,,ODP-MGT-FA/35,-7.64659,111.31705,,,1,15,0,0,16,REGIONAL 5,MADIUN,NGAWI,MGT,,,2024-03-16 23:27:48,42676,2016,11,NON TITO,,,JAWA TIMUR,0.9375,ORANGE,37409811,AREA 3,JATIM,MADIUN,MADIUN,,,0,0,0,JAWA TIMUR,MAGETAN,MAGETAN,TAWANGANOM,NGAWI
2148944456,,ODP-GGR-FC/29,-7.68344,111.483634,,,1,7,0,0,8,REGIONAL 5,MADIUN,NGAWI,GGR,,,2024-03-16 23:21:07,43116,2018,1,NON TITO,,,JAWA TIMUR,0.875,ORANGE,286524297,AREA 3,JATIM,MADIUN,MADIUN,,,0,0,0,JAWA TIMUR,MAGETAN,TAKERAN,SAWOJAJAR,NGAWI
737443621,,ODP-NWI-FA/49,-7.529931,111.430436,,,1,7,0,0,8,REGIONAL 5,MADIUN,NGAWI,NWI,,,2024-03-16 23:22:23,42568,2016,7,NON TITO,,,JAWA TIMUR,0.875,ORANGE,33835046,AREA 3,JATIM,MADIUN,MADIUN,,,0,0,0,JAWA TIMUR,NGAWI,GENENG,KERASWETAN,NGAWI
736168799,,ODP-NWI-FK/07,-7.357324,111.498693,,,2,14,0,0,16,REGIONAL 5,MADIUN,NGAWI,NWI,,,2024-03-16 23:23:00,42569,2016,7,NON TITO,,,JAWA TIMUR,0.875,ORANGE,33764313,AREA 3,JATIM,MADIUN,MADIUN,,,0,0,0,JAWA TIMUR,BOJONEGORO,MARGOMULYO,MARGOMULYO,NGAWI
736168744,,ODP-NWI-FK/05,-7.361732,111.499647,,,3,13,0,0,16,REGIONAL 5,MADIUN,NGAWI,NWI,,,2024-03-16 23:22:48,42569,2016,7,NON TITO,,,JAWA TIMUR,0.8125,ORANGE,33764192,AREA 3,JATIM,MADIUN,MADIUN,,,0,0,0,JAWA TIMUR,BOJONEGORO,MARGOMULYO,MARGOMULYO,NGAWI
736168713,,ODP-NWI-FK/03,-7.354686,111.503706,,,1,7,0,0,8,REGIONAL 5,MADIUN,NGAWI,NWI,,,2024-03-16 23:22:46,42569,2016,7,NON TITO,,,JAWA TIMUR,0.875,ORANGE,33764147,AREA 3,JATIM,MADIUN,MADIUN,,,0,0,0,JAWA TIMUR,BOJONEGORO,MARGOMULYO,MARGOMULYO,NGAWI
726048762,,ODP-MGT-FAA/88,-7.65396,111.327,,,2,14,0,0,16,REGIONAL 5,MADIUN,NGAWI,MGT,,,2024-03-16 23:22:47,42566,2016,7,NON TITO,,,JAWA TIMUR,0.875,ORANGE,33757638,AREA 3,JATIM,MADIUN,MADIUN,,,0,0,0,JAWA TIMUR,MAGETAN,MAGETAN,KEPOLOREJO,NGAWI
2148944758,,ODP-GGR-FC/28,-7.678432,111.48457,,,1,7,0,0,8,REGIONAL 5,MADIUN,NGAWI,GGR,,,2024-03-16 23:25:08,43116,2018,1,NON TITO,,,JAWA TIMUR,0.875,ORANGE,286524530,AREA 3,JATIM,MADIUN,MADIUN,,,0,0,0,JAWA TIMUR,MAGETAN,TAKERAN,JOMBLANG,NGAWI
726568975,,ODP-NWI-FB/69,-7.44445,111.42235,,,2,14,0,0,16,REGIONAL 5,MADIUN,NGAWI,NWI,,,2024-03-16 23:29:19,42551,2016,6,NON TITO,,,JAWA TIMUR,0.875,ORANGE,33730096,AREA 3,JATIM,MADIUN,MADIUN,,,0,0,0,JAWA TIMUR,NGAWI,PARON,DAWU,NGAWI
726718646,,ODP-MGT-FP/02,-7.658994,111.322282,,,2,14,0,0,16,REGIONAL 5,MADIUN,NGAWI,MGT,,,2024-03-16 23:26:17,42551,2016,6,NON TITO,,,JAWA TIMUR,0.875,ORANGE,33654423,AREA 3,JATIM,MADIUN,MADIUN,,,0,0,0,JAWA TIMUR,MAGETAN,MAGETAN,RINGINAGUNG,NGAWI
718693647,,ODP-NWI-FC/54,-7.41475,111.46204,,,1,15,0,0,16,REGIONAL 5,MADIUN,NGAWI,NWI,,,2024-03-16 23:26:10,42548,2016,6,NON TITO,,,JAWA TIMUR,0.9375,ORANGE,33641475,AREA 3,JATIM,MADIUN,MADIUN,,,0,0,0,JAWA TIMUR,NGAWI,NGAWI,KARANGASRI,NGAWI
2154494051,,ODP-MGT-FA/50,-7.650932,111.328296,,,1,7,0,0,8,REGIONAL 5,MADIUN,NGAWI,MGT,,,2024-03-16 23:22:35,43121,2018,1,NON TITO,,,JAWA TIMUR,0.875,ORANGE,289438982,AREA 3,JATIM,MADIUN,MADIUN,,,0,0,0,JAWA TIMUR,MAGETAN,MAGETAN,KEPOLOREJO,NGAWI
2154494061,,ODP-MGT-FA/49,-7.650787,111.327447,,,1,7,0,0,8,REGIONAL 5,MADIUN,NGAWI,MGT,,,2024-03-16 23:21:05,43121,2018,1,NON TITO,,,JAWA TIMUR,0.875,ORANGE,289438985,AREA 3,JATIM,MADIUN,MADIUN,,,0,0,0,JAWA TIMUR,MAGETAN,MAGETAN,KEPOLOREJO,NGAWI
701968564,,ODP-NWI-FC/33,-7.409515,111.47562,,,2,14,0,0,16,REGIONAL 5,MADIUN,NGAWI,NWI,,,2024-03-16 23:28:32,42541,2016,6,NON TITO,,,JAWA TIMUR,0.875,ORANGE,33612025,AREA 3,JATIM,MADIUN,MADIUN,,,0,0,0,JAWA TIMUR,NGAWI,NGAWI,KARANG TENGAH PRANDON,NGAWI
696194032,,ODP-MGT-FG/03,-7.621534,111.377483,,,1,7,0,0,8,REGIONAL 5,MADIUN,NGAWI,MGT,,,2024-03-16 23:25:38,42539,2016,6,NON TITO,,,JAWA TIMUR,0.875,ORANGE,33607289,AREA 3,JATIM,MADIUN,MADIUN,,,0,0,0,JAWA TIMUR,MAGETAN,SUKOMORO,KEDUNGGUWO,NGAWI
696194025,,ODP-MGT-FG/02,-7.619644,111.377337,,,1,7,0,0,8,REGIONAL 5,MADIUN,NGAWI,MGT,,,2024-03-16 23:24:51,42539,2016,6,NON TITO,,,JAWA TIMUR,0.875,ORANGE,33607278,AREA 3,JATIM,MADIUN,MADIUN,,,0,0,0,JAWA TIMUR,MAGETAN,SUKOMORO,KEDUNGGUWO,NGAWI
2148944459,,ODP-GGR-FC/23,-7.669047,111.488134,,,3,13,0,0,16,REGIONAL 5,MADIUN,NGAWI,GGR,,,2024-03-16 23:26:49,43116,2018,1,NON TITO,,,JAWA TIMUR,0.8125,ORANGE,286524299,AREA 3,JATIM,MADIUN,MADIUN,,,0,0,0,JAWA TIMUR,MAGETAN,TAKERAN,JOMBLANG,NGAWI
2124946351,,ODP-WKU-FAA/13,-7.450831,111.226538,,,1,7,0,0,8,REGIONAL 5,MADIUN,NGAWI,WKU,,,2024-03-16 23:28:31,43109,2018,1,NON TITO,,,JAWA TIMUR,0.875,ORANGE,267918253,AREA 3,JATIM,MADIUN,MADIUN,,,0,0,0,JAWA TIMUR,NGAWI,WIDODAREN,SEKAR ALAS,NGAWI
1054693706,,ODP-MGT-FB/49,-7.615714,111.356139,,,0,7,1,0,8,REGIONAL 5,MADIUN,NGAWI,MGT,,,2024-03-16 23:24:26,42688,2016,11,NON TITO,,,JAWA TIMUR,0.875,ORANGE,38537303,AREA 3,JATIM,MADIUN,MADIUN,,,0,0,0,JAWA TIMUR,MAGETAN,SUKOMORO,KENTANGAN,NGAWI
1092091433,,ODP-KRJ-FB/06,-7.487136,111.597708,,,3,13,0,0,16,REGIONAL 5,MADIUN,NGAWI,KRJ,,,2024-03-16 23:24:21,42719,2016,12,NON TITO,,,JAWA TIMUR,0.8125,ORANGE,38931659,AREA 3,JATIM,MADIUN,MADIUN,,,0,0,0,JAWA TIMUR,NGAWI,KARANGJATI,PUHTI,NGAWI
1221122388,,ODP-NWI-FG/55,-7.394877,111.44736,,,2,14,0,0,16,REGIONAL 5,MADIUN,NGAWI,NWI,,,2024-03-16 23:24:09,42774,2017,2,NON TITO,,,JAWA TIMUR,0.875,ORANGE,62592174,AREA 3,JATIM,MADIUN,MADIUN,,,0,0,0,JAWA TIMUR,NGAWI,NGAWI,KETANGGI,NGAWI
1221122374,,ODP-NWI-FG/59,-7.398433,111.446784,,,1,15,0,0,16,REGIONAL 5,MADIUN,NGAWI,NWI,,,2024-03-16 23:24:10,42774,2017,2,NON TITO,,,JAWA TIMUR,0.9375,ORANGE,62592166,AREA 3,JATIM,MADIUN,MADIUN,,,0,0,0,JAWA TIMUR,NGAWI,NGAWI,KETANGGI,NGAWI
1834768619,,ODP-NWI-FA/57,-7.495064,111.417288,,,1,7,0,0,8,REGIONAL 5,MADIUN,NGAWI,NWI,,,2024-03-16 23:23:00,42994,2017,9,NON TITO,,,JAWA TIMUR,0.875,ORANGE,193609301,AREA 3,JATIM,MADIUN,MADIUN,,,0,0,0,JAWA TIMUR,NGAWI,GENENG,TEPAS,NGAWI
1858096132,,ODP-KRJ-FE/08,-7.519953,111.634332,,,1,7,0,0,8,REGIONAL 5,MADIUN,NGAWI,KRJ,,,2024-03-16 23:24:52,43005,2017,9,NON TITO,,,JAWA TIMUR,0.875,ORANGE,212658367,AREA 3,JATIM,MADIUN,MADIUN,,,0,0,0,JAWA TIMUR,MADIUN,PILANGKENCENG,PURWOREJO,NGAWI
1858096135,,ODP-KRJ-FE/01,-7.516539,111.627216,,,1,7,0,0,8,REGIONAL 5,MADIUN,NGAWI,KRJ,,,2024-03-16 23:25:45,43005,2017,9,NON TITO,,,JAWA TIMUR,0.875,ORANGE,212658369,AREA 3,JATIM,MADIUN,MADIUN,,,0,0,0,JAWA TIMUR,MADIUN,BALEREJO,KUWU,NGAWI
1858096493,,ODP-KRJ-FE/03,-7.499257,111.623732,,,1,7,0,0,8,REGIONAL 5,MADIUN,NGAWI,KRJ,,,2024-03-16 23:25:38,43005,2017,9,NON TITO,,,JAWA TIMUR,0.875,ORANGE,212658583,AREA 3,JATIM,MADIUN,MADIUN,,,0,0,0,JAWA TIMUR,MADIUN,PILANGKENCENG,PULEREJO,NGAWI
1890270417,,ODP-NWI-FJ/23,-7.474973,111.344197,,,3,14,0,0,17,REGIONAL 5,MADIUN,NGAWI,NWI,,,2024-03-16 23:29:08,43018,2017,10,NON TITO,,,JAWA TIMUR,0.82352941176471,ORANGE,238178777,AREA 3,JATIM,MADIUN,MADIUN,,,0,0,0,JAWA TIMUR,NGAWI,PARON,TEGUHAN,NGAWI
1890270422,,ODP-NWI-FJ/24,-7.476578,111.34237,,,2,14,0,0,16,REGIONAL 5,MADIUN,NGAWI,NWI,,,2024-03-16 23:29:15,43018,2017,10,NON TITO,,,JAWA TIMUR,0.875,ORANGE,238178836,AREA 3,JATIM,MADIUN,MADIUN,,,0,0,0,JAWA TIMUR,NGAWI,PARON,TEGUHAN,NGAWI
1948019280,,ODP-WKU-FAA/09,-7.440499,111.199904,,,1,7,0,0,8,REGIONAL 5,MADIUN,NGAWI,WKU,,,2024-03-16 23:24:23,43035,2017,10,NON TITO,,,JAWA TIMUR,0.875,ORANGE,238631117,AREA 3,JATIM,MADIUN,MADIUN,,,0,0,0,JAWA TIMUR,NGAWI,WIDODAREN,BANYUBIRU,NGAWI
1948019285,,ODP-WKU-FAA/08,-7.439135,111.195299,,,1,7,0,0,8,REGIONAL 5,MADIUN,NGAWI,WKU,,,2024-03-16 23:24:25,43035,2017,10,NON TITO,,,JAWA TIMUR,0.875,ORANGE,238631120,AREA 3,JATIM,MADIUN,MADIUN,,,0,0,0,JAWA TIMUR,NGAWI,WIDODAREN,BANYUBIRU,NGAWI
1948020901,,ODP-WKU-FAA/10,-7.442246,111.202211,,,1,15,0,0,16,REGIONAL 5,MADIUN,NGAWI,WKU,,,2024-03-16 23:24:42,43035,2017,10,NON TITO,,,JAWA TIMUR,0.9375,ORANGE,238631495,AREA 3,JATIM,MADIUN,MADIUN,,,0,0,0,JAWA TIMUR,NGAWI,WIDODAREN,BANYUBIRU,NGAWI
1131228243,,ODP-GGR-FC/14,-7.669992,111.475203,,,1,7,0,0,8,REGIONAL 5,MADIUN,NGAWI,GGR,,,2024-03-16 23:24:48,42753,2017,1,NON TITO,,,JAWA TIMUR,0.875,ORANGE,39428033,AREA 3,JATIM,MADIUN,MADIUN,,,0,0,0,JAWA TIMUR,MAGETAN,TAKERAN,WADUK,NGAWI
1954845354,,ODP-NWI-FC/62,-7.438424,111.468744,,,3,13,0,0,16,REGIONAL 5,MADIUN,NGAWI,NWI,,,2024-03-16 23:27:59,43043,2017,11,NON TITO,,,JAWA TIMUR,0.8125,ORANGE,255392325,AREA 3,JATIM,MADIUN,MADIUN,,,0,0,0,JAWA TIMUR,NGAWI,NGAWI,KANDANGAN,NGAWI
2041093680,,ODP-JGO-FD/06,-7.505813,111.163261,,,1,7,0,0,8,REGIONAL 5,MADIUN,NGAWI,JGO,,,2024-03-16 23:24:49,43081,2017,12,NON TITO,,,JAWA TIMUR,0.875,ORANGE,256076315,AREA 3,JATIM,MADIUN,MADIUN,,,0,0,0,JAWA TIMUR,NGAWI,SINE,KUNIRAN,NGAWI
2041093617,,ODP-JGO-FD/08,-7.507677,111.161723,,,1,7,0,0,8,REGIONAL 5,MADIUN,NGAWI,JGO,,,2024-03-16 23:24:28,43081,2017,12,NON TITO,,,JAWA TIMUR,0.875,ORANGE,256138500,AREA 3,JATIM,MADIUN,MADIUN,,,0,0,0,JAWA TIMUR,NGAWI,SINE,KUNIRAN,NGAWI
2095169056,,ODP-NWI-FF/42,-7.4084,111.44115,,,3,13,0,0,16,REGIONAL 5,MADIUN,NGAWI,NWI,,,2024-03-16 23:26:26,43097,2017,12,NON TITO,,,JAWA TIMUR,0.8125,ORANGE,256668210,AREA 3,JATIM,MADIUN,MADIUN,,,0,0,0,JAWA TIMUR,NGAWI,NGAWI,MARGOMULYO,NGAWI
2095170232,,ODP-NWI-FF/43,-7.409034,111.443264,,,1,7,0,0,8,REGIONAL 5,MADIUN,NGAWI,NWI,,,2024-03-16 23:25:47,43097,2017,12,NON TITO,,,JAWA TIMUR,0.875,ORANGE,256668567,AREA 3,JATIM,MADIUN,MADIUN,,,0,0,0,JAWA TIMUR,NGAWI,NGAWI,MARGOMULYO,NGAWI
1092091529,,ODP-KRJ-FB/09,-7.479759,111.601105,,,2,14,0,0,16,REGIONAL 5,MADIUN,NGAWI,KRJ,,,2024-03-16 23:24:17,42719,2016,12,NON TITO,,,JAWA TIMUR,0.875,ORANGE,38931716,AREA 3,JATIM,MADIUN,MADIUN,,,0,0,0,JAWA TIMUR,NGAWI,KARANGJATI,PUHTI,NGAWI
2124945250,,ODP-WKU-FA/10,-7.372963,111.20211,,,1,7,0,0,8,REGIONAL 5,MADIUN,NGAWI,WKU,,,2024-03-16 23:28:26,43109,2018,1,NON TITO,,,JAWA TIMUR,0.875,ORANGE,267917537,AREA 3,JATIM,MADIUN,MADIUN,,,0,0,0,JAWA TIMUR,NGAWI,MANTINGAN,PENGKOL,NGAWI
2120444013,,ODP-SAR-FA/29,-7.674967,111.226501,,,2,14,0,0,16,REGIONAL 5,MADIUN,NGAWI,SAR,,,2024-03-16 23:24:18,43106,2018,1,NON TITO,,,JAWA TIMUR,0.875,ORANGE,259365278,AREA 3,JATIM,MADIUN,MADIUN,,,0,0,0,JAWA TIMUR,MAGETAN,PLAOSAN,SARANGAN,NGAWI
2107244156,,ODP-MGT-FH/10,-7.674674,111.345729,,,1,15,0,0,16,REGIONAL 5,MADIUN,NGAWI,MGT,,,2024-03-16 23:23:51,43104,2018,1,NON TITO,,,JAWA TIMUR,0.9375,ORANGE,258996857,AREA 3,JATIM,MADIUN,MADIUN,,,0,0,0,JAWA TIMUR,MAGETAN,NGARIBOYO,MOJOPURNO,NGAWI
1092091844,,ODP-KRJ-FB/15,-7.485474,111.605947,,,1,7,0,0,8,REGIONAL 5,MADIUN,NGAWI,KRJ,,,2024-03-16 23:24:15,42719,2016,12,NON TITO,,,JAWA TIMUR,0.875,ORANGE,39039632,AREA 3,JATIM,MADIUN,MADIUN,,,0,0,0,JAWA TIMUR,MADIUN,PILANGKENCENG,MUNENG,NGAWI
1092091851,,ODP-KRJ-FB/23,-7.48938,111.600174,,,1,15,0,0,16,REGIONAL 5,MADIUN,NGAWI,KRJ,,,2024-03-16 23:24:30,42719,2016,12,NON TITO,,,JAWA TIMUR,0.9375,ORANGE,39039636,AREA 3,JATIM,MADIUN,MADIUN,,,0,0,0,JAWA TIMUR,MADIUN,BALEREJO,SIMO,NGAWI
1237020077,,ODP-SAR-FB/02,-7.683909,111.252456,,,1,7,0,0,8,REGIONAL 5,MADIUN,NGAWI,SAR,,,2024-03-16 23:27:57,42776,2017,2,NON TITO,,,JAWA TIMUR,0.875,ORANGE,62746331,AREA 3,JATIM,MADIUN,MADIUN,,,0,0,0,JAWA TIMUR,MAGETAN,PLAOSAN,PLAOSAN,NGAWI
1092091858,,ODP-KRJ-FB/01,-7.493176,111.59186,,,1,7,0,0,8,REGIONAL 5,MADIUN,NGAWI,KRJ,,,2024-03-16 23:24:14,42719,2016,12,NON TITO,,,JAWA TIMUR,0.875,ORANGE,39039640,AREA 3,JATIM,MADIUN,MADIUN,,,0,0,0,JAWA TIMUR,NGAWI,KARANGJATI,SEMBUNG,NGAWI
1092113746,,ODP-KRJ-FC/11,-7.453965,111.598884,,,1,7,0,0,8,REGIONAL 5,MADIUN,NGAWI,KRJ,,,2024-03-16 23:22:01,42721,2016,12,NON TITO,,,JAWA TIMUR,0.875,ORANGE,39056488,AREA 3,JATIM,MADIUN,MADIUN,,,0,0,0,JAWA TIMUR,NGAWI,KARANGJATI,KARANGJATI,NGAWI
1092114100,,ODP-KRJ-FC/09,-7.457468,111.605857,,,3,13,0,0,16,REGIONAL 5,MADIUN,NGAWI,KRJ,,,2024-03-16 23:21:44,42721,2016,12,NON TITO,,,JAWA TIMUR,0.8125,ORANGE,39056598,AREA 3,JATIM,MADIUN,MADIUN,,,0,0,0,JAWA TIMUR,NGAWI,KARANGJATI,KARANGJATI,NGAWI
1092113393,,ODP-KRJ-FC/10,-7.458366,111.607756,,,3,13,0,0,16,REGIONAL 5,MADIUN,NGAWI,KRJ,,,2024-03-16 23:29:16,42721,2016,12,NON TITO,,,JAWA TIMUR,0.8125,ORANGE,39120422,AREA 3,JATIM,MADIUN,MADIUN,,,0,0,0,JAWA TIMUR,NGAWI,KARANGJATI,KARANGJATI,NGAWI
1092113579,,ODP-KRJ-FC/19,-7.457285,111.609367,,,1,7,0,0,8,REGIONAL 5,MADIUN,NGAWI,KRJ,,,2024-03-16 23:29:17,42721,2016,12,NON TITO,,,JAWA TIMUR,0.875,ORANGE,39120479,AREA 3,JATIM,MADIUN,MADIUN,,,0,0,0,JAWA TIMUR,NGAWI,KARANGJATI,KARANGJATI,NGAWI
2098993914,,ODP-NWI-FP/12,-7.400781,111.450067,,,0,15,0,0,16,REGIONAL 5,MADIUN,NGAWI,NWI,,,2024-03-16 23:24:46,43097,2017,12,NON TITO,,,JAWA TIMUR,0.9375,ORANGE,257714005,AREA 3,JATIM,MADIUN,MADIUN,,,0,0,0,JAWA TIMUR,NGAWI,NGAWI,KETANGGI,NGAWI
1092114103,,ODP-KRJ-FC/08,-7.456371,111.603701,,,2,14,0,0,16,REGIONAL 5,MADIUN,NGAWI,KRJ,,,2024-03-16 23:21:38,42721,2016,12,NON TITO,,,JAWA TIMUR,0.875,ORANGE,39120647,AREA 3,JATIM,MADIUN,MADIUN,,,0,0,0,JAWA TIMUR,NGAWI,KARANGJATI,KARANGJATI,NGAWI
1092101950,,ODP-KRJ-FD/20,-7.448982,111.549218,,,1,7,0,0,8,REGIONAL 5,MADIUN,NGAWI,KRJ,,,2024-03-16 23:26:55,42720,2016,12,NON TITO,,,JAWA TIMUR,0.875,ORANGE,39046697,AREA 3,JATIM,MADIUN,MADIUN,,,0,0,0,JAWA TIMUR,NGAWI,PADAS,SUKOWIYONO,NGAWI
2514870650,,ODP-WKU-FG/08,-7.422603,111.257968,,,2,13,0,0,16,REGIONAL 5,MADIUN,NGAWI,WKU,,,2024-03-16 23:24:14,43241,2018,5,NON TITO,,,JAWA TIMUR,0.8125,ORANGE,354281018,AREA 3,JATIM,MADIUN,MADIUN,,,0,0,0,JAWA TIMUR,NGAWI,WIDODAREN,SIDOMAKMUR,NGAWI
1359796671,,ODP-JGO-FB/35,-7.589941,111.29581,,,1,7,0,0,8,REGIONAL 5,MADIUN,NGAWI,JGO,,,2024-03-16 23:27:07,42840,2017,4,NON TITO,,,JAWA TIMUR,0.875,ORANGE,81740793,AREA 3,JATIM,MADIUN,MADIUN,,,0,0,0,JAWA TIMUR,NGAWI,KENDAL,SIMO,NGAWI
2993293756,,ODP-MGT-FT/14,-7.627543,111.329933,,,1,7,0,0,8,REGIONAL 5,MADIUN,NGAWI,MGT,,,2024-03-16 23:22:26,43378,2018,10,NON TITO,,,JAWA TIMUR,0.875,ORANGE,405060921,AREA 3,JATIM,MADIUN,MADIUN,,,0,0,0,JAWA TIMUR,MAGETAN,PANEKAN,MILANGASRI,NGAWI
2642295516,,ODP-NWI-FC/69,-7.409725,111.511853,,,2,14,0,0,16,REGIONAL 5,MADIUN,NGAWI,NWI,,,2024-03-16 23:23:52,43280,2018,6,NON TITO,,,JAWA TIMUR,0.875,ORANGE,361817385,AREA 3,JATIM,MADIUN,MADIUN,,,0,0,0,JAWA TIMUR,NGAWI,KASREMAN,KASREMAN,NGAWI
2646874247,,ODP-NWI-FJ/46,-7.442088,111.393092,,,1,7,0,0,8,REGIONAL 5,MADIUN,NGAWI,NWI,,,2024-03-16 23:22:40,43286,2018,7,NON TITO,,,JAWA TIMUR,0.875,ORANGE,361930803,AREA 3,JATIM,MADIUN,MADIUN,,,0,0,0,JAWA TIMUR,NGAWI,PARON,PARON,NGAWI
1029644641,,ODP-MGT-FW/24,-7.61048,111.297187,,,1,14,0,0,16,REGIONAL 5,MADIUN,NGAWI,MGT,,,2023-08-30 18:06:46,42676,2016,11,NON TITO,,,JAWA TIMUR,0.875,ORANGE,37409379,AREA 3,JATIM,MADIUN,MADIUN,,,0,0,0,JAWA TIMUR,MAGETAN,PANEKAN,TURI,NGAWI
2990144082,,ODP-NWI-FM/01,-7.395546,111.36855,,,1,7,0,0,8,REGIONAL 5,MADIUN,NGAWI,NWI,,,2024-03-16 23:28:53,43378,2018,10,NON TITO,,,JAWA TIMUR,0.875,ORANGE,405120205,AREA 3,JATIM,MADIUN,MADIUN,,,0,0,0,JAWA TIMUR,NGAWI,KEDUNGGALAR,KAWU,NGAWI
2990144307,,ODP-MGT-FT/07,-7.619458,111.340322,,,1,7,0,0,8,REGIONAL 5,MADIUN,NGAWI,MGT,,,2024-03-16 23:28:23,43378,2018,10,NON TITO,,,JAWA TIMUR,0.875,ORANGE,405120341,AREA 3,JATIM,MADIUN,MADIUN,,,0,0,0,JAWA TIMUR,MAGETAN,SUKOMORO,KENTANGAN,NGAWI
1273469626,,ODP-MGT-FD/57,-7.640326,111.335127,,,1,7,0,0,8,REGIONAL 5,MADIUN,NGAWI,MGT,,,2023-08-30 18:08:00,42785,2017,2,NON TITO,,,JAWA TIMUR,0.875,ORANGE,69901651,AREA 3,JATIM,MADIUN,MADIUN,,,0,0,0,JAWA TIMUR,MAGETAN,MAGETAN,SUKOWINANGUN,NGAWI
2155320212,,ODP-NWI-FE/121,-7.42187,111.444289,,,2,13,0,0,16,REGIONAL 5,MADIUN,NGAWI,NWI,,,2023-08-30 18:09:52,43124,2018,1,NON TITO,,,JAWA TIMUR,0.8125,ORANGE,291837632,AREA 3,JATIM,MADIUN,MADIUN,,,0,0,0,JAWA TIMUR,NGAWI,NGAWI,BERAN,NGAWI
2646874252,,ODP-NWI-FJ/31,-7.454287,111.368716,,,3,13,0,0,16,REGIONAL 5,MADIUN,NGAWI,NWI,,,2024-03-16 23:22:36,43286,2018,7,NON TITO,,,JAWA TIMUR,0.8125,ORANGE,361930807,AREA 3,JATIM,MADIUN,MADIUN,,,0,0,0,JAWA TIMUR,NGAWI,PARON,JAMBANGAN,NGAWI
387779399,,ODP-NWI-FC/17,-7.4064,111.468,,,1,15,0,0,16,REGIONAL 5,MADIUN,NGAWI,NWI,,,2024-03-16 23:27:49,42502,2016,5,NON TITO,,,JAWA TIMUR,0.9375,ORANGE,23417717,AREA 3,JATIM,MADIUN,MADIUN,,,0,0,0,JAWA TIMUR,NGAWI,NGAWI,KARANG TENGAH PRANDON,NGAWI
387780712,,ODP-NWI-FE/58,-7.4117,111.4414,,,1,11,0,0,12,REGIONAL 5,MADIUN,NGAWI,NWI,,,2024-03-16 23:28:07,42502,2016,5,NON TITO,,,JAWA TIMUR,0.91666666666667,ORANGE,23418785,AREA 3,JATIM,MADIUN,MADIUN,,,0,0,0,JAWA TIMUR,NGAWI,NGAWI,MARGOMULYO,NGAWI
2966818663,,ODP-MGT-FK/48,-7.657653,111.31015,,,1,7,0,0,8,REGIONAL 5,MADIUN,NGAWI,MGT,,,2024-03-16 23:26:54,43372,2018,9,NON TITO,,,JAWA TIMUR,0.875,ORANGE,405026250,AREA 3,JATIM,MADIUN,MADIUN,,,0,0,0,JAWA TIMUR,MAGETAN,MAGETAN,CANDIREJO,NGAWI
387781971,,ODP-NWI-FA/17,-7.505089,111.412124,,,1,7,0,0,8,REGIONAL 5,MADIUN,NGAWI,NWI,,,2024-03-16 23:22:24,42502,2016,5,NON TITO,,,JAWA TIMUR,0.875,ORANGE,23419711,AREA 3,JATIM,MADIUN,MADIUN,,,0,0,0,JAWA TIMUR,NGAWI,GERIH,GUYUNG,NGAWI
1299719614,,ODP-WKU-FC/08,-7.404304,111.226947,,,3,13,0,0,16,REGIONAL 5,MADIUN,NGAWI,WKU,,,2023-08-30 18:03:09,42795,2017,3,NON TITO,,,JAWA TIMUR,0.8125,ORANGE,79286880,AREA 3,JATIM,MADIUN,MADIUN,,,0,0,0,JAWA TIMUR,NGAWI,WIDODAREN,WALIKUKUN,NGAWI
2585298059,,ODP-NWI-FJ/50,-7.432586,111.400726,,,1,7,0,0,8,REGIONAL 5,MADIUN,NGAWI,NWI,,,2024-03-16 23:27:20,43251,2018,5,NON TITO,,,JAWA TIMUR,0.875,ORANGE,356524905,AREA 3,JATIM,MADIUN,MADIUN,,,0,0,0,JAWA TIMUR,NGAWI,PARON,PARON,NGAWI
387781750,,ODP-NWI-FE/18,-7.4158,111.4403,,,1,7,0,0,8,REGIONAL 5,MADIUN,NGAWI,NWI,,,2024-03-16 23:21:20,42502,2016,5,NON TITO,,,JAWA TIMUR,0.875,ORANGE,23419548,AREA 3,JATIM,MADIUN,MADIUN,,,0,0,0,JAWA TIMUR,NGAWI,NGAWI,BERAN,NGAWI
2975444306,,ODP-MGT-FK/47,-7.65776,111.309137,,,1,7,0,0,8,REGIONAL 5,MADIUN,NGAWI,MGT,,,2024-03-16 23:22:25,43372,2018,9,NON TITO,,,JAWA TIMUR,0.875,ORANGE,405026100,AREA 3,JATIM,MADIUN,MADIUN,,,0,0,0,JAWA TIMUR,MAGETAN,MAGETAN,CANDIREJO,NGAWI
387757650,,ODP-MGT-FA/01,-7.6289,111.3056,,,3,13,0,0,16,REGIONAL 5,MADIUN,NGAWI,MGT,,,2024-03-16 23:24:13,42502,2016,5,NON TITO,,,JAWA TIMUR,0.8125,ORANGE,23396521,AREA 3,JATIM,MADIUN,MADIUN,,,0,0,0,JAWA TIMUR,MAGETAN,PANEKAN,TANJUNGSARI,NGAWI
387781628,,ODP-NWI-FE/32,-7.4117,111.4458,,,1,7,0,0,8,REGIONAL 5,MADIUN,NGAWI,NWI,,,2024-03-16 23:22:00,42502,2016,5,NON TITO,,,JAWA TIMUR,0.875,ORANGE,23419458,AREA 3,JATIM,MADIUN,MADIUN,,,0,0,0,JAWA TIMUR,NGAWI,NGAWI,MARGOMULYO,NGAWI
2646873723,,ODP-NWI-FJ/30,-7.456743,111.365841,,,1,7,0,0,8,REGIONAL 5,MADIUN,NGAWI,NWI,,,2024-03-16 23:22:21,43286,2018,7,NON TITO,,,JAWA TIMUR,0.875,ORANGE,361971425,AREA 3,JATIM,MADIUN,MADIUN,,,0,0,0,JAWA TIMUR,NGAWI,PARON,JAMBANGAN,NGAWI
2966743771,,ODP-MGT-FE/53,-7.631278,111.329467,,,1,7,0,0,8,REGIONAL 5,MADIUN,NGAWI,MGT,,,2024-03-16 23:24:36,43370,2018,9,NON TITO,,,JAWA TIMUR,0.875,ORANGE,404401047,AREA 3,JATIM,MADIUN,MADIUN,,,0,0,0,JAWA TIMUR,MAGETAN,PANEKAN,MILANGASRI,NGAWI
387839577,,ODP-NWI-FB/31,-7.4297,111.4397,,,1,7,0,0,8,REGIONAL 5,MADIUN,NGAWI,NWI,,,2023-08-30 18:06:29,42502,2016,5,NON TITO,,,JAWA TIMUR,0.875,ORANGE,23477771,AREA 3,JATIM,MADIUN,MADIUN,,,0,0,0,JAWA TIMUR,NGAWI,GENENG,KLITIK,NGAWI
387841783,,ODP-NWI-FA/04,-7.4844,111.43,,,2,14,0,0,16,REGIONAL 5,MADIUN,NGAWI,NWI,,,2023-08-30 17:58:31,42502,2016,5,NON TITO,,,JAWA TIMUR,0.875,ORANGE,23479512,AREA 3,JATIM,MADIUN,MADIUN,,,0,0,0,JAWA TIMUR,NGAWI,GENENG,GENENG,NGAWI
2888818806,,ODP-WKU-FAA/20,-7.478273,111.209583,,,3,13,0,0,16,REGIONAL 5,MADIUN,NGAWI,WKU,,,2024-03-16 23:28:53,43350,2018,9,NON TITO,,,JAWA TIMUR,0.8125,ORANGE,390034201,AREA 3,JATIM,MADIUN,MADIUN,,,0,0,0,JAWA TIMUR,NGAWI,NGRAMBE,CEPOKO,NGAWI
2682945154,,ODP-NWI-FH/26,-7.388983,111.411694,,,3,13,0,0,16,REGIONAL 5,MADIUN,NGAWI,NWI,,,2024-03-16 23:25:06,43297,2018,7,NON TITO,,,JAWA TIMUR,0.8125,ORANGE,362417792,AREA 3,JATIM,MADIUN,MADIUN,,,0,0,0,JAWA TIMUR,NGAWI,NGAWI,WATUALANG,NGAWI
2997793789,,ODP-MGT-FU/08,-7.645855,111.330498,,,1,7,0,0,8,REGIONAL 5,MADIUN,NGAWI,MGT,,,2023-08-30 18:03:43,43382,2018,10,NON TITO,,,JAWA TIMUR,0.875,ORANGE,405137920,AREA 3,JATIM,MADIUN,MADIUN,,,0,0,0,JAWA TIMUR,MAGETAN,MAGETAN,SUKOWINANGUN,NGAWI
2509322897,,ODP-WKU-FA/29,-7.38498,111.223426,,,2,14,0,0,16,REGIONAL 5,MADIUN,NGAWI,WKU,,,2023-08-30 18:07:41,43235,2018,5,NON TITO,,,JAWA TIMUR,0.875,ORANGE,354244560,AREA 3,JATIM,MADIUN,MADIUN,,,0,0,0,JAWA TIMUR,NGAWI,WIDODAREN,WIDODAREN,NGAWI
3191219222,,ODP-NWI-FE/134,-7.424525,111.447633,,,1,7,0,0,8,REGIONAL 5,MADIUN,NGAWI,NWI,,,2023-08-30 18:09:41,43451,2018,12,NON TITO,,,JAWA TIMUR,0.875,ORANGE,407265840,AREA 3,JATIM,MADIUN,MADIUN,,,0,0,0,JAWA TIMUR,NGAWI,NGAWI,BERAN,NGAWI
2990143600,,ODP-NWI-FM/02,-7.395244,111.369488,,,2,14,0,0,16,REGIONAL 5,MADIUN,NGAWI,NWI,,,2024-03-16 23:28:49,43378,2018,10,NON TITO,,,JAWA TIMUR,0.875,ORANGE,405061092,AREA 3,JATIM,MADIUN,MADIUN,,,0,0,0,JAWA TIMUR,NGAWI,KEDUNGGALAR,KAWU,NGAWI
5656920518,,ODP-GGR-FF/05,-7.656307,111.40736,,,1,7,0,0,8,REGIONAL 5,MADIUN,NGAWI,GGR,,,2023-08-30 18:02:12,44170,2020,12,NON TITO,,,JAWA TIMUR,0.875,ORANGE,857744755,AREA 3,JATIM,MADIUN,MADIUN,,,0,0,0,JAWA TIMUR,MAGETAN,BENDO,BELOTAN,NGAWI
1273469636,,ODP-WKU-FC/05,-7.400138,111.22574,,,1,15,0,0,16,REGIONAL 5,MADIUN,NGAWI,WKU,,,2023-08-30 18:07:26,42785,2017,2,NON TITO,,,JAWA TIMUR,0.9375,ORANGE,69901657,AREA 3,JATIM,MADIUN,MADIUN,,,0,0,0,JAWA TIMUR,NGAWI,WIDODAREN,WALIKUKUN,NGAWI
387778818,,ODP-NWI-FB/42,-7.434181,111.442511,,,1,7,0,0,8,REGIONAL 5,MADIUN,NGAWI,NWI,,,2024-03-16 23:29:15,42502,2016,5,NON TITO,,,JAWA TIMUR,0.875,ORANGE,23417233,AREA 3,JATIM,MADIUN,MADIUN,,,0,0,0,JAWA TIMUR,NGAWI,GENENG,KLITIK,NGAWI
387780827,,ODP-NWI-FD/60,-7.413216,111.426087,,,1,7,0,0,8,REGIONAL 5,MADIUN,NGAWI,NWI,,,2024-03-16 23:29:18,42502,2016,5,NON TITO,,,JAWA TIMUR,0.875,ORANGE,23418868,AREA 3,JATIM,MADIUN,MADIUN,,,0,0,0,JAWA TIMUR,NGAWI,NGAWI,JURUREJO,NGAWI
1367825626,,ODP-JGO-FA/28,-7.524301,111.243853,,,1,7,0,0,8,REGIONAL 5,MADIUN,NGAWI,JGO,,,2023-08-30 17:57:24,42845,2017,4,NON TITO,,,JAWA TIMUR,0.875,ORANGE,81909585,AREA 3,JATIM,MADIUN,MADIUN,,,0,0,0,JAWA TIMUR,NGAWI,JOGOROGO,JOGOROGO,NGAWI
387780097,,ODP-NWI-FE/26,-7.4117,111.445,,,2,14,0,0,16,REGIONAL 5,MADIUN,NGAWI,NWI,,,2024-03-16 23:28:50,42502,2016,5,NON TITO,,,JAWA TIMUR,0.875,ORANGE,23418289,AREA 3,JATIM,MADIUN,MADIUN,,,0,0,0,JAWA TIMUR,NGAWI,NGAWI,MARGOMULYO,NGAWI
387840894,,ODP-NWI-FE/52,-7.4108,111.4433,,,3,13,0,0,16,REGIONAL 5,MADIUN,NGAWI,NWI,,,2023-08-30 18:07:10,42502,2016,5,NON TITO,,,JAWA TIMUR,0.8125,ORANGE,23478849,AREA 3,JATIM,MADIUN,MADIUN,,,0,0,0,JAWA TIMUR,NGAWI,NGAWI,MARGOMULYO,NGAWI
2975444048,,ODP-MGT-FK/45,-7.66071,111.305937,,,1,7,0,0,8,REGIONAL 5,MADIUN,NGAWI,MGT,,,2024-03-16 23:22:16,43372,2018,9,NON TITO,,,JAWA TIMUR,0.875,ORANGE,405025891,AREA 3,JATIM,MADIUN,MADIUN,,,0,0,0,JAWA TIMUR,MAGETAN,MAGETAN,CANDIREJO,NGAWI
387779996,,ODP-NWI-FD/37,-7.406204,111.427205,,,1,7,0,0,8,REGIONAL 5,MADIUN,NGAWI,NWI,,,2024-03-16 23:29:07,42502,2016,5,NON TITO,,,JAWA TIMUR,0.875,ORANGE,23418206,AREA 3,JATIM,MADIUN,MADIUN,,,0,0,0,JAWA TIMUR,NGAWI,NGAWI,GRUDO,NGAWI
387781960,,ODP-NWI-FA/34,-7.4971,111.4289,,,1,7,0,0,8,REGIONAL 5,MADIUN,NGAWI,NWI,,,2024-03-16 23:21:59,42502,2016,5,NON TITO,,,JAWA TIMUR,0.875,ORANGE,23419706,AREA 3,JATIM,MADIUN,MADIUN,,,0,0,0,JAWA TIMUR,NGAWI,GENENG,TAMBAKROMO,NGAWI
2646874100,,ODP-NWI-FJ/41,-7.441236,111.387462,,,1,7,0,0,8,REGIONAL 5,MADIUN,NGAWI,NWI,,,2024-03-16 23:22:25,43286,2018,7,NON TITO,,,JAWA TIMUR,0.875,ORANGE,361971674,AREA 3,JATIM,MADIUN,MADIUN,,,0,0,0,JAWA TIMUR,NGAWI,PARON,GELUNG,NGAWI
387781900,,ODP-NWI-FA/27,-7.4922,111.4289,,,2,14,0,0,16,REGIONAL 5,MADIUN,NGAWI,NWI,,,2024-03-16 23:22:28,42502,2016,5,NON TITO,,,JAWA TIMUR,0.875,ORANGE,23419660,AREA 3,JATIM,MADIUN,MADIUN,,,0,0,0,JAWA TIMUR,NGAWI,GENENG,TAMBAKROMO,NGAWI
387777504,,ODP-NWI-FB/01,-7.46087,111.409539,,,1,7,0,0,8,REGIONAL 5,MADIUN,NGAWI,NWI,,,2024-03-16 23:28:37,42502,2016,5,NON TITO,,,JAWA TIMUR,0.875,ORANGE,23416141,AREA 3,JATIM,MADIUN,MADIUN,,,0,0,0,JAWA TIMUR,NGAWI,PARON,TEMPURAN,NGAWI
3812520037,,ODP-MGT-FA/88,-7.642378,111.306021,,,1,7,0,0,8,REGIONAL 5,MADIUN,NGAWI,MGT,,,2023-08-30 18:06:11,43712,2019,9,NON TITO,,,JAWA TIMUR,0.875,ORANGE,643103057,AREA 3,JATIM,MADIUN,MADIUN,,,0,0,0,JAWA TIMUR,MAGETAN,PANEKAN,TERUNG,NGAWI
2642295730,,ODP-NWI-FC/64,-7.433526,111.527962,,,1,7,0,0,8,REGIONAL 5,MADIUN,NGAWI,NWI,,,2024-03-16 23:23:47,43280,2018,6,NON TITO,,,JAWA TIMUR,0.875,ORANGE,361817758,AREA 3,JATIM,MADIUN,MADIUN,,,0,0,0,JAWA TIMUR,NGAWI,PADAS,PADAS,NGAWI
1092091414,,ODP-KRJ-FB/18,-7.492608,111.604512,,,3,13,0,0,16,REGIONAL 5,MADIUN,NGAWI,KRJ,,,2023-08-30 17:59:51,42719,2016,12,NON TITO,,,JAWA TIMUR,0.8125,ORANGE,38931648,AREA 3,JATIM,MADIUN,MADIUN,,,0,0,0,JAWA TIMUR,MADIUN,PILANGKENCENG,MUNENG,NGAWI
2646874047,,ODP-NWI-FJ/32,-7.444669,111.381606,,,1,7,0,0,8,REGIONAL 5,MADIUN,NGAWI,NWI,,,2024-03-16 23:22:28,43286,2018,7,NON TITO,,,JAWA TIMUR,0.875,ORANGE,361930704,AREA 3,JATIM,MADIUN,MADIUN,,,0,0,0,JAWA TIMUR,NGAWI,PARON,JAMBANGAN,NGAWI
2993296128,,ODP-MGT-FW/01,-7.605497,111.297118,,,2,14,0,0,16,REGIONAL 5,MADIUN,NGAWI,MGT,,,2024-03-16 23:22:44,43378,2018,10,NON TITO,,,JAWA TIMUR,0.875,ORANGE,405062966,AREA 3,JATIM,MADIUN,MADIUN,,,0,0,0,JAWA TIMUR,MAGETAN,PANEKAN,TURI,NGAWI
5694869649,,ODP-NWI-FE/150,-7.416754,111.442191,,,1,7,0,0,8,REGIONAL 5,MADIUN,NGAWI,NWI,,,2023-08-30 18:08:39,44162,2020,11,NON TITO,,,JAWA TIMUR,0.875,ORANGE,857222211,AREA 3,JATIM,MADIUN,MADIUN,,,0,0,0,JAWA TIMUR,NGAWI,NGAWI,BERAN,NGAWI
2991194670,,ODP-MGT-FY/08,-7.657598,111.332047,,,1,7,0,0,8,REGIONAL 5,MADIUN,NGAWI,MGT,,,2024-03-16 23:29:09,43378,2018,10,NON TITO,,,JAWA TIMUR,0.875,ORANGE,405068135,AREA 3,JATIM,MADIUN,MADIUN,,,0,0,0,JAWA TIMUR,MAGETAN,MAGETAN,MANGKUJAYAN,NGAWI
387780794,,ODP-NWI-FE/10,-7.4136,111.4409,,,1,7,0,0,8,REGIONAL 5,MADIUN,NGAWI,NWI,,,2024-03-16 23:29:05,42502,2016,5,NON TITO,,,JAWA TIMUR,0.875,ORANGE,23418844,AREA 3,JATIM,MADIUN,MADIUN,,,0,0,0,JAWA TIMUR,NGAWI,NGAWI,BERAN,NGAWI
387778606,,ODP-NWI-FB/43,-7.434769,111.442319,,,1,7,0,0,8,REGIONAL 5,MADIUN,NGAWI,NWI,,,2024-03-16 23:29:04,42502,2016,5,NON TITO,,,JAWA TIMUR,0.875,ORANGE,23417053,AREA 3,JATIM,MADIUN,MADIUN,,,0,0,0,JAWA TIMUR,NGAWI,GENENG,KLITIK,NGAWI
387779719,,ODP-NWI-FD/38,-7.406665,111.430277,,,1,7,0,0,8,REGIONAL 5,MADIUN,NGAWI,NWI,,,2024-03-16 23:29:16,42502,2016,5,NON TITO,,,JAWA TIMUR,0.875,ORANGE,23417978,AREA 3,JATIM,MADIUN,MADIUN,,,0,0,0,JAWA TIMUR,NGAWI,NGAWI,GRUDO,NGAWI
2067879360,,ODP-GGR-FA/52,-7.675787,111.406782,,,3,13,0,0,16,REGIONAL 5,MADIUN,NGAWI,GGR,,,2023-08-30 18:01:23,43088,2017,12,NON TITO,,,JAWA TIMUR,0.8125,ORANGE,256169950,AREA 3,JATIM,MADIUN,MADIUN,,,0,0,0,JAWA TIMUR,MAGETAN,KAWEDANAN,NGADIREJO,NGAWI
2699297993,,ODP-MGT-FAD/05,-7.63653,111.285093,,,1,15,0,0,16,REGIONAL 5,MADIUN,NGAWI,MGT,,,2024-03-16 23:28:30,43301,2018,7,NON TITO,,,JAWA TIMUR,0.9375,ORANGE,362369481,AREA 3,JATIM,MADIUN,MADIUN,,,0,0,0,JAWA TIMUR,MAGETAN,SIDOREJO,SIDOKERTO,NGAWI
1253974858,,ODP-NWI-FD/64,-7.419115,111.418463,,,2,14,0,0,16,REGIONAL 5,MADIUN,NGAWI,NWI,,,2023-08-30 18:10:56,42780,2017,2,NON TITO,,,JAWA TIMUR,0.875,ORANGE,62484363,AREA 3,JATIM,MADIUN,MADIUN,,,0,0,0,JAWA TIMUR,NGAWI,NGAWI,JURUREJO,NGAWI
2876218665,,ODP-WKU-FA/34,-7.389994,111.224054,,,1,15,0,0,16,REGIONAL 5,MADIUN,NGAWI,WKU,,,2024-03-16 23:23:24,43348,2018,9,NON TITO,,,JAWA TIMUR,0.9375,ORANGE,390015445,AREA 3,JATIM,MADIUN,MADIUN,,,0,0,0,JAWA TIMUR,NGAWI,WIDODAREN,WIDODAREN,NGAWI
2615295972,,ODP-NWI-FA/73,-7.483796,111.416511,,,1,7,0,0,8,REGIONAL 5,MADIUN,NGAWI,NWI,,,2024-03-16 23:27:13,43280,2018,6,NON TITO,,,JAWA TIMUR,0.875,ORANGE,361706019,AREA 3,JATIM,MADIUN,MADIUN,,,0,0,0,JAWA TIMUR,NGAWI,GENENG,GENENG,NGAWI
2991194169,,ODP-MGT-FY/04,-7.65976,111.333299,,,0,8,0,0,8,REGIONAL 5,MADIUN,NGAWI,MGT,,,2023-08-30 18:00:04,43378,2018,10,NON TITO,,,JAWA TIMUR,1.0,RED,405125698,AREA 3,JATIM,MADIUN,MADIUN,,,0,0,0,JAWA TIMUR,MAGETAN,MAGETAN,BULUKERTO,NGAWI
1199744291,,ODP-GGR-FA/34,-7.684236,111.409202,,,0,8,0,0,8,REGIONAL 5,MADIUN,NGAWI,GGR,,,2024-03-16 23:26:18,42767,2017,2,NON TITO,,,JAWA TIMUR,1.0,RED,41216258,AREA 3,JATIM,MADIUN,MADIUN,,,0,0,0,JAWA TIMUR,MAGETAN,KAWEDANAN,BOGEM,NGAWI
387850963,,ODP-MGT-FE/14,-7.6324,111.323,,,0,8,0,0,8,REGIONAL 5,MADIUN,NGAWI,MGT,,,2024-03-16 23:22:59,42502,2016,5,NON TITO,,,JAWA TIMUR,1.0,RED,23485066,AREA 3,JATIM,MADIUN,MADIUN,,,0,0,0,JAWA TIMUR,MAGETAN,MAGETAN,TAWANGANOM,NGAWI
5714368614,,ODP-WKU-FZA/59,-7.42375,111.30414,,,0,8,0,0,8,REGIONAL 5,MADIUN,NGAWI,WKU,,,2024-03-16 23:27:25,44163,2020,11,NON TITO,,,JAWA TIMUR,1.0,RED,857238115,AREA 3,JATIM,MADIUN,MADIUN,,,0,0,0,JAWA TIMUR,NGAWI,KEDUNGGALAR,KEDUNGGALAR,NGAWI
1199744557,,ODP-GGR-FA/29,-7.673314,111.401487,,,0,8,0,0,8,REGIONAL 5,MADIUN,NGAWI,GGR,,,2024-03-16 23:26:08,42767,2017,2,NON TITO,,,JAWA TIMUR,1.0,RED,41216422,AREA 3,JATIM,MADIUN,MADIUN,,,0,0,0,JAWA TIMUR,MAGETAN,KAWEDANAN,NGADIREJO,NGAWI
3287893588,,ODP-NWI-FC/103,-7.406597,111.454773,,,0,8,0,0,8,REGIONAL 5,MADIUN,NGAWI,NWI,,,2024-03-16 23:28:08,43489,2019,1,NON TITO,,,JAWA TIMUR,1.0,RED,481684365,AREA 3,JATIM,MADIUN,MADIUN,,,0,0,0,JAWA TIMUR,NGAWI,NGAWI,KARANGASRI,NGAWI
5740243936,,ODP-NWI-FF/72,-7.410003,111.442278,,,0,8,0,0,8,REGIONAL 5,MADIUN,NGAWI,NWI,,,2024-03-16 23:29:01,44173,2020,12,NON TITO,,,JAWA TIMUR,1.0,RED,857978625,AREA 3,JATIM,MADIUN,MADIUN,,,0,0,0,JAWA TIMUR,NGAWI,NGAWI,MARGOMULYO,NGAWI
3194369429,,ODP-NWI-FG/109,-7.393255,111.448952,,,0,8,0,0,8,REGIONAL 5,MADIUN,NGAWI,NWI,,,2023-08-30 18:02:16,43452,2018,12,NON TITO,,,JAWA TIMUR,1.0,RED,407342144,AREA 3,JATIM,MADIUN,MADIUN,,,0,0,0,JAWA TIMUR,NGAWI,NGAWI,KETANGGI,NGAWI
5762743730,,ODP-WKU-FAA/24,-7.474463,111.209564,,,0,8,0,0,8,REGIONAL 5,MADIUN,NGAWI,WKU,,,2024-03-16 23:28:50,44180,2020,12,NON TITO,,,JAWA TIMUR,1.0,RED,858137011,AREA 3,JATIM,MADIUN,MADIUN,,,0,0,0,JAWA TIMUR,NGAWI,NGRAMBE,CEPOKO,NGAWI
5762743725,,ODP-WKU-FAA/25,-7.485336,111.208927,,,0,8,0,0,8,REGIONAL 5,MADIUN,NGAWI,WKU,,,2024-03-16 23:29:15,44180,2020,12,NON TITO,,,JAWA TIMUR,1.0,RED,858137008,AREA 3,JATIM,MADIUN,MADIUN,,,0,0,0,JAWA TIMUR,NGAWI,NGRAMBE,PUCANGAN,NGAWI
5762518827,,ODP-WKU-FAA/27,-7.484483,111.206202,,,0,8,0,0,8,REGIONAL 5,MADIUN,NGAWI,WKU,,,2024-03-16 23:22:43,44179,2020,12,NON TITO,,,JAWA TIMUR,1.0,RED,858127888,AREA 3,JATIM,MADIUN,MADIUN,,,0,0,0,JAWA TIMUR,NGAWI,NGRAMBE,CEPOKO,NGAWI
387852193,,ODP-NWI-FQ/23,-7.403303,111.449546,,,0,8,0,0,8,REGIONAL 5,MADIUN,NGAWI,NWI,,,2024-03-16 23:23:29,42502,2016,5,NON TITO,,,JAWA TIMUR,1.0,RED,23485779,AREA 3,JATIM,MADIUN,MADIUN,,,0,0,0,JAWA TIMUR,NGAWI,NGAWI,KETANGGI,NGAWI
8385719326,,ODP-MGT-FH/68,-7.71317,111.366341,,,0,8,0,0,8,REGIONAL 5,MADIUN,NGAWI,MGT,,,2023-08-30 17:59:23,44589,2022,1,NON TITO,,,JAWA TIMUR,1.0,RED,1165144506,AREA 3,JATIM,MADIUN,MADIUN,,,0,0,0,JAWA TIMUR,MAGETAN,PARANG,SUNDUL,NGAWI
1108546317,,ODP-MGT-FZ/21,-7.683244,111.245315,,,0,8,0,0,8,REGIONAL 5,MADIUN,NGAWI,MGT,,,2024-03-16 23:28:08,42734,2016,12,NON TITO,,,JAWA TIMUR,1.0,RED,39278895,AREA 3,JATIM,MADIUN,MADIUN,,,0,0,0,JAWA TIMUR,MAGETAN,PLAOSAN,PLAOSAN,NGAWI
5740843833,,ODP-SAR-FB/16,-7.677455,111.250321,,,0,8,0,0,8,REGIONAL 5,MADIUN,NGAWI,SAR,,,2024-03-16 23:23:38,44175,2020,12,NON TITO,,,JAWA TIMUR,1.0,RED,858011622,AREA 3,JATIM,MADIUN,MADIUN,,,0,0,0,JAWA TIMUR,MAGETAN,PLAOSAN,PLAOSAN,NGAWI
3173971484,,ODP-KRJ-FA/24,-7.474878,111.561766,,,0,8,0,0,8,REGIONAL 5,MADIUN,NGAWI,KRJ,,,2024-03-16 23:22:44,43448,2018,12,NON TITO,,,JAWA TIMUR,1.0,RED,407144955,AREA 3,JATIM,MADIUN,MADIUN,,,0,0,0,JAWA TIMUR,NGAWI,KARANGJATI,CAMPURASRI,NGAWI
3308293892,,ODP-NWI-FD/69,-7.414513,111.42173,,,0,8,0,0,8,REGIONAL 5,MADIUN,NGAWI,NWI,,,2023-08-30 18:06:43,43500,2019,2,NON TITO,,,JAWA TIMUR,1.0,RED,531913177,AREA 3,JATIM,MADIUN,MADIUN,,,0,0,0,JAWA TIMUR,NGAWI,NGAWI,GRUDO,NGAWI
3173972145,,ODP-WKU-FA/35,-7.377315,111.224779,,,0,16,0,0,16,REGIONAL 5,MADIUN,NGAWI,WKU,,,2024-03-16 23:22:42,43448,2018,12,NON TITO,,,JAWA TIMUR,1.0,RED,407145467,AREA 3,JATIM,MADIUN,MADIUN,,,0,0,0,JAWA TIMUR,NGAWI,WIDODAREN,WIDODAREN,NGAWI
5743093592,,ODP-NWI-FE/146,-7.410462,111.442104,,,0,8,0,0,8,REGIONAL 5,MADIUN,NGAWI,NWI,,,2024-03-16 23:29:04,44173,2020,12,NON TITO,,,JAWA TIMUR,1.0,RED,857980336,AREA 3,JATIM,MADIUN,MADIUN,,,0,0,0,JAWA TIMUR,NGAWI,NGAWI,MARGOMULYO,NGAWI
5740244029,,ODP-NWI-FC/117,-7.406327,111.451495,,,0,8,0,0,8,REGIONAL 5,MADIUN,NGAWI,NWI,,,2024-03-16 23:29:00,44173,2020,12,NON TITO,,,JAWA TIMUR,1.0,RED,857978678,AREA 3,JATIM,MADIUN,MADIUN,,,0,0,0,JAWA TIMUR,NGAWI,NGAWI,KARANGASRI,NGAWI
3173971743,,ODP-JGO-FC/38,-7.512461,111.19654,,,0,8,0,0,8,REGIONAL 5,MADIUN,NGAWI,JGO,,,2024-03-16 23:23:07,43448,2018,12,NON TITO,,,JAWA TIMUR,1.0,RED,407145131,AREA 3,JATIM,MADIUN,MADIUN,,,0,0,0,JAWA TIMUR,NGAWI,NGRAMBE,NGRAMBE,NGAWI
3020668913,,ODP-MGT-FH/25,-7.683149,111.327044,,,0,8,0,0,8,REGIONAL 5,MADIUN,NGAWI,MGT,,,2024-03-16 23:29:20,43390,2018,10,NON TITO,,,JAWA TIMUR,1.0,RED,405357541,AREA 3,JATIM,MADIUN,MADIUN,,,0,0,0,JAWA TIMUR,MAGETAN,NGARIBOYO,BALEASRI,NGAWI
1948018976,,ODP-WKU-FAA/12,-7.443304,111.209031,,,0,8,0,0,8,REGIONAL 5,MADIUN,NGAWI,WKU,,,2024-03-16 23:24:19,43035,2017,10,NON TITO,,,JAWA TIMUR,1.0,RED,238630925,AREA 3,JATIM,MADIUN,MADIUN,,,0,0,0,JAWA TIMUR,NGAWI,WIDODAREN,KEDUNGGUDEL,NGAWI
3191219262,,ODP-WKU-FD/41,-7.36421,111.128241,,,0,8,0,0,8,REGIONAL 5,MADIUN,NGAWI,WKU,,,2024-03-16 23:28:09,43451,2018,12,NON TITO,,,JAWA TIMUR,1.0,RED,407265853,AREA 3,JATIM,MADIUN,MADIUN,,,0,0,0,JAWA TENGAH,SRAGEN,SAMBUNG MACAN,BANARAN,NGAWI
1906246859,,ODP-WKU-FD/38,-7.356833,111.15416,,,0,8,0,0,8,REGIONAL 5,MADIUN,NGAWI,WKU,,,2024-03-16 23:27:07,43024,2017,10,NON TITO,,,JAWA TIMUR,1.0,RED,238268312,AREA 3,JATIM,MADIUN,MADIUN,,,0,0,0,JAWA TIMUR,NGAWI,MANTINGAN,MANTINGAN,NGAWI
1906246532,,ODP-WKU-FD/39,-7.364088,111.15025,,,0,8,0,0,8,REGIONAL 5,MADIUN,NGAWI,WKU,,,2024-03-16 23:28:14,43024,2017,10,NON TITO,,,JAWA TIMUR,1.0,RED,238268078,AREA 3,JATIM,MADIUN,MADIUN,,,0,0,0,JAWA TIMUR,NGAWI,MANTINGAN,MANTINGAN,NGAWI
3173971906,,ODP-JGO-FC/40,-7.513015,111.204652,,,0,16,0,0,16,REGIONAL 5,MADIUN,NGAWI,JGO,,,2024-03-16 23:23:01,43448,2018,12,NON TITO,,,JAWA TIMUR,1.0,RED,407145267,AREA 3,JATIM,MADIUN,MADIUN,,,0,0,0,JAWA TIMUR,NGAWI,NGRAMBE,NGRAMBE,NGAWI
8415868688,,ODP-MGT-FE/57,-7.593283,111.319673,,,0,8,0,0,8,REGIONAL 5,MADIUN,NGAWI,MGT,,,2024-03-16 23:28:59,44599,2022,2,NON TITO,,,JAWA TIMUR,1.0,RED,1165327667,AREA 3,JATIM,MADIUN,MADIUN,,,0,0,0,JAWA TIMUR,MAGETAN,PANEKAN,BANJAREJO,NGAWI
387851760,,ODP-NWI-FE/79,-7.4253,111.4345,,,0,8,0,0,8,REGIONAL 5,MADIUN,NGAWI,NWI,,,2024-03-16 23:23:26,42502,2016,5,NON TITO,,,JAWA TIMUR,1.0,RED,23485525,AREA 3,JATIM,MADIUN,MADIUN,,,0,0,0,JAWA TIMUR,NGAWI,NGAWI,BERAN,NGAWI
3192418581,,ODP-KRJ-FA/26,-7.441968,111.577078,,,0,8,0,0,8,REGIONAL 5,MADIUN,NGAWI,KRJ,,,2024-03-16 23:24:53,43452,2018,12,NON TITO,,,JAWA TIMUR,1.0,RED,407266118,AREA 3,JATIM,MADIUN,MADIUN,,,0,0,0,JAWA TIMUR,NGAWI,KARANGJATI,SIDOKERTO,NGAWI
387847257,,ODP-MGT-FG/21,-7.638139,111.377444,,,0,8,0,0,8,REGIONAL 5,MADIUN,NGAWI,MGT,,,2024-03-16 23:21:33,42502,2016,5,NON TITO,,,JAWA TIMUR,1.0,RED,23482918,AREA 3,JATIM,MADIUN,MADIUN,,,0,0,0,JAWA TIMUR,MAGETAN,SUKOMORO,SUKOMORO,NGAWI
12025843835,,ODP-JGO-FC/76,-7.503113,111.194879,,,0,8,0,0,8,REGIONAL 5,MADIUN,NGAWI,JGO,,,2024-12-31 17:32:25,45656,2024,12,NON TITO,,,JAWA TIMUR,1.0,RED,1495560467,AREA 3,JATIM,MADIUN,MADIUN,,,0,0,0,JAWA TIMUR,NGAWI,NGRAMBE,SIDOMULYO,NGAWI
3211919713,,ODP-GGR-FD/18,-7.685146,111.426396,,,0,8,0,0,8,REGIONAL 5,MADIUN,NGAWI,GGR,,,2024-03-16 23:28:41,43461,2018,12,NON TITO,,,JAWA TIMUR,1.0,RED,408315955,AREA 3,JATIM,MADIUN,MADIUN,,,0,0,0,JAWA TIMUR,MAGETAN,KAWEDANAN,GENENGAN,NGAWI
1273469599,,ODP-MGT-FD/52,-7.638488,111.337369,,,0,8,0,0,8,REGIONAL 5,MADIUN,NGAWI,MGT,,,2024-03-16 23:27:57,42785,2017,2,NON TITO,,,JAWA TIMUR,1.0,RED,69901635,AREA 3,JATIM,MADIUN,MADIUN,,,0,0,0,JAWA TIMUR,MAGETAN,MAGETAN,SUKOWINANGUN,NGAWI
8507968823,,ODP-NWI-FS/04,-7.477728,111.50427,,,0,8,0,0,8,REGIONAL 5,MADIUN,NGAWI,NWI,,,2024-03-16 23:23:25,44630,2022,3,NON TITO,,,JAWA TIMUR,1.0,RED,1168710468,AREA 3,JATIM,MADIUN,MADIUN,,,0,0,0,JAWA TIMUR,NGAWI,PADAS,BENDO,NGAWI
1688369443,,ODP-WKU-FD/10,-7.366737,111.146659,,,0,8,0,0,8,REGIONAL 5,MADIUN,NGAWI,WKU,,,2024-03-16 23:27:59,42961,2017,8,NON TITO,,,JAWA TIMUR,1.0,RED,185828320,AREA 3,JATIM,MADIUN,MADIUN,,,0,0,0,JAWA TIMUR,NGAWI,MANTINGAN,MANTINGAN,NGAWI
1688369440,,ODP-WKU-FD/09,-7.372398,111.144457,,,0,8,0,0,8,REGIONAL 5,MADIUN,NGAWI,WKU,,,2024-03-16 23:27:13,42961,2017,8,NON TITO,,,JAWA TIMUR,1.0,RED,185828318,AREA 3,JATIM,MADIUN,MADIUN,,,0,0,0,JAWA TIMUR,NGAWI,MANTINGAN,MANTINGAN,NGAWI
12024270961,,ODP-WKU-FJ/09,-7.41212,111.312481,,,0,8,0,0,8,REGIONAL 5,MADIUN,NGAWI,WKU,,,2025-01-18 23:35:40,45674,2025,1,NON TITO,,,JAWA TIMUR,1.0,RED,1495749518,AREA 3,JATIM,MADIUN,MADIUN,,,0,0,0,JAWA TIMUR,NGAWI,KEDUNGGALAR,JENGGRIK,NGAWI
4990544808,,ODP-GGR-FC/52,-7.683295,111.469849,,,0,8,0,0,8,REGIONAL 5,MADIUN,NGAWI,GGR,,,2024-03-16 23:27:06,43971,2020,5,NON TITO,,,JAWA TIMUR,1.0,RED,829596924,AREA 3,JATIM,MADIUN,MADIUN,,,0,0,0,JAWA TIMUR,MAGETAN,TAKERAN,TAKERAN,NGAWI
1646218998,,ODP-NWI-FF/37,-7.40675,111.44533,,,0,16,0,0,16,REGIONAL 5,MADIUN,NGAWI,NWI,,,2024-03-16 23:28:06,42947,2017,7,NON TITO,,,JAWA TIMUR,1.0,RED,179669878,AREA 3,JATIM,MADIUN,MADIUN,,,0,0,0,JAWA TIMUR,NGAWI,NGAWI,MARGOMULYO,NGAWI
4990544782,,ODP-GGR-FB/16,-7.760285,111.399836,,,0,8,0,0,8,REGIONAL 5,MADIUN,NGAWI,GGR,,,2024-03-16 23:26:28,43971,2020,5,NON TITO,,,JAWA TIMUR,1.0,RED,829596899,AREA 3,JATIM,MADIUN,MADIUN,,,0,0,0,JAWA TIMUR,MAGETAN,LEMBEYAN,LEMBEYAN WETAN,NGAWI
12024194543,,ODP-JGO-FB/96,-7.574999,111.324693,,,0,8,0,0,8,REGIONAL 5,MADIUN,NGAWI,JGO,,,2025-01-18 23:35:04,45674,2025,1,NON TITO,,,JAWA TIMUR,1.0,RED,1495748217,AREA 3,JATIM,MADIUN,MADIUN,,,0,0,0,JAWA TIMUR,NGAWI,KENDAL,MAJASEM,NGAWI
4950943564,,ODP-JGO-FC/46,-7.51301,111.20379,,,0,8,0,0,8,REGIONAL 5,MADIUN,NGAWI,JGO,,,2024-03-16 23:24:24,43960,2020,5,NON TITO,,,JAWA TIMUR,1.0,RED,829547124,AREA 3,JATIM,MADIUN,MADIUN,,,0,0,0,JAWA TIMUR,NGAWI,NGRAMBE,NGRAMBE,NGAWI
1597618669,,ODP-WKU-FH/01,-7.36465,111.15359,,,0,16,0,0,16,REGIONAL 5,MADIUN,NGAWI,WKU,,,2024-03-16 23:26:46,42929,2017,7,NON TITO,,,JAWA TIMUR,1.0,RED,179506357,AREA 3,JATIM,MADIUN,MADIUN,,,0,0,0,JAWA TIMUR,NGAWI,MANTINGAN,MANTINGAN,NGAWI
387841600,,ODP-NWI-FE/33,-7.41108,111.44398,,,0,8,0,0,8,REGIONAL 5,MADIUN,NGAWI,NWI,,,2024-03-16 23:28:37,42502,2016,5,NON TITO,,,JAWA TIMUR,1.0,RED,23479378,AREA 3,JATIM,MADIUN,MADIUN,,,0,0,0,JAWA TIMUR,NGAWI,NGAWI,MARGOMULYO,NGAWI
1768843993,,ODP-WKU-FD/35,-7.364002,111.148098,,,0,8,0,0,8,REGIONAL 5,MADIUN,NGAWI,WKU,,,2023-08-30 18:04:05,42978,2017,8,NON TITO,,,JAWA TIMUR,1.0,RED,193293918,AREA 3,JATIM,MADIUN,MADIUN,,,0,0,0,JAWA TIMUR,NGAWI,MANTINGAN,MANTINGAN,NGAWI
2997793854,,ODP-MGT-FU/14,-7.647065,111.327271,,,0,8,0,0,8,REGIONAL 5,MADIUN,NGAWI,MGT,,,2024-03-16 23:25:31,43382,2018,10,NON TITO,,,JAWA TIMUR,1.0,RED,405137959,AREA 3,JATIM,MADIUN,MADIUN,,,0,0,0,JAWA TIMUR,MAGETAN,MAGETAN,KEPOLOREJO,NGAWI
4933093687,,ODP-GGR-FA/97,-7.676241,111.407496,,,0,8,0,0,8,REGIONAL 5,MADIUN,NGAWI,GGR,,,2024-03-16 23:24:46,43958,2020,5,NON TITO,,,JAWA TIMUR,1.0,RED,828617651,AREA 3,JATIM,MADIUN,MADIUN,,,0,0,0,JAWA TIMUR,MAGETAN,KAWEDANAN,NGADIREJO,NGAWI
1273469661,,ODP-WKU-FC/07,-7.402221,111.223549,,,0,16,0,0,16,REGIONAL 5,MADIUN,NGAWI,WKU,,,2024-03-16 23:28:00,42785,2017,2,NON TITO,,,JAWA TIMUR,1.0,RED,69901672,AREA 3,JATIM,MADIUN,MADIUN,,,0,0,0,JAWA TIMUR,NGAWI,WIDODAREN,WALIKUKUN,NGAWI
2991194746,,ODP-MGT-FY/01,-7.660147,111.337494,,,0,8,0,0,8,REGIONAL 5,MADIUN,NGAWI,MGT,,,2024-03-16 23:29:19,43378,2018,10,NON TITO,,,JAWA TIMUR,1.0,RED,405068183,AREA 3,JATIM,MADIUN,MADIUN,,,0,0,0,JAWA TIMUR,MAGETAN,MAGETAN,BULUKERTO,NGAWI
1367826586,,ODP-JGO-FA/33,-7.537842,111.251301,,,0,8,0,0,8,REGIONAL 5,MADIUN,NGAWI,JGO,,,2023-08-30 18:02:58,42845,2017,4,NON TITO,,,JAWA TIMUR,1.0,RED,81910070,AREA 3,JATIM,MADIUN,MADIUN,,,0,0,0,JAWA TIMUR,NGAWI,JOGOROGO,BRUBUH,NGAWI
8498895372,,ODP-MGT-FAF/08,-7.593392,111.357049,,,0,8,0,0,8,REGIONAL 5,MADIUN,NGAWI,MGT,,,2024-03-16 23:21:03,44633,2022,3,NON TITO,,,JAWA TIMUR,1.0,RED,1168728439,AREA 3,JATIM,MADIUN,MADIUN,,,0,0,0,JAWA TIMUR,MAGETAN,KARAS,BOTOK,NGAWI
387841689,,ODP-NWI-FA/05,-7.4885,111.4268,,,0,8,0,0,8,REGIONAL 5,MADIUN,NGAWI,NWI,,,2024-03-16 23:28:51,42502,2016,5,NON TITO,,,JAWA TIMUR,1.0,RED,23479442,AREA 3,JATIM,MADIUN,MADIUN,,,0,0,0,JAWA TIMUR,NGAWI,GENENG,TAMBAKROMO,NGAWI
1273469565,,ODP-MGT-FD/50,-7.636883,111.341473,,,0,8,0,0,8,REGIONAL 5,MADIUN,NGAWI,MGT,,,2024-03-16 23:28:07,42785,2017,2,NON TITO,,,JAWA TIMUR,1.0,RED,69901615,AREA 3,JATIM,MADIUN,MADIUN,,,0,0,0,JAWA TIMUR,MAGETAN,MAGETAN,SUKOWINANGUN,NGAWI
5047019185,,ODP-NWI-FJ/52,-7.435661,111.36315,,,0,8,0,0,8,REGIONAL 5,MADIUN,NGAWI,NWI,,,2024-03-16 23:22:46,43991,2020,6,NON TITO,,,JAWA TIMUR,1.0,RED,830692717,AREA 3,JATIM,MADIUN,MADIUN,,,0,0,0,JAWA TIMUR,NGAWI,PARON,JAMBANGAN,NGAWI
1688745697,,ODP-WKU-FD/14,-7.363153,111.146011,,,0,8,0,0,8,REGIONAL 5,MADIUN,NGAWI,WKU,,,2024-03-16 23:24:34,42962,2017,8,NON TITO,,,JAWA TIMUR,1.0,RED,185834220,AREA 3,JATIM,MADIUN,MADIUN,,,0,0,0,JAWA TIMUR,NGAWI,MANTINGAN,MANTINGAN,NGAWI
8433873913,,ODP-MGT-FH/77,-7.679449,111.32435,,,0,8,0,0,8,REGIONAL 5,MADIUN,NGAWI,MGT,,,2024-03-16 23:26:19,44607,2022,2,NON TITO,,,JAWA TIMUR,1.0,RED,1166326968,AREA 3,JATIM,MADIUN,MADIUN,,,0,0,0,JAWA TIMUR,MAGETAN,NGARIBOYO,BALEASRI,NGAWI
387847833,,ODP-MGT-FG/27,-7.628967,111.37325,,,0,8,0,0,8,REGIONAL 5,MADIUN,NGAWI,MGT,,,2024-03-16 23:22:21,42502,2016,5,NON TITO,,,JAWA TIMUR,1.0,RED,23483257,AREA 3,JATIM,MADIUN,MADIUN,,,0,0,0,JAWA TIMUR,MAGETAN,SUKOMORO,SUKOMORO,NGAWI
5549070246,,ODP-NWI-FA/89,-7.484832,111.429833,,,0,8,0,0,8,REGIONAL 5,MADIUN,NGAWI,NWI,,,2024-03-16 23:24:53,44124,2020,10,NON TITO,,,JAWA TIMUR,1.0,RED,855609410,AREA 3,JATIM,MADIUN,MADIUN,,,0,0,0,JAWA TIMUR,NGAWI,GENENG,GENENG,NGAWI
1768843722,,ODP-WKU-FD/29,-7.364167,111.133157,,,0,8,0,0,8,REGIONAL 5,MADIUN,NGAWI,WKU,,,2024-03-16 23:23:10,42978,2017,8,NON TITO,,,JAWA TIMUR,1.0,RED,192776763,AREA 3,JATIM,MADIUN,MADIUN,,,0,0,0,JAWA TENGAH,SRAGEN,SAMBUNG MACAN,BANARAN,NGAWI
1765019010,,ODP-WKU-FD/30,-7.363571,111.136377,,,0,8,0,0,8,REGIONAL 5,MADIUN,NGAWI,WKU,,,2024-03-16 23:23:53,42978,2017,8,NON TITO,,,JAWA TIMUR,1.0,RED,192776460,AREA 3,JATIM,MADIUN,MADIUN,,,0,0,0,JAWA TENGAH,SRAGEN,SAMBUNG MACAN,BANARAN,NGAWI
5299170633,,ODP-WKU-FC/16,-7.407935,111.188875,,,0,8,0,0,8,REGIONAL 5,MADIUN,NGAWI,WKU,,,2024-03-16 23:26:46,44051,2020,8,NON TITO,,,JAWA TIMUR,1.0,RED,834127871,AREA 3,JATIM,MADIUN,MADIUN,,,0,0,0,JAWA TIMUR,NGAWI,MANTINGAN,SAMBIREJO,NGAWI
5277869413,,ODP-WKU-FZA/51,-7.419477,111.309046,,,0,8,0,0,8,REGIONAL 5,MADIUN,NGAWI,WKU,,,2024-03-16 23:23:26,44042,2020,7,NON TITO,,,JAWA TIMUR,1.0,RED,833672677,AREA 3,JATIM,MADIUN,MADIUN,,,0,0,0,JAWA TIMUR,NGAWI,KEDUNGGALAR,KEDUNGGALAR,NGAWI
12020226239,,ODP-WKU-FD/62,-7.377896,111.118187,,,0,8,0,0,8,REGIONAL 5,MADIUN,NGAWI,WKU,,,2025-01-07 17:33:09,45663,2025,1,NON TITO,,,JAWA TIMUR,1.0,RED,1495683661,AREA 3,JATIM,MADIUN,MADIUN,,,0,0,0,JAWA TENGAH,SRAGEN,SAMBUNG MACAN,BANYUURIP,NGAWI
12014894533,,ODP-SAR-FA/61,-7.664367,111.190775,,,0,8,0,0,8,REGIONAL 5,MADIUN,NGAWI,SAR,,,2025-01-07 17:33:22,45663,2025,1,NON TITO,,,JAWA TIMUR,1.0,RED,1495686419,AREA 3,JATIM,MADIUN,MADIUN,,,0,0,0,JAWA TIMUR,MAGETAN,PLAOSAN,NGANCAR,NGAWI
1745894825,,ODP-KRJ-FA/18,-7.459252,111.6086,,,0,8,0,0,8,REGIONAL 5,MADIUN,NGAWI,KRJ,,,2024-03-16 23:24:27,42976,2017,8,NON TITO,,,JAWA TIMUR,1.0,RED,188217754,AREA 3,JATIM,MADIUN,MADIUN,,,0,0,0,JAWA TIMUR,NGAWI,KARANGJATI,LEGUNDI,NGAWI
1729768547,,ODP-MGT-FA/39,-7.645869,111.316961,,,0,8,0,0,8,REGIONAL 5,MADIUN,NGAWI,MGT,,,2024-03-16 23:28:37,42972,2017,8,NON TITO,,,JAWA TIMUR,1.0,RED,188197084,AREA 3,JATIM,MADIUN,MADIUN,,,0,0,0,JAWA TIMUR,MAGETAN,MAGETAN,TAWANGANOM,NGAWI
5225593980,,ODP-NWI-FJ/56,-7.445344,111.380446,,,0,8,0,0,8,REGIONAL 5,MADIUN,NGAWI,NWI,,,2024-03-16 23:29:07,44028,2020,7,NON TITO,,,JAWA TIMUR,1.0,RED,831399736,AREA 3,JATIM,MADIUN,MADIUN,,,0,0,0,JAWA TIMUR,NGAWI,PARON,JAMBANGAN,NGAWI
7339993531,,ODP-NWI-FA/104,-7.502553,111.409478,,,0,8,0,0,8,REGIONAL 5,MADIUN,NGAWI,NWI,,,2024-03-16 23:27:39,44413,2021,8,NON TITO,,,JAWA TIMUR,1.0,RED,958997371,AREA 3,JATIM,MADIUN,MADIUN,,,0,0,0,JAWA TIMUR,NGAWI,GERIH,GUYUNG,NGAWI
2248470796,,ODP-NWI-FF/48,-7.402624,111.443498,,,0,8,0,0,8,REGIONAL 5,MADIUN,NGAWI,NWI,,,2024-03-16 23:27:16,43152,2018,2,NON TITO,,,JAWA TIMUR,1.0,RED,323945130,AREA 3,JATIM,MADIUN,MADIUN,,,0,0,0,JAWA TIMUR,NGAWI,NGAWI,MARGOMULYO,NGAWI
1678244862,,ODP-WKU-FD/24,-7.363678,111.134923,,,0,8,0,0,8,REGIONAL 5,MADIUN,NGAWI,WKU,,,2024-03-16 23:27:16,42964,2017,8,NON TITO,,,JAWA TIMUR,1.0,RED,187361590,AREA 3,JATIM,MADIUN,MADIUN,,,0,0,0,JAWA TENGAH,SRAGEN,SAMBUNG MACAN,BANARAN,NGAWI
2993296452,,ODP-MGT-FW/18,-7.630817,111.306673,,,0,8,0,0,8,REGIONAL 5,MADIUN,NGAWI,MGT,,,2024-03-16 23:23:24,43378,2018,10,NON TITO,,,JAWA TIMUR,1.0,RED,405063249,AREA 3,JATIM,MADIUN,MADIUN,,,0,0,0,JAWA TIMUR,MAGETAN,PANEKAN,TERUNG,NGAWI
8494244494,,ODP-NWI-FC/131,-7.401444,111.460293,,,0,8,0,0,8,REGIONAL 5,MADIUN,NGAWI,NWI,,,2024-03-16 23:22:49,44628,2022,3,NON TITO,,,JAWA TIMUR,1.0,RED,1168376350,AREA 3,JATIM,MADIUN,MADIUN,,,0,0,0,JAWA TIMUR,NGAWI,NGAWI,KARANGASRI,NGAWI
387845981,,ODP-MGT-FC/12,-7.63371,111.3608,,,0,8,0,0,8,REGIONAL 5,MADIUN,NGAWI,MGT,,,2024-03-16 23:29:19,42502,2016,5,NON TITO,,,JAWA TIMUR,1.0,RED,23482193,AREA 3,JATIM,MADIUN,MADIUN,,,0,0,0,JAWA TIMUR,MAGETAN,MAGETAN,PURWOSARI,NGAWI
2993296459,,ODP-MGT-FW/09,-7.615164,111.291059,,,0,8,0,0,8,REGIONAL 5,MADIUN,NGAWI,MGT,,,2024-03-16 23:23:29,43378,2018,10,NON TITO,,,JAWA TIMUR,1.0,RED,405063258,AREA 3,JATIM,MADIUN,MADIUN,,,0,0,0,JAWA TIMUR,MAGETAN,PANEKAN,PANEKAN,NGAWI
2177369021,,ODP-MGT-FAA/129,-7.657173,111.324762,,,0,8,0,0,8,REGIONAL 5,MADIUN,NGAWI,MGT,,,2023-08-30 17:58:03,43126,2018,1,NON TITO,,,JAWA TIMUR,1.0,RED,294176094,AREA 3,JATIM,MADIUN,MADIUN,,,0,0,0,JAWA TIMUR,MAGETAN,MAGETAN,MAGETAN,NGAWI
2646873731,,ODP-NWI-FJ/42,-7.441,111.38787,,,0,8,0,0,8,REGIONAL 5,MADIUN,NGAWI,NWI,,,2024-03-16 23:22:27,43286,2018,7,NON TITO,,,JAWA TIMUR,1.0,RED,361971440,AREA 3,JATIM,MADIUN,MADIUN,,,0,0,0,JAWA TIMUR,NGAWI,PARON,GELUNG,NGAWI
387777778,,ODP-NWI-FC/25,-7.4065,111.467,,,0,8,0,0,8,REGIONAL 5,MADIUN,NGAWI,NWI,,,2024-03-16 23:28:55,42502,2016,5,NON TITO,,,JAWA TIMUR,1.0,RED,23416372,AREA 3,JATIM,MADIUN,MADIUN,,,0,0,0,JAWA TIMUR,NGAWI,NGAWI,KARANG TENGAH PRANDON,NGAWI
5762743735,,ODP-WKU-FAA/23,-7.464069,111.211275,,,0,8,0,0,8,REGIONAL 5,MADIUN,NGAWI,WKU,,,2024-03-16 23:29:08,44180,2020,12,NON TITO,,,JAWA TIMUR,1.0,RED,858137017,AREA 3,JATIM,MADIUN,MADIUN,,,0,0,0,JAWA TIMUR,NGAWI,NGRAMBE,CEPOKO,NGAWI
387852779,,ODP-MGT-FF/01,-7.6387,111.3502,,,0,16,0,0,16,REGIONAL 5,MADIUN,NGAWI,MGT,,,2024-03-16 23:23:34,42502,2016,5,NON TITO,,,JAWA TIMUR,1.0,RED,23486117,AREA 3,JATIM,MADIUN,MADIUN,,,0,0,0,JAWA TIMUR,MAGETAN,MAGETAN,PURWOSARI,NGAWI
4055819466,,ODP-JGO-FA/50,-7.514981,111.257861,,,0,8,0,0,8,REGIONAL 5,MADIUN,NGAWI,JGO,,,2023-08-30 17:58:07,43753,2019,10,NON TITO,,,JAWA TIMUR,1.0,RED,682816510,AREA 3,JATIM,MADIUN,MADIUN,,,0,0,0,JAWA TIMUR,NGAWI,JOGOROGO,DAWUNG,NGAWI
7849168718,,ODP-NWI-FJ/71,-7.484788,111.323357,,,0,8,0,0,8,REGIONAL 5,MADIUN,NGAWI,NWI,,,2024-03-16 23:25:28,44485,2021,10,NON TITO,,,JAWA TIMUR,1.0,RED,1074881177,AREA 3,JATIM,MADIUN,MADIUN,,,0,0,0,JAWA TIMUR,NGAWI,PARON,BABADAN,NGAWI
7883518600,,ODP-MGT-FW/54,-7.61886,111.282416,,,0,8,0,0,8,REGIONAL 5,MADIUN,NGAWI,MGT,,,2024-03-16 23:24:24,44487,2021,10,NON TITO,,,JAWA TIMUR,1.0,RED,1077420753,AREA 3,JATIM,MADIUN,MADIUN,,,0,0,0,JAWA TIMUR,MAGETAN,PANEKAN,REJOMULYO,NGAWI
3020297931,,ODP-MGT-FX/08,-7.656256,111.338726,,,0,8,0,0,8,REGIONAL 5,MADIUN,NGAWI,MGT,,,2024-03-16 23:21:04,43390,2018,10,NON TITO,,,JAWA TIMUR,1.0,RED,405691706,AREA 3,JATIM,MADIUN,MADIUN,,,0,0,0,JAWA TIMUR,MAGETAN,MAGETAN,MANGKUJAYAN,NGAWI
6872593804,,ODP-MGT-FM/42,-7.661638,111.278244,,,0,8,0,0,8,REGIONAL 5,MADIUN,NGAWI,MGT,,,2024-03-16 23:26:18,44369,2021,6,NON TITO,,,JAWA TIMUR,1.0,RED,907395260,AREA 3,JATIM,MADIUN,MADIUN,,,0,0,0,JAWA TIMUR,MAGETAN,SIDOREJO,SIDOREJO,NGAWI
6856168533,,ODP-NWI-FE/158,-7.415592,111.441145,,,0,8,0,0,8,REGIONAL 5,MADIUN,NGAWI,NWI,,,2024-03-16 23:21:25,44366,2021,6,NON TITO,,,JAWA TIMUR,1.0,RED,906946881,AREA 3,JATIM,MADIUN,MADIUN,,,0,0,0,JAWA TIMUR,NGAWI,NGAWI,BERAN,NGAWI
739468537,,ODP-NWI-FL/02,-7.391509,111.460726,,,0,8,0,0,8,REGIONAL 5,MADIUN,NGAWI,NWI,,,2024-03-16 23:28:54,42569,2016,7,NON TITO,,,JAWA TIMUR,1.0,RED,33763321,AREA 3,JATIM,MADIUN,MADIUN,,,0,0,0,JAWA TIMUR,NGAWI,NGAWI,NGAWI,NGAWI
1092091426,,ODP-KRJ-FB/10,-7.482816,111.599451,,,0,8,0,0,8,REGIONAL 5,MADIUN,NGAWI,KRJ,,,2024-03-16 23:24:22,42719,2016,12,NON TITO,,,JAWA TIMUR,1.0,RED,38931655,AREA 3,JATIM,MADIUN,MADIUN,,,0,0,0,JAWA TIMUR,NGAWI,KARANGJATI,PUHTI,NGAWI
726644064,,ODP-MGT-FAA/04,-7.652897,111.324222,,,0,8,0,0,8,REGIONAL 5,MADIUN,NGAWI,MGT,,,2024-03-16 23:24:14,42552,2016,7,NON TITO,,,JAWA TIMUR,1.0,RED,33735498,AREA 3,JATIM,MADIUN,MADIUN,,,0,0,0,JAWA TIMUR,MAGETAN,MAGETAN,KEPOLOREJO,NGAWI
6836518848,,ODP-NWI-FM/14,-7.395606,111.384406,,,0,8,0,0,8,REGIONAL 5,MADIUN,NGAWI,NWI,,,2024-03-16 23:29:15,44366,2021,6,NON TITO,,,JAWA TIMUR,1.0,RED,906795463,AREA 3,JATIM,MADIUN,MADIUN,,,0,0,0,JAWA TIMUR,NGAWI,PARON,NGALE,NGAWI
6811094017,,ODP-NWI-FA/94,-7.526447,111.410399,,,0,8,0,0,8,REGIONAL 5,MADIUN,NGAWI,NWI,,,2024-03-16 23:26:55,44364,2021,6,NON TITO,,,JAWA TIMUR,1.0,RED,904697554,AREA 3,JATIM,MADIUN,MADIUN,,,0,0,0,JAWA TIMUR,NGAWI,GERIH,GERIH,NGAWI
1092092157,,ODP-KRJ-FB/21,-7.491736,111.60246,,,0,16,0,0,16,REGIONAL 5,MADIUN,NGAWI,KRJ,,,2024-03-16 23:24:37,42719,2016,12,NON TITO,,,JAWA TIMUR,1.0,RED,38931809,AREA 3,JATIM,MADIUN,MADIUN,,,0,0,0,JAWA TIMUR,MADIUN,BALEREJO,SIMO,NGAWI
11878394562,,ODP-SAR-FA/51,-7.679719,111.213897,,,0,8,0,0,8,REGIONAL 5,MADIUN,NGAWI,SAR,,,2024-11-02 17:51:39,45597,2024,11,NON TITO,,,JAWA TIMUR,1.0,RED,1479156589,AREA 3,JATIM,MADIUN,MADIUN,,,0,0,0,JAWA TIMUR,MAGETAN,PLAOSAN,SARANGAN,NGAWI
2120444129,,ODP-SAR-FA/30,-7.674615,111.225006,,,0,8,0,0,8,REGIONAL 5,MADIUN,NGAWI,SAR,,,2024-03-16 23:24:47,43106,2018,1,NON TITO,,,JAWA TIMUR,1.0,RED,259365349,AREA 3,JATIM,MADIUN,MADIUN,,,0,0,0,JAWA TIMUR,MAGETAN,PLAOSAN,SARANGAN,NGAWI
8069743821,,ODP-MGT-FAG/11,-7.630611,111.384944,,,0,8,0,0,8,REGIONAL 5,MADIUN,NGAWI,MGT,,,2024-03-16 23:28:31,44510,2021,11,NON TITO,,,JAWA TIMUR,1.0,RED,1114859927,AREA 3,JATIM,MADIUN,MADIUN,,,0,0,0,JAWA TIMUR,MAGETAN,SUKOMORO,BULU,NGAWI
3158444468,,ODP-MGT-FS/15,-7.654893,111.3863,,,0,8,0,0,8,REGIONAL 5,MADIUN,NGAWI,MGT,,,2024-03-16 23:28:25,43439,2018,12,NON TITO,,,JAWA TIMUR,1.0,RED,406483757,AREA 3,JATIM,MADIUN,MADIUN,,,0,0,0,JAWA TIMUR,MAGETAN,SUKOMORO,TAMANAN,NGAWI
6766243775,,ODP-WKU-FC/31,-7.406861,111.226861,,,0,8,0,0,8,REGIONAL 5,MADIUN,NGAWI,WKU,,,2024-03-16 23:22:48,44362,2021,6,NON TITO,,,JAWA TIMUR,1.0,RED,894870090,AREA 3,JATIM,MADIUN,MADIUN,,,0,0,0,JAWA TIMUR,NGAWI,WIDODAREN,WALIKUKUN,NGAWI
8080768629,,ODP-JGO-FC/50,-7.500347,111.188631,,,0,8,0,0,8,REGIONAL 5,MADIUN,NGAWI,JGO,,,2024-03-16 23:25:39,44511,2021,11,NON TITO,,,JAWA TIMUR,1.0,RED,1114862813,AREA 3,JATIM,MADIUN,MADIUN,,,0,0,0,JAWA TIMUR,NGAWI,NGRAMBE,MANISHARJO,NGAWI
6723494231,,ODP-NWI-FE/155,-7.412778,111.449,,,0,8,0,0,8,REGIONAL 5,MADIUN,NGAWI,NWI,,,2024-03-16 23:27:56,44358,2021,6,NON TITO,,,JAWA TIMUR,1.0,RED,891277193,AREA 3,JATIM,MADIUN,MADIUN,,,0,0,0,JAWA TIMUR,NGAWI,NGAWI,MARGOMULYO,NGAWI
6583620083,,ODP-WKU-FG/17,-7.387962,111.261995,,,0,8,0,0,8,REGIONAL 5,MADIUN,NGAWI,WKU,,,2024-03-16 23:26:02,44344,2021,5,NON TITO,,,JAWA TIMUR,1.0,RED,886620006,AREA 3,JATIM,MADIUN,MADIUN,,,0,0,0,JAWA TIMUR,NGAWI,WIDODAREN,SIDOLAJU,NGAWI
11801669174,,ODP-WKU-FA/72,-7.378863,111.224514,,,0,8,0,0,8,REGIONAL 5,MADIUN,NGAWI,WKU,,,2024-10-05 17:32:34,45569,2024,10,NON TITO,,,JAWA TIMUR,1.0,RED,1465017195,AREA 3,JATIM,MADIUN,MADIUN,,,0,0,0,JAWA TIMUR,NGAWI,WIDODAREN,WIDODAREN,NGAWI
3155894666,,ODP-MGT-FQ/14,-7.644867,111.348079,,,0,8,0,0,8,REGIONAL 5,MADIUN,NGAWI,MGT,,,2024-03-16 23:23:22,43441,2018,12,NON TITO,,,JAWA TIMUR,1.0,RED,406498546,AREA 3,JATIM,MADIUN,MADIUN,,,0,0,0,JAWA TIMUR,MAGETAN,MAGETAN,PURWOSARI,NGAWI
6519945826,,ODP-MGT-FT/16,-7.615505,111.336863,,,0,8,0,0,8,REGIONAL 5,MADIUN,NGAWI,MGT,,,2024-03-16 23:24:41,44340,2021,5,NON TITO,,,JAWA TIMUR,1.0,RED,882425901,AREA 3,JATIM,MADIUN,MADIUN,,,0,0,0,JAWA TIMUR,MAGETAN,PANEKAN,WATES,NGAWI
6465943812,,ODP-WKU-FA/51,-7.390717,111.223884,,,0,8,0,0,8,REGIONAL 5,MADIUN,NGAWI,WKU,,,2024-03-16 23:24:53,44326,2021,5,NON TITO,,,JAWA TIMUR,1.0,RED,878472991,AREA 3,JATIM,MADIUN,MADIUN,,,0,0,0,JAWA TIMUR,NGAWI,WIDODAREN,WIDODAREN,NGAWI
701969969,,ODP-GGR-FA/19,-7.683921,111.427778,,,0,8,0,0,8,REGIONAL 5,MADIUN,NGAWI,GGR,,,2024-03-16 23:28:51,42543,2016,6,NON TITO,,,JAWA TIMUR,1.0,RED,33621696,AREA 3,JATIM,MADIUN,MADIUN,,,0,0,0,JAWA TIMUR,MAGETAN,KAWEDANAN,GENENGAN,NGAWI
6390943774,,ODP-KRJ-FB/33,-7.524101,111.586448,,,0,8,0,0,8,REGIONAL 5,MADIUN,NGAWI,KRJ,,,2024-03-16 23:23:36,44315,2021,4,NON TITO,,,JAWA TIMUR,1.0,RED,877094695,AREA 3,JATIM,MADIUN,MADIUN,,,0,0,0,JAWA TIMUR,MADIUN,BALEREJO,KEDUNGREJO,NGAWI
738194008,,ODP-NWI-FA/50,-7.502197,111.42908,,,0,8,0,0,8,REGIONAL 5,MADIUN,NGAWI,NWI,,,2024-03-16 23:29:15,42569,2016,7,NON TITO,,,JAWA TIMUR,1.0,RED,33766336,AREA 3,JATIM,MADIUN,MADIUN,,,0,0,0,JAWA TIMUR,NGAWI,GENENG,KENITEN,NGAWI
6297868707,,ODP-WKU-FAA/31,-7.433006,111.194339,,,0,8,0,0,8,REGIONAL 5,MADIUN,NGAWI,WKU,,,2024-03-16 23:23:25,44295,2021,4,NON TITO,,,JAWA TIMUR,1.0,RED,870588289,AREA 3,JATIM,MADIUN,MADIUN,,,0,0,0,JAWA TIMUR,NGAWI,WIDODAREN,BANYUBIRU,NGAWI
7861093791,,ODP-WKU-FAA/39,-7.46635,111.222854,,,0,8,0,0,8,REGIONAL 5,MADIUN,NGAWI,WKU,,,2024-03-16 23:25:29,44482,2021,10,NON TITO,,,JAWA TIMUR,1.0,RED,1068854764,AREA 3,JATIM,MADIUN,MADIUN,,,0,0,0,JAWA TIMUR,NGAWI,WIDODAREN,SEKAR ALAS,NGAWI
745844247,,ODP-WKU-FC/04,-7.402614,111.22365,,,0,10,0,0,10,REGIONAL 5,MADIUN,NGAWI,WKU,,,2024-03-16 23:25:14,42573,2016,7,NON TITO,,,JAWA TIMUR,1.0,RED,34047408,AREA 3,JATIM,MADIUN,MADIUN,,,0,0,0,JAWA TIMUR,NGAWI,WIDODAREN,WALIKUKUN,NGAWI
7347720095,,ODP-MGT-FW/50,-7.612425,111.304429,,,0,8,0,0,8,REGIONAL 5,MADIUN,NGAWI,MGT,,,2024-03-16 23:27:11,44417,2021,8,NON TITO,,,JAWA TIMUR,1.0,RED,964470441,AREA 3,JATIM,MADIUN,MADIUN,,,0,0,0,JAWA TIMUR,MAGETAN,PANEKAN,TURI,NGAWI
980069059,,ODP-SAR-FA/27,-7.684371,111.216766,,,0,16,0,0,16,REGIONAL 5,MADIUN,NGAWI,SAR,,,2024-03-16 23:27:14,42656,2016,10,NON TITO,,,JAWA TIMUR,1.0,RED,36656746,AREA 3,JATIM,MADIUN,MADIUN,,,0,0,0,JAWA TIMUR,MAGETAN,PLAOSAN,NGANCAR,NGAWI
7292518704,,ODP-MGT-FP/46,-7.671372,111.309444,,,0,8,0,0,8,REGIONAL 5,MADIUN,NGAWI,MGT,,,2024-03-16 23:22:25,44412,2021,8,NON TITO,,,JAWA TIMUR,1.0,RED,958846047,AREA 3,JATIM,MADIUN,MADIUN,,,0,0,0,JAWA TIMUR,MAGETAN,NGARIBOYO,BANGSRI,NGAWI
2132593713,,ODP-GGR-FD/06,-7.683565,111.467257,,,0,8,0,0,8,REGIONAL 5,MADIUN,NGAWI,GGR,,,2024-03-16 23:23:54,43113,2018,1,NON TITO,,,JAWA TIMUR,1.0,RED,285915998,AREA 3,JATIM,MADIUN,MADIUN,,,0,0,0,JAWA TIMUR,MAGETAN,TAKERAN,TAKERAN,NGAWI
7292518684,,ODP-MGT-FP/40,-7.672067,111.301429,,,0,8,0,0,8,REGIONAL 5,MADIUN,NGAWI,MGT,,,2024-03-16 23:22:40,44412,2021,8,NON TITO,,,JAWA TIMUR,1.0,RED,958846032,AREA 3,JATIM,MADIUN,MADIUN,,,0,0,0,JAWA TIMUR,MAGETAN,NGARIBOYO,BANGSRI,NGAWI
3021494301,,ODP-MGT-FP/22,-7.676749,111.291712,,,0,8,0,0,8,REGIONAL 5,MADIUN,NGAWI,MGT,,,2024-03-16 23:23:25,43384,2018,10,NON TITO,,,JAWA TIMUR,1.0,RED,405465148,AREA 3,JATIM,MADIUN,MADIUN,,,0,0,0,JAWA TIMUR,MAGETAN,PLAOSAN,SUMBERAGUNG,NGAWI
949994182,,ODP-MGT-FAA/90,-7.647693,111.324747,,,0,16,0,0,16,REGIONAL 5,MADIUN,NGAWI,MGT,,,2024-03-16 23:24:20,42640,2016,9,NON TITO,,,JAWA TIMUR,1.0,RED,36061411,AREA 3,JATIM,MADIUN,MADIUN,,,0,0,0,JAWA TIMUR,MAGETAN,MAGETAN,KEPOLOREJO,NGAWI
936718759,,ODP-NWI-FJ/18,-7.431353,111.377471,,,0,8,0,0,8,REGIONAL 5,MADIUN,NGAWI,NWI,,,2024-03-16 23:29:17,42634,2016,9,NON TITO,,,JAWA TIMUR,1.0,RED,35768608,AREA 3,JATIM,MADIUN,MADIUN,,,0,0,0,JAWA TIMUR,NGAWI,PARON,GELUNG,NGAWI
2132593743,,ODP-GGR-FD/11,-7.685641,111.446004,,,0,8,0,0,8,REGIONAL 5,MADIUN,NGAWI,GGR,,,2024-03-16 23:21:04,43113,2018,1,NON TITO,,,JAWA TIMUR,1.0,RED,285916022,AREA 3,JATIM,MADIUN,MADIUN,,,0,0,0,JAWA TIMUR,MAGETAN,NGUNTORONADI,SIMBATAN,NGAWI
925618640,,ODP-MGT-FZ/19,-7.683057,111.25312,,,0,8,0,0,8,REGIONAL 5,MADIUN,NGAWI,MGT,,,2024-03-16 23:22:18,42632,2016,9,NON TITO,,,JAWA TIMUR,1.0,RED,35757552,AREA 3,JATIM,MADIUN,MADIUN,,,0,0,0,JAWA TIMUR,MAGETAN,PLAOSAN,PLAOSAN,NGAWI
7434644019,,ODP-MGT-FN/25,-7.771276,111.350387,,,0,9,0,0,9,REGIONAL 5,MADIUN,NGAWI,MGT,,,2024-03-16 23:28:59,44433,2021,8,NON TITO,,,JAWA TIMUR,1.0,RED,1026120317,AREA 3,JATIM,MADIUN,MADIUN,,,0,0,0,JAWA TIMUR,MAGETAN,PARANG,MATEGAL,NGAWI
5741370861,,ODP-WKU-FJ/51,-7.414729,111.314409,,,0,8,0,0,8,REGIONAL 5,MADIUN,NGAWI,WKU,,,2025-06-04 17:50:48,44177,2020,12,NON TITO,,,JAWA TIMUR,1.0,RED,857820232,AREA 3,JATIM,MADIUN,MADIUN,,,0,0,0,JAWA TIMUR,NGAWI,KEDUNGGALAR,JENGGRIK,NGAWI
7475745579,,ODP-JGO-FA/72,-7.516011,111.260663,,,0,8,0,0,8,REGIONAL 5,MADIUN,NGAWI,JGO,,,2024-03-16 23:28:51,44435,2021,8,NON TITO,,,JAWA TIMUR,1.0,RED,1028145391,AREA 3,JATIM,MADIUN,MADIUN,,,0,0,0,JAWA TIMUR,NGAWI,JOGOROGO,JOGOROGO,NGAWI
7195618674,,ODP-MGT-FA/95,-7.644544,111.312899,,,0,8,0,0,8,REGIONAL 5,MADIUN,NGAWI,MGT,,,2024-03-16 23:23:21,44398,2021,7,NON TITO,,,JAWA TIMUR,1.0,RED,951297297,AREA 3,JATIM,MADIUN,MADIUN,,,0,0,0,JAWA TIMUR,MAGETAN,MAGETAN,SELOSARI,NGAWI
7593418730,,ODP-NWI-FH/35,-7.390507,111.412643,,,0,8,0,0,8,REGIONAL 5,MADIUN,NGAWI,NWI,,,2024-03-16 23:23:05,44448,2021,9,NON TITO,,,JAWA TIMUR,1.0,RED,1035293671,AREA 3,JATIM,MADIUN,MADIUN,,,0,0,0,JAWA TIMUR,NGAWI,NGAWI,WATUALANG,NGAWI
2975444296,,ODP-MGT-FK/46,-7.660444,111.306884,,,0,8,0,0,8,REGIONAL 5,MADIUN,NGAWI,MGT,,,2024-03-16 23:22:26,43372,2018,9,NON TITO,,,JAWA TIMUR,1.0,RED,405026092,AREA 3,JATIM,MADIUN,MADIUN,,,0,0,0,JAWA TIMUR,MAGETAN,MAGETAN,CANDIREJO,NGAWI
7625518582,,ODP-WKU-FD/44,-7.362878,111.124657,,,0,8,0,0,8,REGIONAL 5,MADIUN,NGAWI,WKU,,,2024-03-16 23:24:39,44452,2021,9,NON TITO,,,JAWA TIMUR,1.0,RED,1049745474,AREA 3,JATIM,MADIUN,MADIUN,,,0,0,0,JAWA TENGAH,SRAGEN,SAMBUNG MACAN,BANARAN,NGAWI
7654243635,,ODP-NWI-FK/13,-7.350196,111.506335,,,0,8,0,0,8,REGIONAL 5,MADIUN,NGAWI,NWI,,,2024-03-16 23:25:16,44453,2021,9,NON TITO,,,JAWA TIMUR,1.0,RED,1049896440,AREA 3,JATIM,MADIUN,MADIUN,,,0,0,0,JAWA TIMUR,BOJONEGORO,MARGOMULYO,MARGOMULYO,NGAWI
3020668898,,ODP-MGT-FH/30,-7.678437,111.339294,,,0,8,0,0,8,REGIONAL 5,MADIUN,NGAWI,MGT,,,2024-03-16 23:29:16,43390,2018,10,NON TITO,,,JAWA TIMUR,1.0,RED,405623626,AREA 3,JATIM,MADIUN,MADIUN,,,0,0,0,JAWA TIMUR,MAGETAN,NGARIBOYO,NGARIBOYO,NGAWI
7109818535,,ODP-GGR-FA/112,-7.683537,111.413773,,,0,8,0,0,8,REGIONAL 5,MADIUN,NGAWI,GGR,,,2024-03-16 23:24:01,44386,2021,7,NON TITO,,,JAWA TIMUR,1.0,RED,947046193,AREA 3,JATIM,MADIUN,MADIUN,,,0,0,0,JAWA TIMUR,MAGETAN,KAWEDANAN,SAMPUNG,NGAWI
5117368636,,ODP-GGR-FA/103,-7.728177,111.416135,,,0,8,0,0,8,REGIONAL 5,MADIUN,NGAWI,GGR,,,2023-08-30 18:02:58,44005,2020,6,NON TITO,,,JAWA TIMUR,1.0,RED,830876212,AREA 3,JATIM,MADIUN,MADIUN,,,0,0,0,JAWA TIMUR,MAGETAN,KAWEDANAN,TLADAN,NGAWI
1026869993,,ODP-MGT-FA/36,-7.64698,111.31818,,,0,16,0,0,16,REGIONAL 5,MADIUN,NGAWI,MGT,,,2024-03-16 23:27:49,42676,2016,11,NON TITO,,,JAWA TIMUR,1.0,RED,37409896,AREA 3,JATIM,MADIUN,MADIUN,,,0,0,0,JAWA TIMUR,MAGETAN,MAGETAN,TAWANGANOM,NGAWI
1040368820,,ODP-MGT-FA/46,-7.645388,111.318057,,,0,8,0,0,8,REGIONAL 5,MADIUN,NGAWI,MGT,,,2024-03-16 23:29:06,42678,2016,11,NON TITO,,,JAWA TIMUR,1.0,RED,37422716,AREA 3,JATIM,MADIUN,MADIUN,,,0,0,0,JAWA TIMUR,MAGETAN,MAGETAN,TAWANGANOM,NGAWI
6992518615,,ODP-NWI-FE/160,-7.42311,111.43794,,,0,8,0,0,8,REGIONAL 5,MADIUN,NGAWI,NWI,,,2024-03-16 23:25:38,44379,2021,7,NON TITO,,,JAWA TIMUR,1.0,RED,916771133,AREA 3,JATIM,MADIUN,MADIUN,,,0,0,0,JAWA TIMUR,NGAWI,NGAWI,BERAN,NGAWI
6982018657,,ODP-NWI-FC/127,-7.41544,111.453247,,,0,8,0,0,8,REGIONAL 5,MADIUN,NGAWI,NWI,,,2024-03-16 23:28:10,44378,2021,7,NON TITO,,,JAWA TIMUR,1.0,RED,913844783,AREA 3,JATIM,MADIUN,MADIUN,,,0,0,0,JAWA TIMUR,NGAWI,NGAWI,KARANGASRI,NGAWI
7795393537,,ODP-WKU-FAA/37,-7.465582,111.221464,,,0,8,0,0,8,REGIONAL 5,MADIUN,NGAWI,WKU,,,2024-03-16 23:24:51,44471,2021,10,NON TITO,,,JAWA TIMUR,1.0,RED,1067070204,AREA 3,JATIM,MADIUN,MADIUN,,,0,0,0,JAWA TIMUR,NGAWI,WIDODAREN,SEKAR ALAS,NGAWI
1104422786,,ODP-MGT-F05/02,-7.66535,111.36571,,,0,8,0,0,8,REGIONAL 5,MADIUN,NGAWI,MGT,,,2024-03-16 23:28:54,42733,2016,12,NON TITO,,,JAWA TIMUR,1.0,RED,39265254,AREA 3,JATIM,MADIUN,MADIUN,,,0,0,0,JAWA TIMUR,MAGETAN,NGARIBOYO,BANJAREJO,NGAWI
1092091713,,ODP-KRJ-FB/11,-7.485977,111.598489,,,0,16,0,0,16,REGIONAL 5,MADIUN,NGAWI,KRJ,,,2024-03-16 23:24:25,42719,2016,12,NON TITO,,,JAWA TIMUR,1.0,RED,39039555,AREA 3,JATIM,MADIUN,MADIUN,,,0,0,0,JAWA TIMUR,NGAWI,KARANGJATI,PUHTI,NGAWI
6085480142,,ODP-NWI-FK/12,-7.358627,111.505979,,,0,8,0,0,8,REGIONAL 5,MADIUN,NGAWI,NWI,,,2024-03-16 23:28:31,44270,2021,3,NON TITO,,,JAWA TIMUR,1.0,RED,866371996,AREA 3,JATIM,MADIUN,MADIUN,,,0,0,0,JAWA TIMUR,BOJONEGORO,MARGOMULYO,SUMBEREJO,NGAWI
387853234,,ODP-NWI-FC/31,-7.4293,111.5218,,,0,8,0,0,8,REGIONAL 5,MADIUN,NGAWI,NWI,,,2024-03-16 23:23:44,42502,2016,5,NON TITO,,,JAWA TIMUR,1.0,RED,23486374,AREA 3,JATIM,MADIUN,MADIUN,,,0,0,0,JAWA TIMUR,NGAWI,PADAS,PACING,NGAWI
5883872915,,ODP-JGO-FB/58,-7.591052,111.264623,,,0,8,0,0,8,REGIONAL 5,MADIUN,NGAWI,JGO,,,2024-03-16 23:26:51,44217,2021,1,NON TITO,,,JAWA TIMUR,1.0,RED,860142064,AREA 3,JATIM,MADIUN,MADIUN,,,0,0,0,JAWA TIMUR,NGAWI,KENDAL,KARANGGUPITO,NGAWI
7042319066,,ODP-MGT-FZ/44,-7.694273,111.248084,,,0,8,0,0,8,REGIONAL 5,MADIUN,NGAWI,MGT,,,2023-08-30 17:58:26,44382,2021,7,NON TITO,,,JAWA TIMUR,1.0,RED,946994904,AREA 3,JATIM,MADIUN,MADIUN,,,0,0,0,JAWA TIMUR,MAGETAN,PLAOSAN,BULUGUNUNG,NGAWI
4486320892,,ODP-NWI-FJ/51,-7.452716,111.369965,,,0,8,0,0,8,REGIONAL 5,MADIUN,NGAWI,NWI,,,2023-08-30 18:00:10,43854,2020,1,NON TITO,,,JAWA TIMUR,1.0,RED,795646162,AREA 3,JATIM,MADIUN,MADIUN,,,0,0,0,JAWA TIMUR,NGAWI,PARON,JAMBANGAN,NGAWI
387853125,,ODP-WKU-FA/06,-7.3793,111.2244,,,0,8,0,0,8,REGIONAL 5,MADIUN,NGAWI,WKU,,,2024-03-16 23:23:27,42502,2016,5,NON TITO,,,JAWA TIMUR,1.0,RED,23486313,AREA 3,JATIM,MADIUN,MADIUN,,,0,0,0,JAWA TIMUR,NGAWI,WIDODAREN,WIDODAREN,NGAWI
2186293695,,ODP-MGT-FS/01,-7.648638,111.371724,,,0,8,0,0,8,REGIONAL 5,MADIUN,NGAWI,MGT,,,2024-03-16 23:22:40,43128,2018,1,NON TITO,,,JAWA TIMUR,1.0,RED,294180938,AREA 3,JATIM,MADIUN,MADIUN,,,0,0,0,JAWA TIMUR,MAGETAN,SUKOMORO,TAMBAKMAS,NGAWI
2990143693,,ODP-MGT-FT/04,-7.623549,111.336526,,,0,8,0,0,8,REGIONAL 5,MADIUN,NGAWI,MGT,,,2024-03-16 23:28:54,43378,2018,10,NON TITO,,,JAWA TIMUR,1.0,RED,405061226,AREA 3,JATIM,MADIUN,MADIUN,,,0,0,0,JAWA TIMUR,MAGETAN,PANEKAN,MILANGASRI,NGAWI
8368543680,,ODP-MGT-FG/31,-7.639284,111.356157,,,0,8,0,0,8,REGIONAL 5,MADIUN,NGAWI,MGT,,,2024-03-16 23:28:24,44582,2022,1,NON TITO,,,JAWA TIMUR,1.0,RED,1165101111,AREA 3,JATIM,MADIUN,MADIUN,,,0,0,0,JAWA TIMUR,MAGETAN,SUKOMORO,BANDAR,NGAWI
2990143698,,ODP-MGT-FT/02,-7.628123,111.336467,,,0,8,0,0,8,REGIONAL 5,MADIUN,NGAWI,MGT,,,2024-03-16 23:28:49,43378,2018,10,NON TITO,,,JAWA TIMUR,1.0,RED,405061230,AREA 3,JATIM,MADIUN,MADIUN,,,0,0,0,JAWA TIMUR,MAGETAN,PANEKAN,MILANGASRI,NGAWI
11614094110,,ODP-NWI-FJ/90,-7.425778,111.408945,,,0,8,0,0,8,REGIONAL 5,MADIUN,NGAWI,NWI,,,2024-07-04 17:32:04,45476,2024,7,NON TITO,,,JAWA TIMUR,1.0,RED,1444540068,AREA 3,JATIM,MADIUN,MADIUN,,,0,0,0,JAWA TIMUR,NGAWI,NGAWI,BERAN,NGAWI
5860244022,,ODP-MGT-FY/40,-7.655436,111.329216,,,0,8,0,0,8,REGIONAL 5,MADIUN,NGAWI,MGT,,,2024-03-16 23:21:01,44201,2021,1,NON TITO,,,JAWA TIMUR,1.0,RED,859254253,AREA 3,JATIM,MADIUN,MADIUN,,,0,0,0,JAWA TIMUR,MAGETAN,MAGETAN,MAGETAN,NGAWI
5858368637,,ODP-KRJ-FD/29,-7.446591,111.56301,,,0,8,0,0,8,REGIONAL 5,MADIUN,NGAWI,KRJ,,,2024-03-16 23:28:54,44201,2021,1,NON TITO,,,JAWA TIMUR,1.0,RED,859245754,AREA 3,JATIM,MADIUN,MADIUN,,,0,0,0,JAWA TIMUR,NGAWI,PADAS,SAMBIROTO,NGAWI
2077019219,,ODP-GGR-FC/18,-7.685768,111.444506,,,0,8,0,0,8,REGIONAL 5,MADIUN,NGAWI,GGR,,,2024-03-16 23:24:45,43090,2017,12,NON TITO,,,JAWA TIMUR,1.0,RED,256544107,AREA 3,JATIM,MADIUN,MADIUN,,,0,0,0,JAWA TIMUR,MAGETAN,NGUNTORONADI,SIMBATAN,NGAWI
8385868632,,ODP-JGO-FB/76,-7.574609,111.332317,,,0,8,0,0,8,REGIONAL 5,MADIUN,NGAWI,JGO,,,2024-03-16 23:28:30,44587,2022,1,NON TITO,,,JAWA TIMUR,1.0,RED,1165134857,AREA 3,JATIM,MADIUN,MADIUN,,,0,0,0,JAWA TIMUR,NGAWI,KENDAL,MAJASEM,NGAWI
11998618884,,ODP-WKU-FH/49,-7.355167,111.154452,,,0,8,0,0,8,REGIONAL 5,MADIUN,NGAWI,WKU,,,2024-12-03 17:34:05,45628,2024,12,NON TITO,,,JAWA TIMUR,1.0,RED,1495356529,AREA 3,JATIM,MADIUN,MADIUN,,,0,0,0,JAWA TIMUR,NGAWI,MANTINGAN,MANTINGAN,NGAWI
387852813,,ODP-NWI-FQ/21,-7.403552,111.44946,,,0,8,0,0,8,REGIONAL 5,MADIUN,NGAWI,NWI,,,2024-03-16 23:23:34,42502,2016,5,NON TITO,,,JAWA TIMUR,1.0,RED,23486135,AREA 3,JATIM,MADIUN,MADIUN,,,0,0,0,JAWA TIMUR,NGAWI,NGAWI,KETANGGI,NGAWI
5788544801,,ODP-JGO-FA/56,-7.509037,111.279299,,,0,8,0,0,8,REGIONAL 5,MADIUN,NGAWI,JGO,,,2024-03-16 23:27:08,44187,2020,12,NON TITO,,,JAWA TIMUR,1.0,RED,858513601,AREA 3,JATIM,MADIUN,MADIUN,,,0,0,0,JAWA TIMUR,NGAWI,JOGOROGO,TANJUNGSARI,NGAWI
2059393984,,ODP-MGT-FM/03,-7.652316,111.291442,,,0,8,0,0,8,REGIONAL 5,MADIUN,NGAWI,MGT,,,2024-03-16 23:23:26,43084,2017,12,NON TITO,,,JAWA TIMUR,1.0,RED,256447175,AREA 3,JATIM,MADIUN,MADIUN,,,0,0,0,JAWA TIMUR,MAGETAN,SIDOREJO,KALANG,NGAWI
4855693556,,ODP-KRJ-FB/30,-7.484344,111.59875,,,0,8,0,0,8,REGIONAL 5,MADIUN,NGAWI,KRJ,,,2024-03-16 23:29:01,43942,2020,4,NON TITO,,,JAWA TIMUR,1.0,RED,828249754,AREA 3,JATIM,MADIUN,MADIUN,,,0,0,0,JAWA TIMUR,NGAWI,KARANGJATI,PUHTI,NGAWI
2177369026,,ODP-MGT-FAA/127,-7.65911,111.320517,,,0,8,0,0,8,REGIONAL 5,MADIUN,NGAWI,MGT,,,2024-03-16 23:26:23,43126,2018,1,NON TITO,,,JAWA TIMUR,1.0,RED,296037614,AREA 3,JATIM,MADIUN,MADIUN,,,0,0,0,JAWA TIMUR,MAGETAN,MAGETAN,RINGINAGUNG,NGAWI
387852699,,ODP-WKU-FAA/02,-7.4636,111.2151,,,0,16,0,0,16,REGIONAL 5,MADIUN,NGAWI,WKU,,,2024-03-16 23:23:48,42502,2016,5,NON TITO,,,JAWA TIMUR,1.0,RED,23486074,AREA 3,JATIM,MADIUN,MADIUN,,,0,0,0,JAWA TIMUR,NGAWI,NGRAMBE,CEPOKO,NGAWI
8385719311,,ODP-MGT-FH/69,-7.713627,111.362551,,,0,8,0,0,8,REGIONAL 5,MADIUN,NGAWI,MGT,,,2024-03-16 23:23:10,44589,2022,1,NON TITO,,,JAWA TIMUR,1.0,RED,1165144497,AREA 3,JATIM,MADIUN,MADIUN,,,0,0,0,JAWA TIMUR,MAGETAN,PARANG,KRAJAN,NGAWI
2063743839,,ODP-GGR-FA/41,-7.680923,111.414951,,,0,8,0,0,8,REGIONAL 5,MADIUN,NGAWI,GGR,,,2024-03-16 23:22:18,43087,2017,12,NON TITO,,,JAWA TIMUR,1.0,RED,256167393,AREA 3,JATIM,MADIUN,MADIUN,,,0,0,0,JAWA TIMUR,MAGETAN,KAWEDANAN,SAMPUNG,NGAWI
2059396122,,ODP-MGT-FG/11,-7.639689,111.356236,,,0,16,0,0,16,REGIONAL 5,MADIUN,NGAWI,MGT,,,2024-03-16 23:23:50,43084,2017,12,NON TITO,,,JAWA TIMUR,1.0,RED,256152247,AREA 3,JATIM,MADIUN,MADIUN,,,0,0,0,JAWA TIMUR,MAGETAN,SUKOMORO,BANDAR,NGAWI
387852452,,ODP-NWI-FE/91,-7.416,111.4372,,,0,8,0,0,8,REGIONAL 5,MADIUN,NGAWI,NWI,,,2024-03-16 23:23:23,42502,2016,5,NON TITO,,,JAWA TIMUR,1.0,RED,23485929,AREA 3,JATIM,MADIUN,MADIUN,,,0,0,0,JAWA TIMUR,NGAWI,NGAWI,JURUREJO,NGAWI
5949343907,,ODP-JGO-FB/60,-7.568746,111.270335,,,0,8,0,0,8,REGIONAL 5,MADIUN,NGAWI,JGO,,,2024-03-16 23:28:31,44226,2021,1,NON TITO,,,JAWA TIMUR,1.0,RED,861066730,AREA 3,JATIM,MADIUN,MADIUN,,,0,0,0,JAWA TIMUR,NGAWI,KENDAL,SIDOREJO,NGAWI
8086243759,,ODP-WKU-FH/31,-7.366369,111.146706,,,0,8,0,0,8,REGIONAL 5,MADIUN,NGAWI,WKU,,,2024-03-16 23:26:30,44512,2021,11,NON TITO,,,JAWA TIMUR,1.0,RED,1114872870,AREA 3,JATIM,MADIUN,MADIUN,,,0,0,0,JAWA TIMUR,NGAWI,MANTINGAN,MANTINGAN,NGAWI
2186293602,,ODP-MGT-FS/03,-7.654161,111.370838,,,0,8,0,0,8,REGIONAL 5,MADIUN,NGAWI,MGT,,,2024-03-16 23:21:03,43128,2018,1,NON TITO,,,JAWA TIMUR,1.0,RED,294180879,AREA 3,JATIM,MADIUN,MADIUN,,,0,0,0,JAWA TIMUR,MAGETAN,SUKOMORO,TAMBAKMAS,NGAWI
1092100514,,ODP-KRJ-FD/12,-7.440777,111.544779,,,0,8,0,0,8,REGIONAL 5,MADIUN,NGAWI,KRJ,,,2024-03-16 23:26:40,42720,2016,12,NON TITO,,,JAWA TIMUR,1.0,RED,39114348,AREA 3,JATIM,MADIUN,MADIUN,,,0,0,0,JAWA TIMUR,NGAWI,PADAS,KEDUNG PRAHU,NGAWI
3022469960,,ODP-NWI-FE/130,-7.419886,111.437487,,,0,8,0,0,8,REGIONAL 5,MADIUN,NGAWI,NWI,,,2024-03-16 23:28:52,43384,2018,10,NON TITO,,,JAWA TIMUR,1.0,RED,405464259,AREA 3,JATIM,MADIUN,MADIUN,,,0,0,0,JAWA TIMUR,NGAWI,NGAWI,BERAN,NGAWI
1092091935,,ODP-KRJ-FB/19,-7.495884,111.600714,,,0,8,0,0,8,REGIONAL 5,MADIUN,NGAWI,KRJ,,,2024-03-16 23:23:31,42719,2016,12,NON TITO,,,JAWA TIMUR,1.0,RED,39039686,AREA 3,JATIM,MADIUN,MADIUN,,,0,0,0,JAWA TIMUR,MADIUN,BALEREJO,SIMO,NGAWI
3158444621,,ODP-MGT-FS/16,-7.654246,111.382286,,,0,8,0,0,8,REGIONAL 5,MADIUN,NGAWI,MGT,,,2024-03-16 23:21:59,43439,2018,12,NON TITO,,,JAWA TIMUR,1.0,RED,406962751,AREA 3,JATIM,MADIUN,MADIUN,,,0,0,0,JAWA TIMUR,MAGETAN,SUKOMORO,TAMANAN,NGAWI
8137168663,,ODP-WKU-FA/58,-7.374432,111.247507,,,0,8,0,0,8,REGIONAL 5,MADIUN,NGAWI,WKU,,,2024-03-16 23:27:23,44519,2021,11,NON TITO,,,JAWA TIMUR,1.0,RED,1114918744,AREA 3,JATIM,MADIUN,MADIUN,,,0,0,0,JAWA TIMUR,NGAWI,WIDODAREN,KARANGBANYU,NGAWI
654044287,,ODP-NWI-FJ/14,-7.434449,111.359151,,,0,8,0,0,8,REGIONAL 5,MADIUN,NGAWI,NWI,,,2024-03-16 23:25:04,42529,2016,6,NON TITO,,,JAWA TIMUR,1.0,RED,33417442,AREA 3,JATIM,MADIUN,MADIUN,,,0,0,0,JAWA TIMUR,NGAWI,PARON,JAMBANGAN,NGAWI
6120868575,,ODP-JGO-FA/66,-7.517775,111.257784,,,0,8,0,0,8,REGIONAL 5,MADIUN,NGAWI,JGO,,,2024-03-16 23:24:52,44261,2021,3,NON TITO,,,JAWA TIMUR,1.0,RED,865171955,AREA 3,JATIM,MADIUN,MADIUN,,,0,0,0,JAWA TIMUR,NGAWI,JOGOROGO,JOGOROGO,NGAWI
5741370866,,ODP-WKU-FJ/52,-7.415945,111.312394,,,0,8,0,0,8,REGIONAL 5,MADIUN,NGAWI,WKU,,,2025-06-03 17:42:41,44177,2020,12,NON TITO,,,JAWA TIMUR,1.0,RED,858035193,AREA 3,JATIM,MADIUN,MADIUN,,,0,0,0,JAWA TIMUR,NGAWI,KEDUNGGALAR,KEDUNGGALAR,NGAWI
1092101955,,ODP-KRJ-FD/16,-7.442511,111.548753,,,0,8,0,0,8,REGIONAL 5,MADIUN,NGAWI,KRJ,,,2024-03-16 23:27:00,42720,2016,12,NON TITO,,,JAWA TIMUR,1.0,RED,39046700,AREA 3,JATIM,MADIUN,MADIUN,,,0,0,0,JAWA TIMUR,NGAWI,PADAS,KEDUNG PRAHU,NGAWI
2159294252,,ODP-MGT-FP/09,-7.663537,111.316253,,,0,16,0,0,16,REGIONAL 5,MADIUN,NGAWI,MGT,,,2024-03-16 23:27:01,43123,2018,1,NON TITO,,,JAWA TIMUR,1.0,RED,289514039,AREA 3,JATIM,MADIUN,MADIUN,,,0,0,0,JAWA TIMUR,MAGETAN,MAGETAN,RINGINAGUNG,NGAWI
8186743804,,ODP-JGO-FB/66,-7.574782,111.326187,,,0,8,0,0,8,REGIONAL 5,MADIUN,NGAWI,JGO,,,2024-03-16 23:24:53,44524,2021,11,NON TITO,,,JAWA TIMUR,1.0,RED,1135545950,AREA 3,JATIM,MADIUN,MADIUN,,,0,0,0,JAWA TIMUR,NGAWI,KENDAL,MAJASEM,NGAWI
8186743814,,ODP-JGO-FB/67,-7.575137,111.323668,,,0,8,0,0,8,REGIONAL 5,MADIUN,NGAWI,JGO,,,2024-03-16 23:25:46,44524,2021,11,NON TITO,,,JAWA TIMUR,1.0,RED,1135545956,AREA 3,JATIM,MADIUN,MADIUN,,,0,0,0,JAWA TIMUR,NGAWI,KENDAL,MAJASEM,NGAWI
3174419028,,ODP-JGO-FA/48,-7.523241,111.249956,,,0,16,0,0,16,REGIONAL 5,MADIUN,NGAWI,JGO,,,2024-03-16 23:28:12,43448,2018,12,NON TITO,,,JAWA TIMUR,1.0,RED,407070040,AREA 3,JATIM,MADIUN,MADIUN,,,0,0,0,JAWA TIMUR,NGAWI,JOGOROGO,JOGOROGO,NGAWI
6099944037,,ODP-NWI-FA/92,-7.483133,111.407889,,,0,8,0,0,8,REGIONAL 5,MADIUN,NGAWI,NWI,,,2024-03-16 23:25:12,44259,2021,3,NON TITO,,,JAWA TIMUR,1.0,RED,865037021,AREA 3,JATIM,MADIUN,MADIUN,,,0,0,0,JAWA TIMUR,NGAWI,GENENG,GENENG,NGAWI
2155320120,,ODP-NWI-FE/116,-7.421519,111.447581,,,0,8,0,0,8,REGIONAL 5,MADIUN,NGAWI,NWI,,,2024-03-16 23:24:16,43124,2018,1,NON TITO,,,JAWA TIMUR,1.0,RED,291837603,AREA 3,JATIM,MADIUN,MADIUN,,,0,0,0,JAWA TIMUR,NGAWI,NGAWI,KARTOHARJO,NGAWI
2098994237,,ODP-NWI-FP/08,-7.403451,111.448171,,,0,8,0,0,8,REGIONAL 5,MADIUN,NGAWI,NWI,,,2024-03-16 23:24:28,43097,2017,12,NON TITO,,,JAWA TIMUR,1.0,RED,258388923,AREA 3,JATIM,MADIUN,MADIUN,,,0,0,0,JAWA TIMUR,NGAWI,NGAWI,KETANGGI,NGAWI
6075868851,,ODP-NWI-FD/88,-7.411619,111.425548,,,0,8,0,0,8,REGIONAL 5,MADIUN,NGAWI,NWI,,,2024-03-16 23:23:54,44256,2021,3,NON TITO,,,JAWA TIMUR,1.0,RED,863940183,AREA 3,JATIM,MADIUN,MADIUN,,,0,0,0,JAWA TIMUR,NGAWI,NGAWI,GRUDO,NGAWI
2155320222,,ODP-NWI-FE/114,-7.425077,111.442645,,,0,8,0,0,8,REGIONAL 5,MADIUN,NGAWI,NWI,,,2024-03-16 23:24:19,43124,2018,1,NON TITO,,,JAWA TIMUR,1.0,RED,291837635,AREA 3,JATIM,MADIUN,MADIUN,,,0,0,0,JAWA TIMUR,NGAWI,NGAWI,BERAN,NGAWI
1092114106,,ODP-KRJ-FC/16,-7.454385,111.606819,,,0,8,0,0,8,REGIONAL 5,MADIUN,NGAWI,KRJ,,,2024-03-16 23:21:20,42721,2016,12,NON TITO,,,JAWA TIMUR,1.0,RED,39056600,AREA 3,JATIM,MADIUN,MADIUN,,,0,0,0,JAWA TIMUR,NGAWI,KARANGJATI,KARANGJATI,NGAWI
6002369003,,ODP-NWI-FG/121,-7.396799,111.444277,,,0,8,0,0,8,REGIONAL 5,MADIUN,NGAWI,NWI,,,2024-03-16 23:29:19,44240,2021,2,NON TITO,,,JAWA TIMUR,1.0,RED,861568016,AREA 3,JATIM,MADIUN,MADIUN,,,0,0,0,JAWA TIMUR,NGAWI,NGAWI,KETANGGI,NGAWI
6002368993,,ODP-NWI-FG/118,-7.392359,111.441747,,,0,8,0,0,8,REGIONAL 5,MADIUN,NGAWI,NWI,,,2024-03-16 23:29:20,44240,2021,2,NON TITO,,,JAWA TIMUR,1.0,RED,861568008,AREA 3,JATIM,MADIUN,MADIUN,,,0,0,0,JAWA TIMUR,NGAWI,NGAWI,KARANGTENGAH,NGAWI
8230168817,,ODP-NWI-FB/107,-7.475187,111.43606,,,0,8,0,0,8,REGIONAL 5,MADIUN,NGAWI,NWI,,,2024-03-16 23:25:38,44533,2021,12,NON TITO,,,JAWA TIMUR,1.0,RED,1161426592,AREA 3,JATIM,MADIUN,MADIUN,,,0,0,0,JAWA TIMUR,NGAWI,GENENG,SIDOREJO,NGAWI
5995694367,,ODP-NWI-FQ/07,-7.396295,111.448109,,,0,8,0,0,8,REGIONAL 5,MADIUN,NGAWI,NWI,,,2024-03-16 23:21:03,44237,2021,2,NON TITO,,,JAWA TIMUR,1.0,RED,861522851,AREA 3,JATIM,MADIUN,MADIUN,,,0,0,0,JAWA TIMUR,NGAWI,NGAWI,KETANGGI,NGAWI
387791189,,ODP-WKU-FJ/24,-7.4175,111.3099,,,0,16,0,0,16,REGIONAL 5,MADIUN,NGAWI,WKU,,,2025-06-03 17:40:07,42502,2016,5,NON TITO,,,JAWA TIMUR,1.0,RED,23425564,AREA 3,JATIM,MADIUN,MADIUN,,,0,0,0,JAWA TIMUR,NGAWI,KEDUNGGALAR,KEDUNGGALAR,NGAWI
11757043626,,ODP-WKU-FD/50,-7.370562,111.128228,,,0,8,0,0,8,REGIONAL 5,MADIUN,NGAWI,WKU,,,2024-09-21 23:34:42,45554,2024,9,NON TITO,,,JAWA TIMUR,1.0,RED,1463215273,AREA 3,JATIM,MADIUN,MADIUN,,,0,0,0,JAWA TENGAH,SRAGEN,SAMBUNG MACAN,BANARAN,NGAWI
2739795272,,ODP-JGO-FD/16,-7.488458,111.171931,,,0,8,0,0,8,REGIONAL 5,MADIUN,NGAWI,JGO,,,2024-03-16 23:25:09,43309,2018,7,NON TITO,,,JAWA TIMUR,1.0,RED,380268390,AREA 3,JATIM,MADIUN,MADIUN,,,0,0,0,JAWA TIMUR,NGAWI,SINE,TULAKAN,NGAWI
1092100521,,ODP-KRJ-FD/01,-7.436999,111.55531,,,0,8,0,0,8,REGIONAL 5,MADIUN,NGAWI,KRJ,,,2024-03-16 23:26:45,42720,2016,12,NON TITO,,,JAWA TIMUR,1.0,RED,39114352,AREA 3,JATIM,MADIUN,MADIUN,,,0,0,0,JAWA TIMUR,NGAWI,PADAS,SAMBIROTO,NGAWI
387840565,,ODP-NWI-FE/28,-7.4122,111.4469,,,0,8,0,0,8,REGIONAL 5,MADIUN,NGAWI,NWI,,,2024-03-16 23:28:22,42502,2016,5,NON TITO,,,JAWA TIMUR,1.0,RED,23478588,AREA 3,JATIM,MADIUN,MADIUN,,,0,0,0,JAWA TIMUR,NGAWI,NGAWI,MARGOMULYO,NGAWI
1000093859,,ODP-MGT-FJ/10,-7.660326,111.332214,,,0,8,0,0,8,REGIONAL 5,MADIUN,NGAWI,MGT,,,2024-03-16 23:23:20,42663,2016,10,NON TITO,,,JAWA TIMUR,1.0,RED,36801995,AREA 3,JATIM,MADIUN,MADIUN,,,0,0,0,JAWA TIMUR,MAGETAN,MAGETAN,BULUKERTO,NGAWI
1379843235,,ODP-JGO-FC/25,-7.507567,111.205743,,,0,8,0,0,8,REGIONAL 5,MADIUN,NGAWI,JGO,,,2024-03-16 23:28:53,42857,2017,5,NON TITO,,,JAWA TIMUR,1.0,RED,123690440,AREA 3,JATIM,MADIUN,MADIUN,,,0,0,0,JAWA TIMUR,NGAWI,NGRAMBE,NGRAMBE,NGAWI
2509322792,,ODP-WKU-FA/33,-7.375324,111.225314,,,0,8,0,0,8,REGIONAL 5,MADIUN,NGAWI,WKU,,,2024-03-16 23:28:24,43235,2018,5,NON TITO,,,JAWA TIMUR,1.0,RED,354213065,AREA 3,JATIM,MADIUN,MADIUN,,,0,0,0,JAWA TIMUR,NGAWI,WIDODAREN,WIDODAREN,NGAWI
4055819151,,ODP-NWI-FN/06,-7.542993,111.367215,,,0,8,0,0,8,REGIONAL 5,MADIUN,NGAWI,NWI,,,2024-03-16 23:26:32,43750,2019,10,NON TITO,,,JAWA TIMUR,1.0,RED,681091702,AREA 3,JATIM,MADIUN,MADIUN,,,0,0,0,JAWA TIMUR,NGAWI,GERIH,WIDODAREN,NGAWI
4055294181,,ODP-WKU-FA/49,-7.377348,111.246921,,,0,8,0,0,8,REGIONAL 5,MADIUN,NGAWI,WKU,,,2024-03-16 23:26:23,43749,2019,10,NON TITO,,,JAWA TIMUR,1.0,RED,680718176,AREA 3,JATIM,MADIUN,MADIUN,,,0,0,0,JAWA TIMUR,NGAWI,WIDODAREN,KARANGBANYU,NGAWI
10498544954,,ODP-MGT-FW/60,-7.607402,111.287418,,,0,8,0,0,8,REGIONAL 5,MADIUN,NGAWI,MGT,,,2024-03-16 23:28:50,45149,2023,8,NON TITO,,,JAWA TIMUR,1.0,RED,1310311670,AREA 3,JATIM,MADIUN,MADIUN,,,0,0,0,JAWA TIMUR,MAGETAN,PANEKAN,REJOMULYO,NGAWI
2615296067,,ODP-NWI-FA/71,-7.482976,111.411885,,,0,8,0,0,8,REGIONAL 5,MADIUN,NGAWI,NWI,,,2024-03-16 23:27:14,43280,2018,6,NON TITO,,,JAWA TIMUR,1.0,RED,361815747,AREA 3,JATIM,MADIUN,MADIUN,,,0,0,0,JAWA TIMUR,NGAWI,GENENG,GENENG,NGAWI
9049921391,,ODP-WKU-FG/21,-7.384071,111.267132,,,0,8,0,0,8,REGIONAL 5,MADIUN,NGAWI,WKU,,,2024-03-16 23:28:35,44773,2022,7,NON TITO,,,JAWA TIMUR,1.0,RED,1203874463,AREA 3,JATIM,MADIUN,MADIUN,,,0,0,0,JAWA TIMUR,NGAWI,WIDODAREN,SIDOLAJU,NGAWI
387781231,,ODP-NWI-FE/30,-7.4128,111.4444,,,0,16,0,0,16,REGIONAL 5,MADIUN,NGAWI,NWI,,,2024-03-16 23:22:00,42502,2016,5,NON TITO,,,JAWA TIMUR,1.0,RED,23419168,AREA 3,JATIM,MADIUN,MADIUN,,,0,0,0,JAWA TIMUR,NGAWI,NGAWI,MARGOMULYO,NGAWI
3544394689,,ODP-NWI-FP/04,-7.403881,111.446641,,,0,8,0,0,8,REGIONAL 5,MADIUN,NGAWI,NWI,,,2024-03-16 23:22:44,43577,2019,4,NON TITO,,,JAWA TIMUR,1.0,RED,627341982,AREA 3,JATIM,MADIUN,MADIUN,,,0,0,0,JAWA TIMUR,NGAWI,NGAWI,KETANGGI,NGAWI
10525618768,,ODP-JGO-FE/20,-7.501316,111.294101,,,0,8,0,0,8,REGIONAL 5,MADIUN,NGAWI,JGO,,,2024-03-16 23:26:24,45154,2023,8,NON TITO,,,JAWA TIMUR,1.0,RED,1310319768,AREA 3,JATIM,MADIUN,MADIUN,,,0,0,0,JAWA TIMUR,NGAWI,JOGOROGO,SOCO,NGAWI
1345774504,,ODP-MGT-FU/53,-7.646992,111.326259,,,0,8,0,0,8,REGIONAL 5,MADIUN,NGAWI,MGT,,,2024-03-16 23:26:45,42830,2017,4,NON TITO,,,JAWA TIMUR,1.0,RED,81697978,AREA 3,JATIM,MADIUN,MADIUN,,,0,0,0,JAWA TIMUR,MAGETAN,MAGETAN,KEPOLOREJO,NGAWI
3993946868,,ODP-GGR-FA/76,-7.669151,111.445303,,,0,8,0,0,8,REGIONAL 5,MADIUN,NGAWI,GGR,,,2024-03-16 23:23:48,43734,2019,9,NON TITO,,,JAWA TIMUR,1.0,RED,667668780,AREA 3,JATIM,MADIUN,MADIUN,,,0,0,0,JAWA TIMUR,MAGETAN,BENDO,PINGKUK,NGAWI
387792634,,ODP-NWI-FE/102,-7.4114,111.437,,,0,8,0,0,8,REGIONAL 5,MADIUN,NGAWI,NWI,,,2024-03-16 23:24:27,42502,2016,5,NON TITO,,,JAWA TIMUR,1.0,RED,23426401,AREA 3,JATIM,MADIUN,MADIUN,,,0,0,0,JAWA TIMUR,NGAWI,NGAWI,MARGOMULYO,NGAWI
4538518759,,ODP-NWI-FM/20,-7.397513,111.357179,,,0,8,0,0,8,REGIONAL 5,MADIUN,NGAWI,NWI,,,2025-12-19 23:22:32,43865,2020,2,NON TITO,,,JAWA TIMUR,1.0,RED,804420362,AREA 3,JATIM,MADIUN,MADIUN,,,0,0,0,JAWA TIMUR,NGAWI,KEDUNGGALAR,KAWU,NGAWI
12123118871,,ODP-NWI-FM/55,-7.403298,111.369879,,,0,8,0,0,8,REGIONAL 5,MADIUN,NGAWI,NWI,,,2025-04-26 17:56:14,45772,2025,4,NON TITO,,,JAWA TIMUR,1.0,RED,1497381760,AREA 3,JATIM,MADIUN,MADIUN,,,0,0,0,JAWA TIMUR,NGAWI,PARON,NGALE,NGAWI
1379842479,,ODP-JGO-FC/10,-7.512298,111.208272,,,0,8,0,0,8,REGIONAL 5,MADIUN,NGAWI,JGO,,,2024-03-16 23:28:37,42857,2017,5,NON TITO,,,JAWA TIMUR,1.0,RED,123420524,AREA 3,JATIM,MADIUN,MADIUN,,,0,0,0,JAWA TIMUR,NGAWI,NGRAMBE,NGRAMBE,NGAWI
2991193862,,ODP-MGT-FY/16,-7.658992,111.326696,,,0,8,0,0,8,REGIONAL 5,MADIUN,NGAWI,MGT,,,2024-03-16 23:29:09,43378,2018,10,NON TITO,,,JAWA TIMUR,1.0,RED,405125463,AREA 3,JATIM,MADIUN,MADIUN,,,0,0,0,JAWA TIMUR,MAGETAN,MAGETAN,MAGETAN,NGAWI
4010294265,,ODP-KRJ-FA/31,-7.468398,111.573242,,,0,8,0,0,8,REGIONAL 5,MADIUN,NGAWI,KRJ,,,2024-03-16 23:25:31,43735,2019,9,NON TITO,,,JAWA TIMUR,1.0,RED,668342762,AREA 3,JATIM,MADIUN,MADIUN,,,0,0,0,JAWA TIMUR,NGAWI,KARANGJATI,SIDOREJO,NGAWI
4131793777,,ODP-MGT-FE/54,-7.612527,111.322006,,,0,8,0,0,8,REGIONAL 5,MADIUN,NGAWI,MGT,,,2024-03-16 23:25:01,43761,2019,10,NON TITO,,,JAWA TIMUR,1.0,RED,683123071,AREA 3,JATIM,MADIUN,MADIUN,,,0,0,0,JAWA TIMUR,MAGETAN,PANEKAN,SIDOWAYAH,NGAWI
3510943543,,ODP-NWI-FB/98,-7.46657,111.431878,,,0,8,0,0,8,REGIONAL 5,MADIUN,NGAWI,NWI,,,2024-03-16 23:26:22,43560,2019,4,NON TITO,,,JAWA TIMUR,1.0,RED,622855149,AREA 3,JATIM,MADIUN,MADIUN,,,0,0,0,JAWA TIMUR,NGAWI,PARON,TEMPURAN,NGAWI
9601021068,,ODP-WKU-FH/34,-7.363719,111.145008,,,0,8,0,0,8,REGIONAL 5,MADIUN,NGAWI,WKU,,,2024-03-16 23:28:24,44897,2022,12,NON TITO,,,JAWA TIMUR,1.0,RED,1252678810,AREA 3,JATIM,MADIUN,MADIUN,,,0,0,0,JAWA TIMUR,NGAWI,MANTINGAN,MANTINGAN,NGAWI
387780582,,ODP-NWI-FD/14,-7.4028,111.4315,,,0,8,0,0,8,REGIONAL 5,MADIUN,NGAWI,NWI,,,2023-08-30 18:07:44,42502,2016,5,NON TITO,,,JAWA TIMUR,1.0,RED,23418687,AREA 3,JATIM,MADIUN,MADIUN,,,0,0,0,JAWA TIMUR,NGAWI,NGAWI,GRUDO,NGAWI
8989019062,,ODP-JGO-FC/54,-7.52116,111.186239,,,0,8,0,0,8,REGIONAL 5,MADIUN,NGAWI,JGO,,,2024-03-16 23:23:24,44760,2022,7,NON TITO,,,JAWA TIMUR,1.0,RED,1196056344,AREA 3,JATIM,MADIUN,MADIUN,,,0,0,0,JAWA TIMUR,NGAWI,NGRAMBE,SAMBIREJO,NGAWI
3304019354,,ODP-NWI-FB/86,-7.459819,111.414386,,,0,8,0,0,8,REGIONAL 5,MADIUN,NGAWI,NWI,,,2024-03-16 23:23:29,43496,2019,1,NON TITO,,,JAWA TIMUR,1.0,RED,527112486,AREA 3,JATIM,MADIUN,MADIUN,,,0,0,0,JAWA TIMUR,NGAWI,PARON,TEMPURAN,NGAWI
3304019418,,ODP-NWI-FB/88,-7.461805,111.417088,,,0,8,0,0,8,REGIONAL 5,MADIUN,NGAWI,NWI,,,2024-03-16 23:23:23,43496,2019,1,NON TITO,,,JAWA TIMUR,1.0,RED,527112534,AREA 3,JATIM,MADIUN,MADIUN,,,0,0,0,JAWA TIMUR,NGAWI,PARON,TEMPURAN,NGAWI
2997793646,,ODP-MGT-FU/27,-7.649321,111.328373,,,0,8,0,0,8,REGIONAL 5,MADIUN,NGAWI,MGT,,,2024-03-16 23:24:54,43382,2018,10,NON TITO,,,JAWA TIMUR,1.0,RED,405137834,AREA 3,JATIM,MADIUN,MADIUN,,,0,0,0,JAWA TIMUR,MAGETAN,MAGETAN,KEPOLOREJO,NGAWI
9735196180,,ODP-KRJ-FA/38,-7.489819,111.550398,,,0,8,0,0,8,REGIONAL 5,MADIUN,NGAWI,KRJ,,,2024-03-16 23:28:11,44943,2023,1,NON TITO,,,JAWA TIMUR,1.0,RED,1262285853,AREA 3,JATIM,MADIUN,MADIUN,,,0,0,0,JAWA TIMUR,NGAWI,PANGKUR,PARAS,NGAWI
387793068,,ODP-MGT-FE/30,-7.6239,111.336,,,0,8,0,0,8,REGIONAL 5,MADIUN,NGAWI,MGT,,,2024-03-16 23:24:47,42502,2016,5,NON TITO,,,JAWA TIMUR,1.0,RED,23426649,AREA 3,JATIM,MADIUN,MADIUN,,,0,0,0,JAWA TIMUR,MAGETAN,PANEKAN,MILANGASRI,NGAWI
1345774586,,ODP-MGT-FU/55,-7.647408,111.327578,,,0,8,0,0,8,REGIONAL 5,MADIUN,NGAWI,MGT,,,2024-03-16 23:26:19,42830,2017,4,NON TITO,,,JAWA TIMUR,1.0,RED,81698004,AREA 3,JATIM,MADIUN,MADIUN,,,0,0,0,JAWA TIMUR,MAGETAN,MAGETAN,KEPOLOREJO,NGAWI
2568869380,,ODP-NWI-FS/12,-7.470241,111.490058,,,0,8,0,0,8,REGIONAL 5,MADIUN,NGAWI,NWI,,,2024-03-16 23:22:29,43245,2018,5,NON TITO,,,JAWA TIMUR,1.0,RED,356341968,AREA 3,JATIM,MADIUN,MADIUN,,,0,0,0,JAWA TIMUR,NGAWI,PADAS,BANJARANSARI,NGAWI
9020219138,,ODP-MGT-FB/56,-7.614359,111.35722,,,0,8,0,0,8,REGIONAL 5,MADIUN,NGAWI,MGT,,,2024-03-16 23:27:19,44762,2022,7,NON TITO,,,JAWA TIMUR,1.0,RED,1202020179,AREA 3,JATIM,MADIUN,MADIUN,,,0,0,0,JAWA TIMUR,MAGETAN,SUKOMORO,KENTANGAN,NGAWI
3248295394,,ODP-MGT-FM/26,-7.662058,111.278238,,,0,8,0,0,8,REGIONAL 5,MADIUN,NGAWI,MGT,,,2024-03-16 23:26:10,43476,2019,1,NON TITO,,,JAWA TIMUR,1.0,RED,448667464,AREA 3,JATIM,MADIUN,MADIUN,,,0,0,0,JAWA TIMUR,MAGETAN,SIDOREJO,SIDOREJO,NGAWI
3254372343,,ODP-MGT-FZ/24,-7.683515,111.24792,,,0,8,0,0,8,REGIONAL 5,MADIUN,NGAWI,MGT,,,2024-03-16 23:23:27,43483,2019,1,NON TITO,,,JAWA TIMUR,1.0,RED,463515438,AREA 3,JATIM,MADIUN,MADIUN,,,0,0,0,JAWA TIMUR,MAGETAN,PLAOSAN,PLAOSAN,NGAWI
9050520135,,ODP-MGT-FW/56,-7.608176,111.285564,,,0,8,0,0,8,REGIONAL 5,MADIUN,NGAWI,MGT,,,2024-03-16 23:22:58,44769,2022,7,NON TITO,,,JAWA TIMUR,1.0,RED,1203841682,AREA 3,JATIM,MADIUN,MADIUN,,,0,0,0,JAWA TIMUR,MAGETAN,PANEKAN,REJOMULYO,NGAWI
1359796773,,ODP-JGO-FB/20,-7.588844,111.299687,,,0,8,0,0,8,REGIONAL 5,MADIUN,NGAWI,JGO,,,2024-03-16 23:28:21,42840,2017,4,NON TITO,,,JAWA TIMUR,1.0,RED,81740861,AREA 3,JATIM,MADIUN,MADIUN,,,0,0,0,JAWA TIMUR,NGAWI,KENDAL,SIMO,NGAWI
9050520140,,ODP-MGT-FW/57,-7.610205,111.286054,,,0,8,0,0,8,REGIONAL 5,MADIUN,NGAWI,MGT,,,2024-03-16 23:22:59,44769,2022,7,NON TITO,,,JAWA TIMUR,1.0,RED,1203841685,AREA 3,JATIM,MADIUN,MADIUN,,,0,0,0,JAWA TIMUR,MAGETAN,PANEKAN,REJOMULYO,NGAWI
9662218858,,ODP-NWI-FF/77,-7.404331,111.443716,,,0,8,0,0,8,REGIONAL 5,MADIUN,NGAWI,NWI,,,2024-03-16 23:24:44,44903,2022,12,NON TITO,,,JAWA TIMUR,1.0,RED,1252916204,AREA 3,JATIM,MADIUN,MADIUN,,,0,0,0,JAWA TIMUR,NGAWI,NGAWI,MARGOMULYO,NGAWI
1367827267,,ODP-JGO-FA/17,-7.529684,111.263882,,,0,16,0,0,16,REGIONAL 5,MADIUN,NGAWI,JGO,,,2024-03-16 23:29:09,42845,2017,4,NON TITO,,,JAWA TIMUR,1.0,RED,81834984,AREA 3,JATIM,MADIUN,MADIUN,,,0,0,0,JAWA TIMUR,NGAWI,JOGOROGO,JOGOROGO,NGAWI
3833519755,,ODP-MGT-FH/50,-7.691389,111.340084,,,0,16,0,0,16,REGIONAL 5,MADIUN,NGAWI,MGT,,,2024-03-16 23:26:47,43718,2019,9,NON TITO,,,JAWA TIMUR,1.0,RED,646739070,AREA 3,JATIM,MADIUN,MADIUN,,,0,0,0,JAWA TIMUR,MAGETAN,NGARIBOYO,BANYUDONO,NGAWI
387830957,,ODP-NWI-FA/01,-7.4872,111.4351,,,0,8,0,0,8,REGIONAL 5,MADIUN,NGAWI,NWI,,,2024-03-16 23:25:46,42502,2016,5,NON TITO,,,JAWA TIMUR,1.0,RED,23469817,AREA 3,JATIM,MADIUN,MADIUN,,,0,0,0,JAWA TIMUR,NGAWI,GENENG,SIDOREJO,NGAWI
9062295764,,ODP-MGT-FAE/06,-7.733958,111.372959,,,0,8,0,0,8,REGIONAL 5,MADIUN,NGAWI,MGT,,,2024-03-16 23:26:59,44776,2022,8,NON TITO,,,JAWA TIMUR,1.0,RED,1204201604,AREA 3,JATIM,MADIUN,MADIUN,,,0,0,0,JAWA TIMUR,MAGETAN,LEMBEYAN,KROWE,NGAWI
3750344606,,ODP-MGT-FN/22,-7.747623,111.332359,,,0,8,0,0,8,REGIONAL 5,MADIUN,NGAWI,MGT,,,2024-03-16 23:28:35,43677,2019,7,NON TITO,,,JAWA TIMUR,1.0,RED,642620136,AREA 3,JATIM,MADIUN,MADIUN,,,0,0,0,JAWA TIMUR,MAGETAN,PARANG,PARANG,NGAWI
2603369090,,ODP-WKU-FF/23,-7.369203,111.16937,,,0,8,0,0,8,REGIONAL 5,MADIUN,NGAWI,WKU,,,2024-03-16 23:26:09,43256,2018,6,NON TITO,,,JAWA TIMUR,1.0,RED,361374946,AREA 3,JATIM,MADIUN,MADIUN,,,0,0,0,JAWA TIMUR,NGAWI,MANTINGAN,SAMBIREJO,NGAWI
9320144309,,ODP-WKU-FF/37,-7.368389,111.161653,,,0,8,0,0,8,REGIONAL 5,MADIUN,NGAWI,WKU,,,2024-03-16 23:22:43,44826,2022,9,NON TITO,,,JAWA TIMUR,1.0,RED,1226334794,AREA 3,JATIM,MADIUN,MADIUN,,,0,0,0,JAWA TIMUR,NGAWI,MANTINGAN,MANTINGAN,NGAWI
2501594388,,ODP-WKU-FB/11,-7.396513,111.225248,,,0,8,0,0,8,REGIONAL 5,MADIUN,NGAWI,WKU,,,2024-03-16 23:25:38,43230,2018,5,NON TITO,,,JAWA TIMUR,1.0,RED,354180790,AREA 3,JATIM,MADIUN,MADIUN,,,0,0,0,JAWA TIMUR,NGAWI,WIDODAREN,WALIKUKUN,NGAWI
9320144314,,ODP-WKU-FAA/41,-7.486108,111.211643,,,0,8,0,0,8,REGIONAL 5,MADIUN,NGAWI,WKU,,,2024-03-16 23:23:22,44826,2022,9,NON TITO,,,JAWA TIMUR,1.0,RED,1226334814,AREA 3,JATIM,MADIUN,MADIUN,,,0,0,0,JAWA TIMUR,NGAWI,NGRAMBE,PUCANGAN,NGAWI
9323818719,,ODP-NWI-FB/112,-7.46932,111.432391,,,0,8,0,0,8,REGIONAL 5,MADIUN,NGAWI,NWI,,,2024-03-16 23:24:39,44829,2022,9,NON TITO,,,JAWA TIMUR,1.0,RED,1226924585,AREA 3,JATIM,MADIUN,MADIUN,,,0,0,0,JAWA TIMUR,NGAWI,PARON,TEMPURAN,NGAWI
1367827174,,ODP-JGO-FA/37,-7.531985,111.249405,,,0,8,0,0,8,REGIONAL 5,MADIUN,NGAWI,JGO,,,2024-03-16 23:29:16,42845,2017,4,NON TITO,,,JAWA TIMUR,1.0,RED,81834926,AREA 3,JATIM,MADIUN,MADIUN,,,0,0,0,JAWA TIMUR,NGAWI,JOGOROGO,BRUBUH,NGAWI
1345769587,,ODP-NWI-FE/107,-7.426906,111.436431,,,0,8,0,0,8,REGIONAL 5,MADIUN,NGAWI,NWI,,,2024-03-16 23:24:28,42829,2017,4,NON TITO,,,JAWA TIMUR,1.0,RED,81178796,AREA 3,JATIM,MADIUN,MADIUN,,,0,0,0,JAWA TIMUR,NGAWI,GENENG,KLITIK,NGAWI
3610322081,,ODP-MGT-FM/29,-7.672805,111.269319,,,0,8,0,0,8,REGIONAL 5,MADIUN,NGAWI,MGT,,,2024-03-16 23:23:35,43608,2019,5,NON TITO,,,JAWA TIMUR,1.0,RED,629040875,AREA 3,JATIM,MADIUN,MADIUN,,,0,0,0,JAWA TIMUR,MAGETAN,PLAOSAN,SENDANGAGUNG,NGAWI
10510546916,,ODP-WKU-FK/12,-7.466234,111.271707,,,0,8,0,0,8,REGIONAL 5,MADIUN,NGAWI,WKU,,,2026-04-08 18:02:15,45154,2023,8,NON TITO,,,JAWA TIMUR,1.0,RED,1310319806,AREA 3,JATIM,MADIUN,MADIUN,,,0,0,0,JAWA TIMUR,NGAWI,KEDUNGGALAR,BEGAL,NGAWI
2501594408,,ODP-WKU-FB/14,-7.39611,111.22009,,,0,8,0,0,8,REGIONAL 5,MADIUN,NGAWI,WKU,,,2024-03-16 23:28:33,43230,2018,5,NON TITO,,,JAWA TIMUR,1.0,RED,354180796,AREA 3,JATIM,MADIUN,MADIUN,,,0,0,0,JAWA TIMUR,NGAWI,WIDODAREN,WALIKUKUN,NGAWI
2991193736,,ODP-MGT-FT/10,-7.621773,111.329299,,,0,8,0,0,8,REGIONAL 5,MADIUN,NGAWI,MGT,,,2024-03-16 23:28:31,43378,2018,10,NON TITO,,,JAWA TIMUR,1.0,RED,405124430,AREA 3,JATIM,MADIUN,MADIUN,,,0,0,0,JAWA TIMUR,MAGETAN,PANEKAN,WATES,NGAWI
1367827577,,ODP-JGO-FA/02,-7.509607,111.276907,,,0,16,0,0,16,REGIONAL 5,MADIUN,NGAWI,JGO,,,2024-03-16 23:22:00,42845,2017,4,NON TITO,,,JAWA TIMUR,1.0,RED,81835146,AREA 3,JATIM,MADIUN,MADIUN,,,0,0,0,JAWA TIMUR,NGAWI,JOGOROGO,TANJUNGSARI,NGAWI
3612044659,,ODP-MGT-FAD/12,-7.64505,111.272728,,,0,8,0,0,8,REGIONAL 5,MADIUN,NGAWI,MGT,,,2024-03-16 23:28:32,43607,2019,5,NON TITO,,,JAWA TIMUR,1.0,RED,628989345,AREA 3,JATIM,MADIUN,MADIUN,,,0,0,0,JAWA TIMUR,MAGETAN,SIDOREJO,SUMBERSAWIT,NGAWI
3612044669,,ODP-MGT-FP/32,-7.669922,111.309601,,,0,8,0,0,8,REGIONAL 5,MADIUN,NGAWI,MGT,,,2024-03-16 23:28:34,43607,2019,5,NON TITO,,,JAWA TIMUR,1.0,RED,628989355,AREA 3,JATIM,MADIUN,MADIUN,,,0,0,0,JAWA TIMUR,MAGETAN,MAGETAN,RINGINAGUNG,NGAWI
3612044706,,ODP-MGT-FP/31,-7.668956,111.30913,,,0,8,0,0,8,REGIONAL 5,MADIUN,NGAWI,MGT,,,2024-03-16 23:27:39,43607,2019,5,NON TITO,,,JAWA TIMUR,1.0,RED,628989396,AREA 3,JATIM,MADIUN,MADIUN,,,0,0,0,JAWA TIMUR,MAGETAN,MAGETAN,RINGINAGUNG,NGAWI
3612044920,,ODP-MGT-FK/64,-7.654195,111.322771,,,0,8,0,0,8,REGIONAL 5,MADIUN,NGAWI,MGT,,,2024-03-16 23:28:16,43607,2019,5,NON TITO,,,JAWA TIMUR,1.0,RED,628989643,AREA 3,JATIM,MADIUN,MADIUN,,,0,0,0,JAWA TIMUR,MAGETAN,MAGETAN,KEPOLOREJO,NGAWI
1367827263,,ODP-JGO-FA/22,-7.517601,111.226831,,,0,8,0,0,8,REGIONAL 5,MADIUN,NGAWI,JGO,,,2024-03-16 23:29:14,42845,2017,4,NON TITO,,,JAWA TIMUR,1.0,RED,81834981,AREA 3,JATIM,MADIUN,MADIUN,,,0,0,0,JAWA TIMUR,NGAWI,NGRAMBE,WAKAH,NGAWI
3610322226,,ODP-MGT-FM/33,-7.66062,111.27462,,,0,8,0,0,8,REGIONAL 5,MADIUN,NGAWI,MGT,,,2024-03-16 23:23:44,43608,2019,5,NON TITO,,,JAWA TIMUR,1.0,RED,629040948,AREA 3,JATIM,MADIUN,MADIUN,,,0,0,0,JAWA TIMUR,MAGETAN,PLAOSAN,PACALAN,NGAWI
387780885,,ODP-NWI-FE/67,-7.4192,111.4417,,,0,8,0,0,8,REGIONAL 5,MADIUN,NGAWI,NWI,,,2024-03-16 23:29:19,42502,2016,5,NON TITO,,,JAWA TIMUR,1.0,RED,23418913,AREA 3,JATIM,MADIUN,MADIUN,,,0,0,0,JAWA TIMUR,NGAWI,NGAWI,BERAN,NGAWI
2991194399,,ODP-MGT-FA/75,-7.644314,111.312552,,,0,8,0,0,8,REGIONAL 5,MADIUN,NGAWI,MGT,,,2024-03-16 23:28:35,43378,2018,10,NON TITO,,,JAWA TIMUR,1.0,RED,405125868,AREA 3,JATIM,MADIUN,MADIUN,,,0,0,0,JAWA TIMUR,MAGETAN,MAGETAN,SELOSARI,NGAWI
387792357,,ODP-MGT-FA/21,-7.643967,111.309972,,,0,8,0,0,8,REGIONAL 5,MADIUN,NGAWI,MGT,,,2024-03-16 23:24:40,42502,2016,5,NON TITO,,,JAWA TIMUR,1.0,RED,23426242,AREA 3,JATIM,MADIUN,MADIUN,,,0,0,0,JAWA TIMUR,MAGETAN,MAGETAN,SELOSARI,NGAWI
387789573,,ODP-MGT-FE/10,-7.6322,111.3236,,,0,8,0,0,8,REGIONAL 5,MADIUN,NGAWI,MGT,,,2024-03-16 23:24:14,42502,2016,5,NON TITO,,,JAWA TIMUR,1.0,RED,23424616,AREA 3,JATIM,MADIUN,MADIUN,,,0,0,0,JAWA TIMUR,MAGETAN,MAGETAN,TAWANGANOM,NGAWI
2507968565,,ODP-WKU-FZA/36,-7.424999,111.309567,,,0,8,0,0,8,REGIONAL 5,MADIUN,NGAWI,WKU,,,2024-03-16 23:26:09,43234,2018,5,NON TITO,,,JAWA TIMUR,1.0,RED,353784882,AREA 3,JATIM,MADIUN,MADIUN,,,0,0,0,JAWA TIMUR,NGAWI,KEDUNGGALAR,KEDUNGGALAR,NGAWI
1367826201,,ODP-JGO-FA/12,-7.520135,111.253981,,,0,16,0,0,16,REGIONAL 5,MADIUN,NGAWI,JGO,,,2024-03-16 23:29:05,42845,2017,4,NON TITO,,,JAWA TIMUR,1.0,RED,81909931,AREA 3,JATIM,MADIUN,MADIUN,,,0,0,0,JAWA TIMUR,NGAWI,JOGOROGO,JOGOROGO,NGAWI
2507968595,,ODP-WKU-FZA/30,-7.428688,111.303036,,,0,8,0,0,8,REGIONAL 5,MADIUN,NGAWI,WKU,,,2024-03-16 23:25:46,43234,2018,5,NON TITO,,,JAWA TIMUR,1.0,RED,353784891,AREA 3,JATIM,MADIUN,MADIUN,,,0,0,0,JAWA TIMUR,NGAWI,KEDUNGGALAR,KEDUNGGALAR,NGAWI
387792110,,ODP-GGR-FC/07,-7.6832,111.4708,,,0,16,0,0,16,REGIONAL 5,MADIUN,NGAWI,GGR,,,2024-03-16 23:24:23,42502,2016,5,NON TITO,,,JAWA TIMUR,1.0,RED,23426101,AREA 3,JATIM,MADIUN,MADIUN,,,0,0,0,JAWA TIMUR,MAGETAN,TAKERAN,TAKERAN,NGAWI
387790672,,ODP-NWI-FE/77,-7.4261,111.441,,,0,8,0,0,8,REGIONAL 5,MADIUN,NGAWI,NWI,,,2024-03-16 23:24:13,42502,2016,5,NON TITO,,,JAWA TIMUR,1.0,RED,23425259,AREA 3,JATIM,MADIUN,MADIUN,,,0,0,0,JAWA TIMUR,NGAWI,GENENG,KLITIK,NGAWI
3626295538,,ODP-MGT-FY/33,-7.656728,111.329403,,,0,8,0,0,8,REGIONAL 5,MADIUN,NGAWI,MGT,,,2024-03-16 23:29:09,43627,2019,6,NON TITO,,,JAWA TIMUR,1.0,RED,630923434,AREA 3,JATIM,MADIUN,MADIUN,,,0,0,0,JAWA TIMUR,MAGETAN,MAGETAN,MAGETAN,NGAWI
1367827075,,ODP-JGO-FA/25,-7.521117,111.230545,,,0,8,0,0,8,REGIONAL 5,MADIUN,NGAWI,JGO,,,2024-03-16 23:29:16,42845,2017,4,NON TITO,,,JAWA TIMUR,1.0,RED,81834860,AREA 3,JATIM,MADIUN,MADIUN,,,0,0,0,JAWA TIMUR,NGAWI,NGRAMBE,SETONO,NGAWI
3599144068,,ODP-MGT-FZ/30,-7.685282,111.279962,,,0,8,0,0,8,REGIONAL 5,MADIUN,NGAWI,MGT,,,2024-03-16 23:27:23,43606,2019,5,NON TITO,,,JAWA TIMUR,1.0,RED,628980076,AREA 3,JATIM,MADIUN,MADIUN,,,0,0,0,JAWA TIMUR,MAGETAN,PLAOSAN,SIDOMUKTI,NGAWI
3632293653,,ODP-MGT-FX/21,-7.647568,111.334152,,,0,8,0,0,8,REGIONAL 5,MADIUN,NGAWI,MGT,,,2024-03-16 23:22:48,43626,2019,6,NON TITO,,,JAWA TIMUR,1.0,RED,630846873,AREA 3,JATIM,MADIUN,MADIUN,,,0,0,0,JAWA TIMUR,MAGETAN,MAGETAN,SUKOWINANGUN,NGAWI
3258795880,,ODP-MGT-FK/61,-7.65637,111.310455,,,0,8,0,0,8,REGIONAL 5,MADIUN,NGAWI,MGT,,,2024-03-16 23:23:21,43479,2019,1,NON TITO,,,JAWA TIMUR,1.0,RED,448972336,AREA 3,JATIM,MADIUN,MADIUN,,,0,0,0,JAWA TIMUR,MAGETAN,MAGETAN,CANDIREJO,NGAWI
3632293643,,ODP-MGT-FX/22,-7.64908,111.334214,,,0,8,0,0,8,REGIONAL 5,MADIUN,NGAWI,MGT,,,2024-03-16 23:22:44,43626,2019,6,NON TITO,,,JAWA TIMUR,1.0,RED,630846867,AREA 3,JATIM,MADIUN,MADIUN,,,0,0,0,JAWA TIMUR,MAGETAN,MAGETAN,SUKOWINANGUN,NGAWI
3258795535,,ODP-MGT-FK/55,-7.659054,111.300168,,,0,8,0,0,8,REGIONAL 5,MADIUN,NGAWI,MGT,,,2024-03-16 23:23:51,43479,2019,1,NON TITO,,,JAWA TIMUR,1.0,RED,451590415,AREA 3,JATIM,MADIUN,MADIUN,,,0,0,0,JAWA TIMUR,MAGETAN,SIDOREJO,CAMPURSARI,NGAWI
3608069110,,ODP-MGT-FH/43,-7.676417,111.321063,,,0,8,0,0,8,REGIONAL 5,MADIUN,NGAWI,MGT,,,2024-03-16 23:24:19,43613,2019,5,NON TITO,,,JAWA TIMUR,1.0,RED,629719376,AREA 3,JATIM,MADIUN,MADIUN,,,0,0,0,JAWA TIMUR,MAGETAN,NGARIBOYO,SUMBERDUKUN,NGAWI
9286995594,,ODP-NWI-FM/16,-7.37236,111.36879,,,0,8,0,0,8,REGIONAL 5,MADIUN,NGAWI,NWI,,,2024-03-16 23:29:06,44822,2022,9,NON TITO,,,JAWA TIMUR,1.0,RED,1226001299,AREA 3,JATIM,MADIUN,MADIUN,,,0,0,0,JAWA TIMUR,NGAWI,PITU,NGANCAR,NGAWI
2997793744,,ODP-MGT-FU/40,-7.651614,111.330405,,,0,8,0,0,8,REGIONAL 5,MADIUN,NGAWI,MGT,,,2024-03-16 23:25:29,43382,2018,10,NON TITO,,,JAWA TIMUR,1.0,RED,405137893,AREA 3,JATIM,MADIUN,MADIUN,,,0,0,0,JAWA TIMUR,MAGETAN,MAGETAN,KEBONAGUNG,NGAWI
387788705,,ODP-NWI-FG/08,-7.401689,111.445466,,,0,16,0,0,16,REGIONAL 5,MADIUN,NGAWI,NWI,,,2024-03-16 23:23:53,42502,2016,5,NON TITO,,,JAWA TIMUR,1.0,RED,23424118,AREA 3,JATIM,MADIUN,MADIUN,,,0,0,0,JAWA TIMUR,NGAWI,NGAWI,KETANGGI,NGAWI
8991718783,,ODP-GGR-FA/120,-7.676816,111.395885,,,0,8,0,0,8,REGIONAL 5,MADIUN,NGAWI,GGR,,,2024-03-16 23:26:48,44756,2022,7,NON TITO,,,JAWA TIMUR,1.0,RED,1196026483,AREA 3,JATIM,MADIUN,MADIUN,,,0,0,0,JAWA TIMUR,MAGETAN,KAWEDANAN,SELOREJO,NGAWI
4134869258,,ODP-NWI-FH/29,-7.405395,111.405524,,,0,16,0,0,16,REGIONAL 5,MADIUN,NGAWI,NWI,,,2024-03-16 23:24:19,43762,2019,10,NON TITO,,,JAWA TIMUR,1.0,RED,687316186,AREA 3,JATIM,MADIUN,MADIUN,,,0,0,0,JAWA TIMUR,NGAWI,NGAWI,WATUALANG,NGAWI
2483444370,,ODP-WKU-FC/23,-7.414106,111.225047,,,0,8,0,0,8,REGIONAL 5,MADIUN,NGAWI,WKU,,,2024-03-16 23:26:19,43222,2018,5,NON TITO,,,JAWA TIMUR,1.0,RED,353656460,AREA 3,JATIM,MADIUN,MADIUN,,,0,0,0,JAWA TIMUR,NGAWI,WIDODAREN,WALIKUKUN,NGAWI
1379843028,,ODP-JGO-FC/13,-7.510351,111.217667,,,0,8,0,0,8,REGIONAL 5,MADIUN,NGAWI,JGO,,,2024-03-16 23:29:00,42857,2017,5,NON TITO,,,JAWA TIMUR,1.0,RED,123420728,AREA 3,JATIM,MADIUN,MADIUN,,,0,0,0,JAWA TIMUR,NGAWI,NGRAMBE,BABADAN,NGAWI
1379843232,,ODP-JGO-FC/33,-7.51432,111.191206,,,0,8,0,0,8,REGIONAL 5,MADIUN,NGAWI,JGO,,,2024-03-16 23:28:32,42857,2017,5,NON TITO,,,JAWA TIMUR,1.0,RED,123690438,AREA 3,JATIM,MADIUN,MADIUN,,,0,0,0,JAWA TIMUR,NGAWI,NGRAMBE,SAMBIREJO,NGAWI
11339293758,,ODP-WKU-FC/46,-7.418789,111.224555,,,0,8,0,0,8,REGIONAL 5,MADIUN,NGAWI,WKU,,,2024-03-16 23:24:47,45330,2024,2,NON TITO,,,JAWA TIMUR,1.0,RED,1409143388,AREA 3,JATIM,MADIUN,MADIUN,,,0,0,0,JAWA TIMUR,NGAWI,WIDODAREN,WALIKUKUN,NGAWI
8920244060,,ODP-KRJ-FA/36,-7.488518,111.534449,,,0,8,0,0,8,REGIONAL 5,MADIUN,NGAWI,KRJ,,,2024-03-16 23:22:35,44738,2022,6,NON TITO,,,JAWA TIMUR,1.0,RED,1185468501,AREA 3,JATIM,MADIUN,MADIUN,,,0,0,0,JAWA TIMUR,NGAWI,PANGKUR,PANGKUR,NGAWI
2991194131,,ODP-MGT-FA/12,-7.644036,111.309313,,,0,8,0,0,8,REGIONAL 5,MADIUN,NGAWI,MGT,,,2024-03-16 23:29:09,43378,2018,10,NON TITO,,,JAWA TIMUR,1.0,RED,405125669,AREA 3,JATIM,MADIUN,MADIUN,,,0,0,0,JAWA TIMUR,MAGETAN,MAGETAN,SELOSARI,NGAWI
3236444189,,ODP-GGR-FB/14,-7.759385,111.39796,,,0,8,0,0,8,REGIONAL 5,MADIUN,NGAWI,GGR,,,2024-03-16 23:26:43,43474,2019,1,NON TITO,,,JAWA TIMUR,1.0,RED,448138973,AREA 3,JATIM,MADIUN,MADIUN,,,0,0,0,JAWA TIMUR,MAGETAN,LEMBEYAN,LEMBEYAN WETAN,NGAWI
3275669889,,ODP-NWI-FC/89,-7.408891,111.461098,,,0,8,0,0,8,REGIONAL 5,MADIUN,NGAWI,NWI,,,2024-03-16 23:26:09,43487,2019,1,NON TITO,,,JAWA TIMUR,1.0,RED,484740276,AREA 3,JATIM,MADIUN,MADIUN,,,0,0,0,JAWA TIMUR,NGAWI,NGAWI,KARANGASRI,NGAWI
3304019053,,ODP-NWI-FB/92,-7.470264,111.432476,,,0,8,0,0,8,REGIONAL 5,MADIUN,NGAWI,NWI,,,2024-03-16 23:22:00,43496,2019,1,NON TITO,,,JAWA TIMUR,1.0,RED,507636020,AREA 3,JATIM,MADIUN,MADIUN,,,0,0,0,JAWA TIMUR,NGAWI,PARON,TEMPURAN,NGAWI
8920843997,,ODP-GGR-FA/118,-7.700256,111.424902,,,0,8,0,0,8,REGIONAL 5,MADIUN,NGAWI,GGR,,,2024-03-16 23:24:48,44736,2022,6,NON TITO,,,JAWA TIMUR,1.0,RED,1185460400,AREA 3,JATIM,MADIUN,MADIUN,,,0,0,0,JAWA TIMUR,MAGETAN,KAWEDANAN,TULUNG,NGAWI
8920319061,,ODP-WKU-FA/62,-7.366461,111.222211,,,0,8,0,0,8,REGIONAL 5,MADIUN,NGAWI,WKU,,,2024-03-16 23:23:57,44736,2022,6,NON TITO,,,JAWA TIMUR,1.0,RED,1185456970,AREA 3,JATIM,MADIUN,MADIUN,,,0,0,0,JAWA TIMUR,NGAWI,WIDODAREN,KAUMAN,NGAWI
2510973023,,ODP-WKU-FA/37,-7.376794,111.226729,,,0,8,0,0,8,REGIONAL 5,MADIUN,NGAWI,WKU,,,2024-03-16 23:24:00,43236,2018,5,NON TITO,,,JAWA TIMUR,1.0,RED,354254167,AREA 3,JATIM,MADIUN,MADIUN,,,0,0,0,JAWA TIMUR,NGAWI,WIDODAREN,WIDODAREN,NGAWI
2483444481,,ODP-WKU-FC/18,-7.419958,111.224342,,,0,8,0,0,8,REGIONAL 5,MADIUN,NGAWI,WKU,,,2024-03-16 23:27:18,43222,2018,5,NON TITO,,,JAWA TIMUR,1.0,RED,353656558,AREA 3,JATIM,MADIUN,MADIUN,,,0,0,0,JAWA TIMUR,NGAWI,WIDODAREN,KAYUTREJO,NGAWI
387783377,,ODP-NWI-FG/02,-7.392898,111.445808,,,0,8,0,0,8,REGIONAL 5,MADIUN,NGAWI,NWI,,,2024-03-16 23:22:43,42502,2016,5,NON TITO,,,JAWA TIMUR,1.0,RED,23420681,AREA 3,JATIM,MADIUN,MADIUN,,,0,0,0,JAWA TIMUR,NGAWI,NGAWI,KARANGTENGAH,NGAWI
3304019126,,ODP-NWI-FB/94,-7.464905,111.43206,,,0,8,0,0,8,REGIONAL 5,MADIUN,NGAWI,NWI,,,2024-03-16 23:23:33,43496,2019,1,NON TITO,,,JAWA TIMUR,1.0,RED,507636092,AREA 3,JATIM,MADIUN,MADIUN,,,0,0,0,JAWA TIMUR,NGAWI,PARON,TEMPURAN,NGAWI
3304019359,,ODP-NWI-FB/91,-7.47089,111.432325,,,0,8,0,0,8,REGIONAL 5,MADIUN,NGAWI,NWI,,,2024-03-16 23:23:10,43496,2019,1,NON TITO,,,JAWA TIMUR,1.0,RED,507636328,AREA 3,JATIM,MADIUN,MADIUN,,,0,0,0,JAWA TIMUR,NGAWI,PARON,TEMPURAN,NGAWI
3275669909,,ODP-NWI-FC/83,-7.435706,111.468658,,,0,8,0,0,8,REGIONAL 5,MADIUN,NGAWI,NWI,,,2024-03-16 23:25:31,43487,2019,1,NON TITO,,,JAWA TIMUR,1.0,RED,484740290,AREA 3,JATIM,MADIUN,MADIUN,,,0,0,0,JAWA TIMUR,NGAWI,NGAWI,KANDANGAN,NGAWI
1379842506,,ODP-JGO-FC/12,-7.508253,111.218369,,,0,8,0,0,8,REGIONAL 5,MADIUN,NGAWI,JGO,,,2024-03-16 23:28:52,42857,2017,5,NON TITO,,,JAWA TIMUR,1.0,RED,123690125,AREA 3,JATIM,MADIUN,MADIUN,,,0,0,0,JAWA TIMUR,NGAWI,NGRAMBE,BABADAN,NGAWI
387780474,,ODP-NWI-FE/20,-7.418556,111.438222,,,0,8,0,0,8,REGIONAL 5,MADIUN,NGAWI,NWI,,,2024-03-16 23:29:18,42502,2016,5,NON TITO,,,JAWA TIMUR,1.0,RED,23418599,AREA 3,JATIM,MADIUN,MADIUN,,,0,0,0,JAWA TIMUR,NGAWI,NGAWI,BERAN,NGAWI
387840069,,ODP-NWI-FD/28,-7.4046,111.4201,,,0,16,0,0,16,REGIONAL 5,MADIUN,NGAWI,NWI,,,2024-03-16 23:27:05,42502,2016,5,NON TITO,,,JAWA TIMUR,1.0,RED,23478187,AREA 3,JATIM,MADIUN,MADIUN,,,0,0,0,JAWA TIMUR,NGAWI,NGAWI,GRUDO,NGAWI
4721368929,,ODP-NWI-FF/68,-7.407277,111.444464,,,0,8,0,0,8,REGIONAL 5,MADIUN,NGAWI,NWI,,,2024-03-16 23:24:26,43902,2020,3,NON TITO,,,JAWA TIMUR,1.0,RED,824948082,AREA 3,JATIM,MADIUN,MADIUN,,,0,0,0,JAWA TIMUR,NGAWI,NGAWI,MARGOMULYO,NGAWI
4444693688,,ODP-MGT-FK/73,-7.664404,111.297485,,,0,8,0,0,8,REGIONAL 5,MADIUN,NGAWI,MGT,,,2024-03-16 23:28:59,43830,2019,12,NON TITO,,,JAWA TIMUR,1.0,RED,789587612,AREA 3,JATIM,MADIUN,MADIUN,,,0,0,0,JAWA TIMUR,MAGETAN,SIDOREJO,SAMBIROBYONG,NGAWI
1345774613,,ODP-MGT-FK/16,-7.647316,111.322933,,,0,16,0,0,16,REGIONAL 5,MADIUN,NGAWI,MGT,,,2024-03-16 23:26:01,42830,2017,4,NON TITO,,,JAWA TIMUR,1.0,RED,81698020,AREA 3,JATIM,MADIUN,MADIUN,,,0,0,0,JAWA TIMUR,MAGETAN,MAGETAN,TAWANGANOM,NGAWI
1379842814,,ODP-JGO-FC/29,-7.511538,111.205489,,,0,8,0,0,8,REGIONAL 5,MADIUN,NGAWI,JGO,,,2024-03-16 23:28:16,42857,2017,5,NON TITO,,,JAWA TIMUR,1.0,RED,123690226,AREA 3,JATIM,MADIUN,MADIUN,,,0,0,0,JAWA TIMUR,NGAWI,NGRAMBE,NGRAMBE,NGAWI
1379843114,,ODP-JGO-FC/24,-7.50664,111.205814,,,0,8,0,0,8,REGIONAL 5,MADIUN,NGAWI,JGO,,,2024-03-16 23:28:53,42857,2017,5,NON TITO,,,JAWA TIMUR,1.0,RED,123690379,AREA 3,JATIM,MADIUN,MADIUN,,,0,0,0,JAWA TIMUR,NGAWI,NGRAMBE,NGRAMBE,NGAWI
387838705,,ODP-NWI-FB/56,-7.435,111.4399,,,0,8,0,0,8,REGIONAL 5,MADIUN,NGAWI,NWI,,,2024-03-16 23:27:23,42502,2016,5,NON TITO,,,JAWA TIMUR,1.0,RED,23477033,AREA 3,JATIM,MADIUN,MADIUN,,,0,0,0,JAWA TIMUR,NGAWI,GENENG,KLITIK,NGAWI
387837842,,ODP-NWI-FC/22,-7.4039,111.4669,,,0,8,0,0,8,REGIONAL 5,MADIUN,NGAWI,NWI,,,2024-03-16 23:27:47,42502,2016,5,NON TITO,,,JAWA TIMUR,1.0,RED,23476311,AREA 3,JATIM,MADIUN,MADIUN,,,0,0,0,JAWA TIMUR,NGAWI,NGAWI,KARANG TENGAH PRANDON,NGAWI
4824868609,,ODP-NWI-FC/76,-7.397679,111.460027,,,0,8,0,0,8,REGIONAL 5,MADIUN,NGAWI,NWI,,,2024-03-16 23:22:25,43935,2020,4,NON TITO,,,JAWA TIMUR,1.0,RED,828195464,AREA 3,JATIM,MADIUN,MADIUN,,,0,0,0,JAWA TIMUR,NGAWI,NGAWI,KARANGASRI,NGAWI
387786978,,ODP-NWI-FD/61,-7.412206,111.428428,,,0,8,0,0,8,REGIONAL 5,MADIUN,NGAWI,NWI,,,2024-03-16 23:23:38,42502,2016,5,NON TITO,,,JAWA TIMUR,1.0,RED,23423074,AREA 3,JATIM,MADIUN,MADIUN,,,0,0,0,JAWA TIMUR,NGAWI,NGAWI,JURUREJO,NGAWI
8954295094,,ODP-JGO-FC/53,-7.527561,111.20359,,,0,8,0,0,8,REGIONAL 5,MADIUN,NGAWI,JGO,,,2024-03-16 23:28:33,44750,2022,7,NON TITO,,,JAWA TIMUR,1.0,RED,1193328782,AREA 3,JATIM,MADIUN,MADIUN,,,0,0,0,JAWA TIMUR,NGAWI,NGRAMBE,TAWANGREJO,NGAWI
387787037,,ODP-MGT-FG/20,-7.635631,111.357594,,,0,8,0,0,8,REGIONAL 5,MADIUN,NGAWI,MGT,,,2024-03-16 23:23:34,42502,2016,5,NON TITO,,,JAWA TIMUR,1.0,RED,23423109,AREA 3,JATIM,MADIUN,MADIUN,,,0,0,0,JAWA TIMUR,MAGETAN,MAGETAN,PURWOSARI,NGAWI
3275670110,,ODP-NWI-FC/84,-7.428361,111.467673,,,0,8,0,0,8,REGIONAL 5,MADIUN,NGAWI,NWI,,,2024-03-16 23:25:45,43487,2019,1,NON TITO,,,JAWA TIMUR,1.0,RED,484740454,AREA 3,JATIM,MADIUN,MADIUN,,,0,0,0,JAWA TIMUR,NGAWI,NGAWI,KANDANGAN,NGAWI
1345774620,,ODP-MGT-FK/40,-7.654053,111.319426,,,0,8,0,0,8,REGIONAL 5,MADIUN,NGAWI,MGT,,,2024-03-16 23:26:29,42830,2017,4,NON TITO,,,JAWA TIMUR,1.0,RED,81698022,AREA 3,JATIM,MADIUN,MADIUN,,,0,0,0,JAWA TIMUR,MAGETAN,MAGETAN,SELOSARI,NGAWI
3287893533,,ODP-NWI-FC/105,-7.406963,111.458018,,,0,8,0,0,8,REGIONAL 5,MADIUN,NGAWI,NWI,,,2024-03-16 23:27:57,43489,2019,1,NON TITO,,,JAWA TIMUR,1.0,RED,481684332,AREA 3,JATIM,MADIUN,MADIUN,,,0,0,0,JAWA TIMUR,NGAWI,NGAWI,KARANGASRI,NGAWI
8954295074,,ODP-JGO-FC/52,-7.526937,111.200858,,,0,8,0,0,8,REGIONAL 5,MADIUN,NGAWI,JGO,,,2024-03-16 23:28:13,44750,2022,7,NON TITO,,,JAWA TIMUR,1.0,RED,1193328770,AREA 3,JATIM,MADIUN,MADIUN,,,0,0,0,JAWA TIMUR,NGAWI,NGRAMBE,TAWANGREJO,NGAWI
4394143807,,ODP-GGR-FA/83,-7.643725,111.427591,,,0,8,0,0,8,REGIONAL 5,MADIUN,NGAWI,GGR,,,2024-03-16 23:24:38,43804,2019,12,NON TITO,,,JAWA TIMUR,1.0,RED,788123134,AREA 3,JATIM,MADIUN,MADIUN,,,0,0,0,JAWA TIMUR,MAGETAN,BENDO,BENDO,NGAWI
387839391,,ODP-NWI-FD/39,-7.41611,111.426698,,,0,8,0,0,8,REGIONAL 5,MADIUN,NGAWI,NWI,,,2024-03-16 23:27:50,42502,2016,5,NON TITO,,,JAWA TIMUR,1.0,RED,23477613,AREA 3,JATIM,MADIUN,MADIUN,,,0,0,0,JAWA TIMUR,NGAWI,NGAWI,JURUREJO,NGAWI
1345774602,,ODP-MGT-FU/57,-7.648022,111.326862,,,0,8,0,0,8,REGIONAL 5,MADIUN,NGAWI,MGT,,,2024-03-16 23:26:42,42830,2017,4,NON TITO,,,JAWA TIMUR,1.0,RED,81698015,AREA 3,JATIM,MADIUN,MADIUN,,,0,0,0,JAWA TIMUR,MAGETAN,MAGETAN,KEPOLOREJO,NGAWI
3287893901,,ODP-NWI-FC/100,-7.406291,111.452658,,,0,8,0,0,8,REGIONAL 5,MADIUN,NGAWI,NWI,,,2024-03-16 23:26:26,43489,2019,1,NON TITO,,,JAWA TIMUR,1.0,RED,481684553,AREA 3,JATIM,MADIUN,MADIUN,,,0,0,0,JAWA TIMUR,NGAWI,NGAWI,KARANGASRI,NGAWI
3304019058,,ODP-NWI-FB/84,-7.462511,111.408257,,,0,8,0,0,8,REGIONAL 5,MADIUN,NGAWI,NWI,,,2024-03-16 23:23:10,43496,2019,1,NON TITO,,,JAWA TIMUR,1.0,RED,527112308,AREA 3,JATIM,MADIUN,MADIUN,,,0,0,0,JAWA TIMUR,NGAWI,PARON,TEMPURAN,NGAWI
1379843108,,ODP-JGO-FC/22,-7.502955,111.206471,,,0,8,0,0,8,REGIONAL 5,MADIUN,NGAWI,JGO,,,2024-03-16 23:28:40,42857,2017,5,NON TITO,,,JAWA TIMUR,1.0,RED,123690373,AREA 3,JATIM,MADIUN,MADIUN,,,0,0,0,JAWA TIMUR,NGAWI,NGRAMBE,NGRAMBE,NGAWI
8797094418,,ODP-MGT-FAA/149,-7.654381,111.330828,,,0,8,0,0,8,REGIONAL 5,MADIUN,NGAWI,MGT,,,2024-03-16 23:27:08,44707,2022,5,NON TITO,,,JAWA TIMUR,1.0,RED,1182217283,AREA 3,JATIM,MADIUN,MADIUN,,,0,0,0,JAWA TIMUR,MAGETAN,MAGETAN,KEBONAGUNG,NGAWI
1345774606,,ODP-MGT-FK/15,-7.647978,111.325911,,,5,11,0,0,16,REGIONAL 5,MADIUN,NGAWI,MGT,,,2024-03-16 23:26:43,42830,2017,4,NON TITO,,,JAWA TIMUR,0.6875,YELLOW,81184562,AREA 3,JATIM,MADIUN,MADIUN,,,0,0,0,JAWA TIMUR,MAGETAN,MAGETAN,KEPOLOREJO,NGAWI
1345774551,,ODP-MGT-FK/38,-7.6598,111.318488,,,6,10,0,0,16,REGIONAL 5,MADIUN,NGAWI,MGT,,,2024-03-16 23:26:44,42830,2017,4,NON TITO,,,JAWA TIMUR,0.625,YELLOW,81184549,AREA 3,JATIM,MADIUN,MADIUN,,,0,0,0,JAWA TIMUR,MAGETAN,MAGETAN,RINGINAGUNG,NGAWI
1092101690,,ODP-KRJ-FD/17,-7.443309,111.550531,,,6,10,0,0,16,REGIONAL 5,MADIUN,NGAWI,KRJ,,,2024-03-16 23:26:51,42720,2016,12,NON TITO,,,JAWA TIMUR,0.625,YELLOW,39046542,AREA 3,JATIM,MADIUN,MADIUN,,,0,0,0,JAWA TIMUR,NGAWI,PADAS,KEDUNG PRAHU,NGAWI
10579693554,,ODP-JGO-FA/84,-7.523002,111.250218,,,2,6,0,0,8,REGIONAL 5,MADIUN,NGAWI,JGO,,,2024-03-16 23:28:32,45170,2023,9,NON TITO,,,JAWA TIMUR,0.75,YELLOW,1313085993,AREA 3,JATIM,MADIUN,MADIUN,,,0,0,0,JAWA TIMUR,NGAWI,JOGOROGO,JOGOROGO,NGAWI
1039918550,,ODP-MGT-FA/44,-7.610447,111.296755,,,9,7,0,0,16,REGIONAL 5,MADIUN,NGAWI,MGT,,,2024-03-16 23:23:43,42678,2016,11,NON TITO,,,JAWA TIMUR,0.4375,YELLOW,37212129,AREA 3,JATIM,MADIUN,MADIUN,,,0,0,0,JAWA TIMUR,MAGETAN,PANEKAN,TURI,NGAWI
11802043695,,ODP-NWI-FS/24,-7.481711,111.51219,,,4,4,0,0,8,REGIONAL 5,MADIUN,NGAWI,NWI,,,2024-10-01 17:34:00,45565,2024,9,NON TITO,,,JAWA TIMUR,0.5,YELLOW,1464947421,AREA 3,JATIM,MADIUN,MADIUN,,,0,0,0,JAWA TIMUR,NGAWI,PANGKUR,WARUTENGAH,NGAWI
1345774559,,ODP-MGT-FU/51,-7.646614,111.327912,,,3,5,0,0,8,REGIONAL 5,MADIUN,NGAWI,MGT,,,2024-03-16 23:26:50,42830,2017,4,NON TITO,,,JAWA TIMUR,0.625,YELLOW,81184554,AREA 3,JATIM,MADIUN,MADIUN,,,0,0,0,JAWA TIMUR,MAGETAN,MAGETAN,KEPOLOREJO,NGAWI
10586818666,,ODP-JGO-FC/64,-7.532984,111.182372,,,3,5,0,0,8,REGIONAL 5,MADIUN,NGAWI,JGO,,,2024-03-16 23:25:07,45175,2023,9,NON TITO,,,JAWA TIMUR,0.625,YELLOW,1317579569,AREA 3,JATIM,MADIUN,MADIUN,,,0,0,0,JAWA TIMUR,NGAWI,SINE,NGRENDENG,NGAWI
387793234,,ODP-MGT-FA/17,-7.6434,111.3089,,,4,4,0,0,8,REGIONAL 5,MADIUN,NGAWI,MGT,,,2023-08-30 18:04:06,42502,2016,5,NON TITO,,,JAWA TIMUR,0.5,YELLOW,23426741,AREA 3,JATIM,MADIUN,MADIUN,,,0,0,0,JAWA TIMUR,MAGETAN,MAGETAN,SELOSARI,NGAWI
1092101967,,ODP-KRJ-FD/06,-7.448187,111.573853,,,3,5,0,0,8,REGIONAL 5,MADIUN,NGAWI,KRJ,,,2024-03-16 23:27:11,42720,2016,12,NON TITO,,,JAWA TIMUR,0.625,YELLOW,39046707,AREA 3,JATIM,MADIUN,MADIUN,,,0,0,0,JAWA TIMUR,NGAWI,KARANGJATI,SIDOKERTO,NGAWI
1092113396,,ODP-KRJ-FC/06,-7.454475,111.599657,,,2,6,0,0,8,REGIONAL 5,MADIUN,NGAWI,KRJ,,,2024-03-16 23:28:14,42721,2016,12,NON TITO,,,JAWA TIMUR,0.75,YELLOW,39056381,AREA 3,JATIM,MADIUN,MADIUN,,,0,0,0,JAWA TIMUR,NGAWI,KARANGJATI,KARANGJATI,NGAWI
1092113390,,ODP-KRJ-FC/15,-7.455825,111.606406,,,4,12,0,0,16,REGIONAL 5,MADIUN,NGAWI,KRJ,,,2024-03-16 23:29:03,42721,2016,12,NON TITO,,,JAWA TIMUR,0.75,YELLOW,39056379,AREA 3,JATIM,MADIUN,MADIUN,,,0,0,0,JAWA TIMUR,NGAWI,KARANGJATI,KARANGJATI,NGAWI
4877370620,,ODP-GGR-FA/86,-7.691476,111.418408,,,4,12,0,0,16,REGIONAL 5,MADIUN,NGAWI,GGR,,,2023-08-30 18:00:11,43957,2020,5,NON TITO,,,JAWA TIMUR,0.75,YELLOW,828604484,AREA 3,JATIM,MADIUN,MADIUN,,,0,0,0,JAWA TIMUR,MAGETAN,KAWEDANAN,KAWEDANAN,NGAWI
8954218560,,ODP-WKU-FJ/32,-7.396575,111.336533,,,3,5,0,0,8,REGIONAL 5,MADIUN,NGAWI,WKU,,,2025-06-04 17:51:43,44743,2022,7,NON TITO,,,JAWA TIMUR,0.625,YELLOW,1188988026,AREA 3,JATIM,MADIUN,MADIUN,,,0,0,0,JAWA TIMUR,NGAWI,KEDUNGGALAR,JENGGRIK,NGAWI
1092102202,,ODP-KRJ-FD/07,-7.451584,111.570992,,,9,7,0,0,16,REGIONAL 5,MADIUN,NGAWI,KRJ,,,2024-03-16 23:27:06,42720,2016,12,NON TITO,,,JAWA TIMUR,0.4375,YELLOW,39046845,AREA 3,JATIM,MADIUN,MADIUN,,,0,0,0,JAWA TIMUR,NGAWI,KARANGJATI,BRANGOL,NGAWI
1345774595,,ODP-MGT-FK/27,-7.665573,111.316929,,,3,12,0,0,16,REGIONAL 5,MADIUN,NGAWI,MGT,,,2024-03-16 23:26:42,42830,2017,4,NON TITO,,,JAWA TIMUR,0.75,YELLOW,81698010,AREA 3,JATIM,MADIUN,MADIUN,,,0,0,0,JAWA TIMUR,MAGETAN,MAGETAN,RINGINAGUNG,NGAWI
1026868948,,ODP-NWI-FQ/26,-7.399798,111.447188,,,9,7,0,0,16,REGIONAL 5,MADIUN,NGAWI,NWI,,,2024-03-16 23:27:38,42674,2016,10,NON TITO,,,JAWA TIMUR,0.4375,YELLOW,37191158,AREA 3,JATIM,MADIUN,MADIUN,,,0,0,0,JAWA TIMUR,NGAWI,NGAWI,KETANGGI,NGAWI
1092100764,,ODP-KRJ-FD/13,-7.44184,111.547266,,,5,11,0,0,16,REGIONAL 5,MADIUN,NGAWI,KRJ,,,2024-03-16 23:26:45,42720,2016,12,NON TITO,,,JAWA TIMUR,0.6875,YELLOW,39114490,AREA 3,JATIM,MADIUN,MADIUN,,,0,0,0,JAWA TIMUR,NGAWI,PADAS,KEDUNG PRAHU,NGAWI
1000093913,,ODP-MGT-FA/41,-7.648173,111.320467,,,4,4,0,0,8,REGIONAL 5,MADIUN,NGAWI,MGT,,,2024-03-16 23:23:28,42663,2016,10,NON TITO,,,JAWA TIMUR,0.5,YELLOW,36802506,AREA 3,JATIM,MADIUN,MADIUN,,,0,0,0,JAWA TIMUR,MAGETAN,MAGETAN,TAWANGANOM,NGAWI
1092100759,,ODP-KRJ-FD/04,-7.442104,111.5526,,,2,6,0,0,8,REGIONAL 5,MADIUN,NGAWI,KRJ,,,2024-03-16 23:26:44,42720,2016,12,NON TITO,,,JAWA TIMUR,0.75,YELLOW,39114487,AREA 3,JATIM,MADIUN,MADIUN,,,0,0,0,JAWA TIMUR,NGAWI,PADAS,KEDUNG PRAHU,NGAWI
1359796662,,ODP-JGO-FB/01,-7.548761,111.296327,,,3,5,0,0,8,REGIONAL 5,MADIUN,NGAWI,JGO,,,2024-03-16 23:28:05,42840,2017,4,NON TITO,,,JAWA TIMUR,0.625,YELLOW,81740787,AREA 3,JATIM,MADIUN,MADIUN,,,0,0,0,JAWA TIMUR,NGAWI,KENDAL,KENDAL,NGAWI
1092100509,,ODP-KRJ-FD/19,-7.44778,111.546048,,,7,9,0,0,16,REGIONAL 5,MADIUN,NGAWI,KRJ,,,2024-03-16 23:26:22,42720,2016,12,NON TITO,,,JAWA TIMUR,0.5625,YELLOW,39114345,AREA 3,JATIM,MADIUN,MADIUN,,,0,0,0,JAWA TIMUR,NGAWI,PADAS,SUKOWIYONO,NGAWI
1004218778,,ODP-MGT-FF/08,-7.646755,111.346693,,,7,9,0,0,16,REGIONAL 5,MADIUN,NGAWI,MGT,,,2024-03-16 23:22:06,42664,2016,10,NON TITO,,,JAWA TIMUR,0.5625,YELLOW,36807961,AREA 3,JATIM,MADIUN,MADIUN,,,0,0,0,JAWA TIMUR,MAGETAN,MAGETAN,PURWOSARI,NGAWI
1359796656,,ODP-JGO-FB/10,-7.561483,111.288556,,,8,8,0,0,16,REGIONAL 5,MADIUN,NGAWI,JGO,,,2024-03-16 23:26:19,42840,2017,4,NON TITO,,,JAWA TIMUR,0.5,YELLOW,81740783,AREA 3,JATIM,MADIUN,MADIUN,,,0,0,0,JAWA TIMUR,NGAWI,KENDAL,KENDAL,NGAWI
1004219159,,ODP-MGT-FA/38,-7.646045,111.317526,,,8,8,0,0,16,REGIONAL 5,MADIUN,NGAWI,MGT,,,2024-03-16 23:22:43,42667,2016,10,NON TITO,,,JAWA TIMUR,0.5,YELLOW,36821162,AREA 3,JATIM,MADIUN,MADIUN,,,0,0,0,JAWA TIMUR,MAGETAN,MAGETAN,TAWANGANOM,NGAWI
1092100504,,ODP-KRJ-FD/09,-7.447018,111.565997,,,1,6,0,0,8,REGIONAL 5,MADIUN,NGAWI,KRJ,,,2024-03-16 23:26:32,42720,2016,12,NON TITO,,,JAWA TIMUR,0.75,YELLOW,39114342,AREA 3,JATIM,MADIUN,MADIUN,,,0,0,0,JAWA TIMUR,NGAWI,KARANGJATI,SIDOKERTO,NGAWI
1359796653,,ODP-JGO-FB/40,-7.576065,111.28985,,,9,7,0,0,16,REGIONAL 5,MADIUN,NGAWI,JGO,,,2024-03-16 23:27:58,42840,2017,4,NON TITO,,,JAWA TIMUR,0.4375,YELLOW,81740781,AREA 3,JATIM,MADIUN,MADIUN,,,0,0,0,JAWA TIMUR,NGAWI,KENDAL,SIDOREJO,NGAWI
1345778339,,ODP-MGT-FK/21,-7.65394,111.31387,,,8,8,0,0,16,REGIONAL 5,MADIUN,NGAWI,MGT,,,2024-03-16 23:26:41,42830,2017,4,NON TITO,,,JAWA TIMUR,0.5,YELLOW,81698672,AREA 3,JATIM,MADIUN,MADIUN,,,0,0,0,JAWA TIMUR,MAGETAN,MAGETAN,SELOSARI,NGAWI
1092100489,,ODP-KRJ-FD/24,-7.444897,111.550943,,,2,6,0,0,8,REGIONAL 5,MADIUN,NGAWI,KRJ,,,2024-03-16 23:26:48,42720,2016,12,NON TITO,,,JAWA TIMUR,0.75,YELLOW,39114333,AREA 3,JATIM,MADIUN,MADIUN,,,0,0,0,JAWA TIMUR,NGAWI,PADAS,KEDUNG PRAHU,NGAWI
10555918690,,ODP-WKU-FK/13,-7.473422,111.270466,,,2,6,0,0,8,REGIONAL 5,MADIUN,NGAWI,WKU,,,2026-04-08 18:06:26,45166,2023,8,NON TITO,,,JAWA TIMUR,0.75,YELLOW,1312700138,AREA 3,JATIM,MADIUN,MADIUN,,,0,0,0,JAWA TIMUR,NGAWI,KEDUNGGALAR,BEGAL,NGAWI
1345774517,,ODP-MGT-FK/41,-7.653262,111.305386,,,7,9,0,0,16,REGIONAL 5,MADIUN,NGAWI,MGT,,,2024-03-16 23:26:28,42830,2017,4,NON TITO,,,JAWA TIMUR,0.5625,YELLOW,81184538,AREA 3,JATIM,MADIUN,MADIUN,,,0,0,0,JAWA TIMUR,MAGETAN,MAGETAN,CANDIREJO,NGAWI
11802043630,,ODP-NWI-FS/22,-7.483335,111.517195,,,4,4,0,0,8,REGIONAL 5,MADIUN,NGAWI,NWI,,,2024-10-01 17:34:08,45565,2024,9,NON TITO,,,JAWA TIMUR,0.5,YELLOW,1464947380,AREA 3,JATIM,MADIUN,MADIUN,,,0,0,0,JAWA TIMUR,NGAWI,PANGKUR,WARUTENGAH,NGAWI
11847718600,,ODP-JGO-FC/67,-7.511823,111.200882,,,4,4,0,0,8,REGIONAL 5,MADIUN,NGAWI,JGO,,,2024-10-18 17:27:31,45582,2024,10,NON TITO,,,JAWA TIMUR,0.5,YELLOW,1465696592,AREA 3,JATIM,MADIUN,MADIUN,,,0,0,0,JAWA TIMUR,NGAWI,NGRAMBE,NGRAMBE,NGAWI
1098064469,,ODP-NWI-FJ/20,-7.441682,111.386658,,,6,10,0,0,16,REGIONAL 5,MADIUN,NGAWI,NWI,,,2024-03-16 23:27:20,42725,2016,12,NON TITO,,,JAWA TIMUR,0.625,YELLOW,39077174,AREA 3,JATIM,MADIUN,MADIUN,,,0,0,0,JAWA TIMUR,NGAWI,PARON,GELUNG,NGAWI
1345774636,,ODP-MGT-FK/17,-7.64606,111.318219,,,5,11,0,0,16,REGIONAL 5,MADIUN,NGAWI,MGT,,,2024-03-16 23:25:32,42830,2017,4,NON TITO,,,JAWA TIMUR,0.6875,YELLOW,81698033,AREA 3,JATIM,MADIUN,MADIUN,,,0,0,0,JAWA TIMUR,MAGETAN,MAGETAN,TAWANGANOM,NGAWI
1092114252,,ODP-KRJ-FC/18,-7.456034,111.609805,,,4,4,0,0,8,REGIONAL 5,MADIUN,NGAWI,KRJ,,,2024-03-16 23:22:17,42721,2016,12,NON TITO,,,JAWA TIMUR,0.5,YELLOW,39056648,AREA 3,JATIM,MADIUN,MADIUN,,,0,0,0,JAWA TIMUR,NGAWI,KARANGJATI,KARANGJATI,NGAWI
1345774540,,ODP-MGT-FK/37,-7.658377,111.322339,,,6,10,0,0,16,REGIONAL 5,MADIUN,NGAWI,MGT,,,2024-03-16 23:26:44,42830,2017,4,NON TITO,,,JAWA TIMUR,0.625,YELLOW,81184547,AREA 3,JATIM,MADIUN,MADIUN,,,0,0,0,JAWA TIMUR,MAGETAN,MAGETAN,RINGINAGUNG,NGAWI
4770346095,,ODP-GGR-FC/49,-7.687704,111.454541,,,2,6,0,0,8,REGIONAL 5,MADIUN,NGAWI,GGR,,,2023-08-30 18:00:47,43922,2020,4,NON TITO,,,JAWA TIMUR,0.75,YELLOW,827649259,AREA 3,JATIM,MADIUN,MADIUN,,,0,0,0,JAWA TIMUR,MAGETAN,TAKERAN,KUWONHARJO,NGAWI
10659343531,,ODP-NWI-FK/19,-7.358671,111.497313,,,3,5,0,0,8,REGIONAL 5,MADIUN,NGAWI,NWI,,,2024-03-16 23:29:05,45187,2023,9,NON TITO,,,JAWA TIMUR,0.625,YELLOW,1322305771,AREA 3,JATIM,MADIUN,MADIUN,,,0,0,0,JAWA TIMUR,BOJONEGORO,MARGOMULYO,MARGOMULYO,NGAWI
1092113958,,ODP-KRJ-FC/04,-7.459154,111.610314,,,8,8,0,0,16,REGIONAL 5,MADIUN,NGAWI,KRJ,,,2024-03-16 23:22:21,42721,2016,12,NON TITO,,,JAWA TIMUR,0.5,YELLOW,39056555,AREA 3,JATIM,MADIUN,MADIUN,,,0,0,0,JAWA TIMUR,NGAWI,KARANGJATI,LEGUNDI,NGAWI
1020643864,,ODP-MGT-FM/02,-7.657239,111.279546,,,4,12,0,0,16,REGIONAL 5,MADIUN,NGAWI,MGT,,,2024-03-16 23:26:56,42670,2016,10,NON TITO,,,JAWA TIMUR,0.75,YELLOW,37018652,AREA 3,JATIM,MADIUN,MADIUN,,,0,0,0,JAWA TIMUR,MAGETAN,SIDOREJO,SIDOREJO,NGAWI
1345774626,,ODP-MGT-FK/36,-7.65814,111.324509,,,4,12,0,0,16,REGIONAL 5,MADIUN,NGAWI,MGT,,,2024-03-16 23:25:45,42830,2017,4,NON TITO,,,JAWA TIMUR,0.75,YELLOW,81698026,AREA 3,JATIM,MADIUN,MADIUN,,,0,0,0,JAWA TIMUR,MAGETAN,MAGETAN,MAGETAN,NGAWI
10324918721,,ODP-JGO-FA/81,-7.522323,111.22743,,,9,7,0,0,16,REGIONAL 5,MADIUN,NGAWI,JGO,,,2024-03-16 23:23:53,45104,2023,6,NON TITO,,,JAWA TIMUR,0.4375,YELLOW,1300666535,AREA 3,JATIM,MADIUN,MADIUN,,,0,0,0,JAWA TIMUR,NGAWI,NGRAMBE,SETONO,NGAWI
387851804,,ODP-GGR-FA/01,-7.6912,111.4178,,,7,9,0,0,16,REGIONAL 5,MADIUN,NGAWI,GGR,,,2023-07-28 17:55:03,42502,2016,5,NON TITO,,,JAWA TIMUR,0.5625,YELLOW,23485552,AREA 3,JATIM,MADIUN,MADIUN,,,0,0,0,JAWA TIMUR,MAGETAN,KAWEDANAN,KAWEDANAN,NGAWI
1092113752,,ODP-KRJ-FC/13,-7.446703,111.621979,,,8,8,0,0,16,REGIONAL 5,MADIUN,NGAWI,KRJ,,,2024-03-16 23:21:44,42721,2016,12,NON TITO,,,JAWA TIMUR,0.5,YELLOW,39056490,AREA 3,JATIM,MADIUN,MADIUN,,,0,0,0,JAWA TIMUR,NGAWI,KARANGJATI,REJOMULYO,NGAWI
1092092053,,ODP-KRJ-FB/07,-7.468465,111.605839,,,7,9,0,0,16,REGIONAL 5,MADIUN,NGAWI,KRJ,,,2024-03-16 23:24:34,42719,2016,12,NON TITO,,,JAWA TIMUR,0.5625,YELLOW,39039755,AREA 3,JATIM,MADIUN,MADIUN,,,0,0,0,JAWA TIMUR,NGAWI,KARANGJATI,SAWO,NGAWI
1339253535,,ODP-MGT-FZ/15,-7.682008,111.283239,,,7,9,0,0,16,REGIONAL 5,MADIUN,NGAWI,MGT,,,2024-03-16 23:24:49,42825,2017,3,NON TITO,,,JAWA TIMUR,0.5625,YELLOW,81682534,AREA 3,JATIM,MADIUN,MADIUN,,,0,0,0,JAWA TIMUR,MAGETAN,PLAOSAN,SIDOMUKTI,NGAWI
387792266,,ODP-WKU-FAA/01,-7.4804,111.2093,,,7,9,0,0,16,REGIONAL 5,MADIUN,NGAWI,WKU,,,2023-08-30 18:01:59,42502,2016,5,NON TITO,,,JAWA TIMUR,0.5625,YELLOW,23426192,AREA 3,JATIM,MADIUN,MADIUN,,,0,0,0,JAWA TIMUR,NGAWI,NGRAMBE,PUCANGAN,NGAWI
1054693697,,ODP-MGT-FB/50,-7.617638,111.350198,,,4,4,0,0,8,REGIONAL 5,MADIUN,NGAWI,MGT,,,2024-03-16 23:24:47,42688,2016,11,NON TITO,,,JAWA TIMUR,0.5,YELLOW,38471898,AREA 3,JATIM,MADIUN,MADIUN,,,0,0,0,JAWA TIMUR,MAGETAN,SUKOMORO,KENTANGAN,NGAWI
1345774533,,ODP-MGT-FK/26,-7.653874,111.303024,,,2,6,0,0,8,REGIONAL 5,MADIUN,NGAWI,MGT,,,2024-03-16 23:25:45,42830,2017,4,NON TITO,,,JAWA TIMUR,0.75,YELLOW,81697987,AREA 3,JATIM,MADIUN,MADIUN,,,0,0,0,JAWA TIMUR,MAGETAN,SIDOREJO,CAMPURSARI,NGAWI
1053353008,,ODP-MGT-FAC/01,-7.652618,111.292563,,,4,4,0,0,8,REGIONAL 5,MADIUN,NGAWI,MGT,,,2024-03-16 23:25:01,42686,2016,11,NON TITO,,,JAWA TIMUR,0.5,YELLOW,38534127,AREA 3,JATIM,MADIUN,MADIUN,,,0,0,0,JAWA TIMUR,MAGETAN,SIDOREJO,KALANG,NGAWI
387778407,,ODP-NWI-FB/25,-7.4388,111.4388,,,2,6,0,0,8,REGIONAL 5,MADIUN,NGAWI,NWI,,,2023-08-30 18:07:44,42502,2016,5,NON TITO,,,JAWA TIMUR,0.75,YELLOW,23416890,AREA 3,JATIM,MADIUN,MADIUN,,,0,0,0,JAWA TIMUR,NGAWI,GENENG,KLITIK,NGAWI
1345774545,,ODP-MGT-FK/35,-7.659055,111.32453,,,4,12,0,0,16,REGIONAL 5,MADIUN,NGAWI,MGT,,,2024-03-16 23:26:51,42830,2017,4,NON TITO,,,JAWA TIMUR,0.75,YELLOW,81697992,AREA 3,JATIM,MADIUN,MADIUN,,,0,0,0,JAWA TIMUR,MAGETAN,MAGETAN,MAGETAN,NGAWI
1345774574,,ODP-MGT-FK/32,-7.660404,111.325547,,,8,8,0,0,16,REGIONAL 5,MADIUN,NGAWI,MGT,,,2024-03-16 23:26:41,42830,2017,4,NON TITO,,,JAWA TIMUR,0.5,YELLOW,81697998,AREA 3,JATIM,MADIUN,MADIUN,,,0,0,0,JAWA TIMUR,MAGETAN,MAGETAN,MAGETAN,NGAWI
1092092290,,ODP-KRJ-FB/05,-7.4894,111.596265,,,2,6,0,0,8,REGIONAL 5,MADIUN,NGAWI,KRJ,,,2024-03-16 23:24:01,42719,2016,12,NON TITO,,,JAWA TIMUR,0.75,YELLOW,38931888,AREA 3,JATIM,MADIUN,MADIUN,,,0,0,0,JAWA TIMUR,NGAWI,KARANGJATI,SEMBUNG,NGAWI
11803023339,,ODP-NWI-FH/52,-7.389425,111.41195,,,4,4,0,0,8,REGIONAL 5,MADIUN,NGAWI,NWI,,,2024-10-11 17:27:33,45575,2024,10,NON TITO,,,JAWA TIMUR,0.5,YELLOW,1465241230,AREA 3,JATIM,MADIUN,MADIUN,,,0,0,0,JAWA TIMUR,NGAWI,NGAWI,WATUALANG,NGAWI
1092092169,,ODP-KRJ-FB/03,-7.489047,111.593662,,,7,9,0,0,16,REGIONAL 5,MADIUN,NGAWI,KRJ,,,2024-03-16 23:24:35,42719,2016,12,NON TITO,,,JAWA TIMUR,0.5625,YELLOW,38931816,AREA 3,JATIM,MADIUN,MADIUN,,,0,0,0,JAWA TIMUR,NGAWI,KARANGJATI,SEMBUNG,NGAWI
387780568,,ODP-NWI-FD/19,-7.405891,111.427031,,,3,12,0,0,16,REGIONAL 5,MADIUN,NGAWI,NWI,,,2023-08-30 18:01:29,42502,2016,5,NON TITO,,,JAWA TIMUR,0.75,YELLOW,23418675,AREA 3,JATIM,MADIUN,MADIUN,,,0,0,0,JAWA TIMUR,NGAWI,NGAWI,GRUDO,NGAWI
1092092162,,ODP-KRJ-FB/08,-7.476523,111.602781,,,7,9,0,0,16,REGIONAL 5,MADIUN,NGAWI,KRJ,,,2024-03-16 23:24:27,42719,2016,12,NON TITO,,,JAWA TIMUR,0.5625,YELLOW,38931812,AREA 3,JATIM,MADIUN,MADIUN,,,0,0,0,JAWA TIMUR,NGAWI,KARANGJATI,PUHTI,NGAWI
1053353161,,ODP-MGT-FAC/02,-7.653402,111.305585,,,2,6,0,0,8,REGIONAL 5,MADIUN,NGAWI,MGT,,,2024-03-16 23:24:24,42686,2016,11,NON TITO,,,JAWA TIMUR,0.75,YELLOW,38534217,AREA 3,JATIM,MADIUN,MADIUN,,,0,0,0,JAWA TIMUR,MAGETAN,SIDOREJO,CAMPURSARI,NGAWI
10446568580,,ODP-MGT-FAG/17,-7.63401,111.380696,,,3,4,0,0,8,REGIONAL 5,MADIUN,NGAWI,MGT,,,2024-03-16 23:28:34,45134,2023,7,NON TITO,,,JAWA TIMUR,0.5,YELLOW,1305790997,AREA 3,JATIM,MADIUN,MADIUN,,,0,0,0,JAWA TIMUR,MAGETAN,SUKOMORO,SUKOMORO,NGAWI
4976968780,,ODP-GGR-FF/04,-7.666847,111.436809,,,2,6,0,0,8,REGIONAL 5,MADIUN,NGAWI,GGR,,,2023-08-30 18:08:58,43971,2020,5,NON TITO,,,JAWA TIMUR,0.75,YELLOW,830162486,AREA 3,JATIM,MADIUN,MADIUN,,,0,0,0,JAWA TIMUR,MAGETAN,BENDO,PINGKUK,NGAWI
8368243884,,ODP-WKU-FJ/59,-7.414349,111.315056,,,2,6,0,0,8,REGIONAL 5,MADIUN,NGAWI,WKU,,,2025-06-04 17:50:11,44582,2022,1,NON TITO,,,JAWA TIMUR,0.75,YELLOW,1165097794,AREA 3,JATIM,MADIUN,MADIUN,,,0,0,0,JAWA TIMUR,NGAWI,KEDUNGGALAR,JENGGRIK,NGAWI
10410044181,,ODP-JGO-FA/83,-7.512811,111.26066,,,3,5,0,0,8,REGIONAL 5,MADIUN,NGAWI,JGO,,,2024-03-16 23:26:21,45131,2023,7,NON TITO,,,JAWA TIMUR,0.625,YELLOW,1303903641,AREA 3,JATIM,MADIUN,MADIUN,,,0,0,0,JAWA TIMUR,NGAWI,JOGOROGO,DAWUNG,NGAWI
1092091440,,ODP-KRJ-FB/16,-7.487408,111.604732,,,8,8,0,0,16,REGIONAL 5,MADIUN,NGAWI,KRJ,,,2024-03-16 23:24:37,42719,2016,12,NON TITO,,,JAWA TIMUR,0.5,YELLOW,38931663,AREA 3,JATIM,MADIUN,MADIUN,,,0,0,0,JAWA TIMUR,MADIUN,PILANGKENCENG,MUNENG,NGAWI
8368243879,,ODP-WKU-FJ/61,-7.4167,111.31116,,,4,4,0,0,8,REGIONAL 5,MADIUN,NGAWI,WKU,,,2025-06-04 17:50:41,44582,2022,1,NON TITO,,,JAWA TIMUR,0.5,YELLOW,1165097786,AREA 3,JATIM,MADIUN,MADIUN,,,0,0,0,JAWA TIMUR,NGAWI,KEDUNGGALAR,KEDUNGGALAR,NGAWI
1345774578,,ODP-MGT-FK/33,-7.659791,111.325924,,,4,12,0,0,16,REGIONAL 5,MADIUN,NGAWI,MGT,,,2024-03-16 23:26:42,42830,2017,4,NON TITO,,,JAWA TIMUR,0.75,YELLOW,81698000,AREA 3,JATIM,MADIUN,MADIUN,,,0,0,0,JAWA TIMUR,MAGETAN,MAGETAN,MAGETAN,NGAWI
10409294127,,ODP-NWI-FH/43,-7.382893,111.407658,,,6,10,0,0,16,REGIONAL 5,MADIUN,NGAWI,NWI,,,2024-03-16 23:26:02,45121,2023,7,NON TITO,,,JAWA TIMUR,0.625,YELLOW,1303297870,AREA 3,JATIM,MADIUN,MADIUN,,,0,0,0,JAWA TIMUR,NGAWI,PITU,PITU,NGAWI
1345774589,,ODP-MGT-FK/34,-7.658968,111.32632,,,6,10,0,0,16,REGIONAL 5,MADIUN,NGAWI,MGT,,,2024-03-16 23:26:44,42830,2017,4,NON TITO,,,JAWA TIMUR,0.625,YELLOW,81698006,AREA 3,JATIM,MADIUN,MADIUN,,,0,0,0,JAWA TIMUR,MAGETAN,MAGETAN,MAGETAN,NGAWI
11803023041,,ODP-JGO-FA/100,-7.519793,111.228252,,,2,6,0,0,8,REGIONAL 5,MADIUN,NGAWI,JGO,,,2024-10-11 17:26:44,45575,2024,10,NON TITO,,,JAWA TIMUR,0.75,YELLOW,1465240720,AREA 3,JATIM,MADIUN,MADIUN,,,0,0,0,JAWA TIMUR,NGAWI,NGRAMBE,SETONO,NGAWI
8368243864,,ODP-WKU-FJ/57,-7.41374,111.331015,,,2,6,0,0,8,REGIONAL 5,MADIUN,NGAWI,WKU,,,2025-06-04 17:50:40,44582,2022,1,NON TITO,,,JAWA TIMUR,0.75,YELLOW,1165097773,AREA 3,JATIM,MADIUN,MADIUN,,,0,0,0,JAWA TIMUR,NGAWI,KEDUNGGALAR,JENGGRIK,NGAWI
1087620647,,ODP-MGT-FE/32,-7.622926,111.317676,,,6,10,0,0,16,REGIONAL 5,MADIUN,NGAWI,MGT,,,2024-03-16 23:28:22,42709,2016,12,NON TITO,,,JAWA TIMUR,0.625,YELLOW,38728975,AREA 3,JATIM,MADIUN,MADIUN,,,0,0,0,JAWA TIMUR,MAGETAN,PANEKAN,MILANGASRI,NGAWI
8368243874,,ODP-WKU-FJ/62,-7.415581,111.310373,,,1,6,1,0,8,REGIONAL 5,MADIUN,NGAWI,WKU,,,2025-06-04 17:49:56,44582,2022,1,NON TITO,,,JAWA TIMUR,0.75,YELLOW,1165097782,AREA 3,JATIM,MADIUN,MADIUN,,,0,0,0,JAWA TIMUR,NGAWI,KEDUNGGALAR,KEDUNGGALAR,NGAWI
1074568951,,ODP-MGT-FK/03,-7.65432,111.31052,,,6,9,0,0,16,REGIONAL 5,MADIUN,NGAWI,MGT,,,2024-03-16 23:23:48,42698,2016,11,NON TITO,,,JAWA TIMUR,0.5625,YELLOW,38683072,AREA 3,JATIM,MADIUN,MADIUN,,,0,0,0,JAWA TIMUR,MAGETAN,MAGETAN,CANDIREJO,NGAWI
1054995749,,ODP-NWI-FF/31,-7.42731,111.440301,,,3,5,0,0,8,REGIONAL 5,MADIUN,NGAWI,NWI,,,2024-03-16 23:26:41,42691,2016,11,NON TITO,,,JAWA TIMUR,0.625,YELLOW,38559954,AREA 3,JATIM,MADIUN,MADIUN,,,0,0,0,JAWA TIMUR,NGAWI,GENENG,KLITIK,NGAWI
1074122185,,ODP-MGT-FZ/20,-7.684065,111.251811,,,4,12,0,0,16,REGIONAL 5,MADIUN,NGAWI,MGT,,,2024-03-16 23:26:31,42698,2016,11,NON TITO,,,JAWA TIMUR,0.75,YELLOW,38675503,AREA 3,JATIM,MADIUN,MADIUN,,,0,0,0,JAWA TIMUR,MAGETAN,PLAOSAN,PLAOSAN,NGAWI
10435318929,,ODP-NWI-FC/134,-7.420623,111.453418,,,3,5,0,0,8,REGIONAL 5,MADIUN,NGAWI,NWI,,,2024-03-16 23:24:03,45133,2023,7,NON TITO,,,JAWA TIMUR,0.625,YELLOW,1303909972,AREA 3,JATIM,MADIUN,MADIUN,,,0,0,0,JAWA TIMUR,NGAWI,NGAWI,KARTOHARJO,NGAWI
10561393594,,ODP-KRJ-FC/39,-7.435978,111.604479,,,2,6,0,0,8,REGIONAL 5,MADIUN,NGAWI,KRJ,,,2024-03-16 23:22:35,45168,2023,8,NON TITO,,,JAWA TIMUR,0.75,YELLOW,1312785865,AREA 3,JATIM,MADIUN,MADIUN,,,0,0,0,JAWA TIMUR,NGAWI,BRINGIN,SUMBERBENING,NGAWI
387789702,,ODP-MGT-FE/17,-7.6326,111.3252,,,3,5,0,0,8,REGIONAL 5,MADIUN,NGAWI,MGT,,,2023-08-30 18:01:30,42502,2016,5,NON TITO,,,JAWA TIMUR,0.625,YELLOW,23424690,AREA 3,JATIM,MADIUN,MADIUN,,,0,0,0,JAWA TIMUR,MAGETAN,MAGETAN,TAWANGANOM,NGAWI
1040368845,,ODP-MGT-FA/48,-7.64556,111.31731,,,5,9,0,0,16,REGIONAL 5,MADIUN,NGAWI,MGT,,,2024-03-16 23:29:07,42678,2016,11,NON TITO,,,JAWA TIMUR,0.5625,YELLOW,37422825,AREA 3,JATIM,MADIUN,MADIUN,,,0,0,0,JAWA TIMUR,MAGETAN,MAGETAN,TAWANGANOM,NGAWI
10555993539,,ODP-NWI-FA/113,-7.501286,111.413398,,,2,6,0,0,8,REGIONAL 5,MADIUN,NGAWI,NWI,,,2024-03-16 23:23:28,45163,2023,8,NON TITO,,,JAWA TIMUR,0.75,YELLOW,1312404291,AREA 3,JATIM,MADIUN,MADIUN,,,0,0,0,JAWA TIMUR,NGAWI,GERIH,GUYUNG,NGAWI
1092092046,,ODP-KRJ-FB/20,-7.494645,111.602135,,,2,6,0,0,8,REGIONAL 5,MADIUN,NGAWI,KRJ,,,2024-03-16 23:24:36,42719,2016,12,NON TITO,,,JAWA TIMUR,0.75,YELLOW,39039751,AREA 3,JATIM,MADIUN,MADIUN,,,0,0,0,JAWA TIMUR,MADIUN,BALEREJO,SIMO,NGAWI
10324918833,,ODP-NWI-FB/113,-7.464613,111.430944,,,4,4,0,0,8,REGIONAL 5,MADIUN,NGAWI,NWI,,,2024-03-16 23:23:46,45104,2023,6,NON TITO,,,JAWA TIMUR,0.5,YELLOW,1300668060,AREA 3,JATIM,MADIUN,MADIUN,,,0,0,0,JAWA TIMUR,NGAWI,PARON,TEMPURAN,NGAWI
10554268534,,ODP-JGO-FF/11,-7.48106,111.169971,,,2,6,0,0,8,REGIONAL 5,MADIUN,NGAWI,JGO,,,2024-03-16 23:25:11,45162,2023,8,NON TITO,,,JAWA TIMUR,0.75,YELLOW,1312401376,AREA 3,JATIM,MADIUN,MADIUN,,,0,0,0,JAWA TIMUR,NGAWI,SINE,TULAKAN,NGAWI
1345778200,,ODP-MGT-FU/50,-7.646568,111.329261,,,7,9,0,0,16,REGIONAL 5,MADIUN,NGAWI,MGT,,,2024-03-16 23:27:40,42830,2017,4,NON TITO,,,JAWA TIMUR,0.5625,YELLOW,81186144,AREA 3,JATIM,MADIUN,MADIUN,,,0,0,0,JAWA TIMUR,MAGETAN,MAGETAN,KEPOLOREJO,NGAWI
1345778259,,ODP-MGT-FK/23,-7.65416,111.31702,,,5,11,0,0,16,REGIONAL 5,MADIUN,NGAWI,MGT,,,2024-03-16 23:27:25,42830,2017,4,NON TITO,,,JAWA TIMUR,0.6875,YELLOW,81186167,AREA 3,JATIM,MADIUN,MADIUN,,,0,0,0,JAWA TIMUR,MAGETAN,MAGETAN,SELOSARI,NGAWI
387790588,,ODP-NWI-FG/30,-7.39745,111.445773,,,6,10,0,0,16,REGIONAL 5,MADIUN,NGAWI,NWI,,,2023-08-30 18:05:38,42502,2016,5,NON TITO,,,JAWA TIMUR,0.625,YELLOW,23425211,AREA 3,JATIM,MADIUN,MADIUN,,,0,0,0,JAWA TIMUR,NGAWI,NGAWI,KETANGGI,NGAWI
10539193830,,ODP-WKU-FC/40,-7.402627,111.226001,,,2,6,0,0,8,REGIONAL 5,MADIUN,NGAWI,WKU,,,2024-03-16 23:23:35,45157,2023,8,NON TITO,,,JAWA TIMUR,0.75,YELLOW,1312104112,AREA 3,JATIM,MADIUN,MADIUN,,,0,0,0,JAWA TIMUR,NGAWI,WIDODAREN,WALIKUKUN,NGAWI
10338268817,,ODP-NWI-FH/42,-7.381711,111.41177,,,3,5,0,0,8,REGIONAL 5,MADIUN,NGAWI,NWI,,,2024-03-16 23:28:35,45112,2023,7,NON TITO,,,JAWA TIMUR,0.625,YELLOW,1301493622,AREA 3,JATIM,MADIUN,MADIUN,,,0,0,0,JAWA TIMUR,NGAWI,PITU,PITU,NGAWI
1061068937,,ODP-NWI-FA/54,-7.4856,111.38456,,,3,5,0,0,8,REGIONAL 5,MADIUN,NGAWI,NWI,,,2024-03-16 23:22:00,42695,2016,11,NON TITO,,,JAWA TIMUR,0.625,YELLOW,38594281,AREA 3,JATIM,MADIUN,MADIUN,,,0,0,0,JAWA TIMUR,NGAWI,PARON,KEDUNG PUTRI,NGAWI
11803693757,,ODP-WKU-FA/70,-7.378487,111.222936,,,4,4,0,0,8,REGIONAL 5,MADIUN,NGAWI,WKU,,,2024-10-03 17:36:23,45567,2024,10,NON TITO,,,JAWA TIMUR,0.5,YELLOW,1463281126,AREA 3,JATIM,MADIUN,MADIUN,,,0,0,0,JAWA TIMUR,NGAWI,WIDODAREN,WIDODAREN,NGAWI
10496294471,,ODP-WKU-FG/24,-7.388023,111.261101,,,4,4,0,0,8,REGIONAL 5,MADIUN,NGAWI,WKU,,,2024-03-16 23:23:00,45154,2023,8,NON TITO,,,JAWA TIMUR,0.5,YELLOW,1311581043,AREA 3,JATIM,MADIUN,MADIUN,,,0,0,0,JAWA TIMUR,NGAWI,WIDODAREN,SIDOLAJU,NGAWI
4950943571,,ODP-JGO-FB/53,-7.567917,111.308539,,,4,12,0,0,16,REGIONAL 5,MADIUN,NGAWI,JGO,,,2023-08-30 17:59:27,43960,2020,5,NON TITO,,,JAWA TIMUR,0.75,YELLOW,829547128,AREA 3,JATIM,MADIUN,MADIUN,,,0,0,0,JAWA TIMUR,NGAWI,KENDAL,PLOSO,NGAWI
1047869913,,ODP-SAR-FB/25,-7.673115,111.239235,,,3,5,0,0,8,REGIONAL 5,MADIUN,NGAWI,SAR,,,2024-03-16 23:22:00,42684,2016,11,NON TITO,,,JAWA TIMUR,0.625,YELLOW,38449524,AREA 3,JATIM,MADIUN,MADIUN,,,0,0,0,JAWA TIMUR,MAGETAN,PLAOSAN,PLAOSAN,NGAWI
1092091720,,ODP-KRJ-FB/17,-7.488747,111.603297,,,2,6,0,0,8,REGIONAL 5,MADIUN,NGAWI,KRJ,,,2024-03-16 23:24:22,42719,2016,12,NON TITO,,,JAWA TIMUR,0.75,YELLOW,39039559,AREA 3,JATIM,MADIUN,MADIUN,,,0,0,0,JAWA TIMUR,MADIUN,PILANGKENCENG,MUNENG,NGAWI
6086445843,,ODP-WKU-FJ/39,-7.41525,111.313534,,,4,4,0,0,8,REGIONAL 5,MADIUN,NGAWI,WKU,,,2025-06-04 17:49:58,44260,2021,3,NON TITO,,,JAWA TIMUR,0.5,YELLOW,865040401,AREA 3,JATIM,MADIUN,MADIUN,,,0,0,0,JAWA TIMUR,NGAWI,KEDUNGGALAR,KEDUNGGALAR,NGAWI
1092091701,,ODP-KRJ-FB/22,-7.490886,111.601404,,,5,11,0,0,16,REGIONAL 5,MADIUN,NGAWI,KRJ,,,2024-03-16 23:23:58,42719,2016,12,NON TITO,,,JAWA TIMUR,0.6875,YELLOW,39039548,AREA 3,JATIM,MADIUN,MADIUN,,,0,0,0,JAWA TIMUR,MADIUN,BALEREJO,SIMO,NGAWI
1045545024,,ODP-NWI-FJ/19,-7.45942,111.36269,,,3,5,0,0,8,REGIONAL 5,MADIUN,NGAWI,NWI,,,2024-03-16 23:21:59,42682,2016,11,NON TITO,,,JAWA TIMUR,0.625,YELLOW,37228198,AREA 3,JATIM,MADIUN,MADIUN,,,0,0,0,JAWA TIMUR,NGAWI,PARON,SEMEN,NGAWI
1093544555,,ODP-NWI-FA/55,-7.48252,111.37676,,,4,4,0,0,8,REGIONAL 5,MADIUN,NGAWI,NWI,,,2024-03-16 23:27:15,42715,2016,12,NON TITO,,,JAWA TIMUR,0.5,YELLOW,38983138,AREA 3,JATIM,MADIUN,MADIUN,,,0,0,0,JAWA TIMUR,NGAWI,PARON,KEDUNG PUTRI,NGAWI
1045843815,,ODP-MGT-FA/42,-7.648944,111.320556,,,8,8,0,0,16,REGIONAL 5,MADIUN,NGAWI,MGT,,,2024-03-16 23:22:23,42682,2016,11,NON TITO,,,JAWA TIMUR,0.5,YELLOW,37231801,AREA 3,JATIM,MADIUN,MADIUN,,,0,0,0,JAWA TIMUR,MAGETAN,MAGETAN,TAWANGANOM,NGAWI
1092092295,,ODP-KRJ-FB/13,-7.481574,111.607851,,,4,4,0,0,8,REGIONAL 5,MADIUN,NGAWI,KRJ,,,2024-03-16 23:24:37,42719,2016,12,NON TITO,,,JAWA TIMUR,0.5,YELLOW,38931891,AREA 3,JATIM,MADIUN,MADIUN,,,0,0,0,JAWA TIMUR,MADIUN,PILANGKENCENG,PULEREJO,NGAWI
387838087,,ODP-NWI-FD/16,-7.403537,111.429374,,,8,8,0,0,16,REGIONAL 5,MADIUN,NGAWI,NWI,,,2024-10-05 17:27:25,42502,2016,5,NON TITO,,,JAWA TIMUR,0.5,YELLOW,23476513,AREA 3,JATIM,MADIUN,MADIUN,,,0,0,0,JAWA TIMUR,NGAWI,NGAWI,GRUDO,NGAWI
1309769067,,ODP-NWI-FH/18,-7.41166,111.41811,,,8,8,0,0,16,REGIONAL 5,MADIUN,NGAWI,NWI,,,2024-10-05 17:28:56,42801,2017,3,NON TITO,,,JAWA TIMUR,0.5,YELLOW,70195179,AREA 3,JATIM,MADIUN,MADIUN,,,0,0,0,JAWA TIMUR,NGAWI,NGAWI,GRUDO,NGAWI
10349668623,,ODP-WKU-FAA/43,-7.429408,111.216343,,,2,6,0,0,8,REGIONAL 5,MADIUN,NGAWI,WKU,,,2024-03-16 23:29:19,45112,2023,7,NON TITO,,,JAWA TIMUR,0.75,YELLOW,1301497200,AREA 3,JATIM,MADIUN,MADIUN,,,0,0,0,JAWA TIMUR,NGAWI,WIDODAREN,KEDUNGGUDEL,NGAWI
2642294987,,ODP-NWI-FC/63,-7.434436,111.530495,,,4,4,0,0,8,REGIONAL 5,MADIUN,NGAWI,NWI,,,2024-10-05 17:31:00,43280,2018,6,NON TITO,,,JAWA TIMUR,0.5,YELLOW,361816715,AREA 3,JATIM,MADIUN,MADIUN,,,0,0,0,JAWA TIMUR,NGAWI,PADAS,PADAS,NGAWI
10384468615,,ODP-NWI-FS/14,-7.480336,111.50908,,,4,4,0,0,8,REGIONAL 5,MADIUN,NGAWI,NWI,,,2024-03-16 23:25:29,45118,2023,7,NON TITO,,,JAWA TIMUR,0.5,YELLOW,1302999950,AREA 3,JATIM,MADIUN,MADIUN,,,0,0,0,JAWA TIMUR,NGAWI,PANGKUR,NGOMPRO,NGAWI
1040368784,,ODP-MGT-FA/45,-7.64526,111.31732,,,7,9,0,0,16,REGIONAL 5,MADIUN,NGAWI,MGT,,,2024-03-16 23:28:53,42678,2016,11,NON TITO,,,JAWA TIMUR,0.5625,YELLOW,37422566,AREA 3,JATIM,MADIUN,MADIUN,,,0,0,0,JAWA TIMUR,MAGETAN,MAGETAN,TAWANGANOM,NGAWI
1040368836,,ODP-MGT-FA/47,-7.645836,111.318253,,,3,4,0,0,8,REGIONAL 5,MADIUN,NGAWI,MGT,,,2024-03-16 23:28:33,42678,2016,11,NON TITO,,,JAWA TIMUR,0.5,YELLOW,37422811,AREA 3,JATIM,MADIUN,MADIUN,,,0,0,0,JAWA TIMUR,MAGETAN,MAGETAN,TAWANGANOM,NGAWI
10519619222,,ODP-NWI-FJ/82,-7.444037,111.399713,,,4,4,0,0,8,REGIONAL 5,MADIUN,NGAWI,NWI,,,2024-03-16 23:24:44,45153,2023,8,NON TITO,,,JAWA TIMUR,0.5,YELLOW,1311573536,AREA 3,JATIM,MADIUN,MADIUN,,,0,0,0,JAWA TIMUR,NGAWI,PARON,PARON,NGAWI
1092101416,,ODP-KRJ-FD/03,-7.440244,111.553643,,,2,6,0,0,8,REGIONAL 5,MADIUN,NGAWI,KRJ,,,2024-03-16 23:26:49,42720,2016,12,NON TITO,,,JAWA TIMUR,0.75,YELLOW,39114754,AREA 3,JATIM,MADIUN,MADIUN,,,0,0,0,JAWA TIMUR,NGAWI,PADAS,KEDUNG PRAHU,NGAWI
10745668564,,ODP-NWI-FJ/84,-7.430948,111.402667,,,3,5,0,0,8,REGIONAL 5,MADIUN,NGAWI,NWI,,,2024-03-16 23:29:05,45210,2023,10,NON TITO,,,JAWA TIMUR,0.625,YELLOW,1325614940,AREA 3,JATIM,MADIUN,MADIUN,,,0,0,0,JAWA TIMUR,NGAWI,PARON,PARON,NGAWI
1092101426,,ODP-KRJ-FD/18,-7.444272,111.552601,,,4,12,0,0,16,REGIONAL 5,MADIUN,NGAWI,KRJ,,,2024-03-16 23:26:58,42720,2016,12,NON TITO,,,JAWA TIMUR,0.75,YELLOW,39114760,AREA 3,JATIM,MADIUN,MADIUN,,,0,0,0,JAWA TIMUR,NGAWI,PADAS,KEDUNG PRAHU,NGAWI
11247045384,,ODP-MGT-FE/68,-7.629694,111.327721,,,3,5,0,0,8,REGIONAL 5,MADIUN,NGAWI,MGT,,,2024-03-16 23:25:22,45301,2024,1,NON TITO,,,JAWA TIMUR,0.625,YELLOW,1398936276,AREA 3,JATIM,MADIUN,MADIUN,,,0,0,0,JAWA TIMUR,MAGETAN,MAGETAN,TAWANGANOM,NGAWI
11363220677,,ODP-NWI-FE/168,-7.424308,111.435389,,,3,5,0,0,8,REGIONAL 5,MADIUN,NGAWI,NWI,,,2024-03-16 23:22:42,45346,2024,2,NON TITO,,,JAWA TIMUR,0.625,YELLOW,1414015864,AREA 3,JATIM,MADIUN,MADIUN,,,0,0,0,JAWA TIMUR,NGAWI,NGAWI,BERAN,NGAWI
1311495149,,ODP-KRJ-FA/14,-7.423472,111.587434,,,7,9,0,0,16,REGIONAL 5,MADIUN,NGAWI,KRJ,,,2024-03-16 23:28:32,42800,2017,3,NON TITO,,,JAWA TIMUR,0.5625,YELLOW,79307415,AREA 3,JATIM,MADIUN,MADIUN,,,0,0,0,JAWA TIMUR,NGAWI,BRINGIN,KROMPOL,NGAWI
12513118637,,ODP-NWI-FK/24,-7.357696,111.499707,,,2,6,0,0,8,REGIONAL 5,MADIUN,NGAWI,NWI,,,2025-12-13 17:42:43,46003,2025,12,NON TITO,,,JAWA TIMUR,0.75,YELLOW,1503074915,AREA 3,JATIM,MADIUN,MADIUN,,,0,0,0,JAWA TIMUR,BOJONEGORO,MARGOMULYO,MARGOMULYO,NGAWI
11273669074,,ODP-NWI-FE/165,-7.415787,111.445547,,,4,4,0,0,8,REGIONAL 5,MADIUN,NGAWI,NWI,,,2024-03-16 23:26:27,45315,2024,1,NON TITO,,,JAWA TIMUR,0.5,YELLOW,1406291590,AREA 3,JATIM,MADIUN,MADIUN,,,0,0,0,JAWA TIMUR,NGAWI,NGAWI,BERAN,NGAWI
11333593726,,ODP-NWI-FG/127,-7.396407,111.445531,,,4,4,0,0,8,REGIONAL 5,MADIUN,NGAWI,NWI,,,2024-03-16 23:24:55,45341,2024,2,NON TITO,,,JAWA TIMUR,0.5,YELLOW,1411011275,AREA 3,JATIM,MADIUN,MADIUN,,,0,0,0,JAWA TIMUR,NGAWI,NGAWI,KETANGGI,NGAWI
2483444793,,ODP-MGT-FP/12,-7.679844,111.291776,,,4,11,0,0,16,REGIONAL 5,MADIUN,NGAWI,MGT,,,2023-08-30 18:00:44,43222,2018,5,NON TITO,,,JAWA TIMUR,0.6875,YELLOW,353720455,AREA 3,JATIM,MADIUN,MADIUN,,,0,0,0,JAWA TIMUR,MAGETAN,PLAOSAN,SUMBERAGUNG,NGAWI
2507968675,,ODP-WKU-FK/17,-7.446007,111.295052,,,5,11,0,0,16,REGIONAL 5,MADIUN,NGAWI,WKU,,,2025-07-02 18:18:14,43234,2018,5,NON TITO,,,JAWA TIMUR,0.6875,YELLOW,353784916,AREA 3,JATIM,MADIUN,MADIUN,,,0,0,0,JAWA TIMUR,NGAWI,KEDUNGGALAR,KEDUNGGALAR,NGAWI
1237020265,,ODP-SAR-FB/06,-7.680785,111.236359,,,7,8,0,0,16,REGIONAL 5,MADIUN,NGAWI,SAR,,,2024-03-16 23:23:02,42776,2017,2,NON TITO,,,JAWA TIMUR,0.5,YELLOW,62746446,AREA 3,JATIM,MADIUN,MADIUN,,,0,0,0,JAWA TIMUR,MAGETAN,PLAOSAN,DADI,NGAWI
11315218852,,ODP-WKU-FC/41,-7.406102,111.224535,,,8,8,0,0,16,REGIONAL 5,MADIUN,NGAWI,WKU,,,2024-03-16 23:23:58,45316,2024,1,NON TITO,,,JAWA TIMUR,0.5,YELLOW,1406300908,AREA 3,JATIM,MADIUN,MADIUN,,,0,0,0,JAWA TIMUR,NGAWI,WIDODAREN,WALIKUKUN,NGAWI
4796370215,,ODP-WKU-FK/19,-7.459755,111.284609,,,2,6,0,0,8,REGIONAL 5,MADIUN,NGAWI,WKU,,,2025-07-02 18:18:48,43934,2020,4,NON TITO,,,JAWA TIMUR,0.75,YELLOW,827891854,AREA 3,JATIM,MADIUN,MADIUN,,,0,0,0,JAWA TIMUR,NGAWI,KEDUNGGALAR,WONOREJO,NGAWI
11333219520,,ODP-MGT-FH/93,-7.673343,111.34703,,,2,6,0,0,8,REGIONAL 5,MADIUN,NGAWI,MGT,,,2024-03-16 23:29:20,45341,2024,2,NON TITO,,,JAWA TIMUR,0.75,YELLOW,1409334340,AREA 3,JATIM,MADIUN,MADIUN,,,0,0,0,JAWA TIMUR,MAGETAN,NGARIBOYO,MOJOPURNO,NGAWI
6108875928,,ODP-WKU-FK/21,-7.455301,111.286038,,,3,5,0,0,8,REGIONAL 5,MADIUN,NGAWI,WKU,,,2025-07-04 17:41:47,44280,2021,3,NON TITO,,,JAWA TIMUR,0.625,YELLOW,867451215,AREA 3,JATIM,MADIUN,MADIUN,,,0,0,0,JAWA TIMUR,NGAWI,KEDUNGGALAR,WONOREJO,NGAWI
2483444503,,ODP-MGT-FP/14,-7.675148,111.30698,,,4,12,0,0,16,REGIONAL 5,MADIUN,NGAWI,MGT,,,2023-08-30 17:59:47,43222,2018,5,NON TITO,,,JAWA TIMUR,0.75,YELLOW,353656581,AREA 3,JATIM,MADIUN,MADIUN,,,0,0,0,JAWA TIMUR,MAGETAN,NGARIBOYO,SELOPANGGUNG,NGAWI
2300896369,,ODP-KRJ-FE/10,-7.519987,111.628037,,,4,4,0,0,8,REGIONAL 5,MADIUN,NGAWI,KRJ,,,2023-08-30 18:10:09,43171,2018,3,NON TITO,,,JAWA TIMUR,0.5,YELLOW,325218291,AREA 3,JATIM,MADIUN,MADIUN,,,0,0,0,JAWA TIMUR,MADIUN,BALEREJO,KUWU,NGAWI
2177369031,,ODP-MGT-FAA/130,-7.657992,111.325526,,,7,9,0,0,16,REGIONAL 5,MADIUN,NGAWI,MGT,,,2023-08-30 18:04:01,43126,2018,1,NON TITO,,,JAWA TIMUR,0.5625,YELLOW,294176097,AREA 3,JATIM,MADIUN,MADIUN,,,0,0,0,JAWA TIMUR,MAGETAN,MAGETAN,MAGETAN,NGAWI
1237020381,,ODP-NWI-FF/32,-7.402475,111.439039,,,5,11,0,0,16,REGIONAL 5,MADIUN,NGAWI,NWI,,,2024-03-16 23:27:48,42776,2017,2,NON TITO,,,JAWA TIMUR,0.6875,YELLOW,62746518,AREA 3,JATIM,MADIUN,MADIUN,,,0,0,0,JAWA TIMUR,NGAWI,NGAWI,MARGOMULYO,NGAWI
1237020987,,ODP-NWI-FF/34,-7.404043,111.440707,,,2,6,0,0,8,REGIONAL 5,MADIUN,NGAWI,NWI,,,2024-03-16 23:21:18,42776,2017,2,NON TITO,,,JAWA TIMUR,0.75,YELLOW,62746880,AREA 3,JATIM,MADIUN,MADIUN,,,0,0,0,JAWA TIMUR,NGAWI,NGAWI,MARGOMULYO,NGAWI
1311495152,,ODP-KRJ-FA/16,-7.438906,111.57978,,,4,4,0,0,8,REGIONAL 5,MADIUN,NGAWI,KRJ,,,2024-03-16 23:28:41,42800,2017,3,NON TITO,,,JAWA TIMUR,0.5,YELLOW,79307417,AREA 3,JATIM,MADIUN,MADIUN,,,0,0,0,JAWA TIMUR,NGAWI,BRINGIN,MOJO,NGAWI
1237019992,,ODP-NWI-FF/35,-7.40429,111.443203,,,4,12,0,0,16,REGIONAL 5,MADIUN,NGAWI,NWI,,,2024-03-16 23:27:57,42776,2017,2,NON TITO,,,JAWA TIMUR,0.75,YELLOW,62746280,AREA 3,JATIM,MADIUN,MADIUN,,,0,0,0,JAWA TIMUR,NGAWI,NGAWI,MARGOMULYO,NGAWI
1253818564,,ODP-WKU-F05/01,-7.363872,111.145913,,,3,5,0,0,8,REGIONAL 5,MADIUN,NGAWI,WKU,,,2024-03-16 23:26:56,42780,2017,2,NON TITO,,,JAWA TIMUR,0.625,YELLOW,62480922,AREA 3,JATIM,MADIUN,MADIUN,,,0,0,0,JAWA TIMUR,NGAWI,MANTINGAN,MANTINGAN,NGAWI
1221121848,,ODP-NWI-FG/60,-7.398744,111.446637,,,4,12,0,0,16,REGIONAL 5,MADIUN,NGAWI,NWI,,,2024-03-16 23:24:14,42774,2017,2,NON TITO,,,JAWA TIMUR,0.75,YELLOW,62591866,AREA 3,JATIM,MADIUN,MADIUN,,,0,0,0,JAWA TIMUR,NGAWI,NGAWI,KETANGGI,NGAWI
11380994042,,ODP-NWI-FJ/87,-7.430696,111.393277,,,3,5,0,0,8,REGIONAL 5,MADIUN,NGAWI,NWI,,,2024-03-16 23:27:59,45358,2024,3,NON TITO,,,JAWA TIMUR,0.625,YELLOW,1414073019,AREA 3,JATIM,MADIUN,MADIUN,,,0,0,0,JAWA TIMUR,NGAWI,PARON,GELUNG,NGAWI
11380321106,,ODP-NWI-FP/06,-7.404447,111.446205,,,3,5,0,0,8,REGIONAL 5,MADIUN,NGAWI,NWI,,,2024-03-16 23:23:57,45357,2024,3,NON TITO,,,JAWA TIMUR,0.625,YELLOW,1414069895,AREA 3,JATIM,MADIUN,MADIUN,,,0,0,0,JAWA TIMUR,NGAWI,NGAWI,KETANGGI,NGAWI
2990144312,,ODP-MGT-FT/01,-7.62669,111.33216,,,4,4,0,0,8,REGIONAL 5,MADIUN,NGAWI,MGT,,,2023-08-30 18:04:08,43378,2018,10,NON TITO,,,JAWA TIMUR,0.5,YELLOW,405062359,AREA 3,JATIM,MADIUN,MADIUN,,,0,0,0,JAWA TIMUR,MAGETAN,PANEKAN,MILANGASRI,NGAWI
11179469172,,ODP-WKU-FZA/107,-7.402999,111.294566,,,3,5,0,0,8,REGIONAL 5,MADIUN,NGAWI,WKU,,,2024-03-16 23:22:18,45281,2023,12,NON TITO,,,JAWA TIMUR,0.625,YELLOW,1388889696,AREA 3,JATIM,MADIUN,MADIUN,,,0,0,0,JAWA TIMUR,NGAWI,KEDUNGGALAR,BANGUNREJO KIDUL,NGAWI
11381818631,,ODP-JGO-FA/94,-7.521767,111.256195,,,2,6,0,0,8,REGIONAL 5,MADIUN,NGAWI,JGO,,,2024-03-16 23:29:14,45351,2024,2,NON TITO,,,JAWA TIMUR,0.75,YELLOW,1414037199,AREA 3,JATIM,MADIUN,MADIUN,,,0,0,0,JAWA TIMUR,NGAWI,JOGOROGO,JOGOROGO,NGAWI
2597294624,,ODP-WKU-FF/22,-7.367519,111.171565,,,4,4,0,0,8,REGIONAL 5,MADIUN,NGAWI,WKU,,,2023-08-30 18:07:07,43256,2018,6,NON TITO,,,JAWA TIMUR,0.5,YELLOW,361293954,AREA 3,JATIM,MADIUN,MADIUN,,,0,0,0,JAWA TIMUR,NGAWI,MANTINGAN,SAMBIREJO,NGAWI
1221122381,,ODP-NWI-FG/54,-7.392992,111.446246,,,8,8,0,0,16,REGIONAL 5,MADIUN,NGAWI,NWI,,,2024-03-16 23:24:24,42774,2017,2,NON TITO,,,JAWA TIMUR,0.5,YELLOW,62592170,AREA 3,JATIM,MADIUN,MADIUN,,,0,0,0,JAWA TIMUR,NGAWI,NGAWI,KETANGGI,NGAWI
1311420567,,ODP-NWI-FH/19,-7.40415,111.41776,,,4,12,0,0,16,REGIONAL 5,MADIUN,NGAWI,NWI,,,2024-03-16 23:26:28,42801,2017,3,NON TITO,,,JAWA TIMUR,0.75,YELLOW,79313217,AREA 3,JATIM,MADIUN,MADIUN,,,0,0,0,JAWA TIMUR,NGAWI,NGAWI,GRUDO,NGAWI
2646873882,,ODP-NWI-FJ/49,-7.439959,111.389638,,,4,4,0,0,8,REGIONAL 5,MADIUN,NGAWI,NWI,,,2023-08-30 18:00:55,43286,2018,7,NON TITO,,,JAWA TIMUR,0.5,YELLOW,361971541,AREA 3,JATIM,MADIUN,MADIUN,,,0,0,0,JAWA TIMUR,NGAWI,PARON,GELUNG,NGAWI
1311420564,,ODP-NWI-FH/20,-7.403743,111.41559,,,4,4,0,0,8,REGIONAL 5,MADIUN,NGAWI,NWI,,,2024-03-16 23:26:31,42801,2017,3,NON TITO,,,JAWA TIMUR,0.5,YELLOW,79313215,AREA 3,JATIM,MADIUN,MADIUN,,,0,0,0,JAWA TIMUR,NGAWI,NGAWI,WATUALANG,NGAWI
11381818616,,ODP-JGO-FA/87,-7.508699,111.259667,,,3,5,0,0,8,REGIONAL 5,MADIUN,NGAWI,JGO,,,2024-03-16 23:29:14,45351,2024,2,NON TITO,,,JAWA TIMUR,0.625,YELLOW,1414037188,AREA 3,JATIM,MADIUN,MADIUN,,,0,0,0,JAWA TIMUR,NGAWI,JOGOROGO,DAWUNG,NGAWI
11381818611,,ODP-JGO-FA/88,-7.51458,111.255417,,,3,5,0,0,8,REGIONAL 5,MADIUN,NGAWI,JGO,,,2024-03-16 23:29:05,45351,2024,2,NON TITO,,,JAWA TIMUR,0.625,YELLOW,1414037185,AREA 3,JATIM,MADIUN,MADIUN,,,0,0,0,JAWA TIMUR,NGAWI,JOGOROGO,JOGOROGO,NGAWI
11381818606,,ODP-JGO-FA/89,-7.516152,111.256181,,,4,4,0,0,8,REGIONAL 5,MADIUN,NGAWI,JGO,,,2024-03-16 23:29:09,45351,2024,2,NON TITO,,,JAWA TIMUR,0.5,YELLOW,1414037175,AREA 3,JATIM,MADIUN,MADIUN,,,0,0,0,JAWA TIMUR,NGAWI,JOGOROGO,JOGOROGO,NGAWI
1221122934,,ODP-NWI-FG/53,-7.392708,111.444764,,,5,11,0,0,16,REGIONAL 5,MADIUN,NGAWI,NWI,,,2024-03-16 23:24:03,42774,2017,2,NON TITO,,,JAWA TIMUR,0.6875,YELLOW,62592432,AREA 3,JATIM,MADIUN,MADIUN,,,0,0,0,JAWA TIMUR,NGAWI,NGAWI,KARANGTENGAH,NGAWI
1328743769,,ODP-WKU-FA/16,-7.37535,111.22541,,,5,11,0,0,16,REGIONAL 5,MADIUN,NGAWI,WKU,,,2024-03-16 23:26:11,42815,2017,3,NON TITO,,,JAWA TIMUR,0.6875,YELLOW,79449308,AREA 3,JATIM,MADIUN,MADIUN,,,0,0,0,JAWA TIMUR,NGAWI,WIDODAREN,WIDODAREN,NGAWI
1311494334,,ODP-KRJ-FA/03,-7.462302,111.607694,,,4,12,0,0,16,REGIONAL 5,MADIUN,NGAWI,KRJ,,,2024-03-16 23:28:35,42800,2017,3,NON TITO,,,JAWA TIMUR,0.75,YELLOW,79306879,AREA 3,JATIM,MADIUN,MADIUN,,,0,0,0,JAWA TIMUR,NGAWI,KARANGJATI,SAWO,NGAWI
2155320135,,ODP-NWI-FE/122,-7.420363,111.441847,,,7,9,0,0,16,REGIONAL 5,MADIUN,NGAWI,NWI,,,2023-08-30 18:02:08,43124,2018,1,NON TITO,,,JAWA TIMUR,0.5625,YELLOW,291912496,AREA 3,JATIM,MADIUN,MADIUN,,,0,0,0,JAWA TIMUR,NGAWI,NGAWI,BERAN,NGAWI
2155320125,,ODP-NWI-FE/112,-7.427624,111.449265,,,5,11,0,0,16,REGIONAL 5,MADIUN,NGAWI,NWI,,,2023-08-30 18:00:10,43124,2018,1,NON TITO,,,JAWA TIMUR,0.6875,YELLOW,291912493,AREA 3,JATIM,MADIUN,MADIUN,,,0,0,0,JAWA TIMUR,NGAWI,GENENG,KLITIK,NGAWI
1303843883,,ODP-MGT-FAC/09,-7.646765,111.334319,,,6,10,0,0,16,REGIONAL 5,MADIUN,NGAWI,MGT,,,2024-03-16 23:23:05,42797,2017,3,NON TITO,,,JAWA TIMUR,0.625,YELLOW,79297451,AREA 3,JATIM,MADIUN,MADIUN,,,0,0,0,JAWA TIMUR,MAGETAN,MAGETAN,SUKOWINANGUN,NGAWI
12420568623,,ODP-NWI-FJ/93,-7.447645,111.421228,,,2,6,0,0,8,REGIONAL 5,MADIUN,NGAWI,NWI,,,2025-10-04 17:48:16,45933,2025,10,NON TITO,,,JAWA TIMUR,0.75,YELLOW,1501860532,AREA 3,JATIM,MADIUN,MADIUN,,,0,0,0,JAWA TIMUR,NGAWI,PARON,DAWU,NGAWI
1596132480,,ODP-WKU-FA/22,-7.374711,111.221809,,,2,6,0,0,8,REGIONAL 5,MADIUN,NGAWI,WKU,,,2023-08-30 17:59:27,42927,2017,7,NON TITO,,,JAWA TIMUR,0.75,YELLOW,178986750,AREA 3,JATIM,MADIUN,MADIUN,,,0,0,0,JAWA TIMUR,NGAWI,WIDODAREN,KAUMAN,NGAWI
1273469691,,ODP-MGT-FD/60,-7.638519,111.332564,,,5,11,0,0,16,REGIONAL 5,MADIUN,NGAWI,MGT,,,2024-03-16 23:26:50,42785,2017,2,NON TITO,,,JAWA TIMUR,0.6875,YELLOW,69901690,AREA 3,JATIM,MADIUN,MADIUN,,,0,0,0,JAWA TIMUR,MAGETAN,MAGETAN,SUKOWINANGUN,NGAWI
1311494543,,ODP-KRJ-FA/04,-7.463824,111.60722,,,8,8,0,0,16,REGIONAL 5,MADIUN,NGAWI,KRJ,,,2024-03-16 23:28:51,42800,2017,3,NON TITO,,,JAWA TIMUR,0.5,YELLOW,70191031,AREA 3,JATIM,MADIUN,MADIUN,,,0,0,0,JAWA TIMUR,NGAWI,KARANGJATI,SAWO,NGAWI
11341018830,,ODP-NWI-FH/47,-7.40823,111.419403,,,3,5,0,0,8,REGIONAL 5,MADIUN,NGAWI,NWI,,,2024-03-16 23:22:57,45329,2024,2,NON TITO,,,JAWA TIMUR,0.625,YELLOW,1409214338,AREA 3,JATIM,MADIUN,MADIUN,,,0,0,0,JAWA TIMUR,NGAWI,NGAWI,GRUDO,NGAWI
11341018825,,ODP-NWI-FH/48,-7.408427,111.419541,,,3,5,0,0,8,REGIONAL 5,MADIUN,NGAWI,NWI,,,2024-03-16 23:22:49,45329,2024,2,NON TITO,,,JAWA TIMUR,0.625,YELLOW,1409214335,AREA 3,JATIM,MADIUN,MADIUN,,,0,0,0,JAWA TIMUR,NGAWI,NGAWI,GRUDO,NGAWI
1359794892,,ODP-NWI-FG/61,-7.381796,111.443381,,,4,12,0,0,16,REGIONAL 5,MADIUN,NGAWI,NWI,,,2023-08-30 17:59:21,42840,2017,4,NON TITO,,,JAWA TIMUR,0.75,YELLOW,81740095,AREA 3,JATIM,MADIUN,MADIUN,,,0,0,0,JAWA TIMUR,NGAWI,PITU,SELOPURO,NGAWI
1311494537,,ODP-KRJ-FA/12,-7.465558,111.608774,,,4,4,0,0,8,REGIONAL 5,MADIUN,NGAWI,KRJ,,,2024-03-16 23:28:52,42800,2017,3,NON TITO,,,JAWA TIMUR,0.5,YELLOW,70191026,AREA 3,JATIM,MADIUN,MADIUN,,,0,0,0,JAWA TIMUR,NGAWI,KARANGJATI,SAWO,NGAWI
1291785179,,ODP-NWI-FH/21,-7.40285,111.40397,,,6,10,0,0,16,REGIONAL 5,MADIUN,NGAWI,NWI,,,2024-03-16 23:22:19,42794,2017,2,NON TITO,,,JAWA TIMUR,0.625,YELLOW,70166346,AREA 3,JATIM,MADIUN,MADIUN,,,0,0,0,JAWA TIMUR,NGAWI,NGAWI,WATUALANG,NGAWI
11341018815,,ODP-NWI-FH/49,-7.408924,111.419273,,,4,4,0,0,8,REGIONAL 5,MADIUN,NGAWI,NWI,,,2024-03-16 23:23:00,45329,2024,2,NON TITO,,,JAWA TIMUR,0.5,YELLOW,1409214329,AREA 3,JATIM,MADIUN,MADIUN,,,0,0,0,JAWA TIMUR,NGAWI,NGAWI,GRUDO,NGAWI
1367827072,,ODP-JGO-FA/27,-7.523976,111.242834,,,2,6,0,0,8,REGIONAL 5,MADIUN,NGAWI,JGO,,,2023-08-30 18:05:49,42845,2017,4,NON TITO,,,JAWA TIMUR,0.75,YELLOW,81834858,AREA 3,JATIM,MADIUN,MADIUN,,,0,0,0,JAWA TIMUR,NGAWI,JOGOROGO,JOGOROGO,NGAWI
11340795099,,ODP-NWI-FL/20,-7.388887,111.464646,,,3,5,0,0,8,REGIONAL 5,MADIUN,NGAWI,NWI,,,2024-03-16 23:23:43,45329,2024,2,NON TITO,,,JAWA TIMUR,0.625,YELLOW,1409212438,AREA 3,JATIM,MADIUN,MADIUN,,,0,0,0,JAWA TIMUR,NGAWI,NGAWI,NGAWI,NGAWI
1367826358,,ODP-JGO-FA/44,-7.527286,111.246709,,,3,5,0,0,8,REGIONAL 5,MADIUN,NGAWI,JGO,,,2023-08-30 18:05:38,42845,2017,4,NON TITO,,,JAWA TIMUR,0.625,YELLOW,81834545,AREA 3,JATIM,MADIUN,MADIUN,,,0,0,0,JAWA TIMUR,NGAWI,JOGOROGO,JOGOROGO,NGAWI
1303844281,,ODP-MGT-FAC/05,-7.646862,111.331863,,,1,6,0,0,8,REGIONAL 5,MADIUN,NGAWI,MGT,,,2024-03-16 23:24:00,42797,2017,3,NON TITO,,,JAWA TIMUR,0.75,YELLOW,70181165,AREA 3,JATIM,MADIUN,MADIUN,,,0,0,0,JAWA TIMUR,MAGETAN,MAGETAN,SUKOWINANGUN,NGAWI
1303844295,,ODP-MGT-FAC/11,-7.649408,111.331109,,,9,7,0,0,16,REGIONAL 5,MADIUN,NGAWI,MGT,,,2024-03-16 23:23:36,42797,2017,3,NON TITO,,,JAWA TIMUR,0.4375,YELLOW,70181170,AREA 3,JATIM,MADIUN,MADIUN,,,0,0,0,JAWA TIMUR,MAGETAN,MAGETAN,SUKOWINANGUN,NGAWI
1303846725,,ODP-MGT-FAA/106,-7.655825,111.321925,,,6,10,0,0,16,REGIONAL 5,MADIUN,NGAWI,MGT,,,2024-03-16 23:23:58,42797,2017,3,NON TITO,,,JAWA TIMUR,0.625,YELLOW,70182130,AREA 3,JATIM,MADIUN,MADIUN,,,0,0,0,JAWA TIMUR,MAGETAN,MAGETAN,KEPOLOREJO,NGAWI
11339293743,,ODP-WKU-FC/49,-7.412617,111.225667,,,4,4,0,0,8,REGIONAL 5,MADIUN,NGAWI,WKU,,,2024-03-16 23:25:04,45330,2024,2,NON TITO,,,JAWA TIMUR,0.5,YELLOW,1409143379,AREA 3,JATIM,MADIUN,MADIUN,,,0,0,0,JAWA TIMUR,NGAWI,WIDODAREN,WALIKUKUN,NGAWI
1303844305,,ODP-MGT-FAC/15,-7.65251,111.327779,,,6,10,0,0,16,REGIONAL 5,MADIUN,NGAWI,MGT,,,2024-03-16 23:23:54,42797,2017,3,NON TITO,,,JAWA TIMUR,0.625,YELLOW,79297645,AREA 3,JATIM,MADIUN,MADIUN,,,0,0,0,JAWA TIMUR,MAGETAN,MAGETAN,KEPOLOREJO,NGAWI
1303844313,,ODP-MGT-FAC/12,-7.650656,111.330595,,,9,7,0,0,16,REGIONAL 5,MADIUN,NGAWI,MGT,,,2024-03-16 23:24:00,42797,2017,3,NON TITO,,,JAWA TIMUR,0.4375,YELLOW,79297653,AREA 3,JATIM,MADIUN,MADIUN,,,0,0,0,JAWA TIMUR,MAGETAN,MAGETAN,SUKOWINANGUN,NGAWI
1311494257,,ODP-KRJ-FA/01,-7.460021,111.608317,,,6,10,0,0,16,REGIONAL 5,MADIUN,NGAWI,KRJ,,,2024-03-16 23:28:37,42800,2017,3,NON TITO,,,JAWA TIMUR,0.625,YELLOW,79306845,AREA 3,JATIM,MADIUN,MADIUN,,,0,0,0,JAWA TIMUR,NGAWI,KARANGJATI,LEGUNDI,NGAWI
1273469713,,ODP-MGT-FD/51,-7.637939,111.337886,,,3,5,0,0,8,REGIONAL 5,MADIUN,NGAWI,MGT,,,2023-08-30 18:09:56,42785,2017,2,NON TITO,,,JAWA TIMUR,0.625,YELLOW,69901703,AREA 3,JATIM,MADIUN,MADIUN,,,0,0,0,JAWA TIMUR,MAGETAN,MAGETAN,SUKOWINANGUN,NGAWI
1311494212,,ODP-KRJ-FA/02,-7.461159,111.608045,,,5,11,0,0,16,REGIONAL 5,MADIUN,NGAWI,KRJ,,,2024-03-16 23:28:12,42800,2017,3,NON TITO,,,JAWA TIMUR,0.6875,YELLOW,79306827,AREA 3,JATIM,MADIUN,MADIUN,,,0,0,0,JAWA TIMUR,NGAWI,KARANGJATI,LEGUNDI,NGAWI
1303845555,,ODP-MGT-FAC/08,-7.64596,111.33518,,,9,7,0,0,16,REGIONAL 5,MADIUN,NGAWI,MGT,,,2024-03-16 23:24:17,42797,2017,3,NON TITO,,,JAWA TIMUR,0.4375,YELLOW,79298124,AREA 3,JATIM,MADIUN,MADIUN,,,0,0,0,JAWA TIMUR,MAGETAN,MAGETAN,SUKOWINANGUN,NGAWI
1273469575,,ODP-MGT-FD/56,-7.64002,111.33025,,,8,8,0,0,16,REGIONAL 5,MADIUN,NGAWI,MGT,,,2024-03-16 23:28:10,42785,2017,2,NON TITO,,,JAWA TIMUR,0.5,YELLOW,69901621,AREA 3,JATIM,MADIUN,MADIUN,,,0,0,0,JAWA TIMUR,MAGETAN,MAGETAN,SUKOWINANGUN,NGAWI
1273469582,,ODP-MGT-FD/58,-7.638371,111.334758,,,4,4,0,0,8,REGIONAL 5,MADIUN,NGAWI,MGT,,,2024-03-16 23:27:58,42785,2017,2,NON TITO,,,JAWA TIMUR,0.5,YELLOW,69901625,AREA 3,JATIM,MADIUN,MADIUN,,,0,0,0,JAWA TIMUR,MAGETAN,MAGETAN,SUKOWINANGUN,NGAWI
1303845511,,ODP-MGT-FAC/14,-7.649615,111.327476,,,3,5,0,0,8,REGIONAL 5,MADIUN,NGAWI,MGT,,,2024-03-16 23:24:03,42797,2017,3,NON TITO,,,JAWA TIMUR,0.625,YELLOW,79298106,AREA 3,JATIM,MADIUN,MADIUN,,,0,0,0,JAWA TIMUR,MAGETAN,MAGETAN,KEPOLOREJO,NGAWI
1303845490,,ODP-MGT-FAC/06,-7.646403,111.332833,,,6,10,0,0,16,REGIONAL 5,MADIUN,NGAWI,MGT,,,2024-03-16 23:24:16,42797,2017,3,NON TITO,,,JAWA TIMUR,0.625,YELLOW,79298098,AREA 3,JATIM,MADIUN,MADIUN,,,0,0,0,JAWA TIMUR,MAGETAN,MAGETAN,SUKOWINANGUN,NGAWI
1311495146,,ODP-KRJ-FA/17,-7.453135,111.596658,,,2,6,0,0,8,REGIONAL 5,MADIUN,NGAWI,KRJ,,,2023-08-30 18:08:34,42800,2017,3,NON TITO,,,JAWA TIMUR,0.75,YELLOW,79307413,AREA 3,JATIM,MADIUN,MADIUN,,,0,0,0,JAWA TIMUR,NGAWI,KARANGJATI,KARANGJATI,NGAWI
2132593758,,ODP-GGR-FD/12,-7.685265,111.436175,,,3,5,0,0,8,REGIONAL 5,MADIUN,NGAWI,GGR,,,2023-08-30 18:05:14,43113,2018,1,NON TITO,,,JAWA TIMUR,0.625,YELLOW,285916033,AREA 3,JATIM,MADIUN,MADIUN,,,0,0,0,JAWA TIMUR,MAGETAN,KAWEDANAN,MOJOREJO,NGAWI
1273469604,,ODP-MGT-FD/62,-7.638564,111.329387,,,7,9,0,0,16,REGIONAL 5,MADIUN,NGAWI,MGT,,,2024-03-16 23:28:06,42785,2017,2,NON TITO,,,JAWA TIMUR,0.5625,YELLOW,69901638,AREA 3,JATIM,MADIUN,MADIUN,,,0,0,0,JAWA TIMUR,MAGETAN,MAGETAN,SUKOWINANGUN,NGAWI
11276743990,,ODP-NWI-FP/28,-7.403052,111.449333,,,3,5,0,0,8,REGIONAL 5,MADIUN,NGAWI,NWI,,,2024-03-16 23:24:49,45321,2024,1,NON TITO,,,JAWA TIMUR,0.625,YELLOW,1407786375,AREA 3,JATIM,MADIUN,MADIUN,,,0,0,0,JAWA TIMUR,NGAWI,NGAWI,KETANGGI,NGAWI
11276743995,,ODP-NWI-FP/29,-7.403961,111.449175,,,2,6,0,0,8,REGIONAL 5,MADIUN,NGAWI,NWI,,,2024-03-16 23:25:39,45321,2024,1,NON TITO,,,JAWA TIMUR,0.75,YELLOW,1407786378,AREA 3,JATIM,MADIUN,MADIUN,,,0,0,0,JAWA TIMUR,NGAWI,NGAWI,KETANGGI,NGAWI
2132593708,,ODP-GGR-FD/13,-7.682905,111.421692,,,5,11,0,0,16,REGIONAL 5,MADIUN,NGAWI,GGR,,,2023-08-30 18:10:53,43113,2018,1,NON TITO,,,JAWA TIMUR,0.6875,YELLOW,285915995,AREA 3,JATIM,MADIUN,MADIUN,,,0,0,0,JAWA TIMUR,MAGETAN,KAWEDANAN,GENENGAN,NGAWI
1345774629,,ODP-MGT-FK/31,-7.659814,111.324741,,,4,4,0,0,8,REGIONAL 5,MADIUN,NGAWI,MGT,,,2023-08-30 18:09:56,42830,2017,4,NON TITO,,,JAWA TIMUR,0.5,YELLOW,81698028,AREA 3,JATIM,MADIUN,MADIUN,,,0,0,0,JAWA TIMUR,MAGETAN,MAGETAN,MAGETAN,NGAWI
1273469621,,ODP-MGT-FD/54,-7.639935,111.335688,,,4,4,0,0,8,REGIONAL 5,MADIUN,NGAWI,MGT,,,2024-03-16 23:27:39,42785,2017,2,NON TITO,,,JAWA TIMUR,0.5,YELLOW,69901648,AREA 3,JATIM,MADIUN,MADIUN,,,0,0,0,JAWA TIMUR,MAGETAN,MAGETAN,SUKOWINANGUN,NGAWI
1303844538,,ODP-MGT-FAC/07,-7.645915,111.333886,,,3,5,0,0,8,REGIONAL 5,MADIUN,NGAWI,MGT,,,2024-03-16 23:24:00,42797,2017,3,NON TITO,,,JAWA TIMUR,0.625,YELLOW,79297746,AREA 3,JATIM,MADIUN,MADIUN,,,0,0,0,JAWA TIMUR,MAGETAN,MAGETAN,SUKOWINANGUN,NGAWI
1328743788,,ODP-WKU-FA/17,-7.375868,111.213213,,,4,4,0,0,8,REGIONAL 5,MADIUN,NGAWI,WKU,,,2024-03-16 23:26:20,42815,2017,3,NON TITO,,,JAWA TIMUR,0.5,YELLOW,79449422,AREA 3,JATIM,MADIUN,MADIUN,,,0,0,0,JAWA TIMUR,NGAWI,WIDODAREN,KAUMAN,NGAWI
1092101421,,ODP-KRJ-FD/08,-7.447875,111.571203,,,3,5,0,0,8,REGIONAL 5,MADIUN,NGAWI,KRJ,,,2024-03-16 23:26:46,42720,2016,12,NON TITO,,,JAWA TIMUR,0.625,YELLOW,39114757,AREA 3,JATIM,MADIUN,MADIUN,,,0,0,0,JAWA TIMUR,NGAWI,KARANGJATI,SIDOKERTO,NGAWI
1328743803,,ODP-WKU-FA/18,-7.37557,111.21586,,,4,4,0,0,8,REGIONAL 5,MADIUN,NGAWI,WKU,,,2024-03-16 23:26:02,42815,2017,3,NON TITO,,,JAWA TIMUR,0.5,YELLOW,79449496,AREA 3,JATIM,MADIUN,MADIUN,,,0,0,0,JAWA TIMUR,NGAWI,WIDODAREN,KAUMAN,NGAWI
1221122927,,ODP-NWI-FG/58,-7.397349,111.446958,,,4,12,0,0,16,REGIONAL 5,MADIUN,NGAWI,NWI,,,2024-03-16 23:24:27,42774,2017,2,NON TITO,,,JAWA TIMUR,0.75,YELLOW,62454996,AREA 3,JATIM,MADIUN,MADIUN,,,0,0,0,JAWA TIMUR,NGAWI,NGAWI,KETANGGI,NGAWI
11605245042,,ODP-NWI-FJ/88,-7.462352,111.359007,,,4,4,0,0,8,REGIONAL 5,MADIUN,NGAWI,NWI,,,2024-06-29 17:31:39,45471,2024,6,NON TITO,,,JAWA TIMUR,0.5,YELLOW,1443664170,AREA 3,JATIM,MADIUN,MADIUN,,,0,0,0,JAWA TIMUR,NGAWI,PARON,SEMEN,NGAWI
11612668541,,ODP-NWI-FN/16,-7.522231,111.399722,,,3,5,0,0,8,REGIONAL 5,MADIUN,NGAWI,NWI,,,2024-06-27 17:21:37,45469,2024,6,NON TITO,,,JAWA TIMUR,0.625,YELLOW,1443649955,AREA 3,JATIM,MADIUN,MADIUN,,,0,0,0,JAWA TIMUR,NGAWI,GERIH,GERIH,NGAWI
1131493617,,ODP-MGT-FJ/11,-7.65532,111.32874,,,4,12,0,0,16,REGIONAL 5,MADIUN,NGAWI,MGT,,,2024-03-16 23:25:21,42748,2017,1,NON TITO,,,JAWA TIMUR,0.75,YELLOW,39252443,AREA 3,JATIM,MADIUN,MADIUN,,,0,0,0,JAWA TIMUR,MAGETAN,MAGETAN,MAGETAN,NGAWI
10748220829,,ODP-JGO-FB/92,-7.565557,111.285948,,,3,5,0,0,8,REGIONAL 5,MADIUN,NGAWI,JGO,,,2024-03-16 23:28:51,45212,2023,10,NON TITO,,,JAWA TIMUR,0.625,YELLOW,1327039904,AREA 3,JATIM,MADIUN,MADIUN,,,0,0,0,JAWA TIMUR,NGAWI,KENDAL,SIDOREJO,NGAWI
1131493625,,ODP-MGT-FJ/12,-7.65622,111.33118,,,8,8,0,0,16,REGIONAL 5,MADIUN,NGAWI,MGT,,,2024-03-16 23:25:05,42748,2017,1,NON TITO,,,JAWA TIMUR,0.5,YELLOW,39252467,AREA 3,JATIM,MADIUN,MADIUN,,,0,0,0,JAWA TIMUR,MAGETAN,MAGETAN,MAGETAN,NGAWI
11575619194,,ODP-MGT-FT/20,-7.625937,111.340231,,,3,5,0,0,8,REGIONAL 5,MADIUN,NGAWI,MGT,,,2024-06-21 17:30:15,45464,2024,6,NON TITO,,,JAWA TIMUR,0.625,YELLOW,1443116050,AREA 3,JATIM,MADIUN,MADIUN,,,0,0,0,JAWA TIMUR,MAGETAN,PANEKAN,MILANGASRI,NGAWI
1131493648,,ODP-MGT-FJ/14,-7.65766,111.33148,,,4,12,0,0,16,REGIONAL 5,MADIUN,NGAWI,MGT,,,2024-03-16 23:24:48,42748,2017,1,NON TITO,,,JAWA TIMUR,0.75,YELLOW,39252516,AREA 3,JATIM,MADIUN,MADIUN,,,0,0,0,JAWA TIMUR,MAGETAN,MAGETAN,MANGKUJAYAN,NGAWI
11605694071,,ODP-JGO-FD/32,-7.488601,111.166931,,,4,4,0,0,8,REGIONAL 5,MADIUN,NGAWI,JGO,,,2024-06-29 17:31:46,45471,2024,6,NON TITO,,,JAWA TIMUR,0.5,YELLOW,1443865946,AREA 3,JATIM,MADIUN,MADIUN,,,0,0,0,JAWA TIMUR,NGAWI,SINE,TULAKAN,NGAWI
11585293645,,ODP-WKU-FF/42,-7.367039,111.168821,,,4,4,0,0,8,REGIONAL 5,MADIUN,NGAWI,WKU,,,2024-06-15 11:28:59,45457,2024,6,NON TITO,,,JAWA TIMUR,0.5,YELLOW,1442006496,AREA 3,JATIM,MADIUN,MADIUN,,,0,0,0,JAWA TIMUR,NGAWI,MANTINGAN,SAMBIREJO,NGAWI
387840356,,ODP-NWI-FE/50,-7.4094,111.4394,,,5,11,0,0,16,REGIONAL 5,MADIUN,NGAWI,NWI,,,2023-08-30 18:01:02,42502,2016,5,NON TITO,,,JAWA TIMUR,0.6875,YELLOW,23478422,AREA 3,JATIM,MADIUN,MADIUN,,,0,0,0,JAWA TIMUR,NGAWI,NGAWI,MARGOMULYO,NGAWI
1131643625,,ODP-MGT-FJ/16,-7.65918,111.3348,,,4,12,0,0,16,REGIONAL 5,MADIUN,NGAWI,MGT,,,2024-03-16 23:22:24,42748,2017,1,NON TITO,,,JAWA TIMUR,0.75,YELLOW,39253212,AREA 3,JATIM,MADIUN,MADIUN,,,0,0,0,JAWA TIMUR,MAGETAN,MAGETAN,BULUKERTO,NGAWI
11576219038,,ODP-WKU-FH/39,-7.384241,111.139579,,,3,4,1,0,8,REGIONAL 5,MADIUN,NGAWI,WKU,,,2024-06-15 11:28:28,45457,2024,6,NON TITO,,,JAWA TIMUR,0.5,YELLOW,1442004382,AREA 3,JATIM,MADIUN,MADIUN,,,0,0,0,JAWA TIMUR,NGAWI,MANTINGAN,PAKAH,NGAWI
11576219033,,ODP-WKU-FH/36,-7.391418,111.135364,,,0,6,2,0,8,REGIONAL 5,MADIUN,NGAWI,WKU,,,2024-06-15 11:29:05,45457,2024,6,NON TITO,,,JAWA TIMUR,0.75,YELLOW,1442004368,AREA 3,JATIM,MADIUN,MADIUN,,,0,0,0,JAWA TIMUR,NGAWI,MANTINGAN,PAKAH,NGAWI
11576219028,,ODP-WKU-FH/37,-7.392831,111.140017,,,1,4,3,0,8,REGIONAL 5,MADIUN,NGAWI,WKU,,,2024-06-15 11:29:01,45457,2024,6,NON TITO,,,JAWA TIMUR,0.5,YELLOW,1442004363,AREA 3,JATIM,MADIUN,MADIUN,,,0,0,0,JAWA TIMUR,NGAWI,MANTINGAN,PAKAH,NGAWI
10746645207,,ODP-SAR-FA/43,-7.663642,111.186577,,,3,5,0,0,8,REGIONAL 5,MADIUN,NGAWI,SAR,,,2024-03-16 23:27:58,45215,2023,10,NON TITO,,,JAWA TIMUR,0.625,YELLOW,1329065310,AREA 3,JATIM,MADIUN,MADIUN,,,0,0,0,JAWA TENGAH,KARANGANYAR,TAWANGMANGU,GONDOSULI,NGAWI
1131643658,,ODP-MGT-FJ/17,-7.65988,111.33697,,,7,9,0,0,16,REGIONAL 5,MADIUN,NGAWI,MGT,,,2024-03-16 23:21:25,42748,2017,1,NON TITO,,,JAWA TIMUR,0.5625,YELLOW,39253303,AREA 3,JATIM,MADIUN,MADIUN,,,0,0,0,JAWA TIMUR,MAGETAN,MAGETAN,BULUKERTO,NGAWI
1131643607,,ODP-MGT-FJ/15,-7.65832,111.33136,,,4,12,0,0,16,REGIONAL 5,MADIUN,NGAWI,MGT,,,2024-03-16 23:22:26,42748,2017,1,NON TITO,,,JAWA TIMUR,0.75,YELLOW,39253163,AREA 3,JATIM,MADIUN,MADIUN,,,0,0,0,JAWA TIMUR,MAGETAN,MAGETAN,BULUKERTO,NGAWI
11572918745,,ODP-KRJ-FA/42,-7.475719,111.566154,,,4,4,0,0,8,REGIONAL 5,MADIUN,NGAWI,KRJ,,,2024-06-15 11:28:56,45457,2024,6,NON TITO,,,JAWA TIMUR,0.5,YELLOW,1442003185,AREA 3,JATIM,MADIUN,MADIUN,,,0,0,0,JAWA TIMUR,NGAWI,KARANGJATI,CAMPURASRI,NGAWI
387840029,,ODP-NWI-FE/36,-7.41384,111.4429,,,6,10,0,0,16,REGIONAL 5,MADIUN,NGAWI,NWI,,,2023-08-30 18:09:52,42502,2016,5,NON TITO,,,JAWA TIMUR,0.625,YELLOW,23478151,AREA 3,JATIM,MADIUN,MADIUN,,,0,0,0,JAWA TIMUR,NGAWI,NGAWI,BERAN,NGAWI
1092114401,,ODP-KRJ-FC/14,-7.454263,111.6021,,,3,5,0,0,8,REGIONAL 5,MADIUN,NGAWI,KRJ,,,2024-03-16 23:22:18,42721,2016,12,NON TITO,,,JAWA TIMUR,0.625,YELLOW,39120745,AREA 3,JATIM,MADIUN,MADIUN,,,0,0,0,JAWA TIMUR,NGAWI,KARANGJATI,KARANGJATI,NGAWI
1345769828,,ODP-NWI-FE/109,-7.427233,111.439407,,,3,5,0,0,8,REGIONAL 5,MADIUN,NGAWI,NWI,,,2024-03-16 23:25:06,42829,2017,4,NON TITO,,,JAWA TIMUR,0.625,YELLOW,81178997,AREA 3,JATIM,MADIUN,MADIUN,,,0,0,0,JAWA TIMUR,NGAWI,GENENG,KLITIK,NGAWI
11706718528,,ODP-NWI-FE/170,-7.412422,111.447646,,,4,4,0,0,8,REGIONAL 5,MADIUN,NGAWI,NWI,,,2024-08-29 17:27:36,45532,2024,8,NON TITO,,,JAWA TIMUR,0.5,YELLOW,1459090379,AREA 3,JATIM,MADIUN,MADIUN,,,0,0,0,JAWA TIMUR,NGAWI,NGAWI,MARGOMULYO,NGAWI
5409944379,,ODP-WKU-FJ/54,-7.417814,111.309337,,,2,6,0,0,8,REGIONAL 5,MADIUN,NGAWI,WKU,,,2025-06-05 17:41:30,44090,2020,9,NON TITO,,,JAWA TIMUR,0.75,YELLOW,843198129,AREA 3,JATIM,MADIUN,MADIUN,,,0,0,0,JAWA TIMUR,NGAWI,KEDUNGGALAR,KEDUNGGALAR,NGAWI
1092113749,,ODP-KRJ-FC/17,-7.455078,111.610126,,,7,9,0,0,16,REGIONAL 5,MADIUN,NGAWI,KRJ,,,2024-03-16 23:21:08,42721,2016,12,NON TITO,,,JAWA TIMUR,0.5625,YELLOW,39120536,AREA 3,JATIM,MADIUN,MADIUN,,,0,0,0,JAWA TIMUR,NGAWI,KARANGJATI,KARANGJATI,NGAWI
1092113755,,ODP-KRJ-FC/07,-7.455393,111.60163,,,7,9,0,0,16,REGIONAL 5,MADIUN,NGAWI,KRJ,,,2024-03-16 23:21:25,42721,2016,12,NON TITO,,,JAWA TIMUR,0.5625,YELLOW,39120538,AREA 3,JATIM,MADIUN,MADIUN,,,0,0,0,JAWA TIMUR,NGAWI,KARANGJATI,KARANGJATI,NGAWI
10665569346,,ODP-KRJ-FE/14,-7.51323,111.634407,,,3,5,0,0,8,REGIONAL 5,MADIUN,NGAWI,KRJ,,,2024-03-16 23:22:47,45196,2023,9,NON TITO,,,JAWA TIMUR,0.625,YELLOW,1324200936,AREA 3,JATIM,MADIUN,MADIUN,,,0,0,0,JAWA TIMUR,MADIUN,PILANGKENCENG,PILANGKENCENG,NGAWI
1345769592,,ODP-NWI-FE/110,-7.427254,111.439876,,,2,6,0,0,8,REGIONAL 5,MADIUN,NGAWI,NWI,,,2024-03-16 23:25:07,42829,2017,4,NON TITO,,,JAWA TIMUR,0.75,YELLOW,81178802,AREA 3,JATIM,MADIUN,MADIUN,,,0,0,0,JAWA TIMUR,NGAWI,GENENG,KLITIK,NGAWI
11614094100,,ODP-NWI-FJ/92,-7.4282,111.406041,,,3,5,0,0,8,REGIONAL 5,MADIUN,NGAWI,NWI,,,2024-07-04 17:32:08,45476,2024,7,NON TITO,,,JAWA TIMUR,0.625,YELLOW,1444540059,AREA 3,JATIM,MADIUN,MADIUN,,,0,0,0,JAWA TIMUR,NGAWI,NGAWI,BERAN,NGAWI
1092113955,,ODP-KRJ-FC/01,-7.456223,111.616677,,,2,6,0,0,8,REGIONAL 5,MADIUN,NGAWI,KRJ,,,2024-03-16 23:22:16,42721,2016,12,NON TITO,,,JAWA TIMUR,0.75,YELLOW,39120600,AREA 3,JATIM,MADIUN,MADIUN,,,0,0,0,JAWA TIMUR,NGAWI,KARANGJATI,LEGUNDI,NGAWI
10662870237,,ODP-WKU-FAA/44,-7.475319,111.209799,,,3,5,0,0,8,REGIONAL 5,MADIUN,NGAWI,WKU,,,2024-03-16 23:26:19,45203,2023,10,NON TITO,,,JAWA TIMUR,0.625,YELLOW,1324412324,AREA 3,JATIM,MADIUN,MADIUN,,,0,0,0,JAWA TIMUR,NGAWI,NGRAMBE,CEPOKO,NGAWI
4294018926,,ODP-MGT-FA/89,-7.630527,111.306598,,,3,5,0,0,8,REGIONAL 5,MADIUN,NGAWI,MGT,,,2023-08-30 18:08:44,43783,2019,11,NON TITO,,,JAWA TIMUR,0.625,YELLOW,787156136,AREA 3,JATIM,MADIUN,MADIUN,,,0,0,0,JAWA TIMUR,MAGETAN,PANEKAN,TANJUNGSARI,NGAWI
1092114109,,ODP-KRJ-FC/05,-7.449345,111.597843,,,8,8,0,0,16,REGIONAL 5,MADIUN,NGAWI,KRJ,,,2024-03-16 23:22:17,42721,2016,12,NON TITO,,,JAWA TIMUR,0.5,YELLOW,39120649,AREA 3,JATIM,MADIUN,MADIUN,,,0,0,0,JAWA TIMUR,NGAWI,KARANGJATI,JATIPURO,NGAWI
11609520881,,ODP-NWI-FE/169,-7.424419,111.441043,,,2,5,0,0,8,REGIONAL 5,MADIUN,NGAWI,NWI,,,2024-07-04 17:32:01,45477,2024,7,NON TITO,,,JAWA TIMUR,0.625,YELLOW,1444686888,AREA 3,JATIM,MADIUN,MADIUN,,,0,0,0,JAWA TIMUR,NGAWI,GENENG,KLITIK,NGAWI
11614094115,,ODP-NWI-FJ/91,-7.426923,111.407558,,,2,6,0,0,8,REGIONAL 5,MADIUN,NGAWI,NWI,,,2024-07-04 17:32:05,45476,2024,7,NON TITO,,,JAWA TIMUR,0.75,YELLOW,1444540072,AREA 3,JATIM,MADIUN,MADIUN,,,0,0,0,JAWA TIMUR,NGAWI,NGAWI,BERAN,NGAWI
10704793853,,ODP-JGO-FC/65,-7.50728,111.218735,,,2,6,0,0,8,REGIONAL 5,MADIUN,NGAWI,JGO,,,2024-03-16 23:28:30,45205,2023,10,NON TITO,,,JAWA TIMUR,0.75,YELLOW,1324786735,AREA 3,JATIM,MADIUN,MADIUN,,,0,0,0,JAWA TIMUR,NGAWI,NGRAMBE,BABADAN,NGAWI
1339253540,,ODP-MGT-FZ/18,-7.686775,111.271306,,,2,6,0,0,8,REGIONAL 5,MADIUN,NGAWI,MGT,,,2024-03-16 23:25:16,42825,2017,3,NON TITO,,,JAWA TIMUR,0.75,YELLOW,81167378,AREA 3,JATIM,MADIUN,MADIUN,,,0,0,0,JAWA TIMUR,MAGETAN,PLAOSAN,SIDOMUKTI,NGAWI
11633218850,,ODP-JGO-FD/33,-7.487287,111.155283,,,2,6,0,0,8,REGIONAL 5,MADIUN,NGAWI,JGO,,,2024-07-17 17:37:55,45489,2024,7,NON TITO,,,JAWA TIMUR,0.75,YELLOW,1445965279,AREA 3,JATIM,MADIUN,MADIUN,,,0,0,0,JAWA TIMUR,NGAWI,SINE,TULAKAN,NGAWI
387842488,,ODP-NWI-FG/06,-7.393317,111.44843,,,5,9,0,0,16,REGIONAL 5,MADIUN,NGAWI,NWI,,,2023-08-30 17:59:54,42502,2016,5,NON TITO,,,JAWA TIMUR,0.5625,YELLOW,23480027,AREA 3,JATIM,MADIUN,MADIUN,,,0,0,0,JAWA TIMUR,NGAWI,NGAWI,KARANGTENGAH,NGAWI
387851319,,ODP-NWI-FG/34,-7.395877,111.444282,,,2,6,0,0,8,REGIONAL 5,MADIUN,NGAWI,NWI,,,2023-08-30 17:57:29,42502,2016,5,NON TITO,,,JAWA TIMUR,0.75,YELLOW,23485272,AREA 3,JATIM,MADIUN,MADIUN,,,0,0,0,JAWA TIMUR,NGAWI,NGAWI,KARANGTENGAH,NGAWI
11575618874,,ODP-NWI-FC/139,-7.394656,111.482279,,,3,5,0,0,8,REGIONAL 5,MADIUN,NGAWI,NWI,,,2024-06-14 19:14:36,45456,2024,6,NON TITO,,,JAWA TIMUR,0.625,YELLOW,1442000223,AREA 3,JATIM,MADIUN,MADIUN,,,0,0,0,JAWA TIMUR,NGAWI,KASREMAN,TAWUN,NGAWI
10900844244,,ODP-NWI-FC/137,-7.430718,111.468039,,,2,6,0,0,8,REGIONAL 5,MADIUN,NGAWI,NWI,,,2024-03-16 23:24:15,45246,2023,11,NON TITO,,,JAWA TIMUR,0.75,YELLOW,1333988873,AREA 3,JATIM,MADIUN,MADIUN,,,0,0,0,JAWA TIMUR,NGAWI,NGAWI,KANDANGAN,NGAWI
11513218821,,ODP-NWI-FK/20,-7.351122,111.505648,,,4,4,0,0,8,REGIONAL 5,MADIUN,NGAWI,NWI,,,2024-05-11 17:20:11,45422,2024,5,NON TITO,,,JAWA TIMUR,0.5,YELLOW,1428491876,AREA 3,JATIM,MADIUN,MADIUN,,,0,0,0,JAWA TIMUR,BOJONEGORO,MARGOMULYO,MARGOMULYO,NGAWI
11519218875,,ODP-NWI-FC/138,-7.413915,111.452884,,,4,4,0,0,8,REGIONAL 5,MADIUN,NGAWI,NWI,,,2024-05-09 17:10:27,45420,2024,5,NON TITO,,,JAWA TIMUR,0.5,YELLOW,1426711600,AREA 3,JATIM,MADIUN,MADIUN,,,0,0,0,JAWA TIMUR,NGAWI,NGAWI,KARANGASRI,NGAWI
1145068757,,ODP-MGT-FAA/86,-7.654249,111.329322,,,7,9,0,0,16,REGIONAL 5,MADIUN,NGAWI,MGT,,,2024-03-16 23:29:18,42758,2017,1,NON TITO,,,JAWA TIMUR,0.5625,YELLOW,39576982,AREA 3,JATIM,MADIUN,MADIUN,,,0,0,0,JAWA TIMUR,MAGETAN,MAGETAN,KEBONAGUNG,NGAWI
11464395820,,ODP-SAR-FA/46,-7.664864,111.191862,,,3,5,0,0,8,REGIONAL 5,MADIUN,NGAWI,SAR,,,2024-04-09 19:35:53,45390,2024,4,NON TITO,,,JAWA TIMUR,0.625,YELLOW,1422350694,AREA 3,JATIM,MADIUN,MADIUN,,,0,0,0,JAWA TIMUR,MAGETAN,PLAOSAN,NGANCAR,NGAWI
1199743659,,ODP-GGR-FA/32,-7.67951,111.412686,,,2,6,0,0,8,REGIONAL 5,MADIUN,NGAWI,GGR,,,2024-03-16 23:25:52,42767,2017,2,NON TITO,,,JAWA TIMUR,0.75,YELLOW,41215869,AREA 3,JATIM,MADIUN,MADIUN,,,0,0,0,JAWA TIMUR,MAGETAN,KAWEDANAN,KARANGREJO,NGAWI
1199743889,,ODP-GGR-FA/30,-7.673973,111.403836,,,8,8,0,0,16,REGIONAL 5,MADIUN,NGAWI,GGR,,,2024-03-16 23:21:07,42767,2017,2,NON TITO,,,JAWA TIMUR,0.5,YELLOW,41216013,AREA 3,JATIM,MADIUN,MADIUN,,,0,0,0,JAWA TIMUR,MAGETAN,KAWEDANAN,NGADIREJO,NGAWI
10902718844,,ODP-NWI-FC/136,-7.430335,111.465306,,,8,8,0,0,16,REGIONAL 5,MADIUN,NGAWI,NWI,,,2024-03-16 23:26:09,45245,2023,11,NON TITO,,,JAWA TIMUR,0.5,YELLOW,1333986081,AREA 3,JATIM,MADIUN,MADIUN,,,0,0,0,JAWA TIMUR,NGAWI,NGAWI,KANDANGAN,NGAWI
1199744002,,ODP-GGR-FA/31,-7.676446,111.407832,,,2,6,0,0,8,REGIONAL 5,MADIUN,NGAWI,GGR,,,2024-03-16 23:25:08,42767,2017,2,NON TITO,,,JAWA TIMUR,0.75,YELLOW,41216081,AREA 3,JATIM,MADIUN,MADIUN,,,0,0,0,JAWA TIMUR,MAGETAN,KAWEDANAN,NGADIREJO,NGAWI
1199744418,,ODP-GGR-FA/35,-7.68289,111.411093,,,4,4,0,0,8,REGIONAL 5,MADIUN,NGAWI,GGR,,,2024-03-16 23:26:03,42767,2017,2,NON TITO,,,JAWA TIMUR,0.5,YELLOW,41216334,AREA 3,JATIM,MADIUN,MADIUN,,,0,0,0,JAWA TIMUR,MAGETAN,KAWEDANAN,BOGEM,NGAWI
11384293826,,ODP-JGO-FB/94,-7.565114,111.254243,,,3,5,0,0,8,REGIONAL 5,MADIUN,NGAWI,JGO,,,2024-03-16 23:25:30,45364,2024,3,NON TITO,,,JAWA TIMUR,0.625,YELLOW,1417849961,AREA 3,JATIM,MADIUN,MADIUN,,,0,0,0,JAWA TIMUR,NGAWI,JOGOROGO,NGRAYUDAN,NGAWI
11384218872,,ODP-SAR-FA/45,-7.674236,111.226651,,,8,8,0,0,16,REGIONAL 5,MADIUN,NGAWI,SAR,,,2024-03-16 23:24:02,45357,2024,3,NON TITO,,,JAWA TIMUR,0.5,YELLOW,1417311322,AREA 3,JATIM,MADIUN,MADIUN,,,0,0,0,JAWA TIMUR,MAGETAN,PLAOSAN,SARANGAN,NGAWI
1325765363,,ODP-WKU-FA/15,-7.3757,111.2277,,,4,12,0,0,16,REGIONAL 5,MADIUN,NGAWI,WKU,,,2024-03-16 23:26:23,42815,2017,3,NON TITO,,,JAWA TIMUR,0.75,YELLOW,79451607,AREA 3,JATIM,MADIUN,MADIUN,,,0,0,0,JAWA TIMUR,NGAWI,WIDODAREN,WIDODAREN,NGAWI
1328743851,,ODP-WKU-FA/20,-7.37505,111.21979,,,4,12,0,0,16,REGIONAL 5,MADIUN,NGAWI,WKU,,,2024-03-16 23:26:16,42815,2017,3,NON TITO,,,JAWA TIMUR,0.75,YELLOW,79449755,AREA 3,JATIM,MADIUN,MADIUN,,,0,0,0,JAWA TIMUR,NGAWI,WIDODAREN,KAUMAN,NGAWI
2997793709,,ODP-MGT-FU/02,-7.643736,111.328912,,,2,6,0,0,8,REGIONAL 5,MADIUN,NGAWI,MGT,,,2023-08-30 18:10:09,43382,2018,10,NON TITO,,,JAWA TIMUR,0.75,YELLOW,405137872,AREA 3,JATIM,MADIUN,MADIUN,,,0,0,0,JAWA TIMUR,MAGETAN,MAGETAN,SUKOWINANGUN,NGAWI
1221121855,,ODP-NWI-FG/57,-7.396238,111.447098,,,5,11,0,0,16,REGIONAL 5,MADIUN,NGAWI,NWI,,,2024-03-16 23:24:23,42774,2017,2,NON TITO,,,JAWA TIMUR,0.6875,YELLOW,62454918,AREA 3,JATIM,MADIUN,MADIUN,,,0,0,0,JAWA TIMUR,NGAWI,NGAWI,KETANGGI,NGAWI
1199744415,,ODP-GGR-FA/33,-7.681593,111.408359,,,3,5,0,0,8,REGIONAL 5,MADIUN,NGAWI,GGR,,,2024-03-16 23:25:52,42767,2017,2,NON TITO,,,JAWA TIMUR,0.625,YELLOW,41216332,AREA 3,JATIM,MADIUN,MADIUN,,,0,0,0,JAWA TIMUR,MAGETAN,KAWEDANAN,BOGEM,NGAWI
11524094037,,ODP-WKU-FA/69,-7.375625,111.227302,,,4,4,0,0,8,REGIONAL 5,MADIUN,NGAWI,WKU,,,2024-05-16 18:00:13,45427,2024,5,NON TITO,,,JAWA TIMUR,0.5,YELLOW,1430962040,AREA 3,JATIM,MADIUN,MADIUN,,,0,0,0,JAWA TIMUR,NGAWI,WIDODAREN,WIDODAREN,NGAWI
3206614170,,ODP-MGT-FN/13,-7.749929,111.344031,,,4,4,0,0,8,REGIONAL 5,MADIUN,NGAWI,MGT,,,2023-08-30 18:01:25,43483,2019,1,NON TITO,,,JAWA TIMUR,0.5,YELLOW,463515930,AREA 3,JATIM,MADIUN,MADIUN,,,0,0,0,JAWA TIMUR,MAGETAN,PARANG,TAMANARUM,NGAWI
1322082881,,ODP-MGT-FE/38,-7.631025,111.327829,,,5,11,0,0,16,REGIONAL 5,MADIUN,NGAWI,MGT,,,2024-03-16 23:23:25,42810,2017,3,NON TITO,,,JAWA TIMUR,0.6875,YELLOW,79502991,AREA 3,JATIM,MADIUN,MADIUN,,,0,0,0,JAWA TIMUR,MAGETAN,PANEKAN,MILANGASRI,NGAWI
387853479,,ODP-NWI-FJ/10,-7.4494,111.3872,,,2,5,0,0,8,REGIONAL 5,MADIUN,NGAWI,NWI,,,2023-08-30 18:02:00,42502,2016,5,NON TITO,,,JAWA TIMUR,0.625,YELLOW,23486515,AREA 3,JATIM,MADIUN,MADIUN,,,0,0,0,JAWA TIMUR,NGAWI,PARON,PARON,NGAWI
387853783,,ODP-MGT-FA/18,-7.6438,111.3094,,,9,7,0,0,16,REGIONAL 5,MADIUN,NGAWI,MGT,,,2023-08-30 18:05:40,42502,2016,5,NON TITO,,,JAWA TIMUR,0.4375,YELLOW,23486686,AREA 3,JATIM,MADIUN,MADIUN,,,0,0,0,JAWA TIMUR,MAGETAN,MAGETAN,SELOSARI,NGAWI
1322084962,,ODP-MGT-FE/36,-7.630702,111.327693,,,4,4,0,0,8,REGIONAL 5,MADIUN,NGAWI,MGT,,,2024-03-16 23:23:54,42810,2017,3,NON TITO,,,JAWA TIMUR,0.5,YELLOW,79504477,AREA 3,JATIM,MADIUN,MADIUN,,,0,0,0,JAWA TIMUR,MAGETAN,PANEKAN,MILANGASRI,NGAWI
10863569739,,ODP-KRJ-FD/33,-7.447044,111.566136,,,4,4,0,0,8,REGIONAL 5,MADIUN,NGAWI,KRJ,,,2024-03-16 23:22:47,45233,2023,11,NON TITO,,,JAWA TIMUR,0.5,YELLOW,1332910800,AREA 3,JATIM,MADIUN,MADIUN,,,0,0,0,JAWA TIMUR,NGAWI,KARANGJATI,SIDOKERTO,NGAWI
11575618869,,ODP-NWI-FC/140,-7.395574,111.482146,,,4,4,0,0,8,REGIONAL 5,MADIUN,NGAWI,NWI,,,2024-06-14 19:14:45,45456,2024,6,NON TITO,,,JAWA TIMUR,0.5,YELLOW,1442000220,AREA 3,JATIM,MADIUN,MADIUN,,,0,0,0,JAWA TIMUR,NGAWI,KASREMAN,TAWUN,NGAWI
1322084789,,ODP-MGT-FE/39,-7.631118,111.327403,,,3,5,0,0,8,REGIONAL 5,MADIUN,NGAWI,MGT,,,2024-03-16 23:23:35,42810,2017,3,NON TITO,,,JAWA TIMUR,0.625,YELLOW,79504359,AREA 3,JATIM,MADIUN,MADIUN,,,0,0,0,JAWA TIMUR,MAGETAN,PANEKAN,MILANGASRI,NGAWI
1131493639,,ODP-MGT-FJ/13,-7.65663,111.33311,,,9,7,0,0,16,REGIONAL 5,MADIUN,NGAWI,MGT,,,2024-03-16 23:25:20,42748,2017,1,NON TITO,,,JAWA TIMUR,0.4375,YELLOW,39406446,AREA 3,JATIM,MADIUN,MADIUN,,,0,0,0,JAWA TIMUR,MAGETAN,MAGETAN,MANGKUJAYAN,NGAWI
1131570066,,ODP-NWI-FJ/21,-7.441173,111.390386,,,9,7,0,0,16,REGIONAL 5,MADIUN,NGAWI,NWI,,,2024-03-16 23:28:22,42752,2017,1,NON TITO,,,JAWA TIMUR,0.4375,YELLOW,39423645,AREA 3,JATIM,MADIUN,MADIUN,,,0,0,0,JAWA TIMUR,NGAWI,PARON,PARON,NGAWI
872068549,,ODP-GGR-FB/02,-7.757096,111.388833,,,6,10,0,0,16,REGIONAL 5,MADIUN,NGAWI,GGR,,,2023-08-30 18:08:36,42619,2016,9,NON TITO,,,JAWA TIMUR,0.625,YELLOW,34448795,AREA 3,JATIM,MADIUN,MADIUN,,,0,0,0,JAWA TIMUR,MAGETAN,LEMBEYAN,LEMBEYAN KULON,NGAWI
1131226996,,ODP-GGR-FC/16,-7.666838,111.479323,,,6,10,0,0,16,REGIONAL 5,MADIUN,NGAWI,GGR,,,2024-03-16 23:24:35,42753,2017,1,NON TITO,,,JAWA TIMUR,0.625,YELLOW,39427289,AREA 3,JATIM,MADIUN,MADIUN,,,0,0,0,JAWA TIMUR,MAGETAN,TAKERAN,WADUK,NGAWI
11534744043,,ODP-WKU-FC/51,-7.408862,111.227854,,,2,6,0,0,8,REGIONAL 5,MADIUN,NGAWI,WKU,,,2024-05-29 01:57:16,45439,2024,5,NON TITO,,,JAWA TIMUR,0.75,YELLOW,1432315504,AREA 3,JATIM,MADIUN,MADIUN,,,0,0,0,JAWA TIMUR,NGAWI,WIDODAREN,WALIKUKUN,NGAWI
970860064,,ODP-MGT-FG/10,-7.63534,111.363916,,,8,8,0,0,16,REGIONAL 5,MADIUN,NGAWI,MGT,,,2023-08-30 17:57:55,42651,2016,10,NON TITO,,,JAWA TIMUR,0.5,YELLOW,36620761,AREA 3,JATIM,MADIUN,MADIUN,,,0,0,0,JAWA TIMUR,MAGETAN,SUKOMORO,BIBIS,NGAWI
3286697392,,ODP-GGR-FA/13,-7.670373,111.419703,,,5,11,0,0,16,REGIONAL 5,MADIUN,NGAWI,GGR,,,2023-08-30 17:59:23,43493,2019,1,NON TITO,,,JAWA TIMUR,0.6875,YELLOW,507617181,AREA 3,JATIM,MADIUN,MADIUN,,,0,0,0,JAWA TIMUR,MAGETAN,KAWEDANAN,KARANGREJO,NGAWI
1131228481,,ODP-GGR-FC/15,-7.666247,111.47664,,,9,7,0,0,16,REGIONAL 5,MADIUN,NGAWI,GGR,,,2024-03-16 23:24:50,42753,2017,1,NON TITO,,,JAWA TIMUR,0.4375,YELLOW,39428175,AREA 3,JATIM,MADIUN,MADIUN,,,0,0,0,JAWA TIMUR,MAGETAN,TAKERAN,WADUK,NGAWI
3287894056,,ODP-NWI-FC/96,-7.40463,111.45207,,,8,8,0,0,16,REGIONAL 5,MADIUN,NGAWI,NWI,,,2023-08-30 17:57:16,43489,2019,1,NON TITO,,,JAWA TIMUR,0.5,YELLOW,481684646,AREA 3,JATIM,MADIUN,MADIUN,,,0,0,0,JAWA TIMUR,NGAWI,NGAWI,KARANGASRI,NGAWI
1322083464,,ODP-MGT-FE/40,-7.631392,111.327502,,,2,6,0,0,8,REGIONAL 5,MADIUN,NGAWI,MGT,,,2024-03-16 23:23:27,42810,2017,3,NON TITO,,,JAWA TIMUR,0.75,YELLOW,79503547,AREA 3,JATIM,MADIUN,MADIUN,,,0,0,0,JAWA TIMUR,MAGETAN,PANEKAN,MILANGASRI,NGAWI
1145068739,,ODP-MGT-FB/51,-7.62137,111.339,,,4,4,0,0,8,REGIONAL 5,MADIUN,NGAWI,MGT,,,2024-03-16 23:27:56,42758,2017,1,NON TITO,,,JAWA TIMUR,0.5,YELLOW,39576937,AREA 3,JATIM,MADIUN,MADIUN,,,0,0,0,JAWA TIMUR,MAGETAN,PANEKAN,MILANGASRI,NGAWI
11382419179,,ODP-WKU-FC/50,-7.399732,111.219771,,,3,5,0,0,8,REGIONAL 5,MADIUN,NGAWI,WKU,,,2024-03-16 23:22:00,45359,2024,3,NON TITO,,,JAWA TIMUR,0.625,YELLOW,1414082613,AREA 3,JATIM,MADIUN,MADIUN,,,0,0,0,JAWA TIMUR,NGAWI,WIDODAREN,WALIKUKUN,NGAWI
1237020484,,ODP-SAR-FB/03,-7.684451,111.250244,,,3,12,0,0,16,REGIONAL 5,MADIUN,NGAWI,SAR,,,2024-03-16 23:26:51,42776,2017,2,NON TITO,,,JAWA TIMUR,0.75,YELLOW,62746580,AREA 3,JATIM,MADIUN,MADIUN,,,0,0,0,JAWA TIMUR,MAGETAN,PLAOSAN,PLAOSAN,NGAWI
680069498,,ODP-MGT-FM/01,-7.665354,111.265662,,,5,11,0,0,16,REGIONAL 5,MADIUN,NGAWI,MGT,,,2024-03-16 23:22:58,42535,2016,6,NON TITO,,,JAWA TIMUR,0.6875,YELLOW,33587857,AREA 3,JATIM,MADIUN,MADIUN,,,0,0,0,JAWA TIMUR,MAGETAN,PLAOSAN,PACALAN,NGAWI
980218869,,ODP-SAR-FA/25,-7.667392,111.227179,,,9,7,0,0,16,REGIONAL 5,MADIUN,NGAWI,SAR,,,2024-03-16 23:23:58,42655,2016,10,NON TITO,,,JAWA TIMUR,0.4375,YELLOW,36717604,AREA 3,JATIM,MADIUN,MADIUN,,,0,0,0,JAWA TIMUR,MAGETAN,PLAOSAN,SARANGAN,NGAWI
387838336,,ODP-NWI-FB/20,-7.4467,111.4346,,,3,4,0,0,8,REGIONAL 5,MADIUN,NGAWI,NWI,,,2024-03-16 23:27:58,42502,2016,5,NON TITO,,,JAWA TIMUR,0.5,YELLOW,23476720,AREA 3,JATIM,MADIUN,MADIUN,,,0,0,0,JAWA TIMUR,NGAWI,GENENG,KLITIK,NGAWI
12043543614,,ODP-WKU-FJ/18,-7.398675,111.300844,,,3,5,0,0,8,REGIONAL 5,MADIUN,NGAWI,WKU,,,2025-01-31 17:55:10,45687,2025,1,NON TITO,,,JAWA TIMUR,0.625,YELLOW,1495981031,AREA 3,JATIM,MADIUN,MADIUN,,,0,0,0,JAWA TIMUR,NGAWI,KEDUNGGALAR,BANGUNREJO KIDUL,NGAWI
12043543609,,ODP-WKU-FJ/17,-7.394483,111.303065,,,4,4,0,0,8,REGIONAL 5,MADIUN,NGAWI,WKU,,,2025-01-31 17:55:42,45687,2025,1,NON TITO,,,JAWA TIMUR,0.5,YELLOW,1495981027,AREA 3,JATIM,MADIUN,MADIUN,,,0,0,0,JAWA TIMUR,NGAWI,KEDUNGGALAR,BANGUNREJO KIDUL,NGAWI
387838494,,ODP-NWI-FC/16,-7.4056,111.4681,,,6,10,0,0,16,REGIONAL 5,MADIUN,NGAWI,NWI,,,2024-03-16 23:27:14,42502,2016,5,NON TITO,,,JAWA TIMUR,0.625,YELLOW,23476854,AREA 3,JATIM,MADIUN,MADIUN,,,0,0,0,JAWA TIMUR,NGAWI,NGAWI,KARANG TENGAH PRANDON,NGAWI
387838498,,ODP-NWI-FB/29,-7.4295,111.438,,,3,5,0,0,8,REGIONAL 5,MADIUN,NGAWI,NWI,,,2024-03-16 23:27:49,42502,2016,5,NON TITO,,,JAWA TIMUR,0.625,YELLOW,23476858,AREA 3,JATIM,MADIUN,MADIUN,,,0,0,0,JAWA TIMUR,NGAWI,GENENG,KLITIK,NGAWI
387838643,,ODP-NWI-FB/12,-7.4497,111.4416,,,4,4,0,0,8,REGIONAL 5,MADIUN,NGAWI,NWI,,,2024-03-16 23:27:25,42502,2016,5,NON TITO,,,JAWA TIMUR,0.5,YELLOW,23476982,AREA 3,JATIM,MADIUN,MADIUN,,,0,0,0,JAWA TIMUR,NGAWI,GENENG,DEMPEL,NGAWI
387838699,,ODP-NWI-FE/47,-7.4083,111.4366,,,5,11,0,0,16,REGIONAL 5,MADIUN,NGAWI,NWI,,,2024-03-16 23:27:48,42502,2016,5,NON TITO,,,JAWA TIMUR,0.6875,YELLOW,23477029,AREA 3,JATIM,MADIUN,MADIUN,,,0,0,0,JAWA TIMUR,NGAWI,NGAWI,MARGOMULYO,NGAWI
387838707,,ODP-NWI-FB/24,-7.4428,111.4375,,,1,6,0,0,8,REGIONAL 5,MADIUN,NGAWI,NWI,,,2024-03-16 23:27:23,42502,2016,5,NON TITO,,,JAWA TIMUR,0.75,YELLOW,23477035,AREA 3,JATIM,MADIUN,MADIUN,,,0,0,0,JAWA TIMUR,NGAWI,GENENG,KLITIK,NGAWI
387838896,,ODP-NWI-FE/41,-7.4142,111.445,,,6,10,0,0,16,REGIONAL 5,MADIUN,NGAWI,NWI,,,2024-03-16 23:26:47,42502,2016,5,NON TITO,,,JAWA TIMUR,0.625,YELLOW,23477196,AREA 3,JATIM,MADIUN,MADIUN,,,0,0,0,JAWA TIMUR,NGAWI,NGAWI,BERAN,NGAWI
387838951,,ODP-NWI-FD/10,-7.4022,111.4256,,,7,9,0,0,16,REGIONAL 5,MADIUN,NGAWI,NWI,,,2024-03-16 23:27:57,42502,2016,5,NON TITO,,,JAWA TIMUR,0.5625,YELLOW,23477238,AREA 3,JATIM,MADIUN,MADIUN,,,0,0,0,JAWA TIMUR,NGAWI,NGAWI,GRUDO,NGAWI
387838984,,ODP-NWI-FB/57,-7.4477,111.4574,,,2,11,0,0,16,REGIONAL 5,MADIUN,NGAWI,NWI,,,2024-03-16 23:28:08,42502,2016,5,NON TITO,,,JAWA TIMUR,0.6875,YELLOW,23477265,AREA 3,JATIM,MADIUN,MADIUN,,,0,0,0,JAWA TIMUR,NGAWI,GENENG,DEMPEL,NGAWI
387780396,,ODP-NWI-FE/51,-7.41,111.4408,,,6,10,0,0,16,REGIONAL 5,MADIUN,NGAWI,NWI,,,2024-03-16 23:28:50,42502,2016,5,NON TITO,,,JAWA TIMUR,0.625,YELLOW,23418535,AREA 3,JATIM,MADIUN,MADIUN,,,0,0,0,JAWA TIMUR,NGAWI,NGAWI,MARGOMULYO,NGAWI
387839253,,ODP-NWI-FB/58,-7.4421,111.4572,,,2,5,0,0,8,REGIONAL 5,MADIUN,NGAWI,NWI,,,2024-03-16 23:28:26,42502,2016,5,NON TITO,,,JAWA TIMUR,0.625,YELLOW,23477492,AREA 3,JATIM,MADIUN,MADIUN,,,0,0,0,JAWA TIMUR,NGAWI,GENENG,KERSOHARJO,NGAWI
387839485,,ODP-NWI-FD/55,-7.407004,111.433703,,,7,9,0,0,16,REGIONAL 5,MADIUN,NGAWI,NWI,,,2024-03-16 23:28:12,42502,2016,5,NON TITO,,,JAWA TIMUR,0.5625,YELLOW,23477692,AREA 3,JATIM,MADIUN,MADIUN,,,0,0,0,JAWA TIMUR,NGAWI,NGAWI,JURUREJO,NGAWI
387839726,,ODP-NWI-FE/62,-7.4142,111.4425,,,4,12,0,0,16,REGIONAL 5,MADIUN,NGAWI,NWI,,,2024-03-16 23:28:14,42502,2016,5,NON TITO,,,JAWA TIMUR,0.75,YELLOW,23477897,AREA 3,JATIM,MADIUN,MADIUN,,,0,0,0,JAWA TIMUR,NGAWI,NGAWI,BERAN,NGAWI
387839739,,ODP-NWI-FD/43,-7.413962,111.427619,,,5,11,0,0,16,REGIONAL 5,MADIUN,NGAWI,NWI,,,2024-03-16 23:28:31,42502,2016,5,NON TITO,,,JAWA TIMUR,0.6875,YELLOW,23477907,AREA 3,JATIM,MADIUN,MADIUN,,,0,0,0,JAWA TIMUR,NGAWI,NGAWI,JURUREJO,NGAWI
387839775,,ODP-NWI-FD/47,-7.411447,111.425738,,,7,8,0,0,16,REGIONAL 5,MADIUN,NGAWI,NWI,,,2024-03-16 23:28:22,42502,2016,5,NON TITO,,,JAWA TIMUR,0.5,YELLOW,23477938,AREA 3,JATIM,MADIUN,MADIUN,,,0,0,0,JAWA TIMUR,NGAWI,NGAWI,GRUDO,NGAWI
387780243,,ODP-NWI-FE/06,-7.4133,111.439,,,8,7,0,0,16,REGIONAL 5,MADIUN,NGAWI,NWI,,,2024-03-16 23:28:16,42502,2016,5,NON TITO,,,JAWA TIMUR,0.4375,YELLOW,23418406,AREA 3,JATIM,MADIUN,MADIUN,,,0,0,0,JAWA TIMUR,NGAWI,NGAWI,BERAN,NGAWI
387780233,,ODP-NWI-FE/59,-7.4128,111.4411,,,5,11,0,0,16,REGIONAL 5,MADIUN,NGAWI,NWI,,,2024-03-16 23:28:50,42502,2016,5,NON TITO,,,JAWA TIMUR,0.6875,YELLOW,23418399,AREA 3,JATIM,MADIUN,MADIUN,,,0,0,0,JAWA TIMUR,NGAWI,NGAWI,BERAN,NGAWI
387839842,,ODP-NWI-FD/52,-7.408003,111.432712,,,7,9,0,0,16,REGIONAL 5,MADIUN,NGAWI,NWI,,,2024-03-16 23:28:08,42502,2016,5,NON TITO,,,JAWA TIMUR,0.5625,YELLOW,23477995,AREA 3,JATIM,MADIUN,MADIUN,,,0,0,0,JAWA TIMUR,NGAWI,NGAWI,JURUREJO,NGAWI
387839910,,ODP-NWI-FE/45,-7.4158,111.4425,,,3,5,0,0,8,REGIONAL 5,MADIUN,NGAWI,NWI,,,2024-03-16 23:27:25,42502,2016,5,NON TITO,,,JAWA TIMUR,0.625,YELLOW,23478051,AREA 3,JATIM,MADIUN,MADIUN,,,0,0,0,JAWA TIMUR,NGAWI,NGAWI,BERAN,NGAWI
387840030,,ODP-NWI-FD/50,-7.408505,111.431507,,,7,9,0,0,16,REGIONAL 5,MADIUN,NGAWI,NWI,,,2024-03-16 23:27:25,42502,2016,5,NON TITO,,,JAWA TIMUR,0.5625,YELLOW,23478152,AREA 3,JATIM,MADIUN,MADIUN,,,0,0,0,JAWA TIMUR,NGAWI,NGAWI,JURUREJO,NGAWI
12123118926,,ODP-NWI-FM/56,-7.401243,111.370975,,,4,4,0,0,8,REGIONAL 5,MADIUN,NGAWI,NWI,,,2025-04-26 17:55:49,45772,2025,4,NON TITO,,,JAWA TIMUR,0.5,YELLOW,1497381801,AREA 3,JATIM,MADIUN,MADIUN,,,0,0,0,JAWA TIMUR,NGAWI,PARON,NGALE,NGAWI
387838254,,ODP-NWI-FB/07,-7.447503,111.440536,,,3,5,0,0,8,REGIONAL 5,MADIUN,NGAWI,NWI,,,2024-03-16 23:27:09,42502,2016,5,NON TITO,,,JAWA TIMUR,0.625,YELLOW,23476654,AREA 3,JATIM,MADIUN,MADIUN,,,0,0,0,JAWA TIMUR,NGAWI,GENENG,DEMPEL,NGAWI
387840233,,ODP-NWI-FE/75,-7.41702,111.44244,,,2,5,0,0,8,REGIONAL 5,MADIUN,NGAWI,NWI,,,2024-03-16 23:26:59,42502,2016,5,NON TITO,,,JAWA TIMUR,0.625,YELLOW,23478325,AREA 3,JATIM,MADIUN,MADIUN,,,0,0,0,JAWA TIMUR,NGAWI,NGAWI,BERAN,NGAWI
387780551,,ODP-NWI-FE/34,-7.4119,111.4433,,,4,10,0,0,16,REGIONAL 5,MADIUN,NGAWI,NWI,,,2024-03-16 23:29:00,42502,2016,5,NON TITO,,,JAWA TIMUR,0.625,YELLOW,23418661,AREA 3,JATIM,MADIUN,MADIUN,,,0,0,0,JAWA TIMUR,NGAWI,NGAWI,MARGOMULYO,NGAWI
387837912,,ODP-NWI-FC/06,-7.402,111.4645,,,2,6,0,0,8,REGIONAL 5,MADIUN,NGAWI,NWI,,,2024-03-16 23:27:21,42502,2016,5,NON TITO,,,JAWA TIMUR,0.75,YELLOW,23476368,AREA 3,JATIM,MADIUN,MADIUN,,,0,0,0,JAWA TIMUR,NGAWI,NGAWI,KARANGASRI,NGAWI
387792879,,ODP-NWI-FM/24,-7.3765,111.3669,,,2,6,0,0,8,REGIONAL 5,MADIUN,NGAWI,NWI,,,2024-03-16 23:24:40,42502,2016,5,NON TITO,,,JAWA TIMUR,0.75,YELLOW,23426543,AREA 3,JATIM,MADIUN,MADIUN,,,0,0,0,JAWA TIMUR,NGAWI,PITU,NGANCAR,NGAWI
387792892,,ODP-MGT-FH/04,-7.6823,111.3393,,,5,11,0,0,16,REGIONAL 5,MADIUN,NGAWI,MGT,,,2024-03-16 23:24:02,42502,2016,5,NON TITO,,,JAWA TIMUR,0.6875,YELLOW,23426549,AREA 3,JATIM,MADIUN,MADIUN,,,0,0,0,JAWA TIMUR,MAGETAN,NGARIBOYO,NGARIBOYO,NGAWI
387792900,,ODP-MGT-FAA/82,-7.6573,111.3244,,,3,5,0,0,8,REGIONAL 5,MADIUN,NGAWI,MGT,,,2024-03-16 23:24:39,42502,2016,5,NON TITO,,,JAWA TIMUR,0.625,YELLOW,23426555,AREA 3,JATIM,MADIUN,MADIUN,,,0,0,0,JAWA TIMUR,MAGETAN,MAGETAN,MAGETAN,NGAWI
12046245077,,ODP-WKU-FF/49,-7.36712,111.16183,,,4,4,0,0,8,REGIONAL 5,MADIUN,NGAWI,WKU,,,2025-02-05 17:38:40,45692,2025,2,NON TITO,,,JAWA TIMUR,0.5,YELLOW,1495883548,AREA 3,JATIM,MADIUN,MADIUN,,,0,0,0,JAWA TIMUR,NGAWI,MANTINGAN,MANTINGAN,NGAWI
387792907,,ODP-WKU-FAA/04,-7.4736,111.2094,,,7,9,0,0,16,REGIONAL 5,MADIUN,NGAWI,WKU,,,2024-03-16 23:24:43,42502,2016,5,NON TITO,,,JAWA TIMUR,0.5625,YELLOW,23426560,AREA 3,JATIM,MADIUN,MADIUN,,,0,0,0,JAWA TIMUR,NGAWI,NGRAMBE,CEPOKO,NGAWI
387792930,,ODP-WKU-FZA/06,-7.4198,111.3077,,,4,11,1,0,16,REGIONAL 5,MADIUN,NGAWI,WKU,,,2024-03-16 23:24:43,42502,2016,5,NON TITO,,,JAWA TIMUR,0.6875,YELLOW,23426571,AREA 3,JATIM,MADIUN,MADIUN,,,0,0,0,JAWA TIMUR,NGAWI,KEDUNGGALAR,KEDUNGGALAR,NGAWI
387780683,,ODP-NWI-FD/26,-7.405408,111.430782,,,4,12,0,0,16,REGIONAL 5,MADIUN,NGAWI,NWI,,,2024-03-16 23:29:19,42502,2016,5,NON TITO,,,JAWA TIMUR,0.75,YELLOW,23418762,AREA 3,JATIM,MADIUN,MADIUN,,,0,0,0,JAWA TIMUR,NGAWI,NGAWI,GRUDO,NGAWI
387792979,,ODP-WKU-FB/02,-7.3949,111.2228,,,9,7,0,0,16,REGIONAL 5,MADIUN,NGAWI,WKU,,,2024-03-16 23:24:53,42502,2016,5,NON TITO,,,JAWA TIMUR,0.4375,YELLOW,23426599,AREA 3,JATIM,MADIUN,MADIUN,,,0,0,0,JAWA TIMUR,NGAWI,WIDODAREN,WALIKUKUN,NGAWI
387793041,,ODP-NWI-FJ/04,-7.4339,111.3991,,,8,8,0,0,16,REGIONAL 5,MADIUN,NGAWI,NWI,,,2024-03-16 23:24:34,42502,2016,5,NON TITO,,,JAWA TIMUR,0.5,YELLOW,23426634,AREA 3,JATIM,MADIUN,MADIUN,,,0,0,0,JAWA TIMUR,NGAWI,PARON,PARON,NGAWI
387793045,,ODP-MGT-FA/26,-7.6444,111.3117,,,8,8,0,0,16,REGIONAL 5,MADIUN,NGAWI,MGT,,,2024-03-16 23:24:20,42502,2016,5,NON TITO,,,JAWA TIMUR,0.5,YELLOW,23426637,AREA 3,JATIM,MADIUN,MADIUN,,,0,0,0,JAWA TIMUR,MAGETAN,MAGETAN,SELOSARI,NGAWI
387793079,,ODP-MGT-FH/02,-7.6789,111.3347,,,8,8,0,0,16,REGIONAL 5,MADIUN,NGAWI,MGT,,,2024-03-16 23:23:28,42502,2016,5,NON TITO,,,JAWA TIMUR,0.5,YELLOW,23426656,AREA 3,JATIM,MADIUN,MADIUN,,,0,0,0,JAWA TIMUR,MAGETAN,NGARIBOYO,NGARIBOYO,NGAWI
387793131,,ODP-MGT-FA/24,-7.645,111.3107,,,4,4,0,0,8,REGIONAL 5,MADIUN,NGAWI,MGT,,,2024-03-16 23:24:25,42502,2016,5,NON TITO,,,JAWA TIMUR,0.5,YELLOW,23426684,AREA 3,JATIM,MADIUN,MADIUN,,,0,0,0,JAWA TIMUR,MAGETAN,MAGETAN,SELOSARI,NGAWI
387793137,,ODP-NWI-FF/25,-7.4095,111.4402,,,3,5,0,0,8,REGIONAL 5,MADIUN,NGAWI,NWI,,,2024-03-16 23:24:46,42502,2016,5,NON TITO,,,JAWA TIMUR,0.625,YELLOW,23426688,AREA 3,JATIM,MADIUN,MADIUN,,,0,0,0,JAWA TIMUR,NGAWI,NGAWI,MARGOMULYO,NGAWI
387793190,,ODP-MGT-FAA/39,-7.656,111.3212,,,6,10,0,0,16,REGIONAL 5,MADIUN,NGAWI,MGT,,,2024-03-16 23:24:14,42502,2016,5,NON TITO,,,JAWA TIMUR,0.625,YELLOW,23426718,AREA 3,JATIM,MADIUN,MADIUN,,,0,0,0,JAWA TIMUR,MAGETAN,MAGETAN,KEPOLOREJO,NGAWI
387830554,,ODP-MGT-FA/02,-7.6322,111.3068,,,9,7,0,0,16,REGIONAL 5,MADIUN,NGAWI,MGT,,,2024-03-16 23:24:52,42502,2016,5,NON TITO,,,JAWA TIMUR,0.4375,YELLOW,23469443,AREA 3,JATIM,MADIUN,MADIUN,,,0,0,0,JAWA TIMUR,MAGETAN,PANEKAN,TERUNG,NGAWI
387831110,,ODP-MGT-FA/08,-7.6453,111.315,,,4,12,0,0,16,REGIONAL 5,MADIUN,NGAWI,MGT,,,2024-03-16 23:25:45,42502,2016,5,NON TITO,,,JAWA TIMUR,0.75,YELLOW,23469961,AREA 3,JATIM,MADIUN,MADIUN,,,0,0,0,JAWA TIMUR,MAGETAN,MAGETAN,SELOSARI,NGAWI
387831909,,ODP-MGT-F01/02,-7.6658,111.3164,,,7,9,0,0,16,REGIONAL 5,MADIUN,NGAWI,MGT,,,2024-03-16 23:25:20,42502,2016,5,NON TITO,,,JAWA TIMUR,0.5625,YELLOW,23470707,AREA 3,JATIM,MADIUN,MADIUN,,,0,0,0,JAWA TIMUR,MAGETAN,MAGETAN,RINGINAGUNG,NGAWI
387780649,,ODP-NWI-FE/53,-7.4122,111.443,,,8,8,0,0,16,REGIONAL 5,MADIUN,NGAWI,NWI,,,2024-03-16 23:28:40,42502,2016,5,NON TITO,,,JAWA TIMUR,0.5,YELLOW,23418739,AREA 3,JATIM,MADIUN,MADIUN,,,0,0,0,JAWA TIMUR,NGAWI,NGAWI,MARGOMULYO,NGAWI
387837296,,ODP-NWI-FC/13,-7.4043,111.4676,,,5,10,0,0,16,REGIONAL 5,MADIUN,NGAWI,NWI,,,2024-03-16 23:27:26,42502,2016,5,NON TITO,,,JAWA TIMUR,0.625,YELLOW,23475856,AREA 3,JATIM,MADIUN,MADIUN,,,0,0,0,JAWA TIMUR,NGAWI,NGAWI,KARANG TENGAH PRANDON,NGAWI
12042945303,,ODP-WKU-FAA/60,-7.452469,111.226713,,,4,4,0,0,8,REGIONAL 5,MADIUN,NGAWI,WKU,,,2025-02-04 17:49:04,45691,2025,2,NON TITO,,,JAWA TIMUR,0.5,YELLOW,1496005133,AREA 3,JATIM,MADIUN,MADIUN,,,0,0,0,JAWA TIMUR,NGAWI,WIDODAREN,SEKAR ALAS,NGAWI
12042945298,,ODP-WKU-FAA/61,-7.444552,111.231036,,,2,6,0,0,8,REGIONAL 5,MADIUN,NGAWI,WKU,,,2025-02-04 17:42:48,45691,2025,2,NON TITO,,,JAWA TIMUR,0.75,YELLOW,1496005130,AREA 3,JATIM,MADIUN,MADIUN,,,0,0,0,JAWA TIMUR,NGAWI,WIDODAREN,SEKAR ALAS,NGAWI
387837508,,ODP-NWI-FC/10,-7.4015,111.4633,,,9,7,0,0,16,REGIONAL 5,MADIUN,NGAWI,NWI,,,2024-03-16 23:27:25,42502,2016,5,NON TITO,,,JAWA TIMUR,0.4375,YELLOW,23476034,AREA 3,JATIM,MADIUN,MADIUN,,,0,0,0,JAWA TIMUR,NGAWI,NGAWI,KARANGASRI,NGAWI
387837527,,ODP-NWI-FC/20,-7.4038,111.4662,,,6,10,0,0,16,REGIONAL 5,MADIUN,NGAWI,NWI,,,2024-03-16 23:26:33,42502,2016,5,NON TITO,,,JAWA TIMUR,0.625,YELLOW,23476049,AREA 3,JATIM,MADIUN,MADIUN,,,0,0,0,JAWA TIMUR,NGAWI,NGAWI,KARANG TENGAH PRANDON,NGAWI
387780640,,ODP-NWI-FE/24,-7.4144,111.4411,,,6,10,0,0,16,REGIONAL 5,MADIUN,NGAWI,NWI,,,2024-03-16 23:29:03,42502,2016,5,NON TITO,,,JAWA TIMUR,0.625,YELLOW,23418731,AREA 3,JATIM,MADIUN,MADIUN,,,0,0,0,JAWA TIMUR,NGAWI,NGAWI,BERAN,NGAWI
387780708,,ODP-NWI-FD/59,-7.407201,111.433113,,,9,7,0,0,16,REGIONAL 5,MADIUN,NGAWI,NWI,,,2024-03-16 23:28:35,42502,2016,5,NON TITO,,,JAWA TIMUR,0.4375,YELLOW,23418782,AREA 3,JATIM,MADIUN,MADIUN,,,0,0,0,JAWA TIMUR,NGAWI,NGAWI,JURUREJO,NGAWI
387840248,,ODP-NWI-FA/33,-7.4945,111.4273,,,2,5,0,0,8,REGIONAL 5,MADIUN,NGAWI,NWI,,,2024-03-16 23:27:17,42502,2016,5,NON TITO,,,JAWA TIMUR,0.625,YELLOW,23478336,AREA 3,JATIM,MADIUN,MADIUN,,,0,0,0,JAWA TIMUR,NGAWI,GENENG,TAMBAKROMO,NGAWI
387780216,,ODP-NWI-FB/48,-7.4377,111.4391,,,9,7,0,0,16,REGIONAL 5,MADIUN,NGAWI,NWI,,,2024-03-16 23:29:08,42502,2016,5,NON TITO,,,JAWA TIMUR,0.4375,YELLOW,23418384,AREA 3,JATIM,MADIUN,MADIUN,,,0,0,0,JAWA TIMUR,NGAWI,GENENG,KLITIK,NGAWI
12024270971,,ODP-WKU-FJ/12,-7.416563,111.308574,,,3,5,0,0,8,REGIONAL 5,MADIUN,NGAWI,WKU,,,2025-01-18 23:36:38,45674,2025,1,NON TITO,,,JAWA TIMUR,0.625,YELLOW,1495749526,AREA 3,JATIM,MADIUN,MADIUN,,,0,0,0,JAWA TIMUR,NGAWI,KEDUNGGALAR,KEDUNGGALAR,NGAWI
387841859,,ODP-NWI-FA/20,-7.4963,111.4216,,,8,8,0,0,16,REGIONAL 5,MADIUN,NGAWI,NWI,,,2024-03-16 23:28:34,42502,2016,5,NON TITO,,,JAWA TIMUR,0.5,YELLOW,23479564,AREA 3,JATIM,MADIUN,MADIUN,,,0,0,0,JAWA TIMUR,NGAWI,GENENG,GENENG,NGAWI
387779625,,ODP-NWI-FD/22,-7.402602,111.433564,,,9,7,0,0,16,REGIONAL 5,MADIUN,NGAWI,NWI,,,2024-03-16 23:28:35,42502,2016,5,NON TITO,,,JAWA TIMUR,0.4375,YELLOW,23417904,AREA 3,JATIM,MADIUN,MADIUN,,,0,0,0,JAWA TIMUR,NGAWI,NGAWI,GRUDO,NGAWI
12024270956,,ODP-WKU-FJ/11,-7.418803,111.310831,,,2,4,2,0,8,REGIONAL 5,MADIUN,NGAWI,WKU,,,2025-01-18 23:35:44,45674,2025,1,NON TITO,,,JAWA TIMUR,0.5,YELLOW,1495749513,AREA 3,JATIM,MADIUN,MADIUN,,,0,0,0,JAWA TIMUR,NGAWI,KEDUNGGALAR,KEDUNGGALAR,NGAWI
387841941,,ODP-NWI-FA/32,-7.4946,111.4258,,,9,7,0,0,16,REGIONAL 5,MADIUN,NGAWI,NWI,,,2024-03-16 23:28:50,42502,2016,5,NON TITO,,,JAWA TIMUR,0.4375,YELLOW,23479625,AREA 3,JATIM,MADIUN,MADIUN,,,0,0,0,JAWA TIMUR,NGAWI,GENENG,TAMBAKROMO,NGAWI
12024270946,,ODP-WKU-FJ/07,-7.411657,111.310249,,,3,5,0,0,8,REGIONAL 5,MADIUN,NGAWI,WKU,,,2025-01-18 23:34:48,45674,2025,1,NON TITO,,,JAWA TIMUR,0.625,YELLOW,1495749502,AREA 3,JATIM,MADIUN,MADIUN,,,0,0,0,JAWA TIMUR,NGAWI,KEDUNGGALAR,BANGUNREJO KIDUL,NGAWI
387779593,,ODP-NWI-FD/53,-7.408107,111.436913,,,6,10,0,0,16,REGIONAL 5,MADIUN,NGAWI,NWI,,,2024-03-16 23:21:05,42502,2016,5,NON TITO,,,JAWA TIMUR,0.625,YELLOW,23417878,AREA 3,JATIM,MADIUN,MADIUN,,,0,0,0,JAWA TIMUR,NGAWI,NGAWI,MARGOMULYO,NGAWI
387842208,,ODP-MGT-FAA/03,-7.653271,111.325505,,,5,10,0,0,16,REGIONAL 5,MADIUN,NGAWI,MGT,,,2024-03-16 23:28:31,42502,2016,5,NON TITO,,,JAWA TIMUR,0.625,YELLOW,23479819,AREA 3,JATIM,MADIUN,MADIUN,,,0,0,0,JAWA TIMUR,MAGETAN,MAGETAN,KEPOLOREJO,NGAWI
387779492,,ODP-NWI-FD/40,-7.414771,111.422175,,,6,10,0,0,16,REGIONAL 5,MADIUN,NGAWI,NWI,,,2024-03-16 23:29:18,42502,2016,5,NON TITO,,,JAWA TIMUR,0.625,YELLOW,23417793,AREA 3,JATIM,MADIUN,MADIUN,,,0,0,0,JAWA TIMUR,NGAWI,NGAWI,JURUREJO,NGAWI
387843210,,ODP-NWI-FF/10,-7.4226,111.444758,,,4,4,0,0,8,REGIONAL 5,MADIUN,NGAWI,NWI,,,2024-03-16 23:28:55,42502,2016,5,NON TITO,,,JAWA TIMUR,0.5,YELLOW,23480535,AREA 3,JATIM,MADIUN,MADIUN,,,0,0,0,JAWA TIMUR,NGAWI,NGAWI,BERAN,NGAWI
387843359,,ODP-NWI-FA/18,-7.4971,111.4218,,,3,5,0,0,8,REGIONAL 5,MADIUN,NGAWI,NWI,,,2024-03-16 23:28:55,42502,2016,5,NON TITO,,,JAWA TIMUR,0.625,YELLOW,23480634,AREA 3,JATIM,MADIUN,MADIUN,,,0,0,0,JAWA TIMUR,NGAWI,GENENG,GENENG,NGAWI
387843634,,ODP-NWI-FG/07,-7.392295,111.451649,,,1,6,0,0,8,REGIONAL 5,MADIUN,NGAWI,NWI,,,2024-03-16 23:28:56,42502,2016,5,NON TITO,,,JAWA TIMUR,0.75,YELLOW,23480803,AREA 3,JATIM,MADIUN,MADIUN,,,0,0,0,JAWA TIMUR,NGAWI,NGAWI,KARANGTENGAH,NGAWI
387844362,,ODP-NWI-FG/04,-7.392791,111.447102,,,5,10,0,0,16,REGIONAL 5,MADIUN,NGAWI,NWI,,,2024-03-16 23:28:55,42502,2016,5,NON TITO,,,JAWA TIMUR,0.625,YELLOW,23481251,AREA 3,JATIM,MADIUN,MADIUN,,,0,0,0,JAWA TIMUR,NGAWI,NGAWI,KARANGTENGAH,NGAWI
387845274,,ODP-GGR-FA/80,-7.642436,111.427956,,,6,10,0,0,16,REGIONAL 5,MADIUN,NGAWI,GGR,,,2024-03-16 23:28:39,42502,2016,5,NON TITO,,,JAWA TIMUR,0.625,YELLOW,23481799,AREA 3,JATIM,MADIUN,MADIUN,,,0,0,0,JAWA TIMUR,MAGETAN,BENDO,BENDO,NGAWI
12026218822,,ODP-JGO-FA/106,-7.514471,111.225041,,,4,4,0,0,8,REGIONAL 5,MADIUN,NGAWI,JGO,,,2025-01-16 17:31:31,45672,2025,1,NON TITO,,,JAWA TIMUR,0.5,YELLOW,1495738372,AREA 3,JATIM,MADIUN,MADIUN,,,0,0,0,JAWA TIMUR,NGAWI,NGRAMBE,WAKAH,NGAWI
387845872,,ODP-MGT-FC/09,-7.6343,111.3587,,,8,8,0,0,16,REGIONAL 5,MADIUN,NGAWI,MGT,,,2024-03-16 23:28:54,42502,2016,5,NON TITO,,,JAWA TIMUR,0.5,YELLOW,23482133,AREA 3,JATIM,MADIUN,MADIUN,,,0,0,0,JAWA TIMUR,MAGETAN,MAGETAN,PURWOSARI,NGAWI
387779391,,ODP-NWI-FD/24,-7.403551,111.431551,,,9,7,0,0,16,REGIONAL 5,MADIUN,NGAWI,NWI,,,2024-03-16 23:28:38,42502,2016,5,NON TITO,,,JAWA TIMUR,0.4375,YELLOW,23417710,AREA 3,JATIM,MADIUN,MADIUN,,,0,0,0,JAWA TIMUR,NGAWI,NGAWI,GRUDO,NGAWI
387845918,,ODP-MGT-FD/33,-7.6355,111.3273,,,2,6,0,0,8,REGIONAL 5,MADIUN,NGAWI,MGT,,,2024-03-16 23:27:56,42502,2016,5,NON TITO,,,JAWA TIMUR,0.75,YELLOW,23482158,AREA 3,JATIM,MADIUN,MADIUN,,,0,0,0,JAWA TIMUR,MAGETAN,MAGETAN,TAWANGANOM,NGAWI
387846168,,ODP-NWI-FF/14,-7.4027,111.4435,,,2,4,0,0,8,REGIONAL 5,MADIUN,NGAWI,NWI,,,2024-03-16 23:29:03,42502,2016,5,NON TITO,,,JAWA TIMUR,0.5,YELLOW,23482293,AREA 3,JATIM,MADIUN,MADIUN,,,0,0,0,JAWA TIMUR,NGAWI,NGAWI,MARGOMULYO,NGAWI
387779327,,ODP-NWI-FB/61,-7.4385,111.4558,,,3,4,0,0,8,REGIONAL 5,MADIUN,NGAWI,NWI,,,2024-03-16 23:28:59,42502,2016,5,NON TITO,,,JAWA TIMUR,0.5,YELLOW,23417656,AREA 3,JATIM,MADIUN,MADIUN,,,0,0,0,JAWA TIMUR,NGAWI,GENENG,KERSOHARJO,NGAWI
387779221,,ODP-NWI-FB/55,-7.4354,111.4414,,,6,10,0,0,16,REGIONAL 5,MADIUN,NGAWI,NWI,,,2024-03-16 23:27:47,42502,2016,5,NON TITO,,,JAWA TIMUR,0.625,YELLOW,23417567,AREA 3,JATIM,MADIUN,MADIUN,,,0,0,0,JAWA TIMUR,NGAWI,GENENG,KLITIK,NGAWI
12022925876,,ODP-NWI-FH/72,-7.381071,111.397362,,,4,4,0,0,8,REGIONAL 5,MADIUN,NGAWI,NWI,,,2025-01-09 17:52:13,45665,2025,1,NON TITO,,,JAWA TIMUR,0.5,YELLOW,1495697990,AREA 3,JATIM,MADIUN,MADIUN,,,0,0,0,JAWA TIMUR,NGAWI,PITU,PITU,NGAWI
387779211,,ODP-NWI-FD/12,-7.4046,111.4246,,,6,10,0,0,16,REGIONAL 5,MADIUN,NGAWI,NWI,,,2024-03-16 23:28:41,42502,2016,5,NON TITO,,,JAWA TIMUR,0.625,YELLOW,23417559,AREA 3,JATIM,MADIUN,MADIUN,,,0,0,0,JAWA TIMUR,NGAWI,NGAWI,GRUDO,NGAWI
387841733,,ODP-NWI-FA/40,-7.4956,111.4244,,,3,4,0,0,8,REGIONAL 5,MADIUN,NGAWI,NWI,,,2024-03-16 23:28:34,42502,2016,5,NON TITO,,,JAWA TIMUR,0.5,YELLOW,23479474,AREA 3,JATIM,MADIUN,MADIUN,,,0,0,0,JAWA TIMUR,NGAWI,GENENG,GENENG,NGAWI
387840254,,ODP-NWI-FE/07,-7.4139,111.4389,,,3,5,0,0,8,REGIONAL 5,MADIUN,NGAWI,NWI,,,2024-03-16 23:28:27,42502,2016,5,NON TITO,,,JAWA TIMUR,0.625,YELLOW,23478340,AREA 3,JATIM,MADIUN,MADIUN,,,0,0,0,JAWA TIMUR,NGAWI,NGAWI,BERAN,NGAWI
387841725,,ODP-NWI-FE/21,-7.4178,111.4392,,,3,5,0,0,8,REGIONAL 5,MADIUN,NGAWI,NWI,,,2024-03-16 23:28:33,42502,2016,5,NON TITO,,,JAWA TIMUR,0.625,YELLOW,23479469,AREA 3,JATIM,MADIUN,MADIUN,,,0,0,0,JAWA TIMUR,NGAWI,NGAWI,BERAN,NGAWI
387841475,,ODP-MGT-FA/11,-7.6559,111.3164,,,1,6,0,0,8,REGIONAL 5,MADIUN,NGAWI,MGT,,,2024-03-16 23:28:31,42502,2016,5,NON TITO,,,JAWA TIMUR,0.75,YELLOW,23479286,AREA 3,JATIM,MADIUN,MADIUN,,,0,0,0,JAWA TIMUR,MAGETAN,MAGETAN,SELOSARI,NGAWI
387780184,,ODP-NWI-FD/33,-7.405241,111.423082,,,3,5,0,0,8,REGIONAL 5,MADIUN,NGAWI,NWI,,,2024-03-16 23:29:17,42502,2016,5,NON TITO,,,JAWA TIMUR,0.625,YELLOW,23418358,AREA 3,JATIM,MADIUN,MADIUN,,,0,0,0,JAWA TIMUR,NGAWI,NGAWI,GRUDO,NGAWI
387840323,,ODP-NWI-FD/15,-7.402591,111.429634,,,9,7,0,0,16,REGIONAL 5,MADIUN,NGAWI,NWI,,,2024-03-16 23:28:05,42502,2016,5,NON TITO,,,JAWA TIMUR,0.4375,YELLOW,23478399,AREA 3,JATIM,MADIUN,MADIUN,,,0,0,0,JAWA TIMUR,NGAWI,NGAWI,GRUDO,NGAWI
387840358,,ODP-NWI-FD/57,-7.406698,111.43151,,,4,12,0,0,16,REGIONAL 5,MADIUN,NGAWI,NWI,,,2024-03-16 23:28:24,42502,2016,5,NON TITO,,,JAWA TIMUR,0.75,YELLOW,23478424,AREA 3,JATIM,MADIUN,MADIUN,,,0,0,0,JAWA TIMUR,NGAWI,NGAWI,GRUDO,NGAWI
387840426,,ODP-NWI-FE/03,-7.4122,111.437,,,8,8,0,0,16,REGIONAL 5,MADIUN,NGAWI,NWI,,,2024-03-16 23:27:15,42502,2016,5,NON TITO,,,JAWA TIMUR,0.5,YELLOW,23478477,AREA 3,JATIM,MADIUN,MADIUN,,,0,0,0,JAWA TIMUR,NGAWI,NGAWI,JURUREJO,NGAWI
387840427,,ODP-NWI-FE/27,-7.4119,111.4458,,,8,8,0,0,16,REGIONAL 5,MADIUN,NGAWI,NWI,,,2024-03-16 23:28:14,42502,2016,5,NON TITO,,,JAWA TIMUR,0.5,YELLOW,23478478,AREA 3,JATIM,MADIUN,MADIUN,,,0,0,0,JAWA TIMUR,NGAWI,NGAWI,MARGOMULYO,NGAWI
387840430,,ODP-NWI-FE/23,-7.4169,111.4408,,,7,9,0,0,16,REGIONAL 5,MADIUN,NGAWI,NWI,,,2024-03-16 23:28:16,42502,2016,5,NON TITO,,,JAWA TIMUR,0.5625,YELLOW,23478481,AREA 3,JATIM,MADIUN,MADIUN,,,0,0,0,JAWA TIMUR,NGAWI,NGAWI,BERAN,NGAWI
387780083,,ODP-NWI-FB/51,-7.438,111.4419,,,9,7,0,0,16,REGIONAL 5,MADIUN,NGAWI,NWI,,,2024-03-16 23:29:14,42502,2016,5,NON TITO,,,JAWA TIMUR,0.4375,YELLOW,23418278,AREA 3,JATIM,MADIUN,MADIUN,,,0,0,0,JAWA TIMUR,NGAWI,GENENG,KLITIK,NGAWI
387840566,,ODP-NWI-FE/29,-7.4131,111.4456,,,4,4,0,0,8,REGIONAL 5,MADIUN,NGAWI,NWI,,,2024-03-16 23:27:16,42502,2016,5,NON TITO,,,JAWA TIMUR,0.5,YELLOW,23478589,AREA 3,JATIM,MADIUN,MADIUN,,,0,0,0,JAWA TIMUR,NGAWI,NGAWI,MARGOMULYO,NGAWI
387840663,,ODP-NWI-FD/25,-7.404232,111.430952,,,2,6,0,0,8,REGIONAL 5,MADIUN,NGAWI,NWI,,,2024-03-16 23:28:30,42502,2016,5,NON TITO,,,JAWA TIMUR,0.75,YELLOW,23478664,AREA 3,JATIM,MADIUN,MADIUN,,,0,0,0,JAWA TIMUR,NGAWI,NGAWI,GRUDO,NGAWI
387840664,,ODP-NWI-FE/16,-7.4158,111.4392,,,7,9,0,0,16,REGIONAL 5,MADIUN,NGAWI,NWI,,,2024-03-16 23:28:32,42502,2016,5,NON TITO,,,JAWA TIMUR,0.5625,YELLOW,23478665,AREA 3,JATIM,MADIUN,MADIUN,,,0,0,0,JAWA TIMUR,NGAWI,NGAWI,BERAN,NGAWI
12123118951,,ODP-NWI-FM/27,-7.383047,111.360111,,,2,6,0,0,8,REGIONAL 5,MADIUN,NGAWI,NWI,,,2025-04-26 17:54:45,45772,2025,4,NON TITO,,,JAWA TIMUR,0.75,YELLOW,1497381825,AREA 3,JATIM,MADIUN,MADIUN,,,0,0,0,JAWA TIMUR,NGAWI,KEDUNGGALAR,KAWU,NGAWI
387840708,,ODP-NWI-FE/61,-7.413734,111.442717,,,4,4,0,0,8,REGIONAL 5,MADIUN,NGAWI,NWI,,,2024-03-16 23:28:12,42502,2016,5,NON TITO,,,JAWA TIMUR,0.5,YELLOW,23478700,AREA 3,JATIM,MADIUN,MADIUN,,,0,0,0,JAWA TIMUR,NGAWI,NGAWI,BERAN,NGAWI
387780052,,ODP-NWI-FD/51,-7.407392,111.431133,,,6,10,0,0,16,REGIONAL 5,MADIUN,NGAWI,NWI,,,2024-03-16 23:29:14,42502,2016,5,NON TITO,,,JAWA TIMUR,0.625,YELLOW,23418251,AREA 3,JATIM,MADIUN,MADIUN,,,0,0,0,JAWA TIMUR,NGAWI,NGAWI,JURUREJO,NGAWI
387780012,,ODP-NWI-FB/33,-7.428,111.4407,,,5,11,0,0,16,REGIONAL 5,MADIUN,NGAWI,NWI,,,2024-03-16 23:29:19,42502,2016,5,NON TITO,,,JAWA TIMUR,0.6875,YELLOW,23418220,AREA 3,JATIM,MADIUN,MADIUN,,,0,0,0,JAWA TIMUR,NGAWI,GENENG,KLITIK,NGAWI
387840881,,ODP-NWI-FA/10,-7.4995,111.4201,,,4,4,0,0,8,REGIONAL 5,MADIUN,NGAWI,NWI,,,2024-03-16 23:28:07,42502,2016,5,NON TITO,,,JAWA TIMUR,0.5,YELLOW,23478840,AREA 3,JATIM,MADIUN,MADIUN,,,0,0,0,JAWA TIMUR,NGAWI,GERIH,GUYUNG,NGAWI
12016620362,,ODP-NWI-FN/44,-7.512737,111.376826,,,4,4,0,0,8,REGIONAL 5,MADIUN,NGAWI,NWI,,,2025-01-21 17:46:53,45677,2025,1,NON TITO,,,JAWA TIMUR,0.5,YELLOW,1495915154,AREA 3,JATIM,MADIUN,MADIUN,,,0,0,0,JAWA TIMUR,NGAWI,PARON,KEDUNG PUTRI,NGAWI
387841021,,ODP-NWI-FE/35,-7.4125,111.4431,,,2,6,0,0,8,REGIONAL 5,MADIUN,NGAWI,NWI,,,2024-03-16 23:28:29,42502,2016,5,NON TITO,,,JAWA TIMUR,0.75,YELLOW,23478948,AREA 3,JATIM,MADIUN,MADIUN,,,0,0,0,JAWA TIMUR,NGAWI,NGAWI,MARGOMULYO,NGAWI
387841053,,ODP-NWI-FE/74,-7.4189,111.4431,,,4,12,0,0,16,REGIONAL 5,MADIUN,NGAWI,NWI,,,2024-03-16 23:28:28,42502,2016,5,NON TITO,,,JAWA TIMUR,0.75,YELLOW,23478973,AREA 3,JATIM,MADIUN,MADIUN,,,0,0,0,JAWA TIMUR,NGAWI,NGAWI,BERAN,NGAWI
387841211,,ODP-NWI-FE/25,-7.4156,111.4411,,,5,11,0,0,16,REGIONAL 5,MADIUN,NGAWI,NWI,,,2024-03-16 23:28:35,42502,2016,5,NON TITO,,,JAWA TIMUR,0.6875,YELLOW,23479095,AREA 3,JATIM,MADIUN,MADIUN,,,0,0,0,JAWA TIMUR,NGAWI,NGAWI,BERAN,NGAWI
387841228,,ODP-NWI-FE/49,-7.409216,111.438873,,,7,9,0,0,16,REGIONAL 5,MADIUN,NGAWI,NWI,,,2024-03-16 23:27:47,42502,2016,5,NON TITO,,,JAWA TIMUR,0.5625,YELLOW,23479106,AREA 3,JATIM,MADIUN,MADIUN,,,0,0,0,JAWA TIMUR,NGAWI,NGAWI,MARGOMULYO,NGAWI
12016620337,,ODP-NWI-FN/42,-7.509923,111.374908,,,4,4,0,0,8,REGIONAL 5,MADIUN,NGAWI,NWI,,,2025-01-21 17:46:34,45677,2025,1,NON TITO,,,JAWA TIMUR,0.5,YELLOW,1495915136,AREA 3,JATIM,MADIUN,MADIUN,,,0,0,0,JAWA TIMUR,NGAWI,PARON,KEDUNG PUTRI,NGAWI
387779866,,ODP-NWI-FD/20,-7.40618,111.428415,,,9,7,0,0,16,REGIONAL 5,MADIUN,NGAWI,NWI,,,2024-03-16 23:29:15,42502,2016,5,NON TITO,,,JAWA TIMUR,0.4375,YELLOW,23418099,AREA 3,JATIM,MADIUN,MADIUN,,,0,0,0,JAWA TIMUR,NGAWI,NGAWI,GRUDO,NGAWI
387779778,,ODP-NWI-FD/42,-7.414752,111.427163,,,8,8,0,0,16,REGIONAL 5,MADIUN,NGAWI,NWI,,,2024-03-16 23:29:19,42502,2016,5,NON TITO,,,JAWA TIMUR,0.5,YELLOW,23418025,AREA 3,JATIM,MADIUN,MADIUN,,,0,0,0,JAWA TIMUR,NGAWI,NGAWI,JURUREJO,NGAWI
387841613,,ODP-NWI-FA/21,-7.4957,111.4219,,,1,6,0,0,8,REGIONAL 5,MADIUN,NGAWI,NWI,,,2024-03-16 23:27:50,42502,2016,5,NON TITO,,,JAWA TIMUR,0.75,YELLOW,23479388,AREA 3,JATIM,MADIUN,MADIUN,,,0,0,0,JAWA TIMUR,NGAWI,GENENG,GENENG,NGAWI
387792742,,ODP-WKU-FB/03,-7.3949,111.222,,,8,8,0,0,16,REGIONAL 5,MADIUN,NGAWI,WKU,,,2024-03-16 23:24:37,42502,2016,5,NON TITO,,,JAWA TIMUR,0.5,YELLOW,23426463,AREA 3,JATIM,MADIUN,MADIUN,,,0,0,0,JAWA TIMUR,NGAWI,WIDODAREN,WALIKUKUN,NGAWI
387792740,,ODP-MGT-FAA/38,-7.6565,111.319,,,6,10,0,0,16,REGIONAL 5,MADIUN,NGAWI,MGT,,,2024-03-16 23:24:48,42502,2016,5,NON TITO,,,JAWA TIMUR,0.625,YELLOW,23426461,AREA 3,JATIM,MADIUN,MADIUN,,,0,0,0,JAWA TIMUR,MAGETAN,MAGETAN,SELOSARI,NGAWI
387792682,,ODP-NWI-FH/04,-7.3953,111.4127,,,6,10,0,0,16,REGIONAL 5,MADIUN,NGAWI,NWI,,,2024-03-16 23:24:42,42502,2016,5,NON TITO,,,JAWA TIMUR,0.625,YELLOW,23426427,AREA 3,JATIM,MADIUN,MADIUN,,,0,0,0,JAWA TIMUR,NGAWI,NGAWI,WATUALANG,NGAWI
387787754,,ODP-MGT-FD/42,-7.6404,111.3344,,,1,6,0,0,8,REGIONAL 5,MADIUN,NGAWI,MGT,,,2024-03-16 23:23:26,42502,2016,5,NON TITO,,,JAWA TIMUR,0.75,YELLOW,23423559,AREA 3,JATIM,MADIUN,MADIUN,,,0,0,0,JAWA TIMUR,MAGETAN,MAGETAN,SUKOWINANGUN,NGAWI
387787943,,ODP-MGT-FC/08,-7.6343,111.3589,,,8,8,0,0,16,REGIONAL 5,MADIUN,NGAWI,MGT,,,2024-03-16 23:23:36,42502,2016,5,NON TITO,,,JAWA TIMUR,0.5,YELLOW,23423667,AREA 3,JATIM,MADIUN,MADIUN,,,0,0,0,JAWA TIMUR,MAGETAN,MAGETAN,PURWOSARI,NGAWI
387788084,,ODP-MGT-FAC/25,-7.64333,111.3293,,,2,6,0,0,8,REGIONAL 5,MADIUN,NGAWI,MGT,,,2024-03-16 23:23:30,42502,2016,5,NON TITO,,,JAWA TIMUR,0.75,YELLOW,23423758,AREA 3,JATIM,MADIUN,MADIUN,,,0,0,0,JAWA TIMUR,MAGETAN,MAGETAN,SUKOWINANGUN,NGAWI
387788107,,ODP-SAR-FA/02,-7.6734,111.2195,,,6,10,0,0,16,REGIONAL 5,MADIUN,NGAWI,SAR,,,2024-03-16 23:23:37,42502,2016,5,NON TITO,,,JAWA TIMUR,0.625,YELLOW,23423772,AREA 3,JATIM,MADIUN,MADIUN,,,0,0,0,JAWA TIMUR,MAGETAN,PLAOSAN,SARANGAN,NGAWI
387781586,,ODP-NWI-FA/28,-7.493,111.4288,,,7,9,0,0,16,REGIONAL 5,MADIUN,NGAWI,NWI,,,2024-03-16 23:21:43,42502,2016,5,NON TITO,,,JAWA TIMUR,0.5625,YELLOW,23419423,AREA 3,JATIM,MADIUN,MADIUN,,,0,0,0,JAWA TIMUR,NGAWI,GENENG,TAMBAKROMO,NGAWI
387781521,,ODP-NWI-FE/40,-7.4142,111.4442,,,9,7,0,0,16,REGIONAL 5,MADIUN,NGAWI,NWI,,,2024-03-16 23:21:54,42502,2016,5,NON TITO,,,JAWA TIMUR,0.4375,YELLOW,23419376,AREA 3,JATIM,MADIUN,MADIUN,,,0,0,0,JAWA TIMUR,NGAWI,NGAWI,BERAN,NGAWI
387781387,,ODP-NWI-FE/04,-7.4128,111.4374,,,5,11,0,0,16,REGIONAL 5,MADIUN,NGAWI,NWI,,,2024-03-16 23:21:55,42502,2016,5,NON TITO,,,JAWA TIMUR,0.6875,YELLOW,23419281,AREA 3,JATIM,MADIUN,MADIUN,,,0,0,0,JAWA TIMUR,NGAWI,NGAWI,JURUREJO,NGAWI
387781303,,ODP-NWI-FE/15,-7.4156,111.4385,,,2,6,0,0,8,REGIONAL 5,MADIUN,NGAWI,NWI,,,2024-03-16 23:21:45,42502,2016,5,NON TITO,,,JAWA TIMUR,0.75,YELLOW,23419218,AREA 3,JATIM,MADIUN,MADIUN,,,0,0,0,JAWA TIMUR,NGAWI,NGAWI,BERAN,NGAWI
387788203,,ODP-SAR-FA/17,-7.6758,111.2215,,,8,8,0,0,16,REGIONAL 5,MADIUN,NGAWI,SAR,,,2024-03-16 23:22:49,42502,2016,5,NON TITO,,,JAWA TIMUR,0.5,YELLOW,23423826,AREA 3,JATIM,MADIUN,MADIUN,,,0,0,0,JAWA TIMUR,MAGETAN,PLAOSAN,SARANGAN,NGAWI
387788322,,ODP-MGT-FD/47,-7.6365,111.3292,,,4,12,0,0,16,REGIONAL 5,MADIUN,NGAWI,MGT,,,2024-03-16 23:23:44,42502,2016,5,NON TITO,,,JAWA TIMUR,0.75,YELLOW,23423898,AREA 3,JATIM,MADIUN,MADIUN,,,0,0,0,JAWA TIMUR,MAGETAN,MAGETAN,TAWANGANOM,NGAWI
387781182,,ODP-NWI-FE/55,-7.4106,111.4383,,,4,12,0,0,16,REGIONAL 5,MADIUN,NGAWI,NWI,,,2024-03-16 23:21:54,42502,2016,5,NON TITO,,,JAWA TIMUR,0.75,YELLOW,23419129,AREA 3,JATIM,MADIUN,MADIUN,,,0,0,0,JAWA TIMUR,NGAWI,NGAWI,MARGOMULYO,NGAWI
387788648,,ODP-MGT-FAA/32,-7.6509,111.3203,,,7,9,0,0,16,REGIONAL 5,MADIUN,NGAWI,MGT,,,2024-03-16 23:24:09,42502,2016,5,NON TITO,,,JAWA TIMUR,0.5625,YELLOW,23424086,AREA 3,JATIM,MADIUN,MADIUN,,,0,0,0,JAWA TIMUR,MAGETAN,MAGETAN,TAWANGANOM,NGAWI
387789461,,ODP-SAR-FA/08,-7.6749,111.2265,,,2,12,0,0,16,REGIONAL 5,MADIUN,NGAWI,SAR,,,2024-03-16 23:23:59,42502,2016,5,NON TITO,,,JAWA TIMUR,0.75,YELLOW,23424552,AREA 3,JATIM,MADIUN,MADIUN,,,0,0,0,JAWA TIMUR,MAGETAN,PLAOSAN,SARANGAN,NGAWI
387781131,,ODP-NWI-FD/54,-7.407711,111.435804,,,5,11,0,0,16,REGIONAL 5,MADIUN,NGAWI,NWI,,,2024-03-16 23:21:38,42502,2016,5,NON TITO,,,JAWA TIMUR,0.6875,YELLOW,23419093,AREA 3,JATIM,MADIUN,MADIUN,,,0,0,0,JAWA TIMUR,NGAWI,NGAWI,MARGOMULYO,NGAWI
387789629,,ODP-MGT-FE/25,-7.6263,111.3327,,,4,11,0,0,16,REGIONAL 5,MADIUN,NGAWI,MGT,,,2024-03-16 23:23:28,42502,2016,5,NON TITO,,,JAWA TIMUR,0.6875,YELLOW,23424651,AREA 3,JATIM,MADIUN,MADIUN,,,0,0,0,JAWA TIMUR,MAGETAN,PANEKAN,MILANGASRI,NGAWI
387789703,,ODP-MGT-FAA/30,-7.654,111.3342,,,1,5,0,0,8,REGIONAL 5,MADIUN,NGAWI,MGT,,,2024-03-16 23:23:58,42502,2016,5,NON TITO,,,JAWA TIMUR,0.625,YELLOW,23424691,AREA 3,JATIM,MADIUN,MADIUN,,,0,0,0,JAWA TIMUR,MAGETAN,MAGETAN,MANGKUJAYAN,NGAWI
387790035,,ODP-MGT-FE/05,-7.6317,111.3242,,,3,5,0,0,8,REGIONAL 5,MADIUN,NGAWI,MGT,,,2024-03-16 23:24:13,42502,2016,5,NON TITO,,,JAWA TIMUR,0.625,YELLOW,23424886,AREA 3,JATIM,MADIUN,MADIUN,,,0,0,0,JAWA TIMUR,MAGETAN,MAGETAN,TAWANGANOM,NGAWI
12086593565,,ODP-WKU-FG/26,-7.382281,111.266311,,,4,4,0,0,8,REGIONAL 5,MADIUN,NGAWI,WKU,,,2025-03-19 06:02:44,45734,2025,3,NON TITO,,,JAWA TIMUR,0.5,YELLOW,1496347435,AREA 3,JATIM,MADIUN,MADIUN,,,0,0,0,JAWA TIMUR,NGAWI,WIDODAREN,SIDOLAJU,NGAWI
387790147,,ODP-MGT-FB/23,-7.6318,111.3341,,,3,5,0,0,8,REGIONAL 5,MADIUN,NGAWI,MGT,,,2024-03-16 23:24:12,42502,2016,5,NON TITO,,,JAWA TIMUR,0.625,YELLOW,23424951,AREA 3,JATIM,MADIUN,MADIUN,,,0,0,0,JAWA TIMUR,MAGETAN,PANEKAN,MILANGASRI,NGAWI
387790388,,ODP-MGT-FB/17,-7.6301,111.3343,,,4,4,0,0,8,REGIONAL 5,MADIUN,NGAWI,MGT,,,2024-03-16 23:23:56,42502,2016,5,NON TITO,,,JAWA TIMUR,0.5,YELLOW,23425092,AREA 3,JATIM,MADIUN,MADIUN,,,0,0,0,JAWA TIMUR,MAGETAN,PANEKAN,MILANGASRI,NGAWI
387790455,,ODP-NWI-FE/78,-7.4249,111.4409,,,5,11,0,0,16,REGIONAL 5,MADIUN,NGAWI,NWI,,,2024-03-16 23:24:12,42502,2016,5,NON TITO,,,JAWA TIMUR,0.6875,YELLOW,23425134,AREA 3,JATIM,MADIUN,MADIUN,,,0,0,0,JAWA TIMUR,NGAWI,GENENG,KLITIK,NGAWI
387790536,,ODP-NWI-FQ/09,-7.394084,111.450671,,,9,7,0,0,16,REGIONAL 5,MADIUN,NGAWI,NWI,,,2024-03-16 23:24:14,42502,2016,5,NON TITO,,,JAWA TIMUR,0.4375,YELLOW,23425178,AREA 3,JATIM,MADIUN,MADIUN,,,0,0,0,JAWA TIMUR,NGAWI,NGAWI,PELEM,NGAWI
387790540,,ODP-NWI-FG/37,-7.398358,111.443995,,,8,8,0,0,16,REGIONAL 5,MADIUN,NGAWI,NWI,,,2024-03-16 23:24:27,42502,2016,5,NON TITO,,,JAWA TIMUR,0.5,YELLOW,23425181,AREA 3,JATIM,MADIUN,MADIUN,,,0,0,0,JAWA TIMUR,NGAWI,NGAWI,KETANGGI,NGAWI
387781749,,ODP-NWI-FA/12,-7.498,111.42,,,7,9,0,0,16,REGIONAL 5,MADIUN,NGAWI,NWI,,,2024-03-16 23:22:17,42502,2016,5,NON TITO,,,JAWA TIMUR,0.5625,YELLOW,23419547,AREA 3,JATIM,MADIUN,MADIUN,,,0,0,0,JAWA TIMUR,NGAWI,GENENG,TEPAS,NGAWI
387790595,,ODP-NWI-FC/28,-7.4071,111.4592,,,5,11,0,0,16,REGIONAL 5,MADIUN,NGAWI,NWI,,,2024-03-16 23:23:47,42502,2016,5,NON TITO,,,JAWA TIMUR,0.6875,YELLOW,23425217,AREA 3,JATIM,MADIUN,MADIUN,,,0,0,0,JAWA TIMUR,NGAWI,NGAWI,KARANGASRI,NGAWI
387787642,,ODP-MGT-FD/43,-7.6402,111.3324,,,1,4,0,0,8,REGIONAL 5,MADIUN,NGAWI,MGT,,,2024-03-16 23:23:37,42502,2016,5,NON TITO,,,JAWA TIMUR,0.5,YELLOW,23423488,AREA 3,JATIM,MADIUN,MADIUN,,,0,0,0,JAWA TIMUR,MAGETAN,MAGETAN,SUKOWINANGUN,NGAWI
387787525,,ODP-SAR-FA/05,-7.6739,111.2226,,,4,12,0,0,16,REGIONAL 5,MADIUN,NGAWI,SAR,,,2024-03-16 23:23:28,42502,2016,5,NON TITO,,,JAWA TIMUR,0.75,YELLOW,23423415,AREA 3,JATIM,MADIUN,MADIUN,,,0,0,0,JAWA TIMUR,MAGETAN,PLAOSAN,SARANGAN,NGAWI
387782012,,ODP-NWI-FA/15,-7.496536,111.415876,,,4,12,0,0,16,REGIONAL 5,MADIUN,NGAWI,NWI,,,2024-03-16 23:22:19,42502,2016,5,NON TITO,,,JAWA TIMUR,0.75,YELLOW,23419741,AREA 3,JATIM,MADIUN,MADIUN,,,0,0,0,JAWA TIMUR,NGAWI,GENENG,TEPAS,NGAWI
387782050,,ODP-MGT-FAA/07,-7.65457,111.319297,,,9,7,0,0,16,REGIONAL 5,MADIUN,NGAWI,MGT,,,2024-03-16 23:22:19,42502,2016,5,NON TITO,,,JAWA TIMUR,0.4375,YELLOW,23419768,AREA 3,JATIM,MADIUN,MADIUN,,,0,0,0,JAWA TIMUR,MAGETAN,MAGETAN,SELOSARI,NGAWI
387782089,,ODP-NWI-FA/29,-7.4928,111.4274,,,9,7,0,0,16,REGIONAL 5,MADIUN,NGAWI,NWI,,,2024-03-16 23:22:06,42502,2016,5,NON TITO,,,JAWA TIMUR,0.4375,YELLOW,23419798,AREA 3,JATIM,MADIUN,MADIUN,,,0,0,0,JAWA TIMUR,NGAWI,GENENG,TAMBAKROMO,NGAWI
387782170,,ODP-NWI-FA/35,-7.4957,111.4287,,,3,4,0,0,8,REGIONAL 5,MADIUN,NGAWI,NWI,,,2024-03-16 23:22:28,42502,2016,5,NON TITO,,,JAWA TIMUR,0.5,YELLOW,23419856,AREA 3,JATIM,MADIUN,MADIUN,,,0,0,0,JAWA TIMUR,NGAWI,GENENG,TAMBAKROMO,NGAWI
387782266,,ODP-NWI-FA/43,-7.4946,111.4274,,,4,11,0,0,16,REGIONAL 5,MADIUN,NGAWI,NWI,,,2024-03-16 23:22:20,42502,2016,5,NON TITO,,,JAWA TIMUR,0.6875,YELLOW,23419919,AREA 3,JATIM,MADIUN,MADIUN,,,0,0,0,JAWA TIMUR,NGAWI,GENENG,TAMBAKROMO,NGAWI
387782760,,ODP-NWI-FA/07,-7.4887,111.4285,,,4,12,0,0,16,REGIONAL 5,MADIUN,NGAWI,NWI,,,2024-03-16 23:22:06,42502,2016,5,NON TITO,,,JAWA TIMUR,0.75,YELLOW,23420264,AREA 3,JATIM,MADIUN,MADIUN,,,0,0,0,JAWA TIMUR,NGAWI,GENENG,TAMBAKROMO,NGAWI
387782853,,ODP-GGR-FA/06,-7.694163,111.422798,,,8,8,0,0,16,REGIONAL 5,MADIUN,NGAWI,GGR,,,2024-03-16 23:22:35,42502,2016,5,NON TITO,,,JAWA TIMUR,0.5,YELLOW,23420330,AREA 3,JATIM,MADIUN,MADIUN,,,0,0,0,JAWA TIMUR,MAGETAN,KAWEDANAN,TULUNG,NGAWI
387783061,,ODP-MGT-FAA/09,-7.6543,111.3297,,,5,11,0,0,16,REGIONAL 5,MADIUN,NGAWI,MGT,,,2024-03-16 23:22:22,42502,2016,5,NON TITO,,,JAWA TIMUR,0.6875,YELLOW,23420473,AREA 3,JATIM,MADIUN,MADIUN,,,0,0,0,JAWA TIMUR,MAGETAN,MAGETAN,KEBONAGUNG,NGAWI
387783327,,ODP-NWI-FF/66,-7.408768,111.443787,,,7,9,0,0,16,REGIONAL 5,MADIUN,NGAWI,NWI,,,2024-03-16 23:22:40,42502,2016,5,NON TITO,,,JAWA TIMUR,0.5625,YELLOW,23420653,AREA 3,JATIM,MADIUN,MADIUN,,,0,0,0,JAWA TIMUR,NGAWI,NGAWI,MARGOMULYO,NGAWI
387783818,,ODP-NWI-FG/05,-7.393547,111.447644,,,6,8,0,0,16,REGIONAL 5,MADIUN,NGAWI,NWI,,,2024-03-16 23:22:49,42502,2016,5,NON TITO,,,JAWA TIMUR,0.5,YELLOW,23420945,AREA 3,JATIM,MADIUN,MADIUN,,,0,0,0,JAWA TIMUR,NGAWI,NGAWI,KARANGTENGAH,NGAWI
387785717,,ODP-MGT-FD/01,-7.6376,111.328,,,4,4,0,0,8,REGIONAL 5,MADIUN,NGAWI,MGT,,,2024-03-16 23:23:21,42502,2016,5,NON TITO,,,JAWA TIMUR,0.5,YELLOW,23422172,AREA 3,JATIM,MADIUN,MADIUN,,,0,0,0,JAWA TIMUR,MAGETAN,MAGETAN,TAWANGANOM,NGAWI
387785988,,ODP-MGT-FC/06,-7.6338,111.3596,,,2,5,0,0,8,REGIONAL 5,MADIUN,NGAWI,MGT,,,2024-03-16 23:23:20,42502,2016,5,NON TITO,,,JAWA TIMUR,0.625,YELLOW,23422368,AREA 3,JATIM,MADIUN,MADIUN,,,0,0,0,JAWA TIMUR,MAGETAN,MAGETAN,PURWOSARI,NGAWI
387786137,,ODP-MGT-FG/23,-7.636667,111.375472,,,3,5,0,0,8,REGIONAL 5,MADIUN,NGAWI,MGT,,,2024-03-16 23:22:47,42502,2016,5,NON TITO,,,JAWA TIMUR,0.625,YELLOW,23422477,AREA 3,JATIM,MADIUN,MADIUN,,,0,0,0,JAWA TIMUR,MAGETAN,SUKOMORO,SUKOMORO,NGAWI
387786740,,ODP-NWI-FF/15,-7.4044,111.4442,,,3,11,0,0,16,REGIONAL 5,MADIUN,NGAWI,NWI,,,2024-03-16 23:23:32,42502,2016,5,NON TITO,,,JAWA TIMUR,0.6875,YELLOW,23422915,AREA 3,JATIM,MADIUN,MADIUN,,,0,0,0,JAWA TIMUR,NGAWI,NGAWI,MARGOMULYO,NGAWI
387786783,,ODP-MGT-FD/30,-7.6347,111.3267,,,3,5,0,0,8,REGIONAL 5,MADIUN,NGAWI,MGT,,,2024-03-16 23:23:31,42502,2016,5,NON TITO,,,JAWA TIMUR,0.625,YELLOW,23422944,AREA 3,JATIM,MADIUN,MADIUN,,,0,0,0,JAWA TIMUR,MAGETAN,MAGETAN,TAWANGANOM,NGAWI
387786934,,ODP-MGT-FD/38,-7.6356,111.3241,,,3,5,0,0,8,REGIONAL 5,MADIUN,NGAWI,MGT,,,2024-03-16 23:23:32,42502,2016,5,NON TITO,,,JAWA TIMUR,0.625,YELLOW,23423046,AREA 3,JATIM,MADIUN,MADIUN,,,0,0,0,JAWA TIMUR,MAGETAN,MAGETAN,TAWANGANOM,NGAWI
387781899,,ODP-NWI-FA/37,-7.4955,111.4289,,,2,6,0,0,8,REGIONAL 5,MADIUN,NGAWI,NWI,,,2024-03-16 23:22:20,42502,2016,5,NON TITO,,,JAWA TIMUR,0.75,YELLOW,23419659,AREA 3,JATIM,MADIUN,MADIUN,,,0,0,0,JAWA TIMUR,NGAWI,GENENG,TAMBAKROMO,NGAWI
387787135,,ODP-MGT-FAC/26,-7.64851,111.3294,,,4,12,0,0,16,REGIONAL 5,MADIUN,NGAWI,MGT,,,2024-03-16 23:23:28,42502,2016,5,NON TITO,,,JAWA TIMUR,0.75,YELLOW,23423170,AREA 3,JATIM,MADIUN,MADIUN,,,0,0,0,JAWA TIMUR,MAGETAN,MAGETAN,SUKOWINANGUN,NGAWI
12117718683,,ODP-NWI-FA/153,-7.49696,111.405638,,,4,4,0,0,8,REGIONAL 5,MADIUN,NGAWI,NWI,,,2025-04-24 17:48:43,45770,2025,4,NON TITO,,,JAWA TIMUR,0.5,YELLOW,1497368480,AREA 3,JATIM,MADIUN,MADIUN,,,0,0,0,JAWA TIMUR,NGAWI,GENENG,TEPAS,NGAWI
387787299,,ODP-MGT-FC/03,-7.6331,111.3597,,,8,8,0,0,16,REGIONAL 5,MADIUN,NGAWI,MGT,,,2024-03-16 23:23:32,42502,2016,5,NON TITO,,,JAWA TIMUR,0.5,YELLOW,23423272,AREA 3,JATIM,MADIUN,MADIUN,,,0,0,0,JAWA TIMUR,MAGETAN,MAGETAN,PURWOSARI,NGAWI
387781842,,ODP-NWI-FE/12,-7.4143,111.4402,,,3,5,0,0,8,REGIONAL 5,MADIUN,NGAWI,NWI,,,2024-03-16 23:22:00,42502,2016,5,NON TITO,,,JAWA TIMUR,0.625,YELLOW,23419618,AREA 3,JATIM,MADIUN,MADIUN,,,0,0,0,JAWA TIMUR,NGAWI,NGAWI,BERAN,NGAWI
387787326,,ODP-MGT-FAA/22,-7.6597,111.3263,,,6,8,0,0,16,REGIONAL 5,MADIUN,NGAWI,MGT,,,2024-03-16 23:21:20,42502,2016,5,NON TITO,,,JAWA TIMUR,0.5,YELLOW,23423291,AREA 3,JATIM,MADIUN,MADIUN,,,0,0,0,JAWA TIMUR,MAGETAN,MAGETAN,MAGETAN,NGAWI
387787497,,ODP-MGT-FAA/15,-7.6517,111.3293,,,4,4,0,0,8,REGIONAL 5,MADIUN,NGAWI,MGT,,,2024-03-16 23:21:06,42502,2016,5,NON TITO,,,JAWA TIMUR,0.5,YELLOW,23423397,AREA 3,JATIM,MADIUN,MADIUN,,,0,0,0,JAWA TIMUR,MAGETAN,MAGETAN,KEBONAGUNG,NGAWI
387787598,,ODP-MGT-FAC/24,-7.638421,111.3292,,,4,4,0,0,8,REGIONAL 5,MADIUN,NGAWI,MGT,,,2024-03-16 23:23:37,42502,2016,5,NON TITO,,,JAWA TIMUR,0.5,YELLOW,23423461,AREA 3,JATIM,MADIUN,MADIUN,,,0,0,0,JAWA TIMUR,MAGETAN,MAGETAN,SUKOWINANGUN,NGAWI
12079168553,,ODP-MGT-FP/71,-7.668193,111.318713,,,4,4,0,0,8,REGIONAL 5,MADIUN,NGAWI,MGT,,,2025-03-18 17:40:54,45733,2025,3,NON TITO,,,JAWA TIMUR,0.5,YELLOW,1496335483,AREA 3,JATIM,MADIUN,MADIUN,,,0,0,0,JAWA TIMUR,MAGETAN,NGARIBOYO,BALEGONDO,NGAWI
12117718744,,ODP-NWI-FA/152,-7.496062,111.407295,,,4,4,0,0,8,REGIONAL 5,MADIUN,NGAWI,NWI,,,2025-04-24 17:48:11,45770,2025,4,NON TITO,,,JAWA TIMUR,0.5,YELLOW,1497368523,AREA 3,JATIM,MADIUN,MADIUN,,,0,0,0,JAWA TIMUR,NGAWI,GENENG,TEPAS,NGAWI
387790606,,ODP-GGR-FA/04,-7.6831,111.4171,,,4,12,0,0,16,REGIONAL 5,MADIUN,NGAWI,GGR,,,2024-03-16 23:24:20,42502,2016,5,NON TITO,,,JAWA TIMUR,0.75,YELLOW,23425223,AREA 3,JATIM,MADIUN,MADIUN,,,0,0,0,JAWA TIMUR,MAGETAN,KAWEDANAN,GENENGAN,NGAWI
387791879,,ODP-MGT-FJ/03,-7.6527,111.3366,,,2,6,0,0,8,REGIONAL 5,MADIUN,NGAWI,MGT,,,2024-03-16 23:23:01,42502,2016,5,NON TITO,,,JAWA TIMUR,0.75,YELLOW,23425962,AREA 3,JATIM,MADIUN,MADIUN,,,0,0,0,JAWA TIMUR,MAGETAN,MAGETAN,MANGKUJAYAN,NGAWI
387791928,,ODP-NWI-FJ/01,-7.4407,111.3883,,,9,7,0,0,16,REGIONAL 5,MADIUN,NGAWI,NWI,,,2024-03-16 23:24:13,42502,2016,5,NON TITO,,,JAWA TIMUR,0.4375,YELLOW,23425993,AREA 3,JATIM,MADIUN,MADIUN,,,0,0,0,JAWA TIMUR,NGAWI,PARON,GELUNG,NGAWI
387791999,,ODP-NWI-FC/48,-7.4168,111.499,,,2,6,0,0,8,REGIONAL 5,MADIUN,NGAWI,NWI,,,2024-03-16 23:24:27,42502,2016,5,NON TITO,,,JAWA TIMUR,0.75,YELLOW,23426032,AREA 3,JATIM,MADIUN,MADIUN,,,0,0,0,JAWA TIMUR,NGAWI,KASREMAN,CANGAKAN,NGAWI
387792008,,ODP-WKU-FA/05,-7.3832,111.2237,,,6,10,0,0,16,REGIONAL 5,MADIUN,NGAWI,WKU,,,2024-03-16 23:24:44,42502,2016,5,NON TITO,,,JAWA TIMUR,0.625,YELLOW,23426041,AREA 3,JATIM,MADIUN,MADIUN,,,0,0,0,JAWA TIMUR,NGAWI,WIDODAREN,WIDODAREN,NGAWI
387780829,,ODP-NWI-FE/08,-7.4145,111.4388,,,4,11,0,0,16,REGIONAL 5,MADIUN,NGAWI,NWI,,,2024-03-16 23:29:17,42502,2016,5,NON TITO,,,JAWA TIMUR,0.6875,YELLOW,23418870,AREA 3,JATIM,MADIUN,MADIUN,,,0,0,0,JAWA TIMUR,NGAWI,NGAWI,BERAN,NGAWI
387792012,,ODP-WKU-FC/03,-7.3993,111.2229,,,7,9,0,0,16,REGIONAL 5,MADIUN,NGAWI,WKU,,,2024-03-16 23:24:39,42502,2016,5,NON TITO,,,JAWA TIMUR,0.5625,YELLOW,23426045,AREA 3,JATIM,MADIUN,MADIUN,,,0,0,0,JAWA TIMUR,NGAWI,WIDODAREN,WALIKUKUN,NGAWI
387792056,,ODP-NWI-FE/93,-7.4142,111.4373,,,2,12,2,0,16,REGIONAL 5,MADIUN,NGAWI,NWI,,,2024-03-16 23:24:01,42502,2016,5,NON TITO,,,JAWA TIMUR,0.75,YELLOW,23426064,AREA 3,JATIM,MADIUN,MADIUN,,,0,0,0,JAWA TIMUR,NGAWI,NGAWI,JURUREJO,NGAWI
387792084,,ODP-MGT-FAA/35,-7.654,111.3212,,,5,11,0,0,16,REGIONAL 5,MADIUN,NGAWI,MGT,,,2024-03-16 23:24:35,42502,2016,5,NON TITO,,,JAWA TIMUR,0.6875,YELLOW,23426085,AREA 3,JATIM,MADIUN,MADIUN,,,0,0,0,JAWA TIMUR,MAGETAN,MAGETAN,KEPOLOREJO,NGAWI
387792145,,ODP-MGT-FF/02,-7.6393,111.3502,,,6,10,0,0,16,REGIONAL 5,MADIUN,NGAWI,MGT,,,2024-03-16 23:23:36,42502,2016,5,NON TITO,,,JAWA TIMUR,0.625,YELLOW,23426115,AREA 3,JATIM,MADIUN,MADIUN,,,0,0,0,JAWA TIMUR,MAGETAN,MAGETAN,PURWOSARI,NGAWI
387792166,,ODP-MGT-FH/05,-7.6807,111.3393,,,4,12,0,0,16,REGIONAL 5,MADIUN,NGAWI,MGT,,,2024-03-16 23:24:09,42502,2016,5,NON TITO,,,JAWA TIMUR,0.75,YELLOW,23426131,AREA 3,JATIM,MADIUN,MADIUN,,,0,0,0,JAWA TIMUR,MAGETAN,NGARIBOYO,NGARIBOYO,NGAWI
387780818,,ODP-NWI-FE/31,-7.4117,111.4472,,,4,11,0,0,16,REGIONAL 5,MADIUN,NGAWI,NWI,,,2024-03-16 23:29:15,42502,2016,5,NON TITO,,,JAWA TIMUR,0.6875,YELLOW,23418863,AREA 3,JATIM,MADIUN,MADIUN,,,0,0,0,JAWA TIMUR,NGAWI,NGAWI,MARGOMULYO,NGAWI
387780797,,ODP-NWI-FA/09,-7.4867,111.4297,,,6,10,0,0,16,REGIONAL 5,MADIUN,NGAWI,NWI,,,2024-03-16 23:29:19,42502,2016,5,NON TITO,,,JAWA TIMUR,0.625,YELLOW,23418847,AREA 3,JATIM,MADIUN,MADIUN,,,0,0,0,JAWA TIMUR,NGAWI,GENENG,GENENG,NGAWI
387792223,,ODP-MGT-FJ/05,-7.6561,111.3382,,,5,11,0,0,16,REGIONAL 5,MADIUN,NGAWI,MGT,,,2024-03-16 23:24:24,42502,2016,5,NON TITO,,,JAWA TIMUR,0.6875,YELLOW,23426163,AREA 3,JATIM,MADIUN,MADIUN,,,0,0,0,JAWA TIMUR,MAGETAN,MAGETAN,MANGKUJAYAN,NGAWI
387792262,,ODP-WKU-FA/07,-7.3756,111.2269,,,3,5,0,0,8,REGIONAL 5,MADIUN,NGAWI,WKU,,,2024-03-16 23:24:28,42502,2016,5,NON TITO,,,JAWA TIMUR,0.625,YELLOW,23426189,AREA 3,JATIM,MADIUN,MADIUN,,,0,0,0,JAWA TIMUR,NGAWI,WIDODAREN,WIDODAREN,NGAWI
387792292,,ODP-GGR-FA/79,-7.640741,111.431846,,,3,5,0,0,8,REGIONAL 5,MADIUN,NGAWI,GGR,,,2024-03-16 23:24:34,42502,2016,5,NON TITO,,,JAWA TIMUR,0.625,YELLOW,23426205,AREA 3,JATIM,MADIUN,MADIUN,,,0,0,0,JAWA TIMUR,MAGETAN,BENDO,BENDO,NGAWI
387792380,,ODP-NWI-FM/19,-7.3964,111.3574,,,3,5,0,0,8,REGIONAL 5,MADIUN,NGAWI,NWI,,,2024-03-16 23:24:22,42502,2016,5,NON TITO,,,JAWA TIMUR,0.625,YELLOW,23426258,AREA 3,JATIM,MADIUN,MADIUN,,,0,0,0,JAWA TIMUR,NGAWI,KEDUNGGALAR,KAWU,NGAWI
387792427,,ODP-NWI-FC/49,-7.4047,111.4606,,,4,12,0,0,16,REGIONAL 5,MADIUN,NGAWI,NWI,,,2024-03-16 23:24:38,42502,2016,5,NON TITO,,,JAWA TIMUR,0.75,YELLOW,23426280,AREA 3,JATIM,MADIUN,MADIUN,,,0,0,0,JAWA TIMUR,NGAWI,NGAWI,KARANGASRI,NGAWI
387780741,,ODP-NWI-FD/29,-7.404953,111.422033,,,4,4,0,0,8,REGIONAL 5,MADIUN,NGAWI,NWI,,,2024-03-16 23:28:25,42502,2016,5,NON TITO,,,JAWA TIMUR,0.5,YELLOW,23418806,AREA 3,JATIM,MADIUN,MADIUN,,,0,0,0,JAWA TIMUR,NGAWI,NGAWI,GRUDO,NGAWI
387792477,,ODP-NWI-FJ/08,-7.4433,111.384,,,5,11,0,0,16,REGIONAL 5,MADIUN,NGAWI,NWI,,,2024-03-16 23:24:42,42502,2016,5,NON TITO,,,JAWA TIMUR,0.6875,YELLOW,23426312,AREA 3,JATIM,MADIUN,MADIUN,,,0,0,0,JAWA TIMUR,NGAWI,PARON,JAMBANGAN,NGAWI
387792498,,ODP-NWI-FE/94,-7.4112,111.4357,,,5,11,0,0,16,REGIONAL 5,MADIUN,NGAWI,NWI,,,2024-03-16 23:24:48,42502,2016,5,NON TITO,,,JAWA TIMUR,0.6875,YELLOW,23426321,AREA 3,JATIM,MADIUN,MADIUN,,,0,0,0,JAWA TIMUR,NGAWI,NGAWI,MARGOMULYO,NGAWI
387792547,,ODP-MGT-FAA/81,-7.658,111.3244,,,9,7,0,0,16,REGIONAL 5,MADIUN,NGAWI,MGT,,,2024-03-16 23:24:36,42502,2016,5,NON TITO,,,JAWA TIMUR,0.4375,YELLOW,23426348,AREA 3,JATIM,MADIUN,MADIUN,,,0,0,0,JAWA TIMUR,MAGETAN,MAGETAN,MAGETAN,NGAWI
387780733,,ODP-NWI-FE/44,-7.4164,111.4433,,,2,6,0,0,8,REGIONAL 5,MADIUN,NGAWI,NWI,,,2024-03-16 23:29:17,42502,2016,5,NON TITO,,,JAWA TIMUR,0.75,YELLOW,23418801,AREA 3,JATIM,MADIUN,MADIUN,,,0,0,0,JAWA TIMUR,NGAWI,NGAWI,BERAN,NGAWI
387792625,,ODP-MGT-FA/23,-7.6447,111.3105,,,9,7,0,0,16,REGIONAL 5,MADIUN,NGAWI,MGT,,,2024-03-16 23:23:45,42502,2016,5,NON TITO,,,JAWA TIMUR,0.4375,YELLOW,23426396,AREA 3,JATIM,MADIUN,MADIUN,,,0,0,0,JAWA TIMUR,MAGETAN,MAGETAN,SELOSARI,NGAWI
12071068645,,ODP-WKU-FAA/77,-7.441186,111.200943,,,4,4,0,0,8,REGIONAL 5,MADIUN,NGAWI,WKU,,,2025-03-11 17:38:28,45726,2025,3,NON TITO,,,JAWA TIMUR,0.5,YELLOW,1496297860,AREA 3,JATIM,MADIUN,MADIUN,,,0,0,0,JAWA TIMUR,NGAWI,WIDODAREN,BANYUBIRU,NGAWI
12071068650,,ODP-WKU-FAA/75,-7.439697,111.196996,,,4,4,0,0,8,REGIONAL 5,MADIUN,NGAWI,WKU,,,2025-03-11 17:38:31,45726,2025,3,NON TITO,,,JAWA TIMUR,0.5,YELLOW,1496297863,AREA 3,JATIM,MADIUN,MADIUN,,,0,0,0,JAWA TIMUR,NGAWI,WIDODAREN,BANYUBIRU,NGAWI
387791877,,ODP-NWI-FE/98,-7.411459,111.443322,,,2,6,0,0,8,REGIONAL 5,MADIUN,NGAWI,NWI,,,2024-03-16 23:24:34,42502,2016,5,NON TITO,,,JAWA TIMUR,0.75,YELLOW,23425961,AREA 3,JATIM,MADIUN,MADIUN,,,0,0,0,JAWA TIMUR,NGAWI,NGAWI,MARGOMULYO,NGAWI
12121393860,,ODP-NWI-FM/62,-7.375533,111.372998,,,4,4,0,0,8,REGIONAL 5,MADIUN,NGAWI,NWI,,,2025-04-26 17:53:02,45772,2025,4,NON TITO,,,JAWA TIMUR,0.5,YELLOW,1497309725,AREA 3,JATIM,MADIUN,MADIUN,,,0,0,0,JAWA TIMUR,NGAWI,PITU,NGANCAR,NGAWI
387781125,,ODP-NWI-FE/38,-7.418183,111.449287,,,4,12,0,0,16,REGIONAL 5,MADIUN,NGAWI,NWI,,,2024-03-16 23:22:01,42502,2016,5,NON TITO,,,JAWA TIMUR,0.75,YELLOW,23419087,AREA 3,JATIM,MADIUN,MADIUN,,,0,0,0,JAWA TIMUR,NGAWI,NGAWI,BERAN,NGAWI
387790734,,ODP-NWI-FG/38,-7.401086,111.444775,,,5,11,0,0,16,REGIONAL 5,MADIUN,NGAWI,NWI,,,2024-03-16 23:24:20,42502,2016,5,NON TITO,,,JAWA TIMUR,0.6875,YELLOW,23425301,AREA 3,JATIM,MADIUN,MADIUN,,,0,0,0,JAWA TIMUR,NGAWI,NGAWI,KETANGGI,NGAWI
387790817,,ODP-NWI-FG/33,-7.394301,111.444459,,,7,9,0,0,16,REGIONAL 5,MADIUN,NGAWI,NWI,,,2024-03-16 23:24:18,42502,2016,5,NON TITO,,,JAWA TIMUR,0.5625,YELLOW,23425345,AREA 3,JATIM,MADIUN,MADIUN,,,0,0,0,JAWA TIMUR,NGAWI,NGAWI,KARANGTENGAH,NGAWI
387790830,,ODP-MGT-FB/07,-7.6308,111.3349,,,3,5,0,0,8,REGIONAL 5,MADIUN,NGAWI,MGT,,,2024-03-16 23:24:14,42502,2016,5,NON TITO,,,JAWA TIMUR,0.625,YELLOW,23425353,AREA 3,JATIM,MADIUN,MADIUN,,,0,0,0,JAWA TIMUR,MAGETAN,PANEKAN,MILANGASRI,NGAWI
387790837,,ODP-NWI-FG/39,-7.401471,111.441235,,,9,7,0,0,16,REGIONAL 5,MADIUN,NGAWI,NWI,,,2024-03-16 23:24:17,42502,2016,5,NON TITO,,,JAWA TIMUR,0.4375,YELLOW,23425360,AREA 3,JATIM,MADIUN,MADIUN,,,0,0,0,JAWA TIMUR,NGAWI,NGAWI,KARANGTENGAH,NGAWI
387790895,,ODP-NWI-FC/29,-7.4073,111.461,,,2,6,0,0,8,REGIONAL 5,MADIUN,NGAWI,NWI,,,2024-03-16 23:23:50,42502,2016,5,NON TITO,,,JAWA TIMUR,0.75,YELLOW,23425387,AREA 3,JATIM,MADIUN,MADIUN,,,0,0,0,JAWA TIMUR,NGAWI,NGAWI,KARANGASRI,NGAWI
387791000,,ODP-NWI-FG/41,-7.400138,111.441509,,,6,10,0,0,16,REGIONAL 5,MADIUN,NGAWI,NWI,,,2024-03-16 23:23:58,42502,2016,5,NON TITO,,,JAWA TIMUR,0.625,YELLOW,23425455,AREA 3,JATIM,MADIUN,MADIUN,,,0,0,0,JAWA TIMUR,NGAWI,NGAWI,KARANGTENGAH,NGAWI
387791011,,ODP-NWI-FC/40,-7.4083,111.4563,,,7,9,0,0,16,REGIONAL 5,MADIUN,NGAWI,NWI,,,2024-03-16 23:24:02,42502,2016,5,NON TITO,,,JAWA TIMUR,0.5625,YELLOW,23425462,AREA 3,JATIM,MADIUN,MADIUN,,,0,0,0,JAWA TIMUR,NGAWI,NGAWI,KARANGASRI,NGAWI
387791160,,ODP-NWI-FQ/15,-7.395804,111.449147,,,1,6,0,0,8,REGIONAL 5,MADIUN,NGAWI,NWI,,,2024-03-16 23:24:04,42502,2016,5,NON TITO,,,JAWA TIMUR,0.75,YELLOW,23425546,AREA 3,JATIM,MADIUN,MADIUN,,,0,0,0,JAWA TIMUR,NGAWI,NGAWI,KETANGGI,NGAWI
387781123,,ODP-NWI-FE/46,-7.415,111.4428,,,7,8,0,0,16,REGIONAL 5,MADIUN,NGAWI,NWI,,,2024-03-16 23:22:00,42502,2016,5,NON TITO,,,JAWA TIMUR,0.5,YELLOW,23419085,AREA 3,JATIM,MADIUN,MADIUN,,,0,0,0,JAWA TIMUR,NGAWI,NGAWI,BERAN,NGAWI
387781065,,ODP-NWI-FE/22,-7.4181,111.4403,,,2,6,0,0,8,REGIONAL 5,MADIUN,NGAWI,NWI,,,2024-03-16 23:21:20,42502,2016,5,NON TITO,,,JAWA TIMUR,0.75,YELLOW,23419047,AREA 3,JATIM,MADIUN,MADIUN,,,0,0,0,JAWA TIMUR,NGAWI,NGAWI,BERAN,NGAWI
387779108,,ODP-NWI-FD/18,-7.4048,111.4289,,,7,9,0,0,16,REGIONAL 5,MADIUN,NGAWI,NWI,,,2024-03-16 23:27:50,42502,2016,5,NON TITO,,,JAWA TIMUR,0.5625,YELLOW,23417470,AREA 3,JATIM,MADIUN,MADIUN,,,0,0,0,JAWA TIMUR,NGAWI,NGAWI,GRUDO,NGAWI
387791248,,ODP-NWI-FC/37,-7.4121,111.4584,,,8,8,0,0,16,REGIONAL 5,MADIUN,NGAWI,NWI,,,2024-03-16 23:24:28,42502,2016,5,NON TITO,,,JAWA TIMUR,0.5,YELLOW,23425599,AREA 3,JATIM,MADIUN,MADIUN,,,0,0,0,JAWA TIMUR,NGAWI,NGAWI,KARANGASRI,NGAWI
387780981,,ODP-NWI-FE/68,-7.418245,111.441952,,,6,10,0,0,16,REGIONAL 5,MADIUN,NGAWI,NWI,,,2024-03-16 23:22:17,42502,2016,5,NON TITO,,,JAWA TIMUR,0.625,YELLOW,23418984,AREA 3,JATIM,MADIUN,MADIUN,,,0,0,0,JAWA TIMUR,NGAWI,NGAWI,BERAN,NGAWI
387791326,,ODP-NWI-FG/29,-7.396181,111.447075,,,7,8,0,0,16,REGIONAL 5,MADIUN,NGAWI,NWI,,,2024-03-16 23:24:25,42502,2016,5,NON TITO,,,JAWA TIMUR,0.5,YELLOW,23425643,AREA 3,JATIM,MADIUN,MADIUN,,,0,0,0,JAWA TIMUR,NGAWI,NGAWI,KETANGGI,NGAWI
387791366,,ODP-NWI-FC/32,-7.4108,111.4796,,,2,6,0,0,8,REGIONAL 5,MADIUN,NGAWI,NWI,,,2024-03-16 23:23:38,42502,2016,5,NON TITO,,,JAWA TIMUR,0.75,YELLOW,23425668,AREA 3,JATIM,MADIUN,MADIUN,,,0,0,0,JAWA TIMUR,NGAWI,NGAWI,KARANG TENGAH PRANDON,NGAWI
387780968,,ODP-NWI-FE/60,-7.4131,111.4428,,,2,6,0,0,8,REGIONAL 5,MADIUN,NGAWI,NWI,,,2024-03-16 23:22:21,42502,2016,5,NON TITO,,,JAWA TIMUR,0.75,YELLOW,23418972,AREA 3,JATIM,MADIUN,MADIUN,,,0,0,0,JAWA TIMUR,NGAWI,NGAWI,BERAN,NGAWI
387791530,,ODP-NWI-FC/41,-7.4096,111.4695,,,8,8,0,0,16,REGIONAL 5,MADIUN,NGAWI,NWI,,,2024-03-16 23:24:36,42502,2016,5,NON TITO,,,JAWA TIMUR,0.5,YELLOW,23425758,AREA 3,JATIM,MADIUN,MADIUN,,,0,0,0,JAWA TIMUR,NGAWI,NGAWI,KARANGASRI,NGAWI
387780957,,ODP-NWI-FE/76,-7.4172,111.4425,,,4,4,0,0,8,REGIONAL 5,MADIUN,NGAWI,NWI,,,2024-03-16 23:22:00,42502,2016,5,NON TITO,,,JAWA TIMUR,0.5,YELLOW,23418964,AREA 3,JATIM,MADIUN,MADIUN,,,0,0,0,JAWA TIMUR,NGAWI,NGAWI,BERAN,NGAWI
387780923,,ODP-NWI-FE/17,-7.4149,111.4396,,,5,11,0,0,16,REGIONAL 5,MADIUN,NGAWI,NWI,,,2024-03-16 23:21:44,42502,2016,5,NON TITO,,,JAWA TIMUR,0.6875,YELLOW,23418940,AREA 3,JATIM,MADIUN,MADIUN,,,0,0,0,JAWA TIMUR,NGAWI,NGAWI,BERAN,NGAWI
387791671,,ODP-MGT-FF/04,-7.6423,111.3537,,,8,8,0,0,16,REGIONAL 5,MADIUN,NGAWI,MGT,,,2024-03-16 23:24:10,42502,2016,5,NON TITO,,,JAWA TIMUR,0.5,YELLOW,23425843,AREA 3,JATIM,MADIUN,MADIUN,,,0,0,0,JAWA TIMUR,MAGETAN,MAGETAN,PURWOSARI,NGAWI
387791682,,ODP-NWI-FC/44,-7.4108,111.4808,,,4,12,0,0,16,REGIONAL 5,MADIUN,NGAWI,NWI,,,2024-03-16 23:24:26,42502,2016,5,NON TITO,,,JAWA TIMUR,0.75,YELLOW,23425852,AREA 3,JATIM,MADIUN,MADIUN,,,0,0,0,JAWA TIMUR,NGAWI,NGAWI,KARANG TENGAH PRANDON,NGAWI
12071068665,,ODP-WKU-FAA/72,-7.437291,111.193619,,,2,6,0,0,8,REGIONAL 5,MADIUN,NGAWI,WKU,,,2025-03-11 17:38:31,45726,2025,3,NON TITO,,,JAWA TIMUR,0.75,YELLOW,1496297873,AREA 3,JATIM,MADIUN,MADIUN,,,0,0,0,JAWA TIMUR,NGAWI,WIDODAREN,BANYUBIRU,NGAWI
387780917,,ODP-NWI-FD/41,-7.413345,111.423883,,,7,9,0,0,16,REGIONAL 5,MADIUN,NGAWI,NWI,,,2024-03-16 23:22:01,42502,2016,5,NON TITO,,,JAWA TIMUR,0.5625,YELLOW,23418935,AREA 3,JATIM,MADIUN,MADIUN,,,0,0,0,JAWA TIMUR,NGAWI,NGAWI,JURUREJO,NGAWI
387791266,,ODP-NWI-FG/35,-7.395608,111.442421,,,6,10,0,0,16,REGIONAL 5,MADIUN,NGAWI,NWI,,,2024-03-16 23:24:19,42502,2016,5,NON TITO,,,JAWA TIMUR,0.625,YELLOW,23425610,AREA 3,JATIM,MADIUN,MADIUN,,,0,0,0,JAWA TIMUR,NGAWI,NGAWI,KARANGTENGAH,NGAWI
387846651,,ODP-MGT-FC/47,-7.639521,111.357022,,,4,4,0,0,8,REGIONAL 5,MADIUN,NGAWI,MGT,,,2024-03-16 23:21:20,42502,2016,5,NON TITO,,,JAWA TIMUR,0.5,YELLOW,23482569,AREA 3,JATIM,MADIUN,MADIUN,,,0,0,0,JAWA TIMUR,MAGETAN,SUKOMORO,BANDAR,NGAWI
387846792,,ODP-MGT-FD/17,-7.6358,111.3275,,,8,8,0,0,16,REGIONAL 5,MADIUN,NGAWI,MGT,,,2024-03-16 23:21:44,42502,2016,5,NON TITO,,,JAWA TIMUR,0.5,YELLOW,23482650,AREA 3,JATIM,MADIUN,MADIUN,,,0,0,0,JAWA TIMUR,MAGETAN,MAGETAN,TAWANGANOM,NGAWI
387846878,,ODP-MGT-FD/46,-7.638,111.3291,,,8,8,0,0,16,REGIONAL 5,MADIUN,NGAWI,MGT,,,2024-03-16 23:21:20,42502,2016,5,NON TITO,,,JAWA TIMUR,0.5,YELLOW,23482699,AREA 3,JATIM,MADIUN,MADIUN,,,0,0,0,JAWA TIMUR,MAGETAN,MAGETAN,KEPOLOREJO,NGAWI
443131088,,ODP-NWI-FP/01,-7.404433,111.446387,,,7,9,0,0,16,REGIONAL 5,MADIUN,NGAWI,NWI,,,2024-03-16 23:22:49,42510,2016,5,NON TITO,,,JAWA TIMUR,0.5625,YELLOW,28981838,AREA 3,JATIM,MADIUN,MADIUN,,,0,0,0,JAWA TIMUR,NGAWI,NGAWI,KETANGGI,NGAWI
454243979,,ODP-NWI-FH/16,-7.398813,111.392934,,,9,7,0,0,16,REGIONAL 5,MADIUN,NGAWI,NWI,,,2024-03-16 23:25:22,42513,2016,5,NON TITO,,,JAWA TIMUR,0.4375,YELLOW,31459110,AREA 3,JATIM,MADIUN,MADIUN,,,0,0,0,JAWA TIMUR,NGAWI,PARON,KEBON,NGAWI
5549219125,,ODP-WKU-FJ/49,-7.416977,111.310685,,,9,7,0,0,16,REGIONAL 5,MADIUN,NGAWI,WKU,,,2025-06-03 17:43:18,44120,2020,10,NON TITO,,,JAWA TIMUR,0.4375,YELLOW,855472426,AREA 3,JATIM,MADIUN,MADIUN,,,0,0,0,JAWA TIMUR,NGAWI,KEDUNGGALAR,KEDUNGGALAR,NGAWI
619769085,,ODP-MGT-F06/01,-7.657663,111.332548,,,5,11,0,0,16,REGIONAL 5,MADIUN,NGAWI,MGT,,,2024-03-16 23:27:56,42515,2016,5,NON TITO,,,JAWA TIMUR,0.6875,YELLOW,32966128,AREA 3,JATIM,MADIUN,MADIUN,,,0,0,0,JAWA TIMUR,MAGETAN,MAGETAN,MANGKUJAYAN,NGAWI
628919494,,ODP-NWI-FC/53,-7.406246,111.452265,,,5,11,0,0,16,REGIONAL 5,MADIUN,NGAWI,NWI,,,2024-03-16 23:23:52,42519,2016,5,NON TITO,,,JAWA TIMUR,0.6875,YELLOW,33381040,AREA 3,JATIM,MADIUN,MADIUN,,,0,0,0,JAWA TIMUR,NGAWI,NGAWI,KARANGASRI,NGAWI
646919078,,ODP-NWI-FH/17,-7.39239,111.413975,,,6,10,0,0,16,REGIONAL 5,MADIUN,NGAWI,NWI,,,2024-03-16 23:28:37,42524,2016,6,NON TITO,,,JAWA TIMUR,0.625,YELLOW,33400416,AREA 3,JATIM,MADIUN,MADIUN,,,0,0,0,JAWA TIMUR,NGAWI,NGAWI,WATUALANG,NGAWI
5949568648,,ODP-GGR-FF/17,-7.658642,111.411628,,,3,5,0,0,8,REGIONAL 5,MADIUN,NGAWI,GGR,,,2023-08-30 18:08:54,44225,2021,1,NON TITO,,,JAWA TIMUR,0.625,YELLOW,861057584,AREA 3,JATIM,MADIUN,MADIUN,,,0,0,0,JAWA TIMUR,MAGETAN,BENDO,BELOTAN,NGAWI
5840594130,,ODP-MGT-FQ/32,-7.641037,111.359642,,,3,5,0,0,8,REGIONAL 5,MADIUN,NGAWI,MGT,,,2023-08-30 18:04:41,44202,2021,1,NON TITO,,,JAWA TIMUR,0.625,YELLOW,859401055,AREA 3,JATIM,MADIUN,MADIUN,,,0,0,0,JAWA TIMUR,MAGETAN,SUKOMORO,BANDAR,NGAWI
628919521,,ODP-GGR-FB/05,-7.755551,111.406377,,,7,9,0,0,16,REGIONAL 5,MADIUN,NGAWI,GGR,,,2024-03-16 23:23:58,42519,2016,5,NON TITO,,,JAWA TIMUR,0.5625,YELLOW,33528781,AREA 3,JATIM,MADIUN,MADIUN,,,0,0,0,JAWA TIMUR,MAGETAN,LEMBEYAN,LEMBEYAN KULON,NGAWI
652469585,,ODP-GGR-FA/07,-7.692089,111.419933,,,7,9,0,0,16,REGIONAL 5,MADIUN,NGAWI,GGR,,,2024-03-16 23:23:50,42527,2016,6,NON TITO,,,JAWA TIMUR,0.5625,YELLOW,33556992,AREA 3,JATIM,MADIUN,MADIUN,,,0,0,0,JAWA TIMUR,MAGETAN,KAWEDANAN,KAWEDANAN,NGAWI
674293540,,ODP-NWI-FJ/13,-7.439286,111.390699,,,4,12,0,0,16,REGIONAL 5,MADIUN,NGAWI,NWI,,,2024-03-16 23:27:22,42533,2016,6,NON TITO,,,JAWA TIMUR,0.75,YELLOW,33577351,AREA 3,JATIM,MADIUN,MADIUN,,,0,0,0,JAWA TIMUR,NGAWI,PARON,GELUNG,NGAWI
674293566,,ODP-NWI-FJ/11,-7.443851,111.382945,,,9,7,0,0,16,REGIONAL 5,MADIUN,NGAWI,NWI,,,2024-03-16 23:21:05,42533,2016,6,NON TITO,,,JAWA TIMUR,0.4375,YELLOW,33577463,AREA 3,JATIM,MADIUN,MADIUN,,,0,0,0,JAWA TIMUR,NGAWI,PARON,JAMBANGAN,NGAWI
674293578,,ODP-NWI-FJ/12,-7.438782,111.386217,,,4,12,0,0,16,REGIONAL 5,MADIUN,NGAWI,NWI,,,2024-03-16 23:26:48,42533,2016,6,NON TITO,,,JAWA TIMUR,0.75,YELLOW,33577527,AREA 3,JATIM,MADIUN,MADIUN,,,0,0,0,JAWA TIMUR,NGAWI,PARON,GELUNG,NGAWI
681719014,,ODP-MGT-FD/49,-7.642826,111.330482,,,9,7,0,0,16,REGIONAL 5,MADIUN,NGAWI,MGT,,,2024-03-16 23:25:30,42535,2016,6,NON TITO,,,JAWA TIMUR,0.4375,YELLOW,33588348,AREA 3,JATIM,MADIUN,MADIUN,,,0,0,0,JAWA TIMUR,MAGETAN,MAGETAN,SUKOWINANGUN,NGAWI
8368243894,,ODP-WKU-FJ/55,-7.409904,111.332254,,,4,4,0,0,8,REGIONAL 5,MADIUN,NGAWI,WKU,,,2025-06-03 17:44:08,44582,2022,1,NON TITO,,,JAWA TIMUR,0.5,YELLOW,1165097800,AREA 3,JATIM,MADIUN,MADIUN,,,0,0,0,JAWA TIMUR,NGAWI,KEDUNGGALAR,JENGGRIK,NGAWI
11921743556,,ODP-JGO-FC/68,-7.492749,111.220388,,,8,8,0,0,16,REGIONAL 5,MADIUN,NGAWI,JGO,,,2024-11-12 17:32:35,45607,2024,11,NON TITO,,,JAWA TIMUR,0.5,YELLOW,1485880431,AREA 3,JATIM,MADIUN,MADIUN,,,0,0,0,JAWA TIMUR,NGAWI,NGRAMBE,PUCANGAN,NGAWI
696194018,,ODP-MGT-FG/01,-7.617475,111.378023,,,3,5,0,0,8,REGIONAL 5,MADIUN,NGAWI,MGT,,,2024-03-16 23:25:31,42539,2016,6,NON TITO,,,JAWA TIMUR,0.625,YELLOW,33607261,AREA 3,JATIM,MADIUN,MADIUN,,,0,0,0,JAWA TIMUR,MAGETAN,SUKOMORO,KEDUNGGUWO,NGAWI
5840594125,,ODP-MGT-FQ/34,-7.64544,111.351125,,,3,4,0,0,8,REGIONAL 5,MADIUN,NGAWI,MGT,,,2023-08-30 18:00:21,44202,2021,1,NON TITO,,,JAWA TIMUR,0.5,YELLOW,859401052,AREA 3,JATIM,MADIUN,MADIUN,,,0,0,0,JAWA TIMUR,MAGETAN,MAGETAN,PURWOSARI,NGAWI
5762894849,,ODP-NWI-FJ/64,-7.445454,111.354715,,,7,9,0,0,16,REGIONAL 5,MADIUN,NGAWI,NWI,,,2023-08-30 18:07:19,44180,2020,12,NON TITO,,,JAWA TIMUR,0.5625,YELLOW,858144713,AREA 3,JATIM,MADIUN,MADIUN,,,0,0,0,JAWA TIMUR,NGAWI,PARON,JAMBANGAN,NGAWI
11911693607,,ODP-JGO-FD/36,-7.494033,111.156523,,,3,5,0,0,8,REGIONAL 5,MADIUN,NGAWI,JGO,,,2024-11-09 17:59:48,45604,2024,11,NON TITO,,,JAWA TIMUR,0.625,YELLOW,1485864071,AREA 3,JATIM,MADIUN,MADIUN,,,0,0,0,JAWA TIMUR,NGAWI,SINE,KUNIRAN,NGAWI
696194046,,ODP-MGT-FG/05,-7.624961,111.37909,,,4,4,0,0,8,REGIONAL 5,MADIUN,NGAWI,MGT,,,2024-03-16 23:25:46,42539,2016,6,NON TITO,,,JAWA TIMUR,0.5,YELLOW,33607309,AREA 3,JATIM,MADIUN,MADIUN,,,0,0,0,JAWA TIMUR,MAGETAN,SUKOMORO,BULU,NGAWI
387852201,,ODP-WKU-FJ/40,-7.4151,111.3137,,,7,9,0,0,16,REGIONAL 5,MADIUN,NGAWI,WKU,,,2025-06-04 17:45:05,42502,2016,5,NON TITO,,,JAWA TIMUR,0.5625,YELLOW,23485784,AREA 3,JATIM,MADIUN,MADIUN,,,0,0,0,JAWA TIMUR,NGAWI,KEDUNGGALAR,JENGGRIK,NGAWI
700994161,,ODP-MGT-FN/01,-7.747,111.330849,,,9,7,0,0,16,REGIONAL 5,MADIUN,NGAWI,MGT,,,2024-03-16 23:22:30,42542,2016,6,NON TITO,,,JAWA TIMUR,0.4375,YELLOW,33618306,AREA 3,JATIM,MADIUN,MADIUN,,,0,0,0,JAWA TIMUR,MAGETAN,PARANG,PARANG,NGAWI
440656245,,ODP-NWI-F04/01,-7.41154,111.446732,,,2,6,0,0,8,REGIONAL 5,MADIUN,NGAWI,NWI,,,2024-03-16 23:25:38,42510,2016,5,NON TITO,,,JAWA TIMUR,0.75,YELLOW,28980407,AREA 3,JATIM,MADIUN,MADIUN,,,0,0,0,JAWA TIMUR,NGAWI,NGAWI,MARGOMULYO,NGAWI
703994726,,ODP-MGT-FH/06,-7.674844,111.339441,,,4,12,0,0,16,REGIONAL 5,MADIUN,NGAWI,MGT,,,2024-03-16 23:27:10,42544,2016,6,NON TITO,,,JAWA TIMUR,0.75,YELLOW,33627750,AREA 3,JATIM,MADIUN,MADIUN,,,0,0,0,JAWA TIMUR,MAGETAN,NGARIBOYO,NGARIBOYO,NGAWI
5970868594,,ODP-GGR-FC/55,-7.674502,111.488876,,,4,4,0,0,8,REGIONAL 5,MADIUN,NGAWI,GGR,,,2023-08-30 17:57:21,44231,2021,2,NON TITO,,,JAWA TIMUR,0.5,YELLOW,861119802,AREA 3,JATIM,MADIUN,MADIUN,,,0,0,0,JAWA TIMUR,MAGETAN,TAKERAN,JOMBLANG,NGAWI
398008604,,ODP-NWI-FB/67,-7.46015,111.41692,,,4,12,0,0,16,REGIONAL 5,MADIUN,NGAWI,NWI,,,2024-03-16 23:24:17,42503,2016,5,NON TITO,,,JAWA TIMUR,0.75,YELLOW,23933281,AREA 3,JATIM,MADIUN,MADIUN,,,0,0,0,JAWA TIMUR,NGAWI,PARON,TEMPURAN,NGAWI
6982018662,,ODP-NWI-FC/125,-7.422611,111.452944,,,2,6,0,0,8,REGIONAL 5,MADIUN,NGAWI,NWI,,,2023-08-30 18:06:29,44378,2021,7,NON TITO,,,JAWA TIMUR,0.75,YELLOW,913844786,AREA 3,JATIM,MADIUN,MADIUN,,,0,0,0,JAWA TIMUR,NGAWI,NGAWI,KARTOHARJO,NGAWI
387853304,,ODP-WKU-FZA/05,-7.4223,111.3054,,,3,11,2,0,16,REGIONAL 5,MADIUN,NGAWI,WKU,,,2024-03-16 23:23:32,42502,2016,5,NON TITO,,,JAWA TIMUR,0.6875,YELLOW,23486415,AREA 3,JATIM,MADIUN,MADIUN,,,0,0,0,JAWA TIMUR,NGAWI,KEDUNGGALAR,KEDUNGGALAR,NGAWI
6940468617,,ODP-SAR-FA/33,-7.664775,111.217014,,,4,4,0,0,8,REGIONAL 5,MADIUN,NGAWI,SAR,,,2023-08-30 18:11:32,44376,2021,6,NON TITO,,,JAWA TIMUR,0.5,YELLOW,911822998,AREA 3,JATIM,MADIUN,MADIUN,,,0,0,0,JAWA TIMUR,MAGETAN,PLAOSAN,SARANGAN,NGAWI
6252047035,,ODP-NWI-FM/11,-7.397148,111.360815,,,2,6,0,0,8,REGIONAL 5,MADIUN,NGAWI,NWI,,,2023-08-30 18:06:39,44293,2021,4,NON TITO,,,JAWA TIMUR,0.75,YELLOW,869842233,AREA 3,JATIM,MADIUN,MADIUN,,,0,0,0,JAWA TIMUR,NGAWI,KEDUNGGALAR,KAWU,NGAWI
387853365,,ODP-MGT-FAA/80,-7.6544,111.3334,,,4,11,1,0,16,REGIONAL 5,MADIUN,NGAWI,MGT,,,2024-03-16 23:23:30,42502,2016,5,NON TITO,,,JAWA TIMUR,0.6875,YELLOW,23486453,AREA 3,JATIM,MADIUN,MADIUN,,,0,0,0,JAWA TIMUR,MAGETAN,MAGETAN,MANGKUJAYAN,NGAWI
5951595163,,ODP-NWI-FD/86,-7.40599,111.427581,,,3,5,0,0,8,REGIONAL 5,MADIUN,NGAWI,NWI,,,2023-08-30 18:05:38,44230,2021,2,NON TITO,,,JAWA TIMUR,0.625,YELLOW,861195997,AREA 3,JATIM,MADIUN,MADIUN,,,0,0,0,JAWA TIMUR,NGAWI,NGAWI,GRUDO,NGAWI
387853476,,ODP-WKU-FB/01,-7.3986,111.2242,,,9,7,0,0,16,REGIONAL 5,MADIUN,NGAWI,WKU,,,2024-03-16 23:23:07,42502,2016,5,NON TITO,,,JAWA TIMUR,0.4375,YELLOW,23486512,AREA 3,JATIM,MADIUN,MADIUN,,,0,0,0,JAWA TIMUR,NGAWI,WIDODAREN,WALIKUKUN,NGAWI
12184094794,,ODP-NWI-FA/159,-7.474918,111.425405,,,4,4,0,0,8,REGIONAL 5,MADIUN,NGAWI,NWI,,,2025-05-27 17:49:21,45803,2025,5,NON TITO,,,JAWA TIMUR,0.5,YELLOW,1498218445,AREA 3,JATIM,MADIUN,MADIUN,,,0,0,0,JAWA TIMUR,NGAWI,GENENG,GENENG,NGAWI
387853510,,ODP-GGR-FC/08,-7.6819,111.4777,,,7,9,0,0,16,REGIONAL 5,MADIUN,NGAWI,GGR,,,2024-03-16 23:23:45,42502,2016,5,NON TITO,,,JAWA TIMUR,0.5625,YELLOW,23486530,AREA 3,JATIM,MADIUN,MADIUN,,,0,0,0,JAWA TIMUR,MAGETAN,TAKERAN,TAKERAN,NGAWI
387853525,,ODP-MGT-FA/22,-7.6441,111.3106,,,9,7,0,0,16,REGIONAL 5,MADIUN,NGAWI,MGT,,,2024-03-16 23:23:43,42502,2016,5,NON TITO,,,JAWA TIMUR,0.4375,YELLOW,23486540,AREA 3,JATIM,MADIUN,MADIUN,,,0,0,0,JAWA TIMUR,MAGETAN,MAGETAN,SELOSARI,NGAWI
387853623,,ODP-NWI-FH/15,-7.3972,111.3824,,,9,7,0,0,16,REGIONAL 5,MADIUN,NGAWI,NWI,,,2024-03-16 23:23:38,42502,2016,5,NON TITO,,,JAWA TIMUR,0.4375,YELLOW,23486597,AREA 3,JATIM,MADIUN,MADIUN,,,0,0,0,JAWA TIMUR,NGAWI,PARON,NGALE,NGAWI
12185069068,,ODP-MGT-FX/24,-7.651569,111.338586,,,4,4,0,0,8,REGIONAL 5,MADIUN,NGAWI,MGT,,,2025-05-31 18:07:54,45807,2025,5,NON TITO,,,JAWA TIMUR,0.5,YELLOW,1499222822,AREA 3,JATIM,MADIUN,MADIUN,,,0,0,0,JAWA TIMUR,MAGETAN,MAGETAN,MANGKUJAYAN,NGAWI
2507968680,,ODP-WKU-FJ/41,-7.412736,111.314124,,,8,8,0,0,16,REGIONAL 5,MADIUN,NGAWI,WKU,,,2025-06-03 17:41:31,43234,2018,5,NON TITO,,,JAWA TIMUR,0.5,YELLOW,354200301,AREA 3,JATIM,MADIUN,MADIUN,,,0,0,0,JAWA TIMUR,NGAWI,KEDUNGGALAR,JENGGRIK,NGAWI
387853740,,ODP-MGT-FF/05,-7.6488,111.3433,,,2,6,0,0,8,REGIONAL 5,MADIUN,NGAWI,MGT,,,2024-03-16 23:23:51,42502,2016,5,NON TITO,,,JAWA TIMUR,0.75,YELLOW,23486667,AREA 3,JATIM,MADIUN,MADIUN,,,0,0,0,JAWA TIMUR,MAGETAN,MAGETAN,SUKOWINANGUN,NGAWI
387853792,,ODP-MGT-FA/25,-7.645,111.3116,,,6,10,0,0,16,REGIONAL 5,MADIUN,NGAWI,MGT,,,2024-03-16 23:23:05,42502,2016,5,NON TITO,,,JAWA TIMUR,0.625,YELLOW,23486694,AREA 3,JATIM,MADIUN,MADIUN,,,0,0,0,JAWA TIMUR,MAGETAN,MAGETAN,SELOSARI,NGAWI
387853856,,ODP-MGT-FAA/85,-7.6522,111.3365,,,4,12,0,0,16,REGIONAL 5,MADIUN,NGAWI,MGT,,,2024-03-16 23:23:48,42502,2016,5,NON TITO,,,JAWA TIMUR,0.75,YELLOW,23486731,AREA 3,JATIM,MADIUN,MADIUN,,,0,0,0,JAWA TIMUR,MAGETAN,MAGETAN,MANGKUJAYAN,NGAWI
387853868,,ODP-MGT-FAA/34,-7.6542,111.3221,,,5,11,0,0,16,REGIONAL 5,MADIUN,NGAWI,MGT,,,2024-03-16 23:23:46,42502,2016,5,NON TITO,,,JAWA TIMUR,0.6875,YELLOW,23486738,AREA 3,JATIM,MADIUN,MADIUN,,,0,0,0,JAWA TIMUR,MAGETAN,MAGETAN,KEPOLOREJO,NGAWI
387853891,,ODP-MGT-FAA/84,-7.6567,111.3273,,,4,4,0,0,8,REGIONAL 5,MADIUN,NGAWI,MGT,,,2024-03-16 23:23:47,42502,2016,5,NON TITO,,,JAWA TIMUR,0.5,YELLOW,23486749,AREA 3,JATIM,MADIUN,MADIUN,,,0,0,0,JAWA TIMUR,MAGETAN,MAGETAN,MAGETAN,NGAWI
387853893,,ODP-MGT-FAA/40,-7.6552,111.3248,,,6,10,0,0,16,REGIONAL 5,MADIUN,NGAWI,MGT,,,2024-03-16 23:23:55,42502,2016,5,NON TITO,,,JAWA TIMUR,0.625,YELLOW,23486751,AREA 3,JATIM,MADIUN,MADIUN,,,0,0,0,JAWA TIMUR,MAGETAN,MAGETAN,KEPOLOREJO,NGAWI
3196544189,,ODP-WKU-FJ/28,-7.396135,111.337692,,,5,11,0,0,16,REGIONAL 5,MADIUN,NGAWI,WKU,,,2025-06-03 17:42:52,43453,2018,12,NON TITO,,,JAWA TIMUR,0.6875,YELLOW,407350394,AREA 3,JATIM,MADIUN,MADIUN,,,0,0,0,JAWA TIMUR,NGAWI,KEDUNGGALAR,JENGGRIK,NGAWI
11925719175,,ODP-NWI-FH/61,-7.403294,111.39684,,,2,6,0,0,8,REGIONAL 5,MADIUN,NGAWI,NWI,,,2024-11-14 17:29:03,45609,2024,11,NON TITO,,,JAWA TIMUR,0.75,YELLOW,1485895373,AREA 3,JATIM,MADIUN,MADIUN,,,0,0,0,JAWA TIMUR,NGAWI,NGAWI,WATUALANG,NGAWI
399433698,,ODP-NWI-FB/65,-7.473856,111.431041,,,2,6,0,0,8,REGIONAL 5,MADIUN,NGAWI,NWI,,,2024-03-16 23:28:14,42503,2016,5,NON TITO,,,JAWA TIMUR,0.75,YELLOW,23933173,AREA 3,JATIM,MADIUN,MADIUN,,,0,0,0,JAWA TIMUR,NGAWI,PARON,TEMPURAN,NGAWI
3209443755,,ODP-WKU-FJ/53,-7.417627,111.309628,,,7,9,0,0,16,REGIONAL 5,MADIUN,NGAWI,WKU,,,2025-06-03 17:41:37,43456,2018,12,NON TITO,,,JAWA TIMUR,0.5625,YELLOW,407368417,AREA 3,JATIM,MADIUN,MADIUN,,,0,0,0,JAWA TIMUR,NGAWI,KEDUNGGALAR,KEDUNGGALAR,NGAWI
11925719160,,ODP-NWI-FH/60,-7.406586,111.395887,,,4,4,0,0,8,REGIONAL 5,MADIUN,NGAWI,NWI,,,2024-11-14 17:26:38,45609,2024,11,NON TITO,,,JAWA TIMUR,0.5,YELLOW,1485895361,AREA 3,JATIM,MADIUN,MADIUN,,,0,0,0,JAWA TIMUR,NGAWI,NGAWI,WATUALANG,NGAWI
709694260,,ODP-MGT-FAA/41,-7.643065,111.334227,,,8,8,0,0,16,REGIONAL 5,MADIUN,NGAWI,MGT,,,2024-03-16 23:27:11,42545,2016,6,NON TITO,,,JAWA TIMUR,0.5,YELLOW,33633558,AREA 3,JATIM,MADIUN,MADIUN,,,0,0,0,JAWA TIMUR,MAGETAN,MAGETAN,SUKOWINANGUN,NGAWI
5740093855,,ODP-WKU-FB/22,-7.396873,111.222387,,,3,5,0,0,8,REGIONAL 5,MADIUN,NGAWI,WKU,,,2023-08-30 18:09:24,44175,2020,12,NON TITO,,,JAWA TIMUR,0.625,YELLOW,858015073,AREA 3,JATIM,MADIUN,MADIUN,,,0,0,0,JAWA TIMUR,NGAWI,WIDODAREN,WALIKUKUN,NGAWI
709694543,,ODP-MGT-FP/01,-7.667889,111.316481,,,6,10,0,0,16,REGIONAL 5,MADIUN,NGAWI,MGT,,,2024-03-16 23:27:21,42546,2016,6,NON TITO,,,JAWA TIMUR,0.625,YELLOW,33636197,AREA 3,JATIM,MADIUN,MADIUN,,,0,0,0,JAWA TIMUR,MAGETAN,MAGETAN,RINGINAGUNG,NGAWI
770068945,,ODP-MGT-FA/40,-7.651093,111.314465,,,6,10,0,0,16,REGIONAL 5,MADIUN,NGAWI,MGT,,,2024-03-16 23:23:22,42579,2016,7,NON TITO,,,JAWA TIMUR,0.625,YELLOW,34220955,AREA 3,JATIM,MADIUN,MADIUN,,,0,0,0,JAWA TIMUR,MAGETAN,MAGETAN,SELOSARI,NGAWI
767069601,,ODP-GGR-FB/03,-7.758016,111.394491,,,9,7,0,0,16,REGIONAL 5,MADIUN,NGAWI,GGR,,,2024-03-16 23:27:09,42581,2016,7,NON TITO,,,JAWA TIMUR,0.4375,YELLOW,34229311,AREA 3,JATIM,MADIUN,MADIUN,,,0,0,0,JAWA TIMUR,MAGETAN,LEMBEYAN,LEMBEYAN WETAN,NGAWI
773894601,,ODP-MGT-FK/01,-7.65528,111.31401,,,5,11,0,0,16,REGIONAL 5,MADIUN,NGAWI,MGT,,,2024-03-16 23:22:36,42583,2016,8,NON TITO,,,JAWA TIMUR,0.6875,YELLOW,34232247,AREA 3,JATIM,MADIUN,MADIUN,,,0,0,0,JAWA TIMUR,MAGETAN,MAGETAN,CANDIREJO,NGAWI
788295505,,ODP-WKU-F04/01,-7.375357,111.217628,,,4,4,0,0,8,REGIONAL 5,MADIUN,NGAWI,WKU,,,2024-03-16 23:28:21,42592,2016,8,NON TITO,,,JAWA TIMUR,0.5,YELLOW,34271004,AREA 3,JATIM,MADIUN,MADIUN,,,0,0,0,JAWA TIMUR,NGAWI,WIDODAREN,KAUMAN,NGAWI
813268654,,ODP-MGT-FW/27,-7.616387,111.297027,,,7,9,0,0,16,REGIONAL 5,MADIUN,NGAWI,MGT,,,2024-03-16 23:24:42,42598,2016,8,NON TITO,,,JAWA TIMUR,0.5625,YELLOW,34371255,AREA 3,JATIM,MADIUN,MADIUN,,,0,0,0,JAWA TIMUR,MAGETAN,PANEKAN,PANEKAN,NGAWI
819869880,,ODP-MGT-FG/07,-7.630828,111.370518,,,5,11,0,0,16,REGIONAL 5,MADIUN,NGAWI,MGT,,,2024-03-16 23:29:08,42601,2016,8,NON TITO,,,JAWA TIMUR,0.6875,YELLOW,34384419,AREA 3,JATIM,MADIUN,MADIUN,,,0,0,0,JAWA TIMUR,MAGETAN,SUKOMORO,SUKOMORO,NGAWI
4525168667,,ODP-WKU-FJ/35,-7.41213,111.31874,,,8,8,0,0,16,REGIONAL 5,MADIUN,NGAWI,WKU,,,2025-06-04 17:47:17,43861,2020,1,NON TITO,,,JAWA TIMUR,0.5,YELLOW,796770235,AREA 3,JATIM,MADIUN,MADIUN,,,0,0,0,JAWA TIMUR,NGAWI,KEDUNGGALAR,JENGGRIK,NGAWI
829994929,,ODP-GGR-FA/21,-7.682629,111.420262,,,6,10,0,0,16,REGIONAL 5,MADIUN,NGAWI,GGR,,,2024-03-16 23:23:22,42606,2016,8,NON TITO,,,JAWA TIMUR,0.625,YELLOW,34400777,AREA 3,JATIM,MADIUN,MADIUN,,,0,0,0,JAWA TIMUR,MAGETAN,KAWEDANAN,GENENGAN,NGAWI
829995003,,ODP-GGR-FA/22,-7.682293,111.417856,,,4,12,0,0,16,REGIONAL 5,MADIUN,NGAWI,GGR,,,2024-03-16 23:23:03,42606,2016,8,NON TITO,,,JAWA TIMUR,0.75,YELLOW,34400864,AREA 3,JATIM,MADIUN,MADIUN,,,0,0,0,JAWA TIMUR,MAGETAN,KAWEDANAN,GENENGAN,NGAWI
862393544,,ODP-NWI-FA/53,-7.49664,111.41398,,,5,11,0,0,16,REGIONAL 5,MADIUN,NGAWI,NWI,,,2024-03-16 23:25:09,42617,2016,9,NON TITO,,,JAWA TIMUR,0.6875,YELLOW,34445550,AREA 3,JATIM,MADIUN,MADIUN,,,0,0,0,JAWA TIMUR,NGAWI,GENENG,TEPAS,NGAWI
862393551,,ODP-NWI-FA/52,-7.493157,111.414399,,,3,5,0,0,8,REGIONAL 5,MADIUN,NGAWI,NWI,,,2024-03-16 23:25:07,42617,2016,9,NON TITO,,,JAWA TIMUR,0.625,YELLOW,34445559,AREA 3,JATIM,MADIUN,MADIUN,,,0,0,0,JAWA TIMUR,NGAWI,GENENG,TEPAS,NGAWI
4877594500,,ODP-WKU-FJ/30,-7.407578,111.326146,,,8,8,0,0,16,REGIONAL 5,MADIUN,NGAWI,WKU,,,2025-06-04 17:48:42,43951,2020,4,NON TITO,,,JAWA TIMUR,0.5,YELLOW,828467627,AREA 3,JATIM,MADIUN,MADIUN,,,0,0,0,JAWA TIMUR,NGAWI,KEDUNGGALAR,JENGGRIK,NGAWI
5412270702,,ODP-WKU-FJ/26,-7.405164,111.326345,,,2,6,0,0,8,REGIONAL 5,MADIUN,NGAWI,WKU,,,2025-06-04 17:50:18,44094,2020,9,NON TITO,,,JAWA TIMUR,0.75,YELLOW,843351119,AREA 3,JATIM,MADIUN,MADIUN,,,0,0,0,JAWA TIMUR,NGAWI,KEDUNGGALAR,JENGGRIK,NGAWI
819869790,,ODP-MGT-FE/31,-7.628629,111.329827,,,9,7,0,0,16,REGIONAL 5,MADIUN,NGAWI,MGT,,,2024-03-16 23:29:04,42601,2016,8,NON TITO,,,JAWA TIMUR,0.4375,YELLOW,34460955,AREA 3,JATIM,MADIUN,MADIUN,,,0,0,0,JAWA TIMUR,MAGETAN,MAGETAN,TAWANGANOM,NGAWI
869968725,,ODP-GGR-FA/05,-7.695987,111.425542,,,3,5,0,0,8,REGIONAL 5,MADIUN,NGAWI,GGR,,,2024-03-16 23:27:57,42619,2016,9,NON TITO,,,JAWA TIMUR,0.625,YELLOW,34808875,AREA 3,JATIM,MADIUN,MADIUN,,,0,0,0,JAWA TIMUR,MAGETAN,KAWEDANAN,TULUNG,NGAWI
886919019,,ODP-NWI-FJ/16,-7.426776,111.377497,,,4,12,0,0,16,REGIONAL 5,MADIUN,NGAWI,NWI,,,2024-03-16 23:24:18,42621,2016,9,NON TITO,,,JAWA TIMUR,0.75,YELLOW,34910580,AREA 3,JATIM,MADIUN,MADIUN,,,0,0,0,JAWA TIMUR,NGAWI,PARON,GELUNG,NGAWI
895543532,,ODP-MGT-FAA/12,-7.651542,111.321776,,,6,10,0,0,16,REGIONAL 5,MADIUN,NGAWI,MGT,,,2024-03-16 23:27:08,42622,2016,9,NON TITO,,,JAWA TIMUR,0.625,YELLOW,35215563,AREA 3,JATIM,MADIUN,MADIUN,,,0,0,0,JAWA TIMUR,MAGETAN,MAGETAN,TAWANGANOM,NGAWI
911968921,,ODP-NWI-FJ/17,-7.437014,111.384121,,,1,6,0,0,8,REGIONAL 5,MADIUN,NGAWI,NWI,,,2024-03-16 23:23:37,42628,2016,9,NON TITO,,,JAWA TIMUR,0.75,YELLOW,35673950,AREA 3,JATIM,MADIUN,MADIUN,,,0,0,0,JAWA TIMUR,NGAWI,PARON,GELUNG,NGAWI
11869543578,,ODP-NWI-FA/120,-7.474784,111.428935,,,4,4,0,0,8,REGIONAL 5,MADIUN,NGAWI,NWI,,,2024-10-26 17:27:31,45591,2024,10,NON TITO,,,JAWA TIMUR,0.5,YELLOW,1479118162,AREA 3,JATIM,MADIUN,MADIUN,,,0,0,0,JAWA TIMUR,NGAWI,GENENG,GENENG,NGAWI
970859737,,ODP-MGT-FG/08,-7.629283,111.372766,,,7,9,0,0,16,REGIONAL 5,MADIUN,NGAWI,MGT,,,2024-03-16 23:24:46,42651,2016,10,NON TITO,,,JAWA TIMUR,0.5625,YELLOW,36106196,AREA 3,JATIM,MADIUN,MADIUN,,,0,0,0,JAWA TIMUR,MAGETAN,SUKOMORO,SUKOMORO,NGAWI
11833919931,,ODP-KRJ-FB/42,-7.512245,111.575716,,,3,5,0,0,8,REGIONAL 5,MADIUN,NGAWI,KRJ,,,2024-10-21 17:10:06,45585,2024,10,NON TITO,,,JAWA TIMUR,0.625,YELLOW,1466520294,AREA 3,JATIM,MADIUN,MADIUN,,,0,0,0,JAWA TIMUR,NGAWI,PANGKUR,BABADAN,NGAWI
970860352,,ODP-MGT-FG/09,-7.631005,111.370199,,,4,12,0,0,16,REGIONAL 5,MADIUN,NGAWI,MGT,,,2024-03-16 23:24:54,42651,2016,10,NON TITO,,,JAWA TIMUR,0.75,YELLOW,36106275,AREA 3,JATIM,MADIUN,MADIUN,,,0,0,0,JAWA TIMUR,MAGETAN,SUKOMORO,SUKOMORO,NGAWI
5431770016,,ODP-MGT-FAD/20,-7.646906,111.282875,,,7,9,0,0,16,REGIONAL 5,MADIUN,NGAWI,MGT,,,2023-08-30 17:58:36,44101,2020,9,NON TITO,,,JAWA TIMUR,0.5625,YELLOW,843833263,AREA 3,JATIM,MADIUN,MADIUN,,,0,0,0,JAWA TIMUR,MAGETAN,SIDOREJO,WIDOROKANDANG,NGAWI
11868719360,,ODP-NWI-FN/20,-7.553962,111.361005,,,4,4,0,0,8,REGIONAL 5,MADIUN,NGAWI,NWI,,,2024-11-01 07:18:26,45596,2024,10,NON TITO,,,JAWA TIMUR,0.5,YELLOW,1479148125,AREA 3,JATIM,MADIUN,MADIUN,,,0,0,0,JAWA TIMUR,NGAWI,GERIH,RANDUSONGO,NGAWI
2507968650,,ODP-WKU-FJ/48,-7.41835,111.308374,,,6,10,0,0,16,REGIONAL 5,MADIUN,NGAWI,WKU,,,2025-06-04 17:46:57,43234,2018,5,NON TITO,,,JAWA TIMUR,0.625,YELLOW,354200291,AREA 3,JATIM,MADIUN,MADIUN,,,0,0,0,JAWA TIMUR,NGAWI,KEDUNGGALAR,KEDUNGGALAR,NGAWI
787769870,,ODP-MGT-FF/07,-7.644783,111.35012,,,9,7,0,0,16,REGIONAL 5,MADIUN,NGAWI,MGT,,,2024-03-16 23:28:07,42591,2016,8,NON TITO,,,JAWA TIMUR,0.4375,YELLOW,34113703,AREA 3,JATIM,MADIUN,MADIUN,,,0,0,0,JAWA TIMUR,MAGETAN,MAGETAN,PURWOSARI,NGAWI
786119652,,ODP-NWI-FF/30,-7.40681,111.440137,,,5,11,0,0,16,REGIONAL 5,MADIUN,NGAWI,NWI,,,2024-03-16 23:24:47,42588,2016,8,NON TITO,,,JAWA TIMUR,0.6875,YELLOW,34107446,AREA 3,JATIM,MADIUN,MADIUN,,,0,0,0,JAWA TIMUR,NGAWI,NGAWI,MARGOMULYO,NGAWI
682394652,,ODP-MGT-FB/47,-7.616627,111.353,,,4,4,0,0,8,REGIONAL 5,MADIUN,NGAWI,MGT,,,2024-03-16 23:22:58,42537,2016,6,NON TITO,,,JAWA TIMUR,0.5,YELLOW,33670523,AREA 3,JATIM,MADIUN,MADIUN,,,0,0,0,JAWA TIMUR,MAGETAN,SUKOMORO,KENTANGAN,NGAWI
705119162,,ODP-NWI-FC/55,-7.420791,111.4642,,,2,6,0,0,8,REGIONAL 5,MADIUN,NGAWI,NWI,,,2024-03-16 23:21:43,42543,2016,6,NON TITO,,,JAWA TIMUR,0.75,YELLOW,33697521,AREA 3,JATIM,MADIUN,MADIUN,,,0,0,0,JAWA TIMUR,NGAWI,NGAWI,KARTOHARJO,NGAWI
705119338,,ODP-GGR-FA/16,-7.682512,111.419128,,,4,12,0,0,16,REGIONAL 5,MADIUN,NGAWI,GGR,,,2024-03-16 23:22:20,42543,2016,6,NON TITO,,,JAWA TIMUR,0.75,YELLOW,33698040,AREA 3,JATIM,MADIUN,MADIUN,,,0,0,0,JAWA TIMUR,MAGETAN,KAWEDANAN,GENENGAN,NGAWI
718620981,,ODP-MGT-FB/48,-7.611977,111.355029,,,3,5,0,0,8,REGIONAL 5,MADIUN,NGAWI,MGT,,,2024-03-16 23:24:19,42550,2016,6,NON TITO,,,JAWA TIMUR,0.625,YELLOW,33724799,AREA 3,JATIM,MADIUN,MADIUN,,,0,0,0,JAWA TIMUR,MAGETAN,SUKOMORO,BOGEM,NGAWI
727694678,,ODP-NWI-FF/29,-7.406977,111.443779,,,4,4,0,0,8,REGIONAL 5,MADIUN,NGAWI,NWI,,,2024-03-16 23:24:37,42552,2016,7,NON TITO,,,JAWA TIMUR,0.5,YELLOW,33735097,AREA 3,JATIM,MADIUN,MADIUN,,,0,0,0,JAWA TIMUR,NGAWI,NGAWI,MARGOMULYO,NGAWI
727694685,,ODP-NWI-FF/28,-7.405701,111.444027,,,6,10,0,0,16,REGIONAL 5,MADIUN,NGAWI,NWI,,,2024-03-16 23:24:10,42552,2016,7,NON TITO,,,JAWA TIMUR,0.625,YELLOW,33735117,AREA 3,JATIM,MADIUN,MADIUN,,,0,0,0,JAWA TIMUR,NGAWI,NGAWI,MARGOMULYO,NGAWI
727694692,,ODP-NWI-FF/27,-7.405407,111.442731,,,2,6,0,0,8,REGIONAL 5,MADIUN,NGAWI,NWI,,,2024-03-16 23:24:23,42552,2016,7,NON TITO,,,JAWA TIMUR,0.75,YELLOW,33735131,AREA 3,JATIM,MADIUN,MADIUN,,,0,0,0,JAWA TIMUR,NGAWI,NGAWI,MARGOMULYO,NGAWI
727694711,,ODP-NWI-FF/26,-7.405134,111.441406,,,7,9,0,0,16,REGIONAL 5,MADIUN,NGAWI,NWI,,,2024-03-16 23:24:47,42552,2016,7,NON TITO,,,JAWA TIMUR,0.5625,YELLOW,33735265,AREA 3,JATIM,MADIUN,MADIUN,,,0,0,0,JAWA TIMUR,NGAWI,NGAWI,MARGOMULYO,NGAWI
11888219495,,ODP-NWI-FE/172,-7.42334,111.43674,,,3,5,0,0,8,REGIONAL 5,MADIUN,NGAWI,NWI,,,2024-11-01 07:18:33,45596,2024,10,NON TITO,,,JAWA TIMUR,0.625,YELLOW,1485642743,AREA 3,JATIM,MADIUN,MADIUN,,,0,0,0,JAWA TIMUR,NGAWI,NGAWI,BERAN,NGAWI
5743093597,,ODP-NWI-FE/144,-7.408879,111.438045,,,4,4,0,0,8,REGIONAL 5,MADIUN,NGAWI,NWI,,,2023-08-30 18:09:16,44173,2020,12,NON TITO,,,JAWA TIMUR,0.5,YELLOW,857980341,AREA 3,JATIM,MADIUN,MADIUN,,,0,0,0,JAWA TIMUR,NGAWI,NGAWI,MARGOMULYO,NGAWI
454843938,,ODP-WKU-FJ/38,-7.38422,111.313831,,,2,6,0,0,8,REGIONAL 5,MADIUN,NGAWI,WKU,,,2025-06-04 17:44:39,42513,2016,5,NON TITO,,,JAWA TIMUR,0.75,YELLOW,31255462,AREA 3,JATIM,MADIUN,MADIUN,,,0,0,0,JAWA TIMUR,NGAWI,PITU,BANJARBANGGI,NGAWI
387853253,,ODP-GGR-FC/11,-7.6775,111.4859,,,3,5,0,0,8,REGIONAL 5,MADIUN,NGAWI,GGR,,,2024-03-16 23:23:43,42502,2016,5,NON TITO,,,JAWA TIMUR,0.625,YELLOW,23486387,AREA 3,JATIM,MADIUN,MADIUN,,,0,0,0,JAWA TIMUR,MAGETAN,TAKERAN,JOMBLANG,NGAWI
736168703,,ODP-NWI-FK/02,-7.333813,111.508449,,,5,11,0,0,16,REGIONAL 5,MADIUN,NGAWI,NWI,,,2024-03-16 23:22:57,42569,2016,7,NON TITO,,,JAWA TIMUR,0.6875,YELLOW,33764125,AREA 3,JATIM,MADIUN,MADIUN,,,0,0,0,JAWA TIMUR,BOJONEGORO,MARGOMULYO,SUMBEREJO,NGAWI
11868719310,,ODP-NWI-FN/34,-7.520914,111.372377,,,4,4,0,0,8,REGIONAL 5,MADIUN,NGAWI,NWI,,,2024-11-01 07:18:14,45596,2024,10,NON TITO,,,JAWA TIMUR,0.5,YELLOW,1479148066,AREA 3,JATIM,MADIUN,MADIUN,,,0,0,0,JAWA TIMUR,NGAWI,GERIH,GUYUNG,NGAWI
1969694518,,ODP-WKU-FJ/65,-7.395575,111.330255,,,9,7,0,0,16,REGIONAL 5,MADIUN,NGAWI,WKU,,,2025-06-04 17:46:54,43049,2017,11,NON TITO,,,JAWA TIMUR,0.4375,YELLOW,255429961,AREA 3,JATIM,MADIUN,MADIUN,,,0,0,0,JAWA TIMUR,NGAWI,KEDUNGGALAR,JENGGRIK,NGAWI
736168772,,ODP-NWI-FK/06,-7.359121,111.4973,,,2,6,0,0,8,REGIONAL 5,MADIUN,NGAWI,NWI,,,2024-03-16 23:22:57,42569,2016,7,NON TITO,,,JAWA TIMUR,0.75,YELLOW,33764246,AREA 3,JATIM,MADIUN,MADIUN,,,0,0,0,JAWA TIMUR,BOJONEGORO,MARGOMULYO,MARGOMULYO,NGAWI
1969694615,,ODP-WKU-FJ/27,-7.396683,111.336186,,,3,4,0,0,8,REGIONAL 5,MADIUN,NGAWI,WKU,,,2025-06-04 17:46:16,43049,2017,11,NON TITO,,,JAWA TIMUR,0.5,YELLOW,255462337,AREA 3,JATIM,MADIUN,MADIUN,,,0,0,0,JAWA TIMUR,NGAWI,KEDUNGGALAR,JENGGRIK,NGAWI
2507968555,,ODP-WKU-FJ/45,-7.416199,111.30549,,,5,11,0,0,16,REGIONAL 5,MADIUN,NGAWI,WKU,,,2025-06-04 17:46:34,43234,2018,5,NON TITO,,,JAWA TIMUR,0.6875,YELLOW,353784879,AREA 3,JATIM,MADIUN,MADIUN,,,0,0,0,JAWA TIMUR,NGAWI,KEDUNGGALAR,KEDUNGGALAR,NGAWI
739468530,,ODP-NWI-FL/01,-7.388114,111.466195,,,7,9,0,0,16,REGIONAL 5,MADIUN,NGAWI,NWI,,,2024-03-16 23:28:38,42569,2016,7,NON TITO,,,JAWA TIMUR,0.5625,YELLOW,33836044,AREA 3,JATIM,MADIUN,MADIUN,,,0,0,0,JAWA TIMUR,NGAWI,NGAWI,NGAWI,NGAWI
2507968585,,ODP-WKU-FJ/44,-7.417439,111.309932,,,7,9,0,0,16,REGIONAL 5,MADIUN,NGAWI,WKU,,,2025-06-04 17:47:01,43234,2018,5,NON TITO,,,JAWA TIMUR,0.5625,YELLOW,353784888,AREA 3,JATIM,MADIUN,MADIUN,,,0,0,0,JAWA TIMUR,NGAWI,KEDUNGGALAR,KEDUNGGALAR,NGAWI
5743093587,,ODP-NWI-FE/143,-7.412578,111.448306,,,4,4,0,0,8,REGIONAL 5,MADIUN,NGAWI,NWI,,,2023-08-30 18:05:41,44173,2020,12,NON TITO,,,JAWA TIMUR,0.5,YELLOW,857980333,AREA 3,JATIM,MADIUN,MADIUN,,,0,0,0,JAWA TIMUR,NGAWI,NGAWI,MARGOMULYO,NGAWI
739468546,,ODP-NWI-FL/03,-7.389779,111.461987,,,2,6,0,0,8,REGIONAL 5,MADIUN,NGAWI,NWI,,,2024-03-16 23:27:56,42569,2016,7,NON TITO,,,JAWA TIMUR,0.75,YELLOW,33836107,AREA 3,JATIM,MADIUN,MADIUN,,,0,0,0,JAWA TIMUR,NGAWI,NGAWI,NGAWI,NGAWI
745543529,,ODP-NWI-F04/05,-7.411404,111.447393,,,7,9,0,0,16,REGIONAL 5,MADIUN,NGAWI,NWI,,,2024-03-16 23:24:14,42572,2016,7,NON TITO,,,JAWA TIMUR,0.5625,YELLOW,33893914,AREA 3,JATIM,MADIUN,MADIUN,,,0,0,0,JAWA TIMUR,NGAWI,NGAWI,MARGOMULYO,NGAWI
769918699,,ODP-NWI-FD/63,-7.399973,111.434444,,,8,8,0,0,16,REGIONAL 5,MADIUN,NGAWI,NWI,,,2024-03-16 23:27:13,42579,2016,7,NON TITO,,,JAWA TIMUR,0.5,YELLOW,34069991,AREA 3,JATIM,MADIUN,MADIUN,,,0,0,0,JAWA TIMUR,NGAWI,NGAWI,GRUDO,NGAWI
736168733,,ODP-NWI-FK/04,-7.356677,111.501854,,,2,6,0,0,8,REGIONAL 5,MADIUN,NGAWI,NWI,,,2024-03-16 23:22:48,42569,2016,7,NON TITO,,,JAWA TIMUR,0.75,YELLOW,33764174,AREA 3,JATIM,MADIUN,MADIUN,,,0,0,0,JAWA TIMUR,BOJONEGORO,MARGOMULYO,MARGOMULYO,NGAWI
5435444142,,ODP-MGT-FP/34,-7.66436,111.312542,,,2,6,0,0,8,REGIONAL 5,MADIUN,NGAWI,MGT,,,2023-08-30 18:01:41,44100,2020,9,NON TITO,,,JAWA TIMUR,0.75,YELLOW,843830991,AREA 3,JATIM,MADIUN,MADIUN,,,0,0,0,JAWA TIMUR,MAGETAN,MAGETAN,RINGINAGUNG,NGAWI
387853252,,ODP-WKU-FB/04,-7.3969,111.2224,,,8,8,0,0,16,REGIONAL 5,MADIUN,NGAWI,WKU,,,2024-03-16 23:23:47,42502,2016,5,NON TITO,,,JAWA TIMUR,0.5,YELLOW,23486386,AREA 3,JATIM,MADIUN,MADIUN,,,0,0,0,JAWA TIMUR,NGAWI,WIDODAREN,WALIKUKUN,NGAWI
11980693557,,ODP-MGT-FW/61,-7.620975,111.286844,,,2,6,0,0,8,REGIONAL 5,MADIUN,NGAWI,MGT,,,2024-11-23 17:32:09,45618,2024,11,NON TITO,,,JAWA TIMUR,0.75,YELLOW,1494862042,AREA 3,JATIM,MADIUN,MADIUN,,,0,0,0,JAWA TIMUR,MAGETAN,PANEKAN,MANJUNG,NGAWI
387848737,,ODP-SAR-FA/20,-7.6761,111.2211,,,7,9,0,0,16,REGIONAL 5,MADIUN,NGAWI,SAR,,,2024-03-16 23:21:25,42502,2016,5,NON TITO,,,JAWA TIMUR,0.5625,YELLOW,23483778,AREA 3,JATIM,MADIUN,MADIUN,,,0,0,0,JAWA TIMUR,MAGETAN,PLAOSAN,SARANGAN,NGAWI
387848864,,ODP-MGT-FAA/31,-7.6546,111.3324,,,8,8,0,0,16,REGIONAL 5,MADIUN,NGAWI,MGT,,,2024-03-16 23:22:34,42502,2016,5,NON TITO,,,JAWA TIMUR,0.5,YELLOW,23483855,AREA 3,JATIM,MADIUN,MADIUN,,,0,0,0,JAWA TIMUR,MAGETAN,MAGETAN,MANGKUJAYAN,NGAWI
387848865,,ODP-MGT-FAA/29,-7.6526,111.3365,,,2,5,0,0,8,REGIONAL 5,MADIUN,NGAWI,MGT,,,2024-03-16 23:22:35,42502,2016,5,NON TITO,,,JAWA TIMUR,0.625,YELLOW,23483856,AREA 3,JATIM,MADIUN,MADIUN,,,0,0,0,JAWA TIMUR,MAGETAN,MAGETAN,MANGKUJAYAN,NGAWI
387777548,,ODP-NWI-FC/03,-7.4025,111.4645,,,2,6,0,0,8,REGIONAL 5,MADIUN,NGAWI,NWI,,,2024-03-16 23:28:37,42502,2016,5,NON TITO,,,JAWA TIMUR,0.75,YELLOW,23416179,AREA 3,JATIM,MADIUN,MADIUN,,,0,0,0,JAWA TIMUR,NGAWI,NGAWI,KARANGASRI,NGAWI
387849397,,ODP-MGT-FAA/02,-7.654,111.3278,,,4,10,0,0,16,REGIONAL 5,MADIUN,NGAWI,MGT,,,2024-03-16 23:22:42,42502,2016,5,NON TITO,,,JAWA TIMUR,0.625,YELLOW,23484181,AREA 3,JATIM,MADIUN,MADIUN,,,0,0,0,JAWA TIMUR,MAGETAN,MAGETAN,KEPOLOREJO,NGAWI
387850097,,ODP-MGT-FE/04,-7.6315,111.3242,,,3,5,0,0,8,REGIONAL 5,MADIUN,NGAWI,MGT,,,2024-03-16 23:22:58,42502,2016,5,NON TITO,,,JAWA TIMUR,0.625,YELLOW,23484580,AREA 3,JATIM,MADIUN,MADIUN,,,0,0,0,JAWA TIMUR,MAGETAN,MAGETAN,TAWANGANOM,NGAWI
387850161,,ODP-MGT-FE/02,-7.6314,111.3228,,,4,4,0,0,8,REGIONAL 5,MADIUN,NGAWI,MGT,,,2024-03-16 23:22:48,42502,2016,5,NON TITO,,,JAWA TIMUR,0.5,YELLOW,23484618,AREA 3,JATIM,MADIUN,MADIUN,,,0,0,0,JAWA TIMUR,MAGETAN,MAGETAN,TAWANGANOM,NGAWI
387850265,,ODP-MGT-FE/27,-7.633,111.3236,,,4,11,0,0,16,REGIONAL 5,MADIUN,NGAWI,MGT,,,2024-03-16 23:22:58,42502,2016,5,NON TITO,,,JAWA TIMUR,0.6875,YELLOW,23484672,AREA 3,JATIM,MADIUN,MADIUN,,,0,0,0,JAWA TIMUR,MAGETAN,MAGETAN,TAWANGANOM,NGAWI
387850269,,ODP-MGT-FB/16,-7.6302,111.3338,,,8,8,0,0,16,REGIONAL 5,MADIUN,NGAWI,MGT,,,2024-03-16 23:22:42,42502,2016,5,NON TITO,,,JAWA TIMUR,0.5,YELLOW,23484676,AREA 3,JATIM,MADIUN,MADIUN,,,0,0,0,JAWA TIMUR,MAGETAN,PANEKAN,MILANGASRI,NGAWI
387850379,,ODP-MGT-FE/22,-7.6331,111.3237,,,4,4,0,0,8,REGIONAL 5,MADIUN,NGAWI,MGT,,,2024-03-16 23:22:58,42502,2016,5,NON TITO,,,JAWA TIMUR,0.5,YELLOW,23484738,AREA 3,JATIM,MADIUN,MADIUN,,,0,0,0,JAWA TIMUR,MAGETAN,MAGETAN,TAWANGANOM,NGAWI
387774638,,ODP-NWI-FC/04,-7.4025,111.4632,,,3,5,0,0,8,REGIONAL 5,MADIUN,NGAWI,NWI,,,2024-03-16 23:28:23,42502,2016,5,NON TITO,,,JAWA TIMUR,0.625,YELLOW,23413304,AREA 3,JATIM,MADIUN,MADIUN,,,0,0,0,JAWA TIMUR,NGAWI,NGAWI,KARANGASRI,NGAWI
387850394,,ODP-MGT-FE/16,-7.6328,111.3243,,,2,6,0,0,8,REGIONAL 5,MADIUN,NGAWI,MGT,,,2024-03-16 23:21:03,42502,2016,5,NON TITO,,,JAWA TIMUR,0.75,YELLOW,23484747,AREA 3,JATIM,MADIUN,MADIUN,,,0,0,0,JAWA TIMUR,MAGETAN,MAGETAN,TAWANGANOM,NGAWI
387756002,,ODP-MGT-FA/09,-7.6467,111.32,,,7,8,0,0,16,REGIONAL 5,MADIUN,NGAWI,MGT,,,2024-03-16 23:23:55,42502,2016,5,NON TITO,,,JAWA TIMUR,0.5,YELLOW,23394900,AREA 3,JATIM,MADIUN,MADIUN,,,0,0,0,JAWA TIMUR,MAGETAN,MAGETAN,TAWANGANOM,NGAWI
387850901,,ODP-MGT-FB/12,-7.6306,111.3348,,,4,4,0,0,8,REGIONAL 5,MADIUN,NGAWI,MGT,,,2024-03-16 23:22:57,42502,2016,5,NON TITO,,,JAWA TIMUR,0.5,YELLOW,23485033,AREA 3,JATIM,MADIUN,MADIUN,,,0,0,0,JAWA TIMUR,MAGETAN,PANEKAN,MILANGASRI,NGAWI
387851148,,ODP-MGT-FB/40,-7.6309,111.3331,,,4,4,0,0,8,REGIONAL 5,MADIUN,NGAWI,MGT,,,2024-03-16 23:23:01,42502,2016,5,NON TITO,,,JAWA TIMUR,0.5,YELLOW,23485170,AREA 3,JATIM,MADIUN,MADIUN,,,0,0,0,JAWA TIMUR,MAGETAN,PANEKAN,MILANGASRI,NGAWI
387755483,,ODP-NWI-FA/02,-7.4854,111.4351,,,8,7,0,0,16,REGIONAL 5,MADIUN,NGAWI,NWI,,,2024-03-16 23:23:47,42502,2016,5,NON TITO,,,JAWA TIMUR,0.4375,YELLOW,23394392,AREA 3,JATIM,MADIUN,MADIUN,,,0,0,0,JAWA TIMUR,NGAWI,GENENG,SIDOREJO,NGAWI
11382343846,,ODP-JGO-FB/93,-7.549181,111.309427,,,4,4,0,0,8,REGIONAL 5,MADIUN,NGAWI,JGO,,,2024-02-29 18:09:13,45351,2024,2,NON TITO,,,JAWA TIMUR,0.5,YELLOW,1414035835,AREA 3,JATIM,MADIUN,MADIUN,,,0,0,0,JAWA TIMUR,NGAWI,KENDAL,KENDAL,NGAWI
387851226,,ODP-NWI-FQ/14,-7.395612,111.451427,,,4,12,0,0,16,REGIONAL 5,MADIUN,NGAWI,NWI,,,2024-03-16 23:23:01,42502,2016,5,NON TITO,,,JAWA TIMUR,0.75,YELLOW,23485216,AREA 3,JATIM,MADIUN,MADIUN,,,0,0,0,JAWA TIMUR,NGAWI,NGAWI,PELEM,NGAWI
387851306,,ODP-NWI-FQ/12,-7.394585,111.450235,,,7,9,0,0,16,REGIONAL 5,MADIUN,NGAWI,NWI,,,2024-03-16 23:23:04,42502,2016,5,NON TITO,,,JAWA TIMUR,0.5625,YELLOW,23485259,AREA 3,JATIM,MADIUN,MADIUN,,,0,0,0,JAWA TIMUR,NGAWI,NGAWI,PELEM,NGAWI
387851406,,ODP-NWI-FE/81,-7.4238,111.4347,,,4,12,0,0,16,REGIONAL 5,MADIUN,NGAWI,NWI,,,2024-03-16 23:23:10,42502,2016,5,NON TITO,,,JAWA TIMUR,0.75,YELLOW,23485322,AREA 3,JATIM,MADIUN,MADIUN,,,0,0,0,JAWA TIMUR,NGAWI,NGAWI,BERAN,NGAWI
9364769253,,ODP-MGT-FX/20,-7.65214,111.354702,,,3,5,0,0,8,REGIONAL 5,MADIUN,NGAWI,MGT,,,2023-08-30 18:00:54,44838,2022,10,NON TITO,,,JAWA TIMUR,0.625,YELLOW,1230078603,AREA 3,JATIM,MADIUN,MADIUN,,,0,0,0,JAWA TIMUR,MAGETAN,MAGETAN,TAMBAKREJO,NGAWI
387851544,,ODP-NWI-FG/31,-7.392541,111.44281,,,4,11,0,0,16,REGIONAL 5,MADIUN,NGAWI,NWI,,,2024-03-16 23:23:04,42502,2016,5,NON TITO,,,JAWA TIMUR,0.6875,YELLOW,23485398,AREA 3,JATIM,MADIUN,MADIUN,,,0,0,0,JAWA TIMUR,NGAWI,NGAWI,KARANGTENGAH,NGAWI
387851568,,ODP-NWI-FE/83,-7.4224,111.4413,,,9,7,0,0,16,REGIONAL 5,MADIUN,NGAWI,NWI,,,2024-03-16 23:23:03,42502,2016,5,NON TITO,,,JAWA TIMUR,0.4375,YELLOW,23485411,AREA 3,JATIM,MADIUN,MADIUN,,,0,0,0,JAWA TIMUR,NGAWI,NGAWI,BERAN,NGAWI
387848687,,ODP-MGT-FAA/25,-7.6524,111.3303,,,8,8,0,0,16,REGIONAL 5,MADIUN,NGAWI,MGT,,,2024-03-16 23:22:41,42502,2016,5,NON TITO,,,JAWA TIMUR,0.5,YELLOW,23483752,AREA 3,JATIM,MADIUN,MADIUN,,,0,0,0,JAWA TIMUR,MAGETAN,MAGETAN,KEBONAGUNG,NGAWI
12152668611,,ODP-NWI-FB/133,-7.479368,111.411652,,,4,4,0,0,8,REGIONAL 5,MADIUN,NGAWI,NWI,,,2025-05-06 17:51:15,45782,2025,5,NON TITO,,,JAWA TIMUR,0.5,YELLOW,1497663009,AREA 3,JATIM,MADIUN,MADIUN,,,0,0,0,JAWA TIMUR,NGAWI,GENENG,GENENG,NGAWI
387848570,,ODP-SAR-FA/04,-7.6733,111.2218,,,5,10,0,0,16,REGIONAL 5,MADIUN,NGAWI,SAR,,,2024-03-16 23:22:25,42502,2016,5,NON TITO,,,JAWA TIMUR,0.625,YELLOW,23483688,AREA 3,JATIM,MADIUN,MADIUN,,,0,0,0,JAWA TIMUR,MAGETAN,PLAOSAN,SARANGAN,NGAWI
387848162,,ODP-SAR-FA/12,-7.6749,111.2213,,,4,12,0,0,16,REGIONAL 5,MADIUN,NGAWI,SAR,,,2024-03-16 23:22:24,42502,2016,5,NON TITO,,,JAWA TIMUR,0.75,YELLOW,23483452,AREA 3,JATIM,MADIUN,MADIUN,,,0,0,0,JAWA TIMUR,MAGETAN,PLAOSAN,SARANGAN,NGAWI
387846887,,ODP-MGT-FD/24,-7.6351,111.3263,,,1,6,0,0,8,REGIONAL 5,MADIUN,NGAWI,MGT,,,2024-03-16 23:21:54,42502,2016,5,NON TITO,,,JAWA TIMUR,0.75,YELLOW,23482705,AREA 3,JATIM,MADIUN,MADIUN,,,0,0,0,JAWA TIMUR,MAGETAN,MAGETAN,TAWANGANOM,NGAWI
387847045,,ODP-MGT-FC/04,-7.633,111.3604,,,4,4,0,0,8,REGIONAL 5,MADIUN,NGAWI,MGT,,,2024-03-16 23:22:16,42502,2016,5,NON TITO,,,JAWA TIMUR,0.5,YELLOW,23482792,AREA 3,JATIM,MADIUN,MADIUN,,,0,0,0,JAWA TIMUR,MAGETAN,MAGETAN,PURWOSARI,NGAWI
387847075,,ODP-NWI-FF/13,-7.4016,111.4437,,,7,9,0,0,16,REGIONAL 5,MADIUN,NGAWI,NWI,,,2024-03-16 23:21:43,42502,2016,5,NON TITO,,,JAWA TIMUR,0.5625,YELLOW,23482807,AREA 3,JATIM,MADIUN,MADIUN,,,0,0,0,JAWA TIMUR,NGAWI,NGAWI,KETANGGI,NGAWI
12014894563,,ODP-SAR-FA/63,-7.664435,111.192746,,,2,6,0,0,8,REGIONAL 5,MADIUN,NGAWI,SAR,,,2025-01-07 17:34:23,45663,2025,1,NON TITO,,,JAWA TIMUR,0.75,YELLOW,1495686440,AREA 3,JATIM,MADIUN,MADIUN,,,0,0,0,JAWA TIMUR,MAGETAN,PLAOSAN,NGANCAR,NGAWI
387847114,,ODP-NWI-FF/16,-7.4053,111.4405,,,1,6,0,0,8,REGIONAL 5,MADIUN,NGAWI,NWI,,,2024-03-16 23:21:49,42502,2016,5,NON TITO,,,JAWA TIMUR,0.75,YELLOW,23482837,AREA 3,JATIM,MADIUN,MADIUN,,,0,0,0,JAWA TIMUR,NGAWI,NGAWI,MARGOMULYO,NGAWI
387778963,,ODP-NWI-FC/07,-7.402,111.4633,,,3,5,0,0,8,REGIONAL 5,MADIUN,NGAWI,NWI,,,2024-03-16 23:29:04,42502,2016,5,NON TITO,,,JAWA TIMUR,0.625,YELLOW,23417351,AREA 3,JATIM,MADIUN,MADIUN,,,0,0,0,JAWA TIMUR,NGAWI,NGAWI,KARANGASRI,NGAWI
387847137,,ODP-MGT-FC/15,-7.6339,111.36,,,2,6,0,0,8,REGIONAL 5,MADIUN,NGAWI,MGT,,,2024-03-16 23:22:19,42502,2016,5,NON TITO,,,JAWA TIMUR,0.75,YELLOW,23482851,AREA 3,JATIM,MADIUN,MADIUN,,,0,0,0,JAWA TIMUR,MAGETAN,MAGETAN,PURWOSARI,NGAWI
387847203,,ODP-MGT-FC/05,-7.6333,111.3602,,,5,11,0,0,16,REGIONAL 5,MADIUN,NGAWI,MGT,,,2024-03-16 23:22:21,42502,2016,5,NON TITO,,,JAWA TIMUR,0.6875,YELLOW,23482888,AREA 3,JATIM,MADIUN,MADIUN,,,0,0,0,JAWA TIMUR,MAGETAN,MAGETAN,PURWOSARI,NGAWI
387847215,,ODP-MGT-FD/19,-7.6356,111.3272,,,4,4,0,0,8,REGIONAL 5,MADIUN,NGAWI,MGT,,,2024-03-16 23:22:21,42502,2016,5,NON TITO,,,JAWA TIMUR,0.5,YELLOW,23482897,AREA 3,JATIM,MADIUN,MADIUN,,,0,0,0,JAWA TIMUR,MAGETAN,MAGETAN,TAWANGANOM,NGAWI
387847281,,ODP-MGT-FD/39,-7.6358,111.3264,,,6,10,0,0,16,REGIONAL 5,MADIUN,NGAWI,MGT,,,2024-03-16 23:22:05,42502,2016,5,NON TITO,,,JAWA TIMUR,0.625,YELLOW,23482932,AREA 3,JATIM,MADIUN,MADIUN,,,0,0,0,JAWA TIMUR,MAGETAN,MAGETAN,TAWANGANOM,NGAWI
387847283,,ODP-MGT-FC/17,-7.634206,111.35991,,,4,4,0,0,8,REGIONAL 5,MADIUN,NGAWI,MGT,,,2024-03-16 23:21:20,42502,2016,5,NON TITO,,,JAWA TIMUR,0.5,YELLOW,23482934,AREA 3,JATIM,MADIUN,MADIUN,,,0,0,0,JAWA TIMUR,MAGETAN,MAGETAN,PURWOSARI,NGAWI
12020226229,,ODP-WKU-FD/61,-7.380515,111.117762,,,4,4,0,0,8,REGIONAL 5,MADIUN,NGAWI,WKU,,,2025-01-07 17:33:07,45663,2025,1,NON TITO,,,JAWA TIMUR,0.5,YELLOW,1495683655,AREA 3,JATIM,MADIUN,MADIUN,,,0,0,0,JAWA TENGAH,SRAGEN,SAMBUNG MACAN,BANYUURIP,NGAWI
387778737,,ODP-NWI-FD/05,-7.4037,111.4232,,,5,11,0,0,16,REGIONAL 5,MADIUN,NGAWI,NWI,,,2024-03-16 23:29:02,42502,2016,5,NON TITO,,,JAWA TIMUR,0.6875,YELLOW,23417166,AREA 3,JATIM,MADIUN,MADIUN,,,0,0,0,JAWA TIMUR,NGAWI,NGAWI,GRUDO,NGAWI
387847363,,ODP-MGT-FG/22,-7.638361,111.375917,,,3,5,0,0,8,REGIONAL 5,MADIUN,NGAWI,MGT,,,2024-03-16 23:22:00,42502,2016,5,NON TITO,,,JAWA TIMUR,0.625,YELLOW,23482984,AREA 3,JATIM,MADIUN,MADIUN,,,0,0,0,JAWA TIMUR,MAGETAN,SUKOMORO,SUKOMORO,NGAWI
387847422,,ODP-MGT-FD/25,-7.6356,111.3266,,,3,5,0,0,8,REGIONAL 5,MADIUN,NGAWI,MGT,,,2024-03-16 23:22:21,42502,2016,5,NON TITO,,,JAWA TIMUR,0.625,YELLOW,23483017,AREA 3,JATIM,MADIUN,MADIUN,,,0,0,0,JAWA TIMUR,MAGETAN,MAGETAN,TAWANGANOM,NGAWI
12014894521,,ODP-WKU-FF/46,-7.369872,111.168404,,,2,6,0,0,8,REGIONAL 5,MADIUN,NGAWI,WKU,,,2025-01-01 17:28:11,45657,2024,12,NON TITO,,,JAWA TIMUR,0.75,YELLOW,1495661948,AREA 3,JATIM,MADIUN,MADIUN,,,0,0,0,JAWA TIMUR,NGAWI,MANTINGAN,SAMBIREJO,NGAWI
387847565,,ODP-SAR-FA/07,-7.6764,111.2245,,,9,7,0,0,16,REGIONAL 5,MADIUN,NGAWI,SAR,,,2024-03-16 23:22:18,42502,2016,5,NON TITO,,,JAWA TIMUR,0.4375,YELLOW,23483103,AREA 3,JATIM,MADIUN,MADIUN,,,0,0,0,JAWA TIMUR,MAGETAN,PLAOSAN,SARANGAN,NGAWI
387847687,,ODP-MGT-FC/07,-7.634,111.3593,,,2,6,0,0,8,REGIONAL 5,MADIUN,NGAWI,MGT,,,2024-03-16 23:22:22,42502,2016,5,NON TITO,,,JAWA TIMUR,0.75,YELLOW,23483172,AREA 3,JATIM,MADIUN,MADIUN,,,0,0,0,JAWA TIMUR,MAGETAN,MAGETAN,PURWOSARI,NGAWI
387778464,,ODP-NWI-FB/23,-7.443819,111.437161,,,4,4,0,0,8,REGIONAL 5,MADIUN,NGAWI,NWI,,,2024-03-16 23:28:49,42502,2016,5,NON TITO,,,JAWA TIMUR,0.5,YELLOW,23416937,AREA 3,JATIM,MADIUN,MADIUN,,,0,0,0,JAWA TIMUR,NGAWI,GENENG,KLITIK,NGAWI
387847831,,ODP-MGT-FD/44,-7.6401,111.331,,,2,6,0,0,8,REGIONAL 5,MADIUN,NGAWI,MGT,,,2024-03-16 23:22:16,42502,2016,5,NON TITO,,,JAWA TIMUR,0.75,YELLOW,23483255,AREA 3,JATIM,MADIUN,MADIUN,,,0,0,0,JAWA TIMUR,MAGETAN,MAGETAN,SUKOWINANGUN,NGAWI
387847894,,ODP-SAR-FA/10,-7.6739,111.2215,,,7,9,0,0,16,REGIONAL 5,MADIUN,NGAWI,SAR,,,2024-03-16 23:22:26,42502,2016,5,NON TITO,,,JAWA TIMUR,0.5625,YELLOW,23483294,AREA 3,JATIM,MADIUN,MADIUN,,,0,0,0,JAWA TIMUR,MAGETAN,PLAOSAN,SARANGAN,NGAWI
387778303,,ODP-NWI-FB/17,-7.4482,111.4356,,,3,5,0,0,8,REGIONAL 5,MADIUN,NGAWI,NWI,,,2024-03-16 23:28:55,42502,2016,5,NON TITO,,,JAWA TIMUR,0.625,YELLOW,23416803,AREA 3,JATIM,MADIUN,MADIUN,,,0,0,0,JAWA TIMUR,NGAWI,GENENG,KLITIK,NGAWI
387848084,,ODP-SAR-FA/16,-7.6772,111.2213,,,7,9,0,0,16,REGIONAL 5,MADIUN,NGAWI,SAR,,,2024-03-16 23:22:28,42502,2016,5,NON TITO,,,JAWA TIMUR,0.5625,YELLOW,23483407,AREA 3,JATIM,MADIUN,MADIUN,,,0,0,0,JAWA TIMUR,MAGETAN,PLAOSAN,SARANGAN,NGAWI
387848470,,ODP-MGT-FAA/18,-7.6341,111.3293,,,6,10,0,0,16,REGIONAL 5,MADIUN,NGAWI,MGT,,,2024-03-16 23:22:37,42502,2016,5,NON TITO,,,JAWA TIMUR,0.625,YELLOW,23483629,AREA 3,JATIM,MADIUN,MADIUN,,,0,0,0,JAWA TIMUR,MAGETAN,MAGETAN,TAWANGANOM,NGAWI
8870369868,,ODP-MGT-FAG/15,-7.634403,111.380917,,,2,6,0,0,8,REGIONAL 5,MADIUN,NGAWI,MGT,,,2023-08-30 18:02:19,44723,2022,6,NON TITO,,,JAWA TIMUR,0.75,YELLOW,1184799419,AREA 3,JATIM,MADIUN,MADIUN,,,0,0,0,JAWA TIMUR,MAGETAN,SUKOMORO,SUKOMORO,NGAWI
12010093584,,ODP-JGO-FC/72,-7.510661,111.218509,,,1,6,0,0,8,REGIONAL 5,MADIUN,NGAWI,JGO,,,2024-12-11 17:36:18,45635,2024,12,NON TITO,,,JAWA TIMUR,0.75,YELLOW,1495471417,AREA 3,JATIM,MADIUN,MADIUN,,,0,0,0,JAWA TIMUR,NGAWI,NGRAMBE,BABADAN,NGAWI
387851706,,ODP-NWI-FC/27,-7.4066,111.4549,,,6,10,0,0,16,REGIONAL 5,MADIUN,NGAWI,NWI,,,2024-03-16 23:23:06,42502,2016,5,NON TITO,,,JAWA TIMUR,0.625,YELLOW,23485494,AREA 3,JATIM,MADIUN,MADIUN,,,0,0,0,JAWA TIMUR,NGAWI,NGAWI,KARANGASRI,NGAWI
11998618929,,ODP-WKU-FH/48,-7.356176,111.155876,,,2,6,0,0,8,REGIONAL 5,MADIUN,NGAWI,WKU,,,2024-12-03 17:34:28,45628,2024,12,NON TITO,,,JAWA TIMUR,0.75,YELLOW,1495356562,AREA 3,JATIM,MADIUN,MADIUN,,,0,0,0,JAWA TIMUR,NGAWI,MANTINGAN,MANTINGAN,NGAWI
387852682,,ODP-NWI-FE/97,-7.412,111.4344,,,6,10,0,0,16,REGIONAL 5,MADIUN,NGAWI,NWI,,,2024-03-16 23:23:30,42502,2016,5,NON TITO,,,JAWA TIMUR,0.625,YELLOW,23486062,AREA 3,JATIM,MADIUN,MADIUN,,,0,0,0,JAWA TIMUR,NGAWI,NGAWI,JURUREJO,NGAWI
7673518890,,ODP-JGO-FE/13,-7.498246,111.30107,,,2,6,0,0,8,REGIONAL 5,MADIUN,NGAWI,JGO,,,2023-08-30 18:05:07,44455,2021,9,NON TITO,,,JAWA TIMUR,0.75,YELLOW,1051249735,AREA 3,JATIM,MADIUN,MADIUN,,,0,0,0,JAWA TIMUR,NGAWI,PARON,GENTONG,NGAWI
11998618904,,ODP-WKU-FH/43,-7.351471,111.158117,,,4,4,0,0,8,REGIONAL 5,MADIUN,NGAWI,WKU,,,2024-12-03 17:34:20,45628,2024,12,NON TITO,,,JAWA TIMUR,0.5,YELLOW,1495356547,AREA 3,JATIM,MADIUN,MADIUN,,,0,0,0,JAWA TIMUR,NGAWI,MANTINGAN,MANTINGAN,NGAWI
11998618899,,ODP-WKU-FH/50,-7.36337,111.150668,,,3,5,0,0,8,REGIONAL 5,MADIUN,NGAWI,WKU,,,2024-12-03 17:33:57,45628,2024,12,NON TITO,,,JAWA TIMUR,0.625,YELLOW,1495356544,AREA 3,JATIM,MADIUN,MADIUN,,,0,0,0,JAWA TIMUR,NGAWI,MANTINGAN,MANTINGAN,NGAWI
7241519104,,ODP-JGO-FA/71,-7.528335,111.260826,,,3,4,0,0,8,REGIONAL 5,MADIUN,NGAWI,JGO,,,2023-08-30 18:03:51,44405,2021,7,NON TITO,,,JAWA TIMUR,0.5,YELLOW,953679631,AREA 3,JATIM,MADIUN,MADIUN,,,0,0,0,JAWA TIMUR,NGAWI,JOGOROGO,JOGOROGO,NGAWI
387852884,,ODP-NWI-FE/103,-7.412,111.4368,,,8,8,0,0,16,REGIONAL 5,MADIUN,NGAWI,NWI,,,2024-03-16 23:23:36,42502,2016,5,NON TITO,,,JAWA TIMUR,0.5,YELLOW,23486175,AREA 3,JATIM,MADIUN,MADIUN,,,0,0,0,JAWA TIMUR,NGAWI,NGAWI,JURUREJO,NGAWI
7052520272,,ODP-GGR-FC/57,-7.689853,111.450637,,,2,6,0,0,8,REGIONAL 5,MADIUN,NGAWI,GGR,,,2023-08-30 17:58:16,44383,2021,7,NON TITO,,,JAWA TIMUR,0.75,YELLOW,947015016,AREA 3,JATIM,MADIUN,MADIUN,,,0,0,0,JAWA TIMUR,MAGETAN,TAKERAN,KUWONHARJO,NGAWI
387852901,,ODP-GGR-FA/81,-7.66313,111.422589,,,9,7,0,0,16,REGIONAL 5,MADIUN,NGAWI,GGR,,,2024-03-16 23:23:31,42502,2016,5,NON TITO,,,JAWA TIMUR,0.4375,YELLOW,23486185,AREA 3,JATIM,MADIUN,MADIUN,,,0,0,0,JAWA TIMUR,MAGETAN,BENDO,BELOTAN,NGAWI
387852969,,ODP-GGR-FA/11,-7.6678,111.4198,,,8,7,0,0,16,REGIONAL 5,MADIUN,NGAWI,GGR,,,2024-03-16 23:23:49,42502,2016,5,NON TITO,,,JAWA TIMUR,0.4375,YELLOW,23486223,AREA 3,JATIM,MADIUN,MADIUN,,,0,0,0,JAWA TIMUR,MAGETAN,KAWEDANAN,KARANGREJO,NGAWI
387852983,,ODP-MGT-FH/01,-7.6792,111.3314,,,4,12,0,0,16,REGIONAL 5,MADIUN,NGAWI,MGT,,,2024-03-16 23:23:31,42502,2016,5,NON TITO,,,JAWA TIMUR,0.75,YELLOW,23486231,AREA 3,JATIM,MADIUN,MADIUN,,,0,0,0,JAWA TIMUR,MAGETAN,NGARIBOYO,NGARIBOYO,NGAWI
387853047,,ODP-MGT-FJ/04,-7.6547,111.3383,,,7,9,0,0,16,REGIONAL 5,MADIUN,NGAWI,MGT,,,2024-03-16 23:22:44,42502,2016,5,NON TITO,,,JAWA TIMUR,0.5625,YELLOW,23486263,AREA 3,JATIM,MADIUN,MADIUN,,,0,0,0,JAWA TIMUR,MAGETAN,MAGETAN,MANGKUJAYAN,NGAWI
387853081,,ODP-WKU-FA/04,-7.3899,111.2226,,,5,11,0,0,16,REGIONAL 5,MADIUN,NGAWI,WKU,,,2024-03-16 23:23:22,42502,2016,5,NON TITO,,,JAWA TIMUR,0.6875,YELLOW,23486288,AREA 3,JATIM,MADIUN,MADIUN,,,0,0,0,JAWA TIMUR,NGAWI,WIDODAREN,WIDODAREN,NGAWI
387853112,,ODP-WKU-FAA/03,-7.463638,111.211368,,,3,12,0,0,16,REGIONAL 5,MADIUN,NGAWI,WKU,,,2024-03-16 23:23:20,42502,2016,5,NON TITO,,,JAWA TIMUR,0.75,YELLOW,23486304,AREA 3,JATIM,MADIUN,MADIUN,,,0,0,0,JAWA TIMUR,NGAWI,NGRAMBE,CEPOKO,NGAWI
387853113,,ODP-NWI-FE/96,-7.4113,111.4347,,,4,4,0,0,8,REGIONAL 5,MADIUN,NGAWI,NWI,,,2024-03-16 23:23:43,42502,2016,5,NON TITO,,,JAWA TIMUR,0.5,YELLOW,23486305,AREA 3,JATIM,MADIUN,MADIUN,,,0,0,0,JAWA TIMUR,NGAWI,NGAWI,MARGOMULYO,NGAWI
11991343955,,ODP-JGO-FF/17,-7.465639,111.158547,,,4,4,0,0,8,REGIONAL 5,MADIUN,NGAWI,JGO,,,2024-11-26 17:31:12,45621,2024,11,NON TITO,,,JAWA TIMUR,0.5,YELLOW,1495389326,AREA 3,JATIM,MADIUN,MADIUN,,,0,0,0,JAWA TIMUR,NGAWI,SINE,JAGIR,NGAWI
11992468682,,ODP-JGO-FC/71,-7.495295,111.225419,,,3,5,0,0,8,REGIONAL 5,MADIUN,NGAWI,JGO,,,2024-11-26 17:31:26,45621,2024,11,NON TITO,,,JAWA TIMUR,0.625,YELLOW,1495388978,AREA 3,JATIM,MADIUN,MADIUN,,,0,0,0,JAWA TIMUR,NGAWI,NGRAMBE,KRANDEGAN,NGAWI
11995168602,,ODP-JGO-FC/69,-7.534666,111.184134,,,2,6,0,0,8,REGIONAL 5,MADIUN,NGAWI,JGO,,,2024-11-26 17:31:46,45621,2024,11,NON TITO,,,JAWA TIMUR,0.75,YELLOW,1495317314,AREA 3,JATIM,MADIUN,MADIUN,,,0,0,0,JAWA TIMUR,NGAWI,SINE,NGRENDENG,NGAWI
11995168597,,ODP-JGO-FC/70,-7.535146,111.182519,,,4,4,0,0,8,REGIONAL 5,MADIUN,NGAWI,JGO,,,2024-11-26 17:31:33,45621,2024,11,NON TITO,,,JAWA TIMUR,0.5,YELLOW,1495317311,AREA 3,JATIM,MADIUN,MADIUN,,,0,0,0,JAWA TIMUR,NGAWI,SINE,NGRENDENG,NGAWI
387853138,,ODP-GGR-FC/09,-7.6715,111.4873,,,7,9,0,0,16,REGIONAL 5,MADIUN,NGAWI,GGR,,,2024-03-16 23:23:45,42502,2016,5,NON TITO,,,JAWA TIMUR,0.5625,YELLOW,23486322,AREA 3,JATIM,MADIUN,MADIUN,,,0,0,0,JAWA TIMUR,MAGETAN,TAKERAN,JOMBLANG,NGAWI
387853167,,ODP-NWI-FJ/09,-7.4428,111.386,,,9,7,0,0,16,REGIONAL 5,MADIUN,NGAWI,NWI,,,2024-03-16 23:23:49,42502,2016,5,NON TITO,,,JAWA TIMUR,0.4375,YELLOW,23486337,AREA 3,JATIM,MADIUN,MADIUN,,,0,0,0,JAWA TIMUR,NGAWI,PARON,JAMBANGAN,NGAWI
11980693567,,ODP-MGT-FW/63,-7.619571,111.287032,,,2,6,0,0,8,REGIONAL 5,MADIUN,NGAWI,MGT,,,2024-11-23 17:32:46,45618,2024,11,NON TITO,,,JAWA TIMUR,0.75,YELLOW,1494862048,AREA 3,JATIM,MADIUN,MADIUN,,,0,0,0,JAWA TIMUR,MAGETAN,PANEKAN,MANJUNG,NGAWI
11980693562,,ODP-MGT-FW/62,-7.619473,111.285871,,,3,5,0,0,8,REGIONAL 5,MADIUN,NGAWI,MGT,,,2024-11-23 17:33:18,45618,2024,11,NON TITO,,,JAWA TIMUR,0.625,YELLOW,1494862045,AREA 3,JATIM,MADIUN,MADIUN,,,0,0,0,JAWA TIMUR,MAGETAN,PANEKAN,MANJUNG,NGAWI
7714019754,,ODP-NWI-FM/25,-7.395601,111.37599,,,2,6,0,0,8,REGIONAL 5,MADIUN,NGAWI,NWI,,,2023-08-30 18:07:27,44467,2021,9,NON TITO,,,JAWA TIMUR,0.75,YELLOW,1057202766,AREA 3,JATIM,MADIUN,MADIUN,,,0,0,0,JAWA TIMUR,NGAWI,PARON,NGALE,NGAWI
387852610,,ODP-NWI-FJ/02,-7.44,111.3896,,,7,8,0,0,16,REGIONAL 5,MADIUN,NGAWI,NWI,,,2024-03-16 23:23:35,42502,2016,5,NON TITO,,,JAWA TIMUR,0.5,YELLOW,23486021,AREA 3,JATIM,MADIUN,MADIUN,,,0,0,0,JAWA TIMUR,NGAWI,PARON,GELUNG,NGAWI
7929268533,,ODP-NWI-FJ/72,-7.484419,111.326124,,,3,5,0,0,8,REGIONAL 5,MADIUN,NGAWI,NWI,,,2023-08-30 18:01:19,44491,2021,10,NON TITO,,,JAWA TIMUR,0.625,YELLOW,1084320377,AREA 3,JATIM,MADIUN,MADIUN,,,0,0,0,JAWA TIMUR,NGAWI,PARON,BABADAN,NGAWI
387852600,,ODP-NWI-FE/100,-7.4129,111.4356,,,6,10,0,0,16,REGIONAL 5,MADIUN,NGAWI,NWI,,,2024-03-16 23:21:38,42502,2016,5,NON TITO,,,JAWA TIMUR,0.625,YELLOW,23486013,AREA 3,JATIM,MADIUN,MADIUN,,,0,0,0,JAWA TIMUR,NGAWI,NGAWI,JURUREJO,NGAWI
387851707,,ODP-NWI-FG/43,-7.400478,111.443699,,,9,7,0,0,16,REGIONAL 5,MADIUN,NGAWI,NWI,,,2024-03-16 23:23:26,42502,2016,5,NON TITO,,,JAWA TIMUR,0.4375,YELLOW,23485495,AREA 3,JATIM,MADIUN,MADIUN,,,0,0,0,JAWA TIMUR,NGAWI,NGAWI,KARANGTENGAH,NGAWI
12007618698,,ODP-WKU-FA/79,-7.388112,111.22595,,,2,6,0,0,8,REGIONAL 5,MADIUN,NGAWI,WKU,,,2024-12-07 18:12:39,45632,2024,12,NON TITO,,,JAWA TIMUR,0.75,YELLOW,1495418266,AREA 3,JATIM,MADIUN,MADIUN,,,0,0,0,JAWA TIMUR,NGAWI,WIDODAREN,WIDODAREN,NGAWI
387851755,,ODP-NWI-FG/40,-7.400873,111.441366,,,2,6,0,0,8,REGIONAL 5,MADIUN,NGAWI,NWI,,,2024-03-16 23:23:24,42502,2016,5,NON TITO,,,JAWA TIMUR,0.75,YELLOW,23485522,AREA 3,JATIM,MADIUN,MADIUN,,,0,0,0,JAWA TIMUR,NGAWI,NGAWI,MARGOMULYO,NGAWI
1359796668,,ODP-JGO-FB/07,-7.549723,111.285127,,,6,10,0,0,16,REGIONAL 5,MADIUN,NGAWI,JGO,,,2024-03-16 23:26:49,42840,2017,4,NON TITO,,,JAWA TIMUR,0.625,YELLOW,81740791,AREA 3,JATIM,MADIUN,MADIUN,,,0,0,0,JAWA TIMUR,NGAWI,KENDAL,SIDOREJO,NGAWI
387851824,,ODP-NWI-FG/24,-7.3941,111.4458,,,2,6,0,0,8,REGIONAL 5,MADIUN,NGAWI,NWI,,,2024-03-16 23:23:26,42502,2016,5,NON TITO,,,JAWA TIMUR,0.75,YELLOW,23485567,AREA 3,JATIM,MADIUN,MADIUN,,,0,0,0,JAWA TIMUR,NGAWI,NGAWI,KETANGGI,NGAWI
387851847,,ODP-NWI-FG/42,-7.400279,111.442467,,,6,10,0,0,16,REGIONAL 5,MADIUN,NGAWI,NWI,,,2024-03-16 23:22:25,42502,2016,5,NON TITO,,,JAWA TIMUR,0.625,YELLOW,23485579,AREA 3,JATIM,MADIUN,MADIUN,,,0,0,0,JAWA TIMUR,NGAWI,NGAWI,KARANGTENGAH,NGAWI
387851900,,ODP-NWI-FG/32,-7.394265,111.442424,,,5,11,0,0,16,REGIONAL 5,MADIUN,NGAWI,NWI,,,2024-03-16 23:22:21,42502,2016,5,NON TITO,,,JAWA TIMUR,0.6875,YELLOW,23485610,AREA 3,JATIM,MADIUN,MADIUN,,,0,0,0,JAWA TIMUR,NGAWI,NGAWI,KARANGTENGAH,NGAWI
387851923,,ODP-NWI-FG/25,-7.3944,111.4459,,,5,11,0,0,16,REGIONAL 5,MADIUN,NGAWI,NWI,,,2024-03-16 23:23:20,42502,2016,5,NON TITO,,,JAWA TIMUR,0.6875,YELLOW,23485625,AREA 3,JATIM,MADIUN,MADIUN,,,0,0,0,JAWA TIMUR,NGAWI,NGAWI,KETANGGI,NGAWI
387851970,,ODP-NWI-FF/19,-7.4073,111.4423,,,7,11,0,0,18,REGIONAL 5,MADIUN,NGAWI,NWI,,,2024-03-16 23:23:24,42502,2016,5,NON TITO,,,JAWA TIMUR,0.61111111111111,YELLOW,23485653,AREA 3,JATIM,MADIUN,MADIUN,,,0,0,0,JAWA TIMUR,NGAWI,NGAWI,MARGOMULYO,NGAWI
387852091,,ODP-MGT-FA/14,-7.6498,111.3254,,,4,12,0,0,16,REGIONAL 5,MADIUN,NGAWI,MGT,,,2024-03-16 23:23:21,42502,2016,5,NON TITO,,,JAWA TIMUR,0.75,YELLOW,23485722,AREA 3,JATIM,MADIUN,MADIUN,,,0,0,0,JAWA TIMUR,MAGETAN,MAGETAN,KEPOLOREJO,NGAWI
8500094471,,ODP-MGT-FAB/15,-7.721967,111.244284,,,4,4,0,0,8,REGIONAL 5,MADIUN,NGAWI,MGT,,,2023-08-30 18:08:02,44633,2022,3,NON TITO,,,JAWA TIMUR,0.5,YELLOW,1168728824,AREA 3,JATIM,MADIUN,MADIUN,,,0,0,0,JAWA TIMUR,MAGETAN,PONCOL,JANGGAN,NGAWI
387853238,,ODP-NWI-FJ/05,-7.437,111.395,,,9,7,0,0,16,REGIONAL 5,MADIUN,NGAWI,NWI,,,2024-03-16 23:23:36,42502,2016,5,NON TITO,,,JAWA TIMUR,0.4375,YELLOW,23486376,AREA 3,JATIM,MADIUN,MADIUN,,,0,0,0,JAWA TIMUR,NGAWI,PARON,PARON,NGAWI
8498895337,,ODP-MGT-FAF/11,-7.591957,111.365666,,,3,5,0,0,8,REGIONAL 5,MADIUN,NGAWI,MGT,,,2023-08-30 17:57:57,44633,2022,3,NON TITO,,,JAWA TIMUR,0.625,YELLOW,1168728418,AREA 3,JATIM,MADIUN,MADIUN,,,0,0,0,JAWA TIMUR,MAGETAN,KARAS,TAJI,NGAWI
387852225,,ODP-NWI-FC/39,-7.4116,111.4591,,,5,11,0,0,16,REGIONAL 5,MADIUN,NGAWI,NWI,,,2024-03-16 23:23:29,42502,2016,5,NON TITO,,,JAWA TIMUR,0.6875,YELLOW,23485798,AREA 3,JATIM,MADIUN,MADIUN,,,0,0,0,JAWA TIMUR,NGAWI,NGAWI,KARANGASRI,NGAWI
12006943588,,ODP-WKU-FD/59,-7.363531,111.13726,,,4,4,0,0,8,REGIONAL 5,MADIUN,NGAWI,WKU,,,2024-12-05 17:28:39,45630,2024,12,NON TITO,,,JAWA TIMUR,0.5,YELLOW,1495369177,AREA 3,JATIM,MADIUN,MADIUN,,,0,0,0,JAWA TENGAH,SRAGEN,SAMBUNG MACAN,BANARAN,NGAWI
8186743809,,ODP-JGO-FB/69,-7.575431,111.319035,,,3,5,0,0,8,REGIONAL 5,MADIUN,NGAWI,JGO,,,2023-08-30 18:10:48,44524,2021,11,NON TITO,,,JAWA TIMUR,0.625,YELLOW,1135545953,AREA 3,JATIM,MADIUN,MADIUN,,,0,0,0,JAWA TIMUR,NGAWI,KENDAL,MAJASEM,NGAWI
387852288,,ODP-NWI-FG/23,-7.4016,111.4461,,,6,10,0,0,16,REGIONAL 5,MADIUN,NGAWI,NWI,,,2024-03-16 23:23:10,42502,2016,5,NON TITO,,,JAWA TIMUR,0.625,YELLOW,23485833,AREA 3,JATIM,MADIUN,MADIUN,,,0,0,0,JAWA TIMUR,NGAWI,NGAWI,KETANGGI,NGAWI
387852382,,ODP-NWI-FE/89,-7.4161,111.4367,,,6,10,0,0,16,REGIONAL 5,MADIUN,NGAWI,NWI,,,2024-03-16 23:22:36,42502,2016,5,NON TITO,,,JAWA TIMUR,0.625,YELLOW,23485888,AREA 3,JATIM,MADIUN,MADIUN,,,0,0,0,JAWA TIMUR,NGAWI,NGAWI,JURUREJO,NGAWI
387852385,,ODP-NWI-FC/42,-7.3902,111.461,,,4,12,0,0,16,REGIONAL 5,MADIUN,NGAWI,NWI,,,2024-03-16 23:23:00,42502,2016,5,NON TITO,,,JAWA TIMUR,0.75,YELLOW,23485891,AREA 3,JATIM,MADIUN,MADIUN,,,0,0,0,JAWA TIMUR,NGAWI,NGAWI,NGAWI,NGAWI
387852447,,ODP-NWI-FH/06,-7.4028,111.4038,,,3,5,0,0,8,REGIONAL 5,MADIUN,NGAWI,NWI,,,2024-03-16 23:23:34,42502,2016,5,NON TITO,,,JAWA TIMUR,0.625,YELLOW,23485924,AREA 3,JATIM,MADIUN,MADIUN,,,0,0,0,JAWA TIMUR,NGAWI,NGAWI,WATUALANG,NGAWI
387852526,,ODP-NWI-FE/95,-7.4109,111.435,,,5,11,0,0,16,REGIONAL 5,MADIUN,NGAWI,NWI,,,2024-03-16 23:23:05,42502,2016,5,NON TITO,,,JAWA TIMUR,0.6875,YELLOW,23485972,AREA 3,JATIM,MADIUN,MADIUN,,,0,0,0,JAWA TIMUR,NGAWI,NGAWI,MARGOMULYO,NGAWI
387852527,,ODP-NWI-FE/86,-7.415,111.4366,,,5,11,0,0,16,REGIONAL 5,MADIUN,NGAWI,NWI,,,2024-03-16 23:23:35,42502,2016,5,NON TITO,,,JAWA TIMUR,0.6875,YELLOW,23485973,AREA 3,JATIM,MADIUN,MADIUN,,,0,0,0,JAWA TIMUR,NGAWI,NGAWI,JURUREJO,NGAWI
387852533,,ODP-NWI-FE/99,-7.4124,111.4354,,,4,4,0,0,8,REGIONAL 5,MADIUN,NGAWI,NWI,,,2024-03-16 23:23:34,42502,2016,5,NON TITO,,,JAWA TIMUR,0.5,YELLOW,23485978,AREA 3,JATIM,MADIUN,MADIUN,,,0,0,0,JAWA TIMUR,NGAWI,NGAWI,JURUREJO,NGAWI
387852595,,ODP-NWI-FQ/19,-7.403863,111.4493,,,5,11,0,0,16,REGIONAL 5,MADIUN,NGAWI,NWI,,,2024-03-16 23:23:04,42502,2016,5,NON TITO,,,JAWA TIMUR,0.6875,YELLOW,23486010,AREA 3,JATIM,MADIUN,MADIUN,,,0,0,0,JAWA TIMUR,NGAWI,NGAWI,KETANGGI,NGAWI
387852189,,ODP-NWI-FF/20,-7.4098,111.4435,,,9,7,0,0,16,REGIONAL 5,MADIUN,NGAWI,NWI,,,2024-03-16 23:23:04,42502,2016,5,NON TITO,,,JAWA TIMUR,0.4375,YELLOW,23485775,AREA 3,JATIM,MADIUN,MADIUN,,,0,0,0,JAWA TIMUR,NGAWI,NGAWI,MARGOMULYO,NGAWI
12007618688,,ODP-WKU-FA/80,-7.386406,111.224883,,,2,6,0,0,8,REGIONAL 5,MADIUN,NGAWI,WKU,,,2024-12-07 18:12:32,45632,2024,12,NON TITO,,,JAWA TIMUR,0.75,YELLOW,1495418259,AREA 3,JATIM,MADIUN,MADIUN,,,0,0,0,JAWA TIMUR,NGAWI,WIDODAREN,WIDODAREN,NGAWI
2991194116,,ODP-MGT-FA/69,-7.643211,111.310131,,,8,8,0,0,16,REGIONAL 5,MADIUN,NGAWI,MGT,,,2024-03-16 23:28:37,43378,2018,10,NON TITO,,,JAWA TIMUR,0.5,YELLOW,405125659,AREA 3,JATIM,MADIUN,MADIUN,,,0,0,0,JAWA TIMUR,MAGETAN,MAGETAN,SELOSARI,NGAWI
1359796680,,ODP-JGO-FB/05,-7.556601,111.292236,,,8,8,0,0,16,REGIONAL 5,MADIUN,NGAWI,JGO,,,2024-03-16 23:28:08,42840,2017,4,NON TITO,,,JAWA TIMUR,0.5,YELLOW,81740799,AREA 3,JATIM,MADIUN,MADIUN,,,0,0,0,JAWA TIMUR,NGAWI,KENDAL,KENDAL,NGAWI
4258094039,,ODP-NWI-FD/74,-7.412261,111.432958,,,8,8,0,0,16,REGIONAL 5,MADIUN,NGAWI,NWI,,,2024-03-16 23:22:41,43777,2019,11,NON TITO,,,JAWA TIMUR,0.5,YELLOW,757889381,AREA 3,JATIM,MADIUN,MADIUN,,,0,0,0,JAWA TIMUR,NGAWI,NGAWI,JURUREJO,NGAWI
4258094034,,ODP-NWI-FD/73,-7.412853,111.434122,,,3,5,0,0,8,REGIONAL 5,MADIUN,NGAWI,NWI,,,2024-03-16 23:22:45,43777,2019,11,NON TITO,,,JAWA TIMUR,0.625,YELLOW,757889378,AREA 3,JATIM,MADIUN,MADIUN,,,0,0,0,JAWA TIMUR,NGAWI,NGAWI,JURUREJO,NGAWI
4134870151,,ODP-WKU-FA/50,-7.385485,111.248329,,,4,4,0,0,8,REGIONAL 5,MADIUN,NGAWI,WKU,,,2024-03-16 23:24:45,43762,2019,10,NON TITO,,,JAWA TIMUR,0.5,YELLOW,687316747,AREA 3,JATIM,MADIUN,MADIUN,,,0,0,0,JAWA TIMUR,NGAWI,WIDODAREN,KARANGBANYU,NGAWI
2501594331,,ODP-WKU-FF/10,-7.369624,111.185469,,,5,11,0,0,16,REGIONAL 5,MADIUN,NGAWI,WKU,,,2024-03-16 23:28:27,43230,2018,5,NON TITO,,,JAWA TIMUR,0.6875,YELLOW,353769406,AREA 3,JATIM,MADIUN,MADIUN,,,0,0,0,JAWA TIMUR,NGAWI,MANTINGAN,SAMBIREJO,NGAWI
4131793817,,ODP-MGT-FE/55,-7.615751,111.324433,,,6,10,0,0,16,REGIONAL 5,MADIUN,NGAWI,MGT,,,2024-03-16 23:21:02,43761,2019,10,NON TITO,,,JAWA TIMUR,0.625,YELLOW,683123104,AREA 3,JATIM,MADIUN,MADIUN,,,0,0,0,JAWA TIMUR,MAGETAN,PANEKAN,WATES,NGAWI
4099020360,,ODP-NWI-FN/07,-7.542781,111.363378,,,3,5,0,0,8,REGIONAL 5,MADIUN,NGAWI,NWI,,,2024-03-16 23:27:50,43754,2019,10,NON TITO,,,JAWA TIMUR,0.625,YELLOW,682826787,AREA 3,JATIM,MADIUN,MADIUN,,,0,0,0,JAWA TIMUR,NGAWI,GERIH,WIDODAREN,NGAWI
2501594363,,ODP-WKU-FF/12,-7.370544,111.181887,,,4,4,0,0,8,REGIONAL 5,MADIUN,NGAWI,WKU,,,2024-03-16 23:28:49,43230,2018,5,NON TITO,,,JAWA TIMUR,0.5,YELLOW,353769415,AREA 3,JATIM,MADIUN,MADIUN,,,0,0,0,JAWA TIMUR,NGAWI,MANTINGAN,SAMBIREJO,NGAWI
3981796427,,ODP-JGO-FC/41,-7.509751,111.206768,,,3,5,0,0,8,REGIONAL 5,MADIUN,NGAWI,JGO,,,2024-03-16 23:24:13,43732,2019,9,NON TITO,,,JAWA TIMUR,0.625,YELLOW,662944383,AREA 3,JATIM,MADIUN,MADIUN,,,0,0,0,JAWA TIMUR,NGAWI,NGRAMBE,NGRAMBE,NGAWI
2501594373,,ODP-WKU-FF/05,-7.371138,111.188258,,,8,8,0,0,16,REGIONAL 5,MADIUN,NGAWI,WKU,,,2024-03-16 23:28:14,43230,2018,5,NON TITO,,,JAWA TIMUR,0.5,YELLOW,353769418,AREA 3,JATIM,MADIUN,MADIUN,,,0,0,0,JAWA TIMUR,NGAWI,MANTINGAN,SAMBIREJO,NGAWI
3926519464,,ODP-NWI-FD/72,-7.396942,111.424658,,,5,11,0,0,16,REGIONAL 5,MADIUN,NGAWI,NWI,,,2024-03-16 23:24:49,43728,2019,9,NON TITO,,,JAWA TIMUR,0.6875,YELLOW,660542935,AREA 3,JATIM,MADIUN,MADIUN,,,0,0,0,JAWA TIMUR,NGAWI,NGAWI,GRUDO,NGAWI
2501594403,,ODP-WKU-FF/20,-7.369928,111.172565,,,4,4,0,0,8,REGIONAL 5,MADIUN,NGAWI,WKU,,,2024-03-16 23:27:07,43230,2018,5,NON TITO,,,JAWA TIMUR,0.5,YELLOW,353769427,AREA 3,JATIM,MADIUN,MADIUN,,,0,0,0,JAWA TIMUR,NGAWI,MANTINGAN,SAMBIREJO,NGAWI
2501594433,,ODP-WKU-FF/04,-7.367421,111.189125,,,9,7,0,0,16,REGIONAL 5,MADIUN,NGAWI,WKU,,,2024-03-16 23:28:28,43230,2018,5,NON TITO,,,JAWA TIMUR,0.4375,YELLOW,353769436,AREA 3,JATIM,MADIUN,MADIUN,,,0,0,0,JAWA TIMUR,NGAWI,MANTINGAN,PENGKOL,NGAWI
3835919331,,ODP-JGO-FB/43,-7.555476,111.287486,,,3,5,0,0,8,REGIONAL 5,MADIUN,NGAWI,JGO,,,2024-03-16 23:28:41,43724,2019,9,NON TITO,,,JAWA TIMUR,0.625,YELLOW,651694102,AREA 3,JATIM,MADIUN,MADIUN,,,0,0,0,JAWA TIMUR,NGAWI,KENDAL,KENDAL,NGAWI
3812519569,,ODP-MGT-FA/86,-7.640956,111.301966,,,4,12,0,0,16,REGIONAL 5,MADIUN,NGAWI,MGT,,,2024-03-16 23:24:35,43712,2019,9,NON TITO,,,JAWA TIMUR,0.75,YELLOW,643230454,AREA 3,JATIM,MADIUN,MADIUN,,,0,0,0,JAWA TIMUR,MAGETAN,PANEKAN,TERUNG,NGAWI
3812519564,,ODP-MGT-FA/87,-7.641865,111.304541,,,8,8,0,0,16,REGIONAL 5,MADIUN,NGAWI,MGT,,,2024-03-16 23:24:11,43712,2019,9,NON TITO,,,JAWA TIMUR,0.5,YELLOW,643102894,AREA 3,JATIM,MADIUN,MADIUN,,,0,0,0,JAWA TIMUR,MAGETAN,PANEKAN,TERUNG,NGAWI
3815668992,,ODP-MGT-FK/07,-7.646568,111.329261,,,4,4,0,0,8,REGIONAL 5,MADIUN,NGAWI,MGT,,,2024-03-16 23:26:16,43712,2019,9,NON TITO,,,JAWA TIMUR,0.5,YELLOW,643099369,AREA 3,JATIM,MADIUN,MADIUN,,,0,0,0,JAWA TIMUR,MAGETAN,MAGETAN,KEPOLOREJO,NGAWI
3750344612,,ODP-MGT-FN/21,-7.746668,111.330228,,,4,4,0,0,8,REGIONAL 5,MADIUN,NGAWI,MGT,,,2024-03-16 23:28:36,43677,2019,7,NON TITO,,,JAWA TIMUR,0.5,YELLOW,642620142,AREA 3,JATIM,MADIUN,MADIUN,,,0,0,0,JAWA TIMUR,MAGETAN,PARANG,PARANG,NGAWI
3758743743,,ODP-MGT-FAD/04,-7.630479,111.27993,,,5,11,0,0,16,REGIONAL 5,MADIUN,NGAWI,MGT,,,2024-03-16 23:24:24,43677,2019,7,NON TITO,,,JAWA TIMUR,0.6875,YELLOW,640433097,AREA 3,JATIM,MADIUN,MADIUN,,,0,0,0,JAWA TIMUR,MAGETAN,PANEKAN,SUMBERDODOL,NGAWI
3739018561,,ODP-MGT-FD/64,-7.636932,111.329373,,,2,6,0,0,8,REGIONAL 5,MADIUN,NGAWI,MGT,,,2024-03-16 23:29:20,43669,2019,7,NON TITO,,,JAWA TIMUR,0.75,YELLOW,640381196,AREA 3,JATIM,MADIUN,MADIUN,,,0,0,0,JAWA TIMUR,MAGETAN,MAGETAN,SUKOWINANGUN,NGAWI
2501594453,,ODP-WKU-FB/16,-7.396447,111.221507,,,6,10,0,0,16,REGIONAL 5,MADIUN,NGAWI,WKU,,,2024-03-16 23:28:56,43230,2018,5,NON TITO,,,JAWA TIMUR,0.625,YELLOW,353769442,AREA 3,JATIM,MADIUN,MADIUN,,,0,0,0,JAWA TIMUR,NGAWI,WIDODAREN,WALIKUKUN,NGAWI
2507968575,,ODP-WKU-FZA/29,-7.431673,111.303693,,,2,6,0,0,8,REGIONAL 5,MADIUN,NGAWI,WKU,,,2024-03-16 23:25:11,43234,2018,5,NON TITO,,,JAWA TIMUR,0.75,YELLOW,353784885,AREA 3,JATIM,MADIUN,MADIUN,,,0,0,0,JAWA TIMUR,NGAWI,KEDUNGGALAR,KEDUNGGALAR,NGAWI
3726050509,,ODP-MGT-FK/71,-7.654303,111.319348,,,1,6,0,0,8,REGIONAL 5,MADIUN,NGAWI,MGT,,,2024-03-16 23:21:08,43664,2019,7,NON TITO,,,JAWA TIMUR,0.75,YELLOW,640153149,AREA 3,JATIM,MADIUN,MADIUN,,,0,0,0,JAWA TIMUR,MAGETAN,MAGETAN,SELOSARI,NGAWI
2507968605,,ODP-WKU-FZA/31,-7.427096,111.30112,,,4,12,0,0,16,REGIONAL 5,MADIUN,NGAWI,WKU,,,2024-03-16 23:24:53,43234,2018,5,NON TITO,,,JAWA TIMUR,0.75,YELLOW,353784894,AREA 3,JATIM,MADIUN,MADIUN,,,0,0,0,JAWA TIMUR,NGAWI,KEDUNGGALAR,KEDUNGGALAR,NGAWI
3733093765,,ODP-MGT-FU/48,-7.654161,111.333994,,,2,6,0,0,8,REGIONAL 5,MADIUN,NGAWI,MGT,,,2024-03-16 23:22:26,43663,2019,7,NON TITO,,,JAWA TIMUR,0.75,YELLOW,640144433,AREA 3,JATIM,MADIUN,MADIUN,,,0,0,0,JAWA TIMUR,MAGETAN,MAGETAN,MANGKUJAYAN,NGAWI
2507968625,,ODP-WKU-FZA/28,-7.434268,111.301193,,,7,9,0,0,16,REGIONAL 5,MADIUN,NGAWI,WKU,,,2024-03-16 23:26:03,43234,2018,5,NON TITO,,,JAWA TIMUR,0.5625,YELLOW,353784900,AREA 3,JATIM,MADIUN,MADIUN,,,0,0,0,JAWA TIMUR,NGAWI,KEDUNGGALAR,KEDUNGGALAR,NGAWI
2507968655,,ODP-WKU-FZA/32,-7.423662,111.304202,,,0,9,7,0,16,REGIONAL 5,MADIUN,NGAWI,WKU,,,2024-03-16 23:25:52,43234,2018,5,NON TITO,,,JAWA TIMUR,0.5625,YELLOW,353784910,AREA 3,JATIM,MADIUN,MADIUN,,,0,0,0,JAWA TIMUR,NGAWI,KEDUNGGALAR,KEDUNGGALAR,NGAWI
2507968665,,ODP-WKU-FZA/35,-7.427607,111.307883,,,9,7,0,0,16,REGIONAL 5,MADIUN,NGAWI,WKU,,,2024-03-16 23:25:28,43234,2018,5,NON TITO,,,JAWA TIMUR,0.4375,YELLOW,353784913,AREA 3,JATIM,MADIUN,MADIUN,,,0,0,0,JAWA TIMUR,NGAWI,KEDUNGGALAR,KEDUNGGALAR,NGAWI
4258094049,,ODP-NWI-FD/77,-7.409608,111.429637,,,9,7,0,0,16,REGIONAL 5,MADIUN,NGAWI,NWI,,,2024-03-16 23:22:48,43777,2019,11,NON TITO,,,JAWA TIMUR,0.4375,YELLOW,757889384,AREA 3,JATIM,MADIUN,MADIUN,,,0,0,0,JAWA TIMUR,NGAWI,NGAWI,JURUREJO,NGAWI
3723493631,,ODP-MGT-FJ/28,-7.651929,111.336179,,,4,4,0,0,8,REGIONAL 5,MADIUN,NGAWI,MGT,,,2024-03-16 23:28:38,43660,2019,7,NON TITO,,,JAWA TIMUR,0.5,YELLOW,638276045,AREA 3,JATIM,MADIUN,MADIUN,,,0,0,0,JAWA TIMUR,MAGETAN,MAGETAN,SUKOWINANGUN,NGAWI
2481795890,,ODP-MGT-FM/11,-7.652389,111.291763,,,8,8,0,0,16,REGIONAL 5,MADIUN,NGAWI,MGT,,,2024-03-16 23:24:42,43222,2018,5,NON TITO,,,JAWA TIMUR,0.5,YELLOW,353722842,AREA 3,JATIM,MADIUN,MADIUN,,,0,0,0,JAWA TIMUR,MAGETAN,SIDOREJO,KALANG,NGAWI
4266793739,,ODP-NWI-FA/77,-7.530297,111.43044,,,3,5,0,0,8,REGIONAL 5,MADIUN,NGAWI,NWI,,,2024-03-16 23:27:49,43777,2019,11,NON TITO,,,JAWA TIMUR,0.625,YELLOW,758189992,AREA 3,JATIM,MADIUN,MADIUN,,,0,0,0,JAWA TIMUR,NGAWI,GENENG,KERASWETAN,NGAWI
4431943579,,ODP-NWI-FD/82,-7.399731,111.434533,,,4,12,0,0,16,REGIONAL 5,MADIUN,NGAWI,NWI,,,2024-03-16 23:25:48,43825,2019,12,NON TITO,,,JAWA TIMUR,0.75,YELLOW,789570906,AREA 3,JATIM,MADIUN,MADIUN,,,0,0,0,JAWA TIMUR,NGAWI,NGAWI,GRUDO,NGAWI
2481795661,,ODP-MGT-FM/07,-7.659883,111.275878,,,3,5,0,0,8,REGIONAL 5,MADIUN,NGAWI,MGT,,,2024-03-16 23:24:22,43222,2018,5,NON TITO,,,JAWA TIMUR,0.625,YELLOW,353658656,AREA 3,JATIM,MADIUN,MADIUN,,,0,0,0,JAWA TIMUR,MAGETAN,SIDOREJO,SIDOREJO,NGAWI
4431943569,,ODP-NWI-FD/80,-7.396686,111.435056,,,2,6,0,0,8,REGIONAL 5,MADIUN,NGAWI,NWI,,,2024-03-16 23:26:31,43825,2019,12,NON TITO,,,JAWA TIMUR,0.75,YELLOW,789570900,AREA 3,JATIM,MADIUN,MADIUN,,,0,0,0,JAWA TIMUR,NGAWI,NGAWI,GRUDO,NGAWI
4431943564,,ODP-NWI-FD/83,-7.401656,111.434024,,,4,12,0,0,16,REGIONAL 5,MADIUN,NGAWI,NWI,,,2024-03-16 23:25:19,43825,2019,12,NON TITO,,,JAWA TIMUR,0.75,YELLOW,789570897,AREA 3,JATIM,MADIUN,MADIUN,,,0,0,0,JAWA TIMUR,NGAWI,NGAWI,GRUDO,NGAWI
4430669139,,ODP-JGO-FB/45,-7.568737,111.270945,,,6,9,0,0,16,REGIONAL 5,MADIUN,NGAWI,JGO,,,2024-03-16 23:27:07,43826,2019,12,NON TITO,,,JAWA TIMUR,0.5625,YELLOW,789384944,AREA 3,JATIM,MADIUN,MADIUN,,,0,0,0,JAWA TIMUR,NGAWI,KENDAL,SIDOREJO,NGAWI
4430669129,,ODP-JGO-FB/44,-7.569153,111.268118,,,9,7,0,0,16,REGIONAL 5,MADIUN,NGAWI,JGO,,,2024-03-16 23:27:09,43826,2019,12,NON TITO,,,JAWA TIMUR,0.4375,YELLOW,789384941,AREA 3,JATIM,MADIUN,MADIUN,,,0,0,0,JAWA TIMUR,NGAWI,KENDAL,SIDOREJO,NGAWI
2481795751,,ODP-MGT-FM/06,-7.665299,111.265758,,,2,6,0,0,8,REGIONAL 5,MADIUN,NGAWI,MGT,,,2024-03-16 23:24:28,43222,2018,5,NON TITO,,,JAWA TIMUR,0.75,YELLOW,353658684,AREA 3,JATIM,MADIUN,MADIUN,,,0,0,0,JAWA TIMUR,MAGETAN,PLAOSAN,PACALAN,NGAWI
4429094251,,ODP-NWI-FK/10,-7.346382,111.508905,,,6,10,0,0,16,REGIONAL 5,MADIUN,NGAWI,NWI,,,2024-03-16 23:26:32,43820,2019,12,NON TITO,,,JAWA TIMUR,0.625,YELLOW,789359961,AREA 3,JATIM,MADIUN,MADIUN,,,0,0,0,JAWA TIMUR,BOJONEGORO,MARGOMULYO,MARGOMULYO,NGAWI
2481795885,,ODP-MGT-FAD/11,-7.647013,111.281741,,,9,7,0,0,16,REGIONAL 5,MADIUN,NGAWI,MGT,,,2024-03-16 23:24:36,43222,2018,5,NON TITO,,,JAWA TIMUR,0.4375,YELLOW,353658724,AREA 3,JATIM,MADIUN,MADIUN,,,0,0,0,JAWA TIMUR,MAGETAN,SIDOREJO,SIDOMULYO,NGAWI
4418593795,,ODP-KRJ-FB/24,-7.487679,111.598515,,,7,9,0,0,16,REGIONAL 5,MADIUN,NGAWI,KRJ,,,2024-03-16 23:29:19,43812,2019,12,NON TITO,,,JAWA TIMUR,0.5625,YELLOW,789324065,AREA 3,JATIM,MADIUN,MADIUN,,,0,0,0,JAWA TIMUR,NGAWI,KARANGJATI,SEMBUNG,NGAWI
4362943879,,ODP-KRJ-FA/32,-7.487411,111.530722,,,2,6,0,0,8,REGIONAL 5,MADIUN,NGAWI,KRJ,,,2024-03-16 23:22:25,43802,2019,12,NON TITO,,,JAWA TIMUR,0.75,YELLOW,787633790,AREA 3,JATIM,MADIUN,MADIUN,,,0,0,0,JAWA TIMUR,NGAWI,PANGKUR,PANGKUR,NGAWI
4338419044,,ODP-NWI-FM/06,-7.387677,111.370626,,,2,6,0,0,8,REGIONAL 5,MADIUN,NGAWI,NWI,,,2024-03-16 23:28:27,43796,2019,11,NON TITO,,,JAWA TIMUR,0.75,YELLOW,787597285,AREA 3,JATIM,MADIUN,MADIUN,,,0,0,0,JAWA TIMUR,NGAWI,PARON,NGALE,NGAWI
4338419039,,ODP-NWI-FM/05,-7.39065,111.371141,,,4,10,0,0,16,REGIONAL 5,MADIUN,NGAWI,NWI,,,2024-03-16 23:27:13,43796,2019,11,NON TITO,,,JAWA TIMUR,0.625,YELLOW,787597282,AREA 3,JATIM,MADIUN,MADIUN,,,0,0,0,JAWA TIMUR,NGAWI,PARON,NGALE,NGAWI
2483444648,,ODP-MGT-FP/13,-7.67648,111.304043,,,9,7,0,0,16,REGIONAL 5,MADIUN,NGAWI,MGT,,,2024-03-16 23:27:19,43222,2018,5,NON TITO,,,JAWA TIMUR,0.4375,YELLOW,353720378,AREA 3,JATIM,MADIUN,MADIUN,,,0,0,0,JAWA TIMUR,MAGETAN,NGARIBOYO,BANGSRI,NGAWI
4345021411,,ODP-JGO-FD/02,-7.509408,111.16638,,,6,10,0,0,16,REGIONAL 5,MADIUN,NGAWI,JGO,,,2024-03-16 23:24:18,43797,2019,11,NON TITO,,,JAWA TIMUR,0.625,YELLOW,787536721,AREA 3,JATIM,MADIUN,MADIUN,,,0,0,0,JAWA TIMUR,NGAWI,SINE,SINE,NGAWI
2483444690,,ODP-WKU-FC/19,-7.415554,111.218035,,,3,5,0,0,8,REGIONAL 5,MADIUN,NGAWI,WKU,,,2024-03-16 23:27:15,43222,2018,5,NON TITO,,,JAWA TIMUR,0.625,YELLOW,353720395,AREA 3,JATIM,MADIUN,MADIUN,,,0,0,0,JAWA TIMUR,NGAWI,WIDODAREN,KEDUNGGUDEL,NGAWI
4278193887,,ODP-MGT-FAD/17,-7.648005,111.278632,,,4,4,0,0,8,REGIONAL 5,MADIUN,NGAWI,MGT,,,2024-03-16 23:28:29,43782,2019,11,NON TITO,,,JAWA TIMUR,0.5,YELLOW,787146490,AREA 3,JATIM,MADIUN,MADIUN,,,0,0,0,JAWA TIMUR,MAGETAN,SIDOREJO,SUMBERSAWIT,NGAWI
4266793882,,ODP-GGR-FD/21,-7.67672,111.427461,,,2,6,0,0,8,REGIONAL 5,MADIUN,NGAWI,GGR,,,2024-03-16 23:23:08,43777,2019,11,NON TITO,,,JAWA TIMUR,0.75,YELLOW,758190104,AREA 3,JATIM,MADIUN,MADIUN,,,0,0,0,JAWA TIMUR,MAGETAN,KAWEDANAN,GENENGAN,NGAWI
2483444730,,ODP-MGT-FP/17,-7.668221,111.313066,,,4,4,0,0,8,REGIONAL 5,MADIUN,NGAWI,MGT,,,2024-03-16 23:27:07,43222,2018,5,NON TITO,,,JAWA TIMUR,0.5,YELLOW,353720411,AREA 3,JATIM,MADIUN,MADIUN,,,0,0,0,JAWA TIMUR,MAGETAN,MAGETAN,RINGINAGUNG,NGAWI
2483444758,,ODP-WKU-FC/25,-7.403134,111.223752,,,6,10,0,0,16,REGIONAL 5,MADIUN,NGAWI,WKU,,,2024-03-16 23:27:14,43222,2018,5,NON TITO,,,JAWA TIMUR,0.625,YELLOW,353720427,AREA 3,JATIM,MADIUN,MADIUN,,,0,0,0,JAWA TIMUR,NGAWI,WIDODAREN,WALIKUKUN,NGAWI
2481795406,,ODP-MGT-FM/04,-7.669498,111.258116,,,7,9,0,0,16,REGIONAL 5,MADIUN,NGAWI,MGT,,,2024-03-16 23:24:10,43222,2018,5,NON TITO,,,JAWA TIMUR,0.5625,YELLOW,353722692,AREA 3,JATIM,MADIUN,MADIUN,,,0,0,0,JAWA TIMUR,MAGETAN,PLAOSAN,PACALAN,NGAWI
4266793774,,ODP-NWI-FA/79,-7.523609,111.433925,,,4,4,0,0,8,REGIONAL 5,MADIUN,NGAWI,NWI,,,2024-03-16 23:27:15,43777,2019,11,NON TITO,,,JAWA TIMUR,0.5,YELLOW,758190018,AREA 3,JATIM,MADIUN,MADIUN,,,0,0,0,JAWA TIMUR,NGAWI,GENENG,KERASWETAN,NGAWI
2481795506,,ODP-MGT-FAD/19,-7.648204,111.286031,,,9,7,0,0,16,REGIONAL 5,MADIUN,NGAWI,MGT,,,2024-03-16 23:24:23,43222,2018,5,NON TITO,,,JAWA TIMUR,0.4375,YELLOW,353722723,AREA 3,JATIM,MADIUN,MADIUN,,,0,0,0,JAWA TIMUR,MAGETAN,SIDOREJO,WIDOROKANDANG,NGAWI
4266793764,,ODP-NWI-FA/85,-7.506393,111.4293,,,8,8,0,0,16,REGIONAL 5,MADIUN,NGAWI,NWI,,,2024-03-16 23:28:06,43777,2019,11,NON TITO,,,JAWA TIMUR,0.5,YELLOW,758190011,AREA 3,JATIM,MADIUN,MADIUN,,,0,0,0,JAWA TIMUR,NGAWI,GENENG,KENITEN,NGAWI
4266793759,,ODP-NWI-FA/80,-7.520154,111.434938,,,4,4,0,0,8,REGIONAL 5,MADIUN,NGAWI,NWI,,,2024-03-16 23:26:52,43777,2019,11,NON TITO,,,JAWA TIMUR,0.5,YELLOW,758190007,AREA 3,JATIM,MADIUN,MADIUN,,,0,0,0,JAWA TIMUR,NGAWI,GENENG,KERASWETAN,NGAWI
2481795586,,ODP-MGT-FM/05,-7.668581,111.261468,,,2,6,0,0,8,REGIONAL 5,MADIUN,NGAWI,MGT,,,2024-03-16 23:24:28,43222,2018,5,NON TITO,,,JAWA TIMUR,0.75,YELLOW,353722747,AREA 3,JATIM,MADIUN,MADIUN,,,0,0,0,JAWA TIMUR,MAGETAN,PLAOSAN,PACALAN,NGAWI
4266793744,,ODP-NWI-FA/76,-7.530362,111.428403,,,2,6,0,0,8,REGIONAL 5,MADIUN,NGAWI,NWI,,,2024-03-16 23:26:10,43777,2019,11,NON TITO,,,JAWA TIMUR,0.75,YELLOW,758189997,AREA 3,JATIM,MADIUN,MADIUN,,,0,0,0,JAWA TIMUR,NGAWI,GENENG,KERASWETAN,NGAWI
2481795756,,ODP-MGT-FM/08,-7.658279,111.278268,,,6,10,0,0,16,REGIONAL 5,MADIUN,NGAWI,MGT,,,2024-03-16 23:24:34,43222,2018,5,NON TITO,,,JAWA TIMUR,0.625,YELLOW,353722801,AREA 3,JATIM,MADIUN,MADIUN,,,0,0,0,JAWA TIMUR,MAGETAN,SIDOREJO,SIDOREJO,NGAWI
2481795511,,ODP-MGT-FAD/06,-7.6395,111.283584,,,9,7,0,0,16,REGIONAL 5,MADIUN,NGAWI,MGT,,,2024-03-16 23:24:23,43222,2018,5,NON TITO,,,JAWA TIMUR,0.4375,YELLOW,353658605,AREA 3,JATIM,MADIUN,MADIUN,,,0,0,0,JAWA TIMUR,MAGETAN,SIDOREJO,SIDOKERTO,NGAWI
2501594326,,ODP-WKU-FF/16,-7.367797,111.164523,,,4,4,0,0,8,REGIONAL 5,MADIUN,NGAWI,WKU,,,2024-03-16 23:28:07,43230,2018,5,NON TITO,,,JAWA TIMUR,0.5,YELLOW,354180771,AREA 3,JATIM,MADIUN,MADIUN,,,0,0,0,JAWA TIMUR,NGAWI,MANTINGAN,MANTINGAN,NGAWI
3622620821,,ODP-MGT-FY/31,-7.656947,111.328887,,,3,5,0,0,8,REGIONAL 5,MADIUN,NGAWI,MGT,,,2024-03-16 23:27:09,43629,2019,6,NON TITO,,,JAWA TIMUR,0.625,YELLOW,630999246,AREA 3,JATIM,MADIUN,MADIUN,,,0,0,0,JAWA TIMUR,MAGETAN,MAGETAN,MAGETAN,NGAWI
3599143918,,ODP-MGT-FZ/32,-7.685689,111.275964,,,2,6,0,0,8,REGIONAL 5,MADIUN,NGAWI,MGT,,,2024-03-16 23:27:42,43606,2019,5,NON TITO,,,JAWA TIMUR,0.75,YELLOW,628979937,AREA 3,JATIM,MADIUN,MADIUN,,,0,0,0,JAWA TIMUR,MAGETAN,PLAOSAN,SIDOMUKTI,NGAWI
3602520032,,ODP-GGR-FA/65,-7.695638,111.410377,,,2,6,0,0,8,REGIONAL 5,MADIUN,NGAWI,GGR,,,2024-03-16 23:28:00,43606,2019,5,NON TITO,,,JAWA TIMUR,0.75,YELLOW,628899956,AREA 3,JATIM,MADIUN,MADIUN,,,0,0,0,JAWA TIMUR,MAGETAN,KAWEDANAN,SAMPUNG,NGAWI
2501594468,,ODP-WKU-FF/07,-7.366453,111.185137,,,4,4,0,0,8,REGIONAL 5,MADIUN,NGAWI,WKU,,,2024-03-16 23:29:00,43230,2018,5,NON TITO,,,JAWA TIMUR,0.5,YELLOW,354180814,AREA 3,JATIM,MADIUN,MADIUN,,,0,0,0,JAWA TIMUR,NGAWI,MANTINGAN,SAMBIREJO,NGAWI
3602519930,,ODP-MGT-FAG/13,-7.62916,111.378342,,,4,4,0,0,8,REGIONAL 5,MADIUN,NGAWI,MGT,,,2024-03-16 23:27:39,43606,2019,5,NON TITO,,,JAWA TIMUR,0.5,YELLOW,628899765,AREA 3,JATIM,MADIUN,MADIUN,,,0,0,0,JAWA TIMUR,MAGETAN,SUKOMORO,BULU,NGAWI
2507968550,,ODP-WKU-FZA/39,-7.421618,111.309266,,,4,4,0,0,8,REGIONAL 5,MADIUN,NGAWI,WKU,,,2024-03-16 23:26:01,43234,2018,5,NON TITO,,,JAWA TIMUR,0.5,YELLOW,354200260,AREA 3,JATIM,MADIUN,MADIUN,,,0,0,0,JAWA TIMUR,NGAWI,KEDUNGGALAR,KEDUNGGALAR,NGAWI
3602519790,,ODP-SAR-FB/13,-7.67884,111.237834,,,4,4,0,0,8,REGIONAL 5,MADIUN,NGAWI,SAR,,,2024-03-16 23:28:08,43606,2019,5,NON TITO,,,JAWA TIMUR,0.5,YELLOW,628899675,AREA 3,JATIM,MADIUN,MADIUN,,,0,0,0,JAWA TIMUR,MAGETAN,PLAOSAN,DADI,NGAWI
3599520894,,ODP-GGR-FA/68,-7.689178,111.418787,,,4,4,0,0,8,REGIONAL 5,MADIUN,NGAWI,GGR,,,2024-03-16 23:24:46,43606,2019,5,NON TITO,,,JAWA TIMUR,0.5,YELLOW,628899622,AREA 3,JATIM,MADIUN,MADIUN,,,0,0,0,JAWA TIMUR,MAGETAN,KAWEDANAN,KAWEDANAN,NGAWI
2507968560,,ODP-WKU-FZA/26,-7.438545,111.298185,,,9,7,0,0,16,REGIONAL 5,MADIUN,NGAWI,WKU,,,2024-03-16 23:25:39,43234,2018,5,NON TITO,,,JAWA TIMUR,0.4375,YELLOW,354200263,AREA 3,JATIM,MADIUN,MADIUN,,,0,0,0,JAWA TIMUR,NGAWI,KEDUNGGALAR,KEDUNGGALAR,NGAWI
3599520828,,ODP-GGR-FA/72,-7.68727,111.418179,,,4,4,0,0,8,REGIONAL 5,MADIUN,NGAWI,GGR,,,2024-03-16 23:24:49,43606,2019,5,NON TITO,,,JAWA TIMUR,0.5,YELLOW,628899458,AREA 3,JATIM,MADIUN,MADIUN,,,0,0,0,JAWA TIMUR,MAGETAN,KAWEDANAN,TULUNG,NGAWI
2507968580,,ODP-WKU-FZA/37,-7.422624,111.310761,,,4,4,0,0,8,REGIONAL 5,MADIUN,NGAWI,WKU,,,2024-03-16 23:25:47,43234,2018,5,NON TITO,,,JAWA TIMUR,0.5,YELLOW,354200269,AREA 3,JATIM,MADIUN,MADIUN,,,0,0,0,JAWA TIMUR,NGAWI,KEDUNGGALAR,KEDUNGGALAR,NGAWI
3602519164,,ODP-MGT-FG/18,-7.634512,111.372408,,,3,5,0,0,8,REGIONAL 5,MADIUN,NGAWI,MGT,,,2024-03-16 23:29:08,43606,2019,5,NON TITO,,,JAWA TIMUR,0.625,YELLOW,628899324,AREA 3,JATIM,MADIUN,MADIUN,,,0,0,0,JAWA TIMUR,MAGETAN,SUKOMORO,SUKOMORO,NGAWI
2507968600,,ODP-WKU-FZA/41,-7.42003,111.307476,,,6,10,0,0,16,REGIONAL 5,MADIUN,NGAWI,WKU,,,2024-03-16 23:25:32,43234,2018,5,NON TITO,,,JAWA TIMUR,0.625,YELLOW,354200275,AREA 3,JATIM,MADIUN,MADIUN,,,0,0,0,JAWA TIMUR,NGAWI,KEDUNGGALAR,KEDUNGGALAR,NGAWI
3599520713,,ODP-GGR-FA/71,-7.68792,111.419492,,,6,10,0,0,16,REGIONAL 5,MADIUN,NGAWI,GGR,,,2024-03-16 23:24:49,43606,2019,5,NON TITO,,,JAWA TIMUR,0.625,YELLOW,628899308,AREA 3,JATIM,MADIUN,MADIUN,,,0,0,0,JAWA TIMUR,MAGETAN,KAWEDANAN,TULUNG,NGAWI
2507968610,,ODP-WKU-FZA/38,-7.422038,111.310037,,,4,4,0,0,8,REGIONAL 5,MADIUN,NGAWI,WKU,,,2024-03-16 23:25:38,43234,2018,5,NON TITO,,,JAWA TIMUR,0.5,YELLOW,354200279,AREA 3,JATIM,MADIUN,MADIUN,,,0,0,0,JAWA TIMUR,NGAWI,KEDUNGGALAR,KEDUNGGALAR,NGAWI
3599520666,,ODP-MGT-FAG/14,-7.626909,111.377875,,,3,5,0,0,8,REGIONAL 5,MADIUN,NGAWI,MGT,,,2024-03-16 23:24:42,43606,2019,5,NON TITO,,,JAWA TIMUR,0.625,YELLOW,628899251,AREA 3,JATIM,MADIUN,MADIUN,,,0,0,0,JAWA TIMUR,MAGETAN,SUKOMORO,BULU,NGAWI
3599143913,,ODP-MGT-FZ/31,-7.685453,111.277895,,,2,6,0,0,8,REGIONAL 5,MADIUN,NGAWI,MGT,,,2024-03-16 23:28:41,43606,2019,5,NON TITO,,,JAWA TIMUR,0.75,YELLOW,628898577,AREA 3,JATIM,MADIUN,MADIUN,,,0,0,0,JAWA TIMUR,MAGETAN,PLAOSAN,SIDOMUKTI,NGAWI
3599143798,,ODP-MGT-FZ/29,-7.693372,111.274371,,,5,11,0,0,16,REGIONAL 5,MADIUN,NGAWI,MGT,,,2024-03-16 23:28:41,43606,2019,5,NON TITO,,,JAWA TIMUR,0.6875,YELLOW,628898483,AREA 3,JATIM,MADIUN,MADIUN,,,0,0,0,JAWA TIMUR,MAGETAN,PLAOSAN,SIDOMUKTI,NGAWI
2507968640,,ODP-WKU-FZA/33,-7.42206,111.3057,,,5,10,1,0,16,REGIONAL 5,MADIUN,NGAWI,WKU,,,2024-03-16 23:25:03,43234,2018,5,NON TITO,,,JAWA TIMUR,0.625,YELLOW,354200288,AREA 3,JATIM,MADIUN,MADIUN,,,0,0,0,JAWA TIMUR,NGAWI,KEDUNGGALAR,KEDUNGGALAR,NGAWI
3580545468,,ODP-MGT-FF/12,-7.641746,111.348798,,,4,4,0,0,8,REGIONAL 5,MADIUN,NGAWI,MGT,,,2024-03-16 23:29:18,43602,2019,5,NON TITO,,,JAWA TIMUR,0.5,YELLOW,627989049,AREA 3,JATIM,MADIUN,MADIUN,,,0,0,0,JAWA TIMUR,MAGETAN,MAGETAN,PURWOSARI,NGAWI
3580545377,,ODP-MGT-FF/13,-7.639405,111.348594,,,3,5,0,0,8,REGIONAL 5,MADIUN,NGAWI,MGT,,,2024-03-16 23:29:16,43602,2019,5,NON TITO,,,JAWA TIMUR,0.625,YELLOW,627988951,AREA 3,JATIM,MADIUN,MADIUN,,,0,0,0,JAWA TIMUR,MAGETAN,MAGETAN,PURWOSARI,NGAWI
2509322688,,ODP-WKU-FA/32,-7.375516,111.22652,,,2,6,0,0,8,REGIONAL 5,MADIUN,NGAWI,WKU,,,2024-03-16 23:28:23,43235,2018,5,NON TITO,,,JAWA TIMUR,0.75,YELLOW,354212969,AREA 3,JATIM,MADIUN,MADIUN,,,0,0,0,JAWA TIMUR,NGAWI,WIDODAREN,WIDODAREN,NGAWI
3591793755,,ODP-MGT-FY/29,-7.661738,111.326613,,,2,6,0,0,8,REGIONAL 5,MADIUN,NGAWI,MGT,,,2024-03-16 23:25:07,43601,2019,5,NON TITO,,,JAWA TIMUR,0.75,YELLOW,627777822,AREA 3,JATIM,MADIUN,MADIUN,,,0,0,0,JAWA TIMUR,MAGETAN,MAGETAN,MAGETAN,NGAWI
3591793733,,ODP-MGT-FY/28,-7.666305,111.32779,,,5,11,0,0,16,REGIONAL 5,MADIUN,NGAWI,MGT,,,2024-03-16 23:25:01,43601,2019,5,NON TITO,,,JAWA TIMUR,0.6875,YELLOW,627777805,AREA 3,JATIM,MADIUN,MADIUN,,,0,0,0,JAWA TIMUR,MAGETAN,NGARIBOYO,BALEGONDO,NGAWI
3544394555,,ODP-NWI-FP/03,-7.403248,111.446005,,,6,10,0,0,16,REGIONAL 5,MADIUN,NGAWI,NWI,,,2024-03-16 23:23:02,43577,2019,4,NON TITO,,,JAWA TIMUR,0.625,YELLOW,627341895,AREA 3,JATIM,MADIUN,MADIUN,,,0,0,0,JAWA TIMUR,NGAWI,NGAWI,KETANGGI,NGAWI
3369793734,,ODP-NWI-FC/110,-7.421067,111.508536,,,2,6,0,0,8,REGIONAL 5,MADIUN,NGAWI,NWI,,,2024-03-16 23:25:38,43514,2019,2,NON TITO,,,JAWA TIMUR,0.75,YELLOW,555465906,AREA 3,JATIM,MADIUN,MADIUN,,,0,0,0,JAWA TIMUR,NGAWI,KASREMAN,KARANGMALANG,NGAWI
3342119598,,ODP-MGT-FZ/13,-7.678229,111.259252,,,5,11,0,0,16,REGIONAL 5,MADIUN,NGAWI,MGT,,,2024-03-16 23:26:25,43508,2019,2,NON TITO,,,JAWA TIMUR,0.6875,YELLOW,540185850,AREA 3,JATIM,MADIUN,MADIUN,,,0,0,0,JAWA TIMUR,MAGETAN,PLAOSAN,BULUHARJO,NGAWI
3342119583,,ODP-MGT-FZ/12,-7.676559,111.260044,,,3,5,0,0,8,REGIONAL 5,MADIUN,NGAWI,MGT,,,2024-03-16 23:25:21,43508,2019,2,NON TITO,,,JAWA TIMUR,0.625,YELLOW,540185838,AREA 3,JATIM,MADIUN,MADIUN,,,0,0,0,JAWA TIMUR,MAGETAN,PLAOSAN,PACALAN,NGAWI
3599144426,,ODP-MGT-FZ/33,-7.684642,111.262211,,,6,10,0,0,16,REGIONAL 5,MADIUN,NGAWI,MGT,,,2024-03-16 23:28:58,43606,2019,5,NON TITO,,,JAWA TIMUR,0.625,YELLOW,628980643,AREA 3,JATIM,MADIUN,MADIUN,,,0,0,0,JAWA TIMUR,MAGETAN,PLAOSAN,BULUHARJO,NGAWI
3657120981,,ODP-WKU-FB/20,-7.39768,111.222556,,,3,5,0,0,8,REGIONAL 5,MADIUN,NGAWI,WKU,,,2024-03-16 23:22:49,43642,2019,6,NON TITO,,,JAWA TIMUR,0.625,YELLOW,631967808,AREA 3,JATIM,MADIUN,MADIUN,,,0,0,0,JAWA TIMUR,NGAWI,WIDODAREN,WALIKUKUN,NGAWI
3602519041,,ODP-MGT-FG/17,-7.637761,111.373649,,,6,10,0,0,16,REGIONAL 5,MADIUN,NGAWI,MGT,,,2024-03-16 23:28:06,43606,2019,5,NON TITO,,,JAWA TIMUR,0.625,YELLOW,628980918,AREA 3,JATIM,MADIUN,MADIUN,,,0,0,0,JAWA TIMUR,MAGETAN,SUKOMORO,SUKOMORO,NGAWI
3602519169,,ODP-SAR-FB/14,-7.680171,111.234705,,,4,13,0,0,17,REGIONAL 5,MADIUN,NGAWI,SAR,,,2024-03-16 23:28:59,43606,2019,5,NON TITO,,,JAWA TIMUR,0.76470588235294,YELLOW,628980999,AREA 3,JATIM,MADIUN,MADIUN,,,0,0,0,JAWA TIMUR,MAGETAN,PLAOSAN,DADI,NGAWI
3626295614,,ODP-MGT-FY/32,-7.656435,111.329509,,,4,4,0,0,8,REGIONAL 5,MADIUN,NGAWI,MGT,,,2024-03-16 23:28:33,43627,2019,6,NON TITO,,,JAWA TIMUR,0.5,YELLOW,630923515,AREA 3,JATIM,MADIUN,MADIUN,,,0,0,0,JAWA TIMUR,MAGETAN,MAGETAN,MAGETAN,NGAWI
3626295543,,ODP-MGT-FY/34,-7.656774,111.329866,,,4,4,0,0,8,REGIONAL 5,MADIUN,NGAWI,MGT,,,2024-03-16 23:28:21,43627,2019,6,NON TITO,,,JAWA TIMUR,0.5,YELLOW,630923441,AREA 3,JATIM,MADIUN,MADIUN,,,0,0,0,JAWA TIMUR,MAGETAN,MAGETAN,MAGETAN,NGAWI
3624719087,,ODP-MGT-FH/48,-7.670221,111.353093,,,4,4,0,0,8,REGIONAL 5,MADIUN,NGAWI,MGT,,,2024-03-16 23:28:22,43627,2019,6,NON TITO,,,JAWA TIMUR,0.5,YELLOW,630851020,AREA 3,JATIM,MADIUN,MADIUN,,,0,0,0,JAWA TIMUR,MAGETAN,NGARIBOYO,MOJOPURNO,NGAWI
3632293648,,ODP-MGT-FW/22,-7.63155,111.298643,,,8,8,0,0,16,REGIONAL 5,MADIUN,NGAWI,MGT,,,2024-03-16 23:22:58,43626,2019,6,NON TITO,,,JAWA TIMUR,0.5,YELLOW,630846870,AREA 3,JATIM,MADIUN,MADIUN,,,0,0,0,JAWA TIMUR,MAGETAN,PANEKAN,TANJUNGSARI,NGAWI
3632293638,,ODP-MGT-FW/21,-7.631028,111.295647,,,5,11,0,0,16,REGIONAL 5,MADIUN,NGAWI,MGT,,,2024-03-16 23:21:19,43626,2019,6,NON TITO,,,JAWA TIMUR,0.6875,YELLOW,630846864,AREA 3,JATIM,MADIUN,MADIUN,,,0,0,0,JAWA TIMUR,MAGETAN,PANEKAN,TANJUNGSARI,NGAWI
3608069130,,ODP-MGT-FH/45,-7.676258,111.313396,,,7,9,0,0,16,REGIONAL 5,MADIUN,NGAWI,MGT,,,2024-03-16 23:24:00,43613,2019,5,NON TITO,,,JAWA TIMUR,0.5625,YELLOW,629719389,AREA 3,JATIM,MADIUN,MADIUN,,,0,0,0,JAWA TIMUR,MAGETAN,NGARIBOYO,SELOPANGGUNG,NGAWI
3608069100,,ODP-MGT-FH/44,-7.677967,111.312691,,,4,4,0,0,8,REGIONAL 5,MADIUN,NGAWI,MGT,,,2024-03-16 23:24:21,43613,2019,5,NON TITO,,,JAWA TIMUR,0.5,YELLOW,629719370,AREA 3,JATIM,MADIUN,MADIUN,,,0,0,0,JAWA TIMUR,MAGETAN,NGARIBOYO,SELOPANGGUNG,NGAWI
3611897587,,ODP-MGT-FH/46,-7.680681,111.335459,,,3,5,0,0,8,REGIONAL 5,MADIUN,NGAWI,MGT,,,2024-03-16 23:24:20,43612,2019,5,NON TITO,,,JAWA TIMUR,0.625,YELLOW,629716174,AREA 3,JATIM,MADIUN,MADIUN,,,0,0,0,JAWA TIMUR,MAGETAN,NGARIBOYO,NGARIBOYO,NGAWI
3610322017,,ODP-MGT-FM/32,-7.663694,111.2687,,,6,10,0,0,16,REGIONAL 5,MADIUN,NGAWI,MGT,,,2024-03-16 23:23:25,43608,2019,5,NON TITO,,,JAWA TIMUR,0.625,YELLOW,629040842,AREA 3,JATIM,MADIUN,MADIUN,,,0,0,0,JAWA TIMUR,MAGETAN,SIDOREJO,SIDOREJO,NGAWI
3611369193,,ODP-MGT-FK/68,-7.652739,111.313761,,,2,6,0,0,8,REGIONAL 5,MADIUN,NGAWI,MGT,,,2024-03-16 23:23:21,43609,2019,5,NON TITO,,,JAWA TIMUR,0.75,YELLOW,629005903,AREA 3,JATIM,MADIUN,MADIUN,,,0,0,0,JAWA TIMUR,MAGETAN,MAGETAN,SELOSARI,NGAWI
3611368944,,ODP-MGT-FK/06,-7.65632,111.31793,,,6,10,0,0,16,REGIONAL 5,MADIUN,NGAWI,MGT,,,2024-03-16 23:22:18,43609,2019,5,NON TITO,,,JAWA TIMUR,0.625,YELLOW,629005699,AREA 3,JATIM,MADIUN,MADIUN,,,0,0,0,JAWA TIMUR,MAGETAN,MAGETAN,SELOSARI,NGAWI
3611368807,,ODP-MGT-FK/05,-7.655933,111.316745,,,4,12,0,0,16,REGIONAL 5,MADIUN,NGAWI,MGT,,,2024-03-16 23:23:43,43609,2019,5,NON TITO,,,JAWA TIMUR,0.75,YELLOW,629005589,AREA 3,JATIM,MADIUN,MADIUN,,,0,0,0,JAWA TIMUR,MAGETAN,MAGETAN,SELOSARI,NGAWI
3611368802,,ODP-MGT-FK/04,-7.650148,111.314947,,,5,11,0,0,16,REGIONAL 5,MADIUN,NGAWI,MGT,,,2024-03-16 23:23:05,43609,2019,5,NON TITO,,,JAWA TIMUR,0.6875,YELLOW,629005584,AREA 3,JATIM,MADIUN,MADIUN,,,0,0,0,JAWA TIMUR,MAGETAN,MAGETAN,SELOSARI,NGAWI
3610322002,,ODP-MGT-FM/31,-7.656609,111.268611,,,3,5,0,0,8,REGIONAL 5,MADIUN,NGAWI,MGT,,,2024-03-16 23:23:37,43608,2019,5,NON TITO,,,JAWA TIMUR,0.625,YELLOW,628995692,AREA 3,JATIM,MADIUN,MADIUN,,,0,0,0,JAWA TIMUR,MAGETAN,SIDOREJO,SIDOMULYO,NGAWI
2501594398,,ODP-WKU-FF/09,-7.368494,111.18549,,,6,10,0,0,16,REGIONAL 5,MADIUN,NGAWI,WKU,,,2024-03-16 23:28:50,43230,2018,5,NON TITO,,,JAWA TIMUR,0.625,YELLOW,354180793,AREA 3,JATIM,MADIUN,MADIUN,,,0,0,0,JAWA TIMUR,NGAWI,MANTINGAN,SAMBIREJO,NGAWI
3610321920,,ODP-MGT-FM/28,-7.665513,111.265457,,,3,5,0,0,8,REGIONAL 5,MADIUN,NGAWI,MGT,,,2024-03-16 23:23:47,43608,2019,5,NON TITO,,,JAWA TIMUR,0.625,YELLOW,628995656,AREA 3,JATIM,MADIUN,MADIUN,,,0,0,0,JAWA TIMUR,MAGETAN,PLAOSAN,PACALAN,NGAWI
3612045220,,ODP-MGT-FK/66,-7.655297,111.324473,,,7,8,0,0,16,REGIONAL 5,MADIUN,NGAWI,MGT,,,2024-03-16 23:28:13,43607,2019,5,NON TITO,,,JAWA TIMUR,0.5,YELLOW,628989836,AREA 3,JATIM,MADIUN,MADIUN,,,0,0,0,JAWA TIMUR,MAGETAN,MAGETAN,KEPOLOREJO,NGAWI
3612044997,,ODP-MGT-FK/67,-7.656224,111.320242,,,8,8,0,0,16,REGIONAL 5,MADIUN,NGAWI,MGT,,,2024-03-16 23:28:23,43607,2019,5,NON TITO,,,JAWA TIMUR,0.5,YELLOW,628989684,AREA 3,JATIM,MADIUN,MADIUN,,,0,0,0,JAWA TIMUR,MAGETAN,MAGETAN,KEPOLOREJO,NGAWI
2501594428,,ODP-WKU-FB/10,-7.397711,111.225033,,,4,4,0,0,8,REGIONAL 5,MADIUN,NGAWI,WKU,,,2024-03-16 23:27:39,43230,2018,5,NON TITO,,,JAWA TIMUR,0.5,YELLOW,354180802,AREA 3,JATIM,MADIUN,MADIUN,,,0,0,0,JAWA TIMUR,NGAWI,WIDODAREN,WALIKUKUN,NGAWI
3612044751,,ODP-MGT-FN/19,-7.751071,111.331022,,,3,5,0,0,8,REGIONAL 5,MADIUN,NGAWI,MGT,,,2024-03-16 23:28:15,43607,2019,5,NON TITO,,,JAWA TIMUR,0.625,YELLOW,628989448,AREA 3,JATIM,MADIUN,MADIUN,,,0,0,0,JAWA TIMUR,MAGETAN,PARANG,PARANG,NGAWI
3612044327,,ODP-MGT-FN/18,-7.737743,111.345709,,,8,8,0,0,16,REGIONAL 5,MADIUN,NGAWI,MGT,,,2024-03-16 23:26:46,43607,2019,5,NON TITO,,,JAWA TIMUR,0.5,YELLOW,628989007,AREA 3,JATIM,MADIUN,MADIUN,,,0,0,0,JAWA TIMUR,MAGETAN,PARANG,TAMANARUM,NGAWI
3599145205,,ODP-MGT-FA/82,-7.653425,111.325574,,,3,5,0,0,8,REGIONAL 5,MADIUN,NGAWI,MGT,,,2024-03-16 23:28:52,43606,2019,5,NON TITO,,,JAWA TIMUR,0.625,YELLOW,628982225,AREA 3,JATIM,MADIUN,MADIUN,,,0,0,0,JAWA TIMUR,MAGETAN,MAGETAN,KEPOLOREJO,NGAWI
3599145058,,ODP-MGT-FA/83,-7.652519,111.323708,,,8,8,0,0,16,REGIONAL 5,MADIUN,NGAWI,MGT,,,2024-03-16 23:28:59,43606,2019,5,NON TITO,,,JAWA TIMUR,0.5,YELLOW,628982125,AREA 3,JATIM,MADIUN,MADIUN,,,0,0,0,JAWA TIMUR,MAGETAN,MAGETAN,KEPOLOREJO,NGAWI
2501594438,,ODP-WKU-FF/08,-7.367492,111.18599,,,2,6,0,0,8,REGIONAL 5,MADIUN,NGAWI,WKU,,,2024-03-16 23:28:53,43230,2018,5,NON TITO,,,JAWA TIMUR,0.75,YELLOW,354180805,AREA 3,JATIM,MADIUN,MADIUN,,,0,0,0,JAWA TIMUR,NGAWI,MANTINGAN,SAMBIREJO,NGAWI
3599144813,,ODP-MGT-FA/84,-7.651593,111.32189,,,3,5,0,0,8,REGIONAL 5,MADIUN,NGAWI,MGT,,,2024-03-16 23:28:11,43606,2019,5,NON TITO,,,JAWA TIMUR,0.625,YELLOW,628981950,AREA 3,JATIM,MADIUN,MADIUN,,,0,0,0,JAWA TIMUR,MAGETAN,MAGETAN,TAWANGANOM,NGAWI
3602520027,,ODP-GGR-FA/73,-7.686921,111.417234,,,6,10,0,0,16,REGIONAL 5,MADIUN,NGAWI,GGR,,,2024-03-16 23:29:15,43606,2019,5,NON TITO,,,JAWA TIMUR,0.625,YELLOW,628981566,AREA 3,JATIM,MADIUN,MADIUN,,,0,0,0,JAWA TIMUR,MAGETAN,KAWEDANAN,TULUNG,NGAWI
2501594448,,ODP-WKU-FF/01,-7.35166,111.194375,,,2,6,0,0,8,REGIONAL 5,MADIUN,NGAWI,WKU,,,2024-03-16 23:28:41,43230,2018,5,NON TITO,,,JAWA TIMUR,0.75,YELLOW,354180808,AREA 3,JATIM,MADIUN,MADIUN,,,0,0,0,JAWA TIMUR,NGAWI,KARANGANYAR,SRI WEDARI,NGAWI
3602519046,,ODP-SAR-FB/11,-7.677858,111.241327,,,5,11,0,0,16,REGIONAL 5,MADIUN,NGAWI,SAR,,,2024-03-16 23:28:29,43606,2019,5,NON TITO,,,JAWA TIMUR,0.6875,YELLOW,628980922,AREA 3,JATIM,MADIUN,MADIUN,,,0,0,0,JAWA TIMUR,MAGETAN,PLAOSAN,PLAOSAN,NGAWI
2510971978,,ODP-WKU-FA/41,-7.369552,111.222563,,,5,11,0,0,16,REGIONAL 5,MADIUN,NGAWI,WKU,,,2024-03-16 23:23:52,43236,2018,5,NON TITO,,,JAWA TIMUR,0.6875,YELLOW,354222586,AREA 3,JATIM,MADIUN,MADIUN,,,0,0,0,JAWA TIMUR,NGAWI,WIDODAREN,KAUMAN,NGAWI
4430669134,,ODP-JGO-FB/48,-7.564765,111.2783,,,3,5,0,0,8,REGIONAL 5,MADIUN,NGAWI,JGO,,,2024-03-16 23:26:28,43826,2019,12,NON TITO,,,JAWA TIMUR,0.625,YELLOW,789572083,AREA 3,JATIM,MADIUN,MADIUN,,,0,0,0,JAWA TIMUR,NGAWI,KENDAL,SIDOREJO,NGAWI
4442999272,,ODP-JGO-FB/51,-7.546628,111.283433,,,8,8,0,0,16,REGIONAL 5,MADIUN,NGAWI,JGO,,,2024-03-16 23:23:01,43840,2020,1,NON TITO,,,JAWA TIMUR,0.5,YELLOW,789785114,AREA 3,JATIM,MADIUN,MADIUN,,,0,0,0,JAWA TIMUR,NGAWI,KENDAL,DADAPAN,NGAWI
5198593533,,ODP-NWI-FJ/55,-7.427172,111.377369,,,4,4,0,0,8,REGIONAL 5,MADIUN,NGAWI,NWI,,,2024-03-16 23:24:54,44023,2020,7,NON TITO,,,JAWA TIMUR,0.5,YELLOW,831371363,AREA 3,JATIM,MADIUN,MADIUN,,,0,0,0,JAWA TIMUR,NGAWI,PARON,GELUNG,NGAWI
5201443552,,ODP-NWI-FG/115,-7.398471,111.444735,,,3,5,0,0,8,REGIONAL 5,MADIUN,NGAWI,NWI,,,2024-03-16 23:25:31,44022,2020,7,NON TITO,,,JAWA TIMUR,0.625,YELLOW,831310175,AREA 3,JATIM,MADIUN,MADIUN,,,0,0,0,JAWA TIMUR,NGAWI,NGAWI,KETANGGI,NGAWI
2248470782,,ODP-NWI-FF/44,-7.401713,111.443152,,,7,9,0,0,16,REGIONAL 5,MADIUN,NGAWI,NWI,,,2024-03-16 23:27:17,43152,2018,2,NON TITO,,,JAWA TIMUR,0.5625,YELLOW,323945113,AREA 3,JATIM,MADIUN,MADIUN,,,0,0,0,JAWA TIMUR,NGAWI,NGAWI,MARGOMULYO,NGAWI
5147445289,,ODP-NWI-FC/114,-7.410629,111.480342,,,2,6,0,0,8,REGIONAL 5,MADIUN,NGAWI,NWI,,,2024-03-16 23:26:27,44017,2020,7,NON TITO,,,JAWA TIMUR,0.75,YELLOW,831047409,AREA 3,JATIM,MADIUN,MADIUN,,,0,0,0,JAWA TIMUR,NGAWI,NGAWI,KARANG TENGAH PRANDON,NGAWI
5125097348,,ODP-NWI-FJ/54,-7.434494,111.398341,,,2,6,0,0,8,REGIONAL 5,MADIUN,NGAWI,NWI,,,2024-03-16 23:23:53,44012,2020,6,NON TITO,,,JAWA TIMUR,0.75,YELLOW,831012843,AREA 3,JATIM,MADIUN,MADIUN,,,0,0,0,JAWA TIMUR,NGAWI,PARON,PARON,NGAWI
5125096384,,ODP-GGR-FA/104,-7.673724,111.393107,,,4,12,0,0,16,REGIONAL 5,MADIUN,NGAWI,GGR,,,2024-03-16 23:23:53,44008,2020,6,NON TITO,,,JAWA TIMUR,0.75,YELLOW,830983490,AREA 3,JATIM,MADIUN,MADIUN,,,0,0,0,JAWA TIMUR,MAGETAN,KAWEDANAN,SELOREJO,NGAWI
5132368531,,ODP-GGR-FA/107,-7.691027,111.42388,,,3,5,0,0,8,REGIONAL 5,MADIUN,NGAWI,GGR,,,2024-03-16 23:24:12,44008,2020,6,NON TITO,,,JAWA TIMUR,0.625,YELLOW,830979155,AREA 3,JATIM,MADIUN,MADIUN,,,0,0,0,JAWA TIMUR,MAGETAN,KAWEDANAN,TULUNG,NGAWI
2248470823,,ODP-NWI-FF/53,-7.404962,111.440509,,,4,12,0,0,16,REGIONAL 5,MADIUN,NGAWI,NWI,,,2024-03-16 23:27:12,43152,2018,2,NON TITO,,,JAWA TIMUR,0.75,YELLOW,323945160,AREA 3,JATIM,MADIUN,MADIUN,,,0,0,0,JAWA TIMUR,NGAWI,NGAWI,MARGOMULYO,NGAWI
2248470840,,ODP-NWI-FF/50,-7.402976,111.441022,,,8,8,0,0,16,REGIONAL 5,MADIUN,NGAWI,NWI,,,2024-03-16 23:27:14,43152,2018,2,NON TITO,,,JAWA TIMUR,0.5,YELLOW,323945174,AREA 3,JATIM,MADIUN,MADIUN,,,0,0,0,JAWA TIMUR,NGAWI,NGAWI,MARGOMULYO,NGAWI
2248470868,,ODP-NWI-FF/51,-7.406518,111.443913,,,7,9,0,0,16,REGIONAL 5,MADIUN,NGAWI,NWI,,,2024-03-16 23:26:26,43152,2018,2,NON TITO,,,JAWA TIMUR,0.5625,YELLOW,323945191,AREA 3,JATIM,MADIUN,MADIUN,,,0,0,0,JAWA TIMUR,NGAWI,NGAWI,MARGOMULYO,NGAWI
2269771205,,ODP-GGR-FA/57,-7.685986,111.393748,,,3,5,0,0,8,REGIONAL 5,MADIUN,NGAWI,GGR,,,2024-03-16 23:22:24,43155,2018,2,NON TITO,,,JAWA TIMUR,0.625,YELLOW,323965050,AREA 3,JATIM,MADIUN,MADIUN,,,0,0,0,JAWA TIMUR,MAGETAN,KAWEDANAN,MANGUNREJO,NGAWI
2248470816,,ODP-NWI-FF/54,-7.405622,111.438795,,,8,8,0,0,16,REGIONAL 5,MADIUN,NGAWI,NWI,,,2024-03-16 23:27:38,43152,2018,2,NON TITO,,,JAWA TIMUR,0.5,YELLOW,324014131,AREA 3,JATIM,MADIUN,MADIUN,,,0,0,0,JAWA TIMUR,NGAWI,NGAWI,MARGOMULYO,NGAWI
5117368639,,ODP-GGR-FA/102,-7.715528,111.419449,,,9,7,0,0,16,REGIONAL 5,MADIUN,NGAWI,GGR,,,2024-03-16 23:23:55,44005,2020,6,NON TITO,,,JAWA TIMUR,0.4375,YELLOW,830876214,AREA 3,JATIM,MADIUN,MADIUN,,,0,0,0,JAWA TIMUR,MAGETAN,KAWEDANAN,TLADAN,NGAWI
2248470835,,ODP-NWI-FF/47,-7.402413,111.442364,,,3,5,0,0,8,REGIONAL 5,MADIUN,NGAWI,NWI,,,2024-03-16 23:27:17,43152,2018,2,NON TITO,,,JAWA TIMUR,0.625,YELLOW,324014150,AREA 3,JATIM,MADIUN,MADIUN,,,0,0,0,JAWA TIMUR,NGAWI,NGAWI,MARGOMULYO,NGAWI
5083020577,,ODP-GGR-FA/106,-7.686103,111.440639,,,4,4,0,0,8,REGIONAL 5,MADIUN,NGAWI,GGR,,,2024-03-16 23:25:19,44002,2020,6,NON TITO,,,JAWA TIMUR,0.5,YELLOW,830859585,AREA 3,JATIM,MADIUN,MADIUN,,,0,0,0,JAWA TIMUR,MAGETAN,NGUNTORONADI,SIMBATAN,NGAWI
5106868796,,ODP-NWI-FE/137,-7.426535,111.447175,,,9,7,0,0,16,REGIONAL 5,MADIUN,NGAWI,NWI,,,2024-03-16 23:26:45,44002,2020,6,NON TITO,,,JAWA TIMUR,0.4375,YELLOW,830859238,AREA 3,JATIM,MADIUN,MADIUN,,,0,0,0,JAWA TIMUR,NGAWI,GENENG,KLITIK,NGAWI
5094868548,,ODP-KRJ-FC/34,-7.451373,111.596937,,,4,4,0,0,8,REGIONAL 5,MADIUN,NGAWI,KRJ,,,2024-03-16 23:23:35,44000,2020,6,NON TITO,,,JAWA TIMUR,0.5,YELLOW,830849800,AREA 3,JATIM,MADIUN,MADIUN,,,0,0,0,JAWA TIMUR,NGAWI,KARANGJATI,KARANGJATI,NGAWI
5056093928,,ODP-JGO-FA/53,-7.520898,111.252961,,,2,6,0,0,8,REGIONAL 5,MADIUN,NGAWI,JGO,,,2024-03-16 23:23:35,43995,2020,6,NON TITO,,,JAWA TIMUR,0.75,YELLOW,830775807,AREA 3,JATIM,MADIUN,MADIUN,,,0,0,0,JAWA TIMUR,NGAWI,JOGOROGO,JOGOROGO,NGAWI
2327302733,,ODP-JGO-FE/03,-7.494546,111.305551,,,7,7,0,0,16,REGIONAL 5,MADIUN,NGAWI,JGO,,,2024-03-16 23:28:33,43176,2018,3,NON TITO,,,JAWA TIMUR,0.4375,YELLOW,333170175,AREA 3,JATIM,MADIUN,MADIUN,,,0,0,0,JAWA TIMUR,NGAWI,PARON,GENTONG,NGAWI
2327302793,,ODP-JGO-FE/05,-7.497051,111.302611,,,8,8,0,0,16,REGIONAL 5,MADIUN,NGAWI,JGO,,,2024-03-16 23:28:36,43176,2018,3,NON TITO,,,JAWA TIMUR,0.5,YELLOW,333170193,AREA 3,JATIM,MADIUN,MADIUN,,,0,0,0,JAWA TIMUR,NGAWI,PARON,GENTONG,NGAWI
5034944002,,ODP-NWI-FA/86,-7.48552,111.38381,,,3,5,0,0,8,REGIONAL 5,MADIUN,NGAWI,NWI,,,2024-03-16 23:24:28,43990,2020,6,NON TITO,,,JAWA TIMUR,0.625,YELLOW,830688988,AREA 3,JATIM,MADIUN,MADIUN,,,0,0,0,JAWA TIMUR,NGAWI,PARON,KEDUNG PUTRI,NGAWI
2327302520,,ODP-JGO-FE/04,-7.495641,111.30426,,,2,6,0,0,8,REGIONAL 5,MADIUN,NGAWI,JGO,,,2024-03-16 23:26:54,43176,2018,3,NON TITO,,,JAWA TIMUR,0.75,YELLOW,333319829,AREA 3,JATIM,MADIUN,MADIUN,,,0,0,0,JAWA TIMUR,NGAWI,PARON,GENTONG,NGAWI
4995194012,,ODP-GGR-FC/53,-7.681887,111.477888,,,4,11,0,0,16,REGIONAL 5,MADIUN,NGAWI,GGR,,,2024-03-16 23:26:43,43972,2020,5,NON TITO,,,JAWA TIMUR,0.6875,YELLOW,830170626,AREA 3,JATIM,MADIUN,MADIUN,,,0,0,0,JAWA TIMUR,MAGETAN,TAKERAN,TAKERAN,NGAWI
4976968790,,ODP-GGR-FF/03,-7.669386,111.415358,,,8,8,0,0,16,REGIONAL 5,MADIUN,NGAWI,GGR,,,2024-03-16 23:22:41,43971,2020,5,NON TITO,,,JAWA TIMUR,0.5,YELLOW,830162492,AREA 3,JATIM,MADIUN,MADIUN,,,0,0,0,JAWA TIMUR,MAGETAN,KAWEDANAN,KARANGREJO,NGAWI
4976968785,,ODP-GGR-FF/02,-7.658745,111.423588,,,4,4,0,0,8,REGIONAL 5,MADIUN,NGAWI,GGR,,,2024-03-16 23:21:08,43971,2020,5,NON TITO,,,JAWA TIMUR,0.5,YELLOW,830162489,AREA 3,JATIM,MADIUN,MADIUN,,,0,0,0,JAWA TIMUR,MAGETAN,BENDO,BELOTAN,NGAWI
4976968775,,ODP-GGR-FF/01,-7.639011,111.428821,,,2,5,0,0,8,REGIONAL 5,MADIUN,NGAWI,GGR,,,2024-03-16 23:22:07,43971,2020,5,NON TITO,,,JAWA TIMUR,0.625,YELLOW,830162483,AREA 3,JATIM,MADIUN,MADIUN,,,0,0,0,JAWA TIMUR,MAGETAN,BENDO,BENDO,NGAWI
2327302658,,ODP-JGO-FE/06,-7.500375,111.296289,,,5,11,0,0,16,REGIONAL 5,MADIUN,NGAWI,JGO,,,2024-03-16 23:28:39,43176,2018,3,NON TITO,,,JAWA TIMUR,0.6875,YELLOW,333319873,AREA 3,JATIM,MADIUN,MADIUN,,,0,0,0,JAWA TIMUR,NGAWI,JOGOROGO,SOCO,NGAWI
5224393721,,ODP-NWI-FH/31,-7.396309,111.410242,,,6,10,0,0,16,REGIONAL 5,MADIUN,NGAWI,NWI,,,2024-03-16 23:24:17,44028,2020,7,NON TITO,,,JAWA TIMUR,0.625,YELLOW,832099309,AREA 3,JATIM,MADIUN,MADIUN,,,0,0,0,JAWA TIMUR,NGAWI,NGAWI,WATUALANG,NGAWI
4979519354,,ODP-GGR-FE/01,-7.709479,111.442712,,,4,4,0,0,8,REGIONAL 5,MADIUN,NGAWI,GGR,,,2024-03-16 23:29:16,43970,2020,5,NON TITO,,,JAWA TIMUR,0.5,YELLOW,830157966,AREA 3,JATIM,MADIUN,MADIUN,,,0,0,0,JAWA TIMUR,MAGETAN,NGUNTORONADI,NGUNTORONADI,NGAWI
5241868708,,ODP-MGT-FH/53,-7.684387,111.351005,,,6,10,0,0,16,REGIONAL 5,MADIUN,NGAWI,MGT,,,2024-03-16 23:28:58,44032,2020,7,NON TITO,,,JAWA TIMUR,0.625,YELLOW,832774968,AREA 3,JATIM,MADIUN,MADIUN,,,0,0,0,JAWA TIMUR,MAGETAN,NGARIBOYO,BANYUDONO,NGAWI
5242168956,,ODP-NWI-FG/116,-7.384591,111.4424,,,6,10,0,0,16,REGIONAL 5,MADIUN,NGAWI,NWI,,,2024-03-16 23:22:40,44034,2020,7,NON TITO,,,JAWA TIMUR,0.625,YELLOW,833147511,AREA 3,JATIM,MADIUN,MADIUN,,,0,0,0,JAWA TIMUR,NGAWI,PITU,SELOPURO,NGAWI
5658270667,,ODP-MGT-FY/37,-7.65891,111.332438,,,4,4,0,0,8,REGIONAL 5,MADIUN,NGAWI,MGT,,,2024-03-16 23:28:00,44152,2020,11,NON TITO,,,JAWA TIMUR,0.5,YELLOW,856793349,AREA 3,JATIM,MADIUN,MADIUN,,,0,0,0,JAWA TIMUR,MAGETAN,MAGETAN,BULUKERTO,NGAWI
5678969098,,ODP-MGT-FQ/28,-7.645476,111.348994,,,4,4,0,0,8,REGIONAL 5,MADIUN,NGAWI,MGT,,,2024-03-16 23:28:59,44152,2020,11,NON TITO,,,JAWA TIMUR,0.5,YELLOW,856793236,AREA 3,JATIM,MADIUN,MADIUN,,,0,0,0,JAWA TIMUR,MAGETAN,MAGETAN,PURWOSARI,NGAWI
5678969095,,ODP-MGT-FQ/29,-7.644435,111.350751,,,4,4,0,0,8,REGIONAL 5,MADIUN,NGAWI,MGT,,,2024-03-16 23:28:26,44152,2020,11,NON TITO,,,JAWA TIMUR,0.5,YELLOW,856793234,AREA 3,JATIM,MADIUN,MADIUN,,,0,0,0,JAWA TIMUR,MAGETAN,MAGETAN,PURWOSARI,NGAWI
5667869255,,ODP-MGT-FD/65,-7.641,111.329224,,,2,6,0,0,8,REGIONAL 5,MADIUN,NGAWI,MGT,,,2024-03-16 23:29:06,44149,2020,11,NON TITO,,,JAWA TIMUR,0.75,YELLOW,856776415,AREA 3,JATIM,MADIUN,MADIUN,,,0,0,0,JAWA TIMUR,MAGETAN,MAGETAN,KEPOLOREJO,NGAWI
5679043848,,ODP-WKU-FD/43,-7.364111,111.149237,,,3,5,0,0,8,REGIONAL 5,MADIUN,NGAWI,WKU,,,2024-03-16 23:22:28,44147,2020,11,NON TITO,,,JAWA TIMUR,0.625,YELLOW,856606555,AREA 3,JATIM,MADIUN,MADIUN,,,0,0,0,JAWA TIMUR,NGAWI,MANTINGAN,MANTINGAN,NGAWI
2203245707,,ODP-NWI-FG/99,-7.398556,111.441785,,,8,8,0,0,16,REGIONAL 5,MADIUN,NGAWI,NWI,,,2024-03-16 23:27:42,43140,2018,2,NON TITO,,,JAWA TIMUR,0.5,YELLOW,320862654,AREA 3,JATIM,MADIUN,MADIUN,,,0,0,0,JAWA TIMUR,NGAWI,NGAWI,KARANGTENGAH,NGAWI
5657068966,,ODP-NWI-FL/09,-7.38541,111.46907,,,3,5,0,0,8,REGIONAL 5,MADIUN,NGAWI,NWI,,,2024-03-16 23:22:48,44145,2020,11,NON TITO,,,JAWA TIMUR,0.625,YELLOW,856558339,AREA 3,JATIM,MADIUN,MADIUN,,,0,0,0,JAWA TIMUR,NGAWI,NGAWI,KARANGTENGAHPRANDON,NGAWI
2203245721,,ODP-NWI-FG/101,-7.397852,111.444062,,,8,8,0,0,16,REGIONAL 5,MADIUN,NGAWI,NWI,,,2024-03-16 23:27:48,43140,2018,2,NON TITO,,,JAWA TIMUR,0.5,YELLOW,320862658,AREA 3,JATIM,MADIUN,MADIUN,,,0,0,0,JAWA TIMUR,NGAWI,NGAWI,KARANGTENGAH,NGAWI
5607944880,,ODP-MGT-FU/58,-7.647991,111.328026,,,2,6,0,0,8,REGIONAL 5,MADIUN,NGAWI,MGT,,,2024-03-16 23:22:59,44138,2020,11,NON TITO,,,JAWA TIMUR,0.75,YELLOW,856339404,AREA 3,JATIM,MADIUN,MADIUN,,,0,0,0,JAWA TIMUR,MAGETAN,MAGETAN,KEPOLOREJO,NGAWI
5600369751,,ODP-MGT-FA/92,-7.640266,111.311922,,,3,5,0,0,8,REGIONAL 5,MADIUN,NGAWI,MGT,,,2024-03-16 23:28:34,44138,2020,11,NON TITO,,,JAWA TIMUR,0.625,YELLOW,856329044,AREA 3,JATIM,MADIUN,MADIUN,,,0,0,0,JAWA TIMUR,MAGETAN,MAGETAN,TAWANGANOM,NGAWI
5617018620,,ODP-NWI-FB/101,-7.463285,111.432243,,,2,6,0,0,8,REGIONAL 5,MADIUN,NGAWI,NWI,,,2024-03-16 23:23:29,44133,2020,10,NON TITO,,,JAWA TIMUR,0.75,YELLOW,855886270,AREA 3,JATIM,MADIUN,MADIUN,,,0,0,0,JAWA TIMUR,NGAWI,PARON,TEMPURAN,NGAWI
5557019628,,ODP-NWI-FN/11,-7.511998,111.395015,,,3,5,0,0,8,REGIONAL 5,MADIUN,NGAWI,NWI,,,2024-03-16 23:23:03,44128,2020,10,NON TITO,,,JAWA TIMUR,0.625,YELLOW,855754531,AREA 3,JATIM,MADIUN,MADIUN,,,0,0,0,JAWA TIMUR,NGAWI,GERIH,GUYUNG,NGAWI
5549070251,,ODP-NWI-FA/90,-7.491955,111.429062,,,8,8,0,0,16,REGIONAL 5,MADIUN,NGAWI,NWI,,,2024-03-16 23:24:55,44124,2020,10,NON TITO,,,JAWA TIMUR,0.5,YELLOW,855609423,AREA 3,JATIM,MADIUN,MADIUN,,,0,0,0,JAWA TIMUR,NGAWI,GENENG,TAMBAKROMO,NGAWI
5552444524,,ODP-KRJ-FD/27,-7.423399,111.562305,,,8,8,0,0,16,REGIONAL 5,MADIUN,NGAWI,KRJ,,,2024-03-16 23:24:29,44120,2020,10,NON TITO,,,JAWA TIMUR,0.5,YELLOW,855472366,AREA 3,JATIM,MADIUN,MADIUN,,,0,0,0,JAWA TIMUR,NGAWI,BRINGIN,DERO,NGAWI
2245168793,,ODP-NWI-FF/59,-7.411123,111.447965,,,5,11,0,0,16,REGIONAL 5,MADIUN,NGAWI,NWI,,,2024-03-16 23:28:51,43145,2018,2,NON TITO,,,JAWA TIMUR,0.6875,YELLOW,323864294,AREA 3,JATIM,MADIUN,MADIUN,,,0,0,0,JAWA TIMUR,NGAWI,NGAWI,MARGOMULYO,NGAWI
2245169038,,ODP-NWI-FF/60,-7.411274,111.446213,,,7,9,0,0,16,REGIONAL 5,MADIUN,NGAWI,NWI,,,2024-03-16 23:28:40,43145,2018,2,NON TITO,,,JAWA TIMUR,0.5625,YELLOW,323864383,AREA 3,JATIM,MADIUN,MADIUN,,,0,0,0,JAWA TIMUR,NGAWI,NGAWI,MARGOMULYO,NGAWI
2245169050,,ODP-NWI-FF/62,-7.410529,111.444343,,,4,12,0,0,16,REGIONAL 5,MADIUN,NGAWI,NWI,,,2024-03-16 23:28:39,43145,2018,2,NON TITO,,,JAWA TIMUR,0.75,YELLOW,323864390,AREA 3,JATIM,MADIUN,MADIUN,,,0,0,0,JAWA TIMUR,NGAWI,NGAWI,MARGOMULYO,NGAWI
2258671012,,ODP-KRJ-FA/22,-7.489087,111.540893,,,8,8,0,0,16,REGIONAL 5,MADIUN,NGAWI,KRJ,,,2024-03-16 23:23:24,43152,2018,2,NON TITO,,,JAWA TIMUR,0.5,YELLOW,323939974,AREA 3,JATIM,MADIUN,MADIUN,,,0,0,0,JAWA TIMUR,NGAWI,PANGKUR,PANGKUR,NGAWI
2248470649,,ODP-NWI-FF/45,-7.40161,111.442124,,,7,9,0,0,16,REGIONAL 5,MADIUN,NGAWI,NWI,,,2024-03-16 23:26:59,43152,2018,2,NON TITO,,,JAWA TIMUR,0.5625,YELLOW,323944957,AREA 3,JATIM,MADIUN,MADIUN,,,0,0,0,JAWA TIMUR,NGAWI,NGAWI,MARGOMULYO,NGAWI
5410844445,,ODP-MGT-FF/14,-7.646587,111.347054,,,2,6,0,0,8,REGIONAL 5,MADIUN,NGAWI,MGT,,,2024-03-16 23:26:58,44090,2020,9,NON TITO,,,JAWA TIMUR,0.75,YELLOW,843198178,AREA 3,JATIM,MADIUN,MADIUN,,,0,0,0,JAWA TIMUR,MAGETAN,MAGETAN,PURWOSARI,NGAWI
5326168752,,ODP-GGR-FE/11,-7.709956,111.468867,,,2,6,0,0,8,REGIONAL 5,MADIUN,NGAWI,GGR,,,2024-03-16 23:22:17,44058,2020,8,NON TITO,,,JAWA TIMUR,0.75,YELLOW,835622937,AREA 3,JATIM,MADIUN,MADIUN,,,0,0,0,JAWA TIMUR,MAGETAN,NGUNTORONADI,GORANG GARENG,NGAWI
2248470691,,ODP-NWI-FF/56,-7.407,111.44085,,,4,12,0,0,16,REGIONAL 5,MADIUN,NGAWI,NWI,,,2024-03-16 23:26:31,43152,2018,2,NON TITO,,,JAWA TIMUR,0.75,YELLOW,323945012,AREA 3,JATIM,MADIUN,MADIUN,,,0,0,0,JAWA TIMUR,NGAWI,NGAWI,MARGOMULYO,NGAWI
2248470713,,ODP-NWI-FF/52,-7.404182,111.441842,,,3,5,0,0,8,REGIONAL 5,MADIUN,NGAWI,NWI,,,2024-03-16 23:27:14,43152,2018,2,NON TITO,,,JAWA TIMUR,0.625,YELLOW,323945037,AREA 3,JATIM,MADIUN,MADIUN,,,0,0,0,JAWA TIMUR,NGAWI,NGAWI,MARGOMULYO,NGAWI
5259271224,,ODP-NWI-FE/139,-7.424034,111.441071,,,2,6,0,0,8,REGIONAL 5,MADIUN,NGAWI,NWI,,,2024-03-16 23:24:10,44042,2020,7,NON TITO,,,JAWA TIMUR,0.75,YELLOW,833669828,AREA 3,JATIM,MADIUN,MADIUN,,,0,0,0,JAWA TIMUR,NGAWI,GENENG,KLITIK,NGAWI
5249294248,,ODP-MGT-FAD/18,-7.649468,111.288813,,,2,6,0,0,8,REGIONAL 5,MADIUN,NGAWI,MGT,,,2024-03-16 23:26:53,44040,2020,7,NON TITO,,,JAWA TIMUR,0.75,YELLOW,833521074,AREA 3,JATIM,MADIUN,MADIUN,,,0,0,0,JAWA TIMUR,MAGETAN,SIDOREJO,WIDOROKANDANG,NGAWI
5277269825,,ODP-JGO-FA/54,-7.515236,111.262152,,,4,4,0,0,8,REGIONAL 5,MADIUN,NGAWI,JGO,,,2024-03-16 23:27:23,44042,2020,7,NON TITO,,,JAWA TIMUR,0.5,YELLOW,833457500,AREA 3,JATIM,MADIUN,MADIUN,,,0,0,0,JAWA TIMUR,NGAWI,JOGOROGO,JOGOROGO,NGAWI
5257093685,,ODP-KRJ-FD/26,-7.455729,111.546287,,,2,6,0,0,8,REGIONAL 5,MADIUN,NGAWI,KRJ,,,2024-03-16 23:28:10,44035,2020,7,NON TITO,,,JAWA TIMUR,0.75,YELLOW,833158911,AREA 3,JATIM,MADIUN,MADIUN,,,0,0,0,JAWA TIMUR,NGAWI,PADAS,BINTOYO,NGAWI
5237144360,,ODP-GGR-FE/10,-7.709159,111.45898,,,2,6,0,0,8,REGIONAL 5,MADIUN,NGAWI,GGR,,,2024-03-16 23:26:50,44033,2020,7,NON TITO,,,JAWA TIMUR,0.75,YELLOW,833070453,AREA 3,JATIM,MADIUN,MADIUN,,,0,0,0,JAWA TIMUR,MAGETAN,NGUNTORONADI,PURWOREJO,NGAWI
4444693683,,ODP-MGT-FH/52,-7.68989,111.341626,,,3,5,0,0,8,REGIONAL 5,MADIUN,NGAWI,MGT,,,2024-03-16 23:29:08,43830,2019,12,NON TITO,,,JAWA TIMUR,0.625,YELLOW,789626813,AREA 3,JATIM,MADIUN,MADIUN,,,0,0,0,JAWA TIMUR,MAGETAN,NGARIBOYO,BANYUDONO,NGAWI
4979519349,,ODP-GGR-FE/04,-7.710102,111.457444,,,6,10,0,0,16,REGIONAL 5,MADIUN,NGAWI,GGR,,,2024-03-16 23:29:18,43970,2020,5,NON TITO,,,JAWA TIMUR,0.625,YELLOW,830157963,AREA 3,JATIM,MADIUN,MADIUN,,,0,0,0,JAWA TIMUR,MAGETAN,NGUNTORONADI,PETUNGREJO,NGAWI
4979519334,,ODP-GGR-FE/05,-7.710452,111.46009,,,9,7,0,0,16,REGIONAL 5,MADIUN,NGAWI,GGR,,,2024-03-16 23:28:54,43970,2020,5,NON TITO,,,JAWA TIMUR,0.4375,YELLOW,830157951,AREA 3,JATIM,MADIUN,MADIUN,,,0,0,0,JAWA TIMUR,MAGETAN,NGUNTORONADI,GORANGGARENG,NGAWI
4807019048,,ODP-MGT-FP/33,-7.688659,111.2937,,,4,4,0,0,8,REGIONAL 5,MADIUN,NGAWI,MGT,,,2024-03-16 23:27:01,43930,2020,4,NON TITO,,,JAWA TIMUR,0.5,YELLOW,827856638,AREA 3,JATIM,MADIUN,MADIUN,,,0,0,0,JAWA TIMUR,MAGETAN,PLAOSAN,RANDUGEDE,NGAWI
2483444330,,ODP-MGT-FP/15,-7.673978,111.308398,,,4,12,0,0,16,REGIONAL 5,MADIUN,NGAWI,MGT,,,2024-03-16 23:26:24,43222,2018,5,NON TITO,,,JAWA TIMUR,0.75,YELLOW,353656414,AREA 3,JATIM,MADIUN,MADIUN,,,0,0,0,JAWA TIMUR,MAGETAN,NGARIBOYO,SELOPANGGUNG,NGAWI
4787372526,,ODP-NWI-FB/100,-7.446737,111.430324,,,3,5,0,0,8,REGIONAL 5,MADIUN,NGAWI,NWI,,,2024-03-16 23:27:27,43925,2020,4,NON TITO,,,JAWA TIMUR,0.625,YELLOW,827667169,AREA 3,JATIM,MADIUN,MADIUN,,,0,0,0,JAWA TIMUR,NGAWI,GENENG,KLITIK,NGAWI
4770795884,,ODP-NWI-FA/23,-7.507994,111.40486,,,8,8,0,0,16,REGIONAL 5,MADIUN,NGAWI,NWI,,,2024-03-16 23:25:22,43922,2020,4,NON TITO,,,JAWA TIMUR,0.5,YELLOW,827647731,AREA 3,JATIM,MADIUN,MADIUN,,,0,0,0,JAWA TIMUR,NGAWI,GERIH,GUYUNG,NGAWI
4757369471,,ODP-JGO-FC/43,-7.515881,111.19,,,4,4,0,0,8,REGIONAL 5,MADIUN,NGAWI,JGO,,,2024-03-16 23:26:23,43916,2020,3,NON TITO,,,JAWA TIMUR,0.5,YELLOW,827374928,AREA 3,JATIM,MADIUN,MADIUN,,,0,0,0,JAWA TIMUR,NGAWI,NGRAMBE,SAMBIREJO,NGAWI
2483444400,,ODP-WKU-FC/17,-7.422933,111.223571,,,6,9,0,0,16,REGIONAL 5,MADIUN,NGAWI,WKU,,,2024-03-16 23:27:10,43222,2018,5,NON TITO,,,JAWA TIMUR,0.5625,YELLOW,353656485,AREA 3,JATIM,MADIUN,MADIUN,,,0,0,0,JAWA TIMUR,NGAWI,WIDODAREN,KAYUTREJO,NGAWI
4755945174,,ODP-NWI-FL/07,-7.39427,111.470236,,,4,4,0,0,8,REGIONAL 5,MADIUN,NGAWI,NWI,,,2024-03-16 23:21:43,43913,2020,3,NON TITO,,,JAWA TIMUR,0.5,YELLOW,826948273,AREA 3,JATIM,MADIUN,MADIUN,,,0,0,0,JAWA TIMUR,NGAWI,NGAWI,KARANG TENGAH PRANDON,NGAWI
4757368980,,ODP-NWI-FE/135,-7.426013,111.447177,,,4,4,0,0,8,REGIONAL 5,MADIUN,NGAWI,NWI,,,2024-03-16 23:26:27,43913,2020,3,NON TITO,,,JAWA TIMUR,0.5,YELLOW,826947750,AREA 3,JATIM,MADIUN,MADIUN,,,0,0,0,JAWA TIMUR,NGAWI,GENENG,KLITIK,NGAWI
4748444870,,ODP-KRJ-FB/25,-7.49347,111.607626,,,2,6,0,0,8,REGIONAL 5,MADIUN,NGAWI,KRJ,,,2024-03-16 23:22:06,43910,2020,3,NON TITO,,,JAWA TIMUR,0.75,YELLOW,826927416,AREA 3,JATIM,MADIUN,MADIUN,,,0,0,0,JAWA TIMUR,MADIUN,PILANGKENCENG,MUNENG,NGAWI
4730443557,,ODP-JGO-FE/09,-7.472053,111.311356,,,3,5,0,0,8,REGIONAL 5,MADIUN,NGAWI,JGO,,,2024-03-16 23:24:25,43902,2020,3,NON TITO,,,JAWA TIMUR,0.625,YELLOW,825049105,AREA 3,JATIM,MADIUN,MADIUN,,,0,0,0,JAWA TIMUR,NGAWI,KEDUNGGALAR,KATIKAN,NGAWI
4722868860,,ODP-NWI-FM/08,-7.410715,111.381269,,,4,4,0,0,8,REGIONAL 5,MADIUN,NGAWI,NWI,,,2024-03-16 23:22:45,43901,2020,3,NON TITO,,,JAWA TIMUR,0.5,YELLOW,824935114,AREA 3,JATIM,MADIUN,MADIUN,,,0,0,0,JAWA TIMUR,NGAWI,PARON,KEBON,NGAWI
2483444420,,ODP-MGT-FP/11,-7.69101,111.290758,,,2,6,0,0,8,REGIONAL 5,MADIUN,NGAWI,MGT,,,2024-03-16 23:27:15,43222,2018,5,NON TITO,,,JAWA TIMUR,0.75,YELLOW,353656501,AREA 3,JATIM,MADIUN,MADIUN,,,0,0,0,JAWA TIMUR,MAGETAN,PLAOSAN,RANDUGEDE,NGAWI
4701944418,,ODP-MGT-FA/90,-7.635564,111.308321,,,4,4,0,0,8,REGIONAL 5,MADIUN,NGAWI,MGT,,,2024-03-16 23:23:24,43896,2020,3,NON TITO,,,JAWA TIMUR,0.5,YELLOW,824895333,AREA 3,JATIM,MADIUN,MADIUN,,,0,0,0,JAWA TIMUR,MAGETAN,PANEKAN,TERUNG,NGAWI
2483444498,,ODP-MGT-FP/16,-7.669708,111.310334,,,9,7,0,0,16,REGIONAL 5,MADIUN,NGAWI,MGT,,,2024-03-16 23:27:06,43222,2018,5,NON TITO,,,JAWA TIMUR,0.4375,YELLOW,353656578,AREA 3,JATIM,MADIUN,MADIUN,,,0,0,0,JAWA TIMUR,MAGETAN,MAGETAN,RINGINAGUNG,NGAWI
4671343848,,ODP-JGO-FB/49,-7.570177,111.310855,,,4,4,0,0,8,REGIONAL 5,MADIUN,NGAWI,JGO,,,2024-03-16 23:26:59,43887,2020,2,NON TITO,,,JAWA TIMUR,0.5,YELLOW,824540942,AREA 3,JATIM,MADIUN,MADIUN,,,0,0,0,JAWA TIMUR,NGAWI,KENDAL,MAJASEM,NGAWI
4641869578,,ODP-NWI-FG/111,-7.381992,111.436306,,,3,5,0,0,8,REGIONAL 5,MADIUN,NGAWI,NWI,,,2024-03-16 23:27:40,43881,2020,2,NON TITO,,,JAWA TIMUR,0.625,YELLOW,824081972,AREA 3,JATIM,MADIUN,MADIUN,,,0,0,0,JAWA TIMUR,NGAWI,PITU,DUMPLENGAN,NGAWI
4595819102,,ODP-JGO-FC/42,-7.504138,111.19658,,,4,12,0,0,16,REGIONAL 5,MADIUN,NGAWI,JGO,,,2024-03-16 23:25:53,43875,2020,2,NON TITO,,,JAWA TIMUR,0.75,YELLOW,823772071,AREA 3,JATIM,MADIUN,MADIUN,,,0,0,0,JAWA TIMUR,NGAWI,NGRAMBE,SIDOMULYO,NGAWI
4595598401,,ODP-MGT-FZ/35,-7.697592,111.251526,,,6,10,0,0,16,REGIONAL 5,MADIUN,NGAWI,MGT,,,2024-03-16 23:27:56,43874,2020,2,NON TITO,,,JAWA TIMUR,0.625,YELLOW,823394946,AREA 3,JATIM,MADIUN,MADIUN,,,0,0,0,JAWA TIMUR,MAGETAN,PLAOSAN,PLUMPUNG,NGAWI
4595598396,,ODP-MGT-FZ/34,-7.702217,111.248734,,,4,12,0,0,16,REGIONAL 5,MADIUN,NGAWI,MGT,,,2024-03-16 23:28:31,43874,2020,2,NON TITO,,,JAWA TIMUR,0.75,YELLOW,823394943,AREA 3,JATIM,MADIUN,MADIUN,,,0,0,0,JAWA TIMUR,MAGETAN,PLAOSAN,PLUMPUNG,NGAWI
2483444554,,ODP-WKU-FC/21,-7.416371,111.224091,,,4,4,0,0,8,REGIONAL 5,MADIUN,NGAWI,WKU,,,2024-03-16 23:27:06,43222,2018,5,NON TITO,,,JAWA TIMUR,0.5,YELLOW,353656615,AREA 3,JATIM,MADIUN,MADIUN,,,0,0,0,JAWA TIMUR,NGAWI,WIDODAREN,WALIKUKUN,NGAWI
4595598386,,ODP-MGT-FZ/36,-7.692385,111.254522,,,7,9,0,0,16,REGIONAL 5,MADIUN,NGAWI,MGT,,,2024-03-16 23:28:50,43874,2020,2,NON TITO,,,JAWA TIMUR,0.5625,YELLOW,823394937,AREA 3,JATIM,MADIUN,MADIUN,,,0,0,0,JAWA TIMUR,MAGETAN,PLAOSAN,BULUGUNUNG,NGAWI
2483444685,,ODP-WKU-FC/14,-7.403629,111.232394,,,3,5,0,0,8,REGIONAL 5,MADIUN,NGAWI,WKU,,,2024-03-16 23:27:23,43222,2018,5,NON TITO,,,JAWA TIMUR,0.625,YELLOW,353656685,AREA 3,JATIM,MADIUN,MADIUN,,,0,0,0,JAWA TIMUR,NGAWI,WIDODAREN,WALIKUKUN,NGAWI
2483444695,,ODP-WKU-FC/22,-7.414911,111.224729,,,3,5,0,0,8,REGIONAL 5,MADIUN,NGAWI,WKU,,,2024-03-16 23:26:18,43222,2018,5,NON TITO,,,JAWA TIMUR,0.625,YELLOW,353656688,AREA 3,JATIM,MADIUN,MADIUN,,,0,0,0,JAWA TIMUR,NGAWI,WIDODAREN,WALIKUKUN,NGAWI
2483444753,,ODP-WKU-FC/15,-7.401009,111.230673,,,3,5,0,0,8,REGIONAL 5,MADIUN,NGAWI,WKU,,,2024-03-16 23:27:20,43222,2018,5,NON TITO,,,JAWA TIMUR,0.625,YELLOW,353656714,AREA 3,JATIM,MADIUN,MADIUN,,,0,0,0,JAWA TIMUR,NGAWI,WIDODAREN,WALIKUKUN,NGAWI
4594469481,,ODP-KRJ-FB/28,-7.48193,111.615719,,,3,5,0,0,8,REGIONAL 5,MADIUN,NGAWI,KRJ,,,2024-03-16 23:24:50,43873,2020,2,NON TITO,,,JAWA TIMUR,0.625,YELLOW,822946215,AREA 3,JATIM,MADIUN,MADIUN,,,0,0,0,JAWA TIMUR,MADIUN,PILANGKENCENG,PULEREJO,NGAWI
4553368680,,ODP-KRJ-FA/33,-7.490535,111.529411,,,2,6,0,0,8,REGIONAL 5,MADIUN,NGAWI,KRJ,,,2024-03-16 23:24:40,43866,2020,2,NON TITO,,,JAWA TIMUR,0.75,YELLOW,804801305,AREA 3,JATIM,MADIUN,MADIUN,,,0,0,0,JAWA TIMUR,NGAWI,PANGKUR,PANGKUR,NGAWI
4505444973,,ODP-KRJ-FB/12,-7.471072,111.605198,,,3,5,0,0,8,REGIONAL 5,MADIUN,NGAWI,KRJ,,,2024-03-16 23:29:17,43854,2020,1,NON TITO,,,JAWA TIMUR,0.625,YELLOW,795135639,AREA 3,JATIM,MADIUN,MADIUN,,,0,0,0,JAWA TIMUR,NGAWI,KARANGJATI,SAWO,NGAWI
2462069968,,ODP-NWI-FC/75,-7.41787,111.501003,,,4,4,0,0,8,REGIONAL 5,MADIUN,NGAWI,NWI,,,2024-03-16 23:21:25,43214,2018,4,NON TITO,,,JAWA TIMUR,0.5,YELLOW,353298154,AREA 3,JATIM,MADIUN,MADIUN,,,0,0,0,JAWA TIMUR,NGAWI,KASREMAN,CANGAKAN,NGAWI
2327302878,,ODP-JGO-FE/08,-7.504599,111.28732,,,3,5,0,0,8,REGIONAL 5,MADIUN,NGAWI,JGO,,,2024-03-16 23:28:39,43176,2018,3,NON TITO,,,JAWA TIMUR,0.625,YELLOW,333319939,AREA 3,JATIM,MADIUN,MADIUN,,,0,0,0,JAWA TIMUR,NGAWI,JOGOROGO,TANJUNGSARI,NGAWI
4824868604,,ODP-NWI-FC/111,-7.394729,111.455706,,,4,4,0,0,8,REGIONAL 5,MADIUN,NGAWI,NWI,,,2024-03-16 23:27:27,43935,2020,4,NON TITO,,,JAWA TIMUR,0.5,YELLOW,828195461,AREA 3,JATIM,MADIUN,MADIUN,,,0,0,0,JAWA TIMUR,NGAWI,NGAWI,KARANGASRI,NGAWI
4807171277,,ODP-KRJ-FC/30,-7.441372,111.601872,,,3,5,0,0,8,REGIONAL 5,MADIUN,NGAWI,KRJ,,,2024-03-16 23:23:49,43938,2020,4,NON TITO,,,JAWA TIMUR,0.625,YELLOW,828224602,AREA 3,JATIM,MADIUN,MADIUN,,,0,0,0,JAWA TIMUR,NGAWI,BRINGIN,SUMBERBENING,NGAWI
4979519329,,ODP-GGR-FE/03,-7.711838,111.456255,,,2,6,0,0,8,REGIONAL 5,MADIUN,NGAWI,GGR,,,2024-03-16 23:28:34,43970,2020,5,NON TITO,,,JAWA TIMUR,0.75,YELLOW,830157947,AREA 3,JATIM,MADIUN,MADIUN,,,0,0,0,JAWA TIMUR,MAGETAN,NGUNTORONADI,PETUNGREJO,NGAWI
2327303008,,ODP-JGO-FE/07,-7.502803,111.290705,,,3,5,0,0,8,REGIONAL 5,MADIUN,NGAWI,JGO,,,2024-03-16 23:27:59,43176,2018,3,NON TITO,,,JAWA TIMUR,0.625,YELLOW,333319978,AREA 3,JATIM,MADIUN,MADIUN,,,0,0,0,JAWA TIMUR,NGAWI,JOGOROGO,SOCO,NGAWI
4966169865,,ODP-GGR-FA/101,-7.693206,111.420446,,,4,4,0,0,8,REGIONAL 5,MADIUN,NGAWI,GGR,,,2024-03-16 23:24:40,43966,2020,5,NON TITO,,,JAWA TIMUR,0.5,YELLOW,829864225,AREA 3,JATIM,MADIUN,MADIUN,,,0,0,0,JAWA TIMUR,MAGETAN,KAWEDANAN,KAWEDANAN,NGAWI
4962195114,,ODP-MGT-FJ/30,-7.652401,111.396193,,,4,4,0,0,8,REGIONAL 5,MADIUN,NGAWI,MGT,,,2024-03-16 23:29:16,43965,2020,5,NON TITO,,,JAWA TIMUR,0.5,YELLOW,829856245,AREA 3,JATIM,MADIUN,MADIUN,,,0,0,0,JAWA TIMUR,MAGETAN,BENDO,DUKUH,NGAWI
4990544803,,ODP-GGR-FC/51,-7.683889,111.464199,,,2,6,0,0,8,REGIONAL 5,MADIUN,NGAWI,GGR,,,2024-03-16 23:27:11,43971,2020,5,NON TITO,,,JAWA TIMUR,0.75,YELLOW,829596921,AREA 3,JATIM,MADIUN,MADIUN,,,0,0,0,JAWA TIMUR,MAGETAN,TAKERAN,TAKERAN,NGAWI
2428093576,,ODP-MGT-FJ/23,-7.662392,111.340494,,,3,5,0,0,8,REGIONAL 5,MADIUN,NGAWI,MGT,,,2024-03-16 23:25:18,43204,2018,4,NON TITO,,,JAWA TIMUR,0.625,YELLOW,333648628,AREA 3,JATIM,MADIUN,MADIUN,,,0,0,0,JAWA TIMUR,MAGETAN,NGARIBOYO,MOJOPURNO,NGAWI
4990544787,,ODP-GGR-FB/15,-7.750577,111.409065,,,4,4,0,0,8,REGIONAL 5,MADIUN,NGAWI,GGR,,,2024-03-16 23:26:46,43971,2020,5,NON TITO,,,JAWA TIMUR,0.5,YELLOW,829596902,AREA 3,JATIM,MADIUN,MADIUN,,,0,0,0,JAWA TIMUR,MAGETAN,LEMBEYAN,PUPUS,NGAWI
4873469228,,ODP-GGR-FA/92,-7.684479,111.421481,,,2,6,0,0,8,REGIONAL 5,MADIUN,NGAWI,GGR,,,2024-03-16 23:25:54,43956,2020,5,NON TITO,,,JAWA TIMUR,0.75,YELLOW,828645410,AREA 3,JATIM,MADIUN,MADIUN,,,0,0,0,JAWA TIMUR,MAGETAN,KAWEDANAN,GENENGAN,NGAWI
2428093581,,ODP-MGT-FJ/21,-7.667071,111.339883,,,8,8,0,0,16,REGIONAL 5,MADIUN,NGAWI,MGT,,,2024-03-16 23:25:45,43204,2018,4,NON TITO,,,JAWA TIMUR,0.5,YELLOW,333648631,AREA 3,JATIM,MADIUN,MADIUN,,,0,0,0,JAWA TIMUR,MAGETAN,NGARIBOYO,BALEGONDO,NGAWI
4873469222,,ODP-GGR-FA/93,-7.683399,111.42395,,,2,6,0,0,8,REGIONAL 5,MADIUN,NGAWI,GGR,,,2024-03-16 23:27:24,43956,2020,5,NON TITO,,,JAWA TIMUR,0.75,YELLOW,828645406,AREA 3,JATIM,MADIUN,MADIUN,,,0,0,0,JAWA TIMUR,MAGETAN,KAWEDANAN,GENENGAN,NGAWI
4933093702,,ODP-GGR-FA/96,-7.673237,111.401029,,,7,9,0,0,16,REGIONAL 5,MADIUN,NGAWI,GGR,,,2024-03-16 23:24:40,43958,2020,5,NON TITO,,,JAWA TIMUR,0.5625,YELLOW,828617660,AREA 3,JATIM,MADIUN,MADIUN,,,0,0,0,JAWA TIMUR,MAGETAN,KAWEDANAN,NGADIREJO,NGAWI
4933093697,,ODP-GGR-FA/99,-7.679727,111.413046,,,4,4,0,0,8,REGIONAL 5,MADIUN,NGAWI,GGR,,,2024-03-16 23:24:48,43958,2020,5,NON TITO,,,JAWA TIMUR,0.5,YELLOW,828617657,AREA 3,JATIM,MADIUN,MADIUN,,,0,0,0,JAWA TIMUR,MAGETAN,KAWEDANAN,KARANGREJO,NGAWI
4933093692,,ODP-GGR-FA/98,-7.677739,111.409926,,,4,4,0,0,8,REGIONAL 5,MADIUN,NGAWI,GGR,,,2024-03-16 23:24:44,43958,2020,5,NON TITO,,,JAWA TIMUR,0.5,YELLOW,828617654,AREA 3,JATIM,MADIUN,MADIUN,,,0,0,0,JAWA TIMUR,MAGETAN,KAWEDANAN,KARANGREJO,NGAWI
4877370630,,ODP-GGR-FA/88,-7.687326,111.416126,,,2,6,0,0,8,REGIONAL 5,MADIUN,NGAWI,GGR,,,2024-03-16 23:28:33,43957,2020,5,NON TITO,,,JAWA TIMUR,0.75,YELLOW,828604493,AREA 3,JATIM,MADIUN,MADIUN,,,0,0,0,JAWA TIMUR,MAGETAN,KAWEDANAN,KAWEDANAN,NGAWI
4877370625,,ODP-GGR-FA/91,-7.683565,111.417216,,,5,10,0,0,16,REGIONAL 5,MADIUN,NGAWI,GGR,,,2024-03-16 23:23:53,43957,2020,5,NON TITO,,,JAWA TIMUR,0.625,YELLOW,828604487,AREA 3,JATIM,MADIUN,MADIUN,,,0,0,0,JAWA TIMUR,MAGETAN,KAWEDANAN,GENENGAN,NGAWI
2428093616,,ODP-MGT-FJ/22,-7.66582,111.340068,,,2,6,0,0,8,REGIONAL 5,MADIUN,NGAWI,MGT,,,2024-03-16 23:25:55,43204,2018,4,NON TITO,,,JAWA TIMUR,0.75,YELLOW,333648655,AREA 3,JATIM,MADIUN,MADIUN,,,0,0,0,JAWA TIMUR,MAGETAN,NGARIBOYO,BALEGONDO,NGAWI
4881869974,,ODP-JGO-FC/45,-7.510458,111.203859,,,2,6,0,0,8,REGIONAL 5,MADIUN,NGAWI,JGO,,,2024-03-16 23:21:09,43956,2020,5,NON TITO,,,JAWA TIMUR,0.75,YELLOW,828591705,AREA 3,JATIM,MADIUN,MADIUN,,,0,0,0,JAWA TIMUR,NGAWI,NGRAMBE,NGRAMBE,NGAWI
4881869855,,ODP-JGO-FA/52,-7.540563,111.277209,,,4,4,0,0,8,REGIONAL 5,MADIUN,NGAWI,JGO,,,2024-03-16 23:23:26,43956,2020,5,NON TITO,,,JAWA TIMUR,0.5,YELLOW,828591087,AREA 3,JATIM,MADIUN,MADIUN,,,0,0,0,JAWA TIMUR,NGAWI,KENDAL,DADAPAN,NGAWI
4875045436,,ODP-JGO-FB/54,-7.565132,111.293747,,,3,5,0,0,8,REGIONAL 5,MADIUN,NGAWI,JGO,,,2024-03-16 23:28:34,43955,2020,5,NON TITO,,,JAWA TIMUR,0.625,YELLOW,828586516,AREA 3,JATIM,MADIUN,MADIUN,,,0,0,0,JAWA TIMUR,NGAWI,KENDAL,KENDAL,NGAWI
2428093659,,ODP-MGT-FE/45,-7.618752,111.324537,,,2,6,0,0,8,REGIONAL 5,MADIUN,NGAWI,MGT,,,2024-03-16 23:21:19,43204,2018,4,NON TITO,,,JAWA TIMUR,0.75,YELLOW,333648683,AREA 3,JATIM,MADIUN,MADIUN,,,0,0,0,JAWA TIMUR,MAGETAN,PANEKAN,WATES,NGAWI
2436418759,,ODP-JGO-F01/01,-7.52239,111.25115,,,2,6,0,0,8,REGIONAL 5,MADIUN,NGAWI,JGO,,,2024-03-16 23:27:11,43207,2018,4,NON TITO,,,JAWA TIMUR,0.75,YELLOW,334153317,AREA 3,JATIM,MADIUN,MADIUN,,,0,0,0,JAWA TIMUR,NGAWI,JOGOROGO,JOGOROGO,NGAWI
4888020147,,ODP-GGR-FA/85,-7.642137,111.436121,,,1,6,1,0,8,REGIONAL 5,MADIUN,NGAWI,GGR,,,2024-03-16 23:22:18,43950,2020,4,NON TITO,,,JAWA TIMUR,0.75,YELLOW,828457274,AREA 3,JATIM,MADIUN,MADIUN,,,0,0,0,JAWA TIMUR,MAGETAN,BENDO,CARIKAN,NGAWI
2437618743,,ODP-MGT-FQ/10,-7.632401,111.368258,,,4,12,0,0,16,REGIONAL 5,MADIUN,NGAWI,MGT,,,2024-03-16 23:24:45,43207,2018,4,NON TITO,,,JAWA TIMUR,0.75,YELLOW,346966940,AREA 3,JATIM,MADIUN,MADIUN,,,0,0,0,JAWA TIMUR,MAGETAN,SUKOMORO,BIBIS,NGAWI
4856593769,,ODP-KRJ-FC/31,-7.455021,111.600784,,,2,6,0,0,8,REGIONAL 5,MADIUN,NGAWI,KRJ,,,2024-03-16 23:25:04,43943,2020,4,NON TITO,,,JAWA TIMUR,0.75,YELLOW,828258131,AREA 3,JATIM,MADIUN,MADIUN,,,0,0,0,JAWA TIMUR,NGAWI,KARANGJATI,KARANGJATI,NGAWI
2437618753,,ODP-MGT-FQ/12,-7.640088,111.369805,,,4,12,0,0,16,REGIONAL 5,MADIUN,NGAWI,MGT,,,2024-03-16 23:24:52,43207,2018,4,NON TITO,,,JAWA TIMUR,0.75,YELLOW,346966965,AREA 3,JATIM,MADIUN,MADIUN,,,0,0,0,JAWA TIMUR,MAGETAN,SUKOMORO,SUKOMORO,NGAWI
2437618758,,ODP-MGT-FQ/07,-7.625833,111.377696,,,3,5,0,0,8,REGIONAL 5,MADIUN,NGAWI,MGT,,,2024-03-16 23:24:35,43207,2018,4,NON TITO,,,JAWA TIMUR,0.625,YELLOW,346966973,AREA 3,JATIM,MADIUN,MADIUN,,,0,0,0,JAWA TIMUR,MAGETAN,SUKOMORO,BULU,NGAWI
2437618768,,ODP-MGT-FQ/11,-7.642207,111.370193,,,4,4,0,0,8,REGIONAL 5,MADIUN,NGAWI,MGT,,,2024-03-16 23:24:44,43207,2018,4,NON TITO,,,JAWA TIMUR,0.5,YELLOW,346966986,AREA 3,JATIM,MADIUN,MADIUN,,,0,0,0,JAWA TIMUR,MAGETAN,SUKOMORO,BIBIS,NGAWI
4807171276,,ODP-KRJ-FB/31,-7.491146,111.601722,,,2,6,0,0,8,REGIONAL 5,MADIUN,NGAWI,KRJ,,,2024-03-16 23:24:09,43938,2020,4,NON TITO,,,JAWA TIMUR,0.75,YELLOW,828224596,AREA 3,JATIM,MADIUN,MADIUN,,,0,0,0,JAWA TIMUR,MADIUN,BALEREJO,SIMO,NGAWI
5658270672,,ODP-MGT-FY/38,-7.658902,111.331668,,,3,5,0,0,8,REGIONAL 5,MADIUN,NGAWI,MGT,,,2024-03-16 23:28:22,44152,2020,11,NON TITO,,,JAWA TIMUR,0.625,YELLOW,856793352,AREA 3,JATIM,MADIUN,MADIUN,,,0,0,0,JAWA TIMUR,MAGETAN,MAGETAN,BULUKERTO,NGAWI
3342119568,,ODP-MGT-FZ/10,-7.678392,111.268017,,,3,5,0,0,8,REGIONAL 5,MADIUN,NGAWI,MGT,,,2024-03-16 23:25:52,43508,2019,2,NON TITO,,,JAWA TIMUR,0.625,YELLOW,540185826,AREA 3,JATIM,MADIUN,MADIUN,,,0,0,0,JAWA TIMUR,MAGETAN,PLAOSAN,BULUHARJO,NGAWI
3313019071,,ODP-MGT-FZ/08,-7.688592,111.254189,,,5,11,0,0,16,REGIONAL 5,MADIUN,NGAWI,MGT,,,2024-03-16 23:29:06,43502,2019,2,NON TITO,,,JAWA TIMUR,0.6875,YELLOW,534613814,AREA 3,JATIM,MADIUN,MADIUN,,,0,0,0,JAWA TIMUR,MAGETAN,PLAOSAN,BULUGUNUNG,NGAWI
3020668918,,ODP-MGT-FH/33,-7.665003,111.369704,,,4,4,0,0,8,REGIONAL 5,MADIUN,NGAWI,MGT,,,2024-03-16 23:29:17,43390,2018,10,NON TITO,,,JAWA TIMUR,0.5,YELLOW,405623632,AREA 3,JATIM,MADIUN,MADIUN,,,0,0,0,JAWA TIMUR,MAGETAN,NGARIBOYO,BANJAREJO,NGAWI
2966743852,,ODP-MGT-FE/52,-7.62972,111.329755,,,2,6,0,0,8,REGIONAL 5,MADIUN,NGAWI,MGT,,,2024-03-16 23:24:19,43370,2018,9,NON TITO,,,JAWA TIMUR,0.75,YELLOW,405017446,AREA 3,JATIM,MADIUN,MADIUN,,,0,0,0,JAWA TIMUR,MAGETAN,PANEKAN,MILANGASRI,NGAWI
2966743882,,ODP-MGT-FE/51,-7.628627,111.328375,,,6,10,0,0,16,REGIONAL 5,MADIUN,NGAWI,MGT,,,2024-03-16 23:24:40,43370,2018,9,NON TITO,,,JAWA TIMUR,0.625,YELLOW,405017467,AREA 3,JATIM,MADIUN,MADIUN,,,0,0,0,JAWA TIMUR,MAGETAN,MAGETAN,TAWANGANOM,NGAWI
3022694810,,ODP-MGT-FH/17,-7.71322,111.35583,,,2,6,0,0,8,REGIONAL 5,MADIUN,NGAWI,MGT,,,2024-03-16 23:27:42,43389,2018,10,NON TITO,,,JAWA TIMUR,0.75,YELLOW,405622615,AREA 3,JATIM,MADIUN,MADIUN,,,0,0,0,JAWA TIMUR,MAGETAN,PARANG,KRAJAN,NGAWI
3021494586,,ODP-MGT-FP/26,-7.671752,111.30159,,,6,10,0,0,16,REGIONAL 5,MADIUN,NGAWI,MGT,,,2024-03-16 23:22:39,43384,2018,10,NON TITO,,,JAWA TIMUR,0.625,YELLOW,405465360,AREA 3,JATIM,MADIUN,MADIUN,,,0,0,0,JAWA TIMUR,MAGETAN,NGARIBOYO,BANGSRI,NGAWI
2975444291,,ODP-MGT-FK/49,-7.656164,111.310431,,,5,11,0,0,16,REGIONAL 5,MADIUN,NGAWI,MGT,,,2024-03-16 23:22:22,43372,2018,9,NON TITO,,,JAWA TIMUR,0.6875,YELLOW,405026088,AREA 3,JATIM,MADIUN,MADIUN,,,0,0,0,JAWA TIMUR,MAGETAN,MAGETAN,CANDIREJO,NGAWI
3021494164,,ODP-MGT-FP/30,-7.677296,111.301573,,,2,6,0,0,8,REGIONAL 5,MADIUN,NGAWI,MGT,,,2024-03-16 23:23:26,43384,2018,10,NON TITO,,,JAWA TIMUR,0.75,YELLOW,405465033,AREA 3,JATIM,MADIUN,MADIUN,,,0,0,0,JAWA TIMUR,MAGETAN,NGARIBOYO,BANGSRI,NGAWI
3021494155,,ODP-MGT-FP/23,-7.678597,111.291929,,,2,6,0,0,8,REGIONAL 5,MADIUN,NGAWI,MGT,,,2024-03-16 23:21:38,43384,2018,10,NON TITO,,,JAWA TIMUR,0.75,YELLOW,405465025,AREA 3,JATIM,MADIUN,MADIUN,,,0,0,0,JAWA TIMUR,MAGETAN,PLAOSAN,SUMBERAGUNG,NGAWI
3021493959,,ODP-MGT-FP/28,-7.675052,111.301423,,,3,5,0,0,8,REGIONAL 5,MADIUN,NGAWI,MGT,,,2024-03-16 23:23:31,43384,2018,10,NON TITO,,,JAWA TIMUR,0.625,YELLOW,405464847,AREA 3,JATIM,MADIUN,MADIUN,,,0,0,0,JAWA TIMUR,MAGETAN,NGARIBOYO,BANGSRI,NGAWI
3022470767,,ODP-NWI-FE/132,-7.416896,111.441256,,,7,9,0,0,16,REGIONAL 5,MADIUN,NGAWI,NWI,,,2024-03-16 23:21:20,43384,2018,10,NON TITO,,,JAWA TIMUR,0.5625,YELLOW,405464784,AREA 3,JATIM,MADIUN,MADIUN,,,0,0,0,JAWA TIMUR,NGAWI,NGAWI,BERAN,NGAWI
3021493849,,ODP-MGT-FP/21,-7.675007,111.292994,,,3,5,0,0,8,REGIONAL 5,MADIUN,NGAWI,MGT,,,2024-03-16 23:23:26,43384,2018,10,NON TITO,,,JAWA TIMUR,0.625,YELLOW,405464744,AREA 3,JATIM,MADIUN,MADIUN,,,0,0,0,JAWA TIMUR,MAGETAN,PLAOSAN,NITIKAN,NGAWI
3022470626,,ODP-NWI-FE/125,-7.421225,111.439749,,,8,8,0,0,16,REGIONAL 5,MADIUN,NGAWI,NWI,,,2024-03-16 23:29:18,43384,2018,10,NON TITO,,,JAWA TIMUR,0.5,YELLOW,405464643,AREA 3,JATIM,MADIUN,MADIUN,,,0,0,0,JAWA TIMUR,NGAWI,NGAWI,BERAN,NGAWI
3021493624,,ODP-MGT-FP/29,-7.676232,111.301834,,,4,4,0,0,8,REGIONAL 5,MADIUN,NGAWI,MGT,,,2024-03-16 23:23:05,43384,2018,10,NON TITO,,,JAWA TIMUR,0.5,YELLOW,405464567,AREA 3,JATIM,MADIUN,MADIUN,,,0,0,0,JAWA TIMUR,MAGETAN,NGARIBOYO,BANGSRI,NGAWI
3022470292,,ODP-NWI-FE/126,-7.421365,111.436775,,,3,5,0,0,8,REGIONAL 5,MADIUN,NGAWI,NWI,,,2024-03-16 23:29:14,43384,2018,10,NON TITO,,,JAWA TIMUR,0.625,YELLOW,405464426,AREA 3,JATIM,MADIUN,MADIUN,,,0,0,0,JAWA TIMUR,NGAWI,NGAWI,BERAN,NGAWI
3020297999,,ODP-MGT-FX/01,-7.65019,111.340997,,,6,10,0,0,16,REGIONAL 5,MADIUN,NGAWI,MGT,,,2024-03-16 23:25:16,43390,2018,10,NON TITO,,,JAWA TIMUR,0.625,YELLOW,405363627,AREA 3,JATIM,MADIUN,MADIUN,,,0,0,0,JAWA TIMUR,MAGETAN,MAGETAN,SUKOWINANGUN,NGAWI
2990143565,,ODP-MGT-FT/03,-7.626054,111.336417,,,2,6,0,0,8,REGIONAL 5,MADIUN,NGAWI,MGT,,,2024-03-16 23:27:49,43378,2018,10,NON TITO,,,JAWA TIMUR,0.75,YELLOW,405061043,AREA 3,JATIM,MADIUN,MADIUN,,,0,0,0,JAWA TIMUR,MAGETAN,PANEKAN,MILANGASRI,NGAWI
3020297934,,ODP-MGT-FX/04,-7.655184,111.333559,,,1,6,0,0,8,REGIONAL 5,MADIUN,NGAWI,MGT,,,2024-03-16 23:26:56,43390,2018,10,NON TITO,,,JAWA TIMUR,0.75,YELLOW,405363599,AREA 3,JATIM,MADIUN,MADIUN,,,0,0,0,JAWA TIMUR,MAGETAN,MAGETAN,MANGKUJAYAN,NGAWI
3020297816,,ODP-MGT-FX/02,-7.652026,111.337749,,,2,6,0,0,8,REGIONAL 5,MADIUN,NGAWI,MGT,,,2024-03-16 23:26:08,43390,2018,10,NON TITO,,,JAWA TIMUR,0.75,YELLOW,405363549,AREA 3,JATIM,MADIUN,MADIUN,,,0,0,0,JAWA TIMUR,MAGETAN,MAGETAN,MANGKUJAYAN,NGAWI
3020297808,,ODP-MGT-FX/07,-7.654604,111.34002,,,2,6,0,0,8,REGIONAL 5,MADIUN,NGAWI,MGT,,,2024-03-16 23:26:57,43390,2018,10,NON TITO,,,JAWA TIMUR,0.75,YELLOW,405363544,AREA 3,JATIM,MADIUN,MADIUN,,,0,0,0,JAWA TIMUR,MAGETAN,MAGETAN,MANGKUJAYAN,NGAWI
3020297688,,ODP-MGT-FX/03,-7.652959,111.33615,,,4,4,0,0,8,REGIONAL 5,MADIUN,NGAWI,MGT,,,2024-03-16 23:26:02,43390,2018,10,NON TITO,,,JAWA TIMUR,0.5,YELLOW,405363490,AREA 3,JATIM,MADIUN,MADIUN,,,0,0,0,JAWA TIMUR,MAGETAN,MAGETAN,MANGKUJAYAN,NGAWI
3020669069,,ODP-MGT-FH/22,-7.67678,111.317296,,,4,12,0,0,16,REGIONAL 5,MADIUN,NGAWI,MGT,,,2024-03-16 23:29:17,43390,2018,10,NON TITO,,,JAWA TIMUR,0.75,YELLOW,405357588,AREA 3,JATIM,MADIUN,MADIUN,,,0,0,0,JAWA TIMUR,MAGETAN,NGARIBOYO,SUMBERDUKUN,NGAWI
2993294318,,ODP-MGT-FT/12,-7.622868,111.331933,,,3,5,0,0,8,REGIONAL 5,MADIUN,NGAWI,MGT,,,2024-03-16 23:22:39,43378,2018,10,NON TITO,,,JAWA TIMUR,0.625,YELLOW,405061427,AREA 3,JATIM,MADIUN,MADIUN,,,0,0,0,JAWA TIMUR,MAGETAN,PANEKAN,MILANGASRI,NGAWI
3020669049,,ODP-MGT-FH/39,-7.668857,111.339383,,,6,10,0,0,16,REGIONAL 5,MADIUN,NGAWI,MGT,,,2024-03-16 23:28:49,43390,2018,10,NON TITO,,,JAWA TIMUR,0.625,YELLOW,405357582,AREA 3,JATIM,MADIUN,MADIUN,,,0,0,0,JAWA TIMUR,MAGETAN,NGARIBOYO,BALEGONDO,NGAWI
2990143831,,ODP-NWI-FM/04,-7.396221,111.378051,,,4,11,0,0,16,REGIONAL 5,MADIUN,NGAWI,NWI,,,2024-03-16 23:28:40,43378,2018,10,NON TITO,,,JAWA TIMUR,0.6875,YELLOW,405061478,AREA 3,JATIM,MADIUN,MADIUN,,,0,0,0,JAWA TIMUR,NGAWI,PARON,NGALE,NGAWI
2993295042,,ODP-MGT-FT/06,-7.618659,111.339959,,,9,7,0,0,16,REGIONAL 5,MADIUN,NGAWI,MGT,,,2024-03-16 23:22:46,43378,2018,10,NON TITO,,,JAWA TIMUR,0.4375,YELLOW,405062064,AREA 3,JATIM,MADIUN,MADIUN,,,0,0,0,JAWA TIMUR,MAGETAN,SUKOMORO,KENTANGAN,NGAWI
2993296103,,ODP-MGT-FW/16,-7.632181,111.309999,,,4,4,0,0,8,REGIONAL 5,MADIUN,NGAWI,MGT,,,2024-03-16 23:22:38,43378,2018,10,NON TITO,,,JAWA TIMUR,0.5,YELLOW,405062944,AREA 3,JATIM,MADIUN,MADIUN,,,0,0,0,JAWA TIMUR,MAGETAN,PANEKAN,TERUNG,NGAWI
3020668893,,ODP-MGT-FH/24,-7.677457,111.32467,,,7,9,0,0,16,REGIONAL 5,MADIUN,NGAWI,MGT,,,2024-03-16 23:29:09,43390,2018,10,NON TITO,,,JAWA TIMUR,0.5625,YELLOW,405357535,AREA 3,JATIM,MADIUN,MADIUN,,,0,0,0,JAWA TIMUR,MAGETAN,NGARIBOYO,SUMBERDUKUN,NGAWI
3020668958,,ODP-MGT-FH/31,-7.676162,111.343581,,,3,5,0,0,8,REGIONAL 5,MADIUN,NGAWI,MGT,,,2024-03-16 23:29:15,43390,2018,10,NON TITO,,,JAWA TIMUR,0.625,YELLOW,405623644,AREA 3,JATIM,MADIUN,MADIUN,,,0,0,0,JAWA TIMUR,MAGETAN,NGARIBOYO,NGARIBOYO,NGAWI
3020668873,,ODP-MGT-FH/35,-7.667106,111.351867,,,4,4,0,0,8,REGIONAL 5,MADIUN,NGAWI,MGT,,,2024-03-16 23:29:20,43390,2018,10,NON TITO,,,JAWA TIMUR,0.5,YELLOW,405357529,AREA 3,JATIM,MADIUN,MADIUN,,,0,0,0,JAWA TIMUR,MAGETAN,NGARIBOYO,MOJOPURNO,NGAWI
3020668968,,ODP-MGT-FH/34,-7.665303,111.36618,,,4,4,0,0,8,REGIONAL 5,MADIUN,NGAWI,MGT,,,2024-03-16 23:28:31,43390,2018,10,NON TITO,,,JAWA TIMUR,0.5,YELLOW,405623647,AREA 3,JATIM,MADIUN,MADIUN,,,0,0,0,JAWA TIMUR,MAGETAN,NGARIBOYO,BANJAREJO,NGAWI
2966743766,,ODP-MGT-FE/50,-7.626963,111.328225,,,2,6,0,0,8,REGIONAL 5,MADIUN,NGAWI,MGT,,,2024-03-16 23:24:16,43370,2018,9,NON TITO,,,JAWA TIMUR,0.75,YELLOW,405017393,AREA 3,JATIM,MADIUN,MADIUN,,,0,0,0,JAWA TIMUR,MAGETAN,PANEKAN,MILANGASRI,NGAWI
2699297968,,ODP-MGT-FAD/01,-7.627902,111.280265,,,2,6,0,0,8,REGIONAL 5,MADIUN,NGAWI,MGT,,,2024-03-16 23:28:35,43301,2018,7,NON TITO,,,JAWA TIMUR,0.75,YELLOW,362585293,AREA 3,JATIM,MADIUN,MADIUN,,,0,0,0,JAWA TIMUR,MAGETAN,PANEKAN,SUMBERDODOL,NGAWI
3175173814,,ODP-MGT-FH/41,-7.677049,111.33939,,,5,11,0,0,16,REGIONAL 5,MADIUN,NGAWI,MGT,,,2024-03-16 23:28:32,43447,2018,12,NON TITO,,,JAWA TIMUR,0.6875,YELLOW,407132965,AREA 3,JATIM,MADIUN,MADIUN,,,0,0,0,JAWA TIMUR,MAGETAN,NGARIBOYO,NGARIBOYO,NGAWI
2699297978,,ODP-MGT-FAD/03,-7.635609,111.277095,,,8,8,0,0,16,REGIONAL 5,MADIUN,NGAWI,MGT,,,2024-03-16 23:28:40,43301,2018,7,NON TITO,,,JAWA TIMUR,0.5,YELLOW,362585296,AREA 3,JATIM,MADIUN,MADIUN,,,0,0,0,JAWA TIMUR,MAGETAN,PANEKAN,SUMBERDODOL,NGAWI
3175172876,,ODP-MGT-FK/52,-7.655325,111.319045,,,9,7,0,0,16,REGIONAL 5,MADIUN,NGAWI,MGT,,,2024-03-16 23:28:16,43445,2018,12,NON TITO,,,JAWA TIMUR,0.4375,YELLOW,407126223,AREA 3,JATIM,MADIUN,MADIUN,,,0,0,0,JAWA TIMUR,MAGETAN,MAGETAN,SELOSARI,NGAWI
3175172801,,ODP-MGT-FAA/145,-7.654273,111.324693,,,7,9,0,0,16,REGIONAL 5,MADIUN,NGAWI,MGT,,,2024-03-16 23:28:23,43445,2018,12,NON TITO,,,JAWA TIMUR,0.5625,YELLOW,407126183,AREA 3,JATIM,MADIUN,MADIUN,,,0,0,0,JAWA TIMUR,MAGETAN,MAGETAN,KEPOLOREJO,NGAWI
3175172781,,ODP-GGR-FA/59,-7.681903,111.4165,,,6,10,0,0,16,REGIONAL 5,MADIUN,NGAWI,GGR,,,2024-03-16 23:28:14,43445,2018,12,NON TITO,,,JAWA TIMUR,0.625,YELLOW,407126168,AREA 3,JATIM,MADIUN,MADIUN,,,0,0,0,JAWA TIMUR,MAGETAN,KAWEDANAN,GENENGAN,NGAWI
3175172696,,ODP-MGT-FJ/25,-7.661247,111.339049,,,4,4,0,0,8,REGIONAL 5,MADIUN,NGAWI,MGT,,,2024-03-16 23:28:13,43445,2018,12,NON TITO,,,JAWA TIMUR,0.5,YELLOW,407126111,AREA 3,JATIM,MADIUN,MADIUN,,,0,0,0,JAWA TIMUR,MAGETAN,MAGETAN,BULUKERTO,NGAWI
3175172663,,ODP-MGT-FK/51,-7.65493,111.313331,,,2,6,0,0,8,REGIONAL 5,MADIUN,NGAWI,MGT,,,2024-03-16 23:27:26,43445,2018,12,NON TITO,,,JAWA TIMUR,0.75,YELLOW,407126091,AREA 3,JATIM,MADIUN,MADIUN,,,0,0,0,JAWA TIMUR,MAGETAN,MAGETAN,CANDIREJO,NGAWI
3183943808,,ODP-NWI-FC/82,-7.415221,111.495459,,,2,6,0,0,8,REGIONAL 5,MADIUN,NGAWI,NWI,,,2024-03-16 23:25:52,43449,2018,12,NON TITO,,,JAWA TIMUR,0.75,YELLOW,407076170,AREA 3,JATIM,MADIUN,MADIUN,,,0,0,0,JAWA TIMUR,NGAWI,KASREMAN,LEGOKULON,NGAWI
2736719402,,ODP-WKU-FAA/18,-7.433016,111.215563,,,7,9,0,0,16,REGIONAL 5,MADIUN,NGAWI,WKU,,,2024-03-16 23:25:30,43313,2018,8,NON TITO,,,JAWA TIMUR,0.5625,YELLOW,384388408,AREA 3,JATIM,MADIUN,MADIUN,,,0,0,0,JAWA TIMUR,NGAWI,WIDODAREN,KEDUNGGUDEL,NGAWI
3183943588,,ODP-NWI-FC/78,-7.408091,111.468353,,,2,6,0,0,8,REGIONAL 5,MADIUN,NGAWI,NWI,,,2024-03-16 23:26:46,43449,2018,12,NON TITO,,,JAWA TIMUR,0.75,YELLOW,407076103,AREA 3,JATIM,MADIUN,MADIUN,,,0,0,0,JAWA TIMUR,NGAWI,NGAWI,KARANG TENGAH PRANDON,NGAWI
3173894690,,ODP-NWI-FB/79,-7.445208,111.431774,,,8,8,0,0,16,REGIONAL 5,MADIUN,NGAWI,NWI,,,2024-03-16 23:28:21,43448,2018,12,NON TITO,,,JAWA TIMUR,0.5,YELLOW,407074637,AREA 3,JATIM,MADIUN,MADIUN,,,0,0,0,JAWA TIMUR,NGAWI,GENENG,KLITIK,NGAWI
2782395050,,ODP-NWI-FN/01,-7.520235,111.373251,,,4,12,0,0,16,REGIONAL 5,MADIUN,NGAWI,NWI,,,2024-03-16 23:23:37,43320,2018,8,NON TITO,,,JAWA TIMUR,0.75,YELLOW,389202624,AREA 3,JATIM,MADIUN,MADIUN,,,0,0,0,JAWA TIMUR,NGAWI,GERIH,GUYUNG,NGAWI
3155894781,,ODP-MGT-FQ/15,-7.645398,111.346354,,,9,7,0,0,16,REGIONAL 5,MADIUN,NGAWI,MGT,,,2024-03-16 23:22:26,43441,2018,12,NON TITO,,,JAWA TIMUR,0.4375,YELLOW,406975511,AREA 3,JATIM,MADIUN,MADIUN,,,0,0,0,JAWA TIMUR,MAGETAN,MAGETAN,PURWOSARI,NGAWI
3155894661,,ODP-MGT-FQ/18,-7.645751,111.351215,,,6,10,0,0,16,REGIONAL 5,MADIUN,NGAWI,MGT,,,2024-03-16 23:23:19,43441,2018,12,NON TITO,,,JAWA TIMUR,0.625,YELLOW,406975475,AREA 3,JATIM,MADIUN,MADIUN,,,0,0,0,JAWA TIMUR,MAGETAN,MAGETAN,PURWOSARI,NGAWI
3158444707,,ODP-MGT-FS/14,-7.655943,111.390179,,,5,11,0,0,16,REGIONAL 5,MADIUN,NGAWI,MGT,,,2024-03-16 23:22:18,43439,2018,12,NON TITO,,,JAWA TIMUR,0.6875,YELLOW,406962825,AREA 3,JATIM,MADIUN,MADIUN,,,0,0,0,JAWA TIMUR,MAGETAN,SUKOMORO,TAMANAN,NGAWI
2888818747,,ODP-WKU-FB/38,-7.395972,111.216873,,,7,9,0,0,16,REGIONAL 5,MADIUN,NGAWI,WKU,,,2024-03-16 23:28:53,43350,2018,9,NON TITO,,,JAWA TIMUR,0.5625,YELLOW,390034136,AREA 3,JATIM,MADIUN,MADIUN,,,0,0,0,JAWA TIMUR,NGAWI,WIDODAREN,WALIKUKUN,NGAWI
3155894856,,ODP-MGT-FQ/13,-7.64664,111.353561,,,8,8,0,0,16,REGIONAL 5,MADIUN,NGAWI,MGT,,,2024-03-16 23:23:22,43441,2018,12,NON TITO,,,JAWA TIMUR,0.5,YELLOW,406498603,AREA 3,JATIM,MADIUN,MADIUN,,,0,0,0,JAWA TIMUR,MAGETAN,MAGETAN,PURWOSARI,NGAWI
3155894786,,ODP-MGT-FQ/17,-7.645861,111.348821,,,7,9,0,0,16,REGIONAL 5,MADIUN,NGAWI,MGT,,,2024-03-16 23:22:57,43441,2018,12,NON TITO,,,JAWA TIMUR,0.5625,YELLOW,406498582,AREA 3,JATIM,MADIUN,MADIUN,,,0,0,0,JAWA TIMUR,MAGETAN,MAGETAN,PURWOSARI,NGAWI
3155894746,,ODP-MGT-FQ/19,-7.643661,111.354551,,,7,9,0,0,16,REGIONAL 5,MADIUN,NGAWI,MGT,,,2024-03-16 23:23:02,43441,2018,12,NON TITO,,,JAWA TIMUR,0.5625,YELLOW,406498570,AREA 3,JATIM,MADIUN,MADIUN,,,0,0,0,JAWA TIMUR,MAGETAN,MAGETAN,PURWOSARI,NGAWI
3157319479,,ODP-WKU-FZA/44,-7.419519,111.307916,,,2,7,7,0,16,REGIONAL 5,MADIUN,NGAWI,WKU,,,2024-03-16 23:26:20,43440,2018,12,NON TITO,,,JAWA TIMUR,0.4375,YELLOW,406491126,AREA 3,JATIM,MADIUN,MADIUN,,,0,0,0,JAWA TIMUR,NGAWI,KEDUNGGALAR,KEDUNGGALAR,NGAWI
3020298155,,ODP-MGT-FX/10,-7.656681,111.336663,,,2,6,0,0,8,REGIONAL 5,MADIUN,NGAWI,MGT,,,2024-03-16 23:21:08,43390,2018,10,NON TITO,,,JAWA TIMUR,0.75,YELLOW,405691814,AREA 3,JATIM,MADIUN,MADIUN,,,0,0,0,JAWA TIMUR,MAGETAN,MAGETAN,MANGKUJAYAN,NGAWI
3020297996,,ODP-MGT-FX/09,-7.65565,111.33618,,,2,6,0,0,8,REGIONAL 5,MADIUN,NGAWI,MGT,,,2024-03-16 23:26:50,43390,2018,10,NON TITO,,,JAWA TIMUR,0.75,YELLOW,405691731,AREA 3,JATIM,MADIUN,MADIUN,,,0,0,0,JAWA TIMUR,MAGETAN,MAGETAN,MANGKUJAYAN,NGAWI
3020297819,,ODP-MGT-FX/05,-7.654134,111.334589,,,9,7,0,0,16,REGIONAL 5,MADIUN,NGAWI,MGT,,,2024-03-16 23:26:43,43390,2018,10,NON TITO,,,JAWA TIMUR,0.4375,YELLOW,405691660,AREA 3,JATIM,MADIUN,MADIUN,,,0,0,0,JAWA TIMUR,MAGETAN,MAGETAN,MANGKUJAYAN,NGAWI
2966743832,,ODP-MGT-FE/49,-7.626408,111.325061,,,4,4,0,0,8,REGIONAL 5,MADIUN,NGAWI,MGT,,,2024-03-16 23:24:20,43370,2018,9,NON TITO,,,JAWA TIMUR,0.5,YELLOW,404401089,AREA 3,JATIM,MADIUN,MADIUN,,,0,0,0,JAWA TIMUR,MAGETAN,PANEKAN,MILANGASRI,NGAWI
3020297805,,ODP-MGT-FX/15,-7.654654,111.342243,,,4,4,0,0,8,REGIONAL 5,MADIUN,NGAWI,MGT,,,2024-03-16 23:26:55,43390,2018,10,NON TITO,,,JAWA TIMUR,0.5,YELLOW,405691654,AREA 3,JATIM,MADIUN,MADIUN,,,0,0,0,JAWA TIMUR,MAGETAN,MAGETAN,MANGKUJAYAN,NGAWI
3020669064,,ODP-MGT-FH/29,-7.679089,111.339377,,,4,4,0,0,8,REGIONAL 5,MADIUN,NGAWI,MGT,,,2024-03-16 23:28:59,43390,2018,10,NON TITO,,,JAWA TIMUR,0.5,YELLOW,405623676,AREA 3,JATIM,MADIUN,MADIUN,,,0,0,0,JAWA TIMUR,MAGETAN,NGARIBOYO,NGARIBOYO,NGAWI
3020668998,,ODP-MGT-FH/27,-7.678966,111.332842,,,3,5,0,0,8,REGIONAL 5,MADIUN,NGAWI,MGT,,,2024-03-16 23:29:14,43390,2018,10,NON TITO,,,JAWA TIMUR,0.625,YELLOW,405623656,AREA 3,JATIM,MADIUN,MADIUN,,,0,0,0,JAWA TIMUR,MAGETAN,NGARIBOYO,NGARIBOYO,NGAWI
3171270941,,ODP-JGO-FD/17,-7.507795,111.163517,,,1,6,1,0,8,REGIONAL 5,MADIUN,NGAWI,JGO,,,2024-03-16 23:27:13,43448,2018,12,NON TITO,,,JAWA TIMUR,0.75,YELLOW,407139442,AREA 3,JATIM,MADIUN,MADIUN,,,0,0,0,JAWA TIMUR,NGAWI,SINE,KUNIRAN,NGAWI
2993296113,,ODP-MGT-FW/03,-7.609076,111.296889,,,2,6,0,0,8,REGIONAL 5,MADIUN,NGAWI,MGT,,,2024-03-16 23:23:01,43378,2018,10,NON TITO,,,JAWA TIMUR,0.75,YELLOW,405062952,AREA 3,JATIM,MADIUN,MADIUN,,,0,0,0,JAWA TIMUR,MAGETAN,PANEKAN,TURI,NGAWI
2993296255,,ODP-MGT-FW/13,-7.62662,111.304608,,,3,5,0,0,8,REGIONAL 5,MADIUN,NGAWI,MGT,,,2024-03-16 23:23:24,43378,2018,10,NON TITO,,,JAWA TIMUR,0.625,YELLOW,405063088,AREA 3,JATIM,MADIUN,MADIUN,,,0,0,0,JAWA TIMUR,MAGETAN,PANEKAN,PANEKAN,NGAWI
2997793656,,ODP-MGT-FU/04,-7.646338,111.333987,,,2,6,0,0,8,REGIONAL 5,MADIUN,NGAWI,MGT,,,2024-03-16 23:25:23,43382,2018,10,NON TITO,,,JAWA TIMUR,0.75,YELLOW,405137840,AREA 3,JATIM,MADIUN,MADIUN,,,0,0,0,JAWA TIMUR,MAGETAN,MAGETAN,SUKOWINANGUN,NGAWI
2997793651,,ODP-MGT-FU/35,-7.653878,111.332515,,,5,11,0,0,16,REGIONAL 5,MADIUN,NGAWI,MGT,,,2024-03-16 23:25:22,43382,2018,10,NON TITO,,,JAWA TIMUR,0.6875,YELLOW,405137837,AREA 3,JATIM,MADIUN,MADIUN,,,0,0,0,JAWA TIMUR,MAGETAN,MAGETAN,KEBONAGUNG,NGAWI
2997793641,,ODP-MGT-FU/45,-7.648036,111.327258,,,7,9,0,0,16,REGIONAL 5,MADIUN,NGAWI,MGT,,,2024-03-16 23:25:32,43382,2018,10,NON TITO,,,JAWA TIMUR,0.5625,YELLOW,405137831,AREA 3,JATIM,MADIUN,MADIUN,,,0,0,0,JAWA TIMUR,MAGETAN,MAGETAN,KEPOLOREJO,NGAWI
2997793636,,ODP-MGT-FU/16,-7.647043,111.329223,,,4,4,0,0,8,REGIONAL 5,MADIUN,NGAWI,MGT,,,2024-03-16 23:25:19,43382,2018,10,NON TITO,,,JAWA TIMUR,0.5,YELLOW,405137828,AREA 3,JATIM,MADIUN,MADIUN,,,0,0,0,JAWA TIMUR,MAGETAN,MAGETAN,KEPOLOREJO,NGAWI
2993296008,,ODP-MGT-FW/11,-7.615859,111.296537,,,3,5,0,0,8,REGIONAL 5,MADIUN,NGAWI,MGT,,,2024-03-16 23:23:24,43378,2018,10,NON TITO,,,JAWA TIMUR,0.625,YELLOW,405120753,AREA 3,JATIM,MADIUN,MADIUN,,,0,0,0,JAWA TIMUR,MAGETAN,PANEKAN,PANEKAN,NGAWI
2993296024,,ODP-MGT-FW/17,-7.63158,111.306824,,,2,6,0,0,8,REGIONAL 5,MADIUN,NGAWI,MGT,,,2024-03-16 23:23:22,43378,2018,10,NON TITO,,,JAWA TIMUR,0.75,YELLOW,405120759,AREA 3,JATIM,MADIUN,MADIUN,,,0,0,0,JAWA TIMUR,MAGETAN,PANEKAN,TERUNG,NGAWI
2997793596,,ODP-MGT-FU/26,-7.651057,111.327825,,,2,6,0,0,8,REGIONAL 5,MADIUN,NGAWI,MGT,,,2024-03-16 23:25:32,43382,2018,10,NON TITO,,,JAWA TIMUR,0.75,YELLOW,405137804,AREA 3,JATIM,MADIUN,MADIUN,,,0,0,0,JAWA TIMUR,MAGETAN,MAGETAN,KEPOLOREJO,NGAWI
2997793591,,ODP-MGT-FU/42,-7.649265,111.329889,,,2,6,0,0,8,REGIONAL 5,MADIUN,NGAWI,MGT,,,2024-03-16 23:24:37,43382,2018,10,NON TITO,,,JAWA TIMUR,0.75,YELLOW,405137801,AREA 3,JATIM,MADIUN,MADIUN,,,0,0,0,JAWA TIMUR,MAGETAN,MAGETAN,SUKOWINANGUN,NGAWI
2997793586,,ODP-MGT-FU/12,-7.645809,111.329254,,,2,6,0,0,8,REGIONAL 5,MADIUN,NGAWI,MGT,,,2024-03-16 23:25:05,43382,2018,10,NON TITO,,,JAWA TIMUR,0.75,YELLOW,405137798,AREA 3,JATIM,MADIUN,MADIUN,,,0,0,0,JAWA TIMUR,MAGETAN,MAGETAN,KEPOLOREJO,NGAWI
2991194913,,ODP-MGT-FA/77,-7.645287,111.315422,,,4,12,0,0,16,REGIONAL 5,MADIUN,NGAWI,MGT,,,2024-03-16 23:28:34,43378,2018,10,NON TITO,,,JAWA TIMUR,0.75,YELLOW,405126213,AREA 3,JATIM,MADIUN,MADIUN,,,0,0,0,JAWA TIMUR,MAGETAN,MAGETAN,SELOSARI,NGAWI
2993296599,,ODP-MGT-FW/05,-7.603128,111.271921,,,7,9,0,0,16,REGIONAL 5,MADIUN,NGAWI,MGT,,,2024-03-16 23:23:03,43378,2018,10,NON TITO,,,JAWA TIMUR,0.5625,YELLOW,405120905,AREA 3,JATIM,MADIUN,MADIUN,,,0,0,0,JAWA TIMUR,MAGETAN,PANEKAN,JABUNG,NGAWI
2991194770,,ODP-MGT-FY/18,-7.65793,111.323959,,,7,9,0,0,16,REGIONAL 5,MADIUN,NGAWI,MGT,,,2024-03-16 23:29:15,43378,2018,10,NON TITO,,,JAWA TIMUR,0.5625,YELLOW,405126111,AREA 3,JATIM,MADIUN,MADIUN,,,0,0,0,JAWA TIMUR,MAGETAN,MAGETAN,MAGETAN,NGAWI
2991194662,,ODP-MGT-FY/07,-7.657554,111.329846,,,5,11,0,0,16,REGIONAL 5,MADIUN,NGAWI,MGT,,,2024-03-16 23:29:15,43378,2018,10,NON TITO,,,JAWA TIMUR,0.6875,YELLOW,405126056,AREA 3,JATIM,MADIUN,MADIUN,,,0,0,0,JAWA TIMUR,MAGETAN,MAGETAN,MAGETAN,NGAWI
2991194602,,ODP-MGT-FA/76,-7.644692,111.313166,,,4,12,0,0,16,REGIONAL 5,MADIUN,NGAWI,MGT,,,2024-03-16 23:28:00,43378,2018,10,NON TITO,,,JAWA TIMUR,0.75,YELLOW,405126016,AREA 3,JATIM,MADIUN,MADIUN,,,0,0,0,JAWA TIMUR,MAGETAN,MAGETAN,SELOSARI,NGAWI
2991193731,,ODP-MGT-FT/09,-7.620114,111.32707,,,3,5,0,0,8,REGIONAL 5,MADIUN,NGAWI,MGT,,,2024-03-16 23:27:39,43378,2018,10,NON TITO,,,JAWA TIMUR,0.625,YELLOW,405124427,AREA 3,JATIM,MADIUN,MADIUN,,,0,0,0,JAWA TIMUR,MAGETAN,PANEKAN,WATES,NGAWI
2991194520,,ODP-MGT-FY/19,-7.65699,111.326036,,,4,4,0,0,8,REGIONAL 5,MADIUN,NGAWI,MGT,,,2024-03-16 23:28:37,43378,2018,10,NON TITO,,,JAWA TIMUR,0.5,YELLOW,405125962,AREA 3,JATIM,MADIUN,MADIUN,,,0,0,0,JAWA TIMUR,MAGETAN,MAGETAN,MAGETAN,NGAWI
2991194510,,ODP-MGT-FY/21,-7.655364,111.329204,,,9,7,0,0,16,REGIONAL 5,MADIUN,NGAWI,MGT,,,2024-03-16 23:29:06,43378,2018,10,NON TITO,,,JAWA TIMUR,0.4375,YELLOW,405125955,AREA 3,JATIM,MADIUN,MADIUN,,,0,0,0,JAWA TIMUR,MAGETAN,MAGETAN,MAGETAN,NGAWI
2991194415,,ODP-MGT-FY/11,-7.660611,111.325007,,,2,6,0,0,8,REGIONAL 5,MADIUN,NGAWI,MGT,,,2024-03-16 23:28:38,43378,2018,10,NON TITO,,,JAWA TIMUR,0.75,YELLOW,405125883,AREA 3,JATIM,MADIUN,MADIUN,,,0,0,0,JAWA TIMUR,MAGETAN,MAGETAN,MAGETAN,NGAWI
2991194405,,ODP-MGT-FY/12,-7.660262,111.325234,,,2,6,0,0,8,REGIONAL 5,MADIUN,NGAWI,MGT,,,2024-03-16 23:28:50,43378,2018,10,NON TITO,,,JAWA TIMUR,0.75,YELLOW,405125874,AREA 3,JATIM,MADIUN,MADIUN,,,0,0,0,JAWA TIMUR,MAGETAN,MAGETAN,MAGETAN,NGAWI
2991193857,,ODP-MGT-FY/05,-7.658914,111.332856,,,5,11,0,0,16,REGIONAL 5,MADIUN,NGAWI,MGT,,,2024-03-16 23:28:28,43378,2018,10,NON TITO,,,JAWA TIMUR,0.6875,YELLOW,405125460,AREA 3,JATIM,MADIUN,MADIUN,,,0,0,0,JAWA TIMUR,MAGETAN,MAGETAN,BULUKERTO,NGAWI
2991194374,,ODP-MGT-FA/71,-7.643783,111.310647,,,3,5,0,0,8,REGIONAL 5,MADIUN,NGAWI,MGT,,,2024-03-16 23:29:07,43378,2018,10,NON TITO,,,JAWA TIMUR,0.625,YELLOW,405125852,AREA 3,JATIM,MADIUN,MADIUN,,,0,0,0,JAWA TIMUR,MAGETAN,MAGETAN,SELOSARI,NGAWI
2991194314,,ODP-MGT-FY/09,-7.656531,111.332708,,,4,4,0,0,8,REGIONAL 5,MADIUN,NGAWI,MGT,,,2024-03-16 23:29:15,43378,2018,10,NON TITO,,,JAWA TIMUR,0.5,YELLOW,405125808,AREA 3,JATIM,MADIUN,MADIUN,,,0,0,0,JAWA TIMUR,MAGETAN,MAGETAN,MANGKUJAYAN,NGAWI
2991194299,,ODP-MGT-FA/70,-7.64428,111.309896,,,4,4,0,0,8,REGIONAL 5,MADIUN,NGAWI,MGT,,,2024-03-16 23:29:08,43378,2018,10,NON TITO,,,JAWA TIMUR,0.5,YELLOW,405125795,AREA 3,JATIM,MADIUN,MADIUN,,,0,0,0,JAWA TIMUR,MAGETAN,MAGETAN,SELOSARI,NGAWI
2991194176,,ODP-MGT-FY/13,-7.660602,111.326437,,,3,5,0,0,8,REGIONAL 5,MADIUN,NGAWI,MGT,,,2024-03-16 23:28:13,43378,2018,10,NON TITO,,,JAWA TIMUR,0.625,YELLOW,405125705,AREA 3,JATIM,MADIUN,MADIUN,,,0,0,0,JAWA TIMUR,MAGETAN,MAGETAN,MAGETAN,NGAWI
2991193905,,ODP-MGT-FA/67,-7.642638,111.308876,,,8,8,0,0,16,REGIONAL 5,MADIUN,NGAWI,MGT,,,2024-03-16 23:28:58,43378,2018,10,NON TITO,,,JAWA TIMUR,0.5,YELLOW,405125496,AREA 3,JATIM,MADIUN,MADIUN,,,0,0,0,JAWA TIMUR,MAGETAN,MAGETAN,SELOSARI,NGAWI
2991193915,,ODP-MGT-FA/66,-7.642537,111.308679,,,3,5,0,0,8,REGIONAL 5,MADIUN,NGAWI,MGT,,,2024-03-16 23:29:04,43378,2018,10,NON TITO,,,JAWA TIMUR,0.625,YELLOW,405125503,AREA 3,JATIM,MADIUN,MADIUN,,,0,0,0,JAWA TIMUR,MAGETAN,MAGETAN,SELOSARI,NGAWI
2991194137,,ODP-MGT-FY/14,-7.659705,111.326619,,,4,4,0,0,8,REGIONAL 5,MADIUN,NGAWI,MGT,,,2024-03-16 23:29:07,43378,2018,10,NON TITO,,,JAWA TIMUR,0.5,YELLOW,405125674,AREA 3,JATIM,MADIUN,MADIUN,,,0,0,0,JAWA TIMUR,MAGETAN,MAGETAN,MAGETAN,NGAWI
2997793661,,ODP-MGT-FU/09,-7.645415,111.329838,,,2,6,0,0,8,REGIONAL 5,MADIUN,NGAWI,MGT,,,2024-03-16 23:25:12,43382,2018,10,NON TITO,,,JAWA TIMUR,0.75,YELLOW,405137843,AREA 3,JATIM,MADIUN,MADIUN,,,0,0,0,JAWA TIMUR,MAGETAN,MAGETAN,SUKOWINANGUN,NGAWI
3022694900,,ODP-MGT-FH/19,-7.699323,111.344675,,,3,5,0,0,8,REGIONAL 5,MADIUN,NGAWI,MGT,,,2024-03-16 23:28:30,43389,2018,10,NON TITO,,,JAWA TIMUR,0.625,YELLOW,405356459,AREA 3,JATIM,MADIUN,MADIUN,,,0,0,0,JAWA TIMUR,MAGETAN,PARANG,JOKERTO,NGAWI
2997793666,,ODP-MGT-FU/23,-7.653023,111.325007,,,8,8,0,0,16,REGIONAL 5,MADIUN,NGAWI,MGT,,,2024-03-16 23:25:20,43382,2018,10,NON TITO,,,JAWA TIMUR,0.5,YELLOW,405137846,AREA 3,JATIM,MADIUN,MADIUN,,,0,0,0,JAWA TIMUR,MAGETAN,MAGETAN,KEPOLOREJO,NGAWI
2997793724,,ODP-MGT-FU/44,-7.647883,111.328915,,,3,5,0,0,8,REGIONAL 5,MADIUN,NGAWI,MGT,,,2024-03-16 23:24:51,43382,2018,10,NON TITO,,,JAWA TIMUR,0.625,YELLOW,405137881,AREA 3,JATIM,MADIUN,MADIUN,,,0,0,0,JAWA TIMUR,MAGETAN,MAGETAN,KEPOLOREJO,NGAWI
2993296266,,ODP-MGT-FW/10,-7.615258,111.296072,,,6,10,0,0,16,REGIONAL 5,MADIUN,NGAWI,MGT,,,2024-03-16 23:23:27,43378,2018,10,NON TITO,,,JAWA TIMUR,0.625,YELLOW,405063098,AREA 3,JATIM,MADIUN,MADIUN,,,0,0,0,JAWA TIMUR,MAGETAN,PANEKAN,PANEKAN,NGAWI
3022470607,,ODP-NWI-FE/127,-7.42264,111.433694,,,8,8,0,0,16,REGIONAL 5,MADIUN,NGAWI,NWI,,,2024-03-16 23:29:18,43384,2018,10,NON TITO,,,JAWA TIMUR,0.5,YELLOW,405323494,AREA 3,JATIM,MADIUN,MADIUN,,,0,0,0,JAWA TIMUR,NGAWI,NGAWI,BERAN,NGAWI
3021493619,,ODP-MGT-FP/20,-7.665594,111.316535,,,6,9,0,0,16,REGIONAL 5,MADIUN,NGAWI,MGT,,,2024-03-16 23:23:26,43384,2018,10,NON TITO,,,JAWA TIMUR,0.5625,YELLOW,405323422,AREA 3,JATIM,MADIUN,MADIUN,,,0,0,0,JAWA TIMUR,MAGETAN,MAGETAN,RINGINAGUNG,NGAWI
3021493614,,ODP-MGT-FP/18,-7.674664,111.288761,,,7,9,0,0,16,REGIONAL 5,MADIUN,NGAWI,MGT,,,2024-03-16 23:23:24,43384,2018,10,NON TITO,,,JAWA TIMUR,0.5625,YELLOW,405323420,AREA 3,JATIM,MADIUN,MADIUN,,,0,0,0,JAWA TIMUR,MAGETAN,PLAOSAN,NITIKAN,NGAWI
3022470494,,ODP-NWI-FE/124,-7.421292,111.441446,,,7,9,0,0,16,REGIONAL 5,MADIUN,NGAWI,NWI,,,2024-03-16 23:29:15,43384,2018,10,NON TITO,,,JAWA TIMUR,0.5625,YELLOW,405323376,AREA 3,JATIM,MADIUN,MADIUN,,,0,0,0,JAWA TIMUR,NGAWI,NGAWI,BERAN,NGAWI
3022470482,,ODP-NWI-FE/131,-7.417477,111.440427,,,5,11,0,0,16,REGIONAL 5,MADIUN,NGAWI,NWI,,,2024-03-16 23:28:58,43384,2018,10,NON TITO,,,JAWA TIMUR,0.6875,YELLOW,405323370,AREA 3,JATIM,MADIUN,MADIUN,,,0,0,0,JAWA TIMUR,NGAWI,NGAWI,BERAN,NGAWI
2997794019,,ODP-MGT-FU/13,-7.646611,111.328383,,,2,6,0,0,8,REGIONAL 5,MADIUN,NGAWI,MGT,,,2024-03-16 23:25:02,43382,2018,10,NON TITO,,,JAWA TIMUR,0.75,YELLOW,405166061,AREA 3,JATIM,MADIUN,MADIUN,,,0,0,0,JAWA TIMUR,MAGETAN,MAGETAN,KEPOLOREJO,NGAWI
2993296388,,ODP-MGT-FW/08,-7.61518,111.288162,,,7,9,0,0,16,REGIONAL 5,MADIUN,NGAWI,MGT,,,2024-03-16 23:22:23,43378,2018,10,NON TITO,,,JAWA TIMUR,0.5625,YELLOW,405063192,AREA 3,JATIM,MADIUN,MADIUN,,,0,0,0,JAWA TIMUR,MAGETAN,PANEKAN,PANEKAN,NGAWI
2993296444,,ODP-MGT-FW/06,-7.607004,111.27459,,,6,10,0,0,16,REGIONAL 5,MADIUN,NGAWI,MGT,,,2024-03-16 23:22:57,43378,2018,10,NON TITO,,,JAWA TIMUR,0.625,YELLOW,405063245,AREA 3,JATIM,MADIUN,MADIUN,,,0,0,0,JAWA TIMUR,MAGETAN,PANEKAN,JABUNG,NGAWI
2997793974,,ODP-MGT-FU/15,-7.647365,111.32624,,,1,6,0,0,8,REGIONAL 5,MADIUN,NGAWI,MGT,,,2024-03-16 23:25:38,43382,2018,10,NON TITO,,,JAWA TIMUR,0.75,YELLOW,405138031,AREA 3,JATIM,MADIUN,MADIUN,,,0,0,0,JAWA TIMUR,MAGETAN,MAGETAN,KEPOLOREJO,NGAWI
2997793969,,ODP-MGT-FU/32,-7.653552,111.334295,,,3,5,0,0,8,REGIONAL 5,MADIUN,NGAWI,MGT,,,2024-03-16 23:25:28,43382,2018,10,NON TITO,,,JAWA TIMUR,0.625,YELLOW,405138028,AREA 3,JATIM,MADIUN,MADIUN,,,0,0,0,JAWA TIMUR,MAGETAN,MAGETAN,MANGKUJAYAN,NGAWI
2993296529,,ODP-MGT-FW/07,-7.615259,111.283094,,,6,10,0,0,16,REGIONAL 5,MADIUN,NGAWI,MGT,,,2024-03-16 23:22:25,43378,2018,10,NON TITO,,,JAWA TIMUR,0.625,YELLOW,405063316,AREA 3,JATIM,MADIUN,MADIUN,,,0,0,0,JAWA TIMUR,MAGETAN,PANEKAN,REJOMULYO,NGAWI
2997793934,,ODP-MGT-FU/01,-7.642797,111.328852,,,9,7,0,0,16,REGIONAL 5,MADIUN,NGAWI,MGT,,,2024-03-16 23:25:54,43382,2018,10,NON TITO,,,JAWA TIMUR,0.4375,YELLOW,405138007,AREA 3,JATIM,MADIUN,MADIUN,,,0,0,0,JAWA TIMUR,MAGETAN,MAGETAN,SUKOWINANGUN,NGAWI
2997793929,,ODP-MGT-FU/29,-7.649857,111.325207,,,5,11,0,0,16,REGIONAL 5,MADIUN,NGAWI,MGT,,,2024-03-16 23:25:45,43382,2018,10,NON TITO,,,JAWA TIMUR,0.6875,YELLOW,405138004,AREA 3,JATIM,MADIUN,MADIUN,,,0,0,0,JAWA TIMUR,MAGETAN,MAGETAN,KEPOLOREJO,NGAWI
2997793924,,ODP-MGT-FU/37,-7.654095,111.329335,,,6,10,0,0,16,REGIONAL 5,MADIUN,NGAWI,MGT,,,2024-03-16 23:25:55,43382,2018,10,NON TITO,,,JAWA TIMUR,0.625,YELLOW,405138001,AREA 3,JATIM,MADIUN,MADIUN,,,0,0,0,JAWA TIMUR,MAGETAN,MAGETAN,KEBONAGUNG,NGAWI
2997793919,,ODP-MGT-FU/41,-7.65046,111.329593,,,3,5,0,0,8,REGIONAL 5,MADIUN,NGAWI,MGT,,,2024-03-16 23:26:00,43382,2018,10,NON TITO,,,JAWA TIMUR,0.625,YELLOW,405137998,AREA 3,JATIM,MADIUN,MADIUN,,,0,0,0,JAWA TIMUR,MAGETAN,MAGETAN,SUKOWINANGUN,NGAWI
2993296653,,ODP-MGT-FW/02,-7.60776,111.297054,,,4,4,0,0,8,REGIONAL 5,MADIUN,NGAWI,MGT,,,2024-03-16 23:22:59,43378,2018,10,NON TITO,,,JAWA TIMUR,0.5,YELLOW,405063384,AREA 3,JATIM,MADIUN,MADIUN,,,0,0,0,JAWA TIMUR,MAGETAN,PANEKAN,TURI,NGAWI
2997793904,,ODP-MGT-FU/38,-7.653294,111.329386,,,1,6,0,0,8,REGIONAL 5,MADIUN,NGAWI,MGT,,,2024-03-16 23:25:17,43382,2018,10,NON TITO,,,JAWA TIMUR,0.75,YELLOW,405137989,AREA 3,JATIM,MADIUN,MADIUN,,,0,0,0,JAWA TIMUR,MAGETAN,MAGETAN,KEBONAGUNG,NGAWI
2997793899,,ODP-MGT-FU/39,-7.65235,111.329879,,,4,14,0,0,18,REGIONAL 5,MADIUN,NGAWI,MGT,,,2024-03-16 23:25:32,43382,2018,10,NON TITO,,,JAWA TIMUR,0.77777777777778,YELLOW,405137986,AREA 3,JATIM,MADIUN,MADIUN,,,0,0,0,JAWA TIMUR,MAGETAN,MAGETAN,KEBONAGUNG,NGAWI
2997793849,,ODP-MGT-FU/25,-7.651066,111.326622,,,2,6,0,0,8,REGIONAL 5,MADIUN,NGAWI,MGT,,,2024-03-16 23:25:30,43382,2018,10,NON TITO,,,JAWA TIMUR,0.75,YELLOW,405137956,AREA 3,JATIM,MADIUN,MADIUN,,,0,0,0,JAWA TIMUR,MAGETAN,MAGETAN,KEPOLOREJO,NGAWI
2997793839,,ODP-MGT-FU/05,-7.645943,111.333022,,,3,5,0,0,8,REGIONAL 5,MADIUN,NGAWI,MGT,,,2024-03-16 23:25:01,43382,2018,10,NON TITO,,,JAWA TIMUR,0.625,YELLOW,405137950,AREA 3,JATIM,MADIUN,MADIUN,,,0,0,0,JAWA TIMUR,MAGETAN,MAGETAN,SUKOWINANGUN,NGAWI
2991194755,,ODP-MGT-FY/17,-7.657966,111.327029,,,5,11,0,0,16,REGIONAL 5,MADIUN,NGAWI,MGT,,,2024-03-16 23:29:19,43378,2018,10,NON TITO,,,JAWA TIMUR,0.6875,YELLOW,405068186,AREA 3,JATIM,MADIUN,MADIUN,,,0,0,0,JAWA TIMUR,MAGETAN,MAGETAN,MAGETAN,NGAWI
2997793799,,ODP-MGT-FU/20,-7.653236,111.328675,,,4,4,0,0,8,REGIONAL 5,MADIUN,NGAWI,MGT,,,2024-03-16 23:24:54,43382,2018,10,NON TITO,,,JAWA TIMUR,0.5,YELLOW,405137926,AREA 3,JATIM,MADIUN,MADIUN,,,0,0,0,JAWA TIMUR,MAGETAN,MAGETAN,KEBONAGUNG,NGAWI
2997793794,,ODP-MGT-FU/06,-7.646667,111.332554,,,3,5,0,0,8,REGIONAL 5,MADIUN,NGAWI,MGT,,,2024-03-16 23:24:04,43382,2018,10,NON TITO,,,JAWA TIMUR,0.625,YELLOW,405137923,AREA 3,JATIM,MADIUN,MADIUN,,,0,0,0,JAWA TIMUR,MAGETAN,MAGETAN,SUKOWINANGUN,NGAWI
2991194776,,ODP-MGT-FY/06,-7.658861,111.331404,,,6,9,1,0,16,REGIONAL 5,MADIUN,NGAWI,MGT,,,2024-03-16 23:29:19,43378,2018,10,NON TITO,,,JAWA TIMUR,0.5625,YELLOW,405068194,AREA 3,JATIM,MADIUN,MADIUN,,,0,0,0,JAWA TIMUR,MAGETAN,MAGETAN,BULUKERTO,NGAWI
2975443798,,ODP-MGT-FK/50,-7.655131,111.310404,,,2,6,0,0,8,REGIONAL 5,MADIUN,NGAWI,MGT,,,2024-03-16 23:22:16,43372,2018,9,NON TITO,,,JAWA TIMUR,0.75,YELLOW,405087807,AREA 3,JATIM,MADIUN,MADIUN,,,0,0,0,JAWA TIMUR,MAGETAN,MAGETAN,CANDIREJO,NGAWI
2997793729,,ODP-MGT-FU/30,-7.649128,111.325177,,,6,10,0,0,16,REGIONAL 5,MADIUN,NGAWI,MGT,,,2024-03-16 23:25:18,43382,2018,10,NON TITO,,,JAWA TIMUR,0.625,YELLOW,405137884,AREA 3,JATIM,MADIUN,MADIUN,,,0,0,0,JAWA TIMUR,MAGETAN,MAGETAN,KEPOLOREJO,NGAWI
2997793704,,ODP-MGT-FU/33,-7.652795,111.333903,,,4,4,0,0,8,REGIONAL 5,MADIUN,NGAWI,MGT,,,2024-03-16 23:24:48,43382,2018,10,NON TITO,,,JAWA TIMUR,0.5,YELLOW,405137869,AREA 3,JATIM,MADIUN,MADIUN,,,0,0,0,JAWA TIMUR,MAGETAN,MAGETAN,SUKOWINANGUN,NGAWI
2510972856,,ODP-WKU-FA/47,-7.373968,111.218717,,,3,5,0,0,8,REGIONAL 5,MADIUN,NGAWI,WKU,,,2024-03-16 23:23:49,43236,2018,5,NON TITO,,,JAWA TIMUR,0.625,YELLOW,354222963,AREA 3,JATIM,MADIUN,MADIUN,,,0,0,0,JAWA TIMUR,NGAWI,WIDODAREN,KAUMAN,NGAWI
2682944746,,ODP-NWI-FH/25,-7.38814,111.411114,,,3,5,0,0,8,REGIONAL 5,MADIUN,NGAWI,NWI,,,2024-03-16 23:25:21,43297,2018,7,NON TITO,,,JAWA TIMUR,0.625,YELLOW,362417644,AREA 3,JATIM,MADIUN,MADIUN,,,0,0,0,JAWA TIMUR,NGAWI,NGAWI,WATUALANG,NGAWI
3173894514,,ODP-NWI-FB/82,-7.464357,111.460226,,,2,6,0,0,8,REGIONAL 5,MADIUN,NGAWI,NWI,,,2024-03-16 23:27:12,43448,2018,12,NON TITO,,,JAWA TIMUR,0.75,YELLOW,407144102,AREA 3,JATIM,MADIUN,MADIUN,,,0,0,0,JAWA TIMUR,NGAWI,GENENG,KERSIKAN,NGAWI
3287893756,,ODP-NWI-FC/102,-7.40658,111.454525,,,7,9,0,0,16,REGIONAL 5,MADIUN,NGAWI,NWI,,,2024-03-16 23:28:14,43489,2019,1,NON TITO,,,JAWA TIMUR,0.5625,YELLOW,481684466,AREA 3,JATIM,MADIUN,MADIUN,,,0,0,0,JAWA TIMUR,NGAWI,NGAWI,KARANGASRI,NGAWI
2514870655,,ODP-WKU-FG/01,-7.384266,111.266491,,,8,8,0,0,16,REGIONAL 5,MADIUN,NGAWI,WKU,,,2024-03-16 23:23:36,43241,2018,5,NON TITO,,,JAWA TIMUR,0.5,YELLOW,354281021,AREA 3,JATIM,MADIUN,MADIUN,,,0,0,0,JAWA TIMUR,NGAWI,WIDODAREN,SIDOLAJU,NGAWI
3287893528,,ODP-NWI-FC/106,-7.404749,111.460858,,,2,6,0,0,8,REGIONAL 5,MADIUN,NGAWI,NWI,,,2024-03-16 23:27:16,43489,2019,1,NON TITO,,,JAWA TIMUR,0.75,YELLOW,481684329,AREA 3,JATIM,MADIUN,MADIUN,,,0,0,0,JAWA TIMUR,NGAWI,NGAWI,KARANGASRI,NGAWI
3275670637,,ODP-NWI-FC/90,-7.406693,111.455513,,,8,7,1,0,16,REGIONAL 5,MADIUN,NGAWI,NWI,,,2024-03-16 23:25:54,43487,2019,1,NON TITO,,,JAWA TIMUR,0.4375,YELLOW,481666747,AREA 3,JATIM,MADIUN,MADIUN,,,0,0,0,JAWA TIMUR,NGAWI,NGAWI,KARANGASRI,NGAWI
3275670632,,ODP-NWI-FC/92,-7.407186,111.459802,,,2,6,0,0,8,REGIONAL 5,MADIUN,NGAWI,NWI,,,2024-03-16 23:25:55,43487,2019,1,NON TITO,,,JAWA TIMUR,0.75,YELLOW,481666744,AREA 3,JATIM,MADIUN,MADIUN,,,0,0,0,JAWA TIMUR,NGAWI,NGAWI,KARANGASRI,NGAWI
2514870661,,ODP-WKU-FG/06,-7.41143,111.258438,,,4,12,0,0,16,REGIONAL 5,MADIUN,NGAWI,WKU,,,2024-03-16 23:24:15,43241,2018,5,NON TITO,,,JAWA TIMUR,0.75,YELLOW,354281025,AREA 3,JATIM,MADIUN,MADIUN,,,0,0,0,JAWA TIMUR,NGAWI,WIDODAREN,SIDOMAKMUR,NGAWI
2568868768,,ODP-NWI-FB/75,-7.436396,111.416558,,,6,9,0,0,16,REGIONAL 5,MADIUN,NGAWI,NWI,,,2024-03-16 23:22:46,43245,2018,5,NON TITO,,,JAWA TIMUR,0.5625,YELLOW,356341382,AREA 3,JATIM,MADIUN,MADIUN,,,0,0,0,JAWA TIMUR,NGAWI,NGAWI,BERAN,NGAWI
2585293851,,ODP-NWI-FP/18,-7.40596,111.45175,,,8,8,0,0,16,REGIONAL 5,MADIUN,NGAWI,NWI,,,2024-03-16 23:26:22,43251,2018,5,NON TITO,,,JAWA TIMUR,0.5,YELLOW,356868784,AREA 3,JATIM,MADIUN,MADIUN,,,0,0,0,JAWA TIMUR,NGAWI,NGAWI,KARANGASRI,NGAWI
2597294600,,ODP-WKU-FF/29,-7.370378,111.177188,,,8,8,0,0,16,REGIONAL 5,MADIUN,NGAWI,WKU,,,2024-03-16 23:22:38,43256,2018,6,NON TITO,,,JAWA TIMUR,0.5,YELLOW,361293933,AREA 3,JATIM,MADIUN,MADIUN,,,0,0,0,JAWA TIMUR,NGAWI,MANTINGAN,SAMBIREJO,NGAWI
3254372614,,ODP-MGT-FZ/27,-7.683947,111.252696,,,4,12,0,0,16,REGIONAL 5,MADIUN,NGAWI,MGT,,,2024-03-16 23:23:29,43483,2019,1,NON TITO,,,JAWA TIMUR,0.75,YELLOW,463515604,AREA 3,JATIM,MADIUN,MADIUN,,,0,0,0,JAWA TIMUR,MAGETAN,PLAOSAN,PLAOSAN,NGAWI
3254372127,,ODP-MGT-FZ/23,-7.683289,111.244042,,,4,12,0,0,16,REGIONAL 5,MADIUN,NGAWI,MGT,,,2024-03-16 23:23:21,43483,2019,1,NON TITO,,,JAWA TIMUR,0.75,YELLOW,463515309,AREA 3,JATIM,MADIUN,MADIUN,,,0,0,0,JAWA TIMUR,MAGETAN,PLAOSAN,PLAOSAN,NGAWI
2597294612,,ODP-WKU-FF/32,-7.370566,111.178945,,,4,4,0,0,8,REGIONAL 5,MADIUN,NGAWI,WKU,,,2024-03-16 23:22:48,43256,2018,6,NON TITO,,,JAWA TIMUR,0.5,YELLOW,361293947,AREA 3,JATIM,MADIUN,MADIUN,,,0,0,0,JAWA TIMUR,NGAWI,MANTINGAN,SAMBIREJO,NGAWI
2606972715,,ODP-WKU-FF/31,-7.368926,111.178919,,,2,6,0,0,8,REGIONAL 5,MADIUN,NGAWI,WKU,,,2024-03-16 23:26:30,43257,2018,6,NON TITO,,,JAWA TIMUR,0.75,YELLOW,361298990,AREA 3,JATIM,MADIUN,MADIUN,,,0,0,0,JAWA TIMUR,NGAWI,KARANGANYAR,SRI WEDARI,NGAWI
3206614275,,ODP-MGT-FN/09,-7.74772,111.330384,,,6,10,0,0,16,REGIONAL 5,MADIUN,NGAWI,MGT,,,2024-03-16 23:28:09,43483,2019,1,NON TITO,,,JAWA TIMUR,0.625,YELLOW,451756797,AREA 3,JATIM,MADIUN,MADIUN,,,0,0,0,JAWA TIMUR,MAGETAN,PARANG,PARANG,NGAWI
3206614175,,ODP-MGT-FN/17,-7.747248,111.334899,,,8,8,0,0,16,REGIONAL 5,MADIUN,NGAWI,MGT,,,2024-03-16 23:28:36,43483,2019,1,NON TITO,,,JAWA TIMUR,0.5,YELLOW,451756767,AREA 3,JATIM,MADIUN,MADIUN,,,0,0,0,JAWA TIMUR,MAGETAN,PARANG,TAMANARUM,NGAWI
2597294478,,ODP-WKU-FF/33,-7.370425,111.183934,,,2,6,0,0,8,REGIONAL 5,MADIUN,NGAWI,WKU,,,2024-03-16 23:22:59,43256,2018,6,NON TITO,,,JAWA TIMUR,0.75,YELLOW,361374018,AREA 3,JATIM,MADIUN,MADIUN,,,0,0,0,JAWA TIMUR,NGAWI,MANTINGAN,SAMBIREJO,NGAWI
2597294607,,ODP-WKU-FF/34,-7.370523,111.183958,,,4,4,0,0,8,REGIONAL 5,MADIUN,NGAWI,WKU,,,2024-03-16 23:22:49,43256,2018,6,NON TITO,,,JAWA TIMUR,0.5,YELLOW,361374289,AREA 3,JATIM,MADIUN,MADIUN,,,0,0,0,JAWA TIMUR,NGAWI,MANTINGAN,SAMBIREJO,NGAWI
3206613963,,ODP-MGT-FN/07,-7.75204,111.333483,,,4,4,0,0,8,REGIONAL 5,MADIUN,NGAWI,MGT,,,2024-03-16 23:28:36,43483,2019,1,NON TITO,,,JAWA TIMUR,0.5,YELLOW,451756704,AREA 3,JATIM,MADIUN,MADIUN,,,0,0,0,JAWA TIMUR,MAGETAN,PARANG,PARANG,NGAWI
3206613953,,ODP-MGT-FN/14,-7.749303,111.341979,,,4,4,0,0,8,REGIONAL 5,MADIUN,NGAWI,MGT,,,2024-03-16 23:28:54,43483,2019,1,NON TITO,,,JAWA TIMUR,0.5,YELLOW,451756701,AREA 3,JATIM,MADIUN,MADIUN,,,0,0,0,JAWA TIMUR,MAGETAN,PARANG,TAMANARUM,NGAWI
3206461040,,ODP-NWI-FL/05,-7.392064,111.460558,,,5,11,0,0,16,REGIONAL 5,MADIUN,NGAWI,NWI,,,2024-03-16 23:23:28,43480,2019,1,NON TITO,,,JAWA TIMUR,0.6875,YELLOW,451591534,AREA 3,JATIM,MADIUN,MADIUN,,,0,0,0,JAWA TIMUR,NGAWI,NGAWI,NGAWI,NGAWI
3206460502,,ODP-NWI-FL/04,-7.389412,111.458108,,,2,6,0,0,8,REGIONAL 5,MADIUN,NGAWI,NWI,,,2024-03-16 23:23:27,43480,2019,1,NON TITO,,,JAWA TIMUR,0.75,YELLOW,451591371,AREA 3,JATIM,MADIUN,MADIUN,,,0,0,0,JAWA TIMUR,NGAWI,NGAWI,NGAWI,NGAWI
3258796015,,ODP-MGT-FK/53,-7.658601,111.294331,,,2,6,0,0,8,REGIONAL 5,MADIUN,NGAWI,MGT,,,2024-03-16 23:23:56,43479,2019,1,NON TITO,,,JAWA TIMUR,0.75,YELLOW,451590698,AREA 3,JATIM,MADIUN,MADIUN,,,0,0,0,JAWA TIMUR,MAGETAN,SIDOREJO,CAMPURSARI,NGAWI
2603369095,,ODP-WKU-FF/35,-7.370546,111.181738,,,4,4,0,0,8,REGIONAL 5,MADIUN,NGAWI,WKU,,,2024-03-16 23:26:31,43256,2018,6,NON TITO,,,JAWA TIMUR,0.5,YELLOW,361374955,AREA 3,JATIM,MADIUN,MADIUN,,,0,0,0,JAWA TIMUR,NGAWI,MANTINGAN,SAMBIREJO,NGAWI
2605093689,,ODP-NWI-FA/74,-7.496348,111.417716,,,6,10,0,0,16,REGIONAL 5,MADIUN,NGAWI,NWI,,,2024-03-16 23:24:19,43259,2018,6,NON TITO,,,JAWA TIMUR,0.625,YELLOW,361393727,AREA 3,JATIM,MADIUN,MADIUN,,,0,0,0,JAWA TIMUR,NGAWI,GENENG,TEPAS,NGAWI
3258795665,,ODP-MGT-FK/59,-7.657748,111.308772,,,3,5,0,0,8,REGIONAL 5,MADIUN,NGAWI,MGT,,,2024-03-16 23:23:36,43479,2019,1,NON TITO,,,JAWA TIMUR,0.625,YELLOW,451590520,AREA 3,JATIM,MADIUN,MADIUN,,,0,0,0,JAWA TIMUR,MAGETAN,MAGETAN,CANDIREJO,NGAWI
3258795595,,ODP-MGT-FK/56,-7.655516,111.30265,,,2,6,0,0,8,REGIONAL 5,MADIUN,NGAWI,MGT,,,2024-03-16 23:23:31,43479,2019,1,NON TITO,,,JAWA TIMUR,0.75,YELLOW,451590468,AREA 3,JATIM,MADIUN,MADIUN,,,0,0,0,JAWA TIMUR,MAGETAN,SIDOREJO,CAMPURSARI,NGAWI
3258795590,,ODP-MGT-FK/60,-7.657748,111.310079,,,4,4,0,0,8,REGIONAL 5,MADIUN,NGAWI,MGT,,,2024-03-16 23:23:54,43479,2019,1,NON TITO,,,JAWA TIMUR,0.5,YELLOW,451590464,AREA 3,JATIM,MADIUN,MADIUN,,,0,0,0,JAWA TIMUR,MAGETAN,MAGETAN,CANDIREJO,NGAWI
3287893766,,ODP-NWI-FC/101,-7.406486,111.454039,,,4,12,0,0,16,REGIONAL 5,MADIUN,NGAWI,NWI,,,2024-03-16 23:28:08,43489,2019,1,NON TITO,,,JAWA TIMUR,0.75,YELLOW,481684472,AREA 3,JATIM,MADIUN,MADIUN,,,0,0,0,JAWA TIMUR,NGAWI,NGAWI,KARANGASRI,NGAWI
3258795540,,ODP-MGT-FK/57,-7.653423,111.304418,,,2,6,0,0,8,REGIONAL 5,MADIUN,NGAWI,MGT,,,2024-03-16 23:23:52,43479,2019,1,NON TITO,,,JAWA TIMUR,0.75,YELLOW,451590419,AREA 3,JATIM,MADIUN,MADIUN,,,0,0,0,JAWA TIMUR,MAGETAN,MAGETAN,CANDIREJO,NGAWI
2514870645,,ODP-WKU-FG/03,-7.387421,111.265131,,,4,4,0,0,8,REGIONAL 5,MADIUN,NGAWI,WKU,,,2024-03-16 23:24:04,43241,2018,5,NON TITO,,,JAWA TIMUR,0.5,YELLOW,354281014,AREA 3,JATIM,MADIUN,MADIUN,,,0,0,0,JAWA TIMUR,NGAWI,WIDODAREN,SIDOLAJU,NGAWI
2514870602,,ODP-WKU-FG/04,-7.361725,111.138458,,,4,12,0,0,16,REGIONAL 5,MADIUN,NGAWI,WKU,,,2024-03-16 23:24:15,43241,2018,5,NON TITO,,,JAWA TIMUR,0.75,YELLOW,354280980,AREA 3,JATIM,MADIUN,MADIUN,,,0,0,0,JAWA TENGAH,SRAGEN,SAMBUNG MACAN,BANARAN,NGAWI
3313018969,,ODP-MGT-FAB/10,-7.71188,111.241518,,,4,4,0,0,8,REGIONAL 5,MADIUN,NGAWI,MGT,,,2024-03-16 23:29:15,43502,2019,2,NON TITO,,,JAWA TIMUR,0.5,YELLOW,534613767,AREA 3,JATIM,MADIUN,MADIUN,,,0,0,0,JAWA TIMUR,MAGETAN,PONCOL,GENILANGIT,NGAWI
3313018900,,ODP-MGT-FAB/12,-7.710259,111.248341,,,7,9,0,0,16,REGIONAL 5,MADIUN,NGAWI,MGT,,,2024-03-16 23:29:14,43502,2019,2,NON TITO,,,JAWA TIMUR,0.5625,YELLOW,534613738,AREA 3,JATIM,MADIUN,MADIUN,,,0,0,0,JAWA TIMUR,MAGETAN,PONCOL,ALASTUWO,NGAWI
2510973018,,ODP-WKU-FA/42,-7.371244,111.222709,,,4,12,0,0,16,REGIONAL 5,MADIUN,NGAWI,WKU,,,2024-03-16 23:23:28,43236,2018,5,NON TITO,,,JAWA TIMUR,0.75,YELLOW,354223022,AREA 3,JATIM,MADIUN,MADIUN,,,0,0,0,JAWA TIMUR,NGAWI,WIDODAREN,KAUMAN,NGAWI
3308293945,,ODP-NWI-FD/68,-7.414238,111.421495,,,9,7,0,0,16,REGIONAL 5,MADIUN,NGAWI,NWI,,,2024-03-16 23:27:09,43500,2019,2,NON TITO,,,JAWA TIMUR,0.4375,YELLOW,531913197,AREA 3,JATIM,MADIUN,MADIUN,,,0,0,0,JAWA TIMUR,NGAWI,NGAWI,GRUDO,NGAWI
3308293927,,ODP-NWI-FD/67,-7.414227,111.418402,,,3,5,0,0,8,REGIONAL 5,MADIUN,NGAWI,NWI,,,2024-03-16 23:21:05,43500,2019,2,NON TITO,,,JAWA TIMUR,0.625,YELLOW,531913190,AREA 3,JATIM,MADIUN,MADIUN,,,0,0,0,JAWA TIMUR,NGAWI,NGAWI,GRUDO,NGAWI
3308293913,,ODP-NWI-FD/70,-7.415387,111.420186,,,3,5,0,0,8,REGIONAL 5,MADIUN,NGAWI,NWI,,,2024-03-16 23:27:19,43500,2019,2,NON TITO,,,JAWA TIMUR,0.625,YELLOW,531913184,AREA 3,JATIM,MADIUN,MADIUN,,,0,0,0,JAWA TIMUR,NGAWI,NGAWI,GRUDO,NGAWI
2510973251,,ODP-WKU-FA/48,-7.374957,111.223435,,,4,4,0,0,8,REGIONAL 5,MADIUN,NGAWI,WKU,,,2024-03-16 23:21:38,43236,2018,5,NON TITO,,,JAWA TIMUR,0.5,YELLOW,354223111,AREA 3,JATIM,MADIUN,MADIUN,,,0,0,0,JAWA TIMUR,NGAWI,WIDODAREN,WIDODAREN,NGAWI
2509322693,,ODP-WKU-FA/30,-7.38177,111.22399,,,4,12,0,0,16,REGIONAL 5,MADIUN,NGAWI,WKU,,,2024-03-16 23:28:30,43235,2018,5,NON TITO,,,JAWA TIMUR,0.75,YELLOW,354244393,AREA 3,JATIM,MADIUN,MADIUN,,,0,0,0,JAWA TIMUR,NGAWI,WIDODAREN,WIDODAREN,NGAWI
3304019121,,ODP-NWI-FB/96,-7.460409,111.431561,,,5,11,0,0,16,REGIONAL 5,MADIUN,NGAWI,NWI,,,2024-03-16 23:23:29,43496,2019,1,NON TITO,,,JAWA TIMUR,0.6875,YELLOW,527112343,AREA 3,JATIM,MADIUN,MADIUN,,,0,0,0,JAWA TIMUR,NGAWI,PARON,TEMPURAN,NGAWI
3304019048,,ODP-NWI-FB/97,-7.449178,111.435431,,,4,4,0,0,8,REGIONAL 5,MADIUN,NGAWI,NWI,,,2024-03-16 23:23:00,43496,2019,1,NON TITO,,,JAWA TIMUR,0.5,YELLOW,527112304,AREA 3,JATIM,MADIUN,MADIUN,,,0,0,0,JAWA TIMUR,NGAWI,GENENG,KLITIK,NGAWI
2509322929,,ODP-WKU-FA/27,-7.390767,111.222439,,,3,12,0,0,16,REGIONAL 5,MADIUN,NGAWI,WKU,,,2024-03-16 23:28:05,43235,2018,5,NON TITO,,,JAWA TIMUR,0.75,YELLOW,354244605,AREA 3,JATIM,MADIUN,MADIUN,,,0,0,0,JAWA TIMUR,NGAWI,WIDODAREN,WIDODAREN,NGAWI
2510971973,,ODP-WKU-FA/43,-7.372318,111.222667,,,3,5,0,0,8,REGIONAL 5,MADIUN,NGAWI,WKU,,,2024-03-16 23:23:57,43236,2018,5,NON TITO,,,JAWA TIMUR,0.625,YELLOW,354253749,AREA 3,JATIM,MADIUN,MADIUN,,,0,0,0,JAWA TIMUR,NGAWI,WIDODAREN,KAUMAN,NGAWI
3313018905,,ODP-MGT-FZ/06,-7.696252,111.257877,,,7,9,0,0,16,REGIONAL 5,MADIUN,NGAWI,MGT,,,2024-03-16 23:29:18,43502,2019,2,NON TITO,,,JAWA TIMUR,0.5625,YELLOW,507667896,AREA 3,JATIM,MADIUN,MADIUN,,,0,0,0,JAWA TIMUR,MAGETAN,PLAOSAN,BULUGUNUNG,NGAWI
2510972665,,ODP-WKU-FA/38,-7.375529,111.226598,,,4,4,0,0,8,REGIONAL 5,MADIUN,NGAWI,WKU,,,2024-03-16 23:24:13,43236,2018,5,NON TITO,,,JAWA TIMUR,0.5,YELLOW,354254040,AREA 3,JATIM,MADIUN,MADIUN,,,0,0,0,JAWA TIMUR,NGAWI,WIDODAREN,WIDODAREN,NGAWI
3304019413,,ODP-NWI-FB/95,-7.460459,111.418355,,,2,6,0,0,8,REGIONAL 5,MADIUN,NGAWI,NWI,,,2024-03-16 23:23:20,43496,2019,1,NON TITO,,,JAWA TIMUR,0.75,YELLOW,507636401,AREA 3,JATIM,MADIUN,MADIUN,,,0,0,0,JAWA TIMUR,NGAWI,PARON,TEMPURAN,NGAWI
2510973013,,ODP-WKU-FA/36,-7.378003,111.226393,,,2,5,0,0,8,REGIONAL 5,MADIUN,NGAWI,WKU,,,2024-03-16 23:24:02,43236,2018,5,NON TITO,,,JAWA TIMUR,0.625,YELLOW,354254164,AREA 3,JATIM,MADIUN,MADIUN,,,0,0,0,JAWA TIMUR,NGAWI,WIDODAREN,WIDODAREN,NGAWI
3304019252,,ODP-NWI-FB/85,-7.460776,111.409186,,,3,5,0,0,8,REGIONAL 5,MADIUN,NGAWI,NWI,,,2024-03-16 23:22:44,43496,2019,1,NON TITO,,,JAWA TIMUR,0.625,YELLOW,507636225,AREA 3,JATIM,MADIUN,MADIUN,,,0,0,0,JAWA TIMUR,NGAWI,PARON,TEMPURAN,NGAWI
3304019182,,ODP-NWI-FB/89,-7.460444,111.41846,,,3,5,0,0,8,REGIONAL 5,MADIUN,NGAWI,NWI,,,2024-03-16 23:23:10,43496,2019,1,NON TITO,,,JAWA TIMUR,0.625,YELLOW,507636152,AREA 3,JATIM,MADIUN,MADIUN,,,0,0,0,JAWA TIMUR,NGAWI,PARON,TEMPURAN,NGAWI
3289394521,,ODP-MGT-FQ/22,-7.642824,111.377794,,,9,7,0,0,16,REGIONAL 5,MADIUN,NGAWI,MGT,,,2024-03-16 23:26:28,43490,2019,1,NON TITO,,,JAWA TIMUR,0.4375,YELLOW,505063231,AREA 3,JATIM,MADIUN,MADIUN,,,0,0,0,JAWA TIMUR,MAGETAN,SUKOMORO,BIBIS,NGAWI
2514870592,,ODP-WKU-FG/07,-7.416725,111.256639,,,8,8,0,0,16,REGIONAL 5,MADIUN,NGAWI,WKU,,,2024-03-16 23:24:17,43241,2018,5,NON TITO,,,JAWA TIMUR,0.5,YELLOW,354280972,AREA 3,JATIM,MADIUN,MADIUN,,,0,0,0,JAWA TIMUR,NGAWI,WIDODAREN,SIDOMAKMUR,NGAWI
3275670465,,ODP-NWI-FC/93,-7.407357,111.460967,,,2,6,0,0,8,REGIONAL 5,MADIUN,NGAWI,NWI,,,2024-03-16 23:25:47,43487,2019,1,NON TITO,,,JAWA TIMUR,0.75,YELLOW,484740737,AREA 3,JATIM,MADIUN,MADIUN,,,0,0,0,JAWA TIMUR,NGAWI,NGAWI,KARANGASRI,NGAWI
3275670105,,ODP-NWI-FC/87,-7.4137,111.463974,,,4,4,0,0,8,REGIONAL 5,MADIUN,NGAWI,NWI,,,2024-03-16 23:25:53,43487,2019,1,NON TITO,,,JAWA TIMUR,0.5,YELLOW,484740451,AREA 3,JATIM,MADIUN,MADIUN,,,0,0,0,JAWA TIMUR,NGAWI,NGAWI,KARANGASRI,NGAWI
3275669904,,ODP-NWI-FC/88,-7.413104,111.460693,,,4,12,0,0,16,REGIONAL 5,MADIUN,NGAWI,NWI,,,2024-03-16 23:25:19,43487,2019,1,NON TITO,,,JAWA TIMUR,0.75,YELLOW,484740287,AREA 3,JATIM,MADIUN,MADIUN,,,0,0,0,JAWA TIMUR,NGAWI,NGAWI,KARANGASRI,NGAWI
3275669899,,ODP-NWI-FC/95,-7.407657,111.464777,,,5,10,0,0,16,REGIONAL 5,MADIUN,NGAWI,NWI,,,2024-03-16 23:25:32,43487,2019,1,NON TITO,,,JAWA TIMUR,0.625,YELLOW,484740284,AREA 3,JATIM,MADIUN,MADIUN,,,0,0,0,JAWA TIMUR,NGAWI,NGAWI,KARANGASRI,NGAWI
3275669894,,ODP-NWI-FC/94,-7.407458,111.462072,,,6,10,0,0,16,REGIONAL 5,MADIUN,NGAWI,NWI,,,2024-03-16 23:26:10,43487,2019,1,NON TITO,,,JAWA TIMUR,0.625,YELLOW,484740280,AREA 3,JATIM,MADIUN,MADIUN,,,0,0,0,JAWA TIMUR,NGAWI,NGAWI,KARANGASRI,NGAWI
3275669724,,ODP-NWI-FC/91,-7.406925,111.457716,,,3,5,0,0,8,REGIONAL 5,MADIUN,NGAWI,NWI,,,2024-03-16 23:25:53,43487,2019,1,NON TITO,,,JAWA TIMUR,0.625,YELLOW,484740140,AREA 3,JATIM,MADIUN,MADIUN,,,0,0,0,JAWA TIMUR,NGAWI,NGAWI,KARANGASRI,NGAWI
3275669583,,ODP-NWI-FC/85,-7.42225,111.464732,,,2,6,0,0,8,REGIONAL 5,MADIUN,NGAWI,NWI,,,2024-03-16 23:25:29,43487,2019,1,NON TITO,,,JAWA TIMUR,0.75,YELLOW,484740046,AREA 3,JATIM,MADIUN,MADIUN,,,0,0,0,JAWA TIMUR,NGAWI,NGAWI,KARTOHARJO,NGAWI
3287893826,,ODP-NWI-FC/99,-7.413042,111.453084,,,4,4,0,0,8,REGIONAL 5,MADIUN,NGAWI,NWI,,,2024-03-16 23:27:51,43489,2019,1,NON TITO,,,JAWA TIMUR,0.5,YELLOW,481684508,AREA 3,JATIM,MADIUN,MADIUN,,,0,0,0,JAWA TIMUR,NGAWI,NGAWI,KARANGASRI,NGAWI
3173894450,,ODP-NWI-FB/77,-7.442748,111.427223,,,4,4,0,0,8,REGIONAL 5,MADIUN,NGAWI,NWI,,,2024-03-16 23:28:21,43448,2018,12,NON TITO,,,JAWA TIMUR,0.5,YELLOW,407144040,AREA 3,JATIM,MADIUN,MADIUN,,,0,0,0,JAWA TIMUR,NGAWI,PARON,DAWU,NGAWI
2642295215,,ODP-NWI-FC/72,-7.419105,111.503993,,,7,9,0,0,16,REGIONAL 5,MADIUN,NGAWI,NWI,,,2024-03-16 23:23:50,43280,2018,6,NON TITO,,,JAWA TIMUR,0.5625,YELLOW,361706290,AREA 3,JATIM,MADIUN,MADIUN,,,0,0,0,JAWA TIMUR,NGAWI,KASREMAN,CANGAKAN,NGAWI
3248296209,,ODP-GGR-FC/37,-7.690245,111.479206,,,3,4,1,0,8,REGIONAL 5,MADIUN,NGAWI,GGR,,,2024-03-16 23:26:40,43476,2019,1,NON TITO,,,JAWA TIMUR,0.5,YELLOW,448667927,AREA 3,JATIM,MADIUN,MADIUN,,,0,0,0,JAWA TIMUR,MAGETAN,TAKERAN,KIRINGAN,NGAWI
2646873801,,ODP-NWI-FJ/45,-7.439786,111.39176,,,4,4,0,0,8,REGIONAL 5,MADIUN,NGAWI,NWI,,,2024-03-16 23:22:19,43286,2018,7,NON TITO,,,JAWA TIMUR,0.5,YELLOW,361971494,AREA 3,JATIM,MADIUN,MADIUN,,,0,0,0,JAWA TIMUR,NGAWI,PARON,PARON,NGAWI
2646873807,,ODP-NWI-FJ/34,-7.430913,111.376487,,,9,7,0,0,16,REGIONAL 5,MADIUN,NGAWI,NWI,,,2024-03-16 23:22:23,43286,2018,7,NON TITO,,,JAWA TIMUR,0.4375,YELLOW,361971501,AREA 3,JATIM,MADIUN,MADIUN,,,0,0,0,JAWA TIMUR,NGAWI,PARON,GELUNG,NGAWI
3192418903,,ODP-KRJ-FA/25,-7.456333,111.576097,,,4,4,0,0,8,REGIONAL 5,MADIUN,NGAWI,KRJ,,,2024-03-16 23:25:09,43452,2018,12,NON TITO,,,JAWA TIMUR,0.5,YELLOW,407340526,AREA 3,JATIM,MADIUN,MADIUN,,,0,0,0,JAWA TIMUR,NGAWI,KARANGJATI,BRANGOL,NGAWI
3192418801,,ODP-KRJ-FA/28,-7.449968,111.589388,,,4,4,0,0,8,REGIONAL 5,MADIUN,NGAWI,KRJ,,,2024-03-16 23:24:17,43452,2018,12,NON TITO,,,JAWA TIMUR,0.5,YELLOW,407340465,AREA 3,JATIM,MADIUN,MADIUN,,,0,0,0,JAWA TIMUR,NGAWI,KARANGJATI,DUNGMIRI,NGAWI
2646873871,,ODP-NWI-FJ/37,-7.440735,111.386341,,,2,6,0,0,8,REGIONAL 5,MADIUN,NGAWI,NWI,,,2024-03-16 23:22:19,43286,2018,7,NON TITO,,,JAWA TIMUR,0.75,YELLOW,361971532,AREA 3,JATIM,MADIUN,MADIUN,,,0,0,0,JAWA TIMUR,NGAWI,PARON,GELUNG,NGAWI
3191219451,,ODP-GGR-FC/46,-7.667249,111.468339,,,4,4,0,0,8,REGIONAL 5,MADIUN,NGAWI,GGR,,,2024-03-16 23:27:25,43451,2018,12,NON TITO,,,JAWA TIMUR,0.5,YELLOW,407340197,AREA 3,JATIM,MADIUN,MADIUN,,,0,0,0,JAWA TIMUR,MAGETAN,TAKERAN,KERIK,NGAWI
3191218977,,ODP-GGR-FC/44,-7.66586,111.463199,,,6,10,0,0,16,REGIONAL 5,MADIUN,NGAWI,GGR,,,2024-03-16 23:27:50,43451,2018,12,NON TITO,,,JAWA TIMUR,0.625,YELLOW,407340042,AREA 3,JATIM,MADIUN,MADIUN,,,0,0,0,JAWA TIMUR,MAGETAN,TAKERAN,KERIK,NGAWI
3191218877,,ODP-GGR-FC/45,-7.666349,111.464918,,,3,5,0,0,8,REGIONAL 5,MADIUN,NGAWI,GGR,,,2024-03-16 23:28:11,43451,2018,12,NON TITO,,,JAWA TIMUR,0.625,YELLOW,407340011,AREA 3,JATIM,MADIUN,MADIUN,,,0,0,0,JAWA TIMUR,MAGETAN,TAKERAN,KERIK,NGAWI
3208768591,,ODP-NWI-FB/83,-7.464579,111.432097,,,2,6,0,0,8,REGIONAL 5,MADIUN,NGAWI,NWI,,,2024-03-16 23:26:59,43456,2018,12,NON TITO,,,JAWA TIMUR,0.75,YELLOW,407291658,AREA 3,JATIM,MADIUN,MADIUN,,,0,0,0,JAWA TIMUR,NGAWI,PARON,TEMPURAN,NGAWI
2646873974,,ODP-NWI-FJ/48,-7.440527,111.390212,,,2,6,0,0,8,REGIONAL 5,MADIUN,NGAWI,NWI,,,2024-03-16 23:22:22,43286,2018,7,NON TITO,,,JAWA TIMUR,0.75,YELLOW,361971609,AREA 3,JATIM,MADIUN,MADIUN,,,0,0,0,JAWA TIMUR,NGAWI,PARON,GELUNG,NGAWI
2646874042,,ODP-NWI-FJ/39,-7.441643,111.386002,,,4,4,0,0,8,REGIONAL 5,MADIUN,NGAWI,NWI,,,2024-03-16 23:21:25,43286,2018,7,NON TITO,,,JAWA TIMUR,0.5,YELLOW,361971640,AREA 3,JATIM,MADIUN,MADIUN,,,0,0,0,JAWA TIMUR,NGAWI,PARON,GELUNG,NGAWI
2646874052,,ODP-NWI-FJ/35,-7.432861,111.379233,,,4,4,0,0,8,REGIONAL 5,MADIUN,NGAWI,NWI,,,2024-03-16 23:22:23,43286,2018,7,NON TITO,,,JAWA TIMUR,0.5,YELLOW,361971644,AREA 3,JATIM,MADIUN,MADIUN,,,0,0,0,JAWA TIMUR,NGAWI,PARON,GELUNG,NGAWI
3191218832,,ODP-WKU-FD/42,-7.364265,111.131469,,,8,8,0,0,16,REGIONAL 5,MADIUN,NGAWI,WKU,,,2024-03-16 23:28:08,43451,2018,12,NON TITO,,,JAWA TIMUR,0.5,YELLOW,407265712,AREA 3,JATIM,MADIUN,MADIUN,,,0,0,0,JAWA TENGAH,SRAGEN,SAMBUNG MACAN,BANARAN,NGAWI
3183943753,,ODP-NWI-FC/79,-7.407899,111.466793,,,2,6,0,0,8,REGIONAL 5,MADIUN,NGAWI,NWI,,,2024-03-16 23:26:49,43449,2018,12,NON TITO,,,JAWA TIMUR,0.75,YELLOW,407146771,AREA 3,JATIM,MADIUN,MADIUN,,,0,0,0,JAWA TIMUR,NGAWI,NGAWI,KARANG TENGAH PRANDON,NGAWI
3183943713,,ODP-NWI-FC/81,-7.415753,111.496671,,,3,5,0,0,8,REGIONAL 5,MADIUN,NGAWI,NWI,,,2024-03-16 23:26:53,43449,2018,12,NON TITO,,,JAWA TIMUR,0.625,YELLOW,407146759,AREA 3,JATIM,MADIUN,MADIUN,,,0,0,0,JAWA TIMUR,NGAWI,KASREMAN,CANGAKAN,NGAWI
2646874231,,ODP-NWI-FJ/33,-7.44283,111.384768,,,6,9,0,0,16,REGIONAL 5,MADIUN,NGAWI,NWI,,,2024-03-16 23:22:22,43286,2018,7,NON TITO,,,JAWA TIMUR,0.5625,YELLOW,361971736,AREA 3,JATIM,MADIUN,MADIUN,,,0,0,0,JAWA TIMUR,NGAWI,PARON,JAMBANGAN,NGAWI
2646874237,,ODP-NWI-FJ/29,-7.458578,111.363713,,,3,5,0,0,8,REGIONAL 5,MADIUN,NGAWI,NWI,,,2024-03-16 23:22:24,43286,2018,7,NON TITO,,,JAWA TIMUR,0.625,YELLOW,361971738,AREA 3,JATIM,MADIUN,MADIUN,,,0,0,0,JAWA TIMUR,NGAWI,PARON,JAMBANGAN,NGAWI
3183943623,,ODP-NWI-FC/77,-7.408487,111.471463,,,6,8,2,0,16,REGIONAL 5,MADIUN,NGAWI,NWI,,,2024-03-16 23:26:28,43449,2018,12,NON TITO,,,JAWA TIMUR,0.5,YELLOW,407146731,AREA 3,JATIM,MADIUN,MADIUN,,,0,0,0,JAWA TIMUR,NGAWI,NGAWI,KARANG TENGAH PRANDON,NGAWI
3173972150,,ODP-NWI-FK/09,-7.329082,111.508465,,,3,4,0,0,8,REGIONAL 5,MADIUN,NGAWI,NWI,,,2024-03-16 23:23:05,43448,2018,12,NON TITO,,,JAWA TIMUR,0.5,YELLOW,407145471,AREA 3,JATIM,MADIUN,MADIUN,,,0,0,0,JAWA TIMUR,BOJONEGORO,MARGOMULYO,SUMBEREJO,NGAWI
2665918886,,ODP-WKU-FB/37,-7.393338,111.217815,,,12,12,0,0,24,REGIONAL 5,MADIUN,NGAWI,WKU,,,2024-03-16 23:26:24,43290,2018,7,NON TITO,,,JAWA TIMUR,0.5,YELLOW,361996994,AREA 3,JATIM,MADIUN,MADIUN,,,0,0,0,JAWA TIMUR,NGAWI,WIDODAREN,WALIKUKUN,NGAWI
3173971958,,ODP-JGO-FC/39,-7.512989,111.200414,,,7,9,0,0,16,REGIONAL 5,MADIUN,NGAWI,JGO,,,2024-03-16 23:23:03,43448,2018,12,NON TITO,,,JAWA TIMUR,0.5625,YELLOW,407145312,AREA 3,JATIM,MADIUN,MADIUN,,,0,0,0,JAWA TIMUR,NGAWI,NGRAMBE,NGRAMBE,NGAWI
2663819578,,ODP-WKU-FAA/17,-7.4856,111.208915,,,7,9,0,0,16,REGIONAL 5,MADIUN,NGAWI,WKU,,,2024-03-16 23:24:44,43292,2018,7,NON TITO,,,JAWA TIMUR,0.5625,YELLOW,362003373,AREA 3,JATIM,MADIUN,MADIUN,,,0,0,0,JAWA TIMUR,NGAWI,NGRAMBE,PUCANGAN,NGAWI
3173971369,,ODP-NWI-FH/28,-7.40094,111.39784,,,2,6,0,0,8,REGIONAL 5,MADIUN,NGAWI,NWI,,,2024-03-16 23:22:57,43448,2018,12,NON TITO,,,JAWA TIMUR,0.75,YELLOW,407144853,AREA 3,JATIM,MADIUN,MADIUN,,,0,0,0,JAWA TIMUR,NGAWI,NGAWI,WATUALANG,NGAWI
3173894725,,ODP-NWI-FB/81,-7.466912,111.463881,,,9,7,0,0,16,REGIONAL 5,MADIUN,NGAWI,NWI,,,2024-03-16 23:27:00,43448,2018,12,NON TITO,,,JAWA TIMUR,0.4375,YELLOW,407144334,AREA 3,JATIM,MADIUN,MADIUN,,,0,0,0,JAWA TIMUR,NGAWI,GENENG,KERSIKAN,NGAWI
2682944741,,ODP-NWI-FH/27,-7.39118,111.413076,,,5,11,0,0,16,REGIONAL 5,MADIUN,NGAWI,NWI,,,2024-03-16 23:25:20,43297,2018,7,NON TITO,,,JAWA TIMUR,0.6875,YELLOW,362346441,AREA 3,JATIM,MADIUN,MADIUN,,,0,0,0,JAWA TIMUR,NGAWI,NGAWI,WATUALANG,NGAWI
3173894574,,ODP-NWI-FB/80,-7.47807,111.465841,,,5,11,0,0,16,REGIONAL 5,MADIUN,NGAWI,NWI,,,2024-03-16 23:27:16,43448,2018,12,NON TITO,,,JAWA TIMUR,0.6875,YELLOW,407144168,AREA 3,JATIM,MADIUN,MADIUN,,,0,0,0,JAWA TIMUR,NGAWI,GENENG,KASREMAN,NGAWI
2692169714,,ODP-NWI-FE/133,-7.426704,111.434397,,,6,10,0,0,16,REGIONAL 5,MADIUN,NGAWI,NWI,,,2024-03-16 23:23:25,43299,2018,7,NON TITO,,,JAWA TIMUR,0.625,YELLOW,362353930,AREA 3,JATIM,MADIUN,MADIUN,,,0,0,0,JAWA TIMUR,NGAWI,NGAWI,BERAN,NGAWI
2663819653,,ODP-WKU-FAA/19,-7.431543,111.215798,,,4,12,0,0,16,REGIONAL 5,MADIUN,NGAWI,WKU,,,2024-03-16 23:25:08,43292,2018,7,NON TITO,,,JAWA TIMUR,0.75,YELLOW,361960591,AREA 3,JATIM,MADIUN,MADIUN,,,0,0,0,JAWA TIMUR,NGAWI,WIDODAREN,KEDUNGGUDEL,NGAWI
2615297429,,ODP-NWI-FC/66,-7.427866,111.519737,,,2,6,0,0,8,REGIONAL 5,MADIUN,NGAWI,NWI,,,2024-03-16 23:27:11,43280,2018,6,NON TITO,,,JAWA TIMUR,0.75,YELLOW,361706789,AREA 3,JATIM,MADIUN,MADIUN,,,0,0,0,JAWA TIMUR,NGAWI,PADAS,PACING,NGAWI
3211919758,,ODP-MGT-FW/20,-7.59894,111.26892,,,4,4,0,0,8,REGIONAL 5,MADIUN,NGAWI,MGT,,,2024-03-16 23:27:18,43461,2018,12,NON TITO,,,JAWA TIMUR,0.5,YELLOW,408315988,AREA 3,JATIM,MADIUN,MADIUN,,,0,0,0,JAWA TIMUR,NGAWI,KENDAL,KARANGREJO,NGAWI
3211919938,,ODP-GGR-FD/16,-7.681596,111.433905,,,2,6,0,0,8,REGIONAL 5,MADIUN,NGAWI,GGR,,,2024-03-16 23:28:11,43461,2018,12,NON TITO,,,JAWA TIMUR,0.75,YELLOW,408316113,AREA 3,JATIM,MADIUN,MADIUN,,,0,0,0,JAWA TIMUR,MAGETAN,KAWEDANAN,MOJOREJO,NGAWI
3248296094,,ODP-GGR-FC/34,-7.690652,111.475716,,,4,4,0,0,8,REGIONAL 5,MADIUN,NGAWI,GGR,,,2024-03-16 23:26:53,43476,2019,1,NON TITO,,,JAWA TIMUR,0.5,YELLOW,448667858,AREA 3,JATIM,MADIUN,MADIUN,,,0,0,0,JAWA TIMUR,MAGETAN,TAKERAN,KIRINGAN,NGAWI
2615295926,,ODP-NWI-FA/72,-7.483113,111.413407,,,2,6,0,0,8,REGIONAL 5,MADIUN,NGAWI,NWI,,,2024-03-16 23:27:25,43280,2018,6,NON TITO,,,JAWA TIMUR,0.75,YELLOW,361815100,AREA 3,JATIM,MADIUN,MADIUN,,,0,0,0,JAWA TIMUR,NGAWI,GENENG,GENENG,NGAWI
2615295967,,ODP-NWI-FA/67,-7.494634,111.417093,,,7,9,0,0,16,REGIONAL 5,MADIUN,NGAWI,NWI,,,2024-03-16 23:28:11,43280,2018,6,NON TITO,,,JAWA TIMUR,0.5625,YELLOW,361815467,AREA 3,JATIM,MADIUN,MADIUN,,,0,0,0,JAWA TIMUR,NGAWI,GENENG,TEPAS,NGAWI
2615296051,,ODP-NWI-FA/68,-7.483619,111.412197,,,5,11,0,0,16,REGIONAL 5,MADIUN,NGAWI,NWI,,,2024-03-16 23:28:13,43280,2018,6,NON TITO,,,JAWA TIMUR,0.6875,YELLOW,361815732,AREA 3,JATIM,MADIUN,MADIUN,,,0,0,0,JAWA TIMUR,NGAWI,GENENG,GENENG,NGAWI
3248295759,,ODP-GGR-FC/35,-7.690463,111.473603,,,4,4,0,0,8,REGIONAL 5,MADIUN,NGAWI,GGR,,,2024-03-16 23:25:38,43476,2019,1,NON TITO,,,JAWA TIMUR,0.5,YELLOW,448667656,AREA 3,JATIM,MADIUN,MADIUN,,,0,0,0,JAWA TIMUR,MAGETAN,TAKERAN,KIRINGAN,NGAWI
3248295629,,ODP-GGR-FC/41,-7.685643,111.475418,,,4,12,0,0,16,REGIONAL 5,MADIUN,NGAWI,GGR,,,2024-03-16 23:26:59,43476,2019,1,NON TITO,,,JAWA TIMUR,0.75,YELLOW,448667578,AREA 3,JATIM,MADIUN,MADIUN,,,0,0,0,JAWA TIMUR,MAGETAN,TAKERAN,TAKERAN,NGAWI
2642294724,,ODP-NWI-FC/65,-7.43256,111.526363,,,2,5,0,0,8,REGIONAL 5,MADIUN,NGAWI,NWI,,,2024-03-16 23:23:44,43280,2018,6,NON TITO,,,JAWA TIMUR,0.625,YELLOW,361816157,AREA 3,JATIM,MADIUN,MADIUN,,,0,0,0,JAWA TIMUR,NGAWI,PADAS,PADAS,NGAWI
3248295389,,ODP-GGR-FC/39,-7.688465,111.474643,,,2,6,0,0,8,REGIONAL 5,MADIUN,NGAWI,GGR,,,2024-03-16 23:26:54,43476,2019,1,NON TITO,,,JAWA TIMUR,0.75,YELLOW,448667461,AREA 3,JATIM,MADIUN,MADIUN,,,0,0,0,JAWA TIMUR,MAGETAN,TAKERAN,KIRINGAN,NGAWI
3248295384,,ODP-GGR-FC/38,-7.689106,111.476414,,,4,4,0,0,8,REGIONAL 5,MADIUN,NGAWI,GGR,,,2024-03-16 23:26:46,43476,2019,1,NON TITO,,,JAWA TIMUR,0.5,YELLOW,448667458,AREA 3,JATIM,MADIUN,MADIUN,,,0,0,0,JAWA TIMUR,MAGETAN,TAKERAN,KIRINGAN,NGAWI
2642294735,,ODP-NWI-FC/67,-7.429133,111.51446,,,9,7,0,0,16,REGIONAL 5,MADIUN,NGAWI,NWI,,,2024-03-16 23:23:44,43280,2018,6,NON TITO,,,JAWA TIMUR,0.4375,YELLOW,361816193,AREA 3,JATIM,MADIUN,MADIUN,,,0,0,0,JAWA TIMUR,NGAWI,PADAS,MUNGGUT,NGAWI
2642294747,,ODP-NWI-FC/70,-7.415359,111.50975,,,2,6,0,0,8,REGIONAL 5,MADIUN,NGAWI,NWI,,,2024-03-16 23:23:53,43280,2018,6,NON TITO,,,JAWA TIMUR,0.75,YELLOW,361816241,AREA 3,JATIM,MADIUN,MADIUN,,,0,0,0,JAWA TIMUR,NGAWI,KASREMAN,KARANGMALANG,NGAWI
3236444239,,ODP-GGR-FB/11,-7.755924,111.381379,,,2,6,0,0,8,REGIONAL 5,MADIUN,NGAWI,GGR,,,2024-03-16 23:27:41,43474,2019,1,NON TITO,,,JAWA TIMUR,0.75,YELLOW,448139009,AREA 3,JATIM,MADIUN,MADIUN,,,0,0,0,JAWA TIMUR,MAGETAN,LEMBEYAN,KEDIREN,NGAWI
2642295356,,ODP-NWI-FC/73,-7.415156,111.4997,,,3,5,0,0,8,REGIONAL 5,MADIUN,NGAWI,NWI,,,2024-03-16 23:23:53,43280,2018,6,NON TITO,,,JAWA TIMUR,0.625,YELLOW,361817146,AREA 3,JATIM,MADIUN,MADIUN,,,0,0,0,JAWA TIMUR,NGAWI,KASREMAN,CANGAKAN,NGAWI
3236443926,,ODP-MGT-FY/25,-7.662011,111.334211,,,4,12,0,0,16,REGIONAL 5,MADIUN,NGAWI,MGT,,,2024-03-16 23:27:40,43474,2019,1,NON TITO,,,JAWA TIMUR,0.75,YELLOW,448138750,AREA 3,JATIM,MADIUN,MADIUN,,,0,0,0,JAWA TIMUR,MAGETAN,MAGETAN,BULUKERTO,NGAWI
2642295527,,ODP-NWI-FC/68,-7.425004,111.515652,,,5,9,0,0,16,REGIONAL 5,MADIUN,NGAWI,NWI,,,2024-03-16 23:23:32,43280,2018,6,NON TITO,,,JAWA TIMUR,0.5625,YELLOW,361817399,AREA 3,JATIM,MADIUN,MADIUN,,,0,0,0,JAWA TIMUR,NGAWI,PADAS,MUNGGUT,NGAWI
3229243855,,ODP-WKU-FAA/21,-7.442878,111.205889,,,8,8,0,0,16,REGIONAL 5,MADIUN,NGAWI,WKU,,,2024-03-16 23:28:57,43469,2019,1,NON TITO,,,JAWA TIMUR,0.5,YELLOW,428937855,AREA 3,JATIM,MADIUN,MADIUN,,,0,0,0,JAWA TIMUR,NGAWI,WIDODAREN,KEDUNGGUDEL,NGAWI
2646869626,,ODP-NWI-FD/66,-7.422804,111.424484,,,3,5,0,0,8,REGIONAL 5,MADIUN,NGAWI,NWI,,,2024-03-16 23:28:58,43282,2018,7,NON TITO,,,JAWA TIMUR,0.625,YELLOW,361896713,AREA 3,JATIM,MADIUN,MADIUN,,,0,0,0,JAWA TIMUR,NGAWI,NGAWI,BERAN,NGAWI
2646873737,,ODP-NWI-FJ/40,-7.441458,111.387078,,,3,5,0,0,8,REGIONAL 5,MADIUN,NGAWI,NWI,,,2024-03-16 23:22:27,43286,2018,7,NON TITO,,,JAWA TIMUR,0.625,YELLOW,361930534,AREA 3,JATIM,MADIUN,MADIUN,,,0,0,0,JAWA TIMUR,NGAWI,PARON,GELUNG,NGAWI
2646873876,,ODP-NWI-FJ/43,-7.442083,111.389479,,,3,5,0,0,8,REGIONAL 5,MADIUN,NGAWI,NWI,,,2024-03-16 23:22:21,43286,2018,7,NON TITO,,,JAWA TIMUR,0.625,YELLOW,361930618,AREA 3,JATIM,MADIUN,MADIUN,,,0,0,0,JAWA TIMUR,NGAWI,PARON,GELUNG,NGAWI
3206971050,,ODP-SAR-FB/10,-7.686677,111.245157,,,2,6,0,0,8,REGIONAL 5,MADIUN,NGAWI,SAR,,,2024-03-16 23:27:48,43466,2019,1,NON TITO,,,JAWA TIMUR,0.75,YELLOW,408767091,AREA 3,JATIM,MADIUN,MADIUN,,,0,0,0,JAWA TIMUR,MAGETAN,PLAOSAN,PLAOSAN,NGAWI
3206970900,,ODP-SAR-FB/09,-7.686917,111.243831,,,9,7,0,0,16,REGIONAL 5,MADIUN,NGAWI,SAR,,,2024-03-16 23:27:50,43466,2019,1,NON TITO,,,JAWA TIMUR,0.4375,YELLOW,408767011,AREA 3,JATIM,MADIUN,MADIUN,,,0,0,0,JAWA TIMUR,MAGETAN,PLAOSAN,PLAOSAN,NGAWI
3206600151,,ODP-MGT-FY/23,-7.656723,111.329354,,,3,5,0,0,8,REGIONAL 5,MADIUN,NGAWI,MGT,,,2024-03-16 23:25:03,43462,2018,12,NON TITO,,,JAWA TIMUR,0.625,YELLOW,408392786,AREA 3,JATIM,MADIUN,MADIUN,,,0,0,0,JAWA TIMUR,MAGETAN,MAGETAN,MAGETAN,NGAWI
3206600113,,ODP-MGT-FY/24,-7.656777,111.329897,,,2,6,0,0,8,REGIONAL 5,MADIUN,NGAWI,MGT,,,2024-03-16 23:25:01,43462,2018,12,NON TITO,,,JAWA TIMUR,0.75,YELLOW,408392767,AREA 3,JATIM,MADIUN,MADIUN,,,0,0,0,JAWA TIMUR,MAGETAN,MAGETAN,MAGETAN,NGAWI
3207794761,,ODP-MGT-FK/63,-7.655058,111.313812,,,2,6,0,0,8,REGIONAL 5,MADIUN,NGAWI,MGT,,,2024-03-16 23:28:51,43462,2018,12,NON TITO,,,JAWA TIMUR,0.75,YELLOW,408390147,AREA 3,JATIM,MADIUN,MADIUN,,,0,0,0,JAWA TIMUR,MAGETAN,MAGETAN,CANDIREJO,NGAWI
2646873979,,ODP-NWI-FJ/44,-7.440698,111.388346,,,3,5,0,0,8,REGIONAL 5,MADIUN,NGAWI,NWI,,,2024-03-16 23:22:37,43286,2018,7,NON TITO,,,JAWA TIMUR,0.625,YELLOW,361930667,AREA 3,JATIM,MADIUN,MADIUN,,,0,0,0,JAWA TIMUR,NGAWI,PARON,GELUNG,NGAWI
3211920203,,ODP-GGR-FD/19,-7.680371,111.426985,,,5,11,0,0,16,REGIONAL 5,MADIUN,NGAWI,GGR,,,2024-03-16 23:28:54,43461,2018,12,NON TITO,,,JAWA TIMUR,0.6875,YELLOW,408316288,AREA 3,JATIM,MADIUN,MADIUN,,,0,0,0,JAWA TIMUR,MAGETAN,KAWEDANAN,GENENGAN,NGAWI
3211920158,,ODP-MGT-FA/79,-7.651993,111.319878,,,5,11,0,0,16,REGIONAL 5,MADIUN,NGAWI,MGT,,,2024-03-16 23:28:57,43461,2018,12,NON TITO,,,JAWA TIMUR,0.6875,YELLOW,408316258,AREA 3,JATIM,MADIUN,MADIUN,,,0,0,0,JAWA TIMUR,MAGETAN,MAGETAN,SELOSARI,NGAWI
3211919863,,ODP-MGT-FA/81,-7.648681,111.316893,,,3,5,0,0,8,REGIONAL 5,MADIUN,NGAWI,MGT,,,2024-03-16 23:27:21,43461,2018,12,NON TITO,,,JAWA TIMUR,0.625,YELLOW,408316063,AREA 3,JATIM,MADIUN,MADIUN,,,0,0,0,JAWA TIMUR,MAGETAN,MAGETAN,TAWANGANOM,NGAWI
5658270677,,ODP-MGT-FY/36,-7.658852,111.331685,,,6,10,0,0,16,REGIONAL 5,MADIUN,NGAWI,MGT,,,2024-03-16 23:27:50,44152,2020,11,NON TITO,,,JAWA TIMUR,0.625,YELLOW,856793355,AREA 3,JATIM,MADIUN,MADIUN,,,0,0,0,JAWA TIMUR,MAGETAN,MAGETAN,BULUKERTO,NGAWI
2203245585,,ODP-NWI-FG/100,-7.397693,111.443448,,,7,9,0,0,16,REGIONAL 5,MADIUN,NGAWI,NWI,,,2024-03-16 23:27:25,43140,2018,2,NON TITO,,,JAWA TIMUR,0.5625,YELLOW,320862617,AREA 3,JATIM,MADIUN,MADIUN,,,0,0,0,JAWA TIMUR,NGAWI,NGAWI,KARANGTENGAH,NGAWI
5667869497,,ODP-MGT-FF/15,-7.642317,111.351697,,,2,6,0,0,8,REGIONAL 5,MADIUN,NGAWI,MGT,,,2024-03-16 23:29:08,44153,2020,11,NON TITO,,,JAWA TIMUR,0.75,YELLOW,856803399,AREA 3,JATIM,MADIUN,MADIUN,,,0,0,0,JAWA TIMUR,MAGETAN,MAGETAN,PURWOSARI,NGAWI
8426669114,,ODP-JGO-FB/83,-7.579539,111.287291,,,4,4,0,0,8,REGIONAL 5,MADIUN,NGAWI,JGO,,,2024-03-16 23:27:12,44601,2022,2,NON TITO,,,JAWA TIMUR,0.5,YELLOW,1165402561,AREA 3,JATIM,MADIUN,MADIUN,,,0,0,0,JAWA TIMUR,NGAWI,KENDAL,SIDOREJO,NGAWI
8426669104,,ODP-JGO-FB/87,-7.566285,111.288143,,,3,5,0,0,8,REGIONAL 5,MADIUN,NGAWI,JGO,,,2024-03-16 23:26:28,44601,2022,2,NON TITO,,,JAWA TIMUR,0.625,YELLOW,1165402551,AREA 3,JATIM,MADIUN,MADIUN,,,0,0,0,JAWA TIMUR,NGAWI,KENDAL,KENDAL,NGAWI
8426669094,,ODP-JGO-FB/85,-7.574308,111.288538,,,4,4,0,0,8,REGIONAL 5,MADIUN,NGAWI,JGO,,,2024-03-16 23:27:17,44601,2022,2,NON TITO,,,JAWA TIMUR,0.5,YELLOW,1165402545,AREA 3,JATIM,MADIUN,MADIUN,,,0,0,0,JAWA TIMUR,NGAWI,KENDAL,SIDOREJO,NGAWI
8426669089,,ODP-JGO-FB/81,-7.578692,111.279688,,,3,5,0,0,8,REGIONAL 5,MADIUN,NGAWI,JGO,,,2024-03-16 23:27:22,44601,2022,2,NON TITO,,,JAWA TIMUR,0.625,YELLOW,1165402542,AREA 3,JATIM,MADIUN,MADIUN,,,0,0,0,JAWA TIMUR,NGAWI,KENDAL,SIDOREJO,NGAWI
1858096490,,ODP-KRJ-FE/07,-7.498604,111.615641,,,9,7,0,0,16,REGIONAL 5,MADIUN,NGAWI,KRJ,,,2024-03-16 23:25:55,43005,2017,9,NON TITO,,,JAWA TIMUR,0.4375,YELLOW,212658581,AREA 3,JATIM,MADIUN,MADIUN,,,0,0,0,JAWA TIMUR,MADIUN,PILANGKENCENG,PULEREJO,NGAWI
1859147756,,ODP-KRJ-FA/19,-7.448773,111.580557,,,5,11,0,0,16,REGIONAL 5,MADIUN,NGAWI,KRJ,,,2024-03-16 23:26:27,43005,2017,9,NON TITO,,,JAWA TIMUR,0.6875,YELLOW,212664325,AREA 3,JATIM,MADIUN,MADIUN,,,0,0,0,JAWA TIMUR,NGAWI,KARANGJATI,SIDOKERTO,NGAWI
1859143786,,ODP-NWI-FA/59,-7.518608,111.429872,,,7,9,0,0,16,REGIONAL 5,MADIUN,NGAWI,NWI,,,2024-03-16 23:25:21,43004,2017,9,NON TITO,,,JAWA TIMUR,0.5625,YELLOW,216312292,AREA 3,JATIM,MADIUN,MADIUN,,,0,0,0,JAWA TIMUR,NGAWI,GENENG,KERASWETAN,NGAWI
1858095631,,ODP-KRJ-FE/05,-7.517698,111.620806,,,2,5,1,0,8,REGIONAL 5,MADIUN,NGAWI,KRJ,,,2024-03-16 23:25:05,43005,2017,9,NON TITO,,,JAWA TIMUR,0.625,YELLOW,218787299,AREA 3,JATIM,MADIUN,MADIUN,,,0,0,0,JAWA TIMUR,MADIUN,BALEREJO,KUWU,NGAWI
1858095634,,ODP-KRJ-FE/06,-7.515084,111.621496,,,2,6,0,0,8,REGIONAL 5,MADIUN,NGAWI,KRJ,,,2024-03-16 23:25:20,43005,2017,9,NON TITO,,,JAWA TIMUR,0.75,YELLOW,218787301,AREA 3,JATIM,MADIUN,MADIUN,,,0,0,0,JAWA TIMUR,MADIUN,BALEREJO,KUWU,NGAWI
8415868708,,ODP-MGT-FE/62,-7.608268,111.322474,,,2,6,0,0,8,REGIONAL 5,MADIUN,NGAWI,MGT,,,2024-03-16 23:28:50,44599,2022,2,NON TITO,,,JAWA TIMUR,0.75,YELLOW,1165327679,AREA 3,JATIM,MADIUN,MADIUN,,,0,0,0,JAWA TIMUR,MAGETAN,PANEKAN,SIDOWAYAH,NGAWI
8415868703,,ODP-MGT-FE/63,-7.611278,111.324389,,,3,5,0,0,8,REGIONAL 5,MADIUN,NGAWI,MGT,,,2024-03-16 23:28:56,44599,2022,2,NON TITO,,,JAWA TIMUR,0.625,YELLOW,1165327676,AREA 3,JATIM,MADIUN,MADIUN,,,0,0,0,JAWA TIMUR,MAGETAN,PANEKAN,SIDOWAYAH,NGAWI
8415868693,,ODP-MGT-FE/60,-7.599991,111.318857,,,4,4,0,0,8,REGIONAL 5,MADIUN,NGAWI,MGT,,,2024-03-16 23:28:06,44599,2022,2,NON TITO,,,JAWA TIMUR,0.5,YELLOW,1165327670,AREA 3,JATIM,MADIUN,MADIUN,,,0,0,0,JAWA TIMUR,MAGETAN,PANEKAN,SIDOWAYAH,NGAWI
8415868683,,ODP-MGT-FE/61,-7.592775,111.309789,,,3,5,0,0,8,REGIONAL 5,MADIUN,NGAWI,MGT,,,2024-03-16 23:28:59,44599,2022,2,NON TITO,,,JAWA TIMUR,0.625,YELLOW,1165327664,AREA 3,JATIM,MADIUN,MADIUN,,,0,0,0,JAWA TIMUR,MAGETAN,PANEKAN,BANJAREJO,NGAWI
1906246191,,ODP-WKU-FD/36,-7.36703,111.163264,,,4,4,0,0,8,REGIONAL 5,MADIUN,NGAWI,WKU,,,2024-03-16 23:27:57,43024,2017,10,NON TITO,,,JAWA TIMUR,0.5,YELLOW,238267822,AREA 3,JATIM,MADIUN,MADIUN,,,0,0,0,JAWA TIMUR,NGAWI,MANTINGAN,MANTINGAN,NGAWI
1906247191,,ODP-WKU-FD/37,-7.365825,111.161219,,,4,4,0,0,8,REGIONAL 5,MADIUN,NGAWI,WKU,,,2024-03-16 23:28:26,43024,2017,10,NON TITO,,,JAWA TIMUR,0.5,YELLOW,238268516,AREA 3,JATIM,MADIUN,MADIUN,,,0,0,0,JAWA TIMUR,NGAWI,MANTINGAN,MANTINGAN,NGAWI
1948020626,,ODP-WKU-FAA/07,-7.438008,111.193305,,,5,11,0,0,16,REGIONAL 5,MADIUN,NGAWI,WKU,,,2024-03-16 23:24:16,43035,2017,10,NON TITO,,,JAWA TIMUR,0.6875,YELLOW,238631383,AREA 3,JATIM,MADIUN,MADIUN,,,0,0,0,JAWA TIMUR,NGAWI,WIDODAREN,BANYUBIRU,NGAWI
1948019562,,ODP-WKU-FAA/11,-7.443409,111.207623,,,3,5,0,0,8,REGIONAL 5,MADIUN,NGAWI,WKU,,,2024-03-16 23:24:14,43035,2017,10,NON TITO,,,JAWA TIMUR,0.625,YELLOW,241383771,AREA 3,JATIM,MADIUN,MADIUN,,,0,0,0,JAWA TIMUR,NGAWI,WIDODAREN,KEDUNGGUDEL,NGAWI
1980944622,,ODP-WKU-FD/40,-7.374746,111.105434,,,3,5,0,0,8,REGIONAL 5,MADIUN,NGAWI,WKU,,,2024-03-16 23:27:20,43053,2017,11,NON TITO,,,JAWA TIMUR,0.625,YELLOW,242326907,AREA 3,JATIM,MADIUN,MADIUN,,,0,0,0,JAWA TENGAH,SRAGEN,SAMBUNG MACAN,SAMBUNGMACAN,NGAWI
8411143654,,ODP-MGT-FAE/02,-7.725269,111.366661,,,2,6,0,0,8,REGIONAL 5,MADIUN,NGAWI,MGT,,,2024-03-16 23:26:44,44596,2022,2,NON TITO,,,JAWA TIMUR,0.75,YELLOW,1165255801,AREA 3,JATIM,MADIUN,MADIUN,,,0,0,0,JAWA TIMUR,MAGETAN,LEMBEYAN,KROWE,NGAWI
1969694771,,ODP-MGT-FE/44,-7.631732,111.329418,,,4,4,0,0,8,REGIONAL 5,MADIUN,NGAWI,MGT,,,2024-03-16 23:23:23,43049,2017,11,NON TITO,,,JAWA TIMUR,0.5,YELLOW,255462433,AREA 3,JATIM,MADIUN,MADIUN,,,0,0,0,JAWA TIMUR,MAGETAN,PANEKAN,MILANGASRI,NGAWI
2041093612,,ODP-JGO-FD/11,-7.511236,111.164333,,,5,11,0,0,16,REGIONAL 5,MADIUN,NGAWI,JGO,,,2024-03-16 23:23:54,43081,2017,12,NON TITO,,,JAWA TIMUR,0.6875,YELLOW,256076287,AREA 3,JATIM,MADIUN,MADIUN,,,0,0,0,JAWA TIMUR,NGAWI,SINE,SINE,NGAWI
8385494810,,ODP-MGT-FH/71,-7.673259,111.356981,,,2,6,0,0,8,REGIONAL 5,MADIUN,NGAWI,MGT,,,2024-03-16 23:24:53,44594,2022,2,NON TITO,,,JAWA TIMUR,0.75,YELLOW,1165181391,AREA 3,JATIM,MADIUN,MADIUN,,,0,0,0,JAWA TIMUR,MAGETAN,NGARIBOYO,BANJAREJO,NGAWI
8385494805,,ODP-MGT-FH/74,-7.666295,111.366038,,,4,4,0,0,8,REGIONAL 5,MADIUN,NGAWI,MGT,,,2024-03-16 23:25:01,44594,2022,2,NON TITO,,,JAWA TIMUR,0.5,YELLOW,1165181387,AREA 3,JATIM,MADIUN,MADIUN,,,0,0,0,JAWA TIMUR,MAGETAN,NGARIBOYO,BANJAREJO,NGAWI
8385494795,,ODP-MGT-FH/76,-7.691607,111.320343,,,7,9,0,0,16,REGIONAL 5,MADIUN,NGAWI,MGT,,,2024-03-16 23:24:20,44594,2022,2,NON TITO,,,JAWA TIMUR,0.5625,YELLOW,1165181371,AREA 3,JATIM,MADIUN,MADIUN,,,0,0,0,JAWA TIMUR,MAGETAN,NGARIBOYO,SELOTINATAH,NGAWI
2041093728,,ODP-JGO-FD/10,-7.510208,111.16125,,,3,5,0,0,8,REGIONAL 5,MADIUN,NGAWI,JGO,,,2024-03-16 23:24:49,43081,2017,12,NON TITO,,,JAWA TIMUR,0.625,YELLOW,256076335,AREA 3,JATIM,MADIUN,MADIUN,,,0,0,0,JAWA TIMUR,NGAWI,SINE,SINE,NGAWI
2041093848,,ODP-JGO-FD/03,-7.492509,111.156693,,,2,6,0,0,8,REGIONAL 5,MADIUN,NGAWI,JGO,,,2024-03-16 23:24:43,43081,2017,12,NON TITO,,,JAWA TIMUR,0.75,YELLOW,256076387,AREA 3,JATIM,MADIUN,MADIUN,,,0,0,0,JAWA TIMUR,NGAWI,SINE,KUNIRAN,NGAWI
2041093647,,ODP-JGO-FD/15,-7.507997,111.164413,,,4,4,0,0,8,REGIONAL 5,MADIUN,NGAWI,JGO,,,2024-03-16 23:24:45,43081,2017,12,NON TITO,,,JAWA TIMUR,0.5,YELLOW,256138510,AREA 3,JATIM,MADIUN,MADIUN,,,0,0,0,JAWA TIMUR,NGAWI,SINE,KUNIRAN,NGAWI
8428243671,,ODP-WKU-FB/40,-7.398699,111.224903,,,2,6,0,0,8,REGIONAL 5,MADIUN,NGAWI,WKU,,,2024-03-16 23:27:09,44601,2022,2,NON TITO,,,JAWA TIMUR,0.75,YELLOW,1165403087,AREA 3,JATIM,MADIUN,MADIUN,,,0,0,0,JAWA TIMUR,NGAWI,WIDODAREN,WALIKUKUN,NGAWI
2041093685,,ODP-JGO-FD/04,-7.498619,111.158099,,,2,6,0,0,8,REGIONAL 5,MADIUN,NGAWI,JGO,,,2024-03-16 23:24:51,43081,2017,12,NON TITO,,,JAWA TIMUR,0.75,YELLOW,256138522,AREA 3,JATIM,MADIUN,MADIUN,,,0,0,0,JAWA TIMUR,NGAWI,SINE,KUNIRAN,NGAWI
1858095817,,ODP-KRJ-FE/09,-7.517111,111.632072,,,4,12,0,0,16,REGIONAL 5,MADIUN,NGAWI,KRJ,,,2024-03-16 23:25:01,43005,2017,9,NON TITO,,,JAWA TIMUR,0.75,YELLOW,212658178,AREA 3,JATIM,MADIUN,MADIUN,,,0,0,0,JAWA TIMUR,MADIUN,PILANGKENCENG,PURWOREJO,NGAWI
1810318766,,ODP-GGR-FA/39,-7.673034,111.419822,,,6,10,0,0,16,REGIONAL 5,MADIUN,NGAWI,GGR,,,2024-03-16 23:25:28,42990,2017,9,NON TITO,,,JAWA TIMUR,0.625,YELLOW,193546207,AREA 3,JATIM,MADIUN,MADIUN,,,0,0,0,JAWA TIMUR,MAGETAN,KAWEDANAN,KARANGREJO,NGAWI
8498969574,,ODP-MGT-FAG/03,-7.621354,111.372466,,,3,5,0,0,8,REGIONAL 5,MADIUN,NGAWI,MGT,,,2024-03-16 23:24:35,44630,2022,3,NON TITO,,,JAWA TIMUR,0.625,YELLOW,1168708608,AREA 3,JATIM,MADIUN,MADIUN,,,0,0,0,JAWA TIMUR,MAGETAN,SUKOMORO,KEDUNGGUWO,NGAWI
1688370097,,ODP-WKU-FD/06,-7.364383,111.151565,,,2,6,0,0,8,REGIONAL 5,MADIUN,NGAWI,WKU,,,2024-03-16 23:28:22,42961,2017,8,NON TITO,,,JAWA TIMUR,0.75,YELLOW,185828723,AREA 3,JATIM,MADIUN,MADIUN,,,0,0,0,JAWA TIMUR,NGAWI,MANTINGAN,MANTINGAN,NGAWI
8498969564,,ODP-MGT-FAG/01,-7.622695,111.367313,,,2,6,0,0,8,REGIONAL 5,MADIUN,NGAWI,MGT,,,2024-03-16 23:24:23,44630,2022,3,NON TITO,,,JAWA TIMUR,0.75,YELLOW,1168708602,AREA 3,JATIM,MADIUN,MADIUN,,,0,0,0,JAWA TIMUR,MAGETAN,SUKOMORO,KEDUNGGUWO,NGAWI
8498969559,,ODP-MGT-FAG/02,-7.621795,111.370389,,,4,4,0,0,8,REGIONAL 5,MADIUN,NGAWI,MGT,,,2024-03-16 23:24:52,44630,2022,3,NON TITO,,,JAWA TIMUR,0.5,YELLOW,1168708598,AREA 3,JATIM,MADIUN,MADIUN,,,0,0,0,JAWA TIMUR,MAGETAN,SUKOMORO,KEDUNGGUWO,NGAWI
8500093653,,ODP-NWI-FS/08,-7.452005,111.47145,,,4,4,0,0,8,REGIONAL 5,MADIUN,NGAWI,NWI,,,2024-03-16 23:27:49,44629,2022,3,NON TITO,,,JAWA TIMUR,0.5,YELLOW,1168698335,AREA 3,JATIM,MADIUN,MADIUN,,,0,0,0,JAWA TIMUR,NGAWI,NGAWI,KANDANGAN,NGAWI
8500093643,,ODP-NWI-FS/09,-7.454537,111.47213,,,2,6,0,0,8,REGIONAL 5,MADIUN,NGAWI,NWI,,,2024-03-16 23:27:47,44629,2022,3,NON TITO,,,JAWA TIMUR,0.75,YELLOW,1168698329,AREA 3,JATIM,MADIUN,MADIUN,,,0,0,0,JAWA TIMUR,NGAWI,NGAWI,MANGUNHARJO,NGAWI
8462669056,,ODP-MGT-FP/59,-7.680037,111.307537,,,2,6,0,0,8,REGIONAL 5,MADIUN,NGAWI,MGT,,,2024-03-16 23:29:03,44622,2022,3,NON TITO,,,JAWA TIMUR,0.75,YELLOW,1168395827,AREA 3,JATIM,MADIUN,MADIUN,,,0,0,0,JAWA TIMUR,MAGETAN,NGARIBOYO,SELOPANGGUNG,NGAWI
8462669051,,ODP-MGT-FP/58,-7.680694,111.306583,,,3,5,0,0,8,REGIONAL 5,MADIUN,NGAWI,MGT,,,2024-03-16 23:28:33,44622,2022,3,NON TITO,,,JAWA TIMUR,0.625,YELLOW,1168395824,AREA 3,JATIM,MADIUN,MADIUN,,,0,0,0,JAWA TIMUR,MAGETAN,NGARIBOYO,SELOPANGGUNG,NGAWI
1678245272,,ODP-WKU-FD/23,-7.362251,111.135019,,,3,5,0,0,8,REGIONAL 5,MADIUN,NGAWI,WKU,,,2024-03-16 23:26:20,42964,2017,8,NON TITO,,,JAWA TIMUR,0.625,YELLOW,187361756,AREA 3,JATIM,MADIUN,MADIUN,,,0,0,0,JAWA TENGAH,SRAGEN,SAMBUNG MACAN,BANARAN,NGAWI
8487118718,,ODP-GGR-FG/05,-7.739195,111.391111,,,4,4,0,0,8,REGIONAL 5,MADIUN,NGAWI,GGR,,,2024-03-16 23:26:09,44622,2022,3,NON TITO,,,JAWA TIMUR,0.5,YELLOW,1168336775,AREA 3,JATIM,MADIUN,MADIUN,,,0,0,0,JAWA TIMUR,MAGETAN,LEMBEYAN,TAPEN,NGAWI
1678245436,,ODP-WKU-FD/17,-7.358898,111.137978,,,4,4,0,0,8,REGIONAL 5,MADIUN,NGAWI,WKU,,,2024-03-16 23:27:18,42964,2017,8,NON TITO,,,JAWA TIMUR,0.5,YELLOW,187361854,AREA 3,JATIM,MADIUN,MADIUN,,,0,0,0,JAWA TENGAH,SRAGEN,SAMBUNG MACAN,BANARAN,NGAWI
1702168563,,ODP-NWI-FP/02,-7.404296,111.445857,,,6,10,0,0,16,REGIONAL 5,MADIUN,NGAWI,NWI,,,2024-03-16 23:23:27,42965,2017,8,NON TITO,,,JAWA TIMUR,0.625,YELLOW,187365536,AREA 3,JATIM,MADIUN,MADIUN,,,0,0,0,JAWA TIMUR,NGAWI,NGAWI,KETANGGI,NGAWI
8487118703,,ODP-GGR-FG/06,-7.739491,111.396095,,,4,4,0,0,8,REGIONAL 5,MADIUN,NGAWI,GGR,,,2024-03-16 23:25:28,44622,2022,3,NON TITO,,,JAWA TIMUR,0.5,YELLOW,1168336766,AREA 3,JATIM,MADIUN,MADIUN,,,0,0,0,JAWA TIMUR,MAGETAN,LEMBEYAN,PUPUS,NGAWI
1729321400,,ODP-GGR-FA/36,-7.664699,111.38601,,,2,6,0,0,8,REGIONAL 5,MADIUN,NGAWI,GGR,,,2024-03-16 23:24:19,42972,2017,8,NON TITO,,,JAWA TIMUR,0.75,YELLOW,188045856,AREA 3,JATIM,MADIUN,MADIUN,,,0,0,0,JAWA TIMUR,MAGETAN,KAWEDANAN,SUGIHREJO,NGAWI
1730444363,,ODP-WKU-FD/26,-7.364147,111.147111,,,2,6,0,0,8,REGIONAL 5,MADIUN,NGAWI,WKU,,,2024-03-16 23:25:48,42972,2017,8,NON TITO,,,JAWA TIMUR,0.75,YELLOW,189237484,AREA 3,JATIM,MADIUN,MADIUN,,,0,0,0,JAWA TIMUR,NGAWI,MANTINGAN,MANTINGAN,NGAWI
8487118668,,ODP-GGR-FG/18,-7.743986,111.415361,,,3,5,0,0,8,REGIONAL 5,MADIUN,NGAWI,GGR,,,2024-03-16 23:26:03,44622,2022,3,NON TITO,,,JAWA TIMUR,0.625,YELLOW,1168336745,AREA 3,JATIM,MADIUN,MADIUN,,,0,0,0,JAWA TIMUR,MAGETAN,LEMBEYAN,NGURI,NGAWI
1736818606,,ODP-NWI-FC/61,-7.431393,111.524821,,,6,10,0,0,16,REGIONAL 5,MADIUN,NGAWI,NWI,,,2024-03-16 23:23:31,42973,2017,8,NON TITO,,,JAWA TIMUR,0.625,YELLOW,189238975,AREA 3,JATIM,MADIUN,MADIUN,,,0,0,0,JAWA TIMUR,NGAWI,PADAS,PACING,NGAWI
1743118658,,ODP-KRJ-FA/20,-7.43692,111.57753,,,2,6,0,0,8,REGIONAL 5,MADIUN,NGAWI,KRJ,,,2024-03-16 23:26:47,42976,2017,8,NON TITO,,,JAWA TIMUR,0.75,YELLOW,189313841,AREA 3,JATIM,MADIUN,MADIUN,,,0,0,0,JAWA TIMUR,NGAWI,BRINGIN,MOJO,NGAWI
8471819475,,ODP-MGT-FZ/50,-7.689587,111.282936,,,3,5,0,0,8,REGIONAL 5,MADIUN,NGAWI,MGT,,,2024-03-16 23:24:45,44619,2022,2,NON TITO,,,JAWA TIMUR,0.625,YELLOW,1167271087,AREA 3,JATIM,MADIUN,MADIUN,,,0,0,0,JAWA TIMUR,MAGETAN,PLAOSAN,RANDUGEDE,NGAWI
8471893548,,ODP-JGO-FA/78,-7.53558,111.273122,,,2,6,0,0,8,REGIONAL 5,MADIUN,NGAWI,JGO,,,2024-03-16 23:26:44,44616,2022,2,NON TITO,,,JAWA TIMUR,0.75,YELLOW,1166826458,AREA 3,JATIM,MADIUN,MADIUN,,,0,0,0,JAWA TIMUR,NGAWI,JOGOROGO,MACANAN,NGAWI
1765019720,,ODP-WKU-FD/32,-7.376612,111.142385,,,2,6,0,0,8,REGIONAL 5,MADIUN,NGAWI,WKU,,,2024-03-16 23:24:45,42978,2017,8,NON TITO,,,JAWA TIMUR,0.75,YELLOW,192776758,AREA 3,JATIM,MADIUN,MADIUN,,,0,0,0,JAWA TIMUR,NGAWI,MANTINGAN,MANTINGAN,NGAWI
8471893533,,ODP-JGO-FA/76,-7.548612,111.262834,,,3,5,0,0,8,REGIONAL 5,MADIUN,NGAWI,JGO,,,2024-03-16 23:25:39,44616,2022,2,NON TITO,,,JAWA TIMUR,0.625,YELLOW,1166826449,AREA 3,JATIM,MADIUN,MADIUN,,,0,0,0,JAWA TIMUR,NGAWI,JOGOROGO,NGRAYUDAN,NGAWI
1765018822,,ODP-WKU-FD/28,-7.361957,111.12009,,,2,6,0,0,8,REGIONAL 5,MADIUN,NGAWI,WKU,,,2024-03-16 23:24:13,42978,2017,8,NON TITO,,,JAWA TIMUR,0.75,YELLOW,193293702,AREA 3,JATIM,MADIUN,MADIUN,,,0,0,0,JAWA TENGAH,SRAGEN,SAMBUNG MACAN,SAMBUNGMACAN,NGAWI
8453443735,,ODP-NWI-FJ/74,-7.481961,111.33309,,,4,4,0,0,8,REGIONAL 5,MADIUN,NGAWI,NWI,,,2024-03-16 23:23:52,44610,2022,2,NON TITO,,,JAWA TIMUR,0.5,YELLOW,1166347650,AREA 3,JATIM,MADIUN,MADIUN,,,0,0,0,JAWA TIMUR,NGAWI,PARON,GENTONG,NGAWI
8433873846,,ODP-MGT-FP/55,-7.671537,111.285103,,,2,6,0,0,8,REGIONAL 5,MADIUN,NGAWI,MGT,,,2024-03-16 23:27:14,44607,2022,2,NON TITO,,,JAWA TIMUR,0.75,YELLOW,1166326657,AREA 3,JATIM,MADIUN,MADIUN,,,0,0,0,JAWA TIMUR,MAGETAN,SIDOREJO,DURENAN,NGAWI
1765019577,,ODP-WKU-FD/27,-7.36369,111.116737,,,3,5,0,0,8,REGIONAL 5,MADIUN,NGAWI,WKU,,,2024-03-16 23:23:53,42978,2017,8,NON TITO,,,JAWA TIMUR,0.625,YELLOW,193293797,AREA 3,JATIM,MADIUN,MADIUN,,,0,0,0,JAWA TENGAH,SRAGEN,SAMBUNG MACAN,SAMBUNGMACAN,NGAWI
8433873836,,ODP-MGT-FP/57,-7.672664,111.288497,,,4,4,0,0,8,REGIONAL 5,MADIUN,NGAWI,MGT,,,2024-03-16 23:27:06,44607,2022,2,NON TITO,,,JAWA TIMUR,0.5,YELLOW,1166326649,AREA 3,JATIM,MADIUN,MADIUN,,,0,0,0,JAWA TIMUR,MAGETAN,SIDOREJO,DURENAN,NGAWI
1826820839,,ODP-WKU-FA/26,-7.374041,111.205822,,,4,4,0,0,8,REGIONAL 5,MADIUN,NGAWI,WKU,,,2024-03-16 23:25:32,42993,2017,9,NON TITO,,,JAWA TIMUR,0.5,YELLOW,193559569,AREA 3,JATIM,MADIUN,MADIUN,,,0,0,0,JAWA TIMUR,NGAWI,WIDODAREN,KAUMAN,NGAWI
8498969579,,ODP-MGT-FAG/04,-7.618954,111.374445,,,4,4,0,0,8,REGIONAL 5,MADIUN,NGAWI,MGT,,,2024-03-16 23:23:38,44630,2022,3,NON TITO,,,JAWA TIMUR,0.5,YELLOW,1168708613,AREA 3,JATIM,MADIUN,MADIUN,,,0,0,0,JAWA TIMUR,MAGETAN,SUKOMORO,KEDUNGGUWO,NGAWI
2041093723,,ODP-JGO-FD/12,-7.509913,111.164025,,,8,8,0,0,16,REGIONAL 5,MADIUN,NGAWI,JGO,,,2024-03-16 23:24:51,43081,2017,12,NON TITO,,,JAWA TIMUR,0.5,YELLOW,256138536,AREA 3,JATIM,MADIUN,MADIUN,,,0,0,0,JAWA TIMUR,NGAWI,SINE,SINE,NGAWI
8402818530,,ODP-WKU-FZA/98,-7.425197,111.321462,,,3,5,0,0,8,REGIONAL 5,MADIUN,NGAWI,WKU,,,2024-03-16 23:21:06,44592,2022,1,NON TITO,,,JAWA TIMUR,0.625,YELLOW,1165172390,AREA 3,JATIM,MADIUN,MADIUN,,,0,0,0,JAWA TIMUR,NGAWI,KEDUNGGALAR,WONOKERTO,NGAWI
8238118653,,ODP-NWI-FH/37,-7.39915,111.408044,,,3,5,0,0,8,REGIONAL 5,MADIUN,NGAWI,NWI,,,2024-03-16 23:23:50,44536,2021,12,NON TITO,,,JAWA TIMUR,0.625,YELLOW,1161724553,AREA 3,JATIM,MADIUN,MADIUN,,,0,0,0,JAWA TIMUR,NGAWI,NGAWI,WATUALANG,NGAWI
8238118648,,ODP-NWI-FH/38,-7.402447,111.409553,,,4,4,0,0,8,REGIONAL 5,MADIUN,NGAWI,NWI,,,2024-03-16 23:23:38,44536,2021,12,NON TITO,,,JAWA TIMUR,0.5,YELLOW,1161724549,AREA 3,JATIM,MADIUN,MADIUN,,,0,0,0,JAWA TIMUR,NGAWI,NGAWI,WATUALANG,NGAWI
8420743783,,ODP-MGT-FA/97,-7.642613,111.318714,,,2,6,0,0,8,REGIONAL 5,MADIUN,NGAWI,MGT,,,2024-03-16 23:26:26,44601,2022,2,NON TITO,,,JAWA TIMUR,0.75,YELLOW,1161508530,AREA 3,JATIM,MADIUN,MADIUN,,,0,0,0,JAWA TIMUR,MAGETAN,MAGETAN,TAWANGANOM,NGAWI
2098993839,,ODP-NWI-FP/15,-7.401989,111.446769,,,4,12,0,0,16,REGIONAL 5,MADIUN,NGAWI,NWI,,,2024-03-16 23:24:42,43097,2017,12,NON TITO,,,JAWA TIMUR,0.75,YELLOW,258388784,AREA 3,JATIM,MADIUN,MADIUN,,,0,0,0,JAWA TIMUR,NGAWI,NGAWI,KETANGGI,NGAWI
2098994061,,ODP-NWI-FP/13,-7.402289,111.448936,,,7,9,0,0,16,REGIONAL 5,MADIUN,NGAWI,NWI,,,2024-03-16 23:24:50,43097,2017,12,NON TITO,,,JAWA TIMUR,0.5625,YELLOW,258388863,AREA 3,JATIM,MADIUN,MADIUN,,,0,0,0,JAWA TIMUR,NGAWI,NGAWI,KETANGGI,NGAWI
2098994223,,ODP-NWI-FP/19,-7.398664,111.446739,,,8,8,0,0,16,REGIONAL 5,MADIUN,NGAWI,NWI,,,2024-03-16 23:24:49,43097,2017,12,NON TITO,,,JAWA TIMUR,0.5,YELLOW,258388919,AREA 3,JATIM,MADIUN,MADIUN,,,0,0,0,JAWA TIMUR,NGAWI,NGAWI,KETANGGI,NGAWI
8230168802,,ODP-NWI-FB/105,-7.475429,111.443206,,,4,4,0,0,8,REGIONAL 5,MADIUN,NGAWI,NWI,,,2024-03-16 23:25:32,44533,2021,12,NON TITO,,,JAWA TIMUR,0.5,YELLOW,1161426580,AREA 3,JATIM,MADIUN,MADIUN,,,0,0,0,JAWA TIMUR,NGAWI,GENENG,SIDOREJO,NGAWI
8169198938,,ODP-MGT-FW/55,-7.601381,111.267836,,,2,6,0,0,8,REGIONAL 5,MADIUN,NGAWI,MGT,,,2024-03-16 23:28:00,44531,2021,12,NON TITO,,,JAWA TIMUR,0.75,YELLOW,1152647082,AREA 3,JATIM,MADIUN,MADIUN,,,0,0,0,JAWA TIMUR,MAGETAN,PANEKAN,JABUNG,NGAWI
8169269755,,ODP-SAR-FA/34,-7.668733,111.216768,,,4,4,0,0,8,REGIONAL 5,MADIUN,NGAWI,SAR,,,2024-03-16 23:28:52,44530,2021,11,NON TITO,,,JAWA TIMUR,0.5,YELLOW,1149195497,AREA 3,JATIM,MADIUN,MADIUN,,,0,0,0,JAWA TIMUR,MAGETAN,PLAOSAN,SARANGAN,NGAWI
8185544362,,ODP-JGO-FB/71,-7.570103,111.265552,,,4,4,0,0,8,REGIONAL 5,MADIUN,NGAWI,JGO,,,2024-03-16 23:28:50,44529,2021,11,NON TITO,,,JAWA TIMUR,0.5,YELLOW,1144170412,AREA 3,JATIM,MADIUN,MADIUN,,,0,0,0,JAWA TIMUR,NGAWI,KENDAL,SIDOREJO,NGAWI
2098994430,,ODP-NWI-FP/11,-7.399908,111.450549,,,6,10,0,0,16,REGIONAL 5,MADIUN,NGAWI,NWI,,,2024-03-16 23:21:04,43098,2017,12,NON TITO,,,JAWA TIMUR,0.625,YELLOW,258388983,AREA 3,JATIM,MADIUN,MADIUN,,,0,0,0,JAWA TIMUR,NGAWI,NGAWI,KETANGGI,NGAWI
8185694226,,ODP-MGT-FY/46,-7.666872,111.331699,,,2,6,0,0,8,REGIONAL 5,MADIUN,NGAWI,MGT,,,2024-03-16 23:25:08,44526,2021,11,NON TITO,,,JAWA TIMUR,0.75,YELLOW,1142672843,AREA 3,JATIM,MADIUN,MADIUN,,,0,0,0,JAWA TIMUR,MAGETAN,NGARIBOYO,BALEGONDO,NGAWI
2117368954,,ODP-MGT-FH/09,-7.675849,111.345687,,,7,9,0,0,16,REGIONAL 5,MADIUN,NGAWI,MGT,,,2024-03-16 23:24:24,43104,2018,1,NON TITO,,,JAWA TIMUR,0.5625,YELLOW,258411828,AREA 3,JATIM,MADIUN,MADIUN,,,0,0,0,JAWA TIMUR,MAGETAN,NGARIBOYO,MOJOPURNO,NGAWI
8204668540,,ODP-GGR-FE/22,-7.703844,111.448644,,,3,4,0,0,8,REGIONAL 5,MADIUN,NGAWI,GGR,,,2024-03-16 23:28:40,44526,2021,11,NON TITO,,,JAWA TIMUR,0.5,YELLOW,1142671658,AREA 3,JATIM,MADIUN,MADIUN,,,0,0,0,JAWA TIMUR,MAGETAN,NGUNTORONADI,PURWOREJO,NGAWI
8169269233,,ODP-WKU-FA/59,-7.369559,111.220036,,,4,4,0,0,8,REGIONAL 5,MADIUN,NGAWI,WKU,,,2024-03-16 23:29:00,44526,2021,11,NON TITO,,,JAWA TIMUR,0.5,YELLOW,1140345601,AREA 3,JATIM,MADIUN,MADIUN,,,0,0,0,JAWA TIMUR,NGAWI,WIDODAREN,KAUMAN,NGAWI
8169194899,,ODP-JGO-FB/68,-7.577078,111.318883,,,2,6,0,0,8,REGIONAL 5,MADIUN,NGAWI,JGO,,,2024-03-16 23:26:19,44526,2021,11,NON TITO,,,JAWA TIMUR,0.75,YELLOW,1140271307,AREA 3,JATIM,MADIUN,MADIUN,,,0,0,0,JAWA TIMUR,NGAWI,KENDAL,MAJASEM,NGAWI
2107244168,,ODP-MGT-FH/15,-7.674805,111.347445,,,4,4,0,0,8,REGIONAL 5,MADIUN,NGAWI,MGT,,,2024-03-16 23:24:22,43104,2018,1,NON TITO,,,JAWA TIMUR,0.5,YELLOW,258411861,AREA 3,JATIM,MADIUN,MADIUN,,,0,0,0,JAWA TIMUR,MAGETAN,NGARIBOYO,MOJOPURNO,NGAWI
8186743789,,ODP-GGR-FF/20,-7.636588,111.427291,,,3,5,0,0,8,REGIONAL 5,MADIUN,NGAWI,GGR,,,2024-03-16 23:25:47,44524,2021,11,NON TITO,,,JAWA TIMUR,0.625,YELLOW,1135545941,AREA 3,JATIM,MADIUN,MADIUN,,,0,0,0,JAWA TIMUR,MAGETAN,BENDO,BENDO,NGAWI
8113471252,,ODP-JGO-FB/65,-7.563552,111.256023,,,2,6,0,0,8,REGIONAL 5,MADIUN,NGAWI,JGO,,,2024-03-16 23:22:46,44522,2021,11,NON TITO,,,JAWA TIMUR,0.75,YELLOW,1132247481,AREA 3,JATIM,MADIUN,MADIUN,,,0,0,0,JAWA TIMUR,NGAWI,JOGOROGO,NGRAYUDAN,NGAWI
8137168673,,ODP-WKU-FA/55,-7.376024,111.2547,,,4,4,0,0,8,REGIONAL 5,MADIUN,NGAWI,WKU,,,2024-03-16 23:27:21,44519,2021,11,NON TITO,,,JAWA TIMUR,0.5,YELLOW,1114918759,AREA 3,JATIM,MADIUN,MADIUN,,,0,0,0,JAWA TIMUR,NGAWI,WIDODAREN,KARANGBANYU,NGAWI
2117369226,,ODP-WKU-FC/11,-7.400608,111.223191,,,5,11,0,0,16,REGIONAL 5,MADIUN,NGAWI,WKU,,,2024-03-16 23:25:21,43104,2018,1,NON TITO,,,JAWA TIMUR,0.6875,YELLOW,258411997,AREA 3,JATIM,MADIUN,MADIUN,,,0,0,0,JAWA TIMUR,NGAWI,WIDODAREN,WALIKUKUN,NGAWI
2118793577,,ODP-KRJ-FA/21,-7.427549,111.578641,,,7,9,0,0,16,REGIONAL 5,MADIUN,NGAWI,KRJ,,,2024-03-16 23:29:15,43104,2018,1,NON TITO,,,JAWA TIMUR,0.5625,YELLOW,258412240,AREA 3,JATIM,MADIUN,MADIUN,,,0,0,0,JAWA TIMUR,NGAWI,BRINGIN,MOJO,NGAWI
8137168650,,ODP-WKU-FA/53,-7.375409,111.256241,,,3,5,0,0,8,REGIONAL 5,MADIUN,NGAWI,WKU,,,2024-03-16 23:27:22,44519,2021,11,NON TITO,,,JAWA TIMUR,0.625,YELLOW,1114918733,AREA 3,JATIM,MADIUN,MADIUN,,,0,0,0,JAWA TIMUR,NGAWI,WIDODAREN,KARANGBANYU,NGAWI
2107243925,,ODP-WKU-FC/12,-7.401699,111.221138,,,4,12,0,0,16,REGIONAL 5,MADIUN,NGAWI,WKU,,,2024-03-16 23:24:10,43104,2018,1,NON TITO,,,JAWA TIMUR,0.75,YELLOW,258996690,AREA 3,JATIM,MADIUN,MADIUN,,,0,0,0,JAWA TIMUR,NGAWI,WIDODAREN,WALIKUKUN,NGAWI
2107243933,,ODP-WKU-FC/13,-7.401672,111.223409,,,7,9,0,0,16,REGIONAL 5,MADIUN,NGAWI,WKU,,,2024-03-16 23:23:38,43104,2018,1,NON TITO,,,JAWA TIMUR,0.5625,YELLOW,258996698,AREA 3,JATIM,MADIUN,MADIUN,,,0,0,0,JAWA TIMUR,NGAWI,WIDODAREN,WALIKUKUN,NGAWI
2107243964,,ODP-WKU-FC/09,-7.401785,111.220371,,,4,4,0,0,8,REGIONAL 5,MADIUN,NGAWI,WKU,,,2024-03-16 23:24:16,43104,2018,1,NON TITO,,,JAWA TIMUR,0.5,YELLOW,258996720,AREA 3,JATIM,MADIUN,MADIUN,,,0,0,0,JAWA TIMUR,NGAWI,WIDODAREN,WALIKUKUN,NGAWI
8087069469,,ODP-MGT-FE/56,-7.614579,111.324644,,,3,5,0,0,8,REGIONAL 5,MADIUN,NGAWI,MGT,,,2024-03-16 23:28:37,44515,2021,11,NON TITO,,,JAWA TIMUR,0.625,YELLOW,1114888507,AREA 3,JATIM,MADIUN,MADIUN,,,0,0,0,JAWA TIMUR,MAGETAN,PANEKAN,WATES,NGAWI
8238118658,,ODP-NWI-FH/36,-7.393536,111.413463,,,3,5,0,0,8,REGIONAL 5,MADIUN,NGAWI,NWI,,,2024-03-16 23:23:57,44536,2021,12,NON TITO,,,JAWA TIMUR,0.625,YELLOW,1161724557,AREA 3,JATIM,MADIUN,MADIUN,,,0,0,0,JAWA TIMUR,NGAWI,NGAWI,WATUALANG,NGAWI
2041093851,,ODP-JGO-FD/05,-7.503633,111.162577,,,3,5,0,0,8,REGIONAL 5,MADIUN,NGAWI,JGO,,,2024-03-16 23:24:39,43081,2017,12,NON TITO,,,JAWA TIMUR,0.625,YELLOW,256138581,AREA 3,JATIM,MADIUN,MADIUN,,,0,0,0,JAWA TIMUR,NGAWI,SINE,KUNIRAN,NGAWI
8240668576,,ODP-JGO-FE/14,-7.495017,111.319615,,,2,6,0,0,8,REGIONAL 5,MADIUN,NGAWI,JGO,,,2024-03-16 23:22:46,44536,2021,12,NON TITO,,,JAWA TIMUR,0.75,YELLOW,1161726136,AREA 3,JATIM,MADIUN,MADIUN,,,0,0,0,JAWA TIMUR,NGAWI,PARON,BABADAN,NGAWI
2098994230,,ODP-NWI-FP/10,-7.398681,111.449706,,,5,10,0,0,16,REGIONAL 5,MADIUN,NGAWI,NWI,,,2024-03-16 23:24:35,43097,2017,12,NON TITO,,,JAWA TIMUR,0.625,YELLOW,257714121,AREA 3,JATIM,MADIUN,MADIUN,,,0,0,0,JAWA TIMUR,NGAWI,NGAWI,PELEM,NGAWI
8385121968,,ODP-MGT-FZ/46,-7.675858,111.273062,,,2,6,0,0,8,REGIONAL 5,MADIUN,NGAWI,MGT,,,2024-03-16 23:22:18,44592,2022,1,NON TITO,,,JAWA TIMUR,0.75,YELLOW,1165169489,AREA 3,JATIM,MADIUN,MADIUN,,,0,0,0,JAWA TIMUR,MAGETAN,PLAOSAN,SENDANGAGUNG,NGAWI
8385719331,,ODP-MGT-FH/65,-7.712369,111.370874,,,4,4,0,0,8,REGIONAL 5,MADIUN,NGAWI,MGT,,,2024-03-16 23:24:10,44589,2022,1,NON TITO,,,JAWA TIMUR,0.5,YELLOW,1165144509,AREA 3,JATIM,MADIUN,MADIUN,,,0,0,0,JAWA TIMUR,MAGETAN,PARANG,SUNDUL,NGAWI
8385719321,,ODP-MGT-FH/66,-7.713952,111.370774,,,3,5,0,0,8,REGIONAL 5,MADIUN,NGAWI,MGT,,,2024-03-16 23:23:28,44589,2022,1,NON TITO,,,JAWA TIMUR,0.625,YELLOW,1165144503,AREA 3,JATIM,MADIUN,MADIUN,,,0,0,0,JAWA TIMUR,MAGETAN,PARANG,SUNDUL,NGAWI
8385719316,,ODP-MGT-FH/70,-7.713253,111.360196,,,3,5,0,0,8,REGIONAL 5,MADIUN,NGAWI,MGT,,,2024-03-16 23:23:52,44589,2022,1,NON TITO,,,JAWA TIMUR,0.625,YELLOW,1165144500,AREA 3,JATIM,MADIUN,MADIUN,,,0,0,0,JAWA TIMUR,MAGETAN,PARANG,KRAJAN,NGAWI
2095168854,,ODP-NWI-FF/41,-7.408491,111.439809,,,8,8,0,0,16,REGIONAL 5,MADIUN,NGAWI,NWI,,,2024-03-16 23:26:21,43097,2017,12,NON TITO,,,JAWA TIMUR,0.5,YELLOW,256210596,AREA 3,JATIM,MADIUN,MADIUN,,,0,0,0,JAWA TIMUR,NGAWI,NGAWI,MARGOMULYO,NGAWI
2095169474,,ODP-NWI-FF/40,-7.409691,111.440637,,,4,12,0,0,16,REGIONAL 5,MADIUN,NGAWI,NWI,,,2024-03-16 23:26:01,43097,2017,12,NON TITO,,,JAWA TIMUR,0.75,YELLOW,256210783,AREA 3,JATIM,MADIUN,MADIUN,,,0,0,0,JAWA TIMUR,NGAWI,NGAWI,MARGOMULYO,NGAWI
8385868637,,ODP-JGO-FB/75,-7.574598,111.335722,,,3,5,0,0,8,REGIONAL 5,MADIUN,NGAWI,JGO,,,2024-03-16 23:28:32,44587,2022,1,NON TITO,,,JAWA TIMUR,0.625,YELLOW,1165134860,AREA 3,JATIM,MADIUN,MADIUN,,,0,0,0,JAWA TIMUR,NGAWI,KENDAL,MAJASEM,NGAWI
8385119069,,ODP-JGO-FB/79,-7.564506,111.253093,,,3,5,0,0,8,REGIONAL 5,MADIUN,NGAWI,JGO,,,2024-03-16 23:28:54,44587,2022,1,NON TITO,,,JAWA TIMUR,0.625,YELLOW,1165134585,AREA 3,JATIM,MADIUN,MADIUN,,,0,0,0,JAWA TIMUR,NGAWI,JOGOROGO,NGRAYUDAN,NGAWI
8377318567,,ODP-WKU-FC/36,-7.408985,111.22292,,,4,4,0,0,8,REGIONAL 5,MADIUN,NGAWI,WKU,,,2024-03-16 23:28:13,44586,2022,1,NON TITO,,,JAWA TIMUR,0.5,YELLOW,1165117375,AREA 3,JATIM,MADIUN,MADIUN,,,0,0,0,JAWA TIMUR,NGAWI,WIDODAREN,WALIKUKUN,NGAWI
8377318562,,ODP-WKU-FC/37,-7.408932,111.224579,,,3,5,0,0,8,REGIONAL 5,MADIUN,NGAWI,WKU,,,2024-03-16 23:27:56,44586,2022,1,NON TITO,,,JAWA TIMUR,0.625,YELLOW,1165117372,AREA 3,JATIM,MADIUN,MADIUN,,,0,0,0,JAWA TIMUR,NGAWI,WIDODAREN,WALIKUKUN,NGAWI
8373269719,,ODP-NWI-FL/13,-7.399698,111.477551,,,3,5,0,0,8,REGIONAL 5,MADIUN,NGAWI,NWI,,,2024-03-16 23:23:07,44585,2022,1,NON TITO,,,JAWA TIMUR,0.625,YELLOW,1165114310,AREA 3,JATIM,MADIUN,MADIUN,,,0,0,0,JAWA TIMUR,NGAWI,NGAWI,KARANG TENGAH PRANDON,NGAWI
8373269714,,ODP-NWI-FL/15,-7.395161,111.470846,,,4,4,0,0,8,REGIONAL 5,MADIUN,NGAWI,NWI,,,2024-03-16 23:23:08,44585,2022,1,NON TITO,,,JAWA TIMUR,0.5,YELLOW,1165114306,AREA 3,JATIM,MADIUN,MADIUN,,,0,0,0,JAWA TIMUR,NGAWI,NGAWI,KARANG TENGAH PRANDON,NGAWI
2081372273,,ODP-GGR-FA/18,-7.684764,111.43317,,,2,6,0,0,8,REGIONAL 5,MADIUN,NGAWI,GGR,,,2024-03-16 23:23:55,43091,2017,12,NON TITO,,,JAWA TIMUR,0.75,YELLOW,256551201,AREA 3,JATIM,MADIUN,MADIUN,,,0,0,0,JAWA TIMUR,MAGETAN,KAWEDANAN,MOJOREJO,NGAWI
2098993832,,ODP-NWI-FP/17,-7.401193,111.446311,,,9,7,0,0,16,REGIONAL 5,MADIUN,NGAWI,NWI,,,2024-03-16 23:24:48,43097,2017,12,NON TITO,,,JAWA TIMUR,0.4375,YELLOW,257713972,AREA 3,JATIM,MADIUN,MADIUN,,,0,0,0,JAWA TIMUR,NGAWI,NGAWI,KETANGGI,NGAWI
8344768913,,ODP-NWI-FD/92,-7.397071,111.428078,,,3,5,0,0,8,REGIONAL 5,MADIUN,NGAWI,NWI,,,2024-03-16 23:25:17,44578,2022,1,NON TITO,,,JAWA TIMUR,0.625,YELLOW,1165063528,AREA 3,JATIM,MADIUN,MADIUN,,,0,0,0,JAWA TIMUR,NGAWI,NGAWI,GRUDO,NGAWI
8356243535,,ODP-MGT-FH/62,-7.699529,111.317554,,,4,4,0,0,8,REGIONAL 5,MADIUN,NGAWI,MGT,,,2024-03-16 23:23:07,44578,2022,1,NON TITO,,,JAWA TIMUR,0.5,YELLOW,1165062436,AREA 3,JATIM,MADIUN,MADIUN,,,0,0,0,JAWA TIMUR,MAGETAN,NGARIBOYO,SELOTINATAH,NGAWI
8322574645,,ODP-JGO-FB/73,-7.560394,111.263775,,,3,5,0,0,8,REGIONAL 5,MADIUN,NGAWI,JGO,,,2024-03-16 23:23:05,44571,2022,1,NON TITO,,,JAWA TIMUR,0.625,YELLOW,1164420437,AREA 3,JATIM,MADIUN,MADIUN,,,0,0,0,JAWA TIMUR,NGAWI,KENDAL,GAYAM,NGAWI
8278695263,,ODP-JGO-FB/72,-7.585706,111.259756,,,2,6,0,0,8,REGIONAL 5,MADIUN,NGAWI,JGO,,,2024-03-16 23:24:02,44560,2021,12,NON TITO,,,JAWA TIMUR,0.75,YELLOW,1164317698,AREA 3,JATIM,MADIUN,MADIUN,,,0,0,0,JAWA TIMUR,NGAWI,KENDAL,KARANGGUPITO,NGAWI
8280046435,,ODP-MGT-FP/52,-7.663437,111.317435,,,2,6,0,0,8,REGIONAL 5,MADIUN,NGAWI,MGT,,,2024-03-16 23:24:52,44557,2021,12,NON TITO,,,JAWA TIMUR,0.75,YELLOW,1164290093,AREA 3,JATIM,MADIUN,MADIUN,,,0,0,0,JAWA TIMUR,MAGETAN,MAGETAN,RINGINAGUNG,NGAWI
8283194106,,ODP-WKU-FC/35,-7.413321,111.217783,,,2,6,0,0,8,REGIONAL 5,MADIUN,NGAWI,WKU,,,2024-03-16 23:26:55,44557,2021,12,NON TITO,,,JAWA TIMUR,0.75,YELLOW,1164289942,AREA 3,JATIM,MADIUN,MADIUN,,,0,0,0,JAWA TIMUR,NGAWI,WIDODAREN,WALIKUKUN,NGAWI
2098994216,,ODP-NWI-FP/16,-7.401941,111.446318,,,8,8,0,0,16,REGIONAL 5,MADIUN,NGAWI,NWI,,,2024-03-16 23:24:47,43097,2017,12,NON TITO,,,JAWA TIMUR,0.5,YELLOW,257714116,AREA 3,JATIM,MADIUN,MADIUN,,,0,0,0,JAWA TIMUR,NGAWI,NGAWI,KETANGGI,NGAWI
8246968827,,ODP-MGT-FH/61,-7.696287,111.344301,,,3,5,0,0,8,REGIONAL 5,MADIUN,NGAWI,MGT,,,2024-03-16 23:24:54,44544,2021,12,NON TITO,,,JAWA TIMUR,0.625,YELLOW,1162770746,AREA 3,JATIM,MADIUN,MADIUN,,,0,0,0,JAWA TIMUR,MAGETAN,NGARIBOYO,PENDEM,NGAWI
8245618573,,ODP-GGR-FA/115,-7.706141,111.417753,,,2,6,0,0,8,REGIONAL 5,MADIUN,NGAWI,GGR,,,2024-03-16 23:23:49,44538,2021,12,NON TITO,,,JAWA TIMUR,0.75,YELLOW,1161950537,AREA 3,JATIM,MADIUN,MADIUN,,,0,0,0,JAWA TIMUR,MAGETAN,KAWEDANAN,NGUNUT,NGAWI
8245618563,,ODP-GGR-FA/114,-7.707495,111.421328,,,3,5,0,0,8,REGIONAL 5,MADIUN,NGAWI,GGR,,,2024-03-16 23:23:52,44538,2021,12,NON TITO,,,JAWA TIMUR,0.625,YELLOW,1161950531,AREA 3,JATIM,MADIUN,MADIUN,,,0,0,0,JAWA TIMUR,MAGETAN,KAWEDANAN,NGUNUT,NGAWI
8242548405,,ODP-GGR-FE/24,-7.705516,111.45434,,,3,5,0,0,8,REGIONAL 5,MADIUN,NGAWI,GGR,,,2024-03-16 23:25:45,44538,2021,12,NON TITO,,,JAWA TIMUR,0.625,YELLOW,1161947102,AREA 3,JATIM,MADIUN,MADIUN,,,0,0,0,JAWA TIMUR,MAGETAN,NGUNTORONADI,PURWOREJO,NGAWI
8242546906,,ODP-SAR-FA/35,-7.68344,111.215079,,,2,6,0,0,8,REGIONAL 5,MADIUN,NGAWI,SAR,,,2024-03-16 23:25:20,44538,2021,12,NON TITO,,,JAWA TIMUR,0.75,YELLOW,1161945317,AREA 3,JATIM,MADIUN,MADIUN,,,0,0,0,JAWA TIMUR,MAGETAN,PLAOSAN,NGANCAR,NGAWI
8237370111,,ODP-NWI-FC/130,-7.39953,111.493202,,,4,4,0,0,8,REGIONAL 5,MADIUN,NGAWI,NWI,,,2024-03-16 23:24:50,44536,2021,12,NON TITO,,,JAWA TIMUR,0.5,YELLOW,1161728901,AREA 3,JATIM,MADIUN,MADIUN,,,0,0,0,JAWA TIMUR,NGAWI,KASREMAN,TAWUN,NGAWI
2098993827,,ODP-NWI-FP/14,-7.402087,111.447733,,,3,5,0,0,8,REGIONAL 5,MADIUN,NGAWI,NWI,,,2024-03-16 23:24:50,43097,2017,12,NON TITO,,,JAWA TIMUR,0.625,YELLOW,258388781,AREA 3,JATIM,MADIUN,MADIUN,,,0,0,0,JAWA TIMUR,NGAWI,NGAWI,KETANGGI,NGAWI
2107244181,,ODP-MGT-FH/12,-7.676499,111.343523,,,5,10,0,0,16,REGIONAL 5,MADIUN,NGAWI,MGT,,,2024-03-16 23:24:15,43104,2018,1,NON TITO,,,JAWA TIMUR,0.625,YELLOW,258996876,AREA 3,JATIM,MADIUN,MADIUN,,,0,0,0,JAWA TIMUR,MAGETAN,NGARIBOYO,NGARIBOYO,NGAWI
1688369446,,ODP-WKU-FD/05,-7.365356,111.151408,,,2,6,0,0,8,REGIONAL 5,MADIUN,NGAWI,WKU,,,2024-03-16 23:28:30,42961,2017,8,NON TITO,,,JAWA TIMUR,0.75,YELLOW,185828322,AREA 3,JATIM,MADIUN,MADIUN,,,0,0,0,JAWA TIMUR,NGAWI,MANTINGAN,MANTINGAN,NGAWI
1688369121,,ODP-WKU-FD/12,-7.36365,111.144229,,,7,9,0,0,16,REGIONAL 5,MADIUN,NGAWI,WKU,,,2024-03-16 23:28:07,42961,2017,8,NON TITO,,,JAWA TIMUR,0.5625,YELLOW,185828190,AREA 3,JATIM,MADIUN,MADIUN,,,0,0,0,JAWA TIMUR,NGAWI,MANTINGAN,MANTINGAN,NGAWI
9558043790,,ODP-MSP-FB/95,-7.614665,111.470415,,,4,4,0,0,8,REGIONAL 5,MADIUN,NGAWI,MGT,,,2024-03-16 23:25:30,44889,2022,11,NON TITO,,,JAWA TIMUR,0.5,YELLOW,1251394580,AREA 3,JATIM,MADIUN,MADIUN,,,0,0,0,JAWA TIMUR,MADIUN,JIWAN,KWANGSEN,NGAWI
9546119478,,ODP-NWI-FE/164,-7.414121,111.445451,,,3,5,0,0,8,REGIONAL 5,MADIUN,NGAWI,NWI,,,2024-03-16 23:24:42,44882,2022,11,NON TITO,,,JAWA TIMUR,0.625,YELLOW,1250922585,AREA 3,JATIM,MADIUN,MADIUN,,,0,0,0,JAWA TIMUR,NGAWI,NGAWI,BERAN,NGAWI
9513420239,,ODP-MGT-FW/59,-7.613067,111.276068,,,1,6,0,0,8,REGIONAL 5,MADIUN,NGAWI,MGT,,,2024-03-16 23:28:56,44882,2022,11,NON TITO,,,JAWA TIMUR,0.75,YELLOW,1250921444,AREA 3,JATIM,MADIUN,MADIUN,,,0,0,0,JAWA TIMUR,MAGETAN,PANEKAN,NGILIRAN,NGAWI
9543044787,,ODP-MGT-FK/76,-7.647106,111.322194,,,3,5,0,0,8,REGIONAL 5,MADIUN,NGAWI,MGT,,,2024-03-16 23:25:20,44879,2022,11,NON TITO,,,JAWA TIMUR,0.625,YELLOW,1250471191,AREA 3,JATIM,MADIUN,MADIUN,,,0,0,0,JAWA TIMUR,MAGETAN,MAGETAN,TAWANGANOM,NGAWI
1367825273,,ODP-JGO-FA/36,-7.53703,111.249789,,,4,4,0,0,8,REGIONAL 5,MADIUN,NGAWI,JGO,,,2024-03-16 23:29:01,42845,2017,4,NON TITO,,,JAWA TIMUR,0.5,YELLOW,81834347,AREA 3,JATIM,MADIUN,MADIUN,,,0,0,0,JAWA TIMUR,NGAWI,JOGOROGO,BRUBUH,NGAWI
1367825317,,ODP-JGO-FA/03,-7.510224,111.273956,,,2,6,0,0,8,REGIONAL 5,MADIUN,NGAWI,JGO,,,2024-03-16 23:29:14,42845,2017,4,NON TITO,,,JAWA TIMUR,0.75,YELLOW,81834367,AREA 3,JATIM,MADIUN,MADIUN,,,0,0,0,JAWA TIMUR,NGAWI,JOGOROGO,TANJUNGSARI,NGAWI
1367826263,,ODP-JGO-FA/32,-7.538366,111.252275,,,4,4,0,0,8,REGIONAL 5,MADIUN,NGAWI,JGO,,,2024-03-16 23:28:15,42845,2017,4,NON TITO,,,JAWA TIMUR,0.5,YELLOW,81834518,AREA 3,JATIM,MADIUN,MADIUN,,,0,0,0,JAWA TIMUR,NGAWI,JOGOROGO,BRUBUH,NGAWI
1367826418,,ODP-JGO-FA/31,-7.525803,111.247129,,,3,5,0,0,8,REGIONAL 5,MADIUN,NGAWI,JGO,,,2024-03-16 23:29:01,42845,2017,4,NON TITO,,,JAWA TIMUR,0.625,YELLOW,81834563,AREA 3,JATIM,MADIUN,MADIUN,,,0,0,0,JAWA TIMUR,NGAWI,JOGOROGO,JOGOROGO,NGAWI
9450570182,,ODP-NWI-FH/40,-7.408597,111.416802,,,1,6,0,0,8,REGIONAL 5,MADIUN,NGAWI,NWI,,,2024-03-16 23:27:00,44859,2022,10,NON TITO,,,JAWA TIMUR,0.75,YELLOW,1246064613,AREA 3,JATIM,MADIUN,MADIUN,,,0,0,0,JAWA TIMUR,NGAWI,NGAWI,GRUDO,NGAWI
1367826472,,ODP-JGO-FA/15,-7.534269,111.271183,,,6,10,0,0,16,REGIONAL 5,MADIUN,NGAWI,JGO,,,2024-03-16 23:29:14,42845,2017,4,NON TITO,,,JAWA TIMUR,0.625,YELLOW,81834579,AREA 3,JATIM,MADIUN,MADIUN,,,0,0,0,JAWA TIMUR,NGAWI,JOGOROGO,MACANAN,NGAWI
9447719028,,ODP-MGT-FAG/16,-7.62527,111.398748,,,4,4,0,0,8,REGIONAL 5,MADIUN,NGAWI,MGT,,,2024-03-16 23:27:11,44855,2022,10,NON TITO,,,JAWA TIMUR,0.5,YELLOW,1244845890,AREA 3,JATIM,MADIUN,MADIUN,,,0,0,0,JAWA TIMUR,MAGETAN,SUKOMORO,POJOKSARI,NGAWI
9427545999,,ODP-GGR-FA/122,-7.688241,111.440146,,,3,5,0,0,8,REGIONAL 5,MADIUN,NGAWI,GGR,,,2024-03-16 23:27:22,44854,2022,10,NON TITO,,,JAWA TIMUR,0.625,YELLOW,1241701011,AREA 3,JATIM,MADIUN,MADIUN,,,0,0,0,JAWA TIMUR,MAGETAN,NGUNTORONADI,SIMBATAN,NGAWI
1367826519,,ODP-JGO-FA/29,-7.524567,111.245272,,,3,5,0,0,8,REGIONAL 5,MADIUN,NGAWI,JGO,,,2024-03-16 23:28:41,42845,2017,4,NON TITO,,,JAWA TIMUR,0.625,YELLOW,81834591,AREA 3,JATIM,MADIUN,MADIUN,,,0,0,0,JAWA TIMUR,NGAWI,JOGOROGO,JOGOROGO,NGAWI
9427543780,,ODP-MGT-FH/86,-7.684837,111.347018,,,4,4,0,0,8,REGIONAL 5,MADIUN,NGAWI,MGT,,,2024-03-16 23:26:57,44851,2022,10,NON TITO,,,JAWA TIMUR,0.5,YELLOW,1241338275,AREA 3,JATIM,MADIUN,MADIUN,,,0,0,0,JAWA TIMUR,MAGETAN,NGARIBOYO,BANYUDONO,NGAWI
9409844501,,ODP-WKU-FF/38,-7.345875,111.168556,,,2,6,0,0,8,REGIONAL 5,MADIUN,NGAWI,WKU,,,2024-03-16 23:23:30,44849,2022,10,NON TITO,,,JAWA TIMUR,0.75,YELLOW,1241335059,AREA 3,JATIM,MADIUN,MADIUN,,,0,0,0,JAWA TIMUR,NGAWI,MANTINGAN,MANTINGAN,NGAWI
1367827166,,ODP-JGO-FA/06,-7.5148,111.262861,,,6,10,0,0,16,REGIONAL 5,MADIUN,NGAWI,JGO,,,2024-03-16 23:29:17,42845,2017,4,NON TITO,,,JAWA TIMUR,0.625,YELLOW,81834920,AREA 3,JATIM,MADIUN,MADIUN,,,0,0,0,JAWA TIMUR,NGAWI,JOGOROGO,JOGOROGO,NGAWI
9339122077,,ODP-MGT-FH/85,-7.686054,111.338983,,,3,5,0,0,8,REGIONAL 5,MADIUN,NGAWI,MGT,,,2024-03-16 23:26:58,44840,2022,10,NON TITO,,,JAWA TIMUR,0.625,YELLOW,1230097397,AREA 3,JATIM,MADIUN,MADIUN,,,0,0,0,JAWA TIMUR,MAGETAN,NGARIBOYO,BANYUDONO,NGAWI
9339122069,,ODP-WKU-FAA/42,-7.44738,111.22838,,,2,6,0,0,8,REGIONAL 5,MADIUN,NGAWI,WKU,,,2024-03-16 23:26:16,44840,2022,10,NON TITO,,,JAWA TIMUR,0.75,YELLOW,1230096548,AREA 3,JATIM,MADIUN,MADIUN,,,0,0,0,JAWA TIMUR,NGAWI,WIDODAREN,SEKAR ALAS,NGAWI
1367827179,,ODP-JGO-FA/16,-7.530276,111.264994,,,6,10,0,0,16,REGIONAL 5,MADIUN,NGAWI,JGO,,,2024-03-16 23:27:48,42845,2017,4,NON TITO,,,JAWA TIMUR,0.625,YELLOW,81834929,AREA 3,JATIM,MADIUN,MADIUN,,,0,0,0,JAWA TIMUR,NGAWI,JOGOROGO,JOGOROGO,NGAWI
1367827189,,ODP-JGO-FA/05,-7.513911,111.264258,,,6,10,0,0,16,REGIONAL 5,MADIUN,NGAWI,JGO,,,2024-03-16 23:29:06,42845,2017,4,NON TITO,,,JAWA TIMUR,0.625,YELLOW,81834936,AREA 3,JATIM,MADIUN,MADIUN,,,0,0,0,JAWA TIMUR,NGAWI,JOGOROGO,TANJUNGSARI,NGAWI
9339496378,,ODP-JGO-FF/07,-7.471093,111.181736,,,8,8,0,0,16,REGIONAL 5,MADIUN,NGAWI,JGO,,,2024-03-16 23:21:08,44838,2022,10,NON TITO,,,JAWA TIMUR,0.5,YELLOW,1230076343,AREA 3,JATIM,MADIUN,MADIUN,,,0,0,0,JAWA TIMUR,NGAWI,SINE,JAGIR,NGAWI
9339496358,,ODP-JGO-FF/05,-7.476452,111.179235,,,2,6,0,0,8,REGIONAL 5,MADIUN,NGAWI,JGO,,,2024-03-16 23:22:46,44838,2022,10,NON TITO,,,JAWA TIMUR,0.75,YELLOW,1230076322,AREA 3,JATIM,MADIUN,MADIUN,,,0,0,0,JAWA TIMUR,NGAWI,SINE,JAGIR,NGAWI
1367827389,,ODP-JGO-FA/01,-7.508691,111.281598,,,4,12,0,0,16,REGIONAL 5,MADIUN,NGAWI,JGO,,,2024-03-16 23:28:58,42845,2017,4,NON TITO,,,JAWA TIMUR,0.75,YELLOW,81835049,AREA 3,JATIM,MADIUN,MADIUN,,,0,0,0,JAWA TIMUR,NGAWI,JOGOROGO,TANJUNGSARI,NGAWI
9339120097,,ODP-GGR-FA/121,-7.685265,111.436175,,,3,5,0,0,8,REGIONAL 5,MADIUN,NGAWI,GGR,,,2024-03-16 23:26:25,44836,2022,10,NON TITO,,,JAWA TIMUR,0.625,YELLOW,1229472772,AREA 3,JATIM,MADIUN,MADIUN,,,0,0,0,JAWA TIMUR,MAGETAN,KAWEDANAN,MOJOREJO,NGAWI
9349544046,,ODP-MGT-FM/55,-7.665671,111.265252,,,3,5,0,0,8,REGIONAL 5,MADIUN,NGAWI,MGT,,,2024-03-16 23:28:53,44836,2022,10,NON TITO,,,JAWA TIMUR,0.625,YELLOW,1229472678,AREA 3,JATIM,MADIUN,MADIUN,,,0,0,0,JAWA TIMUR,MAGETAN,PLAOSAN,PACALAN,NGAWI
9339195253,,ODP-MGT-FT/18,-7.619913,111.342012,,,4,4,0,0,8,REGIONAL 5,MADIUN,NGAWI,MGT,,,2024-03-16 23:28:24,44834,2022,9,NON TITO,,,JAWA TIMUR,0.5,YELLOW,1228525375,AREA 3,JATIM,MADIUN,MADIUN,,,0,0,0,JAWA TIMUR,MAGETAN,SUKOMORO,KENTANGAN,NGAWI
1367827585,,ODP-JGO-FA/30,-7.524976,111.246356,,,5,11,0,0,16,REGIONAL 5,MADIUN,NGAWI,JGO,,,2024-03-16 23:22:00,42845,2017,4,NON TITO,,,JAWA TIMUR,0.6875,YELLOW,81835151,AREA 3,JATIM,MADIUN,MADIUN,,,0,0,0,JAWA TIMUR,NGAWI,JOGOROGO,JOGOROGO,NGAWI
1359796889,,ODP-WKU-FA/21,-7.379948,111.246281,,,7,9,0,0,16,REGIONAL 5,MADIUN,NGAWI,WKU,,,2024-03-16 23:28:13,42840,2017,4,NON TITO,,,JAWA TIMUR,0.5625,YELLOW,81740898,AREA 3,JATIM,MADIUN,MADIUN,,,0,0,0,JAWA TIMUR,NGAWI,WIDODAREN,KARANGBANYU,NGAWI
1367827809,,ODP-JGO-FA/14,-7.522784,111.253973,,,2,6,0,0,8,REGIONAL 5,MADIUN,NGAWI,JGO,,,2024-03-16 23:22:06,42845,2017,4,NON TITO,,,JAWA TIMUR,0.75,YELLOW,81835292,AREA 3,JATIM,MADIUN,MADIUN,,,0,0,0,JAWA TIMUR,NGAWI,JOGOROGO,JOGOROGO,NGAWI
9585343608,,ODP-WKU-FZA/105,-7.429859,111.304376,,,3,4,0,0,8,REGIONAL 5,MADIUN,NGAWI,WKU,,,2024-03-16 23:22:45,44893,2022,11,NON TITO,,,JAWA TIMUR,0.5,YELLOW,1252437515,AREA 3,JATIM,MADIUN,MADIUN,,,0,0,0,JAWA TIMUR,NGAWI,KEDUNGGALAR,KEDUNGGALAR,NGAWI
9602518837,,ODP-KRJ-FC/36,-7.452075,111.624984,,,2,6,0,0,8,REGIONAL 5,MADIUN,NGAWI,KRJ,,,2024-03-16 23:26:08,44895,2022,11,NON TITO,,,JAWA TIMUR,0.75,YELLOW,1252592751,AREA 3,JATIM,MADIUN,MADIUN,,,0,0,0,JAWA TIMUR,NGAWI,KARANGJATI,REJOMULYO,NGAWI
10224278817,,ODP-JGO-FF/10,-7.46239,111.147885,,,4,4,0,0,8,REGIONAL 5,MADIUN,NGAWI,JGO,,,2024-03-16 23:23:21,45089,2023,6,NON TITO,,,JAWA TIMUR,0.5,YELLOW,1294274214,AREA 3,JATIM,MADIUN,MADIUN,,,0,0,0,JAWA TIMUR,NGAWI,SINE,TULAKAN,NGAWI
10224277728,,ODP-SAR-FB/26,-7.681046,111.23261,,,4,4,0,0,8,REGIONAL 5,MADIUN,NGAWI,SAR,,,2024-03-16 23:23:09,45088,2023,6,NON TITO,,,JAWA TIMUR,0.5,YELLOW,1294199415,AREA 3,JATIM,MADIUN,MADIUN,,,0,0,0,JAWA TIMUR,MAGETAN,PLAOSAN,DADI,NGAWI
1359796683,,ODP-JGO-FB/18,-7.564395,111.288422,,,2,6,0,0,8,REGIONAL 5,MADIUN,NGAWI,JGO,,,2024-03-16 23:26:58,42840,2017,4,NON TITO,,,JAWA TIMUR,0.75,YELLOW,81740801,AREA 3,JATIM,MADIUN,MADIUN,,,0,0,0,JAWA TIMUR,NGAWI,KENDAL,KENDAL,NGAWI
1359796686,,ODP-JGO-FB/30,-7.591998,111.287747,,,4,4,0,0,8,REGIONAL 5,MADIUN,NGAWI,JGO,,,2024-03-16 23:27:26,42840,2017,4,NON TITO,,,JAWA TIMUR,0.5,YELLOW,81740803,AREA 3,JATIM,MADIUN,MADIUN,,,0,0,0,JAWA TIMUR,NGAWI,KENDAL,SIMO,NGAWI
1359796689,,ODP-JGO-FB/17,-7.565204,111.288322,,,2,6,0,0,8,REGIONAL 5,MADIUN,NGAWI,JGO,,,2024-03-16 23:28:05,42840,2017,4,NON TITO,,,JAWA TIMUR,0.75,YELLOW,81740805,AREA 3,JATIM,MADIUN,MADIUN,,,0,0,0,JAWA TIMUR,NGAWI,KENDAL,KENDAL,NGAWI
1359796692,,ODP-JGO-FB/14,-7.566593,111.290193,,,3,5,0,0,8,REGIONAL 5,MADIUN,NGAWI,JGO,,,2024-03-16 23:28:07,42840,2017,4,NON TITO,,,JAWA TIMUR,0.625,YELLOW,81740807,AREA 3,JATIM,MADIUN,MADIUN,,,0,0,0,JAWA TIMUR,NGAWI,KENDAL,KENDAL,NGAWI
1359796701,,ODP-JGO-FB/06,-7.557685,111.291178,,,2,6,0,0,8,REGIONAL 5,MADIUN,NGAWI,JGO,,,2024-03-16 23:28:00,42840,2017,4,NON TITO,,,JAWA TIMUR,0.75,YELLOW,81740813,AREA 3,JATIM,MADIUN,MADIUN,,,0,0,0,JAWA TIMUR,NGAWI,KENDAL,KENDAL,NGAWI
1359796704,,ODP-JGO-FB/26,-7.594595,111.296031,,,3,5,0,0,8,REGIONAL 5,MADIUN,NGAWI,JGO,,,2024-03-16 23:28:05,42840,2017,4,NON TITO,,,JAWA TIMUR,0.625,YELLOW,81740815,AREA 3,JATIM,MADIUN,MADIUN,,,0,0,0,JAWA TIMUR,MAGETAN,PANEKAN,BANJAREJO,NGAWI
10118368618,,ODP-JGO-FD/27,-7.486145,111.15315,,,9,7,0,0,16,REGIONAL 5,MADIUN,NGAWI,JGO,,,2024-03-16 23:22:59,45035,2023,4,NON TITO,,,JAWA TIMUR,0.4375,YELLOW,1283290258,AREA 3,JATIM,MADIUN,MADIUN,,,0,0,0,JAWA TIMUR,NGAWI,SINE,TULAKAN,NGAWI
1359796713,,ODP-JGO-FB/15,-7.56635,111.289424,,,2,6,0,0,8,REGIONAL 5,MADIUN,NGAWI,JGO,,,2024-03-16 23:26:58,42840,2017,4,NON TITO,,,JAWA TIMUR,0.75,YELLOW,81740821,AREA 3,JATIM,MADIUN,MADIUN,,,0,0,0,JAWA TIMUR,NGAWI,KENDAL,KENDAL,NGAWI
1359796716,,ODP-JGO-FB/22,-7.590643,111.297224,,,3,5,0,0,8,REGIONAL 5,MADIUN,NGAWI,JGO,,,2024-03-16 23:27:22,42840,2017,4,NON TITO,,,JAWA TIMUR,0.625,YELLOW,81740823,AREA 3,JATIM,MADIUN,MADIUN,,,0,0,0,JAWA TIMUR,NGAWI,KENDAL,SIMO,NGAWI
1359796719,,ODP-JGO-FB/27,-7.591504,111.296455,,,4,4,0,0,8,REGIONAL 5,MADIUN,NGAWI,JGO,,,2024-03-16 23:28:12,42840,2017,4,NON TITO,,,JAWA TIMUR,0.5,YELLOW,81740825,AREA 3,JATIM,MADIUN,MADIUN,,,0,0,0,JAWA TIMUR,NGAWI,KENDAL,SIMO,NGAWI
1359796731,,ODP-JGO-FB/29,-7.592584,111.285694,,,2,6,0,0,8,REGIONAL 5,MADIUN,NGAWI,JGO,,,2024-03-16 23:28:06,42840,2017,4,NON TITO,,,JAWA TIMUR,0.75,YELLOW,81740833,AREA 3,JATIM,MADIUN,MADIUN,,,0,0,0,JAWA TIMUR,NGAWI,KENDAL,SIMO,NGAWI
1359796743,,ODP-JGO-FB/39,-7.577406,111.290852,,,3,5,0,0,8,REGIONAL 5,MADIUN,NGAWI,JGO,,,2024-03-16 23:27:16,42840,2017,4,NON TITO,,,JAWA TIMUR,0.625,YELLOW,81740841,AREA 3,JATIM,MADIUN,MADIUN,,,0,0,0,JAWA TIMUR,NGAWI,KENDAL,SIDOREJO,NGAWI
9920444071,,ODP-MGT-FM/56,-7.668006,111.252743,,,2,6,0,0,8,REGIONAL 5,MADIUN,NGAWI,MGT,,,2024-03-16 23:25:19,44986,2023,3,NON TITO,,,JAWA TIMUR,0.75,YELLOW,1272527845,AREA 3,JATIM,MADIUN,MADIUN,,,0,0,0,JAWA TIMUR,MAGETAN,PLAOSAN,PACALAN,NGAWI
1359796755,,ODP-JGO-FB/38,-7.581675,111.293308,,,3,5,0,0,8,REGIONAL 5,MADIUN,NGAWI,JGO,,,2024-03-16 23:27:47,42840,2017,4,NON TITO,,,JAWA TIMUR,0.625,YELLOW,81740849,AREA 3,JATIM,MADIUN,MADIUN,,,0,0,0,JAWA TIMUR,NGAWI,KENDAL,PLOSO,NGAWI
1359796758,,ODP-JGO-FB/24,-7.602129,111.296283,,,3,5,0,0,8,REGIONAL 5,MADIUN,NGAWI,JGO,,,2024-03-16 23:26:56,42840,2017,4,NON TITO,,,JAWA TIMUR,0.625,YELLOW,81740851,AREA 3,JATIM,MADIUN,MADIUN,,,0,0,0,JAWA TIMUR,MAGETAN,PANEKAN,TURI,NGAWI
