DEVICE ID,ODP INDEX,ODP NAME,LATITUDE,LONGITUDE,CLUSNAME,CLUSTERSATATUS,AVAI,USED,RSV,RSK,IS TOTAL,Telkom Regional,Telkom Witel,Telkom Datel,Telkom STO,Telkom STO Deskripsi,ODP INFO,UPDATE DATE,TGL GOLIVE,TAHUN ODP,BULAN ODP,KATEGORI,NAMA PROYEK,KABUPATEN KOTA,PROVINSI,OCC 1,OCC 2,ID ODP,Telkomsel Area,Telkomsel Regional,Telkomsel Branch,Telkomsel Cluster,Validasi STO,Validasi ODC,Jarak ODP ke ODC (Meter),Jarak ODC ke STO (Meter),Jarak ODP ke STO (Meter),Validasi Provinsi,Validasi Kabupaten Kota,Validasi Kecamatan,Validasi Kelurahan,Telda
8186743824,,ODP-RGL-FAB/47,-7.059823,112.008688,,,0,8,0,0,8,REGIONAL 5,MADIUN,TUBAN,RGL,,,2024-03-16 23:25:22,44524,2021,11,NON TITO,,,JAWA TIMUR,1.0,RED,1135545963,AREA 3,JATIM,LAMONGAN,TUBAN BOJONEGORO,,,0,0,0,JAWA TIMUR,TUBAN,RENGEL,RENGEL,TUBAN
12012718909,,ODP-TNZ-FAC/45,-6.939283,112.092198,,,0,8,0,0,8,REGIONAL 5,MADIUN,TUBAN,TNZ,,,2024-12-17 17:34:36,45642,2024,12,NON TITO,,,JAWA TIMUR,1.0,RED,1495499756,AREA 3,JATIM,LAMONGAN,TUBAN BOJONEGORO,,,0,0,0,JAWA TIMUR,TUBAN,SEMANDING,GEDONGOMBO,TUBAN
8113393661,,ODP-RGL-FAE/46,-7.0879,111.96959,,,0,8,0,0,8,REGIONAL 5,MADIUN,TUBAN,RGL,,,2024-03-16 23:26:33,44516,2021,11,NON TITO,,,JAWA TIMUR,1.0,RED,1114893773,AREA 3,JATIM,LAMONGAN,TUBAN BOJONEGORO,,,0,0,0,JAWA TIMUR,TUBAN,RENGEL,KEBONAGUNG,TUBAN
8086393817,,ODP-RGL-FAC/65,-7.014655,112.097304,,,0,8,0,0,8,REGIONAL 5,MADIUN,TUBAN,RGL,,,2024-03-16 23:24:19,44512,2021,11,NON TITO,,,JAWA TIMUR,1.0,RED,1114872897,AREA 3,JATIM,LAMONGAN,TUBAN BOJONEGORO,,,0,0,0,JAWA TIMUR,TUBAN,PLUMPANG,SUMURJALAK,TUBAN
1487819624,,ODP-TNZ-FK/33,-6.916866,112.087619,,,0,16,0,0,16,REGIONAL 5,MADIUN,TUBAN,TNZ,,,2023-08-30 17:59:15,42879,2017,5,NON TITO,,,JAWA TIMUR,1.0,RED,129987126,AREA 3,JATIM,LAMONGAN,TUBAN BOJONEGORO,,,0,0,0,JAWA TIMUR,TUBAN,SEMANDING,GEDONGOMBO,TUBAN
8086393804,,ODP-RGL-FAC/66,-7.01563,112.099349,,,0,8,0,0,8,REGIONAL 5,MADIUN,TUBAN,RGL,,,2024-03-16 23:24:12,44512,2021,11,NON TITO,,,JAWA TIMUR,1.0,RED,1114872883,AREA 3,JATIM,LAMONGAN,TUBAN BOJONEGORO,,,0,0,0,JAWA TIMUR,TUBAN,PLUMPANG,SUMURJALAK,TUBAN
8086393799,,ODP-RGL-FAC/64,-7.014104,112.095705,,,0,8,0,0,8,REGIONAL 5,MADIUN,TUBAN,RGL,,,2024-03-16 23:24:10,44512,2021,11,NON TITO,,,JAWA TIMUR,1.0,RED,1114872880,AREA 3,JATIM,LAMONGAN,TUBAN BOJONEGORO,,,0,0,0,JAWA TIMUR,TUBAN,PLUMPANG,SUMURJALAK,TUBAN
8086393794,,ODP-RGL-FAH/41,-7.050754,112.090089,,,0,8,0,0,8,REGIONAL 5,MADIUN,TUBAN,RGL,,,2024-03-16 23:24:02,44512,2021,11,NON TITO,,,JAWA TIMUR,1.0,RED,1114872872,AREA 3,JATIM,LAMONGAN,TUBAN BOJONEGORO,,,0,0,0,JAWA TIMUR,TUBAN,PLUMPANG,CANGKRING,TUBAN
8086393789,,ODP-RGL-FAH/42,-7.047257,112.081921,,,0,8,0,0,8,REGIONAL 5,MADIUN,TUBAN,RGL,,,2024-03-16 23:24:09,44512,2021,11,NON TITO,,,JAWA TIMUR,1.0,RED,1114872863,AREA 3,JATIM,LAMONGAN,TUBAN BOJONEGORO,,,0,0,0,JAWA TIMUR,TUBAN,PLUMPANG,KEPOH AGUNG,TUBAN
5949045591,,ODP-RGL-FAE/28,-7.087188,111.970271,,,0,8,0,0,8,REGIONAL 5,MADIUN,TUBAN,RGL,,,2023-08-30 18:06:46,44226,2021,1,NON TITO,,,JAWA TIMUR,1.0,RED,861074848,AREA 3,JATIM,LAMONGAN,TUBAN BOJONEGORO,,,0,0,0,JAWA TIMUR,TUBAN,RENGEL,KEBONAGUNG,TUBAN
7990919924,,ODP-MRR-FAA/78,-6.871972,111.946403,,,0,8,0,0,8,REGIONAL 5,MADIUN,TUBAN,MRR,,,2024-03-16 23:29:04,44501,2021,11,NON TITO,,,JAWA TIMUR,1.0,RED,1090861896,AREA 3,JATIM,LAMONGAN,TUBAN BOJONEGORO,,,0,0,0,JAWA TIMUR,TUBAN,MERAKURAK,PONGPONGAN,TUBAN
1487820497,,ODP-TNZ-FK/02,-6.909283,112.091682,,,0,16,0,0,16,REGIONAL 5,MADIUN,TUBAN,TNZ,,,2023-08-30 18:10:46,42879,2017,5,NON TITO,,,JAWA TIMUR,1.0,RED,129987707,AREA 3,JATIM,LAMONGAN,TUBAN BOJONEGORO,,,0,0,0,JAWA TIMUR,TUBAN,PALANG,TASIKMADU,TUBAN
12015644742,,ODP-JTR-FE/25,-6.873857,111.643091,,,0,8,0,0,8,REGIONAL 5,MADIUN,TUBAN,JTR,,,2025-01-03 17:33:45,45659,2025,1,NON TITO,,,JAWA TIMUR,1.0,RED,1495665883,AREA 3,JATIM,LAMONGAN,TUBAN BOJONEGORO,,,0,0,0,JAWA TIMUR,TUBAN,JATIROGO,PASEYAN,TUBAN
8784194286,,ODP-RGL-FAG/17,-6.976231,112.115844,,,0,8,0,0,8,REGIONAL 5,MADIUN,TUBAN,RGL,,,2024-03-16 23:26:54,44701,2022,5,NON TITO,,,JAWA TIMUR,1.0,RED,1181873677,AREA 3,JATIM,LAMONGAN,TUBAN BOJONEGORO,,,0,0,0,JAWA TIMUR,TUBAN,SEMANDING,GESING,TUBAN
11803994072,,ODP-TNZ-FZ/49,-6.879196,112.027907,,,0,8,0,0,8,REGIONAL 5,MADIUN,TUBAN,TNZ,,,2024-10-05 17:33:45,45569,2024,10,NON TITO,,,JAWA TIMUR,1.0,RED,1465019087,AREA 3,JATIM,LAMONGAN,TUBAN BOJONEGORO,,,0,0,0,JAWA TIMUR,TUBAN,TUBAN,MONDOKAN,TUBAN
11804293730,,ODP-TNZ-FN/32,-6.896408,112.060038,,,0,8,0,0,8,REGIONAL 5,MADIUN,TUBAN,TNZ,,,2024-10-03 17:36:22,45567,2024,10,NON TITO,,,JAWA TIMUR,1.0,RED,1463281254,AREA 3,JATIM,LAMONGAN,TUBAN BOJONEGORO,,,0,0,0,JAWA TIMUR,TUBAN,TUBAN,SIDOMULYO,TUBAN
11605698643,,ODP-BCR-FAD/92,-6.817765,111.839015,,,0,8,0,0,8,REGIONAL 5,MADIUN,TUBAN,BCR,,,2024-07-12 17:39:13,45484,2024,7,NON TITO,,,JAWA TIMUR,1.0,RED,1445511326,AREA 3,JATIM,LAMONGAN,TUBAN BOJONEGORO,,,0,0,0,JAWA TIMUR,TUBAN,TAMBAKBOYO,KLUTUK,TUBAN
1322068747,,ODP-BCR-FAC/29,-6.770117,111.718967,,,0,8,0,0,8,REGIONAL 5,MADIUN,TUBAN,BCR,,,2023-08-30 18:08:29,42808,2017,3,NON TITO,,,JAWA TIMUR,1.0,RED,79424221,AREA 3,JATIM,LAMONGAN,TUBAN BOJONEGORO,,,0,0,0,JAWA TIMUR,TUBAN,BANCAR,BULUJOWO,TUBAN
8503168745,,ODP-RGL-FAK/03,-7.035197,112.073109,,,0,8,0,0,8,REGIONAL 5,MADIUN,TUBAN,RGL,,,2024-03-16 23:25:38,44636,2022,3,NON TITO,,,JAWA TIMUR,1.0,RED,1168755655,AREA 3,JATIM,LAMONGAN,TUBAN BOJONEGORO,,,0,0,0,JAWA TIMUR,TUBAN,PLUMPANG,KESAMBEN,TUBAN
8503168733,,ODP-RGL-FAK/04,-7.036981,112.07304,,,0,8,0,0,8,REGIONAL 5,MADIUN,TUBAN,RGL,,,2024-03-16 23:26:26,44636,2022,3,NON TITO,,,JAWA TIMUR,1.0,RED,1168755647,AREA 3,JATIM,LAMONGAN,TUBAN BOJONEGORO,,,0,0,0,JAWA TIMUR,TUBAN,PLUMPANG,KESAMBEN,TUBAN
8503168730,,ODP-RGL-FAK/09,-7.034336,112.067176,,,0,8,0,0,8,REGIONAL 5,MADIUN,TUBAN,RGL,,,2024-03-16 23:25:45,44636,2022,3,NON TITO,,,JAWA TIMUR,1.0,RED,1168755645,AREA 3,JATIM,LAMONGAN,TUBAN BOJONEGORO,,,0,0,0,JAWA TIMUR,TUBAN,PLUMPANG,KESAMBEN,TUBAN
8500019408,,ODP-RGL-FAG/15,-6.983245,112.113553,,,0,8,0,0,8,REGIONAL 5,MADIUN,TUBAN,RGL,,,2024-03-16 23:24:42,44634,2022,3,NON TITO,,,JAWA TIMUR,1.0,RED,1168736977,AREA 3,JATIM,LAMONGAN,TUBAN BOJONEGORO,,,0,0,0,JAWA TIMUR,TUBAN,PLUMPANG,SUMBERAGUNG,TUBAN
11605624657,,ODP-TNZ-FW/56,-6.94871,112.063487,,,0,8,0,0,8,REGIONAL 5,MADIUN,TUBAN,TNZ,,,2024-07-12 17:39:26,45484,2024,7,NON TITO,,,JAWA TIMUR,1.0,RED,1444848067,AREA 3,JATIM,LAMONGAN,TUBAN BOJONEGORO,,,0,0,0,JAWA TIMUR,TUBAN,SEMANDING,PENAMBANGAN,TUBAN
8500019402,,ODP-RGL-FAG/13,-6.993768,112.113547,,,0,8,0,0,8,REGIONAL 5,MADIUN,TUBAN,RGL,,,2024-03-16 23:24:43,44634,2022,3,NON TITO,,,JAWA TIMUR,1.0,RED,1168736973,AREA 3,JATIM,LAMONGAN,TUBAN BOJONEGORO,,,0,0,0,JAWA TIMUR,TUBAN,PLUMPANG,SUMBERAGUNG,TUBAN
8500019388,,ODP-RGL-FAG/16,-6.98557,112.113306,,,0,8,0,0,8,REGIONAL 5,MADIUN,TUBAN,RGL,,,2024-03-16 23:25:23,44634,2022,3,NON TITO,,,JAWA TIMUR,1.0,RED,1168736963,AREA 3,JATIM,LAMONGAN,TUBAN BOJONEGORO,,,0,0,0,JAWA TIMUR,TUBAN,PLUMPANG,SUMBERAGUNG,TUBAN
11646718830,,ODP-BCR-FAE/13,-6.780626,111.770187,,,0,8,0,0,8,REGIONAL 5,MADIUN,TUBAN,BCR,,,2024-07-30 17:39:56,45502,2024,7,NON TITO,,,JAWA TIMUR,1.0,RED,1450686302,AREA 3,JATIM,LAMONGAN,TUBAN BOJONEGORO,,,0,0,0,JAWA TIMUR,TUBAN,BANCAR,BANCAR,TUBAN
11640725879,,ODP-JTR-FF/83,-6.876184,111.662129,,,0,8,0,0,8,REGIONAL 5,MADIUN,TUBAN,JTR,,,2024-08-07 18:28:26,45510,2024,8,NON TITO,,,JAWA TIMUR,1.0,RED,1455500376,AREA 3,JATIM,LAMONGAN,TUBAN BOJONEGORO,,,0,0,0,JAWA TIMUR,TUBAN,JATIROGO,SADANG,TUBAN
8499270285,,ODP-TNZ-FW/13,-6.92252,112.06448,,,0,16,0,0,16,REGIONAL 5,MADIUN,TUBAN,TNZ,,,2024-03-16 23:26:22,44633,2022,3,NON TITO,,,JAWA TIMUR,1.0,RED,1168728656,AREA 3,JATIM,LAMONGAN,TUBAN BOJONEGORO,,,0,0,0,JAWA TIMUR,TUBAN,SEMANDING,BEJAGUNG,TUBAN
8499270280,,ODP-TNZ-FW/14,-6.926248,112.064271,,,0,8,0,0,8,REGIONAL 5,MADIUN,TUBAN,TNZ,,,2024-03-16 23:25:19,44633,2022,3,NON TITO,,,JAWA TIMUR,1.0,RED,1168728653,AREA 3,JATIM,LAMONGAN,TUBAN BOJONEGORO,,,0,0,0,JAWA TIMUR,TUBAN,SEMANDING,SEMANDING,TUBAN
11649724581,,ODP-JTR-FC/61,-6.95051,111.724772,,,0,8,0,0,8,REGIONAL 5,MADIUN,TUBAN,JTR,,,2024-08-07 18:28:05,45511,2024,8,NON TITO,,,JAWA TIMUR,1.0,RED,1455504145,AREA 3,JATIM,LAMONGAN,TUBAN BOJONEGORO,,,0,0,0,JAWA TIMUR,TUBAN,BANGILAN,BANJARWORO,TUBAN
11651219220,,ODP-MRR-FAB/101,-6.815107,111.986646,,,0,8,0,0,8,REGIONAL 5,MADIUN,TUBAN,MRR,,,2024-07-30 17:40:24,45502,2024,7,NON TITO,,,JAWA TIMUR,1.0,RED,1450611498,AREA 3,JATIM,LAMONGAN,TUBAN BOJONEGORO,,,0,0,0,JAWA TIMUR,TUBAN,JENU,KALIUNTU,TUBAN
8705298572,,ODP-BCR-FAG/14,-6.807282,111.889318,,,0,8,0,0,8,REGIONAL 5,MADIUN,TUBAN,BCR,,,2024-03-16 23:26:56,44687,2022,5,NON TITO,,,JAWA TIMUR,1.0,RED,1179589682,AREA 3,JATIM,LAMONGAN,TUBAN BOJONEGORO,,,0,0,0,JAWA TIMUR,TUBAN,TAMBAKBOYO,SAWIR,TUBAN
11605096420,,ODP-RGL-FAE/62,-7.071333,111.973243,,,0,8,0,0,8,REGIONAL 5,MADIUN,TUBAN,RGL,,,2024-07-08 17:49:51,45481,2024,7,NON TITO,,,JAWA TIMUR,1.0,RED,1444621977,AREA 3,JATIM,LAMONGAN,TUBAN BOJONEGORO,,,0,0,0,JAWA TIMUR,TUBAN,RENGEL,PEKUWON,TUBAN
11575099049,,ODP-TNZ-FW/51,-6.918915,112.073719,,,0,8,0,0,8,REGIONAL 5,MADIUN,TUBAN,TNZ,,,2024-06-21 17:30:18,45463,2024,6,NON TITO,,,JAWA TIMUR,1.0,RED,1443115668,AREA 3,JATIM,LAMONGAN,TUBAN BOJONEGORO,,,0,0,0,JAWA TIMUR,TUBAN,SEMANDING,GEDONGOMBO,TUBAN
1243694359,,ODP-RGL-FAB/10,-7.062524,112.003822,,,0,8,0,0,8,REGIONAL 5,MADIUN,TUBAN,RGL,,,2023-08-30 18:08:24,42779,2017,2,NON TITO,,,JAWA TIMUR,1.0,RED,62756673,AREA 3,JATIM,LAMONGAN,TUBAN BOJONEGORO,,,0,0,0,JAWA TIMUR,TUBAN,RENGEL,RENGEL,TUBAN
7347721431,,ODP-MRR-FAF/10,-6.800334,111.963159,,,0,16,0,0,16,REGIONAL 5,MADIUN,TUBAN,MRR,,,2023-08-30 18:01:04,44418,2021,8,NON TITO,,,JAWA TIMUR,1.0,RED,967470563,AREA 3,JATIM,LAMONGAN,TUBAN BOJONEGORO,,,0,0,0,JAWA TIMUR,TUBAN,JENU,SUMURGENENG,TUBAN
8784194246,,ODP-RGL-FAG/18,-6.976905,112.117006,,,0,8,0,0,8,REGIONAL 5,MADIUN,TUBAN,RGL,,,2024-03-16 23:28:00,44701,2022,5,NON TITO,,,JAWA TIMUR,1.0,RED,1181873639,AREA 3,JATIM,LAMONGAN,TUBAN BOJONEGORO,,,0,0,0,JAWA TIMUR,TUBAN,SEMANDING,GESING,TUBAN
11579293578,,ODP-BCR-FAD/88,-6.80678,111.821599,,,0,8,0,0,8,REGIONAL 5,MADIUN,TUBAN,BCR,,,2024-06-08 23:21:21,45450,2024,6,NON TITO,,,JAWA TIMUR,1.0,RED,1440273906,AREA 3,JATIM,LAMONGAN,TUBAN BOJONEGORO,,,0,0,0,JAWA TIMUR,TUBAN,TAMBAKBOYO,PULOGEDE,TUBAN
8764768747,,ODP-RGL-FAJ/15,-7.092008,111.919743,,,0,8,0,0,8,REGIONAL 5,MADIUN,TUBAN,RGL,,,2024-03-16 23:26:19,44698,2022,5,NON TITO,,,JAWA TIMUR,1.0,RED,1181845293,AREA 3,JATIM,LAMONGAN,TUBAN BOJONEGORO,,,0,0,0,JAWA TIMUR,TUBAN,SOKO,PRAMBONTERGOYANG,TUBAN
11582218570,,ODP-TNZ-FK/106,-6.931984,112.099004,,,0,8,0,0,8,REGIONAL 5,MADIUN,TUBAN,TNZ,,,2024-06-11 17:31:22,45453,2024,6,NON TITO,,,JAWA TIMUR,1.0,RED,1441837666,AREA 3,JATIM,LAMONGAN,TUBAN BOJONEGORO,,,0,0,0,JAWA TIMUR,TUBAN,PALANG,TEGALBANG,TUBAN
8764768741,,ODP-RGL-FAJ/13,-7.088996,111.921393,,,0,8,0,0,8,REGIONAL 5,MADIUN,TUBAN,RGL,,,2024-03-16 23:21:38,44698,2022,5,NON TITO,,,JAWA TIMUR,1.0,RED,1181845288,AREA 3,JATIM,LAMONGAN,TUBAN BOJONEGORO,,,0,0,0,JAWA TIMUR,TUBAN,SOKO,PRAMBONTERGOYANG,TUBAN
11582218573,,ODP-TNZ-FK/105,-6.929662,112.099143,,,0,8,0,0,8,REGIONAL 5,MADIUN,TUBAN,TNZ,,,2024-06-11 17:32:02,45453,2024,6,NON TITO,,,JAWA TIMUR,1.0,RED,1441837668,AREA 3,JATIM,LAMONGAN,TUBAN BOJONEGORO,,,0,0,0,JAWA TIMUR,TUBAN,PALANG,TEGALBANG,TUBAN
8764768738,,ODP-RGL-FAJ/14,-7.090075,111.920827,,,0,8,0,0,8,REGIONAL 5,MADIUN,TUBAN,RGL,,,2024-03-16 23:26:42,44698,2022,5,NON TITO,,,JAWA TIMUR,1.0,RED,1181845286,AREA 3,JATIM,LAMONGAN,TUBAN BOJONEGORO,,,0,0,0,JAWA TIMUR,TUBAN,SOKO,PRAMBONTERGOYANG,TUBAN
8764768735,,ODP-RGL-FAJ/08,-7.080972,111.927465,,,0,8,0,0,8,REGIONAL 5,MADIUN,TUBAN,RGL,,,2024-03-16 23:26:41,44698,2022,5,NON TITO,,,JAWA TIMUR,1.0,RED,1181845284,AREA 3,JATIM,LAMONGAN,TUBAN BOJONEGORO,,,0,0,0,JAWA TIMUR,TUBAN,SOKO,PRAMBONTERGOYANG,TUBAN
11577793859,,ODP-TNZ-FW/50,-6.940348,112.033929,,,0,8,0,0,8,REGIONAL 5,MADIUN,TUBAN,TNZ,,,2024-06-13 23:27:18,45455,2024,6,NON TITO,,,JAWA TIMUR,1.0,RED,1442065801,AREA 3,JATIM,LAMONGAN,TUBAN BOJONEGORO,,,0,0,0,JAWA TIMUR,TUBAN,SEMANDING,PRUNGGAHAN KULON,TUBAN
11577794001,,ODP-TNZ-FK/108,-6.916589,112.076679,,,0,8,0,0,8,REGIONAL 5,MADIUN,TUBAN,TNZ,,,2024-06-15 11:28:33,45457,2024,6,NON TITO,,,JAWA TIMUR,1.0,RED,1442213329,AREA 3,JATIM,LAMONGAN,TUBAN BOJONEGORO,,,0,0,0,JAWA TIMUR,TUBAN,SEMANDING,GEDONGOMBO,TUBAN
11575770050,,ODP-MRR-FAE/30,-6.877834,111.986851,,,0,8,0,0,8,REGIONAL 5,MADIUN,TUBAN,MRR,,,2024-06-20 23:39:46,45462,2024,6,NON TITO,,,JAWA TIMUR,1.0,RED,1442887344,AREA 3,JATIM,LAMONGAN,TUBAN BOJONEGORO,,,0,0,0,JAWA TIMUR,TUBAN,MERAKURAK,SAMBONGGEDE,TUBAN
11572771898,,ODP-RGL-FAK/20,-7.038765,112.051995,,,0,8,0,0,8,REGIONAL 5,MADIUN,TUBAN,RGL,,,2024-06-20 23:43:58,45462,2024,6,NON TITO,,,JAWA TIMUR,1.0,RED,1442888980,AREA 3,JATIM,LAMONGAN,TUBAN BOJONEGORO,,,0,0,0,JAWA TIMUR,TUBAN,RENGEL,BANJARAGUNG,TUBAN
11575099044,,ODP-TNZ-FW/55,-6.915709,112.068195,,,0,16,0,0,16,REGIONAL 5,MADIUN,TUBAN,TNZ,,,2024-06-21 17:30:10,45463,2024,6,NON TITO,,,JAWA TIMUR,1.0,RED,1443115664,AREA 3,JATIM,LAMONGAN,TUBAN BOJONEGORO,,,0,0,0,JAWA TIMUR,TUBAN,SEMANDING,GEDONGOMBO,TUBAN
11669218740,,ODP-TNZ-FK/112,-6.913757,112.082651,,,0,8,0,0,8,REGIONAL 5,MADIUN,TUBAN,TNZ,,,2024-08-08 17:35:07,45512,2024,8,NON TITO,,,JAWA TIMUR,1.0,RED,1455508545,AREA 3,JATIM,LAMONGAN,TUBAN BOJONEGORO,,,0,0,0,JAWA TIMUR,TUBAN,SEMANDING,GEDONGOMBO,TUBAN
8499270255,,ODP-TNZ-FW/06,-6.912233,112.066036,,,0,8,0,0,8,REGIONAL 5,MADIUN,TUBAN,TNZ,,,2024-03-16 23:25:20,44633,2022,3,NON TITO,,,JAWA TIMUR,1.0,RED,1168728636,AREA 3,JATIM,LAMONGAN,TUBAN BOJONEGORO,,,0,0,0,JAWA TIMUR,TUBAN,SEMANDING,GEDONGOMBO,TUBAN
8499270250,,ODP-TNZ-FW/18,-6.933349,112.060368,,,0,8,0,0,8,REGIONAL 5,MADIUN,TUBAN,TNZ,,,2024-03-16 23:26:25,44633,2022,3,NON TITO,,,JAWA TIMUR,1.0,RED,1168728633,AREA 3,JATIM,LAMONGAN,TUBAN BOJONEGORO,,,0,0,0,JAWA TIMUR,TUBAN,SEMANDING,PENAMBANGAN,TUBAN
11682343553,,ODP-TNZ-FV/60,-6.915759,112.063139,,,0,8,0,0,8,REGIONAL 5,MADIUN,TUBAN,TNZ,,,2024-08-15 17:53:22,45518,2024,8,NON TITO,,,JAWA TIMUR,1.0,RED,1456843086,AREA 3,JATIM,LAMONGAN,TUBAN BOJONEGORO,,,0,0,0,JAWA TIMUR,TUBAN,SEMANDING,BEJAGUNG,TUBAN
408592666,,ODP-TNZ-FB/33,-6.9058,112.0471,,,0,8,0,0,8,REGIONAL 5,MADIUN,TUBAN,TNZ,,,2023-08-30 18:11:07,42506,2016,5,NON TITO,,,JAWA TIMUR,1.0,RED,25484127,AREA 3,JATIM,LAMONGAN,TUBAN BOJONEGORO,,,0,0,0,JAWA TIMUR,TUBAN,SEMANDING,KARANG,TUBAN
8465668779,,ODP-TNZ-FAD/06,-6.920655,112.141175,,,0,8,0,0,8,REGIONAL 5,MADIUN,TUBAN,TNZ,,,2024-03-16 23:26:20,44620,2022,2,NON TITO,,,JAWA TIMUR,1.0,RED,1167120958,AREA 3,JATIM,LAMONGAN,TUBAN BOJONEGORO,,,0,0,0,JAWA TIMUR,TUBAN,PALANG,PUCANGAN,TUBAN
11757118988,,ODP-TNZ-FW/58,-6.940058,112.047259,,,0,8,0,0,8,REGIONAL 5,MADIUN,TUBAN,TNZ,,,2024-09-24 23:44:13,45559,2024,9,NON TITO,,,JAWA TIMUR,1.0,RED,1463238651,AREA 3,JATIM,LAMONGAN,TUBAN BOJONEGORO,,,0,0,0,JAWA TIMUR,TUBAN,SEMANDING,BEKTIHARJO,TUBAN
8465668774,,ODP-TNZ-FAD/10,-6.918319,112.150135,,,0,8,0,0,8,REGIONAL 5,MADIUN,TUBAN,TNZ,,,2024-03-16 23:26:08,44620,2022,2,NON TITO,,,JAWA TIMUR,1.0,RED,1167120955,AREA 3,JATIM,LAMONGAN,TUBAN BOJONEGORO,,,0,0,0,JAWA TIMUR,TUBAN,PALANG,LERAN KULON,TUBAN
11757118991,,ODP-TNZ-FW/57,-6.940511,112.046787,,,0,8,0,0,8,REGIONAL 5,MADIUN,TUBAN,TNZ,,,2024-09-24 23:43:58,45559,2024,9,NON TITO,,,JAWA TIMUR,1.0,RED,1463238653,AREA 3,JATIM,LAMONGAN,TUBAN BOJONEGORO,,,0,0,0,JAWA TIMUR,TUBAN,SEMANDING,BEKTIHARJO,TUBAN
11794393624,,ODP-TNZ-FR/19,-6.895648,112.06171,,,0,8,0,0,8,REGIONAL 5,MADIUN,TUBAN,TNZ,,,2024-09-27 17:38:18,45561,2024,9,NON TITO,,,JAWA TIMUR,1.0,RED,1463253285,AREA 3,JATIM,LAMONGAN,TUBAN BOJONEGORO,,,0,0,0,JAWA TIMUR,TUBAN,TUBAN,SIDOMULYO,TUBAN
8465668749,,ODP-TNZ-FAD/08,-6.921058,112.145645,,,0,8,0,0,8,REGIONAL 5,MADIUN,TUBAN,TNZ,,,2024-03-16 23:26:10,44620,2022,2,NON TITO,,,JAWA TIMUR,1.0,RED,1167120940,AREA 3,JATIM,LAMONGAN,TUBAN BOJONEGORO,,,0,0,0,JAWA TIMUR,TUBAN,PALANG,LERAN KULON,TUBAN
8465668744,,ODP-TNZ-FAD/03,-6.923597,112.140392,,,0,8,0,0,8,REGIONAL 5,MADIUN,TUBAN,TNZ,,,2024-03-16 23:26:02,44620,2022,2,NON TITO,,,JAWA TIMUR,1.0,RED,1167120937,AREA 3,JATIM,LAMONGAN,TUBAN BOJONEGORO,,,0,0,0,JAWA TIMUR,TUBAN,PALANG,PUCANGAN,TUBAN
8465668739,,ODP-TNZ-FAD/07,-6.920791,112.143602,,,0,8,0,0,8,REGIONAL 5,MADIUN,TUBAN,TNZ,,,2024-03-16 23:25:17,44620,2022,2,NON TITO,,,JAWA TIMUR,1.0,RED,1167120934,AREA 3,JATIM,LAMONGAN,TUBAN BOJONEGORO,,,0,0,0,JAWA TIMUR,TUBAN,PALANG,LERAN KULON,TUBAN
8470393676,,ODP-TNZ-FAB/08,-6.902633,112.094812,,,0,8,0,0,8,REGIONAL 5,MADIUN,TUBAN,TNZ,,,2024-03-16 23:28:36,44615,2022,2,NON TITO,,,JAWA TIMUR,1.0,RED,1166822572,AREA 3,JATIM,LAMONGAN,TUBAN BOJONEGORO,,,0,0,0,JAWA TIMUR,TUBAN,PALANG,TASIKMADU,TUBAN
8470393666,,ODP-TNZ-FAB/15,-6.90705,112.104334,,,0,8,0,0,8,REGIONAL 5,MADIUN,TUBAN,TNZ,,,2024-03-16 23:28:39,44615,2022,2,NON TITO,,,JAWA TIMUR,1.0,RED,1166822566,AREA 3,JATIM,LAMONGAN,TUBAN BOJONEGORO,,,0,0,0,JAWA TIMUR,TUBAN,PALANG,SUMURGUNG,TUBAN
8470393651,,ODP-TNZ-FAB/12,-6.907021,112.098414,,,0,8,0,0,8,REGIONAL 5,MADIUN,TUBAN,TNZ,,,2024-03-16 23:28:12,44615,2022,2,NON TITO,,,JAWA TIMUR,1.0,RED,1166822557,AREA 3,JATIM,LAMONGAN,TUBAN BOJONEGORO,,,0,0,0,JAWA TIMUR,TUBAN,PALANG,TASIKMADU,TUBAN
8470393631,,ODP-TNZ-FAB/16,-6.907685,112.106198,,,0,8,0,0,8,REGIONAL 5,MADIUN,TUBAN,TNZ,,,2024-03-16 23:28:36,44615,2022,2,NON TITO,,,JAWA TIMUR,1.0,RED,1166822545,AREA 3,JATIM,LAMONGAN,TUBAN BOJONEGORO,,,0,0,0,JAWA TIMUR,TUBAN,PALANG,SUMURGUNG,TUBAN
8470393601,,ODP-TNZ-FAB/13,-6.907669,112.100152,,,0,8,0,0,8,REGIONAL 5,MADIUN,TUBAN,TNZ,,,2024-03-16 23:28:25,44615,2022,2,NON TITO,,,JAWA TIMUR,1.0,RED,1166822523,AREA 3,JATIM,LAMONGAN,TUBAN BOJONEGORO,,,0,0,0,JAWA TIMUR,TUBAN,PALANG,TASIKMADU,TUBAN
11802193547,,ODP-BCR-FAC/64,-6.75643,111.693328,,,0,8,0,0,8,REGIONAL 5,MADIUN,TUBAN,BCR,,,2024-09-30 17:27:50,45565,2024,9,NON TITO,,,JAWA TIMUR,1.0,RED,1463269560,AREA 3,JATIM,LAMONGAN,TUBAN BOJONEGORO,,,0,0,0,JAWA TIMUR,TUBAN,BANCAR,SUKOLILO,TUBAN
8461170089,,ODP-RGL-FAJ/03,-7.100335,111.923157,,,0,8,0,0,8,REGIONAL 5,MADIUN,TUBAN,RGL,,,2024-03-16 23:23:30,44622,2022,3,NON TITO,,,JAWA TIMUR,1.0,RED,1168332096,AREA 3,JATIM,LAMONGAN,TUBAN BOJONEGORO,,,0,0,0,JAWA TIMUR,TUBAN,SOKO,PRAMBONTERGOYANG,TUBAN
8415571022,,ODP-MRR-FAB/72,-6.825196,111.994516,,,0,16,0,0,16,REGIONAL 5,MADIUN,TUBAN,MRR,,,2024-03-16 23:28:26,44601,2022,2,NON TITO,,,JAWA TIMUR,1.0,RED,1165404012,AREA 3,JATIM,LAMONGAN,TUBAN BOJONEGORO,,,0,0,0,JAWA TIMUR,TUBAN,JENU,BEJI,TUBAN
8461170095,,ODP-RGL-FAJ/04,-7.097976,111.922803,,,0,8,0,0,8,REGIONAL 5,MADIUN,TUBAN,RGL,,,2024-03-16 23:23:33,44622,2022,3,NON TITO,,,JAWA TIMUR,1.0,RED,1168332100,AREA 3,JATIM,LAMONGAN,TUBAN BOJONEGORO,,,0,0,0,JAWA TIMUR,TUBAN,SOKO,PRAMBONTERGOYANG,TUBAN
7054019095,,ODP-KRK-FB/29,-6.947304,111.895719,,,0,8,0,0,8,REGIONAL 5,MADIUN,TUBAN,KRK,,,2023-08-30 18:06:40,44382,2021,7,NON TITO,,,JAWA TIMUR,1.0,RED,947000779,AREA 3,JATIM,LAMONGAN,TUBAN BOJONEGORO,,,0,0,0,JAWA TIMUR,TUBAN,MONTONG,PUCANGAN,TUBAN
8499270245,,ODP-TNZ-FW/07,-6.914118,112.066086,,,0,8,0,0,8,REGIONAL 5,MADIUN,TUBAN,TNZ,,,2024-03-16 23:26:27,44633,2022,3,NON TITO,,,JAWA TIMUR,1.0,RED,1168728630,AREA 3,JATIM,LAMONGAN,TUBAN BOJONEGORO,,,0,0,0,JAWA TIMUR,TUBAN,SEMANDING,BEJAGUNG,TUBAN
8499270230,,ODP-TNZ-FW/10,-6.916707,112.064315,,,0,8,0,0,8,REGIONAL 5,MADIUN,TUBAN,TNZ,,,2024-03-16 23:26:01,44633,2022,3,NON TITO,,,JAWA TIMUR,1.0,RED,1168728621,AREA 3,JATIM,LAMONGAN,TUBAN BOJONEGORO,,,0,0,0,JAWA TIMUR,TUBAN,SEMANDING,BEJAGUNG,TUBAN
8499270225,,ODP-TNZ-FW/11,-6.918511,112.06414,,,0,8,0,0,8,REGIONAL 5,MADIUN,TUBAN,TNZ,,,2024-03-16 23:26:00,44633,2022,3,NON TITO,,,JAWA TIMUR,1.0,RED,1168728618,AREA 3,JATIM,LAMONGAN,TUBAN BOJONEGORO,,,0,0,0,JAWA TIMUR,TUBAN,SEMANDING,BEJAGUNG,TUBAN
8502044700,,ODP-KRK-FH/03,-6.956687,111.907674,,,0,8,0,0,8,REGIONAL 5,MADIUN,TUBAN,KRK,,,2024-03-16 23:21:04,44632,2022,3,NON TITO,,,JAWA TIMUR,1.0,RED,1168722680,AREA 3,JATIM,LAMONGAN,TUBAN BOJONEGORO,,,0,0,0,JAWA TIMUR,TUBAN,MONTONG,JETAK,TUBAN
408595081,,ODP-TNZ-FC/21,-6.8981,112.0545,,,0,8,0,0,8,REGIONAL 5,MADIUN,TUBAN,TNZ,,,2023-08-30 18:02:59,42506,2016,5,NON TITO,,,JAWA TIMUR,1.0,RED,25485651,AREA 3,JATIM,LAMONGAN,TUBAN BOJONEGORO,,,0,0,0,JAWA TIMUR,TUBAN,TUBAN,SIDOREJO,TUBAN
11682199613,,ODP-TNZ-FV/63,-6.920754,112.064355,,,0,8,0,0,8,REGIONAL 5,MADIUN,TUBAN,TNZ,,,2024-08-29 17:26:56,45532,2024,8,NON TITO,,,JAWA TIMUR,1.0,RED,1459164581,AREA 3,JATIM,LAMONGAN,TUBAN BOJONEGORO,,,0,0,0,JAWA TIMUR,TUBAN,SEMANDING,BEJAGUNG,TUBAN
8502044396,,ODP-TNZ-FAC/02,-6.945431,112.085322,,,0,8,0,0,8,REGIONAL 5,MADIUN,TUBAN,TNZ,,,2024-03-16 23:24:25,44631,2022,3,NON TITO,,,JAWA TIMUR,1.0,RED,1168719161,AREA 3,JATIM,LAMONGAN,TUBAN BOJONEGORO,,,0,0,0,JAWA TIMUR,TUBAN,SEMANDING,KOWANG,TUBAN
11679269060,,ODP-TNZ-FL/36,-6.903212,112.0549,,,0,8,0,0,8,REGIONAL 5,MADIUN,TUBAN,TNZ,,,2024-08-29 17:27:04,45533,2024,8,NON TITO,,,JAWA TIMUR,1.0,RED,1459236414,AREA 3,JATIM,LAMONGAN,TUBAN BOJONEGORO,,,0,0,0,JAWA TIMUR,TUBAN,TUBAN,SIDOREJO,TUBAN
8502044376,,ODP-TNZ-FAC/11,-6.933831,112.092606,,,0,8,0,0,8,REGIONAL 5,MADIUN,TUBAN,TNZ,,,2024-03-16 23:24:00,44631,2022,3,NON TITO,,,JAWA TIMUR,1.0,RED,1168719148,AREA 3,JATIM,LAMONGAN,TUBAN BOJONEGORO,,,0,0,0,JAWA TIMUR,TUBAN,SEMANDING,GEDONGOMBO,TUBAN
8502044366,,ODP-TNZ-FAC/13,-6.934899,112.090941,,,0,8,0,0,8,REGIONAL 5,MADIUN,TUBAN,TNZ,,,2024-03-16 23:24:19,44631,2022,3,NON TITO,,,JAWA TIMUR,1.0,RED,1168719142,AREA 3,JATIM,LAMONGAN,TUBAN BOJONEGORO,,,0,0,0,JAWA TIMUR,TUBAN,SEMANDING,GEDONGOMBO,TUBAN
11720218528,,ODP-KRK-FE/60,-6.893354,111.885656,,,0,8,0,0,8,REGIONAL 5,MADIUN,TUBAN,KRK,,,2024-09-07 17:28:54,45541,2024,9,NON TITO,,,JAWA TIMUR,1.0,RED,1459415973,AREA 3,JATIM,LAMONGAN,TUBAN BOJONEGORO,,,0,0,0,JAWA TIMUR,TUBAN,KEREK,MARGOMULYO,TUBAN
8502044356,,ODP-TNZ-FAC/17,-6.936621,112.090381,,,0,8,0,0,8,REGIONAL 5,MADIUN,TUBAN,TNZ,,,2024-03-16 23:24:10,44631,2022,3,NON TITO,,,JAWA TIMUR,1.0,RED,1168719130,AREA 3,JATIM,LAMONGAN,TUBAN BOJONEGORO,,,0,0,0,JAWA TIMUR,TUBAN,SEMANDING,GEDONGOMBO,TUBAN
11740018656,,ODP-TNZ-FD/99,-6.899288,112.06354,,,0,8,0,0,8,REGIONAL 5,MADIUN,TUBAN,TNZ,,,2024-09-18 17:30:57,45552,2024,9,NON TITO,,,JAWA TIMUR,1.0,RED,1463063876,AREA 3,JATIM,LAMONGAN,TUBAN BOJONEGORO,,,0,0,0,JAWA TIMUR,TUBAN,TUBAN,KUTOREJO,TUBAN
8502044331,,ODP-TNZ-FAC/06,-6.941739,112.086187,,,0,8,0,0,8,REGIONAL 5,MADIUN,TUBAN,TNZ,,,2024-03-16 23:24:15,44631,2022,3,NON TITO,,,JAWA TIMUR,1.0,RED,1168719114,AREA 3,JATIM,LAMONGAN,TUBAN BOJONEGORO,,,0,0,0,JAWA TIMUR,TUBAN,SEMANDING,KOWANG,TUBAN
8502044314,,ODP-TNZ-FAC/09,-6.939081,112.084641,,,0,8,0,0,8,REGIONAL 5,MADIUN,TUBAN,TNZ,,,2024-03-16 23:23:56,44631,2022,3,NON TITO,,,JAWA TIMUR,1.0,RED,1168719104,AREA 3,JATIM,LAMONGAN,TUBAN BOJONEGORO,,,0,0,0,JAWA TIMUR,TUBAN,SEMANDING,KOWANG,TUBAN
8502044306,,ODP-TNZ-FAC/15,-6.934797,112.088722,,,0,8,0,0,8,REGIONAL 5,MADIUN,TUBAN,TNZ,,,2024-03-16 23:24:15,44631,2022,3,NON TITO,,,JAWA TIMUR,1.0,RED,1168719097,AREA 3,JATIM,LAMONGAN,TUBAN BOJONEGORO,,,0,0,0,JAWA TIMUR,TUBAN,SEMANDING,GEDONGOMBO,TUBAN
9339496364,,ODP-JTR-FH/01,-6.854225,111.631168,,,0,8,0,0,8,REGIONAL 5,MADIUN,TUBAN,JTR,,,2024-03-16 23:22:47,44838,2022,10,NON TITO,,,JAWA TIMUR,1.0,RED,1230076326,AREA 3,JATIM,LAMONGAN,TUBAN BOJONEGORO,,,0,0,0,JAWA TIMUR,TUBAN,JATIROGO,WANGI,TUBAN
5607870313,,ODP-MRR-FAF/01,-6.774953,111.955683,,,0,16,0,0,16,REGIONAL 5,MADIUN,TUBAN,MRR,,,2024-03-16 23:28:33,44133,2020,10,NON TITO,,,JAWA TIMUR,1.0,RED,855893537,AREA 3,JATIM,LAMONGAN,TUBAN BOJONEGORO,,,0,0,0,JAWA TIMUR,TUBAN,JENU,REMEN,TUBAN
2262796168,,ODP-TNZ-FN/12,-6.897835,112.058737,,,0,8,0,0,8,REGIONAL 5,MADIUN,TUBAN,TNZ,,,2024-03-16 23:22:59,43153,2018,2,NON TITO,,,JAWA TIMUR,1.0,RED,324017442,AREA 3,JATIM,LAMONGAN,TUBAN BOJONEGORO,,,0,0,0,JAWA TIMUR,TUBAN,TUBAN,SIDOMULYO,TUBAN
2238793622,,ODP-KRK-FE/22,-6.889284,111.887576,,,0,8,0,0,8,REGIONAL 5,MADIUN,TUBAN,KRK,,,2024-03-16 23:23:45,43144,2018,2,NON TITO,,,JAWA TIMUR,1.0,RED,323487981,AREA 3,JATIM,LAMONGAN,TUBAN BOJONEGORO,,,0,0,0,JAWA TIMUR,TUBAN,KEREK,MARGOMULYO,TUBAN
2252519056,,ODP-TNZ-FL/13,-6.901556,112.050899,,,0,8,0,0,8,REGIONAL 5,MADIUN,TUBAN,TNZ,,,2024-03-16 23:24:15,43151,2018,2,NON TITO,,,JAWA TIMUR,1.0,RED,323893426,AREA 3,JATIM,LAMONGAN,TUBAN BOJONEGORO,,,0,0,0,JAWA TIMUR,TUBAN,TUBAN,SIDOREJO,TUBAN
3106844631,,ODP-JTR-FF/36,-6.890699,111.666192,,,0,16,0,0,16,REGIONAL 5,MADIUN,TUBAN,JTR,,,2024-03-16 23:24:55,43420,2018,11,NON TITO,,,JAWA TIMUR,1.0,RED,406371100,AREA 3,JATIM,LAMONGAN,TUBAN BOJONEGORO,,,0,0,0,JAWA TIMUR,TUBAN,JATIROGO,SUGIHAN,TUBAN
2238793627,,ODP-KRK-FE/16,-6.896229,111.887433,,,0,8,0,0,8,REGIONAL 5,MADIUN,TUBAN,KRK,,,2024-03-16 23:23:44,43144,2018,2,NON TITO,,,JAWA TIMUR,1.0,RED,323487984,AREA 3,JATIM,LAMONGAN,TUBAN BOJONEGORO,,,0,0,0,JAWA TIMUR,TUBAN,KEREK,MARGOMULYO,TUBAN
819869001,,ODP-TNZ-FF/08,-6.891919,112.057205,,,0,8,0,0,8,REGIONAL 5,MADIUN,TUBAN,TNZ,,,2024-03-16 23:28:23,42600,2016,8,NON TITO,,,JAWA TIMUR,1.0,RED,34379150,AREA 3,JATIM,LAMONGAN,TUBAN BOJONEGORO,,,0,0,0,JAWA TIMUR,TUBAN,TUBAN,KINGKING,TUBAN
2238793632,,ODP-KRK-FE/25,-6.894096,111.88554,,,0,16,0,0,16,REGIONAL 5,MADIUN,TUBAN,KRK,,,2024-03-16 23:23:28,43144,2018,2,NON TITO,,,JAWA TIMUR,1.0,RED,323487989,AREA 3,JATIM,LAMONGAN,TUBAN BOJONEGORO,,,0,0,0,JAWA TIMUR,TUBAN,KEREK,MARGOMULYO,TUBAN
3074818876,,ODP-MRR-FAA/42,-6.879376,111.983002,,,0,8,0,0,8,REGIONAL 5,MADIUN,TUBAN,MRR,,,2024-03-16 23:25:21,43410,2018,11,NON TITO,,,JAWA TIMUR,1.0,RED,406100699,AREA 3,JATIM,LAMONGAN,TUBAN BOJONEGORO,,,0,0,0,JAWA TIMUR,TUBAN,MERAKURAK,TUWIRI WETAN,TUBAN
2201594588,,ODP-RGL-FAD/11,-7.097087,111.960853,,,0,8,0,0,8,REGIONAL 5,MADIUN,TUBAN,RGL,,,2024-03-16 23:23:35,43132,2018,2,NON TITO,,,JAWA TIMUR,1.0,RED,305414845,AREA 3,JATIM,LAMONGAN,TUBAN BOJONEGORO,,,0,0,0,JAWA TIMUR,TUBAN,SOKO,SUMURCINDE,TUBAN
1487819825,,ODP-TNZ-FK/10,-6.912151,112.090496,,,0,8,0,0,8,REGIONAL 5,MADIUN,TUBAN,TNZ,,,2024-03-16 23:21:54,42879,2017,5,NON TITO,,,JAWA TIMUR,1.0,RED,129987246,AREA 3,JATIM,LAMONGAN,TUBAN BOJONEGORO,,,0,0,0,JAWA TIMUR,TUBAN,PALANG,TASIKMADU,TUBAN
2481795476,,ODP-TNZ-FJ/36,-6.902795,112.150603,,,0,8,0,0,8,REGIONAL 5,MADIUN,TUBAN,TNZ,,,2024-03-16 23:24:35,43222,2018,5,NON TITO,,,JAWA TIMUR,1.0,RED,353722715,AREA 3,JATIM,LAMONGAN,TUBAN BOJONEGORO,,,0,0,0,JAWA TIMUR,TUBAN,PALANG,LERAN KULON,TUBAN
3074369455,,ODP-TNZ-FK/58,-6.918597,112.07914,,,0,8,0,0,8,REGIONAL 5,MADIUN,TUBAN,TNZ,,,2024-03-16 23:28:00,43409,2018,11,NON TITO,,,JAWA TIMUR,1.0,RED,406094325,AREA 3,JATIM,LAMONGAN,TUBAN BOJONEGORO,,,0,0,0,JAWA TIMUR,TUBAN,SEMANDING,GEDONGOMBO,TUBAN
2238793749,,ODP-KRK-FE/17,-6.895641,111.885425,,,0,8,0,0,8,REGIONAL 5,MADIUN,TUBAN,KRK,,,2024-03-16 23:23:29,43144,2018,2,NON TITO,,,JAWA TIMUR,1.0,RED,323488086,AREA 3,JATIM,LAMONGAN,TUBAN BOJONEGORO,,,0,0,0,JAWA TIMUR,TUBAN,KEREK,MARGOMULYO,TUBAN
3074369420,,ODP-TNZ-FK/59,-6.911811,112.082332,,,0,8,0,0,8,REGIONAL 5,MADIUN,TUBAN,TNZ,,,2024-03-16 23:27:48,43409,2018,11,NON TITO,,,JAWA TIMUR,1.0,RED,406094304,AREA 3,JATIM,LAMONGAN,TUBAN BOJONEGORO,,,0,0,0,JAWA TIMUR,TUBAN,SEMANDING,GEDONGOMBO,TUBAN
3074369385,,ODP-TNZ-FK/55,-6.919692,112.079137,,,0,8,0,0,8,REGIONAL 5,MADIUN,TUBAN,TNZ,,,2024-03-16 23:26:54,43409,2018,11,NON TITO,,,JAWA TIMUR,1.0,RED,406094281,AREA 3,JATIM,LAMONGAN,TUBAN BOJONEGORO,,,0,0,0,JAWA TIMUR,TUBAN,SEMANDING,GEDONGOMBO,TUBAN
830593648,,ODP-TNZ-FD/60,-6.90115,112.060521,,,0,8,0,0,8,REGIONAL 5,MADIUN,TUBAN,TNZ,,,2024-03-16 23:24:24,42605,2016,8,NON TITO,,,JAWA TIMUR,1.0,RED,34398232,AREA 3,JATIM,LAMONGAN,TUBAN BOJONEGORO,,,0,0,0,JAWA TIMUR,TUBAN,TUBAN,KEBONSARI,TUBAN
3074369320,,ODP-TNZ-FK/57,-6.919016,112.079016,,,0,8,0,0,8,REGIONAL 5,MADIUN,TUBAN,TNZ,,,2024-03-16 23:27:49,43409,2018,11,NON TITO,,,JAWA TIMUR,1.0,RED,406094241,AREA 3,JATIM,LAMONGAN,TUBAN BOJONEGORO,,,0,0,0,JAWA TIMUR,TUBAN,SEMANDING,GEDONGOMBO,TUBAN
3074369495,,ODP-TNZ-FK/56,-6.919288,112.078885,,,0,8,0,0,8,REGIONAL 5,MADIUN,TUBAN,TNZ,,,2024-03-16 23:27:58,43409,2018,11,NON TITO,,,JAWA TIMUR,1.0,RED,406094349,AREA 3,JATIM,LAMONGAN,TUBAN BOJONEGORO,,,0,0,0,JAWA TIMUR,TUBAN,SEMANDING,GEDONGOMBO,TUBAN
3074369315,,ODP-TNZ-FK/54,-6.917734,112.078699,,,0,16,0,0,16,REGIONAL 5,MADIUN,TUBAN,TNZ,,,2024-03-16 23:26:58,43409,2018,11,NON TITO,,,JAWA TIMUR,1.0,RED,406094238,AREA 3,JATIM,LAMONGAN,TUBAN BOJONEGORO,,,0,0,0,JAWA TIMUR,TUBAN,SEMANDING,GEDONGOMBO,TUBAN
5816668890,,ODP-TNZ-FZ/14,-6.876111,112.036403,,,0,8,0,0,8,REGIONAL 5,MADIUN,TUBAN,TNZ,,,2024-03-16 23:26:32,44188,2020,12,NON TITO,,,JAWA TIMUR,1.0,RED,858535184,AREA 3,JATIM,LAMONGAN,TUBAN BOJONEGORO,,,0,0,0,JAWA TIMUR,TUBAN,TUBAN,PERBON,TUBAN
3108496095,,ODP-JTR-FF/37,-6.889774,111.665526,,,0,8,0,0,8,REGIONAL 5,MADIUN,TUBAN,JTR,,,2024-03-16 23:28:30,43420,2018,11,NON TITO,,,JAWA TIMUR,1.0,RED,406372588,AREA 3,JATIM,LAMONGAN,TUBAN BOJONEGORO,,,0,0,0,JAWA TIMUR,TUBAN,JATIROGO,SUGIHAN,TUBAN
2201594308,,ODP-TNZ-FT/91,-6.889037,112.051185,,,0,8,0,0,8,REGIONAL 5,MADIUN,TUBAN,TNZ,,,2024-03-16 23:24:23,43132,2018,2,NON TITO,,,JAWA TIMUR,1.0,RED,305414735,AREA 3,JATIM,LAMONGAN,TUBAN BOJONEGORO,,,0,0,0,JAWA TIMUR,TUBAN,TUBAN,LATSARI,TUBAN
1487820072,,ODP-TNZ-FK/16,-6.910997,112.089909,,,0,8,0,0,8,REGIONAL 5,MADIUN,TUBAN,TNZ,,,2024-03-16 23:21:59,42879,2017,5,NON TITO,,,JAWA TIMUR,1.0,RED,129987423,AREA 3,JATIM,LAMONGAN,TUBAN BOJONEGORO,,,0,0,0,JAWA TIMUR,TUBAN,PALANG,TASIKMADU,TUBAN
3136997782,,ODP-RGL-FAD/34,-7.097623,111.925042,,,0,8,0,0,8,REGIONAL 5,MADIUN,TUBAN,RGL,,,2024-03-16 23:22:59,43434,2018,11,NON TITO,,,JAWA TIMUR,1.0,RED,406818271,AREA 3,JATIM,LAMONGAN,TUBAN BOJONEGORO,,,0,0,0,JAWA TIMUR,TUBAN,SOKO,PRAMBONTERGOYANG,TUBAN
3140295929,,ODP-RGL-FAB/30,-7.061342,112.003678,,,0,16,0,0,16,REGIONAL 5,MADIUN,TUBAN,RGL,,,2024-03-16 23:28:22,43433,2018,11,NON TITO,,,JAWA TIMUR,1.0,RED,406816104,AREA 3,JATIM,LAMONGAN,TUBAN BOJONEGORO,,,0,0,0,JAWA TIMUR,TUBAN,RENGEL,RENGEL,TUBAN
806894086,,ODP-TNZ-FG/29,-6.896597,112.035592,,,0,8,0,0,8,REGIONAL 5,MADIUN,TUBAN,TNZ,,,2024-03-16 23:27:58,42597,2016,8,NON TITO,,,JAWA TIMUR,1.0,RED,34368615,AREA 3,JATIM,LAMONGAN,TUBAN BOJONEGORO,,,0,0,0,JAWA TIMUR,TUBAN,TUBAN,KEMBANGBILO,TUBAN
3171868647,,ODP-BCR-FAD/27,-6.801454,111.853127,,,0,8,0,0,8,REGIONAL 5,MADIUN,TUBAN,BCR,,,2024-03-16 23:28:50,43443,2018,12,NON TITO,,,JAWA TIMUR,1.0,RED,406510673,AREA 3,JATIM,LAMONGAN,TUBAN BOJONEGORO,,,0,0,0,JAWA TIMUR,TUBAN,TAMBAKBOYO,SOBONTORO,TUBAN
806894095,,ODP-TNZ-FG/30,-6.8967,112.036227,,,0,16,0,0,16,REGIONAL 5,MADIUN,TUBAN,TNZ,,,2024-03-16 23:27:57,42597,2016,8,NON TITO,,,JAWA TIMUR,1.0,RED,34368647,AREA 3,JATIM,LAMONGAN,TUBAN BOJONEGORO,,,0,0,0,JAWA TIMUR,TUBAN,TUBAN,KEMBANGBILO,TUBAN
819718568,,ODP-JTR-FC/03,-6.957753,111.71325,,,0,8,0,0,8,REGIONAL 5,MADIUN,TUBAN,JTR,,,2024-03-16 23:24:28,42599,2016,8,NON TITO,,,JAWA TIMUR,1.0,RED,34376701,AREA 3,JATIM,LAMONGAN,TUBAN BOJONEGORO,,,0,0,0,JAWA TIMUR,TUBAN,BANGILAN,SIDODADI,TUBAN
3171868552,,ODP-BCR-FAC/53,-6.770826,111.718442,,,0,8,0,0,8,REGIONAL 5,MADIUN,TUBAN,BCR,,,2024-03-16 23:28:59,43443,2018,12,NON TITO,,,JAWA TIMUR,1.0,RED,406510638,AREA 3,JATIM,LAMONGAN,TUBAN BOJONEGORO,,,0,0,0,JAWA TIMUR,TUBAN,BANCAR,BULUJOWO,TUBAN
2201594338,,ODP-TNZ-FT/47,-6.89158,112.045687,,,0,8,0,0,8,REGIONAL 5,MADIUN,TUBAN,TNZ,,,2024-03-16 23:23:50,43132,2018,2,NON TITO,,,JAWA TIMUR,1.0,RED,305414750,AREA 3,JATIM,LAMONGAN,TUBAN BOJONEGORO,,,0,0,0,JAWA TIMUR,TUBAN,TUBAN,LATSARI,TUBAN
2481795456,,ODP-TNZ-FJ/48,-6.901347,112.154306,,,0,8,0,0,8,REGIONAL 5,MADIUN,TUBAN,TNZ,,,2024-03-16 23:21:06,43222,2018,5,NON TITO,,,JAWA TIMUR,1.0,RED,353722708,AREA 3,JATIM,LAMONGAN,TUBAN BOJONEGORO,,,0,0,0,JAWA TIMUR,TUBAN,PALANG,LERAN KULON,TUBAN
2252519065,,ODP-TNZ-FS/05,-6.900007,112.065807,,,0,8,0,0,8,REGIONAL 5,MADIUN,TUBAN,TNZ,,,2024-03-16 23:24:19,43151,2018,2,NON TITO,,,JAWA TIMUR,1.0,RED,323893432,AREA 3,JATIM,LAMONGAN,TUBAN BOJONEGORO,,,0,0,0,JAWA TIMUR,TUBAN,TUBAN,SENDANGHARJO,TUBAN
813793963,,ODP-JTR-FC/09,-6.966543,111.715016,,,0,8,0,0,8,REGIONAL 5,MADIUN,TUBAN,JTR,,,2024-03-16 23:24:49,42598,2016,8,NON TITO,,,JAWA TIMUR,1.0,RED,34375370,AREA 3,JATIM,LAMONGAN,TUBAN BOJONEGORO,,,0,0,0,JAWA TIMUR,TUBAN,BANGILAN,BANGILAN,TUBAN
2252519062,,ODP-TNZ-FR/01,-6.896282,112.0645,,,0,8,0,0,8,REGIONAL 5,MADIUN,TUBAN,TNZ,,,2024-03-16 23:23:56,43151,2018,2,NON TITO,,,JAWA TIMUR,1.0,RED,323893430,AREA 3,JATIM,LAMONGAN,TUBAN BOJONEGORO,,,0,0,0,JAWA TIMUR,TUBAN,TUBAN,KUTOREJO,TUBAN
3106172491,,ODP-JTR-FE/18,-6.863285,111.616353,,,0,8,0,0,8,REGIONAL 5,MADIUN,TUBAN,JTR,,,2024-03-16 23:27:23,43420,2018,11,NON TITO,,,JAWA TIMUR,1.0,RED,406375364,AREA 3,JATIM,LAMONGAN,TUBAN BOJONEGORO,,,0,0,0,JAWA TIMUR,TUBAN,JATIROGO,KEBONHARJO,TUBAN
1487819828,,ODP-TNZ-FK/12,-6.911186,112.091063,,,0,8,0,0,8,REGIONAL 5,MADIUN,TUBAN,TNZ,,,2024-03-16 23:21:43,42879,2017,5,NON TITO,,,JAWA TIMUR,1.0,RED,129987248,AREA 3,JATIM,LAMONGAN,TUBAN BOJONEGORO,,,0,0,0,JAWA TIMUR,TUBAN,PALANG,TASIKMADU,TUBAN
2201594328,,ODP-TNZ-FT/82,-6.885097,112.048765,,,0,8,0,0,8,REGIONAL 5,MADIUN,TUBAN,TNZ,,,2024-03-16 23:23:59,43132,2018,2,NON TITO,,,JAWA TIMUR,1.0,RED,305414744,AREA 3,JATIM,LAMONGAN,TUBAN BOJONEGORO,,,0,0,0,JAWA TIMUR,TUBAN,JENU,SUGIHWARAS,TUBAN
3136997882,,ODP-RGL-FAD/36,-7.102932,111.941969,,,0,8,0,0,8,REGIONAL 5,MADIUN,TUBAN,RGL,,,2024-03-16 23:23:00,43434,2018,11,NON TITO,,,JAWA TIMUR,1.0,RED,406818301,AREA 3,JATIM,LAMONGAN,TUBAN BOJONEGORO,,,0,0,0,JAWA TIMUR,TUBAN,SOKO,BANGUNREJO,TUBAN
3063794396,,ODP-TNZ-FK/63,-6.957853,112.101229,,,0,8,0,0,8,REGIONAL 5,MADIUN,TUBAN,TNZ,,,2024-03-16 23:27:59,43407,2018,11,NON TITO,,,JAWA TIMUR,1.0,RED,406084988,AREA 3,JATIM,LAMONGAN,TUBAN BOJONEGORO,,,0,0,0,JAWA TIMUR,TUBAN,SEMANDING,TUNAH,TUBAN
3076468628,,ODP-RGL-FAD/29,-7.097702,111.916534,,,0,8,0,0,8,REGIONAL 5,MADIUN,TUBAN,RGL,,,2024-03-16 23:21:05,43410,2018,11,NON TITO,,,JAWA TIMUR,1.0,RED,406021682,AREA 3,JATIM,LAMONGAN,TUBAN BOJONEGORO,,,0,0,0,JAWA TIMUR,TUBAN,SOKO,PRAMBONTERGOYANG,TUBAN
842443538,,ODP-JTR-FAA/12,-6.885978,111.658734,,,0,16,0,0,16,REGIONAL 5,MADIUN,TUBAN,JTR,,,2024-03-16 23:22:24,42607,2016,8,NON TITO,,,JAWA TIMUR,1.0,RED,34404124,AREA 3,JATIM,LAMONGAN,TUBAN BOJONEGORO,,,0,0,0,JAWA TIMUR,TUBAN,JATIROGO,WOTSOGO,TUBAN
842368700,,ODP-MRR-FAB/10,-6.83312,112.004567,,,0,16,0,0,16,REGIONAL 5,MADIUN,TUBAN,MRR,,,2024-03-16 23:28:35,42607,2016,8,NON TITO,,,JAWA TIMUR,1.0,RED,34404130,AREA 3,JATIM,LAMONGAN,TUBAN BOJONEGORO,,,0,0,0,JAWA TIMUR,TUBAN,JENU,JENU,TUBAN
3046396440,,ODP-MRR-FAA/56,-6.87826,111.981978,,,0,8,0,0,8,REGIONAL 5,MADIUN,TUBAN,MRR,,,2024-03-16 23:25:39,43402,2018,10,NON TITO,,,JAWA TIMUR,1.0,RED,405924324,AREA 3,JATIM,LAMONGAN,TUBAN BOJONEGORO,,,0,0,0,JAWA TIMUR,TUBAN,MERAKURAK,TUWIRI WETAN,TUBAN
842368726,,ODP-MRR-FAB/11,-6.832685,112.003377,,,0,16,0,0,16,REGIONAL 5,MADIUN,TUBAN,MRR,,,2024-03-16 23:29:03,42607,2016,8,NON TITO,,,JAWA TIMUR,1.0,RED,34404233,AREA 3,JATIM,LAMONGAN,TUBAN BOJONEGORO,,,0,0,0,JAWA TIMUR,TUBAN,JENU,BEJI,TUBAN
842368771,,ODP-MRR-FAB/12,-6.83097,112.003963,,,0,16,0,0,16,REGIONAL 5,MADIUN,TUBAN,MRR,,,2024-03-16 23:28:39,42607,2016,8,NON TITO,,,JAWA TIMUR,1.0,RED,34404468,AREA 3,JATIM,LAMONGAN,TUBAN BOJONEGORO,,,0,0,0,JAWA TIMUR,TUBAN,JENU,BEJI,TUBAN
3046396271,,ODP-MRR-FAA/48,-6.870444,111.971465,,,0,8,0,0,8,REGIONAL 5,MADIUN,TUBAN,MRR,,,2024-03-16 23:26:22,43402,2018,10,NON TITO,,,JAWA TIMUR,1.0,RED,405924185,AREA 3,JATIM,LAMONGAN,TUBAN BOJONEGORO,,,0,0,0,JAWA TIMUR,TUBAN,MERAKURAK,BOREHBANGLE,TUBAN
2238793907,,ODP-KRK-FE/12,-6.895949,111.890916,,,0,8,0,0,8,REGIONAL 5,MADIUN,TUBAN,KRK,,,2024-03-16 23:23:04,43144,2018,2,NON TITO,,,JAWA TIMUR,1.0,RED,323488215,AREA 3,JATIM,LAMONGAN,TUBAN BOJONEGORO,,,0,0,0,JAWA TIMUR,TUBAN,KEREK,MARGOMULYO,TUBAN
3046396525,,ODP-MRR-FAA/55,-6.876659,111.980697,,,0,8,0,0,8,REGIONAL 5,MADIUN,TUBAN,MRR,,,2024-03-16 23:26:26,43402,2018,10,NON TITO,,,JAWA TIMUR,1.0,RED,405924399,AREA 3,JATIM,LAMONGAN,TUBAN BOJONEGORO,,,0,0,0,JAWA TIMUR,TUBAN,MERAKURAK,TUWIRI WETAN,TUBAN
3046396266,,ODP-MRR-FAA/53,-6.873949,111.978462,,,0,8,0,0,8,REGIONAL 5,MADIUN,TUBAN,MRR,,,2024-03-16 23:25:30,43402,2018,10,NON TITO,,,JAWA TIMUR,1.0,RED,405924178,AREA 3,JATIM,LAMONGAN,TUBAN BOJONEGORO,,,0,0,0,JAWA TIMUR,TUBAN,MERAKURAK,TUWIRI WETAN,TUBAN
3046396241,,ODP-RGL-FAB/23,-7.063114,112.002587,,,0,16,0,0,16,REGIONAL 5,MADIUN,TUBAN,RGL,,,2024-03-16 23:25:12,43402,2018,10,NON TITO,,,JAWA TIMUR,1.0,RED,405924160,AREA 3,JATIM,LAMONGAN,TUBAN BOJONEGORO,,,0,0,0,JAWA TIMUR,TUBAN,RENGEL,RENGEL,TUBAN
2252519047,,ODP-TNZ-FR/16,-6.896029,112.063201,,,0,8,0,0,8,REGIONAL 5,MADIUN,TUBAN,TNZ,,,2024-03-16 23:24:18,43151,2018,2,NON TITO,,,JAWA TIMUR,1.0,RED,323893420,AREA 3,JATIM,LAMONGAN,TUBAN BOJONEGORO,,,0,0,0,JAWA TIMUR,TUBAN,TUBAN,KUTOREJO,TUBAN
1487819615,,ODP-TNZ-FK/03,-6.909745,112.092145,,,0,8,0,0,8,REGIONAL 5,MADIUN,TUBAN,TNZ,,,2024-03-16 23:29:18,42879,2017,5,NON TITO,,,JAWA TIMUR,1.0,RED,129987119,AREA 3,JATIM,LAMONGAN,TUBAN BOJONEGORO,,,0,0,0,JAWA TIMUR,TUBAN,PALANG,TASIKMADU,TUBAN
843493808,,ODP-MRR-FAB/17,-6.83194,112.00142,,,0,16,0,0,16,REGIONAL 5,MADIUN,TUBAN,MRR,,,2024-03-16 23:23:48,42607,2016,8,NON TITO,,,JAWA TIMUR,1.0,RED,34406270,AREA 3,JATIM,LAMONGAN,TUBAN BOJONEGORO,,,0,0,0,JAWA TIMUR,TUBAN,JENU,BEJI,TUBAN
3046396196,,ODP-MRR-FAA/44,-6.871156,111.961374,,,0,8,0,0,8,REGIONAL 5,MADIUN,TUBAN,MRR,,,2024-03-16 23:26:17,43402,2018,10,NON TITO,,,JAWA TIMUR,1.0,RED,405924127,AREA 3,JATIM,LAMONGAN,TUBAN BOJONEGORO,,,0,0,0,JAWA TIMUR,TUBAN,MERAKURAK,SENORI,TUBAN
838843806,,ODP-JTR-FAA/20,-6.880754,111.651772,,,0,8,0,0,8,REGIONAL 5,MADIUN,TUBAN,JTR,,,2024-03-16 23:24:27,42606,2016,8,NON TITO,,,JAWA TIMUR,1.0,RED,34700175,AREA 3,JATIM,LAMONGAN,TUBAN BOJONEGORO,,,0,0,0,JAWA TIMUR,TUBAN,JATIROGO,SADANG,TUBAN
838843834,,ODP-JTR-FAA/18,-6.87792,111.647889,,,0,8,0,0,8,REGIONAL 5,MADIUN,TUBAN,JTR,,,2024-03-16 23:24:02,42606,2016,8,NON TITO,,,JAWA TIMUR,1.0,RED,34700339,AREA 3,JATIM,LAMONGAN,TUBAN BOJONEGORO,,,0,0,0,JAWA TIMUR,TUBAN,JATIROGO,PASEYAN,TUBAN
842443575,,ODP-JTR-FAA/10,-6.886701,111.659879,,,0,8,0,0,8,REGIONAL 5,MADIUN,TUBAN,JTR,,,2024-03-16 23:23:05,42607,2016,8,NON TITO,,,JAWA TIMUR,1.0,RED,34404509,AREA 3,JATIM,LAMONGAN,TUBAN BOJONEGORO,,,0,0,0,JAWA TIMUR,TUBAN,JATIROGO,SUGIHAN,TUBAN
3046770214,,ODP-RGL-FAF/04,-7.006913,112.109182,,,0,8,0,0,8,REGIONAL 5,MADIUN,TUBAN,RGL,,,2024-03-16 23:29:18,43404,2018,10,NON TITO,,,JAWA TIMUR,1.0,RED,406063377,AREA 3,JATIM,LAMONGAN,TUBAN BOJONEGORO,,,0,0,0,JAWA TIMUR,TUBAN,PLUMPANG,SUMBERAGUNG,TUBAN
842368674,,ODP-MRR-FAB/09,-6.8333,112.0053,,,0,8,0,0,8,REGIONAL 5,MADIUN,TUBAN,MRR,,,2024-03-16 23:29:05,42607,2016,8,NON TITO,,,JAWA TIMUR,1.0,RED,34404089,AREA 3,JATIM,LAMONGAN,TUBAN BOJONEGORO,,,0,0,0,JAWA TIMUR,TUBAN,JENU,JENU,TUBAN
842368606,,ODP-MRR-FAB/07,-6.829939,112.006351,,,0,8,0,0,8,REGIONAL 5,MADIUN,TUBAN,MRR,,,2024-03-16 23:28:00,42607,2016,8,NON TITO,,,JAWA TIMUR,1.0,RED,34403942,AREA 3,JATIM,LAMONGAN,TUBAN BOJONEGORO,,,0,0,0,JAWA TIMUR,TUBAN,JENU,BEJI,TUBAN
838843867,,ODP-JTR-FAA/17,-6.88225,111.65387,,,0,8,0,0,8,REGIONAL 5,MADIUN,TUBAN,JTR,,,2024-03-16 23:24:21,42606,2016,8,NON TITO,,,JAWA TIMUR,1.0,RED,34401808,AREA 3,JATIM,LAMONGAN,TUBAN BOJONEGORO,,,0,0,0,JAWA TIMUR,TUBAN,JATIROGO,WOTSOGO,TUBAN
2252519053,,ODP-TNZ-FQ/12,-6.903035,112.057635,,,0,8,0,0,8,REGIONAL 5,MADIUN,TUBAN,TNZ,,,2024-03-16 23:24:10,43151,2018,2,NON TITO,,,JAWA TIMUR,1.0,RED,323893424,AREA 3,JATIM,LAMONGAN,TUBAN BOJONEGORO,,,0,0,0,JAWA TIMUR,TUBAN,TUBAN,SIDOREJO,TUBAN
2238793834,,ODP-KRK-FE/10,-6.897098,111.885333,,,0,8,0,0,8,REGIONAL 5,MADIUN,TUBAN,KRK,,,2024-03-16 23:23:33,43144,2018,2,NON TITO,,,JAWA TIMUR,1.0,RED,323488154,AREA 3,JATIM,LAMONGAN,TUBAN BOJONEGORO,,,0,0,0,JAWA TIMUR,TUBAN,KEREK,MARGOMULYO,TUBAN
838993689,,ODP-JTR-FAA/14,-6.887155,111.656712,,,0,8,0,0,8,REGIONAL 5,MADIUN,TUBAN,JTR,,,2024-03-16 23:28:55,42606,2016,8,NON TITO,,,JAWA TIMUR,1.0,RED,34402893,AREA 3,JATIM,LAMONGAN,TUBAN BOJONEGORO,,,0,0,0,JAWA TIMUR,TUBAN,JATIROGO,WOTSOGO,TUBAN
3046770415,,ODP-RGL-FAF/03,-7.009875,112.108065,,,0,8,0,0,8,REGIONAL 5,MADIUN,TUBAN,RGL,,,2024-03-16 23:28:21,43404,2018,10,NON TITO,,,JAWA TIMUR,1.0,RED,405989153,AREA 3,JATIM,LAMONGAN,TUBAN BOJONEGORO,,,0,0,0,JAWA TIMUR,TUBAN,PLUMPANG,SUMBERAGUNG,TUBAN
842368528,,ODP-MRR-FAB/02,-6.84037,112.0022,,,0,16,0,0,16,REGIONAL 5,MADIUN,TUBAN,MRR,,,2024-03-16 23:28:06,42607,2016,8,NON TITO,,,JAWA TIMUR,1.0,RED,34403723,AREA 3,JATIM,LAMONGAN,TUBAN BOJONEGORO,,,0,0,0,JAWA TIMUR,TUBAN,JENU,SEKARDADI,TUBAN
842368535,,ODP-MRR-FAB/03,-6.83567,112.00225,,,0,8,0,0,8,REGIONAL 5,MADIUN,TUBAN,MRR,,,2024-03-16 23:29:16,42607,2016,8,NON TITO,,,JAWA TIMUR,1.0,RED,34403733,AREA 3,JATIM,LAMONGAN,TUBAN BOJONEGORO,,,0,0,0,JAWA TIMUR,TUBAN,JENU,JENGGOLO,TUBAN
3045571402,,ODP-RGL-FAA/24,-7.051819,112.035949,,,0,8,0,0,8,REGIONAL 5,MADIUN,TUBAN,RGL,,,2024-03-16 23:24:21,43403,2018,10,NON TITO,,,JAWA TIMUR,1.0,RED,405925532,AREA 3,JATIM,LAMONGAN,TUBAN BOJONEGORO,,,0,0,0,JAWA TIMUR,TUBAN,RENGEL,PUNGGULREJO,TUBAN
2238793897,,ODP-KRK-FE/20,-6.891741,111.878447,,,0,8,0,0,8,REGIONAL 5,MADIUN,TUBAN,KRK,,,2024-03-16 23:23:44,43144,2018,2,NON TITO,,,JAWA TIMUR,1.0,RED,323488208,AREA 3,JATIM,LAMONGAN,TUBAN BOJONEGORO,,,0,0,0,JAWA TIMUR,TUBAN,KEREK,MARGOREJO,TUBAN
1379820975,,ODP-KRK-FC/05,-6.896118,111.885385,,,0,8,0,0,8,REGIONAL 5,MADIUN,TUBAN,KRK,,,2024-03-16 23:23:49,42850,2017,4,NON TITO,,,JAWA TIMUR,1.0,RED,123392314,AREA 3,JATIM,LAMONGAN,TUBAN BOJONEGORO,,,0,0,0,JAWA TIMUR,TUBAN,KEREK,MARGOMULYO,TUBAN
842368543,,ODP-MRR-FAB/04,-6.83721,112.00171,,,0,8,0,0,8,REGIONAL 5,MADIUN,TUBAN,MRR,,,2024-03-16 23:29:08,42607,2016,8,NON TITO,,,JAWA TIMUR,1.0,RED,34403764,AREA 3,JATIM,LAMONGAN,TUBAN BOJONEGORO,,,0,0,0,JAWA TIMUR,TUBAN,JENU,JENGGOLO,TUBAN
3045571686,,ODP-RGL-FAA/27,-7.050148,112.02534,,,0,8,0,0,8,REGIONAL 5,MADIUN,TUBAN,RGL,,,2024-03-16 23:25:02,43403,2018,10,NON TITO,,,JAWA TIMUR,1.0,RED,405925655,AREA 3,JATIM,LAMONGAN,TUBAN BOJONEGORO,,,0,0,0,JAWA TIMUR,TUBAN,RENGEL,PUNGGULREJO,TUBAN
842368551,,ODP-MRR-FAB/05,-6.837409,112.003141,,,0,8,0,0,8,REGIONAL 5,MADIUN,TUBAN,MRR,,,2024-03-16 23:29:14,42607,2016,8,NON TITO,,,JAWA TIMUR,1.0,RED,34403792,AREA 3,JATIM,LAMONGAN,TUBAN BOJONEGORO,,,0,0,0,JAWA TIMUR,TUBAN,JENU,JENGGOLO,TUBAN
3045571537,,ODP-RGL-FAA/26,-7.050066,112.022884,,,0,16,0,0,16,REGIONAL 5,MADIUN,TUBAN,RGL,,,2024-03-16 23:24:25,43403,2018,10,NON TITO,,,JAWA TIMUR,1.0,RED,405925609,AREA 3,JATIM,LAMONGAN,TUBAN BOJONEGORO,,,0,0,0,JAWA TIMUR,TUBAN,RENGEL,PUNGGULREJO,TUBAN
842368558,,ODP-MRR-FAB/06,-6.83513,112.00389,,,0,16,0,0,16,REGIONAL 5,MADIUN,TUBAN,MRR,,,2024-03-16 23:29:15,42607,2016,8,NON TITO,,,JAWA TIMUR,1.0,RED,34403823,AREA 3,JATIM,LAMONGAN,TUBAN BOJONEGORO,,,0,0,0,JAWA TIMUR,TUBAN,JENU,JENGGOLO,TUBAN
3045571478,,ODP-RGL-FAA/32,-7.050785,112.029314,,,0,8,0,0,8,REGIONAL 5,MADIUN,TUBAN,RGL,,,2024-03-16 23:24:45,43403,2018,10,NON TITO,,,JAWA TIMUR,1.0,RED,405925577,AREA 3,JATIM,LAMONGAN,TUBAN BOJONEGORO,,,0,0,0,JAWA TIMUR,TUBAN,RENGEL,PUNGGULREJO,TUBAN
3045571718,,ODP-RGL-FAA/25,-7.050528,112.035452,,,0,8,0,0,8,REGIONAL 5,MADIUN,TUBAN,RGL,,,2024-03-16 23:24:50,43403,2018,10,NON TITO,,,JAWA TIMUR,1.0,RED,405925666,AREA 3,JATIM,LAMONGAN,TUBAN BOJONEGORO,,,0,0,0,JAWA TIMUR,TUBAN,RENGEL,PUNGGULREJO,TUBAN
2201594248,,ODP-RGL-FAD/15,-7.123215,111.937622,,,0,8,0,0,8,REGIONAL 5,MADIUN,TUBAN,RGL,,,2024-03-16 23:24:19,43132,2018,2,NON TITO,,,JAWA TIMUR,1.0,RED,305414714,AREA 3,JATIM,LAMONGAN,TUBAN BOJONEGORO,,,0,0,0,JAWA TIMUR,TUBAN,SOKO,MOJOAGUNG,TUBAN
3138793842,,ODP-JTR-FF/39,-6.901512,111.650139,,,0,8,0,0,8,REGIONAL 5,MADIUN,TUBAN,JTR,,,2024-03-16 23:29:04,43435,2018,12,NON TITO,,,JAWA TIMUR,1.0,RED,406827779,AREA 3,JATIM,LAMONGAN,TUBAN BOJONEGORO,,,0,0,0,JAWA TIMUR,TUBAN,KENDURUAN,SIDOHASRI,TUBAN
2201594208,,ODP-TNZ-FT/53,-6.895789,112.044711,,,0,8,0,0,8,REGIONAL 5,MADIUN,TUBAN,TNZ,,,2024-03-16 23:24:21,43132,2018,2,NON TITO,,,JAWA TIMUR,1.0,RED,305414696,AREA 3,JATIM,LAMONGAN,TUBAN BOJONEGORO,,,0,0,0,JAWA TIMUR,TUBAN,TUBAN,LATSARI,TUBAN
2481795531,,ODP-TNZ-FH/50,-6.908891,112.064396,,,0,8,0,0,8,REGIONAL 5,MADIUN,TUBAN,TNZ,,,2024-03-16 23:24:00,43222,2018,5,NON TITO,,,JAWA TIMUR,1.0,RED,353658614,AREA 3,JATIM,LAMONGAN,TUBAN BOJONEGORO,,,0,0,0,JAWA TIMUR,TUBAN,SEMANDING,GEDONGOMBO,TUBAN
3210869112,,ODP-TNZ-FU/09,-6.856019,112.018066,,,0,8,0,0,8,REGIONAL 5,MADIUN,TUBAN,TNZ,,,2024-03-16 23:27:10,43461,2018,12,NON TITO,,,JAWA TIMUR,1.0,RED,408388861,AREA 3,JATIM,LAMONGAN,TUBAN BOJONEGORO,,,0,0,0,JAWA TIMUR,TUBAN,JENU,SUGIHWARAS,TUBAN
2177745098,,ODP-TNZ-FT/33,-6.89128,112.048554,,,0,8,0,0,8,REGIONAL 5,MADIUN,TUBAN,TNZ,,,2024-03-16 23:22:44,43133,2018,2,NON TITO,,,JAWA TIMUR,1.0,RED,305204568,AREA 3,JATIM,LAMONGAN,TUBAN BOJONEGORO,,,0,0,0,JAWA TIMUR,TUBAN,TUBAN,LATSARI,TUBAN
717269059,,ODP-TNZ-FG/17,-6.898034,112.039994,,,0,8,0,0,8,REGIONAL 5,MADIUN,TUBAN,TNZ,,,2024-03-16 23:21:54,42548,2016,6,NON TITO,,,JAWA TIMUR,1.0,RED,33712186,AREA 3,JATIM,LAMONGAN,TUBAN BOJONEGORO,,,0,0,0,JAWA TIMUR,TUBAN,TUBAN,LATSARI,TUBAN
3210869022,,ODP-TNZ-FU/27,-6.86759,112.033489,,,0,8,0,0,8,REGIONAL 5,MADIUN,TUBAN,TNZ,,,2024-03-16 23:26:52,43461,2018,12,NON TITO,,,JAWA TIMUR,1.0,RED,408388806,AREA 3,JATIM,LAMONGAN,TUBAN BOJONEGORO,,,0,0,0,JAWA TIMUR,TUBAN,JENU,SUGIHWARAS,TUBAN
3208394087,,ODP-MRR-FAD/18,-6.780752,111.929612,,,0,8,0,0,8,REGIONAL 5,MADIUN,TUBAN,MRR,,,2024-03-16 23:23:27,43462,2018,12,NON TITO,,,JAWA TIMUR,1.0,RED,408320381,AREA 3,JATIM,LAMONGAN,TUBAN BOJONEGORO,,,0,0,0,JAWA TIMUR,TUBAN,JENU,PURWOREJO,TUBAN
2177745198,,ODP-TNZ-FT/30,-6.88935,112.046894,,,0,8,0,0,8,REGIONAL 5,MADIUN,TUBAN,TNZ,,,2024-03-16 23:21:18,43133,2018,2,NON TITO,,,JAWA TIMUR,1.0,RED,305204640,AREA 3,JATIM,LAMONGAN,TUBAN BOJONEGORO,,,0,0,0,JAWA TIMUR,TUBAN,TUBAN,LATSARI,TUBAN
3210869177,,ODP-TNZ-FU/12,-6.858845,112.018926,,,0,8,0,0,8,REGIONAL 5,MADIUN,TUBAN,TNZ,,,2024-03-16 23:28:17,43461,2018,12,NON TITO,,,JAWA TIMUR,1.0,RED,408388906,AREA 3,JATIM,LAMONGAN,TUBAN BOJONEGORO,,,0,0,0,JAWA TIMUR,TUBAN,JENU,SUGIHWARAS,TUBAN
3208394057,,ODP-MRR-FAD/35,-6.77115,111.946676,,,0,8,0,0,8,REGIONAL 5,MADIUN,TUBAN,MRR,,,2024-03-16 23:23:51,43462,2018,12,NON TITO,,,JAWA TIMUR,1.0,RED,408320229,AREA 3,JATIM,LAMONGAN,TUBAN BOJONEGORO,,,0,0,0,JAWA TIMUR,TUBAN,JENU,REMEN,TUBAN
3208394042,,ODP-MRR-FAD/24,-6.774261,111.964379,,,0,8,0,0,8,REGIONAL 5,MADIUN,TUBAN,MRR,,,2024-03-16 23:23:44,43462,2018,12,NON TITO,,,JAWA TIMUR,1.0,RED,408320214,AREA 3,JATIM,LAMONGAN,TUBAN BOJONEGORO,,,0,0,0,JAWA TIMUR,TUBAN,JENU,REMEN,TUBAN
3208394032,,ODP-MRR-FAD/30,-6.772439,111.956381,,,0,8,0,0,8,REGIONAL 5,MADIUN,TUBAN,MRR,,,2024-03-16 23:23:36,43462,2018,12,NON TITO,,,JAWA TIMUR,1.0,RED,408320193,AREA 3,JATIM,LAMONGAN,TUBAN BOJONEGORO,,,0,0,0,JAWA TIMUR,TUBAN,JENU,REMEN,TUBAN
3208393997,,ODP-MRR-FAD/25,-6.775519,111.963574,,,0,8,0,0,8,REGIONAL 5,MADIUN,TUBAN,MRR,,,2024-03-16 23:23:45,43462,2018,12,NON TITO,,,JAWA TIMUR,1.0,RED,408320152,AREA 3,JATIM,LAMONGAN,TUBAN BOJONEGORO,,,0,0,0,JAWA TIMUR,TUBAN,JENU,REMEN,TUBAN
3208393987,,ODP-MRR-FAD/31,-6.771711,111.952489,,,0,8,0,0,8,REGIONAL 5,MADIUN,TUBAN,MRR,,,2024-03-16 23:23:53,43462,2018,12,NON TITO,,,JAWA TIMUR,1.0,RED,408320121,AREA 3,JATIM,LAMONGAN,TUBAN BOJONEGORO,,,0,0,0,JAWA TIMUR,TUBAN,JENU,REMEN,TUBAN
804868825,,ODP-JTR-FC/12,-6.979752,111.716021,,,0,8,0,0,8,REGIONAL 5,MADIUN,TUBAN,JTR,,,2024-03-16 23:28:05,42594,2016,8,NON TITO,,,JAWA TIMUR,1.0,RED,34282554,AREA 3,JATIM,LAMONGAN,TUBAN BOJONEGORO,,,0,0,0,JAWA TIMUR,TUBAN,BANGILAN,NGROJO,TUBAN
3208393977,,ODP-MRR-FAD/33,-6.773021,111.948707,,,0,8,0,0,8,REGIONAL 5,MADIUN,TUBAN,MRR,,,2024-03-16 23:23:53,43462,2018,12,NON TITO,,,JAWA TIMUR,1.0,RED,408320109,AREA 3,JATIM,LAMONGAN,TUBAN BOJONEGORO,,,0,0,0,JAWA TIMUR,TUBAN,JENU,REMEN,TUBAN
2252519071,,ODP-TNZ-FM/03,-6.896251,112.051415,,,0,8,0,0,8,REGIONAL 5,MADIUN,TUBAN,TNZ,,,2024-03-16 23:24:17,43151,2018,2,NON TITO,,,JAWA TIMUR,1.0,RED,323893436,AREA 3,JATIM,LAMONGAN,TUBAN BOJONEGORO,,,0,0,0,JAWA TIMUR,TUBAN,TUBAN,RONGGOMULYO,TUBAN
721544788,,ODP-TNZ-FG/09,-6.902587,112.038847,,,0,8,0,0,8,REGIONAL 5,MADIUN,TUBAN,TNZ,,,2024-03-16 23:26:21,42549,2016,6,NON TITO,,,JAWA TIMUR,1.0,RED,33718421,AREA 3,JATIM,LAMONGAN,TUBAN BOJONEGORO,,,0,0,0,JAWA TIMUR,TUBAN,SEMANDING,KARANG,TUBAN
2177745308,,ODP-TNZ-FT/35,-6.891013,112.046699,,,0,8,0,0,8,REGIONAL 5,MADIUN,TUBAN,TNZ,,,2024-03-16 23:22:21,43133,2018,2,NON TITO,,,JAWA TIMUR,1.0,RED,305204718,AREA 3,JATIM,LAMONGAN,TUBAN BOJONEGORO,,,0,0,0,JAWA TIMUR,TUBAN,TUBAN,LATSARI,TUBAN
3210869187,,ODP-TNZ-FU/13,-6.860706,112.020643,,,0,8,0,0,8,REGIONAL 5,MADIUN,TUBAN,TNZ,,,2024-03-16 23:28:25,43461,2018,12,NON TITO,,,JAWA TIMUR,1.0,RED,408388911,AREA 3,JATIM,LAMONGAN,TUBAN BOJONEGORO,,,0,0,0,JAWA TIMUR,TUBAN,JENU,SUGIHWARAS,TUBAN
3210869272,,ODP-TNZ-FU/10,-6.856856,112.019087,,,0,8,0,0,8,REGIONAL 5,MADIUN,TUBAN,TNZ,,,2024-03-16 23:27:17,43461,2018,12,NON TITO,,,JAWA TIMUR,1.0,RED,408388959,AREA 3,JATIM,LAMONGAN,TUBAN BOJONEGORO,,,0,0,0,JAWA TIMUR,TUBAN,JENU,SUGIHWARAS,TUBAN
717193970,,ODP-TNZ-FG/21,-6.898515,112.036298,,,0,8,0,0,8,REGIONAL 5,MADIUN,TUBAN,TNZ,,,2024-03-16 23:27:06,42548,2016,6,NON TITO,,,JAWA TIMUR,1.0,RED,33642371,AREA 3,JATIM,LAMONGAN,TUBAN BOJONEGORO,,,0,0,0,JAWA TIMUR,TUBAN,TUBAN,KEMBANGBILO,TUBAN
3208394012,,ODP-MRR-FAD/02,-6.804226,111.93861,,,0,8,0,0,8,REGIONAL 5,MADIUN,TUBAN,MRR,,,2024-03-16 23:23:33,43462,2018,12,NON TITO,,,JAWA TIMUR,1.0,RED,408394413,AREA 3,JATIM,LAMONGAN,TUBAN BOJONEGORO,,,0,0,0,JAWA TIMUR,TUBAN,JENU,TEMAJI,TUBAN
717494055,,ODP-TNZ-FG/16,-6.898616,112.040142,,,0,8,0,0,8,REGIONAL 5,MADIUN,TUBAN,TNZ,,,2024-03-16 23:28:50,42548,2016,6,NON TITO,,,JAWA TIMUR,1.0,RED,33644093,AREA 3,JATIM,LAMONGAN,TUBAN BOJONEGORO,,,0,0,0,JAWA TIMUR,TUBAN,TUBAN,LATSARI,TUBAN
721544127,,ODP-TNZ-FG/14,-6.900221,112.042665,,,0,8,0,0,8,REGIONAL 5,MADIUN,TUBAN,TNZ,,,2024-03-16 23:25:10,42549,2016,6,NON TITO,,,JAWA TIMUR,1.0,RED,33645413,AREA 3,JATIM,LAMONGAN,TUBAN BOJONEGORO,,,0,0,0,JAWA TIMUR,TUBAN,TUBAN,SIDOREJO,TUBAN
2467770402,,ODP-BCR-FAB/36,-6.750144,111.684799,,,0,8,0,0,8,REGIONAL 5,MADIUN,TUBAN,BCR,,,2024-03-16 23:22:00,43215,2018,4,NON TITO,,,JAWA TIMUR,1.0,RED,353601760,AREA 3,JATIM,LAMONGAN,TUBAN BOJONEGORO,,,0,0,0,JAWA TENGAH,REMBANG,SARANG,TEMPERAK,TUBAN
721544979,,ODP-TNZ-FG/06,-6.904242,112.038121,,,0,16,0,0,16,REGIONAL 5,MADIUN,TUBAN,TNZ,,,2024-03-16 23:26:01,42549,2016,6,NON TITO,,,JAWA TIMUR,1.0,RED,33648216,AREA 3,JATIM,LAMONGAN,TUBAN BOJONEGORO,,,0,0,0,JAWA TIMUR,TUBAN,SEMANDING,KARANG,TUBAN
682394225,,ODP-TNZ-FA/65,-6.874979,112.034926,,,0,8,0,0,8,REGIONAL 5,MADIUN,TUBAN,TNZ,,,2024-03-16 23:22:46,42536,2016,6,NON TITO,,,JAWA TIMUR,1.0,RED,33669026,AREA 3,JATIM,LAMONGAN,TUBAN BOJONEGORO,,,0,0,0,JAWA TIMUR,TUBAN,TUBAN,PERBON,TUBAN
3210869262,,ODP-TNZ-FU/18,-6.866881,112.027588,,,0,8,0,0,8,REGIONAL 5,MADIUN,TUBAN,TNZ,,,2024-03-16 23:26:52,43461,2018,12,NON TITO,,,JAWA TIMUR,1.0,RED,408388953,AREA 3,JATIM,LAMONGAN,TUBAN BOJONEGORO,,,0,0,0,JAWA TIMUR,TUBAN,JENU,SUGIHWARAS,TUBAN
3208393942,,ODP-MRR-FAD/16,-6.784433,111.927844,,,0,8,0,0,8,REGIONAL 5,MADIUN,TUBAN,MRR,,,2024-03-16 23:23:02,43462,2018,12,NON TITO,,,JAWA TIMUR,1.0,RED,408394346,AREA 3,JATIM,LAMONGAN,TUBAN BOJONEGORO,,,0,0,0,JAWA TIMUR,TUBAN,JENU,PURWOREJO,TUBAN
3208393922,,ODP-MRR-FAD/22,-6.77671,111.965801,,,0,8,0,0,8,REGIONAL 5,MADIUN,TUBAN,MRR,,,2024-03-16 23:23:25,43462,2018,12,NON TITO,,,JAWA TIMUR,1.0,RED,408394330,AREA 3,JATIM,LAMONGAN,TUBAN BOJONEGORO,,,0,0,0,JAWA TIMUR,TUBAN,JENU,REMEN,TUBAN
3208393917,,ODP-MRR-FAD/03,-6.803471,111.937463,,,0,8,0,0,8,REGIONAL 5,MADIUN,TUBAN,MRR,,,2024-03-16 23:23:43,43462,2018,12,NON TITO,,,JAWA TIMUR,1.0,RED,408394326,AREA 3,JATIM,LAMONGAN,TUBAN BOJONEGORO,,,0,0,0,JAWA TIMUR,TUBAN,JENU,TEMAJI,TUBAN
3210869447,,ODP-TNZ-FU/11,-6.850259,112.019722,,,0,8,0,0,8,REGIONAL 5,MADIUN,TUBAN,TNZ,,,2024-03-16 23:27:58,43461,2018,12,NON TITO,,,JAWA TIMUR,1.0,RED,408389060,AREA 3,JATIM,LAMONGAN,TUBAN BOJONEGORO,,,0,0,0,JAWA TIMUR,TUBAN,JENU,SUGIHWARAS,TUBAN
2177745003,,ODP-TNZ-FT/39,-6.890481,112.045711,,,0,8,0,0,8,REGIONAL 5,MADIUN,TUBAN,TNZ,,,2024-03-16 23:22:20,43133,2018,2,NON TITO,,,JAWA TIMUR,1.0,RED,305204507,AREA 3,JATIM,LAMONGAN,TUBAN BOJONEGORO,,,0,0,0,JAWA TIMUR,TUBAN,TUBAN,LATSARI,TUBAN
682394248,,ODP-TNZ-FA/66,-6.87534,112.035453,,,0,8,0,0,8,REGIONAL 5,MADIUN,TUBAN,TNZ,,,2024-03-16 23:22:45,42536,2016,6,NON TITO,,,JAWA TIMUR,1.0,RED,33669062,AREA 3,JATIM,LAMONGAN,TUBAN BOJONEGORO,,,0,0,0,JAWA TIMUR,TUBAN,TUBAN,PERBON,TUBAN
1325758962,,ODP-BCR-FAD/20,-6.801385,111.859987,,,0,8,0,0,8,REGIONAL 5,MADIUN,TUBAN,BCR,,,2024-03-16 23:25:07,42815,2017,3,NON TITO,,,JAWA TIMUR,1.0,RED,79448793,AREA 3,JATIM,LAMONGAN,TUBAN BOJONEGORO,,,0,0,0,JAWA TIMUR,TUBAN,TAMBAKBOYO,SOBONTORO,TUBAN
2481795451,,ODP-TNZ-FH/44,-6.914501,112.055755,,,0,16,0,0,16,REGIONAL 5,MADIUN,TUBAN,TNZ,,,2024-03-16 23:24:25,43222,2018,5,NON TITO,,,JAWA TIMUR,1.0,RED,353658586,AREA 3,JATIM,LAMONGAN,TUBAN BOJONEGORO,,,0,0,0,JAWA TIMUR,TUBAN,SEMANDING,BEJAGUNG,TUBAN
3208393932,,ODP-MRR-FAD/19,-6.77484,111.933172,,,0,8,0,0,8,REGIONAL 5,MADIUN,TUBAN,MRR,,,2024-03-16 23:23:51,43462,2018,12,NON TITO,,,JAWA TIMUR,1.0,RED,408394340,AREA 3,JATIM,LAMONGAN,TUBAN BOJONEGORO,,,0,0,0,JAWA TIMUR,TUBAN,JENU,PURWOREJO,TUBAN
3208393967,,ODP-MRR-FAD/11,-6.785926,111.921019,,,0,8,0,0,8,REGIONAL 5,MADIUN,TUBAN,MRR,,,2024-03-16 23:23:31,43462,2018,12,NON TITO,,,JAWA TIMUR,1.0,RED,408320099,AREA 3,JATIM,LAMONGAN,TUBAN BOJONEGORO,,,0,0,0,JAWA TIMUR,TUBAN,JENU,PURWOREJO,TUBAN
3208393957,,ODP-MRR-FAD/01,-6.804987,111.939817,,,0,8,0,0,8,REGIONAL 5,MADIUN,TUBAN,MRR,,,2024-03-16 23:23:30,43462,2018,12,NON TITO,,,JAWA TIMUR,1.0,RED,408320089,AREA 3,JATIM,LAMONGAN,TUBAN BOJONEGORO,,,0,0,0,JAWA TIMUR,TUBAN,JENU,TEMAJI,TUBAN
2177745313,,ODP-TNZ-FT/32,-6.889522,112.046323,,,0,8,0,0,8,REGIONAL 5,MADIUN,TUBAN,TNZ,,,2024-03-16 23:22:35,43133,2018,2,NON TITO,,,JAWA TIMUR,1.0,RED,305204721,AREA 3,JATIM,LAMONGAN,TUBAN BOJONEGORO,,,0,0,0,JAWA TIMUR,TUBAN,TUBAN,LATSARI,TUBAN
3171868662,,ODP-BCR-FAD/29,-6.801681,111.849919,,,0,8,0,0,8,REGIONAL 5,MADIUN,TUBAN,BCR,,,2024-03-16 23:28:52,43443,2018,12,NON TITO,,,JAWA TIMUR,1.0,RED,407043737,AREA 3,JATIM,LAMONGAN,TUBAN BOJONEGORO,,,0,0,0,JAWA TIMUR,TUBAN,TAMBAKBOYO,KENANTI,TUBAN
2252519068,,ODP-TNZ-FS/06,-6.897455,112.067031,,,0,8,0,0,8,REGIONAL 5,MADIUN,TUBAN,TNZ,,,2024-03-16 23:24:17,43151,2018,2,NON TITO,,,JAWA TIMUR,1.0,RED,323893434,AREA 3,JATIM,LAMONGAN,TUBAN BOJONEGORO,,,0,0,0,JAWA TIMUR,TUBAN,TUBAN,SENDANGHARJO,TUBAN
3171868577,,ODP-BCR-FAD/35,-6.803013,111.848665,,,0,8,0,0,8,REGIONAL 5,MADIUN,TUBAN,BCR,,,2024-03-16 23:28:59,43443,2018,12,NON TITO,,,JAWA TIMUR,1.0,RED,407043705,AREA 3,JATIM,LAMONGAN,TUBAN BOJONEGORO,,,0,0,0,JAWA TIMUR,TUBAN,TAMBAKBOYO,KENANTI,TUBAN
2201594038,,ODP-RGL-FAD/23,-7.117512,111.955206,,,0,8,0,0,8,REGIONAL 5,MADIUN,TUBAN,RGL,,,2024-03-16 23:23:47,43132,2018,2,NON TITO,,,JAWA TIMUR,1.0,RED,305414625,AREA 3,JATIM,LAMONGAN,TUBAN BOJONEGORO,,,0,0,0,JAWA TIMUR,TUBAN,SOKO,SOKOSARI,TUBAN
2481795925,,ODP-TNZ-FJ/37,-6.90061,112.15044,,,0,8,0,0,8,REGIONAL 5,MADIUN,TUBAN,TNZ,,,2024-03-16 23:24:40,43222,2018,5,NON TITO,,,JAWA TIMUR,1.0,RED,353658735,AREA 3,JATIM,LAMONGAN,TUBAN BOJONEGORO,,,0,0,0,JAWA TIMUR,TUBAN,PALANG,LERAN KULON,TUBAN
2201594068,,ODP-TNZ-FT/11,-6.88526,112.048108,,,0,8,0,0,8,REGIONAL 5,MADIUN,TUBAN,TNZ,,,2024-03-16 23:24:18,43132,2018,2,NON TITO,,,JAWA TIMUR,1.0,RED,305414639,AREA 3,JATIM,LAMONGAN,TUBAN BOJONEGORO,,,0,0,0,JAWA TIMUR,TUBAN,JENU,SUGIHWARAS,TUBAN
819718553,,ODP-JTR-FC/05,-6.95992,111.714655,,,0,8,0,0,8,REGIONAL 5,MADIUN,TUBAN,JTR,,,2024-03-16 23:23:48,42599,2016,8,NON TITO,,,JAWA TIMUR,1.0,RED,34301218,AREA 3,JATIM,LAMONGAN,TUBAN BOJONEGORO,,,0,0,0,JAWA TIMUR,TUBAN,BANGILAN,BANGILAN,TUBAN
3171868682,,ODP-BCR-FAC/50,-6.771117,111.723451,,,0,8,0,0,8,REGIONAL 5,MADIUN,TUBAN,BCR,,,2024-03-16 23:28:29,43443,2018,12,NON TITO,,,JAWA TIMUR,1.0,RED,407043745,AREA 3,JATIM,LAMONGAN,TUBAN BOJONEGORO,,,0,0,0,JAWA TIMUR,TUBAN,BANCAR,BULUJOWO,TUBAN
1487820504,,ODP-TNZ-FK/13,-6.910612,112.091259,,,0,8,0,0,8,REGIONAL 5,MADIUN,TUBAN,TNZ,,,2024-03-16 23:21:33,42879,2017,5,NON TITO,,,JAWA TIMUR,1.0,RED,129987712,AREA 3,JATIM,LAMONGAN,TUBAN BOJONEGORO,,,0,0,0,JAWA TIMUR,TUBAN,PALANG,TASIKMADU,TUBAN
819869077,,ODP-TNZ-FF/11,-6.892127,112.052004,,,0,8,0,0,8,REGIONAL 5,MADIUN,TUBAN,TNZ,,,2024-03-16 23:28:28,42600,2016,8,NON TITO,,,JAWA TIMUR,1.0,RED,34303540,AREA 3,JATIM,LAMONGAN,TUBAN BOJONEGORO,,,0,0,0,JAWA TIMUR,TUBAN,TUBAN,RONGGOMULYO,TUBAN
3152970738,,ODP-JTR-FF/48,-6.880956,111.652054,,,0,8,0,0,8,REGIONAL 5,MADIUN,TUBAN,JTR,,,2024-03-16 23:28:13,43438,2018,12,NON TITO,,,JAWA TIMUR,1.0,RED,406842353,AREA 3,JATIM,LAMONGAN,TUBAN BOJONEGORO,,,0,0,0,JAWA TIMUR,TUBAN,JATIROGO,SADANG,TUBAN
1487820501,,ODP-TNZ-FK/14,-6.910482,112.090815,,,0,8,0,0,8,REGIONAL 5,MADIUN,TUBAN,TNZ,,,2024-03-16 23:22:05,42879,2017,5,NON TITO,,,JAWA TIMUR,1.0,RED,129987710,AREA 3,JATIM,LAMONGAN,TUBAN BOJONEGORO,,,0,0,0,JAWA TIMUR,TUBAN,PALANG,TASIKMADU,TUBAN
1487820491,,ODP-TNZ-FK/15,-6.910345,112.090163,,,0,8,0,0,8,REGIONAL 5,MADIUN,TUBAN,TNZ,,,2024-03-16 23:22:05,42879,2017,5,NON TITO,,,JAWA TIMUR,1.0,RED,129987700,AREA 3,JATIM,LAMONGAN,TUBAN BOJONEGORO,,,0,0,0,JAWA TIMUR,TUBAN,PALANG,TASIKMADU,TUBAN
3152970637,,ODP-JTR-FF/47,-6.878816,111.652151,,,0,8,0,0,8,REGIONAL 5,MADIUN,TUBAN,JTR,,,2024-03-16 23:28:12,43438,2018,12,NON TITO,,,JAWA TIMUR,1.0,RED,406842278,AREA 3,JATIM,LAMONGAN,TUBAN BOJONEGORO,,,0,0,0,JAWA TIMUR,TUBAN,JATIROGO,SADANG,TUBAN
1356650051,,GCL-MRR-F04/01,-6.822046,111.992008,,,0,8,0,0,8,REGIONAL 5,MADIUN,TUBAN,MRR,,,2024-03-16 23:27:17,42837,2017,4,NON TITO,,,JAWA TIMUR,1.0,RED,81726364,AREA 3,JATIM,LAMONGAN,TUBAN BOJONEGORO,,,0,0,0,JAWA TIMUR,TUBAN,JENU,KALIUNTU,TUBAN
806893936,,ODP-TNZ-FG/22,-6.89499,112.035409,,,0,8,0,0,8,REGIONAL 5,MADIUN,TUBAN,TNZ,,,2024-03-16 23:27:41,42597,2016,8,NON TITO,,,JAWA TIMUR,1.0,RED,34368171,AREA 3,JATIM,LAMONGAN,TUBAN BOJONEGORO,,,0,0,0,JAWA TIMUR,TUBAN,TUBAN,KEMBANGBILO,TUBAN
3152970807,,ODP-JTR-FF/46,-6.874661,111.653652,,,0,8,0,0,8,REGIONAL 5,MADIUN,TUBAN,JTR,,,2024-03-16 23:27:26,43438,2018,12,NON TITO,,,JAWA TIMUR,1.0,RED,406842406,AREA 3,JATIM,LAMONGAN,TUBAN BOJONEGORO,,,0,0,0,JAWA TIMUR,TUBAN,JATIROGO,BADER,TUBAN
3171868692,,ODP-BCR-FAD/31,-6.801521,111.845296,,,0,8,0,0,8,REGIONAL 5,MADIUN,TUBAN,BCR,,,2024-03-16 23:28:15,43443,2018,12,NON TITO,,,JAWA TIMUR,1.0,RED,407043749,AREA 3,JATIM,LAMONGAN,TUBAN BOJONEGORO,,,0,0,0,JAWA TIMUR,TUBAN,TAMBAKBOYO,TAMBAKBOYO,TUBAN
2481795855,,ODP-TNZ-FJ/28,-6.92809,112.136527,,,0,8,0,0,8,REGIONAL 5,MADIUN,TUBAN,TNZ,,,2024-03-16 23:24:25,43222,2018,5,NON TITO,,,JAWA TIMUR,1.0,RED,353658715,AREA 3,JATIM,LAMONGAN,TUBAN BOJONEGORO,,,0,0,0,JAWA TIMUR,TUBAN,PALANG,PUCANGAN,TUBAN
1325761515,,ODP-BCR-FAD/12,-6.8027,111.850657,,,0,8,0,0,8,REGIONAL 5,MADIUN,TUBAN,BCR,,,2024-03-16 23:25:46,42815,2017,3,NON TITO,,,JAWA TIMUR,1.0,RED,79524356,AREA 3,JATIM,LAMONGAN,TUBAN BOJONEGORO,,,0,0,0,JAWA TIMUR,TUBAN,TAMBAKBOYO,KENANTI,TUBAN
3208393947,,ODP-MRR-FAD/06,-6.797442,111.932068,,,0,8,0,0,8,REGIONAL 5,MADIUN,TUBAN,MRR,,,2024-03-16 23:23:44,43462,2018,12,NON TITO,,,JAWA TIMUR,1.0,RED,408320081,AREA 3,JATIM,LAMONGAN,TUBAN BOJONEGORO,,,0,0,0,JAWA TIMUR,TUBAN,JENU,PURWOREJO,TUBAN
2177745413,,ODP-TNZ-FT/40,-6.891241,112.045247,,,0,8,0,0,8,REGIONAL 5,MADIUN,TUBAN,TNZ,,,2024-03-16 23:22:35,43133,2018,2,NON TITO,,,JAWA TIMUR,1.0,RED,305204791,AREA 3,JATIM,LAMONGAN,TUBAN BOJONEGORO,,,0,0,0,JAWA TIMUR,TUBAN,TUBAN,LATSARI,TUBAN
804868834,,ODP-JTR-FC/13,-6.977585,111.715571,,,0,8,0,0,8,REGIONAL 5,MADIUN,TUBAN,JTR,,,2024-03-16 23:28:40,42594,2016,8,NON TITO,,,JAWA TIMUR,1.0,RED,34282565,AREA 3,JATIM,LAMONGAN,TUBAN BOJONEGORO,,,0,0,0,JAWA TIMUR,TUBAN,BANGILAN,SIDOKUMPUL,TUBAN
3208393912,,ODP-MRR-FAD/05,-6.796924,111.932008,,,0,8,0,0,8,REGIONAL 5,MADIUN,TUBAN,MRR,,,2024-03-16 23:23:44,43462,2018,12,NON TITO,,,JAWA TIMUR,1.0,RED,408320045,AREA 3,JATIM,LAMONGAN,TUBAN BOJONEGORO,,,0,0,0,JAWA TIMUR,TUBAN,JENU,PURWOREJO,TUBAN
3211318994,,ODP-BCR-FAC/42,-6.772578,111.714398,,,0,8,0,0,8,REGIONAL 5,MADIUN,TUBAN,BCR,,,2024-03-16 23:26:03,43462,2018,12,NON TITO,,,JAWA TIMUR,1.0,RED,408319035,AREA 3,JATIM,LAMONGAN,TUBAN BOJONEGORO,,,0,0,0,JAWA TIMUR,TUBAN,BANCAR,SUKOLILO,TUBAN
3210869457,,ODP-TNZ-FU/25,-6.871771,112.031038,,,0,8,0,0,8,REGIONAL 5,MADIUN,TUBAN,TNZ,,,2024-03-16 23:28:14,43461,2018,12,NON TITO,,,JAWA TIMUR,1.0,RED,408314925,AREA 3,JATIM,LAMONGAN,TUBAN BOJONEGORO,,,0,0,0,JAWA TIMUR,TUBAN,JENU,SUGIHWARAS,TUBAN
2201593818,,ODP-RGL-FAD/24,-7.117101,111.951799,,,0,8,0,0,8,REGIONAL 5,MADIUN,TUBAN,RGL,,,2024-03-16 23:23:52,43132,2018,2,NON TITO,,,JAWA TIMUR,1.0,RED,305414523,AREA 3,JATIM,LAMONGAN,TUBAN BOJONEGORO,,,0,0,0,JAWA TIMUR,TUBAN,SOKO,SOKOSARI,TUBAN
804868848,,ODP-JTR-FC/15,-6.973308,111.715201,,,0,8,0,0,8,REGIONAL 5,MADIUN,TUBAN,JTR,,,2024-03-16 23:28:21,42594,2016,8,NON TITO,,,JAWA TIMUR,1.0,RED,34282599,AREA 3,JATIM,LAMONGAN,TUBAN BOJONEGORO,,,0,0,0,JAWA TIMUR,TUBAN,BANGILAN,BANGILAN,TUBAN
3210869277,,ODP-TNZ-FU/08,-6.854683,112.016348,,,0,8,0,0,8,REGIONAL 5,MADIUN,TUBAN,TNZ,,,2024-03-16 23:28:00,43461,2018,12,NON TITO,,,JAWA TIMUR,1.0,RED,408314797,AREA 3,JATIM,LAMONGAN,TUBAN BOJONEGORO,,,0,0,0,JAWA TIMUR,TUBAN,JENU,SUGIHWARAS,TUBAN
1551644603,,ODP-TNZ-FA/101,-6.885033,112.025966,,,0,8,0,0,8,REGIONAL 5,MADIUN,TUBAN,TNZ,,,2024-03-16 23:27:24,42904,2017,6,NON TITO,,,JAWA TIMUR,1.0,RED,161948222,AREA 3,JATIM,LAMONGAN,TUBAN BOJONEGORO,,,0,0,0,JAWA TIMUR,TUBAN,TUBAN,MONDOKAN,TUBAN
2201593898,,ODP-TNZ-FT/12,-6.884311,112.047131,,,0,8,0,0,8,REGIONAL 5,MADIUN,TUBAN,TNZ,,,2024-03-16 23:24:12,43132,2018,2,NON TITO,,,JAWA TIMUR,1.0,RED,305414560,AREA 3,JATIM,LAMONGAN,TUBAN BOJONEGORO,,,0,0,0,JAWA TIMUR,TUBAN,JENU,SUGIHWARAS,TUBAN
1322069792,,ODP-BCR-FAC/14,-6.771039,111.722785,,,0,8,0,0,8,REGIONAL 5,MADIUN,TUBAN,BCR,,,2024-03-16 23:27:19,42808,2017,3,NON TITO,,,JAWA TIMUR,1.0,RED,79424710,AREA 3,JATIM,LAMONGAN,TUBAN BOJONEGORO,,,0,0,0,JAWA TIMUR,TUBAN,BANCAR,BULUJOWO,TUBAN
2481795711,,ODP-TNZ-FJ/39,-6.92218,112.149297,,,0,8,0,0,8,REGIONAL 5,MADIUN,TUBAN,TNZ,,,2024-03-16 23:23:58,43222,2018,5,NON TITO,,,JAWA TIMUR,1.0,RED,353658671,AREA 3,JATIM,LAMONGAN,TUBAN BOJONEGORO,,,0,0,0,JAWA TIMUR,TUBAN,PALANG,LERAN KULON,TUBAN
1511679599,,ODP-TNZ-FB/49,-6.900701,112.047309,,,0,8,0,0,8,REGIONAL 5,MADIUN,TUBAN,TNZ,,,2024-03-16 23:23:43,42891,2017,6,NON TITO,,,JAWA TIMUR,1.0,RED,156266116,AREA 3,JATIM,LAMONGAN,TUBAN BOJONEGORO,,,0,0,0,JAWA TIMUR,TUBAN,TUBAN,SIDOREJO,TUBAN
2481795835,,ODP-TNZ-FV/43,-6.913267,112.050684,,,0,8,0,0,8,REGIONAL 5,MADIUN,TUBAN,TNZ,,,2024-03-16 23:24:20,43222,2018,5,NON TITO,,,JAWA TIMUR,1.0,RED,353658709,AREA 3,JATIM,LAMONGAN,TUBAN BOJONEGORO,,,0,0,0,JAWA TIMUR,TUBAN,SEMANDING,TEGALAGUNG,TUBAN
2481795845,,ODP-TNZ-FJ/40,-6.91708,112.157568,,,0,8,0,0,8,REGIONAL 5,MADIUN,TUBAN,TNZ,,,2024-03-16 23:24:39,43222,2018,5,NON TITO,,,JAWA TIMUR,1.0,RED,353658712,AREA 3,JATIM,LAMONGAN,TUBAN BOJONEGORO,,,0,0,0,JAWA TIMUR,TUBAN,PALANG,LERAN KULON,TUBAN
3171868742,,ODP-BCR-FAD/32,-6.802146,111.842156,,,0,8,0,0,8,REGIONAL 5,MADIUN,TUBAN,BCR,,,2024-03-16 23:28:32,43443,2018,12,NON TITO,,,JAWA TIMUR,1.0,RED,407043776,AREA 3,JATIM,LAMONGAN,TUBAN BOJONEGORO,,,0,0,0,JAWA TIMUR,TUBAN,TAMBAKBOYO,TAMBAKBOYO,TUBAN
3046396024,,ODP-MRR-FAA/46,-6.867431,111.972774,,,0,8,0,0,8,REGIONAL 5,MADIUN,TUBAN,MRR,,,2024-03-16 23:25:29,43402,2018,10,NON TITO,,,JAWA TIMUR,1.0,RED,405923977,AREA 3,JATIM,LAMONGAN,TUBAN BOJONEGORO,,,0,0,0,JAWA TIMUR,TUBAN,MERAKURAK,BOREHBANGLE,TUBAN
3208394027,,ODP-MRR-FAD/13,-6.788062,111.924296,,,0,8,0,0,8,REGIONAL 5,MADIUN,TUBAN,MRR,,,2024-03-16 23:23:53,43462,2018,12,NON TITO,,,JAWA TIMUR,1.0,RED,408394428,AREA 3,JATIM,LAMONGAN,TUBAN BOJONEGORO,,,0,0,0,JAWA TIMUR,TUBAN,JENU,PURWOREJO,TUBAN
838993714,,ODP-JTR-FAA/13,-6.890123,111.655971,,,0,8,0,0,8,REGIONAL 5,MADIUN,TUBAN,JTR,,,2024-03-16 23:28:58,42606,2016,8,NON TITO,,,JAWA TIMUR,1.0,RED,34757765,AREA 3,JATIM,LAMONGAN,TUBAN BOJONEGORO,,,0,0,0,JAWA TIMUR,TUBAN,JATIROGO,WOTSOGO,TUBAN
1322069807,,ODP-BCR-FAC/11,-6.771456,111.725456,,,0,8,0,0,8,REGIONAL 5,MADIUN,TUBAN,BCR,,,2024-03-16 23:27:47,42808,2017,3,NON TITO,,,JAWA TIMUR,1.0,RED,79339480,AREA 3,JATIM,LAMONGAN,TUBAN BOJONEGORO,,,0,0,0,JAWA TIMUR,TUBAN,BANCAR,BANJARJO,TUBAN
1482796130,,ODP-TNZ-FJ/01,-6.902384,112.133721,,,0,16,0,0,16,REGIONAL 5,MADIUN,TUBAN,TNZ,,,2024-03-16 23:26:22,42877,2017,5,NON TITO,,,JAWA TIMUR,1.0,RED,129796019,AREA 3,JATIM,LAMONGAN,TUBAN BOJONEGORO,,,0,0,0,JAWA TIMUR,TUBAN,PALANG,PUCANGAN,TUBAN
2252518998,,ODP-TNZ-FN/24,-6.89798,112.056323,,,0,16,0,0,16,REGIONAL 5,MADIUN,TUBAN,TNZ,,,2024-03-16 23:24:20,43151,2018,2,NON TITO,,,JAWA TIMUR,1.0,RED,323893391,AREA 3,JATIM,LAMONGAN,TUBAN BOJONEGORO,,,0,0,0,JAWA TIMUR,TUBAN,TUBAN,RONGGOMULYO,TUBAN
2481795920,,ODP-TNZ-FH/52,-6.911286,112.064105,,,0,16,0,0,16,REGIONAL 5,MADIUN,TUBAN,TNZ,,,2024-03-16 23:24:23,43222,2018,5,NON TITO,,,JAWA TIMUR,1.0,RED,353722852,AREA 3,JATIM,LAMONGAN,TUBAN BOJONEGORO,,,0,0,0,JAWA TIMUR,TUBAN,SEMANDING,GEDONGOMBO,TUBAN
2252518779,,ODP-TNZ-FM/12,-6.894231,112.053266,,,0,8,0,0,8,REGIONAL 5,MADIUN,TUBAN,TNZ,,,2024-03-16 23:24:15,43151,2018,2,NON TITO,,,JAWA TIMUR,1.0,RED,323893254,AREA 3,JATIM,LAMONGAN,TUBAN BOJONEGORO,,,0,0,0,JAWA TIMUR,TUBAN,TUBAN,RONGGOMULYO,TUBAN
2606971732,,ODP-RGL-FAA/12,-7.038,112.073006,,,0,8,0,0,8,REGIONAL 5,MADIUN,TUBAN,RGL,,,2024-03-16 23:26:48,43257,2018,6,NON TITO,,,JAWA TIMUR,1.0,RED,361298210,AREA 3,JATIM,LAMONGAN,TUBAN BOJONEGORO,,,0,0,0,JAWA TIMUR,TUBAN,PLUMPANG,KESAMBEN,TUBAN
1049083333,,ODP-TNZ-FD/62,-6.905431,112.065338,,,0,8,0,0,8,REGIONAL 5,MADIUN,TUBAN,TNZ,,,2024-03-16 23:22:06,42684,2016,11,NON TITO,,,JAWA TIMUR,1.0,RED,38446203,AREA 3,JATIM,LAMONGAN,TUBAN BOJONEGORO,,,0,0,0,JAWA TIMUR,TUBAN,SEMANDING,GEDONGOMBO,TUBAN
2595268934,,ODP-RGL-FAH/18,-7.06242,112.07136,,,0,8,0,0,8,REGIONAL 5,MADIUN,TUBAN,RGL,,,2024-03-16 23:23:23,43256,2018,6,NON TITO,,,JAWA TIMUR,1.0,RED,361290692,AREA 3,JATIM,LAMONGAN,TUBAN BOJONEGORO,,,0,0,0,JAWA TIMUR,TUBAN,PLUMPANG,KEDUNGREJO,TUBAN
1049081386,,ODP-TNZ-FH/24,-6.906399,112.062512,,,0,16,0,0,16,REGIONAL 5,MADIUN,TUBAN,TNZ,,,2024-03-16 23:28:23,42684,2016,11,NON TITO,,,JAWA TIMUR,1.0,RED,38444906,AREA 3,JATIM,LAMONGAN,TUBAN BOJONEGORO,,,0,0,0,JAWA TIMUR,TUBAN,SEMANDING,GEDONGOMBO,TUBAN
2595268750,,ODP-RGL-FAH/11,-7.048941,112.08987,,,0,8,0,0,8,REGIONAL 5,MADIUN,TUBAN,RGL,,,2024-03-16 23:24:03,43256,2018,6,NON TITO,,,JAWA TIMUR,1.0,RED,361290582,AREA 3,JATIM,LAMONGAN,TUBAN BOJONEGORO,,,0,0,0,JAWA TIMUR,TUBAN,PLUMPANG,CANGKRING,TUBAN
2252518805,,ODP-TNZ-FS/21,-6.90068,112.06562,,,0,8,0,0,8,REGIONAL 5,MADIUN,TUBAN,TNZ,,,2024-03-16 23:23:30,43151,2018,2,NON TITO,,,JAWA TIMUR,1.0,RED,323893269,AREA 3,JATIM,LAMONGAN,TUBAN BOJONEGORO,,,0,0,0,JAWA TIMUR,TUBAN,TUBAN,KEBONSARI,TUBAN
2585296515,,ODP-RGL-FAE/07,-7.072145,111.984118,,,0,8,0,0,8,REGIONAL 5,MADIUN,TUBAN,RGL,,,2024-03-16 23:28:14,43251,2018,5,NON TITO,,,JAWA TIMUR,1.0,RED,356869734,AREA 3,JATIM,LAMONGAN,TUBAN BOJONEGORO,,,0,0,0,JAWA TIMUR,TUBAN,RENGEL,MAIBIT,TUBAN
1049084662,,ODP-TNZ-FH/21,-6.905082,112.057942,,,0,8,0,0,8,REGIONAL 5,MADIUN,TUBAN,TNZ,,,2024-03-16 23:22:58,42684,2016,11,NON TITO,,,JAWA TIMUR,1.0,RED,38447063,AREA 3,JATIM,LAMONGAN,TUBAN BOJONEGORO,,,0,0,0,JAWA TIMUR,TUBAN,TUBAN,SIDOREJO,TUBAN
2252518814,,ODP-TNZ-FL/10,-6.90052,112.054147,,,0,8,0,0,8,REGIONAL 5,MADIUN,TUBAN,TNZ,,,2024-03-16 23:23:55,43151,2018,2,NON TITO,,,JAWA TIMUR,1.0,RED,323893275,AREA 3,JATIM,LAMONGAN,TUBAN BOJONEGORO,,,0,0,0,JAWA TIMUR,TUBAN,TUBAN,SIDOREJO,TUBAN
2252518817,,ODP-TNZ-FP/18,-6.90073,112.063218,,,0,8,0,0,8,REGIONAL 5,MADIUN,TUBAN,TNZ,,,2024-03-16 23:24:20,43151,2018,2,NON TITO,,,JAWA TIMUR,1.0,RED,323893277,AREA 3,JATIM,LAMONGAN,TUBAN BOJONEGORO,,,0,0,0,JAWA TIMUR,TUBAN,TUBAN,KEBONSARI,TUBAN
2252518823,,ODP-TNZ-FQ/10,-6.902147,112.055252,,,0,8,0,0,8,REGIONAL 5,MADIUN,TUBAN,TNZ,,,2024-03-16 23:24:14,43151,2018,2,NON TITO,,,JAWA TIMUR,1.0,RED,323893281,AREA 3,JATIM,LAMONGAN,TUBAN BOJONEGORO,,,0,0,0,JAWA TIMUR,TUBAN,TUBAN,SIDOREJO,TUBAN
1482804644,,ODP-RGL-FAB/06,-7.013389,111.986015,,,0,8,0,0,8,REGIONAL 5,MADIUN,TUBAN,RGL,,,2024-03-16 23:28:53,42877,2017,5,NON TITO,,,JAWA TIMUR,1.0,RED,129914095,AREA 3,JATIM,LAMONGAN,TUBAN BOJONEGORO,,,0,0,0,JAWA TIMUR,TUBAN,GRABAGAN,GRABAGAN,TUBAN
1049083696,,ODP-TNZ-FH/26,-6.9083,112.06449,,,0,16,0,0,16,REGIONAL 5,MADIUN,TUBAN,TNZ,,,2024-03-16 23:22:28,42684,2016,11,NON TITO,,,JAWA TIMUR,1.0,RED,38446448,AREA 3,JATIM,LAMONGAN,TUBAN BOJONEGORO,,,0,0,0,JAWA TIMUR,TUBAN,SEMANDING,GEDONGOMBO,TUBAN
2575618550,,ODP-KRK-FE/26,-6.861864,111.802936,,,0,8,0,0,8,REGIONAL 5,MADIUN,TUBAN,KRK,,,2024-03-16 23:23:54,43247,2018,5,NON TITO,,,JAWA TIMUR,1.0,RED,356505496,AREA 3,JATIM,LAMONGAN,TUBAN BOJONEGORO,,,0,0,0,JAWA TIMUR,TUBAN,TAMBAKBOYO,MANDER,TUBAN
2252518737,,ODP-TNZ-FL/07,-6.900577,112.051281,,,0,8,0,0,8,REGIONAL 5,MADIUN,TUBAN,TNZ,,,2024-03-16 23:24:17,43151,2018,2,NON TITO,,,JAWA TIMUR,1.0,RED,323893227,AREA 3,JATIM,LAMONGAN,TUBAN BOJONEGORO,,,0,0,0,JAWA TIMUR,TUBAN,TUBAN,SIDOREJO,TUBAN
2604270779,,ODP-TNZ-FH/56,-6.906559,112.057027,,,0,8,0,0,8,REGIONAL 5,MADIUN,TUBAN,TNZ,,,2024-03-16 23:22:24,43257,2018,6,NON TITO,,,JAWA TIMUR,1.0,RED,361303564,AREA 3,JATIM,LAMONGAN,TUBAN BOJONEGORO,,,0,0,0,JAWA TIMUR,TUBAN,TUBAN,SIDOREJO,TUBAN
970855714,,ODP-TNZ-FH/04,-6.926985,112.054162,,,0,8,0,0,8,REGIONAL 5,MADIUN,TUBAN,TNZ,,,2024-03-16 23:24:39,42651,2016,10,NON TITO,,,JAWA TIMUR,1.0,RED,36619286,AREA 3,JATIM,LAMONGAN,TUBAN BOJONEGORO,,,0,0,0,JAWA TIMUR,TUBAN,SEMANDING,PRUNGGAHAN  WETAN,TUBAN
2252518713,,ODP-TNZ-FL/03,-6.89799,112.04864,,,0,8,0,0,8,REGIONAL 5,MADIUN,TUBAN,TNZ,,,2024-03-16 23:24:20,43151,2018,2,NON TITO,,,JAWA TIMUR,1.0,RED,323893211,AREA 3,JATIM,LAMONGAN,TUBAN BOJONEGORO,,,0,0,0,JAWA TIMUR,TUBAN,TUBAN,SIDOREJO,TUBAN
970856359,,ODP-TNZ-FH/09,-6.93019,112.062081,,,0,8,0,0,8,REGIONAL 5,MADIUN,TUBAN,TNZ,,,2024-03-16 23:24:44,42651,2016,10,NON TITO,,,JAWA TIMUR,1.0,RED,36619641,AREA 3,JATIM,LAMONGAN,TUBAN BOJONEGORO,,,0,0,0,JAWA TIMUR,TUBAN,SEMANDING,SEMANDING,TUBAN
2252518716,,ODP-TNZ-FR/08,-6.900247,112.064168,,,0,16,0,0,16,REGIONAL 5,MADIUN,TUBAN,TNZ,,,2024-03-16 23:24:27,43151,2018,2,NON TITO,,,JAWA TIMUR,1.0,RED,323893213,AREA 3,JATIM,LAMONGAN,TUBAN BOJONEGORO,,,0,0,0,JAWA TIMUR,TUBAN,TUBAN,KEBONSARI,TUBAN
2252518719,,ODP-TNZ-FQ/19,-6.909297,112.055785,,,0,16,0,0,16,REGIONAL 5,MADIUN,TUBAN,TNZ,,,2024-03-16 23:24:28,43151,2018,2,NON TITO,,,JAWA TIMUR,1.0,RED,323893215,AREA 3,JATIM,LAMONGAN,TUBAN BOJONEGORO,,,0,0,0,JAWA TIMUR,TUBAN,SEMANDING,KARANG,TUBAN
1026797328,,ODP-JTR-FC/16,-6.968094,111.715055,,,0,8,0,0,8,REGIONAL 5,MADIUN,TUBAN,JTR,,,2024-03-16 23:26:02,42672,2016,10,NON TITO,,,JAWA TIMUR,1.0,RED,37183890,AREA 3,JATIM,LAMONGAN,TUBAN BOJONEGORO,,,0,0,0,JAWA TIMUR,TUBAN,BANGILAN,BANGILAN,TUBAN
1030548833,,ODP-RGL-FAC/20,-7.028772,112.101817,,,0,8,0,0,8,REGIONAL 5,MADIUN,TUBAN,RGL,,,2024-03-16 23:22:40,42676,2016,11,NON TITO,,,JAWA TIMUR,1.0,RED,37199402,AREA 3,JATIM,LAMONGAN,TUBAN BOJONEGORO,,,0,0,0,JAWA TIMUR,TUBAN,PLUMPANG,PLUMPANG,TUBAN
1049081383,,ODP-TNZ-FH/30,-6.914184,112.06383,,,0,16,0,0,16,REGIONAL 5,MADIUN,TUBAN,TNZ,,,2024-03-16 23:29:14,42684,2016,11,NON TITO,,,JAWA TIMUR,1.0,RED,38444903,AREA 3,JATIM,LAMONGAN,TUBAN BOJONEGORO,,,0,0,0,JAWA TIMUR,TUBAN,SEMANDING,BEJAGUNG,TUBAN
1026804455,,ODP-MRR-FAC/32,-6.882998,112.009293,,,0,8,0,0,8,REGIONAL 5,MADIUN,TUBAN,MRR,,,2024-03-16 23:27:19,42675,2016,11,NON TITO,,,JAWA TIMUR,1.0,RED,37399367,AREA 3,JATIM,LAMONGAN,TUBAN BOJONEGORO,,,0,0,0,JAWA TIMUR,TUBAN,MERAKURAK,BOGOREJO,TUBAN
1293571388,,ODP-TNZ-FG/32,-6.893418,112.037342,,,0,16,0,0,16,REGIONAL 5,MADIUN,TUBAN,TNZ,,,2024-03-16 23:26:19,42793,2017,2,NON TITO,,,JAWA TIMUR,1.0,RED,79277574,AREA 3,JATIM,LAMONGAN,TUBAN BOJONEGORO,,,0,0,0,JAWA TIMUR,TUBAN,TUBAN,PERBON,TUBAN
2605694703,,ODP-TNZ-FH/62,-6.941728,112.048745,,,0,16,0,0,16,REGIONAL 5,MADIUN,TUBAN,TNZ,,,2024-03-16 23:26:47,43258,2018,6,NON TITO,,,JAWA TIMUR,1.0,RED,361304918,AREA 3,JATIM,LAMONGAN,TUBAN BOJONEGORO,,,0,0,0,JAWA TIMUR,TUBAN,SEMANDING,BEKTIHARJO,TUBAN
1482805747,,ODP-JTR-FA/05,-6.968171,111.779491,,,0,8,0,0,8,REGIONAL 5,MADIUN,TUBAN,JTR,,,2024-03-16 23:28:54,42877,2017,5,NON TITO,,,JAWA TIMUR,1.0,RED,129914810,AREA 3,JATIM,LAMONGAN,TUBAN BOJONEGORO,,,0,0,0,JAWA TIMUR,TUBAN,SINGGAHAN,MULYOAGUNG,TUBAN
1026805936,,ODP-MRR-FAC/31,-6.882804,112.00809,,,0,8,0,0,8,REGIONAL 5,MADIUN,TUBAN,MRR,,,2024-03-16 23:28:10,42675,2016,11,NON TITO,,,JAWA TIMUR,1.0,RED,37400278,AREA 3,JATIM,LAMONGAN,TUBAN BOJONEGORO,,,0,0,0,JAWA TIMUR,TUBAN,MERAKURAK,BOGOREJO,TUBAN
1030549108,,ODP-RGL-FAC/17,-7.030767,112.101539,,,0,16,0,0,16,REGIONAL 5,MADIUN,TUBAN,RGL,,,2024-03-16 23:22:46,42676,2016,11,NON TITO,,,JAWA TIMUR,1.0,RED,37407158,AREA 3,JATIM,LAMONGAN,TUBAN BOJONEGORO,,,0,0,0,JAWA TIMUR,TUBAN,PLUMPANG,PLUMPANG,TUBAN
2604270883,,ODP-TNZ-FH/55,-6.912129,112.054669,,,0,8,0,0,8,REGIONAL 5,MADIUN,TUBAN,TNZ,,,2024-03-16 23:23:10,43257,2018,6,NON TITO,,,JAWA TIMUR,1.0,RED,361303639,AREA 3,JATIM,LAMONGAN,TUBAN BOJONEGORO,,,0,0,0,JAWA TIMUR,TUBAN,SEMANDING,KARANG,TUBAN
2604270837,,ODP-TNZ-FH/54,-6.913656,112.054155,,,0,8,0,0,8,REGIONAL 5,MADIUN,TUBAN,TNZ,,,2024-03-16 23:23:06,43257,2018,6,NON TITO,,,JAWA TIMUR,1.0,RED,361303610,AREA 3,JATIM,LAMONGAN,TUBAN BOJONEGORO,,,0,0,0,JAWA TIMUR,TUBAN,SEMANDING,KARANG,TUBAN
1026805266,,ODP-MRR-FAC/33,-6.886065,112.008388,,,0,8,0,0,8,REGIONAL 5,MADIUN,TUBAN,MRR,,,2024-03-16 23:26:53,42675,2016,11,NON TITO,,,JAWA TIMUR,1.0,RED,37399869,AREA 3,JATIM,LAMONGAN,TUBAN BOJONEGORO,,,0,0,0,JAWA TIMUR,TUBAN,TUBAN,SUMURGUNG,TUBAN
1486696389,,GCL-BCR-F02/04,-6.783451,111.781534,,,0,8,0,0,8,REGIONAL 5,MADIUN,TUBAN,BCR,,,2024-03-16 23:26:46,42878,2017,5,NON TITO,,,JAWA TIMUR,1.0,RED,129919574,AREA 3,JATIM,LAMONGAN,TUBAN BOJONEGORO,,,0,0,0,JAWA TIMUR,TUBAN,BANCAR,BANCAR,TUBAN
1053386000,,ODP-MRR-FAC/45,-6.888811,112.014247,,,0,8,0,0,8,REGIONAL 5,MADIUN,TUBAN,MRR,,,2024-03-16 23:25:08,42692,2016,11,NON TITO,,,JAWA TIMUR,1.0,RED,38563414,AREA 3,JATIM,LAMONGAN,TUBAN BOJONEGORO,,,0,0,0,JAWA TIMUR,TUBAN,TUBAN,SUMURGUNG,TUBAN
2510523313,,ODP-JTR-FA/34,-7.006655,111.786525,,,0,8,0,0,8,REGIONAL 5,MADIUN,TUBAN,JTR,,,2024-03-16 23:26:16,43242,2018,5,NON TITO,,,JAWA TIMUR,1.0,RED,354545929,AREA 3,JATIM,LAMONGAN,TUBAN BOJONEGORO,,,0,0,0,JAWA TIMUR,TUBAN,SINGGAHAN,TUNGGULREJO,TUBAN
2252518944,,ODP-TNZ-FP/11,-6.90233,112.067403,,,0,8,0,0,8,REGIONAL 5,MADIUN,TUBAN,TNZ,,,2024-03-16 23:24:26,43151,2018,2,NON TITO,,,JAWA TIMUR,1.0,RED,323893355,AREA 3,JATIM,LAMONGAN,TUBAN BOJONEGORO,,,0,0,0,JAWA TIMUR,TUBAN,TUBAN,KEBONSARI,TUBAN
1221120684,,ODP-TNZ-FD/74,-6.901288,112.067662,,,0,16,0,0,16,REGIONAL 5,MADIUN,TUBAN,TNZ,,,2024-03-16 23:24:02,42774,2017,2,NON TITO,,,JAWA TIMUR,1.0,RED,62454588,AREA 3,JATIM,LAMONGAN,TUBAN BOJONEGORO,,,0,0,0,JAWA TIMUR,TUBAN,TUBAN,KEBONSARI,TUBAN
2252518950,,ODP-TNZ-FP/01,-6.906023,112.064934,,,0,8,0,0,8,REGIONAL 5,MADIUN,TUBAN,TNZ,,,2024-03-16 23:24:21,43151,2018,2,NON TITO,,,JAWA TIMUR,1.0,RED,323893359,AREA 3,JATIM,LAMONGAN,TUBAN BOJONEGORO,,,0,0,0,JAWA TIMUR,TUBAN,SEMANDING,GEDONGOMBO,TUBAN
1482796195,,ODP-TNZ-FJ/05,-6.902178,112.139977,,,0,8,0,0,8,REGIONAL 5,MADIUN,TUBAN,TNZ,,,2024-03-16 23:26:45,42877,2017,5,NON TITO,,,JAWA TIMUR,1.0,RED,129910196,AREA 3,JATIM,LAMONGAN,TUBAN BOJONEGORO,,,0,0,0,JAWA TIMUR,TUBAN,PALANG,PUCANGAN,TUBAN
2521022663,,ODP-JTR-FA/22,-6.974763,111.793527,,,0,8,0,0,8,REGIONAL 5,MADIUN,TUBAN,JTR,,,2024-03-16 23:22:16,43238,2018,5,NON TITO,,,JAWA TIMUR,1.0,RED,354261978,AREA 3,JATIM,LAMONGAN,TUBAN BOJONEGORO,,,0,0,0,JAWA TIMUR,TUBAN,SINGGAHAN,TINGKIS,TUBAN
1243693640,,ODP-RGL-FAB/09,-7.06172,112.005418,,,0,16,0,0,16,REGIONAL 5,MADIUN,TUBAN,RGL,,,2024-03-16 23:25:23,42779,2017,2,NON TITO,,,JAWA TIMUR,1.0,RED,62476208,AREA 3,JATIM,LAMONGAN,TUBAN BOJONEGORO,,,0,0,0,JAWA TIMUR,TUBAN,RENGEL,RENGEL,TUBAN
1482796155,,ODP-TNZ-FJ/07,-6.902244,112.141699,,,0,16,0,0,16,REGIONAL 5,MADIUN,TUBAN,TNZ,,,2024-03-16 23:26:42,42877,2017,5,NON TITO,,,JAWA TIMUR,1.0,RED,129910169,AREA 3,JATIM,LAMONGAN,TUBAN BOJONEGORO,,,0,0,0,JAWA TIMUR,TUBAN,PALANG,PUCANGAN,TUBAN
1221120678,,ODP-TNZ-FD/76,-6.899867,112.066833,,,0,8,0,0,8,REGIONAL 5,MADIUN,TUBAN,TNZ,,,2024-03-16 23:23:59,42774,2017,2,NON TITO,,,JAWA TIMUR,1.0,RED,62454584,AREA 3,JATIM,LAMONGAN,TUBAN BOJONEGORO,,,0,0,0,JAWA TIMUR,TUBAN,TUBAN,SENDANGHARJO,TUBAN
2252518992,,ODP-TNZ-FQ/17,-6.901833,112.057885,,,0,8,0,0,8,REGIONAL 5,MADIUN,TUBAN,TNZ,,,2024-03-16 23:24:19,43151,2018,2,NON TITO,,,JAWA TIMUR,1.0,RED,323893387,AREA 3,JATIM,LAMONGAN,TUBAN BOJONEGORO,,,0,0,0,JAWA TIMUR,TUBAN,TUBAN,DOROMUKTI,TUBAN
1482796065,,ODP-TNZ-FJ/18,-6.899933,112.163881,,,0,8,0,0,8,REGIONAL 5,MADIUN,TUBAN,TNZ,,,2024-03-16 23:21:04,42877,2017,5,NON TITO,,,JAWA TIMUR,1.0,RED,129910103,AREA 3,JATIM,LAMONGAN,TUBAN BOJONEGORO,,,0,0,0,JAWA TIMUR,TUBAN,PALANG,LERAN KULON,TUBAN
1219848287,,ODP-TNZ-FD/85,-6.902848,112.057142,,,0,16,0,0,16,REGIONAL 5,MADIUN,TUBAN,TNZ,,,2024-03-16 23:24:29,42773,2017,2,NON TITO,,,JAWA TIMUR,1.0,RED,62521208,AREA 3,JATIM,LAMONGAN,TUBAN BOJONEGORO,,,0,0,0,JAWA TIMUR,TUBAN,TUBAN,SIDOREJO,TUBAN
1287721003,,ODP-JTR-FAA/22,-6.917962,111.685652,,,0,8,0,0,8,REGIONAL 5,MADIUN,TUBAN,JTR,,,2024-03-16 23:28:15,42789,2017,2,NON TITO,,,JAWA TIMUR,1.0,RED,70138063,AREA 3,JATIM,LAMONGAN,TUBAN BOJONEGORO,,,0,0,0,JAWA TIMUR,TUBAN,JATIROGO,JATIKLABANG,TUBAN
1482796210,,ODP-TNZ-FJ/08,-6.902269,112.143051,,,0,16,0,0,16,REGIONAL 5,MADIUN,TUBAN,TNZ,,,2024-03-16 23:26:47,42877,2017,5,NON TITO,,,JAWA TIMUR,1.0,RED,129796090,AREA 3,JATIM,LAMONGAN,TUBAN BOJONEGORO,,,0,0,0,JAWA TIMUR,TUBAN,PALANG,LERAN KULON,TUBAN
2521022898,,ODP-JTR-FA/25,-6.970298,111.750218,,,0,8,0,0,8,REGIONAL 5,MADIUN,TUBAN,JTR,,,2024-03-16 23:23:03,43238,2018,5,NON TITO,,,JAWA TIMUR,1.0,RED,354230175,AREA 3,JATIM,LAMONGAN,TUBAN BOJONEGORO,,,0,0,0,JAWA TIMUR,TUBAN,SINGGAHAN,LAJO LOR,TUBAN
1221119382,,ODP-TNZ-FD/81,-6.902279,112.069101,,,0,8,0,0,8,REGIONAL 5,MADIUN,TUBAN,TNZ,,,2024-03-16 23:23:37,42774,2017,2,NON TITO,,,JAWA TIMUR,1.0,RED,62591138,AREA 3,JATIM,LAMONGAN,TUBAN BOJONEGORO,,,0,0,0,JAWA TIMUR,TUBAN,SEMANDING,GEDONGOMBO,TUBAN
1221119376,,ODP-TNZ-FD/70,-6.904757,112.070854,,,0,8,0,0,8,REGIONAL 5,MADIUN,TUBAN,TNZ,,,2024-03-16 23:23:26,42774,2017,2,NON TITO,,,JAWA TIMUR,1.0,RED,62591134,AREA 3,JATIM,LAMONGAN,TUBAN BOJONEGORO,,,0,0,0,JAWA TIMUR,TUBAN,SEMANDING,GEDONGOMBO,TUBAN
2510968802,,ODP-TNZ-FU/05,-6.879969,112.044663,,,0,8,0,0,8,REGIONAL 5,MADIUN,TUBAN,TNZ,,,2024-03-16 23:23:20,43235,2018,5,NON TITO,,,JAWA TIMUR,1.0,RED,354247495,AREA 3,JATIM,LAMONGAN,TUBAN BOJONEGORO,,,0,0,0,JAWA TIMUR,TUBAN,JENU,SUGIHWARAS,TUBAN
2252518859,,ODP-TNZ-FR/09,-6.899563,112.061737,,,0,8,0,0,8,REGIONAL 5,MADIUN,TUBAN,TNZ,,,2024-03-16 23:24:15,43151,2018,2,NON TITO,,,JAWA TIMUR,1.0,RED,323893303,AREA 3,JATIM,LAMONGAN,TUBAN BOJONEGORO,,,0,0,0,JAWA TIMUR,TUBAN,TUBAN,KEBONSARI,TUBAN
2252518904,,ODP-TNZ-FR/10,-6.899338,112.060889,,,0,16,0,0,16,REGIONAL 5,MADIUN,TUBAN,TNZ,,,2024-03-16 23:24:20,43151,2018,2,NON TITO,,,JAWA TIMUR,1.0,RED,323893333,AREA 3,JATIM,LAMONGAN,TUBAN BOJONEGORO,,,0,0,0,JAWA TIMUR,TUBAN,TUBAN,KEBONSARI,TUBAN
2521023098,,ODP-TNZ-FJ/50,-6.903547,112.173154,,,0,8,0,0,8,REGIONAL 5,MADIUN,TUBAN,TNZ,,,2024-03-16 23:23:10,43238,2018,5,NON TITO,,,JAWA TIMUR,1.0,RED,354262109,AREA 3,JATIM,LAMONGAN,TUBAN BOJONEGORO,,,0,0,0,JAWA TIMUR,TUBAN,PALANG,PLIWETAN,TUBAN
1053391229,,ODP-MRR-FAC/40,-6.896046,112.010471,,,0,8,0,0,8,REGIONAL 5,MADIUN,TUBAN,MRR,,,2024-03-16 23:26:41,42692,2016,11,NON TITO,,,JAWA TIMUR,1.0,RED,38566404,AREA 3,JATIM,LAMONGAN,TUBAN BOJONEGORO,,,0,0,0,JAWA TIMUR,TUBAN,TUBAN,SUMURGUNG,TUBAN
2510523308,,ODP-JTR-FA/30,-7.004728,111.786939,,,0,8,0,0,8,REGIONAL 5,MADIUN,TUBAN,JTR,,,2024-03-16 23:26:09,43242,2018,5,NON TITO,,,JAWA TIMUR,1.0,RED,354545926,AREA 3,JATIM,LAMONGAN,TUBAN BOJONEGORO,,,0,0,0,JAWA TIMUR,TUBAN,SINGGAHAN,TUNGGULREJO,TUBAN
2252518862,,ODP-TNZ-FN/20,-6.896461,112.060413,,,0,8,0,0,8,REGIONAL 5,MADIUN,TUBAN,TNZ,,,2024-03-16 23:24:15,43151,2018,2,NON TITO,,,JAWA TIMUR,1.0,RED,323893305,AREA 3,JATIM,LAMONGAN,TUBAN BOJONEGORO,,,0,0,0,JAWA TIMUR,TUBAN,TUBAN,SIDOMULYO,TUBAN
1482796295,,ODP-TNZ-FJ/17,-6.900044,112.165063,,,0,8,0,0,8,REGIONAL 5,MADIUN,TUBAN,TNZ,,,2024-03-16 23:26:43,42877,2017,5,NON TITO,,,JAWA TIMUR,1.0,RED,129910252,AREA 3,JATIM,LAMONGAN,TUBAN BOJONEGORO,,,0,0,0,JAWA TIMUR,TUBAN,PALANG,LERAN KULON,TUBAN
2252518995,,ODP-TNZ-FL/04,-6.898444,112.049342,,,0,8,0,0,8,REGIONAL 5,MADIUN,TUBAN,TNZ,,,2024-03-16 23:23:58,43151,2018,2,NON TITO,,,JAWA TIMUR,1.0,RED,323893389,AREA 3,JATIM,LAMONGAN,TUBAN BOJONEGORO,,,0,0,0,JAWA TIMUR,TUBAN,TUBAN,SIDOREJO,TUBAN
2510522984,,ODP-JTR-FA/33,-7.000776,111.786399,,,0,8,0,0,8,REGIONAL 5,MADIUN,TUBAN,JTR,,,2024-03-16 23:26:03,43241,2018,5,NON TITO,,,JAWA TIMUR,1.0,RED,354545729,AREA 3,JATIM,LAMONGAN,TUBAN BOJONEGORO,,,0,0,0,JAWA TIMUR,TUBAN,SINGGAHAN,TUNGGULREJO,TUBAN
1123640596,,ODP-RGL-FAD/05,-7.111841,111.948916,,,0,8,0,0,8,REGIONAL 5,MADIUN,TUBAN,RGL,,,2024-03-16 23:27:16,42744,2017,1,NON TITO,,,JAWA TIMUR,1.0,RED,39234539,AREA 3,JATIM,LAMONGAN,TUBAN BOJONEGORO,,,0,0,0,JAWA TIMUR,TUBAN,SOKO,SOKOSARI,TUBAN
1221120397,,ODP-TNZ-FD/83,-6.897341,112.065672,,,0,16,0,0,16,REGIONAL 5,MADIUN,TUBAN,TNZ,,,2024-03-16 23:24:02,42774,2017,2,NON TITO,,,JAWA TIMUR,1.0,RED,62454496,AREA 3,JATIM,LAMONGAN,TUBAN BOJONEGORO,,,0,0,0,JAWA TIMUR,TUBAN,TUBAN,SENDANGHARJO,TUBAN
2514871012,,ODP-TNZ-FV/13,-6.92123,112.050663,,,0,8,0,0,8,REGIONAL 5,MADIUN,TUBAN,TNZ,,,2024-03-16 23:24:11,43241,2018,5,NON TITO,,,JAWA TIMUR,1.0,RED,354281338,AREA 3,JATIM,LAMONGAN,TUBAN BOJONEGORO,,,0,0,0,JAWA TIMUR,TUBAN,SEMANDING,PRUNGGAHAN KULON,TUBAN
2481795990,,ODP-TNZ-FJ/43,-6.916229,112.15444,,,0,8,0,0,8,REGIONAL 5,MADIUN,TUBAN,TNZ,,,2024-03-16 23:23:57,43223,2018,5,NON TITO,,,JAWA TIMUR,1.0,RED,353722875,AREA 3,JATIM,LAMONGAN,TUBAN BOJONEGORO,,,0,0,0,JAWA TIMUR,TUBAN,PALANG,LERAN KULON,TUBAN
1123643363,,ODP-RGL-FAD/06,-7.113396,111.947602,,,0,8,0,0,8,REGIONAL 5,MADIUN,TUBAN,RGL,,,2024-03-16 23:27:16,42745,2017,1,NON TITO,,,JAWA TIMUR,1.0,RED,39381197,AREA 3,JATIM,LAMONGAN,TUBAN BOJONEGORO,,,0,0,0,JAWA TIMUR,TUBAN,SOKO,SOKOSARI,TUBAN
2252518871,,ODP-TNZ-FS/04,-6.900413,112.066559,,,0,8,0,0,8,REGIONAL 5,MADIUN,TUBAN,TNZ,,,2024-03-16 23:23:57,43151,2018,2,NON TITO,,,JAWA TIMUR,1.0,RED,323893311,AREA 3,JATIM,LAMONGAN,TUBAN BOJONEGORO,,,0,0,0,JAWA TIMUR,TUBAN,TUBAN,SENDANGHARJO,TUBAN
2252518889,,ODP-TNZ-FQ/14,-6.900441,112.057481,,,0,8,0,0,8,REGIONAL 5,MADIUN,TUBAN,TNZ,,,2024-03-16 23:24:19,43151,2018,2,NON TITO,,,JAWA TIMUR,1.0,RED,323893323,AREA 3,JATIM,LAMONGAN,TUBAN BOJONEGORO,,,0,0,0,JAWA TIMUR,TUBAN,TUBAN,DOROMUKTI,TUBAN
1221120388,,ODP-TNZ-FD/69,-6.905442,112.071525,,,0,8,0,0,8,REGIONAL 5,MADIUN,TUBAN,TNZ,,,2024-03-16 23:23:23,42774,2017,2,NON TITO,,,JAWA TIMUR,1.0,RED,62454490,AREA 3,JATIM,LAMONGAN,TUBAN BOJONEGORO,,,0,0,0,JAWA TIMUR,TUBAN,SEMANDING,GEDONGOMBO,TUBAN
2521023223,,ODP-TNZ-FV/10,-6.922196,112.054738,,,0,8,0,0,8,REGIONAL 5,MADIUN,TUBAN,TNZ,,,2024-03-16 23:23:01,43238,2018,5,NON TITO,,,JAWA TIMUR,1.0,RED,354262173,AREA 3,JATIM,LAMONGAN,TUBAN BOJONEGORO,,,0,0,0,JAWA TIMUR,TUBAN,SEMANDING,PRUNGGAHAN  WETAN,TUBAN
2252518901,,ODP-TNZ-FM/06,-6.889264,112.055939,,,0,16,0,0,16,REGIONAL 5,MADIUN,TUBAN,TNZ,,,2024-03-16 23:24:20,43151,2018,2,NON TITO,,,JAWA TIMUR,1.0,RED,323893331,AREA 3,JATIM,LAMONGAN,TUBAN BOJONEGORO,,,0,0,0,JAWA TIMUR,TUBAN,TUBAN,KINGKING,TUBAN
2514870969,,ODP-TNZ-FS/24,-6.899123,112.067802,,,0,8,0,0,8,REGIONAL 5,MADIUN,TUBAN,TNZ,,,2024-03-16 23:24:01,43241,2018,5,NON TITO,,,JAWA TIMUR,1.0,RED,354281307,AREA 3,JATIM,LAMONGAN,TUBAN BOJONEGORO,,,0,0,0,JAWA TIMUR,TUBAN,TUBAN,SENDANGHARJO,TUBAN
970855016,,ODP-TNZ-FH/08,-6.929622,112.06053,,,0,8,0,0,8,REGIONAL 5,MADIUN,TUBAN,TNZ,,,2024-03-16 23:24:27,42651,2016,10,NON TITO,,,JAWA TIMUR,1.0,RED,36618896,AREA 3,JATIM,LAMONGAN,TUBAN BOJONEGORO,,,0,0,0,JAWA TIMUR,TUBAN,SEMANDING,SEMANDING,TUBAN
2606971791,,ODP-RGL-FAA/13,-7.03577,112.073108,,,0,8,0,0,8,REGIONAL 5,MADIUN,TUBAN,RGL,,,2024-03-16 23:26:29,43257,2018,6,NON TITO,,,JAWA TIMUR,1.0,RED,361379235,AREA 3,JATIM,LAMONGAN,TUBAN BOJONEGORO,,,0,0,0,JAWA TIMUR,TUBAN,PLUMPANG,KESAMBEN,TUBAN
2252518710,,ODP-TNZ-FN/15,-6.89476,112.059695,,,0,8,0,0,8,REGIONAL 5,MADIUN,TUBAN,TNZ,,,2024-03-16 23:24:21,43151,2018,2,NON TITO,,,JAWA TIMUR,1.0,RED,323893209,AREA 3,JATIM,LAMONGAN,TUBAN BOJONEGORO,,,0,0,0,JAWA TIMUR,TUBAN,TUBAN,SIDOMULYO,TUBAN
916768573,,ODP-TNZ-FA/93,-6.88617,112.02885,,,0,8,0,0,8,REGIONAL 5,MADIUN,TUBAN,TNZ,,,2024-03-16 23:27:56,42628,2016,9,NON TITO,,,JAWA TIMUR,1.0,RED,35671982,AREA 3,JATIM,LAMONGAN,TUBAN BOJONEGORO,,,0,0,0,JAWA TIMUR,TUBAN,TUBAN,PERBON,TUBAN
2720226021,,ODP-KRK-FF/10,-6.877055,111.892092,,,0,8,0,0,8,REGIONAL 5,MADIUN,TUBAN,KRK,,,2024-03-16 23:28:52,43306,2018,7,NON TITO,,,JAWA TIMUR,1.0,RED,368135795,AREA 3,JATIM,LAMONGAN,TUBAN BOJONEGORO,,,0,0,0,JAWA TIMUR,TUBAN,KEREK,SUMBERARUM,TUBAN
2720225917,,ODP-KRK-FF/01,-6.901427,111.904373,,,0,8,0,0,8,REGIONAL 5,MADIUN,TUBAN,KRK,,,2024-03-16 23:28:36,43306,2018,7,NON TITO,,,JAWA TIMUR,1.0,RED,368135721,AREA 3,JATIM,LAMONGAN,TUBAN BOJONEGORO,,,0,0,0,JAWA TIMUR,TUBAN,KEREK,PADASAN,TUBAN
2720225388,,ODP-KRK-FF/02,-6.889441,111.908475,,,0,8,0,0,8,REGIONAL 5,MADIUN,TUBAN,KRK,,,2024-03-16 23:28:31,43306,2018,7,NON TITO,,,JAWA TIMUR,1.0,RED,368135408,AREA 3,JATIM,LAMONGAN,TUBAN BOJONEGORO,,,0,0,0,JAWA TIMUR,TUBAN,KEREK,KARANGLO,TUBAN
2252518588,,ODP-TNZ-FP/13,-6.903494,112.065514,,,0,16,0,0,16,REGIONAL 5,MADIUN,TUBAN,TNZ,,,2024-03-16 23:24:12,43151,2018,2,NON TITO,,,JAWA TIMUR,1.0,RED,323893129,AREA 3,JATIM,LAMONGAN,TUBAN BOJONEGORO,,,0,0,0,JAWA TIMUR,TUBAN,TUBAN,KEBONSARI,TUBAN
2720222076,,ODP-KRK-FF/11,-6.87796,111.894532,,,0,16,0,0,16,REGIONAL 5,MADIUN,TUBAN,KRK,,,2024-03-16 23:27:19,43306,2018,7,NON TITO,,,JAWA TIMUR,1.0,RED,368133431,AREA 3,JATIM,LAMONGAN,TUBAN BOJONEGORO,,,0,0,0,JAWA TIMUR,TUBAN,KEREK,SUMBERARUM,TUBAN
934619089,,ODP-TNZ-FC/45,-6.899681,112.051843,,,0,8,0,0,8,REGIONAL 5,MADIUN,TUBAN,TNZ,,,2024-03-16 23:28:33,42635,2016,9,NON TITO,,,JAWA TIMUR,1.0,RED,35698341,AREA 3,JATIM,LAMONGAN,TUBAN BOJONEGORO,,,0,0,0,JAWA TIMUR,TUBAN,TUBAN,SIDOREJO,TUBAN
916768551,,ODP-TNZ-FA/92,-6.88618,112.02907,,,0,8,0,0,8,REGIONAL 5,MADIUN,TUBAN,TNZ,,,2024-03-16 23:27:40,42628,2016,9,NON TITO,,,JAWA TIMUR,1.0,RED,35671866,AREA 3,JATIM,LAMONGAN,TUBAN BOJONEGORO,,,0,0,0,JAWA TIMUR,TUBAN,TUBAN,PERBON,TUBAN
934619099,,ODP-TNZ-FC/46,-6.899373,112.051242,,,0,8,0,0,8,REGIONAL 5,MADIUN,TUBAN,TNZ,,,2024-03-16 23:28:27,42635,2016,9,NON TITO,,,JAWA TIMUR,1.0,RED,35698450,AREA 3,JATIM,LAMONGAN,TUBAN BOJONEGORO,,,0,0,0,JAWA TIMUR,TUBAN,TUBAN,SIDOREJO,TUBAN
2699297958,,ODP-KRK-FE/27,-6.903501,111.890796,,,0,8,0,0,8,REGIONAL 5,MADIUN,TUBAN,KRK,,,2024-03-16 23:28:31,43301,2018,7,NON TITO,,,JAWA TIMUR,1.0,RED,362585290,AREA 3,JATIM,LAMONGAN,TUBAN BOJONEGORO,,,0,0,0,JAWA TIMUR,TUBAN,KEREK,MARGOMULYO,TUBAN
2694196661,,ODP-JTR-FAA/32,-6.935851,111.69231,,,0,8,0,0,8,REGIONAL 5,MADIUN,TUBAN,JTR,,,2024-03-16 23:22:24,43300,2018,7,NON TITO,,,JAWA TIMUR,1.0,RED,362577924,AREA 3,JATIM,LAMONGAN,TUBAN BOJONEGORO,,,0,0,0,JAWA TIMUR,TUBAN,BANGILAN,KEDUNGJAMBANGAN,TUBAN
934544550,,ODP-TNZ-FC/50,-6.89682,112.04834,,,0,8,0,0,8,REGIONAL 5,MADIUN,TUBAN,TNZ,,,2024-03-16 23:26:30,42635,2016,9,NON TITO,,,JAWA TIMUR,1.0,RED,35699040,AREA 3,JATIM,LAMONGAN,TUBAN BOJONEGORO,,,0,0,0,JAWA TIMUR,TUBAN,TUBAN,SIDOREJO,TUBAN
2252519035,,ODP-TNZ-FQ/02,-6.903156,112.053925,,,0,8,0,0,8,REGIONAL 5,MADIUN,TUBAN,TNZ,,,2024-03-16 23:23:50,43151,2018,2,NON TITO,,,JAWA TIMUR,1.0,RED,323893412,AREA 3,JATIM,LAMONGAN,TUBAN BOJONEGORO,,,0,0,0,JAWA TIMUR,TUBAN,TUBAN,SIDOREJO,TUBAN
2692169694,,ODP-JTR-FF/33,-6.922507,111.667402,,,0,8,0,0,8,REGIONAL 5,MADIUN,TUBAN,JTR,,,2024-03-16 23:23:20,43299,2018,7,NON TITO,,,JAWA TIMUR,1.0,RED,362353924,AREA 3,JATIM,LAMONGAN,TUBAN BOJONEGORO,,,0,0,0,JAWA TIMUR,TUBAN,KENDURUAN,SOKOGRENJENG,TUBAN
934619065,,ODP-TNZ-FC/43,-6.896659,112.052227,,,0,16,0,0,16,REGIONAL 5,MADIUN,TUBAN,TNZ,,,2024-03-16 23:28:32,42635,2016,9,NON TITO,,,JAWA TIMUR,1.0,RED,35771253,AREA 3,JATIM,LAMONGAN,TUBAN BOJONEGORO,,,0,0,0,JAWA TIMUR,TUBAN,TUBAN,RONGGOMULYO,TUBAN
2692169542,,ODP-BCR-FAC/45,-6.773969,111.713668,,,0,8,0,0,8,REGIONAL 5,MADIUN,TUBAN,BCR,,,2024-03-16 23:22:40,43299,2018,7,NON TITO,,,JAWA TIMUR,1.0,RED,362353878,AREA 3,JATIM,LAMONGAN,TUBAN BOJONEGORO,,,0,0,0,JAWA TIMUR,TUBAN,BANCAR,SUKOLILO,TUBAN
934544510,,ODP-TNZ-FC/47,-6.899087,112.050279,,,0,8,0,0,8,REGIONAL 5,MADIUN,TUBAN,TNZ,,,2024-03-16 23:26:30,42635,2016,9,NON TITO,,,JAWA TIMUR,1.0,RED,35698751,AREA 3,JATIM,LAMONGAN,TUBAN BOJONEGORO,,,0,0,0,JAWA TIMUR,TUBAN,TUBAN,SIDOREJO,TUBAN
2670793708,,ODP-JTR-FC/29,-6.970604,111.715129,,,0,8,0,0,8,REGIONAL 5,MADIUN,TUBAN,JTR,,,2024-03-16 23:25:09,43289,2018,7,NON TITO,,,JAWA TIMUR,1.0,RED,361945073,AREA 3,JATIM,LAMONGAN,TUBAN BOJONEGORO,,,0,0,0,JAWA TIMUR,TUBAN,BANGILAN,BANGILAN,TUBAN
2720222097,,ODP-KRK-FF/08,-6.874068,111.88559,,,0,8,0,0,8,REGIONAL 5,MADIUN,TUBAN,KRK,,,2024-03-16 23:28:00,43306,2018,7,NON TITO,,,JAWA TIMUR,1.0,RED,375463807,AREA 3,JATIM,LAMONGAN,TUBAN BOJONEGORO,,,0,0,0,JAWA TIMUR,TUBAN,KEREK,KASIMAN,TUBAN
908743565,,ODP-TNZ-FA/90,-6.885568,112.0291,,,0,8,0,0,8,REGIONAL 5,MADIUN,TUBAN,TNZ,,,2024-03-16 23:27:41,42627,2016,9,NON TITO,,,JAWA TIMUR,1.0,RED,35668361,AREA 3,JATIM,LAMONGAN,TUBAN BOJONEGORO,,,0,0,0,JAWA TIMUR,TUBAN,TUBAN,PERBON,TUBAN
2481795716,,ODP-TNZ-FJ/24,-6.902649,112.126876,,,0,8,0,0,8,REGIONAL 5,MADIUN,TUBAN,TNZ,,,2024-03-16 23:24:35,43222,2018,5,NON TITO,,,JAWA TIMUR,1.0,RED,353722789,AREA 3,JATIM,LAMONGAN,TUBAN BOJONEGORO,,,0,0,0,JAWA TIMUR,TUBAN,PALANG,PUCANGAN,TUBAN
2944619452,,ODP-RGL-FAA/10,-7.034511,112.073861,,,0,8,0,0,8,REGIONAL 5,MADIUN,TUBAN,RGL,,,2024-03-16 23:27:20,43364,2018,9,NON TITO,,,JAWA TIMUR,1.0,RED,404366058,AREA 3,JATIM,LAMONGAN,TUBAN BOJONEGORO,,,0,0,0,JAWA TIMUR,TUBAN,PLUMPANG,KEPOH AGUNG,TUBAN
2252519044,,ODP-TNZ-FR/04,-6.898423,112.06215,,,0,8,0,0,8,REGIONAL 5,MADIUN,TUBAN,TNZ,,,2024-03-16 23:23:53,43151,2018,2,NON TITO,,,JAWA TIMUR,1.0,RED,323893418,AREA 3,JATIM,LAMONGAN,TUBAN BOJONEGORO,,,0,0,0,JAWA TIMUR,TUBAN,TUBAN,KUTOREJO,TUBAN
2238794062,,ODP-KRK-FE/14,-6.894535,111.888713,,,0,8,0,0,8,REGIONAL 5,MADIUN,TUBAN,KRK,,,2024-03-16 23:23:31,43144,2018,2,NON TITO,,,JAWA TIMUR,1.0,RED,323488350,AREA 3,JATIM,LAMONGAN,TUBAN BOJONEGORO,,,0,0,0,JAWA TIMUR,TUBAN,KEREK,MARGOMULYO,TUBAN
2840443558,,ODP-RGL-FAG/07,-6.983143,112.114776,,,0,8,0,0,8,REGIONAL 5,MADIUN,TUBAN,RGL,,,2024-03-16 23:27:57,43333,2018,8,NON TITO,,,JAWA TIMUR,1.0,RED,389571068,AREA 3,JATIM,LAMONGAN,TUBAN BOJONEGORO,,,0,0,0,JAWA TIMUR,TUBAN,SEMANDING,GESING,TUBAN
2840443553,,ODP-RGL-FAG/04,-6.99103,112.119844,,,0,8,0,0,8,REGIONAL 5,MADIUN,TUBAN,RGL,,,2024-03-16 23:26:58,43333,2018,8,NON TITO,,,JAWA TIMUR,1.0,RED,389571067,AREA 3,JATIM,LAMONGAN,TUBAN BOJONEGORO,,,0,0,0,JAWA TIMUR,TUBAN,WIDANG,MINOHOREJO,TUBAN
842368843,,ODP-MRR-FAB/14,-6.832144,111.99791,,,0,16,0,0,16,REGIONAL 5,MADIUN,TUBAN,MRR,,,2024-03-16 23:29:15,42607,2016,8,NON TITO,,,JAWA TIMUR,1.0,RED,34759819,AREA 3,JATIM,LAMONGAN,TUBAN BOJONEGORO,,,0,0,0,JAWA TIMUR,TUBAN,JENU,BEJI,TUBAN
916768537,,ODP-TNZ-FA/91,-6.885881,112.028964,,,0,8,0,0,8,REGIONAL 5,MADIUN,TUBAN,TNZ,,,2024-03-16 23:27:12,42628,2016,9,NON TITO,,,JAWA TIMUR,1.0,RED,35671819,AREA 3,JATIM,LAMONGAN,TUBAN BOJONEGORO,,,0,0,0,JAWA TIMUR,TUBAN,TUBAN,PERBON,TUBAN
842443640,,ODP-JTR-FAA/07,-6.890527,111.66506,,,0,8,0,0,8,REGIONAL 5,MADIUN,TUBAN,JTR,,,2024-03-16 23:24:01,42607,2016,8,NON TITO,,,JAWA TIMUR,1.0,RED,34760455,AREA 3,JATIM,LAMONGAN,TUBAN BOJONEGORO,,,0,0,0,JAWA TIMUR,TUBAN,JATIROGO,SUGIHAN,TUBAN
2767169249,,ODP-RGL-FAC/28,-6.997848,112.182517,,,0,8,0,0,8,REGIONAL 5,MADIUN,TUBAN,RGL,,,2024-03-16 23:24:17,43315,2018,8,NON TITO,,,JAWA TIMUR,1.0,RED,388895190,AREA 3,JATIM,LAMONGAN,TUBAN BOJONEGORO,,,0,0,0,JAWA TIMUR,TUBAN,WIDANG,MLANGI,TUBAN
843718671,,ODP-JTR-FAA/05,-6.894095,111.668421,,,0,8,0,0,8,REGIONAL 5,MADIUN,TUBAN,JTR,,,2024-03-16 23:23:27,42607,2016,8,NON TITO,,,JAWA TIMUR,1.0,RED,34761302,AREA 3,JATIM,LAMONGAN,TUBAN BOJONEGORO,,,0,0,0,JAWA TIMUR,TUBAN,JATIROGO,SUGIHAN,TUBAN
842144686,,ODP-TNZ-FE/06,-6.894599,112.066488,,,0,16,0,0,16,REGIONAL 5,MADIUN,TUBAN,TNZ,,,2024-03-16 23:22:43,42611,2016,8,NON TITO,,,JAWA TIMUR,1.0,RED,34777032,AREA 3,JATIM,LAMONGAN,TUBAN BOJONEGORO,,,0,0,0,JAWA TIMUR,TUBAN,TUBAN,SENDANGHARJO,TUBAN
2238794067,,ODP-KRK-FE/02,-6.899119,111.87867,,,0,8,0,0,8,REGIONAL 5,MADIUN,TUBAN,KRK,,,2024-03-16 23:23:43,43144,2018,2,NON TITO,,,JAWA TIMUR,1.0,RED,323488353,AREA 3,JATIM,LAMONGAN,TUBAN BOJONEGORO,,,0,0,0,JAWA TIMUR,TUBAN,KEREK,MARGOREJO,TUBAN
2238794072,,ODP-KRK-FE/06,-6.90417,111.884587,,,0,8,0,0,8,REGIONAL 5,MADIUN,TUBAN,KRK,,,2024-03-16 23:23:50,43144,2018,2,NON TITO,,,JAWA TIMUR,1.0,RED,323488356,AREA 3,JATIM,LAMONGAN,TUBAN BOJONEGORO,,,0,0,0,JAWA TIMUR,TUBAN,KEREK,MARGOMULYO,TUBAN
1487819600,,ODP-TNZ-FK/09,-6.912907,112.090111,,,0,8,0,0,8,REGIONAL 5,MADIUN,TUBAN,TNZ,,,2024-03-16 23:29:05,42879,2017,5,NON TITO,,,JAWA TIMUR,1.0,RED,129987109,AREA 3,JATIM,LAMONGAN,TUBAN BOJONEGORO,,,0,0,0,JAWA TIMUR,TUBAN,PALANG,TASIKMADU,TUBAN
1487819397,,ODP-TNZ-FK/31,-6.914126,112.089388,,,0,8,0,0,8,REGIONAL 5,MADIUN,TUBAN,TNZ,,,2024-03-16 23:29:15,42879,2017,5,NON TITO,,,JAWA TIMUR,1.0,RED,129986962,AREA 3,JATIM,LAMONGAN,TUBAN BOJONEGORO,,,0,0,0,JAWA TIMUR,TUBAN,PALANG,TASIKMADU,TUBAN
843718663,,ODP-JTR-FAA/06,-6.89288,111.66629,,,0,8,0,0,8,REGIONAL 5,MADIUN,TUBAN,JTR,,,2024-03-16 23:23:01,42607,2016,8,NON TITO,,,JAWA TIMUR,1.0,RED,34761144,AREA 3,JATIM,LAMONGAN,TUBAN BOJONEGORO,,,0,0,0,JAWA TIMUR,TUBAN,JATIROGO,SUGIHAN,TUBAN
2252518594,,ODP-TNZ-FM/02,-6.895545,112.050012,,,0,8,0,0,8,REGIONAL 5,MADIUN,TUBAN,TNZ,,,2024-03-16 23:24:17,43151,2018,2,NON TITO,,,JAWA TIMUR,1.0,RED,323893133,AREA 3,JATIM,LAMONGAN,TUBAN BOJONEGORO,,,0,0,0,JAWA TIMUR,TUBAN,TUBAN,RONGGOMULYO,TUBAN
2670793688,,ODP-JTR-FC/26,-6.965836,111.714999,,,0,8,0,0,8,REGIONAL 5,MADIUN,TUBAN,JTR,,,2024-03-16 23:25:17,43289,2018,7,NON TITO,,,JAWA TIMUR,1.0,RED,361945056,AREA 3,JATIM,LAMONGAN,TUBAN BOJONEGORO,,,0,0,0,JAWA TIMUR,TUBAN,BANGILAN,BANGILAN,TUBAN
934544538,,ODP-TNZ-FC/49,-6.896969,112.048564,,,0,8,0,0,8,REGIONAL 5,MADIUN,TUBAN,TNZ,,,2024-03-16 23:26:22,42635,2016,9,NON TITO,,,JAWA TIMUR,1.0,RED,35771922,AREA 3,JATIM,LAMONGAN,TUBAN BOJONEGORO,,,0,0,0,JAWA TIMUR,TUBAN,TUBAN,SIDOREJO,TUBAN
2154119903,,ODP-TNZ-FG/64,-6.893899,112.03995,,,0,8,0,0,8,REGIONAL 5,MADIUN,TUBAN,TNZ,,,2024-03-16 23:27:08,43118,2018,1,NON TITO,,,JAWA TIMUR,1.0,RED,286906829,AREA 3,JATIM,LAMONGAN,TUBAN BOJONEGORO,,,0,0,0,JAWA TIMUR,TUBAN,TUBAN,LATSARI,TUBAN
943993585,,ODP-RGL-FAC/13,-7.029894,112.096121,,,0,8,0,0,8,REGIONAL 5,MADIUN,TUBAN,RGL,,,2024-03-16 23:22:21,42636,2016,9,NON TITO,,,JAWA TIMUR,1.0,RED,36041752,AREA 3,JATIM,LAMONGAN,TUBAN BOJONEGORO,,,0,0,0,JAWA TIMUR,TUBAN,PLUMPANG,PLUMPANG,TUBAN
2252518689,,ODP-TNZ-FQ/18,-6.901785,112.059144,,,0,8,0,0,8,REGIONAL 5,MADIUN,TUBAN,TNZ,,,2024-03-16 23:24:00,43151,2018,2,NON TITO,,,JAWA TIMUR,1.0,RED,323893195,AREA 3,JATIM,LAMONGAN,TUBAN BOJONEGORO,,,0,0,0,JAWA TIMUR,TUBAN,TUBAN,KEBONSARI,TUBAN
2670793583,,ODP-JTR-FC/34,-6.978382,111.719182,,,0,8,0,0,8,REGIONAL 5,MADIUN,TUBAN,JTR,,,2024-03-16 23:25:07,43289,2018,7,NON TITO,,,JAWA TIMUR,1.0,RED,361944976,AREA 3,JATIM,LAMONGAN,TUBAN BOJONEGORO,,,0,0,0,JAWA TIMUR,TUBAN,BANGILAN,WEDEN,TUBAN
941968661,,ODP-TNZ-FE/15,-6.89668,112.07601,,,0,16,0,0,16,REGIONAL 5,MADIUN,TUBAN,TNZ,,,2024-03-16 23:23:23,42636,2016,9,NON TITO,,,JAWA TIMUR,1.0,RED,36042050,AREA 3,JATIM,LAMONGAN,TUBAN BOJONEGORO,,,0,0,0,JAWA TIMUR,TUBAN,TUBAN,SUKOLILO,TUBAN
2481795850,,ODP-TNZ-FJ/47,-6.903976,112.154139,,,0,8,0,0,8,REGIONAL 5,MADIUN,TUBAN,TNZ,,,2024-03-16 23:24:15,43222,2018,5,NON TITO,,,JAWA TIMUR,1.0,RED,353722830,AREA 3,JATIM,LAMONGAN,TUBAN BOJONEGORO,,,0,0,0,JAWA TIMUR,TUBAN,PALANG,LERAN KULON,TUBAN
946544464,,ODP-TNZ-FH/14,-6.934902,112.05847,,,0,8,0,0,8,REGIONAL 5,MADIUN,TUBAN,TNZ,,,2024-03-16 23:22:05,42637,2016,9,NON TITO,,,JAWA TIMUR,1.0,RED,36045006,AREA 3,JATIM,LAMONGAN,TUBAN BOJONEGORO,,,0,0,0,JAWA TIMUR,TUBAN,SEMANDING,SEMANDING,TUBAN
936569854,,ODP-RGL-FAC/12,-7.029371,112.095581,,,0,16,0,0,16,REGIONAL 5,MADIUN,TUBAN,RGL,,,2024-03-16 23:25:02,42635,2016,9,NON TITO,,,JAWA TIMUR,1.0,RED,36039453,AREA 3,JATIM,LAMONGAN,TUBAN BOJONEGORO,,,0,0,0,JAWA TIMUR,TUBAN,PLUMPANG,PLUMPANG,TUBAN
2252519032,,ODP-TNZ-FP/16,-6.900131,112.060856,,,0,8,0,0,8,REGIONAL 5,MADIUN,TUBAN,TNZ,,,2024-03-16 23:24:20,43151,2018,2,NON TITO,,,JAWA TIMUR,1.0,RED,323893410,AREA 3,JATIM,LAMONGAN,TUBAN BOJONEGORO,,,0,0,0,JAWA TIMUR,TUBAN,TUBAN,KEBONSARI,TUBAN
946545667,,ODP-TNZ-FH/17,-6.935117,112.058122,,,0,8,0,0,8,REGIONAL 5,MADIUN,TUBAN,TNZ,,,2024-03-16 23:22:22,42637,2016,9,NON TITO,,,JAWA TIMUR,1.0,RED,36045679,AREA 3,JATIM,LAMONGAN,TUBAN BOJONEGORO,,,0,0,0,JAWA TIMUR,TUBAN,SEMANDING,SEMANDING,TUBAN
1487818973,,ODP-TNZ-FK/29,-6.914445,112.090717,,,0,8,0,0,8,REGIONAL 5,MADIUN,TUBAN,TNZ,,,2024-03-16 23:29:17,42879,2017,5,NON TITO,,,JAWA TIMUR,1.0,RED,129986672,AREA 3,JATIM,LAMONGAN,TUBAN BOJONEGORO,,,0,0,0,JAWA TIMUR,TUBAN,PALANG,TASIKMADU,TUBAN
946545670,,ODP-TNZ-FH/15,-6.935614,112.058388,,,0,8,0,0,8,REGIONAL 5,MADIUN,TUBAN,TNZ,,,2024-03-16 23:22:19,42637,2016,9,NON TITO,,,JAWA TIMUR,1.0,RED,36045681,AREA 3,JATIM,LAMONGAN,TUBAN BOJONEGORO,,,0,0,0,JAWA TIMUR,TUBAN,SEMANDING,SEMANDING,TUBAN
1487818970,,ODP-TNZ-FK/22,-6.912483,112.091793,,,0,8,0,0,8,REGIONAL 5,MADIUN,TUBAN,TNZ,,,2024-03-16 23:27:56,42879,2017,5,NON TITO,,,JAWA TIMUR,1.0,RED,129986670,AREA 3,JATIM,LAMONGAN,TUBAN BOJONEGORO,,,0,0,0,JAWA TIMUR,TUBAN,PALANG,TASIKMADU,TUBAN
2252518704,,ODP-TNZ-FQ/03,-6.898572,112.055398,,,0,8,0,0,8,REGIONAL 5,MADIUN,TUBAN,TNZ,,,2024-03-16 23:24:26,43151,2018,2,NON TITO,,,JAWA TIMUR,1.0,RED,323893205,AREA 3,JATIM,LAMONGAN,TUBAN BOJONEGORO,,,0,0,0,JAWA TIMUR,TUBAN,TUBAN,SIDOREJO,TUBAN
970854407,,ODP-TNZ-FH/12,-6.934406,112.058447,,,0,8,0,0,8,REGIONAL 5,MADIUN,TUBAN,TNZ,,,2024-03-16 23:24:19,42651,2016,10,NON TITO,,,JAWA TIMUR,1.0,RED,36105137,AREA 3,JATIM,LAMONGAN,TUBAN BOJONEGORO,,,0,0,0,JAWA TIMUR,TUBAN,SEMANDING,SEMANDING,TUBAN
970853163,,ODP-TNZ-FH/06,-6.928342,112.057407,,,0,8,0,0,8,REGIONAL 5,MADIUN,TUBAN,TNZ,,,2024-03-16 23:23:37,42651,2016,10,NON TITO,,,JAWA TIMUR,1.0,RED,36618363,AREA 3,JATIM,LAMONGAN,TUBAN BOJONEGORO,,,0,0,0,JAWA TIMUR,TUBAN,SEMANDING,SEMANDING,TUBAN
946545074,,ODP-TNZ-FH/13,-6.934386,112.059241,,,0,8,0,0,8,REGIONAL 5,MADIUN,TUBAN,TNZ,,,2024-03-16 23:21:19,42637,2016,9,NON TITO,,,JAWA TIMUR,1.0,RED,36045353,AREA 3,JATIM,LAMONGAN,TUBAN BOJONEGORO,,,0,0,0,JAWA TIMUR,TUBAN,SEMANDING,PENAMBANGAN,TUBAN
2670793593,,ODP-JTR-FC/30,-6.987776,111.71761,,,0,8,0,0,8,REGIONAL 5,MADIUN,TUBAN,JTR,,,2024-03-16 23:25:08,43289,2018,7,NON TITO,,,JAWA TIMUR,1.0,RED,361944982,AREA 3,JATIM,LAMONGAN,TUBAN BOJONEGORO,,,0,0,0,JAWA TIMUR,TUBAN,BANGILAN,NGROJO,TUBAN
936569830,,ODP-RGL-FAC/14,-7.02905,112.09636,,,0,8,0,0,8,REGIONAL 5,MADIUN,TUBAN,RGL,,,2024-03-16 23:25:03,42635,2016,9,NON TITO,,,JAWA TIMUR,1.0,RED,36039390,AREA 3,JATIM,LAMONGAN,TUBAN BOJONEGORO,,,0,0,0,JAWA TIMUR,TUBAN,PLUMPANG,PLUMPANG,TUBAN
1487819198,,ODP-TNZ-FK/04,-6.910906,112.091715,,,0,8,0,0,8,REGIONAL 5,MADIUN,TUBAN,TNZ,,,2024-03-16 23:28:40,42879,2017,5,NON TITO,,,JAWA TIMUR,1.0,RED,129986816,AREA 3,JATIM,LAMONGAN,TUBAN BOJONEGORO,,,0,0,0,JAWA TIMUR,TUBAN,PALANG,TASIKMADU,TUBAN
934544560,,ODP-TNZ-FC/51,-6.89664,112.04805,,,0,8,0,0,8,REGIONAL 5,MADIUN,TUBAN,TNZ,,,2024-03-16 23:25:40,42635,2016,9,NON TITO,,,JAWA TIMUR,1.0,RED,35772012,AREA 3,JATIM,LAMONGAN,TUBAN BOJONEGORO,,,0,0,0,JAWA TIMUR,TUBAN,TUBAN,SIDOREJO,TUBAN
934619183,,ODP-RGL-FAC/08,-7.024501,112.099435,,,0,16,0,0,16,REGIONAL 5,MADIUN,TUBAN,RGL,,,2024-03-16 23:28:56,42635,2016,9,NON TITO,,,JAWA TIMUR,1.0,RED,35772031,AREA 3,JATIM,LAMONGAN,TUBAN BOJONEGORO,,,0,0,0,JAWA TIMUR,TUBAN,PLUMPANG,NGRAYUNG,TUBAN
2670793663,,ODP-JTR-FC/35,-6.977933,111.715661,,,0,8,0,0,8,REGIONAL 5,MADIUN,TUBAN,JTR,,,2024-03-16 23:25:09,43289,2018,7,NON TITO,,,JAWA TIMUR,1.0,RED,361945038,AREA 3,JATIM,LAMONGAN,TUBAN BOJONEGORO,,,0,0,0,JAWA TIMUR,TUBAN,BANGILAN,SIDOKUMPUL,TUBAN
2252518597,,ODP-TNZ-FS/11,-6.895974,112.066005,,,0,8,0,0,8,REGIONAL 5,MADIUN,TUBAN,TNZ,,,2024-03-16 23:23:48,43151,2018,2,NON TITO,,,JAWA TIMUR,1.0,RED,323893135,AREA 3,JATIM,LAMONGAN,TUBAN BOJONEGORO,,,0,0,0,JAWA TIMUR,TUBAN,TUBAN,SENDANGHARJO,TUBAN
934619197,,ODP-RGL-FAC/05,-7.021707,112.100591,,,0,8,0,0,8,REGIONAL 5,MADIUN,TUBAN,RGL,,,2024-03-16 23:27:26,42635,2016,9,NON TITO,,,JAWA TIMUR,1.0,RED,35772234,AREA 3,JATIM,LAMONGAN,TUBAN BOJONEGORO,,,0,0,0,JAWA TIMUR,TUBAN,PLUMPANG,NGRAYUNG,TUBAN
2670793618,,ODP-JTR-FC/37,-6.976469,111.715382,,,0,8,0,0,8,REGIONAL 5,MADIUN,TUBAN,JTR,,,2024-03-16 23:25:12,43289,2018,7,NON TITO,,,JAWA TIMUR,1.0,RED,361945004,AREA 3,JATIM,LAMONGAN,TUBAN BOJONEGORO,,,0,0,0,JAWA TIMUR,TUBAN,BANGILAN,SIDOKUMPUL,TUBAN
1379821270,,ODP-KRK-FC/06,-6.894594,111.885491,,,0,8,0,0,8,REGIONAL 5,MADIUN,TUBAN,KRK,,,2024-03-16 23:23:35,42850,2017,4,NON TITO,,,JAWA TIMUR,1.0,RED,123392491,AREA 3,JATIM,LAMONGAN,TUBAN BOJONEGORO,,,0,0,0,JAWA TIMUR,TUBAN,KEREK,MARGOMULYO,TUBAN
2252518606,,ODP-TNZ-FL/05,-6.899165,112.050845,,,0,8,0,0,8,REGIONAL 5,MADIUN,TUBAN,TNZ,,,2024-03-16 23:23:51,43151,2018,2,NON TITO,,,JAWA TIMUR,1.0,RED,323893141,AREA 3,JATIM,LAMONGAN,TUBAN BOJONEGORO,,,0,0,0,JAWA TIMUR,TUBAN,TUBAN,SIDOREJO,TUBAN
2252518615,,ODP-TNZ-FL/09,-6.899449,112.054247,,,0,8,0,0,8,REGIONAL 5,MADIUN,TUBAN,TNZ,,,2024-03-16 23:24:12,43151,2018,2,NON TITO,,,JAWA TIMUR,1.0,RED,323893147,AREA 3,JATIM,LAMONGAN,TUBAN BOJONEGORO,,,0,0,0,JAWA TIMUR,TUBAN,TUBAN,SIDOREJO,TUBAN
2252518656,,ODP-TNZ-FN/19,-6.898937,112.059482,,,0,8,0,0,8,REGIONAL 5,MADIUN,TUBAN,TNZ,,,2024-03-16 23:24:04,43151,2018,2,NON TITO,,,JAWA TIMUR,1.0,RED,323893173,AREA 3,JATIM,LAMONGAN,TUBAN BOJONEGORO,,,0,0,0,JAWA TIMUR,TUBAN,TUBAN,DOROMUKTI,TUBAN
2252518659,,ODP-TNZ-FM/05,-6.889619,112.055294,,,0,8,0,0,8,REGIONAL 5,MADIUN,TUBAN,TNZ,,,2024-03-16 23:24:14,43151,2018,2,NON TITO,,,JAWA TIMUR,1.0,RED,323893175,AREA 3,JATIM,LAMONGAN,TUBAN BOJONEGORO,,,0,0,0,JAWA TIMUR,TUBAN,TUBAN,KINGKING,TUBAN
1379840026,,ODP-RGL-FAB/13,-7.059424,112.00956,,,0,16,0,0,16,REGIONAL 5,MADIUN,TUBAN,RGL,,,2024-03-16 23:27:10,42853,2017,4,NON TITO,,,JAWA TIMUR,1.0,RED,123411660,AREA 3,JATIM,LAMONGAN,TUBAN BOJONEGORO,,,0,0,0,JAWA TIMUR,TUBAN,RENGEL,RENGEL,TUBAN
941968633,,ODP-TNZ-FE/13,-6.896868,112.078332,,,0,16,0,0,16,REGIONAL 5,MADIUN,TUBAN,TNZ,,,2024-03-16 23:24:14,42636,2016,9,NON TITO,,,JAWA TIMUR,1.0,RED,35892603,AREA 3,JATIM,LAMONGAN,TUBAN BOJONEGORO,,,0,0,0,JAWA TIMUR,TUBAN,TUBAN,SUKOLILO,TUBAN
2252518671,,ODP-TNZ-FQ/23,-6.902997,112.058621,,,0,8,0,0,8,REGIONAL 5,MADIUN,TUBAN,TNZ,,,2024-03-16 23:23:58,43151,2018,2,NON TITO,,,JAWA TIMUR,1.0,RED,323893183,AREA 3,JATIM,LAMONGAN,TUBAN BOJONEGORO,,,0,0,0,JAWA TIMUR,TUBAN,TUBAN,KEBONSARI,TUBAN
1487819201,,ODP-TNZ-FK/28,-6.913787,112.09105,,,0,8,0,0,8,REGIONAL 5,MADIUN,TUBAN,TNZ,,,2024-03-16 23:28:37,42879,2017,5,NON TITO,,,JAWA TIMUR,1.0,RED,129986818,AREA 3,JATIM,LAMONGAN,TUBAN BOJONEGORO,,,0,0,0,JAWA TIMUR,TUBAN,PALANG,TASIKMADU,TUBAN
2252518683,,ODP-TNZ-FR/05,-6.898649,112.063004,,,0,8,0,0,8,REGIONAL 5,MADIUN,TUBAN,TNZ,,,2024-03-16 23:24:09,43151,2018,2,NON TITO,,,JAWA TIMUR,1.0,RED,323893191,AREA 3,JATIM,LAMONGAN,TUBAN BOJONEGORO,,,0,0,0,JAWA TIMUR,TUBAN,TUBAN,KUTOREJO,TUBAN
2670793603,,ODP-JTR-FC/39,-6.974677,111.715245,,,0,8,0,0,8,REGIONAL 5,MADIUN,TUBAN,JTR,,,2024-03-16 23:23:53,43289,2018,7,NON TITO,,,JAWA TIMUR,1.0,RED,361944992,AREA 3,JATIM,LAMONGAN,TUBAN BOJONEGORO,,,0,0,0,JAWA TIMUR,TUBAN,BANGILAN,BANGILAN,TUBAN
3046395907,,ODP-RGL-FAB/22,-7.063235,112.004005,,,0,8,0,0,8,REGIONAL 5,MADIUN,TUBAN,RGL,,,2024-03-16 23:26:26,43402,2018,10,NON TITO,,,JAWA TIMUR,1.0,RED,405923881,AREA 3,JATIM,LAMONGAN,TUBAN BOJONEGORO,,,0,0,0,JAWA TIMUR,TUBAN,RENGEL,RENGEL,TUBAN
3208394092,,ODP-MRR-FAD/34,-6.771181,111.949184,,,0,8,0,0,8,REGIONAL 5,MADIUN,TUBAN,MRR,,,2024-03-16 23:23:49,43462,2018,12,NON TITO,,,JAWA TIMUR,1.0,RED,408394559,AREA 3,JATIM,LAMONGAN,TUBAN BOJONEGORO,,,0,0,0,JAWA TIMUR,TUBAN,JENU,REMEN,TUBAN
721544959,,ODP-TNZ-FG/08,-6.903336,112.039161,,,0,16,0,0,16,REGIONAL 5,MADIUN,TUBAN,TNZ,,,2024-03-16 23:26:18,42549,2016,6,NON TITO,,,JAWA TIMUR,1.0,RED,33647992,AREA 3,JATIM,LAMONGAN,TUBAN BOJONEGORO,,,0,0,0,JAWA TIMUR,TUBAN,SEMANDING,KARANG,TUBAN
694543901,,ODP-TNZ-FA/74,-6.88085,112.023606,,,0,16,0,0,16,REGIONAL 5,MADIUN,TUBAN,TNZ,,,2024-03-16 23:22:43,42538,2016,6,NON TITO,,,JAWA TIMUR,1.0,RED,33603538,AREA 3,JATIM,LAMONGAN,TUBAN BOJONEGORO,,,0,0,0,JAWA TIMUR,TUBAN,TUBAN,MONDOKAN,TUBAN
2154194299,,ODP-JTR-FE/02,-6.877852,111.632579,,,0,8,0,0,8,REGIONAL 5,MADIUN,TUBAN,JTR,,,2024-03-16 23:29:06,43123,2018,1,NON TITO,,,JAWA TIMUR,1.0,RED,289664408,AREA 3,JATIM,LAMONGAN,TUBAN BOJONEGORO,,,0,0,0,JAWA TIMUR,TUBAN,JATIROGO,KARANGTENGAH,TUBAN
2095019114,,ODP-MRR-FAA/36,-6.87984,111.984192,,,0,8,0,0,8,REGIONAL 5,MADIUN,TUBAN,MRR,,,2024-03-16 23:21:59,43096,2017,12,NON TITO,,,JAWA TIMUR,1.0,RED,256208092,AREA 3,JATIM,LAMONGAN,TUBAN BOJONEGORO,,,0,0,0,JAWA TIMUR,TUBAN,MERAKURAK,SAMBONGGEDE,TUBAN
408521664,,ODP-TNZ-FB/30,-6.9038,112.0413,,,0,16,0,0,16,REGIONAL 5,MADIUN,TUBAN,TNZ,,,2024-03-16 23:24:04,42506,2016,5,NON TITO,,,JAWA TIMUR,1.0,RED,25411720,AREA 3,JATIM,LAMONGAN,TUBAN BOJONEGORO,,,0,0,0,JAWA TIMUR,TUBAN,SEMANDING,KARANG,TUBAN
4807171295,,ODP-RGL-FAE/17,-7.073768,111.946654,,,0,8,0,0,8,REGIONAL 5,MADIUN,TUBAN,RGL,,,2024-03-16 23:24:00,43938,2020,4,NON TITO,,,JAWA TIMUR,1.0,RED,828224629,AREA 3,JATIM,LAMONGAN,TUBAN BOJONEGORO,,,0,0,0,JAWA TIMUR,TUBAN,SOKO,JEGULO,TUBAN
408521700,,ODP-TNZ-FA/24,-6.8888,112.0322,,,0,8,0,0,8,REGIONAL 5,MADIUN,TUBAN,TNZ,,,2024-03-16 23:23:58,42506,2016,5,NON TITO,,,JAWA TIMUR,1.0,RED,25411738,AREA 3,JATIM,LAMONGAN,TUBAN BOJONEGORO,,,0,0,0,JAWA TIMUR,TUBAN,TUBAN,PERBON,TUBAN
408521790,,ODP-TNZ-FB/44,-6.9032,112.0409,,,0,16,0,0,16,REGIONAL 5,MADIUN,TUBAN,TNZ,,,2024-03-16 23:24:26,42506,2016,5,NON TITO,,,JAWA TIMUR,1.0,RED,25411791,AREA 3,JATIM,LAMONGAN,TUBAN BOJONEGORO,,,0,0,0,JAWA TIMUR,TUBAN,SEMANDING,KARANG,TUBAN
4732246573,,ODP-RGL-FAD/44,-7.10094,111.968437,,,0,8,0,0,8,REGIONAL 5,MADIUN,TUBAN,RGL,,,2024-03-16 23:25:15,43908,2020,3,NON TITO,,,JAWA TIMUR,1.0,RED,825134865,AREA 3,JATIM,LAMONGAN,TUBAN BOJONEGORO,,,0,0,0,JAWA TIMUR,TUBAN,SOKO,RAHAYU,TUBAN
4990544810,,ODP-TNZ-FA/107,-6.8799,112.027543,,,0,16,0,0,16,REGIONAL 5,MADIUN,TUBAN,TNZ,,,2024-03-16 23:27:13,43971,2020,5,NON TITO,,,JAWA TIMUR,1.0,RED,829596926,AREA 3,JATIM,LAMONGAN,TUBAN BOJONEGORO,,,0,0,0,JAWA TIMUR,TUBAN,TUBAN,MONDOKAN,TUBAN
4739596274,,ODP-RGL-FAC/44,-7.02303,112.100047,,,0,8,0,0,8,REGIONAL 5,MADIUN,TUBAN,RGL,,,2024-03-16 23:28:36,43907,2020,3,NON TITO,,,JAWA TIMUR,1.0,RED,825122297,AREA 3,JATIM,LAMONGAN,TUBAN BOJONEGORO,,,0,0,0,JAWA TIMUR,TUBAN,PLUMPANG,NGRAYUNG,TUBAN
4733669057,,ODP-RGL-FAD/45,-7.117591,111.943199,,,0,8,0,0,8,REGIONAL 5,MADIUN,TUBAN,RGL,,,2024-03-16 23:28:51,43906,2020,3,NON TITO,,,JAWA TIMUR,1.0,RED,825075631,AREA 3,JATIM,LAMONGAN,TUBAN BOJONEGORO,,,0,0,0,JAWA TIMUR,TUBAN,SOKO,SOKOSARI,TUBAN
2154194304,,ODP-JTR-FF/08,-6.888763,111.656194,,,0,8,0,0,8,REGIONAL 5,MADIUN,TUBAN,JTR,,,2024-03-16 23:29:04,43123,2018,1,NON TITO,,,JAWA TIMUR,1.0,RED,289664413,AREA 3,JATIM,LAMONGAN,TUBAN BOJONEGORO,,,0,0,0,JAWA TIMUR,TUBAN,JATIROGO,WOTSOGO,TUBAN
2154194309,,ODP-JTR-FE/09,-6.875432,111.644754,,,0,8,0,0,8,REGIONAL 5,MADIUN,TUBAN,JTR,,,2024-03-16 23:28:24,43123,2018,1,NON TITO,,,JAWA TIMUR,1.0,RED,289664419,AREA 3,JATIM,LAMONGAN,TUBAN BOJONEGORO,,,0,0,0,JAWA TIMUR,TUBAN,JATIROGO,PASEYAN,TUBAN
2154194409,,ODP-JTR-FF/26,-6.892882,111.669397,,,0,8,0,0,8,REGIONAL 5,MADIUN,TUBAN,JTR,,,2024-03-16 23:28:33,43123,2018,1,NON TITO,,,JAWA TIMUR,1.0,RED,289664511,AREA 3,JATIM,LAMONGAN,TUBAN BOJONEGORO,,,0,0,0,JAWA TIMUR,TUBAN,JATIROGO,SUGIHAN,TUBAN
2087744349,,ODP-MRR-FAA/20,-6.881405,111.98333,,,0,8,0,0,8,REGIONAL 5,MADIUN,TUBAN,MRR,,,2024-03-16 23:27:39,43092,2017,12,NON TITO,,,JAWA TIMUR,1.0,RED,256194168,AREA 3,JATIM,LAMONGAN,TUBAN BOJONEGORO,,,0,0,0,JAWA TIMUR,TUBAN,MERAKURAK,TUWIRI WETAN,TUBAN
408522374,,ODP-TNZ-FC/23,-6.8973,112.0536,,,0,8,0,0,8,REGIONAL 5,MADIUN,TUBAN,TNZ,,,2024-03-16 23:24:35,42506,2016,5,NON TITO,,,JAWA TIMUR,1.0,RED,25412152,AREA 3,JATIM,LAMONGAN,TUBAN BOJONEGORO,,,0,0,0,JAWA TIMUR,TUBAN,TUBAN,SIDOREJO,TUBAN
2154194414,,ODP-JTR-FF/11,-6.887352,111.65665,,,0,8,0,0,8,REGIONAL 5,MADIUN,TUBAN,JTR,,,2024-03-16 23:29:01,43123,2018,1,NON TITO,,,JAWA TIMUR,1.0,RED,289664515,AREA 3,JATIM,LAMONGAN,TUBAN BOJONEGORO,,,0,0,0,JAWA TIMUR,TUBAN,JATIROGO,WOTSOGO,TUBAN
4742368609,,ODP-RGL-FAG/11,-6.992651,112.125863,,,0,8,0,0,8,REGIONAL 5,MADIUN,TUBAN,RGL,,,2024-03-16 23:25:55,43906,2020,3,NON TITO,,,JAWA TIMUR,1.0,RED,825079844,AREA 3,JATIM,LAMONGAN,TUBAN BOJONEGORO,,,0,0,0,JAWA TIMUR,TUBAN,WIDANG,MINOHOREJO,TUBAN
4686870391,,ODP-KRK-FE/31,-6.878871,111.859956,,,0,8,0,0,8,REGIONAL 5,MADIUN,TUBAN,KRK,,,2024-03-16 23:28:13,43893,2020,3,NON TITO,,,JAWA TIMUR,1.0,RED,824671716,AREA 3,JATIM,LAMONGAN,TUBAN BOJONEGORO,,,0,0,0,JAWA TIMUR,TUBAN,KEREK,GAJI,TUBAN
4995193942,,ODP-TNZ-FU/28,-6.851687,112.015541,,,0,8,0,0,8,REGIONAL 5,MADIUN,TUBAN,TNZ,,,2024-03-16 23:26:47,43972,2020,5,NON TITO,,,JAWA TIMUR,1.0,RED,830170581,AREA 3,JATIM,LAMONGAN,TUBAN BOJONEGORO,,,0,0,0,JAWA TIMUR,TUBAN,JENU,SUGIHWARAS,TUBAN
5063444210,,ODP-BCR-FAE/01,-6.77871,111.759364,,,0,8,0,0,8,REGIONAL 5,MADIUN,TUBAN,BCR,,,2024-03-16 23:27:06,43995,2020,6,NON TITO,,,JAWA TIMUR,1.0,RED,830727979,AREA 3,JATIM,LAMONGAN,TUBAN BOJONEGORO,,,0,0,0,JAWA TIMUR,TUBAN,BANCAR,SEMBUNGIN,TUBAN
408520485,,ODP-TNZ-FD/08,-6.9076,112.0746,,,0,16,0,0,16,REGIONAL 5,MADIUN,TUBAN,TNZ,,,2024-03-16 23:24:10,42506,2016,5,NON TITO,,,JAWA TIMUR,1.0,RED,25410989,AREA 3,JATIM,LAMONGAN,TUBAN BOJONEGORO,,,0,0,0,JAWA TIMUR,TUBAN,SEMANDING,GEDONGOMBO,TUBAN
2154194174,,ODP-JTR-FF/09,-6.887175,111.659528,,,0,8,0,0,8,REGIONAL 5,MADIUN,TUBAN,JTR,,,2024-03-16 23:29:01,43123,2018,1,NON TITO,,,JAWA TIMUR,1.0,RED,289664261,AREA 3,JATIM,LAMONGAN,TUBAN BOJONEGORO,,,0,0,0,JAWA TIMUR,TUBAN,JATIROGO,SUGIHAN,TUBAN
2154194179,,ODP-JTR-FE/14,-6.864817,111.623606,,,0,16,0,0,16,REGIONAL 5,MADIUN,TUBAN,JTR,,,2024-03-16 23:29:01,43123,2018,1,NON TITO,,,JAWA TIMUR,1.0,RED,289664269,AREA 3,JATIM,LAMONGAN,TUBAN BOJONEGORO,,,0,0,0,JAWA TIMUR,TUBAN,JATIROGO,KEBONHARJO,TUBAN
2154194184,,ODP-JTR-FF/32,-6.886069,111.658852,,,0,8,0,0,8,REGIONAL 5,MADIUN,TUBAN,JTR,,,2024-03-16 23:28:08,43123,2018,1,NON TITO,,,JAWA TIMUR,1.0,RED,289664272,AREA 3,JATIM,LAMONGAN,TUBAN BOJONEGORO,,,0,0,0,JAWA TIMUR,TUBAN,JATIROGO,WOTSOGO,TUBAN
2304869970,,ODP-TNZ-FK/39,-6.942988,112.100076,,,0,8,0,0,8,REGIONAL 5,MADIUN,TUBAN,TNZ,,,2024-03-16 23:28:33,43168,2018,3,NON TITO,,,JAWA TIMUR,1.0,RED,324397950,AREA 3,JATIM,LAMONGAN,TUBAN BOJONEGORO,,,0,0,0,JAWA TIMUR,TUBAN,SEMANDING,TUNAH,TUBAN
2154194194,,ODP-JTR-FE/16,-6.859601,111.630079,,,0,8,0,0,8,REGIONAL 5,MADIUN,TUBAN,JTR,,,2024-03-16 23:29:05,43123,2018,1,NON TITO,,,JAWA TIMUR,1.0,RED,289664281,AREA 3,JATIM,LAMONGAN,TUBAN BOJONEGORO,,,0,0,0,JAWA TIMUR,TUBAN,JATIROGO,WANGI,TUBAN
5227393803,,ODP-TNZ-FY/04,-6.897387,112.060904,,,0,8,0,0,8,REGIONAL 5,MADIUN,TUBAN,TNZ,,,2024-03-16 23:28:58,44030,2020,7,NON TITO,,,JAWA TIMUR,1.0,RED,832332032,AREA 3,JATIM,LAMONGAN,TUBAN BOJONEGORO,,,0,0,0,JAWA TIMUR,TUBAN,TUBAN,SIDOMULYO,TUBAN
5063444205,,ODP-BCR-FAE/02,-6.779941,111.76778,,,0,8,0,0,8,REGIONAL 5,MADIUN,TUBAN,BCR,,,2024-03-16 23:27:13,43995,2020,6,NON TITO,,,JAWA TIMUR,1.0,RED,830727976,AREA 3,JATIM,LAMONGAN,TUBAN BOJONEGORO,,,0,0,0,JAWA TIMUR,TUBAN,BANCAR,BANCAR,TUBAN
2095019449,,ODP-MRR-FAA/34,-6.882344,111.988558,,,0,8,0,0,8,REGIONAL 5,MADIUN,TUBAN,MRR,,,2024-03-16 23:21:59,43096,2017,12,NON TITO,,,JAWA TIMUR,1.0,RED,256208363,AREA 3,JATIM,LAMONGAN,TUBAN BOJONEGORO,,,0,0,0,JAWA TIMUR,TUBAN,MERAKURAK,MANDIREJO,TUBAN
2304870108,,ODP-TNZ-FK/43,-6.931252,112.094927,,,0,8,0,0,8,REGIONAL 5,MADIUN,TUBAN,TNZ,,,2024-03-16 23:28:38,43168,2018,3,NON TITO,,,JAWA TIMUR,1.0,RED,324397993,AREA 3,JATIM,LAMONGAN,TUBAN BOJONEGORO,,,0,0,0,JAWA TIMUR,TUBAN,PALANG,TEGALBANG,TUBAN
5222669089,,ODP-RGL-FAD/46,-7.100214,111.930788,,,0,8,0,0,8,REGIONAL 5,MADIUN,TUBAN,RGL,,,2024-03-16 23:26:45,44027,2020,7,NON TITO,,,JAWA TIMUR,1.0,RED,831794590,AREA 3,JATIM,LAMONGAN,TUBAN BOJONEGORO,,,0,0,0,JAWA TIMUR,TUBAN,SOKO,MENTORO,TUBAN
2095019334,,ODP-MRR-FAA/29,-6.875968,111.987111,,,0,8,0,0,8,REGIONAL 5,MADIUN,TUBAN,MRR,,,2024-03-16 23:21:44,43096,2017,12,NON TITO,,,JAWA TIMUR,1.0,RED,256208266,AREA 3,JATIM,LAMONGAN,TUBAN BOJONEGORO,,,0,0,0,JAWA TIMUR,TUBAN,MERAKURAK,SAMBONGGEDE,TUBAN
408520994,,ODP-TNZ-FB/27,-6.9024,112.0401,,,0,8,0,0,8,REGIONAL 5,MADIUN,TUBAN,TNZ,,,2024-03-16 23:24:17,42506,2016,5,NON TITO,,,JAWA TIMUR,1.0,RED,25411316,AREA 3,JATIM,LAMONGAN,TUBAN BOJONEGORO,,,0,0,0,JAWA TIMUR,TUBAN,SEMANDING,KARANG,TUBAN
2154194204,,ODP-JTR-FF/23,-6.884783,111.659222,,,0,16,0,0,16,REGIONAL 5,MADIUN,TUBAN,JTR,,,2024-03-16 23:29:06,43123,2018,1,NON TITO,,,JAWA TIMUR,1.0,RED,289664289,AREA 3,JATIM,LAMONGAN,TUBAN BOJONEGORO,,,0,0,0,JAWA TIMUR,TUBAN,JATIROGO,SADANG,TUBAN
2154194284,,ODP-JTR-FF/30,-6.888122,111.662032,,,0,16,0,0,16,REGIONAL 5,MADIUN,TUBAN,JTR,,,2024-03-16 23:28:49,43123,2018,1,NON TITO,,,JAWA TIMUR,1.0,RED,289664397,AREA 3,JATIM,LAMONGAN,TUBAN BOJONEGORO,,,0,0,0,JAWA TIMUR,TUBAN,JATIROGO,SUGIHAN,TUBAN
5091871645,,ODP-JTR-FB/21,-7.014395,111.722455,,,0,8,0,0,8,REGIONAL 5,MADIUN,TUBAN,JTR,,,2024-03-16 23:26:32,44001,2020,6,NON TITO,,,JAWA TIMUR,1.0,RED,830858642,AREA 3,JATIM,LAMONGAN,TUBAN BOJONEGORO,,,0,0,0,JAWA TIMUR,TUBAN,SENORI,JATISARI,TUBAN
5227393789,,ODP-TNZ-FY/03,-6.899284,112.060691,,,0,16,0,0,16,REGIONAL 5,MADIUN,TUBAN,TNZ,,,2024-03-16 23:27:23,44030,2020,7,NON TITO,,,JAWA TIMUR,1.0,RED,832332023,AREA 3,JATIM,LAMONGAN,TUBAN BOJONEGORO,,,0,0,0,JAWA TIMUR,TUBAN,TUBAN,KEBONSARI,TUBAN
5237894553,,ODP-RGL-FAB/36,-7.065415,112.009012,,,0,8,0,0,8,REGIONAL 5,MADIUN,TUBAN,RGL,,,2024-03-16 23:25:39,44034,2020,7,NON TITO,,,JAWA TIMUR,1.0,RED,833078534,AREA 3,JATIM,LAMONGAN,TUBAN BOJONEGORO,,,0,0,0,JAWA TIMUR,TUBAN,RENGEL,RENGEL,TUBAN
4701868879,,ODP-MRR-FAD/41,-6.784418,111.978294,,,0,8,0,0,8,REGIONAL 5,MADIUN,TUBAN,MRR,,,2024-03-16 23:28:51,43894,2020,3,NON TITO,,,JAWA TIMUR,1.0,RED,824611782,AREA 3,JATIM,LAMONGAN,TUBAN BOJONEGORO,,,0,0,0,JAWA TIMUR,TUBAN,JENU,MENTOSO,TUBAN
2087743989,,ODP-MRR-FAA/17,-6.884537,111.979445,,,0,8,0,0,8,REGIONAL 5,MADIUN,TUBAN,MRR,,,2024-03-16 23:28:33,43092,2017,12,NON TITO,,,JAWA TIMUR,1.0,RED,256194063,AREA 3,JATIM,LAMONGAN,TUBAN BOJONEGORO,,,0,0,0,JAWA TIMUR,TUBAN,MERAKURAK,TUWIRI WETAN,TUBAN
1993545898,,ODP-RGL-FAC/22,-7.031827,112.14545,,,0,8,0,0,8,REGIONAL 5,MADIUN,TUBAN,RGL,,,2024-03-16 23:25:31,43060,2017,11,NON TITO,,,JAWA TIMUR,1.0,RED,255730597,AREA 3,JATIM,LAMONGAN,TUBAN BOJONEGORO,,,0,0,0,JAWA TIMUR,TUBAN,WIDANG,COMPRENG,TUBAN
408523680,,ODP-MRR-FAA/10,-6.878439,111.983889,,,0,8,0,0,8,REGIONAL 5,MADIUN,TUBAN,MRR,,,2024-03-16 23:25:01,42506,2016,5,NON TITO,,,JAWA TIMUR,1.0,RED,25412965,AREA 3,JATIM,LAMONGAN,TUBAN BOJONEGORO,,,0,0,0,JAWA TIMUR,TUBAN,MERAKURAK,SAMBONGGEDE,TUBAN
4412294304,,ODP-TNZ-FJ/61,-6.916977,112.168082,,,0,8,0,0,8,REGIONAL 5,MADIUN,TUBAN,TNZ,,,2024-03-16 23:26:43,43811,2019,12,NON TITO,,,JAWA TIMUR,1.0,RED,789318588,AREA 3,JATIM,LAMONGAN,TUBAN BOJONEGORO,,,0,0,0,JAWA TIMUR,TUBAN,PALANG,CEPOKOREJO,TUBAN
408523735,,ODP-JTR-F04/01,-6.8859,111.6586,,,0,16,0,0,16,REGIONAL 5,MADIUN,TUBAN,JTR,,,2024-03-16 23:25:04,42506,2016,5,NON TITO,,,JAWA TIMUR,1.0,RED,25413007,AREA 3,JATIM,LAMONGAN,TUBAN BOJONEGORO,,,0,0,0,JAWA TIMUR,TUBAN,JATIROGO,WOTSOGO,TUBAN
4412294285,,ODP-TNZ-FJ/60,-6.919206,112.167758,,,0,8,0,0,8,REGIONAL 5,MADIUN,TUBAN,TNZ,,,2024-03-16 23:25:11,43811,2019,12,NON TITO,,,JAWA TIMUR,1.0,RED,789318572,AREA 3,JATIM,LAMONGAN,TUBAN BOJONEGORO,,,0,0,0,JAWA TIMUR,TUBAN,PALANG,CEPOKOREJO,TUBAN
1975244641,,ODP-TNZ-FG/41,-6.898642,112.035776,,,0,8,0,0,8,REGIONAL 5,MADIUN,TUBAN,TNZ,,,2024-03-16 23:27:06,43050,2017,11,NON TITO,,,JAWA TIMUR,1.0,RED,255463389,AREA 3,JATIM,LAMONGAN,TUBAN BOJONEGORO,,,0,0,0,JAWA TIMUR,TUBAN,TUBAN,KEMBANGBILO,TUBAN
1975244243,,ODP-TNZ-FG/39,-6.897756,112.029929,,,0,8,0,0,8,REGIONAL 5,MADIUN,TUBAN,TNZ,,,2024-03-16 23:25:54,43050,2017,11,NON TITO,,,JAWA TIMUR,1.0,RED,255463271,AREA 3,JATIM,LAMONGAN,TUBAN BOJONEGORO,,,0,0,0,JAWA TIMUR,TUBAN,TUBAN,KEMBANGBILO,TUBAN
2154194702,,ODP-JTR-FF/14,-6.8843,111.655203,,,0,8,0,0,8,REGIONAL 5,MADIUN,TUBAN,JTR,,,2024-03-16 23:28:59,43123,2018,1,NON TITO,,,JAWA TIMUR,1.0,RED,289664780,AREA 3,JATIM,LAMONGAN,TUBAN BOJONEGORO,,,0,0,0,JAWA TIMUR,TUBAN,JATIROGO,WOTSOGO,TUBAN
408505159,,ODP-TNZ-FB/01,-6.9061,112.0425,,,0,16,0,0,16,REGIONAL 5,MADIUN,TUBAN,TNZ,,,2024-03-16 23:28:21,42506,2016,5,NON TITO,,,JAWA TIMUR,1.0,RED,25472343,AREA 3,JATIM,LAMONGAN,TUBAN BOJONEGORO,,,0,0,0,JAWA TIMUR,TUBAN,SEMANDING,KARANG,TUBAN
408505373,,ODP-TNZ-FB/03,-6.9055,112.0428,,,0,16,0,0,16,REGIONAL 5,MADIUN,TUBAN,TNZ,,,2024-03-16 23:27:48,42506,2016,5,NON TITO,,,JAWA TIMUR,1.0,RED,25472549,AREA 3,JATIM,LAMONGAN,TUBAN BOJONEGORO,,,0,0,0,JAWA TIMUR,TUBAN,SEMANDING,KARANG,TUBAN
2301118895,,ODP-JTR-FA/10,-6.972396,111.789878,,,0,8,0,0,8,REGIONAL 5,MADIUN,TUBAN,JTR,,,2024-03-16 23:23:53,43167,2018,3,NON TITO,,,JAWA TIMUR,1.0,RED,324466428,AREA 3,JATIM,LAMONGAN,TUBAN BOJONEGORO,,,0,0,0,JAWA TIMUR,TUBAN,SINGGAHAN,MULYOAGUNG,TUBAN
2154194722,,ODP-JTR-FF/12,-6.887206,111.656151,,,0,8,0,0,8,REGIONAL 5,MADIUN,TUBAN,JTR,,,2024-03-16 23:28:08,43123,2018,1,NON TITO,,,JAWA TIMUR,1.0,RED,289664803,AREA 3,JATIM,LAMONGAN,TUBAN BOJONEGORO,,,0,0,0,JAWA TIMUR,TUBAN,JATIROGO,WOTSOGO,TUBAN
1325800777,,ODP-JTR-FD/21,-6.861197,111.605048,,,0,8,0,0,8,REGIONAL 5,MADIUN,TUBAN,JTR,,,2024-03-16 23:27:18,42823,2017,3,NON TITO,,,JAWA TIMUR,1.0,RED,81524118,AREA 3,JATIM,LAMONGAN,TUBAN BOJONEGORO,,,0,0,0,JAWA TENGAH,REMBANG,SALE,SALE,TUBAN
4417694345,,ODP-RGL-FAH/29,-7.061322,112.073683,,,0,8,0,0,8,REGIONAL 5,MADIUN,TUBAN,RGL,,,2024-03-16 23:25:47,43815,2019,12,NON TITO,,,JAWA TIMUR,1.0,RED,789228490,AREA 3,JATIM,LAMONGAN,TUBAN BOJONEGORO,,,0,0,0,JAWA TIMUR,TUBAN,PLUMPANG,KEDUNGREJO,TUBAN
2304793627,,ODP-JTR-FG/04,-6.913075,111.625203,,,0,8,0,0,8,REGIONAL 5,MADIUN,TUBAN,JTR,,,2024-03-16 23:26:01,43168,2018,3,NON TITO,,,JAWA TIMUR,1.0,RED,324538488,AREA 3,JATIM,LAMONGAN,TUBAN BOJONEGORO,,,0,0,0,JAWA TIMUR,TUBAN,KENDURUAN,SIDOMUKTI,TUBAN
2192669233,,ODP-TNZ-FT/04,-6.897516,112.04468,,,0,8,0,0,8,REGIONAL 5,MADIUN,TUBAN,TNZ,,,2024-03-16 23:28:12,43130,2018,1,NON TITO,,,JAWA TIMUR,1.0,RED,304816681,AREA 3,JATIM,LAMONGAN,TUBAN BOJONEGORO,,,0,0,0,JAWA TIMUR,TUBAN,TUBAN,LATSARI,TUBAN
2154194712,,ODP-JTR-FF/15,-6.884255,111.6564,,,0,8,0,0,8,REGIONAL 5,MADIUN,TUBAN,JTR,,,2024-03-16 23:28:32,43123,2018,1,NON TITO,,,JAWA TIMUR,1.0,RED,289664793,AREA 3,JATIM,LAMONGAN,TUBAN BOJONEGORO,,,0,0,0,JAWA TIMUR,TUBAN,JATIROGO,WOTSOGO,TUBAN
2154194419,,ODP-JTR-FE/07,-6.880056,111.650645,,,0,8,0,0,8,REGIONAL 5,MADIUN,TUBAN,JTR,,,2024-03-16 23:29:01,43123,2018,1,NON TITO,,,JAWA TIMUR,1.0,RED,289664518,AREA 3,JATIM,LAMONGAN,TUBAN BOJONEGORO,,,0,0,0,JAWA TIMUR,TUBAN,JATIROGO,SADANG,TUBAN
4419569008,,ODP-TNZ-FA/104,-6.876927,112.030883,,,0,8,0,0,8,REGIONAL 5,MADIUN,TUBAN,TNZ,,,2024-03-16 23:27:48,43818,2019,12,NON TITO,,,JAWA TIMUR,1.0,RED,789539104,AREA 3,JATIM,LAMONGAN,TUBAN BOJONEGORO,,,0,0,0,JAWA TIMUR,TUBAN,JENU,SUGIHWARAS,TUBAN
1993546412,,ODP-RGL-FAC/21,-7.027687,112.145339,,,0,16,0,0,16,REGIONAL 5,MADIUN,TUBAN,RGL,,,2024-03-16 23:25:11,43060,2017,11,NON TITO,,,JAWA TIMUR,1.0,RED,255730775,AREA 3,JATIM,LAMONGAN,TUBAN BOJONEGORO,,,0,0,0,JAWA TIMUR,TUBAN,WIDANG,COMPRENG,TUBAN
408522708,,ODP-TNZ-FD/42,-6.9011,112.0705,,,0,8,0,0,8,REGIONAL 5,MADIUN,TUBAN,TNZ,,,2024-03-16 23:24:40,42506,2016,5,NON TITO,,,JAWA TIMUR,1.0,RED,25412358,AREA 3,JATIM,LAMONGAN,TUBAN BOJONEGORO,,,0,0,0,JAWA TIMUR,TUBAN,SEMANDING,GEDONGOMBO,TUBAN
4680044281,,ODP-RGL-FAH/30,-7.063923,112.079467,,,0,8,0,0,8,REGIONAL 5,MADIUN,TUBAN,RGL,,,2024-03-16 23:24:47,43889,2020,2,NON TITO,,,JAWA TIMUR,1.0,RED,823841953,AREA 3,JATIM,LAMONGAN,TUBAN BOJONEGORO,,,0,0,0,JAWA TIMUR,TUBAN,PLUMPANG,KEDUNGREJO,TUBAN
4680044274,,ODP-TNZ-FE/54,-6.90082,112.101364,,,0,8,0,0,8,REGIONAL 5,MADIUN,TUBAN,TNZ,,,2024-03-16 23:24:19,43889,2020,2,NON TITO,,,JAWA TIMUR,1.0,RED,823841941,AREA 3,JATIM,LAMONGAN,TUBAN BOJONEGORO,,,0,0,0,JAWA TIMUR,TUBAN,PALANG,TASIKMADU,TUBAN
4659870617,,ODP-RGL-FAC/40,-7.035662,112.101827,,,0,8,0,0,8,REGIONAL 5,MADIUN,TUBAN,RGL,,,2024-03-16 23:24:27,43885,2020,2,NON TITO,,,JAWA TIMUR,1.0,RED,823820342,AREA 3,JATIM,LAMONGAN,TUBAN BOJONEGORO,,,0,0,0,JAWA TIMUR,TUBAN,PLUMPANG,PLUMPANG,TUBAN
2009819338,,ODP-MRR-FAB/22,-6.812459,111.983869,,,0,16,0,0,16,REGIONAL 5,MADIUN,TUBAN,MRR,,,2024-03-16 23:24:52,43070,2017,12,NON TITO,,,JAWA TIMUR,1.0,RED,255997773,AREA 3,JATIM,LAMONGAN,TUBAN BOJONEGORO,,,0,0,0,JAWA TIMUR,TUBAN,JENU,KALIUNTU,TUBAN
408522939,,ODP-TNZ-FA/35,-6.8868,112.0372,,,0,8,0,0,8,REGIONAL 5,MADIUN,TUBAN,TNZ,,,2024-03-16 23:24:40,42506,2016,5,NON TITO,,,JAWA TIMUR,1.0,RED,25412496,AREA 3,JATIM,LAMONGAN,TUBAN BOJONEGORO,,,0,0,0,JAWA TIMUR,TUBAN,TUBAN,PERBON,TUBAN
4562002218,,ODP-TNZ-FC/68,-6.900148,112.045729,,,0,16,0,0,16,REGIONAL 5,MADIUN,TUBAN,TNZ,,,2024-03-16 23:29:04,43870,2020,2,NON TITO,,,JAWA TIMUR,1.0,RED,805625286,AREA 3,JATIM,LAMONGAN,TUBAN BOJONEGORO,,,0,0,0,JAWA TIMUR,TUBAN,TUBAN,SIDOREJO,TUBAN
1993546118,,ODP-RGL-FAC/25,-7.030436,112.113364,,,0,8,0,0,8,REGIONAL 5,MADIUN,TUBAN,RGL,,,2024-03-16 23:25:52,43060,2017,11,NON TITO,,,JAWA TIMUR,1.0,RED,255730668,AREA 3,JATIM,LAMONGAN,TUBAN BOJONEGORO,,,0,0,0,JAWA TIMUR,TUBAN,PLUMPANG,JATIMULYO,TUBAN
408523135,,ODP-RGL-F08/01,-7.1162,111.9446,,,0,8,0,0,8,REGIONAL 5,MADIUN,TUBAN,RGL,,,2024-03-16 23:24:42,42506,2016,5,NON TITO,,,JAWA TIMUR,1.0,RED,25412617,AREA 3,JATIM,LAMONGAN,TUBAN BOJONEGORO,,,0,0,0,JAWA TIMUR,TUBAN,SOKO,SOKOSARI,TUBAN
2009819212,,ODP-MRR-FAB/25,-6.824679,111.994112,,,0,8,0,0,8,REGIONAL 5,MADIUN,TUBAN,MRR,,,2024-03-16 23:24:48,43070,2017,12,NON TITO,,,JAWA TIMUR,1.0,RED,255997736,AREA 3,JATIM,LAMONGAN,TUBAN BOJONEGORO,,,0,0,0,JAWA TIMUR,TUBAN,JENU,KALIUNTU,TUBAN
408523346,,ODP-MRR-FAA/03,-6.878891,111.99359,,,0,8,0,0,8,REGIONAL 5,MADIUN,TUBAN,MRR,,,2024-03-16 23:23:58,42506,2016,5,NON TITO,,,JAWA TIMUR,1.0,RED,25412745,AREA 3,JATIM,LAMONGAN,TUBAN BOJONEGORO,,,0,0,0,JAWA TIMUR,TUBAN,MERAKURAK,MANDIREJO,TUBAN
2154194597,,ODP-JTR-FF/10,-6.887769,111.658015,,,0,16,0,0,16,REGIONAL 5,MADIUN,TUBAN,JTR,,,2024-03-16 23:29:03,43123,2018,1,NON TITO,,,JAWA TIMUR,1.0,RED,289664686,AREA 3,JATIM,LAMONGAN,TUBAN BOJONEGORO,,,0,0,0,JAWA TIMUR,TUBAN,JATIROGO,WOTSOGO,TUBAN
2008468819,,ODP-TNZ-FV/44,-6.913746,112.054134,,,0,16,0,0,16,REGIONAL 5,MADIUN,TUBAN,TNZ,,,2024-03-16 23:23:30,43069,2017,11,NON TITO,,,JAWA TIMUR,1.0,RED,255995794,AREA 3,JATIM,LAMONGAN,TUBAN BOJONEGORO,,,0,0,0,JAWA TIMUR,TUBAN,SEMANDING,BEJAGUNG,TUBAN
2154194607,,ODP-JTR-FE/11,-6.870749,111.639618,,,0,8,0,0,8,REGIONAL 5,MADIUN,TUBAN,JTR,,,2024-03-16 23:29:05,43123,2018,1,NON TITO,,,JAWA TIMUR,1.0,RED,289664695,AREA 3,JATIM,LAMONGAN,TUBAN BOJONEGORO,,,0,0,0,JAWA TIMUR,TUBAN,JATIROGO,PASEYAN,TUBAN
4461944107,,ODP-RGL-FAD/43,-7.129486,111.932341,,,0,8,0,0,8,REGIONAL 5,MADIUN,TUBAN,RGL,,,2024-03-16 23:26:08,43844,2020,1,NON TITO,,,JAWA TIMUR,1.0,RED,789800521,AREA 3,JATIM,LAMONGAN,TUBAN BOJONEGORO,,,0,0,0,JAWA TIMUR,TUBAN,SOKO,SIMO,TUBAN
1325759797,,ODP-BCR-FAD/14,-6.800361,111.86697,,,0,8,0,0,8,REGIONAL 5,MADIUN,TUBAN,BCR,,,2024-03-16 23:24:29,42815,2017,3,NON TITO,,,JAWA TIMUR,1.0,RED,79523237,AREA 3,JATIM,LAMONGAN,TUBAN BOJONEGORO,,,0,0,0,JAWA TIMUR,TUBAN,TAMBAKBOYO,SOBONTORO,TUBAN
4562002223,,ODP-TNZ-FC/67,-6.900512,112.044589,,,0,8,0,0,8,REGIONAL 5,MADIUN,TUBAN,TNZ,,,2024-03-16 23:29:18,43870,2020,2,NON TITO,,,JAWA TIMUR,1.0,RED,805553579,AREA 3,JATIM,LAMONGAN,TUBAN BOJONEGORO,,,0,0,0,JAWA TIMUR,TUBAN,TUBAN,SIDOREJO,TUBAN
408520459,,ODP-TNZ-FB/28,-6.9028,112.0407,,,0,8,0,0,8,REGIONAL 5,MADIUN,TUBAN,TNZ,,,2024-03-16 23:24:16,42506,2016,5,NON TITO,,,JAWA TIMUR,1.0,RED,25410972,AREA 3,JATIM,LAMONGAN,TUBAN BOJONEGORO,,,0,0,0,JAWA TIMUR,TUBAN,SEMANDING,KARANG,TUBAN
2304869870,,ODP-TNZ-FK/41,-6.935979,112.097989,,,0,8,0,0,8,REGIONAL 5,MADIUN,TUBAN,TNZ,,,2024-03-16 23:28:29,43168,2018,3,NON TITO,,,JAWA TIMUR,1.0,RED,324397915,AREA 3,JATIM,LAMONGAN,TUBAN BOJONEGORO,,,0,0,0,JAWA TIMUR,TUBAN,SEMANDING,TUNAH,TUBAN
5257019006,,ODP-JTR-FC/56,-6.949888,111.702722,,,0,8,0,0,8,REGIONAL 5,MADIUN,TUBAN,JTR,,,2024-03-16 23:26:02,44036,2020,7,NON TITO,,,JAWA TIMUR,1.0,RED,833167629,AREA 3,JATIM,LAMONGAN,TUBAN BOJONEGORO,,,0,0,0,JAWA TIMUR,TUBAN,BANGILAN,SIDODADI,TUBAN
5786969174,,ODP-MRR-FAB/56,-6.835104,112.003855,,,0,8,0,0,8,REGIONAL 5,MADIUN,TUBAN,MRR,,,2024-03-16 23:27:19,44185,2020,12,NON TITO,,,JAWA TIMUR,1.0,RED,858317724,AREA 3,JATIM,LAMONGAN,TUBAN BOJONEGORO,,,0,0,0,JAWA TIMUR,TUBAN,JENU,JENGGOLO,TUBAN
5786969169,,ODP-MRR-FAB/43,-6.829398,112.000274,,,0,8,0,0,8,REGIONAL 5,MADIUN,TUBAN,MRR,,,2024-03-16 23:27:20,44185,2020,12,NON TITO,,,JAWA TIMUR,1.0,RED,858317721,AREA 3,JATIM,LAMONGAN,TUBAN BOJONEGORO,,,0,0,0,JAWA TIMUR,TUBAN,JENU,BEJI,TUBAN
2154120616,,ODP-TNZ-FG/61,-6.887514,112.031015,,,0,8,0,0,8,REGIONAL 5,MADIUN,TUBAN,TNZ,,,2024-03-16 23:27:10,43118,2018,1,NON TITO,,,JAWA TIMUR,1.0,RED,288388067,AREA 3,JATIM,LAMONGAN,TUBAN BOJONEGORO,,,0,0,0,JAWA TIMUR,TUBAN,TUBAN,PERBON,TUBAN
5786969159,,ODP-MRR-FAB/44,-6.830177,112.007922,,,0,8,0,0,8,REGIONAL 5,MADIUN,TUBAN,MRR,,,2024-03-16 23:27:21,44185,2020,12,NON TITO,,,JAWA TIMUR,1.0,RED,858317713,AREA 3,JATIM,LAMONGAN,TUBAN BOJONEGORO,,,0,0,0,JAWA TIMUR,TUBAN,JENU,BEJI,TUBAN
5786969154,,ODP-MRR-FAB/42,-6.829889,112.001448,,,0,8,0,0,8,REGIONAL 5,MADIUN,TUBAN,MRR,,,2024-03-16 23:26:53,44185,2020,12,NON TITO,,,JAWA TIMUR,1.0,RED,858317710,AREA 3,JATIM,LAMONGAN,TUBAN BOJONEGORO,,,0,0,0,JAWA TIMUR,TUBAN,JENU,BEJI,TUBAN
5762369214,,ODP-TNZ-FH/86,-6.909904,112.067374,,,0,16,0,0,16,REGIONAL 5,MADIUN,TUBAN,TNZ,,,2024-03-16 23:25:54,44180,2020,12,NON TITO,,,JAWA TIMUR,1.0,RED,858133204,AREA 3,JATIM,LAMONGAN,TUBAN BOJONEGORO,,,0,0,0,JAWA TIMUR,TUBAN,SEMANDING,GEDONGOMBO,TUBAN
2154120734,,ODP-TNZ-FG/46,-6.882681,112.039579,,,0,8,0,0,8,REGIONAL 5,MADIUN,TUBAN,TNZ,,,2024-03-16 23:27:14,43118,2018,1,NON TITO,,,JAWA TIMUR,1.0,RED,288388106,AREA 3,JATIM,LAMONGAN,TUBAN BOJONEGORO,,,0,0,0,JAWA TIMUR,TUBAN,TUBAN,PERBON,TUBAN
5786969179,,ODP-MRR-FAB/54,-6.837243,112.001669,,,0,8,0,0,8,REGIONAL 5,MADIUN,TUBAN,MRR,,,2024-03-16 23:26:26,44185,2020,12,NON TITO,,,JAWA TIMUR,1.0,RED,858317727,AREA 3,JATIM,LAMONGAN,TUBAN BOJONEGORO,,,0,0,0,JAWA TIMUR,TUBAN,JENU,JENGGOLO,TUBAN
408511145,,ODP-TNZ-FD/03,-6.8991,112.0601,,,0,16,0,0,16,REGIONAL 5,MADIUN,TUBAN,TNZ,,,2024-03-16 23:21:54,42506,2016,5,NON TITO,,,JAWA TIMUR,1.0,RED,25402373,AREA 3,JATIM,LAMONGAN,TUBAN BOJONEGORO,,,0,0,0,JAWA TIMUR,TUBAN,TUBAN,DOROMUKTI,TUBAN
408513496,,ODP-TNZ-FB/18,-6.9034,112.043,,,0,16,0,0,16,REGIONAL 5,MADIUN,TUBAN,TNZ,,,2024-03-16 23:22:36,42506,2016,5,NON TITO,,,JAWA TIMUR,1.0,RED,25404696,AREA 3,JATIM,LAMONGAN,TUBAN BOJONEGORO,,,0,0,0,JAWA TIMUR,TUBAN,SEMANDING,KARANG,TUBAN
1325759817,,ODP-BCR-FAD/22,-6.801668,111.857892,,,0,8,0,0,8,REGIONAL 5,MADIUN,TUBAN,BCR,,,2024-03-16 23:24:13,42815,2017,3,NON TITO,,,JAWA TIMUR,1.0,RED,79523251,AREA 3,JATIM,LAMONGAN,TUBAN BOJONEGORO,,,0,0,0,JAWA TIMUR,TUBAN,TAMBAKBOYO,SOBONTORO,TUBAN
2154120866,,ODP-TNZ-FG/56,-6.880914,112.034186,,,0,8,0,0,8,REGIONAL 5,MADIUN,TUBAN,TNZ,,,2024-03-16 23:26:28,43118,2018,1,NON TITO,,,JAWA TIMUR,1.0,RED,288388146,AREA 3,JATIM,LAMONGAN,TUBAN BOJONEGORO,,,0,0,0,JAWA TIMUR,TUBAN,TUBAN,PERBON,TUBAN
5740246757,,ODP-MRR-FAF/02,-6.772456,111.956434,,,0,38,0,0,38,REGIONAL 5,MADIUN,TUBAN,MRR,,,2024-03-16 23:21:19,44177,2020,12,NON TITO,,,JAWA TIMUR,1.0,RED,858035039,AREA 3,JATIM,LAMONGAN,TUBAN BOJONEGORO,,,0,0,0,JAWA TIMUR,TUBAN,JENU,REMEN,TUBAN
408514800,,ODP-TNZ-FB/02,-6.9058,112.0427,,,0,16,0,0,16,REGIONAL 5,MADIUN,TUBAN,TNZ,,,2024-03-16 23:22:44,42506,2016,5,NON TITO,,,JAWA TIMUR,1.0,RED,25405981,AREA 3,JATIM,LAMONGAN,TUBAN BOJONEGORO,,,0,0,0,JAWA TIMUR,TUBAN,SEMANDING,KARANG,TUBAN
5726368532,,ODP-KRK-FE/36,-6.859725,111.802992,,,0,8,0,0,8,REGIONAL 5,MADIUN,TUBAN,KRK,,,2024-03-16 23:23:57,44168,2020,12,NON TITO,,,JAWA TIMUR,1.0,RED,857627456,AREA 3,JATIM,LAMONGAN,TUBAN BOJONEGORO,,,0,0,0,JAWA TIMUR,TUBAN,TAMBAKBOYO,MANDER,TUBAN
2154193944,,ODP-JTR-FF/16,-6.885095,111.65752,,,0,8,0,0,8,REGIONAL 5,MADIUN,TUBAN,JTR,,,2024-03-16 23:28:08,43123,2018,1,NON TITO,,,JAWA TIMUR,1.0,RED,289664000,AREA 3,JATIM,LAMONGAN,TUBAN BOJONEGORO,,,0,0,0,JAWA TIMUR,TUBAN,JATIROGO,WOTSOGO,TUBAN
408511644,,ODP-TNZ-FD/05,-6.89892,112.066681,,,0,16,0,0,16,REGIONAL 5,MADIUN,TUBAN,TNZ,,,2024-03-16 23:22:05,42506,2016,5,NON TITO,,,JAWA TIMUR,1.0,RED,25402866,AREA 3,JATIM,LAMONGAN,TUBAN BOJONEGORO,,,0,0,0,JAWA TIMUR,TUBAN,TUBAN,SENDANGHARJO,TUBAN
5684376351,,ODP-RGL-FAC/49,-7.033205,112.145327,,,0,8,0,0,8,REGIONAL 5,MADIUN,TUBAN,RGL,,,2024-03-16 23:28:12,44163,2020,11,NON TITO,,,JAWA TIMUR,1.0,RED,857237493,AREA 3,JATIM,LAMONGAN,TUBAN BOJONEGORO,,,0,0,0,JAWA TIMUR,TUBAN,PLUMPANG,PENIDON,TUBAN
1325760310,,ODP-BCR-FAD/25,-6.80222,111.853709,,,0,8,0,0,8,REGIONAL 5,MADIUN,TUBAN,BCR,,,2024-03-16 23:25:13,42815,2017,3,NON TITO,,,JAWA TIMUR,1.0,RED,79523566,AREA 3,JATIM,LAMONGAN,TUBAN BOJONEGORO,,,0,0,0,JAWA TIMUR,TUBAN,TAMBAKBOYO,SOBONTORO,TUBAN
5786969194,,ODP-MRR-FAB/48,-6.831624,112.000662,,,0,8,0,0,8,REGIONAL 5,MADIUN,TUBAN,MRR,,,2024-03-16 23:26:28,44185,2020,12,NON TITO,,,JAWA TIMUR,1.0,RED,858317737,AREA 3,JATIM,LAMONGAN,TUBAN BOJONEGORO,,,0,0,0,JAWA TIMUR,TUBAN,JENU,BEJI,TUBAN
5816668878,,ODP-TNZ-FZ/09,-6.878134,112.02096,,,0,8,0,0,8,REGIONAL 5,MADIUN,TUBAN,TNZ,,,2024-03-16 23:26:30,44188,2020,12,NON TITO,,,JAWA TIMUR,1.0,RED,858535175,AREA 3,JATIM,LAMONGAN,TUBAN BOJONEGORO,,,0,0,0,JAWA TIMUR,TUBAN,TUBAN,MONDOKAN,TUBAN
5816668863,,ODP-TNZ-FZ/15,-6.876574,112.036867,,,0,8,0,0,8,REGIONAL 5,MADIUN,TUBAN,TNZ,,,2024-03-16 23:25:53,44188,2020,12,NON TITO,,,JAWA TIMUR,1.0,RED,858535163,AREA 3,JATIM,LAMONGAN,TUBAN BOJONEGORO,,,0,0,0,JAWA TIMUR,TUBAN,TUBAN,PERBON,TUBAN
10148218734,,ODP-TNZ-FH/95,-6.928881,112.076154,,,0,8,0,0,8,REGIONAL 5,MADIUN,TUBAN,TNZ,,,2023-08-30 18:05:27,45051,2023,5,NON TITO,,,JAWA TIMUR,1.0,RED,1286675256,AREA 3,JATIM,LAMONGAN,TUBAN BOJONEGORO,,,0,0,0,JAWA TIMUR,TUBAN,SEMANDING,GEDONGOMBO,TUBAN
10561243982,,ODP-RGL-FAK/16,-7.035618,112.062241,,,0,8,0,0,8,REGIONAL 5,MADIUN,TUBAN,RGL,,,2023-09-02 18:09:44,45170,2023,9,NON TITO,,,JAWA TIMUR,1.0,RED,1313087510,AREA 3,JATIM,LAMONGAN,TUBAN BOJONEGORO,,,0,0,0,JAWA TIMUR,TUBAN,PLUMPANG,TRUTUP,TUBAN
5816668854,,ODP-TNZ-FZ/12,-6.879285,112.036583,,,0,8,0,0,8,REGIONAL 5,MADIUN,TUBAN,TNZ,,,2024-03-16 23:26:40,44188,2020,12,NON TITO,,,JAWA TIMUR,1.0,RED,858535157,AREA 3,JATIM,LAMONGAN,TUBAN BOJONEGORO,,,0,0,0,JAWA TIMUR,TUBAN,TUBAN,PERBON,TUBAN
5816668845,,ODP-TNZ-FZ/05,-6.8814,112.023434,,,0,8,0,0,8,REGIONAL 5,MADIUN,TUBAN,TNZ,,,2024-03-16 23:25:32,44188,2020,12,NON TITO,,,JAWA TIMUR,1.0,RED,858535150,AREA 3,JATIM,LAMONGAN,TUBAN BOJONEGORO,,,0,0,0,JAWA TIMUR,TUBAN,TUBAN,MONDOKAN,TUBAN
2154120052,,ODP-TNZ-FG/58,-6.884158,112.036874,,,0,8,0,0,8,REGIONAL 5,MADIUN,TUBAN,TNZ,,,2024-03-16 23:27:13,43118,2018,1,NON TITO,,,JAWA TIMUR,1.0,RED,286906920,AREA 3,JATIM,LAMONGAN,TUBAN BOJONEGORO,,,0,0,0,JAWA TIMUR,TUBAN,TUBAN,PERBON,TUBAN
5786969189,,ODP-MRR-FAB/53,-6.837473,112.003058,,,0,8,0,0,8,REGIONAL 5,MADIUN,TUBAN,MRR,,,2024-03-16 23:27:14,44185,2020,12,NON TITO,,,JAWA TIMUR,1.0,RED,858317734,AREA 3,JATIM,LAMONGAN,TUBAN BOJONEGORO,,,0,0,0,JAWA TIMUR,TUBAN,JENU,JENGGOLO,TUBAN
2154120317,,ODP-TNZ-FG/43,-6.886336,112.039701,,,0,8,0,0,8,REGIONAL 5,MADIUN,TUBAN,TNZ,,,2024-03-16 23:27:10,43118,2018,1,NON TITO,,,JAWA TIMUR,1.0,RED,286907060,AREA 3,JATIM,LAMONGAN,TUBAN BOJONEGORO,,,0,0,0,JAWA TIMUR,TUBAN,TUBAN,PERBON,TUBAN
2153519664,,ODP-TNZ-FG/71,-6.899913,112.043095,,,0,8,0,0,8,REGIONAL 5,MADIUN,TUBAN,TNZ,,,2024-03-16 23:23:58,43117,2018,1,NON TITO,,,JAWA TIMUR,1.0,RED,286893103,AREA 3,JATIM,LAMONGAN,TUBAN BOJONEGORO,,,0,0,0,JAWA TIMUR,TUBAN,TUBAN,SIDOREJO,TUBAN
2262795984,,ODP-TNZ-FN/13,-6.896678,112.059104,,,0,8,0,0,8,REGIONAL 5,MADIUN,TUBAN,TNZ,,,2024-03-16 23:22:42,43153,2018,2,NON TITO,,,JAWA TIMUR,1.0,RED,324017387,AREA 3,JATIM,LAMONGAN,TUBAN BOJONEGORO,,,0,0,0,JAWA TIMUR,TUBAN,TUBAN,SIDOMULYO,TUBAN
2154120322,,ODP-TNZ-FG/53,-6.876359,112.035391,,,0,8,0,0,8,REGIONAL 5,MADIUN,TUBAN,TNZ,,,2024-03-16 23:27:17,43118,2018,1,NON TITO,,,JAWA TIMUR,1.0,RED,288387974,AREA 3,JATIM,LAMONGAN,TUBAN BOJONEGORO,,,0,0,0,JAWA TIMUR,TUBAN,TUBAN,PERBON,TUBAN
5786969209,,ODP-MRR-FAB/46,-6.829522,112.004306,,,0,16,0,0,16,REGIONAL 5,MADIUN,TUBAN,MRR,,,2024-03-16 23:27:10,44185,2020,12,NON TITO,,,JAWA TIMUR,1.0,RED,858317746,AREA 3,JATIM,LAMONGAN,TUBAN BOJONEGORO,,,0,0,0,JAWA TIMUR,TUBAN,JENU,BEJI,TUBAN
5786969204,,ODP-MRR-FAB/55,-6.83595,112.002099,,,0,8,0,0,8,REGIONAL 5,MADIUN,TUBAN,MRR,,,2024-03-16 23:26:19,44185,2020,12,NON TITO,,,JAWA TIMUR,1.0,RED,858317743,AREA 3,JATIM,LAMONGAN,TUBAN BOJONEGORO,,,0,0,0,JAWA TIMUR,TUBAN,JENU,JENGGOLO,TUBAN
2153519659,,ODP-TNZ-FG/72,-6.899201,112.043156,,,0,8,0,0,8,REGIONAL 5,MADIUN,TUBAN,TNZ,,,2024-03-16 23:23:47,43117,2018,1,NON TITO,,,JAWA TIMUR,1.0,RED,286893100,AREA 3,JATIM,LAMONGAN,TUBAN BOJONEGORO,,,0,0,0,JAWA TIMUR,TUBAN,TUBAN,LATSARI,TUBAN
5786969199,,ODP-MRR-FAB/47,-6.830599,112.003982,,,0,16,0,0,16,REGIONAL 5,MADIUN,TUBAN,MRR,,,2024-03-16 23:27:12,44185,2020,12,NON TITO,,,JAWA TIMUR,1.0,RED,858317740,AREA 3,JATIM,LAMONGAN,TUBAN BOJONEGORO,,,0,0,0,JAWA TIMUR,TUBAN,JENU,BEJI,TUBAN
5786969229,,ODP-MRR-FAB/45,-6.829934,112.007053,,,0,8,0,0,8,REGIONAL 5,MADIUN,TUBAN,MRR,,,2024-03-16 23:26:45,44185,2020,12,NON TITO,,,JAWA TIMUR,1.0,RED,858317760,AREA 3,JATIM,LAMONGAN,TUBAN BOJONEGORO,,,0,0,0,JAWA TIMUR,TUBAN,JENU,BEJI,TUBAN
2139944908,,ODP-RGL-FAB/16,-7.060179,112.007999,,,0,16,0,0,16,REGIONAL 5,MADIUN,TUBAN,RGL,,,2024-03-16 23:27:10,43112,2018,1,NON TITO,,,JAWA TIMUR,1.0,RED,268447494,AREA 3,JATIM,LAMONGAN,TUBAN BOJONEGORO,,,0,0,0,JAWA TIMUR,TUBAN,RENGEL,RENGEL,TUBAN
5684445544,,ODP-RGL-FAD/53,-7.118185,111.963955,,,0,8,0,0,8,REGIONAL 5,MADIUN,TUBAN,RGL,,,2024-03-16 23:22:39,44155,2020,11,NON TITO,,,JAWA TIMUR,1.0,RED,856924214,AREA 3,JATIM,LAMONGAN,TUBAN BOJONEGORO,,,0,0,0,JAWA TIMUR,TUBAN,SOKO,SOKOSARI,TUBAN
5684445539,,ODP-RGL-FAD/54,-7.1161,111.946691,,,0,8,0,0,8,REGIONAL 5,MADIUN,TUBAN,RGL,,,2024-03-16 23:22:58,44155,2020,11,NON TITO,,,JAWA TIMUR,1.0,RED,856924211,AREA 3,JATIM,LAMONGAN,TUBAN BOJONEGORO,,,0,0,0,JAWA TIMUR,TUBAN,SOKO,SOKOSARI,TUBAN
5330594606,,ODP-RGL-FAD/51,-7.112682,111.948202,,,0,8,0,0,8,REGIONAL 5,MADIUN,TUBAN,RGL,,,2024-03-16 23:22:28,44067,2020,8,NON TITO,,,JAWA TIMUR,1.0,RED,838470026,AREA 3,JATIM,LAMONGAN,TUBAN BOJONEGORO,,,0,0,0,JAWA TIMUR,TUBAN,SOKO,SOKOSARI,TUBAN
2154194089,,ODP-JTR-FF/27,-6.893393,111.667145,,,0,8,0,0,8,REGIONAL 5,MADIUN,TUBAN,JTR,,,2024-03-16 23:28:56,43123,2018,1,NON TITO,,,JAWA TIMUR,1.0,RED,289664174,AREA 3,JATIM,LAMONGAN,TUBAN BOJONEGORO,,,0,0,0,JAWA TIMUR,TUBAN,JATIROGO,SUGIHAN,TUBAN
408519673,,ODP-TNZ-FB/29,-6.9042,112.0411,,,0,16,0,0,16,REGIONAL 5,MADIUN,TUBAN,TNZ,,,2024-03-16 23:24:01,42506,2016,5,NON TITO,,,JAWA TIMUR,1.0,RED,25410377,AREA 3,JATIM,LAMONGAN,TUBAN BOJONEGORO,,,0,0,0,JAWA TIMUR,TUBAN,SEMANDING,KARANG,TUBAN
5369518596,,ODP-RGL-FAB/40,-7.071074,112.013298,,,0,16,0,0,16,REGIONAL 5,MADIUN,TUBAN,RGL,,,2024-03-16 23:27:25,44076,2020,9,NON TITO,,,JAWA TIMUR,1.0,RED,837687982,AREA 3,JATIM,LAMONGAN,TUBAN BOJONEGORO,,,0,0,0,JAWA TIMUR,TUBAN,RENGEL,NGADIREJO,TUBAN
2304869770,,ODP-TNZ-FK/42,-6.933729,112.096578,,,0,8,0,0,8,REGIONAL 5,MADIUN,TUBAN,TNZ,,,2024-03-16 23:28:35,43168,2018,3,NON TITO,,,JAWA TIMUR,1.0,RED,324397881,AREA 3,JATIM,LAMONGAN,TUBAN BOJONEGORO,,,0,0,0,JAWA TIMUR,TUBAN,PALANG,TEGALBANG,TUBAN
408519963,,ODP-TNZ-FD/43,-6.9011,112.0696,,,0,8,0,0,8,REGIONAL 5,MADIUN,TUBAN,TNZ,,,2024-03-16 23:23:55,42506,2016,5,NON TITO,,,JAWA TIMUR,1.0,RED,25410605,AREA 3,JATIM,LAMONGAN,TUBAN BOJONEGORO,,,0,0,0,JAWA TIMUR,TUBAN,SEMANDING,GEDONGOMBO,TUBAN
5331868686,,ODP-RGL-FAB/39,-7.026006,111.990809,,,0,8,0,0,8,REGIONAL 5,MADIUN,TUBAN,RGL,,,2024-03-16 23:21:25,44069,2020,8,NON TITO,,,JAWA TIMUR,1.0,RED,837657081,AREA 3,JATIM,LAMONGAN,TUBAN BOJONEGORO,,,0,0,0,JAWA TIMUR,TUBAN,GRABAGAN,GRABAGAN,TUBAN
2154194079,,ODP-JTR-FF/24,-6.895416,111.671197,,,0,8,0,0,8,REGIONAL 5,MADIUN,TUBAN,JTR,,,2024-03-16 23:28:55,43123,2018,1,NON TITO,,,JAWA TIMUR,1.0,RED,289664168,AREA 3,JATIM,LAMONGAN,TUBAN BOJONEGORO,,,0,0,0,JAWA TIMUR,TUBAN,JATIROGO,SUGIHAN,TUBAN
5331868683,,ODP-RGL-FAB/38,-7.020544,111.988009,,,0,8,0,0,8,REGIONAL 5,MADIUN,TUBAN,RGL,,,2024-03-16 23:22:22,44069,2020,8,NON TITO,,,JAWA TIMUR,1.0,RED,837657079,AREA 3,JATIM,LAMONGAN,TUBAN BOJONEGORO,,,0,0,0,JAWA TIMUR,TUBAN,GRABAGAN,GRABAGAN,TUBAN
5326394289,,ODP-RGL-FAC/46,-7.025794,112.098939,,,0,8,0,0,8,REGIONAL 5,MADIUN,TUBAN,RGL,,,2024-03-16 23:29:02,44061,2020,8,NON TITO,,,JAWA TIMUR,1.0,RED,835700475,AREA 3,JATIM,LAMONGAN,TUBAN BOJONEGORO,,,0,0,0,JAWA TIMUR,TUBAN,PLUMPANG,NGRAYUNG,TUBAN
408520020,,ODP-TNZ-FD/22,-6.8997,112.0583,,,0,16,0,0,16,REGIONAL 5,MADIUN,TUBAN,TNZ,,,2024-03-16 23:23:37,42506,2016,5,NON TITO,,,JAWA TIMUR,1.0,RED,25410650,AREA 3,JATIM,LAMONGAN,TUBAN BOJONEGORO,,,0,0,0,JAWA TIMUR,TUBAN,TUBAN,DOROMUKTI,TUBAN
2154194099,,ODP-JTR-FF/31,-6.886873,111.660144,,,0,16,0,0,16,REGIONAL 5,MADIUN,TUBAN,JTR,,,2024-03-16 23:28:54,43123,2018,1,NON TITO,,,JAWA TIMUR,1.0,RED,289664181,AREA 3,JATIM,LAMONGAN,TUBAN BOJONEGORO,,,0,0,0,JAWA TIMUR,TUBAN,JATIROGO,SUGIHAN,TUBAN
5308318571,,ODP-RGL-FAD/48,-7.118212,111.96449,,,0,8,0,0,8,REGIONAL 5,MADIUN,TUBAN,RGL,,,2024-03-16 23:29:02,44054,2020,8,NON TITO,,,JAWA TIMUR,1.0,RED,835106892,AREA 3,JATIM,LAMONGAN,TUBAN BOJONEGORO,,,0,0,0,JAWA TIMUR,TUBAN,SOKO,SOKOSARI,TUBAN
2154194104,,ODP-JTR-FF/06,-6.891645,111.65757,,,0,8,0,0,8,REGIONAL 5,MADIUN,TUBAN,JTR,,,2024-03-16 23:28:26,43123,2018,1,NON TITO,,,JAWA TIMUR,1.0,RED,289664189,AREA 3,JATIM,LAMONGAN,TUBAN BOJONEGORO,,,0,0,0,JAWA TIMUR,TUBAN,JATIROGO,WOTSOGO,TUBAN
408520254,,ODP-TNZ-FA/45,-6.8842,112.0387,,,0,8,0,0,8,REGIONAL 5,MADIUN,TUBAN,TNZ,,,2024-03-16 23:24:09,42506,2016,5,NON TITO,,,JAWA TIMUR,1.0,RED,25410828,AREA 3,JATIM,LAMONGAN,TUBAN BOJONEGORO,,,0,0,0,JAWA TIMUR,TUBAN,TUBAN,PERBON,TUBAN
5262869651,,ODP-JTR-FE/21,-6.865051,111.624891,,,0,16,0,0,16,REGIONAL 5,MADIUN,TUBAN,JTR,,,2024-03-16 23:22:27,44037,2020,7,NON TITO,,,JAWA TIMUR,1.0,RED,833304372,AREA 3,JATIM,LAMONGAN,TUBAN BOJONEGORO,,,0,0,0,JAWA TIMUR,TUBAN,JATIROGO,KEBONHARJO,TUBAN
2154194094,,ODP-JTR-FF/18,-6.875824,111.662234,,,0,8,0,0,8,REGIONAL 5,MADIUN,TUBAN,JTR,,,2024-03-16 23:27:42,43123,2018,1,NON TITO,,,JAWA TIMUR,1.0,RED,289664178,AREA 3,JATIM,LAMONGAN,TUBAN BOJONEGORO,,,0,0,0,JAWA TIMUR,TUBAN,JATIROGO,SADANG,TUBAN
1325759802,,ODP-BCR-FAD/18,-6.801018,111.862591,,,0,8,0,0,8,REGIONAL 5,MADIUN,TUBAN,BCR,,,2024-03-16 23:22:59,42815,2017,3,NON TITO,,,JAWA TIMUR,1.0,RED,79523240,AREA 3,JATIM,LAMONGAN,TUBAN BOJONEGORO,,,0,0,0,JAWA TIMUR,TUBAN,TAMBAKBOYO,SOBONTORO,TUBAN
408519217,,ODP-TNZ-FA/12,-6.8829,112.0195,,,0,16,0,0,16,REGIONAL 5,MADIUN,TUBAN,TNZ,,,2024-03-16 23:23:53,42506,2016,5,NON TITO,,,JAWA TIMUR,1.0,RED,25410006,AREA 3,JATIM,LAMONGAN,TUBAN BOJONEGORO,,,0,0,0,JAWA TIMUR,TUBAN,TUBAN,MONDOKAN,TUBAN
5364718575,,ODP-TNZ-FK/67,-6.909676,112.082563,,,0,16,0,0,16,REGIONAL 5,MADIUN,TUBAN,TNZ,,,2024-03-16 23:22:46,44075,2020,9,NON TITO,,,JAWA TIMUR,1.0,RED,840721562,AREA 3,JATIM,LAMONGAN,TUBAN BOJONEGORO,,,0,0,0,JAWA TIMUR,TUBAN,SEMANDING,GEDONGOMBO,TUBAN
5678518833,,ODP-RGL-FAC/48,-7.029254,112.095918,,,0,8,0,0,8,REGIONAL 5,MADIUN,TUBAN,RGL,,,2024-03-16 23:23:03,44147,2020,11,NON TITO,,,JAWA TIMUR,1.0,RED,856608618,AREA 3,JATIM,LAMONGAN,TUBAN BOJONEGORO,,,0,0,0,JAWA TIMUR,TUBAN,PLUMPANG,PLUMPANG,TUBAN
1325759812,,ODP-BCR-FAD/13,-6.800135,111.868463,,,0,8,0,0,8,REGIONAL 5,MADIUN,TUBAN,BCR,,,2024-03-16 23:25:07,42815,2017,3,NON TITO,,,JAWA TIMUR,1.0,RED,79523246,AREA 3,JATIM,LAMONGAN,TUBAN BOJONEGORO,,,0,0,0,JAWA TIMUR,TUBAN,TAMBAKBOYO,SOBONTORO,TUBAN
5657593803,,ODP-MRR-FAB/39,-6.831857,111.994291,,,0,8,0,0,8,REGIONAL 5,MADIUN,TUBAN,MRR,,,2024-03-16 23:23:28,44144,2020,11,NON TITO,,,JAWA TIMUR,1.0,RED,856549821,AREA 3,JATIM,LAMONGAN,TUBAN BOJONEGORO,,,0,0,0,JAWA TIMUR,TUBAN,JENU,JENGGOLO,TUBAN
5657218703,,ODP-KRK-FE/33,-6.896408,111.892461,,,0,8,0,0,8,REGIONAL 5,MADIUN,TUBAN,KRK,,,2024-03-16 23:27:40,44144,2020,11,NON TITO,,,JAWA TIMUR,1.0,RED,856549764,AREA 3,JATIM,LAMONGAN,TUBAN BOJONEGORO,,,0,0,0,JAWA TIMUR,TUBAN,KEREK,MARGOMULYO,TUBAN
408517473,,ODP-TNZ-FY/10,-6.899999,112.079317,,,0,8,0,0,8,REGIONAL 5,MADIUN,TUBAN,TNZ,,,2024-03-16 23:23:36,42506,2016,5,NON TITO,,,JAWA TIMUR,1.0,RED,25408567,AREA 3,JATIM,LAMONGAN,TUBAN BOJONEGORO,,,0,0,0,JAWA TIMUR,TUBAN,TUBAN,SUKOLILO,TUBAN
2154194069,,ODP-JTR-FF/02,-6.890179,111.655862,,,0,8,0,0,8,REGIONAL 5,MADIUN,TUBAN,JTR,,,2024-03-16 23:28:24,43123,2018,1,NON TITO,,,JAWA TIMUR,1.0,RED,289664155,AREA 3,JATIM,LAMONGAN,TUBAN BOJONEGORO,,,0,0,0,JAWA TIMUR,TUBAN,JATIROGO,WOTSOGO,TUBAN
2284549428,,ODP-JTR-FB/15,-7.016216,111.723567,,,0,8,0,0,8,REGIONAL 5,MADIUN,TUBAN,JTR,,,2024-03-16 23:24:40,43164,2018,3,NON TITO,,,JAWA TIMUR,1.0,RED,324109646,AREA 3,JATIM,LAMONGAN,TUBAN BOJONEGORO,,,0,0,0,JAWA TIMUR,TUBAN,SENORI,JATISARI,TUBAN
408518225,,ODP-RGL-FAA/05,-6.822188,112.091122,,,0,8,0,0,8,REGIONAL 5,MADIUN,TUBAN,RGL,,,2024-03-16 23:23:28,42506,2016,5,NON TITO,,,JAWA TIMUR,1.0,RED,25409179,AREA 3,JATIM,LAMONGAN,TUBAN BOJONEGORO,,,0,0,0,JAWA TIMUR,TUBAN,SEMANDING,SAMBONGREJO,TUBAN
2106495753,,ODP-JTR-FC/19,-6.968458,111.715164,,,0,8,0,0,8,REGIONAL 5,MADIUN,TUBAN,JTR,,,2024-03-16 23:24:50,43104,2018,1,NON TITO,,,JAWA TIMUR,1.0,RED,258996189,AREA 3,JATIM,LAMONGAN,TUBAN BOJONEGORO,,,0,0,0,JAWA TIMUR,TUBAN,BANGILAN,BANGILAN,TUBAN
2087744344,,ODP-MRR-FAA/19,-6.88207,111.982759,,,0,8,0,0,8,REGIONAL 5,MADIUN,TUBAN,MRR,,,2024-03-16 23:28:41,43092,2017,12,NON TITO,,,JAWA TIMUR,1.0,RED,256556505,AREA 3,JATIM,LAMONGAN,TUBAN BOJONEGORO,,,0,0,0,JAWA TIMUR,TUBAN,MERAKURAK,TUWIRI WETAN,TUBAN
2067873513,,ODP-JTR-FB/08,-7.019626,111.729972,,,0,8,0,0,8,REGIONAL 5,MADIUN,TUBAN,JTR,,,2024-03-16 23:22:57,43088,2017,12,NON TITO,,,JAWA TIMUR,1.0,RED,256529417,AREA 3,JATIM,LAMONGAN,TUBAN BOJONEGORO,,,0,0,0,JAWA TIMUR,TUBAN,SENORI,WANGLU KULON,TUBAN
5472118555,,ODP-MRR-FAB/36,-6.83176,111.994053,,,0,8,0,0,8,REGIONAL 5,MADIUN,TUBAN,MRR,,,2024-03-16 23:26:28,44108,2020,10,NON TITO,,,JAWA TIMUR,1.0,RED,844919644,AREA 3,JATIM,LAMONGAN,TUBAN BOJONEGORO,,,0,0,0,JAWA TIMUR,TUBAN,JENU,BEJI,TUBAN
5472118550,,ODP-MRR-FAB/37,-6.831101,111.999311,,,0,8,0,0,8,REGIONAL 5,MADIUN,TUBAN,MRR,,,2024-03-16 23:26:02,44108,2020,10,NON TITO,,,JAWA TIMUR,1.0,RED,844919641,AREA 3,JATIM,LAMONGAN,TUBAN BOJONEGORO,,,0,0,0,JAWA TIMUR,TUBAN,JENU,BEJI,TUBAN
5462219030,,ODP-JTR-FAA/36,-6.851653,111.654981,,,0,8,0,0,8,REGIONAL 5,MADIUN,TUBAN,JTR,,,2024-03-16 23:24:17,44107,2020,10,NON TITO,,,JAWA TIMUR,1.0,RED,844021038,AREA 3,JATIM,LAMONGAN,TUBAN BOJONEGORO,,,0,0,0,JAWA TIMUR,TUBAN,JATIROGO,BESOWO,TUBAN
5432669567,,ODP-TNZ-FH/81,-6.907928,112.064515,,,0,8,0,0,8,REGIONAL 5,MADIUN,TUBAN,TNZ,,,2024-03-16 23:22:34,44097,2020,9,NON TITO,,,JAWA TIMUR,1.0,RED,843645296,AREA 3,JATIM,LAMONGAN,TUBAN BOJONEGORO,,,0,0,0,JAWA TIMUR,TUBAN,SEMANDING,GEDONGOMBO,TUBAN
5433268818,,ODP-TNZ-FE/55,-6.89706,112.084755,,,0,8,0,0,8,REGIONAL 5,MADIUN,TUBAN,TNZ,,,2024-03-16 23:24:42,44097,2020,9,NON TITO,,,JAWA TIMUR,1.0,RED,843645290,AREA 3,JATIM,LAMONGAN,TUBAN BOJONEGORO,,,0,0,0,JAWA TIMUR,TUBAN,PALANG,PAYURAN,TUBAN
1325800603,,ODP-JTR-FD/09,-6.861026,111.597852,,,0,8,0,0,8,REGIONAL 5,MADIUN,TUBAN,JTR,,,2024-03-16 23:26:53,42823,2017,3,NON TITO,,,JAWA TIMUR,1.0,RED,81158970,AREA 3,JATIM,LAMONGAN,TUBAN BOJONEGORO,,,0,0,0,JAWA TENGAH,REMBANG,SALE,WONOKERTO,TUBAN
408507384,,ODP-TNZ-FB/16,-6.904,112.0426,,,0,8,0,0,8,REGIONAL 5,MADIUN,TUBAN,TNZ,,,2024-03-16 23:28:37,42506,2016,5,NON TITO,,,JAWA TIMUR,1.0,RED,25474528,AREA 3,JATIM,LAMONGAN,TUBAN BOJONEGORO,,,0,0,0,JAWA TIMUR,TUBAN,SEMANDING,KARANG,TUBAN
1325800772,,ODP-JTR-FD/16,-6.8621,111.611221,,,0,8,0,0,8,REGIONAL 5,MADIUN,TUBAN,JTR,,,2024-03-16 23:26:47,42823,2017,3,NON TITO,,,JAWA TIMUR,1.0,RED,81159047,AREA 3,JATIM,LAMONGAN,TUBAN BOJONEGORO,,,0,0,0,JAWA TENGAH,REMBANG,SALE,SALE,TUBAN
4417694354,,ODP-RGL-FAH/28,-7.061763,112.079698,,,0,8,0,0,8,REGIONAL 5,MADIUN,TUBAN,RGL,,,2024-03-16 23:25:45,43815,2019,12,NON TITO,,,JAWA TIMUR,1.0,RED,789228496,AREA 3,JATIM,LAMONGAN,TUBAN BOJONEGORO,,,0,0,0,JAWA TIMUR,TUBAN,PLUMPANG,KEDUNGREJO,TUBAN
4410343669,,ODP-RGL-FAD/41,-7.108204,111.962708,,,0,8,0,0,8,REGIONAL 5,MADIUN,TUBAN,RGL,,,2024-03-16 23:22:29,43810,2019,12,NON TITO,,,JAWA TIMUR,1.0,RED,789198446,AREA 3,JATIM,LAMONGAN,TUBAN BOJONEGORO,,,0,0,0,JAWA TIMUR,TUBAN,SOKO,SOKOSARI,TUBAN
1877293888,,ODP-RGL-FAA/08,-7.051047,112.032014,,,0,8,0,0,8,REGIONAL 5,MADIUN,TUBAN,RGL,,,2024-03-16 23:26:44,43008,2017,9,NON TITO,,,JAWA TIMUR,1.0,RED,212677740,AREA 3,JATIM,LAMONGAN,TUBAN BOJONEGORO,,,0,0,0,JAWA TIMUR,TUBAN,RENGEL,PUNGGULREJO,TUBAN
2252519131,,ODP-TNZ-FL/08,-6.899077,112.054288,,,0,8,0,0,8,REGIONAL 5,MADIUN,TUBAN,TNZ,,,2024-03-16 23:24:24,43151,2018,2,NON TITO,,,JAWA TIMUR,1.0,RED,323893471,AREA 3,JATIM,LAMONGAN,TUBAN BOJONEGORO,,,0,0,0,JAWA TIMUR,TUBAN,TUBAN,SIDOREJO,TUBAN
1826821088,,ODP-KRK-FB/06,-6.943847,111.903305,,,0,16,0,0,16,REGIONAL 5,MADIUN,TUBAN,KRK,,,2024-03-16 23:25:45,42993,2017,9,NON TITO,,,JAWA TIMUR,1.0,RED,193559718,AREA 3,JATIM,LAMONGAN,TUBAN BOJONEGORO,,,0,0,0,JAWA TIMUR,TUBAN,MONTONG,PUCANGAN,TUBAN
3509293638,,ODP-TNZ-FAB/22,-6.908171,112.112739,,,0,8,0,0,8,REGIONAL 5,MADIUN,TUBAN,TNZ,,,2024-03-16 23:24:10,43559,2019,4,NON TITO,,,JAWA TIMUR,1.0,RED,622848792,AREA 3,JATIM,LAMONGAN,TUBAN BOJONEGORO,,,0,0,0,JAWA TIMUR,TUBAN,PALANG,SUMURGUNG,TUBAN
3509293633,,ODP-TNZ-FE/51,-6.902375,112.113749,,,0,8,0,0,8,REGIONAL 5,MADIUN,TUBAN,TNZ,,,2024-03-16 23:23:32,43559,2019,4,NON TITO,,,JAWA TIMUR,1.0,RED,622848788,AREA 3,JATIM,LAMONGAN,TUBAN BOJONEGORO,,,0,0,0,JAWA TIMUR,TUBAN,PALANG,SUMURGUNG,TUBAN
3509293553,,ODP-TNZ-FE/48,-6.894819,112.067601,,,0,16,0,0,16,REGIONAL 5,MADIUN,TUBAN,TNZ,,,2024-03-16 23:23:50,43559,2019,4,NON TITO,,,JAWA TIMUR,1.0,RED,622848726,AREA 3,JATIM,LAMONGAN,TUBAN BOJONEGORO,,,0,0,0,JAWA TIMUR,TUBAN,TUBAN,SENDANGHARJO,TUBAN
2252519128,,ODP-TNZ-FL/01,-6.897279,112.049049,,,0,8,0,0,8,REGIONAL 5,MADIUN,TUBAN,TNZ,,,2024-03-16 23:24:11,43151,2018,2,NON TITO,,,JAWA TIMUR,1.0,RED,323893469,AREA 3,JATIM,LAMONGAN,TUBAN BOJONEGORO,,,0,0,0,JAWA TIMUR,TUBAN,TUBAN,SIDOREJO,TUBAN
408595912,,ODP-TNZ-FC/11,-6.904746,112.05183,,,0,8,0,0,8,REGIONAL 5,MADIUN,TUBAN,TNZ,,,2024-03-16 23:26:25,42506,2016,5,NON TITO,,,JAWA TIMUR,1.0,RED,25486164,AREA 3,JATIM,LAMONGAN,TUBAN BOJONEGORO,,,0,0,0,JAWA TIMUR,TUBAN,TUBAN,SIDOREJO,TUBAN
2201594203,,ODP-TNZ-FT/77,-6.895674,112.040821,,,0,8,0,0,8,REGIONAL 5,MADIUN,TUBAN,TNZ,,,2024-03-16 23:23:58,43132,2018,2,NON TITO,,,JAWA TIMUR,1.0,RED,305199113,AREA 3,JATIM,LAMONGAN,TUBAN BOJONEGORO,,,0,0,0,JAWA TIMUR,TUBAN,TUBAN,LATSARI,TUBAN
2469869588,,ODP-BCR-FAB/41,-6.743126,111.675484,,,0,8,0,0,8,REGIONAL 5,MADIUN,TUBAN,BCR,,,2024-03-16 23:23:10,43215,2018,4,NON TITO,,,JAWA TIMUR,1.0,RED,353304872,AREA 3,JATIM,LAMONGAN,TUBAN BOJONEGORO,,,0,0,0,JAWA TENGAH,REMBANG,SARANG,KARANGMANGU,TUBAN
681718626,,ODP-MRR-FAC/19,-6.888349,112.015765,,,0,8,0,0,8,REGIONAL 5,MADIUN,TUBAN,MRR,,,2024-03-16 23:25:12,42535,2016,6,NON TITO,,,JAWA TIMUR,1.0,RED,33435571,AREA 3,JATIM,LAMONGAN,TUBAN BOJONEGORO,,,0,0,0,JAWA TIMUR,TUBAN,TUBAN,SUMURGUNG,TUBAN
3484020143,,ODP-MRR-FAD/40,-6.785314,111.977263,,,0,16,0,0,16,REGIONAL 5,MADIUN,TUBAN,MRR,,,2024-03-16 23:25:46,43549,2019,3,NON TITO,,,JAWA TIMUR,1.0,RED,622743630,AREA 3,JATIM,LAMONGAN,TUBAN BOJONEGORO,,,0,0,0,JAWA TIMUR,TUBAN,JENU,MENTOSO,TUBAN
3484019825,,ODP-MRR-FAD/37,-6.798142,111.980205,,,0,16,0,0,16,REGIONAL 5,MADIUN,TUBAN,MRR,,,2024-03-16 23:26:00,43549,2019,3,NON TITO,,,JAWA TIMUR,1.0,RED,622743438,AREA 3,JATIM,LAMONGAN,TUBAN BOJONEGORO,,,0,0,0,JAWA TIMUR,TUBAN,JENU,RAWASAN,TUBAN
3494669004,,ODP-TNZ-FN/25,-6.898585,112.058152,,,0,8,0,0,8,REGIONAL 5,MADIUN,TUBAN,TNZ,,,2024-03-16 23:25:46,43553,2019,3,NON TITO,,,JAWA TIMUR,1.0,RED,622438287,AREA 3,JATIM,LAMONGAN,TUBAN BOJONEGORO,,,0,0,0,JAWA TIMUR,TUBAN,TUBAN,DOROMUKTI,TUBAN
681868725,,ODP-MRR-FAC/02,-6.887668,112.008829,,,0,8,0,0,8,REGIONAL 5,MADIUN,TUBAN,MRR,,,2024-03-16 23:22:28,42535,2016,6,NON TITO,,,JAWA TIMUR,1.0,RED,33435606,AREA 3,JATIM,LAMONGAN,TUBAN BOJONEGORO,,,0,0,0,JAWA TIMUR,TUBAN,TUBAN,SUMURGUNG,TUBAN
2201594043,,ODP-RGL-FAD/20,-7.117096,111.943979,,,0,8,0,0,8,REGIONAL 5,MADIUN,TUBAN,RGL,,,2024-03-16 23:24:01,43132,2018,2,NON TITO,,,JAWA TIMUR,1.0,RED,305199050,AREA 3,JATIM,LAMONGAN,TUBAN BOJONEGORO,,,0,0,0,JAWA TIMUR,TUBAN,SOKO,SOKOSARI,TUBAN
3510943548,,ODP-BCR-FAD/40,-6.816134,111.839004,,,0,8,0,0,8,REGIONAL 5,MADIUN,TUBAN,BCR,,,2024-03-16 23:26:43,43560,2019,4,NON TITO,,,JAWA TIMUR,1.0,RED,626941424,AREA 3,JATIM,LAMONGAN,TUBAN BOJONEGORO,,,0,0,0,JAWA TIMUR,TUBAN,TAMBAKBOYO,KLUTUK,TUBAN
408595591,,ODP-MRR-FAA/06,-6.878692,111.989319,,,0,8,0,0,8,REGIONAL 5,MADIUN,TUBAN,MRR,,,2024-03-16 23:21:04,42506,2016,5,NON TITO,,,JAWA TIMUR,1.0,RED,25485964,AREA 3,JATIM,LAMONGAN,TUBAN BOJONEGORO,,,0,0,0,JAWA TIMUR,TUBAN,MERAKURAK,MANDIREJO,TUBAN
1870619287,,ODP-RGL-FAB/15,-7.065122,112.004309,,,0,8,0,0,8,REGIONAL 5,MADIUN,TUBAN,RGL,,,2024-03-16 23:28:53,43007,2017,9,NON TITO,,,JAWA TIMUR,1.0,RED,219472806,AREA 3,JATIM,LAMONGAN,TUBAN BOJONEGORO,,,0,0,0,JAWA TIMUR,TUBAN,RENGEL,RENGEL,TUBAN
3814619186,,ODP-JTR-FF/56,-6.883432,111.646929,,,0,8,0,0,8,REGIONAL 5,MADIUN,TUBAN,JTR,,,2024-03-16 23:25:38,43710,2019,9,NON TITO,,,JAWA TIMUR,1.0,RED,643090725,AREA 3,JATIM,LAMONGAN,TUBAN BOJONEGORO,,,0,0,0,JAWA TIMUR,TUBAN,JATIROGO,JOMBOK,TUBAN
2201593993,,ODP-TNZ-FT/49,-6.896387,112.042272,,,0,8,0,0,8,REGIONAL 5,MADIUN,TUBAN,TNZ,,,2024-03-16 23:23:48,43132,2018,2,NON TITO,,,JAWA TIMUR,1.0,RED,305199028,AREA 3,JATIM,LAMONGAN,TUBAN BOJONEGORO,,,0,0,0,JAWA TIMUR,TUBAN,TUBAN,LATSARI,TUBAN
408595287,,ODP-KRK-FA/01,-6.8679,111.9154,,,0,16,0,0,16,REGIONAL 5,MADIUN,TUBAN,KRK,,,2024-03-16 23:26:40,42506,2016,5,NON TITO,,,JAWA TIMUR,1.0,RED,25485779,AREA 3,JATIM,LAMONGAN,TUBAN BOJONEGORO,,,0,0,0,JAWA TIMUR,TUBAN,KEREK,SUMBERARUM,TUBAN
3750719497,,ODP-MRR-FAD/42,-6.79741,111.980552,,,0,8,0,0,8,REGIONAL 5,MADIUN,TUBAN,MRR,,,2024-03-16 23:24:22,43683,2019,8,NON TITO,,,JAWA TIMUR,1.0,RED,642848107,AREA 3,JATIM,LAMONGAN,TUBAN BOJONEGORO,,,0,0,0,JAWA TIMUR,TUBAN,JENU,RAWASAN,TUBAN
3777793935,,ODP-RGL-FAH/19,-7.061272,112.078771,,,0,8,0,0,8,REGIONAL 5,MADIUN,TUBAN,RGL,,,2024-03-16 23:21:45,43692,2019,8,NON TITO,,,JAWA TIMUR,1.0,RED,642816240,AREA 3,JATIM,LAMONGAN,TUBAN BOJONEGORO,,,0,0,0,JAWA TIMUR,TUBAN,PLUMPANG,KEDUNGREJO,TUBAN
8705298522,,ODP-BCR-FAG/11,-6.808013,111.889151,,,0,8,0,0,8,REGIONAL 5,MADIUN,TUBAN,BCR,,,2023-08-30 18:07:49,44687,2022,5,NON TITO,,,JAWA TIMUR,1.0,RED,1179589648,AREA 3,JATIM,LAMONGAN,TUBAN BOJONEGORO,,,0,0,0,JAWA TIMUR,TUBAN,TAMBAKBOYO,SAWIR,TUBAN
1926794738,,ODP-KRK-FC/09,-6.8931,111.885697,,,0,16,0,0,16,REGIONAL 5,MADIUN,TUBAN,KRK,,,2024-03-16 23:23:50,43027,2017,10,NON TITO,,,JAWA TIMUR,1.0,RED,238517794,AREA 3,JATIM,LAMONGAN,TUBAN BOJONEGORO,,,0,0,0,JAWA TIMUR,TUBAN,KEREK,MARGOMULYO,TUBAN
3442543955,,ODP-RGL-FAF/05,-6.999671,112.110279,,,0,8,0,0,8,REGIONAL 5,MADIUN,TUBAN,RGL,,,2024-03-16 23:22:36,43539,2019,3,NON TITO,,,JAWA TIMUR,1.0,RED,604768404,AREA 3,JATIM,LAMONGAN,TUBAN BOJONEGORO,,,0,0,0,JAWA TIMUR,TUBAN,PLUMPANG,SUMBERAGUNG,TUBAN
3761818823,,ODP-RGL-FAF/06,-7.014363,112.10496,,,0,8,0,0,8,REGIONAL 5,MADIUN,TUBAN,RGL,,,2024-03-16 23:23:31,43679,2019,8,NON TITO,,,JAWA TIMUR,1.0,RED,642692525,AREA 3,JATIM,LAMONGAN,TUBAN BOJONEGORO,,,0,0,0,JAWA TIMUR,TUBAN,PLUMPANG,SUMBERAGUNG,TUBAN
3726054020,,ODP-RGL-FAF/07,-7.006043,112.109318,,,0,8,0,0,8,REGIONAL 5,MADIUN,TUBAN,RGL,,,2024-03-16 23:22:58,43665,2019,7,NON TITO,,,JAWA TIMUR,1.0,RED,640305834,AREA 3,JATIM,LAMONGAN,TUBAN BOJONEGORO,,,0,0,0,JAWA TIMUR,TUBAN,PLUMPANG,SUMBERAGUNG,TUBAN
2201594003,,ODP-TNZ-FT/61,-6.896736,112.046655,,,0,8,0,0,8,REGIONAL 5,MADIUN,TUBAN,TNZ,,,2024-03-16 23:24:03,43132,2018,2,NON TITO,,,JAWA TIMUR,1.0,RED,305199033,AREA 3,JATIM,LAMONGAN,TUBAN BOJONEGORO,,,0,0,0,JAWA TIMUR,TUBAN,TUBAN,SIDOREJO,TUBAN
3623443632,,ODP-RGL-FAG/08,-7.006446,112.134602,,,0,8,0,0,8,REGIONAL 5,MADIUN,TUBAN,RGL,,,2024-03-16 23:28:57,43615,2019,5,NON TITO,,,JAWA TIMUR,1.0,RED,629728657,AREA 3,JATIM,LAMONGAN,TUBAN BOJONEGORO,,,0,0,0,JAWA TIMUR,TUBAN,WIDANG,MINOHOREJO,TUBAN
3623444366,,ODP-RGL-FAG/09,-7.002087,112.130394,,,0,8,0,0,8,REGIONAL 5,MADIUN,TUBAN,RGL,,,2024-03-16 23:28:53,43615,2019,5,NON TITO,,,JAWA TIMUR,1.0,RED,629035623,AREA 3,JATIM,LAMONGAN,TUBAN BOJONEGORO,,,0,0,0,JAWA TIMUR,TUBAN,WIDANG,MINOHOREJO,TUBAN
3623443638,,ODP-RGL-FAG/10,-6.996667,112.12511,,,0,8,0,0,8,REGIONAL 5,MADIUN,TUBAN,RGL,,,2024-03-16 23:28:52,43615,2019,5,NON TITO,,,JAWA TIMUR,1.0,RED,629033746,AREA 3,JATIM,LAMONGAN,TUBAN BOJONEGORO,,,0,0,0,JAWA TIMUR,TUBAN,WIDANG,MINOHOREJO,TUBAN
408595542,,ODP-MRR-FAA/02,-6.880564,111.994033,,,0,8,0,0,8,REGIONAL 5,MADIUN,TUBAN,MRR,,,2024-03-16 23:21:19,42506,2016,5,NON TITO,,,JAWA TIMUR,1.0,RED,25485935,AREA 3,JATIM,LAMONGAN,TUBAN BOJONEGORO,,,0,0,0,JAWA TIMUR,TUBAN,MERAKURAK,MANDIREJO,TUBAN
2252519137,,ODP-TNZ-FQ/08,-6.899411,112.055146,,,0,8,0,0,8,REGIONAL 5,MADIUN,TUBAN,TNZ,,,2024-03-16 23:24:26,43151,2018,2,NON TITO,,,JAWA TIMUR,1.0,RED,323893475,AREA 3,JATIM,LAMONGAN,TUBAN BOJONEGORO,,,0,0,0,JAWA TIMUR,TUBAN,TUBAN,SIDOREJO,TUBAN
3726056529,,ODP-TNZ-FJ/53,-6.899687,112.154478,,,0,8,0,0,8,REGIONAL 5,MADIUN,TUBAN,TNZ,,,2024-03-16 23:23:30,43667,2019,7,NON TITO,,,JAWA TIMUR,1.0,RED,640739433,AREA 3,JATIM,LAMONGAN,TUBAN BOJONEGORO,,,0,0,0,JAWA TIMUR,TUBAN,PALANG,LERAN KULON,TUBAN
681718634,,ODP-MRR-FAC/18,-6.888612,112.015765,,,0,8,0,0,8,REGIONAL 5,MADIUN,TUBAN,MRR,,,2024-03-16 23:25:16,42535,2016,6,NON TITO,,,JAWA TIMUR,1.0,RED,33435612,AREA 3,JATIM,LAMONGAN,TUBAN BOJONEGORO,,,0,0,0,JAWA TIMUR,TUBAN,TUBAN,SUMURGUNG,TUBAN
2469869802,,ODP-MRR-FAB/32,-6.834374,112.007512,,,0,8,0,0,8,REGIONAL 5,MADIUN,TUBAN,MRR,,,2024-03-16 23:23:06,43215,2018,4,NON TITO,,,JAWA TIMUR,1.0,RED,353304950,AREA 3,JATIM,LAMONGAN,TUBAN BOJONEGORO,,,0,0,0,JAWA TIMUR,TUBAN,JENU,JENGGOLO,TUBAN
681718664,,ODP-MRR-FAC/14,-6.885627,112.015512,,,0,8,0,0,8,REGIONAL 5,MADIUN,TUBAN,MRR,,,2024-03-16 23:25:23,42535,2016,6,NON TITO,,,JAWA TIMUR,1.0,RED,33435809,AREA 3,JATIM,LAMONGAN,TUBAN BOJONEGORO,,,0,0,0,JAWA TIMUR,TUBAN,TUBAN,SUMURGUNG,TUBAN
2201594483,,ODP-TNZ-FT/85,-6.88717,112.052254,,,0,8,0,0,8,REGIONAL 5,MADIUN,TUBAN,TNZ,,,2024-03-16 23:24:13,43132,2018,2,NON TITO,,,JAWA TIMUR,1.0,RED,305199222,AREA 3,JATIM,LAMONGAN,TUBAN BOJONEGORO,,,0,0,0,JAWA TIMUR,TUBAN,TUBAN,KINGKING,TUBAN
3262243996,,ODP-MRR-FAA/59,-6.862768,111.933276,,,0,8,0,0,8,REGIONAL 5,MADIUN,TUBAN,MRR,,,2024-03-16 23:26:08,43481,2019,1,NON TITO,,,JAWA TIMUR,1.0,RED,451744965,AREA 3,JATIM,LAMONGAN,TUBAN BOJONEGORO,,,0,0,0,JAWA TIMUR,TUBAN,MERAKURAK,TOBO,TUBAN
2201594513,,ODP-TNZ-FT/45,-6.892097,112.04688,,,0,8,0,0,8,REGIONAL 5,MADIUN,TUBAN,TNZ,,,2024-03-16 23:24:19,43132,2018,2,NON TITO,,,JAWA TIMUR,1.0,RED,305199234,AREA 3,JATIM,LAMONGAN,TUBAN BOJONEGORO,,,0,0,0,JAWA TIMUR,TUBAN,TUBAN,LATSARI,TUBAN
2469868986,,ODP-MRR-FAB/33,-6.83355,112.005628,,,0,8,0,0,8,REGIONAL 5,MADIUN,TUBAN,MRR,,,2024-03-16 23:23:04,43215,2018,4,NON TITO,,,JAWA TIMUR,1.0,RED,353600121,AREA 3,JATIM,LAMONGAN,TUBAN BOJONEGORO,,,0,0,0,JAWA TIMUR,TUBAN,JENU,JENU,TUBAN
3262243867,,ODP-MRR-FAA/68,-6.870241,111.959081,,,0,8,0,0,8,REGIONAL 5,MADIUN,TUBAN,MRR,,,2024-03-16 23:26:09,43481,2019,1,NON TITO,,,JAWA TIMUR,1.0,RED,451744852,AREA 3,JATIM,LAMONGAN,TUBAN BOJONEGORO,,,0,0,0,JAWA TIMUR,TUBAN,MERAKURAK,SENORI,TUBAN
681718671,,ODP-MRR-FAC/13,-6.885611,112.016116,,,0,8,0,0,8,REGIONAL 5,MADIUN,TUBAN,MRR,,,2024-03-16 23:24:52,42535,2016,6,NON TITO,,,JAWA TIMUR,1.0,RED,33584563,AREA 3,JATIM,LAMONGAN,TUBAN BOJONEGORO,,,0,0,0,JAWA TIMUR,TUBAN,MERAKURAK,BOGOREJO,TUBAN
1633624812,,ODP-JTR-FAA/28,-6.877138,111.652876,,,0,8,0,0,8,REGIONAL 5,MADIUN,TUBAN,JTR,,,2024-03-16 23:23:21,42948,2017,8,NON TITO,,,JAWA TIMUR,1.0,RED,179679754,AREA 3,JATIM,LAMONGAN,TUBAN BOJONEGORO,,,0,0,0,JAWA TIMUR,TUBAN,JATIROGO,SADANG,TUBAN
3262244001,,ODP-MRR-FAA/66,-6.871292,111.949808,,,0,8,0,0,8,REGIONAL 5,MADIUN,TUBAN,MRR,,,2024-03-16 23:26:09,43481,2019,1,NON TITO,,,JAWA TIMUR,1.0,RED,451744970,AREA 3,JATIM,LAMONGAN,TUBAN BOJONEGORO,,,0,0,0,JAWA TIMUR,TUBAN,MERAKURAK,SEMBUNGREJO,TUBAN
681494844,,ODP-TNZ-FA/81,-6.883839,112.02387,,,0,8,0,0,8,REGIONAL 5,MADIUN,TUBAN,TNZ,,,2024-03-16 23:26:43,42536,2016,6,NON TITO,,,JAWA TIMUR,1.0,RED,33592579,AREA 3,JATIM,LAMONGAN,TUBAN BOJONEGORO,,,0,0,0,JAWA TIMUR,TUBAN,TUBAN,MONDOKAN,TUBAN
681494861,,ODP-TNZ-FA/83,0.0,0.0,,,0,8,0,0,8,REGIONAL 5,MADIUN,TUBAN,TNZ,,,2024-03-16 23:26:50,42536,2016,6,NON TITO,,,JAWA TIMUR,1.0,RED,33592654,AREA 3,JATIM,LAMONGAN,TUBAN BOJONEGORO,,,0,0,0,JAWA TIMUR,TUBAN,TUBAN,SUMURGUNG,TUBAN
3236444184,,ODP-BCR-FAC/47,-6.773679,111.725554,,,0,8,0,0,8,REGIONAL 5,MADIUN,TUBAN,BCR,,,2024-03-16 23:27:22,43474,2019,1,NON TITO,,,JAWA TIMUR,1.0,RED,448138970,AREA 3,JATIM,LAMONGAN,TUBAN BOJONEGORO,,,0,0,0,JAWA TIMUR,TUBAN,BANCAR,BANJAREJO,TUBAN
694543676,,ODP-TNZ-FA/69,-6.882126,112.023282,,,0,8,0,0,8,REGIONAL 5,MADIUN,TUBAN,TNZ,,,2024-03-16 23:22:21,42538,2016,6,NON TITO,,,JAWA TIMUR,1.0,RED,33603157,AREA 3,JATIM,LAMONGAN,TUBAN BOJONEGORO,,,0,0,0,JAWA TIMUR,TUBAN,TUBAN,MONDOKAN,TUBAN
3236443841,,ODP-MRR-FAA/71,-6.907304,111.946402,,,0,16,0,0,16,REGIONAL 5,MADIUN,TUBAN,MRR,,,2024-03-16 23:26:46,43474,2019,1,NON TITO,,,JAWA TIMUR,1.0,RED,448138691,AREA 3,JATIM,LAMONGAN,TUBAN BOJONEGORO,,,0,0,0,JAWA TIMUR,TUBAN,MERAKURAK,TUWIRI WETAN,TUBAN
1325800335,,ODP-JTR-FD/04,-6.855894,111.590575,,,0,8,0,0,8,REGIONAL 5,MADIUN,TUBAN,JTR,,,2024-03-16 23:27:14,42823,2017,3,NON TITO,,,JAWA TIMUR,1.0,RED,81454634,AREA 3,JATIM,LAMONGAN,TUBAN BOJONEGORO,,,0,0,0,JAWA TENGAH,REMBANG,SALE,WONOKERTO,TUBAN
694543795,,ODP-TNZ-FA/71,0.0,112.022564,,,0,8,0,0,8,REGIONAL 5,MADIUN,TUBAN,TNZ,,,2024-03-16 23:22:39,42538,2016,6,NON TITO,,,JAWA TIMUR,1.0,RED,33603338,AREA 3,JATIM,LAMONGAN,TUBAN BOJONEGORO,,,0,0,0,KALIMANTAN BARAT,SINTANG,KAYAN HILIR,LALANG INGGAR,TUBAN
2177744773,,ODP-TNZ-FT/31,-6.889158,112.046533,,,0,8,0,0,8,REGIONAL 5,MADIUN,TUBAN,TNZ,,,2024-03-16 23:22:26,43133,2018,2,NON TITO,,,JAWA TIMUR,1.0,RED,305204353,AREA 3,JATIM,LAMONGAN,TUBAN BOJONEGORO,,,0,0,0,JAWA TIMUR,TUBAN,TUBAN,LATSARI,TUBAN
3262243627,,ODP-MRR-FAA/69,-6.870505,111.959854,,,0,8,0,0,8,REGIONAL 5,MADIUN,TUBAN,MRR,,,2024-03-16 23:25:55,43481,2019,1,NON TITO,,,JAWA TIMUR,1.0,RED,451744632,AREA 3,JATIM,LAMONGAN,TUBAN BOJONEGORO,,,0,0,0,JAWA TIMUR,TUBAN,MERAKURAK,SENORI,TUBAN
1325799971,,ODP-JTR-FD/08,-6.860046,111.596226,,,0,8,0,0,8,REGIONAL 5,MADIUN,TUBAN,JTR,,,2024-03-16 23:26:27,42823,2017,3,NON TITO,,,JAWA TIMUR,1.0,RED,81454374,AREA 3,JATIM,LAMONGAN,TUBAN BOJONEGORO,,,0,0,0,JAWA TENGAH,REMBANG,SALE,WONOKERTO,TUBAN
3262244064,,ODP-MRR-FAA/58,-6.862448,111.932423,,,0,8,0,0,8,REGIONAL 5,MADIUN,TUBAN,MRR,,,2024-03-16 23:26:08,43481,2019,1,NON TITO,,,JAWA TIMUR,1.0,RED,451745035,AREA 3,JATIM,LAMONGAN,TUBAN BOJONEGORO,,,0,0,0,JAWA TIMUR,TUBAN,MERAKURAK,TOBO,TUBAN
1633625548,,ODP-JTR-FAA/27,-6.881444,111.652743,,,0,8,0,0,8,REGIONAL 5,MADIUN,TUBAN,JTR,,,2024-03-16 23:23:47,42948,2017,8,NON TITO,,,JAWA TIMUR,1.0,RED,179680197,AREA 3,JATIM,LAMONGAN,TUBAN BOJONEGORO,,,0,0,0,JAWA TIMUR,TUBAN,JATIROGO,SADANG,TUBAN
2201594253,,ODP-RGL-FAD/19,-7.117354,111.942172,,,0,8,0,0,8,REGIONAL 5,MADIUN,TUBAN,RGL,,,2024-03-16 23:24:21,43132,2018,2,NON TITO,,,JAWA TIMUR,1.0,RED,305199130,AREA 3,JATIM,LAMONGAN,TUBAN BOJONEGORO,,,0,0,0,JAWA TIMUR,TUBAN,SOKO,SOKOSARI,TUBAN
3362293911,,ODP-RGL-FAE/09,-7.090394,111.970395,,,0,8,0,0,8,REGIONAL 5,MADIUN,TUBAN,RGL,,,2024-03-16 23:26:27,43512,2019,2,NON TITO,,,JAWA TIMUR,1.0,RED,540541029,AREA 3,JATIM,LAMONGAN,TUBAN BOJONEGORO,,,0,0,0,JAWA TIMUR,TUBAN,RENGEL,KEBONAGUNG,TUBAN
3362293896,,ODP-RGL-FAE/11,-7.088439,111.970454,,,0,16,0,0,16,REGIONAL 5,MADIUN,TUBAN,RGL,,,2024-03-16 23:26:42,43512,2019,2,NON TITO,,,JAWA TIMUR,1.0,RED,540541020,AREA 3,JATIM,LAMONGAN,TUBAN BOJONEGORO,,,0,0,0,JAWA TIMUR,TUBAN,RENGEL,KEBONAGUNG,TUBAN
681868807,,ODP-MRR-FAC/09,-6.885763,112.010195,,,0,8,0,0,8,REGIONAL 5,MADIUN,TUBAN,MRR,,,2024-03-16 23:22:20,42535,2016,6,NON TITO,,,JAWA TIMUR,1.0,RED,33436221,AREA 3,JATIM,LAMONGAN,TUBAN BOJONEGORO,,,0,0,0,JAWA TIMUR,TUBAN,TUBAN,SUMURGUNG,TUBAN
681868822,,ODP-MRR-FAC/10,-6.885303,112.010295,,,0,8,0,0,8,REGIONAL 5,MADIUN,TUBAN,MRR,,,2024-03-16 23:22:26,42535,2016,6,NON TITO,,,JAWA TIMUR,1.0,RED,33436277,AREA 3,JATIM,LAMONGAN,TUBAN BOJONEGORO,,,0,0,0,JAWA TIMUR,TUBAN,TUBAN,SUMURGUNG,TUBAN
1826820356,,ODP-KRK-FB/08,-6.946898,111.896463,,,0,8,0,0,8,REGIONAL 5,MADIUN,TUBAN,KRK,,,2024-03-16 23:25:23,42993,2017,9,NON TITO,,,JAWA TIMUR,1.0,RED,193559279,AREA 3,JATIM,LAMONGAN,TUBAN BOJONEGORO,,,0,0,0,JAWA TIMUR,TUBAN,MONTONG,PUCANGAN,TUBAN
1633626518,,ODP-JTR-FAA/24,-6.888104,111.656401,,,0,8,0,0,8,REGIONAL 5,MADIUN,TUBAN,JTR,,,2024-03-16 23:23:54,42948,2017,8,NON TITO,,,JAWA TIMUR,1.0,RED,180100665,AREA 3,JATIM,LAMONGAN,TUBAN BOJONEGORO,,,0,0,0,JAWA TIMUR,TUBAN,JATIROGO,WOTSOGO,TUBAN
651043574,,ODP-TNZ-FE/03,-6.900712,112.076495,,,0,16,0,0,16,REGIONAL 5,MADIUN,TUBAN,TNZ,,,2024-03-16 23:27:13,42526,2016,6,NON TITO,,,JAWA TIMUR,1.0,RED,33553543,AREA 3,JATIM,LAMONGAN,TUBAN BOJONEGORO,,,0,0,0,JAWA TIMUR,TUBAN,SEMANDING,GEDONGOMBO,TUBAN
1638794625,,ODP-JTR-FB/05,-7.01705,111.724152,,,0,8,0,0,8,REGIONAL 5,MADIUN,TUBAN,JTR,,,2024-03-16 23:22:24,42944,2017,7,NON TITO,,,JAWA TIMUR,1.0,RED,179722683,AREA 3,JATIM,LAMONGAN,TUBAN BOJONEGORO,,,0,0,0,JAWA TIMUR,TUBAN,SENORI,JATISARI,TUBAN
3254372348,,ODP-TNZ-FT/106,-6.89145,112.039387,,,0,8,0,0,8,REGIONAL 5,MADIUN,TUBAN,TNZ,,,2024-03-16 23:23:28,43483,2019,1,NON TITO,,,JAWA TIMUR,1.0,RED,463515441,AREA 3,JATIM,LAMONGAN,TUBAN BOJONEGORO,,,0,0,0,JAWA TIMUR,TUBAN,TUBAN,LATSARI,TUBAN
3254372267,,ODP-TNZ-FT/103,-6.890416,112.0372,,,0,8,0,0,8,REGIONAL 5,MADIUN,TUBAN,TNZ,,,2024-03-16 23:23:26,43483,2019,1,NON TITO,,,JAWA TIMUR,1.0,RED,463515393,AREA 3,JATIM,LAMONGAN,TUBAN BOJONEGORO,,,0,0,0,JAWA TIMUR,TUBAN,TUBAN,PERBON,TUBAN
3254372057,,ODP-TNZ-FT/100,-6.887946,112.038115,,,0,8,0,0,8,REGIONAL 5,MADIUN,TUBAN,TNZ,,,2024-03-16 23:22:28,43483,2019,1,NON TITO,,,JAWA TIMUR,1.0,RED,463515266,AREA 3,JATIM,LAMONGAN,TUBAN BOJONEGORO,,,0,0,0,JAWA TIMUR,TUBAN,TUBAN,PERBON,TUBAN
2201594413,,ODP-RGL-FAD/17,-7.118944,111.941925,,,0,8,0,0,8,REGIONAL 5,MADIUN,TUBAN,RGL,,,2024-03-16 23:23:47,43132,2018,2,NON TITO,,,JAWA TIMUR,1.0,RED,305199197,AREA 3,JATIM,LAMONGAN,TUBAN BOJONEGORO,,,0,0,0,JAWA TIMUR,TUBAN,SOKO,SOKOSARI,TUBAN
651043531,,ODP-TNZ-FE/05,-6.897591,112.074929,,,0,16,0,0,16,REGIONAL 5,MADIUN,TUBAN,TNZ,,,2024-03-16 23:26:57,42526,2016,6,NON TITO,,,JAWA TIMUR,1.0,RED,33553409,AREA 3,JATIM,LAMONGAN,TUBAN BOJONEGORO,,,0,0,0,JAWA TIMUR,TUBAN,TUBAN,SUKOLILO,TUBAN
3208770411,,ODP-TNZ-FG/87,-6.900168,112.040241,,,0,8,0,0,8,REGIONAL 5,MADIUN,TUBAN,TNZ,,,2024-03-16 23:27:16,43481,2019,1,NON TITO,,,JAWA TIMUR,1.0,RED,451746600,AREA 3,JATIM,LAMONGAN,TUBAN BOJONEGORO,,,0,0,0,JAWA TIMUR,TUBAN,TUBAN,SIDOREJO,TUBAN
651043550,,ODP-TNZ-FE/04,-6.899884,112.075982,,,0,16,0,0,16,REGIONAL 5,MADIUN,TUBAN,TNZ,,,2024-03-16 23:27:14,42526,2016,6,NON TITO,,,JAWA TIMUR,1.0,RED,33553515,AREA 3,JATIM,LAMONGAN,TUBAN BOJONEGORO,,,0,0,0,JAWA TIMUR,TUBAN,SEMANDING,GEDONGOMBO,TUBAN
1325799979,,ODP-JTR-FD/20,-6.861515,111.606597,,,0,8,0,0,8,REGIONAL 5,MADIUN,TUBAN,JTR,,,2024-03-16 23:27:06,42823,2017,3,NON TITO,,,JAWA TIMUR,1.0,RED,81454380,AREA 3,JATIM,LAMONGAN,TUBAN BOJONEGORO,,,0,0,0,JAWA TENGAH,REMBANG,SALE,SALE,TUBAN
408595065,,ODP-TNZ-FC/12,-6.905,112.0528,,,0,8,0,0,8,REGIONAL 5,MADIUN,TUBAN,TNZ,,,2024-03-16 23:25:17,42506,2016,5,NON TITO,,,JAWA TIMUR,1.0,RED,25485639,AREA 3,JATIM,LAMONGAN,TUBAN BOJONEGORO,,,0,0,0,JAWA TIMUR,TUBAN,TUBAN,SIDOREJO,TUBAN
2418869152,,ODP-TNZ-FE/33,-6.896703,112.087961,,,0,16,0,0,16,REGIONAL 5,MADIUN,TUBAN,TNZ,,,2024-03-16 23:21:05,43200,2018,4,NON TITO,,,JAWA TIMUR,1.0,RED,333458381,AREA 3,JATIM,LAMONGAN,TUBAN BOJONEGORO,,,0,0,0,JAWA TIMUR,TUBAN,PALANG,PAYURAN,TUBAN
4199519043,,ODP-JTR-FC/48,-6.95539,111.708482,,,0,8,0,0,8,REGIONAL 5,MADIUN,TUBAN,JTR,,,2024-03-16 23:25:38,43777,2019,11,NON TITO,,,JAWA TIMUR,1.0,RED,758189473,AREA 3,JATIM,LAMONGAN,TUBAN BOJONEGORO,,,0,0,0,JAWA TIMUR,TUBAN,BANGILAN,SIDODADI,TUBAN
2201593640,,ODP-TNZ-FT/71,-6.89785,112.041806,,,0,8,0,0,8,REGIONAL 5,MADIUN,TUBAN,TNZ,,,2024-03-16 23:24:15,43132,2018,2,NON TITO,,,JAWA TIMUR,1.0,RED,305198838,AREA 3,JATIM,LAMONGAN,TUBAN BOJONEGORO,,,0,0,0,JAWA TIMUR,TUBAN,TUBAN,LATSARI,TUBAN
2304869865,,ODP-TNZ-FK/47,-6.924314,112.092235,,,0,8,0,0,8,REGIONAL 5,MADIUN,TUBAN,TNZ,,,2024-03-16 23:25:22,43168,2018,3,NON TITO,,,JAWA TIMUR,1.0,RED,324545274,AREA 3,JATIM,LAMONGAN,TUBAN BOJONEGORO,,,0,0,0,JAWA TIMUR,TUBAN,SEMANDING,GEDONGOMBO,TUBAN
2201593650,,ODP-TNZ-FT/88,-6.888193,112.049611,,,0,8,0,0,8,REGIONAL 5,MADIUN,TUBAN,TNZ,,,2024-03-16 23:24:11,43132,2018,2,NON TITO,,,JAWA TIMUR,1.0,RED,305198846,AREA 3,JATIM,LAMONGAN,TUBAN BOJONEGORO,,,0,0,0,JAWA TIMUR,TUBAN,TUBAN,LATSARI,TUBAN
408592538,,ODP-TNZ-FD/32,-6.9033,112.0767,,,0,16,0,0,16,REGIONAL 5,MADIUN,TUBAN,TNZ,,,2024-03-16 23:25:19,42506,2016,5,NON TITO,,,JAWA TIMUR,1.0,RED,25484036,AREA 3,JATIM,LAMONGAN,TUBAN BOJONEGORO,,,0,0,0,JAWA TIMUR,TUBAN,SEMANDING,GEDONGOMBO,TUBAN
4199519063,,ODP-JTR-FC/46,-6.942737,111.701173,,,0,8,0,0,8,REGIONAL 5,MADIUN,TUBAN,JTR,,,2024-03-16 23:25:18,43777,2019,11,NON TITO,,,JAWA TIMUR,1.0,RED,758189489,AREA 3,JATIM,LAMONGAN,TUBAN BOJONEGORO,,,0,0,0,JAWA TIMUR,TUBAN,BANGILAN,SIDODADI,TUBAN
2201593660,,ODP-TNZ-FT/87,-6.887704,112.051938,,,0,8,0,0,8,REGIONAL 5,MADIUN,TUBAN,TNZ,,,2024-03-16 23:23:48,43132,2018,2,NON TITO,,,JAWA TIMUR,1.0,RED,305198852,AREA 3,JATIM,LAMONGAN,TUBAN BOJONEGORO,,,0,0,0,JAWA TIMUR,TUBAN,TUBAN,KINGKING,TUBAN
1975244424,,ODP-TNZ-FG/40,-6.898463,112.034781,,,0,8,0,0,8,REGIONAL 5,MADIUN,TUBAN,TNZ,,,2024-03-16 23:26:58,43050,2017,11,NON TITO,,,JAWA TIMUR,1.0,RED,242317509,AREA 3,JATIM,LAMONGAN,TUBAN BOJONEGORO,,,0,0,0,JAWA TIMUR,TUBAN,TUBAN,KEMBANGBILO,TUBAN
2201593693,,ODP-RGL-FAD/25,-7.116343,111.947586,,,0,8,0,0,8,REGIONAL 5,MADIUN,TUBAN,RGL,,,2024-03-16 23:23:33,43132,2018,2,NON TITO,,,JAWA TIMUR,1.0,RED,305198876,AREA 3,JATIM,LAMONGAN,TUBAN BOJONEGORO,,,0,0,0,JAWA TIMUR,TUBAN,SOKO,SOKOSARI,TUBAN
408592609,,ODP-TNZ-FB/25,-6.902,112.0407,,,0,8,0,0,8,REGIONAL 5,MADIUN,TUBAN,TNZ,,,2024-03-16 23:25:03,42506,2016,5,NON TITO,,,JAWA TIMUR,1.0,RED,25484086,AREA 3,JATIM,LAMONGAN,TUBAN BOJONEGORO,,,0,0,0,JAWA TIMUR,TUBAN,SEMANDING,KARANG,TUBAN
4199519033,,ODP-JTR-FC/50,-6.952557,111.731459,,,0,8,0,0,8,REGIONAL 5,MADIUN,TUBAN,JTR,,,2024-03-16 23:24:53,43777,2019,11,NON TITO,,,JAWA TIMUR,1.0,RED,758189461,AREA 3,JATIM,LAMONGAN,TUBAN BOJONEGORO,,,0,0,0,JAWA TIMUR,TUBAN,BANGILAN,BANJARWORO,TUBAN
4134869393,,ODP-TNZ-FJ/58,-6.931343,112.135872,,,0,8,0,0,8,REGIONAL 5,MADIUN,TUBAN,TNZ,,,2024-03-16 23:24:51,43762,2019,10,NON TITO,,,JAWA TIMUR,1.0,RED,687316278,AREA 3,JATIM,LAMONGAN,TUBAN BOJONEGORO,,,0,0,0,JAWA TIMUR,TUBAN,PALANG,PUCANGAN,TUBAN
4127743951,,ODP-MRR-FAC/53,-6.901399,112.005184,,,0,8,0,0,8,REGIONAL 5,MADIUN,TUBAN,MRR,,,2024-03-16 23:28:16,43760,2019,10,NON TITO,,,JAWA TIMUR,1.0,RED,683118999,AREA 3,JATIM,LAMONGAN,TUBAN BOJONEGORO,,,0,0,0,JAWA TIMUR,TUBAN,MERAKURAK,TAHULU,TUBAN
9123943818,,ODP-TNZ-FW/29,-6.930862,112.049005,,,0,8,0,0,8,REGIONAL 5,MADIUN,TUBAN,TNZ,,,2023-08-30 18:04:23,44789,2022,8,NON TITO,,,JAWA TIMUR,1.0,RED,1206975702,AREA 3,JATIM,LAMONGAN,TUBAN BOJONEGORO,,,0,0,0,JAWA TIMUR,TUBAN,SEMANDING,PRUNGGAHAN KULON,TUBAN
2201593733,,ODP-TNZ-FT/25,-6.889396,112.043957,,,0,8,0,0,8,REGIONAL 5,MADIUN,TUBAN,TNZ,,,2024-03-16 23:24:03,43132,2018,2,NON TITO,,,JAWA TIMUR,1.0,RED,305198905,AREA 3,JATIM,LAMONGAN,TUBAN BOJONEGORO,,,0,0,0,JAWA TIMUR,TUBAN,TUBAN,LATSARI,TUBAN
2201593728,,ODP-TNZ-FT/76,-6.896515,112.040149,,,0,8,0,0,8,REGIONAL 5,MADIUN,TUBAN,TNZ,,,2024-03-16 23:24:16,43132,2018,2,NON TITO,,,JAWA TIMUR,1.0,RED,305198901,AREA 3,JATIM,LAMONGAN,TUBAN BOJONEGORO,,,0,0,0,JAWA TIMUR,TUBAN,TUBAN,LATSARI,TUBAN
2304869567,,ODP-TNZ-FK/44,-6.930055,112.094328,,,0,8,0,0,8,REGIONAL 5,MADIUN,TUBAN,TNZ,,,2024-03-16 23:27:14,43168,2018,3,NON TITO,,,JAWA TIMUR,1.0,RED,324545147,AREA 3,JATIM,LAMONGAN,TUBAN BOJONEGORO,,,0,0,0,JAWA TIMUR,TUBAN,PALANG,TEGALBANG,TUBAN
2304869562,,ODP-TNZ-FK/48,-6.922498,112.091518,,,0,8,0,0,8,REGIONAL 5,MADIUN,TUBAN,TNZ,,,2024-03-16 23:28:32,43168,2018,3,NON TITO,,,JAWA TIMUR,1.0,RED,324545143,AREA 3,JATIM,LAMONGAN,TUBAN BOJONEGORO,,,0,0,0,JAWA TIMUR,TUBAN,SEMANDING,GEDONGOMBO,TUBAN
408592396,,ODP-TNZ-FB/43,-6.9022,112.0468,,,0,8,0,0,8,REGIONAL 5,MADIUN,TUBAN,TNZ,,,2024-03-16 23:25:31,42506,2016,5,NON TITO,,,JAWA TIMUR,1.0,RED,25483929,AREA 3,JATIM,LAMONGAN,TUBAN BOJONEGORO,,,0,0,0,JAWA TIMUR,TUBAN,TUBAN,SIDOREJO,TUBAN
4301743916,,ODP-KRK-FD/06,-6.954806,111.83134,,,0,8,0,0,8,REGIONAL 5,MADIUN,TUBAN,KRK,,,2024-03-16 23:28:24,43784,2019,11,NON TITO,,,JAWA TIMUR,1.0,RED,787454984,AREA 3,JATIM,LAMONGAN,TUBAN BOJONEGORO,,,0,0,0,JAWA TIMUR,TUBAN,MONTONG,GUWOTERUS,TUBAN
1970294732,,ODP-RGL-FAD/09,-7.097409,111.923667,,,0,8,0,0,8,REGIONAL 5,MADIUN,TUBAN,RGL,,,2024-03-16 23:25:54,43046,2017,11,NON TITO,,,JAWA TIMUR,1.0,RED,255407590,AREA 3,JATIM,LAMONGAN,TUBAN BOJONEGORO,,,0,0,0,JAWA TIMUR,TUBAN,SOKO,PRAMBONTERGOYANG,TUBAN
4301743896,,ODP-BCR-FAD/45,-6.801818,111.89138,,,0,8,0,0,8,REGIONAL 5,MADIUN,TUBAN,BCR,,,2024-03-16 23:29:03,43784,2019,11,NON TITO,,,JAWA TIMUR,1.0,RED,787454969,AREA 3,JATIM,LAMONGAN,TUBAN BOJONEGORO,,,0,0,0,JAWA TIMUR,TUBAN,TAMBAKBOYO,GLONDONGGEDE,TUBAN
4301743886,,ODP-BCR-FAD/43,-6.810432,111.890858,,,0,8,0,0,8,REGIONAL 5,MADIUN,TUBAN,BCR,,,2024-03-16 23:29:03,43784,2019,11,NON TITO,,,JAWA TIMUR,1.0,RED,787454966,AREA 3,JATIM,LAMONGAN,TUBAN BOJONEGORO,,,0,0,0,JAWA TIMUR,TUBAN,KEREK,MLIWANG,TUBAN
408591250,,ODP-TNZ-FB/31,-6.9032,112.0417,,,0,8,0,0,8,REGIONAL 5,MADIUN,TUBAN,TNZ,,,2024-03-16 23:25:09,42506,2016,5,NON TITO,,,JAWA TIMUR,1.0,RED,25483007,AREA 3,JATIM,LAMONGAN,TUBAN BOJONEGORO,,,0,0,0,JAWA TIMUR,TUBAN,SEMANDING,KARANG,TUBAN
408592123,,ODP-TNZ-FB/35,-6.906,112.0461,,,0,8,0,0,8,REGIONAL 5,MADIUN,TUBAN,TNZ,,,2024-03-16 23:25:28,42506,2016,5,NON TITO,,,JAWA TIMUR,1.0,RED,25483717,AREA 3,JATIM,LAMONGAN,TUBAN BOJONEGORO,,,0,0,0,JAWA TIMUR,TUBAN,SEMANDING,KARANG,TUBAN
1975244566,,ODP-JTR-FAA/31,-6.896339,111.672387,,,0,8,0,0,8,REGIONAL 5,MADIUN,TUBAN,JTR,,,2024-03-16 23:26:57,43050,2017,11,NON TITO,,,JAWA TIMUR,1.0,RED,242317552,AREA 3,JATIM,LAMONGAN,TUBAN BOJONEGORO,,,0,0,0,JAWA TIMUR,TUBAN,JATIROGO,SUGIHAN,TUBAN
408592126,,ODP-TNZ-FD/53,-6.8983,112.069,,,0,8,0,0,8,REGIONAL 5,MADIUN,TUBAN,TNZ,,,2024-03-16 23:25:30,42506,2016,5,NON TITO,,,JAWA TIMUR,1.0,RED,25483720,AREA 3,JATIM,LAMONGAN,TUBAN BOJONEGORO,,,0,0,0,JAWA TIMUR,TUBAN,TUBAN,SENDANGHARJO,TUBAN
4312468559,,ODP-MRR-FAB/34,-6.823537,111.976422,,,0,16,0,0,16,REGIONAL 5,MADIUN,TUBAN,MRR,,,2024-03-16 23:24:40,43788,2019,11,NON TITO,,,JAWA TIMUR,1.0,RED,787180994,AREA 3,JATIM,LAMONGAN,TUBAN BOJONEGORO,,,0,0,0,JAWA TIMUR,TUBAN,JENU,BEJI,TUBAN
4301743901,,ODP-BCR-FAD/47,-6.796808,111.879116,,,0,8,0,0,8,REGIONAL 5,MADIUN,TUBAN,BCR,,,2024-03-16 23:29:05,43784,2019,11,NON TITO,,,JAWA TIMUR,1.0,RED,787161212,AREA 3,JATIM,LAMONGAN,TUBAN BOJONEGORO,,,0,0,0,JAWA TIMUR,TUBAN,TAMBAKBOYO,GLONDONGGEDE,TUBAN
4301743891,,ODP-BCR-FAD/46,-6.791997,111.892677,,,0,8,0,0,8,REGIONAL 5,MADIUN,TUBAN,BCR,,,2024-03-16 23:29:02,43784,2019,11,NON TITO,,,JAWA TIMUR,1.0,RED,787161207,AREA 3,JATIM,LAMONGAN,TUBAN BOJONEGORO,,,0,0,0,JAWA TIMUR,TUBAN,TAMBAKBOYO,GLONDONGGEDE,TUBAN
2304793702,,ODP-JTR-FG/01,-6.917404,111.629035,,,0,16,0,0,16,REGIONAL 5,MADIUN,TUBAN,JTR,,,2024-03-16 23:25:47,43168,2018,3,NON TITO,,,JAWA TIMUR,1.0,RED,324538542,AREA 3,JATIM,LAMONGAN,TUBAN BOJONEGORO,,,0,0,0,JAWA TIMUR,TUBAN,KENDURUAN,SIDOMUKTI,TUBAN
2304793763,,ODP-JTR-FG/10,-6.908512,111.637102,,,0,8,0,0,8,REGIONAL 5,MADIUN,TUBAN,JTR,,,2024-03-16 23:25:00,43168,2018,3,NON TITO,,,JAWA TIMUR,1.0,RED,324538590,AREA 3,JATIM,LAMONGAN,TUBAN BOJONEGORO,,,0,0,0,JAWA TIMUR,TUBAN,KENDURUAN,SIDOHASRI,TUBAN
408592244,,ODP-TNZ-FY/01,-6.905,112.0639,,,0,8,0,0,8,REGIONAL 5,MADIUN,TUBAN,TNZ,,,2024-03-16 23:24:38,42506,2016,5,NON TITO,,,JAWA TIMUR,1.0,RED,25483811,AREA 3,JATIM,LAMONGAN,TUBAN BOJONEGORO,,,0,0,0,JAWA TIMUR,TUBAN,SEMANDING,GEDONGOMBO,TUBAN
408592375,,ODP-TNZ-FD/25,-6.9033,112.0773,,,0,16,0,0,16,REGIONAL 5,MADIUN,TUBAN,TNZ,,,2024-03-16 23:25:47,42506,2016,5,NON TITO,,,JAWA TIMUR,1.0,RED,25483911,AREA 3,JATIM,LAMONGAN,TUBAN BOJONEGORO,,,0,0,0,JAWA TIMUR,TUBAN,SEMANDING,GEDONGOMBO,TUBAN
1975544359,,ODP-BCR-FAC/34,-6.7977,111.729757,,,0,8,0,0,8,REGIONAL 5,MADIUN,TUBAN,BCR,,,2024-03-16 23:28:27,43048,2017,11,NON TITO,,,JAWA TIMUR,1.0,RED,242312041,AREA 3,JATIM,LAMONGAN,TUBAN BOJONEGORO,,,0,0,0,JAWA TIMUR,TUBAN,BANCAR,SIDING,TUBAN
1322081397,,ODP-BCR-FAB/17,-6.740907,111.673096,,,0,8,0,0,8,REGIONAL 5,MADIUN,TUBAN,BCR,,,2024-03-16 23:23:22,42809,2017,3,NON TITO,,,JAWA TIMUR,1.0,RED,79500553,AREA 3,JATIM,LAMONGAN,TUBAN BOJONEGORO,,,0,0,0,JAWA TENGAH,REMBANG,SARANG,KARANGMANGU,TUBAN
2510968827,,ODP-TNZ-FE/43,-6.894702,112.06975,,,0,8,0,0,8,REGIONAL 5,MADIUN,TUBAN,TNZ,,,2024-03-16 23:23:00,43235,2018,5,NON TITO,,,JAWA TIMUR,1.0,RED,354216269,AREA 3,JATIM,LAMONGAN,TUBAN BOJONEGORO,,,0,0,0,JAWA TIMUR,TUBAN,TUBAN,SENDANGHARJO,TUBAN
2201593748,,ODP-TNZ-FT/98,-6.893676,112.046548,,,0,8,0,0,8,REGIONAL 5,MADIUN,TUBAN,TNZ,,,2024-03-16 23:24:16,43132,2018,2,NON TITO,,,JAWA TIMUR,1.0,RED,305198914,AREA 3,JATIM,LAMONGAN,TUBAN BOJONEGORO,,,0,0,0,JAWA TIMUR,TUBAN,TUBAN,LATSARI,TUBAN
408594842,,ODP-TNZ-FC/27,-6.8953,112.0477,,,0,8,0,0,8,REGIONAL 5,MADIUN,TUBAN,TNZ,,,2024-03-16 23:26:10,42506,2016,5,NON TITO,,,JAWA TIMUR,1.0,RED,25485497,AREA 3,JATIM,LAMONGAN,TUBAN BOJONEGORO,,,0,0,0,JAWA TIMUR,TUBAN,TUBAN,RONGGOMULYO,TUBAN
408594714,,ODP-TNZ-FC/09,-6.905114,112.052229,,,0,8,0,0,8,REGIONAL 5,MADIUN,TUBAN,TNZ,,,2024-03-16 23:25:06,42506,2016,5,NON TITO,,,JAWA TIMUR,1.0,RED,25485417,AREA 3,JATIM,LAMONGAN,TUBAN BOJONEGORO,,,0,0,0,JAWA TIMUR,TUBAN,TUBAN,SIDOREJO,TUBAN
408594693,,ODP-TNZ-FC/08,-6.905464,112.052056,,,0,8,0,0,8,REGIONAL 5,MADIUN,TUBAN,TNZ,,,2024-03-16 23:26:11,42506,2016,5,NON TITO,,,JAWA TIMUR,1.0,RED,25485406,AREA 3,JATIM,LAMONGAN,TUBAN BOJONEGORO,,,0,0,0,JAWA TIMUR,TUBAN,TUBAN,SIDOREJO,TUBAN
2418868744,,ODP-TNZ-FE/34,-6.898648,112.085894,,,0,8,0,0,8,REGIONAL 5,MADIUN,TUBAN,TNZ,,,2024-03-16 23:27:39,43200,2018,4,NON TITO,,,JAWA TIMUR,1.0,RED,333458260,AREA 3,JATIM,LAMONGAN,TUBAN BOJONEGORO,,,0,0,0,JAWA TIMUR,TUBAN,PALANG,PAYURAN,TUBAN
408594514,,ODP-TNZ-FC/28,-6.896,112.0472,,,0,8,0,0,8,REGIONAL 5,MADIUN,TUBAN,TNZ,,,2024-03-16 23:25:23,42506,2016,5,NON TITO,,,JAWA TIMUR,1.0,RED,25485290,AREA 3,JATIM,LAMONGAN,TUBAN BOJONEGORO,,,0,0,0,JAWA TIMUR,TUBAN,TUBAN,SIDOREJO,TUBAN
408594487,,ODP-TNZ-FA/18,-6.8892,112.0291,,,0,8,0,0,8,REGIONAL 5,MADIUN,TUBAN,TNZ,,,2024-03-16 23:25:47,42506,2016,5,NON TITO,,,JAWA TIMUR,1.0,RED,25485272,AREA 3,JATIM,LAMONGAN,TUBAN BOJONEGORO,,,0,0,0,JAWA TIMUR,TUBAN,TUBAN,PERBON,TUBAN
2355044030,,ODP-MRR-FAB/27,-6.807555,111.978533,,,0,8,0,0,8,REGIONAL 5,MADIUN,TUBAN,MRR,,,2024-03-16 23:28:11,43178,2018,3,NON TITO,,,JAWA TIMUR,1.0,RED,333332824,AREA 3,JATIM,LAMONGAN,TUBAN BOJONEGORO,,,0,0,0,JAWA TIMUR,TUBAN,JENU,RAWASAN,TUBAN
1955294500,,ODP-RGL-FAD/10,-7.120579,111.940209,,,0,8,0,0,8,REGIONAL 5,MADIUN,TUBAN,RGL,,,2024-03-16 23:25:30,43039,2017,10,NON TITO,,,JAWA TIMUR,1.0,RED,241818311,AREA 3,JATIM,LAMONGAN,TUBAN BOJONEGORO,,,0,0,0,JAWA TIMUR,TUBAN,SOKO,SOKOSARI,TUBAN
3836443580,,ODP-KRK-FB/25,-6.94913,111.884908,,,0,8,0,0,8,REGIONAL 5,MADIUN,TUBAN,KRK,,,2024-03-16 23:27:06,43715,2019,9,NON TITO,,,JAWA TIMUR,1.0,RED,643889565,AREA 3,JATIM,LAMONGAN,TUBAN BOJONEGORO,,,0,0,0,JAWA TIMUR,TUBAN,MONTONG,MONTONGSEKAR,TUBAN
2201593883,,ODP-TNZ-FT/84,-6.885985,112.051496,,,0,8,0,0,8,REGIONAL 5,MADIUN,TUBAN,TNZ,,,2024-03-16 23:23:58,43132,2018,2,NON TITO,,,JAWA TIMUR,1.0,RED,305198986,AREA 3,JATIM,LAMONGAN,TUBAN BOJONEGORO,,,0,0,0,JAWA TIMUR,TUBAN,JENU,SUGIHWARAS,TUBAN
3845293974,,ODP-KRK-FE/32,-6.876869,111.867353,,,0,8,0,0,8,REGIONAL 5,MADIUN,TUBAN,KRK,,,2024-03-16 23:23:00,43719,2019,9,NON TITO,,,JAWA TIMUR,1.0,RED,646963991,AREA 3,JATIM,LAMONGAN,TUBAN BOJONEGORO,,,0,0,0,JAWA TIMUR,TUBAN,KEREK,KEDUNGREJO,TUBAN
1955294628,,ODP-RGL-FAB/18,-7.064674,111.999408,,,0,16,0,0,16,REGIONAL 5,MADIUN,TUBAN,RGL,,,2024-03-16 23:25:06,43039,2017,10,NON TITO,,,JAWA TIMUR,1.0,RED,242267406,AREA 3,JATIM,LAMONGAN,TUBAN BOJONEGORO,,,0,0,0,JAWA TIMUR,TUBAN,RENGEL,RENGEL,TUBAN
2201593863,,ODP-TNZ-FT/22,-6.889118,112.04228,,,0,8,0,0,8,REGIONAL 5,MADIUN,TUBAN,TNZ,,,2024-03-16 23:24:00,43132,2018,2,NON TITO,,,JAWA TIMUR,1.0,RED,305198978,AREA 3,JATIM,LAMONGAN,TUBAN BOJONEGORO,,,0,0,0,JAWA TIMUR,TUBAN,TUBAN,LATSARI,TUBAN
2201593813,,ODP-RGL-FAD/22,-7.11771,111.957593,,,0,8,0,0,8,REGIONAL 5,MADIUN,TUBAN,RGL,,,2024-03-16 23:24:13,43132,2018,2,NON TITO,,,JAWA TIMUR,1.0,RED,305198956,AREA 3,JATIM,LAMONGAN,TUBAN BOJONEGORO,,,0,0,0,JAWA TIMUR,TUBAN,SOKO,SOKOSARI,TUBAN
3836443593,,ODP-KRK-FB/24,-6.95558,111.907035,,,0,8,0,0,8,REGIONAL 5,MADIUN,TUBAN,KRK,,,2024-03-16 23:28:53,43715,2019,9,NON TITO,,,JAWA TIMUR,1.0,RED,643889576,AREA 3,JATIM,LAMONGAN,TUBAN BOJONEGORO,,,0,0,0,JAWA TIMUR,TUBAN,MONTONG,JETAK,TUBAN
4025295949,,ODP-TNZ-FE/52,-6.900169,112.073652,,,0,16,0,0,16,REGIONAL 5,MADIUN,TUBAN,TNZ,,,2024-03-16 23:26:02,43745,2019,10,NON TITO,,,JAWA TIMUR,1.0,RED,678469621,AREA 3,JATIM,LAMONGAN,TUBAN BOJONEGORO,,,0,0,0,JAWA TIMUR,TUBAN,SEMANDING,GEDONGOMBO,TUBAN
408592875,,ODP-TNZ-FD/36,-6.9025,112.0698,,,0,8,0,0,8,REGIONAL 5,MADIUN,TUBAN,TNZ,,,2024-03-16 23:25:54,42506,2016,5,NON TITO,,,JAWA TIMUR,1.0,RED,25484259,AREA 3,JATIM,LAMONGAN,TUBAN BOJONEGORO,,,0,0,0,JAWA TIMUR,TUBAN,SEMANDING,GEDONGOMBO,TUBAN
2201593798,,ODP-RGL-FAD/26,-7.115848,111.945832,,,0,8,0,0,8,REGIONAL 5,MADIUN,TUBAN,RGL,,,2024-03-16 23:23:38,43132,2018,2,NON TITO,,,JAWA TIMUR,1.0,RED,305198947,AREA 3,JATIM,LAMONGAN,TUBAN BOJONEGORO,,,0,0,0,JAWA TIMUR,TUBAN,SOKO,SOKOSARI,TUBAN
408593168,,ODP-TNZ-FD/46,-6.899,112.0706,,,0,16,0,0,16,REGIONAL 5,MADIUN,TUBAN,TNZ,,,2024-03-16 23:25:55,42506,2016,5,NON TITO,,,JAWA TIMUR,1.0,RED,25484443,AREA 3,JATIM,LAMONGAN,TUBAN BOJONEGORO,,,0,0,0,JAWA TIMUR,TUBAN,SEMANDING,GEDONGOMBO,TUBAN
4098493988,,ODP-RGL-FAA/37,-7.034864,112.076481,,,0,8,0,0,8,REGIONAL 5,MADIUN,TUBAN,RGL,,,2024-03-16 23:26:46,43759,2019,10,NON TITO,,,JAWA TIMUR,1.0,RED,682776795,AREA 3,JATIM,LAMONGAN,TUBAN BOJONEGORO,,,0,0,0,JAWA TIMUR,TUBAN,PLUMPANG,KEPOH AGUNG,TUBAN
408593015,,ODP-TNZ-FA/46,-6.8857,112.04,,,0,8,0,0,8,REGIONAL 5,MADIUN,TUBAN,TNZ,,,2024-03-16 23:24:53,42506,2016,5,NON TITO,,,JAWA TIMUR,1.0,RED,25484349,AREA 3,JATIM,LAMONGAN,TUBAN BOJONEGORO,,,0,0,0,JAWA TIMUR,TUBAN,TUBAN,PERBON,TUBAN
2355043690,,ODP-RGL-FAC/27,-7.032616,112.088186,,,0,16,0,0,16,REGIONAL 5,MADIUN,TUBAN,RGL,,,2024-03-16 23:28:59,43178,2018,3,NON TITO,,,JAWA TIMUR,1.0,RED,333332605,AREA 3,JATIM,LAMONGAN,TUBAN BOJONEGORO,,,0,0,0,JAWA TIMUR,TUBAN,PLUMPANG,SUMURJALAK,TUBAN
2252519146,,ODP-TNZ-FS/09,-6.899057,112.066061,,,0,8,0,0,8,REGIONAL 5,MADIUN,TUBAN,TNZ,,,2024-03-16 23:24:25,43151,2018,2,NON TITO,,,JAWA TIMUR,1.0,RED,323893481,AREA 3,JATIM,LAMONGAN,TUBAN BOJONEGORO,,,0,0,0,JAWA TIMUR,TUBAN,TUBAN,SENDANGHARJO,TUBAN
3890293600,,ODP-RGL-FAC/32,-7.031271,112.14526,,,0,8,0,0,8,REGIONAL 5,MADIUN,TUBAN,RGL,,,2024-03-16 23:23:43,43725,2019,9,NON TITO,,,JAWA TIMUR,1.0,RED,651772637,AREA 3,JATIM,LAMONGAN,TUBAN BOJONEGORO,,,0,0,0,JAWA TIMUR,TUBAN,PLUMPANG,PENIDON,TUBAN
408593274,,ODP-TNZ-FD/40,-6.902,112.0717,,,0,8,0,0,8,REGIONAL 5,MADIUN,TUBAN,TNZ,,,2024-03-16 23:24:52,42506,2016,5,NON TITO,,,JAWA TIMUR,1.0,RED,25484509,AREA 3,JATIM,LAMONGAN,TUBAN BOJONEGORO,,,0,0,0,JAWA TIMUR,TUBAN,SEMANDING,GEDONGOMBO,TUBAN
5476319976,,ODP-TNZ-FD/97,-6.900063,112.069886,,,3,5,0,0,8,REGIONAL 5,MADIUN,TUBAN,TNZ,,,2023-08-30 18:01:15,44110,2020,10,NON TITO,,,JAWA TIMUR,0.625,YELLOW,844874245,AREA 3,JATIM,LAMONGAN,TUBAN BOJONEGORO,,,0,0,0,JAWA TIMUR,TUBAN,SEMANDING,GEDONGOMBO,TUBAN
1325799984,,ODP-JTR-FD/07,-6.859113,111.595253,,,2,6,0,0,8,REGIONAL 5,MADIUN,TUBAN,JTR,,,2024-03-16 23:26:44,42823,2017,3,NON TITO,,,JAWA TIMUR,0.75,YELLOW,81454383,AREA 3,JATIM,LAMONGAN,TUBAN BOJONEGORO,,,0,0,0,JAWA TENGAH,REMBANG,SALE,WONOKERTO,TUBAN
1482796240,,ODP-TNZ-FJ/11,-6.901268,112.147732,,,2,6,0,0,8,REGIONAL 5,MADIUN,TUBAN,TNZ,,,2024-03-16 23:26:56,42877,2017,5,NON TITO,,,JAWA TIMUR,0.75,YELLOW,129796112,AREA 3,JATIM,LAMONGAN,TUBAN BOJONEGORO,,,0,0,0,JAWA TIMUR,TUBAN,PALANG,LERAN KULON,TUBAN
1325800782,,ODP-JTR-FD/17,-6.862264,111.61,,,3,4,0,0,8,REGIONAL 5,MADIUN,TUBAN,JTR,,,2024-03-16 23:25:46,42823,2017,3,NON TITO,,,JAWA TIMUR,0.5,YELLOW,81159050,AREA 3,JATIM,LAMONGAN,TUBAN BOJONEGORO,,,0,0,0,JAWA TENGAH,REMBANG,SALE,SALE,TUBAN
12042119461,,ODP-RGL-FAM/05,-7.029679,112.099399,,,8,8,0,0,16,REGIONAL 5,MADIUN,TUBAN,RGL,,,2025-01-31 17:55:58,45687,2025,1,NON TITO,,,JAWA TIMUR,0.5,YELLOW,1495981569,AREA 3,JATIM,LAMONGAN,TUBAN BOJONEGORO,,,0,0,0,JAWA TIMUR,TUBAN,PLUMPANG,PLUMPANG,TUBAN
1325799686,,ODP-JTR-FD/15,-6.86214,111.61277,,,2,6,0,0,8,REGIONAL 5,MADIUN,TUBAN,JTR,,,2024-03-16 23:26:26,42823,2017,3,NON TITO,,,JAWA TIMUR,0.75,YELLOW,81158712,AREA 3,JATIM,LAMONGAN,TUBAN BOJONEGORO,,,0,0,0,JAWA TENGAH,REMBANG,SALE,SALE,TUBAN
1325800611,,ODP-JTR-FD/25,-6.861806,111.604058,,,2,6,0,0,8,REGIONAL 5,MADIUN,TUBAN,JTR,,,2024-03-16 23:27:13,42823,2017,3,NON TITO,,,JAWA TIMUR,0.75,YELLOW,81158973,AREA 3,JATIM,LAMONGAN,TUBAN BOJONEGORO,,,0,0,0,JAWA TENGAH,REMBANG,SALE,SALE,TUBAN
1325800621,,ODP-JTR-FD/14,-6.862247,111.613513,,,2,6,0,0,8,REGIONAL 5,MADIUN,TUBAN,JTR,,,2024-03-16 23:26:24,42823,2017,3,NON TITO,,,JAWA TIMUR,0.75,YELLOW,81158976,AREA 3,JATIM,LAMONGAN,TUBAN BOJONEGORO,,,0,0,0,JAWA TENGAH,REMBANG,SALE,SALE,TUBAN
12042119476,,ODP-RGL-FAM/17,-7.032219,112.132799,,,4,4,0,0,8,REGIONAL 5,MADIUN,TUBAN,RGL,,,2025-01-31 17:55:24,45687,2025,1,NON TITO,,,JAWA TIMUR,0.5,YELLOW,1495981583,AREA 3,JATIM,LAMONGAN,TUBAN BOJONEGORO,,,0,0,0,JAWA TIMUR,TUBAN,PLUMPANG,PENIDON,TUBAN
12048418758,,ODP-MRR-FAG/34,-6.799622,111.961242,,,4,10,2,0,16,REGIONAL 5,MADIUN,TUBAN,MRR,,,2025-02-07 17:39:01,45694,2025,2,NON TITO,,,JAWA TIMUR,0.625,YELLOW,1495887561,AREA 3,JATIM,LAMONGAN,TUBAN BOJONEGORO,,,0,0,0,JAWA TIMUR,TUBAN,JENU,SUMURGENENG,TUBAN
12055470250,,ODP-TNZ-FAF/09,-6.923839,112.073518,,,3,5,0,0,8,REGIONAL 5,MADIUN,TUBAN,TNZ,,,2025-02-19 17:42:58,45706,2025,2,NON TITO,,,JAWA TIMUR,0.625,YELLOW,1496140028,AREA 3,JATIM,LAMONGAN,TUBAN BOJONEGORO,,,0,0,0,JAWA TIMUR,TUBAN,SEMANDING,GEDONGOMBO,TUBAN
1345783785,,ODP-TNZ-FC/60,-6.901469,112.050126,,,5,11,0,0,16,REGIONAL 5,MADIUN,TUBAN,TNZ,,,2024-03-16 23:27:40,42831,2017,4,NON TITO,,,JAWA TIMUR,0.6875,YELLOW,81192135,AREA 3,JATIM,LAMONGAN,TUBAN BOJONEGORO,,,0,0,0,JAWA TIMUR,TUBAN,TUBAN,SIDOREJO,TUBAN
12042119396,,ODP-RGL-FAM/14,-7.030524,112.145418,,,2,6,0,0,8,REGIONAL 5,MADIUN,TUBAN,RGL,,,2025-01-31 17:54:28,45687,2025,1,NON TITO,,,JAWA TIMUR,0.75,YELLOW,1495981517,AREA 3,JATIM,LAMONGAN,TUBAN BOJONEGORO,,,0,0,0,JAWA TIMUR,TUBAN,WIDANG,COMPRENG,TUBAN
12042119381,,ODP-RGL-FAM/19,-7.030681,112.132339,,,3,5,0,0,8,REGIONAL 5,MADIUN,TUBAN,RGL,,,2025-01-31 17:53:57,45687,2025,1,NON TITO,,,JAWA TIMUR,0.625,YELLOW,1495981506,AREA 3,JATIM,LAMONGAN,TUBAN BOJONEGORO,,,0,0,0,JAWA TIMUR,TUBAN,PLUMPANG,PENIDON,TUBAN
1325799696,,ODP-JTR-FD/10,-6.861063,111.600619,,,3,5,0,0,8,REGIONAL 5,MADIUN,TUBAN,JTR,,,2024-03-16 23:27:05,42823,2017,3,NON TITO,,,JAWA TIMUR,0.625,YELLOW,81158716,AREA 3,JATIM,LAMONGAN,TUBAN BOJONEGORO,,,0,0,0,JAWA TENGAH,REMBANG,SALE,SALE,TUBAN
1482796150,,ODP-TNZ-FJ/12,-6.900923,112.149119,,,6,10,0,0,16,REGIONAL 5,MADIUN,TUBAN,TNZ,,,2024-03-16 23:26:42,42877,2017,5,NON TITO,,,JAWA TIMUR,0.625,YELLOW,129796032,AREA 3,JATIM,LAMONGAN,TUBAN BOJONEGORO,,,0,0,0,JAWA TIMUR,TUBAN,PALANG,LERAN KULON,TUBAN
1379821045,,ODP-KRK-FC/01,-6.904538,111.884575,,,2,6,0,0,8,REGIONAL 5,MADIUN,TUBAN,KRK,,,2024-03-16 23:23:47,42850,2017,4,NON TITO,,,JAWA TIMUR,0.75,YELLOW,123392357,AREA 3,JATIM,LAMONGAN,TUBAN BOJONEGORO,,,0,0,0,JAWA TIMUR,TUBAN,KEREK,MARGOMULYO,TUBAN
12042119441,,ODP-RGL-FAM/12,-7.029985,112.114085,,,4,4,0,0,8,REGIONAL 5,MADIUN,TUBAN,RGL,,,2025-01-31 17:55:59,45687,2025,1,NON TITO,,,JAWA TIMUR,0.5,YELLOW,1495981554,AREA 3,JATIM,LAMONGAN,TUBAN BOJONEGORO,,,0,0,0,JAWA TIMUR,TUBAN,PLUMPANG,JATIMULYO,TUBAN
12056969314,,ODP-TNZ-FW/66,-6.973008,112.065439,,,4,4,0,0,8,REGIONAL 5,MADIUN,TUBAN,TNZ,,,2025-02-18 17:39:06,45705,2025,2,NON TITO,,,JAWA TIMUR,0.5,YELLOW,1496096632,AREA 3,JATIM,LAMONGAN,TUBAN BOJONEGORO,,,0,0,0,JAWA TIMUR,TUBAN,SEMANDING,SAMBONGREJO,TUBAN
1325800938,,ODP-JTR-FD/03,-6.855613,111.589916,,,2,6,0,0,8,REGIONAL 5,MADIUN,TUBAN,JTR,,,2024-03-16 23:27:22,42823,2017,3,NON TITO,,,JAWA TIMUR,0.75,YELLOW,81159134,AREA 3,JATIM,LAMONGAN,TUBAN BOJONEGORO,,,0,0,0,JAWA TENGAH,REMBANG,SALE,WONOKERTO,TUBAN
12048418774,,ODP-MRR-FAG/37,-6.803535,111.971538,,,3,5,0,0,8,REGIONAL 5,MADIUN,TUBAN,MRR,,,2025-02-07 17:39:13,45694,2025,2,NON TITO,,,JAWA TIMUR,0.625,YELLOW,1495887572,AREA 3,JATIM,LAMONGAN,TUBAN BOJONEGORO,,,0,0,0,JAWA TIMUR,TUBAN,JENU,SUMURGENENG,TUBAN
12055470214,,ODP-TNZ-FAF/15,-6.915711,112.065743,,,3,5,0,0,8,REGIONAL 5,MADIUN,TUBAN,TNZ,,,2025-02-19 17:43:55,45706,2025,2,NON TITO,,,JAWA TIMUR,0.625,YELLOW,1496140005,AREA 3,JATIM,LAMONGAN,TUBAN BOJONEGORO,,,0,0,0,JAWA TIMUR,TUBAN,SEMANDING,BEJAGUNG,TUBAN
1473868886,,ODP-TNZ-FG/34,-6.89572,112.039789,,,4,4,0,0,8,REGIONAL 5,MADIUN,TUBAN,TNZ,,,2024-03-16 23:21:20,42874,2017,5,NON TITO,,,JAWA TIMUR,0.5,YELLOW,129785114,AREA 3,JATIM,LAMONGAN,TUBAN BOJONEGORO,,,0,0,0,JAWA TIMUR,TUBAN,TUBAN,LATSARI,TUBAN
12045418673,,ODP-RGL-FAM/22,-7.028812,112.147405,,,7,9,0,0,16,REGIONAL 5,MADIUN,TUBAN,RGL,,,2025-01-31 17:55:57,45688,2025,1,NON TITO,,,JAWA TIMUR,0.5625,YELLOW,1495983515,AREA 3,JATIM,LAMONGAN,TUBAN BOJONEGORO,,,0,0,0,JAWA TIMUR,TUBAN,WIDANG,COMPRENG,TUBAN
1325799974,,ODP-JTR-FD/22,-6.864957,111.602643,,,2,6,0,0,8,REGIONAL 5,MADIUN,TUBAN,JTR,,,2024-03-16 23:27:18,42823,2017,3,NON TITO,,,JAWA TIMUR,0.75,YELLOW,81454376,AREA 3,JATIM,LAMONGAN,TUBAN BOJONEGORO,,,0,0,0,JAWA TENGAH,REMBANG,SALE,SALE,TUBAN
12042119471,,ODP-RGL-FAM/16,-7.033853,112.132359,,,4,4,0,0,8,REGIONAL 5,MADIUN,TUBAN,RGL,,,2025-01-31 17:55:51,45687,2025,1,NON TITO,,,JAWA TIMUR,0.5,YELLOW,1495981579,AREA 3,JATIM,LAMONGAN,TUBAN BOJONEGORO,,,0,0,0,JAWA TIMUR,TUBAN,PLUMPANG,PENIDON,TUBAN
1482796200,,ODP-TNZ-FJ/02,-6.902199,112.137388,,,3,5,0,0,8,REGIONAL 5,MADIUN,TUBAN,TNZ,,,2024-03-16 23:26:32,42877,2017,5,NON TITO,,,JAWA TIMUR,0.625,YELLOW,129796086,AREA 3,JATIM,LAMONGAN,TUBAN BOJONEGORO,,,0,0,0,JAWA TIMUR,TUBAN,PALANG,PUCANGAN,TUBAN
1325799904,,ODP-JTR-FD/19,-6.861896,111.608136,,,2,6,0,0,8,REGIONAL 5,MADIUN,TUBAN,JTR,,,2024-03-16 23:27:00,42823,2017,3,NON TITO,,,JAWA TIMUR,0.75,YELLOW,81454303,AREA 3,JATIM,LAMONGAN,TUBAN BOJONEGORO,,,0,0,0,JAWA TENGAH,REMBANG,SALE,SALE,TUBAN
12042119466,,ODP-RGL-FAM/06,-7.029737,112.100404,,,3,5,0,0,8,REGIONAL 5,MADIUN,TUBAN,RGL,,,2025-01-31 17:55:54,45687,2025,1,NON TITO,,,JAWA TIMUR,0.625,YELLOW,1495981574,AREA 3,JATIM,LAMONGAN,TUBAN BOJONEGORO,,,0,0,0,JAWA TIMUR,TUBAN,PLUMPANG,PLUMPANG,TUBAN
12055470224,,ODP-TNZ-FAF/02,-6.909357,112.07125,,,4,4,0,0,8,REGIONAL 5,MADIUN,TUBAN,TNZ,,,2025-02-19 17:44:01,45706,2025,2,NON TITO,,,JAWA TIMUR,0.5,YELLOW,1496140011,AREA 3,JATIM,LAMONGAN,TUBAN BOJONEGORO,,,0,0,0,JAWA TIMUR,TUBAN,SEMANDING,GEDONGOMBO,TUBAN
12055470235,,ODP-TNZ-FAF/03,-6.912162,112.072276,,,3,5,0,0,8,REGIONAL 5,MADIUN,TUBAN,TNZ,,,2025-02-19 17:43:19,45706,2025,2,NON TITO,,,JAWA TIMUR,0.625,YELLOW,1496140018,AREA 3,JATIM,LAMONGAN,TUBAN BOJONEGORO,,,0,0,0,JAWA TIMUR,TUBAN,SEMANDING,GEDONGOMBO,TUBAN
1325799699,,ODP-JTR-FD/18,-6.86215,111.60925,,,3,5,0,0,8,REGIONAL 5,MADIUN,TUBAN,JTR,,,2024-03-16 23:27:13,42823,2017,3,NON TITO,,,JAWA TIMUR,0.625,YELLOW,81454147,AREA 3,JATIM,LAMONGAN,TUBAN BOJONEGORO,,,0,0,0,JAWA TENGAH,REMBANG,SALE,SALE,TUBAN
12055470219,,ODP-TNZ-FAF/06,-6.91347,112.073498,,,4,4,0,0,8,REGIONAL 5,MADIUN,TUBAN,TNZ,,,2025-02-19 17:43:49,45706,2025,2,NON TITO,,,JAWA TIMUR,0.5,YELLOW,1496140008,AREA 3,JATIM,LAMONGAN,TUBAN BOJONEGORO,,,0,0,0,JAWA TIMUR,TUBAN,SEMANDING,GEDONGOMBO,TUBAN
1379820967,,ODP-KRK-FC/03,-6.899756,111.885103,,,2,6,0,0,8,REGIONAL 5,MADIUN,TUBAN,KRK,,,2024-03-16 23:23:48,42850,2017,4,NON TITO,,,JAWA TIMUR,0.75,YELLOW,123392310,AREA 3,JATIM,LAMONGAN,TUBAN BOJONEGORO,,,0,0,0,JAWA TIMUR,TUBAN,KEREK,MARGOMULYO,TUBAN
5816668896,,ODP-TNZ-FZ/19,-6.875167,112.035127,,,4,4,0,0,8,REGIONAL 5,MADIUN,TUBAN,TNZ,,,2024-03-16 23:26:24,44188,2020,12,NON TITO,,,JAWA TIMUR,0.5,YELLOW,858535188,AREA 3,JATIM,LAMONGAN,TUBAN BOJONEGORO,,,0,0,0,JAWA TIMUR,TUBAN,TUBAN,PERBON,TUBAN
1482796300,,ODP-TNZ-FJ/14,-6.900383,112.168799,,,5,11,0,0,16,REGIONAL 5,MADIUN,TUBAN,TNZ,,,2024-03-16 23:25:45,42877,2017,5,NON TITO,,,JAWA TIMUR,0.6875,YELLOW,129796164,AREA 3,JATIM,LAMONGAN,TUBAN BOJONEGORO,,,0,0,0,JAWA TIMUR,TUBAN,PALANG,PLIWETAN,TUBAN
1679669519,,ODP-KRK-FA/03,-6.868068,111.914433,,,3,5,0,0,8,REGIONAL 5,MADIUN,TUBAN,KRK,,,2024-10-05 17:28:58,42958,2017,8,NON TITO,,,JAWA TIMUR,0.625,YELLOW,186271366,AREA 3,JATIM,LAMONGAN,TUBAN BOJONEGORO,,,0,0,0,JAWA TIMUR,TUBAN,KEREK,SUMBERARUM,TUBAN
11801669146,,ODP-TNZ-FK/113,-6.908348,112.085189,,,3,4,1,0,8,REGIONAL 5,MADIUN,TUBAN,TNZ,,,2024-10-05 17:33:39,45569,2024,10,NON TITO,,,JAWA TIMUR,0.5,YELLOW,1465017148,AREA 3,JATIM,LAMONGAN,TUBAN BOJONEGORO,,,0,0,0,JAWA TIMUR,TUBAN,PALANG,PAYURAN,TUBAN
11801669151,,ODP-TNZ-FK/116,-6.90962,112.088392,,,8,8,0,0,16,REGIONAL 5,MADIUN,TUBAN,TNZ,,,2024-10-05 17:33:38,45569,2024,10,NON TITO,,,JAWA TIMUR,0.5,YELLOW,1465017151,AREA 3,JATIM,LAMONGAN,TUBAN BOJONEGORO,,,0,0,0,JAWA TIMUR,TUBAN,PALANG,PAYURAN,TUBAN
11801669156,,ODP-TNZ-FK/114,-6.909839,112.08633,,,1,6,1,0,8,REGIONAL 5,MADIUN,TUBAN,TNZ,,,2024-10-05 17:33:52,45569,2024,10,NON TITO,,,JAWA TIMUR,0.75,YELLOW,1465017154,AREA 3,JATIM,LAMONGAN,TUBAN BOJONEGORO,,,0,0,0,JAWA TIMUR,TUBAN,PALANG,PAYURAN,TUBAN
1975243810,,ODP-TNZ-FG/36,-6.903266,112.027162,,,2,6,0,0,8,REGIONAL 5,MADIUN,TUBAN,TNZ,,,2024-03-16 23:25:52,43050,2017,11,NON TITO,,,JAWA TIMUR,0.75,YELLOW,242317322,AREA 3,JATIM,LAMONGAN,TUBAN BOJONEGORO,,,0,0,0,JAWA TIMUR,TUBAN,TUBAN,KEMBANGBILO,TUBAN
11802420057,,ODP-TNZ-FW/64,-6.939958,112.041494,,,5,11,0,0,16,REGIONAL 5,MADIUN,TUBAN,TNZ,,,2024-10-07 17:29:02,45572,2024,10,NON TITO,,,JAWA TIMUR,0.6875,YELLOW,1465025129,AREA 3,JATIM,LAMONGAN,TUBAN BOJONEGORO,,,0,0,0,JAWA TIMUR,TUBAN,SEMANDING,PRUNGGAHAN KULON,TUBAN
1975544073,,ODP-BCR-FAC/33,-6.79925,111.731985,,,3,4,0,0,8,REGIONAL 5,MADIUN,TUBAN,BCR,,,2024-03-16 23:27:48,43048,2017,11,NON TITO,,,JAWA TIMUR,0.5,YELLOW,242311923,AREA 3,JATIM,LAMONGAN,TUBAN BOJONEGORO,,,0,0,0,JAWA TIMUR,TUBAN,BANCAR,SIDING,TUBAN
1975544021,,ODP-BCR-FAC/39,-6.772496,111.725545,,,3,5,0,0,8,REGIONAL 5,MADIUN,TUBAN,BCR,,,2024-03-16 23:28:15,43048,2017,11,NON TITO,,,JAWA TIMUR,0.625,YELLOW,242311906,AREA 3,JATIM,LAMONGAN,TUBAN BOJONEGORO,,,0,0,0,JAWA TIMUR,TUBAN,BANCAR,BANJAREJO,TUBAN
11803545464,,ODP-KRK-FE/63,-6.881551,111.859868,,,4,4,0,0,8,REGIONAL 5,MADIUN,TUBAN,KRK,,,2024-10-09 00:06:51,45573,2024,10,NON TITO,,,JAWA TIMUR,0.5,YELLOW,1465032894,AREA 3,JATIM,LAMONGAN,TUBAN BOJONEGORO,,,0,0,0,JAWA TIMUR,TUBAN,KEREK,GAJI,TUBAN
1975021991,,ODP-TNZ-FE/23,-6.894418,112.068843,,,7,9,0,0,16,REGIONAL 5,MADIUN,TUBAN,TNZ,,,2024-03-16 23:27:40,43048,2017,11,NON TITO,,,JAWA TIMUR,0.5625,YELLOW,242307026,AREA 3,JATIM,LAMONGAN,TUBAN BOJONEGORO,,,0,0,0,JAWA TIMUR,TUBAN,TUBAN,SENDANGHARJO,TUBAN
1932119244,,ODP-MRR-FAB/16,-6.831366,111.99995,,,5,11,0,0,16,REGIONAL 5,MADIUN,TUBAN,MRR,,,2024-03-16 23:28:15,43034,2017,10,NON TITO,,,JAWA TIMUR,0.6875,YELLOW,238620462,AREA 3,JATIM,LAMONGAN,TUBAN BOJONEGORO,,,0,0,0,JAWA TIMUR,TUBAN,JENU,BEJI,TUBAN
1322080943,,ODP-BCR-FAB/06,-6.726005,111.657143,,,3,5,0,0,8,REGIONAL 5,MADIUN,TUBAN,BCR,,,2024-10-05 17:28:58,42809,2017,3,NON TITO,,,JAWA TIMUR,0.625,YELLOW,79500176,AREA 3,JATIM,LAMONGAN,TUBAN BOJONEGORO,,,0,0,0,JAWA TENGAH,REMBANG,SARANG,KALIPANG,TUBAN
6518594713,,ODP-TNZ-FE/63,-6.896289,112.094606,,,2,5,0,0,8,REGIONAL 5,MADIUN,TUBAN,TNZ,,,2023-08-30 18:04:26,44337,2021,5,NON TITO,,,JAWA TIMUR,0.625,YELLOW,881295149,AREA 3,JATIM,LAMONGAN,TUBAN BOJONEGORO,,,0,0,0,JAWA TIMUR,TUBAN,PALANG,PAYURAN,TUBAN
1932944231,,ODP-KRK-FB/02,-6.95906,111.881327,,,3,5,0,0,8,REGIONAL 5,MADIUN,TUBAN,KRK,,,2024-03-16 23:22:21,43033,2017,10,NON TITO,,,JAWA TIMUR,0.625,YELLOW,238618532,AREA 3,JATIM,LAMONGAN,TUBAN BOJONEGORO,,,0,0,0,JAWA TIMUR,TUBAN,MONTONG,PAKEL,TUBAN
1932943686,,ODP-KRK-FB/03,-6.952026,111.881827,,,3,5,0,0,8,REGIONAL 5,MADIUN,TUBAN,KRK,,,2024-03-16 23:29:16,43033,2017,10,NON TITO,,,JAWA TIMUR,0.625,YELLOW,238618374,AREA 3,JATIM,LAMONGAN,TUBAN BOJONEGORO,,,0,0,0,JAWA TIMUR,TUBAN,MONTONG,MONTONGSEKAR,TUBAN
1906244326,,ODP-RGL-FAE/01,-7.065848,111.996913,,,2,6,0,0,8,REGIONAL 5,MADIUN,TUBAN,RGL,,,2024-03-16 23:27:19,43024,2017,10,NON TITO,,,JAWA TIMUR,0.75,YELLOW,238266452,AREA 3,JATIM,LAMONGAN,TUBAN BOJONEGORO,,,0,0,0,JAWA TIMUR,TUBAN,RENGEL,SAWAHAN,TUBAN
1905870046,,ODP-TNZ-FH/31,-6.939412,112.060226,,,3,5,0,0,8,REGIONAL 5,MADIUN,TUBAN,TNZ,,,2024-03-16 23:23:28,43021,2017,10,NON TITO,,,JAWA TIMUR,0.625,YELLOW,238250299,AREA 3,JATIM,LAMONGAN,TUBAN BOJONEGORO,,,0,0,0,JAWA TIMUR,TUBAN,SEMANDING,PENAMBANGAN,TUBAN
11836244508,,ODP-BCR-FAF/37,-6.815551,111.768825,,,4,4,0,0,8,REGIONAL 5,MADIUN,TUBAN,BCR,,,2024-10-14 17:27:02,45578,2024,10,NON TITO,,,JAWA TIMUR,0.5,YELLOW,1465614749,AREA 3,JATIM,LAMONGAN,TUBAN BOJONEGORO,,,0,0,0,JAWA TIMUR,TUBAN,BANCAR,KARANGREJO,TUBAN
11836244518,,ODP-BCR-FAF/41,-6.815087,111.76439,,,3,5,0,0,8,REGIONAL 5,MADIUN,TUBAN,BCR,,,2024-10-14 17:25:58,45578,2024,10,NON TITO,,,JAWA TIMUR,0.625,YELLOW,1465614757,AREA 3,JATIM,LAMONGAN,TUBAN BOJONEGORO,,,0,0,0,JAWA TIMUR,TUBAN,BANCAR,KARANGREJO,TUBAN
1826821083,,ODP-KRK-FB/09,-6.948657,111.886442,,,4,12,0,0,16,REGIONAL 5,MADIUN,TUBAN,KRK,,,2024-03-16 23:25:22,42993,2017,9,NON TITO,,,JAWA TIMUR,0.75,YELLOW,193559715,AREA 3,JATIM,LAMONGAN,TUBAN BOJONEGORO,,,0,0,0,JAWA TIMUR,TUBAN,MONTONG,MONTONGSEKAR,TUBAN
1826820744,,ODP-KRK-FB/11,-6.949977,111.882852,,,7,9,0,0,16,REGIONAL 5,MADIUN,TUBAN,KRK,,,2024-03-16 23:24:21,42993,2017,9,NON TITO,,,JAWA TIMUR,0.5625,YELLOW,193559512,AREA 3,JATIM,LAMONGAN,TUBAN BOJONEGORO,,,0,0,0,JAWA TIMUR,TUBAN,MONTONG,MONTONGSEKAR,TUBAN
11838794584,,ODP-BCR-FAF/33,-6.814518,111.774116,,,4,4,0,0,8,REGIONAL 5,MADIUN,TUBAN,BCR,,,2024-10-18 17:27:07,45582,2024,10,NON TITO,,,JAWA TIMUR,0.5,YELLOW,1465696434,AREA 3,JATIM,LAMONGAN,TUBAN BOJONEGORO,,,0,0,0,JAWA TIMUR,TUBAN,BANCAR,SUKOHARJO,TUBAN
1638794516,,ODP-TNZ-FE/22,-6.895564,112.069825,,,5,11,0,0,16,REGIONAL 5,MADIUN,TUBAN,TNZ,,,2024-03-16 23:22:20,42944,2017,7,NON TITO,,,JAWA TIMUR,0.6875,YELLOW,179722648,AREA 3,JATIM,LAMONGAN,TUBAN BOJONEGORO,,,0,0,0,JAWA TIMUR,TUBAN,TUBAN,SENDANGHARJO,TUBAN
1633625407,,ODP-JTR-FAA/26,-6.88465,111.655625,,,2,6,0,0,8,REGIONAL 5,MADIUN,TUBAN,JTR,,,2024-03-16 23:21:03,42948,2017,8,NON TITO,,,JAWA TIMUR,0.75,YELLOW,179680114,AREA 3,JATIM,LAMONGAN,TUBAN BOJONEGORO,,,0,0,0,JAWA TIMUR,TUBAN,JATIROGO,WOTSOGO,TUBAN
1932944610,,ODP-KRK-FB/04,-6.950343,111.881719,,,9,7,0,0,16,REGIONAL 5,MADIUN,TUBAN,KRK,,,2024-03-16 23:21:44,43033,2017,10,NON TITO,,,JAWA TIMUR,0.4375,YELLOW,238618652,AREA 3,JATIM,LAMONGAN,TUBAN BOJONEGORO,,,0,0,0,JAWA TIMUR,TUBAN,MONTONG,MONTONGSEKAR,TUBAN
11838794609,,ODP-BCR-FAF/28,-6.821592,111.774624,,,4,4,0,0,8,REGIONAL 5,MADIUN,TUBAN,BCR,,,2024-10-18 17:26:01,45582,2024,10,NON TITO,,,JAWA TIMUR,0.5,YELLOW,1465696451,AREA 3,JATIM,LAMONGAN,TUBAN BOJONEGORO,,,0,0,0,JAWA TIMUR,TUBAN,BANCAR,SUKOHARJO,TUBAN
11811718642,,ODP-TNZ-FV/65,-6.913152,112.048751,,,5,11,0,0,16,REGIONAL 5,MADIUN,TUBAN,TNZ,,,2024-10-03 17:34:37,45567,2024,10,NON TITO,,,JAWA TIMUR,0.6875,YELLOW,1464951962,AREA 3,JATIM,LAMONGAN,TUBAN BOJONEGORO,,,0,0,0,JAWA TIMUR,TUBAN,SEMANDING,TEGALAGUNG,TUBAN
1975244636,,ODP-TNZ-FG/37,-6.90254,112.02923,,,5,11,0,0,16,REGIONAL 5,MADIUN,TUBAN,TNZ,,,2024-03-16 23:27:16,43050,2017,11,NON TITO,,,JAWA TIMUR,0.6875,YELLOW,242317573,AREA 3,JATIM,LAMONGAN,TUBAN BOJONEGORO,,,0,0,0,JAWA TIMUR,TUBAN,TUBAN,KEMBANGBILO,TUBAN
2153519669,,ODP-TNZ-FG/75,-6.899974,112.041435,,,2,6,0,0,8,REGIONAL 5,MADIUN,TUBAN,TNZ,,,2024-03-16 23:24:22,43117,2018,1,NON TITO,,,JAWA TIMUR,0.75,YELLOW,286893106,AREA 3,JATIM,LAMONGAN,TUBAN BOJONEGORO,,,0,0,0,JAWA TIMUR,TUBAN,TUBAN,SIDOREJO,TUBAN
11679043699,,ODP-KRK-FE/59,-6.862138,111.811976,,,4,4,0,0,8,REGIONAL 5,MADIUN,TUBAN,KRK,,,2024-08-14 17:49:55,45517,2024,8,NON TITO,,,JAWA TIMUR,0.5,YELLOW,1456911801,AREA 3,JATIM,LAMONGAN,TUBAN BOJONEGORO,,,0,0,0,JAWA TIMUR,TUBAN,KEREK,GEMULUNG,TUBAN
11686093528,,ODP-RGL-FAB/63,-7.06531,112.012725,,,3,5,0,0,8,REGIONAL 5,MADIUN,TUBAN,RGL,,,2024-08-15 17:53:03,45518,2024,8,NON TITO,,,JAWA TIMUR,0.625,YELLOW,1456845184,AREA 3,JATIM,LAMONGAN,TUBAN BOJONEGORO,,,0,0,0,JAWA TIMUR,TUBAN,RENGEL,SUMBEREJO,TUBAN
11686093535,,ODP-RGL-FAB/64,-7.045147,112.006141,,,4,12,0,0,16,REGIONAL 5,MADIUN,TUBAN,RGL,,,2024-08-15 17:54:15,45518,2024,8,NON TITO,,,JAWA TIMUR,0.75,YELLOW,1456845189,AREA 3,JATIM,LAMONGAN,TUBAN BOJONEGORO,,,0,0,0,JAWA TIMUR,TUBAN,RENGEL,RENGEL,TUBAN
11691718643,,ODP-TNZ-FQ/31,-6.908765,112.072735,,,3,5,0,0,8,REGIONAL 5,MADIUN,TUBAN,TNZ,,,2024-08-21 17:24:02,45524,2024,8,NON TITO,,,JAWA TIMUR,0.625,YELLOW,1457068262,AREA 3,JATIM,LAMONGAN,TUBAN BOJONEGORO,,,0,0,0,JAWA TIMUR,TUBAN,SEMANDING,GEDONGOMBO,TUBAN
2153519368,,ODP-TNZ-FG/73,-6.899549,112.04261,,,2,6,0,0,8,REGIONAL 5,MADIUN,TUBAN,TNZ,,,2024-03-16 23:24:38,43117,2018,1,NON TITO,,,JAWA TIMUR,0.75,YELLOW,286892926,AREA 3,JATIM,LAMONGAN,TUBAN BOJONEGORO,,,0,0,0,JAWA TIMUR,TUBAN,TUBAN,LATSARI,TUBAN
2141295174,,ODP-TNZ-FE/24,-6.896254,112.095335,,,3,5,0,0,8,REGIONAL 5,MADIUN,TUBAN,TNZ,,,2024-03-16 23:21:44,43115,2018,1,NON TITO,,,JAWA TIMUR,0.625,YELLOW,286518726,AREA 3,JATIM,LAMONGAN,TUBAN BOJONEGORO,,,0,0,0,JAWA TIMUR,TUBAN,PALANG,PAYURAN,TUBAN
11684368599,,ODP-TNZ-FH/98,-6.913225,112.063902,,,4,4,0,0,8,REGIONAL 5,MADIUN,TUBAN,TNZ,,,2024-08-23 17:20:21,45526,2024,8,NON TITO,,,JAWA TIMUR,0.5,YELLOW,1457368928,AREA 3,JATIM,LAMONGAN,TUBAN BOJONEGORO,,,0,0,0,JAWA TIMUR,TUBAN,SEMANDING,BEJAGUNG,TUBAN
11686018634,,ODP-TNZ-FAC/38,-6.954866,112.101081,,,4,4,0,0,8,REGIONAL 5,MADIUN,TUBAN,TNZ,,,2024-08-24 17:23:40,45527,2024,8,NON TITO,,,JAWA TIMUR,0.5,YELLOW,1457375783,AREA 3,JATIM,LAMONGAN,TUBAN BOJONEGORO,,,0,0,0,JAWA TIMUR,TUBAN,SEMANDING,TUNAH,TUBAN
2067872515,,ODP-JTR-FB/07,-7.022306,111.730949,,,3,5,0,0,8,REGIONAL 5,MADIUN,TUBAN,JTR,,,2024-03-16 23:22:24,43088,2017,12,NON TITO,,,JAWA TIMUR,0.625,YELLOW,256528818,AREA 3,JATIM,LAMONGAN,TUBAN BOJONEGORO,,,0,0,0,JAWA TIMUR,TUBAN,SENORI,WANGLU KULON,TUBAN
11684519521,,ODP-TNZ-FU/52,-6.862843,112.025482,,,3,5,0,0,8,REGIONAL 5,MADIUN,TUBAN,TNZ,,,2024-09-03 20:03:31,45537,2024,9,NON TITO,,,JAWA TIMUR,0.625,YELLOW,1459103386,AREA 3,JATIM,LAMONGAN,TUBAN BOJONEGORO,,,0,0,0,JAWA TIMUR,TUBAN,JENU,SUGIHWARAS,TUBAN
1975244546,,ODP-TNZ-FG/38,-6.901262,112.029402,,,2,6,0,0,8,REGIONAL 5,MADIUN,TUBAN,TNZ,,,2024-03-16 23:26:58,43050,2017,11,NON TITO,,,JAWA TIMUR,0.75,YELLOW,242317546,AREA 3,JATIM,LAMONGAN,TUBAN BOJONEGORO,,,0,0,0,JAWA TIMUR,TUBAN,TUBAN,KEMBANGBILO,TUBAN
11682344445,,ODP-JTR-FB/22,-7.033312,111.740725,,,4,4,0,0,8,REGIONAL 5,MADIUN,TUBAN,JTR,,,2024-09-04 17:29:54,45539,2024,9,NON TITO,,,JAWA TIMUR,0.5,YELLOW,1459402187,AREA 3,JATIM,LAMONGAN,TUBAN BOJONEGORO,,,0,0,0,JAWA TIMUR,TUBAN,SENORI,SIDOHARJO,TUBAN
11706718726,,ODP-RGL-FAE/63,-7.071233,111.979547,,,2,6,0,0,8,REGIONAL 5,MADIUN,TUBAN,RGL,,,2024-09-06 17:24:48,45540,2024,9,NON TITO,,,JAWA TIMUR,0.75,YELLOW,1459468704,AREA 3,JATIM,LAMONGAN,TUBAN BOJONEGORO,,,0,0,0,JAWA TIMUR,TUBAN,RENGEL,MAIBIT,TUBAN
2095019339,,ODP-MRR-FAA/24,-6.879729,111.991638,,,2,6,0,0,8,REGIONAL 5,MADIUN,TUBAN,MRR,,,2024-03-16 23:22:00,43096,2017,12,NON TITO,,,JAWA TIMUR,0.75,YELLOW,256208269,AREA 3,JATIM,LAMONGAN,TUBAN BOJONEGORO,,,0,0,0,JAWA TIMUR,TUBAN,MERAKURAK,MANDIREJO,TUBAN
2095019194,,ODP-MRR-FAA/23,-6.880706,111.997429,,,4,11,0,0,16,REGIONAL 5,MADIUN,TUBAN,MRR,,,2024-03-16 23:22:19,43096,2017,12,NON TITO,,,JAWA TIMUR,0.6875,YELLOW,256208148,AREA 3,JATIM,LAMONGAN,TUBAN BOJONEGORO,,,0,0,0,JAWA TIMUR,TUBAN,MERAKURAK,MANDIREJO,TUBAN
11766718657,,ODP-RGL-FAJ/35,-7.05896,111.920628,,,3,5,0,0,8,REGIONAL 5,MADIUN,TUBAN,RGL,,,2024-09-23 17:35:45,45558,2024,9,NON TITO,,,JAWA TIMUR,0.625,YELLOW,1463230195,AREA 3,JATIM,LAMONGAN,TUBAN BOJONEGORO,,,0,0,0,JAWA TIMUR,TUBAN,SOKO,KLUMPIT,TUBAN
11751569657,,ODP-TNZ-FP/32,-6.900627,112.062801,,,3,5,0,0,8,REGIONAL 5,MADIUN,TUBAN,TNZ,,,2024-09-24 23:44:29,45559,2024,9,NON TITO,,,JAWA TIMUR,0.625,YELLOW,1463237576,AREA 3,JATIM,LAMONGAN,TUBAN BOJONEGORO,,,0,0,0,JAWA TIMUR,TUBAN,TUBAN,KEBONSARI,TUBAN
1993545893,,ODP-RGL-FAC/23,-7.029387,112.133563,,,3,5,0,0,8,REGIONAL 5,MADIUN,TUBAN,RGL,,,2024-03-16 23:25:23,43060,2017,11,NON TITO,,,JAWA TIMUR,0.625,YELLOW,255790304,AREA 3,JATIM,LAMONGAN,TUBAN BOJONEGORO,,,0,0,0,JAWA TIMUR,TUBAN,PLUMPANG,PENIDON,TUBAN
1969694651,,ODP-TNZ-FD/89,-6.902558,112.064414,,,4,12,0,0,16,REGIONAL 5,MADIUN,TUBAN,TNZ,,,2024-03-16 23:23:27,43049,2017,11,NON TITO,,,JAWA TIMUR,0.75,YELLOW,255462359,AREA 3,JATIM,LAMONGAN,TUBAN BOJONEGORO,,,0,0,0,JAWA TIMUR,TUBAN,TUBAN,KEBONSARI,TUBAN
11794469055,,ODP-TNZ-FAC/41,-6.939747,112.106285,,,3,5,0,0,8,REGIONAL 5,MADIUN,TUBAN,TNZ,,,2024-09-27 17:38:29,45562,2024,9,NON TITO,,,JAWA TIMUR,0.625,YELLOW,1463254351,AREA 3,JATIM,LAMONGAN,TUBAN BOJONEGORO,,,0,0,0,JAWA TIMUR,TUBAN,SEMANDING,TUNAH,TUBAN
11794469060,,ODP-TNZ-FAC/40,-6.941442,112.109478,,,2,5,1,0,8,REGIONAL 5,MADIUN,TUBAN,TNZ,,,2024-09-27 17:38:28,45562,2024,9,NON TITO,,,JAWA TIMUR,0.625,YELLOW,1463254354,AREA 3,JATIM,LAMONGAN,TUBAN BOJONEGORO,,,0,0,0,JAWA TIMUR,TUBAN,SEMANDING,TUNAH,TUBAN
1975544145,,ODP-BCR-FAC/36,-6.780594,111.724719,,,3,5,0,0,8,REGIONAL 5,MADIUN,TUBAN,BCR,,,2024-03-16 23:26:56,43048,2017,11,NON TITO,,,JAWA TIMUR,0.625,YELLOW,255423316,AREA 3,JATIM,LAMONGAN,TUBAN BOJONEGORO,,,0,0,0,JAWA TIMUR,TUBAN,BANCAR,TERGAMBANG,TUBAN
1975544068,,ODP-BCR-FAC/32,-6.803173,111.74299,,,3,5,0,0,8,REGIONAL 5,MADIUN,TUBAN,BCR,,,2024-03-16 23:28:14,43048,2017,11,NON TITO,,,JAWA TIMUR,0.625,YELLOW,255423288,AREA 3,JATIM,LAMONGAN,TUBAN BOJONEGORO,,,0,0,0,JAWA TIMUR,TUBAN,BANCAR,SUMBERAN,TUBAN
2095019519,,ODP-MRR-FAA/35,-6.88047,111.988888,,,2,6,0,0,8,REGIONAL 5,MADIUN,TUBAN,MRR,,,2024-03-16 23:22:06,43096,2017,12,NON TITO,,,JAWA TIMUR,0.75,YELLOW,256208416,AREA 3,JATIM,LAMONGAN,TUBAN BOJONEGORO,,,0,0,0,JAWA TIMUR,TUBAN,MERAKURAK,MANDIREJO,TUBAN
1482796250,,ODP-TNZ-FJ/20,-6.899666,112.161248,,,3,5,0,0,8,REGIONAL 5,MADIUN,TUBAN,TNZ,,,2024-03-16 23:26:50,42877,2017,5,NON TITO,,,JAWA TIMUR,0.625,YELLOW,129796120,AREA 3,JATIM,LAMONGAN,TUBAN BOJONEGORO,,,0,0,0,JAWA TIMUR,TUBAN,PALANG,LERAN KULON,TUBAN
11838794614,,ODP-BCR-FAF/25,-6.823445,111.773956,,,4,4,0,0,8,REGIONAL 5,MADIUN,TUBAN,BCR,,,2024-10-18 17:26:52,45582,2024,10,NON TITO,,,JAWA TIMUR,0.5,YELLOW,1465696455,AREA 3,JATIM,LAMONGAN,TUBAN BOJONEGORO,,,0,0,0,JAWA TIMUR,TUBAN,BANCAR,SUKOHARJO,TUBAN
11838794624,,ODP-BCR-FAF/23,-6.825467,111.769937,,,2,6,0,0,8,REGIONAL 5,MADIUN,TUBAN,BCR,,,2024-10-18 17:25:15,45582,2024,10,NON TITO,,,JAWA TIMUR,0.75,YELLOW,1465696465,AREA 3,JATIM,LAMONGAN,TUBAN BOJONEGORO,,,0,0,0,JAWA TIMUR,TUBAN,BANCAR,SUKOHARJO,TUBAN
1487819618,,ODP-TNZ-FK/21,-6.911864,112.092112,,,3,5,0,0,8,REGIONAL 5,MADIUN,TUBAN,TNZ,,,2024-03-16 23:29:17,42879,2017,5,NON TITO,,,JAWA TIMUR,0.625,YELLOW,129987121,AREA 3,JATIM,LAMONGAN,TUBAN BOJONEGORO,,,0,0,0,JAWA TIMUR,TUBAN,PALANG,TASIKMADU,TUBAN
12022919490,,ODP-TNZ-FV/68,-6.912129,112.041433,,,2,6,0,0,8,REGIONAL 5,MADIUN,TUBAN,TNZ,,,2024-12-24 17:32:13,45649,2024,12,NON TITO,,,JAWA TIMUR,0.75,YELLOW,1495619242,AREA 3,JATIM,LAMONGAN,TUBAN BOJONEGORO,,,0,0,0,JAWA TIMUR,TUBAN,SEMANDING,KARANG,TUBAN
1487819612,,ODP-TNZ-FK/34,-6.916013,112.088088,,,3,5,0,0,8,REGIONAL 5,MADIUN,TUBAN,TNZ,,,2024-03-16 23:29:17,42879,2017,5,NON TITO,,,JAWA TIMUR,0.625,YELLOW,129987117,AREA 3,JATIM,LAMONGAN,TUBAN BOJONEGORO,,,0,0,0,JAWA TIMUR,TUBAN,SEMANDING,GEDONGOMBO,TUBAN
1487819609,,ODP-TNZ-FK/11,-6.911799,112.090672,,,4,4,0,0,8,REGIONAL 5,MADIUN,TUBAN,TNZ,,,2024-03-16 23:29:08,42879,2017,5,NON TITO,,,JAWA TIMUR,0.5,YELLOW,129987115,AREA 3,JATIM,LAMONGAN,TUBAN BOJONEGORO,,,0,0,0,JAWA TIMUR,TUBAN,PALANG,TASIKMADU,TUBAN
12025469047,,ODP-TNZ-FP/34,-6.909066,112.061089,,,2,6,0,0,8,REGIONAL 5,MADIUN,TUBAN,TNZ,,,2024-12-31 17:32:02,45656,2024,12,NON TITO,,,JAWA TIMUR,0.75,YELLOW,1495651794,AREA 3,JATIM,LAMONGAN,TUBAN BOJONEGORO,,,0,0,0,JAWA TIMUR,TUBAN,SEMANDING,GEDONGOMBO,TUBAN
1487819394,,ODP-TNZ-FK/36,-6.914327,112.088599,,,4,4,0,0,8,REGIONAL 5,MADIUN,TUBAN,TNZ,,,2024-03-16 23:29:18,42879,2017,5,NON TITO,,,JAWA TIMUR,0.5,YELLOW,129986960,AREA 3,JATIM,LAMONGAN,TUBAN BOJONEGORO,,,0,0,0,JAWA TIMUR,TUBAN,SEMANDING,GEDONGOMBO,TUBAN
12023894092,,ODP-KRK-FH/16,-6.956021,111.907531,,,4,4,0,0,8,REGIONAL 5,MADIUN,TUBAN,KRK,,,2025-01-01 17:31:20,45657,2024,12,NON TITO,,,JAWA TIMUR,0.5,YELLOW,1495657807,AREA 3,JATIM,LAMONGAN,TUBAN BOJONEGORO,,,0,0,0,JAWA TIMUR,TUBAN,MONTONG,JETAK,TUBAN
1487819391,,ODP-TNZ-FK/30,-6.914497,112.090124,,,3,5,0,0,8,REGIONAL 5,MADIUN,TUBAN,TNZ,,,2024-03-16 23:28:28,42879,2017,5,NON TITO,,,JAWA TIMUR,0.625,YELLOW,129986958,AREA 3,JATIM,LAMONGAN,TUBAN BOJONEGORO,,,0,0,0,JAWA TIMUR,TUBAN,PALANG,TASIKMADU,TUBAN
12024569337,,ODP-JTR-FA/56,-6.9806,111.788152,,,4,4,0,0,8,REGIONAL 5,MADIUN,TUBAN,JTR,,,2025-01-04 17:31:20,45660,2025,1,NON TITO,,,JAWA TIMUR,0.5,YELLOW,1495674253,AREA 3,JATIM,LAMONGAN,TUBAN BOJONEGORO,,,0,0,0,JAWA TIMUR,TUBAN,SINGGAHAN,TINGKIS,TUBAN
12037468646,,ODP-RGL-FAF/27,-7.002186,112.110457,,,4,4,0,0,8,REGIONAL 5,MADIUN,TUBAN,RGL,,,2025-01-22 17:38:27,45678,2025,1,NON TITO,,,JAWA TIMUR,0.5,YELLOW,1495925749,AREA 3,JATIM,LAMONGAN,TUBAN BOJONEGORO,,,0,0,0,JAWA TIMUR,TUBAN,PLUMPANG,SUMBERAGUNG,TUBAN
1487818976,,ODP-TNZ-FK/24,-6.914973,112.090763,,,2,6,0,0,8,REGIONAL 5,MADIUN,TUBAN,TNZ,,,2024-03-16 23:29:09,42879,2017,5,NON TITO,,,JAWA TIMUR,0.75,YELLOW,129986674,AREA 3,JATIM,LAMONGAN,TUBAN BOJONEGORO,,,0,0,0,JAWA TIMUR,TUBAN,PALANG,TASIKMADU,TUBAN
1487819621,,ODP-TNZ-FK/32,-6.913839,112.088808,,,4,4,0,0,8,REGIONAL 5,MADIUN,TUBAN,TNZ,,,2024-03-16 23:29:18,42879,2017,5,NON TITO,,,JAWA TIMUR,0.5,YELLOW,129987124,AREA 3,JATIM,LAMONGAN,TUBAN BOJONEGORO,,,0,0,0,JAWA TIMUR,TUBAN,PALANG,TASIKMADU,TUBAN
1482806258,,ODP-JTR-FA/03,-6.963395,111.785889,,,2,6,0,0,8,REGIONAL 5,MADIUN,TUBAN,JTR,,,2024-03-16 23:28:05,42877,2017,5,NON TITO,,,JAWA TIMUR,0.75,YELLOW,129915126,AREA 3,JATIM,LAMONGAN,TUBAN BOJONEGORO,,,0,0,0,JAWA TIMUR,TUBAN,SINGGAHAN,MULYOAGUNG,TUBAN
1482804649,,ODP-RGL-FAB/12,-7.004157,111.987547,,,6,10,0,0,16,REGIONAL 5,MADIUN,TUBAN,RGL,,,2024-03-16 23:28:51,42877,2017,5,NON TITO,,,JAWA TIMUR,0.625,YELLOW,129914098,AREA 3,JATIM,LAMONGAN,TUBAN BOJONEGORO,,,0,0,0,JAWA TIMUR,TUBAN,GRABAGAN,GRABAGAN,TUBAN
12014895300,,ODP-TNZ-FAE/09,-6.899793,112.170818,,,2,6,0,0,8,REGIONAL 5,MADIUN,TUBAN,TNZ,,,2025-01-23 17:40:44,45679,2025,1,NON TITO,,,JAWA TIMUR,0.75,YELLOW,1495931623,AREA 3,JATIM,LAMONGAN,TUBAN BOJONEGORO,,,0,0,0,JAWA TIMUR,TUBAN,PALANG,PLIWETAN,TUBAN
12014895310,,ODP-TNZ-FAE/06,-6.900338,112.167994,,,2,6,0,0,8,REGIONAL 5,MADIUN,TUBAN,TNZ,,,2025-01-23 17:41:02,45679,2025,1,NON TITO,,,JAWA TIMUR,0.75,YELLOW,1495931629,AREA 3,JATIM,LAMONGAN,TUBAN BOJONEGORO,,,0,0,0,JAWA TIMUR,TUBAN,PALANG,PLIWETAN,TUBAN
12014895320,,ODP-TNZ-FAE/13,-6.900854,112.181659,,,3,5,0,0,8,REGIONAL 5,MADIUN,TUBAN,TNZ,,,2025-01-23 17:41:17,45679,2025,1,NON TITO,,,JAWA TIMUR,0.625,YELLOW,1495931640,AREA 3,JATIM,LAMONGAN,TUBAN BOJONEGORO,,,0,0,0,JAWA TIMUR,TUBAN,PALANG,CEPOKREJO,TUBAN
12014895325,,ODP-TNZ-FAE/04,-6.899871,112.163172,,,2,6,0,0,8,REGIONAL 5,MADIUN,TUBAN,TNZ,,,2025-01-23 17:41:06,45679,2025,1,NON TITO,,,JAWA TIMUR,0.75,YELLOW,1495931643,AREA 3,JATIM,LAMONGAN,TUBAN BOJONEGORO,,,0,0,0,JAWA TIMUR,TUBAN,PALANG,LERAN KULON,TUBAN
1482796205,,ODP-TNZ-FJ/21,-6.899507,112.159932,,,2,6,0,0,8,REGIONAL 5,MADIUN,TUBAN,TNZ,,,2024-03-16 23:26:46,42877,2017,5,NON TITO,,,JAWA TIMUR,0.75,YELLOW,129910202,AREA 3,JATIM,LAMONGAN,TUBAN BOJONEGORO,,,0,0,0,JAWA TIMUR,TUBAN,PALANG,LERAN KULON,TUBAN
12014895345,,ODP-TNZ-FAE/05,-6.900085,112.165372,,,3,5,0,0,8,REGIONAL 5,MADIUN,TUBAN,TNZ,,,2025-01-23 17:41:08,45679,2025,1,NON TITO,,,JAWA TIMUR,0.625,YELLOW,1495931659,AREA 3,JATIM,LAMONGAN,TUBAN BOJONEGORO,,,0,0,0,JAWA TIMUR,TUBAN,PALANG,LERAN KULON,TUBAN
1486696383,,GCL-BCR-F02/03,-6.783973,111.783084,,,4,4,0,0,8,REGIONAL 5,MADIUN,TUBAN,BCR,,,2024-03-16 23:27:09,42878,2017,5,NON TITO,,,JAWA TIMUR,0.5,YELLOW,129802520,AREA 3,JATIM,LAMONGAN,TUBAN BOJONEGORO,,,0,0,0,JAWA TIMUR,TUBAN,BANCAR,BANCAR,TUBAN
1482796340,,ODP-TNZ-FJ/06,-6.902202,112.140956,,,2,6,0,0,8,REGIONAL 5,MADIUN,TUBAN,TNZ,,,2024-03-16 23:26:48,42877,2017,5,NON TITO,,,JAWA TIMUR,0.75,YELLOW,129796192,AREA 3,JATIM,LAMONGAN,TUBAN BOJONEGORO,,,0,0,0,JAWA TIMUR,TUBAN,PALANG,PUCANGAN,TUBAN
12014895365,,ODP-TNZ-FAE/08,-6.904441,112.170427,,,3,5,0,0,8,REGIONAL 5,MADIUN,TUBAN,TNZ,,,2025-01-23 17:39:29,45679,2025,1,NON TITO,,,JAWA TIMUR,0.625,YELLOW,1495931679,AREA 3,JATIM,LAMONGAN,TUBAN BOJONEGORO,,,0,0,0,JAWA TIMUR,TUBAN,PALANG,PLIWETAN,TUBAN
12023895012,,ODP-KRK-FB/42,-6.944444,111.897887,,,2,6,0,0,8,REGIONAL 5,MADIUN,TUBAN,KRK,,,2025-01-24 17:40:38,45680,2025,1,NON TITO,,,JAWA TIMUR,0.75,YELLOW,1495937775,AREA 3,JATIM,LAMONGAN,TUBAN BOJONEGORO,,,0,0,0,JAWA TIMUR,TUBAN,MONTONG,PUCANGAN,TUBAN
1482805235,,ODP-JTR-FA/04,-6.962928,111.78302,,,4,4,0,0,8,REGIONAL 5,MADIUN,TUBAN,JTR,,,2024-03-16 23:28:38,42877,2017,5,NON TITO,,,JAWA TIMUR,0.5,YELLOW,129914491,AREA 3,JATIM,LAMONGAN,TUBAN BOJONEGORO,,,0,0,0,JAWA TIMUR,TUBAN,SINGGAHAN,MULYOAGUNG,TUBAN
1638794866,,ODP-RGL-FAG/03,-6.991065,112.112708,,,4,4,0,0,8,REGIONAL 5,MADIUN,TUBAN,RGL,,,2024-03-16 23:22:29,42944,2017,7,NON TITO,,,JAWA TIMUR,0.5,YELLOW,179653444,AREA 3,JATIM,LAMONGAN,TUBAN BOJONEGORO,,,0,0,0,JAWA TIMUR,TUBAN,PLUMPANG,SUMBERAGUNG,TUBAN
12015343732,,ODP-RGL-FAJ/41,-7.100949,111.968947,,,3,5,0,0,8,REGIONAL 5,MADIUN,TUBAN,RGL,,,2024-12-17 17:34:44,45642,2024,12,NON TITO,,,JAWA TIMUR,0.625,YELLOW,1495500144,AREA 3,JATIM,LAMONGAN,TUBAN BOJONEGORO,,,0,0,0,JAWA TIMUR,TUBAN,SOKO,RAHAYU,TUBAN
1487819627,,ODP-TNZ-FK/01,-6.910019,112.091408,,,5,11,0,0,16,REGIONAL 5,MADIUN,TUBAN,TNZ,,,2024-03-16 23:29:19,42879,2017,5,NON TITO,,,JAWA TIMUR,0.6875,YELLOW,129987128,AREA 3,JATIM,LAMONGAN,TUBAN BOJONEGORO,,,0,0,0,JAWA TIMUR,TUBAN,PALANG,TASIKMADU,TUBAN
1632722631,,ODP-TNZ-FA/95,-6.865407,112.031722,,,2,6,0,0,8,REGIONAL 5,MADIUN,TUBAN,TNZ,,,2024-03-16 23:26:57,42941,2017,7,NON TITO,,,JAWA TIMUR,0.75,YELLOW,179641362,AREA 3,JATIM,LAMONGAN,TUBAN BOJONEGORO,,,0,0,0,JAWA TIMUR,TUBAN,JENU,SUGIHWARAS,TUBAN
11832795781,,ODP-RGL-FAJ/38,-7.102423,111.936255,,,3,5,0,0,8,REGIONAL 5,MADIUN,TUBAN,RGL,,,2024-10-18 17:27:27,45582,2024,10,NON TITO,,,JAWA TIMUR,0.625,YELLOW,1465763105,AREA 3,JATIM,LAMONGAN,TUBAN BOJONEGORO,,,0,0,0,JAWA TIMUR,TUBAN,SOKO,BANGUNREJO,TUBAN
2605694230,,ODP-TNZ-FW/63,-6.933091,112.060804,,,4,4,0,0,8,REGIONAL 5,MADIUN,TUBAN,TNZ,,,2024-10-29 17:24:24,43258,2018,6,NON TITO,,,JAWA TIMUR,0.5,YELLOW,361304621,AREA 3,JATIM,LAMONGAN,TUBAN BOJONEGORO,,,0,0,0,JAWA TIMUR,TUBAN,SEMANDING,SEMANDING,TUBAN
1607143846,,ODP-JTR-FAA/30,-6.86537,111.656387,,,8,8,0,0,16,REGIONAL 5,MADIUN,TUBAN,JTR,,,2024-03-16 23:26:30,42934,2017,7,NON TITO,,,JAWA TIMUR,0.5,YELLOW,179524055,AREA 3,JATIM,LAMONGAN,TUBAN BOJONEGORO,,,0,0,0,JAWA TIMUR,TUBAN,JATIROGO,BADER,TUBAN
2605694615,,ODP-TNZ-FW/62,-6.934752,112.060707,,,2,6,0,0,8,REGIONAL 5,MADIUN,TUBAN,TNZ,,,2024-10-29 17:23:52,43258,2018,6,NON TITO,,,JAWA TIMUR,0.75,YELLOW,361304863,AREA 3,JATIM,LAMONGAN,TUBAN BOJONEGORO,,,0,0,0,JAWA TIMUR,TUBAN,SEMANDING,PENAMBANGAN,TUBAN
1603169021,,ODP-JTR-FAA/29,-6.868111,111.655642,,,5,11,0,0,16,REGIONAL 5,MADIUN,TUBAN,JTR,,,2024-03-16 23:23:24,42933,2017,7,NON TITO,,,JAWA TIMUR,0.6875,YELLOW,179011686,AREA 3,JATIM,LAMONGAN,TUBAN BOJONEGORO,,,0,0,0,JAWA TIMUR,TUBAN,JATIROGO,BADER,TUBAN
1604146236,,ODP-TNZ-FE/19,-6.899191,112.113849,,,5,11,0,0,16,REGIONAL 5,MADIUN,TUBAN,TNZ,,,2024-03-16 23:21:38,42931,2017,7,NON TITO,,,JAWA TIMUR,0.6875,YELLOW,179007104,AREA 3,JATIM,LAMONGAN,TUBAN BOJONEGORO,,,0,0,0,JAWA TIMUR,TUBAN,PALANG,SUMURGUNG,TUBAN
1596121089,,ODP-TNZ-FC/65,-6.897254,112.050512,,,3,5,0,0,8,REGIONAL 5,MADIUN,TUBAN,TNZ,,,2024-03-16 23:21:25,42927,2017,7,NON TITO,,,JAWA TIMUR,0.625,YELLOW,178980851,AREA 3,JATIM,LAMONGAN,TUBAN BOJONEGORO,,,0,0,0,JAWA TIMUR,TUBAN,TUBAN,SIDOREJO,TUBAN
1551644600,,ODP-TNZ-FF/20,-6.894955,112.057267,,,2,6,0,0,8,REGIONAL 5,MADIUN,TUBAN,TNZ,,,2024-03-16 23:29:03,42904,2017,6,NON TITO,,,JAWA TIMUR,0.75,YELLOW,161948220,AREA 3,JATIM,LAMONGAN,TUBAN BOJONEGORO,,,0,0,0,JAWA TIMUR,TUBAN,TUBAN,RONGGOMULYO,TUBAN
11878320095,,ODP-RGL-FAD/100,-7.118618,111.942267,,,2,6,0,0,8,REGIONAL 5,MADIUN,TUBAN,RGL,,,2024-11-06 17:31:20,45597,2024,11,NON TITO,,,JAWA TIMUR,0.75,YELLOW,1479157822,AREA 3,JATIM,LAMONGAN,TUBAN BOJONEGORO,,,0,0,0,JAWA TIMUR,TUBAN,SOKO,SOKOSARI,TUBAN
11913943639,,ODP-TNZ-FE/81,-6.90051,112.100208,,,2,6,0,0,8,REGIONAL 5,MADIUN,TUBAN,TNZ,,,2024-11-09 17:59:48,45604,2024,11,NON TITO,,,JAWA TIMUR,0.75,YELLOW,1485867489,AREA 3,JATIM,LAMONGAN,TUBAN BOJONEGORO,,,0,0,0,JAWA TIMUR,TUBAN,PALANG,TASIKMADU,TUBAN
12015343727,,ODP-RGL-FAJ/40,-7.101128,111.971464,,,3,5,0,0,8,REGIONAL 5,MADIUN,TUBAN,RGL,,,2024-12-17 17:34:31,45642,2024,12,NON TITO,,,JAWA TIMUR,0.625,YELLOW,1495500141,AREA 3,JATIM,LAMONGAN,TUBAN BOJONEGORO,,,0,0,0,JAWA TIMUR,TUBAN,SOKO,RAHAYU,TUBAN
11915293826,,ODP-KRK-FB/39,-6.943977,111.899769,,,3,5,0,0,8,REGIONAL 5,MADIUN,TUBAN,KRK,,,2024-11-11 17:27:13,45607,2024,11,NON TITO,,,JAWA TIMUR,0.625,YELLOW,1486239639,AREA 3,JATIM,LAMONGAN,TUBAN BOJONEGORO,,,0,0,0,JAWA TIMUR,TUBAN,MONTONG,PUCANGAN,TUBAN
11920693634,,ODP-TNZ-FK/117,-6.920341,112.090643,,,2,6,0,0,8,REGIONAL 5,MADIUN,TUBAN,TNZ,,,2024-11-12 17:33:06,45607,2024,11,NON TITO,,,JAWA TIMUR,0.75,YELLOW,1485883442,AREA 3,JATIM,LAMONGAN,TUBAN BOJONEGORO,,,0,0,0,JAWA TIMUR,TUBAN,SEMANDING,GEDONGOMBO,TUBAN
11924295218,,ODP-KRK-FD/11,-6.957234,111.859591,,,3,5,0,0,8,REGIONAL 5,MADIUN,TUBAN,KRK,,,2024-11-15 17:30:58,45610,2024,11,NON TITO,,,JAWA TIMUR,0.625,YELLOW,1485900681,AREA 3,JATIM,LAMONGAN,TUBAN BOJONEGORO,,,0,0,0,JAWA TIMUR,TUBAN,MONTONG,TALANGKEMBAR,TUBAN
6258868909,,ODP-TNZ-FP/27,-6.908515,112.060599,,,5,11,0,0,16,REGIONAL 5,MADIUN,TUBAN,TNZ,,,2023-08-30 17:58:30,44287,2021,4,NON TITO,,,JAWA TIMUR,0.6875,YELLOW,869081181,AREA 3,JATIM,LAMONGAN,TUBAN BOJONEGORO,,,0,0,0,JAWA TIMUR,TUBAN,SEMANDING,GEDONGOMBO,TUBAN
1487820078,,ODP-TNZ-FK/08,-6.91357,112.08978,,,2,6,0,0,8,REGIONAL 5,MADIUN,TUBAN,TNZ,,,2024-03-16 23:21:44,42879,2017,5,NON TITO,,,JAWA TIMUR,0.75,YELLOW,129987429,AREA 3,JATIM,LAMONGAN,TUBAN BOJONEGORO,,,0,0,0,JAWA TIMUR,TUBAN,PALANG,TASIKMADU,TUBAN
11993518661,,ODP-KRK-FH/13,-6.958361,111.897898,,,4,4,0,0,8,REGIONAL 5,MADIUN,TUBAN,KRK,,,2024-11-29 17:46:26,45624,2024,11,NON TITO,,,JAWA TIMUR,0.5,YELLOW,1495337640,AREA 3,JATIM,LAMONGAN,TUBAN BOJONEGORO,,,0,0,0,JAWA TIMUR,TUBAN,MONTONG,PAKEL,TUBAN
1487820075,,ODP-TNZ-FK/19,-6.913031,112.089029,,,3,5,0,0,8,REGIONAL 5,MADIUN,TUBAN,TNZ,,,2024-03-16 23:21:19,42879,2017,5,NON TITO,,,JAWA TIMUR,0.625,YELLOW,129987426,AREA 3,JATIM,LAMONGAN,TUBAN BOJONEGORO,,,0,0,0,JAWA TIMUR,TUBAN,PALANG,TASIKMADU,TUBAN
11993518671,,ODP-KRK-FH/14,-6.957488,111.896034,,,4,4,0,0,8,REGIONAL 5,MADIUN,TUBAN,KRK,,,2024-11-29 17:46:31,45624,2024,11,NON TITO,,,JAWA TIMUR,0.5,YELLOW,1495337646,AREA 3,JATIM,LAMONGAN,TUBAN BOJONEGORO,,,0,0,0,JAWA TIMUR,TUBAN,MONTONG,PAKEL,TUBAN
11992169493,,ODP-MRR-FAA/95,-6.873972,111.966242,,,3,5,0,0,8,REGIONAL 5,MADIUN,TUBAN,MRR,,,2024-11-29 17:45:55,45624,2024,11,NON TITO,,,JAWA TIMUR,0.625,YELLOW,1495337761,AREA 3,JATIM,LAMONGAN,TUBAN BOJONEGORO,,,0,0,0,JAWA TIMUR,TUBAN,MERAKURAK,TUWIRI KULON,TUBAN
1487820069,,ODP-TNZ-FK/18,-6.912483,112.089251,,,4,12,0,0,16,REGIONAL 5,MADIUN,TUBAN,TNZ,,,2024-03-16 23:21:44,42879,2017,5,NON TITO,,,JAWA TIMUR,0.75,YELLOW,129987420,AREA 3,JATIM,LAMONGAN,TUBAN BOJONEGORO,,,0,0,0,JAWA TIMUR,TUBAN,PALANG,TASIKMADU,TUBAN
1487820066,,ODP-TNZ-FK/07,-6.913102,112.090372,,,4,4,0,0,8,REGIONAL 5,MADIUN,TUBAN,TNZ,,,2024-03-16 23:21:59,42879,2017,5,NON TITO,,,JAWA TIMUR,0.5,YELLOW,129987418,AREA 3,JATIM,LAMONGAN,TUBAN BOJONEGORO,,,0,0,0,JAWA TIMUR,TUBAN,PALANG,TASIKMADU,TUBAN
12012718914,,ODP-TNZ-FAC/46,-6.94133,112.093055,,,4,4,0,0,8,REGIONAL 5,MADIUN,TUBAN,TNZ,,,2024-12-17 17:33:31,45642,2024,12,NON TITO,,,JAWA TIMUR,0.5,YELLOW,1495499760,AREA 3,JATIM,LAMONGAN,TUBAN BOJONEGORO,,,0,0,0,JAWA TIMUR,TUBAN,SEMANDING,KOWANG,TUBAN
11915293836,,ODP-KRK-FB/41,-6.943987,111.893605,,,9,7,0,0,16,REGIONAL 5,MADIUN,TUBAN,KRK,,,2024-11-11 17:29:27,45607,2024,11,NON TITO,,,JAWA TIMUR,0.4375,YELLOW,1486239646,AREA 3,JATIM,LAMONGAN,TUBAN BOJONEGORO,,,0,0,0,JAWA TIMUR,TUBAN,MONTONG,PUCANGAN,TUBAN
1511679552,,ODP-TNZ-FA/99,-6.883145,112.048269,,,8,8,0,0,16,REGIONAL 5,MADIUN,TUBAN,TNZ,,,2024-03-16 23:26:18,42891,2017,6,NON TITO,,,JAWA TIMUR,0.5,YELLOW,156266074,AREA 3,JATIM,LAMONGAN,TUBAN BOJONEGORO,,,0,0,0,JAWA TIMUR,TUBAN,JENU,SUGIHWARAS,TUBAN
943993570,,ODP-RGL-FAC/11,-7.03031,112.09356,,,2,6,0,0,8,REGIONAL 5,MADIUN,TUBAN,RGL,,,2024-03-16 23:22:43,42636,2016,9,NON TITO,,,JAWA TIMUR,0.75,YELLOW,36041701,AREA 3,JATIM,LAMONGAN,TUBAN BOJONEGORO,,,0,0,0,JAWA TIMUR,TUBAN,PLUMPANG,PLUMPANG,TUBAN
12055470265,,ODP-TNZ-FAF/01,-6.909567,112.07021,,,2,6,0,0,8,REGIONAL 5,MADIUN,TUBAN,TNZ,,,2025-02-19 17:42:41,45706,2025,2,NON TITO,,,JAWA TIMUR,0.75,YELLOW,1496140038,AREA 3,JATIM,LAMONGAN,TUBAN BOJONEGORO,,,0,0,0,JAWA TIMUR,TUBAN,SEMANDING,GEDONGOMBO,TUBAN
408594486,,ODP-TNZ-FA/26,-6.8898,112.0359,,,3,5,0,0,8,REGIONAL 5,MADIUN,TUBAN,TNZ,,,2024-03-16 23:25:20,42506,2016,5,NON TITO,,,JAWA TIMUR,0.625,YELLOW,25485271,AREA 3,JATIM,LAMONGAN,TUBAN BOJONEGORO,,,0,0,0,JAWA TIMUR,TUBAN,TUBAN,PERBON,TUBAN
408594629,,ODP-TNZ-FC/25,-6.8965,112.0519,,,5,11,0,0,16,REGIONAL 5,MADIUN,TUBAN,TNZ,,,2024-03-16 23:26:00,42506,2016,5,NON TITO,,,JAWA TIMUR,0.6875,YELLOW,25485364,AREA 3,JATIM,LAMONGAN,TUBAN BOJONEGORO,,,0,0,0,JAWA TIMUR,TUBAN,TUBAN,RONGGOMULYO,TUBAN
1926793915,,ODP-KRK-FB/12,-6.949448,111.880541,,,4,12,0,0,16,REGIONAL 5,MADIUN,TUBAN,KRK,,,2023-08-30 18:01:53,43027,2017,10,NON TITO,,,JAWA TIMUR,0.75,YELLOW,238517229,AREA 3,JATIM,LAMONGAN,TUBAN BOJONEGORO,,,0,0,0,JAWA TIMUR,TUBAN,MONTONG,MONTONGSEKAR,TUBAN
408595100,,ODP-TNZ-FA/25,-6.8889,112.0342,,,5,11,0,0,16,REGIONAL 5,MADIUN,TUBAN,TNZ,,,2024-03-16 23:26:11,42506,2016,5,NON TITO,,,JAWA TIMUR,0.6875,YELLOW,25485663,AREA 3,JATIM,LAMONGAN,TUBAN BOJONEGORO,,,0,0,0,JAWA TIMUR,TUBAN,TUBAN,PERBON,TUBAN
12410669140,,ODP-RGL-FAD/130,-7.11738,111.953747,,,2,6,0,0,8,REGIONAL 5,MADIUN,TUBAN,RGL,,,2025-10-01 17:39:36,45930,2025,9,NON TITO,,,JAWA TIMUR,0.75,YELLOW,1501848486,AREA 3,JATIM,LAMONGAN,TUBAN BOJONEGORO,,,0,0,0,JAWA TIMUR,TUBAN,SOKO,SOKOSARI,TUBAN
408595396,,ODP-TNZ-FA/63,-6.8879,112.0472,,,4,12,0,0,16,REGIONAL 5,MADIUN,TUBAN,TNZ,,,2024-03-16 23:26:26,42506,2016,5,NON TITO,,,JAWA TIMUR,0.75,YELLOW,25485846,AREA 3,JATIM,LAMONGAN,TUBAN BOJONEGORO,,,0,0,0,JAWA TIMUR,TUBAN,TUBAN,LATSARI,TUBAN
408595497,,ODP-TNZ-FA/58,-6.8847,112.0489,,,7,9,0,0,16,REGIONAL 5,MADIUN,TUBAN,TNZ,,,2024-03-16 23:26:41,42506,2016,5,NON TITO,,,JAWA TIMUR,0.5625,YELLOW,25485907,AREA 3,JATIM,LAMONGAN,TUBAN BOJONEGORO,,,0,0,0,JAWA TIMUR,TUBAN,JENU,SUGIHWARAS,TUBAN
2095019024,,ODP-MRR-FAA/33,-6.883826,111.988414,,,2,6,0,0,8,REGIONAL 5,MADIUN,TUBAN,MRR,,,2023-08-30 18:02:29,43096,2017,12,NON TITO,,,JAWA TIMUR,0.75,YELLOW,256208010,AREA 3,JATIM,LAMONGAN,TUBAN BOJONEGORO,,,0,0,0,JAWA TIMUR,TUBAN,MERAKURAK,MANDIREJO,TUBAN
408595571,,ODP-TNZ-FA/61,-6.888,112.0493,,,4,12,0,0,16,REGIONAL 5,MADIUN,TUBAN,TNZ,,,2024-03-16 23:26:24,42506,2016,5,NON TITO,,,JAWA TIMUR,0.75,YELLOW,25485953,AREA 3,JATIM,LAMONGAN,TUBAN BOJONEGORO,,,0,0,0,JAWA TIMUR,TUBAN,TUBAN,LATSARI,TUBAN
12398294191,,ODP-KRK-FC/25,-6.894056,111.885432,,,3,5,0,0,8,REGIONAL 5,MADIUN,TUBAN,KRK,,,2025-09-25 17:44:12,45924,2025,9,NON TITO,,,JAWA TIMUR,0.625,YELLOW,1501084615,AREA 3,JATIM,LAMONGAN,TUBAN BOJONEGORO,,,0,0,0,JAWA TIMUR,TUBAN,KEREK,MARGOMULYO,TUBAN
12383668861,,ODP-JTR-FK/26,-6.937081,111.693658,,,3,5,0,0,8,REGIONAL 5,MADIUN,TUBAN,JTR,,,2025-09-24 17:40:13,45923,2025,9,NON TITO,,,JAWA TIMUR,0.625,YELLOW,1501079601,AREA 3,JATIM,LAMONGAN,TUBAN BOJONEGORO,,,0,0,0,JAWA TIMUR,TUBAN,BANGILAN,KEDUNGJAMBANGAN,TUBAN
12383668856,,ODP-JTR-FK/25,-6.934189,111.688465,,,3,5,0,0,8,REGIONAL 5,MADIUN,TUBAN,JTR,,,2025-09-24 17:41:04,45923,2025,9,NON TITO,,,JAWA TIMUR,0.625,YELLOW,1501079595,AREA 3,JATIM,LAMONGAN,TUBAN BOJONEGORO,,,0,0,0,JAWA TIMUR,TUBAN,BANGILAN,KEDUNGJAMBANGAN,TUBAN
408595624,,ODP-TNZ-FA/53,-6.8756,112.0328,,,9,7,0,0,16,REGIONAL 5,MADIUN,TUBAN,TNZ,,,2024-03-16 23:26:26,42506,2016,5,NON TITO,,,JAWA TIMUR,0.4375,YELLOW,25485986,AREA 3,JATIM,LAMONGAN,TUBAN BOJONEGORO,,,0,0,0,JAWA TIMUR,TUBAN,JENU,SUGIHWARAS,TUBAN
408595826,,ODP-TNZ-FC/19,-6.9017,112.0531,,,5,11,0,0,16,REGIONAL 5,MADIUN,TUBAN,TNZ,,,2024-03-16 23:25:32,42506,2016,5,NON TITO,,,JAWA TIMUR,0.6875,YELLOW,25486108,AREA 3,JATIM,LAMONGAN,TUBAN BOJONEGORO,,,0,0,0,JAWA TIMUR,TUBAN,TUBAN,SIDOREJO,TUBAN
408595853,,ODP-TNZ-FA/60,-6.8893,112.051,,,7,9,0,0,16,REGIONAL 5,MADIUN,TUBAN,TNZ,,,2024-03-16 23:25:19,42506,2016,5,NON TITO,,,JAWA TIMUR,0.5625,YELLOW,25486126,AREA 3,JATIM,LAMONGAN,TUBAN BOJONEGORO,,,0,0,0,JAWA TIMUR,TUBAN,TUBAN,LATSARI,TUBAN
408595949,,ODP-MRR-FAA/09,-6.877386,111.98515,,,2,6,0,0,8,REGIONAL 5,MADIUN,TUBAN,MRR,,,2024-03-16 23:26:33,42506,2016,5,NON TITO,,,JAWA TIMUR,0.75,YELLOW,25486186,AREA 3,JATIM,LAMONGAN,TUBAN BOJONEGORO,,,0,0,0,JAWA TIMUR,TUBAN,MERAKURAK,SAMBONGGEDE,TUBAN
408596007,,ODP-TNZ-FA/55,-6.8769,112.0348,,,4,4,0,0,8,REGIONAL 5,MADIUN,TUBAN,TNZ,,,2024-03-16 23:26:46,42506,2016,5,NON TITO,,,JAWA TIMUR,0.5,YELLOW,25486221,AREA 3,JATIM,LAMONGAN,TUBAN BOJONEGORO,,,0,0,0,JAWA TIMUR,TUBAN,TUBAN,PERBON,TUBAN
408594307,,ODP-TNZ-FC/13,-6.9052,112.0536,,,3,5,0,0,8,REGIONAL 5,MADIUN,TUBAN,TNZ,,,2024-03-16 23:25:54,42506,2016,5,NON TITO,,,JAWA TIMUR,0.625,YELLOW,25485156,AREA 3,JATIM,LAMONGAN,TUBAN BOJONEGORO,,,0,0,0,JAWA TIMUR,TUBAN,TUBAN,SIDOREJO,TUBAN
681718641,,ODP-MRR-FAC/17,-6.887473,112.01651,,,3,5,0,0,8,REGIONAL 5,MADIUN,TUBAN,MRR,,,2024-03-16 23:25:20,42535,2016,6,NON TITO,,,JAWA TIMUR,0.625,YELLOW,33435645,AREA 3,JATIM,LAMONGAN,TUBAN BOJONEGORO,,,0,0,0,JAWA TIMUR,TUBAN,TUBAN,SUMURGUNG,TUBAN
408594259,,ODP-TNZ-FA/20,-6.8893,112.0305,,,5,11,0,0,16,REGIONAL 5,MADIUN,TUBAN,TNZ,,,2024-03-16 23:25:01,42506,2016,5,NON TITO,,,JAWA TIMUR,0.6875,YELLOW,25485127,AREA 3,JATIM,LAMONGAN,TUBAN BOJONEGORO,,,0,0,0,JAWA TIMUR,TUBAN,TUBAN,PERBON,TUBAN
408594036,,ODP-TNZ-FA/52,-6.8848,112.044,,,4,12,0,0,16,REGIONAL 5,MADIUN,TUBAN,TNZ,,,2024-03-16 23:25:08,42506,2016,5,NON TITO,,,JAWA TIMUR,0.75,YELLOW,25484981,AREA 3,JATIM,LAMONGAN,TUBAN BOJONEGORO,,,0,0,0,JAWA TIMUR,TUBAN,TUBAN,LATSARI,TUBAN
408592443,,ODP-TNZ-FA/48,-6.8852,112.0419,,,2,6,0,0,8,REGIONAL 5,MADIUN,TUBAN,TNZ,,,2024-03-16 23:25:06,42506,2016,5,NON TITO,,,JAWA TIMUR,0.75,YELLOW,25483965,AREA 3,JATIM,LAMONGAN,TUBAN BOJONEGORO,,,0,0,0,JAWA TIMUR,TUBAN,TUBAN,PERBON,TUBAN
12428744001,,ODP-KRK-FA/15,-6.864741,111.919927,,,4,4,0,0,8,REGIONAL 5,MADIUN,TUBAN,KRK,,,2025-10-08 18:07:21,45937,2025,10,NON TITO,,,JAWA TIMUR,0.5,YELLOW,1501991274,AREA 3,JATIM,LAMONGAN,TUBAN BOJONEGORO,,,0,0,0,JAWA TIMUR,TUBAN,KEREK,SUMBERARUM,TUBAN
12427469558,,ODP-KRK-FD/13,-6.957311,111.861172,,,4,4,0,0,8,REGIONAL 5,MADIUN,TUBAN,KRK,,,2025-10-08 18:07:33,45937,2025,10,NON TITO,,,JAWA TIMUR,0.5,YELLOW,1501991043,AREA 3,JATIM,LAMONGAN,TUBAN BOJONEGORO,,,0,0,0,JAWA TIMUR,TUBAN,MONTONG,TALANGKEMBAR,TUBAN
408592606,,ODP-TNZ-FD/47,-6.8984,112.0718,,,7,8,0,0,16,REGIONAL 5,MADIUN,TUBAN,TNZ,,,2024-03-16 23:25:39,42506,2016,5,NON TITO,,,JAWA TIMUR,0.5,YELLOW,25484083,AREA 3,JATIM,LAMONGAN,TUBAN BOJONEGORO,,,0,0,0,JAWA TIMUR,TUBAN,SEMANDING,GEDONGOMBO,TUBAN
408592611,,ODP-TNZ-FD/30,-6.9022,112.0771,,,3,12,0,0,16,REGIONAL 5,MADIUN,TUBAN,TNZ,,,2024-03-16 23:26:00,42506,2016,5,NON TITO,,,JAWA TIMUR,0.75,YELLOW,25484088,AREA 3,JATIM,LAMONGAN,TUBAN BOJONEGORO,,,0,0,0,JAWA TIMUR,TUBAN,SEMANDING,GEDONGOMBO,TUBAN
408592691,,ODP-TNZ-FB/36,-6.9069,112.0445,,,8,8,0,0,16,REGIONAL 5,MADIUN,TUBAN,TNZ,,,2024-03-16 23:25:38,42506,2016,5,NON TITO,,,JAWA TIMUR,0.5,YELLOW,25484142,AREA 3,JATIM,LAMONGAN,TUBAN BOJONEGORO,,,0,0,0,JAWA TIMUR,TUBAN,SEMANDING,KARANG,TUBAN
1325800332,,ODP-JTR-FD/01,-6.854981,111.587819,,,2,6,0,0,8,REGIONAL 5,MADIUN,TUBAN,JTR,,,2023-08-30 17:59:17,42823,2017,3,NON TITO,,,JAWA TIMUR,0.75,YELLOW,81454631,AREA 3,JATIM,LAMONGAN,TUBAN BOJONEGORO,,,0,0,0,JAWA TENGAH,REMBANG,SALE,WONOKERTO,TUBAN
1325800338,,ODP-JTR-FD/11,-6.860963,111.602181,,,1,6,0,0,8,REGIONAL 5,MADIUN,TUBAN,JTR,,,2023-08-30 18:07:33,42823,2017,3,NON TITO,,,JAWA TIMUR,0.75,YELLOW,81454637,AREA 3,JATIM,LAMONGAN,TUBAN BOJONEGORO,,,0,0,0,JAWA TENGAH,REMBANG,SALE,SALE,TUBAN
408592716,,ODP-TNZ-FA/31,-6.889,112.0361,,,4,4,0,0,8,REGIONAL 5,MADIUN,TUBAN,TNZ,,,2024-03-16 23:25:07,42506,2016,5,NON TITO,,,JAWA TIMUR,0.5,YELLOW,25484158,AREA 3,JATIM,LAMONGAN,TUBAN BOJONEGORO,,,0,0,0,JAWA TIMUR,TUBAN,TUBAN,PERBON,TUBAN
408592819,,ODP-TNZ-FD/50,-6.8956,112.0704,,,1,5,0,0,8,REGIONAL 5,MADIUN,TUBAN,TNZ,,,2024-03-16 23:24:48,42506,2016,5,NON TITO,,,JAWA TIMUR,0.625,YELLOW,25484223,AREA 3,JATIM,LAMONGAN,TUBAN BOJONEGORO,,,0,0,0,JAWA TIMUR,TUBAN,TUBAN,SENDANGHARJO,TUBAN
12420418608,,ODP-RGL-FAD/133,-7.116648,111.949365,,,3,5,0,0,8,REGIONAL 5,MADIUN,TUBAN,RGL,,,2025-10-04 17:47:55,45933,2025,10,NON TITO,,,JAWA TIMUR,0.625,YELLOW,1501860219,AREA 3,JATIM,LAMONGAN,TUBAN BOJONEGORO,,,0,0,0,JAWA TIMUR,TUBAN,SOKO,SOKOSARI,TUBAN
408593248,,ODP-TNZ-FD/37,-6.903,112.0706,,,2,6,0,0,8,REGIONAL 5,MADIUN,TUBAN,TNZ,,,2024-03-16 23:25:33,42506,2016,5,NON TITO,,,JAWA TIMUR,0.75,YELLOW,25484492,AREA 3,JATIM,LAMONGAN,TUBAN BOJONEGORO,,,0,0,0,JAWA TIMUR,TUBAN,SEMANDING,GEDONGOMBO,TUBAN
12410669520,,ODP-MRR-FAB/107,-6.838329,111.949792,,,2,6,0,0,8,REGIONAL 5,MADIUN,TUBAN,MRR,,,2025-10-04 17:49:15,45932,2025,10,NON TITO,,,JAWA TIMUR,0.75,YELLOW,1501857427,AREA 3,JATIM,LAMONGAN,TUBAN BOJONEGORO,,,0,0,0,JAWA TIMUR,TUBAN,MERAKURAK,SUGIHAN,TUBAN
408593284,,ODP-TNZ-FA/50,-6.8844,112.0433,,,4,4,0,0,8,REGIONAL 5,MADIUN,TUBAN,TNZ,,,2024-03-16 23:25:01,42506,2016,5,NON TITO,,,JAWA TIMUR,0.5,YELLOW,25484517,AREA 3,JATIM,LAMONGAN,TUBAN BOJONEGORO,,,0,0,0,JAWA TIMUR,TUBAN,TUBAN,LATSARI,TUBAN
408593359,,ODP-TNZ-FD/35,-6.9024,112.0691,,,2,6,0,0,8,REGIONAL 5,MADIUN,TUBAN,TNZ,,,2024-03-16 23:25:40,42506,2016,5,NON TITO,,,JAWA TIMUR,0.75,YELLOW,25484559,AREA 3,JATIM,LAMONGAN,TUBAN BOJONEGORO,,,0,0,0,JAWA TIMUR,TUBAN,SEMANDING,GEDONGOMBO,TUBAN
408593379,,ODP-TNZ-FA/42,-6.8814,112.0349,,,3,5,0,0,8,REGIONAL 5,MADIUN,TUBAN,TNZ,,,2024-03-16 23:25:19,42506,2016,5,NON TITO,,,JAWA TIMUR,0.625,YELLOW,25484575,AREA 3,JATIM,LAMONGAN,TUBAN BOJONEGORO,,,0,0,0,JAWA TIMUR,TUBAN,TUBAN,PERBON,TUBAN
408593477,,ODP-TNZ-FA/49,-6.8853,112.0428,,,6,10,0,0,16,REGIONAL 5,MADIUN,TUBAN,TNZ,,,2024-03-16 23:24:23,42506,2016,5,NON TITO,,,JAWA TIMUR,0.625,YELLOW,25484633,AREA 3,JATIM,LAMONGAN,TUBAN BOJONEGORO,,,0,0,0,JAWA TIMUR,TUBAN,TUBAN,PERBON,TUBAN
408594119,,ODP-TNZ-FA/16,-6.8901,112.0308,,,2,6,0,0,8,REGIONAL 5,MADIUN,TUBAN,TNZ,,,2024-03-16 23:25:39,42506,2016,5,NON TITO,,,JAWA TIMUR,0.75,YELLOW,25485038,AREA 3,JATIM,LAMONGAN,TUBAN BOJONEGORO,,,0,0,0,JAWA TIMUR,TUBAN,TUBAN,PERBON,TUBAN
681868757,,ODP-MRR-FAC/04,-6.887127,112.009847,,,3,5,0,0,8,REGIONAL 5,MADIUN,TUBAN,MRR,,,2024-03-16 23:21:25,42535,2016,6,NON TITO,,,JAWA TIMUR,0.625,YELLOW,33435858,AREA 3,JATIM,LAMONGAN,TUBAN BOJONEGORO,,,0,0,0,JAWA TIMUR,TUBAN,TUBAN,SUMURGUNG,TUBAN
2201593873,,ODP-TNZ-FT/74,-6.893492,112.040051,,,2,6,0,0,8,REGIONAL 5,MADIUN,TUBAN,TNZ,,,2023-08-30 18:08:43,43132,2018,2,NON TITO,,,JAWA TIMUR,0.75,YELLOW,305198981,AREA 3,JATIM,LAMONGAN,TUBAN BOJONEGORO,,,0,0,0,JAWA TIMUR,TUBAN,TUBAN,LATSARI,TUBAN
682393568,,ODP-MRR-FAC/24,-6.879366,112.016462,,,4,4,0,0,8,REGIONAL 5,MADIUN,TUBAN,MRR,,,2024-03-16 23:22:41,42536,2016,6,NON TITO,,,JAWA TIMUR,0.5,YELLOW,33439211,AREA 3,JATIM,LAMONGAN,TUBAN BOJONEGORO,,,0,0,0,JAWA TIMUR,TUBAN,MERAKURAK,BOGOREJO,TUBAN
12337318852,,ODP-MRR-FAF/32,-6.801603,111.962695,,,2,6,0,0,8,REGIONAL 5,MADIUN,TUBAN,MRR,,,2025-09-02 17:51:42,45901,2025,9,NON TITO,,,JAWA TIMUR,0.75,YELLOW,1500729265,AREA 3,JATIM,LAMONGAN,TUBAN BOJONEGORO,,,0,0,0,JAWA TIMUR,TUBAN,JENU,SUMURGENENG,TUBAN
12335518697,,ODP-JTR-FF/92,-6.918503,111.684407,,,3,5,0,0,8,REGIONAL 5,MADIUN,TUBAN,JTR,,,2025-08-31 17:28:31,45899,2025,8,NON TITO,,,JAWA TIMUR,0.625,YELLOW,1500938665,AREA 3,JATIM,LAMONGAN,TUBAN BOJONEGORO,,,0,0,0,JAWA TIMUR,TUBAN,JATIROGO,JATIKLABANG,TUBAN
12335518692,,ODP-JTR-FF/93,-6.913877,111.682893,,,4,4,0,0,8,REGIONAL 5,MADIUN,TUBAN,JTR,,,2025-08-31 17:28:29,45899,2025,8,NON TITO,,,JAWA TIMUR,0.5,YELLOW,1500938660,AREA 3,JATIM,LAMONGAN,TUBAN BOJONEGORO,,,0,0,0,JAWA TIMUR,TUBAN,JATIROGO,JATIKLABANG,TUBAN
12335518687,,ODP-JTR-FF/91,-6.918244,111.690879,,,3,5,0,0,8,REGIONAL 5,MADIUN,TUBAN,JTR,,,2025-08-31 17:28:36,45899,2025,8,NON TITO,,,JAWA TIMUR,0.625,YELLOW,1500938655,AREA 3,JATIM,LAMONGAN,TUBAN BOJONEGORO,,,0,0,0,JAWA TIMUR,TUBAN,JATIROGO,JATIKLABANG,TUBAN
12335518677,,ODP-JTR-FF/89,-6.918737,111.694487,,,3,5,0,0,8,REGIONAL 5,MADIUN,TUBAN,JTR,,,2025-08-31 17:28:31,45899,2025,8,NON TITO,,,JAWA TIMUR,0.625,YELLOW,1500938649,AREA 3,JATIM,LAMONGAN,TUBAN BOJONEGORO,,,0,0,0,JAWA TIMUR,TUBAN,JATIROGO,JATIKLABANG,TUBAN
12335518672,,ODP-JTR-FF/90,-6.918365,111.692665,,,2,6,0,0,8,REGIONAL 5,MADIUN,TUBAN,JTR,,,2025-08-31 17:26:56,45899,2025,8,NON TITO,,,JAWA TIMUR,0.75,YELLOW,1500938646,AREA 3,JATIM,LAMONGAN,TUBAN BOJONEGORO,,,0,0,0,JAWA TIMUR,TUBAN,JATIROGO,JATIKLABANG,TUBAN
12335518667,,ODP-JTR-FF/95,-6.908492,111.681166,,,2,6,0,0,8,REGIONAL 5,MADIUN,TUBAN,JTR,,,2025-08-31 17:28:11,45899,2025,8,NON TITO,,,JAWA TIMUR,0.75,YELLOW,1500938643,AREA 3,JATIM,LAMONGAN,TUBAN BOJONEGORO,,,0,0,0,JAWA TIMUR,TUBAN,JATIROGO,SIDOMULYO,TUBAN
811918907,,ODP-TNZ-FC/32,-6.893019,112.041461,,,8,8,0,0,16,REGIONAL 5,MADIUN,TUBAN,TNZ,,,2024-03-16 23:22:58,42598,2016,8,NON TITO,,,JAWA TIMUR,0.5,YELLOW,34296584,AREA 3,JATIM,LAMONGAN,TUBAN BOJONEGORO,,,0,0,0,JAWA TIMUR,TUBAN,TUBAN,LATSARI,TUBAN
813344108,,ODP-TNZ-FC/35,-6.89592,112.043848,,,3,5,0,0,8,REGIONAL 5,MADIUN,TUBAN,TNZ,,,2024-03-16 23:26:43,42598,2016,8,NON TITO,,,JAWA TIMUR,0.625,YELLOW,34297617,AREA 3,JATIM,LAMONGAN,TUBAN BOJONEGORO,,,0,0,0,JAWA TIMUR,TUBAN,TUBAN,LATSARI,TUBAN
12322093885,,ODP-MRR-FAA/103,-6.905531,111.940353,,,4,4,0,0,8,REGIONAL 5,MADIUN,TUBAN,MRR,,,2025-08-28 17:49:42,45896,2025,8,NON TITO,,,JAWA TIMUR,0.5,YELLOW,1500629686,AREA 3,JATIM,LAMONGAN,TUBAN BOJONEGORO,,,0,0,0,JAWA TIMUR,TUBAN,MERAKURAK,PONGPONGAN,TUBAN
813793954,,ODP-JTR-FC/10,-6.968418,111.715051,,,2,6,0,0,8,REGIONAL 5,MADIUN,TUBAN,JTR,,,2024-03-16 23:25:09,42598,2016,8,NON TITO,,,JAWA TIMUR,0.75,YELLOW,34298342,AREA 3,JATIM,LAMONGAN,TUBAN BOJONEGORO,,,0,0,0,JAWA TIMUR,TUBAN,BANGILAN,BANGILAN,TUBAN
811693949,,ODP-TNZ-FC/36,-6.895664,112.04397,,,2,6,0,0,8,REGIONAL 5,MADIUN,TUBAN,TNZ,,,2024-03-16 23:21:09,42598,2016,8,NON TITO,,,JAWA TIMUR,0.75,YELLOW,34298461,AREA 3,JATIM,LAMONGAN,TUBAN BOJONEGORO,,,0,0,0,JAWA TIMUR,TUBAN,TUBAN,LATSARI,TUBAN
813793972,,ODP-JTR-FC/08,-6.96505,111.714965,,,2,6,0,0,8,REGIONAL 5,MADIUN,TUBAN,JTR,,,2024-03-16 23:25:03,42598,2016,8,NON TITO,,,JAWA TIMUR,0.75,YELLOW,34298734,AREA 3,JATIM,LAMONGAN,TUBAN BOJONEGORO,,,0,0,0,JAWA TIMUR,TUBAN,BANGILAN,BANGILAN,TUBAN
811693989,,ODP-TNZ-FC/39,-6.895693,112.045223,,,2,6,0,0,8,REGIONAL 5,MADIUN,TUBAN,TNZ,,,2024-03-16 23:24:15,42598,2016,8,NON TITO,,,JAWA TIMUR,0.75,YELLOW,34298825,AREA 3,JATIM,LAMONGAN,TUBAN BOJONEGORO,,,0,0,0,JAWA TIMUR,TUBAN,TUBAN,LATSARI,TUBAN
2252518734,,ODP-TNZ-FS/12,-6.89805,112.06549,,,6,10,0,0,16,REGIONAL 5,MADIUN,TUBAN,TNZ,,,2023-08-30 18:11:33,43151,2018,2,NON TITO,,,JAWA TIMUR,0.625,YELLOW,323893225,AREA 3,JATIM,LAMONGAN,TUBAN BOJONEGORO,,,0,0,0,JAWA TIMUR,TUBAN,TUBAN,SENDANGHARJO,TUBAN
12322093855,,ODP-MRR-FAA/102,-6.904979,111.939018,,,3,5,0,0,8,REGIONAL 5,MADIUN,TUBAN,MRR,,,2025-08-28 17:50:42,45896,2025,8,NON TITO,,,JAWA TIMUR,0.625,YELLOW,1500629664,AREA 3,JATIM,LAMONGAN,TUBAN BOJONEGORO,,,0,0,0,JAWA TIMUR,TUBAN,MERAKURAK,PONGPONGAN,TUBAN
2252518968,,ODP-TNZ-FP/12,-6.901513,112.066003,,,3,5,0,0,8,REGIONAL 5,MADIUN,TUBAN,TNZ,,,2023-08-30 17:59:09,43151,2018,2,NON TITO,,,JAWA TIMUR,0.625,YELLOW,323893371,AREA 3,JATIM,LAMONGAN,TUBAN BOJONEGORO,,,0,0,0,JAWA TIMUR,TUBAN,TUBAN,KEBONSARI,TUBAN
721544625,,ODP-TNZ-FG/11,-6.900902,112.039844,,,4,12,0,0,16,REGIONAL 5,MADIUN,TUBAN,TNZ,,,2024-03-16 23:25:46,42549,2016,6,NON TITO,,,JAWA TIMUR,0.75,YELLOW,33718100,AREA 3,JATIM,LAMONGAN,TUBAN BOJONEGORO,,,0,0,0,JAWA TIMUR,TUBAN,TUBAN,SIDOREJO,TUBAN
717418838,,ODP-TNZ-FG/19,-6.89694,112.039563,,,1,6,1,0,8,REGIONAL 5,MADIUN,TUBAN,TNZ,,,2024-03-16 23:26:18,42548,2016,6,NON TITO,,,JAWA TIMUR,0.75,YELLOW,33711953,AREA 3,JATIM,LAMONGAN,TUBAN BOJONEGORO,,,0,0,0,JAWA TIMUR,TUBAN,TUBAN,LATSARI,TUBAN
694543927,,ODP-TNZ-FA/77,0.0,0.0,,,6,10,0,0,16,REGIONAL 5,MADIUN,TUBAN,TNZ,,,2024-03-16 23:22:40,42538,2016,6,NON TITO,,,JAWA TIMUR,0.625,YELLOW,33678094,AREA 3,JATIM,LAMONGAN,TUBAN BOJONEGORO,,,0,0,0,JAWA TIMUR,TUBAN,TUBAN,SUMURGUNG,TUBAN
694543823,,ODP-TNZ-FA/72,-6.880109,0.0,,,9,7,0,0,16,REGIONAL 5,MADIUN,TUBAN,TNZ,,,2024-03-16 23:22:47,42538,2016,6,NON TITO,,,JAWA TIMUR,0.4375,YELLOW,33677514,AREA 3,JATIM,LAMONGAN,TUBAN BOJONEGORO,,,0,0,0,JAWA TIMUR,TUBAN,TUBAN,SUMURGUNG,TUBAN
682393607,,ODP-MRR-FAC/26,-6.88392,112.015531,,,9,7,0,0,16,REGIONAL 5,MADIUN,TUBAN,MRR,,,2024-03-16 23:22:37,42536,2016,6,NON TITO,,,JAWA TIMUR,0.4375,YELLOW,33439291,AREA 3,JATIM,LAMONGAN,TUBAN BOJONEGORO,,,0,0,0,JAWA TIMUR,TUBAN,MERAKURAK,BOGOREJO,TUBAN
682393641,,ODP-MRR-FAC/27,-6.883787,112.014509,,,8,8,0,0,16,REGIONAL 5,MADIUN,TUBAN,MRR,,,2024-03-16 23:22:35,42536,2016,6,NON TITO,,,JAWA TIMUR,0.5,YELLOW,33439390,AREA 3,JATIM,LAMONGAN,TUBAN BOJONEGORO,,,0,0,0,JAWA TIMUR,TUBAN,MERAKURAK,BOGOREJO,TUBAN
682393655,,ODP-MRR-FAC/28,-6.883615,112.013234,,,4,12,0,0,16,REGIONAL 5,MADIUN,TUBAN,MRR,,,2024-03-16 23:21:08,42536,2016,6,NON TITO,,,JAWA TIMUR,0.75,YELLOW,33439415,AREA 3,JATIM,LAMONGAN,TUBAN BOJONEGORO,,,0,0,0,JAWA TIMUR,TUBAN,MERAKURAK,BOGOREJO,TUBAN
644293902,,ODP-TNZ-FE/01,-6.899695,112.075371,,,2,6,0,0,8,REGIONAL 5,MADIUN,TUBAN,TNZ,,,2024-03-16 23:27:14,42522,2016,6,NON TITO,,,JAWA TIMUR,0.75,YELLOW,33540313,AREA 3,JATIM,LAMONGAN,TUBAN BOJONEGORO,,,0,0,0,JAWA TIMUR,TUBAN,SEMANDING,GEDONGOMBO,TUBAN
2201593878,,ODP-TNZ-FT/57,-6.893592,112.044313,,,4,4,0,0,8,REGIONAL 5,MADIUN,TUBAN,TNZ,,,2023-08-30 18:08:40,43132,2018,2,NON TITO,,,JAWA TIMUR,0.5,YELLOW,305414549,AREA 3,JATIM,LAMONGAN,TUBAN BOJONEGORO,,,0,0,0,JAWA TIMUR,TUBAN,TUBAN,LATSARI,TUBAN
676468595,,ODP-JTR-FA/01,-6.972044,111.785589,,,7,9,0,0,16,REGIONAL 5,MADIUN,TUBAN,JTR,,,2024-03-16 23:23:24,42534,2016,6,NON TITO,,,JAWA TIMUR,0.5625,YELLOW,33579715,AREA 3,JATIM,LAMONGAN,TUBAN BOJONEGORO,,,0,0,0,JAWA TIMUR,TUBAN,SINGGAHAN,MULYOAGUNG,TUBAN
12383668718,,ODP-RGL-FAB/65,-7.057768,112.012892,,,2,6,0,0,8,REGIONAL 5,MADIUN,TUBAN,RGL,,,2025-09-23 17:31:01,45919,2025,9,NON TITO,,,JAWA TIMUR,0.75,YELLOW,1501058768,AREA 3,JATIM,LAMONGAN,TUBAN BOJONEGORO,,,0,0,0,JAWA TIMUR,TUBAN,RENGEL,SUMBEREJO,TUBAN
12375196001,,ODP-TNZ-FJ/118,-6.9026,112.127935,,,2,6,0,0,8,REGIONAL 5,MADIUN,TUBAN,TNZ,,,2025-09-19 18:06:05,45918,2025,9,NON TITO,,,JAWA TIMUR,0.75,YELLOW,1501052575,AREA 3,JATIM,LAMONGAN,TUBAN BOJONEGORO,,,0,0,0,JAWA TIMUR,TUBAN,PALANG,PUCANGAN,TUBAN
12432118531,,ODP-TNZ-FV/76,-6.91517,112.056577,,,3,5,0,0,8,REGIONAL 5,MADIUN,TUBAN,TNZ,,,2025-10-09 17:34:35,45938,2025,10,NON TITO,,,JAWA TIMUR,0.625,YELLOW,1501921321,AREA 3,JATIM,LAMONGAN,TUBAN BOJONEGORO,,,0,0,0,JAWA TIMUR,TUBAN,SEMANDING,BEJAGUNG,TUBAN
681494784,,ODP-TNZ-FA/84,0.0,0.0,,,3,5,0,0,8,REGIONAL 5,MADIUN,TUBAN,TNZ,,,2024-03-16 23:26:51,42536,2016,6,NON TITO,,,JAWA TIMUR,0.625,YELLOW,33592254,AREA 3,JATIM,LAMONGAN,TUBAN BOJONEGORO,,,0,0,0,JAWA TIMUR,TUBAN,TUBAN,SUMURGUNG,TUBAN
694543738,,ODP-TNZ-FA/70,-6.881542,0.0,,,3,12,0,0,16,REGIONAL 5,MADIUN,TUBAN,TNZ,,,2024-03-16 23:22:43,42538,2016,6,NON TITO,,,JAWA TIMUR,0.75,YELLOW,33603262,AREA 3,JATIM,LAMONGAN,TUBAN BOJONEGORO,,,0,0,0,JAWA TIMUR,TUBAN,TUBAN,SUMURGUNG,TUBAN
12375568695,,ODP-KRK-FC/14,-6.906949,111.890789,,,4,4,0,0,8,REGIONAL 5,MADIUN,TUBAN,KRK,,,2025-09-16 17:33:49,45911,2025,9,NON TITO,,,JAWA TIMUR,0.5,YELLOW,1501089183,AREA 3,JATIM,LAMONGAN,TUBAN BOJONEGORO,,,0,0,0,JAWA TIMUR,TUBAN,KEREK,MARGOMULYO,TUBAN
12375568685,,ODP-KRK-FC/17,-6.905802,111.888414,,,4,4,0,0,8,REGIONAL 5,MADIUN,TUBAN,KRK,,,2025-09-16 17:34:18,45911,2025,9,NON TITO,,,JAWA TIMUR,0.5,YELLOW,1501089177,AREA 3,JATIM,LAMONGAN,TUBAN BOJONEGORO,,,0,0,0,JAWA TIMUR,TUBAN,KEREK,MARGOMULYO,TUBAN
694543910,,ODP-TNZ-FA/75,-6.879905,0.0,,,7,9,0,0,16,REGIONAL 5,MADIUN,TUBAN,TNZ,,,2024-03-16 23:22:47,42538,2016,6,NON TITO,,,JAWA TIMUR,0.5625,YELLOW,33603574,AREA 3,JATIM,LAMONGAN,TUBAN BOJONEGORO,,,0,0,0,JAWA TIMUR,TUBAN,TUBAN,SUMURGUNG,TUBAN
718770263,,ODP-TNZ-FG/04,-6.902872,112.038125,,,7,9,0,0,16,REGIONAL 5,MADIUN,TUBAN,TNZ,,,2024-03-16 23:28:51,42549,2016,6,NON TITO,,,JAWA TIMUR,0.5625,YELLOW,33647894,AREA 3,JATIM,LAMONGAN,TUBAN BOJONEGORO,,,0,0,0,JAWA TIMUR,TUBAN,SEMANDING,KARANG,TUBAN
682394241,,ODP-TNZ-FA/67,-6.876085,112.03571,,,5,11,0,0,16,REGIONAL 5,MADIUN,TUBAN,TNZ,,,2024-03-16 23:21:43,42536,2016,6,NON TITO,,,JAWA TIMUR,0.6875,YELLOW,33669050,AREA 3,JATIM,LAMONGAN,TUBAN BOJONEGORO,,,0,0,0,JAWA TIMUR,TUBAN,TUBAN,PERBON,TUBAN
12370168773,,ODP-KRK-FC/13,-6.894298,111.886473,,,4,4,0,0,8,REGIONAL 5,MADIUN,TUBAN,KRK,,,2025-09-09 17:27:36,45908,2025,9,NON TITO,,,JAWA TIMUR,0.5,YELLOW,1500959391,AREA 3,JATIM,LAMONGAN,TUBAN BOJONEGORO,,,0,0,0,JAWA TIMUR,TUBAN,KEREK,MARGOMULYO,TUBAN
12370168768,,ODP-KRK-FC/12,-6.896409,111.888583,,,2,6,0,0,8,REGIONAL 5,MADIUN,TUBAN,KRK,,,2025-09-09 17:28:04,45908,2025,9,NON TITO,,,JAWA TIMUR,0.75,YELLOW,1500959388,AREA 3,JATIM,LAMONGAN,TUBAN BOJONEGORO,,,0,0,0,JAWA TIMUR,TUBAN,KEREK,MARGOMULYO,TUBAN
681494803,,ODP-TNZ-FA/78,-6.878353,112.021317,,,7,9,0,0,16,REGIONAL 5,MADIUN,TUBAN,TNZ,,,2024-03-16 23:26:33,42536,2016,6,NON TITO,,,JAWA TIMUR,0.5625,YELLOW,33592290,AREA 3,JATIM,LAMONGAN,TUBAN BOJONEGORO,,,0,0,0,JAWA TIMUR,TUBAN,TUBAN,MONDOKAN,TUBAN
408592442,,ODP-TNZ-FY/02,-6.9031,112.0656,,,5,11,0,0,16,REGIONAL 5,MADIUN,TUBAN,TNZ,,,2024-03-16 23:25:18,42506,2016,5,NON TITO,,,JAWA TIMUR,0.6875,YELLOW,25483964,AREA 3,JATIM,LAMONGAN,TUBAN BOJONEGORO,,,0,0,0,JAWA TIMUR,TUBAN,TUBAN,KEBONSARI,TUBAN
1322080761,,ODP-BCR-FAB/19,-6.74003,111.67174,,,2,5,1,0,8,REGIONAL 5,MADIUN,TUBAN,BCR,,,2023-08-30 18:06:12,42809,2017,3,NON TITO,,,JAWA TIMUR,0.625,YELLOW,79500016,AREA 3,JATIM,LAMONGAN,TUBAN BOJONEGORO,,,0,0,0,JAWA TENGAH,REMBANG,SARANG,BAJINGJOWO,TUBAN
12432269091,,ODP-JTR-FE/29,-6.874426,111.638181,,,4,4,0,0,8,REGIONAL 5,MADIUN,TUBAN,JTR,,,2025-10-15 18:28:37,45944,2025,10,NON TITO,,,JAWA TIMUR,0.5,YELLOW,1501950949,AREA 3,JATIM,LAMONGAN,TUBAN BOJONEGORO,,,0,0,0,JAWA TIMUR,TUBAN,JATIROGO,PASEYAN,TUBAN
408519076,,ODP-TNZ-FY/08,-6.905399,112.080317,,,5,11,0,0,16,REGIONAL 5,MADIUN,TUBAN,TNZ,,,2024-03-16 23:23:38,42506,2016,5,NON TITO,,,JAWA TIMUR,0.6875,YELLOW,25409891,AREA 3,JATIM,LAMONGAN,TUBAN BOJONEGORO,,,0,0,0,JAWA TIMUR,TUBAN,SEMANDING,GEDONGOMBO,TUBAN
408519147,,ODP-TNZ-FD/24,-6.904,112.078,,,7,9,0,0,16,REGIONAL 5,MADIUN,TUBAN,TNZ,,,2024-03-16 23:23:59,42506,2016,5,NON TITO,,,JAWA TIMUR,0.5625,YELLOW,25409949,AREA 3,JATIM,LAMONGAN,TUBAN BOJONEGORO,,,0,0,0,JAWA TIMUR,TUBAN,SEMANDING,GEDONGOMBO,TUBAN
408519467,,ODP-TNZ-FD/28,-6.9027,112.0773,,,8,8,0,0,16,REGIONAL 5,MADIUN,TUBAN,TNZ,,,2024-03-16 23:23:56,42506,2016,5,NON TITO,,,JAWA TIMUR,0.5,YELLOW,25410205,AREA 3,JATIM,LAMONGAN,TUBAN BOJONEGORO,,,0,0,0,JAWA TIMUR,TUBAN,SEMANDING,GEDONGOMBO,TUBAN
12495868861,,ODP-JTR-FE/34,-6.862698,111.626125,,,2,6,0,0,8,REGIONAL 5,MADIUN,TUBAN,JTR,,,2025-11-28 17:41:30,45988,2025,11,NON TITO,,,JAWA TIMUR,0.75,YELLOW,1502979223,AREA 3,JATIM,LAMONGAN,TUBAN BOJONEGORO,,,0,0,0,JAWA TIMUR,TUBAN,JATIROGO,KEBONHARJO,TUBAN
408519482,,ODP-TNZ-FD/31,-6.9025,112.0766,,,5,11,0,0,16,REGIONAL 5,MADIUN,TUBAN,TNZ,,,2024-03-16 23:24:10,42506,2016,5,NON TITO,,,JAWA TIMUR,0.6875,YELLOW,25410217,AREA 3,JATIM,LAMONGAN,TUBAN BOJONEGORO,,,0,0,0,JAWA TIMUR,TUBAN,SEMANDING,GEDONGOMBO,TUBAN
12498718635,,ODP-JTR-FK/28,-6.935488,111.694282,,,4,4,0,0,8,REGIONAL 5,MADIUN,TUBAN,JTR,,,2025-11-28 17:42:07,45988,2025,11,NON TITO,,,JAWA TIMUR,0.5,YELLOW,1502978276,AREA 3,JATIM,LAMONGAN,TUBAN BOJONEGORO,,,0,0,0,JAWA TIMUR,TUBAN,BANGILAN,KEDUNGJAMBANGAN,TUBAN
408523859,,ODP-TNZ-FC/17,-6.9018,112.0541,,,2,6,0,0,8,REGIONAL 5,MADIUN,TUBAN,TNZ,,,2023-08-30 18:00:55,42506,2016,5,NON TITO,,,JAWA TIMUR,0.75,YELLOW,25413098,AREA 3,JATIM,LAMONGAN,TUBAN BOJONEGORO,,,0,0,0,JAWA TIMUR,TUBAN,TUBAN,SIDOREJO,TUBAN
408520140,,ODP-TNZ-FD/23,-6.9044,112.0783,,,5,10,0,0,16,REGIONAL 5,MADIUN,TUBAN,TNZ,,,2024-03-16 23:24:09,42506,2016,5,NON TITO,,,JAWA TIMUR,0.625,YELLOW,25410742,AREA 3,JATIM,LAMONGAN,TUBAN BOJONEGORO,,,0,0,0,JAWA TIMUR,TUBAN,SEMANDING,GEDONGOMBO,TUBAN
408520173,,ODP-TNZ-FD/52,-6.897,112.0694,,,7,8,0,0,16,REGIONAL 5,MADIUN,TUBAN,TNZ,,,2024-03-16 23:24:13,42506,2016,5,NON TITO,,,JAWA TIMUR,0.5,YELLOW,25410766,AREA 3,JATIM,LAMONGAN,TUBAN BOJONEGORO,,,0,0,0,JAWA TIMUR,TUBAN,TUBAN,SENDANGHARJO,TUBAN
408520402,,ODP-TNZ-FA/39,-6.8856,112.0368,,,2,6,0,0,8,REGIONAL 5,MADIUN,TUBAN,TNZ,,,2024-03-16 23:24:16,42506,2016,5,NON TITO,,,JAWA TIMUR,0.75,YELLOW,25410933,AREA 3,JATIM,LAMONGAN,TUBAN BOJONEGORO,,,0,0,0,JAWA TIMUR,TUBAN,TUBAN,PERBON,TUBAN
12493618559,,ODP-KRK-FC/26,-6.875027,111.86731,,,4,4,0,0,8,REGIONAL 5,MADIUN,TUBAN,KRK,,,2025-11-23 17:42:17,45983,2025,11,NON TITO,,,JAWA TIMUR,0.5,YELLOW,1502821085,AREA 3,JATIM,LAMONGAN,TUBAN BOJONEGORO,,,0,0,0,JAWA TIMUR,TUBAN,KEREK,KEDUNGREJO,TUBAN
408520566,,ODP-TNZ-FB/24,-6.9025,112.0411,,,5,10,0,0,16,REGIONAL 5,MADIUN,TUBAN,TNZ,,,2024-03-16 23:23:38,42506,2016,5,NON TITO,,,JAWA TIMUR,0.625,YELLOW,25411043,AREA 3,JATIM,LAMONGAN,TUBAN BOJONEGORO,,,0,0,0,JAWA TIMUR,TUBAN,SEMANDING,KARANG,TUBAN
408593476,,ODP-TNZ-FD/15,-6.8977,112.0639,,,3,11,0,0,16,REGIONAL 5,MADIUN,TUBAN,TNZ,,,2023-08-30 17:56:52,42506,2016,5,NON TITO,,,JAWA TIMUR,0.6875,YELLOW,25484632,AREA 3,JATIM,LAMONGAN,TUBAN BOJONEGORO,,,0,0,0,JAWA TIMUR,TUBAN,TUBAN,KUTOREJO,TUBAN
408520603,,ODP-TNZ-FA/41,-6.885,112.0382,,,3,4,0,0,8,REGIONAL 5,MADIUN,TUBAN,TNZ,,,2024-03-16 23:24:19,42506,2016,5,NON TITO,,,JAWA TIMUR,0.5,YELLOW,25411067,AREA 3,JATIM,LAMONGAN,TUBAN BOJONEGORO,,,0,0,0,JAWA TIMUR,TUBAN,TUBAN,PERBON,TUBAN
408520619,,ODP-TNZ-FD/49,-6.8961,112.0722,,,2,5,0,0,8,REGIONAL 5,MADIUN,TUBAN,TNZ,,,2024-03-16 23:24:09,42506,2016,5,NON TITO,,,JAWA TIMUR,0.625,YELLOW,25411078,AREA 3,JATIM,LAMONGAN,TUBAN BOJONEGORO,,,0,0,0,JAWA TIMUR,TUBAN,TUBAN,SUKOLILO,TUBAN
408520726,,ODP-TNZ-FA/47,-6.8862,112.0414,,,1,6,1,0,8,REGIONAL 5,MADIUN,TUBAN,TNZ,,,2024-03-16 23:24:12,42506,2016,5,NON TITO,,,JAWA TIMUR,0.75,YELLOW,25411146,AREA 3,JATIM,LAMONGAN,TUBAN BOJONEGORO,,,0,0,0,JAWA TIMUR,TUBAN,TUBAN,PERBON,TUBAN
681868766,,ODP-MRR-FAC/05,-6.886978,112.009019,,,2,6,0,0,8,REGIONAL 5,MADIUN,TUBAN,MRR,,,2023-08-30 18:06:57,42535,2016,6,NON TITO,,,JAWA TIMUR,0.75,YELLOW,33435896,AREA 3,JATIM,LAMONGAN,TUBAN BOJONEGORO,,,0,0,0,JAWA TIMUR,TUBAN,TUBAN,SUMURGUNG,TUBAN
408518596,,ODP-RGL-FAB/02,-7.0545,111.9943,,,9,7,0,0,16,REGIONAL 5,MADIUN,TUBAN,RGL,,,2024-03-16 23:23:33,42506,2016,5,NON TITO,,,JAWA TIMUR,0.4375,YELLOW,25409486,AREA 3,JATIM,LAMONGAN,TUBAN BOJONEGORO,,,0,0,0,JAWA TIMUR,TUBAN,RENGEL,SAWAHAN,TUBAN
408520211,,ODP-TNZ-FB/37,-6.9059,112.0451,,,2,6,0,0,8,REGIONAL 5,MADIUN,TUBAN,TNZ,,,2023-08-30 18:09:45,42506,2016,5,NON TITO,,,JAWA TIMUR,0.75,YELLOW,25410796,AREA 3,JATIM,LAMONGAN,TUBAN BOJONEGORO,,,0,0,0,JAWA TIMUR,TUBAN,SEMANDING,KARANG,TUBAN
408518179,,ODP-TNZ-FA/11,-6.887,112.0297,,,2,11,0,0,16,REGIONAL 5,MADIUN,TUBAN,TNZ,,,2024-03-16 23:23:45,42506,2016,5,NON TITO,,,JAWA TIMUR,0.6875,YELLOW,25409142,AREA 3,JATIM,LAMONGAN,TUBAN BOJONEGORO,,,0,0,0,JAWA TIMUR,TUBAN,TUBAN,PERBON,TUBAN
408517975,,ODP-TNZ-FA/10,-6.8847,112.0452,,,3,10,0,0,16,REGIONAL 5,MADIUN,TUBAN,TNZ,,,2024-03-16 23:23:48,42506,2016,5,NON TITO,,,JAWA TIMUR,0.625,YELLOW,25408973,AREA 3,JATIM,LAMONGAN,TUBAN BOJONEGORO,,,0,0,0,JAWA TIMUR,TUBAN,TUBAN,LATSARI,TUBAN
10798843528,,ODP-BCR-FAG/25,-6.790771,111.895412,,,6,10,0,0,16,REGIONAL 5,MADIUN,TUBAN,BCR,,,2023-10-21 18:19:04,45220,2023,10,NON TITO,,,JAWA TIMUR,0.625,YELLOW,1329671541,AREA 3,JATIM,LAMONGAN,TUBAN BOJONEGORO,,,0,0,0,JAWA TIMUR,TUBAN,TAMBAKBOYO,SOBONTORO,TUBAN
2521022913,,ODP-TNZ-FV/09,-6.922916,112.055798,,,1,6,0,0,8,REGIONAL 5,MADIUN,TUBAN,TNZ,,,2023-07-28 18:01:02,43238,2018,5,NON TITO,,,JAWA TIMUR,0.75,YELLOW,354262052,AREA 3,JATIM,LAMONGAN,TUBAN BOJONEGORO,,,0,0,0,JAWA TIMUR,TUBAN,SEMANDING,PRUNGGAHAN  WETAN,TUBAN
387843287,,GCL-BCR-F02/05,-6.788469,111.792953,,,3,5,0,0,8,REGIONAL 5,MADIUN,TUBAN,BCR,,,2024-03-16 23:27:42,42502,2016,5,NON TITO,,,JAWA TIMUR,0.625,YELLOW,23480587,AREA 3,JATIM,LAMONGAN,TUBAN BOJONEGORO,,,0,0,0,JAWA TIMUR,TUBAN,BANCAR,BANCAR,TUBAN
12719368910,,ODP-RGL-FAM/23,-7.024354,112.098213,,,4,4,0,0,8,REGIONAL 5,MADIUN,TUBAN,RGL,,,2026-05-01 17:39:24,46142,2026,4,NON TITO,,,JAWA TIMUR,0.5,YELLOW,1504866685,AREA 3,JATIM,LAMONGAN,TUBAN BOJONEGORO,,,0,0,0,JAWA TIMUR,TUBAN,PLUMPANG,NGRAYUNG,TUBAN
408430063,,ODP-TNZ-FA/03,-6.857,112.0248,,,7,9,0,0,16,REGIONAL 5,MADIUN,TUBAN,TNZ,,,2024-03-16 23:25:40,42506,2016,5,NON TITO,,,JAWA TIMUR,0.5625,YELLOW,25396361,AREA 3,JATIM,LAMONGAN,TUBAN BOJONEGORO,,,0,0,0,JAWA TIMUR,TUBAN,JENU,SUGIHWARAS,TUBAN
408432852,,ODP-TNZ-FB/13,-6.9049,112.0422,,,4,12,0,0,16,REGIONAL 5,MADIUN,TUBAN,TNZ,,,2024-03-16 23:21:07,42506,2016,5,NON TITO,,,JAWA TIMUR,0.75,YELLOW,25399119,AREA 3,JATIM,LAMONGAN,TUBAN BOJONEGORO,,,0,0,0,JAWA TIMUR,TUBAN,SEMANDING,KARANG,TUBAN
408433208,,ODP-TNZ-FA/02,-6.865844,112.031023,,,5,10,0,0,16,REGIONAL 5,MADIUN,TUBAN,TNZ,,,2024-03-16 23:26:11,42506,2016,5,NON TITO,,,JAWA TIMUR,0.625,YELLOW,25399471,AREA 3,JATIM,LAMONGAN,TUBAN BOJONEGORO,,,0,0,0,JAWA TIMUR,TUBAN,JENU,SUGIHWARAS,TUBAN
408433890,,ODP-TNZ-FB/19,-6.9056,112.0424,,,8,8,0,0,16,REGIONAL 5,MADIUN,TUBAN,TNZ,,,2024-03-16 23:26:53,42506,2016,5,NON TITO,,,JAWA TIMUR,0.5,YELLOW,25400150,AREA 3,JATIM,LAMONGAN,TUBAN BOJONEGORO,,,0,0,0,JAWA TIMUR,TUBAN,SEMANDING,KARANG,TUBAN
408520766,,ODP-TNZ-FA/30,-6.8895,112.036,,,3,4,0,0,8,REGIONAL 5,MADIUN,TUBAN,TNZ,,,2024-03-16 23:24:12,42506,2016,5,NON TITO,,,JAWA TIMUR,0.5,YELLOW,25411170,AREA 3,JATIM,LAMONGAN,TUBAN BOJONEGORO,,,0,0,0,JAWA TIMUR,TUBAN,TUBAN,PERBON,TUBAN
408509118,,ODP-TNZ-FB/10,-6.9058,112.0419,,,5,11,0,0,16,REGIONAL 5,MADIUN,TUBAN,TNZ,,,2024-03-16 23:29:09,42506,2016,5,NON TITO,,,JAWA TIMUR,0.6875,YELLOW,25400368,AREA 3,JATIM,LAMONGAN,TUBAN BOJONEGORO,,,0,0,0,JAWA TIMUR,TUBAN,SEMANDING,KARANG,TUBAN
408510109,,ODP-TNZ-FC/02,-6.899,112.0452,,,4,12,0,0,16,REGIONAL 5,MADIUN,TUBAN,TNZ,,,2024-03-16 23:29:08,42506,2016,5,NON TITO,,,JAWA TIMUR,0.75,YELLOW,25401346,AREA 3,JATIM,LAMONGAN,TUBAN BOJONEGORO,,,0,0,0,JAWA TIMUR,TUBAN,TUBAN,SIDOREJO,TUBAN
408510116,,ODP-TNZ-FB/11,-6.9055,112.042,,,4,11,0,0,16,REGIONAL 5,MADIUN,TUBAN,TNZ,,,2024-03-16 23:29:01,42506,2016,5,NON TITO,,,JAWA TIMUR,0.6875,YELLOW,25401353,AREA 3,JATIM,LAMONGAN,TUBAN BOJONEGORO,,,0,0,0,JAWA TIMUR,TUBAN,SEMANDING,KARANG,TUBAN
408510187,,ODP-TNZ-FC/04,-6.8934,112.0459,,,3,11,0,0,16,REGIONAL 5,MADIUN,TUBAN,TNZ,,,2024-03-16 23:28:54,42506,2016,5,NON TITO,,,JAWA TIMUR,0.6875,YELLOW,25401421,AREA 3,JATIM,LAMONGAN,TUBAN BOJONEGORO,,,0,0,0,JAWA TIMUR,TUBAN,TUBAN,LATSARI,TUBAN
12578819765,,ODP-KRK-FF/22,-6.876878,111.895257,,,2,5,1,0,8,REGIONAL 5,MADIUN,TUBAN,KRK,,,2026-01-30 17:35:51,46051,2026,1,NON TITO,,,JAWA TIMUR,0.625,YELLOW,1504104839,AREA 3,JATIM,LAMONGAN,TUBAN BOJONEGORO,,,0,0,0,JAWA TIMUR,TUBAN,KEREK,SUMBERARUM,TUBAN
12584743544,,ODP-RGL-FAE/66,-7.070713,111.968218,,,4,4,0,0,8,REGIONAL 5,MADIUN,TUBAN,RGL,,,2026-01-29 17:43:50,46050,2026,1,NON TITO,,,JAWA TIMUR,0.5,YELLOW,1504047164,AREA 3,JATIM,LAMONGAN,TUBAN BOJONEGORO,,,0,0,0,JAWA TIMUR,TUBAN,RENGEL,PEKUWON,TUBAN
408515101,,ODP-TNZ-FB/06,-6.9046,112.0433,,,6,10,0,0,16,REGIONAL 5,MADIUN,TUBAN,TNZ,,,2024-03-16 23:22:59,42506,2016,5,NON TITO,,,JAWA TIMUR,0.625,YELLOW,25406275,AREA 3,JATIM,LAMONGAN,TUBAN BOJONEGORO,,,0,0,0,JAWA TIMUR,TUBAN,SEMANDING,KARANG,TUBAN
12566818809,,ODP-MRR-FAB/110,-6.834286,112.001879,,,4,4,0,0,8,REGIONAL 5,MADIUN,TUBAN,MRR,,,2026-01-27 17:36:00,46048,2026,1,NON TITO,,,JAWA TIMUR,0.5,YELLOW,1504036379,AREA 3,JATIM,LAMONGAN,TUBAN BOJONEGORO,,,0,0,0,JAWA TIMUR,TUBAN,JENU,JENGGOLO,TUBAN
408516219,,ODP-TNZ-FY/09,-6.904908,112.080408,,,6,10,0,0,16,REGIONAL 5,MADIUN,TUBAN,TNZ,,,2024-03-16 23:23:10,42506,2016,5,NON TITO,,,JAWA TIMUR,0.625,YELLOW,25407381,AREA 3,JATIM,LAMONGAN,TUBAN BOJONEGORO,,,0,0,0,JAWA TIMUR,TUBAN,SEMANDING,GEDONGOMBO,TUBAN
12700168647,,ODP-TNZ-FG/97,-6.89356,112.038315,,,0,5,3,0,8,REGIONAL 5,MADIUN,TUBAN,TNZ,,,2026-04-08 18:08:03,46118,2026,4,NON TITO,,,JAWA TIMUR,0.625,YELLOW,1504666403,AREA 3,JATIM,LAMONGAN,TUBAN BOJONEGORO,,,0,0,0,JAWA TIMUR,TUBAN,TUBAN,PERBON,TUBAN
2252518974,,ODP-TNZ-FS/03,-6.899403,112.066852,,,2,6,0,0,8,REGIONAL 5,MADIUN,TUBAN,TNZ,,,2023-08-30 18:08:25,43151,2018,2,NON TITO,,,JAWA TIMUR,0.75,YELLOW,323893375,AREA 3,JATIM,LAMONGAN,TUBAN BOJONEGORO,,,0,0,0,JAWA TIMUR,TUBAN,TUBAN,SENDANGHARJO,TUBAN
12478393623,,ODP-TNZ-FZ/50,-6.855246,112.020306,,,4,4,0,0,8,REGIONAL 5,MADIUN,TUBAN,TNZ,,,2025-11-20 17:38:27,45980,2025,11,NON TITO,,,JAWA TIMUR,0.5,YELLOW,1502286114,AREA 3,JATIM,LAMONGAN,TUBAN BOJONEGORO,,,0,0,0,JAWA TIMUR,TUBAN,JENU,SUGIHWARAS,TUBAN
676468912,,ODP-JTR-FC/01,-6.97215,111.715278,,,7,9,0,0,16,REGIONAL 5,MADIUN,TUBAN,JTR,,,2023-08-30 17:57:07,42534,2016,6,NON TITO,,,JAWA TIMUR,0.5625,YELLOW,33580434,AREA 3,JATIM,LAMONGAN,TUBAN BOJONEGORO,,,0,0,0,JAWA TIMUR,TUBAN,BANGILAN,BANGILAN,TUBAN
408504334,,ODP-TNZ-FB/07,-6.9043,112.0434,,,3,12,0,0,16,REGIONAL 5,MADIUN,TUBAN,TNZ,,,2024-03-16 23:28:25,42506,2016,5,NON TITO,,,JAWA TIMUR,0.75,YELLOW,25471530,AREA 3,JATIM,LAMONGAN,TUBAN BOJONEGORO,,,0,0,0,JAWA TIMUR,TUBAN,SEMANDING,KARANG,TUBAN
408505368,,ODP-TNZ-FB/14,-6.9046,112.0424,,,4,12,0,0,16,REGIONAL 5,MADIUN,TUBAN,TNZ,,,2024-03-16 23:28:24,42506,2016,5,NON TITO,,,JAWA TIMUR,0.75,YELLOW,25472544,AREA 3,JATIM,LAMONGAN,TUBAN BOJONEGORO,,,0,0,0,JAWA TIMUR,TUBAN,SEMANDING,KARANG,TUBAN
408505925,,ODP-TNZ-FB/20,-6.9051,112.0426,,,7,9,0,0,16,REGIONAL 5,MADIUN,TUBAN,TNZ,,,2024-03-16 23:27:57,42506,2016,5,NON TITO,,,JAWA TIMUR,0.5625,YELLOW,25473095,AREA 3,JATIM,LAMONGAN,TUBAN BOJONEGORO,,,0,0,0,JAWA TIMUR,TUBAN,SEMANDING,KARANG,TUBAN
408506069,,ODP-TNZ-FB/22,-6.9039,112.0431,,,9,7,0,0,16,REGIONAL 5,MADIUN,TUBAN,TNZ,,,2024-03-16 23:21:05,42506,2016,5,NON TITO,,,JAWA TIMUR,0.4375,YELLOW,25473238,AREA 3,JATIM,LAMONGAN,TUBAN BOJONEGORO,,,0,0,0,JAWA TIMUR,TUBAN,SEMANDING,KARANG,TUBAN
408507240,,ODP-TNZ-FB/08,-6.904,112.0435,,,7,8,0,0,16,REGIONAL 5,MADIUN,TUBAN,TNZ,,,2024-03-16 23:28:49,42506,2016,5,NON TITO,,,JAWA TIMUR,0.5,YELLOW,25474387,AREA 3,JATIM,LAMONGAN,TUBAN BOJONEGORO,,,0,0,0,JAWA TIMUR,TUBAN,SEMANDING,KARANG,TUBAN
12442394425,,ODP-TNZ-FW/95,-6.938726,112.033785,,,4,4,0,0,8,REGIONAL 5,MADIUN,TUBAN,TNZ,,,2025-10-28 18:00:46,45957,2025,10,NON TITO,,,JAWA TIMUR,0.5,YELLOW,1502092398,AREA 3,JATIM,LAMONGAN,TUBAN BOJONEGORO,,,0,0,0,JAWA TIMUR,TUBAN,SEMANDING,PRUNGGAHAN KULON,TUBAN
408507266,,ODP-TNZ-FA/01,-6.866403,112.030975,,,9,7,0,0,16,REGIONAL 5,MADIUN,TUBAN,TNZ,,,2024-03-16 23:28:05,42506,2016,5,NON TITO,,,JAWA TIMUR,0.4375,YELLOW,25474411,AREA 3,JATIM,LAMONGAN,TUBAN BOJONEGORO,,,0,0,0,JAWA TIMUR,TUBAN,JENU,SUGIHWARAS,TUBAN
408508030,,ODP-TNZ-FC/03,-6.8977,112.0461,,,6,9,0,0,16,REGIONAL 5,MADIUN,TUBAN,TNZ,,,2024-03-16 23:28:35,42506,2016,5,NON TITO,,,JAWA TIMUR,0.5625,YELLOW,25475162,AREA 3,JATIM,LAMONGAN,TUBAN BOJONEGORO,,,0,0,0,JAWA TIMUR,TUBAN,TUBAN,SIDOREJO,TUBAN
408584731,,ODP-TNZ-FC/05,-6.8945,112.0478,,,7,8,0,0,16,REGIONAL 5,MADIUN,TUBAN,TNZ,,,2024-03-16 23:24:09,42506,2016,5,NON TITO,,,JAWA TIMUR,0.5,YELLOW,25476841,AREA 3,JATIM,LAMONGAN,TUBAN BOJONEGORO,,,0,0,0,JAWA TIMUR,TUBAN,TUBAN,RONGGOMULYO,TUBAN
408585918,,ODP-TNZ-FD/06,-6.898463,112.065314,,,6,7,0,0,16,REGIONAL 5,MADIUN,TUBAN,TNZ,,,2024-03-16 23:24:12,42506,2016,5,NON TITO,,,JAWA TIMUR,0.4375,YELLOW,25478014,AREA 3,JATIM,LAMONGAN,TUBAN BOJONEGORO,,,0,0,0,JAWA TIMUR,TUBAN,TUBAN,SENDANGHARJO,TUBAN
408590126,,ODP-TNZ-FC/06,-6.9001,112.0471,,,3,10,0,0,16,REGIONAL 5,MADIUN,TUBAN,TNZ,,,2024-03-16 23:24:52,42506,2016,5,NON TITO,,,JAWA TIMUR,0.625,YELLOW,25482074,AREA 3,JATIM,LAMONGAN,TUBAN BOJONEGORO,,,0,0,0,JAWA TIMUR,TUBAN,TUBAN,SIDOREJO,TUBAN
408591271,,ODP-TNZ-FD/11,-6.905,112.0711,,,4,11,0,0,16,REGIONAL 5,MADIUN,TUBAN,TNZ,,,2024-03-16 23:21:04,42506,2016,5,NON TITO,,,JAWA TIMUR,0.6875,YELLOW,25483025,AREA 3,JATIM,LAMONGAN,TUBAN BOJONEGORO,,,0,0,0,JAWA TIMUR,TUBAN,SEMANDING,GEDONGOMBO,TUBAN
1322079967,,ODP-BCR-FAB/24,-6.736627,111.668613,,,3,5,0,0,8,REGIONAL 5,MADIUN,TUBAN,BCR,,,2023-08-30 18:08:39,42809,2017,3,NON TITO,,,JAWA TIMUR,0.625,YELLOW,79431509,AREA 3,JATIM,LAMONGAN,TUBAN BOJONEGORO,,,0,0,0,JAWA TENGAH,REMBANG,SARANG,TEMPERAK,TUBAN
1325761924,,ODP-BCR-FAD/24,-6.801998,111.855525,,,2,6,0,0,8,REGIONAL 5,MADIUN,TUBAN,BCR,,,2023-08-30 17:57:57,42815,2017,3,NON TITO,,,JAWA TIMUR,0.75,YELLOW,79450000,AREA 3,JATIM,LAMONGAN,TUBAN BOJONEGORO,,,0,0,0,JAWA TIMUR,TUBAN,TAMBAKBOYO,SOBONTORO,TUBAN
408592175,,ODP-TNZ-FB/32,-6.9019,112.0423,,,5,9,0,0,16,REGIONAL 5,MADIUN,TUBAN,TNZ,,,2024-03-16 23:25:31,42506,2016,5,NON TITO,,,JAWA TIMUR,0.5625,YELLOW,25483757,AREA 3,JATIM,LAMONGAN,TUBAN BOJONEGORO,,,0,0,0,JAWA TIMUR,TUBAN,TUBAN,SIDOREJO,TUBAN
12432269101,,ODP-JTR-FE/28,-6.873537,111.636069,,,2,6,0,0,8,REGIONAL 5,MADIUN,TUBAN,JTR,,,2025-10-15 18:27:54,45944,2025,10,NON TITO,,,JAWA TIMUR,0.75,YELLOW,1501950955,AREA 3,JATIM,LAMONGAN,TUBAN BOJONEGORO,,,0,0,0,JAWA TIMUR,TUBAN,JATIROGO,PASEYAN,TUBAN
12432269096,,ODP-JTR-FE/26,-6.880319,111.630598,,,4,4,0,0,8,REGIONAL 5,MADIUN,TUBAN,JTR,,,2025-10-15 18:28:55,45944,2025,10,NON TITO,,,JAWA TIMUR,0.5,YELLOW,1501950952,AREA 3,JATIM,LAMONGAN,TUBAN BOJONEGORO,,,0,0,0,JAWA TIMUR,TUBAN,JATIROGO,KARANGTENGAH,TUBAN
408523800,,ODP-MRR-FAA/08,-6.875883,111.985733,,,5,11,0,0,16,REGIONAL 5,MADIUN,TUBAN,MRR,,,2024-03-16 23:24:04,42506,2016,5,NON TITO,,,JAWA TIMUR,0.6875,YELLOW,25413054,AREA 3,JATIM,LAMONGAN,TUBAN BOJONEGORO,,,0,0,0,JAWA TIMUR,TUBAN,MERAKURAK,SAMBONGGEDE,TUBAN
408523660,,ODP-TNZ-FC/26,-6.895,112.049,,,7,9,0,0,16,REGIONAL 5,MADIUN,TUBAN,TNZ,,,2024-03-16 23:24:45,42506,2016,5,NON TITO,,,JAWA TIMUR,0.5625,YELLOW,25412951,AREA 3,JATIM,LAMONGAN,TUBAN BOJONEGORO,,,0,0,0,JAWA TIMUR,TUBAN,TUBAN,RONGGOMULYO,TUBAN
819868763,,ODP-TNZ-FF/04,-6.895157,112.06135,,,4,4,0,0,8,REGIONAL 5,MADIUN,TUBAN,TNZ,,,2023-08-30 18:06:11,42600,2016,8,NON TITO,,,JAWA TIMUR,0.5,YELLOW,34302526,AREA 3,JATIM,LAMONGAN,TUBAN BOJONEGORO,,,0,0,0,JAWA TIMUR,TUBAN,TUBAN,SIDOMULYO,TUBAN
12440672281,,ODP-TNZ-FW/104,-6.939431,112.052066,,,3,5,0,0,8,REGIONAL 5,MADIUN,TUBAN,TNZ,,,2025-11-01 17:37:46,45961,2025,10,NON TITO,,,JAWA TIMUR,0.625,YELLOW,1502117925,AREA 3,JATIM,LAMONGAN,TUBAN BOJONEGORO,,,0,0,0,JAWA TIMUR,TUBAN,SEMANDING,BEKTIHARJO,TUBAN
12469168755,,ODP-MRR-FAH/28,-6.837709,112.007987,,,4,4,0,0,8,REGIONAL 5,MADIUN,TUBAN,MRR,,,2025-11-16 17:30:53,45976,2025,11,NON TITO,,,JAWA TIMUR,0.5,YELLOW,1502271352,AREA 3,JATIM,LAMONGAN,TUBAN BOJONEGORO,,,0,0,0,JAWA TIMUR,TUBAN,JENU,JENU,TUBAN
408521663,,ODP-TNZ-FD/55,-6.9008,112.0682,,,6,10,0,0,16,REGIONAL 5,MADIUN,TUBAN,TNZ,,,2024-03-16 23:24:22,42506,2016,5,NON TITO,,,JAWA TIMUR,0.625,YELLOW,25411719,AREA 3,JATIM,LAMONGAN,TUBAN BOJONEGORO,,,0,0,0,JAWA TIMUR,TUBAN,TUBAN,SENDANGHARJO,TUBAN
408521898,,ODP-TNZ-FA/44,-6.8839,112.0379,,,3,5,0,0,8,REGIONAL 5,MADIUN,TUBAN,TNZ,,,2024-03-16 23:24:36,42506,2016,5,NON TITO,,,JAWA TIMUR,0.625,YELLOW,25411857,AREA 3,JATIM,LAMONGAN,TUBAN BOJONEGORO,,,0,0,0,JAWA TIMUR,TUBAN,TUBAN,PERBON,TUBAN
408521939,,ODP-TNZ-FA/14,-6.8895,112.0291,,,2,6,0,0,8,REGIONAL 5,MADIUN,TUBAN,TNZ,,,2024-03-16 23:24:23,42506,2016,5,NON TITO,,,JAWA TIMUR,0.75,YELLOW,25411879,AREA 3,JATIM,LAMONGAN,TUBAN BOJONEGORO,,,0,0,0,JAWA TIMUR,TUBAN,TUBAN,PERBON,TUBAN
408522081,,ODP-TNZ-FA/19,-6.8891,112.0297,,,8,8,0,0,16,REGIONAL 5,MADIUN,TUBAN,TNZ,,,2024-03-16 23:24:29,42506,2016,5,NON TITO,,,JAWA TIMUR,0.5,YELLOW,25411963,AREA 3,JATIM,LAMONGAN,TUBAN BOJONEGORO,,,0,0,0,JAWA TIMUR,TUBAN,TUBAN,PERBON,TUBAN
12464893816,,ODP-TNZ-FAF/19,-6.931258,112.078031,,,4,4,0,0,8,REGIONAL 5,MADIUN,TUBAN,TNZ,,,2025-11-14 17:37:54,45975,2025,11,NON TITO,,,JAWA TIMUR,0.5,YELLOW,1502511375,AREA 3,JATIM,LAMONGAN,TUBAN BOJONEGORO,,,0,0,0,JAWA TIMUR,TUBAN,SEMANDING,GEDONGOMBO,TUBAN
408522511,,ODP-TNZ-FC/14,-6.9046,112.0537,,,2,6,0,0,8,REGIONAL 5,MADIUN,TUBAN,TNZ,,,2024-03-16 23:24:43,42506,2016,5,NON TITO,,,JAWA TIMUR,0.75,YELLOW,25412233,AREA 3,JATIM,LAMONGAN,TUBAN BOJONEGORO,,,0,0,0,JAWA TIMUR,TUBAN,TUBAN,SIDOREJO,TUBAN
408522701,,ODP-TNZ-FC/31,-6.898,112.0535,,,7,9,0,0,16,REGIONAL 5,MADIUN,TUBAN,TNZ,,,2024-03-16 23:23:45,42506,2016,5,NON TITO,,,JAWA TIMUR,0.5625,YELLOW,25412350,AREA 3,JATIM,LAMONGAN,TUBAN BOJONEGORO,,,0,0,0,JAWA TIMUR,TUBAN,TUBAN,SIDOREJO,TUBAN
408521457,,ODP-TNZ-FA/27,-6.8906,112.0377,,,1,6,0,0,8,REGIONAL 5,MADIUN,TUBAN,TNZ,,,2024-03-16 23:24:19,42506,2016,5,NON TITO,,,JAWA TIMUR,0.75,YELLOW,25411593,AREA 3,JATIM,LAMONGAN,TUBAN BOJONEGORO,,,0,0,0,JAWA TIMUR,TUBAN,TUBAN,PERBON,TUBAN
694543917,,ODP-TNZ-FA/76,-6.878775,0.0,,,8,8,0,0,16,REGIONAL 5,MADIUN,TUBAN,TNZ,,,2023-08-30 17:59:34,42538,2016,6,NON TITO,,,JAWA TIMUR,0.5,YELLOW,33603600,AREA 3,JATIM,LAMONGAN,TUBAN BOJONEGORO,,,0,0,0,JAWA TIMUR,TUBAN,TUBAN,SUMURGUNG,TUBAN
408522794,,ODP-TNZ-FA/13,-6.8897,112.0289,,,8,8,0,0,16,REGIONAL 5,MADIUN,TUBAN,TNZ,,,2024-03-16 23:24:38,42506,2016,5,NON TITO,,,JAWA TIMUR,0.5,YELLOW,25412408,AREA 3,JATIM,LAMONGAN,TUBAN BOJONEGORO,,,0,0,0,JAWA TIMUR,TUBAN,TUBAN,PERBON,TUBAN
408523322,,ODP-TNZ-FA/62,-6.8887,112.0489,,,7,9,0,0,16,REGIONAL 5,MADIUN,TUBAN,TNZ,,,2024-03-16 23:24:45,42506,2016,5,NON TITO,,,JAWA TIMUR,0.5625,YELLOW,25412732,AREA 3,JATIM,LAMONGAN,TUBAN BOJONEGORO,,,0,0,0,JAWA TIMUR,TUBAN,TUBAN,LATSARI,TUBAN
408523441,,ODP-MRR-FAA/04,-6.880074,111.992539,,,4,12,0,0,16,REGIONAL 5,MADIUN,TUBAN,MRR,,,2024-03-16 23:24:23,42506,2016,5,NON TITO,,,JAWA TIMUR,0.75,YELLOW,25412804,AREA 3,JATIM,LAMONGAN,TUBAN BOJONEGORO,,,0,0,0,JAWA TIMUR,TUBAN,MERAKURAK,MANDIREJO,TUBAN
408523531,,ODP-TNZ-FC/22,-6.8976,112.0546,,,7,9,0,0,16,REGIONAL 5,MADIUN,TUBAN,TNZ,,,2024-03-16 23:24:49,42506,2016,5,NON TITO,,,JAWA TIMUR,0.5625,YELLOW,25412863,AREA 3,JATIM,LAMONGAN,TUBAN BOJONEGORO,,,0,0,0,JAWA TIMUR,TUBAN,TUBAN,SIDOREJO,TUBAN
12443969232,,ODP-RGL-FAG/40,-6.991953,112.126067,,,3,5,0,0,8,REGIONAL 5,MADIUN,TUBAN,RGL,,,2025-11-01 17:39:15,45961,2025,10,NON TITO,,,JAWA TIMUR,0.625,YELLOW,1502140227,AREA 3,JATIM,LAMONGAN,TUBAN BOJONEGORO,,,0,0,0,JAWA TIMUR,TUBAN,WIDANG,MINOHOREJO,TUBAN
408523635,,ODP-TNZ-FA/57,-6.8786,112.0374,,,3,5,0,0,8,REGIONAL 5,MADIUN,TUBAN,TNZ,,,2024-03-16 23:24:48,42506,2016,5,NON TITO,,,JAWA TIMUR,0.625,YELLOW,25412933,AREA 3,JATIM,LAMONGAN,TUBAN BOJONEGORO,,,0,0,0,JAWA TIMUR,TUBAN,TUBAN,PERBON,TUBAN
721544062,,ODP-TNZ-FG/15,-6.900033,112.04179,,,3,5,0,0,8,REGIONAL 5,MADIUN,TUBAN,TNZ,,,2023-08-30 18:01:04,42549,2016,6,NON TITO,,,JAWA TIMUR,0.625,YELLOW,33715675,AREA 3,JATIM,LAMONGAN,TUBAN BOJONEGORO,,,0,0,0,JAWA TIMUR,TUBAN,TUBAN,SIDOREJO,TUBAN
408523637,,ODP-TNZ-FA/59,-6.8852,112.0505,,,8,8,0,0,16,REGIONAL 5,MADIUN,TUBAN,TNZ,,,2024-03-16 23:24:28,42506,2016,5,NON TITO,,,JAWA TIMUR,0.5,YELLOW,25412935,AREA 3,JATIM,LAMONGAN,TUBAN BOJONEGORO,,,0,0,0,JAWA TIMUR,TUBAN,JENU,SUGIHWARAS,TUBAN
408522782,,ODP-TNZ-FC/20,-6.8999,112.0543,,,5,11,0,0,16,REGIONAL 5,MADIUN,TUBAN,TNZ,,,2024-03-16 23:24:29,42506,2016,5,NON TITO,,,JAWA TIMUR,0.6875,YELLOW,25412399,AREA 3,JATIM,LAMONGAN,TUBAN BOJONEGORO,,,0,0,0,JAWA TIMUR,TUBAN,TUBAN,SIDOREJO,TUBAN
1325761535,,ODP-BCR-FAD/05,-6.802614,111.838463,,,9,7,0,0,16,REGIONAL 5,MADIUN,TUBAN,BCR,,,2024-03-16 23:25:54,42815,2017,3,NON TITO,,,JAWA TIMUR,0.4375,YELLOW,79524369,AREA 3,JATIM,LAMONGAN,TUBAN BOJONEGORO,,,0,0,0,JAWA TIMUR,TUBAN,TAMBAKBOYO,PABEYAN,TUBAN
811694024,,ODP-TNZ-FC/41,-6.89578,112.04562,,,2,6,0,0,8,REGIONAL 5,MADIUN,TUBAN,TNZ,,,2024-03-16 23:24:01,42598,2016,8,NON TITO,,,JAWA TIMUR,0.75,YELLOW,34298960,AREA 3,JATIM,LAMONGAN,TUBAN BOJONEGORO,,,0,0,0,JAWA TIMUR,TUBAN,TUBAN,LATSARI,TUBAN
819718561,,ODP-JTR-FC/04,-6.958228,111.714739,,,9,7,0,0,16,REGIONAL 5,MADIUN,TUBAN,JTR,,,2024-03-16 23:24:35,42599,2016,8,NON TITO,,,JAWA TIMUR,0.4375,YELLOW,34301243,AREA 3,JATIM,LAMONGAN,TUBAN BOJONEGORO,,,0,0,0,JAWA TIMUR,TUBAN,BANGILAN,BANJARWORO,TUBAN
1221120099,,ODP-TNZ-FD/78,-6.898732,112.066061,,,4,12,0,0,16,REGIONAL 5,MADIUN,TUBAN,TNZ,,,2024-03-16 23:23:49,42774,2017,2,NON TITO,,,JAWA TIMUR,0.75,YELLOW,62591352,AREA 3,JATIM,LAMONGAN,TUBAN BOJONEGORO,,,0,0,0,JAWA TIMUR,TUBAN,TUBAN,SENDANGHARJO,TUBAN
12073919102,,ODP-JTR-FK/21,-6.965746,111.711878,,,4,4,0,0,8,REGIONAL 5,MADIUN,TUBAN,JTR,,,2025-03-18 17:40:03,45733,2025,3,NON TITO,,,JAWA TIMUR,0.5,YELLOW,1496335084,AREA 3,JATIM,LAMONGAN,TUBAN BOJONEGORO,,,0,0,0,JAWA TIMUR,TUBAN,BANGILAN,BANGILAN,TUBAN
1291770516,,ODP-JTR-FC/17,-6.94728,111.718267,,,4,12,0,0,16,REGIONAL 5,MADIUN,TUBAN,JTR,,,2024-03-16 23:26:28,42793,2017,2,NON TITO,,,JAWA TIMUR,0.75,YELLOW,70156450,AREA 3,JATIM,LAMONGAN,TUBAN BOJONEGORO,,,0,0,0,JAWA TIMUR,TUBAN,BANGILAN,BANJARWORO,TUBAN
12074894467,,ODP-RGL-FAK/27,-7.036471,112.090657,,,3,5,0,0,8,REGIONAL 5,MADIUN,TUBAN,RGL,,,2025-03-13 17:07:27,45728,2025,3,NON TITO,,,JAWA TIMUR,0.625,YELLOW,1496311878,AREA 3,JATIM,LAMONGAN,TUBAN BOJONEGORO,,,0,0,0,JAWA TIMUR,TUBAN,PLUMPANG,SUMURJALAK,TUBAN
1293569589,,ODP-MRR-FAC/46,-6.883434,112.022447,,,8,8,0,0,16,REGIONAL 5,MADIUN,TUBAN,MRR,,,2024-03-16 23:26:01,42793,2017,2,NON TITO,,,JAWA TIMUR,0.5,YELLOW,79275364,AREA 3,JATIM,LAMONGAN,TUBAN BOJONEGORO,,,0,0,0,JAWA TIMUR,TUBAN,TUBAN,MONDOKAN,TUBAN
1293569797,,ODP-MRR-FAC/49,-6.88437,112.017628,,,2,6,0,0,8,REGIONAL 5,MADIUN,TUBAN,MRR,,,2024-03-16 23:25:03,42793,2017,2,NON TITO,,,JAWA TIMUR,0.75,YELLOW,79275554,AREA 3,JATIM,LAMONGAN,TUBAN BOJONEGORO,,,0,0,0,JAWA TIMUR,TUBAN,MERAKURAK,BOGOREJO,TUBAN
1293570078,,ODP-MRR-FAC/47,-6.883097,112.021115,,,4,12,0,0,16,REGIONAL 5,MADIUN,TUBAN,MRR,,,2024-03-16 23:25:53,42793,2017,2,NON TITO,,,JAWA TIMUR,0.75,YELLOW,79275839,AREA 3,JATIM,LAMONGAN,TUBAN BOJONEGORO,,,0,0,0,JAWA TIMUR,TUBAN,TUBAN,MONDOKAN,TUBAN
12074894452,,ODP-RGL-FAK/28,-7.036059,112.089247,,,9,7,0,0,16,REGIONAL 5,MADIUN,TUBAN,RGL,,,2025-03-13 17:06:55,45728,2025,3,NON TITO,,,JAWA TIMUR,0.4375,YELLOW,1496311868,AREA 3,JATIM,LAMONGAN,TUBAN BOJONEGORO,,,0,0,0,JAWA TIMUR,TUBAN,PLUMPANG,SUMURJALAK,TUBAN
12074894449,,ODP-RGL-FAK/30,-7.034836,112.088754,,,4,4,0,0,8,REGIONAL 5,MADIUN,TUBAN,RGL,,,2025-03-13 17:07:30,45728,2025,3,NON TITO,,,JAWA TIMUR,0.5,YELLOW,1496311866,AREA 3,JATIM,LAMONGAN,TUBAN BOJONEGORO,,,0,0,0,JAWA TIMUR,TUBAN,PLUMPANG,SUMURJALAK,TUBAN
1291770701,,ODP-JTR-FC/18,-6.951789,111.716567,,,5,11,0,0,16,REGIONAL 5,MADIUN,TUBAN,JTR,,,2024-03-16 23:25:53,42793,2017,2,NON TITO,,,JAWA TIMUR,0.6875,YELLOW,79278241,AREA 3,JATIM,LAMONGAN,TUBAN BOJONEGORO,,,0,0,0,JAWA TIMUR,TUBAN,BANGILAN,BANJARWORO,TUBAN
1322068733,,ODP-BCR-FAC/02,-6.77235,111.736634,,,2,6,0,0,8,REGIONAL 5,MADIUN,TUBAN,BCR,,,2024-03-16 23:27:17,42808,2017,3,NON TITO,,,JAWA TIMUR,0.75,YELLOW,79338931,AREA 3,JATIM,LAMONGAN,TUBAN BOJONEGORO,,,0,0,0,JAWA TIMUR,TUBAN,BANCAR,BONCONG,TUBAN
1322068753,,ODP-BCR-FAC/23,-6.768332,111.714677,,,3,5,0,0,8,REGIONAL 5,MADIUN,TUBAN,BCR,,,2024-03-16 23:27:41,42808,2017,3,NON TITO,,,JAWA TIMUR,0.625,YELLOW,79338941,AREA 3,JATIM,LAMONGAN,TUBAN BOJONEGORO,,,0,0,0,JAWA TIMUR,TUBAN,BANCAR,SUKOLILO,TUBAN
12071294004,,ODP-TNZ-FV/70,-6.922394,112.060569,,,4,4,0,0,8,REGIONAL 5,MADIUN,TUBAN,TNZ,,,2025-03-11 17:37:42,45726,2025,3,NON TITO,,,JAWA TIMUR,0.5,YELLOW,1496197463,AREA 3,JATIM,LAMONGAN,TUBAN BOJONEGORO,,,0,0,0,JAWA TIMUR,TUBAN,SEMANDING,PRUNGGAHAN  WETAN,TUBAN
1322068986,,ODP-BCR-FAC/08,-6.771815,111.728821,,,3,5,0,0,8,REGIONAL 5,MADIUN,TUBAN,BCR,,,2024-03-16 23:27:22,42808,2017,3,NON TITO,,,JAWA TIMUR,0.625,YELLOW,79339064,AREA 3,JATIM,LAMONGAN,TUBAN BOJONEGORO,,,0,0,0,JAWA TIMUR,TUBAN,BANCAR,BANJAREJO,TUBAN
1322069837,,ODP-BCR-FAC/18,-6.76632,111.709972,,,3,5,0,0,8,REGIONAL 5,MADIUN,TUBAN,BCR,,,2024-03-16 23:28:26,42808,2017,3,NON TITO,,,JAWA TIMUR,0.625,YELLOW,79339495,AREA 3,JATIM,LAMONGAN,TUBAN BOJONEGORO,,,0,0,0,JAWA TIMUR,TUBAN,BANCAR,SUKOLILO,TUBAN
1322069847,,ODP-BCR-FAC/26,-6.769365,111.717011,,,3,5,0,0,8,REGIONAL 5,MADIUN,TUBAN,BCR,,,2024-03-16 23:27:16,42808,2017,3,NON TITO,,,JAWA TIMUR,0.625,YELLOW,79339501,AREA 3,JATIM,LAMONGAN,TUBAN BOJONEGORO,,,0,0,0,JAWA TIMUR,TUBAN,BANCAR,BULUJOWO,TUBAN
12063344236,,ODP-JTR-FK/07,-6.955821,111.709015,,,2,6,0,0,8,REGIONAL 5,MADIUN,TUBAN,JTR,,,2025-03-06 23:45:55,45722,2025,3,NON TITO,,,JAWA TIMUR,0.75,YELLOW,1496191381,AREA 3,JATIM,LAMONGAN,TUBAN BOJONEGORO,,,0,0,0,JAWA TIMUR,TUBAN,BANGILAN,SIDODADI,TUBAN
12073919117,,ODP-JTR-FK/20,-6.965394,111.712234,,,3,5,0,0,8,REGIONAL 5,MADIUN,TUBAN,JTR,,,2025-03-18 17:40:11,45733,2025,3,NON TITO,,,JAWA TIMUR,0.625,YELLOW,1496335093,AREA 3,JATIM,LAMONGAN,TUBAN BOJONEGORO,,,0,0,0,JAWA TIMUR,TUBAN,BANGILAN,BANGILAN,TUBAN
1322070049,,ODP-BCR-FAC/06,-6.771925,111.732076,,,6,10,0,0,16,REGIONAL 5,MADIUN,TUBAN,BCR,,,2024-03-16 23:28:12,42808,2017,3,NON TITO,,,JAWA TIMUR,0.625,YELLOW,79339623,AREA 3,JATIM,LAMONGAN,TUBAN BOJONEGORO,,,0,0,0,JAWA TIMUR,TUBAN,BANCAR,BANJARJO,TUBAN
12079168735,,ODP-BCR-FAE/15,-6.777767,111.761003,,,8,8,0,0,16,REGIONAL 5,MADIUN,TUBAN,BCR,,,2025-03-18 17:39:48,45733,2025,3,NON TITO,,,JAWA TIMUR,0.5,YELLOW,1496337437,AREA 3,JATIM,LAMONGAN,TUBAN BOJONEGORO,,,0,0,0,JAWA TIMUR,TUBAN,BANCAR,SEMBUNGIN,TUBAN
12073396470,,ODP-BCR-FAE/14,-6.778753,111.759511,,,3,5,0,0,8,REGIONAL 5,MADIUN,TUBAN,BCR,,,2025-03-18 17:41:02,45733,2025,3,NON TITO,,,JAWA TIMUR,0.625,YELLOW,1496338625,AREA 3,JATIM,LAMONGAN,TUBAN BOJONEGORO,,,0,0,0,JAWA TIMUR,TUBAN,BANCAR,SEMBUNGIN,TUBAN
3152970771,,ODP-JTR-FF/51,-6.893147,111.668566,,,5,11,0,0,16,REGIONAL 5,MADIUN,TUBAN,JTR,,,2023-08-30 18:10:38,43438,2018,12,NON TITO,,,JAWA TIMUR,0.6875,YELLOW,406842378,AREA 3,JATIM,LAMONGAN,TUBAN BOJONEGORO,,,0,0,0,JAWA TIMUR,TUBAN,JATIROGO,SUGIHAN,TUBAN
1123645024,,ODP-RGL-FAD/03,-7.108789,111.951528,,,4,12,0,0,16,REGIONAL 5,MADIUN,TUBAN,RGL,,,2024-03-16 23:28:15,42745,2017,1,NON TITO,,,JAWA TIMUR,0.75,YELLOW,39381908,AREA 3,JATIM,LAMONGAN,TUBAN BOJONEGORO,,,0,0,0,JAWA TIMUR,TUBAN,SOKO,SOKOSARI,TUBAN
12088243954,,ODP-RGL-FAL/09,-7.063805,112.05087,,,2,6,0,0,8,REGIONAL 5,MADIUN,TUBAN,RGL,,,2025-03-26 17:38:35,45741,2025,3,NON TITO,,,JAWA TIMUR,0.75,YELLOW,1496389869,AREA 3,JATIM,LAMONGAN,TUBAN BOJONEGORO,,,0,0,0,JAWA TIMUR,TUBAN,RENGEL,BANJARARUM,TUBAN
1221120382,,ODP-TNZ-FD/73,-6.902112,112.068382,,,8,8,0,0,16,REGIONAL 5,MADIUN,TUBAN,TNZ,,,2024-03-16 23:24:00,42774,2017,2,NON TITO,,,JAWA TIMUR,0.5,YELLOW,62454486,AREA 3,JATIM,LAMONGAN,TUBAN BOJONEGORO,,,0,0,0,JAWA TIMUR,TUBAN,TUBAN,KEBONSARI,TUBAN
1221120394,,ODP-TNZ-FD/79,-6.89894,112.064997,,,5,11,0,0,16,REGIONAL 5,MADIUN,TUBAN,TNZ,,,2024-03-16 23:23:52,42774,2017,2,NON TITO,,,JAWA TIMUR,0.6875,YELLOW,62454494,AREA 3,JATIM,LAMONGAN,TUBAN BOJONEGORO,,,0,0,0,JAWA TIMUR,TUBAN,TUBAN,KUTOREJO,TUBAN
1221120675,,ODP-TNZ-FD/77,-6.899073,112.06705,,,4,12,0,0,16,REGIONAL 5,MADIUN,TUBAN,TNZ,,,2024-03-16 23:23:56,42774,2017,2,NON TITO,,,JAWA TIMUR,0.75,YELLOW,62454582,AREA 3,JATIM,LAMONGAN,TUBAN BOJONEGORO,,,0,0,0,JAWA TIMUR,TUBAN,TUBAN,SENDANGHARJO,TUBAN
1221120681,,ODP-TNZ-FD/75,-6.900953,112.066502,,,7,9,0,0,16,REGIONAL 5,MADIUN,TUBAN,TNZ,,,2024-03-16 23:24:03,42774,2017,2,NON TITO,,,JAWA TIMUR,0.5625,YELLOW,62454586,AREA 3,JATIM,LAMONGAN,TUBAN BOJONEGORO,,,0,0,0,JAWA TIMUR,TUBAN,TUBAN,KEBONSARI,TUBAN
1237320037,,ODP-TNZ-FD/82,-6.907269,112.0702,,,4,12,0,0,16,REGIONAL 5,MADIUN,TUBAN,TNZ,,,2024-03-16 23:29:00,42776,2017,2,NON TITO,,,JAWA TIMUR,0.75,YELLOW,62468129,AREA 3,JATIM,LAMONGAN,TUBAN BOJONEGORO,,,0,0,0,JAWA TIMUR,TUBAN,SEMANDING,GEDONGOMBO,TUBAN
1237320042,,ODP-TNZ-FD/87,-6.906935,112.069072,,,4,12,0,0,16,REGIONAL 5,MADIUN,TUBAN,TNZ,,,2024-03-16 23:28:58,42776,2017,2,NON TITO,,,JAWA TIMUR,0.75,YELLOW,62468135,AREA 3,JATIM,LAMONGAN,TUBAN BOJONEGORO,,,0,0,0,JAWA TIMUR,TUBAN,SEMANDING,GEDONGOMBO,TUBAN
1258694683,,ODP-RGL-FAG/01,-6.987538,112.113105,,,7,9,0,0,16,REGIONAL 5,MADIUN,TUBAN,RGL,,,2024-03-16 23:26:33,42782,2017,2,NON TITO,,,JAWA TIMUR,0.5625,YELLOW,62489022,AREA 3,JATIM,LAMONGAN,TUBAN BOJONEGORO,,,0,0,0,JAWA TIMUR,TUBAN,PLUMPANG,SUMBERAGUNG,TUBAN
3262243945,,ODP-MRR-FAA/63,-6.86591,111.939657,,,2,6,0,0,8,REGIONAL 5,MADIUN,TUBAN,MRR,,,2023-08-30 18:08:05,43481,2019,1,NON TITO,,,JAWA TIMUR,0.75,YELLOW,451744915,AREA 3,JATIM,LAMONGAN,TUBAN BOJONEGORO,,,0,0,0,JAWA TIMUR,TUBAN,MERAKURAK,SEMBUNGREJO,TUBAN
1258694930,,ODP-RGL-FAG/02,-6.98205,112.114027,,,2,6,0,0,8,REGIONAL 5,MADIUN,TUBAN,RGL,,,2024-03-16 23:25:47,42782,2017,2,NON TITO,,,JAWA TIMUR,0.75,YELLOW,62489221,AREA 3,JATIM,LAMONGAN,TUBAN BOJONEGORO,,,0,0,0,JAWA TIMUR,TUBAN,SEMANDING,GESING,TUBAN
12086218692,,ODP-BCR-FAD/96,-6.803462,111.846059,,,3,5,0,0,8,REGIONAL 5,MADIUN,TUBAN,BCR,,,2025-03-19 06:02:24,45734,2025,3,NON TITO,,,JAWA TIMUR,0.625,YELLOW,1496342450,AREA 3,JATIM,LAMONGAN,TUBAN BOJONEGORO,,,0,0,0,JAWA TIMUR,TUBAN,TAMBAKBOYO,TAMBAKBOYO,TUBAN
1219848439,,ODP-TNZ-FD/86,-6.903472,112.058424,,,7,9,0,0,16,REGIONAL 5,MADIUN,TUBAN,TNZ,,,2024-03-16 23:25:13,42773,2017,2,NON TITO,,,JAWA TIMUR,0.5625,YELLOW,62521298,AREA 3,JATIM,LAMONGAN,TUBAN BOJONEGORO,,,0,0,0,JAWA TIMUR,TUBAN,TUBAN,SIDOREJO,TUBAN
12086218608,,ODP-TNZ-FU/53,-6.850716,112.011995,,,9,7,0,0,16,REGIONAL 5,MADIUN,TUBAN,TNZ,,,2025-03-19 06:02:21,45734,2025,3,NON TITO,,,JAWA TIMUR,0.4375,YELLOW,1496341903,AREA 3,JATIM,LAMONGAN,TUBAN BOJONEGORO,,,0,0,0,JAWA TIMUR,TUBAN,JENU,SUGIHWARAS,TUBAN
12086218605,,ODP-TNZ-FU/54,-6.850672,112.012822,,,5,11,0,0,16,REGIONAL 5,MADIUN,TUBAN,TNZ,,,2025-03-19 06:02:34,45734,2025,3,NON TITO,,,JAWA TIMUR,0.6875,YELLOW,1496341901,AREA 3,JATIM,LAMONGAN,TUBAN BOJONEGORO,,,0,0,0,JAWA TIMUR,TUBAN,JENU,SUGIHWARAS,TUBAN
12086218599,,ODP-TNZ-FU/56,-6.852985,112.015021,,,4,12,0,0,16,REGIONAL 5,MADIUN,TUBAN,TNZ,,,2025-03-19 06:02:26,45734,2025,3,NON TITO,,,JAWA TIMUR,0.75,YELLOW,1496341896,AREA 3,JATIM,LAMONGAN,TUBAN BOJONEGORO,,,0,0,0,JAWA TIMUR,TUBAN,JENU,SUGIHWARAS,TUBAN
12073919288,,ODP-TNZ-FV/72,-6.923103,112.049761,,,8,8,0,0,16,REGIONAL 5,MADIUN,TUBAN,TNZ,,,2025-03-18 17:40:20,45733,2025,3,NON TITO,,,JAWA TIMUR,0.5,YELLOW,1496338526,AREA 3,JATIM,LAMONGAN,TUBAN BOJONEGORO,,,0,0,0,JAWA TIMUR,TUBAN,SEMANDING,PRUNGGAHAN KULON,TUBAN
1322070064,,ODP-BCR-FAC/13,-6.77123,111.724104,,,3,5,0,0,8,REGIONAL 5,MADIUN,TUBAN,BCR,,,2024-03-16 23:28:14,42808,2017,3,NON TITO,,,JAWA TIMUR,0.625,YELLOW,79339634,AREA 3,JATIM,LAMONGAN,TUBAN BOJONEGORO,,,0,0,0,JAWA TIMUR,TUBAN,BANCAR,BANJARJO,TUBAN
1322070084,,ODP-BCR-FAC/27,-6.769634,111.717694,,,4,4,0,0,8,REGIONAL 5,MADIUN,TUBAN,BCR,,,2024-03-16 23:28:15,42808,2017,3,NON TITO,,,JAWA TIMUR,0.5,YELLOW,79339651,AREA 3,JATIM,LAMONGAN,TUBAN BOJONEGORO,,,0,0,0,JAWA TIMUR,TUBAN,BANCAR,BULUJOWO,TUBAN
1322068979,,ODP-BCR-FAC/25,-6.769246,111.7167,,,2,6,0,0,8,REGIONAL 5,MADIUN,TUBAN,BCR,,,2024-03-16 23:27:40,42808,2017,3,NON TITO,,,JAWA TIMUR,0.75,YELLOW,79424325,AREA 3,JATIM,LAMONGAN,TUBAN BOJONEGORO,,,0,0,0,JAWA TIMUR,TUBAN,BANCAR,BULUJOWO,TUBAN
1322080963,,ODP-BCR-FAB/23,-6.736998,111.668883,,,3,5,0,0,8,REGIONAL 5,MADIUN,TUBAN,BCR,,,2024-03-16 23:22:59,42809,2017,3,NON TITO,,,JAWA TIMUR,0.625,YELLOW,79500193,AREA 3,JATIM,LAMONGAN,TUBAN BOJONEGORO,,,0,0,0,JAWA TENGAH,REMBANG,SARANG,TEMPERAK,TUBAN
12062293931,,ODP-MRR-FAH/22,-6.830508,111.992061,,,4,4,0,0,8,REGIONAL 5,MADIUN,TUBAN,MRR,,,2025-02-21 17:54:40,45708,2025,2,NON TITO,,,JAWA TIMUR,0.5,YELLOW,1496145390,AREA 3,JATIM,LAMONGAN,TUBAN BOJONEGORO,,,0,0,0,JAWA TIMUR,TUBAN,JENU,BEJI,TUBAN
1322081137,,ODP-BCR-FAB/08,-6.728888,111.660314,,,3,5,0,0,8,REGIONAL 5,MADIUN,TUBAN,BCR,,,2024-03-16 23:22:49,42809,2017,3,NON TITO,,,JAWA TIMUR,0.625,YELLOW,79500352,AREA 3,JATIM,LAMONGAN,TUBAN BOJONEGORO,,,0,0,0,JAWA TENGAH,REMBANG,SARANG,KALIPANG,TUBAN
1322081588,,ODP-BCR-FAB/09,-6.730843,111.662206,,,4,4,0,0,8,REGIONAL 5,MADIUN,TUBAN,BCR,,,2024-03-16 23:23:03,42809,2017,3,NON TITO,,,JAWA TIMUR,0.5,YELLOW,79500704,AREA 3,JATIM,LAMONGAN,TUBAN BOJONEGORO,,,0,0,0,JAWA TENGAH,REMBANG,SARANG,SENDANGMULYO,TUBAN
12062293906,,ODP-MRR-FAH/15,-6.83053,112.008193,,,4,12,0,0,16,REGIONAL 5,MADIUN,TUBAN,MRR,,,2025-02-21 17:54:49,45708,2025,2,NON TITO,,,JAWA TIMUR,0.75,YELLOW,1496145373,AREA 3,JATIM,LAMONGAN,TUBAN BOJONEGORO,,,0,0,0,JAWA TIMUR,TUBAN,JENU,BEJI,TUBAN
1322081608,,ODP-BCR-FAB/26,-6.735286,111.66734,,,3,5,0,0,8,REGIONAL 5,MADIUN,TUBAN,BCR,,,2024-03-16 23:22:45,42809,2017,3,NON TITO,,,JAWA TIMUR,0.625,YELLOW,79500720,AREA 3,JATIM,LAMONGAN,TUBAN BOJONEGORO,,,0,0,0,JAWA TENGAH,REMBANG,SARANG,TEMPERAK,TUBAN
1325758970,,ODP-BCR-FAD/17,-6.800843,111.863713,,,3,5,0,0,8,REGIONAL 5,MADIUN,TUBAN,BCR,,,2024-03-16 23:25:09,42815,2017,3,NON TITO,,,JAWA TIMUR,0.625,YELLOW,79522657,AREA 3,JATIM,LAMONGAN,TUBAN BOJONEGORO,,,0,0,0,JAWA TIMUR,TUBAN,TAMBAKBOYO,SOBONTORO,TUBAN
12062293891,,ODP-MRR-FAH/01,-6.821943,111.97048,,,2,6,0,0,8,REGIONAL 5,MADIUN,TUBAN,MRR,,,2025-02-21 17:54:36,45708,2025,2,NON TITO,,,JAWA TIMUR,0.75,YELLOW,1496145360,AREA 3,JATIM,LAMONGAN,TUBAN BOJONEGORO,,,0,0,0,JAWA TIMUR,TUBAN,JENU,BEJI,TUBAN
12062293886,,ODP-MRR-FAH/08,-6.816818,111.98416,,,8,8,0,0,16,REGIONAL 5,MADIUN,TUBAN,MRR,,,2025-02-21 17:54:52,45708,2025,2,NON TITO,,,JAWA TIMUR,0.5,YELLOW,1496145357,AREA 3,JATIM,LAMONGAN,TUBAN BOJONEGORO,,,0,0,0,JAWA TIMUR,TUBAN,JENU,KALIUNTU,TUBAN
12062293881,,ODP-MRR-FAH/11,-6.816071,111.986403,,,2,6,0,0,8,REGIONAL 5,MADIUN,TUBAN,MRR,,,2025-02-21 17:54:52,45708,2025,2,NON TITO,,,JAWA TIMUR,0.75,YELLOW,1496145354,AREA 3,JATIM,LAMONGAN,TUBAN BOJONEGORO,,,0,0,0,JAWA TIMUR,TUBAN,JENU,KALIUNTU,TUBAN
12062293871,,ODP-MRR-FAH/16,-6.829998,112.006781,,,6,8,2,0,16,REGIONAL 5,MADIUN,TUBAN,MRR,,,2025-02-21 17:54:40,45708,2025,2,NON TITO,,,JAWA TIMUR,0.5,YELLOW,1496145347,AREA 3,JATIM,LAMONGAN,TUBAN BOJONEGORO,,,0,0,0,JAWA TIMUR,TUBAN,JENU,BEJI,TUBAN
12062293866,,ODP-MRR-FAH/05,-6.825714,111.977829,,,2,6,0,0,8,REGIONAL 5,MADIUN,TUBAN,MRR,,,2025-02-21 17:53:21,45708,2025,2,NON TITO,,,JAWA TIMUR,0.75,YELLOW,1496145344,AREA 3,JATIM,LAMONGAN,TUBAN BOJONEGORO,,,0,0,0,JAWA TIMUR,TUBAN,JENU,BEJI,TUBAN
12062293856,,ODP-MRR-FAH/18,-6.831744,112.003591,,,8,8,0,0,16,REGIONAL 5,MADIUN,TUBAN,MRR,,,2025-02-21 17:53:10,45708,2025,2,NON TITO,,,JAWA TIMUR,0.5,YELLOW,1496145338,AREA 3,JATIM,LAMONGAN,TUBAN BOJONEGORO,,,0,0,0,JAWA TIMUR,TUBAN,JENU,BEJI,TUBAN
12062293836,,ODP-MRR-FAH/14,-6.823728,111.99449,,,3,5,0,0,8,REGIONAL 5,MADIUN,TUBAN,MRR,,,2025-02-21 17:53:31,45708,2025,2,NON TITO,,,JAWA TIMUR,0.625,YELLOW,1496145325,AREA 3,JATIM,LAMONGAN,TUBAN BOJONEGORO,,,0,0,0,JAWA TIMUR,TUBAN,JENU,KALIUNTU,TUBAN
1325760653,,ODP-BCR-FAD/23,-6.801864,111.856436,,,4,4,0,0,8,REGIONAL 5,MADIUN,TUBAN,BCR,,,2024-03-16 23:25:31,42815,2017,3,NON TITO,,,JAWA TIMUR,0.5,YELLOW,79523764,AREA 3,JATIM,LAMONGAN,TUBAN BOJONEGORO,,,0,0,0,JAWA TIMUR,TUBAN,TAMBAKBOYO,SOBONTORO,TUBAN
1325761099,,ODP-BCR-FAD/15,-6.800517,111.865892,,,2,6,0,0,8,REGIONAL 5,MADIUN,TUBAN,BCR,,,2024-03-16 23:25:22,42815,2017,3,NON TITO,,,JAWA TIMUR,0.75,YELLOW,79524089,AREA 3,JATIM,LAMONGAN,TUBAN BOJONEGORO,,,0,0,0,JAWA TIMUR,TUBAN,TAMBAKBOYO,SOBONTORO,TUBAN
1325761109,,ODP-BCR-FAD/11,-6.803169,111.847836,,,4,12,0,0,16,REGIONAL 5,MADIUN,TUBAN,BCR,,,2024-03-16 23:25:23,42815,2017,3,NON TITO,,,JAWA TIMUR,0.75,YELLOW,79524096,AREA 3,JATIM,LAMONGAN,TUBAN BOJONEGORO,,,0,0,0,JAWA TIMUR,TUBAN,TAMBAKBOYO,KENANTI,TUBAN
12062293941,,ODP-MRR-FAH/13,-6.825016,111.993407,,,8,8,0,0,16,REGIONAL 5,MADIUN,TUBAN,MRR,,,2025-02-21 17:53:07,45708,2025,2,NON TITO,,,JAWA TIMUR,0.5,YELLOW,1496145398,AREA 3,JATIM,LAMONGAN,TUBAN BOJONEGORO,,,0,0,0,JAWA TIMUR,TUBAN,JENU,KALIUNTU,TUBAN
1322080938,,ODP-BCR-FAB/27,-6.734903,111.666889,,,4,4,0,0,8,REGIONAL 5,MADIUN,TUBAN,BCR,,,2024-03-16 23:21:08,42809,2017,3,NON TITO,,,JAWA TIMUR,0.5,YELLOW,79500170,AREA 3,JATIM,LAMONGAN,TUBAN BOJONEGORO,,,0,0,0,JAWA TENGAH,REMBANG,SARANG,TEMPERAK,TUBAN
1322080771,,ODP-BCR-FAB/01,-6.717596,111.645732,,,4,4,0,0,8,REGIONAL 5,MADIUN,TUBAN,BCR,,,2024-03-16 23:22:44,42809,2017,3,NON TITO,,,JAWA TIMUR,0.5,YELLOW,79500024,AREA 3,JATIM,LAMONGAN,TUBAN BOJONEGORO,,,0,0,0,JAWA TENGAH,REMBANG,SARANG,KALIPANG,TUBAN
1322080766,,ODP-BCR-FAB/07,-6.727182,111.658523,,,3,5,0,0,8,REGIONAL 5,MADIUN,TUBAN,BCR,,,2024-03-16 23:22:44,42809,2017,3,NON TITO,,,JAWA TIMUR,0.625,YELLOW,79500021,AREA 3,JATIM,LAMONGAN,TUBAN BOJONEGORO,,,0,0,0,JAWA TENGAH,REMBANG,SARANG,KALIPANG,TUBAN
12063344211,,ODP-JTR-FK/15,-6.967719,111.715049,,,2,6,0,0,8,REGIONAL 5,MADIUN,TUBAN,JTR,,,2025-03-06 23:46:00,45722,2025,3,NON TITO,,,JAWA TIMUR,0.75,YELLOW,1496191362,AREA 3,JATIM,LAMONGAN,TUBAN BOJONEGORO,,,0,0,0,JAWA TIMUR,TUBAN,BANGILAN,BANGILAN,TUBAN
1322069182,,ODP-BCR-FAC/17,-6.770333,111.719585,,,2,6,0,0,8,REGIONAL 5,MADIUN,TUBAN,BCR,,,2024-03-16 23:26:54,42808,2017,3,NON TITO,,,JAWA TIMUR,0.75,YELLOW,79424419,AREA 3,JATIM,LAMONGAN,TUBAN BOJONEGORO,,,0,0,0,JAWA TIMUR,TUBAN,BANCAR,BULUJOWO,TUBAN
12063344201,,ODP-JTR-FK/14,-6.969635,111.715101,,,4,4,0,0,8,REGIONAL 5,MADIUN,TUBAN,JTR,,,2025-03-06 23:46:02,45722,2025,3,NON TITO,,,JAWA TIMUR,0.5,YELLOW,1496191354,AREA 3,JATIM,LAMONGAN,TUBAN BOJONEGORO,,,0,0,0,JAWA TIMUR,TUBAN,BANGILAN,BANGILAN,TUBAN
12063344196,,ODP-JTR-FK/10,-6.948548,111.717725,,,3,5,0,0,8,REGIONAL 5,MADIUN,TUBAN,JTR,,,2025-03-06 23:45:49,45722,2025,3,NON TITO,,,JAWA TIMUR,0.625,YELLOW,1496191351,AREA 3,JATIM,LAMONGAN,TUBAN BOJONEGORO,,,0,0,0,JAWA TIMUR,TUBAN,BANGILAN,BANJARWORO,TUBAN
1322069602,,ODP-BCR-FAC/16,-6.770654,111.720635,,,2,6,0,0,8,REGIONAL 5,MADIUN,TUBAN,BCR,,,2024-03-16 23:27:58,42808,2017,3,NON TITO,,,JAWA TIMUR,0.75,YELLOW,79424619,AREA 3,JATIM,LAMONGAN,TUBAN BOJONEGORO,,,0,0,0,JAWA TIMUR,TUBAN,BANCAR,BULUJOWO,TUBAN
1322069616,,ODP-BCR-FAC/10,-6.771577,111.726324,,,3,5,0,0,8,REGIONAL 5,MADIUN,TUBAN,BCR,,,2024-03-16 23:28:11,42808,2017,3,NON TITO,,,JAWA TIMUR,0.625,YELLOW,79424627,AREA 3,JATIM,LAMONGAN,TUBAN BOJONEGORO,,,0,0,0,JAWA TIMUR,TUBAN,BANCAR,BANJAREJO,TUBAN
1322069855,,ODP-BCR-FAC/07,-6.77187,111.730129,,,2,6,0,0,8,REGIONAL 5,MADIUN,TUBAN,BCR,,,2024-03-16 23:28:08,42808,2017,3,NON TITO,,,JAWA TIMUR,0.75,YELLOW,79424732,AREA 3,JATIM,LAMONGAN,TUBAN BOJONEGORO,,,0,0,0,JAWA TIMUR,TUBAN,BANCAR,BANJAREJO,TUBAN
1322079972,,ODP-BCR-FAB/11,-6.73274,111.664014,,,2,6,0,0,8,REGIONAL 5,MADIUN,TUBAN,BCR,,,2024-03-16 23:22:41,42809,2017,3,NON TITO,,,JAWA TIMUR,0.75,YELLOW,79431516,AREA 3,JATIM,LAMONGAN,TUBAN BOJONEGORO,,,0,0,0,JAWA TENGAH,REMBANG,SARANG,SENDANGMULYO,TUBAN
1123640175,,ODP-RGL-FAD/04,-7.11022,111.950301,,,2,6,0,0,8,REGIONAL 5,MADIUN,TUBAN,RGL,,,2024-03-16 23:26:30,42744,2017,1,NON TITO,,,JAWA TIMUR,0.75,YELLOW,39234415,AREA 3,JATIM,LAMONGAN,TUBAN BOJONEGORO,,,0,0,0,JAWA TIMUR,TUBAN,SOKO,SOKOSARI,TUBAN
3835319135,,ODP-RGL-FAD/40,-7.105033,111.96763,,,3,10,3,0,16,REGIONAL 5,MADIUN,TUBAN,RGL,,,2023-08-30 17:58:50,43719,2019,9,NON TITO,,,JAWA TIMUR,0.625,YELLOW,646968212,AREA 3,JATIM,LAMONGAN,TUBAN BOJONEGORO,,,0,0,0,JAWA TIMUR,TUBAN,SOKO,SOKOSARI,TUBAN
12061696267,,ODP-RGL-FAK/24,-7.027509,112.058679,,,2,6,0,0,8,REGIONAL 5,MADIUN,TUBAN,RGL,,,2025-02-26 23:43:16,45713,2025,2,NON TITO,,,JAWA TIMUR,0.75,YELLOW,1496225323,AREA 3,JATIM,LAMONGAN,TUBAN BOJONEGORO,,,0,0,0,JAWA TIMUR,TUBAN,GRABAGAN,PAKIS,TUBAN
1325760315,,ODP-BCR-FAD/01,-6.801818,111.831734,,,2,6,0,0,8,REGIONAL 5,MADIUN,TUBAN,BCR,,,2024-03-16 23:25:23,42815,2017,3,NON TITO,,,JAWA TIMUR,0.75,YELLOW,79449152,AREA 3,JATIM,LAMONGAN,TUBAN BOJONEGORO,,,0,0,0,JAWA TIMUR,TUBAN,TAMBAKBOYO,GADON,TUBAN
12061696257,,ODP-RGL-FAK/25,-7.02727,112.060527,,,3,5,0,0,8,REGIONAL 5,MADIUN,TUBAN,RGL,,,2025-02-26 23:44:12,45713,2025,2,NON TITO,,,JAWA TIMUR,0.625,YELLOW,1496225312,AREA 3,JATIM,LAMONGAN,TUBAN BOJONEGORO,,,0,0,0,JAWA TIMUR,TUBAN,GRABAGAN,PAKIS,TUBAN
12060645893,,ODP-RGL-FAD/114,-7.131731,111.948505,,,4,4,0,0,8,REGIONAL 5,MADIUN,TUBAN,RGL,,,2025-02-25 17:58:13,45712,2025,2,NON TITO,,,JAWA TIMUR,0.5,YELLOW,1496157510,AREA 3,JATIM,LAMONGAN,TUBAN BOJONEGORO,,,0,0,0,JAWA TIMUR,TUBAN,SOKO,MOJOAGUNG,TUBAN
1325761520,,ODP-BCR-FAD/21,-6.801497,111.859218,,,4,4,0,0,8,REGIONAL 5,MADIUN,TUBAN,BCR,,,2024-03-16 23:25:06,42815,2017,3,NON TITO,,,JAWA TIMUR,0.5,YELLOW,79449794,AREA 3,JATIM,LAMONGAN,TUBAN BOJONEGORO,,,0,0,0,JAWA TIMUR,TUBAN,TAMBAKBOYO,SOBONTORO,TUBAN
1325761934,,ODP-BCR-FAD/19,-6.801159,111.861607,,,4,4,0,0,8,REGIONAL 5,MADIUN,TUBAN,BCR,,,2024-03-16 23:25:40,42815,2017,3,NON TITO,,,JAWA TIMUR,0.5,YELLOW,79450004,AREA 3,JATIM,LAMONGAN,TUBAN BOJONEGORO,,,0,0,0,JAWA TIMUR,TUBAN,TAMBAKBOYO,SOBONTORO,TUBAN
1325762316,,ODP-BCR-FAD/02,-6.802087,111.833812,,,7,9,0,0,16,REGIONAL 5,MADIUN,TUBAN,BCR,,,2024-03-16 23:25:31,42815,2017,3,NON TITO,,,JAWA TIMUR,0.5625,YELLOW,79450190,AREA 3,JATIM,LAMONGAN,TUBAN BOJONEGORO,,,0,0,0,JAWA TIMUR,TUBAN,TAMBAKBOYO,GADON,TUBAN
1322080532,,ODP-BCR-FAB/20,-6.739279,111.67082,,,3,5,0,0,8,REGIONAL 5,MADIUN,TUBAN,BCR,,,2024-03-16 23:22:36,42809,2017,3,NON TITO,,,JAWA TIMUR,0.625,YELLOW,79499805,AREA 3,JATIM,LAMONGAN,TUBAN BOJONEGORO,,,0,0,0,JAWA TENGAH,REMBANG,SARANG,BAJINGJOWO,TUBAN
12061921542,,ODP-JTR-FA/57,-6.971592,111.779008,,,3,5,0,0,8,REGIONAL 5,MADIUN,TUBAN,JTR,,,2025-02-26 23:44:17,45714,2025,2,NON TITO,,,JAWA TIMUR,0.625,YELLOW,1496228704,AREA 3,JATIM,LAMONGAN,TUBAN BOJONEGORO,,,0,0,0,JAWA TIMUR,TUBAN,SINGGAHAN,MULYOAGUNG,TUBAN
1053392450,,ODP-MRR-FAC/39,-6.897436,112.010097,,,3,5,0,0,8,REGIONAL 5,MADIUN,TUBAN,MRR,,,2024-03-16 23:26:09,42692,2016,11,NON TITO,,,JAWA TIMUR,0.625,YELLOW,38567264,AREA 3,JATIM,LAMONGAN,TUBAN BOJONEGORO,,,0,0,0,JAWA TIMUR,TUBAN,TUBAN,SUMURGUNG,TUBAN
1053392445,,ODP-MRR-FAC/37,-6.901299,112.009744,,,4,12,0,0,16,REGIONAL 5,MADIUN,TUBAN,MRR,,,2024-03-16 23:26:57,42692,2016,11,NON TITO,,,JAWA TIMUR,0.75,YELLOW,38567261,AREA 3,JATIM,LAMONGAN,TUBAN BOJONEGORO,,,0,0,0,JAWA TIMUR,TUBAN,TUBAN,SUMURGUNG,TUBAN
1053387183,,ODP-MRR-FAC/42,-6.894689,112.012812,,,2,6,0,0,8,REGIONAL 5,MADIUN,TUBAN,MRR,,,2024-03-16 23:25:22,42692,2016,11,NON TITO,,,JAWA TIMUR,0.75,YELLOW,38563761,AREA 3,JATIM,LAMONGAN,TUBAN BOJONEGORO,,,0,0,0,JAWA TIMUR,TUBAN,TUBAN,SUMURGUNG,TUBAN
828268703,,ODP-TNZ-FF/03,-6.889103,112.055694,,,4,12,0,0,16,REGIONAL 5,MADIUN,TUBAN,TNZ,,,2024-03-16 23:24:52,42604,2016,8,NON TITO,,,JAWA TIMUR,0.75,YELLOW,34394448,AREA 3,JATIM,LAMONGAN,TUBAN BOJONEGORO,,,0,0,0,JAWA TIMUR,TUBAN,TUBAN,KINGKING,TUBAN
12256022213,,ODP-JTR-FA/65,-7.009968,111.792591,,,3,5,0,0,8,REGIONAL 5,MADIUN,TUBAN,JTR,,,2025-07-17 00:05:00,45854,2025,7,NON TITO,,,JAWA TIMUR,0.625,YELLOW,1500156591,AREA 3,JATIM,LAMONGAN,TUBAN BOJONEGORO,,,0,0,0,JAWA TIMUR,TUBAN,SINGGAHAN,KEDUNGJAMBE,TUBAN
12259396763,,ODP-TNZ-FY/26,-6.89435,112.064546,,,4,4,0,0,8,REGIONAL 5,MADIUN,TUBAN,TNZ,,,2025-07-17 00:06:52,45854,2025,7,NON TITO,,,JAWA TIMUR,0.5,YELLOW,1500156367,AREA 3,JATIM,LAMONGAN,TUBAN BOJONEGORO,,,0,0,0,JAWA TIMUR,TUBAN,TUBAN,KUTOREJO,TUBAN
828268714,,ODP-TNZ-FF/02,-6.890186,112.057539,,,4,12,0,0,16,REGIONAL 5,MADIUN,TUBAN,TNZ,,,2024-03-16 23:24:40,42604,2016,8,NON TITO,,,JAWA TIMUR,0.75,YELLOW,34394509,AREA 3,JATIM,LAMONGAN,TUBAN BOJONEGORO,,,0,0,0,JAWA TIMUR,TUBAN,TUBAN,KINGKING,TUBAN
12247769706,,ODP-JTR-FB/49,-7.021701,111.727199,,,3,5,0,0,8,REGIONAL 5,MADIUN,TUBAN,JTR,,,2025-07-08 18:00:28,45845,2025,7,NON TITO,,,JAWA TIMUR,0.625,YELLOW,1499582744,AREA 3,JATIM,LAMONGAN,TUBAN BOJONEGORO,,,0,0,0,JAWA TIMUR,TUBAN,SENORI,WANGLU KULON,TUBAN
12247769701,,ODP-JTR-FB/43,-7.025999,111.729726,,,4,4,0,0,8,REGIONAL 5,MADIUN,TUBAN,JTR,,,2025-07-08 18:01:33,45845,2025,7,NON TITO,,,JAWA TIMUR,0.5,YELLOW,1499582741,AREA 3,JATIM,LAMONGAN,TUBAN BOJONEGORO,,,0,0,0,JAWA TIMUR,TUBAN,SENORI,WANGLU KULON,TUBAN
12247769696,,ODP-JTR-FB/48,-7.021309,111.72559,,,4,4,0,0,8,REGIONAL 5,MADIUN,TUBAN,JTR,,,2025-07-08 18:01:04,45845,2025,7,NON TITO,,,JAWA TIMUR,0.5,YELLOW,1499582738,AREA 3,JATIM,LAMONGAN,TUBAN BOJONEGORO,,,0,0,0,JAWA TIMUR,TUBAN,SENORI,WANGLU KULON,TUBAN
12247769670,,ODP-JTR-FB/46,-7.022234,111.730243,,,2,6,0,0,8,REGIONAL 5,MADIUN,TUBAN,JTR,,,2025-07-08 18:01:37,45845,2025,7,NON TITO,,,JAWA TIMUR,0.75,YELLOW,1499582717,AREA 3,JATIM,LAMONGAN,TUBAN BOJONEGORO,,,0,0,0,JAWA TIMUR,TUBAN,SENORI,WANGLU KULON,TUBAN
12247769665,,ODP-JTR-FB/45,-7.024049,111.729788,,,4,4,0,0,8,REGIONAL 5,MADIUN,TUBAN,JTR,,,2025-07-08 18:01:39,45845,2025,7,NON TITO,,,JAWA TIMUR,0.5,YELLOW,1499582713,AREA 3,JATIM,LAMONGAN,TUBAN BOJONEGORO,,,0,0,0,JAWA TIMUR,TUBAN,SENORI,WANGLU KULON,TUBAN
12249344586,,ODP-JTR-FB/38,-7.015114,111.72291,,,7,9,0,0,16,REGIONAL 5,MADIUN,TUBAN,JTR,,,2025-07-08 18:01:01,45845,2025,7,NON TITO,,,JAWA TIMUR,0.5625,YELLOW,1499581436,AREA 3,JATIM,LAMONGAN,TUBAN BOJONEGORO,,,0,0,0,JAWA TIMUR,TUBAN,SENORI,JATISARI,TUBAN
842443588,,ODP-JTR-FAA/09,-6.887743,111.661462,,,5,11,0,0,16,REGIONAL 5,MADIUN,TUBAN,JTR,,,2024-03-16 23:23:54,42607,2016,8,NON TITO,,,JAWA TIMUR,0.6875,YELLOW,34404779,AREA 3,JATIM,LAMONGAN,TUBAN BOJONEGORO,,,0,0,0,JAWA TIMUR,TUBAN,JATIROGO,SUGIHAN,TUBAN
841843798,,ODP-RGL-FAD/01,-7.106167,111.916583,,,4,4,0,0,8,REGIONAL 5,MADIUN,TUBAN,RGL,,,2024-03-16 23:28:59,42607,2016,8,NON TITO,,,JAWA TIMUR,0.5,YELLOW,34405578,AREA 3,JATIM,LAMONGAN,TUBAN BOJONEGORO,,,0,0,0,JAWA TIMUR,TUBAN,SOKO,PANDANAGUNG,TUBAN
842368812,,ODP-MRR-FAB/13,-6.833036,111.997502,,,4,12,0,0,16,REGIONAL 5,MADIUN,TUBAN,MRR,,,2024-03-16 23:29:09,42607,2016,8,NON TITO,,,JAWA TIMUR,0.75,YELLOW,34759691,AREA 3,JATIM,LAMONGAN,TUBAN BOJONEGORO,,,0,0,0,JAWA TIMUR,TUBAN,JENU,JENGGOLO,TUBAN
12249344540,,ODP-JTR-FB/41,-7.019344,111.718523,,,3,5,0,0,8,REGIONAL 5,MADIUN,TUBAN,JTR,,,2025-07-08 18:00:25,45845,2025,7,NON TITO,,,JAWA TIMUR,0.625,YELLOW,1499581402,AREA 3,JATIM,LAMONGAN,TUBAN BOJONEGORO,,,0,0,0,JAWA TIMUR,TUBAN,SENORI,JATISARI,TUBAN
12249344535,,ODP-JTR-FB/37,-7.01241,111.721215,,,2,6,0,0,8,REGIONAL 5,MADIUN,TUBAN,JTR,,,2025-07-08 17:56:56,45845,2025,7,NON TITO,,,JAWA TIMUR,0.75,YELLOW,1499581399,AREA 3,JATIM,LAMONGAN,TUBAN BOJONEGORO,,,0,0,0,JAWA TIMUR,TUBAN,SENORI,JATISARI,TUBAN
12249344530,,ODP-JTR-FB/31,-7.002238,111.715101,,,2,6,0,0,8,REGIONAL 5,MADIUN,TUBAN,JTR,,,2025-07-08 18:01:00,45845,2025,7,NON TITO,,,JAWA TIMUR,0.75,YELLOW,1499581396,AREA 3,JATIM,LAMONGAN,TUBAN BOJONEGORO,,,0,0,0,JAWA TIMUR,TUBAN,SENORI,MEDALEM,TUBAN
12249344525,,ODP-JTR-FB/24,-7.004262,111.729349,,,2,6,0,0,8,REGIONAL 5,MADIUN,TUBAN,JTR,,,2025-07-08 17:57:04,45845,2025,7,NON TITO,,,JAWA TIMUR,0.75,YELLOW,1499581393,AREA 3,JATIM,LAMONGAN,TUBAN BOJONEGORO,,,0,0,0,JAWA TIMUR,TUBAN,SENORI,SENDANG,TUBAN
12259250243,,ODP-TNZ-FB/56,-6.908597,112.045512,,,2,6,0,0,8,REGIONAL 5,MADIUN,TUBAN,TNZ,,,2025-07-24 00:01:36,45861,2025,7,NON TITO,,,JAWA TIMUR,0.75,YELLOW,1500272846,AREA 3,JATIM,LAMONGAN,TUBAN BOJONEGORO,,,0,0,0,JAWA TIMUR,TUBAN,SEMANDING,KARANG,TUBAN
12259250248,,ODP-TNZ-FB/57,-6.907722,112.046621,,,4,4,0,0,8,REGIONAL 5,MADIUN,TUBAN,TNZ,,,2025-07-24 00:00:42,45861,2025,7,NON TITO,,,JAWA TIMUR,0.5,YELLOW,1500272849,AREA 3,JATIM,LAMONGAN,TUBAN BOJONEGORO,,,0,0,0,JAWA TIMUR,TUBAN,SEMANDING,KARANG,TUBAN
819868954,,ODP-TNZ-FF/07,-6.894374,112.05841,,,7,9,0,0,16,REGIONAL 5,MADIUN,TUBAN,TNZ,,,2024-03-16 23:24:18,42600,2016,8,NON TITO,,,JAWA TIMUR,0.5625,YELLOW,34378984,AREA 3,JATIM,LAMONGAN,TUBAN BOJONEGORO,,,0,0,0,JAWA TIMUR,TUBAN,TUBAN,RONGGOMULYO,TUBAN
12271618565,,ODP-KRK-FF/19,-6.874678,111.899429,,,3,5,0,0,8,REGIONAL 5,MADIUN,TUBAN,KRK,,,2025-07-26 18:35:29,45862,2025,7,NON TITO,,,JAWA TIMUR,0.625,YELLOW,1500354094,AREA 3,JATIM,LAMONGAN,TUBAN BOJONEGORO,,,0,0,0,JAWA TIMUR,TUBAN,KEREK,SUMBERARUM,TUBAN
819718575,,ODP-JTR-FC/02,-6.95733,111.711796,,,4,4,0,0,8,REGIONAL 5,MADIUN,TUBAN,JTR,,,2024-03-16 23:24:34,42599,2016,8,NON TITO,,,JAWA TIMUR,0.5,YELLOW,34301262,AREA 3,JATIM,LAMONGAN,TUBAN BOJONEGORO,,,0,0,0,JAWA TIMUR,TUBAN,BANGILAN,SIDODADI,TUBAN
819869089,,ODP-TNZ-FF/12,-6.891647,112.051328,,,7,9,0,0,16,REGIONAL 5,MADIUN,TUBAN,TNZ,,,2024-03-16 23:29:01,42600,2016,8,NON TITO,,,JAWA TIMUR,0.5625,YELLOW,34303614,AREA 3,JATIM,LAMONGAN,TUBAN BOJONEGORO,,,0,0,0,JAWA TIMUR,TUBAN,TUBAN,KINGKING,TUBAN
12313394447,,ODP-JTR-FA/67,-7.008975,111.7957,,,4,4,0,0,8,REGIONAL 5,MADIUN,TUBAN,JTR,,,2025-08-21 06:30:13,45889,2025,8,NON TITO,,,JAWA TIMUR,0.5,YELLOW,1500589401,AREA 3,JATIM,LAMONGAN,TUBAN BOJONEGORO,,,0,0,0,JAWA TIMUR,TUBAN,SINGGAHAN,KEDUNGJAMBE,TUBAN
819869120,,ODP-TNZ-FF/14,-6.89728,112.05587,,,7,9,0,0,16,REGIONAL 5,MADIUN,TUBAN,TNZ,,,2024-03-16 23:29:06,42600,2016,8,NON TITO,,,JAWA TIMUR,0.5625,YELLOW,34303778,AREA 3,JATIM,LAMONGAN,TUBAN BOJONEGORO,,,0,0,0,JAWA TIMUR,TUBAN,TUBAN,RONGGOMULYO,TUBAN
819869134,,ODP-TNZ-FF/15,-6.895958,112.056296,,,4,12,0,0,16,REGIONAL 5,MADIUN,TUBAN,TNZ,,,2024-03-16 23:29:15,42600,2016,8,NON TITO,,,JAWA TIMUR,0.75,YELLOW,34303855,AREA 3,JATIM,LAMONGAN,TUBAN BOJONEGORO,,,0,0,0,JAWA TIMUR,TUBAN,TUBAN,RONGGOMULYO,TUBAN
12304469562,,ODP-TNZ-FB/59,-6.912992,112.048006,,,3,5,0,0,8,REGIONAL 5,MADIUN,TUBAN,TNZ,,,2025-08-20 18:15:56,45888,2025,8,NON TITO,,,JAWA TIMUR,0.625,YELLOW,1500578784,AREA 3,JATIM,LAMONGAN,TUBAN BOJONEGORO,,,0,0,0,JAWA TIMUR,TUBAN,SEMANDING,TEGALAGUNG,TUBAN
806893958,,ODP-TNZ-FG/24,-6.895511,112.036297,,,4,4,0,0,8,REGIONAL 5,MADIUN,TUBAN,TNZ,,,2024-03-16 23:26:49,42597,2016,8,NON TITO,,,JAWA TIMUR,0.5,YELLOW,34368229,AREA 3,JATIM,LAMONGAN,TUBAN BOJONEGORO,,,0,0,0,JAWA TIMUR,TUBAN,TUBAN,KEMBANGBILO,TUBAN
806893969,,ODP-TNZ-FG/25,-6.895798,112.035962,,,3,5,0,0,8,REGIONAL 5,MADIUN,TUBAN,TNZ,,,2024-03-16 23:27:06,42597,2016,8,NON TITO,,,JAWA TIMUR,0.625,YELLOW,34368253,AREA 3,JATIM,LAMONGAN,TUBAN BOJONEGORO,,,0,0,0,JAWA TIMUR,TUBAN,TUBAN,KEMBANGBILO,TUBAN
906493772,,ODP-TNZ-FA/85,-6.88793,112.04678,,,4,4,0,0,8,REGIONAL 5,MADIUN,TUBAN,TNZ,,,2024-03-16 23:22:17,42626,2016,9,NON TITO,,,JAWA TIMUR,0.5,YELLOW,35440594,AREA 3,JATIM,LAMONGAN,TUBAN BOJONEGORO,,,0,0,0,JAWA TIMUR,TUBAN,TUBAN,LATSARI,TUBAN
12304469547,,ODP-TNZ-FB/63,-6.907855,112.045732,,,4,4,0,0,8,REGIONAL 5,MADIUN,TUBAN,TNZ,,,2025-08-20 18:15:48,45888,2025,8,NON TITO,,,JAWA TIMUR,0.5,YELLOW,1500578774,AREA 3,JATIM,LAMONGAN,TUBAN BOJONEGORO,,,0,0,0,JAWA TIMUR,TUBAN,SEMANDING,KARANG,TUBAN
806893976,,ODP-TNZ-FG/26,-6.895694,112.035426,,,3,5,0,0,8,REGIONAL 5,MADIUN,TUBAN,TNZ,,,2024-03-16 23:26:43,42597,2016,8,NON TITO,,,JAWA TIMUR,0.625,YELLOW,34368274,AREA 3,JATIM,LAMONGAN,TUBAN BOJONEGORO,,,0,0,0,JAWA TIMUR,TUBAN,TUBAN,KEMBANGBILO,TUBAN
806894129,,ODP-TNZ-FG/31,-6.8977,112.036061,,,2,6,0,0,8,REGIONAL 5,MADIUN,TUBAN,TNZ,,,2024-03-16 23:27:26,42597,2016,8,NON TITO,,,JAWA TIMUR,0.75,YELLOW,34368733,AREA 3,JATIM,LAMONGAN,TUBAN BOJONEGORO,,,0,0,0,JAWA TIMUR,TUBAN,TUBAN,KEMBANGBILO,TUBAN
813344033,,ODP-TNZ-FC/34,-6.895578,112.042161,,,4,12,0,0,16,REGIONAL 5,MADIUN,TUBAN,TNZ,,,2024-03-16 23:27:14,42598,2016,8,NON TITO,,,JAWA TIMUR,0.75,YELLOW,34373411,AREA 3,JATIM,LAMONGAN,TUBAN BOJONEGORO,,,0,0,0,JAWA TIMUR,TUBAN,TUBAN,LATSARI,TUBAN
12285869637,,ODP-TNZ-FH/99,-6.912822,112.061517,,,4,4,0,0,8,REGIONAL 5,MADIUN,TUBAN,TNZ,,,2025-08-12 18:05:44,45881,2025,8,NON TITO,,,JAWA TIMUR,0.5,YELLOW,1500540587,AREA 3,JATIM,LAMONGAN,TUBAN BOJONEGORO,,,0,0,0,JAWA TIMUR,TUBAN,SEMANDING,BEJAGUNG,TUBAN
12285869257,,ODP-KRK-FA/14,-6.855692,111.915202,,,4,4,0,0,8,REGIONAL 5,MADIUN,TUBAN,KRK,,,2025-08-12 18:01:47,45880,2025,8,NON TITO,,,JAWA TIMUR,0.5,YELLOW,1500535194,AREA 3,JATIM,LAMONGAN,TUBAN BOJONEGORO,,,0,0,0,JAWA TIMUR,TUBAN,MERAKURAK,TLOGOWARU,TUBAN
2304793692,,ODP-JTR-FG/02,-6.917164,111.626285,,,2,6,0,0,8,REGIONAL 5,MADIUN,TUBAN,JTR,,,2023-08-30 18:10:42,43168,2018,3,NON TITO,,,JAWA TIMUR,0.75,YELLOW,324538536,AREA 3,JATIM,LAMONGAN,TUBAN BOJONEGORO,,,0,0,0,JAWA TIMUR,TUBAN,KENDURUAN,SIDOMUKTI,TUBAN
811693966,,ODP-TNZ-FC/38,-6.893315,112.045471,,,7,9,0,0,16,REGIONAL 5,MADIUN,TUBAN,TNZ,,,2024-03-16 23:23:50,42598,2016,8,NON TITO,,,JAWA TIMUR,0.5625,YELLOW,34375461,AREA 3,JATIM,LAMONGAN,TUBAN BOJONEGORO,,,0,0,0,JAWA TIMUR,TUBAN,TUBAN,LATSARI,TUBAN
819868902,,ODP-TNZ-FF/06,-6.894598,112.059271,,,5,11,0,0,16,REGIONAL 5,MADIUN,TUBAN,TNZ,,,2024-03-16 23:28:51,42600,2016,8,NON TITO,,,JAWA TIMUR,0.6875,YELLOW,34378762,AREA 3,JATIM,LAMONGAN,TUBAN BOJONEGORO,,,0,0,0,JAWA TIMUR,TUBAN,TUBAN,SIDOMULYO,TUBAN
12304469542,,ODP-TNZ-FB/61,-6.911492,112.047215,,,2,6,0,0,8,REGIONAL 5,MADIUN,TUBAN,TNZ,,,2025-08-20 18:14:18,45888,2025,8,NON TITO,,,JAWA TIMUR,0.75,YELLOW,1500578771,AREA 3,JATIM,LAMONGAN,TUBAN BOJONEGORO,,,0,0,0,JAWA TIMUR,TUBAN,SEMANDING,TEGALAGUNG,TUBAN
12313394478,,ODP-JTR-FA/75,-7.008841,111.792138,,,4,4,0,0,8,REGIONAL 5,MADIUN,TUBAN,JTR,,,2025-08-21 06:30:07,45889,2025,8,NON TITO,,,JAWA TIMUR,0.5,YELLOW,1500589422,AREA 3,JATIM,LAMONGAN,TUBAN BOJONEGORO,,,0,0,0,JAWA TIMUR,TUBAN,SINGGAHAN,KEDUNGJAMBE,TUBAN
906493788,,ODP-TNZ-FA/86,-6.887997,112.046108,,,4,4,0,0,8,REGIONAL 5,MADIUN,TUBAN,TNZ,,,2024-03-16 23:21:19,42626,2016,9,NON TITO,,,JAWA TIMUR,0.5,YELLOW,35440667,AREA 3,JATIM,LAMONGAN,TUBAN BOJONEGORO,,,0,0,0,JAWA TIMUR,TUBAN,TUBAN,LATSARI,TUBAN
908218580,,ODP-TNZ-FA/89,-6.88512,112.02917,,,3,5,0,0,8,REGIONAL 5,MADIUN,TUBAN,TNZ,,,2024-03-16 23:27:26,42627,2016,9,NON TITO,,,JAWA TIMUR,0.625,YELLOW,35443903,AREA 3,JATIM,LAMONGAN,TUBAN BOJONEGORO,,,0,0,0,JAWA TIMUR,TUBAN,TUBAN,PERBON,TUBAN
12124543528,,ODP-KRK-FF/17,-6.872354,111.88287,,,4,12,0,0,16,REGIONAL 5,MADIUN,TUBAN,KRK,,,2025-04-25 18:00:04,45771,2025,4,NON TITO,,,JAWA TIMUR,0.75,YELLOW,1497376357,AREA 3,JATIM,LAMONGAN,TUBAN BOJONEGORO,,,0,0,0,JAWA TIMUR,TUBAN,KEREK,KASIMAN,TUBAN
12086670465,,ODP-JTR-FA/63,-6.974287,111.793774,,,4,4,0,0,8,REGIONAL 5,MADIUN,TUBAN,JTR,,,2025-04-02 17:51:35,45748,2025,4,NON TITO,,,JAWA TIMUR,0.5,YELLOW,1496587122,AREA 3,JATIM,LAMONGAN,TUBAN BOJONEGORO,,,0,0,0,JAWA TIMUR,TUBAN,SINGGAHAN,TINGKIS,TUBAN
970856362,,ODP-TNZ-FH/03,-6.927122,112.053027,,,5,11,0,0,16,REGIONAL 5,MADIUN,TUBAN,TNZ,,,2024-03-16 23:24:46,42651,2016,10,NON TITO,,,JAWA TIMUR,0.6875,YELLOW,36619643,AREA 3,JATIM,LAMONGAN,TUBAN BOJONEGORO,,,0,0,0,JAWA TIMUR,TUBAN,SEMANDING,PRUNGGAHAN  WETAN,TUBAN
1026797147,,ODP-TNZ-FC/59,-6.894319,112.045071,,,3,5,0,0,8,REGIONAL 5,MADIUN,TUBAN,TNZ,,,2024-03-16 23:26:01,42672,2016,10,NON TITO,,,JAWA TIMUR,0.625,YELLOW,37183782,AREA 3,JATIM,LAMONGAN,TUBAN BOJONEGORO,,,0,0,0,JAWA TIMUR,TUBAN,TUBAN,LATSARI,TUBAN
1026805551,,ODP-MRR-FAC/34,-6.885463,112.007615,,,3,5,0,0,8,REGIONAL 5,MADIUN,TUBAN,MRR,,,2024-03-16 23:27:07,42675,2016,11,NON TITO,,,JAWA TIMUR,0.625,YELLOW,37400041,AREA 3,JATIM,LAMONGAN,TUBAN BOJONEGORO,,,0,0,0,JAWA TIMUR,TUBAN,TUBAN,SUMURGUNG,TUBAN
1026805554,,ODP-MRR-FAC/35,-6.884671,112.007834,,,2,6,0,0,8,REGIONAL 5,MADIUN,TUBAN,MRR,,,2024-03-16 23:27:26,42675,2016,11,NON TITO,,,JAWA TIMUR,0.75,YELLOW,37400043,AREA 3,JATIM,LAMONGAN,TUBAN BOJONEGORO,,,0,0,0,JAWA TIMUR,TUBAN,TUBAN,SUMURGUNG,TUBAN
2588371754,,ODP-RGL-FAH/03,-7.083678,112.127076,,,7,9,0,0,16,REGIONAL 5,MADIUN,TUBAN,RGL,,,2023-08-30 18:04:37,43255,2018,6,NON TITO,,,JAWA TIMUR,0.5625,YELLOW,361369311,AREA 3,JATIM,LAMONGAN,TUBAN BOJONEGORO,,,0,0,0,JAWA TIMUR,TUBAN,PLUMPANG,KLOTOK,TUBAN
12092743633,,ODP-TNZ-FJ/112,-6.902428,112.132978,,,3,5,0,0,8,REGIONAL 5,MADIUN,TUBAN,TNZ,,,2025-03-29 17:57:34,45744,2025,3,NON TITO,,,JAWA TIMUR,0.625,YELLOW,1496483660,AREA 3,JATIM,LAMONGAN,TUBAN BOJONEGORO,,,0,0,0,JAWA TIMUR,TUBAN,PALANG,PUCANGAN,TUBAN
2606971859,,ODP-RGL-FAA/20,-7.050016,112.035325,,,0,6,2,0,8,REGIONAL 5,MADIUN,TUBAN,RGL,,,2023-08-30 18:11:24,43257,2018,6,NON TITO,,,JAWA TIMUR,0.75,YELLOW,361379315,AREA 3,JATIM,LAMONGAN,TUBAN BOJONEGORO,,,0,0,0,JAWA TIMUR,TUBAN,RENGEL,PUNGGULREJO,TUBAN
12092743623,,ODP-TNZ-FJ/117,-6.900101,112.150548,,,4,4,0,0,8,REGIONAL 5,MADIUN,TUBAN,TNZ,,,2025-03-29 17:57:27,45744,2025,3,NON TITO,,,JAWA TIMUR,0.5,YELLOW,1496483654,AREA 3,JATIM,LAMONGAN,TUBAN BOJONEGORO,,,0,0,0,JAWA TIMUR,TUBAN,PALANG,LERAN KULON,TUBAN
2670793588,,ODP-JTR-FC/31,-6.982025,111.710772,,,6,10,0,0,16,REGIONAL 5,MADIUN,TUBAN,JTR,,,2023-08-30 18:11:50,43289,2018,7,NON TITO,,,JAWA TIMUR,0.625,YELLOW,361944979,AREA 3,JATIM,LAMONGAN,TUBAN BOJONEGORO,,,0,0,0,JAWA TIMUR,TUBAN,BANGILAN,KABLUKAN,TUBAN
1049084659,,ODP-TNZ-FH/22,-6.905519,112.05928,,,4,12,0,0,16,REGIONAL 5,MADIUN,TUBAN,TNZ,,,2024-03-16 23:22:46,42684,2016,11,NON TITO,,,JAWA TIMUR,0.75,YELLOW,38447061,AREA 3,JATIM,LAMONGAN,TUBAN BOJONEGORO,,,0,0,0,JAWA TIMUR,TUBAN,TUBAN,SIDOREJO,TUBAN
1053384334,,ODP-MRR-FAC/43,-6.892909,112.013179,,,3,5,0,0,8,REGIONAL 5,MADIUN,TUBAN,MRR,,,2024-03-16 23:24:55,42692,2016,11,NON TITO,,,JAWA TIMUR,0.625,YELLOW,38488795,AREA 3,JATIM,LAMONGAN,TUBAN BOJONEGORO,,,0,0,0,JAWA TIMUR,TUBAN,TUBAN,SUMURGUNG,TUBAN
1053385201,,ODP-MRR-FAC/41,-6.894356,112.010819,,,4,4,0,0,8,REGIONAL 5,MADIUN,TUBAN,MRR,,,2024-03-16 23:24:50,42692,2016,11,NON TITO,,,JAWA TIMUR,0.5,YELLOW,38563182,AREA 3,JATIM,LAMONGAN,TUBAN BOJONEGORO,,,0,0,0,JAWA TIMUR,TUBAN,TUBAN,SUMURGUNG,TUBAN
12088394229,,ODP-TNZ-FK/124,-6.921514,112.091141,,,1,6,1,0,8,REGIONAL 5,MADIUN,TUBAN,TNZ,,,2025-03-29 17:58:04,45744,2025,3,NON TITO,,,JAWA TIMUR,0.75,YELLOW,1496483513,AREA 3,JATIM,LAMONGAN,TUBAN BOJONEGORO,,,0,0,0,JAWA TIMUR,TUBAN,SEMANDING,GEDONGOMBO,TUBAN
12087419292,,ODP-RGL-FAJ/45,-7.102594,111.943081,,,4,4,0,0,8,REGIONAL 5,MADIUN,TUBAN,RGL,,,2025-03-28 17:52:26,45743,2025,3,NON TITO,,,JAWA TIMUR,0.5,YELLOW,1496476485,AREA 3,JATIM,LAMONGAN,TUBAN BOJONEGORO,,,0,0,0,JAWA TIMUR,TUBAN,SOKO,BANGUNREJO,TUBAN
1053386797,,ODP-MRR-FAC/44,-6.889986,112.013796,,,6,10,0,0,16,REGIONAL 5,MADIUN,TUBAN,MRR,,,2024-03-16 23:24:52,42692,2016,11,NON TITO,,,JAWA TIMUR,0.625,YELLOW,38563656,AREA 3,JATIM,LAMONGAN,TUBAN BOJONEGORO,,,0,0,0,JAWA TIMUR,TUBAN,TUBAN,SUMURGUNG,TUBAN
12150193591,,ODP-TNZ-FV/73,-6.915215,112.049415,,,3,5,0,0,8,REGIONAL 5,MADIUN,TUBAN,TNZ,,,2025-05-06 17:52:12,45782,2025,5,NON TITO,,,JAWA TIMUR,0.625,YELLOW,1497665161,AREA 3,JATIM,LAMONGAN,TUBAN BOJONEGORO,,,0,0,0,JAWA TIMUR,TUBAN,SEMANDING,TEGALAGUNG,TUBAN
12145097205,,ODP-RGL-FAD/105,-7.115001,111.944053,,,3,5,0,0,8,REGIONAL 5,MADIUN,TUBAN,RGL,,,2025-05-09 17:42:39,45785,2025,5,NON TITO,,,JAWA TIMUR,0.625,YELLOW,1497686128,AREA 3,JATIM,LAMONGAN,TUBAN BOJONEGORO,,,0,0,0,JAWA TIMUR,TUBAN,SOKO,SOKOSARI,TUBAN
946546276,,ODP-TNZ-FH/16,-6.935536,112.057848,,,4,12,0,0,16,REGIONAL 5,MADIUN,TUBAN,TNZ,,,2024-03-16 23:22:24,42637,2016,9,NON TITO,,,JAWA TIMUR,0.75,YELLOW,36046021,AREA 3,JATIM,LAMONGAN,TUBAN BOJONEGORO,,,0,0,0,JAWA TIMUR,TUBAN,SEMANDING,SEMANDING,TUBAN
12145097220,,ODP-RGL-FAD/108,-7.11758,111.956091,,,4,4,0,0,8,REGIONAL 5,MADIUN,TUBAN,RGL,,,2025-05-09 17:42:46,45785,2025,5,NON TITO,,,JAWA TIMUR,0.5,YELLOW,1497686138,AREA 3,JATIM,LAMONGAN,TUBAN BOJONEGORO,,,0,0,0,JAWA TIMUR,TUBAN,SOKO,SOKOSARI,TUBAN
12236294096,,ODP-JTR-FG/29,-6.917924,111.62648,,,3,5,0,0,8,REGIONAL 5,MADIUN,TUBAN,JTR,,,2025-07-02 00:09:22,45838,2025,6,NON TITO,,,JAWA TIMUR,0.625,YELLOW,1499534511,AREA 3,JATIM,LAMONGAN,TUBAN BOJONEGORO,,,0,0,0,JAWA TIMUR,TUBAN,KENDURUAN,SIDOMUKTI,TUBAN
12236294071,,ODP-JTR-FG/19,-6.905786,111.6427,,,4,4,0,0,8,REGIONAL 5,MADIUN,TUBAN,JTR,,,2025-07-02 00:09:39,45838,2025,6,NON TITO,,,JAWA TIMUR,0.5,YELLOW,1499534496,AREA 3,JATIM,LAMONGAN,TUBAN BOJONEGORO,,,0,0,0,JAWA TIMUR,TUBAN,KENDURUAN,SIDOHASRI,TUBAN
12224144242,,ODP-KRK-FF/18,-6.884073,111.890667,,,2,6,0,0,8,REGIONAL 5,MADIUN,TUBAN,KRK,,,2025-06-24 17:45:37,45831,2025,6,NON TITO,,,JAWA TIMUR,0.75,YELLOW,1499416783,AREA 3,JATIM,LAMONGAN,TUBAN BOJONEGORO,,,0,0,0,JAWA TIMUR,TUBAN,KEREK,MARGOMULYO,TUBAN
12217243739,,ODP-MRR-FAA/98,-6.876115,111.979132,,,3,5,0,0,8,REGIONAL 5,MADIUN,TUBAN,MRR,,,2025-06-17 17:59:37,45824,2025,6,NON TITO,,,JAWA TIMUR,0.625,YELLOW,1499377695,AREA 3,JATIM,LAMONGAN,TUBAN BOJONEGORO,,,0,0,0,JAWA TIMUR,TUBAN,MERAKURAK,TUWIRI WETAN,TUBAN
12217243729,,ODP-MRR-FAA/100,-6.878966,111.980832,,,4,4,0,0,8,REGIONAL 5,MADIUN,TUBAN,MRR,,,2025-06-17 17:59:35,45824,2025,6,NON TITO,,,JAWA TIMUR,0.5,YELLOW,1499377689,AREA 3,JATIM,LAMONGAN,TUBAN BOJONEGORO,,,0,0,0,JAWA TIMUR,TUBAN,MERAKURAK,TUWIRI WETAN,TUBAN
934619204,,ODP-RGL-FAC/04,-7.01866,112.10194,,,8,8,0,0,16,REGIONAL 5,MADIUN,TUBAN,RGL,,,2024-03-16 23:28:55,42635,2016,9,NON TITO,,,JAWA TIMUR,0.5,YELLOW,35772307,AREA 3,JATIM,LAMONGAN,TUBAN BOJONEGORO,,,0,0,0,JAWA TIMUR,TUBAN,PLUMPANG,NGRAYUNG,TUBAN
12199396619,,ODP-TNZ-FE/82,-6.895218,112.067766,,,2,6,0,0,8,REGIONAL 5,MADIUN,TUBAN,TNZ,,,2025-06-13 17:54:23,45820,2025,6,NON TITO,,,JAWA TIMUR,0.75,YELLOW,1499326172,AREA 3,JATIM,LAMONGAN,TUBAN BOJONEGORO,,,0,0,0,JAWA TIMUR,TUBAN,TUBAN,SENDANGHARJO,TUBAN
934619214,,ODP-RGL-FAC/03,-7.017451,112.10274,,,4,4,0,0,8,REGIONAL 5,MADIUN,TUBAN,RGL,,,2024-03-16 23:27:58,42635,2016,9,NON TITO,,,JAWA TIMUR,0.5,YELLOW,35772346,AREA 3,JATIM,LAMONGAN,TUBAN BOJONEGORO,,,0,0,0,JAWA TIMUR,TUBAN,PLUMPANG,NGRAYUNG,TUBAN
906493811,,ODP-TNZ-FA/88,-6.8871,112.047073,,,4,4,0,0,8,REGIONAL 5,MADIUN,TUBAN,TNZ,,,2024-03-16 23:22:17,42626,2016,9,NON TITO,,,JAWA TIMUR,0.5,YELLOW,35440739,AREA 3,JATIM,LAMONGAN,TUBAN BOJONEGORO,,,0,0,0,JAWA TIMUR,TUBAN,TUBAN,LATSARI,TUBAN
934619229,,ODP-RGL-FAC/07,-7.02337,112.10052,,,2,6,0,0,8,REGIONAL 5,MADIUN,TUBAN,RGL,,,2024-03-16 23:27:21,42635,2016,9,NON TITO,,,JAWA TIMUR,0.75,YELLOW,35772545,AREA 3,JATIM,LAMONGAN,TUBAN BOJONEGORO,,,0,0,0,JAWA TIMUR,TUBAN,PLUMPANG,NGRAYUNG,TUBAN
12183569312,,ODP-JTR-FF/86,-6.889913,111.653557,,,3,5,0,0,8,REGIONAL 5,MADIUN,TUBAN,JTR,,,2025-05-24 17:50:36,45800,2025,5,NON TITO,,,JAWA TIMUR,0.625,YELLOW,1498623224,AREA 3,JATIM,LAMONGAN,TUBAN BOJONEGORO,,,0,0,0,JAWA TIMUR,TUBAN,JATIROGO,WOTSOGO,TUBAN
941968647,,ODP-TNZ-FE/14,-6.896729,112.07705,,,2,6,0,0,8,REGIONAL 5,MADIUN,TUBAN,TNZ,,,2024-03-16 23:23:33,42636,2016,9,NON TITO,,,JAWA TIMUR,0.75,YELLOW,35892652,AREA 3,JATIM,LAMONGAN,TUBAN BOJONEGORO,,,0,0,0,JAWA TIMUR,TUBAN,TUBAN,SUKOLILO,TUBAN
5762743661,,ODP-BCR-FAG/30,-6.795706,111.897842,,,8,8,0,0,16,REGIONAL 5,MADIUN,TUBAN,BCR,,,2025-05-13 17:57:40,44180,2020,12,NON TITO,,,JAWA TIMUR,0.5,YELLOW,858135519,AREA 3,JATIM,LAMONGAN,TUBAN BOJONEGORO,,,0,0,0,JAWA TIMUR,TUBAN,JENU,TEMAJI,TUBAN
936569806,,ODP-RGL-FAC/15,-7.028611,112.097309,,,7,8,1,0,16,REGIONAL 5,MADIUN,TUBAN,RGL,,,2024-03-16 23:24:18,42635,2016,9,NON TITO,,,JAWA TIMUR,0.5,YELLOW,36039344,AREA 3,JATIM,LAMONGAN,TUBAN BOJONEGORO,,,0,0,0,JAWA TIMUR,TUBAN,PLUMPANG,PLUMPANG,TUBAN
944293601,,ODP-TNZ-FC/56,-6.89254,112.05264,,,4,12,0,0,16,REGIONAL 5,MADIUN,TUBAN,TNZ,,,2024-03-16 23:24:03,42636,2016,9,NON TITO,,,JAWA TIMUR,0.75,YELLOW,36041841,AREA 3,JATIM,LAMONGAN,TUBAN BOJONEGORO,,,0,0,0,JAWA TIMUR,TUBAN,TUBAN,RONGGOMULYO,TUBAN
944293610,,ODP-TNZ-FC/57,-6.89113,112.05002,,,2,6,0,0,8,REGIONAL 5,MADIUN,TUBAN,TNZ,,,2024-03-16 23:24:00,42636,2016,9,NON TITO,,,JAWA TIMUR,0.75,YELLOW,36041857,AREA 3,JATIM,LAMONGAN,TUBAN BOJONEGORO,,,0,0,0,JAWA TIMUR,TUBAN,TUBAN,LATSARI,TUBAN
2469870139,,ODP-BCR-FAB/43,-6.741099,111.6734,,,3,5,0,0,8,REGIONAL 5,MADIUN,TUBAN,BCR,,,2023-08-30 17:58:57,43215,2018,4,NON TITO,,,JAWA TIMUR,0.625,YELLOW,353305071,AREA 3,JATIM,LAMONGAN,TUBAN BOJONEGORO,,,0,0,0,JAWA TENGAH,REMBANG,SARANG,KARANGMANGU,TUBAN
2483445753,,ODP-BCR-FAB/28,-6.740971,111.671466,,,1,5,2,0,8,REGIONAL 5,MADIUN,TUBAN,BCR,,,2023-08-30 18:03:52,43222,2018,5,NON TITO,,,JAWA TIMUR,0.625,YELLOW,353720974,AREA 3,JATIM,LAMONGAN,TUBAN BOJONEGORO,,,0,0,0,JAWA TENGAH,REMBANG,SARANG,BAJINGJOWO,TUBAN
941968582,,ODP-TNZ-FE/11,-6.902554,112.079844,,,6,10,0,0,16,REGIONAL 5,MADIUN,TUBAN,TNZ,,,2024-03-16 23:24:10,42636,2016,9,NON TITO,,,JAWA TIMUR,0.625,YELLOW,35892466,AREA 3,JATIM,LAMONGAN,TUBAN BOJONEGORO,,,0,0,0,JAWA TIMUR,TUBAN,PALANG,PAYURAN,TUBAN
2153519684,,ODP-TNZ-FG/79,-6.897105,112.040409,,,4,4,0,0,8,REGIONAL 5,MADIUN,TUBAN,TNZ,,,2024-03-16 23:23:59,43117,2018,1,NON TITO,,,JAWA TIMUR,0.5,YELLOW,286893115,AREA 3,JATIM,LAMONGAN,TUBAN BOJONEGORO,,,0,0,0,JAWA TIMUR,TUBAN,TUBAN,LATSARI,TUBAN
10621768851,,ODP-KRK-FE/41,-6.863664,111.839676,,,2,6,0,0,8,REGIONAL 5,MADIUN,TUBAN,KRK,,,2024-03-16 23:26:28,45180,2023,9,NON TITO,,,JAWA TIMUR,0.75,YELLOW,1318783628,AREA 3,JATIM,LAMONGAN,TUBAN BOJONEGORO,,,0,0,0,JAWA TIMUR,TUBAN,KEREK,WOLU TENGAH,TUBAN
2153520747,,ODP-TNZ-FG/74,-6.899378,112.041898,,,4,4,0,0,8,REGIONAL 5,MADIUN,TUBAN,TNZ,,,2024-03-16 23:24:17,43117,2018,1,NON TITO,,,JAWA TIMUR,0.5,YELLOW,286893751,AREA 3,JATIM,LAMONGAN,TUBAN BOJONEGORO,,,0,0,0,JAWA TIMUR,TUBAN,TUBAN,LATSARI,TUBAN
3171868557,,ODP-BCR-FAC/54,-6.769858,111.716729,,,2,6,0,0,8,REGIONAL 5,MADIUN,TUBAN,BCR,,,2024-03-16 23:28:23,43443,2018,12,NON TITO,,,JAWA TIMUR,0.75,YELLOW,407043694,AREA 3,JATIM,LAMONGAN,TUBAN BOJONEGORO,,,0,0,0,JAWA TIMUR,TUBAN,BANCAR,BULUJOWO,TUBAN
8278695549,,ODP-TNZ-FG/92,-6.896984,112.024787,,,2,6,0,0,8,REGIONAL 5,MADIUN,TUBAN,TNZ,,,2024-03-16 23:24:17,44561,2021,12,NON TITO,,,JAWA TIMUR,0.75,YELLOW,1164329935,AREA 3,JATIM,LAMONGAN,TUBAN BOJONEGORO,,,0,0,0,JAWA TIMUR,TUBAN,TUBAN,KEMBANGBILO,TUBAN
3171868602,,ODP-BCR-FAC/52,-6.770463,111.719932,,,4,4,0,0,8,REGIONAL 5,MADIUN,TUBAN,BCR,,,2024-03-16 23:29:00,43443,2018,12,NON TITO,,,JAWA TIMUR,0.5,YELLOW,407043715,AREA 3,JATIM,LAMONGAN,TUBAN BOJONEGORO,,,0,0,0,JAWA TIMUR,TUBAN,BANCAR,BULUJOWO,TUBAN
3171868732,,ODP-BCR-FAC/55,-6.769498,111.717344,,,2,6,0,0,8,REGIONAL 5,MADIUN,TUBAN,BCR,,,2024-03-16 23:28:54,43443,2018,12,NON TITO,,,JAWA TIMUR,0.75,YELLOW,407043770,AREA 3,JATIM,LAMONGAN,TUBAN BOJONEGORO,,,0,0,0,JAWA TIMUR,TUBAN,BANCAR,BULUJOWO,TUBAN
8237818701,,ODP-BCR-FAE/04,-6.77424,111.749699,,,2,6,0,0,8,REGIONAL 5,MADIUN,TUBAN,BCR,,,2024-03-16 23:22:38,44536,2021,12,NON TITO,,,JAWA TIMUR,0.75,YELLOW,1161724156,AREA 3,JATIM,LAMONGAN,TUBAN BOJONEGORO,,,0,0,0,JAWA TIMUR,TUBAN,BANCAR,BONCONG,TUBAN
8390893927,,ODP-BCR-FAD/65,-6.802139,111.841794,,,2,6,0,0,8,REGIONAL 5,MADIUN,TUBAN,BCR,,,2024-03-16 23:24:12,44595,2022,2,NON TITO,,,JAWA TIMUR,0.75,YELLOW,1161505689,AREA 3,JATIM,LAMONGAN,TUBAN BOJONEGORO,,,0,0,0,JAWA TIMUR,TUBAN,TAMBAKBOYO,TAMBAKBOYO,TUBAN
3210869027,,ODP-TNZ-FU/16,-6.864021,112.026103,,,2,6,0,0,8,REGIONAL 5,MADIUN,TUBAN,TNZ,,,2024-03-16 23:28:06,43461,2018,12,NON TITO,,,JAWA TIMUR,0.75,YELLOW,408314646,AREA 3,JATIM,LAMONGAN,TUBAN BOJONEGORO,,,0,0,0,JAWA TIMUR,TUBAN,JENU,SUGIHWARAS,TUBAN
3210869037,,ODP-TNZ-FU/24,-6.872505,112.032047,,,3,5,0,0,8,REGIONAL 5,MADIUN,TUBAN,TNZ,,,2024-03-16 23:28:00,43461,2018,12,NON TITO,,,JAWA TIMUR,0.625,YELLOW,408314652,AREA 3,JATIM,LAMONGAN,TUBAN BOJONEGORO,,,0,0,0,JAWA TIMUR,TUBAN,JENU,SUGIHWARAS,TUBAN
3171868537,,ODP-BCR-FAD/34,-6.803244,111.844003,,,1,6,0,0,8,REGIONAL 5,MADIUN,TUBAN,BCR,,,2024-03-16 23:29:00,43443,2018,12,NON TITO,,,JAWA TIMUR,0.75,YELLOW,407043685,AREA 3,JATIM,LAMONGAN,TUBAN BOJONEGORO,,,0,0,0,JAWA TIMUR,TUBAN,TAMBAKBOYO,TAMBAKBOYO,TUBAN
3210869107,,ODP-TNZ-FU/23,-6.874265,112.033469,,,3,5,0,0,8,REGIONAL 5,MADIUN,TUBAN,TNZ,,,2024-03-16 23:28:16,43461,2018,12,NON TITO,,,JAWA TIMUR,0.625,YELLOW,408314684,AREA 3,JATIM,LAMONGAN,TUBAN BOJONEGORO,,,0,0,0,JAWA TIMUR,TUBAN,JENU,SUGIHWARAS,TUBAN
8390893902,,ODP-BCR-FAD/62,-6.802116,111.837955,,,2,6,0,0,8,REGIONAL 5,MADIUN,TUBAN,BCR,,,2024-03-16 23:24:17,44595,2022,2,NON TITO,,,JAWA TIMUR,0.75,YELLOW,1161505674,AREA 3,JATIM,LAMONGAN,TUBAN BOJONEGORO,,,0,0,0,JAWA TIMUR,TUBAN,TAMBAKBOYO,PABEYAN,TUBAN
3210869182,,ODP-TNZ-FU/21,-6.868744,112.027376,,,8,8,0,0,16,REGIONAL 5,MADIUN,TUBAN,TNZ,,,2024-03-16 23:28:22,43461,2018,12,NON TITO,,,JAWA TIMUR,0.5,YELLOW,408314738,AREA 3,JATIM,LAMONGAN,TUBAN BOJONEGORO,,,0,0,0,JAWA TIMUR,TUBAN,JENU,SUGIHWARAS,TUBAN
8390893887,,ODP-BCR-FAD/60,-6.801861,111.832095,,,2,5,0,0,8,REGIONAL 5,MADIUN,TUBAN,BCR,,,2024-03-16 23:24:10,44595,2022,2,NON TITO,,,JAWA TIMUR,0.625,YELLOW,1161505665,AREA 3,JATIM,LAMONGAN,TUBAN BOJONEGORO,,,0,0,0,JAWA TIMUR,TUBAN,TAMBAKBOYO,GADON,TUBAN
8280193583,,ODP-RGL-FAC/67,-7.028671,112.100594,,,3,5,0,0,8,REGIONAL 5,MADIUN,TUBAN,RGL,,,2024-03-16 23:22:06,44554,2021,12,NON TITO,,,JAWA TIMUR,0.625,YELLOW,1161497732,AREA 3,JATIM,LAMONGAN,TUBAN BOJONEGORO,,,0,0,0,JAWA TIMUR,TUBAN,PLUMPANG,PLUMPANG,TUBAN
3210869377,,ODP-TNZ-FU/14,-6.862026,112.021709,,,4,4,0,0,8,REGIONAL 5,MADIUN,TUBAN,TNZ,,,2024-03-16 23:28:11,43461,2018,12,NON TITO,,,JAWA TIMUR,0.5,YELLOW,408314862,AREA 3,JATIM,LAMONGAN,TUBAN BOJONEGORO,,,0,0,0,JAWA TIMUR,TUBAN,JENU,SUGIHWARAS,TUBAN
3207796707,,ODP-BCR-FAC/41,-6.775073,111.713201,,,2,5,0,0,8,REGIONAL 5,MADIUN,TUBAN,BCR,,,2024-03-16 23:29:17,43462,2018,12,NON TITO,,,JAWA TIMUR,0.625,YELLOW,408318010,AREA 3,JATIM,LAMONGAN,TUBAN BOJONEGORO,,,0,0,0,JAWA TIMUR,TUBAN,BANCAR,SUKOLILO,TUBAN
3208393937,,ODP-MRR-FAD/07,-6.791504,111.928293,,,2,6,0,0,8,REGIONAL 5,MADIUN,TUBAN,MRR,,,2024-03-16 23:23:34,43462,2018,12,NON TITO,,,JAWA TIMUR,0.75,YELLOW,408320069,AREA 3,JATIM,LAMONGAN,TUBAN BOJONEGORO,,,0,0,0,JAWA TIMUR,TUBAN,JENU,PURWOREJO,TUBAN
8223044272,,ODP-TNZ-FY/13,-6.902816,112.065912,,,2,6,0,0,8,REGIONAL 5,MADIUN,TUBAN,TNZ,,,2024-03-16 23:29:03,44533,2021,12,NON TITO,,,JAWA TIMUR,0.75,YELLOW,1161427334,AREA 3,JATIM,LAMONGAN,TUBAN BOJONEGORO,,,0,0,0,JAWA TIMUR,TUBAN,TUBAN,KEBONSARI,TUBAN
8390893907,,ODP-BCR-FAD/64,-6.802641,111.838829,,,2,6,0,0,8,REGIONAL 5,MADIUN,TUBAN,BCR,,,2024-03-16 23:24:22,44595,2022,2,NON TITO,,,JAWA TIMUR,0.75,YELLOW,1161505677,AREA 3,JATIM,LAMONGAN,TUBAN BOJONEGORO,,,0,0,0,JAWA TIMUR,TUBAN,TAMBAKBOYO,PABEYAN,TUBAN
3158443998,,ODP-JTR-FF/53,-6.879064,111.658924,,,2,6,0,0,8,REGIONAL 5,MADIUN,TUBAN,JTR,,,2024-03-16 23:29:15,43439,2018,12,NON TITO,,,JAWA TIMUR,0.75,YELLOW,406962501,AREA 3,JATIM,LAMONGAN,TUBAN BOJONEGORO,,,0,0,0,JAWA TIMUR,TUBAN,JATIROGO,SADANG,TUBAN
3152970883,,ODP-JTR-FF/43,-6.866519,111.653496,,,8,8,0,0,16,REGIONAL 5,MADIUN,TUBAN,JTR,,,2024-03-16 23:27:19,43438,2018,12,NON TITO,,,JAWA TIMUR,0.5,YELLOW,406842462,AREA 3,JATIM,LAMONGAN,TUBAN BOJONEGORO,,,0,0,0,JAWA TIMUR,TUBAN,JATIROGO,BADER,TUBAN
3152970804,,ODP-JTR-FF/49,-6.89289,111.670741,,,9,7,0,0,16,REGIONAL 5,MADIUN,TUBAN,JTR,,,2024-03-16 23:27:50,43438,2018,12,NON TITO,,,JAWA TIMUR,0.4375,YELLOW,406842404,AREA 3,JATIM,LAMONGAN,TUBAN BOJONEGORO,,,0,0,0,JAWA TIMUR,TUBAN,JATIROGO,SUGIHAN,TUBAN
3136997917,,ODP-RGL-FAD/35,-7.102654,111.937575,,,2,6,0,0,8,REGIONAL 5,MADIUN,TUBAN,RGL,,,2024-03-16 23:22:42,43434,2018,11,NON TITO,,,JAWA TIMUR,0.75,YELLOW,406456192,AREA 3,JATIM,LAMONGAN,TUBAN BOJONEGORO,,,0,0,0,JAWA TIMUR,TUBAN,SOKO,BANGUNREJO,TUBAN
8385795232,,ODP-RGL-FAC/74,-7.032254,112.133388,,,2,6,0,0,8,REGIONAL 5,MADIUN,TUBAN,RGL,,,2024-03-16 23:26:46,44588,2022,1,NON TITO,,,JAWA TIMUR,0.75,YELLOW,1165138170,AREA 3,JATIM,LAMONGAN,TUBAN BOJONEGORO,,,0,0,0,JAWA TIMUR,TUBAN,PLUMPANG,PENIDON,TUBAN
8385795227,,ODP-RGL-FAC/80,-7.028725,112.128225,,,2,6,0,0,8,REGIONAL 5,MADIUN,TUBAN,RGL,,,2024-03-16 23:26:47,44588,2022,1,NON TITO,,,JAWA TIMUR,0.75,YELLOW,1165138167,AREA 3,JATIM,LAMONGAN,TUBAN BOJONEGORO,,,0,0,0,JAWA TIMUR,TUBAN,PLUMPANG,MAGERSARI,TUBAN
8385795222,,ODP-RGL-FAC/75,-7.030872,112.133221,,,9,7,0,0,16,REGIONAL 5,MADIUN,TUBAN,RGL,,,2024-03-16 23:26:29,44588,2022,1,NON TITO,,,JAWA TIMUR,0.4375,YELLOW,1165138164,AREA 3,JATIM,LAMONGAN,TUBAN BOJONEGORO,,,0,0,0,JAWA TIMUR,TUBAN,PLUMPANG,PENIDON,TUBAN
8385795217,,ODP-RGL-FAC/79,-7.027855,112.126646,,,2,6,0,0,8,REGIONAL 5,MADIUN,TUBAN,RGL,,,2024-03-16 23:26:41,44588,2022,1,NON TITO,,,JAWA TIMUR,0.75,YELLOW,1165138161,AREA 3,JATIM,LAMONGAN,TUBAN BOJONEGORO,,,0,0,0,JAWA TIMUR,TUBAN,PLUMPANG,MAGERSARI,TUBAN
3171868582,,ODP-BCR-FAC/48,-6.771627,111.721254,,,3,5,0,0,8,REGIONAL 5,MADIUN,TUBAN,BCR,,,2024-03-16 23:29:02,43443,2018,12,NON TITO,,,JAWA TIMUR,0.625,YELLOW,406510651,AREA 3,JATIM,LAMONGAN,TUBAN BOJONEGORO,,,0,0,0,JAWA TIMUR,TUBAN,BANCAR,BULUJOWO,TUBAN
3171868697,,ODP-BCR-FAD/37,-6.802172,111.854112,,,2,6,0,0,8,REGIONAL 5,MADIUN,TUBAN,BCR,,,2024-03-16 23:25:55,43443,2018,12,NON TITO,,,JAWA TIMUR,0.75,YELLOW,406510692,AREA 3,JATIM,LAMONGAN,TUBAN BOJONEGORO,,,0,0,0,JAWA TIMUR,TUBAN,TAMBAKBOYO,SOBONTORO,TUBAN
8367868825,,ODP-RGL-FAH/45,-7.08077,112.118694,,,2,6,0,0,8,REGIONAL 5,MADIUN,TUBAN,RGL,,,2024-03-16 23:23:23,44582,2022,1,NON TITO,,,JAWA TIMUR,0.75,YELLOW,1165101012,AREA 3,JATIM,LAMONGAN,TUBAN BOJONEGORO,,,0,0,0,JAWA TIMUR,TUBAN,PLUMPANG,KLOTOK,TUBAN
3136997812,,ODP-RGL-FAD/31,-7.108641,111.928349,,,3,4,0,0,8,REGIONAL 5,MADIUN,TUBAN,RGL,,,2024-03-16 23:22:44,43434,2018,11,NON TITO,,,JAWA TIMUR,0.5,YELLOW,406818280,AREA 3,JATIM,LAMONGAN,TUBAN BOJONEGORO,,,0,0,0,JAWA TIMUR,TUBAN,SOKO,MENTORO,TUBAN
8365169332,,ODP-RGL-FAB/52,-7.066003,112.002041,,,8,8,0,0,16,REGIONAL 5,MADIUN,TUBAN,RGL,,,2024-03-16 23:28:07,44581,2022,1,NON TITO,,,JAWA TIMUR,0.5,YELLOW,1165093028,AREA 3,JATIM,LAMONGAN,TUBAN BOJONEGORO,,,0,0,0,JAWA TIMUR,TUBAN,RENGEL,RENGEL,TUBAN
8365169329,,ODP-RGL-FAB/51,-7.065906,112.004009,,,3,5,0,0,8,REGIONAL 5,MADIUN,TUBAN,RGL,,,2024-03-16 23:28:06,44581,2022,1,NON TITO,,,JAWA TIMUR,0.625,YELLOW,1165093026,AREA 3,JATIM,LAMONGAN,TUBAN BOJONEGORO,,,0,0,0,JAWA TIMUR,TUBAN,RENGEL,RENGEL,TUBAN
3138793847,,ODP-JTR-FF/40,-6.895167,111.653289,,,7,9,0,0,16,REGIONAL 5,MADIUN,TUBAN,JTR,,,2024-03-16 23:29:08,43435,2018,12,NON TITO,,,JAWA TIMUR,0.5625,YELLOW,406827782,AREA 3,JATIM,LAMONGAN,TUBAN BOJONEGORO,,,0,0,0,JAWA TIMUR,TUBAN,JATIROGO,WOTSOGO,TUBAN
8365169320,,ODP-RGL-FAB/49,-7.064469,112.010431,,,2,6,0,0,8,REGIONAL 5,MADIUN,TUBAN,RGL,,,2024-03-16 23:28:08,44581,2022,1,NON TITO,,,JAWA TIMUR,0.75,YELLOW,1165093020,AREA 3,JATIM,LAMONGAN,TUBAN BOJONEGORO,,,0,0,0,JAWA TIMUR,TUBAN,RENGEL,SUMBEREJO,TUBAN
8365169317,,ODP-RGL-FAB/48,-7.065466,112.013296,,,2,5,0,0,8,REGIONAL 5,MADIUN,TUBAN,RGL,,,2024-03-16 23:28:14,44581,2022,1,NON TITO,,,JAWA TIMUR,0.625,YELLOW,1165093018,AREA 3,JATIM,LAMONGAN,TUBAN BOJONEGORO,,,0,0,0,JAWA TIMUR,TUBAN,RENGEL,SUMBEREJO,TUBAN
3152970631,,ODP-JTR-FF/44,-6.867305,111.655887,,,1,6,0,0,8,REGIONAL 5,MADIUN,TUBAN,JTR,,,2024-03-16 23:28:24,43438,2018,12,NON TITO,,,JAWA TIMUR,0.75,YELLOW,406842274,AREA 3,JATIM,LAMONGAN,TUBAN BOJONEGORO,,,0,0,0,JAWA TIMUR,TUBAN,JATIROGO,BADER,TUBAN
3152970634,,ODP-JTR-FF/50,-6.891312,111.669743,,,9,7,0,0,16,REGIONAL 5,MADIUN,TUBAN,JTR,,,2024-03-16 23:28:36,43438,2018,12,NON TITO,,,JAWA TIMUR,0.4375,YELLOW,406842276,AREA 3,JATIM,LAMONGAN,TUBAN BOJONEGORO,,,0,0,0,JAWA TIMUR,TUBAN,JATIROGO,SUGIHAN,TUBAN
8357068560,,ODP-TNZ-FJ/90,-6.903291,112.138109,,,2,6,0,0,8,REGIONAL 5,MADIUN,TUBAN,TNZ,,,2024-03-16 23:23:59,44578,2022,1,NON TITO,,,JAWA TIMUR,0.75,YELLOW,1165062994,AREA 3,JATIM,LAMONGAN,TUBAN BOJONEGORO,,,0,0,0,JAWA TIMUR,TUBAN,PALANG,PUCANGAN,TUBAN
8356243528,,ODP-RGL-FAD/83,-7.106552,111.920337,,,2,6,0,0,8,REGIONAL 5,MADIUN,TUBAN,RGL,,,2024-03-16 23:23:31,44578,2022,1,NON TITO,,,JAWA TIMUR,0.75,YELLOW,1165062119,AREA 3,JATIM,LAMONGAN,TUBAN BOJONEGORO,,,0,0,0,JAWA TIMUR,TUBAN,SOKO,PANDANAGUNG,TUBAN
8343794713,,ODP-TNZ-FK/84,-6.913841,112.089635,,,8,8,0,0,16,REGIONAL 5,MADIUN,TUBAN,TNZ,,,2024-03-16 23:22:40,44575,2022,1,NON TITO,,,JAWA TIMUR,0.5,YELLOW,1165044935,AREA 3,JATIM,LAMONGAN,TUBAN BOJONEGORO,,,0,0,0,JAWA TIMUR,TUBAN,PALANG,TASIKMADU,TUBAN
8223044262,,ODP-TNZ-FY/16,-6.903146,112.073048,,,3,5,0,0,8,REGIONAL 5,MADIUN,TUBAN,TNZ,,,2024-03-16 23:29:03,44533,2021,12,NON TITO,,,JAWA TIMUR,0.625,YELLOW,1161427327,AREA 3,JATIM,LAMONGAN,TUBAN BOJONEGORO,,,0,0,0,JAWA TIMUR,TUBAN,SEMANDING,GEDONGOMBO,TUBAN
8189746227,,ODP-RGL-FAF/23,-7.006024,112.11036,,,6,10,0,0,16,REGIONAL 5,MADIUN,TUBAN,RGL,,,2024-03-16 23:21:19,44531,2021,12,NON TITO,,,JAWA TIMUR,0.625,YELLOW,1156695334,AREA 3,JATIM,LAMONGAN,TUBAN BOJONEGORO,,,0,0,0,JAWA TIMUR,TUBAN,PLUMPANG,SUMBERAGUNG,TUBAN
8189746222,,ODP-RGL-FAF/19,-7.002994,112.112095,,,2,6,0,0,8,REGIONAL 5,MADIUN,TUBAN,RGL,,,2024-03-16 23:22:40,44531,2021,12,NON TITO,,,JAWA TIMUR,0.75,YELLOW,1156695330,AREA 3,JATIM,LAMONGAN,TUBAN BOJONEGORO,,,0,0,0,JAWA TIMUR,TUBAN,PLUMPANG,SUMBERAGUNG,TUBAN
8189746212,,ODP-RGL-FAF/17,-7.002447,112.115163,,,3,5,0,0,8,REGIONAL 5,MADIUN,TUBAN,RGL,,,2024-03-16 23:22:42,44531,2021,12,NON TITO,,,JAWA TIMUR,0.625,YELLOW,1156695322,AREA 3,JATIM,LAMONGAN,TUBAN BOJONEGORO,,,0,0,0,JAWA TIMUR,TUBAN,PLUMPANG,SUMBERAGUNG,TUBAN
7436668665,,ODP-TNZ-FX/28,-6.898502,112.03636,,,3,5,0,0,8,REGIONAL 5,MADIUN,TUBAN,TNZ,,,2024-03-16 23:27:47,44431,2021,8,NON TITO,,,JAWA TIMUR,0.625,YELLOW,1022597554,AREA 3,JATIM,LAMONGAN,TUBAN BOJONEGORO,,,0,0,0,JAWA TIMUR,TUBAN,TUBAN,KEMBANGBILO,TUBAN
7436668656,,ODP-TNZ-FX/20,-6.90098,112.022822,,,3,5,0,0,8,REGIONAL 5,MADIUN,TUBAN,TNZ,,,2024-03-16 23:26:50,44431,2021,8,NON TITO,,,JAWA TIMUR,0.625,YELLOW,1022597548,AREA 3,JATIM,LAMONGAN,TUBAN BOJONEGORO,,,0,0,0,JAWA TIMUR,TUBAN,TUBAN,KEMBANGBILO,TUBAN
3262243679,,ODP-MRR-FAA/64,-6.864437,111.940134,,,2,6,0,0,8,REGIONAL 5,MADIUN,TUBAN,MRR,,,2024-03-16 23:26:16,43481,2019,1,NON TITO,,,JAWA TIMUR,0.75,YELLOW,451744678,AREA 3,JATIM,LAMONGAN,TUBAN BOJONEGORO,,,0,0,0,JAWA TIMUR,TUBAN,MERAKURAK,SEMBUNGREJO,TUBAN
8357068565,,ODP-TNZ-FJ/89,-6.902958,112.136029,,,3,5,0,0,8,REGIONAL 5,MADIUN,TUBAN,TNZ,,,2023-08-30 17:59:36,44578,2022,1,NON TITO,,,JAWA TIMUR,0.625,YELLOW,1165062997,AREA 3,JATIM,LAMONGAN,TUBAN BOJONEGORO,,,0,0,0,JAWA TIMUR,TUBAN,PALANG,PUCANGAN,TUBAN
3262243862,,ODP-MRR-FAA/57,-6.861739,111.931173,,,2,6,0,0,8,REGIONAL 5,MADIUN,TUBAN,MRR,,,2024-03-16 23:26:03,43481,2019,1,NON TITO,,,JAWA TIMUR,0.75,YELLOW,451744848,AREA 3,JATIM,LAMONGAN,TUBAN BOJONEGORO,,,0,0,0,JAWA TIMUR,TUBAN,MERAKURAK,TOBO,TUBAN
7436668641,,ODP-TNZ-FX/25,-6.904065,112.029071,,,2,6,0,0,8,REGIONAL 5,MADIUN,TUBAN,TNZ,,,2024-03-16 23:27:26,44431,2021,8,NON TITO,,,JAWA TIMUR,0.75,YELLOW,1022597538,AREA 3,JATIM,LAMONGAN,TUBAN BOJONEGORO,,,0,0,0,JAWA TIMUR,TUBAN,TUBAN,KEMBANGBILO,TUBAN
7385594478,,ODP-TNZ-FV/24,-6.904763,112.050079,,,2,6,0,0,8,REGIONAL 5,MADIUN,TUBAN,TNZ,,,2024-03-16 23:23:21,44422,2021,8,NON TITO,,,JAWA TIMUR,0.75,YELLOW,989295690,AREA 3,JATIM,LAMONGAN,TUBAN BOJONEGORO,,,0,0,0,JAWA TIMUR,TUBAN,TUBAN,SIDOREJO,TUBAN
3262243940,,ODP-MRR-FAA/70,-6.870974,111.960949,,,2,5,0,0,8,REGIONAL 5,MADIUN,TUBAN,MRR,,,2024-03-16 23:26:00,43481,2019,1,NON TITO,,,JAWA TIMUR,0.625,YELLOW,451744909,AREA 3,JATIM,LAMONGAN,TUBAN BOJONEGORO,,,0,0,0,JAWA TIMUR,TUBAN,MERAKURAK,SENORI,TUBAN
7385594463,,ODP-TNZ-FV/34,-6.914607,112.050282,,,2,6,0,0,8,REGIONAL 5,MADIUN,TUBAN,TNZ,,,2024-03-16 23:22:43,44422,2021,8,NON TITO,,,JAWA TIMUR,0.75,YELLOW,989295681,AREA 3,JATIM,LAMONGAN,TUBAN BOJONEGORO,,,0,0,0,JAWA TIMUR,TUBAN,SEMANDING,TEGALAGUNG,TUBAN
3262244069,,ODP-MRR-FAA/61,-6.86337,111.935791,,,4,4,0,0,8,REGIONAL 5,MADIUN,TUBAN,MRR,,,2024-03-16 23:25:16,43481,2019,1,NON TITO,,,JAWA TIMUR,0.5,YELLOW,451745044,AREA 3,JATIM,LAMONGAN,TUBAN BOJONEGORO,,,0,0,0,JAWA TIMUR,TUBAN,MERAKURAK,SEMBUNGREJO,TUBAN
7385594443,,ODP-TNZ-FV/27,-6.908148,112.052018,,,2,6,0,0,8,REGIONAL 5,MADIUN,TUBAN,TNZ,,,2024-03-16 23:22:48,44422,2021,8,NON TITO,,,JAWA TIMUR,0.75,YELLOW,989295669,AREA 3,JATIM,LAMONGAN,TUBAN BOJONEGORO,,,0,0,0,JAWA TIMUR,TUBAN,SEMANDING,KARANG,TUBAN
3208770347,,ODP-TNZ-FG/88,-6.898807,112.039574,,,5,11,0,0,16,REGIONAL 5,MADIUN,TUBAN,TNZ,,,2024-03-16 23:27:38,43481,2019,1,NON TITO,,,JAWA TIMUR,0.6875,YELLOW,451746574,AREA 3,JATIM,LAMONGAN,TUBAN BOJONEGORO,,,0,0,0,JAWA TIMUR,TUBAN,TUBAN,LATSARI,TUBAN
7385594428,,ODP-TNZ-FV/30,-6.911819,112.05057,,,1,6,0,0,8,REGIONAL 5,MADIUN,TUBAN,TNZ,,,2024-03-16 23:23:04,44422,2021,8,NON TITO,,,JAWA TIMUR,0.75,YELLOW,989295660,AREA 3,JATIM,LAMONGAN,TUBAN BOJONEGORO,,,0,0,0,JAWA TIMUR,TUBAN,SEMANDING,TEGALAGUNG,TUBAN
7385594423,,ODP-TNZ-FV/28,-6.910165,112.050291,,,7,9,0,0,16,REGIONAL 5,MADIUN,TUBAN,TNZ,,,2024-03-16 23:22:43,44422,2021,8,NON TITO,,,JAWA TIMUR,0.5625,YELLOW,989295657,AREA 3,JATIM,LAMONGAN,TUBAN BOJONEGORO,,,0,0,0,JAWA TIMUR,TUBAN,SEMANDING,TEGALAGUNG,TUBAN
3254372152,,ODP-TNZ-FT/105,-6.889471,112.038129,,,2,6,0,0,8,REGIONAL 5,MADIUN,TUBAN,TNZ,,,2024-03-16 23:23:33,43483,2019,1,NON TITO,,,JAWA TIMUR,0.75,YELLOW,463515324,AREA 3,JATIM,LAMONGAN,TUBAN BOJONEGORO,,,0,0,0,JAWA TIMUR,TUBAN,TUBAN,PERBON,TUBAN
3254372353,,ODP-TNZ-FT/102,-6.889353,112.037599,,,4,4,0,0,8,REGIONAL 5,MADIUN,TUBAN,TNZ,,,2024-03-16 23:23:07,43483,2019,1,NON TITO,,,JAWA TIMUR,0.5,YELLOW,463515444,AREA 3,JATIM,LAMONGAN,TUBAN BOJONEGORO,,,0,0,0,JAWA TIMUR,TUBAN,TUBAN,PERBON,TUBAN
3254372582,,ODP-TNZ-FT/104,-6.887546,112.039199,,,2,6,0,0,8,REGIONAL 5,MADIUN,TUBAN,TNZ,,,2024-03-16 23:22:42,43483,2019,1,NON TITO,,,JAWA TIMUR,0.75,YELLOW,463515585,AREA 3,JATIM,LAMONGAN,TUBAN BOJONEGORO,,,0,0,0,JAWA TIMUR,TUBAN,TUBAN,PERBON,TUBAN
7347721441,,ODP-MRR-FAF/15,-6.78185,111.973027,,,8,8,0,0,16,REGIONAL 5,MADIUN,TUBAN,MRR,,,2024-03-16 23:27:19,44418,2021,8,NON TITO,,,JAWA TIMUR,0.5,YELLOW,967470569,AREA 3,JATIM,LAMONGAN,TUBAN BOJONEGORO,,,0,0,0,JAWA TIMUR,TUBAN,JENU,MENTOSO,TUBAN
3331469004,,ODP-RGL-FAE/13,-7.081772,111.976384,,,7,9,0,0,16,REGIONAL 5,MADIUN,TUBAN,RGL,,,2024-03-16 23:23:48,43504,2019,2,NON TITO,,,JAWA TIMUR,0.5625,YELLOW,507679590,AREA 3,JATIM,LAMONGAN,TUBAN BOJONEGORO,,,0,0,0,JAWA TIMUR,TUBAN,RENGEL,PEKUWON,TUBAN
3249794960,,ODP-JTR-FC/44,-6.978428,111.703753,,,3,5,0,0,8,REGIONAL 5,MADIUN,TUBAN,JTR,,,2024-03-16 23:24:50,43474,2019,1,NON TITO,,,JAWA TIMUR,0.625,YELLOW,448138045,AREA 3,JATIM,LAMONGAN,TUBAN BOJONEGORO,,,0,0,0,JAWA TIMUR,TUBAN,BANGILAN,SIDOKUMPUL,TUBAN
3136997787,,ODP-RGL-FAD/32,-7.109071,111.932591,,,1,6,0,0,8,REGIONAL 5,MADIUN,TUBAN,RGL,,,2024-03-16 23:22:45,43434,2018,11,NON TITO,,,JAWA TIMUR,0.75,YELLOW,406456153,AREA 3,JATIM,LAMONGAN,TUBAN BOJONEGORO,,,0,0,0,JAWA TIMUR,TUBAN,SOKO,MENTORO,TUBAN
7436668674,,ODP-TNZ-FX/19,-6.899722,112.021334,,,4,4,0,0,8,REGIONAL 5,MADIUN,TUBAN,TNZ,,,2024-03-16 23:27:49,44431,2021,8,NON TITO,,,JAWA TIMUR,0.5,YELLOW,1022597560,AREA 3,JATIM,LAMONGAN,TUBAN BOJONEGORO,,,0,0,0,JAWA TIMUR,TUBAN,TUBAN,SUGIHARJO,TUBAN
7472894050,,ODP-JTR-FF/76,-6.881921,111.642861,,,2,5,0,0,8,REGIONAL 5,MADIUN,TUBAN,JTR,,,2024-03-16 23:28:55,44435,2021,8,NON TITO,,,JAWA TIMUR,0.625,YELLOW,1029345098,AREA 3,JATIM,LAMONGAN,TUBAN BOJONEGORO,,,0,0,0,JAWA TIMUR,TUBAN,JATIROGO,JOMBOK,TUBAN
8186743816,,ODP-TNZ-FJ/87,-6.901532,112.146593,,,2,6,0,0,8,REGIONAL 5,MADIUN,TUBAN,TNZ,,,2024-03-16 23:26:00,44524,2021,11,NON TITO,,,JAWA TIMUR,0.75,YELLOW,1135545958,AREA 3,JATIM,LAMONGAN,TUBAN BOJONEGORO,,,0,0,0,JAWA TIMUR,TUBAN,PALANG,LERAN KULON,TUBAN
8113393666,,ODP-RGL-FAE/44,-7.09298,111.964284,,,2,6,0,0,8,REGIONAL 5,MADIUN,TUBAN,RGL,,,2024-03-16 23:27:10,44516,2021,11,NON TITO,,,JAWA TIMUR,0.75,YELLOW,1114893776,AREA 3,JATIM,LAMONGAN,TUBAN BOJONEGORO,,,0,0,0,JAWA TIMUR,TUBAN,SOKO,SUMURCINDE,TUBAN
8086393827,,ODP-RGL-FAC/63,-7.026825,112.097209,,,2,6,0,0,8,REGIONAL 5,MADIUN,TUBAN,RGL,,,2024-03-16 23:21:09,44512,2021,11,NON TITO,,,JAWA TIMUR,0.75,YELLOW,1114872912,AREA 3,JATIM,LAMONGAN,TUBAN BOJONEGORO,,,0,0,0,JAWA TIMUR,TUBAN,PLUMPANG,PLUMPANG,TUBAN
8086393821,,ODP-MRR-FAA/81,-6.867523,112.004175,,,8,8,0,0,16,REGIONAL 5,MADIUN,TUBAN,MRR,,,2024-03-16 23:24:18,44512,2021,11,NON TITO,,,JAWA TIMUR,0.5,YELLOW,1114872901,AREA 3,JATIM,LAMONGAN,TUBAN BOJONEGORO,,,0,0,0,JAWA TIMUR,TUBAN,MERAKURAK,SUMBERJO,TUBAN
3210869032,,ODP-TNZ-FU/15,-6.863455,112.02311,,,4,12,0,0,16,REGIONAL 5,MADIUN,TUBAN,TNZ,,,2024-03-16 23:27:12,43461,2018,12,NON TITO,,,JAWA TIMUR,0.75,YELLOW,408388809,AREA 3,JATIM,LAMONGAN,TUBAN BOJONEGORO,,,0,0,0,JAWA TIMUR,TUBAN,JENU,SUGIHWARAS,TUBAN
8086393809,,ODP-RGL-FAC/62,-7.027923,112.097037,,,2,6,0,0,8,REGIONAL 5,MADIUN,TUBAN,RGL,,,2024-03-16 23:24:10,44512,2021,11,NON TITO,,,JAWA TIMUR,0.75,YELLOW,1114872891,AREA 3,JATIM,LAMONGAN,TUBAN BOJONEGORO,,,0,0,0,JAWA TIMUR,TUBAN,PLUMPANG,PLUMPANG,TUBAN
8086393784,,ODP-RGL-FAH/44,-7.05965,112.072905,,,2,6,0,0,8,REGIONAL 5,MADIUN,TUBAN,RGL,,,2024-03-16 23:24:15,44512,2021,11,NON TITO,,,JAWA TIMUR,0.75,YELLOW,1114872854,AREA 3,JATIM,LAMONGAN,TUBAN BOJONEGORO,,,0,0,0,JAWA TIMUR,TUBAN,PLUMPANG,KEDUNGREJO,TUBAN
8086393779,,ODP-RGL-FAH/43,-7.046901,112.076461,,,2,6,0,0,8,REGIONAL 5,MADIUN,TUBAN,RGL,,,2024-03-16 23:24:09,44512,2021,11,NON TITO,,,JAWA TIMUR,0.75,YELLOW,1114872845,AREA 3,JATIM,LAMONGAN,TUBAN BOJONEGORO,,,0,0,0,JAWA TIMUR,TUBAN,PLUMPANG,KEPOH AGUNG,TUBAN
8086393774,,ODP-MRR-FAB/64,-6.843488,112.005887,,,8,8,0,0,16,REGIONAL 5,MADIUN,TUBAN,MRR,,,2024-03-16 23:23:54,44512,2021,11,NON TITO,,,JAWA TIMUR,0.5,YELLOW,1114872816,AREA 3,JATIM,LAMONGAN,TUBAN BOJONEGORO,,,0,0,0,JAWA TIMUR,TUBAN,JENU,SEKARDADI,TUBAN
8026322697,,ODP-TNZ-FD/98,-6.900931,112.059915,,,3,5,0,0,8,REGIONAL 5,MADIUN,TUBAN,TNZ,,,2024-03-16 23:29:14,44505,2021,11,NON TITO,,,JAWA TIMUR,0.625,YELLOW,1093475901,AREA 3,JATIM,LAMONGAN,TUBAN BOJONEGORO,,,0,0,0,JAWA TIMUR,TUBAN,TUBAN,KEBONSARI,TUBAN
8383844831,,ODP-RGL-FAC/68,-7.033998,112.085304,,,2,6,0,0,8,REGIONAL 5,MADIUN,TUBAN,RGL,,,2023-08-30 18:09:18,44594,2022,2,NON TITO,,,JAWA TIMUR,0.75,YELLOW,1165180383,AREA 3,JATIM,LAMONGAN,TUBAN BOJONEGORO,,,0,0,0,JAWA TIMUR,TUBAN,PLUMPANG,SUMURJALAK,TUBAN
7836139128,,ODP-TNZ-FJ/85,-6.911226,112.134828,,,4,4,0,0,8,REGIONAL 5,MADIUN,TUBAN,TNZ,,,2024-03-16 23:22:25,44485,2021,10,NON TITO,,,JAWA TIMUR,0.5,YELLOW,1074884800,AREA 3,JATIM,LAMONGAN,TUBAN BOJONEGORO,,,0,0,0,JAWA TIMUR,TUBAN,PALANG,PUCANGAN,TUBAN
7836139123,,ODP-TNZ-FJ/86,-6.904734,112.134104,,,4,12,0,0,16,REGIONAL 5,MADIUN,TUBAN,TNZ,,,2024-03-16 23:27:27,44485,2021,10,NON TITO,,,JAWA TIMUR,0.75,YELLOW,1074884797,AREA 3,JATIM,LAMONGAN,TUBAN BOJONEGORO,,,0,0,0,JAWA TIMUR,TUBAN,PALANG,PUCANGAN,TUBAN
3208393992,,ODP-MRR-FAD/14,-6.789105,111.925848,,,3,5,0,0,8,REGIONAL 5,MADIUN,TUBAN,MRR,,,2024-03-16 23:23:43,43462,2018,12,NON TITO,,,JAWA TIMUR,0.625,YELLOW,408394390,AREA 3,JATIM,LAMONGAN,TUBAN BOJONEGORO,,,0,0,0,JAWA TIMUR,TUBAN,JENU,PURWOREJO,TUBAN
3208394002,,ODP-MRR-FAD/29,-6.773238,111.958661,,,2,6,0,0,8,REGIONAL 5,MADIUN,TUBAN,MRR,,,2024-03-16 23:23:48,43462,2018,12,NON TITO,,,JAWA TIMUR,0.75,YELLOW,408394407,AREA 3,JATIM,LAMONGAN,TUBAN BOJONEGORO,,,0,0,0,JAWA TIMUR,TUBAN,JENU,REMEN,TUBAN
7721593867,,ODP-TNZ-FA/108,-6.88652,112.041964,,,3,5,0,0,8,REGIONAL 5,MADIUN,TUBAN,TNZ,,,2024-03-16 23:21:18,44466,2021,9,NON TITO,,,JAWA TIMUR,0.625,YELLOW,1057196576,AREA 3,JATIM,LAMONGAN,TUBAN BOJONEGORO,,,0,0,0,JAWA TIMUR,TUBAN,TUBAN,LATSARI,TUBAN
3208394022,,ODP-MRR-FAD/20,-6.772704,111.935809,,,1,6,1,0,8,REGIONAL 5,MADIUN,TUBAN,MRR,,,2024-03-16 23:23:55,43462,2018,12,NON TITO,,,JAWA TIMUR,0.75,YELLOW,408394421,AREA 3,JATIM,LAMONGAN,TUBAN BOJONEGORO,,,0,0,0,JAWA TIMUR,TUBAN,JENU,PURWOREJO,TUBAN
3223168897,,ODP-KRK-FB/21,-6.950816,111.877171,,,5,11,0,0,16,REGIONAL 5,MADIUN,TUBAN,KRK,,,2024-03-16 23:24:41,43469,2019,1,NON TITO,,,JAWA TIMUR,0.6875,YELLOW,424665442,AREA 3,JATIM,LAMONGAN,TUBAN BOJONEGORO,,,0,0,0,JAWA TIMUR,TUBAN,MONTONG,MONTONGSEKAR,TUBAN
7516393687,,ODP-TNZ-FS/28,-6.895907,112.069702,,,1,6,0,0,8,REGIONAL 5,MADIUN,TUBAN,TNZ,,,2024-03-16 23:23:26,44440,2021,9,NON TITO,,,JAWA TIMUR,0.75,YELLOW,1033996332,AREA 3,JATIM,LAMONGAN,TUBAN BOJONEGORO,,,0,0,0,JAWA TIMUR,TUBAN,TUBAN,SENDANGHARJO,TUBAN
3249794071,,ODP-JTR-FC/43,-6.97101,111.68582,,,7,8,0,0,16,REGIONAL 5,MADIUN,TUBAN,JTR,,,2024-03-16 23:24:39,43474,2019,1,NON TITO,,,JAWA TIMUR,0.5,YELLOW,448137708,AREA 3,JATIM,LAMONGAN,TUBAN BOJONEGORO,,,0,0,0,JAWA TIMUR,TUBAN,BANGILAN,SIDOTENTREM,TUBAN
3106170338,,ODP-JTR-FAA/34,-6.877138,111.653401,,,3,5,0,0,8,REGIONAL 5,MADIUN,TUBAN,JTR,,,2024-03-16 23:28:13,43420,2018,11,NON TITO,,,JAWA TIMUR,0.625,YELLOW,406372652,AREA 3,JATIM,LAMONGAN,TUBAN BOJONEGORO,,,0,0,0,JAWA TIMUR,TUBAN,JATIROGO,SADANG,TUBAN
8402743905,,ODP-RGL-FAD/87,-7.117454,111.942554,,,2,6,0,0,8,REGIONAL 5,MADIUN,TUBAN,RGL,,,2024-03-16 23:21:03,44595,2022,2,NON TITO,,,JAWA TIMUR,0.75,YELLOW,1165247468,AREA 3,JATIM,LAMONGAN,TUBAN BOJONEGORO,,,0,0,0,JAWA TIMUR,TUBAN,SOKO,SOKOSARI,TUBAN
8402743910,,ODP-RGL-FAD/88,-7.11676,111.944327,,,2,6,0,0,8,REGIONAL 5,MADIUN,TUBAN,RGL,,,2024-03-16 23:22:29,44595,2022,2,NON TITO,,,JAWA TIMUR,0.75,YELLOW,1165247471,AREA 3,JATIM,LAMONGAN,TUBAN BOJONEGORO,,,0,0,0,JAWA TIMUR,TUBAN,SOKO,SOKOSARI,TUBAN
8503168736,,ODP-RGL-FAK/06,-7.036704,112.070592,,,2,6,0,0,8,REGIONAL 5,MADIUN,TUBAN,RGL,,,2024-03-16 23:25:52,44636,2022,3,NON TITO,,,JAWA TIMUR,0.75,YELLOW,1168755649,AREA 3,JATIM,LAMONGAN,TUBAN BOJONEGORO,,,0,0,0,JAWA TIMUR,TUBAN,PLUMPANG,KESAMBEN,TUBAN
2670793668,,ODP-JTR-FC/28,-6.971525,111.710859,,,2,6,0,0,8,REGIONAL 5,MADIUN,TUBAN,JTR,,,2024-03-16 23:25:09,43289,2018,7,NON TITO,,,JAWA TIMUR,0.75,YELLOW,361945041,AREA 3,JATIM,LAMONGAN,TUBAN BOJONEGORO,,,0,0,0,JAWA TIMUR,TUBAN,BANGILAN,BANGILAN,TUBAN
2670793683,,ODP-JTR-FC/25,-6.96575,111.712495,,,2,6,0,0,8,REGIONAL 5,MADIUN,TUBAN,JTR,,,2024-03-16 23:25:10,43289,2018,7,NON TITO,,,JAWA TIMUR,0.75,YELLOW,361945052,AREA 3,JATIM,LAMONGAN,TUBAN BOJONEGORO,,,0,0,0,JAWA TIMUR,TUBAN,BANGILAN,BANGILAN,TUBAN
2670793698,,ODP-JTR-FC/32,-6.982686,111.71305,,,0,6,0,0,8,REGIONAL 5,MADIUN,TUBAN,JTR,,,2024-03-16 23:25:18,43289,2018,7,NON TITO,,,JAWA TIMUR,0.75,YELLOW,361945062,AREA 3,JATIM,LAMONGAN,TUBAN BOJONEGORO,,,0,0,0,JAWA TIMUR,TUBAN,BANGILAN,KABLUKAN,TUBAN
8499270295,,ODP-TNZ-FW/17,-6.931868,112.062973,,,8,8,0,0,16,REGIONAL 5,MADIUN,TUBAN,TNZ,,,2024-03-16 23:26:11,44633,2022,3,NON TITO,,,JAWA TIMUR,0.5,YELLOW,1168728664,AREA 3,JATIM,LAMONGAN,TUBAN BOJONEGORO,,,0,0,0,JAWA TIMUR,TUBAN,SEMANDING,SEMANDING,TUBAN
2692170344,,ODP-JTR-FC/42,-6.977219,111.710665,,,8,8,0,0,16,REGIONAL 5,MADIUN,TUBAN,JTR,,,2024-03-16 23:23:32,43299,2018,7,NON TITO,,,JAWA TIMUR,0.5,YELLOW,362354114,AREA 3,JATIM,LAMONGAN,TUBAN BOJONEGORO,,,0,0,0,JAWA TIMUR,TUBAN,BANGILAN,SIDOKUMPUL,TUBAN
2692169669,,ODP-BCR-FAC/46,-6.772112,111.714605,,,4,4,0,0,8,REGIONAL 5,MADIUN,TUBAN,BCR,,,2024-03-16 23:23:32,43299,2018,7,NON TITO,,,JAWA TIMUR,0.5,YELLOW,362567888,AREA 3,JATIM,LAMONGAN,TUBAN BOJONEGORO,,,0,0,0,JAWA TIMUR,TUBAN,BANCAR,SUKOLILO,TUBAN
8499270265,,ODP-TNZ-FW/16,-6.929828,112.063481,,,7,9,0,0,16,REGIONAL 5,MADIUN,TUBAN,TNZ,,,2024-03-16 23:26:20,44633,2022,3,NON TITO,,,JAWA TIMUR,0.5625,YELLOW,1168728642,AREA 3,JATIM,LAMONGAN,TUBAN BOJONEGORO,,,0,0,0,JAWA TIMUR,TUBAN,SEMANDING,SEMANDING,TUBAN
8499270260,,ODP-TNZ-FW/04,-6.911184,112.065028,,,3,5,0,0,8,REGIONAL 5,MADIUN,TUBAN,TNZ,,,2024-03-16 23:25:47,44633,2022,3,NON TITO,,,JAWA TIMUR,0.625,YELLOW,1168728639,AREA 3,JATIM,LAMONGAN,TUBAN BOJONEGORO,,,0,0,0,JAWA TIMUR,TUBAN,SEMANDING,GEDONGOMBO,TUBAN
2704394180,,ODP-KRK-FE/30,-6.878883,111.875243,,,3,5,0,0,8,REGIONAL 5,MADIUN,TUBAN,KRK,,,2024-03-16 23:25:13,43305,2018,7,NON TITO,,,JAWA TIMUR,0.625,YELLOW,368126601,AREA 3,JATIM,LAMONGAN,TUBAN BOJONEGORO,,,0,0,0,JAWA TIMUR,TUBAN,KEREK,KEDUNGREJO,TUBAN
2720225216,,ODP-KRK-FF/04,-6.887441,111.906625,,,2,6,0,0,8,REGIONAL 5,MADIUN,TUBAN,KRK,,,2024-03-16 23:28:28,43306,2018,7,NON TITO,,,JAWA TIMUR,0.75,YELLOW,368135295,AREA 3,JATIM,LAMONGAN,TUBAN BOJONEGORO,,,0,0,0,JAWA TIMUR,TUBAN,KEREK,KARANGLO,TUBAN
2704394720,,ODP-KRK-FE/28,-6.871376,111.840935,,,3,5,0,0,8,REGIONAL 5,MADIUN,TUBAN,KRK,,,2024-03-16 23:24:47,43305,2018,7,NON TITO,,,JAWA TIMUR,0.625,YELLOW,375390358,AREA 3,JATIM,LAMONGAN,TUBAN BOJONEGORO,,,0,0,0,JAWA TIMUR,TUBAN,KEREK,WOLU TENGAH,TUBAN
8502044706,,ODP-KRK-FH/01,-6.959935,111.907604,,,4,4,0,0,8,REGIONAL 5,MADIUN,TUBAN,KRK,,,2024-03-16 23:24:15,44632,2022,3,NON TITO,,,JAWA TIMUR,0.5,YELLOW,1168722684,AREA 3,JATIM,LAMONGAN,TUBAN BOJONEGORO,,,0,0,0,JAWA TIMUR,TUBAN,MONTONG,JETAK,TUBAN
2720226024,,ODP-KRK-FF/05,-6.886871,111.905023,,,3,5,0,0,8,REGIONAL 5,MADIUN,TUBAN,KRK,,,2024-03-16 23:28:32,43306,2018,7,NON TITO,,,JAWA TIMUR,0.625,YELLOW,375464503,AREA 3,JATIM,LAMONGAN,TUBAN BOJONEGORO,,,0,0,0,JAWA TIMUR,TUBAN,KEREK,KARANGLO,TUBAN
2736569632,,ODP-TNZ-FG/83,-6.895668,112.018421,,,3,5,0,0,8,REGIONAL 5,MADIUN,TUBAN,TNZ,,,2024-03-16 23:24:18,43314,2018,8,NON TITO,,,JAWA TIMUR,0.625,YELLOW,388439397,AREA 3,JATIM,LAMONGAN,TUBAN BOJONEGORO,,,0,0,0,JAWA TIMUR,TUBAN,TUBAN,SUGIHARJO,TUBAN
2736569747,,ODP-TNZ-FG/84,-6.896334,112.020791,,,4,4,0,0,8,REGIONAL 5,MADIUN,TUBAN,TNZ,,,2024-03-16 23:28:16,43314,2018,8,NON TITO,,,JAWA TIMUR,0.5,YELLOW,388439470,AREA 3,JATIM,LAMONGAN,TUBAN BOJONEGORO,,,0,0,0,JAWA TIMUR,TUBAN,TUBAN,SUGIHARJO,TUBAN
2736570551,,ODP-TNZ-FG/81,-6.901641,112.015765,,,3,5,0,0,8,REGIONAL 5,MADIUN,TUBAN,TNZ,,,2024-03-16 23:29:02,43314,2018,8,NON TITO,,,JAWA TIMUR,0.625,YELLOW,388439983,AREA 3,JATIM,LAMONGAN,TUBAN BOJONEGORO,,,0,0,0,JAWA TIMUR,TUBAN,TUBAN,SUGIHARJO,TUBAN
2767169001,,ODP-RGL-FAC/31,-7.017853,112.162712,,,3,5,0,0,8,REGIONAL 5,MADIUN,TUBAN,RGL,,,2024-03-16 23:21:49,43315,2018,8,NON TITO,,,JAWA TIMUR,0.625,YELLOW,388449760,AREA 3,JATIM,LAMONGAN,TUBAN BOJONEGORO,,,0,0,0,JAWA TIMUR,TUBAN,WIDANG,MRUTUK,TUBAN
2767169198,,ODP-RGL-FAC/29,-6.998511,112.167016,,,9,7,0,0,16,REGIONAL 5,MADIUN,TUBAN,RGL,,,2024-03-16 23:24:15,43315,2018,8,NON TITO,,,JAWA TIMUR,0.4375,YELLOW,388449906,AREA 3,JATIM,LAMONGAN,TUBAN BOJONEGORO,,,0,0,0,JAWA TIMUR,TUBAN,WIDANG,SUMBEREJO,TUBAN
8503168742,,ODP-RGL-FAK/08,-7.034081,112.069323,,,2,6,0,0,8,REGIONAL 5,MADIUN,TUBAN,RGL,,,2024-03-16 23:26:47,44636,2022,3,NON TITO,,,JAWA TIMUR,0.75,YELLOW,1168755653,AREA 3,JATIM,LAMONGAN,TUBAN BOJONEGORO,,,0,0,0,JAWA TIMUR,TUBAN,PLUMPANG,KESAMBEN,TUBAN
8502044391,,ODP-TNZ-FAC/21,-6.939322,112.097634,,,2,6,0,0,8,REGIONAL 5,MADIUN,TUBAN,TNZ,,,2024-03-16 23:24:20,44631,2022,3,NON TITO,,,JAWA TIMUR,0.75,YELLOW,1168719158,AREA 3,JATIM,LAMONGAN,TUBAN BOJONEGORO,,,0,0,0,JAWA TIMUR,TUBAN,SEMANDING,TUNAH,TUBAN
2670793648,,ODP-JTR-FC/21,-6.962462,111.713435,,,6,10,0,0,16,REGIONAL 5,MADIUN,TUBAN,JTR,,,2024-03-16 23:24:44,43289,2018,7,NON TITO,,,JAWA TIMUR,0.625,YELLOW,361945028,AREA 3,JATIM,LAMONGAN,TUBAN BOJONEGORO,,,0,0,0,JAWA TIMUR,TUBAN,BANGILAN,BANGILAN,TUBAN
8503168754,,ODP-RGL-FAK/07,-7.036136,112.067814,,,5,10,0,0,16,REGIONAL 5,MADIUN,TUBAN,RGL,,,2024-03-16 23:26:51,44636,2022,3,NON TITO,,,JAWA TIMUR,0.625,YELLOW,1168755661,AREA 3,JATIM,LAMONGAN,TUBAN BOJONEGORO,,,0,0,0,JAWA TIMUR,TUBAN,PLUMPANG,KESAMBEN,TUBAN
8705298527,,ODP-BCR-FAG/07,-6.809717,111.870766,,,2,6,0,0,8,REGIONAL 5,MADIUN,TUBAN,BCR,,,2024-03-16 23:26:21,44687,2022,5,NON TITO,,,JAWA TIMUR,0.75,YELLOW,1179589651,AREA 3,JATIM,LAMONGAN,TUBAN BOJONEGORO,,,0,0,0,JAWA TIMUR,TUBAN,TAMBAKBOYO,SAWIR,TUBAN
8705298517,,ODP-BCR-FAG/16,-6.805264,111.890498,,,3,5,0,0,8,REGIONAL 5,MADIUN,TUBAN,BCR,,,2024-03-16 23:27:11,44687,2022,5,NON TITO,,,JAWA TIMUR,0.625,YELLOW,1179589645,AREA 3,JATIM,LAMONGAN,TUBAN BOJONEGORO,,,0,0,0,JAWA TIMUR,TUBAN,JENU,KARANGASEM,TUBAN
8705298512,,ODP-BCR-FAG/05,-6.811191,111.870101,,,4,4,0,0,8,REGIONAL 5,MADIUN,TUBAN,BCR,,,2024-03-16 23:26:43,44687,2022,5,NON TITO,,,JAWA TIMUR,0.5,YELLOW,1179589642,AREA 3,JATIM,LAMONGAN,TUBAN BOJONEGORO,,,0,0,0,JAWA TIMUR,TUBAN,TAMBAKBOYO,SAWIR,TUBAN
2646873894,,ODP-MRR-FAC/50,-6.916642,112.001764,,,8,8,0,0,16,REGIONAL 5,MADIUN,TUBAN,MRR,,,2024-03-16 23:22:19,43286,2018,7,NON TITO,,,JAWA TIMUR,0.5,YELLOW,361930632,AREA 3,JATIM,LAMONGAN,TUBAN BOJONEGORO,,,0,0,0,JAWA TIMUR,TUBAN,SEMANDING,BOTO,TUBAN
8705298502,,ODP-BCR-FAG/06,-6.809918,111.869854,,,2,6,0,0,8,REGIONAL 5,MADIUN,TUBAN,BCR,,,2024-03-16 23:26:20,44687,2022,5,NON TITO,,,JAWA TIMUR,0.75,YELLOW,1179589636,AREA 3,JATIM,LAMONGAN,TUBAN BOJONEGORO,,,0,0,0,JAWA TIMUR,TUBAN,TAMBAKBOYO,SAWIR,TUBAN
8705298492,,ODP-BCR-FAG/10,-6.808072,111.887902,,,3,5,0,0,8,REGIONAL 5,MADIUN,TUBAN,BCR,,,2024-03-16 23:27:01,44687,2022,5,NON TITO,,,JAWA TIMUR,0.625,YELLOW,1179589624,AREA 3,JATIM,LAMONGAN,TUBAN BOJONEGORO,,,0,0,0,JAWA TIMUR,TUBAN,TAMBAKBOYO,SAWIR,TUBAN
8705298487,,ODP-BCR-FAG/01,-6.813554,111.87031,,,3,5,0,0,8,REGIONAL 5,MADIUN,TUBAN,BCR,,,2024-03-16 23:26:58,44687,2022,5,NON TITO,,,JAWA TIMUR,0.625,YELLOW,1179589621,AREA 3,JATIM,LAMONGAN,TUBAN BOJONEGORO,,,0,0,0,JAWA TIMUR,TUBAN,TAMBAKBOYO,SAWIR,TUBAN
8705298482,,ODP-BCR-FAG/17,-6.800809,111.889838,,,4,4,0,0,8,REGIONAL 5,MADIUN,TUBAN,BCR,,,2024-03-16 23:27:09,44687,2022,5,NON TITO,,,JAWA TIMUR,0.5,YELLOW,1179589618,AREA 3,JATIM,LAMONGAN,TUBAN BOJONEGORO,,,0,0,0,JAWA TIMUR,TUBAN,TAMBAKBOYO,GLONDONGGEDE,TUBAN
8705298364,,ODP-RGL-FAA/49,-7.036944,112.060286,,,6,10,0,0,16,REGIONAL 5,MADIUN,TUBAN,RGL,,,2024-03-16 23:26:26,44681,2022,4,NON TITO,,,JAWA TIMUR,0.625,YELLOW,1179071044,AREA 3,JATIM,LAMONGAN,TUBAN BOJONEGORO,,,0,0,0,JAWA TIMUR,TUBAN,PLUMPANG,TRUTUP,TUBAN
8702596528,,ODP-JTR-FC/57,-6.973742,111.715221,,,2,6,0,0,8,REGIONAL 5,MADIUN,TUBAN,JTR,,,2024-03-16 23:22:48,44676,2022,4,NON TITO,,,JAWA TIMUR,0.75,YELLOW,1178312993,AREA 3,JATIM,LAMONGAN,TUBAN BOJONEGORO,,,0,0,0,JAWA TIMUR,TUBAN,BANGILAN,BANGILAN,TUBAN
8688269501,,ODP-MRR-FAD/50,-6.784063,111.921336,,,6,9,1,0,16,REGIONAL 5,MADIUN,TUBAN,MRR,,,2024-03-16 23:26:57,44671,2022,4,NON TITO,,,JAWA TIMUR,0.5625,YELLOW,1177714401,AREA 3,JATIM,LAMONGAN,TUBAN BOJONEGORO,,,0,0,0,JAWA TIMUR,TUBAN,JENU,PURWOREJO,TUBAN
8645823353,,ODP-MRR-FAD/49,-6.792164,111.910116,,,2,5,0,0,8,REGIONAL 5,MADIUN,TUBAN,MRR,,,2024-03-16 23:26:08,44667,2022,4,NON TITO,,,JAWA TIMUR,0.625,YELLOW,1176663331,AREA 3,JATIM,LAMONGAN,TUBAN BOJONEGORO,,,0,0,0,JAWA TIMUR,TUBAN,JENU,TEMAJI,TUBAN
8652044151,,ODP-TNZ-FV/38,-6.917092,112.059565,,,7,9,0,0,16,REGIONAL 5,MADIUN,TUBAN,TNZ,,,2024-03-16 23:26:00,44665,2022,4,NON TITO,,,JAWA TIMUR,0.5625,YELLOW,1175943548,AREA 3,JATIM,LAMONGAN,TUBAN BOJONEGORO,,,0,0,0,JAWA TIMUR,TUBAN,SEMANDING,BEJAGUNG,TUBAN
8644843867,,ODP-RGL-FAC/82,-7.027623,112.11436,,,3,5,0,0,8,REGIONAL 5,MADIUN,TUBAN,RGL,,,2024-03-16 23:27:10,44662,2022,4,NON TITO,,,JAWA TIMUR,0.625,YELLOW,1175915715,AREA 3,JATIM,LAMONGAN,TUBAN BOJONEGORO,,,0,0,0,JAWA TIMUR,TUBAN,PLUMPANG,JATIMULYO,TUBAN
8644843840,,ODP-BCR-FAD/70,-6.792772,111.890651,,,4,4,0,0,8,REGIONAL 5,MADIUN,TUBAN,BCR,,,2024-03-16 23:26:25,44662,2022,4,NON TITO,,,JAWA TIMUR,0.5,YELLOW,1175915665,AREA 3,JATIM,LAMONGAN,TUBAN BOJONEGORO,,,0,0,0,JAWA TIMUR,TUBAN,TAMBAKBOYO,GLONDONGGEDE,TUBAN
8644843835,,ODP-BCR-FAD/69,-6.794029,111.887213,,,3,5,0,0,8,REGIONAL 5,MADIUN,TUBAN,BCR,,,2024-03-16 23:27:12,44662,2022,4,NON TITO,,,JAWA TIMUR,0.625,YELLOW,1175915662,AREA 3,JATIM,LAMONGAN,TUBAN BOJONEGORO,,,0,0,0,JAWA TIMUR,TUBAN,TAMBAKBOYO,GLONDONGGEDE,TUBAN
8614543764,,ODP-TNZ-FJ/91,-6.898807,112.14729,,,7,9,0,0,16,REGIONAL 5,MADIUN,TUBAN,TNZ,,,2024-03-16 23:24:42,44653,2022,4,NON TITO,,,JAWA TIMUR,0.5625,YELLOW,1169726537,AREA 3,JATIM,LAMONGAN,TUBAN BOJONEGORO,,,0,0,0,JAWA TIMUR,TUBAN,PALANG,LERAN KULON,TUBAN
8568194661,,ODP-KRK-FE/37,-6.872704,111.847511,,,3,5,0,0,8,REGIONAL 5,MADIUN,TUBAN,KRK,,,2024-03-16 23:23:43,44648,2022,3,NON TITO,,,JAWA TIMUR,0.625,YELLOW,1169494116,AREA 3,JATIM,LAMONGAN,TUBAN BOJONEGORO,,,0,0,0,JAWA TIMUR,TUBAN,KEREK,WOLU TENGAH,TUBAN
8503168757,,ODP-RGL-FAK/02,-7.03541,112.079295,,,2,6,0,0,8,REGIONAL 5,MADIUN,TUBAN,RGL,,,2024-03-16 23:26:45,44636,2022,3,NON TITO,,,JAWA TIMUR,0.75,YELLOW,1168755663,AREA 3,JATIM,LAMONGAN,TUBAN BOJONEGORO,,,0,0,0,JAWA TIMUR,TUBAN,PLUMPANG,KEPOH AGUNG,TUBAN
8503168751,,ODP-RGL-FAK/05,-7.036911,112.071983,,,3,5,0,0,8,REGIONAL 5,MADIUN,TUBAN,RGL,,,2024-03-16 23:26:49,44636,2022,3,NON TITO,,,JAWA TIMUR,0.625,YELLOW,1168755659,AREA 3,JATIM,LAMONGAN,TUBAN BOJONEGORO,,,0,0,0,JAWA TIMUR,TUBAN,PLUMPANG,KESAMBEN,TUBAN
3304394027,,ODP-KRK-FD/01,-6.953998,111.839186,,,6,10,0,0,16,REGIONAL 5,MADIUN,TUBAN,KRK,,,2024-03-16 23:26:26,43504,2019,2,NON TITO,,,JAWA TIMUR,0.625,YELLOW,539113791,AREA 3,JATIM,LAMONGAN,TUBAN BOJONEGORO,,,0,0,0,JAWA TIMUR,TUBAN,MONTONG,GUWOTERUS,TUBAN
2767169201,,ODP-RGL-FAC/30,-7.01592,112.156089,,,2,6,0,0,8,REGIONAL 5,MADIUN,TUBAN,RGL,,,2024-03-16 23:23:33,43315,2018,8,NON TITO,,,JAWA TIMUR,0.75,YELLOW,388449910,AREA 3,JATIM,LAMONGAN,TUBAN BOJONEGORO,,,0,0,0,JAWA TIMUR,TUBAN,WIDANG,MRUTUK,TUBAN
2775268611,,ODP-RGL-FAB/27,-7.02084,112.024374,,,3,5,0,0,8,REGIONAL 5,MADIUN,TUBAN,RGL,,,2024-03-16 23:25:47,43318,2018,8,NON TITO,,,JAWA TIMUR,0.625,YELLOW,389262563,AREA 3,JATIM,LAMONGAN,TUBAN BOJONEGORO,,,0,0,0,JAWA TIMUR,TUBAN,GRABAGAN,DAHOR,TUBAN
8470393656,,ODP-TNZ-FAB/19,-6.907454,112.111231,,,2,6,0,0,8,REGIONAL 5,MADIUN,TUBAN,TNZ,,,2024-03-16 23:27:08,44615,2022,2,NON TITO,,,JAWA TIMUR,0.75,YELLOW,1166822560,AREA 3,JATIM,LAMONGAN,TUBAN BOJONEGORO,,,0,0,0,JAWA TIMUR,TUBAN,PALANG,SUMURGUNG,TUBAN
8470393646,,ODP-TNZ-FAB/03,-6.898362,112.093913,,,4,4,0,0,8,REGIONAL 5,MADIUN,TUBAN,TNZ,,,2024-03-16 23:28:30,44615,2022,2,NON TITO,,,JAWA TIMUR,0.5,YELLOW,1166822554,AREA 3,JATIM,LAMONGAN,TUBAN BOJONEGORO,,,0,0,0,JAWA TIMUR,TUBAN,PALANG,TASIKMADU,TUBAN
8470393641,,ODP-TNZ-FAB/14,-6.906899,112.103015,,,9,7,0,0,16,REGIONAL 5,MADIUN,TUBAN,TNZ,,,2024-03-16 23:28:40,44615,2022,2,NON TITO,,,JAWA TIMUR,0.4375,YELLOW,1166822551,AREA 3,JATIM,LAMONGAN,TUBAN BOJONEGORO,,,0,0,0,JAWA TIMUR,TUBAN,PALANG,SUMURGUNG,TUBAN
3045571728,,ODP-RGL-FAA/23,-7.054004,112.036749,,,3,5,0,0,8,REGIONAL 5,MADIUN,TUBAN,RGL,,,2024-03-16 23:24:46,43403,2018,10,NON TITO,,,JAWA TIMUR,0.625,YELLOW,405925672,AREA 3,JATIM,LAMONGAN,TUBAN BOJONEGORO,,,0,0,0,JAWA TIMUR,TUBAN,RENGEL,PUNGGULREJO,TUBAN
8470393626,,ODP-TNZ-FAB/18,-6.908536,112.109,,,8,8,0,0,16,REGIONAL 5,MADIUN,TUBAN,TNZ,,,2024-03-16 23:28:31,44615,2022,2,NON TITO,,,JAWA TIMUR,0.5,YELLOW,1166822541,AREA 3,JATIM,LAMONGAN,TUBAN BOJONEGORO,,,0,0,0,JAWA TIMUR,TUBAN,PALANG,SUMURGUNG,TUBAN
3062820144,,ODP-JTR-FD/29,-6.845413,111.576811,,,4,4,0,0,8,REGIONAL 5,MADIUN,TUBAN,JTR,,,2024-03-16 23:22:40,43404,2018,10,NON TITO,,,JAWA TIMUR,0.5,YELLOW,405991679,AREA 3,JATIM,LAMONGAN,TUBAN BOJONEGORO,,,0,0,0,JAWA TENGAH,REMBANG,SALE,WONOKERTO,TUBAN
8470393616,,ODP-TNZ-FAB/01,-6.903479,112.093532,,,2,6,0,0,8,REGIONAL 5,MADIUN,TUBAN,TNZ,,,2024-03-16 23:28:27,44615,2022,2,NON TITO,,,JAWA TIMUR,0.75,YELLOW,1166822533,AREA 3,JATIM,LAMONGAN,TUBAN BOJONEGORO,,,0,0,0,JAWA TIMUR,TUBAN,PALANG,TASIKMADU,TUBAN
8470393611,,ODP-TNZ-FAB/04,-6.900118,112.093762,,,3,5,0,0,8,REGIONAL 5,MADIUN,TUBAN,TNZ,,,2024-03-16 23:28:24,44615,2022,2,NON TITO,,,JAWA TIMUR,0.625,YELLOW,1166822530,AREA 3,JATIM,LAMONGAN,TUBAN BOJONEGORO,,,0,0,0,JAWA TIMUR,TUBAN,PALANG,TASIKMADU,TUBAN
3063794326,,ODP-TNZ-FK/64,-6.95013,112.101063,,,2,6,0,0,8,REGIONAL 5,MADIUN,TUBAN,TNZ,,,2024-03-16 23:27:15,43407,2018,11,NON TITO,,,JAWA TIMUR,0.75,YELLOW,406007225,AREA 3,JATIM,LAMONGAN,TUBAN BOJONEGORO,,,0,0,0,JAWA TIMUR,TUBAN,SEMANDING,TUNAH,TUBAN
8415571019,,ODP-MRR-FAB/69,-6.81325,111.984757,,,5,11,0,0,16,REGIONAL 5,MADIUN,TUBAN,MRR,,,2024-03-16 23:28:12,44601,2022,2,NON TITO,,,JAWA TIMUR,0.6875,YELLOW,1165404010,AREA 3,JATIM,LAMONGAN,TUBAN BOJONEGORO,,,0,0,0,JAWA TIMUR,TUBAN,JENU,KALIUNTU,TUBAN
8415571010,,ODP-MRR-FAB/66,-6.814478,111.984104,,,2,6,0,0,8,REGIONAL 5,MADIUN,TUBAN,MRR,,,2024-03-16 23:28:23,44601,2022,2,NON TITO,,,JAWA TIMUR,0.75,YELLOW,1165404004,AREA 3,JATIM,LAMONGAN,TUBAN BOJONEGORO,,,0,0,0,JAWA TIMUR,TUBAN,JENU,KALIUNTU,TUBAN
3074369490,,ODP-TNZ-FK/61,-6.914569,112.083908,,,2,6,0,0,8,REGIONAL 5,MADIUN,TUBAN,TNZ,,,2024-03-16 23:26:50,43409,2018,11,NON TITO,,,JAWA TIMUR,0.75,YELLOW,406094346,AREA 3,JATIM,LAMONGAN,TUBAN BOJONEGORO,,,0,0,0,JAWA TIMUR,TUBAN,SEMANDING,GEDONGOMBO,TUBAN
3074369500,,ODP-TNZ-FK/62,-6.915212,112.088283,,,3,5,0,0,8,REGIONAL 5,MADIUN,TUBAN,TNZ,,,2024-03-16 23:27:58,43409,2018,11,NON TITO,,,JAWA TIMUR,0.625,YELLOW,406094352,AREA 3,JATIM,LAMONGAN,TUBAN BOJONEGORO,,,0,0,0,JAWA TIMUR,TUBAN,SEMANDING,GEDONGOMBO,TUBAN
8415570992,,ODP-MRR-FAB/78,-6.832817,112.000101,,,7,9,0,0,16,REGIONAL 5,MADIUN,TUBAN,MRR,,,2024-03-16 23:28:22,44601,2022,2,NON TITO,,,JAWA TIMUR,0.5625,YELLOW,1165403991,AREA 3,JATIM,LAMONGAN,TUBAN BOJONEGORO,,,0,0,0,JAWA TIMUR,TUBAN,JENU,BEJI,TUBAN
3083670757,,ODP-TNZ-FJ/52,-6.946608,112.131928,,,2,6,0,0,8,REGIONAL 5,MADIUN,TUBAN,TNZ,,,2024-03-16 23:26:59,43413,2018,11,NON TITO,,,JAWA TIMUR,0.75,YELLOW,406144767,AREA 3,JATIM,LAMONGAN,TUBAN BOJONEGORO,,,0,0,0,JAWA TIMUR,TUBAN,PALANG,PUCANGAN,TUBAN
8415570986,,ODP-MRR-FAB/73,-6.82822,111.996377,,,2,6,0,0,8,REGIONAL 5,MADIUN,TUBAN,MRR,,,2024-03-16 23:28:16,44601,2022,2,NON TITO,,,JAWA TIMUR,0.75,YELLOW,1165403986,AREA 3,JATIM,LAMONGAN,TUBAN BOJONEGORO,,,0,0,0,JAWA TIMUR,TUBAN,JENU,BEJI,TUBAN
3106844685,,ODP-JTR-FF/35,-6.896713,111.66995,,,2,4,0,0,8,REGIONAL 5,MADIUN,TUBAN,JTR,,,2024-03-16 23:23:48,43420,2018,11,NON TITO,,,JAWA TIMUR,0.5,YELLOW,406371151,AREA 3,JATIM,LAMONGAN,TUBAN BOJONEGORO,,,0,0,0,JAWA TIMUR,TUBAN,JATIROGO,SUGIHAN,TUBAN
8389170345,,ODP-TNZ-FL/23,-6.899754,112.044956,,,2,6,0,0,8,REGIONAL 5,MADIUN,TUBAN,TNZ,,,2024-03-16 23:27:06,44595,2022,2,NON TITO,,,JAWA TIMUR,0.75,YELLOW,1165252746,AREA 3,JATIM,LAMONGAN,TUBAN BOJONEGORO,,,0,0,0,JAWA TIMUR,TUBAN,TUBAN,SIDOREJO,TUBAN
8389170340,,ODP-TNZ-FL/22,-6.899876,112.045789,,,5,11,0,0,16,REGIONAL 5,MADIUN,TUBAN,TNZ,,,2024-03-16 23:26:01,44595,2022,2,NON TITO,,,JAWA TIMUR,0.6875,YELLOW,1165252743,AREA 3,JATIM,LAMONGAN,TUBAN BOJONEGORO,,,0,0,0,JAWA TIMUR,TUBAN,TUBAN,SIDOREJO,TUBAN
8470393661,,ODP-TNZ-FAB/17,-6.90946,112.108728,,,7,9,0,0,16,REGIONAL 5,MADIUN,TUBAN,TNZ,,,2024-03-16 23:28:31,44615,2022,2,NON TITO,,,JAWA TIMUR,0.5625,YELLOW,1166822563,AREA 3,JATIM,LAMONGAN,TUBAN BOJONEGORO,,,0,0,0,JAWA TIMUR,TUBAN,PALANG,SUMURGUNG,TUBAN
2775268591,,ODP-RGL-FAB/26,-7.024671,112.008825,,,3,5,0,0,8,REGIONAL 5,MADIUN,TUBAN,RGL,,,2024-03-16 23:21:04,43318,2018,8,NON TITO,,,JAWA TIMUR,0.625,YELLOW,389262556,AREA 3,JATIM,LAMONGAN,TUBAN BOJONEGORO,,,0,0,0,JAWA TIMUR,TUBAN,GRABAGAN,NGANDONG,TUBAN
8470393671,,ODP-TNZ-FAB/10,-6.903385,112.094969,,,3,5,0,0,8,REGIONAL 5,MADIUN,TUBAN,TNZ,,,2024-03-16 23:27:21,44615,2022,2,NON TITO,,,JAWA TIMUR,0.625,YELLOW,1166822569,AREA 3,JATIM,LAMONGAN,TUBAN BOJONEGORO,,,0,0,0,JAWA TIMUR,TUBAN,PALANG,TASIKMADU,TUBAN
8470393691,,ODP-TNZ-FAB/06,-6.902147,112.093959,,,3,5,0,0,8,REGIONAL 5,MADIUN,TUBAN,TNZ,,,2024-03-16 23:27:26,44615,2022,2,NON TITO,,,JAWA TIMUR,0.625,YELLOW,1166822581,AREA 3,JATIM,LAMONGAN,TUBAN BOJONEGORO,,,0,0,0,JAWA TIMUR,TUBAN,PALANG,TASIKMADU,TUBAN
2840443917,,ODP-TNZ-FD/95,-6.910204,112.075571,,,2,6,0,0,8,REGIONAL 5,MADIUN,TUBAN,TNZ,,,2024-03-16 23:28:13,43333,2018,8,NON TITO,,,JAWA TIMUR,0.75,YELLOW,389530187,AREA 3,JATIM,LAMONGAN,TUBAN BOJONEGORO,,,0,0,0,JAWA TIMUR,TUBAN,SEMANDING,GEDONGOMBO,TUBAN
8502044351,,ODP-TNZ-FAC/08,-6.938877,112.083312,,,2,6,0,0,8,REGIONAL 5,MADIUN,TUBAN,TNZ,,,2024-03-16 23:24:15,44631,2022,3,NON TITO,,,JAWA TIMUR,0.75,YELLOW,1168719127,AREA 3,JATIM,LAMONGAN,TUBAN BOJONEGORO,,,0,0,0,JAWA TIMUR,TUBAN,SEMANDING,KOWANG,TUBAN
8502044346,,ODP-TNZ-FAC/01,-6.947527,112.084499,,,3,5,0,0,8,REGIONAL 5,MADIUN,TUBAN,TNZ,,,2024-03-16 23:24:14,44631,2022,3,NON TITO,,,JAWA TIMUR,0.625,YELLOW,1168719123,AREA 3,JATIM,LAMONGAN,TUBAN BOJONEGORO,,,0,0,0,JAWA TIMUR,TUBAN,SEMANDING,KOWANG,TUBAN
3045571542,,ODP-RGL-FAA/21,-7.058855,112.037196,,,2,6,0,0,8,REGIONAL 5,MADIUN,TUBAN,RGL,,,2024-03-16 23:24:50,43403,2018,10,NON TITO,,,JAWA TIMUR,0.75,YELLOW,405828260,AREA 3,JATIM,LAMONGAN,TUBAN BOJONEGORO,,,0,0,0,JAWA TIMUR,TUBAN,RENGEL,PUNGGULREJO,TUBAN
3046395902,,ODP-RGL-FAB/24,-7.064531,112.010823,,,2,6,0,0,8,REGIONAL 5,MADIUN,TUBAN,RGL,,,2024-03-16 23:26:18,43402,2018,10,NON TITO,,,JAWA TIMUR,0.75,YELLOW,405923875,AREA 3,JATIM,LAMONGAN,TUBAN BOJONEGORO,,,0,0,0,JAWA TIMUR,TUBAN,RENGEL,SUMBEREJO,TUBAN
8502044326,,ODP-TNZ-FAC/18,-6.937834,112.090391,,,4,4,0,0,8,REGIONAL 5,MADIUN,TUBAN,TNZ,,,2024-03-16 23:24:15,44631,2022,3,NON TITO,,,JAWA TIMUR,0.5,YELLOW,1168719111,AREA 3,JATIM,LAMONGAN,TUBAN BOJONEGORO,,,0,0,0,JAWA TIMUR,TUBAN,SEMANDING,GEDONGOMBO,TUBAN
3046396014,,ODP-MRR-FAA/39,-6.881882,111.982779,,,4,4,0,0,8,REGIONAL 5,MADIUN,TUBAN,MRR,,,2024-03-16 23:26:25,43402,2018,10,NON TITO,,,JAWA TIMUR,0.5,YELLOW,405923970,AREA 3,JATIM,LAMONGAN,TUBAN BOJONEGORO,,,0,0,0,JAWA TIMUR,TUBAN,MERAKURAK,TUWIRI WETAN,TUBAN
3046396118,,ODP-MRR-FAA/40,-6.881176,111.983538,,,3,5,0,0,8,REGIONAL 5,MADIUN,TUBAN,MRR,,,2024-03-16 23:26:20,43402,2018,10,NON TITO,,,JAWA TIMUR,0.625,YELLOW,405924063,AREA 3,JATIM,LAMONGAN,TUBAN BOJONEGORO,,,0,0,0,JAWA TIMUR,TUBAN,MERAKURAK,TUWIRI WETAN,TUBAN
3046396123,,ODP-MRR-FAA/54,-6.874867,111.97918,,,2,5,0,0,8,REGIONAL 5,MADIUN,TUBAN,MRR,,,2024-03-16 23:25:22,43402,2018,10,NON TITO,,,JAWA TIMUR,0.625,YELLOW,405924068,AREA 3,JATIM,LAMONGAN,TUBAN BOJONEGORO,,,0,0,0,JAWA TIMUR,TUBAN,MERAKURAK,TUWIRI WETAN,TUBAN
3046396236,,ODP-RGL-FAB/25,-7.061895,112.010664,,,4,12,0,0,16,REGIONAL 5,MADIUN,TUBAN,RGL,,,2024-03-16 23:26:19,43402,2018,10,NON TITO,,,JAWA TIMUR,0.75,YELLOW,405924156,AREA 3,JATIM,LAMONGAN,TUBAN BOJONEGORO,,,0,0,0,JAWA TIMUR,TUBAN,RENGEL,SUMBEREJO,TUBAN
8461170078,,ODP-RGL-FAJ/05,-7.09759,111.921257,,,2,6,0,0,8,REGIONAL 5,MADIUN,TUBAN,RGL,,,2024-03-16 23:23:29,44622,2022,3,NON TITO,,,JAWA TIMUR,0.75,YELLOW,1168332084,AREA 3,JATIM,LAMONGAN,TUBAN BOJONEGORO,,,0,0,0,JAWA TIMUR,TUBAN,SOKO,PRAMBONTERGOYANG,TUBAN
8461170074,,ODP-RGL-FAJ/02,-7.102844,111.923503,,,6,10,0,0,16,REGIONAL 5,MADIUN,TUBAN,RGL,,,2024-03-16 23:23:26,44622,2022,3,NON TITO,,,JAWA TIMUR,0.625,YELLOW,1168332080,AREA 3,JATIM,LAMONGAN,TUBAN BOJONEGORO,,,0,0,0,JAWA TIMUR,TUBAN,SOKO,MENTORO,TUBAN
8461169926,,ODP-TNZ-FT/112,-6.892313,112.040172,,,2,6,0,0,8,REGIONAL 5,MADIUN,TUBAN,TNZ,,,2024-03-16 23:23:29,44622,2022,3,NON TITO,,,JAWA TIMUR,0.75,YELLOW,1168331823,AREA 3,JATIM,LAMONGAN,TUBAN BOJONEGORO,,,0,0,0,JAWA TIMUR,TUBAN,TUBAN,LATSARI,TUBAN
8465668784,,ODP-TNZ-FAD/01,-6.92257,112.139845,,,4,4,0,0,8,REGIONAL 5,MADIUN,TUBAN,TNZ,,,2024-03-16 23:25:19,44620,2022,2,NON TITO,,,JAWA TIMUR,0.5,YELLOW,1167120961,AREA 3,JATIM,LAMONGAN,TUBAN BOJONEGORO,,,0,0,0,JAWA TIMUR,TUBAN,PALANG,PUCANGAN,TUBAN
3046396350,,ODP-MRR-FAA/37,-6.884309,111.979794,,,2,6,0,0,8,REGIONAL 5,MADIUN,TUBAN,MRR,,,2024-03-16 23:26:28,43402,2018,10,NON TITO,,,JAWA TIMUR,0.75,YELLOW,405924248,AREA 3,JATIM,LAMONGAN,TUBAN BOJONEGORO,,,0,0,0,JAWA TIMUR,TUBAN,MERAKURAK,TUWIRI WETAN,TUBAN
3046396430,,ODP-MRR-FAA/50,-6.873658,111.971684,,,3,5,0,0,8,REGIONAL 5,MADIUN,TUBAN,MRR,,,2024-03-16 23:26:26,43402,2018,10,NON TITO,,,JAWA TIMUR,0.625,YELLOW,405924317,AREA 3,JATIM,LAMONGAN,TUBAN BOJONEGORO,,,0,0,0,JAWA TIMUR,TUBAN,MERAKURAK,TUWIRI KULON,TUBAN
3046396520,,ODP-MRR-FAA/51,-6.873573,111.97434,,,2,5,0,0,8,REGIONAL 5,MADIUN,TUBAN,MRR,,,2024-03-16 23:26:26,43402,2018,10,NON TITO,,,JAWA TIMUR,0.625,YELLOW,405924396,AREA 3,JATIM,LAMONGAN,TUBAN BOJONEGORO,,,0,0,0,JAWA TIMUR,TUBAN,MERAKURAK,TUWIRI KULON,TUBAN
8465668754,,ODP-TNZ-FAD/04,-6.922763,112.140744,,,4,4,0,0,8,REGIONAL 5,MADIUN,TUBAN,TNZ,,,2024-03-16 23:26:11,44620,2022,2,NON TITO,,,JAWA TIMUR,0.5,YELLOW,1167120943,AREA 3,JATIM,LAMONGAN,TUBAN BOJONEGORO,,,0,0,0,JAWA TIMUR,TUBAN,PALANG,PUCANGAN,TUBAN
3046396530,,ODP-MRR-FAA/52,-6.87324,111.976946,,,4,4,0,0,8,REGIONAL 5,MADIUN,TUBAN,MRR,,,2024-03-16 23:26:18,43402,2018,10,NON TITO,,,JAWA TIMUR,0.5,YELLOW,405924403,AREA 3,JATIM,LAMONGAN,TUBAN BOJONEGORO,,,0,0,0,JAWA TIMUR,TUBAN,MERAKURAK,TUWIRI WETAN,TUBAN
8470393681,,ODP-TNZ-FAB/07,-6.902772,112.095338,,,2,6,0,0,8,REGIONAL 5,MADIUN,TUBAN,TNZ,,,2024-03-16 23:28:35,44615,2022,2,NON TITO,,,JAWA TIMUR,0.75,YELLOW,1166822575,AREA 3,JATIM,LAMONGAN,TUBAN BOJONEGORO,,,0,0,0,JAWA TIMUR,TUBAN,PALANG,TASIKMADU,TUBAN
8705298532,,ODP-BCR-FAG/22,-6.805803,111.887757,,,7,9,0,0,16,REGIONAL 5,MADIUN,TUBAN,BCR,,,2024-03-16 23:27:00,44687,2022,5,NON TITO,,,JAWA TIMUR,0.5625,YELLOW,1179589654,AREA 3,JATIM,LAMONGAN,TUBAN BOJONEGORO,,,0,0,0,JAWA TIMUR,TUBAN,TAMBAKBOYO,SAWIR,TUBAN
3304394137,,ODP-KRK-FD/03,-6.956089,111.853598,,,3,5,0,0,8,REGIONAL 5,MADIUN,TUBAN,KRK,,,2024-03-16 23:26:30,43504,2019,2,NON TITO,,,JAWA TIMUR,0.625,YELLOW,539113824,AREA 3,JATIM,LAMONGAN,TUBAN BOJONEGORO,,,0,0,0,JAWA TIMUR,TUBAN,MONTONG,TALANGKEMBAR,TUBAN
3414043728,,ODP-RGL-FAA/33,-7.064495,112.052399,,,2,6,0,0,8,REGIONAL 5,MADIUN,TUBAN,RGL,,,2024-03-16 23:28:11,43525,2019,3,NON TITO,,,JAWA TIMUR,0.75,YELLOW,580751212,AREA 3,JATIM,LAMONGAN,TUBAN BOJONEGORO,,,0,0,0,JAWA TIMUR,TUBAN,RENGEL,BANJARARUM,TUBAN
4802369322,,ODP-RGL-FAB/35,-7.063888,112.010821,,,2,6,0,0,8,REGIONAL 5,MADIUN,TUBAN,RGL,,,2024-03-16 23:26:25,43937,2020,4,NON TITO,,,JAWA TIMUR,0.75,YELLOW,828212403,AREA 3,JATIM,LAMONGAN,TUBAN BOJONEGORO,,,0,0,0,JAWA TIMUR,TUBAN,RENGEL,SUMBEREJO,TUBAN
6239818787,,ODP-RGL-FAC/57,-7.030691,112.102903,,,1,6,0,0,8,REGIONAL 5,MADIUN,TUBAN,RGL,,,2024-03-16 23:26:33,44285,2021,3,NON TITO,,,JAWA TIMUR,0.75,YELLOW,868181013,AREA 3,JATIM,LAMONGAN,TUBAN BOJONEGORO,,,0,0,0,JAWA TIMUR,TUBAN,PLUMPANG,PLUMPANG,TUBAN
6201869457,,ODP-TNZ-FV/16,-6.909241,112.05509,,,8,8,0,0,16,REGIONAL 5,MADIUN,TUBAN,TNZ,,,2024-03-16 23:28:26,44279,2021,3,NON TITO,,,JAWA TIMUR,0.5,YELLOW,867439856,AREA 3,JATIM,LAMONGAN,TUBAN BOJONEGORO,,,0,0,0,JAWA TIMUR,TUBAN,SEMANDING,KARANG,TUBAN
4875718568,,ODP-BCR-FAB/49,-6.695799,111.620401,,,3,5,0,0,8,REGIONAL 5,MADIUN,TUBAN,BCR,,,2024-03-16 23:24:41,43945,2020,4,NON TITO,,,JAWA TIMUR,0.625,YELLOW,828425237,AREA 3,JATIM,LAMONGAN,TUBAN BOJONEGORO,,,0,0,0,JAWA TENGAH,REMBANG,KRAGAN,KRAGAN,TUBAN
4875718573,,ODP-BCR-FAB/45,-6.674034,111.590124,,,4,4,0,0,8,REGIONAL 5,MADIUN,TUBAN,BCR,,,2024-03-16 23:24:17,43945,2020,4,NON TITO,,,JAWA TIMUR,0.5,YELLOW,828425243,AREA 3,JATIM,LAMONGAN,TUBAN BOJONEGORO,,,0,0,0,JAWA TENGAH,REMBANG,KRAGAN,PLAWANGAN,TUBAN
6100021810,,ODP-MRR-FAC/60,-6.884486,112.018201,,,2,6,0,0,8,REGIONAL 5,MADIUN,TUBAN,MRR,,,2024-03-16 23:28:35,44266,2021,3,NON TITO,,,JAWA TIMUR,0.75,YELLOW,865437828,AREA 3,JATIM,LAMONGAN,TUBAN BOJONEGORO,,,0,0,0,JAWA TIMUR,TUBAN,MERAKURAK,BOGOREJO,TUBAN
6128369050,,ODP-TNZ-FS/25,-6.896611,112.064951,,,2,6,0,0,8,REGIONAL 5,MADIUN,TUBAN,TNZ,,,2024-03-16 23:25:21,44265,2021,3,NON TITO,,,JAWA TIMUR,0.75,YELLOW,865426846,AREA 3,JATIM,LAMONGAN,TUBAN BOJONEGORO,,,0,0,0,JAWA TIMUR,TUBAN,TUBAN,KUTOREJO,TUBAN
6128369045,,ODP-TNZ-FS/26,-6.896564,112.064602,,,4,4,0,0,8,REGIONAL 5,MADIUN,TUBAN,TNZ,,,2024-03-16 23:25:15,44265,2021,3,NON TITO,,,JAWA TIMUR,0.5,YELLOW,865426843,AREA 3,JATIM,LAMONGAN,TUBAN BOJONEGORO,,,0,0,0,JAWA TIMUR,TUBAN,TUBAN,KUTOREJO,TUBAN
6257443548,,ODP-JTR-FA/48,-7.009333,111.792836,,,6,10,0,0,16,REGIONAL 5,MADIUN,TUBAN,JTR,,,2024-03-16 23:28:09,44286,2021,3,NON TITO,,,JAWA TIMUR,0.625,YELLOW,869073811,AREA 3,JATIM,LAMONGAN,TUBAN BOJONEGORO,,,0,0,0,JAWA TIMUR,TUBAN,SINGGAHAN,KEDUNGJAMBE,TUBAN
6128369040,,ODP-TNZ-FS/27,-6.897861,112.064549,,,2,6,0,0,8,REGIONAL 5,MADIUN,TUBAN,TNZ,,,2024-03-16 23:25:08,44265,2021,3,NON TITO,,,JAWA TIMUR,0.75,YELLOW,865426840,AREA 3,JATIM,LAMONGAN,TUBAN BOJONEGORO,,,0,0,0,JAWA TIMUR,TUBAN,TUBAN,KUTOREJO,TUBAN
5227393782,,ODP-TNZ-FY/06,-6.892896,112.065772,,,6,10,0,0,16,REGIONAL 5,MADIUN,TUBAN,TNZ,,,2024-03-16 23:28:53,44030,2020,7,NON TITO,,,JAWA TIMUR,0.625,YELLOW,832332019,AREA 3,JATIM,LAMONGAN,TUBAN BOJONEGORO,,,0,0,0,JAWA TIMUR,TUBAN,TUBAN,KUTOREJO,TUBAN
6004019063,,ODP-MRR-FAD/46,-6.791648,111.916455,,,7,9,0,0,16,REGIONAL 5,MADIUN,TUBAN,MRR,,,2024-03-16 23:24:43,44242,2021,2,NON TITO,,,JAWA TIMUR,0.5625,YELLOW,861665820,AREA 3,JATIM,LAMONGAN,TUBAN BOJONEGORO,,,0,0,0,JAWA TIMUR,TUBAN,JENU,TEMAJI,TUBAN
5951594624,,ODP-RGL-FAF/13,-7.000902,112.111479,,,2,6,0,0,8,REGIONAL 5,MADIUN,TUBAN,RGL,,,2024-03-16 23:25:21,44226,2021,1,NON TITO,,,JAWA TIMUR,0.75,YELLOW,861069605,AREA 3,JATIM,LAMONGAN,TUBAN BOJONEGORO,,,0,0,0,JAWA TIMUR,TUBAN,PLUMPANG,SUMBERAGUNG,TUBAN
5951594315,,ODP-KRK-FD/08,-6.953499,111.822559,,,4,4,0,0,8,REGIONAL 5,MADIUN,TUBAN,KRK,,,2024-03-16 23:26:41,44226,2021,1,NON TITO,,,JAWA TIMUR,0.5,YELLOW,861069270,AREA 3,JATIM,LAMONGAN,TUBAN BOJONEGORO,,,0,0,0,JAWA TIMUR,TUBAN,MONTONG,GUWOTERUS,TUBAN
5236244708,,ODP-RGL-FAH/31,-7.078075,112.087992,,,4,4,0,0,8,REGIONAL 5,MADIUN,TUBAN,RGL,,,2024-03-16 23:23:35,44033,2020,7,NON TITO,,,JAWA TIMUR,0.5,YELLOW,833075867,AREA 3,JATIM,LAMONGAN,TUBAN BOJONEGORO,,,0,0,0,JAWA TIMUR,TUBAN,PLUMPANG,PLANDIREJO,TUBAN
5953319496,,ODP-RGL-FAH/34,-7.083352,112.124605,,,2,6,0,0,8,REGIONAL 5,MADIUN,TUBAN,RGL,,,2024-03-16 23:24:14,44226,2021,1,NON TITO,,,JAWA TIMUR,0.75,YELLOW,861069156,AREA 3,JATIM,LAMONGAN,TUBAN BOJONEGORO,,,0,0,0,JAWA TIMUR,TUBAN,PLUMPANG,KLOTOK,TUBAN
5236244713,,ODP-RGL-FAH/32,-7.066857,112.087451,,,2,6,0,0,8,REGIONAL 5,MADIUN,TUBAN,RGL,,,2024-03-16 23:23:34,44033,2020,7,NON TITO,,,JAWA TIMUR,0.75,YELLOW,833075870,AREA 3,JATIM,LAMONGAN,TUBAN BOJONEGORO,,,0,0,0,JAWA TIMUR,TUBAN,PLUMPANG,KEDUNGREJO,TUBAN
5953319480,,ODP-TNZ-FAB/23,-6.921076,112.107484,,,6,10,0,0,16,REGIONAL 5,MADIUN,TUBAN,TNZ,,,2024-03-16 23:23:36,44226,2021,1,NON TITO,,,JAWA TIMUR,0.625,YELLOW,861069147,AREA 3,JATIM,LAMONGAN,TUBAN BOJONEGORO,,,0,0,0,JAWA TIMUR,TUBAN,PALANG,TEGALBANG,TUBAN
5224393621,,ODP-RGL-FAD/47,-7.10638,111.918147,,,2,6,0,0,8,REGIONAL 5,MADIUN,TUBAN,RGL,,,2024-03-16 23:24:15,44027,2020,7,NON TITO,,,JAWA TIMUR,0.75,YELLOW,831497834,AREA 3,JATIM,LAMONGAN,TUBAN BOJONEGORO,,,0,0,0,JAWA TIMUR,TUBAN,SOKO,PANDANAGUNG,TUBAN
4733144239,,ODP-RGL-FAC/45,-7.040796,112.103879,,,3,5,0,0,8,REGIONAL 5,MADIUN,TUBAN,RGL,,,2024-03-16 23:28:49,43903,2020,3,NON TITO,,,JAWA TIMUR,0.625,YELLOW,825060879,AREA 3,JATIM,LAMONGAN,TUBAN BOJONEGORO,,,0,0,0,JAWA TIMUR,TUBAN,PLUMPANG,PLUMPANG,TUBAN
6251669106,,ODP-TNZ-FJ/82,-6.90224,112.143541,,,4,12,0,0,16,REGIONAL 5,MADIUN,TUBAN,TNZ,,,2024-03-16 23:24:26,44287,2021,4,NON TITO,,,JAWA TIMUR,0.75,YELLOW,869080406,AREA 3,JATIM,LAMONGAN,TUBAN BOJONEGORO,,,0,0,0,JAWA TIMUR,TUBAN,PALANG,LERAN KULON,TUBAN
4703518807,,ODP-BCR-FAD/48,-6.79595,111.810458,,,4,4,0,0,8,REGIONAL 5,MADIUN,TUBAN,BCR,,,2024-03-16 23:23:45,43893,2020,3,NON TITO,,,JAWA TIMUR,0.5,YELLOW,824671967,AREA 3,JATIM,LAMONGAN,TUBAN BOJONEGORO,,,0,0,0,JAWA TIMUR,TUBAN,BANCAR,MARGOSUKO,TUBAN
4428418650,,ODP-JTR-FF/59,-6.89869,111.674239,,,7,9,0,0,16,REGIONAL 5,MADIUN,TUBAN,JTR,,,2024-03-16 23:29:08,43822,2019,12,NON TITO,,,JAWA TIMUR,0.5625,YELLOW,789367325,AREA 3,JATIM,LAMONGAN,TUBAN BOJONEGORO,,,0,0,0,JAWA TIMUR,TUBAN,JATIROGO,SUGIHAN,TUBAN
6421694128,,ODP-MRR-FAC/61,-6.929165,111.996762,,,3,5,0,0,8,REGIONAL 5,MADIUN,TUBAN,MRR,,,2024-03-16 23:23:43,44317,2021,5,NON TITO,,,JAWA TIMUR,0.625,YELLOW,877257472,AREA 3,JATIM,LAMONGAN,TUBAN BOJONEGORO,,,0,0,0,JAWA TIMUR,TUBAN,SEMANDING,JADI,TUBAN
6429943542,,ODP-TNZ-FT/109,-6.888454,112.051511,,,2,6,0,0,8,REGIONAL 5,MADIUN,TUBAN,TNZ,,,2024-03-16 23:22:45,44316,2021,4,NON TITO,,,JAWA TIMUR,0.75,YELLOW,877251749,AREA 3,JATIM,LAMONGAN,TUBAN BOJONEGORO,,,0,0,0,JAWA TIMUR,TUBAN,TUBAN,KINGKING,TUBAN
6421768858,,ODP-BCR-FAB/54,-6.701629,111.626893,,,4,4,0,0,8,REGIONAL 5,MADIUN,TUBAN,BCR,,,2024-03-16 23:24:21,44316,2021,4,NON TITO,,,JAWA TIMUR,0.5,YELLOW,877250304,AREA 3,JATIM,LAMONGAN,TUBAN BOJONEGORO,,,0,0,0,JAWA TENGAH,REMBANG,SARANG,TEMPERAK,TUBAN
4461944104,,ODP-RGL-FAD/42,-7.126339,111.934804,,,3,5,0,0,8,REGIONAL 5,MADIUN,TUBAN,RGL,,,2024-03-16 23:27:12,43844,2020,1,NON TITO,,,JAWA TIMUR,0.625,YELLOW,789800519,AREA 3,JATIM,LAMONGAN,TUBAN BOJONEGORO,,,0,0,0,JAWA TIMUR,TUBAN,SOKO,SIMO,TUBAN
4515421386,,ODP-BCR-FAD/52,-6.805712,111.868386,,,3,5,0,0,8,REGIONAL 5,MADIUN,TUBAN,BCR,,,2024-03-16 23:26:47,43860,2020,1,NON TITO,,,JAWA TIMUR,0.625,YELLOW,795886786,AREA 3,JATIM,LAMONGAN,TUBAN BOJONEGORO,,,0,0,0,JAWA TIMUR,TUBAN,TAMBAKBOYO,SAWIR,TUBAN
6329378808,,ODP-TNZ-FF/24,-6.892369,112.06157,,,6,9,0,0,16,REGIONAL 5,MADIUN,TUBAN,TNZ,,,2024-03-16 23:24:35,44309,2021,4,NON TITO,,,JAWA TIMUR,0.5625,YELLOW,873437961,AREA 3,JATIM,LAMONGAN,TUBAN BOJONEGORO,,,0,0,0,JAWA TIMUR,TUBAN,TUBAN,SIDOMULYO,TUBAN
6339946184,,ODP-BCR-FAD/57,-6.806583,111.890475,,,3,5,0,0,8,REGIONAL 5,MADIUN,TUBAN,BCR,,,2024-03-16 23:21:59,44309,2021,4,NON TITO,,,JAWA TIMUR,0.625,YELLOW,873429674,AREA 3,JATIM,LAMONGAN,TUBAN BOJONEGORO,,,0,0,0,JAWA TIMUR,TUBAN,JENU,KARANGASEM,TUBAN
4515421396,,ODP-BCR-FAD/54,-6.801239,111.861066,,,2,6,0,0,8,REGIONAL 5,MADIUN,TUBAN,BCR,,,2024-03-16 23:26:49,43860,2020,1,NON TITO,,,JAWA TIMUR,0.75,YELLOW,795886792,AREA 3,JATIM,LAMONGAN,TUBAN BOJONEGORO,,,0,0,0,JAWA TIMUR,TUBAN,TAMBAKBOYO,SOBONTORO,TUBAN
4562002213,,ODP-TNZ-FC/66,-6.899226,112.045059,,,7,9,0,0,16,REGIONAL 5,MADIUN,TUBAN,TNZ,,,2024-03-16 23:29:04,43870,2020,2,NON TITO,,,JAWA TIMUR,0.5625,YELLOW,805553576,AREA 3,JATIM,LAMONGAN,TUBAN BOJONEGORO,,,0,0,0,JAWA TIMUR,TUBAN,TUBAN,SIDOREJO,TUBAN
6350368859,,ODP-BCR-FAB/52,-6.669197,111.588332,,,4,4,0,0,8,REGIONAL 5,MADIUN,TUBAN,BCR,,,2024-03-16 23:24:02,44305,2021,4,NON TITO,,,JAWA TIMUR,0.5,YELLOW,871366456,AREA 3,JATIM,LAMONGAN,TUBAN BOJONEGORO,,,0,0,0,JAWA TENGAH,REMBANG,KRAGAN,PANDANGAN WETAN,TUBAN
4659870607,,ODP-RGL-FAC/39,-7.036865,112.104902,,,3,5,0,0,8,REGIONAL 5,MADIUN,TUBAN,RGL,,,2024-03-16 23:25:19,43885,2020,2,NON TITO,,,JAWA TIMUR,0.625,YELLOW,823820339,AREA 3,JATIM,LAMONGAN,TUBAN BOJONEGORO,,,0,0,0,JAWA TIMUR,TUBAN,PLUMPANG,PLUMPANG,TUBAN
6350368847,,ODP-BCR-FAB/55,-6.693732,111.617703,,,4,4,0,0,8,REGIONAL 5,MADIUN,TUBAN,BCR,,,2024-03-16 23:24:18,44305,2021,4,NON TITO,,,JAWA TIMUR,0.5,YELLOW,871366448,AREA 3,JATIM,LAMONGAN,TUBAN BOJONEGORO,,,0,0,0,JAWA TENGAH,REMBANG,KRAGAN,KRAGAN,TUBAN
6299443576,,ODP-TNZ-FV/42,-6.913001,112.050043,,,4,12,0,0,16,REGIONAL 5,MADIUN,TUBAN,TNZ,,,2024-03-16 23:23:42,44295,2021,4,NON TITO,,,JAWA TIMUR,0.75,YELLOW,870585518,AREA 3,JATIM,LAMONGAN,TUBAN BOJONEGORO,,,0,0,0,JAWA TIMUR,TUBAN,SEMANDING,TEGALAGUNG,TUBAN
6253319889,,ODP-RGL-FAD/72,-7.096169,111.92095,,,7,9,0,0,16,REGIONAL 5,MADIUN,TUBAN,RGL,,,2024-03-16 23:28:34,44287,2021,4,NON TITO,,,JAWA TIMUR,0.5625,YELLOW,869089310,AREA 3,JATIM,LAMONGAN,TUBAN BOJONEGORO,,,0,0,0,JAWA TIMUR,TUBAN,SOKO,PRAMBONTERGOYANG,TUBAN
4659870622,,ODP-RGL-FAC/37,-7.030555,112.108238,,,3,5,0,0,8,REGIONAL 5,MADIUN,TUBAN,RGL,,,2024-03-16 23:25:07,43885,2020,2,NON TITO,,,JAWA TIMUR,0.625,YELLOW,824531131,AREA 3,JATIM,LAMONGAN,TUBAN BOJONEGORO,,,0,0,0,JAWA TIMUR,TUBAN,PLUMPANG,JATIMULYO,TUBAN
6253319879,,ODP-RGL-FAD/74,-7.115338,111.945741,,,3,5,0,0,8,REGIONAL 5,MADIUN,TUBAN,RGL,,,2024-03-16 23:27:50,44287,2021,4,NON TITO,,,JAWA TIMUR,0.625,YELLOW,869089304,AREA 3,JATIM,LAMONGAN,TUBAN BOJONEGORO,,,0,0,0,JAWA TIMUR,TUBAN,SOKO,SOKOSARI,TUBAN
6251819356,,ODP-BCR-FAC/56,-6.773031,111.725569,,,2,6,0,0,8,REGIONAL 5,MADIUN,TUBAN,BCR,,,2024-03-16 23:22:05,44287,2021,4,NON TITO,,,JAWA TIMUR,0.75,YELLOW,869081131,AREA 3,JATIM,LAMONGAN,TUBAN BOJONEGORO,,,0,0,0,JAWA TIMUR,TUBAN,BANCAR,BANJAREJO,TUBAN
6251669112,,ODP-TNZ-FJ/81,-6.902285,112.135138,,,2,6,0,0,8,REGIONAL 5,MADIUN,TUBAN,TNZ,,,2024-03-16 23:24:36,44287,2021,4,NON TITO,,,JAWA TIMUR,0.75,YELLOW,869080410,AREA 3,JATIM,LAMONGAN,TUBAN BOJONEGORO,,,0,0,0,JAWA TIMUR,TUBAN,PALANG,PUCANGAN,TUBAN
5951594211,,ODP-RGL-FAA/43,-7.035446,112.058949,,,4,12,0,0,16,REGIONAL 5,MADIUN,TUBAN,RGL,,,2024-03-16 23:26:02,44225,2021,1,NON TITO,,,JAWA TIMUR,0.75,YELLOW,861059542,AREA 3,JATIM,LAMONGAN,TUBAN BOJONEGORO,,,0,0,0,JAWA TIMUR,TUBAN,PLUMPANG,TRUTUP,TUBAN
5951593826,,ODP-MRR-FAD/45,-6.771175,111.94885,,,3,5,0,0,8,REGIONAL 5,MADIUN,TUBAN,MRR,,,2024-03-16 23:26:19,44225,2021,1,NON TITO,,,JAWA TIMUR,0.625,YELLOW,861058820,AREA 3,JATIM,LAMONGAN,TUBAN BOJONEGORO,,,0,0,0,JAWA TIMUR,TUBAN,JENU,REMEN,TUBAN
5268943575,,ODP-JTR-FD/30,-6.854423,111.585447,,,2,6,0,0,8,REGIONAL 5,MADIUN,TUBAN,JTR,,,2024-03-16 23:26:49,44037,2020,7,NON TITO,,,JAWA TIMUR,0.75,YELLOW,833305280,AREA 3,JATIM,LAMONGAN,TUBAN BOJONEGORO,,,0,0,0,JAWA TENGAH,REMBANG,SALE,WONOKERTO,TUBAN
5277793713,,ODP-KRK-FA/05,-6.866111,111.912872,,,7,9,0,0,16,REGIONAL 5,MADIUN,TUBAN,KRK,,,2024-03-16 23:28:28,44046,2020,8,NON TITO,,,JAWA TIMUR,0.5625,YELLOW,833472847,AREA 3,JATIM,LAMONGAN,TUBAN BOJONEGORO,,,0,0,0,JAWA TIMUR,TUBAN,KEREK,SUMBERARUM,TUBAN
5816594632,,ODP-KRK-FB/26,-6.952421,111.917899,,,4,4,0,0,8,REGIONAL 5,MADIUN,TUBAN,KRK,,,2024-03-16 23:24:29,44195,2020,12,NON TITO,,,JAWA TIMUR,0.5,YELLOW,858778521,AREA 3,JATIM,LAMONGAN,TUBAN BOJONEGORO,,,0,0,0,JAWA TIMUR,TUBAN,MONTONG,TALUN,TUBAN
5816594618,,ODP-MRR-FAC/58,-6.901831,112.012327,,,2,6,0,0,8,REGIONAL 5,MADIUN,TUBAN,MRR,,,2024-03-16 23:24:26,44195,2020,12,NON TITO,,,JAWA TIMUR,0.75,YELLOW,858778406,AREA 3,JATIM,LAMONGAN,TUBAN BOJONEGORO,,,0,0,0,JAWA TIMUR,TUBAN,TUBAN,SUGIHARJO,TUBAN
5802944297,,ODP-TNZ-FH/87,-6.936017,112.055814,,,8,8,0,0,16,REGIONAL 5,MADIUN,TUBAN,TNZ,,,2024-03-16 23:25:11,44194,2020,12,NON TITO,,,JAWA TIMUR,0.5,YELLOW,858764343,AREA 3,JATIM,LAMONGAN,TUBAN BOJONEGORO,,,0,0,0,JAWA TIMUR,TUBAN,SEMANDING,SEMANDING,TUBAN
5794024665,,ODP-RGL-FAC/52,-7.030285,112.118862,,,3,5,0,0,8,REGIONAL 5,MADIUN,TUBAN,RGL,,,2024-03-16 23:23:02,44194,2020,12,NON TITO,,,JAWA TIMUR,0.625,YELLOW,858764325,AREA 3,JATIM,LAMONGAN,TUBAN BOJONEGORO,,,0,0,0,JAWA TIMUR,TUBAN,PLUMPANG,JATIMULYO,TUBAN
5762518624,,ODP-TNZ-FH/85,-6.911091,112.064392,,,2,6,0,0,8,REGIONAL 5,MADIUN,TUBAN,TNZ,,,2024-03-16 23:22:43,44179,2020,12,NON TITO,,,JAWA TIMUR,0.75,YELLOW,858125208,AREA 3,JATIM,LAMONGAN,TUBAN BOJONEGORO,,,0,0,0,JAWA TIMUR,TUBAN,SEMANDING,GEDONGOMBO,TUBAN
5786969164,,ODP-MRR-FAB/49,-6.84686,111.998652,,,2,6,0,0,8,REGIONAL 5,MADIUN,TUBAN,MRR,,,2024-03-16 23:26:52,44185,2020,12,NON TITO,,,JAWA TIMUR,0.75,YELLOW,858317716,AREA 3,JATIM,LAMONGAN,TUBAN BOJONEGORO,,,0,0,0,JAWA TIMUR,TUBAN,JENU,SEKARDADI,TUBAN
5802870602,,ODP-TNZ-FJ/75,-6.90019,112.166723,,,4,4,0,0,8,REGIONAL 5,MADIUN,TUBAN,TNZ,,,2024-03-16 23:23:57,44190,2020,12,NON TITO,,,JAWA TIMUR,0.5,YELLOW,858559812,AREA 3,JATIM,LAMONGAN,TUBAN BOJONEGORO,,,0,0,0,JAWA TIMUR,TUBAN,PALANG,PLIWETAN,TUBAN
5802870582,,ODP-TNZ-FJ/77,-6.899891,112.163555,,,3,5,0,0,8,REGIONAL 5,MADIUN,TUBAN,TNZ,,,2024-03-16 23:23:54,44190,2020,12,NON TITO,,,JAWA TIMUR,0.625,YELLOW,858559800,AREA 3,JATIM,LAMONGAN,TUBAN BOJONEGORO,,,0,0,0,JAWA TIMUR,TUBAN,PALANG,LERAN KULON,TUBAN
5802870572,,ODP-TNZ-FJ/72,-6.899435,112.172659,,,2,6,0,0,8,REGIONAL 5,MADIUN,TUBAN,TNZ,,,2024-03-16 23:24:03,44190,2020,12,NON TITO,,,JAWA TIMUR,0.75,YELLOW,858559794,AREA 3,JATIM,LAMONGAN,TUBAN BOJONEGORO,,,0,0,0,JAWA TIMUR,TUBAN,PALANG,PLIWETAN,TUBAN
5808869870,,ODP-TNZ-FJ/68,-6.902236,112.136777,,,1,6,0,0,8,REGIONAL 5,MADIUN,TUBAN,TNZ,,,2024-03-16 23:25:08,44189,2020,12,NON TITO,,,JAWA TIMUR,0.75,YELLOW,858543974,AREA 3,JATIM,LAMONGAN,TUBAN BOJONEGORO,,,0,0,0,JAWA TIMUR,TUBAN,PALANG,PUCANGAN,TUBAN
5808869865,,ODP-TNZ-FJ/70,-6.900477,112.150923,,,2,6,0,0,8,REGIONAL 5,MADIUN,TUBAN,TNZ,,,2024-03-16 23:25:08,44189,2020,12,NON TITO,,,JAWA TIMUR,0.75,YELLOW,858543970,AREA 3,JATIM,LAMONGAN,TUBAN BOJONEGORO,,,0,0,0,JAWA TIMUR,TUBAN,PALANG,LERAN KULON,TUBAN
5808869860,,ODP-TNZ-FJ/69,-6.902155,112.143982,,,5,11,0,0,16,REGIONAL 5,MADIUN,TUBAN,TNZ,,,2024-03-16 23:25:12,44189,2020,12,NON TITO,,,JAWA TIMUR,0.6875,YELLOW,858543967,AREA 3,JATIM,LAMONGAN,TUBAN BOJONEGORO,,,0,0,0,JAWA TIMUR,TUBAN,PALANG,LERAN KULON,TUBAN
5786969219,,ODP-MRR-FAB/57,-6.833036,112.004384,,,2,6,0,0,8,REGIONAL 5,MADIUN,TUBAN,MRR,,,2024-03-16 23:27:09,44185,2020,12,NON TITO,,,JAWA TIMUR,0.75,YELLOW,858317753,AREA 3,JATIM,LAMONGAN,TUBAN BOJONEGORO,,,0,0,0,JAWA TIMUR,TUBAN,JENU,JENU,TUBAN
5816668833,,ODP-TNZ-FZ/03,-6.879531,112.023033,,,3,5,0,0,8,REGIONAL 5,MADIUN,TUBAN,TNZ,,,2024-03-16 23:26:27,44188,2020,12,NON TITO,,,JAWA TIMUR,0.625,YELLOW,858535140,AREA 3,JATIM,LAMONGAN,TUBAN BOJONEGORO,,,0,0,0,JAWA TIMUR,TUBAN,TUBAN,MONDOKAN,TUBAN
5816668839,,ODP-TNZ-FZ/16,-6.875439,112.036809,,,4,4,0,0,8,REGIONAL 5,MADIUN,TUBAN,TNZ,,,2024-03-16 23:26:32,44188,2020,12,NON TITO,,,JAWA TIMUR,0.5,YELLOW,858535145,AREA 3,JATIM,LAMONGAN,TUBAN BOJONEGORO,,,0,0,0,JAWA TIMUR,TUBAN,TUBAN,PERBON,TUBAN
5816668842,,ODP-TNZ-FZ/23,-6.879936,112.02933,,,8,8,0,0,16,REGIONAL 5,MADIUN,TUBAN,TNZ,,,2024-03-16 23:26:17,44188,2020,12,NON TITO,,,JAWA TIMUR,0.5,YELLOW,858535147,AREA 3,JATIM,LAMONGAN,TUBAN BOJONEGORO,,,0,0,0,JAWA TIMUR,TUBAN,TUBAN,PERBON,TUBAN
5816668851,,ODP-TNZ-FZ/20,-6.875389,112.034357,,,2,6,0,0,8,REGIONAL 5,MADIUN,TUBAN,TNZ,,,2024-03-16 23:26:40,44188,2020,12,NON TITO,,,JAWA TIMUR,0.75,YELLOW,858535154,AREA 3,JATIM,LAMONGAN,TUBAN BOJONEGORO,,,0,0,0,JAWA TIMUR,TUBAN,TUBAN,PERBON,TUBAN
5816668857,,ODP-TNZ-FZ/10,-6.882462,112.033379,,,9,7,0,0,16,REGIONAL 5,MADIUN,TUBAN,TNZ,,,2024-03-16 23:26:33,44188,2020,12,NON TITO,,,JAWA TIMUR,0.4375,YELLOW,858535159,AREA 3,JATIM,LAMONGAN,TUBAN BOJONEGORO,,,0,0,0,JAWA TIMUR,TUBAN,TUBAN,PERBON,TUBAN
5816668905,,ODP-TNZ-FZ/26,-6.880966,112.019598,,,4,4,0,0,8,REGIONAL 5,MADIUN,TUBAN,TNZ,,,2024-03-16 23:26:30,44188,2020,12,NON TITO,,,JAWA TIMUR,0.5,YELLOW,858535194,AREA 3,JATIM,LAMONGAN,TUBAN BOJONEGORO,,,0,0,0,JAWA TIMUR,TUBAN,MERAKURAK,BOGOREJO,TUBAN
5816594635,,ODP-KRK-FB/27,-6.952991,111.915146,,,8,8,0,0,16,REGIONAL 5,MADIUN,TUBAN,KRK,,,2024-03-16 23:24:26,44195,2020,12,NON TITO,,,JAWA TIMUR,0.5,YELLOW,858778524,AREA 3,JATIM,LAMONGAN,TUBAN BOJONEGORO,,,0,0,0,JAWA TIMUR,TUBAN,MONTONG,JETAK,TUBAN
4428418645,,ODP-JTR-FF/58,-6.902473,111.676392,,,8,8,0,0,16,REGIONAL 5,MADIUN,TUBAN,JTR,,,2024-03-16 23:28:54,43822,2019,12,NON TITO,,,JAWA TIMUR,0.5,YELLOW,789367321,AREA 3,JATIM,LAMONGAN,TUBAN BOJONEGORO,,,0,0,0,JAWA TIMUR,TUBAN,JATIROGO,SIDOMULYO,TUBAN
5833170185,,ODP-KRK-FG/01,-6.899705,111.885106,,,3,5,0,0,8,REGIONAL 5,MADIUN,TUBAN,KRK,,,2024-03-16 23:25:06,44205,2021,1,NON TITO,,,JAWA TIMUR,0.625,YELLOW,859713644,AREA 3,JATIM,LAMONGAN,TUBAN BOJONEGORO,,,0,0,0,JAWA TIMUR,TUBAN,KEREK,MARGOMULYO,TUBAN
5658271330,,ODP-TNZ-FF/22,-6.89147,112.057747,,,3,5,0,0,8,REGIONAL 5,MADIUN,TUBAN,TNZ,,,2024-03-16 23:28:07,44155,2020,11,NON TITO,,,JAWA TIMUR,0.625,YELLOW,856929989,AREA 3,JATIM,LAMONGAN,TUBAN BOJONEGORO,,,0,0,0,JAWA TIMUR,TUBAN,TUBAN,KINGKING,TUBAN
5326394284,,ODP-RGL-FAC/47,-7.031567,112.090607,,,3,5,0,0,8,REGIONAL 5,MADIUN,TUBAN,RGL,,,2024-03-16 23:28:59,44061,2020,8,NON TITO,,,JAWA TIMUR,0.625,YELLOW,835700472,AREA 3,JATIM,LAMONGAN,TUBAN BOJONEGORO,,,0,0,0,JAWA TIMUR,TUBAN,PLUMPANG,SUMURJALAK,TUBAN
5884844156,,ODP-TNZ-FX/10,-6.903064,112.038048,,,3,5,0,0,8,REGIONAL 5,MADIUN,TUBAN,TNZ,,,2024-03-16 23:24:20,44214,2021,1,NON TITO,,,JAWA TIMUR,0.625,YELLOW,860093478,AREA 3,JATIM,LAMONGAN,TUBAN BOJONEGORO,,,0,0,0,JAWA TIMUR,TUBAN,SEMANDING,KARANG,TUBAN
5884844146,,ODP-TNZ-FX/07,-6.904481,112.038345,,,2,6,0,0,8,REGIONAL 5,MADIUN,TUBAN,TNZ,,,2024-03-16 23:24:23,44214,2021,1,NON TITO,,,JAWA TIMUR,0.75,YELLOW,860093472,AREA 3,JATIM,LAMONGAN,TUBAN BOJONEGORO,,,0,0,0,JAWA TIMUR,TUBAN,SEMANDING,KARANG,TUBAN
5369518593,,ODP-RGL-FAB/41,-7.070286,112.01103,,,4,12,0,0,16,REGIONAL 5,MADIUN,TUBAN,RGL,,,2024-03-16 23:26:27,44076,2020,9,NON TITO,,,JAWA TIMUR,0.75,YELLOW,837687980,AREA 3,JATIM,LAMONGAN,TUBAN BOJONEGORO,,,0,0,0,JAWA TIMUR,TUBAN,RENGEL,RENGEL,TUBAN
5884844121,,ODP-TNZ-FX/01,-6.905193,112.037636,,,5,11,0,0,16,REGIONAL 5,MADIUN,TUBAN,TNZ,,,2024-03-16 23:24:12,44214,2021,1,NON TITO,,,JAWA TIMUR,0.6875,YELLOW,860093456,AREA 3,JATIM,LAMONGAN,TUBAN BOJONEGORO,,,0,0,0,JAWA TIMUR,TUBAN,SEMANDING,KARANG,TUBAN
5884844111,,ODP-TNZ-FX/14,-6.899641,112.039245,,,2,6,0,0,8,REGIONAL 5,MADIUN,TUBAN,TNZ,,,2024-03-16 23:24:13,44214,2021,1,NON TITO,,,JAWA TIMUR,0.75,YELLOW,860093447,AREA 3,JATIM,LAMONGAN,TUBAN BOJONEGORO,,,0,0,0,JAWA TIMUR,TUBAN,TUBAN,SIDOREJO,TUBAN
5884844106,,ODP-TNZ-FX/03,-6.905038,112.038446,,,2,6,0,0,8,REGIONAL 5,MADIUN,TUBAN,TNZ,,,2024-03-16 23:24:26,44214,2021,1,NON TITO,,,JAWA TIMUR,0.75,YELLOW,860093442,AREA 3,JATIM,LAMONGAN,TUBAN BOJONEGORO,,,0,0,0,JAWA TIMUR,TUBAN,SEMANDING,KARANG,TUBAN
5311469970,,ODP-RGL-FAA/42,-7.035237,112.060275,,,2,6,0,0,8,REGIONAL 5,MADIUN,TUBAN,RGL,,,2024-03-16 23:23:21,44067,2020,8,NON TITO,,,JAWA TIMUR,0.75,YELLOW,838470062,AREA 3,JATIM,LAMONGAN,TUBAN BOJONEGORO,,,0,0,0,JAWA TIMUR,TUBAN,PLUMPANG,TRUTUP,TUBAN
5884168984,,ODP-RGL-FAD/71,-7.10073,111.923124,,,2,6,0,0,8,REGIONAL 5,MADIUN,TUBAN,RGL,,,2024-03-16 23:26:52,44210,2021,1,NON TITO,,,JAWA TIMUR,0.75,YELLOW,859898602,AREA 3,JATIM,LAMONGAN,TUBAN BOJONEGORO,,,0,0,0,JAWA TIMUR,TUBAN,SOKO,PRAMBONTERGOYANG,TUBAN
5335396083,,ODP-RGL-FAD/49,-7.096705,111.91701,,,2,6,0,0,8,REGIONAL 5,MADIUN,TUBAN,RGL,,,2024-03-16 23:28:16,44068,2020,8,NON TITO,,,JAWA TIMUR,0.75,YELLOW,838470182,AREA 3,JATIM,LAMONGAN,TUBAN BOJONEGORO,,,0,0,0,JAWA TIMUR,TUBAN,SOKO,PRAMBONTERGOYANG,TUBAN
5422918583,,ODP-JTR-FA/46,-6.966153,111.7622,,,2,6,0,0,8,REGIONAL 5,MADIUN,TUBAN,JTR,,,2024-03-16 23:23:54,44096,2020,9,NON TITO,,,JAWA TIMUR,0.75,YELLOW,841306864,AREA 3,JATIM,LAMONGAN,TUBAN BOJONEGORO,,,0,0,0,JAWA TIMUR,TUBAN,SINGGAHAN,LAJO LOR,TUBAN
5552369544,,ODP-JTR-FAA/37,-6.876481,111.652217,,,2,5,0,0,8,REGIONAL 5,MADIUN,TUBAN,JTR,,,2024-03-16 23:23:06,44119,2020,10,NON TITO,,,JAWA TIMUR,0.625,YELLOW,855453055,AREA 3,JATIM,LAMONGAN,TUBAN BOJONEGORO,,,0,0,0,JAWA TIMUR,TUBAN,JATIROGO,BADER,TUBAN
9410444431,,ODP-TNZ-FAC/26,-6.968524,112.111663,,,3,5,0,0,8,REGIONAL 5,MADIUN,TUBAN,TNZ,,,2023-08-30 18:10:57,44847,2022,10,NON TITO,,,JAWA TIMUR,0.625,YELLOW,1238471956,AREA 3,JATIM,LAMONGAN,TUBAN BOJONEGORO,,,0,0,0,JAWA TIMUR,TUBAN,SEMANDING,GESING,TUBAN
5570444536,,ODP-RGL-FAF/11,-7.00159,112.110731,,,2,6,0,0,8,REGIONAL 5,MADIUN,TUBAN,RGL,,,2024-03-16 23:22:35,44137,2020,11,NON TITO,,,JAWA TIMUR,0.75,YELLOW,856320256,AREA 3,JATIM,LAMONGAN,TUBAN BOJONEGORO,,,0,0,0,JAWA TIMUR,TUBAN,PLUMPANG,SUMBERAGUNG,TUBAN
5840522256,,ODP-RGL-FAD/55,-7.101391,111.96834,,,3,5,0,0,8,REGIONAL 5,MADIUN,TUBAN,RGL,,,2024-03-16 23:28:37,44205,2021,1,NON TITO,,,JAWA TIMUR,0.625,YELLOW,859715995,AREA 3,JATIM,LAMONGAN,TUBAN BOJONEGORO,,,0,0,0,JAWA TIMUR,TUBAN,SOKO,RAHAYU,TUBAN
5570444541,,ODP-RGL-FAF/10,-7.00151,112.115236,,,2,6,0,0,8,REGIONAL 5,MADIUN,TUBAN,RGL,,,2024-03-16 23:22:39,44137,2020,11,NON TITO,,,JAWA TIMUR,0.75,YELLOW,856320260,AREA 3,JATIM,LAMONGAN,TUBAN BOJONEGORO,,,0,0,0,JAWA TIMUR,TUBAN,PLUMPANG,SUMBERAGUNG,TUBAN
5840522246,,ODP-RGL-FAD/65,-7.131988,111.932736,,,2,6,0,0,8,REGIONAL 5,MADIUN,TUBAN,RGL,,,2024-03-16 23:28:50,44205,2021,1,NON TITO,,,JAWA TIMUR,0.75,YELLOW,859715987,AREA 3,JATIM,LAMONGAN,TUBAN BOJONEGORO,,,0,0,0,JAWA TIMUR,TUBAN,SOKO,SIMO,TUBAN
5657818930,,ODP-BCR-FAD/55,-6.797557,111.876815,,,3,5,0,0,8,REGIONAL 5,MADIUN,TUBAN,BCR,,,2024-03-16 23:22:24,44142,2020,11,NON TITO,,,JAWA TIMUR,0.625,YELLOW,856381183,AREA 3,JATIM,LAMONGAN,TUBAN BOJONEGORO,,,0,0,0,JAWA TIMUR,TUBAN,TAMBAKBOYO,SOBONTORO,TUBAN
5833170225,,ODP-KRK-FG/05,-6.895465,111.877475,,,2,6,0,0,8,REGIONAL 5,MADIUN,TUBAN,KRK,,,2024-03-16 23:24:55,44205,2021,1,NON TITO,,,JAWA TIMUR,0.75,YELLOW,859713672,AREA 3,JATIM,LAMONGAN,TUBAN BOJONEGORO,,,0,0,0,JAWA TIMUR,TUBAN,KEREK,MARGOREJO,TUBAN
5833170195,,ODP-KRK-FG/03,-6.896016,111.888329,,,2,6,0,0,8,REGIONAL 5,MADIUN,TUBAN,KRK,,,2024-03-16 23:24:13,44205,2021,1,NON TITO,,,JAWA TIMUR,0.75,YELLOW,859713651,AREA 3,JATIM,LAMONGAN,TUBAN BOJONEGORO,,,0,0,0,JAWA TIMUR,TUBAN,KEREK,MARGOMULYO,TUBAN
4428418640,,ODP-JTR-FF/57,-6.918217,111.686131,,,2,6,0,0,8,REGIONAL 5,MADIUN,TUBAN,JTR,,,2024-03-16 23:29:15,43822,2019,12,NON TITO,,,JAWA TIMUR,0.75,YELLOW,789367317,AREA 3,JATIM,LAMONGAN,TUBAN BOJONEGORO,,,0,0,0,JAWA TIMUR,TUBAN,JATIROGO,JATIKLABANG,TUBAN
4412294297,,ODP-TNZ-FJ/64,-6.902637,112.170242,,,3,5,0,0,8,REGIONAL 5,MADIUN,TUBAN,TNZ,,,2024-03-16 23:26:21,43811,2019,12,NON TITO,,,JAWA TIMUR,0.625,YELLOW,789318581,AREA 3,JATIM,LAMONGAN,TUBAN BOJONEGORO,,,0,0,0,JAWA TIMUR,TUBAN,PALANG,PLIWETAN,TUBAN
4412294279,,ODP-TNZ-FJ/63,-6.906615,112.170286,,,6,10,0,0,16,REGIONAL 5,MADIUN,TUBAN,TNZ,,,2024-03-16 23:26:17,43811,2019,12,NON TITO,,,JAWA TIMUR,0.625,YELLOW,789318566,AREA 3,JATIM,LAMONGAN,TUBAN BOJONEGORO,,,0,0,0,JAWA TIMUR,TUBAN,PALANG,PLIWETAN,TUBAN
7108243689,,ODP-TNZ-FZ/32,-6.89209,112.020669,,,3,5,0,0,8,REGIONAL 5,MADIUN,TUBAN,TNZ,,,2024-03-16 23:23:34,44387,2021,7,NON TITO,,,JAWA TIMUR,0.625,YELLOW,947051815,AREA 3,JATIM,LAMONGAN,TUBAN BOJONEGORO,,,0,0,0,JAWA TIMUR,TUBAN,TUBAN,SUGIHARJO,TUBAN
3815519008,,ODP-JTR-FA/40,-6.971369,111.750436,,,2,6,0,0,8,REGIONAL 5,MADIUN,TUBAN,JTR,,,2024-03-16 23:29:06,43706,2019,8,NON TITO,,,JAWA TIMUR,0.75,YELLOW,643151606,AREA 3,JATIM,LAMONGAN,TUBAN BOJONEGORO,,,0,0,0,JAWA TIMUR,TUBAN,SINGGAHAN,LAJO KIDUL,TUBAN
3808397950,,ODP-TNZ-FJ/56,-6.899895,112.163636,,,2,6,0,0,8,REGIONAL 5,MADIUN,TUBAN,TNZ,,,2024-03-16 23:25:18,43710,2019,9,NON TITO,,,JAWA TIMUR,0.75,YELLOW,643215496,AREA 3,JATIM,LAMONGAN,TUBAN BOJONEGORO,,,0,0,0,JAWA TIMUR,TUBAN,PALANG,LERAN KULON,TUBAN
7108243674,,ODP-TNZ-FZ/28,-6.899063,112.016764,,,3,5,0,0,8,REGIONAL 5,MADIUN,TUBAN,TNZ,,,2024-03-16 23:23:35,44387,2021,7,NON TITO,,,JAWA TIMUR,0.625,YELLOW,947051806,AREA 3,JATIM,LAMONGAN,TUBAN BOJONEGORO,,,0,0,0,JAWA TIMUR,TUBAN,TUBAN,SUGIHARJO,TUBAN
3808398051,,ODP-TNZ-FJ/57,-6.899342,112.158978,,,2,6,0,0,8,REGIONAL 5,MADIUN,TUBAN,TNZ,,,2024-03-16 23:26:01,43710,2019,9,NON TITO,,,JAWA TIMUR,0.75,YELLOW,643215563,AREA 3,JATIM,LAMONGAN,TUBAN BOJONEGORO,,,0,0,0,JAWA TIMUR,TUBAN,PALANG,LERAN KULON,TUBAN
7103520170,,ODP-TNZ-FE/69,-6.898092,112.083211,,,8,8,0,0,16,REGIONAL 5,MADIUN,TUBAN,TNZ,,,2024-03-16 23:27:57,44387,2021,7,NON TITO,,,JAWA TIMUR,0.5,YELLOW,947050929,AREA 3,JATIM,LAMONGAN,TUBAN BOJONEGORO,,,0,0,0,JAWA TIMUR,TUBAN,PALANG,PAYURAN,TUBAN
3811396537,,ODP-TNZ-FH/76,-6.910043,112.071843,,,3,5,0,0,8,REGIONAL 5,MADIUN,TUBAN,TNZ,,,2024-03-16 23:22:18,43712,2019,9,NON TITO,,,JAWA TIMUR,0.625,YELLOW,643223731,AREA 3,JATIM,LAMONGAN,TUBAN BOJONEGORO,,,0,0,0,JAWA TIMUR,TUBAN,SEMANDING,GEDONGOMBO,TUBAN
3811396577,,ODP-TNZ-FH/74,-6.925205,112.074019,,,7,9,0,0,16,REGIONAL 5,MADIUN,TUBAN,TNZ,,,2024-03-16 23:22:36,43712,2019,9,NON TITO,,,JAWA TIMUR,0.5625,YELLOW,643223743,AREA 3,JATIM,LAMONGAN,TUBAN BOJONEGORO,,,0,0,0,JAWA TIMUR,TUBAN,SEMANDING,GEDONGOMBO,TUBAN
7103520155,,ODP-TNZ-FE/68,-6.898629,112.084809,,,7,9,0,0,16,REGIONAL 5,MADIUN,TUBAN,TNZ,,,2024-03-16 23:28:11,44387,2021,7,NON TITO,,,JAWA TIMUR,0.5625,YELLOW,947050920,AREA 3,JATIM,LAMONGAN,TUBAN BOJONEGORO,,,0,0,0,JAWA TIMUR,TUBAN,PALANG,PAYURAN,TUBAN
7103520150,,ODP-TNZ-FE/65,-6.898009,112.09075,,,4,4,0,0,8,REGIONAL 5,MADIUN,TUBAN,TNZ,,,2024-03-16 23:29:03,44387,2021,7,NON TITO,,,JAWA TIMUR,0.5,YELLOW,947050917,AREA 3,JATIM,LAMONGAN,TUBAN BOJONEGORO,,,0,0,0,JAWA TIMUR,TUBAN,PALANG,PAYURAN,TUBAN
7103520135,,ODP-TNZ-FE/74,-6.896694,112.075703,,,3,5,0,0,8,REGIONAL 5,MADIUN,TUBAN,TNZ,,,2024-03-16 23:28:38,44387,2021,7,NON TITO,,,JAWA TIMUR,0.625,YELLOW,947050908,AREA 3,JATIM,LAMONGAN,TUBAN BOJONEGORO,,,0,0,0,JAWA TIMUR,TUBAN,TUBAN,SUKOLILO,TUBAN
7103520125,,ODP-TNZ-FE/72,-6.895849,112.078949,,,2,6,0,0,8,REGIONAL 5,MADIUN,TUBAN,TNZ,,,2024-03-16 23:29:05,44387,2021,7,NON TITO,,,JAWA TIMUR,0.75,YELLOW,947050902,AREA 3,JATIM,LAMONGAN,TUBAN BOJONEGORO,,,0,0,0,JAWA TIMUR,TUBAN,TUBAN,SUKOLILO,TUBAN
3834718855,,ODP-RGL-FAB/34,-7.055583,112.017089,,,2,6,0,0,8,REGIONAL 5,MADIUN,TUBAN,RGL,,,2024-03-16 23:23:35,43719,2019,9,NON TITO,,,JAWA TIMUR,0.75,YELLOW,649590666,AREA 3,JATIM,LAMONGAN,TUBAN BOJONEGORO,,,0,0,0,JAWA TIMUR,TUBAN,RENGEL,SUMBEREJO,TUBAN
7086193866,,ODP-TNZ-FF/48,-6.892443,112.057456,,,4,4,0,0,8,REGIONAL 5,MADIUN,TUBAN,TNZ,,,2024-03-16 23:28:56,44385,2021,7,NON TITO,,,JAWA TIMUR,0.5,YELLOW,947027882,AREA 3,JATIM,LAMONGAN,TUBAN BOJONEGORO,,,0,0,0,JAWA TIMUR,TUBAN,TUBAN,KINGKING,TUBAN
3835995275,,ODP-RGL-FAB/32,-7.067104,112.005277,,,6,10,0,0,16,REGIONAL 5,MADIUN,TUBAN,RGL,,,2024-03-16 23:23:25,43720,2019,9,NON TITO,,,JAWA TIMUR,0.625,YELLOW,649818786,AREA 3,JATIM,LAMONGAN,TUBAN BOJONEGORO,,,0,0,0,JAWA TIMUR,TUBAN,RENGEL,SAWAHAN,TUBAN
7086193856,,ODP-TNZ-FF/47,-6.895713,112.056358,,,7,9,0,0,16,REGIONAL 5,MADIUN,TUBAN,TNZ,,,2024-03-16 23:27:49,44385,2021,7,NON TITO,,,JAWA TIMUR,0.5625,YELLOW,947027873,AREA 3,JATIM,LAMONGAN,TUBAN BOJONEGORO,,,0,0,0,JAWA TIMUR,TUBAN,TUBAN,RONGGOMULYO,TUBAN
3890293608,,ODP-RGL-FAC/33,-7.029642,112.13574,,,2,6,0,0,8,REGIONAL 5,MADIUN,TUBAN,RGL,,,2024-03-16 23:23:28,43725,2019,9,NON TITO,,,JAWA TIMUR,0.75,YELLOW,651772642,AREA 3,JATIM,LAMONGAN,TUBAN BOJONEGORO,,,0,0,0,JAWA TIMUR,TUBAN,PLUMPANG,PENIDON,TUBAN
7086193841,,ODP-TNZ-FF/31,-6.893108,112.052315,,,2,5,0,0,8,REGIONAL 5,MADIUN,TUBAN,TNZ,,,2024-03-16 23:28:54,44385,2021,7,NON TITO,,,JAWA TIMUR,0.625,YELLOW,947027863,AREA 3,JATIM,LAMONGAN,TUBAN BOJONEGORO,,,0,0,0,JAWA TIMUR,TUBAN,TUBAN,RONGGOMULYO,TUBAN
3890293788,,ODP-RGL-FAC/34,-7.030055,112.126189,,,4,4,0,0,8,REGIONAL 5,MADIUN,TUBAN,RGL,,,2024-03-16 23:23:00,43725,2019,9,NON TITO,,,JAWA TIMUR,0.5,YELLOW,651772766,AREA 3,JATIM,LAMONGAN,TUBAN BOJONEGORO,,,0,0,0,JAWA TIMUR,TUBAN,PLUMPANG,MAGERSARI,TUBAN
7108243694,,ODP-TNZ-FZ/37,-6.884268,112.024911,,,2,6,0,0,8,REGIONAL 5,MADIUN,TUBAN,TNZ,,,2024-03-16 23:23:35,44387,2021,7,NON TITO,,,JAWA TIMUR,0.75,YELLOW,947051818,AREA 3,JATIM,LAMONGAN,TUBAN BOJONEGORO,,,0,0,0,JAWA TIMUR,TUBAN,TUBAN,MONDOKAN,TUBAN
7086193831,,ODP-TNZ-FF/51,-6.888474,112.054612,,,6,10,0,0,16,REGIONAL 5,MADIUN,TUBAN,TNZ,,,2024-03-16 23:28:24,44385,2021,7,NON TITO,,,JAWA TIMUR,0.625,YELLOW,947027857,AREA 3,JATIM,LAMONGAN,TUBAN BOJONEGORO,,,0,0,0,JAWA TIMUR,TUBAN,TUBAN,KINGKING,TUBAN
7108243704,,ODP-TNZ-FZ/36,-6.885074,112.024947,,,2,6,0,0,8,REGIONAL 5,MADIUN,TUBAN,TNZ,,,2024-03-16 23:23:34,44387,2021,7,NON TITO,,,JAWA TIMUR,0.75,YELLOW,947051825,AREA 3,JATIM,LAMONGAN,TUBAN BOJONEGORO,,,0,0,0,JAWA TIMUR,TUBAN,TUBAN,MONDOKAN,TUBAN
3753953139,,ODP-MRR-FAC/54,-6.935485,111.997442,,,2,6,0,0,8,REGIONAL 5,MADIUN,TUBAN,MRR,,,2024-03-16 23:22:16,43686,2019,8,NON TITO,,,JAWA TIMUR,0.75,YELLOW,642787809,AREA 3,JATIM,LAMONGAN,TUBAN BOJONEGORO,,,0,0,0,JAWA TIMUR,TUBAN,SEMANDING,JADI,TUBAN
7347721396,,ODP-MRR-FAF/04,-6.801359,111.958665,,,4,11,1,0,16,REGIONAL 5,MADIUN,TUBAN,MRR,,,2024-03-16 23:27:23,44418,2021,8,NON TITO,,,JAWA TIMUR,0.6875,YELLOW,967470542,AREA 3,JATIM,LAMONGAN,TUBAN BOJONEGORO,,,0,0,0,JAWA TIMUR,TUBAN,JENU,SUMURGENENG,TUBAN
7347721391,,ODP-MRR-FAF/22,-6.773606,111.963146,,,6,10,0,0,16,REGIONAL 5,MADIUN,TUBAN,MRR,,,2024-03-16 23:27:06,44418,2021,8,NON TITO,,,JAWA TIMUR,0.625,YELLOW,967470539,AREA 3,JATIM,LAMONGAN,TUBAN BOJONEGORO,,,0,0,0,JAWA TIMUR,TUBAN,JENU,REMEN,TUBAN
3442544202,,ODP-RGL-FAE/15,-7.073497,111.976452,,,8,8,0,0,16,REGIONAL 5,MADIUN,TUBAN,RGL,,,2024-03-16 23:22:40,43539,2019,3,NON TITO,,,JAWA TIMUR,0.5,YELLOW,604768554,AREA 3,JATIM,LAMONGAN,TUBAN BOJONEGORO,,,0,0,0,JAWA TIMUR,TUBAN,RENGEL,PEKUWON,TUBAN
3502171390,,ODP-JTR-FB/17,-7.057007,111.701647,,,2,6,0,0,8,REGIONAL 5,MADIUN,TUBAN,JTR,,,2024-03-16 23:28:13,43556,2019,4,NON TITO,,,JAWA TIMUR,0.75,YELLOW,622836421,AREA 3,JATIM,LAMONGAN,TUBAN BOJONEGORO,,,0,0,0,JAWA TIMUR,TUBAN,SENORI,BANYUURIP,TUBAN
3502171415,,ODP-JTR-FB/19,-7.022802,111.716789,,,2,6,0,0,8,REGIONAL 5,MADIUN,TUBAN,JTR,,,2024-03-16 23:28:15,43556,2019,4,NON TITO,,,JAWA TIMUR,0.75,YELLOW,622836436,AREA 3,JATIM,LAMONGAN,TUBAN BOJONEGORO,,,0,0,0,JAWA TIMUR,TUBAN,SENORI,LERAN,TUBAN
7217818647,,ODP-JTR-FF/71,-6.883466,111.653589,,,8,8,0,0,16,REGIONAL 5,MADIUN,TUBAN,JTR,,,2024-03-16 23:22:49,44401,2021,7,NON TITO,,,JAWA TIMUR,0.5,YELLOW,951318516,AREA 3,JATIM,LAMONGAN,TUBAN BOJONEGORO,,,0,0,0,JAWA TIMUR,TUBAN,JATIROGO,WOTSOGO,TUBAN
3502171435,,ODP-JTR-FB/18,-7.027619,111.711027,,,2,6,0,0,8,REGIONAL 5,MADIUN,TUBAN,JTR,,,2024-03-16 23:28:22,43556,2019,4,NON TITO,,,JAWA TIMUR,0.75,YELLOW,622836449,AREA 3,JATIM,LAMONGAN,TUBAN BOJONEGORO,,,0,0,0,JAWA TIMUR,TUBAN,SENORI,LERAN,TUBAN
3502171440,,ODP-JTR-FB/16,-7.062302,111.697255,,,3,5,0,0,8,REGIONAL 5,MADIUN,TUBAN,JTR,,,2024-03-16 23:27:58,43556,2019,4,NON TITO,,,JAWA TIMUR,0.625,YELLOW,622836452,AREA 3,JATIM,LAMONGAN,TUBAN BOJONEGORO,,,0,0,0,JAWA TIMUR,TUBAN,SENORI,BANYUURIP,TUBAN
7217818617,,ODP-JTR-FF/74,-6.883679,111.655654,,,2,6,0,0,8,REGIONAL 5,MADIUN,TUBAN,JTR,,,2024-03-16 23:22:25,44401,2021,7,NON TITO,,,JAWA TIMUR,0.75,YELLOW,951318498,AREA 3,JATIM,LAMONGAN,TUBAN BOJONEGORO,,,0,0,0,JAWA TIMUR,TUBAN,JATIROGO,WOTSOGO,TUBAN
3510943563,,ODP-BCR-FAD/41,-6.814097,111.844338,,,2,6,0,0,8,REGIONAL 5,MADIUN,TUBAN,BCR,,,2024-03-16 23:26:56,43560,2019,4,NON TITO,,,JAWA TIMUR,0.75,YELLOW,622855156,AREA 3,JATIM,LAMONGAN,TUBAN BOJONEGORO,,,0,0,0,JAWA TIMUR,TUBAN,TAMBAKBOYO,DASIN,TUBAN
7217818607,,ODP-JTR-FF/70,-6.88436,111.654468,,,9,7,0,0,16,REGIONAL 5,MADIUN,TUBAN,JTR,,,2024-03-16 23:22:59,44401,2021,7,NON TITO,,,JAWA TIMUR,0.4375,YELLOW,951318492,AREA 3,JATIM,LAMONGAN,TUBAN BOJONEGORO,,,0,0,0,JAWA TIMUR,TUBAN,JATIROGO,WOTSOGO,TUBAN
7217818602,,ODP-JTR-FF/72,-6.881727,111.651698,,,7,9,0,0,16,REGIONAL 5,MADIUN,TUBAN,JTR,,,2024-03-16 23:22:38,44401,2021,7,NON TITO,,,JAWA TIMUR,0.5625,YELLOW,951318489,AREA 3,JATIM,LAMONGAN,TUBAN BOJONEGORO,,,0,0,0,JAWA TIMUR,TUBAN,JATIROGO,SADANG,TUBAN
7195618739,,ODP-TNZ-FP/31,-6.906862,112.061142,,,5,11,0,0,16,REGIONAL 5,MADIUN,TUBAN,TNZ,,,2024-03-16 23:23:31,44398,2021,7,NON TITO,,,JAWA TIMUR,0.6875,YELLOW,951297686,AREA 3,JATIM,LAMONGAN,TUBAN BOJONEGORO,,,0,0,0,JAWA TIMUR,TUBAN,SEMANDING,GEDONGOMBO,TUBAN
3510943558,,ODP-BCR-FAD/38,-6.825546,111.814088,,,4,4,0,0,8,REGIONAL 5,MADIUN,TUBAN,BCR,,,2024-03-16 23:26:17,43560,2019,4,NON TITO,,,JAWA TIMUR,0.5,YELLOW,626941427,AREA 3,JATIM,LAMONGAN,TUBAN BOJONEGORO,,,0,0,0,JAWA TIMUR,TUBAN,TAMBAKBOYO,BELIKANGET,TUBAN
7163593939,,ODP-KRK-FB/30,-6.951535,111.879887,,,2,6,0,0,8,REGIONAL 5,MADIUN,TUBAN,KRK,,,2024-03-16 23:24:25,44393,2021,7,NON TITO,,,JAWA TIMUR,0.75,YELLOW,949430989,AREA 3,JATIM,LAMONGAN,TUBAN BOJONEGORO,,,0,0,0,JAWA TIMUR,TUBAN,MONTONG,MONTONGSEKAR,TUBAN
3582643960,,ODP-JTR-FB/20,-7.031575,111.70759,,,3,5,0,0,8,REGIONAL 5,MADIUN,TUBAN,JTR,,,2024-03-16 23:22:23,43595,2019,5,NON TITO,,,JAWA TIMUR,0.625,YELLOW,627528299,AREA 3,JATIM,LAMONGAN,TUBAN BOJONEGORO,,,0,0,0,JAWA TIMUR,TUBAN,SENORI,KALIGEDE,TUBAN
7136218630,,ODP-RGL-FAC/60,-7.028021,112.101632,,,4,4,0,0,8,REGIONAL 5,MADIUN,TUBAN,RGL,,,2024-03-16 23:24:29,44390,2021,7,NON TITO,,,JAWA TIMUR,0.5,YELLOW,949398498,AREA 3,JATIM,LAMONGAN,TUBAN BOJONEGORO,,,0,0,0,JAWA TIMUR,TUBAN,PLUMPANG,PLUMPANG,TUBAN
3674443688,,ODP-JTR-FF/54,-6.919104,111.667615,,,2,6,0,0,8,REGIONAL 5,MADIUN,TUBAN,JTR,,,2024-03-16 23:23:30,43642,2019,6,NON TITO,,,JAWA TIMUR,0.75,YELLOW,631971585,AREA 3,JATIM,LAMONGAN,TUBAN BOJONEGORO,,,0,0,0,JAWA TIMUR,TUBAN,KENDURUAN,SOKOGRENJENG,TUBAN
7108243749,,ODP-RGL-FAD/78,-7.131578,111.934274,,,4,4,0,0,8,REGIONAL 5,MADIUN,TUBAN,RGL,,,2024-03-16 23:23:34,44387,2021,7,NON TITO,,,JAWA TIMUR,0.5,YELLOW,947051859,AREA 3,JATIM,LAMONGAN,TUBAN BOJONEGORO,,,0,0,0,JAWA TIMUR,TUBAN,SOKO,SIMO,TUBAN
3779519350,,ODP-RGL-FAA/34,-7.028581,112.063577,,,3,5,0,0,8,REGIONAL 5,MADIUN,TUBAN,RGL,,,2024-03-16 23:26:58,43697,2019,8,NON TITO,,,JAWA TIMUR,0.625,YELLOW,642946615,AREA 3,JATIM,LAMONGAN,TUBAN BOJONEGORO,,,0,0,0,JAWA TIMUR,TUBAN,PLUMPANG,KESAMBEN,TUBAN
3362294015,,ODP-RGL-FAE/10,-7.089133,111.972861,,,2,6,0,0,8,REGIONAL 5,MADIUN,TUBAN,RGL,,,2024-03-16 23:21:07,43512,2019,2,NON TITO,,,JAWA TIMUR,0.75,YELLOW,540541091,AREA 3,JATIM,LAMONGAN,TUBAN BOJONEGORO,,,0,0,0,JAWA TIMUR,TUBAN,RENGEL,BULUREJO,TUBAN
3890293793,,ODP-RGL-FAC/35,-7.030508,112.111679,,,2,6,0,0,8,REGIONAL 5,MADIUN,TUBAN,RGL,,,2024-03-16 23:23:51,43725,2019,9,NON TITO,,,JAWA TIMUR,0.75,YELLOW,651772770,AREA 3,JATIM,LAMONGAN,TUBAN BOJONEGORO,,,0,0,0,JAWA TIMUR,TUBAN,PLUMPANG,JATIMULYO,TUBAN
4052894575,,ODP-RGL-FAE/16,-7.077849,111.943631,,,2,6,0,0,8,REGIONAL 5,MADIUN,TUBAN,RGL,,,2024-03-16 23:23:28,43749,2019,10,NON TITO,,,JAWA TIMUR,0.75,YELLOW,680644897,AREA 3,JATIM,LAMONGAN,TUBAN BOJONEGORO,,,0,0,0,JAWA TIMUR,TUBAN,SOKO,JEGULO,TUBAN
6943018558,,ODP-RGL-FAE/42,-7.068591,111.991217,,,8,8,0,0,16,REGIONAL 5,MADIUN,TUBAN,RGL,,,2024-03-16 23:29:04,44376,2021,6,NON TITO,,,JAWA TIMUR,0.5,YELLOW,911823032,AREA 3,JATIM,LAMONGAN,TUBAN BOJONEGORO,,,0,0,0,JAWA TIMUR,TUBAN,RENGEL,SAWAHAN,TUBAN
6943018553,,ODP-RGL-FAE/38,-7.071068,111.98237,,,2,6,0,0,8,REGIONAL 5,MADIUN,TUBAN,RGL,,,2024-03-16 23:29:07,44376,2021,6,NON TITO,,,JAWA TIMUR,0.75,YELLOW,911823025,AREA 3,JATIM,LAMONGAN,TUBAN BOJONEGORO,,,0,0,0,JAWA TIMUR,TUBAN,RENGEL,MAIBIT,TUBAN
4312468564,,ODP-MRR-FAB/35,-6.826021,111.984933,,,4,12,0,0,16,REGIONAL 5,MADIUN,TUBAN,MRR,,,2024-03-16 23:23:38,43788,2019,11,NON TITO,,,JAWA TIMUR,0.75,YELLOW,787180997,AREA 3,JATIM,LAMONGAN,TUBAN BOJONEGORO,,,0,0,0,JAWA TIMUR,TUBAN,JENU,BEJI,TUBAN
4328293632,,ODP-TNZ-FH/79,-6.925803,112.064242,,,4,12,0,0,16,REGIONAL 5,MADIUN,TUBAN,TNZ,,,2024-03-16 23:25:06,43791,2019,11,NON TITO,,,JAWA TIMUR,0.75,YELLOW,787204616,AREA 3,JATIM,LAMONGAN,TUBAN BOJONEGORO,,,0,0,0,JAWA TIMUR,TUBAN,SEMANDING,SEMANDING,TUBAN
4328293642,,ODP-MRR-FAC/56,-6.913391,112.002521,,,4,4,0,0,8,REGIONAL 5,MADIUN,TUBAN,MRR,,,2024-03-16 23:26:46,43791,2019,11,NON TITO,,,JAWA TIMUR,0.5,YELLOW,787204621,AREA 3,JATIM,LAMONGAN,TUBAN BOJONEGORO,,,0,0,0,JAWA TIMUR,TUBAN,SEMANDING,BOTO,TUBAN
4301743906,,ODP-BCR-FAD/44,-6.806327,111.89047,,,2,6,0,0,8,REGIONAL 5,MADIUN,TUBAN,BCR,,,2024-03-16 23:28:56,43784,2019,11,NON TITO,,,JAWA TIMUR,0.75,YELLOW,787454974,AREA 3,JATIM,LAMONGAN,TUBAN BOJONEGORO,,,0,0,0,JAWA TIMUR,TUBAN,JENU,KARANGASEM,TUBAN
4411693911,,ODP-TNZ-FJ/65,-6.920174,112.171915,,,2,6,0,0,8,REGIONAL 5,MADIUN,TUBAN,TNZ,,,2024-03-16 23:23:57,43811,2019,12,NON TITO,,,JAWA TIMUR,0.75,YELLOW,789207430,AREA 3,JATIM,LAMONGAN,TUBAN BOJONEGORO,,,0,0,0,JAWA TIMUR,TUBAN,PALANG,CEPOKOREJO,TUBAN
4417694333,,ODP-RGL-FAH/27,-7.068534,112.087225,,,4,4,0,0,8,REGIONAL 5,MADIUN,TUBAN,RGL,,,2024-03-16 23:25:05,43815,2019,12,NON TITO,,,JAWA TIMUR,0.5,YELLOW,789228482,AREA 3,JATIM,LAMONGAN,TUBAN BOJONEGORO,,,0,0,0,JAWA TIMUR,TUBAN,PLUMPANG,KEDUNGREJO,TUBAN
6838318701,,ODP-TNZ-FU/31,-6.851111,112.014885,,,2,6,0,0,8,REGIONAL 5,MADIUN,TUBAN,TNZ,,,2024-03-16 23:29:08,44365,2021,6,NON TITO,,,JAWA TIMUR,0.75,YELLOW,906421963,AREA 3,JATIM,LAMONGAN,TUBAN BOJONEGORO,,,0,0,0,JAWA TIMUR,TUBAN,JENU,SUGIHWARAS,TUBAN
4417694336,,ODP-RGL-FAH/20,-7.083763,112.127469,,,1,6,0,0,8,REGIONAL 5,MADIUN,TUBAN,RGL,,,2024-03-16 23:25:45,43815,2019,12,NON TITO,,,JAWA TIMUR,0.75,YELLOW,789228484,AREA 3,JATIM,LAMONGAN,TUBAN BOJONEGORO,,,0,0,0,JAWA TIMUR,TUBAN,PLUMPANG,KLOTOK,TUBAN
4417694339,,ODP-RGL-FAH/23,-7.084001,112.11231,,,2,6,0,0,8,REGIONAL 5,MADIUN,TUBAN,RGL,,,2024-03-16 23:25:38,43815,2019,12,NON TITO,,,JAWA TIMUR,0.75,YELLOW,789228486,AREA 3,JATIM,LAMONGAN,TUBAN BOJONEGORO,,,0,0,0,JAWA TIMUR,TUBAN,PLUMPANG,BANDUNGREJO,TUBAN
4417694342,,ODP-RGL-FAH/26,-7.072623,112.088715,,,2,6,0,0,8,REGIONAL 5,MADIUN,TUBAN,RGL,,,2024-03-16 23:25:28,43815,2019,12,NON TITO,,,JAWA TIMUR,0.75,YELLOW,789228488,AREA 3,JATIM,LAMONGAN,TUBAN BOJONEGORO,,,0,0,0,JAWA TIMUR,TUBAN,PLUMPANG,PLANDIREJO,TUBAN
4417694348,,ODP-RGL-FAH/22,-7.083865,112.11744,,,3,5,0,0,8,REGIONAL 5,MADIUN,TUBAN,RGL,,,2024-03-16 23:24:53,43815,2019,12,NON TITO,,,JAWA TIMUR,0.625,YELLOW,789228492,AREA 3,JATIM,LAMONGAN,TUBAN BOJONEGORO,,,0,0,0,JAWA TIMUR,TUBAN,PLUMPANG,KLOTOK,TUBAN
6838318588,,ODP-TNZ-FK/78,-6.915967,112.081125,,,4,12,0,0,16,REGIONAL 5,MADIUN,TUBAN,TNZ,,,2024-03-16 23:28:35,44365,2021,6,NON TITO,,,JAWA TIMUR,0.75,YELLOW,906421853,AREA 3,JATIM,LAMONGAN,TUBAN BOJONEGORO,,,0,0,0,JAWA TIMUR,TUBAN,SEMANDING,GEDONGOMBO,TUBAN
6811093767,,ODP-RGL-FAC/59,-7.050822,112.153645,,,3,5,0,0,8,REGIONAL 5,MADIUN,TUBAN,RGL,,,2024-03-16 23:26:24,44364,2021,6,NON TITO,,,JAWA TIMUR,0.625,YELLOW,904696004,AREA 3,JATIM,LAMONGAN,TUBAN BOJONEGORO,,,0,0,0,JAWA TIMUR,TUBAN,WIDANG,WIDANG,TUBAN
4417694357,,ODP-RGL-FAH/21,-7.083224,112.121384,,,2,6,0,0,8,REGIONAL 5,MADIUN,TUBAN,RGL,,,2024-03-16 23:25:19,43815,2019,12,NON TITO,,,JAWA TIMUR,0.75,YELLOW,789228498,AREA 3,JATIM,LAMONGAN,TUBAN BOJONEGORO,,,0,0,0,JAWA TIMUR,TUBAN,PLUMPANG,KLOTOK,TUBAN
6647593590,,ODP-MRR-FAA/77,-6.902968,111.949813,,,3,5,0,0,8,REGIONAL 5,MADIUN,TUBAN,MRR,,,2024-03-16 23:22:23,44352,2021,6,NON TITO,,,JAWA TIMUR,0.625,YELLOW,888944681,AREA 3,JATIM,LAMONGAN,TUBAN BOJONEGORO,,,0,0,0,JAWA TIMUR,TUBAN,MERAKURAK,TUWIRI WETAN,TUBAN
4417694360,,ODP-RGL-FAH/24,-7.08435,112.108564,,,2,6,0,0,8,REGIONAL 5,MADIUN,TUBAN,RGL,,,2024-03-16 23:25:03,43815,2019,12,NON TITO,,,JAWA TIMUR,0.75,YELLOW,789228500,AREA 3,JATIM,LAMONGAN,TUBAN BOJONEGORO,,,0,0,0,JAWA TIMUR,TUBAN,PLUMPANG,BANDUNGREJO,TUBAN
4410343674,,ODP-RGL-FAF/08,-6.995495,112.11191,,,3,5,0,0,8,REGIONAL 5,MADIUN,TUBAN,RGL,,,2024-03-16 23:21:33,43810,2019,12,NON TITO,,,JAWA TIMUR,0.625,YELLOW,789250601,AREA 3,JATIM,LAMONGAN,TUBAN BOJONEGORO,,,0,0,0,JAWA TIMUR,TUBAN,PLUMPANG,SUMBERAGUNG,TUBAN
6943018578,,ODP-RGL-FAE/34,-7.070126,111.978521,,,4,4,0,0,8,REGIONAL 5,MADIUN,TUBAN,RGL,,,2024-03-16 23:29:18,44376,2021,6,NON TITO,,,JAWA TIMUR,0.5,YELLOW,911823070,AREA 3,JATIM,LAMONGAN,TUBAN BOJONEGORO,,,0,0,0,JAWA TIMUR,TUBAN,RENGEL,PEKUWON,TUBAN
7086193816,,ODP-TNZ-FF/42,-6.89353,112.061197,,,4,4,0,0,8,REGIONAL 5,MADIUN,TUBAN,TNZ,,,2024-03-16 23:28:52,44385,2021,7,NON TITO,,,JAWA TIMUR,0.5,YELLOW,947027843,AREA 3,JATIM,LAMONGAN,TUBAN BOJONEGORO,,,0,0,0,JAWA TIMUR,TUBAN,TUBAN,SIDOMULYO,TUBAN
4251944486,,ODP-TNZ-FT/108,-6.892321,112.034808,,,6,10,0,0,16,REGIONAL 5,MADIUN,TUBAN,TNZ,,,2024-03-16 23:24:19,43780,2019,11,NON TITO,,,JAWA TIMUR,0.625,YELLOW,783088835,AREA 3,JATIM,LAMONGAN,TUBAN BOJONEGORO,,,0,0,0,JAWA TIMUR,TUBAN,TUBAN,PERBON,TUBAN
4266793836,,ODP-MRR-FAE/03,-6.877829,111.984985,,,3,5,0,0,8,REGIONAL 5,MADIUN,TUBAN,MRR,,,2024-03-16 23:27:17,43777,2019,11,NON TITO,,,JAWA TIMUR,0.625,YELLOW,758190072,AREA 3,JATIM,LAMONGAN,TUBAN BOJONEGORO,,,0,0,0,JAWA TIMUR,TUBAN,MERAKURAK,SAMBONGGEDE,TUBAN
7086193801,,ODP-TNZ-FF/32,-6.892819,112.053388,,,4,4,0,0,8,REGIONAL 5,MADIUN,TUBAN,TNZ,,,2024-03-16 23:28:50,44385,2021,7,NON TITO,,,JAWA TIMUR,0.5,YELLOW,947027834,AREA 3,JATIM,LAMONGAN,TUBAN BOJONEGORO,,,0,0,0,JAWA TIMUR,TUBAN,TUBAN,RONGGOMULYO,TUBAN
7086193796,,ODP-TNZ-FF/29,-6.890004,112.05366,,,3,5,0,0,8,REGIONAL 5,MADIUN,TUBAN,TNZ,,,2024-03-16 23:28:50,44385,2021,7,NON TITO,,,JAWA TIMUR,0.625,YELLOW,947027830,AREA 3,JATIM,LAMONGAN,TUBAN BOJONEGORO,,,0,0,0,JAWA TIMUR,TUBAN,TUBAN,KINGKING,TUBAN
7086193791,,ODP-TNZ-FF/30,-6.890774,112.053239,,,3,5,0,0,8,REGIONAL 5,MADIUN,TUBAN,TNZ,,,2024-03-16 23:28:15,44385,2021,7,NON TITO,,,JAWA TIMUR,0.625,YELLOW,947027824,AREA 3,JATIM,LAMONGAN,TUBAN BOJONEGORO,,,0,0,0,JAWA TIMUR,TUBAN,TUBAN,KINGKING,TUBAN
7086193786,,ODP-TNZ-FF/44,-6.892882,112.05896,,,3,12,0,0,16,REGIONAL 5,MADIUN,TUBAN,TNZ,,,2024-03-16 23:28:50,44385,2021,7,NON TITO,,,JAWA TIMUR,0.75,YELLOW,947027817,AREA 3,JATIM,LAMONGAN,TUBAN BOJONEGORO,,,0,0,0,JAWA TIMUR,TUBAN,TUBAN,SIDOMULYO,TUBAN
7086193781,,ODP-TNZ-FF/27,-6.89188,112.053897,,,3,4,0,0,8,REGIONAL 5,MADIUN,TUBAN,TNZ,,,2024-03-16 23:28:50,44385,2021,7,NON TITO,,,JAWA TIMUR,0.5,YELLOW,947027813,AREA 3,JATIM,LAMONGAN,TUBAN BOJONEGORO,,,0,0,0,JAWA TIMUR,TUBAN,TUBAN,KINGKING,TUBAN
4098493903,,ODP-RGL-FAA/39,-7.034043,112.067964,,,5,11,0,0,16,REGIONAL 5,MADIUN,TUBAN,RGL,,,2024-03-16 23:26:56,43759,2019,10,NON TITO,,,JAWA TIMUR,0.6875,YELLOW,682973468,AREA 3,JATIM,LAMONGAN,TUBAN BOJONEGORO,,,0,0,0,JAWA TIMUR,TUBAN,PLUMPANG,KESAMBEN,TUBAN
4199519038,,ODP-JTR-FC/47,-6.945689,111.703413,,,3,5,0,0,8,REGIONAL 5,MADIUN,TUBAN,JTR,,,2024-03-16 23:24:47,43777,2019,11,NON TITO,,,JAWA TIMUR,0.625,YELLOW,758189467,AREA 3,JATIM,LAMONGAN,TUBAN BOJONEGORO,,,0,0,0,JAWA TIMUR,TUBAN,BANGILAN,SIDODADI,TUBAN
7086193751,,ODP-TNZ-FF/34,-6.893686,112.055788,,,2,6,0,0,8,REGIONAL 5,MADIUN,TUBAN,TNZ,,,2024-03-16 23:27:40,44385,2021,7,NON TITO,,,JAWA TIMUR,0.75,YELLOW,947027777,AREA 3,JATIM,LAMONGAN,TUBAN BOJONEGORO,,,0,0,0,JAWA TIMUR,TUBAN,TUBAN,RONGGOMULYO,TUBAN
7069093884,,ODP-RGL-FAH/39,-7.085432,112.121341,,,4,4,0,0,8,REGIONAL 5,MADIUN,TUBAN,RGL,,,2024-03-16 23:26:50,44384,2021,7,NON TITO,,,JAWA TIMUR,0.5,YELLOW,947021814,AREA 3,JATIM,LAMONGAN,TUBAN BOJONEGORO,,,0,0,0,JAWA TIMUR,TUBAN,PLUMPANG,KLOTOK,TUBAN
4199519058,,ODP-JTR-FC/54,-6.956172,111.714354,,,4,4,0,0,8,REGIONAL 5,MADIUN,TUBAN,JTR,,,2024-03-16 23:25:29,43777,2019,11,NON TITO,,,JAWA TIMUR,0.5,YELLOW,758189486,AREA 3,JATIM,LAMONGAN,TUBAN BOJONEGORO,,,0,0,0,JAWA TIMUR,TUBAN,BANGILAN,SIDODADI,TUBAN
4199519068,,ODP-JTR-FC/49,-6.95655,111.710127,,,2,6,0,0,8,REGIONAL 5,MADIUN,TUBAN,JTR,,,2024-03-16 23:24:52,43777,2019,11,NON TITO,,,JAWA TIMUR,0.75,YELLOW,758189492,AREA 3,JATIM,LAMONGAN,TUBAN BOJONEGORO,,,0,0,0,JAWA TIMUR,TUBAN,BANGILAN,SIDODADI,TUBAN
7069393630,,ODP-TNZ-FB/52,-6.906886,112.044543,,,2,6,0,0,8,REGIONAL 5,MADIUN,TUBAN,TNZ,,,2024-03-16 23:28:11,44384,2021,7,NON TITO,,,JAWA TIMUR,0.75,YELLOW,947018149,AREA 3,JATIM,LAMONGAN,TUBAN BOJONEGORO,,,0,0,0,JAWA TIMUR,TUBAN,SEMANDING,KARANG,TUBAN
4199519078,,ODP-JTR-FC/52,-6.949238,111.721573,,,2,6,0,0,8,REGIONAL 5,MADIUN,TUBAN,JTR,,,2024-03-16 23:25:40,43777,2019,11,NON TITO,,,JAWA TIMUR,0.75,YELLOW,758189499,AREA 3,JATIM,LAMONGAN,TUBAN BOJONEGORO,,,0,0,0,JAWA TIMUR,TUBAN,BANGILAN,BANJARWORO,TUBAN
7069393620,,ODP-TNZ-FB/51,-6.907447,112.043796,,,3,5,0,0,8,REGIONAL 5,MADIUN,TUBAN,TNZ,,,2024-03-16 23:29:02,44384,2021,7,NON TITO,,,JAWA TIMUR,0.625,YELLOW,947018143,AREA 3,JATIM,LAMONGAN,TUBAN BOJONEGORO,,,0,0,0,JAWA TIMUR,TUBAN,SEMANDING,KARANG,TUBAN
7042319031,,ODP-TNZ-FG/91,-6.89628,112.020415,,,2,6,0,0,8,REGIONAL 5,MADIUN,TUBAN,TNZ,,,2024-03-16 23:23:22,44382,2021,7,NON TITO,,,JAWA TIMUR,0.75,YELLOW,946994866,AREA 3,JATIM,LAMONGAN,TUBAN BOJONEGORO,,,0,0,0,JAWA TIMUR,TUBAN,TUBAN,SUGIHARJO,TUBAN
6992518648,,ODP-MRR-FAB/62,-6.820762,111.967102,,,4,4,0,0,8,REGIONAL 5,MADIUN,TUBAN,MRR,,,2024-03-16 23:25:22,44379,2021,7,NON TITO,,,JAWA TIMUR,0.5,YELLOW,916771279,AREA 3,JATIM,LAMONGAN,TUBAN BOJONEGORO,,,0,0,0,JAWA TIMUR,TUBAN,JENU,BEJI,TUBAN
4266793751,,ODP-JTR-FA/45,-6.966728,111.765832,,,3,5,0,0,8,REGIONAL 5,MADIUN,TUBAN,JTR,,,2024-03-16 23:27:41,43777,2019,11,NON TITO,,,JAWA TIMUR,0.625,YELLOW,758190003,AREA 3,JATIM,LAMONGAN,TUBAN BOJONEGORO,,,0,0,0,JAWA TIMUR,TUBAN,SINGGAHAN,LAJO LOR,TUBAN
6943018603,,ODP-RGL-FAE/37,-7.07298,111.982387,,,2,6,0,0,8,REGIONAL 5,MADIUN,TUBAN,RGL,,,2024-03-16 23:29:14,44376,2021,6,NON TITO,,,JAWA TIMUR,0.75,YELLOW,911823094,AREA 3,JATIM,LAMONGAN,TUBAN BOJONEGORO,,,0,0,0,JAWA TIMUR,TUBAN,RENGEL,MAIBIT,TUBAN
4266793831,,ODP-MRR-FAE/06,-6.875434,111.984462,,,2,6,0,0,8,REGIONAL 5,MADIUN,TUBAN,MRR,,,2024-03-16 23:27:11,43777,2019,11,NON TITO,,,JAWA TIMUR,0.75,YELLOW,758190069,AREA 3,JATIM,LAMONGAN,TUBAN BOJONEGORO,,,0,0,0,JAWA TIMUR,TUBAN,MERAKURAK,SAMBONGGEDE,TUBAN
4266793854,,ODP-MRR-FAE/08,-6.873093,111.986323,,,5,11,0,0,16,REGIONAL 5,MADIUN,TUBAN,MRR,,,2024-03-16 23:28:11,43777,2019,11,NON TITO,,,JAWA TIMUR,0.6875,YELLOW,758190082,AREA 3,JATIM,LAMONGAN,TUBAN BOJONEGORO,,,0,0,0,JAWA TIMUR,TUBAN,MERAKURAK,SAMBONGGEDE,TUBAN
2153520494,,ODP-TNZ-FG/67,-6.903074,112.03829,,,3,5,0,0,8,REGIONAL 5,MADIUN,TUBAN,TNZ,,,2024-03-16 23:24:18,43117,2018,1,NON TITO,,,JAWA TIMUR,0.625,YELLOW,286893599,AREA 3,JATIM,LAMONGAN,TUBAN BOJONEGORO,,,0,0,0,JAWA TIMUR,TUBAN,SEMANDING,KARANG,TUBAN
8705298537,,ODP-BCR-FAG/04,-6.812478,111.870341,,,4,4,0,0,8,REGIONAL 5,MADIUN,TUBAN,BCR,,,2024-03-16 23:26:59,44687,2022,5,NON TITO,,,JAWA TIMUR,0.5,YELLOW,1179589657,AREA 3,JATIM,LAMONGAN,TUBAN BOJONEGORO,,,0,0,0,JAWA TIMUR,TUBAN,TAMBAKBOYO,SAWIR,TUBAN
2604270979,,ODP-JTR-FD/28,-6.853942,111.584205,,,2,6,0,0,8,REGIONAL 5,MADIUN,TUBAN,JTR,,,2024-03-16 23:23:09,43257,2018,6,NON TITO,,,JAWA TIMUR,0.75,YELLOW,361383925,AREA 3,JATIM,LAMONGAN,TUBAN BOJONEGORO,,,0,0,0,JAWA TENGAH,REMBANG,SALE,WONOKERTO,TUBAN
2201594198,,ODP-TNZ-FT/73,-6.892307,112.040363,,,4,4,0,0,8,REGIONAL 5,MADIUN,TUBAN,TNZ,,,2024-03-16 23:24:23,43132,2018,2,NON TITO,,,JAWA TIMUR,0.5,YELLOW,305414692,AREA 3,JATIM,LAMONGAN,TUBAN BOJONEGORO,,,0,0,0,JAWA TIMUR,TUBAN,TUBAN,LATSARI,TUBAN
10704643666,,ODP-MRR-FAF/29,-6.771108,111.962895,,,5,11,0,0,16,REGIONAL 5,MADIUN,TUBAN,MRR,,,2024-03-16 23:23:56,45204,2023,10,NON TITO,,,JAWA TIMUR,0.6875,YELLOW,1324418420,AREA 3,JATIM,LAMONGAN,TUBAN BOJONEGORO,,,0,0,0,JAWA TIMUR,TUBAN,JENU,REMEN,TUBAN
2201594318,,ODP-TNZ-FT/64,-6.898935,112.045315,,,3,5,0,0,8,REGIONAL 5,MADIUN,TUBAN,TNZ,,,2024-03-16 23:23:52,43132,2018,2,NON TITO,,,JAWA TIMUR,0.625,YELLOW,305414740,AREA 3,JATIM,LAMONGAN,TUBAN BOJONEGORO,,,0,0,0,JAWA TIMUR,TUBAN,TUBAN,SIDOREJO,TUBAN
2201594468,,ODP-TNZ-FT/26,-6.890053,112.044177,,,2,6,0,0,8,REGIONAL 5,MADIUN,TUBAN,TNZ,,,2024-03-16 23:24:22,43132,2018,2,NON TITO,,,JAWA TIMUR,0.75,YELLOW,305414802,AREA 3,JATIM,LAMONGAN,TUBAN BOJONEGORO,,,0,0,0,JAWA TIMUR,TUBAN,TUBAN,LATSARI,TUBAN
2201594478,,ODP-TNZ-FT/27,-6.890556,112.04386,,,2,6,0,0,8,REGIONAL 5,MADIUN,TUBAN,TNZ,,,2024-03-16 23:24:22,43132,2018,2,NON TITO,,,JAWA TIMUR,0.75,YELLOW,305414805,AREA 3,JATIM,LAMONGAN,TUBAN BOJONEGORO,,,0,0,0,JAWA TIMUR,TUBAN,TUBAN,LATSARI,TUBAN
10607293737,,ODP-JTR-FA/54,-7.06155,111.808808,,,4,4,0,0,8,REGIONAL 5,MADIUN,TUBAN,JTR,,,2024-03-16 23:26:24,45180,2023,9,NON TITO,,,JAWA TIMUR,0.5,YELLOW,1318784332,AREA 3,JATIM,LAMONGAN,TUBAN BOJONEGORO,,,0,0,0,JAWA TIMUR,TUBAN,PARENGAN,MERGOASRI,TUBAN
2201594528,,ODP-TNZ-FT/70,-6.898348,112.043012,,,2,6,0,0,8,REGIONAL 5,MADIUN,TUBAN,TNZ,,,2024-03-16 23:24:02,43132,2018,2,NON TITO,,,JAWA TIMUR,0.75,YELLOW,305414822,AREA 3,JATIM,LAMONGAN,TUBAN BOJONEGORO,,,0,0,0,JAWA TIMUR,TUBAN,TUBAN,LATSARI,TUBAN
10561243977,,ODP-RGL-FAK/15,-7.036275,112.061217,,,2,6,0,0,8,REGIONAL 5,MADIUN,TUBAN,RGL,,,2024-03-16 23:25:06,45170,2023,9,NON TITO,,,JAWA TIMUR,0.75,YELLOW,1313087505,AREA 3,JATIM,LAMONGAN,TUBAN BOJONEGORO,,,0,0,0,JAWA TIMUR,TUBAN,PLUMPANG,TRUTUP,TUBAN
2201594188,,ODP-TNZ-FT/16,-6.886716,112.046416,,,2,6,0,0,8,REGIONAL 5,MADIUN,TUBAN,TNZ,,,2024-03-16 23:24:01,43132,2018,2,NON TITO,,,JAWA TIMUR,0.75,YELLOW,305414686,AREA 3,JATIM,LAMONGAN,TUBAN BOJONEGORO,,,0,0,0,JAWA TIMUR,TUBAN,TUBAN,LATSARI,TUBAN
10560493950,,ODP-MRR-FAA/90,-6.8737,111.972757,,,4,4,0,0,8,REGIONAL 5,MADIUN,TUBAN,MRR,,,2024-03-16 23:26:18,45169,2023,8,NON TITO,,,JAWA TIMUR,0.5,YELLOW,1313079224,AREA 3,JATIM,LAMONGAN,TUBAN BOJONEGORO,,,0,0,0,JAWA TIMUR,TUBAN,MERAKURAK,TUWIRI KULON,TUBAN
2238793829,,ODP-KRK-FE/05,-6.899257,111.88514,,,3,5,0,0,8,REGIONAL 5,MADIUN,TUBAN,KRK,,,2024-03-16 23:23:53,43144,2018,2,NON TITO,,,JAWA TIMUR,0.625,YELLOW,323488150,AREA 3,JATIM,LAMONGAN,TUBAN BOJONEGORO,,,0,0,0,JAWA TIMUR,TUBAN,KEREK,MARGOMULYO,TUBAN
10536118565,,ODP-TNZ-FL/25,-6.908119,112.043062,,,2,6,0,0,8,REGIONAL 5,MADIUN,TUBAN,TNZ,,,2024-03-16 23:23:56,45156,2023,8,NON TITO,,,JAWA TIMUR,0.75,YELLOW,1312098160,AREA 3,JATIM,LAMONGAN,TUBAN BOJONEGORO,,,0,0,0,JAWA TIMUR,TUBAN,SEMANDING,KARANG,TUBAN
2238793902,,ODP-KRK-FE/07,-6.901778,111.884947,,,4,4,0,0,8,REGIONAL 5,MADIUN,TUBAN,KRK,,,2024-03-16 23:23:47,43144,2018,2,NON TITO,,,JAWA TIMUR,0.5,YELLOW,323488211,AREA 3,JATIM,LAMONGAN,TUBAN BOJONEGORO,,,0,0,0,JAWA TIMUR,TUBAN,KEREK,MARGOMULYO,TUBAN
10486543568,,ODP-KRK-FG/11,-6.891374,111.881489,,,2,6,0,0,8,REGIONAL 5,MADIUN,TUBAN,KRK,,,2024-03-16 23:25:52,45139,2023,8,NON TITO,,,JAWA TIMUR,0.75,YELLOW,1307146582,AREA 3,JATIM,LAMONGAN,TUBAN BOJONEGORO,,,0,0,0,JAWA TIMUR,TUBAN,KEREK,MARGOREJO,TUBAN
2238793912,,ODP-KRK-FE/18,-6.889004,111.877407,,,2,6,0,0,8,REGIONAL 5,MADIUN,TUBAN,KRK,,,2024-03-16 23:23:35,43144,2018,2,NON TITO,,,JAWA TIMUR,0.75,YELLOW,323488218,AREA 3,JATIM,LAMONGAN,TUBAN BOJONEGORO,,,0,0,0,JAWA TIMUR,TUBAN,KEREK,MARGOREJO,TUBAN
2238793917,,ODP-KRK-FE/04,-6.898895,111.88314,,,4,12,0,0,16,REGIONAL 5,MADIUN,TUBAN,KRK,,,2024-03-16 23:22:40,43144,2018,2,NON TITO,,,JAWA TIMUR,0.75,YELLOW,323488222,AREA 3,JATIM,LAMONGAN,TUBAN BOJONEGORO,,,0,0,0,JAWA TIMUR,TUBAN,KEREK,MARGOMULYO,TUBAN
2238794052,,ODP-KRK-FE/08,-6.900627,111.885037,,,5,11,0,0,16,REGIONAL 5,MADIUN,TUBAN,KRK,,,2024-03-16 23:23:45,43144,2018,2,NON TITO,,,JAWA TIMUR,0.6875,YELLOW,323488343,AREA 3,JATIM,LAMONGAN,TUBAN BOJONEGORO,,,0,0,0,JAWA TIMUR,TUBAN,KEREK,MARGOMULYO,TUBAN
10443043542,,ODP-TNZ-FW/43,-6.941489,112.045201,,,1,6,0,0,8,REGIONAL 5,MADIUN,TUBAN,TNZ,,,2024-03-16 23:21:07,45134,2023,7,NON TITO,,,JAWA TIMUR,0.75,YELLOW,1305792135,AREA 3,JATIM,LAMONGAN,TUBAN BOJONEGORO,,,0,0,0,JAWA TIMUR,TUBAN,SEMANDING,BEKTIHARJO,TUBAN
2238793744,,ODP-KRK-FE/13,-6.892394,111.887441,,,1,6,0,0,8,REGIONAL 5,MADIUN,TUBAN,KRK,,,2024-03-16 23:22:57,43144,2018,2,NON TITO,,,JAWA TIMUR,0.75,YELLOW,323488082,AREA 3,JATIM,LAMONGAN,TUBAN BOJONEGORO,,,0,0,0,JAWA TIMUR,TUBAN,KEREK,MARGOMULYO,TUBAN
2201594148,,ODP-RGL-FAD/12,-7.097441,111.958935,,,3,5,0,0,8,REGIONAL 5,MADIUN,TUBAN,RGL,,,2024-03-16 23:23:26,43132,2018,2,NON TITO,,,JAWA TIMUR,0.625,YELLOW,305414672,AREA 3,JATIM,LAMONGAN,TUBAN BOJONEGORO,,,0,0,0,JAWA TIMUR,TUBAN,SOKO,SUMURCINDE,TUBAN
2201594088,,ODP-TNZ-FT/65,-6.898875,112.044279,,,5,11,0,0,16,REGIONAL 5,MADIUN,TUBAN,TNZ,,,2024-03-16 23:23:55,43132,2018,2,NON TITO,,,JAWA TIMUR,0.6875,YELLOW,305414645,AREA 3,JATIM,LAMONGAN,TUBAN BOJONEGORO,,,0,0,0,JAWA TIMUR,TUBAN,TUBAN,LATSARI,TUBAN
2201594078,,ODP-TNZ-FT/23,-6.889079,112.043443,,,3,5,0,0,8,REGIONAL 5,MADIUN,TUBAN,TNZ,,,2024-03-16 23:23:47,43132,2018,2,NON TITO,,,JAWA TIMUR,0.625,YELLOW,305414642,AREA 3,JATIM,LAMONGAN,TUBAN BOJONEGORO,,,0,0,0,JAWA TIMUR,TUBAN,TUBAN,LATSARI,TUBAN
11220718647,,ODP-TNZ-FAC/33,-6.960495,112.101355,,,3,5,0,0,8,REGIONAL 5,MADIUN,TUBAN,TNZ,,,2024-03-16 23:26:49,45283,2023,12,NON TITO,,,JAWA TIMUR,0.625,YELLOW,1388845078,AREA 3,JATIM,LAMONGAN,TUBAN BOJONEGORO,,,0,0,0,JAWA TIMUR,TUBAN,SEMANDING,GESING,TUBAN
2177745088,,ODP-TNZ-FT/34,-6.891798,112.048226,,,3,5,0,0,8,REGIONAL 5,MADIUN,TUBAN,TNZ,,,2024-03-16 23:22:40,43133,2018,2,NON TITO,,,JAWA TIMUR,0.625,YELLOW,305204562,AREA 3,JATIM,LAMONGAN,TUBAN BOJONEGORO,,,0,0,0,JAWA TIMUR,TUBAN,TUBAN,LATSARI,TUBAN
2177745093,,ODP-TNZ-FT/38,-6.890101,112.045061,,,2,6,0,0,8,REGIONAL 5,MADIUN,TUBAN,TNZ,,,2024-03-16 23:22:40,43133,2018,2,NON TITO,,,JAWA TIMUR,0.75,YELLOW,305204565,AREA 3,JATIM,LAMONGAN,TUBAN BOJONEGORO,,,0,0,0,JAWA TIMUR,TUBAN,TUBAN,LATSARI,TUBAN
11145870644,,ODP-RGL-FAK/17,-7.035498,112.079811,,,2,6,0,0,8,REGIONAL 5,MADIUN,TUBAN,RGL,,,2024-03-16 23:23:53,45278,2023,12,NON TITO,,,JAWA TIMUR,0.75,YELLOW,1388815160,AREA 3,JATIM,LAMONGAN,TUBAN BOJONEGORO,,,0,0,0,JAWA TIMUR,TUBAN,PLUMPANG,KEPOH AGUNG,TUBAN
2177745203,,ODP-TNZ-FT/43,-6.891978,112.043417,,,2,6,0,0,8,REGIONAL 5,MADIUN,TUBAN,TNZ,,,2024-03-16 23:22:25,43133,2018,2,NON TITO,,,JAWA TIMUR,0.75,YELLOW,305204644,AREA 3,JATIM,LAMONGAN,TUBAN BOJONEGORO,,,0,0,0,JAWA TIMUR,TUBAN,TUBAN,LATSARI,TUBAN
11041018634,,ODP-KRK-FH/07,-6.963176,111.949626,,,2,6,0,0,8,REGIONAL 5,MADIUN,TUBAN,KRK,,,2024-03-16 23:26:03,45262,2023,12,NON TITO,,,JAWA TIMUR,0.75,YELLOW,1367591622,AREA 3,JATIM,LAMONGAN,TUBAN BOJONEGORO,,,0,0,0,JAWA TIMUR,TUBAN,MONTONG,JETAK,TUBAN
2201593858,,ODP-TNZ-FT/99,-6.893292,112.045773,,,2,6,0,0,8,REGIONAL 5,MADIUN,TUBAN,TNZ,,,2024-03-16 23:23:45,43132,2018,2,NON TITO,,,JAWA TIMUR,0.75,YELLOW,305414538,AREA 3,JATIM,LAMONGAN,TUBAN BOJONEGORO,,,0,0,0,JAWA TIMUR,TUBAN,TUBAN,LATSARI,TUBAN
2201593888,,ODP-TNZ-FT/63,-6.898153,112.045819,,,4,4,0,0,8,REGIONAL 5,MADIUN,TUBAN,TNZ,,,2024-03-16 23:24:09,43132,2018,2,NON TITO,,,JAWA TIMUR,0.5,YELLOW,305414556,AREA 3,JATIM,LAMONGAN,TUBAN BOJONEGORO,,,0,0,0,JAWA TIMUR,TUBAN,TUBAN,SIDOREJO,TUBAN
2201593908,,ODP-TNZ-FT/95,-6.893621,112.048503,,,4,12,0,0,16,REGIONAL 5,MADIUN,TUBAN,TNZ,,,2024-03-16 23:23:21,43132,2018,2,NON TITO,,,JAWA TIMUR,0.75,YELLOW,305414564,AREA 3,JATIM,LAMONGAN,TUBAN BOJONEGORO,,,0,0,0,JAWA TIMUR,TUBAN,TUBAN,LATSARI,TUBAN
2201593988,,ODP-TNZ-FT/15,-6.883907,112.045641,,,3,5,0,0,8,REGIONAL 5,MADIUN,TUBAN,TNZ,,,2024-03-16 23:24:22,43132,2018,2,NON TITO,,,JAWA TIMUR,0.625,YELLOW,305414597,AREA 3,JATIM,LAMONGAN,TUBAN BOJONEGORO,,,0,0,0,JAWA TIMUR,TUBAN,JENU,SUGIHWARAS,TUBAN
2201593998,,ODP-TNZ-FT/97,-6.894211,112.047658,,,2,6,0,0,8,REGIONAL 5,MADIUN,TUBAN,TNZ,,,2024-03-16 23:24:16,43132,2018,2,NON TITO,,,JAWA TIMUR,0.75,YELLOW,305414604,AREA 3,JATIM,LAMONGAN,TUBAN BOJONEGORO,,,0,0,0,JAWA TIMUR,TUBAN,TUBAN,LATSARI,TUBAN
10900694258,,ODP-TNZ-FL/29,-6.900056,112.049419,,,2,6,0,0,8,REGIONAL 5,MADIUN,TUBAN,TNZ,,,2024-03-16 23:27:20,45245,2023,11,NON TITO,,,JAWA TIMUR,0.75,YELLOW,1333986680,AREA 3,JATIM,LAMONGAN,TUBAN BOJONEGORO,,,0,0,0,JAWA TIMUR,TUBAN,TUBAN,SIDOREJO,TUBAN
10894544032,,ODP-MRR-FAC/77,-6.889861,112.017133,,,3,5,0,0,8,REGIONAL 5,MADIUN,TUBAN,MRR,,,2024-03-16 23:28:13,45240,2023,11,NON TITO,,,JAWA TIMUR,0.625,YELLOW,1333306142,AREA 3,JATIM,LAMONGAN,TUBAN BOJONEGORO,,,0,0,0,JAWA TIMUR,TUBAN,TUBAN,SUMURGUNG,TUBAN
10862144411,,ODP-MRR-FAB/97,-6.836694,112.001782,,,1,6,0,0,8,REGIONAL 5,MADIUN,TUBAN,MRR,,,2024-03-16 23:26:40,45236,2023,11,NON TITO,,,JAWA TIMUR,0.75,YELLOW,1332918376,AREA 3,JATIM,LAMONGAN,TUBAN BOJONEGORO,,,0,0,0,JAWA TIMUR,TUBAN,JENU,JENGGOLO,TUBAN
10863119497,,ODP-RGL-FAJ/19,-7.111772,111.98333,,,2,6,0,0,8,REGIONAL 5,MADIUN,TUBAN,RGL,,,2024-03-16 23:24:28,45234,2023,11,NON TITO,,,JAWA TIMUR,0.75,YELLOW,1332911163,AREA 3,JATIM,LAMONGAN,TUBAN BOJONEGORO,,,0,0,0,JAWA TIMUR,TUBAN,RENGEL,KARANGTINOTO,TUBAN
10813093653,,ODP-MRR-FAE/22,-6.864065,111.989993,,,2,6,0,0,8,REGIONAL 5,MADIUN,TUBAN,MRR,,,2024-03-16 23:28:27,45225,2023,10,NON TITO,,,JAWA TIMUR,0.75,YELLOW,1331696155,AREA 3,JATIM,LAMONGAN,TUBAN BOJONEGORO,,,0,0,0,JAWA TIMUR,TUBAN,MERAKURAK,SAMBONGGEDE,TUBAN
10802068593,,ODP-RGL-FAD/91,-7.107048,111.923842,,,4,4,0,0,8,REGIONAL 5,MADIUN,TUBAN,RGL,,,2024-03-16 23:23:04,45223,2023,10,NON TITO,,,JAWA TIMUR,0.5,YELLOW,1330797341,AREA 3,JATIM,LAMONGAN,TUBAN BOJONEGORO,,,0,0,0,JAWA TIMUR,TUBAN,SOKO,MENTORO,TUBAN
10707494048,,ODP-MRR-FAB/96,-6.830033,111.999824,,,2,6,0,0,8,REGIONAL 5,MADIUN,TUBAN,MRR,,,2024-03-16 23:23:05,45205,2023,10,NON TITO,,,JAWA TIMUR,0.75,YELLOW,1324711385,AREA 3,JATIM,LAMONGAN,TUBAN BOJONEGORO,,,0,0,0,JAWA TIMUR,TUBAN,JENU,BEJI,TUBAN
10705243676,,ODP-KRK-FE/52,-6.903141,111.903462,,,2,6,0,0,8,REGIONAL 5,MADIUN,TUBAN,KRK,,,2024-03-16 23:26:17,45204,2023,10,NON TITO,,,JAWA TIMUR,0.75,YELLOW,1324422244,AREA 3,JATIM,LAMONGAN,TUBAN BOJONEGORO,,,0,0,0,JAWA TIMUR,TUBAN,KEREK,PADASAN,TUBAN
10432318883,,ODP-KRK-FE/44,-6.897675,111.894477,,,2,6,0,0,8,REGIONAL 5,MADIUN,TUBAN,KRK,,,2024-03-16 23:27:06,45132,2023,7,NON TITO,,,JAWA TIMUR,0.75,YELLOW,1303906339,AREA 3,JATIM,LAMONGAN,TUBAN BOJONEGORO,,,0,0,0,JAWA TIMUR,TUBAN,KEREK,MARGOMULYO,TUBAN
2238794132,,ODP-KRK-FE/09,-6.899412,111.886794,,,2,6,0,0,8,REGIONAL 5,MADIUN,TUBAN,KRK,,,2024-03-16 23:23:32,43144,2018,2,NON TITO,,,JAWA TIMUR,0.75,YELLOW,323488410,AREA 3,JATIM,LAMONGAN,TUBAN BOJONEGORO,,,0,0,0,JAWA TIMUR,TUBAN,KEREK,MARGOMULYO,TUBAN
10409671245,,ODP-KRK-FB/34,-6.951598,111.881799,,,2,6,0,0,8,REGIONAL 5,MADIUN,TUBAN,KRK,,,2024-03-16 23:23:27,45127,2023,7,NON TITO,,,JAWA TIMUR,0.75,YELLOW,1303674210,AREA 3,JATIM,LAMONGAN,TUBAN BOJONEGORO,,,0,0,0,JAWA TIMUR,TUBAN,MONTONG,MONTONGSEKAR,TUBAN
2252518591,,ODP-TNZ-FR/14,-6.894384,112.062253,,,5,10,0,0,16,REGIONAL 5,MADIUN,TUBAN,TNZ,,,2024-03-16 23:24:12,43151,2018,2,NON TITO,,,JAWA TIMUR,0.625,YELLOW,323893131,AREA 3,JATIM,LAMONGAN,TUBAN BOJONEGORO,,,0,0,0,JAWA TIMUR,TUBAN,TUBAN,SIDOMULYO,TUBAN
2252518956,,ODP-TNZ-FS/02,-6.898211,112.068683,,,2,6,0,0,8,REGIONAL 5,MADIUN,TUBAN,TNZ,,,2024-03-16 23:24:27,43151,2018,2,NON TITO,,,JAWA TIMUR,0.75,YELLOW,323893363,AREA 3,JATIM,LAMONGAN,TUBAN BOJONEGORO,,,0,0,0,JAWA TIMUR,TUBAN,TUBAN,SENDANGHARJO,TUBAN
9897043669,,ODP-RGL-FAC/87,-7.031281,112.122238,,,8,8,0,0,16,REGIONAL 5,MADIUN,TUBAN,RGL,,,2024-03-16 23:28:28,44979,2023,2,NON TITO,,,JAWA TIMUR,0.5,YELLOW,1268404214,AREA 3,JATIM,LAMONGAN,TUBAN BOJONEGORO,,,0,0,0,JAWA TIMUR,TUBAN,PLUMPANG,MAGERSARI,TUBAN
9902143819,,ODP-JTR-FF/78,-6.89986,111.674955,,,3,5,0,0,8,REGIONAL 5,MADIUN,TUBAN,JTR,,,2024-03-16 23:27:13,44979,2023,2,NON TITO,,,JAWA TIMUR,0.625,YELLOW,1268401870,AREA 3,JATIM,LAMONGAN,TUBAN BOJONEGORO,,,0,0,0,JAWA TIMUR,TUBAN,JATIROGO,SIDOMULYO,TUBAN
2252518959,,ODP-TNZ-FM/13,-6.894654,112.053789,,,2,6,0,0,8,REGIONAL 5,MADIUN,TUBAN,TNZ,,,2024-03-16 23:24:28,43151,2018,2,NON TITO,,,JAWA TIMUR,0.75,YELLOW,323893365,AREA 3,JATIM,LAMONGAN,TUBAN BOJONEGORO,,,0,0,0,JAWA TIMUR,TUBAN,TUBAN,RONGGOMULYO,TUBAN
2252518962,,ODP-TNZ-FS/15,-6.895581,112.069825,,,2,6,0,0,8,REGIONAL 5,MADIUN,TUBAN,TNZ,,,2024-03-16 23:24:17,43151,2018,2,NON TITO,,,JAWA TIMUR,0.75,YELLOW,323893367,AREA 3,JATIM,LAMONGAN,TUBAN BOJONEGORO,,,0,0,0,JAWA TIMUR,TUBAN,TUBAN,SENDANGHARJO,TUBAN
9796693822,,ODP-TNZ-FK/98,-6.911456,112.078585,,,3,5,0,0,8,REGIONAL 5,MADIUN,TUBAN,TNZ,,,2024-03-16 23:27:19,44957,2023,1,NON TITO,,,JAWA TIMUR,0.625,YELLOW,1265084102,AREA 3,JATIM,LAMONGAN,TUBAN BOJONEGORO,,,0,0,0,JAWA TIMUR,TUBAN,SEMANDING,GEDONGOMBO,TUBAN
2252518965,,ODP-TNZ-FS/01,-6.897845,112.068305,,,2,6,0,0,8,REGIONAL 5,MADIUN,TUBAN,TNZ,,,2024-03-16 23:24:15,43151,2018,2,NON TITO,,,JAWA TIMUR,0.75,YELLOW,323893369,AREA 3,JATIM,LAMONGAN,TUBAN BOJONEGORO,,,0,0,0,JAWA TIMUR,TUBAN,TUBAN,SENDANGHARJO,TUBAN
2252518971,,ODP-TNZ-FL/12,-6.901571,112.05201,,,1,6,1,0,8,REGIONAL 5,MADIUN,TUBAN,TNZ,,,2024-03-16 23:24:16,43151,2018,2,NON TITO,,,JAWA TIMUR,0.75,YELLOW,323893373,AREA 3,JATIM,LAMONGAN,TUBAN BOJONEGORO,,,0,0,0,JAWA TIMUR,TUBAN,TUBAN,SIDOREJO,TUBAN
9784773121,,ODP-JTR-FF/79,-6.892981,111.670073,,,8,8,0,0,16,REGIONAL 5,MADIUN,TUBAN,JTR,,,2024-03-16 23:27:06,44958,2023,2,NON TITO,,,JAWA TIMUR,0.5,YELLOW,1264773974,AREA 3,JATIM,LAMONGAN,TUBAN BOJONEGORO,,,0,0,0,JAWA TIMUR,TUBAN,JATIROGO,SUGIHAN,TUBAN
2252518986,,ODP-TNZ-FN/22,-6.897654,112.059276,,,5,11,0,0,16,REGIONAL 5,MADIUN,TUBAN,TNZ,,,2024-03-16 23:24:25,43151,2018,2,NON TITO,,,JAWA TIMUR,0.6875,YELLOW,323893383,AREA 3,JATIM,LAMONGAN,TUBAN BOJONEGORO,,,0,0,0,JAWA TIMUR,TUBAN,TUBAN,SIDOMULYO,TUBAN
2252518989,,ODP-TNZ-FM/07,-6.890072,112.053624,,,2,6,0,0,8,REGIONAL 5,MADIUN,TUBAN,TNZ,,,2024-03-16 23:24:01,43151,2018,2,NON TITO,,,JAWA TIMUR,0.75,YELLOW,323893385,AREA 3,JATIM,LAMONGAN,TUBAN BOJONEGORO,,,0,0,0,JAWA TIMUR,TUBAN,TUBAN,KINGKING,TUBAN
9735196170,,ODP-BCR-FAE/09,-6.78232,111.775462,,,6,10,0,0,16,REGIONAL 5,MADIUN,TUBAN,BCR,,,2024-03-16 23:28:56,44943,2023,1,NON TITO,,,JAWA TIMUR,0.625,YELLOW,1262285841,AREA 3,JATIM,LAMONGAN,TUBAN BOJONEGORO,,,0,0,0,JAWA TIMUR,TUBAN,BANCAR,BANCAR,TUBAN
9734597519,,ODP-TNZ-FK/97,-6.937801,112.098579,,,2,6,0,0,8,REGIONAL 5,MADIUN,TUBAN,TNZ,,,2024-03-16 23:26:45,44942,2023,1,NON TITO,,,JAWA TIMUR,0.75,YELLOW,1262277024,AREA 3,JATIM,LAMONGAN,TUBAN BOJONEGORO,,,0,0,0,JAWA TIMUR,TUBAN,SEMANDING,TUNAH,TUBAN
9735194200,,ODP-TNZ-FJ/98,-6.899291,112.172659,,,2,6,0,0,8,REGIONAL 5,MADIUN,TUBAN,TNZ,,,2024-03-16 23:28:36,44936,2023,1,NON TITO,,,JAWA TIMUR,0.75,YELLOW,1261687315,AREA 3,JATIM,LAMONGAN,TUBAN BOJONEGORO,,,0,0,0,JAWA TIMUR,TUBAN,PALANG,CEPOKREJO,TUBAN
9734969128,,ODP-TNZ-FJ/97,-6.90402,112.136234,,,4,12,0,0,16,REGIONAL 5,MADIUN,TUBAN,TNZ,,,2024-03-16 23:29:18,44935,2023,1,NON TITO,,,JAWA TIMUR,0.75,YELLOW,1261677563,AREA 3,JATIM,LAMONGAN,TUBAN BOJONEGORO,,,0,0,0,JAWA TIMUR,TUBAN,PALANG,PUCANGAN,TUBAN
9728818544,,ODP-MRR-FAC/73,-6.892968,112.015629,,,3,5,0,0,8,REGIONAL 5,MADIUN,TUBAN,MRR,,,2024-03-16 23:23:24,44930,2023,1,NON TITO,,,JAWA TIMUR,0.625,YELLOW,1259576546,AREA 3,JATIM,LAMONGAN,TUBAN BOJONEGORO,,,0,0,0,JAWA TIMUR,TUBAN,TUBAN,SUMURGUNG,TUBAN
9690196109,,ODP-TNZ-FJ/95,-6.900219,112.151544,,,3,5,0,0,8,REGIONAL 5,MADIUN,TUBAN,TNZ,,,2024-03-16 23:28:22,44922,2022,12,NON TITO,,,JAWA TIMUR,0.625,YELLOW,1257328659,AREA 3,JATIM,LAMONGAN,TUBAN BOJONEGORO,,,0,0,0,JAWA TIMUR,TUBAN,PALANG,LERAN KULON,TUBAN
9690196103,,ODP-TNZ-FJ/96,-6.902107,112.14351,,,6,10,0,0,16,REGIONAL 5,MADIUN,TUBAN,TNZ,,,2024-03-16 23:26:46,44922,2022,12,NON TITO,,,JAWA TIMUR,0.625,YELLOW,1257328655,AREA 3,JATIM,LAMONGAN,TUBAN BOJONEGORO,,,0,0,0,JAWA TIMUR,TUBAN,PALANG,LERAN KULON,TUBAN
9706698744,,ODP-RGL-FAB/57,-7.059702,112.011832,,,3,5,0,0,8,REGIONAL 5,MADIUN,TUBAN,RGL,,,2024-03-16 23:26:57,44925,2022,12,NON TITO,,,JAWA TIMUR,0.625,YELLOW,1253887836,AREA 3,JATIM,LAMONGAN,TUBAN BOJONEGORO,,,0,0,0,JAWA TIMUR,TUBAN,RENGEL,SUMBEREJO,TUBAN
9920219277,,ODP-TNZ-FH/91,-6.918184,112.072034,,,3,5,0,0,8,REGIONAL 5,MADIUN,TUBAN,TNZ,,,2024-03-16 23:26:58,44986,2023,3,NON TITO,,,JAWA TIMUR,0.625,YELLOW,1272525277,AREA 3,JATIM,LAMONGAN,TUBAN BOJONEGORO,,,0,0,0,JAWA TIMUR,TUBAN,SEMANDING,GEDONGOMBO,TUBAN
11214720184,,ODP-TNZ-FAC/34,-6.950103,112.101062,,,4,4,0,0,8,REGIONAL 5,MADIUN,TUBAN,TNZ,,,2024-03-16 23:26:09,45287,2023,12,NON TITO,,,JAWA TIMUR,0.5,YELLOW,1389786378,AREA 3,JATIM,LAMONGAN,TUBAN BOJONEGORO,,,0,0,0,JAWA TIMUR,TUBAN,SEMANDING,TUNAH,TUBAN
2252518953,,ODP-TNZ-FS/18,-6.899858,112.067431,,,5,11,0,0,16,REGIONAL 5,MADIUN,TUBAN,TNZ,,,2024-03-16 23:24:25,43151,2018,2,NON TITO,,,JAWA TIMUR,0.6875,YELLOW,323893361,AREA 3,JATIM,LAMONGAN,TUBAN BOJONEGORO,,,0,0,0,JAWA TIMUR,TUBAN,TUBAN,SENDANGHARJO,TUBAN
2252518868,,ODP-TNZ-FR/13,-6.893558,112.06264,,,6,10,0,0,16,REGIONAL 5,MADIUN,TUBAN,TNZ,,,2024-03-16 23:24:01,43151,2018,2,NON TITO,,,JAWA TIMUR,0.625,YELLOW,323893309,AREA 3,JATIM,LAMONGAN,TUBAN BOJONEGORO,,,0,0,0,JAWA TIMUR,TUBAN,TUBAN,SIDOMULYO,TUBAN
10409443762,,ODP-KRK-FE/42,-6.900641,111.901441,,,2,6,0,0,8,REGIONAL 5,MADIUN,TUBAN,KRK,,,2024-03-16 23:21:09,45123,2023,7,NON TITO,,,JAWA TIMUR,0.75,YELLOW,1303375938,AREA 3,JATIM,LAMONGAN,TUBAN BOJONEGORO,,,0,0,0,JAWA TIMUR,TUBAN,KEREK,PADASAN,TUBAN
2252518662,,ODP-TNZ-FN/04,-6.893167,112.059626,,,2,6,0,0,8,REGIONAL 5,MADIUN,TUBAN,TNZ,,,2024-03-16 23:24:17,43151,2018,2,NON TITO,,,JAWA TIMUR,0.75,YELLOW,323893177,AREA 3,JATIM,LAMONGAN,TUBAN BOJONEGORO,,,0,0,0,JAWA TIMUR,TUBAN,TUBAN,SIDOMULYO,TUBAN
2252518674,,ODP-TNZ-FM/15,-6.895736,112.053081,,,4,4,0,0,8,REGIONAL 5,MADIUN,TUBAN,TNZ,,,2024-03-16 23:24:19,43151,2018,2,NON TITO,,,JAWA TIMUR,0.5,YELLOW,323893185,AREA 3,JATIM,LAMONGAN,TUBAN BOJONEGORO,,,0,0,0,JAWA TIMUR,TUBAN,TUBAN,RONGGOMULYO,TUBAN
2252518686,,ODP-TNZ-FN/21,-6.896327,112.059704,,,3,5,0,0,8,REGIONAL 5,MADIUN,TUBAN,TNZ,,,2024-03-16 23:24:14,43151,2018,2,NON TITO,,,JAWA TIMUR,0.625,YELLOW,323893193,AREA 3,JATIM,LAMONGAN,TUBAN BOJONEGORO,,,0,0,0,JAWA TIMUR,TUBAN,TUBAN,SIDOMULYO,TUBAN
2252518692,,ODP-TNZ-FP/15,-6.899641,112.060078,,,2,6,0,0,8,REGIONAL 5,MADIUN,TUBAN,TNZ,,,2024-03-16 23:23:54,43151,2018,2,NON TITO,,,JAWA TIMUR,0.75,YELLOW,323893197,AREA 3,JATIM,LAMONGAN,TUBAN BOJONEGORO,,,0,0,0,JAWA TIMUR,TUBAN,TUBAN,KEBONSARI,TUBAN
10224644178,,ODP-KRK-FE/40,-6.897103,111.905997,,,3,5,0,0,8,REGIONAL 5,MADIUN,TUBAN,KRK,,,2024-03-16 23:24:22,45085,2023,6,NON TITO,,,JAWA TIMUR,0.625,YELLOW,1294145272,AREA 3,JATIM,LAMONGAN,TUBAN BOJONEGORO,,,0,0,0,JAWA TIMUR,TUBAN,KEREK,PADASAN,TUBAN
10215043689,,ODP-JTR-FG/14,-6.936663,111.596246,,,2,6,0,0,8,REGIONAL 5,MADIUN,TUBAN,JTR,,,2024-03-16 23:23:21,45075,2023,5,NON TITO,,,JAWA TIMUR,0.75,YELLOW,1292996003,AREA 3,JATIM,LAMONGAN,TUBAN BOJONEGORO,,,0,0,0,JAWA TIMUR,TUBAN,KENDURUAN,SOKOGUNUNG,TUBAN
2252518698,,ODP-TNZ-FP/20,-6.901517,112.062967,,,7,9,0,0,16,REGIONAL 5,MADIUN,TUBAN,TNZ,,,2024-03-16 23:24:13,43151,2018,2,NON TITO,,,JAWA TIMUR,0.5625,YELLOW,323893201,AREA 3,JATIM,LAMONGAN,TUBAN BOJONEGORO,,,0,0,0,JAWA TIMUR,TUBAN,TUBAN,KEBONSARI,TUBAN
2252518701,,ODP-TNZ-FQ/06,-6.900201,112.057106,,,3,5,0,0,8,REGIONAL 5,MADIUN,TUBAN,TNZ,,,2024-03-16 23:24:12,43151,2018,2,NON TITO,,,JAWA TIMUR,0.625,YELLOW,323893203,AREA 3,JATIM,LAMONGAN,TUBAN BOJONEGORO,,,0,0,0,JAWA TIMUR,TUBAN,TUBAN,DOROMUKTI,TUBAN
10187593680,,ODP-MRR-FAA/89,-6.904764,111.941961,,,2,6,0,0,8,REGIONAL 5,MADIUN,TUBAN,MRR,,,2024-03-16 23:29:05,45065,2023,5,NON TITO,,,JAWA TIMUR,0.75,YELLOW,1290352246,AREA 3,JATIM,LAMONGAN,TUBAN BOJONEGORO,,,0,0,0,JAWA TIMUR,TUBAN,MERAKURAK,PONGPONGAN,TUBAN
2252518722,,ODP-TNZ-FP/08,-6.905585,112.066493,,,4,12,0,0,16,REGIONAL 5,MADIUN,TUBAN,TNZ,,,2024-03-16 23:24:12,43151,2018,2,NON TITO,,,JAWA TIMUR,0.75,YELLOW,323893217,AREA 3,JATIM,LAMONGAN,TUBAN BOJONEGORO,,,0,0,0,JAWA TIMUR,TUBAN,TUBAN,KEBONSARI,TUBAN
2252518725,,ODP-TNZ-FQ/15,-6.901128,112.059259,,,3,5,0,0,8,REGIONAL 5,MADIUN,TUBAN,TNZ,,,2024-03-16 23:24:10,43151,2018,2,NON TITO,,,JAWA TIMUR,0.625,YELLOW,323893219,AREA 3,JATIM,LAMONGAN,TUBAN BOJONEGORO,,,0,0,0,JAWA TIMUR,TUBAN,TUBAN,DOROMUKTI,TUBAN
2252518760,,ODP-TNZ-FQ/04,-6.899711,112.05669,,,3,5,0,0,8,REGIONAL 5,MADIUN,TUBAN,TNZ,,,2024-03-16 23:24:15,43151,2018,2,NON TITO,,,JAWA TIMUR,0.625,YELLOW,323893241,AREA 3,JATIM,LAMONGAN,TUBAN BOJONEGORO,,,0,0,0,JAWA TIMUR,TUBAN,TUBAN,DOROMUKTI,TUBAN
2252518766,,ODP-TNZ-FN/11,-6.895061,112.060832,,,2,6,0,0,8,REGIONAL 5,MADIUN,TUBAN,TNZ,,,2024-03-16 23:23:23,43151,2018,2,NON TITO,,,JAWA TIMUR,0.75,YELLOW,323893245,AREA 3,JATIM,LAMONGAN,TUBAN BOJONEGORO,,,0,0,0,JAWA TIMUR,TUBAN,TUBAN,SIDOMULYO,TUBAN
10058143708,,ODP-TNZ-FW/42,-6.973498,112.025076,,,2,6,0,0,8,REGIONAL 5,MADIUN,TUBAN,TNZ,,,2024-03-16 23:22:37,45016,2023,3,NON TITO,,,JAWA TIMUR,0.75,YELLOW,1281238165,AREA 3,JATIM,LAMONGAN,TUBAN BOJONEGORO,,,0,0,0,JAWA TIMUR,TUBAN,SEMANDING,BEKTIHARJO,TUBAN
2252518832,,ODP-TNZ-FQ/09,-6.900474,112.054861,,,2,5,0,0,8,REGIONAL 5,MADIUN,TUBAN,TNZ,,,2024-03-16 23:23:55,43151,2018,2,NON TITO,,,JAWA TIMUR,0.625,YELLOW,323893287,AREA 3,JATIM,LAMONGAN,TUBAN BOJONEGORO,,,0,0,0,JAWA TIMUR,TUBAN,TUBAN,SIDOREJO,TUBAN
2252518838,,ODP-TNZ-FM/11,-6.893364,112.052173,,,3,5,0,0,8,REGIONAL 5,MADIUN,TUBAN,TNZ,,,2024-03-16 23:24:10,43151,2018,2,NON TITO,,,JAWA TIMUR,0.625,YELLOW,323893291,AREA 3,JATIM,LAMONGAN,TUBAN BOJONEGORO,,,0,0,0,JAWA TIMUR,TUBAN,TUBAN,RONGGOMULYO,TUBAN
9976918887,,ODP-TNZ-FE/77,-6.899205,112.074747,,,7,9,0,0,16,REGIONAL 5,MADIUN,TUBAN,TNZ,,,2024-03-16 23:29:07,45000,2023,3,NON TITO,,,JAWA TIMUR,0.5625,YELLOW,1277865811,AREA 3,JATIM,LAMONGAN,TUBAN BOJONEGORO,,,0,0,0,JAWA TIMUR,TUBAN,SEMANDING,GEDONGOMBO,TUBAN
2252518865,,ODP-TNZ-FN/10,-6.89698,112.055932,,,3,4,0,0,8,REGIONAL 5,MADIUN,TUBAN,TNZ,,,2024-03-16 23:24:22,43151,2018,2,NON TITO,,,JAWA TIMUR,0.5,YELLOW,323893307,AREA 3,JATIM,LAMONGAN,TUBAN BOJONEGORO,,,0,0,0,JAWA TIMUR,TUBAN,TUBAN,RONGGOMULYO,TUBAN
2252518883,,ODP-TNZ-FR/07,-6.899992,112.064234,,,6,10,0,0,16,REGIONAL 5,MADIUN,TUBAN,TNZ,,,2024-03-16 23:24:21,43151,2018,2,NON TITO,,,JAWA TIMUR,0.625,YELLOW,323893319,AREA 3,JATIM,LAMONGAN,TUBAN BOJONEGORO,,,0,0,0,JAWA TIMUR,TUBAN,TUBAN,KUTOREJO,TUBAN
2177744923,,ODP-TNZ-FT/42,-6.890922,112.043959,,,2,6,0,0,8,REGIONAL 5,MADIUN,TUBAN,TNZ,,,2024-03-16 23:22:26,43133,2018,2,NON TITO,,,JAWA TIMUR,0.75,YELLOW,305204457,AREA 3,JATIM,LAMONGAN,TUBAN BOJONEGORO,,,0,0,0,JAWA TIMUR,TUBAN,TUBAN,LATSARI,TUBAN
2177744768,,ODP-TNZ-FT/37,-6.888854,112.044839,,,2,6,0,0,8,REGIONAL 5,MADIUN,TUBAN,TNZ,,,2024-03-16 23:22:20,43133,2018,2,NON TITO,,,JAWA TIMUR,0.75,YELLOW,305204350,AREA 3,JATIM,LAMONGAN,TUBAN BOJONEGORO,,,0,0,0,JAWA TIMUR,TUBAN,TUBAN,LATSARI,TUBAN
11250719634,,ODP-TNZ-FW/46,-6.908539,112.064427,,,2,6,0,0,8,REGIONAL 5,MADIUN,TUBAN,TNZ,,,2024-03-16 23:28:27,45304,2024,1,NON TITO,,,JAWA TIMUR,0.75,YELLOW,1396890140,AREA 3,JATIM,LAMONGAN,TUBAN BOJONEGORO,,,0,0,0,JAWA TIMUR,TUBAN,SEMANDING,GEDONGOMBO,TUBAN
11573220305,,ODP-TNZ-FK/107,-6.922374,112.091467,,,1,6,1,0,8,REGIONAL 5,MADIUN,TUBAN,TNZ,,,2024-06-11 17:31:53,45453,2024,6,NON TITO,,,JAWA TIMUR,0.75,YELLOW,1441837057,AREA 3,JATIM,LAMONGAN,TUBAN BOJONEGORO,,,0,0,0,JAWA TIMUR,TUBAN,SEMANDING,GEDONGOMBO,TUBAN
11576068699,,ODP-TNZ-FL/34,-6.903566,112.052584,,,2,6,0,0,8,REGIONAL 5,MADIUN,TUBAN,TNZ,,,2024-06-08 23:21:29,45450,2024,6,NON TITO,,,JAWA TIMUR,0.75,YELLOW,1441162741,AREA 3,JATIM,LAMONGAN,TUBAN BOJONEGORO,,,0,0,0,JAWA TIMUR,TUBAN,TUBAN,SIDOREJO,TUBAN
7136218615,,ODP-TNZ-FV/22,-6.919011,112.056433,,,3,5,0,0,8,REGIONAL 5,MADIUN,TUBAN,TNZ,,,2023-08-30 18:09:19,44390,2021,7,NON TITO,,,JAWA TIMUR,0.625,YELLOW,949398452,AREA 3,JATIM,LAMONGAN,TUBAN BOJONEGORO,,,0,0,0,JAWA TIMUR,TUBAN,SEMANDING,BEJAGUNG,TUBAN
2154194492,,ODP-JTR-FE/03,-6.876355,111.637031,,,4,12,0,0,16,REGIONAL 5,MADIUN,TUBAN,JTR,,,2024-03-16 23:29:03,43123,2018,1,NON TITO,,,JAWA TIMUR,0.75,YELLOW,289664584,AREA 3,JATIM,LAMONGAN,TUBAN BOJONEGORO,,,0,0,0,JAWA TIMUR,TUBAN,JATIROGO,PASEYAN,TUBAN
2154194502,,ODP-JTR-FF/20,-6.878973,111.660945,,,2,6,0,0,8,REGIONAL 5,MADIUN,TUBAN,JTR,,,2024-03-16 23:28:51,43123,2018,1,NON TITO,,,JAWA TIMUR,0.75,YELLOW,289664591,AREA 3,JATIM,LAMONGAN,TUBAN BOJONEGORO,,,0,0,0,JAWA TIMUR,TUBAN,JATIROGO,SADANG,TUBAN
2154194512,,ODP-JTR-FF/13,-6.885385,111.655802,,,7,8,1,0,16,REGIONAL 5,MADIUN,TUBAN,JTR,,,2024-03-16 23:29:00,43123,2018,1,NON TITO,,,JAWA TIMUR,0.5,YELLOW,289664599,AREA 3,JATIM,LAMONGAN,TUBAN BOJONEGORO,,,0,0,0,JAWA TIMUR,TUBAN,JATIROGO,WOTSOGO,TUBAN
11579293536,,ODP-TNZ-FAC/35,-6.947741,112.103243,,,4,4,0,0,8,REGIONAL 5,MADIUN,TUBAN,TNZ,,,2024-06-08 23:21:13,45450,2024,6,NON TITO,,,JAWA TIMUR,0.5,YELLOW,1440273879,AREA 3,JATIM,LAMONGAN,TUBAN BOJONEGORO,,,0,0,0,JAWA TIMUR,TUBAN,SEMANDING,TUNAH,TUBAN
11560019447,,ODP-TNZ-FV/56,-6.928097,112.056671,,,6,10,0,0,16,REGIONAL 5,MADIUN,TUBAN,TNZ,,,2024-06-06 17:22:15,45448,2024,6,NON TITO,,,JAWA TIMUR,0.625,YELLOW,1440336934,AREA 3,JATIM,LAMONGAN,TUBAN BOJONEGORO,,,0,0,0,JAWA TIMUR,TUBAN,SEMANDING,SEMANDING,TUBAN
2154194617,,ODP-JTR-FF/21,-6.879866,111.660485,,,4,4,0,0,8,REGIONAL 5,MADIUN,TUBAN,JTR,,,2024-03-16 23:29:00,43123,2018,1,NON TITO,,,JAWA TIMUR,0.5,YELLOW,289664704,AREA 3,JATIM,LAMONGAN,TUBAN BOJONEGORO,,,0,0,0,JAWA TIMUR,TUBAN,JATIROGO,SADANG,TUBAN
11566019068,,ODP-TNZ-FK/103,-6.91631,112.096115,,,2,6,0,0,8,REGIONAL 5,MADIUN,TUBAN,TNZ,,,2024-06-06 17:22:45,45448,2024,6,NON TITO,,,JAWA TIMUR,0.75,YELLOW,1437872534,AREA 3,JATIM,LAMONGAN,TUBAN BOJONEGORO,,,0,0,0,JAWA TIMUR,TUBAN,PALANG,TASIKMADU,TUBAN
11533396805,,ODP-TNZ-FY/24,-6.900324,112.071551,,,6,10,0,0,16,REGIONAL 5,MADIUN,TUBAN,TNZ,,,2024-05-29 01:53:05,45439,2024,5,NON TITO,,,JAWA TIMUR,0.625,YELLOW,1435237465,AREA 3,JATIM,LAMONGAN,TUBAN BOJONEGORO,,,0,0,0,JAWA TIMUR,TUBAN,SEMANDING,GEDONGOMBO,TUBAN
11533994037,,ODP-JTR-FAA/40,-6.869517,111.655226,,,2,6,0,0,8,REGIONAL 5,MADIUN,TUBAN,JTR,,,2024-05-29 01:56:52,45439,2024,5,NON TITO,,,JAWA TIMUR,0.75,YELLOW,1432314809,AREA 3,JATIM,LAMONGAN,TUBAN BOJONEGORO,,,0,0,0,JAWA TIMUR,TUBAN,JATIROGO,BADER,TUBAN
11535718580,,ODP-JTR-FF/82,-6.902099,111.650077,,,2,6,0,0,8,REGIONAL 5,MADIUN,TUBAN,JTR,,,2024-05-18 17:15:01,45429,2024,5,NON TITO,,,JAWA TIMUR,0.75,YELLOW,1430971228,AREA 3,JATIM,LAMONGAN,TUBAN BOJONEGORO,,,0,0,0,JAWA TIMUR,TUBAN,KENDURUAN,SIDOHASRI,TUBAN
2154194707,,ODP-JTR-FF/07,-6.890301,111.656769,,,2,6,0,0,8,REGIONAL 5,MADIUN,TUBAN,JTR,,,2024-03-16 23:28:26,43123,2018,1,NON TITO,,,JAWA TIMUR,0.75,YELLOW,289664788,AREA 3,JATIM,LAMONGAN,TUBAN BOJONEGORO,,,0,0,0,JAWA TIMUR,TUBAN,JATIROGO,WOTSOGO,TUBAN
11523043593,,ODP-TNZ-FK/102,-6.919173,112.090181,,,2,6,0,0,8,REGIONAL 5,MADIUN,TUBAN,TNZ,,,2024-05-16 17:57:47,45426,2024,5,NON TITO,,,JAWA TIMUR,0.75,YELLOW,1430663400,AREA 3,JATIM,LAMONGAN,TUBAN BOJONEGORO,,,0,0,0,JAWA TIMUR,TUBAN,SEMANDING,GEDONGOMBO,TUBAN
2154194717,,ODP-JTR-FF/25,-6.894659,111.669471,,,6,10,0,0,16,REGIONAL 5,MADIUN,TUBAN,JTR,,,2024-03-16 23:29:03,43123,2018,1,NON TITO,,,JAWA TIMUR,0.625,YELLOW,289664798,AREA 3,JATIM,LAMONGAN,TUBAN BOJONEGORO,,,0,0,0,JAWA TIMUR,TUBAN,JATIROGO,SUGIHAN,TUBAN
2192669153,,ODP-TNZ-FT/06,-6.896643,112.044914,,,4,4,0,0,8,REGIONAL 5,MADIUN,TUBAN,TNZ,,,2024-03-16 23:26:53,43130,2018,1,NON TITO,,,JAWA TIMUR,0.5,YELLOW,304816644,AREA 3,JATIM,LAMONGAN,TUBAN BOJONEGORO,,,0,0,0,JAWA TIMUR,TUBAN,TUBAN,LATSARI,TUBAN
2192669163,,ODP-TNZ-FT/03,-6.897711,112.045282,,,4,4,0,0,8,REGIONAL 5,MADIUN,TUBAN,TNZ,,,2024-03-16 23:28:09,43130,2018,1,NON TITO,,,JAWA TIMUR,0.5,YELLOW,304816648,AREA 3,JATIM,LAMONGAN,TUBAN BOJONEGORO,,,0,0,0,JAWA TIMUR,TUBAN,TUBAN,LATSARI,TUBAN
2192669228,,ODP-TNZ-FT/10,-6.893252,112.045318,,,2,6,0,0,8,REGIONAL 5,MADIUN,TUBAN,TNZ,,,2024-03-16 23:28:07,43130,2018,1,NON TITO,,,JAWA TIMUR,0.75,YELLOW,305037909,AREA 3,JATIM,LAMONGAN,TUBAN BOJONEGORO,,,0,0,0,JAWA TIMUR,TUBAN,TUBAN,LATSARI,TUBAN
11583718753,,ODP-TNZ-FT/117,-6.885772,112.04775,,,7,9,0,0,16,REGIONAL 5,MADIUN,TUBAN,TNZ,,,2024-06-12 17:25:02,45454,2024,6,NON TITO,,,JAWA TIMUR,0.5625,YELLOW,1441989599,AREA 3,JATIM,LAMONGAN,TUBAN BOJONEGORO,,,0,0,0,JAWA TIMUR,TUBAN,JENU,SUGIHWARAS,TUBAN
2192669268,,ODP-TNZ-FT/09,-6.893794,112.045907,,,4,4,0,0,8,REGIONAL 5,MADIUN,TUBAN,TNZ,,,2024-03-16 23:27:51,43130,2018,1,NON TITO,,,JAWA TIMUR,0.5,YELLOW,305037930,AREA 3,JATIM,LAMONGAN,TUBAN BOJONEGORO,,,0,0,0,JAWA TIMUR,TUBAN,TUBAN,LATSARI,TUBAN
2154194199,,ODP-JTR-FE/06,-6.876517,111.641789,,,4,12,0,0,16,REGIONAL 5,MADIUN,TUBAN,JTR,,,2024-03-16 23:27:50,43123,2018,1,NON TITO,,,JAWA TIMUR,0.75,YELLOW,289664285,AREA 3,JATIM,LAMONGAN,TUBAN BOJONEGORO,,,0,0,0,JAWA TIMUR,TUBAN,JATIROGO,PASEYAN,TUBAN
2154194189,,ODP-JTR-FF/28,-6.891746,111.665703,,,4,10,2,0,16,REGIONAL 5,MADIUN,TUBAN,JTR,,,2024-03-16 23:29:03,43123,2018,1,NON TITO,,,JAWA TIMUR,0.625,YELLOW,289664277,AREA 3,JATIM,LAMONGAN,TUBAN BOJONEGORO,,,0,0,0,JAWA TIMUR,TUBAN,JATIROGO,SUGIHAN,TUBAN
2154120047,,ODP-TNZ-FG/51,-6.874723,112.035451,,,3,5,0,0,8,REGIONAL 5,MADIUN,TUBAN,TNZ,,,2024-03-16 23:27:07,43118,2018,1,NON TITO,,,JAWA TIMUR,0.625,YELLOW,286906917,AREA 3,JATIM,LAMONGAN,TUBAN BOJONEGORO,,,0,0,0,JAWA TIMUR,TUBAN,TUBAN,PERBON,TUBAN
2154120489,,ODP-TNZ-FG/59,-6.884781,112.025286,,,5,11,0,0,16,REGIONAL 5,MADIUN,TUBAN,TNZ,,,2024-03-16 23:26:46,43118,2018,1,NON TITO,,,JAWA TIMUR,0.6875,YELLOW,286907111,AREA 3,JATIM,LAMONGAN,TUBAN BOJONEGORO,,,0,0,0,JAWA TIMUR,TUBAN,TUBAN,MONDOKAN,TUBAN
2154120861,,ODP-TNZ-FG/62,-6.889746,112.03575,,,3,5,0,0,8,REGIONAL 5,MADIUN,TUBAN,TNZ,,,2024-03-16 23:27:14,43118,2018,1,NON TITO,,,JAWA TIMUR,0.625,YELLOW,286907224,AREA 3,JATIM,LAMONGAN,TUBAN BOJONEGORO,,,0,0,0,JAWA TIMUR,TUBAN,TUBAN,PERBON,TUBAN
11631643624,,ODP-TNZ-FH/97,-6.922099,112.061747,,,7,9,0,0,16,REGIONAL 5,MADIUN,TUBAN,TNZ,,,2024-07-15 23:36:28,45488,2024,7,NON TITO,,,JAWA TIMUR,0.5625,YELLOW,1445886649,AREA 3,JATIM,LAMONGAN,TUBAN BOJONEGORO,,,0,0,0,JAWA TIMUR,TUBAN,SEMANDING,BEJAGUNG,TUBAN
2154120484,,ODP-TNZ-FG/60,-6.885555,112.026242,,,5,11,0,0,16,REGIONAL 5,MADIUN,TUBAN,TNZ,,,2024-03-16 23:26:19,43118,2018,1,NON TITO,,,JAWA TIMUR,0.6875,YELLOW,288388027,AREA 3,JATIM,LAMONGAN,TUBAN BOJONEGORO,,,0,0,0,JAWA TIMUR,TUBAN,TUBAN,MONDOKAN,TUBAN
2154120494,,ODP-TNZ-FG/48,-6.880682,112.039582,,,2,6,0,0,8,REGIONAL 5,MADIUN,TUBAN,TNZ,,,2024-03-16 23:27:14,43118,2018,1,NON TITO,,,JAWA TIMUR,0.75,YELLOW,288388030,AREA 3,JATIM,LAMONGAN,TUBAN BOJONEGORO,,,0,0,0,JAWA TIMUR,TUBAN,TUBAN,PERBON,TUBAN
2154120504,,ODP-TNZ-FG/55,-6.878753,112.037059,,,3,5,0,0,8,REGIONAL 5,MADIUN,TUBAN,TNZ,,,2024-03-16 23:27:08,43118,2018,1,NON TITO,,,JAWA TIMUR,0.625,YELLOW,288388033,AREA 3,JATIM,LAMONGAN,TUBAN BOJONEGORO,,,0,0,0,JAWA TIMUR,TUBAN,TUBAN,PERBON,TUBAN
7086193746,,ODP-TNZ-FF/36,-6.894715,112.05238,,,2,6,0,0,8,REGIONAL 5,MADIUN,TUBAN,TNZ,,,2023-08-30 18:04:11,44385,2021,7,NON TITO,,,JAWA TIMUR,0.75,YELLOW,947027774,AREA 3,JATIM,LAMONGAN,TUBAN BOJONEGORO,,,0,0,0,JAWA TIMUR,TUBAN,TUBAN,RONGGOMULYO,TUBAN
2154120856,,ODP-TNZ-FG/52,-6.875571,112.035021,,,7,9,0,0,16,REGIONAL 5,MADIUN,TUBAN,TNZ,,,2024-03-16 23:27:15,43118,2018,1,NON TITO,,,JAWA TIMUR,0.5625,YELLOW,288388143,AREA 3,JATIM,LAMONGAN,TUBAN BOJONEGORO,,,0,0,0,JAWA TIMUR,TUBAN,TUBAN,PERBON,TUBAN
2154194064,,ODP-JTR-FE/17,-6.865269,111.626206,,,4,12,0,0,16,REGIONAL 5,MADIUN,TUBAN,JTR,,,2024-03-16 23:29:01,43123,2018,1,NON TITO,,,JAWA TIMUR,0.75,YELLOW,289664152,AREA 3,JATIM,LAMONGAN,TUBAN BOJONEGORO,,,0,0,0,JAWA TIMUR,TUBAN,JATIROGO,KEBONHARJO,TUBAN
11612218590,,ODP-TNZ-FAB/41,-6.907156,112.118709,,,3,5,0,0,8,REGIONAL 5,MADIUN,TUBAN,TNZ,,,2024-06-29 17:31:27,45471,2024,6,NON TITO,,,JAWA TIMUR,0.625,YELLOW,1443661823,AREA 3,JATIM,LAMONGAN,TUBAN BOJONEGORO,,,0,0,0,JAWA TIMUR,TUBAN,PALANG,SUMURGUNG,TUBAN
11601943861,,ODP-TNZ-FE/80,-6.900887,112.077194,,,3,5,0,0,8,REGIONAL 5,MADIUN,TUBAN,TNZ,,,2024-06-26 17:27:07,45468,2024,6,NON TITO,,,JAWA TIMUR,0.625,YELLOW,1443644520,AREA 3,JATIM,LAMONGAN,TUBAN BOJONEGORO,,,0,0,0,JAWA TIMUR,TUBAN,SEMANDING,GEDONGOMBO,TUBAN
11572919004,,ODP-TNZ-FK/110,-6.909844,112.080166,,,2,6,0,0,8,REGIONAL 5,MADIUN,TUBAN,TNZ,,,2024-06-21 17:30:49,45464,2024,6,NON TITO,,,JAWA TIMUR,0.75,YELLOW,1443116535,AREA 3,JATIM,LAMONGAN,TUBAN BOJONEGORO,,,0,0,0,JAWA TIMUR,TUBAN,SEMANDING,GEDONGOMBO,TUBAN
11572918999,,ODP-TNZ-FK/109,-6.908737,112.080359,,,1,6,0,0,8,REGIONAL 5,MADIUN,TUBAN,TNZ,,,2024-06-21 17:30:36,45464,2024,6,NON TITO,,,JAWA TIMUR,0.75,YELLOW,1443116531,AREA 3,JATIM,LAMONGAN,TUBAN BOJONEGORO,,,0,0,0,JAWA TIMUR,TUBAN,SEMANDING,GEDONGOMBO,TUBAN
11575099064,,ODP-TNZ-FW/54,-6.916464,112.071538,,,3,5,0,0,8,REGIONAL 5,MADIUN,TUBAN,TNZ,,,2024-06-21 17:30:53,45463,2024,6,NON TITO,,,JAWA TIMUR,0.625,YELLOW,1443115677,AREA 3,JATIM,LAMONGAN,TUBAN BOJONEGORO,,,0,0,0,JAWA TIMUR,TUBAN,SEMANDING,GEDONGOMBO,TUBAN
2154194074,,ODP-JTR-FF/05,-6.889368,111.654458,,,2,6,0,0,8,REGIONAL 5,MADIUN,TUBAN,JTR,,,2024-03-16 23:28:34,43123,2018,1,NON TITO,,,JAWA TIMUR,0.75,YELLOW,289664164,AREA 3,JATIM,LAMONGAN,TUBAN BOJONEGORO,,,0,0,0,JAWA TIMUR,TUBAN,JATIROGO,WOTSOGO,TUBAN
11575099054,,ODP-TNZ-FW/52,-6.918176,112.073159,,,3,5,0,0,8,REGIONAL 5,MADIUN,TUBAN,TNZ,,,2024-06-21 17:30:07,45463,2024,6,NON TITO,,,JAWA TIMUR,0.625,YELLOW,1443115671,AREA 3,JATIM,LAMONGAN,TUBAN BOJONEGORO,,,0,0,0,JAWA TIMUR,TUBAN,SEMANDING,GEDONGOMBO,TUBAN
11572771903,,ODP-RGL-FAK/21,-7.036948,112.052512,,,8,8,0,0,16,REGIONAL 5,MADIUN,TUBAN,RGL,,,2024-06-20 23:43:31,45462,2024,6,NON TITO,,,JAWA TIMUR,0.5,YELLOW,1442888983,AREA 3,JATIM,LAMONGAN,TUBAN BOJONEGORO,,,0,0,0,JAWA TIMUR,TUBAN,RENGEL,BANJARAGUNG,TUBAN
11575770045,,ODP-MRR-FAE/29,-6.876583,111.990003,,,2,6,0,0,8,REGIONAL 5,MADIUN,TUBAN,MRR,,,2024-06-20 23:39:43,45462,2024,6,NON TITO,,,JAWA TIMUR,0.75,YELLOW,1442887341,AREA 3,JATIM,LAMONGAN,TUBAN BOJONEGORO,,,0,0,0,JAWA TIMUR,TUBAN,MERAKURAK,MANDIREJO,TUBAN
11576368674,,ODP-TNZ-FV/57,-6.908573,112.048985,,,6,10,0,0,16,REGIONAL 5,MADIUN,TUBAN,TNZ,,,2024-06-13 23:27:50,45455,2024,6,NON TITO,,,JAWA TIMUR,0.625,YELLOW,1441995243,AREA 3,JATIM,LAMONGAN,TUBAN BOJONEGORO,,,0,0,0,JAWA TIMUR,TUBAN,SEMANDING,KARANG,TUBAN
2252519050,,ODP-TNZ-FN/09,-6.894845,112.056658,,,8,8,0,0,16,REGIONAL 5,MADIUN,TUBAN,TNZ,,,2024-03-16 23:24:12,43151,2018,2,NON TITO,,,JAWA TIMUR,0.5,YELLOW,323893422,AREA 3,JATIM,LAMONGAN,TUBAN BOJONEGORO,,,0,0,0,JAWA TIMUR,TUBAN,TUBAN,RONGGOMULYO,TUBAN
11507218819,,ODP-KRK-FH/08,-6.952858,111.920134,,,2,6,0,0,8,REGIONAL 5,MADIUN,TUBAN,KRK,,,2024-05-07 17:19:47,45418,2024,5,NON TITO,,,JAWA TIMUR,0.75,YELLOW,1426700726,AREA 3,JATIM,LAMONGAN,TUBAN BOJONEGORO,,,0,0,0,JAWA TIMUR,TUBAN,MONTONG,TALUN,TUBAN
2192669558,,ODP-TNZ-FT/01,-6.895712,112.045806,,,2,6,0,0,8,REGIONAL 5,MADIUN,TUBAN,TNZ,,,2024-03-16 23:28:00,43130,2018,1,NON TITO,,,JAWA TIMUR,0.75,YELLOW,305038128,AREA 3,JATIM,LAMONGAN,TUBAN BOJONEGORO,,,0,0,0,JAWA TIMUR,TUBAN,TUBAN,LATSARI,TUBAN
11364344432,,ODP-BCR-FAD/77,-6.810551,111.827992,,,8,8,0,0,16,REGIONAL 5,MADIUN,TUBAN,BCR,,,2024-03-16 23:24:28,45343,2024,2,NON TITO,,,JAWA TIMUR,0.5,YELLOW,1409344086,AREA 3,JATIM,LAMONGAN,TUBAN BOJONEGORO,,,0,0,0,JAWA TIMUR,TUBAN,TAMBAKBOYO,PULOGEDE,TUBAN
2201594013,,ODP-TNZ-FT/58,-6.892884,112.044565,,,2,6,0,0,8,REGIONAL 5,MADIUN,TUBAN,TNZ,,,2024-03-16 23:24:21,43132,2018,2,NON TITO,,,JAWA TIMUR,0.75,YELLOW,305199037,AREA 3,JATIM,LAMONGAN,TUBAN BOJONEGORO,,,0,0,0,JAWA TIMUR,TUBAN,TUBAN,LATSARI,TUBAN
11364344417,,ODP-BCR-FAD/80,-6.808972,111.831812,,,2,6,0,0,8,REGIONAL 5,MADIUN,TUBAN,BCR,,,2024-03-16 23:24:36,45343,2024,2,NON TITO,,,JAWA TIMUR,0.75,YELLOW,1409344069,AREA 3,JATIM,LAMONGAN,TUBAN BOJONEGORO,,,0,0,0,JAWA TIMUR,TUBAN,TAMBAKBOYO,PULOGEDE,TUBAN
11364344412,,ODP-BCR-FAD/79,-6.812613,111.829883,,,3,5,0,0,8,REGIONAL 5,MADIUN,TUBAN,BCR,,,2024-03-16 23:24:18,45343,2024,2,NON TITO,,,JAWA TIMUR,0.625,YELLOW,1409344066,AREA 3,JATIM,LAMONGAN,TUBAN BOJONEGORO,,,0,0,0,JAWA TIMUR,TUBAN,TAMBAKBOYO,PULOGEDE,TUBAN
2201594073,,ODP-TNZ-FT/90,-6.889142,112.050789,,,4,4,0,0,8,REGIONAL 5,MADIUN,TUBAN,TNZ,,,2024-03-16 23:23:32,43132,2018,2,NON TITO,,,JAWA TIMUR,0.5,YELLOW,305199058,AREA 3,JATIM,LAMONGAN,TUBAN BOJONEGORO,,,0,0,0,JAWA TIMUR,TUBAN,TUBAN,LATSARI,TUBAN
2201594083,,ODP-TNZ-FT/18,-6.885553,112.044606,,,3,5,0,0,8,REGIONAL 5,MADIUN,TUBAN,TNZ,,,2024-03-16 23:24:12,43132,2018,2,NON TITO,,,JAWA TIMUR,0.625,YELLOW,305199062,AREA 3,JATIM,LAMONGAN,TUBAN BOJONEGORO,,,0,0,0,JAWA TIMUR,TUBAN,TUBAN,LATSARI,TUBAN
11329019216,,ODP-MRR-FAC/79,-6.895827,112.014597,,,3,5,0,0,8,REGIONAL 5,MADIUN,TUBAN,MRR,,,2024-03-16 23:27:57,45335,2024,2,NON TITO,,,JAWA TIMUR,0.625,YELLOW,1409304135,AREA 3,JATIM,LAMONGAN,TUBAN BOJONEGORO,,,0,0,0,JAWA TIMUR,TUBAN,TUBAN,SUMURGUNG,TUBAN
2201594093,,ODP-TNZ-FT/29,-6.892363,112.042912,,,2,6,0,0,8,REGIONAL 5,MADIUN,TUBAN,TNZ,,,2024-03-16 23:24:12,43132,2018,2,NON TITO,,,JAWA TIMUR,0.75,YELLOW,305199067,AREA 3,JATIM,LAMONGAN,TUBAN BOJONEGORO,,,0,0,0,JAWA TIMUR,TUBAN,TUBAN,LATSARI,TUBAN
11272844832,,ODP-RGL-FAE/56,-7.079506,111.939342,,,3,5,0,0,8,REGIONAL 5,MADIUN,TUBAN,RGL,,,2024-03-16 23:24:44,45318,2024,1,NON TITO,,,JAWA TIMUR,0.625,YELLOW,1406311000,AREA 3,JATIM,LAMONGAN,TUBAN BOJONEGORO,,,0,0,0,JAWA TIMUR,TUBAN,SOKO,JEGULO,TUBAN
11288443759,,ODP-BCR-FAG/26,-6.792911,111.892663,,,2,6,0,0,8,REGIONAL 5,MADIUN,TUBAN,BCR,,,2024-03-16 23:27:41,45318,2024,1,NON TITO,,,JAWA TIMUR,0.75,YELLOW,1406310950,AREA 3,JATIM,LAMONGAN,TUBAN BOJONEGORO,,,0,0,0,JAWA TIMUR,TUBAN,TAMBAKBOYO,GLONDONGGEDE,TUBAN
2201594313,,ODP-TNZ-FT/50,-6.895681,112.042437,,,9,7,0,0,16,REGIONAL 5,MADIUN,TUBAN,TNZ,,,2024-03-16 23:23:32,43132,2018,2,NON TITO,,,JAWA TIMUR,0.4375,YELLOW,305199152,AREA 3,JATIM,LAMONGAN,TUBAN BOJONEGORO,,,0,0,0,JAWA TIMUR,TUBAN,TUBAN,LATSARI,TUBAN
2201594333,,ODP-TNZ-FT/72,-6.897419,112.040828,,,3,5,0,0,8,REGIONAL 5,MADIUN,TUBAN,TNZ,,,2024-03-16 23:24:12,43132,2018,2,NON TITO,,,JAWA TIMUR,0.625,YELLOW,305199165,AREA 3,JATIM,LAMONGAN,TUBAN BOJONEGORO,,,0,0,0,JAWA TIMUR,TUBAN,TUBAN,LATSARI,TUBAN
2201594343,,ODP-TNZ-FT/78,-6.894825,112.040984,,,2,6,0,0,8,REGIONAL 5,MADIUN,TUBAN,TNZ,,,2024-03-16 23:24:10,43132,2018,2,NON TITO,,,JAWA TIMUR,0.75,YELLOW,305199168,AREA 3,JATIM,LAMONGAN,TUBAN BOJONEGORO,,,0,0,0,JAWA TIMUR,TUBAN,TUBAN,LATSARI,TUBAN
2201594363,,ODP-TNZ-FT/51,-6.895939,112.043505,,,2,6,0,0,8,REGIONAL 5,MADIUN,TUBAN,TNZ,,,2024-03-16 23:24:04,43132,2018,2,NON TITO,,,JAWA TIMUR,0.75,YELLOW,305199176,AREA 3,JATIM,LAMONGAN,TUBAN BOJONEGORO,,,0,0,0,JAWA TIMUR,TUBAN,TUBAN,LATSARI,TUBAN
11303219388,,ODP-MRR-FAG/30,-6.80498,111.97538,,,2,6,0,0,8,REGIONAL 5,MADIUN,TUBAN,MRR,,,2024-03-16 23:28:37,45315,2024,1,NON TITO,,,JAWA TIMUR,0.75,YELLOW,1406293981,AREA 3,JATIM,LAMONGAN,TUBAN BOJONEGORO,,,0,0,0,JAWA TIMUR,TUBAN,JENU,SUMURGENENG,TUBAN
11294818705,,ODP-RGL-FAK/19,-7.036161,112.058868,,,8,8,0,0,16,REGIONAL 5,MADIUN,TUBAN,RGL,,,2024-03-16 23:24:18,45314,2024,1,NON TITO,,,JAWA TIMUR,0.5,YELLOW,1405763425,AREA 3,JATIM,LAMONGAN,TUBAN BOJONEGORO,,,0,0,0,JAWA TIMUR,TUBAN,PLUMPANG,TRUTUP,TUBAN
2201594523,,ODP-TNZ-FT/96,-6.894375,112.048041,,,3,5,0,0,8,REGIONAL 5,MADIUN,TUBAN,TNZ,,,2024-03-16 23:24:11,43132,2018,2,NON TITO,,,JAWA TIMUR,0.625,YELLOW,305199237,AREA 3,JATIM,LAMONGAN,TUBAN BOJONEGORO,,,0,0,0,JAWA TIMUR,TUBAN,TUBAN,LATSARI,TUBAN
2201594533,,ODP-TNZ-FT/59,-6.895396,112.047441,,,6,10,0,0,16,REGIONAL 5,MADIUN,TUBAN,TNZ,,,2024-03-16 23:24:25,43132,2018,2,NON TITO,,,JAWA TIMUR,0.625,YELLOW,305199241,AREA 3,JATIM,LAMONGAN,TUBAN BOJONEGORO,,,0,0,0,JAWA TIMUR,TUBAN,TUBAN,RONGGOMULYO,TUBAN
2201594583,,ODP-RGL-FAD/28,-7.114159,111.946968,,,2,6,0,0,8,REGIONAL 5,MADIUN,TUBAN,RGL,,,2024-03-16 23:24:15,43132,2018,2,NON TITO,,,JAWA TIMUR,0.75,YELLOW,305199258,AREA 3,JATIM,LAMONGAN,TUBAN BOJONEGORO,,,0,0,0,JAWA TIMUR,TUBAN,SOKO,SOKOSARI,TUBAN
11372293556,,ODP-MRR-FAE/27,-6.883484,111.983172,,,6,10,0,0,16,REGIONAL 5,MADIUN,TUBAN,MRR,,,2024-03-16 23:23:07,45344,2024,2,NON TITO,,,JAWA TIMUR,0.625,YELLOW,1409352740,AREA 3,JATIM,LAMONGAN,TUBAN BOJONEGORO,,,0,0,0,JAWA TIMUR,TUBAN,MERAKURAK,TUWIRI WETAN,TUBAN
11494768931,,ODP-TNZ-FZ/47,-6.868579,112.034304,,,3,5,0,0,8,REGIONAL 5,MADIUN,TUBAN,TNZ,,,2024-05-03 23:20:00,45414,2024,5,NON TITO,,,JAWA TIMUR,0.625,YELLOW,1424684148,AREA 3,JATIM,LAMONGAN,TUBAN BOJONEGORO,,,0,0,0,JAWA TIMUR,TUBAN,JENU,SUGIHWARAS,TUBAN
2201593983,,ODP-TNZ-FT/62,-6.897152,112.046408,,,3,5,0,0,8,REGIONAL 5,MADIUN,TUBAN,TNZ,,,2024-03-16 23:24:27,43132,2018,2,NON TITO,,,JAWA TIMUR,0.625,YELLOW,305199025,AREA 3,JATIM,LAMONGAN,TUBAN BOJONEGORO,,,0,0,0,JAWA TIMUR,TUBAN,TUBAN,SIDOREJO,TUBAN
11396294559,,ODP-TNZ-FW/48,-6.926224,112.060821,,,9,7,0,0,16,REGIONAL 5,MADIUN,TUBAN,TNZ,,,2024-03-19 00:39:05,45369,2024,3,NON TITO,,,JAWA TIMUR,0.4375,YELLOW,1417871590,AREA 3,JATIM,LAMONGAN,TUBAN BOJONEGORO,,,0,0,0,JAWA TIMUR,TUBAN,SEMANDING,SEMANDING,TUBAN
2192669563,,ODP-TNZ-FT/05,-6.89657,112.044614,,,4,4,0,0,8,REGIONAL 5,MADIUN,TUBAN,TNZ,,,2024-03-16 23:26:52,43130,2018,1,NON TITO,,,JAWA TIMUR,0.5,YELLOW,305038131,AREA 3,JATIM,LAMONGAN,TUBAN BOJONEGORO,,,0,0,0,JAWA TIMUR,TUBAN,TUBAN,LATSARI,TUBAN
2192669568,,ODP-TNZ-FT/08,-6.894353,112.045691,,,3,5,0,0,8,REGIONAL 5,MADIUN,TUBAN,TNZ,,,2024-03-16 23:28:09,43130,2018,1,NON TITO,,,JAWA TIMUR,0.625,YELLOW,305038134,AREA 3,JATIM,LAMONGAN,TUBAN BOJONEGORO,,,0,0,0,JAWA TIMUR,TUBAN,TUBAN,LATSARI,TUBAN
2201593615,,ODP-TNZ-FT/56,-6.894463,112.04412,,,3,5,0,0,8,REGIONAL 5,MADIUN,TUBAN,TNZ,,,2024-03-16 23:24:15,43132,2018,2,NON TITO,,,JAWA TIMUR,0.625,YELLOW,305198821,AREA 3,JATIM,LAMONGAN,TUBAN BOJONEGORO,,,0,0,0,JAWA TIMUR,TUBAN,TUBAN,LATSARI,TUBAN
2201593620,,ODP-TNZ-FT/28,-6.891733,112.04311,,,3,5,0,0,8,REGIONAL 5,MADIUN,TUBAN,TNZ,,,2024-03-16 23:23:46,43132,2018,2,NON TITO,,,JAWA TIMUR,0.625,YELLOW,305198824,AREA 3,JATIM,LAMONGAN,TUBAN BOJONEGORO,,,0,0,0,JAWA TIMUR,TUBAN,TUBAN,LATSARI,TUBAN
2201593630,,ODP-TNZ-FT/19,-6.886075,112.044258,,,3,5,0,0,8,REGIONAL 5,MADIUN,TUBAN,TNZ,,,2024-03-16 23:24:03,43132,2018,2,NON TITO,,,JAWA TIMUR,0.625,YELLOW,305198830,AREA 3,JATIM,LAMONGAN,TUBAN BOJONEGORO,,,0,0,0,JAWA TIMUR,TUBAN,TUBAN,LATSARI,TUBAN
2201593635,,ODP-TNZ-FT/92,-6.890464,112.050371,,,5,10,0,0,16,REGIONAL 5,MADIUN,TUBAN,TNZ,,,2024-03-16 23:24:13,43132,2018,2,NON TITO,,,JAWA TIMUR,0.625,YELLOW,305198834,AREA 3,JATIM,LAMONGAN,TUBAN BOJONEGORO,,,0,0,0,JAWA TIMUR,TUBAN,TUBAN,LATSARI,TUBAN
11462670606,,ODP-TNZ-FAB/34,-6.928233,112.100995,,,3,5,0,0,8,REGIONAL 5,MADIUN,TUBAN,TNZ,,,2024-04-08 23:17:13,45389,2024,4,NON TITO,,,JAWA TIMUR,0.625,YELLOW,1423011564,AREA 3,JATIM,LAMONGAN,TUBAN BOJONEGORO,,,0,0,0,JAWA TIMUR,TUBAN,PALANG,TEGALBANG,TUBAN
2201593645,,ODP-TNZ-FT/83,-6.884129,112.049356,,,2,6,0,0,8,REGIONAL 5,MADIUN,TUBAN,TNZ,,,2024-03-16 23:23:50,43132,2018,2,NON TITO,,,JAWA TIMUR,0.75,YELLOW,305198842,AREA 3,JATIM,LAMONGAN,TUBAN BOJONEGORO,,,0,0,0,JAWA TIMUR,TUBAN,JENU,SUGIHWARAS,TUBAN
11471218570,,ODP-TNZ-FQ/29,-6.904035,112.064426,,,8,8,0,0,16,REGIONAL 5,MADIUN,TUBAN,TNZ,,,2024-04-05 23:58:06,45386,2024,4,NON TITO,,,JAWA TIMUR,0.5,YELLOW,1421524380,AREA 3,JATIM,LAMONGAN,TUBAN BOJONEGORO,,,0,0,0,JAWA TIMUR,TUBAN,TUBAN,KEBONSARI,TUBAN
2201593738,,ODP-TNZ-FT/17,-6.885908,112.045539,,,2,6,0,0,8,REGIONAL 5,MADIUN,TUBAN,TNZ,,,2024-03-16 23:23:58,43132,2018,2,NON TITO,,,JAWA TIMUR,0.75,YELLOW,305198908,AREA 3,JATIM,LAMONGAN,TUBAN BOJONEGORO,,,0,0,0,JAWA TIMUR,TUBAN,TUBAN,LATSARI,TUBAN
2201593743,,ODP-TNZ-FT/52,-6.895325,112.044544,,,3,5,0,0,8,REGIONAL 5,MADIUN,TUBAN,TNZ,,,2024-03-16 23:24:22,43132,2018,2,NON TITO,,,JAWA TIMUR,0.625,YELLOW,305198911,AREA 3,JATIM,LAMONGAN,TUBAN BOJONEGORO,,,0,0,0,JAWA TIMUR,TUBAN,TUBAN,LATSARI,TUBAN
11463418596,,ODP-TNZ-FAB/40,-6.907485,112.099784,,,3,5,0,0,8,REGIONAL 5,MADIUN,TUBAN,TNZ,,,2024-04-04 18:00:06,45385,2024,4,NON TITO,,,JAWA TIMUR,0.625,YELLOW,1421520469,AREA 3,JATIM,LAMONGAN,TUBAN BOJONEGORO,,,0,0,0,JAWA TIMUR,TUBAN,PALANG,TASIKMADU,TUBAN
11463344041,,ODP-TNZ-FL/32,-6.907408,112.04214,,,4,11,1,0,16,REGIONAL 5,MADIUN,TUBAN,TNZ,,,2024-04-04 17:59:01,45385,2024,4,NON TITO,,,JAWA TIMUR,0.6875,YELLOW,1421519459,AREA 3,JATIM,LAMONGAN,TUBAN BOJONEGORO,,,0,0,0,JAWA TIMUR,TUBAN,SEMANDING,KARANG,TUBAN
2201593803,,ODP-RGL-FAD/18,-7.116896,111.940124,,,4,4,0,0,8,REGIONAL 5,MADIUN,TUBAN,RGL,,,2024-03-16 23:23:56,43132,2018,2,NON TITO,,,JAWA TIMUR,0.5,YELLOW,305198950,AREA 3,JATIM,LAMONGAN,TUBAN BOJONEGORO,,,0,0,0,JAWA TIMUR,TUBAN,SOKO,SOKOSARI,TUBAN
11463344031,,ODP-TNZ-FL/30,-6.907447,112.039817,,,4,12,0,0,16,REGIONAL 5,MADIUN,TUBAN,TNZ,,,2024-04-04 18:00:00,45385,2024,4,NON TITO,,,JAWA TIMUR,0.75,YELLOW,1421519453,AREA 3,JATIM,LAMONGAN,TUBAN BOJONEGORO,,,0,0,0,JAWA TIMUR,TUBAN,SEMANDING,KARANG,TUBAN
2201593808,,ODP-RGL-FAD/27,-7.115769,111.945332,,,2,6,0,0,8,REGIONAL 5,MADIUN,TUBAN,RGL,,,2024-03-16 23:23:52,43132,2018,2,NON TITO,,,JAWA TIMUR,0.75,YELLOW,305198953,AREA 3,JATIM,LAMONGAN,TUBAN BOJONEGORO,,,0,0,0,JAWA TIMUR,TUBAN,SOKO,SOKOSARI,TUBAN
11431018559,,ODP-TNZ-FV/52,-6.920432,112.054463,,,2,6,0,0,8,REGIONAL 5,MADIUN,TUBAN,TNZ,,,2024-03-26 17:14:26,45376,2024,3,NON TITO,,,JAWA TIMUR,0.75,YELLOW,1420388724,AREA 3,JATIM,LAMONGAN,TUBAN BOJONEGORO,,,0,0,0,JAWA TIMUR,TUBAN,SEMANDING,PRUNGGAHAN KULON,TUBAN
2201593903,,ODP-TNZ-FT/55,-6.895245,112.043987,,,4,4,0,0,8,REGIONAL 5,MADIUN,TUBAN,TNZ,,,2024-03-16 23:24:02,43132,2018,2,NON TITO,,,JAWA TIMUR,0.5,YELLOW,305198995,AREA 3,JATIM,LAMONGAN,TUBAN BOJONEGORO,,,0,0,0,JAWA TIMUR,TUBAN,TUBAN,LATSARI,TUBAN
2201593933,,ODP-RGL-FAD/14,-7.101088,111.957767,,,5,11,0,0,16,REGIONAL 5,MADIUN,TUBAN,RGL,,,2024-03-16 23:23:38,43132,2018,2,NON TITO,,,JAWA TIMUR,0.6875,YELLOW,305199009,AREA 3,JATIM,LAMONGAN,TUBAN BOJONEGORO,,,0,0,0,JAWA TIMUR,TUBAN,SOKO,SUMURCINDE,TUBAN
2201593973,,ODP-TNZ-FT/67,-6.89693,112.0438,,,4,4,0,0,8,REGIONAL 5,MADIUN,TUBAN,TNZ,,,2024-03-16 23:24:13,43132,2018,2,NON TITO,,,JAWA TIMUR,0.5,YELLOW,305199022,AREA 3,JATIM,LAMONGAN,TUBAN BOJONEGORO,,,0,0,0,JAWA TIMUR,TUBAN,TUBAN,LATSARI,TUBAN
2604270982,,ODP-JTR-FD/26,-6.848811,111.579303,,,4,4,0,0,8,REGIONAL 5,MADIUN,TUBAN,JTR,,,2024-03-16 23:23:20,43257,2018,6,NON TITO,,,JAWA TIMUR,0.5,YELLOW,361383927,AREA 3,JATIM,LAMONGAN,TUBAN BOJONEGORO,,,0,0,0,JAWA TENGAH,REMBANG,SALE,WONOKERTO,TUBAN
9600569110,,ODP-MRR-FAF/25,-6.773488,111.959441,,,3,5,0,0,8,REGIONAL 5,MADIUN,TUBAN,MRR,,,2024-03-16 23:21:33,44896,2022,12,NON TITO,,,JAWA TIMUR,0.625,YELLOW,1252673214,AREA 3,JATIM,LAMONGAN,TUBAN BOJONEGORO,,,0,0,0,JAWA TIMUR,TUBAN,JENU,REMEN,TUBAN
9514844466,,ODP-KRK-FE/38,-6.904094,111.890533,,,3,5,0,0,8,REGIONAL 5,MADIUN,TUBAN,KRK,,,2024-03-16 23:24:45,44874,2022,11,NON TITO,,,JAWA TIMUR,0.625,YELLOW,1249431080,AREA 3,JATIM,LAMONGAN,TUBAN BOJONEGORO,,,0,0,0,JAWA TIMUR,TUBAN,KEREK,MARGOMULYO,TUBAN
8954293710,,ODP-JTR-FA/50,-7.045565,111.78343,,,9,7,0,0,16,REGIONAL 5,MADIUN,TUBAN,JTR,,,2024-03-16 23:28:13,44746,2022,7,NON TITO,,,JAWA TIMUR,0.4375,YELLOW,1193093971,AREA 3,JATIM,LAMONGAN,TUBAN BOJONEGORO,,,0,0,0,JAWA TIMUR,TUBAN,PARENGAN,SEMBUNG,TUBAN
8920845371,,ODP-TNZ-FU/33,-6.862123,112.029044,,,2,6,0,0,8,REGIONAL 5,MADIUN,TUBAN,TNZ,,,2024-03-16 23:25:09,44743,2022,7,NON TITO,,,JAWA TIMUR,0.75,YELLOW,1188989906,AREA 3,JATIM,LAMONGAN,TUBAN BOJONEGORO,,,0,0,0,JAWA TIMUR,TUBAN,JENU,SUGIHWARAS,TUBAN
8920994697,,ODP-RGL-FAC/86,-7.032565,112.101549,,,8,8,0,0,16,REGIONAL 5,MADIUN,TUBAN,RGL,,,2024-03-16 23:21:38,44740,2022,6,NON TITO,,,JAWA TIMUR,0.5,YELLOW,1185483981,AREA 3,JATIM,LAMONGAN,TUBAN BOJONEGORO,,,0,0,0,JAWA TIMUR,TUBAN,PLUMPANG,PLUMPANG,TUBAN
2521023108,,ODP-JTR-FA/24,-6.969312,111.747413,,,7,9,0,0,16,REGIONAL 5,MADIUN,TUBAN,JTR,,,2024-03-16 23:22:24,43238,2018,5,NON TITO,,,JAWA TIMUR,0.5625,YELLOW,354230237,AREA 3,JATIM,LAMONGAN,TUBAN BOJONEGORO,,,0,0,0,JAWA TIMUR,TUBAN,SINGGAHAN,LAJO LOR,TUBAN
8927144063,,ODP-RGL-FAJ/17,-7.083652,111.93019,,,2,6,0,0,8,REGIONAL 5,MADIUN,TUBAN,RGL,,,2024-03-16 23:28:12,44739,2022,6,NON TITO,,,JAWA TIMUR,0.75,YELLOW,1185472421,AREA 3,JATIM,LAMONGAN,TUBAN BOJONEGORO,,,0,0,0,JAWA TIMUR,TUBAN,SOKO,PRAMBONTERGOYANG,TUBAN
2510968812,,ODP-TNZ-FE/42,-6.894097,112.068038,,,4,4,0,0,8,REGIONAL 5,MADIUN,TUBAN,TNZ,,,2024-03-16 23:22:58,43235,2018,5,NON TITO,,,JAWA TIMUR,0.5,YELLOW,354247498,AREA 3,JATIM,LAMONGAN,TUBAN BOJONEGORO,,,0,0,0,JAWA TIMUR,TUBAN,TUBAN,SENDANGHARJO,TUBAN
8897594580,,ODP-MRR-FAB/82,-6.843693,112.007719,,,6,10,0,0,16,REGIONAL 5,MADIUN,TUBAN,MRR,,,2024-03-16 23:25:05,44734,2022,6,NON TITO,,,JAWA TIMUR,0.625,YELLOW,1185336299,AREA 3,JATIM,LAMONGAN,TUBAN BOJONEGORO,,,0,0,0,JAWA TIMUR,TUBAN,JENU,JENU,TUBAN
2521022683,,ODP-TNZ-FV/02,-6.923563,112.051678,,,6,10,0,0,16,REGIONAL 5,MADIUN,TUBAN,TNZ,,,2024-03-16 23:23:03,43238,2018,5,NON TITO,,,JAWA TIMUR,0.625,YELLOW,354261984,AREA 3,JATIM,LAMONGAN,TUBAN BOJONEGORO,,,0,0,0,JAWA TIMUR,TUBAN,SEMANDING,PRUNGGAHAN KULON,TUBAN
2521022998,,ODP-TNZ-FL/17,-6.902437,112.049022,,,6,10,0,0,16,REGIONAL 5,MADIUN,TUBAN,TNZ,,,2024-03-16 23:22:59,43238,2018,5,NON TITO,,,JAWA TIMUR,0.625,YELLOW,354230204,AREA 3,JATIM,LAMONGAN,TUBAN BOJONEGORO,,,0,0,0,JAWA TIMUR,TUBAN,TUBAN,SIDOREJO,TUBAN
2521022753,,ODP-JTR-FA/27,-6.977346,111.75523,,,2,6,0,0,8,REGIONAL 5,MADIUN,TUBAN,JTR,,,2024-03-16 23:23:22,43238,2018,5,NON TITO,,,JAWA TIMUR,0.75,YELLOW,354262005,AREA 3,JATIM,LAMONGAN,TUBAN BOJONEGORO,,,0,0,0,JAWA TIMUR,TUBAN,SINGGAHAN,TANGGIR,TUBAN
2521022893,,ODP-JTR-FA/26,-6.979271,111.758485,,,3,5,0,0,8,REGIONAL 5,MADIUN,TUBAN,JTR,,,2024-03-16 23:22:49,43238,2018,5,NON TITO,,,JAWA TIMUR,0.625,YELLOW,354262046,AREA 3,JATIM,LAMONGAN,TUBAN BOJONEGORO,,,0,0,0,JAWA TIMUR,TUBAN,SINGGAHAN,TANGGIR,TUBAN
2521022978,,ODP-TNZ-FJ/49,-6.902074,112.183959,,,2,6,0,0,8,REGIONAL 5,MADIUN,TUBAN,TNZ,,,2024-03-16 23:23:05,43238,2018,5,NON TITO,,,JAWA TIMUR,0.75,YELLOW,354262073,AREA 3,JATIM,LAMONGAN,TUBAN BOJONEGORO,,,0,0,0,JAWA TIMUR,TUBAN,PALANG,CEPOKREJO,TUBAN
2521023003,,ODP-TNZ-FL/19,-6.902601,112.049825,,,4,12,0,0,16,REGIONAL 5,MADIUN,TUBAN,TNZ,,,2024-03-16 23:23:21,43238,2018,5,NON TITO,,,JAWA TIMUR,0.75,YELLOW,354262080,AREA 3,JATIM,LAMONGAN,TUBAN BOJONEGORO,,,0,0,0,JAWA TIMUR,TUBAN,TUBAN,SIDOREJO,TUBAN
8874418693,,ODP-RGL-FAC/84,-7.0359,112.088038,,,6,10,0,0,16,REGIONAL 5,MADIUN,TUBAN,RGL,,,2024-03-16 23:28:12,44723,2022,6,NON TITO,,,JAWA TIMUR,0.625,YELLOW,1184800159,AREA 3,JATIM,LAMONGAN,TUBAN BOJONEGORO,,,0,0,0,JAWA TIMUR,TUBAN,PLUMPANG,SUMURJALAK,TUBAN
2521023213,,ODP-TNZ-FV/08,-6.92354,112.056642,,,3,5,0,0,8,REGIONAL 5,MADIUN,TUBAN,TNZ,,,2024-03-16 23:23:09,43238,2018,5,NON TITO,,,JAWA TIMUR,0.625,YELLOW,354262167,AREA 3,JATIM,LAMONGAN,TUBAN BOJONEGORO,,,0,0,0,JAWA TIMUR,TUBAN,SEMANDING,PRUNGGAHAN  WETAN,TUBAN
2521023228,,ODP-TNZ-FV/04,-6.920375,112.051021,,,5,11,0,0,16,REGIONAL 5,MADIUN,TUBAN,TNZ,,,2024-03-16 23:23:24,43238,2018,5,NON TITO,,,JAWA TIMUR,0.6875,YELLOW,354262176,AREA 3,JATIM,LAMONGAN,TUBAN BOJONEGORO,,,0,0,0,JAWA TIMUR,TUBAN,SEMANDING,PRUNGGAHAN KULON,TUBAN
2514870862,,ODP-TNZ-FS/23,-6.896985,112.065766,,,2,6,0,0,8,REGIONAL 5,MADIUN,TUBAN,TNZ,,,2024-03-16 23:23:53,43241,2018,5,NON TITO,,,JAWA TIMUR,0.75,YELLOW,354281228,AREA 3,JATIM,LAMONGAN,TUBAN BOJONEGORO,,,0,0,0,JAWA TIMUR,TUBAN,TUBAN,SENDANGHARJO,TUBAN
8870218772,,ODP-MRR-FAC/62,-6.881796,112.00166,,,2,6,0,0,8,REGIONAL 5,MADIUN,TUBAN,MRR,,,2024-03-16 23:24:42,44720,2022,6,NON TITO,,,JAWA TIMUR,0.75,YELLOW,1184018615,AREA 3,JATIM,LAMONGAN,TUBAN BOJONEGORO,,,0,0,0,JAWA TIMUR,TUBAN,MERAKURAK,BOGOREJO,TUBAN
2521022763,,ODP-TNZ-FV/07,-6.925286,112.056336,,,4,12,0,0,16,REGIONAL 5,MADIUN,TUBAN,TNZ,,,2024-03-16 23:23:21,43238,2018,5,NON TITO,,,JAWA TIMUR,0.75,YELLOW,354262008,AREA 3,JATIM,LAMONGAN,TUBAN BOJONEGORO,,,0,0,0,JAWA TIMUR,TUBAN,SEMANDING,PRUNGGAHAN  WETAN,TUBAN
2521022828,,ODP-TNZ-FV/05,-6.926479,112.052814,,,8,8,0,0,16,REGIONAL 5,MADIUN,TUBAN,TNZ,,,2024-03-16 23:23:09,43238,2018,5,NON TITO,,,JAWA TIMUR,0.5,YELLOW,354230155,AREA 3,JATIM,LAMONGAN,TUBAN BOJONEGORO,,,0,0,0,JAWA TIMUR,TUBAN,SEMANDING,PRUNGGAHAN  WETAN,TUBAN
2521022678,,ODP-TNZ-FV/06,-6.921601,112.053305,,,4,12,0,0,16,REGIONAL 5,MADIUN,TUBAN,TNZ,,,2024-03-16 23:22:44,43238,2018,5,NON TITO,,,JAWA TIMUR,0.75,YELLOW,354230108,AREA 3,JATIM,LAMONGAN,TUBAN BOJONEGORO,,,0,0,0,JAWA TIMUR,TUBAN,SEMANDING,PRUNGGAHAN KULON,TUBAN
2510968857,,ODP-TNZ-FU/02,-6.878585,112.039916,,,7,9,0,0,16,REGIONAL 5,MADIUN,TUBAN,TNZ,,,2024-03-16 23:23:09,43235,2018,5,NON TITO,,,JAWA TIMUR,0.5625,YELLOW,354216280,AREA 3,JATIM,LAMONGAN,TUBAN BOJONEGORO,,,0,0,0,JAWA TIMUR,TUBAN,JENU,SUGIHWARAS,TUBAN
9085694660,,ODP-RGL-FAB/56,-7.066272,112.004897,,,9,7,0,0,16,REGIONAL 5,MADIUN,TUBAN,RGL,,,2024-03-16 23:23:32,44778,2022,8,NON TITO,,,JAWA TIMUR,0.4375,YELLOW,1205095377,AREA 3,JATIM,LAMONGAN,TUBAN BOJONEGORO,,,0,0,0,JAWA TIMUR,TUBAN,RENGEL,SAWAHAN,TUBAN
9085694655,,ODP-MRR-FAA/86,-6.905184,111.941825,,,2,6,0,0,8,REGIONAL 5,MADIUN,TUBAN,MRR,,,2024-03-16 23:23:28,44778,2022,8,NON TITO,,,JAWA TIMUR,0.75,YELLOW,1205095372,AREA 3,JATIM,LAMONGAN,TUBAN BOJONEGORO,,,0,0,0,JAWA TIMUR,TUBAN,MERAKURAK,PONGPONGAN,TUBAN
9085694650,,ODP-MRR-FAA/84,-6.905158,111.939432,,,2,6,0,0,8,REGIONAL 5,MADIUN,TUBAN,MRR,,,2024-03-16 23:23:30,44778,2022,8,NON TITO,,,JAWA TIMUR,0.75,YELLOW,1205095369,AREA 3,JATIM,LAMONGAN,TUBAN BOJONEGORO,,,0,0,0,JAWA TIMUR,TUBAN,MERAKURAK,PONGPONGAN,TUBAN
2481795796,,ODP-TNZ-FJ/27,-6.930081,112.136164,,,4,4,0,0,8,REGIONAL 5,MADIUN,TUBAN,TNZ,,,2024-03-16 23:23:45,43222,2018,5,NON TITO,,,JAWA TIMUR,0.5,YELLOW,353722813,AREA 3,JATIM,LAMONGAN,TUBAN BOJONEGORO,,,0,0,0,JAWA TIMUR,TUBAN,PALANG,PUCANGAN,TUBAN
9085618875,,ODP-TNZ-FW/39,-6.936849,112.060517,,,8,8,0,0,16,REGIONAL 5,MADIUN,TUBAN,TNZ,,,2024-03-16 23:28:34,44778,2022,8,NON TITO,,,JAWA TIMUR,0.5,YELLOW,1204794397,AREA 3,JATIM,LAMONGAN,TUBAN BOJONEGORO,,,0,0,0,JAWA TIMUR,TUBAN,SEMANDING,PENAMBANGAN,TUBAN
9085618864,,ODP-TNZ-FW/37,-6.945193,112.060771,,,3,5,0,0,8,REGIONAL 5,MADIUN,TUBAN,TNZ,,,2024-03-16 23:28:36,44778,2022,8,NON TITO,,,JAWA TIMUR,0.625,YELLOW,1204794389,AREA 3,JATIM,LAMONGAN,TUBAN BOJONEGORO,,,0,0,0,JAWA TIMUR,TUBAN,SEMANDING,PENAMBANGAN,TUBAN
9085618854,,ODP-TNZ-FW/34,-6.955845,112.062305,,,3,5,0,0,8,REGIONAL 5,MADIUN,TUBAN,TNZ,,,2024-03-16 23:28:13,44778,2022,8,NON TITO,,,JAWA TIMUR,0.625,YELLOW,1204794383,AREA 3,JATIM,LAMONGAN,TUBAN BOJONEGORO,,,0,0,0,JAWA TIMUR,TUBAN,SEMANDING,PENAMBANGAN,TUBAN
9085618849,,ODP-TNZ-FW/38,-6.938276,112.060373,,,2,6,0,0,8,REGIONAL 5,MADIUN,TUBAN,TNZ,,,2024-03-16 23:28:37,44778,2022,8,NON TITO,,,JAWA TIMUR,0.75,YELLOW,1204794380,AREA 3,JATIM,LAMONGAN,TUBAN BOJONEGORO,,,0,0,0,JAWA TIMUR,TUBAN,SEMANDING,PENAMBANGAN,TUBAN
9085618832,,ODP-TNZ-FW/36,-6.948267,112.061302,,,3,5,0,0,8,REGIONAL 5,MADIUN,TUBAN,TNZ,,,2024-03-16 23:28:31,44778,2022,8,NON TITO,,,JAWA TIMUR,0.625,YELLOW,1204794370,AREA 3,JATIM,LAMONGAN,TUBAN BOJONEGORO,,,0,0,0,JAWA TIMUR,TUBAN,SEMANDING,PENAMBANGAN,TUBAN
9062520013,,ODP-JTR-FA/51,-7.002502,111.786464,,,2,6,0,0,8,REGIONAL 5,MADIUN,TUBAN,JTR,,,2024-03-16 23:25:33,44774,2022,8,NON TITO,,,JAWA TIMUR,0.75,YELLOW,1203879638,AREA 3,JATIM,LAMONGAN,TUBAN BOJONEGORO,,,0,0,0,JAWA TIMUR,TUBAN,SINGGAHAN,TUNGGULREJO,TUBAN
2479095243,,ODP-TNZ-FH/38,-6.91198,112.064164,,,4,12,0,0,16,REGIONAL 5,MADIUN,TUBAN,TNZ,,,2024-03-16 23:28:38,43226,2018,5,NON TITO,,,JAWA TIMUR,0.75,YELLOW,353740757,AREA 3,JATIM,LAMONGAN,TUBAN BOJONEGORO,,,0,0,0,JAWA TIMUR,TUBAN,SEMANDING,GEDONGOMBO,TUBAN
2510968787,,ODP-TNZ-FE/40,-6.893387,112.065951,,,2,6,0,0,8,REGIONAL 5,MADIUN,TUBAN,TNZ,,,2024-03-16 23:23:10,43235,2018,5,NON TITO,,,JAWA TIMUR,0.75,YELLOW,354216254,AREA 3,JATIM,LAMONGAN,TUBAN BOJONEGORO,,,0,0,0,JAWA TIMUR,TUBAN,TUBAN,SENDANGHARJO,TUBAN
9062294343,,ODP-TNZ-FL/24,-6.902772,112.050192,,,2,6,0,0,8,REGIONAL 5,MADIUN,TUBAN,TNZ,,,2024-03-16 23:26:55,44770,2022,7,NON TITO,,,JAWA TIMUR,0.75,YELLOW,1203854599,AREA 3,JATIM,LAMONGAN,TUBAN BOJONEGORO,,,0,0,0,JAWA TIMUR,TUBAN,TUBAN,SIDOREJO,TUBAN
2510968797,,ODP-TNZ-FE/39,-6.892779,112.064069,,,2,6,0,0,8,REGIONAL 5,MADIUN,TUBAN,TNZ,,,2024-03-16 23:23:00,43235,2018,5,NON TITO,,,JAWA TIMUR,0.75,YELLOW,354216258,AREA 3,JATIM,LAMONGAN,TUBAN BOJONEGORO,,,0,0,0,JAWA TIMUR,TUBAN,TUBAN,KUTOREJO,TUBAN
2510968807,,ODP-TNZ-FU/07,-6.881629,112.046533,,,4,4,0,0,8,REGIONAL 5,MADIUN,TUBAN,TNZ,,,2024-03-16 23:23:24,43235,2018,5,NON TITO,,,JAWA TIMUR,0.5,YELLOW,354216261,AREA 3,JATIM,LAMONGAN,TUBAN BOJONEGORO,,,0,0,0,JAWA TIMUR,TUBAN,JENU,SUGIHWARAS,TUBAN
2510968817,,ODP-TNZ-FE/45,-6.895859,112.070981,,,2,6,0,0,8,REGIONAL 5,MADIUN,TUBAN,TNZ,,,2024-03-16 23:23:23,43235,2018,5,NON TITO,,,JAWA TIMUR,0.75,YELLOW,354216265,AREA 3,JATIM,LAMONGAN,TUBAN BOJONEGORO,,,0,0,0,JAWA TIMUR,TUBAN,TUBAN,SENDANGHARJO,TUBAN
9050594111,,ODP-TNZ-FX/29,-6.895036,112.038734,,,3,5,0,0,8,REGIONAL 5,MADIUN,TUBAN,TNZ,,,2024-03-16 23:24:23,44767,2022,7,NON TITO,,,JAWA TIMUR,0.625,YELLOW,1203824391,AREA 3,JATIM,LAMONGAN,TUBAN BOJONEGORO,,,0,0,0,JAWA TIMUR,TUBAN,TUBAN,LATSARI,TUBAN
9050143882,,ODP-RGL-FAE/48,-7.078017,111.969942,,,3,5,0,0,8,REGIONAL 5,MADIUN,TUBAN,RGL,,,2024-03-16 23:26:41,44764,2022,7,NON TITO,,,JAWA TIMUR,0.625,YELLOW,1202396443,AREA 3,JATIM,LAMONGAN,TUBAN BOJONEGORO,,,0,0,0,JAWA TIMUR,TUBAN,RENGEL,KEBONAGUNG,TUBAN
2510968837,,ODP-TNZ-FE/46,-6.896271,112.072305,,,4,12,0,0,16,REGIONAL 5,MADIUN,TUBAN,TNZ,,,2024-03-16 23:23:00,43235,2018,5,NON TITO,,,JAWA TIMUR,0.75,YELLOW,354216273,AREA 3,JATIM,LAMONGAN,TUBAN BOJONEGORO,,,0,0,0,JAWA TIMUR,TUBAN,TUBAN,SUKOLILO,TUBAN
8811044943,,ODP-KRK-FD/09,-6.954848,111.822892,,,4,4,0,0,8,REGIONAL 5,MADIUN,TUBAN,KRK,,,2024-03-16 23:27:10,44715,2022,6,NON TITO,,,JAWA TIMUR,0.5,YELLOW,1183370994,AREA 3,JATIM,LAMONGAN,TUBAN BOJONEGORO,,,0,0,0,JAWA TIMUR,TUBAN,MONTONG,GUWOTERUS,TUBAN
8812993646,,ODP-RGL-FAB/54,-7.060798,112.004359,,,4,11,0,0,16,REGIONAL 5,MADIUN,TUBAN,RGL,,,2024-03-16 23:23:31,44712,2022,5,NON TITO,,,JAWA TIMUR,0.6875,YELLOW,1183348029,AREA 3,JATIM,LAMONGAN,TUBAN BOJONEGORO,,,0,0,0,JAWA TIMUR,TUBAN,RENGEL,RENGEL,TUBAN
8814568823,,ODP-RGL-FAA/50,-7.03863,112.050332,,,2,6,0,0,8,REGIONAL 5,MADIUN,TUBAN,RGL,,,2024-03-16 23:23:54,44712,2022,5,NON TITO,,,JAWA TIMUR,0.75,YELLOW,1183345983,AREA 3,JATIM,LAMONGAN,TUBAN BOJONEGORO,,,0,0,0,JAWA TIMUR,TUBAN,RENGEL,BANJARAGUNG,TUBAN
2510522919,,ODP-JTR-FA/31,-7.00448,111.770726,,,4,4,0,0,8,REGIONAL 5,MADIUN,TUBAN,JTR,,,2024-03-16 23:25:39,43241,2018,5,NON TITO,,,JAWA TIMUR,0.5,YELLOW,354545688,AREA 3,JATIM,LAMONGAN,TUBAN BOJONEGORO,,,0,0,0,JAWA TIMUR,TUBAN,SINGGAHAN,TANJUNGREJO,TUBAN
2605694376,,ODP-TNZ-FH/65,-6.92754,112.062292,,,6,10,0,0,16,REGIONAL 5,MADIUN,TUBAN,TNZ,,,2024-03-16 23:26:51,43258,2018,6,NON TITO,,,JAWA TIMUR,0.625,YELLOW,361304715,AREA 3,JATIM,LAMONGAN,TUBAN BOJONEGORO,,,0,0,0,JAWA TIMUR,TUBAN,SEMANDING,SEMANDING,TUBAN
2605694700,,ODP-TNZ-FH/69,-6.914913,112.063747,,,1,6,0,0,8,REGIONAL 5,MADIUN,TUBAN,TNZ,,,2024-03-16 23:26:51,43258,2018,6,NON TITO,,,JAWA TIMUR,0.75,YELLOW,361304916,AREA 3,JATIM,LAMONGAN,TUBAN BOJONEGORO,,,0,0,0,JAWA TIMUR,TUBAN,SEMANDING,BEJAGUNG,TUBAN
8741968592,,ODP-BCR-FAF/17,-6.80845,111.78261,,,4,4,0,0,8,REGIONAL 5,MADIUN,TUBAN,BCR,,,2024-03-16 23:24:53,44690,2022,5,NON TITO,,,JAWA TIMUR,0.5,YELLOW,1179963539,AREA 3,JATIM,LAMONGAN,TUBAN BOJONEGORO,,,0,0,0,JAWA TIMUR,TUBAN,BANCAR,NGAMPELREJO,TUBAN
8741968587,,ODP-BCR-FAF/20,-6.804826,111.78167,,,3,5,0,0,8,REGIONAL 5,MADIUN,TUBAN,BCR,,,2024-03-16 23:24:53,44690,2022,5,NON TITO,,,JAWA TIMUR,0.625,YELLOW,1179963535,AREA 3,JATIM,LAMONGAN,TUBAN BOJONEGORO,,,0,0,0,JAWA TIMUR,TUBAN,BANCAR,NGAMPELREJO,TUBAN
2605694791,,ODP-TNZ-FH/66,-6.92358,112.062768,,,5,11,0,0,16,REGIONAL 5,MADIUN,TUBAN,TNZ,,,2024-03-16 23:25:08,43258,2018,6,NON TITO,,,JAWA TIMUR,0.6875,YELLOW,361304973,AREA 3,JATIM,LAMONGAN,TUBAN BOJONEGORO,,,0,0,0,JAWA TIMUR,TUBAN,SEMANDING,SEMANDING,TUBAN
2588371749,,ODP-RGL-FAH/13,-7.047841,112.076817,,,2,6,0,0,8,REGIONAL 5,MADIUN,TUBAN,RGL,,,2024-03-16 23:27:06,43255,2018,6,NON TITO,,,JAWA TIMUR,0.75,YELLOW,361369308,AREA 3,JATIM,LAMONGAN,TUBAN BOJONEGORO,,,0,0,0,JAWA TIMUR,TUBAN,PLUMPANG,KEPOH AGUNG,TUBAN
2588371840,,ODP-RGL-FAH/07,-7.082518,112.096043,,,3,5,0,0,8,REGIONAL 5,MADIUN,TUBAN,RGL,,,2024-03-16 23:27:00,43255,2018,6,NON TITO,,,JAWA TIMUR,0.625,YELLOW,361369366,AREA 3,JATIM,LAMONGAN,TUBAN BOJONEGORO,,,0,0,0,JAWA TIMUR,TUBAN,PLUMPANG,PLANDIREJO,TUBAN
8741968567,,ODP-BCR-FAF/02,-6.809734,111.769245,,,4,4,0,0,8,REGIONAL 5,MADIUN,TUBAN,BCR,,,2024-03-16 23:25:04,44690,2022,5,NON TITO,,,JAWA TIMUR,0.5,YELLOW,1179963515,AREA 3,JATIM,LAMONGAN,TUBAN BOJONEGORO,,,0,0,0,JAWA TIMUR,TUBAN,BANCAR,PUGOH,TUBAN
2606971741,,ODP-RGL-FAA/14,-7.034087,112.070958,,,8,8,0,0,16,REGIONAL 5,MADIUN,TUBAN,RGL,,,2024-03-16 23:26:42,43257,2018,6,NON TITO,,,JAWA TIMUR,0.5,YELLOW,361379200,AREA 3,JATIM,LAMONGAN,TUBAN BOJONEGORO,,,0,0,0,JAWA TIMUR,TUBAN,PLUMPANG,KESAMBEN,TUBAN
8741968557,,ODP-BCR-FAF/07,-6.811825,111.7797,,,4,4,0,0,8,REGIONAL 5,MADIUN,TUBAN,BCR,,,2024-03-16 23:24:54,44690,2022,5,NON TITO,,,JAWA TIMUR,0.5,YELLOW,1179963501,AREA 3,JATIM,LAMONGAN,TUBAN BOJONEGORO,,,0,0,0,JAWA TIMUR,TUBAN,BANCAR,NGAMPELREJO,TUBAN
8223044247,,ODP-TNZ-FY/21,-6.89677,112.072458,,,8,8,0,0,16,REGIONAL 5,MADIUN,TUBAN,TNZ,,,2023-08-30 18:07:08,44533,2021,12,NON TITO,,,JAWA TIMUR,0.5,YELLOW,1161427318,AREA 3,JATIM,LAMONGAN,TUBAN BOJONEGORO,,,0,0,0,JAWA TIMUR,TUBAN,TUBAN,SUKOLILO,TUBAN
8223044297,,ODP-TNZ-FY/22,-6.896109,112.071859,,,3,5,0,0,8,REGIONAL 5,MADIUN,TUBAN,TNZ,,,2023-08-30 18:09:11,44533,2021,12,NON TITO,,,JAWA TIMUR,0.625,YELLOW,1161427352,AREA 3,JATIM,LAMONGAN,TUBAN BOJONEGORO,,,0,0,0,JAWA TIMUR,TUBAN,TUBAN,SENDANGHARJO,TUBAN
2606971746,,ODP-RGL-FAA/18,-7.039837,112.049068,,,3,5,0,0,8,REGIONAL 5,MADIUN,TUBAN,RGL,,,2024-03-16 23:26:47,43257,2018,6,NON TITO,,,JAWA TIMUR,0.625,YELLOW,361379203,AREA 3,JATIM,LAMONGAN,TUBAN BOJONEGORO,,,0,0,0,JAWA TIMUR,TUBAN,RENGEL,BANJARAGUNG,TUBAN
8705298582,,ODP-BCR-FAG/21,-6.804097,111.890895,,,2,6,0,0,8,REGIONAL 5,MADIUN,TUBAN,BCR,,,2024-03-16 23:26:55,44687,2022,5,NON TITO,,,JAWA TIMUR,0.75,YELLOW,1179589688,AREA 3,JATIM,LAMONGAN,TUBAN BOJONEGORO,,,0,0,0,JAWA TIMUR,TUBAN,JENU,KARANGASEM,TUBAN
2606971799,,ODP-RGL-FAA/16,-7.035183,112.063142,,,5,11,0,0,16,REGIONAL 5,MADIUN,TUBAN,RGL,,,2024-03-16 23:26:41,43257,2018,6,NON TITO,,,JAWA TIMUR,0.6875,YELLOW,361379243,AREA 3,JATIM,LAMONGAN,TUBAN BOJONEGORO,,,0,0,0,JAWA TIMUR,TUBAN,PLUMPANG,TRUTUP,TUBAN
8237218623,,ODP-TNZ-FN/31,-6.898719,112.058465,,,5,11,0,0,16,REGIONAL 5,MADIUN,TUBAN,TNZ,,,2023-08-30 18:05:19,44536,2021,12,NON TITO,,,JAWA TIMUR,0.6875,YELLOW,1161723943,AREA 3,JATIM,LAMONGAN,TUBAN BOJONEGORO,,,0,0,0,JAWA TIMUR,TUBAN,TUBAN,DOROMUKTI,TUBAN
8705298562,,ODP-BCR-FAG/13,-6.807415,111.888496,,,2,6,0,0,8,REGIONAL 5,MADIUN,TUBAN,BCR,,,2024-03-16 23:26:59,44687,2022,5,NON TITO,,,JAWA TIMUR,0.75,YELLOW,1179589676,AREA 3,JATIM,LAMONGAN,TUBAN BOJONEGORO,,,0,0,0,JAWA TIMUR,TUBAN,TAMBAKBOYO,SAWIR,TUBAN
8705298557,,ODP-BCR-FAG/12,-6.807909,111.890398,,,2,6,0,0,8,REGIONAL 5,MADIUN,TUBAN,BCR,,,2024-03-16 23:27:01,44687,2022,5,NON TITO,,,JAWA TIMUR,0.75,YELLOW,1179589672,AREA 3,JATIM,LAMONGAN,TUBAN BOJONEGORO,,,0,0,0,JAWA TIMUR,TUBAN,TAMBAKBOYO,SAWIR,TUBAN
8705298552,,ODP-BCR-FAG/19,-6.801691,111.89053,,,4,4,0,0,8,REGIONAL 5,MADIUN,TUBAN,BCR,,,2024-03-16 23:27:09,44687,2022,5,NON TITO,,,JAWA TIMUR,0.5,YELLOW,1179589669,AREA 3,JATIM,LAMONGAN,TUBAN BOJONEGORO,,,0,0,0,JAWA TIMUR,TUBAN,TAMBAKBOYO,GLONDONGGEDE,TUBAN
8741968612,,ODP-BCR-FAF/22,-6.808208,111.780635,,,2,6,0,0,8,REGIONAL 5,MADIUN,TUBAN,BCR,,,2024-03-16 23:25:04,44690,2022,5,NON TITO,,,JAWA TIMUR,0.75,YELLOW,1179963551,AREA 3,JATIM,LAMONGAN,TUBAN BOJONEGORO,,,0,0,0,JAWA TIMUR,TUBAN,BANCAR,NGAMPELREJO,TUBAN
9090870777,,ODP-RGL-FAD/90,-7.102421,111.946862,,,9,7,0,0,16,REGIONAL 5,MADIUN,TUBAN,RGL,,,2024-03-16 23:23:59,44788,2022,8,NON TITO,,,JAWA TIMUR,0.4375,YELLOW,1206211672,AREA 3,JATIM,LAMONGAN,TUBAN BOJONEGORO,,,0,0,0,JAWA TIMUR,TUBAN,SOKO,BANGUNREJO,TUBAN
2604270725,,ODP-TNZ-FH/53,-6.913542,112.051616,,,2,6,0,0,8,REGIONAL 5,MADIUN,TUBAN,TNZ,,,2024-03-16 23:23:11,43257,2018,6,NON TITO,,,JAWA TIMUR,0.75,YELLOW,361303527,AREA 3,JATIM,LAMONGAN,TUBAN BOJONEGORO,,,0,0,0,JAWA TIMUR,TUBAN,SEMANDING,TEGALAGUNG,TUBAN
8741968652,,ODP-BCR-FAF/01,-6.80918,111.768625,,,3,5,0,0,8,REGIONAL 5,MADIUN,TUBAN,BCR,,,2024-03-16 23:24:50,44690,2022,5,NON TITO,,,JAWA TIMUR,0.625,YELLOW,1179963585,AREA 3,JATIM,LAMONGAN,TUBAN BOJONEGORO,,,0,0,0,JAWA TIMUR,TUBAN,BANCAR,PUGOH,TUBAN
2510523073,,ODP-JTR-FA/37,-6.99014,111.78666,,,2,6,0,0,8,REGIONAL 5,MADIUN,TUBAN,JTR,,,2024-03-16 23:26:16,43241,2018,5,NON TITO,,,JAWA TIMUR,0.75,YELLOW,354545784,AREA 3,JATIM,LAMONGAN,TUBAN BOJONEGORO,,,0,0,0,JAWA TIMUR,TUBAN,SINGGAHAN,MULYOREJO,TUBAN
2510523209,,ODP-JTR-FA/39,-7.027364,111.785752,,,4,4,0,0,8,REGIONAL 5,MADIUN,TUBAN,JTR,,,2024-03-16 23:25:52,43241,2018,5,NON TITO,,,JAWA TIMUR,0.5,YELLOW,354545867,AREA 3,JATIM,LAMONGAN,TUBAN BOJONEGORO,,,0,0,0,JAWA TIMUR,TUBAN,SINGGAHAN,SARINGEMBAT,TUBAN
2510523214,,ODP-JTR-FA/28,-7.009767,111.785948,,,8,8,0,0,16,REGIONAL 5,MADIUN,TUBAN,JTR,,,2024-03-16 23:24:46,43241,2018,5,NON TITO,,,JAWA TIMUR,0.5,YELLOW,354545870,AREA 3,JATIM,LAMONGAN,TUBAN BOJONEGORO,,,0,0,0,JAWA TIMUR,TUBAN,SINGGAHAN,TUNGGULREJO,TUBAN
8764769366,,ODP-TNZ-FK/93,-6.918049,112.091084,,,2,5,0,0,8,REGIONAL 5,MADIUN,TUBAN,TNZ,,,2024-03-16 23:26:49,44701,2022,5,NON TITO,,,JAWA TIMUR,0.625,YELLOW,1181875575,AREA 3,JATIM,LAMONGAN,TUBAN BOJONEGORO,,,0,0,0,JAWA TIMUR,TUBAN,PALANG,TASIKMADU,TUBAN
2510523318,,ODP-JTR-FA/32,-6.996374,111.774507,,,8,8,0,0,16,REGIONAL 5,MADIUN,TUBAN,JTR,,,2024-03-16 23:25:13,43242,2018,5,NON TITO,,,JAWA TIMUR,0.5,YELLOW,354545932,AREA 3,JATIM,LAMONGAN,TUBAN BOJONEGORO,,,0,0,0,JAWA TIMUR,TUBAN,SINGGAHAN,MERGOSARI,TUBAN
2510523323,,ODP-JTR-FA/36,-6.996114,111.786187,,,7,9,0,0,16,REGIONAL 5,MADIUN,TUBAN,JTR,,,2024-03-16 23:26:10,43242,2018,5,NON TITO,,,JAWA TIMUR,0.5625,YELLOW,354545935,AREA 3,JATIM,LAMONGAN,TUBAN BOJONEGORO,,,0,0,0,JAWA TIMUR,TUBAN,SINGGAHAN,MULYOREJO,TUBAN
2510523391,,ODP-JTR-FA/35,-6.99718,111.788962,,,8,8,0,0,16,REGIONAL 5,MADIUN,TUBAN,JTR,,,2024-03-16 23:26:09,43242,2018,5,NON TITO,,,JAWA TIMUR,0.5,YELLOW,354545975,AREA 3,JATIM,LAMONGAN,TUBAN BOJONEGORO,,,0,0,0,JAWA TIMUR,TUBAN,SINGGAHAN,MULYOREJO,TUBAN
2580870087,,ODP-RGL-FAF/01,-7.001334,112.109857,,,2,6,0,0,8,REGIONAL 5,MADIUN,TUBAN,RGL,,,2024-03-16 23:26:28,43250,2018,5,NON TITO,,,JAWA TIMUR,0.75,YELLOW,356522787,AREA 3,JATIM,LAMONGAN,TUBAN BOJONEGORO,,,0,0,0,JAWA TIMUR,TUBAN,PLUMPANG,SUMBERAGUNG,TUBAN
2580870428,,ODP-RGL-FAF/02,-7.00378,112.109494,,,4,4,0,0,8,REGIONAL 5,MADIUN,TUBAN,RGL,,,2024-03-16 23:26:47,43250,2018,5,NON TITO,,,JAWA TIMUR,0.5,YELLOW,356523053,AREA 3,JATIM,LAMONGAN,TUBAN BOJONEGORO,,,0,0,0,JAWA TIMUR,TUBAN,PLUMPANG,SUMBERAGUNG,TUBAN
2585296280,,ODP-RGL-FAE/04,-7.075593,111.959609,,,3,5,0,0,8,REGIONAL 5,MADIUN,TUBAN,RGL,,,2024-03-16 23:27:00,43251,2018,5,NON TITO,,,JAWA TIMUR,0.625,YELLOW,356524320,AREA 3,JATIM,LAMONGAN,TUBAN BOJONEGORO,,,0,0,0,JAWA TIMUR,TUBAN,SOKO,NGURUAN,TUBAN
2585296380,,ODP-RGL-FAE/03,-7.07613,111.955213,,,4,4,0,0,8,REGIONAL 5,MADIUN,TUBAN,RGL,,,2024-03-16 23:27:00,43251,2018,5,NON TITO,,,JAWA TIMUR,0.5,YELLOW,356524350,AREA 3,JATIM,LAMONGAN,TUBAN BOJONEGORO,,,0,0,0,JAWA TIMUR,TUBAN,SOKO,NGURUAN,TUBAN
2585296220,,ODP-RGL-FAE/06,-7.073323,111.981108,,,4,12,0,0,16,REGIONAL 5,MADIUN,TUBAN,RGL,,,2024-03-16 23:27:13,43251,2018,5,NON TITO,,,JAWA TIMUR,0.75,YELLOW,356869642,AREA 3,JATIM,LAMONGAN,TUBAN BOJONEGORO,,,0,0,0,JAWA TIMUR,TUBAN,RENGEL,MAIBIT,TUBAN
2585296618,,ODP-RGL-FAE/02,-7.077003,111.946906,,,3,5,0,0,8,REGIONAL 5,MADIUN,TUBAN,RGL,,,2024-03-16 23:26:20,43251,2018,5,NON TITO,,,JAWA TIMUR,0.625,YELLOW,356869766,AREA 3,JATIM,LAMONGAN,TUBAN BOJONEGORO,,,0,0,0,JAWA TIMUR,TUBAN,SOKO,JEGULO,TUBAN
2595268629,,ODP-RGL-FAH/17,-7.063699,112.068607,,,2,6,0,0,8,REGIONAL 5,MADIUN,TUBAN,RGL,,,2024-03-16 23:24:13,43256,2018,6,NON TITO,,,JAWA TIMUR,0.75,YELLOW,361290501,AREA 3,JATIM,LAMONGAN,TUBAN BOJONEGORO,,,0,0,0,JAWA TIMUR,TUBAN,RENGEL,PRAMBONWETAN,TUBAN
2595268941,,ODP-RGL-FAH/05,-7.08382,112.117963,,,8,7,1,0,16,REGIONAL 5,MADIUN,TUBAN,RGL,,,2024-03-16 23:24:03,43256,2018,6,NON TITO,,,JAWA TIMUR,0.4375,YELLOW,361290696,AREA 3,JATIM,LAMONGAN,TUBAN BOJONEGORO,,,0,0,0,JAWA TIMUR,TUBAN,PLUMPANG,KLOTOK,TUBAN
2606971783,,ODP-RGL-FAA/19,-7.043542,112.045148,,,2,6,0,0,8,REGIONAL 5,MADIUN,TUBAN,RGL,,,2024-03-16 23:21:04,43257,2018,6,NON TITO,,,JAWA TIMUR,0.75,YELLOW,361298225,AREA 3,JATIM,LAMONGAN,TUBAN BOJONEGORO,,,0,0,0,JAWA TIMUR,TUBAN,RENGEL,BANJARAGUNG,TUBAN
2604269600,,ODP-TNZ-FK/52,-6.964455,112.105926,,,4,4,0,0,8,REGIONAL 5,MADIUN,TUBAN,TNZ,,,2024-03-16 23:22:48,43257,2018,6,NON TITO,,,JAWA TIMUR,0.5,YELLOW,361302784,AREA 3,JATIM,LAMONGAN,TUBAN BOJONEGORO,,,0,0,0,JAWA TIMUR,TUBAN,SEMANDING,GESING,TUBAN
2604269988,,ODP-TNZ-FK/51,-6.964728,112.108658,,,3,5,0,0,8,REGIONAL 5,MADIUN,TUBAN,TNZ,,,2024-03-16 23:22:59,43257,2018,6,NON TITO,,,JAWA TIMUR,0.625,YELLOW,361303089,AREA 3,JATIM,LAMONGAN,TUBAN BOJONEGORO,,,0,0,0,JAWA TIMUR,TUBAN,SEMANDING,GESING,TUBAN
8764768729,,ODP-RGL-FAJ/12,-7.086823,111.922798,,,5,11,0,0,16,REGIONAL 5,MADIUN,TUBAN,RGL,,,2024-03-16 23:25:46,44698,2022,5,NON TITO,,,JAWA TIMUR,0.6875,YELLOW,1181845280,AREA 3,JATIM,LAMONGAN,TUBAN BOJONEGORO,,,0,0,0,JAWA TIMUR,TUBAN,SOKO,PRAMBONTERGOYANG,TUBAN
8741968647,,ODP-BCR-FAF/10,-6.809566,111.77999,,,4,4,0,0,8,REGIONAL 5,MADIUN,TUBAN,BCR,,,2024-03-16 23:24:52,44690,2022,5,NON TITO,,,JAWA TIMUR,0.5,YELLOW,1179963582,AREA 3,JATIM,LAMONGAN,TUBAN BOJONEGORO,,,0,0,0,JAWA TIMUR,TUBAN,BANCAR,NGAMPELREJO,TUBAN
9090870784,,ODP-RGL-FAK/11,-7.034309,112.072468,,,3,5,0,0,8,REGIONAL 5,MADIUN,TUBAN,RGL,,,2024-03-16 23:23:50,44788,2022,8,NON TITO,,,JAWA TIMUR,0.625,YELLOW,1206211677,AREA 3,JATIM,LAMONGAN,TUBAN BOJONEGORO,,,0,0,0,JAWA TIMUR,TUBAN,PLUMPANG,KESAMBEN,TUBAN
2481795626,,ODP-TNZ-FJ/46,-6.908861,112.153895,,,2,6,0,0,8,REGIONAL 5,MADIUN,TUBAN,TNZ,,,2024-03-16 23:24:14,43222,2018,5,NON TITO,,,JAWA TIMUR,0.75,YELLOW,353722759,AREA 3,JATIM,LAMONGAN,TUBAN BOJONEGORO,,,0,0,0,JAWA TIMUR,TUBAN,PALANG,LERAN KULON,TUBAN
9123943803,,ODP-TNZ-FW/22,-6.941848,112.044318,,,9,7,0,0,16,REGIONAL 5,MADIUN,TUBAN,TNZ,,,2024-03-16 23:23:07,44789,2022,8,NON TITO,,,JAWA TIMUR,0.4375,YELLOW,1206975682,AREA 3,JATIM,LAMONGAN,TUBAN BOJONEGORO,,,0,0,0,JAWA TIMUR,TUBAN,SEMANDING,BEKTIHARJO,TUBAN
9340319269,,ODP-MRR-FAG/10,-6.796646,111.980934,,,2,6,0,0,8,REGIONAL 5,MADIUN,TUBAN,MRR,,,2024-03-16 23:23:45,44834,2022,9,NON TITO,,,JAWA TIMUR,0.75,YELLOW,1228527309,AREA 3,JATIM,LAMONGAN,TUBAN BOJONEGORO,,,0,0,0,JAWA TIMUR,TUBAN,JENU,RAWASAN,TUBAN
2252519152,,ODP-TNZ-FN/05,-6.891887,112.058763,,,4,12,0,0,16,REGIONAL 5,MADIUN,TUBAN,TNZ,,,2024-03-16 23:24:26,43151,2018,2,NON TITO,,,JAWA TIMUR,0.75,YELLOW,323893485,AREA 3,JATIM,LAMONGAN,TUBAN BOJONEGORO,,,0,0,0,JAWA TIMUR,TUBAN,TUBAN,SIDOMULYO,TUBAN
2252519155,,ODP-TNZ-FQ/16,-6.901827,112.057166,,,1,6,0,0,8,REGIONAL 5,MADIUN,TUBAN,TNZ,,,2024-03-16 23:24:10,43151,2018,2,NON TITO,,,JAWA TIMUR,0.75,YELLOW,323893487,AREA 3,JATIM,LAMONGAN,TUBAN BOJONEGORO,,,0,0,0,JAWA TIMUR,TUBAN,TUBAN,DOROMUKTI,TUBAN
2252519158,,ODP-TNZ-FS/07,-6.897292,112.066488,,,3,5,0,0,8,REGIONAL 5,MADIUN,TUBAN,TNZ,,,2024-03-16 23:24:29,43151,2018,2,NON TITO,,,JAWA TIMUR,0.625,YELLOW,323893489,AREA 3,JATIM,LAMONGAN,TUBAN BOJONEGORO,,,0,0,0,JAWA TIMUR,TUBAN,TUBAN,SENDANGHARJO,TUBAN
2252519394,,ODP-TNZ-FM/14,-6.893157,112.050367,,,3,5,0,0,8,REGIONAL 5,MADIUN,TUBAN,TNZ,,,2024-03-16 23:24:24,43151,2018,2,NON TITO,,,JAWA TIMUR,0.625,YELLOW,323893610,AREA 3,JATIM,LAMONGAN,TUBAN BOJONEGORO,,,0,0,0,JAWA TIMUR,TUBAN,TUBAN,RONGGOMULYO,TUBAN
2277871713,,ODP-KRK-FB/15,-6.955457,111.897696,,,6,10,0,0,16,REGIONAL 5,MADIUN,TUBAN,KRK,,,2024-03-16 23:25:06,43158,2018,2,NON TITO,,,JAWA TIMUR,0.625,YELLOW,323985450,AREA 3,JATIM,LAMONGAN,TUBAN BOJONEGORO,,,0,0,0,JAWA TIMUR,TUBAN,MONTONG,PAKEL,TUBAN
2262796024,,ODP-TNZ-FN/14,-6.89605,112.059278,,,8,8,0,0,16,REGIONAL 5,MADIUN,TUBAN,TNZ,,,2024-03-16 23:22:47,43153,2018,2,NON TITO,,,JAWA TIMUR,0.5,YELLOW,324017399,AREA 3,JATIM,LAMONGAN,TUBAN BOJONEGORO,,,0,0,0,JAWA TIMUR,TUBAN,TUBAN,SIDOMULYO,TUBAN
9340319245,,ODP-MRR-FAG/02,-6.783318,111.978973,,,5,11,0,0,16,REGIONAL 5,MADIUN,TUBAN,MRR,,,2024-03-16 23:23:45,44834,2022,9,NON TITO,,,JAWA TIMUR,0.6875,YELLOW,1228527293,AREA 3,JATIM,LAMONGAN,TUBAN BOJONEGORO,,,0,0,0,JAWA TIMUR,TUBAN,JENU,MENTOSO,TUBAN
9340319231,,ODP-MRR-FAG/06,-6.789174,111.982878,,,9,7,0,0,16,REGIONAL 5,MADIUN,TUBAN,MRR,,,2024-03-16 23:22:37,44834,2022,9,NON TITO,,,JAWA TIMUR,0.4375,YELLOW,1228527285,AREA 3,JATIM,LAMONGAN,TUBAN BOJONEGORO,,,0,0,0,JAWA TIMUR,TUBAN,JENU,MENTOSO,TUBAN
9340319225,,ODP-MRR-FAG/08,-6.792301,111.983531,,,3,5,0,0,8,REGIONAL 5,MADIUN,TUBAN,MRR,,,2024-03-16 23:22:40,44834,2022,9,NON TITO,,,JAWA TIMUR,0.625,YELLOW,1228527281,AREA 3,JATIM,LAMONGAN,TUBAN BOJONEGORO,,,0,0,0,JAWA TIMUR,TUBAN,JENU,MENTOSO,TUBAN
2277871872,,ODP-KRK-FB/14,-6.955648,111.907976,,,2,6,0,0,8,REGIONAL 5,MADIUN,TUBAN,KRK,,,2024-03-16 23:24:27,43158,2018,2,NON TITO,,,JAWA TIMUR,0.75,YELLOW,324049061,AREA 3,JATIM,LAMONGAN,TUBAN BOJONEGORO,,,0,0,0,JAWA TIMUR,TUBAN,MONTONG,JETAK,TUBAN
2277871957,,ODP-KRK-FB/19,-6.951043,111.884076,,,2,6,0,0,8,REGIONAL 5,MADIUN,TUBAN,KRK,,,2024-03-16 23:24:41,43158,2018,2,NON TITO,,,JAWA TIMUR,0.75,YELLOW,324049124,AREA 3,JATIM,LAMONGAN,TUBAN BOJONEGORO,,,0,0,0,JAWA TIMUR,TUBAN,MONTONG,PAKEL,TUBAN
2277872114,,ODP-KRK-FB/18,-6.953667,111.889013,,,2,6,0,0,8,REGIONAL 5,MADIUN,TUBAN,KRK,,,2024-03-16 23:25:20,43158,2018,2,NON TITO,,,JAWA TIMUR,0.75,YELLOW,324049239,AREA 3,JATIM,LAMONGAN,TUBAN BOJONEGORO,,,0,0,0,JAWA TIMUR,TUBAN,MONTONG,PAKEL,TUBAN
9340319189,,ODP-MRR-FAG/16,-6.799434,111.979581,,,2,6,0,0,8,REGIONAL 5,MADIUN,TUBAN,MRR,,,2024-03-16 23:23:32,44834,2022,9,NON TITO,,,JAWA TIMUR,0.75,YELLOW,1228527265,AREA 3,JATIM,LAMONGAN,TUBAN BOJONEGORO,,,0,0,0,JAWA TIMUR,TUBAN,JENU,RAWASAN,TUBAN
9320073166,,ODP-TNZ-FU/50,-6.864313,112.025845,,,2,6,0,0,8,REGIONAL 5,MADIUN,TUBAN,TNZ,,,2024-03-16 23:28:54,44830,2022,9,NON TITO,,,JAWA TIMUR,0.75,YELLOW,1226933183,AREA 3,JATIM,LAMONGAN,TUBAN BOJONEGORO,,,0,0,0,JAWA TIMUR,TUBAN,JENU,SUGIHWARAS,TUBAN
9320073161,,ODP-TNZ-FU/49,-6.862274,112.025065,,,2,6,0,0,8,REGIONAL 5,MADIUN,TUBAN,TNZ,,,2024-03-16 23:28:34,44830,2022,9,NON TITO,,,JAWA TIMUR,0.75,YELLOW,1226933180,AREA 3,JATIM,LAMONGAN,TUBAN BOJONEGORO,,,0,0,0,JAWA TIMUR,TUBAN,JENU,SUGIHWARAS,TUBAN
2284549418,,ODP-JTR-FB/14,-7.017438,111.722186,,,2,6,0,0,8,REGIONAL 5,MADIUN,TUBAN,JTR,,,2024-03-16 23:24:46,43164,2018,3,NON TITO,,,JAWA TIMUR,0.75,YELLOW,324109637,AREA 3,JATIM,LAMONGAN,TUBAN BOJONEGORO,,,0,0,0,JAWA TIMUR,TUBAN,SENORI,JATISARI,TUBAN
2284549423,,ODP-JTR-FB/13,-7.020023,111.720478,,,4,12,0,0,16,REGIONAL 5,MADIUN,TUBAN,JTR,,,2024-03-16 23:24:22,43164,2018,3,NON TITO,,,JAWA TIMUR,0.75,YELLOW,324109641,AREA 3,JATIM,LAMONGAN,TUBAN BOJONEGORO,,,0,0,0,JAWA TIMUR,TUBAN,SENORI,JATISARI,TUBAN
9320593781,,ODP-TNZ-FU/47,-6.859224,112.021269,,,4,12,0,0,16,REGIONAL 5,MADIUN,TUBAN,TNZ,,,2024-03-16 23:28:40,44826,2022,9,NON TITO,,,JAWA TIMUR,0.75,YELLOW,1226335173,AREA 3,JATIM,LAMONGAN,TUBAN BOJONEGORO,,,0,0,0,JAWA TIMUR,TUBAN,JENU,SUGIHWARAS,TUBAN
9367618551,,ODP-JTR-FA/52,-6.964505,111.788386,,,5,11,0,0,16,REGIONAL 5,MADIUN,TUBAN,JTR,,,2024-03-16 23:28:30,44837,2022,10,NON TITO,,,JAWA TIMUR,0.6875,YELLOW,1229476939,AREA 3,JATIM,LAMONGAN,TUBAN BOJONEGORO,,,0,0,0,JAWA TIMUR,TUBAN,SINGGAHAN,MULYOAGUNG,TUBAN
2284549656,,ODP-JTR-FB/10,-7.007367,111.728862,,,7,8,0,0,16,REGIONAL 5,MADIUN,TUBAN,JTR,,,2024-03-16 23:24:47,43164,2018,3,NON TITO,,,JAWA TIMUR,0.5,YELLOW,324109870,AREA 3,JATIM,LAMONGAN,TUBAN BOJONEGORO,,,0,0,0,JAWA TIMUR,TUBAN,SENORI,SENDANG,TUBAN
9339496326,,ODP-JTR-FH/05,-6.851162,111.643202,,,7,9,0,0,16,REGIONAL 5,MADIUN,TUBAN,JTR,,,2024-03-16 23:22:46,44838,2022,10,NON TITO,,,JAWA TIMUR,0.5625,YELLOW,1230076301,AREA 3,JATIM,LAMONGAN,TUBAN BOJONEGORO,,,0,0,0,JAWA TIMUR,TUBAN,JATIROGO,KETODAN,TUBAN
9339496336,,ODP-JTR-FH/03,-6.84992,111.637991,,,4,4,0,0,8,REGIONAL 5,MADIUN,TUBAN,JTR,,,2024-03-16 23:22:40,44838,2022,10,NON TITO,,,JAWA TIMUR,0.5,YELLOW,1230076307,AREA 3,JATIM,LAMONGAN,TUBAN BOJONEGORO,,,0,0,0,JAWA TIMUR,TUBAN,JATIROGO,KETODAN,TUBAN
9514694878,,ODP-TNZ-FF/52,-6.892149,112.060825,,,1,6,0,0,8,REGIONAL 5,MADIUN,TUBAN,TNZ,,,2024-03-16 23:27:56,44872,2022,11,NON TITO,,,JAWA TIMUR,0.75,YELLOW,1248340017,AREA 3,JATIM,LAMONGAN,TUBAN BOJONEGORO,,,0,0,0,JAWA TIMUR,TUBAN,TUBAN,SIDOMULYO,TUBAN
9513946156,,ODP-TNZ-FZ/45,-6.878304,112.024559,,,3,5,0,0,8,REGIONAL 5,MADIUN,TUBAN,TNZ,,,2024-03-16 23:29:15,44868,2022,11,NON TITO,,,JAWA TIMUR,0.625,YELLOW,1248316922,AREA 3,JATIM,LAMONGAN,TUBAN BOJONEGORO,,,0,0,0,JAWA TIMUR,TUBAN,TUBAN,MONDOKAN,TUBAN
9513944563,,ODP-JTR-FA/02,-6.970225,111.779159,,,2,6,0,0,8,REGIONAL 5,MADIUN,TUBAN,JTR,,,2024-03-16 23:28:53,44868,2022,11,NON TITO,,,JAWA TIMUR,0.75,YELLOW,1248310568,AREA 3,JATIM,LAMONGAN,TUBAN BOJONEGORO,,,0,0,0,JAWA TIMUR,TUBAN,SINGGAHAN,MULYOAGUNG,TUBAN
9427546019,,ODP-TNZ-FK/95,-6.915522,112.078352,,,3,5,0,0,8,REGIONAL 5,MADIUN,TUBAN,TNZ,,,2024-03-16 23:27:42,44854,2022,10,NON TITO,,,JAWA TIMUR,0.625,YELLOW,1241701028,AREA 3,JATIM,LAMONGAN,TUBAN BOJONEGORO,,,0,0,0,JAWA TIMUR,TUBAN,SEMANDING,GEDONGOMBO,TUBAN
9410743692,,ODP-TNZ-FG/93,-6.901926,112.041731,,,2,6,0,0,8,REGIONAL 5,MADIUN,TUBAN,TNZ,,,2024-03-16 23:26:43,44848,2022,10,NON TITO,,,JAWA TIMUR,0.75,YELLOW,1241323670,AREA 3,JATIM,LAMONGAN,TUBAN BOJONEGORO,,,0,0,0,JAWA TIMUR,TUBAN,TUBAN,SIDOREJO,TUBAN
2252519074,,ODP-TNZ-FN/01,-6.892769,112.062221,,,4,12,0,0,16,REGIONAL 5,MADIUN,TUBAN,TNZ,,,2024-03-16 23:24:22,43151,2018,2,NON TITO,,,JAWA TIMUR,0.75,YELLOW,323893438,AREA 3,JATIM,LAMONGAN,TUBAN BOJONEGORO,,,0,0,0,JAWA TIMUR,TUBAN,TUBAN,SIDOMULYO,TUBAN
2252519077,,ODP-TNZ-FP/23,-6.902561,112.062623,,,2,6,0,0,8,REGIONAL 5,MADIUN,TUBAN,TNZ,,,2024-03-16 23:23:53,43151,2018,2,NON TITO,,,JAWA TIMUR,0.75,YELLOW,323893440,AREA 3,JATIM,LAMONGAN,TUBAN BOJONEGORO,,,0,0,0,JAWA TIMUR,TUBAN,TUBAN,KEBONSARI,TUBAN
9410444448,,ODP-TNZ-FAC/29,-6.961134,112.105648,,,3,5,0,0,8,REGIONAL 5,MADIUN,TUBAN,TNZ,,,2024-03-16 23:25:05,44847,2022,10,NON TITO,,,JAWA TIMUR,0.625,YELLOW,1238471965,AREA 3,JATIM,LAMONGAN,TUBAN BOJONEGORO,,,0,0,0,JAWA TIMUR,TUBAN,SEMANDING,GESING,TUBAN
2252519116,,ODP-TNZ-FR/17,-6.896632,112.061237,,,8,7,1,0,16,REGIONAL 5,MADIUN,TUBAN,TNZ,,,2024-03-16 23:24:23,43151,2018,2,NON TITO,,,JAWA TIMUR,0.4375,YELLOW,323893461,AREA 3,JATIM,LAMONGAN,TUBAN BOJONEGORO,,,0,0,0,JAWA TIMUR,TUBAN,TUBAN,SIDOMULYO,TUBAN
2252519119,,ODP-TNZ-FQ/21,-6.906925,112.056863,,,2,6,0,0,8,REGIONAL 5,MADIUN,TUBAN,TNZ,,,2024-03-16 23:24:20,43151,2018,2,NON TITO,,,JAWA TIMUR,0.75,YELLOW,323893463,AREA 3,JATIM,LAMONGAN,TUBAN BOJONEGORO,,,0,0,0,JAWA TIMUR,TUBAN,SEMANDING,KARANG,TUBAN
9348043854,,ODP-MRR-FAC/71,-6.882835,112.018809,,,2,6,0,0,8,REGIONAL 5,MADIUN,TUBAN,MRR,,,2024-03-16 23:22:47,44844,2022,10,NON TITO,,,JAWA TIMUR,0.75,YELLOW,1230446468,AREA 3,JATIM,LAMONGAN,TUBAN BOJONEGORO,,,0,0,0,JAWA TIMUR,TUBAN,MERAKURAK,BOGOREJO,TUBAN
2252519125,,ODP-TNZ-FS/16,-6.897775,112.069135,,,4,4,0,0,8,REGIONAL 5,MADIUN,TUBAN,TNZ,,,2024-03-16 23:24:01,43151,2018,2,NON TITO,,,JAWA TIMUR,0.5,YELLOW,323893467,AREA 3,JATIM,LAMONGAN,TUBAN BOJONEGORO,,,0,0,0,JAWA TIMUR,TUBAN,TUBAN,SENDANGHARJO,TUBAN
9339121858,,ODP-MRR-FAC/68,-6.885218,112.007681,,,4,4,0,0,8,REGIONAL 5,MADIUN,TUBAN,MRR,,,2024-03-16 23:26:51,44839,2022,10,NON TITO,,,JAWA TIMUR,0.5,YELLOW,1230088158,AREA 3,JATIM,LAMONGAN,TUBAN BOJONEGORO,,,0,0,0,JAWA TIMUR,TUBAN,TUBAN,SUMURGUNG,TUBAN
9339121853,,ODP-MRR-FAC/64,-6.879011,112.007283,,,2,6,0,0,8,REGIONAL 5,MADIUN,TUBAN,MRR,,,2024-03-16 23:26:01,44839,2022,10,NON TITO,,,JAWA TIMUR,0.75,YELLOW,1230088155,AREA 3,JATIM,LAMONGAN,TUBAN BOJONEGORO,,,0,0,0,JAWA TIMUR,TUBAN,MERAKURAK,BOGOREJO,TUBAN
9339121848,,ODP-MRR-FAC/67,-6.885921,112.007798,,,2,6,0,0,8,REGIONAL 5,MADIUN,TUBAN,MRR,,,2024-03-16 23:26:47,44839,2022,10,NON TITO,,,JAWA TIMUR,0.75,YELLOW,1230088150,AREA 3,JATIM,LAMONGAN,TUBAN BOJONEGORO,,,0,0,0,JAWA TIMUR,TUBAN,TUBAN,SUMURGUNG,TUBAN
9339121843,,ODP-MRR-FAC/69,-6.884302,112.007935,,,3,5,0,0,8,REGIONAL 5,MADIUN,TUBAN,MRR,,,2024-03-16 23:26:53,44839,2022,10,NON TITO,,,JAWA TIMUR,0.625,YELLOW,1230088143,AREA 3,JATIM,LAMONGAN,TUBAN BOJONEGORO,,,0,0,0,JAWA TIMUR,TUBAN,TUBAN,SUMURGUNG,TUBAN
2252519143,,ODP-TNZ-FL/15,-6.900671,112.048334,,,3,5,0,0,8,REGIONAL 5,MADIUN,TUBAN,TNZ,,,2024-03-16 23:24:23,43151,2018,2,NON TITO,,,JAWA TIMUR,0.625,YELLOW,323893479,AREA 3,JATIM,LAMONGAN,TUBAN BOJONEGORO,,,0,0,0,JAWA TIMUR,TUBAN,TUBAN,SIDOREJO,TUBAN
2252519149,,ODP-TNZ-FS/13,-6.898863,112.065187,,,2,6,0,0,8,REGIONAL 5,MADIUN,TUBAN,TNZ,,,2024-03-16 23:24:15,43151,2018,2,NON TITO,,,JAWA TIMUR,0.75,YELLOW,323893483,AREA 3,JATIM,LAMONGAN,TUBAN BOJONEGORO,,,0,0,0,JAWA TIMUR,TUBAN,TUBAN,SENDANGHARJO,TUBAN
9339496352,,ODP-JTR-FH/08,-6.851984,111.653185,,,5,11,0,0,16,REGIONAL 5,MADIUN,TUBAN,JTR,,,2024-03-16 23:22:38,44838,2022,10,NON TITO,,,JAWA TIMUR,0.6875,YELLOW,1230076320,AREA 3,JATIM,LAMONGAN,TUBAN BOJONEGORO,,,0,0,0,JAWA TIMUR,TUBAN,JATIROGO,BESOWO,TUBAN
9339496331,,ODP-JTR-FH/04,-6.850392,111.63926,,,4,4,0,0,8,REGIONAL 5,MADIUN,TUBAN,JTR,,,2024-03-16 23:22:46,44838,2022,10,NON TITO,,,JAWA TIMUR,0.5,YELLOW,1230076304,AREA 3,JATIM,LAMONGAN,TUBAN BOJONEGORO,,,0,0,0,JAWA TIMUR,TUBAN,JATIROGO,KETODAN,TUBAN
9515072227,,ODP-MRR-FAC/72,-6.894005,112.008787,,,3,5,0,0,8,REGIONAL 5,MADIUN,TUBAN,MRR,,,2024-03-16 23:24:30,44882,2022,11,NON TITO,,,JAWA TIMUR,0.625,YELLOW,1250927005,AREA 3,JATIM,LAMONGAN,TUBAN BOJONEGORO,,,0,0,0,JAWA TIMUR,TUBAN,TUBAN,SUMURGUNG,TUBAN
2301118660,,ODP-JTR-FA/16,-6.971372,111.782758,,,4,4,0,0,8,REGIONAL 5,MADIUN,TUBAN,JTR,,,2024-03-16 23:24:21,43167,2018,3,NON TITO,,,JAWA TIMUR,0.5,YELLOW,324466138,AREA 3,JATIM,LAMONGAN,TUBAN BOJONEGORO,,,0,0,0,JAWA TIMUR,TUBAN,SINGGAHAN,MULYOAGUNG,TUBAN
9286919970,,ODP-BCR-FAC/59,-6.776261,111.712561,,,4,4,0,0,8,REGIONAL 5,MADIUN,TUBAN,BCR,,,2024-03-16 23:27:16,44824,2022,9,NON TITO,,,JAWA TIMUR,0.5,YELLOW,1226016401,AREA 3,JATIM,LAMONGAN,TUBAN BOJONEGORO,,,0,0,0,JAWA TIMUR,TUBAN,BANCAR,SUKOLILO,TUBAN
2469871041,,ODP-BCR-FAB/40,-6.744782,111.677207,,,4,4,0,0,8,REGIONAL 5,MADIUN,TUBAN,BCR,,,2024-03-16 23:23:43,43215,2018,4,NON TITO,,,JAWA TIMUR,0.5,YELLOW,353601414,AREA 3,JATIM,LAMONGAN,TUBAN BOJONEGORO,,,0,0,0,JAWA TENGAH,REMBANG,SARANG,TEMPERAK,TUBAN
2483445838,,ODP-BCR-FAB/34,-6.738615,111.670116,,,2,6,0,0,8,REGIONAL 5,MADIUN,TUBAN,BCR,,,2024-03-16 23:26:54,43222,2018,5,NON TITO,,,JAWA TIMUR,0.75,YELLOW,353657277,AREA 3,JATIM,LAMONGAN,TUBAN BOJONEGORO,,,0,0,0,JAWA TENGAH,REMBANG,SARANG,TEMPERAK,TUBAN
2481795541,,ODP-TNZ-FJ/31,-6.911412,112.134872,,,7,9,0,0,16,REGIONAL 5,MADIUN,TUBAN,TNZ,,,2024-03-16 23:23:46,43222,2018,5,NON TITO,,,JAWA TIMUR,0.5625,YELLOW,353658617,AREA 3,JATIM,LAMONGAN,TUBAN BOJONEGORO,,,0,0,0,JAWA TIMUR,TUBAN,PALANG,PUCANGAN,TUBAN
9207043963,,ODP-TNZ-FU/40,-6.867627,112.02648,,,2,6,0,0,8,REGIONAL 5,MADIUN,TUBAN,TNZ,,,2024-03-16 23:25:48,44805,2022,9,NON TITO,,,JAWA TIMUR,0.75,YELLOW,1220332632,AREA 3,JATIM,LAMONGAN,TUBAN BOJONEGORO,,,0,0,0,JAWA TIMUR,TUBAN,JENU,SUGIHWARAS,TUBAN
2481795551,,ODP-TNZ-FJ/42,-6.922252,112.154101,,,6,10,0,0,16,REGIONAL 5,MADIUN,TUBAN,TNZ,,,2024-03-16 23:24:34,43222,2018,5,NON TITO,,,JAWA TIMUR,0.625,YELLOW,353658620,AREA 3,JATIM,LAMONGAN,TUBAN BOJONEGORO,,,0,0,0,JAWA TIMUR,TUBAN,PALANG,LERAN KULON,TUBAN
2481795611,,ODP-TNZ-FV/45,-6.915105,112.051655,,,4,12,0,0,16,REGIONAL 5,MADIUN,TUBAN,TNZ,,,2024-03-16 23:24:41,43222,2018,5,NON TITO,,,JAWA TIMUR,0.75,YELLOW,353658640,AREA 3,JATIM,LAMONGAN,TUBAN BOJONEGORO,,,0,0,0,JAWA TIMUR,TUBAN,SEMANDING,TEGALAGUNG,TUBAN
2481795701,,ODP-TNZ-FH/49,-6.915216,112.063701,,,3,5,0,0,8,REGIONAL 5,MADIUN,TUBAN,TNZ,,,2024-03-16 23:24:36,43222,2018,5,NON TITO,,,JAWA TIMUR,0.625,YELLOW,353658668,AREA 3,JATIM,LAMONGAN,TUBAN BOJONEGORO,,,0,0,0,JAWA TIMUR,TUBAN,SEMANDING,BEJAGUNG,TUBAN
2481795915,,ODP-TNZ-FH/47,-6.917607,112.063439,,,7,9,0,0,16,REGIONAL 5,MADIUN,TUBAN,TNZ,,,2024-03-16 23:24:36,43222,2018,5,NON TITO,,,JAWA TIMUR,0.5625,YELLOW,353658732,AREA 3,JATIM,LAMONGAN,TUBAN BOJONEGORO,,,0,0,0,JAWA TIMUR,TUBAN,SEMANDING,BEJAGUNG,TUBAN
2481795935,,ODP-TNZ-FJ/45,-6.911851,112.153928,,,4,4,0,0,8,REGIONAL 5,MADIUN,TUBAN,TNZ,,,2024-03-16 23:24:01,43222,2018,5,NON TITO,,,JAWA TIMUR,0.5,YELLOW,353658738,AREA 3,JATIM,LAMONGAN,TUBAN BOJONEGORO,,,0,0,0,JAWA TIMUR,TUBAN,PALANG,LERAN KULON,TUBAN
9133093606,,ODP-MRR-FAB/89,-6.818653,111.962027,,,3,5,0,0,8,REGIONAL 5,MADIUN,TUBAN,MRR,,,2024-03-16 23:26:00,44791,2022,8,NON TITO,,,JAWA TIMUR,0.625,YELLOW,1206990730,AREA 3,JATIM,LAMONGAN,TUBAN BOJONEGORO,,,0,0,0,JAWA TIMUR,TUBAN,JENU,SUMURGENENG,TUBAN
2483445553,,ODP-BCR-FAB/31,-6.740579,111.668616,,,4,4,0,0,8,REGIONAL 5,MADIUN,TUBAN,BCR,,,2024-03-16 23:27:19,43222,2018,5,NON TITO,,,JAWA TIMUR,0.5,YELLOW,353720834,AREA 3,JATIM,LAMONGAN,TUBAN BOJONEGORO,,,0,0,0,JAWA TENGAH,REMBANG,SARANG,SENDANGMULYO,TUBAN
2483445833,,ODP-BCR-FAB/32,-6.739337,111.669419,,,4,4,0,0,8,REGIONAL 5,MADIUN,TUBAN,BCR,,,2024-03-16 23:26:43,43222,2018,5,NON TITO,,,JAWA TIMUR,0.5,YELLOW,353721024,AREA 3,JATIM,LAMONGAN,TUBAN BOJONEGORO,,,0,0,0,JAWA TENGAH,REMBANG,SARANG,SENDANGMULYO,TUBAN
2483446026,,ODP-BCR-FAB/30,-6.74194,111.667544,,,4,4,0,0,8,REGIONAL 5,MADIUN,TUBAN,BCR,,,2024-03-16 23:26:49,43222,2018,5,NON TITO,,,JAWA TIMUR,0.5,YELLOW,353721177,AREA 3,JATIM,LAMONGAN,TUBAN BOJONEGORO,,,0,0,0,JAWA TENGAH,REMBANG,SARANG,SENDANGMULYO,TUBAN
2481795466,,ODP-TNZ-FJ/34,-6.907297,112.148345,,,4,4,0,0,8,REGIONAL 5,MADIUN,TUBAN,TNZ,,,2024-03-16 23:24:27,43222,2018,5,NON TITO,,,JAWA TIMUR,0.5,YELLOW,353722712,AREA 3,JATIM,LAMONGAN,TUBAN BOJONEGORO,,,0,0,0,JAWA TIMUR,TUBAN,PALANG,LERAN KULON,TUBAN
9123943838,,ODP-TNZ-FW/28,-6.941158,112.048402,,,2,6,0,0,8,REGIONAL 5,MADIUN,TUBAN,TNZ,,,2024-03-16 23:22:46,44789,2022,8,NON TITO,,,JAWA TIMUR,0.75,YELLOW,1206975715,AREA 3,JATIM,LAMONGAN,TUBAN BOJONEGORO,,,0,0,0,JAWA TIMUR,TUBAN,SEMANDING,BEKTIHARJO,TUBAN
9123943833,,ODP-TNZ-FW/31,-6.934757,112.049333,,,2,6,0,0,8,REGIONAL 5,MADIUN,TUBAN,TNZ,,,2024-03-16 23:22:47,44789,2022,8,NON TITO,,,JAWA TIMUR,0.75,YELLOW,1206975711,AREA 3,JATIM,LAMONGAN,TUBAN BOJONEGORO,,,0,0,0,JAWA TIMUR,TUBAN,SEMANDING,BEKTIHARJO,TUBAN
9123943823,,ODP-TNZ-FW/30,-6.932646,112.04876,,,2,6,0,0,8,REGIONAL 5,MADIUN,TUBAN,TNZ,,,2024-03-16 23:21:08,44789,2022,8,NON TITO,,,JAWA TIMUR,0.75,YELLOW,1206975705,AREA 3,JATIM,LAMONGAN,TUBAN BOJONEGORO,,,0,0,0,JAWA TIMUR,TUBAN,SEMANDING,BEKTIHARJO,TUBAN
2481795546,,ODP-TNZ-FJ/33,-6.908474,112.14812,,,2,6,0,0,8,REGIONAL 5,MADIUN,TUBAN,TNZ,,,2024-03-16 23:24:23,43222,2018,5,NON TITO,,,JAWA TIMUR,0.75,YELLOW,353722734,AREA 3,JATIM,LAMONGAN,TUBAN BOJONEGORO,,,0,0,0,JAWA TIMUR,TUBAN,PALANG,LERAN KULON,TUBAN
9123943808,,ODP-TNZ-FW/20,-6.941984,112.03892,,,8,8,0,0,16,REGIONAL 5,MADIUN,TUBAN,TNZ,,,2024-03-16 23:21:08,44789,2022,8,NON TITO,,,JAWA TIMUR,0.5,YELLOW,1206975685,AREA 3,JATIM,LAMONGAN,TUBAN BOJONEGORO,,,0,0,0,JAWA TIMUR,TUBAN,SEMANDING,PRUNGGAHAN KULON,TUBAN
2469871025,,ODP-BCR-FAB/39,-6.745559,111.678317,,,2,6,0,0,8,REGIONAL 5,MADIUN,TUBAN,BCR,,,2024-03-16 23:23:47,43215,2018,4,NON TITO,,,JAWA TIMUR,0.75,YELLOW,353601401,AREA 3,JATIM,LAMONGAN,TUBAN BOJONEGORO,,,0,0,0,JAWA TENGAH,REMBANG,SARANG,TEMPERAK,TUBAN
2301118700,,ODP-JTR-FA/11,-6.972078,111.788228,,,2,6,0,0,8,REGIONAL 5,MADIUN,TUBAN,JTR,,,2024-03-16 23:24:29,43167,2018,3,NON TITO,,,JAWA TIMUR,0.75,YELLOW,324466190,AREA 3,JATIM,LAMONGAN,TUBAN BOJONEGORO,,,0,0,0,JAWA TIMUR,TUBAN,SINGGAHAN,MULYOAGUNG,TUBAN
9207044004,,ODP-TNZ-FU/46,-6.877624,112.038206,,,2,6,0,0,8,REGIONAL 5,MADIUN,TUBAN,TNZ,,,2024-03-16 23:26:46,44805,2022,9,NON TITO,,,JAWA TIMUR,0.75,YELLOW,1220332667,AREA 3,JATIM,LAMONGAN,TUBAN BOJONEGORO,,,0,0,0,JAWA TIMUR,TUBAN,TUBAN,PERBON,TUBAN
2469868827,,ODP-BCR-FAB/38,-6.746404,111.679578,,,3,5,0,0,8,REGIONAL 5,MADIUN,TUBAN,BCR,,,2024-03-16 23:22:24,43215,2018,4,NON TITO,,,JAWA TIMUR,0.625,YELLOW,353599992,AREA 3,JATIM,LAMONGAN,TUBAN BOJONEGORO,,,0,0,0,JAWA TENGAH,REMBANG,SARANG,TEMPERAK,TUBAN
2301118755,,ODP-JTR-FA/13,-6.967971,111.769838,,,5,11,0,0,16,REGIONAL 5,MADIUN,TUBAN,JTR,,,2024-03-16 23:24:20,43167,2018,3,NON TITO,,,JAWA TIMUR,0.6875,YELLOW,324466259,AREA 3,JATIM,LAMONGAN,TUBAN BOJONEGORO,,,0,0,0,JAWA TIMUR,TUBAN,SINGGAHAN,LAJO LOR,TUBAN
2301118900,,ODP-JTR-FA/14,-6.968697,111.775722,,,5,11,0,0,16,REGIONAL 5,MADIUN,TUBAN,JTR,,,2024-03-16 23:24:26,43167,2018,3,NON TITO,,,JAWA TIMUR,0.6875,YELLOW,324466433,AREA 3,JATIM,LAMONGAN,TUBAN BOJONEGORO,,,0,0,0,JAWA TIMUR,TUBAN,SINGGAHAN,MULYOAGUNG,TUBAN
9225118716,,ODP-MRR-FAE/19,-6.878424,111.984733,,,2,6,0,0,8,REGIONAL 5,MADIUN,TUBAN,MRR,,,2024-03-16 23:25:46,44809,2022,9,NON TITO,,,JAWA TIMUR,0.75,YELLOW,1220790866,AREA 3,JATIM,LAMONGAN,TUBAN BOJONEGORO,,,0,0,0,JAWA TIMUR,TUBAN,MERAKURAK,SAMBONGGEDE,TUBAN
9225118711,,ODP-MRR-FAE/13,-6.889667,111.986351,,,3,5,0,0,8,REGIONAL 5,MADIUN,TUBAN,MRR,,,2024-03-16 23:26:01,44809,2022,9,NON TITO,,,JAWA TIMUR,0.625,YELLOW,1220790860,AREA 3,JATIM,LAMONGAN,TUBAN BOJONEGORO,,,0,0,0,JAWA TIMUR,TUBAN,MERAKURAK,KAPU,TUBAN
9225118706,,ODP-MRR-FAE/16,-6.885238,111.981164,,,2,6,0,0,8,REGIONAL 5,MADIUN,TUBAN,MRR,,,2024-03-16 23:26:00,44809,2022,9,NON TITO,,,JAWA TIMUR,0.75,YELLOW,1220790844,AREA 3,JATIM,LAMONGAN,TUBAN BOJONEGORO,,,0,0,0,JAWA TIMUR,TUBAN,MERAKURAK,TUWIRI WETAN,TUBAN
2304869875,,ODP-TNZ-FK/38,-6.944829,112.100428,,,4,4,0,0,8,REGIONAL 5,MADIUN,TUBAN,TNZ,,,2024-03-16 23:28:33,43168,2018,3,NON TITO,,,JAWA TIMUR,0.5,YELLOW,324545277,AREA 3,JATIM,LAMONGAN,TUBAN BOJONEGORO,,,0,0,0,JAWA TIMUR,TUBAN,SEMANDING,TUNAH,TUBAN
2304869973,,ODP-TNZ-FK/50,-6.917994,112.089315,,,2,6,0,0,8,REGIONAL 5,MADIUN,TUBAN,TNZ,,,2024-03-16 23:28:35,43168,2018,3,NON TITO,,,JAWA TIMUR,0.75,YELLOW,324545309,AREA 3,JATIM,LAMONGAN,TUBAN BOJONEGORO,,,0,0,0,JAWA TIMUR,TUBAN,SEMANDING,GEDONGOMBO,TUBAN
2332469803,,ODP-TNZ-FD/93,-6.909013,112.075628,,,3,5,0,0,8,REGIONAL 5,MADIUN,TUBAN,TNZ,,,2024-03-16 23:26:45,43175,2018,3,NON TITO,,,JAWA TIMUR,0.625,YELLOW,333312559,AREA 3,JATIM,LAMONGAN,TUBAN BOJONEGORO,,,0,0,0,JAWA TIMUR,TUBAN,SEMANDING,GEDONGOMBO,TUBAN
9225118661,,ODP-MRR-FAE/17,-6.883715,111.982047,,,4,4,0,0,8,REGIONAL 5,MADIUN,TUBAN,MRR,,,2024-03-16 23:25:03,44809,2022,9,NON TITO,,,JAWA TIMUR,0.5,YELLOW,1220790770,AREA 3,JATIM,LAMONGAN,TUBAN BOJONEGORO,,,0,0,0,JAWA TIMUR,TUBAN,MERAKURAK,TUWIRI WETAN,TUBAN
9174348124,,ODP-TNZ-FAD/21,-6.929998,112.167371,,,7,9,0,0,16,REGIONAL 5,MADIUN,TUBAN,TNZ,,,2024-03-16 23:23:36,44808,2022,9,NON TITO,,,JAWA TIMUR,0.5625,YELLOW,1220785707,AREA 3,JATIM,LAMONGAN,TUBAN BOJONEGORO,,,0,0,0,JAWA TIMUR,TUBAN,PALANG,WANGUN,TUBAN
9174348114,,ODP-TNZ-FAD/13,-6.926422,112.179588,,,3,5,0,0,8,REGIONAL 5,MADIUN,TUBAN,TNZ,,,2024-03-16 23:23:50,44808,2022,9,NON TITO,,,JAWA TIMUR,0.625,YELLOW,1220785699,AREA 3,JATIM,LAMONGAN,TUBAN BOJONEGORO,,,0,0,0,JAWA TIMUR,TUBAN,PALANG,CEPOKOREJO,TUBAN
9174348108,,ODP-TNZ-FAD/26,-6.92433,112.155028,,,2,6,0,0,8,REGIONAL 5,MADIUN,TUBAN,TNZ,,,2024-03-16 23:23:53,44808,2022,9,NON TITO,,,JAWA TIMUR,0.75,YELLOW,1220785694,AREA 3,JATIM,LAMONGAN,TUBAN BOJONEGORO,,,0,0,0,JAWA TIMUR,TUBAN,PALANG,LERAN KULON,TUBAN
9174348103,,ODP-TNZ-FAD/14,-6.924625,112.179333,,,2,6,0,0,8,REGIONAL 5,MADIUN,TUBAN,TNZ,,,2024-03-16 23:23:49,44808,2022,9,NON TITO,,,JAWA TIMUR,0.75,YELLOW,1220785691,AREA 3,JATIM,LAMONGAN,TUBAN BOJONEGORO,,,0,0,0,JAWA TIMUR,TUBAN,PALANG,CEPOKOREJO,TUBAN
2418869074,,ODP-TNZ-FE/28,-6.90198,112.094723,,,7,9,0,0,16,REGIONAL 5,MADIUN,TUBAN,TNZ,,,2024-03-16 23:28:32,43200,2018,4,NON TITO,,,JAWA TIMUR,0.5625,YELLOW,333458359,AREA 3,JATIM,LAMONGAN,TUBAN BOJONEGORO,,,0,0,0,JAWA TIMUR,TUBAN,PALANG,TASIKMADU,TUBAN
2418869220,,ODP-TNZ-FE/26,-6.897414,112.097485,,,2,6,0,0,8,REGIONAL 5,MADIUN,TUBAN,TNZ,,,2024-03-16 23:26:52,43200,2018,4,NON TITO,,,JAWA TIMUR,0.75,YELLOW,333458402,AREA 3,JATIM,LAMONGAN,TUBAN BOJONEGORO,,,0,0,0,JAWA TIMUR,TUBAN,PALANG,TASIKMADU,TUBAN
9174348071,,ODP-TNZ-FAD/17,-6.920095,112.172357,,,2,6,0,0,8,REGIONAL 5,MADIUN,TUBAN,TNZ,,,2024-03-16 23:23:52,44808,2022,9,NON TITO,,,JAWA TIMUR,0.75,YELLOW,1220785660,AREA 3,JATIM,LAMONGAN,TUBAN BOJONEGORO,,,0,0,0,JAWA TIMUR,TUBAN,PALANG,CEPOKOREJO,TUBAN
2418868889,,ODP-TNZ-FE/27,-6.896182,112.0979,,,2,6,0,0,8,REGIONAL 5,MADIUN,TUBAN,TNZ,,,2024-03-16 23:28:32,43200,2018,4,NON TITO,,,JAWA TIMUR,0.75,YELLOW,333613858,AREA 3,JATIM,LAMONGAN,TUBAN BOJONEGORO,,,0,0,0,JAWA TIMUR,TUBAN,PALANG,TASIKMADU,TUBAN
2469869576,,ODP-BCR-FAB/35,-6.752256,111.687728,,,3,5,0,0,8,REGIONAL 5,MADIUN,TUBAN,BCR,,,2024-03-16 23:23:23,43215,2018,4,NON TITO,,,JAWA TIMUR,0.625,YELLOW,353304864,AREA 3,JATIM,LAMONGAN,TUBAN BOJONEGORO,,,0,0,0,JAWA TENGAH,REMBANG,SARANG,TEMPERAK,TUBAN
2469868816,,ODP-BCR-FAB/37,-6.748623,111.682682,,,2,6,0,0,8,REGIONAL 5,MADIUN,TUBAN,BCR,,,2024-03-16 23:23:20,43215,2018,4,NON TITO,,,JAWA TIMUR,0.75,YELLOW,353599984,AREA 3,JATIM,LAMONGAN,TUBAN BOJONEGORO,,,0,0,0,JAWA TENGAH,REMBANG,SARANG,TEMPERAK,TUBAN
9207044009,,ODP-TNZ-FU/41,-6.870508,112.029366,,,5,11,0,0,16,REGIONAL 5,MADIUN,TUBAN,TNZ,,,2024-03-16 23:25:11,44805,2022,9,NON TITO,,,JAWA TIMUR,0.6875,YELLOW,1220332670,AREA 3,JATIM,LAMONGAN,TUBAN BOJONEGORO,,,0,0,0,JAWA TIMUR,TUBAN,JENU,SUGIHWARAS,TUBAN
9546045282,,ODP-JTR-FH/09,-6.849188,111.666437,,,5,11,0,0,16,REGIONAL 5,MADIUN,TUBAN,JTR,,,2023-08-30 17:57:50,44882,2022,11,NON TITO,,,JAWA TIMUR,0.6875,YELLOW,1250925832,AREA 3,JATIM,LAMONGAN,TUBAN BOJONEGORO,,,0,0,0,JAWA TIMUR,TUBAN,JATIROGO,BESOWO,TUBAN
