DEVICE ID,ODP INDEX,ODP NAME,LATITUDE,LONGITUDE,CLUSNAME,CLUSTERSATATUS,AVAI,USED,RSV,RSK,IS TOTAL,Telkom Regional,Telkom Witel,Telkom Datel,Telkom STO,Telkom STO Deskripsi,ODP INFO,UPDATE DATE,TGL GOLIVE,TAHUN ODP,BULAN ODP,KATEGORI,NAMA PROYEK,KABUPATEN KOTA,PROVINSI,OCC 1,OCC 2,ID ODP,Telkomsel Area,Telkomsel Regional,Telkomsel Branch,Telkomsel Cluster,Validasi STO,Validasi ODC,Jarak ODP ke ODC (Meter),Jarak ODC ke STO (Meter),Jarak ODP ke STO (Meter),Validasi Provinsi,Validasi Kabupaten Kota,Validasi Kecamatan,Validasi Kelurahan,Telda
12043993561,,ODP-SMJ-FK/47,-7.250434,112.086474,,,8,0,0,0,8,REGIONAL 5,MADIUN,BOJONEGORO,SMJ,,,2025-01-31 17:55:19,45687,2025,1,NON TITO,,,JAWA TIMUR,0.0,BLACK,1495872251,AREA 3,JATIM,LAMONGAN,TUBAN BOJONEGORO,,,0,0,0,JAWA TIMUR,LAMONGAN,MODO,JEGREG,BOJONEGORO
12383443556,,ODP-BJN-FP/104,-7.162514,111.862985,,,8,0,0,0,8,REGIONAL 5,MADIUN,BOJONEGORO,BJN,,,2025-09-23 17:31:50,45922,2025,9,NON TITO,,,JAWA TIMUR,0.0,BLACK,1501073613,AREA 3,JATIM,LAMONGAN,TUBAN BOJONEGORO,,,0,0,0,JAWA TIMUR,BOJONEGORO,TRUCUK,TULUNGREJO,BOJONEGORO
12383443541,,ODP-BJN-FP/103,-7.162617,111.861955,,,8,0,0,0,8,REGIONAL 5,MADIUN,BOJONEGORO,BJN,,,2025-09-23 17:30:32,45922,2025,9,NON TITO,,,JAWA TIMUR,0.0,BLACK,1501073600,AREA 3,JATIM,LAMONGAN,TUBAN BOJONEGORO,,,0,0,0,JAWA TIMUR,BOJONEGORO,TRUCUK,TULUNGREJO,BOJONEGORO
12377219895,,ODP-PAZ-FJ/16,-7.238977,111.685221,,,8,0,0,0,8,REGIONAL 5,MADIUN,BOJONEGORO,PAD,,,2025-09-17 17:40:51,45916,2025,9,NON TITO,,,JAWA TIMUR,0.0,BLACK,1501101048,AREA 3,JATIM,LAMONGAN,TUBAN BOJONEGORO,,,0,0,0,JAWA TIMUR,BOJONEGORO,PURWOSARI,KALIOMBO,BOJONEGORO
12329668717,,ODP-PAZ-FG/12,-7.246376,111.704507,,,8,0,0,0,8,REGIONAL 5,MADIUN,BOJONEGORO,PAD,,,2025-08-26 17:33:40,45894,2025,8,NON TITO,,,JAWA TIMUR,0.0,BLACK,1500650043,AREA 3,JATIM,LAMONGAN,TUBAN BOJONEGORO,,,0,0,0,JAWA TIMUR,BOJONEGORO,PURWOSARI,PELEM,BOJONEGORO
408518717,,ODP-BJN-F09/02,-7.148367,112.899286,,,13,0,0,0,16,REGIONAL 5,MADIUN,BOJONEGORO,BJN,,,2024-03-16 23:23:47,42506,2016,5,NON TITO,,,JAWA TIMUR,0.0,BLACK,25409588,AREA 3,JATIM,LAMONGAN,TUBAN BOJONEGORO,,,0,0,0,JAWA TIMUR,BANGKALAN,KWANYAR,PANDANAN,BOJONEGORO
9469395443,,ODP-PAZ-FT/01,-7.277246,111.584159,,,8,0,0,0,8,REGIONAL 5,MADIUN,BOJONEGORO,PAD,,,2024-03-16 23:26:17,44865,2022,10,NON TITO,,,JAWA TIMUR,0.0,BLACK,1248001129,AREA 3,JATIM,LAMONGAN,TUBAN BOJONEGORO,,,0,0,0,JAWA TIMUR,BOJONEGORO,TAMBAKREJO,JATIMULYO,BOJONEGORO
12329668675,,ODP-PAZ-FB/42,-7.173552,111.712948,,,8,0,0,0,8,REGIONAL 5,MADIUN,BOJONEGORO,PAD,,,2025-08-26 17:33:23,45894,2025,8,NON TITO,,,JAWA TIMUR,0.0,BLACK,1500650017,AREA 3,JATIM,LAMONGAN,TUBAN BOJONEGORO,,,0,0,0,JAWA TIMUR,BOJONEGORO,GAYAM,GAYAM,BOJONEGORO
12107894527,,ODP-KDU-FA/76,-7.118672,111.748957,,,8,0,0,0,8,REGIONAL 5,MADIUN,BOJONEGORO,KDU,,,2025-04-21 23:48:39,45768,2025,4,NON TITO,,,JAWA TIMUR,0.0,BLACK,1497354720,AREA 3,JATIM,LAMONGAN,TUBAN BOJONEGORO,,,0,0,0,JAWA TIMUR,BOJONEGORO,KALITIDU,TALOK,BOJONEGORO
12086818588,,ODP-SMJ-FP/03,-7.300435,111.969007,,,8,0,0,0,8,REGIONAL 5,MADIUN,BOJONEGORO,SMJ,,,2025-03-18 17:39:55,45734,2025,3,NON TITO,,,JAWA TIMUR,0.0,BLACK,1496340886,AREA 3,JATIM,LAMONGAN,TUBAN BOJONEGORO,,,0,0,0,JAWA TIMUR,BOJONEGORO,SUGIHWARAS,TRATE,BOJONEGORO
12107894532,,ODP-KDU-FA/78,-7.123419,111.750071,,,8,0,0,0,8,REGIONAL 5,MADIUN,BOJONEGORO,KDU,,,2025-04-21 23:48:43,45768,2025,4,NON TITO,,,JAWA TIMUR,0.0,BLACK,1497354724,AREA 3,JATIM,LAMONGAN,TUBAN BOJONEGORO,,,0,0,0,JAWA TIMUR,BOJONEGORO,KALITIDU,TALOK,BOJONEGORO
12316168786,,ODP-PAZ-FJ/15,-7.19912,111.683799,,,8,0,0,0,8,REGIONAL 5,MADIUN,BOJONEGORO,PAD,,,2025-08-25 23:23:07,45890,2025,8,NON TITO,,,JAWA TIMUR,0.0,BLACK,1500485665,AREA 3,JATIM,LAMONGAN,TUBAN BOJONEGORO,,,0,0,0,JAWA TIMUR,BOJONEGORO,PURWOSARI,PUNGGUR,BOJONEGORO
12118243754,,ODP-PAZ-FN/33,-7.306305,111.736412,,,8,0,0,0,8,REGIONAL 5,MADIUN,BOJONEGORO,PAD,,,2025-04-24 17:49:06,45770,2025,4,NON TITO,,,JAWA TIMUR,0.0,BLACK,1497305832,AREA 3,JATIM,LAMONGAN,TUBAN BOJONEGORO,,,0,0,0,JAWA TIMUR,BOJONEGORO,NGAMBON,KARANGMANGU,BOJONEGORO
12122219605,,ODP-PAZ-FN/40,-7.278446,111.730553,,,8,0,0,0,8,REGIONAL 5,MADIUN,BOJONEGORO,PAD,,,2025-04-30 17:55:38,45776,2025,4,NON TITO,,,JAWA TIMUR,0.0,BLACK,1497402214,AREA 3,JATIM,LAMONGAN,TUBAN BOJONEGORO,,,0,0,0,JAWA TIMUR,BOJONEGORO,NGASEM,MEDIYUNAN,BOJONEGORO
12122219610,,ODP-PAZ-FN/42,-7.283153,111.730365,,,8,0,0,0,8,REGIONAL 5,MADIUN,BOJONEGORO,PAD,,,2025-04-30 17:56:05,45776,2025,4,NON TITO,,,JAWA TIMUR,0.0,BLACK,1497402217,AREA 3,JATIM,LAMONGAN,TUBAN BOJONEGORO,,,0,0,0,JAWA TIMUR,BOJONEGORO,NGASEM,MEDIYUNAN,BOJONEGORO
12122219615,,ODP-PAZ-FN/39,-7.275681,111.730419,,,8,0,0,0,8,REGIONAL 5,MADIUN,BOJONEGORO,PAD,,,2025-04-30 17:56:51,45776,2025,4,NON TITO,,,JAWA TIMUR,0.0,BLACK,1497402220,AREA 3,JATIM,LAMONGAN,TUBAN BOJONEGORO,,,0,0,0,JAWA TIMUR,BOJONEGORO,NGASEM,MEDIYUNAN,BOJONEGORO
12305145214,,ODP-BJN-FL/127,-7.141034,111.856269,,,8,0,0,0,8,REGIONAL 5,MADIUN,BOJONEGORO,BJN,,,2025-08-21 06:30:20,45889,2025,8,NON TITO,,,JAWA TIMUR,0.0,BLACK,1500484242,AREA 3,JATIM,LAMONGAN,TUBAN BOJONEGORO,,,0,0,0,JAWA TIMUR,BOJONEGORO,DANDER,NGABLAK,BOJONEGORO
6350369851,,ODP-BJN-FBL/24,-7.328776,111.88456,,,8,0,0,0,8,REGIONAL 5,MADIUN,BOJONEGORO,BJN,,,2024-03-16 23:24:16,44309,2021,4,NON TITO,,,JAWA TIMUR,0.0,BLACK,873429048,AREA 3,JATIM,LAMONGAN,TUBAN BOJONEGORO,,,0,0,0,JAWA TIMUR,BOJONEGORO,BUBULAN,NGOROGUNUNG,BOJONEGORO
12305145203,,ODP-BJN-FL/129,-7.147628,111.857375,,,8,0,0,0,8,REGIONAL 5,MADIUN,BOJONEGORO,BJN,,,2025-08-21 06:27:47,45889,2025,8,NON TITO,,,JAWA TIMUR,0.0,BLACK,1500484234,AREA 3,JATIM,LAMONGAN,TUBAN BOJONEGORO,,,0,0,0,JAWA TIMUR,BOJONEGORO,DANDER,NGABLAK,BOJONEGORO
12321119570,,ODP-PAZ-FP/47,-7.123985,111.622036,,,8,0,0,0,8,REGIONAL 5,MADIUN,BOJONEGORO,PAD,,,2025-08-25 23:23:00,45894,2025,8,NON TITO,,,JAWA TIMUR,0.0,BLACK,1500613174,AREA 3,JATIM,LAMONGAN,TUBAN BOJONEGORO,,,0,0,0,JAWA TIMUR,BOJONEGORO,KASIMAN,SAMBENG,BOJONEGORO
12122219625,,ODP-PAZ-FN/43,-7.28525,111.730835,,,8,0,0,0,8,REGIONAL 5,MADIUN,BOJONEGORO,PAD,,,2025-04-30 17:55:45,45776,2025,4,NON TITO,,,JAWA TIMUR,0.0,BLACK,1497402243,AREA 3,JATIM,LAMONGAN,TUBAN BOJONEGORO,,,0,0,0,JAWA TIMUR,BOJONEGORO,NGASEM,MEDIYUNAN,BOJONEGORO
12387193545,,ODP-BJN-FU/104,-7.19773,111.867698,,,8,0,0,0,8,REGIONAL 5,MADIUN,BOJONEGORO,BJN,,,2025-09-23 17:30:58,45919,2025,9,NON TITO,,,JAWA TIMUR,0.0,BLACK,1501161497,AREA 3,JATIM,LAMONGAN,TUBAN BOJONEGORO,,,0,0,0,JAWA TIMUR,BOJONEGORO,DANDER,NGUMPAK DALEM,BOJONEGORO
12398743587,,ODP-PAZ-FD/78,-7.235996,111.531415,,,8,0,0,0,8,REGIONAL 5,MADIUN,BOJONEGORO,PAD,,,2025-09-25 17:48:53,45924,2025,9,NON TITO,,,JAWA TIMUR,0.0,BLACK,1501083229,AREA 3,JATIM,LAMONGAN,TUBAN BOJONEGORO,,,0,0,0,JAWA TIMUR,BOJONEGORO,NGRAHO,TAPELAN,BOJONEGORO
12025170409,,ODP-SMJ-FE/57,-7.28787,112.017313,,,8,0,0,0,8,REGIONAL 5,MADIUN,BOJONEGORO,SMJ,,,2024-12-28 17:33:18,45653,2024,12,NON TITO,,,JAWA TIMUR,0.0,BLACK,1495552037,AREA 3,JATIM,LAMONGAN,TUBAN BOJONEGORO,,,0,0,0,JAWA TIMUR,BOJONEGORO,KEDUNGADEM,MEGALE,BOJONEGORO
12427319701,,ODP-PAZ-FT/38,-7.242785,111.596355,,,8,0,0,0,8,REGIONAL 5,MADIUN,BOJONEGORO,PAD,,,2025-10-10 17:50:44,45939,2025,10,NON TITO,,,JAWA TIMUR,0.0,BLACK,1501926467,AREA 3,JATIM,LAMONGAN,TUBAN BOJONEGORO,,,0,0,0,JAWA TIMUR,BOJONEGORO,TAMBAKREJO,TANJUNG,BOJONEGORO
12427319696,,ODP-PAZ-FT/40,-7.252876,111.604701,,,8,0,0,0,8,REGIONAL 5,MADIUN,BOJONEGORO,PAD,,,2025-10-10 17:48:47,45939,2025,10,NON TITO,,,JAWA TIMUR,0.0,BLACK,1501926463,AREA 3,JATIM,LAMONGAN,TUBAN BOJONEGORO,,,0,0,0,JAWA TIMUR,BOJONEGORO,TAMBAKREJO,JAWIK,BOJONEGORO
12432193562,,ODP-BJN-FBD/48,-7.136341,111.885729,,,8,0,0,0,8,REGIONAL 5,MADIUN,BOJONEGORO,BJN,,,2025-10-09 17:34:31,45939,2025,10,NON TITO,,,JAWA TIMUR,0.0,BLACK,1501995839,AREA 3,JATIM,LAMONGAN,TUBAN BOJONEGORO,,,0,0,0,JAWA TIMUR,BOJONEGORO,TRUCUK,BANJARSARI,BOJONEGORO
12432193552,,ODP-BJN-FBD/49,-7.136427,111.881416,,,8,0,0,0,8,REGIONAL 5,MADIUN,BOJONEGORO,BJN,,,2025-10-09 17:35:21,45939,2025,10,NON TITO,,,JAWA TIMUR,0.0,BLACK,1501995833,AREA 3,JATIM,LAMONGAN,TUBAN BOJONEGORO,,,0,0,0,JAWA TIMUR,BOJONEGORO,TRUCUK,BANJARSARI,BOJONEGORO
12430843657,,ODP-PAZ-FU/12,-7.25321,111.516731,,,8,0,0,0,8,REGIONAL 5,MADIUN,BOJONEGORO,PAD,,,2025-10-09 17:34:50,45938,2025,10,NON TITO,,,JAWA TIMUR,0.0,BLACK,1501921990,AREA 3,JATIM,LAMONGAN,TUBAN BOJONEGORO,,,0,0,0,JAWA TIMUR,BOJONEGORO,NGRAHO,MOJOREJO,BOJONEGORO
3215295366,,ODP-SMJ-FH/03,-7.237762,112.041533,,,8,0,0,0,8,REGIONAL 5,MADIUN,BOJONEGORO,SMJ,,,2024-03-16 23:29:06,43479,2019,1,NON TITO,,,JAWA TIMUR,0.0,BLACK,451587653,AREA 3,JATIM,LAMONGAN,TUBAN BOJONEGORO,,,0,0,0,JAWA TIMUR,BOJONEGORO,SUMBEREJO,BANJARJO,BOJONEGORO
12418694713,,ODP-KDU-FB/59,-7.17695,111.754618,,,8,0,0,0,8,REGIONAL 5,MADIUN,BOJONEGORO,KDU,,,2025-10-06 23:53:05,45936,2025,10,NON TITO,,,JAWA TIMUR,0.0,BLACK,1501675097,AREA 3,JATIM,LAMONGAN,TUBAN BOJONEGORO,,,0,0,0,JAWA TIMUR,BOJONEGORO,NGASEM,JELU,BOJONEGORO
12086818578,,ODP-SMJ-FP/04,-7.301489,111.968789,,,8,0,0,0,8,REGIONAL 5,MADIUN,BOJONEGORO,SMJ,,,2025-03-18 17:39:39,45734,2025,3,NON TITO,,,JAWA TIMUR,0.0,BLACK,1496340879,AREA 3,JATIM,LAMONGAN,TUBAN BOJONEGORO,,,0,0,0,JAWA TIMUR,BOJONEGORO,SUGIHWARAS,TRATE,BOJONEGORO
12417344607,,ODP-SMJ-FJ/46,-7.323971,111.975792,,,8,0,0,0,8,REGIONAL 5,MADIUN,BOJONEGORO,SMJ,,,2025-10-06 23:52:58,45936,2025,10,NON TITO,,,JAWA TIMUR,0.0,BLACK,1501674910,AREA 3,JATIM,LAMONGAN,TUBAN BOJONEGORO,,,0,0,0,JAWA TIMUR,BOJONEGORO,SUGIHWARAS,PANUNGGALAN,BOJONEGORO
12417043714,,ODP-PAZ-FT/33,-7.2407,111.59619,,,8,0,0,0,8,REGIONAL 5,MADIUN,BOJONEGORO,PAD,,,2025-10-04 17:48:13,45933,2025,10,NON TITO,,,JAWA TIMUR,0.0,BLACK,1501659794,AREA 3,JATIM,LAMONGAN,TUBAN BOJONEGORO,,,0,0,0,JAWA TIMUR,BOJONEGORO,TAMBAKREJO,TANJUNG,BOJONEGORO
9062593911,,ODP-PAZ-FM/15,-7.218294,111.706452,,,8,0,0,0,8,REGIONAL 5,MADIUN,BOJONEGORO,PAD,,,2024-03-16 23:27:25,44768,2022,7,NON TITO,,,JAWA TIMUR,0.0,BLACK,1203836733,AREA 3,JATIM,LAMONGAN,TUBAN BOJONEGORO,,,0,0,0,JAWA TIMUR,BOJONEGORO,PURWOSARI,NGREJENG,BOJONEGORO
12041143658,,ODP-SMJ-FJ/41,-7.320798,111.979572,,,8,0,0,0,8,REGIONAL 5,MADIUN,BOJONEGORO,SMJ,,,2025-01-31 00:03:50,45687,2025,1,NON TITO,,,JAWA TIMUR,0.0,BLACK,1495979685,AREA 3,JATIM,LAMONGAN,TUBAN BOJONEGORO,,,0,0,0,JAWA TIMUR,BOJONEGORO,SUGIHWARAS,PANUNGGALAN,BOJONEGORO
12407594257,,ODP-PAZ-FC/76,-7.157032,111.624392,,,8,0,0,0,8,REGIONAL 5,MADIUN,BOJONEGORO,PAD,,,2025-10-02 17:39:57,45931,2025,10,NON TITO,,,JAWA TIMUR,0.0,BLACK,1501852358,AREA 3,JATIM,LAMONGAN,TUBAN BOJONEGORO,,,0,0,0,JAWA TIMUR,BOJONEGORO,PADANGAN,KUNCEN,BOJONEGORO
10019218563,,ODP-SMJ-FE/50,-7.333321,112.077157,,,8,0,0,0,8,REGIONAL 5,MADIUN,BOJONEGORO,SMJ,,,2024-03-16 23:26:26,45006,2023,3,NON TITO,,,JAWA TIMUR,0.0,BLACK,1279961221,AREA 3,JATIM,LAMONGAN,TUBAN BOJONEGORO,,,0,0,0,JAWA TIMUR,LAMONGAN,SUKORAME,SEMBUNG,BOJONEGORO
12403619308,,ODP-KDU-FE/22,-7.147032,111.831858,,,8,0,0,0,8,REGIONAL 5,MADIUN,BOJONEGORO,KDU,,,2025-09-28 18:09:48,45927,2025,9,NON TITO,,,JAWA TIMUR,0.0,BLACK,1501630943,AREA 3,JATIM,LAMONGAN,TUBAN BOJONEGORO,,,0,0,0,JAWA TIMUR,BOJONEGORO,KALITIDU,LERAN,BOJONEGORO
12403619298,,ODP-KDU-FE/23,-7.146924,111.831132,,,8,0,0,0,8,REGIONAL 5,MADIUN,BOJONEGORO,KDU,,,2025-09-28 18:10:16,45927,2025,9,NON TITO,,,JAWA TIMUR,0.0,BLACK,1501630937,AREA 3,JATIM,LAMONGAN,TUBAN BOJONEGORO,,,0,0,0,JAWA TIMUR,BOJONEGORO,KALITIDU,LERAN,BOJONEGORO
12407218544,,ODP-BJN-FBB/21,-7.246886,111.933166,,,8,0,0,0,8,REGIONAL 5,MADIUN,BOJONEGORO,BJN,,,2025-09-27 18:01:07,45926,2025,9,NON TITO,,,JAWA TIMUR,0.0,BLACK,1501624543,AREA 3,JATIM,LAMONGAN,TUBAN BOJONEGORO,,,0,0,0,JAWA TIMUR,BOJONEGORO,SUKOSEWU,SUKOSEWU,BOJONEGORO
12417269529,,ODP-SMJ-FJ/45,-7.312391,111.971725,,,8,0,0,0,8,REGIONAL 5,MADIUN,BOJONEGORO,SMJ,,,2025-10-06 23:53:09,45936,2025,10,NON TITO,,,JAWA TIMUR,0.0,BLACK,1501674381,AREA 3,JATIM,LAMONGAN,TUBAN BOJONEGORO,,,0,0,0,JAWA TIMUR,BOJONEGORO,SUGIHWARAS,BULU,BOJONEGORO
12305145193,,ODP-BJN-FL/131,-7.153224,111.857217,,,8,0,0,0,8,REGIONAL 5,MADIUN,BOJONEGORO,BJN,,,2025-08-21 06:30:24,45889,2025,8,NON TITO,,,JAWA TIMUR,0.0,BLACK,1500484228,AREA 3,JATIM,LAMONGAN,TUBAN BOJONEGORO,,,0,0,0,JAWA TIMUR,BOJONEGORO,DANDER,NGABLAK,BOJONEGORO
12305145188,,ODP-BJN-FL/132,-7.159281,111.85605,,,8,0,0,0,8,REGIONAL 5,MADIUN,BOJONEGORO,BJN,,,2025-08-21 06:30:29,45889,2025,8,NON TITO,,,JAWA TIMUR,0.0,BLACK,1500484225,AREA 3,JATIM,LAMONGAN,TUBAN BOJONEGORO,,,0,0,0,JAWA TIMUR,BOJONEGORO,TRUCUK,TULUNGREJO,BOJONEGORO
12305145183,,ODP-BJN-FL/133,-7.161354,111.854553,,,8,0,0,0,8,REGIONAL 5,MADIUN,BOJONEGORO,BJN,,,2025-08-21 06:30:15,45889,2025,8,NON TITO,,,JAWA TIMUR,0.0,BLACK,1500484222,AREA 3,JATIM,LAMONGAN,TUBAN BOJONEGORO,,,0,0,0,JAWA TIMUR,BOJONEGORO,TRUCUK,TULUNGREJO,BOJONEGORO
12248144491,,ODP-PAZ-FT/28,-7.271177,111.620399,,,8,0,0,0,8,REGIONAL 5,MADIUN,BOJONEGORO,PAD,,,2025-07-08 17:56:13,45845,2025,7,NON TITO,,,JAWA TIMUR,0.0,BLACK,1499581818,AREA 3,JATIM,LAMONGAN,TUBAN BOJONEGORO,,,0,0,0,JAWA TIMUR,BOJONEGORO,TAMBAKREJO,TAMBAKREJO,BOJONEGORO
12248144486,,ODP-PAZ-FT/29,-7.269389,111.620297,,,8,0,0,0,8,REGIONAL 5,MADIUN,BOJONEGORO,PAD,,,2025-07-08 17:57:24,45845,2025,7,NON TITO,,,JAWA TIMUR,0.0,BLACK,1499581815,AREA 3,JATIM,LAMONGAN,TUBAN BOJONEGORO,,,0,0,0,JAWA TIMUR,BOJONEGORO,TAMBAKREJO,TAMBAKREJO,BOJONEGORO
12248144481,,ODP-PAZ-FT/27,-7.291965,111.596163,,,8,0,0,0,8,REGIONAL 5,MADIUN,BOJONEGORO,PAD,,,2025-07-08 17:59:40,45845,2025,7,NON TITO,,,JAWA TIMUR,0.0,BLACK,1499581809,AREA 3,JATIM,LAMONGAN,TUBAN BOJONEGORO,,,0,0,0,JAWA TIMUR,BOJONEGORO,TAMBAKREJO,NAPIS,BOJONEGORO
12196468950,,ODP-BJN-FBL/39,-7.322205,111.920574,,,8,0,0,0,8,REGIONAL 5,MADIUN,BOJONEGORO,BJN,,,2025-06-06 17:49:34,45813,2025,6,NON TITO,,,JAWA TIMUR,0.0,BLACK,1499254416,AREA 3,JATIM,LAMONGAN,TUBAN BOJONEGORO,,,0,0,0,JAWA TIMUR,BOJONEGORO,TEMAYANG,PANDANTOYO,BOJONEGORO
12196468955,,ODP-BJN-FBL/40,-7.319324,111.921057,,,8,0,0,0,8,REGIONAL 5,MADIUN,BOJONEGORO,BJN,,,2025-06-06 17:49:30,45813,2025,6,NON TITO,,,JAWA TIMUR,0.0,BLACK,1499254420,AREA 3,JATIM,LAMONGAN,TUBAN BOJONEGORO,,,0,0,0,JAWA TIMUR,BOJONEGORO,TEMAYANG,PANDANTOYO,BOJONEGORO
12248144466,,ODP-PAZ-FT/22,-7.272209,111.585099,,,8,0,0,0,8,REGIONAL 5,MADIUN,BOJONEGORO,PAD,,,2025-07-08 18:01:17,45845,2025,7,NON TITO,,,JAWA TIMUR,0.0,BLACK,1499581798,AREA 3,JATIM,LAMONGAN,TUBAN BOJONEGORO,,,0,0,0,JAWA TIMUR,BOJONEGORO,TAMBAKREJO,SUKOREJO,BOJONEGORO
12248144461,,ODP-PAZ-FT/26,-7.295103,111.593627,,,8,0,0,0,8,REGIONAL 5,MADIUN,BOJONEGORO,PAD,,,2025-07-08 18:01:06,45845,2025,7,NON TITO,,,JAWA TIMUR,0.0,BLACK,1499581795,AREA 3,JATIM,LAMONGAN,TUBAN BOJONEGORO,,,0,0,0,JAWA TIMUR,BOJONEGORO,TAMBAKREJO,NAPIS,BOJONEGORO
408590387,,ODP-BJN-F15/02,-7.1274,111.8746,,,16,0,0,0,16,REGIONAL 5,MADIUN,BOJONEGORO,BJN,,,2024-03-16 23:24:29,42506,2016,5,NON TITO,,,JAWA TIMUR,0.0,BLACK,25482292,AREA 3,JATIM,LAMONGAN,TUBAN BOJONEGORO,,,0,0,0,JAWA TIMUR,TUBAN,PARENGAN,SENDANGREJO,BOJONEGORO
12248144496,,ODP-PAZ-FT/25,-7.234913,111.592164,,,8,0,0,0,8,REGIONAL 5,MADIUN,BOJONEGORO,PAD,,,2025-07-08 18:01:06,45845,2025,7,NON TITO,,,JAWA TIMUR,0.0,BLACK,1499581822,AREA 3,JATIM,LAMONGAN,TUBAN BOJONEGORO,,,0,0,0,JAWA TIMUR,BOJONEGORO,TAMBAKREJO,PENGKOL,BOJONEGORO
12209669331,,ODP-BJN-FBP/66,-7.252914,111.845521,,,8,0,0,0,8,REGIONAL 5,MADIUN,BOJONEGORO,BJN,,,2025-06-13 17:53:17,45820,2025,6,NON TITO,,,JAWA TIMUR,0.0,BLACK,1499326799,AREA 3,JATIM,LAMONGAN,TUBAN BOJONEGORO,,,0,0,0,JAWA TIMUR,BOJONEGORO,DANDER,DANDER,BOJONEGORO
12209669336,,ODP-BJN-FBP/65,-7.252763,111.84333,,,8,0,0,0,8,REGIONAL 5,MADIUN,BOJONEGORO,BJN,,,2025-06-13 17:53:36,45820,2025,6,NON TITO,,,JAWA TIMUR,0.0,BLACK,1499326803,AREA 3,JATIM,LAMONGAN,TUBAN BOJONEGORO,,,0,0,0,JAWA TIMUR,BOJONEGORO,DANDER,DANDER,BOJONEGORO
9122518596,,ODP-BJN-FBJ/87,-7.242207,111.868725,,,8,0,0,0,8,REGIONAL 5,MADIUN,BOJONEGORO,BJN,,,2024-03-16 23:26:27,44790,2022,8,NON TITO,,,JAWA TIMUR,0.0,BLACK,1206979323,AREA 3,JATIM,LAMONGAN,TUBAN BOJONEGORO,,,0,0,0,JAWA TIMUR,BOJONEGORO,DANDER,NGRASEH,BOJONEGORO
9122518591,,ODP-BJN-FBJ/88,-7.239112,111.868098,,,8,0,0,0,8,REGIONAL 5,MADIUN,BOJONEGORO,BJN,,,2024-03-16 23:26:31,44790,2022,8,NON TITO,,,JAWA TIMUR,0.0,BLACK,1206979320,AREA 3,JATIM,LAMONGAN,TUBAN BOJONEGORO,,,0,0,0,JAWA TIMUR,BOJONEGORO,DANDER,NGRASEH,BOJONEGORO
12223395978,,ODP-PAZ-FD/71,-7.235114,111.54125,,,8,0,0,0,8,REGIONAL 5,MADIUN,BOJONEGORO,PAD,,,2025-06-25 17:50:45,45832,2025,6,NON TITO,,,JAWA TIMUR,0.0,BLACK,1499428699,AREA 3,JATIM,LAMONGAN,TUBAN BOJONEGORO,,,0,0,0,JAWA TIMUR,BOJONEGORO,NGRAHO,TAPELAN,BOJONEGORO
12209669361,,ODP-BJN-FBP/62,-7.255144,111.84873,,,8,0,0,0,8,REGIONAL 5,MADIUN,BOJONEGORO,BJN,,,2025-06-13 17:54:06,45820,2025,6,NON TITO,,,JAWA TIMUR,0.0,BLACK,1499326820,AREA 3,JATIM,LAMONGAN,TUBAN BOJONEGORO,,,0,0,0,JAWA TIMUR,BOJONEGORO,DANDER,DANDER,BOJONEGORO
12209669366,,ODP-BJN-FBP/61,-7.255915,111.850173,,,8,0,0,0,8,REGIONAL 5,MADIUN,BOJONEGORO,BJN,,,2025-06-13 17:54:05,45820,2025,6,NON TITO,,,JAWA TIMUR,0.0,BLACK,1499326823,AREA 3,JATIM,LAMONGAN,TUBAN BOJONEGORO,,,0,0,0,JAWA TIMUR,BOJONEGORO,DANDER,GROWOK,BOJONEGORO
12209669371,,ODP-BJN-FBP/59,-7.256611,111.851587,,,8,0,0,0,8,REGIONAL 5,MADIUN,BOJONEGORO,BJN,,,2025-06-13 17:52:05,45820,2025,6,NON TITO,,,JAWA TIMUR,0.0,BLACK,1499326828,AREA 3,JATIM,LAMONGAN,TUBAN BOJONEGORO,,,0,0,0,JAWA TIMUR,BOJONEGORO,DANDER,GROWOK,BOJONEGORO
12223395952,,ODP-PAZ-FD/57,-7.258737,111.540616,,,8,0,0,0,8,REGIONAL 5,MADIUN,BOJONEGORO,PAD,,,2025-06-25 17:51:10,45832,2025,6,NON TITO,,,JAWA TIMUR,0.0,BLACK,1499428681,AREA 3,JATIM,LAMONGAN,TUBAN BOJONEGORO,,,0,0,0,JAWA TIMUR,BOJONEGORO,NGRAHO,JUMOK,BOJONEGORO
12223396019,,ODP-PAZ-FD/66,-7.231705,111.537386,,,8,0,0,0,8,REGIONAL 5,MADIUN,BOJONEGORO,PAD,,,2025-06-25 17:50:22,45832,2025,6,NON TITO,,,JAWA TIMUR,0.0,BLACK,1499428734,AREA 3,JATIM,LAMONGAN,TUBAN BOJONEGORO,,,0,0,0,JAWA TIMUR,BOJONEGORO,NGRAHO,TAPELAN,BOJONEGORO
12248144501,,ODP-PAZ-FT/31,-7.268518,111.603143,,,8,0,0,0,8,REGIONAL 5,MADIUN,BOJONEGORO,PAD,,,2025-07-08 18:00:31,45845,2025,7,NON TITO,,,JAWA TIMUR,0.0,BLACK,1499581825,AREA 3,JATIM,LAMONGAN,TUBAN BOJONEGORO,,,0,0,0,JAWA TIMUR,BOJONEGORO,TAMBAKREJO,SUKOREJO,BOJONEGORO
12248144511,,ODP-PAZ-FT/24,-7.230666,111.589496,,,8,0,0,0,8,REGIONAL 5,MADIUN,BOJONEGORO,PAD,,,2025-07-08 17:56:12,45845,2025,7,NON TITO,,,JAWA TIMUR,0.0,BLACK,1499581832,AREA 3,JATIM,LAMONGAN,TUBAN BOJONEGORO,,,0,0,0,JAWA TIMUR,BOJONEGORO,NGRAHO,KLEMPUN,BOJONEGORO
9198043678,,ODP-BJN-FBP/01,-7.247718,111.818795,,,8,0,0,0,8,REGIONAL 5,MADIUN,BOJONEGORO,BJN,,,2024-03-16 23:28:12,44805,2022,9,NON TITO,,,JAWA TIMUR,0.0,BLACK,1220338369,AREA 3,JATIM,LAMONGAN,TUBAN BOJONEGORO,,,0,0,0,JAWA TIMUR,BOJONEGORO,DANDER,NGUNUT,BOJONEGORO
12122219630,,ODP-PAZ-FN/41,-7.280345,111.730533,,,8,0,0,0,8,REGIONAL 5,MADIUN,BOJONEGORO,PAD,,,2025-04-30 17:57:03,45776,2025,4,NON TITO,,,JAWA TIMUR,0.0,BLACK,1497402246,AREA 3,JATIM,LAMONGAN,TUBAN BOJONEGORO,,,0,0,0,JAWA TIMUR,BOJONEGORO,NGASEM,MEDIYUNAN,BOJONEGORO
6583170229,,ODP-SMJ-FH/20,-7.229753,112.036866,,,8,0,0,0,8,REGIONAL 5,MADIUN,BOJONEGORO,SMJ,,,2024-03-16 23:29:07,44344,2021,5,NON TITO,,,JAWA TIMUR,0.0,BLACK,886254517,AREA 3,JATIM,LAMONGAN,TUBAN BOJONEGORO,,,0,0,0,JAWA TIMUR,BOJONEGORO,SUMBEREJO,MLINJENG,BOJONEGORO
12285868655,,ODP-SMJ-FH/23,-7.230715,112.047128,,,8,0,0,0,8,REGIONAL 5,MADIUN,BOJONEGORO,SMJ,,,2025-08-06 18:10:12,45874,2025,8,NON TITO,,,JAWA TIMUR,0.0,BLACK,1500506085,AREA 3,JATIM,LAMONGAN,TUBAN BOJONEGORO,,,0,0,0,JAWA TIMUR,BOJONEGORO,SUMBEREJO,BANJAREJO,BOJONEGORO
12285868650,,ODP-SMJ-FH/22,-7.23347,112.048385,,,8,0,0,0,8,REGIONAL 5,MADIUN,BOJONEGORO,SMJ,,,2025-08-06 18:06:26,45874,2025,8,NON TITO,,,JAWA TIMUR,0.0,BLACK,1500506081,AREA 3,JATIM,LAMONGAN,TUBAN BOJONEGORO,,,0,0,0,JAWA TIMUR,BOJONEGORO,SUMBEREJO,SUMBERHARJO,BOJONEGORO
12185143655,,ODP-SMJ-FN/55,-7.209295,111.931816,,,8,0,0,0,8,REGIONAL 5,MADIUN,BOJONEGORO,SMJ,,,2025-05-23 17:47:00,45799,2025,5,NON TITO,,,JAWA TIMUR,0.0,BLACK,1498199753,AREA 3,JATIM,LAMONGAN,TUBAN BOJONEGORO,,,0,0,0,JAWA TIMUR,BOJONEGORO,BALEN,NGADILUHUR,BOJONEGORO
9339344373,,ODP-SMJ-FN/24,-7.234942,111.9564,,,8,0,0,0,8,REGIONAL 5,MADIUN,BOJONEGORO,SMJ,,,2024-03-16 23:25:08,44832,2022,9,NON TITO,,,JAWA TIMUR,0.0,BLACK,1228508166,AREA 3,JATIM,LAMONGAN,TUBAN BOJONEGORO,,,0,0,0,JAWA TIMUR,BOJONEGORO,BALEN,MAYANGKAWIS,BOJONEGORO
12270493630,,ODP-PAZ-FH/04,-7.208555,111.555997,,,8,0,0,0,8,REGIONAL 5,MADIUN,BOJONEGORO,PAD,,,2025-07-26 18:36:39,45862,2025,7,NON TITO,,,JAWA TIMUR,0.0,BLACK,1500277124,AREA 3,JATIM,LAMONGAN,TUBAN BOJONEGORO,,,0,0,0,JAWA TIMUR,BOJONEGORO,NGRAHO,PAYAMAN,BOJONEGORO
12185143665,,ODP-SMJ-FN/58,-7.21419,111.934584,,,8,0,0,0,8,REGIONAL 5,MADIUN,BOJONEGORO,SMJ,,,2025-05-23 17:47:05,45799,2025,5,NON TITO,,,JAWA TIMUR,0.0,BLACK,1498199759,AREA 3,JATIM,LAMONGAN,TUBAN BOJONEGORO,,,0,0,0,JAWA TIMUR,BOJONEGORO,BALEN,NGADILUHUR,BOJONEGORO
12270493620,,ODP-PAZ-FH/03,-7.206408,111.55681,,,8,0,0,0,8,REGIONAL 5,MADIUN,BOJONEGORO,PAD,,,2025-07-26 18:30:01,45862,2025,7,NON TITO,,,JAWA TIMUR,0.0,BLACK,1500277118,AREA 3,JATIM,LAMONGAN,TUBAN BOJONEGORO,,,0,0,0,JAWA TIMUR,BOJONEGORO,NGRAHO,PAYAMAN,BOJONEGORO
408591453,,ODP-BJN-F11/02,-7.152644,111.884314,,,2,0,0,0,8,REGIONAL 5,MADIUN,BOJONEGORO,BJN,,,2024-03-16 23:25:22,42506,2016,5,NON TITO,,,JAWA TIMUR,0.0,BLACK,25483174,AREA 3,JATIM,LAMONGAN,TUBAN BOJONEGORO,,,0,0,0,JAWA TIMUR,BOJONEGORO,BOJONEGORO,KARANG PACAR,BOJONEGORO
12255799579,,ODP-BJN-FBN/62,-7.067352,111.838495,,,8,0,0,0,8,REGIONAL 5,MADIUN,BOJONEGORO,BJN,,,2025-07-22 18:28:38,45859,2025,7,NON TITO,,,JAWA TIMUR,0.0,BLACK,1500340865,AREA 3,JATIM,LAMONGAN,TUBAN BOJONEGORO,,,0,0,0,JAWA TIMUR,TUBAN,PARENGAN,PARANGBATU,BOJONEGORO
12185143675,,ODP-SMJ-FN/54,-7.208786,111.929879,,,8,0,0,0,8,REGIONAL 5,MADIUN,BOJONEGORO,SMJ,,,2025-05-23 17:46:55,45799,2025,5,NON TITO,,,JAWA TIMUR,0.0,BLACK,1498199765,AREA 3,JATIM,LAMONGAN,TUBAN BOJONEGORO,,,0,0,0,JAWA TIMUR,BOJONEGORO,BALEN,NGADILUHUR,BOJONEGORO
12259544969,,ODP-BJN-FD/72,-7.169836,111.878528,,,8,0,0,0,8,REGIONAL 5,MADIUN,BOJONEGORO,BJN,,,2025-07-18 17:49:47,45854,2025,7,NON TITO,,,JAWA TIMUR,0.0,BLACK,1500160492,AREA 3,JATIM,LAMONGAN,TUBAN BOJONEGORO,,,0,0,0,JAWA TIMUR,BOJONEGORO,BOJONEGORO,PACUL,BOJONEGORO
7042319016,,ODP-SMJ-FE/47,-7.324534,112.048103,,,8,0,0,0,8,REGIONAL 5,MADIUN,BOJONEGORO,SMJ,,,2024-03-16 23:22:59,44382,2021,7,NON TITO,,,JAWA TIMUR,0.0,BLACK,946994857,AREA 3,JATIM,LAMONGAN,TUBAN BOJONEGORO,,,0,0,0,JAWA TIMUR,BOJONEGORO,KEDUNGADEM,MLIDEG,BOJONEGORO
12261118816,,ODP-BJN-FBD/42,-7.127714,111.879233,,,8,0,0,0,8,REGIONAL 5,MADIUN,BOJONEGORO,BJN,,,2025-07-13 17:50:16,45850,2025,7,NON TITO,,,JAWA TIMUR,0.0,BLACK,1500138432,AREA 3,JATIM,LAMONGAN,TUBAN BOJONEGORO,,,0,0,0,JAWA TIMUR,TUBAN,PARENGAN,SENDANGREJO,BOJONEGORO
12261118801,,ODP-BJN-FBD/41,-7.126716,111.879231,,,8,0,0,0,8,REGIONAL 5,MADIUN,BOJONEGORO,BJN,,,2025-07-13 17:56:47,45850,2025,7,NON TITO,,,JAWA TIMUR,0.0,BLACK,1500138423,AREA 3,JATIM,LAMONGAN,TUBAN BOJONEGORO,,,0,0,0,JAWA TIMUR,TUBAN,PARENGAN,SENDANGREJO,BOJONEGORO
12185143685,,ODP-SMJ-FN/59,-7.218881,111.938198,,,8,0,0,0,8,REGIONAL 5,MADIUN,BOJONEGORO,SMJ,,,2025-05-23 17:46:59,45799,2025,5,NON TITO,,,JAWA TIMUR,0.0,BLACK,1498199771,AREA 3,JATIM,LAMONGAN,TUBAN BOJONEGORO,,,0,0,0,JAWA TIMUR,BOJONEGORO,BALEN,NGADILUHUR,BOJONEGORO
12259395526,,ODP-BJN-FBN/60,-7.09856,111.880471,,,8,0,0,0,8,REGIONAL 5,MADIUN,BOJONEGORO,BJN,,,2025-07-12 23:48:13,45850,2025,7,NON TITO,,,JAWA TIMUR,0.0,BLACK,1500137296,AREA 3,JATIM,LAMONGAN,TUBAN BOJONEGORO,,,0,0,0,JAWA TIMUR,TUBAN,PARENGAN,SUGIHWARAS,BOJONEGORO
12259395506,,ODP-BJN-FBT/03,-7.124238,111.854253,,,8,0,0,0,8,REGIONAL 5,MADIUN,BOJONEGORO,BJN,,,2025-07-12 23:47:30,45850,2025,7,NON TITO,,,JAWA TIMUR,0.0,BLACK,1500137282,AREA 3,JATIM,LAMONGAN,TUBAN BOJONEGORO,,,0,0,0,JAWA TIMUR,BOJONEGORO,TRUCUK,SUMBEREJO,BOJONEGORO
12428970671,,ODP-BJN-FU/105,-7.212243,111.8833,,,8,0,0,0,8,REGIONAL 5,MADIUN,BOJONEGORO,BJN,,,2025-10-10 17:48:53,45939,2025,10,NON TITO,,,JAWA TIMUR,0.0,BLACK,1501998241,AREA 3,JATIM,LAMONGAN,TUBAN BOJONEGORO,,,0,0,0,JAWA TIMUR,BOJONEGORO,KAPAS,PADANG MENTOYO,BOJONEGORO
12025170404,,ODP-SMJ-FE/56,-7.288113,112.019734,,,8,0,0,0,8,REGIONAL 5,MADIUN,BOJONEGORO,SMJ,,,2024-12-28 17:32:40,45653,2024,12,NON TITO,,,JAWA TIMUR,0.0,BLACK,1495552033,AREA 3,JATIM,LAMONGAN,TUBAN BOJONEGORO,,,0,0,0,JAWA TIMUR,BOJONEGORO,KEDUNGADEM,MEGALE,BOJONEGORO
9051944104,,ODP-SMJ-FN/14,-7.255314,111.95531,,,8,0,0,0,8,REGIONAL 5,MADIUN,BOJONEGORO,SMJ,,,2024-03-16 23:26:46,44769,2022,7,NON TITO,,,JAWA TIMUR,0.0,BLACK,1203846625,AREA 3,JATIM,LAMONGAN,TUBAN BOJONEGORO,,,0,0,0,JAWA TIMUR,BOJONEGORO,SUKOSEWU,PURWOASRI,BOJONEGORO
12480643647,,ODP-KDU-FG/08,-7.138238,111.799122,,,8,0,0,0,8,REGIONAL 5,MADIUN,BOJONEGORO,KDU,,,2025-11-20 17:35:08,45980,2025,11,NON TITO,,,JAWA TIMUR,0.0,BLACK,1502737980,AREA 3,JATIM,LAMONGAN,TUBAN BOJONEGORO,,,0,0,0,JAWA TIMUR,BOJONEGORO,KALITIDU,MOJOSARI,BOJONEGORO
12583243538,,ODP-PAZ-FB/48,-7.177756,111.715571,,,8,0,0,0,8,REGIONAL 5,MADIUN,BOJONEGORO,PAD,,,2026-01-29 17:43:58,46050,2026,1,NON TITO,,,JAWA TIMUR,0.0,BLACK,1504102280,AREA 3,JATIM,LAMONGAN,TUBAN BOJONEGORO,,,0,0,0,JAWA TIMUR,BOJONEGORO,GAYAM,GAYAM,BOJONEGORO
12480643597,,ODP-KDU-FG/22,-7.168795,111.776454,,,8,0,0,0,8,REGIONAL 5,MADIUN,BOJONEGORO,KDU,,,2025-11-20 17:38:42,45980,2025,11,NON TITO,,,JAWA TIMUR,0.0,BLACK,1502737935,AREA 3,JATIM,LAMONGAN,TUBAN BOJONEGORO,,,0,0,0,JAWA TIMUR,BOJONEGORO,NGASEM,WADANG,BOJONEGORO
12584743555,,ODP-PAZ-FC/79,-7.152651,111.614172,,,8,0,0,0,8,REGIONAL 5,MADIUN,BOJONEGORO,PAD,,,2026-01-29 17:44:17,46050,2026,1,NON TITO,,,JAWA TIMUR,0.0,BLACK,1504047171,AREA 3,JATIM,LAMONGAN,TUBAN BOJONEGORO,,,0,0,0,JAWA TIMUR,BOJONEGORO,PADANGAN,PADANGAN,BOJONEGORO
11743093729,,ODP-SMJ-FD/43,-7.154566,112.05485,,,8,0,0,0,8,REGIONAL 5,MADIUN,BOJONEGORO,SMJ,,,2024-09-18 17:31:04,45552,2024,9,NON TITO,,,JAWA TIMUR,0.0,BLACK,1462919323,AREA 3,JATIM,LAMONGAN,TUBAN BOJONEGORO,,,0,0,0,JAWA TIMUR,BOJONEGORO,BAURENO,BANJARANYAR,BOJONEGORO
12480643587,,ODP-KDU-FG/21,-7.172917,111.771391,,,8,0,0,0,8,REGIONAL 5,MADIUN,BOJONEGORO,KDU,,,2025-11-20 17:38:56,45980,2025,11,NON TITO,,,JAWA TIMUR,0.0,BLACK,1502737928,AREA 3,JATIM,LAMONGAN,TUBAN BOJONEGORO,,,0,0,0,JAWA TIMUR,BOJONEGORO,NGASEM,JAMPET,BOJONEGORO
12015269273,,ODP-BJN-FBP/56,-7.257648,111.864997,,,8,0,0,0,8,REGIONAL 5,MADIUN,BOJONEGORO,BJN,,,2024-12-20 17:35:17,45646,2024,12,NON TITO,,,JAWA TIMUR,0.0,BLACK,1495522931,AREA 3,JATIM,LAMONGAN,TUBAN BOJONEGORO,,,0,0,0,JAWA TIMUR,BOJONEGORO,DANDER,GROWOK,BOJONEGORO
11881019196,,ODP-SMJ-FL/39,-7.108327,112.057733,,,8,0,0,0,8,REGIONAL 5,MADIUN,BOJONEGORO,SMJ,,,2024-11-01 07:18:17,45596,2024,10,NON TITO,,,JAWA TIMUR,0.0,BLACK,1479151188,AREA 3,JATIM,LAMONGAN,TUBAN BOJONEGORO,,,0,0,0,JAWA TIMUR,BOJONEGORO,KANOR,TEMU,BOJONEGORO
12015269268,,ODP-BJN-FBP/54,-7.257485,111.861078,,,8,0,0,0,8,REGIONAL 5,MADIUN,BOJONEGORO,BJN,,,2024-12-20 17:34:21,45646,2024,12,NON TITO,,,JAWA TIMUR,0.0,BLACK,1495522928,AREA 3,JATIM,LAMONGAN,TUBAN BOJONEGORO,,,0,0,0,JAWA TIMUR,BOJONEGORO,DANDER,GROWOK,BOJONEGORO
2585294031,,ODP-SMJ-FA/48,-7.192911,111.959648,,,8,0,0,0,8,REGIONAL 5,MADIUN,BOJONEGORO,SMJ,,,2024-03-16 23:26:30,43251,2018,5,NON TITO,,,JAWA TIMUR,0.0,BLACK,356868883,AREA 3,JATIM,LAMONGAN,TUBAN BOJONEGORO,,,0,0,0,JAWA TIMUR,BOJONEGORO,BALEN,BALENREJO,BOJONEGORO
12480643652,,ODP-KDU-FG/20,-7.171436,111.782632,,,8,0,0,0,8,REGIONAL 5,MADIUN,BOJONEGORO,KDU,,,2025-11-20 17:37:31,45980,2025,11,NON TITO,,,JAWA TIMUR,0.0,BLACK,1502737983,AREA 3,JATIM,LAMONGAN,TUBAN BOJONEGORO,,,0,0,0,JAWA TIMUR,BOJONEGORO,NGASEM,WADANG,BOJONEGORO
11897818546,,ODP-BJN-FBS/13,-7.226169,111.846621,,,8,0,0,0,8,REGIONAL 5,MADIUN,BOJONEGORO,BJN,,,2024-11-04 17:36:15,45600,2024,11,NON TITO,,,JAWA TIMUR,0.0,BLACK,1479167293,AREA 3,JATIM,LAMONGAN,TUBAN BOJONEGORO,,,0,0,0,JAWA TIMUR,BOJONEGORO,DANDER,SENDANGREJO,BOJONEGORO
11897818536,,ODP-BJN-FBS/14,-7.223582,111.845858,,,8,0,0,0,8,REGIONAL 5,MADIUN,BOJONEGORO,BJN,,,2024-11-04 17:35:09,45600,2024,11,NON TITO,,,JAWA TIMUR,0.0,BLACK,1479167287,AREA 3,JATIM,LAMONGAN,TUBAN BOJONEGORO,,,0,0,0,JAWA TIMUR,BOJONEGORO,DANDER,SENDANGREJO,BOJONEGORO
12480643582,,ODP-KDU-FG/17,-7.162093,111.788881,,,8,0,0,0,8,REGIONAL 5,MADIUN,BOJONEGORO,KDU,,,2025-11-20 17:38:56,45980,2025,11,NON TITO,,,JAWA TIMUR,0.0,BLACK,1502737925,AREA 3,JATIM,LAMONGAN,TUBAN BOJONEGORO,,,0,0,0,JAWA TIMUR,BOJONEGORO,NGASEM,WADANG,BOJONEGORO
11897818541,,ODP-BJN-FBS/15,-7.221861,111.84662,,,8,0,0,0,8,REGIONAL 5,MADIUN,BOJONEGORO,BJN,,,2024-11-04 17:36:12,45600,2024,11,NON TITO,,,JAWA TIMUR,0.0,BLACK,1479167290,AREA 3,JATIM,LAMONGAN,TUBAN BOJONEGORO,,,0,0,0,JAWA TIMUR,BOJONEGORO,DANDER,SENDANGREJO,BOJONEGORO
11897818531,,ODP-BJN-FBS/16,-7.220608,111.846148,,,8,0,0,0,8,REGIONAL 5,MADIUN,BOJONEGORO,BJN,,,2024-11-04 17:36:05,45600,2024,11,NON TITO,,,JAWA TIMUR,0.0,BLACK,1479167284,AREA 3,JATIM,LAMONGAN,TUBAN BOJONEGORO,,,0,0,0,JAWA TIMUR,BOJONEGORO,DANDER,SENDANGREJO,BOJONEGORO
11462746300,,ODP-BJN-FBJ/89,-7.211899,111.861919,,,8,0,0,0,8,REGIONAL 5,MADIUN,BOJONEGORO,BJN,,,2024-04-09 19:14:26,45390,2024,4,NON TITO,,,JAWA TIMUR,0.0,BLACK,1423163159,AREA 3,JATIM,LAMONGAN,TUBAN BOJONEGORO,,,0,0,0,JAWA TIMUR,BOJONEGORO,DANDER,NGUMPAK DALEM,BOJONEGORO
2326095840,,ODP-SMJ-FG/27,-7.200278,111.985296,,,8,0,0,0,8,REGIONAL 5,MADIUN,BOJONEGORO,SMJ,,,2024-03-16 23:29:16,43175,2018,3,NON TITO,,,JAWA TIMUR,0.0,BLACK,333167463,AREA 3,JATIM,LAMONGAN,TUBAN BOJONEGORO,,,0,0,0,JAWA TIMUR,BOJONEGORO,SUMBEREJO,PEKUWON,BOJONEGORO
12480643572,,ODP-KDU-FG/18,-7.16212,111.787843,,,8,0,0,0,8,REGIONAL 5,MADIUN,BOJONEGORO,KDU,,,2025-11-20 17:35:12,45980,2025,11,NON TITO,,,JAWA TIMUR,0.0,BLACK,1502737917,AREA 3,JATIM,LAMONGAN,TUBAN BOJONEGORO,,,0,0,0,JAWA TIMUR,BOJONEGORO,NGASEM,WADANG,BOJONEGORO
12427845365,,ODP-BJN-FBS/17,-7.196435,111.823389,,,8,0,0,0,8,REGIONAL 5,MADIUN,BOJONEGORO,BJN,,,2025-10-15 18:28:50,45944,2025,10,NON TITO,,,JAWA TIMUR,0.0,BLACK,1502010837,AREA 3,JATIM,LAMONGAN,TUBAN BOJONEGORO,,,0,0,0,JAWA TIMUR,BOJONEGORO,DANDER,NGUMPAK DALEM,BOJONEGORO
12015044157,,ODP-PAZ-FM/25,-7.220241,111.709829,,,8,0,0,0,8,REGIONAL 5,MADIUN,BOJONEGORO,PAD,,,2024-12-17 17:33:45,45642,2024,12,NON TITO,,,JAWA TIMUR,0.0,BLACK,1495442280,AREA 3,JATIM,LAMONGAN,TUBAN BOJONEGORO,,,0,0,0,JAWA TIMUR,BOJONEGORO,PURWOSARI,NGREJENG,BOJONEGORO
12441126133,,ODP-BJN-FBB/25,-7.262555,111.92549,,,8,0,0,0,8,REGIONAL 5,MADIUN,BOJONEGORO,BJN,,,2025-11-11 23:34:12,45971,2025,11,NON TITO,,,JAWA TIMUR,0.0,BLACK,1502444052,AREA 3,JATIM,LAMONGAN,TUBAN BOJONEGORO,,,0,0,0,JAWA TIMUR,BOJONEGORO,SUKOSEWU,SUKOSEWU,BOJONEGORO
12480643567,,ODP-KDU-FG/16,-7.162591,111.790437,,,8,0,0,0,8,REGIONAL 5,MADIUN,BOJONEGORO,KDU,,,2025-11-20 17:38:29,45980,2025,11,NON TITO,,,JAWA TIMUR,0.0,BLACK,1502737913,AREA 3,JATIM,LAMONGAN,TUBAN BOJONEGORO,,,0,0,0,JAWA TIMUR,BOJONEGORO,NGASEM,WADANG,BOJONEGORO
12492343698,,ODP-PAZ-FP/70,-7.092108,111.617783,,,8,0,0,0,8,REGIONAL 5,MADIUN,BOJONEGORO,PAD,,,2025-11-23 17:41:51,45983,2025,11,NON TITO,,,JAWA TIMUR,0.0,BLACK,1502823847,AREA 3,JATIM,LAMONGAN,TUBAN BOJONEGORO,,,0,0,0,JAWA TIMUR,BOJONEGORO,KASIMAN,KASIMAN,BOJONEGORO
12492343688,,ODP-PAZ-FP/68,-7.081759,111.617504,,,8,0,0,0,8,REGIONAL 5,MADIUN,BOJONEGORO,PAD,,,2025-11-23 17:40:48,45983,2025,11,NON TITO,,,JAWA TIMUR,0.0,BLACK,1502823840,AREA 3,JATIM,LAMONGAN,TUBAN BOJONEGORO,,,0,0,0,JAWA TIMUR,BOJONEGORO,KASIMAN,KASIMAN,BOJONEGORO
12441126143,,ODP-BJN-FBB/24,-7.26535,111.924651,,,8,0,0,0,8,REGIONAL 5,MADIUN,BOJONEGORO,BJN,,,2025-11-11 23:35:12,45971,2025,11,NON TITO,,,JAWA TIMUR,0.0,BLACK,1502444058,AREA 3,JATIM,LAMONGAN,TUBAN BOJONEGORO,,,0,0,0,JAWA TIMUR,BOJONEGORO,SUKOSEWU,SUKOSEWU,BOJONEGORO
12492343678,,ODP-PAZ-FP/69,-7.082857,111.617452,,,8,0,0,0,8,REGIONAL 5,MADIUN,BOJONEGORO,PAD,,,2025-11-23 17:42:44,45983,2025,11,NON TITO,,,JAWA TIMUR,0.0,BLACK,1502823833,AREA 3,JATIM,LAMONGAN,TUBAN BOJONEGORO,,,0,0,0,JAWA TIMUR,BOJONEGORO,KASIMAN,KASIMAN,BOJONEGORO
2326095845,,ODP-SMJ-FG/26,-7.203569,111.985916,,,8,0,0,0,8,REGIONAL 5,MADIUN,BOJONEGORO,SMJ,,,2024-03-16 23:29:17,43175,2018,3,NON TITO,,,JAWA TIMUR,0.0,BLACK,333167467,AREA 3,JATIM,LAMONGAN,TUBAN BOJONEGORO,,,0,0,0,JAWA TIMUR,BOJONEGORO,SUMBEREJO,PEKUWON,BOJONEGORO
12583243543,,ODP-PAZ-FB/47,-7.180517,111.715552,,,8,0,0,0,8,REGIONAL 5,MADIUN,BOJONEGORO,PAD,,,2026-01-29 17:43:48,46050,2026,1,NON TITO,,,JAWA TIMUR,0.0,BLACK,1504102284,AREA 3,JATIM,LAMONGAN,TUBAN BOJONEGORO,,,0,0,0,JAWA TIMUR,BOJONEGORO,GAYAM,GAYAM,BOJONEGORO
11332093766,,ODP-SMJ-FN/37,-7.21372,111.925456,,,7,0,0,0,8,REGIONAL 5,MADIUN,BOJONEGORO,SMJ,,,2024-03-16 23:25:40,45322,2024,1,NON TITO,,,JAWA TIMUR,0.0,BLACK,1406328650,AREA 3,JATIM,LAMONGAN,TUBAN BOJONEGORO,,,0,0,0,JAWA TIMUR,BOJONEGORO,SUKOSEWU,SIDODADI,BOJONEGORO
12480643602,,ODP-KDU-FG/03,-7.138819,111.80176,,,8,0,0,0,8,REGIONAL 5,MADIUN,BOJONEGORO,KDU,,,2025-11-20 17:35:52,45980,2025,11,NON TITO,,,JAWA TIMUR,0.0,BLACK,1502737938,AREA 3,JATIM,LAMONGAN,TUBAN BOJONEGORO,,,0,0,0,JAWA TIMUR,BOJONEGORO,KALITIDU,MOJOSARI,BOJONEGORO
12437893673,,ODP-BJN-FBS/21,-7.194613,111.827074,,,8,0,0,0,8,REGIONAL 5,MADIUN,BOJONEGORO,BJN,,,2025-10-21 18:01:07,45950,2025,10,NON TITO,,,JAWA TIMUR,0.0,BLACK,1502030219,AREA 3,JATIM,LAMONGAN,TUBAN BOJONEGORO,,,0,0,0,JAWA TIMUR,BOJONEGORO,DANDER,NGUMPAK DALEM,BOJONEGORO
12430469325,,ODP-BJN-FBS/19,-7.209137,111.821065,,,8,0,0,0,8,REGIONAL 5,MADIUN,BOJONEGORO,BJN,,,2025-10-17 19:39:18,45946,2025,10,NON TITO,,,JAWA TIMUR,0.0,BLACK,1502017879,AREA 3,JATIM,LAMONGAN,TUBAN BOJONEGORO,,,0,0,0,JAWA TIMUR,BOJONEGORO,DANDER,SUMBERAGUNG,BOJONEGORO
12430469615,,ODP-BJN-FBS/18,-7.207259,111.81987,,,8,0,0,0,8,REGIONAL 5,MADIUN,BOJONEGORO,BJN,,,2025-10-17 19:39:07,45946,2025,10,NON TITO,,,JAWA TIMUR,0.0,BLACK,1502018681,AREA 3,JATIM,LAMONGAN,TUBAN BOJONEGORO,,,0,0,0,JAWA TIMUR,BOJONEGORO,DANDER,SUMBERAGUNG,BOJONEGORO
12434293687,,ODP-BJN-FBJ/101,-7.221111,111.872592,,,8,0,0,0,8,REGIONAL 5,MADIUN,BOJONEGORO,BJN,,,2025-10-18 17:33:54,45947,2025,10,NON TITO,,,JAWA TIMUR,0.0,BLACK,1501968625,AREA 3,JATIM,LAMONGAN,TUBAN BOJONEGORO,,,0,0,0,JAWA TIMUR,BOJONEGORO,KAPAS,BENDO,BOJONEGORO
12434143717,,ODP-BJN-FBJ/100,-7.222988,111.868937,,,8,0,0,0,8,REGIONAL 5,MADIUN,BOJONEGORO,BJN,,,2025-10-18 17:33:36,45947,2025,10,NON TITO,,,JAWA TIMUR,0.0,BLACK,1502022722,AREA 3,JATIM,LAMONGAN,TUBAN BOJONEGORO,,,0,0,0,JAWA TIMUR,BOJONEGORO,DANDER,NGRASEH,BOJONEGORO
12010769996,,ODP-BJN-FBB/19,-7.256818,111.932089,,,8,0,0,0,8,REGIONAL 5,MADIUN,BOJONEGORO,BJN,,,2024-12-09 17:34:00,45635,2024,12,NON TITO,,,JAWA TIMUR,0.0,BLACK,1495470764,AREA 3,JATIM,LAMONGAN,TUBAN BOJONEGORO,,,0,0,0,JAWA TIMUR,BOJONEGORO,SUKOSEWU,SEMEN KIDUL,BOJONEGORO
12433545020,,ODP-BJN-FBB/22,-7.249742,111.93185,,,8,0,0,0,8,REGIONAL 5,MADIUN,BOJONEGORO,BJN,,,2025-10-21 18:01:50,45950,2025,10,NON TITO,,,JAWA TIMUR,0.0,BLACK,1501982490,AREA 3,JATIM,LAMONGAN,TUBAN BOJONEGORO,,,0,0,0,JAWA TIMUR,BOJONEGORO,SUKOSEWU,SUKOSEWU,BOJONEGORO
11802947941,,ODP-SMJ-FD/46,-7.162907,112.009549,,,8,0,0,0,8,REGIONAL 5,MADIUN,BOJONEGORO,SMJ,,,2024-10-09 00:07:45,45572,2024,10,NON TITO,,,JAWA TIMUR,0.0,BLACK,1465027709,AREA 3,JATIM,LAMONGAN,TUBAN BOJONEGORO,,,0,0,0,JAWA TIMUR,BOJONEGORO,KANOR,SAMBERAN,BOJONEGORO
12434295003,,ODP-KDU-FA/80,-7.134428,111.761914,,,8,0,0,0,8,REGIONAL 5,MADIUN,BOJONEGORO,KDU,,,2025-10-21 18:01:46,45950,2025,10,NON TITO,,,JAWA TIMUR,0.0,BLACK,1501983435,AREA 3,JATIM,LAMONGAN,TUBAN BOJONEGORO,,,0,0,0,JAWA TIMUR,BOJONEGORO,KALITIDU,KALITIDU,BOJONEGORO
12726568650,,ODP-PAZ-FT/43,-7.260626,111.601702,,,8,0,0,0,8,REGIONAL 5,MADIUN,BOJONEGORO,PAD,,,2026-05-07 17:25:45,46147,2026,5,NON TITO,,,JAWA TIMUR,0.0,BLACK,1504892122,AREA 3,JATIM,LAMONGAN,TUBAN BOJONEGORO,,,0,0,0,JAWA TIMUR,BOJONEGORO,TAMBAKREJO,SUKOREJO,BOJONEGORO
12434295008,,ODP-KDU-FA/81,-7.131889,111.762153,,,8,0,0,0,8,REGIONAL 5,MADIUN,BOJONEGORO,KDU,,,2025-10-21 18:01:09,45950,2025,10,NON TITO,,,JAWA TIMUR,0.0,BLACK,1501983438,AREA 3,JATIM,LAMONGAN,TUBAN BOJONEGORO,,,0,0,0,JAWA TIMUR,BOJONEGORO,KALITIDU,KALITIDU,BOJONEGORO
12709093786,,PAZ-03BJO086-T01,-7.272757,111.701731,,,8,0,0,0,8,REGIONAL 5,MADIUN,BOJONEGORO,PAD,,,2026-04-21 17:49:38,46129,2026,4,NON TITO,,,JAWA TIMUR,0.0,BLACK,1504724778,AREA 3,JATIM,LAMONGAN,TUBAN BOJONEGORO,,,0,0,0,JAWA TIMUR,BOJONEGORO,TAMBAKREJO,MULYOREJO,BOJONEGORO
12480643637,,ODP-KDU-FG/15,-7.160284,111.787815,,,8,0,0,0,8,REGIONAL 5,MADIUN,BOJONEGORO,KDU,,,2025-11-20 17:37:00,45980,2025,11,NON TITO,,,JAWA TIMUR,0.0,BLACK,1502737974,AREA 3,JATIM,LAMONGAN,TUBAN BOJONEGORO,,,0,0,0,JAWA TIMUR,BOJONEGORO,NGASEM,WADANG,BOJONEGORO
12010769991,,ODP-BJN-FBB/18,-7.255103,111.933542,,,8,0,0,0,8,REGIONAL 5,MADIUN,BOJONEGORO,BJN,,,2024-12-09 17:33:35,45635,2024,12,NON TITO,,,JAWA TIMUR,0.0,BLACK,1495470761,AREA 3,JATIM,LAMONGAN,TUBAN BOJONEGORO,,,0,0,0,JAWA TIMUR,BOJONEGORO,SUKOSEWU,SEMEN KIDUL,BOJONEGORO
12434295013,,ODP-KDU-FA/82,-7.131138,111.762467,,,8,0,0,0,8,REGIONAL 5,MADIUN,BOJONEGORO,KDU,,,2025-10-21 18:01:50,45950,2025,10,NON TITO,,,JAWA TIMUR,0.0,BLACK,1501983441,AREA 3,JATIM,LAMONGAN,TUBAN BOJONEGORO,,,0,0,0,JAWA TIMUR,BOJONEGORO,KALITIDU,KALITIDU,BOJONEGORO
12492343658,,ODP-PAZ-FP/65,-7.076997,111.627188,,,8,0,0,0,8,REGIONAL 5,MADIUN,BOJONEGORO,PAD,,,2025-11-23 17:42:59,45983,2025,11,NON TITO,,,JAWA TIMUR,0.0,BLACK,1502823820,AREA 3,JATIM,LAMONGAN,TUBAN BOJONEGORO,,,0,0,0,JAWA TIMUR,BOJONEGORO,KEDEWAN,HARGOMULYO,BOJONEGORO
12006419034,,ODP-PAZ-FE/54,-7.165436,111.66613,,,8,0,0,0,8,REGIONAL 5,MADIUN,BOJONEGORO,PAD,,,2024-12-12 06:39:08,45637,2024,12,NON TITO,,,JAWA TIMUR,0.0,BLACK,1495484190,AREA 3,JATIM,LAMONGAN,TUBAN BOJONEGORO,,,0,0,0,JAWA TIMUR,BOJONEGORO,GAYAM,BEGED,BOJONEGORO
12440143532,,ODP-SMJ-FD/53,-7.19186,112.022802,,,8,0,0,0,8,REGIONAL 5,MADIUN,BOJONEGORO,SMJ,,,2025-10-23 17:52:40,45953,2025,10,NON TITO,,,JAWA TIMUR,0.0,BLACK,1502072156,AREA 3,JATIM,LAMONGAN,TUBAN BOJONEGORO,,,0,0,0,JAWA TIMUR,BOJONEGORO,SUMBEREJO,PEJAMBON,BOJONEGORO
12480643627,,ODP-KDU-FG/19,-7.17218,111.781081,,,8,0,0,0,8,REGIONAL 5,MADIUN,BOJONEGORO,KDU,,,2025-11-20 17:38:28,45980,2025,11,NON TITO,,,JAWA TIMUR,0.0,BLACK,1502737965,AREA 3,JATIM,LAMONGAN,TUBAN BOJONEGORO,,,0,0,0,JAWA TIMUR,BOJONEGORO,NGASEM,WADANG,BOJONEGORO
12488668722,,ODP-KDU-FG/23,-7.173799,111.780685,,,8,0,0,0,8,REGIONAL 5,MADIUN,BOJONEGORO,KDU,,,2025-11-22 17:36:28,45982,2025,11,NON TITO,,,JAWA TIMUR,0.0,BLACK,1502816051,AREA 3,JATIM,LAMONGAN,TUBAN BOJONEGORO,,,0,0,0,JAWA TIMUR,BOJONEGORO,NGASEM,WADANG,BOJONEGORO
12480643617,,ODP-KDU-FG/14,-7.160676,111.790728,,,8,0,0,0,8,REGIONAL 5,MADIUN,BOJONEGORO,KDU,,,2025-11-20 17:36:17,45980,2025,11,NON TITO,,,JAWA TIMUR,0.0,BLACK,1502737953,AREA 3,JATIM,LAMONGAN,TUBAN BOJONEGORO,,,0,0,0,JAWA TIMUR,BOJONEGORO,NGASEM,WADANG,BOJONEGORO
12007618875,,ODP-BJN-FBQ/19,-7.189313,111.949255,,,8,0,0,0,8,REGIONAL 5,MADIUN,BOJONEGORO,BJN,,,2024-12-11 17:36:25,45635,2024,12,NON TITO,,,JAWA TIMUR,0.0,BLACK,1495426630,AREA 3,JATIM,LAMONGAN,TUBAN BOJONEGORO,,,0,0,0,JAWA TIMUR,BOJONEGORO,BALEN,SOBONTORO,BOJONEGORO
12624343528,,ODP-BJN-FM/67,-7.161694,111.874628,,,8,0,0,0,8,REGIONAL 5,MADIUN,BOJONEGORO,BJN,,,2026-02-14 17:36:17,46066,2026,2,NON TITO,,,JAWA TIMUR,0.0,BLACK,1504209031,AREA 3,JATIM,LAMONGAN,TUBAN BOJONEGORO,,,0,0,0,JAWA TIMUR,BOJONEGORO,BOJONEGORO,SUMBANG,BOJONEGORO
11332093761,,ODP-SMJ-FN/38,-7.215747,111.927144,,,8,0,0,0,8,REGIONAL 5,MADIUN,BOJONEGORO,SMJ,,,2024-03-16 23:26:29,45322,2024,1,NON TITO,,,JAWA TIMUR,0.0,BLACK,1406328647,AREA 3,JATIM,LAMONGAN,TUBAN BOJONEGORO,,,0,0,0,JAWA TIMUR,BOJONEGORO,SUKOSEWU,SIDODADI,BOJONEGORO
12012869843,,ODP-SMJ-FC/49,-7.101258,112.030129,,,8,0,0,0,8,REGIONAL 5,MADIUN,BOJONEGORO,SMJ,,,2024-12-24 17:32:17,45649,2024,12,NON TITO,,,JAWA TIMUR,0.0,BLACK,1495615737,AREA 3,JATIM,LAMONGAN,TUBAN BOJONEGORO,,,0,0,0,JAWA TIMUR,BOJONEGORO,KANOR,PRIGI,BOJONEGORO
12442994549,,ODP-SMJ-FK/55,-7.245955,112.085401,,,8,0,0,0,8,REGIONAL 5,MADIUN,BOJONEGORO,SMJ,,,2025-11-10 17:36:29,45966,2025,11,NON TITO,,,JAWA TIMUR,0.0,BLACK,1502219080,AREA 3,JATIM,LAMONGAN,TUBAN BOJONEGORO,,,0,0,0,JAWA TIMUR,BOJONEGORO,KEPOHBARU,PEJOK,BOJONEGORO
12583243548,,ODP-PAZ-FB/49,-7.175378,111.715543,,,8,0,0,0,8,REGIONAL 5,MADIUN,BOJONEGORO,PAD,,,2026-01-29 17:43:40,46050,2026,1,NON TITO,,,JAWA TIMUR,0.0,BLACK,1504102287,AREA 3,JATIM,LAMONGAN,TUBAN BOJONEGORO,,,0,0,0,JAWA TIMUR,BOJONEGORO,GAYAM,GAYAM,BOJONEGORO
12441944936,,ODP-PAZ-FU/13,-7.258758,111.537624,,,8,0,0,0,8,REGIONAL 5,MADIUN,BOJONEGORO,PAD,,,2025-11-10 17:36:32,45967,2025,11,NON TITO,,,JAWA TIMUR,0.0,BLACK,1502225979,AREA 3,JATIM,LAMONGAN,TUBAN BOJONEGORO,,,0,0,0,JAWA TIMUR,BOJONEGORO,NGRAHO,JUMOK,BOJONEGORO
12440524987,,ODP-SMJ-FE/58,-7.299182,112.021107,,,8,0,0,0,8,REGIONAL 5,MADIUN,BOJONEGORO,SMJ,,,2025-11-10 17:36:47,45968,2025,11,NON TITO,,,JAWA TIMUR,0.0,BLACK,1502231400,AREA 3,JATIM,LAMONGAN,TUBAN BOJONEGORO,,,0,0,0,JAWA TIMUR,BOJONEGORO,KEDUNGADEM,KEPOH KIDUL,BOJONEGORO
11533768775,,ODP-SMJ-FN/45,-7.248963,111.973279,,,6,2,0,0,8,REGIONAL 5,MADIUN,BOJONEGORO,SMJ,,,2024-05-29 01:52:40,45439,2024,5,NON TITO,,,JAWA TIMUR,0.25,GREEN,1432314466,AREA 3,JATIM,LAMONGAN,TUBAN BOJONEGORO,,,0,0,0,JAWA TIMUR,BOJONEGORO,SUKOSEWU,PACING,BOJONEGORO
11565944655,,ODP-PAZ-FB/30,-7.143102,111.724577,,,6,2,0,0,8,REGIONAL 5,MADIUN,BOJONEGORO,PAD,,,2024-06-07 17:24:32,45449,2024,6,NON TITO,,,JAWA TIMUR,0.25,GREEN,1440413729,AREA 3,JATIM,LAMONGAN,TUBAN BOJONEGORO,,,0,0,0,JAWA TIMUR,BOJONEGORO,KALITIDU,SUMENGKO,BOJONEGORO
9320593750,,ODP-BJN-FBQ/03,-7.192505,111.944657,,,6,2,0,0,8,REGIONAL 5,MADIUN,BOJONEGORO,BJN,,,2024-03-16 23:27:49,44826,2022,9,NON TITO,,,JAWA TIMUR,0.25,GREEN,1226334802,AREA 3,JATIM,LAMONGAN,TUBAN BOJONEGORO,,,0,0,0,JAWA TIMUR,BOJONEGORO,BALEN,SOBONTORO,BOJONEGORO
11604868556,,ODP-BJN-FX/96,-7.156007,111.911927,,,6,2,0,0,8,REGIONAL 5,MADIUN,BOJONEGORO,BJN,,,2024-06-26 17:30:14,45468,2024,6,NON TITO,,,JAWA TIMUR,0.25,GREEN,1443646228,AREA 3,JATIM,LAMONGAN,TUBAN BOJONEGORO,,,0,0,0,JAWA TIMUR,BOJONEGORO,KAPAS,SAMBIROTO,BOJONEGORO
10636543894,,ODP-PAZ-FF/23,-7.156147,111.637248,,,6,2,0,0,8,REGIONAL 5,MADIUN,BOJONEGORO,PAD,,,2024-03-16 23:28:15,45188,2023,9,NON TITO,,,JAWA TIMUR,0.25,GREEN,1322459059,AREA 3,JATIM,LAMONGAN,TUBAN BOJONEGORO,,,0,0,0,JAWA TIMUR,BOJONEGORO,PADANGAN,BANJARJO,BOJONEGORO
9283468670,,ODP-SMJ-FM/14,-7.15597,112.034503,,,5,3,0,0,8,REGIONAL 5,MADIUN,BOJONEGORO,SMJ,,,2024-03-16 23:24:10,44820,2022,9,NON TITO,,,JAWA TIMUR,0.375,GREEN,1225988501,AREA 3,JATIM,LAMONGAN,TUBAN BOJONEGORO,,,0,0,0,JAWA TIMUR,BOJONEGORO,KANOR,NGLARANGAN,BOJONEGORO
9098445077,,ODP-SMJ-FN/23,-7.262557,111.955387,,,6,2,0,0,8,REGIONAL 5,MADIUN,BOJONEGORO,SMJ,,,2024-03-16 23:26:16,44788,2022,8,NON TITO,,,JAWA TIMUR,0.25,GREEN,1206213927,AREA 3,JATIM,LAMONGAN,TUBAN BOJONEGORO,,,0,0,0,JAWA TIMUR,BOJONEGORO,SUGIHWARAS,GENJOR,BOJONEGORO
11790643870,,ODP-BJN-FAG/50,-7.188857,111.939474,,,6,2,0,0,8,REGIONAL 5,MADIUN,BOJONEGORO,BJN,,,2024-09-28 17:25:52,45562,2024,9,NON TITO,,,JAWA TIMUR,0.25,GREEN,1464939627,AREA 3,JATIM,LAMONGAN,TUBAN BOJONEGORO,,,0,0,0,JAWA TIMUR,BOJONEGORO,KAPAS,SEMENPINGGIR,BOJONEGORO
11790643864,,ODP-BJN-FAG/52,-7.190274,111.937258,,,6,2,0,0,8,REGIONAL 5,MADIUN,BOJONEGORO,BJN,,,2024-09-28 17:26:03,45562,2024,9,NON TITO,,,JAWA TIMUR,0.25,GREEN,1464939622,AREA 3,JATIM,LAMONGAN,TUBAN BOJONEGORO,,,0,0,0,JAWA TIMUR,BOJONEGORO,KAPAS,SEMENPINGGIR,BOJONEGORO
11758018845,,ODP-SMJ-FK/42,-7.161098,112.100751,,,5,3,0,0,8,REGIONAL 5,MADIUN,BOJONEGORO,SMJ,,,2024-09-23 17:36:08,45558,2024,9,NON TITO,,,JAWA TIMUR,0.375,GREEN,1463363178,AREA 3,JATIM,LAMONGAN,TUBAN BOJONEGORO,,,0,0,0,JAWA TIMUR,BOJONEGORO,KEPOHBARU,BUMIREJO,BOJONEGORO
11758018840,,ODP-SMJ-FK/41,-7.161212,112.101833,,,5,3,0,0,8,REGIONAL 5,MADIUN,BOJONEGORO,SMJ,,,2024-09-23 17:35:26,45558,2024,9,NON TITO,,,JAWA TIMUR,0.375,GREEN,1463363175,AREA 3,JATIM,LAMONGAN,TUBAN BOJONEGORO,,,0,0,0,JAWA TIMUR,BOJONEGORO,KEPOHBARU,BUMIREJO,BOJONEGORO
9122518601,,ODP-BJN-FBJ/84,-7.245352,111.875375,,,6,2,0,0,8,REGIONAL 5,MADIUN,BOJONEGORO,BJN,,,2024-03-16 23:26:42,44790,2022,8,NON TITO,,,JAWA TIMUR,0.25,GREEN,1206979326,AREA 3,JATIM,LAMONGAN,TUBAN BOJONEGORO,,,0,0,0,JAWA TIMUR,BOJONEGORO,DANDER,JATIBLIMBING,BOJONEGORO
9122518606,,ODP-BJN-FBJ/85,-7.244421,111.873117,,,6,2,0,0,8,REGIONAL 5,MADIUN,BOJONEGORO,BJN,,,2024-03-16 23:26:46,44790,2022,8,NON TITO,,,JAWA TIMUR,0.25,GREEN,1206979329,AREA 3,JATIM,LAMONGAN,TUBAN BOJONEGORO,,,0,0,0,JAWA TIMUR,BOJONEGORO,DANDER,JATIBLIMBING,BOJONEGORO
11758018835,,ODP-SMJ-FK/43,-7.168497,112.099596,,,7,1,0,0,8,REGIONAL 5,MADIUN,BOJONEGORO,SMJ,,,2024-09-23 17:36:06,45558,2024,9,NON TITO,,,JAWA TIMUR,0.125,GREEN,1463363172,AREA 3,JATIM,LAMONGAN,TUBAN BOJONEGORO,,,0,0,0,JAWA TIMUR,BOJONEGORO,KEPOH BARU,WORO,BOJONEGORO
9198043648,,ODP-BJN-FBP/08,-7.245172,111.846024,,,6,2,0,0,8,REGIONAL 5,MADIUN,BOJONEGORO,BJN,,,2024-03-16 23:27:19,44805,2022,9,NON TITO,,,JAWA TIMUR,0.25,GREEN,1220338341,AREA 3,JATIM,LAMONGAN,TUBAN BOJONEGORO,,,0,0,0,JAWA TIMUR,BOJONEGORO,DANDER,DANDER,BOJONEGORO
9198043658,,ODP-BJN-FBP/07,-7.244871,111.844395,,,5,3,0,0,8,REGIONAL 5,MADIUN,BOJONEGORO,BJN,,,2024-03-16 23:28:14,44805,2022,9,NON TITO,,,JAWA TIMUR,0.375,GREEN,1220338347,AREA 3,JATIM,LAMONGAN,TUBAN BOJONEGORO,,,0,0,0,JAWA TIMUR,BOJONEGORO,DANDER,DANDER,BOJONEGORO
11743093734,,ODP-SMJ-FD/41,-7.144822,112.060761,,,7,1,0,0,8,REGIONAL 5,MADIUN,BOJONEGORO,SMJ,,,2024-09-18 17:30:54,45552,2024,9,NON TITO,,,JAWA TIMUR,0.125,GREEN,1462919326,AREA 3,JATIM,LAMONGAN,TUBAN BOJONEGORO,,,0,0,0,JAWA TIMUR,BOJONEGORO,BAURENO,BANJARANYAR,BOJONEGORO
11682644469,,ODP-SMJ-FE/52,-7.301913,112.028045,,,7,1,0,0,8,REGIONAL 5,MADIUN,BOJONEGORO,SMJ,,,2024-09-03 20:07:09,45537,2024,9,NON TITO,,,JAWA TIMUR,0.125,GREEN,1459393400,AREA 3,JATIM,LAMONGAN,TUBAN BOJONEGORO,,,0,0,0,JAWA TIMUR,BOJONEGORO,KEDUNGADEM,KEDUNGADEM,BOJONEGORO
11679724100,,ODP-SMJ-FK/40,-7.17733,112.088896,,,5,3,0,0,8,REGIONAL 5,MADIUN,BOJONEGORO,SMJ,,,2024-08-29 17:27:37,45532,2024,8,NON TITO,,,JAWA TIMUR,0.375,GREEN,1459164381,AREA 3,JATIM,LAMONGAN,TUBAN BOJONEGORO,,,0,0,0,JAWA TIMUR,BOJONEGORO,KEPOHBARU,SUMBERAGUNG,BOJONEGORO
9198043668,,ODP-BJN-FBP/09,-7.246173,111.846189,,,5,3,0,0,8,REGIONAL 5,MADIUN,BOJONEGORO,BJN,,,2024-03-16 23:28:07,44805,2022,9,NON TITO,,,JAWA TIMUR,0.375,GREEN,1220338353,AREA 3,JATIM,LAMONGAN,TUBAN BOJONEGORO,,,0,0,0,JAWA TIMUR,BOJONEGORO,DANDER,DANDER,BOJONEGORO
9198043673,,ODP-BJN-FBP/06,-7.245966,111.844271,,,5,3,0,0,8,REGIONAL 5,MADIUN,BOJONEGORO,BJN,,,2024-03-16 23:26:58,44805,2022,9,NON TITO,,,JAWA TIMUR,0.375,GREEN,1220338358,AREA 3,JATIM,LAMONGAN,TUBAN BOJONEGORO,,,0,0,0,JAWA TIMUR,BOJONEGORO,DANDER,DANDER,BOJONEGORO
9206821276,,ODP-BJN-FU/100,-7.203305,111.850621,,,6,2,0,0,8,REGIONAL 5,MADIUN,BOJONEGORO,BJN,,,2024-03-16 23:28:16,44806,2022,9,NON TITO,,,JAWA TIMUR,0.25,GREEN,1220473387,AREA 3,JATIM,LAMONGAN,TUBAN BOJONEGORO,,,0,0,0,JAWA TIMUR,BOJONEGORO,DANDER,SUMODIKARAN,BOJONEGORO
11697719234,,ODP-SMJ-FN/46,-7.262816,111.979445,,,7,1,0,0,8,REGIONAL 5,MADIUN,BOJONEGORO,SMJ,,,2024-08-24 17:23:39,45527,2024,8,NON TITO,,,JAWA TIMUR,0.125,GREEN,1458788362,AREA 3,JATIM,LAMONGAN,TUBAN BOJONEGORO,,,0,0,0,JAWA TIMUR,BOJONEGORO,SUKOSEWU,PURWOASRI,BOJONEGORO
9206821281,,ODP-BJN-FU/99,-7.205324,111.850027,,,5,3,0,0,8,REGIONAL 5,MADIUN,BOJONEGORO,BJN,,,2024-03-16 23:28:27,44806,2022,9,NON TITO,,,JAWA TIMUR,0.375,GREEN,1220473390,AREA 3,JATIM,LAMONGAN,TUBAN BOJONEGORO,,,0,0,0,JAWA TIMUR,BOJONEGORO,DANDER,SUMODIKARAN,BOJONEGORO
11681219668,,ODP-SMJ-FD/38,-7.163703,112.013324,,,6,2,0,0,8,REGIONAL 5,MADIUN,BOJONEGORO,SMJ,,,2024-08-16 23:47:08,45519,2024,8,NON TITO,,,JAWA TIMUR,0.25,GREEN,1456850609,AREA 3,JATIM,LAMONGAN,TUBAN BOJONEGORO,,,0,0,0,JAWA TIMUR,BOJONEGORO,KANOR,SAMBERAN,BOJONEGORO
11605395421,,ODP-SMJ-FA/78,-7.298337,111.947764,,,5,3,0,0,8,REGIONAL 5,MADIUN,BOJONEGORO,SMJ,,,2024-06-30 19:19:46,45473,2024,6,NON TITO,,,JAWA TIMUR,0.375,GREEN,1444315709,AREA 3,JATIM,LAMONGAN,TUBAN BOJONEGORO,,,0,0,0,JAWA TIMUR,BOJONEGORO,SUGIHWARAS,BALONGREJO,BOJONEGORO
11684218857,,ODP-SMJ-FL/36,-7.111911,112.042836,,,5,3,0,0,8,REGIONAL 5,MADIUN,BOJONEGORO,SMJ,,,2024-08-29 17:25:51,45532,2024,8,NON TITO,,,JAWA TIMUR,0.375,GREEN,1459089691,AREA 3,JATIM,LAMONGAN,TUBAN BOJONEGORO,,,0,0,0,JAWA TIMUR,BOJONEGORO,KANOR,SIMOREJO,BOJONEGORO
9420043729,,ODP-PAZ-FD/46,-7.259296,111.509657,,,7,1,0,0,8,REGIONAL 5,MADIUN,BOJONEGORO,PAD,,,2024-03-16 23:26:22,44851,2022,10,NON TITO,,,JAWA TIMUR,0.125,GREEN,1241341929,AREA 3,JATIM,LAMONGAN,TUBAN BOJONEGORO,,,0,0,0,JAWA TIMUR,BOJONEGORO,NGRAHO,SUMBERAGUNG,BOJONEGORO
9364769295,,ODP-SMJ-FL/33,-7.131361,112.041716,,,10,6,0,0,16,REGIONAL 5,MADIUN,BOJONEGORO,SMJ,,,2024-03-16 23:28:12,44839,2022,10,NON TITO,,,JAWA TIMUR,0.375,GREEN,1230081614,AREA 3,JATIM,LAMONGAN,TUBAN BOJONEGORO,,,0,0,0,JAWA TIMUR,BOJONEGORO,KANOR,BUNGUR,BOJONEGORO
9735795015,,ODP-SMJ-FK/31,-7.171273,112.101656,,,5,3,0,0,8,REGIONAL 5,MADIUN,BOJONEGORO,SMJ,,,2024-03-16 23:23:26,44943,2023,1,NON TITO,,,JAWA TIMUR,0.375,GREEN,1262287772,AREA 3,JATIM,LAMONGAN,TUBAN BOJONEGORO,,,0,0,0,JAWA TIMUR,BOJONEGORO,KEPOH BARU,WORO,BOJONEGORO
9754695513,,ODP-SMJ-FE/48,-7.339077,112.030776,,,7,1,0,0,8,REGIONAL 5,MADIUN,BOJONEGORO,SMJ,,,2024-03-16 23:24:16,44945,2023,1,NON TITO,,,JAWA TIMUR,0.125,GREEN,1262577517,AREA 3,JATIM,LAMONGAN,TUBAN BOJONEGORO,,,0,0,0,JAWA TIMUR,BOJONEGORO,KEDUNGADEM,PANJANG,BOJONEGORO
11332093781,,ODP-SMJ-FN/40,-7.220896,111.931535,,,6,2,0,0,8,REGIONAL 5,MADIUN,BOJONEGORO,SMJ,,,2024-03-16 23:26:30,45322,2024,1,NON TITO,,,JAWA TIMUR,0.25,GREEN,1406328662,AREA 3,JATIM,LAMONGAN,TUBAN BOJONEGORO,,,0,0,0,JAWA TIMUR,BOJONEGORO,SUKOSEWU,SIDODADI,BOJONEGORO
9754695722,,ODP-SMJ-FK/29,-7.17551,112.125455,,,5,3,0,0,8,REGIONAL 5,MADIUN,BOJONEGORO,SMJ,,,2024-03-16 23:23:58,44945,2023,1,NON TITO,,,JAWA TIMUR,0.375,GREEN,1262578500,AREA 3,JATIM,LAMONGAN,TUBAN BOJONEGORO,,,0,0,0,JAWA TIMUR,BOJONEGORO,KEPOHBARU,JIPO,BOJONEGORO
9754695806,,ODP-SMJ-FL/34,-7.115117,112.064545,,,11,5,0,0,16,REGIONAL 5,MADIUN,BOJONEGORO,SMJ,,,2024-03-16 23:24:20,44945,2023,1,NON TITO,,,JAWA TIMUR,0.3125,GREEN,1262578986,AREA 3,JATIM,LAMONGAN,TUBAN BOJONEGORO,,,0,0,0,JAWA TIMUR,BOJONEGORO,BAURENO,POMAHAN,BOJONEGORO
9877843543,,ODP-PAZ-FM/17,-7.23926,111.72008,,,7,1,0,0,8,REGIONAL 5,MADIUN,BOJONEGORO,PAD,,,2024-03-16 23:27:11,44967,2023,2,NON TITO,,,JAWA TIMUR,0.125,GREEN,1266900584,AREA 3,JATIM,LAMONGAN,TUBAN BOJONEGORO,,,0,0,0,JAWA TIMUR,BOJONEGORO,NGASEM,BANDUNGREJO,BOJONEGORO
9951793625,,ODP-SMJ-FK/35,-7.210078,112.094285,,,7,1,0,0,8,REGIONAL 5,MADIUN,BOJONEGORO,SMJ,,,2024-03-16 23:26:47,44991,2023,3,NON TITO,,,JAWA TIMUR,0.125,GREEN,1276500304,AREA 3,JATIM,LAMONGAN,TUBAN BOJONEGORO,,,0,0,0,JAWA TIMUR,BOJONEGORO,KEPOH BARU,SIDOMUKTI,BOJONEGORO
10229443896,,ODP-BJN-FL/108,-7.152742,111.857241,,,5,3,0,0,8,REGIONAL 5,MADIUN,BOJONEGORO,BJN,,,2024-03-16 23:28:27,45086,2023,6,NON TITO,,,JAWA TIMUR,0.375,GREEN,1294150515,AREA 3,JATIM,LAMONGAN,TUBAN BOJONEGORO,,,0,0,0,JAWA TIMUR,BOJONEGORO,DANDER,NGABLAK,BOJONEGORO
11332093756,,ODP-SMJ-FN/36,-7.211856,111.925178,,,7,1,0,0,8,REGIONAL 5,MADIUN,BOJONEGORO,SMJ,,,2024-03-16 23:25:48,45322,2024,1,NON TITO,,,JAWA TIMUR,0.125,GREEN,1406328644,AREA 3,JATIM,LAMONGAN,TUBAN BOJONEGORO,,,0,0,0,JAWA TIMUR,BOJONEGORO,SUKOSEWU,SIDODADI,BOJONEGORO
11332093787,,ODP-SMJ-FN/39,-7.217973,111.928988,,,5,3,0,0,8,REGIONAL 5,MADIUN,BOJONEGORO,SMJ,,,2024-03-16 23:25:38,45322,2024,1,NON TITO,,,JAWA TIMUR,0.375,GREEN,1406328667,AREA 3,JATIM,LAMONGAN,TUBAN BOJONEGORO,,,0,0,0,JAWA TIMUR,BOJONEGORO,SUKOSEWU,SIDODADI,BOJONEGORO
10263868862,,ODP-KDU-FC/41,-7.135954,111.826744,,,5,3,0,0,8,REGIONAL 5,MADIUN,BOJONEGORO,KDU,,,2024-03-16 23:22:24,45096,2023,6,NON TITO,,,JAWA TIMUR,0.375,GREEN,1294656003,AREA 3,JATIM,LAMONGAN,TUBAN BOJONEGORO,,,0,0,0,JAWA TIMUR,BOJONEGORO,KALITIDU,NGIRINGINREJO,BOJONEGORO
10263868912,,ODP-KDU-FC/36,-7.132266,111.832649,,,7,1,0,0,8,REGIONAL 5,MADIUN,BOJONEGORO,KDU,,,2024-03-16 23:22:24,45096,2023,6,NON TITO,,,JAWA TIMUR,0.125,GREEN,1294656038,AREA 3,JATIM,LAMONGAN,TUBAN BOJONEGORO,,,0,0,0,JAWA TIMUR,BOJONEGORO,TRUCUK,PADANG,BOJONEGORO
10409295529,,ODP-BJN-FBL/32,-7.333319,111.91079,,,5,3,0,0,8,REGIONAL 5,MADIUN,BOJONEGORO,BJN,,,2024-03-16 23:27:13,45126,2023,7,NON TITO,,,JAWA TIMUR,0.375,GREEN,1303457743,AREA 3,JATIM,LAMONGAN,TUBAN BOJONEGORO,,,0,0,0,JAWA TIMUR,BOJONEGORO,TEMAYANG,KEDUNGSARI,BOJONEGORO
10662869944,,ODP-BJN-FBK/37,-7.24585,111.770328,,,5,3,0,0,8,REGIONAL 5,MADIUN,BOJONEGORO,BJN,,,2024-03-16 23:26:53,45192,2023,9,NON TITO,,,JAWA TIMUR,0.375,GREEN,1322851825,AREA 3,JATIM,LAMONGAN,TUBAN BOJONEGORO,,,0,0,0,JAWA TIMUR,BOJONEGORO,NGASEM,SENDANGHARJO,BOJONEGORO
10409519004,,ODP-BJN-FBL/33,-7.315366,111.915766,,,6,2,0,0,8,REGIONAL 5,MADIUN,BOJONEGORO,BJN,,,2024-03-16 23:26:09,45131,2023,7,NON TITO,,,JAWA TIMUR,0.25,GREEN,1303900134,AREA 3,JATIM,LAMONGAN,TUBAN BOJONEGORO,,,0,0,0,JAWA TIMUR,BOJONEGORO,TEMAYANG,PANDANTOYO,BOJONEGORO
10554268528,,ODP-SMJ-FN/33,-7.22545,111.956863,,,5,3,0,0,8,REGIONAL 5,MADIUN,BOJONEGORO,SMJ,,,2024-03-16 23:25:11,45162,2023,8,NON TITO,,,JAWA TIMUR,0.375,GREEN,1312401358,AREA 3,JATIM,LAMONGAN,TUBAN BOJONEGORO,,,0,0,0,JAWA TIMUR,BOJONEGORO,BALEN,MAYANGKAWIS,BOJONEGORO
10561018594,,ODP-BJN-FQ/71,-7.16128,111.886955,,,11,5,0,0,16,REGIONAL 5,MADIUN,BOJONEGORO,BJN,,,2024-03-16 23:26:47,45167,2023,8,NON TITO,,,JAWA TIMUR,0.3125,GREEN,1312778544,AREA 3,JATIM,LAMONGAN,TUBAN BOJONEGORO,,,0,0,0,JAWA TIMUR,BOJONEGORO,BOJONEGORO,SUKOREJO,BOJONEGORO
10561018620,,ODP-SMJ-FG/77,-7.183562,111.983863,,,6,2,0,0,8,REGIONAL 5,MADIUN,BOJONEGORO,SMJ,,,2024-03-16 23:26:30,45167,2023,8,NON TITO,,,JAWA TIMUR,0.25,GREEN,1312778560,AREA 3,JATIM,LAMONGAN,TUBAN BOJONEGORO,,,0,0,0,JAWA TIMUR,BOJONEGORO,BALEN,KEDUNGBONDO,BOJONEGORO
10563268877,,ODP-BJN-FBA/59,-7.192719,111.928313,,,6,2,0,0,8,REGIONAL 5,MADIUN,BOJONEGORO,BJN,,,2024-03-16 23:23:38,45169,2023,8,NON TITO,,,JAWA TIMUR,0.25,GREEN,1313080156,AREA 3,JATIM,LAMONGAN,TUBAN BOJONEGORO,,,0,0,0,JAWA TIMUR,BOJONEGORO,KAPAS,KAPAS,BOJONEGORO
10586293589,,ODP-BJN-FBP/14,-7.25321,111.851675,,,5,3,0,0,8,REGIONAL 5,MADIUN,BOJONEGORO,BJN,,,2024-03-16 23:24:40,45174,2023,9,NON TITO,,,JAWA TIMUR,0.375,GREEN,1314128806,AREA 3,JATIM,LAMONGAN,TUBAN BOJONEGORO,,,0,0,0,JAWA TIMUR,BOJONEGORO,DANDER,GROWOK,BOJONEGORO
10263868867,,ODP-KDU-FC/42,-7.135854,111.823123,,,6,2,0,0,8,REGIONAL 5,MADIUN,BOJONEGORO,KDU,,,2024-03-16 23:22:22,45096,2023,6,NON TITO,,,JAWA TIMUR,0.25,GREEN,1294656006,AREA 3,JATIM,LAMONGAN,TUBAN BOJONEGORO,,,0,0,0,JAWA TIMUR,BOJONEGORO,KALITIDU,NGIRINGINREJO,BOJONEGORO
9765194679,,ODP-BJN-FBM/30,-7.265439,111.876058,,,6,2,0,0,8,REGIONAL 5,MADIUN,BOJONEGORO,BJN,,,2024-03-16 23:28:11,44942,2023,1,NON TITO,,,JAWA TIMUR,0.25,GREEN,1262277743,AREA 3,JATIM,LAMONGAN,TUBAN BOJONEGORO,,,0,0,0,JAWA TIMUR,BOJONEGORO,DANDER,KUNCI,BOJONEGORO
9760694751,,ODP-SMJ-FN/31,-7.224354,111.961525,,,7,1,0,0,8,REGIONAL 5,MADIUN,BOJONEGORO,SMJ,,,2024-03-16 23:25:46,44939,2023,1,NON TITO,,,JAWA TIMUR,0.125,GREEN,1261903629,AREA 3,JATIM,LAMONGAN,TUBAN BOJONEGORO,,,0,0,0,JAWA TIMUR,BOJONEGORO,BALEN,KENEP,BOJONEGORO
11390218682,,ODP-BJN-FE/117,-7.191423,111.894848,,,5,3,0,0,8,REGIONAL 5,MADIUN,BOJONEGORO,BJN,,,2024-03-16 23:24:41,45356,2024,3,NON TITO,,,JAWA TIMUR,0.375,GREEN,1414060421,AREA 3,JATIM,LAMONGAN,TUBAN BOJONEGORO,,,0,0,0,JAWA TIMUR,BOJONEGORO,KAPAS,WEDI,BOJONEGORO
9420043723,,ODP-PAZ-FD/44,-7.26056,111.503944,,,6,2,0,0,8,REGIONAL 5,MADIUN,BOJONEGORO,PAD,,,2024-03-16 23:26:53,44851,2022,10,NON TITO,,,JAWA TIMUR,0.25,GREEN,1241341925,AREA 3,JATIM,LAMONGAN,TUBAN BOJONEGORO,,,0,0,0,JAWA TIMUR,BOJONEGORO,NGRAHO,SUGIH WARAS,BOJONEGORO
11533918544,,ODP-SMJ-FN/44,-7.272863,111.979816,,,7,1,0,0,8,REGIONAL 5,MADIUN,BOJONEGORO,SMJ,,,2024-05-18 17:15:12,45429,2024,5,NON TITO,,,JAWA TIMUR,0.125,GREEN,1430971275,AREA 3,JATIM,LAMONGAN,TUBAN BOJONEGORO,,,0,0,0,JAWA TIMUR,BOJONEGORO,SUKOSEWU,PURWOASRI,BOJONEGORO
11505718807,,ODP-PAZ-FB/29,-7.138023,111.723406,,,5,3,0,0,8,REGIONAL 5,MADIUN,BOJONEGORO,PAD,,,2024-05-08 06:53:43,45419,2024,5,NON TITO,,,JAWA TIMUR,0.375,GREEN,1426708694,AREA 3,JATIM,LAMONGAN,TUBAN BOJONEGORO,,,0,0,0,JAWA TIMUR,BOJONEGORO,KALITIDU,SUMENGKO,BOJONEGORO
11516218847,,ODP-KDU-FA/71,-7.128867,111.747489,,,5,3,0,0,8,REGIONAL 5,MADIUN,BOJONEGORO,KDU,,,2024-05-08 06:47:31,45419,2024,5,NON TITO,,,JAWA TIMUR,0.375,GREEN,1426707432,AREA 3,JATIM,LAMONGAN,TUBAN BOJONEGORO,,,0,0,0,JAWA TIMUR,BOJONEGORO,KALITIDU,TALOK,BOJONEGORO
9420043726,,ODP-PAZ-FD/45,-7.257388,111.504844,,,6,2,0,0,8,REGIONAL 5,MADIUN,BOJONEGORO,PAD,,,2024-03-16 23:26:40,44851,2022,10,NON TITO,,,JAWA TIMUR,0.25,GREEN,1241341927,AREA 3,JATIM,LAMONGAN,TUBAN BOJONEGORO,,,0,0,0,JAWA TIMUR,BOJONEGORO,NGRAHO,SUGIH WARAS,BOJONEGORO
9420043735,,ODP-PAZ-FD/48,-7.251431,111.510926,,,5,3,0,0,8,REGIONAL 5,MADIUN,BOJONEGORO,PAD,,,2024-03-16 23:25:53,44851,2022,10,NON TITO,,,JAWA TIMUR,0.375,GREEN,1241341933,AREA 3,JATIM,LAMONGAN,TUBAN BOJONEGORO,,,0,0,0,JAWA TIMUR,BOJONEGORO,NGRAHO,SUMBERAGUNG,BOJONEGORO
9447268990,,ODP-BJN-FBS/05,-7.210446,111.84973,,,5,3,0,0,8,REGIONAL 5,MADIUN,BOJONEGORO,BJN,,,2024-03-16 23:29:04,44855,2022,10,NON TITO,,,JAWA TIMUR,0.375,GREEN,1244474931,AREA 3,JATIM,LAMONGAN,TUBAN BOJONEGORO,,,0,0,0,JAWA TIMUR,BOJONEGORO,DANDER,SENDANGREJO,BOJONEGORO
11501293577,,ODP-SMJ-FE/51,-7.301656,112.032271,,,5,3,0,0,8,REGIONAL 5,MADIUN,BOJONEGORO,SMJ,,,2024-04-29 17:22:39,45411,2024,4,NON TITO,,,JAWA TIMUR,0.375,GREEN,1424669641,AREA 3,JATIM,LAMONGAN,TUBAN BOJONEGORO,,,0,0,0,JAWA TIMUR,BOJONEGORO,KEDUNGADEM,KEDUNGADEM,BOJONEGORO
11499043621,,ODP-BJN-FX/95,-7.161762,111.897591,,,4,3,1,0,8,REGIONAL 5,MADIUN,BOJONEGORO,BJN,,,2024-04-24 17:11:44,45405,2024,4,NON TITO,,,JAWA TIMUR,0.375,GREEN,1424062108,AREA 3,JATIM,LAMONGAN,TUBAN BOJONEGORO,,,0,0,0,JAWA TIMUR,BOJONEGORO,BOJONEGORO,SUKOREJO,BOJONEGORO
9447268995,,ODP-BJN-FBS/03,-7.207107,111.849864,,,5,2,0,0,8,REGIONAL 5,MADIUN,BOJONEGORO,BJN,,,2024-03-16 23:29:17,44855,2022,10,NON TITO,,,JAWA TIMUR,0.25,GREEN,1244474934,AREA 3,JATIM,LAMONGAN,TUBAN BOJONEGORO,,,0,0,0,JAWA TIMUR,BOJONEGORO,DANDER,SENDANGREJO,BOJONEGORO
9447269000,,ODP-BJN-FBS/02,-7.207124,111.855388,,,6,2,0,0,8,REGIONAL 5,MADIUN,BOJONEGORO,BJN,,,2024-03-16 23:29:07,44855,2022,10,NON TITO,,,JAWA TIMUR,0.25,GREEN,1244474937,AREA 3,JATIM,LAMONGAN,TUBAN BOJONEGORO,,,0,0,0,JAWA TIMUR,BOJONEGORO,DANDER,SUMODIKARAN,BOJONEGORO
9447269010,,ODP-BJN-FBS/06,-7.21522,111.849577,,,6,2,0,0,8,REGIONAL 5,MADIUN,BOJONEGORO,BJN,,,2024-03-16 23:29:16,44855,2022,10,NON TITO,,,JAWA TIMUR,0.25,GREEN,1244474944,AREA 3,JATIM,LAMONGAN,TUBAN BOJONEGORO,,,0,0,0,JAWA TIMUR,BOJONEGORO,DANDER,SENDANGREJO,BOJONEGORO
9513951149,,ODP-PAZ-FD/49,-7.318347,111.522301,,,5,3,0,0,8,REGIONAL 5,MADIUN,BOJONEGORO,PAD,,,2024-03-16 23:22:57,44881,2022,11,NON TITO,,,JAWA TIMUR,0.375,GREEN,1250774482,AREA 3,JATIM,LAMONGAN,TUBAN BOJONEGORO,,,0,0,0,JAWA TIMUR,BOJONEGORO,MARGOMULYO,MEDURI,BOJONEGORO
9603268958,,ODP-BJN-FBB/16,-7.277813,111.918398,,,5,3,0,0,8,REGIONAL 5,MADIUN,BOJONEGORO,BJN,,,2024-03-16 23:25:16,44895,2022,11,NON TITO,,,JAWA TIMUR,0.375,GREEN,1252454598,AREA 3,JATIM,LAMONGAN,TUBAN BOJONEGORO,,,0,0,0,JAWA TIMUR,BOJONEGORO,SUKOSEWU,SEMAWOT,BOJONEGORO
9601021062,,ODP-PAZ-FD/51,-7.266021,111.55944,,,6,2,0,0,8,REGIONAL 5,MADIUN,BOJONEGORO,PAD,,,2024-03-16 23:26:50,44897,2022,12,NON TITO,,,JAWA TIMUR,0.25,GREEN,1252678803,AREA 3,JATIM,LAMONGAN,TUBAN BOJONEGORO,,,0,0,0,JAWA TIMUR,BOJONEGORO,NGRAHO,NGANTI,BOJONEGORO
9615343880,,ODP-PAZ-FM/16,-7.226779,111.7053,,,5,3,0,0,8,REGIONAL 5,MADIUN,BOJONEGORO,PAD,,,2024-03-16 23:23:21,44897,2022,12,NON TITO,,,JAWA TIMUR,0.375,GREEN,1252681846,AREA 3,JATIM,LAMONGAN,TUBAN BOJONEGORO,,,0,0,0,JAWA TIMUR,BOJONEGORO,PURWOSARI,NGREJENG,BOJONEGORO
11401168724,,ODP-KDU-FA/70,-7.129595,111.763718,,,7,1,0,0,8,REGIONAL 5,MADIUN,BOJONEGORO,KDU,,,2024-03-16 23:27:39,45366,2024,3,NON TITO,,,JAWA TIMUR,0.125,GREEN,1417862535,AREA 3,JATIM,LAMONGAN,TUBAN BOJONEGORO,,,0,0,0,JAWA TIMUR,BOJONEGORO,KALITIDU,KALITIDU,BOJONEGORO
9658843616,,ODP-PAZ-FJ/04,-7.204807,111.687658,,,6,2,0,0,8,REGIONAL 5,MADIUN,BOJONEGORO,PAD,,,2024-03-16 23:25:09,44904,2022,12,NON TITO,,,JAWA TIMUR,0.25,GREEN,1252918914,AREA 3,JATIM,LAMONGAN,TUBAN BOJONEGORO,,,0,0,0,JAWA TIMUR,BOJONEGORO,PURWOSARI,PUNGGUR,BOJONEGORO
11390218687,,ODP-BJN-FE/116,-7.191936,111.89642,,,6,2,0,0,8,REGIONAL 5,MADIUN,BOJONEGORO,BJN,,,2024-03-16 23:25:20,45356,2024,3,NON TITO,,,JAWA TIMUR,0.25,GREEN,1414060425,AREA 3,JATIM,LAMONGAN,TUBAN BOJONEGORO,,,0,0,0,JAWA TIMUR,BOJONEGORO,KAPAS,WEDI,BOJONEGORO
9679094856,,ODP-SMJ-FJ/35,-7.31695,111.974077,,,6,2,0,0,8,REGIONAL 5,MADIUN,BOJONEGORO,SMJ,,,2024-03-16 23:23:33,44915,2022,12,NON TITO,,,JAWA TIMUR,0.25,GREEN,1253808040,AREA 3,JATIM,LAMONGAN,TUBAN BOJONEGORO,,,0,0,0,JAWA TIMUR,BOJONEGORO,SUGIHWARAS,BULU,BOJONEGORO
9753194338,,ODP-BJN-FBL/29,-7.315202,111.918859,,,6,2,0,0,8,REGIONAL 5,MADIUN,BOJONEGORO,BJN,,,2024-03-16 23:25:11,44937,2023,1,NON TITO,,,JAWA TIMUR,0.25,GREEN,1261750825,AREA 3,JATIM,LAMONGAN,TUBAN BOJONEGORO,,,0,0,0,JAWA TIMUR,BOJONEGORO,TEMAYANG,NGUJUNG,BOJONEGORO
9339120901,,ODP-BJN-FE/111,-7.168619,111.895911,,,5,3,0,0,8,REGIONAL 5,MADIUN,BOJONEGORO,BJN,,,2024-03-16 23:25:38,44838,2022,10,NON TITO,,,JAWA TIMUR,0.375,GREEN,1230077402,AREA 3,JATIM,LAMONGAN,TUBAN BOJONEGORO,,,0,0,0,JAWA TIMUR,BOJONEGORO,BOJONEGORO,SUKOREJO,BOJONEGORO
10264993652,,ODP-BJN-FBM/31,-7.262634,111.873201,,,7,1,0,0,8,REGIONAL 5,MADIUN,BOJONEGORO,BJN,,,2024-03-16 23:25:04,45092,2023,6,NON TITO,,,JAWA TIMUR,0.125,GREEN,1294286842,AREA 3,JATIM,LAMONGAN,TUBAN BOJONEGORO,,,0,0,0,JAWA TIMUR,BOJONEGORO,DANDER,SUMBERARUM,BOJONEGORO
6838318688,,ODP-KDU-FB/28,-7.175004,111.75783,,,6,2,0,0,8,REGIONAL 5,MADIUN,BOJONEGORO,KDU,,,2024-03-16 23:28:08,44365,2021,6,NON TITO,,,JAWA TIMUR,0.25,GREEN,906421948,AREA 3,JATIM,LAMONGAN,TUBAN BOJONEGORO,,,0,0,0,JAWA TIMUR,BOJONEGORO,NGASEM,JELU,BOJONEGORO
9049545047,,ODP-SMJ-FC/40,-7.075007,112.01848,,,6,2,0,0,8,REGIONAL 5,MADIUN,BOJONEGORO,SMJ,,,2024-03-16 23:24:27,44768,2022,7,NON TITO,,,JAWA TIMUR,0.25,GREEN,1203829902,AREA 3,JATIM,LAMONGAN,TUBAN BOJONEGORO,,,0,0,0,JAWA TIMUR,BOJONEGORO,KANOR,SEMAMBUNG,BOJONEGORO
2513295931,,ODP-BJN-FQ/53,-7.16086,111.884678,,,5,3,0,0,8,REGIONAL 5,MADIUN,BOJONEGORO,BJN,,,2024-03-16 23:23:47,43235,2018,5,NON TITO,,,JAWA TIMUR,0.375,GREEN,354209088,AREA 3,JATIM,LAMONGAN,TUBAN BOJONEGORO,,,0,0,0,JAWA TIMUR,BOJONEGORO,BOJONEGORO,SUKOREJO,BOJONEGORO
2513295991,,ODP-BJN-FQ/41,-7.161498,111.88853,,,5,3,0,0,8,REGIONAL 5,MADIUN,BOJONEGORO,BJN,,,2024-03-16 23:23:00,43235,2018,5,NON TITO,,,JAWA TIMUR,0.375,GREEN,354209124,AREA 3,JATIM,LAMONGAN,TUBAN BOJONEGORO,,,0,0,0,JAWA TIMUR,BOJONEGORO,BOJONEGORO,SUKOREJO,BOJONEGORO
2509023406,,ODP-BJN-FN/43,-7.148158,111.876664,,,12,4,0,0,16,REGIONAL 5,MADIUN,BOJONEGORO,BJN,,,2024-03-16 23:27:21,43237,2018,5,NON TITO,,,JAWA TIMUR,0.25,GREEN,354223810,AREA 3,JATIM,LAMONGAN,TUBAN BOJONEGORO,,,0,0,0,JAWA TIMUR,BOJONEGORO,BOJONEGORO,KAUMAN,BOJONEGORO
2508194216,,ODP-BJN-FJ/65,-7.142686,111.872147,,,5,3,0,0,8,REGIONAL 5,MADIUN,BOJONEGORO,BJN,,,2024-03-16 23:25:03,43243,2018,5,NON TITO,,,JAWA TIMUR,0.375,GREEN,354292528,AREA 3,JATIM,LAMONGAN,TUBAN BOJONEGORO,,,0,0,0,JAWA TIMUR,BOJONEGORO,TRUCUK,TRUCUK,BOJONEGORO
2585294131,,ODP-SMJ-FA/47,-7.191261,111.959579,,,6,2,0,0,8,REGIONAL 5,MADIUN,BOJONEGORO,SMJ,,,2024-03-16 23:27:08,43251,2018,5,NON TITO,,,JAWA TIMUR,0.25,GREEN,356868944,AREA 3,JATIM,LAMONGAN,TUBAN BOJONEGORO,,,0,0,0,JAWA TIMUR,BOJONEGORO,BALEN,BALENREJO,BOJONEGORO
3157319469,,ODP-BJN-FAG/19,-7.196775,111.928739,,,5,3,0,0,8,REGIONAL 5,MADIUN,BOJONEGORO,BJN,,,2024-03-16 23:26:29,43440,2018,12,NON TITO,,,JAWA TIMUR,0.375,GREEN,406491121,AREA 3,JATIM,LAMONGAN,TUBAN BOJONEGORO,,,0,0,0,JAWA TIMUR,BOJONEGORO,KAPAS,KAPAS,BOJONEGORO
3157319505,,ODP-BJN-FAG/16,-7.192974,111.926464,,,5,3,0,0,8,REGIONAL 5,MADIUN,BOJONEGORO,BJN,,,2024-03-16 23:26:18,43440,2018,12,NON TITO,,,JAWA TIMUR,0.375,GREEN,406491223,AREA 3,JATIM,LAMONGAN,TUBAN BOJONEGORO,,,0,0,0,JAWA TIMUR,BOJONEGORO,KAPAS,PLESUNGAN,BOJONEGORO
3156869025,,ODP-KDU-FD/11,-7.130895,111.773882,,,5,3,0,0,8,REGIONAL 5,MADIUN,BOJONEGORO,KDU,,,2024-03-16 23:28:56,43441,2018,12,NON TITO,,,JAWA TIMUR,0.375,GREEN,406498750,AREA 3,JATIM,LAMONGAN,TUBAN BOJONEGORO,,,0,0,0,JAWA TIMUR,BOJONEGORO,KALITIDU,MAYANGGENENG,BOJONEGORO
3152970658,,ODP-BJN-FM/52,-7.162654,111.878038,,,6,2,0,0,8,REGIONAL 5,MADIUN,BOJONEGORO,BJN,,,2024-03-16 23:27:42,43438,2018,12,NON TITO,,,JAWA TIMUR,0.25,GREEN,406842293,AREA 3,JATIM,LAMONGAN,TUBAN BOJONEGORO,,,0,0,0,JAWA TIMUR,BOJONEGORO,BOJONEGORO,SUMBANG,BOJONEGORO
3175172648,,ODP-KDU-FB/08,-7.177814,111.758248,,,7,1,0,0,8,REGIONAL 5,MADIUN,BOJONEGORO,KDU,,,2024-03-16 23:28:09,43445,2018,12,NON TITO,,,JAWA TIMUR,0.125,GREEN,407126081,AREA 3,JATIM,LAMONGAN,TUBAN BOJONEGORO,,,0,0,0,JAWA TIMUR,BOJONEGORO,NGASEM,JELU,BOJONEGORO
3175172756,,ODP-KDU-FA/43,-7.144937,111.762525,,,5,3,0,0,8,REGIONAL 5,MADIUN,BOJONEGORO,KDU,,,2024-03-16 23:28:13,43445,2018,12,NON TITO,,,JAWA TIMUR,0.375,GREEN,407126149,AREA 3,JATIM,LAMONGAN,TUBAN BOJONEGORO,,,0,0,0,JAWA TIMUR,BOJONEGORO,KALITIDU,WOTAN NGARE,BOJONEGORO
3191219037,,ODP-SMJ-FA/61,-7.298352,111.954031,,,6,2,0,0,8,REGIONAL 5,MADIUN,BOJONEGORO,SMJ,,,2024-03-16 23:27:14,43451,2018,12,NON TITO,,,JAWA TIMUR,0.25,GREEN,407340060,AREA 3,JATIM,LAMONGAN,TUBAN BOJONEGORO,,,0,0,0,JAWA TIMUR,BOJONEGORO,SUGIHWARAS,GLAGAHWANGI,BOJONEGORO
3223168892,,ODP-BJN-FBJ/08,-7.215661,111.869172,,,11,5,0,0,16,REGIONAL 5,MADIUN,BOJONEGORO,BJN,,,2024-03-16 23:24:55,43469,2019,1,NON TITO,,,JAWA TIMUR,0.3125,GREEN,424665441,AREA 3,JATIM,LAMONGAN,TUBAN BOJONEGORO,,,0,0,0,JAWA TIMUR,BOJONEGORO,DANDER,MOJORANU,BOJONEGORO
2479095293,,ODP-BJN-FR/13,-7.147978,111.887255,,,6,2,0,0,8,REGIONAL 5,MADIUN,BOJONEGORO,BJN,,,2024-03-16 23:28:51,43226,2018,5,NON TITO,,,JAWA TIMUR,0.25,GREEN,353740789,AREA 3,JATIM,LAMONGAN,TUBAN BOJONEGORO,,,0,0,0,JAWA TIMUR,BOJONEGORO,BOJONEGORO,KARANG PACAR,BOJONEGORO
3215295482,,ODP-SMJ-FF/03,-7.269358,112.04696,,,6,2,0,0,8,REGIONAL 5,MADIUN,BOJONEGORO,SMJ,,,2024-03-16 23:27:57,43479,2019,1,NON TITO,,,JAWA TIMUR,0.25,GREEN,448970756,AREA 3,JATIM,LAMONGAN,TUBAN BOJONEGORO,,,0,0,0,JAWA TIMUR,BOJONEGORO,KEDUNGADEM,SIDOMULYO,BOJONEGORO
3215295025,,ODP-SMJ-FE/12,-7.277333,112.047522,,,5,3,0,0,8,REGIONAL 5,MADIUN,BOJONEGORO,SMJ,,,2024-03-16 23:29:06,43479,2019,1,NON TITO,,,JAWA TIMUR,0.375,GREEN,451514712,AREA 3,JATIM,LAMONGAN,TUBAN BOJONEGORO,,,0,0,0,JAWA TIMUR,BOJONEGORO,KEDUNGADEM,SIDOREJO,BOJONEGORO
3215295120,,ODP-SMJ-FH/05,-7.234123,112.042308,,,6,2,0,0,8,REGIONAL 5,MADIUN,BOJONEGORO,SMJ,,,2024-03-16 23:29:08,43479,2019,1,NON TITO,,,JAWA TIMUR,0.25,GREEN,451587362,AREA 3,JATIM,LAMONGAN,TUBAN BOJONEGORO,,,0,0,0,JAWA TIMUR,BOJONEGORO,SUMBEREJO,BANJARJO,BOJONEGORO
3215295130,,ODP-SMJ-FE/11,-7.275853,112.047381,,,5,3,0,0,8,REGIONAL 5,MADIUN,BOJONEGORO,SMJ,,,2024-03-16 23:28:39,43479,2019,1,NON TITO,,,JAWA TIMUR,0.375,GREEN,451587371,AREA 3,JATIM,LAMONGAN,TUBAN BOJONEGORO,,,0,0,0,JAWA TIMUR,BOJONEGORO,KEDUNGADEM,SIDOREJO,BOJONEGORO
3215295186,,ODP-SMJ-FH/07,-7.216581,112.044807,,,6,2,0,0,8,REGIONAL 5,MADIUN,BOJONEGORO,SMJ,,,2024-03-16 23:29:05,43479,2019,1,NON TITO,,,JAWA TIMUR,0.25,GREEN,451587447,AREA 3,JATIM,LAMONGAN,TUBAN BOJONEGORO,,,0,0,0,JAWA TIMUR,BOJONEGORO,SUMBEREJO,BANJARJO,BOJONEGORO
3215295191,,ODP-SMJ-FF/05,-7.264373,112.046696,,,6,2,0,0,8,REGIONAL 5,MADIUN,BOJONEGORO,SMJ,,,2024-03-16 23:29:03,43479,2019,1,NON TITO,,,JAWA TIMUR,0.25,GREEN,451587451,AREA 3,JATIM,LAMONGAN,TUBAN BOJONEGORO,,,0,0,0,JAWA TIMUR,BOJONEGORO,KEDUNGADEM,SIDOMULYO,BOJONEGORO
3215295281,,ODP-SMJ-FE/05,-7.30042,112.038462,,,6,2,0,0,8,REGIONAL 5,MADIUN,BOJONEGORO,SMJ,,,2024-03-16 23:29:15,43479,2019,1,NON TITO,,,JAWA TIMUR,0.25,GREEN,451587559,AREA 3,JATIM,LAMONGAN,TUBAN BOJONEGORO,,,0,0,0,JAWA TIMUR,BOJONEGORO,KEDUNGADEM,KEDUNGADEM,BOJONEGORO
3215295301,,ODP-SMJ-FH/06,-7.232496,112.042648,,,6,2,0,0,8,REGIONAL 5,MADIUN,BOJONEGORO,SMJ,,,2024-03-16 23:28:58,43479,2019,1,NON TITO,,,JAWA TIMUR,0.25,GREEN,451587578,AREA 3,JATIM,LAMONGAN,TUBAN BOJONEGORO,,,0,0,0,JAWA TIMUR,BOJONEGORO,SUMBEREJO,BANJARJO,BOJONEGORO
3696495713,,ODP-BJN-FJ/80,-7.146752,111.879437,,,6,2,0,0,8,REGIONAL 5,MADIUN,BOJONEGORO,BJN,,,2024-03-16 23:26:17,43651,2019,7,NON TITO,,,JAWA TIMUR,0.25,GREEN,638063752,AREA 3,JATIM,LAMONGAN,TUBAN BOJONEGORO,,,0,0,0,JAWA TIMUR,BOJONEGORO,BOJONEGORO,KAUMAN,BOJONEGORO
3696495888,,ODP-BJN-FJ/79,-7.146753,111.879755,,,5,3,0,0,8,REGIONAL 5,MADIUN,BOJONEGORO,BJN,,,2024-03-16 23:26:18,43651,2019,7,NON TITO,,,JAWA TIMUR,0.375,GREEN,638063858,AREA 3,JATIM,LAMONGAN,TUBAN BOJONEGORO,,,0,0,0,JAWA TIMUR,BOJONEGORO,TRUCUK,BANJARSARI,BOJONEGORO
3710743557,,ODP-BJN-FE/88,-7.170254,111.894585,,,5,3,0,0,8,REGIONAL 5,MADIUN,BOJONEGORO,BJN,,,2024-03-16 23:26:25,43653,2019,7,NON TITO,,,JAWA TIMUR,0.375,GREEN,638077102,AREA 3,JATIM,LAMONGAN,TUBAN BOJONEGORO,,,0,0,0,JAWA TIMUR,BOJONEGORO,BOJONEGORO,SUKOREJO,BOJONEGORO
3710743587,,ODP-BJN-FE/82,-7.174551,111.905107,,,5,3,0,0,8,REGIONAL 5,MADIUN,BOJONEGORO,BJN,,,2024-03-16 23:26:23,43653,2019,7,NON TITO,,,JAWA TIMUR,0.375,GREEN,638077125,AREA 3,JATIM,LAMONGAN,TUBAN BOJONEGORO,,,0,0,0,JAWA TIMUR,BOJONEGORO,KAPAS,TIKUSAN,BOJONEGORO
3809144508,,ODP-BJN-FBJ/32,-7.250125,111.844894,,,6,2,0,0,8,REGIONAL 5,MADIUN,BOJONEGORO,BJN,,,2024-03-16 23:24:18,43706,2019,8,NON TITO,,,JAWA TIMUR,0.25,GREEN,643069050,AREA 3,JATIM,LAMONGAN,TUBAN BOJONEGORO,,,0,0,0,JAWA TIMUR,BOJONEGORO,DANDER,DANDER,BOJONEGORO
3836144575,,ODP-BJN-FBM/26,-7.265878,111.876015,,,12,4,0,0,16,REGIONAL 5,MADIUN,BOJONEGORO,BJN,,,2024-03-16 23:26:57,43721,2019,9,NON TITO,,,JAWA TIMUR,0.25,GREEN,650041002,AREA 3,JATIM,LAMONGAN,TUBAN BOJONEGORO,,,0,0,0,JAWA TIMUR,BOJONEGORO,DANDER,KUNCI,BOJONEGORO
3215295557,,ODP-SMJ-FF/06,-7.254824,112.042835,,,12,4,0,0,16,REGIONAL 5,MADIUN,BOJONEGORO,SMJ,,,2024-03-16 23:28:11,43479,2019,1,NON TITO,,,JAWA TIMUR,0.25,GREEN,448970824,AREA 3,JATIM,LAMONGAN,TUBAN BOJONEGORO,,,0,0,0,JAWA TIMUR,BOJONEGORO,KEDUNGADEM,JAMBEREJO,BOJONEGORO
4011795761,,ODP-BJN-FBJ/41,-7.223116,111.861073,,,6,2,0,0,8,REGIONAL 5,MADIUN,BOJONEGORO,BJN,,,2024-03-16 23:24:25,43740,2019,10,NON TITO,,,JAWA TIMUR,0.25,GREEN,675092510,AREA 3,JATIM,LAMONGAN,TUBAN BOJONEGORO,,,0,0,0,JAWA TIMUR,BOJONEGORO,DANDER,NGRASEH,BOJONEGORO
2481794673,,ODP-BJN-FH/50,-7.146157,111.890073,,,6,2,0,0,8,REGIONAL 5,MADIUN,BOJONEGORO,BJN,,,2024-03-16 23:24:14,43222,2018,5,NON TITO,,,JAWA TIMUR,0.25,GREEN,353722440,AREA 3,JATIM,LAMONGAN,TUBAN BOJONEGORO,,,0,0,0,JAWA TIMUR,BOJONEGORO,BOJONEGORO,KARANG PACAR,BOJONEGORO
2381220263,,ODP-BJN-FE/62,-7.189642,111.893274,,,6,2,0,0,8,REGIONAL 5,MADIUN,BOJONEGORO,BJN,,,2024-03-16 23:23:48,43185,2018,3,NON TITO,,,JAWA TIMUR,0.25,GREEN,333226376,AREA 3,JATIM,LAMONGAN,TUBAN BOJONEGORO,,,0,0,0,JAWA TIMUR,BOJONEGORO,KAPAS,WEDI,BOJONEGORO
1123641040,,ODP-BJN-FU/49,-7.250647,111.84249,,,5,2,0,0,8,REGIONAL 5,MADIUN,BOJONEGORO,BJN,,,2024-03-16 23:27:18,42744,2017,1,NON TITO,,,JAWA TIMUR,0.25,GREEN,39235612,AREA 3,JATIM,LAMONGAN,TUBAN BOJONEGORO,,,0,0,0,JAWA TIMUR,BOJONEGORO,DANDER,DANDER,BOJONEGORO
1123661279,,ODP-SMJ-FA/34,-7.235402,111.956383,,,7,1,0,0,8,REGIONAL 5,MADIUN,BOJONEGORO,SMJ,,,2024-03-16 23:24:22,42747,2017,1,NON TITO,,,JAWA TIMUR,0.125,GREEN,39245908,AREA 3,JATIM,LAMONGAN,TUBAN BOJONEGORO,,,0,0,0,JAWA TIMUR,BOJONEGORO,BALEN,MAYANGKAWIS,BOJONEGORO
1123661922,,ODP-SMJ-FA/09,-7.201469,111.974793,,,12,4,0,0,16,REGIONAL 5,MADIUN,BOJONEGORO,SMJ,,,2024-03-16 23:24:11,42747,2017,1,NON TITO,,,JAWA TIMUR,0.25,GREEN,39246440,AREA 3,JATIM,LAMONGAN,TUBAN BOJONEGORO,,,0,0,0,JAWA TIMUR,BOJONEGORO,BALEN,BULU,BOJONEGORO
1123662549,,ODP-SMJ-FA/32,-7.243834,111.955546,,,10,5,0,0,16,REGIONAL 5,MADIUN,BOJONEGORO,SMJ,,,2024-03-16 23:24:37,42747,2017,1,NON TITO,,,JAWA TIMUR,0.3125,GREEN,39246911,AREA 3,JATIM,LAMONGAN,TUBAN BOJONEGORO,,,0,0,0,JAWA TIMUR,BOJONEGORO,BALEN,MAYANGKAWIS,BOJONEGORO
1281569131,,ODP-BJN-FE/37,-7.167173,111.907805,,,5,3,0,0,8,REGIONAL 5,MADIUN,BOJONEGORO,BJN,,,2024-03-16 23:22:38,42788,2017,2,NON TITO,,,JAWA TIMUR,0.375,GREEN,67364726,AREA 3,JATIM,LAMONGAN,TUBAN BOJONEGORO,,,0,0,0,JAWA TIMUR,BOJONEGORO,KAPAS,SAMBIROTO,BOJONEGORO
1281571476,,ODP-BJN-FE/38,-7.168075,111.907575,,,5,3,0,0,8,REGIONAL 5,MADIUN,BOJONEGORO,BJN,,,2024-03-16 23:22:38,42788,2017,2,NON TITO,,,JAWA TIMUR,0.375,GREEN,67365864,AREA 3,JATIM,LAMONGAN,TUBAN BOJONEGORO,,,0,0,0,JAWA TIMUR,BOJONEGORO,KAPAS,SAMBIROTO,BOJONEGORO
1287730764,,ODP-BJN-FQ/26,-7.161665,111.888916,,,11,5,0,0,16,REGIONAL 5,MADIUN,BOJONEGORO,BJN,,,2024-03-16 23:23:02,42790,2017,2,NON TITO,,,JAWA TIMUR,0.3125,GREEN,67376549,AREA 3,JATIM,LAMONGAN,TUBAN BOJONEGORO,,,0,0,0,JAWA TIMUR,BOJONEGORO,BOJONEGORO,SUKOREJO,BOJONEGORO
1293568808,,ODP-BJN-FZ/15,-7.143395,111.881806,,,6,2,0,0,8,REGIONAL 5,MADIUN,BOJONEGORO,BJN,,,2024-03-16 23:25:02,42793,2017,2,NON TITO,,,JAWA TIMUR,0.25,GREEN,70154675,AREA 3,JATIM,LAMONGAN,TUBAN BOJONEGORO,,,0,0,0,JAWA TIMUR,BOJONEGORO,TRUCUK,BANJARSARI,BOJONEGORO
1291780069,,ODP-BJN-FL/16,-7.16627,111.86502,,,5,3,0,0,8,REGIONAL 5,MADIUN,BOJONEGORO,BJN,,,2024-03-16 23:28:36,42794,2017,2,NON TITO,,,JAWA TIMUR,0.375,GREEN,70162258,AREA 3,JATIM,LAMONGAN,TUBAN BOJONEGORO,,,0,0,0,JAWA TIMUR,BOJONEGORO,BOJONEGORO,JETAK,BOJONEGORO
1291780272,,ODP-BJN-FL/11,-7.160682,111.850877,,,6,2,0,0,8,REGIONAL 5,MADIUN,BOJONEGORO,BJN,,,2024-03-16 23:28:13,42794,2017,2,NON TITO,,,JAWA TIMUR,0.25,GREEN,70162393,AREA 3,JATIM,LAMONGAN,TUBAN BOJONEGORO,,,0,0,0,JAWA TIMUR,BOJONEGORO,DANDER,SUMBERTLASEH,BOJONEGORO
1291780521,,ODP-BJN-FL/20,-7.164451,111.866147,,,5,3,0,0,8,REGIONAL 5,MADIUN,BOJONEGORO,BJN,,,2024-03-16 23:28:41,42794,2017,2,NON TITO,,,JAWA TIMUR,0.375,GREEN,70162567,AREA 3,JATIM,LAMONGAN,TUBAN BOJONEGORO,,,0,0,0,JAWA TIMUR,BOJONEGORO,BOJONEGORO,JETAK,BOJONEGORO
1291781275,,ODP-BJN-FL/14,-7.165901,111.859154,,,6,2,0,0,8,REGIONAL 5,MADIUN,BOJONEGORO,BJN,,,2024-03-16 23:28:54,42794,2017,2,NON TITO,,,JAWA TIMUR,0.25,GREEN,70163002,AREA 3,JATIM,LAMONGAN,TUBAN BOJONEGORO,,,0,0,0,JAWA TIMUR,BOJONEGORO,BOJONEGORO,JETAK,BOJONEGORO
1291784547,,ODP-KDU-F01/02,-7.126145,111.746331,,,5,3,0,0,8,REGIONAL 5,MADIUN,BOJONEGORO,KDU,,,2024-03-16 23:21:54,42794,2017,2,NON TITO,,,JAWA TIMUR,0.375,GREEN,70165894,AREA 3,JATIM,LAMONGAN,TUBAN BOJONEGORO,,,0,0,0,JAWA TIMUR,BOJONEGORO,KALITIDU,TALOK,BOJONEGORO
2411594956,,ODP-BJN-FN/20,-7.151748,111.87451,,,11,5,0,0,16,REGIONAL 5,MADIUN,BOJONEGORO,BJN,,,2024-03-16 23:27:20,43202,2018,4,NON TITO,,,JAWA TIMUR,0.3125,GREEN,333636212,AREA 3,JATIM,LAMONGAN,TUBAN BOJONEGORO,,,0,0,0,JAWA TIMUR,BOJONEGORO,BOJONEGORO,KLANGON,BOJONEGORO
1303844108,,ODP-BJN-FW/17,-7.154764,111.889634,,,5,3,0,0,8,REGIONAL 5,MADIUN,BOJONEGORO,BJN,,,2024-03-16 23:23:51,42797,2017,3,NON TITO,,,JAWA TIMUR,0.375,GREEN,70181095,AREA 3,JATIM,LAMONGAN,TUBAN BOJONEGORO,,,0,0,0,JAWA TIMUR,BOJONEGORO,BOJONEGORO,MOJO KAMPUNG,BOJONEGORO
1516847200,,ODP-BJN-FBA/21,-7.211734,111.935155,,,5,3,0,0,8,REGIONAL 5,MADIUN,BOJONEGORO,BJN,,,2024-03-16 23:24:43,42893,2017,6,NON TITO,,,JAWA TIMUR,0.375,GREEN,156219496,AREA 3,JATIM,LAMONGAN,TUBAN BOJONEGORO,,,0,0,0,JAWA TIMUR,BOJONEGORO,BALEN,NGADILUHUR,BOJONEGORO
1527645876,,ODP-KDU-FA/18,-7.129235,111.763247,,,14,2,0,0,16,REGIONAL 5,MADIUN,BOJONEGORO,KDU,,,2024-03-16 23:22:47,42897,2017,6,NON TITO,,,JAWA TIMUR,0.125,GREEN,156462476,AREA 3,JATIM,LAMONGAN,TUBAN BOJONEGORO,,,0,0,0,JAWA TIMUR,BOJONEGORO,KALITIDU,KALITIDU,BOJONEGORO
1744319106,,ODP-BJN-FU/62,-7.246127,111.845798,,,5,3,0,0,8,REGIONAL 5,MADIUN,BOJONEGORO,BJN,,,2024-03-16 23:24:16,42975,2017,8,NON TITO,,,JAWA TIMUR,0.375,GREEN,188210038,AREA 3,JATIM,LAMONGAN,TUBAN BOJONEGORO,,,0,0,0,JAWA TIMUR,BOJONEGORO,DANDER,DANDER,BOJONEGORO
1908268636,,ODP-PAZ-FB/12,-7.239072,111.723278,,,6,2,0,0,8,REGIONAL 5,MADIUN,BOJONEGORO,PAD,,,2024-03-16 23:25:46,43022,2017,10,NON TITO,,,JAWA TIMUR,0.25,GREEN,238203246,AREA 3,JATIM,LAMONGAN,TUBAN BOJONEGORO,,,0,0,0,JAWA TIMUR,BOJONEGORO,NGASEM,BANDUNGREJO,BOJONEGORO
1908268686,,ODP-PAZ-FB/13,-7.241305,111.720015,,,7,1,0,0,8,REGIONAL 5,MADIUN,BOJONEGORO,PAD,,,2024-03-16 23:25:07,43022,2017,10,NON TITO,,,JAWA TIMUR,0.125,GREEN,238203262,AREA 3,JATIM,LAMONGAN,TUBAN BOJONEGORO,,,0,0,0,JAWA TIMUR,BOJONEGORO,NGASEM,BANDUNGREJO,BOJONEGORO
2081369077,,ODP-SMJ-FE/03,-7.289843,112.048399,,,5,3,0,0,8,REGIONAL 5,MADIUN,BOJONEGORO,SMJ,,,2024-03-16 23:23:33,43091,2017,12,NON TITO,,,JAWA TIMUR,0.375,GREEN,256188487,AREA 3,JATIM,LAMONGAN,TUBAN BOJONEGORO,,,0,0,0,JAWA TIMUR,BOJONEGORO,KEDUNGADEM,DROKILO,BOJONEGORO
2105746100,,ODP-BJN-FL/45,-7.162523,111.872614,,,5,3,0,0,8,REGIONAL 5,MADIUN,BOJONEGORO,BJN,,,2024-03-16 23:25:17,43103,2018,1,NON TITO,,,JAWA TIMUR,0.375,GREEN,258991149,AREA 3,JATIM,LAMONGAN,TUBAN BOJONEGORO,,,0,0,0,JAWA TIMUR,BOJONEGORO,BOJONEGORO,JETAK,BOJONEGORO
2139943932,,ODP-BJN-FM/24,-7.163265,111.877854,,,5,3,0,0,8,REGIONAL 5,MADIUN,BOJONEGORO,BJN,,,2024-03-16 23:28:07,43111,2018,1,NON TITO,,,JAWA TIMUR,0.375,GREEN,268447003,AREA 3,JATIM,LAMONGAN,TUBAN BOJONEGORO,,,0,0,0,JAWA TIMUR,BOJONEGORO,BOJONEGORO,SUMBANG,BOJONEGORO
2153520665,,ODP-SMJ-FA/36,-7.298357,111.954168,,,6,2,0,0,8,REGIONAL 5,MADIUN,BOJONEGORO,SMJ,,,2024-03-16 23:24:35,43117,2018,1,NON TITO,,,JAWA TIMUR,0.25,GREEN,286893702,AREA 3,JATIM,LAMONGAN,TUBAN BOJONEGORO,,,0,0,0,JAWA TIMUR,BOJONEGORO,SUGIHWARAS,GLAGAHWANGI,BOJONEGORO
2220797700,,ODP-BJN-FU/64,-7.223241,111.860795,,,6,2,0,0,8,REGIONAL 5,MADIUN,BOJONEGORO,BJN,,,2024-03-16 23:27:07,43137,2018,2,NON TITO,,,JAWA TIMUR,0.25,GREEN,318394928,AREA 3,JATIM,LAMONGAN,TUBAN BOJONEGORO,,,0,0,0,JAWA TIMUR,BOJONEGORO,DANDER,MOJORANU,BOJONEGORO
2248169629,,ODP-BJN-FBA/32,-7.19806,111.932762,,,11,5,0,0,16,REGIONAL 5,MADIUN,BOJONEGORO,BJN,,,2024-03-16 23:24:53,43146,2018,2,NON TITO,,,JAWA TIMUR,0.3125,GREEN,319638042,AREA 3,JATIM,LAMONGAN,TUBAN BOJONEGORO,,,0,0,0,JAWA TIMUR,BOJONEGORO,KAPAS,KAPAS,BOJONEGORO
2248470005,,ODP-BJN-FJ/30,-7.144075,111.872434,,,7,1,0,0,8,REGIONAL 5,MADIUN,BOJONEGORO,BJN,,,2024-03-16 23:26:46,43152,2018,2,NON TITO,,,JAWA TIMUR,0.125,GREEN,324013934,AREA 3,JATIM,LAMONGAN,TUBAN BOJONEGORO,,,0,0,0,JAWA TIMUR,BOJONEGORO,TRUCUK,TRUCUK,BOJONEGORO
2269020563,,ODP-SMJ-FG/20,-7.246815,112.00118,,,5,3,0,0,8,REGIONAL 5,MADIUN,BOJONEGORO,SMJ,,,2024-03-16 23:23:00,43157,2018,2,NON TITO,,,JAWA TIMUR,0.375,GREEN,324042660,AREA 3,JATIM,LAMONGAN,TUBAN BOJONEGORO,,,0,0,0,JAWA TIMUR,BOJONEGORO,KEDUNGADEM,BALONGCABE,BOJONEGORO
1299719074,,ODP-SMJ-FE/01,-7.301668,112.045784,,,5,3,0,0,8,REGIONAL 5,MADIUN,BOJONEGORO,SMJ,,,2024-03-16 23:24:12,42795,2017,3,NON TITO,,,JAWA TIMUR,0.375,GREEN,79286674,AREA 3,JATIM,LAMONGAN,TUBAN BOJONEGORO,,,0,0,0,JAWA TIMUR,BOJONEGORO,KEDUNGADEM,KEDUNGADEM,BOJONEGORO
4011796239,,ODP-BJN-FBJ/37,-7.233916,111.843055,,,5,3,0,0,8,REGIONAL 5,MADIUN,BOJONEGORO,BJN,,,2024-03-16 23:24:37,43740,2019,10,NON TITO,,,JAWA TIMUR,0.375,GREEN,675092671,AREA 3,JATIM,LAMONGAN,TUBAN BOJONEGORO,,,0,0,0,JAWA TIMUR,BOJONEGORO,DANDER,KARANGSONO,BOJONEGORO
4037294660,,ODP-SMJ-FA/68,-7.198576,111.951584,,,5,3,0,0,8,REGIONAL 5,MADIUN,BOJONEGORO,SMJ,,,2024-03-16 23:28:53,43745,2019,10,NON TITO,,,JAWA TIMUR,0.375,GREEN,677717046,AREA 3,JATIM,LAMONGAN,TUBAN BOJONEGORO,,,0,0,0,JAWA TIMUR,BOJONEGORO,BALEN,SUWALOH,BOJONEGORO
4260793810,,ODP-SMJ-FJ/02,-7.312122,111.956771,,,6,2,0,0,8,REGIONAL 5,MADIUN,BOJONEGORO,SMJ,,,2024-03-16 23:26:20,43777,2019,11,NON TITO,,,JAWA TIMUR,0.25,GREEN,758188944,AREA 3,JATIM,LAMONGAN,TUBAN BOJONEGORO,,,0,0,0,JAWA TIMUR,BOJONEGORO,SUGIHWARAS,SIWALAN,BOJONEGORO
6838318663,,ODP-KDU-FB/19,-7.201749,111.762758,,,7,1,0,0,8,REGIONAL 5,MADIUN,BOJONEGORO,KDU,,,2024-03-16 23:27:50,44365,2021,6,NON TITO,,,JAWA TIMUR,0.125,GREEN,906421925,AREA 3,JATIM,LAMONGAN,TUBAN BOJONEGORO,,,0,0,0,JAWA TIMUR,BOJONEGORO,NGASEM,BARENG,BOJONEGORO
6838318668,,ODP-KDU-FB/16,-7.210352,111.760458,,,5,3,0,0,8,REGIONAL 5,MADIUN,BOJONEGORO,KDU,,,2024-03-16 23:21:05,44365,2021,6,NON TITO,,,JAWA TIMUR,0.375,GREEN,906421929,AREA 3,JATIM,LAMONGAN,TUBAN BOJONEGORO,,,0,0,0,JAWA TIMUR,BOJONEGORO,NGASEM,BARENG,BOJONEGORO
11803169299,,ODP-SMJ-FC/45,-7.116629,112.007623,,,5,3,0,0,8,REGIONAL 5,MADIUN,BOJONEGORO,SMJ,,,2024-10-01 17:33:46,45565,2024,9,NON TITO,,,JAWA TIMUR,0.375,GREEN,1463273716,AREA 3,JATIM,LAMONGAN,TUBAN BOJONEGORO,,,0,0,0,JAWA TIMUR,BOJONEGORO,KANOR,TAMBAHREJO,BOJONEGORO
6872593673,,ODP-PAZ-FM/07,-7.223849,111.707201,,,6,2,0,0,8,REGIONAL 5,MADIUN,BOJONEGORO,PAD,,,2024-03-16 23:26:11,44369,2021,6,NON TITO,,,JAWA TIMUR,0.25,GREEN,907395141,AREA 3,JATIM,LAMONGAN,TUBAN BOJONEGORO,,,0,0,0,JAWA TIMUR,BOJONEGORO,PURWOSARI,NGREJENG,BOJONEGORO
6877319056,,ODP-BJN-FBK/16,-7.22376,111.761365,,,5,3,0,0,8,REGIONAL 5,MADIUN,BOJONEGORO,BJN,,,2024-03-16 23:28:34,44370,2021,6,NON TITO,,,JAWA TIMUR,0.375,GREEN,907771796,AREA 3,JATIM,LAMONGAN,TUBAN BOJONEGORO,,,0,0,0,JAWA TIMUR,BOJONEGORO,NGASEM,NGANTRU,BOJONEGORO
6905519176,,ODP-BJN-FAG/37,-7.198335,111.937254,,,7,1,0,0,8,REGIONAL 5,MADIUN,BOJONEGORO,BJN,,,2024-03-16 23:29:00,44372,2021,6,NON TITO,,,JAWA TIMUR,0.125,GREEN,908449663,AREA 3,JATIM,LAMONGAN,TUBAN BOJONEGORO,,,0,0,0,JAWA TIMUR,BOJONEGORO,BALEN,KABUNAN,BOJONEGORO
6905519208,,ODP-BJN-FAG/33,-7.204501,111.936338,,,4,3,0,0,8,REGIONAL 5,MADIUN,BOJONEGORO,BJN,,,2024-03-16 23:27:47,44372,2021,6,NON TITO,,,JAWA TIMUR,0.375,GREEN,908449689,AREA 3,JATIM,LAMONGAN,TUBAN BOJONEGORO,,,0,0,0,JAWA TIMUR,BOJONEGORO,BALEN,KABUNAN,BOJONEGORO
6943018644,,ODP-SMJ-FK/23,-7.221447,112.075603,,,5,3,0,0,8,REGIONAL 5,MADIUN,BOJONEGORO,SMJ,,,2024-03-16 23:29:14,44376,2021,6,NON TITO,,,JAWA TIMUR,0.375,GREEN,911823499,AREA 3,JATIM,LAMONGAN,TUBAN BOJONEGORO,,,0,0,0,JAWA TIMUR,BOJONEGORO,KEPOHBARU,CENGKIR,BOJONEGORO
7697668596,,ODP-BJN-FC/64,-7.158772,111.927929,,,10,6,0,0,16,REGIONAL 5,MADIUN,BOJONEGORO,BJN,,,2024-03-16 23:24:23,44457,2021,9,NON TITO,,,JAWA TIMUR,0.375,GREEN,1051268401,AREA 3,JATIM,LAMONGAN,TUBAN BOJONEGORO,,,0,0,0,JAWA TIMUR,BOJONEGORO,BOJONEGORO,SEMANDING,BOJONEGORO
8086393894,,ODP-BJN-FE/98,-7.182626,111.895174,,,5,3,0,0,8,REGIONAL 5,MADIUN,BOJONEGORO,BJN,,,2024-03-16 23:24:02,44512,2021,11,NON TITO,,,JAWA TIMUR,0.375,GREEN,1114872968,AREA 3,JATIM,LAMONGAN,TUBAN BOJONEGORO,,,0,0,0,JAWA TIMUR,BOJONEGORO,KAPAS,WEDI,BOJONEGORO
8189743578,,ODP-BJN-FBN/37,-7.112199,111.886901,,,9,6,0,0,16,REGIONAL 5,MADIUN,BOJONEGORO,BJN,,,2024-03-16 23:22:45,44525,2021,11,NON TITO,,,JAWA TIMUR,0.375,GREEN,1136597744,AREA 3,JATIM,LAMONGAN,TUBAN BOJONEGORO,,,0,0,0,JAWA TIMUR,TUBAN,PARENGAN,MOJOMALANG,BOJONEGORO
8239843538,,ODP-SMJ-FC/14,-7.099699,112.030179,,,6,2,0,0,8,REGIONAL 5,MADIUN,BOJONEGORO,SMJ,,,2024-03-16 23:28:56,44537,2021,12,NON TITO,,,JAWA TIMUR,0.25,GREEN,1161495701,AREA 3,JATIM,LAMONGAN,TUBAN BOJONEGORO,,,0,0,0,JAWA TIMUR,BOJONEGORO,KANOR,PRIGI,BOJONEGORO
8265943528,,ODP-BJN-FBL/26,-7.348806,111.901762,,,7,1,0,0,8,REGIONAL 5,MADIUN,BOJONEGORO,BJN,,,2024-03-16 23:28:24,44547,2021,12,NON TITO,,,JAWA TIMUR,0.125,GREEN,1163769408,AREA 3,JATIM,LAMONGAN,TUBAN BOJONEGORO,,,0,0,0,JAWA TIMUR,BOJONEGORO,TEMAYANG,KEDUNGSUMBER,BOJONEGORO
6838318658,,ODP-KDU-FB/23,-7.188826,111.759783,,,5,3,0,0,8,REGIONAL 5,MADIUN,BOJONEGORO,KDU,,,2024-03-16 23:29:06,44365,2021,6,NON TITO,,,JAWA TIMUR,0.375,GREEN,906421921,AREA 3,JATIM,LAMONGAN,TUBAN BOJONEGORO,,,0,0,0,JAWA TIMUR,BOJONEGORO,NGASEM,BARENG,BOJONEGORO
8265943533,,ODP-BJN-FBL/27,-7.350606,111.908187,,,5,3,0,0,8,REGIONAL 5,MADIUN,BOJONEGORO,BJN,,,2024-03-16 23:28:49,44547,2021,12,NON TITO,,,JAWA TIMUR,0.375,GREEN,1163769411,AREA 3,JATIM,LAMONGAN,TUBAN BOJONEGORO,,,0,0,0,JAWA TIMUR,BOJONEGORO,TEMAYANG,KEDUNGSARI,BOJONEGORO
8386168755,,ODP-BJN-FH/77,-7.146714,111.887998,,,5,3,0,0,8,REGIONAL 5,MADIUN,BOJONEGORO,BJN,,,2024-03-16 23:28:59,44587,2022,1,NON TITO,,,JAWA TIMUR,0.375,GREEN,1165127776,AREA 3,JATIM,LAMONGAN,TUBAN BOJONEGORO,,,0,0,0,JAWA TIMUR,BOJONEGORO,BOJONEGORO,KARANG PACAR,BOJONEGORO
8384444580,,ODP-SMJ-FC/25,-7.087808,112.022464,,,6,2,0,0,8,REGIONAL 5,MADIUN,BOJONEGORO,SMJ,,,2024-03-16 23:24:13,44589,2022,1,NON TITO,,,JAWA TIMUR,0.25,GREEN,1165144849,AREA 3,JATIM,LAMONGAN,TUBAN BOJONEGORO,,,0,0,0,JAWA TIMUR,BOJONEGORO,KANOR,KANOR,BOJONEGORO
8385422679,,ODP-BJN-FBA/54,-7.192844,111.923004,,,5,3,0,0,8,REGIONAL 5,MADIUN,BOJONEGORO,BJN,,,2024-03-16 23:23:43,44594,2022,2,NON TITO,,,JAWA TIMUR,0.375,GREEN,1165180280,AREA 3,JATIM,LAMONGAN,TUBAN BOJONEGORO,,,0,0,0,JAWA TIMUR,BOJONEGORO,KAPAS,PLESUNGAN,BOJONEGORO
8385422689,,ODP-BJN-FBA/52,-7.191068,111.92578,,,6,2,0,0,8,REGIONAL 5,MADIUN,BOJONEGORO,BJN,,,2024-03-16 23:23:44,44594,2022,2,NON TITO,,,JAWA TIMUR,0.25,GREEN,1165180286,AREA 3,JATIM,LAMONGAN,TUBAN BOJONEGORO,,,0,0,0,JAWA TIMUR,BOJONEGORO,KAPAS,PLESUNGAN,BOJONEGORO
8470769258,,ODP-KDU-FF/01,-7.10891,111.741579,,,5,3,0,0,8,REGIONAL 5,MADIUN,BOJONEGORO,KDU,,,2024-03-16 23:24:11,44616,2022,2,NON TITO,,,JAWA TIMUR,0.375,GREEN,1166832487,AREA 3,JATIM,LAMONGAN,TUBAN BOJONEGORO,,,0,0,0,JAWA TIMUR,BOJONEGORO,MALO,TREMBES,BOJONEGORO
8492893719,,ODP-SMJ-FM/02,-7.188235,112.032451,,,6,2,0,0,8,REGIONAL 5,MADIUN,BOJONEGORO,SMJ,,,2024-03-16 23:28:40,44627,2022,3,NON TITO,,,JAWA TIMUR,0.25,GREEN,1168363988,AREA 3,JATIM,LAMONGAN,TUBAN BOJONEGORO,,,0,0,0,JAWA TIMUR,BOJONEGORO,SUMBEREJO,TULUNGREJO,BOJONEGORO
8488243781,,ODP-SMJ-FF/08,-7.251572,112.041637,,,6,2,0,0,8,REGIONAL 5,MADIUN,BOJONEGORO,SMJ,,,2024-03-16 23:27:49,44627,2022,3,NON TITO,,,JAWA TIMUR,0.25,GREEN,1168365836,AREA 3,JATIM,LAMONGAN,TUBAN BOJONEGORO,,,0,0,0,JAWA TIMUR,BOJONEGORO,KEDUNGADEM,JAMBEREJO,BOJONEGORO
8507969117,,ODP-SMJ-FN/03,-7.226613,111.94423,,,12,4,0,0,16,REGIONAL 5,MADIUN,BOJONEGORO,SMJ,,,2024-03-16 23:23:45,44631,2022,3,NON TITO,,,JAWA TIMUR,0.25,GREEN,1168717784,AREA 3,JATIM,LAMONGAN,TUBAN BOJONEGORO,,,0,0,0,JAWA TIMUR,BOJONEGORO,BALEN,SIDOBANDUNG,BOJONEGORO
8645819857,,ODP-SMJ-FM/08,-7.194302,112.032573,,,8,6,2,0,16,REGIONAL 5,MADIUN,BOJONEGORO,SMJ,,,2024-03-16 23:25:14,44663,2022,4,NON TITO,,,JAWA TIMUR,0.375,GREEN,1175924712,AREA 3,JATIM,LAMONGAN,TUBAN BOJONEGORO,,,0,0,0,JAWA TIMUR,BOJONEGORO,SUMBEREJO,TULUNGREJO,BOJONEGORO
8763044443,,ODP-BJN-FAG/43,-7.204574,111.933771,,,12,4,0,0,16,REGIONAL 5,MADIUN,BOJONEGORO,BJN,,,2024-03-16 23:28:55,44695,2022,5,NON TITO,,,JAWA TIMUR,0.25,GREEN,1181767095,AREA 3,JATIM,LAMONGAN,TUBAN BOJONEGORO,,,0,0,0,JAWA TIMUR,BOJONEGORO,BALEN,KABUNAN,BOJONEGORO
8764620595,,ODP-SMJ-FC/34,-7.074497,112.020469,,,11,5,0,0,16,REGIONAL 5,MADIUN,BOJONEGORO,SMJ,,,2024-03-16 23:22:38,44702,2022,5,NON TITO,,,JAWA TIMUR,0.3125,GREEN,1181878762,AREA 3,JATIM,LAMONGAN,TUBAN BOJONEGORO,,,0,0,0,JAWA TIMUR,BOJONEGORO,KANOR,SEMAMBUNG,BOJONEGORO
8920994693,,ODP-BJN-FJ/105,-7.148717,111.874523,,,11,5,0,0,16,REGIONAL 5,MADIUN,BOJONEGORO,BJN,,,2024-03-16 23:21:25,44740,2022,6,NON TITO,,,JAWA TIMUR,0.3125,GREEN,1185483973,AREA 3,JATIM,LAMONGAN,TUBAN BOJONEGORO,,,0,0,0,JAWA TIMUR,BOJONEGORO,BOJONEGORO,KAUMAN,BOJONEGORO
9049545042,,ODP-SMJ-FC/39,-7.072142,112.01736,,,6,2,0,0,8,REGIONAL 5,MADIUN,BOJONEGORO,SMJ,,,2024-03-16 23:24:24,44768,2022,7,NON TITO,,,JAWA TIMUR,0.25,GREEN,1203829899,AREA 3,JATIM,LAMONGAN,TUBAN BOJONEGORO,,,0,0,0,JAWA TIMUR,BOJONEGORO,KANOR,SEMAMBUNG,BOJONEGORO
8371468582,,ODP-SMJ-FA/72,-7.190583,111.967241,,,6,2,0,0,8,REGIONAL 5,MADIUN,BOJONEGORO,SMJ,,,2024-03-16 23:23:05,44582,2022,1,NON TITO,,,JAWA TIMUR,0.25,GREEN,1165096676,AREA 3,JATIM,LAMONGAN,TUBAN BOJONEGORO,,,0,0,0,JAWA TIMUR,BOJONEGORO,BALEN,BALENREJO,BOJONEGORO
6838318643,,ODP-KDU-FB/26,-7.178999,111.758174,,,7,1,0,0,8,REGIONAL 5,MADIUN,BOJONEGORO,KDU,,,2024-03-16 23:29:09,44365,2021,6,NON TITO,,,JAWA TIMUR,0.125,GREEN,906421904,AREA 3,JATIM,LAMONGAN,TUBAN BOJONEGORO,,,0,0,0,JAWA TIMUR,BOJONEGORO,NGASEM,JELU,BOJONEGORO
6421094755,,ODP-PAZ-FE/37,-7.149267,111.700723,,,5,3,0,0,8,REGIONAL 5,MADIUN,BOJONEGORO,PAD,,,2024-03-16 23:29:00,44320,2021,5,NON TITO,,,JAWA TIMUR,0.375,GREEN,877940001,AREA 3,JATIM,LAMONGAN,TUBAN BOJONEGORO,,,0,0,0,JAWA TIMUR,BOJONEGORO,GAYAM,SUDU,BOJONEGORO
6350369856,,ODP-BJN-FBL/23,-7.324992,111.864427,,,6,2,0,0,8,REGIONAL 5,MADIUN,BOJONEGORO,BJN,,,2024-03-16 23:23:56,44309,2021,4,NON TITO,,,JAWA TIMUR,0.25,GREEN,873429051,AREA 3,JATIM,LAMONGAN,TUBAN BOJONEGORO,,,0,0,0,JAWA TIMUR,BOJONEGORO,BUBULAN,NGOROGUNUNG,BOJONEGORO
4260793878,,ODP-SMJ-FJ/05,-7.307197,111.955785,,,5,3,0,0,8,REGIONAL 5,MADIUN,BOJONEGORO,SMJ,,,2024-03-16 23:25:46,43777,2019,11,NON TITO,,,JAWA TIMUR,0.375,GREEN,758188991,AREA 3,JATIM,LAMONGAN,TUBAN BOJONEGORO,,,0,0,0,JAWA TIMUR,BOJONEGORO,SUGIHWARAS,SIWALAN,BOJONEGORO
4439293583,,ODP-BJN-FL/84,-7.141775,111.85564,,,4,3,0,0,8,REGIONAL 5,MADIUN,BOJONEGORO,BJN,,,2024-03-16 23:22:20,43825,2019,12,NON TITO,,,JAWA TIMUR,0.375,GREEN,789383500,AREA 3,JATIM,LAMONGAN,TUBAN BOJONEGORO,,,0,0,0,JAWA TIMUR,BOJONEGORO,DANDER,NGABLAK,BOJONEGORO
4553369191,,ODP-BJN-FBJ/61,-7.240833,111.858197,,,6,2,0,0,8,REGIONAL 5,MADIUN,BOJONEGORO,BJN,,,2024-03-16 23:24:50,43866,2020,2,NON TITO,,,JAWA TIMUR,0.25,GREEN,804429321,AREA 3,JATIM,LAMONGAN,TUBAN BOJONEGORO,,,0,0,0,JAWA TIMUR,BOJONEGORO,DANDER,NGRASEH,BOJONEGORO
4553369211,,ODP-BJN-FBJ/56,-7.240016,111.858008,,,4,2,2,0,8,REGIONAL 5,MADIUN,BOJONEGORO,BJN,,,2024-03-16 23:24:43,43866,2020,2,NON TITO,,,JAWA TIMUR,0.25,GREEN,804429327,AREA 3,JATIM,LAMONGAN,TUBAN BOJONEGORO,,,0,0,0,JAWA TIMUR,BOJONEGORO,DANDER,NGRASEH,BOJONEGORO
12788895948,,ODP-SMJ-FE/59,-7.326717,112.060675,,,6,2,0,0,8,REGIONAL 5,MADIUN,BOJONEGORO,SMJ,,,2026-06-24 16:47:42,46196,2026,6,NON TITO,,,JAWA TIMUR,0.25,GREEN,1505511841,AREA 3,JATIM,LAMONGAN,TUBAN BOJONEGORO,,,0,0,0,JAWA TIMUR,BOJONEGORO,KEDUNGADEM,MLIDEG,BOJONEGORO
4877594368,,ODP-PAZ-FB/19,-7.209306,111.70737,,,5,3,0,0,8,REGIONAL 5,MADIUN,BOJONEGORO,PAD,,,2024-03-16 23:27:09,43951,2020,4,NON TITO,,,JAWA TIMUR,0.375,GREEN,828467509,AREA 3,JATIM,LAMONGAN,TUBAN BOJONEGORO,,,0,0,0,JAWA TIMUR,BOJONEGORO,GAYAM,MOJODELIK,BOJONEGORO
4992343684,,ODP-SMJ-FB/36,-7.161894,112.047262,,,11,5,0,0,16,REGIONAL 5,MADIUN,BOJONEGORO,SMJ,,,2024-03-16 23:26:30,43973,2020,5,NON TITO,,,JAWA TIMUR,0.3125,GREEN,830176476,AREA 3,JATIM,LAMONGAN,TUBAN BOJONEGORO,,,0,0,0,JAWA TIMUR,BOJONEGORO,SUMBEREJO,MEJUWET,BOJONEGORO
5241868600,,ODP-BJN-FAG/23,-7.172105,111.953821,,,7,1,0,0,8,REGIONAL 5,MADIUN,BOJONEGORO,BJN,,,2024-03-16 23:28:49,44032,2020,7,NON TITO,,,JAWA TIMUR,0.125,GREEN,832774321,AREA 3,JATIM,LAMONGAN,TUBAN BOJONEGORO,,,0,0,0,JAWA TIMUR,BOJONEGORO,BALEN,PRAMBATAN,BOJONEGORO
5326695109,,ODP-BJN-FAG/24,-7.193018,111.944514,,,5,3,0,0,8,REGIONAL 5,MADIUN,BOJONEGORO,BJN,,,2024-03-16 23:22:47,44069,2020,8,NON TITO,,,JAWA TIMUR,0.375,GREEN,838772829,AREA 3,JATIM,LAMONGAN,TUBAN BOJONEGORO,,,0,0,0,JAWA TIMUR,BOJONEGORO,BALEN,SOBONTORO,BOJONEGORO
5607870308,,ODP-KDU-FD/16,-7.130439,111.778666,,,11,5,0,0,16,REGIONAL 5,MADIUN,BOJONEGORO,KDU,,,2024-03-16 23:27:25,44133,2020,10,NON TITO,,,JAWA TIMUR,0.3125,GREEN,855893534,AREA 3,JATIM,LAMONGAN,TUBAN BOJONEGORO,,,0,0,0,JAWA TIMUR,BOJONEGORO,KALITIDU,PANJUNAN,BOJONEGORO
5650093807,,ODP-BJN-FX/77,-7.158187,111.90646,,,11,5,0,0,16,REGIONAL 5,MADIUN,BOJONEGORO,BJN,,,2024-03-16 23:23:08,44141,2020,11,NON TITO,,,JAWA TIMUR,0.3125,GREEN,856370927,AREA 3,JATIM,LAMONGAN,TUBAN BOJONEGORO,,,0,0,0,JAWA TIMUR,BOJONEGORO,KAPAS,NGAMPEL,BOJONEGORO
5650093813,,ODP-BJN-FX/79,-7.156241,111.910582,,,6,2,0,0,8,REGIONAL 5,MADIUN,BOJONEGORO,BJN,,,2024-03-16 23:23:28,44141,2020,11,NON TITO,,,JAWA TIMUR,0.25,GREEN,856370931,AREA 3,JATIM,LAMONGAN,TUBAN BOJONEGORO,,,0,0,0,JAWA TIMUR,BOJONEGORO,KAPAS,SAMBIROTO,BOJONEGORO
5656093544,,ODP-BJN-FAG/26,-7.195884,111.945014,,,6,2,0,0,8,REGIONAL 5,MADIUN,BOJONEGORO,BJN,,,2024-03-16 23:24:35,44142,2020,11,NON TITO,,,JAWA TIMUR,0.25,GREEN,856373779,AREA 3,JATIM,LAMONGAN,TUBAN BOJONEGORO,,,0,0,0,JAWA TIMUR,BOJONEGORO,BALEN,SOBONTORO,BOJONEGORO
5656093559,,ODP-BJN-FAG/29,-7.198519,111.93428,,,6,2,0,0,8,REGIONAL 5,MADIUN,BOJONEGORO,BJN,,,2024-03-16 23:24:42,44142,2020,11,NON TITO,,,JAWA TIMUR,0.25,GREEN,856373788,AREA 3,JATIM,LAMONGAN,TUBAN BOJONEGORO,,,0,0,0,JAWA TIMUR,BOJONEGORO,KAPAS,KAPAS,BOJONEGORO
5684600582,,ODP-SMJ-FB/40,-7.166655,112.036167,,,5,3,0,0,8,REGIONAL 5,MADIUN,BOJONEGORO,SMJ,,,2024-03-16 23:28:30,44160,2020,11,NON TITO,,,JAWA TIMUR,0.375,GREEN,857119148,AREA 3,JATIM,LAMONGAN,TUBAN BOJONEGORO,,,0,0,0,JAWA TIMUR,BOJONEGORO,SUMBEREJO,PRAYUNGAN,BOJONEGORO
5815018542,,ODP-BJN-FBL/20,-7.313157,111.900825,,,5,3,0,0,8,REGIONAL 5,MADIUN,BOJONEGORO,BJN,,,2024-03-16 23:23:36,44187,2020,12,NON TITO,,,JAWA TIMUR,0.375,GREEN,858518042,AREA 3,JATIM,LAMONGAN,TUBAN BOJONEGORO,,,0,0,0,JAWA TIMUR,BOJONEGORO,TEMAYANG,JONO,BOJONEGORO
5815018557,,ODP-BJN-FBL/18,-7.311422,111.896659,,,6,2,0,0,8,REGIONAL 5,MADIUN,BOJONEGORO,BJN,,,2024-03-16 23:23:45,44187,2020,12,NON TITO,,,JAWA TIMUR,0.25,GREEN,858518051,AREA 3,JATIM,LAMONGAN,TUBAN BOJONEGORO,,,0,0,0,JAWA TIMUR,BOJONEGORO,TEMAYANG,JONO,BOJONEGORO
5816669672,,ODP-BJN-FBB/07,-7.257976,111.925831,,,7,1,0,0,8,REGIONAL 5,MADIUN,BOJONEGORO,BJN,,,2024-03-16 23:26:26,44190,2020,12,NON TITO,,,JAWA TIMUR,0.125,GREEN,858561762,AREA 3,JATIM,LAMONGAN,TUBAN BOJONEGORO,,,0,0,0,JAWA TIMUR,BOJONEGORO,SUKOSEWU,SUKOSEWU,BOJONEGORO
5794024349,,ODP-SMJ-FG/63,-7.178864,111.996195,,,5,3,0,0,8,REGIONAL 5,MADIUN,BOJONEGORO,SMJ,,,2024-03-16 23:23:02,44193,2020,12,NON TITO,,,JAWA TIMUR,0.375,GREEN,858753049,AREA 3,JATIM,LAMONGAN,TUBAN BOJONEGORO,,,0,0,0,JAWA TIMUR,BOJONEGORO,SUMBEREJO,SUMURAGUNG,BOJONEGORO
5808870105,,ODP-BJN-FBM/05,-7.262889,111.876482,,,5,3,0,0,8,REGIONAL 5,MADIUN,BOJONEGORO,BJN,,,2024-03-16 23:25:16,44194,2020,12,NON TITO,,,JAWA TIMUR,0.375,GREEN,858760933,AREA 3,JATIM,LAMONGAN,TUBAN BOJONEGORO,,,0,0,0,JAWA TIMUR,BOJONEGORO,DANDER,KUNCI,BOJONEGORO
5808870115,,ODP-BJN-FBM/03,-7.264556,111.873125,,,5,3,0,0,8,REGIONAL 5,MADIUN,BOJONEGORO,BJN,,,2024-03-16 23:25:10,44194,2020,12,NON TITO,,,JAWA TIMUR,0.375,GREEN,858760939,AREA 3,JATIM,LAMONGAN,TUBAN BOJONEGORO,,,0,0,0,JAWA TIMUR,BOJONEGORO,DANDER,SUMBERARUM,BOJONEGORO
5808870120,,ODP-BJN-FBM/01,-7.269303,111.881813,,,5,3,0,0,8,REGIONAL 5,MADIUN,BOJONEGORO,BJN,,,2024-03-16 23:25:19,44194,2020,12,NON TITO,,,JAWA TIMUR,0.375,GREEN,858760942,AREA 3,JATIM,LAMONGAN,TUBAN BOJONEGORO,,,0,0,0,JAWA TIMUR,BOJONEGORO,DANDER,KUNCI,BOJONEGORO
5828368594,,ODP-SMJ-FL/15,-7.126495,112.042428,,,5,3,0,0,8,REGIONAL 5,MADIUN,BOJONEGORO,SMJ,,,2024-03-16 23:28:28,44194,2020,12,NON TITO,,,JAWA TIMUR,0.375,GREEN,858764257,AREA 3,JATIM,LAMONGAN,TUBAN BOJONEGORO,,,0,0,0,JAWA TIMUR,BOJONEGORO,KANOR,SIMOREJO,BOJONEGORO
5886869034,,ODP-SMJ-FF/07,-7.2571,112.043844,,,7,1,0,0,8,REGIONAL 5,MADIUN,BOJONEGORO,SMJ,,,2024-03-16 23:23:21,44210,2021,1,NON TITO,,,JAWA TIMUR,0.125,GREEN,859905414,AREA 3,JATIM,LAMONGAN,TUBAN BOJONEGORO,,,0,0,0,JAWA TIMUR,BOJONEGORO,KEDUNGADEM,JAMBEREJO,BOJONEGORO
5949568769,,ODP-BJN-FBJ/74,-7.235813,111.833852,,,6,2,0,0,8,REGIONAL 5,MADIUN,BOJONEGORO,BJN,,,2024-03-16 23:27:40,44226,2021,1,NON TITO,,,JAWA TIMUR,0.25,GREEN,861067165,AREA 3,JATIM,LAMONGAN,TUBAN BOJONEGORO,,,0,0,0,JAWA TIMUR,BOJONEGORO,DANDER,KARANGSONO,BOJONEGORO
5949568774,,ODP-BJN-FBJ/69,-7.243786,111.819173,,,5,3,0,0,8,REGIONAL 5,MADIUN,BOJONEGORO,BJN,,,2024-03-16 23:26:50,44226,2021,1,NON TITO,,,JAWA TIMUR,0.375,GREEN,861067168,AREA 3,JATIM,LAMONGAN,TUBAN BOJONEGORO,,,0,0,0,JAWA TIMUR,BOJONEGORO,DANDER,NGUNUT,BOJONEGORO
5949568784,,ODP-BJN-FBJ/75,-7.23733,111.833271,,,5,3,0,0,8,REGIONAL 5,MADIUN,BOJONEGORO,BJN,,,2024-03-16 23:27:12,44226,2021,1,NON TITO,,,JAWA TIMUR,0.375,GREEN,861067174,AREA 3,JATIM,LAMONGAN,TUBAN BOJONEGORO,,,0,0,0,JAWA TIMUR,BOJONEGORO,DANDER,KARANGSONO,BOJONEGORO
5949568789,,ODP-BJN-FBJ/76,-7.239199,111.832778,,,5,3,0,0,8,REGIONAL 5,MADIUN,BOJONEGORO,BJN,,,2024-03-16 23:27:22,44226,2021,1,NON TITO,,,JAWA TIMUR,0.375,GREEN,861067177,AREA 3,JATIM,LAMONGAN,TUBAN BOJONEGORO,,,0,0,0,JAWA TIMUR,BOJONEGORO,DANDER,KARANGSONO,BOJONEGORO
5949568794,,ODP-BJN-FBJ/68,-7.244553,111.818698,,,6,2,0,0,8,REGIONAL 5,MADIUN,BOJONEGORO,BJN,,,2024-03-16 23:27:23,44226,2021,1,NON TITO,,,JAWA TIMUR,0.25,GREEN,861067180,AREA 3,JATIM,LAMONGAN,TUBAN BOJONEGORO,,,0,0,0,JAWA TIMUR,BOJONEGORO,DANDER,NGUNUT,BOJONEGORO
9051944114,,ODP-SMJ-FN/15,-7.2512,111.955482,,,7,1,0,0,8,REGIONAL 5,MADIUN,BOJONEGORO,SMJ,,,2024-03-16 23:26:22,44769,2022,7,NON TITO,,,JAWA TIMUR,0.125,GREEN,1203846631,AREA 3,JATIM,LAMONGAN,TUBAN BOJONEGORO,,,0,0,0,JAWA TIMUR,BOJONEGORO,SUKOSEWU,JUMPUT,BOJONEGORO
11805793691,,ODP-BJN-FBP/19,-7.228246,111.861663,,,6,2,0,0,8,REGIONAL 5,MADIUN,BOJONEGORO,BJN,,,2024-10-03 17:34:06,45567,2024,10,NON TITO,,,JAWA TIMUR,0.25,GREEN,1463281468,AREA 3,JATIM,LAMONGAN,TUBAN BOJONEGORO,,,0,0,0,JAWA TIMUR,BOJONEGORO,DANDER,NGRASEH,BOJONEGORO
4688368805,,ODP-BJN-FBL/10,-7.333598,111.912056,,,10,6,0,0,16,REGIONAL 5,MADIUN,BOJONEGORO,BJN,,,2024-03-16 23:26:45,43890,2020,2,NON TITO,,,JAWA TIMUR,0.375,GREEN,823844260,AREA 3,JATIM,LAMONGAN,TUBAN BOJONEGORO,,,0,0,0,JAWA TIMUR,BOJONEGORO,TEMAYANG,KEDUNGSARI,BOJONEGORO
11805793711,,ODP-BJN-FBP/25,-7.226452,111.860905,,,5,3,0,0,8,REGIONAL 5,MADIUN,BOJONEGORO,BJN,,,2024-10-03 17:36:33,45567,2024,10,NON TITO,,,JAWA TIMUR,0.375,GREEN,1463281483,AREA 3,JATIM,LAMONGAN,TUBAN BOJONEGORO,,,0,0,0,JAWA TIMUR,BOJONEGORO,DANDER,NGRASEH,BOJONEGORO
12329668712,,ODP-PAZ-FG/05,-7.250278,111.707519,,,5,3,0,0,8,REGIONAL 5,MADIUN,BOJONEGORO,PAD,,,2025-08-26 17:34:02,45894,2025,8,NON TITO,,,JAWA TIMUR,0.375,GREEN,1500650040,AREA 3,JATIM,LAMONGAN,TUBAN BOJONEGORO,,,0,0,0,JAWA TIMUR,BOJONEGORO,TAMBAKREJO,DOLOKGEDE,BOJONEGORO
12376470046,,ODP-BJN-FBB/20,-7.270552,111.914668,,,5,3,0,0,8,REGIONAL 5,MADIUN,BOJONEGORO,BJN,,,2025-09-16 17:32:00,45915,2025,9,NON TITO,,,JAWA TIMUR,0.375,GREEN,1501036081,AREA 3,JATIM,LAMONGAN,TUBAN BOJONEGORO,,,0,0,0,JAWA TIMUR,BOJONEGORO,SUKOSEWU,KALICILIK,BOJONEGORO
12377296081,,ODP-BJN-FBU/30,-7.11238,111.798941,,,5,3,0,0,8,REGIONAL 5,MADIUN,BOJONEGORO,BJN,,,2025-09-19 18:04:14,45918,2025,9,NON TITO,,,JAWA TIMUR,0.375,GREEN,1501053401,AREA 3,JATIM,LAMONGAN,TUBAN BOJONEGORO,,,0,0,0,JAWA TIMUR,BOJONEGORO,TRUCUK,KANTEN,BOJONEGORO
12383443546,,ODP-BJN-FP/105,-7.16144,111.864668,,,7,1,0,0,8,REGIONAL 5,MADIUN,BOJONEGORO,BJN,,,2025-09-23 17:31:54,45922,2025,9,NON TITO,,,JAWA TIMUR,0.125,GREEN,1501073604,AREA 3,JATIM,LAMONGAN,TUBAN BOJONEGORO,,,0,0,0,JAWA TIMUR,BOJONEGORO,TRUCUK,TULUNGREJO,BOJONEGORO
12383443551,,ODP-BJN-FP/102,-7.16181,111.860282,,,7,1,0,0,8,REGIONAL 5,MADIUN,BOJONEGORO,BJN,,,2025-09-23 17:31:32,45922,2025,9,NON TITO,,,JAWA TIMUR,0.125,GREEN,1501073608,AREA 3,JATIM,LAMONGAN,TUBAN BOJONEGORO,,,0,0,0,JAWA TIMUR,BOJONEGORO,TRUCUK,TULUNGREJO,BOJONEGORO
12383443561,,ODP-BJN-FP/106,-7.157914,111.868309,,,6,2,0,0,8,REGIONAL 5,MADIUN,BOJONEGORO,BJN,,,2025-09-23 17:28:15,45922,2025,9,NON TITO,,,JAWA TIMUR,0.25,GREEN,1501073617,AREA 3,JATIM,LAMONGAN,TUBAN BOJONEGORO,,,0,0,0,JAWA TIMUR,BOJONEGORO,TRUCUK,TULUNGREJO,BOJONEGORO
12387193550,,ODP-BJN-FU/103,-7.196052,111.868174,,,6,2,0,0,8,REGIONAL 5,MADIUN,BOJONEGORO,BJN,,,2025-09-23 17:32:01,45919,2025,9,NON TITO,,,JAWA TIMUR,0.25,GREEN,1501161500,AREA 3,JATIM,LAMONGAN,TUBAN BOJONEGORO,,,0,0,0,JAWA TIMUR,BOJONEGORO,DANDER,NGUMPAK DALEM,BOJONEGORO
12398743577,,ODP-PAZ-FD/77,-7.235862,111.529682,,,6,2,0,0,8,REGIONAL 5,MADIUN,BOJONEGORO,PAD,,,2025-09-25 17:49:22,45924,2025,9,NON TITO,,,JAWA TIMUR,0.25,GREEN,1501083222,AREA 3,JATIM,LAMONGAN,TUBAN BOJONEGORO,,,0,0,0,JAWA TIMUR,BOJONEGORO,NGRAHO,TAPELAN,BOJONEGORO
12398743582,,ODP-PAZ-FD/76,-7.235494,111.528615,,,6,2,0,0,8,REGIONAL 5,MADIUN,BOJONEGORO,PAD,,,2025-09-25 17:49:25,45924,2025,9,NON TITO,,,JAWA TIMUR,0.25,GREEN,1501083226,AREA 3,JATIM,LAMONGAN,TUBAN BOJONEGORO,,,0,0,0,JAWA TIMUR,BOJONEGORO,NGRAHO,TAPELAN,BOJONEGORO
12398743592,,ODP-PAZ-FD/75,-7.236417,111.528001,,,7,1,0,0,8,REGIONAL 5,MADIUN,BOJONEGORO,PAD,,,2025-09-25 17:49:20,45924,2025,9,NON TITO,,,JAWA TIMUR,0.125,GREEN,1501083232,AREA 3,JATIM,LAMONGAN,TUBAN BOJONEGORO,,,0,0,0,JAWA TIMUR,BOJONEGORO,NGRAHO,TAPELAN,BOJONEGORO
12404818865,,ODP-PAZ-FE/60,-7.171386,111.654415,,,6,2,0,0,8,REGIONAL 5,MADIUN,BOJONEGORO,PAD,,,2025-09-27 18:01:25,45926,2025,9,NON TITO,,,JAWA TIMUR,0.25,GREEN,1501624414,AREA 3,JATIM,LAMONGAN,TUBAN BOJONEGORO,,,0,0,0,JAWA TIMUR,BOJONEGORO,PADANGAN,KEBONAGUNG,BOJONEGORO
12329668707,,ODP-PAZ-FG/06,-7.251778,111.707587,,,5,3,0,0,8,REGIONAL 5,MADIUN,BOJONEGORO,PAD,,,2025-08-26 17:33:37,45894,2025,8,NON TITO,,,JAWA TIMUR,0.375,GREEN,1500650036,AREA 3,JATIM,LAMONGAN,TUBAN BOJONEGORO,,,0,0,0,JAWA TIMUR,BOJONEGORO,TAMBAKREJO,DOLOKGEDE,BOJONEGORO
12405493762,,ODP-PAZ-FC/74,-7.178062,111.624617,,,6,2,0,0,8,REGIONAL 5,MADIUN,BOJONEGORO,PAD,,,2025-09-27 17:56:04,45926,2025,9,NON TITO,,,JAWA TIMUR,0.25,GREEN,1501838239,AREA 3,JATIM,LAMONGAN,TUBAN BOJONEGORO,,,0,0,0,JAWA TIMUR,BOJONEGORO,PADANGAN,SONOREJO,BOJONEGORO
12403619293,,ODP-KDU-FE/19,-7.141476,111.82969,,,6,2,0,0,8,REGIONAL 5,MADIUN,BOJONEGORO,KDU,,,2025-09-28 18:09:46,45927,2025,9,NON TITO,,,JAWA TIMUR,0.25,GREEN,1501630934,AREA 3,JATIM,LAMONGAN,TUBAN BOJONEGORO,,,0,0,0,JAWA TIMUR,BOJONEGORO,KALITIDU,LERAN,BOJONEGORO
12403619303,,ODP-KDU-FE/20,-7.142481,111.829801,,,5,3,0,0,8,REGIONAL 5,MADIUN,BOJONEGORO,KDU,,,2025-09-28 18:08:38,45927,2025,9,NON TITO,,,JAWA TIMUR,0.375,GREEN,1501630940,AREA 3,JATIM,LAMONGAN,TUBAN BOJONEGORO,,,0,0,0,JAWA TIMUR,BOJONEGORO,KALITIDU,LERAN,BOJONEGORO
12403619318,,ODP-KDU-FE/21,-7.143619,111.831575,,,5,3,0,0,8,REGIONAL 5,MADIUN,BOJONEGORO,KDU,,,2025-09-28 18:08:29,45927,2025,9,NON TITO,,,JAWA TIMUR,0.375,GREEN,1501630950,AREA 3,JATIM,LAMONGAN,TUBAN BOJONEGORO,,,0,0,0,JAWA TIMUR,BOJONEGORO,KALITIDU,LERAN,BOJONEGORO
12407518798,,ODP-BJN-FP/107,-7.153775,111.878223,,,7,1,0,0,8,REGIONAL 5,MADIUN,BOJONEGORO,BJN,,,2025-10-01 17:41:11,45930,2025,9,NON TITO,,,JAWA TIMUR,0.125,GREEN,1501644987,AREA 3,JATIM,LAMONGAN,TUBAN BOJONEGORO,,,0,0,0,JAWA TIMUR,BOJONEGORO,BOJONEGORO,KLANGON,BOJONEGORO
12405046647,,ODP-PAZ-FC/77,-7.08115,111.617854,,,7,1,0,0,8,REGIONAL 5,MADIUN,BOJONEGORO,PAD,,,2025-10-04 17:49:36,45932,2025,10,NON TITO,,,JAWA TIMUR,0.125,GREEN,1501656159,AREA 3,JATIM,LAMONGAN,TUBAN BOJONEGORO,,,0,0,0,JAWA TIMUR,BOJONEGORO,KASIMAN,KASIMAN,BOJONEGORO
12417043704,,ODP-PAZ-FT/35,-7.247158,111.597087,,,7,1,0,0,8,REGIONAL 5,MADIUN,BOJONEGORO,PAD,,,2025-10-04 17:49:24,45933,2025,10,NON TITO,,,JAWA TIMUR,0.125,GREEN,1501659788,AREA 3,JATIM,LAMONGAN,TUBAN BOJONEGORO,,,0,0,0,JAWA TIMUR,BOJONEGORO,TAMBAKREJO,TANJUNG,BOJONEGORO
12419893631,,ODP-PAZ-FP/49,-7.144397,111.65178,,,7,1,0,0,8,REGIONAL 5,MADIUN,BOJONEGORO,PAD,,,2025-10-04 17:47:59,45933,2025,10,NON TITO,,,JAWA TIMUR,0.125,GREEN,1501659996,AREA 3,JATIM,LAMONGAN,TUBAN BOJONEGORO,,,0,0,0,JAWA TIMUR,BOJONEGORO,KASIMAN,SIDOMUKTI,BOJONEGORO
12418693739,,ODP-PAZ-FB/43,-7.172196,111.693738,,,5,3,0,0,8,REGIONAL 5,MADIUN,BOJONEGORO,PAD,,,2025-10-04 17:48:59,45933,2025,10,NON TITO,,,JAWA TIMUR,0.375,GREEN,1501661070,AREA 3,JATIM,LAMONGAN,TUBAN BOJONEGORO,,,0,0,0,JAWA TIMUR,BOJONEGORO,GAYAM,BRABOWAN,BOJONEGORO
12413671148,,ODP-SMJ-FD/52,-7.193767,112.023336,,,7,1,0,0,8,REGIONAL 5,MADIUN,BOJONEGORO,SMJ,,,2025-10-04 17:48:53,45932,2025,10,NON TITO,,,JAWA TIMUR,0.125,GREEN,1501857970,AREA 3,JATIM,LAMONGAN,TUBAN BOJONEGORO,,,0,0,0,JAWA TIMUR,BOJONEGORO,SUMBEREJO,PEJAMBON,BOJONEGORO
12420568805,,ODP-PAZ-FJ/17,-7.21469,111.687666,,,6,2,0,0,8,REGIONAL 5,MADIUN,BOJONEGORO,PAD,,,2025-10-04 17:46:29,45933,2025,10,NON TITO,,,JAWA TIMUR,0.25,GREEN,1501860699,AREA 3,JATIM,LAMONGAN,TUBAN BOJONEGORO,,,0,0,0,JAWA TIMUR,BOJONEGORO,PURWOSARI,TINUMPUK,BOJONEGORO
12424243872,,ODP-SMJ-FJ/44,-7.314571,111.973634,,,5,3,0,0,8,REGIONAL 5,MADIUN,BOJONEGORO,SMJ,,,2025-10-06 23:53:35,45936,2025,10,NON TITO,,,JAWA TIMUR,0.375,GREEN,1501867982,AREA 3,JATIM,LAMONGAN,TUBAN BOJONEGORO,,,0,0,0,JAWA TIMUR,BOJONEGORO,SUGIHWARAS,BULU,BOJONEGORO
12408193595,,ODP-PAZ-FC/75,-7.176083,111.628991,,,6,2,0,0,8,REGIONAL 5,MADIUN,BOJONEGORO,PAD,,,2025-09-28 18:09:14,45927,2025,9,NON TITO,,,JAWA TIMUR,0.25,GREEN,1501630243,AREA 3,JATIM,LAMONGAN,TUBAN BOJONEGORO,,,0,0,0,JAWA TIMUR,BOJONEGORO,PADANGAN,NGRADIN,BOJONEGORO
12431668603,,ODP-PAZ-FP/53,-7.134485,111.62755,,,7,1,0,0,8,REGIONAL 5,MADIUN,BOJONEGORO,PAD,,,2025-10-08 18:05:36,45937,2025,10,NON TITO,,,JAWA TIMUR,0.125,GREEN,1501988018,AREA 3,JATIM,LAMONGAN,TUBAN BOJONEGORO,,,0,0,0,JAWA TIMUR,BOJONEGORO,KASIMAN,SAMBENG,BOJONEGORO
12329668702,,ODP-PAZ-FG/07,-7.254428,111.707682,,,7,1,0,0,8,REGIONAL 5,MADIUN,BOJONEGORO,PAD,,,2025-08-26 17:33:44,45894,2025,8,NON TITO,,,JAWA TIMUR,0.125,GREEN,1500650033,AREA 3,JATIM,LAMONGAN,TUBAN BOJONEGORO,,,0,0,0,JAWA TIMUR,BOJONEGORO,TAMBAKREJO,DOLOKGEDE,BOJONEGORO
12329668692,,ODP-PAZ-FG/11,-7.241694,111.706398,,,7,1,0,0,8,REGIONAL 5,MADIUN,BOJONEGORO,PAD,,,2025-08-26 17:34:10,45894,2025,8,NON TITO,,,JAWA TIMUR,0.125,GREEN,1500650027,AREA 3,JATIM,LAMONGAN,TUBAN BOJONEGORO,,,0,0,0,JAWA TIMUR,BOJONEGORO,PURWOSARI,PELEM,BOJONEGORO
12260072981,,ODP-KDU-FF/73,-7.126238,111.723096,,,5,3,0,0,8,REGIONAL 5,MADIUN,BOJONEGORO,KDU,,,2025-07-19 18:11:49,45856,2025,7,NON TITO,,,JAWA TIMUR,0.375,GREEN,1500193086,AREA 3,JATIM,LAMONGAN,TUBAN BOJONEGORO,,,0,0,0,JAWA TIMUR,BOJONEGORO,MALO,SUDAH,BOJONEGORO
12255799584,,ODP-BJN-FBN/63,-7.06599,111.838722,,,5,3,0,0,8,REGIONAL 5,MADIUN,BOJONEGORO,BJN,,,2025-07-22 18:26:41,45859,2025,7,NON TITO,,,JAWA TIMUR,0.375,GREEN,1500340869,AREA 3,JATIM,LAMONGAN,TUBAN BOJONEGORO,,,0,0,0,JAWA TIMUR,TUBAN,PARENGAN,PARANGBATU,BOJONEGORO
12270493625,,ODP-PAZ-FH/06,-7.21058,111.561528,,,7,1,0,0,8,REGIONAL 5,MADIUN,BOJONEGORO,PAD,,,2025-07-26 18:31:48,45862,2025,7,NON TITO,,,JAWA TIMUR,0.125,GREEN,1500277121,AREA 3,JATIM,LAMONGAN,TUBAN BOJONEGORO,,,0,0,0,JAWA TIMUR,BOJONEGORO,NGRAHO,PAYAMAN,BOJONEGORO
12270493635,,ODP-PAZ-FH/05,-7.20908,111.558699,,,7,1,0,0,8,REGIONAL 5,MADIUN,BOJONEGORO,PAD,,,2025-07-26 18:35:27,45862,2025,7,NON TITO,,,JAWA TIMUR,0.125,GREEN,1500277128,AREA 3,JATIM,LAMONGAN,TUBAN BOJONEGORO,,,0,0,0,JAWA TIMUR,BOJONEGORO,NGRAHO,PAYAMAN,BOJONEGORO
12270493640,,ODP-PAZ-FH/07,-7.211764,111.563413,,,5,3,0,0,8,REGIONAL 5,MADIUN,BOJONEGORO,PAD,,,2025-07-26 18:32:38,45862,2025,7,NON TITO,,,JAWA TIMUR,0.375,GREEN,1500277131,AREA 3,JATIM,LAMONGAN,TUBAN BOJONEGORO,,,0,0,0,JAWA TIMUR,BOJONEGORO,NGRAHO,PAYAMAN,BOJONEGORO
11400568528,,ODP-BJN-FBT/14,-7.11843,111.846152,,,5,3,0,0,8,REGIONAL 5,MADIUN,BOJONEGORO,BJN,,,2025-08-02 18:10:20,45366,2024,3,NON TITO,,,JAWA TIMUR,0.375,GREEN,1417860152,AREA 3,JATIM,LAMONGAN,TUBAN BOJONEGORO,,,0,0,0,JAWA TIMUR,BOJONEGORO,TRUCUK,SUMBEREJO,BOJONEGORO
12287968899,,ODP-BJN-FBD/47,-7.118498,111.854685,,,5,3,0,0,8,REGIONAL 5,MADIUN,BOJONEGORO,BJN,,,2025-08-07 18:04:59,45875,2025,8,NON TITO,,,JAWA TIMUR,0.375,GREEN,1500440631,AREA 3,JATIM,LAMONGAN,TUBAN BOJONEGORO,,,0,0,0,JAWA TIMUR,BOJONEGORO,TRUCUK,SUMBEREJO,BOJONEGORO
12287745737,,ODP-KDU-FF/75,-7.096667,111.739897,,,5,3,0,0,8,REGIONAL 5,MADIUN,BOJONEGORO,KDU,,,2025-08-09 17:58:45,45877,2025,8,NON TITO,,,JAWA TIMUR,0.375,GREEN,1500447217,AREA 3,JATIM,LAMONGAN,TUBAN BOJONEGORO,,,0,0,0,JAWA TIMUR,BOJONEGORO,MALO,MALO,BOJONEGORO
12304393895,,ODP-SMJ-FD/51,-7.151563,112.058287,,,6,2,0,0,8,REGIONAL 5,MADIUN,BOJONEGORO,SMJ,,,2025-08-16 18:02:47,45884,2025,8,NON TITO,,,JAWA TIMUR,0.25,GREEN,1500564692,AREA 3,JATIM,LAMONGAN,TUBAN BOJONEGORO,,,0,0,0,JAWA TIMUR,BOJONEGORO,BAURENO,BANJARANYAR,BOJONEGORO
12314818664,,ODP-PAZ-FB/41,-7.174003,111.694772,,,5,3,0,0,8,REGIONAL 5,MADIUN,BOJONEGORO,PAD,,,2025-08-20 18:13:47,45888,2025,8,NON TITO,,,JAWA TIMUR,0.375,GREEN,1500477854,AREA 3,JATIM,LAMONGAN,TUBAN BOJONEGORO,,,0,0,0,JAWA TIMUR,BOJONEGORO,GAYAM,BRABOWAN,BOJONEGORO
12305145198,,ODP-BJN-FL/130,-7.151228,111.857321,,,7,1,0,0,8,REGIONAL 5,MADIUN,BOJONEGORO,BJN,,,2025-08-21 06:28:02,45889,2025,8,NON TITO,,,JAWA TIMUR,0.125,GREEN,1500484231,AREA 3,JATIM,LAMONGAN,TUBAN BOJONEGORO,,,0,0,0,JAWA TIMUR,BOJONEGORO,DANDER,NGABLAK,BOJONEGORO
12329668697,,ODP-PAZ-FG/09,-7.258375,111.709302,,,5,3,0,0,8,REGIONAL 5,MADIUN,BOJONEGORO,PAD,,,2025-08-26 17:34:12,45894,2025,8,NON TITO,,,JAWA TIMUR,0.375,GREEN,1500650030,AREA 3,JATIM,LAMONGAN,TUBAN BOJONEGORO,,,0,0,0,JAWA TIMUR,BOJONEGORO,TAMBAKREJO,DOLOKGEDE,BOJONEGORO
12305145209,,ODP-BJN-FL/128,-7.142609,111.855907,,,7,1,0,0,8,REGIONAL 5,MADIUN,BOJONEGORO,BJN,,,2025-08-21 06:30:40,45889,2025,8,NON TITO,,,JAWA TIMUR,0.125,GREEN,1500484238,AREA 3,JATIM,LAMONGAN,TUBAN BOJONEGORO,,,0,0,0,JAWA TIMUR,BOJONEGORO,DANDER,NGABLAK,BOJONEGORO
12316168756,,ODP-PAZ-FJ/11,-7.179563,111.666436,,,5,3,0,0,8,REGIONAL 5,MADIUN,BOJONEGORO,PAD,,,2025-08-25 23:22:54,45890,2025,8,NON TITO,,,JAWA TIMUR,0.375,GREEN,1500485642,AREA 3,JATIM,LAMONGAN,TUBAN BOJONEGORO,,,0,0,0,JAWA TIMUR,BOJONEGORO,PURWOSARI,POJOK,BOJONEGORO
12316168761,,ODP-PAZ-FJ/12,-7.183277,111.669723,,,7,1,0,0,8,REGIONAL 5,MADIUN,BOJONEGORO,PAD,,,2025-08-25 23:22:55,45890,2025,8,NON TITO,,,JAWA TIMUR,0.125,GREEN,1500485645,AREA 3,JATIM,LAMONGAN,TUBAN BOJONEGORO,,,0,0,0,JAWA TIMUR,BOJONEGORO,PURWOSARI,POJOK,BOJONEGORO
12316168766,,ODP-PAZ-FJ/10,-7.178298,111.663978,,,6,2,0,0,8,REGIONAL 5,MADIUN,BOJONEGORO,PAD,,,2025-08-25 23:23:11,45890,2025,8,NON TITO,,,JAWA TIMUR,0.25,GREEN,1500485648,AREA 3,JATIM,LAMONGAN,TUBAN BOJONEGORO,,,0,0,0,JAWA TIMUR,BOJONEGORO,PURWOSARI,PURWOSARI,BOJONEGORO
12316168776,,ODP-PAZ-FJ/13,-7.187386,111.673709,,,6,2,0,0,8,REGIONAL 5,MADIUN,BOJONEGORO,PAD,,,2025-08-25 23:23:02,45890,2025,8,NON TITO,,,JAWA TIMUR,0.25,GREEN,1500485656,AREA 3,JATIM,LAMONGAN,TUBAN BOJONEGORO,,,0,0,0,JAWA TIMUR,BOJONEGORO,PURWOSARI,POJOK,BOJONEGORO
12316168781,,ODP-PAZ-FJ/08,-7.175883,111.66252,,,5,2,1,0,8,REGIONAL 5,MADIUN,BOJONEGORO,PAD,,,2025-08-25 23:23:09,45890,2025,8,NON TITO,,,JAWA TIMUR,0.25,GREEN,1500485660,AREA 3,JATIM,LAMONGAN,TUBAN BOJONEGORO,,,0,0,0,JAWA TIMUR,BOJONEGORO,PURWOSARI,PURWOSARI,BOJONEGORO
12316168791,,ODP-PAZ-FJ/14,-7.189795,111.676079,,,6,2,0,0,8,REGIONAL 5,MADIUN,BOJONEGORO,PAD,,,2025-08-25 23:23:14,45890,2025,8,NON TITO,,,JAWA TIMUR,0.25,GREEN,1500485671,AREA 3,JATIM,LAMONGAN,TUBAN BOJONEGORO,,,0,0,0,JAWA TIMUR,BOJONEGORO,PURWOSARI,POJOK,BOJONEGORO
12321119585,,ODP-PAZ-FP/46,-7.120734,111.622104,,,5,3,0,0,8,REGIONAL 5,MADIUN,BOJONEGORO,PAD,,,2025-08-25 23:23:00,45894,2025,8,NON TITO,,,JAWA TIMUR,0.375,GREEN,1500613186,AREA 3,JATIM,LAMONGAN,TUBAN BOJONEGORO,,,0,0,0,JAWA TIMUR,BOJONEGORO,KASIMAN,SAMBENG,BOJONEGORO
12321119590,,ODP-PAZ-FP/44,-7.109791,111.622348,,,7,1,0,0,8,REGIONAL 5,MADIUN,BOJONEGORO,PAD,,,2025-08-25 23:22:56,45894,2025,8,NON TITO,,,JAWA TIMUR,0.125,GREEN,1500613189,AREA 3,JATIM,LAMONGAN,TUBAN BOJONEGORO,,,0,0,0,JAWA TIMUR,BOJONEGORO,KASIMAN,KASIMAN,BOJONEGORO
12321119595,,ODP-PAZ-FP/48,-7.132233,111.623529,,,7,1,0,0,8,REGIONAL 5,MADIUN,BOJONEGORO,PAD,,,2025-08-25 23:23:07,45894,2025,8,NON TITO,,,JAWA TIMUR,0.125,GREEN,1500613193,AREA 3,JATIM,LAMONGAN,TUBAN BOJONEGORO,,,0,0,0,JAWA TIMUR,BOJONEGORO,KASIMAN,SAMBENG,BOJONEGORO
12329668682,,ODP-PAZ-FG/10,-7.23678,111.705282,,,6,2,0,0,8,REGIONAL 5,MADIUN,BOJONEGORO,PAD,,,2025-08-26 17:33:55,45894,2025,8,NON TITO,,,JAWA TIMUR,0.25,GREEN,1500650021,AREA 3,JATIM,LAMONGAN,TUBAN BOJONEGORO,,,0,0,0,JAWA TIMUR,BOJONEGORO,PURWOSARI,PELEM,BOJONEGORO
12329668687,,ODP-PAZ-FG/08,-7.257234,111.708877,,,6,2,0,0,8,REGIONAL 5,MADIUN,BOJONEGORO,PAD,,,2025-08-26 17:33:46,45894,2025,8,NON TITO,,,JAWA TIMUR,0.25,GREEN,1500650024,AREA 3,JATIM,LAMONGAN,TUBAN BOJONEGORO,,,0,0,0,JAWA TIMUR,BOJONEGORO,TAMBAKREJO,DOLOKGEDE,BOJONEGORO
12316168751,,ODP-PAZ-FJ/09,-7.177479,111.662607,,,6,2,0,0,8,REGIONAL 5,MADIUN,BOJONEGORO,PAD,,,2025-08-25 23:22:57,45890,2025,8,NON TITO,,,JAWA TIMUR,0.25,GREEN,1500485639,AREA 3,JATIM,LAMONGAN,TUBAN BOJONEGORO,,,0,0,0,JAWA TIMUR,BOJONEGORO,PURWOSARI,PURWOSARI,BOJONEGORO
12431668618,,ODP-PAZ-FP/55,-7.13596,111.625254,,,6,2,0,0,8,REGIONAL 5,MADIUN,BOJONEGORO,PAD,,,2025-10-08 18:07:08,45937,2025,10,NON TITO,,,JAWA TIMUR,0.25,GREEN,1501988028,AREA 3,JATIM,LAMONGAN,TUBAN BOJONEGORO,,,0,0,0,JAWA TIMUR,BOJONEGORO,KASIMAN,SAMBENG,BOJONEGORO
12430843652,,ODP-PAZ-FU/10,-7.239871,111.515149,,,7,1,0,0,8,REGIONAL 5,MADIUN,BOJONEGORO,PAD,,,2025-10-09 17:34:07,45938,2025,10,NON TITO,,,JAWA TIMUR,0.125,GREEN,1501921985,AREA 3,JATIM,LAMONGAN,TUBAN BOJONEGORO,,,0,0,0,JAWA TIMUR,BOJONEGORO,NGRAHO,MOJOREJO,BOJONEGORO
12430843662,,ODP-PAZ-FU/11,-7.240696,111.516311,,,7,1,0,0,8,REGIONAL 5,MADIUN,BOJONEGORO,PAD,,,2025-10-09 17:34:45,45938,2025,10,NON TITO,,,JAWA TIMUR,0.125,GREEN,1501921995,AREA 3,JATIM,LAMONGAN,TUBAN BOJONEGORO,,,0,0,0,JAWA TIMUR,BOJONEGORO,NGRAHO,MOJOREJO,BOJONEGORO
12480643642,,ODP-KDU-FG/13,-7.161987,111.794747,,,5,3,0,0,8,REGIONAL 5,MADIUN,BOJONEGORO,KDU,,,2025-11-20 17:38:36,45980,2025,11,NON TITO,,,JAWA TIMUR,0.375,GREEN,1502737977,AREA 3,JATIM,LAMONGAN,TUBAN BOJONEGORO,,,0,0,0,JAWA TIMUR,BOJONEGORO,NGASEM,WADANG,BOJONEGORO
12480643657,,ODP-KDU-FG/05,-7.139628,111.800729,,,5,3,0,0,8,REGIONAL 5,MADIUN,BOJONEGORO,KDU,,,2025-11-20 17:38:34,45980,2025,11,NON TITO,,,JAWA TIMUR,0.375,GREEN,1502737987,AREA 3,JATIM,LAMONGAN,TUBAN BOJONEGORO,,,0,0,0,JAWA TIMUR,BOJONEGORO,KALITIDU,MOJOSARI,BOJONEGORO
12480643662,,ODP-KDU-FG/04,-7.139645,111.803471,,,6,2,0,0,8,REGIONAL 5,MADIUN,BOJONEGORO,KDU,,,2025-11-20 17:38:06,45980,2025,11,NON TITO,,,JAWA TIMUR,0.25,GREEN,1502737990,AREA 3,JATIM,LAMONGAN,TUBAN BOJONEGORO,,,0,0,0,JAWA TIMUR,BOJONEGORO,KALITIDU,MOJOSARI,BOJONEGORO
12492343663,,ODP-PAZ-FP/66,-7.077793,111.623718,,,7,1,0,0,8,REGIONAL 5,MADIUN,BOJONEGORO,PAD,,,2025-11-23 17:41:17,45983,2025,11,NON TITO,,,JAWA TIMUR,0.125,GREEN,1502823824,AREA 3,JATIM,LAMONGAN,TUBAN BOJONEGORO,,,0,0,0,JAWA TIMUR,BOJONEGORO,KASIMAN,KASIMAN,BOJONEGORO
12492343668,,ODP-PAZ-FP/59,-7.054551,111.644228,,,4,3,1,0,8,REGIONAL 5,MADIUN,BOJONEGORO,PAD,,,2025-11-23 17:40:57,45983,2025,11,NON TITO,,,JAWA TIMUR,0.375,GREEN,1502823827,AREA 3,JATIM,LAMONGAN,TUBAN BOJONEGORO,,,0,0,0,JAWA TIMUR,BOJONEGORO,KEDEWAN,HARGOMULYO,BOJONEGORO
12492343673,,ODP-PAZ-FP/67,-7.077867,111.622875,,,6,1,1,0,8,REGIONAL 5,MADIUN,BOJONEGORO,PAD,,,2025-11-23 17:42:45,45983,2025,11,NON TITO,,,JAWA TIMUR,0.125,GREEN,1502823830,AREA 3,JATIM,LAMONGAN,TUBAN BOJONEGORO,,,0,0,0,JAWA TIMUR,BOJONEGORO,KASIMAN,KASIMAN,BOJONEGORO
12492343708,,ODP-PAZ-FP/63,-7.073156,111.631484,,,5,3,0,0,8,REGIONAL 5,MADIUN,BOJONEGORO,PAD,,,2025-11-23 17:42:39,45983,2025,11,NON TITO,,,JAWA TIMUR,0.375,GREEN,1502823853,AREA 3,JATIM,LAMONGAN,TUBAN BOJONEGORO,,,0,0,0,JAWA TIMUR,BOJONEGORO,KEDEWAN,HARGOMULYO,BOJONEGORO
12492343718,,ODP-PAZ-FP/64,-7.076383,111.628992,,,7,1,0,0,8,REGIONAL 5,MADIUN,BOJONEGORO,PAD,,,2025-11-23 17:42:22,45983,2025,11,NON TITO,,,JAWA TIMUR,0.125,GREEN,1502823864,AREA 3,JATIM,LAMONGAN,TUBAN BOJONEGORO,,,0,0,0,JAWA TIMUR,BOJONEGORO,KEDEWAN,HARGOMULYO,BOJONEGORO
12490919030,,ODP-PAZ-FP/71,-7.098251,111.617579,,,5,3,0,0,8,REGIONAL 5,MADIUN,BOJONEGORO,PAD,,,2025-11-23 17:42:36,45983,2025,11,NON TITO,,,JAWA TIMUR,0.375,GREEN,1502968341,AREA 3,JATIM,LAMONGAN,TUBAN BOJONEGORO,,,0,0,0,JAWA TIMUR,BOJONEGORO,KASIMAN,KASIMAN,BOJONEGORO
12517918535,,ODP-SMJ-FN/63,-7.230336,111.956608,,,6,2,0,0,8,REGIONAL 5,MADIUN,BOJONEGORO,SMJ,,,2025-12-19 23:31:36,46008,2025,12,NON TITO,,,JAWA TIMUR,0.25,GREEN,1503098506,AREA 3,JATIM,LAMONGAN,TUBAN BOJONEGORO,,,0,0,0,JAWA TIMUR,BOJONEGORO,BALEN,MAYANGKAWIS,BOJONEGORO
12517918545,,OTB-BJN-FBL/41,-7.334935,111.912999,,,7,1,0,0,8,REGIONAL 5,MADIUN,BOJONEGORO,BJN,,,2025-12-19 23:30:36,46008,2025,12,NON TITO,,,JAWA TIMUR,0.125,GREEN,1503098512,AREA 3,JATIM,LAMONGAN,TUBAN BOJONEGORO,,,0,0,0,JAWA TIMUR,BOJONEGORO,TEMAYANG,KEDUNGSARI,BOJONEGORO
12480643622,,ODP-KDU-FG/07,-7.136609,111.803197,,,4,3,1,0,8,REGIONAL 5,MADIUN,BOJONEGORO,KDU,,,2025-11-20 17:38:56,45980,2025,11,NON TITO,,,JAWA TIMUR,0.375,GREEN,1502737960,AREA 3,JATIM,LAMONGAN,TUBAN BOJONEGORO,,,0,0,0,JAWA TIMUR,BOJONEGORO,KALITIDU,MOJOSARI,BOJONEGORO
12535168528,,ODP-BJN-FBJ/102,-7.230405,111.858886,,,6,2,0,0,8,REGIONAL 5,MADIUN,BOJONEGORO,BJN,,,2026-01-06 17:40:03,46027,2026,1,NON TITO,,,JAWA TIMUR,0.25,GREEN,1503180008,AREA 3,JATIM,LAMONGAN,TUBAN BOJONEGORO,,,0,0,0,JAWA TIMUR,BOJONEGORO,DANDER,NGRASEH,BOJONEGORO
12533668608,,ODP-BJN-FBP/68,-7.242711,111.858381,,,5,3,0,0,8,REGIONAL 5,MADIUN,BOJONEGORO,BJN,,,2026-01-07 17:35:37,46028,2026,1,NON TITO,,,JAWA TIMUR,0.375,GREEN,1503182187,AREA 3,JATIM,LAMONGAN,TUBAN BOJONEGORO,,,0,0,0,JAWA TIMUR,BOJONEGORO,DANDER,NGRASEH,BOJONEGORO
12533668613,,ODP-BJN-FBP/72,-7.243193,111.858831,,,6,2,0,0,8,REGIONAL 5,MADIUN,BOJONEGORO,BJN,,,2026-01-07 17:35:20,46028,2026,1,NON TITO,,,JAWA TIMUR,0.25,GREEN,1503182190,AREA 3,JATIM,LAMONGAN,TUBAN BOJONEGORO,,,0,0,0,JAWA TIMUR,BOJONEGORO,DANDER,NGRASEH,BOJONEGORO
12529543571,,ODP-PAZ-FT/41,-7.271204,111.622494,,,7,1,0,0,8,REGIONAL 5,MADIUN,BOJONEGORO,PAD,,,2026-01-08 17:34:55,46029,2026,1,NON TITO,,,JAWA TIMUR,0.125,GREEN,1503488916,AREA 3,JATIM,LAMONGAN,TUBAN BOJONEGORO,,,0,0,0,JAWA TIMUR,BOJONEGORO,TAMBAKREJO,TAMBAKREJO,BOJONEGORO
12568993964,,ODP-BJN-FBK/43,-7.235283,111.764695,,,5,3,0,0,8,REGIONAL 5,MADIUN,BOJONEGORO,BJN,,,2026-01-26 17:37:39,46048,2026,1,NON TITO,,,JAWA TIMUR,0.375,GREEN,1504032939,AREA 3,JATIM,LAMONGAN,TUBAN BOJONEGORO,,,0,0,0,JAWA TIMUR,BOJONEGORO,NGASEM,DUKOHKIDUL,BOJONEGORO
12583243528,,ODP-PAZ-FB/46,-7.17443,111.699164,,,7,1,0,0,8,REGIONAL 5,MADIUN,BOJONEGORO,PAD,,,2026-01-29 17:43:59,46050,2026,1,NON TITO,,,JAWA TIMUR,0.125,GREEN,1504102274,AREA 3,JATIM,LAMONGAN,TUBAN BOJONEGORO,,,0,0,0,JAWA TIMUR,BOJONEGORO,GAYAM,BRABOWAN,BOJONEGORO
12624493647,,ODP-PAZ-FP/72,-7.128455,111.649045,,,7,1,0,0,8,REGIONAL 5,MADIUN,BOJONEGORO,PAD,,,2026-02-14 17:37:46,46066,2026,2,NON TITO,,,JAWA TIMUR,0.125,GREEN,1504210440,AREA 3,JATIM,LAMONGAN,TUBAN BOJONEGORO,,,0,0,0,JAWA TIMUR,BOJONEGORO,KASIMAN,SEKARAN,BOJONEGORO
12626668528,,ODP-SMJ-FG/81,-7.227363,112.003486,,,7,1,0,0,8,REGIONAL 5,MADIUN,BOJONEGORO,SMJ,,,2026-02-14 17:36:29,46067,2026,2,NON TITO,,,JAWA TIMUR,0.125,GREEN,1504212069,AREA 3,JATIM,LAMONGAN,TUBAN BOJONEGORO,,,0,0,0,JAWA TIMUR,BOJONEGORO,SUMBEREJO,NGAMPAL,BOJONEGORO
12638745441,,ODP-PAZ-FE/65,-7.165836,111.672917,,,6,2,0,0,8,REGIONAL 5,MADIUN,BOJONEGORO,PAD,,,2026-02-24 17:58:19,46076,2026,2,NON TITO,,,JAWA TIMUR,0.25,GREEN,1504257187,AREA 3,JATIM,LAMONGAN,TUBAN BOJONEGORO,,,0,0,0,JAWA TIMUR,BOJONEGORO,GAYAM,NGRAHO,BOJONEGORO
12664243654,,ODP-BJN-FBJ/103,-7.232621,111.858015,,,6,1,1,0,8,REGIONAL 5,MADIUN,BOJONEGORO,BJN,,,2026-03-04 17:42:42,46084,2026,3,NON TITO,,,JAWA TIMUR,0.125,GREEN,1504379792,AREA 3,JATIM,LAMONGAN,TUBAN BOJONEGORO,,,0,0,0,JAWA TIMUR,BOJONEGORO,DANDER,NGRASEH,BOJONEGORO
12690568713,,ODP-PAZ-FT/42,-7.248558,111.598333,,,7,1,0,0,8,REGIONAL 5,MADIUN,BOJONEGORO,PAD,,,2026-03-20 17:35:53,46098,2026,3,NON TITO,,,JAWA TIMUR,0.125,GREEN,1504444575,AREA 3,JATIM,LAMONGAN,TUBAN BOJONEGORO,,,0,0,0,JAWA TIMUR,BOJONEGORO,TAMBAKREJO,TANJUNG,BOJONEGORO
12723120091,,ODP-SMJ-VH/24,-7.194449,112.048521,,,7,1,0,0,8,REGIONAL 5,MADIUN,BOJONEGORO,SMJ,,,2026-05-07 17:34:08,46147,2026,5,NON TITO,,,JAWA TIMUR,0.125,GREEN,1504892306,AREA 3,JATIM,LAMONGAN,TUBAN BOJONEGORO,,,0,0,0,JAWA TIMUR,BOJONEGORO,SUMBEREJO,KARANGDINOYO,BOJONEGORO
12533668603,,ODP-BJN-FBP/71,-7.243451,111.8588,,,5,3,0,0,8,REGIONAL 5,MADIUN,BOJONEGORO,BJN,,,2026-01-07 17:34:52,46028,2026,1,NON TITO,,,JAWA TIMUR,0.375,GREEN,1503182184,AREA 3,JATIM,LAMONGAN,TUBAN BOJONEGORO,,,0,0,0,JAWA TIMUR,BOJONEGORO,DANDER,NGRASEH,BOJONEGORO
12480643612,,ODP-KDU-FG/06,-7.141073,111.801268,,,6,2,0,0,8,REGIONAL 5,MADIUN,BOJONEGORO,KDU,,,2025-11-20 17:38:35,45980,2025,11,NON TITO,,,JAWA TIMUR,0.25,GREEN,1502737947,AREA 3,JATIM,LAMONGAN,TUBAN BOJONEGORO,,,0,0,0,JAWA TIMUR,BOJONEGORO,KALITIDU,MOJOSARI,BOJONEGORO
12480643607,,ODP-KDU-FG/12,-7.159206,111.795507,,,7,1,0,0,8,REGIONAL 5,MADIUN,BOJONEGORO,KDU,,,2025-11-20 17:38:50,45980,2025,11,NON TITO,,,JAWA TIMUR,0.125,GREEN,1502737943,AREA 3,JATIM,LAMONGAN,TUBAN BOJONEGORO,,,0,0,0,JAWA TIMUR,BOJONEGORO,NGASEM,WADANG,BOJONEGORO
12480643592,,ODP-KDU-FG/10,-7.142053,111.798444,,,6,2,0,0,8,REGIONAL 5,MADIUN,BOJONEGORO,KDU,,,2025-11-20 17:38:37,45980,2025,11,NON TITO,,,JAWA TIMUR,0.25,GREEN,1502737931,AREA 3,JATIM,LAMONGAN,TUBAN BOJONEGORO,,,0,0,0,JAWA TIMUR,BOJONEGORO,KALITIDU,MOJOSARI,BOJONEGORO
12432193557,,ODP-BJN-FBD/50,-7.134205,111.880054,,,6,2,0,0,8,REGIONAL 5,MADIUN,BOJONEGORO,BJN,,,2025-10-09 17:34:34,45939,2025,10,NON TITO,,,JAWA TIMUR,0.25,GREEN,1501995836,AREA 3,JATIM,LAMONGAN,TUBAN BOJONEGORO,,,0,0,0,JAWA TIMUR,BOJONEGORO,TRUCUK,BANJARSARI,BOJONEGORO
12427319691,,ODP-PAZ-FT/39,-7.246858,111.595521,,,6,2,0,0,8,REGIONAL 5,MADIUN,BOJONEGORO,PAD,,,2025-10-10 17:50:02,45939,2025,10,NON TITO,,,JAWA TIMUR,0.25,GREEN,1501926460,AREA 3,JATIM,LAMONGAN,TUBAN BOJONEGORO,,,0,0,0,JAWA TIMUR,BOJONEGORO,TAMBAKREJO,TANJUNG,BOJONEGORO
12432043714,,ODP-BJN-FBK/41,-7.246861,111.771744,,,6,2,0,0,8,REGIONAL 5,MADIUN,BOJONEGORO,BJN,,,2025-10-10 17:50:01,45939,2025,10,NON TITO,,,JAWA TIMUR,0.25,GREEN,1501929052,AREA 3,JATIM,LAMONGAN,TUBAN BOJONEGORO,,,0,0,0,JAWA TIMUR,BOJONEGORO,NGASEM,SENDANGHARJO,BOJONEGORO
12431894278,,ODP-SMJ-FA/85,-7.194115,111.95105,,,7,1,0,0,8,REGIONAL 5,MADIUN,BOJONEGORO,SMJ,,,2025-10-14 18:02:50,45943,2025,10,NON TITO,,,JAWA TIMUR,0.125,GREEN,1502007238,AREA 3,JATIM,LAMONGAN,TUBAN BOJONEGORO,,,0,0,0,JAWA TIMUR,BOJONEGORO,BALEN,BALENREJO,BOJONEGORO
12428973477,,ODP-BJN-FBS/20,-7.211351,111.822832,,,6,2,0,0,8,REGIONAL 5,MADIUN,BOJONEGORO,BJN,,,2025-10-17 19:39:51,45946,2025,10,NON TITO,,,JAWA TIMUR,0.25,GREEN,1502017775,AREA 3,JATIM,LAMONGAN,TUBAN BOJONEGORO,,,0,0,0,JAWA TIMUR,BOJONEGORO,DANDER,SUMBERAGUNG,BOJONEGORO
12442318666,,ODP-PAZ-FB/44,-7.179785,111.701921,,,6,2,0,0,8,REGIONAL 5,MADIUN,BOJONEGORO,PAD,,,2025-10-25 17:51:22,45954,2025,10,NON TITO,,,JAWA TIMUR,0.25,GREEN,1502041865,AREA 3,JATIM,LAMONGAN,TUBAN BOJONEGORO,,,0,0,0,JAWA TIMUR,BOJONEGORO,GAYAM,GAYAM,BOJONEGORO
12442168571,,ODP-PAZ-FJ/18,-7.202211,111.684234,,,7,1,0,0,8,REGIONAL 5,MADIUN,BOJONEGORO,PAD,,,2025-10-25 17:52:36,45954,2025,10,NON TITO,,,JAWA TIMUR,0.125,GREEN,1502042080,AREA 3,JATIM,LAMONGAN,TUBAN BOJONEGORO,,,0,0,0,JAWA TIMUR,BOJONEGORO,PURWOSARI,PUNGGUR,BOJONEGORO
12443818673,,ODP-BJN-FAG/54,-7.194483,111.934296,,,7,1,0,0,8,REGIONAL 5,MADIUN,BOJONEGORO,BJN,,,2025-10-25 17:51:52,45954,2025,10,NON TITO,,,JAWA TIMUR,0.125,GREEN,1502043290,AREA 3,JATIM,LAMONGAN,TUBAN BOJONEGORO,,,0,0,0,JAWA TIMUR,BOJONEGORO,KAPAS,KAPAS,BOJONEGORO
12442994544,,ODP-SMJ-FK/56,-7.247462,112.082025,,,7,1,0,0,8,REGIONAL 5,MADIUN,BOJONEGORO,SMJ,,,2025-11-10 17:36:08,45966,2025,11,NON TITO,,,JAWA TIMUR,0.125,GREEN,1502219077,AREA 3,JATIM,LAMONGAN,TUBAN BOJONEGORO,,,0,0,0,JAWA TIMUR,BOJONEGORO,KEPOHBARU,PEJOK,BOJONEGORO
12441720231,,ODP-PAZ-FV/10,-7.153413,111.639639,,,6,2,0,0,8,REGIONAL 5,MADIUN,BOJONEGORO,PAD,,,2025-11-10 17:36:47,45969,2025,11,NON TITO,,,JAWA TIMUR,0.25,GREEN,1502236622,AREA 3,JATIM,LAMONGAN,TUBAN BOJONEGORO,,,0,0,0,JAWA TIMUR,BOJONEGORO,KASIMAN,TEMBELING,BOJONEGORO
12441720236,,ODP-PAZ-FV/17,-7.145032,111.630484,,,7,1,0,0,8,REGIONAL 5,MADIUN,BOJONEGORO,PAD,,,2025-11-10 17:36:28,45969,2025,11,NON TITO,,,JAWA TIMUR,0.125,GREEN,1502236625,AREA 3,JATIM,LAMONGAN,TUBAN BOJONEGORO,,,0,0,0,JAWA TIMUR,BOJONEGORO,KASIMAN,BETET,BOJONEGORO
12441720241,,ODP-PAZ-FV/13,-7.142121,111.641062,,,6,2,0,0,8,REGIONAL 5,MADIUN,BOJONEGORO,PAD,,,2025-11-10 17:36:40,45969,2025,11,NON TITO,,,JAWA TIMUR,0.25,GREEN,1502236628,AREA 3,JATIM,LAMONGAN,TUBAN BOJONEGORO,,,0,0,0,JAWA TIMUR,BOJONEGORO,KASIMAN,BESAH,BOJONEGORO
12441720246,,ODP-PAZ-FV/16,-7.144112,111.633076,,,6,2,0,0,8,REGIONAL 5,MADIUN,BOJONEGORO,PAD,,,2025-11-10 17:36:15,45969,2025,11,NON TITO,,,JAWA TIMUR,0.25,GREEN,1502236631,AREA 3,JATIM,LAMONGAN,TUBAN BOJONEGORO,,,0,0,0,JAWA TIMUR,BOJONEGORO,KASIMAN,BETET,BOJONEGORO
12441720256,,ODP-PAZ-FV/12,-7.142889,111.642633,,,6,2,0,0,8,REGIONAL 5,MADIUN,BOJONEGORO,PAD,,,2025-11-10 17:36:42,45969,2025,11,NON TITO,,,JAWA TIMUR,0.25,GREEN,1502236640,AREA 3,JATIM,LAMONGAN,TUBAN BOJONEGORO,,,0,0,0,JAWA TIMUR,BOJONEGORO,KASIMAN,BESAH,BOJONEGORO
12441720261,,ODP-PAZ-FV/18,-7.14591,111.628229,,,7,1,0,0,8,REGIONAL 5,MADIUN,BOJONEGORO,PAD,,,2025-11-10 17:35:06,45969,2025,11,NON TITO,,,JAWA TIMUR,0.125,GREEN,1502236644,AREA 3,JATIM,LAMONGAN,TUBAN BOJONEGORO,,,0,0,0,JAWA TIMUR,BOJONEGORO,KASIMAN,BETET,BOJONEGORO
12441720281,,ODP-PAZ-FV/09,-7.154827,111.640568,,,5,3,0,0,8,REGIONAL 5,MADIUN,BOJONEGORO,PAD,,,2025-11-10 17:34:01,45969,2025,11,NON TITO,,,JAWA TIMUR,0.375,GREEN,1502236658,AREA 3,JATIM,LAMONGAN,TUBAN BOJONEGORO,,,0,0,0,JAWA TIMUR,BOJONEGORO,KASIMAN,TEMBELING,BOJONEGORO
12441720296,,ODP-PAZ-FV/07,-7.159934,111.642591,,,6,2,0,0,8,REGIONAL 5,MADIUN,BOJONEGORO,PAD,,,2025-11-10 17:36:24,45969,2025,11,NON TITO,,,JAWA TIMUR,0.25,GREEN,1502236668,AREA 3,JATIM,LAMONGAN,TUBAN BOJONEGORO,,,0,0,0,JAWA TIMUR,BOJONEGORO,KASIMAN,TEMBELING,BOJONEGORO
12441720306,,ODP-PAZ-FV/11,-7.147108,111.640852,,,6,2,0,0,8,REGIONAL 5,MADIUN,BOJONEGORO,PAD,,,2025-11-10 17:35:51,45969,2025,11,NON TITO,,,JAWA TIMUR,0.25,GREEN,1502236675,AREA 3,JATIM,LAMONGAN,TUBAN BOJONEGORO,,,0,0,0,JAWA TIMUR,BOJONEGORO,KASIMAN,BASAH,BOJONEGORO
12441720311,,ODP-PAZ-FV/19,-7.146062,111.624622,,,6,2,0,0,8,REGIONAL 5,MADIUN,BOJONEGORO,PAD,,,2025-11-10 17:36:00,45969,2025,11,NON TITO,,,JAWA TIMUR,0.25,GREEN,1502236678,AREA 3,JATIM,LAMONGAN,TUBAN BOJONEGORO,,,0,0,0,JAWA TIMUR,BOJONEGORO,KASIMAN,BETET,BOJONEGORO
12441126128,,ODP-BJN-FBB/26,-7.241246,111.934848,,,7,1,0,0,8,REGIONAL 5,MADIUN,BOJONEGORO,BJN,,,2025-11-11 23:35:00,45971,2025,11,NON TITO,,,JAWA TIMUR,0.125,GREEN,1502444049,AREA 3,JATIM,LAMONGAN,TUBAN BOJONEGORO,,,0,0,0,JAWA TIMUR,BOJONEGORO,SUKOSEWU,SUKOSEWU,BOJONEGORO
12453118694,,ODP-PAZ-FE/64,-7.17182,111.65432,,,6,2,0,0,8,REGIONAL 5,MADIUN,BOJONEGORO,PAD,,,2025-11-12 11:36:56,45972,2025,11,NON TITO,,,JAWA TIMUR,0.25,GREEN,1502248843,AREA 3,JATIM,LAMONGAN,TUBAN BOJONEGORO,,,0,0,0,JAWA TIMUR,BOJONEGORO,PADANGAN,KEBONAGUNG,BOJONEGORO
12462793605,,ODP-BJN-FBK/42,-7.280799,111.769854,,,6,2,0,0,8,REGIONAL 5,MADIUN,BOJONEGORO,BJN,,,2025-11-14 17:38:01,45973,2025,11,NON TITO,,,JAWA TIMUR,0.25,GREEN,1502254156,AREA 3,JATIM,LAMONGAN,TUBAN BOJONEGORO,,,0,0,0,JAWA TIMUR,BOJONEGORO,NGASEM,TRENGGULUNAN,BOJONEGORO
12462719092,,ODP-PAZ-FV/20,-7.144536,111.635618,,,6,2,0,0,8,REGIONAL 5,MADIUN,BOJONEGORO,PAD,,,2025-11-16 17:31:34,45975,2025,11,NON TITO,,,JAWA TIMUR,0.25,GREEN,1502267296,AREA 3,JATIM,LAMONGAN,TUBAN BOJONEGORO,,,0,0,0,JAWA TIMUR,BOJONEGORO,KASIMAN,BASAH,BOJONEGORO
12480193865,,ODP-BJN-FX/100,-7.168404,111.902977,,,6,2,0,0,8,REGIONAL 5,MADIUN,BOJONEGORO,BJN,,,2025-11-19 17:33:14,45979,2025,11,NON TITO,,,JAWA TIMUR,0.25,GREEN,1502284564,AREA 3,JATIM,LAMONGAN,TUBAN BOJONEGORO,,,0,0,0,JAWA TIMUR,BOJONEGORO,KAPAS,NGAMPEL,BOJONEGORO
12480643577,,ODP-KDU-FG/02,-7.138038,111.802929,,,6,2,0,0,8,REGIONAL 5,MADIUN,BOJONEGORO,KDU,,,2025-11-20 17:38:47,45980,2025,11,NON TITO,,,JAWA TIMUR,0.25,GREEN,1502737922,AREA 3,JATIM,LAMONGAN,TUBAN BOJONEGORO,,,0,0,0,JAWA TIMUR,BOJONEGORO,KALITIDU,MOJOSARI,BOJONEGORO
12259544979,,ODP-BJN-FD/70,-7.168897,111.878317,,,5,3,0,0,8,REGIONAL 5,MADIUN,BOJONEGORO,BJN,,,2025-07-18 17:50:03,45854,2025,7,NON TITO,,,JAWA TIMUR,0.375,GREEN,1500160503,AREA 3,JATIM,LAMONGAN,TUBAN BOJONEGORO,,,0,0,0,JAWA TIMUR,BOJONEGORO,BOJONEGORO,PACUL,BOJONEGORO
12259544964,,ODP-BJN-FD/69,-7.1685,111.878421,,,6,2,0,0,8,REGIONAL 5,MADIUN,BOJONEGORO,BJN,,,2025-07-18 17:49:07,45854,2025,7,NON TITO,,,JAWA TIMUR,0.25,GREEN,1500160489,AREA 3,JATIM,LAMONGAN,TUBAN BOJONEGORO,,,0,0,0,JAWA TIMUR,BOJONEGORO,BOJONEGORO,SUMBANG,BOJONEGORO
12255346854,,ODP-BJN-FU/102,-7.207904,111.881704,,,6,2,0,0,8,REGIONAL 5,MADIUN,BOJONEGORO,BJN,,,2025-07-15 23:51:37,45853,2025,7,NON TITO,,,JAWA TIMUR,0.25,GREEN,1500062364,AREA 3,JATIM,LAMONGAN,TUBAN BOJONEGORO,,,0,0,0,JAWA TIMUR,BOJONEGORO,KAPAS,PADANGMENTOYO,BOJONEGORO
12259395542,,ODP-BJN-FBT/02,-7.133977,111.859942,,,7,1,0,0,8,REGIONAL 5,MADIUN,BOJONEGORO,BJN,,,2025-07-12 23:48:10,45850,2025,7,NON TITO,,,JAWA TIMUR,0.125,GREEN,1500137308,AREA 3,JATIM,LAMONGAN,TUBAN BOJONEGORO,,,0,0,0,JAWA TIMUR,BOJONEGORO,TRUCUK,GUYANGAN,BOJONEGORO
12023518780,,ODP-PAZ-FB/39,-7.157856,111.718593,,,6,2,0,0,8,REGIONAL 5,MADIUN,BOJONEGORO,PAD,,,2024-12-24 17:30:01,45649,2024,12,NON TITO,,,JAWA TIMUR,0.25,GREEN,1495618513,AREA 3,JATIM,LAMONGAN,TUBAN BOJONEGORO,,,0,0,0,JAWA TIMUR,BOJONEGORO,GAYAM,KATUR,BOJONEGORO
12023518785,,ODP-PAZ-FB/38,-7.169694,111.715991,,,6,2,0,0,8,REGIONAL 5,MADIUN,BOJONEGORO,PAD,,,2024-12-24 17:31:09,45649,2024,12,NON TITO,,,JAWA TIMUR,0.25,GREEN,1495618516,AREA 3,JATIM,LAMONGAN,TUBAN BOJONEGORO,,,0,0,0,JAWA TIMUR,BOJONEGORO,GAYAM,RINGINTUNGGAL,BOJONEGORO
12018494813,,ODP-SMJ-FF/10,-7.248123,112.039779,,,5,3,0,0,8,REGIONAL 5,MADIUN,BOJONEGORO,SMJ,,,2024-12-25 17:52:53,45650,2024,12,NON TITO,,,JAWA TIMUR,0.375,GREEN,1495621675,AREA 3,JATIM,LAMONGAN,TUBAN BOJONEGORO,,,0,0,0,JAWA TIMUR,BOJONEGORO,KEDUNGADEM,JAMBEREJO,BOJONEGORO
12018494823,,ODP-SMJ-FF/09,-7.247363,112.041069,,,7,1,0,0,8,REGIONAL 5,MADIUN,BOJONEGORO,SMJ,,,2024-12-25 17:52:46,45650,2024,12,NON TITO,,,JAWA TIMUR,0.125,GREEN,1495621682,AREA 3,JATIM,LAMONGAN,TUBAN BOJONEGORO,,,0,0,0,JAWA TIMUR,BOJONEGORO,KEDUNGADEM,JAMBEREJO,BOJONEGORO
12022247599,,ODP-SMJ-FA/81,-7.185896,111.971201,,,5,3,0,0,8,REGIONAL 5,MADIUN,BOJONEGORO,SMJ,,,2024-12-28 17:32:35,45653,2024,12,NON TITO,,,JAWA TIMUR,0.375,GREEN,1495639794,AREA 3,JATIM,LAMONGAN,TUBAN BOJONEGORO,,,0,0,0,JAWA TIMUR,BOJONEGORO,BALEN,MARGOMULYO,BOJONEGORO
12022247604,,ODP-SMJ-FA/80,-7.183111,111.971155,,,6,2,0,0,8,REGIONAL 5,MADIUN,BOJONEGORO,SMJ,,,2024-12-28 17:33:17,45653,2024,12,NON TITO,,,JAWA TIMUR,0.25,GREEN,1495639797,AREA 3,JATIM,LAMONGAN,TUBAN BOJONEGORO,,,0,0,0,JAWA TIMUR,BOJONEGORO,BALEN,MARGOMULYO,BOJONEGORO
12024794221,,ODP-SMJ-FC/54,-7.118345,112.027011,,,6,2,0,0,8,REGIONAL 5,MADIUN,BOJONEGORO,SMJ,,,2025-01-07 17:31:26,45663,2025,1,NON TITO,,,JAWA TIMUR,0.25,GREEN,1495683828,AREA 3,JATIM,LAMONGAN,TUBAN BOJONEGORO,,,0,0,0,JAWA TIMUR,BOJONEGORO,KANOR,SUMBERWANGI,BOJONEGORO
12024794231,,ODP-SMJ-FC/57,-7.113419,112.026949,,,7,1,0,0,8,REGIONAL 5,MADIUN,BOJONEGORO,SMJ,,,2025-01-07 17:34:23,45663,2025,1,NON TITO,,,JAWA TIMUR,0.125,GREEN,1495683834,AREA 3,JATIM,LAMONGAN,TUBAN BOJONEGORO,,,0,0,0,JAWA TIMUR,BOJONEGORO,KANOR,SUMBERWANGI,BOJONEGORO
12024794236,,ODP-SMJ-FC/53,-7.12149,112.025046,,,6,2,0,0,8,REGIONAL 5,MADIUN,BOJONEGORO,SMJ,,,2025-01-07 17:29:44,45663,2025,1,NON TITO,,,JAWA TIMUR,0.25,GREEN,1495683837,AREA 3,JATIM,LAMONGAN,TUBAN BOJONEGORO,,,0,0,0,JAWA TIMUR,BOJONEGORO,KANOR,CARUBAN,BOJONEGORO
12024794241,,ODP-SMJ-FC/52,-7.121246,112.023228,,,5,3,0,0,8,REGIONAL 5,MADIUN,BOJONEGORO,SMJ,,,2025-01-07 17:34:21,45663,2025,1,NON TITO,,,JAWA TIMUR,0.375,GREEN,1495683840,AREA 3,JATIM,LAMONGAN,TUBAN BOJONEGORO,,,0,0,0,JAWA TIMUR,BOJONEGORO,KANOR,CARUBAN,BOJONEGORO
12024794246,,ODP-SMJ-FC/56,-7.114658,112.02789,,,5,3,0,0,8,REGIONAL 5,MADIUN,BOJONEGORO,SMJ,,,2025-01-07 17:33:22,45663,2025,1,NON TITO,,,JAWA TIMUR,0.375,GREEN,1495683843,AREA 3,JATIM,LAMONGAN,TUBAN BOJONEGORO,,,0,0,0,JAWA TIMUR,BOJONEGORO,KANOR,SUMBERWANGI,BOJONEGORO
12012869838,,ODP-SMJ-FC/50,-7.103934,112.029485,,,7,1,0,0,8,REGIONAL 5,MADIUN,BOJONEGORO,SMJ,,,2024-12-24 17:31:16,45649,2024,12,NON TITO,,,JAWA TIMUR,0.125,GREEN,1495615732,AREA 3,JATIM,LAMONGAN,TUBAN BOJONEGORO,,,0,0,0,JAWA TIMUR,BOJONEGORO,KANOR,PRIGI,BOJONEGORO
12024794251,,ODP-SMJ-FC/51,-7.127933,112.022072,,,6,2,0,0,8,REGIONAL 5,MADIUN,BOJONEGORO,SMJ,,,2025-01-07 17:34:32,45663,2025,1,NON TITO,,,JAWA TIMUR,0.25,GREEN,1495683846,AREA 3,JATIM,LAMONGAN,TUBAN BOJONEGORO,,,0,0,0,JAWA TIMUR,BOJONEGORO,KANOR,CARUBAN,BOJONEGORO
12015122355,,ODP-SMJ-FN/52,-7.240249,111.953335,,,7,1,0,0,8,REGIONAL 5,MADIUN,BOJONEGORO,SMJ,,,2025-01-21 17:46:56,45677,2025,1,NON TITO,,,JAWA TIMUR,0.125,GREEN,1495915954,AREA 3,JATIM,LAMONGAN,TUBAN BOJONEGORO,,,0,0,0,JAWA TIMUR,BOJONEGORO,SUKOSEWU,DUYUNGAN,BOJONEGORO
12041143580,,ODP-BJN-FAG/53,-7.194914,111.931362,,,6,2,0,0,8,REGIONAL 5,MADIUN,BOJONEGORO,BJN,,,2025-01-31 00:03:26,45687,2025,1,NON TITO,,,JAWA TIMUR,0.25,GREEN,1495979622,AREA 3,JATIM,LAMONGAN,TUBAN BOJONEGORO,,,0,0,0,JAWA TIMUR,BOJONEGORO,KAPAS,KAPAS,BOJONEGORO
12043993556,,ODP-SMJ-FK/45,-7.246236,112.088269,,,7,1,0,0,8,REGIONAL 5,MADIUN,BOJONEGORO,SMJ,,,2025-01-31 17:54:06,45687,2025,1,NON TITO,,,JAWA TIMUR,0.125,GREEN,1495872248,AREA 3,JATIM,LAMONGAN,TUBAN BOJONEGORO,,,0,0,0,JAWA TIMUR,LAMONGAN,MODO,JEGREG,BOJONEGORO
1104626610,,ODP-BJN-FD/36,-7.16967,111.87882,,,11,5,0,0,16,REGIONAL 5,MADIUN,BOJONEGORO,BJN,,,2024-03-16 23:22:42,42734,2016,12,NON TITO,,,JAWA TIMUR,0.3125,GREEN,39207148,AREA 3,JATIM,LAMONGAN,TUBAN BOJONEGORO,,,0,0,0,JAWA TIMUR,BOJONEGORO,BOJONEGORO,PACUL,BOJONEGORO
12043993566,,ODP-SMJ-FK/46,-7.247538,112.087326,,,6,2,0,0,8,REGIONAL 5,MADIUN,BOJONEGORO,SMJ,,,2025-01-31 17:54:40,45687,2025,1,NON TITO,,,JAWA TIMUR,0.25,GREEN,1495872254,AREA 3,JATIM,LAMONGAN,TUBAN BOJONEGORO,,,0,0,0,JAWA TIMUR,LAMONGAN,MODO,JEGREG,BOJONEGORO
12045793675,,ODP-SMJ-FN/53,-7.242724,111.953233,,,5,3,0,0,8,REGIONAL 5,MADIUN,BOJONEGORO,SMJ,,,2025-02-04 17:49:13,45691,2025,2,NON TITO,,,JAWA TIMUR,0.375,GREEN,1495880851,AREA 3,JATIM,LAMONGAN,TUBAN BOJONEGORO,,,0,0,0,JAWA TIMUR,BOJONEGORO,SUKOSEWU,DUYUNGAN,BOJONEGORO
12047743865,,ODP-BJN-FD/66,-7.195426,111.872919,,,7,1,0,0,8,REGIONAL 5,MADIUN,BOJONEGORO,BJN,,,2025-02-11 17:41:52,45698,2025,2,NON TITO,,,JAWA TIMUR,0.125,GREEN,1495892250,AREA 3,JATIM,LAMONGAN,TUBAN BOJONEGORO,,,0,0,0,JAWA TIMUR,BOJONEGORO,KAPAS,BANGILAN,BOJONEGORO
12073396041,,ODP-BJN-FM/68,-7.163467,111.878002,,,5,3,0,0,8,REGIONAL 5,MADIUN,BOJONEGORO,BJN,,,2025-03-18 17:40:54,45733,2025,3,NON TITO,,,JAWA TIMUR,0.375,GREEN,1496335287,AREA 3,JATIM,LAMONGAN,TUBAN BOJONEGORO,,,0,0,0,JAWA TIMUR,BOJONEGORO,BOJONEGORO,SUMBANG,BOJONEGORO
12086818553,,ODP-SMJ-FP/11,-7.305476,111.96135,,,6,2,0,0,8,REGIONAL 5,MADIUN,BOJONEGORO,SMJ,,,2025-03-18 17:39:26,45734,2025,3,NON TITO,,,JAWA TIMUR,0.25,GREEN,1496340863,AREA 3,JATIM,LAMONGAN,TUBAN BOJONEGORO,,,0,0,0,JAWA TIMUR,BOJONEGORO,SUGIHWARAS,TRATE,BOJONEGORO
12086818558,,ODP-SMJ-FP/07,-7.308922,111.970643,,,5,3,0,0,8,REGIONAL 5,MADIUN,BOJONEGORO,SMJ,,,2025-03-18 17:40:31,45734,2025,3,NON TITO,,,JAWA TIMUR,0.375,GREEN,1496340866,AREA 3,JATIM,LAMONGAN,TUBAN BOJONEGORO,,,0,0,0,JAWA TIMUR,BOJONEGORO,SUGIHWARAS,BULU,BOJONEGORO
12086818573,,ODP-SMJ-FP/08,-7.307275,111.969556,,,7,1,0,0,8,REGIONAL 5,MADIUN,BOJONEGORO,SMJ,,,2025-03-18 17:40:56,45734,2025,3,NON TITO,,,JAWA TIMUR,0.125,GREEN,1496340876,AREA 3,JATIM,LAMONGAN,TUBAN BOJONEGORO,,,0,0,0,JAWA TIMUR,BOJONEGORO,SUGIHWARAS,BULU,BOJONEGORO
12014894623,,ODP-SMJ-FK/44,-7.165132,112.09942,,,6,2,0,0,8,REGIONAL 5,MADIUN,BOJONEGORO,SMJ,,,2025-01-07 17:33:59,45663,2025,1,NON TITO,,,JAWA TIMUR,0.25,GREEN,1495686481,AREA 3,JATIM,LAMONGAN,TUBAN BOJONEGORO,,,0,0,0,JAWA TIMUR,BOJONEGORO,KEPOHBARU,WORO,BOJONEGORO
12012869833,,ODP-SMJ-FC/47,-7.096192,112.027165,,,7,1,0,0,8,REGIONAL 5,MADIUN,BOJONEGORO,SMJ,,,2024-12-24 17:30:42,45649,2024,12,NON TITO,,,JAWA TIMUR,0.125,GREEN,1495615728,AREA 3,JATIM,LAMONGAN,TUBAN BOJONEGORO,,,0,0,0,JAWA TIMUR,BOJONEGORO,KANOR,PRIGI,BOJONEGORO
12012869828,,ODP-SMJ-FC/48,-7.097521,112.029903,,,5,3,0,0,8,REGIONAL 5,MADIUN,BOJONEGORO,SMJ,,,2024-12-24 17:32:40,45649,2024,12,NON TITO,,,JAWA TIMUR,0.375,GREEN,1495615724,AREA 3,JATIM,LAMONGAN,TUBAN BOJONEGORO,,,0,0,0,JAWA TIMUR,BOJONEGORO,KANOR,PRIGI,BOJONEGORO
12015269263,,ODP-BJN-FBP/55,-7.25693,111.865074,,,7,1,0,0,8,REGIONAL 5,MADIUN,BOJONEGORO,BJN,,,2024-12-20 17:34:49,45646,2024,12,NON TITO,,,JAWA TIMUR,0.125,GREEN,1495522924,AREA 3,JATIM,LAMONGAN,TUBAN BOJONEGORO,,,0,0,0,JAWA TIMUR,BOJONEGORO,DANDER,GROWOK,BOJONEGORO
11805793716,,ODP-BJN-FBP/21,-7.227903,111.862745,,,6,2,0,0,8,REGIONAL 5,MADIUN,BOJONEGORO,BJN,,,2024-10-03 17:35:22,45567,2024,10,NON TITO,,,JAWA TIMUR,0.25,GREEN,1463281486,AREA 3,JATIM,LAMONGAN,TUBAN BOJONEGORO,,,0,0,0,JAWA TIMUR,BOJONEGORO,DANDER,NGRASEH,BOJONEGORO
11833920137,,ODP-SMJ-FQ/18,-7.170519,112.000043,,,10,6,0,0,16,REGIONAL 5,MADIUN,BOJONEGORO,SMJ,,,2024-10-22 17:30:22,45587,2024,10,NON TITO,,,JAWA TIMUR,0.375,GREEN,1472061411,AREA 3,JATIM,LAMONGAN,TUBAN BOJONEGORO,,,0,0,0,JAWA TIMUR,BOJONEGORO,SUMBEREJO,SUMURAGUNG,BOJONEGORO
11868493791,,ODP-SMJ-FJ/39,-7.280346,111.948391,,,7,1,0,0,8,REGIONAL 5,MADIUN,BOJONEGORO,SMJ,,,2024-10-26 17:28:00,45590,2024,10,NON TITO,,,JAWA TIMUR,0.125,GREEN,1479114587,AREA 3,JATIM,LAMONGAN,TUBAN BOJONEGORO,,,0,0,0,JAWA TIMUR,BOJONEGORO,SUGIHWARAS,BALONGREJO,BOJONEGORO
408429002,,ODP-SMJ-FQ/28,-7.172969,111.997581,,,9,6,0,0,16,REGIONAL 5,MADIUN,BOJONEGORO,SMJ,,,2024-10-28 17:37:00,42506,2016,5,NON TITO,,,JAWA TIMUR,0.375,GREEN,25395348,AREA 3,JATIM,LAMONGAN,TUBAN BOJONEGORO,,,0,0,0,JAWA TIMUR,BOJONEGORO,SUMBEREJO,SUMURAGUNG,BOJONEGORO
408428958,,ODP-SMJ-FQ/26,-7.169049,111.999351,,,12,4,0,0,16,REGIONAL 5,MADIUN,BOJONEGORO,SMJ,,,2024-10-29 17:22:03,42506,2016,5,NON TITO,,,JAWA TIMUR,0.25,GREEN,25395309,AREA 3,JATIM,LAMONGAN,TUBAN BOJONEGORO,,,0,0,0,JAWA TIMUR,BOJONEGORO,SUMBEREJO,SUMURAGUNG,BOJONEGORO
408502049,,ODP-SMJ-FQ/25,-7.16827,111.999593,,,15,1,0,0,16,REGIONAL 5,MADIUN,BOJONEGORO,SMJ,,,2024-10-29 17:22:12,42506,2016,5,NON TITO,,,JAWA TIMUR,0.0625,GREEN,25469283,AREA 3,JATIM,LAMONGAN,TUBAN BOJONEGORO,,,0,0,0,JAWA TIMUR,BOJONEGORO,SUMBEREJO,SUMURAGUNG,BOJONEGORO
408428986,,ODP-SMJ-FQ/23,-7.176123,111.997063,,,7,6,0,0,16,REGIONAL 5,MADIUN,BOJONEGORO,SMJ,,,2024-10-30 17:43:38,42506,2016,5,NON TITO,,,JAWA TIMUR,0.375,GREEN,25395334,AREA 3,JATIM,LAMONGAN,TUBAN BOJONEGORO,,,0,0,0,JAWA TIMUR,BOJONEGORO,SUMBEREJO,SUMURAGUNG,BOJONEGORO
408500716,,ODP-SMJ-FS/02,-7.1681,112.0031,,,10,5,0,0,16,REGIONAL 5,MADIUN,BOJONEGORO,SMJ,,,2024-10-30 17:43:55,42506,2016,5,NON TITO,,,JAWA TIMUR,0.3125,GREEN,25468009,AREA 3,JATIM,LAMONGAN,TUBAN BOJONEGORO,,,0,0,0,JAWA TIMUR,BOJONEGORO,SUMBEREJO,SUMBERREJO,BOJONEGORO
11881019201,,ODP-SMJ-FL/37,-7.110607,112.058868,,,5,3,0,0,8,REGIONAL 5,MADIUN,BOJONEGORO,SMJ,,,2024-11-01 07:17:58,45596,2024,10,NON TITO,,,JAWA TIMUR,0.375,GREEN,1479151192,AREA 3,JATIM,LAMONGAN,TUBAN BOJONEGORO,,,0,0,0,JAWA TIMUR,BOJONEGORO,KANOR,TEMU,BOJONEGORO
11881019186,,ODP-SMJ-FL/38,-7.108788,112.059895,,,7,1,0,0,8,REGIONAL 5,MADIUN,BOJONEGORO,SMJ,,,2024-11-01 07:18:44,45596,2024,10,NON TITO,,,JAWA TIMUR,0.125,GREEN,1479151181,AREA 3,JATIM,LAMONGAN,TUBAN BOJONEGORO,,,0,0,0,JAWA TIMUR,BOJONEGORO,KANOR,TEMU,BOJONEGORO
11881019191,,ODP-SMJ-FL/40,-7.108175,112.05553,,,5,3,0,0,8,REGIONAL 5,MADIUN,BOJONEGORO,SMJ,,,2024-11-01 07:18:43,45596,2024,10,NON TITO,,,JAWA TIMUR,0.375,GREEN,1479151184,AREA 3,JATIM,LAMONGAN,TUBAN BOJONEGORO,,,0,0,0,JAWA TIMUR,BOJONEGORO,KANOR,TEMU,BOJONEGORO
408512101,,ODP-SMJ-FQ/21,-7.173165,111.998298,,,8,6,0,0,16,REGIONAL 5,MADIUN,BOJONEGORO,SMJ,,,2024-11-06 17:26:42,42506,2016,5,NON TITO,,,JAWA TIMUR,0.375,GREEN,25403319,AREA 3,JATIM,LAMONGAN,TUBAN BOJONEGORO,,,0,0,0,JAWA TIMUR,BOJONEGORO,SUMBEREJO,SUMURAGUNG,BOJONEGORO
11898793561,,ODP-BJN-FBL/35,-7.335754,111.922628,,,7,1,0,0,8,REGIONAL 5,MADIUN,BOJONEGORO,BJN,,,2024-11-07 17:28:42,45602,2024,11,NON TITO,,,JAWA TIMUR,0.125,GREEN,1479177816,AREA 3,JATIM,LAMONGAN,TUBAN BOJONEGORO,,,0,0,0,JAWA TIMUR,BOJONEGORO,TEMAYANG,PAPRINGAN,BOJONEGORO
11898793566,,ODP-BJN-FBL/36,-7.333984,111.920991,,,7,1,0,0,8,REGIONAL 5,MADIUN,BOJONEGORO,BJN,,,2024-11-07 17:29:12,45602,2024,11,NON TITO,,,JAWA TIMUR,0.125,GREEN,1479177819,AREA 3,JATIM,LAMONGAN,TUBAN BOJONEGORO,,,0,0,0,JAWA TIMUR,BOJONEGORO,TEMAYANG,PAPRINGAN,BOJONEGORO
11906068797,,ODP-KDU-FC/56,-7.134134,111.796434,,,5,3,0,0,8,REGIONAL 5,MADIUN,BOJONEGORO,KDU,,,2024-11-09 17:54:33,45604,2024,11,NON TITO,,,JAWA TIMUR,0.375,GREEN,1485868057,AREA 3,JATIM,LAMONGAN,TUBAN BOJONEGORO,,,0,0,0,JAWA TIMUR,BOJONEGORO,KALITIDU,MOJOSARI,BOJONEGORO
11949643961,,ODP-SMJ-FE/54,-7.328504,112.069168,,,6,2,0,0,8,REGIONAL 5,MADIUN,BOJONEGORO,SMJ,,,2024-11-20 17:33:55,45614,2024,11,NON TITO,,,JAWA TIMUR,0.25,GREEN,1485918269,AREA 3,JATIM,LAMONGAN,TUBAN BOJONEGORO,,,0,0,0,JAWA TIMUR,BOJONEGORO,KEDUNGADEM,MLIDEG,BOJONEGORO
11992468689,,ODP-SMJ-FN/50,-7.206745,111.926585,,,6,2,0,0,8,REGIONAL 5,MADIUN,BOJONEGORO,SMJ,,,2024-11-26 17:31:29,45621,2024,11,NON TITO,,,JAWA TIMUR,0.25,GREEN,1495388983,AREA 3,JATIM,LAMONGAN,TUBAN BOJONEGORO,,,0,0,0,JAWA TIMUR,BOJONEGORO,SUKOSEWU,SIDODADI,BOJONEGORO
12007618870,,ODP-BJN-FBQ/18,-7.190046,111.952511,,,10,6,0,0,16,REGIONAL 5,MADIUN,BOJONEGORO,BJN,,,2024-12-11 17:36:26,45635,2024,12,NON TITO,,,JAWA TIMUR,0.375,GREEN,1495426627,AREA 3,JATIM,LAMONGAN,TUBAN BOJONEGORO,,,0,0,0,JAWA TIMUR,BOJONEGORO,BALEN,SOBONTORO,BOJONEGORO
12010993998,,ODP-PAZ-FM/19,-7.213313,111.708238,,,7,1,0,0,8,REGIONAL 5,MADIUN,BOJONEGORO,PAD,,,2024-12-11 17:36:03,45635,2024,12,NON TITO,,,JAWA TIMUR,0.125,GREEN,1495473398,AREA 3,JATIM,LAMONGAN,TUBAN BOJONEGORO,,,0,0,0,JAWA TIMUR,BOJONEGORO,PURWOSARI,NGREJENG,BOJONEGORO
12010994008,,ODP-PAZ-FM/21,-7.217275,111.707004,,,6,2,0,0,8,REGIONAL 5,MADIUN,BOJONEGORO,PAD,,,2024-12-11 17:35:57,45635,2024,12,NON TITO,,,JAWA TIMUR,0.25,GREEN,1495473404,AREA 3,JATIM,LAMONGAN,TUBAN BOJONEGORO,,,0,0,0,JAWA TIMUR,BOJONEGORO,PURWOSARI,NGREJENG,BOJONEGORO
12009793813,,ODP-PAZ-FF/25,-7.167737,111.631112,,,6,2,0,0,8,REGIONAL 5,MADIUN,BOJONEGORO,PAD,,,2024-12-13 17:31:21,45638,2024,12,NON TITO,,,JAWA TIMUR,0.25,GREEN,1495436923,AREA 3,JATIM,LAMONGAN,TUBAN BOJONEGORO,,,0,0,0,JAWA TIMUR,BOJONEGORO,PADANGAN,NGRADIN,BOJONEGORO
12015044152,,ODP-PAZ-FM/24,-7.221918,111.709834,,,5,3,0,0,8,REGIONAL 5,MADIUN,BOJONEGORO,PAD,,,2024-12-17 17:33:55,45642,2024,12,NON TITO,,,JAWA TIMUR,0.375,GREEN,1495442277,AREA 3,JATIM,LAMONGAN,TUBAN BOJONEGORO,,,0,0,0,JAWA TIMUR,BOJONEGORO,PURWOSARI,NGREJENG,BOJONEGORO
4994518787,,ODP-SMJ-FQ/52,-7.185596,111.993511,,,10,6,0,0,16,REGIONAL 5,MADIUN,BOJONEGORO,SMJ,,,2024-12-19 17:41:24,43973,2020,5,NON TITO,,,JAWA TIMUR,0.375,GREEN,830179717,AREA 3,JATIM,LAMONGAN,TUBAN BOJONEGORO,,,0,0,0,JAWA TIMUR,BOJONEGORO,SUMBEREJO,PEKUWON,BOJONEGORO
7042319051,,ODP-SMJ-FQ/48,-7.133285,112.008056,,,6,2,0,0,8,REGIONAL 5,MADIUN,BOJONEGORO,SMJ,,,2024-12-19 17:41:58,44382,2021,7,NON TITO,,,JAWA TIMUR,0.25,GREEN,946994894,AREA 3,JATIM,LAMONGAN,TUBAN BOJONEGORO,,,0,0,0,JAWA TIMUR,BOJONEGORO,KANOR,PIYAK,BOJONEGORO
12015269258,,ODP-BJN-FBP/57,-7.257394,111.863436,,,7,1,0,0,8,REGIONAL 5,MADIUN,BOJONEGORO,BJN,,,2024-12-20 17:34:33,45646,2024,12,NON TITO,,,JAWA TIMUR,0.125,GREEN,1495522921,AREA 3,JATIM,LAMONGAN,TUBAN BOJONEGORO,,,0,0,0,JAWA TIMUR,BOJONEGORO,DANDER,GROWOK,BOJONEGORO
12086818583,,ODP-SMJ-FP/10,-7.305638,111.969707,,,7,1,0,0,8,REGIONAL 5,MADIUN,BOJONEGORO,SMJ,,,2025-03-18 17:40:06,45734,2025,3,NON TITO,,,JAWA TIMUR,0.125,GREEN,1496340883,AREA 3,JATIM,LAMONGAN,TUBAN BOJONEGORO,,,0,0,0,JAWA TIMUR,BOJONEGORO,SUGIHWARAS,BULU,BOJONEGORO
11805793706,,ODP-BJN-FBP/20,-7.228028,111.862365,,,6,2,0,0,8,REGIONAL 5,MADIUN,BOJONEGORO,BJN,,,2024-10-03 17:35:55,45567,2024,10,NON TITO,,,JAWA TIMUR,0.25,GREEN,1463281479,AREA 3,JATIM,LAMONGAN,TUBAN BOJONEGORO,,,0,0,0,JAWA TIMUR,BOJONEGORO,DANDER,NGRASEH,BOJONEGORO
12086818593,,ODP-SMJ-FP/01,-7.299166,111.968222,,,6,2,0,0,8,REGIONAL 5,MADIUN,BOJONEGORO,SMJ,,,2025-03-18 17:39:53,45734,2025,3,NON TITO,,,JAWA TIMUR,0.25,GREEN,1496340889,AREA 3,JATIM,LAMONGAN,TUBAN BOJONEGORO,,,0,0,0,JAWA TIMUR,BOJONEGORO,SUGIHWARAS,TRATE,BOJONEGORO
12086818608,,ODP-SMJ-FP/13,-7.303599,111.955812,,,5,3,0,0,8,REGIONAL 5,MADIUN,BOJONEGORO,SMJ,,,2025-03-18 17:39:41,45734,2025,3,NON TITO,,,JAWA TIMUR,0.375,GREEN,1496340898,AREA 3,JATIM,LAMONGAN,TUBAN BOJONEGORO,,,0,0,0,JAWA TIMUR,BOJONEGORO,SUGIHWARAS,SIWALAN,BOJONEGORO
12224144268,,ODP-PAZ-FP/25,-7.127515,111.60932,,,7,1,0,0,8,REGIONAL 5,MADIUN,BOJONEGORO,PAD,,,2025-06-24 17:45:31,45831,2025,6,NON TITO,,,JAWA TIMUR,0.125,GREEN,1499416799,AREA 3,JATIM,LAMONGAN,TUBAN BOJONEGORO,,,0,0,0,JAWA TIMUR,BOJONEGORO,KASIMAN,NGAGLIK,BOJONEGORO
12224144273,,ODP-PAZ-FP/27,-7.129475,111.611065,,,7,1,0,0,8,REGIONAL 5,MADIUN,BOJONEGORO,PAD,,,2025-06-24 17:45:24,45831,2025,6,NON TITO,,,JAWA TIMUR,0.125,GREEN,1499416802,AREA 3,JATIM,LAMONGAN,TUBAN BOJONEGORO,,,0,0,0,JAWA TIMUR,BOJONEGORO,KASIMAN,NGAGLIK,BOJONEGORO
12224144283,,ODP-PAZ-FP/28,-7.131638,111.611502,,,6,2,0,0,8,REGIONAL 5,MADIUN,BOJONEGORO,PAD,,,2025-06-24 17:44:56,45831,2025,6,NON TITO,,,JAWA TIMUR,0.25,GREEN,1499416809,AREA 3,JATIM,LAMONGAN,TUBAN BOJONEGORO,,,0,0,0,JAWA TIMUR,BOJONEGORO,KASIMAN,NGAGLIK,BOJONEGORO
12222793739,,ODP-PAZ-FP/32,-7.152389,111.625325,,,5,3,0,0,8,REGIONAL 5,MADIUN,BOJONEGORO,PAD,,,2025-06-24 17:45:12,45831,2025,6,NON TITO,,,JAWA TIMUR,0.375,GREEN,1499419733,AREA 3,JATIM,LAMONGAN,TUBAN BOJONEGORO,,,0,0,0,JAWA TIMUR,BOJONEGORO,KASIMAN,BETET,BOJONEGORO
12223395947,,ODP-PAZ-FD/69,-7.230916,111.541288,,,7,1,0,0,8,REGIONAL 5,MADIUN,BOJONEGORO,PAD,,,2025-06-25 17:50:56,45832,2025,6,NON TITO,,,JAWA TIMUR,0.125,GREEN,1499428678,AREA 3,JATIM,LAMONGAN,TUBAN BOJONEGORO,,,0,0,0,JAWA TIMUR,BOJONEGORO,NGRAHO,TAPELAN,BOJONEGORO
12223395957,,ODP-PAZ-FD/65,-7.230033,111.531851,,,5,3,0,0,8,REGIONAL 5,MADIUN,BOJONEGORO,PAD,,,2025-06-25 17:51:12,45832,2025,6,NON TITO,,,JAWA TIMUR,0.375,GREEN,1499428685,AREA 3,JATIM,LAMONGAN,TUBAN BOJONEGORO,,,0,0,0,JAWA TIMUR,BOJONEGORO,NGRAHO,TAPELAN,BOJONEGORO
12223395962,,ODP-PAZ-FD/62,-7.229235,111.52811,,,7,1,0,0,8,REGIONAL 5,MADIUN,BOJONEGORO,PAD,,,2025-06-25 17:51:02,45832,2025,6,NON TITO,,,JAWA TIMUR,0.125,GREEN,1499428688,AREA 3,JATIM,LAMONGAN,TUBAN BOJONEGORO,,,0,0,0,JAWA TIMUR,BOJONEGORO,NGRAHO,TAPELAN,BOJONEGORO
12223395967,,ODP-PAZ-FD/63,-7.228053,111.529723,,,6,2,0,0,8,REGIONAL 5,MADIUN,BOJONEGORO,PAD,,,2025-06-25 17:50:34,45832,2025,6,NON TITO,,,JAWA TIMUR,0.25,GREEN,1499428691,AREA 3,JATIM,LAMONGAN,TUBAN BOJONEGORO,,,0,0,0,JAWA TIMUR,BOJONEGORO,NGRAHO,TAPELAN,BOJONEGORO
12223395983,,ODP-PAZ-FD/56,-7.259773,111.546205,,,7,1,0,0,8,REGIONAL 5,MADIUN,BOJONEGORO,PAD,,,2025-06-25 17:51:13,45832,2025,6,NON TITO,,,JAWA TIMUR,0.125,GREEN,1499428705,AREA 3,JATIM,LAMONGAN,TUBAN BOJONEGORO,,,0,0,0,JAWA TIMUR,BOJONEGORO,NGRAHO,JUMOK,BOJONEGORO
12223395988,,ODP-PAZ-FD/58,-7.256523,111.536844,,,6,2,0,0,8,REGIONAL 5,MADIUN,BOJONEGORO,PAD,,,2025-06-25 17:50:54,45832,2025,6,NON TITO,,,JAWA TIMUR,0.25,GREEN,1499428708,AREA 3,JATIM,LAMONGAN,TUBAN BOJONEGORO,,,0,0,0,JAWA TIMUR,BOJONEGORO,NGRAHO,BLIMBINGGEDE,BOJONEGORO
12223395993,,ODP-PAZ-FD/64,-7.227618,111.531984,,,7,1,0,0,8,REGIONAL 5,MADIUN,BOJONEGORO,PAD,,,2025-06-25 17:50:04,45832,2025,6,NON TITO,,,JAWA TIMUR,0.125,GREEN,1499428711,AREA 3,JATIM,LAMONGAN,TUBAN BOJONEGORO,,,0,0,0,JAWA TIMUR,BOJONEGORO,NGRAHO,TAPELAN,BOJONEGORO
12209669356,,ODP-BJN-FBP/60,-7.25368,111.85039,,,7,1,0,0,8,REGIONAL 5,MADIUN,BOJONEGORO,BJN,,,2025-06-13 17:54:05,45820,2025,6,NON TITO,,,JAWA TIMUR,0.125,GREEN,1499326817,AREA 3,JATIM,LAMONGAN,TUBAN BOJONEGORO,,,0,0,0,JAWA TIMUR,BOJONEGORO,DANDER,GROWOK,BOJONEGORO
12223395999,,ODP-PAZ-FD/74,-7.233599,111.548108,,,7,1,0,0,8,REGIONAL 5,MADIUN,BOJONEGORO,PAD,,,2025-06-25 17:51:15,45832,2025,6,NON TITO,,,JAWA TIMUR,0.125,GREEN,1499428718,AREA 3,JATIM,LAMONGAN,TUBAN BOJONEGORO,,,0,0,0,JAWA TIMUR,BOJONEGORO,NGRAHO,TANGGUNGAN,BOJONEGORO
12223396024,,ODP-PAZ-FD/54,-7.254426,111.520589,,,6,2,0,0,8,REGIONAL 5,MADIUN,BOJONEGORO,PAD,,,2025-06-25 17:50:44,45832,2025,6,NON TITO,,,JAWA TIMUR,0.25,GREEN,1499428738,AREA 3,JATIM,LAMONGAN,TUBAN BOJONEGORO,,,0,0,0,JAWA TIMUR,BOJONEGORO,NGRAHO,MOJOREJO,BOJONEGORO
12223396029,,ODP-PAZ-FD/59,-7.254967,111.533652,,,7,1,0,0,8,REGIONAL 5,MADIUN,BOJONEGORO,PAD,,,2025-06-25 17:50:58,45832,2025,6,NON TITO,,,JAWA TIMUR,0.125,GREEN,1499428741,AREA 3,JATIM,LAMONGAN,TUBAN BOJONEGORO,,,0,0,0,JAWA TIMUR,BOJONEGORO,NGRAHO,BLIMBING GEDE,BOJONEGORO
12223396044,,ODP-PAZ-FD/72,-7.236478,111.543109,,,7,1,0,0,8,REGIONAL 5,MADIUN,BOJONEGORO,PAD,,,2025-06-25 17:50:48,45832,2025,6,NON TITO,,,JAWA TIMUR,0.125,GREEN,1499428751,AREA 3,JATIM,LAMONGAN,TUBAN BOJONEGORO,,,0,0,0,JAWA TIMUR,BOJONEGORO,NGRAHO,TANGGUNGAN,BOJONEGORO
12223396049,,ODP-PAZ-FD/68,-7.23192,111.54337,,,6,2,0,0,8,REGIONAL 5,MADIUN,BOJONEGORO,PAD,,,2025-06-25 17:50:23,45832,2025,6,NON TITO,,,JAWA TIMUR,0.25,GREEN,1499428754,AREA 3,JATIM,LAMONGAN,TUBAN BOJONEGORO,,,0,0,0,JAWA TIMUR,BOJONEGORO,NGRAHO,TAPELAN,BOJONEGORO
12248144471,,ODP-PAZ-FT/23,-7.267831,111.590062,,,7,1,0,0,8,REGIONAL 5,MADIUN,BOJONEGORO,PAD,,,2025-07-08 18:00:26,45845,2025,7,NON TITO,,,JAWA TIMUR,0.125,GREEN,1499581802,AREA 3,JATIM,LAMONGAN,TUBAN BOJONEGORO,,,0,0,0,JAWA TIMUR,BOJONEGORO,TAMBAKREJO,SUKOREJO,BOJONEGORO
12248144476,,ODP-PAZ-FT/30,-7.261849,111.615734,,,7,1,0,0,8,REGIONAL 5,MADIUN,BOJONEGORO,PAD,,,2025-07-08 18:01:24,45845,2025,7,NON TITO,,,JAWA TIMUR,0.125,GREEN,1499581805,AREA 3,JATIM,LAMONGAN,TUBAN BOJONEGORO,,,0,0,0,JAWA TIMUR,BOJONEGORO,TAMBAKREJO,BAKALAN,BOJONEGORO
12262393594,,ODP-BJN-FBU/08,-7.121172,111.807277,,,7,1,0,0,8,REGIONAL 5,MADIUN,BOJONEGORO,BJN,,,2025-07-10 17:54:46,45847,2025,7,NON TITO,,,JAWA TIMUR,0.125,GREEN,1500117099,AREA 3,JATIM,LAMONGAN,TUBAN BOJONEGORO,,,0,0,0,JAWA TIMUR,BOJONEGORO,TRUCUK,KANDANGAN,BOJONEGORO
12262393649,,ODP-BJN-FBU/07,-7.12323,111.812612,,,6,2,0,0,8,REGIONAL 5,MADIUN,BOJONEGORO,BJN,,,2025-07-10 17:55:11,45847,2025,7,NON TITO,,,JAWA TIMUR,0.25,GREEN,1500117144,AREA 3,JATIM,LAMONGAN,TUBAN BOJONEGORO,,,0,0,0,JAWA TIMUR,BOJONEGORO,TRUCUK,KANDANGAN,BOJONEGORO
12262393719,,ODP-BJN-FBU/14,-7.113129,111.80966,,,5,3,0,0,8,REGIONAL 5,MADIUN,BOJONEGORO,BJN,,,2025-07-10 17:54:23,45847,2025,7,NON TITO,,,JAWA TIMUR,0.375,GREEN,1500117196,AREA 3,JATIM,LAMONGAN,TUBAN BOJONEGORO,,,0,0,0,JAWA TIMUR,BOJONEGORO,TRUCUK,SUMBANG TIMUN,BOJONEGORO
12259395521,,ODP-BJN-FBT/07,-7.110591,111.826544,,,6,2,0,0,8,REGIONAL 5,MADIUN,BOJONEGORO,BJN,,,2025-07-12 23:47:54,45850,2025,7,NON TITO,,,JAWA TIMUR,0.25,GREEN,1500137293,AREA 3,JATIM,LAMONGAN,TUBAN BOJONEGORO,,,0,0,0,JAWA TIMUR,BOJONEGORO,TRUCUK,PAGERWESI,BOJONEGORO
12259395536,,ODP-BJN-FBT/05,-7.113318,111.82795,,,5,3,0,0,8,REGIONAL 5,MADIUN,BOJONEGORO,BJN,,,2025-07-12 23:48:09,45850,2025,7,NON TITO,,,JAWA TIMUR,0.375,GREEN,1500137302,AREA 3,JATIM,LAMONGAN,TUBAN BOJONEGORO,,,0,0,0,JAWA TIMUR,BOJONEGORO,TRUCUK,PAGERWESI,BOJONEGORO
12223396004,,ODP-PAZ-FD/61,-7.23722,111.549581,,,6,2,0,0,8,REGIONAL 5,MADIUN,BOJONEGORO,PAD,,,2025-06-25 17:50:33,45832,2025,6,NON TITO,,,JAWA TIMUR,0.25,GREEN,1499428723,AREA 3,JATIM,LAMONGAN,TUBAN BOJONEGORO,,,0,0,0,JAWA TIMUR,BOJONEGORO,NGRAHO,TANGGUNGAN,BOJONEGORO
12209669351,,ODP-BJN-FBP/64,-7.251051,111.843507,,,7,1,0,0,8,REGIONAL 5,MADIUN,BOJONEGORO,BJN,,,2025-06-13 17:53:25,45820,2025,6,NON TITO,,,JAWA TIMUR,0.125,GREEN,1499326813,AREA 3,JATIM,LAMONGAN,TUBAN BOJONEGORO,,,0,0,0,JAWA TIMUR,BOJONEGORO,DANDER,DANDER,BOJONEGORO
12209669346,,ODP-BJN-FBP/58,-7.257758,111.852117,,,6,2,0,0,8,REGIONAL 5,MADIUN,BOJONEGORO,BJN,,,2025-06-13 17:52:51,45820,2025,6,NON TITO,,,JAWA TIMUR,0.25,GREEN,1499326810,AREA 3,JATIM,LAMONGAN,TUBAN BOJONEGORO,,,0,0,0,JAWA TIMUR,BOJONEGORO,DANDER,GROWOK,BOJONEGORO
12209669341,,ODP-BJN-FBP/67,-7.251486,111.847962,,,6,2,0,0,8,REGIONAL 5,MADIUN,BOJONEGORO,BJN,,,2025-06-13 17:52:57,45820,2025,6,NON TITO,,,JAWA TIMUR,0.25,GREEN,1499326807,AREA 3,JATIM,LAMONGAN,TUBAN BOJONEGORO,,,0,0,0,JAWA TIMUR,BOJONEGORO,DANDER,DANDER,BOJONEGORO
12086669974,,ODP-KDU-FF/70,-7.121858,111.726939,,,7,1,0,0,8,REGIONAL 5,MADIUN,BOJONEGORO,KDU,,,2025-03-25 17:52:39,45741,2025,3,NON TITO,,,JAWA TIMUR,0.125,GREEN,1496459127,AREA 3,JATIM,LAMONGAN,TUBAN BOJONEGORO,,,0,0,0,JAWA TIMUR,BOJONEGORO,KALITIDU,MLATEN,BOJONEGORO
12086669979,,ODP-KDU-FF/71,-7.120103,111.727375,,,5,3,0,0,8,REGIONAL 5,MADIUN,BOJONEGORO,KDU,,,2025-03-25 17:53:36,45741,2025,3,NON TITO,,,JAWA TIMUR,0.375,GREEN,1496459130,AREA 3,JATIM,LAMONGAN,TUBAN BOJONEGORO,,,0,0,0,JAWA TIMUR,BOJONEGORO,KALITIDU,MLATEN,BOJONEGORO
12086894410,,ODP-PAZ-FN/30,-7.26191,111.708103,,,5,3,0,0,8,REGIONAL 5,MADIUN,BOJONEGORO,PAD,,,2025-04-03 17:39:37,45749,2025,4,NON TITO,,,JAWA TIMUR,0.375,GREEN,1496588401,AREA 3,JATIM,LAMONGAN,TUBAN BOJONEGORO,,,0,0,0,JAWA TIMUR,BOJONEGORO,TAMBAKREJO,DOLOKGEDE,BOJONEGORO
12095669225,,ODP-BJN-FD/67,-7.174638,111.871203,,,5,3,0,0,8,REGIONAL 5,MADIUN,BOJONEGORO,BJN,,,2025-04-03 17:38:58,45749,2025,4,NON TITO,,,JAWA TIMUR,0.375,GREEN,1496588677,AREA 3,JATIM,LAMONGAN,TUBAN BOJONEGORO,,,0,0,0,JAWA TIMUR,BOJONEGORO,BOJONEGORO,PACUL,BOJONEGORO
12106318602,,ODP-PAZ-FU/04,-7.25695,111.537638,,,5,3,0,0,8,REGIONAL 5,MADIUN,BOJONEGORO,PAD,,,2025-04-11 17:56:05,45757,2025,4,NON TITO,,,JAWA TIMUR,0.375,GREEN,1497277811,AREA 3,JATIM,LAMONGAN,TUBAN BOJONEGORO,,,0,0,0,JAWA TIMUR,BOJONEGORO,NGRAHO,BLIMBINGGEDE,BOJONEGORO
12106318623,,ODP-PAZ-FU/07,-7.257679,111.525578,,,5,3,0,0,8,REGIONAL 5,MADIUN,BOJONEGORO,PAD,,,2025-04-11 17:55:37,45757,2025,4,NON TITO,,,JAWA TIMUR,0.375,GREEN,1497277827,AREA 3,JATIM,LAMONGAN,TUBAN BOJONEGORO,,,0,0,0,JAWA TIMUR,BOJONEGORO,NGRAHO,NGRAHO,BOJONEGORO
12107143661,,ODP-SMJ-FK/53,-7.223802,112.094259,,,5,3,0,0,8,REGIONAL 5,MADIUN,BOJONEGORO,SMJ,,,2025-04-15 17:53:52,45761,2025,4,NON TITO,,,JAWA TIMUR,0.375,GREEN,1496644314,AREA 3,JATIM,LAMONGAN,TUBAN BOJONEGORO,,,0,0,0,JAWA TIMUR,BOJONEGORO,KEPOH BARU,SIDOMUKTI,BOJONEGORO
12107143667,,ODP-SMJ-FK/51,-7.228532,112.090797,,,7,1,0,0,8,REGIONAL 5,MADIUN,BOJONEGORO,SMJ,,,2025-04-15 17:53:38,45761,2025,4,NON TITO,,,JAWA TIMUR,0.125,GREEN,1496644318,AREA 3,JATIM,LAMONGAN,TUBAN BOJONEGORO,,,0,0,0,JAWA TIMUR,LAMONGAN,MODO,JEGREG,BOJONEGORO
12107894537,,ODP-KDU-FA/77,-7.122303,111.749827,,,7,1,0,0,8,REGIONAL 5,MADIUN,BOJONEGORO,KDU,,,2025-04-21 23:49:05,45768,2025,4,NON TITO,,,JAWA TIMUR,0.125,GREEN,1497354728,AREA 3,JATIM,LAMONGAN,TUBAN BOJONEGORO,,,0,0,0,JAWA TIMUR,BOJONEGORO,KALITIDU,TALOK,BOJONEGORO
12107894911,,ODP-PAZ-FL/16,-7.179805,111.608761,,,5,3,0,0,8,REGIONAL 5,MADIUN,BOJONEGORO,PAD,,,2025-04-22 17:48:12,45768,2025,4,NON TITO,,,JAWA TIMUR,0.375,GREEN,1497356877,AREA 3,JATIM,LAMONGAN,TUBAN BOJONEGORO,,,0,0,0,JAWA TIMUR,BOJONEGORO,PADANGAN,NGASINAN,BOJONEGORO
12118243759,,ODP-PAZ-FN/34,-7.29577,111.737775,,,7,1,0,0,8,REGIONAL 5,MADIUN,BOJONEGORO,PAD,,,2025-04-24 17:48:12,45770,2025,4,NON TITO,,,JAWA TIMUR,0.125,GREEN,1497305837,AREA 3,JATIM,LAMONGAN,TUBAN BOJONEGORO,,,0,0,0,JAWA TIMUR,BOJONEGORO,NGASEM,SETREN,BOJONEGORO
12122219620,,ODP-PAZ-FN/44,-7.290721,111.735222,,,6,2,0,0,8,REGIONAL 5,MADIUN,BOJONEGORO,PAD,,,2025-04-30 17:55:18,45776,2025,4,NON TITO,,,JAWA TIMUR,0.25,GREEN,1497402224,AREA 3,JATIM,LAMONGAN,TUBAN BOJONEGORO,,,0,0,0,JAWA TIMUR,BOJONEGORO,NGASEM,SETREN,BOJONEGORO
12123345496,,ODP-SMJ-FA/84,-7.191147,111.97162,,,5,3,0,0,8,REGIONAL 5,MADIUN,BOJONEGORO,SMJ,,,2025-04-30 17:57:11,45776,2025,4,NON TITO,,,JAWA TIMUR,0.375,GREEN,1497405515,AREA 3,JATIM,LAMONGAN,TUBAN BOJONEGORO,,,0,0,0,JAWA TIMUR,BOJONEGORO,BALEN,MARGOMULYO,BOJONEGORO
12165193621,,ODP-SMJ-FJ/43,-7.32884,111.975388,,,5,3,0,0,8,REGIONAL 5,MADIUN,BOJONEGORO,SMJ,,,2025-05-12 17:56:04,45788,2025,5,NON TITO,,,JAWA TIMUR,0.375,GREEN,1497699465,AREA 3,JATIM,LAMONGAN,TUBAN BOJONEGORO,,,0,0,0,JAWA TIMUR,BOJONEGORO,SUGIHWARAS,PANUNGGALAN,BOJONEGORO
12176894090,,ODP-SMJ-FQ/01,-7.182388,111.990246,,,11,5,0,0,16,REGIONAL 5,MADIUN,BOJONEGORO,SMJ,,,2025-05-20 17:46:52,45796,2025,5,NON TITO,,,JAWA TIMUR,0.3125,GREEN,1498182154,AREA 3,JATIM,LAMONGAN,TUBAN BOJONEGORO,,,0,0,0,JAWA TIMUR,BOJONEGORO,BALEN,KEDUNGBONDO,BOJONEGORO
12185143660,,ODP-SMJ-FN/60,-7.217015,111.93862,,,7,1,0,0,8,REGIONAL 5,MADIUN,BOJONEGORO,SMJ,,,2025-05-23 17:46:49,45799,2025,5,NON TITO,,,JAWA TIMUR,0.125,GREEN,1498199756,AREA 3,JATIM,LAMONGAN,TUBAN BOJONEGORO,,,0,0,0,JAWA TIMUR,BOJONEGORO,BALEN,NGADILUHUR,BOJONEGORO
12185143670,,ODP-SMJ-FN/56,-7.213536,111.932116,,,5,3,0,0,8,REGIONAL 5,MADIUN,BOJONEGORO,SMJ,,,2025-05-23 17:46:57,45799,2025,5,NON TITO,,,JAWA TIMUR,0.375,GREEN,1498199762,AREA 3,JATIM,LAMONGAN,TUBAN BOJONEGORO,,,0,0,0,JAWA TIMUR,BOJONEGORO,BALEN,NGADILUHUR,BOJONEGORO
12185143680,,ODP-SMJ-FN/61,-7.214055,111.9415,,,7,1,0,0,8,REGIONAL 5,MADIUN,BOJONEGORO,SMJ,,,2025-05-23 17:47:00,45799,2025,5,NON TITO,,,JAWA TIMUR,0.125,GREEN,1498199768,AREA 3,JATIM,LAMONGAN,TUBAN BOJONEGORO,,,0,0,0,JAWA TIMUR,BOJONEGORO,BALEN,NGADILUHUR,BOJONEGORO
12185143690,,ODP-SMJ-FN/57,-7.213391,111.93486,,,7,1,0,0,8,REGIONAL 5,MADIUN,BOJONEGORO,SMJ,,,2025-05-23 17:45:58,45799,2025,5,NON TITO,,,JAWA TIMUR,0.125,GREEN,1498199774,AREA 3,JATIM,LAMONGAN,TUBAN BOJONEGORO,,,0,0,0,JAWA TIMUR,BOJONEGORO,BALEN,NGADILUHUR,BOJONEGORO
408500727,,ODP-SMJ-FQ/09,-7.1775,111.9944,,,10,5,0,0,16,REGIONAL 5,MADIUN,BOJONEGORO,SMJ,,,2025-05-24 17:44:50,42506,2016,5,NON TITO,,,JAWA TIMUR,0.3125,GREEN,25468020,AREA 3,JATIM,LAMONGAN,TUBAN BOJONEGORO,,,0,0,0,JAWA TIMUR,BOJONEGORO,SUMBEREJO,SUMURAGUNG,BOJONEGORO
12185294248,,ODP-BJN-FAG/42,-7.194768,111.945079,,,14,2,0,0,16,REGIONAL 5,MADIUN,BOJONEGORO,BJN,,,2025-05-30 18:07:57,45806,2025,5,NON TITO,,,JAWA TIMUR,0.125,GREEN,1499139231,AREA 3,JATIM,LAMONGAN,TUBAN BOJONEGORO,,,0,0,0,JAWA TIMUR,BOJONEGORO,BALEN,SOBONTORO,BOJONEGORO
12203068676,,ODP-BJN-FBD/38,-7.100579,111.866298,,,5,3,0,0,8,REGIONAL 5,MADIUN,BOJONEGORO,BJN,,,2025-06-05 17:43:12,45812,2025,6,NON TITO,,,JAWA TIMUR,0.375,GREEN,1499248530,AREA 3,JATIM,LAMONGAN,TUBAN BOJONEGORO,,,0,0,0,JAWA TIMUR,TUBAN,PARENGAN,SUCIHARJO,BOJONEGORO
12196468945,,ODP-BJN-FBL/37,-7.326401,111.920641,,,6,2,0,0,8,REGIONAL 5,MADIUN,BOJONEGORO,BJN,,,2025-06-06 17:48:34,45813,2025,6,NON TITO,,,JAWA TIMUR,0.25,GREEN,1499254413,AREA 3,JATIM,LAMONGAN,TUBAN BOJONEGORO,,,0,0,0,JAWA TIMUR,BOJONEGORO,TEMAYANG,PANDANTOYO,BOJONEGORO
12196468960,,ODP-BJN-FBL/38,-7.324069,111.920613,,,6,2,0,0,8,REGIONAL 5,MADIUN,BOJONEGORO,BJN,,,2025-06-06 17:49:29,45813,2025,6,NON TITO,,,JAWA TIMUR,0.25,GREEN,1499254423,AREA 3,JATIM,LAMONGAN,TUBAN BOJONEGORO,,,0,0,0,JAWA TIMUR,BOJONEGORO,TEMAYANG,PANDANTOYO,BOJONEGORO
12209669326,,ODP-BJN-FBP/63,-7.254022,111.841279,,,7,1,0,0,8,REGIONAL 5,MADIUN,BOJONEGORO,BJN,,,2025-06-13 17:54:17,45820,2025,6,NON TITO,,,JAWA TIMUR,0.125,GREEN,1499326796,AREA 3,JATIM,LAMONGAN,TUBAN BOJONEGORO,,,0,0,0,JAWA TIMUR,BOJONEGORO,DANDER,DANDER,BOJONEGORO
12086818598,,ODP-SMJ-FP/02,-7.300209,111.968168,,,5,3,0,0,8,REGIONAL 5,MADIUN,BOJONEGORO,SMJ,,,2025-03-18 17:39:53,45734,2025,3,NON TITO,,,JAWA TIMUR,0.375,GREEN,1496340892,AREA 3,JATIM,LAMONGAN,TUBAN BOJONEGORO,,,0,0,0,JAWA TIMUR,BOJONEGORO,SUGIHWARAS,TRATE,BOJONEGORO
1092062579,,ODP-KDU-FC/06,-7.135636,111.821786,,,6,2,0,0,8,REGIONAL 5,MADIUN,BOJONEGORO,KDU,,,2024-03-16 23:24:36,42713,2016,12,NON TITO,,,JAWA TIMUR,0.25,GREEN,38973894,AREA 3,JATIM,LAMONGAN,TUBAN BOJONEGORO,,,0,0,0,JAWA TIMUR,BOJONEGORO,KALITIDU,NGIRINGINREJO,BOJONEGORO
12787171113,,ODP-PAZ-FP/73,-7.127305,111.622966,,,5,3,0,0,8,REGIONAL 5,MADIUN,BOJONEGORO,PAD,,,2026-06-25 16:57:25,46197,2026,6,NON TITO,,,JAWA TIMUR,0.375,GREEN,1505514918,AREA 3,JATIM,LAMONGAN,TUBAN BOJONEGORO,,,0,0,0,JAWA TIMUR,BOJONEGORO,KASIMAN,SAMBENG,BOJONEGORO
408591589,,ODP-PAZ-FA/09,-7.1815,111.6001,,,13,2,0,0,16,REGIONAL 5,MADIUN,BOJONEGORO,PAD,,,2024-03-16 23:24:55,42506,2016,5,NON TITO,,,JAWA TIMUR,0.125,GREEN,25483289,AREA 3,JATIM,LAMONGAN,TUBAN BOJONEGORO,,,0,0,0,JAWA TIMUR,BOJONEGORO,PADANGAN,PURWOREJO,BOJONEGORO
1083134203,,ODP-PAZ-FD/12,-7.229807,111.55286,,,5,3,0,0,8,REGIONAL 5,MADIUN,BOJONEGORO,PAD,,,2024-03-16 23:27:00,42705,2016,12,NON TITO,,,JAWA TIMUR,0.375,GREEN,38711822,AREA 3,JATIM,LAMONGAN,TUBAN BOJONEGORO,,,0,0,0,JAWA TIMUR,BOJONEGORO,NGRAHO,SUMBERARUM,BOJONEGORO
9340694000,,ODP-BJN-FD/58,-7.174492,111.877962,,,4,3,0,0,8,REGIONAL 5,MADIUN,BOJONEGORO,BJN,,,2023-08-30 18:01:45,44842,2022,10,NON TITO,,,JAWA TIMUR,0.375,GREEN,1230296970,AREA 3,JATIM,LAMONGAN,TUBAN BOJONEGORO,,,0,0,0,JAWA TIMUR,BOJONEGORO,BOJONEGORO,PACUL,BOJONEGORO
1092063043,,ODP-KDU-FC/01,-7.134912,111.832584,,,12,4,0,0,16,REGIONAL 5,MADIUN,BOJONEGORO,KDU,,,2024-03-16 23:25:23,42713,2016,12,NON TITO,,,JAWA TIMUR,0.25,GREEN,38904843,AREA 3,JATIM,LAMONGAN,TUBAN BOJONEGORO,,,0,0,0,JAWA TIMUR,BOJONEGORO,TRUCUK,PADANG,BOJONEGORO
739469526,,ODP-BJN-FE/07,-7.203054,111.887513,,,12,4,0,0,16,REGIONAL 5,MADIUN,BOJONEGORO,BJN,,,2024-03-16 23:28:57,42570,2016,7,NON TITO,,,JAWA TIMUR,0.25,GREEN,33841937,AREA 3,JATIM,LAMONGAN,TUBAN BOJONEGORO,,,0,0,0,JAWA TIMUR,BOJONEGORO,KAPAS,TANJUNGHARJO,BOJONEGORO
1281571201,,ODP-PAZ-FC/29,-7.156609,111.620452,,,5,3,0,0,8,REGIONAL 5,MADIUN,BOJONEGORO,PAD,,,2023-08-30 18:10:16,42788,2017,2,NON TITO,,,JAWA TIMUR,0.375,GREEN,67365683,AREA 3,JATIM,LAMONGAN,TUBAN BOJONEGORO,,,0,0,0,JAWA TIMUR,BOJONEGORO,PADANGAN,KUNCEN,BOJONEGORO
408596488,,ODP-BJN-FJ/03,-7.1492,111.8741,,,10,6,0,0,16,REGIONAL 5,MADIUN,BOJONEGORO,BJN,,,2024-03-16 23:26:50,42506,2016,5,NON TITO,,,JAWA TIMUR,0.375,GREEN,25486519,AREA 3,JATIM,LAMONGAN,TUBAN BOJONEGORO,,,0,0,0,JAWA TIMUR,BOJONEGORO,BOJONEGORO,KAUMAN,BOJONEGORO
408522705,,ODP-KDU-F04/01,-7.146,111.8282,,,11,5,0,0,16,REGIONAL 5,MADIUN,BOJONEGORO,KDU,,,2024-03-16 23:23:59,42506,2016,5,NON TITO,,,JAWA TIMUR,0.3125,GREEN,25412355,AREA 3,JATIM,LAMONGAN,TUBAN BOJONEGORO,,,0,0,0,JAWA TIMUR,BOJONEGORO,KALITIDU,LERAN,BOJONEGORO
408594577,,ODP-BJN-FB/13,-7.1585,111.8853,,,5,3,0,0,8,REGIONAL 5,MADIUN,BOJONEGORO,BJN,,,2024-03-16 23:26:27,42506,2016,5,NON TITO,,,JAWA TIMUR,0.375,GREEN,25485332,AREA 3,JATIM,LAMONGAN,TUBAN BOJONEGORO,,,0,0,0,JAWA TIMUR,BOJONEGORO,BOJONEGORO,SUKOREJO,BOJONEGORO
408517099,,ODP-BJN-F12/03,-7.1637,111.8686,,,3,2,0,0,8,REGIONAL 5,MADIUN,BOJONEGORO,BJN,,,2024-03-16 23:23:31,42506,2016,5,NON TITO,,,JAWA TIMUR,0.25,GREEN,25408258,AREA 3,JATIM,LAMONGAN,TUBAN BOJONEGORO,,,0,0,0,JAWA TIMUR,BOJONEGORO,BOJONEGORO,JETAK,BOJONEGORO
408517241,,ODP-BJN-F12/02,-7.1619,111.8744,,,2,1,0,0,8,REGIONAL 5,MADIUN,BOJONEGORO,BJN,,,2024-03-16 23:23:31,42506,2016,5,NON TITO,,,JAWA TIMUR,0.125,GREEN,25408376,AREA 3,JATIM,LAMONGAN,TUBAN BOJONEGORO,,,0,0,0,JAWA TIMUR,BOJONEGORO,BOJONEGORO,SUMBANG,BOJONEGORO
408520302,,ODP-BJN-F17/01,-7.152018,111.879087,,,7,4,0,0,16,REGIONAL 5,MADIUN,BOJONEGORO,BJN,,,2024-03-16 23:23:46,42506,2016,5,NON TITO,,,JAWA TIMUR,0.25,GREEN,25410864,AREA 3,JATIM,LAMONGAN,TUBAN BOJONEGORO,,,0,0,0,JAWA TIMUR,BOJONEGORO,BOJONEGORO,KAUMAN,BOJONEGORO
408517479,,ODP-BJN-FA/07,-7.152,111.8825,,,10,6,0,0,16,REGIONAL 5,MADIUN,BOJONEGORO,BJN,,,2024-03-16 23:23:32,42506,2016,5,NON TITO,,,JAWA TIMUR,0.375,GREEN,25408572,AREA 3,JATIM,LAMONGAN,TUBAN BOJONEGORO,,,0,0,0,JAWA TIMUR,BOJONEGORO,BOJONEGORO,KAUMAN,BOJONEGORO
408593931,,ODP-BJN-FY/01,-7.196303,111.897424,,,10,6,0,0,16,REGIONAL 5,MADIUN,BOJONEGORO,BJN,,,2024-03-16 23:25:08,42506,2016,5,NON TITO,,,JAWA TIMUR,0.375,GREEN,25484916,AREA 3,JATIM,LAMONGAN,TUBAN BOJONEGORO,,,0,0,0,JAWA TIMUR,BOJONEGORO,KAPAS,WEDI,BOJONEGORO
408517523,,ODP-BJN-F07/08,-7.1506,111.8843,,,1,6,0,0,16,REGIONAL 5,MADIUN,BOJONEGORO,BJN,,,2024-03-16 23:23:27,42506,2016,5,NON TITO,,,JAWA TIMUR,0.375,GREEN,25408608,AREA 3,JATIM,LAMONGAN,TUBAN BOJONEGORO,,,0,0,0,JAWA TIMUR,BOJONEGORO,BOJONEGORO,KARANG PACAR,BOJONEGORO
399358498,,ODP-BJN-FY/03,-7.193058,111.892592,,,6,2,0,0,8,REGIONAL 5,MADIUN,BOJONEGORO,BJN,,,2024-03-16 23:25:54,42503,2016,5,NON TITO,,,JAWA TIMUR,0.25,GREEN,24009531,AREA 3,JATIM,LAMONGAN,TUBAN BOJONEGORO,,,0,0,0,JAWA TIMUR,BOJONEGORO,KAPAS,WEDI,BOJONEGORO
408590656,,ODP-BJN-F08/01,-7.157306,111.876021,,,9,3,0,0,16,REGIONAL 5,MADIUN,BOJONEGORO,BJN,,,2024-03-16 23:25:11,42506,2016,5,NON TITO,,,JAWA TIMUR,0.1875,GREEN,25482510,AREA 3,JATIM,LAMONGAN,TUBAN BOJONEGORO,,,0,0,0,JAWA TIMUR,BOJONEGORO,BOJONEGORO,KLANGON,BOJONEGORO
408590654,,ODP-BJN-FU/09,-7.2586,111.8566,,,9,6,0,0,16,REGIONAL 5,MADIUN,BOJONEGORO,BJN,,,2024-03-16 23:25:08,42506,2016,5,NON TITO,,,JAWA TIMUR,0.375,GREEN,25482508,AREA 3,JATIM,LAMONGAN,TUBAN BOJONEGORO,,,0,0,0,JAWA TIMUR,BOJONEGORO,DANDER,GROWOK,BOJONEGORO
650819163,,ODP-BJN-FP/11,-7.193542,111.873553,,,10,6,0,0,16,REGIONAL 5,MADIUN,BOJONEGORO,BJN,,,2024-03-16 23:29:05,42527,2016,6,NON TITO,,,JAWA TIMUR,0.375,GREEN,33556021,AREA 3,JATIM,LAMONGAN,TUBAN BOJONEGORO,,,0,0,0,JAWA TIMUR,BOJONEGORO,KAPAS,BANGILAN,BOJONEGORO
3710594096,,ODP-BJN-FBM/18,-7.262672,111.871623,,,5,3,0,0,8,REGIONAL 5,MADIUN,BOJONEGORO,BJN,,,2023-08-30 18:09:28,43654,2019,7,NON TITO,,,JAWA TIMUR,0.375,GREEN,632310474,AREA 3,JATIM,LAMONGAN,TUBAN BOJONEGORO,,,0,0,0,JAWA TIMUR,BOJONEGORO,DANDER,SUMBERARUM,BOJONEGORO
6838318683,,ODP-KDU-FB/17,-7.207768,111.760754,,,7,1,0,0,8,REGIONAL 5,MADIUN,BOJONEGORO,KDU,,,2023-08-30 17:59:48,44365,2021,6,NON TITO,,,JAWA TIMUR,0.125,GREEN,906421941,AREA 3,JATIM,LAMONGAN,TUBAN BOJONEGORO,,,0,0,0,JAWA TIMUR,BOJONEGORO,NGASEM,BARENG,BOJONEGORO
6992518576,,ODP-BJN-FBM/13,-7.261725,111.874443,,,6,2,0,0,8,REGIONAL 5,MADIUN,BOJONEGORO,BJN,,,2023-08-30 18:08:36,44379,2021,7,NON TITO,,,JAWA TIMUR,0.25,GREEN,916771027,AREA 3,JATIM,LAMONGAN,TUBAN BOJONEGORO,,,0,0,0,JAWA TIMUR,BOJONEGORO,DANDER,SUMBERARUM,BOJONEGORO
408523228,,ODP-BJN-FL/02,-7.163,111.8731,,,10,6,0,0,16,REGIONAL 5,MADIUN,BOJONEGORO,BJN,,,2024-03-16 23:24:45,42506,2016,5,NON TITO,,,JAWA TIMUR,0.375,GREEN,25412673,AREA 3,JATIM,LAMONGAN,TUBAN BOJONEGORO,,,0,0,0,JAWA TIMUR,BOJONEGORO,BOJONEGORO,SUMBANG,BOJONEGORO
6992518586,,ODP-BJN-FBM/15,-7.261203,111.871711,,,5,3,0,0,8,REGIONAL 5,MADIUN,BOJONEGORO,BJN,,,2023-08-30 18:04:32,44379,2021,7,NON TITO,,,JAWA TIMUR,0.375,GREEN,916771042,AREA 3,JATIM,LAMONGAN,TUBAN BOJONEGORO,,,0,0,0,JAWA TIMUR,BOJONEGORO,DANDER,SUMBERARUM,BOJONEGORO
1083118686,,ODP-PAZ-FB/11,-7.142282,111.724265,,,5,3,0,0,8,REGIONAL 5,MADIUN,BOJONEGORO,PAD,,,2024-03-16 23:24:12,42703,2016,11,NON TITO,,,JAWA TIMUR,0.375,GREEN,38700182,AREA 3,JATIM,LAMONGAN,TUBAN BOJONEGORO,,,0,0,0,JAWA TIMUR,BOJONEGORO,KALITIDU,SUMENGKO,BOJONEGORO
408523159,,ODP-PAZ-FB/01,-7.2077,111.7094,,,6,2,0,0,8,REGIONAL 5,MADIUN,BOJONEGORO,PAD,,,2024-03-16 23:24:38,42506,2016,5,NON TITO,,,JAWA TIMUR,0.25,GREEN,25412633,AREA 3,JATIM,LAMONGAN,TUBAN BOJONEGORO,,,0,0,0,JAWA TIMUR,BOJONEGORO,GAYAM,MOJODELIK,BOJONEGORO
1053345692,,GCL-KDU-F03/01,-7.219864,111.759741,,,14,2,0,0,16,REGIONAL 5,MADIUN,BOJONEGORO,KDU,,,2024-03-16 23:23:48,42686,2016,11,NON TITO,,,JAWA TIMUR,0.125,GREEN,38459384,AREA 3,JATIM,LAMONGAN,TUBAN BOJONEGORO,,,0,0,0,JAWA TIMUR,BOJONEGORO,NGASEM,NGANTRU,BOJONEGORO
408587464,,ODP-BJN-F07/01,-7.2186,111.8633,,,13,3,0,0,16,REGIONAL 5,MADIUN,BOJONEGORO,BJN,,,2024-03-16 23:24:23,42506,2016,5,NON TITO,,,JAWA TIMUR,0.1875,GREEN,25479551,AREA 3,JATIM,LAMONGAN,TUBAN BOJONEGORO,,,0,0,0,JAWA TIMUR,BOJONEGORO,DANDER,MOJORANU,BOJONEGORO
8239993662,,ODP-SMJ-FC/18,-7.105327,112.017503,,,6,2,0,0,8,REGIONAL 5,MADIUN,BOJONEGORO,SMJ,,,2023-08-30 18:08:20,44544,2021,12,NON TITO,,,JAWA TIMUR,0.25,GREEN,1161496392,AREA 3,JATIM,LAMONGAN,TUBAN BOJONEGORO,,,0,0,0,JAWA TIMUR,BOJONEGORO,KANOR,KANOR,BOJONEGORO
408589663,,ODP-BJN-F02/02,-7.1491,111.8748,,,8,4,0,0,16,REGIONAL 5,MADIUN,BOJONEGORO,BJN,,,2024-03-16 23:24:02,42506,2016,5,NON TITO,,,JAWA TIMUR,0.25,GREEN,25481694,AREA 3,JATIM,LAMONGAN,TUBAN BOJONEGORO,,,0,0,0,JAWA TIMUR,BOJONEGORO,BOJONEGORO,KAUMAN,BOJONEGORO
408589760,,ODP-BJN-FB/10,-7.1656,111.8829,,,4,3,0,0,8,REGIONAL 5,MADIUN,BOJONEGORO,BJN,,,2024-03-16 23:25:07,42506,2016,5,NON TITO,,,JAWA TIMUR,0.375,GREEN,25481772,AREA 3,JATIM,LAMONGAN,TUBAN BOJONEGORO,,,0,0,0,JAWA TIMUR,BOJONEGORO,BOJONEGORO,SUKOREJO,BOJONEGORO
408589788,,ODP-BJN-FB/02,-7.1868,111.9154,,,3,5,0,0,16,REGIONAL 5,MADIUN,BOJONEGORO,BJN,,,2024-03-16 23:24:49,42506,2016,5,NON TITO,,,JAWA TIMUR,0.3125,GREEN,25481796,AREA 3,JATIM,LAMONGAN,TUBAN BOJONEGORO,,,0,0,0,JAWA TIMUR,BOJONEGORO,KAPAS,SUKOWATI,BOJONEGORO
408589942,,ODP-BJN-F07/18,-7.1644,111.8871,,,7,3,0,0,16,REGIONAL 5,MADIUN,BOJONEGORO,BJN,,,2024-03-16 23:25:04,42506,2016,5,NON TITO,,,JAWA TIMUR,0.1875,GREEN,25481924,AREA 3,JATIM,LAMONGAN,TUBAN BOJONEGORO,,,0,0,0,JAWA TIMUR,BOJONEGORO,BOJONEGORO,SUKOREJO,BOJONEGORO
408590152,,ODP-BJN-FB/05,-7.1663,111.8896,,,3,3,0,0,8,REGIONAL 5,MADIUN,BOJONEGORO,BJN,,,2024-03-16 23:24:52,42506,2016,5,NON TITO,,,JAWA TIMUR,0.375,GREEN,25482095,AREA 3,JATIM,LAMONGAN,TUBAN BOJONEGORO,,,0,0,0,JAWA TIMUR,BOJONEGORO,BOJONEGORO,SUKOREJO,BOJONEGORO
408519791,,ODP-BJN-F13/02,-7.145542,111.877393,,,1,5,0,0,16,REGIONAL 5,MADIUN,BOJONEGORO,BJN,,,2024-03-16 23:21:01,42506,2016,5,NON TITO,,,JAWA TIMUR,0.3125,GREEN,25410470,AREA 3,JATIM,LAMONGAN,TUBAN BOJONEGORO,,,0,0,0,JAWA TIMUR,BOJONEGORO,TRUCUK,BANJARSARI,BOJONEGORO
408519770,,ODP-PAZ-FA/08,-7.1836,111.5997,,,14,2,0,0,16,REGIONAL 5,MADIUN,BOJONEGORO,PAD,,,2024-03-16 23:23:59,42506,2016,5,NON TITO,,,JAWA TIMUR,0.125,GREEN,25410453,AREA 3,JATIM,LAMONGAN,TUBAN BOJONEGORO,,,0,0,0,JAWA TIMUR,BOJONEGORO,PADANGAN,PURWOREJO,BOJONEGORO
739469593,,ODP-BJN-FE/14,-7.187281,111.893243,,,6,2,0,0,8,REGIONAL 5,MADIUN,BOJONEGORO,BJN,,,2024-03-16 23:28:23,42570,2016,7,NON TITO,,,JAWA TIMUR,0.25,GREEN,33842484,AREA 3,JATIM,LAMONGAN,TUBAN BOJONEGORO,,,0,0,0,JAWA TIMUR,BOJONEGORO,KAPAS,WEDI,BOJONEGORO
408517868,,ODP-BJN-FB/04,-7.1705,111.895,,,7,1,0,0,8,REGIONAL 5,MADIUN,BOJONEGORO,BJN,,,2024-03-16 23:23:38,42506,2016,5,NON TITO,,,JAWA TIMUR,0.125,GREEN,25408888,AREA 3,JATIM,LAMONGAN,TUBAN BOJONEGORO,,,0,0,0,JAWA TIMUR,BOJONEGORO,KAPAS,WEDI,BOJONEGORO
408519392,,ODP-BJN-F10/05,-7.15,111.9013,,,9,5,0,0,16,REGIONAL 5,MADIUN,BOJONEGORO,BJN,,,2024-03-16 23:23:56,42506,2016,5,NON TITO,,,JAWA TIMUR,0.3125,GREEN,25410149,AREA 3,JATIM,LAMONGAN,TUBAN BOJONEGORO,,,0,0,0,JAWA TIMUR,BOJONEGORO,BOJONEGORO,CAMPURJO,BOJONEGORO
2513295961,,ODP-BJN-FQ/47,-7.160228,111.88218,,,0,7,0,0,8,REGIONAL 5,MADIUN,BOJONEGORO,BJN,,,2024-03-16 23:23:28,43235,2018,5,NON TITO,,,JAWA TIMUR,0.875,ORANGE,354209106,AREA 3,JATIM,LAMONGAN,TUBAN BOJONEGORO,,,0,0,0,JAWA TIMUR,BOJONEGORO,BOJONEGORO,SUKOREJO,BOJONEGORO
2595343561,,ODP-PAZ-FE/25,-7.17946,111.666323,,,1,7,0,0,8,REGIONAL 5,MADIUN,BOJONEGORO,PAD,,,2024-03-16 23:25:16,43254,2018,6,NON TITO,,,JAWA TIMUR,0.875,ORANGE,357464191,AREA 3,JATIM,LAMONGAN,TUBAN BOJONEGORO,,,0,0,0,JAWA TIMUR,BOJONEGORO,PURWOSARI,POJOK,BOJONEGORO
408505376,,ODP-SMJ-FQ/15,-7.16653,112.001205,,,1,14,0,0,16,REGIONAL 5,MADIUN,BOJONEGORO,SMJ,,,2024-10-17 17:20:56,42506,2016,5,NON TITO,,,JAWA TIMUR,0.875,ORANGE,25472552,AREA 3,JATIM,LAMONGAN,TUBAN BOJONEGORO,,,0,0,0,JAWA TIMUR,BOJONEGORO,SUMBEREJO,SUMURAGUNG,BOJONEGORO
408501906,,ODP-SMJ-FS/12,-7.175656,112.003077,,,3,13,0,0,16,REGIONAL 5,MADIUN,BOJONEGORO,SMJ,,,2024-11-06 17:25:36,42506,2016,5,NON TITO,,,JAWA TIMUR,0.8125,ORANGE,25469144,AREA 3,JATIM,LAMONGAN,TUBAN BOJONEGORO,,,0,0,0,JAWA TIMUR,BOJONEGORO,SUMBEREJO,SUMBERREJO,BOJONEGORO
2595343601,,ODP-PAZ-FE/30,-7.176612,111.662576,,,2,14,0,0,16,REGIONAL 5,MADIUN,BOJONEGORO,PAD,,,2024-03-16 23:26:08,43254,2018,6,NON TITO,,,JAWA TIMUR,0.875,ORANGE,357464216,AREA 3,JATIM,LAMONGAN,TUBAN BOJONEGORO,,,0,0,0,JAWA TIMUR,BOJONEGORO,PURWOSARI,PURWOSARI,BOJONEGORO
2481802900,,ODP-BJN-FH/30,-7.143156,111.897207,,,1,15,0,0,16,REGIONAL 5,MADIUN,BOJONEGORO,BJN,,,2024-03-16 23:26:10,43224,2018,5,NON TITO,,,JAWA TIMUR,0.9375,ORANGE,353790331,AREA 3,JATIM,LAMONGAN,TUBAN BOJONEGORO,,,0,0,0,JAWA TIMUR,BOJONEGORO,BOJONEGORO,BANJAREJO,BOJONEGORO
2481802890,,ODP-BJN-FH/37,-7.141432,111.894402,,,1,15,0,0,16,REGIONAL 5,MADIUN,BOJONEGORO,BJN,,,2024-03-16 23:26:26,43224,2018,5,NON TITO,,,JAWA TIMUR,0.9375,ORANGE,353790325,AREA 3,JATIM,LAMONGAN,TUBAN BOJONEGORO,,,0,0,0,JAWA TIMUR,BOJONEGORO,BOJONEGORO,BANJAREJO,BOJONEGORO
8417893642,,ODP-PAZ-FE/40,-7.175617,111.663175,,,1,7,0,0,8,REGIONAL 5,MADIUN,BOJONEGORO,PAD,,,2024-03-16 23:27:40,44597,2022,2,NON TITO,,,JAWA TIMUR,0.875,ORANGE,1165268180,AREA 3,JATIM,LAMONGAN,TUBAN BOJONEGORO,,,0,0,0,JAWA TIMUR,BOJONEGORO,PURWOSARI,PURWOSARI,BOJONEGORO
9019918804,,ODP-PAZ-FB/23,-7.148878,111.721716,,,1,7,0,0,8,REGIONAL 5,MADIUN,BOJONEGORO,PAD,,,2024-03-16 23:27:20,44763,2022,7,NON TITO,,,JAWA TIMUR,0.875,ORANGE,1202099124,AREA 3,JATIM,LAMONGAN,TUBAN BOJONEGORO,,,0,0,0,JAWA TIMUR,BOJONEGORO,GAYAM,KATUR,BOJONEGORO
12261118811,,ODP-BJN-FBD/43,-7.129521,111.876901,,,1,7,0,0,8,REGIONAL 5,MADIUN,BOJONEGORO,BJN,,,2025-07-13 17:55:14,45850,2025,7,NON TITO,,,JAWA TIMUR,0.875,ORANGE,1500138429,AREA 3,JATIM,LAMONGAN,TUBAN BOJONEGORO,,,0,0,0,JAWA TIMUR,TUBAN,PARENGAN,SENDANGREJO,BOJONEGORO
12261118806,,ODP-BJN-FBD/44,-7.126203,111.873543,,,1,7,0,0,8,REGIONAL 5,MADIUN,BOJONEGORO,BJN,,,2025-07-13 17:56:46,45850,2025,7,NON TITO,,,JAWA TIMUR,0.875,ORANGE,1500138426,AREA 3,JATIM,LAMONGAN,TUBAN BOJONEGORO,,,0,0,0,JAWA TIMUR,TUBAN,PARENGAN,SENDANGREJO,BOJONEGORO
2495671143,,ODP-BJN-FV/34,-7.149166,111.894775,,,2,14,0,0,16,REGIONAL 5,MADIUN,BOJONEGORO,BJN,,,2024-03-16 23:21:20,43229,2018,5,NON TITO,,,JAWA TIMUR,0.875,ORANGE,353757951,AREA 3,JATIM,LAMONGAN,TUBAN BOJONEGORO,,,0,0,0,JAWA TIMUR,BOJONEGORO,BOJONEGORO,NGROWO,BOJONEGORO
9050143855,,ODP-BJN-FBB/14,-7.26544,111.921022,,,1,7,0,0,8,REGIONAL 5,MADIUN,BOJONEGORO,BJN,,,2024-03-16 23:26:45,44764,2022,7,NON TITO,,,JAWA TIMUR,0.875,ORANGE,1202396385,AREA 3,JATIM,LAMONGAN,TUBAN BOJONEGORO,,,0,0,0,JAWA TIMUR,BOJONEGORO,SUKOSEWU,SUKOSEWU,BOJONEGORO
8383844856,,ODP-BJN-FBA/50,-7.187278,111.922743,,,1,7,0,0,8,REGIONAL 5,MADIUN,BOJONEGORO,BJN,,,2024-03-16 23:21:59,44594,2022,2,NON TITO,,,JAWA TIMUR,0.875,ORANGE,1165180399,AREA 3,JATIM,LAMONGAN,TUBAN BOJONEGORO,,,0,0,0,JAWA TIMUR,BOJONEGORO,KAPAS,MOJODESO,BOJONEGORO
408519334,,ODP-BJN-F10/02,-7.165772,111.896364,,,2,13,0,0,16,REGIONAL 5,MADIUN,BOJONEGORO,BJN,,,2024-03-16 23:23:49,42506,2016,5,NON TITO,,,JAWA TIMUR,0.8125,ORANGE,25410101,AREA 3,JATIM,LAMONGAN,TUBAN BOJONEGORO,,,0,0,0,JAWA TIMUR,BOJONEGORO,BOJONEGORO,SUKOREJO,BOJONEGORO
2604269848,,ODP-BJN-FN/59,-7.153426,111.875979,,,1,7,0,0,8,REGIONAL 5,MADIUN,BOJONEGORO,BJN,,,2024-03-16 23:23:00,43257,2018,6,NON TITO,,,JAWA TIMUR,0.875,ORANGE,361302980,AREA 3,JATIM,LAMONGAN,TUBAN BOJONEGORO,,,0,0,0,JAWA TIMUR,BOJONEGORO,BOJONEGORO,KLANGON,BOJONEGORO
2604269993,,ODP-BJN-FN/61,-7.155309,111.876948,,,2,14,0,0,16,REGIONAL 5,MADIUN,BOJONEGORO,BJN,,,2024-03-16 23:23:03,43257,2018,6,NON TITO,,,JAWA TIMUR,0.875,ORANGE,361303092,AREA 3,JATIM,LAMONGAN,TUBAN BOJONEGORO,,,0,0,0,JAWA TIMUR,BOJONEGORO,BOJONEGORO,KLANGON,BOJONEGORO
408519297,,ODP-PAZ-FA/03,-7.152,111.6085,,,1,15,0,0,16,REGIONAL 5,MADIUN,BOJONEGORO,PAD,,,2024-03-16 23:23:54,42506,2016,5,NON TITO,,,JAWA TIMUR,0.9375,ORANGE,25410071,AREA 3,JATIM,LAMONGAN,TUBAN BOJONEGORO,,,0,0,0,JAWA TIMUR,BOJONEGORO,PADANGAN,PADANGAN,BOJONEGORO
2603743553,,ODP-PAZ-FF/13,-7.163903,111.625938,,,1,7,0,0,8,REGIONAL 5,MADIUN,BOJONEGORO,PAD,,,2024-03-16 23:21:33,43256,2018,6,NON TITO,,,JAWA TIMUR,0.875,ORANGE,361373688,AREA 3,JATIM,LAMONGAN,TUBAN BOJONEGORO,,,0,0,0,JAWA TIMUR,BOJONEGORO,PADANGAN,NGRADIN,BOJONEGORO
2603743591,,ODP-PAZ-FF/12,-7.165764,111.625581,,,1,7,0,0,8,REGIONAL 5,MADIUN,BOJONEGORO,PAD,,,2024-03-16 23:21:33,43256,2018,6,NON TITO,,,JAWA TIMUR,0.875,ORANGE,361373715,AREA 3,JATIM,LAMONGAN,TUBAN BOJONEGORO,,,0,0,0,JAWA TIMUR,BOJONEGORO,PADANGAN,NGRADIN,BOJONEGORO
2603743619,,ODP-PAZ-FF/16,-7.159106,111.627145,,,1,7,0,0,8,REGIONAL 5,MADIUN,BOJONEGORO,PAD,,,2024-03-16 23:22:21,43256,2018,6,NON TITO,,,JAWA TIMUR,0.875,ORANGE,361373741,AREA 3,JATIM,LAMONGAN,TUBAN BOJONEGORO,,,0,0,0,JAWA TIMUR,BOJONEGORO,PADANGAN,BANJARJO,BOJONEGORO
2603743670,,ODP-PAZ-FF/14,-7.160447,111.6267,,,1,7,0,0,8,REGIONAL 5,MADIUN,BOJONEGORO,PAD,,,2024-03-16 23:22:36,43256,2018,6,NON TITO,,,JAWA TIMUR,0.875,ORANGE,361373791,AREA 3,JATIM,LAMONGAN,TUBAN BOJONEGORO,,,0,0,0,JAWA TIMUR,BOJONEGORO,PADANGAN,BANJARJO,BOJONEGORO
2479095248,,ODP-BJN-FR/17,-7.144999,111.895592,,,1,7,0,0,8,REGIONAL 5,MADIUN,BOJONEGORO,BJN,,,2024-03-16 23:28:50,43226,2018,5,NON TITO,,,JAWA TIMUR,0.875,ORANGE,353740760,AREA 3,JATIM,LAMONGAN,TUBAN BOJONEGORO,,,0,0,0,JAWA TIMUR,BOJONEGORO,BOJONEGORO,KARANG PACAR,BOJONEGORO
2604269291,,ODP-BJN-FN/58,-7.151915,111.876177,,,3,13,0,0,16,REGIONAL 5,MADIUN,BOJONEGORO,BJN,,,2024-03-16 23:22:43,43257,2018,6,NON TITO,,,JAWA TIMUR,0.8125,ORANGE,361383598,AREA 3,JATIM,LAMONGAN,TUBAN BOJONEGORO,,,0,0,0,JAWA TIMUR,BOJONEGORO,BOJONEGORO,KLANGON,BOJONEGORO
2670793623,,ODP-BJN-FBN/26,-7.106208,111.865928,,,1,7,0,0,8,REGIONAL 5,MADIUN,BOJONEGORO,BJN,,,2024-03-16 23:24:19,43289,2018,7,NON TITO,,,JAWA TIMUR,0.875,ORANGE,361945009,AREA 3,JATIM,LAMONGAN,TUBAN BOJONEGORO,,,0,0,0,JAWA TIMUR,TUBAN,PARENGAN,SUCIHARJO,BOJONEGORO
408502536,,ODP-SMJ-FS/15,-7.17552,112.006942,,,1,13,0,0,16,REGIONAL 5,MADIUN,BOJONEGORO,SMJ,,,2024-11-06 17:25:40,42506,2016,5,NON TITO,,,JAWA TIMUR,0.8125,ORANGE,25469762,AREA 3,JATIM,LAMONGAN,TUBAN BOJONEGORO,,,0,0,0,JAWA TIMUR,BOJONEGORO,SUMBEREJO,SUMBERREJO,BOJONEGORO
2595343541,,ODP-PAZ-FE/26,-7.177699,111.664825,,,1,7,0,0,8,REGIONAL 5,MADIUN,BOJONEGORO,PAD,,,2024-03-16 23:26:23,43254,2018,6,NON TITO,,,JAWA TIMUR,0.875,ORANGE,357464173,AREA 3,JATIM,LAMONGAN,TUBAN BOJONEGORO,,,0,0,0,JAWA TIMUR,BOJONEGORO,PURWOSARI,PURWOSARI,BOJONEGORO
2595343531,,ODP-PAZ-FE/33,-7.171233,111.661868,,,1,7,0,0,8,REGIONAL 5,MADIUN,BOJONEGORO,PAD,,,2024-03-16 23:26:21,43254,2018,6,NON TITO,,,JAWA TIMUR,0.875,ORANGE,357464164,AREA 3,JATIM,LAMONGAN,TUBAN BOJONEGORO,,,0,0,0,JAWA TIMUR,BOJONEGORO,PURWOSARI,PURWOSARI,BOJONEGORO
2595343616,,ODP-PAZ-FE/34,-7.172851,111.661147,,,1,7,0,0,8,REGIONAL 5,MADIUN,BOJONEGORO,PAD,,,2024-03-16 23:26:09,43254,2018,6,NON TITO,,,JAWA TIMUR,0.875,ORANGE,357390673,AREA 3,JATIM,LAMONGAN,TUBAN BOJONEGORO,,,0,0,0,JAWA TIMUR,BOJONEGORO,PURWOSARI,PURWOSARI,BOJONEGORO
2595343596,,ODP-PAZ-FE/32,-7.174128,111.66233,,,1,7,0,0,8,REGIONAL 5,MADIUN,BOJONEGORO,PAD,,,2024-03-16 23:25:39,43254,2018,6,NON TITO,,,JAWA TIMUR,0.875,ORANGE,357390654,AREA 3,JATIM,LAMONGAN,TUBAN BOJONEGORO,,,0,0,0,JAWA TIMUR,BOJONEGORO,PURWOSARI,PURWOSARI,BOJONEGORO
408509038,,ODP-SMJ-FQ/20,-7.173375,111.999138,,,2,14,0,0,16,REGIONAL 5,MADIUN,BOJONEGORO,SMJ,,,2024-11-06 17:26:08,42506,2016,5,NON TITO,,,JAWA TIMUR,0.875,ORANGE,25400290,AREA 3,JATIM,LAMONGAN,TUBAN BOJONEGORO,,,0,0,0,JAWA TIMUR,BOJONEGORO,SUMBEREJO,SUMURAGUNG,BOJONEGORO
2568869161,,ODP-BJN-FL/61,-7.160644,111.873422,,,1,7,0,0,8,REGIONAL 5,MADIUN,BOJONEGORO,BJN,,,2024-03-16 23:23:02,43245,2018,5,NON TITO,,,JAWA TIMUR,0.875,ORANGE,356341768,AREA 3,JATIM,LAMONGAN,TUBAN BOJONEGORO,,,0,0,0,JAWA TIMUR,BOJONEGORO,BOJONEGORO,KLANGON,BOJONEGORO
2481803292,,ODP-BJN-FH/41,-7.141678,111.893135,,,1,15,0,0,16,REGIONAL 5,MADIUN,BOJONEGORO,BJN,,,2024-03-16 23:26:29,43224,2018,5,NON TITO,,,JAWA TIMUR,0.9375,ORANGE,353790566,AREA 3,JATIM,LAMONGAN,TUBAN BOJONEGORO,,,0,0,0,JAWA TIMUR,BOJONEGORO,BOJONEGORO,BANJAREJO,BOJONEGORO
8920845979,,ODP-SMJ-FG/76,-7.185065,111.983458,,,1,7,0,0,8,REGIONAL 5,MADIUN,BOJONEGORO,SMJ,,,2024-03-16 23:25:31,44747,2022,7,NON TITO,,,JAWA TIMUR,0.875,ORANGE,1193104459,AREA 3,JATIM,LAMONGAN,TUBAN BOJONEGORO,,,0,0,0,JAWA TIMUR,BOJONEGORO,BALEN,KEDUNGBONDO,BOJONEGORO
645869065,,ODP-BJN-FD/25,-7.165586,111.875992,,,3,13,0,0,16,REGIONAL 5,MADIUN,BOJONEGORO,BJN,,,2024-03-16 23:26:57,42524,2016,6,NON TITO,,,JAWA TIMUR,0.8125,ORANGE,33400151,AREA 3,JATIM,LAMONGAN,TUBAN BOJONEGORO,,,0,0,0,JAWA TIMUR,BOJONEGORO,BOJONEGORO,SUMBANG,BOJONEGORO
2568869167,,ODP-BJN-FL/60,-7.161892,111.874291,,,1,7,0,0,8,REGIONAL 5,MADIUN,BOJONEGORO,BJN,,,2024-03-16 23:23:08,43245,2018,5,NON TITO,,,JAWA TIMUR,0.875,ORANGE,356341774,AREA 3,JATIM,LAMONGAN,TUBAN BOJONEGORO,,,0,0,0,JAWA TIMUR,BOJONEGORO,BOJONEGORO,SUMBANG,BOJONEGORO
2568869170,,ODP-BJN-FL/67,-7.159929,111.871293,,,2,14,0,0,16,REGIONAL 5,MADIUN,BOJONEGORO,BJN,,,2024-03-16 23:23:21,43245,2018,5,NON TITO,,,JAWA TIMUR,0.875,ORANGE,356341779,AREA 3,JATIM,LAMONGAN,TUBAN BOJONEGORO,,,0,0,0,JAWA TIMUR,BOJONEGORO,BOJONEGORO,JETAK,BOJONEGORO
408522504,,ODP-SMJ-FC/02,-7.1065,112.0207,,,1,7,0,0,8,REGIONAL 5,MADIUN,BOJONEGORO,SMJ,,,2024-03-16 23:24:26,42506,2016,5,NON TITO,,,JAWA TIMUR,0.875,ORANGE,25412228,AREA 3,JATIM,LAMONGAN,TUBAN BOJONEGORO,,,0,0,0,JAWA TIMUR,BOJONEGORO,KANOR,TAMBAHREJO,BOJONEGORO
2568869255,,ODP-BJN-FL/70,-7.161908,111.870907,,,1,15,0,0,16,REGIONAL 5,MADIUN,BOJONEGORO,BJN,,,2024-03-16 23:22:58,43245,2018,5,NON TITO,,,JAWA TIMUR,0.9375,ORANGE,356341867,AREA 3,JATIM,LAMONGAN,TUBAN BOJONEGORO,,,0,0,0,JAWA TIMUR,BOJONEGORO,BOJONEGORO,JETAK,BOJONEGORO
8470769263,,ODP-KDU-FF/04,-7.100507,111.712041,,,1,7,0,0,8,REGIONAL 5,MADIUN,BOJONEGORO,KDU,,,2024-03-16 23:24:19,44616,2022,2,NON TITO,,,JAWA TIMUR,0.875,ORANGE,1166832490,AREA 3,JATIM,LAMONGAN,TUBAN BOJONEGORO,,,0,0,0,JAWA TIMUR,BOJONEGORO,MALO,TINAWUN,BOJONEGORO
408522543,,ODP-BJN-FV/04,-7.1528,111.8916,,,1,14,1,0,16,REGIONAL 5,MADIUN,BOJONEGORO,BJN,,,2024-03-16 23:24:19,42506,2016,5,NON TITO,,,JAWA TIMUR,0.875,ORANGE,25412253,AREA 3,JATIM,LAMONGAN,TUBAN BOJONEGORO,,,0,0,0,JAWA TIMUR,BOJONEGORO,BOJONEGORO,NGROWO,BOJONEGORO
2568869408,,ODP-BJN-FL/65,-7.160426,111.872747,,,1,7,0,0,8,REGIONAL 5,MADIUN,BOJONEGORO,BJN,,,2024-03-16 23:22:59,43245,2018,5,NON TITO,,,JAWA TIMUR,0.875,ORANGE,356341986,AREA 3,JATIM,LAMONGAN,TUBAN BOJONEGORO,,,0,0,0,JAWA TIMUR,BOJONEGORO,BOJONEGORO,KLANGON,BOJONEGORO
2568869411,,ODP-BJN-FL/55,-7.163649,111.872797,,,1,7,0,0,8,REGIONAL 5,MADIUN,BOJONEGORO,BJN,,,2024-03-16 23:23:22,43245,2018,5,NON TITO,,,JAWA TIMUR,0.875,ORANGE,356341989,AREA 3,JATIM,LAMONGAN,TUBAN BOJONEGORO,,,0,0,0,JAWA TIMUR,BOJONEGORO,BOJONEGORO,SUMBANG,BOJONEGORO
2568869414,,ODP-BJN-FL/72,-7.163338,111.869891,,,2,14,0,0,16,REGIONAL 5,MADIUN,BOJONEGORO,BJN,,,2024-03-16 23:23:24,43245,2018,5,NON TITO,,,JAWA TIMUR,0.875,ORANGE,356341991,AREA 3,JATIM,LAMONGAN,TUBAN BOJONEGORO,,,0,0,0,JAWA TIMUR,BOJONEGORO,BOJONEGORO,JETAK,BOJONEGORO
2568869417,,ODP-BJN-FL/57,-7.156856,111.87192,,,1,7,0,0,8,REGIONAL 5,MADIUN,BOJONEGORO,BJN,,,2024-03-16 23:23:19,43245,2018,5,NON TITO,,,JAWA TIMUR,0.875,ORANGE,356341994,AREA 3,JATIM,LAMONGAN,TUBAN BOJONEGORO,,,0,0,0,JAWA TIMUR,BOJONEGORO,BOJONEGORO,KLANGON,BOJONEGORO
2568868607,,ODP-BJN-FL/68,-7.160794,111.870999,,,1,7,0,0,8,REGIONAL 5,MADIUN,BOJONEGORO,BJN,,,2024-03-16 23:21:20,43245,2018,5,NON TITO,,,JAWA TIMUR,0.875,ORANGE,356490974,AREA 3,JATIM,LAMONGAN,TUBAN BOJONEGORO,,,0,0,0,JAWA TIMUR,BOJONEGORO,BOJONEGORO,JETAK,BOJONEGORO
12259544974,,ODP-BJN-FD/68,-7.168148,111.878514,,,1,7,0,0,8,REGIONAL 5,MADIUN,BOJONEGORO,BJN,,,2025-07-18 17:49:56,45854,2025,7,NON TITO,,,JAWA TIMUR,0.875,ORANGE,1500160500,AREA 3,JATIM,LAMONGAN,TUBAN BOJONEGORO,,,0,0,0,JAWA TIMUR,BOJONEGORO,BOJONEGORO,SUMBANG,BOJONEGORO
8470769253,,ODP-KDU-FF/08,-7.105524,111.727667,,,1,7,0,0,8,REGIONAL 5,MADIUN,BOJONEGORO,KDU,,,2024-03-16 23:24:09,44616,2022,2,NON TITO,,,JAWA TIMUR,0.875,ORANGE,1166832484,AREA 3,JATIM,LAMONGAN,TUBAN BOJONEGORO,,,0,0,0,JAWA TIMUR,BOJONEGORO,MALO,MALO,BOJONEGORO
8452545462,,ODP-BJN-FBD/03,-7.120414,111.857058,,,2,14,0,0,16,REGIONAL 5,MADIUN,BOJONEGORO,BJN,,,2024-03-16 23:28:16,44614,2022,2,NON TITO,,,JAWA TIMUR,0.875,ORANGE,1166539524,AREA 3,JATIM,LAMONGAN,TUBAN BOJONEGORO,,,0,0,0,JAWA TIMUR,TUBAN,PARENGAN,SELOGABUS,BOJONEGORO
8963295135,,ODP-BJN-FBA/55,-7.184128,111.916181,,,1,7,0,0,8,REGIONAL 5,MADIUN,BOJONEGORO,BJN,,,2024-03-16 23:27:11,44753,2022,7,NON TITO,,,JAWA TIMUR,0.875,ORANGE,1194143972,AREA 3,JATIM,LAMONGAN,TUBAN BOJONEGORO,,,0,0,0,JAWA TIMUR,BOJONEGORO,KAPAS,KLAMPOK,BOJONEGORO
408522829,,ODP-BJN-FD/05,-7.1709,111.8765,,,3,13,0,0,16,REGIONAL 5,MADIUN,BOJONEGORO,BJN,,,2024-03-16 23:24:40,42506,2016,5,NON TITO,,,JAWA TIMUR,0.8125,ORANGE,25412433,AREA 3,JATIM,LAMONGAN,TUBAN BOJONEGORO,,,0,0,0,JAWA TIMUR,BOJONEGORO,BOJONEGORO,PACUL,BOJONEGORO
1049091730,,ODP-BJN-FV/29,-7.148976,111.894538,,,1,7,0,0,8,REGIONAL 5,MADIUN,BOJONEGORO,BJN,,,2024-03-16 23:24:25,42684,2016,11,NON TITO,,,JAWA TIMUR,0.875,ORANGE,38519876,AREA 3,JATIM,LAMONGAN,TUBAN BOJONEGORO,,,0,0,0,JAWA TIMUR,BOJONEGORO,BOJONEGORO,NGROWO,BOJONEGORO
8437393671,,ODP-PAZ-FP/02,-7.135381,111.628983,,,1,7,0,0,8,REGIONAL 5,MADIUN,BOJONEGORO,PAD,,,2024-03-16 23:23:20,44608,2022,2,NON TITO,,,JAWA TIMUR,0.875,ORANGE,1166332339,AREA 3,JATIM,LAMONGAN,TUBAN BOJONEGORO,,,0,0,0,JAWA TIMUR,BOJONEGORO,KASIMAN,SAMBENG,BOJONEGORO
12262543636,,ODP-BJN-FBD/45,-7.121474,111.874313,,,1,7,0,0,8,REGIONAL 5,MADIUN,BOJONEGORO,BJN,,,2025-07-13 17:50:27,45850,2025,7,NON TITO,,,JAWA TIMUR,0.875,ORANGE,1500139306,AREA 3,JATIM,LAMONGAN,TUBAN BOJONEGORO,,,0,0,0,JAWA TIMUR,TUBAN,PARENGAN,MOJOMALANG,BOJONEGORO
2585294324,,ODP-SMJ-FA/45,-7.194239,111.953916,,,1,7,0,0,8,REGIONAL 5,MADIUN,BOJONEGORO,SMJ,,,2024-03-16 23:27:20,43251,2018,5,NON TITO,,,JAWA TIMUR,0.875,ORANGE,356869060,AREA 3,JATIM,LAMONGAN,TUBAN BOJONEGORO,,,0,0,0,JAWA TIMUR,BOJONEGORO,BALEN,BALENREJO,BOJONEGORO
2585297183,,ODP-PAZ-FC/41,-7.135171,111.638464,,,0,7,1,0,8,REGIONAL 5,MADIUN,BOJONEGORO,PAD,,,2024-03-16 23:28:12,43251,2018,5,NON TITO,,,JAWA TIMUR,0.875,ORANGE,356869916,AREA 3,JATIM,LAMONGAN,TUBAN BOJONEGORO,,,0,0,0,JAWA TIMUR,BOJONEGORO,KASIMAN,BESAH,BOJONEGORO
2595343556,,ODP-PAZ-FE/28,-7.175295,111.662906,,,1,7,0,0,8,REGIONAL 5,MADIUN,BOJONEGORO,PAD,,,2024-03-16 23:21:18,43254,2018,6,NON TITO,,,JAWA TIMUR,0.875,ORANGE,357390634,AREA 3,JATIM,LAMONGAN,TUBAN BOJONEGORO,,,0,0,0,JAWA TIMUR,BOJONEGORO,PURWOSARI,PURWOSARI,BOJONEGORO
2670793653,,ODP-BJN-FBN/22,-7.097297,111.880928,,,1,7,0,0,8,REGIONAL 5,MADIUN,BOJONEGORO,BJN,,,2024-03-16 23:25:03,43289,2018,7,NON TITO,,,JAWA TIMUR,0.875,ORANGE,361945032,AREA 3,JATIM,LAMONGAN,TUBAN BOJONEGORO,,,0,0,0,JAWA TIMUR,TUBAN,PARENGAN,SUGIHWARAS,BOJONEGORO
949697106,,ODP-BJN-FU/36,-7.199121,111.861618,,,1,7,0,0,8,REGIONAL 5,MADIUN,BOJONEGORO,BJN,,,2024-03-16 23:23:57,42641,2016,9,NON TITO,,,JAWA TIMUR,0.875,ORANGE,35912556,AREA 3,JATIM,LAMONGAN,TUBAN BOJONEGORO,,,0,0,0,JAWA TIMUR,BOJONEGORO,DANDER,SUMODIKARAN,BOJONEGORO
2479095238,,ODP-BJN-FR/14,-7.147478,111.888631,,,1,7,0,0,8,REGIONAL 5,MADIUN,BOJONEGORO,BJN,,,2024-03-16 23:27:57,43226,2018,5,NON TITO,,,JAWA TIMUR,0.875,ORANGE,353740754,AREA 3,JATIM,LAMONGAN,TUBAN BOJONEGORO,,,0,0,0,JAWA TIMUR,BOJONEGORO,BOJONEGORO,KARANG PACAR,BOJONEGORO
8393743760,,ODP-PAZ-FN/17,-7.281865,111.724269,,,1,15,0,0,16,REGIONAL 5,MADIUN,BOJONEGORO,PAD,,,2024-03-16 23:23:23,44592,2022,1,NON TITO,,,JAWA TIMUR,0.9375,ORANGE,1165166702,AREA 3,JATIM,LAMONGAN,TUBAN BOJONEGORO,,,0,0,0,JAWA TIMUR,BOJONEGORO,NGAMBON,NGAMBON,BOJONEGORO
2481794044,,ODP-BJN-FH/48,-7.148604,111.884708,,,1,15,0,0,16,REGIONAL 5,MADIUN,BOJONEGORO,BJN,,,2024-03-16 23:23:50,43222,2018,5,NON TITO,,,JAWA TIMUR,0.9375,ORANGE,353658326,AREA 3,JATIM,LAMONGAN,TUBAN BOJONEGORO,,,0,0,0,JAWA TIMUR,BOJONEGORO,BOJONEGORO,KARANG PACAR,BOJONEGORO
3153119044,,ODP-BJN-FAG/08,-7.197999,111.931176,,,3,13,0,0,16,REGIONAL 5,MADIUN,BOJONEGORO,BJN,,,2024-03-16 23:21:09,43440,2018,12,NON TITO,,,JAWA TIMUR,0.8125,ORANGE,406491014,AREA 3,JATIM,LAMONGAN,TUBAN BOJONEGORO,,,0,0,0,JAWA TIMUR,BOJONEGORO,KAPAS,KAPAS,BOJONEGORO
12262393694,,ODP-BJN-FBU/04,-7.128204,111.820613,,,1,7,0,0,8,REGIONAL 5,MADIUN,BOJONEGORO,BJN,,,2025-07-10 17:55:01,45847,2025,7,NON TITO,,,JAWA TIMUR,0.875,ORANGE,1500117180,AREA 3,JATIM,LAMONGAN,TUBAN BOJONEGORO,,,0,0,0,JAWA TIMUR,BOJONEGORO,TRUCUK,KANDANGAN,BOJONEGORO
3153119224,,ODP-BJN-FAG/04,-7.200547,111.927144,,,1,7,0,0,8,REGIONAL 5,MADIUN,BOJONEGORO,BJN,,,2024-03-16 23:25:00,43440,2018,12,NON TITO,,,JAWA TIMUR,0.875,ORANGE,406491215,AREA 3,JATIM,LAMONGAN,TUBAN BOJONEGORO,,,0,0,0,JAWA TIMUR,BOJONEGORO,KAPAS,KAPAS,BOJONEGORO
1049091667,,ODP-BJN-FV/19,-7.157371,111.893076,,,2,14,0,0,16,REGIONAL 5,MADIUN,BOJONEGORO,BJN,,,2024-03-16 23:24:16,42684,2016,11,NON TITO,,,JAWA TIMUR,0.875,ORANGE,38519857,AREA 3,JATIM,LAMONGAN,TUBAN BOJONEGORO,,,0,0,0,JAWA TIMUR,BOJONEGORO,BOJONEGORO,MOJO KAMPUNG,BOJONEGORO
8368243795,,ODP-SMJ-FC/24,-7.108343,112.016875,,,1,7,0,0,8,REGIONAL 5,MADIUN,BOJONEGORO,SMJ,,,2024-03-16 23:27:00,44582,2022,1,NON TITO,,,JAWA TIMUR,0.875,ORANGE,1165097444,AREA 3,JATIM,LAMONGAN,TUBAN BOJONEGORO,,,0,0,0,JAWA TIMUR,BOJONEGORO,KANOR,TAMBAHREJO,BOJONEGORO
8368243785,,ODP-SMJ-FC/23,-7.113455,112.015605,,,1,7,0,0,8,REGIONAL 5,MADIUN,BOJONEGORO,SMJ,,,2024-03-16 23:26:45,44582,2022,1,NON TITO,,,JAWA TIMUR,0.875,ORANGE,1165097432,AREA 3,JATIM,LAMONGAN,TUBAN BOJONEGORO,,,0,0,0,JAWA TIMUR,BOJONEGORO,KANOR,TAMBAHREJO,BOJONEGORO
3155894706,,ODP-KDU-FE/03,-7.151252,111.836406,,,1,15,0,0,16,REGIONAL 5,MADIUN,BOJONEGORO,KDU,,,2024-03-16 23:23:03,43441,2018,12,NON TITO,,,JAWA TIMUR,0.9375,ORANGE,406498558,AREA 3,JATIM,LAMONGAN,TUBAN BOJONEGORO,,,0,0,0,JAWA TIMUR,BOJONEGORO,KALITIDU,SUKOHARJO,BOJONEGORO
8367793782,,ODP-BJN-FJ/102,-7.142,111.873453,,,1,7,0,0,8,REGIONAL 5,MADIUN,BOJONEGORO,BJN,,,2024-03-16 23:29:05,44582,2022,1,NON TITO,,,JAWA TIMUR,0.875,ORANGE,1165096122,AREA 3,JATIM,LAMONGAN,TUBAN BOJONEGORO,,,0,0,0,JAWA TIMUR,BOJONEGORO,TRUCUK,TRUCUK,BOJONEGORO
3156869193,,ODP-KDU-FD/13,-7.13016,111.775384,,,1,7,0,0,8,REGIONAL 5,MADIUN,BOJONEGORO,KDU,,,2024-03-16 23:28:58,43441,2018,12,NON TITO,,,JAWA TIMUR,0.875,ORANGE,406498800,AREA 3,JATIM,LAMONGAN,TUBAN BOJONEGORO,,,0,0,0,JAWA TIMUR,BOJONEGORO,KALITIDU,PANJUNAN,BOJONEGORO
3171868542,,ODP-KDU-FA/54,-7.125276,111.757158,,,1,7,0,0,8,REGIONAL 5,MADIUN,BOJONEGORO,KDU,,,2024-03-16 23:27:59,43443,2018,12,NON TITO,,,JAWA TIMUR,0.875,ORANGE,406510634,AREA 3,JATIM,LAMONGAN,TUBAN BOJONEGORO,,,0,0,0,JAWA TIMUR,BOJONEGORO,KALITIDU,BRENGGOLO,BOJONEGORO
12262393654,,ODP-BJN-FBU/06,-7.12682,111.822153,,,1,7,0,0,8,REGIONAL 5,MADIUN,BOJONEGORO,BJN,,,2025-07-10 17:54:57,45847,2025,7,NON TITO,,,JAWA TIMUR,0.875,ORANGE,1500117149,AREA 3,JATIM,LAMONGAN,TUBAN BOJONEGORO,,,0,0,0,JAWA TIMUR,BOJONEGORO,TRUCUK,KANDANGAN,BOJONEGORO
8386168735,,ODP-BJN-FH/76,-7.141873,111.892046,,,1,14,0,0,16,REGIONAL 5,MADIUN,BOJONEGORO,BJN,,,2024-03-16 23:29:15,44587,2022,1,NON TITO,,,JAWA TIMUR,0.875,ORANGE,1165127762,AREA 3,JATIM,LAMONGAN,TUBAN BOJONEGORO,,,0,0,0,JAWA TIMUR,BOJONEGORO,BOJONEGORO,BANJAREJO,BOJONEGORO
3135647933,,ODP-SMJ-FB/27,-7.161338,112.051069,,,1,7,0,0,8,REGIONAL 5,MADIUN,BOJONEGORO,SMJ,,,2024-03-16 23:28:55,43431,2018,11,NON TITO,,,JAWA TIMUR,0.875,ORANGE,406514472,AREA 3,JATIM,LAMONGAN,TUBAN BOJONEGORO,,,0,0,0,JAWA TIMUR,BOJONEGORO,KEPOHBARU,POHWATES,BOJONEGORO
12262393629,,ODP-BJN-FBU/12,-7.115376,111.806886,,,1,7,0,0,8,REGIONAL 5,MADIUN,BOJONEGORO,BJN,,,2025-07-10 17:55:33,45847,2025,7,NON TITO,,,JAWA TIMUR,0.875,ORANGE,1500117128,AREA 3,JATIM,LAMONGAN,TUBAN BOJONEGORO,,,0,0,0,JAWA TIMUR,BOJONEGORO,TRUCUK,SUMBANG TIMUN,BOJONEGORO
8351819701,,ODP-BJN-FBM/28,-7.261323,111.868686,,,1,7,0,0,8,REGIONAL 5,MADIUN,BOJONEGORO,BJN,,,2024-03-16 23:22:47,44578,2022,1,NON TITO,,,JAWA TIMUR,0.875,ORANGE,1165064843,AREA 3,JATIM,LAMONGAN,TUBAN BOJONEGORO,,,0,0,0,JAWA TIMUR,BOJONEGORO,DANDER,SUMBERARUM,BOJONEGORO
8345068742,,ODP-BJN-FBN/38,-7.101812,111.859019,,,1,7,0,0,8,REGIONAL 5,MADIUN,BOJONEGORO,BJN,,,2024-03-16 23:29:17,44573,2022,1,NON TITO,,,JAWA TIMUR,0.875,ORANGE,1165030465,AREA 3,JATIM,LAMONGAN,TUBAN BOJONEGORO,,,0,0,0,JAWA TIMUR,TUBAN,PARENGAN,SUCIHARJO,BOJONEGORO
8301043694,,ODP-PAZ-FE/39,-7.171688,111.66619,,,1,7,0,0,8,REGIONAL 5,MADIUN,BOJONEGORO,PAD,,,2024-03-16 23:26:27,44562,2022,1,NON TITO,,,JAWA TIMUR,0.875,ORANGE,1164339318,AREA 3,JATIM,LAMONGAN,TUBAN BOJONEGORO,,,0,0,0,JAWA TIMUR,BOJONEGORO,GAYAM,BEGED,BOJONEGORO
12262393609,,ODP-BJN-FBU/09,-7.117301,111.808278,,,1,7,0,0,8,REGIONAL 5,MADIUN,BOJONEGORO,BJN,,,2025-07-10 17:55:29,45847,2025,7,NON TITO,,,JAWA TIMUR,0.875,ORANGE,1500117113,AREA 3,JATIM,LAMONGAN,TUBAN BOJONEGORO,,,0,0,0,JAWA TIMUR,BOJONEGORO,TRUCUK,SUMBANG TIMUN,BOJONEGORO
3136919050,,ODP-BJN-FQ/61,-7.159054,111.88194,,,1,7,0,0,8,REGIONAL 5,MADIUN,BOJONEGORO,BJN,,,2024-03-16 23:27:20,43433,2018,11,NON TITO,,,JAWA TIMUR,0.875,ORANGE,406521814,AREA 3,JATIM,LAMONGAN,TUBAN BOJONEGORO,,,0,0,0,JAWA TIMUR,BOJONEGORO,BOJONEGORO,SUKOREJO,BOJONEGORO
946543703,,ODP-BJN-FJ/16,-7.146104,111.872698,,,1,7,0,0,8,REGIONAL 5,MADIUN,BOJONEGORO,BJN,,,2024-03-16 23:29:17,42637,2016,9,NON TITO,,,JAWA TIMUR,0.875,ORANGE,36044609,AREA 3,JATIM,LAMONGAN,TUBAN BOJONEGORO,,,0,0,0,JAWA TIMUR,BOJONEGORO,BOJONEGORO,KAUMAN,BOJONEGORO
640468542,,ODP-BJN-FD/17,-7.164534,111.874789,,,1,7,0,0,8,REGIONAL 5,MADIUN,BOJONEGORO,BJN,,,2024-03-16 23:28:56,42521,2016,5,NON TITO,,,JAWA TIMUR,0.875,ORANGE,33385815,AREA 3,JATIM,LAMONGAN,TUBAN BOJONEGORO,,,0,0,0,JAWA TIMUR,BOJONEGORO,BOJONEGORO,SUMBANG,BOJONEGORO
408523299,,ODP-PAZ-F06/04,-7.173,111.6623,,,1,7,0,0,8,REGIONAL 5,MADIUN,BOJONEGORO,PAD,,,2024-03-16 23:24:41,42506,2016,5,NON TITO,,,JAWA TIMUR,0.875,ORANGE,25412716,AREA 3,JATIM,LAMONGAN,TUBAN BOJONEGORO,,,0,0,0,JAWA TIMUR,BOJONEGORO,PURWOSARI,PURWOSARI,BOJONEGORO
3136919666,,ODP-BJN-FQ/62,-7.157225,111.882157,,,1,7,0,0,8,REGIONAL 5,MADIUN,BOJONEGORO,BJN,,,2024-03-16 23:27:16,43433,2018,11,NON TITO,,,JAWA TIMUR,0.875,ORANGE,406522179,AREA 3,JATIM,LAMONGAN,TUBAN BOJONEGORO,,,0,0,0,JAWA TIMUR,BOJONEGORO,BOJONEGORO,SUKOREJO,BOJONEGORO
408523318,,ODP-BJN-FP/05,-7.1669,111.8825,,,2,13,0,0,16,REGIONAL 5,MADIUN,BOJONEGORO,BJN,,,2024-03-16 23:24:42,42506,2016,5,NON TITO,,,JAWA TIMUR,0.8125,ORANGE,25412729,AREA 3,JATIM,LAMONGAN,TUBAN BOJONEGORO,,,0,0,0,JAWA TIMUR,BOJONEGORO,BOJONEGORO,SUKOREJO,BOJONEGORO
3137594115,,ODP-SMJ-FA/58,-7.29349,111.954967,,,1,7,0,0,8,REGIONAL 5,MADIUN,BOJONEGORO,SMJ,,,2024-03-16 23:24:14,43434,2018,11,NON TITO,,,JAWA TIMUR,0.875,ORANGE,406818614,AREA 3,JATIM,LAMONGAN,TUBAN BOJONEGORO,,,0,0,0,JAWA TIMUR,BOJONEGORO,SUGIHWARAS,GLAGAHWANGI,BOJONEGORO
645869023,,ODP-BJN-FD/21,-7.164925,111.873908,,,1,15,0,0,16,REGIONAL 5,MADIUN,BOJONEGORO,BJN,,,2024-03-16 23:27:00,42524,2016,6,NON TITO,,,JAWA TIMUR,0.9375,ORANGE,33400106,AREA 3,JATIM,LAMONGAN,TUBAN BOJONEGORO,,,0,0,0,JAWA TIMUR,BOJONEGORO,BOJONEGORO,SUMBANG,BOJONEGORO
8386168745,,ODP-BJN-FH/73,-7.140153,111.890985,,,1,7,0,0,8,REGIONAL 5,MADIUN,BOJONEGORO,BJN,,,2024-03-16 23:29:20,44587,2022,1,NON TITO,,,JAWA TIMUR,0.875,ORANGE,1165127769,AREA 3,JATIM,LAMONGAN,TUBAN BOJONEGORO,,,0,0,0,JAWA TIMUR,BOJONEGORO,BOJONEGORO,BANJAREJO,BOJONEGORO
3135649773,,ODP-PAZ-FC/46,-7.155643,111.618437,,,1,7,0,0,8,REGIONAL 5,MADIUN,BOJONEGORO,PAD,,,2024-03-16 23:29:06,43432,2018,11,NON TITO,,,JAWA TIMUR,0.875,ORANGE,406441183,AREA 3,JATIM,LAMONGAN,TUBAN BOJONEGORO,,,0,0,0,JAWA TIMUR,BOJONEGORO,PADANGAN,KUNCEN,BOJONEGORO
645869046,,ODP-BJN-FD/24,-7.165489,111.875728,,,1,7,0,0,8,REGIONAL 5,MADIUN,BOJONEGORO,BJN,,,2024-03-16 23:28:10,42524,2016,6,NON TITO,,,JAWA TIMUR,0.875,ORANGE,33400124,AREA 3,JATIM,LAMONGAN,TUBAN BOJONEGORO,,,0,0,0,JAWA TIMUR,BOJONEGORO,BOJONEGORO,SUMBANG,BOJONEGORO
2692169491,,ODP-BJN-FN/63,-7.153077,111.87504,,,3,13,0,0,16,REGIONAL 5,MADIUN,BOJONEGORO,BJN,,,2024-03-16 23:23:02,43299,2018,7,NON TITO,,,JAWA TIMUR,0.8125,ORANGE,362567837,AREA 3,JATIM,LAMONGAN,TUBAN BOJONEGORO,,,0,0,0,JAWA TIMUR,BOJONEGORO,BOJONEGORO,KLANGON,BOJONEGORO
8393743750,,ODP-PAZ-FN/12,-7.270382,111.716916,,,1,7,0,0,8,REGIONAL 5,MADIUN,BOJONEGORO,PAD,,,2024-03-16 23:23:50,44592,2022,1,NON TITO,,,JAWA TIMUR,0.875,ORANGE,1165166693,AREA 3,JATIM,LAMONGAN,TUBAN BOJONEGORO,,,0,0,0,JAWA TIMUR,BOJONEGORO,TAMBAKREJO,KACANGAN,BOJONEGORO
3095296209,,ODP-PAZ-FC/37,-7.145509,111.620736,,,1,7,0,0,8,REGIONAL 5,MADIUN,BOJONEGORO,PAD,,,2024-03-16 23:26:49,43418,2018,11,NON TITO,,,JAWA TIMUR,0.875,ORANGE,406058532,AREA 3,JATIM,LAMONGAN,TUBAN BOJONEGORO,,,0,0,0,JAWA TIMUR,BOJONEGORO,KASIMAN,SAMBENG,BOJONEGORO
408502888,,ODP-SMJ-FS/18,-7.176444,112.002946,,,0,15,0,0,16,REGIONAL 5,MADIUN,BOJONEGORO,SMJ,,,2024-11-06 17:25:33,42506,2016,5,NON TITO,,,JAWA TIMUR,0.9375,ORANGE,25470104,AREA 3,JATIM,LAMONGAN,TUBAN BOJONEGORO,,,0,0,0,JAWA TIMUR,BOJONEGORO,SUMBEREJO,SUMBERREJO,BOJONEGORO
8393743740,,ODP-PAZ-FN/15,-7.278259,111.723182,,,1,7,0,0,8,REGIONAL 5,MADIUN,BOJONEGORO,PAD,,,2024-03-16 23:24:20,44592,2022,1,NON TITO,,,JAWA TIMUR,0.875,ORANGE,1165166685,AREA 3,JATIM,LAMONGAN,TUBAN BOJONEGORO,,,0,0,0,JAWA TIMUR,BOJONEGORO,TAMBAKREJO,KACANGAN,BOJONEGORO
3118244539,,ODP-BJN-FM/54,-7.16624,111.874272,,,1,7,0,0,8,REGIONAL 5,MADIUN,BOJONEGORO,BJN,,,2024-03-16 23:25:18,43425,2018,11,NON TITO,,,JAWA TIMUR,0.875,ORANGE,406325032,AREA 3,JATIM,LAMONGAN,TUBAN BOJONEGORO,,,0,0,0,JAWA TIMUR,BOJONEGORO,BOJONEGORO,SUMBANG,BOJONEGORO
2481794683,,ODP-BJN-FH/49,-7.148189,111.886431,,,2,14,0,0,16,REGIONAL 5,MADIUN,BOJONEGORO,BJN,,,2024-03-16 23:24:26,43222,2018,5,NON TITO,,,JAWA TIMUR,0.875,ORANGE,353722446,AREA 3,JATIM,LAMONGAN,TUBAN BOJONEGORO,,,0,0,0,JAWA TIMUR,BOJONEGORO,BOJONEGORO,KARANG PACAR,BOJONEGORO
12259395531,,ODP-BJN-FBT/01,-7.136541,111.862839,,,1,7,0,0,8,REGIONAL 5,MADIUN,BOJONEGORO,BJN,,,2025-07-12 23:48:06,45850,2025,7,NON TITO,,,JAWA TIMUR,0.875,ORANGE,1500137299,AREA 3,JATIM,LAMONGAN,TUBAN BOJONEGORO,,,0,0,0,JAWA TIMUR,BOJONEGORO,TRUCUK,TRUCUK,BOJONEGORO
408503376,,ODP-SMJ-FQ/22,-7.17458,111.997729,,,2,14,0,0,16,REGIONAL 5,MADIUN,BOJONEGORO,SMJ,,,2024-11-06 17:26:53,42506,2016,5,NON TITO,,,JAWA TIMUR,0.875,ORANGE,25470585,AREA 3,JATIM,LAMONGAN,TUBAN BOJONEGORO,,,0,0,0,JAWA TIMUR,BOJONEGORO,SUMBEREJO,SUMURAGUNG,BOJONEGORO
3126868965,,ODP-BJN-FE/76,-7.16929,111.89337,,,1,7,0,0,8,REGIONAL 5,MADIUN,BOJONEGORO,BJN,,,2024-03-16 23:27:24,43427,2018,11,NON TITO,,,JAWA TIMUR,0.875,ORANGE,406333617,AREA 3,JATIM,LAMONGAN,TUBAN BOJONEGORO,,,0,0,0,JAWA TIMUR,BOJONEGORO,BOJONEGORO,SUKOREJO,BOJONEGORO
2481794566,,ODP-BJN-FH/55,-7.146737,111.882329,,,1,7,0,0,8,REGIONAL 5,MADIUN,BOJONEGORO,BJN,,,2024-03-16 23:24:11,43222,2018,5,NON TITO,,,JAWA TIMUR,0.875,ORANGE,353722372,AREA 3,JATIM,LAMONGAN,TUBAN BOJONEGORO,,,0,0,0,JAWA TIMUR,BOJONEGORO,BOJONEGORO,KARANG PACAR,BOJONEGORO
3126869053,,ODP-BJN-FE/75,-7.167059,111.891549,,,1,7,0,0,8,REGIONAL 5,MADIUN,BOJONEGORO,BJN,,,2024-03-16 23:28:31,43427,2018,11,NON TITO,,,JAWA TIMUR,0.875,ORANGE,406333642,AREA 3,JATIM,LAMONGAN,TUBAN BOJONEGORO,,,0,0,0,JAWA TIMUR,BOJONEGORO,BOJONEGORO,SUKOREJO,BOJONEGORO
3125593575,,ODP-BJN-FN/64,-7.152484,111.879416,,,1,7,0,0,8,REGIONAL 5,MADIUN,BOJONEGORO,BJN,,,2024-03-16 23:28:34,43427,2018,11,NON TITO,,,JAWA TIMUR,0.875,ORANGE,406341805,AREA 3,JATIM,LAMONGAN,TUBAN BOJONEGORO,,,0,0,0,JAWA TIMUR,BOJONEGORO,BOJONEGORO,KLANGON,BOJONEGORO
3120795241,,ODP-BJN-FD/51,-7.169734,111.875969,,,1,7,0,0,8,REGIONAL 5,MADIUN,BOJONEGORO,BJN,,,2024-03-16 23:24:39,43425,2018,11,NON TITO,,,JAWA TIMUR,0.875,ORANGE,406396990,AREA 3,JATIM,LAMONGAN,TUBAN BOJONEGORO,,,0,0,0,JAWA TIMUR,BOJONEGORO,BOJONEGORO,PACUL,BOJONEGORO
3118393981,,ODP-BJN-FP/55,-7.153757,111.875869,,,1,7,0,0,8,REGIONAL 5,MADIUN,BOJONEGORO,BJN,,,2024-03-16 23:21:43,43425,2018,11,NON TITO,,,JAWA TIMUR,0.875,ORANGE,406398097,AREA 3,JATIM,LAMONGAN,TUBAN BOJONEGORO,,,0,0,0,JAWA TIMUR,BOJONEGORO,BOJONEGORO,KLANGON,BOJONEGORO
3118394079,,ODP-BJN-FP/54,-7.164076,111.883501,,,1,7,0,0,8,REGIONAL 5,MADIUN,BOJONEGORO,BJN,,,2024-03-16 23:22:27,43425,2018,11,NON TITO,,,JAWA TIMUR,0.875,ORANGE,406398147,AREA 3,JATIM,LAMONGAN,TUBAN BOJONEGORO,,,0,0,0,JAWA TIMUR,BOJONEGORO,BOJONEGORO,SUKOREJO,BOJONEGORO
3113520533,,ODP-BJN-FY/19,-7.158361,111.891379,,,1,7,0,0,8,REGIONAL 5,MADIUN,BOJONEGORO,BJN,,,2024-03-16 23:23:55,43426,2018,11,NON TITO,,,JAWA TIMUR,0.875,ORANGE,406398964,AREA 3,JATIM,LAMONGAN,TUBAN BOJONEGORO,,,0,0,0,JAWA TIMUR,BOJONEGORO,BOJONEGORO,MOJO KAMPUNG,BOJONEGORO
408504148,,ODP-SMJ-FQ/17,-7.169769,112.000277,,,3,13,0,0,16,REGIONAL 5,MADIUN,BOJONEGORO,SMJ,,,2024-11-06 17:24:33,42506,2016,5,NON TITO,,,JAWA TIMUR,0.8125,ORANGE,25471346,AREA 3,JATIM,LAMONGAN,TUBAN BOJONEGORO,,,0,0,0,JAWA TIMUR,BOJONEGORO,SUMBEREJO,SUMURAGUNG,BOJONEGORO
949696347,,ODP-BJN-FU/39,-7.222558,111.859719,,,1,15,0,0,16,REGIONAL 5,MADIUN,BOJONEGORO,BJN,,,2024-03-16 23:23:52,42641,2016,9,NON TITO,,,JAWA TIMUR,0.9375,ORANGE,35912261,AREA 3,JATIM,LAMONGAN,TUBAN BOJONEGORO,,,0,0,0,JAWA TIMUR,BOJONEGORO,DANDER,MOJORANU,BOJONEGORO
408503926,,ODP-SMJ-FQ/14,-7.161923,112.002326,,,3,13,0,0,16,REGIONAL 5,MADIUN,BOJONEGORO,SMJ,,,2024-10-16 17:19:28,42506,2016,5,NON TITO,,,JAWA TIMUR,0.8125,ORANGE,25471127,AREA 3,JATIM,LAMONGAN,TUBAN BOJONEGORO,,,0,0,0,JAWA TIMUR,BOJONEGORO,KANOR,TEJO,BOJONEGORO
927718657,,ODP-SMJ-FD/03,-7.170622,112.015049,,,1,7,0,0,8,REGIONAL 5,MADIUN,BOJONEGORO,SMJ,,,2024-03-16 23:23:24,42632,2016,9,NON TITO,,,JAWA TIMUR,0.875,ORANGE,35758693,AREA 3,JATIM,LAMONGAN,TUBAN BOJONEGORO,,,0,0,0,JAWA TIMUR,BOJONEGORO,SUMBEREJO,TALUN,BOJONEGORO
408504404,,ODP-SMJ-FQ/19,-7.171734,111.999703,,,1,15,0,0,16,REGIONAL 5,MADIUN,BOJONEGORO,SMJ,,,2024-11-06 17:24:49,42506,2016,5,NON TITO,,,JAWA TIMUR,0.9375,ORANGE,25471598,AREA 3,JATIM,LAMONGAN,TUBAN BOJONEGORO,,,0,0,0,JAWA TIMUR,BOJONEGORO,SUMBEREJO,SUMURAGUNG,BOJONEGORO
3117269032,,ODP-BJN-FL/78,-7.167128,111.874781,,,1,7,0,0,8,REGIONAL 5,MADIUN,BOJONEGORO,BJN,,,2024-03-16 23:27:14,43426,2018,11,NON TITO,,,JAWA TIMUR,0.875,ORANGE,406399529,AREA 3,JATIM,LAMONGAN,TUBAN BOJONEGORO,,,0,0,0,JAWA TIMUR,BOJONEGORO,BOJONEGORO,SUMBANG,BOJONEGORO
408428993,,ODP-SMJ-FQ/29,-7.175475,111.998259,,,0,15,1,0,16,REGIONAL 5,MADIUN,BOJONEGORO,SMJ,,,2024-10-15 17:17:50,42506,2016,5,NON TITO,,,JAWA TIMUR,0.9375,ORANGE,25395340,AREA 3,JATIM,LAMONGAN,TUBAN BOJONEGORO,,,0,0,0,JAWA TIMUR,BOJONEGORO,SUMBEREJO,SUMURAGUNG,BOJONEGORO
408523234,,ODP-BJN-FH/04,-7.1464,111.8846,,,1,15,0,0,16,REGIONAL 5,MADIUN,BOJONEGORO,BJN,,,2024-03-16 23:24:17,42506,2016,5,NON TITO,,,JAWA TIMUR,0.9375,ORANGE,25412678,AREA 3,JATIM,LAMONGAN,TUBAN BOJONEGORO,,,0,0,0,JAWA TIMUR,BOJONEGORO,BOJONEGORO,BANJAREJO,BOJONEGORO
8384444575,,ODP-SMJ-FC/29,-7.099678,112.018402,,,1,7,0,0,8,REGIONAL 5,MADIUN,BOJONEGORO,SMJ,,,2024-03-16 23:24:36,44589,2022,1,NON TITO,,,JAWA TIMUR,0.875,ORANGE,1165144846,AREA 3,JATIM,LAMONGAN,TUBAN BOJONEGORO,,,0,0,0,JAWA TIMUR,BOJONEGORO,KANOR,KANOR,BOJONEGORO
8384444565,,ODP-SMJ-FC/27,-7.091866,112.02082,,,1,7,0,0,8,REGIONAL 5,MADIUN,BOJONEGORO,SMJ,,,2024-03-16 23:24:37,44589,2022,1,NON TITO,,,JAWA TIMUR,0.875,ORANGE,1165144840,AREA 3,JATIM,LAMONGAN,TUBAN BOJONEGORO,,,0,0,0,JAWA TIMUR,BOJONEGORO,KANOR,KANOR,BOJONEGORO
2568868763,,ODP-BJN-FL/66,-7.16105,111.872164,,,1,7,0,0,8,REGIONAL 5,MADIUN,BOJONEGORO,BJN,,,2024-03-16 23:22:29,43245,2018,5,NON TITO,,,JAWA TIMUR,0.875,ORANGE,356341375,AREA 3,JATIM,LAMONGAN,TUBAN BOJONEGORO,,,0,0,0,JAWA TIMUR,BOJONEGORO,BOJONEGORO,KLANGON,BOJONEGORO
2537302966,,ODP-BJN-FM/34,-7.160811,111.877327,,,1,7,0,0,8,REGIONAL 5,MADIUN,BOJONEGORO,BJN,,,2024-03-16 23:24:02,43244,2018,5,NON TITO,,,JAWA TIMUR,0.875,ORANGE,354687533,AREA 3,JATIM,LAMONGAN,TUBAN BOJONEGORO,,,0,0,0,JAWA TIMUR,BOJONEGORO,BOJONEGORO,SUMBANG,BOJONEGORO
2537302932,,ODP-BJN-FX/67,-7.144924,111.896743,,,0,7,1,0,8,REGIONAL 5,MADIUN,BOJONEGORO,BJN,,,2024-03-16 23:24:02,43244,2018,5,NON TITO,,,JAWA TIMUR,0.875,ORANGE,354687523,AREA 3,JATIM,LAMONGAN,TUBAN BOJONEGORO,,,0,0,0,JAWA TIMUR,BOJONEGORO,BOJONEGORO,KARANG PACAR,BOJONEGORO
8470769293,,ODP-KDU-FF/06,-7.10129,111.715458,,,0,7,1,0,8,REGIONAL 5,MADIUN,BOJONEGORO,KDU,,,2024-03-16 23:24:11,44616,2022,2,NON TITO,,,JAWA TIMUR,0.875,ORANGE,1166832508,AREA 3,JATIM,LAMONGAN,TUBAN BOJONEGORO,,,0,0,0,JAWA TIMUR,BOJONEGORO,MALO,KEDUNGREJO,BOJONEGORO
949696456,,ODP-BJN-FU/28,-7.194125,111.865137,,,1,7,0,0,8,REGIONAL 5,MADIUN,BOJONEGORO,BJN,,,2024-03-16 23:23:35,42641,2016,9,NON TITO,,,JAWA TIMUR,0.875,ORANGE,35912295,AREA 3,JATIM,LAMONGAN,TUBAN BOJONEGORO,,,0,0,0,JAWA TIMUR,BOJONEGORO,DANDER,NGUMPAK DALEM,BOJONEGORO
408520634,,ODP-BJN-FX/06,-7.1537,111.901,,,1,15,0,0,16,REGIONAL 5,MADIUN,BOJONEGORO,BJN,,,2024-03-16 23:24:13,42506,2016,5,NON TITO,,,JAWA TIMUR,0.9375,ORANGE,25411087,AREA 3,JATIM,LAMONGAN,TUBAN BOJONEGORO,,,0,0,0,JAWA TIMUR,BOJONEGORO,BOJONEGORO,CAMPUREJO,BOJONEGORO
8782544289,,ODP-PAZ-FN/20,-7.285408,111.717338,,,1,7,0,0,8,REGIONAL 5,MADIUN,BOJONEGORO,PAD,,,2024-03-16 23:24:38,44701,2022,5,NON TITO,,,JAWA TIMUR,0.875,ORANGE,1181870840,AREA 3,JATIM,LAMONGAN,TUBAN BOJONEGORO,,,0,0,0,JAWA TIMUR,BOJONEGORO,NGAMBON,BONDOL,BOJONEGORO
2510972485,,ODP-BJN-FC/42,-7.143334,111.902035,,,2,14,0,0,16,REGIONAL 5,MADIUN,BOJONEGORO,BJN,,,2024-03-16 23:23:52,43236,2018,5,NON TITO,,,JAWA TIMUR,0.875,ORANGE,354253963,AREA 3,JATIM,LAMONGAN,TUBAN BOJONEGORO,,,0,0,0,JAWA TIMUR,BOJONEGORO,BOJONEGORO,CAMPURJO,BOJONEGORO
2510972495,,ODP-BJN-FC/37,-7.139341,111.903376,,,2,14,0,0,16,REGIONAL 5,MADIUN,BOJONEGORO,BJN,,,2024-03-16 23:23:52,43236,2018,5,NON TITO,,,JAWA TIMUR,0.875,ORANGE,354253966,AREA 3,JATIM,LAMONGAN,TUBAN BOJONEGORO,,,0,0,0,JAWA TIMUR,BOJONEGORO,BOJONEGORO,CAMPURJO,BOJONEGORO
2510972505,,ODP-BJN-FC/39,-7.141697,111.902856,,,1,7,0,0,8,REGIONAL 5,MADIUN,BOJONEGORO,BJN,,,2024-03-16 23:23:49,43236,2018,5,NON TITO,,,JAWA TIMUR,0.875,ORANGE,354253971,AREA 3,JATIM,LAMONGAN,TUBAN BOJONEGORO,,,0,0,0,JAWA TIMUR,BOJONEGORO,BOJONEGORO,CAMPURJO,BOJONEGORO
652468749,,ODP-BJN-FP/15,-7.182767,111.877344,,,1,15,0,0,16,REGIONAL 5,MADIUN,BOJONEGORO,BJN,,,2024-03-16 23:24:09,42527,2016,6,NON TITO,,,JAWA TIMUR,0.9375,ORANGE,33406313,AREA 3,JATIM,LAMONGAN,TUBAN BOJONEGORO,,,0,0,0,JAWA TIMUR,BOJONEGORO,KAPAS,SEMBUNG,BOJONEGORO
2510973042,,ODP-BJN-FC/22,-7.141416,111.929822,,,0,15,0,0,16,REGIONAL 5,MADIUN,BOJONEGORO,BJN,,,2024-03-16 23:23:23,43236,2018,5,NON TITO,,,JAWA TIMUR,0.9375,ORANGE,354254173,AREA 3,JATIM,LAMONGAN,TUBAN BOJONEGORO,,,0,0,0,JAWA TIMUR,BOJONEGORO,BOJONEGORO,KALIREJO,BOJONEGORO
408520843,,ODP-BJN-FX/03,-7.1513,111.9013,,,1,7,0,0,8,REGIONAL 5,MADIUN,BOJONEGORO,BJN,,,2024-03-16 23:24:19,42506,2016,5,NON TITO,,,JAWA TIMUR,0.875,ORANGE,25411213,AREA 3,JATIM,LAMONGAN,TUBAN BOJONEGORO,,,0,0,0,JAWA TIMUR,BOJONEGORO,BOJONEGORO,CAMPURJO,BOJONEGORO
2510973268,,ODP-BJN-FC/44,-7.144189,111.90043,,,0,7,0,0,8,REGIONAL 5,MADIUN,BOJONEGORO,BJN,,,2024-03-16 23:24:10,43236,2018,5,NON TITO,,,JAWA TIMUR,0.875,ORANGE,354254254,AREA 3,JATIM,LAMONGAN,TUBAN BOJONEGORO,,,0,0,0,JAWA TIMUR,BOJONEGORO,BOJONEGORO,CAMPURJO,BOJONEGORO
8705297345,,ODP-PAZ-FP/11,-7.144134,111.61384,,,1,7,0,0,8,REGIONAL 5,MADIUN,BOJONEGORO,PAD,,,2024-03-16 23:26:10,44679,2022,4,NON TITO,,,JAWA TIMUR,0.875,ORANGE,1178691945,AREA 3,JATIM,LAMONGAN,TUBAN BOJONEGORO,,,0,0,0,JAWA TIMUR,BOJONEGORO,KASIMAN,BATOKAN,BOJONEGORO
8705297340,,ODP-PAZ-FP/13,-7.145007,111.618699,,,1,7,0,0,8,REGIONAL 5,MADIUN,BOJONEGORO,PAD,,,2024-03-16 23:26:49,44679,2022,4,NON TITO,,,JAWA TIMUR,0.875,ORANGE,1178691942,AREA 3,JATIM,LAMONGAN,TUBAN BOJONEGORO,,,0,0,0,JAWA TIMUR,BOJONEGORO,KASIMAN,BATOKAN,BOJONEGORO
11867369860,,ODP-KDU-FB/52,-7.151616,111.807847,,,1,7,0,0,8,REGIONAL 5,MADIUN,BOJONEGORO,KDU,,,2024-10-29 17:27:33,45593,2024,10,NON TITO,,,JAWA TIMUR,0.875,ORANGE,1479870091,AREA 3,JATIM,LAMONGAN,TUBAN BOJONEGORO,,,0,0,0,JAWA TIMUR,BOJONEGORO,KALITIDU,NGUJO,BOJONEGORO
12308818546,,ODP-KDU-FF/76,-7.125345,111.709346,,,1,7,0,0,8,REGIONAL 5,MADIUN,BOJONEGORO,KDU,,,2025-08-16 18:00:02,45884,2025,8,NON TITO,,,JAWA TIMUR,0.875,ORANGE,1500563744,AREA 3,JATIM,LAMONGAN,TUBAN BOJONEGORO,,,0,0,0,JAWA TIMUR,BOJONEGORO,MALO,NGUJUNG,BOJONEGORO
2509023441,,ODP-BJN-FN/40,-7.15189,111.875856,,,1,7,0,0,8,REGIONAL 5,MADIUN,BOJONEGORO,BJN,,,2024-03-16 23:27:55,43237,2018,5,NON TITO,,,JAWA TIMUR,0.875,ORANGE,354255184,AREA 3,JATIM,LAMONGAN,TUBAN BOJONEGORO,,,0,0,0,JAWA TIMUR,BOJONEGORO,BOJONEGORO,KLANGON,BOJONEGORO
408520857,,ODP-PAZ-FA/04,-7.1542,111.6121,,,2,13,0,0,16,REGIONAL 5,MADIUN,BOJONEGORO,PAD,,,2024-03-16 23:24:20,42506,2016,5,NON TITO,,,JAWA TIMUR,0.8125,ORANGE,25411226,AREA 3,JATIM,LAMONGAN,TUBAN BOJONEGORO,,,0,0,0,JAWA TIMUR,BOJONEGORO,PADANGAN,PADANGAN,BOJONEGORO
2481803877,,ODP-BJN-FH/31,-7.143885,111.894463,,,2,14,0,0,16,REGIONAL 5,MADIUN,BOJONEGORO,BJN,,,2024-03-16 23:26:02,43224,2018,5,NON TITO,,,JAWA TIMUR,0.875,ORANGE,353790918,AREA 3,JATIM,LAMONGAN,TUBAN BOJONEGORO,,,0,0,0,JAWA TIMUR,BOJONEGORO,BOJONEGORO,BANJAREJO,BOJONEGORO
2509023471,,ODP-BJN-FN/62,-7.156827,111.879596,,,2,14,0,0,16,REGIONAL 5,MADIUN,BOJONEGORO,BJN,,,2024-03-16 23:27:39,43237,2018,5,NON TITO,,,JAWA TIMUR,0.875,ORANGE,354255194,AREA 3,JATIM,LAMONGAN,TUBAN BOJONEGORO,,,0,0,0,JAWA TIMUR,BOJONEGORO,BOJONEGORO,SUMBANG,BOJONEGORO
8705297330,,ODP-PAZ-FP/07,-7.153017,111.619235,,,1,7,0,0,8,REGIONAL 5,MADIUN,BOJONEGORO,PAD,,,2024-03-16 23:25:28,44679,2022,4,NON TITO,,,JAWA TIMUR,0.875,ORANGE,1178691935,AREA 3,JATIM,LAMONGAN,TUBAN BOJONEGORO,,,0,0,0,JAWA TIMUR,BOJONEGORO,KASIMAN,BATOKAN,BOJONEGORO
2521025857,,ODP-BJN-FT/25,-7.151724,111.882692,,,1,15,0,0,16,REGIONAL 5,MADIUN,BOJONEGORO,BJN,,,2024-03-16 23:23:55,43242,2018,5,NON TITO,,,JAWA TIMUR,0.9375,ORANGE,354285362,AREA 3,JATIM,LAMONGAN,TUBAN BOJONEGORO,,,0,0,0,JAWA TIMUR,BOJONEGORO,BOJONEGORO,KAUMAN,BOJONEGORO
2521025860,,ODP-BJN-FT/27,-7.150867,111.88481,,,1,7,0,0,8,REGIONAL 5,MADIUN,BOJONEGORO,BJN,,,2024-03-16 23:23:53,43242,2018,5,NON TITO,,,JAWA TIMUR,0.875,ORANGE,354285364,AREA 3,JATIM,LAMONGAN,TUBAN BOJONEGORO,,,0,0,0,JAWA TIMUR,BOJONEGORO,BOJONEGORO,KARANG PACAR,BOJONEGORO
2481803867,,ODP-BJN-FH/43,-7.140822,111.890697,,,2,14,0,0,16,REGIONAL 5,MADIUN,BOJONEGORO,BJN,,,2024-03-16 23:25:32,43224,2018,5,NON TITO,,,JAWA TIMUR,0.875,ORANGE,353790912,AREA 3,JATIM,LAMONGAN,TUBAN BOJONEGORO,,,0,0,0,JAWA TIMUR,BOJONEGORO,BOJONEGORO,BANJAREJO,BOJONEGORO
8705297320,,ODP-PAZ-FP/12,-7.144621,111.616605,,,1,7,0,0,8,REGIONAL 5,MADIUN,BOJONEGORO,PAD,,,2024-03-16 23:25:53,44679,2022,4,NON TITO,,,JAWA TIMUR,0.875,ORANGE,1178691919,AREA 3,JATIM,LAMONGAN,TUBAN BOJONEGORO,,,0,0,0,JAWA TIMUR,BOJONEGORO,KASIMAN,BATOKAN,BOJONEGORO
2521025869,,ODP-BJN-FT/20,-7.151182,111.889271,,,1,7,0,0,8,REGIONAL 5,MADIUN,BOJONEGORO,BJN,,,2024-03-16 23:23:59,43242,2018,5,NON TITO,,,JAWA TIMUR,0.875,ORANGE,354285370,AREA 3,JATIM,LAMONGAN,TUBAN BOJONEGORO,,,0,0,0,JAWA TIMUR,BOJONEGORO,BOJONEGORO,KARANG PACAR,BOJONEGORO
408520859,,ODP-BJN-F09/03,-7.1425,111.9003,,,3,13,0,0,16,REGIONAL 5,MADIUN,BOJONEGORO,BJN,,,2024-03-16 23:24:09,42506,2016,5,NON TITO,,,JAWA TIMUR,0.8125,ORANGE,25411228,AREA 3,JATIM,LAMONGAN,TUBAN BOJONEGORO,,,0,0,0,JAWA TIMUR,BOJONEGORO,BOJONEGORO,CAMPURJO,BOJONEGORO
8705297310,,ODP-PAZ-FP/08,-7.151806,111.61803,,,1,7,0,0,8,REGIONAL 5,MADIUN,BOJONEGORO,PAD,,,2024-03-16 23:26:46,44679,2022,4,NON TITO,,,JAWA TIMUR,0.875,ORANGE,1178691908,AREA 3,JATIM,LAMONGAN,TUBAN BOJONEGORO,,,0,0,0,JAWA TIMUR,BOJONEGORO,KASIMAN,BATOKAN,BOJONEGORO
2509023431,,ODP-BJN-FN/42,-7.148078,111.87521,,,0,15,0,0,16,REGIONAL 5,MADIUN,BOJONEGORO,BJN,,,2024-03-16 23:26:29,43237,2018,5,NON TITO,,,JAWA TIMUR,0.9375,ORANGE,354255181,AREA 3,JATIM,LAMONGAN,TUBAN BOJONEGORO,,,0,0,0,JAWA TIMUR,BOJONEGORO,BOJONEGORO,KAUMAN,BOJONEGORO
652468752,,ODP-BJN-FP/14,-7.187217,111.875803,,,2,14,0,0,16,REGIONAL 5,MADIUN,BOJONEGORO,BJN,,,2024-03-16 23:24:04,42527,2016,6,NON TITO,,,JAWA TIMUR,0.875,ORANGE,33406320,AREA 3,JATIM,LAMONGAN,TUBAN BOJONEGORO,,,0,0,0,JAWA TIMUR,BOJONEGORO,KAPAS,SEMBUNG,BOJONEGORO
2509023466,,ODP-BJN-FN/46,-7.151987,111.877092,,,1,7,0,0,8,REGIONAL 5,MADIUN,BOJONEGORO,BJN,,,2024-03-16 23:27:23,43237,2018,5,NON TITO,,,JAWA TIMUR,0.875,ORANGE,354223828,AREA 3,JATIM,LAMONGAN,TUBAN BOJONEGORO,,,0,0,0,JAWA TIMUR,BOJONEGORO,BOJONEGORO,KLANGON,BOJONEGORO
11869543830,,ODP-KDU-FB/51,-7.15373,111.760942,,,1,7,0,0,8,REGIONAL 5,MADIUN,BOJONEGORO,KDU,,,2024-10-28 17:46:15,45593,2024,10,NON TITO,,,JAWA TIMUR,0.875,ORANGE,1479127707,AREA 3,JATIM,LAMONGAN,TUBAN BOJONEGORO,,,0,0,0,JAWA TIMUR,BOJONEGORO,KALITIDU,WOTAN NGARE,BOJONEGORO
2513295946,,ODP-BJN-FQ/42,-7.163445,111.886336,,,2,14,0,0,16,REGIONAL 5,MADIUN,BOJONEGORO,BJN,,,2024-03-16 23:22:40,43235,2018,5,NON TITO,,,JAWA TIMUR,0.875,ORANGE,354209097,AREA 3,JATIM,LAMONGAN,TUBAN BOJONEGORO,,,0,0,0,JAWA TIMUR,BOJONEGORO,BOJONEGORO,SUKOREJO,BOJONEGORO
8869919513,,ODP-BJN-FBN/43,-7.10943,111.877526,,,1,7,0,0,8,REGIONAL 5,MADIUN,BOJONEGORO,BJN,,,2024-03-16 23:24:36,44722,2022,6,NON TITO,,,JAWA TIMUR,0.875,ORANGE,1184791649,AREA 3,JATIM,LAMONGAN,TUBAN BOJONEGORO,,,0,0,0,JAWA TIMUR,TUBAN,PARENGAN,MOJOMALANG,BOJONEGORO
2513295941,,ODP-BJN-FQ/54,-7.160073,111.885305,,,1,7,0,0,8,REGIONAL 5,MADIUN,BOJONEGORO,BJN,,,2024-03-16 23:23:35,43235,2018,5,NON TITO,,,JAWA TIMUR,0.875,ORANGE,354209094,AREA 3,JATIM,LAMONGAN,TUBAN BOJONEGORO,,,0,0,0,JAWA TIMUR,BOJONEGORO,BOJONEGORO,SUKOREJO,BOJONEGORO
2513296001,,ODP-BJN-FQ/43,-7.162243,111.884723,,,1,15,0,0,16,REGIONAL 5,MADIUN,BOJONEGORO,BJN,,,2024-03-16 23:22:45,43235,2018,5,NON TITO,,,JAWA TIMUR,0.9375,ORANGE,354209130,AREA 3,JATIM,LAMONGAN,TUBAN BOJONEGORO,,,0,0,0,JAWA TIMUR,BOJONEGORO,BOJONEGORO,SUKOREJO,BOJONEGORO
408520034,,ODP-PAZ-FA/13,-7.1569,111.6159,,,0,13,0,0,16,REGIONAL 5,MADIUN,BOJONEGORO,PAD,,,2024-03-16 23:24:03,42506,2016,5,NON TITO,,,JAWA TIMUR,0.8125,ORANGE,25410661,AREA 3,JATIM,LAMONGAN,TUBAN BOJONEGORO,,,0,0,0,JAWA TIMUR,BOJONEGORO,PADANGAN,PADANGAN,BOJONEGORO
2513296023,,ODP-BJN-FQ/51,-7.158673,111.882339,,,1,7,0,0,8,REGIONAL 5,MADIUN,BOJONEGORO,BJN,,,2024-03-16 23:23:44,43235,2018,5,NON TITO,,,JAWA TIMUR,0.875,ORANGE,354209143,AREA 3,JATIM,LAMONGAN,TUBAN BOJONEGORO,,,0,0,0,JAWA TIMUR,BOJONEGORO,BOJONEGORO,SUKOREJO,BOJONEGORO
2513296028,,ODP-BJN-FQ/30,-7.163694,111.8884,,,1,7,0,0,8,REGIONAL 5,MADIUN,BOJONEGORO,BJN,,,2024-03-16 23:23:34,43235,2018,5,NON TITO,,,JAWA TIMUR,0.875,ORANGE,354209146,AREA 3,JATIM,LAMONGAN,TUBAN BOJONEGORO,,,0,0,0,JAWA TIMUR,BOJONEGORO,BOJONEGORO,SUKOREJO,BOJONEGORO
2513295936,,ODP-BJN-FQ/36,-7.160549,111.890207,,,1,7,0,0,8,REGIONAL 5,MADIUN,BOJONEGORO,BJN,,,2024-03-16 23:23:04,43235,2018,5,NON TITO,,,JAWA TIMUR,0.875,ORANGE,354209091,AREA 3,JATIM,LAMONGAN,TUBAN BOJONEGORO,,,0,0,0,JAWA TIMUR,BOJONEGORO,BOJONEGORO,SUKOREJO,BOJONEGORO
11843369670,,ODP-BJN-FBD/32,-7.12603,111.868253,,,1,7,0,0,8,REGIONAL 5,MADIUN,BOJONEGORO,BJN,,,2024-10-24 17:28:15,45589,2024,10,NON TITO,,,JAWA TIMUR,0.875,ORANGE,1477986930,AREA 3,JATIM,LAMONGAN,TUBAN BOJONEGORO,,,0,0,0,JAWA TIMUR,TUBAN,PARENGAN,SELOGABUS,BOJONEGORO
2513296067,,ODP-BJN-FQ/39,-7.16299,111.890839,,,1,7,0,0,8,REGIONAL 5,MADIUN,BOJONEGORO,BJN,,,2024-03-16 23:23:37,43235,2018,5,NON TITO,,,JAWA TIMUR,0.875,ORANGE,354209169,AREA 3,JATIM,LAMONGAN,TUBAN BOJONEGORO,,,0,0,0,JAWA TIMUR,BOJONEGORO,BOJONEGORO,SUKOREJO,BOJONEGORO
1050049546,,ODP-BJN-FV/30,-7.14959,111.89536,,,1,11,0,0,12,REGIONAL 5,MADIUN,BOJONEGORO,BJN,,,2024-03-16 23:25:38,42685,2016,11,NON TITO,,,JAWA TIMUR,0.91666666666667,ORANGE,38523169,AREA 3,JATIM,LAMONGAN,TUBAN BOJONEGORO,,,0,0,0,JAWA TIMUR,BOJONEGORO,BOJONEGORO,NGROWO,BOJONEGORO
2513296072,,ODP-BJN-FQ/29,-7.164822,111.887844,,,1,11,0,0,12,REGIONAL 5,MADIUN,BOJONEGORO,BJN,,,2024-03-16 23:23:44,43235,2018,5,NON TITO,,,JAWA TIMUR,0.91666666666667,ORANGE,354209172,AREA 3,JATIM,LAMONGAN,TUBAN BOJONEGORO,,,0,0,0,JAWA TIMUR,BOJONEGORO,BOJONEGORO,SUKOREJO,BOJONEGORO
2513296077,,ODP-BJN-FQ/56,-7.162572,111.887134,,,1,7,0,0,8,REGIONAL 5,MADIUN,BOJONEGORO,BJN,,,2024-03-16 23:23:45,43235,2018,5,NON TITO,,,JAWA TIMUR,0.875,ORANGE,354209175,AREA 3,JATIM,LAMONGAN,TUBAN BOJONEGORO,,,0,0,0,JAWA TIMUR,BOJONEGORO,BOJONEGORO,SUKOREJO,BOJONEGORO
2513296097,,ODP-BJN-FQ/38,-7.162295,111.890988,,,1,7,0,0,8,REGIONAL 5,MADIUN,BOJONEGORO,BJN,,,2024-03-16 23:23:49,43235,2018,5,NON TITO,,,JAWA TIMUR,0.875,ORANGE,354209187,AREA 3,JATIM,LAMONGAN,TUBAN BOJONEGORO,,,0,0,0,JAWA TIMUR,BOJONEGORO,BOJONEGORO,SUKOREJO,BOJONEGORO
2513296102,,ODP-BJN-FQ/55,-7.160454,111.886786,,,1,7,0,0,8,REGIONAL 5,MADIUN,BOJONEGORO,BJN,,,2024-03-16 23:23:43,43235,2018,5,NON TITO,,,JAWA TIMUR,0.875,ORANGE,354209190,AREA 3,JATIM,LAMONGAN,TUBAN BOJONEGORO,,,0,0,0,JAWA TIMUR,BOJONEGORO,BOJONEGORO,SUKOREJO,BOJONEGORO
11843369675,,ODP-BJN-FBD/33,-7.124128,111.869488,,,1,7,0,0,8,REGIONAL 5,MADIUN,BOJONEGORO,BJN,,,2024-10-24 17:29:02,45589,2024,10,NON TITO,,,JAWA TIMUR,0.875,ORANGE,1477986934,AREA 3,JATIM,LAMONGAN,TUBAN BOJONEGORO,,,0,0,0,JAWA TIMUR,TUBAN,PARENGAN,SELOGABUS,BOJONEGORO
2513295916,,ODP-BJN-FQ/32,-7.165728,111.889003,,,3,13,0,0,16,REGIONAL 5,MADIUN,BOJONEGORO,BJN,,,2024-03-16 23:23:36,43235,2018,5,NON TITO,,,JAWA TIMUR,0.8125,ORANGE,354209079,AREA 3,JATIM,LAMONGAN,TUBAN BOJONEGORO,,,0,0,0,JAWA TIMUR,BOJONEGORO,BOJONEGORO,SUKOREJO,BOJONEGORO
8870444164,,ODP-SMJ-FN/12,-7.222912,111.955058,,,1,7,0,0,8,REGIONAL 5,MADIUN,BOJONEGORO,SMJ,,,2024-03-16 23:25:03,44722,2022,6,NON TITO,,,JAWA TIMUR,0.875,ORANGE,1184795874,AREA 3,JATIM,LAMONGAN,TUBAN BOJONEGORO,,,0,0,0,JAWA TIMUR,BOJONEGORO,BALEN,SIDOBANDUNG,BOJONEGORO
2495674140,,ODP-BJN-FV/41,-7.153019,111.895568,,,0,15,1,0,16,REGIONAL 5,MADIUN,BOJONEGORO,BJN,,,2024-03-16 23:22:47,43229,2018,5,NON TITO,,,JAWA TIMUR,0.9375,ORANGE,354169036,AREA 3,JATIM,LAMONGAN,TUBAN BOJONEGORO,,,0,0,0,JAWA TIMUR,BOJONEGORO,BOJONEGORO,NGROWO,BOJONEGORO
2510972500,,ODP-BJN-FC/43,-7.144306,111.901375,,,1,7,0,0,8,REGIONAL 5,MADIUN,BOJONEGORO,BJN,,,2024-03-16 23:23:33,43236,2018,5,NON TITO,,,JAWA TIMUR,0.875,ORANGE,354222829,AREA 3,JATIM,LAMONGAN,TUBAN BOJONEGORO,,,0,0,0,JAWA TIMUR,BOJONEGORO,BOJONEGORO,CAMPURJO,BOJONEGORO
2510973047,,ODP-BJN-FC/29,-7.151949,111.902434,,,2,14,0,0,16,REGIONAL 5,MADIUN,BOJONEGORO,BJN,,,2024-03-16 23:24:01,43236,2018,5,NON TITO,,,JAWA TIMUR,0.875,ORANGE,354223034,AREA 3,JATIM,LAMONGAN,TUBAN BOJONEGORO,,,0,0,0,JAWA TIMUR,BOJONEGORO,BOJONEGORO,CAMPURJO,BOJONEGORO
674218557,,ODP-BJN-FN/02,-7.154421,111.881029,,,1,15,0,0,16,REGIONAL 5,MADIUN,BOJONEGORO,BJN,,,2024-03-16 23:24:48,42533,2016,6,NON TITO,,,JAWA TIMUR,0.9375,ORANGE,33429501,AREA 3,JATIM,LAMONGAN,TUBAN BOJONEGORO,,,0,0,0,JAWA TIMUR,BOJONEGORO,BOJONEGORO,SUMBANG,BOJONEGORO
2509023396,,ODP-BJN-FN/52,-7.154697,111.881009,,,1,7,0,0,8,REGIONAL 5,MADIUN,BOJONEGORO,BJN,,,2024-03-16 23:27:40,43237,2018,5,NON TITO,,,JAWA TIMUR,0.875,ORANGE,354223807,AREA 3,JATIM,LAMONGAN,TUBAN BOJONEGORO,,,0,0,0,JAWA TIMUR,BOJONEGORO,BOJONEGORO,SUMBANG,BOJONEGORO
1050048428,,ODP-BJN-FV/21,-7.156025,111.894943,,,1,15,0,0,16,REGIONAL 5,MADIUN,BOJONEGORO,BJN,,,2024-03-16 23:25:19,42685,2016,11,NON TITO,,,JAWA TIMUR,0.9375,ORANGE,38522510,AREA 3,JATIM,LAMONGAN,TUBAN BOJONEGORO,,,0,0,0,JAWA TIMUR,BOJONEGORO,BOJONEGORO,NGROWO,BOJONEGORO
2509023416,,ODP-BJN-FN/53,-7.155958,111.880626,,,1,7,0,0,8,REGIONAL 5,MADIUN,BOJONEGORO,BJN,,,2024-03-16 23:27:22,43237,2018,5,NON TITO,,,JAWA TIMUR,0.875,ORANGE,354223813,AREA 3,JATIM,LAMONGAN,TUBAN BOJONEGORO,,,0,0,0,JAWA TIMUR,BOJONEGORO,BOJONEGORO,SUMBANG,BOJONEGORO
2509023426,,ODP-BJN-FN/50,-7.152153,111.879575,,,1,7,0,0,8,REGIONAL 5,MADIUN,BOJONEGORO,BJN,,,2024-03-16 23:27:24,43237,2018,5,NON TITO,,,JAWA TIMUR,0.875,ORANGE,354223816,AREA 3,JATIM,LAMONGAN,TUBAN BOJONEGORO,,,0,0,0,JAWA TIMUR,BOJONEGORO,BOJONEGORO,KLANGON,BOJONEGORO
2509023436,,ODP-BJN-FN/45,-7.149986,111.877464,,,2,13,0,0,16,REGIONAL 5,MADIUN,BOJONEGORO,BJN,,,2024-03-16 23:27:41,43237,2018,5,NON TITO,,,JAWA TIMUR,0.8125,ORANGE,354223819,AREA 3,JATIM,LAMONGAN,TUBAN BOJONEGORO,,,0,0,0,JAWA TIMUR,BOJONEGORO,BOJONEGORO,KAUMAN,BOJONEGORO
8705296667,,ODP-BJN-FBN/42,-7.065655,111.839467,,,1,7,0,0,8,REGIONAL 5,MADIUN,BOJONEGORO,BJN,,,2024-03-16 23:25:29,44679,2022,4,NON TITO,,,JAWA TIMUR,0.875,ORANGE,1178691182,AREA 3,JATIM,LAMONGAN,TUBAN BOJONEGORO,,,0,0,0,JAWA TIMUR,TUBAN,PARENGAN,PARANGBATU,BOJONEGORO
2513295956,,ODP-BJN-FQ/44,-7.161945,111.884333,,,1,7,0,0,8,REGIONAL 5,MADIUN,BOJONEGORO,BJN,,,2024-03-16 23:23:34,43235,2018,5,NON TITO,,,JAWA TIMUR,0.875,ORANGE,354209103,AREA 3,JATIM,LAMONGAN,TUBAN BOJONEGORO,,,0,0,0,JAWA TIMUR,BOJONEGORO,BOJONEGORO,SUKOREJO,BOJONEGORO
2508194101,,ODP-BJN-FJ/39,-7.147211,111.87349,,,1,7,0,0,8,REGIONAL 5,MADIUN,BOJONEGORO,BJN,,,2024-03-16 23:25:11,43243,2018,5,NON TITO,,,JAWA TIMUR,0.875,ORANGE,354292444,AREA 3,JATIM,LAMONGAN,TUBAN BOJONEGORO,,,0,0,0,JAWA TIMUR,BOJONEGORO,BOJONEGORO,KAUMAN,BOJONEGORO
408520864,,ODP-BJN-FX/02,-7.1498,111.9014,,,1,15,0,0,16,REGIONAL 5,MADIUN,BOJONEGORO,BJN,,,2024-03-16 23:24:11,42506,2016,5,NON TITO,,,JAWA TIMUR,0.9375,ORANGE,25411233,AREA 3,JATIM,LAMONGAN,TUBAN BOJONEGORO,,,0,0,0,JAWA TIMUR,BOJONEGORO,BOJONEGORO,CAMPURJO,BOJONEGORO
8507969129,,ODP-SMJ-FN/02,-7.230548,111.943657,,,1,7,0,0,8,REGIONAL 5,MADIUN,BOJONEGORO,SMJ,,,2024-03-16 23:23:51,44631,2022,3,NON TITO,,,JAWA TIMUR,0.875,ORANGE,1168717793,AREA 3,JATIM,LAMONGAN,TUBAN BOJONEGORO,,,0,0,0,JAWA TIMUR,BOJONEGORO,BALEN,SIDOBANDUNG,BOJONEGORO
2508194261,,ODP-BJN-FJ/59,-7.139883,111.873574,,,1,7,0,0,8,REGIONAL 5,MADIUN,BOJONEGORO,BJN,,,2024-03-16 23:24:14,43243,2018,5,NON TITO,,,JAWA TIMUR,0.875,ORANGE,354555751,AREA 3,JATIM,LAMONGAN,TUBAN BOJONEGORO,,,0,0,0,JAWA TIMUR,BOJONEGORO,TRUCUK,BANJARSARI,BOJONEGORO
1987993677,,ODP-BJN-FBT/19,-7.132053,111.858304,,,1,7,0,0,8,REGIONAL 5,MADIUN,BOJONEGORO,BJN,,,2025-08-01 18:04:38,43056,2017,11,NON TITO,,,JAWA TIMUR,0.875,ORANGE,255772724,AREA 3,JATIM,LAMONGAN,TUBAN BOJONEGORO,,,0,0,0,JAWA TIMUR,BOJONEGORO,TRUCUK,GUYANGAN,BOJONEGORO
2508194286,,ODP-BJN-FJ/56,-7.142557,111.876457,,,1,7,0,0,8,REGIONAL 5,MADIUN,BOJONEGORO,BJN,,,2024-03-16 23:24:40,43243,2018,5,NON TITO,,,JAWA TIMUR,0.875,ORANGE,354555769,AREA 3,JATIM,LAMONGAN,TUBAN BOJONEGORO,,,0,0,0,JAWA TIMUR,BOJONEGORO,TRUCUK,BANJARSARI,BOJONEGORO
2537302155,,ODP-BJN-FX/56,-7.155787,111.908963,,,1,15,0,0,16,REGIONAL 5,MADIUN,BOJONEGORO,BJN,,,2024-03-16 23:23:49,43244,2018,5,NON TITO,,,JAWA TIMUR,0.9375,ORANGE,354613071,AREA 3,JATIM,LAMONGAN,TUBAN BOJONEGORO,,,0,0,0,JAWA TIMUR,BOJONEGORO,BOJONEGORO,CAMPUREJO,BOJONEGORO
8507969124,,ODP-SMJ-FN/06,-7.214824,111.934431,,,1,7,0,0,8,REGIONAL 5,MADIUN,BOJONEGORO,SMJ,,,2024-03-16 23:23:35,44631,2022,3,NON TITO,,,JAWA TIMUR,0.875,ORANGE,1168717790,AREA 3,JATIM,LAMONGAN,TUBAN BOJONEGORO,,,0,0,0,JAWA TIMUR,BOJONEGORO,BALEN,NGADILUHUR,BOJONEGORO
408428669,,ODP-SMJ-FS/05,-7.171684,112.003899,,,3,13,0,0,16,REGIONAL 5,MADIUN,BOJONEGORO,SMJ,,,2024-11-06 17:24:45,42506,2016,5,NON TITO,,,JAWA TIMUR,0.8125,ORANGE,25395031,AREA 3,JATIM,LAMONGAN,TUBAN BOJONEGORO,,,0,0,0,JAWA TIMUR,BOJONEGORO,SUMBEREJO,SUMBERREJO,BOJONEGORO
2537302301,,ODP-BJN-FM/27,-7.159234,111.876713,,,1,7,0,0,8,REGIONAL 5,MADIUN,BOJONEGORO,BJN,,,2024-03-16 23:23:50,43244,2018,5,NON TITO,,,JAWA TIMUR,0.875,ORANGE,354613127,AREA 3,JATIM,LAMONGAN,TUBAN BOJONEGORO,,,0,0,0,JAWA TIMUR,BOJONEGORO,BOJONEGORO,KLANGON,BOJONEGORO
8495893850,,ODP-KDU-FC/24,-7.138548,111.801112,,,1,7,0,0,8,REGIONAL 5,MADIUN,BOJONEGORO,KDU,,,2024-03-16 23:25:28,44628,2022,3,NON TITO,,,JAWA TIMUR,0.875,ORANGE,1168376246,AREA 3,JATIM,LAMONGAN,TUBAN BOJONEGORO,,,0,0,0,JAWA TIMUR,BOJONEGORO,KALITIDU,MOJOSARI,BOJONEGORO
3134898132,,ODP-PAZ-FD/14,-7.294602,111.523569,,,1,7,0,0,8,REGIONAL 5,MADIUN,BOJONEGORO,PAD,,,2024-03-16 23:22:00,43437,2018,12,NON TITO,,,JAWA TIMUR,0.875,ORANGE,406834321,AREA 3,JATIM,LAMONGAN,TUBAN BOJONEGORO,,,0,0,0,JAWA TIMUR,BOJONEGORO,MARGOMULYO,MEDURI,BOJONEGORO
8495893837,,ODP-KDU-FC/25,-7.138184,111.804317,,,1,7,0,0,8,REGIONAL 5,MADIUN,BOJONEGORO,KDU,,,2024-03-16 23:21:18,44628,2022,3,NON TITO,,,JAWA TIMUR,0.875,ORANGE,1168376237,AREA 3,JATIM,LAMONGAN,TUBAN BOJONEGORO,,,0,0,0,JAWA TIMUR,BOJONEGORO,KALITIDU,MOJOSARI,BOJONEGORO
8495893831,,ODP-KDU-FC/31,-7.142384,111.810459,,,2,14,0,0,16,REGIONAL 5,MADIUN,BOJONEGORO,KDU,,,2024-03-16 23:25:45,44628,2022,3,NON TITO,,,JAWA TIMUR,0.875,ORANGE,1168376233,AREA 3,JATIM,LAMONGAN,TUBAN BOJONEGORO,,,0,0,0,JAWA TIMUR,BOJONEGORO,KALITIDU,NGUJO,BOJONEGORO
651943563,,ODP-BJN-FH/08,-7.143455,111.890453,,,1,7,0,0,8,REGIONAL 5,MADIUN,BOJONEGORO,BJN,,,2024-03-16 23:23:46,42527,2016,6,NON TITO,,,JAWA TIMUR,0.875,ORANGE,33406167,AREA 3,JATIM,LAMONGAN,TUBAN BOJONEGORO,,,0,0,0,JAWA TIMUR,BOJONEGORO,BOJONEGORO,BANJAREJO,BOJONEGORO
8495893825,,ODP-KDU-FC/29,-7.147429,111.809163,,,1,7,0,0,8,REGIONAL 5,MADIUN,BOJONEGORO,KDU,,,2024-03-16 23:25:45,44628,2022,3,NON TITO,,,JAWA TIMUR,0.875,ORANGE,1168376229,AREA 3,JATIM,LAMONGAN,TUBAN BOJONEGORO,,,0,0,0,JAWA TIMUR,BOJONEGORO,KALITIDU,NGUJO,BOJONEGORO
8494168731,,ODP-SMJ-FD/21,-7.169208,112.026528,,,1,15,0,0,16,REGIONAL 5,MADIUN,BOJONEGORO,SMJ,,,2024-03-16 23:27:21,44627,2022,3,NON TITO,,,JAWA TIMUR,0.9375,ORANGE,1168369330,AREA 3,JATIM,LAMONGAN,TUBAN BOJONEGORO,,,0,0,0,JAWA TIMUR,BOJONEGORO,SUMBEREJO,PRAYUNGAN,BOJONEGORO
2537302733,,ODP-BJN-FM/35,-7.160653,111.878664,,,1,7,0,0,8,REGIONAL 5,MADIUN,BOJONEGORO,BJN,,,2024-03-16 23:24:01,43244,2018,5,NON TITO,,,JAWA TIMUR,0.875,ORANGE,354613257,AREA 3,JATIM,LAMONGAN,TUBAN BOJONEGORO,,,0,0,0,JAWA TIMUR,BOJONEGORO,BOJONEGORO,SUMBANG,BOJONEGORO
8492893729,,ODP-SMJ-FM/04,-7.182867,112.0339,,,1,7,0,0,8,REGIONAL 5,MADIUN,BOJONEGORO,SMJ,,,2024-03-16 23:28:52,44627,2022,3,NON TITO,,,JAWA TIMUR,0.875,ORANGE,1168364012,AREA 3,JATIM,LAMONGAN,TUBAN BOJONEGORO,,,0,0,0,JAWA TIMUR,BOJONEGORO,SUMBEREJO,MARGOAGUNG,BOJONEGORO
2537302961,,ODP-BJN-FM/30,-7.160906,111.8748,,,1,7,0,0,8,REGIONAL 5,MADIUN,BOJONEGORO,BJN,,,2024-03-16 23:24:00,43244,2018,5,NON TITO,,,JAWA TIMUR,0.875,ORANGE,354613325,AREA 3,JATIM,LAMONGAN,TUBAN BOJONEGORO,,,0,0,0,JAWA TIMUR,BOJONEGORO,BOJONEGORO,SUMBANG,BOJONEGORO
8492893714,,ODP-SMJ-FM/05,-7.180492,112.03463,,,1,7,0,0,8,REGIONAL 5,MADIUN,BOJONEGORO,SMJ,,,2024-03-16 23:28:37,44627,2022,3,NON TITO,,,JAWA TIMUR,0.875,ORANGE,1168363985,AREA 3,JATIM,LAMONGAN,TUBAN BOJONEGORO,,,0,0,0,JAWA TIMUR,BOJONEGORO,SUMBEREJO,MARGOAGUNG,BOJONEGORO
408429047,,ODP-SMJ-FS/16,-7.175848,112.00557,,,1,15,0,0,16,REGIONAL 5,MADIUN,BOJONEGORO,SMJ,,,2024-11-06 17:25:31,42506,2016,5,NON TITO,,,JAWA TIMUR,0.9375,ORANGE,25395389,AREA 3,JATIM,LAMONGAN,TUBAN BOJONEGORO,,,0,0,0,JAWA TIMUR,BOJONEGORO,SUMBEREJO,SUMBERREJO,BOJONEGORO
8492893699,,ODP-SMJ-FM/07,-7.176681,112.035007,,,0,7,0,0,8,REGIONAL 5,MADIUN,BOJONEGORO,SMJ,,,2024-03-16 23:28:05,44627,2022,3,NON TITO,,,JAWA TIMUR,0.875,ORANGE,1168363966,AREA 3,JATIM,LAMONGAN,TUBAN BOJONEGORO,,,0,0,0,JAWA TIMUR,BOJONEGORO,SUMBEREJO,MARGOAGUNG,BOJONEGORO
2537302496,,ODP-BJN-FX/73,-7.149368,111.899448,,,1,14,0,0,16,REGIONAL 5,MADIUN,BOJONEGORO,BJN,,,2024-03-16 23:24:10,43244,2018,5,NON TITO,,,JAWA TIMUR,0.875,ORANGE,354687393,AREA 3,JATIM,LAMONGAN,TUBAN BOJONEGORO,,,0,0,0,JAWA TIMUR,BOJONEGORO,BOJONEGORO,NGROWO,BOJONEGORO
408521835,,ODP-BJN-FD/06,-7.1707,111.8759,,,2,14,0,0,16,REGIONAL 5,MADIUN,BOJONEGORO,BJN,,,2024-03-16 23:24:27,42506,2016,5,NON TITO,,,JAWA TIMUR,0.875,ORANGE,25411820,AREA 3,JATIM,LAMONGAN,TUBAN BOJONEGORO,,,0,0,0,JAWA TIMUR,BOJONEGORO,BOJONEGORO,PACUL,BOJONEGORO
8476468824,,ODP-BJN-FBJ/83,-7.24338,111.858314,,,1,7,0,0,8,REGIONAL 5,MADIUN,BOJONEGORO,BJN,,,2024-03-16 23:24:28,44618,2022,2,NON TITO,,,JAWA TIMUR,0.875,ORANGE,1167198135,AREA 3,JATIM,LAMONGAN,TUBAN BOJONEGORO,,,0,0,0,JAWA TIMUR,BOJONEGORO,DANDER,NGRASEH,BOJONEGORO
8476468819,,ODP-BJN-FBJ/78,-7.243014,111.859281,,,0,7,1,0,8,REGIONAL 5,MADIUN,BOJONEGORO,BJN,,,2024-03-16 23:24:29,44618,2022,2,NON TITO,,,JAWA TIMUR,0.875,ORANGE,1167198132,AREA 3,JATIM,LAMONGAN,TUBAN BOJONEGORO,,,0,0,0,JAWA TIMUR,BOJONEGORO,DANDER,NGRASEH,BOJONEGORO
2537302840,,ODP-BJN-FM/31,-7.161387,111.874692,,,1,7,0,0,8,REGIONAL 5,MADIUN,BOJONEGORO,BJN,,,2024-03-16 23:23:50,43244,2018,5,NON TITO,,,JAWA TIMUR,0.875,ORANGE,354687495,AREA 3,JATIM,LAMONGAN,TUBAN BOJONEGORO,,,0,0,0,JAWA TIMUR,BOJONEGORO,BOJONEGORO,SUMBANG,BOJONEGORO
408428845,,ODP-SMJ-FS/06,-7.172853,112.003547,,,2,13,0,0,16,REGIONAL 5,MADIUN,BOJONEGORO,SMJ,,,2024-11-06 17:26:08,42506,2016,5,NON TITO,,,JAWA TIMUR,0.8125,ORANGE,25395206,AREA 3,JATIM,LAMONGAN,TUBAN BOJONEGORO,,,0,0,0,JAWA TIMUR,BOJONEGORO,SUMBEREJO,SUMBERREJO,BOJONEGORO
2508194226,,ODP-BJN-FJ/68,-7.146272,111.878507,,,1,15,0,0,16,REGIONAL 5,MADIUN,BOJONEGORO,BJN,,,2024-03-16 23:24:38,43243,2018,5,NON TITO,,,JAWA TIMUR,0.9375,ORANGE,354555732,AREA 3,JATIM,LAMONGAN,TUBAN BOJONEGORO,,,0,0,0,JAWA TIMUR,BOJONEGORO,TRUCUK,BANJARSARI,BOJONEGORO
2508194206,,ODP-BJN-FJ/37,-7.149087,111.87362,,,1,7,0,0,8,REGIONAL 5,MADIUN,BOJONEGORO,BJN,,,2024-03-16 23:25:00,43243,2018,5,NON TITO,,,JAWA TIMUR,0.875,ORANGE,354555716,AREA 3,JATIM,LAMONGAN,TUBAN BOJONEGORO,,,0,0,0,JAWA TIMUR,BOJONEGORO,BOJONEGORO,KAUMAN,BOJONEGORO
652468729,,ODP-BJN-FP/21,-7.178011,111.876956,,,2,14,0,0,16,REGIONAL 5,MADIUN,BOJONEGORO,BJN,,,2024-03-16 23:24:20,42527,2016,6,NON TITO,,,JAWA TIMUR,0.875,ORANGE,33406259,AREA 3,JATIM,LAMONGAN,TUBAN BOJONEGORO,,,0,0,0,JAWA TIMUR,BOJONEGORO,BOJONEGORO,PACUL,BOJONEGORO
2508194131,,ODP-BJN-FJ/57,-7.140849,111.875885,,,1,7,0,0,8,REGIONAL 5,MADIUN,BOJONEGORO,BJN,,,2024-03-16 23:25:17,43243,2018,5,NON TITO,,,JAWA TIMUR,0.875,ORANGE,354292462,AREA 3,JATIM,LAMONGAN,TUBAN BOJONEGORO,,,0,0,0,JAWA TIMUR,BOJONEGORO,TRUCUK,BANJARSARI,BOJONEGORO
408520993,,ODP-BJN-FE/03,-7.1664,111.8898,,,1,15,0,0,16,REGIONAL 5,MADIUN,BOJONEGORO,BJN,,,2024-03-16 23:24:20,42506,2016,5,NON TITO,,,JAWA TIMUR,0.9375,ORANGE,25411315,AREA 3,JATIM,LAMONGAN,TUBAN BOJONEGORO,,,0,0,0,JAWA TIMUR,BOJONEGORO,BOJONEGORO,SUKOREJO,BOJONEGORO
8702518597,,ODP-PAZ-FP/05,-7.13525,111.639293,,,0,15,1,0,16,REGIONAL 5,MADIUN,BOJONEGORO,PAD,,,2024-03-16 23:28:12,44673,2022,4,NON TITO,,,JAWA TIMUR,0.9375,ORANGE,1177732686,AREA 3,JATIM,LAMONGAN,TUBAN BOJONEGORO,,,0,0,0,JAWA TIMUR,BOJONEGORO,KASIMAN,BESAH,BOJONEGORO
8702518592,,ODP-PAZ-FP/03,-7.126592,111.650401,,,1,7,0,0,8,REGIONAL 5,MADIUN,BOJONEGORO,PAD,,,2024-03-16 23:27:11,44673,2022,4,NON TITO,,,JAWA TIMUR,0.875,ORANGE,1177732683,AREA 3,JATIM,LAMONGAN,TUBAN BOJONEGORO,,,0,0,0,JAWA TIMUR,BOJONEGORO,KASIMAN,SEKARAN,BOJONEGORO
2481803667,,ODP-BJN-FH/34,-7.145791,111.887145,,,1,15,0,0,16,REGIONAL 5,MADIUN,BOJONEGORO,BJN,,,2024-03-16 23:26:30,43224,2018,5,NON TITO,,,JAWA TIMUR,0.9375,ORANGE,353790792,AREA 3,JATIM,LAMONGAN,TUBAN BOJONEGORO,,,0,0,0,JAWA TIMUR,BOJONEGORO,BOJONEGORO,BANJAREJO,BOJONEGORO
8688269099,,ODP-SMJ-FM/11,-7.164501,112.035742,,,1,7,0,0,8,REGIONAL 5,MADIUN,BOJONEGORO,SMJ,,,2024-03-16 23:27:05,44671,2022,4,NON TITO,,,JAWA TIMUR,0.875,ORANGE,1177711617,AREA 3,JATIM,LAMONGAN,TUBAN BOJONEGORO,,,0,0,0,JAWA TIMUR,BOJONEGORO,SUMBEREJO,PRAYUNGAN,BOJONEGORO
408500714,,ODP-SMJ-FS/04,-7.170949,112.00211,,,2,13,0,0,16,REGIONAL 5,MADIUN,BOJONEGORO,SMJ,,,2024-10-30 17:44:16,42506,2016,5,NON TITO,,,JAWA TIMUR,0.8125,ORANGE,25468007,AREA 3,JATIM,LAMONGAN,TUBAN BOJONEGORO,,,0,0,0,JAWA TIMUR,BOJONEGORO,SUMBEREJO,SUMBERREJO,BOJONEGORO
652468748,,ODP-BJN-FP/16,-7.178422,111.878839,,,3,13,0,0,16,REGIONAL 5,MADIUN,BOJONEGORO,BJN,,,2024-03-16 23:24:16,42527,2016,6,NON TITO,,,JAWA TIMUR,0.8125,ORANGE,33406309,AREA 3,JATIM,LAMONGAN,TUBAN BOJONEGORO,,,0,0,0,JAWA TIMUR,BOJONEGORO,BOJONEGORO,PACUL,BOJONEGORO
1049091776,,ODP-BJN-FV/23,-7.153896,111.896932,,,0,14,2,0,16,REGIONAL 5,MADIUN,BOJONEGORO,BJN,,,2024-03-16 23:24:27,42684,2016,11,NON TITO,,,JAWA TIMUR,0.875,ORANGE,38519890,AREA 3,JATIM,LAMONGAN,TUBAN BOJONEGORO,,,0,0,0,JAWA TIMUR,BOJONEGORO,BOJONEGORO,NGROWO,BOJONEGORO
2481803432,,ODP-BJN-FH/35,-7.139829,111.896458,,,1,7,0,0,8,REGIONAL 5,MADIUN,BOJONEGORO,BJN,,,2024-03-16 23:26:10,43224,2018,5,NON TITO,,,JAWA TIMUR,0.875,ORANGE,353790651,AREA 3,JATIM,LAMONGAN,TUBAN BOJONEGORO,,,0,0,0,JAWA TIMUR,BOJONEGORO,BOJONEGORO,BANJAREJO,BOJONEGORO
2481803427,,ODP-BJN-FH/36,-7.140326,111.893757,,,1,15,0,0,16,REGIONAL 5,MADIUN,BOJONEGORO,BJN,,,2024-03-16 23:26:25,43224,2018,5,NON TITO,,,JAWA TIMUR,0.9375,ORANGE,353790648,AREA 3,JATIM,LAMONGAN,TUBAN BOJONEGORO,,,0,0,0,JAWA TIMUR,BOJONEGORO,BOJONEGORO,BANJAREJO,BOJONEGORO
8920396061,,ODP-PAZ-FE/42,-7.1669,111.67452,,,1,7,0,0,8,REGIONAL 5,MADIUN,BOJONEGORO,PAD,,,2024-03-16 23:27:00,44742,2022,6,NON TITO,,,JAWA TIMUR,0.875,ORANGE,1188978755,AREA 3,JATIM,LAMONGAN,TUBAN BOJONEGORO,,,0,0,0,JAWA TIMUR,BOJONEGORO,GAYAM,NGRAHO,BOJONEGORO
2508194236,,ODP-BJN-FJ/50,-7.144945,111.87508,,,1,7,0,0,8,REGIONAL 5,MADIUN,BOJONEGORO,BJN,,,2024-03-16 23:24:40,43243,2018,5,NON TITO,,,JAWA TIMUR,0.875,ORANGE,354292546,AREA 3,JATIM,LAMONGAN,TUBAN BOJONEGORO,,,0,0,0,JAWA TIMUR,BOJONEGORO,BOJONEGORO,KAUMAN,BOJONEGORO
8674243889,,ODP-SMJ-FL/30,-7.109004,112.050921,,,1,7,0,0,8,REGIONAL 5,MADIUN,BOJONEGORO,SMJ,,,2024-03-16 23:25:09,44669,2022,4,NON TITO,,,JAWA TIMUR,0.875,ORANGE,1177491070,AREA 3,JATIM,LAMONGAN,TUBAN BOJONEGORO,,,0,0,0,JAWA TIMUR,BOJONEGORO,KANOR,TEMU,BOJONEGORO
8645819852,,ODP-SMJ-FG/75,-7.244577,112.001477,,,1,7,0,0,8,REGIONAL 5,MADIUN,BOJONEGORO,SMJ,,,2024-03-16 23:24:38,44663,2022,4,NON TITO,,,JAWA TIMUR,0.875,ORANGE,1175924702,AREA 3,JATIM,LAMONGAN,TUBAN BOJONEGORO,,,0,0,0,JAWA TIMUR,BOJONEGORO,KEDUNGADEM,BALONGCABE,BOJONEGORO
2508194321,,ODP-BJN-FJ/72,-7.145012,111.876684,,,3,13,0,0,16,REGIONAL 5,MADIUN,BOJONEGORO,BJN,,,2024-03-16 23:25:05,43243,2018,5,NON TITO,,,JAWA TIMUR,0.8125,ORANGE,354292621,AREA 3,JATIM,LAMONGAN,TUBAN BOJONEGORO,,,0,0,0,JAWA TIMUR,BOJONEGORO,TRUCUK,BANJARSARI,BOJONEGORO
2508194326,,ODP-BJN-FJ/32,-7.152614,111.873199,,,3,13,0,0,16,REGIONAL 5,MADIUN,BOJONEGORO,BJN,,,2024-03-16 23:25:10,43243,2018,5,NON TITO,,,JAWA TIMUR,0.8125,ORANGE,354292625,AREA 3,JATIM,LAMONGAN,TUBAN BOJONEGORO,,,0,0,0,JAWA TIMUR,BOJONEGORO,BOJONEGORO,KLANGON,BOJONEGORO
2508194331,,ODP-BJN-FJ/42,-7.148026,111.874604,,,1,7,0,0,8,REGIONAL 5,MADIUN,BOJONEGORO,BJN,,,2024-03-16 23:25:05,43243,2018,5,NON TITO,,,JAWA TIMUR,0.875,ORANGE,354292633,AREA 3,JATIM,LAMONGAN,TUBAN BOJONEGORO,,,0,0,0,JAWA TIMUR,BOJONEGORO,BOJONEGORO,KAUMAN,BOJONEGORO
652468745,,ODP-BJN-FP/17,-7.177417,111.874219,,,1,15,0,0,16,REGIONAL 5,MADIUN,BOJONEGORO,BJN,,,2024-03-16 23:24:27,42527,2016,6,NON TITO,,,JAWA TIMUR,0.9375,ORANGE,33406305,AREA 3,JATIM,LAMONGAN,TUBAN BOJONEGORO,,,0,0,0,JAWA TIMUR,BOJONEGORO,BOJONEGORO,PACUL,BOJONEGORO
8599468788,,ODP-BJN-FL/100,-7.166035,111.869303,,,2,14,0,0,16,REGIONAL 5,MADIUN,BOJONEGORO,BJN,,,2024-03-16 23:23:03,44651,2022,3,NON TITO,,,JAWA TIMUR,0.875,ORANGE,1169711355,AREA 3,JATIM,LAMONGAN,TUBAN BOJONEGORO,,,0,0,0,JAWA TIMUR,BOJONEGORO,BOJONEGORO,JETAK,BOJONEGORO
2508194356,,ODP-BJN-FJ/69,-7.145627,111.877589,,,1,7,0,0,8,REGIONAL 5,MADIUN,BOJONEGORO,BJN,,,2024-03-16 23:25:04,43243,2018,5,NON TITO,,,JAWA TIMUR,0.875,ORANGE,354292666,AREA 3,JATIM,LAMONGAN,TUBAN BOJONEGORO,,,0,0,0,JAWA TIMUR,BOJONEGORO,TRUCUK,BANJARSARI,BOJONEGORO
8593319691,,ODP-BJN-FL/99,-7.172687,111.867311,,,1,7,0,0,8,REGIONAL 5,MADIUN,BOJONEGORO,BJN,,,2024-03-16 23:24:41,44651,2022,3,NON TITO,,,JAWA TIMUR,0.875,ORANGE,1169707780,AREA 3,JATIM,LAMONGAN,TUBAN BOJONEGORO,,,0,0,0,JAWA TIMUR,BOJONEGORO,BOJONEGORO,PACUL,BOJONEGORO
8590393787,,ODP-BJN-FP/94,-7.163528,111.861126,,,1,7,0,0,8,REGIONAL 5,MADIUN,BOJONEGORO,BJN,,,2024-03-16 23:22:06,44648,2022,3,NON TITO,,,JAWA TIMUR,0.875,ORANGE,1169494606,AREA 3,JATIM,LAMONGAN,TUBAN BOJONEGORO,,,0,0,0,JAWA TIMUR,BOJONEGORO,TRUCUK,TULUNGREJO,BOJONEGORO
8500693766,,ODP-BJN-FZ/68,-7.135806,111.880389,,,1,7,0,0,8,REGIONAL 5,MADIUN,BOJONEGORO,BJN,,,2024-03-16 23:22:06,44632,2022,3,NON TITO,,,JAWA TIMUR,0.875,ORANGE,1168771584,AREA 3,JATIM,LAMONGAN,TUBAN BOJONEGORO,,,0,0,0,JAWA TIMUR,BOJONEGORO,TRUCUK,BANJARSARI,BOJONEGORO
2508194111,,ODP-BJN-FJ/53,-7.136956,111.869857,,,1,7,0,0,8,REGIONAL 5,MADIUN,BOJONEGORO,BJN,,,2024-03-16 23:24:49,43243,2018,5,NON TITO,,,JAWA TIMUR,0.875,ORANGE,354555655,AREA 3,JATIM,LAMONGAN,TUBAN BOJONEGORO,,,0,0,0,JAWA TIMUR,BOJONEGORO,TRUCUK,GUYANGAN,BOJONEGORO
8507969164,,ODP-SMJ-FN/04,-7.223688,111.944431,,,1,7,0,0,8,REGIONAL 5,MADIUN,BOJONEGORO,SMJ,,,2024-03-16 23:23:44,44631,2022,3,NON TITO,,,JAWA TIMUR,0.875,ORANGE,1168717823,AREA 3,JATIM,LAMONGAN,TUBAN BOJONEGORO,,,0,0,0,JAWA TIMUR,BOJONEGORO,BALEN,SIDOBANDUNG,BOJONEGORO
2508194161,,ODP-BJN-FJ/52,-7.137818,111.868264,,,1,7,0,0,8,REGIONAL 5,MADIUN,BOJONEGORO,BJN,,,2024-03-16 23:21:18,43243,2018,5,NON TITO,,,JAWA TIMUR,0.875,ORANGE,354555691,AREA 3,JATIM,LAMONGAN,TUBAN BOJONEGORO,,,0,0,0,JAWA TIMUR,BOJONEGORO,TRUCUK,TRUCUK,BOJONEGORO
2508194106,,ODP-BJN-FJ/61,-7.139111,111.8698,,,2,14,0,0,16,REGIONAL 5,MADIUN,BOJONEGORO,BJN,,,2024-03-16 23:25:04,43243,2018,5,NON TITO,,,JAWA TIMUR,0.875,ORANGE,354292446,AREA 3,JATIM,LAMONGAN,TUBAN BOJONEGORO,,,0,0,0,JAWA TIMUR,BOJONEGORO,TRUCUK,TRUCUK,BOJONEGORO
8242558534,,ODP-PAZ-FS/11,-7.191872,111.663012,,,1,7,0,0,8,REGIONAL 5,MADIUN,BOJONEGORO,PAD,,,2024-03-16 23:28:23,44541,2021,12,NON TITO,,,JAWA TIMUR,0.875,ORANGE,1162173738,AREA 3,JATIM,LAMONGAN,TUBAN BOJONEGORO,,,0,0,0,JAWA TIMUR,BOJONEGORO,PURWOSARI,PURWOSARI,BOJONEGORO
3152970871,,ODP-BJN-FM/50,-7.164636,111.877288,,,1,7,0,0,8,REGIONAL 5,MADIUN,BOJONEGORO,BJN,,,2024-03-16 23:28:28,43438,2018,12,NON TITO,,,JAWA TIMUR,0.875,ORANGE,406842450,AREA 3,JATIM,LAMONGAN,TUBAN BOJONEGORO,,,0,0,0,JAWA TIMUR,BOJONEGORO,BOJONEGORO,SUMBANG,BOJONEGORO
8239843553,,ODP-SMJ-FC/13,-7.096711,112.029982,,,1,7,0,0,8,REGIONAL 5,MADIUN,BOJONEGORO,SMJ,,,2024-03-16 23:28:59,44537,2021,12,NON TITO,,,JAWA TIMUR,0.875,ORANGE,1161730165,AREA 3,JATIM,LAMONGAN,TUBAN BOJONEGORO,,,0,0,0,JAWA TIMUR,BOJONEGORO,KANOR,PRIGI,BOJONEGORO
408592198,,ODP-BJN-FU/12,-7.1873,111.8648,,,2,13,0,0,16,REGIONAL 5,MADIUN,BOJONEGORO,BJN,,,2024-03-16 23:25:06,42506,2016,5,NON TITO,,,JAWA TIMUR,0.8125,ORANGE,25483773,AREA 3,JATIM,LAMONGAN,TUBAN BOJONEGORO,,,0,0,0,JAWA TIMUR,BOJONEGORO,DANDER,NGUMPAK DALEM,BOJONEGORO
408592376,,ODP-BJN-FU/25,-7.1993,111.867,,,1,15,0,0,16,REGIONAL 5,MADIUN,BOJONEGORO,BJN,,,2024-03-16 23:25:45,42506,2016,5,NON TITO,,,JAWA TIMUR,0.9375,ORANGE,25483912,AREA 3,JATIM,LAMONGAN,TUBAN BOJONEGORO,,,0,0,0,JAWA TIMUR,BOJONEGORO,DANDER,NGUMPAK DALEM,BOJONEGORO
12122219600,,ODP-PAZ-FN/38,-7.284264,111.724791,,,1,7,0,0,8,REGIONAL 5,MADIUN,BOJONEGORO,PAD,,,2025-04-30 17:57:01,45776,2025,4,NON TITO,,,JAWA TIMUR,0.875,ORANGE,1497402208,AREA 3,JATIM,LAMONGAN,TUBAN BOJONEGORO,,,0,0,0,JAWA TIMUR,BOJONEGORO,NGAMBON,NGAMBON,BOJONEGORO
12120493816,,ODP-PAZ-FM/26,-7.209203,111.697682,,,1,7,0,0,8,REGIONAL 5,MADIUN,BOJONEGORO,PAD,,,2025-04-29 17:55:34,45775,2025,4,NON TITO,,,JAWA TIMUR,0.875,ORANGE,1497397306,AREA 3,JATIM,LAMONGAN,TUBAN BOJONEGORO,,,0,0,0,JAWA TIMUR,BOJONEGORO,PURWOSARI,TLATAH,BOJONEGORO
6255943778,,ODP-PAZ-FB/21,-7.171695,111.715646,,,1,7,0,0,8,REGIONAL 5,MADIUN,BOJONEGORO,PAD,,,2024-03-16 23:28:53,44293,2021,4,NON TITO,,,JAWA TIMUR,0.875,ORANGE,869849800,AREA 3,JATIM,LAMONGAN,TUBAN BOJONEGORO,,,0,0,0,JAWA TIMUR,BOJONEGORO,GAYAM,RINGINTUNGGAL,BOJONEGORO
4323343700,,ODP-BJN-FBK/06,-7.247955,111.767512,,,1,15,0,0,16,REGIONAL 5,MADIUN,BOJONEGORO,BJN,,,2024-03-16 23:25:28,43789,2019,11,NON TITO,,,JAWA TIMUR,0.9375,ORANGE,787476834,AREA 3,JATIM,LAMONGAN,TUBAN BOJONEGORO,,,0,0,0,JAWA TIMUR,BOJONEGORO,NGASEM,NGASEM,BOJONEGORO
6251669363,,ODP-BJN-FQ/63,-7.16196,111.889639,,,1,7,0,0,8,REGIONAL 5,MADIUN,BOJONEGORO,BJN,,,2024-03-16 23:24:43,44291,2021,4,NON TITO,,,JAWA TIMUR,0.875,ORANGE,869825001,AREA 3,JATIM,LAMONGAN,TUBAN BOJONEGORO,,,0,0,0,JAWA TIMUR,BOJONEGORO,BOJONEGORO,SUKOREJO,BOJONEGORO
6252119608,,ODP-SMJ-FD/18,-7.144837,112.017873,,,1,14,0,0,16,REGIONAL 5,MADIUN,BOJONEGORO,SMJ,,,2024-03-16 23:23:22,44287,2021,4,NON TITO,,,JAWA TIMUR,0.875,ORANGE,869081171,AREA 3,JATIM,LAMONGAN,TUBAN BOJONEGORO,,,0,0,0,JAWA TIMUR,BOJONEGORO,KANOR,PALEMBON,BOJONEGORO
12023518790,,ODP-PAZ-FB/33,-7.172763,111.696238,,,1,7,0,0,8,REGIONAL 5,MADIUN,BOJONEGORO,PAD,,,2024-12-24 17:32:03,45649,2024,12,NON TITO,,,JAWA TIMUR,0.875,ORANGE,1495618519,AREA 3,JATIM,LAMONGAN,TUBAN BOJONEGORO,,,0,0,0,JAWA TIMUR,BOJONEGORO,GAYAM,BRABOWAN,BOJONEGORO
4429843546,,ODP-BJN-FP/71,-7.156973,111.87561,,,1,7,0,0,8,REGIONAL 5,MADIUN,BOJONEGORO,BJN,,,2024-03-16 23:25:20,43819,2019,12,NON TITO,,,JAWA TIMUR,0.875,ORANGE,789540288,AREA 3,JATIM,LAMONGAN,TUBAN BOJONEGORO,,,0,0,0,JAWA TIMUR,BOJONEGORO,BOJONEGORO,KLANGON,BOJONEGORO
408595882,,ODP-BJN-FS/06,-7.1493,111.89,,,3,13,0,0,16,REGIONAL 5,MADIUN,BOJONEGORO,BJN,,,2024-03-16 23:25:39,42506,2016,5,NON TITO,,,JAWA TIMUR,0.8125,ORANGE,25486145,AREA 3,JATIM,LAMONGAN,TUBAN BOJONEGORO,,,0,0,0,JAWA TIMUR,BOJONEGORO,BOJONEGORO,KARANG PACAR,BOJONEGORO
4480243543,,ODP-BJN-FL/85,-7.173516,111.873961,,,1,7,0,0,8,REGIONAL 5,MADIUN,BOJONEGORO,BJN,,,2024-03-16 23:25:17,43847,2020,1,NON TITO,,,JAWA TIMUR,0.875,ORANGE,789815036,AREA 3,JATIM,LAMONGAN,TUBAN BOJONEGORO,,,0,0,0,JAWA TIMUR,BOJONEGORO,BOJONEGORO,PACUL,BOJONEGORO
4480243538,,ODP-SMJ-FG/54,-7.184098,111.999711,,,1,7,0,0,8,REGIONAL 5,MADIUN,BOJONEGORO,SMJ,,,2024-03-16 23:25:19,43847,2020,1,NON TITO,,,JAWA TIMUR,0.875,ORANGE,793553097,AREA 3,JATIM,LAMONGAN,TUBAN BOJONEGORO,,,0,0,0,JAWA TIMUR,BOJONEGORO,SUMBEREJO,SUMURAGUNG,BOJONEGORO
4478969193,,ODP-BJN-FM/57,-7.164831,111.877357,,,1,7,0,0,8,REGIONAL 5,MADIUN,BOJONEGORO,BJN,,,2024-03-16 23:25:46,43847,2020,1,NON TITO,,,JAWA TIMUR,0.875,ORANGE,793557653,AREA 3,JATIM,LAMONGAN,TUBAN BOJONEGORO,,,0,0,0,JAWA TIMUR,BOJONEGORO,BOJONEGORO,SUMBANG,BOJONEGORO
4490370922,,ODP-KDU-FA/62,-7.108793,111.730693,,,1,7,0,0,8,REGIONAL 5,MADIUN,BOJONEGORO,KDU,,,2024-03-16 23:27:42,43853,2020,1,NON TITO,,,JAWA TIMUR,0.875,ORANGE,795129525,AREA 3,JATIM,LAMONGAN,TUBAN BOJONEGORO,,,0,0,0,JAWA TIMUR,BOJONEGORO,MALO,MALO,BOJONEGORO
987047383,,ODP-BJN-FBA/11,-7.201227,111.926714,,,2,13,0,0,16,REGIONAL 5,MADIUN,BOJONEGORO,BJN,,,2024-03-16 23:28:08,42657,2016,10,NON TITO,,,JAWA TIMUR,0.8125,ORANGE,36660587,AREA 3,JATIM,LAMONGAN,TUBAN BOJONEGORO,,,0,0,0,JAWA TIMUR,BOJONEGORO,KAPAS,KAPAS,BOJONEGORO
5949568779,,ODP-BJN-FBJ/72,-7.244128,111.825307,,,1,7,0,0,8,REGIONAL 5,MADIUN,BOJONEGORO,BJN,,,2024-03-16 23:27:11,44226,2021,1,NON TITO,,,JAWA TIMUR,0.875,ORANGE,861067171,AREA 3,JATIM,LAMONGAN,TUBAN BOJONEGORO,,,0,0,0,JAWA TIMUR,BOJONEGORO,DANDER,NGUNUT,BOJONEGORO
12108044124,,ODP-BJN-FJ/113,-7.143092,111.870419,,,1,7,0,0,8,REGIONAL 5,MADIUN,BOJONEGORO,BJN,,,2025-04-23 17:58:25,45769,2025,4,NON TITO,,,JAWA TIMUR,0.875,ORANGE,1497360046,AREA 3,JATIM,LAMONGAN,TUBAN BOJONEGORO,,,0,0,0,JAWA TIMUR,BOJONEGORO,TRUCUK,TRUCUK,BOJONEGORO
5949568764,,ODP-BJN-FBJ/71,-7.24403,111.822957,,,1,7,0,0,8,REGIONAL 5,MADIUN,BOJONEGORO,BJN,,,2024-03-16 23:27:23,44226,2021,1,NON TITO,,,JAWA TIMUR,0.875,ORANGE,861067162,AREA 3,JATIM,LAMONGAN,TUBAN BOJONEGORO,,,0,0,0,JAWA TIMUR,BOJONEGORO,DANDER,NGUNUT,BOJONEGORO
408595590,,ODP-BJN-FS/02,-7.1494,111.8869,,,3,13,0,0,16,REGIONAL 5,MADIUN,BOJONEGORO,BJN,,,2024-03-16 23:25:38,42506,2016,5,NON TITO,,,JAWA TIMUR,0.8125,ORANGE,25485963,AREA 3,JATIM,LAMONGAN,TUBAN BOJONEGORO,,,0,0,0,JAWA TIMUR,BOJONEGORO,BOJONEGORO,KARANG PACAR,BOJONEGORO
5884321229,,ODP-SMJ-FE/42,-7.325106,112.054019,,,1,7,0,0,8,REGIONAL 5,MADIUN,BOJONEGORO,SMJ,,,2024-03-16 23:24:36,44225,2021,1,NON TITO,,,JAWA TIMUR,0.875,ORANGE,861055756,AREA 3,JATIM,LAMONGAN,TUBAN BOJONEGORO,,,0,0,0,JAWA TIMUR,BOJONEGORO,KEDUNGADEM,MLIDEG,BOJONEGORO
5884321222,,ODP-KDU-FD/18,-7.13161,111.76914,,,1,7,0,0,8,REGIONAL 5,MADIUN,BOJONEGORO,KDU,,,2024-03-16 23:24:43,44225,2021,1,NON TITO,,,JAWA TIMUR,0.875,ORANGE,861055597,AREA 3,JATIM,LAMONGAN,TUBAN BOJONEGORO,,,0,0,0,JAWA TIMUR,BOJONEGORO,KALITIDU,PANJUNAN,BOJONEGORO
4553369146,,ODP-BJN-FBJ/60,-7.240894,111.858661,,,1,7,0,0,8,REGIONAL 5,MADIUN,BOJONEGORO,BJN,,,2024-03-16 23:23:51,43866,2020,2,NON TITO,,,JAWA TIMUR,0.875,ORANGE,805020430,AREA 3,JATIM,LAMONGAN,TUBAN BOJONEGORO,,,0,0,0,JAWA TIMUR,BOJONEGORO,DANDER,NGRASEH,BOJONEGORO
408593017,,ODP-BJN-FX/04,-7.1525,111.9023,,,1,15,0,0,16,REGIONAL 5,MADIUN,BOJONEGORO,BJN,,,2024-03-16 23:24:44,42506,2016,5,NON TITO,,,JAWA TIMUR,0.9375,ORANGE,25484351,AREA 3,JATIM,LAMONGAN,TUBAN BOJONEGORO,,,0,0,0,JAWA TIMUR,BOJONEGORO,BOJONEGORO,CAMPURJO,BOJONEGORO
4553369176,,ODP-BJN-FBJ/48,-7.240632,111.856498,,,1,7,0,0,8,REGIONAL 5,MADIUN,BOJONEGORO,BJN,,,2024-03-16 23:24:45,43866,2020,2,NON TITO,,,JAWA TIMUR,0.875,ORANGE,805020439,AREA 3,JATIM,LAMONGAN,TUBAN BOJONEGORO,,,0,0,0,JAWA TIMUR,BOJONEGORO,DANDER,NGRASEH,BOJONEGORO
4553369186,,ODP-BJN-FBJ/46,-7.240672,111.856109,,,1,7,0,0,8,REGIONAL 5,MADIUN,BOJONEGORO,BJN,,,2024-03-16 23:24:22,43866,2020,2,NON TITO,,,JAWA TIMUR,0.875,ORANGE,805020442,AREA 3,JATIM,LAMONGAN,TUBAN BOJONEGORO,,,0,0,0,JAWA TIMUR,BOJONEGORO,DANDER,NGRASEH,BOJONEGORO
4553369196,,ODP-BJN-FBJ/59,-7.241098,111.858637,,,1,7,0,0,8,REGIONAL 5,MADIUN,BOJONEGORO,BJN,,,2024-03-16 23:24:48,43866,2020,2,NON TITO,,,JAWA TIMUR,0.875,ORANGE,805020445,AREA 3,JATIM,LAMONGAN,TUBAN BOJONEGORO,,,0,0,0,JAWA TIMUR,BOJONEGORO,DANDER,NGRASEH,BOJONEGORO
12107894906,,ODP-PAZ-FL/17,-7.181919,111.60955,,,1,7,0,0,8,REGIONAL 5,MADIUN,BOJONEGORO,PAD,,,2025-04-22 17:48:44,45768,2025,4,NON TITO,,,JAWA TIMUR,0.875,ORANGE,1497356874,AREA 3,JATIM,LAMONGAN,TUBAN BOJONEGORO,,,0,0,0,JAWA TIMUR,BOJONEGORO,PADANGAN,NGASINAN,BOJONEGORO
12103846265,,ODP-BJN-FJ/111,-7.136792,111.871153,,,1,7,0,0,8,REGIONAL 5,MADIUN,BOJONEGORO,BJN,,,2025-04-21 23:46:43,45768,2025,4,NON TITO,,,JAWA TIMUR,0.875,ORANGE,1497353633,AREA 3,JATIM,LAMONGAN,TUBAN BOJONEGORO,,,0,0,0,JAWA TIMUR,BOJONEGORO,TRUCUK,GUYANGAN,BOJONEGORO
4312468653,,ODP-SMJ-FK/09,-7.22655,112.089151,,,1,7,0,0,8,REGIONAL 5,MADIUN,BOJONEGORO,SMJ,,,2024-03-16 23:25:03,43788,2019,11,NON TITO,,,JAWA TIMUR,0.875,ORANGE,787181244,AREA 3,JATIM,LAMONGAN,TUBAN BOJONEGORO,,,0,0,0,JAWA TIMUR,BOJONEGORO,KEPOH BARU,KEPOH,BOJONEGORO
12108044033,,ODP-BJN-FP/101,-7.148401,111.868715,,,1,7,0,0,8,REGIONAL 5,MADIUN,BOJONEGORO,BJN,,,2025-04-21 23:49:10,45768,2025,4,NON TITO,,,JAWA TIMUR,0.875,ORANGE,1497352905,AREA 3,JATIM,LAMONGAN,TUBAN BOJONEGORO,,,0,0,0,JAWA TIMUR,BOJONEGORO,TRUCUK,TRUCUK,BOJONEGORO
4312468648,,ODP-SMJ-FK/02,-7.2137,112.094186,,,1,7,0,0,8,REGIONAL 5,MADIUN,BOJONEGORO,SMJ,,,2024-03-16 23:25:04,43788,2019,11,NON TITO,,,JAWA TIMUR,0.875,ORANGE,787181240,AREA 3,JATIM,LAMONGAN,TUBAN BOJONEGORO,,,0,0,0,JAWA TIMUR,BOJONEGORO,KEPOH BARU,SIDOMUKTI,BOJONEGORO
6374068980,,ODP-BJN-FBN/12,-7.107722,111.874574,,,2,14,0,0,16,REGIONAL 5,MADIUN,BOJONEGORO,BJN,,,2024-03-16 23:29:08,44313,2021,4,NON TITO,,,JAWA TIMUR,0.875,ORANGE,875759123,AREA 3,JATIM,LAMONGAN,TUBAN BOJONEGORO,,,0,0,0,JAWA TIMUR,TUBAN,PARENGAN,SUCIHARJO,BOJONEGORO
12022169414,,ODP-PAZ-FE/58,-7.171176,111.664407,,,1,7,0,0,8,REGIONAL 5,MADIUN,BOJONEGORO,PAD,,,2024-12-20 17:35:25,45645,2024,12,NON TITO,,,JAWA TIMUR,0.875,ORANGE,1495516082,AREA 3,JATIM,LAMONGAN,TUBAN BOJONEGORO,,,0,0,0,JAWA TIMUR,BOJONEGORO,GAYAM,BEGED,BOJONEGORO
987047338,,ODP-BJN-FBA/15,-7.191929,111.92352,,,1,15,0,0,16,REGIONAL 5,MADIUN,BOJONEGORO,BJN,,,2024-03-16 23:27:49,42657,2016,10,NON TITO,,,JAWA TIMUR,0.9375,ORANGE,36660560,AREA 3,JATIM,LAMONGAN,TUBAN BOJONEGORO,,,0,0,0,JAWA TIMUR,BOJONEGORO,KAPAS,PLESUNGAN,BOJONEGORO
4041794094,,ODP-KDU-FC/18,-7.13292,111.800985,,,1,7,0,0,8,REGIONAL 5,MADIUN,BOJONEGORO,KDU,,,2024-03-16 23:24:04,43745,2019,10,NON TITO,,,JAWA TIMUR,0.875,ORANGE,677714635,AREA 3,JATIM,LAMONGAN,TUBAN BOJONEGORO,,,0,0,0,JAWA TIMUR,BOJONEGORO,KALITIDU,MOJOSARI,BOJONEGORO
6838318653,,ODP-KDU-FB/20,-7.199716,111.763393,,,1,7,0,0,8,REGIONAL 5,MADIUN,BOJONEGORO,KDU,,,2024-03-16 23:29:04,44365,2021,6,NON TITO,,,JAWA TIMUR,0.875,ORANGE,906421913,AREA 3,JATIM,LAMONGAN,TUBAN BOJONEGORO,,,0,0,0,JAWA TIMUR,BOJONEGORO,NGASEM,BARENG,BOJONEGORO
4037294625,,ODP-SMJ-FA/69,-7.198567,111.955161,,,1,7,0,0,8,REGIONAL 5,MADIUN,BOJONEGORO,SMJ,,,2024-03-16 23:29:06,43745,2019,10,NON TITO,,,JAWA TIMUR,0.875,ORANGE,678467098,AREA 3,JATIM,LAMONGAN,TUBAN BOJONEGORO,,,0,0,0,JAWA TIMUR,BOJONEGORO,BALEN,SUWALOH,BOJONEGORO
6838318648,,ODP-KDU-FB/22,-7.192043,111.760404,,,1,7,0,0,8,REGIONAL 5,MADIUN,BOJONEGORO,KDU,,,2024-03-16 23:29:03,44365,2021,6,NON TITO,,,JAWA TIMUR,0.875,ORANGE,906421908,AREA 3,JATIM,LAMONGAN,TUBAN BOJONEGORO,,,0,0,0,JAWA TIMUR,BOJONEGORO,NGASEM,BARENG,BOJONEGORO
408500719,,ODP-SMJ-FQ/04,-7.1808,111.9931,,,2,13,0,0,16,REGIONAL 5,MADIUN,BOJONEGORO,SMJ,,,2025-05-20 17:41:30,42506,2016,5,NON TITO,,,JAWA TIMUR,0.8125,ORANGE,25468012,AREA 3,JATIM,LAMONGAN,TUBAN BOJONEGORO,,,0,0,0,JAWA TIMUR,BOJONEGORO,BALEN,KEDUNGBONDO,BOJONEGORO
4088293656,,ODP-SMJ-FH/15,-7.243982,112.041489,,,1,7,0,0,8,REGIONAL 5,MADIUN,BOJONEGORO,SMJ,,,2024-03-16 23:23:29,43753,2019,10,NON TITO,,,JAWA TIMUR,0.875,ORANGE,682747670,AREA 3,JATIM,LAMONGAN,TUBAN BOJONEGORO,,,0,0,0,JAWA TIMUR,BOJONEGORO,SUMBEREJO,MLINJENG,BOJONEGORO
987047348,,ODP-BJN-FBA/19,-7.187736,111.920211,,,2,14,0,0,16,REGIONAL 5,MADIUN,BOJONEGORO,BJN,,,2024-03-16 23:28:00,42657,2016,10,NON TITO,,,JAWA TIMUR,0.875,ORANGE,36660566,AREA 3,JATIM,LAMONGAN,TUBAN BOJONEGORO,,,0,0,0,JAWA TIMUR,BOJONEGORO,KAPAS,MOJODESO,BOJONEGORO
4094294229,,ODP-BJN-FP/62,-7.149495,111.869237,,,1,7,0,0,8,REGIONAL 5,MADIUN,BOJONEGORO,BJN,,,2024-03-16 23:24:19,43754,2019,10,NON TITO,,,JAWA TIMUR,0.875,ORANGE,682828716,AREA 3,JATIM,LAMONGAN,TUBAN BOJONEGORO,,,0,0,0,JAWA TIMUR,BOJONEGORO,TRUCUK,TRUCUK,BOJONEGORO
4094294232,,ODP-BJN-FP/63,-7.152591,111.869634,,,1,7,0,0,8,REGIONAL 5,MADIUN,BOJONEGORO,BJN,,,2024-03-16 23:24:22,43754,2019,10,NON TITO,,,JAWA TIMUR,0.875,ORANGE,682828718,AREA 3,JATIM,LAMONGAN,TUBAN BOJONEGORO,,,0,0,0,JAWA TIMUR,BOJONEGORO,TRUCUK,TRUCUK,BOJONEGORO
408432782,,ODP-SMJ-FQ/11,-7.1778,111.9964,,,1,15,0,0,16,REGIONAL 5,MADIUN,BOJONEGORO,SMJ,,,2025-05-20 17:41:19,42506,2016,5,NON TITO,,,JAWA TIMUR,0.9375,ORANGE,25399051,AREA 3,JATIM,LAMONGAN,TUBAN BOJONEGORO,,,0,0,0,JAWA TIMUR,BOJONEGORO,SUMBEREJO,SUMURAGUNG,BOJONEGORO
4134871199,,ODP-BJN-FP/68,-7.161589,111.865859,,,1,7,0,0,8,REGIONAL 5,MADIUN,BOJONEGORO,BJN,,,2024-03-16 23:24:48,43767,2019,10,NON TITO,,,JAWA TIMUR,0.875,ORANGE,690390958,AREA 3,JATIM,LAMONGAN,TUBAN BOJONEGORO,,,0,0,0,JAWA TIMUR,BOJONEGORO,TRUCUK,TULUNGREJO,BOJONEGORO
4134871204,,ODP-BJN-FP/69,-7.159082,111.867723,,,1,15,0,0,16,REGIONAL 5,MADIUN,BOJONEGORO,BJN,,,2024-03-16 23:25:22,43767,2019,10,NON TITO,,,JAWA TIMUR,0.9375,ORANGE,690390962,AREA 3,JATIM,LAMONGAN,TUBAN BOJONEGORO,,,0,0,0,JAWA TIMUR,BOJONEGORO,TRUCUK,TULUNGREJO,BOJONEGORO
4134871249,,ODP-BJN-FP/70,-7.156057,111.868805,,,0,7,1,0,8,REGIONAL 5,MADIUN,BOJONEGORO,BJN,,,2024-03-16 23:25:38,43767,2019,10,NON TITO,,,JAWA TIMUR,0.875,ORANGE,690390993,AREA 3,JATIM,LAMONGAN,TUBAN BOJONEGORO,,,0,0,0,JAWA TIMUR,BOJONEGORO,TRUCUK,TRUCUK,BOJONEGORO
408428822,,ODP-SMJ-FQ/05,-7.1806,111.9939,,,2,13,1,0,16,REGIONAL 5,MADIUN,BOJONEGORO,SMJ,,,2025-05-20 17:41:14,42506,2016,5,NON TITO,,,JAWA TIMUR,0.8125,ORANGE,25395183,AREA 3,JATIM,LAMONGAN,TUBAN BOJONEGORO,,,0,0,0,JAWA TIMUR,BOJONEGORO,BALEN,KEDUNGBONDO,BOJONEGORO
4260793778,,ODP-SMJ-FJ/15,-7.280956,111.954239,,,1,7,0,0,8,REGIONAL 5,MADIUN,BOJONEGORO,SMJ,,,2024-03-16 23:25:10,43777,2019,11,NON TITO,,,JAWA TIMUR,0.875,ORANGE,758188917,AREA 3,JATIM,LAMONGAN,TUBAN BOJONEGORO,,,0,0,0,JAWA TIMUR,BOJONEGORO,SUGIHWARAS,BALONGREJO,BOJONEGORO
4260793783,,ODP-SMJ-FJ/09,-7.29942,111.953896,,,3,13,0,0,16,REGIONAL 5,MADIUN,BOJONEGORO,SMJ,,,2024-03-16 23:26:02,43777,2019,11,NON TITO,,,JAWA TIMUR,0.8125,ORANGE,758188923,AREA 3,JATIM,LAMONGAN,TUBAN BOJONEGORO,,,0,0,0,JAWA TIMUR,BOJONEGORO,SUGIHWARAS,GLAGAHWANGI,BOJONEGORO
408501823,,ODP-SMJ-FQ/03,-7.1816,111.992,,,1,15,0,0,16,REGIONAL 5,MADIUN,BOJONEGORO,SMJ,,,2025-05-19 18:12:46,42506,2016,5,NON TITO,,,JAWA TIMUR,0.9375,ORANGE,25469063,AREA 3,JATIM,LAMONGAN,TUBAN BOJONEGORO,,,0,0,0,JAWA TIMUR,BOJONEGORO,BALEN,KEDUNGBONDO,BOJONEGORO
4260793823,,ODP-SMJ-FJ/14,-7.279684,111.954205,,,1,7,0,0,8,REGIONAL 5,MADIUN,BOJONEGORO,SMJ,,,2024-03-16 23:25:19,43777,2019,11,NON TITO,,,JAWA TIMUR,0.875,ORANGE,758188953,AREA 3,JATIM,LAMONGAN,TUBAN BOJONEGORO,,,0,0,0,JAWA TIMUR,BOJONEGORO,SUGIHWARAS,BALONGREJO,BOJONEGORO
3712844094,,ODP-SMJ-FQ/44,-7.177919,111.99757,,,0,7,0,0,8,REGIONAL 5,MADIUN,BOJONEGORO,SMJ,,,2025-05-13 17:56:29,43657,2019,7,NON TITO,,,JAWA TIMUR,0.875,ORANGE,638193864,AREA 3,JATIM,LAMONGAN,TUBAN BOJONEGORO,,,0,0,0,JAWA TIMUR,BOJONEGORO,SUMBEREJO,SUMURAGUNG,BOJONEGORO
4260793833,,ODP-SMJ-FJ/08,-7.301459,111.954104,,,2,14,0,0,16,REGIONAL 5,MADIUN,BOJONEGORO,SMJ,,,2024-03-16 23:25:31,43777,2019,11,NON TITO,,,JAWA TIMUR,0.875,ORANGE,758188959,AREA 3,JATIM,LAMONGAN,TUBAN BOJONEGORO,,,0,0,0,JAWA TIMUR,BOJONEGORO,SUGIHWARAS,SIWALAN,BOJONEGORO
6637468725,,ODP-SMJ-FA/71,-7.197267,111.974997,,,1,7,0,0,8,REGIONAL 5,MADIUN,BOJONEGORO,SMJ,,,2024-03-16 23:28:59,44351,2021,6,NON TITO,,,JAWA TIMUR,0.875,ORANGE,888498863,AREA 3,JATIM,LAMONGAN,TUBAN BOJONEGORO,,,0,0,0,JAWA TIMUR,BOJONEGORO,BALEN,MARGOMULYO,BOJONEGORO
987047353,,ODP-BJN-FBA/10,-7.203277,111.925391,,,1,7,0,0,8,REGIONAL 5,MADIUN,BOJONEGORO,BJN,,,2024-03-16 23:27:47,42657,2016,10,NON TITO,,,JAWA TIMUR,0.875,ORANGE,36660569,AREA 3,JATIM,LAMONGAN,TUBAN BOJONEGORO,,,0,0,0,JAWA TIMUR,BOJONEGORO,SUKOSEWU,SIDODADI,BOJONEGORO
6524519073,,ODP-BJN-FL/94,-7.160049,111.871253,,,1,7,0,0,8,REGIONAL 5,MADIUN,BOJONEGORO,BJN,,,2024-03-16 23:29:08,44336,2021,5,NON TITO,,,JAWA TIMUR,0.875,ORANGE,880405268,AREA 3,JATIM,LAMONGAN,TUBAN BOJONEGORO,,,0,0,0,JAWA TIMUR,BOJONEGORO,BOJONEGORO,JETAK,BOJONEGORO
408596532,,ODP-BJN-FS/05,-7.1488,111.8886,,,1,15,0,0,16,REGIONAL 5,MADIUN,BOJONEGORO,BJN,,,2024-03-16 23:26:42,42506,2016,5,NON TITO,,,JAWA TIMUR,0.9375,ORANGE,25486546,AREA 3,JATIM,LAMONGAN,TUBAN BOJONEGORO,,,0,0,0,JAWA TIMUR,BOJONEGORO,BOJONEGORO,KARANG PACAR,BOJONEGORO
6428444481,,ODP-BJN-FBM/10,-7.260361,111.868455,,,1,7,0,0,8,REGIONAL 5,MADIUN,BOJONEGORO,BJN,,,2024-03-16 23:24:27,44319,2021,5,NON TITO,,,JAWA TIMUR,0.875,ORANGE,877923912,AREA 3,JATIM,LAMONGAN,TUBAN BOJONEGORO,,,0,0,0,JAWA TIMUR,BOJONEGORO,DANDER,SUMBERARUM,BOJONEGORO
6372944568,,ODP-BJN-FH/71,-7.14105,111.897326,,,1,7,0,0,8,REGIONAL 5,MADIUN,BOJONEGORO,BJN,,,2024-03-16 23:26:47,44315,2021,4,NON TITO,,,JAWA TIMUR,0.875,ORANGE,877170518,AREA 3,JATIM,LAMONGAN,TUBAN BOJONEGORO,,,0,0,0,JAWA TIMUR,BOJONEGORO,BOJONEGORO,BANJAREJO,BOJONEGORO
4312468628,,ODP-SMJ-FK/05,-7.222227,112.094274,,,1,7,0,0,8,REGIONAL 5,MADIUN,BOJONEGORO,SMJ,,,2024-03-16 23:25:07,43788,2019,11,NON TITO,,,JAWA TIMUR,0.875,ORANGE,787181220,AREA 3,JATIM,LAMONGAN,TUBAN BOJONEGORO,,,0,0,0,JAWA TIMUR,BOJONEGORO,KEPOH BARU,SIDOMUKTI,BOJONEGORO
6407443646,,ODP-BJN-FAG/31,-7.198452,111.936849,,,1,7,0,0,8,REGIONAL 5,MADIUN,BOJONEGORO,BJN,,,2024-03-16 23:21:25,44313,2021,4,NON TITO,,,JAWA TIMUR,0.875,ORANGE,875752717,AREA 3,JATIM,LAMONGAN,TUBAN BOJONEGORO,,,0,0,0,JAWA TIMUR,BOJONEGORO,BALEN,KABUNAN,BOJONEGORO
6838318673,,ODP-KDU-FB/24,-7.187274,111.759371,,,3,13,0,0,16,REGIONAL 5,MADIUN,BOJONEGORO,KDU,,,2024-03-16 23:28:51,44365,2021,6,NON TITO,,,JAWA TIMUR,0.8125,ORANGE,906421932,AREA 3,JATIM,LAMONGAN,TUBAN BOJONEGORO,,,0,0,0,JAWA TIMUR,BOJONEGORO,NGASEM,BARENG,BOJONEGORO
12108644311,,ODP-PAZ-FG/04,-7.257111,111.707726,,,1,7,0,0,8,REGIONAL 5,MADIUN,BOJONEGORO,PAD,,,2025-04-19 17:58:18,45765,2025,4,NON TITO,,,JAWA TIMUR,0.875,ORANGE,1497341315,AREA 3,JATIM,LAMONGAN,TUBAN BOJONEGORO,,,0,0,0,JAWA TIMUR,BOJONEGORO,TAMBAKREJO,DOLOKGEDE,BOJONEGORO
12107143676,,ODP-SMJ-FK/54,-7.225174,112.088806,,,1,7,0,0,8,REGIONAL 5,MADIUN,BOJONEGORO,SMJ,,,2025-04-15 17:53:41,45761,2025,4,NON TITO,,,JAWA TIMUR,0.875,ORANGE,1496644324,AREA 3,JATIM,LAMONGAN,TUBAN BOJONEGORO,,,0,0,0,JAWA TIMUR,BOJONEGORO,KEPOH BARU,KEPOH,BOJONEGORO
12086443647,,ODP-KDU-FF/63,-7.124256,111.709452,,,1,7,0,0,8,REGIONAL 5,MADIUN,BOJONEGORO,KDU,,,2025-03-19 06:03:03,45734,2025,3,NON TITO,,,JAWA TIMUR,0.875,ORANGE,1496345267,AREA 3,JATIM,LAMONGAN,TUBAN BOJONEGORO,,,0,0,0,JAWA TIMUR,BOJONEGORO,MALO,NGUJUNG,BOJONEGORO
5814944178,,ODP-SMJ-FL/20,-7.104213,112.045938,,,1,7,0,0,8,REGIONAL 5,MADIUN,BOJONEGORO,SMJ,,,2024-03-16 23:29:06,44190,2020,12,NON TITO,,,JAWA TIMUR,0.875,ORANGE,858567130,AREA 3,JATIM,LAMONGAN,TUBAN BOJONEGORO,,,0,0,0,JAWA TIMUR,BOJONEGORO,KANOR,TEMU,BOJONEGORO
5032693691,,ODP-BJN-FL/88,-7.172252,111.869586,,,1,7,0,0,8,REGIONAL 5,MADIUN,BOJONEGORO,BJN,,,2024-03-16 23:27:09,43986,2020,6,NON TITO,,,JAWA TIMUR,0.875,ORANGE,830400949,AREA 3,JATIM,LAMONGAN,TUBAN BOJONEGORO,,,0,0,0,JAWA TIMUR,BOJONEGORO,BOJONEGORO,PACUL,BOJONEGORO
408594130,,ODP-BJN-FE/01,-7.1711,111.8957,,,1,15,0,0,16,REGIONAL 5,MADIUN,BOJONEGORO,BJN,,,2024-03-16 23:26:03,42506,2016,5,NON TITO,,,JAWA TIMUR,0.9375,ORANGE,25485045,AREA 3,JATIM,LAMONGAN,TUBAN BOJONEGORO,,,0,0,0,JAWA TIMUR,BOJONEGORO,KAPAS,WEDI,BOJONEGORO
408595253,,ODP-BJN-FW/06,-7.1527,111.888,,,1,15,0,0,16,REGIONAL 5,MADIUN,BOJONEGORO,BJN,,,2024-03-16 23:25:31,42506,2016,5,NON TITO,,,JAWA TIMUR,0.9375,ORANGE,25485761,AREA 3,JATIM,LAMONGAN,TUBAN BOJONEGORO,,,0,0,0,JAWA TIMUR,BOJONEGORO,BOJONEGORO,KARANG PACAR,BOJONEGORO
5794022937,,ODP-BJN-FP/91,-7.175531,111.879717,,,0,7,0,0,8,REGIONAL 5,MADIUN,BOJONEGORO,BJN,,,2024-03-16 23:22:24,44190,2020,12,NON TITO,,,JAWA TIMUR,0.875,ORANGE,858566330,AREA 3,JATIM,LAMONGAN,TUBAN BOJONEGORO,,,0,0,0,JAWA TIMUR,BOJONEGORO,BOJONEGORO,PACUL,BOJONEGORO
5150818944,,ODP-KDU-FE/14,-7.143202,111.831447,,,1,7,0,0,8,REGIONAL 5,MADIUN,BOJONEGORO,KDU,,,2024-03-16 23:27:09,44016,2020,7,NON TITO,,,JAWA TIMUR,0.875,ORANGE,831037762,AREA 3,JATIM,LAMONGAN,TUBAN BOJONEGORO,,,0,0,0,JAWA TIMUR,BOJONEGORO,KALITIDU,LERAN,BOJONEGORO
1018695266,,ODP-BJN-FS/08,-7.1495,111.888827,,,1,15,0,0,16,REGIONAL 5,MADIUN,BOJONEGORO,BJN,,,2024-03-16 23:23:09,42670,2016,10,NON TITO,,,JAWA TIMUR,0.9375,ORANGE,37016961,AREA 3,JATIM,LAMONGAN,TUBAN BOJONEGORO,,,0,0,0,JAWA TIMUR,BOJONEGORO,BOJONEGORO,KARANG PACAR,BOJONEGORO
408594255,,ODP-SMJ-FA/06,-7.1904,111.9678,,,1,7,0,0,8,REGIONAL 5,MADIUN,BOJONEGORO,SMJ,,,2024-03-16 23:26:10,42506,2016,5,NON TITO,,,JAWA TIMUR,0.875,ORANGE,25485124,AREA 3,JATIM,LAMONGAN,TUBAN BOJONEGORO,,,0,0,0,JAWA TIMUR,BOJONEGORO,BALEN,BALENREJO,BOJONEGORO
5273669183,,ODP-SMJ-FL/11,-7.142751,112.034035,,,1,7,0,0,8,REGIONAL 5,MADIUN,BOJONEGORO,SMJ,,,2024-03-16 23:28:23,44041,2020,7,NON TITO,,,JAWA TIMUR,0.875,ORANGE,833598281,AREA 3,JATIM,LAMONGAN,TUBAN BOJONEGORO,,,0,0,0,JAWA TIMUR,BOJONEGORO,KANOR,BAKUNG,BOJONEGORO
5326543600,,ODP-SMJ-FL/12,-7.13259,112.050683,,,1,7,0,0,8,REGIONAL 5,MADIUN,BOJONEGORO,SMJ,,,2024-03-16 23:25:29,44061,2020,8,NON TITO,,,JAWA TIMUR,0.875,ORANGE,835698016,AREA 3,JATIM,LAMONGAN,TUBAN BOJONEGORO,,,0,0,0,JAWA TIMUR,BOJONEGORO,KANOR,BUNGUR,BOJONEGORO
5308844072,,ODP-KDU-FC/20,-7.137048,111.804944,,,1,7,0,0,8,REGIONAL 5,MADIUN,BOJONEGORO,KDU,,,2024-03-16 23:22:05,44061,2020,8,NON TITO,,,JAWA TIMUR,0.875,ORANGE,835698176,AREA 3,JATIM,LAMONGAN,TUBAN BOJONEGORO,,,0,0,0,JAWA TIMUR,BOJONEGORO,KALITIDU,MOJOSARI,BOJONEGORO
5335244358,,ODP-PAZ-FD/36,-7.240815,111.540962,,,1,7,0,0,8,REGIONAL 5,MADIUN,BOJONEGORO,PAD,,,2024-03-16 23:23:21,44064,2020,8,NON TITO,,,JAWA TIMUR,0.875,ORANGE,836220152,AREA 3,JATIM,LAMONGAN,TUBAN BOJONEGORO,,,0,0,0,JAWA TIMUR,BOJONEGORO,NGRAHO,KALIREJO,BOJONEGORO
5816669657,,ODP-BJN-FBB/06,-7.256596,111.927814,,,1,7,0,0,8,REGIONAL 5,MADIUN,BOJONEGORO,BJN,,,2024-03-16 23:25:32,44190,2020,12,NON TITO,,,JAWA TIMUR,0.875,ORANGE,858561753,AREA 3,JATIM,LAMONGAN,TUBAN BOJONEGORO,,,0,0,0,JAWA TIMUR,BOJONEGORO,SUKOSEWU,KLEPEK,BOJONEGORO
5355269279,,ODP-BJN-FAG/25,-7.187425,111.945738,,,1,7,0,0,8,REGIONAL 5,MADIUN,BOJONEGORO,BJN,,,2024-03-16 23:21:49,44074,2020,8,NON TITO,,,JAWA TIMUR,0.875,ORANGE,840421647,AREA 3,JATIM,LAMONGAN,TUBAN BOJONEGORO,,,0,0,0,JAWA TIMUR,BOJONEGORO,BALEN,SOBONTORO,BOJONEGORO
5815018567,,ODP-BJN-FBL/16,-7.308876,111.90039,,,1,7,0,0,8,REGIONAL 5,MADIUN,BOJONEGORO,BJN,,,2024-03-16 23:23:05,44187,2020,12,NON TITO,,,JAWA TIMUR,0.875,ORANGE,858518057,AREA 3,JATIM,LAMONGAN,TUBAN BOJONEGORO,,,0,0,0,JAWA TIMUR,BOJONEGORO,TEMAYANG,JONO,BOJONEGORO
5815018562,,ODP-BJN-FBL/21,-7.316332,111.901176,,,1,7,0,0,8,REGIONAL 5,MADIUN,BOJONEGORO,BJN,,,2024-03-16 23:23:35,44187,2020,12,NON TITO,,,JAWA TIMUR,0.875,ORANGE,858518054,AREA 3,JATIM,LAMONGAN,TUBAN BOJONEGORO,,,0,0,0,JAWA TIMUR,BOJONEGORO,TEMAYANG,JONO,BOJONEGORO
5591520514,,ODP-SMJ-FB/37,-7.158445,112.038745,,,1,7,0,0,8,REGIONAL 5,MADIUN,BOJONEGORO,SMJ,,,2024-03-16 23:25:55,44127,2020,10,NON TITO,,,JAWA TIMUR,0.875,ORANGE,855747953,AREA 3,JATIM,LAMONGAN,TUBAN BOJONEGORO,,,0,0,0,JAWA TIMUR,BOJONEGORO,KANOR,NGLARANGAN,BOJONEGORO
1026796079,,ODP-BJN-FR/05,-7.147225,111.889469,,,1,7,0,0,8,REGIONAL 5,MADIUN,BOJONEGORO,BJN,,,2024-03-16 23:24:48,42672,2016,10,NON TITO,,,JAWA TIMUR,0.875,ORANGE,37183202,AREA 3,JATIM,LAMONGAN,TUBAN BOJONEGORO,,,0,0,0,JAWA TIMUR,BOJONEGORO,BOJONEGORO,KARANG PACAR,BOJONEGORO
5650018773,,ODP-KDU-FD/17,-7.130251,111.776411,,,1,7,0,0,8,REGIONAL 5,MADIUN,BOJONEGORO,KDU,,,2024-03-16 23:28:30,44141,2020,11,NON TITO,,,JAWA TIMUR,0.875,ORANGE,856371775,AREA 3,JATIM,LAMONGAN,TUBAN BOJONEGORO,,,0,0,0,JAWA TIMUR,BOJONEGORO,KALITIDU,PANJUNAN,BOJONEGORO
5656093549,,ODP-BJN-FAG/27,-7.196556,111.942154,,,1,7,0,0,8,REGIONAL 5,MADIUN,BOJONEGORO,BJN,,,2024-03-16 23:24:43,44142,2020,11,NON TITO,,,JAWA TIMUR,0.875,ORANGE,856373782,AREA 3,JATIM,LAMONGAN,TUBAN BOJONEGORO,,,0,0,0,JAWA TIMUR,BOJONEGORO,BALEN,KABUNAN,BOJONEGORO
5795369005,,ODP-PAZ-FL/06,-7.17605,111.604798,,,1,7,0,0,8,REGIONAL 5,MADIUN,BOJONEGORO,PAD,,,2024-03-16 23:23:49,44185,2020,12,NON TITO,,,JAWA TIMUR,0.875,ORANGE,858322868,AREA 3,JATIM,LAMONGAN,TUBAN BOJONEGORO,,,0,0,0,JAWA TIMUR,BOJONEGORO,PADANGAN,CENDONO,BOJONEGORO
5795369000,,ODP-PAZ-FL/04,-7.183223,111.600019,,,1,7,0,0,8,REGIONAL 5,MADIUN,BOJONEGORO,PAD,,,2024-03-16 23:23:25,44185,2020,12,NON TITO,,,JAWA TIMUR,0.875,ORANGE,858322865,AREA 3,JATIM,LAMONGAN,TUBAN BOJONEGORO,,,0,0,0,JAWA TIMUR,BOJONEGORO,PADANGAN,PURWOREJO,BOJONEGORO
5795368995,,ODP-PAZ-FL/08,-7.171913,111.60728,,,1,7,0,0,8,REGIONAL 5,MADIUN,BOJONEGORO,PAD,,,2024-03-16 23:23:33,44185,2020,12,NON TITO,,,JAWA TIMUR,0.875,ORANGE,858322862,AREA 3,JATIM,LAMONGAN,TUBAN BOJONEGORO,,,0,0,0,JAWA TIMUR,BOJONEGORO,PADANGAN,CENDONO,BOJONEGORO
5795368978,,ODP-PAZ-FL/02,-7.189563,111.595484,,,1,7,0,0,8,REGIONAL 5,MADIUN,BOJONEGORO,PAD,,,2024-03-16 23:23:35,44185,2020,12,NON TITO,,,JAWA TIMUR,0.875,ORANGE,858322852,AREA 3,JATIM,LAMONGAN,TUBAN BOJONEGORO,,,0,0,0,JAWA TIMUR,BOJONEGORO,PADANGAN,PURWOREJO,BOJONEGORO
408594574,,ODP-BJN-FV/03,-7.1538,111.8916,,,1,7,0,0,8,REGIONAL 5,MADIUN,BOJONEGORO,BJN,,,2024-03-16 23:26:26,42506,2016,5,NON TITO,,,JAWA TIMUR,0.875,ORANGE,25485330,AREA 3,JATIM,LAMONGAN,TUBAN BOJONEGORO,,,0,0,0,JAWA TIMUR,BOJONEGORO,BOJONEGORO,NGROWO,BOJONEGORO
5670870991,,ODP-BJN-FJ/89,-7.148266,111.876702,,,2,14,0,0,16,REGIONAL 5,MADIUN,BOJONEGORO,BJN,,,2024-03-16 23:26:42,44153,2020,11,NON TITO,,,JAWA TIMUR,0.875,ORANGE,856811018,AREA 3,JATIM,LAMONGAN,TUBAN BOJONEGORO,,,0,0,0,JAWA TIMUR,BOJONEGORO,BOJONEGORO,KAUMAN,BOJONEGORO
12058468914,,ODP-BJN-FJ/110,-7.140067,111.871552,,,1,7,0,0,8,REGIONAL 5,MADIUN,BOJONEGORO,BJN,,,2025-02-20 17:49:09,45707,2025,2,NON TITO,,,JAWA TIMUR,0.875,ORANGE,1496109342,AREA 3,JATIM,LAMONGAN,TUBAN BOJONEGORO,,,0,0,0,JAWA TIMUR,BOJONEGORO,TRUCUK,TRUCUK,BOJONEGORO
5711368899,,ODP-BJN-FP/83,-7.155406,111.875229,,,1,7,0,0,8,REGIONAL 5,MADIUN,BOJONEGORO,BJN,,,2024-03-16 23:23:49,44160,2020,11,NON TITO,,,JAWA TIMUR,0.875,ORANGE,857119197,AREA 3,JATIM,LAMONGAN,TUBAN BOJONEGORO,,,0,0,0,JAWA TIMUR,BOJONEGORO,BOJONEGORO,KLANGON,BOJONEGORO
4995193997,,ODP-BJN-FM/58,-7.167275,111.876474,,,0,7,1,0,8,REGIONAL 5,MADIUN,BOJONEGORO,BJN,,,2024-03-16 23:26:50,43972,2020,5,NON TITO,,,JAWA TIMUR,0.875,ORANGE,830170617,AREA 3,JATIM,LAMONGAN,TUBAN BOJONEGORO,,,0,0,0,JAWA TIMUR,BOJONEGORO,BOJONEGORO,SUMBANG,BOJONEGORO
4688368770,,ODP-BJN-FBL/09,-7.334287,111.914258,,,1,7,0,0,8,REGIONAL 5,MADIUN,BOJONEGORO,BJN,,,2024-03-16 23:26:53,43890,2020,2,NON TITO,,,JAWA TIMUR,0.875,ORANGE,823844239,AREA 3,JATIM,LAMONGAN,TUBAN BOJONEGORO,,,0,0,0,JAWA TIMUR,BOJONEGORO,TEMAYANG,PAPRINGAN,BOJONEGORO
1007000322,,ODP-BJN-FP/29,-7.158159,111.878113,,,1,7,0,0,8,REGIONAL 5,MADIUN,BOJONEGORO,BJN,,,2024-03-16 23:22:05,42668,2016,10,NON TITO,,,JAWA TIMUR,0.875,ORANGE,36778588,AREA 3,JATIM,LAMONGAN,TUBAN BOJONEGORO,,,0,0,0,JAWA TIMUR,BOJONEGORO,BOJONEGORO,SUMBANG,BOJONEGORO
5808870125,,ODP-BJN-FBM/07,-7.259234,111.874165,,,1,7,0,0,8,REGIONAL 5,MADIUN,BOJONEGORO,BJN,,,2024-03-16 23:25:15,44194,2020,12,NON TITO,,,JAWA TIMUR,0.875,ORANGE,858760945,AREA 3,JATIM,LAMONGAN,TUBAN BOJONEGORO,,,0,0,0,JAWA TIMUR,BOJONEGORO,DANDER,SUMBERARUM,BOJONEGORO
12022249031,,ODP-KDU-FF/58,-7.10206,111.712018,,,1,7,0,0,8,REGIONAL 5,MADIUN,BOJONEGORO,KDU,,,2024-12-31 17:33:00,45656,2024,12,NON TITO,,,JAWA TIMUR,0.875,ORANGE,1495654925,AREA 3,JATIM,LAMONGAN,TUBAN BOJONEGORO,,,0,0,0,JAWA TIMUR,BOJONEGORO,MALO,TINAWUN,BOJONEGORO
5948968553,,ODP-BJN-FBJ/64,-7.237502,111.846962,,,1,7,0,0,8,REGIONAL 5,MADIUN,BOJONEGORO,BJN,,,2024-03-16 23:24:54,44225,2021,1,NON TITO,,,JAWA TIMUR,0.875,ORANGE,861047388,AREA 3,JATIM,LAMONGAN,TUBAN BOJONEGORO,,,0,0,0,JAWA TIMUR,BOJONEGORO,DANDER,DANDER,BOJONEGORO
5883869289,,ODP-BJN-FBN/05,-7.091216,111.852381,,,1,15,0,0,16,REGIONAL 5,MADIUN,BOJONEGORO,BJN,,,2024-03-16 23:24:47,44209,2021,1,NON TITO,,,JAWA TIMUR,0.9375,ORANGE,859881983,AREA 3,JATIM,LAMONGAN,TUBAN BOJONEGORO,,,0,0,0,JAWA TIMUR,TUBAN,PARENGAN,SUCIHARJO,BOJONEGORO
4781368640,,ODP-BJN-FBK/09,-7.245776,111.762323,,,1,7,0,0,8,REGIONAL 5,MADIUN,BOJONEGORO,BJN,,,2024-03-16 23:24:51,43920,2020,3,NON TITO,,,JAWA TIMUR,0.875,ORANGE,827620085,AREA 3,JATIM,LAMONGAN,TUBAN BOJONEGORO,,,0,0,0,JAWA TIMUR,BOJONEGORO,NGASEM,NGASEM,BOJONEGORO
4787370657,,ODP-SMJ-FH/16,-7.199263,112.047713,,,1,7,0,0,8,REGIONAL 5,MADIUN,BOJONEGORO,SMJ,,,2024-03-16 23:27:22,43924,2020,4,NON TITO,,,JAWA TIMUR,0.875,ORANGE,827658088,AREA 3,JATIM,LAMONGAN,TUBAN BOJONEGORO,,,0,0,0,JAWA TIMUR,BOJONEGORO,SUMBEREJO,WOTAN,BOJONEGORO
4787668608,,ODP-PAZ-FD/31,-7.223322,111.561581,,,1,7,0,0,8,REGIONAL 5,MADIUN,BOJONEGORO,PAD,,,2024-03-16 23:27:13,43924,2020,4,NON TITO,,,JAWA TIMUR,0.875,ORANGE,827658942,AREA 3,JATIM,LAMONGAN,TUBAN BOJONEGORO,,,0,0,0,JAWA TIMUR,BOJONEGORO,NGRAHO,SUMBERARUM,BOJONEGORO
4787668613,,ODP-PAZ-FD/30,-7.225812,111.558132,,,0,7,1,0,8,REGIONAL 5,MADIUN,BOJONEGORO,PAD,,,2024-03-16 23:27:59,43924,2020,4,NON TITO,,,JAWA TIMUR,0.875,ORANGE,827658945,AREA 3,JATIM,LAMONGAN,TUBAN BOJONEGORO,,,0,0,0,JAWA TIMUR,BOJONEGORO,NGRAHO,SUMBERARUM,BOJONEGORO
5840523899,,ODP-SMJ-FE/35,-7.305965,112.046487,,,1,7,0,0,8,REGIONAL 5,MADIUN,BOJONEGORO,SMJ,,,2024-03-16 23:21:19,44208,2021,1,NON TITO,,,JAWA TIMUR,0.875,ORANGE,859871723,AREA 3,JATIM,LAMONGAN,TUBAN BOJONEGORO,,,0,0,0,JAWA TIMUR,BOJONEGORO,KEDUNGADEM,KEDUNGADEM,BOJONEGORO
4803868776,,ODP-PAZ-FC/62,-7.163597,111.612063,,,1,7,0,0,8,REGIONAL 5,MADIUN,BOJONEGORO,PAD,,,2024-03-16 23:25:08,43925,2020,4,NON TITO,,,JAWA TIMUR,0.875,ORANGE,827667645,AREA 3,JATIM,LAMONGAN,TUBAN BOJONEGORO,,,0,0,0,JAWA TIMUR,BOJONEGORO,PADANGAN,PADANGAN,BOJONEGORO
408595412,,ODP-BJN-FJ/05,-7.1467,111.879,,,3,13,0,0,16,REGIONAL 5,MADIUN,BOJONEGORO,BJN,,,2024-03-16 23:26:25,42506,2016,5,NON TITO,,,JAWA TIMUR,0.8125,ORANGE,25485858,AREA 3,JATIM,LAMONGAN,TUBAN BOJONEGORO,,,0,0,0,JAWA TIMUR,BOJONEGORO,BOJONEGORO,KAUMAN,BOJONEGORO
4802368563,,ODP-BJN-FJ/23,-7.143553,111.872599,,,1,7,0,0,8,REGIONAL 5,MADIUN,BOJONEGORO,BJN,,,2024-03-16 23:26:46,43926,2020,4,NON TITO,,,JAWA TIMUR,0.875,ORANGE,827827194,AREA 3,JATIM,LAMONGAN,TUBAN BOJONEGORO,,,0,0,0,JAWA TIMUR,BOJONEGORO,TRUCUK,TRUCUK,BOJONEGORO
5840523884,,ODP-SMJ-FE/36,-7.285144,112.048382,,,1,7,0,0,8,REGIONAL 5,MADIUN,BOJONEGORO,SMJ,,,2024-03-16 23:21:44,44208,2021,1,NON TITO,,,JAWA TIMUR,0.875,ORANGE,859871713,AREA 3,JATIM,LAMONGAN,TUBAN BOJONEGORO,,,0,0,0,JAWA TIMUR,BOJONEGORO,KEDUNGADEM,DROKILO,BOJONEGORO
4855621807,,ODP-BJN-FBK/10,-7.241948,111.763638,,,1,7,0,0,8,REGIONAL 5,MADIUN,BOJONEGORO,BJN,,,2024-03-16 23:27:24,43943,2020,4,NON TITO,,,JAWA TIMUR,0.875,ORANGE,828264679,AREA 3,JATIM,LAMONGAN,TUBAN BOJONEGORO,,,0,0,0,JAWA TIMUR,BOJONEGORO,NGASEM,DUKOHKIDUL,BOJONEGORO
408595379,,ODP-BJN-FL/03,-7.1598,111.871,,,1,15,0,0,16,REGIONAL 5,MADIUN,BOJONEGORO,BJN,,,2024-03-16 23:26:21,42506,2016,5,NON TITO,,,JAWA TIMUR,0.9375,ORANGE,25485836,AREA 3,JATIM,LAMONGAN,TUBAN BOJONEGORO,,,0,0,0,JAWA TIMUR,BOJONEGORO,BOJONEGORO,JETAK,BOJONEGORO
5840523874,,ODP-SMJ-FE/34,-7.310815,112.046152,,,1,7,0,0,8,REGIONAL 5,MADIUN,BOJONEGORO,SMJ,,,2024-03-16 23:22:01,44208,2021,1,NON TITO,,,JAWA TIMUR,0.875,ORANGE,859871707,AREA 3,JATIM,LAMONGAN,TUBAN BOJONEGORO,,,0,0,0,JAWA TIMUR,BOJONEGORO,KEDUNGADEM,TUMBRASANOM,BOJONEGORO
4873768630,,ODP-BJN-FL/87,-7.176554,111.876768,,,1,7,0,0,8,REGIONAL 5,MADIUN,BOJONEGORO,BJN,,,2024-03-16 23:28:55,43945,2020,4,NON TITO,,,JAWA TIMUR,0.875,ORANGE,828383902,AREA 3,JATIM,LAMONGAN,TUBAN BOJONEGORO,,,0,0,0,JAWA TIMUR,BOJONEGORO,BOJONEGORO,PACUL,BOJONEGORO
4874443634,,ODP-SMJ-FK/13,-7.219368,112.090703,,,1,7,0,0,8,REGIONAL 5,MADIUN,BOJONEGORO,SMJ,,,2024-03-16 23:25:00,43945,2020,4,NON TITO,,,JAWA TIMUR,0.875,ORANGE,828423913,AREA 3,JATIM,LAMONGAN,TUBAN BOJONEGORO,,,0,0,0,JAWA TIMUR,BOJONEGORO,KEPOH BARU,KEPOH,BOJONEGORO
408594043,,ODP-SMJ-FC/01,-7.1068,112.022,,,0,9,0,0,10,REGIONAL 5,MADIUN,BOJONEGORO,SMJ,,,2024-03-16 23:26:10,42506,2016,5,NON TITO,,,JAWA TIMUR,0.9,ORANGE,25484988,AREA 3,JATIM,LAMONGAN,TUBAN BOJONEGORO,,,0,0,0,JAWA TIMUR,BOJONEGORO,KANOR,TAMBAHREJO,BOJONEGORO
4893119279,,ODP-BJN-FAG/20,-7.209251,111.924769,,,0,15,1,0,16,REGIONAL 5,MADIUN,BOJONEGORO,BJN,,,2024-03-16 23:27:11,43948,2020,4,NON TITO,,,JAWA TIMUR,0.9375,ORANGE,828509478,AREA 3,JATIM,LAMONGAN,TUBAN BOJONEGORO,,,0,0,0,JAWA TIMUR,BOJONEGORO,SUKOSEWU,SIDODADI,BOJONEGORO
5849368627,,ODP-SMJ-FK/18,-7.19901,112.094552,,,1,7,0,0,8,REGIONAL 5,MADIUN,BOJONEGORO,SMJ,,,2024-03-16 23:22:41,44200,2021,1,NON TITO,,,JAWA TIMUR,0.875,ORANGE,859112626,AREA 3,JATIM,LAMONGAN,TUBAN BOJONEGORO,,,0,0,0,JAWA TIMUR,BOJONEGORO,KEPOH BARU,BRANGKAL,BOJONEGORO
12020079918,,ODP-BJN-FH/86,-7.144467,111.887214,,,1,15,0,0,16,REGIONAL 5,MADIUN,BOJONEGORO,BJN,,,2025-01-14 23:40:12,45671,2025,1,NON TITO,,,JAWA TIMUR,0.9375,ORANGE,1495607330,AREA 3,JATIM,LAMONGAN,TUBAN BOJONEGORO,,,0,0,0,JAWA TIMUR,BOJONEGORO,BOJONEGORO,BANJAREJO,BOJONEGORO
5849368612,,ODP-SMJ-FK/16,-7.130667,112.105433,,,1,7,0,0,8,REGIONAL 5,MADIUN,BOJONEGORO,SMJ,,,2024-03-16 23:22:37,44200,2021,1,NON TITO,,,JAWA TIMUR,0.875,ORANGE,859112616,AREA 3,JATIM,LAMONGAN,TUBAN BOJONEGORO,,,0,0,0,JAWA TIMUR,BOJONEGORO,BAURENO,PASINAN,BOJONEGORO
4895599033,,ODP-SMJ-FL/01,-7.143923,112.038026,,,2,14,0,0,16,REGIONAL 5,MADIUN,BOJONEGORO,SMJ,,,2024-03-16 23:24:52,43956,2020,5,NON TITO,,,JAWA TIMUR,0.875,ORANGE,828590270,AREA 3,JATIM,LAMONGAN,TUBAN BOJONEGORO,,,0,0,0,JAWA TIMUR,BOJONEGORO,KANOR,BAKUNG,BOJONEGORO
4895599038,,ODP-SMJ-FL/05,-7.12308,112.043203,,,3,13,0,0,16,REGIONAL 5,MADIUN,BOJONEGORO,SMJ,,,2024-03-16 23:24:48,43956,2020,5,NON TITO,,,JAWA TIMUR,0.8125,ORANGE,828590273,AREA 3,JATIM,LAMONGAN,TUBAN BOJONEGORO,,,0,0,0,JAWA TIMUR,BOJONEGORO,KANOR,SIMOREJO,BOJONEGORO
5825593600,,ODP-SMJ-FL/13,-7.13264,112.052382,,,1,7,0,0,8,REGIONAL 5,MADIUN,BOJONEGORO,SMJ,,,2024-03-16 23:22:58,44194,2020,12,NON TITO,,,JAWA TIMUR,0.875,ORANGE,858764274,AREA 3,JATIM,LAMONGAN,TUBAN BOJONEGORO,,,0,0,0,JAWA TIMUR,BOJONEGORO,BAURENO,DRAJAT,BOJONEGORO
5828368597,,ODP-SMJ-FL/17,-7.116565,112.046788,,,1,7,0,0,8,REGIONAL 5,MADIUN,BOJONEGORO,SMJ,,,2024-03-16 23:27:59,44194,2020,12,NON TITO,,,JAWA TIMUR,0.875,ORANGE,858764259,AREA 3,JATIM,LAMONGAN,TUBAN BOJONEGORO,,,0,0,0,JAWA TIMUR,BOJONEGORO,KANOR,SIMOREJO,BOJONEGORO
4895599058,,ODP-SMJ-FL/07,-7.115328,112.044824,,,1,7,0,0,8,REGIONAL 5,MADIUN,BOJONEGORO,SMJ,,,2024-03-16 23:25:17,43956,2020,5,NON TITO,,,JAWA TIMUR,0.875,ORANGE,828590285,AREA 3,JATIM,LAMONGAN,TUBAN BOJONEGORO,,,0,0,0,JAWA TIMUR,BOJONEGORO,KANOR,SIMOREJO,BOJONEGORO
5828368588,,ODP-SMJ-FL/14,-7.13161,112.042813,,,1,7,0,0,8,REGIONAL 5,MADIUN,BOJONEGORO,SMJ,,,2024-03-16 23:28:27,44194,2020,12,NON TITO,,,JAWA TIMUR,0.875,ORANGE,858764253,AREA 3,JATIM,LAMONGAN,TUBAN BOJONEGORO,,,0,0,0,JAWA TIMUR,BOJONEGORO,KANOR,BUNGUR,BOJONEGORO
12024055370,,ODP-SMJ-FD/49,-7.18143,112.024727,,,1,7,0,0,8,REGIONAL 5,MADIUN,BOJONEGORO,SMJ,,,2025-01-21 17:44:45,45677,2025,1,NON TITO,,,JAWA TIMUR,0.875,ORANGE,1495843438,AREA 3,JATIM,LAMONGAN,TUBAN BOJONEGORO,,,0,0,0,JAWA TIMUR,BOJONEGORO,SUMBEREJO,JATIGEDE,BOJONEGORO
408595337,,ODP-BJN-FC/03,-7.1418,111.9029,,,1,7,0,0,8,REGIONAL 5,MADIUN,BOJONEGORO,BJN,,,2024-03-16 23:26:25,42506,2016,5,NON TITO,,,JAWA TIMUR,0.875,ORANGE,25485811,AREA 3,JATIM,LAMONGAN,TUBAN BOJONEGORO,,,0,0,0,JAWA TIMUR,BOJONEGORO,BOJONEGORO,CAMPURJO,BOJONEGORO
6872593643,,ODP-PAZ-FM/02,-7.239694,111.706106,,,1,7,0,0,8,REGIONAL 5,MADIUN,BOJONEGORO,PAD,,,2024-03-16 23:26:08,44369,2021,6,NON TITO,,,JAWA TIMUR,0.875,ORANGE,907395121,AREA 3,JATIM,LAMONGAN,TUBAN BOJONEGORO,,,0,0,0,JAWA TIMUR,BOJONEGORO,PURWOSARI,PELEM,BOJONEGORO
3993962135,,ODP-PAZ-FC/59,-7.110178,111.622667,,,1,7,0,0,8,REGIONAL 5,MADIUN,BOJONEGORO,PAD,,,2024-03-16 23:26:50,43740,2019,10,NON TITO,,,JAWA TIMUR,0.875,ORANGE,675091887,AREA 3,JATIM,LAMONGAN,TUBAN BOJONEGORO,,,0,0,0,JAWA TIMUR,BOJONEGORO,KASIMAN,KASIMAN,BOJONEGORO
3993945561,,ODP-SMJ-FC/07,-7.116429,112.027363,,,1,7,0,0,8,REGIONAL 5,MADIUN,BOJONEGORO,SMJ,,,2024-03-16 23:23:54,43734,2019,9,NON TITO,,,JAWA TIMUR,0.875,ORANGE,663626568,AREA 3,JATIM,LAMONGAN,TUBAN BOJONEGORO,,,0,0,0,JAWA TIMUR,BOJONEGORO,KANOR,SUMBERWANGI,BOJONEGORO
6455069338,,ODP-SMJ-FS/32,-7.175736,112.005949,,,1,7,0,0,8,REGIONAL 5,MADIUN,BOJONEGORO,SMJ,,,2024-12-17 17:31:48,44327,2021,5,NON TITO,,,JAWA TIMUR,0.875,ORANGE,879119682,AREA 3,JATIM,LAMONGAN,TUBAN BOJONEGORO,,,0,0,0,JAWA TIMUR,BOJONEGORO,SUMBEREJO,SUMBERREJO,BOJONEGORO
3191218722,,ODP-PAZ-FD/18,-7.254065,111.528811,,,1,7,0,0,8,REGIONAL 5,MADIUN,BOJONEGORO,PAD,,,2024-03-16 23:26:47,43451,2018,12,NON TITO,,,JAWA TIMUR,0.875,ORANGE,407265669,AREA 3,JATIM,LAMONGAN,TUBAN BOJONEGORO,,,0,0,0,JAWA TIMUR,BOJONEGORO,NGRAHO,BLIMBING GEDE,BOJONEGORO
8024518987,,ODP-BJN-FX/84,-7.159856,111.898351,,,2,14,0,0,16,REGIONAL 5,MADIUN,BOJONEGORO,BJN,,,2024-03-16 23:29:03,44504,2021,11,NON TITO,,,JAWA TIMUR,0.875,ORANGE,1093099674,AREA 3,JATIM,LAMONGAN,TUBAN BOJONEGORO,,,0,0,0,JAWA TIMUR,BOJONEGORO,BOJONEGORO,NGROWO,BOJONEGORO
7969168733,,ODP-PAZ-FQ/01,-7.243288,111.72771,,,2,14,0,0,16,REGIONAL 5,MADIUN,BOJONEGORO,PAD,,,2024-03-16 23:28:11,44495,2021,10,NON TITO,,,JAWA TIMUR,0.875,ORANGE,1088070507,AREA 3,JATIM,LAMONGAN,TUBAN BOJONEGORO,,,0,0,0,JAWA TIMUR,BOJONEGORO,NGASEM,BANDUNGREJO,BOJONEGORO
3191219446,,ODP-PAZ-FD/23,-7.233307,111.548451,,,1,7,0,0,8,REGIONAL 5,MADIUN,BOJONEGORO,PAD,,,2024-03-16 23:28:15,43451,2018,12,NON TITO,,,JAWA TIMUR,0.875,ORANGE,407265914,AREA 3,JATIM,LAMONGAN,TUBAN BOJONEGORO,,,0,0,0,JAWA TIMUR,BOJONEGORO,NGRAHO,TANGGUNGAN,BOJONEGORO
3191218867,,ODP-PAZ-FD/22,-7.235562,111.546006,,,3,13,0,0,16,REGIONAL 5,MADIUN,BOJONEGORO,PAD,,,2024-03-16 23:27:47,43451,2018,12,NON TITO,,,JAWA TIMUR,0.8125,ORANGE,407340007,AREA 3,JATIM,LAMONGAN,TUBAN BOJONEGORO,,,0,0,0,JAWA TIMUR,BOJONEGORO,NGRAHO,TANGGUNGAN,BOJONEGORO
408523763,,ODP-KDU-FA/04,-7.1299,111.7658,,,0,15,1,0,16,REGIONAL 5,MADIUN,BOJONEGORO,KDU,,,2024-03-16 23:24:51,42506,2016,5,NON TITO,,,JAWA TIMUR,0.9375,ORANGE,25413026,AREA 3,JATIM,LAMONGAN,TUBAN BOJONEGORO,,,0,0,0,JAWA TIMUR,BOJONEGORO,KALITIDU,KALITIDU,BOJONEGORO
3191219157,,ODP-PAZ-FD/15,-7.266052,111.52608,,,1,7,0,0,8,REGIONAL 5,MADIUN,BOJONEGORO,PAD,,,2024-03-16 23:28:06,43451,2018,12,NON TITO,,,JAWA TIMUR,0.875,ORANGE,407340101,AREA 3,JATIM,LAMONGAN,TUBAN BOJONEGORO,,,0,0,0,JAWA TIMUR,BOJONEGORO,MARGOMULYO,GENENG,BOJONEGORO
7807246917,,ODP-PAZ-FK/10,-7.146507,111.600608,,,1,7,0,0,8,REGIONAL 5,MADIUN,BOJONEGORO,PAD,,,2024-03-16 23:25:16,44475,2021,10,NON TITO,,,JAWA TIMUR,0.875,ORANGE,1068809511,AREA 3,JATIM,LAMONGAN,TUBAN BOJONEGORO,,,0,0,0,JAWA TIMUR,BOJONEGORO,PADANGAN,DENGOK,BOJONEGORO
408523856,,ODP-BJN-FP/07,-7.1628,111.884,,,1,15,0,0,16,REGIONAL 5,MADIUN,BOJONEGORO,BJN,,,2024-03-16 23:24:47,42506,2016,5,NON TITO,,,JAWA TIMUR,0.9375,ORANGE,25413095,AREA 3,JATIM,LAMONGAN,TUBAN BOJONEGORO,,,0,0,0,JAWA TIMUR,BOJONEGORO,BOJONEGORO,SUKOREJO,BOJONEGORO
3208693611,,ODP-BJN-FD/52,-7.166255,111.87797,,,1,7,0,0,8,REGIONAL 5,MADIUN,BOJONEGORO,BJN,,,2024-03-16 23:24:17,43458,2018,12,NON TITO,,,JAWA TIMUR,0.875,ORANGE,407423930,AREA 3,JATIM,LAMONGAN,TUBAN BOJONEGORO,,,0,0,0,JAWA TIMUR,BOJONEGORO,BOJONEGORO,SUMBANG,BOJONEGORO
7799744667,,ODP-BJN-FX/82,-7.158072,111.906498,,,0,7,0,0,8,REGIONAL 5,MADIUN,BOJONEGORO,BJN,,,2024-03-16 23:24:44,44475,2021,10,NON TITO,,,JAWA TIMUR,0.875,ORANGE,1068808261,AREA 3,JATIM,LAMONGAN,TUBAN BOJONEGORO,,,0,0,0,JAWA TIMUR,BOJONEGORO,KAPAS,NGAMPEL,BOJONEGORO
408523873,,ODP-PAZ-FA/17,-7.1567,111.6234,,,2,14,0,0,16,REGIONAL 5,MADIUN,BOJONEGORO,PAD,,,2024-03-16 23:24:46,42506,2016,5,NON TITO,,,JAWA TIMUR,0.875,ORANGE,25413107,AREA 3,JATIM,LAMONGAN,TUBAN BOJONEGORO,,,0,0,0,JAWA TIMUR,BOJONEGORO,PADANGAN,KUNCEN,BOJONEGORO
949696759,,ODP-BJN-FU/40,-7.223497,111.858447,,,2,14,0,0,16,REGIONAL 5,MADIUN,BOJONEGORO,BJN,,,2024-03-16 23:23:56,42641,2016,9,NON TITO,,,JAWA TIMUR,0.875,ORANGE,36063208,AREA 3,JATIM,LAMONGAN,TUBAN BOJONEGORO,,,0,0,0,JAWA TIMUR,BOJONEGORO,DANDER,MOJORANU,BOJONEGORO
7690093528,,ODP-BJN-FBN/33,-7.106444,111.867585,,,1,7,0,0,8,REGIONAL 5,MADIUN,BOJONEGORO,BJN,,,2024-03-16 23:23:19,44457,2021,9,NON TITO,,,JAWA TIMUR,0.875,ORANGE,1051264752,AREA 3,JATIM,LAMONGAN,TUBAN BOJONEGORO,,,0,0,0,JAWA TIMUR,TUBAN,PARENGAN,SUCIHARJO,BOJONEGORO
7655593696,,ODP-BJN-FBB/13,-7.269993,111.91722,,,1,7,0,0,8,REGIONAL 5,MADIUN,BOJONEGORO,BJN,,,2024-03-16 23:26:44,44454,2021,9,NON TITO,,,JAWA TIMUR,0.875,ORANGE,1050425252,AREA 3,JATIM,LAMONGAN,TUBAN BOJONEGORO,,,0,0,0,JAWA TIMUR,BOJONEGORO,SUKOSEWU,KALICILIK,BOJONEGORO
3223168877,,ODP-BJN-FBJ/05,-7.219139,111.874589,,,1,15,0,0,16,REGIONAL 5,MADIUN,BOJONEGORO,BJN,,,2024-03-16 23:24:21,43469,2019,1,NON TITO,,,JAWA TIMUR,0.9375,ORANGE,423843111,AREA 3,JATIM,LAMONGAN,TUBAN BOJONEGORO,,,0,0,0,JAWA TIMUR,BOJONEGORO,KAPAS,BENDO,BOJONEGORO
3223168987,,ODP-BJN-FBJ/03,-7.226729,111.868926,,,1,15,0,0,16,REGIONAL 5,MADIUN,BOJONEGORO,BJN,,,2024-03-16 23:24:35,43469,2019,1,NON TITO,,,JAWA TIMUR,0.9375,ORANGE,423843431,AREA 3,JATIM,LAMONGAN,TUBAN BOJONEGORO,,,0,0,0,JAWA TIMUR,BOJONEGORO,DANDER,NGRASEH,BOJONEGORO
7597619758,,ODP-PAZ-FK/09,-7.155434,111.614214,,,1,7,0,0,8,REGIONAL 5,MADIUN,BOJONEGORO,PAD,,,2024-03-16 23:25:06,44448,2021,9,NON TITO,,,JAWA TIMUR,0.875,ORANGE,1035295363,AREA 3,JATIM,LAMONGAN,TUBAN BOJONEGORO,,,0,0,0,JAWA TIMUR,BOJONEGORO,PADANGAN,PADANGAN,BOJONEGORO
408523981,,ODP-BJN-FC/06,-7.1445,111.9019,,,3,13,0,0,16,REGIONAL 5,MADIUN,BOJONEGORO,BJN,,,2024-03-16 23:24:49,42506,2016,5,NON TITO,,,JAWA TIMUR,0.8125,ORANGE,25413189,AREA 3,JATIM,LAMONGAN,TUBAN BOJONEGORO,,,0,0,0,JAWA TIMUR,BOJONEGORO,BOJONEGORO,CAMPURJO,BOJONEGORO
3223169203,,ODP-BJN-FBJ/01,-7.237979,111.86814,,,3,13,0,0,16,REGIONAL 5,MADIUN,BOJONEGORO,BJN,,,2024-03-16 23:24:41,43469,2019,1,NON TITO,,,JAWA TIMUR,0.8125,ORANGE,423843628,AREA 3,JATIM,LAMONGAN,TUBAN BOJONEGORO,,,0,0,0,JAWA TIMUR,BOJONEGORO,DANDER,NGRASEH,BOJONEGORO
3223168766,,ODP-BJN-FBJ/09,-7.218469,111.86897,,,1,15,0,0,16,REGIONAL 5,MADIUN,BOJONEGORO,BJN,,,2024-03-16 23:24:21,43469,2019,1,NON TITO,,,JAWA TIMUR,0.9375,ORANGE,424665339,AREA 3,JATIM,LAMONGAN,TUBAN BOJONEGORO,,,0,0,0,JAWA TIMUR,BOJONEGORO,DANDER,MOJORANU,BOJONEGORO
7577743729,,ODP-BJN-FE/96,-7.193381,111.892424,,,1,7,0,0,8,REGIONAL 5,MADIUN,BOJONEGORO,BJN,,,2024-03-16 23:26:08,44446,2021,9,NON TITO,,,JAWA TIMUR,0.875,ORANGE,1035275101,AREA 3,JATIM,LAMONGAN,TUBAN BOJONEGORO,,,0,0,0,JAWA TIMUR,BOJONEGORO,KAPAS,WEDI,BOJONEGORO
3223168882,,ODP-BJN-FBJ/02,-7.23453,111.868373,,,1,15,0,0,16,REGIONAL 5,MADIUN,BOJONEGORO,BJN,,,2024-03-16 23:24:55,43469,2019,1,NON TITO,,,JAWA TIMUR,0.9375,ORANGE,424665436,AREA 3,JATIM,LAMONGAN,TUBAN BOJONEGORO,,,0,0,0,JAWA TIMUR,BOJONEGORO,DANDER,NGRASEH,BOJONEGORO
408508002,,ODP-BJN-FA/05,-7.1484,111.879,,,1,15,0,0,16,REGIONAL 5,MADIUN,BOJONEGORO,BJN,,,2024-03-16 23:28:09,42506,2016,5,NON TITO,,,JAWA TIMUR,0.9375,ORANGE,25475135,AREA 3,JATIM,LAMONGAN,TUBAN BOJONEGORO,,,0,0,0,JAWA TIMUR,BOJONEGORO,BOJONEGORO,KAUMAN,BOJONEGORO
3223169198,,ODP-BJN-FBJ/19,-7.222614,111.86034,,,1,7,0,0,8,REGIONAL 5,MADIUN,BOJONEGORO,BJN,,,2024-03-16 23:24:45,43469,2019,1,NON TITO,,,JAWA TIMUR,0.875,ORANGE,424665979,AREA 3,JATIM,LAMONGAN,TUBAN BOJONEGORO,,,0,0,0,JAWA TIMUR,BOJONEGORO,DANDER,MOJORANU,BOJONEGORO
1345789343,,ODP-SMJ-FS/27,-7.177841,111.998085,,,1,7,0,0,8,REGIONAL 5,MADIUN,BOJONEGORO,SMJ,,,2024-12-19 17:47:30,42832,2017,4,NON TITO,,,JAWA TIMUR,0.875,ORANGE,81198296,AREA 3,JATIM,LAMONGAN,TUBAN BOJONEGORO,,,0,0,0,JAWA TIMUR,BOJONEGORO,SUMBEREJO,SUMURAGUNG,BOJONEGORO
7442518570,,ODP-PAZ-FK/08,-7.153831,111.611624,,,1,7,0,0,8,REGIONAL 5,MADIUN,BOJONEGORO,PAD,,,2024-03-16 23:24:20,44428,2021,8,NON TITO,,,JAWA TIMUR,0.875,ORANGE,1015921164,AREA 3,JATIM,LAMONGAN,TUBAN BOJONEGORO,,,0,0,0,JAWA TIMUR,BOJONEGORO,PADANGAN,PADANGAN,BOJONEGORO
3215295411,,ODP-SMJ-FE/27,-7.302302,112.046766,,,1,7,0,0,8,REGIONAL 5,MADIUN,BOJONEGORO,SMJ,,,2024-03-16 23:28:38,43479,2019,1,NON TITO,,,JAWA TIMUR,0.875,ORANGE,448970675,AREA 3,JATIM,LAMONGAN,TUBAN BOJONEGORO,,,0,0,0,JAWA TIMUR,BOJONEGORO,KEDUNGADEM,KEDUNGADEM,BOJONEGORO
8089468545,,ODP-BJN-FBA/46,-7.193456,111.922979,,,1,7,0,0,8,REGIONAL 5,MADIUN,BOJONEGORO,BJN,,,2024-03-16 23:22:48,44512,2021,11,NON TITO,,,JAWA TIMUR,0.875,ORANGE,1114871117,AREA 3,JATIM,LAMONGAN,TUBAN BOJONEGORO,,,0,0,0,JAWA TIMUR,BOJONEGORO,KAPAS,PLESUNGAN,BOJONEGORO
3215295547,,ODP-SMJ-FE/10,-7.302519,112.045839,,,1,7,0,0,8,REGIONAL 5,MADIUN,BOJONEGORO,SMJ,,,2024-03-16 23:28:39,43479,2019,1,NON TITO,,,JAWA TIMUR,0.875,ORANGE,448970817,AREA 3,JATIM,LAMONGAN,TUBAN BOJONEGORO,,,0,0,0,JAWA TIMUR,BOJONEGORO,KEDUNGADEM,KEDUNGADEM,BOJONEGORO
8086393765,,ODP-SMJ-FL/27,-7.11934,112.044027,,,1,7,0,0,8,REGIONAL 5,MADIUN,BOJONEGORO,SMJ,,,2024-03-16 23:24:12,44512,2021,11,NON TITO,,,JAWA TIMUR,0.875,ORANGE,1114872589,AREA 3,JATIM,LAMONGAN,TUBAN BOJONEGORO,,,0,0,0,JAWA TIMUR,BOJONEGORO,KANOR,SIMOREJO,BOJONEGORO
8086393844,,ODP-BJN-FE/106,-7.172146,111.898754,,,1,7,0,0,8,REGIONAL 5,MADIUN,BOJONEGORO,BJN,,,2024-03-16 23:24:03,44512,2021,11,NON TITO,,,JAWA TIMUR,0.875,ORANGE,1114872931,AREA 3,JATIM,LAMONGAN,TUBAN BOJONEGORO,,,0,0,0,JAWA TIMUR,BOJONEGORO,KAPAS,KALIANYAR,BOJONEGORO
3152970664,,ODP-BJN-FM/36,-7.166314,111.874487,,,1,7,0,0,8,REGIONAL 5,MADIUN,BOJONEGORO,BJN,,,2024-03-16 23:28:40,43438,2018,12,NON TITO,,,JAWA TIMUR,0.875,ORANGE,406842297,AREA 3,JATIM,LAMONGAN,TUBAN BOJONEGORO,,,0,0,0,JAWA TIMUR,BOJONEGORO,BOJONEGORO,SUMBANG,BOJONEGORO
3152970714,,ODP-BJN-FM/41,-7.165436,111.87391,,,1,7,0,0,8,REGIONAL 5,MADIUN,BOJONEGORO,BJN,,,2024-03-16 23:28:40,43438,2018,12,NON TITO,,,JAWA TIMUR,0.875,ORANGE,406842335,AREA 3,JATIM,LAMONGAN,TUBAN BOJONEGORO,,,0,0,0,JAWA TIMUR,BOJONEGORO,BOJONEGORO,SUMBANG,BOJONEGORO
3152970717,,ODP-BJN-FM/49,-7.165011,111.875555,,,1,7,0,0,8,REGIONAL 5,MADIUN,BOJONEGORO,BJN,,,2024-03-16 23:28:35,43438,2018,12,NON TITO,,,JAWA TIMUR,0.875,ORANGE,406842338,AREA 3,JATIM,LAMONGAN,TUBAN BOJONEGORO,,,0,0,0,JAWA TIMUR,BOJONEGORO,BOJONEGORO,SUMBANG,BOJONEGORO
8238043695,,ODP-BJN-FU/88,-7.198184,111.861516,,,1,7,0,0,8,REGIONAL 5,MADIUN,BOJONEGORO,BJN,,,2024-03-16 23:29:19,44536,2021,12,NON TITO,,,JAWA TIMUR,0.875,ORANGE,1161723426,AREA 3,JATIM,LAMONGAN,TUBAN BOJONEGORO,,,0,0,0,JAWA TIMUR,BOJONEGORO,DANDER,NGUMPAK DALEM,BOJONEGORO
949696352,,ODP-BJN-FU/38,-7.198457,111.862966,,,1,7,0,0,8,REGIONAL 5,MADIUN,BOJONEGORO,BJN,,,2024-03-16 23:22:47,42641,2016,9,NON TITO,,,JAWA TIMUR,0.875,ORANGE,36063095,AREA 3,JATIM,LAMONGAN,TUBAN BOJONEGORO,,,0,0,0,JAWA TIMUR,BOJONEGORO,DANDER,NGUMPAK DALEM,BOJONEGORO
3152970834,,ODP-BJN-FM/46,-7.164947,111.874997,,,1,7,0,0,8,REGIONAL 5,MADIUN,BOJONEGORO,BJN,,,2024-03-16 23:28:24,43438,2018,12,NON TITO,,,JAWA TIMUR,0.875,ORANGE,406842424,AREA 3,JATIM,LAMONGAN,TUBAN BOJONEGORO,,,0,0,0,JAWA TIMUR,BOJONEGORO,BOJONEGORO,SUMBANG,BOJONEGORO
624043843,,ODP-BJN-FD/29,-7.166622,111.879158,,,2,14,0,0,16,REGIONAL 5,MADIUN,BOJONEGORO,BJN,,,2024-03-16 23:23:48,42516,2016,5,NON TITO,,,JAWA TIMUR,0.875,ORANGE,33519681,AREA 3,JATIM,LAMONGAN,TUBAN BOJONEGORO,,,0,0,0,JAWA TIMUR,BOJONEGORO,BOJONEGORO,SUMBANG,BOJONEGORO
3157319464,,ODP-BJN-FAG/12,-7.1924,111.928714,,,1,7,0,0,8,REGIONAL 5,MADIUN,BOJONEGORO,BJN,,,2024-03-16 23:26:54,43440,2018,12,NON TITO,,,JAWA TIMUR,0.875,ORANGE,406970183,AREA 3,JATIM,LAMONGAN,TUBAN BOJONEGORO,,,0,0,0,JAWA TIMUR,BOJONEGORO,KAPAS,KAPAS,BOJONEGORO
408523458,,ODP-BJN-FW/03,-7.1573,111.8887,,,2,14,0,0,16,REGIONAL 5,MADIUN,BOJONEGORO,BJN,,,2024-03-16 23:24:14,42506,2016,5,NON TITO,,,JAWA TIMUR,0.875,ORANGE,25412817,AREA 3,JATIM,LAMONGAN,TUBAN BOJONEGORO,,,0,0,0,JAWA TIMUR,BOJONEGORO,BOJONEGORO,MOJO KAMPUNG,BOJONEGORO
3157319633,,ODP-BJN-FAG/11,-7.190523,111.928653,,,0,7,0,0,8,REGIONAL 5,MADIUN,BOJONEGORO,BJN,,,2024-03-16 23:26:52,43440,2018,12,NON TITO,,,JAWA TIMUR,0.875,ORANGE,406970355,AREA 3,JATIM,LAMONGAN,TUBAN BOJONEGORO,,,0,0,0,JAWA TIMUR,BOJONEGORO,KAPAS,PLESUNGAN,BOJONEGORO
3155894741,,ODP-KDU-FE/05,-7.145592,111.831439,,,2,14,0,0,16,REGIONAL 5,MADIUN,BOJONEGORO,KDU,,,2024-03-16 23:23:01,43441,2018,12,NON TITO,,,JAWA TIMUR,0.875,ORANGE,406975499,AREA 3,JATIM,LAMONGAN,TUBAN BOJONEGORO,,,0,0,0,JAWA TIMUR,BOJONEGORO,KALITIDU,LERAN,BOJONEGORO
3155894851,,ODP-KDU-FE/06,-7.146884,111.829561,,,1,7,0,0,8,REGIONAL 5,MADIUN,BOJONEGORO,KDU,,,2024-03-16 23:23:07,43441,2018,12,NON TITO,,,JAWA TIMUR,0.875,ORANGE,406975532,AREA 3,JATIM,LAMONGAN,TUBAN BOJONEGORO,,,0,0,0,JAWA TIMUR,BOJONEGORO,KALITIDU,LERAN,BOJONEGORO
8189743588,,ODP-BJN-FBN/35,-7.107209,111.894779,,,0,7,0,0,8,REGIONAL 5,MADIUN,BOJONEGORO,BJN,,,2024-03-16 23:22:36,44525,2021,11,NON TITO,,,JAWA TIMUR,0.875,ORANGE,1136597750,AREA 3,JATIM,LAMONGAN,TUBAN BOJONEGORO,,,0,0,0,JAWA TIMUR,TUBAN,PARENGAN,MOJOMALANG,BOJONEGORO
8189743583,,ODP-BJN-FBN/36,-7.106844,111.89326,,,1,7,0,0,8,REGIONAL 5,MADIUN,BOJONEGORO,BJN,,,2024-03-16 23:22:30,44525,2021,11,NON TITO,,,JAWA TIMUR,0.875,ORANGE,1136597747,AREA 3,JATIM,LAMONGAN,TUBAN BOJONEGORO,,,0,0,0,JAWA TIMUR,TUBAN,PARENGAN,MOJOMALANG,BOJONEGORO
3156869030,,ODP-KDU-FD/09,-7.13114,111.771132,,,1,7,0,0,8,REGIONAL 5,MADIUN,BOJONEGORO,KDU,,,2024-03-16 23:28:56,43441,2018,12,NON TITO,,,JAWA TIMUR,0.875,ORANGE,406975679,AREA 3,JATIM,LAMONGAN,TUBAN BOJONEGORO,,,0,0,0,JAWA TIMUR,BOJONEGORO,KALITIDU,PANJUNAN,BOJONEGORO
949696461,,ODP-BJN-FU/46,-7.202403,111.866978,,,1,15,0,0,16,REGIONAL 5,MADIUN,BOJONEGORO,BJN,,,2024-03-16 23:23:57,42641,2016,9,NON TITO,,,JAWA TIMUR,0.9375,ORANGE,36063123,AREA 3,JATIM,LAMONGAN,TUBAN BOJONEGORO,,,0,0,0,JAWA TIMUR,BOJONEGORO,DANDER,NGUMPAK DALEM,BOJONEGORO
3171868587,,ODP-KDU-FA/58,-7.129093,111.762656,,,1,15,0,0,16,REGIONAL 5,MADIUN,BOJONEGORO,KDU,,,2024-03-16 23:29:03,43443,2018,12,NON TITO,,,JAWA TIMUR,0.9375,ORANGE,407043709,AREA 3,JATIM,LAMONGAN,TUBAN BOJONEGORO,,,0,0,0,JAWA TIMUR,BOJONEGORO,KALITIDU,KALITIDU,BOJONEGORO
3171868622,,ODP-KDU-FA/53,-7.12907,111.754266,,,1,7,0,0,8,REGIONAL 5,MADIUN,BOJONEGORO,KDU,,,2024-03-16 23:29:03,43443,2018,12,NON TITO,,,JAWA TIMUR,0.875,ORANGE,407043721,AREA 3,JATIM,LAMONGAN,TUBAN BOJONEGORO,,,0,0,0,JAWA TIMUR,BOJONEGORO,KALITIDU,BRENGGOLO,BOJONEGORO
8089169008,,ODP-PAZ-FD/41,-7.247345,111.534915,,,1,7,0,0,8,REGIONAL 5,MADIUN,BOJONEGORO,PAD,,,2024-03-16 23:22:06,44515,2021,11,NON TITO,,,JAWA TIMUR,0.875,ORANGE,1114884025,AREA 3,JATIM,LAMONGAN,TUBAN BOJONEGORO,,,0,0,0,JAWA TIMUR,BOJONEGORO,NGRAHO,KALIREJO,BOJONEGORO
3175172871,,ODP-KDU-FB/10,-7.173015,111.759115,,,1,7,0,0,8,REGIONAL 5,MADIUN,BOJONEGORO,KDU,,,2024-03-16 23:27:25,43445,2018,12,NON TITO,,,JAWA TIMUR,0.875,ORANGE,407056989,AREA 3,JATIM,LAMONGAN,TUBAN BOJONEGORO,,,0,0,0,JAWA TIMUR,BOJONEGORO,NGASEM,JAMPET,BOJONEGORO
8086469123,,ODP-PAZ-FN/03,-7.291982,111.724383,,,1,7,0,0,8,REGIONAL 5,MADIUN,BOJONEGORO,PAD,,,2024-03-16 23:26:29,44512,2021,11,NON TITO,,,JAWA TIMUR,0.875,ORANGE,1114873034,AREA 3,JATIM,LAMONGAN,TUBAN BOJONEGORO,,,0,0,0,JAWA TIMUR,BOJONEGORO,NGAMBON,NGAMBON,BOJONEGORO
1053389948,,ODP-BJN-FR/09,-7.144865,111.896351,,,1,7,0,0,8,REGIONAL 5,MADIUN,BOJONEGORO,BJN,,,2024-03-16 23:26:22,42692,2016,11,NON TITO,,,JAWA TIMUR,0.875,ORANGE,38491543,AREA 3,JATIM,LAMONGAN,TUBAN BOJONEGORO,,,0,0,0,JAWA TIMUR,BOJONEGORO,BOJONEGORO,KARANG PACAR,BOJONEGORO
3175172668,,ODP-KDU-FA/45,-7.133097,111.764529,,,1,7,0,0,8,REGIONAL 5,MADIUN,BOJONEGORO,KDU,,,2024-03-16 23:28:27,43445,2018,12,NON TITO,,,JAWA TIMUR,0.875,ORANGE,407126094,AREA 3,JATIM,LAMONGAN,TUBAN BOJONEGORO,,,0,0,0,JAWA TIMUR,BOJONEGORO,KALITIDU,KALITIDU,BOJONEGORO
8086469103,,ODP-PAZ-FN/04,-7.289417,111.724908,,,1,7,0,0,8,REGIONAL 5,MADIUN,BOJONEGORO,PAD,,,2024-03-16 23:26:26,44512,2021,11,NON TITO,,,JAWA TIMUR,0.875,ORANGE,1114873016,AREA 3,JATIM,LAMONGAN,TUBAN BOJONEGORO,,,0,0,0,JAWA TIMUR,BOJONEGORO,NGAMBON,NGAMBON,BOJONEGORO
3175172701,,ODP-KDU-FB/12,-7.170443,111.759395,,,1,7,0,0,8,REGIONAL 5,MADIUN,BOJONEGORO,KDU,,,2024-03-16 23:28:16,43445,2018,12,NON TITO,,,JAWA TIMUR,0.875,ORANGE,407126114,AREA 3,JATIM,LAMONGAN,TUBAN BOJONEGORO,,,0,0,0,JAWA TIMUR,BOJONEGORO,NGASEM,JAMPET,BOJONEGORO
949696673,,ODP-BJN-FU/33,-7.194608,111.868437,,,1,7,0,0,8,REGIONAL 5,MADIUN,BOJONEGORO,BJN,,,2024-03-16 23:24:02,42641,2016,9,NON TITO,,,JAWA TIMUR,0.875,ORANGE,36063173,AREA 3,JATIM,LAMONGAN,TUBAN BOJONEGORO,,,0,0,0,JAWA TIMUR,BOJONEGORO,DANDER,NGUMPAK DALEM,BOJONEGORO
3175172711,,ODP-KDU-FA/50,-7.130729,111.765641,,,1,7,0,0,8,REGIONAL 5,MADIUN,BOJONEGORO,KDU,,,2024-03-16 23:28:27,43445,2018,12,NON TITO,,,JAWA TIMUR,0.875,ORANGE,407126120,AREA 3,JATIM,LAMONGAN,TUBAN BOJONEGORO,,,0,0,0,JAWA TIMUR,BOJONEGORO,KALITIDU,KALITIDU,BOJONEGORO
8086393884,,ODP-BJN-FE/99,-7.177525,111.897324,,,2,14,0,0,16,REGIONAL 5,MADIUN,BOJONEGORO,BJN,,,2024-03-16 23:24:00,44512,2021,11,NON TITO,,,JAWA TIMUR,0.875,ORANGE,1114872958,AREA 3,JATIM,LAMONGAN,TUBAN BOJONEGORO,,,0,0,0,JAWA TIMUR,BOJONEGORO,KAPAS,KALIANYAR,BOJONEGORO
3175172786,,ODP-KDU-FA/44,-7.141526,111.76412,,,1,7,0,0,8,REGIONAL 5,MADIUN,BOJONEGORO,KDU,,,2024-03-16 23:28:14,43445,2018,12,NON TITO,,,JAWA TIMUR,0.875,ORANGE,407126171,AREA 3,JATIM,LAMONGAN,TUBAN BOJONEGORO,,,0,0,0,JAWA TIMUR,BOJONEGORO,KALITIDU,WOTAN NGARE,BOJONEGORO
8086243689,,ODP-BJN-FN/71,-7.153094,111.878117,,,1,15,0,0,16,REGIONAL 5,MADIUN,BOJONEGORO,BJN,,,2024-03-16 23:27:13,44512,2021,11,NON TITO,,,JAWA TIMUR,0.9375,ORANGE,1114872805,AREA 3,JATIM,LAMONGAN,TUBAN BOJONEGORO,,,0,0,0,JAWA TIMUR,BOJONEGORO,BOJONEGORO,KLANGON,BOJONEGORO
3215295020,,ODP-SMJ-FE/07,-7.300812,112.043206,,,1,7,0,0,8,REGIONAL 5,MADIUN,BOJONEGORO,SMJ,,,2024-03-16 23:28:59,43479,2019,1,NON TITO,,,JAWA TIMUR,0.875,ORANGE,451514706,AREA 3,JATIM,LAMONGAN,TUBAN BOJONEGORO,,,0,0,0,JAWA TIMUR,BOJONEGORO,KEDUNGADEM,KEDUNGADEM,BOJONEGORO
3215295110,,ODP-SMJ-FF/04,-7.266754,112.046761,,,1,7,0,0,8,REGIONAL 5,MADIUN,BOJONEGORO,SMJ,,,2024-03-16 23:29:00,43479,2019,1,NON TITO,,,JAWA TIMUR,0.875,ORANGE,451587353,AREA 3,JATIM,LAMONGAN,TUBAN BOJONEGORO,,,0,0,0,JAWA TIMUR,BOJONEGORO,KEDUNGADEM,SIDOMULYO,BOJONEGORO
1039996940,,ODP-BJN-FT/14,-7.152424,111.884295,,,2,14,0,0,16,REGIONAL 5,MADIUN,BOJONEGORO,BJN,,,2024-03-16 23:21:09,42678,2016,11,NON TITO,,,JAWA TIMUR,0.875,ORANGE,37419126,AREA 3,JATIM,LAMONGAN,TUBAN BOJONEGORO,,,0,0,0,JAWA TIMUR,BOJONEGORO,BOJONEGORO,KARANG PACAR,BOJONEGORO
949697111,,ODP-BJN-FU/45,-7.202997,111.867058,,,2,14,0,0,16,REGIONAL 5,MADIUN,BOJONEGORO,BJN,,,2024-03-16 23:24:03,42641,2016,9,NON TITO,,,JAWA TIMUR,0.875,ORANGE,36063250,AREA 3,JATIM,LAMONGAN,TUBAN BOJONEGORO,,,0,0,0,JAWA TIMUR,BOJONEGORO,DANDER,NGUMPAK DALEM,BOJONEGORO
3710594395,,ODP-BJN-FBM/23,-7.262335,111.876411,,,1,7,0,0,8,REGIONAL 5,MADIUN,BOJONEGORO,BJN,,,2024-03-16 23:22:34,43654,2019,7,NON TITO,,,JAWA TIMUR,0.875,ORANGE,638085169,AREA 3,JATIM,LAMONGAN,TUBAN BOJONEGORO,,,0,0,0,JAWA TIMUR,BOJONEGORO,DANDER,KUNCI,BOJONEGORO
6943018634,,ODP-SMJ-FK/27,-7.228866,112.087265,,,1,7,0,0,8,REGIONAL 5,MADIUN,BOJONEGORO,SMJ,,,2024-03-16 23:28:50,44376,2021,6,NON TITO,,,JAWA TIMUR,0.875,ORANGE,911823492,AREA 3,JATIM,LAMONGAN,TUBAN BOJONEGORO,,,0,0,0,JAWA TIMUR,BOJONEGORO,KEPOH BARU,KEPOH,BOJONEGORO
417972230,,ODP-BJN-FM/05,-7.166118,111.873659,,,3,13,0,0,16,REGIONAL 5,MADIUN,BOJONEGORO,BJN,,,2024-03-16 23:29:04,42507,2016,5,NON TITO,,,JAWA TIMUR,0.8125,ORANGE,26305107,AREA 3,JATIM,LAMONGAN,TUBAN BOJONEGORO,,,0,0,0,JAWA TIMUR,BOJONEGORO,BOJONEGORO,SUMBANG,BOJONEGORO
6905519196,,ODP-BJN-FAG/32,-7.205723,111.936028,,,1,7,0,0,8,REGIONAL 5,MADIUN,BOJONEGORO,BJN,,,2024-03-16 23:28:35,44372,2021,6,NON TITO,,,JAWA TIMUR,0.875,ORANGE,908449676,AREA 3,JATIM,LAMONGAN,TUBAN BOJONEGORO,,,0,0,0,JAWA TIMUR,BOJONEGORO,BALEN,KABUNAN,BOJONEGORO
3709694105,,ODP-PAZ-FC/54,-7.156774,111.617733,,,1,7,0,0,8,REGIONAL 5,MADIUN,BOJONEGORO,PAD,,,2024-03-16 23:26:17,43655,2019,7,NON TITO,,,JAWA TIMUR,0.875,ORANGE,638091114,AREA 3,JATIM,LAMONGAN,TUBAN BOJONEGORO,,,0,0,0,JAWA TIMUR,BOJONEGORO,PADANGAN,PADANGAN,BOJONEGORO
3723493661,,ODP-KDU-FE/11,-7.143098,111.823749,,,1,7,0,0,8,REGIONAL 5,MADIUN,BOJONEGORO,KDU,,,2024-03-16 23:29:03,43660,2019,7,NON TITO,,,JAWA TIMUR,0.875,ORANGE,638276056,AREA 3,JATIM,LAMONGAN,TUBAN BOJONEGORO,,,0,0,0,JAWA TIMUR,BOJONEGORO,KALITIDU,LERAN,BOJONEGORO
987047313,,ODP-BJN-FBA/04,-7.198561,111.934669,,,1,7,0,0,8,REGIONAL 5,MADIUN,BOJONEGORO,BJN,,,2024-03-16 23:27:00,42657,2016,10,NON TITO,,,JAWA TIMUR,0.875,ORANGE,36660545,AREA 3,JATIM,LAMONGAN,TUBAN BOJONEGORO,,,0,0,0,JAWA TIMUR,BOJONEGORO,KAPAS,KAPAS,BOJONEGORO
3723493616,,ODP-KDU-FC/17,-7.143849,111.809969,,,1,7,0,0,8,REGIONAL 5,MADIUN,BOJONEGORO,KDU,,,2024-03-16 23:28:24,43660,2019,7,NON TITO,,,JAWA TIMUR,0.875,ORANGE,638347805,AREA 3,JATIM,LAMONGAN,TUBAN BOJONEGORO,,,0,0,0,JAWA TIMUR,BOJONEGORO,KALITIDU,NGUJO,BOJONEGORO
3723493646,,ODP-KDU-FC/16,-7.146707,111.809214,,,1,7,0,0,8,REGIONAL 5,MADIUN,BOJONEGORO,KDU,,,2024-03-16 23:29:01,43660,2019,7,NON TITO,,,JAWA TIMUR,0.875,ORANGE,638347816,AREA 3,JATIM,LAMONGAN,TUBAN BOJONEGORO,,,0,0,0,JAWA TIMUR,BOJONEGORO,KALITIDU,NGUJO,BOJONEGORO
3723493656,,ODP-KDU-FE/08,-7.145612,111.820267,,,1,7,0,0,8,REGIONAL 5,MADIUN,BOJONEGORO,KDU,,,2024-03-16 23:28:08,43660,2019,7,NON TITO,,,JAWA TIMUR,0.875,ORANGE,638347820,AREA 3,JATIM,LAMONGAN,TUBAN BOJONEGORO,,,0,0,0,JAWA TIMUR,BOJONEGORO,KALITIDU,LERAN,BOJONEGORO
6905519156,,ODP-BJN-FAG/38,-7.195923,111.93322,,,1,7,0,0,8,REGIONAL 5,MADIUN,BOJONEGORO,BJN,,,2024-03-16 23:29:14,44372,2021,6,NON TITO,,,JAWA TIMUR,0.875,ORANGE,908449642,AREA 3,JATIM,LAMONGAN,TUBAN BOJONEGORO,,,0,0,0,JAWA TIMUR,BOJONEGORO,KAPAS,KAPAS,BOJONEGORO
3809143794,,ODP-BJN-FBJ/35,-7.246334,111.849644,,,1,7,0,0,8,REGIONAL 5,MADIUN,BOJONEGORO,BJN,,,2024-03-16 23:24:09,43706,2019,8,NON TITO,,,JAWA TIMUR,0.875,ORANGE,643068802,AREA 3,JATIM,LAMONGAN,TUBAN BOJONEGORO,,,0,0,0,JAWA TIMUR,BOJONEGORO,DANDER,DANDER,BOJONEGORO
3809143899,,ODP-BJN-FBJ/33,-7.249952,111.846512,,,1,7,0,0,8,REGIONAL 5,MADIUN,BOJONEGORO,BJN,,,2024-03-16 23:24:00,43706,2019,8,NON TITO,,,JAWA TIMUR,0.875,ORANGE,643068865,AREA 3,JATIM,LAMONGAN,TUBAN BOJONEGORO,,,0,0,0,JAWA TIMUR,BOJONEGORO,DANDER,DANDER,BOJONEGORO
7930318659,,ODP-SMJ-FQ/49,-7.157984,112.003198,,,1,7,0,0,8,REGIONAL 5,MADIUN,BOJONEGORO,SMJ,,,2024-12-19 17:46:39,44491,2021,10,NON TITO,,,JAWA TIMUR,0.875,ORANGE,1084402674,AREA 3,JATIM,LAMONGAN,TUBAN BOJONEGORO,,,0,0,0,JAWA TIMUR,BOJONEGORO,KANOR,TEJO,BOJONEGORO
3809144041,,ODP-BJN-FBJ/36,-7.244289,111.85137,,,3,13,0,0,16,REGIONAL 5,MADIUN,BOJONEGORO,BJN,,,2024-03-16 23:24:09,43706,2019,8,NON TITO,,,JAWA TIMUR,0.8125,ORANGE,643143273,AREA 3,JATIM,LAMONGAN,TUBAN BOJONEGORO,,,0,0,0,JAWA TIMUR,BOJONEGORO,DANDER,DANDER,BOJONEGORO
408591345,,ODP-BJN-FU/07,-7.2523,111.8489,,,2,14,0,0,16,REGIONAL 5,MADIUN,BOJONEGORO,BJN,,,2024-03-16 23:25:14,42506,2016,5,NON TITO,,,JAWA TIMUR,0.875,ORANGE,25483087,AREA 3,JATIM,LAMONGAN,TUBAN BOJONEGORO,,,0,0,0,JAWA TIMUR,BOJONEGORO,DANDER,DANDER,BOJONEGORO
6877319071,,ODP-BJN-FBK/15,-7.21905,111.76077,,,1,7,0,0,8,REGIONAL 5,MADIUN,BOJONEGORO,BJN,,,2024-03-16 23:27:41,44370,2021,6,NON TITO,,,JAWA TIMUR,0.875,ORANGE,907771821,AREA 3,JATIM,LAMONGAN,TUBAN BOJONEGORO,,,0,0,0,JAWA TIMUR,BOJONEGORO,NGASEM,NGANTRU,BOJONEGORO
408591365,,ODP-KDU-FA/01,-7.1369,111.7259,,,2,14,0,0,16,REGIONAL 5,MADIUN,BOJONEGORO,KDU,,,2024-03-16 23:25:00,42506,2016,5,NON TITO,,,JAWA TIMUR,0.875,ORANGE,25483102,AREA 3,JATIM,LAMONGAN,TUBAN BOJONEGORO,,,0,0,0,JAWA TIMUR,BOJONEGORO,KALITIDU,SUMENGKO,BOJONEGORO
6877319066,,ODP-BJN-FBK/19,-7.232421,111.762513,,,1,7,0,0,8,REGIONAL 5,MADIUN,BOJONEGORO,BJN,,,2024-03-16 23:28:27,44370,2021,6,NON TITO,,,JAWA TIMUR,0.875,ORANGE,907771809,AREA 3,JATIM,LAMONGAN,TUBAN BOJONEGORO,,,0,0,0,JAWA TIMUR,BOJONEGORO,NGASEM,DUKOHKIDUL,BOJONEGORO
3836144495,,ODP-BJN-FBM/27,-7.261385,111.878732,,,1,7,0,0,8,REGIONAL 5,MADIUN,BOJONEGORO,BJN,,,2024-03-16 23:27:38,43721,2019,9,NON TITO,,,JAWA TIMUR,0.875,ORANGE,650040962,AREA 3,JATIM,LAMONGAN,TUBAN BOJONEGORO,,,0,0,0,JAWA TIMUR,BOJONEGORO,DANDER,KUNCI,BOJONEGORO
8384443599,,ODP-SMJ-FQ/51,-7.157186,112.001588,,,1,7,0,0,8,REGIONAL 5,MADIUN,BOJONEGORO,SMJ,,,2024-12-19 17:45:45,44587,2022,1,NON TITO,,,JAWA TIMUR,0.875,ORANGE,1165127035,AREA 3,JATIM,LAMONGAN,TUBAN BOJONEGORO,,,0,0,0,JAWA TIMUR,BOJONEGORO,KANOR,TEJO,BOJONEGORO
408591448,,ODP-PAZ-FA/12,-7.1589,111.6147,,,1,15,0,0,16,REGIONAL 5,MADIUN,BOJONEGORO,PAD,,,2024-03-16 23:25:20,42506,2016,5,NON TITO,,,JAWA TIMUR,0.9375,ORANGE,25483170,AREA 3,JATIM,LAMONGAN,TUBAN BOJONEGORO,,,0,0,0,JAWA TIMUR,BOJONEGORO,PADANGAN,PADANGAN,BOJONEGORO
3831494328,,ODP-BJN-FL/81,-7.173907,111.865826,,,1,7,0,0,8,REGIONAL 5,MADIUN,BOJONEGORO,BJN,,,2024-03-16 23:27:16,43721,2019,9,NON TITO,,,JAWA TIMUR,0.875,ORANGE,650041747,AREA 3,JATIM,LAMONGAN,TUBAN BOJONEGORO,,,0,0,0,JAWA TIMUR,BOJONEGORO,BOJONEGORO,JETAK,BOJONEGORO
3834721490,,ODP-SMJ-FB/33,-7.177337,112.05754,,,1,7,0,0,8,REGIONAL 5,MADIUN,BOJONEGORO,SMJ,,,2024-03-16 23:24:27,43724,2019,9,NON TITO,,,JAWA TIMUR,0.875,ORANGE,651692556,AREA 3,JATIM,LAMONGAN,TUBAN BOJONEGORO,,,0,0,0,JAWA TIMUR,BOJONEGORO,KEPOHBARU,SUBEROTO,BOJONEGORO
6877319046,,ODP-BJN-FBK/24,-7.244614,111.762554,,,1,7,0,0,8,REGIONAL 5,MADIUN,BOJONEGORO,BJN,,,2024-03-16 23:27:12,44370,2021,6,NON TITO,,,JAWA TIMUR,0.875,ORANGE,907771784,AREA 3,JATIM,LAMONGAN,TUBAN BOJONEGORO,,,0,0,0,JAWA TIMUR,BOJONEGORO,NGASEM,DUKOHKIDUL,BOJONEGORO
3831495704,,ODP-SMJ-FA/65,-7.209937,111.957443,,,1,7,0,0,8,REGIONAL 5,MADIUN,BOJONEGORO,SMJ,,,2024-03-16 23:27:17,43726,2019,9,NON TITO,,,JAWA TIMUR,0.875,ORANGE,652296769,AREA 3,JATIM,LAMONGAN,TUBAN BOJONEGORO,,,0,0,0,JAWA TIMUR,BOJONEGORO,BALEN,KEMAMANG,BOJONEGORO
3831495679,,ODP-SMJ-FA/67,-7.209438,111.952784,,,1,7,0,0,8,REGIONAL 5,MADIUN,BOJONEGORO,SMJ,,,2024-03-16 23:28:09,43726,2019,9,NON TITO,,,JAWA TIMUR,0.875,ORANGE,657688490,AREA 3,JATIM,LAMONGAN,TUBAN BOJONEGORO,,,0,0,0,JAWA TIMUR,BOJONEGORO,BALEN,KEMAMANG,BOJONEGORO
6872593683,,ODP-PAZ-FM/05,-7.232081,111.705951,,,0,7,0,0,8,REGIONAL 5,MADIUN,BOJONEGORO,PAD,,,2024-03-16 23:26:20,44369,2021,6,NON TITO,,,JAWA TIMUR,0.875,ORANGE,907395148,AREA 3,JATIM,LAMONGAN,TUBAN BOJONEGORO,,,0,0,0,JAWA TIMUR,BOJONEGORO,PURWOSARI,PELEM,BOJONEGORO
408518497,,ODP-BJN-FBJ/93,-7.238129,111.855358,,,1,7,0,0,8,REGIONAL 5,MADIUN,BOJONEGORO,BJN,,,2025-05-27 17:42:56,42506,2016,5,NON TITO,,,JAWA TIMUR,0.875,ORANGE,25409405,AREA 3,JATIM,LAMONGAN,TUBAN BOJONEGORO,,,0,0,0,JAWA TIMUR,BOJONEGORO,DANDER,DANDER,BOJONEGORO
6943018654,,ODP-SMJ-FK/26,-7.224823,112.077727,,,1,7,0,0,8,REGIONAL 5,MADIUN,BOJONEGORO,SMJ,,,2024-03-16 23:27:56,44376,2021,6,NON TITO,,,JAWA TIMUR,0.875,ORANGE,911823505,AREA 3,JATIM,LAMONGAN,TUBAN BOJONEGORO,,,0,0,0,JAWA TIMUR,BOJONEGORO,KEPOHBARU,CENGKIR,BOJONEGORO
3710743582,,ODP-BJN-FE/80,-7.171992,111.905226,,,1,7,0,0,8,REGIONAL 5,MADIUN,BOJONEGORO,BJN,,,2024-03-16 23:25:01,43653,2019,7,NON TITO,,,JAWA TIMUR,0.875,ORANGE,638077122,AREA 3,JATIM,LAMONGAN,TUBAN BOJONEGORO,,,0,0,0,JAWA TIMUR,BOJONEGORO,KAPAS,TIKUSAN,BOJONEGORO
408518564,,ODP-BJN-FBJ/94,-7.236928,111.855968,,,1,14,0,0,16,REGIONAL 5,MADIUN,BOJONEGORO,BJN,,,2025-05-27 17:42:15,42506,2016,5,NON TITO,,,JAWA TIMUR,0.875,ORANGE,25409460,AREA 3,JATIM,LAMONGAN,TUBAN BOJONEGORO,,,0,0,0,JAWA TIMUR,BOJONEGORO,DANDER,NGRASEH,BOJONEGORO
12224144258,,ODP-PAZ-FP/30,-7.134789,111.613643,,,1,7,0,0,8,REGIONAL 5,MADIUN,BOJONEGORO,PAD,,,2025-06-24 17:45:14,45831,2025,6,NON TITO,,,JAWA TIMUR,0.875,ORANGE,1499416792,AREA 3,JATIM,LAMONGAN,TUBAN BOJONEGORO,,,0,0,0,JAWA TIMUR,BOJONEGORO,KASIMAN,NGAGLIK,BOJONEGORO
1039996394,,ODP-BJN-FT/12,-7.153381,111.886863,,,1,7,0,0,8,REGIONAL 5,MADIUN,BOJONEGORO,BJN,,,2024-03-16 23:25:31,42678,2016,11,NON TITO,,,JAWA TIMUR,0.875,ORANGE,37418951,AREA 3,JATIM,LAMONGAN,TUBAN BOJONEGORO,,,0,0,0,JAWA TIMUR,BOJONEGORO,BOJONEGORO,KARANG PACAR,BOJONEGORO
3215295196,,ODP-SMJ-FE/26,-7.302022,112.047416,,,1,7,0,0,8,REGIONAL 5,MADIUN,BOJONEGORO,SMJ,,,2024-03-16 23:28:09,43479,2019,1,NON TITO,,,JAWA TIMUR,0.875,ORANGE,451587457,AREA 3,JATIM,LAMONGAN,TUBAN BOJONEGORO,,,0,0,0,JAWA TIMUR,BOJONEGORO,KEDUNGADEM,KEDUNGADEM,BOJONEGORO
3215295206,,ODP-SMJ-FE/20,-7.312426,112.046027,,,1,7,0,0,8,REGIONAL 5,MADIUN,BOJONEGORO,SMJ,,,2024-03-16 23:28:50,43479,2019,1,NON TITO,,,JAWA TIMUR,0.875,ORANGE,451587468,AREA 3,JATIM,LAMONGAN,TUBAN BOJONEGORO,,,0,0,0,JAWA TIMUR,BOJONEGORO,KEDUNGADEM,TUMBRASANOM,BOJONEGORO
3215295286,,ODP-SMJ-FE/15,-7.286724,112.048405,,,1,7,0,0,8,REGIONAL 5,MADIUN,BOJONEGORO,SMJ,,,2024-03-16 23:29:16,43479,2019,1,NON TITO,,,JAWA TIMUR,0.875,ORANGE,451587562,AREA 3,JATIM,LAMONGAN,TUBAN BOJONEGORO,,,0,0,0,JAWA TIMUR,BOJONEGORO,KEDUNGADEM,DROKILO,BOJONEGORO
3712844089,,ODP-SMJ-FQ/30,-7.131759,112.011702,,,1,7,0,0,8,REGIONAL 5,MADIUN,BOJONEGORO,SMJ,,,2024-12-19 17:41:42,43657,2019,7,NON TITO,,,JAWA TIMUR,0.875,ORANGE,638193860,AREA 3,JATIM,LAMONGAN,TUBAN BOJONEGORO,,,0,0,0,JAWA TIMUR,BOJONEGORO,KANOR,PIYAK,BOJONEGORO
1039996126,,ODP-BJN-FT/19,-7.150983,111.886502,,,1,15,0,0,16,REGIONAL 5,MADIUN,BOJONEGORO,BJN,,,2024-03-16 23:25:29,42678,2016,11,NON TITO,,,JAWA TIMUR,0.9375,ORANGE,37418870,AREA 3,JATIM,LAMONGAN,TUBAN BOJONEGORO,,,0,0,0,JAWA TIMUR,BOJONEGORO,BOJONEGORO,KARANG PACAR,BOJONEGORO
408590372,,ODP-BJN-F10/04,-7.159206,111.89895,,,0,7,0,0,8,REGIONAL 5,MADIUN,BOJONEGORO,BJN,,,2024-03-16 23:25:06,42506,2016,5,NON TITO,,,JAWA TIMUR,0.875,ORANGE,25482280,AREA 3,JATIM,LAMONGAN,TUBAN BOJONEGORO,,,0,0,0,JAWA TIMUR,BOJONEGORO,BOJONEGORO,NGROWO,BOJONEGORO
3215295552,,ODP-SMJ-FE/18,-7.298526,112.046919,,,1,15,0,0,16,REGIONAL 5,MADIUN,BOJONEGORO,SMJ,,,2024-03-16 23:29:06,43479,2019,1,NON TITO,,,JAWA TIMUR,0.9375,ORANGE,451587863,AREA 3,JATIM,LAMONGAN,TUBAN BOJONEGORO,,,0,0,0,JAWA TIMUR,BOJONEGORO,KEDUNGADEM,KEDUNGADEM,BOJONEGORO
3341669523,,ODP-SMJ-FC/04,-7.104485,112.017592,,,1,7,0,0,8,REGIONAL 5,MADIUN,BOJONEGORO,SMJ,,,2024-03-16 23:28:07,43508,2019,2,NON TITO,,,JAWA TIMUR,0.875,ORANGE,540186195,AREA 3,JATIM,LAMONGAN,TUBAN BOJONEGORO,,,0,0,0,JAWA TIMUR,BOJONEGORO,KANOR,KANOR,BOJONEGORO
408590701,,ODP-BJN-FU/03,-7.1805,111.8647,,,0,7,1,0,8,REGIONAL 5,MADIUN,BOJONEGORO,BJN,,,2024-03-16 23:25:04,42506,2016,5,NON TITO,,,JAWA TIMUR,0.875,ORANGE,25482550,AREA 3,JATIM,LAMONGAN,TUBAN BOJONEGORO,,,0,0,0,JAWA TIMUR,BOJONEGORO,DANDER,SUMBER TLASEH,BOJONEGORO
3712844174,,ODP-SMJ-FQ/32,-7.140258,112.00695,,,1,7,0,0,8,REGIONAL 5,MADIUN,BOJONEGORO,SMJ,,,2024-12-19 17:45:26,43657,2019,7,NON TITO,,,JAWA TIMUR,0.875,ORANGE,638193971,AREA 3,JATIM,LAMONGAN,TUBAN BOJONEGORO,,,0,0,0,JAWA TIMUR,BOJONEGORO,KANOR,SIMBATAN,BOJONEGORO
7054693661,,ODP-BJN-FU/80,-7.204485,111.866894,,,1,7,0,0,8,REGIONAL 5,MADIUN,BOJONEGORO,BJN,,,2024-03-16 23:22:22,44383,2021,7,NON TITO,,,JAWA TIMUR,0.875,ORANGE,947010209,AREA 3,JATIM,LAMONGAN,TUBAN BOJONEGORO,,,0,0,0,JAWA TIMUR,BOJONEGORO,DANDER,NGUMPAK DALEM,BOJONEGORO
3710594400,,ODP-BJN-FBM/19,-7.260539,111.868962,,,1,7,0,0,8,REGIONAL 5,MADIUN,BOJONEGORO,BJN,,,2024-03-16 23:22:23,43654,2019,7,NON TITO,,,JAWA TIMUR,0.875,ORANGE,632310581,AREA 3,JATIM,LAMONGAN,TUBAN BOJONEGORO,,,0,0,0,JAWA TIMUR,BOJONEGORO,DANDER,SUMBERARUM,BOJONEGORO
3152970628,,ODP-BJN-FM/44,-7.165078,111.874302,,,1,7,0,0,8,REGIONAL 5,MADIUN,BOJONEGORO,BJN,,,2024-03-16 23:27:39,43438,2018,12,NON TITO,,,JAWA TIMUR,0.875,ORANGE,406842272,AREA 3,JATIM,LAMONGAN,TUBAN BOJONEGORO,,,0,0,0,JAWA TIMUR,BOJONEGORO,BOJONEGORO,SUMBANG,BOJONEGORO
3712844204,,ODP-SMJ-FQ/35,-7.153506,112.004193,,,1,7,0,0,8,REGIONAL 5,MADIUN,BOJONEGORO,SMJ,,,2024-12-19 17:42:07,43657,2019,7,NON TITO,,,JAWA TIMUR,0.875,ORANGE,638194015,AREA 3,JATIM,LAMONGAN,TUBAN BOJONEGORO,,,0,0,0,JAWA TIMUR,BOJONEGORO,KANOR,PESEN,BOJONEGORO
408590963,,ODP-BJN-FU/11,-7.1841,111.8651,,,2,14,0,0,16,REGIONAL 5,MADIUN,BOJONEGORO,BJN,,,2024-03-16 23:25:09,42506,2016,5,NON TITO,,,JAWA TIMUR,0.875,ORANGE,25482768,AREA 3,JATIM,LAMONGAN,TUBAN BOJONEGORO,,,0,0,0,JAWA TIMUR,BOJONEGORO,DANDER,SUMBER TLASEH,BOJONEGORO
3712918803,,ODP-BJN-FBA/42,-7.183597,111.911369,,,1,7,0,0,8,REGIONAL 5,MADIUN,BOJONEGORO,BJN,,,2024-03-16 23:21:59,43657,2019,7,NON TITO,,,JAWA TIMUR,0.875,ORANGE,632328979,AREA 3,JATIM,LAMONGAN,TUBAN BOJONEGORO,,,0,0,0,JAWA TIMUR,BOJONEGORO,KAPAS,SUKOWATI,BOJONEGORO
7060243556,,ODP-BJN-FZ/56,-7.132904,111.896363,,,1,7,0,0,8,REGIONAL 5,MADIUN,BOJONEGORO,BJN,,,2024-03-16 23:25:28,44383,2021,7,NON TITO,,,JAWA TIMUR,0.875,ORANGE,947010187,AREA 3,JATIM,LAMONGAN,TUBAN BOJONEGORO,,,0,0,0,JAWA TIMUR,BOJONEGORO,TRUCUK,BANJARSARI,BOJONEGORO
3696494940,,ODP-BJN-FY/20,-7.157312,111.889172,,,1,7,0,0,8,REGIONAL 5,MADIUN,BOJONEGORO,BJN,,,2024-03-16 23:26:03,43651,2019,7,NON TITO,,,JAWA TIMUR,0.875,ORANGE,638063340,AREA 3,JATIM,LAMONGAN,TUBAN BOJONEGORO,,,0,0,0,JAWA TIMUR,BOJONEGORO,BOJONEGORO,MOJO KAMPUNG,BOJONEGORO
7042319021,,ODP-SMJ-FE/45,-7.331804,112.050562,,,1,7,0,0,8,REGIONAL 5,MADIUN,BOJONEGORO,SMJ,,,2024-03-16 23:23:08,44382,2021,7,NON TITO,,,JAWA TIMUR,0.875,ORANGE,946994860,AREA 3,JATIM,LAMONGAN,TUBAN BOJONEGORO,,,0,0,0,JAWA TIMUR,BOJONEGORO,KEDUNGADEM,PANJANG,BOJONEGORO
3696495653,,ODP-BJN-FJ/74,-7.147696,111.881159,,,1,7,0,0,8,REGIONAL 5,MADIUN,BOJONEGORO,BJN,,,2024-03-16 23:26:16,43651,2019,7,NON TITO,,,JAWA TIMUR,0.875,ORANGE,638063716,AREA 3,JATIM,LAMONGAN,TUBAN BOJONEGORO,,,0,0,0,JAWA TIMUR,BOJONEGORO,BOJONEGORO,KAUMAN,BOJONEGORO
3712844234,,ODP-SMJ-FQ/40,-7.166666,112.001178,,,1,7,0,0,8,REGIONAL 5,MADIUN,BOJONEGORO,SMJ,,,2024-12-19 17:45:20,43657,2019,7,NON TITO,,,JAWA TIMUR,0.875,ORANGE,638194074,AREA 3,JATIM,LAMONGAN,TUBAN BOJONEGORO,,,0,0,0,JAWA TIMUR,BOJONEGORO,SUMBEREJO,SUMURAGUNG,BOJONEGORO
3696495823,,ODP-BJN-FJ/76,-7.14692,111.881137,,,1,7,0,0,8,REGIONAL 5,MADIUN,BOJONEGORO,BJN,,,2024-03-16 23:26:08,43651,2019,7,NON TITO,,,JAWA TIMUR,0.875,ORANGE,638063819,AREA 3,JATIM,LAMONGAN,TUBAN BOJONEGORO,,,0,0,0,JAWA TIMUR,BOJONEGORO,BOJONEGORO,BANJARREJO,BOJONEGORO
408591839,,ODP-BJN-FBJ/97,-7.225477,111.860433,,,1,7,0,0,8,REGIONAL 5,MADIUN,BOJONEGORO,BJN,,,2025-05-27 17:42:44,42506,2016,5,NON TITO,,,JAWA TIMUR,0.875,ORANGE,25483491,AREA 3,JATIM,LAMONGAN,TUBAN BOJONEGORO,,,0,0,0,JAWA TIMUR,BOJONEGORO,DANDER,NGRASEH,BOJONEGORO
408591527,,ODP-BJN-FBJ/91,-7.24585,111.849919,,,1,15,0,0,16,REGIONAL 5,MADIUN,BOJONEGORO,BJN,,,2025-05-27 17:42:04,42506,2016,5,NON TITO,,,JAWA TIMUR,0.9375,ORANGE,25483236,AREA 3,JATIM,LAMONGAN,TUBAN BOJONEGORO,,,0,0,0,JAWA TIMUR,BOJONEGORO,DANDER,DANDER,BOJONEGORO
4764869033,,ODP-SMJ-FS/33,-7.176128,112.004358,,,1,7,0,0,8,REGIONAL 5,MADIUN,BOJONEGORO,SMJ,,,2024-12-19 17:47:38,43917,2020,3,NON TITO,,,JAWA TIMUR,0.875,ORANGE,827451519,AREA 3,JATIM,LAMONGAN,TUBAN BOJONEGORO,,,0,0,0,JAWA TIMUR,BOJONEGORO,SUMBEREJO,SUMBERREJO,BOJONEGORO
408520956,,ODP-BJN-FBJ/98,-7.220798,111.861746,,,0,15,0,0,16,REGIONAL 5,MADIUN,BOJONEGORO,BJN,,,2025-05-27 17:42:57,42506,2016,5,NON TITO,,,JAWA TIMUR,0.9375,ORANGE,25411287,AREA 3,JATIM,LAMONGAN,TUBAN BOJONEGORO,,,0,0,0,JAWA TIMUR,BOJONEGORO,DANDER,NGRASEH,BOJONEGORO
6947595495,,ODP-SMJ-FK/28,-7.223811,112.091966,,,1,7,0,0,8,REGIONAL 5,MADIUN,BOJONEGORO,SMJ,,,2024-03-16 23:27:50,44377,2021,6,NON TITO,,,JAWA TIMUR,0.875,ORANGE,912047202,AREA 3,JATIM,LAMONGAN,TUBAN BOJONEGORO,,,0,0,0,JAWA TIMUR,BOJONEGORO,KEPOH BARU,KEPOH,BOJONEGORO
6943018659,,ODP-SMJ-FK/24,-7.222725,112.075339,,,1,7,0,0,8,REGIONAL 5,MADIUN,BOJONEGORO,SMJ,,,2024-03-16 23:29:05,44376,2021,6,NON TITO,,,JAWA TIMUR,0.875,ORANGE,911823508,AREA 3,JATIM,LAMONGAN,TUBAN BOJONEGORO,,,0,0,0,JAWA TIMUR,BOJONEGORO,KEPOHBARU,CENGKIR,BOJONEGORO
7060243566,,ODP-BJN-FZ/54,-7.133706,111.897082,,,1,7,0,0,8,REGIONAL 5,MADIUN,BOJONEGORO,BJN,,,2024-03-16 23:25:11,44383,2021,7,NON TITO,,,JAWA TIMUR,0.875,ORANGE,947010198,AREA 3,JATIM,LAMONGAN,TUBAN BOJONEGORO,,,0,0,0,JAWA TIMUR,BOJONEGORO,TRUCUK,BANJARSARI,BOJONEGORO
408518876,,ODP-BJN-F15/01,-7.1179,111.8662,,,0,15,0,0,16,REGIONAL 5,MADIUN,BOJONEGORO,BJN,,,2024-03-16 23:23:26,42506,2016,5,NON TITO,,,JAWA TIMUR,0.9375,ORANGE,25409725,AREA 3,JATIM,LAMONGAN,TUBAN BOJONEGORO,,,0,0,0,JAWA TIMUR,TUBAN,PARENGAN,SELOGABUS,BOJONEGORO
8705297325,,ODP-PAZ-FP/09,-7.150425,111.61969,,,1,7,0,0,8,REGIONAL 5,MADIUN,BOJONEGORO,PAD,,,2024-03-16 23:26:43,44679,2022,4,NON TITO,,,JAWA TIMUR,0.875,ORANGE,1178691925,AREA 3,JATIM,LAMONGAN,TUBAN BOJONEGORO,,,0,0,0,JAWA TIMUR,BOJONEGORO,KASIMAN,BATOKAN,BOJONEGORO
1299719600,,ODP-BJN-FL/44,-7.165673,111.869395,,,1,15,0,0,16,REGIONAL 5,MADIUN,BOJONEGORO,BJN,,,2024-03-16 23:23:54,42795,2017,3,NON TITO,,,JAWA TIMUR,0.9375,ORANGE,70170226,AREA 3,JATIM,LAMONGAN,TUBAN BOJONEGORO,,,0,0,0,JAWA TIMUR,BOJONEGORO,BOJONEGORO,JETAK,BOJONEGORO
1279619914,,ODP-PAZ-FC/02,-7.141265,111.607938,,,1,7,0,0,8,REGIONAL 5,MADIUN,BOJONEGORO,PAD,,,2024-03-16 23:26:08,42787,2017,2,NON TITO,,,JAWA TIMUR,0.875,ORANGE,69907170,AREA 3,JATIM,LAMONGAN,TUBAN BOJONEGORO,,,0,0,0,JAWA TIMUR,BOJONEGORO,KASIMAN,BATOKAN,BOJONEGORO
7655593796,,ODP-BJN-FL/95,-7.17399,111.865263,,,0,7,1,0,8,REGIONAL 5,MADIUN,BOJONEGORO,BJN,,,2023-08-30 18:10:25,44454,2021,9,NON TITO,,,JAWA TIMUR,0.875,ORANGE,1050425343,AREA 3,JATIM,LAMONGAN,TUBAN BOJONEGORO,,,0,0,0,JAWA TIMUR,BOJONEGORO,BOJONEGORO,JETAK,BOJONEGORO
805093566,,ODP-BJN-FJ/11,-7.140128,111.875692,,,3,13,0,0,16,REGIONAL 5,MADIUN,BOJONEGORO,BJN,,,2024-03-16 23:28:06,42598,2016,8,NON TITO,,,JAWA TIMUR,0.8125,ORANGE,34280709,AREA 3,JATIM,LAMONGAN,TUBAN BOJONEGORO,,,0,0,0,JAWA TIMUR,BOJONEGORO,TRUCUK,BANJARSARI,BOJONEGORO
9601619873,,ODP-SMJ-FJ/26,-7.305804,111.967958,,,1,7,0,0,8,REGIONAL 5,MADIUN,BOJONEGORO,SMJ,,,2024-03-16 23:22:47,44896,2022,12,NON TITO,,,JAWA TIMUR,0.875,ORANGE,1252674887,AREA 3,JATIM,LAMONGAN,TUBAN BOJONEGORO,,,0,0,0,JAWA TIMUR,BOJONEGORO,SUGIHWARAS,BULU,BOJONEGORO
1199743736,,ODP-BJN-FX/17,-7.14673,111.900299,,,1,7,0,0,8,REGIONAL 5,MADIUN,BOJONEGORO,BJN,,,2024-03-16 23:25:28,42767,2017,2,NON TITO,,,JAWA TIMUR,0.875,ORANGE,41215918,AREA 3,JATIM,LAMONGAN,TUBAN BOJONEGORO,,,0,0,0,JAWA TIMUR,BOJONEGORO,BOJONEGORO,NGROWO,BOJONEGORO
1199743628,,ODP-BJN-FX/46,-7.15539,111.89889,,,1,7,0,0,8,REGIONAL 5,MADIUN,BOJONEGORO,BJN,,,2024-03-16 23:25:47,42767,2017,2,NON TITO,,,JAWA TIMUR,0.875,ORANGE,41215850,AREA 3,JATIM,LAMONGAN,TUBAN BOJONEGORO,,,0,0,0,JAWA TIMUR,BOJONEGORO,BOJONEGORO,NGROWO,BOJONEGORO
1744319111,,ODP-BJN-FU/63,-7.247337,111.847058,,,1,7,0,0,8,REGIONAL 5,MADIUN,BOJONEGORO,BJN,,,2024-03-16 23:23:53,42975,2017,8,NON TITO,,,JAWA TIMUR,0.875,ORANGE,188210041,AREA 3,JATIM,LAMONGAN,TUBAN BOJONEGORO,,,0,0,0,JAWA TIMUR,BOJONEGORO,DANDER,DANDER,BOJONEGORO
770069085,,ODP-BJN-FC/09,-7.146817,111.907247,,,1,7,0,0,8,REGIONAL 5,MADIUN,BOJONEGORO,BJN,,,2024-03-16 23:24:03,42580,2016,7,NON TITO,,,JAWA TIMUR,0.875,ORANGE,34072535,AREA 3,JATIM,LAMONGAN,TUBAN BOJONEGORO,,,0,0,0,JAWA TIMUR,BOJONEGORO,BOJONEGORO,CAMPURJO,BOJONEGORO
3152970711,,ODP-BJN-FM/37,-7.165919,111.874883,,,1,7,0,0,8,REGIONAL 5,MADIUN,BOJONEGORO,BJN,,,2023-08-30 18:06:59,43438,2018,12,NON TITO,,,JAWA TIMUR,0.875,ORANGE,406842333,AREA 3,JATIM,LAMONGAN,TUBAN BOJONEGORO,,,0,0,0,JAWA TIMUR,BOJONEGORO,BOJONEGORO,SUMBANG,BOJONEGORO
1633469979,,ODP-KDU-FA/31,-7.112036,111.733208,,,1,7,0,0,8,REGIONAL 5,MADIUN,BOJONEGORO,KDU,,,2024-03-16 23:25:06,42954,2017,8,NON TITO,,,JAWA TIMUR,0.875,ORANGE,186247873,AREA 3,JATIM,LAMONGAN,TUBAN BOJONEGORO,,,0,0,0,JAWA TIMUR,BOJONEGORO,KALITIDU,MLATEN,BOJONEGORO
9600569100,,ODP-PAZ-FT/07,-7.26036,111.598738,,,1,7,0,0,8,REGIONAL 5,MADIUN,BOJONEGORO,PAD,,,2024-03-16 23:21:20,44896,2022,12,NON TITO,,,JAWA TIMUR,0.875,ORANGE,1252673203,AREA 3,JATIM,LAMONGAN,TUBAN BOJONEGORO,,,0,0,0,JAWA TIMUR,BOJONEGORO,TAMBAKREJO,SUKOREJO,BOJONEGORO
10074418928,,ODP-BJN-FBS/08,-7.192545,111.824913,,,1,7,0,0,8,REGIONAL 5,MADIUN,BOJONEGORO,BJN,,,2024-03-16 23:23:21,45020,2023,4,NON TITO,,,JAWA TIMUR,0.875,ORANGE,1281255432,AREA 3,JATIM,LAMONGAN,TUBAN BOJONEGORO,,,0,0,0,JAWA TIMUR,BOJONEGORO,DANDER,NGUMPAK DALEM,BOJONEGORO
9538619849,,ODP-PAZ-FT/05,-7.241077,111.595352,,,1,7,0,0,8,REGIONAL 5,MADIUN,BOJONEGORO,PAD,,,2024-03-16 23:24:43,44879,2022,11,NON TITO,,,JAWA TIMUR,0.875,ORANGE,1250476747,AREA 3,JATIM,LAMONGAN,TUBAN BOJONEGORO,,,0,0,0,JAWA TIMUR,BOJONEGORO,TAMBAKREJO,PENGKOL,BOJONEGORO
8239843533,,ODP-SMJ-FC/16,-7.106568,112.021199,,,1,7,0,0,8,REGIONAL 5,MADIUN,BOJONEGORO,SMJ,,,2023-08-30 18:06:35,44537,2021,12,NON TITO,,,JAWA TIMUR,0.875,ORANGE,1161730159,AREA 3,JATIM,LAMONGAN,TUBAN BOJONEGORO,,,0,0,0,JAWA TIMUR,BOJONEGORO,KANOR,TAMBAHREJO,BOJONEGORO
1199743622,,ODP-BJN-FX/33,-7.145817,111.90854,,,1,7,0,0,8,REGIONAL 5,MADIUN,BOJONEGORO,BJN,,,2024-03-16 23:25:40,42767,2017,2,NON TITO,,,JAWA TIMUR,0.875,ORANGE,41215846,AREA 3,JATIM,LAMONGAN,TUBAN BOJONEGORO,,,0,0,0,JAWA TIMUR,BOJONEGORO,BOJONEGORO,CAMPUREJO,BOJONEGORO
1303843841,,ODP-BJN-FE/34,-7.166883,111.899813,,,2,14,0,0,16,REGIONAL 5,MADIUN,BOJONEGORO,BJN,,,2024-03-16 23:23:43,42797,2017,3,NON TITO,,,JAWA TIMUR,0.875,ORANGE,79297436,AREA 3,JATIM,LAMONGAN,TUBAN BOJONEGORO,,,0,0,0,JAWA TIMUR,BOJONEGORO,KAPAS,NGAMPEL,BOJONEGORO
1905870257,,ODP-KDU-FA/34,-7.108111,111.737534,,,1,7,0,0,8,REGIONAL 5,MADIUN,BOJONEGORO,KDU,,,2024-03-16 23:24:12,43021,2017,10,NON TITO,,,JAWA TIMUR,0.875,ORANGE,238250425,AREA 3,JATIM,LAMONGAN,TUBAN BOJONEGORO,,,0,0,0,JAWA TIMUR,BOJONEGORO,MALO,MALO,BOJONEGORO
8239843543,,ODP-SMJ-FC/17,-7.106213,112.019116,,,1,7,0,0,8,REGIONAL 5,MADIUN,BOJONEGORO,SMJ,,,2023-08-30 18:10:25,44537,2021,12,NON TITO,,,JAWA TIMUR,0.875,ORANGE,1161730162,AREA 3,JATIM,LAMONGAN,TUBAN BOJONEGORO,,,0,0,0,JAWA TIMUR,BOJONEGORO,KANOR,TAMBAHREJO,BOJONEGORO
8500693761,,ODP-BJN-FZ/66,-7.135521,111.885253,,,1,7,0,0,8,REGIONAL 5,MADIUN,BOJONEGORO,BJN,,,2023-08-30 18:11:02,44632,2022,3,NON TITO,,,JAWA TIMUR,0.875,ORANGE,1168771581,AREA 3,JATIM,LAMONGAN,TUBAN BOJONEGORO,,,0,0,0,JAWA TIMUR,BOJONEGORO,TRUCUK,BANJARSARI,BOJONEGORO
1930318655,,ODP-BJN-FP/46,-7.155915,111.872865,,,1,7,0,0,8,REGIONAL 5,MADIUN,BOJONEGORO,BJN,,,2024-03-16 23:27:48,43032,2017,10,NON TITO,,,JAWA TIMUR,0.875,ORANGE,238820759,AREA 3,JATIM,LAMONGAN,TUBAN BOJONEGORO,,,0,0,0,JAWA TIMUR,BOJONEGORO,BOJONEGORO,KLANGON,BOJONEGORO
9598918528,,ODP-BJN-FQ/69,-7.160231,111.896993,,,1,7,0,0,8,REGIONAL 5,MADIUN,BOJONEGORO,BJN,,,2024-03-16 23:26:10,44894,2022,11,NON TITO,,,JAWA TIMUR,0.875,ORANGE,1252517821,AREA 3,JATIM,LAMONGAN,TUBAN BOJONEGORO,,,0,0,0,JAWA TIMUR,BOJONEGORO,BOJONEGORO,SUKOREJO,BOJONEGORO
10696918713,,ODP-SMJ-FD/29,-7.148782,112.017127,,,1,7,0,0,8,REGIONAL 5,MADIUN,BOJONEGORO,SMJ,,,2024-03-16 23:24:37,45202,2023,10,NON TITO,,,JAWA TIMUR,0.875,ORANGE,1324348185,AREA 3,JATIM,LAMONGAN,TUBAN BOJONEGORO,,,0,0,0,JAWA TIMUR,BOJONEGORO,KANOR,PALEMBON,BOJONEGORO
1633469891,,ODP-KDU-FA/32,-7.115445,111.734064,,,1,7,0,0,8,REGIONAL 5,MADIUN,BOJONEGORO,KDU,,,2024-03-16 23:25:18,42954,2017,8,NON TITO,,,JAWA TIMUR,0.875,ORANGE,186247810,AREA 3,JATIM,LAMONGAN,TUBAN BOJONEGORO,,,0,0,0,JAWA TIMUR,BOJONEGORO,KALITIDU,MLATEN,BOJONEGORO
805093552,,ODP-BJN-FJ/09,-7.142864,111.872797,,,3,13,0,0,16,REGIONAL 5,MADIUN,BOJONEGORO,BJN,,,2024-03-16 23:27:48,42598,2016,8,NON TITO,,,JAWA TIMUR,0.8125,ORANGE,34280698,AREA 3,JATIM,LAMONGAN,TUBAN BOJONEGORO,,,0,0,0,JAWA TIMUR,BOJONEGORO,TRUCUK,TRUCUK,BOJONEGORO
9693193617,,ODP-PAZ-FB/27,-7.141429,111.724584,,,1,7,0,0,8,REGIONAL 5,MADIUN,BOJONEGORO,PAD,,,2024-03-16 23:24:20,44921,2022,12,NON TITO,,,JAWA TIMUR,0.875,ORANGE,1257319926,AREA 3,JATIM,LAMONGAN,TUBAN BOJONEGORO,,,0,0,0,JAWA TIMUR,BOJONEGORO,KALITIDU,SUMENGKO,BOJONEGORO
1199743969,,ODP-BJN-FX/34,-7.147163,111.909597,,,1,7,0,0,8,REGIONAL 5,MADIUN,BOJONEGORO,BJN,,,2024-03-16 23:25:02,42767,2017,2,NON TITO,,,JAWA TIMUR,0.875,ORANGE,41216060,AREA 3,JATIM,LAMONGAN,TUBAN BOJONEGORO,,,0,0,0,JAWA TIMUR,BOJONEGORO,BOJONEGORO,CAMPURJO,BOJONEGORO
10662869454,,ODP-BJN-FBK/38,-7.288654,111.764764,,,1,7,0,0,8,REGIONAL 5,MADIUN,BOJONEGORO,BJN,,,2024-03-16 23:26:53,45192,2023,9,NON TITO,,,JAWA TIMUR,0.875,ORANGE,1322850185,AREA 3,JATIM,LAMONGAN,TUBAN BOJONEGORO,,,0,0,0,JAWA TIMUR,BOJONEGORO,NGASEM,TRENGGULUNAN,BOJONEGORO
10064068528,,ODP-SMJ-FD/26,-7.1557,112.016123,,,1,7,0,0,8,REGIONAL 5,MADIUN,BOJONEGORO,SMJ,,,2024-03-16 23:21:54,45016,2023,3,NON TITO,,,JAWA TIMUR,0.875,ORANGE,1281236588,AREA 3,JATIM,LAMONGAN,TUBAN BOJONEGORO,,,0,0,0,JAWA TIMUR,BOJONEGORO,KANOR,PALEMBON,BOJONEGORO
1527645864,,ODP-KDU-FA/27,-7.133424,111.765433,,,1,7,0,0,8,REGIONAL 5,MADIUN,BOJONEGORO,KDU,,,2024-03-16 23:22:43,42897,2017,6,NON TITO,,,JAWA TIMUR,0.875,ORANGE,156462468,AREA 3,JATIM,LAMONGAN,TUBAN BOJONEGORO,,,0,0,0,JAWA TIMUR,BOJONEGORO,KALITIDU,KALITIDU,BOJONEGORO
1279619798,,ODP-PAZ-FC/11,-7.136434,111.622769,,,2,14,0,0,16,REGIONAL 5,MADIUN,BOJONEGORO,PAD,,,2024-03-16 23:26:02,42787,2017,2,NON TITO,,,JAWA TIMUR,0.875,ORANGE,69907145,AREA 3,JATIM,LAMONGAN,TUBAN BOJONEGORO,,,0,0,0,JAWA TIMUR,BOJONEGORO,KASIMAN,SAMBENG,BOJONEGORO
1527645867,,ODP-KDU-FA/20,-7.130271,111.772853,,,1,15,0,0,16,REGIONAL 5,MADIUN,BOJONEGORO,KDU,,,2024-03-16 23:22:40,42897,2017,6,NON TITO,,,JAWA TIMUR,0.9375,ORANGE,156462470,AREA 3,JATIM,LAMONGAN,TUBAN BOJONEGORO,,,0,0,0,JAWA TIMUR,BOJONEGORO,KALITIDU,MAYANGGENENG,BOJONEGORO
10662869782,,ODP-PAZ-FE/46,-7.173297,111.658821,,,1,7,0,0,8,REGIONAL 5,MADIUN,BOJONEGORO,PAD,,,2024-03-16 23:27:11,45192,2023,9,NON TITO,,,JAWA TIMUR,0.875,ORANGE,1322851655,AREA 3,JATIM,LAMONGAN,TUBAN BOJONEGORO,,,0,0,0,JAWA TIMUR,BOJONEGORO,PURWOSARI,PURWOSARI,BOJONEGORO
9679094848,,ODP-SMJ-FJ/34,-7.317499,111.974973,,,1,7,0,0,8,REGIONAL 5,MADIUN,BOJONEGORO,SMJ,,,2024-03-16 23:28:26,44915,2022,12,NON TITO,,,JAWA TIMUR,0.875,ORANGE,1253808036,AREA 3,JATIM,LAMONGAN,TUBAN BOJONEGORO,,,0,0,0,JAWA TIMUR,BOJONEGORO,SUGIHWARAS,PANUNGGALAN,BOJONEGORO
10675994113,,ODP-BJN-FR/22,-7.143532,111.896262,,,1,7,0,0,8,REGIONAL 5,MADIUN,BOJONEGORO,BJN,,,2024-03-16 23:25:05,45198,2023,9,NON TITO,,,JAWA TIMUR,0.875,ORANGE,1324207575,AREA 3,JATIM,LAMONGAN,TUBAN BOJONEGORO,,,0,0,0,JAWA TIMUR,BOJONEGORO,BOJONEGORO,KARANG PACAR,BOJONEGORO
1527645943,,ODP-KDU-FA/23,-7.130381,111.767706,,,2,14,0,0,16,REGIONAL 5,MADIUN,BOJONEGORO,KDU,,,2024-03-16 23:22:44,42897,2017,6,NON TITO,,,JAWA TIMUR,0.875,ORANGE,156462515,AREA 3,JATIM,LAMONGAN,TUBAN BOJONEGORO,,,0,0,0,JAWA TIMUR,BOJONEGORO,KALITIDU,PANJUNAN,BOJONEGORO
11641025950,,ODP-KDU-FB/48,-7.161202,111.795002,,,1,7,0,0,8,REGIONAL 5,MADIUN,BOJONEGORO,KDU,,,2024-08-07 18:28:24,45510,2024,8,NON TITO,,,JAWA TIMUR,0.875,ORANGE,1455500944,AREA 3,JATIM,LAMONGAN,TUBAN BOJONEGORO,,,0,0,0,JAWA TIMUR,BOJONEGORO,NGASEM,WADANG,BOJONEGORO
1527646040,,ODP-KDU-FA/17,-7.128963,111.762117,,,1,7,0,0,8,REGIONAL 5,MADIUN,BOJONEGORO,KDU,,,2024-03-16 23:22:46,42897,2017,6,NON TITO,,,JAWA TIMUR,0.875,ORANGE,156462576,AREA 3,JATIM,LAMONGAN,TUBAN BOJONEGORO,,,0,0,0,JAWA TIMUR,BOJONEGORO,KALITIDU,KALITIDU,BOJONEGORO
739469541,,ODP-BJN-FE/09,-7.200727,111.889469,,,1,15,0,0,16,REGIONAL 5,MADIUN,BOJONEGORO,BJN,,,2024-03-16 23:28:57,42570,2016,7,NON TITO,,,JAWA TIMUR,0.9375,ORANGE,33769663,AREA 3,JATIM,LAMONGAN,TUBAN BOJONEGORO,,,0,0,0,JAWA TIMUR,BOJONEGORO,KAPAS,TANJUNGHARJO,BOJONEGORO
1199743840,,ODP-BJN-FX/42,-7.150266,111.907969,,,2,14,0,0,16,REGIONAL 5,MADIUN,BOJONEGORO,BJN,,,2024-03-16 23:26:17,42767,2017,2,NON TITO,,,JAWA TIMUR,0.875,ORANGE,41215983,AREA 3,JATIM,LAMONGAN,TUBAN BOJONEGORO,,,0,0,0,JAWA TIMUR,BOJONEGORO,BOJONEGORO,CAMPURJO,BOJONEGORO
10531847017,,ODP-BJN-FM/61,-7.168004,111.875109,,,1,7,0,0,8,REGIONAL 5,MADIUN,BOJONEGORO,BJN,,,2024-03-16 23:28:33,45164,2023,8,NON TITO,,,JAWA TIMUR,0.875,ORANGE,1312549897,AREA 3,JATIM,LAMONGAN,TUBAN BOJONEGORO,,,0,0,0,JAWA TIMUR,BOJONEGORO,BOJONEGORO,PACUL,BOJONEGORO
11641025955,,ODP-KDU-FB/47,-7.161428,111.796622,,,1,7,0,0,8,REGIONAL 5,MADIUN,BOJONEGORO,KDU,,,2024-08-07 18:28:25,45510,2024,8,NON TITO,,,JAWA TIMUR,0.875,ORANGE,1455500948,AREA 3,JATIM,LAMONGAN,TUBAN BOJONEGORO,,,0,0,0,JAWA TIMUR,BOJONEGORO,KALITIDU,LERAN,BOJONEGORO
739469510,,ODP-BJN-FE/05,-7.202164,111.883258,,,3,13,0,0,16,REGIONAL 5,MADIUN,BOJONEGORO,BJN,,,2024-03-16 23:28:54,42570,2016,7,NON TITO,,,JAWA TIMUR,0.8125,ORANGE,33841837,AREA 3,JATIM,LAMONGAN,TUBAN BOJONEGORO,,,0,0,0,JAWA TIMUR,BOJONEGORO,KAPAS,TANJUNGHARJO,BOJONEGORO
10678993528,,ODP-KDU-FF/40,-7.126791,111.747331,,,1,7,0,0,8,REGIONAL 5,MADIUN,BOJONEGORO,KDU,,,2024-03-16 23:22:18,45190,2023,9,NON TITO,,,JAWA TIMUR,0.875,ORANGE,1322911420,AREA 3,JATIM,LAMONGAN,TUBAN BOJONEGORO,,,0,0,0,JAWA TIMUR,BOJONEGORO,KALITIDU,TALOK,BOJONEGORO
1607145268,,ODP-BJN-FH/24,-7.143156,111.892321,,,1,7,0,0,8,REGIONAL 5,MADIUN,BOJONEGORO,BJN,,,2024-03-16 23:27:05,42934,2017,7,NON TITO,,,JAWA TIMUR,0.875,ORANGE,179017117,AREA 3,JATIM,LAMONGAN,TUBAN BOJONEGORO,,,0,0,0,JAWA TIMUR,BOJONEGORO,BOJONEGORO,BANJAREJO,BOJONEGORO
10561018615,,ODP-SMJ-FG/78,-7.184813,111.984016,,,1,7,0,0,8,REGIONAL 5,MADIUN,BOJONEGORO,SMJ,,,2024-03-16 23:26:31,45167,2023,8,NON TITO,,,JAWA TIMUR,0.875,ORANGE,1312778557,AREA 3,JATIM,LAMONGAN,TUBAN BOJONEGORO,,,0,0,0,JAWA TIMUR,BOJONEGORO,BALEN,KEDUNGBONDO,BOJONEGORO
1527645594,,ODP-KDU-FA/26,-7.135209,111.76551,,,2,14,0,0,16,REGIONAL 5,MADIUN,BOJONEGORO,KDU,,,2024-03-16 23:22:40,42897,2017,6,NON TITO,,,JAWA TIMUR,0.875,ORANGE,156462303,AREA 3,JATIM,LAMONGAN,TUBAN BOJONEGORO,,,0,0,0,JAWA TIMUR,BOJONEGORO,KALITIDU,KALITIDU,BOJONEGORO
1954845916,,ODP-KDU-FB/06,-7.166457,111.758877,,,2,14,0,0,16,REGIONAL 5,MADIUN,BOJONEGORO,KDU,,,2024-03-16 23:28:11,43043,2017,11,NON TITO,,,JAWA TIMUR,0.875,ORANGE,242281836,AREA 3,JATIM,LAMONGAN,TUBAN BOJONEGORO,,,0,0,0,JAWA TIMUR,BOJONEGORO,NGASEM,JAMPET,BOJONEGORO
1041501644,,ODP-BJN-FT/06,-7.151212,111.889769,,,1,7,0,0,8,REGIONAL 5,MADIUN,BOJONEGORO,BJN,,,2023-08-30 18:10:28,42680,2016,11,NON TITO,,,JAWA TIMUR,0.875,ORANGE,37221722,AREA 3,JATIM,LAMONGAN,TUBAN BOJONEGORO,,,0,0,0,JAWA TIMUR,BOJONEGORO,BOJONEGORO,KARANG PACAR,BOJONEGORO
2053243860,,ODP-PAZ-FF/02,-7.155825,111.628914,,,1,7,0,0,8,REGIONAL 5,MADIUN,BOJONEGORO,PAD,,,2024-03-16 23:24:51,43083,2017,12,NON TITO,,,JAWA TIMUR,0.875,ORANGE,256439274,AREA 3,JATIM,LAMONGAN,TUBAN BOJONEGORO,,,0,0,0,JAWA TIMUR,BOJONEGORO,PADANGAN,BANJARJO,BOJONEGORO
828268677,,ODP-BJN-FL/09,-7.164359,111.869601,,,1,7,0,0,8,REGIONAL 5,MADIUN,BOJONEGORO,BJN,,,2024-03-16 23:24:40,42604,2016,8,NON TITO,,,JAWA TIMUR,0.875,ORANGE,34393994,AREA 3,JATIM,LAMONGAN,TUBAN BOJONEGORO,,,0,0,0,JAWA TIMUR,BOJONEGORO,BOJONEGORO,JETAK,BOJONEGORO
10797868644,,ODP-KDU-FA/69,-7.133679,111.732795,,,1,7,0,0,8,REGIONAL 5,MADIUN,BOJONEGORO,KDU,,,2024-03-16 23:28:40,45222,2023,10,NON TITO,,,JAWA TIMUR,0.875,ORANGE,1330198423,AREA 3,JATIM,LAMONGAN,TUBAN BOJONEGORO,,,0,0,0,JAWA TIMUR,BOJONEGORO,KALITIDU,SUMENGKO,BOJONEGORO
2053243870,,ODP-PAZ-FF/07,-7.158876,111.62931,,,1,7,0,0,8,REGIONAL 5,MADIUN,BOJONEGORO,PAD,,,2024-03-16 23:24:24,43083,2017,12,NON TITO,,,JAWA TIMUR,0.875,ORANGE,256439280,AREA 3,JATIM,LAMONGAN,TUBAN BOJONEGORO,,,0,0,0,JAWA TIMUR,BOJONEGORO,PADANGAN,BANJARJO,BOJONEGORO
829995108,,ODP-SMJ-FD/02,-7.171518,112.025443,,,1,7,0,0,8,REGIONAL 5,MADIUN,BOJONEGORO,SMJ,,,2024-03-16 23:23:02,42606,2016,8,NON TITO,,,JAWA TIMUR,0.875,ORANGE,34401037,AREA 3,JATIM,LAMONGAN,TUBAN BOJONEGORO,,,0,0,0,JAWA TIMUR,BOJONEGORO,SUMBEREJO,PRAYUNGAN,BOJONEGORO
1299720363,,ODP-BJN-FL/40,-7.167055,111.874368,,,2,14,0,0,16,REGIONAL 5,MADIUN,BOJONEGORO,BJN,,,2024-03-16 23:24:25,42795,2017,3,NON TITO,,,JAWA TIMUR,0.875,ORANGE,79287139,AREA 3,JATIM,LAMONGAN,TUBAN BOJONEGORO,,,0,0,0,JAWA TIMUR,BOJONEGORO,BOJONEGORO,SUMBANG,BOJONEGORO
1299720090,,ODP-BJN-FL/31,-7.173751,111.874716,,,2,14,0,0,16,REGIONAL 5,MADIUN,BOJONEGORO,BJN,,,2024-03-16 23:24:25,42795,2017,3,NON TITO,,,JAWA TIMUR,0.875,ORANGE,79287045,AREA 3,JATIM,LAMONGAN,TUBAN BOJONEGORO,,,0,0,0,JAWA TIMUR,BOJONEGORO,BOJONEGORO,PACUL,BOJONEGORO
2059468711,,ODP-PAZ-FG/02,-7.254907,111.707363,,,1,7,0,0,8,REGIONAL 5,MADIUN,BOJONEGORO,PAD,,,2024-03-16 23:25:28,43084,2017,12,NON TITO,,,JAWA TIMUR,0.875,ORANGE,256514845,AREA 3,JATIM,LAMONGAN,TUBAN BOJONEGORO,,,0,0,0,JAWA TIMUR,BOJONEGORO,TAMBAKREJO,DOLOKGEDE,BOJONEGORO
1299720085,,ODP-BJN-FL/42,-7.166541,111.872935,,,1,7,0,0,8,REGIONAL 5,MADIUN,BOJONEGORO,BJN,,,2024-03-16 23:24:16,42795,2017,3,NON TITO,,,JAWA TIMUR,0.875,ORANGE,79287044,AREA 3,JATIM,LAMONGAN,TUBAN BOJONEGORO,,,0,0,0,JAWA TIMUR,BOJONEGORO,BOJONEGORO,SUMBANG,BOJONEGORO
9447269002,,ODP-BJN-FBA/58,-7.190132,111.928663,,,1,7,0,0,8,REGIONAL 5,MADIUN,BOJONEGORO,BJN,,,2024-03-16 23:29:08,44855,2022,10,NON TITO,,,JAWA TIMUR,0.875,ORANGE,1244474939,AREA 3,JATIM,LAMONGAN,TUBAN BOJONEGORO,,,0,0,0,JAWA TIMUR,BOJONEGORO,KAPAS,PLESUNGAN,BOJONEGORO
2081369082,,ODP-SMJ-FE/04,-7.300147,112.046936,,,1,15,0,0,16,REGIONAL 5,MADIUN,BOJONEGORO,SMJ,,,2024-03-16 23:23:20,43091,2017,12,NON TITO,,,JAWA TIMUR,0.9375,ORANGE,256549796,AREA 3,JATIM,LAMONGAN,TUBAN BOJONEGORO,,,0,0,0,JAWA TIMUR,BOJONEGORO,KEDUNGADEM,KEDUNGADEM,BOJONEGORO
2081372307,,ODP-PAZ-FE/21,-7.156175,111.691007,,,1,7,0,0,8,REGIONAL 5,MADIUN,BOJONEGORO,PAD,,,2024-03-16 23:24:19,43091,2017,12,NON TITO,,,JAWA TIMUR,0.875,ORANGE,256551221,AREA 3,JATIM,LAMONGAN,TUBAN BOJONEGORO,,,0,0,0,JAWA TIMUR,BOJONEGORO,GAYAM,SUDU,BOJONEGORO
2081373088,,ODP-PAZ-FE/22,-7.158906,111.687329,,,1,7,0,0,8,REGIONAL 5,MADIUN,BOJONEGORO,PAD,,,2024-03-16 23:24:11,43091,2017,12,NON TITO,,,JAWA TIMUR,0.875,ORANGE,256551634,AREA 3,JATIM,LAMONGAN,TUBAN BOJONEGORO,,,0,0,0,JAWA TIMUR,BOJONEGORO,GAYAM,SUDU,BOJONEGORO
2106494268,,ODP-PAZ-FC/32,-7.171126,111.60771,,,1,15,0,0,16,REGIONAL 5,MADIUN,BOJONEGORO,PAD,,,2024-03-16 23:24:51,43104,2018,1,NON TITO,,,JAWA TIMUR,0.9375,ORANGE,258410373,AREA 3,JATIM,LAMONGAN,TUBAN BOJONEGORO,,,0,0,0,JAWA TIMUR,BOJONEGORO,PADANGAN,CENDONO,BOJONEGORO
1287728716,,ODP-BJN-FQ/20,-7.16403,111.887015,,,1,15,0,0,16,REGIONAL 5,MADIUN,BOJONEGORO,BJN,,,2024-03-16 23:23:20,42790,2017,2,NON TITO,,,JAWA TIMUR,0.9375,ORANGE,67374749,AREA 3,JATIM,LAMONGAN,TUBAN BOJONEGORO,,,0,0,0,JAWA TIMUR,BOJONEGORO,BOJONEGORO,SUKOREJO,BOJONEGORO
1281569121,,ODP-BJN-FE/50,-7.175825,111.904884,,,1,7,0,0,8,REGIONAL 5,MADIUN,BOJONEGORO,BJN,,,2024-03-16 23:22:20,42788,2017,2,NON TITO,,,JAWA TIMUR,0.875,ORANGE,70131177,AREA 3,JATIM,LAMONGAN,TUBAN BOJONEGORO,,,0,0,0,JAWA TIMUR,BOJONEGORO,KAPAS,TIKUSAN,BOJONEGORO
10877218911,,ODP-BJN-FBS/11,-7.211079,111.863902,,,1,7,0,0,8,REGIONAL 5,MADIUN,BOJONEGORO,BJN,,,2024-03-16 23:28:38,45236,2023,11,NON TITO,,,JAWA TIMUR,0.875,ORANGE,1333211522,AREA 3,JATIM,LAMONGAN,TUBAN BOJONEGORO,,,0,0,0,JAWA TIMUR,BOJONEGORO,DANDER,NGUMPAK DALEM,BOJONEGORO
2105746105,,ODP-BJN-FBA/24,-7.188135,111.917044,,,1,7,0,0,8,REGIONAL 5,MADIUN,BOJONEGORO,BJN,,,2024-03-16 23:26:19,43103,2018,1,NON TITO,,,JAWA TIMUR,0.875,ORANGE,258991152,AREA 3,JATIM,LAMONGAN,TUBAN BOJONEGORO,,,0,0,0,JAWA TIMUR,BOJONEGORO,KAPAS,MOJODESO,BOJONEGORO
1299719585,,ODP-BJN-FL/38,-7.167261,111.868947,,,1,15,0,0,16,REGIONAL 5,MADIUN,BOJONEGORO,BJN,,,2024-03-16 23:24:17,42795,2017,3,NON TITO,,,JAWA TIMUR,0.9375,ORANGE,79286871,AREA 3,JATIM,LAMONGAN,TUBAN BOJONEGORO,,,0,0,0,JAWA TIMUR,BOJONEGORO,BOJONEGORO,JETAK,BOJONEGORO
1281569148,,ODP-PAZ-FC/25,-7.154428,111.612621,,,1,15,0,0,16,REGIONAL 5,MADIUN,BOJONEGORO,PAD,,,2024-03-16 23:22:29,42788,2017,2,NON TITO,,,JAWA TIMUR,0.9375,ORANGE,70131204,AREA 3,JATIM,LAMONGAN,TUBAN BOJONEGORO,,,0,0,0,JAWA TIMUR,BOJONEGORO,PADANGAN,PADANGAN,BOJONEGORO
9340694010,,ODP-BJN-FD/60,-7.176125,111.875167,,,3,13,0,0,16,REGIONAL 5,MADIUN,BOJONEGORO,BJN,,,2023-08-30 18:10:21,44842,2022,10,NON TITO,,,JAWA TIMUR,0.8125,ORANGE,1230296976,AREA 3,JATIM,LAMONGAN,TUBAN BOJONEGORO,,,0,0,0,JAWA TIMUR,BOJONEGORO,BOJONEGORO,PACUL,BOJONEGORO
1971495787,,ODP-BJN-FP/45,-7.162163,111.8831,,,2,14,0,0,16,REGIONAL 5,MADIUN,BOJONEGORO,BJN,,,2024-03-16 23:23:34,43047,2017,11,NON TITO,,,JAWA TIMUR,0.875,ORANGE,242298803,AREA 3,JATIM,LAMONGAN,TUBAN BOJONEGORO,,,0,0,0,JAWA TIMUR,BOJONEGORO,BOJONEGORO,SUKOREJO,BOJONEGORO
949696774,,ODP-BJN-FU/48,-7.193165,111.865114,,,1,15,0,0,16,REGIONAL 5,MADIUN,BOJONEGORO,BJN,,,2023-08-30 18:07:16,42641,2016,9,NON TITO,,,JAWA TIMUR,0.9375,ORANGE,35912399,AREA 3,JATIM,LAMONGAN,TUBAN BOJONEGORO,,,0,0,0,JAWA TIMUR,BOJONEGORO,DANDER,NGUMPAK DALEM,BOJONEGORO
9049696609,,ODP-KDU-FF/30,-7.112707,111.733149,,,1,7,0,0,8,REGIONAL 5,MADIUN,BOJONEGORO,KDU,,,2023-08-30 17:59:50,44770,2022,7,NON TITO,,,JAWA TIMUR,0.875,ORANGE,1203854392,AREA 3,JATIM,LAMONGAN,TUBAN BOJONEGORO,,,0,0,0,JAWA TIMUR,BOJONEGORO,KALITIDU,MLATEN,BOJONEGORO
804943564,,ODP-BJN-FJ/14,-7.144983,111.877339,,,3,13,0,0,16,REGIONAL 5,MADIUN,BOJONEGORO,BJN,,,2024-03-16 23:23:31,42598,2016,8,NON TITO,,,JAWA TIMUR,0.8125,ORANGE,34280975,AREA 3,JATIM,LAMONGAN,TUBAN BOJONEGORO,,,0,0,0,JAWA TIMUR,BOJONEGORO,TRUCUK,BANJARSARI,BOJONEGORO
1150635394,,ODP-BJN-FX/48,-7.163473,111.897208,,,1,7,0,0,8,REGIONAL 5,MADIUN,BOJONEGORO,BJN,,,2024-03-16 23:29:02,42761,2017,1,NON TITO,,,JAWA TIMUR,0.875,ORANGE,39730668,AREA 3,JATIM,LAMONGAN,TUBAN BOJONEGORO,,,0,0,0,JAWA TIMUR,BOJONEGORO,BOJONEGORO,SUKOREJO,BOJONEGORO
1356643942,,ODP-SMJ-FB/19,-7.166746,112.035914,,,1,7,0,0,8,REGIONAL 5,MADIUN,BOJONEGORO,SMJ,,,2023-08-30 17:59:54,42836,2017,4,NON TITO,,,JAWA TIMUR,0.875,ORANGE,81720648,AREA 3,JATIM,LAMONGAN,TUBAN BOJONEGORO,,,0,0,0,JAWA TIMUR,BOJONEGORO,SUMBEREJO,PRAYUNGAN,BOJONEGORO
1303843575,,ODP-BJN-FE/31,-7.16418,111.90392,,,3,13,0,0,16,REGIONAL 5,MADIUN,BOJONEGORO,BJN,,,2024-03-16 23:23:31,42797,2017,3,NON TITO,,,JAWA TIMUR,0.8125,ORANGE,79297293,AREA 3,JATIM,LAMONGAN,TUBAN BOJONEGORO,,,0,0,0,JAWA TIMUR,BOJONEGORO,KAPAS,NGAMPEL,BOJONEGORO
12441126138,,ODP-BJN-FBB/23,-7.260961,111.926785,,,1,7,0,0,8,REGIONAL 5,MADIUN,BOJONEGORO,BJN,,,2025-11-11 23:33:59,45971,2025,11,NON TITO,,,JAWA TIMUR,0.875,ORANGE,1502444055,AREA 3,JATIM,LAMONGAN,TUBAN BOJONEGORO,,,0,0,0,JAWA TIMUR,BOJONEGORO,SUKOSEWU,KLEPEK,BOJONEGORO
9468643927,,ODP-BJN-FBP/10,-7.25854,111.856481,,,1,7,0,0,8,REGIONAL 5,MADIUN,BOJONEGORO,BJN,,,2024-03-16 23:26:27,44861,2022,10,NON TITO,,,JAWA TIMUR,0.875,ORANGE,1246083749,AREA 3,JATIM,LAMONGAN,TUBAN BOJONEGORO,,,0,0,0,JAWA TIMUR,BOJONEGORO,DANDER,GROWOK,BOJONEGORO
10746118594,,ODP-BJN-FL/117,-7.142777,111.856664,,,1,7,0,0,8,REGIONAL 5,MADIUN,BOJONEGORO,BJN,,,2024-03-16 23:26:46,45211,2023,10,NON TITO,,,JAWA TIMUR,0.875,ORANGE,1325764814,AREA 3,JATIM,LAMONGAN,TUBAN BOJONEGORO,,,0,0,0,JAWA TIMUR,BOJONEGORO,DANDER,NGABLAK,BOJONEGORO
1987993945,,ODP-BJN-FBD/17,-7.121958,111.860575,,,1,7,0,0,8,REGIONAL 5,MADIUN,BOJONEGORO,BJN,,,2024-03-16 23:28:57,43056,2017,11,NON TITO,,,JAWA TIMUR,0.875,ORANGE,255772973,AREA 3,JATIM,LAMONGAN,TUBAN BOJONEGORO,,,0,0,0,JAWA TIMUR,TUBAN,PARENGAN,SELOGABUS,BOJONEGORO
1104626477,,ODP-BJN-FD/43,-7.16934,111.87898,,,1,15,0,0,16,REGIONAL 5,MADIUN,BOJONEGORO,BJN,,,2024-03-16 23:22:43,42734,2016,12,NON TITO,,,JAWA TIMUR,0.9375,ORANGE,39281567,AREA 3,JATIM,LAMONGAN,TUBAN BOJONEGORO,,,0,0,0,JAWA TIMUR,BOJONEGORO,BOJONEGORO,PACUL,BOJONEGORO
12431668598,,ODP-PAZ-FP/51,-7.135492,111.640207,,,1,7,0,0,8,REGIONAL 5,MADIUN,BOJONEGORO,PAD,,,2025-10-08 18:06:02,45937,2025,10,NON TITO,,,JAWA TIMUR,0.875,ORANGE,1501988014,AREA 3,JATIM,LAMONGAN,TUBAN BOJONEGORO,,,0,0,0,JAWA TIMUR,BOJONEGORO,KASIMAN,BESAH,BOJONEGORO
9447194380,,ODP-SMJ-FJ/31,-7.30274,111.954291,,,1,7,0,0,8,REGIONAL 5,MADIUN,BOJONEGORO,SMJ,,,2024-03-16 23:26:56,44858,2022,10,NON TITO,,,JAWA TIMUR,0.875,ORANGE,1246055765,AREA 3,JATIM,LAMONGAN,TUBAN BOJONEGORO,,,0,0,0,JAWA TIMUR,BOJONEGORO,SUGIHWARAS,SIWALAN,BOJONEGORO
1279619950,,ODP-PAZ-FC/08,-7.135233,111.631739,,,1,15,0,0,16,REGIONAL 5,MADIUN,BOJONEGORO,PAD,,,2024-03-16 23:26:32,42787,2017,2,NON TITO,,,JAWA TIMUR,0.9375,ORANGE,69907193,AREA 3,JATIM,LAMONGAN,TUBAN BOJONEGORO,,,0,0,0,JAWA TIMUR,BOJONEGORO,KASIMAN,SAMBENG,BOJONEGORO
1299721518,,ODP-SMJ-FD/08,-7.173614,112.015386,,,1,15,0,0,16,REGIONAL 5,MADIUN,BOJONEGORO,SMJ,,,2024-03-16 23:24:37,42795,2017,3,NON TITO,,,JAWA TIMUR,0.9375,ORANGE,79287567,AREA 3,JATIM,LAMONGAN,TUBAN BOJONEGORO,,,0,0,0,JAWA TIMUR,BOJONEGORO,SUMBEREJO,TALUN,BOJONEGORO
11682343879,,ODP-KDU-FB/40,-7.145992,111.807087,,,0,7,0,0,8,REGIONAL 5,MADIUN,BOJONEGORO,KDU,,,2024-08-21 17:24:54,45525,2024,8,NON TITO,,,JAWA TIMUR,0.875,ORANGE,1457362245,AREA 3,JATIM,LAMONGAN,TUBAN BOJONEGORO,,,0,0,0,JAWA TIMUR,BOJONEGORO,KALITIDU,NGUJO,BOJONEGORO
1987993951,,ODP-BJN-FBD/18,-7.122107,111.865442,,,1,7,0,0,8,REGIONAL 5,MADIUN,BOJONEGORO,BJN,,,2023-08-30 18:07:57,43056,2017,11,NON TITO,,,JAWA TIMUR,0.875,ORANGE,255772977,AREA 3,JATIM,LAMONGAN,TUBAN BOJONEGORO,,,0,0,0,JAWA TIMUR,TUBAN,PARENGAN,SELOGABUS,BOJONEGORO
2053244304,,ODP-PAZ-FF/11,-7.162174,111.636281,,,1,15,0,0,16,REGIONAL 5,MADIUN,BOJONEGORO,PAD,,,2024-03-16 23:25:01,43083,2017,12,NON TITO,,,JAWA TIMUR,0.9375,ORANGE,256146414,AREA 3,JATIM,LAMONGAN,TUBAN BOJONEGORO,,,0,0,0,JAWA TIMUR,BOJONEGORO,PADANGAN,BANJARJO,BOJONEGORO
9049696606,,ODP-KDU-FF/28,-7.116667,111.731124,,,1,7,0,0,8,REGIONAL 5,MADIUN,BOJONEGORO,KDU,,,2023-08-30 18:02:08,44770,2022,7,NON TITO,,,JAWA TIMUR,0.875,ORANGE,1203854390,AREA 3,JATIM,LAMONGAN,TUBAN BOJONEGORO,,,0,0,0,JAWA TIMUR,BOJONEGORO,KALITIDU,MLATEN,BOJONEGORO
2059469541,,ODP-PAZ-FG/01,-7.253958,111.707639,,,1,7,0,0,8,REGIONAL 5,MADIUN,BOJONEGORO,PAD,,,2024-03-16 23:25:31,43084,2017,12,NON TITO,,,JAWA TIMUR,0.875,ORANGE,256156474,AREA 3,JATIM,LAMONGAN,TUBAN BOJONEGORO,,,0,0,0,JAWA TIMUR,BOJONEGORO,TAMBAKREJO,DOLOKGEDE,BOJONEGORO
1281568861,,ODP-PAZ-FC/19,-7.147548,111.600679,,,1,7,0,0,8,REGIONAL 5,MADIUN,BOJONEGORO,PAD,,,2024-03-16 23:22:25,42788,2017,2,NON TITO,,,JAWA TIMUR,0.875,ORANGE,70130984,AREA 3,JATIM,LAMONGAN,TUBAN BOJONEGORO,,,0,0,0,JAWA TIMUR,BOJONEGORO,PADANGAN,DENGOK,BOJONEGORO
12431668608,,ODP-PAZ-FP/50,-7.137019,111.640062,,,1,7,0,0,8,REGIONAL 5,MADIUN,BOJONEGORO,PAD,,,2025-10-08 18:05:24,45937,2025,10,NON TITO,,,JAWA TIMUR,0.875,ORANGE,1501988021,AREA 3,JATIM,LAMONGAN,TUBAN BOJONEGORO,,,0,0,0,JAWA TIMUR,BOJONEGORO,KASIMAN,BESAH,BOJONEGORO
1104626472,,ODP-BJN-FD/44,-7.16962,111.8789,,,1,7,0,0,8,REGIONAL 5,MADIUN,BOJONEGORO,BJN,,,2024-03-16 23:22:19,42734,2016,12,NON TITO,,,JAWA TIMUR,0.875,ORANGE,39281562,AREA 3,JATIM,LAMONGAN,TUBAN BOJONEGORO,,,0,0,0,JAWA TIMUR,BOJONEGORO,BOJONEGORO,PACUL,BOJONEGORO
2216297373,,ODP-BJN-FY/07,-7.155224,111.891443,,,1,7,0,0,8,REGIONAL 5,MADIUN,BOJONEGORO,BJN,,,2023-08-30 18:01:17,43137,2018,2,NON TITO,,,JAWA TIMUR,0.875,ORANGE,319588854,AREA 3,JATIM,LAMONGAN,TUBAN BOJONEGORO,,,0,0,0,JAWA TIMUR,BOJONEGORO,BOJONEGORO,MOJO KAMPUNG,BOJONEGORO
9693193627,,ODP-BJN-FBN/49,-7.067369,111.841456,,,1,7,0,0,8,REGIONAL 5,MADIUN,BOJONEGORO,BJN,,,2024-03-16 23:23:58,44921,2022,12,NON TITO,,,JAWA TIMUR,0.875,ORANGE,1257319932,AREA 3,JATIM,LAMONGAN,TUBAN BOJONEGORO,,,0,0,0,JAWA TIMUR,TUBAN,PARENGAN,PARANGBATU,BOJONEGORO
1527645398,,ODP-KDU-FA/11,-7.123651,111.742367,,,1,7,0,0,8,REGIONAL 5,MADIUN,BOJONEGORO,KDU,,,2024-03-16 23:22:44,42897,2017,6,NON TITO,,,JAWA TIMUR,0.875,ORANGE,156462184,AREA 3,JATIM,LAMONGAN,TUBAN BOJONEGORO,,,0,0,0,JAWA TIMUR,BOJONEGORO,KALITIDU,TALOK,BOJONEGORO
1287730248,,ODP-BJN-FQ/19,-7.164605,111.887624,,,3,13,0,0,16,REGIONAL 5,MADIUN,BOJONEGORO,BJN,,,2024-03-16 23:23:24,42790,2017,2,NON TITO,,,JAWA TIMUR,0.8125,ORANGE,67376006,AREA 3,JATIM,LAMONGAN,TUBAN BOJONEGORO,,,0,0,0,JAWA TIMUR,BOJONEGORO,BOJONEGORO,SUKOREJO,BOJONEGORO
1339244320,,ODP-SMJ-FG/16,-7.179704,111.99215,,,2,14,0,0,16,REGIONAL 5,MADIUN,BOJONEGORO,SMJ,,,2024-03-16 23:21:08,42824,2017,3,NON TITO,,,JAWA TIMUR,0.875,ORANGE,81674294,AREA 3,JATIM,LAMONGAN,TUBAN BOJONEGORO,,,0,0,0,JAWA TIMUR,BOJONEGORO,BALEN,KEDUNGBONDO,BOJONEGORO
1287729700,,ODP-BJN-FQ/27,-7.161021,111.888678,,,1,7,0,0,8,REGIONAL 5,MADIUN,BOJONEGORO,BJN,,,2023-08-30 18:01:21,42790,2017,2,NON TITO,,,JAWA TIMUR,0.875,ORANGE,70147389,AREA 3,JATIM,LAMONGAN,TUBAN BOJONEGORO,,,0,0,0,JAWA TIMUR,BOJONEGORO,BOJONEGORO,SUKOREJO,BOJONEGORO
4688368750,,ODP-BJN-FBL/08,-7.334422,111.914721,,,1,7,0,0,8,REGIONAL 5,MADIUN,BOJONEGORO,BJN,,,2023-08-30 18:00:21,43890,2020,2,NON TITO,,,JAWA TIMUR,0.875,ORANGE,823844227,AREA 3,JATIM,LAMONGAN,TUBAN BOJONEGORO,,,0,0,0,JAWA TIMUR,BOJONEGORO,TEMAYANG,PAPRINGAN,BOJONEGORO
3215295170,,ODP-SMJ-FH/10,-7.223813,112.044707,,,1,7,0,0,8,REGIONAL 5,MADIUN,BOJONEGORO,SMJ,,,2023-08-30 18:10:00,43479,2019,1,NON TITO,,,JAWA TIMUR,0.875,ORANGE,451587431,AREA 3,JATIM,LAMONGAN,TUBAN BOJONEGORO,,,0,0,0,JAWA TIMUR,BOJONEGORO,SUMBEREJO,BANJARJO,BOJONEGORO
1281570139,,ODP-PAZ-FC/20,-7.148517,111.600571,,,2,14,0,0,16,REGIONAL 5,MADIUN,BOJONEGORO,PAD,,,2024-03-16 23:22:46,42788,2017,2,NON TITO,,,JAWA TIMUR,0.875,ORANGE,67365154,AREA 3,JATIM,LAMONGAN,TUBAN BOJONEGORO,,,0,0,0,JAWA TIMUR,BOJONEGORO,PADANGAN,DENGOK,BOJONEGORO
1345789589,,ODP-SMJ-FG/07,-7.181248,111.999995,,,1,7,0,0,8,REGIONAL 5,MADIUN,BOJONEGORO,SMJ,,,2024-03-16 23:22:30,42832,2017,4,NON TITO,,,JAWA TIMUR,0.875,ORANGE,81707560,AREA 3,JATIM,LAMONGAN,TUBAN BOJONEGORO,,,0,0,0,JAWA TIMUR,BOJONEGORO,SUMBEREJO,SUMBERREJO,BOJONEGORO
10607293682,,ODP-BJN-FL/115,-7.146288,111.857244,,,1,7,0,0,8,REGIONAL 5,MADIUN,BOJONEGORO,BJN,,,2024-03-16 23:26:53,45180,2023,9,NON TITO,,,JAWA TIMUR,0.875,ORANGE,1318780189,AREA 3,JATIM,LAMONGAN,TUBAN BOJONEGORO,,,0,0,0,JAWA TIMUR,BOJONEGORO,DANDER,NGABLAK,BOJONEGORO
1281569659,,ODP-PAZ-FC/26,-7.155608,111.614498,,,2,14,0,0,16,REGIONAL 5,MADIUN,BOJONEGORO,PAD,,,2024-03-16 23:22:41,42788,2017,2,NON TITO,,,JAWA TIMUR,0.875,ORANGE,67364959,AREA 3,JATIM,LAMONGAN,TUBAN BOJONEGORO,,,0,0,0,JAWA TIMUR,BOJONEGORO,PADANGAN,PADANGAN,BOJONEGORO
4260793853,,ODP-SMJ-FJ/16,-7.282676,111.95425,,,1,7,0,0,8,REGIONAL 5,MADIUN,BOJONEGORO,SMJ,,,2023-08-30 18:10:59,43777,2019,11,NON TITO,,,JAWA TIMUR,0.875,ORANGE,758188973,AREA 3,JATIM,LAMONGAN,TUBAN BOJONEGORO,,,0,0,0,JAWA TIMUR,BOJONEGORO,SUGIHWARAS,BALONGREJO,BOJONEGORO
1311495185,,ODP-BJN-FN/32,-7.148972,111.877752,,,1,15,0,0,16,REGIONAL 5,MADIUN,BOJONEGORO,BJN,,,2024-03-16 23:28:08,42800,2017,3,NON TITO,,,JAWA TIMUR,0.9375,ORANGE,79307442,AREA 3,JATIM,LAMONGAN,TUBAN BOJONEGORO,,,0,0,0,JAWA TIMUR,BOJONEGORO,BOJONEGORO,KAUMAN,BOJONEGORO
1311495182,,ODP-BJN-FN/29,-7.14939,111.87552,,,3,13,0,0,16,REGIONAL 5,MADIUN,BOJONEGORO,BJN,,,2024-03-16 23:27:40,42800,2017,3,NON TITO,,,JAWA TIMUR,0.8125,ORANGE,79307439,AREA 3,JATIM,LAMONGAN,TUBAN BOJONEGORO,,,0,0,0,JAWA TIMUR,BOJONEGORO,BOJONEGORO,KAUMAN,BOJONEGORO
1356643711,,ODP-SMJ-FB/04,-7.152647,112.062729,,,1,7,0,0,8,REGIONAL 5,MADIUN,BOJONEGORO,SMJ,,,2024-03-16 23:25:03,42836,2017,4,NON TITO,,,JAWA TIMUR,0.875,ORANGE,81720511,AREA 3,JATIM,LAMONGAN,TUBAN BOJONEGORO,,,0,0,0,JAWA TIMUR,BOJONEGORO,BAURENO,NGEMPLAK,BOJONEGORO
10636543906,,ODP-PAZ-FF/22,-7.161037,111.634205,,,1,7,0,0,8,REGIONAL 5,MADIUN,BOJONEGORO,PAD,,,2024-03-16 23:28:22,45188,2023,9,NON TITO,,,JAWA TIMUR,0.875,ORANGE,1322459067,AREA 3,JATIM,LAMONGAN,TUBAN BOJONEGORO,,,0,0,0,JAWA TIMUR,BOJONEGORO,PADANGAN,BANJARJO,BOJONEGORO
787694518,,ODP-BJN-FN/16,-7.15605,111.878467,,,1,15,0,0,16,REGIONAL 5,MADIUN,BOJONEGORO,BJN,,,2024-03-16 23:25:32,42586,2016,8,NON TITO,,,JAWA TIMUR,0.9375,ORANGE,34100600,AREA 3,JATIM,LAMONGAN,TUBAN BOJONEGORO,,,0,0,0,JAWA TIMUR,BOJONEGORO,BOJONEGORO,SUMBANG,BOJONEGORO
1356643939,,ODP-SMJ-FB/17,-7.162665,112.036002,,,1,7,0,0,8,REGIONAL 5,MADIUN,BOJONEGORO,SMJ,,,2024-03-16 23:25:39,42836,2017,4,NON TITO,,,JAWA TIMUR,0.875,ORANGE,81720646,AREA 3,JATIM,LAMONGAN,TUBAN BOJONEGORO,,,0,0,0,JAWA TIMUR,BOJONEGORO,SUMBEREJO,PRAYUNGAN,BOJONEGORO
12480643667,,ODP-KDU-FG/01,-7.135329,111.805565,,,0,7,1,0,8,REGIONAL 5,MADIUN,BOJONEGORO,KDU,,,2025-11-20 17:38:01,45980,2025,11,NON TITO,,,JAWA TIMUR,0.875,ORANGE,1502737994,AREA 3,JATIM,LAMONGAN,TUBAN BOJONEGORO,,,0,0,0,JAWA TIMUR,BOJONEGORO,KALITIDU,MOJOSARI,BOJONEGORO
1279619824,,ODP-PAZ-FC/16,-7.155128,111.617268,,,0,15,1,0,16,REGIONAL 5,MADIUN,BOJONEGORO,PAD,,,2024-03-16 23:25:16,42787,2017,2,NON TITO,,,JAWA TIMUR,0.9375,ORANGE,67358515,AREA 3,JATIM,LAMONGAN,TUBAN BOJONEGORO,,,0,0,0,JAWA TIMUR,BOJONEGORO,PADANGAN,PADANGAN,BOJONEGORO
1199743981,,ODP-BJN-FX/40,-7.145336,111.9062,,,1,7,0,0,8,REGIONAL 5,MADIUN,BOJONEGORO,BJN,,,2023-08-30 18:00:57,42767,2017,2,NON TITO,,,JAWA TIMUR,0.875,ORANGE,41216068,AREA 3,JATIM,LAMONGAN,TUBAN BOJONEGORO,,,0,0,0,JAWA TIMUR,BOJONEGORO,BOJONEGORO,CAMPUREJO,BOJONEGORO
1356644510,,ODP-SMJ-FB/20,-7.169424,112.029525,,,1,7,0,0,8,REGIONAL 5,MADIUN,BOJONEGORO,SMJ,,,2024-03-16 23:26:08,42836,2017,4,NON TITO,,,JAWA TIMUR,0.875,ORANGE,81720838,AREA 3,JATIM,LAMONGAN,TUBAN BOJONEGORO,,,0,0,0,JAWA TIMUR,BOJONEGORO,SUMBEREJO,PRAYUNGAN,BOJONEGORO
1356643708,,ODP-SMJ-FB/14,-7.162853,112.045385,,,1,7,0,0,8,REGIONAL 5,MADIUN,BOJONEGORO,SMJ,,,2024-03-16 23:24:49,42836,2017,4,NON TITO,,,JAWA TIMUR,0.875,ORANGE,81720508,AREA 3,JATIM,LAMONGAN,TUBAN BOJONEGORO,,,0,0,0,JAWA TIMUR,BOJONEGORO,SUMBEREJO,MEJUWET,BOJONEGORO
1356644513,,ODP-SMJ-FB/13,-7.162021,112.047068,,,2,14,0,0,16,REGIONAL 5,MADIUN,BOJONEGORO,SMJ,,,2024-03-16 23:26:09,42836,2017,4,NON TITO,,,JAWA TIMUR,0.875,ORANGE,81720840,AREA 3,JATIM,LAMONGAN,TUBAN BOJONEGORO,,,0,0,0,JAWA TIMUR,BOJONEGORO,SUMBEREJO,MEJUWET,BOJONEGORO
11572096941,,ODP-SMJ-FL/35,-7.112379,112.045601,,,1,7,0,0,8,REGIONAL 5,MADIUN,BOJONEGORO,SMJ,,,2024-06-20 23:38:30,45462,2024,6,NON TITO,,,JAWA TIMUR,0.875,ORANGE,1443037056,AREA 3,JATIM,LAMONGAN,TUBAN BOJONEGORO,,,0,0,0,JAWA TIMUR,BOJONEGORO,KANOR,SIMOREJO,BOJONEGORO
9788069729,,ODP-SMJ-FK/34,-7.250207,112.081061,,,1,7,0,0,8,REGIONAL 5,MADIUN,BOJONEGORO,SMJ,,,2024-03-16 23:24:26,44953,2023,1,NON TITO,,,JAWA TIMUR,0.875,ORANGE,1265066421,AREA 3,JATIM,LAMONGAN,TUBAN BOJONEGORO,,,0,0,0,JAWA TIMUR,BOJONEGORO,KEPOHBARU,PEJOK,BOJONEGORO
11501293580,,ODP-SMJ-FN/43,-7.248451,111.971236,,,1,7,0,0,8,REGIONAL 5,MADIUN,BOJONEGORO,SMJ,,,2024-04-29 17:22:28,45411,2024,4,NON TITO,,,JAWA TIMUR,0.875,ORANGE,1424669643,AREA 3,JATIM,LAMONGAN,TUBAN BOJONEGORO,,,0,0,0,JAWA TIMUR,BOJONEGORO,SUKOSEWU,PACING,BOJONEGORO
1281571932,,ODP-PAZ-FC/28,-7.156774,111.618235,,,1,7,0,0,8,REGIONAL 5,MADIUN,BOJONEGORO,PAD,,,2024-03-16 23:23:27,42788,2017,2,NON TITO,,,JAWA TIMUR,0.875,ORANGE,67366179,AREA 3,JATIM,LAMONGAN,TUBAN BOJONEGORO,,,0,0,0,JAWA TIMUR,BOJONEGORO,PADANGAN,KUNCEN,BOJONEGORO
1281571908,,ODP-PAZ-FC/27,-7.156642,111.616122,,,1,7,0,0,8,REGIONAL 5,MADIUN,BOJONEGORO,PAD,,,2024-03-16 23:22:35,42788,2017,2,NON TITO,,,JAWA TIMUR,0.875,ORANGE,67366163,AREA 3,JATIM,LAMONGAN,TUBAN BOJONEGORO,,,0,0,0,JAWA TIMUR,BOJONEGORO,PADANGAN,PADANGAN,BOJONEGORO
1281571896,,ODP-PAZ-FC/30,-7.156464,111.621524,,,1,7,0,0,8,REGIONAL 5,MADIUN,BOJONEGORO,PAD,,,2024-03-16 23:23:28,42788,2017,2,NON TITO,,,JAWA TIMUR,0.875,ORANGE,67366152,AREA 3,JATIM,LAMONGAN,TUBAN BOJONEGORO,,,0,0,0,JAWA TIMUR,BOJONEGORO,PADANGAN,KUNCEN,BOJONEGORO
5808870130,,ODP-BJN-FBM/04,-7.265066,111.876119,,,1,7,0,0,8,REGIONAL 5,MADIUN,BOJONEGORO,BJN,,,2024-10-05 17:32:30,44194,2020,12,NON TITO,,,JAWA TIMUR,0.875,ORANGE,858760950,AREA 3,JATIM,LAMONGAN,TUBAN BOJONEGORO,,,0,0,0,JAWA TIMUR,BOJONEGORO,DANDER,KUNCI,BOJONEGORO
787694481,,ODP-BJN-FN/13,-7.153944,111.881106,,,1,7,0,0,8,REGIONAL 5,MADIUN,BOJONEGORO,BJN,,,2024-03-16 23:25:38,42586,2016,8,NON TITO,,,JAWA TIMUR,0.875,ORANGE,34100410,AREA 3,JATIM,LAMONGAN,TUBAN BOJONEGORO,,,0,0,0,JAWA TIMUR,BOJONEGORO,BOJONEGORO,SUMBANG,BOJONEGORO
3215295401,,ODP-SMJ-FE/25,-7.304725,112.046599,,,1,7,0,0,8,REGIONAL 5,MADIUN,BOJONEGORO,SMJ,,,2023-08-30 18:08:52,43479,2019,1,NON TITO,,,JAWA TIMUR,0.875,ORANGE,451587700,AREA 3,JATIM,LAMONGAN,TUBAN BOJONEGORO,,,0,0,0,JAWA TIMUR,BOJONEGORO,KEDUNGADEM,KEDUNGADEM,BOJONEGORO
1345789349,,ODP-SMJ-FG/06,-7.183634,111.999756,,,1,7,0,0,8,REGIONAL 5,MADIUN,BOJONEGORO,SMJ,,,2024-03-16 23:22:25,42832,2017,4,NON TITO,,,JAWA TIMUR,0.875,ORANGE,81198300,AREA 3,JATIM,LAMONGAN,TUBAN BOJONEGORO,,,0,0,0,JAWA TIMUR,BOJONEGORO,SUMBEREJO,SUMURAGUNG,BOJONEGORO
1345789376,,ODP-SMJ-FG/09,-7.179623,112.000144,,,2,14,0,0,16,REGIONAL 5,MADIUN,BOJONEGORO,SMJ,,,2024-03-16 23:22:38,42832,2017,4,NON TITO,,,JAWA TIMUR,0.875,ORANGE,81198318,AREA 3,JATIM,LAMONGAN,TUBAN BOJONEGORO,,,0,0,0,JAWA TIMUR,BOJONEGORO,SUMBEREJO,SUMBERREJO,BOJONEGORO
10608268568,,ODP-PAZ-FC/68,-7.156921,111.618442,,,1,7,0,0,8,REGIONAL 5,MADIUN,BOJONEGORO,PAD,,,2024-03-16 23:25:00,45177,2023,9,NON TITO,,,JAWA TIMUR,0.875,ORANGE,1317879602,AREA 3,JATIM,LAMONGAN,TUBAN BOJONEGORO,,,0,0,0,JAWA TIMUR,BOJONEGORO,PADANGAN,KUNCEN,BOJONEGORO
9920593853,,ODP-BJN-FBK/36,-7.260926,111.765088,,,1,7,0,0,8,REGIONAL 5,MADIUN,BOJONEGORO,BJN,,,2024-03-16 23:21:59,44984,2023,2,NON TITO,,,JAWA TIMUR,0.875,ORANGE,1270800032,AREA 3,JATIM,LAMONGAN,TUBAN BOJONEGORO,,,0,0,0,JAWA TIMUR,BOJONEGORO,NGASEM,NGADILUWIH,BOJONEGORO
1281571876,,ODP-BJN-FE/51,-7.176937,111.904534,,,1,7,0,0,8,REGIONAL 5,MADIUN,BOJONEGORO,BJN,,,2024-03-16 23:23:19,42788,2017,2,NON TITO,,,JAWA TIMUR,0.875,ORANGE,67366137,AREA 3,JATIM,LAMONGAN,TUBAN BOJONEGORO,,,0,0,0,JAWA TIMUR,BOJONEGORO,KAPAS,TIKUSAN,BOJONEGORO
9913918528,,ODP-BJN-FBQ/10,-7.181398,111.947076,,,1,7,0,0,8,REGIONAL 5,MADIUN,BOJONEGORO,BJN,,,2024-03-16 23:23:34,44979,2023,2,NON TITO,,,JAWA TIMUR,0.875,ORANGE,1268473203,AREA 3,JATIM,LAMONGAN,TUBAN BOJONEGORO,,,0,0,0,JAWA TIMUR,BOJONEGORO,BALEN,SOBONTORO,BOJONEGORO
1281571861,,ODP-BJN-FE/52,-7.17782,111.904193,,,1,7,0,0,8,REGIONAL 5,MADIUN,BOJONEGORO,BJN,,,2024-03-16 23:23:31,42788,2017,2,NON TITO,,,JAWA TIMUR,0.875,ORANGE,67366127,AREA 3,JATIM,LAMONGAN,TUBAN BOJONEGORO,,,0,0,0,JAWA TIMUR,BOJONEGORO,KAPAS,TIKUSAN,BOJONEGORO
1299719605,,ODP-BJN-FL/33,-7.172855,111.8718,,,1,7,0,0,8,REGIONAL 5,MADIUN,BOJONEGORO,BJN,,,2023-08-30 18:01:35,42795,2017,3,NON TITO,,,JAWA TIMUR,0.875,ORANGE,79286878,AREA 3,JATIM,LAMONGAN,TUBAN BOJONEGORO,,,0,0,0,JAWA TIMUR,BOJONEGORO,BOJONEGORO,PACUL,BOJONEGORO
1311495194,,ODP-BJN-FN/26,-7.151856,111.877168,,,3,13,0,0,16,REGIONAL 5,MADIUN,BOJONEGORO,BJN,,,2024-03-16 23:28:38,42800,2017,3,NON TITO,,,JAWA TIMUR,0.8125,ORANGE,79307448,AREA 3,JATIM,LAMONGAN,TUBAN BOJONEGORO,,,0,0,0,JAWA TIMUR,BOJONEGORO,BOJONEGORO,KAUMAN,BOJONEGORO
1345789557,,ODP-SMJ-FG/02,-7.201102,112.001472,,,1,7,0,0,8,REGIONAL 5,MADIUN,BOJONEGORO,SMJ,,,2024-03-16 23:22:29,42832,2017,4,NON TITO,,,JAWA TIMUR,0.875,ORANGE,81198419,AREA 3,JATIM,LAMONGAN,TUBAN BOJONEGORO,,,0,0,0,JAWA TIMUR,BOJONEGORO,SUMBEREJO,DERU,BOJONEGORO
9849568661,,ODP-KDU-FF/33,-7.106885,111.730474,,,1,7,0,0,8,REGIONAL 5,MADIUN,BOJONEGORO,KDU,,,2024-03-16 23:24:12,44964,2023,2,NON TITO,,,JAWA TIMUR,0.875,ORANGE,1266529609,AREA 3,JATIM,LAMONGAN,TUBAN BOJONEGORO,,,0,0,0,JAWA TIMUR,BOJONEGORO,MALO,MALO,BOJONEGORO
9825495434,,ODP-SMJ-FN/32,-7.223083,111.958674,,,1,7,0,0,8,REGIONAL 5,MADIUN,BOJONEGORO,SMJ,,,2024-03-16 23:23:36,44960,2023,2,NON TITO,,,JAWA TIMUR,0.875,ORANGE,1266374340,AREA 3,JATIM,LAMONGAN,TUBAN BOJONEGORO,,,0,0,0,JAWA TIMUR,BOJONEGORO,BALEN,MAYANGKAWIS,BOJONEGORO
10600693642,,ODP-PAZ-FL/15,-7.183897,111.599354,,,1,7,0,0,8,REGIONAL 5,MADIUN,BOJONEGORO,PAD,,,2024-03-16 23:22:30,45176,2023,9,NON TITO,,,JAWA TIMUR,0.875,ORANGE,1317728166,AREA 3,JATIM,LAMONGAN,TUBAN BOJONEGORO,,,0,0,0,JAWA TIMUR,BOJONEGORO,PADANGAN,PURWOREJO,BOJONEGORO
1287729019,,ODP-BJN-FQ/18,-7.163374,111.888205,,,1,7,0,0,8,REGIONAL 5,MADIUN,BOJONEGORO,BJN,,,2024-03-16 23:23:24,42790,2017,2,NON TITO,,,JAWA TIMUR,0.875,ORANGE,67375137,AREA 3,JATIM,LAMONGAN,TUBAN BOJONEGORO,,,0,0,0,JAWA TIMUR,BOJONEGORO,BOJONEGORO,SUKOREJO,BOJONEGORO
9729868634,,ODP-PAZ-FS/13,-7.184345,111.662595,,,1,7,0,0,8,REGIONAL 5,MADIUN,BOJONEGORO,PAD,,,2024-03-16 23:23:44,44930,2023,1,NON TITO,,,JAWA TIMUR,0.875,ORANGE,1259575389,AREA 3,JATIM,LAMONGAN,TUBAN BOJONEGORO,,,0,0,0,JAWA TIMUR,BOJONEGORO,PURWOSARI,PURWOSARI,BOJONEGORO
1356644516,,ODP-SMJ-FB/15,-7.164099,112.042457,,,2,14,0,0,16,REGIONAL 5,MADIUN,BOJONEGORO,SMJ,,,2024-03-16 23:26:01,42836,2017,4,NON TITO,,,JAWA TIMUR,0.875,ORANGE,81720845,AREA 3,JATIM,LAMONGAN,TUBAN BOJONEGORO,,,0,0,0,JAWA TIMUR,BOJONEGORO,SUMBEREJO,MEJUWET,BOJONEGORO
1279619760,,ODP-PAZ-FC/07,-7.144842,111.617971,,,1,7,0,0,8,REGIONAL 5,MADIUN,BOJONEGORO,PAD,,,2024-03-16 23:26:08,42787,2017,2,NON TITO,,,JAWA TIMUR,0.875,ORANGE,67358492,AREA 3,JATIM,LAMONGAN,TUBAN BOJONEGORO,,,0,0,0,JAWA TIMUR,BOJONEGORO,KASIMAN,BATOKAN,BOJONEGORO
1199744112,,ODP-BJN-FX/43,-7.154518,111.904254,,,2,14,0,0,16,REGIONAL 5,MADIUN,BOJONEGORO,BJN,,,2024-03-16 23:25:23,42767,2017,2,NON TITO,,,JAWA TIMUR,0.875,ORANGE,41216148,AREA 3,JATIM,LAMONGAN,TUBAN BOJONEGORO,,,0,0,0,JAWA TIMUR,BOJONEGORO,BOJONEGORO,CAMPUREJO,BOJONEGORO
650819191,,ODP-BJN-FP/12,-7.191017,111.874425,,,2,13,0,0,16,REGIONAL 5,MADIUN,BOJONEGORO,BJN,,,2024-03-16 23:29:17,42527,2016,6,NON TITO,,,JAWA TIMUR,0.8125,ORANGE,33556102,AREA 3,JATIM,LAMONGAN,TUBAN BOJONEGORO,,,0,0,0,JAWA TIMUR,BOJONEGORO,KAPAS,BANGILAN,BOJONEGORO
1199743978,,ODP-BJN-FX/30,-7.144373,111.906902,,,2,14,0,0,16,REGIONAL 5,MADIUN,BOJONEGORO,BJN,,,2024-03-16 23:25:19,42767,2017,2,NON TITO,,,JAWA TIMUR,0.875,ORANGE,41216066,AREA 3,JATIM,LAMONGAN,TUBAN BOJONEGORO,,,0,0,0,JAWA TIMUR,BOJONEGORO,BOJONEGORO,MULYOAGUNG,BOJONEGORO
1511679311,,ODP-BJN-FP/37,-7.155845,111.872253,,,2,14,0,0,16,REGIONAL 5,MADIUN,BOJONEGORO,BJN,,,2024-03-16 23:25:38,42891,2017,6,NON TITO,,,JAWA TIMUR,0.875,ORANGE,156265913,AREA 3,JATIM,LAMONGAN,TUBAN BOJONEGORO,,,0,0,0,JAWA TIMUR,BOJONEGORO,BOJONEGORO,KLANGON,BOJONEGORO
1311494732,,ODP-BJN-FL/23,-7.161727,111.872246,,,1,7,0,0,8,REGIONAL 5,MADIUN,BOJONEGORO,BJN,,,2024-03-16 23:28:34,42800,2017,3,NON TITO,,,JAWA TIMUR,0.875,ORANGE,79307056,AREA 3,JATIM,LAMONGAN,TUBAN BOJONEGORO,,,0,0,0,JAWA TIMUR,BOJONEGORO,BOJONEGORO,JETAK,BOJONEGORO
1511679368,,ODP-BJN-FP/42,-7.158956,111.880119,,,2,14,0,0,16,REGIONAL 5,MADIUN,BOJONEGORO,BJN,,,2024-03-16 23:26:11,42891,2017,6,NON TITO,,,JAWA TIMUR,0.875,ORANGE,156265949,AREA 3,JATIM,LAMONGAN,TUBAN BOJONEGORO,,,0,0,0,JAWA TIMUR,BOJONEGORO,BOJONEGORO,SUMBANG,BOJONEGORO
650819173,,ODP-BJN-FP/10,-7.199622,111.871153,,,1,7,0,0,8,REGIONAL 5,MADIUN,BOJONEGORO,BJN,,,2024-03-16 23:29:16,42527,2016,6,NON TITO,,,JAWA TIMUR,0.875,ORANGE,33556054,AREA 3,JATIM,LAMONGAN,TUBAN BOJONEGORO,,,0,0,0,JAWA TIMUR,BOJONEGORO,KAPAS,BANGILAN,BOJONEGORO
1511679374,,ODP-BJN-FP/34,-7.157541,111.874603,,,1,7,0,0,8,REGIONAL 5,MADIUN,BOJONEGORO,BJN,,,2024-03-16 23:24:42,42891,2017,6,NON TITO,,,JAWA TIMUR,0.875,ORANGE,156265953,AREA 3,JATIM,LAMONGAN,TUBAN BOJONEGORO,,,0,0,0,JAWA TIMUR,BOJONEGORO,BOJONEGORO,KLANGON,BOJONEGORO
1199743975,,ODP-BJN-FX/36,-7.149143,111.910932,,,3,13,0,0,16,REGIONAL 5,MADIUN,BOJONEGORO,BJN,,,2024-03-16 23:25:54,42767,2017,2,NON TITO,,,JAWA TIMUR,0.8125,ORANGE,41216064,AREA 3,JATIM,LAMONGAN,TUBAN BOJONEGORO,,,0,0,0,JAWA TIMUR,BOJONEGORO,BOJONEGORO,CAMPURJO,BOJONEGORO
1199744115,,ODP-BJN-FX/35,-7.147947,111.911511,,,2,14,0,0,16,REGIONAL 5,MADIUN,BOJONEGORO,BJN,,,2024-03-16 23:25:03,42767,2017,2,NON TITO,,,JAWA TIMUR,0.875,ORANGE,41216150,AREA 3,JATIM,LAMONGAN,TUBAN BOJONEGORO,,,0,0,0,JAWA TIMUR,BOJONEGORO,BOJONEGORO,CAMPURJO,BOJONEGORO
3175844500,,ODP-BJN-FP/60,-7.164593,111.882109,,,2,14,0,0,16,REGIONAL 5,MADIUN,BOJONEGORO,BJN,,,2023-08-30 18:02:43,43448,2018,12,NON TITO,,,JAWA TIMUR,0.875,ORANGE,407142603,AREA 3,JATIM,LAMONGAN,TUBAN BOJONEGORO,,,0,0,0,JAWA TIMUR,BOJONEGORO,BOJONEGORO,SUKOREJO,BOJONEGORO
11612819441,,ODP-PAZ-FB/31,-7.136902,111.725395,,,1,7,0,0,8,REGIONAL 5,MADIUN,BOJONEGORO,PAD,,,2024-07-04 17:32:10,45477,2024,7,NON TITO,,,JAWA TIMUR,0.875,ORANGE,1444611547,AREA 3,JATIM,LAMONGAN,TUBAN BOJONEGORO,,,0,0,0,JAWA TIMUR,BOJONEGORO,KALITIDU,SUMENGKO,BOJONEGORO
1511679584,,ODP-BJN-FP/36,-7.156882,111.873092,,,2,14,0,0,16,REGIONAL 5,MADIUN,BOJONEGORO,BJN,,,2024-03-16 23:25:19,42891,2017,6,NON TITO,,,JAWA TIMUR,0.875,ORANGE,156266106,AREA 3,JATIM,LAMONGAN,TUBAN BOJONEGORO,,,0,0,0,JAWA TIMUR,BOJONEGORO,BOJONEGORO,KLANGON,BOJONEGORO
3175172826,,ODP-KDU-FA/42,-7.145994,111.761596,,,1,7,0,0,8,REGIONAL 5,MADIUN,BOJONEGORO,KDU,,,2023-08-30 18:05:44,43445,2018,12,NON TITO,,,JAWA TIMUR,0.875,ORANGE,407126198,AREA 3,JATIM,LAMONGAN,TUBAN BOJONEGORO,,,0,0,0,JAWA TIMUR,BOJONEGORO,KALITIDU,WOTAN NGARE,BOJONEGORO
1511679587,,ODP-BJN-FP/43,-7.15941,111.881239,,,1,15,0,0,16,REGIONAL 5,MADIUN,BOJONEGORO,BJN,,,2024-03-16 23:25:47,42891,2017,6,NON TITO,,,JAWA TIMUR,0.9375,ORANGE,156266108,AREA 3,JATIM,LAMONGAN,TUBAN BOJONEGORO,,,0,0,0,JAWA TIMUR,BOJONEGORO,BOJONEGORO,SUMBANG,BOJONEGORO
1511679590,,ODP-BJN-FP/40,-7.157991,111.877753,,,2,14,0,0,16,REGIONAL 5,MADIUN,BOJONEGORO,BJN,,,2024-03-16 23:26:21,42891,2017,6,NON TITO,,,JAWA TIMUR,0.875,ORANGE,156266110,AREA 3,JATIM,LAMONGAN,TUBAN BOJONEGORO,,,0,0,0,JAWA TIMUR,BOJONEGORO,BOJONEGORO,SUMBANG,BOJONEGORO
1511679660,,ODP-BJN-FP/31,-7.158854,111.875663,,,1,15,0,0,16,REGIONAL 5,MADIUN,BOJONEGORO,BJN,,,2024-03-16 23:26:21,42891,2017,6,NON TITO,,,JAWA TIMUR,0.9375,ORANGE,156266152,AREA 3,JATIM,LAMONGAN,TUBAN BOJONEGORO,,,0,0,0,JAWA TIMUR,BOJONEGORO,BOJONEGORO,KLANGON,BOJONEGORO
1303844945,,ODP-BJN-FW/12,-7.154851,111.888241,,,1,7,0,0,8,REGIONAL 5,MADIUN,BOJONEGORO,BJN,,,2024-03-16 23:24:15,42797,2017,3,NON TITO,,,JAWA TIMUR,0.875,ORANGE,79297918,AREA 3,JATIM,LAMONGAN,TUBAN BOJONEGORO,,,0,0,0,JAWA TIMUR,BOJONEGORO,BOJONEGORO,MOJO KAMPUNG,BOJONEGORO
1303844909,,ODP-BJN-FE/35,-7.165661,111.896537,,,1,15,0,0,16,REGIONAL 5,MADIUN,BOJONEGORO,BJN,,,2024-03-16 23:24:13,42797,2017,3,NON TITO,,,JAWA TIMUR,0.9375,ORANGE,79297903,AREA 3,JATIM,LAMONGAN,TUBAN BOJONEGORO,,,0,0,0,JAWA TIMUR,BOJONEGORO,BOJONEGORO,SUKOREJO,BOJONEGORO
1527645395,,ODP-KDU-FA/22,-7.130706,111.769209,,,3,13,0,0,16,REGIONAL 5,MADIUN,BOJONEGORO,KDU,,,2024-03-16 23:22:43,42897,2017,6,NON TITO,,,JAWA TIMUR,0.8125,ORANGE,156462182,AREA 3,JATIM,LAMONGAN,TUBAN BOJONEGORO,,,0,0,0,JAWA TIMUR,BOJONEGORO,KALITIDU,PANJUNAN,BOJONEGORO
805093531,,ODP-BJN-FJ/06,-7.146183,111.873672,,,2,14,0,0,16,REGIONAL 5,MADIUN,BOJONEGORO,BJN,,,2024-03-16 23:28:05,42598,2016,8,NON TITO,,,JAWA TIMUR,0.875,ORANGE,34280676,AREA 3,JATIM,LAMONGAN,TUBAN BOJONEGORO,,,0,0,0,JAWA TIMUR,BOJONEGORO,BOJONEGORO,KAUMAN,BOJONEGORO
1424818612,,ODP-PAZ-FE/09,-7.17185,111.66587,,,1,7,0,0,8,REGIONAL 5,MADIUN,BOJONEGORO,PAD,,,2024-03-16 23:23:53,42860,2017,5,NON TITO,,,JAWA TIMUR,0.875,ORANGE,123434023,AREA 3,JATIM,LAMONGAN,TUBAN BOJONEGORO,,,0,0,0,JAWA TIMUR,BOJONEGORO,GAYAM,BEGED,BOJONEGORO
11575318948,,ODP-KDU-FA/74,-7.126503,111.756764,,,1,7,0,0,8,REGIONAL 5,MADIUN,BOJONEGORO,KDU,,,2024-06-20 23:41:18,45463,2024,6,NON TITO,,,JAWA TIMUR,0.875,ORANGE,1443113199,AREA 3,JATIM,LAMONGAN,TUBAN BOJONEGORO,,,0,0,0,JAWA TIMUR,BOJONEGORO,KALITIDU,BRENGGOLO,BOJONEGORO
5883869263,,ODP-BJN-FBN/07,-7.103068,111.859523,,,1,7,0,0,8,REGIONAL 5,MADIUN,BOJONEGORO,BJN,,,2023-08-30 18:00:58,44209,2021,1,NON TITO,,,JAWA TIMUR,0.875,ORANGE,859881962,AREA 3,JATIM,LAMONGAN,TUBAN BOJONEGORO,,,0,0,0,JAWA TIMUR,TUBAN,PARENGAN,SUCIHARJO,BOJONEGORO
9754695498,,ODP-KDU-FF/32,-7.104015,111.690335,,,1,7,0,0,8,REGIONAL 5,MADIUN,BOJONEGORO,KDU,,,2024-03-16 23:24:29,44945,2023,1,NON TITO,,,JAWA TIMUR,0.875,ORANGE,1262577504,AREA 3,JATIM,LAMONGAN,TUBAN BOJONEGORO,,,0,0,0,JAWA TIMUR,BOJONEGORO,MALO,TAMBAKROMO,BOJONEGORO
1424818797,,ODP-PAZ-FE/08,-7.170618,111.668142,,,1,7,0,0,8,REGIONAL 5,MADIUN,BOJONEGORO,PAD,,,2024-03-16 23:23:56,42860,2017,5,NON TITO,,,JAWA TIMUR,0.875,ORANGE,123434101,AREA 3,JATIM,LAMONGAN,TUBAN BOJONEGORO,,,0,0,0,JAWA TIMUR,BOJONEGORO,GAYAM,BEGED,BOJONEGORO
1424819804,,ODP-PAZ-FE/12,-7.17252,111.65787,,,1,7,0,0,8,REGIONAL 5,MADIUN,BOJONEGORO,PAD,,,2024-03-16 23:23:44,42860,2017,5,NON TITO,,,JAWA TIMUR,0.875,ORANGE,123434402,AREA 3,JATIM,LAMONGAN,TUBAN BOJONEGORO,,,0,0,0,JAWA TIMUR,BOJONEGORO,PURWOSARI,PURWOSARI,BOJONEGORO
1424819810,,ODP-PAZ-FE/10,-7.172249,111.664963,,,1,15,0,0,16,REGIONAL 5,MADIUN,BOJONEGORO,PAD,,,2024-03-16 23:24:11,42860,2017,5,NON TITO,,,JAWA TIMUR,0.9375,ORANGE,123434403,AREA 3,JATIM,LAMONGAN,TUBAN BOJONEGORO,,,0,0,0,JAWA TIMUR,BOJONEGORO,GAYAM,BEGED,BOJONEGORO
10044568685,,ODP-SMJ-FD/25,-7.146699,112.017506,,,0,7,0,0,8,REGIONAL 5,MADIUN,BOJONEGORO,SMJ,,,2024-03-16 23:27:07,45014,2023,3,NON TITO,,,JAWA TIMUR,0.875,ORANGE,1280862024,AREA 3,JATIM,LAMONGAN,TUBAN BOJONEGORO,,,0,0,0,JAWA TIMUR,BOJONEGORO,KANOR,PALEMBON,BOJONEGORO
9754695493,,ODP-BJN-FAG/47,-7.19336,111.93658,,,1,7,0,0,8,REGIONAL 5,MADIUN,BOJONEGORO,BJN,,,2024-03-16 23:24:00,44945,2023,1,NON TITO,,,JAWA TIMUR,0.875,ORANGE,1262577489,AREA 3,JATIM,LAMONGAN,TUBAN BOJONEGORO,,,0,0,0,JAWA TIMUR,BOJONEGORO,KAPAS,SEMENPINGGIR,BOJONEGORO
1199744512,,ODP-BJN-FX/21,-7.146323,111.899022,,,1,15,0,0,16,REGIONAL 5,MADIUN,BOJONEGORO,BJN,,,2024-03-16 23:25:13,42767,2017,2,NON TITO,,,JAWA TIMUR,0.9375,ORANGE,41216394,AREA 3,JATIM,LAMONGAN,TUBAN BOJONEGORO,,,0,0,0,JAWA TIMUR,BOJONEGORO,BOJONEGORO,NGROWO,BOJONEGORO
786118957,,ODP-BJN-FN/07,-7.150742,111.881978,,,1,7,0,0,8,REGIONAL 5,MADIUN,BOJONEGORO,BJN,,,2024-03-16 23:24:17,42586,2016,8,NON TITO,,,JAWA TIMUR,0.875,ORANGE,34246740,AREA 3,JATIM,LAMONGAN,TUBAN BOJONEGORO,,,0,0,0,JAWA TIMUR,BOJONEGORO,BOJONEGORO,KAUMAN,BOJONEGORO
1199744509,,ODP-BJN-FX/20,-7.144265,111.898718,,,3,13,0,0,16,REGIONAL 5,MADIUN,BOJONEGORO,BJN,,,2024-03-16 23:26:20,42767,2017,2,NON TITO,,,JAWA TIMUR,0.8125,ORANGE,41216392,AREA 3,JATIM,LAMONGAN,TUBAN BOJONEGORO,,,0,0,0,JAWA TIMUR,BOJONEGORO,BOJONEGORO,KARANG PACAR,BOJONEGORO
1199744118,,ODP-BJN-FX/44,-7.153998,111.902278,,,1,15,0,0,16,REGIONAL 5,MADIUN,BOJONEGORO,BJN,,,2024-03-16 23:26:00,42767,2017,2,NON TITO,,,JAWA TIMUR,0.9375,ORANGE,41216152,AREA 3,JATIM,LAMONGAN,TUBAN BOJONEGORO,,,0,0,0,JAWA TIMUR,BOJONEGORO,BOJONEGORO,CAMPUREJO,BOJONEGORO
3207195306,,ODP-KDU-FA/37,-7.103264,111.722047,,,1,7,0,0,8,REGIONAL 5,MADIUN,BOJONEGORO,KDU,,,2023-08-30 18:07:26,43460,2018,12,NON TITO,,,JAWA TIMUR,0.875,ORANGE,407789134,AREA 3,JATIM,LAMONGAN,TUBAN BOJONEGORO,,,0,0,0,JAWA TIMUR,BOJONEGORO,MALO,KETILENG,BOJONEGORO
1199744373,,ODP-BJN-FX/22,-7.148324,111.899291,,,1,15,0,0,16,REGIONAL 5,MADIUN,BOJONEGORO,BJN,,,2024-03-16 23:25:47,42767,2017,2,NON TITO,,,JAWA TIMUR,0.9375,ORANGE,41216308,AREA 3,JATIM,LAMONGAN,TUBAN BOJONEGORO,,,0,0,0,JAWA TIMUR,BOJONEGORO,BOJONEGORO,NGROWO,BOJONEGORO
1379852281,,ODP-PAZ-FE/04,-7.17115,111.653124,,,1,15,0,0,16,REGIONAL 5,MADIUN,BOJONEGORO,PAD,,,2024-03-16 23:23:24,42858,2017,5,NON TITO,,,JAWA TIMUR,0.9375,ORANGE,126086951,AREA 3,JATIM,LAMONGAN,TUBAN BOJONEGORO,,,0,0,0,JAWA TIMUR,BOJONEGORO,PADANGAN,KEBONAGUNG,BOJONEGORO
1199744370,,ODP-BJN-FX/31,-7.145338,111.906861,,,1,7,0,0,8,REGIONAL 5,MADIUN,BOJONEGORO,BJN,,,2024-03-16 23:25:54,42767,2017,2,NON TITO,,,JAWA TIMUR,0.875,ORANGE,41216306,AREA 3,JATIM,LAMONGAN,TUBAN BOJONEGORO,,,0,0,0,JAWA TIMUR,BOJONEGORO,BOJONEGORO,CAMPUREJO,BOJONEGORO
1199744267,,ODP-BJN-FX/38,-7.142287,111.90584,,,2,14,0,0,16,REGIONAL 5,MADIUN,BOJONEGORO,BJN,,,2024-03-16 23:26:16,42767,2017,2,NON TITO,,,JAWA TIMUR,0.875,ORANGE,41216243,AREA 3,JATIM,LAMONGAN,TUBAN BOJONEGORO,,,0,0,0,JAWA TIMUR,BOJONEGORO,BOJONEGORO,MULYOAGUNG,BOJONEGORO
1199744264,,ODP-BJN-FX/41,-7.146302,111.9069,,,1,7,0,0,8,REGIONAL 5,MADIUN,BOJONEGORO,BJN,,,2024-03-16 23:26:00,42767,2017,2,NON TITO,,,JAWA TIMUR,0.875,ORANGE,41216241,AREA 3,JATIM,LAMONGAN,TUBAN BOJONEGORO,,,0,0,0,JAWA TIMUR,BOJONEGORO,BOJONEGORO,CAMPURJO,BOJONEGORO
1311494757,,ODP-BJN-FL/26,-7.16169,111.87197,,,1,7,0,0,8,REGIONAL 5,MADIUN,BOJONEGORO,BJN,,,2024-03-16 23:28:37,42800,2017,3,NON TITO,,,JAWA TIMUR,0.875,ORANGE,79307073,AREA 3,JATIM,LAMONGAN,TUBAN BOJONEGORO,,,0,0,0,JAWA TIMUR,BOJONEGORO,BOJONEGORO,JETAK,BOJONEGORO
10663094229,,ODP-BJN-FM/62,-7.166732,111.879581,,,1,7,0,0,8,REGIONAL 5,MADIUN,BOJONEGORO,BJN,,,2024-03-16 23:25:55,45190,2023,9,NON TITO,,,JAWA TIMUR,0.875,ORANGE,1322841739,AREA 3,JATIM,LAMONGAN,TUBAN BOJONEGORO,,,0,0,0,JAWA TIMUR,BOJONEGORO,BOJONEGORO,SUMBANG,BOJONEGORO
5788172761,,ODP-KDU-FA/63,-7.128515,111.758161,,,1,7,0,0,8,REGIONAL 5,MADIUN,BOJONEGORO,KDU,,,2023-08-30 18:03:13,44194,2020,12,NON TITO,,,JAWA TIMUR,0.875,ORANGE,858766010,AREA 3,JATIM,LAMONGAN,TUBAN BOJONEGORO,,,0,0,0,JAWA TIMUR,BOJONEGORO,KALITIDU,BRENGGOLO,BOJONEGORO
10663243834,,ODP-SMJ-FD/28,-7.177756,112.026965,,,1,7,0,0,8,REGIONAL 5,MADIUN,BOJONEGORO,SMJ,,,2024-03-16 23:22:40,45191,2023,9,NON TITO,,,JAWA TIMUR,0.875,ORANGE,1322843768,AREA 3,JATIM,LAMONGAN,TUBAN BOJONEGORO,,,0,0,0,JAWA TIMUR,BOJONEGORO,SUMBEREJO,JATIGEDE,BOJONEGORO
1199744506,,ODP-BJN-FX/26,-7.152491,111.900309,,,1,7,0,0,8,REGIONAL 5,MADIUN,BOJONEGORO,BJN,,,2024-03-16 23:25:53,42767,2017,2,NON TITO,,,JAWA TIMUR,0.875,ORANGE,41216390,AREA 3,JATIM,LAMONGAN,TUBAN BOJONEGORO,,,0,0,0,JAWA TIMUR,BOJONEGORO,BOJONEGORO,CAMPURJO,BOJONEGORO
12417043719,,ODP-PAZ-FT/34,-7.243743,111.596838,,,1,7,0,0,8,REGIONAL 5,MADIUN,BOJONEGORO,PAD,,,2025-10-04 17:49:22,45933,2025,10,NON TITO,,,JAWA TIMUR,0.875,ORANGE,1501659797,AREA 3,JATIM,LAMONGAN,TUBAN BOJONEGORO,,,0,0,0,JAWA TIMUR,BOJONEGORO,TAMBAKREJO,TANJUNG,BOJONEGORO
1299720077,,ODP-BJN-FL/37,-7.170405,111.868004,,,0,15,1,0,16,REGIONAL 5,MADIUN,BOJONEGORO,BJN,,,2024-03-16 23:24:20,42795,2017,3,NON TITO,,,JAWA TIMUR,0.9375,ORANGE,79287038,AREA 3,JATIM,LAMONGAN,TUBAN BOJONEGORO,,,0,0,0,JAWA TIMUR,BOJONEGORO,BOJONEGORO,PACUL,BOJONEGORO
10900846540,,ODP-SMJ-FD/30,-7.15138,112.016673,,,1,7,0,0,8,REGIONAL 5,MADIUN,BOJONEGORO,SMJ,,,2024-03-16 23:24:40,45247,2023,11,NON TITO,,,JAWA TIMUR,0.875,ORANGE,1333995514,AREA 3,JATIM,LAMONGAN,TUBAN BOJONEGORO,,,0,0,0,JAWA TIMUR,BOJONEGORO,KANOR,PALEMBON,BOJONEGORO
11803169305,,ODP-SMJ-FC/43,-7.114498,112.009236,,,1,7,0,0,8,REGIONAL 5,MADIUN,BOJONEGORO,SMJ,,,2024-10-01 17:33:46,45565,2024,9,NON TITO,,,JAWA TIMUR,0.875,ORANGE,1463273721,AREA 3,JATIM,LAMONGAN,TUBAN BOJONEGORO,,,0,0,0,JAWA TIMUR,BOJONEGORO,KANOR,TAMBAHREJO,BOJONEGORO
770069107,,ODP-BJN-FC/08,-7.148197,111.908222,,,3,13,0,0,16,REGIONAL 5,MADIUN,BOJONEGORO,BJN,,,2024-03-16 23:23:50,42580,2016,7,NON TITO,,,JAWA TIMUR,0.8125,ORANGE,34072583,AREA 3,JATIM,LAMONGAN,TUBAN BOJONEGORO,,,0,0,0,JAWA TIMUR,BOJONEGORO,BOJONEGORO,CAMPURJO,BOJONEGORO
10263868872,,ODP-KDU-FC/45,-7.141948,111.821974,,,1,7,0,0,8,REGIONAL 5,MADIUN,BOJONEGORO,KDU,,,2024-03-16 23:22:24,45096,2023,6,NON TITO,,,JAWA TIMUR,0.875,ORANGE,1294656011,AREA 3,JATIM,LAMONGAN,TUBAN BOJONEGORO,,,0,0,0,JAWA TIMUR,BOJONEGORO,KALITIDU,LERAN,BOJONEGORO
736319796,,ODP-BJN-FE/23,-7.163386,111.895109,,,1,15,0,0,16,REGIONAL 5,MADIUN,BOJONEGORO,BJN,,,2024-03-16 23:27:42,42572,2016,7,NON TITO,,,JAWA TIMUR,0.9375,ORANGE,33775921,AREA 3,JATIM,LAMONGAN,TUBAN BOJONEGORO,,,0,0,0,JAWA TIMUR,BOJONEGORO,BOJONEGORO,SUKOREJO,BOJONEGORO
11805793671,,ODP-BJN-FBP/26,-7.226667,111.861977,,,1,7,0,0,8,REGIONAL 5,MADIUN,BOJONEGORO,BJN,,,2024-10-03 17:35:09,45567,2024,10,NON TITO,,,JAWA TIMUR,0.875,ORANGE,1463281450,AREA 3,JATIM,LAMONGAN,TUBAN BOJONEGORO,,,0,0,0,JAWA TIMUR,BOJONEGORO,DANDER,NGRASEH,BOJONEGORO
2326095731,,ODP-SMJ-FG/30,-7.187353,111.985477,,,1,7,0,0,8,REGIONAL 5,MADIUN,BOJONEGORO,SMJ,,,2024-03-16 23:28:09,43175,2018,3,NON TITO,,,JAWA TIMUR,0.875,ORANGE,333167317,AREA 3,JATIM,LAMONGAN,TUBAN BOJONEGORO,,,0,0,0,JAWA TIMUR,BOJONEGORO,SUMBEREJO,PEKUWON,BOJONEGORO
743894941,,ODP-BJN-FE/22,-7.173472,111.896908,,,2,14,0,0,16,REGIONAL 5,MADIUN,BOJONEGORO,BJN,,,2024-03-16 23:21:43,42571,2016,7,NON TITO,,,JAWA TIMUR,0.875,ORANGE,33774930,AREA 3,JATIM,LAMONGAN,TUBAN BOJONEGORO,,,0,0,0,JAWA TIMUR,BOJONEGORO,KAPAS,KALIANYAR,BOJONEGORO
2326095772,,ODP-SMJ-FG/29,-7.190881,111.985374,,,1,7,0,0,8,REGIONAL 5,MADIUN,BOJONEGORO,SMJ,,,2024-03-16 23:29:17,43175,2018,3,NON TITO,,,JAWA TIMUR,0.875,ORANGE,333167375,AREA 3,JATIM,LAMONGAN,TUBAN BOJONEGORO,,,0,0,0,JAWA TIMUR,BOJONEGORO,SUMBEREJO,PEKUWON,BOJONEGORO
2326095777,,ODP-SMJ-FG/31,-7.183875,111.986189,,,1,7,0,0,8,REGIONAL 5,MADIUN,BOJONEGORO,SMJ,,,2024-03-16 23:29:02,43175,2018,3,NON TITO,,,JAWA TIMUR,0.875,ORANGE,333167383,AREA 3,JATIM,LAMONGAN,TUBAN BOJONEGORO,,,0,0,0,JAWA TIMUR,BOJONEGORO,BALEN,KEDUNGBONDO,BOJONEGORO
408517642,,ODP-PAZ-F06/01,-7.1721,111.656,,,2,14,0,0,16,REGIONAL 5,MADIUN,BOJONEGORO,PAD,,,2024-03-16 23:21:20,42506,2016,5,NON TITO,,,JAWA TIMUR,0.875,ORANGE,25408706,AREA 3,JATIM,LAMONGAN,TUBAN BOJONEGORO,,,0,0,0,JAWA TIMUR,BOJONEGORO,PADANGAN,KEBONAGUNG,BOJONEGORO
11381143658,,ODP-KDU-FF/47,-7.100807,111.737224,,,1,7,0,0,8,REGIONAL 5,MADIUN,BOJONEGORO,KDU,,,2024-03-16 23:24:39,45352,2024,3,NON TITO,,,JAWA TIMUR,0.875,ORANGE,1416787154,AREA 3,JATIM,LAMONGAN,TUBAN BOJONEGORO,,,0,0,0,JAWA TIMUR,BOJONEGORO,MALO,TREMBES,BOJONEGORO
408523543,,ODP-BJN-FC/05,-7.1419,111.902,,,1,7,0,0,8,REGIONAL 5,MADIUN,BOJONEGORO,BJN,,,2023-08-30 17:57:22,42506,2016,5,NON TITO,,,JAWA TIMUR,0.875,ORANGE,25412872,AREA 3,JATIM,LAMONGAN,TUBAN BOJONEGORO,,,0,0,0,JAWA TIMUR,BOJONEGORO,BOJONEGORO,CAMPURJO,BOJONEGORO
9119368587,,ODP-BJN-FV/49,-7.157284,111.893904,,,1,7,0,0,8,REGIONAL 5,MADIUN,BOJONEGORO,BJN,,,2024-03-16 23:25:02,44788,2022,8,NON TITO,,,JAWA TIMUR,0.875,ORANGE,1206211839,AREA 3,JATIM,LAMONGAN,TUBAN BOJONEGORO,,,0,0,0,JAWA TIMUR,BOJONEGORO,BOJONEGORO,MOJO KAMPUNG,BOJONEGORO
11536393908,,ODP-KDU-FF/49,-7.099802,111.742106,,,1,7,0,0,8,REGIONAL 5,MADIUN,BOJONEGORO,KDU,,,2024-05-22 17:24:20,45433,2024,5,NON TITO,,,JAWA TIMUR,0.875,ORANGE,1430988679,AREA 3,JATIM,LAMONGAN,TUBAN BOJONEGORO,,,0,0,0,JAWA TIMUR,BOJONEGORO,MALO,TREMBES,BOJONEGORO
2604269605,,ODP-BJN-FN/60,-7.154808,111.876084,,,1,15,0,0,16,REGIONAL 5,MADIUN,BOJONEGORO,BJN,,,2023-08-30 18:02:09,43257,2018,6,NON TITO,,,JAWA TIMUR,0.9375,ORANGE,361302787,AREA 3,JATIM,LAMONGAN,TUBAN BOJONEGORO,,,0,0,0,JAWA TIMUR,BOJONEGORO,BOJONEGORO,KLANGON,BOJONEGORO
2358719047,,ODP-BJN-FBA/37,-7.182636,111.910233,,,1,7,0,0,8,REGIONAL 5,MADIUN,BOJONEGORO,BJN,,,2024-03-16 23:22:59,43179,2018,3,NON TITO,,,JAWA TIMUR,0.875,ORANGE,333189125,AREA 3,JATIM,LAMONGAN,TUBAN BOJONEGORO,,,0,0,0,JAWA TIMUR,BOJONEGORO,KAPAS,SUKOWATI,BOJONEGORO
408517834,,ODP-BJN-F10/01,-7.163036,111.897297,,,1,13,0,0,16,REGIONAL 5,MADIUN,BOJONEGORO,BJN,,,2024-03-16 23:23:22,42506,2016,5,NON TITO,,,JAWA TIMUR,0.8125,ORANGE,25408861,AREA 3,JATIM,LAMONGAN,TUBAN BOJONEGORO,,,0,0,0,JAWA TIMUR,BOJONEGORO,BOJONEGORO,SUKOREJO,BOJONEGORO
9098368853,,ODP-BJN-FU/97,-7.199992,111.873328,,,1,7,0,0,8,REGIONAL 5,MADIUN,BOJONEGORO,BJN,,,2024-03-16 23:23:24,44782,2022,8,NON TITO,,,JAWA TIMUR,0.875,ORANGE,1206163742,AREA 3,JATIM,LAMONGAN,TUBAN BOJONEGORO,,,0,0,0,JAWA TIMUR,BOJONEGORO,KAPAS,BANGILAN,BOJONEGORO
11805793686,,ODP-BJN-FBP/23,-7.227589,111.862708,,,1,7,0,0,8,REGIONAL 5,MADIUN,BOJONEGORO,BJN,,,2024-10-03 17:35:27,45567,2024,10,NON TITO,,,JAWA TIMUR,0.875,ORANGE,1463281462,AREA 3,JATIM,LAMONGAN,TUBAN BOJONEGORO,,,0,0,0,JAWA TIMUR,BOJONEGORO,DANDER,NGRASEH,BOJONEGORO
2300894294,,ODP-PAZ-FC/34,-7.12719,111.650031,,,3,13,0,0,16,REGIONAL 5,MADIUN,BOJONEGORO,PAD,,,2024-03-16 23:25:10,43171,2018,3,NON TITO,,,JAWA TIMUR,0.8125,ORANGE,325290786,AREA 3,JATIM,LAMONGAN,TUBAN BOJONEGORO,,,0,0,0,JAWA TIMUR,BOJONEGORO,KASIMAN,SEKARAN,BOJONEGORO
739469623,,ODP-BJN-FE/17,-7.177492,111.896839,,,2,13,1,0,16,REGIONAL 5,MADIUN,BOJONEGORO,BJN,,,2024-03-16 23:29:07,42570,2016,7,NON TITO,,,JAWA TIMUR,0.8125,ORANGE,33770277,AREA 3,JATIM,LAMONGAN,TUBAN BOJONEGORO,,,0,0,0,JAWA TIMUR,BOJONEGORO,KAPAS,KALIANYAR,BOJONEGORO
1293570087,,ODP-BJN-FZ/23,-7.131948,111.887303,,,1,14,0,0,16,REGIONAL 5,MADIUN,BOJONEGORO,BJN,,,2024-03-16 23:26:10,42793,2017,2,NON TITO,,,JAWA TIMUR,0.875,ORANGE,79275857,AREA 3,JATIM,LAMONGAN,TUBAN BOJONEGORO,,,0,0,0,JAWA TIMUR,BOJONEGORO,TRUCUK,BANJARSARI,BOJONEGORO
2300894214,,ODP-PAZ-FC/33,-7.116427,111.663521,,,1,7,0,0,8,REGIONAL 5,MADIUN,BOJONEGORO,PAD,,,2024-03-16 23:25:13,43171,2018,3,NON TITO,,,JAWA TIMUR,0.875,ORANGE,325290730,AREA 3,JATIM,LAMONGAN,TUBAN BOJONEGORO,,,0,0,0,JAWA TIMUR,BOJONEGORO,KASIMAN,TAMBAKMERAK,BOJONEGORO
1293570621,,ODP-BJN-FZ/10,-7.130761,111.888995,,,1,7,0,0,8,REGIONAL 5,MADIUN,BOJONEGORO,BJN,,,2024-03-16 23:26:22,42793,2017,2,NON TITO,,,JAWA TIMUR,0.875,ORANGE,79276390,AREA 3,JATIM,LAMONGAN,TUBAN BOJONEGORO,,,0,0,0,JAWA TIMUR,BOJONEGORO,TRUCUK,BANJARSARI,BOJONEGORO
843644518,,ODP-BJN-FQ/05,-7.16145,111.894027,,,2,14,0,0,16,REGIONAL 5,MADIUN,BOJONEGORO,BJN,,,2024-03-16 23:28:25,42609,2016,8,NON TITO,,,JAWA TIMUR,0.875,ORANGE,34772505,AREA 3,JATIM,LAMONGAN,TUBAN BOJONEGORO,,,0,0,0,JAWA TIMUR,BOJONEGORO,BOJONEGORO,SUKOREJO,BOJONEGORO
2263844510,,ODP-PAZ-FE/13,-7.187202,111.682204,,,1,7,0,0,8,REGIONAL 5,MADIUN,BOJONEGORO,PAD,,,2024-03-16 23:23:05,43158,2018,2,NON TITO,,,JAWA TIMUR,0.875,ORANGE,323987102,AREA 3,JATIM,LAMONGAN,TUBAN BOJONEGORO,,,0,0,0,JAWA TIMUR,BOJONEGORO,GAYAM,MOJODELIK,BOJONEGORO
843644525,,ODP-BJN-FQ/08,-7.159313,111.891459,,,2,14,0,0,16,REGIONAL 5,MADIUN,BOJONEGORO,BJN,,,2024-03-16 23:29:01,42609,2016,8,NON TITO,,,JAWA TIMUR,0.875,ORANGE,34772512,AREA 3,JATIM,LAMONGAN,TUBAN BOJONEGORO,,,0,0,0,JAWA TIMUR,BOJONEGORO,BOJONEGORO,MOJO KAMPUNG,BOJONEGORO
11565794532,,ODP-PAZ-FE/51,-7.168592,111.649349,,,3,13,0,0,16,REGIONAL 5,MADIUN,BOJONEGORO,PAD,,,2024-06-07 17:24:04,45449,2024,6,NON TITO,,,JAWA TIMUR,0.8125,ORANGE,1440267234,AREA 3,JATIM,LAMONGAN,TUBAN BOJONEGORO,,,0,0,0,JAWA TIMUR,BOJONEGORO,PADANGAN,KEBONAGUNG,BOJONEGORO
1123659191,,ODP-SMJ-FA/31,-7.248704,111.955562,,,1,7,0,0,8,REGIONAL 5,MADIUN,BOJONEGORO,SMJ,,,2024-03-16 23:23:38,42747,2017,1,NON TITO,,,JAWA TIMUR,0.875,ORANGE,39244638,AREA 3,JATIM,LAMONGAN,TUBAN BOJONEGORO,,,0,0,0,JAWA TIMUR,BOJONEGORO,SUKOSEWU,JUMPUT,BOJONEGORO
9198043653,,ODP-BJN-FBP/03,-7.24403,111.818812,,,1,7,0,0,8,REGIONAL 5,MADIUN,BOJONEGORO,BJN,,,2024-03-16 23:28:07,44805,2022,9,NON TITO,,,JAWA TIMUR,0.875,ORANGE,1220338344,AREA 3,JATIM,LAMONGAN,TUBAN BOJONEGORO,,,0,0,0,JAWA TIMUR,BOJONEGORO,DANDER,NGUNUT,BOJONEGORO
11250719641,,ODP-BJN-FP/98,-7.160423,111.882172,,,1,7,0,0,8,REGIONAL 5,MADIUN,BOJONEGORO,BJN,,,2024-03-16 23:27:18,45304,2024,1,NON TITO,,,JAWA TIMUR,0.875,ORANGE,1396890144,AREA 3,JATIM,LAMONGAN,TUBAN BOJONEGORO,,,0,0,0,JAWA TIMUR,BOJONEGORO,BOJONEGORO,SUMBANG,BOJONEGORO
1074121751,,ODP-BJN-FU/53,-7.190992,111.864802,,,0,7,1,0,8,REGIONAL 5,MADIUN,BOJONEGORO,BJN,,,2024-03-16 23:25:38,42698,2016,11,NON TITO,,,JAWA TIMUR,0.875,ORANGE,38609784,AREA 3,JATIM,LAMONGAN,TUBAN BOJONEGORO,,,0,0,0,JAWA TIMUR,BOJONEGORO,DANDER,NGUMPAK DALEM,BOJONEGORO
2138746038,,ODP-BJN-FY/05,-7.153463,111.891447,,,1,7,0,0,8,REGIONAL 5,MADIUN,BOJONEGORO,BJN,,,2024-03-16 23:23:25,43112,2018,1,NON TITO,,,JAWA TIMUR,0.875,ORANGE,268456223,AREA 3,JATIM,LAMONGAN,TUBAN BOJONEGORO,,,0,0,0,JAWA TIMUR,BOJONEGORO,BOJONEGORO,NGROWO,BOJONEGORO
1062044677,,ODP-BJN-FC/13,-7.145325,111.902855,,,2,14,0,0,16,REGIONAL 5,MADIUN,BOJONEGORO,BJN,,,2024-03-16 23:26:45,42693,2016,11,NON TITO,,,JAWA TIMUR,0.875,ORANGE,38589598,AREA 3,JATIM,LAMONGAN,TUBAN BOJONEGORO,,,0,0,0,JAWA TIMUR,BOJONEGORO,BOJONEGORO,CAMPURJO,BOJONEGORO
1293570369,,ODP-BJN-FZ/17,-7.138374,111.882762,,,1,7,0,0,8,REGIONAL 5,MADIUN,BOJONEGORO,BJN,,,2024-03-16 23:26:16,42793,2017,2,NON TITO,,,JAWA TIMUR,0.875,ORANGE,79276143,AREA 3,JATIM,LAMONGAN,TUBAN BOJONEGORO,,,0,0,0,JAWA TIMUR,BOJONEGORO,TRUCUK,BANJARSARI,BOJONEGORO
2270593800,,ODP-SMJ-FD/09,-7.13997,112.018616,,,2,14,0,0,16,REGIONAL 5,MADIUN,BOJONEGORO,SMJ,,,2024-03-16 23:23:50,43158,2018,2,NON TITO,,,JAWA TIMUR,0.875,ORANGE,324043909,AREA 3,JATIM,LAMONGAN,TUBAN BOJONEGORO,,,0,0,0,JAWA TIMUR,BOJONEGORO,KANOR,SEDENG,BOJONEGORO
1092063462,,ODP-KDU-FC/07,-7.140986,111.82051,,,1,15,0,0,16,REGIONAL 5,MADIUN,BOJONEGORO,KDU,,,2024-03-16 23:24:43,42713,2016,12,NON TITO,,,JAWA TIMUR,0.9375,ORANGE,38905067,AREA 3,JATIM,LAMONGAN,TUBAN BOJONEGORO,,,0,0,0,JAWA TIMUR,BOJONEGORO,KALITIDU,NGIRINGINREJO,BOJONEGORO
2263844565,,ODP-PAZ-FE/15,-7.182637,111.679298,,,1,7,0,0,8,REGIONAL 5,MADIUN,BOJONEGORO,PAD,,,2024-03-16 23:23:02,43158,2018,2,NON TITO,,,JAWA TIMUR,0.875,ORANGE,324050519,AREA 3,JATIM,LAMONGAN,TUBAN BOJONEGORO,,,0,0,0,JAWA TIMUR,BOJONEGORO,GAYAM,BONOREJO,BOJONEGORO
408517327,,ODP-BJN-FA/09,-7.1467,111.8821,,,1,15,0,0,16,REGIONAL 5,MADIUN,BOJONEGORO,BJN,,,2024-03-16 23:23:38,42506,2016,5,NON TITO,,,JAWA TIMUR,0.9375,ORANGE,25408448,AREA 3,JATIM,LAMONGAN,TUBAN BOJONEGORO,,,0,0,0,JAWA TIMUR,BOJONEGORO,BOJONEGORO,KARANG PACAR,BOJONEGORO
1291780277,,ODP-BJN-FL/17,-7.165143,111.866743,,,1,7,0,0,8,REGIONAL 5,MADIUN,BOJONEGORO,BJN,,,2024-03-16 23:28:35,42794,2017,2,NON TITO,,,JAWA TIMUR,0.875,ORANGE,70162397,AREA 3,JATIM,LAMONGAN,TUBAN BOJONEGORO,,,0,0,0,JAWA TIMUR,BOJONEGORO,BOJONEGORO,JETAK,BOJONEGORO
11274270058,,ODP-BJN-FBN/59,-7.071733,111.846586,,,0,7,0,0,8,REGIONAL 5,MADIUN,BOJONEGORO,BJN,,,2024-03-16 23:29:06,45311,2024,1,NON TITO,,,JAWA TIMUR,0.875,ORANGE,1402313024,AREA 3,JATIM,LAMONGAN,TUBAN BOJONEGORO,,,0,0,0,JAWA TIMUR,TUBAN,PARENGAN,PARANGBATU,BOJONEGORO
646694596,,ODP-BJN-FH/21,-7.146954,111.887084,,,1,7,0,0,8,REGIONAL 5,MADIUN,BOJONEGORO,BJN,,,2024-03-16 23:21:55,42523,2016,6,NON TITO,,,JAWA TIMUR,0.875,ORANGE,33547022,AREA 3,JATIM,LAMONGAN,TUBAN BOJONEGORO,,,0,0,0,JAWA TIMUR,BOJONEGORO,BOJONEGORO,KARANG PACAR,BOJONEGORO
2475193706,,ODP-BJN-FS/13,-7.149047,111.889406,,,1,7,0,0,8,REGIONAL 5,MADIUN,BOJONEGORO,BJN,,,2023-08-30 18:01:52,43219,2018,4,NON TITO,,,JAWA TIMUR,0.875,ORANGE,353638377,AREA 3,JATIM,LAMONGAN,TUBAN BOJONEGORO,,,0,0,0,JAWA TIMUR,BOJONEGORO,BOJONEGORO,KARANG PACAR,BOJONEGORO
1104592396,,ODP-BJN-FC/17,-7.138248,111.914172,,,1,15,0,0,16,REGIONAL 5,MADIUN,BOJONEGORO,BJN,,,2024-03-16 23:22:24,42730,2016,12,NON TITO,,,JAWA TIMUR,0.9375,ORANGE,39102169,AREA 3,JATIM,LAMONGAN,TUBAN BOJONEGORO,,,0,0,0,JAWA TIMUR,BOJONEGORO,BOJONEGORO,MULYOAGUNG,BOJONEGORO
1104592391,,ODP-BJN-FC/19,-7.140068,111.908985,,,2,14,0,0,16,REGIONAL 5,MADIUN,BOJONEGORO,BJN,,,2024-03-16 23:21:38,42730,2016,12,NON TITO,,,JAWA TIMUR,0.875,ORANGE,39102166,AREA 3,JATIM,LAMONGAN,TUBAN BOJONEGORO,,,0,0,0,JAWA TIMUR,BOJONEGORO,BOJONEGORO,MULYOAGUNG,BOJONEGORO
9085693936,,ODP-BJN-FQ/68,-7.160634,111.892689,,,1,7,0,0,8,REGIONAL 5,MADIUN,BOJONEGORO,BJN,,,2024-03-16 23:23:24,44777,2022,8,NON TITO,,,JAWA TIMUR,0.875,ORANGE,1204275056,AREA 3,JATIM,LAMONGAN,TUBAN BOJONEGORO,,,0,0,0,JAWA TIMUR,BOJONEGORO,BOJONEGORO,SUKOREJO,BOJONEGORO
1050050634,,ODP-BJN-FV/18,-7.156228,111.89359,,,1,15,0,0,16,REGIONAL 5,MADIUN,BOJONEGORO,BJN,,,2024-03-16 23:26:41,42685,2016,11,NON TITO,,,JAWA TIMUR,0.9375,ORANGE,38523815,AREA 3,JATIM,LAMONGAN,TUBAN BOJONEGORO,,,0,0,0,JAWA TIMUR,BOJONEGORO,BOJONEGORO,MOJO KAMPUNG,BOJONEGORO
1098059237,,ODP-BJN-FX/14,-7.156022,111.900235,,,1,7,0,0,8,REGIONAL 5,MADIUN,BOJONEGORO,BJN,,,2024-03-16 23:24:49,42725,2016,12,NON TITO,,,JAWA TIMUR,0.875,ORANGE,39075172,AREA 3,JATIM,LAMONGAN,TUBAN BOJONEGORO,,,0,0,0,JAWA TIMUR,BOJONEGORO,BOJONEGORO,NGROWO,BOJONEGORO
11333744757,,ODP-BJN-FX/93,-7.155906,111.898847,,,1,7,0,0,8,REGIONAL 5,MADIUN,BOJONEGORO,BJN,,,2024-03-16 23:22:00,45338,2024,2,NON TITO,,,JAWA TIMUR,0.875,ORANGE,1410561429,AREA 3,JATIM,LAMONGAN,TUBAN BOJONEGORO,,,0,0,0,JAWA TIMUR,BOJONEGORO,BOJONEGORO,NGROWO,BOJONEGORO
1299719590,,ODP-BJN-FL/34,-7.172604,111.870723,,,1,7,0,0,8,REGIONAL 5,MADIUN,BOJONEGORO,BJN,,,2024-03-16 23:23:47,42795,2017,3,NON TITO,,,JAWA TIMUR,0.875,ORANGE,70170223,AREA 3,JATIM,LAMONGAN,TUBAN BOJONEGORO,,,0,0,0,JAWA TIMUR,BOJONEGORO,BOJONEGORO,PACUL,BOJONEGORO
2411595168,,ODP-BJN-FN/21,-7.15194,111.876498,,,1,15,0,0,16,REGIONAL 5,MADIUN,BOJONEGORO,BJN,,,2024-03-16 23:26:54,43202,2018,4,NON TITO,,,JAWA TIMUR,0.9375,ORANGE,333636363,AREA 3,JATIM,LAMONGAN,TUBAN BOJONEGORO,,,0,0,0,JAWA TIMUR,BOJONEGORO,BOJONEGORO,KLANGON,BOJONEGORO
11333744921,,ODP-BJN-FM/65,-7.160019,111.87847,,,1,7,0,0,8,REGIONAL 5,MADIUN,BOJONEGORO,BJN,,,2024-03-16 23:22:19,45338,2024,2,NON TITO,,,JAWA TIMUR,0.875,ORANGE,1410562732,AREA 3,JATIM,LAMONGAN,TUBAN BOJONEGORO,,,0,0,0,JAWA TIMUR,BOJONEGORO,BOJONEGORO,SUMBANG,BOJONEGORO
2411595394,,ODP-BJN-FN/19,-7.152371,111.874252,,,1,7,0,0,8,REGIONAL 5,MADIUN,BOJONEGORO,BJN,,,2024-03-16 23:27:55,43202,2018,4,NON TITO,,,JAWA TIMUR,0.875,ORANGE,333636516,AREA 3,JATIM,LAMONGAN,TUBAN BOJONEGORO,,,0,0,0,JAWA TIMUR,BOJONEGORO,BOJONEGORO,KLANGON,BOJONEGORO
1092115893,,ODP-BJN-FM/19,-7.162138,111.880702,,,2,14,0,0,16,REGIONAL 5,MADIUN,BOJONEGORO,BJN,,,2024-03-16 23:22:27,42721,2016,12,NON TITO,,,JAWA TIMUR,0.875,ORANGE,39056934,AREA 3,JATIM,LAMONGAN,TUBAN BOJONEGORO,,,0,0,0,JAWA TIMUR,BOJONEGORO,BOJONEGORO,SUMBANG,BOJONEGORO
9066868838,,ODP-PAZ-FN/22,-7.284687,111.725278,,,1,7,0,0,8,REGIONAL 5,MADIUN,BOJONEGORO,PAD,,,2024-03-16 23:24:04,44770,2022,7,NON TITO,,,JAWA TIMUR,0.875,ORANGE,1203852785,AREA 3,JATIM,LAMONGAN,TUBAN BOJONEGORO,,,0,0,0,JAWA TIMUR,BOJONEGORO,NGAMBON,NGAMBON,BOJONEGORO
1299721523,,ODP-SMJ-FD/06,-7.173356,112.017458,,,1,15,0,0,16,REGIONAL 5,MADIUN,BOJONEGORO,SMJ,,,2024-03-16 23:24:20,42795,2017,3,NON TITO,,,JAWA TIMUR,0.9375,ORANGE,70171100,AREA 3,JATIM,LAMONGAN,TUBAN BOJONEGORO,,,0,0,0,JAWA TIMUR,BOJONEGORO,SUMBEREJO,TALUN,BOJONEGORO
1299720969,,ODP-BJN-FL/35,-7.172042,111.868844,,,2,14,0,0,16,REGIONAL 5,MADIUN,BOJONEGORO,BJN,,,2024-03-16 23:24:42,42795,2017,3,NON TITO,,,JAWA TIMUR,0.875,ORANGE,70170814,AREA 3,JATIM,LAMONGAN,TUBAN BOJONEGORO,,,0,0,0,JAWA TIMUR,BOJONEGORO,BOJONEGORO,PACUL,BOJONEGORO
1092102940,,ODP-BJN-FJ/18,-7.149589,111.872051,,,1,7,0,0,8,REGIONAL 5,MADIUN,BOJONEGORO,BJN,,,2024-03-16 23:27:08,42720,2016,12,NON TITO,,,JAWA TIMUR,0.875,ORANGE,39047090,AREA 3,JATIM,LAMONGAN,TUBAN BOJONEGORO,,,0,0,0,JAWA TIMUR,BOJONEGORO,BOJONEGORO,KAUMAN,BOJONEGORO
408518376,,ODP-BJN-F10/03,-7.161904,111.897672,,,3,13,0,0,16,REGIONAL 5,MADIUN,BOJONEGORO,BJN,,,2024-03-16 23:23:31,42506,2016,5,NON TITO,,,JAWA TIMUR,0.8125,ORANGE,25409303,AREA 3,JATIM,LAMONGAN,TUBAN BOJONEGORO,,,0,0,0,JAWA TIMUR,BOJONEGORO,BOJONEGORO,SUKOREJO,BOJONEGORO
9051944109,,ODP-SMJ-FN/22,-7.237771,111.956218,,,1,7,0,0,8,REGIONAL 5,MADIUN,BOJONEGORO,SMJ,,,2024-03-16 23:26:28,44769,2022,7,NON TITO,,,JAWA TIMUR,0.875,ORANGE,1203846628,AREA 3,JATIM,LAMONGAN,TUBAN BOJONEGORO,,,0,0,0,JAWA TIMUR,BOJONEGORO,BALEN,MAYANGKAWIS,BOJONEGORO
11380843857,,ODP-BJN-FH/81,-7.138085,111.891832,,,1,7,0,0,8,REGIONAL 5,MADIUN,BOJONEGORO,BJN,,,2024-03-16 23:23:25,45355,2024,3,NON TITO,,,JAWA TIMUR,0.875,ORANGE,1414057902,AREA 3,JATIM,LAMONGAN,TUBAN BOJONEGORO,,,0,0,0,JAWA TIMUR,BOJONEGORO,BOJONEGORO,BANJAREJO,BOJONEGORO
408518861,,ODP-BJN-FU/23,-7.1953,111.8644,,,2,14,0,0,16,REGIONAL 5,MADIUN,BOJONEGORO,BJN,,,2024-03-16 23:22:48,42506,2016,5,NON TITO,,,JAWA TIMUR,0.875,ORANGE,25409712,AREA 3,JATIM,LAMONGAN,TUBAN BOJONEGORO,,,0,0,0,JAWA TIMUR,BOJONEGORO,DANDER,NGUMPAK DALEM,BOJONEGORO
1123662554,,ODP-SMJ-FA/23,-7.196977,111.958815,,,1,7,0,0,8,REGIONAL 5,MADIUN,BOJONEGORO,SMJ,,,2023-07-28 18:04:39,42747,2017,1,NON TITO,,,JAWA TIMUR,0.875,ORANGE,39246914,AREA 3,JATIM,LAMONGAN,TUBAN BOJONEGORO,,,0,0,0,JAWA TIMUR,BOJONEGORO,BALEN,BALENREJO,BOJONEGORO
1299720555,,ODP-BJN-FL/36,-7.171857,111.867587,,,2,14,0,0,16,REGIONAL 5,MADIUN,BOJONEGORO,BJN,,,2024-03-16 23:24:35,42795,2017,3,NON TITO,,,JAWA TIMUR,0.875,ORANGE,70170640,AREA 3,JATIM,LAMONGAN,TUBAN BOJONEGORO,,,0,0,0,JAWA TIMUR,BOJONEGORO,BOJONEGORO,PACUL,BOJONEGORO
9051944094,,ODP-SMJ-FN/18,-7.247161,111.955719,,,1,7,0,0,8,REGIONAL 5,MADIUN,BOJONEGORO,SMJ,,,2024-03-16 23:26:29,44769,2022,7,NON TITO,,,JAWA TIMUR,0.875,ORANGE,1203846618,AREA 3,JATIM,LAMONGAN,TUBAN BOJONEGORO,,,0,0,0,JAWA TIMUR,BOJONEGORO,SUKOSEWU,DUYUNGAN,BOJONEGORO
1299719079,,ODP-BJN-FL/41,-7.16681,111.873711,,,3,13,0,0,16,REGIONAL 5,MADIUN,BOJONEGORO,BJN,,,2024-03-16 23:24:03,42795,2017,3,NON TITO,,,JAWA TIMUR,0.8125,ORANGE,70169892,AREA 3,JATIM,LAMONGAN,TUBAN BOJONEGORO,,,0,0,0,JAWA TIMUR,BOJONEGORO,BOJONEGORO,SUMBANG,BOJONEGORO
2413473789,,ODP-BJN-FM/14,-7.16073,111.87887,,,1,15,0,0,16,REGIONAL 5,MADIUN,BOJONEGORO,BJN,,,2024-03-16 23:22:44,43197,2018,4,NON TITO,,,JAWA TIMUR,0.9375,ORANGE,333530219,AREA 3,JATIM,LAMONGAN,TUBAN BOJONEGORO,,,0,0,0,JAWA TIMUR,BOJONEGORO,BOJONEGORO,SUMBANG,BOJONEGORO
2413473759,,ODP-BJN-FM/09,-7.160081,111.881686,,,1,15,0,0,16,REGIONAL 5,MADIUN,BOJONEGORO,BJN,,,2024-03-16 23:22:48,43197,2018,4,NON TITO,,,JAWA TIMUR,0.9375,ORANGE,333530210,AREA 3,JATIM,LAMONGAN,TUBAN BOJONEGORO,,,0,0,0,JAWA TIMUR,BOJONEGORO,BOJONEGORO,SUMBANG,BOJONEGORO
408518103,,ODP-BJN-F05/03,-7.1372,111.9296,,,0,14,0,0,16,REGIONAL 5,MADIUN,BOJONEGORO,BJN,,,2024-03-16 23:23:38,42506,2016,5,NON TITO,,,JAWA TIMUR,0.875,ORANGE,25409081,AREA 3,JATIM,LAMONGAN,TUBAN BOJONEGORO,,,0,0,0,JAWA TIMUR,BOJONEGORO,BOJONEGORO,KALIREJO,BOJONEGORO
9085693918,,ODP-BJN-FQ/65,-7.163407,111.893875,,,1,7,0,0,8,REGIONAL 5,MADIUN,BOJONEGORO,BJN,,,2024-03-16 23:23:07,44777,2022,8,NON TITO,,,JAWA TIMUR,0.875,ORANGE,1204275045,AREA 3,JATIM,LAMONGAN,TUBAN BOJONEGORO,,,0,0,0,JAWA TIMUR,BOJONEGORO,BOJONEGORO,SUKOREJO,BOJONEGORO
1303846463,,ODP-BJN-FE/32,-7.167043,111.903265,,,1,7,0,0,8,REGIONAL 5,MADIUN,BOJONEGORO,BJN,,,2024-03-16 23:24:00,42797,2017,3,NON TITO,,,JAWA TIMUR,0.875,ORANGE,70182037,AREA 3,JATIM,LAMONGAN,TUBAN BOJONEGORO,,,0,0,0,JAWA TIMUR,BOJONEGORO,KAPAS,NGAMPEL,BOJONEGORO
9085693908,,ODP-BJN-FQ/67,-7.161381,111.892593,,,1,7,0,0,8,REGIONAL 5,MADIUN,BOJONEGORO,BJN,,,2024-03-16 23:23:20,44777,2022,8,NON TITO,,,JAWA TIMUR,0.875,ORANGE,1204275039,AREA 3,JATIM,LAMONGAN,TUBAN BOJONEGORO,,,0,0,0,JAWA TIMUR,BOJONEGORO,BOJONEGORO,SUKOREJO,BOJONEGORO
1083134168,,ODP-PAZ-FD/01,-7.28313,111.52566,,,0,7,0,0,8,REGIONAL 5,MADIUN,BOJONEGORO,PAD,,,2024-03-16 23:28:26,42705,2016,12,NON TITO,,,JAWA TIMUR,0.875,ORANGE,38711801,AREA 3,JATIM,LAMONGAN,TUBAN BOJONEGORO,,,0,0,0,JAWA TIMUR,BOJONEGORO,MARGOMULYO,GENENG,BOJONEGORO
11340947798,,ODP-BJN-FL/123,-7.177553,111.86614,,,0,7,1,0,8,REGIONAL 5,MADIUN,BOJONEGORO,BJN,,,2024-03-16 23:29:14,45338,2024,2,NON TITO,,,JAWA TIMUR,0.875,ORANGE,1409318033,AREA 3,JATIM,LAMONGAN,TUBAN BOJONEGORO,,,0,0,0,JAWA TIMUR,BOJONEGORO,DANDER,SUMBER TLASEH,BOJONEGORO
1291781655,,ODP-BJN-FL/18,-7.16569,111.86236,,,1,7,0,0,8,REGIONAL 5,MADIUN,BOJONEGORO,BJN,,,2024-03-16 23:29:07,42794,2017,2,NON TITO,,,JAWA TIMUR,0.875,ORANGE,70163214,AREA 3,JATIM,LAMONGAN,TUBAN BOJONEGORO,,,0,0,0,JAWA TIMUR,BOJONEGORO,BOJONEGORO,JETAK,BOJONEGORO
10410043667,,ODP-PAZ-FP/17,-7.111074,111.623502,,,1,7,0,0,8,REGIONAL 5,MADIUN,BOJONEGORO,PAD,,,2024-03-16 23:26:16,45124,2023,7,NON TITO,,,JAWA TIMUR,0.875,ORANGE,1303450550,AREA 3,JATIM,LAMONGAN,TUBAN BOJONEGORO,,,0,0,0,JAWA TIMUR,BOJONEGORO,KASIMAN,KASIMAN,BOJONEGORO
2381220703,,ODP-BJN-FE/66,-7.18052,111.895849,,,1,7,0,0,8,REGIONAL 5,MADIUN,BOJONEGORO,BJN,,,2024-03-16 23:21:09,43185,2018,3,NON TITO,,,JAWA TIMUR,0.875,ORANGE,333226661,AREA 3,JATIM,LAMONGAN,TUBAN BOJONEGORO,,,0,0,0,JAWA TIMUR,BOJONEGORO,KAPAS,KALIANYAR,BOJONEGORO
1303844158,,ODP-BJN-FW/14,-7.155512,111.889418,,,1,7,0,0,8,REGIONAL 5,MADIUN,BOJONEGORO,BJN,,,2024-03-16 23:23:56,42797,2017,3,NON TITO,,,JAWA TIMUR,0.875,ORANGE,70181111,AREA 3,JATIM,LAMONGAN,TUBAN BOJONEGORO,,,0,0,0,JAWA TIMUR,BOJONEGORO,BOJONEGORO,MOJO KAMPUNG,BOJONEGORO
1123659204,,ODP-SMJ-FA/13,-7.191009,111.974646,,,0,7,0,0,8,REGIONAL 5,MADIUN,BOJONEGORO,SMJ,,,2024-03-16 23:23:24,42747,2017,1,NON TITO,,,JAWA TIMUR,0.875,ORANGE,39244646,AREA 3,JATIM,LAMONGAN,TUBAN BOJONEGORO,,,0,0,0,JAWA TIMUR,BOJONEGORO,BALEN,MARGOMULYO,BOJONEGORO
2508194156,,ODP-BJN-FJ/55,-7.137637,111.873392,,,1,7,0,0,8,REGIONAL 5,MADIUN,BOJONEGORO,BJN,,,2023-08-30 18:08:00,43243,2018,5,NON TITO,,,JAWA TIMUR,0.875,ORANGE,354292479,AREA 3,JATIM,LAMONGAN,TUBAN BOJONEGORO,,,0,0,0,JAWA TIMUR,BOJONEGORO,TRUCUK,BANJARSARI,BOJONEGORO
9049696612,,ODP-KDU-FF/23,-7.124371,111.743572,,,1,7,0,0,8,REGIONAL 5,MADIUN,BOJONEGORO,KDU,,,2024-03-16 23:28:34,44770,2022,7,NON TITO,,,JAWA TIMUR,0.875,ORANGE,1203854394,AREA 3,JATIM,LAMONGAN,TUBAN BOJONEGORO,,,0,0,0,JAWA TIMUR,BOJONEGORO,KALITIDU,TALOK,BOJONEGORO
628545051,,ODP-BJN-FD/12,-7.165078,111.876,,,2,13,0,0,16,REGIONAL 5,MADIUN,BOJONEGORO,BJN,,,2024-03-16 23:26:57,42520,2016,5,NON TITO,,,JAWA TIMUR,0.8125,ORANGE,33529897,AREA 3,JATIM,LAMONGAN,TUBAN BOJONEGORO,,,0,0,0,JAWA TIMUR,BOJONEGORO,BOJONEGORO,SUMBANG,BOJONEGORO
1303844098,,ODP-BJN-FE/36,-7.168898,111.895111,,,1,7,0,0,8,REGIONAL 5,MADIUN,BOJONEGORO,BJN,,,2024-03-16 23:23:54,42797,2017,3,NON TITO,,,JAWA TIMUR,0.875,ORANGE,70181091,AREA 3,JATIM,LAMONGAN,TUBAN BOJONEGORO,,,0,0,0,JAWA TIMUR,BOJONEGORO,BOJONEGORO,SUKOREJO,BOJONEGORO
9049696600,,ODP-KDU-FF/29,-7.115017,111.734069,,,1,7,0,0,8,REGIONAL 5,MADIUN,BOJONEGORO,KDU,,,2024-03-16 23:29:07,44770,2022,7,NON TITO,,,JAWA TIMUR,0.875,ORANGE,1203854386,AREA 3,JATIM,LAMONGAN,TUBAN BOJONEGORO,,,0,0,0,JAWA TIMUR,BOJONEGORO,KALITIDU,MLATEN,BOJONEGORO
1987994072,,ODP-BJN-FBT/23,-7.11795,111.84547,,,1,7,0,0,8,REGIONAL 5,MADIUN,BOJONEGORO,BJN,,,2026-03-09 05:31:47,43056,2017,11,NON TITO,,,JAWA TIMUR,0.875,ORANGE,255773081,AREA 3,JATIM,LAMONGAN,TUBAN BOJONEGORO,,,0,0,0,JAWA TIMUR,BOJONEGORO,TRUCUK,SUMBEREJO,BOJONEGORO
2381220129,,ODP-BJN-FE/69,-7.175411,111.89742,,,3,13,0,0,16,REGIONAL 5,MADIUN,BOJONEGORO,BJN,,,2024-03-16 23:23:34,43185,2018,3,NON TITO,,,JAWA TIMUR,0.8125,ORANGE,333377720,AREA 3,JATIM,LAMONGAN,TUBAN BOJONEGORO,,,0,0,0,JAWA TIMUR,BOJONEGORO,KAPAS,KALIANYAR,BOJONEGORO
2413473604,,ODP-BJN-FM/10,-7.160225,111.881173,,,1,15,0,0,16,REGIONAL 5,MADIUN,BOJONEGORO,BJN,,,2024-03-16 23:22:35,43197,2018,4,NON TITO,,,JAWA TIMUR,0.9375,ORANGE,333444927,AREA 3,JATIM,LAMONGAN,TUBAN BOJONEGORO,,,0,0,0,JAWA TIMUR,BOJONEGORO,BOJONEGORO,SUMBANG,BOJONEGORO
9049696597,,ODP-KDU-FF/24,-7.123162,111.741606,,,1,7,0,0,8,REGIONAL 5,MADIUN,BOJONEGORO,KDU,,,2024-03-16 23:29:08,44770,2022,7,NON TITO,,,JAWA TIMUR,0.875,ORANGE,1203854384,AREA 3,JATIM,LAMONGAN,TUBAN BOJONEGORO,,,0,0,0,JAWA TIMUR,BOJONEGORO,KALITIDU,TALOK,BOJONEGORO
2413473599,,ODP-BJN-FM/11,-7.160481,111.880675,,,1,15,0,0,16,REGIONAL 5,MADIUN,BOJONEGORO,BJN,,,2024-03-16 23:22:43,43197,2018,4,NON TITO,,,JAWA TIMUR,0.9375,ORANGE,333530162,AREA 3,JATIM,LAMONGAN,TUBAN BOJONEGORO,,,0,0,0,JAWA TIMUR,BOJONEGORO,BOJONEGORO,SUMBANG,BOJONEGORO
11805793701,,ODP-BJN-FBP/24,-7.227263,111.861904,,,1,7,0,0,8,REGIONAL 5,MADIUN,BOJONEGORO,BJN,,,2024-10-03 17:36:36,45567,2024,10,NON TITO,,,JAWA TIMUR,0.875,ORANGE,1463281476,AREA 3,JATIM,LAMONGAN,TUBAN BOJONEGORO,,,0,0,0,JAWA TIMUR,BOJONEGORO,DANDER,NGRASEH,BOJONEGORO
2270594151,,ODP-SMJ-FD/12,-7.164117,112.015458,,,1,7,0,0,8,REGIONAL 5,MADIUN,BOJONEGORO,SMJ,,,2024-03-16 23:23:27,43158,2018,2,NON TITO,,,JAWA TIMUR,0.875,ORANGE,323979262,AREA 3,JATIM,LAMONGAN,TUBAN BOJONEGORO,,,0,0,0,JAWA TIMUR,BOJONEGORO,KANOR,SAMBERAN,BOJONEGORO
843644551,,ODP-BJN-FQ/10,-7.159831,111.890389,,,3,13,0,0,16,REGIONAL 5,MADIUN,BOJONEGORO,BJN,,,2024-03-16 23:28:58,42609,2016,8,NON TITO,,,JAWA TIMUR,0.8125,ORANGE,34772547,AREA 3,JATIM,LAMONGAN,TUBAN BOJONEGORO,,,0,0,0,JAWA TIMUR,BOJONEGORO,BOJONEGORO,SUKOREJO,BOJONEGORO
843644511,,ODP-BJN-FQ/04,-7.162825,111.892858,,,1,15,0,0,16,REGIONAL 5,MADIUN,BOJONEGORO,BJN,,,2024-03-16 23:28:39,42609,2016,8,NON TITO,,,JAWA TIMUR,0.9375,ORANGE,34772497,AREA 3,JATIM,LAMONGAN,TUBAN BOJONEGORO,,,0,0,0,JAWA TIMUR,BOJONEGORO,BOJONEGORO,SUKOREJO,BOJONEGORO
2216297254,,ODP-BJN-FW/31,-7.154886,111.88422,,,0,7,1,0,8,REGIONAL 5,MADIUN,BOJONEGORO,BJN,,,2024-03-16 23:23:58,43137,2018,2,NON TITO,,,JAWA TIMUR,0.875,ORANGE,319588780,AREA 3,JATIM,LAMONGAN,TUBAN BOJONEGORO,,,0,0,0,JAWA TIMUR,BOJONEGORO,BOJONEGORO,SUKOREJO,BOJONEGORO
2216297259,,ODP-BJN-FW/46,-7.15277,111.889765,,,1,7,0,0,8,REGIONAL 5,MADIUN,BOJONEGORO,BJN,,,2024-03-16 23:24:09,43137,2018,2,NON TITO,,,JAWA TIMUR,0.875,ORANGE,319588783,AREA 3,JATIM,LAMONGAN,TUBAN BOJONEGORO,,,0,0,0,JAWA TIMUR,BOJONEGORO,BOJONEGORO,KARANG PACAR,BOJONEGORO
11571869048,,ODP-KDU-FC/52,-7.147785,111.809101,,,1,7,0,0,8,REGIONAL 5,MADIUN,BOJONEGORO,KDU,,,2024-06-08 23:21:18,45451,2024,6,NON TITO,,,JAWA TIMUR,0.875,ORANGE,1441461239,AREA 3,JATIM,LAMONGAN,TUBAN BOJONEGORO,,,0,0,0,JAWA TIMUR,BOJONEGORO,KALITIDU,NGUJO,BOJONEGORO
2381220698,,ODP-BJN-FE/71,-7.172049,111.896884,,,1,7,0,0,8,REGIONAL 5,MADIUN,BOJONEGORO,BJN,,,2023-08-30 18:11:46,43185,2018,3,NON TITO,,,JAWA TIMUR,0.875,ORANGE,333226658,AREA 3,JATIM,LAMONGAN,TUBAN BOJONEGORO,,,0,0,0,JAWA TIMUR,BOJONEGORO,KAPAS,KALIANYAR,BOJONEGORO
2216297269,,ODP-BJN-FW/29,-7.154191,111.887604,,,1,7,0,0,8,REGIONAL 5,MADIUN,BOJONEGORO,BJN,,,2024-03-16 23:24:01,43137,2018,2,NON TITO,,,JAWA TIMUR,0.875,ORANGE,319588789,AREA 3,JATIM,LAMONGAN,TUBAN BOJONEGORO,,,0,0,0,JAWA TIMUR,BOJONEGORO,BOJONEGORO,KARANG PACAR,BOJONEGORO
2216297279,,ODP-BJN-FW/33,-7.154128,111.883483,,,0,7,1,0,8,REGIONAL 5,MADIUN,BOJONEGORO,BJN,,,2024-03-16 23:23:26,43137,2018,2,NON TITO,,,JAWA TIMUR,0.875,ORANGE,319588796,AREA 3,JATIM,LAMONGAN,TUBAN BOJONEGORO,,,0,0,0,JAWA TIMUR,BOJONEGORO,BOJONEGORO,SUKOREJO,BOJONEGORO
1092063290,,ODP-KDU-FC/09,-7.134587,111.805839,,,2,14,0,0,16,REGIONAL 5,MADIUN,BOJONEGORO,KDU,,,2024-03-16 23:25:18,42713,2016,12,NON TITO,,,JAWA TIMUR,0.875,ORANGE,38904980,AREA 3,JATIM,LAMONGAN,TUBAN BOJONEGORO,,,0,0,0,JAWA TIMUR,BOJONEGORO,KALITIDU,MOJOSARI,BOJONEGORO
11430043547,,ODP-SMJ-FK/38,-7.215052,112.094291,,,1,7,0,0,8,REGIONAL 5,MADIUN,BOJONEGORO,SMJ,,,2024-03-22 17:18:50,45373,2024,3,NON TITO,,,JAWA TIMUR,0.875,ORANGE,1417892406,AREA 3,JATIM,LAMONGAN,TUBAN BOJONEGORO,,,0,0,0,JAWA TIMUR,BOJONEGORO,KEPOH BARU,SIDOMUKTI,BOJONEGORO
2216297378,,ODP-BJN-FJ/27,-7.151948,111.873389,,,1,7,0,0,8,REGIONAL 5,MADIUN,BOJONEGORO,BJN,,,2024-03-16 23:24:02,43137,2018,2,NON TITO,,,JAWA TIMUR,0.875,ORANGE,319588857,AREA 3,JATIM,LAMONGAN,TUBAN BOJONEGORO,,,0,0,0,JAWA TIMUR,BOJONEGORO,BOJONEGORO,KLANGON,BOJONEGORO
10530418558,,ODP-KDU-FF/36,-7.124451,111.722348,,,1,7,0,0,8,REGIONAL 5,MADIUN,BOJONEGORO,KDU,,,2023-08-30 18:10:17,45156,2023,8,NON TITO,,,JAWA TIMUR,0.875,ORANGE,1312098385,AREA 3,JATIM,LAMONGAN,TUBAN BOJONEGORO,,,0,0,0,JAWA TIMUR,BOJONEGORO,MALO,SUDAH,BOJONEGORO
1123661912,,ODP-SMJ-FA/27,-7.189258,111.971701,,,2,14,0,0,16,REGIONAL 5,MADIUN,BOJONEGORO,SMJ,,,2024-03-16 23:24:35,42747,2017,1,NON TITO,,,JAWA TIMUR,0.875,ORANGE,39246429,AREA 3,JATIM,LAMONGAN,TUBAN BOJONEGORO,,,0,0,0,JAWA TIMUR,BOJONEGORO,BALEN,MARGOMULYO,BOJONEGORO
1123661661,,ODP-SMJ-FA/12,-7.193022,111.974908,,,1,7,0,0,8,REGIONAL 5,MADIUN,BOJONEGORO,SMJ,,,2024-03-16 23:24:34,42747,2017,1,NON TITO,,,JAWA TIMUR,0.875,ORANGE,39246233,AREA 3,JATIM,LAMONGAN,TUBAN BOJONEGORO,,,0,0,0,JAWA TIMUR,BOJONEGORO,BALEN,MARGOMULYO,BOJONEGORO
2270594100,,ODP-SMJ-FD/11,-7.152965,112.016462,,,1,7,0,0,8,REGIONAL 5,MADIUN,BOJONEGORO,SMJ,,,2024-03-16 23:24:01,43158,2018,2,NON TITO,,,JAWA TIMUR,0.875,ORANGE,323979230,AREA 3,JATIM,LAMONGAN,TUBAN BOJONEGORO,,,0,0,0,JAWA TIMUR,BOJONEGORO,KANOR,PALEMBON,BOJONEGORO
1293569594,,ODP-BJN-FZ/20,-7.129931,111.877226,,,1,7,0,0,8,REGIONAL 5,MADIUN,BOJONEGORO,BJN,,,2024-03-16 23:25:08,42793,2017,2,NON TITO,,,JAWA TIMUR,0.875,ORANGE,70154943,AREA 3,JATIM,LAMONGAN,TUBAN BOJONEGORO,,,0,0,0,JAWA TIMUR,TUBAN,PARENGAN,SENDANGREJO,BOJONEGORO
11400343692,,ODP-PAZ-FS/16,-7.180575,111.662799,,,1,7,0,0,8,REGIONAL 5,MADIUN,BOJONEGORO,PAD,,,2024-03-20 17:11:35,45370,2024,3,NON TITO,,,JAWA TIMUR,0.875,ORANGE,1417877900,AREA 3,JATIM,LAMONGAN,TUBAN BOJONEGORO,,,0,0,0,JAWA TIMUR,BOJONEGORO,PURWOSARI,PURWOSARI,BOJONEGORO
2216297518,,ODP-BJN-FW/28,-7.155401,111.889141,,,1,7,0,0,8,REGIONAL 5,MADIUN,BOJONEGORO,BJN,,,2024-03-16 23:23:46,43137,2018,2,NON TITO,,,JAWA TIMUR,0.875,ORANGE,319588942,AREA 3,JATIM,LAMONGAN,TUBAN BOJONEGORO,,,0,0,0,JAWA TIMUR,BOJONEGORO,BOJONEGORO,MOJO KAMPUNG,BOJONEGORO
9320593765,,ODP-BJN-FBQ/04,-7.183722,111.946554,,,1,7,0,0,8,REGIONAL 5,MADIUN,BOJONEGORO,BJN,,,2024-03-16 23:28:39,44826,2022,9,NON TITO,,,JAWA TIMUR,0.875,ORANGE,1226334826,AREA 3,JATIM,LAMONGAN,TUBAN BOJONEGORO,,,0,0,0,JAWA TIMUR,BOJONEGORO,BALEN,SOBONTORO,BOJONEGORO
11743093739,,ODP-SMJ-FD/44,-7.152865,112.05552,,,1,7,0,0,8,REGIONAL 5,MADIUN,BOJONEGORO,SMJ,,,2024-09-18 17:30:34,45552,2024,9,NON TITO,,,JAWA TIMUR,0.875,ORANGE,1462919329,AREA 3,JATIM,LAMONGAN,TUBAN BOJONEGORO,,,0,0,0,JAWA TIMUR,BOJONEGORO,BAURENO,BANJARANYAR,BOJONEGORO
2216297584,,ODP-BJN-FW/24,-7.156353,111.887222,,,1,7,0,0,8,REGIONAL 5,MADIUN,BOJONEGORO,BJN,,,2024-03-16 23:24:11,43137,2018,2,NON TITO,,,JAWA TIMUR,0.875,ORANGE,319588985,AREA 3,JATIM,LAMONGAN,TUBAN BOJONEGORO,,,0,0,0,JAWA TIMUR,BOJONEGORO,BOJONEGORO,MOJO KAMPUNG,BOJONEGORO
9320593755,,ODP-BJN-FBQ/07,-7.174652,111.948837,,,1,7,0,0,8,REGIONAL 5,MADIUN,BOJONEGORO,BJN,,,2024-03-16 23:28:36,44826,2022,9,NON TITO,,,JAWA TIMUR,0.875,ORANGE,1226334812,AREA 3,JATIM,LAMONGAN,TUBAN BOJONEGORO,,,0,0,0,JAWA TIMUR,BOJONEGORO,BALEN,MULYOAGUNG,BOJONEGORO
11536393903,,ODP-KDU-FF/50,-7.098757,111.741647,,,1,7,0,0,8,REGIONAL 5,MADIUN,BOJONEGORO,KDU,,,2024-05-22 17:25:00,45433,2024,5,NON TITO,,,JAWA TIMUR,0.875,ORANGE,1430988676,AREA 3,JATIM,LAMONGAN,TUBAN BOJONEGORO,,,0,0,0,JAWA TIMUR,BOJONEGORO,MALO,TREMBES,BOJONEGORO
2216297643,,ODP-BJN-FX/50,-7.15661,111.91241,,,1,7,0,0,8,REGIONAL 5,MADIUN,BOJONEGORO,BJN,,,2024-03-16 23:23:44,43137,2018,2,NON TITO,,,JAWA TIMUR,0.875,ORANGE,319589021,AREA 3,JATIM,LAMONGAN,TUBAN BOJONEGORO,,,0,0,0,JAWA TIMUR,BOJONEGORO,KAPAS,SAMBIROTO,BOJONEGORO
842072041,,ODP-BJN-FP/26,-7.156641,111.874715,,,2,14,0,0,16,REGIONAL 5,MADIUN,BOJONEGORO,BJN,,,2024-03-16 23:28:52,42613,2016,8,NON TITO,,,JAWA TIMUR,0.875,ORANGE,34433494,AREA 3,JATIM,LAMONGAN,TUBAN BOJONEGORO,,,0,0,0,JAWA TIMUR,BOJONEGORO,BOJONEGORO,KLANGON,BOJONEGORO
1291772505,,ODP-BJN-FZ/05,-7.132197,111.894569,,,1,15,0,0,16,REGIONAL 5,MADIUN,BOJONEGORO,BJN,,,2024-03-16 23:26:24,42793,2017,2,NON TITO,,,JAWA TIMUR,0.9375,ORANGE,79278930,AREA 3,JATIM,LAMONGAN,TUBAN BOJONEGORO,,,0,0,0,JAWA TIMUR,BOJONEGORO,TRUCUK,BANJARSARI,BOJONEGORO
1083145954,,ODP-BJN-FM/16,-7.15988,111.87815,,,1,7,0,0,8,REGIONAL 5,MADIUN,BOJONEGORO,BJN,,,2024-03-16 23:23:30,42707,2016,12,NON TITO,,,JAWA TIMUR,0.875,ORANGE,38652474,AREA 3,JATIM,LAMONGAN,TUBAN BOJONEGORO,,,0,0,0,JAWA TIMUR,BOJONEGORO,BOJONEGORO,SUMBANG,BOJONEGORO
651943555,,ODP-BJN-FH/07,-7.142173,111.890577,,,1,7,0,0,8,REGIONAL 5,MADIUN,BOJONEGORO,BJN,,,2024-03-16 23:24:17,42527,2016,6,NON TITO,,,JAWA TIMUR,0.875,ORANGE,33554669,AREA 3,JATIM,LAMONGAN,TUBAN BOJONEGORO,,,0,0,0,JAWA TIMUR,BOJONEGORO,BOJONEGORO,BANJAREJO,BOJONEGORO
11679123693,,ODP-BJN-FBD/29,-7.102987,111.860986,,,1,7,0,0,8,REGIONAL 5,MADIUN,BOJONEGORO,BJN,,,2024-08-26 17:28:32,45530,2024,8,NON TITO,,,JAWA TIMUR,0.875,ORANGE,1457384233,AREA 3,JATIM,LAMONGAN,TUBAN BOJONEGORO,,,0,0,0,JAWA TIMUR,TUBAN,PARENGAN,SUCIHARJO,BOJONEGORO
2154943850,,ODP-PAZ-FC/38,-7.164548,111.609622,,,1,15,0,0,16,REGIONAL 5,MADIUN,BOJONEGORO,PAD,,,2024-03-16 23:28:22,43119,2018,1,NON TITO,,,JAWA TIMUR,0.9375,ORANGE,288389875,AREA 3,JATIM,LAMONGAN,TUBAN BOJONEGORO,,,0,0,0,JAWA TIMUR,BOJONEGORO,PADANGAN,PADANGAN,BOJONEGORO
11571869058,,ODP-KDU-FC/50,-7.156399,111.807166,,,1,7,0,0,8,REGIONAL 5,MADIUN,BOJONEGORO,KDU,,,2024-06-08 23:21:28,45451,2024,6,NON TITO,,,JAWA TIMUR,0.875,ORANGE,1441461245,AREA 3,JATIM,LAMONGAN,TUBAN BOJONEGORO,,,0,0,0,JAWA TIMUR,BOJONEGORO,KALITIDU,NGUJO,BOJONEGORO
2159596362,,ODP-BJN-FBN/17,-7.069984,111.844994,,,1,7,0,0,8,REGIONAL 5,MADIUN,BOJONEGORO,BJN,,,2024-03-16 23:28:06,43130,2018,1,NON TITO,,,JAWA TIMUR,0.875,ORANGE,305039476,AREA 3,JATIM,LAMONGAN,TUBAN BOJONEGORO,,,0,0,0,JAWA TIMUR,TUBAN,PARENGAN,PARANGBATU,BOJONEGORO
2159596365,,ODP-BJN-FBN/29,-7.105079,111.860296,,,1,15,0,0,16,REGIONAL 5,MADIUN,BOJONEGORO,BJN,,,2024-03-16 23:28:50,43130,2018,1,NON TITO,,,JAWA TIMUR,0.9375,ORANGE,305039478,AREA 3,JATIM,LAMONGAN,TUBAN BOJONEGORO,,,0,0,0,JAWA TIMUR,TUBAN,PARENGAN,SUCIHARJO,BOJONEGORO
10972693670,,ODP-KDU-FB/34,-7.158808,111.758681,,,1,7,0,0,8,REGIONAL 5,MADIUN,BOJONEGORO,KDU,,,2024-03-16 23:23:21,45254,2023,11,NON TITO,,,JAWA TIMUR,0.875,ORANGE,1338186465,AREA 3,JATIM,LAMONGAN,TUBAN BOJONEGORO,,,0,0,0,JAWA TIMUR,BOJONEGORO,KALITIDU,WOTAN NGARE,BOJONEGORO
2159596748,,ODP-BJN-FBN/16,-7.069251,111.844008,,,1,7,0,0,8,REGIONAL 5,MADIUN,BOJONEGORO,BJN,,,2024-03-16 23:22:25,43130,2018,1,NON TITO,,,JAWA TIMUR,0.875,ORANGE,305039736,AREA 3,JATIM,LAMONGAN,TUBAN BOJONEGORO,,,0,0,0,JAWA TIMUR,TUBAN,PARENGAN,PARANGBATU,BOJONEGORO
1287729289,,ODP-BJN-FQ/23,-7.161714,111.886704,,,1,7,0,0,8,REGIONAL 5,MADIUN,BOJONEGORO,BJN,,,2024-03-16 23:23:04,42790,2017,2,NON TITO,,,JAWA TIMUR,0.875,ORANGE,70147010,AREA 3,JATIM,LAMONGAN,TUBAN BOJONEGORO,,,0,0,0,JAWA TIMUR,BOJONEGORO,BOJONEGORO,SUKOREJO,BOJONEGORO
2159596751,,ODP-BJN-FBN/28,-7.106465,111.860993,,,2,14,0,0,16,REGIONAL 5,MADIUN,BOJONEGORO,BJN,,,2024-03-16 23:28:23,43130,2018,1,NON TITO,,,JAWA TIMUR,0.875,ORANGE,305039738,AREA 3,JATIM,LAMONGAN,TUBAN BOJONEGORO,,,0,0,0,JAWA TIMUR,TUBAN,PARENGAN,SUCIHARJO,BOJONEGORO
2159596882,,ODP-BJN-FBN/21,-7.084607,111.84999,,,1,15,0,0,16,REGIONAL 5,MADIUN,BOJONEGORO,BJN,,,2024-03-16 23:28:30,43130,2018,1,NON TITO,,,JAWA TIMUR,0.9375,ORANGE,305039821,AREA 3,JATIM,LAMONGAN,TUBAN BOJONEGORO,,,0,0,0,JAWA TIMUR,TUBAN,PARENGAN,PARANGBATU,BOJONEGORO
11681446453,,ODP-SMJ-FK/39,-7.171886,112.07423,,,1,7,0,0,8,REGIONAL 5,MADIUN,BOJONEGORO,SMJ,,,2024-08-28 17:29:42,45532,2024,8,NON TITO,,,JAWA TIMUR,0.875,ORANGE,1459088168,AREA 3,JATIM,LAMONGAN,TUBAN BOJONEGORO,,,0,0,0,JAWA TIMUR,BOJONEGORO,KEPOH BARU,TURIGEDE,BOJONEGORO
1281570103,,ODP-BJN-FE/48,-7.172532,111.905834,,,1,7,0,0,8,REGIONAL 5,MADIUN,BOJONEGORO,BJN,,,2024-03-16 23:21:54,42788,2017,2,NON TITO,,,JAWA TIMUR,0.875,ORANGE,70131695,AREA 3,JATIM,LAMONGAN,TUBAN BOJONEGORO,,,0,0,0,JAWA TIMUR,BOJONEGORO,KAPAS,TIKUSAN,BOJONEGORO
11076718715,,ODP-PAZ-FT/13,-7.255423,111.598754,,,1,7,0,0,8,REGIONAL 5,MADIUN,BOJONEGORO,PAD,,,2024-03-16 23:26:22,45264,2023,12,NON TITO,,,JAWA TIMUR,0.875,ORANGE,1367597216,AREA 3,JATIM,LAMONGAN,TUBAN BOJONEGORO,,,0,0,0,JAWA TIMUR,BOJONEGORO,TAMBAKREJO,TANJUNG,BOJONEGORO
1123662544,,ODP-SMJ-FA/14,-7.191053,111.975775,,,1,7,0,0,8,REGIONAL 5,MADIUN,BOJONEGORO,SMJ,,,2024-03-16 23:24:20,42747,2017,1,NON TITO,,,JAWA TIMUR,0.875,ORANGE,39246907,AREA 3,JATIM,LAMONGAN,TUBAN BOJONEGORO,,,0,0,0,JAWA TIMUR,BOJONEGORO,BALEN,MARGOMULYO,BOJONEGORO
1123662342,,ODP-SMJ-FA/18,-7.216003,111.957188,,,3,13,0,0,16,REGIONAL 5,MADIUN,BOJONEGORO,SMJ,,,2024-03-16 23:24:15,42747,2017,1,NON TITO,,,JAWA TIMUR,0.8125,ORANGE,39246751,AREA 3,JATIM,LAMONGAN,TUBAN BOJONEGORO,,,0,0,0,JAWA TIMUR,BOJONEGORO,BALEN,KEMAMANG,BOJONEGORO
12417043709,,ODP-PAZ-FT/36,-7.251786,111.600696,,,1,7,0,0,8,REGIONAL 5,MADIUN,BOJONEGORO,PAD,,,2025-10-04 17:49:27,45933,2025,10,NON TITO,,,JAWA TIMUR,0.875,ORANGE,1501659791,AREA 3,JATIM,LAMONGAN,TUBAN BOJONEGORO,,,0,0,0,JAWA TIMUR,BOJONEGORO,TAMBAKREJO,TANJUNG,BOJONEGORO
1299718552,,ODP-KDU-FC/11,-7.134514,111.807581,,,2,14,0,0,16,REGIONAL 5,MADIUN,BOJONEGORO,KDU,,,2024-03-16 23:24:09,42795,2017,3,NON TITO,,,JAWA TIMUR,0.875,ORANGE,79286293,AREA 3,JATIM,LAMONGAN,TUBAN BOJONEGORO,,,0,0,0,JAWA TIMUR,BOJONEGORO,KALITIDU,MOJOSARI,BOJONEGORO
10492769415,,ODP-BJN-FBQ/15,-7.171782,111.949578,,,1,7,0,0,8,REGIONAL 5,MADIUN,BOJONEGORO,BJN,,,2024-03-16 23:26:45,45142,2023,8,NON TITO,,,JAWA TIMUR,0.875,ORANGE,1308959907,AREA 3,JATIM,LAMONGAN,TUBAN BOJONEGORO,,,0,0,0,JAWA TIMUR,BOJONEGORO,BALEN,PRAMBATAN,BOJONEGORO
1299718557,,ODP-KDU-FC/12,-7.13467,111.80633,,,1,15,0,0,16,REGIONAL 5,MADIUN,BOJONEGORO,KDU,,,2024-03-16 23:24:11,42795,2017,3,NON TITO,,,JAWA TIMUR,0.9375,ORANGE,79286295,AREA 3,JATIM,LAMONGAN,TUBAN BOJONEGORO,,,0,0,0,JAWA TIMUR,BOJONEGORO,KALITIDU,MOJOSARI,BOJONEGORO
2216297648,,ODP-BJN-FW/37,-7.152505,111.885657,,,1,15,0,0,16,REGIONAL 5,MADIUN,BOJONEGORO,BJN,,,2024-03-16 23:24:01,43137,2018,2,NON TITO,,,JAWA TIMUR,0.9375,ORANGE,319589024,AREA 3,JATIM,LAMONGAN,TUBAN BOJONEGORO,,,0,0,0,JAWA TIMUR,BOJONEGORO,BOJONEGORO,KARANG PACAR,BOJONEGORO
2216297503,,ODP-BJN-FW/26,-7.154393,111.88495,,,1,15,0,0,16,REGIONAL 5,MADIUN,BOJONEGORO,BJN,,,2024-03-16 23:23:26,43137,2018,2,NON TITO,,,JAWA TIMUR,0.9375,ORANGE,319588933,AREA 3,JATIM,LAMONGAN,TUBAN BOJONEGORO,,,0,0,0,JAWA TIMUR,BOJONEGORO,BOJONEGORO,SUKOREJO,BOJONEGORO
11499048195,,ODP-SMJ-FG/80,-7.184782,111.986444,,,1,7,0,0,8,REGIONAL 5,MADIUN,BOJONEGORO,SMJ,,,2024-05-07 17:18:59,45418,2024,5,NON TITO,,,JAWA TIMUR,0.875,ORANGE,1428036904,AREA 3,JATIM,LAMONGAN,TUBAN BOJONEGORO,,,0,0,0,JAWA TIMUR,BOJONEGORO,SUMBEREJO,PEKUWON,BOJONEGORO
2244343637,,ODP-BJN-FH/27,-7.139874,111.895725,,,1,7,0,0,8,REGIONAL 5,MADIUN,BOJONEGORO,BJN,,,2024-03-16 23:27:09,43146,2018,2,NON TITO,,,JAWA TIMUR,0.875,ORANGE,319639795,AREA 3,JATIM,LAMONGAN,TUBAN BOJONEGORO,,,0,0,0,JAWA TIMUR,BOJONEGORO,BOJONEGORO,BANJAREJO,BOJONEGORO
2258670952,,ODP-BJN-FE/59,-7.168148,111.891936,,,1,7,0,0,8,REGIONAL 5,MADIUN,BOJONEGORO,BJN,,,2024-03-16 23:23:22,43152,2018,2,NON TITO,,,JAWA TIMUR,0.875,ORANGE,323939938,AREA 3,JATIM,LAMONGAN,TUBAN BOJONEGORO,,,0,0,0,JAWA TIMUR,BOJONEGORO,BOJONEGORO,SUKOREJO,BOJONEGORO
9264344330,,ODP-PAZ-FD/42,-7.268783,111.525648,,,0,7,0,0,8,REGIONAL 5,MADIUN,BOJONEGORO,PAD,,,2024-03-16 23:24:15,44819,2022,9,NON TITO,,,JAWA TIMUR,0.875,ORANGE,1225979919,AREA 3,JATIM,LAMONGAN,TUBAN BOJONEGORO,,,0,0,0,JAWA TIMUR,BOJONEGORO,MARGOMULYO,GENENG,BOJONEGORO
1293571455,,ODP-BJN-FZ/12,-7.131552,111.888575,,,1,7,0,0,8,REGIONAL 5,MADIUN,BOJONEGORO,BJN,,,2024-03-16 23:25:29,42793,2017,2,NON TITO,,,JAWA TIMUR,0.875,ORANGE,70156256,AREA 3,JATIM,LAMONGAN,TUBAN BOJONEGORO,,,0,0,0,JAWA TIMUR,BOJONEGORO,TRUCUK,BANJARSARI,BOJONEGORO
408513998,,ODP-BJN-FA/03,-7.148698,111.884001,,,1,15,0,0,16,REGIONAL 5,MADIUN,BOJONEGORO,BJN,,,2024-03-16 23:22:20,42506,2016,5,NON TITO,,,JAWA TIMUR,0.9375,ORANGE,25405192,AREA 3,JATIM,LAMONGAN,TUBAN BOJONEGORO,,,0,0,0,JAWA TIMUR,BOJONEGORO,BOJONEGORO,KARANG PACAR,BOJONEGORO
1293570716,,ODP-BJN-FZ/19,-7.136371,111.880502,,,3,13,0,0,16,REGIONAL 5,MADIUN,BOJONEGORO,BJN,,,2024-03-16 23:26:16,42793,2017,2,NON TITO,,,JAWA TIMUR,0.8125,ORANGE,79276490,AREA 3,JATIM,LAMONGAN,TUBAN BOJONEGORO,,,0,0,0,JAWA TIMUR,BOJONEGORO,TRUCUK,BANJARSARI,BOJONEGORO
2204674469,,ODP-KDU-FD/04,-7.130823,111.783495,,,3,13,0,0,16,REGIONAL 5,MADIUN,BOJONEGORO,KDU,,,2024-03-16 23:24:48,43139,2018,2,NON TITO,,,JAWA TIMUR,0.8125,ORANGE,320039412,AREA 3,JATIM,LAMONGAN,TUBAN BOJONEGORO,,,0,0,0,JAWA TIMUR,BOJONEGORO,KALITIDU,MAYANGREJO,BOJONEGORO
408511556,,ODP-BJN-FA/06,-7.1484,111.8802,,,1,15,0,0,16,REGIONAL 5,MADIUN,BOJONEGORO,BJN,,,2024-03-16 23:21:44,42506,2016,5,NON TITO,,,JAWA TIMUR,0.9375,ORANGE,25402779,AREA 3,JATIM,LAMONGAN,TUBAN BOJONEGORO,,,0,0,0,JAWA TIMUR,BOJONEGORO,BOJONEGORO,KAUMAN,BOJONEGORO
646694634,,ODP-BJN-FH/16,-7.143435,111.896117,,,1,7,0,0,8,REGIONAL 5,MADIUN,BOJONEGORO,BJN,,,2024-03-16 23:21:20,42523,2016,6,NON TITO,,,JAWA TIMUR,0.875,ORANGE,33547105,AREA 3,JATIM,LAMONGAN,TUBAN BOJONEGORO,,,0,0,0,JAWA TIMUR,BOJONEGORO,BOJONEGORO,BANJAREJO,BOJONEGORO
646694641,,ODP-BJN-FH/15,-7.143021,111.897635,,,0,7,0,0,8,REGIONAL 5,MADIUN,BOJONEGORO,BJN,,,2024-03-16 23:21:59,42523,2016,6,NON TITO,,,JAWA TIMUR,0.875,ORANGE,33547122,AREA 3,JATIM,LAMONGAN,TUBAN BOJONEGORO,,,0,0,0,JAWA TIMUR,BOJONEGORO,BOJONEGORO,BANJAREJO,BOJONEGORO
11365018876,,ODP-BJN-FX/94,-7.143062,111.905878,,,1,7,0,0,8,REGIONAL 5,MADIUN,BOJONEGORO,BJN,,,2024-02-26 17:15:03,45347,2024,2,NON TITO,,,JAWA TIMUR,0.875,ORANGE,1414016692,AREA 3,JATIM,LAMONGAN,TUBAN BOJONEGORO,,,0,0,0,JAWA TIMUR,BOJONEGORO,BOJONEGORO,MULYOAGUNG,BOJONEGORO
9262319510,,ODP-BJN-FE/110,-7.166854,111.901275,,,1,7,0,0,8,REGIONAL 5,MADIUN,BOJONEGORO,BJN,,,2024-03-16 23:25:16,44818,2022,9,NON TITO,,,JAWA TIMUR,0.875,ORANGE,1225968296,AREA 3,JATIM,LAMONGAN,TUBAN BOJONEGORO,,,0,0,0,JAWA TIMUR,BOJONEGORO,KAPAS,NGAMPEL,BOJONEGORO
674218542,,ODP-BJN-FN/06,-7.157241,111.879753,,,2,14,0,0,16,REGIONAL 5,MADIUN,BOJONEGORO,BJN,,,2024-03-16 23:24:43,42533,2016,6,NON TITO,,,JAWA TIMUR,0.875,ORANGE,33577535,AREA 3,JATIM,LAMONGAN,TUBAN BOJONEGORO,,,0,0,0,JAWA TIMUR,BOJONEGORO,BOJONEGORO,SUMBANG,BOJONEGORO
2249518913,,ODP-BJN-FJ/26,-7.143154,111.873546,,,1,7,0,0,8,REGIONAL 5,MADIUN,BOJONEGORO,BJN,,,2024-03-16 23:27:47,43146,2018,2,NON TITO,,,JAWA TIMUR,0.875,ORANGE,319640233,AREA 3,JATIM,LAMONGAN,TUBAN BOJONEGORO,,,0,0,0,JAWA TIMUR,BOJONEGORO,TRUCUK,TRUCUK,BOJONEGORO
2249519041,,ODP-BJN-FJ/25,-7.143519,111.874529,,,1,7,0,0,8,REGIONAL 5,MADIUN,BOJONEGORO,BJN,,,2024-03-16 23:27:14,43146,2018,2,NON TITO,,,JAWA TIMUR,0.875,ORANGE,319640295,AREA 3,JATIM,LAMONGAN,TUBAN BOJONEGORO,,,0,0,0,JAWA TIMUR,BOJONEGORO,BOJONEGORO,KAUMAN,BOJONEGORO
2269020291,,ODP-SMJ-FG/23,-7.220015,112.002576,,,1,15,0,0,16,REGIONAL 5,MADIUN,BOJONEGORO,SMJ,,,2024-03-16 23:22:26,43157,2018,2,NON TITO,,,JAWA TIMUR,0.9375,ORANGE,323977579,AREA 3,JATIM,LAMONGAN,TUBAN BOJONEGORO,,,0,0,0,JAWA TIMUR,BOJONEGORO,SUMBEREJO,NGAMPAL,BOJONEGORO
1092063295,,ODP-KDU-FC/08,-7.137079,111.811989,,,1,15,0,0,16,REGIONAL 5,MADIUN,BOJONEGORO,KDU,,,2024-03-16 23:25:06,42713,2016,12,NON TITO,,,JAWA TIMUR,0.9375,ORANGE,38904983,AREA 3,JATIM,LAMONGAN,TUBAN BOJONEGORO,,,0,0,0,JAWA TIMUR,BOJONEGORO,KALITIDU,NGUJO,BOJONEGORO
9283468665,,ODP-SMJ-FM/13,-7.155278,112.031907,,,1,7,0,0,8,REGIONAL 5,MADIUN,BOJONEGORO,SMJ,,,2024-03-16 23:24:04,44820,2022,9,NON TITO,,,JAWA TIMUR,0.875,ORANGE,1225988498,AREA 3,JATIM,LAMONGAN,TUBAN BOJONEGORO,,,0,0,0,JAWA TIMUR,BOJONEGORO,KANOR,NGLARANGAN,BOJONEGORO
1293571024,,ODP-BJN-FZ/18,-7.136862,111.883516,,,1,15,0,0,16,REGIONAL 5,MADIUN,BOJONEGORO,BJN,,,2024-03-16 23:25:37,42793,2017,2,NON TITO,,,JAWA TIMUR,0.9375,ORANGE,79276834,AREA 3,JATIM,LAMONGAN,TUBAN BOJONEGORO,,,0,0,0,JAWA TIMUR,BOJONEGORO,TRUCUK,BANJARSARI,BOJONEGORO
408595546,,ODP-BJN-FC/01,-7.1409,111.9078,,,1,15,0,0,16,REGIONAL 5,MADIUN,BOJONEGORO,BJN,,,2023-08-30 17:57:16,42506,2016,5,NON TITO,,,JAWA TIMUR,0.9375,ORANGE,25485938,AREA 3,JATIM,LAMONGAN,TUBAN BOJONEGORO,,,0,0,0,JAWA TIMUR,BOJONEGORO,BOJONEGORO,MULYOAGUNG,BOJONEGORO
2269020458,,ODP-SMJ-FG/22,-7.231981,112.003661,,,1,7,0,0,8,REGIONAL 5,MADIUN,BOJONEGORO,SMJ,,,2024-03-16 23:22:37,43157,2018,2,NON TITO,,,JAWA TIMUR,0.875,ORANGE,323977654,AREA 3,JATIM,LAMONGAN,TUBAN BOJONEGORO,,,0,0,0,JAWA TIMUR,BOJONEGORO,BALEN,PENGANTEN,BOJONEGORO
1123661482,,ODP-SMJ-FA/28,-7.267762,111.955375,,,1,7,0,0,8,REGIONAL 5,MADIUN,BOJONEGORO,SMJ,,,2024-03-16 23:24:37,42747,2017,1,NON TITO,,,JAWA TIMUR,0.875,ORANGE,39246082,AREA 3,JATIM,LAMONGAN,TUBAN BOJONEGORO,,,0,0,0,JAWA TIMUR,BOJONEGORO,SUGIHWARAS,GENJOR,BOJONEGORO
1123661284,,ODP-SMJ-FA/11,-7.194403,111.974952,,,1,7,0,0,8,REGIONAL 5,MADIUN,BOJONEGORO,SMJ,,,2024-03-16 23:24:22,42747,2017,1,NON TITO,,,JAWA TIMUR,0.875,ORANGE,39245913,AREA 3,JATIM,LAMONGAN,TUBAN BOJONEGORO,,,0,0,0,JAWA TIMUR,BOJONEGORO,BALEN,MARGOMULYO,BOJONEGORO
10229443911,,ODP-BJN-FL/105,-7.145329,111.857204,,,1,7,0,0,8,REGIONAL 5,MADIUN,BOJONEGORO,BJN,,,2024-03-16 23:28:22,45086,2023,6,NON TITO,,,JAWA TIMUR,0.875,ORANGE,1294150525,AREA 3,JATIM,LAMONGAN,TUBAN BOJONEGORO,,,0,0,0,JAWA TIMUR,BOJONEGORO,DANDER,NGABLAK,BOJONEGORO
2248169714,,ODP-BJN-FBA/34,-7.184509,111.917519,,,1,7,0,0,8,REGIONAL 5,MADIUN,BOJONEGORO,BJN,,,2024-03-16 23:25:11,43146,2018,2,NON TITO,,,JAWA TIMUR,0.875,ORANGE,319638080,AREA 3,JATIM,LAMONGAN,TUBAN BOJONEGORO,,,0,0,0,JAWA TIMUR,BOJONEGORO,KAPAS,KLAMPOK,BOJONEGORO
11037793770,,ODP-BJN-FBD/21,-7.112737,111.864167,,,1,7,0,0,8,REGIONAL 5,MADIUN,BOJONEGORO,BJN,,,2023-11-28 18:19:54,45257,2023,11,NON TITO,,,JAWA TIMUR,0.875,ORANGE,1338268511,AREA 3,JATIM,LAMONGAN,TUBAN BOJONEGORO,,,0,0,0,JAWA TIMUR,TUBAN,PARENGAN,SELOGABUS,BOJONEGORO
12403696405,,ODP-PAZ-FT/37,-7.266746,111.595999,,,0,7,1,0,8,REGIONAL 5,MADIUN,BOJONEGORO,PAD,,,2025-10-02 17:41:35,45931,2025,10,NON TITO,,,JAWA TIMUR,0.875,ORANGE,1501651432,AREA 3,JATIM,LAMONGAN,TUBAN BOJONEGORO,,,0,0,0,JAWA TIMUR,BOJONEGORO,TAMBAKREJO,SUKOREJO,BOJONEGORO
2248169794,,ODP-BJN-FBA/31,-7.196794,111.933068,,,1,7,0,0,8,REGIONAL 5,MADIUN,BOJONEGORO,BJN,,,2024-03-16 23:25:02,43146,2018,2,NON TITO,,,JAWA TIMUR,0.875,ORANGE,319638122,AREA 3,JATIM,LAMONGAN,TUBAN BOJONEGORO,,,0,0,0,JAWA TIMUR,BOJONEGORO,KAPAS,KAPAS,BOJONEGORO
2269020371,,ODP-SMJ-FG/19,-7.249819,112.001812,,,1,7,0,0,8,REGIONAL 5,MADIUN,BOJONEGORO,SMJ,,,2024-03-16 23:23:33,43157,2018,2,NON TITO,,,JAWA TIMUR,0.875,ORANGE,323977616,AREA 3,JATIM,LAMONGAN,TUBAN BOJONEGORO,,,0,0,0,JAWA TIMUR,BOJONEGORO,KEDUNGADEM,BALONGCABE,BOJONEGORO
2216297653,,ODP-BJN-FW/40,-7.155973,111.890885,,,2,14,0,0,16,REGIONAL 5,MADIUN,BOJONEGORO,BJN,,,2024-03-16 23:23:20,43137,2018,2,NON TITO,,,JAWA TIMUR,0.875,ORANGE,319589027,AREA 3,JATIM,LAMONGAN,TUBAN BOJONEGORO,,,0,0,0,JAWA TIMUR,BOJONEGORO,BOJONEGORO,MOJO KAMPUNG,BOJONEGORO
2248169799,,ODP-BJN-FBA/33,-7.182664,111.917984,,,1,7,0,0,8,REGIONAL 5,MADIUN,BOJONEGORO,BJN,,,2024-03-16 23:25:47,43146,2018,2,NON TITO,,,JAWA TIMUR,0.875,ORANGE,319638124,AREA 3,JATIM,LAMONGAN,TUBAN BOJONEGORO,,,0,0,0,JAWA TIMUR,BOJONEGORO,KAPAS,KLAMPOK,BOJONEGORO
10554268533,,ODP-KDU-FF/38,-7.120498,111.722101,,,0,8,0,0,8,REGIONAL 5,MADIUN,BOJONEGORO,KDU,,,2024-03-16 23:24:13,45162,2023,8,NON TITO,,,JAWA TIMUR,1.0,RED,1312401375,AREA 3,JATIM,LAMONGAN,TUBAN BOJONEGORO,,,0,0,0,JAWA TIMUR,BOJONEGORO,MALO,SUDAH,BOJONEGORO
10530418561,,ODP-KDU-FF/37,-7.122287,111.722681,,,0,8,0,0,8,REGIONAL 5,MADIUN,BOJONEGORO,KDU,,,2024-03-16 23:23:45,45156,2023,8,NON TITO,,,JAWA TIMUR,1.0,RED,1312098387,AREA 3,JATIM,LAMONGAN,TUBAN BOJONEGORO,,,0,0,0,JAWA TIMUR,BOJONEGORO,MALO,SUDAH,BOJONEGORO
6872593663,,ODP-PAZ-FM/04,-7.233797,111.705485,,,0,8,0,0,8,REGIONAL 5,MADIUN,BOJONEGORO,PAD,,,2024-03-16 23:25:06,44369,2021,6,NON TITO,,,JAWA TIMUR,1.0,RED,907395134,AREA 3,JATIM,LAMONGAN,TUBAN BOJONEGORO,,,0,0,0,JAWA TIMUR,BOJONEGORO,PURWOSARI,PELEM,BOJONEGORO
10530419199,,ODP-BJN-FE/112,-7.166874,111.895038,,,0,8,0,0,8,REGIONAL 5,MADIUN,BOJONEGORO,BJN,,,2024-03-16 23:23:59,45164,2023,8,NON TITO,,,JAWA TIMUR,1.0,RED,1312410694,AREA 3,JATIM,LAMONGAN,TUBAN BOJONEGORO,,,0,0,0,JAWA TIMUR,BOJONEGORO,BOJONEGORO,SUKOREJO,BOJONEGORO
4457593928,,ODP-SMJ-FS/30,-7.175066,112.008942,,,0,8,0,0,8,REGIONAL 5,MADIUN,BOJONEGORO,SMJ,,,2024-12-19 17:45:18,43844,2020,1,NON TITO,,,JAWA TIMUR,1.0,RED,789794526,AREA 3,JATIM,LAMONGAN,TUBAN BOJONEGORO,,,0,0,0,JAWA TIMUR,BOJONEGORO,SUMBEREJO,SUMBERREJO,BOJONEGORO
417972203,,ODP-PAZ-F03/07,-7.240116,111.706141,,,0,8,0,0,8,REGIONAL 5,MADIUN,BOJONEGORO,PAD,,,2024-03-16 23:28:55,42507,2016,5,NON TITO,,,JAWA TIMUR,1.0,RED,26305039,AREA 3,JATIM,LAMONGAN,TUBAN BOJONEGORO,,,0,0,0,JAWA TIMUR,BOJONEGORO,PURWOSARI,PELEM,BOJONEGORO
6877319096,,ODP-BJN-FBK/21,-7.241042,111.763575,,,0,8,0,0,8,REGIONAL 5,MADIUN,BOJONEGORO,BJN,,,2024-03-16 23:28:13,44370,2021,6,NON TITO,,,JAWA TIMUR,1.0,RED,907771863,AREA 3,JATIM,LAMONGAN,TUBAN BOJONEGORO,,,0,0,0,JAWA TIMUR,BOJONEGORO,NGASEM,DUKOHKIDUL,BOJONEGORO
11494544181,,ODP-PAZ-FT/20,-7.269927,111.619682,,,0,8,0,0,8,REGIONAL 5,MADIUN,BOJONEGORO,PAD,,,2024-05-11 17:16:56,45422,2024,5,NON TITO,,,JAWA TIMUR,1.0,RED,1428491659,AREA 3,JATIM,LAMONGAN,TUBAN BOJONEGORO,,,0,0,0,JAWA TIMUR,BOJONEGORO,TAMBAKREJO,TAMBAKREJO,BOJONEGORO
11499569848,,ODP-PAZ-FT/21,-7.268205,111.616981,,,0,8,0,0,8,REGIONAL 5,MADIUN,BOJONEGORO,PAD,,,2024-05-10 17:17:25,45422,2024,5,NON TITO,,,JAWA TIMUR,1.0,RED,1428491125,AREA 3,JATIM,LAMONGAN,TUBAN BOJONEGORO,,,0,0,0,JAWA TIMUR,BOJONEGORO,TAMBAKREJO,BAKALAN,BOJONEGORO
10263868917,,ODP-KDU-FC/39,-7.130631,111.827543,,,0,8,0,0,8,REGIONAL 5,MADIUN,BOJONEGORO,KDU,,,2024-03-16 23:22:24,45096,2023,6,NON TITO,,,JAWA TIMUR,1.0,RED,1294656041,AREA 3,JATIM,LAMONGAN,TUBAN BOJONEGORO,,,0,0,0,JAWA TIMUR,BOJONEGORO,KALITIDU,NGIRINGINREJO,BOJONEGORO
6905519203,,ODP-BJN-FAG/39,-7.196539,111.93186,,,0,8,0,0,8,REGIONAL 5,MADIUN,BOJONEGORO,BJN,,,2024-03-16 23:29:03,44372,2021,6,NON TITO,,,JAWA TIMUR,1.0,RED,908449684,AREA 3,JATIM,LAMONGAN,TUBAN BOJONEGORO,,,0,0,0,JAWA TIMUR,BOJONEGORO,KAPAS,KAPAS,BOJONEGORO
6872593629,,ODP-PAZ-FM/03,-7.237097,111.705506,,,0,8,0,0,8,REGIONAL 5,MADIUN,BOJONEGORO,PAD,,,2024-03-16 23:25:12,44369,2021,6,NON TITO,,,JAWA TIMUR,1.0,RED,907395110,AREA 3,JATIM,LAMONGAN,TUBAN BOJONEGORO,,,0,0,0,JAWA TIMUR,BOJONEGORO,PURWOSARI,PELEM,BOJONEGORO
10420318770,,ODP-PAZ-FM/18,-7.213135,111.701372,,,0,8,0,0,8,REGIONAL 5,MADIUN,BOJONEGORO,PAD,,,2024-03-16 23:24:17,45131,2023,7,NON TITO,,,JAWA TIMUR,1.0,RED,1303751464,AREA 3,JATIM,LAMONGAN,TUBAN BOJONEGORO,,,0,0,0,JAWA TIMUR,BOJONEGORO,PURWOSARI,TLATAH,BOJONEGORO
987047328,,ODP-BJN-FBA/05,-7.19826,111.932748,,,0,16,0,0,16,REGIONAL 5,MADIUN,BOJONEGORO,BJN,,,2024-03-16 23:28:05,42657,2016,10,NON TITO,,,JAWA TIMUR,1.0,RED,36660554,AREA 3,JATIM,LAMONGAN,TUBAN BOJONEGORO,,,0,0,0,JAWA TIMUR,BOJONEGORO,KAPAS,KAPAS,BOJONEGORO
12020518932,,ODP-PAZ-FC/70,-7.175998,111.628227,,,0,8,0,0,8,REGIONAL 5,MADIUN,BOJONEGORO,PAD,,,2024-12-20 17:34:58,45645,2024,12,NON TITO,,,JAWA TIMUR,1.0,RED,1495515562,AREA 3,JATIM,LAMONGAN,TUBAN BOJONEGORO,,,0,0,0,JAWA TIMUR,BOJONEGORO,PADANGAN,NGRADIN,BOJONEGORO
6905519188,,ODP-BJN-FAG/36,-7.199196,111.938254,,,0,8,0,0,8,REGIONAL 5,MADIUN,BOJONEGORO,BJN,,,2024-03-16 23:29:06,44372,2021,6,NON TITO,,,JAWA TIMUR,1.0,RED,908449672,AREA 3,JATIM,LAMONGAN,TUBAN BOJONEGORO,,,0,0,0,JAWA TIMUR,BOJONEGORO,BALEN,KABUNAN,BOJONEGORO
5097945948,,ODP-SMJ-FS/31,-7.176811,112.001372,,,0,8,0,0,8,REGIONAL 5,MADIUN,BOJONEGORO,SMJ,,,2024-12-19 17:42:37,44004,2020,6,NON TITO,,,JAWA TIMUR,1.0,RED,830873307,AREA 3,JATIM,LAMONGAN,TUBAN BOJONEGORO,,,0,0,0,JAWA TIMUR,BOJONEGORO,SUMBEREJO,SUMBERREJO,BOJONEGORO
674218581,,ODP-BJN-FN/01,-7.152238,111.881156,,,0,8,0,0,8,REGIONAL 5,MADIUN,BOJONEGORO,BJN,,,2024-03-16 23:25:18,42533,2016,6,NON TITO,,,JAWA TIMUR,1.0,RED,33577618,AREA 3,JATIM,LAMONGAN,TUBAN BOJONEGORO,,,0,0,0,JAWA TIMUR,BOJONEGORO,BOJONEGORO,KLANGON,BOJONEGORO
10570694381,,ODP-KDU-FF/39,-7.105684,111.731689,,,0,8,0,0,8,REGIONAL 5,MADIUN,BOJONEGORO,KDU,,,2024-03-16 23:22:26,45171,2023,9,NON TITO,,,JAWA TIMUR,1.0,RED,1313228657,AREA 3,JATIM,LAMONGAN,TUBAN BOJONEGORO,,,0,0,0,JAWA TIMUR,BOJONEGORO,MALO,MALO,BOJONEGORO
6877319051,,ODP-BJN-FBK/20,-7.235372,111.763095,,,0,8,0,0,8,REGIONAL 5,MADIUN,BOJONEGORO,BJN,,,2024-03-16 23:28:28,44370,2021,6,NON TITO,,,JAWA TIMUR,1.0,RED,907771789,AREA 3,JATIM,LAMONGAN,TUBAN BOJONEGORO,,,0,0,0,JAWA TIMUR,BOJONEGORO,NGASEM,DUKOHKIDUL,BOJONEGORO
12020518942,,ODP-PAZ-FC/71,-7.173935,111.628629,,,0,8,0,0,8,REGIONAL 5,MADIUN,BOJONEGORO,PAD,,,2024-12-20 17:34:49,45645,2024,12,NON TITO,,,JAWA TIMUR,1.0,RED,1495515568,AREA 3,JATIM,LAMONGAN,TUBAN BOJONEGORO,,,0,0,0,JAWA TIMUR,BOJONEGORO,PADANGAN,NGRADIN,BOJONEGORO
3712844169,,ODP-SMJ-FQ/42,-7.173135,111.999244,,,0,8,0,0,8,REGIONAL 5,MADIUN,BOJONEGORO,SMJ,,,2024-12-20 17:32:24,43657,2019,7,NON TITO,,,JAWA TIMUR,1.0,RED,638193962,AREA 3,JATIM,LAMONGAN,TUBAN BOJONEGORO,,,0,0,0,JAWA TIMUR,BOJONEGORO,SUMBEREJO,SUMURAGUNG,BOJONEGORO
10567844458,,ODP-PAZ-FB/28,-7.14819,111.720294,,,0,8,0,0,8,REGIONAL 5,MADIUN,BOJONEGORO,PAD,,,2024-03-16 23:22:22,45171,2023,9,NON TITO,,,JAWA TIMUR,1.0,RED,1313231290,AREA 3,JATIM,LAMONGAN,TUBAN BOJONEGORO,,,0,0,0,JAWA TIMUR,BOJONEGORO,GAYAM,KATUR,BOJONEGORO
10426318633,,ODP-PAZ-FP/18,-7.135403,111.623047,,,0,8,0,0,8,REGIONAL 5,MADIUN,BOJONEGORO,PAD,,,2024-03-16 23:25:55,45131,2023,7,NON TITO,,,JAWA TIMUR,1.0,RED,1303901928,AREA 3,JATIM,LAMONGAN,TUBAN BOJONEGORO,,,0,0,0,JAWA TIMUR,BOJONEGORO,KASIMAN,SAMBENG,BOJONEGORO
10576693586,,ODP-PAZ-FL/13,-7.164722,111.609603,,,0,8,0,0,8,REGIONAL 5,MADIUN,BOJONEGORO,PAD,,,2024-03-16 23:24:00,45173,2023,9,NON TITO,,,JAWA TIMUR,1.0,RED,1313753542,AREA 3,JATIM,LAMONGAN,TUBAN BOJONEGORO,,,0,0,0,JAWA TIMUR,BOJONEGORO,PADANGAN,PADANGAN,BOJONEGORO
10288693699,,ODP-PAZ-FT/10,-7.252546,111.598474,,,0,8,0,0,8,REGIONAL 5,MADIUN,BOJONEGORO,PAD,,,2024-03-16 23:21:33,45098,2023,6,NON TITO,,,JAWA TIMUR,1.0,RED,1295554574,AREA 3,JATIM,LAMONGAN,TUBAN BOJONEGORO,,,0,0,0,JAWA TIMUR,BOJONEGORO,TAMBAKREJO,TANJUNG,BOJONEGORO
4787371994,,ODP-SMJ-FQ/45,-7.157141,112.006639,,,0,8,0,0,8,REGIONAL 5,MADIUN,BOJONEGORO,SMJ,,,2024-12-19 17:40:55,43925,2020,4,NON TITO,,,JAWA TIMUR,1.0,RED,827665872,AREA 3,JATIM,LAMONGAN,TUBAN BOJONEGORO,,,0,0,0,JAWA TIMUR,BOJONEGORO,KANOR,PESEN,BOJONEGORO
10436893571,,ODP-PAZ-FS/14,-7.207152,111.660625,,,0,8,0,0,8,REGIONAL 5,MADIUN,BOJONEGORO,PAD,,,2024-03-16 23:24:24,45128,2023,7,NON TITO,,,JAWA TIMUR,1.0,RED,1303678556,AREA 3,JATIM,LAMONGAN,TUBAN BOJONEGORO,,,0,0,0,JAWA TIMUR,BOJONEGORO,PURWOSARI,GAPLUK,BOJONEGORO
6943018639,,ODP-SMJ-FK/25,-7.223786,112.075088,,,0,8,0,0,8,REGIONAL 5,MADIUN,BOJONEGORO,SMJ,,,2024-03-16 23:26:30,44376,2021,6,NON TITO,,,JAWA TIMUR,1.0,RED,911823495,AREA 3,JATIM,LAMONGAN,TUBAN BOJONEGORO,,,0,0,0,JAWA TIMUR,BOJONEGORO,KEPOHBARU,CENGKIR,BOJONEGORO
11536393729,,ODP-BJN-FBD/28,-7.122984,111.863915,,,0,8,0,0,8,REGIONAL 5,MADIUN,BOJONEGORO,BJN,,,2024-05-22 17:25:06,45433,2024,5,NON TITO,,,JAWA TIMUR,1.0,RED,1430987914,AREA 3,JATIM,LAMONGAN,TUBAN BOJONEGORO,,,0,0,0,JAWA TIMUR,TUBAN,PARENGAN,SELOGABUS,BOJONEGORO
11536393913,,ODP-KDU-FF/52,-7.105742,111.734495,,,0,8,0,0,8,REGIONAL 5,MADIUN,BOJONEGORO,KDU,,,2024-05-22 17:24:19,45433,2024,5,NON TITO,,,JAWA TIMUR,1.0,RED,1430988682,AREA 3,JATIM,LAMONGAN,TUBAN BOJONEGORO,,,0,0,0,JAWA TIMUR,BOJONEGORO,MALO,MALO,BOJONEGORO
5197319162,,ODP-SMJ-FQ/53,-7.187999,111.994268,,,0,8,0,0,8,REGIONAL 5,MADIUN,BOJONEGORO,SMJ,,,2024-12-19 17:43:17,44023,2020,7,NON TITO,,,JAWA TIMUR,1.0,RED,831313424,AREA 3,JATIM,LAMONGAN,TUBAN BOJONEGORO,,,0,0,0,JAWA TIMUR,BOJONEGORO,SUMBEREJO,PEKUWON,BOJONEGORO
12020518937,,ODP-PAZ-FC/69,-7.176894,111.628928,,,0,8,0,0,8,REGIONAL 5,MADIUN,BOJONEGORO,PAD,,,2024-12-20 17:34:04,45645,2024,12,NON TITO,,,JAWA TIMUR,1.0,RED,1495515565,AREA 3,JATIM,LAMONGAN,TUBAN BOJONEGORO,,,0,0,0,JAWA TIMUR,BOJONEGORO,PADANGAN,NGRADIN,BOJONEGORO
10432318890,,ODP-BJN-FC/69,-7.14173,111.907836,,,0,8,0,0,8,REGIONAL 5,MADIUN,BOJONEGORO,BJN,,,2024-03-16 23:27:39,45132,2023,7,NON TITO,,,JAWA TIMUR,1.0,RED,1303906362,AREA 3,JATIM,LAMONGAN,TUBAN BOJONEGORO,,,0,0,0,JAWA TIMUR,BOJONEGORO,BOJONEGORO,MULYOAGUNG,BOJONEGORO
10576693591,,ODP-PAZ-FL/14,-7.16467,111.610096,,,0,8,0,0,8,REGIONAL 5,MADIUN,BOJONEGORO,PAD,,,2024-03-16 23:24:03,45173,2023,9,NON TITO,,,JAWA TIMUR,1.0,RED,1313753545,AREA 3,JATIM,LAMONGAN,TUBAN BOJONEGORO,,,0,0,0,JAWA TIMUR,BOJONEGORO,PADANGAN,PADANGAN,BOJONEGORO
10410194181,,ODP-PAZ-FN/25,-7.296649,111.723642,,,0,8,0,0,8,REGIONAL 5,MADIUN,BOJONEGORO,PAD,,,2024-03-16 23:23:11,45128,2023,7,NON TITO,,,JAWA TIMUR,1.0,RED,1303679240,AREA 3,JATIM,LAMONGAN,TUBAN BOJONEGORO,,,0,0,0,JAWA TIMUR,BOJONEGORO,NGAMBON,NGAMBON,BOJONEGORO
5037343864,,ODP-SMJ-FQ/46,-7.14692,112.005655,,,0,8,0,0,8,REGIONAL 5,MADIUN,BOJONEGORO,SMJ,,,2024-12-19 17:47:09,43988,2020,6,NON TITO,,,JAWA TIMUR,1.0,RED,830466668,AREA 3,JATIM,LAMONGAN,TUBAN BOJONEGORO,,,0,0,0,JAWA TIMUR,BOJONEGORO,KANOR,SIMBATAN,BOJONEGORO
12022169419,,ODP-PAZ-FE/57,-7.171262,111.666193,,,0,8,0,0,8,REGIONAL 5,MADIUN,BOJONEGORO,PAD,,,2024-12-20 17:35:17,45645,2024,12,NON TITO,,,JAWA TIMUR,1.0,RED,1495516086,AREA 3,JATIM,LAMONGAN,TUBAN BOJONEGORO,,,0,0,0,JAWA TIMUR,BOJONEGORO,GAYAM,BEGED,BOJONEGORO
3153118907,,ODP-BJN-FAG/14,-7.19628,111.930744,,,0,8,0,0,8,REGIONAL 5,MADIUN,BOJONEGORO,BJN,,,2024-10-05 17:30:27,43440,2018,12,NON TITO,,,JAWA TIMUR,1.0,RED,406490879,AREA 3,JATIM,LAMONGAN,TUBAN BOJONEGORO,,,0,0,0,JAWA TIMUR,BOJONEGORO,KAPAS,KAPAS,BOJONEGORO
6728818951,,ODP-SMJ-FL/26,-7.135137,112.050314,,,0,8,0,0,8,REGIONAL 5,MADIUN,BOJONEGORO,SMJ,,,2024-03-16 23:24:28,44362,2021,6,NON TITO,,,JAWA TIMUR,1.0,RED,892919885,AREA 3,JATIM,LAMONGAN,TUBAN BOJONEGORO,,,0,0,0,JAWA TIMUR,BOJONEGORO,BAURENO,DRAJAT,BOJONEGORO
5814944172,,ODP-SMJ-FL/18,-7.100042,112.046354,,,0,8,0,0,8,REGIONAL 5,MADIUN,BOJONEGORO,SMJ,,,2024-03-16 23:28:59,44190,2020,12,NON TITO,,,JAWA TIMUR,1.0,RED,858567126,AREA 3,JATIM,LAMONGAN,TUBAN BOJONEGORO,,,0,0,0,JAWA TIMUR,BOJONEGORO,KANOR,TEMU,BOJONEGORO
5814944175,,ODP-SMJ-FL/23,-7.113033,112.048859,,,0,8,0,0,8,REGIONAL 5,MADIUN,BOJONEGORO,SMJ,,,2024-03-16 23:29:02,44190,2020,12,NON TITO,,,JAWA TIMUR,1.0,RED,858567128,AREA 3,JATIM,LAMONGAN,TUBAN BOJONEGORO,,,0,0,0,JAWA TIMUR,BOJONEGORO,KANOR,SIMOREJO,BOJONEGORO
5814944184,,ODP-SMJ-FL/19,-7.101674,112.046202,,,0,8,0,0,8,REGIONAL 5,MADIUN,BOJONEGORO,SMJ,,,2024-03-16 23:29:07,44190,2020,12,NON TITO,,,JAWA TIMUR,1.0,RED,858567134,AREA 3,JATIM,LAMONGAN,TUBAN BOJONEGORO,,,0,0,0,JAWA TIMUR,BOJONEGORO,KANOR,TEMU,BOJONEGORO
408595286,,ODP-BJN-FP/09,-7.1606,111.8824,,,0,8,0,0,8,REGIONAL 5,MADIUN,BOJONEGORO,BJN,,,2024-03-16 23:26:33,42506,2016,5,NON TITO,,,JAWA TIMUR,1.0,RED,25485778,AREA 3,JATIM,LAMONGAN,TUBAN BOJONEGORO,,,0,0,0,JAWA TIMUR,BOJONEGORO,BOJONEGORO,SUMBANG,BOJONEGORO
5802944265,,ODP-BJN-FJ/91,-7.138421,111.867762,,,0,8,0,0,8,REGIONAL 5,MADIUN,BOJONEGORO,BJN,,,2024-03-16 23:25:30,44193,2020,12,NON TITO,,,JAWA TIMUR,1.0,RED,858756814,AREA 3,JATIM,LAMONGAN,TUBAN BOJONEGORO,,,0,0,0,JAWA TIMUR,BOJONEGORO,TRUCUK,TRUCUK,BOJONEGORO
12016921193,,ODP-BJN-FJ/108,-7.141132,111.871069,,,0,8,0,0,8,REGIONAL 5,MADIUN,BOJONEGORO,BJN,,,2025-01-25 17:38:34,45681,2025,1,NON TITO,,,JAWA TIMUR,1.0,RED,1495941577,AREA 3,JATIM,LAMONGAN,TUBAN BOJONEGORO,,,0,0,0,JAWA TIMUR,BOJONEGORO,TRUCUK,TRUCUK,BOJONEGORO
5788172108,,ODP-BJN-FU/77,-7.199182,111.861994,,,0,8,0,0,8,REGIONAL 5,MADIUN,BOJONEGORO,BJN,,,2024-03-16 23:25:03,44193,2020,12,NON TITO,,,JAWA TIMUR,1.0,RED,858757439,AREA 3,JATIM,LAMONGAN,TUBAN BOJONEGORO,,,0,0,0,JAWA TIMUR,BOJONEGORO,DANDER,SUMODIKARAN,BOJONEGORO
1004672740,,ODP-BJN-FP/28,-7.157644,111.876927,,,0,16,0,0,16,REGIONAL 5,MADIUN,BOJONEGORO,BJN,,,2024-03-16 23:28:57,42665,2016,10,NON TITO,,,JAWA TIMUR,1.0,RED,36763580,AREA 3,JATIM,LAMONGAN,TUBAN BOJONEGORO,,,0,0,0,JAWA TIMUR,BOJONEGORO,BOJONEGORO,KLANGON,BOJONEGORO
11268718533,,ODP-SMJ-FD/31,-7.178581,112.024791,,,0,8,0,0,8,REGIONAL 5,MADIUN,BOJONEGORO,SMJ,,,2024-03-16 23:25:09,45304,2024,1,NON TITO,,,JAWA TIMUR,1.0,RED,1396890123,AREA 3,JATIM,LAMONGAN,TUBAN BOJONEGORO,,,0,0,0,JAWA TIMUR,BOJONEGORO,SUMBEREJO,JATIGEDE,BOJONEGORO
11216223888,,ODP-SMJ-FN/35,-7.235992,111.972534,,,0,8,0,0,8,REGIONAL 5,MADIUN,BOJONEGORO,SMJ,,,2024-03-16 23:25:10,45299,2024,1,NON TITO,,,JAWA TIMUR,1.0,RED,1396863603,AREA 3,JATIM,LAMONGAN,TUBAN BOJONEGORO,,,0,0,0,JAWA TIMUR,BOJONEGORO,BALEN,KENEP,BOJONEGORO
987047403,,ODP-BJN-FBA/09,-7.196042,111.928744,,,0,8,0,0,8,REGIONAL 5,MADIUN,BOJONEGORO,BJN,,,2024-03-16 23:27:17,42657,2016,10,NON TITO,,,JAWA TIMUR,1.0,RED,36660599,AREA 3,JATIM,LAMONGAN,TUBAN BOJONEGORO,,,0,0,0,JAWA TIMUR,BOJONEGORO,KAPAS,KAPAS,BOJONEGORO
11220718623,,ODP-BJN-FL/122,-7.181706,111.86383,,,0,8,0,0,8,REGIONAL 5,MADIUN,BOJONEGORO,BJN,,,2024-03-16 23:27:41,45283,2023,12,NON TITO,,,JAWA TIMUR,1.0,RED,1388844581,AREA 3,JATIM,LAMONGAN,TUBAN BOJONEGORO,,,0,0,0,JAWA TIMUR,BOJONEGORO,DANDER,SUMBER TLASEH,BOJONEGORO
11220718618,,ODP-BJN-FL/120,-7.184292,111.863014,,,0,8,0,0,8,REGIONAL 5,MADIUN,BOJONEGORO,BJN,,,2024-03-16 23:27:24,45283,2023,12,NON TITO,,,JAWA TIMUR,1.0,RED,1388844578,AREA 3,JATIM,LAMONGAN,TUBAN BOJONEGORO,,,0,0,0,JAWA TIMUR,BOJONEGORO,DANDER,SUMBER TLASEH,BOJONEGORO
12015419383,,ODP-BJN-FH/84,-7.137077,111.895873,,,0,8,0,0,8,REGIONAL 5,MADIUN,BOJONEGORO,BJN,,,2025-01-14 23:38:32,45671,2025,1,NON TITO,,,JAWA TIMUR,1.0,RED,1495605587,AREA 3,JATIM,LAMONGAN,TUBAN BOJONEGORO,,,0,0,0,JAWA TIMUR,BOJONEGORO,BOJONEGORO,BANJAREJO,BOJONEGORO
11220718608,,ODP-BJN-FL/121,-7.183223,111.862587,,,0,8,0,0,8,REGIONAL 5,MADIUN,BOJONEGORO,BJN,,,2024-03-16 23:27:25,45283,2023,12,NON TITO,,,JAWA TIMUR,1.0,RED,1388844572,AREA 3,JATIM,LAMONGAN,TUBAN BOJONEGORO,,,0,0,0,JAWA TIMUR,BOJONEGORO,DANDER,SUMBER TLASEH,BOJONEGORO
11145869095,,ODP-BJN-FS/17,-7.149764,111.886912,,,0,16,0,0,16,REGIONAL 5,MADIUN,BOJONEGORO,BJN,,,2024-03-16 23:23:28,45274,2023,12,NON TITO,,,JAWA TIMUR,1.0,RED,1367651022,AREA 3,JATIM,LAMONGAN,TUBAN BOJONEGORO,,,0,0,0,JAWA TIMUR,BOJONEGORO,BOJONEGORO,KARANG PACAR,BOJONEGORO
5833096143,,ODP-BJN-FN/68,-7.151704,111.874117,,,0,8,0,0,8,REGIONAL 5,MADIUN,BOJONEGORO,BJN,,,2024-03-16 23:23:45,44202,2021,1,NON TITO,,,JAWA TIMUR,1.0,RED,859401021,AREA 3,JATIM,LAMONGAN,TUBAN BOJONEGORO,,,0,0,0,JAWA TIMUR,BOJONEGORO,BOJONEGORO,KLANGON,BOJONEGORO
11424868592,,ODP-BJN-FL/124,-7.179725,111.867758,,,0,8,0,0,8,REGIONAL 5,MADIUN,BOJONEGORO,BJN,,,2024-03-22 17:18:05,45373,2024,3,NON TITO,,,JAWA TIMUR,1.0,RED,1419786772,AREA 3,JATIM,LAMONGAN,TUBAN BOJONEGORO,,,0,0,0,JAWA TIMUR,BOJONEGORO,DANDER,NGUMPAK DALEM,BOJONEGORO
12015419378,,ODP-BJN-FH/85,-7.137114,111.893722,,,0,8,0,0,8,REGIONAL 5,MADIUN,BOJONEGORO,BJN,,,2025-01-14 23:40:11,45671,2025,1,NON TITO,,,JAWA TIMUR,1.0,RED,1495605584,AREA 3,JATIM,LAMONGAN,TUBAN BOJONEGORO,,,0,0,0,JAWA TIMUR,BOJONEGORO,BOJONEGORO,BANJAREJO,BOJONEGORO
11146243556,,ODP-BJN-FBK/40,-7.248936,111.767333,,,0,8,0,0,8,REGIONAL 5,MADIUN,BOJONEGORO,BJN,,,2024-03-16 23:26:43,45273,2023,12,NON TITO,,,JAWA TIMUR,1.0,RED,1367645595,AREA 3,JATIM,LAMONGAN,TUBAN BOJONEGORO,,,0,0,0,JAWA TIMUR,BOJONEGORO,NGASEM,NGASEM,BOJONEGORO
5840523864,,ODP-SMJ-FE/37,-7.290622,112.048233,,,0,8,0,0,8,REGIONAL 5,MADIUN,BOJONEGORO,SMJ,,,2024-03-16 23:21:43,44208,2021,1,NON TITO,,,JAWA TIMUR,1.0,RED,859871699,AREA 3,JATIM,LAMONGAN,TUBAN BOJONEGORO,,,0,0,0,JAWA TIMUR,BOJONEGORO,KEDUNGADEM,DROKILO,BOJONEGORO
408595361,,ODP-BJN-FH/03,-7.1459,111.8867,,,0,16,0,0,16,REGIONAL 5,MADIUN,BOJONEGORO,BJN,,,2024-03-16 23:26:23,42506,2016,5,NON TITO,,,JAWA TIMUR,1.0,RED,25485825,AREA 3,JATIM,LAMONGAN,TUBAN BOJONEGORO,,,0,0,0,JAWA TIMUR,BOJONEGORO,BOJONEGORO,BANJAREJO,BOJONEGORO
11109868965,,ODP-BJN-FE/113,-7.177727,111.896885,,,0,8,0,0,8,REGIONAL 5,MADIUN,BOJONEGORO,BJN,,,2024-03-16 23:27:27,45266,2023,12,NON TITO,,,JAWA TIMUR,1.0,RED,1367608852,AREA 3,JATIM,LAMONGAN,TUBAN BOJONEGORO,,,0,0,0,JAWA TIMUR,BOJONEGORO,KAPAS,KALIANYAR,BOJONEGORO
11082793873,,ODP-BJN-FBD/22,-7.115562,111.865271,,,0,8,0,0,8,REGIONAL 5,MADIUN,BOJONEGORO,BJN,,,2024-03-16 23:23:08,45260,2023,11,NON TITO,,,JAWA TIMUR,1.0,RED,1365486254,AREA 3,JATIM,LAMONGAN,TUBAN BOJONEGORO,,,0,0,0,JAWA TIMUR,TUBAN,PARENGAN,SELOGABUS,BOJONEGORO
11435518609,,ODP-KDU-FF/48,-7.122236,111.740124,,,0,8,0,0,8,REGIONAL 5,MADIUN,BOJONEGORO,KDU,,,2024-03-26 17:19:05,45376,2024,3,NON TITO,,,JAWA TIMUR,1.0,RED,1420387700,AREA 3,JATIM,LAMONGAN,TUBAN BOJONEGORO,,,0,0,0,JAWA TIMUR,BOJONEGORO,KALITIDU,TALOK,BOJONEGORO
5794022962,,ODP-BJN-FP/87,-7.175439,111.871481,,,0,8,0,0,8,REGIONAL 5,MADIUN,BOJONEGORO,BJN,,,2024-03-16 23:21:25,44190,2020,12,NON TITO,,,JAWA TIMUR,1.0,RED,858566345,AREA 3,JATIM,LAMONGAN,TUBAN BOJONEGORO,,,0,0,0,JAWA TIMUR,BOJONEGORO,BOJONEGORO,PACUL,BOJONEGORO
10989718643,,ODP-BJN-FW/57,-7.155532,111.884581,,,0,8,0,0,8,REGIONAL 5,MADIUN,BOJONEGORO,BJN,,,2024-03-16 23:22:42,45253,2023,11,NON TITO,,,JAWA TIMUR,1.0,RED,1337062500,AREA 3,JATIM,LAMONGAN,TUBAN BOJONEGORO,,,0,0,0,JAWA TIMUR,BOJONEGORO,BOJONEGORO,MOJO KAMPUNG,BOJONEGORO
408595271,,ODP-BJN-FV/07,-7.1529,111.8948,,,0,16,0,0,16,REGIONAL 5,MADIUN,BOJONEGORO,BJN,,,2024-03-16 23:26:09,42506,2016,5,NON TITO,,,JAWA TIMUR,1.0,RED,25485770,AREA 3,JATIM,LAMONGAN,TUBAN BOJONEGORO,,,0,0,0,JAWA TIMUR,BOJONEGORO,BOJONEGORO,NGROWO,BOJONEGORO
5794022947,,ODP-BJN-FP/89,-7.173864,111.874984,,,0,8,0,0,8,REGIONAL 5,MADIUN,BOJONEGORO,BJN,,,2024-03-16 23:22:38,44190,2020,12,NON TITO,,,JAWA TIMUR,1.0,RED,858566336,AREA 3,JATIM,LAMONGAN,TUBAN BOJONEGORO,,,0,0,0,JAWA TIMUR,BOJONEGORO,BOJONEGORO,PACUL,BOJONEGORO
5711368894,,ODP-BJN-FP/82,-7.154414,111.875759,,,0,8,0,0,8,REGIONAL 5,MADIUN,BOJONEGORO,BJN,,,2024-03-16 23:23:54,44160,2020,11,NON TITO,,,JAWA TIMUR,1.0,RED,857119194,AREA 3,JATIM,LAMONGAN,TUBAN BOJONEGORO,,,0,0,0,JAWA TIMUR,BOJONEGORO,BOJONEGORO,KLANGON,BOJONEGORO
5658194680,,ODP-BJN-FV/46,-7.155819,111.89511,,,0,8,0,0,8,REGIONAL 5,MADIUN,BOJONEGORO,BJN,,,2024-03-16 23:26:17,44160,2020,11,NON TITO,,,JAWA TIMUR,1.0,RED,857119234,AREA 3,JATIM,LAMONGAN,TUBAN BOJONEGORO,,,0,0,0,JAWA TIMUR,BOJONEGORO,BOJONEGORO,NGROWO,BOJONEGORO
5795368973,,ODP-PAZ-FL/09,-7.174183,111.60591,,,0,16,0,0,16,REGIONAL 5,MADIUN,BOJONEGORO,PAD,,,2024-03-16 23:23:29,44185,2020,12,NON TITO,,,JAWA TIMUR,1.0,RED,858322849,AREA 3,JATIM,LAMONGAN,TUBAN BOJONEGORO,,,0,0,0,JAWA TIMUR,BOJONEGORO,PADANGAN,CENDONO,BOJONEGORO
12057344017,,ODP-PAZ-FN/29,-7.276683,111.723384,,,0,8,0,0,8,REGIONAL 5,MADIUN,BOJONEGORO,PAD,,,2025-02-19 17:43:06,45706,2025,2,NON TITO,,,JAWA TIMUR,1.0,RED,1496102934,AREA 3,JATIM,LAMONGAN,TUBAN BOJONEGORO,,,0,0,0,JAWA TIMUR,BOJONEGORO,TAMBAKREJO,KACANGAN,BOJONEGORO
12058993753,,ODP-BJN-FX/98,-7.144829,111.90688,,,0,8,0,0,8,REGIONAL 5,MADIUN,BOJONEGORO,BJN,,,2025-02-18 17:40:51,45705,2025,2,NON TITO,,,JAWA TIMUR,1.0,RED,1496100970,AREA 3,JATIM,LAMONGAN,TUBAN BOJONEGORO,,,0,0,0,JAWA TIMUR,BOJONEGORO,BOJONEGORO,CAMPUREJO,BOJONEGORO
11333744754,,ODP-BJN-FX/92,-7.154492,111.898979,,,0,8,0,0,8,REGIONAL 5,MADIUN,BOJONEGORO,BJN,,,2024-03-16 23:22:00,45338,2024,2,NON TITO,,,JAWA TIMUR,1.0,RED,1410561427,AREA 3,JATIM,LAMONGAN,TUBAN BOJONEGORO,,,0,0,0,JAWA TIMUR,BOJONEGORO,BOJONEGORO,NGROWO,BOJONEGORO
5795369010,,ODP-PAZ-FL/05,-7.177895,111.603658,,,0,8,0,0,8,REGIONAL 5,MADIUN,BOJONEGORO,PAD,,,2024-03-16 23:23:44,44185,2020,12,NON TITO,,,JAWA TIMUR,1.0,RED,858322871,AREA 3,JATIM,LAMONGAN,TUBAN BOJONEGORO,,,0,0,0,JAWA TIMUR,BOJONEGORO,PADANGAN,CENDONO,BOJONEGORO
5795369015,,ODP-PAZ-FL/03,-7.186086,111.597941,,,0,8,0,0,8,REGIONAL 5,MADIUN,BOJONEGORO,PAD,,,2024-03-16 23:23:47,44185,2020,12,NON TITO,,,JAWA TIMUR,1.0,RED,858322874,AREA 3,JATIM,LAMONGAN,TUBAN BOJONEGORO,,,0,0,0,JAWA TIMUR,BOJONEGORO,PADANGAN,PURWOREJO,BOJONEGORO
11379795765,,ODP-PAZ-FE/49,-7.165195,111.64201,,,0,8,0,0,8,REGIONAL 5,MADIUN,BOJONEGORO,PAD,,,2024-03-16 23:23:44,45355,2024,3,NON TITO,,,JAWA TIMUR,1.0,RED,1414058143,AREA 3,JATIM,LAMONGAN,TUBAN BOJONEGORO,,,0,0,0,JAWA TIMUR,BOJONEGORO,PADANGAN,KEBONAGUNG,BOJONEGORO
5786669868,,ODP-PAZ-FK/04,-7.148388,111.601676,,,0,8,0,0,8,REGIONAL 5,MADIUN,BOJONEGORO,PAD,,,2024-03-16 23:26:10,44185,2020,12,NON TITO,,,JAWA TIMUR,1.0,RED,858322997,AREA 3,JATIM,LAMONGAN,TUBAN BOJONEGORO,,,0,0,0,JAWA TIMUR,BOJONEGORO,PADANGAN,DENGOK,BOJONEGORO
5786669878,,ODP-PAZ-FK/01,-7.161041,111.59707,,,0,8,0,0,8,REGIONAL 5,MADIUN,BOJONEGORO,PAD,,,2024-03-16 23:26:10,44185,2020,12,NON TITO,,,JAWA TIMUR,1.0,RED,858323003,AREA 3,JATIM,LAMONGAN,TUBAN BOJONEGORO,,,0,0,0,JAWA TIMUR,BOJONEGORO,PADANGAN,NGUKEN,BOJONEGORO
5786669883,,ODP-PAZ-FK/05,-7.151939,111.608348,,,0,8,0,0,8,REGIONAL 5,MADIUN,BOJONEGORO,PAD,,,2024-03-16 23:26:20,44185,2020,12,NON TITO,,,JAWA TIMUR,1.0,RED,858323006,AREA 3,JATIM,LAMONGAN,TUBAN BOJONEGORO,,,0,0,0,JAWA TIMUR,BOJONEGORO,PADANGAN,DENGOK,BOJONEGORO
5786669888,,ODP-PAZ-FK/03,-7.153382,111.600069,,,0,8,0,0,8,REGIONAL 5,MADIUN,BOJONEGORO,PAD,,,2024-03-16 23:25:39,44185,2020,12,NON TITO,,,JAWA TIMUR,1.0,RED,858323009,AREA 3,JATIM,LAMONGAN,TUBAN BOJONEGORO,,,0,0,0,JAWA TIMUR,BOJONEGORO,PADANGAN,DENGOK,BOJONEGORO
5786669893,,ODP-PAZ-FK/06,-7.155393,111.614154,,,0,8,0,0,8,REGIONAL 5,MADIUN,BOJONEGORO,PAD,,,2024-03-16 23:26:12,44185,2020,12,NON TITO,,,JAWA TIMUR,1.0,RED,858323012,AREA 3,JATIM,LAMONGAN,TUBAN BOJONEGORO,,,0,0,0,JAWA TIMUR,BOJONEGORO,PADANGAN,PADANGAN,BOJONEGORO
1026794784,,ODP-BJN-FR/06,-7.146819,111.891073,,,0,8,0,0,8,REGIONAL 5,MADIUN,BOJONEGORO,BJN,,,2024-03-16 23:25:14,42672,2016,10,NON TITO,,,JAWA TIMUR,1.0,RED,37182477,AREA 3,JATIM,LAMONGAN,TUBAN BOJONEGORO,,,0,0,0,JAWA TIMUR,BOJONEGORO,BOJONEGORO,KARANG PACAR,BOJONEGORO
11336218658,,ODP-KDU-FF/42,-7.121357,111.7112,,,0,8,0,0,8,REGIONAL 5,MADIUN,BOJONEGORO,KDU,,,2024-03-16 23:25:14,45330,2024,2,NON TITO,,,JAWA TIMUR,1.0,RED,1409286632,AREA 3,JATIM,LAMONGAN,TUBAN BOJONEGORO,,,0,0,0,JAWA TIMUR,BOJONEGORO,MALO,NGUJUNG,BOJONEGORO
5816669642,,ODP-BJN-FBB/05,-7.256924,111.928385,,,0,8,0,0,8,REGIONAL 5,MADIUN,BOJONEGORO,BJN,,,2024-03-16 23:26:31,44190,2020,12,NON TITO,,,JAWA TIMUR,1.0,RED,858561744,AREA 3,JATIM,LAMONGAN,TUBAN BOJONEGORO,,,0,0,0,JAWA TIMUR,BOJONEGORO,SUKOSEWU,SEMEN KIDUL,BOJONEGORO
5816669647,,ODP-BJN-FBB/03,-7.260851,111.927978,,,0,8,0,0,8,REGIONAL 5,MADIUN,BOJONEGORO,BJN,,,2024-03-16 23:25:54,44190,2020,12,NON TITO,,,JAWA TIMUR,1.0,RED,858561747,AREA 3,JATIM,LAMONGAN,TUBAN BOJONEGORO,,,0,0,0,JAWA TIMUR,BOJONEGORO,SUKOSEWU,KLEPEK,BOJONEGORO
5816669662,,ODP-BJN-FBB/04,-7.259424,111.928162,,,0,8,0,0,8,REGIONAL 5,MADIUN,BOJONEGORO,BJN,,,2024-03-16 23:26:27,44190,2020,12,NON TITO,,,JAWA TIMUR,1.0,RED,858561756,AREA 3,JATIM,LAMONGAN,TUBAN BOJONEGORO,,,0,0,0,JAWA TIMUR,BOJONEGORO,SUKOSEWU,KLEPEK,BOJONEGORO
11274120855,,ODP-PAZ-FP/22,-7.134548,111.623271,,,0,8,0,0,8,REGIONAL 5,MADIUN,BOJONEGORO,PAD,,,2024-03-16 23:24:16,45321,2024,1,NON TITO,,,JAWA TIMUR,1.0,RED,1406321149,AREA 3,JATIM,LAMONGAN,TUBAN BOJONEGORO,,,0,0,0,JAWA TIMUR,BOJONEGORO,KASIMAN,SAMBENG,BOJONEGORO
11294821207,,ODP-BJN-FBD/23,-7.122446,111.865112,,,0,8,0,0,8,REGIONAL 5,MADIUN,BOJONEGORO,BJN,,,2024-03-16 23:25:19,45321,2024,1,NON TITO,,,JAWA TIMUR,1.0,RED,1406320642,AREA 3,JATIM,LAMONGAN,TUBAN BOJONEGORO,,,0,0,0,JAWA TIMUR,TUBAN,PARENGAN,SELOGABUS,BOJONEGORO
5816669667,,ODP-BJN-FBB/02,-7.26334,111.927779,,,0,8,0,0,8,REGIONAL 5,MADIUN,BOJONEGORO,BJN,,,2024-03-16 23:25:33,44190,2020,12,NON TITO,,,JAWA TIMUR,1.0,RED,858561759,AREA 3,JATIM,LAMONGAN,TUBAN BOJONEGORO,,,0,0,0,JAWA TIMUR,BOJONEGORO,SUKOSEWU,KLEPEK,BOJONEGORO
408595173,,ODP-BJN-FM/01,-7.159,111.8759,,,0,8,0,0,8,REGIONAL 5,MADIUN,BOJONEGORO,BJN,,,2024-03-16 23:26:20,42506,2016,5,NON TITO,,,JAWA TIMUR,1.0,RED,25485708,AREA 3,JATIM,LAMONGAN,TUBAN BOJONEGORO,,,0,0,0,JAWA TIMUR,BOJONEGORO,BOJONEGORO,KLANGON,BOJONEGORO
739469586,,ODP-BJN-FE/13,-7.189142,111.892656,,,0,8,0,0,8,REGIONAL 5,MADIUN,BOJONEGORO,BJN,,,2024-03-16 23:29:09,42570,2016,7,NON TITO,,,JAWA TIMUR,1.0,RED,33769788,AREA 3,JATIM,LAMONGAN,TUBAN BOJONEGORO,,,0,0,0,JAWA TIMUR,BOJONEGORO,KAPAS,WEDI,BOJONEGORO
11274643566,,ODP-PAZ-FT/15,-7.262235,111.598772,,,0,8,0,0,8,REGIONAL 5,MADIUN,BOJONEGORO,PAD,,,2024-03-16 23:24:12,45307,2024,1,NON TITO,,,JAWA TIMUR,1.0,RED,1400437256,AREA 3,JATIM,LAMONGAN,TUBAN BOJONEGORO,,,0,0,0,JAWA TIMUR,BOJONEGORO,TAMBAKREJO,SUKOREJO,BOJONEGORO
11405443590,,ODP-PAZ-FE/50,-7.173773,111.662317,,,0,8,0,0,8,REGIONAL 5,MADIUN,BOJONEGORO,PAD,,,2024-03-19 17:23:50,45370,2024,3,NON TITO,,,JAWA TIMUR,1.0,RED,1417876721,AREA 3,JATIM,LAMONGAN,TUBAN BOJONEGORO,,,0,0,0,JAWA TIMUR,BOJONEGORO,PURWOSARI,PURWOSARI,BOJONEGORO
5840523894,,ODP-SMJ-FE/38,-7.296594,112.047398,,,0,8,0,0,8,REGIONAL 5,MADIUN,BOJONEGORO,SMJ,,,2024-03-16 23:21:44,44208,2021,1,NON TITO,,,JAWA TIMUR,1.0,RED,859871720,AREA 3,JATIM,LAMONGAN,TUBAN BOJONEGORO,,,0,0,0,JAWA TIMUR,BOJONEGORO,KEDUNGADEM,KEDUNGADEM,BOJONEGORO
11464543619,,ODP-SMJ-FD/33,-7.198073,112.024263,,,0,8,0,0,8,REGIONAL 5,MADIUN,BOJONEGORO,SMJ,,,2024-04-03 17:16:23,45384,2024,4,NON TITO,,,JAWA TIMUR,1.0,RED,1421512306,AREA 3,JATIM,LAMONGAN,TUBAN BOJONEGORO,,,0,0,0,JAWA TIMUR,BOJONEGORO,SUMBEREJO,PEJAMBON,BOJONEGORO
11463268709,,ODP-BJN-FB/17,-7.158893,111.888289,,,0,8,0,0,8,REGIONAL 5,MADIUN,BOJONEGORO,BJN,,,2024-04-03 17:17:13,45384,2024,4,NON TITO,,,JAWA TIMUR,1.0,RED,1421514111,AREA 3,JATIM,LAMONGAN,TUBAN BOJONEGORO,,,0,0,0,JAWA TIMUR,BOJONEGORO,BOJONEGORO,MOJO KAMPUNG,BOJONEGORO
10663094787,,ODP-PAZ-FE/47,-7.167771,111.647909,,,0,8,0,0,8,REGIONAL 5,MADIUN,BOJONEGORO,PAD,,,2024-03-16 23:25:12,45192,2023,9,NON TITO,,,JAWA TIMUR,1.0,RED,1322849410,AREA 3,JATIM,LAMONGAN,TUBAN BOJONEGORO,,,0,0,0,JAWA TIMUR,BOJONEGORO,PADANGAN,KEBONAGUNG,BOJONEGORO
6101368876,,ODP-BJN-FBK/14,-7.248661,111.762469,,,0,8,0,0,8,REGIONAL 5,MADIUN,BOJONEGORO,BJN,,,2024-03-16 23:29:20,44259,2021,3,NON TITO,,,JAWA TIMUR,1.0,RED,865036785,AREA 3,JATIM,LAMONGAN,TUBAN BOJONEGORO,,,0,0,0,JAWA TIMUR,BOJONEGORO,NGASEM,NGASEM,BOJONEGORO
12023518795,,ODP-PAZ-FB/35,-7.17685,111.70084,,,0,8,0,0,8,REGIONAL 5,MADIUN,BOJONEGORO,PAD,,,2024-12-24 17:32:24,45649,2024,12,NON TITO,,,JAWA TIMUR,1.0,RED,1495618522,AREA 3,JATIM,LAMONGAN,TUBAN BOJONEGORO,,,0,0,0,JAWA TIMUR,BOJONEGORO,GAYAM,BRABOWAN,BOJONEGORO
6085478875,,ODP-BJN-FBJ/66,-7.248769,111.847569,,,0,8,0,0,8,REGIONAL 5,MADIUN,BOJONEGORO,BJN,,,2024-03-16 23:27:14,44267,2021,3,NON TITO,,,JAWA TIMUR,1.0,RED,865450695,AREA 3,JATIM,LAMONGAN,TUBAN BOJONEGORO,,,0,0,0,JAWA TIMUR,BOJONEGORO,DANDER,DANDER,BOJONEGORO
6092370109,,ODP-BJN-FE/90,-7.167314,111.901143,,,0,8,0,0,8,REGIONAL 5,MADIUN,BOJONEGORO,BJN,,,2024-03-16 23:23:44,44273,2021,3,NON TITO,,,JAWA TIMUR,1.0,RED,866398893,AREA 3,JATIM,LAMONGAN,TUBAN BOJONEGORO,,,0,0,0,JAWA TIMUR,BOJONEGORO,KAPAS,NGAMPEL,BOJONEGORO
6228868542,,ODP-BJN-FW/55,-7.155845,111.884553,,,0,8,0,0,8,REGIONAL 5,MADIUN,BOJONEGORO,BJN,,,2024-03-16 23:23:50,44284,2021,3,NON TITO,,,JAWA TIMUR,1.0,RED,868172640,AREA 3,JATIM,LAMONGAN,TUBAN BOJONEGORO,,,0,0,0,JAWA TIMUR,BOJONEGORO,BOJONEGORO,MOJO KAMPUNG,BOJONEGORO
6275668650,,ODP-BJN-FN/69,-7.151938,111.878321,,,0,8,0,0,8,REGIONAL 5,MADIUN,BOJONEGORO,BJN,,,2024-03-16 23:24:16,44291,2021,4,NON TITO,,,JAWA TIMUR,1.0,RED,869830490,AREA 3,JATIM,LAMONGAN,TUBAN BOJONEGORO,,,0,0,0,JAWA TIMUR,BOJONEGORO,BOJONEGORO,KAUMAN,BOJONEGORO
6321868636,,ODP-BJN-FU/79,-7.193974,111.868587,,,0,8,0,0,8,REGIONAL 5,MADIUN,BOJONEGORO,BJN,,,2024-03-16 23:21:59,44298,2021,4,NON TITO,,,JAWA TIMUR,1.0,RED,870608099,AREA 3,JATIM,LAMONGAN,TUBAN BOJONEGORO,,,0,0,0,JAWA TIMUR,BOJONEGORO,DANDER,NGUMPAK DALEM,BOJONEGORO
6329374164,,ODP-BJN-FBN/11,-7.105273,111.861303,,,0,8,0,0,8,REGIONAL 5,MADIUN,BOJONEGORO,BJN,,,2024-03-16 23:23:03,44306,2021,4,NON TITO,,,JAWA TIMUR,1.0,RED,872819747,AREA 3,JATIM,LAMONGAN,TUBAN BOJONEGORO,,,0,0,0,JAWA TIMUR,TUBAN,PARENGAN,SUCIHARJO,BOJONEGORO
12023518775,,ODP-PAZ-FB/32,-7.170005,111.693959,,,0,8,0,0,8,REGIONAL 5,MADIUN,BOJONEGORO,PAD,,,2024-12-24 17:31:55,45649,2024,12,NON TITO,,,JAWA TIMUR,1.0,RED,1495618510,AREA 3,JATIM,LAMONGAN,TUBAN BOJONEGORO,,,0,0,0,JAWA TIMUR,BOJONEGORO,GAYAM,BRABOWAN,BOJONEGORO
6373994017,,ODP-SMJ-FL/25,-7.112437,112.046034,,,0,8,0,0,8,REGIONAL 5,MADIUN,BOJONEGORO,SMJ,,,2024-03-16 23:27:00,44313,2021,4,NON TITO,,,JAWA TIMUR,1.0,RED,875752466,AREA 3,JATIM,LAMONGAN,TUBAN BOJONEGORO,,,0,0,0,JAWA TIMUR,BOJONEGORO,KANOR,SIMOREJO,BOJONEGORO
11498894376,,ODP-PAZ-FT/19,-7.266654,111.605063,,,0,8,0,0,8,REGIONAL 5,MADIUN,BOJONEGORO,PAD,,,2024-04-25 17:14:04,45406,2024,4,NON TITO,,,JAWA TIMUR,1.0,RED,1424214264,AREA 3,JATIM,LAMONGAN,TUBAN BOJONEGORO,,,0,0,0,JAWA TIMUR,BOJONEGORO,TAMBAKREJO,SUKOREJO,BOJONEGORO
12023518760,,ODP-PAZ-FB/34,-7.17473,111.700324,,,0,8,0,0,8,REGIONAL 5,MADIUN,BOJONEGORO,PAD,,,2024-12-24 17:31:59,45649,2024,12,NON TITO,,,JAWA TIMUR,1.0,RED,1495618500,AREA 3,JATIM,LAMONGAN,TUBAN BOJONEGORO,,,0,0,0,JAWA TIMUR,BOJONEGORO,GAYAM,BRABOWAN,BOJONEGORO
6373319248,,ODP-SMJ-FG/66,-7.197275,112.001588,,,0,8,0,0,8,REGIONAL 5,MADIUN,BOJONEGORO,SMJ,,,2024-03-16 23:21:38,44315,2021,4,NON TITO,,,JAWA TIMUR,1.0,RED,877170108,AREA 3,JATIM,LAMONGAN,TUBAN BOJONEGORO,,,0,0,0,JAWA TIMUR,BOJONEGORO,SUMBEREJO,PEKUWON,BOJONEGORO
6421918832,,ODP-BJN-FBD/24,-7.120167,111.868118,,,0,8,0,0,8,REGIONAL 5,MADIUN,BOJONEGORO,BJN,,,2024-03-16 23:22:29,44316,2021,4,NON TITO,,,JAWA TIMUR,1.0,RED,877253511,AREA 3,JATIM,LAMONGAN,TUBAN BOJONEGORO,,,0,0,0,JAWA TIMUR,TUBAN,PARENGAN,SELOGABUS,BOJONEGORO
10662644106,,ODP-SMJ-FD/27,-7.173475,112.016943,,,0,8,0,0,8,REGIONAL 5,MADIUN,BOJONEGORO,SMJ,,,2024-03-16 23:28:00,45190,2023,9,NON TITO,,,JAWA TIMUR,1.0,RED,1322841053,AREA 3,JATIM,LAMONGAN,TUBAN BOJONEGORO,,,0,0,0,JAWA TIMUR,BOJONEGORO,SUMBEREJO,TALUN,BOJONEGORO
6481018534,,ODP-PAZ-FE/38,-7.172651,111.660274,,,0,8,0,0,8,REGIONAL 5,MADIUN,BOJONEGORO,PAD,,,2024-03-16 23:27:13,44326,2021,5,NON TITO,,,JAWA TIMUR,1.0,RED,878973672,AREA 3,JATIM,LAMONGAN,TUBAN BOJONEGORO,,,0,0,0,JAWA TIMUR,BOJONEGORO,PURWOSARI,PURWOSARI,BOJONEGORO
10669843651,,ODP-PAZ-FP/21,-7.137524,111.623553,,,0,8,0,0,8,REGIONAL 5,MADIUN,BOJONEGORO,PAD,,,2024-03-16 23:26:41,45189,2023,9,NON TITO,,,JAWA TIMUR,1.0,RED,1322463476,AREA 3,JATIM,LAMONGAN,TUBAN BOJONEGORO,,,0,0,0,JAWA TIMUR,BOJONEGORO,KASIMAN,SAMBENG,BOJONEGORO
408596649,,ODP-BJN-FC/04,-7.1424,111.9002,,,0,8,0,0,8,REGIONAL 5,MADIUN,BOJONEGORO,BJN,,,2024-03-16 23:26:18,42506,2016,5,NON TITO,,,JAWA TIMUR,1.0,RED,25486618,AREA 3,JATIM,LAMONGAN,TUBAN BOJONEGORO,,,0,0,0,JAWA TIMUR,BOJONEGORO,BOJONEGORO,CAMPURJO,BOJONEGORO
10636543899,,ODP-PAZ-FF/21,-7.158865,111.629285,,,0,8,0,0,8,REGIONAL 5,MADIUN,BOJONEGORO,PAD,,,2024-03-16 23:27:09,45188,2023,9,NON TITO,,,JAWA TIMUR,1.0,RED,1322459062,AREA 3,JATIM,LAMONGAN,TUBAN BOJONEGORO,,,0,0,0,JAWA TIMUR,BOJONEGORO,PADANGAN,BANJARJO,BOJONEGORO
10636543889,,ODP-PAZ-FF/24,-7.157617,111.636733,,,0,8,0,0,8,REGIONAL 5,MADIUN,BOJONEGORO,PAD,,,2024-03-16 23:28:15,45188,2023,9,NON TITO,,,JAWA TIMUR,1.0,RED,1322459056,AREA 3,JATIM,LAMONGAN,TUBAN BOJONEGORO,,,0,0,0,JAWA TIMUR,BOJONEGORO,PADANGAN,BANJARJO,BOJONEGORO
417972242,,ODP-BJN-FM/06,-7.166271,111.874374,,,0,8,0,0,8,REGIONAL 5,MADIUN,BOJONEGORO,BJN,,,2024-03-16 23:28:09,42507,2016,5,NON TITO,,,JAWA TIMUR,1.0,RED,26229152,AREA 3,JATIM,LAMONGAN,TUBAN BOJONEGORO,,,0,0,0,JAWA TIMUR,BOJONEGORO,BOJONEGORO,SUMBANG,BOJONEGORO
6767743602,,ODP-BJN-FBN/31,-7.096361,111.881459,,,0,8,0,0,8,REGIONAL 5,MADIUN,BOJONEGORO,BJN,,,2024-03-16 23:29:08,44362,2021,6,NON TITO,,,JAWA TIMUR,1.0,RED,892919867,AREA 3,JATIM,LAMONGAN,TUBAN BOJONEGORO,,,0,0,0,JAWA TIMUR,TUBAN,PARENGAN,SUGIHWARAS,BOJONEGORO
10605494881,,ODP-BJN-FH/80,-7.137841,111.89202,,,0,8,0,0,8,REGIONAL 5,MADIUN,BOJONEGORO,BJN,,,2024-03-16 23:26:40,45180,2023,9,NON TITO,,,JAWA TIMUR,1.0,RED,1318032110,AREA 3,JATIM,LAMONGAN,TUBAN BOJONEGORO,,,0,0,0,JAWA TIMUR,BOJONEGORO,BOJONEGORO,BANJAREJO,BOJONEGORO
417972267,,ODP-BJN-FM/08,-7.165999,111.876936,,,0,16,0,0,16,REGIONAL 5,MADIUN,BOJONEGORO,BJN,,,2024-03-16 23:28:56,42507,2016,5,NON TITO,,,JAWA TIMUR,1.0,RED,26229187,AREA 3,JATIM,LAMONGAN,TUBAN BOJONEGORO,,,0,0,0,JAWA TIMUR,BOJONEGORO,BOJONEGORO,SUMBANG,BOJONEGORO
6028544722,,ODP-BJN-FJ/92,-7.14818,111.876175,,,0,8,0,0,8,REGIONAL 5,MADIUN,BOJONEGORO,BJN,,,2024-03-16 23:23:48,44246,2021,2,NON TITO,,,JAWA TIMUR,1.0,RED,861956409,AREA 3,JATIM,LAMONGAN,TUBAN BOJONEGORO,,,0,0,0,JAWA TIMUR,BOJONEGORO,BOJONEGORO,KAUMAN,BOJONEGORO
5949568809,,ODP-BJN-FBJ/67,-7.246192,111.818444,,,0,8,0,0,8,REGIONAL 5,MADIUN,BOJONEGORO,BJN,,,2024-03-16 23:27:41,44226,2021,1,NON TITO,,,JAWA TIMUR,1.0,RED,861067190,AREA 3,JATIM,LAMONGAN,TUBAN BOJONEGORO,,,0,0,0,JAWA TIMUR,BOJONEGORO,DANDER,NGUNUT,BOJONEGORO
408595765,,ODP-PAZ-F06/05,-7.1726,111.6593,,,0,8,0,0,8,REGIONAL 5,MADIUN,BOJONEGORO,PAD,,,2024-03-16 23:25:40,42506,2016,5,NON TITO,,,JAWA TIMUR,1.0,RED,25486074,AREA 3,JATIM,LAMONGAN,TUBAN BOJONEGORO,,,0,0,0,JAWA TIMUR,BOJONEGORO,PURWOSARI,PURWOSARI,BOJONEGORO
11499493632,,ODP-PAZ-FT/18,-7.267632,111.61388,,,0,8,0,0,8,REGIONAL 5,MADIUN,BOJONEGORO,PAD,,,2024-04-25 17:13:10,45406,2024,4,NON TITO,,,JAWA TIMUR,1.0,RED,1422399965,AREA 3,JATIM,LAMONGAN,TUBAN BOJONEGORO,,,0,0,0,JAWA TIMUR,BOJONEGORO,TAMBAKREJO,BAKALAN,BOJONEGORO
10894544083,,ODP-BJN-FBN/55,-7.083803,111.843563,,,0,8,0,0,8,REGIONAL 5,MADIUN,BOJONEGORO,BJN,,,2024-03-16 23:28:14,45240,2023,11,NON TITO,,,JAWA TIMUR,1.0,RED,1333306317,AREA 3,JATIM,LAMONGAN,TUBAN BOJONEGORO,,,0,0,0,JAWA TIMUR,TUBAN,PARENGAN,BRANGKAL,BOJONEGORO
5840523914,,ODP-SMJ-FE/39,-7.298953,112.046904,,,0,8,0,0,8,REGIONAL 5,MADIUN,BOJONEGORO,SMJ,,,2024-03-16 23:21:43,44208,2021,1,NON TITO,,,JAWA TIMUR,1.0,RED,859871732,AREA 3,JATIM,LAMONGAN,TUBAN BOJONEGORO,,,0,0,0,JAWA TIMUR,BOJONEGORO,KEDUNGADEM,KEDUNGADEM,BOJONEGORO
5883869258,,ODP-BJN-FBN/06,-7.09511,111.854543,,,0,8,0,0,8,REGIONAL 5,MADIUN,BOJONEGORO,BJN,,,2024-03-16 23:26:02,44209,2021,1,NON TITO,,,JAWA TIMUR,1.0,RED,859881957,AREA 3,JATIM,LAMONGAN,TUBAN BOJONEGORO,,,0,0,0,JAWA TIMUR,TUBAN,PARENGAN,SUCIHARJO,BOJONEGORO
408595504,,ODP-PAZ-FA/15,-7.1594,111.6271,,,0,8,0,0,8,REGIONAL 5,MADIUN,BOJONEGORO,PAD,,,2024-03-16 23:26:09,42506,2016,5,NON TITO,,,JAWA TIMUR,1.0,RED,25485913,AREA 3,JATIM,LAMONGAN,TUBAN BOJONEGORO,,,0,0,0,JAWA TIMUR,BOJONEGORO,PADANGAN,BANJARJO,BOJONEGORO
10868368708,,ODP-PAZ-FN/26,-7.279693,111.723723,,,0,8,0,0,8,REGIONAL 5,MADIUN,BOJONEGORO,PAD,,,2024-03-16 23:26:49,45232,2023,11,NON TITO,,,JAWA TIMUR,1.0,RED,1332539217,AREA 3,JATIM,LAMONGAN,TUBAN BOJONEGORO,,,0,0,0,JAWA TIMUR,BOJONEGORO,TAMBAKREJO,KACANGAN,BOJONEGORO
5883869284,,ODP-BJN-FBN/04,-7.107877,111.877043,,,0,8,0,0,8,REGIONAL 5,MADIUN,BOJONEGORO,BJN,,,2024-03-16 23:26:20,44209,2021,1,NON TITO,,,JAWA TIMUR,1.0,RED,859881980,AREA 3,JATIM,LAMONGAN,TUBAN BOJONEGORO,,,0,0,0,JAWA TIMUR,TUBAN,PARENGAN,MOJOMALANG,BOJONEGORO
11464319403,,ODP-KDU-FC/49,-7.136892,111.803833,,,0,8,0,0,8,REGIONAL 5,MADIUN,BOJONEGORO,KDU,,,2024-04-03 17:19:28,45385,2024,4,NON TITO,,,JAWA TIMUR,1.0,RED,1421517852,AREA 3,JATIM,LAMONGAN,TUBAN BOJONEGORO,,,0,0,0,JAWA TIMUR,BOJONEGORO,KALITIDU,MOJOSARI,BOJONEGORO
408428812,,ODP-SMJ-FS/35,-7.1775,111.9989,,,0,16,0,0,16,REGIONAL 5,MADIUN,BOJONEGORO,SMJ,,,2025-01-01 17:27:04,42506,2016,5,NON TITO,,,JAWA TIMUR,1.0,RED,25395173,AREA 3,JATIM,LAMONGAN,TUBAN BOJONEGORO,,,0,0,0,JAWA TIMUR,BOJONEGORO,SUMBEREJO,SUMURAGUNG,BOJONEGORO
5884928837,,ODP-BJN-FBK/13,-7.247166,111.768891,,,0,8,0,0,8,REGIONAL 5,MADIUN,BOJONEGORO,BJN,,,2024-03-16 23:21:05,44224,2021,1,NON TITO,,,JAWA TIMUR,1.0,RED,860694459,AREA 3,JATIM,LAMONGAN,TUBAN BOJONEGORO,,,0,0,0,JAWA TIMUR,BOJONEGORO,NGASEM,NGASEM,BOJONEGORO
5949043920,,ODP-BJN-FBB/09,-7.266001,111.920412,,,0,8,0,0,8,REGIONAL 5,MADIUN,BOJONEGORO,BJN,,,2024-03-16 23:27:14,44225,2021,1,NON TITO,,,JAWA TIMUR,1.0,RED,861052674,AREA 3,JATIM,LAMONGAN,TUBAN BOJONEGORO,,,0,0,0,JAWA TIMUR,BOJONEGORO,SUKOSEWU,SUKOSEWU,BOJONEGORO
5949043923,,ODP-BJN-FBB/12,-7.265562,111.927141,,,0,8,0,0,8,REGIONAL 5,MADIUN,BOJONEGORO,BJN,,,2024-03-16 23:27:14,44225,2021,1,NON TITO,,,JAWA TIMUR,1.0,RED,861052676,AREA 3,JATIM,LAMONGAN,TUBAN BOJONEGORO,,,0,0,0,JAWA TIMUR,BOJONEGORO,SUKOSEWU,KLEPEK,BOJONEGORO
5949043926,,ODP-BJN-FBB/11,-7.267855,111.926387,,,0,8,0,0,8,REGIONAL 5,MADIUN,BOJONEGORO,BJN,,,2024-03-16 23:26:49,44225,2021,1,NON TITO,,,JAWA TIMUR,1.0,RED,861052678,AREA 3,JATIM,LAMONGAN,TUBAN BOJONEGORO,,,0,0,0,JAWA TIMUR,BOJONEGORO,SUKOSEWU,KLEPEK,BOJONEGORO
6838318628,,ODP-KDU-FB/21,-7.196374,111.762665,,,0,8,0,0,8,REGIONAL 5,MADIUN,BOJONEGORO,KDU,,,2024-03-16 23:29:04,44365,2021,6,NON TITO,,,JAWA TIMUR,1.0,RED,906421894,AREA 3,JATIM,LAMONGAN,TUBAN BOJONEGORO,,,0,0,0,JAWA TIMUR,BOJONEGORO,NGASEM,BARENG,BOJONEGORO
12022249026,,ODP-KDU-FF/57,-7.102631,111.714003,,,0,8,0,0,8,REGIONAL 5,MADIUN,BOJONEGORO,KDU,,,2024-12-31 17:31:51,45656,2024,12,NON TITO,,,JAWA TIMUR,1.0,RED,1495654922,AREA 3,JATIM,LAMONGAN,TUBAN BOJONEGORO,,,0,0,0,JAWA TIMUR,BOJONEGORO,MALO,TINAWUN,BOJONEGORO
10687843985,,ODP-BJN-FL/116,-7.181391,111.86311,,,0,8,0,0,8,REGIONAL 5,MADIUN,BOJONEGORO,BJN,,,2024-03-16 23:23:44,45203,2023,10,NON TITO,,,JAWA TIMUR,1.0,RED,1324412940,AREA 3,JATIM,LAMONGAN,TUBAN BOJONEGORO,,,0,0,0,JAWA TIMUR,BOJONEGORO,DANDER,SUMBER TLASEH,BOJONEGORO
12022249021,,ODP-KDU-FF/59,-7.102888,111.716133,,,0,8,0,0,8,REGIONAL 5,MADIUN,BOJONEGORO,KDU,,,2024-12-31 17:32:45,45656,2024,12,NON TITO,,,JAWA TIMUR,1.0,RED,1495654919,AREA 3,JATIM,LAMONGAN,TUBAN BOJONEGORO,,,0,0,0,JAWA TIMUR,BOJONEGORO,MALO,KETILENG,BOJONEGORO
5949043935,,ODP-BJN-FL/91,-7.174382,111.86569,,,0,8,0,0,8,REGIONAL 5,MADIUN,BOJONEGORO,BJN,,,2024-03-16 23:27:08,44225,2021,1,NON TITO,,,JAWA TIMUR,1.0,RED,861052684,AREA 3,JATIM,LAMONGAN,TUBAN BOJONEGORO,,,0,0,0,JAWA TIMUR,BOJONEGORO,BOJONEGORO,JETAK,BOJONEGORO
5953243957,,ODP-BJN-FBN/08,-7.112653,111.875959,,,0,8,0,0,8,REGIONAL 5,MADIUN,BOJONEGORO,BJN,,,2024-03-16 23:28:28,44225,2021,1,NON TITO,,,JAWA TIMUR,1.0,RED,861052768,AREA 3,JATIM,LAMONGAN,TUBAN BOJONEGORO,,,0,0,0,JAWA TIMUR,TUBAN,PARENGAN,MOJOMALANG,BOJONEGORO
12022249011,,ODP-KDU-FF/55,-7.105187,111.714316,,,0,8,0,0,8,REGIONAL 5,MADIUN,BOJONEGORO,KDU,,,2024-12-31 17:32:37,45656,2024,12,NON TITO,,,JAWA TIMUR,1.0,RED,1495654913,AREA 3,JATIM,LAMONGAN,TUBAN BOJONEGORO,,,0,0,0,JAWA TIMUR,BOJONEGORO,MALO,TINAWUN,BOJONEGORO
11462970634,,ODP-SMJ-FJ/38,-7.312805,111.973879,,,0,8,0,0,8,REGIONAL 5,MADIUN,BOJONEGORO,SMJ,,,2024-04-10 17:14:43,45391,2024,4,NON TITO,,,JAWA TIMUR,1.0,RED,1423164528,AREA 3,JATIM,LAMONGAN,TUBAN BOJONEGORO,,,0,0,0,JAWA TIMUR,BOJONEGORO,SUGIHWARAS,BULU,BOJONEGORO
12022173625,,ODP-PAZ-FE/59,-7.170789,111.661889,,,0,8,0,0,8,REGIONAL 5,MADIUN,BOJONEGORO,PAD,,,2024-12-31 17:33:02,45656,2024,12,NON TITO,,,JAWA TIMUR,1.0,RED,1495653528,AREA 3,JATIM,LAMONGAN,TUBAN BOJONEGORO,,,0,0,0,JAWA TIMUR,BOJONEGORO,PURWOSARI,PURWOSARI,BOJONEGORO
10665644348,,ODP-PAZ-FT/11,-7.267741,111.598195,,,0,8,0,0,8,REGIONAL 5,MADIUN,BOJONEGORO,PAD,,,2024-03-16 23:24:36,45198,2023,9,NON TITO,,,JAWA TIMUR,1.0,RED,1324209692,AREA 3,JATIM,LAMONGAN,TUBAN BOJONEGORO,,,0,0,0,JAWA TIMUR,BOJONEGORO,TAMBAKREJO,SUKOREJO,BOJONEGORO
5952869096,,ODP-PAZ-FL/11,-7.180827,111.601648,,,0,8,0,0,8,REGIONAL 5,MADIUN,BOJONEGORO,PAD,,,2024-03-16 23:24:51,44226,2021,1,NON TITO,,,JAWA TIMUR,1.0,RED,861063916,AREA 3,JATIM,LAMONGAN,TUBAN BOJONEGORO,,,0,0,0,JAWA TIMUR,BOJONEGORO,PADANGAN,PURWOREJO,BOJONEGORO
12022247532,,ODP-KDU-FB/58,-7.178585,111.753574,,,0,8,0,0,8,REGIONAL 5,MADIUN,BOJONEGORO,KDU,,,2024-12-28 17:31:49,45653,2024,12,NON TITO,,,JAWA TIMUR,1.0,RED,1495639739,AREA 3,JATIM,LAMONGAN,TUBAN BOJONEGORO,,,0,0,0,JAWA TIMUR,BOJONEGORO,NGASEM,JELU,BOJONEGORO
987047378,,ODP-BJN-FBA/16,-7.193139,111.923386,,,0,8,0,0,8,REGIONAL 5,MADIUN,BOJONEGORO,BJN,,,2024-03-16 23:27:12,42657,2016,10,NON TITO,,,JAWA TIMUR,1.0,RED,36660584,AREA 3,JATIM,LAMONGAN,TUBAN BOJONEGORO,,,0,0,0,JAWA TIMUR,BOJONEGORO,KAPAS,PLESUNGAN,BOJONEGORO
12022247527,,ODP-KDU-FB/57,-7.177948,111.753468,,,0,8,0,0,8,REGIONAL 5,MADIUN,BOJONEGORO,KDU,,,2024-12-28 17:33:10,45653,2024,12,NON TITO,,,JAWA TIMUR,1.0,RED,1495639735,AREA 3,JATIM,LAMONGAN,TUBAN BOJONEGORO,,,0,0,0,JAWA TIMUR,BOJONEGORO,NGASEM,JELU,BOJONEGORO
10777169316,,ODP-PAZ-FT/12,-7.247584,111.598235,,,0,8,0,0,8,REGIONAL 5,MADIUN,BOJONEGORO,PAD,,,2024-03-16 23:28:24,45217,2023,10,NON TITO,,,JAWA TIMUR,1.0,RED,1329295835,AREA 3,JATIM,LAMONGAN,TUBAN BOJONEGORO,,,0,0,0,JAWA TIMUR,BOJONEGORO,TAMBAKREJO,TANJUNG,BOJONEGORO
5949419162,,ODP-KDU-FC/23,-7.134077,111.80479,,,0,16,0,0,16,REGIONAL 5,MADIUN,BOJONEGORO,KDU,,,2024-03-16 23:23:22,44225,2021,1,NON TITO,,,JAWA TIMUR,1.0,RED,861054091,AREA 3,JATIM,LAMONGAN,TUBAN BOJONEGORO,,,0,0,0,JAWA TIMUR,BOJONEGORO,KALITIDU,MOJOSARI,BOJONEGORO
8086393889,,ODP-BJN-FE/104,-7.17303,111.89573,,,0,8,0,0,8,REGIONAL 5,MADIUN,BOJONEGORO,BJN,,,2024-03-16 23:23:28,44512,2021,11,NON TITO,,,JAWA TIMUR,1.0,RED,1114872962,AREA 3,JATIM,LAMONGAN,TUBAN BOJONEGORO,,,0,0,0,JAWA TIMUR,BOJONEGORO,KAPAS,KALIANYAR,BOJONEGORO
7042319029,,ODP-SMJ-FE/44,-7.33517,112.051897,,,0,8,0,0,8,REGIONAL 5,MADIUN,BOJONEGORO,SMJ,,,2024-03-16 23:23:25,44382,2021,7,NON TITO,,,JAWA TIMUR,1.0,RED,946994864,AREA 3,JATIM,LAMONGAN,TUBAN BOJONEGORO,,,0,0,0,JAWA TIMUR,BOJONEGORO,KEDUNGADEM,PANJANG,BOJONEGORO
8476468809,,ODP-BJN-FBJ/80,-7.243298,111.859677,,,0,16,0,0,16,REGIONAL 5,MADIUN,BOJONEGORO,BJN,,,2024-03-16 23:23:52,44618,2022,2,NON TITO,,,JAWA TIMUR,1.0,RED,1167198126,AREA 3,JATIM,LAMONGAN,TUBAN BOJONEGORO,,,0,0,0,JAWA TIMUR,BOJONEGORO,DANDER,NGRASEH,BOJONEGORO
8476468814,,ODP-BJN-FBJ/82,-7.243511,111.859208,,,0,8,0,0,8,REGIONAL 5,MADIUN,BOJONEGORO,BJN,,,2024-03-16 23:24:26,44618,2022,2,NON TITO,,,JAWA TIMUR,1.0,RED,1167198129,AREA 3,JATIM,LAMONGAN,TUBAN BOJONEGORO,,,0,0,0,JAWA TIMUR,BOJONEGORO,DANDER,NGRASEH,BOJONEGORO
9436544120,,ODP-SMJ-FN/25,-7.236667,111.97416,,,0,8,0,0,8,REGIONAL 5,MADIUN,BOJONEGORO,SMJ,,,2024-03-16 23:25:17,44852,2022,10,NON TITO,,,JAWA TIMUR,1.0,RED,1241349363,AREA 3,JATIM,LAMONGAN,TUBAN BOJONEGORO,,,0,0,0,JAWA TIMUR,BOJONEGORO,BALEN,POH BOGO,BOJONEGORO
8476468829,,ODP-BJN-FBJ/79,-7.24305,111.859729,,,0,8,0,0,8,REGIONAL 5,MADIUN,BOJONEGORO,BJN,,,2024-03-16 23:24:35,44618,2022,2,NON TITO,,,JAWA TIMUR,1.0,RED,1167198138,AREA 3,JATIM,LAMONGAN,TUBAN BOJONEGORO,,,0,0,0,JAWA TIMUR,BOJONEGORO,DANDER,NGRASEH,BOJONEGORO
9436544115,,ODP-SMJ-FN/28,-7.229035,111.971826,,,0,8,0,0,8,REGIONAL 5,MADIUN,BOJONEGORO,SMJ,,,2024-03-16 23:25:01,44852,2022,10,NON TITO,,,JAWA TIMUR,1.0,RED,1241349360,AREA 3,JATIM,LAMONGAN,TUBAN BOJONEGORO,,,0,0,0,JAWA TIMUR,BOJONEGORO,BALEN,KENEP,BOJONEGORO
8476468834,,ODP-BJN-FBJ/81,-7.243126,111.858331,,,0,8,0,0,8,REGIONAL 5,MADIUN,BOJONEGORO,BJN,,,2024-03-16 23:24:36,44618,2022,2,NON TITO,,,JAWA TIMUR,1.0,RED,1167198141,AREA 3,JATIM,LAMONGAN,TUBAN BOJONEGORO,,,0,0,0,JAWA TIMUR,BOJONEGORO,DANDER,NGRASEH,BOJONEGORO
9436544104,,ODP-SMJ-FN/26,-7.234325,111.972909,,,0,8,0,0,8,REGIONAL 5,MADIUN,BOJONEGORO,SMJ,,,2024-03-16 23:25:16,44852,2022,10,NON TITO,,,JAWA TIMUR,1.0,RED,1241349347,AREA 3,JATIM,LAMONGAN,TUBAN BOJONEGORO,,,0,0,0,JAWA TIMUR,BOJONEGORO,BALEN,KENEP,BOJONEGORO
8492893709,,ODP-SMJ-FM/01,-7.190732,112.032303,,,0,8,0,0,8,REGIONAL 5,MADIUN,BOJONEGORO,SMJ,,,2024-03-16 23:28:39,44627,2022,3,NON TITO,,,JAWA TIMUR,1.0,RED,1168363976,AREA 3,JATIM,LAMONGAN,TUBAN BOJONEGORO,,,0,0,0,JAWA TIMUR,BOJONEGORO,SUMBEREJO,TULUNGREJO,BOJONEGORO
949696896,,ODP-BJN-FU/32,-7.194049,111.868562,,,0,8,0,0,8,REGIONAL 5,MADIUN,BOJONEGORO,BJN,,,2024-03-16 23:23:37,42641,2016,9,NON TITO,,,JAWA TIMUR,1.0,RED,35912446,AREA 3,JATIM,LAMONGAN,TUBAN BOJONEGORO,,,0,0,0,JAWA TIMUR,BOJONEGORO,DANDER,NGUMPAK DALEM,BOJONEGORO
408429023,,ODP-SMJ-FS/20,-7.17472,112.000512,,,0,16,0,0,16,REGIONAL 5,MADIUN,BOJONEGORO,SMJ,,,2024-11-06 17:24:22,42506,2016,5,NON TITO,,,JAWA TIMUR,1.0,RED,25395366,AREA 3,JATIM,LAMONGAN,TUBAN BOJONEGORO,,,0,0,0,JAWA TIMUR,BOJONEGORO,SUMBEREJO,SUMBERREJO,BOJONEGORO
949696754,,ODP-BJN-FU/31,-7.193004,111.868955,,,0,8,0,0,8,REGIONAL 5,MADIUN,BOJONEGORO,BJN,,,2024-03-16 23:24:13,42641,2016,9,NON TITO,,,JAWA TIMUR,1.0,RED,35912388,AREA 3,JATIM,LAMONGAN,TUBAN BOJONEGORO,,,0,0,0,JAWA TIMUR,BOJONEGORO,DANDER,NGUMPAKDALEM,BOJONEGORO
9420043732,,ODP-PAZ-FD/47,-7.254909,111.509271,,,0,8,0,0,8,REGIONAL 5,MADIUN,BOJONEGORO,PAD,,,2024-03-16 23:26:27,44851,2022,10,NON TITO,,,JAWA TIMUR,1.0,RED,1241341931,AREA 3,JATIM,LAMONGAN,TUBAN BOJONEGORO,,,0,0,0,JAWA TIMUR,BOJONEGORO,NGRAHO,SUMBERAGUNG,BOJONEGORO
8495893845,,ODP-KDU-FC/27,-7.153549,111.807819,,,0,8,0,0,8,REGIONAL 5,MADIUN,BOJONEGORO,KDU,,,2024-03-16 23:25:20,44628,2022,3,NON TITO,,,JAWA TIMUR,1.0,RED,1168376241,AREA 3,JATIM,LAMONGAN,TUBAN BOJONEGORO,,,0,0,0,JAWA TIMUR,BOJONEGORO,KALITIDU,NGUJO,BOJONEGORO
8495893855,,ODP-KDU-FC/28,-7.148677,111.808944,,,0,8,0,0,8,REGIONAL 5,MADIUN,BOJONEGORO,KDU,,,2024-03-16 23:25:20,44628,2022,3,NON TITO,,,JAWA TIMUR,1.0,RED,1168376255,AREA 3,JATIM,LAMONGAN,TUBAN BOJONEGORO,,,0,0,0,JAWA TIMUR,BOJONEGORO,KALITIDU,NGUJO,BOJONEGORO
9436544125,,ODP-SMJ-FN/29,-7.22801,111.969658,,,0,8,0,0,8,REGIONAL 5,MADIUN,BOJONEGORO,SMJ,,,2024-03-16 23:25:12,44852,2022,10,NON TITO,,,JAWA TIMUR,1.0,RED,1241349366,AREA 3,JATIM,LAMONGAN,TUBAN BOJONEGORO,,,0,0,0,JAWA TIMUR,BOJONEGORO,BALEN,KENEP,BOJONEGORO
8495893860,,ODP-KDU-FC/30,-7.145989,111.809344,,,0,8,0,0,8,REGIONAL 5,MADIUN,BOJONEGORO,KDU,,,2024-03-16 23:25:17,44628,2022,3,NON TITO,,,JAWA TIMUR,1.0,RED,1168376261,AREA 3,JATIM,LAMONGAN,TUBAN BOJONEGORO,,,0,0,0,JAWA TIMUR,BOJONEGORO,KALITIDU,NGUJO,BOJONEGORO
646694677,,ODP-BJN-FH/10,-7.141489,111.893956,,,0,8,0,0,8,REGIONAL 5,MADIUN,BOJONEGORO,BJN,,,2024-03-16 23:22:01,42523,2016,6,NON TITO,,,JAWA TIMUR,1.0,RED,33547186,AREA 3,JATIM,LAMONGAN,TUBAN BOJONEGORO,,,0,0,0,JAWA TIMUR,BOJONEGORO,BOJONEGORO,BANJAREJO,BOJONEGORO
9410220406,,ODP-KDU-FE/17,-7.146325,111.830393,,,0,8,0,0,8,REGIONAL 5,MADIUN,BOJONEGORO,KDU,,,2024-03-16 23:27:11,44848,2022,10,NON TITO,,,JAWA TIMUR,1.0,RED,1241326776,AREA 3,JATIM,LAMONGAN,TUBAN BOJONEGORO,,,0,0,0,JAWA TIMUR,BOJONEGORO,KALITIDU,LERAN,BOJONEGORO
646694670,,ODP-BJN-FH/11,-7.141178,111.895661,,,0,16,0,0,16,REGIONAL 5,MADIUN,BOJONEGORO,BJN,,,2024-03-16 23:21:44,42523,2016,6,NON TITO,,,JAWA TIMUR,1.0,RED,33547169,AREA 3,JATIM,LAMONGAN,TUBAN BOJONEGORO,,,0,0,0,JAWA TIMUR,BOJONEGORO,BOJONEGORO,BANJAREJO,BOJONEGORO
9354044165,,ODP-PAZ-FA/23,-7.158539,111.614942,,,0,8,0,0,8,REGIONAL 5,MADIUN,BOJONEGORO,PAD,,,2024-03-16 23:24:09,44839,2022,10,NON TITO,,,JAWA TIMUR,1.0,RED,1230149002,AREA 3,JATIM,LAMONGAN,TUBAN BOJONEGORO,,,0,0,0,JAWA TIMUR,BOJONEGORO,PADANGAN,PADANGAN,BOJONEGORO
9354044160,,ODP-PAZ-FA/22,-7.162157,111.612863,,,0,8,0,0,8,REGIONAL 5,MADIUN,BOJONEGORO,PAD,,,2024-03-16 23:24:14,44839,2022,10,NON TITO,,,JAWA TIMUR,1.0,RED,1230148999,AREA 3,JATIM,LAMONGAN,TUBAN BOJONEGORO,,,0,0,0,JAWA TIMUR,BOJONEGORO,PADANGAN,PADANGAN,BOJONEGORO
646694663,,ODP-BJN-FH/12,-7.140889,111.898089,,,0,8,0,0,8,REGIONAL 5,MADIUN,BOJONEGORO,BJN,,,2024-03-16 23:21:38,42523,2016,6,NON TITO,,,JAWA TIMUR,1.0,RED,33547157,AREA 3,JATIM,LAMONGAN,TUBAN BOJONEGORO,,,0,0,0,JAWA TIMUR,BOJONEGORO,BOJONEGORO,BANJAREJO,BOJONEGORO
8507969149,,ODP-SMJ-FN/10,-7.216539,111.944058,,,0,8,0,0,8,REGIONAL 5,MADIUN,BOJONEGORO,SMJ,,,2024-03-16 23:23:36,44631,2022,3,NON TITO,,,JAWA TIMUR,1.0,RED,1168717813,AREA 3,JATIM,LAMONGAN,TUBAN BOJONEGORO,,,0,0,0,JAWA TIMUR,BOJONEGORO,BALEN,SIDOBANDUNG,BOJONEGORO
652468733,,ODP-BJN-FP/20,-7.177833,111.876103,,,0,16,0,0,16,REGIONAL 5,MADIUN,BOJONEGORO,BJN,,,2024-03-16 23:24:29,42527,2016,6,NON TITO,,,JAWA TIMUR,1.0,RED,33406269,AREA 3,JATIM,LAMONGAN,TUBAN BOJONEGORO,,,0,0,0,JAWA TIMUR,BOJONEGORO,BOJONEGORO,PACUL,BOJONEGORO
11745718699,,ODP-BJN-FBD/31,-7.105273,111.861303,,,0,8,0,0,8,REGIONAL 5,MADIUN,BOJONEGORO,BJN,,,2024-09-18 17:30:20,45552,2024,9,NON TITO,,,JAWA TIMUR,1.0,RED,1462918931,AREA 3,JATIM,LAMONGAN,TUBAN BOJONEGORO,,,0,0,0,JAWA TIMUR,TUBAN,PARENGAN,SUCIHARJO,BOJONEGORO
652468742,,ODP-BJN-FP/19,-7.177742,111.875681,,,0,16,0,0,16,REGIONAL 5,MADIUN,BOJONEGORO,BJN,,,2024-03-16 23:24:24,42527,2016,6,NON TITO,,,JAWA TIMUR,1.0,RED,33406298,AREA 3,JATIM,LAMONGAN,TUBAN BOJONEGORO,,,0,0,0,JAWA TIMUR,BOJONEGORO,BOJONEGORO,PACUL,BOJONEGORO
9339496389,,ODP-KDU-FC/34,-7.137851,111.814323,,,0,8,0,0,8,REGIONAL 5,MADIUN,BOJONEGORO,KDU,,,2024-03-16 23:22:06,44838,2022,10,NON TITO,,,JAWA TIMUR,1.0,RED,1230076350,AREA 3,JATIM,LAMONGAN,TUBAN BOJONEGORO,,,0,0,0,JAWA TIMUR,BOJONEGORO,KALITIDU,NGIRINGINREJO,BOJONEGORO
646694656,,ODP-BJN-FH/13,-7.14095,111.899156,,,0,16,0,0,16,REGIONAL 5,MADIUN,BOJONEGORO,BJN,,,2024-03-16 23:21:25,42523,2016,6,NON TITO,,,JAWA TIMUR,1.0,RED,33547143,AREA 3,JATIM,LAMONGAN,TUBAN BOJONEGORO,,,0,0,0,JAWA TIMUR,BOJONEGORO,BOJONEGORO,BANJAREJO,BOJONEGORO
9342644912,,ODP-SMJ-FD/23,-7.154105,112.016334,,,0,8,0,0,8,REGIONAL 5,MADIUN,BOJONEGORO,SMJ,,,2024-03-16 23:23:49,44835,2022,10,NON TITO,,,JAWA TIMUR,1.0,RED,1229471451,AREA 3,JATIM,LAMONGAN,TUBAN BOJONEGORO,,,0,0,0,JAWA TIMUR,BOJONEGORO,KANOR,PALEMBON,BOJONEGORO
9340394567,,ODP-BJN-FV/50,-7.156316,111.896747,,,0,8,0,0,8,REGIONAL 5,MADIUN,BOJONEGORO,BJN,,,2024-03-16 23:25:17,44833,2022,9,NON TITO,,,JAWA TIMUR,1.0,RED,1228515691,AREA 3,JATIM,LAMONGAN,TUBAN BOJONEGORO,,,0,0,0,JAWA TIMUR,BOJONEGORO,BOJONEGORO,NGROWO,BOJONEGORO
842445465,,ODP-BJN-FP/24,-7.154339,111.875544,,,0,16,0,0,16,REGIONAL 5,MADIUN,BOJONEGORO,BJN,,,2024-03-16 23:22:00,42613,2016,8,NON TITO,,,JAWA TIMUR,1.0,RED,34433324,AREA 3,JATIM,LAMONGAN,TUBAN BOJONEGORO,,,0,0,0,JAWA TIMUR,BOJONEGORO,BOJONEGORO,KLANGON,BOJONEGORO
8644844294,,ODP-BJN-FX/86,-7.149665,111.912058,,,0,16,0,0,16,REGIONAL 5,MADIUN,BOJONEGORO,BJN,,,2024-03-16 23:26:26,44662,2022,4,NON TITO,,,JAWA TIMUR,1.0,RED,1175916912,AREA 3,JATIM,LAMONGAN,TUBAN BOJONEGORO,,,0,0,0,JAWA TIMUR,BOJONEGORO,BOJONEGORO,CAMPURJO,BOJONEGORO
8470769283,,ODP-KDU-FF/05,-7.10246,111.714557,,,0,8,0,0,8,REGIONAL 5,MADIUN,BOJONEGORO,KDU,,,2024-03-16 23:24:20,44616,2022,2,NON TITO,,,JAWA TIMUR,1.0,RED,1166832502,AREA 3,JATIM,LAMONGAN,TUBAN BOJONEGORO,,,0,0,0,JAWA TIMUR,BOJONEGORO,MALO,TINAWUN,BOJONEGORO
9447268983,,ODP-BJN-FBS/01,-7.208085,111.863014,,,0,8,0,0,8,REGIONAL 5,MADIUN,BOJONEGORO,BJN,,,2024-03-16 23:28:11,44855,2022,10,NON TITO,,,JAWA TIMUR,1.0,RED,1244474928,AREA 3,JATIM,LAMONGAN,TUBAN BOJONEGORO,,,0,0,0,JAWA TIMUR,BOJONEGORO,DANDER,NGUMPAK DALEM,BOJONEGORO
8393743735,,ODP-PAZ-FN/16,-7.279999,111.723805,,,0,8,0,0,8,REGIONAL 5,MADIUN,BOJONEGORO,PAD,,,2024-03-16 23:24:12,44592,2022,1,NON TITO,,,JAWA TIMUR,1.0,RED,1165166681,AREA 3,JATIM,LAMONGAN,TUBAN BOJONEGORO,,,0,0,0,JAWA TIMUR,BOJONEGORO,TAMBAKREJO,KACANGAN,BOJONEGORO
9671443641,,ODP-BJN-FQ/70,-7.158262,111.891628,,,0,8,0,0,8,REGIONAL 5,MADIUN,BOJONEGORO,BJN,,,2024-03-16 23:22:36,44907,2022,12,NON TITO,,,JAWA TIMUR,1.0,RED,1252934108,AREA 3,JATIM,LAMONGAN,TUBAN BOJONEGORO,,,0,0,0,JAWA TIMUR,BOJONEGORO,BOJONEGORO,MOJO KAMPUNG,BOJONEGORO
9671443636,,ODP-BJN-FB/16,-7.154381,111.882379,,,0,8,0,0,8,REGIONAL 5,MADIUN,BOJONEGORO,BJN,,,2024-03-16 23:23:27,44907,2022,12,NON TITO,,,JAWA TIMUR,1.0,RED,1252934105,AREA 3,JATIM,LAMONGAN,TUBAN BOJONEGORO,,,0,0,0,JAWA TIMUR,BOJONEGORO,BOJONEGORO,SUMBANG,BOJONEGORO
8393743755,,ODP-PAZ-FN/10,-7.267496,111.707659,,,0,8,0,0,8,REGIONAL 5,MADIUN,BOJONEGORO,PAD,,,2024-03-16 23:24:16,44592,2022,1,NON TITO,,,JAWA TIMUR,1.0,RED,1165166698,AREA 3,JATIM,LAMONGAN,TUBAN BOJONEGORO,,,0,0,0,JAWA TIMUR,BOJONEGORO,TAMBAKREJO,MULYOREJO,BOJONEGORO
8393743765,,ODP-PAZ-FN/09,-7.266033,111.707781,,,0,8,0,0,8,REGIONAL 5,MADIUN,BOJONEGORO,PAD,,,2024-03-16 23:24:02,44592,2022,1,NON TITO,,,JAWA TIMUR,1.0,RED,1165166705,AREA 3,JATIM,LAMONGAN,TUBAN BOJONEGORO,,,0,0,0,JAWA TIMUR,BOJONEGORO,TAMBAKREJO,MULYOREJO,BOJONEGORO
9601619868,,ODP-SMJ-FJ/27,-7.305817,111.963136,,,0,8,0,0,8,REGIONAL 5,MADIUN,BOJONEGORO,SMJ,,,2024-03-16 23:22:36,44896,2022,12,NON TITO,,,JAWA TIMUR,1.0,RED,1252674884,AREA 3,JATIM,LAMONGAN,TUBAN BOJONEGORO,,,0,0,0,JAWA TIMUR,BOJONEGORO,SUGIHWARAS,TRATE,BOJONEGORO
8383844841,,ODP-BJN-FBA/48,-7.186153,111.917347,,,0,8,0,0,8,REGIONAL 5,MADIUN,BOJONEGORO,BJN,,,2024-03-16 23:22:15,44594,2022,2,NON TITO,,,JAWA TIMUR,1.0,RED,1165180389,AREA 3,JATIM,LAMONGAN,TUBAN BOJONEGORO,,,0,0,0,JAWA TIMUR,BOJONEGORO,KAPAS,MOJODESO,BOJONEGORO
9601619863,,ODP-SMJ-FJ/28,-7.304309,111.958745,,,0,8,0,0,8,REGIONAL 5,MADIUN,BOJONEGORO,SMJ,,,2024-03-16 23:21:50,44896,2022,12,NON TITO,,,JAWA TIMUR,1.0,RED,1252674881,AREA 3,JATIM,LAMONGAN,TUBAN BOJONEGORO,,,0,0,0,JAWA TIMUR,BOJONEGORO,SUGIHWARAS,TRATE,BOJONEGORO
8383844851,,ODP-BJN-FBA/49,-7.187455,111.918889,,,0,8,0,0,8,REGIONAL 5,MADIUN,BOJONEGORO,BJN,,,2024-03-16 23:22:23,44594,2022,2,NON TITO,,,JAWA TIMUR,1.0,RED,1165180395,AREA 3,JATIM,LAMONGAN,TUBAN BOJONEGORO,,,0,0,0,JAWA TIMUR,BOJONEGORO,KAPAS,MOJODESO,BOJONEGORO
804943551,,ODP-BJN-FJ/13,-7.142967,111.876669,,,0,8,0,0,8,REGIONAL 5,MADIUN,BOJONEGORO,BJN,,,2024-03-16 23:23:29,42598,2016,8,NON TITO,,,JAWA TIMUR,1.0,RED,34280737,AREA 3,JATIM,LAMONGAN,TUBAN BOJONEGORO,,,0,0,0,JAWA TIMUR,BOJONEGORO,TRUCUK,BANJARSARI,BOJONEGORO
9538619846,,ODP-PAZ-FT/06,-7.251148,111.598339,,,0,8,0,0,8,REGIONAL 5,MADIUN,BOJONEGORO,PAD,,,2024-03-16 23:24:05,44879,2022,11,NON TITO,,,JAWA TIMUR,1.0,RED,1250476745,AREA 3,JATIM,LAMONGAN,TUBAN BOJONEGORO,,,0,0,0,JAWA TIMUR,BOJONEGORO,TAMBAKREJO,TANJUNG,BOJONEGORO
8384071882,,ODP-BJN-FJ/104,-7.153505,111.873852,,,0,16,0,0,16,REGIONAL 5,MADIUN,BOJONEGORO,BJN,,,2024-03-16 23:28:08,44595,2022,2,NON TITO,,,JAWA TIMUR,1.0,RED,1165247608,AREA 3,JATIM,LAMONGAN,TUBAN BOJONEGORO,,,0,0,0,JAWA TIMUR,BOJONEGORO,BOJONEGORO,KLANGON,BOJONEGORO
9469395464,,ODP-PAZ-FT/03,-7.266426,111.597837,,,0,16,0,0,16,REGIONAL 5,MADIUN,BOJONEGORO,PAD,,,2024-03-16 23:26:45,44865,2022,10,NON TITO,,,JAWA TIMUR,1.0,RED,1248001143,AREA 3,JATIM,LAMONGAN,TUBAN BOJONEGORO,,,0,0,0,JAWA TIMUR,BOJONEGORO,TAMBAKREJO,SUKOREJO,BOJONEGORO
9469395455,,ODP-PAZ-FT/04,-7.265405,111.598443,,,0,8,0,0,8,REGIONAL 5,MADIUN,BOJONEGORO,PAD,,,2024-03-16 23:26:32,44865,2022,10,NON TITO,,,JAWA TIMUR,1.0,RED,1248001138,AREA 3,JATIM,LAMONGAN,TUBAN BOJONEGORO,,,0,0,0,JAWA TIMUR,BOJONEGORO,TAMBAKREJO,SUKOREJO,BOJONEGORO
11679494062,,ODP-BJN-FQ/73,-7.161841,111.895307,,,0,8,0,0,8,REGIONAL 5,MADIUN,BOJONEGORO,BJN,,,2024-08-23 17:20:34,45525,2024,8,NON TITO,,,JAWA TIMUR,1.0,RED,1457363846,AREA 3,JATIM,LAMONGAN,TUBAN BOJONEGORO,,,0,0,0,JAWA TIMUR,BOJONEGORO,BOJONEGORO,SUKOREJO,BOJONEGORO
11681968830,,ODP-KDU-FC/53,-7.139705,111.818543,,,0,8,0,0,8,REGIONAL 5,MADIUN,BOJONEGORO,KDU,,,2024-08-17 17:45:40,45520,2024,8,NON TITO,,,JAWA TIMUR,1.0,RED,1456854983,AREA 3,JATIM,LAMONGAN,TUBAN BOJONEGORO,,,0,0,0,JAWA TIMUR,BOJONEGORO,KALITIDU,NGIRINGINREJO,BOJONEGORO
11682343864,,ODP-KDU-FB/39,-7.145391,111.807807,,,0,8,0,0,8,REGIONAL 5,MADIUN,BOJONEGORO,KDU,,,2024-08-21 17:24:35,45525,2024,8,NON TITO,,,JAWA TIMUR,1.0,RED,1457362236,AREA 3,JATIM,LAMONGAN,TUBAN BOJONEGORO,,,0,0,0,JAWA TIMUR,BOJONEGORO,KALITIDU,NGUJO,BOJONEGORO
8429818649,,ODP-BJN-FBN/40,-7.083736,111.843401,,,0,8,0,0,8,REGIONAL 5,MADIUN,BOJONEGORO,BJN,,,2024-03-16 23:28:51,44602,2022,2,NON TITO,,,JAWA TIMUR,1.0,RED,1166229266,AREA 3,JATIM,LAMONGAN,TUBAN BOJONEGORO,,,0,0,0,JAWA TIMUR,TUBAN,PARENGAN,BRANGKAL,BOJONEGORO
8433873021,,ODP-BJN-FW/56,-7.155384,111.884187,,,0,8,0,0,8,REGIONAL 5,MADIUN,BOJONEGORO,BJN,,,2024-03-16 23:27:06,44607,2022,2,NON TITO,,,JAWA TIMUR,1.0,RED,1166320510,AREA 3,JATIM,LAMONGAN,TUBAN BOJONEGORO,,,0,0,0,JAWA TIMUR,BOJONEGORO,BOJONEGORO,SUKOREJO,BOJONEGORO
11682343869,,ODP-KDU-FB/41,-7.149834,111.806305,,,0,8,0,0,8,REGIONAL 5,MADIUN,BOJONEGORO,KDU,,,2024-08-21 17:24:29,45525,2024,8,NON TITO,,,JAWA TIMUR,1.0,RED,1457362239,AREA 3,JATIM,LAMONGAN,TUBAN BOJONEGORO,,,0,0,0,JAWA TIMUR,BOJONEGORO,KALITIDU,NGUJO,BOJONEGORO
9447794071,,ODP-PAZ-FP/15,-7.135207,111.633634,,,0,8,0,0,8,REGIONAL 5,MADIUN,BOJONEGORO,PAD,,,2024-03-16 23:28:37,44858,2022,10,NON TITO,,,JAWA TIMUR,1.0,RED,1246057276,AREA 3,JATIM,LAMONGAN,TUBAN BOJONEGORO,,,0,0,0,JAWA TIMUR,BOJONEGORO,KASIMAN,SAMBENG,BOJONEGORO
8435893936,,ODP-BJN-FU/90,-7.19354,111.868733,,,0,8,0,0,8,REGIONAL 5,MADIUN,BOJONEGORO,BJN,,,2024-03-16 23:24:40,44608,2022,2,NON TITO,,,JAWA TIMUR,1.0,RED,1166333140,AREA 3,JATIM,LAMONGAN,TUBAN BOJONEGORO,,,0,0,0,JAWA TIMUR,BOJONEGORO,DANDER,NGUMPAKDALEM,BOJONEGORO
8433876497,,ODP-BJN-FX/85,-7.15488,111.90563,,,0,8,0,0,8,REGIONAL 5,MADIUN,BOJONEGORO,BJN,,,2024-03-16 23:27:40,44609,2022,2,NON TITO,,,JAWA TIMUR,1.0,RED,1166337513,AREA 3,JATIM,LAMONGAN,TUBAN BOJONEGORO,,,0,0,0,JAWA TIMUR,BOJONEGORO,BOJONEGORO,CAMPUREJO,BOJONEGORO
408501540,,ODP-SMJ-FS/13,-7.175053,112.008998,,,0,16,0,0,16,REGIONAL 5,MADIUN,BOJONEGORO,SMJ,,,2024-11-06 17:25:26,42506,2016,5,NON TITO,,,JAWA TIMUR,1.0,RED,25468783,AREA 3,JATIM,LAMONGAN,TUBAN BOJONEGORO,,,0,0,0,JAWA TIMUR,BOJONEGORO,SUMBEREJO,SUMBERREJO,BOJONEGORO
9447493690,,ODP-BJN-FL/104,-7.174894,111.866668,,,0,8,0,0,8,REGIONAL 5,MADIUN,BOJONEGORO,BJN,,,2024-03-16 23:28:34,44855,2022,10,NON TITO,,,JAWA TIMUR,1.0,RED,1244696625,AREA 3,JATIM,LAMONGAN,TUBAN BOJONEGORO,,,0,0,0,JAWA TIMUR,BOJONEGORO,BOJONEGORO,PACUL,BOJONEGORO
11682343884,,ODP-KDU-FB/42,-7.151312,111.805809,,,0,8,0,0,8,REGIONAL 5,MADIUN,BOJONEGORO,KDU,,,2024-08-21 17:23:24,45525,2024,8,NON TITO,,,JAWA TIMUR,1.0,RED,1457362248,AREA 3,JATIM,LAMONGAN,TUBAN BOJONEGORO,,,0,0,0,JAWA TIMUR,BOJONEGORO,KALITIDU,NGUJO,BOJONEGORO
8452545472,,ODP-BJN-FBD/05,-7.118646,111.866946,,,0,8,0,0,8,REGIONAL 5,MADIUN,BOJONEGORO,BJN,,,2024-03-16 23:28:07,44614,2022,2,NON TITO,,,JAWA TIMUR,1.0,RED,1166539533,AREA 3,JATIM,LAMONGAN,TUBAN BOJONEGORO,,,0,0,0,JAWA TIMUR,TUBAN,PARENGAN,SELOGABUS,BOJONEGORO
804943578,,ODP-BJN-FJ/15,-7.144508,111.876058,,,0,8,0,0,8,REGIONAL 5,MADIUN,BOJONEGORO,BJN,,,2024-03-16 23:23:36,42598,2016,8,NON TITO,,,JAWA TIMUR,1.0,RED,34281182,AREA 3,JATIM,LAMONGAN,TUBAN BOJONEGORO,,,0,0,0,JAWA TIMUR,BOJONEGORO,TRUCUK,BANJARSARI,BOJONEGORO
949696999,,ODP-BJN-FU/30,-7.194683,111.866439,,,0,8,0,0,8,REGIONAL 5,MADIUN,BOJONEGORO,BJN,,,2024-03-16 23:23:56,42641,2016,9,NON TITO,,,JAWA TIMUR,1.0,RED,35912497,AREA 3,JATIM,LAMONGAN,TUBAN BOJONEGORO,,,0,0,0,JAWA TIMUR,BOJONEGORO,DANDER,NGUMPAK DALEM,BOJONEGORO
8470769268,,ODP-KDU-FF/03,-7.108083,111.737192,,,0,8,0,0,8,REGIONAL 5,MADIUN,BOJONEGORO,KDU,,,2024-03-16 23:24:13,44616,2022,2,NON TITO,,,JAWA TIMUR,1.0,RED,1166832493,AREA 3,JATIM,LAMONGAN,TUBAN BOJONEGORO,,,0,0,0,JAWA TIMUR,BOJONEGORO,MALO,MALO,BOJONEGORO
8428243693,,ODP-BJN-FN/73,-7.151705,111.873593,,,0,8,0,0,8,REGIONAL 5,MADIUN,BOJONEGORO,BJN,,,2024-03-16 23:27:57,44601,2022,2,NON TITO,,,JAWA TIMUR,1.0,RED,1165403747,AREA 3,JATIM,LAMONGAN,TUBAN BOJONEGORO,,,0,0,0,JAWA TIMUR,BOJONEGORO,BOJONEGORO,KLANGON,BOJONEGORO
8645819847,,ODP-SMJ-FJ/25,-7.317563,111.957911,,,0,8,0,0,8,REGIONAL 5,MADIUN,BOJONEGORO,SMJ,,,2024-03-16 23:25:11,44663,2022,4,NON TITO,,,JAWA TIMUR,1.0,RED,1175924698,AREA 3,JATIM,LAMONGAN,TUBAN BOJONEGORO,,,0,0,0,JAWA TIMUR,BOJONEGORO,SUGIHWARAS,ALASGUNG,BOJONEGORO
842293609,,ODP-BJN-FZ/02,-7.131747,111.879141,,,0,8,0,0,8,REGIONAL 5,MADIUN,BOJONEGORO,BJN,,,2024-03-16 23:27:06,42607,2016,8,NON TITO,,,JAWA TIMUR,1.0,RED,34761218,AREA 3,JATIM,LAMONGAN,TUBAN BOJONEGORO,,,0,0,0,JAWA TIMUR,TUBAN,PARENGAN,SENDANGREJO,BOJONEGORO
9324270216,,ODP-PAZ-FD/43,-7.227343,111.556074,,,0,8,0,0,8,REGIONAL 5,MADIUN,BOJONEGORO,PAD,,,2024-03-16 23:23:09,44829,2022,9,NON TITO,,,JAWA TIMUR,1.0,RED,1226925386,AREA 3,JATIM,LAMONGAN,TUBAN BOJONEGORO,,,0,0,0,JAWA TIMUR,BOJONEGORO,NGRAHO,SUMBERARUM,BOJONEGORO
8869919528,,ODP-BJN-FBN/46,-7.10535,111.861717,,,0,8,0,0,8,REGIONAL 5,MADIUN,BOJONEGORO,BJN,,,2024-03-16 23:24:22,44722,2022,6,NON TITO,,,JAWA TIMUR,1.0,RED,1184791662,AREA 3,JATIM,LAMONGAN,TUBAN BOJONEGORO,,,0,0,0,JAWA TIMUR,TUBAN,PARENGAN,SUCIHARJO,BOJONEGORO
9090870792,,ODP-BJN-FH/78,-7.141538,111.896423,,,0,8,0,0,8,REGIONAL 5,MADIUN,BOJONEGORO,BJN,,,2024-03-16 23:23:48,44788,2022,8,NON TITO,,,JAWA TIMUR,1.0,RED,1206211684,AREA 3,JATIM,LAMONGAN,TUBAN BOJONEGORO,,,0,0,0,JAWA TIMUR,BOJONEGORO,BOJONEGORO,BANJAREJO,BOJONEGORO
9098368831,,ODP-BJN-FL/103,-7.164163,111.867014,,,0,8,0,0,8,REGIONAL 5,MADIUN,BOJONEGORO,BJN,,,2024-03-16 23:23:01,44782,2022,8,NON TITO,,,JAWA TIMUR,1.0,RED,1206163726,AREA 3,JATIM,LAMONGAN,TUBAN BOJONEGORO,,,0,0,0,JAWA TIMUR,BOJONEGORO,BOJONEGORO,JETAK,BOJONEGORO
8869919533,,ODP-BJN-FU/92,-7.191719,111.862904,,,0,8,0,0,8,REGIONAL 5,MADIUN,BOJONEGORO,BJN,,,2024-03-16 23:25:01,44722,2022,6,NON TITO,,,JAWA TIMUR,1.0,RED,1184791671,AREA 3,JATIM,LAMONGAN,TUBAN BOJONEGORO,,,0,0,0,JAWA TIMUR,BOJONEGORO,DANDER,NGUMPAK DALEM,BOJONEGORO
8866921314,,ODP-BJN-FU/94,-7.198162,111.867519,,,0,8,0,0,8,REGIONAL 5,MADIUN,BOJONEGORO,BJN,,,2024-03-16 23:27:25,44722,2022,6,NON TITO,,,JAWA TIMUR,1.0,RED,1184795548,AREA 3,JATIM,LAMONGAN,TUBAN BOJONEGORO,,,0,0,0,JAWA TIMUR,BOJONEGORO,DANDER,NGUMPAK DALEM,BOJONEGORO
8895269106,,ODP-KDU-FF/15,-7.104408,111.734816,,,0,8,0,0,8,REGIONAL 5,MADIUN,BOJONEGORO,KDU,,,2024-03-16 23:25:31,44727,2022,6,NON TITO,,,JAWA TIMUR,1.0,RED,1184833363,AREA 3,JATIM,LAMONGAN,TUBAN BOJONEGORO,,,0,0,0,JAWA TIMUR,BOJONEGORO,MALO,MALO,BOJONEGORO
11831598057,,ODP-SMJ-FN/49,-7.223536,111.968738,,,0,8,0,0,8,REGIONAL 5,MADIUN,BOJONEGORO,SMJ,,,2024-10-22 17:30:22,45586,2024,10,NON TITO,,,JAWA TIMUR,1.0,RED,1471837146,AREA 3,JATIM,LAMONGAN,TUBAN BOJONEGORO,,,0,0,0,JAWA TIMUR,BOJONEGORO,BALEN,KENEP,BOJONEGORO
11832872922,,ODP-PAZ-FS/18,-7.219081,111.660126,,,0,8,0,0,8,REGIONAL 5,MADIUN,BOJONEGORO,PAD,,,2024-10-20 17:29:01,45584,2024,10,NON TITO,,,JAWA TIMUR,1.0,RED,1466515895,AREA 3,JATIM,LAMONGAN,TUBAN BOJONEGORO,,,0,0,0,JAWA TIMUR,BOJONEGORO,PURWOSARI,KUNIRAN,BOJONEGORO
11832872917,,ODP-PAZ-FS/19,-7.216607,111.657526,,,0,8,0,0,8,REGIONAL 5,MADIUN,BOJONEGORO,PAD,,,2024-10-20 17:28:14,45584,2024,10,NON TITO,,,JAWA TIMUR,1.0,RED,1466515892,AREA 3,JATIM,LAMONGAN,TUBAN BOJONEGORO,,,0,0,0,JAWA TIMUR,BOJONEGORO,PURWOSARI,KUNIRAN,BOJONEGORO
9062295749,,ODP-BJN-FX/88,-7.161589,111.900414,,,0,8,0,0,8,REGIONAL 5,MADIUN,BOJONEGORO,BJN,,,2024-03-16 23:21:09,44776,2022,8,NON TITO,,,JAWA TIMUR,1.0,RED,1204201593,AREA 3,JATIM,LAMONGAN,TUBAN BOJONEGORO,,,0,0,0,JAWA TIMUR,BOJONEGORO,KAPAS,NGAMPEL,BOJONEGORO
949696451,,ODP-BJN-FU/35,-7.195362,111.865932,,,0,8,0,0,8,REGIONAL 5,MADIUN,BOJONEGORO,BJN,,,2024-03-16 23:24:03,42641,2016,9,NON TITO,,,JAWA TIMUR,1.0,RED,35912292,AREA 3,JATIM,LAMONGAN,TUBAN BOJONEGORO,,,0,0,0,JAWA TIMUR,BOJONEGORO,DANDER,NGUMPAK DALEM,BOJONEGORO
8943869342,,ODP-PAZ-FK/12,-7.151757,111.608027,,,0,8,0,0,8,REGIONAL 5,MADIUN,BOJONEGORO,PAD,,,2024-03-16 23:25:38,44741,2022,6,NON TITO,,,JAWA TIMUR,1.0,RED,1185492651,AREA 3,JATIM,LAMONGAN,TUBAN BOJONEGORO,,,0,0,0,JAWA TIMUR,BOJONEGORO,PADANGAN,DENGOK,BOJONEGORO
8943869347,,ODP-PAZ-FK/13,-7.152284,111.608926,,,0,8,0,0,8,REGIONAL 5,MADIUN,BOJONEGORO,PAD,,,2024-03-16 23:25:01,44741,2022,6,NON TITO,,,JAWA TIMUR,1.0,RED,1185492655,AREA 3,JATIM,LAMONGAN,TUBAN BOJONEGORO,,,0,0,0,JAWA TIMUR,BOJONEGORO,PADANGAN,PADANGAN,BOJONEGORO
9050521383,,ODP-BJN-FU/96,-7.207525,111.861983,,,0,8,0,0,8,REGIONAL 5,MADIUN,BOJONEGORO,BJN,,,2024-03-16 23:23:01,44774,2022,8,NON TITO,,,JAWA TIMUR,1.0,RED,1203880027,AREA 3,JATIM,LAMONGAN,TUBAN BOJONEGORO,,,0,0,0,JAWA TIMUR,BOJONEGORO,DANDER,NGUMPAK DALEM,BOJONEGORO
11836097253,,ODP-PAZ-FK/31,-7.147131,111.604723,,,0,8,0,0,8,REGIONAL 5,MADIUN,BOJONEGORO,PAD,,,2024-10-22 17:30:00,45586,2024,10,NON TITO,,,JAWA TIMUR,1.0,RED,1471837212,AREA 3,JATIM,LAMONGAN,TUBAN BOJONEGORO,,,0,0,0,JAWA TIMUR,BOJONEGORO,PADANGAN,DENGOK,BOJONEGORO
8920396063,,ODP-BJN-FBN/47,-7.103186,111.856718,,,0,8,0,0,8,REGIONAL 5,MADIUN,BOJONEGORO,BJN,,,2024-03-16 23:27:41,44742,2022,6,NON TITO,,,JAWA TIMUR,1.0,RED,1188978758,AREA 3,JATIM,LAMONGAN,TUBAN BOJONEGORO,,,0,0,0,JAWA TIMUR,TUBAN,PARENGAN,SUCIHARJO,BOJONEGORO
9019918811,,ODP-PAZ-FB/26,-7.137826,111.725626,,,0,8,0,0,8,REGIONAL 5,MADIUN,BOJONEGORO,PAD,,,2024-03-16 23:26:47,44763,2022,7,NON TITO,,,JAWA TIMUR,1.0,RED,1202099127,AREA 3,JATIM,LAMONGAN,TUBAN BOJONEGORO,,,0,0,0,JAWA TIMUR,BOJONEGORO,KALITIDU,SUMENGKO,BOJONEGORO
9049696594,,ODP-KDU-FF/25,-7.111945,111.729885,,,0,8,0,0,8,REGIONAL 5,MADIUN,BOJONEGORO,KDU,,,2024-03-16 23:29:06,44770,2022,7,NON TITO,,,JAWA TIMUR,1.0,RED,1203854382,AREA 3,JATIM,LAMONGAN,TUBAN BOJONEGORO,,,0,0,0,JAWA TIMUR,BOJONEGORO,KALITIDU,MLATEN,BOJONEGORO
9051868944,,ODP-KDU-FF/17,-7.117471,111.723979,,,0,8,0,0,8,REGIONAL 5,MADIUN,BOJONEGORO,KDU,,,2024-03-16 23:24:13,44767,2022,7,NON TITO,,,JAWA TIMUR,1.0,RED,1203823924,AREA 3,JATIM,LAMONGAN,TUBAN BOJONEGORO,,,0,0,0,JAWA TIMUR,BOJONEGORO,MALO,SUDAH,BOJONEGORO
9051868949,,ODP-KDU-FF/19,-7.113456,111.725422,,,0,8,0,0,8,REGIONAL 5,MADIUN,BOJONEGORO,KDU,,,2024-03-16 23:23:55,44767,2022,7,NON TITO,,,JAWA TIMUR,1.0,RED,1203823927,AREA 3,JATIM,LAMONGAN,TUBAN BOJONEGORO,,,0,0,0,JAWA TIMUR,BOJONEGORO,MALO,RENDENG,BOJONEGORO
9051868954,,ODP-KDU-FF/18,-7.115962,111.724587,,,0,8,0,0,8,REGIONAL 5,MADIUN,BOJONEGORO,KDU,,,2024-03-16 23:24:19,44767,2022,7,NON TITO,,,JAWA TIMUR,1.0,RED,1203823931,AREA 3,JATIM,LAMONGAN,TUBAN BOJONEGORO,,,0,0,0,JAWA TIMUR,BOJONEGORO,MALO,SUDAH,BOJONEGORO
9051868959,,ODP-KDU-FF/20,-7.110492,111.726438,,,0,8,0,0,8,REGIONAL 5,MADIUN,BOJONEGORO,KDU,,,2024-03-16 23:24:23,44767,2022,7,NON TITO,,,JAWA TIMUR,1.0,RED,1203823934,AREA 3,JATIM,LAMONGAN,TUBAN BOJONEGORO,,,0,0,0,JAWA TIMUR,BOJONEGORO,MALO,RENDENG,BOJONEGORO
9049696591,,ODP-KDU-FF/31,-7.108725,111.733714,,,0,8,0,0,8,REGIONAL 5,MADIUN,BOJONEGORO,KDU,,,2024-03-16 23:29:01,44770,2022,7,NON TITO,,,JAWA TIMUR,1.0,RED,1203854380,AREA 3,JATIM,LAMONGAN,TUBAN BOJONEGORO,,,0,0,0,JAWA TIMUR,BOJONEGORO,MALO,MALO,BOJONEGORO
624043850,,ODP-BJN-FD/30,-7.166417,111.878489,,,0,16,0,0,16,REGIONAL 5,MADIUN,BOJONEGORO,BJN,,,2024-03-16 23:24:18,42516,2016,5,NON TITO,,,JAWA TIMUR,1.0,RED,33519690,AREA 3,JATIM,LAMONGAN,TUBAN BOJONEGORO,,,0,0,0,JAWA TIMUR,BOJONEGORO,BOJONEGORO,SUMBANG,BOJONEGORO
9051868964,,ODP-KDU-FF/21,-7.109689,111.730169,,,0,8,0,0,8,REGIONAL 5,MADIUN,BOJONEGORO,KDU,,,2024-03-16 23:23:53,44767,2022,7,NON TITO,,,JAWA TIMUR,1.0,RED,1203823937,AREA 3,JATIM,LAMONGAN,TUBAN BOJONEGORO,,,0,0,0,JAWA TIMUR,BOJONEGORO,MALO,MALO,BOJONEGORO
949696357,,ODP-BJN-FU/42,-7.226392,111.862,,,0,8,0,0,8,REGIONAL 5,MADIUN,BOJONEGORO,BJN,,,2024-03-16 23:23:54,42641,2016,9,NON TITO,,,JAWA TIMUR,1.0,RED,35912262,AREA 3,JATIM,LAMONGAN,TUBAN BOJONEGORO,,,0,0,0,JAWA TIMUR,BOJONEGORO,DANDER,NGRASEH,BOJONEGORO
912493664,,ODP-SMJ-FB/02,-7.166413,112.036719,,,0,8,0,0,8,REGIONAL 5,MADIUN,BOJONEGORO,SMJ,,,2024-03-16 23:23:52,42627,2016,9,NON TITO,,,JAWA TIMUR,1.0,RED,35445487,AREA 3,JATIM,LAMONGAN,TUBAN BOJONEGORO,,,0,0,0,JAWA TIMUR,BOJONEGORO,SUMBEREJO,PRAYUNGAN,BOJONEGORO
9062593908,,ODP-PAZ-FM/14,-7.211212,111.698862,,,0,8,0,0,8,REGIONAL 5,MADIUN,BOJONEGORO,PAD,,,2024-03-16 23:28:09,44768,2022,7,NON TITO,,,JAWA TIMUR,1.0,RED,1203836731,AREA 3,JATIM,LAMONGAN,TUBAN BOJONEGORO,,,0,0,0,JAWA TIMUR,BOJONEGORO,PURWOSARI,TLATAH,BOJONEGORO
927943628,,ODP-KDU-FA/05,-7.130089,111.766628,,,0,16,0,0,16,REGIONAL 5,MADIUN,BOJONEGORO,KDU,,,2024-03-16 23:21:38,42632,2016,9,NON TITO,,,JAWA TIMUR,1.0,RED,35757413,AREA 3,JATIM,LAMONGAN,TUBAN BOJONEGORO,,,0,0,0,JAWA TIMUR,BOJONEGORO,KALITIDU,KALITIDU,BOJONEGORO
9051944099,,ODP-SMJ-FN/21,-7.239199,111.956083,,,0,8,0,0,8,REGIONAL 5,MADIUN,BOJONEGORO,SMJ,,,2024-03-16 23:26:47,44769,2022,7,NON TITO,,,JAWA TIMUR,1.0,RED,1203846622,AREA 3,JATIM,LAMONGAN,TUBAN BOJONEGORO,,,0,0,0,JAWA TIMUR,BOJONEGORO,BALEN,MAYANGKAWIS,BOJONEGORO
8920845381,,ODP-BJN-FP/95,-7.154139,111.869331,,,0,8,0,0,8,REGIONAL 5,MADIUN,BOJONEGORO,BJN,,,2024-03-16 23:24:40,44743,2022,7,NON TITO,,,JAWA TIMUR,1.0,RED,1188989922,AREA 3,JATIM,LAMONGAN,TUBAN BOJONEGORO,,,0,0,0,JAWA TIMUR,BOJONEGORO,TRUCUK,TRUCUK,BOJONEGORO
11836097258,,ODP-PAZ-FK/32,-7.146704,111.602072,,,0,8,0,0,8,REGIONAL 5,MADIUN,BOJONEGORO,PAD,,,2024-10-22 17:30:20,45586,2024,10,NON TITO,,,JAWA TIMUR,1.0,RED,1471837216,AREA 3,JATIM,LAMONGAN,TUBAN BOJONEGORO,,,0,0,0,JAWA TIMUR,BOJONEGORO,PADANGAN,DENGOK,BOJONEGORO
873343670,,ODP-PAZ-FB/07,-7.173126,111.7153,,,0,16,0,0,16,REGIONAL 5,MADIUN,BOJONEGORO,PAD,,,2024-03-16 23:28:30,42619,2016,9,NON TITO,,,JAWA TIMUR,1.0,RED,34808360,AREA 3,JATIM,LAMONGAN,TUBAN BOJONEGORO,,,0,0,0,JAWA TIMUR,BOJONEGORO,GAYAM,GAYAM,BOJONEGORO
624043825,,ODP-BJN-FD/27,-7.165766,111.87919,,,0,8,0,0,8,REGIONAL 5,MADIUN,BOJONEGORO,BJN,,,2024-03-16 23:23:48,42516,2016,5,NON TITO,,,JAWA TIMUR,1.0,RED,33519636,AREA 3,JATIM,LAMONGAN,TUBAN BOJONEGORO,,,0,0,0,JAWA TIMUR,BOJONEGORO,BOJONEGORO,SUMBANG,BOJONEGORO
9320593770,,ODP-BJN-FBQ/02,-7.194117,111.944661,,,0,8,0,0,8,REGIONAL 5,MADIUN,BOJONEGORO,BJN,,,2024-03-16 23:28:07,44826,2022,9,NON TITO,,,JAWA TIMUR,1.0,RED,1226334831,AREA 3,JATIM,LAMONGAN,TUBAN BOJONEGORO,,,0,0,0,JAWA TIMUR,BOJONEGORO,BALEN,SOBONTORO,BOJONEGORO
8674169060,,ODP-SMJ-FC/33,-7.095439,112.042887,,,0,8,0,0,8,REGIONAL 5,MADIUN,BOJONEGORO,SMJ,,,2024-03-16 23:22:46,44670,2022,4,NON TITO,,,JAWA TIMUR,1.0,RED,1177497081,AREA 3,JATIM,LAMONGAN,TUBAN BOJONEGORO,,,0,0,0,JAWA TIMUR,BOJONEGORO,KANOR,TEMU,BOJONEGORO
843644490,,ODP-BJN-FQ/01,-7.160892,111.895125,,,0,16,0,0,16,REGIONAL 5,MADIUN,BOJONEGORO,BJN,,,2024-03-16 23:27:58,42609,2016,8,NON TITO,,,JAWA TIMUR,1.0,RED,34772480,AREA 3,JATIM,LAMONGAN,TUBAN BOJONEGORO,,,0,0,0,JAWA TIMUR,BOJONEGORO,BOJONEGORO,SUKOREJO,BOJONEGORO
9320593740,,ODP-BJN-FBQ/05,-7.177525,111.948048,,,0,8,0,0,8,REGIONAL 5,MADIUN,BOJONEGORO,BJN,,,2024-03-16 23:28:22,44826,2022,9,NON TITO,,,JAWA TIMUR,1.0,RED,1226334785,AREA 3,JATIM,LAMONGAN,TUBAN BOJONEGORO,,,0,0,0,JAWA TIMUR,BOJONEGORO,BALEN,MULYOAGUNG,BOJONEGORO
843644497,,ODP-BJN-FQ/02,-7.160737,111.894207,,,0,16,0,0,16,REGIONAL 5,MADIUN,BOJONEGORO,BJN,,,2024-03-16 23:28:54,42609,2016,8,NON TITO,,,JAWA TIMUR,1.0,RED,34772485,AREA 3,JATIM,LAMONGAN,TUBAN BOJONEGORO,,,0,0,0,JAWA TIMUR,BOJONEGORO,BOJONEGORO,SUKOREJO,BOJONEGORO
8705297315,,ODP-PAZ-FP/10,-7.147524,111.620314,,,0,8,0,0,8,REGIONAL 5,MADIUN,BOJONEGORO,PAD,,,2024-03-16 23:26:41,44679,2022,4,NON TITO,,,JAWA TIMUR,1.0,RED,1178691911,AREA 3,JATIM,LAMONGAN,TUBAN BOJONEGORO,,,0,0,0,JAWA TIMUR,BOJONEGORO,KASIMAN,BATOKAN,BOJONEGORO
8705297335,,ODP-PAZ-FP/14,-7.144158,111.621049,,,0,8,0,0,8,REGIONAL 5,MADIUN,BOJONEGORO,PAD,,,2024-03-16 23:26:49,44679,2022,4,NON TITO,,,JAWA TIMUR,1.0,RED,1178691939,AREA 3,JATIM,LAMONGAN,TUBAN BOJONEGORO,,,0,0,0,JAWA TIMUR,BOJONEGORO,KASIMAN,SAMBENG,BOJONEGORO
843644504,,ODP-BJN-FQ/03,-7.162966,111.893969,,,0,16,0,0,16,REGIONAL 5,MADIUN,BOJONEGORO,BJN,,,2024-03-16 23:28:57,42609,2016,8,NON TITO,,,JAWA TIMUR,1.0,RED,34772489,AREA 3,JATIM,LAMONGAN,TUBAN BOJONEGORO,,,0,0,0,JAWA TIMUR,BOJONEGORO,BOJONEGORO,SUKOREJO,BOJONEGORO
949696466,,ODP-BJN-FU/34,-7.195268,111.868081,,,0,8,0,0,8,REGIONAL 5,MADIUN,BOJONEGORO,BJN,,,2024-03-16 23:23:53,42641,2016,9,NON TITO,,,JAWA TIMUR,1.0,RED,35912300,AREA 3,JATIM,LAMONGAN,TUBAN BOJONEGORO,,,0,0,0,JAWA TIMUR,BOJONEGORO,DANDER,NGUMPAK DALEM,BOJONEGORO
8764920752,,ODP-PAZ-FJ/03,-7.204006,111.686081,,,0,8,0,0,8,REGIONAL 5,MADIUN,BOJONEGORO,PAD,,,2024-03-16 23:23:52,44696,2022,5,NON TITO,,,JAWA TIMUR,1.0,RED,1181836596,AREA 3,JATIM,LAMONGAN,TUBAN BOJONEGORO,,,0,0,0,JAWA TIMUR,BOJONEGORO,PURWOSARI,PUNGGUR,BOJONEGORO
11867369865,,ODP-KDU-FB/53,-7.151463,111.806363,,,0,8,0,0,8,REGIONAL 5,MADIUN,BOJONEGORO,KDU,,,2024-10-29 17:27:20,45593,2024,10,NON TITO,,,JAWA TIMUR,1.0,RED,1479870094,AREA 3,JATIM,LAMONGAN,TUBAN BOJONEGORO,,,0,0,0,JAWA TIMUR,BOJONEGORO,KALITIDU,NGUJO,BOJONEGORO
8782544279,,ODP-PAZ-FN/18,-7.285238,111.714954,,,0,8,0,0,8,REGIONAL 5,MADIUN,BOJONEGORO,PAD,,,2024-03-16 23:24:52,44701,2022,5,NON TITO,,,JAWA TIMUR,1.0,RED,1181870834,AREA 3,JATIM,LAMONGAN,TUBAN BOJONEGORO,,,0,0,0,JAWA TIMUR,BOJONEGORO,NGAMBON,BONDOL,BOJONEGORO
8782544284,,ODP-PAZ-FN/21,-7.285231,111.722942,,,0,8,0,0,8,REGIONAL 5,MADIUN,BOJONEGORO,PAD,,,2024-03-16 23:24:54,44701,2022,5,NON TITO,,,JAWA TIMUR,1.0,RED,1181870837,AREA 3,JATIM,LAMONGAN,TUBAN BOJONEGORO,,,0,0,0,JAWA TIMUR,BOJONEGORO,NGAMBON,NGAMBON,BOJONEGORO
11760719126,,ODP-BJN-FV/51,-7.154455,111.896754,,,0,8,0,0,8,REGIONAL 5,MADIUN,BOJONEGORO,BJN,,,2024-09-24 23:44:42,45559,2024,9,NON TITO,,,JAWA TIMUR,1.0,RED,1463512075,AREA 3,JATIM,LAMONGAN,TUBAN BOJONEGORO,,,0,0,0,JAWA TIMUR,BOJONEGORO,BOJONEGORO,NGROWO,BOJONEGORO
646694613,,ODP-BJN-FH/19,-7.146103,111.890306,,,0,16,0,0,16,REGIONAL 5,MADIUN,BOJONEGORO,BJN,,,2024-03-16 23:21:54,42523,2016,6,NON TITO,,,JAWA TIMUR,1.0,RED,33547066,AREA 3,JATIM,LAMONGAN,TUBAN BOJONEGORO,,,0,0,0,JAWA TIMUR,BOJONEGORO,BOJONEGORO,KARANG PACAR,BOJONEGORO
408428988,,ODP-SMJ-FQ/24,-7.176544,111.997849,,,0,16,0,0,16,REGIONAL 5,MADIUN,BOJONEGORO,SMJ,,,2024-10-29 17:21:50,42506,2016,5,NON TITO,,,JAWA TIMUR,1.0,RED,25395335,AREA 3,JATIM,LAMONGAN,TUBAN BOJONEGORO,,,0,0,0,JAWA TIMUR,BOJONEGORO,SUMBEREJO,SUMURAGUNG,BOJONEGORO
646694606,,ODP-BJN-FH/20,-7.146631,111.888319,,,0,8,0,0,8,REGIONAL 5,MADIUN,BOJONEGORO,BJN,,,2024-03-16 23:21:54,42523,2016,6,NON TITO,,,JAWA TIMUR,1.0,RED,33547056,AREA 3,JATIM,LAMONGAN,TUBAN BOJONEGORO,,,0,0,0,JAWA TIMUR,BOJONEGORO,BOJONEGORO,KARANG PACAR,BOJONEGORO
842445491,,ODP-BJN-FP/25,-7.155106,111.875283,,,0,16,0,0,16,REGIONAL 5,MADIUN,BOJONEGORO,BJN,,,2024-03-16 23:24:25,42613,2016,8,NON TITO,,,JAWA TIMUR,1.0,RED,34787737,AREA 3,JATIM,LAMONGAN,TUBAN BOJONEGORO,,,0,0,0,JAWA TIMUR,BOJONEGORO,BOJONEGORO,KLANGON,BOJONEGORO
843644559,,ODP-BJN-FQ/07,-7.16057,111.889065,,,0,8,0,0,8,REGIONAL 5,MADIUN,BOJONEGORO,BJN,,,2024-03-16 23:28:28,42609,2016,8,NON TITO,,,JAWA TIMUR,1.0,RED,34772572,AREA 3,JATIM,LAMONGAN,TUBAN BOJONEGORO,,,0,0,0,JAWA TIMUR,BOJONEGORO,BOJONEGORO,SUKOREJO,BOJONEGORO
8870218765,,ODP-KDU-FF/14,-7.107941,111.734282,,,0,8,0,0,8,REGIONAL 5,MADIUN,BOJONEGORO,KDU,,,2024-03-16 23:26:19,44720,2022,6,NON TITO,,,JAWA TIMUR,1.0,RED,1183869798,AREA 3,JATIM,LAMONGAN,TUBAN BOJONEGORO,,,0,0,0,JAWA TIMUR,BOJONEGORO,MALO,MALO,BOJONEGORO
8812994522,,ODP-KDU-FF/12,-7.099948,111.706414,,,0,8,0,0,8,REGIONAL 5,MADIUN,BOJONEGORO,KDU,,,2024-03-16 23:23:35,44718,2022,6,NON TITO,,,JAWA TIMUR,1.0,RED,1183388830,AREA 3,JATIM,LAMONGAN,TUBAN BOJONEGORO,,,0,0,0,JAWA TIMUR,BOJONEGORO,MALO,SUMBEREJO,BOJONEGORO
8812994515,,ODP-KDU-FF/11,-7.100231,111.703804,,,0,8,0,0,8,REGIONAL 5,MADIUN,BOJONEGORO,KDU,,,2024-03-16 23:23:36,44718,2022,6,NON TITO,,,JAWA TIMUR,1.0,RED,1183388825,AREA 3,JATIM,LAMONGAN,TUBAN BOJONEGORO,,,0,0,0,JAWA TIMUR,BOJONEGORO,MALO,SUMBEREJO,BOJONEGORO
8812994510,,ODP-KDU-FF/13,-7.099824,111.708815,,,0,8,0,0,8,REGIONAL 5,MADIUN,BOJONEGORO,KDU,,,2024-03-16 23:23:35,44718,2022,6,NON TITO,,,JAWA TIMUR,1.0,RED,1183388820,AREA 3,JATIM,LAMONGAN,TUBAN BOJONEGORO,,,0,0,0,JAWA TIMUR,BOJONEGORO,MALO,TINAWUN,BOJONEGORO
9679469554,,ODP-PAZ-FC/66,-7.180188,111.624571,,,0,8,0,0,8,REGIONAL 5,MADIUN,BOJONEGORO,PAD,,,2024-03-16 23:24:00,44911,2022,12,NON TITO,,,JAWA TIMUR,1.0,RED,1253649461,AREA 3,JATIM,LAMONGAN,TUBAN BOJONEGORO,,,0,0,0,JAWA TIMUR,BOJONEGORO,PADANGAN,SONOREJO,BOJONEGORO
8810071692,,ODP-BJN-FC/67,-7.140287,111.908291,,,0,8,0,0,8,REGIONAL 5,MADIUN,BOJONEGORO,BJN,,,2024-03-16 23:28:25,44715,2022,6,NON TITO,,,JAWA TIMUR,1.0,RED,1183372465,AREA 3,JATIM,LAMONGAN,TUBAN BOJONEGORO,,,0,0,0,JAWA TIMUR,BOJONEGORO,BOJONEGORO,MULYOAGUNG,BOJONEGORO
8812993637,,ODP-KDU-FA/66,-7.128331,111.742833,,,0,8,0,0,8,REGIONAL 5,MADIUN,BOJONEGORO,KDU,,,2024-03-16 23:21:08,44712,2022,5,NON TITO,,,JAWA TIMUR,1.0,RED,1183347982,AREA 3,JATIM,LAMONGAN,TUBAN BOJONEGORO,,,0,0,0,JAWA TIMUR,BOJONEGORO,KALITIDU,TALOK,BOJONEGORO
674218571,,ODP-BJN-FN/03,-7.154962,111.879579,,,0,8,0,0,8,REGIONAL 5,MADIUN,BOJONEGORO,BJN,,,2024-03-16 23:25:18,42533,2016,6,NON TITO,,,JAWA TIMUR,1.0,RED,33429525,AREA 3,JATIM,LAMONGAN,TUBAN BOJONEGORO,,,0,0,0,JAWA TIMUR,BOJONEGORO,BOJONEGORO,SUMBANG,BOJONEGORO
8797993950,,ODP-BJN-FC/66,-7.152015,111.90202,,,0,8,0,0,8,REGIONAL 5,MADIUN,BOJONEGORO,BJN,,,2024-03-16 23:23:08,44711,2022,5,NON TITO,,,JAWA TIMUR,1.0,RED,1182810821,AREA 3,JATIM,LAMONGAN,TUBAN BOJONEGORO,,,0,0,0,JAWA TIMUR,BOJONEGORO,BOJONEGORO,CAMPURJO,BOJONEGORO
11803169294,,ODP-SMJ-FC/42,-7.113612,112.010708,,,0,8,0,0,8,REGIONAL 5,MADIUN,BOJONEGORO,SMJ,,,2024-10-01 17:34:11,45565,2024,9,NON TITO,,,JAWA TIMUR,1.0,RED,1463273713,AREA 3,JATIM,LAMONGAN,TUBAN BOJONEGORO,,,0,0,0,JAWA TIMUR,BOJONEGORO,KANOR,TAMBAHREJO,BOJONEGORO
11803169283,,ODP-SMJ-FC/46,-7.117183,112.009267,,,0,8,0,0,8,REGIONAL 5,MADIUN,BOJONEGORO,SMJ,,,2024-10-01 17:34:13,45565,2024,9,NON TITO,,,JAWA TIMUR,1.0,RED,1463273706,AREA 3,JATIM,LAMONGAN,TUBAN BOJONEGORO,,,0,0,0,JAWA TIMUR,BOJONEGORO,KANOR,TAMBAHREJO,BOJONEGORO
11791770233,,ODP-PAZ-FE/53,-7.171842,111.6557,,,0,8,0,0,8,REGIONAL 5,MADIUN,BOJONEGORO,PAD,,,2024-09-30 17:28:18,45564,2024,9,NON TITO,,,JAWA TIMUR,1.0,RED,1463268377,AREA 3,JATIM,LAMONGAN,TUBAN BOJONEGORO,,,0,0,0,JAWA TIMUR,BOJONEGORO,PADANGAN,KEBONAGUNG,BOJONEGORO
9140519098,,ODP-SMJ-FA/75,-7.190872,111.973063,,,0,8,0,0,8,REGIONAL 5,MADIUN,BOJONEGORO,SMJ,,,2024-03-16 23:23:34,44795,2022,8,NON TITO,,,JAWA TIMUR,1.0,RED,1209821326,AREA 3,JATIM,LAMONGAN,TUBAN BOJONEGORO,,,0,0,0,JAWA TIMUR,BOJONEGORO,BALEN,MARGOMULYO,BOJONEGORO
3712844239,,ODP-SMJ-FQ/37,-7.157097,112.005164,,,0,8,0,0,8,REGIONAL 5,MADIUN,BOJONEGORO,SMJ,,,2024-12-19 17:41:02,43657,2019,7,NON TITO,,,JAWA TIMUR,1.0,RED,638194088,AREA 3,JATIM,LAMONGAN,TUBAN BOJONEGORO,,,0,0,0,JAWA TIMUR,BOJONEGORO,KANOR,PESEN,BOJONEGORO
8393743730,,ODP-PAZ-FN/14,-7.276437,111.722372,,,0,8,0,0,8,REGIONAL 5,MADIUN,BOJONEGORO,PAD,,,2024-03-16 23:24:17,44592,2022,1,NON TITO,,,JAWA TIMUR,1.0,RED,1165166675,AREA 3,JATIM,LAMONGAN,TUBAN BOJONEGORO,,,0,0,0,JAWA TIMUR,BOJONEGORO,TAMBAKREJO,KACANGAN,BOJONEGORO
8389320456,,ODP-BJN-FQ/64,-7.161032,111.896503,,,0,8,0,0,8,REGIONAL 5,MADIUN,BOJONEGORO,BJN,,,2024-03-16 23:23:08,44592,2022,1,NON TITO,,,JAWA TIMUR,1.0,RED,1165165745,AREA 3,JATIM,LAMONGAN,TUBAN BOJONEGORO,,,0,0,0,JAWA TIMUR,BOJONEGORO,BOJONEGORO,SUKOREJO,BOJONEGORO
7339994563,,ODP-BJN-FH/72,-7.138917,111.900571,,,0,8,0,0,8,REGIONAL 5,MADIUN,BOJONEGORO,BJN,,,2024-03-16 23:27:38,44422,2021,8,NON TITO,,,JAWA TIMUR,1.0,RED,989295650,AREA 3,JATIM,LAMONGAN,TUBAN BOJONEGORO,,,0,0,0,JAWA TIMUR,BOJONEGORO,BOJONEGORO,CAMPURJO,BOJONEGORO
10190368835,,ODP-BJN-FBN/52,-7.105431,111.860599,,,0,8,0,0,8,REGIONAL 5,MADIUN,BOJONEGORO,BJN,,,2024-03-16 23:26:42,45068,2023,5,NON TITO,,,JAWA TIMUR,1.0,RED,1290650153,AREA 3,JATIM,LAMONGAN,TUBAN BOJONEGORO,,,0,0,0,JAWA TIMUR,TUBAN,PARENGAN,SUCIHARJO,BOJONEGORO
11580718691,,ODP-KDU-FB/37,-7.159906,111.787811,,,0,8,0,0,8,REGIONAL 5,MADIUN,BOJONEGORO,KDU,,,2024-06-12 17:25:48,45454,2024,6,NON TITO,,,JAWA TIMUR,1.0,RED,1442062744,AREA 3,JATIM,LAMONGAN,TUBAN BOJONEGORO,,,0,0,0,JAWA TIMUR,BOJONEGORO,NGASEM,WADANG,BOJONEGORO
7577743724,,ODP-BJN-FE/93,-7.200385,111.893434,,,0,8,0,0,8,REGIONAL 5,MADIUN,BOJONEGORO,BJN,,,2024-03-16 23:26:09,44446,2021,9,NON TITO,,,JAWA TIMUR,1.0,RED,1035275098,AREA 3,JATIM,LAMONGAN,TUBAN BOJONEGORO,,,0,0,0,JAWA TIMUR,BOJONEGORO,KAPAS,TANJUNGHARJO,BOJONEGORO
10116793901,,ODP-KDU-FF/34,-7.100568,111.700253,,,0,8,0,0,8,REGIONAL 5,MADIUN,BOJONEGORO,KDU,,,2024-03-16 23:22:40,45034,2023,4,NON TITO,,,JAWA TIMUR,1.0,RED,1282087987,AREA 3,JATIM,LAMONGAN,TUBAN BOJONEGORO,,,0,0,0,JAWA TIMUR,BOJONEGORO,MALO,SUMBEREJO,BOJONEGORO
1345789202,,ODP-SMJ-FS/25,-7.176939,112.000888,,,0,8,0,0,8,REGIONAL 5,MADIUN,BOJONEGORO,SMJ,,,2024-12-19 17:43:27,42832,2017,4,NON TITO,,,JAWA TIMUR,1.0,RED,81198219,AREA 3,JATIM,LAMONGAN,TUBAN BOJONEGORO,,,0,0,0,JAWA TIMUR,BOJONEGORO,SUMBEREJO,SUMBERREJO,BOJONEGORO
11575468851,,ODP-PAZ-FE/52,-7.168234,111.661914,,,0,8,0,0,8,REGIONAL 5,MADIUN,BOJONEGORO,PAD,,,2024-06-13 23:27:54,45456,2024,6,NON TITO,,,JAWA TIMUR,1.0,RED,1441998142,AREA 3,JATIM,LAMONGAN,TUBAN BOJONEGORO,,,0,0,0,JAWA TIMUR,BOJONEGORO,PURWOSARI,PURWOSARI,BOJONEGORO
1345788829,,ODP-SMJ-FS/24,-7.176446,112.002889,,,0,8,0,0,8,REGIONAL 5,MADIUN,BOJONEGORO,SMJ,,,2024-12-19 17:39:50,42832,2017,4,NON TITO,,,JAWA TIMUR,1.0,RED,81198015,AREA 3,JATIM,LAMONGAN,TUBAN BOJONEGORO,,,0,0,0,JAWA TIMUR,BOJONEGORO,SUMBEREJO,SUMBERREJO,BOJONEGORO
12017218585,,ODP-SMJ-FD/48,-7.152242,112.01713,,,0,8,0,0,8,REGIONAL 5,MADIUN,BOJONEGORO,SMJ,,,2024-12-17 17:33:45,45642,2024,12,NON TITO,,,JAWA TIMUR,1.0,RED,1495442939,AREA 3,JATIM,LAMONGAN,TUBAN BOJONEGORO,,,0,0,0,JAWA TIMUR,BOJONEGORO,KANOR,PALEMBON,BOJONEGORO
7628519714,,ODP-BJN-FV/47,-7.156912,111.894252,,,0,8,0,0,8,REGIONAL 5,MADIUN,BOJONEGORO,BJN,,,2024-03-16 23:29:18,44453,2021,9,NON TITO,,,JAWA TIMUR,1.0,RED,1050345656,AREA 3,JATIM,LAMONGAN,TUBAN BOJONEGORO,,,0,0,0,JAWA TIMUR,BOJONEGORO,BOJONEGORO,MOJO KAMPUNG,BOJONEGORO
7628520176,,ODP-BJN-FV/48,-7.155329,111.896561,,,0,8,0,0,8,REGIONAL 5,MADIUN,BOJONEGORO,BJN,,,2024-03-16 23:29:06,44453,2021,9,NON TITO,,,JAWA TIMUR,1.0,RED,1050422945,AREA 3,JATIM,LAMONGAN,TUBAN BOJONEGORO,,,0,0,0,JAWA TIMUR,BOJONEGORO,BOJONEGORO,NGROWO,BOJONEGORO
12017218580,,ODP-SMJ-FD/47,-7.150151,112.017745,,,0,8,0,0,8,REGIONAL 5,MADIUN,BOJONEGORO,SMJ,,,2024-12-17 17:34:06,45642,2024,12,NON TITO,,,JAWA TIMUR,1.0,RED,1495442936,AREA 3,JATIM,LAMONGAN,TUBAN BOJONEGORO,,,0,0,0,JAWA TIMUR,BOJONEGORO,KANOR,PALEMBON,BOJONEGORO
11575468858,,ODP-PAZ-FS/17,-7.181671,111.66277,,,0,8,0,0,8,REGIONAL 5,MADIUN,BOJONEGORO,PAD,,,2024-06-13 23:27:41,45456,2024,6,NON TITO,,,JAWA TIMUR,1.0,RED,1441998161,AREA 3,JATIM,LAMONGAN,TUBAN BOJONEGORO,,,0,0,0,JAWA TIMUR,BOJONEGORO,PURWOSARI,PURWOSARI,BOJONEGORO
12013844399,,ODP-PAZ-FM/23,-7.208112,111.697011,,,0,8,0,0,8,REGIONAL 5,MADIUN,BOJONEGORO,PAD,,,2024-12-17 17:33:24,45642,2024,12,NON TITO,,,JAWA TIMUR,1.0,RED,1495442755,AREA 3,JATIM,LAMONGAN,TUBAN BOJONEGORO,,,0,0,0,JAWA TIMUR,BOJONEGORO,PURWOSARI,TLATAH,BOJONEGORO
11585368551,,ODP-KDU-FF/53,-7.113708,111.729648,,,0,8,0,0,8,REGIONAL 5,MADIUN,BOJONEGORO,KDU,,,2024-06-12 17:25:57,45454,2024,6,NON TITO,,,JAWA TIMUR,1.0,RED,1441988000,AREA 3,JATIM,LAMONGAN,TUBAN BOJONEGORO,,,0,0,0,JAWA TIMUR,BOJONEGORO,KALITIDU,MLATEN,BOJONEGORO
12013844394,,ODP-PAZ-FM/22,-7.206942,111.696283,,,0,8,0,0,8,REGIONAL 5,MADIUN,BOJONEGORO,PAD,,,2024-12-17 17:34:08,45642,2024,12,NON TITO,,,JAWA TIMUR,1.0,RED,1495442752,AREA 3,JATIM,LAMONGAN,TUBAN BOJONEGORO,,,0,0,0,JAWA TIMUR,BOJONEGORO,PURWOSARI,TLATAH,BOJONEGORO
7810019089,,ODP-BJN-FJ/93,-7.138772,111.874684,,,0,8,0,0,8,REGIONAL 5,MADIUN,BOJONEGORO,BJN,,,2024-03-16 23:22:47,44475,2021,10,NON TITO,,,JAWA TIMUR,1.0,RED,1068809213,AREA 3,JATIM,LAMONGAN,TUBAN BOJONEGORO,,,0,0,0,JAWA TIMUR,BOJONEGORO,TRUCUK,BANJARSARI,BOJONEGORO
7810019092,,ODP-PAZ-FD/39,-7.250318,111.532235,,,0,8,0,0,8,REGIONAL 5,MADIUN,BOJONEGORO,PAD,,,2024-03-16 23:22:47,44475,2021,10,NON TITO,,,JAWA TIMUR,1.0,RED,1068809215,AREA 3,JATIM,LAMONGAN,TUBAN BOJONEGORO,,,0,0,0,JAWA TIMUR,BOJONEGORO,NGRAHO,KALIREJO,BOJONEGORO
7807246959,,ODP-BJN-FX/81,-7.147353,111.912125,,,0,8,0,0,8,REGIONAL 5,MADIUN,BOJONEGORO,BJN,,,2024-03-16 23:25:10,44475,2021,10,NON TITO,,,JAWA TIMUR,1.0,RED,1068809533,AREA 3,JATIM,LAMONGAN,TUBAN BOJONEGORO,,,0,0,0,JAWA TIMUR,BOJONEGORO,BOJONEGORO,CAMPURJO,BOJONEGORO
10049068695,,ODP-PAZ-FP/16,-7.135093,111.636525,,,0,8,0,0,8,REGIONAL 5,MADIUN,BOJONEGORO,PAD,,,2024-03-16 23:21:38,45015,2023,3,NON TITO,,,JAWA TIMUR,1.0,RED,1280936870,AREA 3,JATIM,LAMONGAN,TUBAN BOJONEGORO,,,0,0,0,JAWA TIMUR,BOJONEGORO,KASIMAN,BESAH,BOJONEGORO
7836119376,,ODP-PAZ-FP/01,-7.142962,111.653261,,,0,8,0,0,8,REGIONAL 5,MADIUN,BOJONEGORO,PAD,,,2024-03-16 23:22:41,44478,2021,10,NON TITO,,,JAWA TIMUR,1.0,RED,1068828992,AREA 3,JATIM,LAMONGAN,TUBAN BOJONEGORO,,,0,0,0,JAWA TIMUR,BOJONEGORO,KASIMAN,SIDOMUKTI,BOJONEGORO
420072320,,ODP-BJN-FH/05,-7.142237,111.890558,,,0,16,0,0,16,REGIONAL 5,MADIUN,BOJONEGORO,BJN,,,2024-03-16 23:22:18,42507,2016,5,NON TITO,,,JAWA TIMUR,1.0,RED,26318682,AREA 3,JATIM,LAMONGAN,TUBAN BOJONEGORO,,,0,0,0,JAWA TIMUR,BOJONEGORO,BOJONEGORO,BANJAREJO,BOJONEGORO
7861168768,,ODP-PAZ-FN/01,-7.284717,111.724865,,,0,8,0,0,8,REGIONAL 5,MADIUN,BOJONEGORO,PAD,,,2024-03-16 23:28:35,44483,2021,10,NON TITO,,,JAWA TIMUR,1.0,RED,1068864722,AREA 3,JATIM,LAMONGAN,TUBAN BOJONEGORO,,,0,0,0,JAWA TIMUR,BOJONEGORO,NGAMBON,NGAMBON,BOJONEGORO
7930318589,,ODP-PAZ-FD/40,-7.242505,111.53945,,,0,8,0,0,8,REGIONAL 5,MADIUN,BOJONEGORO,PAD,,,2024-03-16 23:25:20,44491,2021,10,NON TITO,,,JAWA TIMUR,1.0,RED,1084401517,AREA 3,JATIM,LAMONGAN,TUBAN BOJONEGORO,,,0,0,0,JAWA TIMUR,BOJONEGORO,NGRAHO,KALIREJO,BOJONEGORO
7966168720,,ODP-KDU-FA/65,-7.130188,111.766985,,,0,8,0,0,8,REGIONAL 5,MADIUN,BOJONEGORO,KDU,,,2024-03-16 23:23:29,44495,2021,10,NON TITO,,,JAWA TIMUR,1.0,RED,1088670996,AREA 3,JATIM,LAMONGAN,TUBAN BOJONEGORO,,,0,0,0,JAWA TIMUR,BOJONEGORO,KALITIDU,PANJUNAN,BOJONEGORO
8026168938,,ODP-BJN-FJ/95,-7.146299,111.874297,,,0,8,0,0,8,REGIONAL 5,MADIUN,BOJONEGORO,BJN,,,2024-03-16 23:24:19,44504,2021,11,NON TITO,,,JAWA TIMUR,1.0,RED,1093097361,AREA 3,JATIM,LAMONGAN,TUBAN BOJONEGORO,,,0,0,0,JAWA TIMUR,BOJONEGORO,BOJONEGORO,KAUMAN,BOJONEGORO
10020718561,,ODP-BJN-FBN/51,-7.105572,111.862896,,,0,8,0,0,8,REGIONAL 5,MADIUN,BOJONEGORO,BJN,,,2024-03-16 23:24:47,45007,2023,3,NON TITO,,,JAWA TIMUR,1.0,RED,1279966262,AREA 3,JATIM,LAMONGAN,TUBAN BOJONEGORO,,,0,0,0,JAWA TIMUR,TUBAN,PARENGAN,SUCIHARJO,BOJONEGORO
420072586,,ODP-BJN-FH/06,-7.143464,111.890426,,,0,8,0,0,8,REGIONAL 5,MADIUN,BOJONEGORO,BJN,,,2024-03-16 23:22:19,42507,2016,5,NON TITO,,,JAWA TIMUR,1.0,RED,26318955,AREA 3,JATIM,LAMONGAN,TUBAN BOJONEGORO,,,0,0,0,JAWA TIMUR,BOJONEGORO,BOJONEGORO,BANJAREJO,BOJONEGORO
8061495127,,ODP-BJN-FL/96,-7.173816,111.865603,,,0,8,0,0,8,REGIONAL 5,MADIUN,BOJONEGORO,BJN,,,2024-03-16 23:24:43,44510,2021,11,NON TITO,,,JAWA TIMUR,1.0,RED,1114854598,AREA 3,JATIM,LAMONGAN,TUBAN BOJONEGORO,,,0,0,0,JAWA TIMUR,BOJONEGORO,BOJONEGORO,JETAK,BOJONEGORO
12013393982,,ODP-SMJ-FE/55,-7.302011,112.042114,,,0,8,0,0,8,REGIONAL 5,MADIUN,BOJONEGORO,SMJ,,,2024-12-13 17:32:18,45638,2024,12,NON TITO,,,JAWA TIMUR,1.0,RED,1495488999,AREA 3,JATIM,LAMONGAN,TUBAN BOJONEGORO,,,0,0,0,JAWA TIMUR,BOJONEGORO,KEDUNGADEM,KEDUNGADEM,BOJONEGORO
7825093682,,ODP-PAZ-FD/38,-7.236921,111.544664,,,0,8,0,0,8,REGIONAL 5,MADIUN,BOJONEGORO,PAD,,,2024-03-16 23:24:20,44475,2021,10,NON TITO,,,JAWA TIMUR,1.0,RED,1068806327,AREA 3,JATIM,LAMONGAN,TUBAN BOJONEGORO,,,0,0,0,JAWA TIMUR,BOJONEGORO,NGRAHO,TANGGUNGAN,BOJONEGORO
786119019,,ODP-BJN-FN/12,-7.152244,111.881377,,,0,8,0,0,8,REGIONAL 5,MADIUN,BOJONEGORO,BJN,,,2024-03-16 23:24:27,42586,2016,8,NON TITO,,,JAWA TIMUR,1.0,RED,34100063,AREA 3,JATIM,LAMONGAN,TUBAN BOJONEGORO,,,0,0,0,JAWA TIMUR,BOJONEGORO,BOJONEGORO,KLANGON,BOJONEGORO
3135344379,,ODP-SMJ-FS/29,-7.176582,112.002317,,,0,8,0,0,8,REGIONAL 5,MADIUN,BOJONEGORO,SMJ,,,2024-12-19 17:42:33,43432,2018,11,NON TITO,,,JAWA TIMUR,1.0,RED,406515961,AREA 3,JATIM,LAMONGAN,TUBAN BOJONEGORO,,,0,0,0,JAWA TIMUR,BOJONEGORO,SUMBEREJO,SUMBERREJO,BOJONEGORO
7347043600,,ODP-BJN-FC/62,-7.140684,111.902096,,,0,8,0,0,8,REGIONAL 5,MADIUN,BOJONEGORO,BJN,,,2024-03-16 23:21:44,44413,2021,8,NON TITO,,,JAWA TIMUR,1.0,RED,959295113,AREA 3,JATIM,LAMONGAN,TUBAN BOJONEGORO,,,0,0,0,JAWA TIMUR,BOJONEGORO,BOJONEGORO,CAMPURJO,BOJONEGORO
10263868907,,ODP-KDU-FC/47,-7.139506,111.818131,,,0,8,0,0,8,REGIONAL 5,MADIUN,BOJONEGORO,KDU,,,2024-03-16 23:22:25,45096,2023,6,NON TITO,,,JAWA TIMUR,1.0,RED,1294656035,AREA 3,JATIM,LAMONGAN,TUBAN BOJONEGORO,,,0,0,0,JAWA TIMUR,BOJONEGORO,KALITIDU,NGIRINGINREJO,BOJONEGORO
7054693651,,ODP-BJN-FU/81,-7.202855,111.866777,,,0,8,0,0,8,REGIONAL 5,MADIUN,BOJONEGORO,BJN,,,2024-03-16 23:22:16,44383,2021,7,NON TITO,,,JAWA TIMUR,1.0,RED,947010189,AREA 3,JATIM,LAMONGAN,TUBAN BOJONEGORO,,,0,0,0,JAWA TIMUR,BOJONEGORO,DANDER,NGUMPAK DALEM,BOJONEGORO
10263868902,,ODP-KDU-FC/40,-7.133741,111.827048,,,0,8,0,0,8,REGIONAL 5,MADIUN,BOJONEGORO,KDU,,,2024-03-16 23:22:06,45096,2023,6,NON TITO,,,JAWA TIMUR,1.0,RED,1294656032,AREA 3,JATIM,LAMONGAN,TUBAN BOJONEGORO,,,0,0,0,JAWA TIMUR,BOJONEGORO,KALITIDU,NGIRINGINREJO,BOJONEGORO
7060243561,,ODP-BJN-FZ/55,-7.133519,111.895967,,,0,8,0,0,8,REGIONAL 5,MADIUN,BOJONEGORO,BJN,,,2024-03-16 23:25:38,44383,2021,7,NON TITO,,,JAWA TIMUR,1.0,RED,947010192,AREA 3,JATIM,LAMONGAN,TUBAN BOJONEGORO,,,0,0,0,JAWA TIMUR,BOJONEGORO,TRUCUK,BANJARSARI,BOJONEGORO
7060243571,,ODP-BJN-FZ/57,-7.131904,111.892081,,,0,8,0,0,8,REGIONAL 5,MADIUN,BOJONEGORO,BJN,,,2024-03-16 23:25:38,44383,2021,7,NON TITO,,,JAWA TIMUR,1.0,RED,947010207,AREA 3,JATIM,LAMONGAN,TUBAN BOJONEGORO,,,0,0,0,JAWA TIMUR,BOJONEGORO,TRUCUK,BANJARSARI,BOJONEGORO
10263868897,,ODP-KDU-FC/46,-7.140789,111.820359,,,0,8,0,0,8,REGIONAL 5,MADIUN,BOJONEGORO,KDU,,,2024-03-16 23:21:01,45096,2023,6,NON TITO,,,JAWA TIMUR,1.0,RED,1294656029,AREA 3,JATIM,LAMONGAN,TUBAN BOJONEGORO,,,0,0,0,JAWA TIMUR,BOJONEGORO,KALITIDU,NGIRINGINREJO,BOJONEGORO
10263868882,,ODP-KDU-FC/44,-7.139367,111.820727,,,0,8,0,0,8,REGIONAL 5,MADIUN,BOJONEGORO,KDU,,,2024-03-16 23:22:20,45096,2023,6,NON TITO,,,JAWA TIMUR,1.0,RED,1294656020,AREA 3,JATIM,LAMONGAN,TUBAN BOJONEGORO,,,0,0,0,JAWA TIMUR,BOJONEGORO,KALITIDU,NGIRINGINREJO,BOJONEGORO
7060243576,,ODP-BJN-FZ/58,-7.131933,111.890887,,,0,8,0,0,8,REGIONAL 5,MADIUN,BOJONEGORO,BJN,,,2024-03-16 23:25:12,44383,2021,7,NON TITO,,,JAWA TIMUR,1.0,RED,947010215,AREA 3,JATIM,LAMONGAN,TUBAN BOJONEGORO,,,0,0,0,JAWA TIMUR,BOJONEGORO,TRUCUK,BANJARSARI,BOJONEGORO
10263868877,,ODP-KDU-FC/43,-7.138325,111.820916,,,0,8,0,0,8,REGIONAL 5,MADIUN,BOJONEGORO,KDU,,,2024-03-16 23:22:20,45096,2023,6,NON TITO,,,JAWA TIMUR,1.0,RED,1294656017,AREA 3,JATIM,LAMONGAN,TUBAN BOJONEGORO,,,0,0,0,JAWA TIMUR,BOJONEGORO,KALITIDU,NGIRINGINREJO,BOJONEGORO
7114018551,,ODP-BJN-FZ/60,-7.135211,111.886132,,,0,8,0,0,8,REGIONAL 5,MADIUN,BOJONEGORO,BJN,,,2024-03-16 23:25:09,44387,2021,7,NON TITO,,,JAWA TIMUR,1.0,RED,947052749,AREA 3,JATIM,LAMONGAN,TUBAN BOJONEGORO,,,0,0,0,JAWA TIMUR,BOJONEGORO,TRUCUK,BANJARSARI,BOJONEGORO
7114018556,,ODP-BJN-FZ/59,-7.131546,111.889257,,,0,8,0,0,8,REGIONAL 5,MADIUN,BOJONEGORO,BJN,,,2024-03-16 23:21:04,44387,2021,7,NON TITO,,,JAWA TIMUR,1.0,RED,947052752,AREA 3,JATIM,LAMONGAN,TUBAN BOJONEGORO,,,0,0,0,JAWA TIMUR,BOJONEGORO,TRUCUK,BANJARSARI,BOJONEGORO
786118968,,ODP-BJN-FN/08,-7.151909,111.881929,,,0,16,0,0,16,REGIONAL 5,MADIUN,BOJONEGORO,BJN,,,2024-03-16 23:24:35,42586,2016,8,NON TITO,,,JAWA TIMUR,1.0,RED,34099683,AREA 3,JATIM,LAMONGAN,TUBAN BOJONEGORO,,,0,0,0,JAWA TIMUR,BOJONEGORO,BOJONEGORO,KAUMAN,BOJONEGORO
10264470348,,ODP-BJN-FH/79,-7.141323,111.890626,,,0,8,0,0,8,REGIONAL 5,MADIUN,BOJONEGORO,BJN,,,2024-03-16 23:25:04,45096,2023,6,NON TITO,,,JAWA TIMUR,1.0,RED,1294652765,AREA 3,JATIM,LAMONGAN,TUBAN BOJONEGORO,,,0,0,0,JAWA TIMUR,BOJONEGORO,BOJONEGORO,BANJAREJO,BOJONEGORO
7114018561,,ODP-BJN-FZ/63,-7.131954,111.886477,,,0,8,0,0,8,REGIONAL 5,MADIUN,BOJONEGORO,BJN,,,2024-03-16 23:25:20,44387,2021,7,NON TITO,,,JAWA TIMUR,1.0,RED,947052755,AREA 3,JATIM,LAMONGAN,TUBAN BOJONEGORO,,,0,0,0,JAWA TIMUR,BOJONEGORO,TRUCUK,BANJARSARI,BOJONEGORO
3712844019,,ODP-SMJ-FQ/31,-7.134885,112.008862,,,0,8,0,0,8,REGIONAL 5,MADIUN,BOJONEGORO,SMJ,,,2024-12-19 17:44:17,43657,2019,7,NON TITO,,,JAWA TIMUR,1.0,RED,638193751,AREA 3,JATIM,LAMONGAN,TUBAN BOJONEGORO,,,0,0,0,JAWA TIMUR,BOJONEGORO,KANOR,PIYAK,BOJONEGORO
7114018566,,ODP-BJN-FZ/61,-7.130678,111.877981,,,0,8,0,0,8,REGIONAL 5,MADIUN,BOJONEGORO,BJN,,,2024-03-16 23:25:55,44387,2021,7,NON TITO,,,JAWA TIMUR,1.0,RED,947052758,AREA 3,JATIM,LAMONGAN,TUBAN BOJONEGORO,,,0,0,0,JAWA TIMUR,TUBAN,PARENGAN,SENDANGREJO,BOJONEGORO
7114018581,,ODP-BJN-FZ/64,-7.129709,111.885718,,,0,8,0,0,8,REGIONAL 5,MADIUN,BOJONEGORO,BJN,,,2024-03-16 23:25:53,44387,2021,7,NON TITO,,,JAWA TIMUR,1.0,RED,947052773,AREA 3,JATIM,LAMONGAN,TUBAN BOJONEGORO,,,0,0,0,JAWA TIMUR,BOJONEGORO,TRUCUK,BANJARSARI,BOJONEGORO
786118977,,ODP-BJN-FN/09,-7.154036,111.882278,,,0,8,0,0,8,REGIONAL 5,MADIUN,BOJONEGORO,BJN,,,2024-03-16 23:24:40,42586,2016,8,NON TITO,,,JAWA TIMUR,1.0,RED,34099819,AREA 3,JATIM,LAMONGAN,TUBAN BOJONEGORO,,,0,0,0,JAWA TIMUR,BOJONEGORO,BOJONEGORO,SUMBANG,BOJONEGORO
7252995769,,ODP-BJN-FX/80,-7.159401,111.900405,,,0,8,0,0,8,REGIONAL 5,MADIUN,BOJONEGORO,BJN,,,2024-03-16 23:23:31,44411,2021,8,NON TITO,,,JAWA TIMUR,1.0,RED,957280452,AREA 3,JATIM,LAMONGAN,TUBAN BOJONEGORO,,,0,0,0,JAWA TIMUR,BOJONEGORO,BOJONEGORO,NGROWO,BOJONEGORO
11572244193,,ODP-BJN-FP/100,-7.162133,111.860287,,,0,8,0,0,8,REGIONAL 5,MADIUN,BOJONEGORO,BJN,,,2024-06-08 23:21:32,45450,2024,6,NON TITO,,,JAWA TIMUR,1.0,RED,1440273799,AREA 3,JATIM,LAMONGAN,TUBAN BOJONEGORO,,,0,0,0,JAWA TIMUR,BOJONEGORO,TRUCUK,TULUNGREJO,BOJONEGORO
11572244199,,ODP-BJN-FP/99,-7.160949,111.859426,,,0,8,0,0,8,REGIONAL 5,MADIUN,BOJONEGORO,BJN,,,2024-06-08 23:21:37,45450,2024,6,NON TITO,,,JAWA TIMUR,1.0,RED,1440273803,AREA 3,JATIM,LAMONGAN,TUBAN BOJONEGORO,,,0,0,0,JAWA TIMUR,BOJONEGORO,TRUCUK,TULUNGREJO,BOJONEGORO
7288019314,,ODP-SMJ-FJ/22,-7.295369,111.954613,,,0,8,0,0,8,REGIONAL 5,MADIUN,BOJONEGORO,SMJ,,,2024-03-16 23:26:09,44411,2021,8,NON TITO,,,JAWA TIMUR,1.0,RED,957280820,AREA 3,JATIM,LAMONGAN,TUBAN BOJONEGORO,,,0,0,0,JAWA TIMUR,BOJONEGORO,SUGIHWARAS,GLAGAHWANGI,BOJONEGORO
7347043555,,ODP-BJN-FC/63,-7.14213,111.90205,,,0,8,0,0,8,REGIONAL 5,MADIUN,BOJONEGORO,BJN,,,2024-03-16 23:21:59,44413,2021,8,NON TITO,,,JAWA TIMUR,1.0,RED,959295078,AREA 3,JATIM,LAMONGAN,TUBAN BOJONEGORO,,,0,0,0,JAWA TIMUR,BOJONEGORO,BOJONEGORO,CAMPURJO,BOJONEGORO
7347043560,,ODP-BJN-FC/55,-7.134428,111.928192,,,0,8,0,0,8,REGIONAL 5,MADIUN,BOJONEGORO,BJN,,,2024-03-16 23:21:44,44413,2021,8,NON TITO,,,JAWA TIMUR,1.0,RED,959295083,AREA 3,JATIM,LAMONGAN,TUBAN BOJONEGORO,,,0,0,0,JAWA TIMUR,BOJONEGORO,BOJONEGORO,KALIREJO,BOJONEGORO
786119010,,ODP-BJN-FN/11,-7.158432,111.881797,,,0,16,0,0,16,REGIONAL 5,MADIUN,BOJONEGORO,BJN,,,2024-03-16 23:24:37,42586,2016,8,NON TITO,,,JAWA TIMUR,1.0,RED,34100021,AREA 3,JATIM,LAMONGAN,TUBAN BOJONEGORO,,,0,0,0,JAWA TIMUR,BOJONEGORO,BOJONEGORO,SUMBANG,BOJONEGORO
3712844069,,ODP-SMJ-FQ/34,-7.149261,112.005135,,,0,8,0,0,8,REGIONAL 5,MADIUN,BOJONEGORO,SMJ,,,2024-12-19 17:45:41,43657,2019,7,NON TITO,,,JAWA TIMUR,1.0,RED,638193829,AREA 3,JATIM,LAMONGAN,TUBAN BOJONEGORO,,,0,0,0,JAWA TIMUR,BOJONEGORO,KANOR,SIMBATAN,BOJONEGORO
7347043570,,ODP-BJN-FC/59,-7.139786,111.912382,,,0,8,0,0,8,REGIONAL 5,MADIUN,BOJONEGORO,BJN,,,2024-03-16 23:22:23,44413,2021,8,NON TITO,,,JAWA TIMUR,1.0,RED,959295091,AREA 3,JATIM,LAMONGAN,TUBAN BOJONEGORO,,,0,0,0,JAWA TIMUR,BOJONEGORO,BOJONEGORO,MULYOAGUNG,BOJONEGORO
3712844064,,ODP-SMJ-FQ/36,-7.155177,112.003781,,,0,8,0,0,8,REGIONAL 5,MADIUN,BOJONEGORO,SMJ,,,2024-12-19 17:46:32,43657,2019,7,NON TITO,,,JAWA TIMUR,1.0,RED,638193821,AREA 3,JATIM,LAMONGAN,TUBAN BOJONEGORO,,,0,0,0,JAWA TIMUR,BOJONEGORO,KANOR,PESEN,BOJONEGORO
7347043590,,ODP-BJN-FC/54,-7.139692,111.92989,,,0,8,0,0,8,REGIONAL 5,MADIUN,BOJONEGORO,BJN,,,2024-03-16 23:22:00,44413,2021,8,NON TITO,,,JAWA TIMUR,1.0,RED,959295104,AREA 3,JATIM,LAMONGAN,TUBAN BOJONEGORO,,,0,0,0,JAWA TIMUR,BOJONEGORO,BOJONEGORO,KALIREJO,BOJONEGORO
7347043595,,ODP-BJN-FC/56,-7.134253,111.925908,,,0,8,0,0,8,REGIONAL 5,MADIUN,BOJONEGORO,BJN,,,2024-03-16 23:22:18,44413,2021,8,NON TITO,,,JAWA TIMUR,1.0,RED,959295108,AREA 3,JATIM,LAMONGAN,TUBAN BOJONEGORO,,,0,0,0,JAWA TIMUR,BOJONEGORO,BOJONEGORO,KALIREJO,BOJONEGORO
7114018576,,ODP-BJN-FZ/62,-7.132143,111.881331,,,0,8,0,0,8,REGIONAL 5,MADIUN,BOJONEGORO,BJN,,,2024-03-16 23:25:08,44387,2021,7,NON TITO,,,JAWA TIMUR,1.0,RED,947052765,AREA 3,JATIM,LAMONGAN,TUBAN BOJONEGORO,,,0,0,0,JAWA TIMUR,BOJONEGORO,TRUCUK,BANJARSARI,BOJONEGORO
8086243694,,ODP-BJN-FN/70,-7.153679,111.879785,,,0,8,0,0,8,REGIONAL 5,MADIUN,BOJONEGORO,BJN,,,2024-03-16 23:26:44,44512,2021,11,NON TITO,,,JAWA TIMUR,1.0,RED,1114872808,AREA 3,JATIM,LAMONGAN,TUBAN BOJONEGORO,,,0,0,0,JAWA TIMUR,BOJONEGORO,BOJONEGORO,KLANGON,BOJONEGORO
8086393839,,ODP-BJN-FE/100,-7.177819,111.897232,,,0,8,0,0,8,REGIONAL 5,MADIUN,BOJONEGORO,BJN,,,2024-03-16 23:24:12,44512,2021,11,NON TITO,,,JAWA TIMUR,1.0,RED,1114872928,AREA 3,JATIM,LAMONGAN,TUBAN BOJONEGORO,,,0,0,0,JAWA TIMUR,BOJONEGORO,KAPAS,KALIANYAR,BOJONEGORO
10005643802,,ODP-PAZ-FD/52,-7.241482,111.540372,,,0,8,0,0,8,REGIONAL 5,MADIUN,BOJONEGORO,PAD,,,2024-03-16 23:22:46,45005,2023,3,NON TITO,,,JAWA TIMUR,1.0,RED,1278842499,AREA 3,JATIM,LAMONGAN,TUBAN BOJONEGORO,,,0,0,0,JAWA TIMUR,BOJONEGORO,NGRAHO,KALIREJO,BOJONEGORO
11990821606,,ODP-BJN-FH/83,-7.138849,111.900121,,,0,8,0,0,8,REGIONAL 5,MADIUN,BOJONEGORO,BJN,,,2024-11-29 17:45:09,45624,2024,11,NON TITO,,,JAWA TIMUR,1.0,RED,1495334480,AREA 3,JATIM,LAMONGAN,TUBAN BOJONEGORO,,,0,0,0,JAWA TIMUR,BOJONEGORO,BOJONEGORO,BANJAREJO,BOJONEGORO
786118987,,ODP-BJN-FN/10,-7.157158,111.881953,,,0,16,0,0,16,REGIONAL 5,MADIUN,BOJONEGORO,BJN,,,2024-03-16 23:24:47,42586,2016,8,NON TITO,,,JAWA TIMUR,1.0,RED,34247068,AREA 3,JATIM,LAMONGAN,TUBAN BOJONEGORO,,,0,0,0,JAWA TIMUR,BOJONEGORO,BOJONEGORO,SUMBANG,BOJONEGORO
8358493881,,ODP-BJN-FJ/99,-7.146151,111.873305,,,0,8,0,0,8,REGIONAL 5,MADIUN,BOJONEGORO,BJN,,,2024-03-16 23:29:06,44579,2022,1,NON TITO,,,JAWA TIMUR,1.0,RED,1165074008,AREA 3,JATIM,LAMONGAN,TUBAN BOJONEGORO,,,0,0,0,JAWA TIMUR,BOJONEGORO,BOJONEGORO,KAUMAN,BOJONEGORO
8358493886,,ODP-BJN-FJ/96,-7.153017,111.873077,,,0,8,0,0,8,REGIONAL 5,MADIUN,BOJONEGORO,BJN,,,2024-03-16 23:29:05,44579,2022,1,NON TITO,,,JAWA TIMUR,1.0,RED,1165074011,AREA 3,JATIM,LAMONGAN,TUBAN BOJONEGORO,,,0,0,0,JAWA TIMUR,BOJONEGORO,BOJONEGORO,KLANGON,BOJONEGORO
9739768789,,ODP-BJN-FC/68,-7.147463,111.928771,,,0,8,0,0,8,REGIONAL 5,MADIUN,BOJONEGORO,BJN,,,2024-03-16 23:24:48,44942,2023,1,NON TITO,,,JAWA TIMUR,1.0,RED,1262200372,AREA 3,JATIM,LAMONGAN,TUBAN BOJONEGORO,,,0,0,0,JAWA TIMUR,BOJONEGORO,BOJONEGORO,KALIREJO,BOJONEGORO
8358493896,,ODP-BJN-FJ/97,-7.151308,111.872295,,,0,8,0,0,8,REGIONAL 5,MADIUN,BOJONEGORO,BJN,,,2024-03-16 23:29:08,44579,2022,1,NON TITO,,,JAWA TIMUR,1.0,RED,1165074018,AREA 3,JATIM,LAMONGAN,TUBAN BOJONEGORO,,,0,0,0,JAWA TIMUR,BOJONEGORO,BOJONEGORO,KAUMAN,BOJONEGORO
8357743623,,ODP-BJN-FBK/28,-7.245703,111.76737,,,0,8,0,0,8,REGIONAL 5,MADIUN,BOJONEGORO,BJN,,,2024-03-16 23:22:05,44580,2022,1,NON TITO,,,JAWA TIMUR,1.0,RED,1165079286,AREA 3,JATIM,LAMONGAN,TUBAN BOJONEGORO,,,0,0,0,JAWA TIMUR,BOJONEGORO,NGASEM,NGASEM,BOJONEGORO
11575318943,,ODP-KDU-FA/72,-7.124401,111.752263,,,0,8,0,0,8,REGIONAL 5,MADIUN,BOJONEGORO,KDU,,,2024-06-20 23:41:53,45463,2024,6,NON TITO,,,JAWA TIMUR,1.0,RED,1443113196,AREA 3,JATIM,LAMONGAN,TUBAN BOJONEGORO,,,0,0,0,JAWA TIMUR,BOJONEGORO,KALITIDU,TALOK,BOJONEGORO
11991569727,,ODP-BJN-FX/97,-7.156315,111.898789,,,0,8,0,0,8,REGIONAL 5,MADIUN,BOJONEGORO,BJN,,,2024-11-26 17:31:48,45621,2024,11,NON TITO,,,JAWA TIMUR,1.0,RED,1495388874,AREA 3,JATIM,LAMONGAN,TUBAN BOJONEGORO,,,0,0,0,JAWA TIMUR,BOJONEGORO,BOJONEGORO,NGROWO,BOJONEGORO
8365918795,,ODP-SMJ-FJ/24,-7.273647,111.952513,,,0,8,0,0,8,REGIONAL 5,MADIUN,BOJONEGORO,SMJ,,,2024-03-16 23:27:08,44581,2022,1,NON TITO,,,JAWA TIMUR,1.0,RED,1165093614,AREA 3,JATIM,LAMONGAN,TUBAN BOJONEGORO,,,0,0,0,JAWA TIMUR,BOJONEGORO,SUKOSEWU,SITIAJI,BOJONEGORO
11995393579,,ODP-KDU-FF/54,-7.118812,111.729076,,,0,8,0,0,8,REGIONAL 5,MADIUN,BOJONEGORO,KDU,,,2024-11-26 17:31:48,45621,2024,11,NON TITO,,,JAWA TIMUR,1.0,RED,1495318068,AREA 3,JATIM,LAMONGAN,TUBAN BOJONEGORO,,,0,0,0,JAWA TIMUR,BOJONEGORO,KALITIDU,MLATEN,BOJONEGORO
8371393565,,ODP-SMJ-FC/19,-7.096236,112.035634,,,0,8,0,0,8,REGIONAL 5,MADIUN,BOJONEGORO,SMJ,,,2024-03-16 23:28:40,44582,2022,1,NON TITO,,,JAWA TIMUR,1.0,RED,1165095276,AREA 3,JATIM,LAMONGAN,TUBAN BOJONEGORO,,,0,0,0,JAWA TIMUR,BOJONEGORO,KANOR,PRIGI,BOJONEGORO
8367793772,,ODP-BJN-FJ/101,-7.140459,111.872151,,,0,8,0,0,8,REGIONAL 5,MADIUN,BOJONEGORO,BJN,,,2024-03-16 23:28:59,44582,2022,1,NON TITO,,,JAWA TIMUR,1.0,RED,1165096116,AREA 3,JATIM,LAMONGAN,TUBAN BOJONEGORO,,,0,0,0,JAWA TIMUR,BOJONEGORO,TRUCUK,TRUCUK,BOJONEGORO
9735119851,,ODP-SMJ-FJ/30,-7.297969,111.954103,,,0,8,0,0,8,REGIONAL 5,MADIUN,BOJONEGORO,SMJ,,,2024-03-16 23:26:32,44938,2023,1,NON TITO,,,JAWA TIMUR,1.0,RED,1261760669,AREA 3,JATIM,LAMONGAN,TUBAN BOJONEGORO,,,0,0,0,JAWA TIMUR,BOJONEGORO,SUGIHWARAS,GLAGAHWANGI,BOJONEGORO
8344018985,,ODP-BJN-FP/93,-7.163857,111.88296,,,0,8,0,0,8,REGIONAL 5,MADIUN,BOJONEGORO,BJN,,,2024-03-16 23:29:03,44574,2022,1,NON TITO,,,JAWA TIMUR,1.0,RED,1165038692,AREA 3,JATIM,LAMONGAN,TUBAN BOJONEGORO,,,0,0,0,JAWA TIMUR,BOJONEGORO,BOJONEGORO,SUKOREJO,BOJONEGORO
11906068802,,ODP-KDU-FC/55,-7.133498,111.795351,,,0,8,0,0,8,REGIONAL 5,MADIUN,BOJONEGORO,KDU,,,2024-11-09 17:58:18,45604,2024,11,NON TITO,,,JAWA TIMUR,1.0,RED,1485868060,AREA 3,JATIM,LAMONGAN,TUBAN BOJONEGORO,,,0,0,0,JAWA TIMUR,BOJONEGORO,KALITIDU,MOJOSARI,BOJONEGORO
645869039,,ODP-BJN-FD/23,-7.165273,111.875252,,,0,8,0,0,8,REGIONAL 5,MADIUN,BOJONEGORO,BJN,,,2024-03-16 23:28:07,42524,2016,6,NON TITO,,,JAWA TIMUR,1.0,RED,33400119,AREA 3,JATIM,LAMONGAN,TUBAN BOJONEGORO,,,0,0,0,JAWA TIMUR,BOJONEGORO,BOJONEGORO,SUMBANG,BOJONEGORO
8368243790,,ODP-SMJ-FC/22,-7.119242,112.014117,,,0,8,0,0,8,REGIONAL 5,MADIUN,BOJONEGORO,SMJ,,,2024-03-16 23:27:05,44582,2022,1,NON TITO,,,JAWA TIMUR,1.0,RED,1165097436,AREA 3,JATIM,LAMONGAN,TUBAN BOJONEGORO,,,0,0,0,JAWA TIMUR,BOJONEGORO,KANOR,TAMBAHREJO,BOJONEGORO
8378594230,,ODP-BJN-FBN/39,-7.101033,111.879941,,,0,8,0,0,8,REGIONAL 5,MADIUN,BOJONEGORO,BJN,,,2024-03-16 23:27:11,44586,2022,1,NON TITO,,,JAWA TIMUR,1.0,RED,1165119329,AREA 3,JATIM,LAMONGAN,TUBAN BOJONEGORO,,,0,0,0,JAWA TIMUR,TUBAN,PARENGAN,SUGIHWARAS,BOJONEGORO
8386168730,,ODP-BJN-FH/74,-7.141344,111.894786,,,0,8,0,0,8,REGIONAL 5,MADIUN,BOJONEGORO,BJN,,,2024-03-16 23:29:17,44587,2022,1,NON TITO,,,JAWA TIMUR,1.0,RED,1165127759,AREA 3,JATIM,LAMONGAN,TUBAN BOJONEGORO,,,0,0,0,JAWA TIMUR,BOJONEGORO,BOJONEGORO,BANJAREJO,BOJONEGORO
11906068792,,ODP-KDU-FC/54,-7.133153,111.794121,,,0,8,0,0,8,REGIONAL 5,MADIUN,BOJONEGORO,KDU,,,2024-11-09 17:54:54,45604,2024,11,NON TITO,,,JAWA TIMUR,1.0,RED,1485868053,AREA 3,JATIM,LAMONGAN,TUBAN BOJONEGORO,,,0,0,0,JAWA TIMUR,BOJONEGORO,KALITIDU,MOJOSARI,BOJONEGORO
8386168747,,ODP-PAZ-FL/12,-7.189749,111.594018,,,0,8,0,0,8,REGIONAL 5,MADIUN,BOJONEGORO,PAD,,,2024-03-16 23:29:18,44587,2022,1,NON TITO,,,JAWA TIMUR,1.0,RED,1165127771,AREA 3,JATIM,LAMONGAN,TUBAN BOJONEGORO,,,0,0,0,JAWA TIMUR,BOJONEGORO,PADANGAN,PURWOREJO,BOJONEGORO
8385795165,,ODP-PAZ-FM/09,-7.245296,111.706814,,,0,8,0,0,8,REGIONAL 5,MADIUN,BOJONEGORO,PAD,,,2024-03-16 23:26:41,44588,2022,1,NON TITO,,,JAWA TIMUR,1.0,RED,1165138119,AREA 3,JATIM,LAMONGAN,TUBAN BOJONEGORO,,,0,0,0,JAWA TIMUR,BOJONEGORO,PURWOSARI,PELEM,BOJONEGORO
645869058,,ODP-BJN-FD/26,-7.166479,111.875082,,,0,16,0,0,16,REGIONAL 5,MADIUN,BOJONEGORO,BJN,,,2024-03-16 23:28:16,42524,2016,6,NON TITO,,,JAWA TIMUR,1.0,RED,33400142,AREA 3,JATIM,LAMONGAN,TUBAN BOJONEGORO,,,0,0,0,JAWA TIMUR,BOJONEGORO,BOJONEGORO,SUMBANG,BOJONEGORO
9753268763,,ODP-BJN-FBN/50,-7.087837,111.851182,,,0,8,0,0,8,REGIONAL 5,MADIUN,BOJONEGORO,BJN,,,2024-03-16 23:27:41,44936,2023,1,NON TITO,,,JAWA TIMUR,1.0,RED,1261686558,AREA 3,JATIM,LAMONGAN,TUBAN BOJONEGORO,,,0,0,0,JAWA TIMUR,TUBAN,PARENGAN,PARANGBATU,BOJONEGORO
9682845132,,ODP-PAZ-FT/08,-7.264071,111.598616,,,0,8,0,0,8,REGIONAL 5,MADIUN,BOJONEGORO,PAD,,,2024-03-16 23:24:38,44916,2022,12,NON TITO,,,JAWA TIMUR,1.0,RED,1256494054,AREA 3,JATIM,LAMONGAN,TUBAN BOJONEGORO,,,0,0,0,JAWA TIMUR,BOJONEGORO,TAMBAKREJO,SUKOREJO,BOJONEGORO
11629543675,,ODP-KDU-FA/75,-7.130282,111.767343,,,0,8,0,0,8,REGIONAL 5,MADIUN,BOJONEGORO,KDU,,,2024-07-18 17:53:24,45490,2024,7,NON TITO,,,JAWA TIMUR,1.0,RED,1445969670,AREA 3,JATIM,LAMONGAN,TUBAN BOJONEGORO,,,0,0,0,JAWA TIMUR,BOJONEGORO,KALITIDU,PANJUNAN,BOJONEGORO
805093538,,ODP-BJN-FJ/07,-7.146089,111.872047,,,0,8,0,0,8,REGIONAL 5,MADIUN,BOJONEGORO,BJN,,,2024-03-16 23:27:59,42598,2016,8,NON TITO,,,JAWA TIMUR,1.0,RED,34280686,AREA 3,JATIM,LAMONGAN,TUBAN BOJONEGORO,,,0,0,0,JAWA TIMUR,BOJONEGORO,BOJONEGORO,KAUMAN,BOJONEGORO
8392393659,,ODP-BJN-FL/97,-7.167362,111.862967,,,0,8,0,0,8,REGIONAL 5,MADIUN,BOJONEGORO,BJN,,,2024-03-16 23:22:37,44589,2022,1,NON TITO,,,JAWA TIMUR,1.0,RED,1165152331,AREA 3,JATIM,LAMONGAN,TUBAN BOJONEGORO,,,0,0,0,JAWA TIMUR,BOJONEGORO,BOJONEGORO,JETAK,BOJONEGORO
8401393566,,ODP-BJN-FE/107,-7.162595,111.904432,,,0,8,0,0,8,REGIONAL 5,MADIUN,BOJONEGORO,BJN,,,2024-03-16 23:28:53,44592,2022,1,NON TITO,,,JAWA TIMUR,1.0,RED,1165165181,AREA 3,JATIM,LAMONGAN,TUBAN BOJONEGORO,,,0,0,0,JAWA TIMUR,BOJONEGORO,KAPAS,NGAMPEL,BOJONEGORO
946543663,,ODP-BJN-FU/26,-7.181824,111.866676,,,0,8,0,0,8,REGIONAL 5,MADIUN,BOJONEGORO,BJN,,,2024-03-16 23:28:08,42637,2016,9,NON TITO,,,JAWA TIMUR,1.0,RED,36044585,AREA 3,JATIM,LAMONGAN,TUBAN BOJONEGORO,,,0,0,0,JAWA TIMUR,BOJONEGORO,DANDER,NGUMPAK DALEM,BOJONEGORO
9734972206,,ODP-BJN-FN/76,-7.155043,111.876484,,,0,8,0,0,8,REGIONAL 5,MADIUN,BOJONEGORO,BJN,,,2024-03-16 23:22:36,44943,2023,1,NON TITO,,,JAWA TIMUR,1.0,RED,1262283511,AREA 3,JATIM,LAMONGAN,TUBAN BOJONEGORO,,,0,0,0,JAWA TIMUR,BOJONEGORO,BOJONEGORO,KLANGON,BOJONEGORO
8322572545,,ODP-BJN-FU/89,-7.18002,111.865909,,,0,8,0,0,8,REGIONAL 5,MADIUN,BOJONEGORO,BJN,,,2024-03-16 23:22:43,44568,2022,1,NON TITO,,,JAWA TIMUR,1.0,RED,1164379137,AREA 3,JATIM,LAMONGAN,TUBAN BOJONEGORO,,,0,0,0,JAWA TIMUR,BOJONEGORO,DANDER,SUMBER TLASEH,BOJONEGORO
9734523324,,ODP-BJN-FX/89,-7.152353,111.902346,,,0,8,0,0,8,REGIONAL 5,MADIUN,BOJONEGORO,BJN,,,2024-03-16 23:23:37,44944,2023,1,NON TITO,,,JAWA TIMUR,1.0,RED,1262291724,AREA 3,JATIM,LAMONGAN,TUBAN BOJONEGORO,,,0,0,0,JAWA TIMUR,BOJONEGORO,BOJONEGORO,CAMPURJO,BOJONEGORO
12006419039,,ODP-PAZ-FE/56,-7.169433,111.664768,,,0,8,0,0,8,REGIONAL 5,MADIUN,BOJONEGORO,PAD,,,2024-12-12 06:37:39,45637,2024,12,NON TITO,,,JAWA TIMUR,1.0,RED,1495484195,AREA 3,JATIM,LAMONGAN,TUBAN BOJONEGORO,,,0,0,0,JAWA TIMUR,BOJONEGORO,GAYAM,BEGED,BOJONEGORO
8086393856,,ODP-BJN-FE/105,-7.171807,111.899678,,,0,8,0,0,8,REGIONAL 5,MADIUN,BOJONEGORO,BJN,,,2024-03-16 23:24:12,44512,2021,11,NON TITO,,,JAWA TIMUR,1.0,RED,1114872938,AREA 3,JATIM,LAMONGAN,TUBAN BOJONEGORO,,,0,0,0,JAWA TIMUR,BOJONEGORO,KAPAS,KALIANYAR,BOJONEGORO
9977220033,,ODP-KDU-FB/33,-7.170562,111.780029,,,0,8,0,0,8,REGIONAL 5,MADIUN,BOJONEGORO,KDU,,,2024-03-16 23:23:23,45000,2023,3,NON TITO,,,JAWA TIMUR,1.0,RED,1277868137,AREA 3,JATIM,LAMONGAN,TUBAN BOJONEGORO,,,0,0,0,JAWA TIMUR,BOJONEGORO,NGASEM,WADANG,BOJONEGORO
628545092,,ODP-BJN-FD/14,-7.164207,111.875862,,,0,16,0,0,16,REGIONAL 5,MADIUN,BOJONEGORO,BJN,,,2024-03-16 23:26:59,42520,2016,5,NON TITO,,,JAWA TIMUR,1.0,RED,33382759,AREA 3,JATIM,LAMONGAN,TUBAN BOJONEGORO,,,0,0,0,JAWA TIMUR,BOJONEGORO,BOJONEGORO,SUMBANG,BOJONEGORO
11575245540,,ODP-BJN-FH/82,-7.138856,111.900192,,,0,8,0,0,8,REGIONAL 5,MADIUN,BOJONEGORO,BJN,,,2024-06-13 23:27:42,45455,2024,6,NON TITO,,,JAWA TIMUR,1.0,RED,1442064969,AREA 3,JATIM,LAMONGAN,TUBAN BOJONEGORO,,,0,0,0,JAWA TIMUR,BOJONEGORO,BOJONEGORO,BANJAREJO,BOJONEGORO
8086469108,,ODP-PAZ-FN/06,-7.286509,111.725279,,,0,8,0,0,8,REGIONAL 5,MADIUN,BOJONEGORO,PAD,,,2024-03-16 23:26:32,44512,2021,11,NON TITO,,,JAWA TIMUR,1.0,RED,1114873019,AREA 3,JATIM,LAMONGAN,TUBAN BOJONEGORO,,,0,0,0,JAWA TIMUR,BOJONEGORO,NGAMBON,NGAMBON,BOJONEGORO
8086469113,,ODP-PAZ-FN/05,-7.287973,111.72522,,,0,8,0,0,8,REGIONAL 5,MADIUN,BOJONEGORO,PAD,,,2024-03-16 23:26:26,44512,2021,11,NON TITO,,,JAWA TIMUR,1.0,RED,1114873023,AREA 3,JATIM,LAMONGAN,TUBAN BOJONEGORO,,,0,0,0,JAWA TIMUR,BOJONEGORO,NGAMBON,NGAMBON,BOJONEGORO
8086469118,,ODP-PAZ-FN/02,-7.294991,111.723842,,,0,8,0,0,8,REGIONAL 5,MADIUN,BOJONEGORO,PAD,,,2024-03-16 23:26:18,44512,2021,11,NON TITO,,,JAWA TIMUR,1.0,RED,1114873029,AREA 3,JATIM,LAMONGAN,TUBAN BOJONEGORO,,,0,0,0,JAWA TIMUR,BOJONEGORO,NGAMBON,NGAMBON,BOJONEGORO
9896444948,,ODP-PAZ-FA/28,-7.158972,111.614698,,,0,8,0,0,8,REGIONAL 5,MADIUN,BOJONEGORO,PAD,,,2024-03-16 23:27:00,44979,2023,2,NON TITO,,,JAWA TIMUR,1.0,RED,1268402642,AREA 3,JATIM,LAMONGAN,TUBAN BOJONEGORO,,,0,0,0,JAWA TIMUR,BOJONEGORO,PADANGAN,PADANGAN,BOJONEGORO
787694510,,ODP-BJN-FN/15,-7.157125,111.879759,,,0,8,0,0,8,REGIONAL 5,MADIUN,BOJONEGORO,BJN,,,2024-03-16 23:25:30,42586,2016,8,NON TITO,,,JAWA TIMUR,1.0,RED,34100529,AREA 3,JATIM,LAMONGAN,TUBAN BOJONEGORO,,,0,0,0,JAWA TIMUR,BOJONEGORO,BOJONEGORO,SUMBANG,BOJONEGORO
8174668776,,ODP-PAZ-FN/07,-7.282897,111.724522,,,0,8,0,0,8,REGIONAL 5,MADIUN,BOJONEGORO,PAD,,,2024-03-16 23:27:00,44523,2021,11,NON TITO,,,JAWA TIMUR,1.0,RED,1134346474,AREA 3,JATIM,LAMONGAN,TUBAN BOJONEGORO,,,0,0,0,JAWA TIMUR,BOJONEGORO,NGAMBON,NGAMBON,BOJONEGORO
9804194164,,ODP-SMJ-FD/24,-7.147878,112.017304,,,0,8,0,0,8,REGIONAL 5,MADIUN,BOJONEGORO,SMJ,,,2024-03-16 23:27:19,44953,2023,1,NON TITO,,,JAWA TIMUR,1.0,RED,1265063882,AREA 3,JATIM,LAMONGAN,TUBAN BOJONEGORO,,,0,0,0,JAWA TIMUR,BOJONEGORO,KANOR,PALEMBON,BOJONEGORO
8203168639,,ODP-PAZ-FS/04,-7.214662,111.65871,,,0,8,0,0,8,REGIONAL 5,MADIUN,BOJONEGORO,PAD,,,2024-03-16 23:22:19,44527,2021,11,NON TITO,,,JAWA TIMUR,1.0,RED,1142673571,AREA 3,JATIM,LAMONGAN,TUBAN BOJONEGORO,,,0,0,0,JAWA TIMUR,BOJONEGORO,PURWOSARI,KUNIRAN,BOJONEGORO
11575469022,,ODP-SMJ-FD/35,-7.149445,112.058683,,,0,8,0,0,8,REGIONAL 5,MADIUN,BOJONEGORO,SMJ,,,2024-06-20 23:38:20,45463,2024,6,NON TITO,,,JAWA TIMUR,1.0,RED,1443111393,AREA 3,JATIM,LAMONGAN,TUBAN BOJONEGORO,,,0,0,0,JAWA TIMUR,BOJONEGORO,BAURENO,BANJARANYAR,BOJONEGORO
9788293897,,ODP-BJN-FBK/34,-7.247604,111.768794,,,0,8,0,0,8,REGIONAL 5,MADIUN,BOJONEGORO,BJN,,,2024-03-16 23:23:50,44950,2023,1,NON TITO,,,JAWA TIMUR,1.0,RED,1264985730,AREA 3,JATIM,LAMONGAN,TUBAN BOJONEGORO,,,0,0,0,JAWA TIMUR,BOJONEGORO,NGASEM,NGASEM,BOJONEGORO
8203168653,,ODP-PAZ-FS/02,-7.224315,111.654707,,,0,8,0,0,8,REGIONAL 5,MADIUN,BOJONEGORO,PAD,,,2024-03-16 23:22:19,44527,2021,11,NON TITO,,,JAWA TIMUR,1.0,RED,1142673579,AREA 3,JATIM,LAMONGAN,TUBAN BOJONEGORO,,,0,0,0,JAWA TIMUR,BOJONEGORO,PURWOSARI,KUNIRAN,BOJONEGORO
8203168658,,ODP-PAZ-FS/03,-7.221164,111.655618,,,0,8,0,0,8,REGIONAL 5,MADIUN,BOJONEGORO,PAD,,,2024-03-16 23:22:19,44527,2021,11,NON TITO,,,JAWA TIMUR,1.0,RED,1142673582,AREA 3,JATIM,LAMONGAN,TUBAN BOJONEGORO,,,0,0,0,JAWA TIMUR,BOJONEGORO,PURWOSARI,KUNIRAN,BOJONEGORO
8265493913,,ODP-PAZ-FK/11,-7.151282,111.612383,,,0,8,0,0,8,REGIONAL 5,MADIUN,BOJONEGORO,PAD,,,2024-03-16 23:23:24,44550,2021,12,NON TITO,,,JAWA TIMUR,1.0,RED,1163823488,AREA 3,JATIM,LAMONGAN,TUBAN BOJONEGORO,,,0,0,0,JAWA TIMUR,BOJONEGORO,PADANGAN,PADANGAN,BOJONEGORO
11575318938,,ODP-KDU-FA/73,-7.125724,111.755137,,,0,8,0,0,8,REGIONAL 5,MADIUN,BOJONEGORO,KDU,,,2024-06-20 23:41:54,45463,2024,6,NON TITO,,,JAWA TIMUR,1.0,RED,1443113193,AREA 3,JATIM,LAMONGAN,TUBAN BOJONEGORO,,,0,0,0,JAWA TIMUR,BOJONEGORO,KALITIDU,BRENGGOLO,BOJONEGORO
8242093888,,ODP-BJN-FBK/27,-7.247901,111.768256,,,0,8,0,0,8,REGIONAL 5,MADIUN,BOJONEGORO,BJN,,,2024-03-16 23:26:53,44543,2021,12,NON TITO,,,JAWA TIMUR,1.0,RED,1162621675,AREA 3,JATIM,LAMONGAN,TUBAN BOJONEGORO,,,0,0,0,JAWA TIMUR,BOJONEGORO,NGASEM,NGASEM,BOJONEGORO
8241943729,,ODP-PAZ-FS/10,-7.217832,111.656719,,,0,8,0,0,8,REGIONAL 5,MADIUN,BOJONEGORO,PAD,,,2024-03-16 23:22:26,44537,2021,12,NON TITO,,,JAWA TIMUR,1.0,RED,1161872236,AREA 3,JATIM,LAMONGAN,TUBAN BOJONEGORO,,,0,0,0,JAWA TIMUR,BOJONEGORO,PURWOSARI,KUNIRAN,BOJONEGORO
11575469032,,ODP-SMJ-FD/36,-7.152196,112.058217,,,0,8,0,0,8,REGIONAL 5,MADIUN,BOJONEGORO,SMJ,,,2024-06-20 23:38:26,45463,2024,6,NON TITO,,,JAWA TIMUR,1.0,RED,1443111399,AREA 3,JATIM,LAMONGAN,TUBAN BOJONEGORO,,,0,0,0,JAWA TIMUR,BOJONEGORO,BAURENO,BANJARANYAR,BOJONEGORO
8238043710,,ODP-BJN-FU/87,-7.197766,111.858853,,,0,8,0,0,8,REGIONAL 5,MADIUN,BOJONEGORO,BJN,,,2024-03-16 23:27:57,44536,2021,12,NON TITO,,,JAWA TIMUR,1.0,RED,1161723437,AREA 3,JATIM,LAMONGAN,TUBAN BOJONEGORO,,,0,0,0,JAWA TIMUR,BOJONEGORO,DANDER,NGUMPAK DALEM,BOJONEGORO
8393743719,,ODP-PAZ-FN/08,-7.263675,111.70826,,,0,8,0,0,8,REGIONAL 5,MADIUN,BOJONEGORO,PAD,,,2024-03-16 23:24:15,44592,2022,1,NON TITO,,,JAWA TIMUR,1.0,RED,1165166666,AREA 3,JATIM,LAMONGAN,TUBAN BOJONEGORO,,,0,0,0,JAWA TIMUR,BOJONEGORO,TAMBAKREJO,MULYOREJO,BOJONEGORO
781468734,,ODP-BJN-FL/06,-7.163324,111.855078,,,0,8,0,0,8,REGIONAL 5,MADIUN,BOJONEGORO,BJN,,,2024-03-16 23:24:18,42585,2016,8,NON TITO,,,JAWA TIMUR,1.0,RED,34238830,AREA 3,JATIM,LAMONGAN,TUBAN BOJONEGORO,,,0,0,0,JAWA TIMUR,BOJONEGORO,BOJONEGORO,JETAK,BOJONEGORO
9807193547,,ODP-PAZ-FE/44,-7.17502,111.662682,,,0,8,0,0,8,REGIONAL 5,MADIUN,BOJONEGORO,PAD,,,2024-03-16 23:24:37,44950,2023,1,NON TITO,,,JAWA TIMUR,1.0,RED,1264985573,AREA 3,JATIM,LAMONGAN,TUBAN BOJONEGORO,,,0,0,0,JAWA TIMUR,BOJONEGORO,PURWOSARI,PURWOSARI,BOJONEGORO
12007618880,,ODP-BJN-FBQ/16,-7.188654,111.953951,,,0,8,0,0,8,REGIONAL 5,MADIUN,BOJONEGORO,BJN,,,2024-12-11 17:36:21,45635,2024,12,NON TITO,,,JAWA TIMUR,1.0,RED,1495426633,AREA 3,JATIM,LAMONGAN,TUBAN BOJONEGORO,,,0,0,0,JAWA TIMUR,BOJONEGORO,BALEN,SOBONTORO,BOJONEGORO
8185544429,,ODP-PAZ-FS/09,-7.196483,111.663074,,,0,8,0,0,8,REGIONAL 5,MADIUN,BOJONEGORO,PAD,,,2024-03-16 23:28:13,44529,2021,11,NON TITO,,,JAWA TIMUR,1.0,RED,1145671526,AREA 3,JATIM,LAMONGAN,TUBAN BOJONEGORO,,,0,0,0,JAWA TIMUR,BOJONEGORO,PURWOSARI,GAPLUK,BOJONEGORO
8168820187,,ODP-PAZ-FS/05,-7.208588,111.660328,,,0,8,0,0,8,REGIONAL 5,MADIUN,BOJONEGORO,PAD,,,2024-03-16 23:23:35,44529,2021,11,NON TITO,,,JAWA TIMUR,1.0,RED,1144695676,AREA 3,JATIM,LAMONGAN,TUBAN BOJONEGORO,,,0,0,0,JAWA TIMUR,BOJONEGORO,PURWOSARI,GAPLUK,BOJONEGORO
11575469027,,ODP-SMJ-FD/34,-7.147306,112.05877,,,0,8,0,0,8,REGIONAL 5,MADIUN,BOJONEGORO,SMJ,,,2024-06-20 23:38:27,45463,2024,6,NON TITO,,,JAWA TIMUR,1.0,RED,1443111396,AREA 3,JATIM,LAMONGAN,TUBAN BOJONEGORO,,,0,0,0,JAWA TIMUR,BOJONEGORO,BAURENO,BANJARANYAR,BOJONEGORO
8203168663,,ODP-PAZ-FS/06,-7.203259,111.661723,,,0,8,0,0,8,REGIONAL 5,MADIUN,BOJONEGORO,PAD,,,2024-03-16 23:22:21,44527,2021,11,NON TITO,,,JAWA TIMUR,1.0,RED,1142673585,AREA 3,JATIM,LAMONGAN,TUBAN BOJONEGORO,,,0,0,0,JAWA TIMUR,BOJONEGORO,PURWOSARI,GAPLUK,BOJONEGORO
640468535,,ODP-BJN-FD/16,-7.163921,111.874962,,,0,16,0,0,16,REGIONAL 5,MADIUN,BOJONEGORO,BJN,,,2024-03-16 23:27:49,42521,2016,5,NON TITO,,,JAWA TIMUR,1.0,RED,33385783,AREA 3,JATIM,LAMONGAN,TUBAN BOJONEGORO,,,0,0,0,JAWA TIMUR,BOJONEGORO,BOJONEGORO,SUMBANG,BOJONEGORO
12062893581,,ODP-BJN-FV/52,-7.150386,111.894797,,,0,8,0,0,8,REGIONAL 5,MADIUN,BOJONEGORO,BJN,,,2025-02-21 17:53:56,45708,2025,2,NON TITO,,,JAWA TIMUR,1.0,RED,1496119634,AREA 3,JATIM,LAMONGAN,TUBAN BOJONEGORO,,,0,0,0,JAWA TIMUR,BOJONEGORO,BOJONEGORO,NGROWO,BOJONEGORO
11379793556,,ODP-PAZ-FP/24,-7.135711,111.613444,,,0,8,0,0,8,REGIONAL 5,MADIUN,BOJONEGORO,PAD,,,2024-03-16 23:23:03,45350,2024,2,NON TITO,,,JAWA TIMUR,1.0,RED,1414031119,AREA 3,JATIM,LAMONGAN,TUBAN BOJONEGORO,,,0,0,0,JAWA TIMUR,BOJONEGORO,KASIMAN,NGAGLIK,BOJONEGORO
12060195050,,ODP-PAZ-FC/73,-7.164881,111.625797,,,0,8,0,0,8,REGIONAL 5,MADIUN,BOJONEGORO,PAD,,,2025-02-25 17:58:26,45712,2025,2,NON TITO,,,JAWA TIMUR,1.0,RED,1496157806,AREA 3,JATIM,LAMONGAN,TUBAN BOJONEGORO,,,0,0,0,JAWA TIMUR,BOJONEGORO,PADANGAN,NGRADIN,BOJONEGORO
2585294224,,ODP-SMJ-FA/46,-7.193923,111.955565,,,0,8,0,0,8,REGIONAL 5,MADIUN,BOJONEGORO,SMJ,,,2024-03-16 23:27:15,43251,2018,5,NON TITO,,,JAWA TIMUR,1.0,RED,356869000,AREA 3,JATIM,LAMONGAN,TUBAN BOJONEGORO,,,0,0,0,JAWA TIMUR,BOJONEGORO,BALEN,BALENREJO,BOJONEGORO
1049091770,,ODP-BJN-FV/24,-7.154662,111.896844,,,0,8,0,0,8,REGIONAL 5,MADIUN,BOJONEGORO,BJN,,,2024-03-16 23:23:35,42684,2016,11,NON TITO,,,JAWA TIMUR,1.0,RED,38519888,AREA 3,JATIM,LAMONGAN,TUBAN BOJONEGORO,,,0,0,0,JAWA TIMUR,BOJONEGORO,BOJONEGORO,NGROWO,BOJONEGORO
2585293931,,ODP-SMJ-FA/41,-7.193964,111.948176,,,0,8,0,0,8,REGIONAL 5,MADIUN,BOJONEGORO,SMJ,,,2024-03-16 23:26:42,43251,2018,5,NON TITO,,,JAWA TIMUR,1.0,RED,356868823,AREA 3,JATIM,LAMONGAN,TUBAN BOJONEGORO,,,0,0,0,JAWA TIMUR,BOJONEGORO,BALEN,SOBONTORO,BOJONEGORO
3709694110,,ODP-PAZ-FC/50,-7.149842,111.610586,,,0,8,0,0,8,REGIONAL 5,MADIUN,BOJONEGORO,PAD,,,2023-08-30 18:04:08,43655,2019,7,NON TITO,,,JAWA TIMUR,1.0,RED,638091117,AREA 3,JATIM,LAMONGAN,TUBAN BOJONEGORO,,,0,0,0,JAWA TIMUR,BOJONEGORO,PADANGAN,PADANGAN,BOJONEGORO
2585293671,,ODP-SMJ-FA/52,-7.190097,111.96899,,,0,8,0,0,8,REGIONAL 5,MADIUN,BOJONEGORO,SMJ,,,2024-03-16 23:27:00,43251,2018,5,NON TITO,,,JAWA TIMUR,1.0,RED,356868728,AREA 3,JATIM,LAMONGAN,TUBAN BOJONEGORO,,,0,0,0,JAWA TIMUR,BOJONEGORO,BALEN,MARGOMULYO,BOJONEGORO
2585293846,,ODP-SMJ-FA/53,-7.189565,111.97071,,,0,8,0,0,8,REGIONAL 5,MADIUN,BOJONEGORO,SMJ,,,2024-03-16 23:26:56,43251,2018,5,NON TITO,,,JAWA TIMUR,1.0,RED,356523773,AREA 3,JATIM,LAMONGAN,TUBAN BOJONEGORO,,,0,0,0,JAWA TIMUR,BOJONEGORO,BALEN,MARGOMULYO,BOJONEGORO
2595343536,,ODP-PAZ-FE/24,-7.188725,111.675036,,,0,8,0,0,8,REGIONAL 5,MADIUN,BOJONEGORO,PAD,,,2024-03-16 23:26:28,43254,2018,6,NON TITO,,,JAWA TIMUR,1.0,RED,357390618,AREA 3,JATIM,LAMONGAN,TUBAN BOJONEGORO,,,0,0,0,JAWA TIMUR,BOJONEGORO,PURWOSARI,POJOK,BOJONEGORO
12441720226,,ODP-PAZ-FV/02,-7.165199,111.652008,,,0,8,0,0,8,REGIONAL 5,MADIUN,BOJONEGORO,PAD,,,2025-11-10 17:36:25,45969,2025,11,NON TITO,,,JAWA TIMUR,1.0,RED,1502236617,AREA 3,JATIM,LAMONGAN,TUBAN BOJONEGORO,,,0,0,0,JAWA TIMUR,BOJONEGORO,KASIMAN,TEMBELING,BOJONEGORO
2568869405,,ODP-BJN-FL/56,-7.164074,111.870795,,,0,8,0,0,8,REGIONAL 5,MADIUN,BOJONEGORO,BJN,,,2024-03-16 23:23:26,43245,2018,5,NON TITO,,,JAWA TIMUR,1.0,RED,356341984,AREA 3,JATIM,LAMONGAN,TUBAN BOJONEGORO,,,0,0,0,JAWA TIMUR,BOJONEGORO,BOJONEGORO,JETAK,BOJONEGORO
1339244753,,ODP-SMJ-FG/18,-7.178652,111.996529,,,0,8,0,0,8,REGIONAL 5,MADIUN,BOJONEGORO,SMJ,,,2024-03-16 23:23:28,42824,2017,3,NON TITO,,,JAWA TIMUR,1.0,RED,81674553,AREA 3,JATIM,LAMONGAN,TUBAN BOJONEGORO,,,0,0,0,JAWA TIMUR,BOJONEGORO,SUMBEREJO,SUMURAGUNG,BOJONEGORO
408522505,,ODP-BJN-FV/05,-7.1529,111.8941,,,0,8,0,0,8,REGIONAL 5,MADIUN,BOJONEGORO,BJN,,,2024-03-16 23:24:39,42506,2016,5,NON TITO,,,JAWA TIMUR,1.0,RED,25412229,AREA 3,JATIM,LAMONGAN,TUBAN BOJONEGORO,,,0,0,0,JAWA TIMUR,BOJONEGORO,BOJONEGORO,NGROWO,BOJONEGORO
1339244910,,ODP-SMJ-FG/17,-7.179347,111.995413,,,0,8,0,0,8,REGIONAL 5,MADIUN,BOJONEGORO,SMJ,,,2024-03-16 23:23:02,42824,2017,3,NON TITO,,,JAWA TIMUR,1.0,RED,81674649,AREA 3,JATIM,LAMONGAN,TUBAN BOJONEGORO,,,0,0,0,JAWA TIMUR,BOJONEGORO,SUMBEREJO,SUMURAGUNG,BOJONEGORO
1356643705,,ODP-SMJ-FB/03,-7.151424,112.064662,,,0,8,0,0,8,REGIONAL 5,MADIUN,BOJONEGORO,SMJ,,,2024-03-16 23:25:39,42836,2017,4,NON TITO,,,JAWA TIMUR,1.0,RED,81720506,AREA 3,JATIM,LAMONGAN,TUBAN BOJONEGORO,,,0,0,0,JAWA TIMUR,BOJONEGORO,BAURENO,NGEMPLAK,BOJONEGORO
2568869065,,ODP-BJN-FL/71,-7.162773,111.871323,,,0,8,0,0,8,REGIONAL 5,MADIUN,BOJONEGORO,BJN,,,2024-03-16 23:22:38,43245,2018,5,NON TITO,,,JAWA TIMUR,1.0,RED,356341655,AREA 3,JATIM,LAMONGAN,TUBAN BOJONEGORO,,,0,0,0,JAWA TIMUR,BOJONEGORO,BOJONEGORO,JETAK,BOJONEGORO
408522598,,ODP-BJN-FX/08,-7.1553,111.9072,,,0,16,0,0,16,REGIONAL 5,MADIUN,BOJONEGORO,BJN,,,2024-03-16 23:24:28,42506,2016,5,NON TITO,,,JAWA TIMUR,1.0,RED,25412286,AREA 3,JATIM,LAMONGAN,TUBAN BOJONEGORO,,,0,0,0,JAWA TIMUR,BOJONEGORO,BOJONEGORO,CAMPUREJO,BOJONEGORO
2595343546,,ODP-PAZ-FE/31,-7.175482,111.662508,,,0,8,0,0,8,REGIONAL 5,MADIUN,BOJONEGORO,PAD,,,2024-03-16 23:26:22,43254,2018,6,NON TITO,,,JAWA TIMUR,1.0,RED,357390625,AREA 3,JATIM,LAMONGAN,TUBAN BOJONEGORO,,,0,0,0,JAWA TIMUR,BOJONEGORO,PURWOSARI,PURWOSARI,BOJONEGORO
2595343576,,ODP-PAZ-FE/27,-7.17623,111.663668,,,0,8,0,0,8,REGIONAL 5,MADIUN,BOJONEGORO,PAD,,,2024-03-16 23:26:01,43254,2018,6,NON TITO,,,JAWA TIMUR,1.0,RED,357390643,AREA 3,JATIM,LAMONGAN,TUBAN BOJONEGORO,,,0,0,0,JAWA TIMUR,BOJONEGORO,PURWOSARI,PURWOSARI,BOJONEGORO
2595343581,,ODP-PAZ-FE/35,-7.171162,111.659454,,,0,8,0,0,8,REGIONAL 5,MADIUN,BOJONEGORO,PAD,,,2024-03-16 23:25:22,43254,2018,6,NON TITO,,,JAWA TIMUR,1.0,RED,357464201,AREA 3,JATIM,LAMONGAN,TUBAN BOJONEGORO,,,0,0,0,JAWA TIMUR,BOJONEGORO,PURWOSARI,PURWOSARI,BOJONEGORO
3118393926,,ODP-BJN-FP/53,-7.165757,111.882924,,,0,8,0,0,8,REGIONAL 5,MADIUN,BOJONEGORO,BJN,,,2024-03-16 23:22:18,43425,2018,11,NON TITO,,,JAWA TIMUR,1.0,RED,406326046,AREA 3,JATIM,LAMONGAN,TUBAN BOJONEGORO,,,0,0,0,JAWA TIMUR,BOJONEGORO,BOJONEGORO,SUKOREJO,BOJONEGORO
3118244534,,ODP-BJN-FM/55,-7.167415,111.87608,,,0,8,0,0,8,REGIONAL 5,MADIUN,BOJONEGORO,BJN,,,2024-03-16 23:25:32,43425,2018,11,NON TITO,,,JAWA TIMUR,1.0,RED,406325027,AREA 3,JATIM,LAMONGAN,TUBAN BOJONEGORO,,,0,0,0,JAWA TIMUR,BOJONEGORO,BOJONEGORO,SUMBANG,BOJONEGORO
3118244310,,ODP-BJN-FU/68,-7.190401,111.864834,,,0,8,0,0,8,REGIONAL 5,MADIUN,BOJONEGORO,BJN,,,2024-03-16 23:25:31,43425,2018,11,NON TITO,,,JAWA TIMUR,1.0,RED,406324789,AREA 3,JATIM,LAMONGAN,TUBAN BOJONEGORO,,,0,0,0,JAWA TIMUR,BOJONEGORO,DANDER,NGUMPAK DALEM,BOJONEGORO
2927293844,,ODP-BJN-FD/34,-7.163784,111.877913,,,0,8,0,0,8,REGIONAL 5,MADIUN,BOJONEGORO,BJN,,,2024-03-16 23:27:14,43360,2018,9,NON TITO,,,JAWA TIMUR,1.0,RED,404338147,AREA 3,JATIM,LAMONGAN,TUBAN BOJONEGORO,,,0,0,0,JAWA TIMUR,BOJONEGORO,BOJONEGORO,SUMBANG,BOJONEGORO
12441720251,,ODP-PAZ-FV/06,-7.16242,111.647326,,,0,8,0,0,8,REGIONAL 5,MADIUN,BOJONEGORO,PAD,,,2025-11-10 17:35:39,45969,2025,11,NON TITO,,,JAWA TIMUR,1.0,RED,1502236634,AREA 3,JATIM,LAMONGAN,TUBAN BOJONEGORO,,,0,0,0,JAWA TIMUR,BOJONEGORO,KASIMAN,TEMBELING,BOJONEGORO
2682943992,,ODP-PAZ-FB/15,-7.14031,111.718913,,,0,8,0,0,8,REGIONAL 5,MADIUN,BOJONEGORO,PAD,,,2024-03-16 23:25:17,43297,2018,7,NON TITO,,,JAWA TIMUR,1.0,RED,362417358,AREA 3,JATIM,LAMONGAN,TUBAN BOJONEGORO,,,0,0,0,JAWA TIMUR,BOJONEGORO,GAYAM,CENGUNGKLUNG,BOJONEGORO
2670793713,,ODP-BJN-FBN/19,-7.080853,111.843272,,,0,8,0,0,8,REGIONAL 5,MADIUN,BOJONEGORO,BJN,,,2024-03-16 23:24:55,43289,2018,7,NON TITO,,,JAWA TIMUR,1.0,RED,361945079,AREA 3,JATIM,LAMONGAN,TUBAN BOJONEGORO,,,0,0,0,JAWA TIMUR,TUBAN,PARENGAN,CENGKONG,BOJONEGORO
3710743572,,ODP-BJN-FE/84,-7.176989,111.903143,,,0,8,0,0,8,REGIONAL 5,MADIUN,BOJONEGORO,BJN,,,2023-08-30 18:05:59,43653,2019,7,NON TITO,,,JAWA TIMUR,1.0,RED,638077115,AREA 3,JATIM,LAMONGAN,TUBAN BOJONEGORO,,,0,0,0,JAWA TIMUR,BOJONEGORO,KAPAS,TIKUSAN,BOJONEGORO
2670793628,,ODP-BJN-FBN/27,-7.11223,111.860301,,,0,16,0,0,16,REGIONAL 5,MADIUN,BOJONEGORO,BJN,,,2024-03-16 23:24:52,43289,2018,7,NON TITO,,,JAWA TIMUR,1.0,RED,361945013,AREA 3,JATIM,LAMONGAN,TUBAN BOJONEGORO,,,0,0,0,JAWA TIMUR,TUBAN,PARENGAN,SELOGABUS,BOJONEGORO
2670793613,,ODP-BJN-FBN/20,-7.084901,111.846305,,,0,16,0,0,16,REGIONAL 5,MADIUN,BOJONEGORO,BJN,,,2024-03-16 23:25:11,43289,2018,7,NON TITO,,,JAWA TIMUR,1.0,RED,361945000,AREA 3,JATIM,LAMONGAN,TUBAN BOJONEGORO,,,0,0,0,JAWA TIMUR,TUBAN,PARENGAN,BRANGKAL,BOJONEGORO
1356644118,,ODP-SMJ-FB/11,-7.160687,112.049452,,,0,8,0,0,8,REGIONAL 5,MADIUN,BOJONEGORO,SMJ,,,2024-03-16 23:26:02,42836,2017,4,NON TITO,,,JAWA TIMUR,1.0,RED,81212521,AREA 3,JATIM,LAMONGAN,TUBAN BOJONEGORO,,,0,0,0,JAWA TIMUR,BOJONEGORO,KANOR,SROYO,BOJONEGORO
2603743649,,ODP-PAZ-FF/15,-7.159547,111.626994,,,0,8,0,0,8,REGIONAL 5,MADIUN,BOJONEGORO,PAD,,,2024-03-16 23:22:27,43256,2018,6,NON TITO,,,JAWA TIMUR,1.0,RED,361373768,AREA 3,JATIM,LAMONGAN,TUBAN BOJONEGORO,,,0,0,0,JAWA TIMUR,BOJONEGORO,PADANGAN,BANJARJO,BOJONEGORO
2604269718,,ODP-BJN-FN/55,-7.152246,111.88045,,,0,8,0,0,8,REGIONAL 5,MADIUN,BOJONEGORO,BJN,,,2024-03-16 23:22:58,43257,2018,6,NON TITO,,,JAWA TIMUR,1.0,RED,361302881,AREA 3,JATIM,LAMONGAN,TUBAN BOJONEGORO,,,0,0,0,JAWA TIMUR,BOJONEGORO,BOJONEGORO,KLANGON,BOJONEGORO
1356644121,,ODP-SMJ-FB/18,-7.164877,112.035688,,,0,8,0,0,8,REGIONAL 5,MADIUN,BOJONEGORO,SMJ,,,2024-03-16 23:25:37,42836,2017,4,NON TITO,,,JAWA TIMUR,1.0,RED,81212523,AREA 3,JATIM,LAMONGAN,TUBAN BOJONEGORO,,,0,0,0,JAWA TIMUR,BOJONEGORO,SUMBEREJO,PRAYUNGAN,BOJONEGORO
408522929,,ODP-PAZ-FB/03,-7.1786,111.7009,,,0,8,0,0,8,REGIONAL 5,MADIUN,BOJONEGORO,PAD,,,2024-03-16 23:24:05,42506,2016,5,NON TITO,,,JAWA TIMUR,1.0,RED,25412490,AREA 3,JATIM,LAMONGAN,TUBAN BOJONEGORO,,,0,0,0,JAWA TIMUR,BOJONEGORO,GAYAM,GAYAM,BOJONEGORO
408522319,,ODP-BJN-FV/02,-7.1553,111.8916,,,0,8,0,0,8,REGIONAL 5,MADIUN,BOJONEGORO,BJN,,,2024-03-16 23:24:13,42506,2016,5,NON TITO,,,JAWA TIMUR,1.0,RED,25412113,AREA 3,JATIM,LAMONGAN,TUBAN BOJONEGORO,,,0,0,0,JAWA TIMUR,BOJONEGORO,BOJONEGORO,MOJO KAMPUNG,BOJONEGORO
3117268759,,ODP-BJN-FL/79,-7.166689,111.873341,,,0,8,0,0,8,REGIONAL 5,MADIUN,BOJONEGORO,BJN,,,2024-03-16 23:27:13,43426,2018,11,NON TITO,,,JAWA TIMUR,1.0,RED,406326930,AREA 3,JATIM,LAMONGAN,TUBAN BOJONEGORO,,,0,0,0,JAWA TIMUR,BOJONEGORO,BOJONEGORO,SUMBANG,BOJONEGORO
2537302922,,ODP-BJN-FX/69,-7.144863,111.898691,,,0,8,0,0,8,REGIONAL 5,MADIUN,BOJONEGORO,BJN,,,2024-03-16 23:24:03,43244,2018,5,NON TITO,,,JAWA TIMUR,1.0,RED,354687520,AREA 3,JATIM,LAMONGAN,TUBAN BOJONEGORO,,,0,0,0,JAWA TIMUR,BOJONEGORO,BOJONEGORO,KARANG PACAR,BOJONEGORO
2537302714,,ODP-BJN-FX/64,-7.148006,111.899124,,,0,8,0,0,8,REGIONAL 5,MADIUN,BOJONEGORO,BJN,,,2024-03-16 23:23:48,43244,2018,5,NON TITO,,,JAWA TIMUR,1.0,RED,354687458,AREA 3,JATIM,LAMONGAN,TUBAN BOJONEGORO,,,0,0,0,JAWA TIMUR,BOJONEGORO,BOJONEGORO,NGROWO,BOJONEGORO
1424818615,,ODP-PAZ-FE/05,-7.16453,111.67857,,,0,8,0,0,8,REGIONAL 5,MADIUN,BOJONEGORO,PAD,,,2024-03-16 23:23:38,42860,2017,5,NON TITO,,,JAWA TIMUR,1.0,RED,123434025,AREA 3,JATIM,LAMONGAN,TUBAN BOJONEGORO,,,0,0,0,JAWA TIMUR,BOJONEGORO,GAYAM,NGRAHO,BOJONEGORO
2537302175,,ODP-BJN-FM/32,-7.161609,111.875024,,,0,8,0,0,8,REGIONAL 5,MADIUN,BOJONEGORO,BJN,,,2024-03-16 23:23:38,43244,2018,5,NON TITO,,,JAWA TIMUR,1.0,RED,354613083,AREA 3,JATIM,LAMONGAN,TUBAN BOJONEGORO,,,0,0,0,JAWA TIMUR,BOJONEGORO,BOJONEGORO,SUMBANG,BOJONEGORO
2508194251,,ODP-BJN-FJ/43,-7.148372,111.878673,,,0,8,0,0,8,REGIONAL 5,MADIUN,BOJONEGORO,BJN,,,2024-03-16 23:25:05,43243,2018,5,NON TITO,,,JAWA TIMUR,1.0,RED,354555745,AREA 3,JATIM,LAMONGAN,TUBAN BOJONEGORO,,,0,0,0,JAWA TIMUR,BOJONEGORO,BOJONEGORO,KAUMAN,BOJONEGORO
5675369456,,ODP-BJN-FJ/90,-7.136869,111.870359,,,0,8,0,0,8,REGIONAL 5,MADIUN,BOJONEGORO,BJN,,,2024-03-16 23:29:17,44160,2020,11,NON TITO,,,JAWA TIMUR,1.0,RED,857118193,AREA 3,JATIM,LAMONGAN,TUBAN BOJONEGORO,,,0,0,0,JAWA TIMUR,BOJONEGORO,TRUCUK,GUYANGAN,BOJONEGORO
1424819813,,ODP-PAZ-FC/31,-7.15807,111.627208,,,0,8,0,0,8,REGIONAL 5,MADIUN,BOJONEGORO,PAD,,,2024-03-16 23:24:13,42860,2017,5,NON TITO,,,JAWA TIMUR,1.0,RED,123434404,AREA 3,JATIM,LAMONGAN,TUBAN BOJONEGORO,,,0,0,0,JAWA TIMUR,BOJONEGORO,PADANGAN,BANJARJO,BOJONEGORO
5658194691,,ODP-BJN-FV/45,-7.154396,111.893558,,,0,8,0,0,8,REGIONAL 5,MADIUN,BOJONEGORO,BJN,,,2023-08-30 18:03:24,44160,2020,11,NON TITO,,,JAWA TIMUR,1.0,RED,857119274,AREA 3,JATIM,LAMONGAN,TUBAN BOJONEGORO,,,0,0,0,JAWA TIMUR,BOJONEGORO,BOJONEGORO,MOJO KAMPUNG,BOJONEGORO
8502120667,,ODP-BJN-FBT/10,-7.116762,111.843526,,,0,8,0,0,8,REGIONAL 5,MADIUN,BOJONEGORO,BJN,,,2025-07-31 17:56:45,44634,2022,3,NON TITO,,,JAWA TIMUR,1.0,RED,1168736277,AREA 3,JATIM,LAMONGAN,TUBAN BOJONEGORO,,,0,0,0,JAWA TIMUR,BOJONEGORO,TRUCUK,SUMBEREJO,BOJONEGORO
2508194186,,ODP-BJN-FJ/41,-7.148038,111.874261,,,0,8,0,0,8,REGIONAL 5,MADIUN,BOJONEGORO,BJN,,,2024-03-16 23:24:49,43243,2018,5,NON TITO,,,JAWA TIMUR,1.0,RED,354555704,AREA 3,JATIM,LAMONGAN,TUBAN BOJONEGORO,,,0,0,0,JAWA TIMUR,BOJONEGORO,BOJONEGORO,KAUMAN,BOJONEGORO
2508194126,,ODP-BJN-FJ/73,-7.144214,111.87587,,,0,8,0,0,8,REGIONAL 5,MADIUN,BOJONEGORO,BJN,,,2024-03-16 23:25:10,43243,2018,5,NON TITO,,,JAWA TIMUR,1.0,RED,354555665,AREA 3,JATIM,LAMONGAN,TUBAN BOJONEGORO,,,0,0,0,JAWA TIMUR,BOJONEGORO,TRUCUK,BANJARSARI,BOJONEGORO
1379852271,,ODP-PAZ-FE/03,-7.170116,111.651151,,,0,8,0,0,8,REGIONAL 5,MADIUN,BOJONEGORO,PAD,,,2024-03-16 23:23:26,42858,2017,5,NON TITO,,,JAWA TIMUR,1.0,RED,126086943,AREA 3,JATIM,LAMONGAN,TUBAN BOJONEGORO,,,0,0,0,JAWA TIMUR,BOJONEGORO,PADANGAN,KEBONAGUNG,BOJONEGORO
2508194076,,ODP-BJN-FJ/31,-7.154372,111.872698,,,0,8,0,0,8,REGIONAL 5,MADIUN,BOJONEGORO,BJN,,,2024-03-16 23:25:02,43243,2018,5,NON TITO,,,JAWA TIMUR,1.0,RED,354555640,AREA 3,JATIM,LAMONGAN,TUBAN BOJONEGORO,,,0,0,0,JAWA TIMUR,BOJONEGORO,BOJONEGORO,KLANGON,BOJONEGORO
2508194376,,ODP-BJN-FJ/40,-7.147994,111.872713,,,0,8,0,0,8,REGIONAL 5,MADIUN,BOJONEGORO,BJN,,,2024-03-16 23:25:09,43243,2018,5,NON TITO,,,JAWA TIMUR,1.0,RED,354292691,AREA 3,JATIM,LAMONGAN,TUBAN BOJONEGORO,,,0,0,0,JAWA TIMUR,BOJONEGORO,BOJONEGORO,KAUMAN,BOJONEGORO
2508194371,,ODP-BJN-FJ/45,-7.147458,111.876747,,,0,16,0,0,16,REGIONAL 5,MADIUN,BOJONEGORO,BJN,,,2024-03-16 23:25:17,43243,2018,5,NON TITO,,,JAWA TIMUR,1.0,RED,354292687,AREA 3,JATIM,LAMONGAN,TUBAN BOJONEGORO,,,0,0,0,JAWA TIMUR,BOJONEGORO,BOJONEGORO,KAUMAN,BOJONEGORO
11912443808,,ODP-BJN-FBT/15,-7.111361,111.823221,,,0,8,0,0,8,REGIONAL 5,MADIUN,BOJONEGORO,BJN,,,2025-08-01 18:20:12,45604,2024,11,NON TITO,,,JAWA TIMUR,1.0,RED,1485868923,AREA 3,JATIM,LAMONGAN,TUBAN BOJONEGORO,,,0,0,0,JAWA TIMUR,BOJONEGORO,TRUCUK,PAGERWESI,BOJONEGORO
2508194176,,ODP-BJN-FJ/63,-7.141877,111.869763,,,0,8,0,0,8,REGIONAL 5,MADIUN,BOJONEGORO,BJN,,,2024-03-16 23:25:00,43243,2018,5,NON TITO,,,JAWA TIMUR,1.0,RED,354555699,AREA 3,JATIM,LAMONGAN,TUBAN BOJONEGORO,,,0,0,0,JAWA TIMUR,BOJONEGORO,TRUCUK,TRUCUK,BOJONEGORO
2537302269,,ODP-BJN-FX/70,-7.143458,111.898454,,,0,8,0,0,8,REGIONAL 5,MADIUN,BOJONEGORO,BJN,,,2024-03-16 23:23:46,43244,2018,5,NON TITO,,,JAWA TIMUR,1.0,RED,354613117,AREA 3,JATIM,LAMONGAN,TUBAN BOJONEGORO,,,0,0,0,JAWA TIMUR,BOJONEGORO,BOJONEGORO,KARANG PACAR,BOJONEGORO
2537302339,,ODP-BJN-FX/65,-7.147107,111.898978,,,0,8,0,0,8,REGIONAL 5,MADIUN,BOJONEGORO,BJN,,,2024-03-16 23:23:54,43244,2018,5,NON TITO,,,JAWA TIMUR,1.0,RED,354613138,AREA 3,JATIM,LAMONGAN,TUBAN BOJONEGORO,,,0,0,0,JAWA TIMUR,BOJONEGORO,BOJONEGORO,NGROWO,BOJONEGORO
2537302481,,ODP-BJN-FX/52,-7.157719,111.906613,,,0,8,0,0,8,REGIONAL 5,MADIUN,BOJONEGORO,BJN,,,2024-03-16 23:23:55,43244,2018,5,NON TITO,,,JAWA TIMUR,1.0,RED,354613182,AREA 3,JATIM,LAMONGAN,TUBAN BOJONEGORO,,,0,0,0,JAWA TIMUR,BOJONEGORO,KAPAS,NGAMPEL,BOJONEGORO
2537302642,,ODP-BJN-FM/25,-7.158146,111.876188,,,0,8,0,0,8,REGIONAL 5,MADIUN,BOJONEGORO,BJN,,,2024-03-16 23:23:52,43244,2018,5,NON TITO,,,JAWA TIMUR,1.0,RED,354687437,AREA 3,JATIM,LAMONGAN,TUBAN BOJONEGORO,,,0,0,0,JAWA TIMUR,BOJONEGORO,BOJONEGORO,KLANGON,BOJONEGORO
2537302608,,ODP-BJN-FX/66,-7.14617,111.898877,,,0,8,0,0,8,REGIONAL 5,MADIUN,BOJONEGORO,BJN,,,2024-03-16 23:23:23,43244,2018,5,NON TITO,,,JAWA TIMUR,1.0,RED,354687427,AREA 3,JATIM,LAMONGAN,TUBAN BOJONEGORO,,,0,0,0,JAWA TIMUR,BOJONEGORO,BOJONEGORO,NGROWO,BOJONEGORO
2537302486,,ODP-BJN-FX/60,-7.159716,111.898833,,,0,8,0,0,8,REGIONAL 5,MADIUN,BOJONEGORO,BJN,,,2024-03-16 23:24:02,43244,2018,5,NON TITO,,,JAWA TIMUR,1.0,RED,354687390,AREA 3,JATIM,LAMONGAN,TUBAN BOJONEGORO,,,0,0,0,JAWA TIMUR,BOJONEGORO,BOJONEGORO,NGROWO,BOJONEGORO
408521182,,ODP-BJN-FU/24,-7.1802,111.8657,,,0,8,0,0,8,REGIONAL 5,MADIUN,BOJONEGORO,BJN,,,2024-03-16 23:23:28,42506,2016,5,NON TITO,,,JAWA TIMUR,1.0,RED,25411429,AREA 3,JATIM,LAMONGAN,TUBAN BOJONEGORO,,,0,0,0,JAWA TIMUR,BOJONEGORO,DANDER,SUMBER TLASEH,BOJONEGORO
2537302296,,ODP-BJN-FM/29,-7.159827,111.87507,,,0,16,0,0,16,REGIONAL 5,MADIUN,BOJONEGORO,BJN,,,2024-03-16 23:23:38,43244,2018,5,NON TITO,,,JAWA TIMUR,1.0,RED,354687334,AREA 3,JATIM,LAMONGAN,TUBAN BOJONEGORO,,,0,0,0,JAWA TIMUR,BOJONEGORO,BOJONEGORO,KLANGON,BOJONEGORO
2537302274,,ODP-BJN-FX/71,-7.142938,111.898692,,,0,8,0,0,8,REGIONAL 5,MADIUN,BOJONEGORO,BJN,,,2024-03-16 23:23:20,43244,2018,5,NON TITO,,,JAWA TIMUR,1.0,RED,354687328,AREA 3,JATIM,LAMONGAN,TUBAN BOJONEGORO,,,0,0,0,JAWA TIMUR,BOJONEGORO,BOJONEGORO,KARANG PACAR,BOJONEGORO
1356644507,,ODP-SMJ-FB/06,-7.155084,112.058847,,,0,8,0,0,8,REGIONAL 5,MADIUN,BOJONEGORO,SMJ,,,2024-03-16 23:25:07,42836,2017,4,NON TITO,,,JAWA TIMUR,1.0,RED,81720836,AREA 3,JATIM,LAMONGAN,TUBAN BOJONEGORO,,,0,0,0,JAWA TIMUR,BOJONEGORO,BAURENO,NGEMPLAK,BOJONEGORO
2537302835,,ODP-BJN-FM/28,-7.160142,111.875942,,,0,16,0,0,16,REGIONAL 5,MADIUN,BOJONEGORO,BJN,,,2024-03-16 23:24:12,43244,2018,5,NON TITO,,,JAWA TIMUR,1.0,RED,354613288,AREA 3,JATIM,LAMONGAN,TUBAN BOJONEGORO,,,0,0,0,JAWA TIMUR,BOJONEGORO,BOJONEGORO,SUMBANG,BOJONEGORO
1987994238,,ODP-BJN-FBT/21,-7.123001,111.85213,,,0,8,0,0,8,REGIONAL 5,MADIUN,BOJONEGORO,BJN,,,2025-07-31 17:50:43,43056,2017,11,NON TITO,,,JAWA TIMUR,1.0,RED,255773277,AREA 3,JATIM,LAMONGAN,TUBAN BOJONEGORO,,,0,0,0,JAWA TIMUR,BOJONEGORO,TRUCUK,SUMBEREJO,BOJONEGORO
2537302709,,ODP-BJN-FX/57,-7.155118,111.906535,,,0,8,0,0,8,REGIONAL 5,MADIUN,BOJONEGORO,BJN,,,2024-03-16 23:24:00,43244,2018,5,NON TITO,,,JAWA TIMUR,1.0,RED,354613250,AREA 3,JATIM,LAMONGAN,TUBAN BOJONEGORO,,,0,0,0,JAWA TIMUR,BOJONEGORO,BOJONEGORO,CAMPUREJO,BOJONEGORO
2537302637,,ODP-BJN-FM/33,-7.161362,111.875771,,,0,8,0,0,8,REGIONAL 5,MADIUN,BOJONEGORO,BJN,,,2024-03-16 23:23:49,43244,2018,5,NON TITO,,,JAWA TIMUR,1.0,RED,354613228,AREA 3,JATIM,LAMONGAN,TUBAN BOJONEGORO,,,0,0,0,JAWA TIMUR,BOJONEGORO,BOJONEGORO,SUMBANG,BOJONEGORO
2537302613,,ODP-BJN-FX/75,-7.152466,111.899345,,,0,8,0,0,8,REGIONAL 5,MADIUN,BOJONEGORO,BJN,,,2024-03-16 23:21:38,43244,2018,5,NON TITO,,,JAWA TIMUR,1.0,RED,354613221,AREA 3,JATIM,LAMONGAN,TUBAN BOJONEGORO,,,0,0,0,JAWA TIMUR,BOJONEGORO,BOJONEGORO,CAMPUREJO,BOJONEGORO
2537302603,,ODP-BJN-FX/61,-7.158504,111.899299,,,0,16,0,0,16,REGIONAL 5,MADIUN,BOJONEGORO,BJN,,,2024-03-16 23:23:50,43244,2018,5,NON TITO,,,JAWA TIMUR,1.0,RED,354613218,AREA 3,JATIM,LAMONGAN,TUBAN BOJONEGORO,,,0,0,0,JAWA TIMUR,BOJONEGORO,BOJONEGORO,NGROWO,BOJONEGORO
8502120662,,ODP-BJN-FBT/11,-7.118692,111.846512,,,0,16,0,0,16,REGIONAL 5,MADIUN,BOJONEGORO,BJN,,,2025-07-31 18:00:32,44634,2022,3,NON TITO,,,JAWA TIMUR,1.0,RED,1168736273,AREA 3,JATIM,LAMONGAN,TUBAN BOJONEGORO,,,0,0,0,JAWA TIMUR,BOJONEGORO,TRUCUK,SUMBEREJO,BOJONEGORO
2537302491,,ODP-BJN-FX/72,-7.146744,111.899092,,,0,8,0,0,8,REGIONAL 5,MADIUN,BOJONEGORO,BJN,,,2024-03-16 23:24:10,43244,2018,5,NON TITO,,,JAWA TIMUR,1.0,RED,354613185,AREA 3,JATIM,LAMONGAN,TUBAN BOJONEGORO,,,0,0,0,JAWA TIMUR,BOJONEGORO,BOJONEGORO,NGROWO,BOJONEGORO
2537302808,,ODP-BJN-FX/63,-7.153417,111.900154,,,0,8,0,0,8,REGIONAL 5,MADIUN,BOJONEGORO,BJN,,,2024-03-16 23:23:49,43244,2018,5,NON TITO,,,JAWA TIMUR,1.0,RED,354687486,AREA 3,JATIM,LAMONGAN,TUBAN BOJONEGORO,,,0,0,0,JAWA TIMUR,BOJONEGORO,BOJONEGORO,CAMPURJO,BOJONEGORO
11912443818,,ODP-BJN-FBT/18,-7.113011,111.829578,,,0,8,0,0,8,REGIONAL 5,MADIUN,BOJONEGORO,BJN,,,2025-08-01 18:29:47,45604,2024,11,NON TITO,,,JAWA TIMUR,1.0,RED,1485868930,AREA 3,JATIM,LAMONGAN,TUBAN BOJONEGORO,,,0,0,0,JAWA TIMUR,BOJONEGORO,TRUCUK,PAGERWESI,BOJONEGORO
408523210,,ODP-BJN-FD/11,-7.1712,111.8784,,,0,16,0,0,16,REGIONAL 5,MADIUN,BOJONEGORO,BJN,,,2024-03-16 23:24:45,42506,2016,5,NON TITO,,,JAWA TIMUR,1.0,RED,25412659,AREA 3,JATIM,LAMONGAN,TUBAN BOJONEGORO,,,0,0,0,JAWA TIMUR,BOJONEGORO,BOJONEGORO,PACUL,BOJONEGORO
12441720266,,ODP-PAZ-FV/03,-7.164096,111.651682,,,0,8,0,0,8,REGIONAL 5,MADIUN,BOJONEGORO,PAD,,,2025-11-10 17:35:34,45969,2025,11,NON TITO,,,JAWA TIMUR,1.0,RED,1502236648,AREA 3,JATIM,LAMONGAN,TUBAN BOJONEGORO,,,0,0,0,JAWA TIMUR,BOJONEGORO,KASIMAN,TEMBELING,BOJONEGORO
3152970708,,ODP-BJN-FM/43,-7.165476,111.87487,,,0,8,0,0,8,REGIONAL 5,MADIUN,BOJONEGORO,BJN,,,2024-03-16 23:28:27,43438,2018,12,NON TITO,,,JAWA TIMUR,1.0,RED,406842330,AREA 3,JATIM,LAMONGAN,TUBAN BOJONEGORO,,,0,0,0,JAWA TIMUR,BOJONEGORO,BOJONEGORO,SUMBANG,BOJONEGORO
