DEVICE ID,ODP INDEX,ODP NAME,LATITUDE,LONGITUDE,CLUSNAME,CLUSTERSATATUS,AVAI,USED,RSV,RSK,IS TOTAL,Telkom Regional,Telkom Witel,Telkom Datel,Telkom STO,Telkom STO Deskripsi,ODP INFO,UPDATE DATE,TGL GOLIVE,TAHUN ODP,BULAN ODP,KATEGORI,NAMA PROYEK,KABUPATEN KOTA,PROVINSI,OCC 1,OCC 2,ID ODP,Telkomsel Area,Telkomsel Regional,Telkomsel Branch,Telkomsel Cluster,Validasi STO,Validasi ODC,Jarak ODP ke ODC (Meter),Jarak ODC ke STO (Meter),Jarak ODP ke STO (Meter),Validasi Provinsi,Validasi Kabupaten Kota,Validasi Kecamatan,Validasi Kelurahan,Telda
12797143531,,ODP-KPO-FBT/18,-7.908111,112.569201,,,7,0,1,0,8,REGIONAL 5,MALANG,BATU,KPO,KARANGPLOSO,,2026-06-30 17:00:37,46200,2026,6,NON TITO,,,JAWA TIMUR,0.0,BLACK,1505532472,AREA 3,JATIM,MALANG,MALANG,,,0,0,0,JAWA TIMUR,KOTA BATU,JUNREJO,DADAPREJO,BATU
11715870464,,ODP-BLB-FBD/34,-7.918924,112.657291,,,8,0,0,0,8,REGIONAL 5,MALANG,MALANG,BLB,BLIMBING,,2024-09-12 17:28:37,45546,2024,9,NON TITO,,,JAWA TIMUR,0.0,BLACK,1461274242,AREA 3,JATIM,MALANG,MALANG,,,0,0,0,JAWA TIMUR,MALANG,SINGOSARI,BANJARARUM,BATU
12021643734,,ODP-TMP-FH/51,-8.020786,112.692481,,,8,0,0,0,8,REGIONAL 5,MALANG,MALANG,TMP,TUMPANG,,2024-12-21 17:48:04,45646,2024,12,NON TITO,,,JAWA TIMUR,0.0,BLACK,1495525771,AREA 3,JATIM,MALANG,MALANG,,,0,0,0,JAWA TIMUR,MALANG,TUMPANG,KIDAL,BATU
1345769478,,ODP-BLB-FBB/23,-7.90334,112.629619,,,8,0,0,0,8,REGIONAL 5,MALANG,MALANG,BLB,BLIMBING,,2024-03-16 23:25:29,42829,2017,4,NON TITO,,,JAWA TIMUR,0.0,BLACK,81178708,AREA 3,JATIM,MALANG,MALANG,,,0,0,0,JAWA TIMUR,MALANG,KARANGPLOSO,NGENEP,BATU
1345769493,,ODP-BLB-FBB/25,-7.903543,112.629919,,,8,0,0,0,8,REGIONAL 5,MALANG,MALANG,BLB,BLIMBING,,2024-03-16 23:24:46,42829,2017,4,NON TITO,,,JAWA TIMUR,0.0,BLACK,81178719,AREA 3,JATIM,MALANG,MALANG,,,0,0,0,JAWA TIMUR,MALANG,KARANGPLOSO,NGENEP,BATU
1345769498,,ODP-BLB-FBB/27,-7.903973,112.629893,,,8,0,0,0,8,REGIONAL 5,MALANG,MALANG,BLB,BLIMBING,,2024-03-16 23:25:21,42829,2017,4,NON TITO,,,JAWA TIMUR,0.0,BLACK,81178724,AREA 3,JATIM,MALANG,MALANG,,,0,0,0,JAWA TIMUR,MALANG,KARANGPLOSO,NGENEP,BATU
12408268613,,ODP-BTU-FBS/37,-7.818472,112.455359,,,8,0,0,0,8,REGIONAL 5,MALANG,BATU,BTU,BATU,,2025-09-29 18:06:12,45928,2025,9,NON TITO,,,JAWA TIMUR,0.0,BLACK,1501634467,AREA 3,JATIM,MALANG,MALANG,,,0,0,0,JAWA TIMUR,MALANG,PUJON,MADIREDO,BATU
12021643744,,ODP-TMP-FH/54,-8.014162,112.692202,,,8,0,0,0,8,REGIONAL 5,MALANG,MALANG,TMP,TUMPANG,,2024-12-21 17:49:28,45646,2024,12,NON TITO,,,JAWA TIMUR,0.0,BLACK,1495525779,AREA 3,JATIM,MALANG,MALANG,,,0,0,0,JAWA TIMUR,MALANG,TUMPANG,KIDAL,BATU
2709868753,,ODP-BTU-FAY/07,-7.847861,112.48867,,,8,0,0,0,8,REGIONAL 5,MALANG,BATU,BTU,BATU,,2024-03-16 23:26:41,43301,2018,7,NON TITO,,,JAWA TIMUR,0.0,BLACK,363167345,AREA 3,JATIM,MALANG,MALANG,,,0,0,0,JAWA TIMUR,MALANG,PUJON,PANDESARI,BATU
12407068805,,ODP-PKS-FAC/03,-7.952815,112.69258,,,8,0,0,0,8,REGIONAL 5,MALANG,MALANG,PKS,PAKIS,,2025-10-01 17:38:30,45930,2025,9,NON TITO,,,JAWA TIMUR,0.0,BLACK,1501851651,AREA 3,JATIM,MALANG,MALANG,,,0,0,0,JAWA TIMUR,MALANG,PAKIS,ASRIKATON,BATU
11715870459,,ODP-BLB-FBD/35,-7.919151,112.657688,,,8,0,0,0,8,REGIONAL 5,MALANG,MALANG,BLB,BLIMBING,,2024-09-12 17:28:55,45546,2024,9,NON TITO,,,JAWA TIMUR,0.0,BLACK,1461274238,AREA 3,JATIM,MALANG,MALANG,,,0,0,0,JAWA TIMUR,MALANG,SINGOSARI,BANJARARUM,BATU
5431318608,,ODP-BLB-FBY/62,-7.967077,112.64976,,,8,0,0,0,8,REGIONAL 5,MALANG,MALANG,BLB,BLIMBING,,2024-03-16 23:27:38,44097,2020,9,NON TITO,,,JAWA TIMUR,0.0,BLACK,841306970,AREA 3,JATIM,MALANG,MALANG,,,0,0,0,JAWA TIMUR,KOTA MALANG,BLIMBING,BUNULREJO,BATU
12403321250,,ODP-KPO-FQ/54,-7.918647,112.609249,,,8,0,0,0,8,REGIONAL 5,MALANG,BATU,KPO,KARANGPLOSO,,2025-10-02 17:41:39,45931,2025,10,NON TITO,,,JAWA TIMUR,0.0,BLACK,1501650636,AREA 3,JATIM,MALANG,MALANG,,,0,0,0,JAWA TIMUR,MALANG,KARANG PLOSO,AMPELDENTO,BATU
10997443689,,ODP-BLB-FEB/63,-7.958802,112.640613,,,16,0,0,0,16,REGIONAL 5,MALANG,MALANG,BLB,BLIMBING,,2024-03-16 23:28:54,45254,2023,11,NON TITO,,,JAWA TIMUR,0.0,BLACK,1338188826,AREA 3,JATIM,MALANG,MALANG,,,0,0,0,JAWA TIMUR,KOTA MALANG,BLIMBING,PURWANTORO,BATU
12403321265,,ODP-KPO-FQ/51,-7.918839,112.608498,,,8,0,0,0,8,REGIONAL 5,MALANG,BATU,KPO,KARANGPLOSO,,2025-10-02 17:40:16,45931,2025,10,NON TITO,,,JAWA TIMUR,0.0,BLACK,1501650648,AREA 3,JATIM,MALANG,MALANG,,,0,0,0,JAWA TIMUR,MALANG,KARANGPLOSO,TEGALGONDO,BATU
4787377057,,ODP-BLB-FBC/29,-7.917286,112.6442,,,8,0,0,0,8,REGIONAL 5,MALANG,MALANG,BLB,BLIMBING,,2024-03-16 23:27:48,43926,2020,4,NON TITO,,,JAWA TIMUR,0.0,BLACK,827830208,AREA 3,JATIM,MALANG,MALANG,,,0,0,0,JAWA TIMUR,KOTA MALANG,BLIMBING,BALEARJOSARI,BATU
11715870454,,ODP-BLB-FBD/31,-7.918644,112.657392,,,8,0,0,0,8,REGIONAL 5,MALANG,MALANG,BLB,BLIMBING,,2024-09-12 17:28:49,45546,2024,9,NON TITO,,,JAWA TIMUR,0.0,BLACK,1461274233,AREA 3,JATIM,MALANG,MALANG,,,0,0,0,JAWA TIMUR,MALANG,SINGOSARI,BANJARARUM,BATU
12183421996,,ODP-SGS-FF/134,-7.926336,112.734614,,,8,0,0,0,8,REGIONAL 5,MALANG,MALANG,SGS,SINGOSARI,,2025-06-01 19:18:09,45808,2025,5,NON TITO,,,JAWA TIMUR,0.0,BLACK,1499228200,AREA 3,JATIM,MALANG,MALANG,,,0,0,0,JAWA TIMUR,MALANG,JABUNG,KEMANTREN,BATU
5597369470,,ODP-BLB-FDW/149,-7.956145,112.64457,,,8,0,0,0,8,REGIONAL 5,MALANG,MALANG,BLB,BLIMBING,,2024-03-16 23:23:37,44133,2020,10,NON TITO,,,JAWA TIMUR,0.0,BLACK,855890874,AREA 3,JATIM,MALANG,MALANG,,,0,0,0,JAWA TIMUR,KOTA MALANG,BLIMBING,PURWANTORO,BATU
1345770003,,ODP-BLB-FBB/28,-7.904154,112.629902,,,8,0,0,0,8,REGIONAL 5,MALANG,MALANG,BLB,BLIMBING,,2024-03-16 23:25:20,42829,2017,4,NON TITO,,,JAWA TIMUR,0.0,BLACK,81179140,AREA 3,JATIM,MALANG,MALANG,,,0,0,0,JAWA TIMUR,MALANG,KARANGPLOSO,NGENEP,BATU
12183422026,,ODP-SGS-FF/136,-7.924922,112.735861,,,8,0,0,0,8,REGIONAL 5,MALANG,MALANG,SGS,SINGOSARI,,2025-06-01 19:16:15,45808,2025,5,NON TITO,,,JAWA TIMUR,0.0,BLACK,1499228221,AREA 3,JATIM,MALANG,MALANG,,,0,0,0,JAWA TIMUR,MALANG,JABUNG,KEMANTREN,BATU
12386444373,,ODP-PKS-FH/63,-7.945663,112.737879,,,8,0,0,0,8,REGIONAL 5,MALANG,MALANG,PKS,PAKIS,,2025-09-24 17:41:42,45923,2025,9,NON TITO,,,JAWA TIMUR,0.0,BLACK,1501077646,AREA 3,JATIM,MALANG,MALANG,,,0,0,0,JAWA TIMUR,MALANG,JABUNG,SUKOLILO,BATU
12375718617,,ODP-KPO-FBQ/67,-7.885751,112.605175,,,8,0,0,0,8,REGIONAL 5,MALANG,BATU,KPO,KARANGPLOSO,,2025-09-16 17:34:11,45911,2025,9,NON TITO,,,JAWA TIMUR,0.0,BLACK,1501019165,AREA 3,JATIM,MALANG,MALANG,,,0,0,0,JAWA TIMUR,MALANG,KARANG PLOSO,NGIJO,BATU
12375718622,,ODP-KPO-FBQ/66,-7.885645,112.605279,,,8,0,0,0,8,REGIONAL 5,MALANG,BATU,KPO,KARANGPLOSO,,2025-09-16 17:34:03,45911,2025,9,NON TITO,,,JAWA TIMUR,0.0,BLACK,1501019168,AREA 3,JATIM,MALANG,MALANG,,,0,0,0,JAWA TIMUR,MALANG,KARANG PLOSO,NGIJO,BATU
5489146400,,ODP-BLB-FEC/03,-7.94279,112.640834,,,16,0,0,0,16,REGIONAL 5,MALANG,MALANG,BLB,BLIMBING,,2024-03-16 23:26:44,44115,2020,10,NON TITO,,,JAWA TIMUR,0.0,BLACK,845354667,AREA 3,JATIM,MALANG,MALANG,,,0,0,0,JAWA TIMUR,KOTA MALANG,BLIMBING,BLIMBING,BATU
5489146408,,ODP-BLB-FEC/01,-7.94279,112.640834,,,16,0,0,0,16,REGIONAL 5,MALANG,MALANG,BLB,BLIMBING,,2024-03-16 23:26:40,44115,2020,10,NON TITO,,,JAWA TIMUR,0.0,BLACK,845354674,AREA 3,JATIM,MALANG,MALANG,,,0,0,0,JAWA TIMUR,KOTA MALANG,BLIMBING,BLIMBING,BATU
5489146415,,ODP-BLB-FEC/12,-7.94279,112.640834,,,16,0,0,0,16,REGIONAL 5,MALANG,MALANG,BLB,BLIMBING,,2024-03-16 23:26:45,44115,2020,10,NON TITO,,,JAWA TIMUR,0.0,BLACK,845354678,AREA 3,JATIM,MALANG,MALANG,,,0,0,0,JAWA TIMUR,KOTA MALANG,BLIMBING,BLIMBING,BATU
12379843793,,ODP-BTU-FBY/21,-7.824293,112.528905,,,8,0,0,0,8,REGIONAL 5,MALANG,BATU,BTU,BATU,,2025-09-16 17:33:24,45914,2025,9,NON TITO,,,JAWA TIMUR,0.0,BLACK,1501032378,AREA 3,JATIM,MALANG,MALANG,,,0,0,0,JAWA TIMUR,KOTA BATU,BUMIAJI,TULUNGREJO,BATU
5489146436,,ODP-BLB-FEC/05,-7.94279,112.640834,,,16,0,0,0,16,REGIONAL 5,MALANG,MALANG,BLB,BLIMBING,,2024-03-16 23:26:29,44115,2020,10,NON TITO,,,JAWA TIMUR,0.0,BLACK,845354690,AREA 3,JATIM,MALANG,MALANG,,,0,0,0,JAWA TIMUR,KOTA MALANG,BLIMBING,BLIMBING,BATU
5489146443,,ODP-BLB-FEC/14,-7.94279,112.640834,,,16,0,0,0,16,REGIONAL 5,MALANG,MALANG,BLB,BLIMBING,,2024-03-16 23:26:09,44115,2020,10,NON TITO,,,JAWA TIMUR,0.0,BLACK,845354695,AREA 3,JATIM,MALANG,MALANG,,,0,0,0,JAWA TIMUR,KOTA MALANG,BLIMBING,BLIMBING,BATU
12379843818,,ODP-BTU-FBY/19,-7.81092,112.53005,,,8,0,0,0,8,REGIONAL 5,MALANG,BATU,BTU,BATU,,2025-09-16 17:34:04,45914,2025,9,NON TITO,,,JAWA TIMUR,0.0,BLACK,1501032395,AREA 3,JATIM,MALANG,MALANG,,,0,0,0,JAWA TIMUR,KOTA BATU,BUMIAJI,TULUNGREJO,BATU
12376018702,,ODP-TMP-FH/74,-8.024342,112.706384,,,8,0,0,0,8,REGIONAL 5,MALANG,MALANG,TMP,TUMPANG,,2025-09-16 17:34:24,45915,2025,9,NON TITO,,,JAWA TIMUR,0.0,BLACK,1501036724,AREA 3,JATIM,MALANG,MALANG,,,0,0,0,JAWA TIMUR,MALANG,TUMPANG,KIDAL,BATU
12376844895,,ODP-BTU-FCE/38,-7.858548,112.432857,,,8,0,0,0,8,REGIONAL 5,MALANG,BATU,BTU,BATU,,2025-09-17 17:40:59,45916,2025,9,NON TITO,,,JAWA TIMUR,0.0,BLACK,1501102567,AREA 3,JATIM,MALANG,MALANG,,,0,0,0,JAWA TIMUR,MALANG,PUJON,SUKOMULYO,BATU
5597369510,,ODP-BLB-FDW/85,-7.954518,112.647759,,,8,0,0,0,8,REGIONAL 5,MALANG,MALANG,BLB,BLIMBING,,2024-03-16 23:23:43,44133,2020,10,NON TITO,,,JAWA TIMUR,0.0,BLACK,855890913,AREA 3,JATIM,MALANG,MALANG,,,0,0,0,JAWA TIMUR,KOTA MALANG,BLIMBING,PURWANTORO,BATU
288126644,,ODP-BLB-FR/24,-7.9406,112.6193,,,8,0,0,0,8,REGIONAL 5,MALANG,MALANG,BLB,BLIMBING,,2024-03-16 23:22:26,42483,2016,4,NON TITO,,,JAWA TIMUR,0.0,BLACK,19456936,AREA 3,JATIM,MALANG,MALANG,,,0,0,0,JAWA TIMUR,KOTA MALANG,LOWOKWARU,JATIMULYO,BATU
12381720121,,ODP-PKS-FZ/76,-7.940832,112.691391,,,8,0,0,0,8,REGIONAL 5,MALANG,MALANG,PKS,PAKIS,,2025-09-23 17:31:40,45922,2025,9,NON TITO,,,JAWA TIMUR,0.0,BLACK,1501313226,AREA 3,JATIM,MALANG,MALANG,,,0,0,0,JAWA TIMUR,MALANG,PAKIS,SAPTORENGGO,BATU
12183422046,,ODP-SGS-FF/125,-7.920248,112.738407,,,8,0,0,0,8,REGIONAL 5,MALANG,MALANG,SGS,SINGOSARI,,2025-06-01 19:18:11,45808,2025,5,NON TITO,,,JAWA TIMUR,0.0,BLACK,1499228237,AREA 3,JATIM,MALANG,MALANG,,,0,0,0,JAWA TIMUR,MALANG,JABUNG,JABUNG,BATU
12381720166,,ODP-NTG-FD/24,-7.833925,112.371556,,,8,0,0,0,8,REGIONAL 5,MALANG,BATU,NTG,NGANTANG,,2025-09-23 17:30:13,45922,2025,9,NON TITO,,,JAWA TIMUR,0.0,BLACK,1501313255,AREA 3,JATIM,MALANG,MALANG,,,0,0,0,JAWA TIMUR,MALANG,NGANTANG,WATUREJO,BATU
1345768707,,ODP-BLB-FBB/26,-7.903547,112.629742,,,8,0,0,0,8,REGIONAL 5,MALANG,MALANG,BLB,BLIMBING,,2024-03-16 23:24:36,42829,2017,4,NON TITO,,,JAWA TIMUR,0.0,BLACK,81178079,AREA 3,JATIM,MALANG,MALANG,,,0,0,0,JAWA TIMUR,MALANG,KARANGPLOSO,NGENEP,BATU
5431318683,,ODP-BLB-FBY/56,-7.971141,112.651804,,,8,0,0,0,8,REGIONAL 5,MALANG,MALANG,BLB,BLIMBING,,2024-03-16 23:28:26,44097,2020,9,NON TITO,,,JAWA TIMUR,0.0,BLACK,841307015,AREA 3,JATIM,MALANG,MALANG,,,0,0,0,JAWA TIMUR,KOTA MALANG,BLIMBING,BUNULREJO,BATU
12183421991,,ODP-SGS-FF/123,-7.921039,112.733115,,,8,0,0,0,8,REGIONAL 5,MALANG,MALANG,SGS,SINGOSARI,,2025-06-01 19:18:03,45808,2025,5,NON TITO,,,JAWA TIMUR,0.0,BLACK,1499228196,AREA 3,JATIM,MALANG,MALANG,,,0,0,0,JAWA TIMUR,MALANG,PAKIS,BUNUTWETAN,BATU
11036219062,,ODP-BTU-FBS/29,-7.827833,112.458437,,,8,0,0,0,8,REGIONAL 5,MALANG,BATU,BTU,BATU,,2024-03-16 23:29:17,45259,2023,11,NON TITO,,,JAWA TIMUR,0.0,BLACK,1348387309,AREA 3,JATIM,MALANG,MALANG,,,0,0,0,JAWA TIMUR,MALANG,PUJON,MADIREDO,BATU
12183421976,,ODP-SGS-FF/133,-7.926796,112.735209,,,8,0,0,0,8,REGIONAL 5,MALANG,MALANG,SGS,SINGOSARI,,2025-06-01 19:17:01,45808,2025,5,NON TITO,,,JAWA TIMUR,0.0,BLACK,1499228187,AREA 3,JATIM,MALANG,MALANG,,,0,0,0,JAWA TIMUR,MALANG,JABUNG,KEMANTREN,BATU
12434444012,,ODP-SGS-FAC/109,-7.907034,112.672122,,,8,0,0,0,8,REGIONAL 5,MALANG,MALANG,SGS,SINGOSARI,,2025-10-22 17:45:19,45951,2025,10,NON TITO,,,JAWA TIMUR,0.0,BLACK,1502033017,AREA 3,JATIM,MALANG,MALANG,,,0,0,0,JAWA TIMUR,MALANG,SINGOSARI,WATUGEDE,BATU
12178469028,,ODP-LWG-FAD/39,-7.850257,112.700238,,,8,0,0,0,8,REGIONAL 5,MALANG,MALANG,LWG,LAWANG,,2025-05-21 17:54:06,45797,2025,5,NON TITO,,,JAWA TIMUR,0.0,BLACK,1498189288,AREA 3,JATIM,MALANG,MALANG,,,0,0,0,JAWA TIMUR,MALANG,LAWANG,KALIREJO,BATU
12436919061,,ODP-TMP-FD/55,-8.018389,112.762172,,,8,0,0,0,8,REGIONAL 5,MALANG,MALANG,TMP,TUMPANG,,2025-10-23 17:52:21,45952,2025,10,NON TITO,,,JAWA TIMUR,0.0,BLACK,1502068615,AREA 3,JATIM,MALANG,MALANG,,,0,0,0,JAWA TIMUR,MALANG,TUMPANG,TULUSBESAR,BATU
12433695585,,ODP-BLB-FDY/102,-7.937682,112.653898,,,8,0,0,0,8,REGIONAL 5,MALANG,MALANG,BLB,BLIMBING,,2025-10-23 17:52:14,45952,2025,10,NON TITO,,,JAWA TIMUR,0.0,BLACK,1502069805,AREA 3,JATIM,MALANG,MALANG,,,0,0,0,JAWA TIMUR,KOTA MALANG,BLIMBING,PURWODADI,BATU
12442768543,,ODP-BTU-FCE/41,-7.848476,112.4674,,,8,0,0,0,8,REGIONAL 5,MALANG,BATU,BTU,BATU,,2025-10-24 17:52:20,45953,2025,10,NON TITO,,,JAWA TIMUR,0.0,BLACK,1502075831,AREA 3,JATIM,MALANG,MALANG,,,0,0,0,JAWA TIMUR,MALANG,PUJON,PUJON LOR,BATU
12175846900,,ODP-TMP-FJ/101,-8.00393,112.770711,,,8,0,0,0,8,REGIONAL 5,MALANG,MALANG,TMP,TUMPANG,,2025-05-18 18:04:39,45794,2025,5,NON TITO,,,JAWA TIMUR,0.0,BLACK,1498390296,AREA 3,JATIM,MALANG,MALANG,,,0,0,0,JAWA TIMUR,MALANG,TUMPANG,TUMPANG,BATU
12175846890,,ODP-TMP-FJ/90,-8.000966,112.817658,,,8,0,0,0,8,REGIONAL 5,MALANG,MALANG,TMP,TUMPANG,,2025-05-18 18:04:28,45794,2025,5,NON TITO,,,JAWA TIMUR,0.0,BLACK,1498390286,AREA 3,JATIM,MALANG,MALANG,,,0,0,0,JAWA TIMUR,MALANG,TUMPANG,BENJOR,BATU
288152500,,ODP-BLB-FU/19,-7.9554,112.6486,,,8,0,0,0,8,REGIONAL 5,MALANG,MALANG,BLB,BLIMBING,,2024-03-16 23:26:53,42483,2016,4,NON TITO,,,JAWA TIMUR,0.0,BLACK,19474631,AREA 3,JATIM,MALANG,MALANG,,,0,0,0,JAWA TIMUR,KOTA MALANG,BLIMBING,PURWANTORO,BATU
11225218766,,ODP-BLB-FCD/55,-7.932211,112.653935,,,16,0,0,0,16,REGIONAL 5,MALANG,MALANG,BLB,BLIMBING,,2024-03-16 23:23:19,45289,2023,12,NON TITO,,,JAWA TIMUR,0.0,BLACK,1393836448,AREA 3,JATIM,MALANG,MALANG,,,0,0,0,JAWA TIMUR,KOTA MALANG,BLIMBING,ARJOSARI,BATU
12175846880,,ODP-TMP-FJ/95,-8.002789,112.810275,,,8,0,0,0,8,REGIONAL 5,MALANG,MALANG,TMP,TUMPANG,,2025-05-18 18:03:50,45794,2025,5,NON TITO,,,JAWA TIMUR,0.0,BLACK,1498390280,AREA 3,JATIM,MALANG,MALANG,,,0,0,0,JAWA TIMUR,MALANG,TUMPANG,BENJOR,BATU
12175846875,,ODP-TMP-FJ/100,-8.004252,112.802095,,,8,0,0,0,8,REGIONAL 5,MALANG,MALANG,TMP,TUMPANG,,2025-05-18 18:04:38,45794,2025,5,NON TITO,,,JAWA TIMUR,0.0,BLACK,1498390274,AREA 3,JATIM,MALANG,MALANG,,,0,0,0,JAWA TIMUR,MALANG,TUMPANG,BENJOR,BATU
12175846870,,ODP-TMP-FJ/94,-8.002356,112.811965,,,8,0,0,0,8,REGIONAL 5,MALANG,MALANG,TMP,TUMPANG,,2025-05-18 18:04:34,45794,2025,5,NON TITO,,,JAWA TIMUR,0.0,BLACK,1498390271,AREA 3,JATIM,MALANG,MALANG,,,0,0,0,JAWA TIMUR,MALANG,TUMPANG,BENJOR,BATU
12175846855,,ODP-TMP-FJ/99,-8.004079,112.805189,,,8,0,0,0,8,REGIONAL 5,MALANG,MALANG,TMP,TUMPANG,,2025-05-18 18:04:06,45794,2025,5,NON TITO,,,JAWA TIMUR,0.0,BLACK,1498390260,AREA 3,JATIM,MALANG,MALANG,,,0,0,0,JAWA TIMUR,MALANG,TUMPANG,BENJOR,BATU
288151630,,ODP-BLB-FBD/16,-7.925,112.6561,,,16,0,0,0,16,REGIONAL 5,MALANG,MALANG,BLB,BLIMBING,,2024-03-16 23:28:15,42483,2016,4,NON TITO,,,JAWA TIMUR,0.0,BLACK,19474033,AREA 3,JATIM,MALANG,MALANG,,,0,0,0,JAWA TIMUR,KOTA MALANG,BLIMBING,BALEARJOSARI,BATU
12440749922,,ODP-BTU-FBH/54,-7.897745,112.531479,,,8,0,0,0,8,REGIONAL 5,MALANG,BATU,BTU,BATU,,2025-11-10 17:35:56,45969,2025,11,NON TITO,,,JAWA TIMUR,0.0,BLACK,1502440334,AREA 3,JATIM,MALANG,MALANG,,,0,0,0,JAWA TIMUR,KOTA BATU,BATU,ORO-ORO OMBO,BATU
12440749927,,ODP-BTU-FBH/53,-7.897688,112.531298,,,8,0,0,0,8,REGIONAL 5,MALANG,BATU,BTU,BATU,,2025-11-10 17:35:45,45969,2025,11,NON TITO,,,JAWA TIMUR,0.0,BLACK,1502440338,AREA 3,JATIM,MALANG,MALANG,,,0,0,0,JAWA TIMUR,KOTA BATU,BATU,ORO-ORO OMBO,BATU
5327069713,,ODP-PKS-FX/01,-7.95903,112.727388,,,8,0,0,0,8,REGIONAL 5,MALANG,MALANG,PKS,PAKIS,,2024-03-16 23:26:10,44071,2020,8,NON TITO,,,JAWA TIMUR,0.0,BLACK,839820757,AREA 3,JATIM,MALANG,MALANG,,,0,0,0,JAWA TIMUR,MALANG,PAKIS,PAKISJAJAR,BATU
12186343577,,ODP-SGS-FAB/73,-7.872976,112.664169,,,8,0,0,0,8,REGIONAL 5,MALANG,MALANG,SGS,SINGOSARI,,2025-05-25 17:57:29,45801,2025,5,NON TITO,,,JAWA TIMUR,0.0,BLACK,1498212536,AREA 3,JATIM,MALANG,MALANG,,,0,0,0,JAWA TIMUR,MALANG,SINGOSARI,CANDIRENGGO,BATU
12184018724,,ODP-PKS-FH/55,-7.951209,112.758368,,,8,0,0,0,8,REGIONAL 5,MALANG,MALANG,PKS,PAKIS,,2025-05-28 17:52:52,45804,2025,5,NON TITO,,,JAWA TIMUR,0.0,BLACK,1498225386,AREA 3,JATIM,MALANG,MALANG,,,0,0,0,JAWA TIMUR,MALANG,JABUNG,GADINGKEMBAR,BATU
12436018895,,ODP-PKS-FAD/03,-7.961871,112.686095,,,8,0,0,0,8,REGIONAL 5,MALANG,MALANG,PKS,PAKIS,,2025-10-22 17:44:24,45951,2025,10,NON TITO,,,JAWA TIMUR,0.0,BLACK,1502032619,AREA 3,JATIM,MALANG,MALANG,,,0,0,0,JAWA TIMUR,MALANG,PAKIS,ASRIKATON,BATU
12436018869,,ODP-LWG-FAH/17,-7.815858,112.66599,,,8,0,0,0,8,REGIONAL 5,MALANG,MALANG,LWG,LAWANG,,2025-10-22 17:44:56,45951,2025,10,NON TITO,,,JAWA TIMUR,0.0,BLACK,1502032537,AREA 3,JATIM,MALANG,MALANG,,,0,0,0,JAWA TIMUR,MALANG,LAWANG,WONOREJO,BATU
12020522160,,ODP-BTU-FW/83,-7.886099,112.51605,,,8,0,0,0,8,REGIONAL 5,MALANG,BATU,BTU,BATU,,2024-12-27 17:32:19,45652,2024,12,NON TITO,,,JAWA TIMUR,0.0,BLACK,1495633302,AREA 3,JATIM,MALANG,MALANG,,,0,0,0,JAWA TIMUR,KOTA BATU,BATU,NGAGLIK,BATU
12430469069,,ODP-KPO-FBS/43,-7.926552,112.52769,,,8,0,0,0,8,REGIONAL 5,MALANG,BATU,KPO,KARANGPLOSO,,2025-10-10 17:50:41,45939,2025,10,NON TITO,,,JAWA TIMUR,0.0,BLACK,1501997341,AREA 3,JATIM,MALANG,MALANG,,,0,0,0,JAWA TIMUR,MALANG,DAU,GADINGKULON,BATU
12431293718,,ODP-BLB-FDQ/90,-7.928313,112.651611,,,8,0,0,0,8,REGIONAL 5,MALANG,MALANG,BLB,BLIMBING,,2025-10-11 18:37:04,45940,2025,10,NON TITO,,,JAWA TIMUR,0.0,BLACK,1501931886,AREA 3,JATIM,MALANG,MALANG,,,0,0,0,JAWA TIMUR,KOTA MALANG,BLIMBING,ARJOSARI,BATU
12186118806,,ODP-BTU-FBT/42,-7.866895,112.503753,,,8,0,0,0,8,REGIONAL 5,MALANG,BATU,BTU,BATU,,2025-05-31 18:09:23,45807,2025,5,NON TITO,,,JAWA TIMUR,0.0,BLACK,1499221870,AREA 3,JATIM,MALANG,MALANG,,,0,0,0,JAWA TIMUR,KOTA BATU,BATU,SONGGOKERTO,BATU
12020223384,,ODP-TMP-FL/13,-8.047348,112.781361,,,8,0,0,0,8,REGIONAL 5,MALANG,MALANG,TMP,TUMPANG,,2024-12-29 17:47:39,45654,2024,12,NON TITO,,,JAWA TIMUR,0.0,BLACK,1495645423,AREA 3,JATIM,MALANG,MALANG,,,0,0,0,JAWA TIMUR,MALANG,PONCOKUSUMO,WONOREJO,BATU
9355544216,,ODP-TMP-FA/130,-8.035453,112.785832,,,8,0,0,0,8,REGIONAL 5,MALANG,MALANG,TMP,TUMPANG,,2024-03-16 23:23:01,44837,2022,10,NON TITO,,,JAWA TIMUR,0.0,BLACK,1230071069,AREA 3,JATIM,MALANG,MALANG,,,0,0,0,JAWA TIMUR,MALANG,PONCOKUSUMO,WRINGINANOM,BATU
1026804109,,ODP-BTU-FAC/14,-7.883841,112.525015,,,8,0,0,0,8,REGIONAL 5,MALANG,BATU,BTU,BATU,,2024-03-16 23:26:56,42675,2016,11,NON TITO,,,JAWA TIMUR,0.0,BLACK,37399151,AREA 3,JATIM,MALANG,MALANG,,,0,0,0,JAWA TIMUR,KOTA BATU,BATU,SISIR,BATU
12430694052,,ODP-KPO-FQ/62,-7.918897,112.609683,,,8,0,0,0,8,REGIONAL 5,MALANG,BATU,KPO,KARANGPLOSO,,2025-10-14 18:02:20,45943,2025,10,NON TITO,,,JAWA TIMUR,0.0,BLACK,1502009208,AREA 3,JATIM,MALANG,MALANG,,,0,0,0,JAWA TIMUR,MALANG,KARANG PLOSO,AMPELDENTO,BATU
12202243573,,OTB-BLB-83,-7.947215,112.650465,,,16,0,0,0,16,REGIONAL 5,MALANG,MALANG,BLB,BLIMBING,,2025-06-05 17:43:44,45812,2025,6,NON TITO,,,JAWA TIMUR,0.0,BLACK,1499248855,AREA 3,JATIM,MALANG,MALANG,,,0,0,0,JAWA TIMUR,KOTA MALANG,BLIMBING,BLIMBING,BATU
12184018744,,ODP-PKS-FH/56,-7.952135,112.759834,,,8,0,0,0,8,REGIONAL 5,MALANG,MALANG,PKS,PAKIS,,2025-05-28 17:52:45,45804,2025,5,NON TITO,,,JAWA TIMUR,0.0,BLACK,1498225406,AREA 3,JATIM,MALANG,MALANG,,,0,0,0,JAWA TIMUR,MALANG,JABUNG,GADINGKEMBAR,BATU
5548021023,,ODP-BLB-FDV/21,-7.965936,112.647873,,,8,0,0,0,8,REGIONAL 5,MALANG,MALANG,BLB,BLIMBING,,2024-03-16 23:24:23,44121,2020,10,NON TITO,,,JAWA TIMUR,0.0,BLACK,855571924,AREA 3,JATIM,MALANG,MALANG,,,0,0,0,JAWA TIMUR,KOTA MALANG,BLIMBING,BUNULREJO,BATU
12184018729,,ODP-PKS-FH/59,-7.953461,112.766634,,,8,0,0,0,8,REGIONAL 5,MALANG,MALANG,PKS,PAKIS,,2025-05-28 17:52:40,45804,2025,5,NON TITO,,,JAWA TIMUR,0.0,BLACK,1498225389,AREA 3,JATIM,MALANG,MALANG,,,0,0,0,JAWA TIMUR,MALANG,JABUNG,GADINGKEMBAR,BATU
12430694135,,ODP-PKS-FH/68,-7.915369,112.76395,,,8,0,0,0,8,REGIONAL 5,MALANG,MALANG,PKS,PAKIS,,2025-10-14 18:03:28,45944,2025,10,NON TITO,,,JAWA TIMUR,0.0,BLACK,1502010714,AREA 3,JATIM,MALANG,MALANG,,,0,0,0,JAWA TIMUR,MALANG,JABUNG,KEMIRI,BATU
1364593528,,ODP-KPO-FP/02,-7.897508,112.593094,,,8,0,0,0,8,REGIONAL 5,MALANG,BATU,KPO,KARANGPLOSO,,2024-03-16 23:23:55,42842,2017,4,NON TITO,,,JAWA TIMUR,0.0,BLACK,81744407,AREA 3,JATIM,MALANG,MALANG,,,0,0,0,JAWA TIMUR,MALANG,KARANG PLOSO,GIRIMOYO,BATU
288130088,,ODP-BLB-FR/29,-7.9409,112.6204,,,8,0,0,0,8,REGIONAL 5,MALANG,MALANG,BLB,BLIMBING,,2024-03-16 23:22:58,42483,2016,4,NON TITO,,,JAWA TIMUR,0.0,BLACK,19459726,AREA 3,JATIM,MALANG,MALANG,,,0,0,0,JAWA TIMUR,KOTA MALANG,LOWOKWARU,JATIMULYO,BATU
1364593549,,ODP-KPO-FP/01,-7.898936,112.593783,,,8,0,0,0,8,REGIONAL 5,MALANG,BATU,KPO,KARANGPLOSO,,2024-03-16 23:23:49,42842,2017,4,NON TITO,,,JAWA TIMUR,0.0,BLACK,81744420,AREA 3,JATIM,MALANG,MALANG,,,0,0,0,JAWA TIMUR,MALANG,KARANG PLOSO,GIRIMOYO,BATU
9355619976,,ODP-TMP-FJ/78,-8.012951,112.76911,,,8,0,0,0,8,REGIONAL 5,MALANG,MALANG,TMP,TUMPANG,,2024-03-16 23:25:03,44840,2022,10,NON TITO,,,JAWA TIMUR,0.0,BLACK,1230090638,AREA 3,JATIM,MALANG,MALANG,,,0,0,0,JAWA TIMUR,MALANG,TUMPANG,TULUSBESAR,BATU
12436693633,,ODP-NTG-FE/25,-7.846903,112.373661,,,8,0,0,0,8,REGIONAL 5,MALANG,BATU,NTG,NGANTANG,,2025-10-18 17:33:44,45947,2025,10,NON TITO,,,JAWA TIMUR,0.0,BLACK,1502022108,AREA 3,JATIM,MALANG,MALANG,,,0,0,0,JAWA TIMUR,MALANG,NGANTANG,TULUNGREJO,BATU
4748444049,,ODP-BLB-FBJ/43,-7.932682,112.626514,,,8,0,0,0,8,REGIONAL 5,MALANG,MALANG,BLB,BLIMBING,,2024-03-16 23:21:20,43909,2020,3,NON TITO,,,JAWA TIMUR,0.0,BLACK,826854939,AREA 3,JATIM,MALANG,MALANG,,,0,0,0,JAWA TIMUR,KOTA MALANG,LOWOKWARU,MOJOLANGU,BATU
12460168784,,ODP-BTU-FBW/11,-7.863748,112.515688,,,8,0,0,0,8,REGIONAL 5,MALANG,BATU,BTU,BATU,,2025-11-11 23:35:21,45972,2025,11,NON TITO,,,JAWA TIMUR,0.0,BLACK,1502247928,AREA 3,JATIM,MALANG,MALANG,,,0,0,0,JAWA TIMUR,KOTA BATU,BATU,PESANGGRAHAN,BATU
12375718605,,ODP-KPO-FBQ/69,-7.88505,112.605865,,,16,0,0,0,16,REGIONAL 5,MALANG,BATU,KPO,KARANGPLOSO,,2025-09-16 17:34:04,45911,2025,9,NON TITO,,,JAWA TIMUR,0.0,BLACK,1501019158,AREA 3,JATIM,MALANG,MALANG,,,0,0,0,JAWA TIMUR,MALANG,KARANG PLOSO,NGIJO,BATU
12361169193,,ODP-BLB-FDU/47,-7.944857,112.650634,,,8,0,0,0,8,REGIONAL 5,MALANG,MALANG,BLB,BLIMBING,,2025-09-11 17:50:44,45910,2025,9,NON TITO,,,JAWA TIMUR,0.0,BLACK,1501012608,AREA 3,JATIM,MALANG,MALANG,,,0,0,0,JAWA TIMUR,KOTA MALANG,BLIMBING,BLIMBING,BATU
2503394709,,ODP-KPO-FB/68,-7.924344,112.591874,,,8,0,0,0,8,REGIONAL 5,MALANG,BATU,KPO,KARANGPLOSO,,2024-03-16 23:28:37,43231,2018,5,NON TITO,,,JAWA TIMUR,0.0,BLACK,354188655,AREA 3,JATIM,MALANG,MALANG,,,0,0,0,JAWA TIMUR,MALANG,DAU,MULYOAGUNG,BATU
9885718744,,ODP-PKS-FAB/88,-7.955141,112.665883,,,8,0,0,0,8,REGIONAL 5,MALANG,MALANG,PKS,PAKIS,,2024-03-16 23:23:07,44972,2023,2,NON TITO,,,JAWA TIMUR,0.0,BLACK,1267209717,AREA 3,JATIM,MALANG,MALANG,,,0,0,0,JAWA TIMUR,MALANG,PAKIS,MANGLIAWAN,BATU
12261493817,,ODP-BTU-FZ/57,-7.911004,112.530924,,,8,0,0,0,8,REGIONAL 5,MALANG,BATU,BTU,BATU,,2025-07-11 18:14:12,45848,2025,7,NON TITO,,,JAWA TIMUR,0.0,BLACK,1500122993,AREA 3,JATIM,MALANG,MALANG,,,0,0,0,JAWA TIMUR,KOTA BATU,JUNREJO,TLEKUNG,BATU
12264493528,,ODP-TMP-FA/143,-8.043279,112.809255,,,8,0,0,0,8,REGIONAL 5,MALANG,MALANG,TMP,TUMPANG,,2025-07-11 18:13:47,45848,2025,7,NON TITO,,,JAWA TIMUR,0.0,BLACK,1500048610,AREA 3,JATIM,MALANG,MALANG,,,0,0,0,JAWA TIMUR,MALANG,PONCOKUSUMO,PONCOKUSUMO,BATU
5411144070,,ODP-TMP-FA/104,-8.034944,112.810514,,,8,0,0,0,8,REGIONAL 5,MALANG,MALANG,TMP,TUMPANG,,2024-03-16 23:21:08,44090,2020,9,NON TITO,,,JAWA TIMUR,0.0,BLACK,843195261,AREA 3,JATIM,MALANG,MALANG,,,0,0,0,JAWA TIMUR,MALANG,PONCOKUSUMO,WRINGINANOM,BATU
5684599311,,ODP-BLB-FDX/114,-7.954854,112.653184,,,8,0,0,0,8,REGIONAL 5,MALANG,MALANG,BLB,BLIMBING,,2024-03-16 23:28:23,44160,2020,11,NON TITO,,,JAWA TIMUR,0.0,BLACK,857110448,AREA 3,JATIM,MALANG,MALANG,,,0,0,0,JAWA TIMUR,KOTA MALANG,BLIMBING,PURWANTORO,BATU
9883094743,,ODP-BLB-FDY/92,-7.937834,112.66816,,,8,0,0,0,8,REGIONAL 5,MALANG,MALANG,BLB,BLIMBING,,2024-03-16 23:21:18,44972,2023,2,NON TITO,,,JAWA TIMUR,0.0,BLACK,1267207502,AREA 3,JATIM,MALANG,MALANG,,,0,0,0,JAWA TIMUR,MALANG,PAKIS,TIRTOMOYO,BATU
12108793624,,ODP-PKS-FW/82,-7.947372,112.766705,,,8,0,0,0,8,REGIONAL 5,MALANG,MALANG,PKS,PAKIS,,2025-04-21 00:02:31,45766,2025,4,NON TITO,,,JAWA TIMUR,0.0,BLACK,1497295566,AREA 3,JATIM,MALANG,MALANG,,,0,0,0,JAWA TIMUR,MALANG,JABUNG,ARGOSARI,BATU
293056015,,ODP-BTU-FF/16,-7.8958,112.5335,,,8,0,0,0,8,REGIONAL 5,MALANG,BATU,BTU,BATU,,2024-03-16 23:25:06,42485,2016,4,NON TITO,,,JAWA TIMUR,0.0,BLACK,19782585,AREA 3,JATIM,MALANG,MALANG,,,0,0,0,JAWA TIMUR,KOTA BATU,BATU,ORO-ORO OMBO,BATU
8942146135,,ODP-SGS-FF/97,-7.916603,112.698823,,,8,0,0,0,8,REGIONAL 5,MALANG,MALANG,SGS,SINGOSARI,,2024-03-16 23:27:59,44747,2022,7,NON TITO,,,JAWA TIMUR,0.0,BLACK,1193104076,AREA 3,JATIM,MALANG,MALANG,,,0,0,0,JAWA TIMUR,MALANG,SINGOSARI,DENGKOL,BATU
8897594044,,ODP-BTU-FY/26,-7.897109,112.557871,,,8,0,0,0,8,REGIONAL 5,MALANG,BATU,BTU,BATU,,2023-08-30 18:01:28,44733,2022,6,NON TITO,,,JAWA TIMUR,0.0,BLACK,1185322483,AREA 3,JATIM,MALANG,MALANG,,,0,0,0,JAWA TIMUR,KOTA BATU,JUNREJO,BEJI,BATU
9883094718,,ODP-BLB-FDY/89,-7.936502,112.667221,,,8,0,0,0,8,REGIONAL 5,MALANG,MALANG,BLB,BLIMBING,,2024-03-16 23:21:43,44972,2023,2,NON TITO,,,JAWA TIMUR,0.0,BLACK,1267207486,AREA 3,JATIM,MALANG,MALANG,,,0,0,0,JAWA TIMUR,MALANG,PAKIS,TIRTOMOYO,BATU
9883094713,,ODP-BLB-FDY/95,-7.938967,112.667672,,,8,0,0,0,8,REGIONAL 5,MALANG,MALANG,BLB,BLIMBING,,2024-03-16 23:21:44,44972,2023,2,NON TITO,,,JAWA TIMUR,0.0,BLACK,1267207482,AREA 3,JATIM,MALANG,MALANG,,,0,0,0,JAWA TIMUR,MALANG,PAKIS,TIRTOMOYO,BATU
12234194012,,ODP-BTU-FAA/09,-7.912299,112.551756,,,8,0,0,0,8,REGIONAL 5,MALANG,BATU,BTU,BATU,,2025-06-28 17:50:21,45835,2025,6,NON TITO,,,JAWA TIMUR,0.0,BLACK,1499587290,AREA 3,JATIM,MALANG,MALANG,,,0,0,0,JAWA TIMUR,KOTA BATU,JUNREJO,TLEKUNG,BATU
12224144541,,ODP-BTU-FAK/41,-7.830193,112.451308,,,8,0,0,0,8,REGIONAL 5,MALANG,BATU,BTU,BATU,,2025-06-26 06:42:22,45833,2025,6,NON TITO,,,JAWA TIMUR,0.0,BLACK,1499433816,AREA 3,JATIM,MALANG,MALANG,,,0,0,0,JAWA TIMUR,MALANG,PUJON,TAWANGSARI,BATU
12224144536,,ODP-BTU-FAK/36,-7.817855,112.450006,,,8,0,0,0,8,REGIONAL 5,MALANG,BATU,BTU,BATU,,2025-06-26 06:41:54,45833,2025,6,NON TITO,,,JAWA TIMUR,0.0,BLACK,1499433813,AREA 3,JATIM,MALANG,MALANG,,,0,0,0,JAWA TIMUR,MALANG,PUJON,TAWANGSARI,BATU
3106093783,,ODP-KPO-FBC/51,-7.927614,112.582462,,,16,0,0,0,16,REGIONAL 5,MALANG,BATU,KPO,KARANGPLOSO,,2024-03-16 23:25:14,43420,2018,11,NON TITO,,,JAWA TIMUR,0.0,BLACK,406299983,AREA 3,JATIM,MALANG,MALANG,,,0,0,0,JAWA TIMUR,MALANG,DAU,LANDUNGSARI,BATU
11873368734,,ODP-BTU-FAK/30,-7.84223,112.441583,,,8,0,0,0,8,REGIONAL 5,MALANG,BATU,BTU,BATU,,2024-10-27 17:28:18,45591,2024,10,NON TITO,,,JAWA TIMUR,0.0,BLACK,1479865959,AREA 3,JATIM,MALANG,MALANG,,,0,0,0,JAWA TIMUR,MALANG,PUJON,NGABAB,BATU
12305218640,,ODP-TMP-FH/73,-8.008847,112.703223,,,8,0,0,0,8,REGIONAL 5,MALANG,MALANG,TMP,TUMPANG,,2025-08-21 06:28:04,45889,2025,8,NON TITO,,,JAWA TIMUR,0.0,BLACK,1500584677,AREA 3,JATIM,MALANG,MALANG,,,0,0,0,JAWA TIMUR,MALANG,TUMPANG,KAMBINGAN,BATU
11873368729,,ODP-BTU-FAK/28,-7.840926,112.440528,,,8,0,0,0,8,REGIONAL 5,MALANG,BATU,BTU,BATU,,2024-10-27 17:28:13,45591,2024,10,NON TITO,,,JAWA TIMUR,0.0,BLACK,1479865956,AREA 3,JATIM,MALANG,MALANG,,,0,0,0,JAWA TIMUR,MALANG,PUJON,NGABAB,BATU
12298318583,,ODP-TMP-FH/68,-8.01605,112.720366,,,8,0,0,0,8,REGIONAL 5,MALANG,MALANG,TMP,TUMPANG,,2025-08-10 18:19:45,45878,2025,8,NON TITO,,,JAWA TIMUR,0.0,BLACK,1500449520,AREA 3,JATIM,MALANG,MALANG,,,0,0,0,JAWA TIMUR,MALANG,TUMPANG,PANDANAJENG,BATU
12269969100,,ODP-PKS-FX/81,-7.963281,112.721563,,,8,0,0,0,8,REGIONAL 5,MALANG,MALANG,PKS,PAKIS,,2025-07-26 18:31:37,45862,2025,7,NON TITO,,,JAWA TIMUR,0.0,BLACK,1500361319,AREA 3,JATIM,MALANG,MALANG,,,0,0,0,JAWA TIMUR,MALANG,PAKIS,PAKISJAJAR,BATU
12272518584,,ODP-BTU-FBS/33,-7.824161,112.468287,,,8,0,0,0,8,REGIONAL 5,MALANG,BATU,BTU,BATU,,2025-07-26 18:36:58,45862,2025,7,NON TITO,,,JAWA TIMUR,0.0,BLACK,1500360654,AREA 3,JATIM,MALANG,MALANG,,,0,0,0,JAWA TIMUR,MALANG,PUJON,MADIREDO,BATU
5431245179,,ODP-BLB-FDT/15,-7.94657,112.641841,,,8,0,0,0,8,REGIONAL 5,MALANG,MALANG,BLB,BLIMBING,,2024-03-16 23:25:08,44100,2020,9,NON TITO,,,JAWA TIMUR,0.0,BLACK,843830028,AREA 3,JATIM,MALANG,MALANG,,,0,0,0,JAWA TIMUR,KOTA MALANG,BLIMBING,PURWANTORO,BATU
12277168667,,ODP-KPO-FBF/98,-7.909721,112.560551,,,8,0,0,0,8,REGIONAL 5,MALANG,BATU,KPO,KARANGPLOSO,,2025-07-30 00:05:36,45866,2025,7,NON TITO,,,JAWA TIMUR,0.0,BLACK,1500382445,AREA 3,JATIM,MALANG,MALANG,,,0,0,0,JAWA TIMUR,KOTA BATU,JUNREJO,JUNREJO,BATU
12273493995,,ODP-LWG-FZ/17,-7.82152,112.707,,,8,0,0,0,8,REGIONAL 5,MALANG,MALANG,LWG,LAWANG,,2025-07-31 17:59:04,45869,2025,7,NON TITO,,,JAWA TIMUR,0.0,BLACK,1500399186,AREA 3,JATIM,MALANG,MALANG,,,0,0,0,JAWA TIMUR,PASURUAN,PURWODADI,SENTUL,BATU
11813293585,,ODP-BTU-FY/71,-7.895839,112.552399,,,8,0,0,0,8,REGIONAL 5,MALANG,BATU,BTU,BATU,,2024-10-04 17:23:37,45568,2024,10,NON TITO,,,JAWA TIMUR,0.0,BLACK,1465012662,AREA 3,JATIM,MALANG,MALANG,,,0,0,0,JAWA TIMUR,KOTA BATU,JUNREJO,BEJI,BATU
12280244031,,ODP-NTG-FB/31,-7.876443,112.420008,,,8,0,0,0,8,REGIONAL 5,MALANG,BATU,NTG,NGANTANG,,2025-08-02 18:14:59,45870,2025,8,NON TITO,,,JAWA TIMUR,0.0,BLACK,1500424036,AREA 3,JATIM,MALANG,MALANG,,,0,0,0,JAWA TIMUR,MALANG,PUJON,BENDOSARI,BATU
12280244048,,ODP-NTG-FB/28,-7.875882,112.430517,,,8,0,0,0,8,REGIONAL 5,MALANG,BATU,NTG,NGANTANG,,2025-08-02 18:13:37,45870,2025,8,NON TITO,,,JAWA TIMUR,0.0,BLACK,1500424049,AREA 3,JATIM,MALANG,MALANG,,,0,0,0,JAWA TIMUR,MALANG,PUJON,BENDOSARI,BATU
11833395598,,ODP-TMP-FL/02,-8.038002,112.752019,,,8,0,0,0,8,REGIONAL 5,MALANG,MALANG,TMP,TUMPANG,,2024-10-17 17:29:33,45581,2024,10,NON TITO,,,JAWA TIMUR,0.0,BLACK,1465688658,AREA 3,JATIM,MALANG,MALANG,,,0,0,0,JAWA TIMUR,MALANG,PONCOKUSUMO,WONOMULYO,BATU
5661869373,,ODP-BLB-FCF/57,-7.940441,112.620592,,,8,0,0,0,8,REGIONAL 5,MALANG,MALANG,BLB,BLIMBING,,2024-03-16 23:27:48,44150,2020,11,NON TITO,,,JAWA TIMUR,0.0,BLACK,856776514,AREA 3,JATIM,MALANG,MALANG,,,0,0,0,JAWA TIMUR,KOTA MALANG,LOWOKWARU,JATIMULYO,BATU
12286243591,,ODP-BLB-FBJ/54,-7.92361,112.623183,,,8,0,0,0,8,REGIONAL 5,MALANG,MALANG,BLB,BLIMBING,,2025-08-06 18:05:33,45871,2025,8,NON TITO,,,JAWA TIMUR,0.0,BLACK,1500489966,AREA 3,JATIM,MALANG,MALANG,,,0,0,0,JAWA TIMUR,KOTA MALANG,LOWOKWARU,TASIK MADU,BATU
3027795098,,VODP-LWG-FM/39,-7.821596,112.729407,,,16,0,0,0,16,REGIONAL 5,MALANG,MALANG,LWG,LAWANG,,2024-09-21 23:30:38,43391,2018,10,NON TITO,,,JAWA TIMUR,0.0,BLACK,405693878,AREA 3,JATIM,MALANG,MALANG,,,0,0,0,JAWA TIMUR,MALANG,LAWANG,SUMBER NGEPOH,BATU
5661869340,,ODP-BLB-FCF/53,-7.939234,112.619589,,,8,0,0,0,8,REGIONAL 5,MALANG,MALANG,BLB,BLIMBING,,2024-03-16 23:27:59,44150,2020,11,NON TITO,,,JAWA TIMUR,0.0,BLACK,856776492,AREA 3,JATIM,MALANG,MALANG,,,0,0,0,JAWA TIMUR,KOTA MALANG,LOWOKWARU,JATIMULYO,BATU
12262395644,,ODP-PKS-FY/35,-7.955793,112.708039,,,8,0,0,0,8,REGIONAL 5,MALANG,MALANG,PKS,PAKIS,,2025-07-22 18:29:18,45859,2025,7,NON TITO,,,JAWA TIMUR,0.0,BLACK,1500340587,AREA 3,JATIM,MALANG,MALANG,,,0,0,0,JAWA TIMUR,MALANG,PAKIS,BUNUTWETAN,BATU
5684599146,,ODP-BLB-FDX/20,-7.960381,112.652437,,,8,0,0,0,8,REGIONAL 5,MALANG,MALANG,BLB,BLIMBING,,2024-03-16 23:28:07,44160,2020,11,NON TITO,,,JAWA TIMUR,0.0,BLACK,857110330,AREA 3,JATIM,MALANG,MALANG,,,0,0,0,JAWA TIMUR,KOTA MALANG,BLIMBING,PANDANWANGI,BATU
12260897675,,ODP-BTU-FCC/36,-7.851885,112.484463,,,8,0,0,0,8,REGIONAL 5,MALANG,BATU,BTU,BATU,,2025-07-20 18:18:48,45857,2025,7,NON TITO,,,JAWA TIMUR,0.0,BLACK,1500180508,AREA 3,JATIM,MALANG,MALANG,,,0,0,0,JAWA TIMUR,MALANG,PUJON,PANDESARI,BATU
12290743816,,ODP-KPO-FBE/111,-7.911924,112.584032,,,8,0,0,0,8,REGIONAL 5,MALANG,BATU,KPO,KARANGPLOSO,,2025-08-09 17:59:25,45877,2025,8,NON TITO,,,JAWA TIMUR,0.0,BLACK,1500525615,AREA 3,JATIM,MALANG,MALANG,,,0,0,0,JAWA TIMUR,MALANG,DAU,MULYOAGUNG,BATU
11873368709,,ODP-BTU-FAK/29,-7.842985,112.441311,,,8,0,0,0,8,REGIONAL 5,MALANG,BATU,BTU,BATU,,2024-10-27 17:28:08,45591,2024,10,NON TITO,,,JAWA TIMUR,0.0,BLACK,1479865942,AREA 3,JATIM,MALANG,MALANG,,,0,0,0,JAWA TIMUR,MALANG,PUJON,NGABAB,BATU
9882944633,,ODP-BLB-FDY/82,-7.942232,112.672096,,,8,0,0,0,8,REGIONAL 5,MALANG,MALANG,BLB,BLIMBING,,2024-03-16 23:25:07,44971,2023,2,NON TITO,,,JAWA TIMUR,0.0,BLACK,1267198891,AREA 3,JATIM,MALANG,MALANG,,,0,0,0,JAWA TIMUR,MALANG,PAKIS,TIRTOMOYO,BATU
1678545454,,VODP-LWG-FL/35,-7.826997,112.724724,,,16,0,0,0,16,REGIONAL 5,MALANG,MALANG,LWG,LAWANG,,2024-09-21 23:30:49,42956,2017,8,NON TITO,,,JAWA TIMUR,0.0,BLACK,185807893,AREA 3,JATIM,MALANG,MALANG,,,0,0,0,JAWA TIMUR,MALANG,LAWANG,SUMBER PORONG,BATU
2495675172,,ODP-BLB-FCV/41,-7.941099,112.620026,,,8,0,0,0,8,REGIONAL 5,MALANG,MALANG,BLB,BLIMBING,,2024-03-16 23:22:25,43229,2018,5,NON TITO,,,JAWA TIMUR,0.0,BLACK,353759154,AREA 3,JATIM,MALANG,MALANG,,,0,0,0,JAWA TIMUR,KOTA MALANG,LOWOKWARU,JATIMULYO,BATU
5489669205,,ODP-BLB-FEB/32,-7.958169,112.644295,,,8,0,0,0,8,REGIONAL 5,MALANG,MALANG,BLB,BLIMBING,,2023-08-30 18:09:15,44113,2020,10,NON TITO,,,JAWA TIMUR,0.0,BLACK,845307664,AREA 3,JATIM,MALANG,MALANG,,,0,0,0,JAWA TIMUR,KOTA MALANG,BLIMBING,PURWANTORO,BATU
12203668631,,ODP-BLB-FCG/43,-7.939078,112.635428,,,16,0,0,0,16,REGIONAL 5,MALANG,MALANG,BLB,BLIMBING,,2025-06-12 17:57:34,45820,2025,6,NON TITO,,,JAWA TIMUR,0.0,BLACK,1499280967,AREA 3,JATIM,MALANG,MALANG,,,0,0,0,JAWA TIMUR,KOTA MALANG,LOWOKWARU,MOJOLANGU,BATU
9243046383,,ODP-BLB-FEA/36,-7.952055,112.646139,,,8,0,0,0,8,REGIONAL 5,MALANG,MALANG,BLB,BLIMBING,,2024-03-16 23:28:37,44814,2022,9,NON TITO,,,JAWA TIMUR,0.0,BLACK,1224699233,AREA 3,JATIM,MALANG,MALANG,,,0,0,0,JAWA TIMUR,KOTA MALANG,BLIMBING,PURWANTORO,BATU
12197143788,,ODP-BLB-FCD/26,-7.93254,112.650748,,,16,0,0,0,16,REGIONAL 5,MALANG,MALANG,BLB,BLIMBING,,2025-06-12 17:56:39,45819,2025,6,NON TITO,,,JAWA TIMUR,0.0,BLACK,1499279415,AREA 3,JATIM,MALANG,MALANG,,,0,0,0,JAWA TIMUR,KOTA MALANG,BLIMBING,ARJOSARI,BATU
1303844919,,ODP-MLG-FBQ/06,-7.966783,112.682914,,,8,0,0,0,8,REGIONAL 5,MALANG,MALANG,PKS,PAKIS,,2024-03-16 23:24:19,42797,2017,3,NON TITO,,,JAWA TIMUR,0.0,BLACK,70181420,AREA 3,JATIM,MALANG,MALANG,,,0,0,0,JAWA TIMUR,MALANG,PAKIS,ASRIKATON,BATU
12336794307,,ODP-SGS-FG/59,-7.900498,112.692892,,,8,0,0,0,8,REGIONAL 5,MALANG,MALANG,SGS,SINGOSARI,,2025-08-31 17:28:29,45898,2025,8,NON TITO,,,JAWA TIMUR,0.0,BLACK,1500718557,AREA 3,JATIM,MALANG,MALANG,,,0,0,0,JAWA TIMUR,MALANG,SINGOSARI,TAMANHARJO,BATU
8797544381,,ODP-SGS-FAM/06,-7.908742,112.658604,,,8,0,0,0,8,REGIONAL 5,MALANG,MALANG,SGS,SINGOSARI,,2024-03-16 23:25:07,44711,2022,5,NON TITO,,,JAWA TIMUR,0.0,BLACK,1182815442,AREA 3,JATIM,MALANG,MALANG,,,0,0,0,JAWA TIMUR,MALANG,SINGOSARI,BANJARARUM,BATU
288124819,,ODP-BLB-FU/51,-7.9569,112.6526,,,16,0,0,0,16,REGIONAL 5,MALANG,MALANG,BLB,BLIMBING,,2024-03-16 23:29:04,42483,2016,4,NON TITO,,,JAWA TIMUR,0.0,BLACK,19455427,AREA 3,JATIM,MALANG,MALANG,,,0,0,0,JAWA TIMUR,KOTA MALANG,BLIMBING,PURWANTORO,BATU
12344743693,,ODP-TMP-FL/37,-8.058579,112.759356,,,8,0,0,0,8,REGIONAL 5,MALANG,MALANG,TMP,TUMPANG,,2025-08-31 17:28:32,45899,2025,8,NON TITO,,,JAWA TIMUR,0.0,BLACK,1500938401,AREA 3,JATIM,MALANG,MALANG,,,0,0,0,JAWA TIMUR,MALANG,PONCOKUSUMO,KARANGNONGKO,BATU
12336269695,,ODP-TMP-FN/14,-8.016389,112.836154,,,8,0,0,0,8,REGIONAL 5,MALANG,MALANG,TMP,TUMPANG,,2025-09-01 17:46:10,45900,2025,8,NON TITO,,,JAWA TIMUR,0.0,BLACK,1500726480,AREA 3,JATIM,MALANG,MALANG,,,0,0,0,JAWA TIMUR,MALANG,PONCOKUSUMO,GUBUKKLAKAH,BATU
5311244686,,ODP-TMP-FH/12,-8.019525,112.711164,,,8,0,0,0,8,REGIONAL 5,MALANG,MALANG,TMP,TUMPANG,,2023-08-30 18:07:43,44057,2020,8,NON TITO,,,JAWA TIMUR,0.0,BLACK,835327692,AREA 3,JATIM,MALANG,MALANG,,,0,0,0,JAWA TIMUR,MALANG,TUMPANG,KIDAL,BATU
5489669190,,ODP-BLB-FEB/33,-7.957763,112.643884,,,8,0,0,0,8,REGIONAL 5,MALANG,MALANG,BLB,BLIMBING,,2024-03-16 23:26:20,44113,2020,10,NON TITO,,,JAWA TIMUR,0.0,BLACK,845307646,AREA 3,JATIM,MALANG,MALANG,,,0,0,0,JAWA TIMUR,KOTA MALANG,BLIMBING,PURWANTORO,BATU
9750193543,,ODP-SGS-FAH/28,-7.870919,112.673857,,,8,0,0,0,8,REGIONAL 5,MALANG,MALANG,SGS,SINGOSARI,,2024-03-16 23:28:23,44932,2023,1,NON TITO,,,JAWA TIMUR,0.0,BLACK,1260855235,AREA 3,JATIM,MALANG,MALANG,,,0,0,0,JAWA TIMUR,MALANG,SINGOSARI,ARDIMULYO,BATU
5400868853,,ODP-TMP-FA/72,-8.051572,112.811436,,,8,0,0,0,8,REGIONAL 5,MALANG,MALANG,TMP,TUMPANG,,2024-03-16 23:21:54,44086,2020,9,NON TITO,,,JAWA TIMUR,0.0,BLACK,842972561,AREA 3,JATIM,MALANG,MALANG,,,0,0,0,JAWA TIMUR,MALANG,PONCOKUSUMO,PONCOKUSUMO,BATU
288050908,,ODP-BLB-FR/47,-7.9406,112.6216,,,8,0,0,0,8,REGIONAL 5,MALANG,MALANG,BLB,BLIMBING,,2024-03-16 23:27:14,42483,2016,4,NON TITO,,,JAWA TIMUR,0.0,BLACK,19381478,AREA 3,JATIM,MALANG,MALANG,,,0,0,0,JAWA TIMUR,KOTA MALANG,LOWOKWARU,TULUSREJO,BATU
10894693659,,ODP-BLB-FBL/107,-7.92138,112.61513,,,8,0,0,0,8,REGIONAL 5,MALANG,MALANG,BLB,BLIMBING,,2024-03-16 23:25:21,45240,2023,11,NON TITO,,,JAWA TIMUR,0.0,BLACK,1333306023,AREA 3,JATIM,MALANG,MALANG,,,0,0,0,JAWA TIMUR,KOTA MALANG,LOWOKWARU,TUNGGULWULUNG,BATU
1678545472,,VODP-LWG-FL/29,-7.825381,112.727231,,,16,0,0,0,16,REGIONAL 5,MALANG,MALANG,LWG,LAWANG,,2024-09-19 17:28:28,42956,2017,8,NON TITO,,,JAWA TIMUR,0.0,BLACK,185807905,AREA 3,JATIM,MALANG,MALANG,,,0,0,0,JAWA TIMUR,MALANG,LAWANG,SUMBER PORONG,BATU
5489146429,,ODP-BLB-FEC/13,-7.94279,112.640834,,,16,0,0,0,16,REGIONAL 5,MALANG,MALANG,BLB,BLIMBING,,2023-08-30 18:09:23,44115,2020,10,NON TITO,,,JAWA TIMUR,0.0,BLACK,845354686,AREA 3,JATIM,MALANG,MALANG,,,0,0,0,JAWA TIMUR,KOTA MALANG,BLIMBING,BLIMBING,BATU
5548021008,,ODP-BLB-FDV/03,-7.96639,112.648024,,,8,0,0,0,8,REGIONAL 5,MALANG,MALANG,BLB,BLIMBING,,2023-08-30 18:07:51,44121,2020,10,NON TITO,,,JAWA TIMUR,0.0,BLACK,855571915,AREA 3,JATIM,MALANG,MALANG,,,0,0,0,JAWA TIMUR,KOTA MALANG,BLIMBING,BUNULREJO,BATU
12321944146,,ODP-LWG-FAK/34,-7.830832,112.675721,,,8,0,0,0,8,REGIONAL 5,MALANG,MALANG,LWG,LAWANG,,2025-08-27 17:39:17,45895,2025,8,NON TITO,,,JAWA TIMUR,0.0,BLACK,1500620562,AREA 3,JATIM,MALANG,MALANG,,,0,0,0,JAWA TIMUR,MALANG,LAWANG,KETINDAN,BATU
12322694591,,ODP-BLB-FBJ/58,-7.926369,112.625607,,,8,0,0,0,8,REGIONAL 5,MALANG,MALANG,BLB,BLIMBING,,2025-08-25 23:21:14,45893,2025,8,NON TITO,,,JAWA TIMUR,0.0,BLACK,1500645848,AREA 3,JATIM,MALANG,MALANG,,,0,0,0,JAWA TIMUR,KOTA MALANG,LOWOKWARU,TUNJUNGSEKAR,BATU
11905543905,,ODP-PKS-FX/69,-7.969237,112.71801,,,8,0,0,0,8,REGIONAL 5,MALANG,MALANG,PKS,PAKIS,,2024-11-11 17:29:57,45606,2024,11,NON TITO,,,JAWA TIMUR,0.0,BLACK,1485878258,AREA 3,JATIM,MALANG,MALANG,,,0,0,0,JAWA TIMUR,MALANG,PAKIS,SUMBERKRADENAN,BATU
8949718857,,ODP-SGS-FAS/07,-7.892741,112.659531,,,8,0,0,0,8,REGIONAL 5,MALANG,MALANG,SGS,SINGOSARI,,2024-03-16 23:23:04,44743,2022,7,NON TITO,,,JAWA TIMUR,0.0,BLACK,1188984348,AREA 3,JATIM,MALANG,MALANG,,,0,0,0,JAWA TIMUR,MALANG,SINGOSARI,PAGENTAN,BATU
12321793606,,ODP-KPO-FV/18,-7.858523,112.594524,,,8,0,0,0,8,REGIONAL 5,MALANG,BATU,KPO,KARANGPLOSO,,2025-08-25 23:22:26,45891,2025,8,NON TITO,,,JAWA TIMUR,0.0,BLACK,1500601037,AREA 3,JATIM,MALANG,MALANG,,,0,0,0,JAWA TIMUR,MALANG,KARANG PLOSO,BOCEK,BATU
12321793615,,ODP-KPO-FV/21,-7.862967,112.595705,,,8,0,0,0,8,REGIONAL 5,MALANG,BATU,KPO,KARANGPLOSO,,2025-08-25 23:21:05,45891,2025,8,NON TITO,,,JAWA TIMUR,0.0,BLACK,1500601043,AREA 3,JATIM,MALANG,MALANG,,,0,0,0,JAWA TIMUR,MALANG,KARANG PLOSO,BOCEK,BATU
12321793618,,ODP-KPO-FV/12,-7.860093,112.596698,,,8,0,0,0,8,REGIONAL 5,MALANG,BATU,KPO,KARANGPLOSO,,2025-08-25 23:22:49,45891,2025,8,NON TITO,,,JAWA TIMUR,0.0,BLACK,1500601045,AREA 3,JATIM,MALANG,MALANG,,,0,0,0,JAWA TIMUR,MALANG,KARANG PLOSO,BOCEK,BATU
12227670295,,ODP-TMP-FL/19,-8.086764,112.771704,,,8,0,0,0,8,REGIONAL 5,MALANG,MALANG,TMP,TUMPANG,,2025-06-24 17:44:58,45831,2025,6,NON TITO,,,JAWA TIMUR,0.0,BLACK,1499455129,AREA 3,JATIM,MALANG,MALANG,,,0,0,0,JAWA TIMUR,MALANG,PONCOKUSUMO,DAWUHAN,BATU
8946718966,,ODP-NTG-FD/17,-7.822876,112.369566,,,8,0,0,0,8,REGIONAL 5,MALANG,BATU,NTG,NGANTANG,,2024-03-16 23:25:29,44741,2022,6,NON TITO,,,JAWA TIMUR,0.0,BLACK,1188972958,AREA 3,JATIM,MALANG,MALANG,,,0,0,0,JAWA TIMUR,MALANG,NGANTANG,JOMBOK,BATU
5684599441,,ODP-BLB-FDX/78,-7.960325,112.654197,,,8,0,0,0,8,REGIONAL 5,MALANG,MALANG,BLB,BLIMBING,,2024-03-16 23:27:48,44160,2020,11,NON TITO,,,JAWA TIMUR,0.0,BLACK,857110542,AREA 3,JATIM,MALANG,MALANG,,,0,0,0,JAWA TIMUR,KOTA MALANG,BLIMBING,PANDANWANGI,BATU
12201718723,,ODP-BTU-FW/85,-7.889019,112.512111,,,8,0,0,0,8,REGIONAL 5,MALANG,BATU,BTU,BATU,,2025-06-07 17:57:27,45814,2025,6,NON TITO,,,JAWA TIMUR,0.0,BLACK,1499309551,AREA 3,JATIM,MALANG,MALANG,,,0,0,0,JAWA TIMUR,KOTA BATU,BATU,NGAGLIK,BATU
12321793621,,ODP-KPO-FV/13,-7.858837,112.596971,,,8,0,0,0,8,REGIONAL 5,MALANG,BATU,KPO,KARANGPLOSO,,2025-08-25 23:22:24,45891,2025,8,NON TITO,,,JAWA TIMUR,0.0,BLACK,1500601047,AREA 3,JATIM,MALANG,MALANG,,,0,0,0,JAWA TIMUR,MALANG,KARANG PLOSO,BOCEK,BATU
12321793636,,ODP-KPO-FV/17,-7.858568,112.593655,,,8,0,0,0,8,REGIONAL 5,MALANG,BATU,KPO,KARANGPLOSO,,2025-08-25 23:22:34,45891,2025,8,NON TITO,,,JAWA TIMUR,0.0,BLACK,1500601060,AREA 3,JATIM,MALANG,MALANG,,,0,0,0,JAWA TIMUR,MALANG,KARANG PLOSO,BOCEK,BATU
12321793645,,ODP-KPO-FV/10,-7.855663,112.596495,,,8,0,0,0,8,REGIONAL 5,MALANG,BATU,KPO,KARANGPLOSO,,2025-08-25 23:22:53,45891,2025,8,NON TITO,,,JAWA TIMUR,0.0,BLACK,1500601068,AREA 3,JATIM,MALANG,MALANG,,,0,0,0,JAWA TIMUR,MALANG,KARANG PLOSO,BOCEK,BATU
12321644769,,ODP-SGS-FAK/30,-7.922279,112.686501,,,8,0,0,0,8,REGIONAL 5,MALANG,MALANG,SGS,SINGOSARI,,2025-08-25 23:20:18,45894,2025,8,NON TITO,,,JAWA TIMUR,0.0,BLACK,1500614288,AREA 3,JATIM,MALANG,MALANG,,,0,0,0,JAWA TIMUR,MALANG,PAKIS,TIRTOMOYO,BATU
12227670215,,ODP-TMP-FL/31,-8.074609,112.777586,,,8,0,0,0,8,REGIONAL 5,MALANG,MALANG,TMP,TUMPANG,,2025-06-24 17:45:26,45831,2025,6,NON TITO,,,JAWA TIMUR,0.0,BLACK,1499455077,AREA 3,JATIM,MALANG,MALANG,,,0,0,0,JAWA TIMUR,MALANG,PONCOKUSUMO,NGADIRESO,BATU
5597369800,,ODP-BLB-FDW/89,-7.954763,112.648177,,,8,0,0,0,8,REGIONAL 5,MALANG,MALANG,BLB,BLIMBING,,2024-03-16 23:23:50,44133,2020,10,NON TITO,,,JAWA TIMUR,0.0,BLACK,855891156,AREA 3,JATIM,MALANG,MALANG,,,0,0,0,JAWA TIMUR,KOTA MALANG,BLIMBING,PURWANTORO,BATU
5597369775,,ODP-BLB-FDW/101,-7.954601,112.652902,,,8,0,0,0,8,REGIONAL 5,MALANG,MALANG,BLB,BLIMBING,,2024-03-16 23:23:31,44133,2020,10,NON TITO,,,JAWA TIMUR,0.0,BLACK,855891135,AREA 3,JATIM,MALANG,MALANG,,,0,0,0,JAWA TIMUR,KOTA MALANG,BLIMBING,PURWANTORO,BATU
10543618572,,ODP-BLB-FCN/05,-7.954104,112.626929,,,16,0,0,0,16,REGIONAL 5,MALANG,MALANG,BLB,BLIMBING,,2024-03-16 23:24:09,45166,2023,8,NON TITO,,,JAWA TIMUR,0.0,BLACK,1312697197,AREA 3,JATIM,MALANG,MALANG,,,0,0,0,JAWA TIMUR,KOTA MALANG,LOWOKWARU,LOWOKWARU,BATU
5597369760,,ODP-BLB-FDW/120,-7.95494,112.651256,,,8,0,0,0,8,REGIONAL 5,MALANG,MALANG,BLB,BLIMBING,,2024-03-16 23:23:34,44133,2020,10,NON TITO,,,JAWA TIMUR,0.0,BLACK,855891124,AREA 3,JATIM,MALANG,MALANG,,,0,0,0,JAWA TIMUR,KOTA MALANG,BLIMBING,PURWANTORO,BATU
12321793627,,ODP-KPO-FV/19,-7.859464,112.595181,,,8,0,0,0,8,REGIONAL 5,MALANG,BATU,KPO,KARANGPLOSO,,2025-08-25 23:22:51,45891,2025,8,NON TITO,,,JAWA TIMUR,0.0,BLACK,1500601054,AREA 3,JATIM,MALANG,MALANG,,,0,0,0,JAWA TIMUR,MALANG,KARANG PLOSO,BOCEK,BATU
11575619227,,ODP-SGS-FF/115,-7.906773,112.698119,,,8,0,0,0,8,REGIONAL 5,MALANG,MALANG,SGS,SINGOSARI,,2024-06-27 17:21:51,45464,2024,6,NON TITO,,,JAWA TIMUR,0.0,BLACK,1443117694,AREA 3,JATIM,MALANG,MALANG,,,0,0,0,JAWA TIMUR,MALANG,SINGOSARI,DENGKOL,BATU
12403321255,,ODP-KPO-FQ/53,-7.918629,112.608734,,,7,0,1,0,8,REGIONAL 5,MALANG,BATU,KPO,KARANGPLOSO,,2025-10-02 17:42:02,45931,2025,10,NON TITO,,,JAWA TIMUR,0.0,BLACK,1501650640,AREA 3,JATIM,MALANG,MALANG,,,0,0,0,JAWA TIMUR,MALANG,KARANGPLOSO,TEGALGONDO,BATU
12122069895,,ODP-SGS-FF/122,-7.881714,112.707506,,,8,0,0,0,8,REGIONAL 5,MALANG,MALANG,SGS,SINGOSARI,,2025-04-30 17:55:25,45776,2025,4,NON TITO,,,JAWA TIMUR,0.0,BLACK,1497404362,AREA 3,JATIM,MALANG,MALANG,,,0,0,0,JAWA TIMUR,MALANG,SINGOSARI,BATURETNO,BATU
4855622565,,ODP-BLB-FBF/37,-7.923345,112.652129,,,8,0,0,0,8,REGIONAL 5,MALANG,MALANG,BLB,BLIMBING,,2024-03-16 23:27:21,43944,2020,4,NON TITO,,,JAWA TIMUR,0.0,BLACK,828265704,AREA 3,JATIM,MALANG,MALANG,,,0,0,0,JAWA TIMUR,KOTA MALANG,BLIMBING,BALEARJOSARI,BATU
12122820684,,ODP-NTG-FD/23,-7.81083,112.379581,,,8,0,0,0,8,REGIONAL 5,MALANG,BATU,NTG,NGANTANG,,2025-04-25 17:59:19,45772,2025,4,NON TITO,,,JAWA TIMUR,0.0,BLACK,1497379401,AREA 3,JATIM,MALANG,MALANG,,,0,0,0,JAWA TIMUR,MALANG,NGANTANG,JOMBOK,BATU
9468119239,,ODP-LWG-FAL/09,-7.836079,112.707611,,,8,0,0,0,8,REGIONAL 5,MALANG,MALANG,LWG,LAWANG,,2024-03-16 23:25:54,44864,2022,10,NON TITO,,,JAWA TIMUR,0.0,BLACK,1246099869,AREA 3,JATIM,MALANG,MALANG,,,0,0,0,JAWA TIMUR,MALANG,LAWANG,MULYOARJO,BATU
3304395099,,ODP-LWG-FA/55,-7.824271,112.71709,,,8,0,0,0,8,REGIONAL 5,MALANG,MALANG,LWG,LAWANG,,2024-03-16 23:26:00,43504,2019,2,NON TITO,,,JAWA TIMUR,0.0,BLACK,507676000,AREA 3,JATIM,MALANG,MALANG,,,0,0,0,JAWA TIMUR,MALANG,LAWANG,SUMBER PORONG,BATU
8077243871,,ODP-BTU-FBT/12,-7.864497,112.505505,,,8,0,0,0,8,REGIONAL 5,MALANG,BATU,BTU,BATU,,2024-03-16 23:28:56,44511,2021,11,NON TITO,,,JAWA TIMUR,0.0,BLACK,1114866711,AREA 3,JATIM,MALANG,MALANG,,,0,0,0,JAWA TIMUR,KOTA BATU,BATU,SONGGOKERTO,BATU
12730018570,,ODP-BLB-FBQ/70,-7.948843,112.656423,,,8,0,0,0,8,REGIONAL 5,MALANG,MALANG,BLB,BLIMBING,,2026-05-12 17:49:38,46149,2026,5,NON TITO,,,JAWA TIMUR,0.0,BLACK,1504907828,AREA 3,JATIM,MALANG,MALANG,BLB,ODC-BLB-FDU,0,0,0,JAWA TIMUR,KOTA MALANG,BLIMBING,PANDANWANGI,BATU
12060569117,,ODP-PKS-FY/28,-7.949272,112.713236,,,8,0,0,0,8,REGIONAL 5,MALANG,MALANG,PKS,PAKIS,,2025-02-22 17:39:55,45709,2025,2,NON TITO,,,JAWA TIMUR,0.0,BLACK,1496148769,AREA 3,JATIM,MALANG,MALANG,,,0,0,0,JAWA TIMUR,MALANG,PAKIS,PAKISJAJAR,BATU
12484918631,,ODP-PKS-FH/73,-7.954856,112.771777,,,8,0,0,0,8,REGIONAL 5,MALANG,MALANG,PKS,PAKIS,,2025-11-22 17:35:57,45982,2025,11,NON TITO,,,JAWA TIMUR,0.0,BLACK,1502813955,AREA 3,JATIM,MALANG,MALANG,,,0,0,0,JAWA TIMUR,MALANG,JABUNG,GADINGKEMBAR,BATU
12125893664,,ODP-BTU-FBS/30,-7.833662,112.478649,,,8,0,0,0,8,REGIONAL 5,MALANG,BATU,BTU,BATU,,2025-04-26 17:56:09,45772,2025,4,NON TITO,,,JAWA TIMUR,0.0,BLACK,1497383772,AREA 3,JATIM,MALANG,MALANG,,,0,0,0,JAWA TIMUR,MALANG,PUJON,WIYUREJO,BATU
11381296363,,ODP-PKS-FZ/50,-7.938807,112.691623,,,8,0,0,0,8,REGIONAL 5,MALANG,MALANG,PKS,PAKIS,,2024-03-16 23:22:01,45358,2024,3,NON TITO,,,JAWA TIMUR,0.0,BLACK,1414072403,AREA 3,JATIM,MALANG,MALANG,,,0,0,0,JAWA TIMUR,MALANG,PAKIS,SAPTORENGGO,BATU
9490544012,,ODP-LWG-FAN/15,-7.815447,112.718596,,,8,0,0,0,8,REGIONAL 5,MALANG,MALANG,LWG,LAWANG,,2024-03-16 23:24:13,44864,2022,10,NON TITO,,,JAWA TIMUR,0.0,BLACK,1246099634,AREA 3,JATIM,MALANG,MALANG,,,0,0,0,JAWA TIMUR,PASURUAN,PURWODADI,PURWODADI,BATU
9468346452,,ODP-LWG-FAK/24,-7.830075,112.685628,,,8,0,0,0,8,REGIONAL 5,MALANG,MALANG,LWG,LAWANG,,2024-03-16 23:26:12,44863,2022,10,NON TITO,,,JAWA TIMUR,0.0,BLACK,1246097273,AREA 3,JATIM,MALANG,MALANG,,,0,0,0,JAWA TIMUR,MALANG,LAWANG,KETINDAN,BATU
12077818568,,ODP-TMP-FH/59,-8.021679,112.70868,,,8,0,0,0,8,REGIONAL 5,MALANG,MALANG,TMP,TUMPANG,,2025-03-16 17:40:15,45731,2025,3,NON TITO,,,JAWA TIMUR,0.0,BLACK,1496327581,AREA 3,JATIM,MALANG,MALANG,,,0,0,0,JAWA TIMUR,MALANG,TUMPANG,KIDAL,BATU
9468345285,,ODP-KPO-FBS/14,-7.920395,112.565147,,,8,0,0,0,8,REGIONAL 5,MALANG,BATU,KPO,KARANGPLOSO,,2024-03-16 23:25:09,44861,2022,10,NON TITO,,,JAWA TIMUR,0.0,BLACK,1246085204,AREA 3,JATIM,MALANG,MALANG,,,0,0,0,JAWA TIMUR,MALANG,DAU,SUMBERSEKAR,BATU
12484918626,,ODP-PKS-FH/74,-7.954687,112.77036,,,8,0,0,0,8,REGIONAL 5,MALANG,MALANG,PKS,PAKIS,,2025-11-22 17:35:03,45982,2025,11,NON TITO,,,JAWA TIMUR,0.0,BLACK,1502813952,AREA 3,JATIM,MALANG,MALANG,,,0,0,0,JAWA TIMUR,MALANG,JABUNG,SIDOMULYO,BATU
12484918621,,ODP-PKS-FH/72,-7.95649,112.777083,,,8,0,0,0,8,REGIONAL 5,MALANG,MALANG,PKS,PAKIS,,2025-11-22 17:36:28,45982,2025,11,NON TITO,,,JAWA TIMUR,0.0,BLACK,1502813949,AREA 3,JATIM,MALANG,MALANG,,,0,0,0,JAWA TIMUR,MALANG,JABUNG,GADINGKEMBAR,BATU
12688920726,,ODP-BTU-FBH/62,-7.897066,112.536287,,,8,0,0,0,8,REGIONAL 5,MALANG,BATU,BTU,BATU,,2026-03-20 17:39:57,46100,2026,3,NON TITO,,,JAWA TIMUR,0.0,BLACK,1504451751,AREA 3,JATIM,MALANG,MALANG,,,0,0,0,JAWA TIMUR,KOTA BATU,BATU,ORO-ORO OMBO,BATU
3304395208,,ODP-LWG-FA/50,-7.821568,112.717563,,,8,0,0,0,8,REGIONAL 5,MALANG,MALANG,LWG,LAWANG,,2024-03-16 23:27:07,43504,2019,2,NON TITO,,,JAWA TIMUR,0.0,BLACK,539114128,AREA 3,JATIM,MALANG,MALANG,,,0,0,0,JAWA TIMUR,MALANG,LAWANG,SUMBER PORONG,BATU
8000818542,,ODP-BTU-FBU/06,-7.870584,112.510263,,,8,0,0,0,8,REGIONAL 5,MALANG,BATU,BTU,BATU,,2024-03-16 23:23:45,44498,2021,10,NON TITO,,,JAWA TIMUR,0.0,BLACK,1090846325,AREA 3,JATIM,MALANG,MALANG,,,0,0,0,JAWA TIMUR,KOTA BATU,BATU,PESANGGRAHAN,BATU
12490018672,,ODP-BLB-FBX/109,-7.964003,112.644839,,,8,0,0,0,8,REGIONAL 5,MALANG,MALANG,BLB,BLIMBING,,2025-11-23 17:42:09,45983,2025,11,NON TITO,,,JAWA TIMUR,0.0,BLACK,1502823055,AREA 3,JATIM,MALANG,MALANG,,,0,0,0,JAWA TIMUR,KOTA MALANG,BLIMBING,PURWANTORO,BATU
12515443713,,ODP-LWG-FAD/53,-7.858875,112.699803,,,8,0,0,0,8,REGIONAL 5,MALANG,MALANG,LWG,LAWANG,,2025-12-19 23:31:16,46008,2025,12,NON TITO,,,JAWA TIMUR,0.0,BLACK,1503022191,AREA 3,JATIM,MALANG,MALANG,,,0,0,0,JAWA TIMUR,MALANG,LAWANG,SIDODADI,BATU
4796444955,,ODP-BLB-FCA/35,-7.9619,112.63767,,,8,0,0,0,8,REGIONAL 5,MALANG,MALANG,BLB,BLIMBING,,2024-03-16 23:28:13,43940,2020,4,NON TITO,,,JAWA TIMUR,0.0,BLACK,828235595,AREA 3,JATIM,MALANG,MALANG,,,0,0,0,JAWA TIMUR,KOTA MALANG,KLOJEN,RAMPAL CELAKET,BATU
5311769185,,ODP-PKS-FG/08,-7.932667,112.708066,,,8,0,0,0,8,REGIONAL 5,MALANG,MALANG,PKS,PAKIS,,2024-03-16 23:24:35,44054,2020,8,NON TITO,,,JAWA TIMUR,0.0,BLACK,835177445,AREA 3,JATIM,MALANG,MALANG,,,0,0,0,JAWA TIMUR,MALANG,PAKIS,SAPTORENGGO,BATU
5548021392,,ODP-BLB-FDV/74,-7.96944,112.650393,,,8,0,0,0,8,REGIONAL 5,MALANG,MALANG,BLB,BLIMBING,,2024-03-16 23:24:04,44121,2020,10,NON TITO,,,JAWA TIMUR,0.0,BLACK,855572163,AREA 3,JATIM,MALANG,MALANG,,,0,0,0,JAWA TIMUR,KOTA MALANG,BLIMBING,BUNULREJO,BATU
4748746961,,ODP-BLB-FBN/55,-7.94777,112.660459,,,8,0,0,0,8,REGIONAL 5,MALANG,MALANG,BLB,BLIMBING,,2024-03-16 23:24:09,43914,2020,3,NON TITO,,,JAWA TIMUR,0.0,BLACK,826957040,AREA 3,JATIM,MALANG,MALANG,,,0,0,0,JAWA TIMUR,KOTA MALANG,BLIMBING,PANDANWANGI,BATU
5555370981,,ODP-BLB-FDZ/10,-7.934888,112.653671,,,8,0,0,0,8,REGIONAL 5,MALANG,MALANG,BLB,BLIMBING,,2024-03-16 23:27:19,44131,2020,10,NON TITO,,,JAWA TIMUR,0.0,BLACK,855775257,AREA 3,JATIM,MALANG,MALANG,,,0,0,0,JAWA TIMUR,KOTA MALANG,BLIMBING,POLOWIJEN,BATU
12511918920,,ODP-BLB-FAR/89,-7.909192,112.6288,,,8,0,0,0,8,REGIONAL 5,MALANG,MALANG,BLB,BLIMBING,,2025-12-13 17:43:10,46003,2025,12,NON TITO,,,JAWA TIMUR,0.0,BLACK,1503077533,AREA 3,JATIM,MALANG,MALANG,,,0,0,0,JAWA TIMUR,MALANG,KARANG PLOSO,KEPUHARJO,BATU
12072493531,,ODP-TMP-FP/16,-8.026438,112.826692,,,8,0,0,0,8,REGIONAL 5,MALANG,MALANG,TMP,TUMPANG,,2025-03-09 06:27:42,45724,2025,3,NON TITO,,,JAWA TIMUR,0.0,BLACK,1496286099,AREA 3,JATIM,MALANG,MALANG,,,0,0,0,JAWA TIMUR,MALANG,PONCOKUSUMO,GUBUGKLAKAH,BATU
12499393561,,ODP-KPO-FV/25,-7.867243,112.589833,,,8,0,0,0,8,REGIONAL 5,MALANG,BATU,KPO,KARANGPLOSO,,2025-11-27 17:44:35,45987,2025,11,NON TITO,,,JAWA TIMUR,0.0,BLACK,1502842771,AREA 3,JATIM,MALANG,MALANG,,,0,0,0,JAWA TIMUR,MALANG,KARANG PLOSO,BOCEK,BATU
12706318694,,ODP-KPO-FV/26,-7.881581,112.592027,,,8,0,0,0,8,REGIONAL 5,MALANG,BATU,KPO,KARANGPLOSO,,2026-04-15 17:31:34,46126,2026,4,NON TITO,,,JAWA TIMUR,0.0,BLACK,1504706626,AREA 3,JATIM,MALANG,MALANG,,,0,0,0,JAWA TIMUR,MALANG,KARANG PLOSO,BOCEK,BATU
9490544027,,ODP-LWG-FAN/22,-7.814947,112.717546,,,8,0,0,0,8,REGIONAL 5,MALANG,MALANG,LWG,LAWANG,,2024-03-16 23:24:22,44864,2022,10,NON TITO,,,JAWA TIMUR,0.0,BLACK,1246099644,AREA 3,JATIM,MALANG,MALANG,,,0,0,0,JAWA TIMUR,PASURUAN,PURWODADI,PAREREJO,BATU
12492943631,,ODP-BTU-FBH/59,-7.892372,112.53152,,,8,0,0,0,8,REGIONAL 5,MALANG,BATU,BTU,BATU,,2025-11-25 17:50:49,45985,2025,11,NON TITO,,,JAWA TIMUR,0.0,BLACK,1502832749,AREA 3,JATIM,MALANG,MALANG,,,0,0,0,JAWA TIMUR,KOTA BATU,BATU,ORO-ORO OMBO,BATU
12492943626,,ODP-BTU-FBH/57,-7.89211,112.531035,,,8,0,0,0,8,REGIONAL 5,MALANG,BATU,BTU,BATU,,2025-11-25 17:49:51,45985,2025,11,NON TITO,,,JAWA TIMUR,0.0,BLACK,1502832744,AREA 3,JATIM,MALANG,MALANG,,,0,0,0,JAWA TIMUR,KOTA BATU,BATU,ORO-ORO OMBO,BATU
12492943621,,ODP-BTU-FBH/56,-7.892077,112.531221,,,8,0,0,0,8,REGIONAL 5,MALANG,BATU,BTU,BATU,,2025-11-25 17:49:41,45985,2025,11,NON TITO,,,JAWA TIMUR,0.0,BLACK,1502832741,AREA 3,JATIM,MALANG,MALANG,,,0,0,0,JAWA TIMUR,KOTA BATU,BATU,ORO-ORO OMBO,BATU
5555370931,,ODP-BLB-FDZ/06,-7.935776,112.655147,,,8,0,0,0,8,REGIONAL 5,MALANG,MALANG,BLB,BLIMBING,,2024-03-16 23:28:14,44131,2020,10,NON TITO,,,JAWA TIMUR,0.0,BLACK,855775216,AREA 3,JATIM,MALANG,MALANG,,,0,0,0,JAWA TIMUR,KOTA MALANG,BLIMBING,POLOWIJEN,BATU
12076843541,,ODP-BTU-FBH/47,-7.903542,112.538735,,,8,0,0,0,8,REGIONAL 5,MALANG,BATU,BTU,BATU,,2025-03-13 17:07:12,45728,2025,3,NON TITO,,,JAWA TIMUR,0.0,BLACK,1496307297,AREA 3,JATIM,MALANG,MALANG,,,0,0,0,JAWA TIMUR,KOTA BATU,JUNREJO,BEJI,BATU
12492943616,,ODP-BTU-FBH/60,-7.892606,112.531263,,,8,0,0,0,8,REGIONAL 5,MALANG,BATU,BTU,BATU,,2025-11-25 17:50:53,45985,2025,11,NON TITO,,,JAWA TIMUR,0.0,BLACK,1502832738,AREA 3,JATIM,MALANG,MALANG,,,0,0,0,JAWA TIMUR,KOTA BATU,BATU,ORO-ORO OMBO,BATU
5973869495,,ODP-BLB-FDX/129,-7.955133,112.653338,,,8,0,0,0,8,REGIONAL 5,MALANG,MALANG,BLB,BLIMBING,,2024-03-16 23:27:41,44231,2021,2,NON TITO,,,JAWA TIMUR,0.0,BLACK,861221766,AREA 3,JATIM,MALANG,MALANG,,,0,0,0,JAWA TIMUR,KOTA MALANG,BLIMBING,PURWANTORO,BATU
292975761,,ODP-BTU-FD/15,-7.8909,112.5149,,,16,0,0,0,16,REGIONAL 5,MALANG,BATU,BTU,BATU,,2023-08-30 18:03:05,42485,2016,4,NON TITO,,,JAWA TIMUR,0.0,BLACK,19779645,AREA 3,JATIM,MALANG,MALANG,,,0,0,0,JAWA TIMUR,KOTA BATU,BATU,NGAGLIK,BATU
12688922237,,OTB-TMP-20,-8.015168,112.690672,,,24,0,0,0,24,REGIONAL 5,MALANG,MALANG,TMP,TUMPANG,,2026-03-28 17:38:46,46108,2026,3,NON TITO,,,JAWA TIMUR,0.0,BLACK,1504622253,AREA 3,JATIM,MALANG,MALANG,,,0,0,0,JAWA TIMUR,MALANG,TUMPANG,KIDAL,BATU
12127169006,,ODP-NTG-FD/22,-7.805525,112.373414,,,8,0,0,0,8,REGIONAL 5,MALANG,BATU,NTG,NGANTANG,,2025-04-29 17:55:18,45775,2025,4,NON TITO,,,JAWA TIMUR,0.0,BLACK,1497486414,AREA 3,JATIM,MALANG,MALANG,,,0,0,0,JAWA TIMUR,MALANG,KASEMBON,PAIT,BATU
12480568599,,ODP-PKS-FX/90,-7.987584,112.725588,,,8,0,0,0,8,REGIONAL 5,MALANG,MALANG,PKS,PAKIS,,2025-11-20 17:36:11,45980,2025,11,NON TITO,,,JAWA TIMUR,0.0,BLACK,1502666356,AREA 3,JATIM,MALANG,MALANG,,,0,0,0,JAWA TIMUR,MALANG,PAKIS,PUCANG SONGO,BATU
5331868730,,ODP-PKS-FG/30,-7.933989,112.704112,,,8,0,0,0,8,REGIONAL 5,MALANG,MALANG,PKS,PAKIS,,2024-03-16 23:22:28,44069,2020,8,NON TITO,,,JAWA TIMUR,0.0,BLACK,837658035,AREA 3,JATIM,MALANG,MALANG,,,0,0,0,JAWA TIMUR,MALANG,PAKIS,SAPTORENGGO,BATU
12513343568,,ODP-TMP-FD/56,-8.032477,112.71698,,,8,0,0,0,8,REGIONAL 5,MALANG,MALANG,TMP,TUMPANG,,2025-12-13 17:42:33,46003,2025,12,NON TITO,,,JAWA TIMUR,0.0,BLACK,1503008749,AREA 3,JATIM,MALANG,MALANG,,,0,0,0,JAWA TIMUR,MALANG,TUMPANG,NGINGIT,BATU
12480568584,,ODP-PKS-FX/87,-7.991485,112.729505,,,8,0,0,0,8,REGIONAL 5,MALANG,MALANG,PKS,PAKIS,,2025-11-20 17:38:56,45980,2025,11,NON TITO,,,JAWA TIMUR,0.0,BLACK,1502666347,AREA 3,JATIM,MALANG,MALANG,,,0,0,0,JAWA TIMUR,MALANG,TUMPANG,SLAMET,BATU
5331868770,,ODP-PKS-FG/31,-7.932114,112.704841,,,8,0,0,0,8,REGIONAL 5,MALANG,MALANG,PKS,PAKIS,,2024-03-16 23:22:27,44069,2020,8,NON TITO,,,JAWA TIMUR,0.0,BLACK,837658065,AREA 3,JATIM,MALANG,MALANG,,,0,0,0,JAWA TIMUR,MALANG,PAKIS,SAPTORENGGO,BATU
12461144807,,ODP-NTG-FC/54,-7.884103,112.362015,,,8,0,0,0,8,REGIONAL 5,MALANG,BATU,NTG,NGANTANG,,2025-11-18 17:30:25,45978,2025,11,NON TITO,,,JAWA TIMUR,0.0,BLACK,1502277726,AREA 3,JATIM,MALANG,MALANG,,,0,0,0,JAWA TIMUR,MALANG,NGANTANG,BANTUREJO,BATU
12108493788,,OTB-SGS-21,-7.876584,112.687728,,,4,0,0,0,4,REGIONAL 5,MALANG,MALANG,SGS,SINGOSARI,,2025-04-15 17:53:40,45761,2025,4,NON TITO,,,JAWA TIMUR,0.0,BLACK,1496643118,AREA 3,JATIM,MALANG,MALANG,,,0,0,0,JAWA TIMUR,MALANG,SINGOSARI,ARDIMULYO,BATU
12175846822,,ODP-TMP-FJ/103,-8.009894,112.767875,,,8,0,0,0,8,REGIONAL 5,MALANG,MALANG,TMP,TUMPANG,,2025-05-18 18:04:39,45794,2025,5,NON TITO,,,JAWA TIMUR,0.0,BLACK,1498390235,AREA 3,JATIM,MALANG,MALANG,,,0,0,0,JAWA TIMUR,MALANG,TUMPANG,TULUSBESAR,BATU
12480268534,,ODP-TMP-FL/41,-8.034356,112.744248,,,8,0,0,0,8,REGIONAL 5,MALANG,MALANG,TMP,TUMPANG,,2025-11-19 17:33:23,45979,2025,11,NON TITO,,,JAWA TIMUR,0.0,BLACK,1502661630,AREA 3,JATIM,MALANG,MALANG,,,0,0,0,JAWA TIMUR,MALANG,PONCOKUSUMO,ARGOSUKO,BATU
12462194734,,ODP-SGS-FAE/25,-7.858619,112.650013,,,8,0,0,0,8,REGIONAL 5,MALANG,MALANG,SGS,SINGOSARI,,2025-11-17 17:36:53,45977,2025,11,NON TITO,,,JAWA TIMUR,0.0,BLACK,1502517734,AREA 3,JATIM,MALANG,MALANG,,,0,0,0,JAWA TIMUR,MALANG,SINGOSARI,TOYOMARTO,BATU
5591369090,,ODP-BLB-FDW/65,-7.955181,112.649056,,,8,0,0,0,8,REGIONAL 5,MALANG,MALANG,BLB,BLIMBING,,2024-03-16 23:28:49,44127,2020,10,NON TITO,,,JAWA TIMUR,0.0,BLACK,855736794,AREA 3,JATIM,MALANG,MALANG,,,0,0,0,JAWA TIMUR,KOTA MALANG,BLIMBING,PURWANTORO,BATU
12673168647,,ODP-SGS-FAJ/34,-7.88147,112.677,,,8,0,0,0,8,REGIONAL 5,MALANG,MALANG,SGS,SINGOSARI,,2026-03-07 17:56:23,46087,2026,3,NON TITO,,,JAWA TIMUR,0.0,BLACK,1504288837,AREA 3,JATIM,MALANG,MALANG,,,0,0,0,JAWA TIMUR,MALANG,SINGOSARI,ARDIMULYO,BATU
12076018957,,ODP-TMP-FN/06,-8.020592,112.814742,,,8,0,0,0,8,REGIONAL 5,MALANG,MALANG,TMP,TUMPANG,,2025-03-16 17:39:52,45732,2025,3,NON TITO,,,JAWA TIMUR,0.0,BLACK,1496362586,AREA 3,JATIM,MALANG,MALANG,,,0,0,0,JAWA TIMUR,MALANG,TUMPANG,DUWET KRAJAN,BATU
12760697158,,ODP-BTU-FBH/68,-7.900045,112.525472,,,8,0,0,0,8,REGIONAL 5,MALANG,BATU,BTU,BATU,,2026-06-18 17:14:06,46186,2026,6,NON TITO,,,JAWA TIMUR,0.0,BLACK,1505390162,AREA 3,JATIM,MALANG,MALANG,,,0,0,0,JAWA TIMUR,KOTA BATU,BATU,ORO-ORO OMBO,BATU
5248619496,,ODP-BLB-FDP/05,-7.94016,112.649485,,,8,0,0,0,8,REGIONAL 5,MALANG,MALANG,BLB,BLIMBING,,2024-03-16 23:22:21,44041,2020,7,NON TITO,,,JAWA TIMUR,0.0,BLACK,833600684,AREA 3,JATIM,MALANG,MALANG,,,0,0,0,JAWA TIMUR,KOTA MALANG,BLIMBING,PURWODADI,BATU
12730018626,,ODP-BLB-FBQ/68,-7.949185,112.65735,,,8,0,0,0,8,REGIONAL 5,MALANG,MALANG,BLB,BLIMBING,,2026-05-12 17:44:27,46149,2026,5,NON TITO,,,JAWA TIMUR,0.0,BLACK,1504907871,AREA 3,JATIM,MALANG,MALANG,,,0,0,0,JAWA TIMUR,KOTA MALANG,BLIMBING,PANDANWANGI,BATU
12104369224,,ODP-BTU-FBU/69,-7.871628,112.513208,,,8,0,0,0,8,REGIONAL 5,MALANG,BATU,BTU,BATU,,2025-04-15 17:54:09,45762,2025,4,NON TITO,,,JAWA TIMUR,0.0,BLACK,1496645885,AREA 3,JATIM,MALANG,MALANG,,,0,0,0,JAWA TIMUR,KOTA BATU,BATU,PESANGGRAHAN,BATU
12480568579,,ODP-PKS-FX/89,-7.989653,112.726693,,,8,0,0,0,8,REGIONAL 5,MALANG,MALANG,PKS,PAKIS,,2025-11-20 17:38:07,45980,2025,11,NON TITO,,,JAWA TIMUR,0.0,BLACK,1502666342,AREA 3,JATIM,MALANG,MALANG,,,0,0,0,JAWA TIMUR,MALANG,PAKIS,PUCANG SONGO,BATU
12673168652,,ODP-SGS-FAJ/35,-7.840939,112.648073,,,8,0,0,0,8,REGIONAL 5,MALANG,MALANG,SGS,SINGOSARI,,2026-03-07 17:56:18,46087,2026,3,NON TITO,,,JAWA TIMUR,0.0,BLACK,1504288840,AREA 3,JATIM,MALANG,MALANG,,,0,0,0,JAWA TIMUR,MALANG,SINGOSARI,TOYOMARTO,BATU
12175846832,,ODP-TMP-FJ/102,-8.006258,112.767329,,,16,0,0,0,16,REGIONAL 5,MALANG,MALANG,TMP,TUMPANG,,2025-05-18 18:04:27,45794,2025,5,NON TITO,,,JAWA TIMUR,0.0,BLACK,1498390243,AREA 3,JATIM,MALANG,MALANG,,,0,0,0,JAWA TIMUR,MALANG,TUMPANG,TUMPANG,BATU
7486019820,,ODP-PKS-FW/62,-7.933243,112.754882,,,8,0,0,0,8,REGIONAL 5,MALANG,MALANG,PKS,PAKIS,,2024-03-16 23:27:23,44435,2021,8,NON TITO,,,JAWA TIMUR,0.0,BLACK,1029423137,AREA 3,JATIM,MALANG,MALANG,,,0,0,0,JAWA TIMUR,MALANG,JABUNG,JABUNG,BATU
5548021197,,ODP-BLB-FDV/38,-7.967782,112.649382,,,8,0,0,0,8,REGIONAL 5,MALANG,MALANG,BLB,BLIMBING,,2024-03-16 23:24:18,44121,2020,10,NON TITO,,,JAWA TIMUR,0.0,BLACK,855572037,AREA 3,JATIM,MALANG,MALANG,,,0,0,0,JAWA TIMUR,KOTA MALANG,BLIMBING,BUNULREJO,BATU
9490544057,,ODP-LWG-FAN/03,-7.809543,112.714204,,,8,0,0,0,8,REGIONAL 5,MALANG,MALANG,LWG,LAWANG,,2024-03-16 23:24:17,44864,2022,10,NON TITO,,,JAWA TIMUR,0.0,BLACK,1246099664,AREA 3,JATIM,MALANG,MALANG,,,0,0,0,JAWA TIMUR,PASURUAN,PURWODADI,PAREREJO,BATU
11246593748,,ODP-BLB-FCD/59,-7.931311,112.650383,,,8,0,0,0,8,REGIONAL 5,MALANG,MALANG,BLB,BLIMBING,,2024-03-16 23:28:36,45299,2024,1,NON TITO,,,JAWA TIMUR,0.0,BLACK,1396861666,AREA 3,JATIM,MALANG,MALANG,,,0,0,0,JAWA TIMUR,KOTA MALANG,BLIMBING,POLOWIJEN,BATU
5331868750,,ODP-PKS-FG/35,-7.931522,112.703045,,,8,0,0,0,8,REGIONAL 5,MALANG,MALANG,PKS,PAKIS,,2024-03-16 23:22:29,44069,2020,8,NON TITO,,,JAWA TIMUR,0.0,BLACK,837658049,AREA 3,JATIM,MALANG,MALANG,,,0,0,0,JAWA TIMUR,MALANG,PAKIS,SAPTORENGGO,BATU
9734444006,,ODP-BLB-FBX/12,-7.963649,112.641758,,,5,3,0,0,8,REGIONAL 5,MALANG,MALANG,BLB,BLIMBING,,2024-03-16 23:28:56,44936,2023,1,NON TITO,,,JAWA TIMUR,0.375,GREEN,1261684508,AREA 3,JATIM,MALANG,MALANG,,,0,0,0,JAWA TIMUR,KOTA MALANG,BLIMBING,BUNULREJO,BATU
293058503,,ODP-KPO-FF/10,-7.8927,112.5834,,,10,6,0,0,16,REGIONAL 5,MALANG,BATU,KPO,KARANGPLOSO,,2024-03-16 23:26:02,42485,2016,4,NON TITO,,,JAWA TIMUR,0.375,GREEN,19783956,AREA 3,JATIM,MALANG,MALANG,,,0,0,0,JAWA TIMUR,KOTA BATU,JUNREJO,PENDEM,BATU
9490544060,,ODP-LWG-FAN/23,-7.807539,112.715448,,,7,1,0,0,8,REGIONAL 5,MALANG,MALANG,LWG,LAWANG,,2024-03-16 23:24:40,44864,2022,10,NON TITO,,,JAWA TIMUR,0.125,GREEN,1246099666,AREA 3,JATIM,MALANG,MALANG,,,0,0,0,JAWA TIMUR,PASURUAN,PURWODADI,PAREREJO,BATU
9882944572,,ODP-BLB-FDY/84,-7.940375,112.669991,,,7,1,0,0,8,REGIONAL 5,MALANG,MALANG,BLB,BLIMBING,,2024-03-16 23:25:18,44971,2023,2,NON TITO,,,JAWA TIMUR,0.125,GREEN,1267198849,AREA 3,JATIM,MALANG,MALANG,,,0,0,0,JAWA TIMUR,MALANG,PAKIS,TIRTOMOYO,BATU
9882944603,,ODP-BLB-FDY/70,-7.942778,112.668918,,,6,2,0,0,8,REGIONAL 5,MALANG,MALANG,BLB,BLIMBING,,2024-03-16 23:24:29,44971,2023,2,NON TITO,,,JAWA TIMUR,0.25,GREEN,1267198868,AREA 3,JATIM,MALANG,MALANG,,,0,0,0,JAWA TIMUR,MALANG,PAKIS,TIRTOMOYO,BATU
293059617,,ODP-BTU-FE/08,-7.8745,112.5131,,,14,2,0,0,16,REGIONAL 5,MALANG,BATU,BTU,BATU,,2024-03-16 23:27:08,42485,2016,4,NON TITO,,,JAWA TIMUR,0.125,GREEN,19784588,AREA 3,JATIM,MALANG,MALANG,,,0,0,0,JAWA TIMUR,KOTA BATU,BATU,PESANGGRAHAN,BATU
9882944577,,ODP-BLB-FDY/80,-7.944338,112.671608,,,5,3,0,0,8,REGIONAL 5,MALANG,MALANG,BLB,BLIMBING,,2024-03-16 23:25:17,44971,2023,2,NON TITO,,,JAWA TIMUR,0.375,GREEN,1267198852,AREA 3,JATIM,MALANG,MALANG,,,0,0,0,JAWA TIMUR,MALANG,PAKIS,TIRTOMOYO,BATU
5567368759,,ODP-BLB-FBV/78,-7.946932,112.650645,,,5,3,0,0,8,REGIONAL 5,MALANG,MALANG,BLB,BLIMBING,,2024-03-16 23:22:44,44122,2020,10,NON TITO,,,JAWA TIMUR,0.375,GREEN,855591033,AREA 3,JATIM,MALANG,MALANG,,,0,0,0,JAWA TIMUR,KOTA MALANG,BLIMBING,BLIMBING,BATU
9490544015,,ODP-LWG-FAN/18,-7.813646,112.721729,,,6,2,0,0,8,REGIONAL 5,MALANG,MALANG,LWG,LAWANG,,2024-03-16 23:23:57,44864,2022,10,NON TITO,,,JAWA TIMUR,0.25,GREEN,1246099636,AREA 3,JATIM,MALANG,MALANG,,,0,0,0,JAWA TIMUR,PASURUAN,PURWODADI,PURWODADI,BATU
292996693,,ODP-BTU-FG/48,-7.8797,112.5299,,,10,6,0,0,16,REGIONAL 5,MALANG,BATU,BTU,BATU,,2024-03-16 23:27:23,42485,2016,4,NON TITO,,,JAWA TIMUR,0.375,GREEN,19792674,AREA 3,JATIM,MALANG,MALANG,,,0,0,0,JAWA TIMUR,KOTA BATU,BATU,SISIR,BATU
9882944592,,ODP-BLB-FDY/77,-7.944821,112.671025,,,5,3,0,0,8,REGIONAL 5,MALANG,MALANG,BLB,BLIMBING,,2024-03-16 23:21:09,44971,2023,2,NON TITO,,,JAWA TIMUR,0.375,GREEN,1267198861,AREA 3,JATIM,MALANG,MALANG,,,0,0,0,JAWA TIMUR,MALANG,PAKIS,TIRTOMOYO,BATU
9490544021,,ODP-LWG-FAN/11,-7.818387,112.71638,,,7,1,0,0,8,REGIONAL 5,MALANG,MALANG,LWG,LAWANG,,2024-03-16 23:24:35,44864,2022,10,NON TITO,,,JAWA TIMUR,0.125,GREEN,1246099640,AREA 3,JATIM,MALANG,MALANG,,,0,0,0,JAWA TIMUR,PASURUAN,PURWODADI,SENTUL,BATU
9734444016,,ODP-BLB-FBX/38,-7.966888,112.645763,,,5,3,0,0,8,REGIONAL 5,MALANG,MALANG,BLB,BLIMBING,,2024-03-16 23:28:24,44936,2023,1,NON TITO,,,JAWA TIMUR,0.375,GREEN,1261684515,AREA 3,JATIM,MALANG,MALANG,,,0,0,0,JAWA TIMUR,KOTA MALANG,BLIMBING,BUNULREJO,BATU
9490544030,,ODP-LWG-FAN/27,-7.807847,112.723274,,,5,3,0,0,8,REGIONAL 5,MALANG,MALANG,LWG,LAWANG,,2024-03-16 23:24:19,44864,2022,10,NON TITO,,,JAWA TIMUR,0.375,GREEN,1246099646,AREA 3,JATIM,MALANG,MALANG,,,0,0,0,JAWA TIMUR,PASURUAN,PURWODADI,PAREREJO,BATU
9734443999,,ODP-BLB-FBX/37,-7.969043,112.648016,,,10,6,0,0,16,REGIONAL 5,MALANG,MALANG,BLB,BLIMBING,,2024-03-16 23:29:07,44936,2023,1,NON TITO,,,JAWA TIMUR,0.375,GREEN,1261684504,AREA 3,JATIM,MALANG,MALANG,,,0,0,0,JAWA TIMUR,KOTA MALANG,BLIMBING,BUNULREJO,BATU
5489669130,,ODP-BLB-FEB/20,-7.960475,112.642441,,,6,2,0,0,8,REGIONAL 5,MALANG,MALANG,BLB,BLIMBING,,2024-03-16 23:26:21,44113,2020,10,NON TITO,,,JAWA TIMUR,0.25,GREEN,845307582,AREA 3,JATIM,MALANG,MALANG,,,0,0,0,JAWA TIMUR,KOTA MALANG,BLIMBING,PURWANTORO,BATU
5567368654,,ODP-BLB-FBV/92,-7.95387,112.648637,,,7,1,0,0,8,REGIONAL 5,MALANG,MALANG,BLB,BLIMBING,,2024-03-16 23:23:22,44122,2020,10,NON TITO,,,JAWA TIMUR,0.125,GREEN,855590958,AREA 3,JATIM,MALANG,MALANG,,,0,0,0,JAWA TIMUR,KOTA MALANG,BLIMBING,PURWANTORO,BATU
9490544024,,ODP-LWG-FAN/28,-7.80809,112.725103,,,6,2,0,0,8,REGIONAL 5,MALANG,MALANG,LWG,LAWANG,,2024-03-16 23:24:47,44864,2022,10,NON TITO,,,JAWA TIMUR,0.25,GREEN,1246099642,AREA 3,JATIM,MALANG,MALANG,,,0,0,0,JAWA TIMUR,PASURUAN,PURWODADI,PAREREJO,BATU
9882944582,,ODP-BLB-FDY/71,-7.94157,112.666953,,,6,2,0,0,8,REGIONAL 5,MALANG,MALANG,BLB,BLIMBING,,2024-03-16 23:25:09,44971,2023,2,NON TITO,,,JAWA TIMUR,0.25,GREEN,1267198855,AREA 3,JATIM,MALANG,MALANG,,,0,0,0,JAWA TIMUR,MALANG,PAKIS,TIRTOMOYO,BATU
5489669145,,ODP-BLB-FEB/25,-7.959058,112.643257,,,5,3,0,0,8,REGIONAL 5,MALANG,MALANG,BLB,BLIMBING,,2024-03-16 23:26:23,44113,2020,10,NON TITO,,,JAWA TIMUR,0.375,GREEN,845307599,AREA 3,JATIM,MALANG,MALANG,,,0,0,0,JAWA TIMUR,KOTA MALANG,BLIMBING,PURWANTORO,BATU
9882944567,,ODP-BLB-FDY/72,-7.940588,112.667185,,,5,3,0,0,8,REGIONAL 5,MALANG,MALANG,BLB,BLIMBING,,2024-03-16 23:25:07,44971,2023,2,NON TITO,,,JAWA TIMUR,0.375,GREEN,1267198845,AREA 3,JATIM,MALANG,MALANG,,,0,0,0,JAWA TIMUR,MALANG,PAKIS,TIRTOMOYO,BATU
9882944587,,ODP-BLB-FDY/74,-7.940635,112.668894,,,6,2,0,0,8,REGIONAL 5,MALANG,MALANG,BLB,BLIMBING,,2024-03-16 23:25:21,44971,2023,2,NON TITO,,,JAWA TIMUR,0.25,GREEN,1267198858,AREA 3,JATIM,MALANG,MALANG,,,0,0,0,JAWA TIMUR,MALANG,PAKIS,TIRTOMOYO,BATU
3062821281,,ODP-MLG-FBQ/30,-7.967737,112.681527,,,5,3,0,0,8,REGIONAL 5,MALANG,MALANG,PKS,PAKIS,,2024-03-16 23:22:46,43404,2018,10,NON TITO,,,JAWA TIMUR,0.375,GREEN,405992192,AREA 3,JATIM,MALANG,MALANG,,,0,0,0,JAWA TIMUR,MALANG,PAKIS,AMPELDENTO,BATU
9490544036,,ODP-LWG-FAN/05,-7.811222,112.715292,,,6,2,0,0,8,REGIONAL 5,MALANG,MALANG,LWG,LAWANG,,2024-03-16 23:24:41,44864,2022,10,NON TITO,,,JAWA TIMUR,0.25,GREEN,1246099650,AREA 3,JATIM,MALANG,MALANG,,,0,0,0,JAWA TIMUR,PASURUAN,PURWODADI,PAREREJO,BATU
9826318609,,ODP-BLB-FM/13,-7.94909,112.631748,,,12,4,0,0,16,REGIONAL 5,MALANG,MALANG,BLB,BLIMBING,,2024-03-16 23:24:25,44959,2023,2,NON TITO,,,JAWA TIMUR,0.25,GREEN,1266150303,AREA 3,JATIM,MALANG,MALANG,,,0,0,0,JAWA TIMUR,KOTA MALANG,LOWOKWARU,TULUSREJO,BATU
293067760,,ODP-KPO-FC/51,-7.9188,112.5871,,,11,5,0,0,16,REGIONAL 5,MALANG,BATU,KPO,KARANGPLOSO,,2024-03-16 23:27:42,42485,2016,4,NON TITO,,,JAWA TIMUR,0.3125,GREEN,19789469,AREA 3,JATIM,MALANG,MALANG,,,0,0,0,JAWA TIMUR,MALANG,DAU,MULYOAGUNG,BATU
293068025,,ODP-KPO-FC/33,-7.9184,112.5868,,,10,6,0,0,16,REGIONAL 5,MALANG,BATU,KPO,KARANGPLOSO,,2024-03-16 23:29:00,42485,2016,4,NON TITO,,,JAWA TIMUR,0.375,GREEN,19789646,AREA 3,JATIM,MALANG,MALANG,,,0,0,0,JAWA TIMUR,MALANG,DAU,MULYOAGUNG,BATU
5489669070,,ODP-BLB-FEB/21,-7.960335,112.64279,,,5,3,0,0,8,REGIONAL 5,MALANG,MALANG,BLB,BLIMBING,,2024-03-16 23:26:21,44113,2020,10,NON TITO,,,JAWA TIMUR,0.375,GREEN,845307507,AREA 3,JATIM,MALANG,MALANG,,,0,0,0,JAWA TIMUR,KOTA MALANG,BLIMBING,PURWANTORO,BATU
293070176,,ODP-NTG-FC/08,-7.8802,112.36,,,12,4,0,0,16,REGIONAL 5,MALANG,BATU,NTG,NGANTANG,,2024-03-16 23:29:15,42485,2016,4,NON TITO,,,JAWA TIMUR,0.25,GREEN,19791074,AREA 3,JATIM,MALANG,MALANG,,,0,0,0,JAWA TIMUR,MALANG,NGANTANG,PANDANSARI,BATU
293068602,,ODP-NTG-FC/02,-7.8778,112.3635,,,12,4,0,0,16,REGIONAL 5,MALANG,BATU,NTG,NGANTANG,,2024-03-16 23:29:03,42485,2016,4,NON TITO,,,JAWA TIMUR,0.25,GREEN,19790031,AREA 3,JATIM,MALANG,MALANG,,,0,0,0,JAWA TIMUR,MALANG,NGANTANG,BANTUREJO,BATU
293070278,,ODP-BTU-FL/01,-7.86388,112.5552,,,10,6,0,0,16,REGIONAL 5,MALANG,BATU,BTU,BATU,,2024-03-16 23:29:16,42485,2016,4,NON TITO,,,JAWA TIMUR,0.375,GREEN,19791144,AREA 3,JATIM,MALANG,MALANG,,,0,0,0,JAWA TIMUR,KOTA BATU,BUMIAJI,GIRIPURNO,BATU
9751693653,,ODP-SGS-FA/41,-7.875806,112.639392,,,6,2,0,0,8,REGIONAL 5,MALANG,MALANG,SGS,SINGOSARI,,2024-03-16 23:26:53,44943,2023,1,NON TITO,,,JAWA TIMUR,0.25,GREEN,1262282145,AREA 3,JATIM,MALANG,MALANG,,,0,0,0,JAWA TIMUR,MALANG,SINGOSARI,KLAMPOK,BATU
9490544045,,ODP-LWG-FAN/07,-7.815919,112.70968,,,7,1,0,0,8,REGIONAL 5,MALANG,MALANG,LWG,LAWANG,,2024-03-16 23:24:42,44864,2022,10,NON TITO,,,JAWA TIMUR,0.125,GREEN,1246099656,AREA 3,JATIM,MALANG,MALANG,,,0,0,0,JAWA TIMUR,PASURUAN,PURWODADI,SENTUL,BATU
9826318604,,ODP-BLB-FM/11,-7.946867,112.631929,,,14,2,0,0,16,REGIONAL 5,MALANG,MALANG,BLB,BLIMBING,,2024-03-16 23:24:38,44959,2023,2,NON TITO,,,JAWA TIMUR,0.125,GREEN,1266150299,AREA 3,JATIM,MALANG,MALANG,,,0,0,0,JAWA TIMUR,KOTA MALANG,LOWOKWARU,TULUSREJO,BATU
293069123,,ODP-KPO-FC/56,-7.9205,112.5946,,,11,5,0,0,16,REGIONAL 5,MALANG,BATU,KPO,KARANGPLOSO,,2024-03-16 23:29:02,42485,2016,4,NON TITO,,,JAWA TIMUR,0.3125,GREEN,19790372,AREA 3,JATIM,MALANG,MALANG,,,0,0,0,JAWA TIMUR,KOTA MALANG,LOWOKWARU,TLOGOMAS,BATU
9826318599,,ODP-BLB-FM/10,-7.944338,112.631808,,,11,5,0,0,16,REGIONAL 5,MALANG,MALANG,BLB,BLIMBING,,2024-03-16 23:24:29,44959,2023,2,NON TITO,,,JAWA TIMUR,0.3125,GREEN,1266150295,AREA 3,JATIM,MALANG,MALANG,,,0,0,0,JAWA TIMUR,KOTA MALANG,LOWOKWARU,TULUSREJO,BATU
3045569919,,ODP-BLB-FDK/14,-7.93033,112.686954,,,10,6,0,0,16,REGIONAL 5,MALANG,MALANG,BLB,BLIMBING,,2024-03-16 23:24:27,43396,2018,10,NON TITO,,,JAWA TIMUR,0.375,GREEN,405869194,AREA 3,JATIM,MALANG,MALANG,,,0,0,0,JAWA TIMUR,MALANG,PAKIS,TIRTOMOYO,BATU
9826318594,,ODP-BLB-FM/12,-7.945755,112.630091,,,13,3,0,0,16,REGIONAL 5,MALANG,MALANG,BLB,BLIMBING,,2024-03-16 23:24:36,44959,2023,2,NON TITO,,,JAWA TIMUR,0.1875,GREEN,1266150292,AREA 3,JATIM,MALANG,MALANG,,,0,0,0,JAWA TIMUR,KOTA MALANG,LOWOKWARU,TULUSREJO,BATU
9490544051,,ODP-LWG-FAN/21,-7.813947,112.719067,,,6,2,0,0,8,REGIONAL 5,MALANG,MALANG,LWG,LAWANG,,2024-03-16 23:24:40,44864,2022,10,NON TITO,,,JAWA TIMUR,0.25,GREEN,1246099660,AREA 3,JATIM,MALANG,MALANG,,,0,0,0,JAWA TIMUR,PASURUAN,PURWODADI,PURWODADI,BATU
9739769286,,ODP-BLB-FCV/77,-7.943622,112.618088,,,13,3,0,0,16,REGIONAL 5,MALANG,MALANG,BLB,BLIMBING,,2024-03-16 23:25:52,44942,2023,1,NON TITO,,,JAWA TIMUR,0.1875,GREEN,1262201534,AREA 3,JATIM,MALANG,MALANG,,,0,0,0,JAWA TIMUR,KOTA MALANG,LOWOKWARU,JATIMULYO,BATU
293067648,,ODP-KPO-FC/54,-7.9266,112.5847,,,11,5,0,0,16,REGIONAL 5,MALANG,BATU,KPO,KARANGPLOSO,,2024-03-16 23:28:51,42485,2016,4,NON TITO,,,JAWA TIMUR,0.3125,GREEN,19789395,AREA 3,JATIM,MALANG,MALANG,,,0,0,0,JAWA TIMUR,MALANG,DAU,LANDUNGSARI,BATU
293067102,,ODP-BTU-FG/39,-7.8887,112.5426,,,15,1,0,0,16,REGIONAL 5,MALANG,BATU,BTU,BATU,,2024-03-16 23:28:06,42485,2016,4,NON TITO,,,JAWA TIMUR,0.0625,GREEN,19789031,AREA 3,JATIM,MALANG,MALANG,,,0,0,0,JAWA TIMUR,KOTA BATU,JUNREJO,BEJI,BATU
3062744417,,ODP-PKS-FQ/58,-7.953545,112.685448,,,11,5,0,0,16,REGIONAL 5,MALANG,MALANG,PKS,PAKIS,,2024-03-16 23:28:06,43406,2018,11,NON TITO,,,JAWA TIMUR,0.3125,GREEN,406000278,AREA 3,JATIM,MALANG,MALANG,,,0,0,0,JAWA TIMUR,MALANG,PAKIS,SAPTORENGGO,BATU
5489669080,,ODP-BLB-FEB/27,-7.958772,112.644711,,,5,3,0,0,8,REGIONAL 5,MALANG,MALANG,BLB,BLIMBING,,2024-03-16 23:26:21,44113,2020,10,NON TITO,,,JAWA TIMUR,0.375,GREEN,845307518,AREA 3,JATIM,MALANG,MALANG,,,0,0,0,JAWA TIMUR,KOTA MALANG,BLIMBING,PURWANTORO,BATU
9849569623,,ODP-TMP-FA/137,-8.04395,112.76312,,,10,6,0,0,16,REGIONAL 5,MALANG,MALANG,TMP,TUMPANG,,2024-03-16 23:24:21,44965,2023,2,NON TITO,,,JAWA TIMUR,0.375,GREEN,1266541734,AREA 3,JATIM,MALANG,MALANG,,,0,0,0,JAWA TIMUR,MALANG,PONCOKUSUMO,KARANGNONGKO,BATU
293070697,,ODP-KPO-FG/25,-7.8945,112.5848,,,10,6,0,0,16,REGIONAL 5,MALANG,BATU,KPO,KARANGPLOSO,,2024-03-16 23:29:08,42485,2016,4,NON TITO,,,JAWA TIMUR,0.375,GREEN,19791426,AREA 3,JATIM,MALANG,MALANG,,,0,0,0,JAWA TIMUR,KOTA BATU,JUNREJO,PENDEM,BATU
293062702,,ODP-BTU-FB/57,-7.8847,112.5343,,,10,6,0,0,16,REGIONAL 5,MALANG,BATU,BTU,BATU,,2024-03-16 23:27:41,42485,2016,4,NON TITO,,,JAWA TIMUR,0.375,GREEN,19786328,AREA 3,JATIM,MALANG,MALANG,,,0,0,0,JAWA TIMUR,KOTA BATU,BATU,TEMAS,BATU
5489669100,,ODP-BLB-FEB/31,-7.957862,112.644359,,,7,1,0,0,8,REGIONAL 5,MALANG,MALANG,BLB,BLIMBING,,2024-03-16 23:26:19,44113,2020,10,NON TITO,,,JAWA TIMUR,0.125,GREEN,845307544,AREA 3,JATIM,MALANG,MALANG,,,0,0,0,JAWA TIMUR,KOTA MALANG,BLIMBING,PURWANTORO,BATU
293070513,,ODP-NTG-FC/04,-7.8806,112.3619,,,12,4,0,0,16,REGIONAL 5,MALANG,BATU,NTG,NGANTANG,,2024-03-16 23:24:43,42485,2016,4,NON TITO,,,JAWA TIMUR,0.25,GREEN,19791306,AREA 3,JATIM,MALANG,MALANG,,,0,0,0,JAWA TIMUR,MALANG,NGANTANG,BANTUREJO,BATU
9490544039,,ODP-LWG-FAN/24,-7.808168,112.717873,,,7,1,0,0,8,REGIONAL 5,MALANG,MALANG,LWG,LAWANG,,2024-03-16 23:24:39,44864,2022,10,NON TITO,,,JAWA TIMUR,0.125,GREEN,1246099652,AREA 3,JATIM,MALANG,MALANG,,,0,0,0,JAWA TIMUR,PASURUAN,PURWODADI,PAREREJO,BATU
9845294647,,ODP-BTU-FCC/09,-7.846529,112.48924,,,6,2,0,0,8,REGIONAL 5,MALANG,BATU,BTU,BATU,,2024-03-16 23:28:05,44965,2023,2,NON TITO,,,JAWA TIMUR,0.25,GREEN,1266536413,AREA 3,JATIM,MALANG,MALANG,,,0,0,0,JAWA TIMUR,MALANG,PUJON,PANDESARI,BATU
3046544286,,ODP-KPO-FBD/51,-7.909519,112.570641,,,6,2,0,0,8,REGIONAL 5,MALANG,BATU,KPO,KARANGPLOSO,,2024-03-16 23:22:38,43397,2018,10,NON TITO,,,JAWA TIMUR,0.25,GREEN,405879495,AREA 3,JATIM,MALANG,MALANG,,,0,0,0,JAWA TIMUR,KOTA BATU,JUNREJO,DADAPREJO,BATU
293070404,,ODP-NTG-FC/10,-7.8778,112.3607,,,13,3,0,0,16,REGIONAL 5,MALANG,BATU,NTG,NGANTANG,,2024-03-16 23:28:53,42485,2016,4,NON TITO,,,JAWA TIMUR,0.1875,GREEN,19791226,AREA 3,JATIM,MALANG,MALANG,,,0,0,0,JAWA TIMUR,MALANG,NGANTANG,PANDANSARI,BATU
5474743622,,ODP-BLB-FDU/10,-7.94479,112.650507,,,7,1,0,0,8,REGIONAL 5,MALANG,MALANG,BLB,BLIMBING,,2024-03-16 23:27:50,44108,2020,10,NON TITO,,,JAWA TIMUR,0.125,GREEN,844921570,AREA 3,JATIM,MALANG,MALANG,,,0,0,0,JAWA TIMUR,KOTA MALANG,BLIMBING,BLIMBING,BATU
293065953,,ODP-KPO-FC/46,-7.9173,112.5863,,,10,6,0,0,16,REGIONAL 5,MALANG,BATU,KPO,KARANGPLOSO,,2024-03-16 23:23:53,42485,2016,4,NON TITO,,,JAWA TIMUR,0.375,GREEN,19788289,AREA 3,JATIM,MALANG,MALANG,,,0,0,0,JAWA TIMUR,MALANG,DAU,MULYOAGUNG,BATU
5489669050,,ODP-BLB-FEB/34,-7.957743,112.643892,,,6,2,0,0,8,REGIONAL 5,MALANG,MALANG,BLB,BLIMBING,,2024-03-16 23:26:23,44113,2020,10,NON TITO,,,JAWA TIMUR,0.25,GREEN,845307491,AREA 3,JATIM,MALANG,MALANG,,,0,0,0,JAWA TIMUR,KOTA MALANG,BLIMBING,PURWANTORO,BATU
293066655,,ODP-KPO-FC/35,-7.9188,112.5861,,,10,6,0,0,16,REGIONAL 5,MALANG,BATU,KPO,KARANGPLOSO,,2024-03-16 23:27:57,42485,2016,4,NON TITO,,,JAWA TIMUR,0.375,GREEN,19788742,AREA 3,JATIM,MALANG,MALANG,,,0,0,0,JAWA TIMUR,MALANG,DAU,MULYOAGUNG,BATU
5567368704,,ODP-BLB-FBV/79,-7.948021,112.649689,,,5,3,0,0,8,REGIONAL 5,MALANG,MALANG,BLB,BLIMBING,,2024-03-16 23:23:05,44122,2020,10,NON TITO,,,JAWA TIMUR,0.375,GREEN,855590988,AREA 3,JATIM,MALANG,MALANG,,,0,0,0,JAWA TIMUR,KOTA MALANG,BLIMBING,BLIMBING,BATU
9490544042,,ODP-LWG-FAN/12,-7.818687,112.71685,,,7,1,0,0,8,REGIONAL 5,MALANG,MALANG,LWG,LAWANG,,2024-03-16 23:24:46,44864,2022,10,NON TITO,,,JAWA TIMUR,0.125,GREEN,1246099654,AREA 3,JATIM,MALANG,MALANG,,,0,0,0,JAWA TIMUR,PASURUAN,PURWODADI,SENTUL,BATU
5548021192,,ODP-BLB-FDV/80,-7.968657,112.650333,,,6,2,0,0,8,REGIONAL 5,MALANG,MALANG,BLB,BLIMBING,,2024-03-16 23:24:38,44121,2020,10,NON TITO,,,JAWA TIMUR,0.25,GREEN,855572034,AREA 3,JATIM,MALANG,MALANG,,,0,0,0,JAWA TIMUR,KOTA MALANG,BLIMBING,BUNULREJO,BATU
9490544009,,ODP-LWG-FAN/19,-7.814974,112.721105,,,5,3,0,0,8,REGIONAL 5,MALANG,MALANG,LWG,LAWANG,,2024-03-16 23:24:30,44864,2022,10,NON TITO,,,JAWA TIMUR,0.375,GREEN,1246099632,AREA 3,JATIM,MALANG,MALANG,,,0,0,0,JAWA TIMUR,PASURUAN,PURWODADI,PURWODADI,BATU
292973514,,ODP-BTU-FD/16,-7.8889,112.514,,,13,3,0,0,16,REGIONAL 5,MALANG,BATU,BTU,BATU,,2024-03-16 23:22:06,42485,2016,4,NON TITO,,,JAWA TIMUR,0.1875,GREEN,19778375,AREA 3,JATIM,MALANG,MALANG,,,0,0,0,JAWA TIMUR,KOTA BATU,BATU,NGAGLIK,BATU
5591368950,,ODP-BLB-FDW/73,-7.958152,112.648349,,,5,3,0,0,8,REGIONAL 5,MALANG,MALANG,BLB,BLIMBING,,2024-03-16 23:29:09,44127,2020,10,NON TITO,,,JAWA TIMUR,0.375,GREEN,855736710,AREA 3,JATIM,MALANG,MALANG,,,0,0,0,JAWA TIMUR,KOTA MALANG,BLIMBING,PURWANTORO,BATU
852343614,,ODP-BLB-FW/50,-7.935277,112.646507,,,12,4,0,0,16,REGIONAL 5,MALANG,MALANG,BLB,BLIMBING,,2024-03-16 23:26:01,42614,2016,9,NON TITO,,,JAWA TIMUR,0.25,GREEN,34436800,AREA 3,JATIM,MALANG,MALANG,,,0,0,0,JAWA TIMUR,KOTA MALANG,BLIMBING,PURWODADI,BATU
5431246527,,ODP-BLB-FDY/36,-7.93855,112.653807,,,5,3,0,0,8,REGIONAL 5,MALANG,MALANG,BLB,BLIMBING,,2024-03-16 23:26:28,44101,2020,9,NON TITO,,,JAWA TIMUR,0.375,GREEN,843835557,AREA 3,JATIM,MALANG,MALANG,,,0,0,0,JAWA TIMUR,KOTA MALANG,BLIMBING,PURWODADI,BATU
851143637,,ODP-BLB-FW/58,-7.939511,112.649616,,,12,4,0,0,16,REGIONAL 5,MALANG,MALANG,BLB,BLIMBING,,2024-03-16 23:28:06,42614,2016,9,NON TITO,,,JAWA TIMUR,0.25,GREEN,34436797,AREA 3,JATIM,MALANG,MALANG,,,0,0,0,JAWA TIMUR,KOTA MALANG,BLIMBING,PURWODADI,BATU
292976972,,ODP-BTU-FD/17,-7.889,112.5139,,,12,4,0,0,16,REGIONAL 5,MALANG,BATU,BTU,BATU,,2024-03-16 23:23:06,42485,2016,4,NON TITO,,,JAWA TIMUR,0.25,GREEN,19780304,AREA 3,JATIM,MALANG,MALANG,,,0,0,0,JAWA TIMUR,KOTA BATU,BATU,NGAGLIK,BATU
3074670289,,ODP-BTU-FV/51,-7.875415,112.527263,,,11,5,0,0,16,REGIONAL 5,MALANG,BATU,BTU,BATU,,2024-03-16 23:28:56,43411,2018,11,NON TITO,,,JAWA TIMUR,0.3125,GREEN,406026949,AREA 3,JATIM,MALANG,MALANG,,,0,0,0,JAWA TIMUR,KOTA BATU,BATU,SISIR,BATU
292972296,,ODP-KPO-FH/28,-7.910513,112.578696,,,7,6,3,0,16,REGIONAL 5,MALANG,BATU,KPO,KARANGPLOSO,,2024-03-16 23:29:08,42485,2016,4,NON TITO,,,JAWA TIMUR,0.375,GREEN,19777683,AREA 3,JATIM,MALANG,MALANG,,,0,0,0,JAWA TIMUR,KOTA BATU,JUNREJO,DADAPREJO,BATU
3074669241,,ODP-KPO-FBC/40,-7.928468,112.584342,,,14,2,0,0,16,REGIONAL 5,MALANG,BATU,KPO,KARANGPLOSO,,2024-03-16 23:28:16,43409,2018,11,NON TITO,,,JAWA TIMUR,0.125,GREEN,406016304,AREA 3,JATIM,MALANG,MALANG,,,0,0,0,JAWA TIMUR,MALANG,DAU,LANDUNGSARI,BATU
5591368925,,ODP-BLB-FDW/24,-7.955081,112.65012,,,5,3,0,0,8,REGIONAL 5,MALANG,MALANG,BLB,BLIMBING,,2024-03-16 23:29:14,44127,2020,10,NON TITO,,,JAWA TIMUR,0.375,GREEN,855736695,AREA 3,JATIM,MALANG,MALANG,,,0,0,0,JAWA TIMUR,KOTA MALANG,BLIMBING,PURWANTORO,BATU
3074669149,,ODP-KPO-FBC/41,-7.929083,112.585535,,,10,6,0,0,16,REGIONAL 5,MALANG,BATU,KPO,KARANGPLOSO,,2024-03-16 23:27:07,43409,2018,11,NON TITO,,,JAWA TIMUR,0.375,GREEN,406016240,AREA 3,JATIM,MALANG,MALANG,,,0,0,0,JAWA TIMUR,MALANG,DAU,LANDUNGSARI,BATU
9917672879,,ODP-BLB-FCF/87,-7.943386,112.620327,,,9,6,1,0,16,REGIONAL 5,MALANG,MALANG,BLB,BLIMBING,,2024-03-16 23:27:57,44986,2023,3,NON TITO,,,JAWA TIMUR,0.375,GREEN,1272527688,AREA 3,JATIM,MALANG,MALANG,,,0,0,0,JAWA TIMUR,KOTA MALANG,LOWOKWARU,JATIMULYO,BATU
9918268560,,ODP-BTU-FBY/08,-7.820364,112.520879,,,5,3,0,0,8,REGIONAL 5,MALANG,BATU,BTU,BATU,,2024-03-16 23:22:36,44980,2023,2,NON TITO,,,JAWA TIMUR,0.375,GREEN,1268549885,AREA 3,JATIM,MALANG,MALANG,,,0,0,0,JAWA TIMUR,KOTA BATU,BUMIAJI,TULUNGREJO,BATU
9896745401,,ODP-BLB-FAE/70,-7.945718,112.631975,,,5,3,0,0,8,REGIONAL 5,MALANG,MALANG,BLB,BLIMBING,,2024-03-16 23:28:30,44979,2023,2,NON TITO,,,JAWA TIMUR,0.375,GREEN,1268403946,AREA 3,JATIM,MALANG,MALANG,,,0,0,0,JAWA TIMUR,KOTA MALANG,LOWOKWARU,TULUSREJO,BATU
5591368905,,ODP-BLB-FDW/69,-7.956455,112.64862,,,6,2,0,0,8,REGIONAL 5,MALANG,MALANG,BLB,BLIMBING,,2024-03-16 23:27:48,44127,2020,10,NON TITO,,,JAWA TIMUR,0.25,GREEN,855736683,AREA 3,JATIM,MALANG,MALANG,,,0,0,0,JAWA TIMUR,KOTA MALANG,BLIMBING,PURWANTORO,BATU
9895918910,,ODP-BLB-FDK/22,-7.933387,112.685709,,,5,3,0,0,8,REGIONAL 5,MALANG,MALANG,BLB,BLIMBING,,2024-03-16 23:26:40,44978,2023,2,NON TITO,,,JAWA TIMUR,0.375,GREEN,1268324984,AREA 3,JATIM,MALANG,MALANG,,,0,0,0,JAWA TIMUR,MALANG,PAKIS,TIRTOMOYO,BATU
5591368930,,ODP-BLB-FDW/46,-7.954713,112.649879,,,6,2,0,0,8,REGIONAL 5,MALANG,MALANG,BLB,BLIMBING,,2024-03-16 23:28:14,44127,2020,10,NON TITO,,,JAWA TIMUR,0.25,GREEN,855736698,AREA 3,JATIM,MALANG,MALANG,,,0,0,0,JAWA TIMUR,KOTA MALANG,BLIMBING,PURWANTORO,BATU
9895918900,,ODP-BLB-FDK/24,-7.933949,112.684926,,,6,2,0,0,8,REGIONAL 5,MALANG,MALANG,BLB,BLIMBING,,2024-03-16 23:26:47,44978,2023,2,NON TITO,,,JAWA TIMUR,0.25,GREEN,1268324978,AREA 3,JATIM,MALANG,MALANG,,,0,0,0,JAWA TIMUR,MALANG,PAKIS,TIRTOMOYO,BATU
5431246515,,ODP-BLB-FDY/41,-7.94158,112.654058,,,6,2,0,0,8,REGIONAL 5,MALANG,MALANG,BLB,BLIMBING,,2024-03-16 23:25:53,44101,2020,9,NON TITO,,,JAWA TIMUR,0.25,GREEN,843835549,AREA 3,JATIM,MALANG,MALANG,,,0,0,0,JAWA TIMUR,KOTA MALANG,BLIMBING,PURWODADI,BATU
292971880,,ODP-BTU-FD/10,-7.8907,112.5159,,,10,6,0,0,16,REGIONAL 5,MALANG,BATU,BTU,BATU,,2024-03-16 23:29:05,42485,2016,4,NON TITO,,,JAWA TIMUR,0.375,GREEN,19777440,AREA 3,JATIM,MALANG,MALANG,,,0,0,0,JAWA TIMUR,KOTA BATU,BATU,NGAGLIK,BATU
5591368985,,ODP-BLB-FDW/47,-7.954941,112.64977,,,6,2,0,0,8,REGIONAL 5,MALANG,MALANG,BLB,BLIMBING,,2024-03-16 23:29:19,44127,2020,10,NON TITO,,,JAWA TIMUR,0.25,GREEN,855736731,AREA 3,JATIM,MALANG,MALANG,,,0,0,0,JAWA TIMUR,KOTA MALANG,BLIMBING,PURWANTORO,BATU
292965717,,ODP-KPO-FE/07,-7.8683,112.5719,,,14,2,0,0,16,REGIONAL 5,MALANG,BATU,KPO,KARANGPLOSO,,2024-03-16 23:27:00,42485,2016,4,NON TITO,,,JAWA TIMUR,0.125,GREEN,19773633,AREA 3,JATIM,MALANG,MALANG,,,0,0,0,JAWA TIMUR,MALANG,KARANGPLOSO,TAWANGARGO,BATU
5431245264,,ODP-BLB-FDT/10,-7.948751,112.639943,,,5,3,0,0,8,REGIONAL 5,MALANG,MALANG,BLB,BLIMBING,,2024-03-16 23:26:23,44100,2020,9,NON TITO,,,JAWA TIMUR,0.375,GREEN,843830086,AREA 3,JATIM,MALANG,MALANG,,,0,0,0,JAWA TIMUR,KOTA MALANG,BLIMBING,PURWANTORO,BATU
292968016,,ODP-BTU-FB/26,-7.8808,112.5292,,,5,3,0,0,8,REGIONAL 5,MALANG,BATU,BTU,BATU,,2024-03-16 23:28:28,42485,2016,4,NON TITO,,,JAWA TIMUR,0.375,GREEN,19775212,AREA 3,JATIM,MALANG,MALANG,,,0,0,0,JAWA TIMUR,KOTA BATU,BATU,SISIR,BATU
292968129,,ODP-BTU-FB/35,-7.8936,112.5398,,,11,5,0,0,16,REGIONAL 5,MALANG,BATU,BTU,BATU,,2024-03-16 23:28:33,42485,2016,4,NON TITO,,,JAWA TIMUR,0.3125,GREEN,19775276,AREA 3,JATIM,MALANG,MALANG,,,0,0,0,JAWA TIMUR,KOTA BATU,BATU,ORO-ORO OMBO,BATU
5431245269,,ODP-BLB-FDT/16,-7.946366,112.641399,,,5,3,0,0,8,REGIONAL 5,MALANG,MALANG,BLB,BLIMBING,,2024-03-16 23:26:08,44100,2020,9,NON TITO,,,JAWA TIMUR,0.375,GREEN,843830094,AREA 3,JATIM,MALANG,MALANG,,,0,0,0,JAWA TIMUR,KOTA MALANG,BLIMBING,PURWANTORO,BATU
10186993546,,ODP-BLB-FDK/26,-7.931818,112.68505,,,5,2,1,0,8,REGIONAL 5,MALANG,MALANG,BLB,BLIMBING,,2024-03-16 23:26:54,45062,2023,5,NON TITO,,,JAWA TIMUR,0.25,GREEN,1288622076,AREA 3,JATIM,MALANG,MALANG,,,0,0,0,JAWA TIMUR,MALANG,PAKIS,TIRTOMOYO,BATU
292971952,,ODP-BTU-FD/14,-7.8908,112.515,,,14,2,0,0,16,REGIONAL 5,MALANG,BATU,BTU,BATU,,2024-03-16 23:28:09,42485,2016,4,NON TITO,,,JAWA TIMUR,0.125,GREEN,19777481,AREA 3,JATIM,MALANG,MALANG,,,0,0,0,JAWA TIMUR,KOTA BATU,BATU,NGAGLIK,BATU
5435819053,,ODP-BLB-FDA/23,-7.935099,112.665995,,,11,5,0,0,16,REGIONAL 5,MALANG,MALANG,BLB,BLIMBING,,2024-03-16 23:23:45,44100,2020,9,NON TITO,,,JAWA TIMUR,0.3125,GREEN,843831508,AREA 3,JATIM,MALANG,MALANG,,,0,0,0,JAWA TIMUR,MALANG,PAKIS,TIRTOMOYO,BATU
10116118858,,ODP-KPO-FD/25,-7.86685,112.577121,,,5,3,0,0,8,REGIONAL 5,MALANG,BATU,KPO,KARANGPLOSO,,2024-03-16 23:24:55,45043,2023,4,NON TITO,,,JAWA TIMUR,0.375,GREEN,1285311862,AREA 3,JATIM,MALANG,MALANG,,,0,0,0,JAWA TIMUR,MALANG,KARANGPLOSO,DONOWARIH,BATU
10018244753,,ODP-TMP-FE/127,-7.995976,112.748438,,,5,3,0,0,8,REGIONAL 5,MALANG,MALANG,TMP,TUMPANG,,2024-03-16 23:28:22,45009,2023,3,NON TITO,,,JAWA TIMUR,0.375,GREEN,1279977238,AREA 3,JATIM,MALANG,MALANG,,,0,0,0,JAWA TIMUR,MALANG,TUMPANG,WRINGINSONGO,BATU
5591368955,,ODP-BLB-FDW/70,-7.956631,112.648741,,,6,2,0,0,8,REGIONAL 5,MALANG,MALANG,BLB,BLIMBING,,2024-03-16 23:29:17,44127,2020,10,NON TITO,,,JAWA TIMUR,0.25,GREEN,855736713,AREA 3,JATIM,MALANG,MALANG,,,0,0,0,JAWA TIMUR,KOTA MALANG,BLIMBING,PURWANTORO,BATU
5431246512,,ODP-BLB-FDY/38,-7.939505,112.651304,,,7,1,0,0,8,REGIONAL 5,MALANG,MALANG,BLB,BLIMBING,,2024-03-16 23:26:31,44101,2020,9,NON TITO,,,JAWA TIMUR,0.125,GREEN,843835547,AREA 3,JATIM,MALANG,MALANG,,,0,0,0,JAWA TIMUR,KOTA MALANG,BLIMBING,PURWODADI,BATU
292969662,,ODP-KPO-FH/27,-7.9222,112.5743,,,11,5,0,0,16,REGIONAL 5,MALANG,BATU,KPO,KARANGPLOSO,,2024-03-16 23:28:51,42485,2016,4,NON TITO,,,JAWA TIMUR,0.3125,GREEN,19776150,AREA 3,JATIM,MALANG,MALANG,,,0,0,0,JAWA TIMUR,MALANG,DAU,SUMBERSEKAR,BATU
292971529,,ODP-BTU-FD/08,-7.8904,112.5158,,,11,5,0,0,16,REGIONAL 5,MALANG,BATU,BTU,BATU,,2024-03-16 23:29:16,42485,2016,4,NON TITO,,,JAWA TIMUR,0.3125,GREEN,19777234,AREA 3,JATIM,MALANG,MALANG,,,0,0,0,JAWA TIMUR,KOTA BATU,BATU,NGAGLIK,BATU
10011493532,,ODP-BLB-FCW/131,-7.951881,112.637468,,,6,2,0,0,8,REGIONAL 5,MALANG,MALANG,BLB,BLIMBING,,2024-03-16 23:26:28,45002,2023,3,NON TITO,,,JAWA TIMUR,0.25,GREEN,1278686837,AREA 3,JATIM,MALANG,MALANG,,,0,0,0,JAWA TIMUR,KOTA MALANG,LOWOKWARU,TULUSREJO,BATU
5591368970,,ODP-BLB-FDW/03,-7.954267,112.650248,,,5,3,0,0,8,REGIONAL 5,MALANG,MALANG,BLB,BLIMBING,,2024-03-16 23:29:20,44127,2020,10,NON TITO,,,JAWA TIMUR,0.375,GREEN,855736722,AREA 3,JATIM,MALANG,MALANG,,,0,0,0,JAWA TIMUR,KOTA MALANG,BLIMBING,PURWANTORO,BATU
293058480,,ODP-BTU-FB/55,-7.8837,112.5347,,,12,4,0,0,16,REGIONAL 5,MALANG,BATU,BTU,BATU,,2024-03-16 23:26:50,42485,2016,4,NON TITO,,,JAWA TIMUR,0.25,GREEN,19783944,AREA 3,JATIM,MALANG,MALANG,,,0,0,0,JAWA TIMUR,KOTA BATU,BATU,TEMAS,BATU
293054784,,ODP-BTU-FD/43,-7.8825,112.5156,,,11,3,0,0,16,REGIONAL 5,MALANG,BATU,BTU,BATU,,2024-03-16 23:25:32,42485,2016,4,NON TITO,,,JAWA TIMUR,0.1875,GREEN,19781884,AREA 3,JATIM,MALANG,MALANG,,,0,0,0,JAWA TIMUR,KOTA BATU,BATU,NGAGLIK,BATU
293055128,,ODP-BTU-FE/05,-7.8752,112.5138,,,11,5,0,0,16,REGIONAL 5,MALANG,BATU,BTU,BATU,,2024-03-16 23:26:08,42485,2016,4,NON TITO,,,JAWA TIMUR,0.3125,GREEN,19782083,AREA 3,JATIM,MALANG,MALANG,,,0,0,0,JAWA TIMUR,KOTA BATU,BATU,PESANGGRAHAN,BATU
9468346537,,ODP-LWG-FAK/26,-7.830054,112.684663,,,5,3,0,0,8,REGIONAL 5,MALANG,MALANG,LWG,LAWANG,,2024-03-16 23:25:11,44863,2022,10,NON TITO,,,JAWA TIMUR,0.375,GREEN,1246097326,AREA 3,JATIM,MALANG,MALANG,,,0,0,0,JAWA TIMUR,MALANG,LAWANG,KETINDAN,BATU
9883094703,,ODP-BLB-FDY/88,-7.936757,112.666763,,,7,1,0,0,8,REGIONAL 5,MALANG,MALANG,BLB,BLIMBING,,2024-03-16 23:21:19,44972,2023,2,NON TITO,,,JAWA TIMUR,0.125,GREEN,1267207475,AREA 3,JATIM,MALANG,MALANG,,,0,0,0,JAWA TIMUR,MALANG,PAKIS,TIRTOMOYO,BATU
9468346547,,ODP-LWG-FAK/01,-7.821473,112.650271,,,7,1,0,0,8,REGIONAL 5,MALANG,MALANG,LWG,LAWANG,,2024-03-16 23:26:11,44863,2022,10,NON TITO,,,JAWA TIMUR,0.125,GREEN,1246097332,AREA 3,JATIM,MALANG,MALANG,,,0,0,0,JAWA TIMUR,MALANG,LAWANG,KETINDAN,BATU
9734443989,,ODP-BLB-FBX/05,-7.96663,112.642735,,,12,4,0,0,16,REGIONAL 5,MALANG,MALANG,BLB,BLIMBING,,2024-03-16 23:29:04,44936,2023,1,NON TITO,,,JAWA TIMUR,0.25,GREEN,1261684498,AREA 3,JATIM,MALANG,MALANG,,,0,0,0,JAWA TIMUR,KOTA MALANG,BLIMBING,BUNULREJO,BATU
9468346587,,ODP-LWG-FAK/25,-7.830508,112.685797,,,6,2,0,0,8,REGIONAL 5,MALANG,MALANG,LWG,LAWANG,,2024-03-16 23:26:21,44863,2022,10,NON TITO,,,JAWA TIMUR,0.25,GREEN,1246097356,AREA 3,JATIM,MALANG,MALANG,,,0,0,0,JAWA TIMUR,MALANG,LAWANG,KETINDAN,BATU
3066718638,,ODP-BLB-FBW/29,-7.946463,112.64163,,,13,3,0,0,16,REGIONAL 5,MALANG,MALANG,BLB,BLIMBING,,2024-03-16 23:22:59,43408,2018,11,NON TITO,,,JAWA TIMUR,0.1875,GREEN,406007872,AREA 3,JATIM,MALANG,MALANG,,,0,0,0,JAWA TIMUR,KOTA MALANG,BLIMBING,PURWANTORO,BATU
5431172958,,ODP-BTU-FBF/10,-7.841504,112.490161,,,5,3,0,0,8,REGIONAL 5,MALANG,BATU,BTU,BATU,,2024-03-16 23:24:40,44105,2020,10,NON TITO,,,JAWA TIMUR,0.375,GREEN,843859839,AREA 3,JATIM,MALANG,MALANG,,,0,0,0,JAWA TIMUR,MALANG,PUJON,PANDESARI,BATU
2907943758,,ODP-SGS-FN/26,-7.901983,112.669144,,,11,5,0,0,16,REGIONAL 5,MALANG,MALANG,SGS,SINGOSARI,,2024-03-16 23:28:57,43354,2018,9,NON TITO,,,JAWA TIMUR,0.3125,GREEN,390094536,AREA 3,JATIM,MALANG,MALANG,,,0,0,0,JAWA TIMUR,MALANG,SINGOSARI,WATUGEDE,BATU
9882944643,,ODP-BLB-FDY/76,-7.941737,112.669366,,,7,1,0,0,8,REGIONAL 5,MALANG,MALANG,BLB,BLIMBING,,2024-03-16 23:24:37,44971,2023,2,NON TITO,,,JAWA TIMUR,0.125,GREEN,1267198897,AREA 3,JATIM,MALANG,MALANG,,,0,0,0,JAWA TIMUR,MALANG,PAKIS,TIRTOMOYO,BATU
9490543988,,ODP-LWG-FAN/04,-7.810654,112.71519,,,5,3,0,0,8,REGIONAL 5,MALANG,MALANG,LWG,LAWANG,,2024-03-16 23:24:40,44864,2022,10,NON TITO,,,JAWA TIMUR,0.375,GREEN,1246099618,AREA 3,JATIM,MALANG,MALANG,,,0,0,0,JAWA TIMUR,PASURUAN,PURWODADI,PAREREJO,BATU
9490543991,,ODP-LWG-FAN/26,-7.808635,112.722009,,,5,3,0,0,8,REGIONAL 5,MALANG,MALANG,LWG,LAWANG,,2024-03-16 23:24:16,44864,2022,10,NON TITO,,,JAWA TIMUR,0.375,GREEN,1246099620,AREA 3,JATIM,MALANG,MALANG,,,0,0,0,JAWA TIMUR,PASURUAN,PURWODADI,PAREREJO,BATU
738119800,,ODP-BLB-FBR/05,-7.9354,112.685,,,7,1,0,0,8,REGIONAL 5,MALANG,MALANG,BLB,BLIMBING,,2024-03-16 23:27:39,42570,2016,7,NON TITO,,,JAWA TIMUR,0.125,GREEN,33843400,AREA 3,JATIM,MALANG,MALANG,,,0,0,0,JAWA TIMUR,MALANG,PAKIS,TIRTOMOYO,BATU
9882944628,,ODP-BLB-FDY/85,-7.939863,112.667345,,,7,1,0,0,8,REGIONAL 5,MALANG,MALANG,BLB,BLIMBING,,2024-03-16 23:25:04,44971,2023,2,NON TITO,,,JAWA TIMUR,0.125,GREEN,1267198888,AREA 3,JATIM,MALANG,MALANG,,,0,0,0,JAWA TIMUR,MALANG,PAKIS,TIRTOMOYO,BATU
9490544000,,ODP-LWG-FAN/02,-7.811083,112.717474,,,7,1,0,0,8,REGIONAL 5,MALANG,MALANG,LWG,LAWANG,,2024-03-16 23:23:46,44864,2022,10,NON TITO,,,JAWA TIMUR,0.125,GREEN,1246099626,AREA 3,JATIM,MALANG,MALANG,,,0,0,0,JAWA TIMUR,PASURUAN,PURWODADI,PAREREJO,BATU
5549369386,,ODP-SGS-FA/37,-7.879435,112.643013,,,7,1,0,0,8,REGIONAL 5,MALANG,MALANG,SGS,SINGOSARI,,2024-03-16 23:25:52,44125,2020,10,NON TITO,,,JAWA TIMUR,0.125,GREEN,855639444,AREA 3,JATIM,MALANG,MALANG,,,0,0,0,JAWA TIMUR,MALANG,SINGOSARI,KLAMPOK,BATU
9882944608,,ODP-BLB-FDY/83,-7.941369,112.670452,,,6,2,0,0,8,REGIONAL 5,MALANG,MALANG,BLB,BLIMBING,,2024-03-16 23:24:51,44971,2023,2,NON TITO,,,JAWA TIMUR,0.25,GREEN,1267198874,AREA 3,JATIM,MALANG,MALANG,,,0,0,0,JAWA TIMUR,MALANG,PAKIS,TIRTOMOYO,BATU
9882944638,,ODP-BLB-FDY/75,-7.941205,112.66907,,,7,1,0,0,8,REGIONAL 5,MALANG,MALANG,BLB,BLIMBING,,2024-03-16 23:24:18,44971,2023,2,NON TITO,,,JAWA TIMUR,0.125,GREEN,1267198894,AREA 3,JATIM,MALANG,MALANG,,,0,0,0,JAWA TIMUR,MALANG,PAKIS,TIRTOMOYO,BATU
9883095621,,ODP-BLB-FDK/19,-7.933981,112.684211,,,6,2,0,0,8,REGIONAL 5,MALANG,MALANG,BLB,BLIMBING,,2024-03-16 23:22:18,44974,2023,2,NON TITO,,,JAWA TIMUR,0.25,GREEN,1267348987,AREA 3,JATIM,MALANG,MALANG,,,0,0,0,JAWA TIMUR,MALANG,PAKIS,TIRTOMOYO,BATU
9468346527,,ODP-LWG-FAK/11,-7.830864,112.69292,,,7,1,0,0,8,REGIONAL 5,MALANG,MALANG,LWG,LAWANG,,2024-03-16 23:25:54,44863,2022,10,NON TITO,,,JAWA TIMUR,0.125,GREEN,1246097320,AREA 3,JATIM,MALANG,MALANG,,,0,0,0,JAWA TIMUR,MALANG,LAWANG,LAWANG,BATU
9883094728,,ODP-BLB-FDY/96,-7.937606,112.670389,,,5,3,0,0,8,REGIONAL 5,MALANG,MALANG,BLB,BLIMBING,,2024-03-16 23:21:44,44972,2023,2,NON TITO,,,JAWA TIMUR,0.375,GREEN,1267207492,AREA 3,JATIM,MALANG,MALANG,,,0,0,0,JAWA TIMUR,MALANG,PAKIS,TIRTOMOYO,BATU
5440019417,,ODP-SGS-FAA/16,-7.858553,112.65233,,,5,3,0,0,8,REGIONAL 5,MALANG,MALANG,SGS,SINGOSARI,,2024-03-16 23:25:32,44102,2020,9,NON TITO,,,JAWA TIMUR,0.375,GREEN,843841770,AREA 3,JATIM,MALANG,MALANG,,,0,0,0,JAWA TIMUR,MALANG,SINGOSARI,TOYOMARTO,BATU
293055239,,ODP-BTU-FG/07,-7.878,112.5536,,,11,5,0,0,16,REGIONAL 5,MALANG,BATU,BTU,BATU,,2024-03-16 23:25:55,42485,2016,4,NON TITO,,,JAWA TIMUR,0.3125,GREEN,19782150,AREA 3,JATIM,MALANG,MALANG,,,0,0,0,JAWA TIMUR,KOTA BATU,JUNREJO,TORONGREJO,BATU
9882345043,,ODP-BLB-FDP/45,-7.941394,112.644141,,,14,2,0,0,16,REGIONAL 5,MALANG,MALANG,BLB,BLIMBING,,2024-03-16 23:23:03,44973,2023,2,NON TITO,,,JAWA TIMUR,0.125,GREEN,1267213916,AREA 3,JATIM,MALANG,MALANG,,,0,0,0,JAWA TIMUR,KOTA MALANG,BLIMBING,BLIMBING,BATU
9468346457,,ODP-LWG-FAK/19,-7.832209,112.683237,,,7,1,0,0,8,REGIONAL 5,MALANG,MALANG,LWG,LAWANG,,2024-03-16 23:21:07,44863,2022,10,NON TITO,,,JAWA TIMUR,0.125,GREEN,1246097276,AREA 3,JATIM,MALANG,MALANG,,,0,0,0,JAWA TIMUR,MALANG,LAWANG,KETINDAN,BATU
794895389,,ODP-BLB-FBV/02,-7.952765,112.646107,,,13,3,0,0,16,REGIONAL 5,MALANG,MALANG,BLB,BLIMBING,,2024-03-16 23:24:10,42592,2016,8,NON TITO,,,JAWA TIMUR,0.1875,GREEN,34271811,AREA 3,JATIM,MALANG,MALANG,,,0,0,0,JAWA TIMUR,KOTA MALANG,BLIMBING,PURWANTORO,BATU
9468346472,,ODP-LWG-FAK/20,-7.831307,112.682307,,,5,3,0,0,8,REGIONAL 5,MALANG,MALANG,LWG,LAWANG,,2024-03-16 23:25:19,44863,2022,10,NON TITO,,,JAWA TIMUR,0.375,GREEN,1246097285,AREA 3,JATIM,MALANG,MALANG,,,0,0,0,JAWA TIMUR,MALANG,LAWANG,KETINDAN,BATU
9883094768,,ODP-BLB-FDY/98,-7.938747,112.669528,,,6,2,0,0,8,REGIONAL 5,MALANG,MALANG,BLB,BLIMBING,,2024-03-16 23:21:43,44972,2023,2,NON TITO,,,JAWA TIMUR,0.25,GREEN,1267207527,AREA 3,JATIM,MALANG,MALANG,,,0,0,0,JAWA TIMUR,MALANG,PAKIS,TIRTOMOYO,BATU
9883094723,,ODP-BLB-FDY/94,-7.938388,112.667779,,,7,1,0,0,8,REGIONAL 5,MALANG,MALANG,BLB,BLIMBING,,2024-03-16 23:21:38,44972,2023,2,NON TITO,,,JAWA TIMUR,0.125,GREEN,1267207489,AREA 3,JATIM,MALANG,MALANG,,,0,0,0,JAWA TIMUR,MALANG,PAKIS,TIRTOMOYO,BATU
9468346482,,ODP-LWG-FAK/27,-7.829461,112.68375,,,6,2,0,0,8,REGIONAL 5,MALANG,MALANG,LWG,LAWANG,,2024-03-16 23:25:31,44863,2022,10,NON TITO,,,JAWA TIMUR,0.25,GREEN,1246097292,AREA 3,JATIM,MALANG,MALANG,,,0,0,0,JAWA TIMUR,MALANG,LAWANG,KETINDAN,BATU
9883094753,,ODP-BLB-FDY/86,-7.93711,112.668994,,,6,2,0,0,8,REGIONAL 5,MALANG,MALANG,BLB,BLIMBING,,2024-03-16 23:22:01,44972,2023,2,NON TITO,,,JAWA TIMUR,0.25,GREEN,1267207513,AREA 3,JATIM,MALANG,MALANG,,,0,0,0,JAWA TIMUR,MALANG,PAKIS,TIRTOMOYO,BATU
293055665,,ODP-BTU-FCLC/01,-7.8771,112.5259,,,10,6,0,0,16,REGIONAL 5,MALANG,BATU,BTU,BATU,,2024-03-16 23:25:46,42485,2016,4,NON TITO,,,JAWA TIMUR,0.375,GREEN,19782387,AREA 3,JATIM,MALANG,MALANG,,,0,0,0,JAWA TIMUR,KOTA BATU,BATU,SISIR,BATU
2903819021,,ODP-SGS-FU/11,-7.868467,112.680601,,,5,3,0,0,8,REGIONAL 5,MALANG,MALANG,SGS,SINGOSARI,,2024-03-16 23:29:06,43353,2018,9,NON TITO,,,JAWA TIMUR,0.375,GREEN,390089354,AREA 3,JATIM,MALANG,MALANG,,,0,0,0,JAWA TIMUR,MALANG,SINGOSARI,RANDUAGUNG,BATU
9883094738,,ODP-BLB-FDY/99,-7.939675,112.667007,,,5,3,0,0,8,REGIONAL 5,MALANG,MALANG,BLB,BLIMBING,,2024-03-16 23:22:00,44972,2023,2,NON TITO,,,JAWA TIMUR,0.375,GREEN,1267207499,AREA 3,JATIM,MALANG,MALANG,,,0,0,0,JAWA TIMUR,MALANG,PAKIS,TIRTOMOYO,BATU
9883094733,,ODP-BLB-FDY/87,-7.935539,112.66693,,,5,3,0,0,8,REGIONAL 5,MALANG,MALANG,BLB,BLIMBING,,2024-03-16 23:22:00,44972,2023,2,NON TITO,,,JAWA TIMUR,0.375,GREEN,1267207495,AREA 3,JATIM,MALANG,MALANG,,,0,0,0,JAWA TIMUR,MALANG,PAKIS,TIRTOMOYO,BATU
9468346497,,ODP-LWG-FAK/07,-7.827373,112.666656,,,5,3,0,0,8,REGIONAL 5,MALANG,MALANG,LWG,LAWANG,,2024-03-16 23:25:33,44863,2022,10,NON TITO,,,JAWA TIMUR,0.375,GREEN,1246097301,AREA 3,JATIM,MALANG,MALANG,,,0,0,0,JAWA TIMUR,MALANG,LAWANG,KETINDAN,BATU
3066718703,,ODP-BLB-FBW/52,-7.94849,112.641979,,,6,2,0,0,8,REGIONAL 5,MALANG,MALANG,BLB,BLIMBING,,2024-03-16 23:22:26,43408,2018,11,NON TITO,,,JAWA TIMUR,0.25,GREEN,406007901,AREA 3,JATIM,MALANG,MALANG,,,0,0,0,JAWA TIMUR,KOTA MALANG,BLIMBING,PURWANTORO,BATU
9883094758,,ODP-BLB-FDY/91,-7.936696,112.668226,,,7,1,0,0,8,REGIONAL 5,MALANG,MALANG,BLB,BLIMBING,,2024-03-16 23:21:49,44972,2023,2,NON TITO,,,JAWA TIMUR,0.125,GREEN,1267207521,AREA 3,JATIM,MALANG,MALANG,,,0,0,0,JAWA TIMUR,MALANG,PAKIS,TIRTOMOYO,BATU
9468346567,,ODP-LWG-FAK/22,-7.829979,112.689264,,,5,3,0,0,8,REGIONAL 5,MALANG,MALANG,LWG,LAWANG,,2024-03-16 23:25:46,44863,2022,10,NON TITO,,,JAWA TIMUR,0.375,GREEN,1246097344,AREA 3,JATIM,MALANG,MALANG,,,0,0,0,JAWA TIMUR,MALANG,LAWANG,KETINDAN,BATU
9468119209,,ODP-LWG-FAL/34,-7.828674,112.699787,,,7,1,0,0,8,REGIONAL 5,MALANG,MALANG,LWG,LAWANG,,2024-03-16 23:26:50,44864,2022,10,NON TITO,,,JAWA TIMUR,0.125,GREEN,1246099849,AREA 3,JATIM,MALANG,MALANG,,,0,0,0,JAWA TIMUR,MALANG,LAWANG,MULYOARJO,BATU
9490544072,,ODP-LWG-FAN/06,-7.813849,112.715943,,,7,1,0,0,8,REGIONAL 5,MALANG,MALANG,LWG,LAWANG,,2024-03-16 23:24:50,44864,2022,10,NON TITO,,,JAWA TIMUR,0.125,GREEN,1246099674,AREA 3,JATIM,MALANG,MALANG,,,0,0,0,JAWA TIMUR,PASURUAN,PURWODADI,PAREREJO,BATU
5548020910,,ODP-BLB-FDV/16,-7.966255,112.64873,,,7,1,0,0,8,REGIONAL 5,MALANG,MALANG,BLB,BLIMBING,,2024-03-16 23:24:18,44121,2020,10,NON TITO,,,JAWA TIMUR,0.125,GREEN,855571847,AREA 3,JATIM,MALANG,MALANG,,,0,0,0,JAWA TIMUR,KOTA MALANG,BLIMBING,BUNULREJO,BATU
440431025,,ODP-BLB-FBN/01,-7.943241,112.657479,,,11,5,0,0,16,REGIONAL 5,MALANG,MALANG,BLB,BLIMBING,,2024-03-16 23:27:17,42510,2016,5,NON TITO,,,JAWA TIMUR,0.3125,GREEN,29042938,AREA 3,JATIM,MALANG,MALANG,,,0,0,0,JAWA TIMUR,KOTA MALANG,BLIMBING,PANDANWANGI,BATU
5548020943,,ODP-BLB-FDV/67,-7.969336,112.649898,,,7,1,0,0,8,REGIONAL 5,MALANG,MALANG,BLB,BLIMBING,,2024-03-16 23:24:35,44121,2020,10,NON TITO,,,JAWA TIMUR,0.125,GREEN,855571872,AREA 3,JATIM,MALANG,MALANG,,,0,0,0,JAWA TIMUR,KOTA MALANG,BLIMBING,BUNULREJO,BATU
2933670910,,ODP-BTU-FBA/02,-7.877868,112.55335,,,5,3,0,0,8,REGIONAL 5,MALANG,BATU,BTU,BATU,,2024-03-16 23:25:32,43363,2018,9,NON TITO,,,JAWA TIMUR,0.375,GREEN,404354608,AREA 3,JATIM,MALANG,MALANG,,,0,0,0,JAWA TIMUR,KOTA BATU,JUNREJO,TORONGREJO,BATU
5548020973,,ODP-BLB-FDV/08,-7.966728,112.649935,,,7,1,0,0,8,REGIONAL 5,MALANG,MALANG,BLB,BLIMBING,,2024-03-16 23:24:27,44121,2020,10,NON TITO,,,JAWA TIMUR,0.125,GREEN,855571893,AREA 3,JATIM,MALANG,MALANG,,,0,0,0,JAWA TIMUR,KOTA MALANG,BLIMBING,BUNULREJO,BATU
454694398,,ODP-TMP-FA/02,-8.045585,112.788612,,,13,3,0,0,16,REGIONAL 5,MALANG,MALANG,TMP,TUMPANG,,2024-03-16 23:23:51,42513,2016,5,NON TITO,,,JAWA TIMUR,0.1875,GREEN,31461332,AREA 3,JATIM,MALANG,MALANG,,,0,0,0,JAWA TIMUR,MALANG,PONCOKUSUMO,WONOREJO,BATU
680071381,,ODP-SGS-FN/02,-7.8881,112.67558,,,13,3,0,0,16,REGIONAL 5,MALANG,MALANG,SGS,SINGOSARI,,2024-03-16 23:23:04,42537,2016,6,NON TITO,,,JAWA TIMUR,0.1875,GREEN,33597104,AREA 3,JATIM,MALANG,MALANG,,,0,0,0,JAWA TIMUR,MALANG,SINGOSARI,LOSARI,BATU
5571868728,,ODP-BLB-FDY/13,-7.941866,112.657606,,,6,2,0,0,8,REGIONAL 5,MALANG,MALANG,BLB,BLIMBING,,2024-03-16 23:26:11,44120,2020,10,NON TITO,,,JAWA TIMUR,0.25,GREEN,855466661,AREA 3,JATIM,MALANG,MALANG,,,0,0,0,JAWA TIMUR,KOTA MALANG,BLIMBING,PANDANWANGI,BATU
5548020983,,ODP-BLB-FDV/06,-7.966913,112.649033,,,7,1,0,0,8,REGIONAL 5,MALANG,MALANG,BLB,BLIMBING,,2024-03-16 23:24:37,44121,2020,10,NON TITO,,,JAWA TIMUR,0.125,GREEN,855571900,AREA 3,JATIM,MALANG,MALANG,,,0,0,0,JAWA TIMUR,KOTA MALANG,BLIMBING,BUNULREJO,BATU
5548020988,,ODP-BLB-FDV/68,-7.969398,112.650035,,,7,1,0,0,8,REGIONAL 5,MALANG,MALANG,BLB,BLIMBING,,2024-03-16 23:24:36,44121,2020,10,NON TITO,,,JAWA TIMUR,0.125,GREEN,855571903,AREA 3,JATIM,MALANG,MALANG,,,0,0,0,JAWA TIMUR,KOTA MALANG,BLIMBING,BUNULREJO,BATU
2990144685,,ODP-LWG-FG/22,-7.832163,112.699346,,,13,3,0,0,16,REGIONAL 5,MALANG,MALANG,LWG,LAWANG,,2024-03-16 23:28:39,43378,2018,10,NON TITO,,,JAWA TIMUR,0.1875,GREEN,405121303,AREA 3,JATIM,MALANG,MALANG,,,0,0,0,JAWA TIMUR,MALANG,LAWANG,LAWANG,BATU
5548021297,,ODP-BLB-FDV/40,-7.967404,112.649221,,,7,1,0,0,8,REGIONAL 5,MALANG,MALANG,BLB,BLIMBING,,2024-03-16 23:24:12,44121,2020,10,NON TITO,,,JAWA TIMUR,0.125,GREEN,855572100,AREA 3,JATIM,MALANG,MALANG,,,0,0,0,JAWA TIMUR,KOTA MALANG,BLIMBING,BUNULREJO,BATU
5548021003,,ODP-BLB-FDV/55,-7.966441,112.650504,,,6,2,0,0,8,REGIONAL 5,MALANG,MALANG,BLB,BLIMBING,,2024-03-16 23:24:23,44121,2020,10,NON TITO,,,JAWA TIMUR,0.25,GREEN,855571912,AREA 3,JATIM,MALANG,MALANG,,,0,0,0,JAWA TIMUR,KOTA MALANG,BLIMBING,BUNULREJO,BATU
5548021018,,ODP-BLB-FDV/19,-7.966196,112.648435,,,5,3,0,0,8,REGIONAL 5,MALANG,MALANG,BLB,BLIMBING,,2024-03-16 23:24:36,44121,2020,10,NON TITO,,,JAWA TIMUR,0.375,GREEN,855571921,AREA 3,JATIM,MALANG,MALANG,,,0,0,0,JAWA TIMUR,KOTA MALANG,BLIMBING,BUNULREJO,BATU
5548021287,,ODP-BLB-FDV/72,-7.969061,112.65016,,,5,3,0,0,8,REGIONAL 5,MALANG,MALANG,BLB,BLIMBING,,2024-03-16 23:24:43,44121,2020,10,NON TITO,,,JAWA TIMUR,0.375,GREEN,855572094,AREA 3,JATIM,MALANG,MALANG,,,0,0,0,JAWA TIMUR,KOTA MALANG,BLIMBING,BUNULREJO,BATU
2968020817,,ODP-BTU-FW/45,-7.882987,112.513181,,,11,4,0,0,16,REGIONAL 5,MALANG,BATU,BTU,BATU,,2024-03-16 23:24:40,43370,2018,9,NON TITO,,,JAWA TIMUR,0.25,GREEN,404396320,AREA 3,JATIM,MALANG,MALANG,,,0,0,0,JAWA TIMUR,KOTA BATU,BATU,PESANGGRAHAN,BATU
5548021312,,ODP-BLB-FDV/26,-7.967208,112.647341,,,5,3,0,0,8,REGIONAL 5,MALANG,MALANG,BLB,BLIMBING,,2024-03-16 23:24:27,44121,2020,10,NON TITO,,,JAWA TIMUR,0.375,GREEN,855572110,AREA 3,JATIM,MALANG,MALANG,,,0,0,0,JAWA TIMUR,KOTA MALANG,BLIMBING,BUNULREJO,BATU
5571868718,,ODP-BLB-FDY/19,-7.939534,112.656505,,,6,2,0,0,8,REGIONAL 5,MALANG,MALANG,BLB,BLIMBING,,2024-03-16 23:26:22,44120,2020,10,NON TITO,,,JAWA TIMUR,0.25,GREEN,855466655,AREA 3,JATIM,MALANG,MALANG,,,0,0,0,JAWA TIMUR,KOTA MALANG,BLIMBING,PURWODADI,BATU
5571868703,,ODP-BLB-FDY/02,-7.939785,112.657471,,,6,2,0,0,8,REGIONAL 5,MALANG,MALANG,BLB,BLIMBING,,2024-03-16 23:26:22,44120,2020,10,NON TITO,,,JAWA TIMUR,0.25,GREEN,855466646,AREA 3,JATIM,MALANG,MALANG,,,0,0,0,JAWA TIMUR,KOTA MALANG,BLIMBING,PURWODADI,BATU
440431140,,ODP-BLB-FBN/08,-7.945482,112.658042,,,11,5,0,0,16,REGIONAL 5,MALANG,MALANG,BLB,BLIMBING,,2024-03-16 23:26:46,42510,2016,5,NON TITO,,,JAWA TIMUR,0.3125,GREEN,28979928,AREA 3,JATIM,MALANG,MALANG,,,0,0,0,JAWA TIMUR,KOTA MALANG,BLIMBING,PANDANWANGI,BATU
3020371786,,ODP-SGS-FJ/27,-7.887679,112.677489,,,5,3,0,0,8,REGIONAL 5,MALANG,MALANG,SGS,SINGOSARI,,2024-03-16 23:28:06,43389,2018,10,NON TITO,,,JAWA TIMUR,0.375,GREEN,405354353,AREA 3,JATIM,MALANG,MALANG,,,0,0,0,JAWA TIMUR,MALANG,SINGOSARI,LOSARI,BATU
292964434,,ODP-KPO-FE/22,-7.8781,112.58,,,5,3,0,0,8,REGIONAL 5,MALANG,BATU,KPO,KARANGPLOSO,,2024-03-16 23:27:24,42485,2016,4,NON TITO,,,JAWA TIMUR,0.375,GREEN,19772653,AREA 3,JATIM,MALANG,MALANG,,,0,0,0,JAWA TIMUR,MALANG,KARANGPLOSO,DONOWARIH,BATU
5548021357,,ODP-BLB-FDV/66,-7.969139,112.649654,,,6,2,0,0,8,REGIONAL 5,MALANG,MALANG,BLB,BLIMBING,,2024-03-16 23:24:37,44121,2020,10,NON TITO,,,JAWA TIMUR,0.25,GREEN,855572142,AREA 3,JATIM,MALANG,MALANG,,,0,0,0,JAWA TIMUR,KOTA MALANG,BLIMBING,BUNULREJO,BATU
9579568698,,ODP-LWG-FP/49,-7.844057,112.697704,,,7,1,0,0,8,REGIONAL 5,MALANG,MALANG,LWG,LAWANG,,2024-03-16 23:27:22,44893,2022,11,NON TITO,,,JAWA TIMUR,0.125,GREEN,1252437255,AREA 3,JATIM,MALANG,MALANG,,,0,0,0,JAWA TIMUR,MALANG,LAWANG,KALIREJO,BATU
2933670825,,ODP-BTU-FBA/01,-7.878371,112.55392,,,7,1,0,0,8,REGIONAL 5,MALANG,BATU,BTU,BATU,,2024-03-16 23:25:23,43363,2018,9,NON TITO,,,JAWA TIMUR,0.125,GREEN,404354581,AREA 3,JATIM,MALANG,MALANG,,,0,0,0,JAWA TIMUR,KOTA BATU,JUNREJO,TORONGREJO,BATU
9579568695,,ODP-LWG-FP/40,-7.843415,112.689259,,,7,1,0,0,8,REGIONAL 5,MALANG,MALANG,LWG,LAWANG,,2024-03-16 23:27:58,44893,2022,11,NON TITO,,,JAWA TIMUR,0.125,GREEN,1252437252,AREA 3,JATIM,MALANG,MALANG,,,0,0,0,JAWA TIMUR,MALANG,LAWANG,KALIREJO,BATU
5548021352,,ODP-BLB-FDV/41,-7.966997,112.648659,,,7,1,0,0,8,REGIONAL 5,MALANG,MALANG,BLB,BLIMBING,,2024-03-16 23:24:37,44121,2020,10,NON TITO,,,JAWA TIMUR,0.125,GREEN,855572139,AREA 3,JATIM,MALANG,MALANG,,,0,0,0,JAWA TIMUR,KOTA MALANG,BLIMBING,BUNULREJO,BATU
5548021342,,ODP-BLB-FDV/04,-7.966491,112.648427,,,6,2,0,0,8,REGIONAL 5,MALANG,MALANG,BLB,BLIMBING,,2024-03-16 23:24:23,44121,2020,10,NON TITO,,,JAWA TIMUR,0.25,GREEN,855572133,AREA 3,JATIM,MALANG,MALANG,,,0,0,0,JAWA TIMUR,KOTA MALANG,BLIMBING,BUNULREJO,BATU
374254796,,ODP-KPO-FC/74,-7.927854,112.584668,,,5,3,0,0,8,REGIONAL 5,MALANG,BATU,KPO,KARANGPLOSO,,2024-03-16 23:29:17,42500,2016,5,NON TITO,,,JAWA TIMUR,0.375,GREEN,22633648,AREA 3,JATIM,MALANG,MALANG,,,0,0,0,JAWA TIMUR,MALANG,DAU,LANDUNGSARI,BATU
9487694009,,ODP-BLB-FCR/106,-7.934819,112.610698,,,5,3,0,0,8,REGIONAL 5,MALANG,MALANG,BLB,BLIMBING,,2024-03-16 23:24:35,44866,2022,11,NON TITO,,,JAWA TIMUR,0.375,GREEN,1248005438,AREA 3,JATIM,MALANG,MALANG,,,0,0,0,JAWA TIMUR,KOTA MALANG,LOWOKWARU,JATIMULYO,BATU
373804592,,ODP-KPO-FC/76,-7.926711,112.584203,,,7,1,0,0,8,REGIONAL 5,MALANG,BATU,KPO,KARANGPLOSO,,2024-03-16 23:23:54,42500,2016,5,NON TITO,,,JAWA TIMUR,0.125,GREEN,22779235,AREA 3,JATIM,MALANG,MALANG,,,0,0,0,JAWA TIMUR,MALANG,DAU,LANDUNGSARI,BATU
5571868688,,ODP-BLB-FDY/12,-7.942263,112.658215,,,5,3,0,0,8,REGIONAL 5,MALANG,MALANG,BLB,BLIMBING,,2024-03-16 23:26:17,44120,2020,10,NON TITO,,,JAWA TIMUR,0.375,GREEN,855466637,AREA 3,JATIM,MALANG,MALANG,,,0,0,0,JAWA TIMUR,KOTA MALANG,BLIMBING,PANDANWANGI,BATU
5548021322,,ODP-BLB-FDV/65,-7.969366,112.649249,,,6,2,0,0,8,REGIONAL 5,MALANG,MALANG,BLB,BLIMBING,,2024-03-16 23:24:25,44121,2020,10,NON TITO,,,JAWA TIMUR,0.25,GREEN,855572117,AREA 3,JATIM,MALANG,MALANG,,,0,0,0,JAWA TIMUR,KOTA MALANG,BLIMBING,BUNULREJO,BATU
9570418667,,ODP-BTU-FBJ/20,-7.887139,112.533022,,,10,5,0,0,16,REGIONAL 5,MALANG,BATU,BTU,BATU,,2024-03-16 23:23:59,44888,2022,11,NON TITO,,,JAWA TIMUR,0.3125,GREEN,1251389232,AREA 3,JATIM,MALANG,MALANG,,,0,0,0,JAWA TIMUR,KOTA BATU,BATU,TEMAS,BATU
9487694024,,ODP-BLB-FCR/110,-7.935538,112.609729,,,5,3,0,0,8,REGIONAL 5,MALANG,MALANG,BLB,BLIMBING,,2024-03-16 23:24:25,44866,2022,11,NON TITO,,,JAWA TIMUR,0.375,GREEN,1248005447,AREA 3,JATIM,MALANG,MALANG,,,0,0,0,JAWA TIMUR,KOTA MALANG,LOWOKWARU,JATIMULYO,BATU
440431039,,ODP-BLB-FBN/02,-7.943419,112.657802,,,7,1,0,0,8,REGIONAL 5,MALANG,MALANG,BLB,BLIMBING,,2024-03-16 23:27:11,42510,2016,5,NON TITO,,,JAWA TIMUR,0.125,GREEN,28979579,AREA 3,JATIM,MALANG,MALANG,,,0,0,0,JAWA TIMUR,KOTA MALANG,BLIMBING,PANDANWANGI,BATU
9570418642,,ODP-BTU-FBJ/17,-7.88757,112.530557,,,6,2,0,0,8,REGIONAL 5,MALANG,BATU,BTU,BATU,,2024-03-16 23:24:16,44888,2022,11,NON TITO,,,JAWA TIMUR,0.25,GREEN,1251389217,AREA 3,JATIM,MALANG,MALANG,,,0,0,0,JAWA TIMUR,KOTA BATU,BATU,TEMAS,BATU
5548021043,,ODP-BLB-FDV/60,-7.965522,112.647743,,,7,1,0,0,8,REGIONAL 5,MALANG,MALANG,BLB,BLIMBING,,2024-03-16 23:24:36,44121,2020,10,NON TITO,,,JAWA TIMUR,0.125,GREEN,855571937,AREA 3,JATIM,MALANG,MALANG,,,0,0,0,JAWA TIMUR,KOTA MALANG,BLIMBING,BUNULREJO,BATU
5548021048,,ODP-BLB-FDV/57,-7.966128,112.649915,,,6,2,0,0,8,REGIONAL 5,MALANG,MALANG,BLB,BLIMBING,,2024-03-16 23:23:36,44121,2020,10,NON TITO,,,JAWA TIMUR,0.25,GREEN,855571940,AREA 3,JATIM,MALANG,MALANG,,,0,0,0,JAWA TIMUR,KOTA MALANG,BLIMBING,PANDANWANGI,BATU
638668913,,ODP-PKS-FB/18,-7.949714,112.729369,,,11,5,0,0,16,REGIONAL 5,MALANG,MALANG,PKS,PAKIS,,2024-03-16 23:28:05,42521,2016,5,NON TITO,,,JAWA TIMUR,0.3125,GREEN,33533907,AREA 3,JATIM,MALANG,MALANG,,,0,0,0,JAWA TIMUR,MALANG,PAKIS,PAKISJAJAR,BATU
625619577,,ODP-BLB-FCV/13,-7.935681,112.623912,,,11,5,0,0,16,REGIONAL 5,MALANG,MALANG,BLB,BLIMBING,,2024-03-16 23:24:45,42516,2016,5,NON TITO,,,JAWA TIMUR,0.3125,GREEN,33372836,AREA 3,JATIM,MALANG,MALANG,,,0,0,0,JAWA TIMUR,KOTA MALANG,LOWOKWARU,MOJOLANGU,BATU
646619241,,ODP-BLB-FBY/07,-7.966694,112.647904,,,10,5,0,0,16,REGIONAL 5,MALANG,MALANG,BLB,BLIMBING,,2024-03-16 23:27:09,42523,2016,6,NON TITO,,,JAWA TIMUR,0.3125,GREEN,33397242,AREA 3,JATIM,MALANG,MALANG,,,0,0,0,JAWA TIMUR,KOTA MALANG,BLIMBING,BUNULREJO,BATU
5548021237,,ODP-BLB-FDV/11,-7.966305,112.64952,,,6,2,0,0,8,REGIONAL 5,MALANG,MALANG,BLB,BLIMBING,,2024-03-16 23:24:44,44121,2020,10,NON TITO,,,JAWA TIMUR,0.25,GREEN,855572064,AREA 3,JATIM,MALANG,MALANG,,,0,0,0,JAWA TIMUR,KOTA MALANG,BLIMBING,BUNULREJO,BATU
5548021232,,ODP-BLB-FDV/50,-7.967409,112.650333,,,7,1,0,0,8,REGIONAL 5,MALANG,MALANG,BLB,BLIMBING,,2024-03-16 23:24:46,44121,2020,10,NON TITO,,,JAWA TIMUR,0.125,GREEN,855572060,AREA 3,JATIM,MALANG,MALANG,,,0,0,0,JAWA TIMUR,KOTA MALANG,BLIMBING,BUNULREJO,BATU
5548021167,,ODP-BLB-FDV/64,-7.969546,112.649764,,,6,2,0,0,8,REGIONAL 5,MALANG,MALANG,BLB,BLIMBING,,2024-03-16 23:24:18,44121,2020,10,NON TITO,,,JAWA TIMUR,0.25,GREEN,855572019,AREA 3,JATIM,MALANG,MALANG,,,0,0,0,JAWA TIMUR,KOTA MALANG,BLIMBING,BUNULREJO,BATU
5548021172,,ODP-BLB-FDV/22,-7.965533,112.647998,,,6,2,0,0,8,REGIONAL 5,MALANG,MALANG,BLB,BLIMBING,,2024-03-16 23:24:44,44121,2020,10,NON TITO,,,JAWA TIMUR,0.25,GREEN,855572022,AREA 3,JATIM,MALANG,MALANG,,,0,0,0,JAWA TIMUR,KOTA MALANG,BLIMBING,BUNULREJO,BATU
646619325,,ODP-BLB-FBY/11,-7.966528,112.650044,,,6,2,0,0,8,REGIONAL 5,MALANG,MALANG,BLB,BLIMBING,,2024-03-16 23:27:21,42523,2016,6,NON TITO,,,JAWA TIMUR,0.25,GREEN,33397558,AREA 3,JATIM,MALANG,MALANG,,,0,0,0,JAWA TIMUR,KOTA MALANG,BLIMBING,BUNULREJO,BATU
2933670900,,ODP-BTU-FBA/13,-7.878488,112.539926,,,11,5,0,0,16,REGIONAL 5,MALANG,BATU,BTU,BATU,,2024-03-16 23:25:23,43363,2018,9,NON TITO,,,JAWA TIMUR,0.3125,GREEN,404413127,AREA 3,JATIM,MALANG,MALANG,,,0,0,0,JAWA TIMUR,KOTA BATU,BATU,TEMAS,BATU
5548021177,,ODP-BLB-FDV/70,-7.968854,112.649429,,,5,3,0,0,8,REGIONAL 5,MALANG,MALANG,BLB,BLIMBING,,2024-03-16 23:24:43,44121,2020,10,NON TITO,,,JAWA TIMUR,0.375,GREEN,855572025,AREA 3,JATIM,MALANG,MALANG,,,0,0,0,JAWA TIMUR,KOTA MALANG,BLIMBING,BUNULREJO,BATU
5548021227,,ODP-BLB-FDV/71,-7.969017,112.649853,,,4,3,1,0,8,REGIONAL 5,MALANG,MALANG,BLB,BLIMBING,,2024-03-16 23:24:44,44121,2020,10,NON TITO,,,JAWA TIMUR,0.375,GREEN,855572056,AREA 3,JATIM,MALANG,MALANG,,,0,0,0,JAWA TIMUR,KOTA MALANG,BLIMBING,BUNULREJO,BATU
646619407,,ODP-BLB-FBY/14,-7.966283,112.648787,,,7,1,0,0,8,REGIONAL 5,MALANG,MALANG,BLB,BLIMBING,,2024-03-16 23:27:38,42523,2016,6,NON TITO,,,JAWA TIMUR,0.125,GREEN,33397701,AREA 3,JATIM,MALANG,MALANG,,,0,0,0,JAWA TIMUR,KOTA MALANG,BLIMBING,BUNULREJO,BATU
2933670452,,ODP-BTU-FBA/25,-7.875823,112.535758,,,11,5,0,0,16,REGIONAL 5,MALANG,BATU,BTU,BATU,,2024-03-16 23:25:17,43363,2018,9,NON TITO,,,JAWA TIMUR,0.3125,GREEN,404412995,AREA 3,JATIM,MALANG,MALANG,,,0,0,0,JAWA TIMUR,KOTA BATU,BATU,SISIR,BATU
5548021182,,ODP-BLB-FDV/23,-7.965818,112.647633,,,5,3,0,0,8,REGIONAL 5,MALANG,MALANG,BLB,BLIMBING,,2024-03-16 23:24:15,44121,2020,10,NON TITO,,,JAWA TIMUR,0.375,GREEN,855572028,AREA 3,JATIM,MALANG,MALANG,,,0,0,0,JAWA TIMUR,KOTA MALANG,BLIMBING,BUNULREJO,BATU
646619445,,ODP-BLB-FBY/16,-7.965155,112.647991,,,5,3,0,0,8,REGIONAL 5,MALANG,MALANG,BLB,BLIMBING,,2024-03-16 23:26:52,42523,2016,6,NON TITO,,,JAWA TIMUR,0.375,GREEN,33397776,AREA 3,JATIM,MALANG,MALANG,,,0,0,0,JAWA TIMUR,KOTA MALANG,BLIMBING,BUNULREJO,BATU
5548021187,,ODP-BLB-FDV/10,-7.966398,112.649746,,,5,3,0,0,8,REGIONAL 5,MALANG,MALANG,BLB,BLIMBING,,2024-03-16 23:24:41,44121,2020,10,NON TITO,,,JAWA TIMUR,0.375,GREEN,855572031,AREA 3,JATIM,MALANG,MALANG,,,0,0,0,JAWA TIMUR,KOTA MALANG,BLIMBING,BUNULREJO,BATU
2933670502,,ODP-BTU-FBA/22,-7.876886,112.543854,,,5,3,0,0,8,REGIONAL 5,MALANG,BATU,BTU,BATU,,2024-03-16 23:25:18,43363,2018,9,NON TITO,,,JAWA TIMUR,0.375,GREEN,404413010,AREA 3,JATIM,MALANG,MALANG,,,0,0,0,JAWA TIMUR,KOTA BATU,BATU,TEMAS,BATU
5548021202,,ODP-BLB-FDV/59,-7.965512,112.6486,,,5,3,0,0,8,REGIONAL 5,MALANG,MALANG,BLB,BLIMBING,,2024-03-16 23:24:51,44121,2020,10,NON TITO,,,JAWA TIMUR,0.375,GREEN,855572040,AREA 3,JATIM,MALANG,MALANG,,,0,0,0,JAWA TIMUR,KOTA MALANG,BLIMBING,PANDANWANGI,BATU
680068624,,ODP-PKS-FB/28,-7.970778,112.74875,,,13,3,0,0,16,REGIONAL 5,MALANG,MALANG,PKS,PAKIS,,2024-03-16 23:22:47,42535,2016,6,NON TITO,,,JAWA TIMUR,0.1875,GREEN,33434871,AREA 3,JATIM,MALANG,MALANG,,,0,0,0,JAWA TIMUR,MALANG,PAKIS,SUMBERPASIR,BATU
5548021147,,ODP-BLB-FDV/35,-7.968094,112.648804,,,6,2,0,0,8,REGIONAL 5,MALANG,MALANG,BLB,BLIMBING,,2024-03-16 23:24:41,44121,2020,10,NON TITO,,,JAWA TIMUR,0.25,GREEN,855572007,AREA 3,JATIM,MALANG,MALANG,,,0,0,0,JAWA TIMUR,KOTA MALANG,BLIMBING,BUNULREJO,BATU
701143528,,ODP-SGS-FH/09,-7.867063,112.681477,,,12,4,0,0,16,REGIONAL 5,MALANG,MALANG,SGS,SINGOSARI,,2024-03-16 23:25:47,42541,2016,6,NON TITO,,,JAWA TIMUR,0.25,GREEN,33611889,AREA 3,JATIM,MALANG,MALANG,,,0,0,0,JAWA TIMUR,MALANG,SINGOSARI,RANDUAGUNG,BATU
646619173,,ODP-BLB-FBY/04,-7.968131,112.648742,,,5,3,0,0,8,REGIONAL 5,MALANG,MALANG,BLB,BLIMBING,,2024-03-16 23:27:12,42523,2016,6,NON TITO,,,JAWA TIMUR,0.375,GREEN,33397101,AREA 3,JATIM,MALANG,MALANG,,,0,0,0,JAWA TIMUR,KOTA MALANG,BLIMBING,BUNULREJO,BATU
631693567,,ODP-TMP-FA/03,-8.047626,112.807414,,,12,4,0,0,16,REGIONAL 5,MALANG,MALANG,TMP,TUMPANG,,2024-03-16 23:29:16,42518,2016,5,NON TITO,,,JAWA TIMUR,0.25,GREEN,33526428,AREA 3,JATIM,MALANG,MALANG,,,0,0,0,JAWA TIMUR,MALANG,PONCOKUSUMO,PONCOKUSUMO,BATU
9483043842,,ODP-KPO-FS/13,-7.885411,112.621378,,,12,4,0,0,16,REGIONAL 5,MALANG,BATU,KPO,KARANGPLOSO,,2024-03-16 23:24:34,44866,2022,11,NON TITO,,,JAWA TIMUR,0.25,GREEN,1248006402,AREA 3,JATIM,MALANG,MALANG,,,0,0,0,JAWA TIMUR,MALANG,KARANGPLOSO,NGENEP,BATU
5548021277,,ODP-BLB-FDV/69,-7.968688,112.649765,,,5,3,0,0,8,REGIONAL 5,MALANG,MALANG,BLB,BLIMBING,,2024-03-16 23:24:17,44121,2020,10,NON TITO,,,JAWA TIMUR,0.375,GREEN,855572088,AREA 3,JATIM,MALANG,MALANG,,,0,0,0,JAWA TIMUR,KOTA MALANG,BLIMBING,BUNULREJO,BATU
5548021257,,ODP-BLB-FDV/37,-7.967968,112.649173,,,7,1,0,0,8,REGIONAL 5,MALANG,MALANG,BLB,BLIMBING,,2024-03-16 23:24:13,44121,2020,10,NON TITO,,,JAWA TIMUR,0.125,GREEN,855572076,AREA 3,JATIM,MALANG,MALANG,,,0,0,0,JAWA TIMUR,KOTA MALANG,BLIMBING,BUNULREJO,BATU
5548021242,,ODP-BLB-FDV/39,-7.967424,112.649479,,,6,2,0,0,8,REGIONAL 5,MALANG,MALANG,BLB,BLIMBING,,2024-03-16 23:24:48,44121,2020,10,NON TITO,,,JAWA TIMUR,0.25,GREEN,855572067,AREA 3,JATIM,MALANG,MALANG,,,0,0,0,JAWA TIMUR,KOTA MALANG,BLIMBING,BUNULREJO,BATU
627719736,,ODP-TMP-FA/04,-8.050129,112.807801,,,11,5,0,0,16,REGIONAL 5,MALANG,MALANG,TMP,TUMPANG,,2024-03-16 23:26:25,42520,2016,5,NON TITO,,,JAWA TIMUR,0.3125,GREEN,33529140,AREA 3,JATIM,MALANG,MALANG,,,0,0,0,JAWA TIMUR,MALANG,PONCOKUSUMO,PONCOKUSUMO,BATU
625619585,,ODP-BLB-FCV/14,-7.935945,112.624524,,,12,4,0,0,16,REGIONAL 5,MALANG,MALANG,BLB,BLIMBING,,2024-03-16 23:24:48,42516,2016,5,NON TITO,,,JAWA TIMUR,0.25,GREEN,33372874,AREA 3,JATIM,MALANG,MALANG,,,0,0,0,JAWA TIMUR,KOTA MALANG,LOWOKWARU,MOJOLANGU,BATU
628844238,,ODP-BLB-FDB/01,-7.966159,112.63916,,,12,4,0,0,16,REGIONAL 5,MALANG,MALANG,BLB,BLIMBING,,2024-03-16 23:29:05,42518,2016,5,NON TITO,,,JAWA TIMUR,0.25,GREEN,33527609,AREA 3,JATIM,MALANG,MALANG,,,0,0,0,JAWA TIMUR,KOTA MALANG,BLIMBING,BUNULREJO,BATU
625619606,,ODP-BLB-FCV/15,-7.936609,112.625725,,,13,3,0,0,16,REGIONAL 5,MALANG,MALANG,BLB,BLIMBING,,2024-03-16 23:24:50,42516,2016,5,NON TITO,,,JAWA TIMUR,0.1875,GREEN,33372900,AREA 3,JATIM,MALANG,MALANG,,,0,0,0,JAWA TIMUR,KOTA MALANG,LOWOKWARU,MOJOLANGU,BATU
9514097050,,ODP-BLB-FDP/44,-7.9404,112.642952,,,5,3,0,0,8,REGIONAL 5,MALANG,MALANG,BLB,BLIMBING,,2024-03-16 23:26:18,44870,2022,11,NON TITO,,,JAWA TIMUR,0.375,GREEN,1248327535,AREA 3,JATIM,MALANG,MALANG,,,0,0,0,JAWA TIMUR,KOTA MALANG,BLIMBING,BLIMBING,BATU
5548021073,,ODP-BLB-FDV/62,-7.96506,112.647768,,,6,2,0,0,8,REGIONAL 5,MALANG,MALANG,BLB,BLIMBING,,2024-03-16 23:24:27,44121,2020,10,NON TITO,,,JAWA TIMUR,0.25,GREEN,855571955,AREA 3,JATIM,MALANG,MALANG,,,0,0,0,JAWA TIMUR,KOTA MALANG,BLIMBING,BUNULREJO,BATU
9513946852,,ODP-PKS-FX/53,-7.969812,112.718775,,,7,1,0,0,8,REGIONAL 5,MALANG,MALANG,PKS,PAKIS,,2024-03-16 23:29:15,44868,2022,11,NON TITO,,,JAWA TIMUR,0.125,GREEN,1248317339,AREA 3,JATIM,MALANG,MALANG,,,0,0,0,JAWA TIMUR,MALANG,PAKIS,SUMBERKRADENAN,BATU
9513946847,,ODP-PKS-FX/55,-7.971208,112.720829,,,6,2,0,0,8,REGIONAL 5,MALANG,MALANG,PKS,PAKIS,,2024-03-16 23:29:05,44868,2022,11,NON TITO,,,JAWA TIMUR,0.25,GREEN,1248317336,AREA 3,JATIM,MALANG,MALANG,,,0,0,0,JAWA TIMUR,MALANG,PAKIS,SUMBERKRADENAN,BATU
9513946841,,ODP-PKS-FX/54,-7.970721,112.719869,,,7,1,0,0,8,REGIONAL 5,MALANG,MALANG,PKS,PAKIS,,2024-03-16 23:29:08,44868,2022,11,NON TITO,,,JAWA TIMUR,0.125,GREEN,1248317332,AREA 3,JATIM,MALANG,MALANG,,,0,0,0,JAWA TIMUR,MALANG,PAKIS,SUMBERKRADENAN,BATU
5548021098,,ODP-BLB-FDV/79,-7.96906,112.65059,,,7,1,0,0,8,REGIONAL 5,MALANG,MALANG,BLB,BLIMBING,,2024-03-16 23:24:26,44121,2020,10,NON TITO,,,JAWA TIMUR,0.125,GREEN,855571972,AREA 3,JATIM,MALANG,MALANG,,,0,0,0,JAWA TIMUR,KOTA MALANG,BLIMBING,BUNULREJO,BATU
5548021122,,ODP-BLB-FDV/02,-7.966242,112.647721,,,7,1,0,0,8,REGIONAL 5,MALANG,MALANG,BLB,BLIMBING,,2024-03-16 23:24:27,44121,2020,10,NON TITO,,,JAWA TIMUR,0.125,GREEN,855571987,AREA 3,JATIM,MALANG,MALANG,,,0,0,0,JAWA TIMUR,KOTA MALANG,BLIMBING,BUNULREJO,BATU
5548021127,,ODP-BLB-FDV/09,-7.966508,112.650011,,,7,1,0,0,8,REGIONAL 5,MALANG,MALANG,BLB,BLIMBING,,2024-03-16 23:23:45,44121,2020,10,NON TITO,,,JAWA TIMUR,0.125,GREEN,855571990,AREA 3,JATIM,MALANG,MALANG,,,0,0,0,JAWA TIMUR,KOTA MALANG,BLIMBING,BUNULREJO,BATU
5548021132,,ODP-BLB-FDV/33,-7.967616,112.649033,,,7,1,0,0,8,REGIONAL 5,MALANG,MALANG,BLB,BLIMBING,,2024-03-16 23:24:30,44121,2020,10,NON TITO,,,JAWA TIMUR,0.125,GREEN,855571993,AREA 3,JATIM,MALANG,MALANG,,,0,0,0,JAWA TIMUR,KOTA MALANG,BLIMBING,BUNULREJO,BATU
646618942,,ODP-BLB-FBY/01,-7.967338,112.647621,,,10,6,0,0,16,REGIONAL 5,MALANG,MALANG,BLB,BLIMBING,,2024-03-16 23:27:08,42523,2016,6,NON TITO,,,JAWA TIMUR,0.375,GREEN,33396617,AREA 3,JATIM,MALANG,MALANG,,,0,0,0,JAWA TIMUR,KOTA MALANG,BLIMBING,BUNULREJO,BATU
9490544069,,ODP-LWG-FAN/01,-7.813509,112.71669,,,5,3,0,0,8,REGIONAL 5,MALANG,MALANG,LWG,LAWANG,,2024-03-16 23:24:38,44864,2022,10,NON TITO,,,JAWA TIMUR,0.375,GREEN,1246099672,AREA 3,JATIM,MALANG,MALANG,,,0,0,0,JAWA TIMUR,PASURUAN,PURWODADI,PAREREJO,BATU
9579568710,,ODP-LWG-FP/47,-7.849366,112.695502,,,7,1,0,0,8,REGIONAL 5,MALANG,MALANG,LWG,LAWANG,,2024-03-16 23:27:42,44893,2022,11,NON TITO,,,JAWA TIMUR,0.125,GREEN,1252437263,AREA 3,JATIM,MALANG,MALANG,,,0,0,0,JAWA TIMUR,MALANG,LAWANG,KALIREJO,BATU
9579568716,,ODP-LWG-FP/41,-7.844653,112.688834,,,5,3,0,0,8,REGIONAL 5,MALANG,MALANG,LWG,LAWANG,,2024-03-16 23:27:56,44893,2022,11,NON TITO,,,JAWA TIMUR,0.375,GREEN,1252437267,AREA 3,JATIM,MALANG,MALANG,,,0,0,0,JAWA TIMUR,MALANG,LAWANG,KALIREJO,BATU
9468119233,,ODP-LWG-FAL/31,-7.830345,112.711864,,,5,3,0,0,8,REGIONAL 5,MALANG,MALANG,LWG,LAWANG,,2024-03-16 23:26:29,44864,2022,10,NON TITO,,,JAWA TIMUR,0.375,GREEN,1246099865,AREA 3,JATIM,MALANG,MALANG,,,0,0,0,JAWA TIMUR,MALANG,LAWANG,MULYOARJO,BATU
5489669200,,ODP-BLB-FEB/12,-7.961129,112.643029,,,5,3,0,0,8,REGIONAL 5,MALANG,MALANG,BLB,BLIMBING,,2024-03-16 23:26:12,44113,2020,10,NON TITO,,,JAWA TIMUR,0.375,GREEN,845307660,AREA 3,JATIM,MALANG,MALANG,,,0,0,0,JAWA TIMUR,KOTA MALANG,BLIMBING,PURWANTORO,BATU
293071582,,ODP-BTU-FH/02,-7.8709,112.5188,,,12,4,0,0,16,REGIONAL 5,MALANG,BATU,BTU,BATU,,2024-03-16 23:21:54,42485,2016,4,NON TITO,,,JAWA TIMUR,0.25,GREEN,19867013,AREA 3,JATIM,MALANG,MALANG,,,0,0,0,JAWA TIMUR,KOTA BATU,BATU,NGAGLIK,BATU
293071690,,ODP-NTG-FC/03,-7.8807,112.3639,,,11,5,0,0,16,REGIONAL 5,MALANG,BATU,NTG,NGANTANG,,2024-03-16 23:22:21,42485,2016,4,NON TITO,,,JAWA TIMUR,0.3125,GREEN,19867091,AREA 3,JATIM,MALANG,MALANG,,,0,0,0,JAWA TIMUR,MALANG,NGANTANG,BANTUREJO,BATU
9732568548,,ODP-BTU-FCD/21,-7.84195,112.45419,,,6,2,0,0,8,REGIONAL 5,MALANG,BATU,BTU,BATU,,2024-03-16 23:27:00,44931,2023,1,NON TITO,,,JAWA TIMUR,0.25,GREEN,1259874727,AREA 3,JATIM,MALANG,MALANG,,,0,0,0,JAWA TIMUR,MALANG,PUJON,NGROTO,BATU
293072825,,ODP-BTU-FE/36,-7.875335,112.51123,,,12,4,0,0,16,REGIONAL 5,MALANG,BATU,BTU,BATU,,2024-03-16 23:22:34,42485,2016,4,NON TITO,,,JAWA TIMUR,0.25,GREEN,19867858,AREA 3,JATIM,MALANG,MALANG,,,0,0,0,JAWA TIMUR,KOTA BATU,BATU,PESANGGRAHAN,BATU
9705344218,,ODP-BTU-FE/144,-7.87126,112.508443,,,5,3,0,0,8,REGIONAL 5,MALANG,BATU,BTU,BATU,,2024-03-16 23:24:35,44928,2023,1,NON TITO,,,JAWA TIMUR,0.375,GREEN,1258968419,AREA 3,JATIM,MALANG,MALANG,,,0,0,0,JAWA TIMUR,KOTA BATU,BATU,PESANGGRAHAN,BATU
5489669195,,ODP-BLB-FEB/22,-7.959684,112.642863,,,5,3,0,0,8,REGIONAL 5,MALANG,MALANG,BLB,BLIMBING,,2024-03-16 23:25:39,44113,2020,10,NON TITO,,,JAWA TIMUR,0.375,GREEN,845307653,AREA 3,JATIM,MALANG,MALANG,,,0,0,0,JAWA TIMUR,KOTA MALANG,BLIMBING,PURWANTORO,BATU
3046394417,,ODP-BTU-FN/11,-7.818623,112.524694,,,5,3,0,0,8,REGIONAL 5,MALANG,BATU,BTU,BATU,,2024-03-16 23:25:40,43398,2018,10,NON TITO,,,JAWA TIMUR,0.375,GREEN,405806645,AREA 3,JATIM,MALANG,MALANG,,,0,0,0,JAWA TIMUR,KOTA BATU,BUMIAJI,TULUNGREJO,BATU
3048868997,,ODP-BTU-FE/122,-7.872765,112.509978,,,5,3,0,0,8,REGIONAL 5,MALANG,BATU,BTU,BATU,,2024-03-16 23:22:36,43397,2018,10,NON TITO,,,JAWA TIMUR,0.375,GREEN,405799932,AREA 3,JATIM,MALANG,MALANG,,,0,0,0,JAWA TIMUR,KOTA BATU,BATU,PESANGGRAHAN,BATU
3048868905,,ODP-BTU-FE/114,-7.868553,112.511159,,,10,6,0,0,16,REGIONAL 5,MALANG,BATU,BTU,BATU,,2024-03-16 23:22:39,43397,2018,10,NON TITO,,,JAWA TIMUR,0.375,GREEN,405799898,AREA 3,JATIM,MALANG,MALANG,,,0,0,0,JAWA TIMUR,KOTA BATU,BATU,PESANGGRAHAN,BATU
9679322205,,ODP-BTU-FF/105,-7.89587,112.534001,,,7,1,0,0,8,REGIONAL 5,MALANG,BATU,BTU,BATU,,2024-03-16 23:26:57,44916,2022,12,NON TITO,,,JAWA TIMUR,0.125,GREEN,1256499338,AREA 3,JATIM,MALANG,MALANG,,,0,0,0,JAWA TIMUR,KOTA BATU,BATU,ORO-ORO OMBO,BATU
9679322200,,ODP-BTU-FF/104,-7.897718,112.534525,,,5,3,0,0,8,REGIONAL 5,MALANG,BATU,BTU,BATU,,2024-03-16 23:27:47,44916,2022,12,NON TITO,,,JAWA TIMUR,0.375,GREEN,1256499335,AREA 3,JATIM,MALANG,MALANG,,,0,0,0,JAWA TIMUR,KOTA BATU,BATU,ORO-ORO OMBO,BATU
293074114,,ODP-BTU-FG/52,-7.8766,112.5281,,,11,5,0,0,16,REGIONAL 5,MALANG,BATU,BTU,BATU,,2024-03-16 23:22:36,42485,2016,4,NON TITO,,,JAWA TIMUR,0.3125,GREEN,19868720,AREA 3,JATIM,MALANG,MALANG,,,0,0,0,JAWA TIMUR,KOTA BATU,BATU,SISIR,BATU
293074319,,ODP-KPO-FH/35,-7.9152,112.5807,,,12,4,0,0,16,REGIONAL 5,MALANG,BATU,KPO,KARANGPLOSO,,2024-03-16 23:22:58,42485,2016,4,NON TITO,,,JAWA TIMUR,0.25,GREEN,19868855,AREA 3,JATIM,MALANG,MALANG,,,0,0,0,JAWA TIMUR,KOTA BATU,JUNREJO,DADAPREJO,BATU
5490419809,,ODP-LWG-FY/11,-7.828531,112.693176,,,1,3,4,0,8,REGIONAL 5,MALANG,MALANG,LWG,LAWANG,,2024-03-16 23:25:29,44115,2020,10,NON TITO,,,JAWA TIMUR,0.375,GREEN,845353450,AREA 3,JATIM,MALANG,MALANG,,,0,0,0,JAWA TIMUR,MALANG,LAWANG,LAWANG,BATU
9679770513,,ODP-KPO-FL/61,-7.888893,112.608801,,,12,4,0,0,16,REGIONAL 5,MALANG,BATU,KPO,KARANGPLOSO,,2024-03-16 23:24:23,44919,2022,12,NON TITO,,,JAWA TIMUR,0.25,GREEN,1256517958,AREA 3,JATIM,MALANG,MALANG,,,0,0,0,JAWA TIMUR,MALANG,KARANGPLOSO,NGENEP,BATU
292998318,,ODP-BTU-FG/42,-7.8801,112.5316,,,11,5,0,0,16,REGIONAL 5,MALANG,BATU,BTU,BATU,,2024-03-16 23:27:06,42485,2016,4,NON TITO,,,JAWA TIMUR,0.3125,GREEN,19793713,AREA 3,JATIM,MALANG,MALANG,,,0,0,0,JAWA TIMUR,KOTA BATU,BATU,TEMAS,BATU
9468119221,,ODP-LWG-FAL/17,-7.836913,112.723059,,,6,2,0,0,8,REGIONAL 5,MALANG,MALANG,LWG,LAWANG,,2024-03-16 23:26:11,44864,2022,10,NON TITO,,,JAWA TIMUR,0.25,GREEN,1246099857,AREA 3,JATIM,MALANG,MALANG,,,0,0,0,JAWA TIMUR,MALANG,LAWANG,SUMBER NGEPOH,BATU
2933670710,,ODP-BTU-FBA/18,-7.880224,112.550619,,,5,3,0,0,8,REGIONAL 5,MALANG,BATU,BTU,BATU,,2024-03-16 23:25:32,43363,2018,9,NON TITO,,,JAWA TIMUR,0.375,GREEN,404413072,AREA 3,JATIM,MALANG,MALANG,,,0,0,0,JAWA TIMUR,KOTA BATU,BATU,TEMAS,BATU
292996784,,ODP-KPO-FH/36,-7.9156,112.5799,,,12,4,0,0,16,REGIONAL 5,MALANG,BATU,KPO,KARANGPLOSO,,2024-03-16 23:27:47,42485,2016,4,NON TITO,,,JAWA TIMUR,0.25,GREEN,19792732,AREA 3,JATIM,MALANG,MALANG,,,0,0,0,JAWA TIMUR,KOTA BATU,JUNREJO,DADAPREJO,BATU
9734443984,,ODP-BLB-FBX/09,-7.964316,112.642924,,,7,1,0,0,8,REGIONAL 5,MALANG,MALANG,BLB,BLIMBING,,2024-03-16 23:27:49,44936,2023,1,NON TITO,,,JAWA TIMUR,0.125,GREEN,1261684495,AREA 3,JATIM,MALANG,MALANG,,,0,0,0,JAWA TIMUR,KOTA MALANG,BLIMBING,BUNULREJO,BATU
5489669160,,ODP-BLB-FEB/30,-7.958222,112.64507,,,6,2,0,0,8,REGIONAL 5,MALANG,MALANG,BLB,BLIMBING,,2024-03-16 23:25:21,44113,2020,10,NON TITO,,,JAWA TIMUR,0.25,GREEN,845307617,AREA 3,JATIM,MALANG,MALANG,,,0,0,0,JAWA TIMUR,KOTA MALANG,BLIMBING,PURWANTORO,BATU
9734443979,,ODP-BLB-FBX/10,-7.965256,112.642061,,,6,1,0,0,8,REGIONAL 5,MALANG,MALANG,BLB,BLIMBING,,2024-03-16 23:28:59,44936,2023,1,NON TITO,,,JAWA TIMUR,0.125,GREEN,1261684492,AREA 3,JATIM,MALANG,MALANG,,,0,0,0,JAWA TIMUR,KOTA MALANG,BLIMBING,BUNULREJO,BATU
292997100,,ODP-BTU-FK/04,-7.8917,112.5489,,,12,4,0,0,16,REGIONAL 5,MALANG,BATU,BTU,BATU,,2024-03-16 23:27:49,42485,2016,4,NON TITO,,,JAWA TIMUR,0.25,GREEN,19792930,AREA 3,JATIM,MALANG,MALANG,,,0,0,0,JAWA TIMUR,KOTA BATU,JUNREJO,BEJI,BATU
2935093831,,ODP-KPO-FP/28,-7.89922,112.599036,,,7,1,0,0,8,REGIONAL 5,MALANG,BATU,KPO,KARANGPLOSO,,2024-03-16 23:27:59,43361,2018,9,NON TITO,,,JAWA TIMUR,0.125,GREEN,404190958,AREA 3,JATIM,MALANG,MALANG,,,0,0,0,JAWA TIMUR,MALANG,KARANG PLOSO,NGIJO,BATU
292997174,,ODP-KPO-FH/32,-7.917,112.576,,,12,4,0,0,16,REGIONAL 5,MALANG,BATU,KPO,KARANGPLOSO,,2024-03-16 23:26:10,42485,2016,4,NON TITO,,,JAWA TIMUR,0.25,GREEN,19792971,AREA 3,JATIM,MALANG,MALANG,,,0,0,0,JAWA TIMUR,KOTA BATU,JUNREJO,DADAPREJO,BATU
9468119197,,ODP-LWG-FAL/16,-7.836192,112.723663,,,7,1,0,0,8,REGIONAL 5,MALANG,MALANG,LWG,LAWANG,,2024-03-16 23:26:43,44864,2022,10,NON TITO,,,JAWA TIMUR,0.125,GREEN,1246099841,AREA 3,JATIM,MALANG,MALANG,,,0,0,0,JAWA TIMUR,MALANG,LAWANG,SUMBER NGEPOH,BATU
292997410,,ODP-KPO-FH/33,-7.9151,112.5795,,,13,3,0,0,16,REGIONAL 5,MALANG,BATU,KPO,KARANGPLOSO,,2024-03-16 23:26:45,42485,2016,4,NON TITO,,,JAWA TIMUR,0.1875,GREEN,19793122,AREA 3,JATIM,MALANG,MALANG,,,0,0,0,JAWA TIMUR,KOTA BATU,JUNREJO,DADAPREJO,BATU
710968995,,ODP-BLB-FBK/10,-7.92245,112.624927,,,10,6,0,0,16,REGIONAL 5,MALANG,MALANG,BLB,BLIMBING,,2024-03-16 23:26:45,42545,2016,6,NON TITO,,,JAWA TIMUR,0.375,GREEN,33702846,AREA 3,JATIM,MALANG,MALANG,,,0,0,0,JAWA TIMUR,KOTA MALANG,LOWOKWARU,TASIK MADU,BATU
2935094076,,ODP-KPO-FP/23,-7.899471,112.599424,,,5,3,0,0,8,REGIONAL 5,MALANG,BATU,KPO,KARANGPLOSO,,2024-03-16 23:29:00,43361,2018,9,NON TITO,,,JAWA TIMUR,0.375,GREEN,404191131,AREA 3,JATIM,MALANG,MALANG,,,0,0,0,JAWA TIMUR,MALANG,KARANG PLOSO,NGIJO,BATU
5548246365,,ODP-BLB-FEA/11,-7.949554,112.64668,,,6,2,0,0,8,REGIONAL 5,MALANG,MALANG,BLB,BLIMBING,,2024-03-16 23:23:58,44122,2020,10,NON TITO,,,JAWA TIMUR,0.25,GREEN,855586499,AREA 3,JATIM,MALANG,MALANG,,,0,0,0,JAWA TIMUR,KOTA MALANG,BLIMBING,BLIMBING,BATU
292997421,,ODP-BTU-FE/35,-7.872199,112.514638,,,13,3,0,0,16,REGIONAL 5,MALANG,BATU,BTU,BATU,,2024-03-16 23:27:41,42485,2016,4,NON TITO,,,JAWA TIMUR,0.1875,GREEN,19793130,AREA 3,JATIM,MALANG,MALANG,,,0,0,0,JAWA TIMUR,KOTA BATU,BATU,PESANGGRAHAN,BATU
5489669180,,ODP-BLB-FEB/28,-7.958162,112.643714,,,6,2,0,0,8,REGIONAL 5,MALANG,MALANG,BLB,BLIMBING,,2024-03-16 23:25:22,44113,2020,10,NON TITO,,,JAWA TIMUR,0.25,GREEN,845307636,AREA 3,JATIM,MALANG,MALANG,,,0,0,0,JAWA TIMUR,KOTA MALANG,BLIMBING,PURWANTORO,BATU
9468119206,,ODP-LWG-FAL/12,-7.835797,112.725487,,,7,1,0,0,8,REGIONAL 5,MALANG,MALANG,LWG,LAWANG,,2024-03-16 23:26:41,44864,2022,10,NON TITO,,,JAWA TIMUR,0.125,GREEN,1246099847,AREA 3,JATIM,MALANG,MALANG,,,0,0,0,JAWA TIMUR,MALANG,LAWANG,SUMBER NGEPOH,BATU
9735045145,,ODP-TMP-FJ/75,-8.020621,112.778665,,,5,3,0,0,8,REGIONAL 5,MALANG,MALANG,TMP,TUMPANG,,2024-03-16 23:24:11,44935,2023,1,NON TITO,,,JAWA TIMUR,0.375,GREEN,1261679861,AREA 3,JATIM,MALANG,MALANG,,,0,0,0,JAWA TIMUR,MALANG,TUMPANG,TULUSBESAR,BATU
5489669185,,ODP-BLB-FEB/19,-7.961054,112.642066,,,5,3,0,0,8,REGIONAL 5,MALANG,MALANG,BLB,BLIMBING,,2024-03-16 23:26:10,44113,2020,10,NON TITO,,,JAWA TIMUR,0.375,GREEN,845307642,AREA 3,JATIM,MALANG,MALANG,,,0,0,0,JAWA TIMUR,KOTA MALANG,BLIMBING,PURWANTORO,BATU
3045570567,,ODP-KPO-FBD/71,-7.919792,112.575599,,,5,3,0,0,8,REGIONAL 5,MALANG,BATU,KPO,KARANGPLOSO,,2024-03-16 23:24:40,43396,2018,10,NON TITO,,,JAWA TIMUR,0.375,GREEN,405796038,AREA 3,JATIM,MALANG,MALANG,,,0,0,0,JAWA TIMUR,MALANG,DAU,SUMBERSEKAR,BATU
9468119236,,ODP-LWG-FAL/01,-7.829898,112.729763,,,6,2,0,0,8,REGIONAL 5,MALANG,MALANG,LWG,LAWANG,,2024-03-16 23:25:03,44864,2022,10,NON TITO,,,JAWA TIMUR,0.25,GREEN,1246099867,AREA 3,JATIM,MALANG,MALANG,,,0,0,0,JAWA TIMUR,MALANG,LAWANG,SUMBER NGEPOH,BATU
5490419814,,ODP-LWG-FY/08,-7.828719,112.695389,,,5,3,0,0,8,REGIONAL 5,MALANG,MALANG,LWG,LAWANG,,2024-03-16 23:25:31,44115,2020,10,NON TITO,,,JAWA TIMUR,0.375,GREEN,845353453,AREA 3,JATIM,MALANG,MALANG,,,0,0,0,JAWA TIMUR,MALANG,LAWANG,LAWANG,BATU
9679019933,,ODP-BLB-FBF/45,-7.922086,112.65269,,,4,3,1,0,8,REGIONAL 5,MALANG,MALANG,BLB,BLIMBING,,2024-03-16 23:25:54,44909,2022,12,NON TITO,,,JAWA TIMUR,0.375,GREEN,1253123835,AREA 3,JATIM,MALANG,MALANG,,,0,0,0,JAWA TIMUR,KOTA MALANG,BLIMBING,BALEARJOSARI,BATU
3020371698,,ODP-SGS-FJ/26,-7.888074,112.678253,,,5,3,0,0,8,REGIONAL 5,MALANG,MALANG,SGS,SINGOSARI,,2024-03-16 23:28:57,43389,2018,10,NON TITO,,,JAWA TIMUR,0.375,GREEN,405619605,AREA 3,JATIM,MALANG,MALANG,,,0,0,0,JAWA TIMUR,MALANG,SINGOSARI,LOSARI,BATU
2930444205,,ODP-BTU-FV/74,-7.882818,112.532919,,,11,4,0,0,16,REGIONAL 5,MALANG,BATU,BTU,BATU,,2024-03-16 23:29:07,43362,2018,9,NON TITO,,,JAWA TIMUR,0.25,GREEN,404347505,AREA 3,JATIM,MALANG,MALANG,,,0,0,0,JAWA TIMUR,KOTA BATU,BATU,TEMAS,BATU
2930444438,,ODP-BTU-FV/73,-7.882922,112.532294,,,11,5,0,0,16,REGIONAL 5,MALANG,BATU,BTU,BATU,,2024-03-16 23:28:38,43362,2018,9,NON TITO,,,JAWA TIMUR,0.3125,GREEN,404347645,AREA 3,JATIM,MALANG,MALANG,,,0,0,0,JAWA TIMUR,KOTA BATU,BATU,TEMAS,BATU
5571868608,,ODP-BLB-FDY/09,-7.941231,112.658381,,,5,3,0,0,8,REGIONAL 5,MALANG,MALANG,BLB,BLIMBING,,2024-03-16 23:25:07,44120,2020,10,NON TITO,,,JAWA TIMUR,0.375,GREEN,855466589,AREA 3,JATIM,MALANG,MALANG,,,0,0,0,JAWA TIMUR,KOTA MALANG,BLIMBING,PANDANWANGI,BATU
306748288,,ODP-BTU-FG/61,-7.873522,112.523722,,,10,6,0,0,16,REGIONAL 5,MALANG,BATU,BTU,BATU,,2024-03-16 23:26:56,42487,2016,4,NON TITO,,,JAWA TIMUR,0.375,GREEN,20468109,AREA 3,JATIM,MALANG,MALANG,,,0,0,0,JAWA TIMUR,KOTA BATU,BATU,NGAGLIK,BATU
9468119344,,ODP-LWG-FAL/15,-7.835574,112.723913,,,7,1,0,0,8,REGIONAL 5,MALANG,MALANG,LWG,LAWANG,,2024-03-16 23:26:28,44864,2022,10,NON TITO,,,JAWA TIMUR,0.125,GREEN,1246099939,AREA 3,JATIM,MALANG,MALANG,,,0,0,0,JAWA TIMUR,MALANG,LAWANG,SUMBER NGEPOH,BATU
717194542,,ODP-BLB-FK/48,-7.947675,112.640189,,,11,5,0,0,16,REGIONAL 5,MALANG,MALANG,BLB,BLIMBING,,2024-03-16 23:27:24,42549,2016,6,NON TITO,,,JAWA TIMUR,0.3125,GREEN,33645087,AREA 3,JATIM,MALANG,MALANG,,,0,0,0,JAWA TIMUR,KOTA MALANG,BLIMBING,PURWANTORO,BATU
5571868633,,ODP-BLB-FDY/30,-7.941708,112.655427,,,7,1,0,0,8,REGIONAL 5,MALANG,MALANG,BLB,BLIMBING,,2024-03-16 23:25:46,44120,2020,10,NON TITO,,,JAWA TIMUR,0.125,GREEN,855466604,AREA 3,JATIM,MALANG,MALANG,,,0,0,0,JAWA TIMUR,KOTA MALANG,BLIMBING,PURWODADI,BATU
3020372039,,ODP-SGS-FJ/34,-7.888018,112.675616,,,5,3,0,0,8,REGIONAL 5,MALANG,MALANG,SGS,SINGOSARI,,2024-03-16 23:29:01,43389,2018,10,NON TITO,,,JAWA TIMUR,0.375,GREEN,405354568,AREA 3,JATIM,MALANG,MALANG,,,0,0,0,JAWA TIMUR,MALANG,SINGOSARI,LOSARI,BATU
9468119347,,ODP-LWG-FAL/23,-7.835988,112.720356,,,6,2,0,0,8,REGIONAL 5,MALANG,MALANG,LWG,LAWANG,,2024-03-16 23:25:40,44864,2022,10,NON TITO,,,JAWA TIMUR,0.25,GREEN,1246099941,AREA 3,JATIM,MALANG,MALANG,,,0,0,0,JAWA TIMUR,MALANG,LAWANG,SUMBER PORONG,BATU
5571868658,,ODP-BLB-FDY/08,-7.941634,112.658903,,,6,2,0,0,8,REGIONAL 5,MALANG,MALANG,BLB,BLIMBING,,2024-03-16 23:26:09,44120,2020,10,NON TITO,,,JAWA TIMUR,0.25,GREEN,855466619,AREA 3,JATIM,MALANG,MALANG,,,0,0,0,JAWA TIMUR,KOTA MALANG,BLIMBING,PANDANWANGI,BATU
9474044024,,ODP-KPO-FBT/04,-7.917885,112.575661,,,7,1,0,0,8,REGIONAL 5,MALANG,BATU,KPO,KARANGPLOSO,,2024-03-16 23:26:00,44865,2022,10,NON TITO,,,JAWA TIMUR,0.125,GREEN,1247998667,AREA 3,JATIM,MALANG,MALANG,,,0,0,0,JAWA TIMUR,MALANG,DAU,SUMBERSEKAR,BATU
5571868668,,ODP-BLB-FDY/24,-7.940374,112.654409,,,7,1,0,0,8,REGIONAL 5,MALANG,MALANG,BLB,BLIMBING,,2024-03-16 23:26:16,44120,2020,10,NON TITO,,,JAWA TIMUR,0.125,GREEN,855466625,AREA 3,JATIM,MALANG,MALANG,,,0,0,0,JAWA TIMUR,KOTA MALANG,BLIMBING,PURWODADI,BATU
703994791,,ODP-BLB-FBR/01,-7.93515,112.685695,,,11,5,0,0,16,REGIONAL 5,MALANG,MALANG,BLB,BLIMBING,,2024-03-16 23:27:10,42544,2016,6,NON TITO,,,JAWA TIMUR,0.3125,GREEN,33628258,AREA 3,JATIM,MALANG,MALANG,,,0,0,0,JAWA TIMUR,MALANG,PAKIS,TIRTOMOYO,BATU
9579568719,,ODP-LWG-FP/48,-7.841589,112.697971,,,7,1,0,0,8,REGIONAL 5,MALANG,MALANG,LWG,LAWANG,,2024-03-16 23:28:00,44893,2022,11,NON TITO,,,JAWA TIMUR,0.125,GREEN,1252437269,AREA 3,JATIM,MALANG,MALANG,,,0,0,0,JAWA TIMUR,MALANG,LAWANG,KALIREJO,BATU
703994747,,ODP-BLB-FBK/02,-7.9223,112.624067,,,11,5,0,0,16,REGIONAL 5,MALANG,MALANG,BLB,BLIMBING,,2024-03-16 23:26:57,42544,2016,6,NON TITO,,,JAWA TIMUR,0.3125,GREEN,33627901,AREA 3,JATIM,MALANG,MALANG,,,0,0,0,JAWA TIMUR,KOTA MALANG,LOWOKWARU,TASIK MADU,BATU
2933670715,,ODP-BTU-FBA/05,-7.878265,112.550112,,,5,3,0,0,8,REGIONAL 5,MALANG,BATU,BTU,BATU,,2024-03-16 23:25:40,43363,2018,9,NON TITO,,,JAWA TIMUR,0.375,GREEN,404354548,AREA 3,JATIM,MALANG,MALANG,,,0,0,0,JAWA TIMUR,KOTA BATU,BATU,TEMAS,BATU
3020371781,,ODP-SGS-FJ/31,-7.886829,112.674672,,,5,3,0,0,8,REGIONAL 5,MALANG,MALANG,SGS,SINGOSARI,,2024-03-16 23:29:03,43389,2018,10,NON TITO,,,JAWA TIMUR,0.375,GREEN,405619658,AREA 3,JATIM,MALANG,MALANG,,,0,0,0,JAWA TIMUR,MALANG,SINGOSARI,LOSARI,BATU
9474044039,,ODP-KPO-FBT/03,-7.921151,112.575712,,,5,3,0,0,8,REGIONAL 5,MALANG,BATU,KPO,KARANGPLOSO,,2024-03-16 23:26:00,44865,2022,10,NON TITO,,,JAWA TIMUR,0.375,GREEN,1247998682,AREA 3,JATIM,MALANG,MALANG,,,0,0,0,JAWA TIMUR,MALANG,DAU,SUMBERSEKAR,BATU
3020371797,,ODP-SGS-FJ/23,-7.888381,112.679295,,,7,1,0,0,8,REGIONAL 5,MALANG,MALANG,SGS,SINGOSARI,,2024-03-16 23:29:03,43389,2018,10,NON TITO,,,JAWA TIMUR,0.125,GREEN,405619669,AREA 3,JATIM,MALANG,MALANG,,,0,0,0,JAWA TIMUR,MALANG,SINGOSARI,LOSARI,BATU
680071470,,ODP-SGS-FN/03,-7.887246,112.673682,,,10,6,0,0,16,REGIONAL 5,MALANG,MALANG,SGS,SINGOSARI,,2024-03-16 23:23:30,42537,2016,6,NON TITO,,,JAWA TIMUR,0.375,GREEN,33672800,AREA 3,JATIM,MALANG,MALANG,,,0,0,0,JAWA TIMUR,MALANG,SINGOSARI,LOSARI,BATU
9648268786,,ODP-KPO-FBQ/53,-7.886242,112.606859,,,7,1,0,0,8,REGIONAL 5,MALANG,BATU,KPO,KARANGPLOSO,,2024-03-16 23:25:33,44901,2022,12,NON TITO,,,JAWA TIMUR,0.125,GREEN,1252893234,AREA 3,JATIM,MALANG,MALANG,,,0,0,0,JAWA TIMUR,MALANG,KARANG PLOSO,NGIJO,BATU
9648268776,,ODP-KPO-FBQ/52,-7.886501,112.607056,,,7,1,0,0,8,REGIONAL 5,MALANG,BATU,KPO,KARANGPLOSO,,2024-03-16 23:25:54,44901,2022,12,NON TITO,,,JAWA TIMUR,0.125,GREEN,1252893228,AREA 3,JATIM,MALANG,MALANG,,,0,0,0,JAWA TIMUR,MALANG,KARANG PLOSO,NGIJO,BATU
9468119257,,ODP-LWG-FAL/02,-7.824944,112.73119,,,6,2,0,0,8,REGIONAL 5,MALANG,MALANG,LWG,LAWANG,,2024-03-16 23:26:29,44864,2022,10,NON TITO,,,JAWA TIMUR,0.25,GREEN,1246099881,AREA 3,JATIM,MALANG,MALANG,,,0,0,0,JAWA TIMUR,MALANG,LAWANG,SUMBER NGEPOH,BATU
5489146372,,ODP-BLB-FEC/10,-7.94279,112.640834,,,6,2,0,0,8,REGIONAL 5,MALANG,MALANG,BLB,BLIMBING,,2024-03-16 23:26:29,44115,2020,10,NON TITO,,,JAWA TIMUR,0.25,GREEN,845354649,AREA 3,JATIM,MALANG,MALANG,,,0,0,0,JAWA TIMUR,KOTA MALANG,BLIMBING,BLIMBING,BATU
9468119272,,ODP-LWG-FAL/54,-7.833152,112.700167,,,5,3,0,0,8,REGIONAL 5,MALANG,MALANG,LWG,LAWANG,,2024-03-16 23:26:43,44864,2022,10,NON TITO,,,JAWA TIMUR,0.375,GREEN,1246099891,AREA 3,JATIM,MALANG,MALANG,,,0,0,0,JAWA TIMUR,MALANG,LAWANG,LAWANG,BATU
691543572,,ODP-SGS-FK/13,-7.909396,112.652433,,,14,2,0,0,16,REGIONAL 5,MALANG,MALANG,SGS,SINGOSARI,,2024-03-16 23:24:50,42537,2016,6,NON TITO,,,JAWA TIMUR,0.125,GREEN,33673985,AREA 3,JATIM,MALANG,MALANG,,,0,0,0,JAWA TIMUR,MALANG,SINGOSARI,TUNJUNGTIRTO,BATU
5489146379,,ODP-BLB-FEC/02,-7.94279,112.640834,,,15,1,0,0,16,REGIONAL 5,MALANG,MALANG,BLB,BLIMBING,,2024-03-16 23:26:28,44115,2020,10,NON TITO,,,JAWA TIMUR,0.0625,GREEN,845354653,AREA 3,JATIM,MALANG,MALANG,,,0,0,0,JAWA TIMUR,KOTA MALANG,BLIMBING,BLIMBING,BATU
9468119284,,ODP-LWG-FAL/20,-7.838312,112.721594,,,5,3,0,0,8,REGIONAL 5,MALANG,MALANG,LWG,LAWANG,,2024-03-16 23:26:23,44864,2022,10,NON TITO,,,JAWA TIMUR,0.375,GREEN,1246099899,AREA 3,JATIM,MALANG,MALANG,,,0,0,0,JAWA TIMUR,MALANG,LAWANG,SUMBER NGEPOH,BATU
9601021112,,ODP-BLB-FDZ/79,-7.935592,112.651664,,,7,1,0,0,8,REGIONAL 5,MALANG,MALANG,BLB,BLIMBING,,2024-03-16 23:28:31,44897,2022,12,NON TITO,,,JAWA TIMUR,0.125,GREEN,1252679350,AREA 3,JATIM,MALANG,MALANG,,,0,0,0,JAWA TIMUR,KOTA MALANG,BLIMBING,PURWODADI,BATU
9468119287,,ODP-LWG-FAL/39,-7.827455,112.700331,,,5,3,0,0,8,REGIONAL 5,MALANG,MALANG,LWG,LAWANG,,2024-03-16 23:26:02,44864,2022,10,NON TITO,,,JAWA TIMUR,0.375,GREEN,1246099901,AREA 3,JATIM,MALANG,MALANG,,,0,0,0,JAWA TIMUR,MALANG,LAWANG,TURIREJO,BATU
9468119296,,ODP-LWG-FAL/04,-7.829901,112.728445,,,5,3,0,0,8,REGIONAL 5,MALANG,MALANG,LWG,LAWANG,,2024-03-16 23:26:49,44864,2022,10,NON TITO,,,JAWA TIMUR,0.375,GREEN,1246099907,AREA 3,JATIM,MALANG,MALANG,,,0,0,0,JAWA TIMUR,MALANG,LAWANG,SUMBER NGEPOH,BATU
2930444090,,ODP-BTU-FV/80,-7.879748,112.532372,,,11,5,0,0,16,REGIONAL 5,MALANG,BATU,BTU,BATU,,2024-03-16 23:28:08,43362,2018,9,NON TITO,,,JAWA TIMUR,0.3125,GREEN,404347436,AREA 3,JATIM,MALANG,MALANG,,,0,0,0,JAWA TIMUR,KOTA BATU,BATU,SISIR,BATU
5489146422,,ODP-BLB-FEC/04,-7.94279,112.640834,,,10,6,0,0,16,REGIONAL 5,MALANG,MALANG,BLB,BLIMBING,,2024-03-16 23:26:50,44115,2020,10,NON TITO,,,JAWA TIMUR,0.375,GREEN,845354682,AREA 3,JATIM,MALANG,MALANG,,,0,0,0,JAWA TIMUR,KOTA MALANG,BLIMBING,BLIMBING,BATU
5489146457,,ODP-BLB-FEC/09,-7.94279,112.640834,,,15,1,0,0,16,REGIONAL 5,MALANG,MALANG,BLB,BLIMBING,,2024-03-16 23:26:29,44115,2020,10,NON TITO,,,JAWA TIMUR,0.0625,GREEN,845354706,AREA 3,JATIM,MALANG,MALANG,,,0,0,0,JAWA TIMUR,KOTA MALANG,BLIMBING,BLIMBING,BATU
9468119302,,ODP-LWG-FAL/21,-7.838305,112.722215,,,6,2,0,0,8,REGIONAL 5,MALANG,MALANG,LWG,LAWANG,,2024-03-16 23:25:54,44864,2022,10,NON TITO,,,JAWA TIMUR,0.25,GREEN,1246099911,AREA 3,JATIM,MALANG,MALANG,,,0,0,0,JAWA TIMUR,MALANG,LAWANG,SUMBER NGEPOH,BATU
293076242,,ODP-KPO-FH/34,-7.9153,112.5799,,,13,3,0,0,16,REGIONAL 5,MALANG,BATU,KPO,KARANGPLOSO,,2024-03-16 23:23:11,42485,2016,4,NON TITO,,,JAWA TIMUR,0.1875,GREEN,19870148,AREA 3,JATIM,MALANG,MALANG,,,0,0,0,JAWA TIMUR,KOTA BATU,JUNREJO,DADAPREJO,BATU
5489146464,,ODP-BLB-FEC/15,-7.942887,112.640737,,,13,3,0,0,16,REGIONAL 5,MALANG,MALANG,BLB,BLIMBING,,2024-03-16 23:26:30,44115,2020,10,NON TITO,,,JAWA TIMUR,0.1875,GREEN,845354710,AREA 3,JATIM,MALANG,MALANG,,,0,0,0,JAWA TIMUR,KOTA MALANG,BLIMBING,BLIMBING,BATU
9468119317,,ODP-LWG-FAL/14,-7.835145,112.723106,,,5,3,0,0,8,REGIONAL 5,MALANG,MALANG,LWG,LAWANG,,2024-03-16 23:25:52,44864,2022,10,NON TITO,,,JAWA TIMUR,0.375,GREEN,1246099921,AREA 3,JATIM,MALANG,MALANG,,,0,0,0,JAWA TIMUR,MALANG,LAWANG,SUMBER NGEPOH,BATU
292964398,,ODP-KPO-FE/19,-7.8764,112.5786,,,11,4,0,0,16,REGIONAL 5,MALANG,BATU,KPO,KARANGPLOSO,,2024-03-16 23:27:58,42485,2016,4,NON TITO,,,JAWA TIMUR,0.25,GREEN,19772627,AREA 3,JATIM,MALANG,MALANG,,,0,0,0,JAWA TIMUR,MALANG,KARANGPLOSO,DONOWARIH,BATU
10534843992,,ODP-BLB-FCE/24,-7.938961,112.630775,,,10,6,0,0,16,REGIONAL 5,MALANG,MALANG,BLB,BLIMBING,,2024-03-16 23:24:13,45160,2023,8,NON TITO,,,JAWA TIMUR,0.375,GREEN,1312249472,AREA 3,JATIM,MALANG,MALANG,,,0,0,0,JAWA TIMUR,KOTA MALANG,LOWOKWARU,MOJOLANGU,BATU
292963644,,ODP-KPO-FC/26,-7.9229,112.5886,,,10,6,0,0,16,REGIONAL 5,MALANG,BATU,KPO,KARANGPLOSO,,2024-03-16 23:26:46,42485,2016,4,NON TITO,,,JAWA TIMUR,0.375,GREEN,19772048,AREA 3,JATIM,MALANG,MALANG,,,0,0,0,JAWA TIMUR,MALANG,DAU,MULYOAGUNG,BATU
5331868800,,ODP-PKS-FG/29,-7.933749,112.704794,,,5,3,0,0,8,REGIONAL 5,MALANG,MALANG,PKS,PAKIS,,2024-03-16 23:21:49,44069,2020,8,NON TITO,,,JAWA TIMUR,0.375,GREEN,837658086,AREA 3,JATIM,MALANG,MALANG,,,0,0,0,JAWA TIMUR,MALANG,PAKIS,SAPTORENGGO,BATU
288151239,,ODP-BLB-FA/55,-7.940618,112.662572,,,13,3,0,0,16,REGIONAL 5,MALANG,MALANG,BLB,BLIMBING,,2024-03-16 23:27:11,42483,2016,4,NON TITO,,,JAWA TIMUR,0.1875,GREEN,19473763,AREA 3,JATIM,MALANG,MALANG,,,0,0,0,JAWA TIMUR,KOTA MALANG,BLIMBING,PANDANWANGI,BATU
5331868805,,ODP-PKS-FG/37,-7.932609,112.703621,,,7,1,0,0,8,REGIONAL 5,MALANG,MALANG,PKS,PAKIS,,2024-03-16 23:22:36,44069,2020,8,NON TITO,,,JAWA TIMUR,0.125,GREEN,837658089,AREA 3,JATIM,MALANG,MALANG,,,0,0,0,JAWA TIMUR,MALANG,PAKIS,SAPTORENGGO,BATU
11222444156,,ODP-BLB-FBR/45,-7.941189,112.685356,,,7,1,0,0,8,REGIONAL 5,MALANG,MALANG,BLB,BLIMBING,,2024-03-16 23:21:09,45293,2024,1,NON TITO,,,JAWA TIMUR,0.125,GREEN,1396839403,AREA 3,JATIM,MALANG,MALANG,,,0,0,0,JAWA TIMUR,MALANG,PAKIS,TIRTOMOYO,BATU
288151483,,ODP-BLB-FA/63,-7.9404,112.6683,,,10,6,0,0,16,REGIONAL 5,MALANG,MALANG,BLB,BLIMBING,,2024-03-16 23:27:00,42483,2016,4,NON TITO,,,JAWA TIMUR,0.375,GREEN,19473932,AREA 3,JATIM,MALANG,MALANG,,,0,0,0,JAWA TIMUR,MALANG,PAKIS,TIRTOMOYO,BATU
288151564,,ODP-BLB-FAT/12,-7.9619,112.6329,,,7,6,3,0,16,REGIONAL 5,MALANG,MALANG,BLB,BLIMBING,,2024-03-16 23:28:14,42483,2016,4,NON TITO,,,JAWA TIMUR,0.375,GREEN,19473988,AREA 3,JATIM,MALANG,MALANG,,,0,0,0,JAWA TIMUR,KOTA MALANG,LOWOKWARU,LOWOKWARU,BATU
11225218801,,ODP-BLB-FCD/49,-7.93298,112.656906,,,14,2,0,0,16,REGIONAL 5,MALANG,MALANG,BLB,BLIMBING,,2024-03-16 23:22:57,45289,2023,12,NON TITO,,,JAWA TIMUR,0.125,GREEN,1393836470,AREA 3,JATIM,MALANG,MALANG,,,0,0,0,JAWA TIMUR,KOTA MALANG,BLIMBING,ARJOSARI,BATU
288151638,,ODP-BLB-FJ/67,-7.9494,112.6417,,,11,5,0,0,16,REGIONAL 5,MALANG,MALANG,BLB,BLIMBING,,2024-03-16 23:23:28,42483,2016,4,NON TITO,,,JAWA TIMUR,0.3125,GREEN,19474040,AREA 3,JATIM,MALANG,MALANG,,,0,0,0,JAWA TIMUR,KOTA MALANG,BLIMBING,PURWANTORO,BATU
11225218791,,ODP-BLB-FCD/52,-7.934305,112.656326,,,15,1,0,0,16,REGIONAL 5,MALANG,MALANG,BLB,BLIMBING,,2024-03-16 23:23:24,45289,2023,12,NON TITO,,,JAWA TIMUR,0.0625,GREEN,1393836464,AREA 3,JATIM,MALANG,MALANG,,,0,0,0,JAWA TIMUR,KOTA MALANG,BLIMBING,ARJOSARI,BATU
11225218786,,ODP-BLB-FCD/51,-7.934629,112.657032,,,15,1,0,0,16,REGIONAL 5,MALANG,MALANG,BLB,BLIMBING,,2024-03-16 23:23:25,45289,2023,12,NON TITO,,,JAWA TIMUR,0.0625,GREEN,1393836461,AREA 3,JATIM,MALANG,MALANG,,,0,0,0,JAWA TIMUR,KOTA MALANG,BLIMBING,ARJOSARI,BATU
11225218781,,ODP-BLB-FCD/50,-7.933857,112.657187,,,11,5,0,0,16,REGIONAL 5,MALANG,MALANG,BLB,BLIMBING,,2024-03-16 23:23:23,45289,2023,12,NON TITO,,,JAWA TIMUR,0.3125,GREEN,1393836458,AREA 3,JATIM,MALANG,MALANG,,,0,0,0,JAWA TIMUR,KOTA MALANG,BLIMBING,ARJOSARI,BATU
11225218776,,ODP-BLB-FCD/54,-7.932658,112.655182,,,13,3,0,0,16,REGIONAL 5,MALANG,MALANG,BLB,BLIMBING,,2024-03-16 23:23:21,45289,2023,12,NON TITO,,,JAWA TIMUR,0.1875,GREEN,1393836454,AREA 3,JATIM,MALANG,MALANG,,,0,0,0,JAWA TIMUR,KOTA MALANG,BLIMBING,ARJOSARI,BATU
11225218771,,ODP-BLB-FCD/57,-7.932006,112.653446,,,11,5,0,0,16,REGIONAL 5,MALANG,MALANG,BLB,BLIMBING,,2024-03-16 23:23:21,45289,2023,12,NON TITO,,,JAWA TIMUR,0.3125,GREEN,1393836451,AREA 3,JATIM,MALANG,MALANG,,,0,0,0,JAWA TIMUR,KOTA MALANG,BLIMBING,ARJOSARI,BATU
5327069728,,ODP-PKS-FX/10,-7.957078,112.727666,,,5,3,0,0,8,REGIONAL 5,MALANG,MALANG,PKS,PAKIS,,2024-03-16 23:25:08,44071,2020,8,NON TITO,,,JAWA TIMUR,0.375,GREEN,839820768,AREA 3,JATIM,MALANG,MALANG,,,0,0,0,JAWA TIMUR,MALANG,PAKIS,PAKISJAJAR,BATU
288152083,,ODP-BLB-FA/59,-7.942,112.6724,,,13,3,0,0,16,REGIONAL 5,MALANG,MALANG,BLB,BLIMBING,,2024-03-16 23:28:31,42483,2016,4,NON TITO,,,JAWA TIMUR,0.1875,GREEN,19474337,AREA 3,JATIM,MALANG,MALANG,,,0,0,0,JAWA TIMUR,MALANG,PAKIS,TIRTOMOYO,BATU
5327069843,,ODP-PKS-FX/07,-7.957759,112.727075,,,5,3,0,0,8,REGIONAL 5,MALANG,MALANG,PKS,PAKIS,,2024-03-16 23:21:04,44071,2020,8,NON TITO,,,JAWA TIMUR,0.375,GREEN,839820842,AREA 3,JATIM,MALANG,MALANG,,,0,0,0,JAWA TIMUR,MALANG,PAKIS,PAKISJAJAR,BATU
288152683,,ODP-BLB-FU/18,-7.9556,112.6482,,,7,1,0,0,8,REGIONAL 5,MALANG,MALANG,BLB,BLIMBING,,2024-03-16 23:27:12,42483,2016,4,NON TITO,,,JAWA TIMUR,0.125,GREEN,19474751,AREA 3,JATIM,MALANG,MALANG,,,0,0,0,JAWA TIMUR,KOTA MALANG,BLIMBING,PURWANTORO,BATU
3204656752,,ODP-KPO-FBE/60,-7.91821,112.586188,,,6,2,0,0,8,REGIONAL 5,MALANG,BATU,KPO,KARANGPLOSO,,2024-03-16 23:22:43,43483,2019,1,NON TITO,,,JAWA TIMUR,0.25,GREEN,466737295,AREA 3,JATIM,MALANG,MALANG,,,0,0,0,JAWA TIMUR,MALANG,DAU,MULYOAGUNG,BATU
11218018803,,ODP-SGS-FAM/35,-7.9055,112.661186,,,10,6,0,0,16,REGIONAL 5,MALANG,MALANG,SGS,SINGOSARI,,2024-03-16 23:24:12,45287,2023,12,NON TITO,,,JAWA TIMUR,0.375,GREEN,1390986652,AREA 3,JATIM,MALANG,MALANG,,,0,0,0,JAWA TIMUR,MALANG,SINGOSARI,BANJARARUM,BATU
3262169649,,ODP-PKS-FW/11,-7.9478,112.746411,,,10,6,0,0,16,REGIONAL 5,MALANG,MALANG,PKS,PAKIS,,2024-03-16 23:24:10,43481,2019,1,NON TITO,,,JAWA TIMUR,0.375,GREEN,453393125,AREA 3,JATIM,MALANG,MALANG,,,0,0,0,JAWA TIMUR,MALANG,JABUNG,KEMANTREN,BATU
5357893731,,ODP-PKS-FP/22,-7.953618,112.699009,,,6,2,0,0,8,REGIONAL 5,MALANG,MALANG,PKS,PAKIS,,2024-03-16 23:28:10,44074,2020,8,NON TITO,,,JAWA TIMUR,0.25,GREEN,840569827,AREA 3,JATIM,MALANG,MALANG,,,0,0,0,JAWA TIMUR,MALANG,PAKIS,ASRIKATON,BATU
5331868795,,ODP-PKS-FG/25,-7.934045,112.705178,,,6,2,0,0,8,REGIONAL 5,MALANG,MALANG,PKS,PAKIS,,2024-03-16 23:22:40,44069,2020,8,NON TITO,,,JAWA TIMUR,0.25,GREEN,837658083,AREA 3,JATIM,MALANG,MALANG,,,0,0,0,JAWA TIMUR,MALANG,PAKIS,SAPTORENGGO,BATU
288153055,,ODP-BLB-FCK/44,-7.9472,112.6321,,,11,5,0,0,16,REGIONAL 5,MALANG,MALANG,BLB,BLIMBING,,2024-03-16 23:28:39,42483,2016,4,NON TITO,,,JAWA TIMUR,0.3125,GREEN,19475011,AREA 3,JATIM,MALANG,MALANG,,,0,0,0,JAWA TIMUR,KOTA MALANG,LOWOKWARU,TULUSREJO,BATU
11246593743,,ODP-BLB-FCD/60,-7.932895,112.649886,,,12,4,0,0,16,REGIONAL 5,MALANG,MALANG,BLB,BLIMBING,,2024-03-16 23:28:36,45299,2024,1,NON TITO,,,JAWA TIMUR,0.25,GREEN,1396861663,AREA 3,JATIM,MALANG,MALANG,,,0,0,0,JAWA TIMUR,KOTA MALANG,BLIMBING,POLOWIJEN,BATU
5331868785,,ODP-PKS-FG/36,-7.932714,112.704126,,,5,3,0,0,8,REGIONAL 5,MALANG,MALANG,PKS,PAKIS,,2024-03-16 23:21:43,44069,2020,8,NON TITO,,,JAWA TIMUR,0.375,GREEN,837658076,AREA 3,JATIM,MALANG,MALANG,,,0,0,0,JAWA TIMUR,MALANG,PAKIS,SAPTORENGGO,BATU
5308770349,,ODP-BLB-FAZ/19,-7.936651,112.644577,,,7,1,0,0,8,REGIONAL 5,MALANG,MALANG,BLB,BLIMBING,,2024-03-16 23:26:49,44057,2020,8,NON TITO,,,JAWA TIMUR,0.125,GREEN,835545090,AREA 3,JATIM,MALANG,MALANG,,,0,0,0,JAWA TIMUR,KOTA MALANG,BLIMBING,PURWODADI,BATU
11332694043,,ODP-KPO-FE/76,-7.878625,112.573323,,,5,3,0,0,8,REGIONAL 5,MALANG,BATU,KPO,KARANGPLOSO,,2024-03-16 23:28:34,45323,2024,2,NON TITO,,,JAWA TIMUR,0.375,GREEN,1406333975,AREA 3,JATIM,MALANG,MALANG,,,0,0,0,JAWA TIMUR,MALANG,KARANGPLOSO,TAWANGARGO,BATU
11329918754,,ODP-BTU-FAF/108,-7.844968,112.529036,,,6,2,0,0,8,REGIONAL 5,MALANG,BATU,BTU,BATU,,2024-03-16 23:23:31,45322,2024,1,NON TITO,,,JAWA TIMUR,0.25,GREEN,1406329666,AREA 3,JATIM,MALANG,MALANG,,,0,0,0,JAWA TIMUR,KOTA BATU,BUMIAJI,BULUKERTO,BATU
11329018698,,ODP-BLB-FDT/44,-7.955632,112.638453,,,11,5,0,0,16,REGIONAL 5,MALANG,MALANG,BLB,BLIMBING,,2024-03-16 23:27:40,45322,2024,1,NON TITO,,,JAWA TIMUR,0.3125,GREEN,1406328893,AREA 3,JATIM,MALANG,MALANG,,,0,0,0,JAWA TIMUR,KOTA MALANG,BLIMBING,PURWANTORO,BATU
5308770367,,ODP-BLB-FAZ/18,-7.937477,112.644096,,,5,3,0,0,8,REGIONAL 5,MALANG,MALANG,BLB,BLIMBING,,2024-03-16 23:26:26,44057,2020,8,NON TITO,,,JAWA TIMUR,0.375,GREEN,835545102,AREA 3,JATIM,MALANG,MALANG,,,0,0,0,JAWA TIMUR,KOTA MALANG,BLIMBING,PURWODADI,BATU
5308770391,,ODP-BLB-FAZ/09,-7.935581,112.641948,,,5,3,0,0,8,REGIONAL 5,MALANG,MALANG,BLB,BLIMBING,,2024-03-16 23:26:40,44057,2020,8,NON TITO,,,JAWA TIMUR,0.375,GREEN,835545118,AREA 3,JATIM,MALANG,MALANG,,,0,0,0,JAWA TIMUR,KOTA MALANG,LOWOKWARU,TUNJUNGSEKAR,BATU
288149740,,ODP-BLB-FAA/57,-7.928259,112.638372,,,9,6,0,0,16,REGIONAL 5,MALANG,MALANG,BLB,BLIMBING,,2024-03-16 23:27:40,42483,2016,4,NON TITO,,,JAWA TIMUR,0.375,GREEN,19472794,AREA 3,JATIM,MALANG,MALANG,,,0,0,0,JAWA TIMUR,KOTA MALANG,LOWOKWARU,TUNJUNGSEKAR,BATU
5314018836,,ODP-BLB-FBU/05,-7.93728,112.625981,,,5,3,0,0,8,REGIONAL 5,MALANG,MALANG,BLB,BLIMBING,,2024-03-16 23:22:17,44058,2020,8,NON TITO,,,JAWA TIMUR,0.375,GREEN,835546203,AREA 3,JATIM,MALANG,MALANG,,,0,0,0,JAWA TIMUR,KOTA MALANG,LOWOKWARU,MOJOLANGU,BATU
11318218555,,ODP-SGS-FAN/14,-7.900458,112.648128,,,14,2,0,0,16,REGIONAL 5,MALANG,MALANG,SGS,SINGOSARI,,2024-03-16 23:29:06,45317,2024,1,NON TITO,,,JAWA TIMUR,0.125,GREEN,1406302670,AREA 3,JATIM,MALANG,MALANG,,,0,0,0,JAWA TIMUR,MALANG,SINGOSARI,PURWOASRI,BATU
5314018841,,ODP-BLB-FBU/03,-7.938118,112.625507,,,5,3,0,0,8,REGIONAL 5,MALANG,MALANG,BLB,BLIMBING,,2024-03-16 23:21:43,44058,2020,8,NON TITO,,,JAWA TIMUR,0.375,GREEN,835546206,AREA 3,JATIM,MALANG,MALANG,,,0,0,0,JAWA TIMUR,KOTA MALANG,LOWOKWARU,MOJOLANGU,BATU
3301919128,,ODP-BLB-FCW/61,-7.960886,112.634677,,,5,3,0,0,8,REGIONAL 5,MALANG,MALANG,BLB,BLIMBING,,2024-03-16 23:22:25,43497,2019,2,NON TITO,,,JAWA TIMUR,0.375,GREEN,507639683,AREA 3,JATIM,MALANG,MALANG,,,0,0,0,JAWA TIMUR,KOTA MALANG,LOWOKWARU,LOWOKWARU,BATU
5314019230,,ODP-PKS-FW/33,-7.935234,112.758439,,,10,6,0,0,16,REGIONAL 5,MALANG,MALANG,PKS,PAKIS,,2024-03-16 23:21:20,44059,2020,8,NON TITO,,,JAWA TIMUR,0.375,GREEN,835623449,AREA 3,JATIM,MALANG,MALANG,,,0,0,0,JAWA TIMUR,MALANG,JABUNG,JABUNG,BATU
11276668563,,ODP-PKS-FT/13,-7.93488,112.678195,,,6,2,0,0,8,REGIONAL 5,MALANG,MALANG,PKS,PAKIS,,2024-03-16 23:23:23,45307,2024,1,NON TITO,,,JAWA TIMUR,0.25,GREEN,1400362784,AREA 3,JATIM,MALANG,MALANG,,,0,0,0,JAWA TIMUR,MALANG,PAKIS,TIRTOMOYO,BATU
5331868720,,ODP-PKS-FG/41,-7.932978,112.701889,,,5,3,0,0,8,REGIONAL 5,MALANG,MALANG,PKS,PAKIS,,2024-03-16 23:22:40,44069,2020,8,NON TITO,,,JAWA TIMUR,0.375,GREEN,837658029,AREA 3,JATIM,MALANG,MALANG,,,0,0,0,JAWA TIMUR,MALANG,PAKIS,SAPTORENGGO,BATU
5331868725,,ODP-PKS-FG/26,-7.934532,112.704896,,,5,3,0,0,8,REGIONAL 5,MALANG,MALANG,PKS,PAKIS,,2024-03-16 23:22:06,44069,2020,8,NON TITO,,,JAWA TIMUR,0.375,GREEN,837658032,AREA 3,JATIM,MALANG,MALANG,,,0,0,0,JAWA TIMUR,MALANG,PAKIS,SAPTORENGGO,BATU
288150340,,ODP-BLB-FAR/28,-7.9175,112.644,,,10,6,0,0,16,REGIONAL 5,MALANG,MALANG,BLB,BLIMBING,,2024-03-16 23:26:28,42483,2016,4,NON TITO,,,JAWA TIMUR,0.375,GREEN,19473159,AREA 3,JATIM,MALANG,MALANG,,,0,0,0,JAWA TIMUR,KOTA MALANG,BLIMBING,BALEARJOSARI,BATU
5331868735,,ODP-PKS-FG/39,-7.933129,112.703808,,,5,3,0,0,8,REGIONAL 5,MALANG,MALANG,PKS,PAKIS,,2024-03-16 23:22:39,44069,2020,8,NON TITO,,,JAWA TIMUR,0.375,GREEN,837658039,AREA 3,JATIM,MALANG,MALANG,,,0,0,0,JAWA TIMUR,MALANG,PAKIS,SAPTORENGGO,BATU
5331868740,,ODP-PKS-FG/34,-7.932062,112.703938,,,5,3,0,0,8,REGIONAL 5,MALANG,MALANG,PKS,PAKIS,,2024-03-16 23:22:00,44069,2020,8,NON TITO,,,JAWA TIMUR,0.375,GREEN,837658042,AREA 3,JATIM,MALANG,MALANG,,,0,0,0,JAWA TIMUR,MALANG,PAKIS,SAPTORENGGO,BATU
3289844329,,ODP-BTU-FZ/43,-7.908269,112.538328,,,10,6,0,0,16,REGIONAL 5,MALANG,BATU,BTU,BATU,,2024-03-16 23:24:27,43494,2019,1,NON TITO,,,JAWA TIMUR,0.375,GREEN,507617536,AREA 3,JATIM,MALANG,MALANG,,,0,0,0,JAWA TIMUR,KOTA BATU,JUNREJO,TLEKUNG,BATU
5331868775,,ODP-PKS-FG/32,-7.931718,112.704214,,,7,1,0,0,8,REGIONAL 5,MALANG,MALANG,PKS,PAKIS,,2024-03-16 23:21:59,44069,2020,8,NON TITO,,,JAWA TIMUR,0.125,GREEN,837658069,AREA 3,JATIM,MALANG,MALANG,,,0,0,0,JAWA TIMUR,MALANG,PAKIS,SAPTORENGGO,BATU
5331868780,,ODP-PKS-FG/40,-7.932272,112.702552,,,6,2,0,0,8,REGIONAL 5,MALANG,MALANG,PKS,PAKIS,,2024-03-16 23:22:20,44069,2020,8,NON TITO,,,JAWA TIMUR,0.25,GREEN,837658072,AREA 3,JATIM,MALANG,MALANG,,,0,0,0,JAWA TIMUR,MALANG,PAKIS,SAPTORENGGO,BATU
11246593756,,ODP-BLB-FCD/58,-7.930935,112.652148,,,13,3,0,0,16,REGIONAL 5,MALANG,MALANG,BLB,BLIMBING,,2024-03-16 23:28:27,45299,2024,1,NON TITO,,,JAWA TIMUR,0.1875,GREEN,1396861672,AREA 3,JATIM,MALANG,MALANG,,,0,0,0,JAWA TIMUR,KOTA MALANG,BLIMBING,ARJOSARI,BATU
3304395223,,ODP-LWG-FA/49,-7.821529,112.718316,,,7,1,0,0,8,REGIONAL 5,MALANG,MALANG,LWG,LAWANG,,2024-03-16 23:26:45,43504,2019,2,NON TITO,,,JAWA TIMUR,0.125,GREEN,507676038,AREA 3,JATIM,MALANG,MALANG,,,0,0,0,JAWA TIMUR,MALANG,LAWANG,SUMBER PORONG,BATU
5363893546,,ODP-PKS-FL/35,-7.962014,112.696398,,,12,4,0,0,16,REGIONAL 5,MALANG,MALANG,PKS,PAKIS,,2024-03-16 23:29:14,44075,2020,9,NON TITO,,,JAWA TIMUR,0.25,GREEN,840719850,AREA 3,JATIM,MALANG,MALANG,,,0,0,0,JAWA TIMUR,MALANG,PAKIS,BUNUTWETAN,BATU
11179993551,,ODP-TMP-FA/140,-8.0469,112.8025,,,6,2,0,0,8,REGIONAL 5,MALANG,MALANG,TMP,TUMPANG,,2024-03-16 23:23:31,45280,2023,12,NON TITO,,,JAWA TIMUR,0.25,GREEN,1388829081,AREA 3,JATIM,MALANG,MALANG,,,0,0,0,JAWA TIMUR,MALANG,PONCOKUSUMO,PONCOKUSUMO,BATU
11033218968,,ODP-LWG-FQ/11,-7.856718,112.691486,,,14,2,0,0,16,REGIONAL 5,MALANG,MALANG,LWG,LAWANG,,2024-03-16 23:24:50,45261,2023,12,NON TITO,,,JAWA TIMUR,0.125,GREEN,1367588593,AREA 3,JATIM,MALANG,MALANG,,,0,0,0,JAWA TIMUR,MALANG,LAWANG,BEDALI,BATU
11033218953,,ODP-LWG-FQ/09,-7.856692,112.697105,,,5,3,0,0,8,REGIONAL 5,MALANG,MALANG,LWG,LAWANG,,2024-03-16 23:24:49,45261,2023,12,NON TITO,,,JAWA TIMUR,0.375,GREEN,1367588580,AREA 3,JATIM,MALANG,MALANG,,,0,0,0,JAWA TIMUR,MALANG,LAWANG,SIDODADI,BATU
11033218948,,ODP-LWG-FQ/03,-7.858737,112.699549,,,6,2,0,0,8,REGIONAL 5,MALANG,MALANG,LWG,LAWANG,,2024-03-16 23:24:50,45261,2023,12,NON TITO,,,JAWA TIMUR,0.25,GREEN,1367588576,AREA 3,JATIM,MALANG,MALANG,,,0,0,0,JAWA TIMUR,MALANG,LAWANG,SIDODADI,BATU
288154115,,ODP-BLB-FBM/09,-7.943,112.655,,,11,5,0,0,16,REGIONAL 5,MALANG,MALANG,BLB,BLIMBING,,2024-03-16 23:28:31,42483,2016,4,NON TITO,,,JAWA TIMUR,0.3125,GREEN,19475711,AREA 3,JATIM,MALANG,MALANG,,,0,0,0,JAWA TIMUR,KOTA MALANG,BLIMBING,PURWODADI,BATU
11033218943,,ODP-LWG-FQ/07,-7.856604,112.697713,,,7,1,0,0,8,REGIONAL 5,MALANG,MALANG,LWG,LAWANG,,2024-03-16 23:24:45,45261,2023,12,NON TITO,,,JAWA TIMUR,0.125,GREEN,1367588573,AREA 3,JATIM,MALANG,MALANG,,,0,0,0,JAWA TIMUR,MALANG,LAWANG,SIDODADI,BATU
288154194,,ODP-BLB-FDA/08,-7.942411,112.670821,,,13,3,0,0,16,REGIONAL 5,MALANG,MALANG,BLB,BLIMBING,,2024-03-16 23:28:52,42483,2016,4,NON TITO,,,JAWA TIMUR,0.1875,GREEN,19475763,AREA 3,JATIM,MALANG,MALANG,,,0,0,0,JAWA TIMUR,MALANG,PAKIS,TIRTOMOYO,BATU
11033218933,,ODP-LWG-FQ/01,-7.858429,112.700321,,,6,2,0,0,8,REGIONAL 5,MALANG,MALANG,LWG,LAWANG,,2024-03-16 23:24:39,45261,2023,12,NON TITO,,,JAWA TIMUR,0.25,GREEN,1367588567,AREA 3,JATIM,MALANG,MALANG,,,0,0,0,JAWA TIMUR,MALANG,LAWANG,SIDODADI,BATU
288154241,,ODP-BLB-FBZ/05,-7.9692,112.653,,,11,5,0,0,16,REGIONAL 5,MALANG,MALANG,BLB,BLIMBING,,2024-03-16 23:28:55,42483,2016,4,NON TITO,,,JAWA TIMUR,0.3125,GREEN,19475795,AREA 3,JATIM,MALANG,MALANG,,,0,0,0,JAWA TIMUR,KOTA MALANG,BLIMBING,BUNULREJO,BATU
11036518960,,ODP-LWG-FP/39,-7.851052,112.69423,,,7,1,0,0,8,REGIONAL 5,MALANG,MALANG,LWG,LAWANG,,2024-03-16 23:22:43,45261,2023,12,NON TITO,,,JAWA TIMUR,0.125,GREEN,1367436357,AREA 3,JATIM,MALANG,MALANG,,,0,0,0,JAWA TIMUR,MALANG,LAWANG,BEDALI,BATU
11037794236,,ODP-BLB-FDT/41,-7.952365,112.640197,,,12,4,0,0,16,REGIONAL 5,MALANG,MALANG,BLB,BLIMBING,,2024-03-16 23:21:25,45259,2023,11,NON TITO,,,JAWA TIMUR,0.25,GREEN,1348836491,AREA 3,JATIM,MALANG,MALANG,,,0,0,0,JAWA TIMUR,KOTA MALANG,BLIMBING,PURWANTORO,BATU
11037794196,,ODP-BLB-FDT/54,-7.946463,112.64163,,,12,4,0,0,16,REGIONAL 5,MALANG,MALANG,BLB,BLIMBING,,2024-03-16 23:22:37,45259,2023,11,NON TITO,,,JAWA TIMUR,0.25,GREEN,1348836465,AREA 3,JATIM,MALANG,MALANG,,,0,0,0,JAWA TIMUR,KOTA MALANG,BLIMBING,PURWANTORO,BATU
11037794191,,ODP-BLB-FDT/53,-7.946807,112.642377,,,11,5,0,0,16,REGIONAL 5,MALANG,MALANG,BLB,BLIMBING,,2024-03-16 23:22:38,45259,2023,11,NON TITO,,,JAWA TIMUR,0.3125,GREEN,1348836462,AREA 3,JATIM,MALANG,MALANG,,,0,0,0,JAWA TIMUR,KOTA MALANG,BLIMBING,PURWANTORO,BATU
11037794186,,ODP-BLB-FDT/51,-7.947315,112.640277,,,5,3,0,0,8,REGIONAL 5,MALANG,MALANG,BLB,BLIMBING,,2024-03-16 23:22:39,45259,2023,11,NON TITO,,,JAWA TIMUR,0.375,GREEN,1348836459,AREA 3,JATIM,MALANG,MALANG,,,0,0,0,JAWA TIMUR,KOTA MALANG,BLIMBING,PURWANTORO,BATU
288154446,,GCL-TMP-F01/11,-8.0051,112.7447,,,11,5,0,0,16,REGIONAL 5,MALANG,MALANG,TMP,TUMPANG,,2024-03-16 23:28:56,42483,2016,4,NON TITO,,,JAWA TIMUR,0.3125,GREEN,19475920,AREA 3,JATIM,MALANG,MALANG,,,0,0,0,JAWA TIMUR,MALANG,TUMPANG,BOKOR,BATU
5409870649,,ODP-PKS-FZ/37,-7.939326,112.691321,,,7,1,0,0,8,REGIONAL 5,MALANG,MALANG,PKS,PAKIS,,2024-03-16 23:27:39,44093,2020,9,NON TITO,,,JAWA TIMUR,0.125,GREEN,841290546,AREA 3,JATIM,MALANG,MALANG,,,0,0,0,JAWA TIMUR,MALANG,PAKIS,SAPTORENGGO,BATU
5409870659,,ODP-PKS-FZ/04,-7.938605,112.692513,,,5,3,0,0,8,REGIONAL 5,MALANG,MALANG,PKS,PAKIS,,2024-03-16 23:28:55,44093,2020,9,NON TITO,,,JAWA TIMUR,0.375,GREEN,841290549,AREA 3,JATIM,MALANG,MALANG,,,0,0,0,JAWA TIMUR,MALANG,PAKIS,SAPTORENGGO,BATU
11034793723,,ODP-BTU-FF/117,-7.890754,112.527834,,,7,1,0,0,8,REGIONAL 5,MALANG,BATU,BTU,BATU,,2024-03-16 23:24:52,45259,2023,11,NON TITO,,,JAWA TIMUR,0.125,GREEN,1348387762,AREA 3,JATIM,MALANG,MALANG,,,0,0,0,JAWA TIMUR,KOTA BATU,BATU,ORO-ORO OMBO,BATU
5409870699,,ODP-PKS-FZ/17,-7.938802,112.690523,,,6,2,0,0,8,REGIONAL 5,MALANG,MALANG,PKS,PAKIS,,2024-03-16 23:28:33,44093,2020,9,NON TITO,,,JAWA TIMUR,0.25,GREEN,841290565,AREA 3,JATIM,MALANG,MALANG,,,0,0,0,JAWA TIMUR,MALANG,PAKIS,SAPTORENGGO,BATU
5431318528,,ODP-BLB-FBY/61,-7.968338,112.649613,,,7,1,0,0,8,REGIONAL 5,MALANG,MALANG,BLB,BLIMBING,,2024-03-16 23:28:06,44097,2020,9,NON TITO,,,JAWA TIMUR,0.125,GREEN,841306922,AREA 3,JATIM,MALANG,MALANG,,,0,0,0,JAWA TIMUR,KOTA MALANG,BLIMBING,BUNULREJO,BATU
5431318548,,ODP-BLB-FBY/81,-7.964177,112.649969,,,5,3,0,0,8,REGIONAL 5,MALANG,MALANG,BLB,BLIMBING,,2024-03-16 23:28:23,44097,2020,9,NON TITO,,,JAWA TIMUR,0.375,GREEN,841306934,AREA 3,JATIM,MALANG,MALANG,,,0,0,0,JAWA TIMUR,KOTA MALANG,BLIMBING,PANDANWANGI,BATU
5431318568,,ODP-BLB-FBY/59,-7.96802,112.650511,,,5,3,0,0,8,REGIONAL 5,MALANG,MALANG,BLB,BLIMBING,,2024-03-16 23:27:57,44097,2020,9,NON TITO,,,JAWA TIMUR,0.375,GREEN,841306946,AREA 3,JATIM,MALANG,MALANG,,,0,0,0,JAWA TIMUR,KOTA MALANG,BLIMBING,BUNULREJO,BATU
288154031,,ODP-BLB-FCE/03,-7.9407,112.6314,,,15,1,0,0,16,REGIONAL 5,MALANG,MALANG,BLB,BLIMBING,,2024-03-16 23:28:31,42483,2016,4,NON TITO,,,JAWA TIMUR,0.0625,GREEN,19475659,AREA 3,JATIM,MALANG,MALANG,,,0,0,0,JAWA TIMUR,KOTA MALANG,LOWOKWARU,MOJOLANGU,BATU
5363893549,,ODP-PKS-FL/33,-7.963884,112.694236,,,11,5,0,0,16,REGIONAL 5,MALANG,MALANG,PKS,PAKIS,,2024-03-16 23:29:19,44075,2020,9,NON TITO,,,JAWA TIMUR,0.3125,GREEN,840719852,AREA 3,JATIM,MALANG,MALANG,,,0,0,0,JAWA TIMUR,MALANG,PAKIS,ASRIKATON,BATU
11130793827,,ODP-BTU-FF/118,-7.893311,112.531902,,,6,2,0,0,8,REGIONAL 5,MALANG,BATU,BTU,BATU,,2024-03-16 23:28:38,45271,2023,12,NON TITO,,,JAWA TIMUR,0.25,GREEN,1367636689,AREA 3,JATIM,MALANG,MALANG,,,0,0,0,JAWA TIMUR,KOTA BATU,BATU,ORO-ORO OMBO,BATU
11146468669,,ODP-LWG-FQ/26,-7.861526,112.689225,,,6,2,0,0,8,REGIONAL 5,MALANG,MALANG,LWG,LAWANG,,2024-03-16 23:25:06,45273,2023,12,NON TITO,,,JAWA TIMUR,0.25,GREEN,1388513313,AREA 3,JATIM,MALANG,MALANG,,,0,0,0,JAWA TIMUR,MALANG,LAWANG,BEDALI,BATU
5372593628,,ODP-BLB-FAS/05,-7.930388,112.619455,,,6,2,0,0,8,REGIONAL 5,MALANG,MALANG,BLB,BLIMBING,,2024-03-16 23:26:50,44076,2020,9,NON TITO,,,JAWA TIMUR,0.25,GREEN,840870399,AREA 3,JATIM,MALANG,MALANG,,,0,0,0,JAWA TIMUR,KOTA MALANG,LOWOKWARU,TUNGGULWULUNG,BATU
5372593633,,ODP-BLB-FAS/08,-7.932152,112.620719,,,6,2,0,0,8,REGIONAL 5,MALANG,MALANG,BLB,BLIMBING,,2024-03-16 23:26:44,44076,2020,9,NON TITO,,,JAWA TIMUR,0.25,GREEN,840870403,AREA 3,JATIM,MALANG,MALANG,,,0,0,0,JAWA TIMUR,KOTA MALANG,LOWOKWARU,TUNGGULWULUNG,BATU
5372593638,,ODP-BLB-FAS/10,-7.931566,112.620647,,,6,2,0,0,8,REGIONAL 5,MALANG,MALANG,BLB,BLIMBING,,2024-03-16 23:26:57,44076,2020,9,NON TITO,,,JAWA TIMUR,0.25,GREEN,840870407,AREA 3,JATIM,MALANG,MALANG,,,0,0,0,JAWA TIMUR,KOTA MALANG,LOWOKWARU,TUNGGULWULUNG,BATU
11146844479,,ODP-KPO-FBF/49,-7.905917,112.56248,,,10,6,0,0,16,REGIONAL 5,MALANG,BATU,KPO,KARANGPLOSO,,2024-03-16 23:29:05,45279,2023,12,NON TITO,,,JAWA TIMUR,0.375,GREEN,1388822164,AREA 3,JATIM,MALANG,MALANG,,,0,0,0,JAWA TIMUR,KOTA BATU,JUNREJO,MOJOREJO,BATU
288153372,,ODP-BLB-FBZ/12,-7.9694,112.6538,,,9,6,0,0,16,REGIONAL 5,MALANG,MALANG,BLB,BLIMBING,,2024-03-16 23:27:20,42483,2016,4,NON TITO,,,JAWA TIMUR,0.375,GREEN,19475228,AREA 3,JATIM,MALANG,MALANG,,,0,0,0,JAWA TIMUR,KOTA MALANG,BLIMBING,BUNULREJO,BATU
288153391,,ODP-BLB-FBF/07,-7.925575,112.654409,,,10,6,0,0,16,REGIONAL 5,MALANG,MALANG,BLB,BLIMBING,,2024-03-16 23:28:27,42483,2016,4,NON TITO,,,JAWA TIMUR,0.375,GREEN,19475240,AREA 3,JATIM,MALANG,MALANG,,,0,0,0,JAWA TIMUR,KOTA MALANG,BLIMBING,BALEARJOSARI,BATU
5372593658,,ODP-BLB-FAS/13,-7.931709,112.619246,,,5,3,0,0,8,REGIONAL 5,MALANG,MALANG,BLB,BLIMBING,,2024-03-16 23:26:31,44076,2020,9,NON TITO,,,JAWA TIMUR,0.375,GREEN,840870420,AREA 3,JATIM,MALANG,MALANG,,,0,0,0,JAWA TIMUR,KOTA MALANG,LOWOKWARU,TUNGGULWULUNG,BATU
11154943819,,ODP-PKS-FW/55,-7.929844,112.744792,,,12,4,0,0,16,REGIONAL 5,MALANG,MALANG,PKS,PAKIS,,2024-03-16 23:24:13,45279,2023,12,NON TITO,,,JAWA TIMUR,0.25,GREEN,1388821027,AREA 3,JATIM,MALANG,MALANG,,,0,0,0,JAWA TIMUR,MALANG,JABUNG,KEMANTREN,BATU
11154943797,,ODP-PKS-FW/57,-7.931865,112.744955,,,5,3,0,0,8,REGIONAL 5,MALANG,MALANG,PKS,PAKIS,,2024-03-16 23:24:09,45279,2023,12,NON TITO,,,JAWA TIMUR,0.375,GREEN,1388821014,AREA 3,JATIM,MALANG,MALANG,,,0,0,0,JAWA TIMUR,MALANG,JABUNG,KEMANTREN,BATU
11154943792,,ODP-PKS-FW/26,-7.94785,112.746629,,,6,2,0,0,8,REGIONAL 5,MALANG,MALANG,PKS,PAKIS,,2024-03-16 23:23:54,45279,2023,12,NON TITO,,,JAWA TIMUR,0.25,GREEN,1388821011,AREA 3,JATIM,MALANG,MALANG,,,0,0,0,JAWA TIMUR,MALANG,JABUNG,KEMANTREN,BATU
288153518,,ODP-BLB-FCK/24,-7.9465,112.6343,,,10,6,0,0,16,REGIONAL 5,MALANG,MALANG,BLB,BLIMBING,,2024-03-16 23:28:38,42483,2016,4,NON TITO,,,JAWA TIMUR,0.375,GREEN,19475318,AREA 3,JATIM,MALANG,MALANG,,,0,0,0,JAWA TIMUR,KOTA MALANG,LOWOKWARU,TULUSREJO,BATU
5372593663,,ODP-BLB-FAS/07,-7.932454,112.620566,,,5,3,0,0,8,REGIONAL 5,MALANG,MALANG,BLB,BLIMBING,,2024-03-16 23:26:50,44076,2020,9,NON TITO,,,JAWA TIMUR,0.375,GREEN,840870423,AREA 3,JATIM,MALANG,MALANG,,,0,0,0,JAWA TIMUR,KOTA MALANG,LOWOKWARU,TUNGGULWULUNG,BATU
288153622,,ODP-BLB-FBM/06,-7.9432,112.6551,,,5,3,0,0,8,REGIONAL 5,MALANG,MALANG,BLB,BLIMBING,,2024-03-16 23:28:28,42483,2016,4,NON TITO,,,JAWA TIMUR,0.375,GREEN,19475391,AREA 3,JATIM,MALANG,MALANG,,,0,0,0,JAWA TIMUR,KOTA MALANG,BLIMBING,PURWODADI,BATU
11146395618,,ODP-TMP-FB/41,-8.005636,112.761669,,,11,5,0,0,16,REGIONAL 5,MALANG,MALANG,TMP,TUMPANG,,2024-03-16 23:23:49,45278,2023,12,NON TITO,,,JAWA TIMUR,0.3125,GREEN,1388819943,AREA 3,JATIM,MALANG,MALANG,,,0,0,0,JAWA TIMUR,MALANG,TUMPANG,TUMPANG,BATU
5372593668,,ODP-BLB-FAS/11,-7.931236,112.620109,,,5,3,0,0,8,REGIONAL 5,MALANG,MALANG,BLB,BLIMBING,,2024-03-16 23:26:02,44076,2020,9,NON TITO,,,JAWA TIMUR,0.375,GREEN,840870427,AREA 3,JATIM,MALANG,MALANG,,,0,0,0,JAWA TIMUR,KOTA MALANG,LOWOKWARU,TUNGGULWULUNG,BATU
5372593673,,ODP-BLB-FAS/09,-7.931855,112.620887,,,5,3,0,0,8,REGIONAL 5,MALANG,MALANG,BLB,BLIMBING,,2024-03-16 23:27:01,44076,2020,9,NON TITO,,,JAWA TIMUR,0.375,GREEN,840870430,AREA 3,JATIM,MALANG,MALANG,,,0,0,0,JAWA TIMUR,KOTA MALANG,LOWOKWARU,TUNGGULWULUNG,BATU
11153593869,,ODP-BTU-FAG/109,-7.836411,112.528683,,,10,6,0,0,16,REGIONAL 5,MALANG,BATU,BTU,BATU,,2024-03-16 23:22:24,45278,2023,12,NON TITO,,,JAWA TIMUR,0.375,GREEN,1388819673,AREA 3,JATIM,MALANG,MALANG,,,0,0,0,JAWA TIMUR,KOTA BATU,BUMIAJI,PUNTEN,BATU
11155243740,,ODP-TMP-FB/38,-8.006168,112.758652,,,11,5,0,0,16,REGIONAL 5,MALANG,MALANG,TMP,TUMPANG,,2024-03-16 23:25:07,45275,2023,12,NON TITO,,,JAWA TIMUR,0.3125,GREEN,1388664158,AREA 3,JATIM,MALANG,MALANG,,,0,0,0,JAWA TIMUR,MALANG,TUMPANG,TUMPANG,BATU
5372593683,,ODP-BLB-FAS/03,-7.929609,112.617816,,,6,2,0,0,8,REGIONAL 5,MALANG,MALANG,BLB,BLIMBING,,2024-03-16 23:27:05,44076,2020,9,NON TITO,,,JAWA TIMUR,0.25,GREEN,840870438,AREA 3,JATIM,MALANG,MALANG,,,0,0,0,JAWA TIMUR,KOTA MALANG,LOWOKWARU,TUNGGULWULUNG,BATU
288153857,,ODP-BLB-FCE/11,-7.9427,112.6315,,,11,5,0,0,16,REGIONAL 5,MALANG,MALANG,BLB,BLIMBING,,2024-03-16 23:28:33,42483,2016,4,NON TITO,,,JAWA TIMUR,0.3125,GREEN,19475549,AREA 3,JATIM,MALANG,MALANG,,,0,0,0,JAWA TIMUR,KOTA MALANG,LOWOKWARU,MOJOLANGU,BATU
11153219128,,ODP-TMP-FB/40,-8.005639,112.762951,,,14,2,0,0,16,REGIONAL 5,MALANG,MALANG,TMP,TUMPANG,,2024-03-16 23:26:57,45273,2023,12,NON TITO,,,JAWA TIMUR,0.125,GREEN,1388514077,AREA 3,JATIM,MALANG,MALANG,,,0,0,0,JAWA TIMUR,MALANG,TUMPANG,TUMPANG,BATU
11148718782,,ODP-TMP-FA/23,-8.037573,112.768857,,,5,3,0,0,8,REGIONAL 5,MALANG,MALANG,TMP,TUMPANG,,2024-03-16 23:23:37,45273,2023,12,NON TITO,,,JAWA TIMUR,0.375,GREEN,1367647530,AREA 3,JATIM,MALANG,MALANG,,,0,0,0,JAWA TIMUR,MALANG,PONCOKUSUMO,BELUNG,BATU
5431318573,,ODP-BLB-FBY/54,-7.971879,112.652404,,,6,2,0,0,8,REGIONAL 5,MALANG,MALANG,BLB,BLIMBING,,2024-03-16 23:28:15,44097,2020,9,NON TITO,,,JAWA TIMUR,0.25,GREEN,841306949,AREA 3,JATIM,MALANG,MALANG,,,0,0,0,JAWA TIMUR,KOTA MALANG,BLIMBING,BUNULREJO,BATU
3288043592,,ODP-BLB-FCN/71,-7.953249,112.626259,,,11,4,0,0,16,REGIONAL 5,MALANG,MALANG,BLB,BLIMBING,,2024-03-16 23:24:20,43493,2019,1,NON TITO,,,JAWA TIMUR,0.25,GREEN,513762658,AREA 3,JATIM,MALANG,MALANG,,,0,0,0,JAWA TIMUR,KOTA MALANG,LOWOKWARU,LOWOKWARU,BATU
11341093533,,ODP-TMP-FE/132,-7.9872,112.7598,,,5,3,0,0,8,REGIONAL 5,MALANG,MALANG,TMP,TUMPANG,,2024-03-16 23:24:52,45325,2024,2,NON TITO,,,JAWA TIMUR,0.375,GREEN,1406343272,AREA 3,JATIM,MALANG,MALANG,,,0,0,0,JAWA TIMUR,MALANG,TUMPANG,JERU,BATU
5262945483,,ODP-BLB-FBH/58,-7.92376,112.6322,,,6,2,0,0,8,REGIONAL 5,MALANG,MALANG,BLB,BLIMBING,,2024-03-16 23:25:05,44047,2020,8,NON TITO,,,JAWA TIMUR,0.25,GREEN,833823657,AREA 3,JATIM,MALANG,MALANG,,,0,0,0,JAWA TIMUR,KOTA MALANG,LOWOKWARU,TUNJUNGSEKAR,BATU
11362096337,,ODP-BLB-FCG/40,-7.937778,112.630677,,,12,4,0,0,16,REGIONAL 5,MALANG,MALANG,BLB,BLIMBING,,2024-03-16 23:27:17,45348,2024,2,NON TITO,,,JAWA TIMUR,0.25,GREEN,1414022662,AREA 3,JATIM,MALANG,MALANG,,,0,0,0,JAWA TIMUR,KOTA MALANG,LOWOKWARU,MOJOLANGU,BATU
11364493706,,ODP-LWG-FAH/13,-7.811806,112.658184,,,7,1,0,0,8,REGIONAL 5,MALANG,MALANG,LWG,LAWANG,,2024-03-16 23:29:08,45344,2024,2,NON TITO,,,JAWA TIMUR,0.125,GREEN,1411312730,AREA 3,JATIM,MALANG,MALANG,,,0,0,0,JAWA TIMUR,MALANG,LAWANG,WONOREJO,BATU
11364868661,,ODP-KPO-FB/49,-7.920407,112.592972,,,12,4,0,0,16,REGIONAL 5,MALANG,BATU,KPO,KARANGPLOSO,,2024-03-16 23:24:46,45344,2024,2,NON TITO,,,JAWA TIMUR,0.25,GREEN,1411312009,AREA 3,JATIM,MALANG,MALANG,,,0,0,0,JAWA TIMUR,MALANG,DAU,MULYOAGUNG,BATU
5311769161,,ODP-PKS-FG/07,-7.932366,112.707537,,,7,1,0,0,8,REGIONAL 5,MALANG,MALANG,PKS,PAKIS,,2024-03-16 23:23:44,44054,2020,8,NON TITO,,,JAWA TIMUR,0.125,GREEN,835177429,AREA 3,JATIM,MALANG,MALANG,,,0,0,0,JAWA TIMUR,MALANG,PAKIS,SAPTORENGGO,BATU
5311769170,,ODP-PKS-FG/05,-7.933502,112.706015,,,5,3,0,0,8,REGIONAL 5,MALANG,MALANG,PKS,PAKIS,,2024-03-16 23:24:10,44054,2020,8,NON TITO,,,JAWA TIMUR,0.375,GREEN,835177435,AREA 3,JATIM,MALANG,MALANG,,,0,0,0,JAWA TIMUR,MALANG,PAKIS,SAPTORENGGO,BATU
5311769176,,ODP-PKS-FG/20,-7.934268,112.702959,,,5,3,0,0,8,REGIONAL 5,MALANG,MALANG,PKS,PAKIS,,2024-03-16 23:24:13,44054,2020,8,NON TITO,,,JAWA TIMUR,0.375,GREEN,835177439,AREA 3,JATIM,MALANG,MALANG,,,0,0,0,JAWA TIMUR,MALANG,PAKIS,SAPTORENGGO,BATU
5311769179,,ODP-PKS-FG/21,-7.93403,112.702204,,,6,2,0,0,8,REGIONAL 5,MALANG,MALANG,PKS,PAKIS,,2024-03-16 23:24:24,44054,2020,8,NON TITO,,,JAWA TIMUR,0.25,GREEN,835177441,AREA 3,JATIM,MALANG,MALANG,,,0,0,0,JAWA TIMUR,MALANG,PAKIS,SAPTORENGGO,BATU
288143825,,ODP-BLB-FT/85,-7.9444,112.6233,,,9,5,0,0,16,REGIONAL 5,MALANG,MALANG,BLB,BLIMBING,,2024-03-16 23:25:33,42483,2016,4,NON TITO,,,JAWA TIMUR,0.3125,GREEN,19469249,AREA 3,JATIM,MALANG,MALANG,,,0,0,0,JAWA TIMUR,KOTA MALANG,LOWOKWARU,TULUSREJO,BATU
11363295162,,ODP-BLB-FEA/40,-7.947174,112.646968,,,10,6,0,0,16,REGIONAL 5,MALANG,MALANG,BLB,BLIMBING,,2024-03-16 23:24:25,45345,2024,2,NON TITO,,,JAWA TIMUR,0.375,GREEN,1409359371,AREA 3,JATIM,MALANG,MALANG,,,0,0,0,JAWA TIMUR,KOTA MALANG,BLIMBING,BLIMBING,BATU
288143937,,ODP-BLB-FAH/30,-7.9431,112.6393,,,9,6,0,0,16,REGIONAL 5,MALANG,MALANG,BLB,BLIMBING,,2024-03-16 23:26:28,42483,2016,4,NON TITO,,,JAWA TIMUR,0.375,GREEN,19469312,AREA 3,JATIM,MALANG,MALANG,,,0,0,0,JAWA TIMUR,KOTA MALANG,BLIMBING,BLIMBING,BATU
5311769200,,ODP-PKS-FG/16,-7.935286,112.70568,,,5,3,0,0,8,REGIONAL 5,MALANG,MALANG,PKS,PAKIS,,2024-03-16 23:24:12,44054,2020,8,NON TITO,,,JAWA TIMUR,0.375,GREEN,835177455,AREA 3,JATIM,MALANG,MALANG,,,0,0,0,JAWA TIMUR,MALANG,PAKIS,SAPTORENGGO,BATU
5311769212,,ODP-PKS-FG/06,-7.934363,112.705491,,,7,1,0,0,8,REGIONAL 5,MALANG,MALANG,PKS,PAKIS,,2024-03-16 23:23:46,44054,2020,8,NON TITO,,,JAWA TIMUR,0.125,GREEN,835177463,AREA 3,JATIM,MALANG,MALANG,,,0,0,0,JAWA TIMUR,MALANG,PAKIS,SAPTORENGGO,BATU
5311769215,,ODP-PKS-FG/12,-7.9333,112.707995,,,7,1,0,0,8,REGIONAL 5,MALANG,MALANG,PKS,PAKIS,,2024-03-16 23:24:35,44054,2020,8,NON TITO,,,JAWA TIMUR,0.125,GREEN,835177465,AREA 3,JATIM,MALANG,MALANG,,,0,0,0,JAWA TIMUR,MALANG,PAKIS,SAPTORENGGO,BATU
5311769218,,ODP-PKS-FG/04,-7.933209,112.706218,,,7,1,0,0,8,REGIONAL 5,MALANG,MALANG,PKS,PAKIS,,2024-03-16 23:24:26,44054,2020,8,NON TITO,,,JAWA TIMUR,0.125,GREEN,835177467,AREA 3,JATIM,MALANG,MALANG,,,0,0,0,JAWA TIMUR,MALANG,PAKIS,SAPTORENGGO,BATU
288144090,,ODP-SGS-FE/11,-7.8814,112.6739,,,8,6,0,0,16,REGIONAL 5,MALANG,MALANG,SGS,SINGOSARI,,2024-03-16 23:25:46,42483,2016,4,NON TITO,,,JAWA TIMUR,0.375,GREEN,19469398,AREA 3,JATIM,MALANG,MALANG,,,0,0,0,JAWA TIMUR,MALANG,SINGOSARI,ARDIMULYO,BATU
5308619113,,ODP-BLB-FCS/01,-7.911995,112.639706,,,9,6,1,0,16,REGIONAL 5,MALANG,MALANG,BLB,BLIMBING,,2024-03-16 23:22:16,44055,2020,8,NON TITO,,,JAWA TIMUR,0.375,GREEN,835178685,AREA 3,JATIM,MALANG,MALANG,,,0,0,0,JAWA TIMUR,MALANG,SINGOSARI,TUNJUNGTIRTO,BATU
288144169,,ODP-BLB-FAA/47,-7.937533,112.635601,,,10,5,0,0,16,REGIONAL 5,MALANG,MALANG,BLB,BLIMBING,,2024-03-16 23:26:27,42483,2016,4,NON TITO,,,JAWA TIMUR,0.3125,GREEN,19469444,AREA 3,JATIM,MALANG,MALANG,,,0,0,0,JAWA TIMUR,KOTA MALANG,LOWOKWARU,TUNJUNGSEKAR,BATU
288144186,,ODP-BLB-FAA/45,-7.9372,112.6337,,,14,2,0,0,16,REGIONAL 5,MALANG,MALANG,BLB,BLIMBING,,2024-03-16 23:25:17,42483,2016,4,NON TITO,,,JAWA TIMUR,0.125,GREEN,19469453,AREA 3,JATIM,MALANG,MALANG,,,0,0,0,JAWA TIMUR,KOTA MALANG,LOWOKWARU,MOJOLANGU,BATU
288144471,,ODP-BLB-FT/94,-7.947234,112.625444,,,11,5,0,0,16,REGIONAL 5,MALANG,MALANG,BLB,BLIMBING,,2024-03-16 23:25:28,42483,2016,4,NON TITO,,,JAWA TIMUR,0.3125,GREEN,19469613,AREA 3,JATIM,MALANG,MALANG,,,0,0,0,JAWA TIMUR,KOTA MALANG,LOWOKWARU,JATIMULYO,BATU
288144555,,ODP-BLB-FG/37,-7.9407,112.6429,,,11,5,0,0,16,REGIONAL 5,MALANG,MALANG,BLB,BLIMBING,,2024-03-16 23:25:12,42483,2016,4,NON TITO,,,JAWA TIMUR,0.3125,GREEN,19469661,AREA 3,JATIM,MALANG,MALANG,,,0,0,0,JAWA TIMUR,KOTA MALANG,BLIMBING,BLIMBING,BATU
11363521228,,ODP-SGS-FK/47,-7.914129,112.660856,,,14,2,0,0,16,REGIONAL 5,MALANG,MALANG,SGS,SINGOSARI,,2024-03-16 23:24:02,45349,2024,2,NON TITO,,,JAWA TIMUR,0.125,GREEN,1414025956,AREA 3,JATIM,MALANG,MALANG,,,0,0,0,JAWA TIMUR,MALANG,SINGOSARI,BANJARARUM,BATU
3353894313,,ODP-BLB-FCR/12,-7.940957,112.622409,,,5,3,0,0,8,REGIONAL 5,MALANG,MALANG,BLB,BLIMBING,,2024-03-16 23:22:45,43510,2019,2,NON TITO,,,JAWA TIMUR,0.375,GREEN,540200153,AREA 3,JATIM,MALANG,MALANG,,,0,0,0,JAWA TIMUR,KOTA MALANG,LOWOKWARU,TULUSREJO,BATU
5262945459,,ODP-BLB-FBH/59,-7.924094,112.63237,,,6,2,0,0,8,REGIONAL 5,MALANG,MALANG,BLB,BLIMBING,,2024-03-16 23:25:38,44047,2020,8,NON TITO,,,JAWA TIMUR,0.25,GREEN,833823637,AREA 3,JATIM,MALANG,MALANG,,,0,0,0,JAWA TIMUR,KOTA MALANG,LOWOKWARU,TUNJUNGSEKAR,BATU
11388793533,,ODP-PKS-FB/57,-7.970258,112.739691,,,6,2,0,0,8,REGIONAL 5,MALANG,MALANG,PKS,PAKIS,,2024-03-16 23:28:59,45352,2024,3,NON TITO,,,JAWA TIMUR,0.25,GREEN,1414045841,AREA 3,JATIM,MALANG,MALANG,,,0,0,0,JAWA TIMUR,MALANG,PAKIS,SUMBERPASIR,BATU
11401543661,,ODP-BLB-FAS/14,-7.93094,112.616226,,,6,2,0,0,8,REGIONAL 5,MALANG,MALANG,BLB,BLIMBING,,2024-03-19 00:31:19,45368,2024,3,NON TITO,,,JAWA TIMUR,0.25,GREEN,1419261708,AREA 3,JATIM,MALANG,MALANG,,,0,0,0,JAWA TIMUR,KOTA MALANG,LOWOKWARU,TUNGGULWULUNG,BATU
11401019367,,ODP-PKS-FP/41,-7.962555,112.695836,,,13,3,0,0,16,REGIONAL 5,MALANG,MALANG,PKS,PAKIS,,2024-03-19 00:39:11,45369,2024,3,NON TITO,,,JAWA TIMUR,0.1875,GREEN,1417871096,AREA 3,JATIM,MALANG,MALANG,,,0,0,0,JAWA TIMUR,MALANG,PAKIS,BUNUTWETAN,BATU
3385169157,,ODP-KPO-FBJ/21,-7.891216,112.611286,,,5,3,0,0,8,REGIONAL 5,MALANG,BATU,KPO,KARANGPLOSO,,2024-03-16 23:22:44,43516,2019,2,NON TITO,,,JAWA TIMUR,0.375,GREEN,562671857,AREA 3,JATIM,MALANG,MALANG,,,0,0,0,JAWA TIMUR,MALANG,KARANGPLOSO,NGENEP,BATU
5280943915,,ODP-BLB-FCY/01,-7.953117,112.638998,,,7,1,0,0,8,REGIONAL 5,MALANG,MALANG,BLB,BLIMBING,,2024-03-16 23:22:36,44042,2020,7,NON TITO,,,JAWA TIMUR,0.125,GREEN,833680261,AREA 3,JATIM,MALANG,MALANG,,,0,0,0,JAWA TIMUR,KOTA MALANG,BLIMBING,PURWANTORO,BATU
5280943920,,ODP-BLB-FCY/04,-7.957447,112.63804,,,6,2,0,0,8,REGIONAL 5,MALANG,MALANG,BLB,BLIMBING,,2024-03-16 23:22:39,44042,2020,7,NON TITO,,,JAWA TIMUR,0.25,GREEN,833680264,AREA 3,JATIM,MALANG,MALANG,,,0,0,0,JAWA TIMUR,KOTA MALANG,BLIMBING,PURWANTORO,BATU
288142284,,ODP-PKS-FB/10,-7.945089,112.748492,,,12,4,0,0,16,REGIONAL 5,MALANG,MALANG,PKS,PAKIS,,2024-03-16 23:25:12,42483,2016,4,NON TITO,,,JAWA TIMUR,0.25,GREEN,19468371,AREA 3,JATIM,MALANG,MALANG,,,0,0,0,JAWA TIMUR,MALANG,JABUNG,KEMANTREN,BATU
3385169122,,ODP-KPO-FBJ/20,-7.890999,112.610808,,,5,3,0,0,8,REGIONAL 5,MALANG,BATU,KPO,KARANGPLOSO,,2024-03-16 23:22:45,43516,2019,2,NON TITO,,,JAWA TIMUR,0.375,GREEN,562671833,AREA 3,JATIM,MALANG,MALANG,,,0,0,0,JAWA TIMUR,MALANG,KARANGPLOSO,NGENEP,BATU
3385169117,,ODP-KPO-FBJ/23,-7.889915,112.608896,,,7,1,0,0,8,REGIONAL 5,MALANG,BATU,KPO,KARANGPLOSO,,2024-03-16 23:22:06,43516,2019,2,NON TITO,,,JAWA TIMUR,0.125,GREEN,562671827,AREA 3,JATIM,MALANG,MALANG,,,0,0,0,JAWA TIMUR,MALANG,KARANGPLOSO,NGENEP,BATU
5258523068,,ODP-BLB-FCJ/02,-7.95344,112.624742,,,5,3,0,0,8,REGIONAL 5,MALANG,MALANG,BLB,BLIMBING,,2024-03-16 23:21:18,44043,2020,7,NON TITO,,,JAWA TIMUR,0.375,GREEN,833684605,AREA 3,JATIM,MALANG,MALANG,,,0,0,0,JAWA TIMUR,KOTA MALANG,LOWOKWARU,LOWOKWARU,BATU
5258523083,,ODP-BLB-FCJ/07,-7.95272,112.624742,,,4,3,1,0,8,REGIONAL 5,MALANG,MALANG,BLB,BLIMBING,,2024-03-16 23:21:18,44043,2020,7,NON TITO,,,JAWA TIMUR,0.375,GREEN,833684614,AREA 3,JATIM,MALANG,MALANG,,,0,0,0,JAWA TIMUR,KOTA MALANG,LOWOKWARU,LOWOKWARU,BATU
11381296373,,ODP-PKS-FZ/46,-7.937957,112.693678,,,7,1,0,0,8,REGIONAL 5,MALANG,MALANG,PKS,PAKIS,,2024-03-16 23:21:05,45358,2024,3,NON TITO,,,JAWA TIMUR,0.125,GREEN,1414072409,AREA 3,JATIM,MALANG,MALANG,,,0,0,0,JAWA TIMUR,MALANG,PAKIS,SAPTORENGGO,BATU
288142553,,ODP-BLB-FAV/39,-7.9563,112.6315,,,10,6,0,0,16,REGIONAL 5,MALANG,MALANG,BLB,BLIMBING,,2024-03-16 23:25:28,42483,2016,4,NON TITO,,,JAWA TIMUR,0.375,GREEN,19468522,AREA 3,JATIM,MALANG,MALANG,,,0,0,0,JAWA TIMUR,KOTA MALANG,LOWOKWARU,LOWOKWARU,BATU
11381296368,,ODP-PKS-FZ/53,-7.938432,112.693235,,,7,1,0,0,8,REGIONAL 5,MALANG,MALANG,PKS,PAKIS,,2024-03-16 23:22:06,45358,2024,3,NON TITO,,,JAWA TIMUR,0.125,GREEN,1414072406,AREA 3,JATIM,MALANG,MALANG,,,0,0,0,JAWA TIMUR,MALANG,PAKIS,SAPTORENGGO,BATU
5258523098,,ODP-BLB-FCJ/04,-7.95314,112.625108,,,6,2,0,0,8,REGIONAL 5,MALANG,MALANG,BLB,BLIMBING,,2024-03-16 23:25:11,44043,2020,7,NON TITO,,,JAWA TIMUR,0.25,GREEN,833684623,AREA 3,JATIM,MALANG,MALANG,,,0,0,0,JAWA TIMUR,KOTA MALANG,LOWOKWARU,LOWOKWARU,BATU
11381296358,,ODP-PKS-FZ/55,-7.939019,112.693075,,,6,2,0,0,8,REGIONAL 5,MALANG,MALANG,PKS,PAKIS,,2024-03-16 23:22:06,45358,2024,3,NON TITO,,,JAWA TIMUR,0.25,GREEN,1414072400,AREA 3,JATIM,MALANG,MALANG,,,0,0,0,JAWA TIMUR,MALANG,PAKIS,SAPTORENGGO,BATU
5262945393,,ODP-BLB-FBH/56,-7.923532,112.632438,,,5,3,0,0,8,REGIONAL 5,MALANG,MALANG,BLB,BLIMBING,,2024-03-16 23:25:20,44047,2020,8,NON TITO,,,JAWA TIMUR,0.375,GREEN,833823592,AREA 3,JATIM,MALANG,MALANG,,,0,0,0,JAWA TIMUR,KOTA MALANG,LOWOKWARU,TUNJUNGSEKAR,BATU
11381296333,,ODP-PKS-FZ/44,-7.937536,112.69352,,,6,2,0,0,8,REGIONAL 5,MALANG,MALANG,PKS,PAKIS,,2024-03-16 23:22:24,45358,2024,3,NON TITO,,,JAWA TIMUR,0.25,GREEN,1414072376,AREA 3,JATIM,MALANG,MALANG,,,0,0,0,JAWA TIMUR,MALANG,PAKIS,SAPTORENGGO,BATU
11381296323,,ODP-PKS-FZ/56,-7.939315,112.692949,,,5,3,0,0,8,REGIONAL 5,MALANG,MALANG,PKS,PAKIS,,2024-03-16 23:22:19,45358,2024,3,NON TITO,,,JAWA TIMUR,0.375,GREEN,1414072370,AREA 3,JATIM,MALANG,MALANG,,,0,0,0,JAWA TIMUR,MALANG,PAKIS,SAPTORENGGO,BATU
11381296308,,ODP-PKS-FZ/57,-7.939747,112.693154,,,6,2,0,0,8,REGIONAL 5,MALANG,MALANG,PKS,PAKIS,,2024-03-16 23:22:06,45358,2024,3,NON TITO,,,JAWA TIMUR,0.25,GREEN,1414072361,AREA 3,JATIM,MALANG,MALANG,,,0,0,0,JAWA TIMUR,MALANG,PAKIS,SAPTORENGGO,BATU
3371293590,,ODP-NTG-FB/23,-7.878081,112.38005,,,7,1,0,0,8,REGIONAL 5,MALANG,BATU,NTG,NGANTANG,,2024-03-16 23:24:36,43514,2019,2,NON TITO,,,JAWA TIMUR,0.125,GREEN,540553273,AREA 3,JATIM,MALANG,MALANG,,,0,0,0,JAWA TIMUR,MALANG,NGANTANG,MULYOREJO,BATU
11388793543,,ODP-PKS-FB/53,-7.966107,112.724467,,,5,3,0,0,8,REGIONAL 5,MALANG,MALANG,PKS,PAKIS,,2024-03-16 23:28:35,45352,2024,3,NON TITO,,,JAWA TIMUR,0.375,GREEN,1414045848,AREA 3,JATIM,MALANG,MALANG,,,0,0,0,JAWA TIMUR,MALANG,PAKIS,PAKISJAJAR,BATU
5262945444,,ODP-BLB-FBH/61,-7.924755,112.632727,,,5,3,0,0,8,REGIONAL 5,MALANG,MALANG,BLB,BLIMBING,,2024-03-16 23:24:54,44047,2020,8,NON TITO,,,JAWA TIMUR,0.375,GREEN,833823627,AREA 3,JATIM,MALANG,MALANG,,,0,0,0,JAWA TIMUR,KOTA MALANG,LOWOKWARU,TUNJUNGSEKAR,BATU
11338168651,,ODP-KPO-FBF/94,-7.917194,112.541028,,,7,1,0,0,8,REGIONAL 5,MALANG,BATU,KPO,KARANGPLOSO,,2024-03-16 23:22:46,45325,2024,2,NON TITO,,,JAWA TIMUR,0.125,GREEN,1406343223,AREA 3,JATIM,MALANG,MALANG,,,0,0,0,JAWA TIMUR,KOTA BATU,JUNREJO,TLEKUNG,BATU
288144900,,ODP-LWG-FD/02,-7.8216,112.6455,,,10,6,0,0,16,REGIONAL 5,MALANG,MALANG,LWG,LAWANG,,2024-03-16 23:25:53,42483,2016,4,NON TITO,,,JAWA TIMUR,0.375,GREEN,19469859,AREA 3,JATIM,MALANG,MALANG,,,0,0,0,JAWA TIMUR,MALANG,SINGOSARI,TOYOMARTO,BATU
288144973,,ODP-BLB-FAA/49,-7.936453,112.634831,,,3,3,0,0,8,REGIONAL 5,MALANG,MALANG,BLB,BLIMBING,,2024-03-16 23:26:26,42483,2016,4,NON TITO,,,JAWA TIMUR,0.375,GREEN,19469900,AREA 3,JATIM,MALANG,MALANG,,,0,0,0,JAWA TIMUR,KOTA MALANG,LOWOKWARU,TUNJUNGSEKAR,BATU
5311244656,,ODP-TMP-FH/11,-8.02029,112.710689,,,5,3,0,0,8,REGIONAL 5,MALANG,MALANG,TMP,TUMPANG,,2024-03-16 23:24:39,44057,2020,8,NON TITO,,,JAWA TIMUR,0.375,GREEN,835327672,AREA 3,JATIM,MALANG,MALANG,,,0,0,0,JAWA TIMUR,MALANG,TUMPANG,KIDAL,BATU
11329243681,,ODP-KPO-FBD/15,-7.92251,112.57523,,,7,1,0,0,8,REGIONAL 5,MALANG,BATU,KPO,KARANGPLOSO,,2024-03-16 23:26:24,45322,2024,1,NON TITO,,,JAWA TIMUR,0.125,GREEN,1408312406,AREA 3,JATIM,MALANG,MALANG,,,0,0,0,JAWA TIMUR,MALANG,DAU,SUMBERSEKAR,BATU
288146615,,ODP-LWG-FA/27,-7.8241,112.7182,,,7,1,0,0,8,REGIONAL 5,MALANG,MALANG,LWG,LAWANG,,2024-03-16 23:26:19,42483,2016,4,NON TITO,,,JAWA TIMUR,0.125,GREEN,19470917,AREA 3,JATIM,MALANG,MALANG,,,0,0,0,JAWA TIMUR,MALANG,LAWANG,SUMBER PORONG,BATU
11329243676,,ODP-KPO-FBD/110,-7.919637,112.561281,,,6,2,0,0,8,REGIONAL 5,MALANG,BATU,KPO,KARANGPLOSO,,2024-03-16 23:26:00,45322,2024,1,NON TITO,,,JAWA TIMUR,0.25,GREEN,1408312403,AREA 3,JATIM,MALANG,MALANG,,,0,0,0,JAWA TIMUR,MALANG,DAU,SUMBERSEKAR,BATU
11329768664,,ODP-BTU-FBP/19,-7.879008,112.540689,,,7,1,0,0,8,REGIONAL 5,MALANG,BATU,BTU,BATU,,2024-03-16 23:26:44,45322,2024,1,NON TITO,,,JAWA TIMUR,0.125,GREEN,1408312140,AREA 3,JATIM,MALANG,MALANG,,,0,0,0,JAWA TIMUR,KOTA BATU,BATU,TEMAS,BATU
11274943806,,ODP-SGS-FQ/66,-7.878253,112.652287,,,11,5,0,0,16,REGIONAL 5,MALANG,MALANG,SGS,SINGOSARI,,2024-03-16 23:21:04,45316,2024,1,NON TITO,,,JAWA TIMUR,0.3125,GREEN,1406512246,AREA 3,JATIM,MALANG,MALANG,,,0,0,0,JAWA TIMUR,MALANG,SINGOSARI,GUNUNGREJO,BATU
288146804,,ODP-LWG-FA/17,-7.8262,112.7204,,,10,6,0,0,16,REGIONAL 5,MALANG,MALANG,LWG,LAWANG,,2024-03-16 23:26:56,42483,2016,4,NON TITO,,,JAWA TIMUR,0.375,GREEN,19471031,AREA 3,JATIM,MALANG,MALANG,,,0,0,0,JAWA TIMUR,MALANG,LAWANG,SUMBER PORONG,BATU
3313170187,,ODP-BLB-FCN/66,-7.954748,112.626158,,,5,3,0,0,8,REGIONAL 5,MALANG,MALANG,BLB,BLIMBING,,2024-03-16 23:26:32,43501,2019,2,NON TITO,,,JAWA TIMUR,0.375,GREEN,532512352,AREA 3,JATIM,MALANG,MALANG,,,0,0,0,JAWA TIMUR,KOTA MALANG,LOWOKWARU,LOWOKWARU,BATU
11276743753,,ODP-SGS-FAL/16,-7.908422,112.664457,,,11,5,0,0,16,REGIONAL 5,MALANG,MALANG,SGS,SINGOSARI,,2024-03-16 23:25:23,45315,2024,1,NON TITO,,,JAWA TIMUR,0.3125,GREEN,1406437595,AREA 3,JATIM,MALANG,MALANG,,,0,0,0,JAWA TIMUR,MALANG,SINGOSARI,BANJARARUM,BATU
11276743748,,ODP-SGS-FAL/13,-7.906052,112.663609,,,11,5,0,0,16,REGIONAL 5,MALANG,MALANG,SGS,SINGOSARI,,2024-03-16 23:25:08,45315,2024,1,NON TITO,,,JAWA TIMUR,0.3125,GREEN,1406437592,AREA 3,JATIM,MALANG,MALANG,,,0,0,0,JAWA TIMUR,MALANG,SINGOSARI,BANJARARUM,BATU
288147056,,ODP-BLB-FP/57,-7.9257,112.6264,,,15,1,0,0,16,REGIONAL 5,MALANG,MALANG,BLB,BLIMBING,,2024-03-16 23:27:05,42483,2016,4,NON TITO,,,JAWA TIMUR,0.0625,GREEN,19471184,AREA 3,JATIM,MALANG,MALANG,,,0,0,0,JAWA TIMUR,KOTA MALANG,LOWOKWARU,TUNJUNGSEKAR,BATU
5310120290,,ODP-PKS-FG/51,-7.929028,112.7032,,,6,2,0,0,8,REGIONAL 5,MALANG,MALANG,PKS,PAKIS,,2024-03-16 23:29:16,44058,2020,8,NON TITO,,,JAWA TIMUR,0.25,GREEN,835401157,AREA 3,JATIM,MALANG,MALANG,,,0,0,0,JAWA TIMUR,MALANG,PAKIS,SAPTORENGGO,BATU
288147523,,ODP-BLB-FN/45,-7.9289,112.6159,,,11,5,0,0,16,REGIONAL 5,MALANG,MALANG,BLB,BLIMBING,,2024-03-16 23:27:17,42483,2016,4,NON TITO,,,JAWA TIMUR,0.3125,GREEN,19471456,AREA 3,JATIM,MALANG,MALANG,,,0,0,0,JAWA TIMUR,KOTA MALANG,LOWOKWARU,TUNGGULWULUNG,BATU
288147530,,ODP-BLB-FN/48,-7.9292,112.6163,,,10,6,0,0,16,REGIONAL 5,MALANG,MALANG,BLB,BLIMBING,,2024-03-16 23:27:15,42483,2016,4,NON TITO,,,JAWA TIMUR,0.375,GREEN,19471463,AREA 3,JATIM,MALANG,MALANG,,,0,0,0,JAWA TIMUR,KOTA MALANG,LOWOKWARU,TUNGGULWULUNG,BATU
11341243714,,ODP-PKS-FX/60,-7.970042,112.716265,,,5,3,0,0,8,REGIONAL 5,MALANG,MALANG,PKS,PAKIS,,2024-03-16 23:21:38,45327,2024,2,NON TITO,,,JAWA TIMUR,0.375,GREEN,1406355065,AREA 3,JATIM,MALANG,MALANG,,,0,0,0,JAWA TIMUR,MALANG,PAKIS,SUMBERKRADENAN,BATU
11341243709,,ODP-PKS-FX/61,-7.970991,112.718309,,,5,3,0,0,8,REGIONAL 5,MALANG,MALANG,PKS,PAKIS,,2024-03-16 23:21:38,45327,2024,2,NON TITO,,,JAWA TIMUR,0.375,GREEN,1406355062,AREA 3,JATIM,MALANG,MALANG,,,0,0,0,JAWA TIMUR,MALANG,PAKIS,SUMBERKRADENAN,BATU
3300719476,,ODP-BLB-FCT/25,-7.94744,112.619729,,,11,5,0,0,16,REGIONAL 5,MALANG,MALANG,BLB,BLIMBING,,2024-03-16 23:24:49,43497,2019,2,NON TITO,,,JAWA TIMUR,0.3125,GREEN,527115518,AREA 3,JATIM,MALANG,MALANG,,,0,0,0,JAWA TIMUR,KOTA MALANG,LOWOKWARU,JATIMULYO,BATU
5310120312,,ODP-PKS-FG/46,-7.924538,112.706261,,,5,3,0,0,8,REGIONAL 5,MALANG,MALANG,PKS,PAKIS,,2024-03-16 23:29:06,44058,2020,8,NON TITO,,,JAWA TIMUR,0.375,GREEN,835401173,AREA 3,JATIM,MALANG,MALANG,,,0,0,0,JAWA TIMUR,MALANG,SINGOSARI,DENGKOL,BATU
3299818809,,ODP-BLB-FBG/81,-7.935251,112.637605,,,5,3,0,0,8,REGIONAL 5,MALANG,MALANG,BLB,BLIMBING,,2024-03-16 23:28:59,43495,2019,1,NON TITO,,,JAWA TIMUR,0.375,GREEN,521563369,AREA 3,JATIM,MALANG,MALANG,,,0,0,0,JAWA TIMUR,KOTA MALANG,LOWOKWARU,TUNJUNGSEKAR,BATU
11329618774,,ODP-BTU-FCC/18,-7.848498,112.485317,,,6,2,0,0,8,REGIONAL 5,MALANG,BATU,BTU,BATU,,2024-03-16 23:22:01,45326,2024,2,NON TITO,,,JAWA TIMUR,0.25,GREEN,1406346901,AREA 3,JATIM,MALANG,MALANG,,,0,0,0,JAWA TIMUR,MALANG,PUJON,PANDESARI,BATU
288148077,,ODP-LWG-FA/05,-7.8246,112.7218,,,12,4,0,0,16,REGIONAL 5,MALANG,MALANG,LWG,LAWANG,,2024-03-16 23:26:48,42483,2016,4,NON TITO,,,JAWA TIMUR,0.25,GREEN,19471783,AREA 3,JATIM,MALANG,MALANG,,,0,0,0,JAWA TIMUR,MALANG,LAWANG,SUMBER PORONG,BATU
3304395042,,ODP-LWG-FA/59,-7.824488,112.715181,,,7,1,0,0,8,REGIONAL 5,MALANG,MALANG,LWG,LAWANG,,2024-03-16 23:26:55,43504,2019,2,NON TITO,,,JAWA TIMUR,0.125,GREEN,539114079,AREA 3,JATIM,MALANG,MALANG,,,0,0,0,JAWA TIMUR,MALANG,LAWANG,SUMBER PORONG,BATU
3353894163,,ODP-BLB-FCR/11,-7.94011,112.622005,,,5,3,0,0,8,REGIONAL 5,MALANG,MALANG,BLB,BLIMBING,,2024-03-16 23:22:44,43510,2019,2,NON TITO,,,JAWA TIMUR,0.375,GREEN,540200037,AREA 3,JATIM,MALANG,MALANG,,,0,0,0,JAWA TIMUR,KOTA MALANG,LOWOKWARU,TULUSREJO,BATU
3304395094,,ODP-LWG-FA/54,-7.823878,112.718077,,,7,1,0,0,8,REGIONAL 5,MALANG,MALANG,LWG,LAWANG,,2024-03-16 23:26:45,43504,2019,2,NON TITO,,,JAWA TIMUR,0.125,GREEN,539114094,AREA 3,JATIM,MALANG,MALANG,,,0,0,0,JAWA TIMUR,MALANG,LAWANG,SUMBER PORONG,BATU
288146391,,ODP-SGS-FE/04,-7.876,112.6735,,,10,6,0,0,16,REGIONAL 5,MALANG,MALANG,SGS,SINGOSARI,,2024-03-16 23:26:10,42483,2016,4,NON TITO,,,JAWA TIMUR,0.375,GREEN,19470780,AREA 3,JATIM,MALANG,MALANG,,,0,0,0,JAWA TIMUR,MALANG,SINGOSARI,ARDIMULYO,BATU
11361794192,,ODP-BTU-FCA/28,-7.863614,112.554625,,,14,2,0,0,16,REGIONAL 5,MALANG,BATU,BTU,BATU,,2024-03-16 23:25:53,45343,2024,2,NON TITO,,,JAWA TIMUR,0.125,GREEN,1409347064,AREA 3,JATIM,MALANG,MALANG,,,0,0,0,JAWA TIMUR,KOTA BATU,BUMIAJI,GIRIPURNO,BATU
11361794182,,ODP-BTU-FCA/30,-7.863565,112.552396,,,6,2,0,0,8,REGIONAL 5,MALANG,BATU,BTU,BATU,,2024-03-16 23:25:46,45343,2024,2,NON TITO,,,JAWA TIMUR,0.25,GREEN,1409347057,AREA 3,JATIM,MALANG,MALANG,,,0,0,0,JAWA TIMUR,KOTA BATU,BUMIAJI,GIRIPURNO,BATU
11361794177,,ODP-BTU-FCA/35,-7.864211,112.559112,,,5,3,0,0,8,REGIONAL 5,MALANG,BATU,BTU,BATU,,2024-03-16 23:25:47,45343,2024,2,NON TITO,,,JAWA TIMUR,0.375,GREEN,1409347054,AREA 3,JATIM,MALANG,MALANG,,,0,0,0,JAWA TIMUR,KOTA BATU,BUMIAJI,GIRIPURNO,BATU
3347519928,,ODP-BLB-FBZ/44,-7.968307,112.652684,,,13,3,0,0,16,REGIONAL 5,MALANG,MALANG,BLB,BLIMBING,,2024-03-16 23:25:12,43508,2019,2,NON TITO,,,JAWA TIMUR,0.1875,GREEN,540180794,AREA 3,JATIM,MALANG,MALANG,,,0,0,0,JAWA TIMUR,KOTA MALANG,BLIMBING,BUNULREJO,BATU
288145140,,ODP-BLB-FAL/02,-7.9433,112.6328,,,12,4,0,0,16,REGIONAL 5,MALANG,MALANG,BLB,BLIMBING,,2024-03-16 23:26:01,42483,2016,4,NON TITO,,,JAWA TIMUR,0.25,GREEN,19470001,AREA 3,JATIM,MALANG,MALANG,,,0,0,0,JAWA TIMUR,KOTA MALANG,LOWOKWARU,MOJOLANGU,BATU
288145280,,ODP-BLB-FB/16,-7.9343,112.6563,,,10,6,0,0,16,REGIONAL 5,MALANG,MALANG,BLB,BLIMBING,,2024-03-16 23:26:46,42483,2016,4,NON TITO,,,JAWA TIMUR,0.375,GREEN,19470087,AREA 3,JATIM,MALANG,MALANG,,,0,0,0,JAWA TIMUR,KOTA MALANG,BLIMBING,ARJOSARI,BATU
11361718556,,ODP-BTU-FBM/15,-7.901102,112.558857,,,12,4,0,0,16,REGIONAL 5,MALANG,BATU,BTU,BATU,,2024-03-16 23:23:45,45342,2024,2,NON TITO,,,JAWA TIMUR,0.25,GREEN,1409336704,AREA 3,JATIM,MALANG,MALANG,,,0,0,0,JAWA TIMUR,KOTA BATU,JUNREJO,JUNREJO,BATU
3332593747,,ODP-KPO-FBD/87,-7.923939,112.572692,,,5,3,0,0,8,REGIONAL 5,MALANG,BATU,KPO,KARANGPLOSO,,2024-03-16 23:26:28,43507,2019,2,NON TITO,,,JAWA TIMUR,0.375,GREEN,540172177,AREA 3,JATIM,MALANG,MALANG,,,0,0,0,JAWA TIMUR,MALANG,DAU,SUMBERSEKAR,BATU
5311544224,,ODP-BLB-FCF/07,-7.940837,112.61911,,,5,3,0,0,8,REGIONAL 5,MALANG,MALANG,BLB,BLIMBING,,2024-03-16 23:25:30,44055,2020,8,NON TITO,,,JAWA TIMUR,0.375,GREEN,835245397,AREA 3,JATIM,MALANG,MALANG,,,0,0,0,JAWA TIMUR,KOTA MALANG,LOWOKWARU,JATIMULYO,BATU
288145651,,ODP-BLB-FV/51,-7.9688,112.6525,,,10,6,0,0,16,REGIONAL 5,MALANG,MALANG,BLB,BLIMBING,,2024-03-16 23:26:31,42483,2016,4,NON TITO,,,JAWA TIMUR,0.375,GREEN,19470320,AREA 3,JATIM,MALANG,MALANG,,,0,0,0,JAWA TIMUR,KOTA MALANG,BLIMBING,BUNULREJO,BATU
288145721,,ODP-PKS-FA/28,-7.9525,112.6883,,,11,5,0,0,16,REGIONAL 5,MALANG,MALANG,PKS,PAKIS,,2024-03-16 23:25:46,42483,2016,4,NON TITO,,,JAWA TIMUR,0.3125,GREEN,19470363,AREA 3,JATIM,MALANG,MALANG,,,0,0,0,JAWA TIMUR,MALANG,PAKIS,SAPTORENGGO,BATU
11348218865,,ODP-KPO-FD/26,-7.858474,112.575201,,,7,1,0,0,8,REGIONAL 5,MALANG,BATU,KPO,KARANGPLOSO,,2024-03-16 23:29:17,45336,2024,2,NON TITO,,,JAWA TIMUR,0.125,GREEN,1409311957,AREA 3,JATIM,MALANG,MALANG,,,0,0,0,JAWA TIMUR,MALANG,KARANGPLOSO,TAWANGARGO,BATU
11333519840,,ODP-BLB-FCD/48,-7.930728,112.653823,,,7,1,0,0,8,REGIONAL 5,MALANG,MALANG,BLB,BLIMBING,,2024-03-16 23:23:01,45335,2024,2,NON TITO,,,JAWA TIMUR,0.125,GREEN,1409304929,AREA 3,JATIM,MALANG,MALANG,,,0,0,0,JAWA TIMUR,KOTA MALANG,BLIMBING,ARJOSARI,BATU
288145952,,ODP-LWG-FA/25,-7.8244,112.7188,,,5,3,0,0,8,REGIONAL 5,MALANG,MALANG,LWG,LAWANG,,2024-03-16 23:26:30,42483,2016,4,NON TITO,,,JAWA TIMUR,0.375,GREEN,19470508,AREA 3,JATIM,MALANG,MALANG,,,0,0,0,JAWA TIMUR,MALANG,LAWANG,SUMBER PORONG,BATU
11333519800,,ODP-BLB-FCD/47,-7.932098,112.656872,,,6,2,0,0,8,REGIONAL 5,MALANG,MALANG,BLB,BLIMBING,,2024-03-16 23:23:05,45335,2024,2,NON TITO,,,JAWA TIMUR,0.25,GREEN,1409304901,AREA 3,JATIM,MALANG,MALANG,,,0,0,0,JAWA TIMUR,KOTA MALANG,BLIMBING,ARJOSARI,BATU
5309069830,,ODP-BLB-FAY/07,-7.956949,112.625257,,,6,2,0,0,8,REGIONAL 5,MALANG,MALANG,BLB,BLIMBING,,2024-03-16 23:27:39,44056,2020,8,NON TITO,,,JAWA TIMUR,0.25,GREEN,835324929,AREA 3,JATIM,MALANG,MALANG,,,0,0,0,JAWA TIMUR,KOTA MALANG,KLOJEN,SAMAAN,BATU
3304395178,,ODP-LWG-FA/51,-7.822581,112.717027,,,7,1,0,0,8,REGIONAL 5,MALANG,MALANG,LWG,LAWANG,,2024-03-16 23:26:55,43504,2019,2,NON TITO,,,JAWA TIMUR,0.125,GREEN,539114119,AREA 3,JATIM,MALANG,MALANG,,,0,0,0,JAWA TIMUR,MALANG,LAWANG,SUMBER PORONG,BATU
3304395168,,ODP-LWG-FA/63,-7.825209,112.716757,,,5,3,0,0,8,REGIONAL 5,MALANG,MALANG,LWG,LAWANG,,2024-03-16 23:26:55,43504,2019,2,NON TITO,,,JAWA TIMUR,0.375,GREEN,539114116,AREA 3,JATIM,MALANG,MALANG,,,0,0,0,JAWA TIMUR,MALANG,LAWANG,SUMBER PORONG,BATU
11333743679,,ODP-KPO-FBC/80,-7.921319,112.580634,,,11,5,0,0,16,REGIONAL 5,MALANG,BATU,KPO,KARANGPLOSO,,2024-03-16 23:29:20,45328,2024,2,NON TITO,,,JAWA TIMUR,0.3125,GREEN,1409138773,AREA 3,JATIM,MALANG,MALANG,,,0,0,0,JAWA TIMUR,MALANG,DAU,MULYOAGUNG,BATU
288146329,,ODP-LWG-FA/32,-7.8249,112.7181,,,14,2,0,0,16,REGIONAL 5,MALANG,MALANG,LWG,LAWANG,,2024-03-16 23:26:55,42483,2016,4,NON TITO,,,JAWA TIMUR,0.125,GREEN,19470745,AREA 3,JATIM,MALANG,MALANG,,,0,0,0,JAWA TIMUR,MALANG,LAWANG,SUMBER PORONG,BATU
3304395136,,ODP-LWG-FA/60,-7.823538,112.715611,,,7,1,0,0,8,REGIONAL 5,MALANG,MALANG,LWG,LAWANG,,2024-03-16 23:26:02,43504,2019,2,NON TITO,,,JAWA TIMUR,0.125,GREEN,539114107,AREA 3,JATIM,MALANG,MALANG,,,0,0,0,JAWA TIMUR,MALANG,LAWANG,SUMBER PORONG,BATU
288146411,,ODP-BLB-FN/47,-7.9288,112.6162,,,11,5,0,0,16,REGIONAL 5,MALANG,MALANG,BLB,BLIMBING,,2024-03-16 23:26:55,42483,2016,4,NON TITO,,,JAWA TIMUR,0.3125,GREEN,19470792,AREA 3,JATIM,MALANG,MALANG,,,0,0,0,JAWA TIMUR,KOTA MALANG,LOWOKWARU,TUNGGULWULUNG,BATU
5431318588,,ODP-BLB-FBY/71,-7.967865,112.652656,,,5,3,0,0,8,REGIONAL 5,MALANG,MALANG,BLB,BLIMBING,,2024-03-16 23:28:14,44097,2020,9,NON TITO,,,JAWA TIMUR,0.375,GREEN,841306958,AREA 3,JATIM,MALANG,MALANG,,,0,0,0,JAWA TIMUR,KOTA MALANG,BLIMBING,BUNULREJO,BATU
10997443696,,ODP-BLB-FEB/62,-7.958407,112.638494,,,6,1,0,0,8,REGIONAL 5,MALANG,MALANG,BLB,BLIMBING,,2024-03-16 23:29:17,45254,2023,11,NON TITO,,,JAWA TIMUR,0.125,GREEN,1338188831,AREA 3,JATIM,MALANG,MALANG,,,0,0,0,JAWA TIMUR,KOTA MALANG,BLIMBING,BUNULREJO,BATU
288154755,,ODP-BLB-FDA/13,-7.9382,112.6693,,,12,4,0,0,16,REGIONAL 5,MALANG,MALANG,BLB,BLIMBING,,2024-03-16 23:28:50,42483,2016,4,NON TITO,,,JAWA TIMUR,0.25,GREEN,19476125,AREA 3,JATIM,MALANG,MALANG,,,0,0,0,JAWA TIMUR,MALANG,PAKIS,TIRTOMOYO,BATU
10530418957,,ODP-BLB-FAV/57,-7.953747,112.632884,,,10,6,0,0,16,REGIONAL 5,MALANG,MALANG,BLB,BLIMBING,,2024-03-16 23:23:52,45163,2023,8,NON TITO,,,JAWA TIMUR,0.375,GREEN,1312405596,AREA 3,JATIM,MALANG,MALANG,,,0,0,0,JAWA TIMUR,KOTA MALANG,LOWOKWARU,LOWOKWARU,BATU
292986419,,ODP-KPO-FC/41,-7.9184,112.5851,,,10,5,1,0,16,REGIONAL 5,MALANG,BATU,KPO,KARANGPLOSO,,2024-03-16 23:25:01,42485,2016,4,NON TITO,,,JAWA TIMUR,0.3125,GREEN,19711257,AREA 3,JATIM,MALANG,MALANG,,,0,0,0,JAWA TIMUR,MALANG,DAU,MULYOAGUNG,BATU
10531245605,,ODP-BLB-FBV/112,-7.950022,112.647772,,,6,2,0,0,8,REGIONAL 5,MALANG,MALANG,BLB,BLIMBING,,2024-03-16 23:25:18,45161,2023,8,NON TITO,,,JAWA TIMUR,0.25,GREEN,1312328430,AREA 3,JATIM,MALANG,MALANG,,,0,0,0,JAWA TIMUR,KOTA MALANG,BLIMBING,BLIMBING,BATU
10531470015,,ODP-BTU-FX/140,-7.8878,112.539,,,6,2,0,0,8,REGIONAL 5,MALANG,BATU,BTU,BATU,,2024-03-16 23:23:54,45161,2023,8,NON TITO,,,JAWA TIMUR,0.25,GREEN,1312325605,AREA 3,JATIM,MALANG,MALANG,,,0,0,0,JAWA TIMUR,KOTA BATU,BATU,TEMAS,BATU
10530945515,,ODP-BLB-FBT/07,-7.931968,112.690224,,,12,4,0,0,16,REGIONAL 5,MALANG,MALANG,BLB,BLIMBING,,2024-03-16 23:24:21,45161,2023,8,NON TITO,,,JAWA TIMUR,0.25,GREEN,1312323489,AREA 3,JATIM,MALANG,MALANG,,,0,0,0,JAWA TIMUR,MALANG,PAKIS,TIRTOMOYO,BATU
292986948,,ODP-KPO-FC/39,-7.9179,112.5858,,,9,5,0,0,16,REGIONAL 5,MALANG,BATU,KPO,KARANGPLOSO,,2024-03-16 23:25:15,42485,2016,4,NON TITO,,,JAWA TIMUR,0.3125,GREEN,19711567,AREA 3,JATIM,MALANG,MALANG,,,0,0,0,JAWA TIMUR,MALANG,DAU,MULYOAGUNG,BATU
292987135,,ODP-BTU-FM/01,-7.8613,112.5384,,,13,3,0,0,16,REGIONAL 5,MALANG,BATU,BTU,BATU,,2024-03-16 23:25:08,42485,2016,4,NON TITO,,,JAWA TIMUR,0.1875,GREEN,19711680,AREA 3,JATIM,MALANG,MALANG,,,0,0,0,JAWA TIMUR,KOTA BATU,BUMIAJI,BUMIAJI,BATU
292987364,,ODP-KPO-FC/52,-7.9275,112.5832,,,11,4,0,0,16,REGIONAL 5,MALANG,BATU,KPO,KARANGPLOSO,,2024-03-16 23:24:49,42485,2016,4,NON TITO,,,JAWA TIMUR,0.25,GREEN,19711815,AREA 3,JATIM,MALANG,MALANG,,,0,0,0,JAWA TIMUR,MALANG,DAU,LANDUNGSARI,BATU
292988695,,ODP-NTG-FC/07,-7.8812,112.3598,,,14,2,0,0,16,REGIONAL 5,MALANG,BATU,NTG,NGANTANG,,2024-03-16 23:25:29,42485,2016,4,NON TITO,,,JAWA TIMUR,0.125,GREEN,19712630,AREA 3,JATIM,MALANG,MALANG,,,0,0,0,JAWA TIMUR,MALANG,NGANTANG,PANDANSARI,BATU
10530945508,,ODP-BLB-FBT/03,-7.931825,112.689903,,,11,5,0,0,16,REGIONAL 5,MALANG,MALANG,BLB,BLIMBING,,2024-03-16 23:23:53,45161,2023,8,NON TITO,,,JAWA TIMUR,0.3125,GREEN,1312323485,AREA 3,JATIM,MALANG,MALANG,,,0,0,0,JAWA TIMUR,MALANG,PAKIS,TIRTOMOYO,BATU
10530945501,,ODP-BLB-FBT/08,-7.931897,112.689861,,,10,6,0,0,16,REGIONAL 5,MALANG,MALANG,BLB,BLIMBING,,2024-03-16 23:24:36,45161,2023,8,NON TITO,,,JAWA TIMUR,0.375,GREEN,1312323481,AREA 3,JATIM,MALANG,MALANG,,,0,0,0,JAWA TIMUR,MALANG,PAKIS,TIRTOMOYO,BATU
10530945496,,ODP-BLB-FBT/04,-7.932214,112.690092,,,5,3,0,0,8,REGIONAL 5,MALANG,MALANG,BLB,BLIMBING,,2024-03-16 23:24:27,45161,2023,8,NON TITO,,,JAWA TIMUR,0.375,GREEN,1312323478,AREA 3,JATIM,MALANG,MALANG,,,0,0,0,JAWA TIMUR,MALANG,PAKIS,TIRTOMOYO,BATU
3106093773,,ODP-KPO-FBC/54,-7.928276,112.583364,,,11,5,0,0,16,REGIONAL 5,MALANG,BATU,KPO,KARANGPLOSO,,2024-03-16 23:25:09,43420,2018,11,NON TITO,,,JAWA TIMUR,0.3125,GREEN,406299968,AREA 3,JATIM,MALANG,MALANG,,,0,0,0,JAWA TIMUR,MALANG,DAU,LANDUNGSARI,BATU
292989977,,ODP-KPO-FC/60,-7.9146,112.5857,,,6,2,0,0,8,REGIONAL 5,MALANG,BATU,KPO,KARANGPLOSO,,2024-03-16 23:25:28,42485,2016,4,NON TITO,,,JAWA TIMUR,0.25,GREEN,19713450,AREA 3,JATIM,MALANG,MALANG,,,0,0,0,JAWA TIMUR,MALANG,DAU,MULYOAGUNG,BATU
10534844311,,ODP-BTU-FBT/34,-7.861417,112.503758,,,7,1,0,0,8,REGIONAL 5,MALANG,BATU,BTU,BATU,,2024-03-16 23:24:20,45160,2023,8,NON TITO,,,JAWA TIMUR,0.125,GREEN,1312250872,AREA 3,JATIM,MALANG,MALANG,,,0,0,0,JAWA TIMUR,KOTA BATU,BATU,SONGGOKERTO,BATU
10534844001,,ODP-BLB-FCE/22,-7.939277,112.631641,,,6,2,0,0,8,REGIONAL 5,MALANG,MALANG,BLB,BLIMBING,,2024-03-16 23:24:35,45160,2023,8,NON TITO,,,JAWA TIMUR,0.25,GREEN,1312249478,AREA 3,JATIM,MALANG,MALANG,,,0,0,0,JAWA TIMUR,KOTA MALANG,LOWOKWARU,MOJOLANGU,BATU
3106093683,,ODP-KPO-FBC/65,-7.926128,112.583862,,,14,2,0,0,16,REGIONAL 5,MALANG,BATU,KPO,KARANGPLOSO,,2024-03-16 23:24:43,43420,2018,11,NON TITO,,,JAWA TIMUR,0.125,GREEN,406299769,AREA 3,JATIM,MALANG,MALANG,,,0,0,0,JAWA TIMUR,MALANG,DAU,LANDUNGSARI,BATU
292990830,,ODP-NTG-FC/01,-7.8771,112.3635,,,13,1,0,0,16,REGIONAL 5,MALANG,BATU,NTG,NGANTANG,,2024-03-16 23:26:19,42485,2016,4,NON TITO,,,JAWA TIMUR,0.0625,GREEN,19713984,AREA 3,JATIM,MALANG,MALANG,,,0,0,0,JAWA TIMUR,MALANG,NGANTANG,BANTUREJO,BATU
10534843989,,ODP-BLB-FCE/25,-7.938637,112.630095,,,12,4,0,0,16,REGIONAL 5,MALANG,MALANG,BLB,BLIMBING,,2024-03-16 23:24:27,45160,2023,8,NON TITO,,,JAWA TIMUR,0.25,GREEN,1312249469,AREA 3,JATIM,MALANG,MALANG,,,0,0,0,JAWA TIMUR,KOTA MALANG,LOWOKWARU,MOJOLANGU,BATU
292991478,,ODP-BTU-FC/22,-7.8437,112.5258,,,11,5,0,0,16,REGIONAL 5,MALANG,BATU,BTU,BATU,,2024-03-16 23:26:30,42485,2016,4,NON TITO,,,JAWA TIMUR,0.3125,GREEN,19714395,AREA 3,JATIM,MALANG,MALANG,,,0,0,0,JAWA TIMUR,KOTA BATU,BATU,SIDOMULYO,BATU
10534843977,,ODP-BLB-FCE/21,-7.938414,112.629682,,,13,3,0,0,16,REGIONAL 5,MALANG,MALANG,BLB,BLIMBING,,2024-03-16 23:24:48,45160,2023,8,NON TITO,,,JAWA TIMUR,0.1875,GREEN,1312249461,AREA 3,JATIM,MALANG,MALANG,,,0,0,0,JAWA TIMUR,KOTA MALANG,LOWOKWARU,MOJOLANGU,BATU
292985890,,ODP-KPO-FC/34,-7.9186,112.5862,,,9,5,0,0,16,REGIONAL 5,MALANG,BATU,KPO,KARANGPLOSO,,2024-03-16 23:24:23,42485,2016,4,NON TITO,,,JAWA TIMUR,0.3125,GREEN,19710938,AREA 3,JATIM,MALANG,MALANG,,,0,0,0,JAWA TIMUR,MALANG,DAU,MULYOAGUNG,BATU
10534843974,,ODP-BLB-FCE/29,-7.938106,112.627341,,,6,2,0,0,8,REGIONAL 5,MALANG,MALANG,BLB,BLIMBING,,2024-03-16 23:24:43,45160,2023,8,NON TITO,,,JAWA TIMUR,0.25,GREEN,1312249459,AREA 3,JATIM,MALANG,MALANG,,,0,0,0,JAWA TIMUR,KOTA MALANG,LOWOKWARU,MOJOLANGU,BATU
3106094195,,ODP-KPO-FBC/48,-7.926569,112.582864,,,5,3,0,0,8,REGIONAL 5,MALANG,BATU,KPO,KARANGPLOSO,,2024-03-16 23:25:20,43420,2018,11,NON TITO,,,JAWA TIMUR,0.375,GREEN,406300585,AREA 3,JATIM,MALANG,MALANG,,,0,0,0,JAWA TIMUR,MALANG,DAU,LANDUNGSARI,BATU
10530418963,,ODP-BLB-FAV/70,-7.959075,112.633038,,,11,5,0,0,16,REGIONAL 5,MALANG,MALANG,BLB,BLIMBING,,2024-03-16 23:23:48,45163,2023,8,NON TITO,,,JAWA TIMUR,0.3125,GREEN,1312405600,AREA 3,JATIM,MALANG,MALANG,,,0,0,0,JAWA TIMUR,KOTA MALANG,LOWOKWARU,LOWOKWARU,BATU
10530419026,,ODP-BLB-FAV/58,-7.953096,112.632612,,,12,4,0,0,16,REGIONAL 5,MALANG,MALANG,BLB,BLIMBING,,2024-03-16 23:24:00,45163,2023,8,NON TITO,,,JAWA TIMUR,0.25,GREEN,1312405649,AREA 3,JATIM,MALANG,MALANG,,,0,0,0,JAWA TIMUR,KOTA MALANG,LOWOKWARU,LOWOKWARU,BATU
10530419023,,ODP-BLB-FAV/51,-7.953966,112.633475,,,13,3,0,0,16,REGIONAL 5,MALANG,MALANG,BLB,BLIMBING,,2024-03-16 23:24:01,45163,2023,8,NON TITO,,,JAWA TIMUR,0.1875,GREEN,1312405647,AREA 3,JATIM,MALANG,MALANG,,,0,0,0,JAWA TIMUR,KOTA MALANG,LOWOKWARU,LOWOKWARU,BATU
292903076,,ODP-BTU-FF/09,-7.8885,112.5325,,,12,4,0,0,16,REGIONAL 5,MALANG,BATU,BTU,BATU,,2024-03-16 23:27:40,42485,2016,4,NON TITO,,,JAWA TIMUR,0.25,GREEN,19706284,AREA 3,JATIM,MALANG,MALANG,,,0,0,0,JAWA TIMUR,KOTA BATU,BATU,TEMAS,BATU
10530419020,,ODP-BLB-FAV/59,-7.953441,112.632254,,,11,5,0,0,16,REGIONAL 5,MALANG,MALANG,BLB,BLIMBING,,2024-03-16 23:23:56,45163,2023,8,NON TITO,,,JAWA TIMUR,0.3125,GREEN,1312405645,AREA 3,JATIM,MALANG,MALANG,,,0,0,0,JAWA TIMUR,KOTA MALANG,LOWOKWARU,LOWOKWARU,BATU
10530419017,,ODP-BLB-FAV/67,-7.960196,112.633494,,,12,4,0,0,16,REGIONAL 5,MALANG,MALANG,BLB,BLIMBING,,2024-03-16 23:23:44,45163,2023,8,NON TITO,,,JAWA TIMUR,0.25,GREEN,1312405642,AREA 3,JATIM,MALANG,MALANG,,,0,0,0,JAWA TIMUR,KOTA MALANG,LOWOKWARU,LOWOKWARU,BATU
10530419014,,ODP-BLB-FAV/60,-7.955231,112.632104,,,13,3,0,0,16,REGIONAL 5,MALANG,MALANG,BLB,BLIMBING,,2024-03-16 23:24:01,45163,2023,8,NON TITO,,,JAWA TIMUR,0.1875,GREEN,1312405640,AREA 3,JATIM,MALANG,MALANG,,,0,0,0,JAWA TIMUR,KOTA MALANG,LOWOKWARU,LOWOKWARU,BATU
292903403,,ODP-BTU-FB/49,-7.9015,112.5441,,,9,6,0,0,16,REGIONAL 5,MALANG,BATU,BTU,BATU,,2024-03-16 23:27:49,42485,2016,4,NON TITO,,,JAWA TIMUR,0.375,GREEN,19706467,AREA 3,JATIM,MALANG,MALANG,,,0,0,0,JAWA TIMUR,KOTA BATU,JUNREJO,JUNREJO,BATU
10530419008,,ODP-BLB-FAV/66,-7.959729,112.632347,,,15,1,0,0,16,REGIONAL 5,MALANG,MALANG,BLB,BLIMBING,,2024-03-16 23:23:53,45163,2023,8,NON TITO,,,JAWA TIMUR,0.0625,GREEN,1312405634,AREA 3,JATIM,MALANG,MALANG,,,0,0,0,JAWA TIMUR,KOTA MALANG,LOWOKWARU,LOWOKWARU,BATU
10530419002,,ODP-BLB-FAV/69,-7.959778,112.633896,,,10,6,0,0,16,REGIONAL 5,MALANG,MALANG,BLB,BLIMBING,,2024-03-16 23:23:36,45163,2023,8,NON TITO,,,JAWA TIMUR,0.375,GREEN,1312405630,AREA 3,JATIM,MALANG,MALANG,,,0,0,0,JAWA TIMUR,KOTA MALANG,LOWOKWARU,LOWOKWARU,BATU
292978758,,ODP-BTU-FB/50,-7.9015,112.5441,,,12,4,0,0,16,REGIONAL 5,MALANG,BATU,BTU,BATU,,2024-03-16 23:23:31,42485,2016,4,NON TITO,,,JAWA TIMUR,0.25,GREEN,19706674,AREA 3,JATIM,MALANG,MALANG,,,0,0,0,JAWA TIMUR,KOTA BATU,JUNREJO,JUNREJO,BATU
3118243979,,ODP-KPO-FE/49,-7.866868,112.559671,,,7,1,0,0,8,REGIONAL 5,MALANG,BATU,KPO,KARANGPLOSO,,2024-03-16 23:25:01,43425,2018,11,NON TITO,,,JAWA TIMUR,0.125,GREEN,406324538,AREA 3,JATIM,MALANG,MALANG,,,0,0,0,JAWA TIMUR,KOTA BATU,BUMIAJI,GIRIPURNO,BATU
3118243880,,ODP-KPO-FE/48,-7.873003,112.560542,,,7,1,0,0,8,REGIONAL 5,MALANG,BATU,KPO,KARANGPLOSO,,2024-03-16 23:25:04,43425,2018,11,NON TITO,,,JAWA TIMUR,0.125,GREEN,406324396,AREA 3,JATIM,MALANG,MALANG,,,0,0,0,JAWA TIMUR,KOTA BATU,BUMIAJI,GIRIPURNO,BATU
292979059,,ODP-BTU-FF/15,-7.8966,112.5339,,,6,2,0,0,8,REGIONAL 5,MALANG,BATU,BTU,BATU,,2024-03-16 23:21:07,42485,2016,4,NON TITO,,,JAWA TIMUR,0.25,GREEN,19706846,AREA 3,JATIM,MALANG,MALANG,,,0,0,0,JAWA TIMUR,KOTA BATU,BATU,ORO-ORO OMBO,BATU
292979133,,ODP-BTU-FG/08,-7.8779,112.5521,,,9,6,0,0,16,REGIONAL 5,MALANG,BATU,BTU,BATU,,2024-03-16 23:23:28,42485,2016,4,NON TITO,,,JAWA TIMUR,0.375,GREEN,19706889,AREA 3,JATIM,MALANG,MALANG,,,0,0,0,JAWA TIMUR,KOTA BATU,JUNREJO,TORONGREJO,BATU
3118243814,,ODP-KPO-FF/60,-7.879373,112.582064,,,11,5,0,0,16,REGIONAL 5,MALANG,BATU,KPO,KARANGPLOSO,,2024-03-16 23:25:18,43425,2018,11,NON TITO,,,JAWA TIMUR,0.3125,GREEN,406324300,AREA 3,JATIM,MALANG,MALANG,,,0,0,0,JAWA TIMUR,MALANG,KARANGPLOSO,DONOWARIH,BATU
10530418993,,ODP-BLB-FAV/65,-7.960679,112.634358,,,15,1,0,0,16,REGIONAL 5,MALANG,MALANG,BLB,BLIMBING,,2024-03-16 23:23:48,45163,2023,8,NON TITO,,,JAWA TIMUR,0.0625,GREEN,1312405623,AREA 3,JATIM,MALANG,MALANG,,,0,0,0,JAWA TIMUR,KOTA MALANG,LOWOKWARU,LOWOKWARU,BATU
10530418984,,ODP-BLB-FAV/62,-7.955817,112.632847,,,12,4,0,0,16,REGIONAL 5,MALANG,MALANG,BLB,BLIMBING,,2024-03-16 23:23:58,45163,2023,8,NON TITO,,,JAWA TIMUR,0.25,GREEN,1312405614,AREA 3,JATIM,MALANG,MALANG,,,0,0,0,JAWA TIMUR,KOTA MALANG,LOWOKWARU,LOWOKWARU,BATU
3118243804,,ODP-KPO-FE/47,-7.872564,112.562951,,,13,3,0,0,16,REGIONAL 5,MALANG,BATU,KPO,KARANGPLOSO,,2024-03-16 23:24:50,43425,2018,11,NON TITO,,,JAWA TIMUR,0.1875,GREEN,406324286,AREA 3,JATIM,MALANG,MALANG,,,0,0,0,JAWA TIMUR,KOTA BATU,BUMIAJI,GIRIPURNO,BATU
10530418978,,ODP-BLB-FAV/64,-7.956468,112.632462,,,14,2,0,0,16,REGIONAL 5,MALANG,MALANG,BLB,BLIMBING,,2024-03-16 23:23:58,45163,2023,8,NON TITO,,,JAWA TIMUR,0.125,GREEN,1312405610,AREA 3,JATIM,MALANG,MALANG,,,0,0,0,JAWA TIMUR,KOTA MALANG,LOWOKWARU,LOWOKWARU,BATU
10530418969,,ODP-BLB-FAV/63,-7.956287,112.631712,,,11,5,0,0,16,REGIONAL 5,MALANG,MALANG,BLB,BLIMBING,,2024-03-16 23:23:54,45163,2023,8,NON TITO,,,JAWA TIMUR,0.3125,GREEN,1312405604,AREA 3,JATIM,MALANG,MALANG,,,0,0,0,JAWA TIMUR,KOTA MALANG,LOWOKWARU,LOWOKWARU,BATU
10530418966,,ODP-BLB-FAV/71,-7.957649,112.633179,,,11,5,0,0,16,REGIONAL 5,MALANG,MALANG,BLB,BLIMBING,,2024-03-16 23:23:50,45163,2023,8,NON TITO,,,JAWA TIMUR,0.3125,GREEN,1312405602,AREA 3,JATIM,MALANG,MALANG,,,0,0,0,JAWA TIMUR,KOTA MALANG,LOWOKWARU,LOWOKWARU,BATU
292985223,,ODP-KPO-FC/42,-7.9179,112.5841,,,10,6,0,0,16,REGIONAL 5,MALANG,BATU,KPO,KARANGPLOSO,,2024-03-16 23:24:50,42485,2016,4,NON TITO,,,JAWA TIMUR,0.375,GREEN,19710536,AREA 3,JATIM,MALANG,MALANG,,,0,0,0,JAWA TIMUR,MALANG,DAU,MULYOAGUNG,BATU
292902736,,ODP-BTU-FE/16,-7.873,112.5135,,,10,6,0,0,16,REGIONAL 5,MALANG,BATU,BTU,BATU,,2024-03-16 23:23:53,42485,2016,4,NON TITO,,,JAWA TIMUR,0.375,GREEN,19706092,AREA 3,JATIM,MALANG,MALANG,,,0,0,0,JAWA TIMUR,KOTA BATU,BATU,PESANGGRAHAN,BATU
292992197,,ODP-BTU-FH/09,-7.8725,112.5162,,,10,6,0,0,16,REGIONAL 5,MALANG,BATU,BTU,BATU,,2024-03-16 23:26:41,42485,2016,4,NON TITO,,,JAWA TIMUR,0.375,GREEN,19714851,AREA 3,JATIM,MALANG,MALANG,,,0,0,0,JAWA TIMUR,KOTA BATU,BATU,NGAGLIK,BATU
10534843962,,ODP-BLB-FCE/26,-7.939317,112.632294,,,11,5,0,0,16,REGIONAL 5,MALANG,MALANG,BLB,BLIMBING,,2024-03-16 23:24:44,45160,2023,8,NON TITO,,,JAWA TIMUR,0.3125,GREEN,1312249451,AREA 3,JATIM,MALANG,MALANG,,,0,0,0,JAWA TIMUR,KOTA MALANG,LOWOKWARU,MOJOLANGU,BATU
10503043807,,ODP-BTU-FAF/107,-7.837075,112.515589,,,5,3,0,0,8,REGIONAL 5,MALANG,BATU,BTU,BATU,,2024-03-16 23:23:59,45152,2023,8,NON TITO,,,JAWA TIMUR,0.375,GREEN,1311497294,AREA 3,JATIM,MALANG,MALANG,,,0,0,0,JAWA TIMUR,KOTA BATU,BUMIAJI,GUNUNGSARI,BATU
3074669559,,ODP-KPO-FBC/42,-7.928022,112.585598,,,11,5,0,0,16,REGIONAL 5,MALANG,BATU,KPO,KARANGPLOSO,,2024-03-16 23:28:38,43409,2018,11,NON TITO,,,JAWA TIMUR,0.3125,GREEN,406093555,AREA 3,JATIM,MALANG,MALANG,,,0,0,0,JAWA TIMUR,MALANG,DAU,LANDUNGSARI,BATU
292958314,,ODP-KPO-FC/29,-7.9218,112.5895,,,11,5,0,0,16,REGIONAL 5,MALANG,BATU,KPO,KARANGPLOSO,,2024-03-16 23:26:23,42485,2016,4,NON TITO,,,JAWA TIMUR,0.3125,GREEN,19767741,AREA 3,JATIM,MALANG,MALANG,,,0,0,0,JAWA TIMUR,MALANG,DAU,MULYOAGUNG,BATU
292958476,,ODP-KPO-FD/01,-7.8694,112.5806,,,11,5,0,0,16,REGIONAL 5,MALANG,BATU,KPO,KARANGPLOSO,,2024-03-16 23:26:23,42485,2016,4,NON TITO,,,JAWA TIMUR,0.3125,GREEN,19767875,AREA 3,JATIM,MALANG,MALANG,,,0,0,0,JAWA TIMUR,MALANG,KARANGPLOSO,DONOWARIH,BATU
5409870609,,ODP-PKS-FZ/29,-7.937358,112.694178,,,5,3,0,0,8,REGIONAL 5,MALANG,MALANG,PKS,PAKIS,,2024-03-16 23:28:22,44093,2020,9,NON TITO,,,JAWA TIMUR,0.375,GREEN,843345452,AREA 3,JATIM,MALANG,MALANG,,,0,0,0,JAWA TIMUR,MALANG,PAKIS,SAPTORENGGO,BATU
3074669236,,ODP-KPO-FBC/43,-7.928055,112.585173,,,13,3,0,0,16,REGIONAL 5,MALANG,BATU,KPO,KARANGPLOSO,,2024-03-16 23:28:11,43409,2018,11,NON TITO,,,JAWA TIMUR,0.1875,GREEN,406093412,AREA 3,JATIM,MALANG,MALANG,,,0,0,0,JAWA TIMUR,MALANG,DAU,LANDUNGSARI,BATU
292958859,,ODP-KPO-FA/39,-7.9267,112.5948,,,10,6,0,0,16,REGIONAL 5,MALANG,BATU,KPO,KARANGPLOSO,,2024-03-16 23:26:09,42485,2016,4,NON TITO,,,JAWA TIMUR,0.375,GREEN,19768182,AREA 3,JATIM,MALANG,MALANG,,,0,0,0,JAWA TIMUR,MALANG,DAU,LANDUNGSARI,BATU
292958864,,ODP-KPO-FD/16,-7.867,112.5795,,,5,3,0,0,8,REGIONAL 5,MALANG,BATU,KPO,KARANGPLOSO,,2024-03-16 23:26:22,42485,2016,4,NON TITO,,,JAWA TIMUR,0.375,GREEN,19768186,AREA 3,JATIM,MALANG,MALANG,,,0,0,0,JAWA TIMUR,MALANG,KARANGPLOSO,DONOWARIH,BATU
292958890,,ODP-KPO-FA/43,-7.9292,112.5952,,,10,6,0,0,16,REGIONAL 5,MALANG,BATU,KPO,KARANGPLOSO,,2024-03-16 23:26:40,42485,2016,4,NON TITO,,,JAWA TIMUR,0.375,GREEN,19768207,AREA 3,JATIM,MALANG,MALANG,,,0,0,0,JAWA TIMUR,MALANG,DAU,LANDUNGSARI,BATU
3074669154,,ODP-KPO-FBC/44,-7.927519,112.584955,,,14,2,0,0,16,REGIONAL 5,MALANG,BATU,KPO,KARANGPLOSO,,2024-03-16 23:28:33,43409,2018,11,NON TITO,,,JAWA TIMUR,0.125,GREEN,406093364,AREA 3,JATIM,MALANG,MALANG,,,0,0,0,JAWA TIMUR,MALANG,DAU,LANDUNGSARI,BATU
5409870614,,ODP-PKS-FZ/09,-7.940846,112.692169,,,5,3,0,0,8,REGIONAL 5,MALANG,MALANG,PKS,PAKIS,,2024-03-16 23:28:40,44093,2020,9,NON TITO,,,JAWA TIMUR,0.375,GREEN,843345455,AREA 3,JATIM,MALANG,MALANG,,,0,0,0,JAWA TIMUR,MALANG,PAKIS,SAPTORENGGO,BATU
3066718633,,ODP-BLB-FBW/28,-7.946748,112.642165,,,13,3,0,0,16,REGIONAL 5,MALANG,MALANG,BLB,BLIMBING,,2024-03-16 23:22:49,43408,2018,11,NON TITO,,,JAWA TIMUR,0.1875,GREEN,406085850,AREA 3,JATIM,MALANG,MALANG,,,0,0,0,JAWA TIMUR,KOTA MALANG,BLIMBING,PURWANTORO,BATU
3066718563,,ODP-BLB-FBW/37,-7.955619,112.638491,,,10,6,0,0,16,REGIONAL 5,MALANG,MALANG,BLB,BLIMBING,,2024-03-16 23:22:01,43408,2018,11,NON TITO,,,JAWA TIMUR,0.375,GREEN,406085824,AREA 3,JATIM,MALANG,MALANG,,,0,0,0,JAWA TIMUR,KOTA MALANG,BLIMBING,PURWANTORO,BATU
10468618675,,ODP-BTU-FAG/138,-7.824167,112.533611,,,5,3,0,0,8,REGIONAL 5,MALANG,BATU,BTU,BATU,,2024-03-16 23:23:06,45138,2023,7,NON TITO,,,JAWA TIMUR,0.375,GREEN,1306918062,AREA 3,JATIM,MALANG,MALANG,,,0,0,0,JAWA TIMUR,KOTA BATU,BUMIAJI,TULUNGREJO,BATU
5431245174,,ODP-BLB-FDT/19,-7.945728,112.641037,,,5,3,0,0,8,REGIONAL 5,MALANG,MALANG,BLB,BLIMBING,,2024-03-16 23:26:25,44100,2020,9,NON TITO,,,JAWA TIMUR,0.375,GREEN,843830025,AREA 3,JATIM,MALANG,MALANG,,,0,0,0,JAWA TIMUR,KOTA MALANG,BLIMBING,PURWANTORO,BATU
10446868698,,ODP-BTU-FX/139,-7.8852,112.5391,,,5,3,0,0,8,REGIONAL 5,MALANG,BATU,BTU,BATU,,2024-03-16 23:21:59,45137,2023,7,NON TITO,,,JAWA TIMUR,0.375,GREEN,1306765836,AREA 3,JATIM,MALANG,MALANG,,,0,0,0,JAWA TIMUR,KOTA BATU,BATU,TEMAS,BATU
292959806,,ODP-KPO-FA/41,-7.9282,112.5937,,,12,4,0,0,16,REGIONAL 5,MALANG,BATU,KPO,KARANGPLOSO,,2024-03-16 23:26:51,42485,2016,4,NON TITO,,,JAWA TIMUR,0.25,GREEN,19768924,AREA 3,JATIM,MALANG,MALANG,,,0,0,0,JAWA TIMUR,MALANG,DAU,LANDUNGSARI,BATU
10410044098,,ODP-BTU-FBY/10,-7.8283,112.5296,,,6,2,0,0,8,REGIONAL 5,MALANG,BATU,BTU,BATU,,2024-03-16 23:26:17,45130,2023,7,NON TITO,,,JAWA TIMUR,0.25,GREEN,1303897500,AREA 3,JATIM,MALANG,MALANG,,,0,0,0,JAWA TIMUR,KOTA BATU,BUMIAJI,PUNTEN,BATU
10410194203,,ODP-SGS-FAE/21,-7.855816,112.655703,,,5,3,0,0,8,REGIONAL 5,MALANG,MALANG,SGS,SINGOSARI,,2024-03-16 23:23:20,45128,2023,7,NON TITO,,,JAWA TIMUR,0.375,GREEN,1303680610,AREA 3,JATIM,MALANG,MALANG,,,0,0,0,JAWA TIMUR,MALANG,SINGOSARI,TOYOMARTO,BATU
3062821276,,ODP-MLG-FBQ/23,-7.963319,112.689114,,,13,3,0,0,16,REGIONAL 5,MALANG,MALANG,PKS,PAKIS,,2024-03-16 23:22:47,43404,2018,10,NON TITO,,,JAWA TIMUR,0.1875,GREEN,406066243,AREA 3,JATIM,MALANG,MALANG,,,0,0,0,JAWA TIMUR,MALANG,PAKIS,AMPELDENTO,BATU
5431245204,,ODP-BLB-FDT/18,-7.945839,112.641413,,,6,2,0,0,8,REGIONAL 5,MALANG,MALANG,BLB,BLIMBING,,2024-03-16 23:25:30,44100,2020,9,NON TITO,,,JAWA TIMUR,0.25,GREEN,843830049,AREA 3,JATIM,MALANG,MALANG,,,0,0,0,JAWA TIMUR,KOTA MALANG,BLIMBING,PURWANTORO,BATU
10497569133,,ODP-BLB-FCN/07,-7.95419,112.626331,,,13,3,0,0,16,REGIONAL 5,MALANG,MALANG,BLB,BLIMBING,,2024-03-16 23:22:18,45152,2023,8,NON TITO,,,JAWA TIMUR,0.1875,GREEN,1311497324,AREA 3,JATIM,MALANG,MALANG,,,0,0,0,JAWA TIMUR,KOTA MALANG,LOWOKWARU,LOWOKWARU,BATU
3106694149,,ODP-PKS-FQ/43,-7.952995,112.670512,,,7,1,0,0,8,REGIONAL 5,MALANG,MALANG,PKS,PAKIS,,2024-03-16 23:28:22,43420,2018,11,NON TITO,,,JAWA TIMUR,0.125,GREEN,406298004,AREA 3,JATIM,MALANG,MALANG,,,0,0,0,JAWA TIMUR,MALANG,PAKIS,MANGLIAWAN,BATU
292957954,,ODP-KPO-FH/15,-7.9137,112.5804,,,6,2,0,0,8,REGIONAL 5,MALANG,BATU,KPO,KARANGPLOSO,,2024-03-16 23:25:53,42485,2016,4,NON TITO,,,JAWA TIMUR,0.25,GREEN,19767453,AREA 3,JATIM,MALANG,MALANG,,,0,0,0,JAWA TIMUR,MALANG,DAU,MULYOAGUNG,BATU
292957747,,ODP-KPO-FH/11,-7.9139,112.5813,,,11,4,0,0,16,REGIONAL 5,MALANG,BATU,KPO,KARANGPLOSO,,2024-03-16 23:25:33,42485,2016,4,NON TITO,,,JAWA TIMUR,0.25,GREEN,19767289,AREA 3,JATIM,MALANG,MALANG,,,0,0,0,JAWA TIMUR,MALANG,DAU,MULYOAGUNG,BATU
5409869721,,ODP-PKS-FH/20,-7.947406,112.727612,,,7,1,0,0,8,REGIONAL 5,MALANG,MALANG,PKS,PAKIS,,2024-03-16 23:28:33,44090,2020,9,NON TITO,,,JAWA TIMUR,0.125,GREEN,843201768,AREA 3,JATIM,MALANG,MALANG,,,0,0,0,JAWA TIMUR,MALANG,PAKIS,PAKISJAJAR,BATU
3106693655,,ODP-PKS-FQ/42,-7.953388,112.670849,,,10,6,0,0,16,REGIONAL 5,MALANG,MALANG,PKS,PAKIS,,2024-03-16 23:28:07,43420,2018,11,NON TITO,,,JAWA TIMUR,0.375,GREEN,406297546,AREA 3,JATIM,MALANG,MALANG,,,0,0,0,JAWA TIMUR,MALANG,PAKIS,MANGLIAWAN,BATU
10531845337,,ODP-BLB-FBV/71,-7.943101,112.646774,,,6,2,0,0,8,REGIONAL 5,MALANG,MALANG,BLB,BLIMBING,,2024-03-16 23:27:26,45160,2023,8,NON TITO,,,JAWA TIMUR,0.25,GREEN,1312177748,AREA 3,JATIM,MALANG,MALANG,,,0,0,0,JAWA TIMUR,KOTA MALANG,BLIMBING,BLIMBING,BATU
10534843557,,ODP-LWG-FAC/28,-7.861183,112.708187,,,6,2,0,0,8,REGIONAL 5,MALANG,MALANG,LWG,LAWANG,,2024-03-16 23:24:27,45156,2023,8,NON TITO,,,JAWA TIMUR,0.25,GREEN,1312099868,AREA 3,JATIM,MALANG,MALANG,,,0,0,0,JAWA TIMUR,MALANG,LAWANG,SIDODADI,BATU
5409869739,,ODP-PKS-FH/22,-7.947938,112.727801,,,6,2,0,0,8,REGIONAL 5,MALANG,MALANG,PKS,PAKIS,,2024-03-16 23:28:24,44090,2020,9,NON TITO,,,JAWA TIMUR,0.25,GREEN,843201780,AREA 3,JATIM,MALANG,MALANG,,,0,0,0,JAWA TIMUR,MALANG,PAKIS,PAKISJAJAR,BATU
5409869748,,ODP-PKS-FH/16,-7.95642,112.746004,,,7,1,0,0,8,REGIONAL 5,MALANG,MALANG,PKS,PAKIS,,2024-03-16 23:28:38,44090,2020,9,NON TITO,,,JAWA TIMUR,0.125,GREEN,843201786,AREA 3,JATIM,MALANG,MALANG,,,0,0,0,JAWA TIMUR,MALANG,JABUNG,SUKOLILO,BATU
10531468776,,ODP-SGS-FAN/23,-7.90179,112.649009,,,5,3,0,0,8,REGIONAL 5,MALANG,MALANG,SGS,SINGOSARI,,2024-03-16 23:23:48,45156,2023,8,NON TITO,,,JAWA TIMUR,0.375,GREEN,1312098236,AREA 3,JATIM,MALANG,MALANG,,,0,0,0,JAWA TIMUR,MALANG,SINGOSARI,PURWOASRI,BATU
292931573,,ODP-KPO-FB/15,-7.9218,112.5924,,,13,3,0,0,16,REGIONAL 5,MALANG,BATU,KPO,KARANGPLOSO,,2024-03-16 23:27:50,42485,2016,4,NON TITO,,,JAWA TIMUR,0.1875,GREEN,19744319,AREA 3,JATIM,MALANG,MALANG,,,0,0,0,JAWA TIMUR,MALANG,DAU,MULYOAGUNG,BATU
292937625,,ODP-KPO-FB/24,-7.9241,112.5927,,,11,5,0,0,16,REGIONAL 5,MALANG,BATU,KPO,KARANGPLOSO,,2024-03-16 23:28:57,42485,2016,4,NON TITO,,,JAWA TIMUR,0.3125,GREEN,19750241,AREA 3,JATIM,MALANG,MALANG,,,0,0,0,JAWA TIMUR,MALANG,DAU,MULYOAGUNG,BATU
5409870554,,ODP-PKS-FZ/05,-7.938633,112.693026,,,6,2,0,0,8,REGIONAL 5,MALANG,MALANG,PKS,PAKIS,,2024-03-16 23:28:51,44093,2020,9,NON TITO,,,JAWA TIMUR,0.25,GREEN,843345424,AREA 3,JATIM,MALANG,MALANG,,,0,0,0,JAWA TIMUR,MALANG,PAKIS,SAPTORENGGO,BATU
10515044759,,ODP-BLB-FAE/64,-7.94556,112.629709,,,11,5,0,0,16,REGIONAL 5,MALANG,MALANG,BLB,BLIMBING,,2024-03-16 23:27:49,45154,2023,8,NON TITO,,,JAWA TIMUR,0.3125,GREEN,1311581257,AREA 3,JATIM,MALANG,MALANG,,,0,0,0,JAWA TIMUR,KOTA MALANG,LOWOKWARU,TULUSREJO,BATU
3074670593,,ODP-BTU-FV/21,-7.879025,112.534317,,,6,2,0,0,8,REGIONAL 5,MALANG,BATU,BTU,BATU,,2024-03-16 23:28:29,43411,2018,11,NON TITO,,,JAWA TIMUR,0.25,GREEN,406105378,AREA 3,JATIM,MALANG,MALANG,,,0,0,0,JAWA TIMUR,KOTA BATU,BATU,SISIR,BATU
10496673605,,ODP-BLB-FCN/171,-7.948712,112.619709,,,13,3,0,0,16,REGIONAL 5,MALANG,MALANG,BLB,BLIMBING,,2024-03-16 23:27:20,45154,2023,8,NON TITO,,,JAWA TIMUR,0.1875,GREEN,1311579932,AREA 3,JATIM,MALANG,MALANG,,,0,0,0,JAWA TIMUR,KOTA MALANG,LOWOKWARU,JATIMULYO,BATU
10496673600,,ODP-BLB-FCN/172,-7.949166,112.619604,,,13,3,0,0,16,REGIONAL 5,MALANG,MALANG,BLB,BLIMBING,,2024-03-16 23:28:23,45154,2023,8,NON TITO,,,JAWA TIMUR,0.1875,GREEN,1311579929,AREA 3,JATIM,MALANG,MALANG,,,0,0,0,JAWA TIMUR,KOTA MALANG,LOWOKWARU,JATIMULYO,BATU
292942995,,ODP-KPO-FB/18,-7.9229,112.5931,,,10,5,0,0,16,REGIONAL 5,MALANG,BATU,KPO,KARANGPLOSO,,2024-03-16 23:22:43,42485,2016,4,NON TITO,,,JAWA TIMUR,0.3125,GREEN,19755442,AREA 3,JATIM,MALANG,MALANG,,,0,0,0,JAWA TIMUR,MALANG,DAU,MULYOAGUNG,BATU
3074670578,,ODP-BTU-FV/31,-7.878047,112.529371,,,6,2,0,0,8,REGIONAL 5,MALANG,BATU,BTU,BATU,,2024-03-16 23:29:06,43411,2018,11,NON TITO,,,JAWA TIMUR,0.25,GREEN,406105367,AREA 3,JATIM,MALANG,MALANG,,,0,0,0,JAWA TIMUR,KOTA BATU,BATU,SISIR,BATU
5409870564,,ODP-PKS-FZ/33,-7.938275,112.693298,,,7,1,0,0,8,REGIONAL 5,MALANG,MALANG,PKS,PAKIS,,2024-03-16 23:28:59,44093,2020,9,NON TITO,,,JAWA TIMUR,0.125,GREEN,843345428,AREA 3,JATIM,MALANG,MALANG,,,0,0,0,JAWA TIMUR,MALANG,PAKIS,SAPTORENGGO,BATU
292956542,,ODP-KPO-FH/10,-7.9138,112.5806,,,12,4,0,0,16,REGIONAL 5,MALANG,BATU,KPO,KARANGPLOSO,,2024-03-16 23:25:38,42485,2016,4,NON TITO,,,JAWA TIMUR,0.25,GREEN,19766319,AREA 3,JATIM,MALANG,MALANG,,,0,0,0,JAWA TIMUR,MALANG,DAU,MULYOAGUNG,BATU
10497569141,,ODP-BLB-FCN/08,-7.95369,112.625235,,,13,3,0,0,16,REGIONAL 5,MALANG,MALANG,BLB,BLIMBING,,2024-03-16 23:22:49,45152,2023,8,NON TITO,,,JAWA TIMUR,0.1875,GREEN,1311497329,AREA 3,JATIM,MALANG,MALANG,,,0,0,0,JAWA TIMUR,KOTA MALANG,LOWOKWARU,LOWOKWARU,BATU
292956864,,ODP-KPO-FH/08,-7.9143,112.5807,,,13,3,0,0,16,REGIONAL 5,MALANG,BATU,KPO,KARANGPLOSO,,2024-03-16 23:25:22,42485,2016,4,NON TITO,,,JAWA TIMUR,0.1875,GREEN,19766578,AREA 3,JATIM,MALANG,MALANG,,,0,0,0,JAWA TIMUR,MALANG,DAU,MULYOAGUNG,BATU
10497569138,,ODP-BLB-FCN/09,-7.953023,112.623892,,,7,6,3,0,16,REGIONAL 5,MALANG,MALANG,BLB,BLIMBING,,2024-03-16 23:23:10,45152,2023,8,NON TITO,,,JAWA TIMUR,0.375,GREEN,1311497327,AREA 3,JATIM,MALANG,MALANG,,,0,0,0,JAWA TIMUR,KOTA MALANG,LOWOKWARU,LOWOKWARU,BATU
292957930,,ODP-KPO-FH/03,-7.9144,112.5812,,,14,2,0,0,16,REGIONAL 5,MALANG,BATU,KPO,KARANGPLOSO,,2024-03-16 23:26:22,42485,2016,4,NON TITO,,,JAWA TIMUR,0.125,GREEN,19767432,AREA 3,JATIM,MALANG,MALANG,,,0,0,0,JAWA TIMUR,MALANG,DAU,MULYOAGUNG,BATU
3106694485,,ODP-PKS-FQ/44,-7.951677,112.67124,,,5,3,0,0,8,REGIONAL 5,MALANG,MALANG,PKS,PAKIS,,2024-03-16 23:28:15,43420,2018,11,NON TITO,,,JAWA TIMUR,0.375,GREEN,406370350,AREA 3,JATIM,MALANG,MALANG,,,0,0,0,JAWA TIMUR,MALANG,PAKIS,MANGLIAWAN,BATU
3106093666,,ODP-KPO-FBC/55,-7.926117,112.58198,,,12,4,0,0,16,REGIONAL 5,MALANG,BATU,KPO,KARANGPLOSO,,2024-03-16 23:25:22,43420,2018,11,NON TITO,,,JAWA TIMUR,0.25,GREEN,406370802,AREA 3,JATIM,MALANG,MALANG,,,0,0,0,JAWA TIMUR,MALANG,DAU,LANDUNGSARI,BATU
3106093688,,ODP-KPO-FBC/50,-7.927294,112.583199,,,12,4,0,0,16,REGIONAL 5,MALANG,BATU,KPO,KARANGPLOSO,,2024-03-16 23:25:00,43420,2018,11,NON TITO,,,JAWA TIMUR,0.25,GREEN,406370826,AREA 3,JATIM,MALANG,MALANG,,,0,0,0,JAWA TIMUR,MALANG,DAU,LANDUNGSARI,BATU
10951543632,,ODP-NTG-FD/19,-7.81761,112.38144,,,6,2,0,0,8,REGIONAL 5,MALANG,BATU,NTG,NGANTANG,,2024-03-16 23:24:23,45252,2023,11,NON TITO,,,JAWA TIMUR,0.25,GREEN,1336401898,AREA 3,JATIM,MALANG,MALANG,,,0,0,0,JAWA TIMUR,MALANG,NGANTANG,JOMBOK,BATU
292883384,,ODP-KPO-FE/05,-7.8702,112.5672,,,12,4,0,0,16,REGIONAL 5,MALANG,BATU,KPO,KARANGPLOSO,,2024-03-16 23:24:03,42485,2016,4,NON TITO,,,JAWA TIMUR,0.25,GREEN,19692720,AREA 3,JATIM,MALANG,MALANG,,,0,0,0,JAWA TIMUR,MALANG,KARANGPLOSO,TAWANGARGO,BATU
3207569463,,ODP-BLB-FCN/60,-7.957288,112.625601,,,6,2,0,0,8,REGIONAL 5,MALANG,MALANG,BLB,BLIMBING,,2024-03-16 23:22:19,43467,2019,1,NON TITO,,,JAWA TIMUR,0.25,GREEN,408769241,AREA 3,JATIM,MALANG,MALANG,,,0,0,0,JAWA TIMUR,KOTA MALANG,KLOJEN,SAMAAN,BATU
10951243579,,ODP-KPO-FE/74,-7.87899,112.57591,,,6,2,0,0,8,REGIONAL 5,MALANG,BATU,KPO,KARANGPLOSO,,2024-03-16 23:23:33,45251,2023,11,NON TITO,,,JAWA TIMUR,0.25,GREEN,1336393185,AREA 3,JATIM,MALANG,MALANG,,,0,0,0,JAWA TIMUR,MALANG,KARANGPLOSO,TAWANGARGO,BATU
292884129,,ODP-KPO-FH/09,-7.9144,112.5811,,,10,5,0,0,16,REGIONAL 5,MALANG,BATU,KPO,KARANGPLOSO,,2024-03-16 23:23:48,42485,2016,4,NON TITO,,,JAWA TIMUR,0.3125,GREEN,19693304,AREA 3,JATIM,MALANG,MALANG,,,0,0,0,JAWA TIMUR,MALANG,DAU,MULYOAGUNG,BATU
10948018564,,ODP-SGS-FAC/93,-7.908475,112.674331,,,6,2,0,0,8,REGIONAL 5,MALANG,MALANG,SGS,SINGOSARI,,2024-03-16 23:26:10,45251,2023,11,NON TITO,,,JAWA TIMUR,0.25,GREEN,1336390652,AREA 3,JATIM,MALANG,MALANG,,,0,0,0,JAWA TIMUR,MALANG,SINGOSARI,WATUGEDE,BATU
10900694115,,ODP-PKS-FW/51,-7.932554,112.746511,,,11,5,0,0,16,REGIONAL 5,MALANG,MALANG,PKS,PAKIS,,2024-03-16 23:27:14,45245,2023,11,NON TITO,,,JAWA TIMUR,0.3125,GREEN,1333986391,AREA 3,JATIM,MALANG,MALANG,,,0,0,0,JAWA TIMUR,MALANG,JABUNG,KEMANTREN,BATU
292885023,,ODP-KPO-FH/05,-7.9141,112.5818,,,10,6,0,0,16,REGIONAL 5,MALANG,BATU,KPO,KARANGPLOSO,,2024-03-16 23:24:16,42485,2016,4,NON TITO,,,JAWA TIMUR,0.375,GREEN,19694000,AREA 3,JATIM,MALANG,MALANG,,,0,0,0,JAWA TIMUR,MALANG,DAU,MULYOAGUNG,BATU
5395019056,,ODP-TMP-FJ/08,-8.005688,112.763426,,,5,3,0,0,8,REGIONAL 5,MALANG,MALANG,TMP,TUMPANG,,2024-03-16 23:24:44,44085,2020,9,NON TITO,,,JAWA TIMUR,0.375,GREEN,842898447,AREA 3,JATIM,MALANG,MALANG,,,0,0,0,JAWA TIMUR,MALANG,TUMPANG,TUMPANG,BATU
10900694100,,ODP-PKS-FW/45,-7.931288,112.746089,,,10,6,0,0,16,REGIONAL 5,MALANG,MALANG,PKS,PAKIS,,2024-03-16 23:27:12,45245,2023,11,NON TITO,,,JAWA TIMUR,0.375,GREEN,1333986382,AREA 3,JATIM,MALANG,MALANG,,,0,0,0,JAWA TIMUR,MALANG,JABUNG,KEMANTREN,BATU
292885203,,ODP-KPO-FH/06,-7.914,112.5822,,,11,4,0,0,16,REGIONAL 5,MALANG,BATU,KPO,KARANGPLOSO,,2024-03-16 23:24:42,42485,2016,4,NON TITO,,,JAWA TIMUR,0.25,GREEN,19694145,AREA 3,JATIM,MALANG,MALANG,,,0,0,0,JAWA TIMUR,MALANG,DAU,MULYOAGUNG,BATU
292885393,,ODP-KPO-FH/04,-7.9142,112.5814,,,13,3,0,0,16,REGIONAL 5,MALANG,BATU,KPO,KARANGPLOSO,,2024-03-16 23:24:35,42485,2016,4,NON TITO,,,JAWA TIMUR,0.1875,GREEN,19694294,AREA 3,JATIM,MALANG,MALANG,,,0,0,0,JAWA TIMUR,MALANG,DAU,MULYOAGUNG,BATU
292885433,,ODP-KPO-FD/06,-7.8719,112.5797,,,7,1,0,0,8,REGIONAL 5,MALANG,BATU,KPO,KARANGPLOSO,,2024-03-16 23:24:28,42485,2016,4,NON TITO,,,JAWA TIMUR,0.125,GREEN,19694324,AREA 3,JATIM,MALANG,MALANG,,,0,0,0,JAWA TIMUR,MALANG,KARANGPLOSO,DONOWARIH,BATU
5395019083,,ODP-TMP-FJ/58,-8.012405,112.756548,,,5,3,0,0,8,REGIONAL 5,MALANG,MALANG,TMP,TUMPANG,,2024-03-16 23:24:38,44085,2020,9,NON TITO,,,JAWA TIMUR,0.375,GREEN,842898465,AREA 3,JATIM,MALANG,MALANG,,,0,0,0,JAWA TIMUR,MALANG,TUMPANG,TUMPANG,BATU
292885528,,ODP-KPO-FA/30,-7.9281,112.5925,,,11,5,0,0,16,REGIONAL 5,MALANG,BATU,KPO,KARANGPLOSO,,2024-03-16 23:23:36,42485,2016,4,NON TITO,,,JAWA TIMUR,0.3125,GREEN,19694395,AREA 3,JATIM,MALANG,MALANG,,,0,0,0,JAWA TIMUR,MALANG,DAU,MULYOAGUNG,BATU
10900768589,,ODP-KPO-FBD/134,-7.926586,112.562966,,,15,1,0,0,16,REGIONAL 5,MALANG,BATU,KPO,KARANGPLOSO,,2024-03-16 23:28:59,45243,2023,11,NON TITO,,,JAWA TIMUR,0.0625,GREEN,1333459866,AREA 3,JATIM,MALANG,MALANG,,,0,0,0,JAWA TIMUR,MALANG,DAU,GADINGKULON,BATU
10894693652,,ODP-BLB-FBL/112,-7.921885,112.616164,,,11,5,0,0,16,REGIONAL 5,MALANG,MALANG,BLB,BLIMBING,,2024-03-16 23:25:31,45240,2023,11,NON TITO,,,JAWA TIMUR,0.3125,GREEN,1333306015,AREA 3,JATIM,MALANG,MALANG,,,0,0,0,JAWA TIMUR,KOTA MALANG,LOWOKWARU,TUNGGULWULUNG,BATU
10894693645,,ODP-BLB-FBL/111,-7.921637,112.615734,,,11,5,0,0,16,REGIONAL 5,MALANG,MALANG,BLB,BLIMBING,,2024-03-16 23:24:54,45240,2023,11,NON TITO,,,JAWA TIMUR,0.3125,GREEN,1333306011,AREA 3,JATIM,MALANG,MALANG,,,0,0,0,JAWA TIMUR,KOTA MALANG,LOWOKWARU,TUNGGULWULUNG,BATU
292885892,,ODP-KPO-FD/07,-7.8711,112.5797,,,11,5,0,0,16,REGIONAL 5,MALANG,BATU,KPO,KARANGPLOSO,,2024-03-16 23:24:47,42485,2016,4,NON TITO,,,JAWA TIMUR,0.3125,GREEN,19694678,AREA 3,JATIM,MALANG,MALANG,,,0,0,0,JAWA TIMUR,MALANG,KARANGPLOSO,DONOWARIH,BATU
10894693635,,ODP-BLB-FBL/108,-7.921309,112.615496,,,6,2,0,0,8,REGIONAL 5,MALANG,MALANG,BLB,BLIMBING,,2024-03-16 23:25:19,45240,2023,11,NON TITO,,,JAWA TIMUR,0.25,GREEN,1333306004,AREA 3,JATIM,MALANG,MALANG,,,0,0,0,JAWA TIMUR,KOTA MALANG,LOWOKWARU,TUNGGULWULUNG,BATU
10894693624,,ODP-BLB-FBL/114,-7.921709,112.616448,,,9,6,1,0,16,REGIONAL 5,MALANG,MALANG,BLB,BLIMBING,,2024-03-16 23:25:22,45240,2023,11,NON TITO,,,JAWA TIMUR,0.375,GREEN,1333305999,AREA 3,JATIM,MALANG,MALANG,,,0,0,0,JAWA TIMUR,KOTA MALANG,LOWOKWARU,TUNGGULWULUNG,BATU
292866553,,ODP-BTU-FD/01,-7.8842,112.5192,,,10,6,0,0,16,REGIONAL 5,MALANG,BATU,BTU,BATU,,2024-03-16 23:27:25,42485,2016,4,NON TITO,,,JAWA TIMUR,0.375,GREEN,19678905,AREA 3,JATIM,MALANG,MALANG,,,0,0,0,JAWA TIMUR,KOTA BATU,BATU,NGAGLIK,BATU
10894693611,,ODP-BLB-FBL/109,-7.921309,112.615713,,,13,3,0,0,16,REGIONAL 5,MALANG,MALANG,BLB,BLIMBING,,2024-03-16 23:25:14,45240,2023,11,NON TITO,,,JAWA TIMUR,0.1875,GREEN,1333305991,AREA 3,JATIM,MALANG,MALANG,,,0,0,0,JAWA TIMUR,KOTA MALANG,LOWOKWARU,TUNGGULWULUNG,BATU
292864297,,ODP-KPO-FB/19,-7.9231,112.5923,,,12,4,0,0,16,REGIONAL 5,MALANG,BATU,KPO,KARANGPLOSO,,2024-03-16 23:26:56,42485,2016,4,NON TITO,,,JAWA TIMUR,0.25,GREEN,19676676,AREA 3,JATIM,MALANG,MALANG,,,0,0,0,JAWA TIMUR,MALANG,DAU,MULYOAGUNG,BATU
292856845,,ODP-KPO-FA/20,-7.9305,112.5965,,,9,5,0,0,16,REGIONAL 5,MALANG,BATU,KPO,KARANGPLOSO,,2024-03-16 23:25:32,42485,2016,4,NON TITO,,,JAWA TIMUR,0.3125,GREEN,19669342,AREA 3,JATIM,MALANG,MALANG,,,0,0,0,JAWA TIMUR,MALANG,DAU,LANDUNGSARI,BATU
288154816,,ODP-BLB-FCT/04,-7.9394,112.6251,,,11,5,0,0,16,REGIONAL 5,MALANG,MALANG,BLB,BLIMBING,,2024-03-16 23:28:22,42483,2016,4,NON TITO,,,JAWA TIMUR,0.3125,GREEN,19476163,AREA 3,JATIM,MALANG,MALANG,,,0,0,0,JAWA TIMUR,KOTA MALANG,LOWOKWARU,MOJOLANGU,BATU
10997443664,,ODP-BLB-FEB/64,-7.959978,112.642444,,,5,2,0,0,8,REGIONAL 5,MALANG,MALANG,BLB,BLIMBING,,2024-03-16 23:28:33,45254,2023,11,NON TITO,,,JAWA TIMUR,0.25,GREEN,1338188802,AREA 3,JATIM,MALANG,MALANG,,,0,0,0,JAWA TIMUR,KOTA MALANG,BLIMBING,PURWANTORO,BATU
5431318613,,ODP-BLB-FBY/60,-7.968987,112.649381,,,6,2,0,0,8,REGIONAL 5,MALANG,MALANG,BLB,BLIMBING,,2024-03-16 23:27:48,44097,2020,9,NON TITO,,,JAWA TIMUR,0.25,GREEN,841306973,AREA 3,JATIM,MALANG,MALANG,,,0,0,0,JAWA TIMUR,KOTA MALANG,BLIMBING,BUNULREJO,BATU
11003293596,,ODP-SGS-FAC/102,-7.898319,112.664312,,,12,4,0,0,16,REGIONAL 5,MALANG,MALANG,SGS,SINGOSARI,,2024-03-16 23:26:17,45253,2023,11,NON TITO,,,JAWA TIMUR,0.25,GREEN,1338111407,AREA 3,JATIM,MALANG,MALANG,,,0,0,0,JAWA TIMUR,MALANG,SINGOSARI,PAGENTAN,BATU
5431318633,,ODP-BLB-FBY/65,-7.969831,112.652972,,,6,2,0,0,8,REGIONAL 5,MALANG,MALANG,BLB,BLIMBING,,2024-03-16 23:28:27,44097,2020,9,NON TITO,,,JAWA TIMUR,0.25,GREEN,841306985,AREA 3,JATIM,MALANG,MALANG,,,0,0,0,JAWA TIMUR,KOTA MALANG,BLIMBING,BUNULREJO,BATU
5431318643,,ODP-BLB-FBY/64,-7.969938,112.651575,,,5,3,0,0,8,REGIONAL 5,MALANG,MALANG,BLB,BLIMBING,,2024-03-16 23:27:26,44097,2020,9,NON TITO,,,JAWA TIMUR,0.375,GREEN,841306991,AREA 3,JATIM,MALANG,MALANG,,,0,0,0,JAWA TIMUR,KOTA MALANG,BLIMBING,BUNULREJO,BATU
5431318648,,ODP-BLB-FBY/67,-7.968859,112.652813,,,6,2,0,0,8,REGIONAL 5,MALANG,MALANG,BLB,BLIMBING,,2024-03-16 23:27:58,44097,2020,9,NON TITO,,,JAWA TIMUR,0.25,GREEN,841306994,AREA 3,JATIM,MALANG,MALANG,,,0,0,0,JAWA TIMUR,KOTA MALANG,BLIMBING,BUNULREJO,BATU
5431318658,,ODP-BLB-FBY/76,-7.962899,112.65212,,,5,3,0,0,8,REGIONAL 5,MALANG,MALANG,BLB,BLIMBING,,2024-03-16 23:28:22,44097,2020,9,NON TITO,,,JAWA TIMUR,0.375,GREEN,841307000,AREA 3,JATIM,MALANG,MALANG,,,0,0,0,JAWA TIMUR,KOTA MALANG,BLIMBING,PANDANWANGI,BATU
10997893628,,ODP-BLB-FDP/52,-7.926496,112.639382,,,9,6,0,0,16,REGIONAL 5,MALANG,MALANG,BLB,BLIMBING,,2024-03-16 23:27:19,45253,2023,11,NON TITO,,,JAWA TIMUR,0.375,GREEN,1337061601,AREA 3,JATIM,MALANG,MALANG,,,0,0,0,JAWA TIMUR,KOTA MALANG,BLIMBING,POLOWIJEN,BATU
288155322,,ODP-BLB-FDA/10,-7.9368,112.668,,,10,6,0,0,16,REGIONAL 5,MALANG,MALANG,BLB,BLIMBING,,2024-03-16 23:28:54,42483,2016,4,NON TITO,,,JAWA TIMUR,0.375,GREEN,19476538,AREA 3,JATIM,MALANG,MALANG,,,0,0,0,JAWA TIMUR,MALANG,PAKIS,TIRTOMOYO,BATU
5431318693,,ODP-BLB-FBY/77,-7.96369,112.651726,,,6,2,0,0,8,REGIONAL 5,MALANG,MALANG,BLB,BLIMBING,,2024-03-16 23:28:36,44097,2020,9,NON TITO,,,JAWA TIMUR,0.25,GREEN,841307021,AREA 3,JATIM,MALANG,MALANG,,,0,0,0,JAWA TIMUR,KOTA MALANG,BLIMBING,PANDANWANGI,BATU
10997893588,,ODP-BLB-FDP/63,-7.929034,112.647326,,,11,5,0,0,16,REGIONAL 5,MALANG,MALANG,BLB,BLIMBING,,2024-03-16 23:27:48,45253,2023,11,NON TITO,,,JAWA TIMUR,0.3125,GREEN,1337061575,AREA 3,JATIM,MALANG,MALANG,,,0,0,0,JAWA TIMUR,KOTA MALANG,BLIMBING,POLOWIJEN,BATU
292849349,,ODP-KPO-FB/17,-7.9225,112.5933,,,11,5,0,0,16,REGIONAL 5,MALANG,BATU,KPO,KARANGPLOSO,,2024-03-16 23:23:52,42485,2016,4,NON TITO,,,JAWA TIMUR,0.3125,GREEN,19662036,AREA 3,JATIM,MALANG,MALANG,,,0,0,0,JAWA TIMUR,MALANG,DAU,MULYOAGUNG,BATU
5431318698,,ODP-BLB-FBY/75,-7.962512,112.652455,,,5,3,0,0,8,REGIONAL 5,MALANG,MALANG,BLB,BLIMBING,,2024-03-16 23:28:35,44097,2020,9,NON TITO,,,JAWA TIMUR,0.375,GREEN,841307024,AREA 3,JATIM,MALANG,MALANG,,,0,0,0,JAWA TIMUR,KOTA MALANG,BLIMBING,PANDANWANGI,BATU
292850891,,ODP-KPO-FA/02,-7.9325,112.5972,,,12,4,0,0,16,REGIONAL 5,MALANG,BATU,KPO,KARANGPLOSO,,2024-03-16 23:24:18,42485,2016,4,NON TITO,,,JAWA TIMUR,0.25,GREEN,19663528,AREA 3,JATIM,MALANG,MALANG,,,0,0,0,JAWA TIMUR,MALANG,DAU,LANDUNGSARI,BATU
292853797,,ODP-KPO-FA/01,-7.933,112.5972,,,12,3,0,0,16,REGIONAL 5,MALANG,BATU,KPO,KARANGPLOSO,,2024-03-16 23:24:45,42485,2016,4,NON TITO,,,JAWA TIMUR,0.1875,GREEN,19666381,AREA 3,JATIM,MALANG,MALANG,,,0,0,0,JAWA TIMUR,MALANG,DAU,LANDUNGSARI,BATU
292854166,,ODP-KPO-FA/09,-7.9321,112.597,,,11,5,0,0,16,REGIONAL 5,MALANG,BATU,KPO,KARANGPLOSO,,2024-03-16 23:24:49,42485,2016,4,NON TITO,,,JAWA TIMUR,0.3125,GREEN,19666738,AREA 3,JATIM,MALANG,MALANG,,,0,0,0,JAWA TIMUR,MALANG,DAU,LANDUNGSARI,BATU
10997893553,,ODP-BLB-FDP/69,-7.933382,112.646394,,,11,5,0,0,16,REGIONAL 5,MALANG,MALANG,BLB,BLIMBING,,2024-03-16 23:27:23,45253,2023,11,NON TITO,,,JAWA TIMUR,0.3125,GREEN,1337061549,AREA 3,JATIM,MALANG,MALANG,,,0,0,0,JAWA TIMUR,KOTA MALANG,BLIMBING,PURWODADI,BATU
292856037,,ODP-KPO-FB/12,-7.924,112.5936,,,10,6,0,0,16,REGIONAL 5,MALANG,BATU,KPO,KARANGPLOSO,,2024-03-16 23:22:59,42485,2016,4,NON TITO,,,JAWA TIMUR,0.375,GREEN,19668563,AREA 3,JATIM,MALANG,MALANG,,,0,0,0,JAWA TIMUR,MALANG,DAU,MULYOAGUNG,BATU
292856125,,ODP-KPO-FB/22,-7.9246,112.594,,,11,5,0,0,16,REGIONAL 5,MALANG,BATU,KPO,KARANGPLOSO,,2024-03-16 23:25:18,42485,2016,4,NON TITO,,,JAWA TIMUR,0.3125,GREEN,19668648,AREA 3,JATIM,MALANG,MALANG,,,0,0,0,JAWA TIMUR,MALANG,DAU,MULYOAGUNG,BATU
5395019011,,ODP-TMP-FJ/03,-8.006752,112.763862,,,5,3,0,0,8,REGIONAL 5,MALANG,MALANG,TMP,TUMPANG,,2024-03-16 23:24:24,44085,2020,9,NON TITO,,,JAWA TIMUR,0.375,GREEN,842898417,AREA 3,JATIM,MALANG,MALANG,,,0,0,0,JAWA TIMUR,MALANG,TUMPANG,TUMPANG,BATU
292857579,,ODP-KPO-FB/14,-7.922,112.5933,,,9,6,0,0,16,REGIONAL 5,MALANG,BATU,KPO,KARANGPLOSO,,2024-03-16 23:25:15,42485,2016,4,NON TITO,,,JAWA TIMUR,0.375,GREEN,19670064,AREA 3,JATIM,MALANG,MALANG,,,0,0,0,JAWA TIMUR,MALANG,DAU,MULYOAGUNG,BATU
5395019092,,ODP-TMP-FJ/27,-8.006069,112.758222,,,5,3,0,0,8,REGIONAL 5,MALANG,MALANG,TMP,TUMPANG,,2024-03-16 23:24:51,44085,2020,9,NON TITO,,,JAWA TIMUR,0.375,GREEN,842898471,AREA 3,JATIM,MALANG,MALANG,,,0,0,0,JAWA TIMUR,MALANG,TUMPANG,TUMPANG,BATU
292886340,,ODP-KPO-FC/22,-7.9211,112.5885,,,10,6,0,0,16,REGIONAL 5,MALANG,BATU,KPO,KARANGPLOSO,,2024-03-16 23:24:35,42485,2016,4,NON TITO,,,JAWA TIMUR,0.375,GREEN,19695012,AREA 3,JATIM,MALANG,MALANG,,,0,0,0,JAWA TIMUR,MALANG,DAU,MULYOAGUNG,BATU
10738993757,,ODP-BTU-FBD/09,-7.801236,112.516331,,,5,3,0,0,8,REGIONAL 5,MALANG,BATU,BTU,BATU,,2024-03-16 23:22:58,45209,2023,10,NON TITO,,,JAWA TIMUR,0.375,GREEN,1325613735,AREA 3,JATIM,MALANG,MALANG,,,0,0,0,JAWA TIMUR,KOTA BATU,BUMIAJI,TULUNGREJO,BATU
3106094618,,ODP-KPO-FBC/64,-7.927043,112.584859,,,15,1,0,0,16,REGIONAL 5,MALANG,BATU,KPO,KARANGPLOSO,,2024-03-16 23:25:38,43420,2018,11,NON TITO,,,JAWA TIMUR,0.0625,GREEN,406371847,AREA 3,JATIM,MALANG,MALANG,,,0,0,0,JAWA TIMUR,MALANG,DAU,LANDUNGSARI,BATU
3106094587,,ODP-KPO-FBC/66,-7.926381,112.582876,,,10,6,0,0,16,REGIONAL 5,MALANG,BATU,KPO,KARANGPLOSO,,2024-03-16 23:25:46,43420,2018,11,NON TITO,,,JAWA TIMUR,0.375,GREEN,406371800,AREA 3,JATIM,MALANG,MALANG,,,0,0,0,JAWA TIMUR,MALANG,DAU,LANDUNGSARI,BATU
3108495395,,ODP-KPO-FBC/60,-7.928519,112.584725,,,11,5,0,0,16,REGIONAL 5,MALANG,BATU,KPO,KARANGPLOSO,,2024-03-16 23:28:10,43420,2018,11,NON TITO,,,JAWA TIMUR,0.3125,GREEN,406371796,AREA 3,JATIM,MALANG,MALANG,,,0,0,0,JAWA TIMUR,MALANG,DAU,LANDUNGSARI,BATU
3106094461,,ODP-KPO-FBC/53,-7.927901,112.582465,,,14,2,0,0,16,REGIONAL 5,MALANG,BATU,KPO,KARANGPLOSO,,2024-03-16 23:24:50,43420,2018,11,NON TITO,,,JAWA TIMUR,0.125,GREEN,406371623,AREA 3,JATIM,MALANG,MALANG,,,0,0,0,JAWA TIMUR,MALANG,DAU,LANDUNGSARI,BATU
292901112,,ODP-BTU-FE/10,-7.8749,112.5133,,,13,1,0,0,16,REGIONAL 5,MALANG,BATU,BTU,BATU,,2024-03-16 23:28:14,42485,2016,4,NON TITO,,,JAWA TIMUR,0.0625,GREEN,19705146,AREA 3,JATIM,MALANG,MALANG,,,0,0,0,JAWA TIMUR,KOTA BATU,BATU,PESANGGRAHAN,BATU
3106094453,,ODP-KPO-FBC/52,-7.927894,112.583266,,,12,4,0,0,16,REGIONAL 5,MALANG,BATU,KPO,KARANGPLOSO,,2024-03-16 23:24:52,43420,2018,11,NON TITO,,,JAWA TIMUR,0.25,GREEN,406371608,AREA 3,JATIM,MALANG,MALANG,,,0,0,0,JAWA TIMUR,MALANG,DAU,LANDUNGSARI,BATU
3108495310,,ODP-KPO-FBC/61,-7.928985,112.585319,,,10,6,0,0,16,REGIONAL 5,MALANG,BATU,KPO,KARANGPLOSO,,2024-03-16 23:28:00,43420,2018,11,NON TITO,,,JAWA TIMUR,0.375,GREEN,406371603,AREA 3,JATIM,MALANG,MALANG,,,0,0,0,JAWA TIMUR,MALANG,DAU,LANDUNGSARI,BATU
292901337,,ODP-BTU-FCLA/13,-7.8735,112.5245,,,15,1,0,0,16,REGIONAL 5,MALANG,BATU,BTU,BATU,,2024-03-16 23:28:28,42485,2016,4,NON TITO,,,JAWA TIMUR,0.0625,GREEN,19705271,AREA 3,JATIM,MALANG,MALANG,,,0,0,0,JAWA TIMUR,KOTA BATU,BATU,SISIR,BATU
292901467,,ODP-BTU-FCLA/07,-7.8759,112.5312,,,10,6,0,0,16,REGIONAL 5,MALANG,BATU,BTU,BATU,,2024-03-16 23:28:35,42485,2016,4,NON TITO,,,JAWA TIMUR,0.375,GREEN,19705348,AREA 3,JATIM,MALANG,MALANG,,,0,0,0,JAWA TIMUR,KOTA BATU,BATU,SISIR,BATU
10555994129,,ODP-BTU-FBS/28,-7.827072,112.475675,,,5,3,0,0,8,REGIONAL 5,MALANG,BATU,BTU,BATU,,2024-03-16 23:23:25,45166,2023,8,NON TITO,,,JAWA TIMUR,0.375,GREEN,1312701724,AREA 3,JATIM,MALANG,MALANG,,,0,0,0,JAWA TIMUR,MALANG,PUJON,WIYUREJO,BATU
3106094296,,ODP-KPO-FBC/49,-7.926965,112.582792,,,15,1,0,0,16,REGIONAL 5,MALANG,BATU,KPO,KARANGPLOSO,,2024-03-16 23:24:52,43420,2018,11,NON TITO,,,JAWA TIMUR,0.0625,GREEN,406371395,AREA 3,JATIM,MALANG,MALANG,,,0,0,0,JAWA TIMUR,MALANG,DAU,LANDUNGSARI,BATU
10555994122,,ODP-BTU-FD/97,-7.867646,112.523845,,,5,2,0,0,8,REGIONAL 5,MALANG,BATU,BTU,BATU,,2024-03-16 23:23:03,45166,2023,8,NON TITO,,,JAWA TIMUR,0.25,GREEN,1312701720,AREA 3,JATIM,MALANG,MALANG,,,0,0,0,JAWA TIMUR,KOTA BATU,BATU,NGAGLIK,BATU
3106094289,,ODP-KPO-FBC/58,-7.927765,112.584347,,,15,1,0,0,16,REGIONAL 5,MALANG,BATU,KPO,KARANGPLOSO,,2024-03-16 23:25:32,43420,2018,11,NON TITO,,,JAWA TIMUR,0.0625,GREEN,406371385,AREA 3,JATIM,MALANG,MALANG,,,0,0,0,JAWA TIMUR,MALANG,DAU,LANDUNGSARI,BATU
10543618555,,ODP-BLB-FCN/06,-7.954317,112.627303,,,10,6,0,0,16,REGIONAL 5,MALANG,MALANG,BLB,BLIMBING,,2024-03-16 23:24:11,45166,2023,8,NON TITO,,,JAWA TIMUR,0.375,GREEN,1312697187,AREA 3,JATIM,MALANG,MALANG,,,0,0,0,JAWA TIMUR,KOTA MALANG,LOWOKWARU,LOWOKWARU,BATU
292901677,,ODP-BTU-FE/13,-7.8736,112.5081,,,13,3,0,0,16,REGIONAL 5,MALANG,BATU,BTU,BATU,,2024-03-16 23:28:32,42485,2016,4,NON TITO,,,JAWA TIMUR,0.1875,GREEN,19705476,AREA 3,JATIM,MALANG,MALANG,,,0,0,0,JAWA TIMUR,KOTA BATU,BATU,PESANGGRAHAN,BATU
3106094284,,ODP-KPO-FBC/56,-7.927535,112.584552,,,12,4,0,0,16,REGIONAL 5,MALANG,BATU,KPO,KARANGPLOSO,,2024-03-16 23:24:37,43420,2018,11,NON TITO,,,JAWA TIMUR,0.25,GREEN,406371382,AREA 3,JATIM,MALANG,MALANG,,,0,0,0,JAWA TIMUR,MALANG,DAU,LANDUNGSARI,BATU
10557118588,,ODP-BTU-FF/110,-7.90145,112.528195,,,7,1,0,0,8,REGIONAL 5,MALANG,BATU,BTU,BATU,,2024-03-16 23:25:33,45164,2023,8,NON TITO,,,JAWA TIMUR,0.125,GREEN,1312410155,AREA 3,JATIM,MALANG,MALANG,,,0,0,0,JAWA TIMUR,KOTA BATU,BATU,ORO-ORO OMBO,BATU
10557118583,,ODP-BTU-FF/115,-7.902313,112.528437,,,7,1,0,0,8,REGIONAL 5,MALANG,BATU,BTU,BATU,,2024-03-16 23:23:30,45164,2023,8,NON TITO,,,JAWA TIMUR,0.125,GREEN,1312410152,AREA 3,JATIM,MALANG,MALANG,,,0,0,0,JAWA TIMUR,KOTA BATU,BATU,ORO-ORO OMBO,BATU
3106094043,,ODP-KPO-FBC/63,-7.928222,112.58551,,,12,4,0,0,16,REGIONAL 5,MALANG,BATU,KPO,KARANGPLOSO,,2024-03-16 23:25:20,43420,2018,11,NON TITO,,,JAWA TIMUR,0.25,GREEN,406371128,AREA 3,JATIM,MALANG,MALANG,,,0,0,0,JAWA TIMUR,MALANG,DAU,LANDUNGSARI,BATU
10557118568,,ODP-BTU-FF/111,-7.901662,112.528204,,,4,3,0,0,8,REGIONAL 5,MALANG,BATU,BTU,BATU,,2024-03-16 23:25:06,45164,2023,8,NON TITO,,,JAWA TIMUR,0.375,GREEN,1312410143,AREA 3,JATIM,MALANG,MALANG,,,0,0,0,JAWA TIMUR,KOTA BATU,BATU,ORO-ORO OMBO,BATU
292902273,,ODP-BTU-FB/68,-7.8861,112.5313,,,13,3,0,0,16,REGIONAL 5,MALANG,BATU,BTU,BATU,,2024-03-16 23:28:26,42485,2016,4,NON TITO,,,JAWA TIMUR,0.1875,GREEN,19705819,AREA 3,JATIM,MALANG,MALANG,,,0,0,0,JAWA TIMUR,KOTA BATU,BATU,TEMAS,BATU
3127469766,,ODP-TMP-FD/15,-8.035567,112.719154,,,5,3,0,0,8,REGIONAL 5,MALANG,MALANG,TMP,TUMPANG,,2024-03-16 23:23:29,43427,2018,11,NON TITO,,,JAWA TIMUR,0.375,GREEN,406412421,AREA 3,JATIM,MALANG,MALANG,,,0,0,0,JAWA TIMUR,MALANG,TUMPANG,NGINGIT,BATU
10564843710,,ODP-BLB-FCR/37,-7.929646,112.613399,,,10,6,0,0,16,REGIONAL 5,MALANG,MALANG,BLB,BLIMBING,,2024-03-16 23:25:04,45169,2023,8,NON TITO,,,JAWA TIMUR,0.375,GREEN,1313078932,AREA 3,JATIM,MALANG,MALANG,,,0,0,0,JAWA TIMUR,KOTA MALANG,LOWOKWARU,JATIMULYO,BATU
10564843715,,ODP-BLB-FCR/39,-7.934063,112.617891,,,12,4,0,0,16,REGIONAL 5,MALANG,MALANG,BLB,BLIMBING,,2024-03-16 23:25:08,45169,2023,8,NON TITO,,,JAWA TIMUR,0.25,GREEN,1313078935,AREA 3,JATIM,MALANG,MALANG,,,0,0,0,JAWA TIMUR,KOTA MALANG,LOWOKWARU,MOJOLANGU,BATU
292898757,,ODP-BTU-FCLB/05,-7.8691,112.5205,,,9,5,0,0,16,REGIONAL 5,MALANG,BATU,BTU,BATU,,2024-03-16 23:27:48,42485,2016,4,NON TITO,,,JAWA TIMUR,0.3125,GREEN,19703720,AREA 3,JATIM,MALANG,MALANG,,,0,0,0,JAWA TIMUR,KOTA BATU,BATU,NGAGLIK,BATU
292886941,,ODP-KPO-FE/20,-7.8793,112.5819,,,12,4,0,0,16,REGIONAL 5,MALANG,BATU,KPO,KARANGPLOSO,,2024-03-16 23:24:52,42485,2016,4,NON TITO,,,JAWA TIMUR,0.25,GREEN,19695462,AREA 3,JATIM,MALANG,MALANG,,,0,0,0,JAWA TIMUR,MALANG,KARANGPLOSO,DONOWARIH,BATU
5400868798,,ODP-TMP-FA/48,-8.021434,112.767246,,,5,3,0,0,8,REGIONAL 5,MALANG,MALANG,TMP,TUMPANG,,2024-03-16 23:22:17,44086,2020,9,NON TITO,,,JAWA TIMUR,0.375,GREEN,842972483,AREA 3,JATIM,MALANG,MALANG,,,0,0,0,JAWA TIMUR,MALANG,TUMPANG,TULUSBESAR,BATU
292887239,,ODP-KPO-FC/18,-7.91987,112.58965,,,11,5,0,0,16,REGIONAL 5,MALANG,BATU,KPO,KARANGPLOSO,,2024-03-16 23:24:47,42485,2016,4,NON TITO,,,JAWA TIMUR,0.3125,GREEN,19695688,AREA 3,JATIM,MALANG,MALANG,,,0,0,0,JAWA TIMUR,MALANG,DAU,MULYOAGUNG,BATU
3173893659,,ODP-KPO-FBF/72,-7.90916,112.554624,,,6,2,0,0,8,REGIONAL 5,MALANG,BATU,KPO,KARANGPLOSO,,2024-03-16 23:27:49,43445,2018,12,NON TITO,,,JAWA TIMUR,0.25,GREEN,407051717,AREA 3,JATIM,MALANG,MALANG,,,0,0,0,JAWA TIMUR,KOTA BATU,JUNREJO,JUNREJO,BATU
292888678,,ODP-KPO-FE/01,-7.8681,112.57,,,12,4,0,0,16,REGIONAL 5,MALANG,BATU,KPO,KARANGPLOSO,,2024-03-16 23:22:59,42485,2016,4,NON TITO,,,JAWA TIMUR,0.25,GREEN,19696767,AREA 3,JATIM,MALANG,MALANG,,,0,0,0,JAWA TIMUR,MALANG,KARANGPLOSO,TAWANGARGO,BATU
5400868863,,ODP-TMP-FA/57,-8.036297,112.768685,,,4,3,0,0,8,REGIONAL 5,MALANG,MALANG,TMP,TUMPANG,,2024-03-16 23:21:43,44086,2020,9,NON TITO,,,JAWA TIMUR,0.375,GREEN,842972574,AREA 3,JATIM,MALANG,MALANG,,,0,0,0,JAWA TIMUR,MALANG,PONCOKUSUMO,BELUNG,BATU
10573694706,,ODP-BLB-FCR/67,-7.935715,112.615482,,,10,6,0,0,16,REGIONAL 5,MALANG,MALANG,BLB,BLIMBING,,2024-03-16 23:26:19,45173,2023,9,NON TITO,,,JAWA TIMUR,0.375,GREEN,1313758261,AREA 3,JATIM,MALANG,MALANG,,,0,0,0,JAWA TIMUR,KOTA MALANG,LOWOKWARU,MOJOLANGU,BATU
5400868928,,ODP-TMP-FA/49,-8.022727,112.767193,,,5,3,0,0,8,REGIONAL 5,MALANG,MALANG,TMP,TUMPANG,,2024-03-16 23:22:16,44086,2020,9,NON TITO,,,JAWA TIMUR,0.375,GREEN,842972645,AREA 3,JATIM,MALANG,MALANG,,,0,0,0,JAWA TIMUR,MALANG,TUMPANG,TULUSBESAR,BATU
5400868933,,ODP-TMP-FA/77,-8.044615,112.808671,,,7,1,0,0,8,REGIONAL 5,MALANG,MALANG,TMP,TUMPANG,,2024-03-16 23:22:18,44086,2020,9,NON TITO,,,JAWA TIMUR,0.125,GREEN,842972652,AREA 3,JATIM,MALANG,MALANG,,,0,0,0,JAWA TIMUR,MALANG,PONCOKUSUMO,PONCOKUSUMO,BATU
3152972381,,ODP-KPO-FBC/69,-7.930944,112.599974,,,10,6,0,0,16,REGIONAL 5,MALANG,BATU,KPO,KARANGPLOSO,,2024-03-16 23:29:03,43441,2018,12,NON TITO,,,JAWA TIMUR,0.375,GREEN,406979892,AREA 3,JATIM,MALANG,MALANG,,,0,0,0,JAWA TIMUR,KOTA MALANG,LOWOKWARU,TLOGOMAS,BATU
292963793,,ODP-KPO-FH/02,-7.9148,112.5814,,,10,5,0,0,16,REGIONAL 5,MALANG,BATU,KPO,KARANGPLOSO,,2024-03-16 23:26:54,42485,2016,4,NON TITO,,,JAWA TIMUR,0.3125,GREEN,19772162,AREA 3,JATIM,MALANG,MALANG,,,0,0,0,JAWA TIMUR,MALANG,DAU,MULYOAGUNG,BATU
3157319484,,ODP-KPO-FBE/70,-7.913501,112.580059,,,6,2,0,0,8,REGIONAL 5,MALANG,BATU,KPO,KARANGPLOSO,,2024-03-16 23:26:56,43440,2018,12,NON TITO,,,JAWA TIMUR,0.25,GREEN,406970191,AREA 3,JATIM,MALANG,MALANG,,,0,0,0,JAWA TIMUR,MALANG,DAU,MULYOAGUNG,BATU
292895271,,ODP-KPO-FG/04,-7.8991,112.5843,,,13,3,0,0,16,REGIONAL 5,MALANG,BATU,KPO,KARANGPLOSO,,2024-03-16 23:26:55,42485,2016,4,NON TITO,,,JAWA TIMUR,0.1875,GREEN,19701559,AREA 3,JATIM,MALANG,MALANG,,,0,0,0,JAWA TIMUR,KOTA BATU,JUNREJO,PENDEM,BATU
292895417,,ODP-BTU-FB/24,-7.8799,112.5259,,,9,6,0,0,16,REGIONAL 5,MALANG,BATU,BTU,BATU,,2024-03-16 23:26:01,42485,2016,4,NON TITO,,,JAWA TIMUR,0.375,GREEN,19701645,AREA 3,JATIM,MALANG,MALANG,,,0,0,0,JAWA TIMUR,KOTA BATU,BATU,SISIR,BATU
10561618815,,ODP-TMP-FA/136,-8.046093,112.797921,,,6,2,0,0,8,REGIONAL 5,MALANG,MALANG,TMP,TUMPANG,,2024-03-16 23:28:11,45171,2023,9,NON TITO,,,JAWA TIMUR,0.25,GREEN,1313230421,AREA 3,JATIM,MALANG,MALANG,,,0,0,0,JAWA TIMUR,MALANG,PONCOKUSUMO,PONCOKUSUMO,BATU
10564843795,,ODP-BLB-FCR/38,-7.93035,112.612949,,,13,3,0,0,16,REGIONAL 5,MALANG,MALANG,BLB,BLIMBING,,2024-03-16 23:24:50,45169,2023,8,NON TITO,,,JAWA TIMUR,0.1875,GREEN,1313078991,AREA 3,JATIM,MALANG,MALANG,,,0,0,0,JAWA TIMUR,KOTA MALANG,LOWOKWARU,JATIMULYO,BATU
10564843790,,ODP-BLB-FCR/47,-7.939007,112.622765,,,14,2,0,0,16,REGIONAL 5,MALANG,MALANG,BLB,BLIMBING,,2024-03-16 23:24:21,45169,2023,8,NON TITO,,,JAWA TIMUR,0.125,GREEN,1313078988,AREA 3,JATIM,MALANG,MALANG,,,0,0,0,JAWA TIMUR,KOTA MALANG,LOWOKWARU,TULUSREJO,BATU
292896682,,ODP-BTU-FD/07,-7.8904,112.5157,,,13,3,0,0,16,REGIONAL 5,MALANG,BATU,BTU,BATU,,2024-03-16 23:27:00,42485,2016,4,NON TITO,,,JAWA TIMUR,0.1875,GREEN,19702429,AREA 3,JATIM,MALANG,MALANG,,,0,0,0,JAWA TIMUR,KOTA BATU,BATU,NGAGLIK,BATU
292896831,,ODP-BTU-FD/12,-7.890487,112.515165,,,10,6,0,0,16,REGIONAL 5,MALANG,BATU,BTU,BATU,,2024-03-16 23:25:30,42485,2016,4,NON TITO,,,JAWA TIMUR,0.375,GREEN,19702525,AREA 3,JATIM,MALANG,MALANG,,,0,0,0,JAWA TIMUR,KOTA BATU,BATU,NGAGLIK,BATU
292898467,,ODP-BTU-FD/09,-7.8907,112.5159,,,11,5,0,0,16,REGIONAL 5,MALANG,BATU,BTU,BATU,,2024-03-16 23:26:57,42485,2016,4,NON TITO,,,JAWA TIMUR,0.3125,GREEN,19703551,AREA 3,JATIM,MALANG,MALANG,,,0,0,0,JAWA TIMUR,KOTA BATU,BATU,NGAGLIK,BATU
292898513,,ODP-BTU-FD/05,-7.890072,112.515479,,,12,4,0,0,16,REGIONAL 5,MALANG,BATU,BTU,BATU,,2024-03-16 23:26:54,42485,2016,4,NON TITO,,,JAWA TIMUR,0.25,GREEN,19703576,AREA 3,JATIM,MALANG,MALANG,,,0,0,0,JAWA TIMUR,KOTA BATU,BATU,NGAGLIK,BATU
292898680,,ODP-BTU-FD/11,-7.8908,112.5154,,,10,6,0,0,16,REGIONAL 5,MALANG,BATU,BTU,BATU,,2024-03-16 23:27:56,42485,2016,4,NON TITO,,,JAWA TIMUR,0.375,GREEN,19703673,AREA 3,JATIM,MALANG,MALANG,,,0,0,0,JAWA TIMUR,KOTA BATU,BATU,NGAGLIK,BATU
3157319426,,ODP-KPO-FBE/73,-7.913759,112.581773,,,5,3,0,0,8,REGIONAL 5,MALANG,BATU,KPO,KARANGPLOSO,,2024-03-16 23:26:54,43440,2018,12,NON TITO,,,JAWA TIMUR,0.375,GREEN,406970070,AREA 3,JATIM,MALANG,MALANG,,,0,0,0,JAWA TIMUR,MALANG,DAU,MULYOAGUNG,BATU
2885819832,,ODP-LWG-FC/29,-7.817319,112.670806,,,6,2,0,0,8,REGIONAL 5,MALANG,MALANG,LWG,LAWANG,,2024-03-16 23:24:25,43350,2018,9,NON TITO,,,JAWA TIMUR,0.25,GREEN,390031305,AREA 3,JATIM,MALANG,MALANG,,,0,0,0,JAWA TIMUR,MALANG,LAWANG,WONOREJO,BATU
959368722,,GCL-TMP-F02/01,-8.024612,112.752703,,,14,2,0,0,16,REGIONAL 5,MALANG,MALANG,TMP,TUMPANG,,2024-03-16 23:26:11,42646,2016,10,NON TITO,,,JAWA TIMUR,0.125,GREEN,36082820,AREA 3,JATIM,MALANG,MALANG,,,0,0,0,JAWA TIMUR,MALANG,PONCOKUSUMO,BELUNG,BATU
5591369045,,ODP-BLB-FDW/01,-7.955283,112.649748,,,6,2,0,0,8,REGIONAL 5,MALANG,MALANG,BLB,BLIMBING,,2024-03-16 23:29:07,44127,2020,10,NON TITO,,,JAWA TIMUR,0.25,GREEN,855736767,AREA 3,JATIM,MALANG,MALANG,,,0,0,0,JAWA TIMUR,KOTA MALANG,BLIMBING,PURWANTORO,BATU
8800693822,,ODP-BTU-FBV/09,-7.8389,112.504135,,,11,5,0,0,16,REGIONAL 5,MALANG,BATU,BTU,BATU,,2024-03-16 23:25:29,44706,2022,5,NON TITO,,,JAWA TIMUR,0.3125,GREEN,1182211950,AREA 3,JATIM,MALANG,MALANG,,,0,0,0,JAWA TIMUR,KOTA BATU,BUMIAJI,GUNUNGSARI,BATU
5808869941,,ODP-BTU-FZ/47,-7.906839,112.544147,,,5,3,0,0,8,REGIONAL 5,MALANG,BATU,BTU,BATU,,2024-03-16 23:25:22,44193,2020,12,NON TITO,,,JAWA TIMUR,0.375,GREEN,858752893,AREA 3,JATIM,MALANG,MALANG,,,0,0,0,JAWA TIMUR,KOTA BATU,JUNREJO,JUNREJO,BATU
2430944767,,ODP-KPO-FB/53,-7.9259,112.592932,,,12,4,0,0,16,REGIONAL 5,MALANG,BATU,KPO,KARANGPLOSO,,2024-03-16 23:26:10,43204,2018,4,NON TITO,,,JAWA TIMUR,0.25,GREEN,333713132,AREA 3,JATIM,MALANG,MALANG,,,0,0,0,JAWA TIMUR,MALANG,DAU,MULYOAGUNG,BATU
2430944687,,ODP-KPO-FB/57,-7.925248,112.593139,,,13,3,0,0,16,REGIONAL 5,MALANG,BATU,KPO,KARANGPLOSO,,2024-03-16 23:26:00,43204,2018,4,NON TITO,,,JAWA TIMUR,0.1875,GREEN,333713109,AREA 3,JATIM,MALANG,MALANG,,,0,0,0,JAWA TIMUR,MALANG,DAU,MULYOAGUNG,BATU
2430944623,,ODP-KPO-FB/55,-7.9256,112.592829,,,9,6,1,0,16,REGIONAL 5,MALANG,BATU,KPO,KARANGPLOSO,,2024-03-16 23:26:17,43204,2018,4,NON TITO,,,JAWA TIMUR,0.375,GREEN,333713090,AREA 3,JATIM,MALANG,MALANG,,,0,0,0,JAWA TIMUR,MALANG,DAU,MULYOAGUNG,BATU
1325753511,,ODP-KPO-FL/42,-7.901753,112.604822,,,11,5,0,0,16,REGIONAL 5,MALANG,BATU,KPO,KARANGPLOSO,,2024-03-16 23:23:32,42814,2017,3,NON TITO,,,JAWA TIMUR,0.3125,GREEN,79518575,AREA 3,JATIM,MALANG,MALANG,,,0,0,0,JAWA TIMUR,MALANG,KARANG PLOSO,NGIJO,BATU
8800693787,,ODP-BTU-FBV/10,-7.839206,112.514944,,,10,6,0,0,16,REGIONAL 5,MALANG,BATU,BTU,BATU,,2024-03-16 23:25:22,44706,2022,5,NON TITO,,,JAWA TIMUR,0.375,GREEN,1182211919,AREA 3,JATIM,MALANG,MALANG,,,0,0,0,JAWA TIMUR,KOTA BATU,BUMIAJI,GUNUNGSARI,BATU
5832943667,,ODP-KPO-FBG/54,-7.904937,112.572787,,,6,2,0,0,8,REGIONAL 5,MALANG,BATU,KPO,KARANGPLOSO,,2024-03-16 23:26:11,44195,2020,12,NON TITO,,,JAWA TIMUR,0.25,GREEN,858786139,AREA 3,JATIM,MALANG,MALANG,,,0,0,0,JAWA TIMUR,KOTA BATU,JUNREJO,DADAPREJO,BATU
1325765434,,ODP-KPO-FG/46,-7.904349,112.582435,,,10,6,0,0,16,REGIONAL 5,MALANG,BATU,KPO,KARANGPLOSO,,2024-03-16 23:26:45,42815,2017,3,NON TITO,,,JAWA TIMUR,0.375,GREEN,79526350,AREA 3,JATIM,MALANG,MALANG,,,0,0,0,JAWA TIMUR,KOTA BATU,JUNREJO,PENDEM,BATU
5795369954,,ODP-SGS-FAC/28,-7.894183,112.67847,,,7,1,0,0,8,REGIONAL 5,MALANG,MALANG,SGS,SINGOSARI,,2024-03-16 23:23:51,44193,2020,12,NON TITO,,,JAWA TIMUR,0.125,GREEN,858748196,AREA 3,JATIM,MALANG,MALANG,,,0,0,0,JAWA TIMUR,MALANG,SINGOSARI,TAMANHARJO,BATU
5833093936,,ODP-SGS-FAA/24,-7.86372,112.656875,,,5,3,0,0,8,REGIONAL 5,MALANG,MALANG,SGS,SINGOSARI,,2024-03-16 23:23:01,44196,2020,12,NON TITO,,,JAWA TIMUR,0.375,GREEN,858944563,AREA 3,JATIM,MALANG,MALANG,,,0,0,0,JAWA TIMUR,MALANG,SINGOSARI,TOYOMARTO,BATU
1325765468,,ODP-KPO-FG/42,-7.902086,112.581729,,,13,3,0,0,16,REGIONAL 5,MALANG,BATU,KPO,KARANGPLOSO,,2024-03-16 23:26:43,42815,2017,3,NON TITO,,,JAWA TIMUR,0.1875,GREEN,79526373,AREA 3,JATIM,MALANG,MALANG,,,0,0,0,JAWA TIMUR,KOTA BATU,JUNREJO,PENDEM,BATU
5833244119,,ODP-SGS-FF/85,-7.892747,112.703208,,,7,1,0,0,8,REGIONAL 5,MALANG,MALANG,SGS,SINGOSARI,,2024-03-16 23:27:12,44196,2020,12,NON TITO,,,JAWA TIMUR,0.125,GREEN,858946260,AREA 3,JATIM,MALANG,MALANG,,,0,0,0,JAWA TIMUR,MALANG,SINGOSARI,BATURETNO,BATU
5833244131,,ODP-SGS-FF/79,-7.880187,112.708305,,,6,2,0,0,8,REGIONAL 5,MALANG,MALANG,SGS,SINGOSARI,,2024-03-16 23:26:42,44196,2020,12,NON TITO,,,JAWA TIMUR,0.25,GREEN,858946268,AREA 3,JATIM,MALANG,MALANG,,,0,0,0,JAWA TIMUR,MALANG,SINGOSARI,BATURETNO,BATU
5833244140,,ODP-SGS-FF/90,-7.90211,112.69698,,,12,4,0,0,16,REGIONAL 5,MALANG,MALANG,SGS,SINGOSARI,,2024-03-16 23:27:40,44196,2020,12,NON TITO,,,JAWA TIMUR,0.25,GREEN,858946274,AREA 3,JATIM,MALANG,MALANG,,,0,0,0,JAWA TIMUR,MALANG,SINGOSARI,BATURETNO,BATU
8763644237,,ODP-BTU-FBV/05,-7.860323,112.512045,,,5,3,0,0,8,REGIONAL 5,MALANG,BATU,BTU,BATU,,2024-03-16 23:24:10,44699,2022,5,NON TITO,,,JAWA TIMUR,0.375,GREEN,1181850800,AREA 3,JATIM,MALANG,MALANG,,,0,0,0,JAWA TIMUR,KOTA BATU,BATU,SUMBEREJO,BATU
5833244155,,ODP-SGS-FF/88,-7.9018,112.698871,,,5,3,0,0,8,REGIONAL 5,MALANG,MALANG,SGS,SINGOSARI,,2024-03-16 23:27:26,44196,2020,12,NON TITO,,,JAWA TIMUR,0.375,GREEN,858946286,AREA 3,JATIM,MALANG,MALANG,,,0,0,0,JAWA TIMUR,MALANG,SINGOSARI,BATURETNO,BATU
5833244158,,ODP-SGS-FF/86,-7.893573,112.702812,,,6,2,0,0,8,REGIONAL 5,MALANG,MALANG,SGS,SINGOSARI,,2024-03-16 23:27:40,44196,2020,12,NON TITO,,,JAWA TIMUR,0.25,GREEN,858946288,AREA 3,JATIM,MALANG,MALANG,,,0,0,0,JAWA TIMUR,MALANG,SINGOSARI,BATURETNO,BATU
5833244161,,ODP-SGS-FF/82,-7.887842,112.705182,,,5,3,0,0,8,REGIONAL 5,MALANG,MALANG,SGS,SINGOSARI,,2024-03-16 23:27:19,44196,2020,12,NON TITO,,,JAWA TIMUR,0.375,GREEN,858946290,AREA 3,JATIM,MALANG,MALANG,,,0,0,0,JAWA TIMUR,MALANG,SINGOSARI,BATURETNO,BATU
1325783682,,ODP-BTU-FF/37,-7.894682,112.544022,,,10,6,0,0,16,REGIONAL 5,MALANG,BATU,BTU,BATU,,2024-03-16 23:23:30,42818,2017,3,NON TITO,,,JAWA TIMUR,0.375,GREEN,79575433,AREA 3,JATIM,MALANG,MALANG,,,0,0,0,JAWA TIMUR,KOTA BATU,JUNREJO,BEJI,BATU
2418869861,,ODP-KPO-FBF/40,-7.909467,112.563393,,,6,2,0,0,8,REGIONAL 5,MALANG,BATU,KPO,KARANGPLOSO,,2024-03-16 23:28:14,43200,2018,4,NON TITO,,,JAWA TIMUR,0.25,GREEN,333614125,AREA 3,JATIM,MALANG,MALANG,,,0,0,0,JAWA TIMUR,KOTA BATU,JUNREJO,JUNREJO,BATU
5833244164,,ODP-SGS-FF/78,-7.877638,112.710193,,,6,2,0,0,8,REGIONAL 5,MALANG,MALANG,SGS,SINGOSARI,,2024-03-16 23:27:20,44196,2020,12,NON TITO,,,JAWA TIMUR,0.25,GREEN,858946292,AREA 3,JATIM,MALANG,MALANG,,,0,0,0,JAWA TIMUR,MALANG,SINGOSARI,BATURETNO,BATU
1321919053,,ODP-BLB-FCT/12,-7.945818,112.622453,,,11,5,0,0,16,REGIONAL 5,MALANG,MALANG,BLB,BLIMBING,,2024-03-16 23:22:28,42809,2017,3,NON TITO,,,JAWA TIMUR,0.3125,GREEN,79499276,AREA 3,JATIM,MALANG,MALANG,,,0,0,0,JAWA TIMUR,KOTA MALANG,LOWOKWARU,JATIMULYO,BATU
2437393992,,ODP-PKS-FS/31,-7.939297,112.692917,,,5,3,0,0,8,REGIONAL 5,MALANG,MALANG,PKS,PAKIS,,2024-03-16 23:24:54,43208,2018,4,NON TITO,,,JAWA TIMUR,0.375,GREEN,346969389,AREA 3,JATIM,MALANG,MALANG,,,0,0,0,JAWA TIMUR,MALANG,PAKIS,SAPTORENGGO,BATU
8800544468,,ODP-SGS-FAL/10,-7.916172,112.662279,,,11,5,0,0,16,REGIONAL 5,MALANG,MALANG,SGS,SINGOSARI,,2024-03-16 23:22:07,44711,2022,5,NON TITO,,,JAWA TIMUR,0.3125,GREEN,1182813284,AREA 3,JATIM,MALANG,MALANG,,,0,0,0,JAWA TIMUR,MALANG,SINGOSARI,BANJARARUM,BATU
5764618691,,ODP-LWG-FY/25,-7.830031,112.679498,,,6,2,0,0,8,REGIONAL 5,MALANG,MALANG,LWG,LAWANG,,2024-03-16 23:23:51,44179,2020,12,NON TITO,,,JAWA TIMUR,0.25,GREEN,858124891,AREA 3,JATIM,MALANG,MALANG,,,0,0,0,JAWA TIMUR,MALANG,LAWANG,KETINDAN,BATU
1322069873,,ODP-BTU-FF/31,-7.888067,112.531204,,,7,1,0,0,8,REGIONAL 5,MALANG,BATU,BTU,BATU,,2024-03-16 23:28:12,42808,2017,3,NON TITO,,,JAWA TIMUR,0.125,GREEN,79339511,AREA 3,JATIM,MALANG,MALANG,,,0,0,0,JAWA TIMUR,KOTA BATU,BATU,TEMAS,BATU
5764618711,,ODP-LWG-FY/27,-7.829734,112.684657,,,5,3,0,0,8,REGIONAL 5,MALANG,MALANG,LWG,LAWANG,,2024-03-16 23:23:51,44179,2020,12,NON TITO,,,JAWA TIMUR,0.375,GREEN,858124907,AREA 3,JATIM,MALANG,MALANG,,,0,0,0,JAWA TIMUR,MALANG,LAWANG,KETINDAN,BATU
1311530951,,ODP-LWG-FD/30,-7.859629,112.711888,,,6,2,0,0,8,REGIONAL 5,MALANG,MALANG,LWG,LAWANG,,2024-03-16 23:28:50,42804,2017,3,NON TITO,,,JAWA TIMUR,0.25,GREEN,79368141,AREA 3,JATIM,MALANG,MALANG,,,0,0,0,JAWA TIMUR,MALANG,LAWANG,SIDODADI,BATU
2446243720,,ODP-KPO-FH/77,-7.909673,112.576801,,,11,5,0,0,16,REGIONAL 5,MALANG,BATU,KPO,KARANGPLOSO,,2024-03-16 23:27:50,43210,2018,4,NON TITO,,,JAWA TIMUR,0.3125,GREEN,353279598,AREA 3,JATIM,MALANG,MALANG,,,0,0,0,JAWA TIMUR,KOTA BATU,JUNREJO,DADAPREJO,BATU
5786670558,,ODP-BLB-FCP/41,-7.924598,112.610023,,,5,3,0,0,8,REGIONAL 5,MALANG,MALANG,BLB,BLIMBING,,2024-03-16 23:26:40,44186,2020,12,NON TITO,,,JAWA TIMUR,0.375,GREEN,858330311,AREA 3,JATIM,MALANG,MALANG,,,0,0,0,JAWA TIMUR,KOTA MALANG,LOWOKWARU,TUNGGULWULUNG,BATU
5786670568,,ODP-BLB-FCP/50,-7.925068,112.610399,,,5,3,0,0,8,REGIONAL 5,MALANG,MALANG,BLB,BLIMBING,,2024-03-16 23:21:19,44186,2020,12,NON TITO,,,JAWA TIMUR,0.375,GREEN,858330317,AREA 3,JATIM,MALANG,MALANG,,,0,0,0,JAWA TIMUR,KOTA MALANG,LOWOKWARU,TUNGGULWULUNG,BATU
2439794133,,ODP-BTU-FA/74,-7.865833,112.493427,,,5,3,0,0,8,REGIONAL 5,MALANG,BATU,BTU,BATU,,2024-03-16 23:26:57,43208,2018,4,NON TITO,,,JAWA TIMUR,0.375,GREEN,346970540,AREA 3,JATIM,MALANG,MALANG,,,0,0,0,JAWA TIMUR,KOTA BATU,BATU,SONGGOKERTO,BATU
1325784593,,ODP-PKS-FQ/04,-7.949492,112.66967,,,11,5,0,0,16,REGIONAL 5,MALANG,MALANG,PKS,PAKIS,,2024-03-16 23:23:45,42818,2017,3,NON TITO,,,JAWA TIMUR,0.3125,GREEN,79466125,AREA 3,JATIM,MALANG,MALANG,,,0,0,0,JAWA TIMUR,MALANG,PAKIS,MANGLIAWAN,BATU
2439794015,,ODP-BTU-FA/83,-7.867299,112.493418,,,7,1,0,0,8,REGIONAL 5,MALANG,BATU,BTU,BATU,,2024-03-16 23:28:31,43208,2018,4,NON TITO,,,JAWA TIMUR,0.125,GREEN,346970497,AREA 3,JATIM,MALANG,MALANG,,,0,0,0,JAWA TIMUR,KOTA BATU,BATU,SONGGOKERTO,BATU
2437394364,,ODP-PKS-FS/27,-7.938255,112.692288,,,11,5,0,0,16,REGIONAL 5,MALANG,MALANG,PKS,PAKIS,,2024-03-16 23:25:09,43208,2018,4,NON TITO,,,JAWA TIMUR,0.3125,GREEN,346969599,AREA 3,JATIM,MALANG,MALANG,,,0,0,0,JAWA TIMUR,MALANG,PAKIS,SAPTORENGGO,BATU
5786670806,,ODP-TMP-FE/90,-7.976992,112.748509,,,11,5,0,0,16,REGIONAL 5,MALANG,MALANG,TMP,TUMPANG,,2024-03-16 23:26:31,44186,2020,12,NON TITO,,,JAWA TIMUR,0.3125,GREEN,858419626,AREA 3,JATIM,MALANG,MALANG,,,0,0,0,JAWA TIMUR,MALANG,JABUNG,SIDOREJO,BATU
5786670816,,ODP-TMP-FE/91,-7.977188,112.748172,,,12,4,0,0,16,REGIONAL 5,MALANG,MALANG,TMP,TUMPANG,,2024-03-16 23:26:25,44186,2020,12,NON TITO,,,JAWA TIMUR,0.25,GREEN,858419632,AREA 3,JATIM,MALANG,MALANG,,,0,0,0,JAWA TIMUR,MALANG,JABUNG,SIDOREJO,BATU
5788021318,,ODP-BLB-FW/75,-7.935397,112.646673,,,5,3,0,0,8,REGIONAL 5,MALANG,MALANG,BLB,BLIMBING,,2024-03-16 23:28:22,44187,2020,12,NON TITO,,,JAWA TIMUR,0.375,GREEN,858504162,AREA 3,JATIM,MALANG,MALANG,,,0,0,0,JAWA TIMUR,KOTA MALANG,BLIMBING,PURWODADI,BATU
5798444082,,ODP-BTU-FAQ/20,-7.841763,112.481179,,,6,2,0,0,8,REGIONAL 5,MALANG,BATU,BTU,BATU,,2024-03-16 23:22:43,44187,2020,12,NON TITO,,,JAWA TIMUR,0.25,GREEN,858508626,AREA 3,JATIM,MALANG,MALANG,,,0,0,0,JAWA TIMUR,MALANG,PUJON,PANDESARI,BATU
5802943957,,ODP-BLB-FBV/101,-7.944356,112.648064,,,5,3,0,0,8,REGIONAL 5,MALANG,MALANG,BLB,BLIMBING,,2024-03-16 23:25:46,44189,2020,12,NON TITO,,,JAWA TIMUR,0.375,GREEN,858552562,AREA 3,JATIM,MALANG,MALANG,,,0,0,0,JAWA TIMUR,KOTA MALANG,BLIMBING,BLIMBING,BATU
8802268774,,ODP-BTU-FBU/57,-7.866129,112.510009,,,6,2,0,0,8,REGIONAL 5,MALANG,BATU,BTU,BATU,,2024-03-16 23:27:23,44706,2022,5,NON TITO,,,JAWA TIMUR,0.25,GREEN,1182214948,AREA 3,JATIM,MALANG,MALANG,,,0,0,0,JAWA TIMUR,KOTA BATU,BATU,SONGGOKERTO,BATU
2437394091,,ODP-PKS-FS/17,-7.937098,112.693806,,,5,3,0,0,8,REGIONAL 5,MALANG,MALANG,PKS,PAKIS,,2024-03-16 23:25:46,43208,2018,4,NON TITO,,,JAWA TIMUR,0.375,GREEN,346969445,AREA 3,JATIM,MALANG,MALANG,,,0,0,0,JAWA TIMUR,MALANG,PAKIS,SAPTORENGGO,BATU
1325784473,,ODP-BTU-FF/34,-7.894135,112.544316,,,14,2,0,0,16,REGIONAL 5,MALANG,BATU,BTU,BATU,,2024-03-16 23:23:44,42818,2017,3,NON TITO,,,JAWA TIMUR,0.125,GREEN,79466081,AREA 3,JATIM,MALANG,MALANG,,,0,0,0,JAWA TIMUR,KOTA BATU,JUNREJO,BEJI,BATU
5786670598,,ODP-BLB-FCP/40,-7.924493,112.60998,,,5,3,0,0,8,REGIONAL 5,MALANG,MALANG,BLB,BLIMBING,,2024-03-16 23:26:24,44186,2020,12,NON TITO,,,JAWA TIMUR,0.375,GREEN,858330335,AREA 3,JATIM,MALANG,MALANG,,,0,0,0,JAWA TIMUR,KOTA MALANG,LOWOKWARU,TUNGGULWULUNG,BATU
5833244167,,ODP-SGS-FF/84,-7.890703,112.70413,,,7,1,0,0,8,REGIONAL 5,MALANG,MALANG,SGS,SINGOSARI,,2024-03-16 23:27:22,44196,2020,12,NON TITO,,,JAWA TIMUR,0.125,GREEN,858946294,AREA 3,JATIM,MALANG,MALANG,,,0,0,0,JAWA TIMUR,MALANG,SINGOSARI,BATURETNO,BATU
5833244176,,ODP-SGS-FF/83,-7.889582,112.704534,,,6,2,0,0,8,REGIONAL 5,MALANG,MALANG,SGS,SINGOSARI,,2024-03-16 23:27:01,44196,2020,12,NON TITO,,,JAWA TIMUR,0.25,GREEN,858946300,AREA 3,JATIM,MALANG,MALANG,,,0,0,0,JAWA TIMUR,MALANG,SINGOSARI,BATURETNO,BATU
2411293652,,ODP-KPO-FE/42,-7.86105,112.559468,,,5,3,0,0,8,REGIONAL 5,MALANG,BATU,KPO,KARANGPLOSO,,2024-03-16 23:25:16,43195,2018,4,NON TITO,,,JAWA TIMUR,0.375,GREEN,333519763,AREA 3,JATIM,MALANG,MALANG,,,0,0,0,JAWA TIMUR,KOTA BATU,BUMIAJI,GIRIPURNO,BATU
8575394617,,ODP-BLB-FCE/120,-7.939424,112.627843,,,13,3,0,0,16,REGIONAL 5,MALANG,MALANG,BLB,BLIMBING,,2024-03-16 23:21:33,44645,2022,3,NON TITO,,,JAWA TIMUR,0.1875,GREEN,1169468738,AREA 3,JATIM,MALANG,MALANG,,,0,0,0,JAWA TIMUR,KOTA MALANG,LOWOKWARU,MOJOLANGU,BATU
8575394614,,ODP-BLB-FCE/121,-7.939767,112.632779,,,6,2,0,0,8,REGIONAL 5,MALANG,MALANG,BLB,BLIMBING,,2024-03-16 23:22:38,44645,2022,3,NON TITO,,,JAWA TIMUR,0.25,GREEN,1169468736,AREA 3,JATIM,MALANG,MALANG,,,0,0,0,JAWA TIMUR,KOTA MALANG,LOWOKWARU,MOJOLANGU,BATU
8575394611,,ODP-BLB-FCE/123,-7.940286,112.630975,,,13,3,0,0,16,REGIONAL 5,MALANG,MALANG,BLB,BLIMBING,,2024-03-16 23:22:27,44645,2022,3,NON TITO,,,JAWA TIMUR,0.1875,GREEN,1169468734,AREA 3,JATIM,MALANG,MALANG,,,0,0,0,JAWA TIMUR,KOTA MALANG,LOWOKWARU,MOJOLANGU,BATU
8575394608,,ODP-BLB-FCE/117,-7.940775,112.628009,,,11,5,0,0,16,REGIONAL 5,MALANG,MALANG,BLB,BLIMBING,,2024-03-16 23:22:27,44645,2022,3,NON TITO,,,JAWA TIMUR,0.3125,GREEN,1169468732,AREA 3,JATIM,MALANG,MALANG,,,0,0,0,JAWA TIMUR,KOTA MALANG,LOWOKWARU,MOJOLANGU,BATU
8575394605,,ODP-BLB-FCE/119,-7.938723,112.626126,,,7,1,0,0,8,REGIONAL 5,MALANG,MALANG,BLB,BLIMBING,,2024-03-16 23:22:26,44645,2022,3,NON TITO,,,JAWA TIMUR,0.125,GREEN,1169468730,AREA 3,JATIM,MALANG,MALANG,,,0,0,0,JAWA TIMUR,KOTA MALANG,LOWOKWARU,MOJOLANGU,BATU
8575394602,,ODP-BLB-FCE/122,-7.939547,112.63203,,,10,6,0,0,16,REGIONAL 5,MALANG,MALANG,BLB,BLIMBING,,2024-03-16 23:21:44,44645,2022,3,NON TITO,,,JAWA TIMUR,0.375,GREEN,1169468728,AREA 3,JATIM,MALANG,MALANG,,,0,0,0,JAWA TIMUR,KOTA MALANG,LOWOKWARU,MOJOLANGU,BATU
1345770230,,ODP-BLB-FBB/21,-7.903399,112.629477,,,7,1,0,0,8,REGIONAL 5,MALANG,MALANG,BLB,BLIMBING,,2024-03-16 23:25:45,42829,2017,4,NON TITO,,,JAWA TIMUR,0.125,GREEN,81179346,AREA 3,JATIM,MALANG,MALANG,,,0,0,0,JAWA TIMUR,MALANG,KARANGPLOSO,NGENEP,BATU
1345770235,,ODP-BLB-FBB/24,-7.90304,112.630195,,,7,1,0,0,8,REGIONAL 5,MALANG,MALANG,BLB,BLIMBING,,2024-03-16 23:25:32,42829,2017,4,NON TITO,,,JAWA TIMUR,0.125,GREEN,81179350,AREA 3,JATIM,MALANG,MALANG,,,0,0,0,JAWA TIMUR,MALANG,KARANGPLOSO,NGENEP,BATU
1345774701,,ODP-BLB-FBQ/27,-7.946892,112.654177,,,10,6,0,0,16,REGIONAL 5,MALANG,MALANG,BLB,BLIMBING,,2024-03-16 23:26:19,42830,2017,4,NON TITO,,,JAWA TIMUR,0.375,GREEN,81184582,AREA 3,JATIM,MALANG,MALANG,,,0,0,0,JAWA TIMUR,KOTA MALANG,BLIMBING,PANDANWANGI,BATU
1345769763,,ODP-BLB-FBB/15,-7.906811,112.628764,,,5,3,0,0,8,REGIONAL 5,MALANG,MALANG,BLB,BLIMBING,,2024-03-16 23:25:13,42829,2017,4,NON TITO,,,JAWA TIMUR,0.375,GREEN,81178939,AREA 3,JATIM,MALANG,MALANG,,,0,0,0,JAWA TIMUR,MALANG,KARANGPLOSO,NGENEP,BATU
2392995126,,ODP-BLB-FB/66,-7.934241,112.652744,,,12,4,0,0,16,REGIONAL 5,MALANG,MALANG,BLB,BLIMBING,,2024-03-16 23:26:57,43188,2018,3,NON TITO,,,JAWA TIMUR,0.25,GREEN,333473106,AREA 3,JATIM,MALANG,MALANG,,,0,0,0,JAWA TIMUR,KOTA MALANG,BLIMBING,POLOWIJEN,BATU
2392994908,,ODP-BLB-FB/60,-7.935678,112.655729,,,12,4,0,0,16,REGIONAL 5,MALANG,MALANG,BLB,BLIMBING,,2024-03-16 23:27:39,43188,2018,3,NON TITO,,,JAWA TIMUR,0.25,GREEN,333472909,AREA 3,JATIM,MALANG,MALANG,,,0,0,0,JAWA TIMUR,KOTA MALANG,BLIMBING,POLOWIJEN,BATU
5859870303,,ODP-SGS-FAB/56,-7.890386,112.659746,,,6,2,0,0,8,REGIONAL 5,MALANG,MALANG,SGS,SINGOSARI,,2024-03-16 23:27:20,44203,2021,1,NON TITO,,,JAWA TIMUR,0.25,GREEN,859621930,AREA 3,JATIM,MALANG,MALANG,,,0,0,0,JAWA TIMUR,MALANG,SINGOSARI,PAGENTAN,BATU
5871868663,,ODP-SGS-FAC/56,-7.910434,112.667279,,,11,5,0,0,16,REGIONAL 5,MALANG,MALANG,SGS,SINGOSARI,,2024-03-16 23:23:04,44205,2021,1,NON TITO,,,JAWA TIMUR,0.3125,GREEN,859714731,AREA 3,JATIM,MALANG,MALANG,,,0,0,0,JAWA TIMUR,MALANG,SINGOSARI,WATUGEDE,BATU
8473168737,,ODP-SGS-FG/49,-7.895699,112.680423,,,10,6,0,0,16,REGIONAL 5,MALANG,MALANG,SGS,SINGOSARI,,2024-03-16 23:25:45,44623,2022,3,NON TITO,,,JAWA TIMUR,0.375,GREEN,1168396164,AREA 3,JATIM,MALANG,MALANG,,,0,0,0,JAWA TIMUR,MALANG,SINGOSARI,TAMANHARJO,BATU
8473168732,,ODP-SGS-FG/47,-7.893607,112.678678,,,6,2,0,0,8,REGIONAL 5,MALANG,MALANG,SGS,SINGOSARI,,2024-03-16 23:25:47,44623,2022,3,NON TITO,,,JAWA TIMUR,0.25,GREEN,1168396161,AREA 3,JATIM,MALANG,MALANG,,,0,0,0,JAWA TIMUR,MALANG,SINGOSARI,TAMANHARJO,BATU
8473168712,,ODP-SGS-FG/45,-7.897421,112.674188,,,6,2,0,0,8,REGIONAL 5,MALANG,MALANG,SGS,SINGOSARI,,2024-03-16 23:23:43,44623,2022,3,NON TITO,,,JAWA TIMUR,0.25,GREEN,1168396149,AREA 3,JATIM,MALANG,MALANG,,,0,0,0,JAWA TIMUR,MALANG,SINGOSARI,TAMANHARJO,BATU
8486819008,,ODP-SGS-FG/43,-7.896579,112.688922,,,6,2,0,0,8,REGIONAL 5,MALANG,MALANG,SGS,SINGOSARI,,2024-03-16 23:24:55,44623,2022,3,NON TITO,,,JAWA TIMUR,0.25,GREEN,1168337255,AREA 3,JATIM,MALANG,MALANG,,,0,0,0,JAWA TIMUR,MALANG,SINGOSARI,TAMANHARJO,BATU
5840522217,,ODP-SGS-FU/37,-7.864364,112.679252,,,5,3,0,0,8,REGIONAL 5,MALANG,MALANG,SGS,SINGOSARI,,2024-03-16 23:29:00,44205,2021,1,NON TITO,,,JAWA TIMUR,0.375,GREEN,859715826,AREA 3,JATIM,MALANG,MALANG,,,0,0,0,JAWA TIMUR,MALANG,SINGOSARI,RANDUAGUNG,BATU
8486818999,,ODP-SGS-FG/36,-7.894988,112.689137,,,5,3,0,0,8,REGIONAL 5,MALANG,MALANG,SGS,SINGOSARI,,2024-03-16 23:24:50,44623,2022,3,NON TITO,,,JAWA TIMUR,0.375,GREEN,1168337249,AREA 3,JATIM,MALANG,MALANG,,,0,0,0,JAWA TIMUR,MALANG,SINGOSARI,TAMANHARJO,BATU
8557768929,,ODP-BTU-FCE/13,-7.862419,112.464654,,,7,1,0,0,8,REGIONAL 5,MALANG,BATU,BTU,BATU,,2024-03-16 23:28:51,44643,2022,3,NON TITO,,,JAWA TIMUR,0.125,GREEN,1169323211,AREA 3,JATIM,MALANG,MALANG,,,0,0,0,JAWA TIMUR,MALANG,PUJON,PUJON KIDUL,BATU
8575394620,,ODP-BLB-FCE/118,-7.939172,112.629172,,,14,2,0,0,16,REGIONAL 5,MALANG,MALANG,BLB,BLIMBING,,2024-03-16 23:21:03,44645,2022,3,NON TITO,,,JAWA TIMUR,0.125,GREEN,1169468740,AREA 3,JATIM,MALANG,MALANG,,,0,0,0,JAWA TIMUR,KOTA MALANG,LOWOKWARU,MOJOLANGU,BATU
8575394623,,ODP-BLB-FCE/124,-7.939855,112.630013,,,10,6,0,0,16,REGIONAL 5,MALANG,MALANG,BLB,BLIMBING,,2024-03-16 23:22:26,44645,2022,3,NON TITO,,,JAWA TIMUR,0.375,GREEN,1169468742,AREA 3,JATIM,MALANG,MALANG,,,0,0,0,JAWA TIMUR,KOTA MALANG,LOWOKWARU,MOJOLANGU,BATU
8575394626,,ODP-BLB-FCE/113,-7.941458,112.62936,,,14,2,0,0,16,REGIONAL 5,MALANG,MALANG,BLB,BLIMBING,,2024-03-16 23:22:25,44645,2022,3,NON TITO,,,JAWA TIMUR,0.125,GREEN,1169468744,AREA 3,JATIM,MALANG,MALANG,,,0,0,0,JAWA TIMUR,KOTA MALANG,LOWOKWARU,MOJOLANGU,BATU
1325800792,,ODP-KPO-FF/35,-7.894261,112.596818,,,11,4,0,0,16,REGIONAL 5,MALANG,BATU,KPO,KARANGPLOSO,,2024-03-16 23:27:16,42823,2017,3,NON TITO,,,JAWA TIMUR,0.25,GREEN,81159055,AREA 3,JATIM,MALANG,MALANG,,,0,0,0,JAWA TIMUR,MALANG,KARANG PLOSO,GIRIMOYO,BATU
2411293600,,ODP-KPO-FE/45,-7.865468,112.559572,,,10,6,0,0,16,REGIONAL 5,MALANG,BATU,KPO,KARANGPLOSO,,2024-03-16 23:26:16,43195,2018,4,NON TITO,,,JAWA TIMUR,0.375,GREEN,333519741,AREA 3,JATIM,MALANG,MALANG,,,0,0,0,JAWA TIMUR,KOTA BATU,BUMIAJI,GIRIPURNO,BATU
1339618913,,ODP-BLB-FCK/64,-7.949277,112.639573,,,6,2,0,0,8,REGIONAL 5,MALANG,MALANG,BLB,BLIMBING,,2024-03-16 23:26:30,42825,2017,3,NON TITO,,,JAWA TIMUR,0.25,GREEN,81168862,AREA 3,JATIM,MALANG,MALANG,,,0,0,0,JAWA TIMUR,KOTA MALANG,BLIMBING,PURWANTORO,BATU
2411293560,,ODP-KPO-FE/40,-7.866296,112.558951,,,13,3,0,0,16,REGIONAL 5,MALANG,BATU,KPO,KARANGPLOSO,,2024-03-16 23:26:20,43195,2018,4,NON TITO,,,JAWA TIMUR,0.1875,GREEN,333519728,AREA 3,JATIM,MALANG,MALANG,,,0,0,0,JAWA TIMUR,KOTA BATU,BUMIAJI,GIRIPURNO,BATU
1345768697,,ODP-BLB-FBB/19,-7.905924,112.629532,,,6,2,0,0,8,REGIONAL 5,MALANG,MALANG,BLB,BLIMBING,,2024-03-16 23:24:17,42829,2017,4,NON TITO,,,JAWA TIMUR,0.25,GREEN,81178072,AREA 3,JATIM,MALANG,MALANG,,,0,0,0,JAWA TIMUR,MALANG,KARANGPLOSO,NGENEP,BATU
1345768702,,ODP-BLB-FBB/01,-7.905064,112.62877,,,6,2,0,0,8,REGIONAL 5,MALANG,MALANG,BLB,BLIMBING,,2024-03-16 23:25:11,42829,2017,4,NON TITO,,,JAWA TIMUR,0.25,GREEN,81178076,AREA 3,JATIM,MALANG,MALANG,,,0,0,0,JAWA TIMUR,MALANG,KARANGPLOSO,NGENEP,BATU
1345768905,,ODP-BLB-FBB/22,-7.903166,112.62964,,,7,1,0,0,8,REGIONAL 5,MALANG,MALANG,BLB,BLIMBING,,2024-03-16 23:24:41,42829,2017,4,NON TITO,,,JAWA TIMUR,0.125,GREEN,81178245,AREA 3,JATIM,MALANG,MALANG,,,0,0,0,JAWA TIMUR,MALANG,KARANGPLOSO,NGENEP,BATU
2402746049,,ODP-BLB-FBD/19,-7.921543,112.655524,,,6,2,0,0,8,REGIONAL 5,MALANG,MALANG,BLB,BLIMBING,,2024-03-16 23:26:02,43194,2018,4,NON TITO,,,JAWA TIMUR,0.25,GREEN,333505428,AREA 3,JATIM,MALANG,MALANG,,,0,0,0,JAWA TIMUR,MALANG,SINGOSARI,BANJARARUM,BATU
2404319112,,ODP-BLB-FB/48,-7.937961,112.656199,,,10,6,0,0,16,REGIONAL 5,MALANG,MALANG,BLB,BLIMBING,,2024-03-16 23:26:22,43192,2018,4,NON TITO,,,JAWA TIMUR,0.375,GREEN,333490268,AREA 3,JATIM,MALANG,MALANG,,,0,0,0,JAWA TIMUR,KOTA MALANG,BLIMBING,POLOWIJEN,BATU
1345769264,,ODP-BLB-FBB/29,-7.904153,112.62998,,,7,1,0,0,8,REGIONAL 5,MALANG,MALANG,BLB,BLIMBING,,2024-03-16 23:24:43,42829,2017,4,NON TITO,,,JAWA TIMUR,0.125,GREEN,81178537,AREA 3,JATIM,MALANG,MALANG,,,0,0,0,JAWA TIMUR,MALANG,KARANGPLOSO,NGENEP,BATU
2404319018,,ODP-BLB-FB/42,-7.937601,112.659869,,,14,2,0,0,16,REGIONAL 5,MALANG,MALANG,BLB,BLIMBING,,2024-03-16 23:26:23,43192,2018,4,NON TITO,,,JAWA TIMUR,0.125,GREEN,333490177,AREA 3,JATIM,MALANG,MALANG,,,0,0,0,JAWA TIMUR,KOTA MALANG,BLIMBING,PANDANWANGI,BATU
8632918533,,ODP-KPO-FD/24,-7.859714,112.575667,,,6,2,0,0,8,REGIONAL 5,MALANG,BATU,KPO,KARANGPLOSO,,2024-03-16 23:26:09,44656,2022,4,NON TITO,,,JAWA TIMUR,0.25,GREEN,1170381562,AREA 3,JATIM,MALANG,MALANG,,,0,0,0,JAWA TIMUR,MALANG,KARANGPLOSO,TAWANGARGO,BATU
2404319008,,ODP-BLB-FB/39,-7.938439,112.660537,,,10,6,0,0,16,REGIONAL 5,MALANG,MALANG,BLB,BLIMBING,,2024-03-16 23:25:45,43192,2018,4,NON TITO,,,JAWA TIMUR,0.375,GREEN,333490166,AREA 3,JATIM,MALANG,MALANG,,,0,0,0,JAWA TIMUR,KOTA MALANG,BLIMBING,PANDANWANGI,BATU
1345769468,,ODP-BLB-FBB/31,-7.904521,112.629655,,,7,1,0,0,8,REGIONAL 5,MALANG,MALANG,BLB,BLIMBING,,2024-03-16 23:25:17,42829,2017,4,NON TITO,,,JAWA TIMUR,0.125,GREEN,81178702,AREA 3,JATIM,MALANG,MALANG,,,0,0,0,JAWA TIMUR,MALANG,KARANGPLOSO,NGENEP,BATU
2404318962,,ODP-BLB-FB/41,-7.937807,112.659704,,,11,5,0,0,16,REGIONAL 5,MALANG,MALANG,BLB,BLIMBING,,2024-03-16 23:25:11,43192,2018,4,NON TITO,,,JAWA TIMUR,0.3125,GREEN,333490117,AREA 3,JATIM,MALANG,MALANG,,,0,0,0,JAWA TIMUR,KOTA MALANG,BLIMBING,PANDANWANGI,BATU
1345769488,,ODP-BLB-FBB/12,-7.906096,112.628805,,,6,2,0,0,8,REGIONAL 5,MALANG,MALANG,BLB,BLIMBING,,2024-03-16 23:25:04,42829,2017,4,NON TITO,,,JAWA TIMUR,0.25,GREEN,81178716,AREA 3,JATIM,MALANG,MALANG,,,0,0,0,JAWA TIMUR,MALANG,KARANGPLOSO,NGENEP,BATU
1345769503,,ODP-BLB-FBB/13,-7.906614,112.628908,,,5,3,0,0,8,REGIONAL 5,MALANG,MALANG,BLB,BLIMBING,,2024-03-16 23:25:30,42829,2017,4,NON TITO,,,JAWA TIMUR,0.375,GREEN,81178727,AREA 3,JATIM,MALANG,MALANG,,,0,0,0,JAWA TIMUR,MALANG,KARANGPLOSO,NGENEP,BATU
1345769508,,ODP-BLB-FBB/17,-7.906082,112.629202,,,5,3,0,0,8,REGIONAL 5,MALANG,MALANG,BLB,BLIMBING,,2024-03-16 23:24:50,42829,2017,4,NON TITO,,,JAWA TIMUR,0.375,GREEN,81178733,AREA 3,JATIM,MALANG,MALANG,,,0,0,0,JAWA TIMUR,MALANG,KARANGPLOSO,NGENEP,BATU
2404318952,,ODP-BLB-FB/53,-7.93521,112.656159,,,11,5,0,0,16,REGIONAL 5,MALANG,MALANG,BLB,BLIMBING,,2024-03-16 23:25:08,43192,2018,4,NON TITO,,,JAWA TIMUR,0.3125,GREEN,333490108,AREA 3,JATIM,MALANG,MALANG,,,0,0,0,JAWA TIMUR,KOTA MALANG,BLIMBING,POLOWIJEN,BATU
2392995442,,ODP-BLB-FB/62,-7.936203,112.65347,,,11,5,0,0,16,REGIONAL 5,MALANG,MALANG,BLB,BLIMBING,,2024-03-16 23:27:07,43188,2018,3,NON TITO,,,JAWA TIMUR,0.3125,GREEN,333473354,AREA 3,JATIM,MALANG,MALANG,,,0,0,0,JAWA TIMUR,KOTA MALANG,BLIMBING,POLOWIJEN,BATU
1345769743,,ODP-BLB-FBB/06,-7.90604,112.628813,,,7,1,0,0,8,REGIONAL 5,MALANG,MALANG,BLB,BLIMBING,,2024-03-16 23:25:40,42829,2017,4,NON TITO,,,JAWA TIMUR,0.125,GREEN,81178922,AREA 3,JATIM,MALANG,MALANG,,,0,0,0,JAWA TIMUR,MALANG,KARANGPLOSO,NGENEP,BATU
1303844864,,ODP-MLG-FBQ/08,-7.967462,112.682933,,,15,1,0,0,16,REGIONAL 5,MALANG,MALANG,PKS,PAKIS,,2024-03-16 23:24:17,42797,2017,3,NON TITO,,,JAWA TIMUR,0.0625,GREEN,79297886,AREA 3,JATIM,MALANG,MALANG,,,0,0,0,JAWA TIMUR,MALANG,PAKIS,AMPELDENTO,BATU
5750443637,,ODP-KPO-FBF/84,-7.915383,112.566771,,,5,3,0,0,8,REGIONAL 5,MALANG,BATU,KPO,KARANGPLOSO,,2024-03-16 23:24:55,44175,2020,12,NON TITO,,,JAWA TIMUR,0.375,GREEN,858009882,AREA 3,JATIM,MALANG,MALANG,,,0,0,0,JAWA TIMUR,MALANG,DAU,SUMBERSEKAR,BATU
1303845141,,ODP-MLG-FBQ/09,-7.966481,112.684828,,,6,2,0,0,8,REGIONAL 5,MALANG,MALANG,PKS,PAKIS,,2024-03-16 23:23:48,42797,2017,3,NON TITO,,,JAWA TIMUR,0.25,GREEN,70181528,AREA 3,JATIM,MALANG,MALANG,,,0,0,0,JAWA TIMUR,MALANG,PAKIS,AMPELDENTO,BATU
8866918976,,ODP-BTU-FAA/08,-7.911049,112.55508,,,5,3,0,0,8,REGIONAL 5,MALANG,BATU,BTU,BATU,,2024-03-16 23:28:14,44721,2022,6,NON TITO,,,JAWA TIMUR,0.375,GREEN,1184776887,AREA 3,JATIM,MALANG,MALANG,,,0,0,0,JAWA TIMUR,KOTA BATU,JUNREJO,JUNREJO,BATU
1207026867,,ODP-LWG-FD/24,-7.828774,112.695708,,,10,6,0,0,16,REGIONAL 5,MALANG,MALANG,LWG,LAWANG,,2024-03-16 23:27:56,42769,2017,2,NON TITO,,,JAWA TIMUR,0.375,GREEN,41592344,AREA 3,JATIM,MALANG,MALANG,,,0,0,0,JAWA TIMUR,MALANG,LAWANG,LAWANG,BATU
5684599381,,ODP-BLB-FDX/65,-7.957502,112.653594,,,5,3,0,0,8,REGIONAL 5,MALANG,MALANG,BLB,BLIMBING,,2024-03-16 23:28:24,44160,2020,11,NON TITO,,,JAWA TIMUR,0.375,GREEN,857110498,AREA 3,JATIM,MALANG,MALANG,,,0,0,0,JAWA TIMUR,KOTA MALANG,BLIMBING,PANDANWANGI,BATU
5684599386,,ODP-BLB-FDX/79,-7.960034,112.654371,,,5,3,0,0,8,REGIONAL 5,MALANG,MALANG,BLB,BLIMBING,,2024-03-16 23:28:07,44160,2020,11,NON TITO,,,JAWA TIMUR,0.375,GREEN,857110501,AREA 3,JATIM,MALANG,MALANG,,,0,0,0,JAWA TIMUR,KOTA MALANG,BLIMBING,PANDANWANGI,BATU
5684599401,,ODP-BLB-FDX/01,-7.957212,112.653949,,,7,1,0,0,8,REGIONAL 5,MALANG,MALANG,BLB,BLIMBING,,2024-03-16 23:28:27,44160,2020,11,NON TITO,,,JAWA TIMUR,0.125,GREEN,857110515,AREA 3,JATIM,MALANG,MALANG,,,0,0,0,JAWA TIMUR,KOTA MALANG,BLIMBING,PANDANWANGI,BATU
8954218797,,ODP-SGS-FAS/08,-7.893255,112.665909,,,5,3,0,0,8,REGIONAL 5,MALANG,MALANG,SGS,SINGOSARI,,2024-03-16 23:25:46,44743,2022,7,NON TITO,,,JAWA TIMUR,0.375,GREEN,1189344359,AREA 3,JATIM,MALANG,MALANG,,,0,0,0,JAWA TIMUR,MALANG,SINGOSARI,PAGENTAN,BATU
5684599411,,ODP-BLB-FDX/86,-7.960359,112.653716,,,7,1,0,0,8,REGIONAL 5,MALANG,MALANG,BLB,BLIMBING,,2024-03-16 23:28:12,44160,2020,11,NON TITO,,,JAWA TIMUR,0.125,GREEN,857110521,AREA 3,JATIM,MALANG,MALANG,,,0,0,0,JAWA TIMUR,KOTA MALANG,BLIMBING,PANDANWANGI,BATU
5684599426,,ODP-BLB-FDX/113,-7.954769,112.653152,,,6,2,0,0,8,REGIONAL 5,MALANG,MALANG,BLB,BLIMBING,,2024-03-16 23:27:58,44160,2020,11,NON TITO,,,JAWA TIMUR,0.25,GREEN,857110531,AREA 3,JATIM,MALANG,MALANG,,,0,0,0,JAWA TIMUR,KOTA MALANG,BLIMBING,PURWANTORO,BATU
1222022700,,ODP-BTU-FZ/19,-7.912975,112.537255,,,3,3,0,0,8,REGIONAL 5,MALANG,BATU,BTU,BATU,,2024-03-16 23:28:27,42773,2017,2,NON TITO,,,JAWA TIMUR,0.375,GREEN,62451424,AREA 3,JATIM,MALANG,MALANG,,,0,0,0,JAWA TIMUR,KOTA BATU,JUNREJO,TLEKUNG,BATU
8949718852,,ODP-SGS-FAS/01,-7.891587,112.656607,,,7,1,0,0,8,REGIONAL 5,MALANG,MALANG,SGS,SINGOSARI,,2024-03-16 23:23:02,44743,2022,7,NON TITO,,,JAWA TIMUR,0.125,GREEN,1188984345,AREA 3,JATIM,MALANG,MALANG,,,0,0,0,JAWA TIMUR,MALANG,SINGOSARI,PURWOASRI,BATU
8920624756,,ODP-SGS-FF/104,-7.889354,112.704602,,,7,1,0,0,8,REGIONAL 5,MALANG,MALANG,SGS,SINGOSARI,,2024-03-16 23:26:52,44746,2022,7,NON TITO,,,JAWA TIMUR,0.125,GREEN,1193096689,AREA 3,JATIM,MALANG,MALANG,,,0,0,0,JAWA TIMUR,MALANG,SINGOSARI,BATURETNO,BATU
5684599431,,ODP-BLB-FDX/74,-7.959955,112.653642,,,7,1,0,0,8,REGIONAL 5,MALANG,MALANG,BLB,BLIMBING,,2024-03-16 23:27:56,44160,2020,11,NON TITO,,,JAWA TIMUR,0.125,GREEN,857110535,AREA 3,JATIM,MALANG,MALANG,,,0,0,0,JAWA TIMUR,KOTA MALANG,BLIMBING,PANDANWANGI,BATU
8949718837,,ODP-SGS-FAS/02,-7.890877,112.657315,,,7,1,0,0,8,REGIONAL 5,MALANG,MALANG,SGS,SINGOSARI,,2024-03-16 23:22:58,44743,2022,7,NON TITO,,,JAWA TIMUR,0.125,GREEN,1188984336,AREA 3,JATIM,MALANG,MALANG,,,0,0,0,JAWA TIMUR,MALANG,SINGOSARI,PAGENTAN,BATU
8920845064,,ODP-NTG-FE/20,-7.836023,112.366517,,,6,2,0,0,8,REGIONAL 5,MALANG,BATU,NTG,NGANTANG,,2024-03-16 23:25:09,44742,2022,6,NON TITO,,,JAWA TIMUR,0.25,GREEN,1188978768,AREA 3,JATIM,MALANG,MALANG,,,0,0,0,JAWA TIMUR,MALANG,NGANTANG,WATUREJO,BATU
8920845054,,ODP-NTG-FE/21,-7.835484,112.36722,,,6,2,0,0,8,REGIONAL 5,MALANG,BATU,NTG,NGANTANG,,2024-03-16 23:25:18,44742,2022,6,NON TITO,,,JAWA TIMUR,0.25,GREEN,1188978753,AREA 3,JATIM,MALANG,MALANG,,,0,0,0,JAWA TIMUR,MALANG,NGANTANG,WATUREJO,BATU
8946718956,,ODP-NTG-FD/15,-7.827988,112.37,,,5,3,0,0,8,REGIONAL 5,MALANG,BATU,NTG,NGANTANG,,2024-03-16 23:25:40,44741,2022,6,NON TITO,,,JAWA TIMUR,0.375,GREEN,1188972952,AREA 3,JATIM,MALANG,MALANG,,,0,0,0,JAWA TIMUR,MALANG,NGANTANG,JOMBOK,BATU
8920622639,,ODP-NTG-FE/18,-7.845546,112.37075,,,6,2,0,0,8,REGIONAL 5,MALANG,BATU,NTG,NGANTANG,,2024-03-16 23:26:59,44741,2022,6,NON TITO,,,JAWA TIMUR,0.25,GREEN,1188972880,AREA 3,JATIM,MALANG,MALANG,,,0,0,0,JAWA TIMUR,MALANG,NGANTANG,KAUMREJO,BATU
5684599446,,ODP-BLB-FDX/34,-7.956411,112.653142,,,6,2,0,0,8,REGIONAL 5,MALANG,MALANG,BLB,BLIMBING,,2024-03-16 23:28:23,44160,2020,11,NON TITO,,,JAWA TIMUR,0.25,GREEN,857110545,AREA 3,JATIM,MALANG,MALANG,,,0,0,0,JAWA TIMUR,KOTA MALANG,BLIMBING,PURWANTORO,BATU
5684599461,,ODP-BLB-FDX/44,-7.957889,112.655039,,,5,3,0,0,8,REGIONAL 5,MALANG,MALANG,BLB,BLIMBING,,2024-03-16 23:27:39,44160,2020,11,NON TITO,,,JAWA TIMUR,0.375,GREEN,857110554,AREA 3,JATIM,MALANG,MALANG,,,0,0,0,JAWA TIMUR,KOTA MALANG,BLIMBING,PANDANWANGI,BATU
8920622619,,ODP-NTG-FE/15,-7.852552,112.36897,,,5,3,0,0,8,REGIONAL 5,MALANG,BATU,NTG,NGANTANG,,2024-03-16 23:26:54,44741,2022,6,NON TITO,,,JAWA TIMUR,0.375,GREEN,1188972867,AREA 3,JATIM,MALANG,MALANG,,,0,0,0,JAWA TIMUR,MALANG,NGANTANG,KAUMREJO,BATU
8920622614,,ODP-NTG-FE/11,-7.849298,112.370622,,,5,3,0,0,8,REGIONAL 5,MALANG,BATU,NTG,NGANTANG,,2024-03-16 23:26:16,44741,2022,6,NON TITO,,,JAWA TIMUR,0.375,GREEN,1188972864,AREA 3,JATIM,MALANG,MALANG,,,0,0,0,JAWA TIMUR,MALANG,NGANTANG,KAUMREJO,BATU
5684599436,,ODP-BLB-FDX/31,-7.95535,112.653782,,,6,2,0,0,8,REGIONAL 5,MALANG,MALANG,BLB,BLIMBING,,2024-03-16 23:28:23,44160,2020,11,NON TITO,,,JAWA TIMUR,0.25,GREEN,857110538,AREA 3,JATIM,MALANG,MALANG,,,0,0,0,JAWA TIMUR,KOTA MALANG,BLIMBING,PURWANTORO,BATU
8920624761,,ODP-SGS-FF/107,-7.901156,112.699191,,,5,3,0,0,8,REGIONAL 5,MALANG,MALANG,SGS,SINGOSARI,,2024-03-16 23:27:19,44746,2022,7,NON TITO,,,JAWA TIMUR,0.375,GREEN,1193096699,AREA 3,JATIM,MALANG,MALANG,,,0,0,0,JAWA TIMUR,MALANG,SINGOSARI,BATURETNO,BATU
5684599376,,ODP-BLB-FDX/94,-7.959887,112.651217,,,5,3,0,0,8,REGIONAL 5,MALANG,MALANG,BLB,BLIMBING,,2024-03-16 23:27:00,44160,2020,11,NON TITO,,,JAWA TIMUR,0.375,GREEN,857110495,AREA 3,JATIM,MALANG,MALANG,,,0,0,0,JAWA TIMUR,KOTA MALANG,BLIMBING,PURWANTORO,BATU
8920624766,,ODP-SGS-FF/105,-7.892456,112.703368,,,6,2,0,0,8,REGIONAL 5,MALANG,MALANG,SGS,SINGOSARI,,2024-03-16 23:26:40,44746,2022,7,NON TITO,,,JAWA TIMUR,0.25,GREEN,1193096708,AREA 3,JATIM,MALANG,MALANG,,,0,0,0,JAWA TIMUR,MALANG,SINGOSARI,BATURETNO,BATU
2503396597,,ODP-NTG-FB/13,-7.853556,112.380814,,,11,5,0,0,16,REGIONAL 5,MALANG,BATU,NTG,NGANTANG,,2024-03-16 23:28:56,43231,2018,5,NON TITO,,,JAWA TIMUR,0.3125,GREEN,354190729,AREA 3,JATIM,MALANG,MALANG,,,0,0,0,JAWA TIMUR,MALANG,NGANTANG,SUMBERAGUNG,BATU
5684599246,,ODP-BLB-FDX/77,-7.959876,112.654129,,,6,2,0,0,8,REGIONAL 5,MALANG,MALANG,BLB,BLIMBING,,2024-03-16 23:28:06,44160,2020,11,NON TITO,,,JAWA TIMUR,0.25,GREEN,857110399,AREA 3,JATIM,MALANG,MALANG,,,0,0,0,JAWA TIMUR,KOTA MALANG,BLIMBING,PANDANWANGI,BATU
1199744339,,ODP-BLB-FDA/22,-7.937583,112.667018,,,11,5,0,0,16,REGIONAL 5,MALANG,MALANG,BLB,BLIMBING,,2024-03-16 23:25:10,42767,2017,2,NON TITO,,,JAWA TIMUR,0.3125,GREEN,41216286,AREA 3,JATIM,MALANG,MALANG,,,0,0,0,JAWA TIMUR,MALANG,PAKIS,TIRTOMOYO,BATU
5684599256,,ODP-BLB-FDX/96,-7.959474,112.651386,,,7,1,0,0,8,REGIONAL 5,MALANG,MALANG,BLB,BLIMBING,,2024-03-16 23:28:00,44160,2020,11,NON TITO,,,JAWA TIMUR,0.125,GREEN,857110405,AREA 3,JATIM,MALANG,MALANG,,,0,0,0,JAWA TIMUR,KOTA MALANG,BLIMBING,PURWANTORO,BATU
5684599286,,ODP-BLB-FDX/123,-7.958823,112.650878,,,7,1,0,0,8,REGIONAL 5,MALANG,MALANG,BLB,BLIMBING,,2024-03-16 23:28:13,44160,2020,11,NON TITO,,,JAWA TIMUR,0.125,GREEN,857110427,AREA 3,JATIM,MALANG,MALANG,,,0,0,0,JAWA TIMUR,KOTA MALANG,BLIMBING,PURWANTORO,BATU
5684599291,,ODP-BLB-FDX/88,-7.959536,112.652603,,,6,2,0,0,8,REGIONAL 5,MALANG,MALANG,BLB,BLIMBING,,2024-03-16 23:27:12,44160,2020,11,NON TITO,,,JAWA TIMUR,0.25,GREEN,857110432,AREA 3,JATIM,MALANG,MALANG,,,0,0,0,JAWA TIMUR,KOTA MALANG,BLIMBING,PANDANWANGI,BATU
2495672193,,ODP-BLB-FCV/40,-7.940156,112.619705,,,5,3,0,0,8,REGIONAL 5,MALANG,MALANG,BLB,BLIMBING,,2024-03-16 23:22:24,43229,2018,5,NON TITO,,,JAWA TIMUR,0.375,GREEN,354168451,AREA 3,JATIM,MALANG,MALANG,,,0,0,0,JAWA TIMUR,KOTA MALANG,LOWOKWARU,JATIMULYO,BATU
8960143859,,ODP-NTG-FC/36,-7.904349,112.37366,,,5,3,0,0,8,REGIONAL 5,MALANG,BATU,NTG,NGANTANG,,2024-03-16 23:25:17,44747,2022,7,NON TITO,,,JAWA TIMUR,0.375,GREEN,1193108328,AREA 3,JATIM,MALANG,MALANG,,,0,0,0,JAWA TIMUR,MALANG,NGANTANG,SIDODADI,BATU
5684599326,,ODP-BLB-FDX/95,-7.959664,112.651347,,,7,1,0,0,8,REGIONAL 5,MALANG,MALANG,BLB,BLIMBING,,2024-03-16 23:28:16,44160,2020,11,NON TITO,,,JAWA TIMUR,0.125,GREEN,857110458,AREA 3,JATIM,MALANG,MALANG,,,0,0,0,JAWA TIMUR,KOTA MALANG,BLIMBING,PURWANTORO,BATU
8960143853,,ODP-NTG-FC/37,-7.899336,112.367638,,,5,3,0,0,8,REGIONAL 5,MALANG,BATU,NTG,NGANTANG,,2024-03-16 23:25:03,44747,2022,7,NON TITO,,,JAWA TIMUR,0.375,GREEN,1193108324,AREA 3,JATIM,MALANG,MALANG,,,0,0,0,JAWA TIMUR,MALANG,NGANTANG,NGANTRU,BATU
5684599341,,ODP-BLB-FDX/02,-7.956894,112.654171,,,5,3,0,0,8,REGIONAL 5,MALANG,MALANG,BLB,BLIMBING,,2024-03-16 23:28:26,44160,2020,11,NON TITO,,,JAWA TIMUR,0.375,GREEN,857110468,AREA 3,JATIM,MALANG,MALANG,,,0,0,0,JAWA TIMUR,KOTA MALANG,BLIMBING,PANDANWANGI,BATU
8960143847,,ODP-NTG-FC/43,-7.884836,112.363038,,,6,2,0,0,8,REGIONAL 5,MALANG,BATU,NTG,NGANTANG,,2024-03-16 23:25:19,44747,2022,7,NON TITO,,,JAWA TIMUR,0.25,GREEN,1193108320,AREA 3,JATIM,MALANG,MALANG,,,0,0,0,JAWA TIMUR,MALANG,NGANTANG,BANTUREJO,BATU
8960143844,,ODP-NTG-FC/41,-7.890998,112.360243,,,6,2,0,0,8,REGIONAL 5,MALANG,BATU,NTG,NGANTANG,,2024-03-16 23:24:47,44747,2022,7,NON TITO,,,JAWA TIMUR,0.25,GREEN,1193108318,AREA 3,JATIM,MALANG,MALANG,,,0,0,0,JAWA TIMUR,MALANG,NGANTANG,BANTUREJO,BATU
5684599346,,ODP-BLB-FDX/87,-7.960046,112.653265,,,7,1,0,0,8,REGIONAL 5,MALANG,MALANG,BLB,BLIMBING,,2024-03-16 23:26:59,44160,2020,11,NON TITO,,,JAWA TIMUR,0.125,GREEN,857110472,AREA 3,JATIM,MALANG,MALANG,,,0,0,0,JAWA TIMUR,KOTA MALANG,BLIMBING,PANDANWANGI,BATU
5684599351,,ODP-BLB-FDX/58,-7.957333,112.652346,,,6,2,0,0,8,REGIONAL 5,MALANG,MALANG,BLB,BLIMBING,,2024-03-16 23:28:26,44160,2020,11,NON TITO,,,JAWA TIMUR,0.25,GREEN,857110476,AREA 3,JATIM,MALANG,MALANG,,,0,0,0,JAWA TIMUR,KOTA MALANG,BLIMBING,PURWANTORO,BATU
1207020423,,ODP-BTU-FX/33,-7.889264,112.562959,,,9,6,0,0,16,REGIONAL 5,MALANG,BATU,BTU,BATU,,2024-03-16 23:26:57,42768,2017,2,NON TITO,,,JAWA TIMUR,0.375,GREEN,41224950,AREA 3,JATIM,MALANG,MALANG,,,0,0,0,JAWA TIMUR,KOTA BATU,JUNREJO,TORONGREJO,BATU
5684599356,,ODP-BLB-FDX/106,-7.959971,112.651592,,,5,3,0,0,8,REGIONAL 5,MALANG,MALANG,BLB,BLIMBING,,2024-03-16 23:28:11,44160,2020,11,NON TITO,,,JAWA TIMUR,0.375,GREEN,857110481,AREA 3,JATIM,MALANG,MALANG,,,0,0,0,JAWA TIMUR,KOTA MALANG,BLIMBING,PURWANTORO,BATU
5684599361,,ODP-BLB-FDX/115,-7.955252,112.65295,,,7,1,0,0,8,REGIONAL 5,MALANG,MALANG,BLB,BLIMBING,,2024-03-16 23:27:18,44160,2020,11,NON TITO,,,JAWA TIMUR,0.125,GREEN,857110484,AREA 3,JATIM,MALANG,MALANG,,,0,0,0,JAWA TIMUR,KOTA MALANG,BLIMBING,PURWANTORO,BATU
8942146125,,ODP-SGS-FF/101,-7.910551,112.696901,,,6,2,0,0,8,REGIONAL 5,MALANG,MALANG,SGS,SINGOSARI,,2024-03-16 23:28:38,44747,2022,7,NON TITO,,,JAWA TIMUR,0.25,GREEN,1193104069,AREA 3,JATIM,MALANG,MALANG,,,0,0,0,JAWA TIMUR,MALANG,SINGOSARI,DENGKOL,BATU
8942146120,,ODP-SGS-FF/98,-7.916356,112.698215,,,6,2,0,0,8,REGIONAL 5,MALANG,MALANG,SGS,SINGOSARI,,2024-03-16 23:28:29,44747,2022,7,NON TITO,,,JAWA TIMUR,0.25,GREEN,1193104066,AREA 3,JATIM,MALANG,MALANG,,,0,0,0,JAWA TIMUR,MALANG,SINGOSARI,DENGKOL,BATU
8942146110,,ODP-SGS-FF/103,-7.905412,112.69889,,,5,3,0,0,8,REGIONAL 5,MALANG,MALANG,SGS,SINGOSARI,,2024-03-16 23:28:36,44747,2022,7,NON TITO,,,JAWA TIMUR,0.375,GREEN,1193104059,AREA 3,JATIM,MALANG,MALANG,,,0,0,0,JAWA TIMUR,MALANG,SINGOSARI,DENGKOL,BATU
5684599482,,ODP-BLB-FDX/104,-7.959363,112.651706,,,7,1,0,0,8,REGIONAL 5,MALANG,MALANG,BLB,BLIMBING,,2024-03-16 23:26:57,44160,2020,11,NON TITO,,,JAWA TIMUR,0.125,GREEN,857110568,AREA 3,JATIM,MALANG,MALANG,,,0,0,0,JAWA TIMUR,KOTA MALANG,BLIMBING,PURWANTORO,BATU
8486818984,,ODP-SGS-FG/42,-7.896803,112.690387,,,5,3,0,0,8,REGIONAL 5,MALANG,MALANG,SGS,SINGOSARI,,2024-03-16 23:24:49,44623,2022,3,NON TITO,,,JAWA TIMUR,0.375,GREEN,1168337239,AREA 3,JATIM,MALANG,MALANG,,,0,0,0,JAWA TIMUR,MALANG,SINGOSARI,TAMANHARJO,BATU
8920622594,,ODP-NTG-FE/13,-7.854537,112.367257,,,5,3,0,0,8,REGIONAL 5,MALANG,BATU,NTG,NGANTANG,,2024-03-16 23:21:04,44741,2022,6,NON TITO,,,JAWA TIMUR,0.375,GREEN,1188972852,AREA 3,JATIM,MALANG,MALANG,,,0,0,0,JAWA TIMUR,MALANG,NGANTANG,KAUMREJO,BATU
8920622574,,ODP-NTG-FE/17,-7.847639,112.370464,,,6,2,0,0,8,REGIONAL 5,MALANG,BATU,NTG,NGANTANG,,2024-03-16 23:26:52,44741,2022,6,NON TITO,,,JAWA TIMUR,0.25,GREEN,1188972840,AREA 3,JATIM,MALANG,MALANG,,,0,0,0,JAWA TIMUR,MALANG,NGANTANG,KAUMREJO,BATU
1264997442,,ODP-BTU-FX/21,-7.893617,112.544645,,,6,2,0,0,8,REGIONAL 5,MALANG,BATU,BTU,BATU,,2024-03-16 23:22:30,42783,2017,2,NON TITO,,,JAWA TIMUR,0.25,GREEN,62777209,AREA 3,JATIM,MALANG,MALANG,,,0,0,0,JAWA TIMUR,KOTA BATU,JUNREJO,BEJI,BATU
1264997445,,ODP-BTU-FX/30,-7.893628,112.542304,,,10,6,0,0,16,REGIONAL 5,MALANG,BATU,BTU,BATU,,2024-03-16 23:22:36,42783,2017,2,NON TITO,,,JAWA TIMUR,0.375,GREEN,62777211,AREA 3,JATIM,MALANG,MALANG,,,0,0,0,JAWA TIMUR,KOTA BATU,BATU,ORO-ORO OMBO,BATU
1264997468,,ODP-BTU-FX/13,-7.895647,112.547525,,,4,2,0,0,8,REGIONAL 5,MALANG,BATU,BTU,BATU,,2024-03-16 23:22:19,42783,2017,2,NON TITO,,,JAWA TIMUR,0.25,GREEN,62777225,AREA 3,JATIM,MALANG,MALANG,,,0,0,0,JAWA TIMUR,KOTA BATU,JUNREJO,BEJI,BATU
5684599629,,ODP-BLB-FDX/101,-7.958081,112.651571,,,5,3,0,0,8,REGIONAL 5,MALANG,MALANG,BLB,BLIMBING,,2024-03-16 23:27:09,44160,2020,11,NON TITO,,,JAWA TIMUR,0.375,GREEN,857110676,AREA 3,JATIM,MALANG,MALANG,,,0,0,0,JAWA TIMUR,KOTA MALANG,BLIMBING,PURWANTORO,BATU
5684599634,,ODP-BLB-FDX/62,-7.95766,112.652629,,,5,3,0,0,8,REGIONAL 5,MALANG,MALANG,BLB,BLIMBING,,2024-03-16 23:28:34,44160,2020,11,NON TITO,,,JAWA TIMUR,0.375,GREEN,857110679,AREA 3,JATIM,MALANG,MALANG,,,0,0,0,JAWA TIMUR,KOTA MALANG,BLIMBING,PURWANTORO,BATU
5684599639,,ODP-BLB-FDX/70,-7.959609,112.65321,,,7,1,0,0,8,REGIONAL 5,MALANG,MALANG,BLB,BLIMBING,,2024-03-16 23:28:27,44160,2020,11,NON TITO,,,JAWA TIMUR,0.125,GREEN,857110682,AREA 3,JATIM,MALANG,MALANG,,,0,0,0,JAWA TIMUR,KOTA MALANG,BLIMBING,PANDANWANGI,BATU
5684599650,,ODP-BLB-FDX/09,-7.957128,112.654796,,,6,2,0,0,8,REGIONAL 5,MALANG,MALANG,BLB,BLIMBING,,2024-03-16 23:23:28,44160,2020,11,NON TITO,,,JAWA TIMUR,0.25,GREEN,857110692,AREA 3,JATIM,MALANG,MALANG,,,0,0,0,JAWA TIMUR,KOTA MALANG,BLIMBING,PANDANWANGI,BATU
8897519993,,ODP-BTU-FBZ/12,-7.853126,112.527999,,,7,1,0,0,8,REGIONAL 5,MALANG,BATU,BTU,BATU,,2024-03-16 23:23:45,44729,2022,6,NON TITO,,,JAWA TIMUR,0.125,GREEN,1185303045,AREA 3,JATIM,MALANG,MALANG,,,0,0,0,JAWA TIMUR,KOTA BATU,BATU,SIDOMULYO,BATU
5684599680,,ODP-BLB-FDX/100,-7.95873,112.651454,,,6,2,0,0,8,REGIONAL 5,MALANG,MALANG,BLB,BLIMBING,,2024-03-16 23:28:22,44160,2020,11,NON TITO,,,JAWA TIMUR,0.25,GREEN,857110714,AREA 3,JATIM,MALANG,MALANG,,,0,0,0,JAWA TIMUR,KOTA MALANG,BLIMBING,PURWANTORO,BATU
8897744737,,ODP-BTU-FBU/62,-7.868261,112.506173,,,5,3,0,0,8,REGIONAL 5,MALANG,BATU,BTU,BATU,,2024-03-16 23:21:25,44732,2022,6,NON TITO,,,JAWA TIMUR,0.375,GREEN,1185313943,AREA 3,JATIM,MALANG,MALANG,,,0,0,0,JAWA TIMUR,KOTA BATU,BATU,SONGGOKERTO,BATU
1264997688,,ODP-BTU-FX/11,-7.896732,112.548131,,,14,2,0,0,16,REGIONAL 5,MALANG,BATU,BTU,BATU,,2024-03-16 23:22:42,42783,2017,2,NON TITO,,,JAWA TIMUR,0.125,GREEN,62777334,AREA 3,JATIM,MALANG,MALANG,,,0,0,0,JAWA TIMUR,KOTA BATU,JUNREJO,BEJI,BATU
1264997769,,ODP-BTU-FX/25,-7.893728,112.543739,,,5,3,0,0,8,REGIONAL 5,MALANG,BATU,BTU,BATU,,2024-03-16 23:22:27,42783,2017,2,NON TITO,,,JAWA TIMUR,0.375,GREEN,62777372,AREA 3,JATIM,MALANG,MALANG,,,0,0,0,JAWA TIMUR,KOTA BATU,JUNREJO,BEJI,BATU
2468668716,,ODP-BTU-FD/75,-7.867704,112.519498,,,5,3,0,0,8,REGIONAL 5,MALANG,BATU,BTU,BATU,,2024-03-16 23:25:47,43215,2018,4,NON TITO,,,JAWA TIMUR,0.375,GREEN,353604876,AREA 3,JATIM,MALANG,MALANG,,,0,0,0,JAWA TIMUR,KOTA BATU,BATU,PESANGGRAHAN,BATU
5684599710,,ODP-BLB-FDX/39,-7.956508,112.654051,,,5,3,0,0,8,REGIONAL 5,MALANG,MALANG,BLB,BLIMBING,,2024-03-16 23:28:22,44160,2020,11,NON TITO,,,JAWA TIMUR,0.375,GREEN,857110735,AREA 3,JATIM,MALANG,MALANG,,,0,0,0,JAWA TIMUR,KOTA MALANG,BLIMBING,PANDANWANGI,BATU
5697874339,,ODP-BTU-FAF/71,-7.853607,112.527281,,,6,2,0,0,8,REGIONAL 5,MALANG,BATU,BTU,BATU,,2024-03-16 23:23:06,44166,2020,12,NON TITO,,,JAWA TIMUR,0.25,GREEN,857596967,AREA 3,JATIM,MALANG,MALANG,,,0,0,0,JAWA TIMUR,KOTA BATU,BATU,SIDOMULYO,BATU
2451043567,,ODP-BTU-FAG/59,-7.821347,112.533897,,,5,3,0,0,8,REGIONAL 5,MALANG,BATU,BTU,BATU,,2024-03-16 23:24:25,43212,2018,4,NON TITO,,,JAWA TIMUR,0.375,GREEN,353582387,AREA 3,JATIM,MALANG,MALANG,,,0,0,0,JAWA TIMUR,KOTA BATU,BUMIAJI,TULUNGREJO,BATU
8851993616,,ODP-SGS-FAN/08,-7.901531,112.648789,,,6,2,0,0,8,REGIONAL 5,MALANG,MALANG,SGS,SINGOSARI,,2024-03-16 23:22:21,44722,2022,6,NON TITO,,,JAWA TIMUR,0.25,GREEN,1184788094,AREA 3,JATIM,MALANG,MALANG,,,0,0,0,JAWA TIMUR,MALANG,SINGOSARI,PURWOASRI,BATU
1293119131,,GCL-NTG-F03/12,-7.852199,112.370944,,,11,5,0,0,16,REGIONAL 5,MALANG,BATU,NTG,NGANTANG,,2024-03-16 23:27:21,42794,2017,2,NON TITO,,,JAWA TIMUR,0.3125,GREEN,70163465,AREA 3,JATIM,MALANG,MALANG,,,0,0,0,JAWA TIMUR,MALANG,NGANTANG,KAUMREJO,BATU
1293119144,,GCL-NTG-F03/11,-7.854011,112.370446,,,11,5,0,0,16,REGIONAL 5,MALANG,BATU,NTG,NGANTANG,,2024-03-16 23:28:07,42794,2017,2,NON TITO,,,JAWA TIMUR,0.3125,GREEN,70163518,AREA 3,JATIM,MALANG,MALANG,,,0,0,0,JAWA TIMUR,MALANG,NGANTANG,KAUMREJO,BATU
5748943649,,ODP-BTU-FBL/20,-7.86408,112.506852,,,11,5,0,0,16,REGIONAL 5,MALANG,BATU,BTU,BATU,,2024-03-16 23:26:22,44174,2020,12,NON TITO,,,JAWA TIMUR,0.3125,GREEN,857996864,AREA 3,JATIM,MALANG,MALANG,,,0,0,0,JAWA TIMUR,KOTA BATU,BATU,SONGGOKERTO,BATU
5684599685,,ODP-BLB-FDX/26,-7.956295,112.652923,,,7,1,0,0,8,REGIONAL 5,MALANG,MALANG,BLB,BLIMBING,,2024-03-16 23:28:26,44160,2020,11,NON TITO,,,JAWA TIMUR,0.125,GREEN,857110717,AREA 3,JATIM,MALANG,MALANG,,,0,0,0,JAWA TIMUR,KOTA MALANG,BLIMBING,PURWANTORO,BATU
1264393658,,GCL-NTG-F03/08,-7.85649,112.36971,,,14,2,0,0,16,REGIONAL 5,MALANG,BATU,NTG,NGANTANG,,2024-03-16 23:21:38,42783,2017,2,NON TITO,,,JAWA TIMUR,0.125,GREEN,62776117,AREA 3,JATIM,MALANG,MALANG,,,0,0,0,JAWA TIMUR,MALANG,NGANTANG,KAUMREJO,BATU
1264393637,,GCL-NTG-F03/06,-7.84899,112.373849,,,11,5,0,0,16,REGIONAL 5,MALANG,BATU,NTG,NGANTANG,,2024-03-16 23:26:56,42783,2017,2,NON TITO,,,JAWA TIMUR,0.3125,GREEN,62775866,AREA 3,JATIM,MALANG,MALANG,,,0,0,0,JAWA TIMUR,MALANG,NGANTANG,SUMBERAGUNG,BATU
2469794227,,ODP-BLB-FBG/39,-7.934792,112.640978,,,5,3,0,0,8,REGIONAL 5,MALANG,MALANG,BLB,BLIMBING,,2024-03-16 23:27:26,43216,2018,4,NON TITO,,,JAWA TIMUR,0.375,GREEN,353614146,AREA 3,JATIM,MALANG,MALANG,,,0,0,0,JAWA TIMUR,KOTA MALANG,LOWOKWARU,TUNJUNGSEKAR,BATU
8920622564,,ODP-NTG-FE/06,-7.844077,112.376695,,,6,1,0,0,8,REGIONAL 5,MALANG,BATU,NTG,NGANTANG,,2024-03-16 23:26:03,44741,2022,6,NON TITO,,,JAWA TIMUR,0.125,GREEN,1188972834,AREA 3,JATIM,MALANG,MALANG,,,0,0,0,JAWA TIMUR,MALANG,NGANTANG,TULUNGREJO,BATU
8920622554,,ODP-NTG-FE/02,-7.856082,112.369923,,,5,3,0,0,8,REGIONAL 5,MALANG,BATU,NTG,NGANTANG,,2024-03-16 23:26:57,44741,2022,6,NON TITO,,,JAWA TIMUR,0.375,GREEN,1188972828,AREA 3,JATIM,MALANG,MALANG,,,0,0,0,JAWA TIMUR,MALANG,NGANTANG,SUMBERAGUNG,BATU
8942143800,,ODP-SGS-FAQ/01,-7.871751,112.634292,,,6,2,0,0,8,REGIONAL 5,MALANG,MALANG,SGS,SINGOSARI,,2024-03-16 23:27:58,44741,2022,6,NON TITO,,,JAWA TIMUR,0.25,GREEN,1188972105,AREA 3,JATIM,MALANG,MALANG,,,0,0,0,JAWA TIMUR,MALANG,SINGOSARI,KLAMPOK,BATU
5684599513,,ODP-BLB-FDX/120,-7.957327,112.651416,,,5,3,0,0,8,REGIONAL 5,MALANG,MALANG,BLB,BLIMBING,,2024-03-16 23:27:38,44160,2020,11,NON TITO,,,JAWA TIMUR,0.375,GREEN,857110589,AREA 3,JATIM,MALANG,MALANG,,,0,0,0,JAWA TIMUR,KOTA MALANG,BLIMBING,PURWANTORO,BATU
5684599518,,ODP-BLB-FDX/84,-7.960888,112.654476,,,7,1,0,0,8,REGIONAL 5,MALANG,MALANG,BLB,BLIMBING,,2024-03-16 23:27:48,44160,2020,11,NON TITO,,,JAWA TIMUR,0.125,GREEN,857110594,AREA 3,JATIM,MALANG,MALANG,,,0,0,0,JAWA TIMUR,KOTA MALANG,BLIMBING,PANDANWANGI,BATU
5684599533,,ODP-BLB-FDX/53,-7.957079,112.652161,,,6,2,0,0,8,REGIONAL 5,MALANG,MALANG,BLB,BLIMBING,,2024-03-16 23:28:25,44160,2020,11,NON TITO,,,JAWA TIMUR,0.25,GREEN,857110603,AREA 3,JATIM,MALANG,MALANG,,,0,0,0,JAWA TIMUR,KOTA MALANG,BLIMBING,PURWANTORO,BATU
5684599538,,ODP-BLB-FDX/112,-7.954461,112.653346,,,5,3,0,0,8,REGIONAL 5,MALANG,MALANG,BLB,BLIMBING,,2024-03-16 23:28:27,44160,2020,11,NON TITO,,,JAWA TIMUR,0.375,GREEN,857110606,AREA 3,JATIM,MALANG,MALANG,,,0,0,0,JAWA TIMUR,KOTA MALANG,BLIMBING,PURWANTORO,BATU
5684599543,,ODP-BLB-FDX/72,-7.959827,112.65339,,,6,2,0,0,8,REGIONAL 5,MALANG,MALANG,BLB,BLIMBING,,2024-03-16 23:26:50,44160,2020,11,NON TITO,,,JAWA TIMUR,0.25,GREEN,857110609,AREA 3,JATIM,MALANG,MALANG,,,0,0,0,JAWA TIMUR,KOTA MALANG,BLIMBING,PANDANWANGI,BATU
5684599553,,ODP-BLB-FDX/11,-7.957394,112.655336,,,5,3,0,0,8,REGIONAL 5,MALANG,MALANG,BLB,BLIMBING,,2024-03-16 23:27:58,44160,2020,11,NON TITO,,,JAWA TIMUR,0.375,GREEN,857110619,AREA 3,JATIM,MALANG,MALANG,,,0,0,0,JAWA TIMUR,KOTA MALANG,BLIMBING,PANDANWANGI,BATU
5684599558,,ODP-BLB-FDX/85,-7.960697,112.654163,,,6,2,0,0,8,REGIONAL 5,MALANG,MALANG,BLB,BLIMBING,,2024-03-16 23:27:19,44160,2020,11,NON TITO,,,JAWA TIMUR,0.25,GREEN,857110626,AREA 3,JATIM,MALANG,MALANG,,,0,0,0,JAWA TIMUR,KOTA MALANG,BLIMBING,PANDANWANGI,BATU
5684599578,,ODP-BLB-FDX/102,-7.958655,112.651827,,,6,2,0,0,8,REGIONAL 5,MALANG,MALANG,BLB,BLIMBING,,2024-03-16 23:28:21,44160,2020,11,NON TITO,,,JAWA TIMUR,0.25,GREEN,857110641,AREA 3,JATIM,MALANG,MALANG,,,0,0,0,JAWA TIMUR,KOTA MALANG,BLIMBING,PURWANTORO,BATU
8919718843,,ODP-TMP-FJ/74,-7.993684,112.719145,,,5,3,0,0,8,REGIONAL 5,MALANG,MALANG,TMP,TUMPANG,,2024-03-16 23:22:29,44735,2022,6,NON TITO,,,JAWA TIMUR,0.375,GREEN,1185443867,AREA 3,JATIM,MALANG,MALANG,,,0,0,0,JAWA TIMUR,MALANG,PAKIS,BANJARREJO,BATU
5684599584,,ODP-BLB-FDX/63,-7.957346,112.652755,,,6,2,0,0,8,REGIONAL 5,MALANG,MALANG,BLB,BLIMBING,,2024-03-16 23:27:13,44160,2020,11,NON TITO,,,JAWA TIMUR,0.25,GREEN,857110645,AREA 3,JATIM,MALANG,MALANG,,,0,0,0,JAWA TIMUR,KOTA MALANG,BLIMBING,PURWANTORO,BATU
8896920213,,ODP-TMP-FE/118,-7.975444,112.753461,,,6,2,0,0,8,REGIONAL 5,MALANG,MALANG,TMP,TUMPANG,,2024-03-16 23:29:04,44734,2022,6,NON TITO,,,JAWA TIMUR,0.25,GREEN,1185335363,AREA 3,JATIM,MALANG,MALANG,,,0,0,0,JAWA TIMUR,MALANG,JABUNG,SIDOREJO,BATU
8896920198,,ODP-TMP-FE/121,-7.97397,112.748185,,,5,3,0,0,8,REGIONAL 5,MALANG,MALANG,TMP,TUMPANG,,2024-03-16 23:29:00,44734,2022,6,NON TITO,,,JAWA TIMUR,0.375,GREEN,1185335354,AREA 3,JATIM,MALANG,MALANG,,,0,0,0,JAWA TIMUR,MALANG,JABUNG,SIDOREJO,BATU
2469794367,,ODP-BLB-FBG/68,-7.932352,112.64115,,,6,2,0,0,8,REGIONAL 5,MALANG,MALANG,BLB,BLIMBING,,2024-03-16 23:28:08,43216,2018,4,NON TITO,,,JAWA TIMUR,0.25,GREEN,353614200,AREA 3,JATIM,MALANG,MALANG,,,0,0,0,JAWA TIMUR,KOTA MALANG,LOWOKWARU,TUNJUNGSEKAR,BATU
1237318804,,ODP-SGS-FK/34,-7.90094,112.657586,,,10,6,0,0,16,REGIONAL 5,MALANG,MALANG,SGS,SINGOSARI,,2024-03-16 23:28:39,42776,2017,2,NON TITO,,,JAWA TIMUR,0.375,GREEN,62749584,AREA 3,JATIM,MALANG,MALANG,,,0,0,0,JAWA TIMUR,MALANG,SINGOSARI,PURWOASRI,BATU
5684599619,,ODP-BLB-FDX/23,-7.962465,112.654744,,,6,2,0,0,8,REGIONAL 5,MALANG,MALANG,BLB,BLIMBING,,2024-03-16 23:27:49,44160,2020,11,NON TITO,,,JAWA TIMUR,0.25,GREEN,857110670,AREA 3,JATIM,MALANG,MALANG,,,0,0,0,JAWA TIMUR,KOTA MALANG,BLIMBING,PANDANWANGI,BATU
8896919993,,ODP-TMP-FE/109,-7.964933,112.741606,,,5,3,0,0,8,REGIONAL 5,MALANG,MALANG,TMP,TUMPANG,,2024-03-16 23:28:51,44734,2022,6,NON TITO,,,JAWA TIMUR,0.375,GREEN,1185331589,AREA 3,JATIM,MALANG,MALANG,,,0,0,0,JAWA TIMUR,MALANG,PAKIS,SUMBERPASIR,BATU
5684599624,,ODP-BLB-FDX/81,-7.960144,112.654544,,,7,1,0,0,8,REGIONAL 5,MALANG,MALANG,BLB,BLIMBING,,2024-03-16 23:28:22,44160,2020,11,NON TITO,,,JAWA TIMUR,0.125,GREEN,857110673,AREA 3,JATIM,MALANG,MALANG,,,0,0,0,JAWA TIMUR,KOTA MALANG,BLIMBING,PANDANWANGI,BATU
8896919973,,ODP-TMP-FE/113,-7.970128,112.745997,,,6,2,0,0,8,REGIONAL 5,MALANG,MALANG,TMP,TUMPANG,,2024-03-16 23:29:00,44734,2022,6,NON TITO,,,JAWA TIMUR,0.25,GREEN,1185331577,AREA 3,JATIM,MALANG,MALANG,,,0,0,0,JAWA TIMUR,MALANG,PAKIS,SUMBERPASIR,BATU
5684599508,,ODP-BLB-FDX/43,-7.957675,112.65466,,,5,3,0,0,8,REGIONAL 5,MALANG,MALANG,BLB,BLIMBING,,2024-03-16 23:27:10,44160,2020,11,NON TITO,,,JAWA TIMUR,0.375,GREEN,857110585,AREA 3,JATIM,MALANG,MALANG,,,0,0,0,JAWA TIMUR,KOTA MALANG,BLIMBING,PANDANWANGI,BATU
2503396911,,ODP-NTG-FB/16,-7.872109,112.376911,,,12,4,0,0,16,REGIONAL 5,MALANG,BATU,NTG,NGANTANG,,2024-03-16 23:29:02,43231,2018,5,NON TITO,,,JAWA TIMUR,0.25,GREEN,354191045,AREA 3,JATIM,MALANG,MALANG,,,0,0,0,JAWA TIMUR,MALANG,NGANTANG,MULYOREJO,BATU
8433044236,,ODP-BLB-FBH/101,-7.920453,112.629756,,,6,2,0,0,8,REGIONAL 5,MALANG,MALANG,BLB,BLIMBING,,2024-03-16 23:24:38,44606,2022,2,NON TITO,,,JAWA TIMUR,0.25,GREEN,1166312754,AREA 3,JATIM,MALANG,MALANG,,,0,0,0,JAWA TIMUR,KOTA MALANG,LOWOKWARU,TASIK MADU,BATU
2390369839,,ODP-LWG-FD/38,-7.830847,112.683353,,,5,3,0,0,8,REGIONAL 5,MALANG,MALANG,LWG,LAWANG,,2024-03-16 23:26:50,43187,2018,3,NON TITO,,,JAWA TIMUR,0.375,GREEN,333389405,AREA 3,JATIM,MALANG,MALANG,,,0,0,0,JAWA TIMUR,MALANG,LAWANG,KETINDAN,BATU
6427694009,,ODP-BTU-FAG/112,-7.825262,112.53022,,,10,6,0,0,16,REGIONAL 5,MALANG,BATU,BTU,BATU,,2024-03-16 23:24:45,44321,2021,5,NON TITO,,,JAWA TIMUR,0.375,GREEN,877947657,AREA 3,JATIM,MALANG,MALANG,,,0,0,0,JAWA TIMUR,KOTA BATU,BUMIAJI,TULUNGREJO,BATU
2229794018,,ODP-KPO-FBC/13,-7.9189,112.589605,,,10,5,0,0,16,REGIONAL 5,MALANG,BATU,KPO,KARANGPLOSO,,2024-03-16 23:24:53,43139,2018,2,NON TITO,,,JAWA TIMUR,0.3125,GREEN,320037688,AREA 3,JATIM,MALANG,MALANG,,,0,0,0,JAWA TIMUR,MALANG,DAU,MULYOAGUNG,BATU
2229794013,,ODP-KPO-FBC/23,-7.921832,112.587736,,,11,5,0,0,16,REGIONAL 5,MALANG,BATU,KPO,KARANGPLOSO,,2024-03-16 23:24:50,43139,2018,2,NON TITO,,,JAWA TIMUR,0.3125,GREEN,320037685,AREA 3,JATIM,MALANG,MALANG,,,0,0,0,JAWA TIMUR,MALANG,DAU,MULYOAGUNG,BATU
2229793886,,ODP-KPO-FBC/32,-7.92407,112.584452,,,10,6,0,0,16,REGIONAL 5,MALANG,BATU,KPO,KARANGPLOSO,,2024-03-16 23:24:23,43139,2018,2,NON TITO,,,JAWA TIMUR,0.375,GREEN,320037627,AREA 3,JATIM,MALANG,MALANG,,,0,0,0,JAWA TIMUR,MALANG,DAU,MULYOAGUNG,BATU
2216299915,,ODP-KPO-FBL/03,-7.929324,112.595325,,,6,2,0,0,8,REGIONAL 5,MALANG,BATU,KPO,KARANGPLOSO,,2024-03-16 23:24:18,43138,2018,2,NON TITO,,,JAWA TIMUR,0.25,GREEN,319969977,AREA 3,JATIM,MALANG,MALANG,,,0,0,0,JAWA TIMUR,MALANG,DAU,LANDUNGSARI,BATU
2216299818,,ODP-KPO-FBL/04,-7.928516,112.594136,,,10,6,0,0,16,REGIONAL 5,MALANG,BATU,KPO,KARANGPLOSO,,2024-03-16 23:24:21,43138,2018,2,NON TITO,,,JAWA TIMUR,0.375,GREEN,319969911,AREA 3,JATIM,MALANG,MALANG,,,0,0,0,JAWA TIMUR,MALANG,DAU,LANDUNGSARI,BATU
1910295300,,ODP-BLB-FBX/17,-7.956425,112.640336,,,10,6,0,0,16,REGIONAL 5,MALANG,MALANG,BLB,BLIMBING,,2024-03-16 23:24:49,43025,2017,10,NON TITO,,,JAWA TIMUR,0.375,GREEN,238274692,AREA 3,JATIM,MALANG,MALANG,,,0,0,0,JAWA TIMUR,KOTA MALANG,BLIMBING,PURWANTORO,BATU
7979668553,,ODP-LWG-FD/64,-7.829583,112.696912,,,6,2,0,0,8,REGIONAL 5,MALANG,MALANG,LWG,LAWANG,,2024-03-16 23:24:52,44497,2021,10,NON TITO,,,JAWA TIMUR,0.25,GREEN,1089645317,AREA 3,JATIM,MALANG,MALANG,,,0,0,0,JAWA TIMUR,MALANG,LAWANG,LAWANG,BATU
2216299486,,ODP-KPO-FBL/02,-7.92969,112.59611,,,5,3,0,0,8,REGIONAL 5,MALANG,BATU,KPO,KARANGPLOSO,,2024-03-16 23:24:39,43138,2018,2,NON TITO,,,JAWA TIMUR,0.375,GREEN,319969664,AREA 3,JATIM,MALANG,MALANG,,,0,0,0,JAWA TIMUR,MALANG,DAU,LANDUNGSARI,BATU
8000743773,,ODP-BTU-FBZ/07,-7.849512,112.522197,,,10,6,0,0,16,REGIONAL 5,MALANG,BATU,BTU,BATU,,2024-03-16 23:29:03,44498,2021,10,NON TITO,,,JAWA TIMUR,0.375,GREEN,1090846164,AREA 3,JATIM,MALANG,MALANG,,,0,0,0,JAWA TIMUR,KOTA BATU,BATU,SIDOMULYO,BATU
7950055666,,ODP-TMP-FA/120,-8.026438,112.826692,,,6,2,0,0,8,REGIONAL 5,MALANG,MALANG,TMP,TUMPANG,,2024-03-16 23:21:08,44497,2021,10,NON TITO,,,JAWA TIMUR,0.25,GREEN,1089351926,AREA 3,JATIM,MALANG,MALANG,,,0,0,0,JAWA TIMUR,MALANG,PONCOKUSUMO,GUBUGKLAKAH,BATU
7108169370,,ODP-BTU-FBQ/36,-7.87034,112.524651,,,5,3,0,0,8,REGIONAL 5,MALANG,BATU,BTU,BATU,,2024-03-16 23:29:08,44387,2021,7,NON TITO,,,JAWA TIMUR,0.375,GREEN,947046674,AREA 3,JATIM,MALANG,MALANG,,,0,0,0,JAWA TIMUR,KOTA BATU,BATU,NGAGLIK,BATU
1932944783,,ODP-BLB-FX/33,-7.919253,112.595988,,,5,3,0,0,8,REGIONAL 5,MALANG,MALANG,BLB,BLIMBING,,2024-03-16 23:22:05,43033,2017,10,NON TITO,,,JAWA TIMUR,0.375,GREEN,238618703,AREA 3,JATIM,MALANG,MALANG,,,0,0,0,JAWA TIMUR,MALANG,KARANGPLOSO,TEGALGONDO,BATU
7948168538,,ODP-SGS-FA/38,-7.880571,112.642746,,,5,3,0,0,8,REGIONAL 5,MALANG,MALANG,SGS,SINGOSARI,,2024-03-16 23:25:47,44492,2021,10,NON TITO,,,JAWA TIMUR,0.375,GREEN,1084403086,AREA 3,JATIM,MALANG,MALANG,,,0,0,0,JAWA TIMUR,MALANG,SINGOSARI,KLAMPOK,BATU
7108169373,,ODP-BTU-FBQ/37,-7.870317,112.5253,,,5,3,0,0,8,REGIONAL 5,MALANG,BATU,BTU,BATU,,2024-03-16 23:29:05,44387,2021,7,NON TITO,,,JAWA TIMUR,0.375,GREEN,947046676,AREA 3,JATIM,MALANG,MALANG,,,0,0,0,JAWA TIMUR,KOTA BATU,BATU,NGAGLIK,BATU
2229793891,,ODP-KPO-FBC/16,-7.918525,112.589011,,,10,6,0,0,16,REGIONAL 5,MALANG,BATU,KPO,KARANGPLOSO,,2024-03-16 23:24:50,43139,2018,2,NON TITO,,,JAWA TIMUR,0.375,GREEN,319596391,AREA 3,JATIM,MALANG,MALANG,,,0,0,0,JAWA TIMUR,MALANG,DAU,MULYOAGUNG,BATU
1932871419,,ODP-BTU-FL/04,-7.854319,112.560767,,,6,2,0,0,8,REGIONAL 5,MALANG,BATU,BTU,BATU,,2024-03-16 23:26:30,43033,2017,10,NON TITO,,,JAWA TIMUR,0.25,GREEN,241365820,AREA 3,JATIM,MALANG,MALANG,,,0,0,0,JAWA TIMUR,KOTA BATU,BUMIAJI,GIRIPURNO,BATU
7151593628,,ODP-BTU-FAG/127,-7.83931,112.528103,,,5,3,0,0,8,REGIONAL 5,MALANG,BATU,BTU,BATU,,2024-03-16 23:28:10,44391,2021,7,NON TITO,,,JAWA TIMUR,0.375,GREEN,949416587,AREA 3,JATIM,MALANG,MALANG,,,0,0,0,JAWA TIMUR,KOTA BATU,BUMIAJI,PUNTEN,BATU
2229793587,,ODP-KPO-FBC/18,-7.919815,112.589312,,,11,5,0,0,16,REGIONAL 5,MALANG,BATU,KPO,KARANGPLOSO,,2024-03-16 23:24:25,43139,2018,2,NON TITO,,,JAWA TIMUR,0.3125,GREEN,319596300,AREA 3,JATIM,MALANG,MALANG,,,0,0,0,JAWA TIMUR,MALANG,DAU,MULYOAGUNG,BATU
1955294051,,ODP-NTG-FA/03,-7.855715,112.381287,,,10,6,0,0,16,REGIONAL 5,MALANG,BATU,NTG,NGANTANG,,2024-03-16 23:25:22,43039,2017,10,NON TITO,,,JAWA TIMUR,0.375,GREEN,241818037,AREA 3,JATIM,MALANG,MALANG,,,0,0,0,JAWA TIMUR,MALANG,NGANTANG,SUMBERAGUNG,BATU
7013518528,,ODP-KPO-FBF/06,-7.904112,112.545894,,,14,2,0,0,16,REGIONAL 5,MALANG,BATU,KPO,KARANGPLOSO,,2024-03-16 23:26:43,44379,2021,7,NON TITO,,,JAWA TIMUR,0.125,GREEN,930119756,AREA 3,JATIM,MALANG,MALANG,,,0,0,0,JAWA TIMUR,KOTA BATU,JUNREJO,JUNREJO,BATU
2229793577,,ODP-KPO-FBC/27,-7.922192,112.589369,,,10,6,0,0,16,REGIONAL 5,MALANG,BATU,KPO,KARANGPLOSO,,2024-03-16 23:24:18,43139,2018,2,NON TITO,,,JAWA TIMUR,0.375,GREEN,319596297,AREA 3,JATIM,MALANG,MALANG,,,0,0,0,JAWA TIMUR,MALANG,DAU,MULYOAGUNG,BATU
8000818539,,ODP-BTU-FBU/08,-7.86772,112.509957,,,5,3,0,0,8,REGIONAL 5,MALANG,BATU,BTU,BATU,,2024-03-16 23:23:46,44498,2021,10,NON TITO,,,JAWA TIMUR,0.375,GREEN,1090846323,AREA 3,JATIM,MALANG,MALANG,,,0,0,0,JAWA TIMUR,KOTA BATU,BATU,PESANGGRAHAN,BATU
6431518743,,ODP-NTG-FD/12,-7.804757,112.377833,,,5,3,0,0,8,REGIONAL 5,MALANG,BATU,NTG,NGANTANG,,2024-03-16 23:23:34,44317,2021,5,NON TITO,,,JAWA TIMUR,0.375,GREEN,877257503,AREA 3,JATIM,MALANG,MALANG,,,0,0,0,JAWA TIMUR,MALANG,KASEMBON,PAIT,BATU
8029168682,,ODP-BTU-FBY/04,-7.822642,112.530007,,,7,1,0,0,8,REGIONAL 5,MALANG,BATU,BTU,BATU,,2024-03-16 23:28:57,44504,2021,11,NON TITO,,,JAWA TIMUR,0.125,GREEN,1093395505,AREA 3,JATIM,MALANG,MALANG,,,0,0,0,JAWA TIMUR,KOTA BATU,BUMIAJI,TULUNGREJO,BATU
1709143861,,ODP-BLB-FCG/30,-7.93613,112.633496,,,12,3,0,0,16,REGIONAL 5,MALANG,MALANG,BLB,BLIMBING,,2024-03-16 23:23:34,42968,2017,8,NON TITO,,,JAWA TIMUR,0.1875,GREEN,187516800,AREA 3,JATIM,MALANG,MALANG,,,0,0,0,JAWA TIMUR,KOTA MALANG,LOWOKWARU,TUNJUNGSEKAR,BATU
8029168657,,ODP-BTU-FBY/03,-7.818177,112.529577,,,7,1,0,0,8,REGIONAL 5,MALANG,BATU,BTU,BATU,,2024-03-16 23:28:13,44504,2021,11,NON TITO,,,JAWA TIMUR,0.125,GREEN,1093395481,AREA 3,JATIM,MALANG,MALANG,,,0,0,0,JAWA TIMUR,KOTA BATU,BUMIAJI,TULUNGREJO,BATU
6117872163,,ODP-TMP-FB/43,-7.990685,112.711322,,,11,5,0,0,16,REGIONAL 5,MALANG,MALANG,TMP,TUMPANG,,2024-03-16 23:28:05,44266,2021,3,NON TITO,,,JAWA TIMUR,0.3125,GREEN,865433923,AREA 3,JATIM,MALANG,MALANG,,,0,0,0,JAWA TIMUR,MALANG,PAKIS,BANJARREJO,BATU
8024294615,,ODP-SGS-FF/94,-7.880967,112.707864,,,6,2,0,0,8,REGIONAL 5,MALANG,MALANG,SGS,SINGOSARI,,2024-03-16 23:22:25,44504,2021,11,NON TITO,,,JAWA TIMUR,0.25,GREEN,1093103562,AREA 3,JATIM,MALANG,MALANG,,,0,0,0,JAWA TIMUR,MALANG,SINGOSARI,BATURETNO,BATU
2262796927,,ODP-KPO-FBD/43,-7.92358,112.578635,,,11,5,0,0,16,REGIONAL 5,MALANG,BATU,KPO,KARANGPLOSO,,2024-03-16 23:22:24,43153,2018,2,NON TITO,,,JAWA TIMUR,0.3125,GREEN,324017648,AREA 3,JATIM,MALANG,MALANG,,,0,0,0,JAWA TIMUR,MALANG,DAU,MULYOAGUNG,BATU
2262796907,,ODP-KPO-FBD/44,-7.923102,112.576343,,,11,5,0,0,16,REGIONAL 5,MALANG,BATU,KPO,KARANGPLOSO,,2024-03-16 23:23:06,43153,2018,2,NON TITO,,,JAWA TIMUR,0.3125,GREEN,324017642,AREA 3,JATIM,MALANG,MALANG,,,0,0,0,JAWA TIMUR,MALANG,DAU,SUMBERSEKAR,BATU
2284318629,,ODP-BLB-FBG/18,-7.934191,112.624636,,,5,3,0,0,8,REGIONAL 5,MALANG,MALANG,BLB,BLIMBING,,2024-03-16 23:24:01,43162,2018,3,NON TITO,,,JAWA TIMUR,0.375,GREEN,324010497,AREA 3,JATIM,MALANG,MALANG,,,0,0,0,JAWA TIMUR,KOTA MALANG,LOWOKWARU,MOJOLANGU,BATU
1710643606,,ODP-LWG-FD/21,-7.829326,112.692193,,,11,5,0,0,16,REGIONAL 5,MALANG,MALANG,LWG,LAWANG,,2024-03-16 23:29:16,42969,2017,8,NON TITO,,,JAWA TIMUR,0.3125,GREEN,187517316,AREA 3,JATIM,MALANG,MALANG,,,0,0,0,JAWA TIMUR,MALANG,LAWANG,LAWANG,BATU
6421619225,,ODP-NTG-FD/11,-7.794708,112.349743,,,12,4,0,0,16,REGIONAL 5,MALANG,BATU,NTG,NGANTANG,,2024-03-16 23:28:54,44319,2021,5,NON TITO,,,JAWA TIMUR,0.25,GREEN,877926745,AREA 3,JATIM,MALANG,MALANG,,,0,0,0,JAWA TIMUR,MALANG,KASEMBON,PAIT,BATU
6117872178,,ODP-TMP-FB/51,-8.000855,112.731982,,,12,4,0,0,16,REGIONAL 5,MALANG,MALANG,TMP,TUMPANG,,2024-03-16 23:29:01,44266,2021,3,NON TITO,,,JAWA TIMUR,0.25,GREEN,865433933,AREA 3,JATIM,MALANG,MALANG,,,0,0,0,JAWA TIMUR,MALANG,TUMPANG,SLAMET,BATU
7990544037,,ODP-BTU-FBU/21,-7.870904,112.513171,,,5,3,0,0,8,REGIONAL 5,MALANG,BATU,BTU,BATU,,2024-03-16 23:25:31,44499,2021,10,NON TITO,,,JAWA TIMUR,0.375,GREEN,1090848034,AREA 3,JATIM,MALANG,MALANG,,,0,0,0,JAWA TIMUR,KOTA BATU,BATU,PESANGGRAHAN,BATU
6329372686,,ODP-KPO-FJ/46,-7.887893,112.618362,,,6,2,0,0,8,REGIONAL 5,MALANG,BATU,KPO,KARANGPLOSO,,2024-03-16 23:23:06,44305,2021,4,NON TITO,,,JAWA TIMUR,0.25,GREEN,871360815,AREA 3,JATIM,MALANG,MALANG,,,0,0,0,JAWA TIMUR,MALANG,KARANGPLOSO,NGENEP,BATU
7990544022,,ODP-BTU-FBU/18,-7.873498,112.514984,,,6,2,0,0,8,REGIONAL 5,MALANG,BATU,BTU,BATU,,2024-03-16 23:25:53,44499,2021,10,NON TITO,,,JAWA TIMUR,0.25,GREEN,1090848025,AREA 3,JATIM,MALANG,MALANG,,,0,0,0,JAWA TIMUR,KOTA BATU,BATU,PESANGGRAHAN,BATU
7990543987,,ODP-BTU-FBU/26,-7.868572,112.510764,,,6,2,0,0,8,REGIONAL 5,MALANG,BATU,BTU,BATU,,2024-03-16 23:25:31,44499,2021,10,NON TITO,,,JAWA TIMUR,0.25,GREEN,1090848004,AREA 3,JATIM,MALANG,MALANG,,,0,0,0,JAWA TIMUR,KOTA BATU,BATU,PESANGGRAHAN,BATU
2262796952,,ODP-KPO-FBD/41,-7.924439,112.575554,,,5,3,0,0,8,REGIONAL 5,MALANG,BATU,KPO,KARANGPLOSO,,2024-03-16 23:22:49,43153,2018,2,NON TITO,,,JAWA TIMUR,0.375,GREEN,323948449,AREA 3,JATIM,MALANG,MALANG,,,0,0,0,JAWA TIMUR,MALANG,DAU,SUMBERSEKAR,BATU
1906246527,,ODP-KPO-FH/73,-7.908831,112.571417,,,12,4,0,0,16,REGIONAL 5,MALANG,BATU,KPO,KARANGPLOSO,,2024-03-16 23:27:18,43024,2017,10,NON TITO,,,JAWA TIMUR,0.25,GREEN,238268075,AREA 3,JATIM,MALANG,MALANG,,,0,0,0,JAWA TIMUR,KOTA BATU,JUNREJO,DADAPREJO,BATU
1906247892,,ODP-KPO-FH/45,-7.925307,112.576021,,,11,5,0,0,16,REGIONAL 5,MALANG,BATU,KPO,KARANGPLOSO,,2024-03-16 23:28:31,43024,2017,10,NON TITO,,,JAWA TIMUR,0.3125,GREEN,238268942,AREA 3,JATIM,MALANG,MALANG,,,0,0,0,JAWA TIMUR,MALANG,DAU,SUMBERSEKAR,BATU
8000818563,,ODP-BTU-FBU/04,-7.873138,112.510045,,,4,3,0,0,8,REGIONAL 5,MALANG,BATU,BTU,BATU,,2024-03-16 23:23:43,44498,2021,10,NON TITO,,,JAWA TIMUR,0.375,GREEN,1090846339,AREA 3,JATIM,MALANG,MALANG,,,0,0,0,JAWA TIMUR,KOTA BATU,BATU,PESANGGRAHAN,BATU
1910293902,,ODP-BLB-FBX/27,-7.960937,112.637533,,,13,3,0,0,16,REGIONAL 5,MALANG,MALANG,BLB,BLIMBING,,2024-03-16 23:24:35,43025,2017,10,NON TITO,,,JAWA TIMUR,0.1875,GREEN,238273624,AREA 3,JATIM,MALANG,MALANG,,,0,0,0,JAWA TIMUR,KOTA MALANG,BLIMBING,BUNULREJO,BATU
6117872181,,ODP-TMP-FB/53,-8.005066,112.744639,,,11,5,0,0,16,REGIONAL 5,MALANG,MALANG,TMP,TUMPANG,,2024-03-16 23:28:58,44266,2021,3,NON TITO,,,JAWA TIMUR,0.3125,GREEN,865433935,AREA 3,JATIM,MALANG,MALANG,,,0,0,0,JAWA TIMUR,MALANG,TUMPANG,BOKOR,BATU
1964293926,,ODP-BTU-FAG/33,-7.826959,112.532665,,,6,2,0,0,8,REGIONAL 5,MALANG,BATU,BTU,BATU,,2024-03-16 23:23:52,43044,2017,11,NON TITO,,,JAWA TIMUR,0.25,GREEN,255398479,AREA 3,JATIM,MALANG,MALANG,,,0,0,0,JAWA TIMUR,KOTA BATU,BUMIAJI,PUNTEN,BATU
1964294044,,ODP-BTU-FAG/34,-7.827678,112.532308,,,11,5,0,0,16,REGIONAL 5,MALANG,BATU,BTU,BATU,,2024-03-16 23:24:11,43044,2017,11,NON TITO,,,JAWA TIMUR,0.3125,GREEN,255398551,AREA 3,JATIM,MALANG,MALANG,,,0,0,0,JAWA TIMUR,KOTA BATU,BUMIAJI,PUNTEN,BATU
1964294370,,ODP-BTU-FAG/32,-7.821793,112.533853,,,5,3,0,0,8,REGIONAL 5,MALANG,BATU,BTU,BATU,,2024-03-16 23:23:34,43044,2017,11,NON TITO,,,JAWA TIMUR,0.375,GREEN,255398751,AREA 3,JATIM,MALANG,MALANG,,,0,0,0,JAWA TIMUR,KOTA BATU,BUMIAJI,TULUNGREJO,BATU
2187793554,,ODP-LWG-FK/03,-7.809111,112.733579,,,14,2,0,0,16,REGIONAL 5,MALANG,MALANG,LWG,LAWANG,,2024-03-16 23:29:03,43129,2018,1,NON TITO,,,JAWA TIMUR,0.125,GREEN,294183274,AREA 3,JATIM,MALANG,MALANG,,,0,0,0,JAWA TIMUR,PASURUAN,PURWODADI,PURWODADI,BATU
7543019135,,ODP-BTU-FBJ/15,-7.880577,112.527113,,,5,3,0,0,8,REGIONAL 5,MALANG,BATU,BTU,BATU,,2024-03-16 23:22:35,44441,2021,9,NON TITO,,,JAWA TIMUR,0.375,GREEN,1034895442,AREA 3,JATIM,MALANG,MALANG,,,0,0,0,JAWA TIMUR,KOTA BATU,BATU,SISIR,BATU
2081369062,,ODP-BLB-FAF/53,-7.941904,112.655857,,,10,6,0,0,16,REGIONAL 5,MALANG,MALANG,BLB,BLIMBING,,2024-03-16 23:23:34,43091,2017,12,NON TITO,,,JAWA TIMUR,0.375,GREEN,256549790,AREA 3,JATIM,MALANG,MALANG,,,0,0,0,JAWA TIMUR,KOTA MALANG,BLIMBING,PURWODADI,BATU
2081370451,,ODP-BLB-FAF/54,-7.941242,112.656381,,,10,6,0,0,16,REGIONAL 5,MALANG,MALANG,BLB,BLIMBING,,2024-03-16 23:23:02,43091,2017,12,NON TITO,,,JAWA TIMUR,0.375,GREEN,256550243,AREA 3,JATIM,MALANG,MALANG,,,0,0,0,JAWA TIMUR,KOTA MALANG,BLIMBING,PURWODADI,BATU
7561168538,,ODP-BTU-FBH/10,-7.903914,112.53634,,,10,6,0,0,16,REGIONAL 5,MALANG,BATU,BTU,BATU,,2024-03-16 23:24:49,44442,2021,9,NON TITO,,,JAWA TIMUR,0.375,GREEN,1034824468,AREA 3,JATIM,MALANG,MALANG,,,0,0,0,JAWA TIMUR,KOTA BATU,JUNREJO,BEJI,BATU
7473794472,,ODP-BTU-FW/67,-7.882838,112.520196,,,5,3,0,0,8,REGIONAL 5,MALANG,BATU,BTU,BATU,,2024-03-16 23:24:50,44435,2021,8,NON TITO,,,JAWA TIMUR,0.375,GREEN,1029422943,AREA 3,JATIM,MALANG,MALANG,,,0,0,0,JAWA TIMUR,KOTA BATU,BATU,NGAGLIK,BATU
2081372352,,ODP-BLB-FAF/67,-7.942247,112.658367,,,11,5,0,0,16,REGIONAL 5,MALANG,MALANG,BLB,BLIMBING,,2024-03-16 23:21:09,43091,2017,12,NON TITO,,,JAWA TIMUR,0.3125,GREEN,256551248,AREA 3,JATIM,MALANG,MALANG,,,0,0,0,JAWA TIMUR,KOTA MALANG,BLIMBING,PANDANWANGI,BATU
2081372521,,ODP-BLB-FAF/70,-7.941431,112.659653,,,10,6,0,0,16,REGIONAL 5,MALANG,MALANG,BLB,BLIMBING,,2024-03-16 23:24:13,43091,2017,12,NON TITO,,,JAWA TIMUR,0.375,GREEN,256551351,AREA 3,JATIM,MALANG,MALANG,,,0,0,0,JAWA TIMUR,KOTA MALANG,BLIMBING,PANDANWANGI,BATU
2139945654,,ODP-NTG-FC/27,-7.943199,112.386979,,,12,4,0,0,16,REGIONAL 5,MALANG,BATU,NTG,NGANTANG,,2024-03-16 23:28:31,43112,2018,1,NON TITO,,,JAWA TIMUR,0.25,GREEN,268447673,AREA 3,JATIM,MALANG,MALANG,,,0,0,0,JAWA TIMUR,MALANG,NGANTANG,PAGERSARI,BATU
2081369811,,ODP-BLB-FAF/57,-7.939918,112.65418,,,11,4,0,0,16,REGIONAL 5,MALANG,MALANG,BLB,BLIMBING,,2024-03-16 23:23:34,43091,2017,12,NON TITO,,,JAWA TIMUR,0.25,GREEN,256188709,AREA 3,JATIM,MALANG,MALANG,,,0,0,0,JAWA TIMUR,KOTA MALANG,BLIMBING,PURWODADI,BATU
2081372989,,ODP-BLB-FAF/73,-7.940517,112.658571,,,10,6,0,0,16,REGIONAL 5,MALANG,MALANG,BLB,BLIMBING,,2024-03-16 23:23:52,43091,2017,12,NON TITO,,,JAWA TIMUR,0.375,GREEN,256551575,AREA 3,JATIM,MALANG,MALANG,,,0,0,0,JAWA TIMUR,KOTA MALANG,BLIMBING,PANDANWANGI,BATU
2081373004,,ODP-BLB-FAF/65,-7.941764,112.657176,,,12,4,0,0,16,REGIONAL 5,MALANG,MALANG,BLB,BLIMBING,,2024-03-16 23:24:13,43091,2017,12,NON TITO,,,JAWA TIMUR,0.25,GREEN,256551584,AREA 3,JATIM,MALANG,MALANG,,,0,0,0,JAWA TIMUR,KOTA MALANG,BLIMBING,PANDANWANGI,BATU
7552093666,,ODP-BTU-FBJ/11,-7.880187,112.534611,,,7,1,0,0,8,REGIONAL 5,MALANG,BATU,BTU,BATU,,2024-03-16 23:23:46,44441,2021,9,NON TITO,,,JAWA TIMUR,0.125,GREEN,1034822082,AREA 3,JATIM,MALANG,MALANG,,,0,0,0,JAWA TIMUR,KOTA BATU,BATU,TEMAS,BATU
7520669070,,ODP-BTU-FBJ/03,-7.886263,112.531677,,,6,2,0,0,8,REGIONAL 5,MALANG,BATU,BTU,BATU,,2024-03-16 23:25:40,44441,2021,9,NON TITO,,,JAWA TIMUR,0.25,GREEN,1034229913,AREA 3,JATIM,MALANG,MALANG,,,0,0,0,JAWA TIMUR,KOTA BATU,BATU,TEMAS,BATU
2107694158,,ODP-BLB-FCW/36,-7.951308,112.632986,,,12,4,0,0,16,REGIONAL 5,MALANG,MALANG,BLB,BLIMBING,,2024-03-16 23:22:15,43105,2018,1,NON TITO,,,JAWA TIMUR,0.25,GREEN,259065014,AREA 3,JATIM,MALANG,MALANG,,,0,0,0,JAWA TIMUR,KOTA MALANG,LOWOKWARU,TULUSREJO,BATU
7486019800,,ODP-PKS-FW/63,-7.934722,112.754963,,,7,1,0,0,8,REGIONAL 5,MALANG,MALANG,PKS,PAKIS,,2024-03-16 23:26:25,44435,2021,8,NON TITO,,,JAWA TIMUR,0.125,GREEN,1029423125,AREA 3,JATIM,MALANG,MALANG,,,0,0,0,JAWA TIMUR,MALANG,JABUNG,JABUNG,BATU
7537243605,,ODP-PKS-FL/37,-7.966258,112.700049,,,11,5,0,0,16,REGIONAL 5,MALANG,MALANG,PKS,PAKIS,,2024-03-16 23:28:22,44440,2021,9,NON TITO,,,JAWA TIMUR,0.3125,GREEN,1034223874,AREA 3,JATIM,MALANG,MALANG,,,0,0,0,JAWA TIMUR,MALANG,PAKIS,AMPELDENTO,BATU
2107693875,,ODP-BLB-FCW/38,-7.950978,112.631779,,,7,1,0,0,8,REGIONAL 5,MALANG,MALANG,BLB,BLIMBING,,2024-03-16 23:21:20,43105,2018,1,NON TITO,,,JAWA TIMUR,0.125,GREEN,258416765,AREA 3,JATIM,MALANG,MALANG,,,0,0,0,JAWA TIMUR,KOTA MALANG,LOWOKWARU,TULUSREJO,BATU
7473795063,,ODP-LWG-FZ/14,-7.818907,112.715351,,,7,1,0,0,8,REGIONAL 5,MALANG,MALANG,LWG,LAWANG,,2024-03-16 23:24:29,44439,2021,8,NON TITO,,,JAWA TIMUR,0.125,GREEN,1031073517,AREA 3,JATIM,MALANG,MALANG,,,0,0,0,JAWA TIMUR,PASURUAN,PURWODADI,SENTUL,BATU
2107694376,,ODP-BLB-FCW/37,-7.951146,112.632354,,,13,3,0,0,16,REGIONAL 5,MALANG,MALANG,BLB,BLIMBING,,2024-03-16 23:21:09,43105,2018,1,NON TITO,,,JAWA TIMUR,0.1875,GREEN,258416916,AREA 3,JATIM,MALANG,MALANG,,,0,0,0,JAWA TIMUR,KOTA MALANG,LOWOKWARU,TULUSREJO,BATU
2139944625,,ODP-NTG-FC/28,-7.932624,112.379087,,,5,3,0,0,8,REGIONAL 5,MALANG,BATU,NTG,NGANTANG,,2024-03-16 23:28:21,43112,2018,1,NON TITO,,,JAWA TIMUR,0.375,GREEN,268447384,AREA 3,JATIM,MALANG,MALANG,,,0,0,0,JAWA TIMUR,MALANG,NGANTANG,PAGERSARI,BATU
7442518619,,ODP-BTU-FBN/19,-7.883342,112.539545,,,6,2,0,0,8,REGIONAL 5,MALANG,BATU,BTU,BATU,,2024-03-16 23:24:51,44429,2021,8,NON TITO,,,JAWA TIMUR,0.25,GREEN,1017271153,AREA 3,JATIM,MALANG,MALANG,,,0,0,0,JAWA TIMUR,KOTA BATU,BATU,TEMAS,BATU
7442518614,,ODP-BTU-FBN/20,-7.885413,112.541689,,,5,3,0,0,8,REGIONAL 5,MALANG,BATU,BTU,BATU,,2024-03-16 23:24:47,44429,2021,8,NON TITO,,,JAWA TIMUR,0.375,GREEN,1017271150,AREA 3,JATIM,MALANG,MALANG,,,0,0,0,JAWA TIMUR,KOTA BATU,BATU,TEMAS,BATU
7592519783,,ODP-LWG-FV/14,-7.85339,112.693074,,,13,3,0,0,16,REGIONAL 5,MALANG,MALANG,LWG,LAWANG,,2024-03-16 23:27:20,44448,2021,9,NON TITO,,,JAWA TIMUR,0.1875,GREEN,1035293435,AREA 3,JATIM,MALANG,MALANG,,,0,0,0,JAWA TIMUR,MALANG,LAWANG,BEDALI,BATU
7347119180,,ODP-BTU-FBL/22,-7.869001,112.52006,,,5,3,0,0,8,REGIONAL 5,MALANG,BATU,BTU,BATU,,2024-03-16 23:24:37,44413,2021,8,NON TITO,,,JAWA TIMUR,0.375,GREEN,959670263,AREA 3,JATIM,MALANG,MALANG,,,0,0,0,JAWA TIMUR,KOTA BATU,BATU,NGAGLIK,BATU
7823668706,,ODP-BTU-FCD/02,-7.84019,112.465109,,,5,3,0,0,8,REGIONAL 5,MALANG,BATU,BTU,BATU,,2024-03-16 23:28:52,44475,2021,10,NON TITO,,,JAWA TIMUR,0.375,GREEN,1068807637,AREA 3,JATIM,MALANG,MALANG,,,0,0,0,JAWA TIMUR,MALANG,PUJON,NGROTO,BATU
1975025981,,ODP-BTU-FAG/47,-7.832544,112.531401,,,11,5,0,0,16,REGIONAL 5,MALANG,BATU,BTU,BATU,,2024-03-16 23:29:15,43054,2017,11,NON TITO,,,JAWA TIMUR,0.3125,GREEN,255763569,AREA 3,JATIM,MALANG,MALANG,,,0,0,0,JAWA TIMUR,KOTA BATU,BUMIAJI,PUNTEN,BATU
7347722238,,ODP-BTU-FBK/04,-7.87595,112.524034,,,10,6,0,0,16,REGIONAL 5,MALANG,BATU,BTU,BATU,,2024-03-16 23:27:21,44418,2021,8,NON TITO,,,JAWA TIMUR,0.375,GREEN,967472994,AREA 3,JATIM,MALANG,MALANG,,,0,0,0,JAWA TIMUR,KOTA BATU,BATU,NGAGLIK,BATU
7347722243,,ODP-BTU-FBK/02,-7.875483,112.521036,,,5,3,0,0,8,REGIONAL 5,MALANG,BATU,BTU,BATU,,2024-03-16 23:27:27,44418,2021,8,NON TITO,,,JAWA TIMUR,0.375,GREEN,967472999,AREA 3,JATIM,MALANG,MALANG,,,0,0,0,JAWA TIMUR,KOTA BATU,BATU,NGAGLIK,BATU
7346670046,,ODP-BTU-FX/122,-7.887347,112.556412,,,10,6,0,0,16,REGIONAL 5,MALANG,BATU,BTU,BATU,,2024-03-16 23:26:02,44418,2021,8,NON TITO,,,JAWA TIMUR,0.375,GREEN,968670355,AREA 3,JATIM,MALANG,MALANG,,,0,0,0,JAWA TIMUR,KOTA BATU,JUNREJO,TORONGREJO,BATU
2204671435,,ODP-SGS-FE/28,-7.885731,112.671398,,,5,3,0,0,8,REGIONAL 5,MALANG,MALANG,SGS,SINGOSARI,,2024-03-16 23:23:20,43133,2018,2,NON TITO,,,JAWA TIMUR,0.375,GREEN,305417369,AREA 3,JATIM,MALANG,MALANG,,,0,0,0,JAWA TIMUR,MALANG,SINGOSARI,LOSARI,BATU
2192520151,,ODP-KPO-FBL/12,-7.925407,112.595033,,,10,6,0,0,16,REGIONAL 5,MALANG,BATU,KPO,KARANGPLOSO,,2024-03-16 23:23:54,43131,2018,1,NON TITO,,,JAWA TIMUR,0.375,GREEN,305264268,AREA 3,JATIM,MALANG,MALANG,,,0,0,0,JAWA TIMUR,MALANG,DAU,LANDUNGSARI,BATU
7347494619,,ODP-BTU-FBM/02,-7.903007,112.567846,,,5,3,0,0,8,REGIONAL 5,MALANG,BATU,BTU,BATU,,2024-03-16 23:26:58,44422,2021,8,NON TITO,,,JAWA TIMUR,0.375,GREEN,989295786,AREA 3,JATIM,MALANG,MALANG,,,0,0,0,JAWA TIMUR,KOTA BATU,JUNREJO,MOJOREJO,BATU
7628520488,,ODP-BTU-FAF/102,-7.848664,112.533658,,,7,1,0,0,8,REGIONAL 5,MALANG,BATU,BTU,BATU,,2024-03-16 23:28:21,44453,2021,9,NON TITO,,,JAWA TIMUR,0.125,GREEN,1050423629,AREA 3,JATIM,MALANG,MALANG,,,0,0,0,JAWA TIMUR,KOTA BATU,BUMIAJI,BULUKERTO,BATU
2192518913,,ODP-KPO-FBL/08,-7.924459,112.596971,,,5,3,0,0,8,REGIONAL 5,MALANG,BATU,KPO,KARANGPLOSO,,2024-03-16 23:23:23,43131,2018,1,NON TITO,,,JAWA TIMUR,0.375,GREEN,305263542,AREA 3,JATIM,MALANG,MALANG,,,0,0,0,JAWA TIMUR,MALANG,DAU,LANDUNGSARI,BATU
7643518552,,ODP-KPO-FBG/09,-7.899714,112.576625,,,7,1,0,0,8,REGIONAL 5,MALANG,BATU,KPO,KARANGPLOSO,,2024-03-16 23:29:03,44453,2021,9,NON TITO,,,JAWA TIMUR,0.125,GREEN,1049895753,AREA 3,JATIM,MALANG,MALANG,,,0,0,0,JAWA TIMUR,KOTA BATU,JUNREJO,PENDEM,BATU
7643518547,,ODP-KPO-FBG/10,-7.899667,112.57727,,,6,2,0,0,8,REGIONAL 5,MALANG,BATU,KPO,KARANGPLOSO,,2024-03-16 23:29:09,44453,2021,9,NON TITO,,,JAWA TIMUR,0.25,GREEN,1049895750,AREA 3,JATIM,MALANG,MALANG,,,0,0,0,JAWA TIMUR,KOTA BATU,JUNREJO,PENDEM,BATU
7447018636,,ODP-KPO-FG/84,-7.902765,112.585541,,,11,5,0,0,16,REGIONAL 5,MALANG,BATU,KPO,KARANGPLOSO,,2024-03-16 23:27:18,44428,2021,8,NON TITO,,,JAWA TIMUR,0.3125,GREEN,1014496945,AREA 3,JATIM,MALANG,MALANG,,,0,0,0,JAWA TIMUR,KOTA BATU,JUNREJO,PENDEM,BATU
7639018570,,ODP-SGS-FAA/32,-7.868462,112.66731,,,6,2,0,0,8,REGIONAL 5,MALANG,MALANG,SGS,SINGOSARI,,2024-03-16 23:26:16,44453,2021,9,NON TITO,,,JAWA TIMUR,0.25,GREEN,1049895687,AREA 3,JATIM,MALANG,MALANG,,,0,0,0,JAWA TIMUR,MALANG,SINGOSARI,ARDIMULYO,BATU
2012378953,,ODP-BLB-FCG/38,-7.93957,112.63346,,,5,3,0,0,8,REGIONAL 5,MALANG,MALANG,BLB,BLIMBING,,2024-03-16 23:26:17,43074,2017,12,NON TITO,,,JAWA TIMUR,0.375,GREEN,255956618,AREA 3,JATIM,MALANG,MALANG,,,0,0,0,JAWA TIMUR,KOTA MALANG,LOWOKWARU,MOJOLANGU,BATU
7592519828,,ODP-LWG-FV/18,-7.857017,112.687976,,,11,5,0,0,16,REGIONAL 5,MALANG,MALANG,LWG,LAWANG,,2024-03-16 23:27:14,44448,2021,9,NON TITO,,,JAWA TIMUR,0.3125,GREEN,1035293462,AREA 3,JATIM,MALANG,MALANG,,,0,0,0,JAWA TIMUR,MALANG,LAWANG,BEDALI,BATU
2036219761,,ODP-BLB-FCD/17,-7.930744,112.661711,,,5,3,0,0,8,REGIONAL 5,MALANG,MALANG,BLB,BLIMBING,,2024-03-16 23:26:02,43081,2017,12,NON TITO,,,JAWA TIMUR,0.375,GREEN,255983179,AREA 3,JATIM,MALANG,MALANG,,,0,0,0,JAWA TIMUR,KOTA MALANG,BLIMBING,ARJOSARI,BATU
7592519808,,ODP-LWG-FV/13,-7.855006,112.691683,,,10,6,0,0,16,REGIONAL 5,MALANG,MALANG,LWG,LAWANG,,2024-03-16 23:27:19,44448,2021,9,NON TITO,,,JAWA TIMUR,0.375,GREEN,1035293450,AREA 3,JATIM,MALANG,MALANG,,,0,0,0,JAWA TIMUR,MALANG,LAWANG,BEDALI,BATU
2056619260,,ODP-BLB-FAT/17,-7.960707,112.633623,,,12,4,0,0,16,REGIONAL 5,MALANG,MALANG,BLB,BLIMBING,,2024-03-16 23:25:17,43083,2017,12,NON TITO,,,JAWA TIMUR,0.25,GREEN,256147143,AREA 3,JATIM,MALANG,MALANG,,,0,0,0,JAWA TIMUR,KOTA MALANG,LOWOKWARU,LOWOKWARU,BATU
2056620010,,ODP-SGS-FG/08,-7.897103,112.684283,,,10,6,0,0,16,REGIONAL 5,MALANG,MALANG,SGS,SINGOSARI,,2024-03-16 23:25:48,43083,2017,12,NON TITO,,,JAWA TIMUR,0.375,GREEN,256147919,AREA 3,JATIM,MALANG,MALANG,,,0,0,0,JAWA TIMUR,MALANG,SINGOSARI,TAMANHARJO,BATU
2269771579,,ODP-KPO-FBG/24,-7.905012,112.56742,,,7,1,0,0,8,REGIONAL 5,MALANG,BATU,KPO,KARANGPLOSO,,2024-03-16 23:22:58,43155,2018,2,NON TITO,,,JAWA TIMUR,0.125,GREEN,324030610,AREA 3,JATIM,MALANG,MALANG,,,0,0,0,JAWA TIMUR,KOTA BATU,JUNREJO,MOJOREJO,BATU
2269771669,,ODP-KPO-FBG/22,-7.905418,112.566568,,,5,3,0,0,8,REGIONAL 5,MALANG,BATU,KPO,KARANGPLOSO,,2024-03-16 23:22:15,43155,2018,2,NON TITO,,,JAWA TIMUR,0.375,GREEN,324030638,AREA 3,JATIM,MALANG,MALANG,,,0,0,0,JAWA TIMUR,KOTA BATU,JUNREJO,MOJOREJO,BATU
1700593917,,ODP-SGS-FN/19,-7.906321,112.671,,,12,4,0,0,16,REGIONAL 5,MALANG,MALANG,SGS,SINGOSARI,,2024-03-16 23:22:15,42966,2017,8,NON TITO,,,JAWA TIMUR,0.25,GREEN,187443408,AREA 3,JATIM,MALANG,MALANG,,,0,0,0,JAWA TIMUR,MALANG,SINGOSARI,WATUGEDE,BATU
6028243632,,ODP-LWG-FZ/13,-7.8157,112.709355,,,6,2,0,0,8,REGIONAL 5,MALANG,MALANG,LWG,LAWANG,,2024-03-16 23:22:29,44251,2021,2,NON TITO,,,JAWA TIMUR,0.25,GREEN,862848665,AREA 3,JATIM,MALANG,MALANG,,,0,0,0,JAWA TIMUR,PASURUAN,PURWODADI,SENTUL,BATU
1379819472,,ODP-LWG-FD/32,-7.840673,112.697173,,,7,1,0,0,8,REGIONAL 5,MALANG,MALANG,LWG,LAWANG,,2024-03-16 23:23:00,42849,2017,4,NON TITO,,,JAWA TIMUR,0.125,GREEN,123389189,AREA 3,JATIM,MALANG,MALANG,,,0,0,0,JAWA TIMUR,MALANG,LAWANG,LAWANG,BATU
1379832283,,ODP-LWG-FK/05,-7.80274,112.734973,,,13,3,0,0,16,REGIONAL 5,MALANG,MALANG,LWG,LAWANG,,2024-03-16 23:26:20,42852,2017,4,NON TITO,,,JAWA TIMUR,0.1875,GREEN,123404564,AREA 3,JATIM,MALANG,MALANG,,,0,0,0,JAWA TIMUR,PASURUAN,PURWODADI,PURWODADI,BATU
5889871408,,ODP-BTU-FBH/04,-7.897138,112.530462,,,12,4,0,0,16,REGIONAL 5,MALANG,BATU,BTU,BATU,,2024-03-16 23:28:52,44215,2021,1,NON TITO,,,JAWA TIMUR,0.25,GREEN,860119634,AREA 3,JATIM,MALANG,MALANG,,,0,0,0,JAWA TIMUR,KOTA BATU,BATU,ORO-ORO OMBO,BATU
1379832308,,ODP-LWG-FK/07,-7.812461,112.722407,,,10,6,0,0,16,REGIONAL 5,MALANG,MALANG,LWG,LAWANG,,2024-03-16 23:26:09,42852,2017,4,NON TITO,,,JAWA TIMUR,0.375,GREEN,123404583,AREA 3,JATIM,MALANG,MALANG,,,0,0,0,JAWA TIMUR,PASURUAN,PURWODADI,PURWODADI,BATU
1379832315,,ODP-LWG-FK/09,-7.813581,112.721758,,,14,2,0,0,16,REGIONAL 5,MALANG,MALANG,LWG,LAWANG,,2024-03-16 23:26:19,42852,2017,4,NON TITO,,,JAWA TIMUR,0.125,GREEN,123404588,AREA 3,JATIM,MALANG,MALANG,,,0,0,0,JAWA TIMUR,PASURUAN,PURWODADI,PURWODADI,BATU
1379832330,,ODP-LWG-FK/13,-7.816777,112.719841,,,11,5,0,0,16,REGIONAL 5,MALANG,MALANG,LWG,LAWANG,,2024-03-16 23:26:12,42852,2017,4,NON TITO,,,JAWA TIMUR,0.3125,GREEN,123404599,AREA 3,JATIM,MALANG,MALANG,,,0,0,0,JAWA TIMUR,PASURUAN,PURWODADI,PURWODADI,BATU
1379832337,,ODP-LWG-FK/04,-7.802388,112.734247,,,15,1,0,0,16,REGIONAL 5,MALANG,MALANG,LWG,LAWANG,,2024-03-16 23:26:18,42852,2017,4,NON TITO,,,JAWA TIMUR,0.0625,GREEN,123404603,AREA 3,JATIM,MALANG,MALANG,,,0,0,0,JAWA TIMUR,PASURUAN,PURWODADI,PURWODADI,BATU
1379832371,,ODP-LWG-FK/06,-7.80142,112.734865,,,14,2,0,0,16,REGIONAL 5,MALANG,MALANG,LWG,LAWANG,,2024-03-16 23:26:02,42852,2017,4,NON TITO,,,JAWA TIMUR,0.125,GREEN,123404606,AREA 3,JATIM,MALANG,MALANG,,,0,0,0,JAWA TIMUR,PASURUAN,PURWODADI,PURWODADI,BATU
1379832382,,ODP-LWG-FK/15,-7.81935,112.717723,,,13,3,0,0,16,REGIONAL 5,MALANG,MALANG,LWG,LAWANG,,2024-03-16 23:25:21,42852,2017,4,NON TITO,,,JAWA TIMUR,0.1875,GREEN,123404609,AREA 3,JATIM,MALANG,MALANG,,,0,0,0,JAWA TIMUR,PASURUAN,PURWODADI,SENTUL,BATU
1379836528,,ODP-NTG-FC/23,-7.885061,112.368931,,,5,3,0,0,8,REGIONAL 5,MALANG,BATU,NTG,NGANTANG,,2024-03-16 23:27:20,42853,2017,4,NON TITO,,,JAWA TIMUR,0.375,GREEN,113804718,AREA 3,JATIM,MALANG,MALANG,,,0,0,0,JAWA TIMUR,MALANG,NGANTANG,NGANTRU,BATU
1379832404,,ODP-LWG-FK/17,-7.819889,112.715491,,,11,5,0,0,16,REGIONAL 5,MALANG,MALANG,LWG,LAWANG,,2024-03-16 23:26:22,42852,2017,4,NON TITO,,,JAWA TIMUR,0.3125,GREEN,123404618,AREA 3,JATIM,MALANG,MALANG,,,0,0,0,JAWA TIMUR,PASURUAN,PURWODADI,SENTUL,BATU
5884922736,,ODP-BTU-FAG/116,-7.838046,112.537328,,,11,5,0,0,16,REGIONAL 5,MALANG,BATU,BTU,BATU,,2024-03-16 23:28:00,44216,2021,1,NON TITO,,,JAWA TIMUR,0.3125,GREEN,860125168,AREA 3,JATIM,MALANG,MALANG,,,0,0,0,JAWA TIMUR,KOTA BATU,BUMIAJI,BULUKERTO,BATU
8256793604,,ODP-PKS-FX/42,-7.986677,112.722664,,,11,5,0,0,16,REGIONAL 5,MALANG,MALANG,PKS,PAKIS,,2024-03-16 23:25:29,44545,2021,12,NON TITO,,,JAWA TIMUR,0.3125,GREEN,1163747120,AREA 3,JATIM,MALANG,MALANG,,,0,0,0,JAWA TIMUR,MALANG,PAKIS,PUCANG SONGO,BATU
8256793589,,ODP-PKS-FX/40,-7.98517,112.713926,,,6,2,0,0,8,REGIONAL 5,MALANG,MALANG,PKS,PAKIS,,2024-03-16 23:25:39,44545,2021,12,NON TITO,,,JAWA TIMUR,0.25,GREEN,1163747111,AREA 3,JATIM,MALANG,MALANG,,,0,0,0,JAWA TIMUR,MALANG,PAKIS,PUCANG SONGO,BATU
8256793579,,ODP-PKS-FX/47,-7.984832,112.726744,,,6,2,0,0,8,REGIONAL 5,MALANG,MALANG,PKS,PAKIS,,2024-03-16 23:25:06,44545,2021,12,NON TITO,,,JAWA TIMUR,0.25,GREEN,1163747105,AREA 3,JATIM,MALANG,MALANG,,,0,0,0,JAWA TIMUR,MALANG,PAKIS,PUCANG SONGO,BATU
1379854952,,ODP-SGS-FH/22,-7.861305,112.662955,,,7,1,0,0,8,REGIONAL 5,MALANG,MALANG,SGS,SINGOSARI,,2024-03-16 23:23:57,42859,2017,5,NON TITO,,,JAWA TIMUR,0.125,GREEN,123431907,AREA 3,JATIM,MALANG,MALANG,,,0,0,0,JAWA TIMUR,MALANG,SINGOSARI,ARDIMULYO,BATU
2300895281,,ODP-KPO-FBD/32,-7.922362,112.574169,,,4,3,0,0,8,REGIONAL 5,MALANG,BATU,KPO,KARANGPLOSO,,2024-03-16 23:24:55,43171,2018,3,NON TITO,,,JAWA TIMUR,0.375,GREEN,325291230,AREA 3,JATIM,MALANG,MALANG,,,0,0,0,JAWA TIMUR,MALANG,DAU,SUMBERSEKAR,BATU
2303519321,,ODP-KPO-FBD/48,-7.921087,112.575702,,,5,3,0,0,8,REGIONAL 5,MALANG,BATU,KPO,KARANGPLOSO,,2024-03-16 23:26:46,43171,2018,3,NON TITO,,,JAWA TIMUR,0.375,GREEN,325289237,AREA 3,JATIM,MALANG,MALANG,,,0,0,0,JAWA TIMUR,MALANG,DAU,SUMBERSEKAR,BATU
5883872176,,ODP-BLB-FDY/57,-7.944485,112.661812,,,5,3,0,0,8,REGIONAL 5,MALANG,MALANG,BLB,BLIMBING,,2024-03-16 23:26:55,44216,2021,1,NON TITO,,,JAWA TIMUR,0.375,GREEN,860137841,AREA 3,JATIM,MALANG,MALANG,,,0,0,0,JAWA TIMUR,KOTA MALANG,BLIMBING,PANDANWANGI,BATU
2315744126,,ODP-KPO-FBD/19,-7.921248,112.565062,,,5,3,0,0,8,REGIONAL 5,MALANG,BATU,KPO,KARANGPLOSO,,2024-03-16 23:28:51,43171,2018,3,NON TITO,,,JAWA TIMUR,0.375,GREEN,325288755,AREA 3,JATIM,MALANG,MALANG,,,0,0,0,JAWA TIMUR,MALANG,DAU,SUMBERSEKAR,BATU
1379836499,,ODP-NTG-FC/16,-7.892013,112.360029,,,7,1,0,0,8,REGIONAL 5,MALANG,BATU,NTG,NGANTANG,,2024-03-16 23:27:18,42853,2017,4,NON TITO,,,JAWA TIMUR,0.125,GREEN,123408585,AREA 3,JATIM,MALANG,MALANG,,,0,0,0,JAWA TIMUR,MALANG,NGANTANG,BANTUREJO,BATU
8303744028,,ODP-SGS-FF/96,-7.918729,112.739055,,,6,2,0,0,8,REGIONAL 5,MALANG,MALANG,SGS,SINGOSARI,,2024-03-16 23:22:21,44561,2021,12,NON TITO,,,JAWA TIMUR,0.25,GREEN,1164329276,AREA 3,JATIM,MALANG,MALANG,,,0,0,0,JAWA TIMUR,MALANG,JABUNG,JABUNG,BATU
5884170319,,ODP-BTU-FBQ/21,-7.866562,112.527455,,,6,2,0,0,8,REGIONAL 5,MALANG,BATU,BTU,BATU,,2024-03-16 23:28:12,44215,2021,1,NON TITO,,,JAWA TIMUR,0.25,GREEN,860112312,AREA 3,JATIM,MALANG,MALANG,,,0,0,0,JAWA TIMUR,KOTA BATU,BATU,SISIR,BATU
1379836475,,ODP-NTG-FC/11,-7.899787,112.368159,,,10,6,0,0,16,REGIONAL 5,MALANG,BATU,NTG,NGANTANG,,2024-03-16 23:27:19,42853,2017,4,NON TITO,,,JAWA TIMUR,0.375,GREEN,113804694,AREA 3,JATIM,MALANG,MALANG,,,0,0,0,JAWA TIMUR,MALANG,NGANTANG,NGANTRU,BATU
2380322537,,ODP-LWG-FP/16,-7.844739,112.693438,,,13,3,0,0,16,REGIONAL 5,MALANG,MALANG,LWG,LAWANG,,2024-03-16 23:28:31,43186,2018,3,NON TITO,,,JAWA TIMUR,0.1875,GREEN,333384340,AREA 3,JATIM,MALANG,MALANG,,,0,0,0,JAWA TIMUR,MALANG,LAWANG,KALIREJO,BATU
8374243528,,ODP-LWG-FD/65,-7.836494,112.683575,,,5,3,0,0,8,REGIONAL 5,MALANG,MALANG,LWG,LAWANG,,2024-03-16 23:28:29,44585,2022,1,NON TITO,,,JAWA TIMUR,0.375,GREEN,1165110288,AREA 3,JATIM,MALANG,MALANG,,,0,0,0,JAWA TIMUR,MALANG,LAWANG,KETINDAN,BATU
8368918590,,ODP-BTU-FBX/15,-7.782341,112.526262,,,6,2,0,0,8,REGIONAL 5,MALANG,BATU,BTU,BATU,,2024-03-16 23:23:52,44582,2022,1,NON TITO,,,JAWA TIMUR,0.25,GREEN,1165098949,AREA 3,JATIM,MALANG,MALANG,,,0,0,0,JAWA TIMUR,KOTA BATU,BUMIAJI,TULUNGREJO,BATU
2380322291,,ODP-LWG-FP/17,-7.845392,112.694546,,,11,5,0,0,16,REGIONAL 5,MALANG,MALANG,LWG,LAWANG,,2024-03-16 23:27:06,43186,2018,3,NON TITO,,,JAWA TIMUR,0.3125,GREEN,333384257,AREA 3,JATIM,MALANG,MALANG,,,0,0,0,JAWA TIMUR,MALANG,LAWANG,KALIREJO,BATU
5885823986,,ODP-BTU-FAF/84,-7.84203,112.513363,,,5,3,0,0,8,REGIONAL 5,MALANG,BATU,BTU,BATU,,2024-03-16 23:24:14,44212,2021,1,NON TITO,,,JAWA TIMUR,0.375,GREEN,860071182,AREA 3,JATIM,MALANG,MALANG,,,0,0,0,JAWA TIMUR,KOTA BATU,BUMIAJI,GUNUNGSARI,BATU
2367868749,,ODP-KPO-FBL/31,-7.929996,112.597283,,,5,3,0,0,8,REGIONAL 5,MALANG,BATU,KPO,KARANGPLOSO,,2024-03-16 23:26:16,43181,2018,3,NON TITO,,,JAWA TIMUR,0.375,GREEN,333349804,AREA 3,JATIM,MALANG,MALANG,,,0,0,0,JAWA TIMUR,MALANG,DAU,LANDUNGSARI,BATU
2367868677,,ODP-KPO-FBL/29,-7.928929,112.596979,,,10,6,0,0,16,REGIONAL 5,MALANG,BATU,KPO,KARANGPLOSO,,2024-03-16 23:26:01,43181,2018,3,NON TITO,,,JAWA TIMUR,0.375,GREEN,333349761,AREA 3,JATIM,MALANG,MALANG,,,0,0,0,JAWA TIMUR,MALANG,DAU,LANDUNGSARI,BATU
5885824472,,ODP-LWG-FW/13,-7.842599,112.698595,,,5,3,0,0,8,REGIONAL 5,MALANG,MALANG,LWG,LAWANG,,2024-03-16 23:24:14,44212,2021,1,NON TITO,,,JAWA TIMUR,0.375,GREEN,860074284,AREA 3,JATIM,MALANG,MALANG,,,0,0,0,JAWA TIMUR,MALANG,LAWANG,KALIREJO,BATU
5894444763,,ODP-BTU-FBS/23,-7.832016,112.477189,,,5,3,0,0,8,REGIONAL 5,MALANG,BATU,BTU,BATU,,2024-03-16 23:25:40,44215,2021,1,NON TITO,,,JAWA TIMUR,0.375,GREEN,860108798,AREA 3,JATIM,MALANG,MALANG,,,0,0,0,JAWA TIMUR,MALANG,PUJON,WIYUREJO,BATU
1361745016,,ODP-LWG-FH/05,-7.817718,112.704137,,,10,6,0,0,16,REGIONAL 5,MALANG,MALANG,LWG,LAWANG,,2024-03-16 23:23:44,42841,2017,4,NON TITO,,,JAWA TIMUR,0.375,GREEN,81742765,AREA 3,JATIM,MALANG,MALANG,,,0,0,0,JAWA TIMUR,MALANG,LAWANG,TURIREJO,BATU
1361745030,,ODP-LWG-FH/06,-7.81787,112.703931,,,14,2,0,0,16,REGIONAL 5,MALANG,MALANG,LWG,LAWANG,,2024-03-16 23:24:12,42841,2017,4,NON TITO,,,JAWA TIMUR,0.125,GREEN,81742769,AREA 3,JATIM,MALANG,MALANG,,,0,0,0,JAWA TIMUR,MALANG,LAWANG,TURIREJO,BATU
1361745044,,ODP-LWG-FH/03,-7.81749,112.70435,,,10,6,0,0,16,REGIONAL 5,MALANG,MALANG,LWG,LAWANG,,2024-03-16 23:24:10,42841,2017,4,NON TITO,,,JAWA TIMUR,0.375,GREEN,81742773,AREA 3,JATIM,MALANG,MALANG,,,0,0,0,JAWA TIMUR,MALANG,LAWANG,TURIREJO,BATU
1361745058,,ODP-LWG-FH/08,-7.818094,112.703597,,,11,5,0,0,16,REGIONAL 5,MALANG,MALANG,LWG,LAWANG,,2024-03-16 23:23:59,42841,2017,4,NON TITO,,,JAWA TIMUR,0.3125,GREEN,81742777,AREA 3,JATIM,MALANG,MALANG,,,0,0,0,JAWA TIMUR,MALANG,LAWANG,TURIREJO,BATU
1364593531,,ODP-KPO-FP/03,-7.895861,112.584217,,,5,3,0,0,8,REGIONAL 5,MALANG,BATU,KPO,KARANGPLOSO,,2024-03-16 23:23:56,42842,2017,4,NON TITO,,,JAWA TIMUR,0.375,GREEN,81744410,AREA 3,JATIM,MALANG,MALANG,,,0,0,0,JAWA TIMUR,KOTA BATU,JUNREJO,PENDEM,BATU
2380322773,,ODP-LWG-FP/14,-7.84492,112.694653,,,12,4,0,0,16,REGIONAL 5,MALANG,MALANG,LWG,LAWANG,,2024-03-16 23:28:31,43186,2018,3,NON TITO,,,JAWA TIMUR,0.25,GREEN,333234848,AREA 3,JATIM,MALANG,MALANG,,,0,0,0,JAWA TIMUR,MALANG,LAWANG,KALIREJO,BATU
2380322613,,ODP-LWG-FP/18,-7.844927,112.692849,,,10,6,0,0,16,REGIONAL 5,MALANG,MALANG,LWG,LAWANG,,2024-03-16 23:28:24,43186,2018,3,NON TITO,,,JAWA TIMUR,0.375,GREEN,333234790,AREA 3,JATIM,MALANG,MALANG,,,0,0,0,JAWA TIMUR,MALANG,LAWANG,KALIREJO,BATU
5894444818,,ODP-BTU-FBS/17,-7.823976,112.474905,,,6,2,0,0,8,REGIONAL 5,MALANG,BATU,BTU,BATU,,2024-03-16 23:24:53,44215,2021,1,NON TITO,,,JAWA TIMUR,0.25,GREEN,860108831,AREA 3,JATIM,MALANG,MALANG,,,0,0,0,JAWA TIMUR,MALANG,PUJON,WIYUREJO,BATU
1361745023,,ODP-LWG-FH/04,-7.817627,112.70418,,,14,2,0,0,16,REGIONAL 5,MALANG,MALANG,LWG,LAWANG,,2024-03-16 23:24:12,42841,2017,4,NON TITO,,,JAWA TIMUR,0.125,GREEN,81760516,AREA 3,JATIM,MALANG,MALANG,,,0,0,0,JAWA TIMUR,MALANG,LAWANG,TURIREJO,BATU
1361745065,,ODP-LWG-FH/02,-7.817385,112.704391,,,11,5,0,0,16,REGIONAL 5,MALANG,MALANG,LWG,LAWANG,,2024-03-16 23:23:48,42841,2017,4,NON TITO,,,JAWA TIMUR,0.3125,GREEN,81760528,AREA 3,JATIM,MALANG,MALANG,,,0,0,0,JAWA TIMUR,MALANG,LAWANG,TURIREJO,BATU
1379832389,,ODP-LWG-FK/16,-7.819384,112.716417,,,10,6,0,0,16,REGIONAL 5,MALANG,MALANG,LWG,LAWANG,,2024-03-16 23:26:20,42852,2017,4,NON TITO,,,JAWA TIMUR,0.375,GREEN,113799722,AREA 3,JATIM,MALANG,MALANG,,,0,0,0,JAWA TIMUR,PASURUAN,PURWODADI,SENTUL,BATU
2358119195,,ODP-BTU-FE/70,-7.872817,112.516213,,,6,2,0,0,8,REGIONAL 5,MALANG,BATU,BTU,BATU,,2024-03-16 23:28:30,43179,2018,3,NON TITO,,,JAWA TIMUR,0.25,GREEN,333182917,AREA 3,JATIM,MALANG,MALANG,,,0,0,0,JAWA TIMUR,KOTA BATU,BATU,NGAGLIK,BATU
8241345007,,ODP-BLB-FCR/76,-7.935279,112.620117,,,11,5,0,0,16,REGIONAL 5,MALANG,MALANG,BLB,BLIMBING,,2024-03-16 23:23:08,44539,2021,12,NON TITO,,,JAWA TIMUR,0.3125,GREEN,1162101381,AREA 3,JATIM,MALANG,MALANG,,,0,0,0,JAWA TIMUR,KOTA MALANG,LOWOKWARU,MOJOLANGU,BATU
2411293630,,ODP-KPO-FE/44,-7.865394,112.562153,,,14,2,0,0,16,REGIONAL 5,MALANG,BATU,KPO,KARANGPLOSO,,2024-03-16 23:25:10,43195,2018,4,NON TITO,,,JAWA TIMUR,0.125,GREEN,333435529,AREA 3,JATIM,MALANG,MALANG,,,0,0,0,JAWA TIMUR,KOTA BATU,BUMIAJI,GIRIPURNO,BATU
1461653839,,ODP-KPO-FG/33,-7.900914,112.585872,,,5,3,0,0,8,REGIONAL 5,MALANG,BATU,KPO,KARANGPLOSO,,2024-03-16 23:22:16,42871,2017,5,NON TITO,,,JAWA TIMUR,0.375,GREEN,127532117,AREA 3,JATIM,MALANG,MALANG,,,0,0,0,JAWA TIMUR,KOTA BATU,JUNREJO,PENDEM,BATU
8242549126,,ODP-BLB-FEB/37,-7.955697,112.647024,,,7,1,0,0,8,REGIONAL 5,MALANG,MALANG,BLB,BLIMBING,,2024-03-16 23:26:11,44538,2021,12,NON TITO,,,JAWA TIMUR,0.125,GREEN,1161950593,AREA 3,JATIM,MALANG,MALANG,,,0,0,0,JAWA TIMUR,KOTA MALANG,BLIMBING,PURWANTORO,BATU
8086543869,,ODP-BLB-FBT/23,-7.930838,112.688512,,,11,5,0,0,16,REGIONAL 5,MALANG,MALANG,BLB,BLIMBING,,2024-03-16 23:28:37,44513,2021,11,NON TITO,,,JAWA TIMUR,0.3125,GREEN,1114875309,AREA 3,JATIM,MALANG,MALANG,,,0,0,0,JAWA TIMUR,MALANG,PAKIS,TIRTOMOYO,BATU
2264606159,,ODP-BLB-FCH/35,-7.939835,112.635802,,,5,3,0,0,8,REGIONAL 5,MALANG,MALANG,BLB,BLIMBING,,2024-03-16 23:24:47,43166,2018,3,NON TITO,,,JAWA TIMUR,0.375,GREEN,324181033,AREA 3,JATIM,MALANG,MALANG,,,0,0,0,JAWA TIMUR,KOTA MALANG,LOWOKWARU,MOJOLANGU,BATU
2264606154,,ODP-BLB-FCH/36,-7.940713,112.634804,,,6,2,0,0,8,REGIONAL 5,MALANG,MALANG,BLB,BLIMBING,,2024-03-16 23:24:14,43166,2018,3,NON TITO,,,JAWA TIMUR,0.25,GREEN,324181030,AREA 3,JATIM,MALANG,MALANG,,,0,0,0,JAWA TIMUR,KOTA MALANG,LOWOKWARU,MOJOLANGU,BATU
2264606086,,ODP-BLB-FCH/44,-7.943033,112.639441,,,4,3,0,0,8,REGIONAL 5,MALANG,MALANG,BLB,BLIMBING,,2024-03-16 23:24:40,43166,2018,3,NON TITO,,,JAWA TIMUR,0.375,GREEN,324180995,AREA 3,JATIM,MALANG,MALANG,,,0,0,0,JAWA TIMUR,KOTA MALANG,BLIMBING,BLIMBING,BATU
8077243971,,ODP-BTU-FBT/07,-7.872613,112.497841,,,6,2,0,0,8,REGIONAL 5,MALANG,BATU,BTU,BATU,,2024-03-16 23:28:52,44511,2021,11,NON TITO,,,JAWA TIMUR,0.25,GREEN,1114866773,AREA 3,JATIM,MALANG,MALANG,,,0,0,0,JAWA TIMUR,KOTA BATU,BATU,SONGGOKERTO,BATU
8077243951,,ODP-BTU-FBT/09,-7.866058,112.509767,,,5,3,0,0,8,REGIONAL 5,MALANG,BATU,BTU,BATU,,2024-03-16 23:28:36,44511,2021,11,NON TITO,,,JAWA TIMUR,0.375,GREEN,1114866761,AREA 3,JATIM,MALANG,MALANG,,,0,0,0,JAWA TIMUR,KOTA BATU,BATU,SONGGOKERTO,BATU
8077243946,,ODP-BTU-FBT/05,-7.86408,112.500747,,,6,2,0,0,8,REGIONAL 5,MALANG,BATU,BTU,BATU,,2024-03-16 23:28:49,44511,2021,11,NON TITO,,,JAWA TIMUR,0.25,GREEN,1114866758,AREA 3,JATIM,MALANG,MALANG,,,0,0,0,JAWA TIMUR,KOTA BATU,BATU,SONGGOKERTO,BATU
8077243906,,ODP-BTU-FBT/06,-7.867463,112.503652,,,6,2,0,0,8,REGIONAL 5,MALANG,BATU,BTU,BATU,,2024-03-16 23:28:59,44511,2021,11,NON TITO,,,JAWA TIMUR,0.25,GREEN,1114866732,AREA 3,JATIM,MALANG,MALANG,,,0,0,0,JAWA TIMUR,KOTA BATU,BATU,SONGGOKERTO,BATU
8077243891,,ODP-BTU-FBT/14,-7.861792,112.505608,,,6,2,0,0,8,REGIONAL 5,MALANG,BATU,BTU,BATU,,2024-03-16 23:28:34,44511,2021,11,NON TITO,,,JAWA TIMUR,0.25,GREEN,1114866723,AREA 3,JATIM,MALANG,MALANG,,,0,0,0,JAWA TIMUR,KOTA BATU,BATU,SONGGOKERTO,BATU
5894448534,,ODP-BTU-FX/132,-7.89678,112.548707,,,6,2,0,0,8,REGIONAL 5,MALANG,BATU,BTU,BATU,,2024-03-16 23:26:29,44222,2021,1,NON TITO,,,JAWA TIMUR,0.25,GREEN,860676134,AREA 3,JATIM,MALANG,MALANG,,,0,0,0,JAWA TIMUR,KOTA BATU,JUNREJO,BEJI,BATU
5886872744,,ODP-BTU-FBQ/26,-7.865342,112.526472,,,7,1,0,0,8,REGIONAL 5,MALANG,BATU,BTU,BATU,,2024-03-16 23:24:14,44223,2021,1,NON TITO,,,JAWA TIMUR,0.125,GREEN,860689453,AREA 3,JATIM,MALANG,MALANG,,,0,0,0,JAWA TIMUR,KOTA BATU,BATU,SISIR,BATU
8077243866,,ODP-BTU-FBT/10,-7.865365,112.506874,,,5,3,0,0,8,REGIONAL 5,MALANG,BATU,BTU,BATU,,2024-03-16 23:28:52,44511,2021,11,NON TITO,,,JAWA TIMUR,0.375,GREEN,1114866707,AREA 3,JATIM,MALANG,MALANG,,,0,0,0,JAWA TIMUR,KOTA BATU,BATU,SONGGOKERTO,BATU
8078293612,,ODP-BTU-FBW/04,-7.868391,112.518374,,,6,2,0,0,8,REGIONAL 5,MALANG,BATU,BTU,BATU,,2024-03-16 23:28:28,44511,2021,11,NON TITO,,,JAWA TIMUR,0.25,GREEN,1114861225,AREA 3,JATIM,MALANG,MALANG,,,0,0,0,JAWA TIMUR,KOTA BATU,BATU,PESANGGRAHAN,BATU
8078293607,,ODP-BTU-FBW/09,-7.867763,112.516257,,,7,1,0,0,8,REGIONAL 5,MALANG,BATU,BTU,BATU,,2024-03-16 23:28:51,44511,2021,11,NON TITO,,,JAWA TIMUR,0.125,GREEN,1114861222,AREA 3,JATIM,MALANG,MALANG,,,0,0,0,JAWA TIMUR,KOTA BATU,BATU,PESANGGRAHAN,BATU
1698646309,,ODP-BLB-FJ/78,-7.959169,112.642886,,,12,4,0,0,16,REGIONAL 5,MALANG,MALANG,BLB,BLIMBING,,2024-03-16 23:26:02,42963,2017,8,NON TITO,,,JAWA TIMUR,0.25,GREEN,185841410,AREA 3,JATIM,MALANG,MALANG,,,0,0,0,JAWA TIMUR,KOTA MALANG,BLIMBING,PURWANTORO,BATU
8078293597,,ODP-BTU-FBW/01,-7.869618,112.522835,,,5,3,0,0,8,REGIONAL 5,MALANG,BATU,BTU,BATU,,2024-03-16 23:27:39,44511,2021,11,NON TITO,,,JAWA TIMUR,0.375,GREEN,1114861215,AREA 3,JATIM,MALANG,MALANG,,,0,0,0,JAWA TIMUR,KOTA BATU,BATU,NGAGLIK,BATU
5973869480,,ODP-BLB-FDX/130,-7.955485,112.653131,,,6,2,0,0,8,REGIONAL 5,MALANG,MALANG,BLB,BLIMBING,,2024-03-16 23:27:56,44231,2021,2,NON TITO,,,JAWA TIMUR,0.25,GREEN,861221756,AREA 3,JATIM,MALANG,MALANG,,,0,0,0,JAWA TIMUR,KOTA MALANG,BLIMBING,PURWANTORO,BATU
2264606143,,ODP-BLB-FCH/37,-7.940867,112.635543,,,6,2,0,0,8,REGIONAL 5,MALANG,MALANG,BLB,BLIMBING,,2024-03-16 23:24:44,43166,2018,3,NON TITO,,,JAWA TIMUR,0.25,GREEN,324127682,AREA 3,JATIM,MALANG,MALANG,,,0,0,0,JAWA TIMUR,KOTA MALANG,LOWOKWARU,MOJOLANGU,BATU
6028994178,,ODP-BTU-FC/15,-7.863448,112.533278,,,11,5,0,0,16,REGIONAL 5,MALANG,BATU,BTU,BATU,,2024-03-16 23:21:49,44245,2021,2,NON TITO,,,JAWA TIMUR,0.3125,GREEN,861946101,AREA 3,JATIM,MALANG,MALANG,,,0,0,0,JAWA TIMUR,KOTA BATU,BATU,SIDOMULYO,BATU
1697144862,,ODP-BLB-FCG/11,-7.938695,112.634305,,,12,4,0,0,16,REGIONAL 5,MALANG,MALANG,BLB,BLIMBING,,2024-03-16 23:28:14,42963,2017,8,NON TITO,,,JAWA TIMUR,0.25,GREEN,185841940,AREA 3,JATIM,MALANG,MALANG,,,0,0,0,JAWA TIMUR,KOTA MALANG,LOWOKWARU,MOJOLANGU,BATU
1697219879,,ODP-BLB-FCH/17,-7.941531,112.635404,,,10,6,0,0,16,REGIONAL 5,MALANG,MALANG,BLB,BLIMBING,,2024-03-16 23:22:36,42963,2017,8,NON TITO,,,JAWA TIMUR,0.375,GREEN,185841247,AREA 3,JATIM,MALANG,MALANG,,,0,0,0,JAWA TIMUR,KOTA MALANG,LOWOKWARU,MOJOLANGU,BATU
5894448519,,ODP-BTU-FX/130,-7.896008,112.549972,,,5,3,0,0,8,REGIONAL 5,MALANG,BATU,BTU,BATU,,2024-03-16 23:26:50,44222,2021,1,NON TITO,,,JAWA TIMUR,0.375,GREEN,860676124,AREA 3,JATIM,MALANG,MALANG,,,0,0,0,JAWA TIMUR,KOTA BATU,JUNREJO,BEJI,BATU
5894448513,,ODP-BTU-FX/129,-7.896563,112.550989,,,5,3,0,0,8,REGIONAL 5,MALANG,BATU,BTU,BATU,,2024-03-16 23:26:56,44222,2021,1,NON TITO,,,JAWA TIMUR,0.375,GREEN,860676120,AREA 3,JATIM,MALANG,MALANG,,,0,0,0,JAWA TIMUR,KOTA BATU,JUNREJO,BEJI,BATU
5894448510,,ODP-BTU-FX/133,-7.896719,112.547811,,,6,2,0,0,8,REGIONAL 5,MALANG,BATU,BTU,BATU,,2024-03-16 23:26:32,44222,2021,1,NON TITO,,,JAWA TIMUR,0.25,GREEN,860676118,AREA 3,JATIM,MALANG,MALANG,,,0,0,0,JAWA TIMUR,KOTA BATU,JUNREJO,BEJI,BATU
8242549111,,ODP-BLB-FEB/38,-7.955508,112.6466,,,6,2,0,0,8,REGIONAL 5,MALANG,MALANG,BLB,BLIMBING,,2024-03-16 23:25:47,44538,2021,12,NON TITO,,,JAWA TIMUR,0.25,GREEN,1161950582,AREA 3,JATIM,MALANG,MALANG,,,0,0,0,JAWA TIMUR,KOTA MALANG,BLIMBING,PURWANTORO,BATU
8242548931,,ODP-PKS-FE/69,-7.955652,112.721551,,,10,6,0,0,16,REGIONAL 5,MALANG,MALANG,PKS,PAKIS,,2024-03-16 23:25:15,44538,2021,12,NON TITO,,,JAWA TIMUR,0.375,GREEN,1161949708,AREA 3,JATIM,MALANG,MALANG,,,0,0,0,JAWA TIMUR,MALANG,PAKIS,PAKISJAJAR,BATU
8242546423,,ODP-BLB-FBR/32,-7.937775,112.68202,,,7,1,0,0,8,REGIONAL 5,MALANG,MALANG,BLB,BLIMBING,,2024-03-16 23:25:09,44537,2021,12,NON TITO,,,JAWA TIMUR,0.125,GREEN,1161872697,AREA 3,JATIM,MALANG,MALANG,,,0,0,0,JAWA TIMUR,MALANG,PAKIS,TIRTOMOYO,BATU
1461654613,,ODP-BLB-FG/40,-7.941364,112.644097,,,10,6,0,0,16,REGIONAL 5,MALANG,MALANG,BLB,BLIMBING,,2024-03-16 23:22:23,42871,2017,5,NON TITO,,,JAWA TIMUR,0.375,GREEN,129771604,AREA 3,JATIM,MALANG,MALANG,,,0,0,0,JAWA TIMUR,KOTA MALANG,BLIMBING,BLIMBING,BATU
5885830977,,ODP-BTU-FBP/02,-7.878008,112.551664,,,7,1,0,0,8,REGIONAL 5,MALANG,BATU,BTU,BATU,,2024-03-16 23:21:18,44218,2021,1,NON TITO,,,JAWA TIMUR,0.125,GREEN,860307728,AREA 3,JATIM,MALANG,MALANG,,,0,0,0,JAWA TIMUR,KOTA BATU,JUNREJO,TORONGREJO,BATU
2300896419,,ODP-KPO-FBD/37,-7.923785,112.574123,,,7,1,0,0,8,REGIONAL 5,MALANG,BATU,KPO,KARANGPLOSO,,2024-03-16 23:24:53,43171,2018,3,NON TITO,,,JAWA TIMUR,0.125,GREEN,325218327,AREA 3,JATIM,MALANG,MALANG,,,0,0,0,JAWA TIMUR,MALANG,DAU,SUMBERSEKAR,BATU
1472896017,,ODP-BTU-FN/09,-7.833983,112.524667,,,10,6,0,0,16,REGIONAL 5,MALANG,BATU,BTU,BATU,,2024-03-16 23:24:18,42873,2017,5,NON TITO,,,JAWA TIMUR,0.375,GREEN,129779324,AREA 3,JATIM,MALANG,MALANG,,,0,0,0,JAWA TIMUR,KOTA BATU,BUMIAJI,PUNTEN,BATU
5885830980,,ODP-BTU-FBP/07,-7.879457,112.536706,,,6,2,0,0,8,REGIONAL 5,MALANG,BATU,BTU,BATU,,2024-03-16 23:25:14,44218,2021,1,NON TITO,,,JAWA TIMUR,0.25,GREEN,860307730,AREA 3,JATIM,MALANG,MALANG,,,0,0,0,JAWA TIMUR,KOTA BATU,BATU,TEMAS,BATU
8420743592,,ODP-PKS-FP/44,-7.954729,112.707554,,,11,5,0,0,16,REGIONAL 5,MALANG,MALANG,PKS,PAKIS,,2024-03-16 23:28:07,44599,2022,2,NON TITO,,,JAWA TIMUR,0.3125,GREEN,1161507212,AREA 3,JATIM,MALANG,MALANG,,,0,0,0,JAWA TIMUR,MALANG,PAKIS,BUNUTWETAN,BATU
5885830989,,ODP-BTU-FBP/03,-7.878469,112.54893,,,6,2,0,0,8,REGIONAL 5,MALANG,BATU,BTU,BATU,,2024-03-16 23:25:39,44218,2021,1,NON TITO,,,JAWA TIMUR,0.25,GREEN,860307736,AREA 3,JATIM,MALANG,MALANG,,,0,0,0,JAWA TIMUR,KOTA BATU,BATU,TEMAS,BATU
5885831001,,ODP-BTU-FBP/06,-7.877407,112.542995,,,10,6,0,0,16,REGIONAL 5,MALANG,BATU,BTU,BATU,,2024-03-16 23:25:29,44218,2021,1,NON TITO,,,JAWA TIMUR,0.375,GREEN,860307745,AREA 3,JATIM,MALANG,MALANG,,,0,0,0,JAWA TIMUR,KOTA BATU,BATU,TEMAS,BATU
2309370637,,ODP-BTU-FA/54,-7.872655,112.497776,,,7,1,0,0,8,REGIONAL 5,MALANG,BATU,BTU,BATU,,2024-03-16 23:24:14,43168,2018,3,NON TITO,,,JAWA TIMUR,0.125,GREEN,324544335,AREA 3,JATIM,MALANG,MALANG,,,0,0,0,JAWA TIMUR,KOTA BATU,BATU,SONGGOKERTO,BATU
5884474149,,ODP-BTU-FBN/08,-7.893039,112.551509,,,5,3,0,0,8,REGIONAL 5,MALANG,BATU,BTU,BATU,,2024-03-16 23:22:21,44218,2021,1,NON TITO,,,JAWA TIMUR,0.375,GREEN,860319230,AREA 3,JATIM,MALANG,MALANG,,,0,0,0,JAWA TIMUR,KOTA BATU,JUNREJO,BEJI,BATU
1511684245,,ODP-BTU-FE/45,-7.874438,112.524563,,,10,6,0,0,16,REGIONAL 5,MALANG,BATU,BTU,BATU,,2024-03-16 23:27:41,42892,2017,6,NON TITO,,,JAWA TIMUR,0.375,GREEN,156209198,AREA 3,JATIM,MALANG,MALANG,,,0,0,0,JAWA TIMUR,KOTA BATU,BATU,SISIR,BATU
2301718785,,ODP-KPO-FBE/36,-7.915565,112.5835,,,10,6,0,0,16,REGIONAL 5,MALANG,BATU,KPO,KARANGPLOSO,,2024-03-16 23:26:47,43168,2018,3,NON TITO,,,JAWA TIMUR,0.375,GREEN,324540920,AREA 3,JATIM,MALANG,MALANG,,,0,0,0,JAWA TIMUR,MALANG,DAU,MULYOAGUNG,BATU
1506947459,,ODP-TMP-FB/10,-8.01104,112.757437,,,10,6,0,0,16,REGIONAL 5,MALANG,MALANG,TMP,TUMPANG,,2024-03-16 23:22:21,42888,2017,6,NON TITO,,,JAWA TIMUR,0.375,GREEN,156255756,AREA 3,JATIM,MALANG,MALANG,,,0,0,0,JAWA TIMUR,MALANG,TUMPANG,TUMPANG,BATU
1551650603,,ODP-TMP-FB/11,-8.010609,112.757753,,,5,3,0,0,8,REGIONAL 5,MALANG,MALANG,TMP,TUMPANG,,2024-03-16 23:22:34,42907,2017,6,NON TITO,,,JAWA TIMUR,0.375,GREEN,173498293,AREA 3,JATIM,MALANG,MALANG,,,0,0,0,JAWA TIMUR,MALANG,TUMPANG,TUMPANG,BATU
8227543629,,ODP-LWG-FA/65,-7.826494,112.720328,,,7,1,0,0,8,REGIONAL 5,MALANG,MALANG,LWG,LAWANG,,2024-03-16 23:24:16,44533,2021,12,NON TITO,,,JAWA TIMUR,0.125,GREEN,1161424888,AREA 3,JATIM,MALANG,MALANG,,,0,0,0,JAWA TIMUR,MALANG,LAWANG,SUMBER PORONG,BATU
5884927274,,ODP-KPO-FF/91,-7.873017,112.600091,,,5,3,0,0,8,REGIONAL 5,MALANG,BATU,KPO,KARANGPLOSO,,2024-03-16 23:28:52,44222,2021,1,NON TITO,,,JAWA TIMUR,0.375,GREEN,860675783,AREA 3,JATIM,MALANG,MALANG,,,0,0,0,JAWA TIMUR,MALANG,KARANG PLOSO,BOCEK,BATU
8179243603,,ODP-BTU-FAF/105,-7.844001,112.52151,,,7,1,0,0,8,REGIONAL 5,MALANG,BATU,BTU,BATU,,2024-03-16 23:25:29,44524,2021,11,NON TITO,,,JAWA TIMUR,0.125,GREEN,1134422425,AREA 3,JATIM,MALANG,MALANG,,,0,0,0,JAWA TIMUR,KOTA BATU,BATU,SIDOMULYO,BATU
1574596644,,ODP-BLB-FBV/09,-7.944639,112.65138,,,5,3,0,0,8,REGIONAL 5,MALANG,MALANG,BLB,BLIMBING,,2024-03-16 23:26:56,42921,2017,7,NON TITO,,,JAWA TIMUR,0.375,GREEN,177467947,AREA 3,JATIM,MALANG,MALANG,,,0,0,0,JAWA TIMUR,KOTA MALANG,BLIMBING,BLIMBING,BATU
5883872185,,ODP-BLB-FDY/55,-7.943594,112.663179,,,5,3,0,0,8,REGIONAL 5,MALANG,MALANG,BLB,BLIMBING,,2024-03-16 23:25:39,44216,2021,1,NON TITO,,,JAWA TIMUR,0.375,GREEN,860137847,AREA 3,JATIM,MALANG,MALANG,,,0,0,0,JAWA TIMUR,KOTA MALANG,BLIMBING,PANDANWANGI,BATU
1200950436,,ODP-BTU-FY/05,-7.901727,112.558939,,,12,4,0,0,16,REGIONAL 5,MALANG,BATU,BTU,BATU,,2024-03-16 23:23:56,42766,2017,1,NON TITO,,,JAWA TIMUR,0.25,GREEN,41144248,AREA 3,JATIM,MALANG,MALANG,,,0,0,0,JAWA TIMUR,KOTA BATU,JUNREJO,JUNREJO,BATU
1200949812,,ODP-BTU-FY/03,-7.900926,112.554283,,,12,4,0,0,16,REGIONAL 5,MALANG,BATU,BTU,BATU,,2024-03-16 23:24:35,42766,2017,1,NON TITO,,,JAWA TIMUR,0.25,GREEN,41143821,AREA 3,JATIM,MALANG,MALANG,,,0,0,0,JAWA TIMUR,KOTA BATU,JUNREJO,JUNREJO,BATU
1200949275,,ODP-BTU-FY/02,-7.900823,112.553064,,,6,2,0,0,8,REGIONAL 5,MALANG,BATU,BTU,BATU,,2024-03-16 23:24:12,42766,2017,1,NON TITO,,,JAWA TIMUR,0.25,GREEN,41143455,AREA 3,JATIM,MALANG,MALANG,,,0,0,0,JAWA TIMUR,KOTA BATU,JUNREJO,JUNREJO,BATU
2772421564,,ODP-BTU-FX/91,-7.885641,112.541899,,,5,3,0,0,8,REGIONAL 5,MALANG,BATU,BTU,BATU,,2024-03-16 23:27:13,43318,2018,8,NON TITO,,,JAWA TIMUR,0.375,GREEN,389268804,AREA 3,JATIM,MALANG,MALANG,,,0,0,0,JAWA TIMUR,KOTA BATU,BATU,TEMAS,BATU
5555371136,,ODP-BLB-FDZ/32,-7.937313,112.655025,,,5,3,0,0,8,REGIONAL 5,MALANG,MALANG,BLB,BLIMBING,,2024-03-16 23:28:10,44131,2020,10,NON TITO,,,JAWA TIMUR,0.375,GREEN,855775388,AREA 3,JATIM,MALANG,MALANG,,,0,0,0,JAWA TIMUR,KOTA MALANG,BLIMBING,POLOWIJEN,BATU
5555371141,,ODP-BLB-FDZ/56,-7.938878,112.659476,,,6,2,0,0,8,REGIONAL 5,MALANG,MALANG,BLB,BLIMBING,,2024-03-16 23:27:57,44131,2020,10,NON TITO,,,JAWA TIMUR,0.25,GREEN,855775392,AREA 3,JATIM,MALANG,MALANG,,,0,0,0,JAWA TIMUR,KOTA MALANG,BLIMBING,PANDANWANGI,BATU
9341221552,,ODP-KPO-FBU/11,-7.923265,112.58071,,,6,2,0,0,8,REGIONAL 5,MALANG,BATU,KPO,KARANGPLOSO,,2024-03-16 23:27:56,44840,2022,10,NON TITO,,,JAWA TIMUR,0.25,GREEN,1230149216,AREA 3,JATIM,MALANG,MALANG,,,0,0,0,JAWA TIMUR,MALANG,DAU,MULYOAGUNG,BATU
5555371146,,ODP-BLB-FDZ/01,-7.933888,112.653169,,,6,2,0,0,8,REGIONAL 5,MALANG,MALANG,BLB,BLIMBING,,2024-03-16 23:28:11,44131,2020,10,NON TITO,,,JAWA TIMUR,0.25,GREEN,855775395,AREA 3,JATIM,MALANG,MALANG,,,0,0,0,JAWA TIMUR,KOTA MALANG,BLIMBING,POLOWIJEN,BATU
5555371161,,ODP-BLB-FDZ/12,-7.93504,112.652619,,,5,3,0,0,8,REGIONAL 5,MALANG,MALANG,BLB,BLIMBING,,2024-03-16 23:28:14,44131,2020,10,NON TITO,,,JAWA TIMUR,0.375,GREEN,855775405,AREA 3,JATIM,MALANG,MALANG,,,0,0,0,JAWA TIMUR,KOTA MALANG,BLIMBING,POLOWIJEN,BATU
5555371166,,ODP-BLB-FDZ/36,-7.93857,112.657521,,,6,2,0,0,8,REGIONAL 5,MALANG,MALANG,BLB,BLIMBING,,2024-03-16 23:27:23,44131,2020,10,NON TITO,,,JAWA TIMUR,0.25,GREEN,855775408,AREA 3,JATIM,MALANG,MALANG,,,0,0,0,JAWA TIMUR,KOTA MALANG,BLIMBING,POLOWIJEN,BATU
1026794658,,ODP-KPO-FBG/07,-7.904136,112.566891,,,12,4,0,0,16,REGIONAL 5,MALANG,BATU,KPO,KARANGPLOSO,,2024-03-16 23:24:35,42672,2016,10,NON TITO,,,JAWA TIMUR,0.25,GREEN,37182405,AREA 3,JATIM,MALANG,MALANG,,,0,0,0,JAWA TIMUR,KOTA BATU,JUNREJO,MOJOREJO,BATU
5555371171,,ODP-BLB-FDZ/52,-7.938796,112.660192,,,6,2,0,0,8,REGIONAL 5,MALANG,MALANG,BLB,BLIMBING,,2024-03-16 23:28:14,44131,2020,10,NON TITO,,,JAWA TIMUR,0.25,GREEN,855775411,AREA 3,JATIM,MALANG,MALANG,,,0,0,0,JAWA TIMUR,KOTA MALANG,BLIMBING,PANDANWANGI,BATU
9341221582,,ODP-KPO-FBU/07,-7.922898,112.575838,,,7,1,0,0,8,REGIONAL 5,MALANG,BATU,KPO,KARANGPLOSO,,2024-03-16 23:27:25,44840,2022,10,NON TITO,,,JAWA TIMUR,0.125,GREEN,1230149234,AREA 3,JATIM,MALANG,MALANG,,,0,0,0,JAWA TIMUR,MALANG,DAU,SUMBERSEKAR,BATU
9341221497,,ODP-KPO-FBU/15,-7.915602,112.585374,,,6,2,0,0,8,REGIONAL 5,MALANG,BATU,KPO,KARANGPLOSO,,2024-03-16 23:28:06,44840,2022,10,NON TITO,,,JAWA TIMUR,0.25,GREEN,1230149183,AREA 3,JATIM,MALANG,MALANG,,,0,0,0,JAWA TIMUR,MALANG,DAU,MULYOAGUNG,BATU
1026796084,,ODP-KPO-FC/79,-7.928818,112.584324,,,6,2,0,0,8,REGIONAL 5,MALANG,BATU,KPO,KARANGPLOSO,,2024-03-16 23:25:29,42672,2016,10,NON TITO,,,JAWA TIMUR,0.25,GREEN,37183205,AREA 3,JATIM,MALANG,MALANG,,,0,0,0,JAWA TIMUR,MALANG,DAU,LANDUNGSARI,BATU
5555371186,,ODP-BLB-FDZ/70,-7.936007,112.657888,,,6,2,0,0,8,REGIONAL 5,MALANG,MALANG,BLB,BLIMBING,,2024-03-16 23:28:10,44131,2020,10,NON TITO,,,JAWA TIMUR,0.25,GREEN,855775422,AREA 3,JATIM,MALANG,MALANG,,,0,0,0,JAWA TIMUR,KOTA MALANG,BLIMBING,POLOWIJEN,BATU
5555371191,,ODP-BLB-FDZ/57,-7.938959,112.658786,,,6,2,0,0,8,REGIONAL 5,MALANG,MALANG,BLB,BLIMBING,,2024-03-16 23:27:22,44131,2020,10,NON TITO,,,JAWA TIMUR,0.25,GREEN,855775426,AREA 3,JATIM,MALANG,MALANG,,,0,0,0,JAWA TIMUR,KOTA MALANG,BLIMBING,PANDANWANGI,BATU
5555371206,,ODP-BLB-FDZ/17,-7.936249,112.657266,,,7,1,0,0,8,REGIONAL 5,MALANG,MALANG,BLB,BLIMBING,,2024-03-16 23:28:08,44131,2020,10,NON TITO,,,JAWA TIMUR,0.125,GREEN,855775443,AREA 3,JATIM,MALANG,MALANG,,,0,0,0,JAWA TIMUR,KOTA MALANG,BLIMBING,POLOWIJEN,BATU
5555371221,,ODP-BLB-FDZ/58,-7.939215,112.65935,,,7,1,0,0,8,REGIONAL 5,MALANG,MALANG,BLB,BLIMBING,,2024-03-16 23:27:23,44131,2020,10,NON TITO,,,JAWA TIMUR,0.125,GREEN,855775455,AREA 3,JATIM,MALANG,MALANG,,,0,0,0,JAWA TIMUR,KOTA MALANG,BLIMBING,PANDANWANGI,BATU
5555371226,,ODP-BLB-FDZ/44,-7.937837,112.657719,,,5,3,0,0,8,REGIONAL 5,MALANG,MALANG,BLB,BLIMBING,,2024-03-16 23:27:38,44131,2020,10,NON TITO,,,JAWA TIMUR,0.375,GREEN,855775461,AREA 3,JATIM,MALANG,MALANG,,,0,0,0,JAWA TIMUR,KOTA MALANG,BLIMBING,POLOWIJEN,BATU
5555371231,,ODP-BLB-FDZ/75,-7.937,112.659104,,,6,2,0,0,8,REGIONAL 5,MALANG,MALANG,BLB,BLIMBING,,2024-03-16 23:26:54,44131,2020,10,NON TITO,,,JAWA TIMUR,0.25,GREEN,855775466,AREA 3,JATIM,MALANG,MALANG,,,0,0,0,JAWA TIMUR,KOTA MALANG,BLIMBING,PANDANWANGI,BATU
2736569994,,ODP-BTU-FX/69,-7.887399,112.5389,,,5,3,0,0,8,REGIONAL 5,MALANG,BATU,BTU,BATU,,2024-03-16 23:28:54,43314,2018,8,NON TITO,,,JAWA TIMUR,0.375,GREEN,388439647,AREA 3,JATIM,MALANG,MALANG,,,0,0,0,JAWA TIMUR,KOTA BATU,BATU,TEMAS,BATU
9355619981,,ODP-TMP-FJ/76,-8.013944,112.771805,,,5,3,0,0,8,REGIONAL 5,MALANG,MALANG,TMP,TUMPANG,,2024-03-16 23:24:22,44840,2022,10,NON TITO,,,JAWA TIMUR,0.375,GREEN,1230090641,AREA 3,JATIM,MALANG,MALANG,,,0,0,0,JAWA TIMUR,MALANG,TUMPANG,TULUSBESAR,BATU
2772420932,,ODP-BTU-FX/79,-7.88688,112.539054,,,5,3,0,0,8,REGIONAL 5,MALANG,BATU,BTU,BATU,,2024-03-16 23:21:08,43318,2018,8,NON TITO,,,JAWA TIMUR,0.375,GREEN,389268528,AREA 3,JATIM,MALANG,MALANG,,,0,0,0,JAWA TIMUR,KOTA BATU,BATU,TEMAS,BATU
1030546121,,ODP-KPO-FBH/15,-7.91647,112.592784,,,10,6,0,0,16,REGIONAL 5,MALANG,BATU,KPO,KARANGPLOSO,,2024-03-16 23:21:54,42676,2016,11,NON TITO,,,JAWA TIMUR,0.375,GREEN,37198394,AREA 3,JATIM,MALANG,MALANG,,,0,0,0,JAWA TIMUR,MALANG,KARANGPLOSO,TEGALGONDO,BATU
9341221592,,ODP-KPO-FBU/05,-7.925263,112.575285,,,5,3,0,0,8,REGIONAL 5,MALANG,BATU,KPO,KARANGPLOSO,,2024-03-16 23:28:05,44840,2022,10,NON TITO,,,JAWA TIMUR,0.375,GREEN,1230149240,AREA 3,JATIM,MALANG,MALANG,,,0,0,0,JAWA TIMUR,MALANG,DAU,SUMBERSEKAR,BATU
1004681156,,ODP-SGS-FJ/10,-7.883405,112.679599,,,12,4,0,0,16,REGIONAL 5,MALANG,MALANG,SGS,SINGOSARI,,2024-03-16 23:23:45,42667,2016,10,NON TITO,,,JAWA TIMUR,0.25,GREEN,36822679,AREA 3,JATIM,MALANG,MALANG,,,0,0,0,JAWA TIMUR,MALANG,SINGOSARI,ARDIMULYO,BATU
5555371076,,ODP-BLB-FDZ/23,-7.937327,112.657591,,,6,2,0,0,8,REGIONAL 5,MALANG,MALANG,BLB,BLIMBING,,2024-03-16 23:28:13,44131,2020,10,NON TITO,,,JAWA TIMUR,0.25,GREEN,855775335,AREA 3,JATIM,MALANG,MALANG,,,0,0,0,JAWA TIMUR,KOTA MALANG,BLIMBING,POLOWIJEN,BATU
11146844472,,ODP-KPO-FBF/52,-7.909097,112.559858,,,10,6,0,0,16,REGIONAL 5,MALANG,BATU,KPO,KARANGPLOSO,,2024-03-16 23:24:11,45279,2023,12,NON TITO,,,JAWA TIMUR,0.375,GREEN,1388822159,AREA 3,JATIM,MALANG,MALANG,,,0,0,0,JAWA TIMUR,KOTA BATU,JUNREJO,JUNREJO,BATU
5555371086,,ODP-BLB-FDZ/08,-7.935068,112.654467,,,5,3,0,0,8,REGIONAL 5,MALANG,MALANG,BLB,BLIMBING,,2024-03-16 23:26:53,44131,2020,10,NON TITO,,,JAWA TIMUR,0.375,GREEN,855775345,AREA 3,JATIM,MALANG,MALANG,,,0,0,0,JAWA TIMUR,KOTA MALANG,BLIMBING,POLOWIJEN,BATU
5555371096,,ODP-BLB-FDZ/19,-7.936678,112.658196,,,5,3,0,0,8,REGIONAL 5,MALANG,MALANG,BLB,BLIMBING,,2024-03-16 23:28:25,44131,2020,10,NON TITO,,,JAWA TIMUR,0.375,GREEN,855775352,AREA 3,JATIM,MALANG,MALANG,,,0,0,0,JAWA TIMUR,KOTA MALANG,BLIMBING,POLOWIJEN,BATU
9394393930,,ODP-LWG-FAG/12,-7.837266,112.689993,,,5,3,0,0,8,REGIONAL 5,MALANG,MALANG,LWG,LAWANG,,2024-03-16 23:24:47,44846,2022,10,NON TITO,,,JAWA TIMUR,0.375,GREEN,1234121984,AREA 3,JATIM,MALANG,MALANG,,,0,0,0,JAWA TIMUR,MALANG,LAWANG,LAWANG,BATU
9394393920,,ODP-LWG-FAG/07,-7.836592,112.684407,,,6,2,0,0,8,REGIONAL 5,MALANG,MALANG,LWG,LAWANG,,2024-03-16 23:24:46,44846,2022,10,NON TITO,,,JAWA TIMUR,0.25,GREEN,1234121974,AREA 3,JATIM,MALANG,MALANG,,,0,0,0,JAWA TIMUR,MALANG,LAWANG,KETINDAN,BATU
9394393915,,ODP-LWG-FAG/08,-7.838049,112.685377,,,6,2,0,0,8,REGIONAL 5,MALANG,MALANG,LWG,LAWANG,,2024-03-16 23:24:50,44846,2022,10,NON TITO,,,JAWA TIMUR,0.25,GREEN,1234121970,AREA 3,JATIM,MALANG,MALANG,,,0,0,0,JAWA TIMUR,MALANG,LAWANG,KETINDAN,BATU
1004671096,,ODP-KPO-FBC/02,-7.927908,112.582907,,,11,5,0,0,16,REGIONAL 5,MALANG,BATU,KPO,KARANGPLOSO,,2024-03-16 23:28:52,42665,2016,10,NON TITO,,,JAWA TIMUR,0.3125,GREEN,36810280,AREA 3,JATIM,MALANG,MALANG,,,0,0,0,JAWA TIMUR,MALANG,DAU,LANDUNGSARI,BATU
9394393900,,ODP-LWG-FAG/10,-7.841146,112.690141,,,6,1,1,0,8,REGIONAL 5,MALANG,MALANG,LWG,LAWANG,,2024-03-16 23:25:01,44846,2022,10,NON TITO,,,JAWA TIMUR,0.125,GREEN,1234121960,AREA 3,JATIM,MALANG,MALANG,,,0,0,0,JAWA TIMUR,MALANG,LAWANG,KALIREJO,BATU
5555371126,,ODP-BLB-FDZ/72,-7.936643,112.658915,,,5,3,0,0,8,REGIONAL 5,MALANG,MALANG,BLB,BLIMBING,,2024-03-16 23:28:08,44131,2020,10,NON TITO,,,JAWA TIMUR,0.375,GREEN,855775382,AREA 3,JATIM,MALANG,MALANG,,,0,0,0,JAWA TIMUR,KOTA MALANG,BLIMBING,PANDANWANGI,BATU
9394393895,,ODP-LWG-FAG/11,-7.839533,112.691278,,,5,3,0,0,8,REGIONAL 5,MALANG,MALANG,LWG,LAWANG,,2024-03-16 23:24:41,44846,2022,10,NON TITO,,,JAWA TIMUR,0.375,GREEN,1234121956,AREA 3,JATIM,MALANG,MALANG,,,0,0,0,JAWA TIMUR,MALANG,LAWANG,KALIREJO,BATU
9394393862,,ODP-LWG-FAG/05,-7.839159,112.683953,,,6,2,0,0,8,REGIONAL 5,MALANG,MALANG,LWG,LAWANG,,2024-03-16 23:24:46,44846,2022,10,NON TITO,,,JAWA TIMUR,0.25,GREEN,1234121938,AREA 3,JATIM,MALANG,MALANG,,,0,0,0,JAWA TIMUR,MALANG,LAWANG,KALIREJO,BATU
5555371106,,ODP-BLB-FDZ/74,-7.937074,112.659496,,,5,3,0,0,8,REGIONAL 5,MALANG,MALANG,BLB,BLIMBING,,2024-03-16 23:28:22,44131,2020,10,NON TITO,,,JAWA TIMUR,0.375,GREEN,855775360,AREA 3,JATIM,MALANG,MALANG,,,0,0,0,JAWA TIMUR,KOTA MALANG,BLIMBING,PANDANWANGI,BATU
5555371111,,ODP-BLB-FDZ/51,-7.938468,112.659362,,,7,1,0,0,8,REGIONAL 5,MALANG,MALANG,BLB,BLIMBING,,2024-03-16 23:28:22,44131,2020,10,NON TITO,,,JAWA TIMUR,0.125,GREEN,855775364,AREA 3,JATIM,MALANG,MALANG,,,0,0,0,JAWA TIMUR,KOTA MALANG,BLIMBING,PANDANWANGI,BATU
9394393853,,ODP-LWG-FAG/06,-7.837221,112.684419,,,5,3,0,0,8,REGIONAL 5,MALANG,MALANG,LWG,LAWANG,,2024-03-16 23:24:48,44846,2022,10,NON TITO,,,JAWA TIMUR,0.375,GREEN,1234121931,AREA 3,JATIM,MALANG,MALANG,,,0,0,0,JAWA TIMUR,MALANG,LAWANG,KETINDAN,BATU
9394393846,,ODP-LWG-FAG/16,-7.836196,112.689702,,,6,2,0,0,8,REGIONAL 5,MALANG,MALANG,LWG,LAWANG,,2024-03-16 23:24:54,44846,2022,10,NON TITO,,,JAWA TIMUR,0.25,GREEN,1234121924,AREA 3,JATIM,MALANG,MALANG,,,0,0,0,JAWA TIMUR,MALANG,LAWANG,LAWANG,BATU
9394468886,,ODP-LWG-FAF/01,-7.850954,112.696113,,,7,1,0,0,8,REGIONAL 5,MALANG,MALANG,LWG,LAWANG,,2024-03-16 23:26:43,44846,2022,10,NON TITO,,,JAWA TIMUR,0.125,GREEN,1233904878,AREA 3,JATIM,MALANG,MALANG,,,0,0,0,JAWA TIMUR,MALANG,LAWANG,BEDALI,BATU
9394468883,,ODP-LWG-FAF/02,-7.850794,112.695754,,,6,2,0,0,8,REGIONAL 5,MALANG,MALANG,LWG,LAWANG,,2024-03-16 23:26:31,44846,2022,10,NON TITO,,,JAWA TIMUR,0.25,GREEN,1233904876,AREA 3,JATIM,MALANG,MALANG,,,0,0,0,JAWA TIMUR,MALANG,LAWANG,BEDALI,BATU
9394468874,,ODP-LWG-FAF/05,-7.847669,112.696729,,,7,1,0,0,8,REGIONAL 5,MALANG,MALANG,LWG,LAWANG,,2024-03-16 23:27:16,44846,2022,10,NON TITO,,,JAWA TIMUR,0.125,GREEN,1233904870,AREA 3,JATIM,MALANG,MALANG,,,0,0,0,JAWA TIMUR,MALANG,LAWANG,KALIREJO,BATU
5555371121,,ODP-BLB-FDZ/65,-7.936846,112.660379,,,6,2,0,0,8,REGIONAL 5,MALANG,MALANG,BLB,BLIMBING,,2024-03-16 23:27:10,44131,2020,10,NON TITO,,,JAWA TIMUR,0.25,GREEN,855775373,AREA 3,JATIM,MALANG,MALANG,,,0,0,0,JAWA TIMUR,KOTA MALANG,BLIMBING,PANDANWANGI,BATU
9394393890,,ODP-LWG-FAG/02,-7.837368,112.692777,,,6,2,0,0,8,REGIONAL 5,MALANG,MALANG,LWG,LAWANG,,2024-03-16 23:24:52,44846,2022,10,NON TITO,,,JAWA TIMUR,0.25,GREEN,1234121952,AREA 3,JATIM,MALANG,MALANG,,,0,0,0,JAWA TIMUR,MALANG,LAWANG,LAWANG,BATU
1030551179,,ODP-BTU-FAC/13,-7.884412,112.524772,,,5,3,0,0,8,REGIONAL 5,MALANG,BATU,BTU,BATU,,2024-03-16 23:23:20,42676,2016,11,NON TITO,,,JAWA TIMUR,0.375,GREEN,37200092,AREA 3,JATIM,MALANG,MALANG,,,0,0,0,JAWA TIMUR,KOTA BATU,BATU,SISIR,BATU
9355619971,,ODP-TMP-FJ/77,-8.013415,112.770395,,,6,2,0,0,8,REGIONAL 5,MALANG,MALANG,TMP,TUMPANG,,2024-03-16 23:24:44,44840,2022,10,NON TITO,,,JAWA TIMUR,0.25,GREEN,1230090635,AREA 3,JATIM,MALANG,MALANG,,,0,0,0,JAWA TIMUR,MALANG,TUMPANG,TULUSBESAR,BATU
9355619966,,ODP-TMP-FJ/79,-8.012188,112.769254,,,5,3,0,0,8,REGIONAL 5,MALANG,MALANG,TMP,TUMPANG,,2024-03-16 23:24:36,44840,2022,10,NON TITO,,,JAWA TIMUR,0.375,GREEN,1230090632,AREA 3,JATIM,MALANG,MALANG,,,0,0,0,JAWA TIMUR,MALANG,TUMPANG,TULUSBESAR,BATU
5597369380,,ODP-BLB-FDW/133,-7.957241,112.651235,,,7,1,0,0,8,REGIONAL 5,MALANG,MALANG,BLB,BLIMBING,,2024-03-16 23:23:26,44133,2020,10,NON TITO,,,JAWA TIMUR,0.125,GREEN,855890783,AREA 3,JATIM,MALANG,MALANG,,,0,0,0,JAWA TIMUR,KOTA MALANG,BLIMBING,PURWANTORO,BATU
5597369425,,ODP-BLB-FDW/147,-7.956695,112.644584,,,5,3,0,0,8,REGIONAL 5,MALANG,MALANG,BLB,BLIMBING,,2024-03-16 23:23:37,44133,2020,10,NON TITO,,,JAWA TIMUR,0.375,GREEN,855890832,AREA 3,JATIM,MALANG,MALANG,,,0,0,0,JAWA TIMUR,KOTA MALANG,BLIMBING,PURWANTORO,BATU
1069775454,,ODP-BLB-FCD/08,-7.93131,112.657395,,,11,5,0,0,16,REGIONAL 5,MALANG,MALANG,BLB,BLIMBING,,2024-03-16 23:27:57,42697,2016,11,NON TITO,,,JAWA TIMUR,0.3125,GREEN,38512631,AREA 3,JATIM,MALANG,MALANG,,,0,0,0,JAWA TIMUR,KOTA MALANG,BLIMBING,ARJOSARI,BATU
5597369430,,ODP-BLB-FDW/98,-7.9555,112.652342,,,6,2,0,0,8,REGIONAL 5,MALANG,MALANG,BLB,BLIMBING,,2024-03-16 23:23:23,44133,2020,10,NON TITO,,,JAWA TIMUR,0.25,GREEN,855890837,AREA 3,JATIM,MALANG,MALANG,,,0,0,0,JAWA TIMUR,KOTA MALANG,BLIMBING,PURWANTORO,BATU
9319769884,,ODP-LWG-FAD/04,-7.854883,112.705192,,,6,2,0,0,8,REGIONAL 5,MALANG,MALANG,LWG,LAWANG,,2024-03-16 23:27:49,44827,2022,9,NON TITO,,,JAWA TIMUR,0.25,GREEN,1226339575,AREA 3,JATIM,MALANG,MALANG,,,0,0,0,JAWA TIMUR,MALANG,LAWANG,SIDODADI,BATU
5597369435,,ODP-BLB-FDW/134,-7.957209,112.65117,,,5,3,0,0,8,REGIONAL 5,MALANG,MALANG,BLB,BLIMBING,,2024-03-16 23:23:34,44133,2020,10,NON TITO,,,JAWA TIMUR,0.375,GREEN,855890840,AREA 3,JATIM,MALANG,MALANG,,,0,0,0,JAWA TIMUR,KOTA MALANG,BLIMBING,PURWANTORO,BATU
5597369480,,ODP-BLB-FDW/106,-7.955065,112.652283,,,7,1,0,0,8,REGIONAL 5,MALANG,MALANG,BLB,BLIMBING,,2024-03-16 23:22:37,44133,2020,10,NON TITO,,,JAWA TIMUR,0.125,GREEN,855890887,AREA 3,JATIM,MALANG,MALANG,,,0,0,0,JAWA TIMUR,KOTA MALANG,BLIMBING,PURWANTORO,BATU
1053346272,,ODP-NTG-FB/02,-7.87682,112.378957,,,10,6,0,0,16,REGIONAL 5,MALANG,BATU,NTG,NGANTANG,,2024-03-16 23:23:30,42686,2016,11,NON TITO,,,JAWA TIMUR,0.375,GREEN,38533180,AREA 3,JATIM,MALANG,MALANG,,,0,0,0,JAWA TIMUR,MALANG,NGANTANG,MULYOREJO,BATU
2709868788,,ODP-BTU-FAY/04,-7.847068,112.487273,,,12,4,0,0,16,REGIONAL 5,MALANG,BATU,BTU,BATU,,2024-03-16 23:25:55,43301,2018,7,NON TITO,,,JAWA TIMUR,0.25,GREEN,362717430,AREA 3,JATIM,MALANG,MALANG,,,0,0,0,JAWA TIMUR,MALANG,PUJON,PANDESARI,BATU
9319769919,,ODP-LWG-FAC/13,-7.864994,112.713739,,,6,2,0,0,8,REGIONAL 5,MALANG,MALANG,LWG,LAWANG,,2024-03-16 23:27:41,44827,2022,9,NON TITO,,,JAWA TIMUR,0.25,GREEN,1226339625,AREA 3,JATIM,MALANG,MALANG,,,0,0,0,JAWA TIMUR,MALANG,LAWANG,SIDODADI,BATU
2709868578,,ODP-BTU-FAY/03,-7.848904,112.486043,,,6,2,0,0,8,REGIONAL 5,MALANG,BATU,BTU,BATU,,2024-03-16 23:26:31,43301,2018,7,NON TITO,,,JAWA TIMUR,0.25,GREEN,362717363,AREA 3,JATIM,MALANG,MALANG,,,0,0,0,JAWA TIMUR,MALANG,PUJON,PANDESARI,BATU
9286994548,,ODP-KPO-FW/17,-7.871931,112.572031,,,5,3,0,0,8,REGIONAL 5,MALANG,BATU,KPO,KARANGPLOSO,,2024-03-16 23:28:08,44821,2022,9,NON TITO,,,JAWA TIMUR,0.375,GREEN,1225993585,AREA 3,JATIM,MALANG,MALANG,,,0,0,0,JAWA TIMUR,MALANG,KARANGPLOSO,TAWANGARGO,BATU
1074120918,,ODP-BTU-FH/35,-7.864979,112.514553,,,12,4,0,0,16,REGIONAL 5,MALANG,BATU,BTU,BATU,,2024-03-16 23:25:21,42698,2016,11,NON TITO,,,JAWA TIMUR,0.25,GREEN,38609326,AREA 3,JATIM,MALANG,MALANG,,,0,0,0,JAWA TIMUR,KOTA BATU,BATU,PESANGGRAHAN,BATU
1074121379,,ODP-BTU-FH/39,-7.865499,112.514646,,,10,6,0,0,16,REGIONAL 5,MALANG,BATU,BTU,BATU,,2024-03-16 23:21:20,42698,2016,11,NON TITO,,,JAWA TIMUR,0.375,GREEN,38609595,AREA 3,JATIM,MALANG,MALANG,,,0,0,0,JAWA TIMUR,KOTA BATU,BATU,PESANGGRAHAN,BATU
2694196048,,ODP-SGS-FQ/62,-7.875471,112.637868,,,6,2,0,0,8,REGIONAL 5,MALANG,MALANG,SGS,SINGOSARI,,2024-03-16 23:22:16,43300,2018,7,NON TITO,,,JAWA TIMUR,0.25,GREEN,362577633,AREA 3,JATIM,MALANG,MALANG,,,0,0,0,JAWA TIMUR,MALANG,SINGOSARI,KLAMPOK,BATU
5597369520,,ODP-BLB-FDW/125,-7.957066,112.650862,,,5,3,0,0,8,REGIONAL 5,MALANG,MALANG,BLB,BLIMBING,,2024-03-16 23:23:29,44133,2020,10,NON TITO,,,JAWA TIMUR,0.375,GREEN,855890922,AREA 3,JATIM,MALANG,MALANG,,,0,0,0,JAWA TIMUR,KOTA MALANG,BLIMBING,PURWANTORO,BATU
9286994498,,ODP-KPO-FW/12,-7.877671,112.581258,,,6,2,0,0,8,REGIONAL 5,MALANG,BATU,KPO,KARANGPLOSO,,2024-03-16 23:28:37,44821,2022,9,NON TITO,,,JAWA TIMUR,0.25,GREEN,1225993555,AREA 3,JATIM,MALANG,MALANG,,,0,0,0,JAWA TIMUR,MALANG,KARANGPLOSO,DONOWARIH,BATU
5597369530,,ODP-BLB-FDW/151,-7.955482,112.645063,,,5,3,0,0,8,REGIONAL 5,MALANG,MALANG,BLB,BLIMBING,,2024-03-16 23:23:53,44133,2020,10,NON TITO,,,JAWA TIMUR,0.375,GREEN,855890929,AREA 3,JATIM,MALANG,MALANG,,,0,0,0,JAWA TIMUR,KOTA MALANG,BLIMBING,PURWANTORO,BATU
1083145850,,ODP-BTU-FB/80,-7.882348,112.533113,,,10,6,0,0,16,REGIONAL 5,MALANG,BATU,BTU,BATU,,2024-03-16 23:23:23,42707,2016,12,NON TITO,,,JAWA TIMUR,0.375,GREEN,38652436,AREA 3,JATIM,MALANG,MALANG,,,0,0,0,JAWA TIMUR,KOTA BATU,BATU,TEMAS,BATU
2669295778,,ODP-BLB-FCE/73,-7.940671,112.632371,,,14,2,0,0,16,REGIONAL 5,MALANG,MALANG,BLB,BLIMBING,,2024-03-16 23:26:01,43298,2018,7,NON TITO,,,JAWA TIMUR,0.125,GREEN,362567034,AREA 3,JATIM,MALANG,MALANG,,,0,0,0,JAWA TIMUR,KOTA MALANG,LOWOKWARU,MOJOLANGU,BATU
1074120408,,ODP-BTU-FH/36,-7.865157,112.514339,,,14,2,0,0,16,REGIONAL 5,MALANG,BATU,BTU,BATU,,2024-03-16 23:26:28,42698,2016,11,NON TITO,,,JAWA TIMUR,0.125,GREEN,38609028,AREA 3,JATIM,MALANG,MALANG,,,0,0,0,JAWA TIMUR,KOTA BATU,BATU,PESANGGRAHAN,BATU
5597369375,,ODP-BLB-FDW/135,-7.957401,112.650433,,,5,3,0,0,8,REGIONAL 5,MALANG,MALANG,BLB,BLIMBING,,2024-03-16 23:23:30,44133,2020,10,NON TITO,,,JAWA TIMUR,0.375,GREEN,855890777,AREA 3,JATIM,MALANG,MALANG,,,0,0,0,JAWA TIMUR,KOTA MALANG,BLIMBING,PURWANTORO,BATU
9319769934,,ODP-LWG-FAD/06,-7.853482,112.703514,,,5,3,0,0,8,REGIONAL 5,MALANG,MALANG,LWG,LAWANG,,2024-03-16 23:27:41,44827,2022,9,NON TITO,,,JAWA TIMUR,0.375,GREEN,1226339682,AREA 3,JATIM,MALANG,MALANG,,,0,0,0,JAWA TIMUR,MALANG,LAWANG,BEDALI,BATU
5597369370,,ODP-BLB-FDW/99,-7.955428,112.652392,,,7,1,0,0,8,REGIONAL 5,MALANG,MALANG,BLB,BLIMBING,,2024-03-16 23:23:07,44133,2020,10,NON TITO,,,JAWA TIMUR,0.125,GREEN,855890773,AREA 3,JATIM,MALANG,MALANG,,,0,0,0,JAWA TIMUR,KOTA MALANG,BLIMBING,PURWANTORO,BATU
9370543657,,ODP-PKS-FY/26,-7.952192,112.709485,,,10,6,0,0,16,REGIONAL 5,MALANG,MALANG,PKS,PAKIS,,2024-03-16 23:22:58,44838,2022,10,NON TITO,,,JAWA TIMUR,0.375,GREEN,1230073529,AREA 3,JATIM,MALANG,MALANG,,,0,0,0,JAWA TIMUR,MALANG,PAKIS,BUNUTWETAN,BATU
5597369265,,ODP-BLB-FDW/146,-7.956794,112.644666,,,6,2,0,0,8,REGIONAL 5,MALANG,MALANG,BLB,BLIMBING,,2024-03-16 23:23:01,44133,2020,10,NON TITO,,,JAWA TIMUR,0.25,GREEN,855890689,AREA 3,JATIM,MALANG,MALANG,,,0,0,0,JAWA TIMUR,KOTA MALANG,BLIMBING,PURWANTORO,BATU
9370543638,,ODP-PKS-FH/43,-7.95967,112.741707,,,5,3,0,0,8,REGIONAL 5,MALANG,MALANG,PKS,PAKIS,,2024-03-16 23:22:29,44838,2022,10,NON TITO,,,JAWA TIMUR,0.375,GREEN,1230073513,AREA 3,JATIM,MALANG,MALANG,,,0,0,0,JAWA TIMUR,MALANG,JABUNG,SUKOLILO,BATU
1048168581,,ODP-TMP-FD/06,-8.020132,112.718439,,,14,2,0,0,16,REGIONAL 5,MALANG,MALANG,TMP,TUMPANG,,2024-03-16 23:22:48,42683,2016,11,NON TITO,,,JAWA TIMUR,0.125,GREEN,37237132,AREA 3,JATIM,MALANG,MALANG,,,0,0,0,JAWA TIMUR,MALANG,TUMPANG,KIDAL,BATU
9355544211,,ODP-TMP-FA/129,-8.033358,112.785998,,,7,1,0,0,8,REGIONAL 5,MALANG,MALANG,TMP,TUMPANG,,2024-03-16 23:22:58,44837,2022,10,NON TITO,,,JAWA TIMUR,0.125,GREEN,1230071066,AREA 3,JATIM,MALANG,MALANG,,,0,0,0,JAWA TIMUR,MALANG,PONCOKUSUMO,WRINGINANOM,BATU
5597369270,,ODP-BLB-FDW/155,-7.955864,112.646157,,,5,3,0,0,8,REGIONAL 5,MALANG,MALANG,BLB,BLIMBING,,2024-03-16 23:23:43,44133,2020,10,NON TITO,,,JAWA TIMUR,0.375,GREEN,855890692,AREA 3,JATIM,MALANG,MALANG,,,0,0,0,JAWA TIMUR,KOTA MALANG,BLIMBING,PURWANTORO,BATU
1026804871,,ODP-BTU-FAC/10,-7.888146,112.52748,,,7,1,0,0,8,REGIONAL 5,MALANG,BATU,BTU,BATU,,2024-03-16 23:28:07,42675,2016,11,NON TITO,,,JAWA TIMUR,0.125,GREEN,37399626,AREA 3,JATIM,MALANG,MALANG,,,0,0,0,JAWA TIMUR,KOTA BATU,BATU,SISIR,BATU
1026804874,,ODP-BTU-FAC/11,-7.887384,112.5281,,,5,3,0,0,8,REGIONAL 5,MALANG,BATU,BTU,BATU,,2024-03-16 23:28:07,42675,2016,11,NON TITO,,,JAWA TIMUR,0.375,GREEN,37399628,AREA 3,JATIM,MALANG,MALANG,,,0,0,0,JAWA TIMUR,KOTA BATU,BATU,SISIR,BATU
9319770035,,ODP-LWG-FAC/04,-7.866132,112.713092,,,5,3,0,0,8,REGIONAL 5,MALANG,MALANG,LWG,LAWANG,,2024-03-16 23:27:40,44827,2022,9,NON TITO,,,JAWA TIMUR,0.375,GREEN,1226339959,AREA 3,JATIM,MALANG,MALANG,,,0,0,0,JAWA TIMUR,MALANG,LAWANG,SIDODADI,BATU
5597369275,,ODP-BLB-FDW/110,-7.954961,112.652124,,,5,3,0,0,8,REGIONAL 5,MALANG,MALANG,BLB,BLIMBING,,2024-03-16 23:23:37,44133,2020,10,NON TITO,,,JAWA TIMUR,0.375,GREEN,855890695,AREA 3,JATIM,MALANG,MALANG,,,0,0,0,JAWA TIMUR,KOTA MALANG,BLIMBING,PURWANTORO,BATU
1026806286,,ODP-BTU-FAC/06,-7.889311,112.527547,,,6,2,0,0,8,REGIONAL 5,MALANG,BATU,BTU,BATU,,2024-03-16 23:28:31,42675,2016,11,NON TITO,,,JAWA TIMUR,0.25,GREEN,37400493,AREA 3,JATIM,MALANG,MALANG,,,0,0,0,JAWA TIMUR,KOTA BATU,BATU,SISIR,BATU
9319770020,,ODP-LWG-FAC/23,-7.855939,112.709107,,,5,3,0,0,8,REGIONAL 5,MALANG,MALANG,LWG,LAWANG,,2024-03-16 23:27:42,44827,2022,9,NON TITO,,,JAWA TIMUR,0.375,GREEN,1226339919,AREA 3,JATIM,MALANG,MALANG,,,0,0,0,JAWA TIMUR,MALANG,LAWANG,SIDODADI,BATU
9319770005,,ODP-LWG-FAD/01,-7.857842,112.701986,,,5,3,0,0,8,REGIONAL 5,MALANG,MALANG,LWG,LAWANG,,2024-03-16 23:27:23,44827,2022,9,NON TITO,,,JAWA TIMUR,0.375,GREEN,1226339874,AREA 3,JATIM,MALANG,MALANG,,,0,0,0,JAWA TIMUR,MALANG,LAWANG,SIDODADI,BATU
9319769984,,ODP-LWG-FAD/02,-7.855007,112.702423,,,7,1,0,0,8,REGIONAL 5,MALANG,MALANG,LWG,LAWANG,,2024-03-16 23:27:48,44827,2022,9,NON TITO,,,JAWA TIMUR,0.125,GREEN,1226339840,AREA 3,JATIM,MALANG,MALANG,,,0,0,0,JAWA TIMUR,MALANG,LAWANG,SIDODADI,BATU
1039994797,,ODP-KPO-FC/91,-7.923461,112.579213,,,12,4,0,0,16,REGIONAL 5,MALANG,BATU,KPO,KARANGPLOSO,,2024-03-16 23:25:03,42678,2016,11,NON TITO,,,JAWA TIMUR,0.25,GREEN,37418223,AREA 3,JATIM,MALANG,MALANG,,,0,0,0,JAWA TIMUR,MALANG,DAU,MULYOAGUNG,BATU
1045544445,,ODP-KPO-FL/18,-7.887889,112.607994,,,12,4,0,0,16,REGIONAL 5,MALANG,BATU,KPO,KARANGPLOSO,,2024-03-16 23:28:49,42682,2016,11,NON TITO,,,JAWA TIMUR,0.25,GREEN,37431921,AREA 3,JATIM,MALANG,MALANG,,,0,0,0,JAWA TIMUR,MALANG,KARANGPLOSO,NGENEP,BATU
5597369300,,ODP-BLB-FDW/107,-7.954038,112.652728,,,7,1,0,0,8,REGIONAL 5,MALANG,MALANG,BLB,BLIMBING,,2024-03-16 23:23:45,44133,2020,10,NON TITO,,,JAWA TIMUR,0.125,GREEN,855890716,AREA 3,JATIM,MALANG,MALANG,,,0,0,0,JAWA TIMUR,KOTA MALANG,BLIMBING,PURWANTORO,BATU
5597369305,,ODP-BLB-FDW/164,-7.957339,112.648398,,,6,2,0,0,8,REGIONAL 5,MALANG,MALANG,BLB,BLIMBING,,2024-03-16 23:23:38,44133,2020,10,NON TITO,,,JAWA TIMUR,0.25,GREEN,855890719,AREA 3,JATIM,MALANG,MALANG,,,0,0,0,JAWA TIMUR,KOTA MALANG,BLIMBING,PURWANTORO,BATU
5597369310,,ODP-BLB-FDW/100,-7.955053,112.652625,,,5,3,0,0,8,REGIONAL 5,MALANG,MALANG,BLB,BLIMBING,,2024-03-16 23:23:30,44133,2020,10,NON TITO,,,JAWA TIMUR,0.375,GREEN,855890723,AREA 3,JATIM,MALANG,MALANG,,,0,0,0,JAWA TIMUR,KOTA MALANG,BLIMBING,PURWANTORO,BATU
5597369325,,ODP-BLB-FDW/88,-7.955252,112.648047,,,5,3,0,0,8,REGIONAL 5,MALANG,MALANG,BLB,BLIMBING,,2024-03-16 23:23:21,44133,2020,10,NON TITO,,,JAWA TIMUR,0.375,GREEN,855890736,AREA 3,JATIM,MALANG,MALANG,,,0,0,0,JAWA TIMUR,KOTA MALANG,BLIMBING,PURWANTORO,BATU
5597369335,,ODP-BLB-FDW/116,-7.953709,112.652205,,,6,2,0,0,8,REGIONAL 5,MALANG,MALANG,BLB,BLIMBING,,2024-03-16 23:23:32,44133,2020,10,NON TITO,,,JAWA TIMUR,0.25,GREEN,855890743,AREA 3,JATIM,MALANG,MALANG,,,0,0,0,JAWA TIMUR,KOTA MALANG,BLIMBING,PURWANTORO,BATU
9403618798,,ODP-LWG-FAA/12,-7.85701,112.692842,,,6,2,0,0,8,REGIONAL 5,MALANG,MALANG,LWG,LAWANG,,2024-03-16 23:22:37,44846,2022,10,NON TITO,,,JAWA TIMUR,0.25,GREEN,1234722922,AREA 3,JATIM,MALANG,MALANG,,,0,0,0,JAWA TIMUR,MALANG,LAWANG,BEDALI,BATU
5555371071,,ODP-BLB-FDZ/53,-7.939149,112.660745,,,6,2,0,0,8,REGIONAL 5,MALANG,MALANG,BLB,BLIMBING,,2024-03-16 23:28:26,44131,2020,10,NON TITO,,,JAWA TIMUR,0.25,GREEN,855775328,AREA 3,JATIM,MALANG,MALANG,,,0,0,0,JAWA TIMUR,KOTA MALANG,BLIMBING,PANDANWANGI,BATU
9403618803,,ODP-LWG-FAA/18,-7.855085,112.692018,,,7,1,0,0,8,REGIONAL 5,MALANG,MALANG,LWG,LAWANG,,2024-03-16 23:22:39,44846,2022,10,NON TITO,,,JAWA TIMUR,0.125,GREEN,1234722925,AREA 3,JATIM,MALANG,MALANG,,,0,0,0,JAWA TIMUR,MALANG,LAWANG,BEDALI,BATU
5555371061,,ODP-BLB-FDZ/66,-7.936449,112.659664,,,6,2,0,0,8,REGIONAL 5,MALANG,MALANG,BLB,BLIMBING,,2024-03-16 23:28:21,44131,2020,10,NON TITO,,,JAWA TIMUR,0.25,GREEN,855775318,AREA 3,JATIM,MALANG,MALANG,,,0,0,0,JAWA TIMUR,KOTA MALANG,BLIMBING,PANDANWANGI,BATU
830518644,,ODP-BTU-FN/03,-7.818713,112.52599,,,5,3,0,0,8,REGIONAL 5,MALANG,BATU,BTU,BATU,,2024-03-16 23:22:46,42605,2016,8,NON TITO,,,JAWA TIMUR,0.375,GREEN,34693651,AREA 3,JATIM,MALANG,MALANG,,,0,0,0,JAWA TIMUR,KOTA BATU,BUMIAJI,TULUNGREJO,BATU
9468345219,,ODP-KPO-FBS/39,-7.921471,112.565045,,,7,1,0,0,8,REGIONAL 5,MALANG,BATU,KPO,KARANGPLOSO,,2024-03-16 23:26:17,44861,2022,10,NON TITO,,,JAWA TIMUR,0.125,GREEN,1246085160,AREA 3,JATIM,MALANG,MALANG,,,0,0,0,JAWA TIMUR,MALANG,DAU,SUMBERSEKAR,BATU
842068528,,ODP-BLB-FBV/05,-7.943871,112.649811,,,12,4,0,0,16,REGIONAL 5,MALANG,MALANG,BLB,BLIMBING,,2024-03-16 23:28:15,42607,2016,8,NON TITO,,,JAWA TIMUR,0.25,GREEN,34758644,AREA 3,JATIM,MALANG,MALANG,,,0,0,0,JAWA TIMUR,KOTA MALANG,BLIMBING,BLIMBING,BATU
9468345210,,ODP-KPO-FBS/13,-7.919421,112.566477,,,1,3,4,0,8,REGIONAL 5,MALANG,BATU,KPO,KARANGPLOSO,,2024-03-16 23:26:03,44861,2022,10,NON TITO,,,JAWA TIMUR,0.375,GREEN,1246085154,AREA 3,JATIM,MALANG,MALANG,,,0,0,0,JAWA TIMUR,MALANG,DAU,SUMBERSEKAR,BATU
841994492,,ODP-KPO-FG/29,-7.90438,112.567931,,,14,2,0,0,16,REGIONAL 5,MALANG,BATU,KPO,KARANGPLOSO,,2024-03-16 23:25:22,42608,2016,8,NON TITO,,,JAWA TIMUR,0.125,GREEN,34770969,AREA 3,JATIM,MALANG,MALANG,,,0,0,0,JAWA TIMUR,KOTA BATU,JUNREJO,MOJOREJO,BATU
9468345201,,ODP-KPO-FBS/09,-7.919,112.56548,,,5,3,0,0,8,REGIONAL 5,MALANG,BATU,KPO,KARANGPLOSO,,2024-03-16 23:25:40,44861,2022,10,NON TITO,,,JAWA TIMUR,0.375,GREEN,1246085148,AREA 3,JATIM,MALANG,MALANG,,,0,0,0,JAWA TIMUR,MALANG,DAU,SUMBERSEKAR,BATU
9468345198,,ODP-KPO-FBS/06,-7.914257,112.56223,,,5,3,0,0,8,REGIONAL 5,MALANG,BATU,KPO,KARANGPLOSO,,2024-03-16 23:25:54,44861,2022,10,NON TITO,,,JAWA TIMUR,0.375,GREEN,1246085146,AREA 3,JATIM,MALANG,MALANG,,,0,0,0,JAWA TIMUR,KOTA BATU,JUNREJO,JUNREJO,BATU
5591369245,,ODP-BLB-FDW/22,-7.955944,112.649796,,,4,3,0,0,8,REGIONAL 5,MALANG,MALANG,BLB,BLIMBING,,2024-03-16 23:21:44,44127,2020,10,NON TITO,,,JAWA TIMUR,0.375,GREEN,855736887,AREA 3,JATIM,MALANG,MALANG,,,0,0,0,JAWA TIMUR,KOTA MALANG,BLIMBING,PURWANTORO,BATU
847618912,,ODP-BLB-FCW/08,-7.952394,112.636215,,,11,5,0,0,16,REGIONAL 5,MALANG,MALANG,BLB,BLIMBING,,2024-03-16 23:24:01,42613,2016,8,NON TITO,,,JAWA TIMUR,0.3125,GREEN,34788521,AREA 3,JATIM,MALANG,MALANG,,,0,0,0,JAWA TIMUR,KOTA MALANG,LOWOKWARU,TULUSREJO,BATU
9468345222,,ODP-KPO-FBS/35,-7.927392,112.566742,,,5,3,0,0,8,REGIONAL 5,MALANG,BATU,KPO,KARANGPLOSO,,2024-03-16 23:25:52,44861,2022,10,NON TITO,,,JAWA TIMUR,0.375,GREEN,1246085162,AREA 3,JATIM,MALANG,MALANG,,,0,0,0,JAWA TIMUR,MALANG,DAU,GADINGKULON,BATU
9468345186,,ODP-KPO-FBS/01,-7.91681,112.56055,,,5,3,0,0,8,REGIONAL 5,MALANG,BATU,KPO,KARANGPLOSO,,2024-03-16 23:25:31,44861,2022,10,NON TITO,,,JAWA TIMUR,0.375,GREEN,1246085138,AREA 3,JATIM,MALANG,MALANG,,,0,0,0,JAWA TIMUR,KOTA BATU,JUNREJO,JUNREJO,BATU
2860996106,,ODP-NTG-FA/13,-7.854747,112.368363,,,5,3,0,0,8,REGIONAL 5,MALANG,BATU,NTG,NGANTANG,,2024-03-16 23:24:24,43347,2018,9,NON TITO,,,JAWA TIMUR,0.375,GREEN,389863441,AREA 3,JATIM,MALANG,MALANG,,,0,0,0,JAWA TIMUR,MALANG,NGANTANG,KAUMREJO,BATU
9477044444,,ODP-LWG-FAJ/25,-7.819861,112.677687,,,5,3,0,0,8,REGIONAL 5,MALANG,MALANG,LWG,LAWANG,,2024-03-16 23:23:00,44861,2022,10,NON TITO,,,JAWA TIMUR,0.375,GREEN,1246084910,AREA 3,JATIM,MALANG,MALANG,,,0,0,0,JAWA TIMUR,MALANG,LAWANG,WONOREJO,BATU
2889344550,,ODP-PKS-FU/05,-7.937231,112.696486,,,5,3,0,0,8,REGIONAL 5,MALANG,MALANG,PKS,PAKIS,,2024-03-16 23:29:00,43351,2018,9,NON TITO,,,JAWA TIMUR,0.375,GREEN,389855856,AREA 3,JATIM,MALANG,MALANG,,,0,0,0,JAWA TIMUR,MALANG,PAKIS,ASRIKATON,BATU
2889344454,,ODP-PKS-FU/02,-7.939449,112.698915,,,5,3,0,0,8,REGIONAL 5,MALANG,MALANG,PKS,PAKIS,,2024-03-16 23:28:33,43351,2018,9,NON TITO,,,JAWA TIMUR,0.375,GREEN,389855792,AREA 3,JATIM,MALANG,MALANG,,,0,0,0,JAWA TIMUR,MALANG,PAKIS,ASRIKATON,BATU
5597443978,,ODP-BLB-FCD/72,-7.930781,112.65062,,,7,1,0,0,8,REGIONAL 5,MALANG,MALANG,BLB,BLIMBING,,2024-03-16 23:26:03,44129,2020,10,NON TITO,,,JAWA TIMUR,0.125,GREEN,855757169,AREA 3,JATIM,MALANG,MALANG,,,0,0,0,JAWA TIMUR,KOTA MALANG,BLIMBING,POLOWIJEN,BATU
5597443988,,ODP-BLB-FCD/64,-7.932435,112.651676,,,5,3,0,0,8,REGIONAL 5,MALANG,MALANG,BLB,BLIMBING,,2024-03-16 23:25:45,44129,2020,10,NON TITO,,,JAWA TIMUR,0.375,GREEN,855757175,AREA 3,JATIM,MALANG,MALANG,,,0,0,0,JAWA TIMUR,KOTA MALANG,BLIMBING,ARJOSARI,BATU
2885818940,,ODP-LWG-FC/33,-7.82064,112.678942,,,6,2,0,0,8,REGIONAL 5,MALANG,MALANG,LWG,LAWANG,,2024-03-16 23:24:20,43350,2018,9,NON TITO,,,JAWA TIMUR,0.25,GREEN,389848544,AREA 3,JATIM,MALANG,MALANG,,,0,0,0,JAWA TIMUR,MALANG,LAWANG,WONOREJO,BATU
9477044339,,ODP-LWG-FAJ/13,-7.818997,112.690189,,,5,3,0,0,8,REGIONAL 5,MALANG,MALANG,LWG,LAWANG,,2024-03-16 23:23:24,44861,2022,10,NON TITO,,,JAWA TIMUR,0.375,GREEN,1246084840,AREA 3,JATIM,MALANG,MALANG,,,0,0,0,JAWA TIMUR,MALANG,LAWANG,TURIREJO,BATU
9477044314,,ODP-LWG-FAJ/19,-7.825598,112.694901,,,6,2,0,0,8,REGIONAL 5,MALANG,MALANG,LWG,LAWANG,,2024-03-16 23:22:46,44861,2022,10,NON TITO,,,JAWA TIMUR,0.25,GREEN,1246084824,AREA 3,JATIM,MALANG,MALANG,,,0,0,0,JAWA TIMUR,MALANG,LAWANG,TURIREJO,BATU
5591369250,,ODP-BLB-FDW/23,-7.95537,112.650012,,,5,3,0,0,8,REGIONAL 5,MALANG,MALANG,BLB,BLIMBING,,2024-03-16 23:21:59,44127,2020,10,NON TITO,,,JAWA TIMUR,0.375,GREEN,855736890,AREA 3,JATIM,MALANG,MALANG,,,0,0,0,JAWA TIMUR,KOTA MALANG,BLIMBING,PURWANTORO,BATU
9468345231,,ODP-KPO-FBS/19,-7.92037,112.562504,,,6,2,0,0,8,REGIONAL 5,MALANG,BATU,KPO,KARANGPLOSO,,2024-03-16 23:25:47,44861,2022,10,NON TITO,,,JAWA TIMUR,0.25,GREEN,1246085168,AREA 3,JATIM,MALANG,MALANG,,,0,0,0,JAWA TIMUR,MALANG,DAU,SUMBERSEKAR,BATU
5591369225,,ODP-BLB-FDW/40,-7.954461,112.649312,,,5,3,0,0,8,REGIONAL 5,MALANG,MALANG,BLB,BLIMBING,,2024-03-16 23:22:16,44127,2020,10,NON TITO,,,JAWA TIMUR,0.375,GREEN,855736875,AREA 3,JATIM,MALANG,MALANG,,,0,0,0,JAWA TIMUR,KOTA MALANG,BLIMBING,PURWANTORO,BATU
9468345246,,ODP-KPO-FBS/23,-7.927467,112.529949,,,7,1,0,0,8,REGIONAL 5,MALANG,BATU,KPO,KARANGPLOSO,,2024-03-16 23:26:00,44861,2022,10,NON TITO,,,JAWA TIMUR,0.125,GREEN,1246085178,AREA 3,JATIM,MALANG,MALANG,,,0,0,0,JAWA TIMUR,MALANG,DAU,GADINGKULON,BATU
5591369060,,ODP-BLB-FDW/02,-7.954602,112.650064,,,5,3,0,0,8,REGIONAL 5,MALANG,MALANG,BLB,BLIMBING,,2024-03-16 23:28:55,44127,2020,10,NON TITO,,,JAWA TIMUR,0.375,GREEN,855736776,AREA 3,JATIM,MALANG,MALANG,,,0,0,0,JAWA TIMUR,KOTA MALANG,BLIMBING,PURWANTORO,BATU
5591369075,,ODP-BLB-FDW/32,-7.957839,112.649209,,,7,1,0,0,8,REGIONAL 5,MALANG,MALANG,BLB,BLIMBING,,2024-03-16 23:29:00,44127,2020,10,NON TITO,,,JAWA TIMUR,0.125,GREEN,855736785,AREA 3,JATIM,MALANG,MALANG,,,0,0,0,JAWA TIMUR,KOTA MALANG,BLIMBING,PURWANTORO,BATU
5591369095,,ODP-BLB-FDW/20,-7.959467,112.649676,,,5,3,0,0,8,REGIONAL 5,MALANG,MALANG,BLB,BLIMBING,,2024-03-16 23:29:08,44127,2020,10,NON TITO,,,JAWA TIMUR,0.375,GREEN,855736797,AREA 3,JATIM,MALANG,MALANG,,,0,0,0,JAWA TIMUR,KOTA MALANG,BLIMBING,PURWANTORO,BATU
5591369115,,ODP-BLB-FDW/75,-7.95889,112.648272,,,6,2,0,0,8,REGIONAL 5,MALANG,MALANG,BLB,BLIMBING,,2024-03-16 23:28:58,44127,2020,10,NON TITO,,,JAWA TIMUR,0.25,GREEN,855736809,AREA 3,JATIM,MALANG,MALANG,,,0,0,0,JAWA TIMUR,KOTA MALANG,BLIMBING,PURWANTORO,BATU
5591369125,,ODP-BLB-FDW/45,-7.95453,112.649966,,,6,2,0,0,8,REGIONAL 5,MALANG,MALANG,BLB,BLIMBING,,2024-03-16 23:28:50,44127,2020,10,NON TITO,,,JAWA TIMUR,0.25,GREEN,855736815,AREA 3,JATIM,MALANG,MALANG,,,0,0,0,JAWA TIMUR,KOTA MALANG,BLIMBING,PURWANTORO,BATU
9468345297,,ODP-KPO-FBS/27,-7.93052,112.55279,,,5,3,0,0,8,REGIONAL 5,MALANG,BATU,KPO,KARANGPLOSO,,2024-03-16 23:25:12,44861,2022,10,NON TITO,,,JAWA TIMUR,0.375,GREEN,1246085212,AREA 3,JATIM,MALANG,MALANG,,,0,0,0,JAWA TIMUR,MALANG,DAU,GADINGKULON,BATU
5591369140,,ODP-BLB-FDW/66,-7.955467,112.648961,,,6,2,0,0,8,REGIONAL 5,MALANG,MALANG,BLB,BLIMBING,,2024-03-16 23:29:16,44127,2020,10,NON TITO,,,JAWA TIMUR,0.25,GREEN,855736824,AREA 3,JATIM,MALANG,MALANG,,,0,0,0,JAWA TIMUR,KOTA MALANG,BLIMBING,PURWANTORO,BATU
9468345294,,ODP-KPO-FBS/04,-7.915404,112.56298,,,6,2,0,0,8,REGIONAL 5,MALANG,BATU,KPO,KARANGPLOSO,,2024-03-16 23:25:53,44861,2022,10,NON TITO,,,JAWA TIMUR,0.25,GREEN,1246085210,AREA 3,JATIM,MALANG,MALANG,,,0,0,0,JAWA TIMUR,MALANG,DAU,SUMBERSEKAR,BATU
9468345291,,ODP-KPO-FBS/10,-7.918994,112.56642,,,7,1,0,0,8,REGIONAL 5,MALANG,BATU,KPO,KARANGPLOSO,,2024-03-16 23:25:38,44861,2022,10,NON TITO,,,JAWA TIMUR,0.125,GREEN,1246085208,AREA 3,JATIM,MALANG,MALANG,,,0,0,0,JAWA TIMUR,MALANG,DAU,SUMBERSEKAR,BATU
5591369145,,ODP-BLB-FDW/37,-7.95505,112.649095,,,7,1,0,0,8,REGIONAL 5,MALANG,MALANG,BLB,BLIMBING,,2024-03-16 23:27:56,44127,2020,10,NON TITO,,,JAWA TIMUR,0.125,GREEN,855736827,AREA 3,JATIM,MALANG,MALANG,,,0,0,0,JAWA TIMUR,KOTA MALANG,BLIMBING,PURWANTORO,BATU
5591369155,,ODP-BLB-FDW/43,-7.954042,112.649738,,,7,1,0,0,8,REGIONAL 5,MALANG,MALANG,BLB,BLIMBING,,2024-03-16 23:29:06,44127,2020,10,NON TITO,,,JAWA TIMUR,0.125,GREEN,855736833,AREA 3,JATIM,MALANG,MALANG,,,0,0,0,JAWA TIMUR,KOTA MALANG,BLIMBING,PURWANTORO,BATU
876118672,,GCL-BLB-F08/01,-7.969919,112.65001,,,11,5,0,0,16,REGIONAL 5,MALANG,MALANG,BLB,BLIMBING,,2024-03-16 23:26:02,42619,2016,9,NON TITO,,,JAWA TIMUR,0.3125,GREEN,34451164,AREA 3,JATIM,MALANG,MALANG,,,0,0,0,JAWA TIMUR,KOTA MALANG,BLIMBING,BUNULREJO,BATU
5591369170,,ODP-BLB-FDW/63,-7.955287,112.648741,,,5,3,0,0,8,REGIONAL 5,MALANG,MALANG,BLB,BLIMBING,,2024-03-16 23:28:22,44127,2020,10,NON TITO,,,JAWA TIMUR,0.375,GREEN,855736842,AREA 3,JATIM,MALANG,MALANG,,,0,0,0,JAWA TIMUR,KOTA MALANG,BLIMBING,PURWANTORO,BATU
5591369175,,ODP-BLB-FDW/62,-7.955308,112.648645,,,6,2,0,0,8,REGIONAL 5,MALANG,MALANG,BLB,BLIMBING,,2024-03-16 23:29:01,44127,2020,10,NON TITO,,,JAWA TIMUR,0.25,GREEN,855736845,AREA 3,JATIM,MALANG,MALANG,,,0,0,0,JAWA TIMUR,KOTA MALANG,BLIMBING,PURWANTORO,BATU
9468345279,,ODP-KPO-FBS/20,-7.920513,112.564121,,,6,2,0,0,8,REGIONAL 5,MALANG,BATU,KPO,KARANGPLOSO,,2024-03-16 23:25:47,44861,2022,10,NON TITO,,,JAWA TIMUR,0.25,GREEN,1246085200,AREA 3,JATIM,MALANG,MALANG,,,0,0,0,JAWA TIMUR,MALANG,DAU,SUMBERSEKAR,BATU
9468345276,,ODP-KPO-FBS/25,-7.92928,112.549891,,,7,1,0,0,8,REGIONAL 5,MALANG,BATU,KPO,KARANGPLOSO,,2024-03-16 23:25:46,44861,2022,10,NON TITO,,,JAWA TIMUR,0.125,GREEN,1246085198,AREA 3,JATIM,MALANG,MALANG,,,0,0,0,JAWA TIMUR,MALANG,DAU,GADINGKULON,BATU
9468345273,,ODP-KPO-FBS/37,-7.921921,112.566548,,,6,2,0,0,8,REGIONAL 5,MALANG,BATU,KPO,KARANGPLOSO,,2024-03-16 23:21:04,44861,2022,10,NON TITO,,,JAWA TIMUR,0.25,GREEN,1246085196,AREA 3,JATIM,MALANG,MALANG,,,0,0,0,JAWA TIMUR,MALANG,DAU,SUMBERSEKAR,BATU
9468345264,,ODP-KPO-FBS/32,-7.93006,112.56405,,,5,3,0,0,8,REGIONAL 5,MALANG,BATU,KPO,KARANGPLOSO,,2024-03-16 23:25:18,44861,2022,10,NON TITO,,,JAWA TIMUR,0.375,GREEN,1246085190,AREA 3,JATIM,MALANG,MALANG,,,0,0,0,JAWA TIMUR,MALANG,DAU,GADINGKULON,BATU
9468345261,,ODP-KPO-FBS/28,-7.930976,112.555509,,,7,1,0,0,8,REGIONAL 5,MALANG,BATU,KPO,KARANGPLOSO,,2024-03-16 23:25:38,44861,2022,10,NON TITO,,,JAWA TIMUR,0.125,GREEN,1246085188,AREA 3,JATIM,MALANG,MALANG,,,0,0,0,JAWA TIMUR,MALANG,DAU,GADINGKULON,BATU
9468345252,,ODP-KPO-FBS/18,-7.9203,112.561279,,,6,2,0,0,8,REGIONAL 5,MALANG,BATU,KPO,KARANGPLOSO,,2024-03-16 23:25:53,44861,2022,10,NON TITO,,,JAWA TIMUR,0.25,GREEN,1246085182,AREA 3,JATIM,MALANG,MALANG,,,0,0,0,JAWA TIMUR,MALANG,DAU,SUMBERSEKAR,BATU
9468345249,,ODP-KPO-FBS/38,-7.92147,112.565952,,,5,3,0,0,8,REGIONAL 5,MALANG,BATU,KPO,KARANGPLOSO,,2024-03-16 23:25:08,44861,2022,10,NON TITO,,,JAWA TIMUR,0.375,GREEN,1246085180,AREA 3,JATIM,MALANG,MALANG,,,0,0,0,JAWA TIMUR,MALANG,DAU,SUMBERSEKAR,BATU
5597444068,,ODP-BLB-FCD/70,-7.932243,112.650036,,,5,3,0,0,8,REGIONAL 5,MALANG,MALANG,BLB,BLIMBING,,2024-03-16 23:25:40,44129,2020,10,NON TITO,,,JAWA TIMUR,0.375,GREEN,855757223,AREA 3,JATIM,MALANG,MALANG,,,0,0,0,JAWA TIMUR,KOTA MALANG,BLIMBING,POLOWIJEN,BATU
9286994483,,ODP-KPO-FW/13,-7.877153,112.580306,,,6,2,0,0,8,REGIONAL 5,MALANG,BATU,KPO,KARANGPLOSO,,2024-03-16 23:28:54,44821,2022,9,NON TITO,,,JAWA TIMUR,0.25,GREEN,1225993546,AREA 3,JATIM,MALANG,MALANG,,,0,0,0,JAWA TIMUR,MALANG,KARANGPLOSO,DONOWARIH,BATU
5597444073,,ODP-BLB-FCD/62,-7.931889,112.653367,,,6,2,0,0,8,REGIONAL 5,MALANG,MALANG,BLB,BLIMBING,,2024-03-16 23:25:06,44129,2020,10,NON TITO,,,JAWA TIMUR,0.25,GREEN,855757226,AREA 3,JATIM,MALANG,MALANG,,,0,0,0,JAWA TIMUR,KOTA MALANG,BLIMBING,ARJOSARI,BATU
2860996196,,ODP-NTG-FA/15,-7.857017,112.369559,,,5,3,0,0,8,REGIONAL 5,MALANG,BATU,NTG,NGANTANG,,2024-03-16 23:24:05,43347,2018,9,NON TITO,,,JAWA TIMUR,0.375,GREEN,389826042,AREA 3,JATIM,MALANG,MALANG,,,0,0,0,JAWA TIMUR,MALANG,NGANTANG,KAUMREJO,BATU
5555370946,,ODP-BLB-FDZ/42,-7.93731,112.65643,,,6,2,0,0,8,REGIONAL 5,MALANG,MALANG,BLB,BLIMBING,,2024-03-16 23:28:10,44131,2020,10,NON TITO,,,JAWA TIMUR,0.25,GREEN,855775230,AREA 3,JATIM,MALANG,MALANG,,,0,0,0,JAWA TIMUR,KOTA MALANG,BLIMBING,POLOWIJEN,BATU
9409768627,,ODP-BLB-FEB/52,-7.959933,112.642711,,,12,4,0,0,16,REGIONAL 5,MALANG,MALANG,BLB,BLIMBING,,2024-03-16 23:28:35,44847,2022,10,NON TITO,,,JAWA TIMUR,0.25,GREEN,1235920760,AREA 3,JATIM,MALANG,MALANG,,,0,0,0,JAWA TIMUR,KOTA MALANG,BLIMBING,PURWANTORO,BATU
5555370966,,ODP-BLB-FDZ/60,-7.939206,112.657591,,,5,3,0,0,8,REGIONAL 5,MALANG,MALANG,BLB,BLIMBING,,2024-03-16 23:28:08,44131,2020,10,NON TITO,,,JAWA TIMUR,0.375,GREEN,855775246,AREA 3,JATIM,MALANG,MALANG,,,0,0,0,JAWA TIMUR,KOTA MALANG,BLIMBING,PURWODADI,BATU
5555370971,,ODP-BLB-FDZ/49,-7.937971,112.658869,,,7,1,0,0,8,REGIONAL 5,MALANG,MALANG,BLB,BLIMBING,,2024-03-16 23:28:10,44131,2020,10,NON TITO,,,JAWA TIMUR,0.125,GREEN,855775249,AREA 3,JATIM,MALANG,MALANG,,,0,0,0,JAWA TIMUR,KOTA MALANG,BLIMBING,PANDANWANGI,BATU
9409768622,,ODP-BLB-FEB/47,-7.961241,112.644145,,,11,5,0,0,16,REGIONAL 5,MALANG,MALANG,BLB,BLIMBING,,2024-03-16 23:27:49,44847,2022,10,NON TITO,,,JAWA TIMUR,0.3125,GREEN,1235920757,AREA 3,JATIM,MALANG,MALANG,,,0,0,0,JAWA TIMUR,KOTA MALANG,BLIMBING,PURWANTORO,BATU
5555370976,,ODP-BLB-FDZ/63,-7.937382,112.660851,,,5,3,0,0,8,REGIONAL 5,MALANG,MALANG,BLB,BLIMBING,,2024-03-16 23:26:57,44131,2020,10,NON TITO,,,JAWA TIMUR,0.375,GREEN,855775253,AREA 3,JATIM,MALANG,MALANG,,,0,0,0,JAWA TIMUR,KOTA MALANG,BLIMBING,PANDANWANGI,BATU
5555370991,,ODP-BLB-FDZ/41,-7.937114,112.655982,,,5,3,0,0,8,REGIONAL 5,MALANG,MALANG,BLB,BLIMBING,,2024-03-16 23:26:54,44131,2020,10,NON TITO,,,JAWA TIMUR,0.375,GREEN,855775264,AREA 3,JATIM,MALANG,MALANG,,,0,0,0,JAWA TIMUR,KOTA MALANG,BLIMBING,POLOWIJEN,BATU
9409768592,,ODP-BLB-FEB/55,-7.958876,112.644954,,,10,6,0,0,16,REGIONAL 5,MALANG,MALANG,BLB,BLIMBING,,2024-03-16 23:25:29,44847,2022,10,NON TITO,,,JAWA TIMUR,0.375,GREEN,1235920739,AREA 3,JATIM,MALANG,MALANG,,,0,0,0,JAWA TIMUR,KOTA MALANG,BLIMBING,PURWANTORO,BATU
9409768562,,ODP-BLB-FEB/61,-7.958195,112.645732,,,12,4,0,0,16,REGIONAL 5,MALANG,MALANG,BLB,BLIMBING,,2024-03-16 23:27:22,44847,2022,10,NON TITO,,,JAWA TIMUR,0.25,GREEN,1235920721,AREA 3,JATIM,MALANG,MALANG,,,0,0,0,JAWA TIMUR,KOTA MALANG,BLIMBING,PURWANTORO,BATU
9409768632,,ODP-BLB-FEB/46,-7.96099,112.643593,,,11,5,0,0,16,REGIONAL 5,MALANG,MALANG,BLB,BLIMBING,,2024-03-16 23:27:18,44847,2022,10,NON TITO,,,JAWA TIMUR,0.3125,GREEN,1235920763,AREA 3,JATIM,MALANG,MALANG,,,0,0,0,JAWA TIMUR,KOTA MALANG,BLIMBING,PURWANTORO,BATU
5555371001,,ODP-BLB-FDZ/38,-7.937823,112.656765,,,5,3,0,0,8,REGIONAL 5,MALANG,MALANG,BLB,BLIMBING,,2024-03-16 23:28:10,44131,2020,10,NON TITO,,,JAWA TIMUR,0.375,GREEN,855775271,AREA 3,JATIM,MALANG,MALANG,,,0,0,0,JAWA TIMUR,KOTA MALANG,BLIMBING,POLOWIJEN,BATU
5555371011,,ODP-BLB-FDZ/64,-7.9372,112.660333,,,5,3,0,0,8,REGIONAL 5,MALANG,MALANG,BLB,BLIMBING,,2024-03-16 23:26:42,44131,2020,10,NON TITO,,,JAWA TIMUR,0.375,GREEN,855775279,AREA 3,JATIM,MALANG,MALANG,,,0,0,0,JAWA TIMUR,KOTA MALANG,BLIMBING,PANDANWANGI,BATU
5555371016,,ODP-BLB-FDZ/45,-7.938669,112.658707,,,5,3,0,0,8,REGIONAL 5,MALANG,MALANG,BLB,BLIMBING,,2024-03-16 23:27:18,44131,2020,10,NON TITO,,,JAWA TIMUR,0.375,GREEN,855775283,AREA 3,JATIM,MALANG,MALANG,,,0,0,0,JAWA TIMUR,KOTA MALANG,BLIMBING,PANDANWANGI,BATU
5555371021,,ODP-BLB-FDZ/11,-7.934536,112.652892,,,5,3,0,0,8,REGIONAL 5,MALANG,MALANG,BLB,BLIMBING,,2024-03-16 23:27:38,44131,2020,10,NON TITO,,,JAWA TIMUR,0.375,GREEN,855775288,AREA 3,JATIM,MALANG,MALANG,,,0,0,0,JAWA TIMUR,KOTA MALANG,BLIMBING,POLOWIJEN,BATU
9403618999,,ODP-LWG-FB/04,-7.866392,112.690937,,,0,2,6,0,8,REGIONAL 5,MALANG,MALANG,LWG,LAWANG,,2024-03-16 23:22:38,44846,2022,10,NON TITO,,,JAWA TIMUR,0.25,GREEN,1234723840,AREA 3,JATIM,MALANG,MALANG,,,0,0,0,JAWA TIMUR,MALANG,LAWANG,BEDALI,BATU
1004669890,,ODP-KPO-FBC/05,-7.926992,112.582844,,,14,2,0,0,16,REGIONAL 5,MALANG,BATU,KPO,KARANGPLOSO,,2024-03-16 23:28:13,42665,2016,10,NON TITO,,,JAWA TIMUR,0.125,GREEN,36762685,AREA 3,JATIM,MALANG,MALANG,,,0,0,0,JAWA TIMUR,MALANG,DAU,LANDUNGSARI,BATU
1004670338,,ODP-KPO-FBC/01,-7.928315,112.582455,,,11,5,0,0,16,REGIONAL 5,MALANG,BATU,KPO,KARANGPLOSO,,2024-03-16 23:28:10,42665,2016,10,NON TITO,,,JAWA TIMUR,0.3125,GREEN,36762831,AREA 3,JATIM,MALANG,MALANG,,,0,0,0,JAWA TIMUR,MALANG,DAU,LANDUNGSARI,BATU
5555371026,,ODP-BLB-FDZ/54,-7.939258,112.660304,,,6,2,0,0,8,REGIONAL 5,MALANG,MALANG,BLB,BLIMBING,,2024-03-16 23:27:14,44131,2020,10,NON TITO,,,JAWA TIMUR,0.25,GREEN,855775291,AREA 3,JATIM,MALANG,MALANG,,,0,0,0,JAWA TIMUR,KOTA MALANG,BLIMBING,PANDANWANGI,BATU
5555371031,,ODP-BLB-FDZ/76,-7.936717,112.658457,,,7,1,0,0,8,REGIONAL 5,MALANG,MALANG,BLB,BLIMBING,,2024-03-16 23:28:07,44131,2020,10,NON TITO,,,JAWA TIMUR,0.125,GREEN,855775296,AREA 3,JATIM,MALANG,MALANG,,,0,0,0,JAWA TIMUR,KOTA MALANG,BLIMBING,PANDANWANGI,BATU
5555371046,,ODP-BLB-FDZ/18,-7.936463,112.657769,,,7,1,0,0,8,REGIONAL 5,MALANG,MALANG,BLB,BLIMBING,,2024-03-16 23:28:07,44131,2020,10,NON TITO,,,JAWA TIMUR,0.125,GREEN,855775306,AREA 3,JATIM,MALANG,MALANG,,,0,0,0,JAWA TIMUR,KOTA MALANG,BLIMBING,POLOWIJEN,BATU
5555371006,,ODP-BLB-FDZ/24,-7.935877,112.651636,,,6,2,0,0,8,REGIONAL 5,MALANG,MALANG,BLB,BLIMBING,,2024-03-16 23:28:14,44131,2020,10,NON TITO,,,JAWA TIMUR,0.25,GREEN,855775276,AREA 3,JATIM,MALANG,MALANG,,,0,0,0,JAWA TIMUR,KOTA MALANG,BLIMBING,PURWODADI,BATU
5555370941,,ODP-BLB-FDZ/40,-7.937359,112.655898,,,5,3,0,0,8,REGIONAL 5,MALANG,MALANG,BLB,BLIMBING,,2024-03-16 23:27:38,44131,2020,10,NON TITO,,,JAWA TIMUR,0.375,GREEN,855775226,AREA 3,JATIM,MALANG,MALANG,,,0,0,0,JAWA TIMUR,KOTA MALANG,BLIMBING,POLOWIJEN,BATU
5248619586,,ODP-BLB-FDP/23,-7.935019,112.646006,,,5,3,0,0,8,REGIONAL 5,MALANG,MALANG,BLB,BLIMBING,,2024-03-16 23:22:17,44041,2020,7,NON TITO,,,JAWA TIMUR,0.375,GREEN,833600772,AREA 3,JATIM,MALANG,MALANG,,,0,0,0,JAWA TIMUR,KOTA MALANG,BLIMBING,PURWODADI,BATU
2847944433,,ODP-LWG-FT/07,-7.859549,112.711915,,,11,5,0,0,16,REGIONAL 5,MALANG,MALANG,LWG,LAWANG,,2024-03-16 23:28:14,43337,2018,8,NON TITO,,,JAWA TIMUR,0.3125,GREEN,389585350,AREA 3,JATIM,MALANG,MALANG,,,0,0,0,JAWA TIMUR,MALANG,LAWANG,SIDODADI,BATU
5597444093,,ODP-BLB-FCD/68,-7.932673,112.651115,,,6,2,0,0,8,REGIONAL 5,MALANG,MALANG,BLB,BLIMBING,,2024-03-16 23:25:30,44129,2020,10,NON TITO,,,JAWA TIMUR,0.25,GREEN,855757238,AREA 3,JATIM,MALANG,MALANG,,,0,0,0,JAWA TIMUR,KOTA MALANG,BLIMBING,ARJOSARI,BATU
2864518828,,ODP-PKS-FB/47,-7.950034,112.729682,,,7,1,0,0,8,REGIONAL 5,MALANG,MALANG,PKS,PAKIS,,2024-03-16 23:28:50,43346,2018,9,NON TITO,,,JAWA TIMUR,0.125,GREEN,389632933,AREA 3,JATIM,MALANG,MALANG,,,0,0,0,JAWA TIMUR,MALANG,PAKIS,PAKISJAJAR,BATU
5597444108,,ODP-BLB-FCD/65,-7.932779,112.65248,,,5,3,0,0,8,REGIONAL 5,MALANG,MALANG,BLB,BLIMBING,,2024-03-16 23:25:05,44129,2020,10,NON TITO,,,JAWA TIMUR,0.375,GREEN,855757247,AREA 3,JATIM,MALANG,MALANG,,,0,0,0,JAWA TIMUR,KOTA MALANG,BLIMBING,ARJOSARI,BATU
5597444113,,ODP-BLB-FCD/87,-7.933681,112.657018,,,6,2,0,0,8,REGIONAL 5,MALANG,MALANG,BLB,BLIMBING,,2024-03-16 23:24:53,44129,2020,10,NON TITO,,,JAWA TIMUR,0.25,GREEN,855757250,AREA 3,JATIM,MALANG,MALANG,,,0,0,0,JAWA TIMUR,KOTA MALANG,BLIMBING,ARJOSARI,BATU
5548100874,,ODP-BLB-FBQ/42,-7.944317,112.649218,,,5,3,0,0,8,REGIONAL 5,MALANG,MALANG,BLB,BLIMBING,,2024-03-16 23:27:08,44129,2020,10,NON TITO,,,JAWA TIMUR,0.375,GREEN,855757705,AREA 3,JATIM,MALANG,MALANG,,,0,0,0,JAWA TIMUR,KOTA MALANG,BLIMBING,BLIMBING,BATU
5548100934,,ODP-BLB-FBQ/52,-7.946952,112.654252,,,5,3,0,0,8,REGIONAL 5,MALANG,MALANG,BLB,BLIMBING,,2024-03-16 23:28:15,44129,2020,10,NON TITO,,,JAWA TIMUR,0.375,GREEN,855757741,AREA 3,JATIM,MALANG,MALANG,,,0,0,0,JAWA TIMUR,KOTA MALANG,BLIMBING,PANDANWANGI,BATU
9468493824,,ODP-LWG-FAH/12,-7.816187,112.66818,,,6,1,0,0,8,REGIONAL 5,MALANG,MALANG,LWG,LAWANG,,2024-03-16 23:22:27,44860,2022,10,NON TITO,,,JAWA TIMUR,0.125,GREEN,1246076007,AREA 3,JATIM,MALANG,MALANG,,,0,0,0,JAWA TIMUR,MALANG,LAWANG,WONOREJO,BATU
5555370861,,ODP-BLB-FDZ/04,-7.933826,112.65207,,,5,3,0,0,8,REGIONAL 5,MALANG,MALANG,BLB,BLIMBING,,2024-03-16 23:27:07,44131,2020,10,NON TITO,,,JAWA TIMUR,0.375,GREEN,855775168,AREA 3,JATIM,MALANG,MALANG,,,0,0,0,JAWA TIMUR,KOTA MALANG,BLIMBING,POLOWIJEN,BATU
5555370871,,ODP-BLB-FDZ/09,-7.934589,112.65359,,,7,1,0,0,8,REGIONAL 5,MALANG,MALANG,BLB,BLIMBING,,2024-03-16 23:28:22,44131,2020,10,NON TITO,,,JAWA TIMUR,0.125,GREEN,855775176,AREA 3,JATIM,MALANG,MALANG,,,0,0,0,JAWA TIMUR,KOTA MALANG,BLIMBING,POLOWIJEN,BATU
9468493814,,ODP-LWG-FAH/10,-7.82079,112.66656,,,7,1,0,0,8,REGIONAL 5,MALANG,MALANG,LWG,LAWANG,,2024-03-16 23:22:24,44860,2022,10,NON TITO,,,JAWA TIMUR,0.125,GREEN,1246076000,AREA 3,JATIM,MALANG,MALANG,,,0,0,0,JAWA TIMUR,MALANG,LAWANG,WONOREJO,BATU
5555370886,,ODP-BLB-FDZ/15,-7.937112,112.657097,,,6,2,0,0,8,REGIONAL 5,MALANG,MALANG,BLB,BLIMBING,,2024-03-16 23:27:59,44131,2020,10,NON TITO,,,JAWA TIMUR,0.25,GREEN,855775186,AREA 3,JATIM,MALANG,MALANG,,,0,0,0,JAWA TIMUR,KOTA MALANG,BLIMBING,POLOWIJEN,BATU
931243720,,ODP-BLB-FBV/06,-7.946203,112.649625,,,10,6,0,0,16,REGIONAL 5,MALANG,MALANG,BLB,BLIMBING,,2024-03-16 23:27:39,42633,2016,9,NON TITO,,,JAWA TIMUR,0.375,GREEN,35687769,AREA 3,JATIM,MALANG,MALANG,,,0,0,0,JAWA TIMUR,KOTA MALANG,BLIMBING,BLIMBING,BATU
5555370891,,ODP-BLB-FDZ/07,-7.9353,112.654984,,,5,3,0,0,8,REGIONAL 5,MALANG,MALANG,BLB,BLIMBING,,2024-03-16 23:28:08,44131,2020,10,NON TITO,,,JAWA TIMUR,0.375,GREEN,855775190,AREA 3,JATIM,MALANG,MALANG,,,0,0,0,JAWA TIMUR,KOTA MALANG,BLIMBING,POLOWIJEN,BATU
9468493809,,ODP-LWG-FAH/02,-7.807462,112.65023,,,7,1,0,0,8,REGIONAL 5,MALANG,MALANG,LWG,LAWANG,,2024-03-16 23:22:21,44860,2022,10,NON TITO,,,JAWA TIMUR,0.125,GREEN,1246075997,AREA 3,JATIM,MALANG,MALANG,,,0,0,0,JAWA TIMUR,MALANG,LAWANG,WONOREJO,BATU
5555370906,,ODP-BLB-FDZ/46,-7.938328,112.658611,,,6,2,0,0,8,REGIONAL 5,MALANG,MALANG,BLB,BLIMBING,,2024-03-16 23:28:05,44131,2020,10,NON TITO,,,JAWA TIMUR,0.25,GREEN,855775200,AREA 3,JATIM,MALANG,MALANG,,,0,0,0,JAWA TIMUR,KOTA MALANG,BLIMBING,PANDANWANGI,BATU
9468493804,,ODP-LWG-FAH/03,-7.807326,112.652493,,,6,2,0,0,8,REGIONAL 5,MALANG,MALANG,LWG,LAWANG,,2024-03-16 23:22:24,44860,2022,10,NON TITO,,,JAWA TIMUR,0.25,GREEN,1246075994,AREA 3,JATIM,MALANG,MALANG,,,0,0,0,JAWA TIMUR,MALANG,LAWANG,WONOREJO,BATU
9468493794,,ODP-LWG-FAH/11,-7.819843,112.664818,,,5,3,0,0,8,REGIONAL 5,MALANG,MALANG,LWG,LAWANG,,2024-03-16 23:22:24,44860,2022,10,NON TITO,,,JAWA TIMUR,0.375,GREEN,1246075988,AREA 3,JATIM,MALANG,MALANG,,,0,0,0,JAWA TIMUR,MALANG,LAWANG,WONOREJO,BATU
9468493789,,ODP-LWG-FAH/05,-7.809021,112.65658,,,7,1,0,0,8,REGIONAL 5,MALANG,MALANG,LWG,LAWANG,,2024-03-16 23:21:25,44860,2022,10,NON TITO,,,JAWA TIMUR,0.125,GREEN,1246075984,AREA 3,JATIM,MALANG,MALANG,,,0,0,0,JAWA TIMUR,MALANG,LAWANG,WONOREJO,BATU
5555370911,,ODP-BLB-FDZ/30,-7.937096,112.654542,,,7,1,0,0,8,REGIONAL 5,MALANG,MALANG,BLB,BLIMBING,,2024-03-16 23:21:09,44131,2020,10,NON TITO,,,JAWA TIMUR,0.125,GREEN,855775204,AREA 3,JATIM,MALANG,MALANG,,,0,0,0,JAWA TIMUR,KOTA MALANG,BLIMBING,POLOWIJEN,BATU
9411269625,,ODP-PKS-FW/70,-7.948093,112.762788,,,5,3,0,0,8,REGIONAL 5,MALANG,MALANG,PKS,PAKIS,,2024-03-16 23:27:19,44849,2022,10,NON TITO,,,JAWA TIMUR,0.375,GREEN,1241332461,AREA 3,JATIM,MALANG,MALANG,,,0,0,0,JAWA TIMUR,MALANG,JABUNG,ARGOSARI,BATU
955694362,,ODP-TMP-FC/01,-8.020192,112.765663,,,12,4,0,0,16,REGIONAL 5,MALANG,MALANG,TMP,TUMPANG,,2024-03-16 23:24:54,42642,2016,9,NON TITO,,,JAWA TIMUR,0.25,GREEN,36066826,AREA 3,JATIM,MALANG,MALANG,,,0,0,0,JAWA TIMUR,MALANG,TUMPANG,TULUSBESAR,BATU
5597444083,,ODP-BLB-FCD/73,-7.930456,112.650796,,,7,1,0,0,8,REGIONAL 5,MALANG,MALANG,BLB,BLIMBING,,2024-03-16 23:25:30,44129,2020,10,NON TITO,,,JAWA TIMUR,0.125,GREEN,855757232,AREA 3,JATIM,MALANG,MALANG,,,0,0,0,JAWA TIMUR,KOTA MALANG,BLIMBING,POLOWIJEN,BATU
5597369545,,ODP-BLB-FDW/105,-7.955042,112.652399,,,6,2,0,0,8,REGIONAL 5,MALANG,MALANG,BLB,BLIMBING,,2024-03-16 23:23:38,44133,2020,10,NON TITO,,,JAWA TIMUR,0.25,GREEN,855890944,AREA 3,JATIM,MALANG,MALANG,,,0,0,0,JAWA TIMUR,KOTA MALANG,BLIMBING,PURWANTORO,BATU
5597369550,,ODP-BLB-FDW/108,-7.95437,112.652512,,,6,2,0,0,8,REGIONAL 5,MALANG,MALANG,BLB,BLIMBING,,2024-03-16 23:23:35,44133,2020,10,NON TITO,,,JAWA TIMUR,0.25,GREEN,855890948,AREA 3,JATIM,MALANG,MALANG,,,0,0,0,JAWA TIMUR,KOTA MALANG,BLIMBING,PURWANTORO,BATU
1074122839,,ODP-BTU-FH/33,-7.864515,112.515079,,,11,5,0,0,16,REGIONAL 5,MALANG,BATU,BTU,BATU,,2024-03-16 23:26:52,42698,2016,11,NON TITO,,,JAWA TIMUR,0.3125,GREEN,38675887,AREA 3,JATIM,MALANG,MALANG,,,0,0,0,JAWA TIMUR,KOTA BATU,BATU,PESANGGRAHAN,BATU
5671018598,,ODP-LWG-FX/30,-7.834785,112.689699,,,6,2,0,0,8,REGIONAL 5,MALANG,MALANG,LWG,LAWANG,,2024-03-16 23:22:59,44145,2020,11,NON TITO,,,JAWA TIMUR,0.25,GREEN,856558954,AREA 3,JATIM,MALANG,MALANG,,,0,0,0,JAWA TIMUR,MALANG,LAWANG,LAWANG,BATU
5673869477,,ODP-BLB-FBN/61,-7.949472,112.662053,,,5,3,0,0,8,REGIONAL 5,MALANG,MALANG,BLB,BLIMBING,,2024-03-16 23:23:24,44146,2020,11,NON TITO,,,JAWA TIMUR,0.375,GREEN,856593938,AREA 3,JATIM,MALANG,MALANG,,,0,0,0,JAWA TIMUR,KOTA MALANG,BLIMBING,PANDANWANGI,BATU
9188968630,,ODP-SGS-FAJ/09,-7.864573,112.68368,,,7,1,0,0,8,REGIONAL 5,MALANG,MALANG,SGS,SINGOSARI,,2024-03-16 23:27:09,44800,2022,8,NON TITO,,,JAWA TIMUR,0.125,GREEN,1210012385,AREA 3,JATIM,MALANG,MALANG,,,0,0,0,JAWA TIMUR,MALANG,SINGOSARI,RANDUAGUNG,BATU
1145071528,,ODP-LWG-FG/14,-7.826505,112.702832,,,11,5,0,0,16,REGIONAL 5,MALANG,MALANG,LWG,LAWANG,,2024-03-16 23:22:43,42762,2017,1,NON TITO,,,JAWA TIMUR,0.3125,GREEN,39598612,AREA 3,JATIM,MALANG,MALANG,,,0,0,0,JAWA TIMUR,MALANG,LAWANG,TURIREJO,BATU
1145071529,,ODP-LWG-FG/13,-7.827372,112.702245,,,11,4,0,0,16,REGIONAL 5,MALANG,MALANG,LWG,LAWANG,,2024-03-16 23:22:43,42762,2017,1,NON TITO,,,JAWA TIMUR,0.25,GREEN,39598615,AREA 3,JATIM,MALANG,MALANG,,,0,0,0,JAWA TIMUR,MALANG,LAWANG,TURIREJO,BATU
5661869349,,ODP-BLB-FCF/59,-7.940144,112.621268,,,5,3,0,0,8,REGIONAL 5,MALANG,MALANG,BLB,BLIMBING,,2024-03-16 23:27:38,44150,2020,11,NON TITO,,,JAWA TIMUR,0.375,GREEN,856776498,AREA 3,JATIM,MALANG,MALANG,,,0,0,0,JAWA TIMUR,KOTA MALANG,LOWOKWARU,TULUSREJO,BATU
5661869352,,ODP-BLB-FCF/39,-7.938926,112.622139,,,7,1,0,0,8,REGIONAL 5,MALANG,MALANG,BLB,BLIMBING,,2024-03-16 23:26:43,44150,2020,11,NON TITO,,,JAWA TIMUR,0.125,GREEN,856776500,AREA 3,JATIM,MALANG,MALANG,,,0,0,0,JAWA TIMUR,KOTA MALANG,LOWOKWARU,TULUSREJO,BATU
5661869355,,ODP-BLB-FCF/56,-7.940524,112.620676,,,5,3,0,0,8,REGIONAL 5,MALANG,MALANG,BLB,BLIMBING,,2024-03-16 23:27:41,44150,2020,11,NON TITO,,,JAWA TIMUR,0.375,GREEN,856776502,AREA 3,JATIM,MALANG,MALANG,,,0,0,0,JAWA TIMUR,KOTA MALANG,LOWOKWARU,JATIMULYO,BATU
9160995459,,ODP-SGS-FAH/27,-7.868413,112.680561,,,5,3,0,0,8,REGIONAL 5,MALANG,MALANG,SGS,SINGOSARI,,2024-03-16 23:25:32,44798,2022,8,NON TITO,,,JAWA TIMUR,0.375,GREEN,1209999869,AREA 3,JATIM,MALANG,MALANG,,,0,0,0,JAWA TIMUR,MALANG,SINGOSARI,RANDUAGUNG,BATU
9197893541,,ODP-SGS-FAJ/22,-7.889149,112.669314,,,6,2,0,0,8,REGIONAL 5,MALANG,MALANG,SGS,SINGOSARI,,2024-03-16 23:23:36,44801,2022,8,NON TITO,,,JAWA TIMUR,0.25,GREEN,1210023129,AREA 3,JATIM,MALANG,MALANG,,,0,0,0,JAWA TIMUR,MALANG,SINGOSARI,LOSARI,BATU
9160995439,,ODP-SGS-FAH/22,-7.874501,112.677686,,,7,1,0,0,8,REGIONAL 5,MALANG,MALANG,SGS,SINGOSARI,,2024-03-16 23:25:33,44798,2022,8,NON TITO,,,JAWA TIMUR,0.125,GREEN,1209999857,AREA 3,JATIM,MALANG,MALANG,,,0,0,0,JAWA TIMUR,MALANG,SINGOSARI,ARDIMULYO,BATU
5661869382,,ODP-BLB-FCF/54,-7.939164,112.619808,,,7,1,0,0,8,REGIONAL 5,MALANG,MALANG,BLB,BLIMBING,,2024-03-16 23:27:50,44150,2020,11,NON TITO,,,JAWA TIMUR,0.125,GREEN,856776520,AREA 3,JATIM,MALANG,MALANG,,,0,0,0,JAWA TIMUR,KOTA MALANG,LOWOKWARU,TULUSREJO,BATU
9160545206,,ODP-SGS-FAB/70,-7.886277,112.662682,,,6,2,0,0,8,REGIONAL 5,MALANG,MALANG,SGS,SINGOSARI,,2024-03-16 23:27:23,44798,2022,8,NON TITO,,,JAWA TIMUR,0.25,GREEN,1209991406,AREA 3,JATIM,MALANG,MALANG,,,0,0,0,JAWA TIMUR,MALANG,SINGOSARI,CANDIRENGGO,BATU
9170818528,,ODP-KPO-FBF/90,-7.907035,112.563825,,,5,3,0,0,8,REGIONAL 5,MALANG,BATU,KPO,KARANGPLOSO,,2024-03-16 23:25:16,44798,2022,8,NON TITO,,,JAWA TIMUR,0.375,GREEN,1209990085,AREA 3,JATIM,MALANG,MALANG,,,0,0,0,JAWA TIMUR,KOTA BATU,JUNREJO,MOJOREJO,BATU
5693368544,,ODP-SGS-FN/70,-7.893062,112.672438,,,5,3,0,0,8,REGIONAL 5,MALANG,MALANG,SGS,SINGOSARI,,2024-03-16 23:26:01,44154,2020,11,NON TITO,,,JAWA TIMUR,0.375,GREEN,856818603,AREA 3,JATIM,MALANG,MALANG,,,0,0,0,JAWA TIMUR,MALANG,SINGOSARI,LOSARI,BATU
5687519547,,ODP-BLB-FDW/187,-7.95416,112.646362,,,5,3,0,0,8,REGIONAL 5,MALANG,MALANG,BLB,BLIMBING,,2024-03-16 23:29:08,44154,2020,11,NON TITO,,,JAWA TIMUR,0.375,GREEN,856835528,AREA 3,JATIM,MALANG,MALANG,,,0,0,0,JAWA TIMUR,KOTA MALANG,BLIMBING,PURWANTORO,BATU
5696368858,,ODP-BLB-FDU/38,-7.944155,112.650291,,,5,3,0,0,8,REGIONAL 5,MALANG,MALANG,BLB,BLIMBING,,2024-03-16 23:22:48,44155,2020,11,NON TITO,,,JAWA TIMUR,0.375,GREEN,856925167,AREA 3,JATIM,MALANG,MALANG,,,0,0,0,JAWA TIMUR,KOTA MALANG,BLIMBING,BLIMBING,BATU
1150627740,,ODP-BTU-FV/05,-7.876556,112.52792,,,12,4,0,0,16,REGIONAL 5,MALANG,BATU,BTU,BATU,,2024-03-16 23:27:49,42760,2017,1,NON TITO,,,JAWA TIMUR,0.25,GREEN,39724392,AREA 3,JATIM,MALANG,MALANG,,,0,0,0,JAWA TIMUR,KOTA BATU,BATU,SISIR,BATU
2573893588,,ODP-KPO-FBF/55,-7.914893,112.564207,,,11,5,0,0,16,REGIONAL 5,MALANG,BATU,KPO,KARANGPLOSO,,2024-03-16 23:26:22,43246,2018,5,NON TITO,,,JAWA TIMUR,0.3125,GREEN,356715075,AREA 3,JATIM,MALANG,MALANG,,,0,0,0,JAWA TIMUR,MALANG,DAU,SUMBERSEKAR,BATU
2573893573,,ODP-KPO-FBF/63,-7.912979,112.560869,,,5,3,0,0,8,REGIONAL 5,MALANG,BATU,KPO,KARANGPLOSO,,2024-03-16 23:26:11,43246,2018,5,NON TITO,,,JAWA TIMUR,0.375,GREEN,356715057,AREA 3,JATIM,MALANG,MALANG,,,0,0,0,JAWA TIMUR,KOTA BATU,JUNREJO,JUNREJO,BATU
9160995404,,ODP-SGS-FAH/25,-7.869723,112.679332,,,7,1,0,0,8,REGIONAL 5,MALANG,MALANG,SGS,SINGOSARI,,2024-03-16 23:24:51,44798,2022,8,NON TITO,,,JAWA TIMUR,0.125,GREEN,1209999836,AREA 3,JATIM,MALANG,MALANG,,,0,0,0,JAWA TIMUR,MALANG,SINGOSARI,RANDUAGUNG,BATU
2585294194,,ODP-KPO-FBF/67,-7.919359,112.56762,,,5,3,0,0,8,REGIONAL 5,MALANG,BATU,KPO,KARANGPLOSO,,2024-03-16 23:26:19,43251,2018,5,NON TITO,,,JAWA TIMUR,0.375,GREEN,356868982,AREA 3,JATIM,MALANG,MALANG,,,0,0,0,JAWA TIMUR,MALANG,DAU,SUMBERSEKAR,BATU
2594968553,,ODP-KPO-FJ/08,-7.90103,112.625953,,,12,4,0,0,16,REGIONAL 5,MALANG,BATU,KPO,KARANGPLOSO,,2024-03-16 23:22:23,43254,2018,6,NON TITO,,,JAWA TIMUR,0.25,GREEN,357463491,AREA 3,JATIM,MALANG,MALANG,,,0,0,0,JAWA TIMUR,MALANG,KARANGPLOSO,NGENEP,BATU
5656469052,,ODP-BLB-FDQ/35,-7.933043,112.660125,,,5,3,0,0,8,REGIONAL 5,MALANG,MALANG,BLB,BLIMBING,,2024-03-16 23:28:36,44144,2020,11,NON TITO,,,JAWA TIMUR,0.375,GREEN,856555876,AREA 3,JATIM,MALANG,MALANG,,,0,0,0,JAWA TIMUR,KOTA MALANG,BLIMBING,ARJOSARI,BATU
5656468806,,ODP-BLB-FDQ/71,-7.932801,112.662074,,,6,2,0,0,8,REGIONAL 5,MALANG,MALANG,BLB,BLIMBING,,2024-03-16 23:28:41,44144,2020,11,NON TITO,,,JAWA TIMUR,0.25,GREEN,856555702,AREA 3,JATIM,MALANG,MALANG,,,0,0,0,JAWA TIMUR,KOTA MALANG,BLIMBING,ARJOSARI,BATU
5656468816,,ODP-BLB-FDQ/43,-7.931644,112.662164,,,6,2,0,0,8,REGIONAL 5,MALANG,MALANG,BLB,BLIMBING,,2024-03-16 23:28:39,44144,2020,11,NON TITO,,,JAWA TIMUR,0.25,GREEN,856555708,AREA 3,JATIM,MALANG,MALANG,,,0,0,0,JAWA TIMUR,KOTA MALANG,BLIMBING,ARJOSARI,BATU
5656468864,,ODP-BLB-FDQ/70,-7.932901,112.66196,,,7,1,0,0,8,REGIONAL 5,MALANG,MALANG,BLB,BLIMBING,,2024-03-16 23:28:32,44144,2020,11,NON TITO,,,JAWA TIMUR,0.125,GREEN,856555738,AREA 3,JATIM,MALANG,MALANG,,,0,0,0,JAWA TIMUR,KOTA MALANG,BLIMBING,ARJOSARI,BATU
9205693661,,ODP-LWG-FAB/06,-7.858054,112.682298,,,5,3,0,0,8,REGIONAL 5,MALANG,MALANG,LWG,LAWANG,,2024-03-16 23:24:03,44803,2022,8,NON TITO,,,JAWA TIMUR,0.375,GREEN,1210041224,AREA 3,JATIM,MALANG,MALANG,,,0,0,0,JAWA TIMUR,MALANG,SINGOSARI,RANDUAGUNG,BATU
9205693656,,ODP-LWG-FAB/02,-7.853735,112.674323,,,6,2,0,0,8,REGIONAL 5,MALANG,MALANG,LWG,LAWANG,,2024-03-16 23:24:48,44803,2022,8,NON TITO,,,JAWA TIMUR,0.25,GREEN,1210041221,AREA 3,JATIM,MALANG,MALANG,,,0,0,0,JAWA TIMUR,MALANG,SINGOSARI,RANDUAGUNG,BATU
9205693651,,ODP-LWG-FAB/04,-7.856128,112.681076,,,5,3,0,0,8,REGIONAL 5,MALANG,MALANG,LWG,LAWANG,,2024-03-16 23:24:45,44803,2022,8,NON TITO,,,JAWA TIMUR,0.375,GREEN,1210041218,AREA 3,JATIM,MALANG,MALANG,,,0,0,0,JAWA TIMUR,MALANG,SINGOSARI,RANDUAGUNG,BATU
9205693646,,ODP-LWG-FAB/07,-7.858378,112.683467,,,7,1,0,0,8,REGIONAL 5,MALANG,MALANG,LWG,LAWANG,,2024-03-16 23:24:23,44803,2022,8,NON TITO,,,JAWA TIMUR,0.125,GREEN,1210041211,AREA 3,JATIM,MALANG,MALANG,,,0,0,0,JAWA TIMUR,MALANG,SINGOSARI,RANDUAGUNG,BATU
9205693641,,ODP-LWG-FAB/01,-7.852689,112.671824,,,6,2,0,0,8,REGIONAL 5,MALANG,MALANG,LWG,LAWANG,,2024-03-16 23:24:49,44803,2022,8,NON TITO,,,JAWA TIMUR,0.25,GREEN,1210041207,AREA 3,JATIM,MALANG,MALANG,,,0,0,0,JAWA TIMUR,MALANG,SINGOSARI,RANDUAGUNG,BATU
5656468907,,ODP-BLB-FDQ/67,-7.933166,112.661648,,,5,3,0,0,8,REGIONAL 5,MALANG,MALANG,BLB,BLIMBING,,2024-03-16 23:28:14,44144,2020,11,NON TITO,,,JAWA TIMUR,0.375,GREEN,856555767,AREA 3,JATIM,MALANG,MALANG,,,0,0,0,JAWA TIMUR,KOTA MALANG,BLIMBING,ARJOSARI,BATU
2604272895,,ODP-SGS-FU/03,-7.864122,112.678987,,,13,3,0,0,16,REGIONAL 5,MALANG,MALANG,SGS,SINGOSARI,,2024-03-16 23:21:07,43257,2018,6,NON TITO,,,JAWA TIMUR,0.1875,GREEN,361385028,AREA 3,JATIM,MALANG,MALANG,,,0,0,0,JAWA TIMUR,MALANG,SINGOSARI,RANDUAGUNG,BATU
5656468917,,ODP-BLB-FDQ/21,-7.930909,112.652774,,,6,2,0,0,8,REGIONAL 5,MALANG,MALANG,BLB,BLIMBING,,2024-03-16 23:27:24,44144,2020,11,NON TITO,,,JAWA TIMUR,0.25,GREEN,856555774,AREA 3,JATIM,MALANG,MALANG,,,0,0,0,JAWA TIMUR,KOTA MALANG,BLIMBING,ARJOSARI,BATU
5656468922,,ODP-BLB-FDQ/69,-7.933134,112.661865,,,7,1,0,0,8,REGIONAL 5,MALANG,MALANG,BLB,BLIMBING,,2024-03-16 23:28:30,44144,2020,11,NON TITO,,,JAWA TIMUR,0.125,GREEN,856555777,AREA 3,JATIM,MALANG,MALANG,,,0,0,0,JAWA TIMUR,KOTA MALANG,BLIMBING,ARJOSARI,BATU
9197893611,,ODP-SGS-FAJ/29,-7.886447,112.670979,,,6,2,0,0,8,REGIONAL 5,MALANG,MALANG,SGS,SINGOSARI,,2024-03-16 23:22:35,44801,2022,8,NON TITO,,,JAWA TIMUR,0.25,GREEN,1210023172,AREA 3,JATIM,MALANG,MALANG,,,0,0,0,JAWA TIMUR,MALANG,SINGOSARI,LOSARI,BATU
9197893606,,ODP-SGS-FAJ/19,-7.893171,112.672655,,,6,2,0,0,8,REGIONAL 5,MALANG,MALANG,SGS,SINGOSARI,,2024-03-16 23:23:36,44801,2022,8,NON TITO,,,JAWA TIMUR,0.25,GREEN,1210023169,AREA 3,JATIM,MALANG,MALANG,,,0,0,0,JAWA TIMUR,MALANG,SINGOSARI,LOSARI,BATU
9197893601,,ODP-SGS-FAJ/23,-7.88858,112.679188,,,7,1,0,0,8,REGIONAL 5,MALANG,MALANG,SGS,SINGOSARI,,2024-03-16 23:23:35,44801,2022,8,NON TITO,,,JAWA TIMUR,0.125,GREEN,1210023166,AREA 3,JATIM,MALANG,MALANG,,,0,0,0,JAWA TIMUR,MALANG,SINGOSARI,LOSARI,BATU
9197893591,,ODP-SGS-FAJ/24,-7.88669,112.675757,,,6,2,0,0,8,REGIONAL 5,MALANG,MALANG,SGS,SINGOSARI,,2024-03-16 23:21:49,44801,2022,8,NON TITO,,,JAWA TIMUR,0.25,GREEN,1210023160,AREA 3,JATIM,MALANG,MALANG,,,0,0,0,JAWA TIMUR,MALANG,SINGOSARI,LOSARI,BATU
5656469027,,ODP-BLB-FDQ/26,-7.934283,112.661342,,,6,2,0,0,8,REGIONAL 5,MALANG,MALANG,BLB,BLIMBING,,2024-03-16 23:27:13,44144,2020,11,NON TITO,,,JAWA TIMUR,0.25,GREEN,856555859,AREA 3,JATIM,MALANG,MALANG,,,0,0,0,JAWA TIMUR,KOTA MALANG,BLIMBING,ARJOSARI,BATU
9197893576,,ODP-SGS-FAJ/26,-7.887484,112.674066,,,5,3,0,0,8,REGIONAL 5,MALANG,MALANG,SGS,SINGOSARI,,2024-03-16 23:23:01,44801,2022,8,NON TITO,,,JAWA TIMUR,0.375,GREEN,1210023151,AREA 3,JATIM,MALANG,MALANG,,,0,0,0,JAWA TIMUR,MALANG,SINGOSARI,LOSARI,BATU
9197893571,,ODP-SGS-FAJ/25,-7.889424,112.678704,,,5,3,0,0,8,REGIONAL 5,MALANG,MALANG,SGS,SINGOSARI,,2024-03-16 23:23:37,44801,2022,8,NON TITO,,,JAWA TIMUR,0.375,GREEN,1210023148,AREA 3,JATIM,MALANG,MALANG,,,0,0,0,JAWA TIMUR,MALANG,SINGOSARI,LOSARI,BATU
2574196039,,ODP-NTG-FA/05,-7.853115,112.368601,,,6,2,0,0,8,REGIONAL 5,MALANG,BATU,NTG,NGANTANG,,2024-03-16 23:28:16,43255,2018,6,NON TITO,,,JAWA TIMUR,0.25,GREEN,361365547,AREA 3,JATIM,MALANG,MALANG,,,0,0,0,JAWA TIMUR,MALANG,NGANTANG,KAUMREJO,BATU
2606969744,,ODP-SGS-FL/02,-7.892445,112.659736,,,10,6,0,0,16,REGIONAL 5,MALANG,MALANG,SGS,SINGOSARI,,2024-03-16 23:26:10,43257,2018,6,NON TITO,,,JAWA TIMUR,0.375,GREEN,361297141,AREA 3,JATIM,MALANG,MALANG,,,0,0,0,JAWA TIMUR,MALANG,SINGOSARI,PAGENTAN,BATU
5681370369,,ODP-BLB-FCF/22,-7.938964,112.619091,,,5,3,0,0,8,REGIONAL 5,MALANG,MALANG,BLB,BLIMBING,,2024-03-16 23:23:28,44155,2020,11,NON TITO,,,JAWA TIMUR,0.375,GREEN,856935333,AREA 3,JATIM,MALANG,MALANG,,,0,0,0,JAWA TIMUR,KOTA MALANG,LOWOKWARU,JATIMULYO,BATU
5656468801,,ODP-BLB-FDQ/42,-7.932003,112.662111,,,7,1,0,0,8,REGIONAL 5,MALANG,MALANG,BLB,BLIMBING,,2024-03-16 23:28:39,44144,2020,11,NON TITO,,,JAWA TIMUR,0.125,GREEN,856555699,AREA 3,JATIM,MALANG,MALANG,,,0,0,0,JAWA TIMUR,KOTA MALANG,BLIMBING,ARJOSARI,BATU
9090870405,,ODP-BLB-FCQ/114,-7.936594,112.610056,,,5,3,0,0,8,REGIONAL 5,MALANG,MALANG,BLB,BLIMBING,,2024-03-16 23:22:49,44786,2022,8,NON TITO,,,JAWA TIMUR,0.375,GREEN,1206201376,AREA 3,JATIM,MALANG,MALANG,,,0,0,0,JAWA TIMUR,KOTA MALANG,LOWOKWARU,JATIMULYO,BATU
9090870395,,ODP-BLB-FCQ/112,-7.936587,112.609737,,,5,3,0,0,8,REGIONAL 5,MALANG,MALANG,BLB,BLIMBING,,2024-03-16 23:23:44,44786,2022,8,NON TITO,,,JAWA TIMUR,0.375,GREEN,1206201366,AREA 3,JATIM,MALANG,MALANG,,,0,0,0,JAWA TIMUR,KOTA MALANG,LOWOKWARU,JATIMULYO,BATU
5684599080,,ODP-BLB-FDX/116,-7.95834,112.654919,,,5,3,0,0,8,REGIONAL 5,MALANG,MALANG,BLB,BLIMBING,,2024-03-16 23:28:11,44160,2020,11,NON TITO,,,JAWA TIMUR,0.375,GREEN,857110284,AREA 3,JATIM,MALANG,MALANG,,,0,0,0,JAWA TIMUR,KOTA MALANG,BLIMBING,PANDANWANGI,BATU
5684599096,,ODP-BLB-FDX/99,-7.958841,112.651523,,,6,2,0,0,8,REGIONAL 5,MALANG,MALANG,BLB,BLIMBING,,2024-03-16 23:28:21,44160,2020,11,NON TITO,,,JAWA TIMUR,0.25,GREEN,857110295,AREA 3,JATIM,MALANG,MALANG,,,0,0,0,JAWA TIMUR,KOTA MALANG,BLIMBING,PURWANTORO,BATU
5684599116,,ODP-BLB-FDX/127,-7.960023,112.650766,,,5,3,0,0,8,REGIONAL 5,MALANG,MALANG,BLB,BLIMBING,,2024-03-16 23:28:11,44160,2020,11,NON TITO,,,JAWA TIMUR,0.375,GREEN,857110310,AREA 3,JATIM,MALANG,MALANG,,,0,0,0,JAWA TIMUR,KOTA MALANG,BLIMBING,PURWANTORO,BATU
1207020493,,ODP-BTU-FX/40,-7.891922,112.549055,,,12,4,0,0,16,REGIONAL 5,MALANG,BATU,BTU,BATU,,2024-03-16 23:26:27,42768,2017,2,NON TITO,,,JAWA TIMUR,0.25,GREEN,41083434,AREA 3,JATIM,MALANG,MALANG,,,0,0,0,JAWA TIMUR,KOTA BATU,JUNREJO,BEJI,BATU
5684599126,,ODP-BLB-FDX/64,-7.957643,112.654054,,,5,3,0,0,8,REGIONAL 5,MALANG,MALANG,BLB,BLIMBING,,2024-03-16 23:28:31,44160,2020,11,NON TITO,,,JAWA TIMUR,0.375,GREEN,857110316,AREA 3,JATIM,MALANG,MALANG,,,0,0,0,JAWA TIMUR,KOTA MALANG,BLIMBING,PANDANWANGI,BATU
5684599136,,ODP-BLB-FDX/110,-7.961697,112.652485,,,5,3,0,0,8,REGIONAL 5,MALANG,MALANG,BLB,BLIMBING,,2024-03-16 23:26:56,44160,2020,11,NON TITO,,,JAWA TIMUR,0.375,GREEN,857110322,AREA 3,JATIM,MALANG,MALANG,,,0,0,0,JAWA TIMUR,KOTA MALANG,BLIMBING,PANDANWANGI,BATU
1207020543,,ODP-BTU-FX/45,-7.893169,112.550571,,,5,3,0,0,8,REGIONAL 5,MALANG,BATU,BTU,BATU,,2024-03-16 23:27:07,42768,2017,2,NON TITO,,,JAWA TIMUR,0.375,GREEN,41083464,AREA 3,JATIM,MALANG,MALANG,,,0,0,0,JAWA TIMUR,KOTA BATU,JUNREJO,BEJI,BATU
8973643718,,ODP-NTG-FC/46,-7.883327,112.358555,,,6,2,0,0,8,REGIONAL 5,MALANG,BATU,NTG,NGANTANG,,2024-03-16 23:26:20,44752,2022,7,NON TITO,,,JAWA TIMUR,0.25,GREEN,1193704009,AREA 3,JATIM,MALANG,MALANG,,,0,0,0,JAWA TIMUR,MALANG,NGANTANG,PANDANSARI,BATU
8952794512,,ODP-KPO-FF/107,-7.885047,112.603175,,,6,2,0,0,8,REGIONAL 5,MALANG,BATU,KPO,KARANGPLOSO,,2024-03-16 23:22:28,44750,2022,7,NON TITO,,,JAWA TIMUR,0.25,GREEN,1193697768,AREA 3,JATIM,MALANG,MALANG,,,0,0,0,JAWA TIMUR,MALANG,KARANG PLOSO,GIRIMOYO,BATU
5709868681,,ODP-BTU-FBL/03,-7.863101,112.508278,,,5,3,0,0,8,REGIONAL 5,MALANG,BATU,BTU,BATU,,2024-03-16 23:24:23,44160,2020,11,NON TITO,,,JAWA TIMUR,0.375,GREEN,857109333,AREA 3,JATIM,MALANG,MALANG,,,0,0,0,JAWA TIMUR,KOTA BATU,BATU,SONGGOKERTO,BATU
5684599156,,ODP-BLB-FDX/98,-7.958915,112.651417,,,7,1,0,0,8,REGIONAL 5,MALANG,MALANG,BLB,BLIMBING,,2024-03-16 23:28:17,44160,2020,11,NON TITO,,,JAWA TIMUR,0.125,GREEN,857110336,AREA 3,JATIM,MALANG,MALANG,,,0,0,0,JAWA TIMUR,KOTA MALANG,BLIMBING,PURWANTORO,BATU
5684599166,,ODP-BLB-FDX/126,-7.95912,112.650929,,,5,3,0,0,8,REGIONAL 5,MALANG,MALANG,BLB,BLIMBING,,2024-03-16 23:28:25,44160,2020,11,NON TITO,,,JAWA TIMUR,0.375,GREEN,857110345,AREA 3,JATIM,MALANG,MALANG,,,0,0,0,JAWA TIMUR,KOTA MALANG,BLIMBING,PURWANTORO,BATU
8920771562,,ODP-NTG-FF/01,-7.861159,112.380551,,,6,2,0,0,8,REGIONAL 5,MALANG,BATU,NTG,NGANTANG,,2024-03-16 23:23:45,44749,2022,7,NON TITO,,,JAWA TIMUR,0.25,GREEN,1193320142,AREA 3,JATIM,MALANG,MALANG,,,0,0,0,JAWA TIMUR,MALANG,NGANTANG,SUMBERAGUNG,BATU
8967643728,,ODP-NTG-FF/12,-7.883493,112.386454,,,7,1,0,0,8,REGIONAL 5,MALANG,BATU,NTG,NGANTANG,,2024-03-16 23:24:43,44748,2022,7,NON TITO,,,JAWA TIMUR,0.125,GREEN,1193118284,AREA 3,JATIM,MALANG,MALANG,,,0,0,0,JAWA TIMUR,MALANG,NGANTANG,PURWOREJO,BATU
1200944720,,ODP-BTU-FW/20,-7.882822,112.52405,,,6,1,0,0,8,REGIONAL 5,MALANG,BATU,BTU,BATU,,2024-03-16 23:22:40,42766,2017,1,NON TITO,,,JAWA TIMUR,0.125,GREEN,41140729,AREA 3,JATIM,MALANG,MALANG,,,0,0,0,JAWA TIMUR,KOTA BATU,BATU,SISIR,BATU
5684599186,,ODP-BLB-FDX/109,-7.96097,112.651122,,,6,2,0,0,8,REGIONAL 5,MALANG,MALANG,BLB,BLIMBING,,2024-03-16 23:27:48,44160,2020,11,NON TITO,,,JAWA TIMUR,0.25,GREEN,857110360,AREA 3,JATIM,MALANG,MALANG,,,0,0,0,JAWA TIMUR,KOTA MALANG,BLIMBING,PURWANTORO,BATU
5684599206,,ODP-BLB-FDX/97,-7.959221,112.65144,,,5,3,0,0,8,REGIONAL 5,MALANG,MALANG,BLB,BLIMBING,,2024-03-16 23:28:15,44160,2020,11,NON TITO,,,JAWA TIMUR,0.375,GREEN,857110372,AREA 3,JATIM,MALANG,MALANG,,,0,0,0,JAWA TIMUR,KOTA MALANG,BLIMBING,PURWANTORO,BATU
8967643708,,ODP-NTG-FF/15,-7.879176,112.392053,,,7,1,0,0,8,REGIONAL 5,MALANG,BATU,NTG,NGANTANG,,2024-03-16 23:25:05,44748,2022,7,NON TITO,,,JAWA TIMUR,0.125,GREEN,1193118264,AREA 3,JATIM,MALANG,MALANG,,,0,0,0,JAWA TIMUR,MALANG,NGANTANG,PURWOREJO,BATU
5684599216,,ODP-BLB-FDX/125,-7.95938,112.650148,,,6,2,0,0,8,REGIONAL 5,MALANG,MALANG,BLB,BLIMBING,,2024-03-16 23:27:14,44160,2020,11,NON TITO,,,JAWA TIMUR,0.25,GREEN,857110378,AREA 3,JATIM,MALANG,MALANG,,,0,0,0,JAWA TIMUR,KOTA MALANG,BLIMBING,PURWANTORO,BATU
5684599231,,ODP-BLB-FDX/60,-7.958051,112.651975,,,5,3,0,0,8,REGIONAL 5,MALANG,MALANG,BLB,BLIMBING,,2024-03-16 23:27:10,44160,2020,11,NON TITO,,,JAWA TIMUR,0.375,GREEN,857110387,AREA 3,JATIM,MALANG,MALANG,,,0,0,0,JAWA TIMUR,KOTA MALANG,BLIMBING,PURWANTORO,BATU
1200943696,,ODP-BTU-FW/15,-7.88091,112.528729,,,6,2,0,0,8,REGIONAL 5,MALANG,BATU,BTU,BATU,,2024-03-16 23:23:04,42766,2017,1,NON TITO,,,JAWA TIMUR,0.25,GREEN,41140133,AREA 3,JATIM,MALANG,MALANG,,,0,0,0,JAWA TIMUR,KOTA BATU,BATU,SISIR,BATU
8981143713,,ODP-KPO-FBQ/40,-7.886906,112.605295,,,5,3,0,0,8,REGIONAL 5,MALANG,BATU,KPO,KARANGPLOSO,,2024-03-16 23:27:09,44754,2022,7,NON TITO,,,JAWA TIMUR,0.375,GREEN,1194743622,AREA 3,JATIM,MALANG,MALANG,,,0,0,0,JAWA TIMUR,MALANG,KARANG PLOSO,NGIJO,BATU
8981143723,,ODP-KPO-FBQ/41,-7.886551,112.60578,,,6,2,0,0,8,REGIONAL 5,MALANG,BATU,KPO,KARANGPLOSO,,2024-03-16 23:27:13,44754,2022,7,NON TITO,,,JAWA TIMUR,0.25,GREEN,1194743625,AREA 3,JATIM,MALANG,MALANG,,,0,0,0,JAWA TIMUR,MALANG,KARANG PLOSO,NGIJO,BATU
2510818672,,ODP-NTG-FB/05,-7.885316,112.382829,,,5,3,0,0,8,REGIONAL 5,MALANG,BATU,NTG,NGANTANG,,2024-03-16 23:26:02,43237,2018,5,NON TITO,,,JAWA TIMUR,0.375,GREEN,354226281,AREA 3,JATIM,MALANG,MALANG,,,0,0,0,JAWA TIMUR,MALANG,NGANTANG,PURWOREJO,BATU
5681370389,,ODP-BLB-FCF/32,-7.938574,112.619505,,,5,3,0,0,8,REGIONAL 5,MALANG,MALANG,BLB,BLIMBING,,2024-03-16 23:23:48,44155,2020,11,NON TITO,,,JAWA TIMUR,0.375,GREEN,856935345,AREA 3,JATIM,MALANG,MALANG,,,0,0,0,JAWA TIMUR,KOTA MALANG,LOWOKWARU,MOJOLANGU,BATU
9090870390,,ODP-BLB-FCQ/116,-7.936432,112.610306,,,6,2,0,0,8,REGIONAL 5,MALANG,MALANG,BLB,BLIMBING,,2024-03-16 23:23:31,44786,2022,8,NON TITO,,,JAWA TIMUR,0.25,GREEN,1206201361,AREA 3,JATIM,MALANG,MALANG,,,0,0,0,JAWA TIMUR,KOTA MALANG,LOWOKWARU,JATIMULYO,BATU
9090870385,,ODP-BLB-FCQ/117,-7.936316,112.610493,,,5,3,0,0,8,REGIONAL 5,MALANG,MALANG,BLB,BLIMBING,,2024-03-16 23:22:45,44786,2022,8,NON TITO,,,JAWA TIMUR,0.375,GREEN,1206201357,AREA 3,JATIM,MALANG,MALANG,,,0,0,0,JAWA TIMUR,KOTA MALANG,LOWOKWARU,JATIMULYO,BATU
5681370404,,ODP-BLB-FCF/34,-7.939296,112.619648,,,6,2,0,0,8,REGIONAL 5,MALANG,MALANG,BLB,BLIMBING,,2024-03-16 23:22:58,44155,2020,11,NON TITO,,,JAWA TIMUR,0.25,GREEN,856935355,AREA 3,JATIM,MALANG,MALANG,,,0,0,0,JAWA TIMUR,KOTA MALANG,LOWOKWARU,JATIMULYO,BATU
5681370414,,ODP-BLB-FCF/26,-7.9384,112.618678,,,6,2,0,0,8,REGIONAL 5,MALANG,MALANG,BLB,BLIMBING,,2024-03-16 23:23:36,44155,2020,11,NON TITO,,,JAWA TIMUR,0.25,GREEN,856935361,AREA 3,JATIM,MALANG,MALANG,,,0,0,0,JAWA TIMUR,KOTA MALANG,LOWOKWARU,JATIMULYO,BATU
5681370419,,ODP-BLB-FCF/36,-7.940305,112.621155,,,5,3,0,0,8,REGIONAL 5,MALANG,MALANG,BLB,BLIMBING,,2024-03-16 23:23:37,44155,2020,11,NON TITO,,,JAWA TIMUR,0.375,GREEN,856935366,AREA 3,JATIM,MALANG,MALANG,,,0,0,0,JAWA TIMUR,KOTA MALANG,LOWOKWARU,TULUSREJO,BATU
2537301289,,ODP-KPO-FBN/33,-7.889137,112.60946,,,5,3,0,0,8,REGIONAL 5,MALANG,BATU,KPO,KARANGPLOSO,,2024-03-16 23:23:49,43244,2018,5,NON TITO,,,JAWA TIMUR,0.375,GREEN,354612594,AREA 3,JATIM,MALANG,MALANG,,,0,0,0,JAWA TIMUR,MALANG,KARANGPLOSO,NGENEP,BATU
5681370434,,ODP-BLB-FCF/33,-7.938831,112.619309,,,7,1,0,0,8,REGIONAL 5,MALANG,MALANG,BLB,BLIMBING,,2024-03-16 23:21:06,44155,2020,11,NON TITO,,,JAWA TIMUR,0.125,GREEN,856935378,AREA 3,JATIM,MALANG,MALANG,,,0,0,0,JAWA TIMUR,KOTA MALANG,LOWOKWARU,JATIMULYO,BATU
2537301180,,ODP-KPO-FBN/35,-7.888351,112.609076,,,5,3,0,0,8,REGIONAL 5,MALANG,BATU,KPO,KARANGPLOSO,,2024-03-16 23:22:57,43244,2018,5,NON TITO,,,JAWA TIMUR,0.375,GREEN,354612529,AREA 3,JATIM,MALANG,MALANG,,,0,0,0,JAWA TIMUR,MALANG,KARANGPLOSO,NGENEP,BATU
1150630992,,ODP-BTU-FX/02,-7.89367,112.540157,,,5,2,1,0,8,REGIONAL 5,MALANG,BATU,BTU,BATU,,2024-03-16 23:28:11,42760,2017,1,NON TITO,,,JAWA TIMUR,0.25,GREEN,39726044,AREA 3,JATIM,MALANG,MALANG,,,0,0,0,JAWA TIMUR,KOTA BATU,BATU,ORO-ORO OMBO,BATU
2537301050,,ODP-KPO-FBN/30,-7.885989,112.611646,,,4,3,0,0,8,REGIONAL 5,MALANG,BATU,KPO,KARANGPLOSO,,2024-03-16 23:23:29,43244,2018,5,NON TITO,,,JAWA TIMUR,0.375,GREEN,354612451,AREA 3,JATIM,MALANG,MALANG,,,0,0,0,JAWA TIMUR,MALANG,KARANGPLOSO,NGENEP,BATU
2537300857,,ODP-KPO-FBN/32,-7.887617,112.608204,,,5,3,0,0,8,REGIONAL 5,MALANG,BATU,KPO,KARANGPLOSO,,2024-03-16 23:23:37,43244,2018,5,NON TITO,,,JAWA TIMUR,0.375,GREEN,354612335,AREA 3,JATIM,MALANG,MALANG,,,0,0,0,JAWA TIMUR,MALANG,KARANGPLOSO,NGENEP,BATU
2537300767,,ODP-KPO-FBN/29,-7.885386,112.612281,,,5,3,0,0,8,REGIONAL 5,MALANG,BATU,KPO,KARANGPLOSO,,2024-03-16 23:23:23,43244,2018,5,NON TITO,,,JAWA TIMUR,0.375,GREEN,354612294,AREA 3,JATIM,MALANG,MALANG,,,0,0,0,JAWA TIMUR,MALANG,KARANGPLOSO,NGENEP,BATU
9049093545,,ODP-BLB-FAZ/21,-7.940367,112.642261,,,5,3,0,0,8,REGIONAL 5,MALANG,MALANG,BLB,BLIMBING,,2024-03-16 23:26:16,44764,2022,7,NON TITO,,,JAWA TIMUR,0.375,GREEN,1202244281,AREA 3,JATIM,MALANG,MALANG,,,0,0,0,JAWA TIMUR,KOTA MALANG,BLIMBING,BLIMBING,BATU
9020744021,,ODP-BLB-FBE/118,-7.92196,112.63955,,,7,1,0,0,8,REGIONAL 5,MALANG,MALANG,BLB,BLIMBING,,2024-03-16 23:28:29,44762,2022,7,NON TITO,,,JAWA TIMUR,0.125,GREEN,1202019257,AREA 3,JATIM,MALANG,MALANG,,,0,0,0,JAWA TIMUR,KOTA MALANG,BLIMBING,BALEARJOSARI,BATU
2510818906,,ODP-NTG-FB/10,-7.876299,112.392444,,,10,6,0,0,16,REGIONAL 5,MALANG,BATU,NTG,NGANTANG,,2024-03-16 23:25:39,43237,2018,5,NON TITO,,,JAWA TIMUR,0.375,GREEN,354258237,AREA 3,JATIM,MALANG,MALANG,,,0,0,0,JAWA TIMUR,MALANG,NGANTANG,MULYOREJO,BATU
9020744011,,ODP-BLB-FBE/120,-7.921818,112.640436,,,5,3,0,0,8,REGIONAL 5,MALANG,MALANG,BLB,BLIMBING,,2024-03-16 23:27:47,44762,2022,7,NON TITO,,,JAWA TIMUR,0.375,GREEN,1202019251,AREA 3,JATIM,MALANG,MALANG,,,0,0,0,JAWA TIMUR,KOTA MALANG,BLIMBING,BALEARJOSARI,BATU
2510818829,,ODP-NTG-FB/09,-7.876899,112.394247,,,14,2,0,0,16,REGIONAL 5,MALANG,BATU,NTG,NGANTANG,,2024-03-16 23:25:17,43237,2018,5,NON TITO,,,JAWA TIMUR,0.125,GREEN,354258169,AREA 3,JATIM,MALANG,MALANG,,,0,0,0,JAWA TIMUR,MALANG,NGANTANG,MULYOREJO,BATU
8997719079,,ODP-BLB-FCH/32,-7.940022,112.636024,,,6,2,0,0,8,REGIONAL 5,MALANG,MALANG,BLB,BLIMBING,,2024-03-16 23:28:25,44760,2022,7,NON TITO,,,JAWA TIMUR,0.25,GREEN,1196055832,AREA 3,JATIM,MALANG,MALANG,,,0,0,0,JAWA TIMUR,KOTA MALANG,LOWOKWARU,MOJOLANGU,BATU
8997719074,,ODP-BLB-FCH/30,-7.939598,112.636564,,,7,1,0,0,8,REGIONAL 5,MALANG,MALANG,BLB,BLIMBING,,2024-03-16 23:28:25,44760,2022,7,NON TITO,,,JAWA TIMUR,0.125,GREEN,1196055829,AREA 3,JATIM,MALANG,MALANG,,,0,0,0,JAWA TIMUR,KOTA MALANG,LOWOKWARU,MOJOLANGU,BATU
8997719069,,ODP-BLB-FCH/31,-7.939737,112.636841,,,5,3,0,0,8,REGIONAL 5,MALANG,MALANG,BLB,BLIMBING,,2024-03-16 23:27:19,44760,2022,7,NON TITO,,,JAWA TIMUR,0.375,GREEN,1196055821,AREA 3,JATIM,MALANG,MALANG,,,0,0,0,JAWA TIMUR,KOTA MALANG,LOWOKWARU,MOJOLANGU,BATU
2573893548,,ODP-KPO-FBF/65,-7.91125,112.561015,,,5,3,0,0,8,REGIONAL 5,MALANG,BATU,KPO,KARANGPLOSO,,2024-03-16 23:26:11,43246,2018,5,NON TITO,,,JAWA TIMUR,0.375,GREEN,356715024,AREA 3,JATIM,MALANG,MALANG,,,0,0,0,JAWA TIMUR,KOTA BATU,JUNREJO,JUNREJO,BATU
5591369015,,ODP-BLB-FDW/53,-7.957568,112.649011,,,5,3,0,0,8,REGIONAL 5,MALANG,MALANG,BLB,BLIMBING,,2024-03-16 23:29:19,44127,2020,10,NON TITO,,,JAWA TIMUR,0.375,GREEN,855736749,AREA 3,JATIM,MALANG,MALANG,,,0,0,0,JAWA TIMUR,KOTA MALANG,BLIMBING,PURWANTORO,BATU
9227818535,,ODP-KPO-FX/06,-7.89283,112.581959,,,5,3,0,0,8,REGIONAL 5,MALANG,BATU,KPO,KARANGPLOSO,,2024-03-16 23:29:18,44809,2022,9,NON TITO,,,JAWA TIMUR,0.375,GREEN,1220792262,AREA 3,JATIM,MALANG,MALANG,,,0,0,0,JAWA TIMUR,KOTA BATU,JUNREJO,PENDEM,BATU
5656468776,,ODP-BLB-FDQ/29,-7.934048,112.662956,,,7,1,0,0,8,REGIONAL 5,MALANG,MALANG,BLB,BLIMBING,,2024-03-16 23:28:40,44144,2020,11,NON TITO,,,JAWA TIMUR,0.125,GREEN,856555679,AREA 3,JATIM,MALANG,MALANG,,,0,0,0,JAWA TIMUR,KOTA MALANG,BLIMBING,ARJOSARI,BATU
1080194246,,ODP-BLB-FBL/06,-7.91526,112.623692,,,5,3,0,0,8,REGIONAL 5,MALANG,MALANG,BLB,BLIMBING,,2024-03-16 23:21:33,42700,2016,11,NON TITO,,,JAWA TIMUR,0.375,GREEN,38692013,AREA 3,JATIM,MALANG,MALANG,,,0,0,0,JAWA TIMUR,MALANG,KARANGPLOSO,KEPUHARJO,BATU
5597369650,,ODP-BLB-FDW/173,-7.958161,112.647292,,,6,2,0,0,8,REGIONAL 5,MALANG,MALANG,BLB,BLIMBING,,2024-03-16 23:23:06,44133,2020,10,NON TITO,,,JAWA TIMUR,0.25,GREEN,855891029,AREA 3,JATIM,MALANG,MALANG,,,0,0,0,JAWA TIMUR,KOTA MALANG,BLIMBING,PURWANTORO,BATU
5597369655,,ODP-BLB-FDW/103,-7.954012,112.653362,,,5,3,0,0,8,REGIONAL 5,MALANG,MALANG,BLB,BLIMBING,,2024-03-16 23:23:37,44133,2020,10,NON TITO,,,JAWA TIMUR,0.375,GREEN,855891032,AREA 3,JATIM,MALANG,MALANG,,,0,0,0,JAWA TIMUR,KOTA MALANG,BLIMBING,PURWANTORO,BATU
1080194306,,ODP-BLB-FBL/04,-7.915631,112.623984,,,5,3,0,0,8,REGIONAL 5,MALANG,MALANG,BLB,BLIMBING,,2024-03-16 23:21:59,42700,2016,11,NON TITO,,,JAWA TIMUR,0.375,GREEN,38692045,AREA 3,JATIM,MALANG,MALANG,,,0,0,0,JAWA TIMUR,KOTA MALANG,LOWOKWARU,TASIK MADU,BATU
2669371153,,ODP-BTU-FF/91,-7.896103,112.532288,,,5,3,0,0,8,REGIONAL 5,MALANG,BATU,BTU,BATU,,2024-03-16 23:21:38,43290,2018,7,NON TITO,,,JAWA TIMUR,0.375,GREEN,361995505,AREA 3,JATIM,MALANG,MALANG,,,0,0,0,JAWA TIMUR,KOTA BATU,BATU,ORO-ORO OMBO,BATU
1080194340,,ODP-BLB-FBL/18,-7.915554,112.622978,,,5,3,0,0,8,REGIONAL 5,MALANG,MALANG,BLB,BLIMBING,,2024-03-16 23:21:20,42700,2016,11,NON TITO,,,JAWA TIMUR,0.375,GREEN,38692063,AREA 3,JATIM,MALANG,MALANG,,,0,0,0,JAWA TIMUR,MALANG,KARANGPLOSO,KEPUHARJO,BATU
1080194361,,ODP-BLB-FBL/07,-7.915254,112.623762,,,6,2,0,0,8,REGIONAL 5,MALANG,MALANG,BLB,BLIMBING,,2024-03-16 23:22:06,42700,2016,11,NON TITO,,,JAWA TIMUR,0.25,GREEN,38692074,AREA 3,JATIM,MALANG,MALANG,,,0,0,0,JAWA TIMUR,MALANG,KARANGPLOSO,KEPUHARJO,BATU
1080194371,,ODP-BLB-FBL/10,-7.914977,112.622782,,,6,2,0,0,8,REGIONAL 5,MALANG,MALANG,BLB,BLIMBING,,2024-03-16 23:22:19,42700,2016,11,NON TITO,,,JAWA TIMUR,0.25,GREEN,38692080,AREA 3,JATIM,MALANG,MALANG,,,0,0,0,JAWA TIMUR,MALANG,KARANGPLOSO,KEPUHARJO,BATU
1080194376,,ODP-BLB-FBL/12,-7.915192,112.623001,,,7,1,0,0,8,REGIONAL 5,MALANG,MALANG,BLB,BLIMBING,,2024-03-16 23:22:24,42700,2016,11,NON TITO,,,JAWA TIMUR,0.125,GREEN,38692083,AREA 3,JATIM,MALANG,MALANG,,,0,0,0,JAWA TIMUR,MALANG,KARANGPLOSO,KEPUHARJO,BATU
5597369640,,ODP-BLB-FDW/122,-7.956088,112.651051,,,6,2,0,0,8,REGIONAL 5,MALANG,MALANG,BLB,BLIMBING,,2024-03-16 23:23:47,44133,2020,10,NON TITO,,,JAWA TIMUR,0.25,GREEN,855891023,AREA 3,JATIM,MALANG,MALANG,,,0,0,0,JAWA TIMUR,KOTA MALANG,BLIMBING,PURWANTORO,BATU
1080194381,,ODP-BLB-FBL/16,-7.914812,112.621795,,,6,2,0,0,8,REGIONAL 5,MALANG,MALANG,BLB,BLIMBING,,2024-03-16 23:22:26,42700,2016,11,NON TITO,,,JAWA TIMUR,0.25,GREEN,38692086,AREA 3,JATIM,MALANG,MALANG,,,0,0,0,JAWA TIMUR,MALANG,KARANGPLOSO,KEPUHARJO,BATU
5597369695,,ODP-BLB-FDW/81,-7.954125,112.648049,,,7,1,0,0,8,REGIONAL 5,MALANG,MALANG,BLB,BLIMBING,,2024-03-16 23:23:28,44133,2020,10,NON TITO,,,JAWA TIMUR,0.125,GREEN,855891067,AREA 3,JATIM,MALANG,MALANG,,,0,0,0,JAWA TIMUR,KOTA MALANG,BLIMBING,PURWANTORO,BATU
9243944890,,ODP-SGS-FAE/07,-7.868728,112.667718,,,7,1,0,0,8,REGIONAL 5,MALANG,MALANG,SGS,SINGOSARI,,2024-03-16 23:24:53,44814,2022,9,NON TITO,,,JAWA TIMUR,0.125,GREEN,1224698836,AREA 3,JATIM,MALANG,MALANG,,,0,0,0,JAWA TIMUR,MALANG,SINGOSARI,ARDIMULYO,BATU
9243944870,,ODP-SGS-FAE/06,-7.870233,112.669791,,,5,3,0,0,8,REGIONAL 5,MALANG,MALANG,SGS,SINGOSARI,,2024-03-16 23:24:27,44814,2022,9,NON TITO,,,JAWA TIMUR,0.375,GREEN,1224698824,AREA 3,JATIM,MALANG,MALANG,,,0,0,0,JAWA TIMUR,MALANG,SINGOSARI,ARDIMULYO,BATU
9243944859,,ODP-SGS-FAE/08,-7.863858,112.661781,,,6,2,0,0,8,REGIONAL 5,MALANG,MALANG,SGS,SINGOSARI,,2024-03-16 23:24:50,44814,2022,9,NON TITO,,,JAWA TIMUR,0.25,GREEN,1224698812,AREA 3,JATIM,MALANG,MALANG,,,0,0,0,JAWA TIMUR,MALANG,SINGOSARI,ARDIMULYO,BATU
5597369705,,ODP-BLB-FDW/182,-7.958569,112.646344,,,5,3,0,0,8,REGIONAL 5,MALANG,MALANG,BLB,BLIMBING,,2024-03-16 23:23:37,44133,2020,10,NON TITO,,,JAWA TIMUR,0.375,GREEN,855891080,AREA 3,JATIM,MALANG,MALANG,,,0,0,0,JAWA TIMUR,KOTA MALANG,BLIMBING,PURWANTORO,BATU
5597369715,,ODP-BLB-FDW/102,-7.954472,112.653091,,,5,3,0,0,8,REGIONAL 5,MALANG,MALANG,BLB,BLIMBING,,2024-03-16 23:23:31,44133,2020,10,NON TITO,,,JAWA TIMUR,0.375,GREEN,855891088,AREA 3,JATIM,MALANG,MALANG,,,0,0,0,JAWA TIMUR,KOTA MALANG,BLIMBING,PURWANTORO,BATU
1092049789,,ODP-BTU-FB/77,-7.886619,112.529947,,,11,5,0,0,16,REGIONAL 5,MALANG,BATU,BTU,BATU,,2024-03-16 23:21:44,42711,2016,12,NON TITO,,,JAWA TIMUR,0.3125,GREEN,38894878,AREA 3,JATIM,MALANG,MALANG,,,0,0,0,JAWA TIMUR,KOTA BATU,BATU,SISIR,BATU
9243944824,,ODP-SGS-FAE/16,-7.862702,112.654695,,,5,3,0,0,8,REGIONAL 5,MALANG,MALANG,SGS,SINGOSARI,,2024-03-16 23:24:44,44814,2022,9,NON TITO,,,JAWA TIMUR,0.375,GREEN,1224698791,AREA 3,JATIM,MALANG,MALANG,,,0,0,0,JAWA TIMUR,MALANG,SINGOSARI,TOYOMARTO,BATU
9243944819,,ODP-SGS-FAE/09,-7.837772,112.646292,,,6,2,0,0,8,REGIONAL 5,MALANG,MALANG,SGS,SINGOSARI,,2024-03-16 23:24:27,44814,2022,9,NON TITO,,,JAWA TIMUR,0.25,GREEN,1224698788,AREA 3,JATIM,MALANG,MALANG,,,0,0,0,JAWA TIMUR,MALANG,SINGOSARI,TOYOMARTO,BATU
5597369680,,ODP-BLB-FDW/139,-7.959025,112.650074,,,5,3,0,0,8,REGIONAL 5,MALANG,MALANG,BLB,BLIMBING,,2024-03-16 23:22:46,44133,2020,10,NON TITO,,,JAWA TIMUR,0.375,GREEN,855891053,AREA 3,JATIM,MALANG,MALANG,,,0,0,0,JAWA TIMUR,KOTA MALANG,BLIMBING,PURWANTORO,BATU
1080194210,,ODP-BLB-FBL/05,-7.91566,112.623917,,,6,2,0,0,8,REGIONAL 5,MALANG,MALANG,BLB,BLIMBING,,2024-03-16 23:22:19,42700,2016,11,NON TITO,,,JAWA TIMUR,0.25,GREEN,38691993,AREA 3,JATIM,MALANG,MALANG,,,0,0,0,JAWA TIMUR,MALANG,KARANGPLOSO,KEPUHARJO,BATU
1080194192,,ODP-BLB-FBL/19,-7.915916,112.622957,,,7,1,0,0,8,REGIONAL 5,MALANG,MALANG,BLB,BLIMBING,,2024-03-16 23:21:08,42700,2016,11,NON TITO,,,JAWA TIMUR,0.125,GREEN,38691983,AREA 3,JATIM,MALANG,MALANG,,,0,0,0,JAWA TIMUR,MALANG,KARANGPLOSO,KEPUHARJO,BATU
1080194187,,ODP-BLB-FBL/24,-7.915967,112.622909,,,5,3,0,0,8,REGIONAL 5,MALANG,MALANG,BLB,BLIMBING,,2024-03-16 23:22:29,42700,2016,11,NON TITO,,,JAWA TIMUR,0.375,GREEN,38691980,AREA 3,JATIM,MALANG,MALANG,,,0,0,0,JAWA TIMUR,MALANG,KARANGPLOSO,KEPUHARJO,BATU
1074122846,,ODP-BTU-FH/31,-7.86402,112.515356,,,14,2,0,0,16,REGIONAL 5,MALANG,BATU,BTU,BATU,,2024-03-16 23:27:09,42698,2016,11,NON TITO,,,JAWA TIMUR,0.125,GREEN,38675891,AREA 3,JATIM,MALANG,MALANG,,,0,0,0,JAWA TIMUR,KOTA BATU,BATU,PESANGGRAHAN,BATU
1074122853,,ODP-BTU-FH/34,-7.864777,112.514809,,,11,5,0,0,16,REGIONAL 5,MALANG,BATU,BTU,BATU,,2024-03-16 23:26:56,42698,2016,11,NON TITO,,,JAWA TIMUR,0.3125,GREEN,38675895,AREA 3,JATIM,MALANG,MALANG,,,0,0,0,JAWA TIMUR,KOTA BATU,BATU,PESANGGRAHAN,BATU
9286994473,,ODP-KPO-FW/11,-7.87793,112.581733,,,7,1,0,0,8,REGIONAL 5,MALANG,BATU,KPO,KARANGPLOSO,,2024-03-16 23:28:25,44821,2022,9,NON TITO,,,JAWA TIMUR,0.125,GREEN,1225993540,AREA 3,JATIM,MALANG,MALANG,,,0,0,0,JAWA TIMUR,MALANG,KARANGPLOSO,DONOWARIH,BATU
1074123887,,ODP-BTU-FH/37,-7.865239,112.514296,,,12,4,0,0,16,REGIONAL 5,MALANG,BATU,BTU,BATU,,2024-03-16 23:26:46,42698,2016,11,NON TITO,,,JAWA TIMUR,0.25,GREEN,38676510,AREA 3,JATIM,MALANG,MALANG,,,0,0,0,JAWA TIMUR,KOTA BATU,BATU,PESANGGRAHAN,BATU
1074129759,,ODP-TMP-FE/14,-7.983675,112.765347,,,5,3,0,0,8,REGIONAL 5,MALANG,MALANG,TMP,TUMPANG,,2024-03-16 23:28:51,42698,2016,11,NON TITO,,,JAWA TIMUR,0.375,GREEN,38679623,AREA 3,JATIM,MALANG,MALANG,,,0,0,0,JAWA TIMUR,MALANG,JABUNG,KENONGO,BATU
5597369555,,ODP-BLB-FDW/96,-7.956028,112.652146,,,6,2,0,0,8,REGIONAL 5,MALANG,MALANG,BLB,BLIMBING,,2024-03-16 23:23:56,44133,2020,10,NON TITO,,,JAWA TIMUR,0.25,GREEN,855890951,AREA 3,JATIM,MALANG,MALANG,,,0,0,0,JAWA TIMUR,KOTA MALANG,BLIMBING,PURWANTORO,BATU
2668095935,,ODP-BTU-FAG/68,-7.833413,112.522562,,,11,5,0,0,16,REGIONAL 5,MALANG,BATU,BTU,BATU,,2024-03-16 23:22:30,43297,2018,7,NON TITO,,,JAWA TIMUR,0.3125,GREEN,362416081,AREA 3,JATIM,MALANG,MALANG,,,0,0,0,JAWA TIMUR,KOTA BATU,BUMIAJI,PUNTEN,BATU
5597369565,,ODP-BLB-FDW/141,-7.959886,112.649943,,,5,3,0,0,8,REGIONAL 5,MALANG,MALANG,BLB,BLIMBING,,2024-03-16 23:23:21,44133,2020,10,NON TITO,,,JAWA TIMUR,0.375,GREEN,855890958,AREA 3,JATIM,MALANG,MALANG,,,0,0,0,JAWA TIMUR,KOTA MALANG,BLIMBING,PURWANTORO,BATU
1074129983,,ODP-TMP-FE/17,-7.972488,112.769101,,,10,6,0,0,16,REGIONAL 5,MALANG,MALANG,TMP,TUMPANG,,2024-03-16 23:27:58,42698,2016,11,NON TITO,,,JAWA TIMUR,0.375,GREEN,38679758,AREA 3,JATIM,MALANG,MALANG,,,0,0,0,JAWA TIMUR,MALANG,JABUNG,SUKOPURO,BATU
5597369570,,ODP-BLB-FDW/84,-7.954333,112.647489,,,5,3,0,0,8,REGIONAL 5,MALANG,MALANG,BLB,BLIMBING,,2024-03-16 23:23:44,44133,2020,10,NON TITO,,,JAWA TIMUR,0.375,GREEN,855890963,AREA 3,JATIM,MALANG,MALANG,,,0,0,0,JAWA TIMUR,KOTA MALANG,BLIMBING,PURWANTORO,BATU
2699296528,,ODP-NTG-FC/30,-7.904794,112.374326,,,10,6,0,0,16,REGIONAL 5,MALANG,BATU,NTG,NGANTANG,,2024-03-16 23:28:14,43301,2018,7,NON TITO,,,JAWA TIMUR,0.375,GREEN,362368980,AREA 3,JATIM,MALANG,MALANG,,,0,0,0,JAWA TIMUR,MALANG,NGANTANG,SIDODADI,BATU
1074130451,,ODP-TMP-FE/10,-7.984089,112.765216,,,5,3,0,0,8,REGIONAL 5,MALANG,MALANG,TMP,TUMPANG,,2024-03-16 23:28:36,42698,2016,11,NON TITO,,,JAWA TIMUR,0.375,GREEN,38680039,AREA 3,JATIM,MALANG,MALANG,,,0,0,0,JAWA TIMUR,MALANG,JABUNG,KENONGO,BATU
5597369575,,ODP-BLB-FDW/93,-7.953925,112.648457,,,5,3,0,0,8,REGIONAL 5,MALANG,MALANG,BLB,BLIMBING,,2024-03-16 23:23:32,44133,2020,10,NON TITO,,,JAWA TIMUR,0.375,GREEN,855890966,AREA 3,JATIM,MALANG,MALANG,,,0,0,0,JAWA TIMUR,KOTA MALANG,BLIMBING,PURWANTORO,BATU
9260968953,,ODP-SGS-FAM/11,-7.90738,112.664329,,,6,2,0,0,8,REGIONAL 5,MALANG,MALANG,SGS,SINGOSARI,,2024-03-16 23:23:47,44818,2022,9,NON TITO,,,JAWA TIMUR,0.25,GREEN,1225965485,AREA 3,JATIM,MALANG,MALANG,,,0,0,0,JAWA TIMUR,MALANG,SINGOSARI,BANJARARUM,BATU
5597369580,,ODP-BLB-FDW/124,-7.957271,112.650866,,,7,1,0,0,8,REGIONAL 5,MALANG,MALANG,BLB,BLIMBING,,2024-03-16 23:23:49,44133,2020,10,NON TITO,,,JAWA TIMUR,0.125,GREEN,855890970,AREA 3,JATIM,MALANG,MALANG,,,0,0,0,JAWA TIMUR,KOTA MALANG,BLIMBING,PURWANTORO,BATU
5597369585,,ODP-BLB-FDW/123,-7.956311,112.650944,,,5,3,0,0,8,REGIONAL 5,MALANG,MALANG,BLB,BLIMBING,,2024-03-16 23:23:50,44133,2020,10,NON TITO,,,JAWA TIMUR,0.375,GREEN,855890973,AREA 3,JATIM,MALANG,MALANG,,,0,0,0,JAWA TIMUR,KOTA MALANG,BLIMBING,PURWANTORO,BATU
9260968927,,ODP-SGS-FAH/03,-7.861686,112.679883,,,12,4,0,0,16,REGIONAL 5,MALANG,MALANG,SGS,SINGOSARI,,2024-03-16 23:23:49,44818,2022,9,NON TITO,,,JAWA TIMUR,0.25,GREEN,1225965452,AREA 3,JATIM,MALANG,MALANG,,,0,0,0,JAWA TIMUR,MALANG,SINGOSARI,RANDUAGUNG,BATU
5597369610,,ODP-BLB-FDW/140,-7.959416,112.650014,,,6,2,0,0,8,REGIONAL 5,MALANG,MALANG,BLB,BLIMBING,,2024-03-16 23:23:07,44133,2020,10,NON TITO,,,JAWA TIMUR,0.25,GREEN,855890993,AREA 3,JATIM,MALANG,MALANG,,,0,0,0,JAWA TIMUR,KOTA MALANG,BLIMBING,PURWANTORO,BATU
1080194136,,ODP-BLB-FBL/09,-7.915191,112.623114,,,6,2,0,0,8,REGIONAL 5,MALANG,MALANG,BLB,BLIMBING,,2024-03-16 23:22:24,42700,2016,11,NON TITO,,,JAWA TIMUR,0.25,GREEN,38691953,AREA 3,JATIM,MALANG,MALANG,,,0,0,0,JAWA TIMUR,MALANG,KARANGPLOSO,KEPUHARJO,BATU
5597369625,,ODP-BLB-FDW/92,-7.954206,112.648359,,,6,2,0,0,8,REGIONAL 5,MALANG,MALANG,BLB,BLIMBING,,2024-03-16 23:23:46,44133,2020,10,NON TITO,,,JAWA TIMUR,0.25,GREEN,855891008,AREA 3,JATIM,MALANG,MALANG,,,0,0,0,JAWA TIMUR,KOTA MALANG,BLIMBING,PURWANTORO,BATU
1080194146,,ODP-BLB-FBL/21,-7.915279,112.621515,,,6,2,0,0,8,REGIONAL 5,MALANG,MALANG,BLB,BLIMBING,,2024-03-16 23:22:27,42700,2016,11,NON TITO,,,JAWA TIMUR,0.25,GREEN,38691959,AREA 3,JATIM,MALANG,MALANG,,,0,0,0,JAWA TIMUR,MALANG,KARANGPLOSO,KEPUHARJO,BATU
5597369735,,ODP-BLB-FDW/128,-7.956576,112.650824,,,6,2,0,0,8,REGIONAL 5,MALANG,MALANG,BLB,BLIMBING,,2024-03-16 23:23:26,44133,2020,10,NON TITO,,,JAWA TIMUR,0.25,GREEN,855891101,AREA 3,JATIM,MALANG,MALANG,,,0,0,0,JAWA TIMUR,KOTA MALANG,BLIMBING,PURWANTORO,BATU
5656468781,,ODP-BLB-FDQ/49,-7.931348,112.657793,,,10,6,0,0,16,REGIONAL 5,MALANG,MALANG,BLB,BLIMBING,,2024-03-16 23:28:32,44144,2020,11,NON TITO,,,JAWA TIMUR,0.375,GREEN,856555683,AREA 3,JATIM,MALANG,MALANG,,,0,0,0,JAWA TIMUR,KOTA MALANG,BLIMBING,ARJOSARI,BATU
5597369740,,ODP-BLB-FDW/90,-7.954577,112.648243,,,7,1,0,0,8,REGIONAL 5,MALANG,MALANG,BLB,BLIMBING,,2024-03-16 23:23:51,44133,2020,10,NON TITO,,,JAWA TIMUR,0.125,GREEN,855891107,AREA 3,JATIM,MALANG,MALANG,,,0,0,0,JAWA TIMUR,KOTA MALANG,BLIMBING,PURWANTORO,BATU
1092063280,,ODP-BTU-FG/74,-7.881055,112.531843,,,6,2,0,0,8,REGIONAL 5,MALANG,BATU,BTU,BATU,,2024-03-16 23:24:50,42713,2016,12,NON TITO,,,JAWA TIMUR,0.25,GREEN,38904974,AREA 3,JATIM,MALANG,MALANG,,,0,0,0,JAWA TIMUR,KOTA BATU,BATU,TEMAS,BATU
9230969399,,ODP-LWG-FW/19,-7.846955,112.706676,,,5,3,0,0,8,REGIONAL 5,MALANG,MALANG,LWG,LAWANG,,2024-03-16 23:23:30,44811,2022,9,NON TITO,,,JAWA TIMUR,0.375,GREEN,1221082928,AREA 3,JATIM,MALANG,MALANG,,,0,0,0,JAWA TIMUR,MALANG,LAWANG,KALIREJO,BATU
9228268957,,ODP-SGS-FAG/11,-7.890203,112.663667,,,10,6,0,0,16,REGIONAL 5,MALANG,MALANG,SGS,SINGOSARI,,2024-03-16 23:25:54,44811,2022,9,NON TITO,,,JAWA TIMUR,0.375,GREEN,1221081031,AREA 3,JATIM,MALANG,MALANG,,,0,0,0,JAWA TIMUR,MALANG,SINGOSARI,PAGENTAN,BATU
9228268950,,ODP-SGS-FAG/07,-7.881754,112.66567,,,6,2,0,0,8,REGIONAL 5,MALANG,MALANG,SGS,SINGOSARI,,2024-03-16 23:27:40,44811,2022,9,NON TITO,,,JAWA TIMUR,0.25,GREEN,1221081025,AREA 3,JATIM,MALANG,MALANG,,,0,0,0,JAWA TIMUR,MALANG,SINGOSARI,CANDIRENGGO,BATU
5601870032,,ODP-BLB-FCF/63,-7.940211,112.622655,,,6,2,0,0,8,REGIONAL 5,MALANG,MALANG,BLB,BLIMBING,,2024-03-16 23:26:49,44139,2020,11,NON TITO,,,JAWA TIMUR,0.25,GREEN,856342932,AREA 3,JATIM,MALANG,MALANG,,,0,0,0,JAWA TIMUR,KOTA MALANG,LOWOKWARU,TULUSREJO,BATU
1131238204,,ODP-SGS-FQ/09,-7.886433,112.660593,,,10,6,0,0,16,REGIONAL 5,MALANG,MALANG,SGS,SINGOSARI,,2024-03-16 23:21:08,42754,2017,1,NON TITO,,,JAWA TIMUR,0.375,GREEN,39436139,AREA 3,JATIM,MALANG,MALANG,,,0,0,0,JAWA TIMUR,MALANG,SINGOSARI,CANDIRENGGO,BATU
9228268894,,ODP-SGS-FAG/13,-7.891572,112.667513,,,5,3,0,0,8,REGIONAL 5,MALANG,MALANG,SGS,SINGOSARI,,2024-03-16 23:26:59,44811,2022,9,NON TITO,,,JAWA TIMUR,0.375,GREEN,1221080946,AREA 3,JATIM,MALANG,MALANG,,,0,0,0,JAWA TIMUR,MALANG,SINGOSARI,PAGENTAN,BATU
9228493587,,ODP-SGS-FAC/76,-7.902788,112.668711,,,5,3,0,0,8,REGIONAL 5,MALANG,MALANG,SGS,SINGOSARI,,2024-03-16 23:26:20,44810,2022,9,NON TITO,,,JAWA TIMUR,0.375,GREEN,1221070902,AREA 3,JATIM,MALANG,MALANG,,,0,0,0,JAWA TIMUR,MALANG,SINGOSARI,WATUGEDE,BATU
5601870037,,ODP-BLB-FCF/60,-7.939212,112.622608,,,5,3,0,0,8,REGIONAL 5,MALANG,MALANG,BLB,BLIMBING,,2024-03-16 23:25:46,44139,2020,11,NON TITO,,,JAWA TIMUR,0.375,GREEN,856342935,AREA 3,JATIM,MALANG,MALANG,,,0,0,0,JAWA TIMUR,KOTA MALANG,LOWOKWARU,TULUSREJO,BATU
5601870042,,ODP-BLB-FCF/67,-7.939627,112.622213,,,7,1,0,0,8,REGIONAL 5,MALANG,MALANG,BLB,BLIMBING,,2024-03-16 23:26:58,44139,2020,11,NON TITO,,,JAWA TIMUR,0.125,GREEN,856342938,AREA 3,JATIM,MALANG,MALANG,,,0,0,0,JAWA TIMUR,KOTA MALANG,LOWOKWARU,TULUSREJO,BATU
5601870017,,ODP-BLB-FCF/70,-7.940548,112.622032,,,5,3,0,0,8,REGIONAL 5,MALANG,MALANG,BLB,BLIMBING,,2024-03-16 23:26:12,44139,2020,11,NON TITO,,,JAWA TIMUR,0.375,GREEN,856342923,AREA 3,JATIM,MALANG,MALANG,,,0,0,0,JAWA TIMUR,KOTA MALANG,LOWOKWARU,TULUSREJO,BATU
5601870047,,ODP-BLB-FCF/69,-7.940308,112.621827,,,5,3,0,0,8,REGIONAL 5,MALANG,MALANG,BLB,BLIMBING,,2024-03-16 23:26:57,44139,2020,11,NON TITO,,,JAWA TIMUR,0.375,GREEN,856342941,AREA 3,JATIM,MALANG,MALANG,,,0,0,0,JAWA TIMUR,KOTA MALANG,LOWOKWARU,TULUSREJO,BATU
5601870052,,ODP-BLB-FCF/71,-7.940829,112.622546,,,7,1,0,0,8,REGIONAL 5,MALANG,MALANG,BLB,BLIMBING,,2024-03-16 23:26:11,44139,2020,11,NON TITO,,,JAWA TIMUR,0.125,GREEN,856342945,AREA 3,JATIM,MALANG,MALANG,,,0,0,0,JAWA TIMUR,KOTA MALANG,LOWOKWARU,TULUSREJO,BATU
5601870057,,ODP-BLB-FCF/78,-7.93988,112.623531,,,7,1,0,0,8,REGIONAL 5,MALANG,MALANG,BLB,BLIMBING,,2024-03-16 23:26:20,44139,2020,11,NON TITO,,,JAWA TIMUR,0.125,GREEN,856342948,AREA 3,JATIM,MALANG,MALANG,,,0,0,0,JAWA TIMUR,KOTA MALANG,LOWOKWARU,TULUSREJO,BATU
5641919657,,ODP-LWG-FG/50,-7.835057,112.697423,,,6,2,0,0,8,REGIONAL 5,MALANG,MALANG,LWG,LAWANG,,2024-03-16 23:25:29,44140,2020,11,NON TITO,,,JAWA TIMUR,0.25,GREEN,856361578,AREA 3,JATIM,MALANG,MALANG,,,0,0,0,JAWA TIMUR,MALANG,LAWANG,LAWANG,BATU
5641919662,,ODP-LWG-FG/42,-7.828038,112.698968,,,5,3,0,0,8,REGIONAL 5,MALANG,MALANG,LWG,LAWANG,,2024-03-16 23:26:02,44140,2020,11,NON TITO,,,JAWA TIMUR,0.375,GREEN,856361581,AREA 3,JATIM,MALANG,MALANG,,,0,0,0,JAWA TIMUR,MALANG,LAWANG,TURIREJO,BATU
5641919672,,ODP-LWG-FG/43,-7.829243,112.698095,,,6,2,0,0,8,REGIONAL 5,MALANG,MALANG,LWG,LAWANG,,2024-03-16 23:25:17,44140,2020,11,NON TITO,,,JAWA TIMUR,0.25,GREEN,856361592,AREA 3,JATIM,MALANG,MALANG,,,0,0,0,JAWA TIMUR,MALANG,LAWANG,TURIREJO,BATU
1131238772,,ODP-SGS-FQ/05,-7.884085,112.661242,,,12,4,0,0,16,REGIONAL 5,MALANG,MALANG,SGS,SINGOSARI,,2024-03-16 23:26:24,42754,2017,1,NON TITO,,,JAWA TIMUR,0.25,GREEN,39436516,AREA 3,JATIM,MALANG,MALANG,,,0,0,0,JAWA TIMUR,MALANG,SINGOSARI,CANDIRENGGO,BATU
2606743739,,ODP-SGS-FH/38,-7.868249,112.661785,,,7,1,0,0,8,REGIONAL 5,MALANG,MALANG,SGS,SINGOSARI,,2024-03-16 23:26:57,43272,2018,6,NON TITO,,,JAWA TIMUR,0.125,GREEN,361671345,AREA 3,JATIM,MALANG,MALANG,,,0,0,0,JAWA TIMUR,MALANG,SINGOSARI,CANDIRENGGO,BATU
9227818580,,ODP-KPO-FX/04,-7.892931,112.580396,,,7,1,0,0,8,REGIONAL 5,MALANG,BATU,KPO,KARANGPLOSO,,2024-03-16 23:29:17,44809,2022,9,NON TITO,,,JAWA TIMUR,0.125,GREEN,1220792304,AREA 3,JATIM,MALANG,MALANG,,,0,0,0,JAWA TIMUR,KOTA BATU,JUNREJO,PENDEM,BATU
5656468753,,ODP-BLB-FDQ/72,-7.932589,112.661608,,,5,3,0,0,8,REGIONAL 5,MALANG,MALANG,BLB,BLIMBING,,2024-03-16 23:27:22,44144,2020,11,NON TITO,,,JAWA TIMUR,0.375,GREEN,856555663,AREA 3,JATIM,MALANG,MALANG,,,0,0,0,JAWA TIMUR,KOTA MALANG,BLIMBING,ARJOSARI,BATU
2612444037,,ODP-BLB-FCE/35,-7.942057,112.630428,,,12,4,0,0,16,REGIONAL 5,MALANG,MALANG,BLB,BLIMBING,,2024-03-16 23:27:48,43272,2018,6,NON TITO,,,JAWA TIMUR,0.25,GREEN,361671742,AREA 3,JATIM,MALANG,MALANG,,,0,0,0,JAWA TIMUR,KOTA MALANG,LOWOKWARU,MOJOLANGU,BATU
9230969414,,ODP-LWG-FW/21,-7.847775,112.706207,,,5,3,0,0,8,REGIONAL 5,MALANG,MALANG,LWG,LAWANG,,2024-03-16 23:23:29,44811,2022,9,NON TITO,,,JAWA TIMUR,0.375,GREEN,1221082938,AREA 3,JATIM,MALANG,MALANG,,,0,0,0,JAWA TIMUR,MALANG,LAWANG,KALIREJO,BATU
5601870012,,ODP-BLB-FCF/74,-7.939,112.622725,,,6,2,0,0,8,REGIONAL 5,MALANG,MALANG,BLB,BLIMBING,,2024-03-16 23:26:53,44139,2020,11,NON TITO,,,JAWA TIMUR,0.25,GREEN,856342920,AREA 3,JATIM,MALANG,MALANG,,,0,0,0,JAWA TIMUR,KOTA MALANG,LOWOKWARU,TULUSREJO,BATU
5601870002,,ODP-BLB-FCF/61,-7.939585,112.622372,,,6,2,0,0,8,REGIONAL 5,MALANG,MALANG,BLB,BLIMBING,,2024-03-16 23:26:54,44139,2020,11,NON TITO,,,JAWA TIMUR,0.25,GREEN,856342913,AREA 3,JATIM,MALANG,MALANG,,,0,0,0,JAWA TIMUR,KOTA MALANG,LOWOKWARU,TULUSREJO,BATU
9243046159,,ODP-KPO-FY/08,-7.902297,112.581136,,,5,3,0,0,8,REGIONAL 5,MALANG,BATU,KPO,KARANGPLOSO,,2024-03-16 23:28:51,44814,2022,9,NON TITO,,,JAWA TIMUR,0.375,GREEN,1224698655,AREA 3,JATIM,MALANG,MALANG,,,0,0,0,JAWA TIMUR,KOTA BATU,JUNREJO,PENDEM,BATU
2606974647,,ODP-TMP-FD/12,-8.017047,112.759858,,,9,6,1,0,16,REGIONAL 5,MALANG,MALANG,TMP,TUMPANG,,2024-03-16 23:21:08,43278,2018,6,NON TITO,,,JAWA TIMUR,0.375,GREEN,361755740,AREA 3,JATIM,MALANG,MALANG,,,0,0,0,JAWA TIMUR,MALANG,TUMPANG,TULUSBESAR,BATU
1092061603,,ODP-KPO-FBD/11,-7.928277,112.572355,,,12,4,0,0,16,REGIONAL 5,MALANG,BATU,KPO,KARANGPLOSO,,2024-03-16 23:25:05,42713,2016,12,NON TITO,,,JAWA TIMUR,0.25,GREEN,38973632,AREA 3,JATIM,MALANG,MALANG,,,0,0,0,JAWA TIMUR,MALANG,DAU,SUMBERSEKAR,BATU
1092073461,,ODP-BLB-FM/08,-7.954623,112.627165,,,10,6,0,0,16,REGIONAL 5,MALANG,MALANG,BLB,BLIMBING,,2024-03-16 23:27:12,42714,2016,12,NON TITO,,,JAWA TIMUR,0.375,GREEN,38979406,AREA 3,JATIM,MALANG,MALANG,,,0,0,0,JAWA TIMUR,KOTA MALANG,LOWOKWARU,LOWOKWARU,BATU
2606974284,,ODP-KPO-FBC/39,-7.923301,112.581901,,,12,4,0,0,16,REGIONAL 5,MALANG,BATU,KPO,KARANGPLOSO,,2024-03-16 23:27:15,43278,2018,6,NON TITO,,,JAWA TIMUR,0.25,GREEN,361697585,AREA 3,JATIM,MALANG,MALANG,,,0,0,0,JAWA TIMUR,MALANG,DAU,MULYOAGUNG,BATU
1104573036,,ODP-LWG-FD/17,-7.837388,112.688085,,,5,3,0,0,8,REGIONAL 5,MALANG,MALANG,LWG,LAWANG,,2024-03-16 23:25:29,42727,2016,12,NON TITO,,,JAWA TIMUR,0.375,GREEN,39088261,AREA 3,JATIM,MALANG,MALANG,,,0,0,0,JAWA TIMUR,MALANG,LAWANG,KETINDAN,BATU
5597369795,,ODP-BLB-FDW/127,-7.95637,112.651309,,,5,3,0,0,8,REGIONAL 5,MALANG,MALANG,BLB,BLIMBING,,2024-03-16 23:23:56,44133,2020,10,NON TITO,,,JAWA TIMUR,0.375,GREEN,855891153,AREA 3,JATIM,MALANG,MALANG,,,0,0,0,JAWA TIMUR,KOTA MALANG,BLIMBING,PURWANTORO,BATU
1108544612,,ODP-BLB-FCL/03,-7.95656,112.637922,,,10,6,0,0,16,REGIONAL 5,MALANG,MALANG,BLB,BLIMBING,,2024-03-16 23:27:48,42733,2016,12,NON TITO,,,JAWA TIMUR,0.375,GREEN,39195334,AREA 3,JATIM,MALANG,MALANG,,,0,0,0,JAWA TIMUR,KOTA MALANG,LOWOKWARU,LOWOKWARU,BATU
1104628606,,ODP-KPO-FBG/16,-7.906486,112.579275,,,7,1,0,0,8,REGIONAL 5,MALANG,BATU,KPO,KARANGPLOSO,,2024-03-16 23:22:00,42735,2016,12,NON TITO,,,JAWA TIMUR,0.125,GREEN,39208067,AREA 3,JATIM,MALANG,MALANG,,,0,0,0,JAWA TIMUR,KOTA BATU,JUNREJO,DADAPREJO,BATU
2606974217,,ODP-KPO-FBC/37,-7.919608,112.58205,,,9,6,0,0,16,REGIONAL 5,MALANG,BATU,KPO,KARANGPLOSO,,2024-03-16 23:27:13,43278,2018,6,NON TITO,,,JAWA TIMUR,0.375,GREEN,361697552,AREA 3,JATIM,MALANG,MALANG,,,0,0,0,JAWA TIMUR,MALANG,DAU,MULYOAGUNG,BATU
9246193922,,ODP-BLB-FW/82,-7.940221,112.649474,,,5,3,0,0,8,REGIONAL 5,MALANG,MALANG,BLB,BLIMBING,,2024-03-16 23:22:35,44813,2022,9,NON TITO,,,JAWA TIMUR,0.375,GREEN,1224691199,AREA 3,JATIM,MALANG,MALANG,,,0,0,0,JAWA TIMUR,KOTA MALANG,BLIMBING,PURWODADI,BATU
9246344201,,ODP-LWG-FX/35,-7.832168,112.697087,,,5,3,0,0,8,REGIONAL 5,MALANG,MALANG,LWG,LAWANG,,2024-03-16 23:26:50,44813,2022,9,NON TITO,,,JAWA TIMUR,0.375,GREEN,1224688546,AREA 3,JATIM,MALANG,MALANG,,,0,0,0,JAWA TIMUR,MALANG,LAWANG,LAWANG,BATU
9246344196,,ODP-LWG-FX/33,-7.833047,112.695895,,,7,1,0,0,8,REGIONAL 5,MALANG,MALANG,LWG,LAWANG,,2024-03-16 23:26:56,44813,2022,9,NON TITO,,,JAWA TIMUR,0.125,GREEN,1224688543,AREA 3,JATIM,MALANG,MALANG,,,0,0,0,JAWA TIMUR,MALANG,LAWANG,LAWANG,BATU
9246344189,,ODP-LWG-FX/31,-7.831803,112.69568,,,11,5,0,0,16,REGIONAL 5,MALANG,MALANG,LWG,LAWANG,,2024-03-16 23:27:13,44813,2022,9,NON TITO,,,JAWA TIMUR,0.3125,GREEN,1224688539,AREA 3,JATIM,MALANG,MALANG,,,0,0,0,JAWA TIMUR,MALANG,LAWANG,LAWANG,BATU
5601869957,,ODP-BLB-FCF/62,-7.940313,112.622196,,,6,2,0,0,8,REGIONAL 5,MALANG,MALANG,BLB,BLIMBING,,2024-03-16 23:21:04,44139,2020,11,NON TITO,,,JAWA TIMUR,0.25,GREEN,856342883,AREA 3,JATIM,MALANG,MALANG,,,0,0,0,JAWA TIMUR,KOTA MALANG,LOWOKWARU,TULUSREJO,BATU
9246344179,,ODP-LWG-FX/32,-7.832942,112.695622,,,5,3,0,0,8,REGIONAL 5,MALANG,MALANG,LWG,LAWANG,,2024-03-16 23:27:01,44813,2022,9,NON TITO,,,JAWA TIMUR,0.375,GREEN,1224688533,AREA 3,JATIM,MALANG,MALANG,,,0,0,0,JAWA TIMUR,MALANG,LAWANG,LAWANG,BATU
1123628903,,ODP-TMP-FA/11,-8.045208,112.770322,,,5,3,0,0,8,REGIONAL 5,MALANG,MALANG,TMP,TUMPANG,,2024-03-16 23:23:52,42741,2017,1,NON TITO,,,JAWA TIMUR,0.375,GREEN,39362901,AREA 3,JATIM,MALANG,MALANG,,,0,0,0,JAWA TIMUR,MALANG,PONCOKUSUMO,KARANGNONGKO,BATU
5601869962,,ODP-BLB-FCF/64,-7.939905,112.623051,,,5,3,0,0,8,REGIONAL 5,MALANG,MALANG,BLB,BLIMBING,,2024-03-16 23:26:31,44139,2020,11,NON TITO,,,JAWA TIMUR,0.375,GREEN,856342887,AREA 3,JATIM,MALANG,MALANG,,,0,0,0,JAWA TIMUR,KOTA MALANG,LOWOKWARU,TULUSREJO,BATU
9230969453,,ODP-LWG-FW/31,-7.848467,112.697937,,,5,3,0,0,8,REGIONAL 5,MALANG,MALANG,LWG,LAWANG,,2024-03-16 23:23:25,44811,2022,9,NON TITO,,,JAWA TIMUR,0.375,GREEN,1221082967,AREA 3,JATIM,MALANG,MALANG,,,0,0,0,JAWA TIMUR,MALANG,LAWANG,KALIREJO,BATU
9230969447,,ODP-LWG-FW/20,-7.84862,112.705788,,,5,3,0,0,8,REGIONAL 5,MALANG,MALANG,LWG,LAWANG,,2024-03-16 23:23:21,44811,2022,9,NON TITO,,,JAWA TIMUR,0.375,GREEN,1221082963,AREA 3,JATIM,MALANG,MALANG,,,0,0,0,JAWA TIMUR,MALANG,LAWANG,KALIREJO,BATU
5601869982,,ODP-BLB-FCF/72,-7.940563,112.622827,,,6,2,0,0,8,REGIONAL 5,MALANG,MALANG,BLB,BLIMBING,,2024-03-16 23:26:54,44139,2020,11,NON TITO,,,JAWA TIMUR,0.25,GREEN,856342900,AREA 3,JATIM,MALANG,MALANG,,,0,0,0,JAWA TIMUR,KOTA MALANG,LOWOKWARU,TULUSREJO,BATU
9243046164,,ODP-KPO-FY/07,-7.902085,112.581777,,,5,3,0,0,8,REGIONAL 5,MALANG,BATU,KPO,KARANGPLOSO,,2024-03-16 23:29:07,44814,2022,9,NON TITO,,,JAWA TIMUR,0.375,GREEN,1224698658,AREA 3,JATIM,MALANG,MALANG,,,0,0,0,JAWA TIMUR,KOTA BATU,JUNREJO,PENDEM,BATU
11416018528,,ODP-KPO-FC/95,-7.927193,112.591825,,,13,3,0,0,16,REGIONAL 5,MALANG,MALANG,TMP,TUMPANG,,2024-03-20 17:09:30,45371,2024,3,NON TITO,,,JAWA TIMUR,0.1875,GREEN,1417881369,AREA 3,JATIM,MALANG,MALANG,,,0,0,0,JAWA TIMUR,MALANG,DAU,MULYOAGUNG,BATU
10997743583,,ODP-BLB-FBV/32,-7.946808,112.650451,,,6,2,0,0,8,REGIONAL 5,MALANG,MALANG,BLB,BLIMBING,,2024-03-16 23:23:01,45253,2023,11,NON TITO,,,JAWA TIMUR,0.25,GREEN,1337064250,AREA 3,JATIM,MALANG,MALANG,,,0,0,0,JAWA TIMUR,KOTA MALANG,BLIMBING,BLIMBING,BATU
288065030,,ODP-BLB-FP/27,-7.934239,112.625406,,,11,5,0,0,16,REGIONAL 5,MALANG,MALANG,BLB,BLIMBING,,2024-03-16 23:22:29,42483,2016,4,NON TITO,,,JAWA TIMUR,0.3125,GREEN,19392010,AREA 3,JATIM,MALANG,MALANG,,,0,0,0,JAWA TIMUR,KOTA MALANG,LOWOKWARU,MOJOLANGU,BATU
288054202,,ODP-BLB-FR/12,-7.9389,112.6207,,,9,5,0,0,16,REGIONAL 5,MALANG,MALANG,BLB,BLIMBING,,2024-03-16 23:28:24,42483,2016,4,NON TITO,,,JAWA TIMUR,0.3125,GREEN,19384036,AREA 3,JATIM,MALANG,MALANG,,,0,0,0,JAWA TIMUR,KOTA MALANG,LOWOKWARU,TULUSREJO,BATU
12186118811,,ODP-BTU-FBT/40,-7.866167,112.502368,,,7,1,0,0,8,REGIONAL 5,MALANG,BATU,BTU,BATU,,2025-05-31 18:09:41,45807,2025,5,NON TITO,,,JAWA TIMUR,0.125,GREEN,1499221873,AREA 3,JATIM,MALANG,MALANG,,,0,0,0,JAWA TIMUR,KOTA BATU,BATU,SONGGOKERTO,BATU
4794945813,,ODP-BLB-FCW/81,-7.957338,112.63109,,,11,5,0,0,16,REGIONAL 5,MALANG,MALANG,BLB,BLIMBING,,2024-03-16 23:29:17,43934,2020,4,NON TITO,,,JAWA TIMUR,0.3125,GREEN,827892059,AREA 3,JATIM,MALANG,MALANG,,,0,0,0,JAWA TIMUR,KOTA MALANG,LOWOKWARU,LOWOKWARU,BATU
12185143949,,ODP-TMP-FM/07,-7.97873,112.745227,,,7,1,0,0,8,REGIONAL 5,MALANG,MALANG,TMP,TUMPANG,,2025-05-31 18:07:40,45807,2025,5,NON TITO,,,JAWA TIMUR,0.125,GREEN,1499221394,AREA 3,JATIM,MALANG,MALANG,,,0,0,0,JAWA TIMUR,MALANG,PAKIS,SUKOANYAR,BATU
4630695989,,ODP-LWG-FD/54,-7.841624,112.685255,,,5,2,0,0,8,REGIONAL 5,MALANG,MALANG,LWG,LAWANG,,2024-03-16 23:26:27,43879,2020,2,NON TITO,,,JAWA TIMUR,0.25,GREEN,823791065,AREA 3,JATIM,MALANG,MALANG,,,0,0,0,JAWA TIMUR,MALANG,LAWANG,KALIREJO,BATU
4814368562,,ODP-BLB-FBC/41,-7.918389,112.645939,,,5,3,0,0,8,REGIONAL 5,MALANG,MALANG,BLB,BLIMBING,,2024-03-16 23:22:17,43931,2020,4,NON TITO,,,JAWA TIMUR,0.375,GREEN,827920910,AREA 3,JATIM,MALANG,MALANG,,,0,0,0,JAWA TIMUR,KOTA MALANG,BLIMBING,BALEARJOSARI,BATU
12185143944,,ODP-TMP-FM/09,-7.979226,112.74776,,,6,2,0,0,8,REGIONAL 5,MALANG,MALANG,TMP,TUMPANG,,2025-05-31 18:07:56,45807,2025,5,NON TITO,,,JAWA TIMUR,0.25,GREEN,1499221391,AREA 3,JATIM,MALANG,MALANG,,,0,0,0,JAWA TIMUR,MALANG,PAKIS,SUKOANYAR,BATU
12185143939,,ODP-TMP-FM/08,-7.978319,112.744361,,,6,2,0,0,8,REGIONAL 5,MALANG,MALANG,TMP,TUMPANG,,2025-05-31 18:07:55,45807,2025,5,NON TITO,,,JAWA TIMUR,0.25,GREEN,1499221387,AREA 3,JATIM,MALANG,MALANG,,,0,0,0,JAWA TIMUR,MALANG,PAKIS,SUKOANYAR,BATU
12185143934,,ODP-TMP-FM/11,-7.977202,112.746551,,,5,3,0,0,8,REGIONAL 5,MALANG,MALANG,TMP,TUMPANG,,2025-05-31 18:08:09,45807,2025,5,NON TITO,,,JAWA TIMUR,0.375,GREEN,1499221383,AREA 3,JATIM,MALANG,MALANG,,,0,0,0,JAWA TIMUR,MALANG,PAKIS,SUKOANYAR,BATU
288054702,,ODP-SGS-FA/06,-7.8812,112.6376,,,12,3,0,0,16,REGIONAL 5,MALANG,MALANG,SGS,SINGOSARI,,2024-03-16 23:27:25,42483,2016,4,NON TITO,,,JAWA TIMUR,0.1875,GREEN,19384430,AREA 3,JATIM,MALANG,MALANG,,,0,0,0,JAWA TIMUR,MALANG,SINGOSARI,PURWOASRI,BATU
12186118816,,ODP-BTU-FBT/41,-7.867119,112.503041,,,6,2,0,0,8,REGIONAL 5,MALANG,BATU,BTU,BATU,,2025-05-31 18:09:45,45807,2025,5,NON TITO,,,JAWA TIMUR,0.25,GREEN,1499221876,AREA 3,JATIM,MALANG,MALANG,,,0,0,0,JAWA TIMUR,KOTA BATU,BATU,SONGGOKERTO,BATU
288054896,,ODP-SGS-FA/01,-7.8809,112.6366,,,10,6,0,0,16,REGIONAL 5,MALANG,MALANG,SGS,SINGOSARI,,2024-03-16 23:28:39,42483,2016,4,NON TITO,,,JAWA TIMUR,0.375,GREEN,19384580,AREA 3,JATIM,MALANG,MALANG,,,0,0,0,JAWA TIMUR,MALANG,SINGOSARI,PURWOASRI,BATU
12184018734,,ODP-PKS-FH/58,-7.953185,112.764586,,,6,2,0,0,8,REGIONAL 5,MALANG,MALANG,PKS,PAKIS,,2025-05-28 17:52:16,45804,2025,5,NON TITO,,,JAWA TIMUR,0.25,GREEN,1498225397,AREA 3,JATIM,MALANG,MALANG,,,0,0,0,JAWA TIMUR,MALANG,JABUNG,GADINGKEMBAR,BATU
288055145,,ODP-SGS-FA/08,-7.8811,112.6381,,,11,5,0,0,16,REGIONAL 5,MALANG,MALANG,SGS,SINGOSARI,,2024-03-16 23:27:47,42483,2016,4,NON TITO,,,JAWA TIMUR,0.3125,GREEN,19384773,AREA 3,JATIM,MALANG,MALANG,,,0,0,0,JAWA TIMUR,MALANG,SINGOSARI,PURWOASRI,BATU
288055311,,ODP-SGS-FA/07,-7.8817,112.6376,,,5,3,0,0,8,REGIONAL 5,MALANG,MALANG,SGS,SINGOSARI,,2024-03-16 23:28:31,42483,2016,4,NON TITO,,,JAWA TIMUR,0.375,GREEN,19384904,AREA 3,JATIM,MALANG,MALANG,,,0,0,0,JAWA TIMUR,MALANG,SINGOSARI,PURWOASRI,BATU
288055320,,ODP-BLB-FV/32,-7.9633,112.6518,,,10,5,0,0,16,REGIONAL 5,MALANG,MALANG,BLB,BLIMBING,,2024-03-16 23:28:36,42483,2016,4,NON TITO,,,JAWA TIMUR,0.3125,GREEN,19384912,AREA 3,JATIM,MALANG,MALANG,,,0,0,0,JAWA TIMUR,KOTA MALANG,BLIMBING,PANDANWANGI,BATU
288055545,,ODP-BLB-FT/49,-7.9492,112.6278,,,11,4,0,0,16,REGIONAL 5,MALANG,MALANG,BLB,BLIMBING,,2024-03-16 23:28:33,42483,2016,4,NON TITO,,,JAWA TIMUR,0.25,GREEN,19385091,AREA 3,JATIM,MALANG,MALANG,,,0,0,0,JAWA TIMUR,KOTA MALANG,LOWOKWARU,JATIMULYO,BATU
12178469063,,ODP-LWG-FAD/35,-7.850937,112.698858,,,6,2,0,0,8,REGIONAL 5,MALANG,MALANG,LWG,LAWANG,,2025-05-21 17:54:06,45797,2025,5,NON TITO,,,JAWA TIMUR,0.25,GREEN,1498189321,AREA 3,JATIM,MALANG,MALANG,,,0,0,0,JAWA TIMUR,MALANG,LAWANG,KALIREJO,BATU
12178469053,,ODP-LWG-FAD/41,-7.849408,112.698343,,,7,1,0,0,8,REGIONAL 5,MALANG,MALANG,LWG,LAWANG,,2025-05-21 17:53:39,45797,2025,5,NON TITO,,,JAWA TIMUR,0.125,GREEN,1498189313,AREA 3,JATIM,MALANG,MALANG,,,0,0,0,JAWA TIMUR,MALANG,LAWANG,KALIREJO,BATU
12178469048,,ODP-LWG-FAD/37,-7.850013,112.699167,,,6,2,0,0,8,REGIONAL 5,MALANG,MALANG,LWG,LAWANG,,2025-05-21 17:53:37,45797,2025,5,NON TITO,,,JAWA TIMUR,0.25,GREEN,1498189310,AREA 3,JATIM,MALANG,MALANG,,,0,0,0,JAWA TIMUR,MALANG,LAWANG,KALIREJO,BATU
12178469043,,ODP-LWG-FAD/40,-7.849806,112.699272,,,6,2,0,0,8,REGIONAL 5,MALANG,MALANG,LWG,LAWANG,,2025-05-21 17:54:01,45797,2025,5,NON TITO,,,JAWA TIMUR,0.25,GREEN,1498189307,AREA 3,JATIM,MALANG,MALANG,,,0,0,0,JAWA TIMUR,MALANG,LAWANG,KALIREJO,BATU
12178469038,,ODP-LWG-FAD/34,-7.851124,112.698403,,,5,3,0,0,8,REGIONAL 5,MALANG,MALANG,LWG,LAWANG,,2025-05-21 17:53:10,45797,2025,5,NON TITO,,,JAWA TIMUR,0.375,GREEN,1498189300,AREA 3,JATIM,MALANG,MALANG,,,0,0,0,JAWA TIMUR,MALANG,LAWANG,KALIREJO,BATU
12184018739,,ODP-PKS-FH/57,-7.95308,112.76262,,,5,3,0,0,8,REGIONAL 5,MALANG,MALANG,PKS,PAKIS,,2025-05-28 17:52:22,45804,2025,5,NON TITO,,,JAWA TIMUR,0.375,GREEN,1498225400,AREA 3,JATIM,MALANG,MALANG,,,0,0,0,JAWA TIMUR,MALANG,JABUNG,GADINGKEMBAR,BATU
12176894121,,ODP-TMP-FH/67,-8.010029,112.706675,,,6,2,0,0,8,REGIONAL 5,MALANG,MALANG,TMP,TUMPANG,,2025-05-21 17:54:22,45797,2025,5,NON TITO,,,JAWA TIMUR,0.25,GREEN,1498187001,AREA 3,JATIM,MALANG,MALANG,,,0,0,0,JAWA TIMUR,MALANG,TUMPANG,KAMBINGAN,BATU
288054121,,ODP-SGS-FA/04,-7.8811,112.6369,,,11,5,0,0,16,REGIONAL 5,MALANG,MALANG,SGS,SINGOSARI,,2024-03-16 23:28:27,42483,2016,4,NON TITO,,,JAWA TIMUR,0.3125,GREEN,19383974,AREA 3,JATIM,MALANG,MALANG,,,0,0,0,JAWA TIMUR,MALANG,SINGOSARI,PURWOASRI,BATU
288054095,,ODP-BLB-FR/60,-7.9426,112.6213,,,10,6,0,0,16,REGIONAL 5,MALANG,MALANG,BLB,BLIMBING,,2024-03-16 23:28:22,42483,2016,4,NON TITO,,,JAWA TIMUR,0.375,GREEN,19383950,AREA 3,JATIM,MALANG,MALANG,,,0,0,0,JAWA TIMUR,KOTA MALANG,LOWOKWARU,JATIMULYO,BATU
288052277,,ODP-BLB-FR/49,-7.9391,112.6227,,,6,2,0,0,8,REGIONAL 5,MALANG,MALANG,BLB,BLIMBING,,2024-03-16 23:23:02,42483,2016,4,NON TITO,,,JAWA TIMUR,0.25,GREEN,19382539,AREA 3,JATIM,MALANG,MALANG,,,0,0,0,JAWA TIMUR,KOTA MALANG,LOWOKWARU,TULUSREJO,BATU
288052289,,ODP-BLB-FR/13,-7.9392,112.6205,,,11,4,0,0,16,REGIONAL 5,MALANG,MALANG,BLB,BLIMBING,,2024-03-16 23:28:10,42483,2016,4,NON TITO,,,JAWA TIMUR,0.25,GREEN,19382550,AREA 3,JATIM,MALANG,MALANG,,,0,0,0,JAWA TIMUR,KOTA MALANG,LOWOKWARU,TULUSREJO,BATU
12183422041,,ODP-SGS-FF/124,-7.921774,112.735048,,,6,2,0,0,8,REGIONAL 5,MALANG,MALANG,SGS,SINGOSARI,,2025-06-01 19:17:45,45808,2025,5,NON TITO,,,JAWA TIMUR,0.25,GREEN,1499228233,AREA 3,JATIM,MALANG,MALANG,,,0,0,0,JAWA TIMUR,MALANG,JABUNG,KEMANTREN,BATU
12183422036,,ODP-SGS-FF/129,-7.911868,112.729065,,,5,3,0,0,8,REGIONAL 5,MALANG,MALANG,SGS,SINGOSARI,,2025-06-01 19:17:46,45808,2025,5,NON TITO,,,JAWA TIMUR,0.375,GREEN,1499228228,AREA 3,JATIM,MALANG,MALANG,,,0,0,0,JAWA TIMUR,MALANG,JABUNG,GUNUNGJATI,BATU
288052388,,ODP-BLB-FR/26,-7.9396,112.6201,,,5,3,0,0,8,REGIONAL 5,MALANG,MALANG,BLB,BLIMBING,,2024-03-16 23:27:48,42483,2016,4,NON TITO,,,JAWA TIMUR,0.375,GREEN,19382621,AREA 3,JATIM,MALANG,MALANG,,,0,0,0,JAWA TIMUR,KOTA MALANG,LOWOKWARU,TULUSREJO,BATU
288052431,,ODP-BLB-FY/40,-7.9607,112.6542,,,12,3,0,0,16,REGIONAL 5,MALANG,MALANG,BLB,BLIMBING,,2024-03-16 23:27:57,42483,2016,4,NON TITO,,,JAWA TIMUR,0.1875,GREEN,19382655,AREA 3,JATIM,MALANG,MALANG,,,0,0,0,JAWA TIMUR,KOTA MALANG,BLIMBING,PANDANWANGI,BATU
288052450,,ODP-BLB-FR/14,-7.9416,112.6179,,,7,1,0,0,8,REGIONAL 5,MALANG,MALANG,BLB,BLIMBING,,2024-03-16 23:28:15,42483,2016,4,NON TITO,,,JAWA TIMUR,0.125,GREEN,19382671,AREA 3,JATIM,MALANG,MALANG,,,0,0,0,JAWA TIMUR,KOTA MALANG,LOWOKWARU,JATIMULYO,BATU
288052610,,ODP-BLB-FY/52,-7.9585,112.6545,,,11,5,0,0,16,REGIONAL 5,MALANG,MALANG,BLB,BLIMBING,,2024-03-16 23:27:16,42483,2016,4,NON TITO,,,JAWA TIMUR,0.3125,GREEN,19382800,AREA 3,JATIM,MALANG,MALANG,,,0,0,0,JAWA TIMUR,KOTA MALANG,BLIMBING,PANDANWANGI,BATU
288052663,,ODP-BLB-FR/48,-7.9395,112.6236,,,11,4,0,0,16,REGIONAL 5,MALANG,MALANG,BLB,BLIMBING,,2024-03-16 23:26:57,42483,2016,4,NON TITO,,,JAWA TIMUR,0.25,GREEN,19382845,AREA 3,JATIM,MALANG,MALANG,,,0,0,0,JAWA TIMUR,KOTA MALANG,LOWOKWARU,TULUSREJO,BATU
288052699,,ODP-BLB-FR/25,-7.9399,112.6199,,,6,2,0,0,8,REGIONAL 5,MALANG,MALANG,BLB,BLIMBING,,2024-03-16 23:28:08,42483,2016,4,NON TITO,,,JAWA TIMUR,0.25,GREEN,19382871,AREA 3,JATIM,MALANG,MALANG,,,0,0,0,JAWA TIMUR,KOTA MALANG,LOWOKWARU,TULUSREJO,BATU
12184545236,,ODP-PKS-FY/32,-7.951161,112.71598,,,5,3,0,0,8,REGIONAL 5,MALANG,MALANG,PKS,PAKIS,,2025-05-31 18:09:59,45807,2025,5,NON TITO,,,JAWA TIMUR,0.375,GREEN,1499222016,AREA 3,JATIM,MALANG,MALANG,,,0,0,0,JAWA TIMUR,MALANG,PAKIS,PAKISJAJAR,BATU
288052790,,ODP-BLB-FY/62,-7.9573,112.654,,,5,3,0,0,8,REGIONAL 5,MALANG,MALANG,BLB,BLIMBING,,2024-03-16 23:27:18,42483,2016,4,NON TITO,,,JAWA TIMUR,0.375,GREEN,19382943,AREA 3,JATIM,MALANG,MALANG,,,0,0,0,JAWA TIMUR,KOTA MALANG,BLIMBING,PANDANWANGI,BATU
4794945810,,ODP-BLB-FCW/94,-7.951183,112.6297,,,5,3,0,0,8,REGIONAL 5,MALANG,MALANG,BLB,BLIMBING,,2024-03-16 23:28:39,43934,2020,4,NON TITO,,,JAWA TIMUR,0.375,GREEN,827892057,AREA 3,JATIM,MALANG,MALANG,,,0,0,0,JAWA TIMUR,KOTA MALANG,LOWOKWARU,LOWOKWARU,BATU
12183422011,,ODP-SGS-FF/135,-7.925047,112.735104,,,5,3,0,0,8,REGIONAL 5,MALANG,MALANG,SGS,SINGOSARI,,2025-06-01 19:16:43,45808,2025,5,NON TITO,,,JAWA TIMUR,0.375,GREEN,1499228211,AREA 3,JATIM,MALANG,MALANG,,,0,0,0,JAWA TIMUR,MALANG,JABUNG,KEMANTREN,BATU
288053209,,ODP-BLB-FU/66,-7.9582,112.6503,,,12,4,0,0,16,REGIONAL 5,MALANG,MALANG,BLB,BLIMBING,,2024-03-16 23:28:26,42483,2016,4,NON TITO,,,JAWA TIMUR,0.25,GREEN,19383262,AREA 3,JATIM,MALANG,MALANG,,,0,0,0,JAWA TIMUR,KOTA MALANG,BLIMBING,PURWANTORO,BATU
288053654,,ODP-BLB-FN/21,-7.9214,112.6178,,,11,4,0,0,16,REGIONAL 5,MALANG,MALANG,BLB,BLIMBING,,2024-03-16 23:28:12,42483,2016,4,NON TITO,,,JAWA TIMUR,0.25,GREEN,19383618,AREA 3,JATIM,MALANG,MALANG,,,0,0,0,JAWA TIMUR,KOTA MALANG,LOWOKWARU,TUNGGULWULUNG,BATU
12183421981,,ODP-SGS-FF/137,-7.903556,112.72231,,,5,3,0,0,8,REGIONAL 5,MALANG,MALANG,SGS,SINGOSARI,,2025-06-01 19:16:14,45808,2025,5,NON TITO,,,JAWA TIMUR,0.375,GREEN,1499228190,AREA 3,JATIM,MALANG,MALANG,,,0,0,0,JAWA TIMUR,MALANG,SINGOSARI,DENGKOL,BATU
288053813,,ODP-BLB-FJ/16,-7.9563,112.6436,,,11,5,0,0,16,REGIONAL 5,MALANG,MALANG,BLB,BLIMBING,,2024-03-16 23:28:14,42483,2016,4,NON TITO,,,JAWA TIMUR,0.3125,GREEN,19383740,AREA 3,JATIM,MALANG,MALANG,,,0,0,0,JAWA TIMUR,KOTA MALANG,BLIMBING,PURWANTORO,BATU
288053885,,ODP-BLB-FX/15,-7.918,112.5962,,,10,6,0,0,16,REGIONAL 5,MALANG,MALANG,BLB,BLIMBING,,2024-03-16 23:28:27,42483,2016,4,NON TITO,,,JAWA TIMUR,0.375,GREEN,19383792,AREA 3,JATIM,MALANG,MALANG,,,0,0,0,JAWA TIMUR,MALANG,KARANGPLOSO,TEGALGONDO,BATU
288053934,,ODP-BLB-FJ/40,-7.952546,112.640979,,,10,6,0,0,16,REGIONAL 5,MALANG,MALANG,BLB,BLIMBING,,2024-03-16 23:28:30,42483,2016,4,NON TITO,,,JAWA TIMUR,0.375,GREEN,19383830,AREA 3,JATIM,MALANG,MALANG,,,0,0,0,JAWA TIMUR,KOTA MALANG,BLIMBING,PURWANTORO,BATU
4630696039,,ODP-BTU-FAG/102,-7.817701,112.527373,,,5,3,0,0,8,REGIONAL 5,MALANG,BATU,BTU,BATU,,2024-03-16 23:26:40,43879,2020,2,NON TITO,,,JAWA TIMUR,0.375,GREEN,823791092,AREA 3,JATIM,MALANG,MALANG,,,0,0,0,JAWA TIMUR,KOTA BATU,BUMIAJI,TULUNGREJO,BATU
12184545241,,ODP-PKS-FY/30,-7.95144,112.713903,,,7,1,0,0,8,REGIONAL 5,MALANG,MALANG,PKS,PAKIS,,2025-05-31 18:10:01,45807,2025,5,NON TITO,,,JAWA TIMUR,0.125,GREEN,1499222022,AREA 3,JATIM,MALANG,MALANG,,,0,0,0,JAWA TIMUR,MALANG,PAKIS,PAKISJAJAR,BATU
12183422021,,ODP-SGS-FF/128,-7.912251,112.731044,,,6,2,0,0,8,REGIONAL 5,MALANG,MALANG,SGS,SINGOSARI,,2025-06-01 19:18:00,45808,2025,5,NON TITO,,,JAWA TIMUR,0.25,GREEN,1499228217,AREA 3,JATIM,MALANG,MALANG,,,0,0,0,JAWA TIMUR,MALANG,JABUNG,GUNUNGJATI,BATU
288057073,,ODP-BLB-FAA/27,-7.9347,112.6324,,,10,6,0,0,16,REGIONAL 5,MALANG,MALANG,BLB,BLIMBING,,2024-03-16 23:28:16,42483,2016,4,NON TITO,,,JAWA TIMUR,0.375,GREEN,19386309,AREA 3,JATIM,MALANG,MALANG,,,0,0,0,JAWA TIMUR,KOTA MALANG,LOWOKWARU,MOJOLANGU,BATU
288057150,,ODP-BLB-FV/36,-7.9644,112.6519,,,6,1,0,0,8,REGIONAL 5,MALANG,MALANG,BLB,BLIMBING,,2024-03-16 23:28:52,42483,2016,4,NON TITO,,,JAWA TIMUR,0.125,GREEN,19386371,AREA 3,JATIM,MALANG,MALANG,,,0,0,0,JAWA TIMUR,KOTA MALANG,BLIMBING,PANDANWANGI,BATU
12176219087,,ODP-BLB-FF/07,-7.930533,112.650102,,,7,1,0,0,8,REGIONAL 5,MALANG,MALANG,BLB,BLIMBING,,2025-05-20 17:49:24,45796,2025,5,NON TITO,,,JAWA TIMUR,0.125,GREEN,1498184628,AREA 3,JATIM,MALANG,MALANG,,,0,0,0,JAWA TIMUR,KOTA MALANG,BLIMBING,POLOWIJEN,BATU
4794870492,,ODP-BLB-FCH/88,-7.942404,112.640746,,,5,3,0,0,8,REGIONAL 5,MALANG,MALANG,BLB,BLIMBING,,2024-03-16 23:27:13,43935,2020,4,NON TITO,,,JAWA TIMUR,0.375,GREEN,828201142,AREA 3,JATIM,MALANG,MALANG,,,0,0,0,JAWA TIMUR,KOTA MALANG,BLIMBING,BLIMBING,BATU
12151093579,,ODP-LWG-FAD/16,-7.855913,112.704246,,,7,1,0,0,8,REGIONAL 5,MALANG,MALANG,LWG,LAWANG,,2025-05-10 17:48:32,45786,2025,5,NON TITO,,,JAWA TIMUR,0.125,GREEN,1498025127,AREA 3,JATIM,MALANG,MALANG,,,0,0,0,JAWA TIMUR,MALANG,LAWANG,SIDODADI,BATU
288062004,,ODP-PKS-FA/05,-7.9372,112.7006,,,4,3,0,0,8,REGIONAL 5,MALANG,MALANG,PKS,PAKIS,,2024-03-16 23:22:23,42483,2016,4,NON TITO,,,JAWA TIMUR,0.375,GREEN,19390065,AREA 3,JATIM,MALANG,MALANG,,,0,0,0,JAWA TIMUR,MALANG,PAKIS,ASRIKATON,BATU
12163168595,,ODP-BLB-FX/47,-7.920168,112.597862,,,13,3,0,0,16,REGIONAL 5,MALANG,MALANG,BLB,BLIMBING,,2025-05-09 17:42:44,45786,2025,5,NON TITO,,,JAWA TIMUR,0.1875,GREEN,1498024471,AREA 3,JATIM,MALANG,MALANG,,,0,0,0,JAWA TIMUR,MALANG,KARANGPLOSO,TEGALGONDO,BATU
12144870597,,ODP-PKS-FAB/112,-7.949964,112.67647,,,7,1,0,0,8,REGIONAL 5,MALANG,MALANG,PKS,PAKIS,,2025-05-08 17:54:08,45784,2025,5,NON TITO,,,JAWA TIMUR,0.125,GREEN,1498019268,AREA 3,JATIM,MALANG,MALANG,,,0,0,0,JAWA TIMUR,MALANG,PAKIS,MANGLIAWAN,BATU
288062456,,ODP-BLB-FJ/53,-7.952769,112.646042,,,10,5,0,0,16,REGIONAL 5,MALANG,MALANG,BLB,BLIMBING,,2024-03-16 23:22:21,42483,2016,4,NON TITO,,,JAWA TIMUR,0.3125,GREEN,19390372,AREA 3,JATIM,MALANG,MALANG,,,0,0,0,JAWA TIMUR,KOTA MALANG,BLIMBING,PURWANTORO,BATU
12147044963,,ODP-LWG-FAF/09,-7.848258,112.696458,,,7,1,0,0,8,REGIONAL 5,MALANG,MALANG,LWG,LAWANG,,2025-05-08 17:55:20,45784,2025,5,NON TITO,,,JAWA TIMUR,0.125,GREEN,1497675889,AREA 3,JATIM,MALANG,MALANG,,,0,0,0,JAWA TIMUR,MALANG,LAWANG,KALIREJO,BATU
12147044958,,ODP-LWG-FAF/11,-7.852662,112.695852,,,6,2,0,0,8,REGIONAL 5,MALANG,MALANG,LWG,LAWANG,,2025-05-08 17:52:43,45784,2025,5,NON TITO,,,JAWA TIMUR,0.25,GREEN,1497675886,AREA 3,JATIM,MALANG,MALANG,,,0,0,0,JAWA TIMUR,MALANG,LAWANG,BEDALI,BATU
12147044948,,ODP-LWG-FAF/17,-7.847331,112.697375,,,6,2,0,0,8,REGIONAL 5,MALANG,MALANG,LWG,LAWANG,,2025-05-08 17:55:16,45784,2025,5,NON TITO,,,JAWA TIMUR,0.25,GREEN,1497675880,AREA 3,JATIM,MALANG,MALANG,,,0,0,0,JAWA TIMUR,MALANG,LAWANG,KALIREJO,BATU
288062583,,ODP-BLB-FQ/47,-7.9312,112.6196,,,11,5,0,0,16,REGIONAL 5,MALANG,MALANG,BLB,BLIMBING,,2024-03-16 23:22:25,42483,2016,4,NON TITO,,,JAWA TIMUR,0.3125,GREEN,19390466,AREA 3,JATIM,MALANG,MALANG,,,0,0,0,JAWA TIMUR,KOTA MALANG,LOWOKWARU,TUNGGULWULUNG,BATU
4794870489,,ODP-BLB-FCH/91,-7.942504,112.639707,,,7,1,0,0,8,REGIONAL 5,MALANG,MALANG,BLB,BLIMBING,,2024-03-16 23:27:15,43935,2020,4,NON TITO,,,JAWA TIMUR,0.125,GREEN,828201140,AREA 3,JATIM,MALANG,MALANG,,,0,0,0,JAWA TIMUR,KOTA MALANG,BLIMBING,BLIMBING,BATU
12147044938,,ODP-LWG-FAF/13,-7.851008,112.69626,,,6,2,0,0,8,REGIONAL 5,MALANG,MALANG,LWG,LAWANG,,2025-05-08 17:52:59,45784,2025,5,NON TITO,,,JAWA TIMUR,0.25,GREEN,1497675874,AREA 3,JATIM,MALANG,MALANG,,,0,0,0,JAWA TIMUR,MALANG,LAWANG,BEDALI,BATU
4796444772,,ODP-BLB-FCA/36,-7.96159,112.63791,,,7,1,0,0,8,REGIONAL 5,MALANG,MALANG,BLB,BLIMBING,,2024-03-16 23:28:00,43940,2020,4,NON TITO,,,JAWA TIMUR,0.125,GREEN,828235473,AREA 3,JATIM,MALANG,MALANG,,,0,0,0,JAWA TIMUR,KOTA MALANG,KLOJEN,RAMPAL CELAKET,BATU
12147044933,,ODP-LWG-FAF/12,-7.85004,112.697343,,,5,3,0,0,8,REGIONAL 5,MALANG,MALANG,LWG,LAWANG,,2025-05-08 17:54:39,45784,2025,5,NON TITO,,,JAWA TIMUR,0.375,GREEN,1497675870,AREA 3,JATIM,MALANG,MALANG,,,0,0,0,JAWA TIMUR,MALANG,LAWANG,KALIREJO,BATU
12147044923,,ODP-LWG-FAF/14,-7.850238,112.695349,,,7,1,0,0,8,REGIONAL 5,MALANG,MALANG,LWG,LAWANG,,2025-05-08 17:54:10,45784,2025,5,NON TITO,,,JAWA TIMUR,0.125,GREEN,1497675861,AREA 3,JATIM,MALANG,MALANG,,,0,0,0,JAWA TIMUR,MALANG,LAWANG,BEDALI,BATU
12152743676,,ODP-BLB-FBH/111,-7.926098,112.633266,,,5,3,0,0,8,REGIONAL 5,MALANG,MALANG,BLB,BLIMBING,,2025-05-07 17:44:59,45783,2025,5,NON TITO,,,JAWA TIMUR,0.375,GREEN,1498018569,AREA 3,JATIM,MALANG,MALANG,,,0,0,0,JAWA TIMUR,KOTA MALANG,LOWOKWARU,TUNJUNGSEKAR,BATU
12152743671,,ODP-BLB-FBH/110,-7.923932,112.63576,,,7,1,0,0,8,REGIONAL 5,MALANG,MALANG,BLB,BLIMBING,,2025-05-07 17:45:51,45783,2025,5,NON TITO,,,JAWA TIMUR,0.125,GREEN,1498018566,AREA 3,JATIM,MALANG,MALANG,,,0,0,0,JAWA TIMUR,KOTA MALANG,LOWOKWARU,TUNJUNGSEKAR,BATU
12152743666,,ODP-BLB-FBH/108,-7.923285,112.634762,,,6,2,0,0,8,REGIONAL 5,MALANG,MALANG,BLB,BLIMBING,,2025-05-07 17:46:06,45783,2025,5,NON TITO,,,JAWA TIMUR,0.25,GREEN,1498018563,AREA 3,JATIM,MALANG,MALANG,,,0,0,0,JAWA TIMUR,KOTA MALANG,LOWOKWARU,TUNJUNGSEKAR,BATU
12148768910,,ODP-BTU-FCD/30,-7.841824,112.467082,,,6,2,0,0,8,REGIONAL 5,MALANG,BATU,BTU,BATU,,2025-05-05 17:53:49,45781,2025,5,NON TITO,,,JAWA TIMUR,0.25,GREEN,1498011748,AREA 3,JATIM,MALANG,MALANG,,,0,0,0,JAWA TIMUR,MALANG,PUJON,PUJON LOR,BATU
12138868735,,ODP-TMP-FE/136,-7.993392,112.766669,,,7,1,0,0,8,REGIONAL 5,MALANG,MALANG,TMP,TUMPANG,,2025-05-03 18:27:10,45779,2025,5,NON TITO,,,JAWA TIMUR,0.125,GREEN,1497653028,AREA 3,JATIM,MALANG,MALANG,,,0,0,0,JAWA TIMUR,MALANG,TUMPANG,JERU,BATU
288063405,,ODP-BLB-FQ/28,-7.9311,112.6208,,,10,6,0,0,16,REGIONAL 5,MALANG,MALANG,BLB,BLIMBING,,2024-03-16 23:22:36,42483,2016,4,NON TITO,,,JAWA TIMUR,0.375,GREEN,19390994,AREA 3,JATIM,MALANG,MALANG,,,0,0,0,JAWA TIMUR,KOTA MALANG,LOWOKWARU,TUNGGULWULUNG,BATU
12138868730,,ODP-TMP-FE/138,-7.993078,112.763981,,,6,2,0,0,8,REGIONAL 5,MALANG,MALANG,TMP,TUMPANG,,2025-05-03 18:26:24,45779,2025,5,NON TITO,,,JAWA TIMUR,0.25,GREEN,1497653025,AREA 3,JATIM,MALANG,MALANG,,,0,0,0,JAWA TIMUR,MALANG,TUMPANG,JERU,BATU
4796444769,,ODP-BLB-FCA/12,-7.95808,112.64089,,,6,2,0,0,8,REGIONAL 5,MALANG,MALANG,BLB,BLIMBING,,2024-03-16 23:27:56,43940,2020,4,NON TITO,,,JAWA TIMUR,0.25,GREEN,828235471,AREA 3,JATIM,MALANG,MALANG,,,0,0,0,JAWA TIMUR,KOTA MALANG,BLIMBING,PURWANTORO,BATU
12178243561,,GCL-KPO-F01/05,-7.92433,112.603553,,,14,2,0,0,16,REGIONAL 5,MALANG,BATU,KPO,KARANGPLOSO,,2025-05-15 17:52:18,45791,2025,5,NON TITO,,,JAWA TIMUR,0.125,GREEN,1498100253,AREA 3,JATIM,MALANG,MALANG,,,0,0,0,JAWA TIMUR,KOTA MALANG,LOWOKWARU,TUNGGULWULUNG,BATU
12178243566,,GCL-KPO-F01/04,-7.924056,112.603856,,,11,5,0,0,16,REGIONAL 5,MALANG,BATU,KPO,KARANGPLOSO,,2025-05-15 17:52:17,45791,2025,5,NON TITO,,,JAWA TIMUR,0.3125,GREEN,1498100269,AREA 3,JATIM,MALANG,MALANG,,,0,0,0,JAWA TIMUR,KOTA MALANG,LOWOKWARU,TUNGGULWULUNG,BATU
12178543806,,ODP-BLB-FCG/190,-7.938659,112.635653,,,15,1,0,0,16,REGIONAL 5,MALANG,MALANG,BLB,BLIMBING,,2025-05-15 17:52:16,45791,2025,5,NON TITO,,,JAWA TIMUR,0.0625,GREEN,1498100381,AREA 3,JATIM,MALANG,MALANG,,,0,0,0,JAWA TIMUR,KOTA MALANG,LOWOKWARU,MOJOLANGU,BATU
12176219080,,ODP-BLB-FF/06,-7.93047,112.648342,,,14,2,0,0,16,REGIONAL 5,MALANG,MALANG,BLB,BLIMBING,,2025-05-20 17:48:25,45796,2025,5,NON TITO,,,JAWA TIMUR,0.125,GREEN,1498184624,AREA 3,JATIM,MALANG,MALANG,,,0,0,0,JAWA TIMUR,KOTA MALANG,BLIMBING,POLOWIJEN,BATU
12175846895,,ODP-TMP-FJ/96,-8.00303,112.8092,,,6,2,0,0,8,REGIONAL 5,MALANG,MALANG,TMP,TUMPANG,,2025-05-18 18:04:34,45794,2025,5,NON TITO,,,JAWA TIMUR,0.25,GREEN,1498390292,AREA 3,JATIM,MALANG,MALANG,,,0,0,0,JAWA TIMUR,MALANG,TUMPANG,BENJOR,BATU
12175846885,,ODP-TMP-FJ/105,-8.003534,112.762868,,,5,3,0,0,8,REGIONAL 5,MALANG,MALANG,TMP,TUMPANG,,2025-05-18 18:04:40,45794,2025,5,NON TITO,,,JAWA TIMUR,0.375,GREEN,1498390283,AREA 3,JATIM,MALANG,MALANG,,,0,0,0,JAWA TIMUR,MALANG,TUMPANG,TUMPANG,BATU
288058645,,ODP-BLB-FAA/29,-7.9367,112.6317,,,12,4,0,0,16,REGIONAL 5,MALANG,MALANG,BLB,BLIMBING,,2024-03-16 23:28:55,42483,2016,4,NON TITO,,,JAWA TIMUR,0.25,GREEN,19387514,AREA 3,JATIM,MALANG,MALANG,,,0,0,0,JAWA TIMUR,KOTA MALANG,LOWOKWARU,MOJOLANGU,BATU
288058887,,ODP-LWG-FCLA/05,-7.8294,112.6822,,,11,5,0,0,16,REGIONAL 5,MALANG,MALANG,LWG,LAWANG,,2024-03-16 23:28:33,42483,2016,4,NON TITO,,,JAWA TIMUR,0.3125,GREEN,19387698,AREA 3,JATIM,MALANG,MALANG,,,0,0,0,JAWA TIMUR,MALANG,LAWANG,KETINDAN,BATU
4617868788,,ODP-LWG-FX/03,-7.834436,112.695449,,,10,6,0,0,16,REGIONAL 5,MALANG,MALANG,LWG,LAWANG,,2024-03-16 23:28:59,43875,2020,2,NON TITO,,,JAWA TIMUR,0.375,GREEN,823621202,AREA 3,JATIM,MALANG,MALANG,,,0,0,0,JAWA TIMUR,MALANG,LAWANG,LAWANG,BATU
12175846865,,ODP-TMP-FJ/92,-8.0026,112.814968,,,7,1,0,0,8,REGIONAL 5,MALANG,MALANG,TMP,TUMPANG,,2025-05-18 18:04:28,45794,2025,5,NON TITO,,,JAWA TIMUR,0.125,GREEN,1498390267,AREA 3,JATIM,MALANG,MALANG,,,0,0,0,JAWA TIMUR,MALANG,TUMPANG,BENJOR,BATU
12175846850,,ODP-TMP-FJ/98,-8.004064,112.80662,,,6,2,0,0,8,REGIONAL 5,MALANG,MALANG,TMP,TUMPANG,,2025-05-18 18:03:08,45794,2025,5,NON TITO,,,JAWA TIMUR,0.25,GREEN,1498390257,AREA 3,JATIM,MALANG,MALANG,,,0,0,0,JAWA TIMUR,MALANG,TUMPANG,BENJOR,BATU
288059509,,ODP-BLB-FQ/22,-7.9301,112.621,,,10,6,0,0,16,REGIONAL 5,MALANG,MALANG,BLB,BLIMBING,,2024-03-16 23:28:57,42483,2016,4,NON TITO,,,JAWA TIMUR,0.375,GREEN,19388197,AREA 3,JATIM,MALANG,MALANG,,,0,0,0,JAWA TIMUR,KOTA MALANG,LOWOKWARU,TUNGGULWULUNG,BATU
288059545,,ODP-PKS-FB/05,-7.9314,112.7441,,,11,4,0,0,16,REGIONAL 5,MALANG,MALANG,PKS,PAKIS,,2024-03-16 23:29:15,42483,2016,4,NON TITO,,,JAWA TIMUR,0.25,GREEN,19388224,AREA 3,JATIM,MALANG,MALANG,,,0,0,0,JAWA TIMUR,MALANG,JABUNG,KEMANTREN,BATU
12175846845,,ODP-TMP-FJ/104,-8.009842,112.766625,,,7,1,0,0,8,REGIONAL 5,MALANG,MALANG,TMP,TUMPANG,,2025-05-18 18:04:34,45794,2025,5,NON TITO,,,JAWA TIMUR,0.125,GREEN,1498390253,AREA 3,JATIM,MALANG,MALANG,,,0,0,0,JAWA TIMUR,MALANG,TUMPANG,TULUSBESAR,BATU
12175846840,,ODP-TMP-FJ/97,-8.003824,112.807604,,,7,1,0,0,8,REGIONAL 5,MALANG,MALANG,TMP,TUMPANG,,2025-05-18 18:04:35,45794,2025,5,NON TITO,,,JAWA TIMUR,0.125,GREEN,1498390250,AREA 3,JATIM,MALANG,MALANG,,,0,0,0,JAWA TIMUR,MALANG,TUMPANG,BENJOR,BATU
288059963,,ODP-BLB-FD/07,-7.9118,112.6534,,,10,5,0,0,16,REGIONAL 5,MALANG,MALANG,BLB,BLIMBING,,2024-03-16 23:29:04,42483,2016,4,NON TITO,,,JAWA TIMUR,0.3125,GREEN,19388564,AREA 3,JATIM,MALANG,MALANG,,,0,0,0,JAWA TIMUR,MALANG,SINGOSARI,BANJARARUM,BATU
4595519156,,ODP-BTU-FAG/93,-7.832928,112.537036,,,10,6,0,0,16,REGIONAL 5,MALANG,BATU,BTU,BATU,,2024-03-16 23:25:02,43875,2020,2,NON TITO,,,JAWA TIMUR,0.375,GREEN,823483485,AREA 3,JATIM,MALANG,MALANG,,,0,0,0,JAWA TIMUR,KOTA BATU,BUMIAJI,BULUKERTO,BATU
4794870468,,ODP-BLB-FCH/87,-7.943076,112.64053,,,4,3,0,0,8,REGIONAL 5,MALANG,MALANG,BLB,BLIMBING,,2024-03-16 23:26:08,43935,2020,4,NON TITO,,,JAWA TIMUR,0.375,GREEN,828201126,AREA 3,JATIM,MALANG,MALANG,,,0,0,0,JAWA TIMUR,KOTA MALANG,BLIMBING,BLIMBING,BATU
4794870474,,ODP-BLB-FCH/75,-7.945895,112.637371,,,5,3,0,0,8,REGIONAL 5,MALANG,MALANG,BLB,BLIMBING,,2024-03-16 23:27:15,43935,2020,4,NON TITO,,,JAWA TIMUR,0.375,GREEN,828201130,AREA 3,JATIM,MALANG,MALANG,,,0,0,0,JAWA TIMUR,KOTA MALANG,BLIMBING,PURWANTORO,BATU
12176893533,,ODP-TMP-FD/49,-8.012481,112.759089,,,7,1,0,0,8,REGIONAL 5,MALANG,MALANG,TMP,TUMPANG,,2025-05-15 17:51:43,45791,2025,5,NON TITO,,,JAWA TIMUR,0.125,GREEN,1498163743,AREA 3,JATIM,MALANG,MALANG,,,0,0,0,JAWA TIMUR,MALANG,TUMPANG,TUMPANG,BATU
4595519141,,ODP-BTU-FAG/94,-7.834402,112.536703,,,5,3,0,0,8,REGIONAL 5,MALANG,BATU,BTU,BATU,,2024-03-16 23:25:04,43875,2020,2,NON TITO,,,JAWA TIMUR,0.375,GREEN,823483475,AREA 3,JATIM,MALANG,MALANG,,,0,0,0,JAWA TIMUR,KOTA BATU,BUMIAJI,BULUKERTO,BATU
12178168793,,ODP-LWG-FAD/17,-7.852869,112.701719,,,7,1,0,0,8,REGIONAL 5,MALANG,MALANG,LWG,LAWANG,,2025-05-15 17:50:34,45791,2025,5,NON TITO,,,JAWA TIMUR,0.125,GREEN,1498163278,AREA 3,JATIM,MALANG,MALANG,,,0,0,0,JAWA TIMUR,MALANG,LAWANG,BEDALI,BATU
12178168788,,ODP-LWG-FAD/29,-7.846122,112.704404,,,7,1,0,0,8,REGIONAL 5,MALANG,MALANG,LWG,LAWANG,,2025-05-15 17:51:19,45791,2025,5,NON TITO,,,JAWA TIMUR,0.125,GREEN,1498163272,AREA 3,JATIM,MALANG,MALANG,,,0,0,0,JAWA TIMUR,MALANG,LAWANG,KALIREJO,BATU
12178168783,,ODP-LWG-FAD/32,-7.848327,112.699672,,,5,3,0,0,8,REGIONAL 5,MALANG,MALANG,LWG,LAWANG,,2025-05-15 17:52:10,45791,2025,5,NON TITO,,,JAWA TIMUR,0.375,GREEN,1498163268,AREA 3,JATIM,MALANG,MALANG,,,0,0,0,JAWA TIMUR,MALANG,LAWANG,KALIREJO,BATU
288061042,,ODP-BLB-FD/08,-7.9124,112.6531,,,11,5,0,0,16,REGIONAL 5,MALANG,MALANG,BLB,BLIMBING,,2024-03-16 23:21:49,42483,2016,4,NON TITO,,,JAWA TIMUR,0.3125,GREEN,19389373,AREA 3,JATIM,MALANG,MALANG,,,0,0,0,JAWA TIMUR,MALANG,SINGOSARI,BANJARARUM,BATU
12178543811,,ODP-BLB-FCG/189,-7.938329,112.635845,,,9,5,2,0,16,REGIONAL 5,MALANG,MALANG,BLB,BLIMBING,,2025-05-15 17:52:18,45791,2025,5,NON TITO,,,JAWA TIMUR,0.3125,GREEN,1498100385,AREA 3,JATIM,MALANG,MALANG,,,0,0,0,JAWA TIMUR,KOTA MALANG,LOWOKWARU,MOJOLANGU,BATU
12183422051,,ODP-SGS-FF/130,-7.911136,112.727374,,,5,3,0,0,8,REGIONAL 5,MALANG,MALANG,SGS,SINGOSARI,,2025-06-01 19:17:00,45808,2025,5,NON TITO,,,JAWA TIMUR,0.375,GREEN,1499228240,AREA 3,JATIM,MALANG,MALANG,,,0,0,0,JAWA TIMUR,MALANG,JABUNG,GUNUNGJATI,BATU
4796444781,,ODP-BLB-FCA/29,-7.962954,112.636948,,,5,3,0,0,8,REGIONAL 5,MALANG,MALANG,BLB,BLIMBING,,2024-03-16 23:26:54,43940,2020,4,NON TITO,,,JAWA TIMUR,0.375,GREEN,828235479,AREA 3,JATIM,MALANG,MALANG,,,0,0,0,JAWA TIMUR,KOTA MALANG,KLOJEN,RAMPAL CELAKET,BATU
288052156,,ODP-BLB-FU/54,-7.9571,112.6522,,,15,1,0,0,16,REGIONAL 5,MALANG,MALANG,BLB,BLIMBING,,2024-03-16 23:27:59,42483,2016,4,NON TITO,,,JAWA TIMUR,0.0625,GREEN,19382435,AREA 3,JATIM,MALANG,MALANG,,,0,0,0,JAWA TIMUR,KOTA MALANG,BLIMBING,PURWANTORO,BATU
288052048,,ODP-BLB-FR/34,-7.9393,112.6214,,,13,3,0,0,16,REGIONAL 5,MALANG,MALANG,BLB,BLIMBING,,2024-03-16 23:27:56,42483,2016,4,NON TITO,,,JAWA TIMUR,0.1875,GREEN,19382353,AREA 3,JATIM,MALANG,MALANG,,,0,0,0,JAWA TIMUR,KOTA MALANG,LOWOKWARU,TULUSREJO,BATU
4629119167,,ODP-LWG-FV/01,-7.853019,112.671663,,,6,2,0,0,8,REGIONAL 5,MALANG,MALANG,LWG,LAWANG,,2024-03-16 23:25:03,43882,2020,2,NON TITO,,,JAWA TIMUR,0.25,GREEN,824085491,AREA 3,JATIM,MALANG,MALANG,,,0,0,0,JAWA TIMUR,MALANG,SINGOSARI,RANDUAGUNG,BATU
288048129,,ODP-BLB-FU/20,-7.9561,112.6487,,,7,1,0,0,8,REGIONAL 5,MALANG,MALANG,BLB,BLIMBING,,2024-03-16 23:26:01,42483,2016,4,NON TITO,,,JAWA TIMUR,0.125,GREEN,19379210,AREA 3,JATIM,MALANG,MALANG,,,0,0,0,JAWA TIMUR,KOTA MALANG,BLIMBING,PURWANTORO,BATU
288048137,,ODP-BLB-FU/04,-7.9544,112.6479,,,11,4,0,0,16,REGIONAL 5,MALANG,MALANG,BLB,BLIMBING,,2024-03-16 23:26:57,42483,2016,4,NON TITO,,,JAWA TIMUR,0.25,GREEN,19379217,AREA 3,JATIM,MALANG,MALANG,,,0,0,0,JAWA TIMUR,KOTA MALANG,BLIMBING,PURWANTORO,BATU
12227670225,,ODP-TMP-FL/20,-8.084818,112.768387,,,6,2,0,0,8,REGIONAL 5,MALANG,MALANG,TMP,TUMPANG,,2025-06-24 17:45:42,45831,2025,6,NON TITO,,,JAWA TIMUR,0.25,GREEN,1499455083,AREA 3,JATIM,MALANG,MALANG,,,0,0,0,JAWA TIMUR,MALANG,PONCOKUSUMO,DAWUHAN,BATU
12227670220,,ODP-TMP-FL/21,-8.083784,112.77217,,,7,1,0,0,8,REGIONAL 5,MALANG,MALANG,TMP,TUMPANG,,2025-06-24 17:45:24,45831,2025,6,NON TITO,,,JAWA TIMUR,0.125,GREEN,1499455080,AREA 3,JATIM,MALANG,MALANG,,,0,0,0,JAWA TIMUR,MALANG,PONCOKUSUMO,DAWUHAN,BATU
288048290,,ODP-BLB-FS/14,-7.9437,112.6286,,,8,2,0,0,16,REGIONAL 5,MALANG,MALANG,BLB,BLIMBING,,2024-03-16 23:26:23,42483,2016,4,NON TITO,,,JAWA TIMUR,0.125,GREEN,19379343,AREA 3,JATIM,MALANG,MALANG,,,0,0,0,JAWA TIMUR,KOTA MALANG,LOWOKWARU,TULUSREJO,BATU
288048309,,ODP-BLB-FY/20,-7.9554,112.6534,,,6,2,0,0,8,REGIONAL 5,MALANG,MALANG,BLB,BLIMBING,,2024-03-16 23:26:28,42483,2016,4,NON TITO,,,JAWA TIMUR,0.25,GREEN,19379359,AREA 3,JATIM,MALANG,MALANG,,,0,0,0,JAWA TIMUR,KOTA MALANG,BLIMBING,PURWANTORO,BATU
12227670205,,ODP-TMP-FL/35,-8.060652,112.758765,,,7,1,0,0,8,REGIONAL 5,MALANG,MALANG,TMP,TUMPANG,,2025-06-24 17:45:32,45831,2025,6,NON TITO,,,JAWA TIMUR,0.125,GREEN,1499455070,AREA 3,JATIM,MALANG,MALANG,,,0,0,0,JAWA TIMUR,MALANG,PONCOKUSUMO,KARANGANYAR,BATU
12227670200,,ODP-TMP-FL/22,-8.083278,112.76902,,,5,3,0,0,8,REGIONAL 5,MALANG,MALANG,TMP,TUMPANG,,2025-06-24 17:44:49,45831,2025,6,NON TITO,,,JAWA TIMUR,0.375,GREEN,1499455067,AREA 3,JATIM,MALANG,MALANG,,,0,0,0,JAWA TIMUR,MALANG,PONCOKUSUMO,DAWUHAN,BATU
12218668693,,ODP-LWG-FAJ/37,-7.826151,112.686298,,,5,3,0,0,8,REGIONAL 5,MALANG,MALANG,LWG,LAWANG,,2025-06-19 17:55:00,45826,2025,6,NON TITO,,,JAWA TIMUR,0.375,GREEN,1499392592,AREA 3,JATIM,MALANG,MALANG,,,0,0,0,JAWA TIMUR,MALANG,LAWANG,WONOREJO,BATU
288048025,,ODP-BLB-FU/33,-7.9584,112.6491,,,14,2,0,0,16,REGIONAL 5,MALANG,MALANG,BLB,BLIMBING,,2024-03-16 23:26:48,42483,2016,4,NON TITO,,,JAWA TIMUR,0.125,GREEN,19379121,AREA 3,JATIM,MALANG,MALANG,,,0,0,0,JAWA TIMUR,KOTA MALANG,BLIMBING,PURWANTORO,BATU
288048623,,ODP-BLB-FU/14,-7.9542,112.6501,,,6,2,0,0,8,REGIONAL 5,MALANG,MALANG,BLB,BLIMBING,,2024-03-16 23:27:00,42483,2016,4,NON TITO,,,JAWA TIMUR,0.25,GREEN,19379626,AREA 3,JATIM,MALANG,MALANG,,,0,0,0,JAWA TIMUR,KOTA MALANG,BLIMBING,PURWANTORO,BATU
288048641,,ODP-BLB-FU/47,-7.9573,112.6497,,,5,3,0,0,8,REGIONAL 5,MALANG,MALANG,BLB,BLIMBING,,2024-03-16 23:26:10,42483,2016,4,NON TITO,,,JAWA TIMUR,0.375,GREEN,19379641,AREA 3,JATIM,MALANG,MALANG,,,0,0,0,JAWA TIMUR,KOTA MALANG,BLIMBING,PURWANTORO,BATU
288048653,,ODP-BLB-FU/24,-7.9575,112.648,,,13,3,0,0,16,REGIONAL 5,MALANG,MALANG,BLB,BLIMBING,,2024-03-16 23:27:01,42483,2016,4,NON TITO,,,JAWA TIMUR,0.1875,GREEN,19379652,AREA 3,JATIM,MALANG,MALANG,,,0,0,0,JAWA TIMUR,KOTA MALANG,BLIMBING,PURWANTORO,BATU
4630696034,,ODP-BTU-FAG/99,-7.821897,112.530064,,,5,3,0,0,8,REGIONAL 5,MALANG,BATU,BTU,BATU,,2024-03-16 23:26:28,43879,2020,2,NON TITO,,,JAWA TIMUR,0.375,GREEN,824071583,AREA 3,JATIM,MALANG,MALANG,,,0,0,0,JAWA TIMUR,KOTA BATU,BUMIAJI,TULUNGREJO,BATU
288048783,,ODP-BLB-FY/35,-7.9593,112.6532,,,12,4,0,0,16,REGIONAL 5,MALANG,MALANG,BLB,BLIMBING,,2024-03-16 23:26:01,42483,2016,4,NON TITO,,,JAWA TIMUR,0.25,GREEN,19379758,AREA 3,JATIM,MALANG,MALANG,,,0,0,0,JAWA TIMUR,KOTA MALANG,BLIMBING,PANDANWANGI,BATU
4816093595,,ODP-BLB-FCH/104,-7.946889,112.633007,,,4,3,0,0,8,REGIONAL 5,MALANG,MALANG,BLB,BLIMBING,,2024-03-16 23:22:44,43933,2020,4,NON TITO,,,JAWA TIMUR,0.375,GREEN,827884104,AREA 3,JATIM,MALANG,MALANG,,,0,0,0,JAWA TIMUR,KOTA MALANG,LOWOKWARU,TULUSREJO,BATU
288048925,,ODP-BLB-FU/22,-7.9551,112.6491,,,10,6,0,0,16,REGIONAL 5,MALANG,MALANG,BLB,BLIMBING,,2024-03-16 23:26:46,42483,2016,4,NON TITO,,,JAWA TIMUR,0.375,GREEN,19379873,AREA 3,JATIM,MALANG,MALANG,,,0,0,0,JAWA TIMUR,KOTA MALANG,BLIMBING,PURWANTORO,BATU
288048932,,ODP-BLB-FU/37,-7.956,112.6497,,,14,1,1,0,16,REGIONAL 5,MALANG,MALANG,BLB,BLIMBING,,2024-03-16 23:26:57,42483,2016,4,NON TITO,,,JAWA TIMUR,0.0625,GREEN,19379878,AREA 3,JATIM,MALANG,MALANG,,,0,0,0,JAWA TIMUR,KOTA MALANG,BLIMBING,PURWANTORO,BATU
288048967,,ODP-BLB-FU/10,-7.9546,112.6515,,,10,6,0,0,16,REGIONAL 5,MALANG,MALANG,BLB,BLIMBING,,2024-03-16 23:26:56,42483,2016,4,NON TITO,,,JAWA TIMUR,0.375,GREEN,19379907,AREA 3,JATIM,MALANG,MALANG,,,0,0,0,JAWA TIMUR,KOTA MALANG,BLIMBING,PURWANTORO,BATU
288049096,,ODP-BLB-FU/17,-7.9552,112.648,,,10,5,0,0,16,REGIONAL 5,MALANG,MALANG,BLB,BLIMBING,,2024-03-16 23:27:13,42483,2016,4,NON TITO,,,JAWA TIMUR,0.3125,GREEN,19380016,AREA 3,JATIM,MALANG,MALANG,,,0,0,0,JAWA TIMUR,KOTA MALANG,BLIMBING,PURWANTORO,BATU
288049108,,ODP-BLB-FV/15,-7.9631,112.6493,,,9,6,0,0,16,REGIONAL 5,MALANG,MALANG,BLB,BLIMBING,,2024-03-16 23:26:01,42483,2016,4,NON TITO,,,JAWA TIMUR,0.375,GREEN,19380024,AREA 3,JATIM,MALANG,MALANG,,,0,0,0,JAWA TIMUR,KOTA MALANG,BLIMBING,PANDANWANGI,BATU
288048638,,ODP-BLB-FY/09,-7.954,112.6533,,,11,4,0,0,16,REGIONAL 5,MALANG,MALANG,BLB,BLIMBING,,2024-03-16 23:26:45,42483,2016,4,NON TITO,,,JAWA TIMUR,0.25,GREEN,19379638,AREA 3,JATIM,MALANG,MALANG,,,0,0,0,JAWA TIMUR,KOTA MALANG,BLIMBING,PURWANTORO,BATU
288049172,,ODP-BLB-FU/59,-7.9593,112.6514,,,14,2,0,0,16,REGIONAL 5,MALANG,MALANG,BLB,BLIMBING,,2024-03-16 23:26:57,42483,2016,4,NON TITO,,,JAWA TIMUR,0.125,GREEN,19380075,AREA 3,JATIM,MALANG,MALANG,,,0,0,0,JAWA TIMUR,KOTA MALANG,BLIMBING,PURWANTORO,BATU
288047994,,ODP-BLB-FU/12,-7.9544,112.6509,,,9,6,0,0,16,REGIONAL 5,MALANG,MALANG,BLB,BLIMBING,,2024-03-16 23:26:46,42483,2016,4,NON TITO,,,JAWA TIMUR,0.375,GREEN,19379094,AREA 3,JATIM,MALANG,MALANG,,,0,0,0,JAWA TIMUR,KOTA MALANG,BLIMBING,PURWANTORO,BATU
12227670240,,ODP-TMP-FL/33,-8.073952,112.775337,,,6,2,0,0,8,REGIONAL 5,MALANG,MALANG,TMP,TUMPANG,,2025-06-24 17:44:53,45831,2025,6,NON TITO,,,JAWA TIMUR,0.25,GREEN,1499455093,AREA 3,JATIM,MALANG,MALANG,,,0,0,0,JAWA TIMUR,MALANG,PONCOKUSUMO,NGADIRESO,BATU
4794944661,,ODP-BLB-FBZ/104,-7.968532,112.652563,,,7,1,0,0,8,REGIONAL 5,MALANG,MALANG,BLB,BLIMBING,,2024-03-16 23:29:06,43931,2020,4,NON TITO,,,JAWA TIMUR,0.125,GREEN,827865060,AREA 3,JATIM,MALANG,MALANG,,,0,0,0,JAWA TIMUR,KOTA MALANG,BLIMBING,BUNULREJO,BATU
4794944664,,ODP-BLB-FBZ/83,-7.969962,112.653217,,,6,2,0,0,8,REGIONAL 5,MALANG,MALANG,BLB,BLIMBING,,2024-03-16 23:29:02,43931,2020,4,NON TITO,,,JAWA TIMUR,0.25,GREEN,827865062,AREA 3,JATIM,MALANG,MALANG,,,0,0,0,JAWA TIMUR,KOTA MALANG,BLIMBING,BUNULREJO,BATU
288040710,,ODP-BLB-FS/08,-7.9422,112.6284,,,10,6,0,0,16,REGIONAL 5,MALANG,MALANG,BLB,BLIMBING,,2024-03-16 23:24:29,42483,2016,4,NON TITO,,,JAWA TIMUR,0.375,GREEN,19372137,AREA 3,JATIM,MALANG,MALANG,,,0,0,0,JAWA TIMUR,KOTA MALANG,LOWOKWARU,TULUSREJO,BATU
12234418699,,ODP-TMP-FM/12,-7.983,112.748435,,,7,1,0,0,8,REGIONAL 5,MALANG,MALANG,TMP,TUMPANG,,2025-06-29 17:51:31,45836,2025,6,NON TITO,,,JAWA TIMUR,0.125,GREEN,1499526532,AREA 3,JATIM,MALANG,MALANG,,,0,0,0,JAWA TIMUR,MALANG,PAKIS,SUKOANYAR,BATU
288043015,,ODP-BLB-FT/33,-7.9448,112.6198,,,11,5,0,0,16,REGIONAL 5,MALANG,MALANG,BLB,BLIMBING,,2024-03-16 23:24:44,42483,2016,4,NON TITO,,,JAWA TIMUR,0.3125,GREEN,19374415,AREA 3,JATIM,MALANG,MALANG,,,0,0,0,JAWA TIMUR,KOTA MALANG,LOWOKWARU,JATIMULYO,BATU
12224144526,,ODP-BTU-FAK/38,-7.819686,112.449286,,,6,2,0,0,8,REGIONAL 5,MALANG,BATU,BTU,BATU,,2025-06-26 06:42:20,45833,2025,6,NON TITO,,,JAWA TIMUR,0.25,GREEN,1499433806,AREA 3,JATIM,MALANG,MALANG,,,0,0,0,JAWA TIMUR,MALANG,PUJON,TAWANGSARI,BATU
12224144501,,ODP-BTU-FAK/33,-7.815685,112.449269,,,7,1,0,0,8,REGIONAL 5,MALANG,BATU,BTU,BATU,,2025-06-26 06:41:45,45833,2025,6,NON TITO,,,JAWA TIMUR,0.125,GREEN,1499433782,AREA 3,JATIM,MALANG,MALANG,,,0,0,0,JAWA TIMUR,MALANG,PUJON,TAWANGSARI,BATU
288046496,,ODP-BLB-FR/04,-7.9382,112.6188,,,12,4,0,0,16,REGIONAL 5,MALANG,MALANG,BLB,BLIMBING,,2024-03-16 23:26:45,42483,2016,4,NON TITO,,,JAWA TIMUR,0.25,GREEN,19377842,AREA 3,JATIM,MALANG,MALANG,,,0,0,0,JAWA TIMUR,KOTA MALANG,LOWOKWARU,JATIMULYO,BATU
288046666,,ODP-BLB-FS/18,-7.9436,112.6275,,,10,4,0,0,16,REGIONAL 5,MALANG,MALANG,BLB,BLIMBING,,2024-03-16 23:26:18,42483,2016,4,NON TITO,,,JAWA TIMUR,0.25,GREEN,19377981,AREA 3,JATIM,MALANG,MALANG,,,0,0,0,JAWA TIMUR,KOTA MALANG,LOWOKWARU,TULUSREJO,BATU
12221820811,,ODP-KPO-FBV/04,-7.935756,112.589202,,,5,3,0,0,8,REGIONAL 5,MALANG,BATU,KPO,KARANGPLOSO,,2025-06-25 17:51:11,45832,2025,6,NON TITO,,,JAWA TIMUR,0.375,GREEN,1499429413,AREA 3,JATIM,MALANG,MALANG,,,0,0,0,JAWA TIMUR,MALANG,DAU,LANDUNGSARI,BATU
12227670235,,ODP-TMP-FL/32,-8.072968,112.776451,,,6,2,0,0,8,REGIONAL 5,MALANG,MALANG,TMP,TUMPANG,,2025-06-24 17:45:41,45831,2025,6,NON TITO,,,JAWA TIMUR,0.25,GREEN,1499455090,AREA 3,JATIM,MALANG,MALANG,,,0,0,0,JAWA TIMUR,MALANG,PONCOKUSUMO,NGADIRESO,BATU
288046909,,ODP-BLB-FT/12,-7.949,112.6204,,,11,5,0,0,16,REGIONAL 5,MALANG,MALANG,BLB,BLIMBING,,2024-03-16 23:26:33,42483,2016,4,NON TITO,,,JAWA TIMUR,0.3125,GREEN,19378182,AREA 3,JATIM,MALANG,MALANG,,,0,0,0,JAWA TIMUR,KOTA MALANG,LOWOKWARU,JATIMULYO,BATU
288047094,,ODP-BLB-FT/06,-7.95,112.618,,,10,4,0,0,16,REGIONAL 5,MALANG,MALANG,BLB,BLIMBING,,2024-03-16 23:26:30,42483,2016,4,NON TITO,,,JAWA TIMUR,0.25,GREEN,19378336,AREA 3,JATIM,MALANG,MALANG,,,0,0,0,JAWA TIMUR,KOTA MALANG,LOWOKWARU,JATIMULYO,BATU
288047152,,ODP-BLB-FU/13,-7.9544,112.6506,,,12,4,0,0,16,REGIONAL 5,MALANG,MALANG,BLB,BLIMBING,,2024-03-16 23:26:22,42483,2016,4,NON TITO,,,JAWA TIMUR,0.25,GREEN,19378384,AREA 3,JATIM,MALANG,MALANG,,,0,0,0,JAWA TIMUR,KOTA MALANG,BLIMBING,PURWANTORO,BATU
12221820804,,ODP-KPO-FBV/05,-7.935838,112.589811,,,12,4,0,0,16,REGIONAL 5,MALANG,BATU,KPO,KARANGPLOSO,,2025-06-25 17:51:14,45832,2025,6,NON TITO,,,JAWA TIMUR,0.25,GREEN,1499429409,AREA 3,JATIM,MALANG,MALANG,,,0,0,0,JAWA TIMUR,MALANG,DAU,LANDUNGSARI,BATU
288047259,,ODP-BLB-FU/03,-7.9538,112.6481,,,15,1,0,0,16,REGIONAL 5,MALANG,MALANG,BLB,BLIMBING,,2024-03-16 23:26:30,42483,2016,4,NON TITO,,,JAWA TIMUR,0.0625,GREEN,19378476,AREA 3,JATIM,MALANG,MALANG,,,0,0,0,JAWA TIMUR,KOTA MALANG,BLIMBING,PURWANTORO,BATU
288047342,,ODP-BLB-FS/19,-7.9432,112.6264,,,10,5,0,0,16,REGIONAL 5,MALANG,MALANG,BLB,BLIMBING,,2024-03-16 23:26:19,42483,2016,4,NON TITO,,,JAWA TIMUR,0.3125,GREEN,19378543,AREA 3,JATIM,MALANG,MALANG,,,0,0,0,JAWA TIMUR,KOTA MALANG,LOWOKWARU,TULUSREJO,BATU
12227670275,,ODP-TMP-FL/30,-8.075993,112.778606,,,7,1,0,0,8,REGIONAL 5,MALANG,MALANG,TMP,TUMPANG,,2025-06-24 17:44:51,45831,2025,6,NON TITO,,,JAWA TIMUR,0.125,GREEN,1499455115,AREA 3,JATIM,MALANG,MALANG,,,0,0,0,JAWA TIMUR,MALANG,PONCOKUSUMO,NGADIRESO,BATU
12227670265,,ODP-TMP-FL/23,-8.080326,112.758848,,,5,3,0,0,8,REGIONAL 5,MALANG,MALANG,TMP,TUMPANG,,2025-06-24 17:45:48,45831,2025,6,NON TITO,,,JAWA TIMUR,0.375,GREEN,1499455109,AREA 3,JATIM,MALANG,MALANG,,,0,0,0,JAWA TIMUR,MALANG,PONCOKUSUMO,DAWUHAN,BATU
288047550,,ODP-BLB-FR/07,-7.9389,112.6193,,,13,3,0,0,16,REGIONAL 5,MALANG,MALANG,BLB,BLIMBING,,2024-03-16 23:26:43,42483,2016,4,NON TITO,,,JAWA TIMUR,0.1875,GREEN,19378716,AREA 3,JATIM,MALANG,MALANG,,,0,0,0,JAWA TIMUR,KOTA MALANG,LOWOKWARU,JATIMULYO,BATU
12227670260,,ODP-TMP-FL/17,-8.087729,112.771156,,,7,1,0,0,8,REGIONAL 5,MALANG,MALANG,TMP,TUMPANG,,2025-06-24 17:44:57,45831,2025,6,NON TITO,,,JAWA TIMUR,0.125,GREEN,1499455105,AREA 3,JATIM,MALANG,MALANG,,,0,0,0,JAWA TIMUR,MALANG,PONCOKUSUMO,DAWUHAN,BATU
288047757,,ODP-BLB-FR/10,-7.9384,112.6201,,,4,3,0,0,8,REGIONAL 5,MALANG,MALANG,BLB,BLIMBING,,2024-03-16 23:26:41,42483,2016,4,NON TITO,,,JAWA TIMUR,0.375,GREEN,19378892,AREA 3,JATIM,MALANG,MALANG,,,0,0,0,JAWA TIMUR,KOTA MALANG,LOWOKWARU,MOJOLANGU,BATU
288047069,,ODP-BLB-FS/05,-7.9412,112.6276,,,11,4,0,0,16,REGIONAL 5,MALANG,MALANG,BLB,BLIMBING,,2024-03-16 23:25:38,42483,2016,4,NON TITO,,,JAWA TIMUR,0.25,GREEN,19378314,AREA 3,JATIM,MALANG,MALANG,,,0,0,0,JAWA TIMUR,KOTA MALANG,LOWOKWARU,TULUSREJO,BATU
288049197,,ODP-BLB-FY/34,-7.96,112.6525,,,6,2,0,0,8,REGIONAL 5,MALANG,MALANG,BLB,BLIMBING,,2024-03-16 23:26:57,42483,2016,4,NON TITO,,,JAWA TIMUR,0.25,GREEN,19380095,AREA 3,JATIM,MALANG,MALANG,,,0,0,0,JAWA TIMUR,KOTA MALANG,BLIMBING,PANDANWANGI,BATU
288049414,,ODP-BLB-FY/64,-7.9565,112.6532,,,12,4,0,0,16,REGIONAL 5,MALANG,MALANG,BLB,BLIMBING,,2024-03-16 23:26:29,42483,2016,4,NON TITO,,,JAWA TIMUR,0.25,GREEN,19380272,AREA 3,JATIM,MALANG,MALANG,,,0,0,0,JAWA TIMUR,KOTA MALANG,BLIMBING,PURWANTORO,BATU
288049480,,ODP-BLB-FU/30,-7.9579,112.6489,,,12,4,0,0,16,REGIONAL 5,MALANG,MALANG,BLB,BLIMBING,,2024-03-16 23:26:19,42483,2016,4,NON TITO,,,JAWA TIMUR,0.25,GREEN,19380324,AREA 3,JATIM,MALANG,MALANG,,,0,0,0,JAWA TIMUR,KOTA MALANG,BLIMBING,PURWANTORO,BATU
288051074,,ODP-BLB-FY/19,-7.9547,112.6535,,,7,1,0,0,8,REGIONAL 5,MALANG,MALANG,BLB,BLIMBING,,2024-03-16 23:27:24,42483,2016,4,NON TITO,,,JAWA TIMUR,0.125,GREEN,19381609,AREA 3,JATIM,MALANG,MALANG,,,0,0,0,JAWA TIMUR,KOTA MALANG,BLIMBING,PURWANTORO,BATU
12203368543,,ODP-BTU-FBY/11,-7.83026,112.524082,,,7,1,0,0,8,REGIONAL 5,MALANG,BATU,BTU,BATU,,2025-06-08 17:43:40,45815,2025,6,NON TITO,,,JAWA TIMUR,0.125,GREEN,1499311368,AREA 3,JATIM,MALANG,MALANG,,,0,0,0,JAWA TIMUR,KOTA BATU,BUMIAJI,PUNTEN,BATU
288051143,,ODP-BLB-FR/19,-7.9402,112.6197,,,13,2,0,0,16,REGIONAL 5,MALANG,MALANG,BLB,BLIMBING,,2024-03-16 23:26:46,42483,2016,4,NON TITO,,,JAWA TIMUR,0.125,GREEN,19381662,AREA 3,JATIM,MALANG,MALANG,,,0,0,0,JAWA TIMUR,KOTA MALANG,LOWOKWARU,JATIMULYO,BATU
288051158,,ODP-BLB-FR/17,-7.941,112.6182,,,14,2,0,0,16,REGIONAL 5,MALANG,MALANG,BLB,BLIMBING,,2024-03-16 23:26:50,42483,2016,4,NON TITO,,,JAWA TIMUR,0.125,GREEN,19381672,AREA 3,JATIM,MALANG,MALANG,,,0,0,0,JAWA TIMUR,KOTA MALANG,LOWOKWARU,JATIMULYO,BATU
288051181,,ODP-BLB-FU/64,-7.9581,112.6516,,,6,2,0,0,8,REGIONAL 5,MALANG,MALANG,BLB,BLIMBING,,2024-03-16 23:27:38,42483,2016,4,NON TITO,,,JAWA TIMUR,0.25,GREEN,19381689,AREA 3,JATIM,MALANG,MALANG,,,0,0,0,JAWA TIMUR,KOTA MALANG,BLIMBING,PURWANTORO,BATU
288051184,,ODP-BLB-FY/42,-7.9601,112.6533,,,13,3,0,0,16,REGIONAL 5,MALANG,MALANG,BLB,BLIMBING,,2024-03-16 23:27:07,42483,2016,4,NON TITO,,,JAWA TIMUR,0.1875,GREEN,19381691,AREA 3,JATIM,MALANG,MALANG,,,0,0,0,JAWA TIMUR,KOTA MALANG,BLIMBING,PANDANWANGI,BATU
288051305,,ODP-BLB-FU/46,-7.9572,112.6497,,,5,3,0,0,8,REGIONAL 5,MALANG,MALANG,BLB,BLIMBING,,2024-03-16 23:26:51,42483,2016,4,NON TITO,,,JAWA TIMUR,0.375,GREEN,19381783,AREA 3,JATIM,MALANG,MALANG,,,0,0,0,JAWA TIMUR,KOTA MALANG,BLIMBING,PURWANTORO,BATU
288051385,,ODP-BLB-FU/29,-7.9576,112.6485,,,14,2,0,0,16,REGIONAL 5,MALANG,MALANG,BLB,BLIMBING,,2024-03-16 23:27:24,42483,2016,4,NON TITO,,,JAWA TIMUR,0.125,GREEN,19381840,AREA 3,JATIM,MALANG,MALANG,,,0,0,0,JAWA TIMUR,KOTA MALANG,BLIMBING,PURWANTORO,BATU
12203368538,,ODP-BTU-FBY/12,-7.831639,112.524629,,,5,3,0,0,8,REGIONAL 5,MALANG,BATU,BTU,BATU,,2025-06-08 17:44:58,45815,2025,6,NON TITO,,,JAWA TIMUR,0.375,GREEN,1499311365,AREA 3,JATIM,MALANG,MALANG,,,0,0,0,JAWA TIMUR,KOTA BATU,BUMIAJI,PUNTEN,BATU
288051426,,ODP-BLB-FR/28,-7.9408,112.6199,,,12,4,0,0,16,REGIONAL 5,MALANG,MALANG,BLB,BLIMBING,,2024-03-16 23:27:20,42483,2016,4,NON TITO,,,JAWA TIMUR,0.25,GREEN,19381872,AREA 3,JATIM,MALANG,MALANG,,,0,0,0,JAWA TIMUR,KOTA MALANG,LOWOKWARU,JATIMULYO,BATU
288051058,,ODP-BLB-FU/76,-7.9565,112.6515,,,6,2,0,0,8,REGIONAL 5,MALANG,MALANG,BLB,BLIMBING,,2024-03-16 23:27:42,42483,2016,4,NON TITO,,,JAWA TIMUR,0.25,GREEN,19381595,AREA 3,JATIM,MALANG,MALANG,,,0,0,0,JAWA TIMUR,KOTA MALANG,BLIMBING,PURWANTORO,BATU
288051440,,ODP-BLB-FU/63,-7.9588,112.6518,,,12,3,0,0,16,REGIONAL 5,MALANG,MALANG,BLB,BLIMBING,,2024-03-16 23:27:01,42483,2016,4,NON TITO,,,JAWA TIMUR,0.1875,GREEN,19381883,AREA 3,JATIM,MALANG,MALANG,,,0,0,0,JAWA TIMUR,KOTA MALANG,BLIMBING,PURWANTORO,BATU
288051569,,ODP-BLB-FU/36,-7.9654,112.6494,,,11,5,0,0,16,REGIONAL 5,MALANG,MALANG,BLB,BLIMBING,,2024-03-16 23:28:05,42483,2016,4,NON TITO,,,JAWA TIMUR,0.3125,GREEN,19381985,AREA 3,JATIM,MALANG,MALANG,,,0,0,0,JAWA TIMUR,KOTA MALANG,BLIMBING,PANDANWANGI,BATU
288051683,,ODP-BLB-FY/38,-7.9603,112.6548,,,12,4,0,0,16,REGIONAL 5,MALANG,MALANG,BLB,BLIMBING,,2024-03-16 23:27:49,42483,2016,4,NON TITO,,,JAWA TIMUR,0.25,GREEN,19382073,AREA 3,JATIM,MALANG,MALANG,,,0,0,0,JAWA TIMUR,KOTA MALANG,BLIMBING,PANDANWANGI,BATU
4681994017,,ODP-BTU-FX/115,-7.893522,112.539217,,,5,3,0,0,8,REGIONAL 5,MALANG,BATU,BTU,BATU,,2024-03-16 23:28:13,43889,2020,2,NON TITO,,,JAWA TIMUR,0.375,GREEN,823838120,AREA 3,JATIM,MALANG,MALANG,,,0,0,0,JAWA TIMUR,KOTA BATU,BATU,ORO-ORO OMBO,BATU
4681994014,,ODP-BTU-FX/118,-7.894062,112.541572,,,6,2,0,0,8,REGIONAL 5,MALANG,BATU,BTU,BATU,,2024-03-16 23:29:03,43889,2020,2,NON TITO,,,JAWA TIMUR,0.25,GREEN,823838118,AREA 3,JATIM,MALANG,MALANG,,,0,0,0,JAWA TIMUR,KOTA BATU,BATU,ORO-ORO OMBO,BATU
288051887,,ODP-BLB-FJ/23,-7.9542,112.6427,,,10,6,0,0,16,REGIONAL 5,MALANG,MALANG,BLB,BLIMBING,,2024-03-16 23:27:48,42483,2016,4,NON TITO,,,JAWA TIMUR,0.375,GREEN,19382227,AREA 3,JATIM,MALANG,MALANG,,,0,0,0,JAWA TIMUR,KOTA MALANG,BLIMBING,PURWANTORO,BATU
12185519496,,ODP-TMP-FE/139,-7.990146,112.762336,,,5,3,0,0,8,REGIONAL 5,MALANG,MALANG,TMP,TUMPANG,,2025-06-04 17:53:42,45811,2025,6,NON TITO,,,JAWA TIMUR,0.375,GREEN,1499299441,AREA 3,JATIM,MALANG,MALANG,,,0,0,0,JAWA TIMUR,MALANG,TUMPANG,JERU,BATU
288051956,,ODP-BLB-FY/23,-7.9618,112.6525,,,4,3,0,0,8,REGIONAL 5,MALANG,MALANG,BLB,BLIMBING,,2024-03-16 23:26:50,42483,2016,4,NON TITO,,,JAWA TIMUR,0.375,GREEN,19382283,AREA 3,JATIM,MALANG,MALANG,,,0,0,0,JAWA TIMUR,KOTA MALANG,BLIMBING,PANDANWANGI,BATU
288051962,,ODP-BLB-FR/36,-7.9398,112.6228,,,13,2,0,0,16,REGIONAL 5,MALANG,MALANG,BLB,BLIMBING,,2024-03-16 23:27:57,42483,2016,4,NON TITO,,,JAWA TIMUR,0.125,GREEN,19382287,AREA 3,JATIM,MALANG,MALANG,,,0,0,0,JAWA TIMUR,KOTA MALANG,LOWOKWARU,TULUSREJO,BATU
12187244248,,ODP-SGS-FAA/37,-7.859972,112.645806,,,7,1,0,0,8,REGIONAL 5,MALANG,MALANG,SGS,SINGOSARI,,2025-06-04 17:52:50,45811,2025,6,NON TITO,,,JAWA TIMUR,0.125,GREEN,1499243741,AREA 3,JATIM,MALANG,MALANG,,,0,0,0,JAWA TIMUR,MALANG,SINGOSARI,GUNUNGREJO,BATU
288052038,,ODP-BLB-FR/38,-7.9405,112.6224,,,9,6,0,0,16,REGIONAL 5,MALANG,MALANG,BLB,BLIMBING,,2024-03-16 23:27:17,42483,2016,4,NON TITO,,,JAWA TIMUR,0.375,GREEN,19382346,AREA 3,JATIM,MALANG,MALANG,,,0,0,0,JAWA TIMUR,KOTA MALANG,LOWOKWARU,TULUSREJO,BATU
288051445,,ODP-BLB-FU/70,-7.9601,112.6507,,,6,1,0,0,8,REGIONAL 5,MALANG,MALANG,BLB,BLIMBING,,2024-03-16 23:27:11,42483,2016,4,NON TITO,,,JAWA TIMUR,0.125,GREEN,19381887,AREA 3,JATIM,MALANG,MALANG,,,0,0,0,JAWA TIMUR,KOTA MALANG,BLIMBING,PURWANTORO,BATU
288051056,,ODP-BLB-FU/26,-7.9582,112.6481,,,14,2,0,0,16,REGIONAL 5,MALANG,MALANG,BLB,BLIMBING,,2024-03-16 23:27:47,42483,2016,4,NON TITO,,,JAWA TIMUR,0.125,GREEN,19381594,AREA 3,JATIM,MALANG,MALANG,,,0,0,0,JAWA TIMUR,KOTA MALANG,BLIMBING,PURWANTORO,BATU
288051048,,ODP-BLB-FY/33,-7.9605,112.6533,,,5,3,0,0,8,REGIONAL 5,MALANG,MALANG,BLB,BLIMBING,,2024-03-16 23:27:26,42483,2016,4,NON TITO,,,JAWA TIMUR,0.375,GREEN,19381586,AREA 3,JATIM,MALANG,MALANG,,,0,0,0,JAWA TIMUR,KOTA MALANG,BLIMBING,PANDANWANGI,BATU
288051007,,ODP-BLB-FY/63,-7.9554,112.6539,,,11,5,0,0,16,REGIONAL 5,MALANG,MALANG,BLB,BLIMBING,,2024-03-16 23:27:23,42483,2016,4,NON TITO,,,JAWA TIMUR,0.3125,GREEN,19381555,AREA 3,JATIM,MALANG,MALANG,,,0,0,0,JAWA TIMUR,KOTA MALANG,BLIMBING,PURWANTORO,BATU
288049576,,ODP-BLB-FU/11,-7.9554,112.6507,,,6,2,0,0,8,REGIONAL 5,MALANG,MALANG,BLB,BLIMBING,,2024-03-16 23:27:18,42483,2016,4,NON TITO,,,JAWA TIMUR,0.25,GREEN,19380402,AREA 3,JATIM,MALANG,MALANG,,,0,0,0,JAWA TIMUR,KOTA MALANG,BLIMBING,PURWANTORO,BATU
4816093613,,ODP-BLB-FCH/100,-7.948077,112.63514,,,11,5,0,0,16,REGIONAL 5,MALANG,MALANG,BLB,BLIMBING,,2024-03-16 23:27:41,43933,2020,4,NON TITO,,,JAWA TIMUR,0.3125,GREEN,827884116,AREA 3,JATIM,MALANG,MALANG,,,0,0,0,JAWA TIMUR,KOTA MALANG,LOWOKWARU,TULUSREJO,BATU
288049660,,ODP-BLB-FY/13,-7.9542,112.6529,,,12,3,0,0,16,REGIONAL 5,MALANG,MALANG,BLB,BLIMBING,,2024-03-16 23:26:53,42483,2016,4,NON TITO,,,JAWA TIMUR,0.1875,GREEN,19380472,AREA 3,JATIM,MALANG,MALANG,,,0,0,0,JAWA TIMUR,KOTA MALANG,BLIMBING,PURWANTORO,BATU
12217843531,,ODP-BTU-FBU/70,-7.878505,112.502073,,,5,3,0,0,8,REGIONAL 5,MALANG,BATU,BTU,BATU,,2025-06-16 17:59:37,45823,2025,6,NON TITO,,,JAWA TIMUR,0.375,GREEN,1499372540,AREA 3,JATIM,MALANG,MALANG,,,0,0,0,JAWA TIMUR,KOTA BATU,BATU,PESANGGRAHAN,BATU
288049880,,ODP-BLB-FY/21,-7.9561,112.6531,,,5,2,0,0,8,REGIONAL 5,MALANG,MALANG,BLB,BLIMBING,,2024-03-16 23:27:09,42483,2016,4,NON TITO,,,JAWA TIMUR,0.25,GREEN,19380651,AREA 3,JATIM,MALANG,MALANG,,,0,0,0,JAWA TIMUR,KOTA MALANG,BLIMBING,PURWANTORO,BATU
288049945,,ODP-BLB-FU/57,-7.9567,112.6518,,,6,2,0,0,8,REGIONAL 5,MALANG,MALANG,BLB,BLIMBING,,2024-03-16 23:27:09,42483,2016,4,NON TITO,,,JAWA TIMUR,0.25,GREEN,19380706,AREA 3,JATIM,MALANG,MALANG,,,0,0,0,JAWA TIMUR,KOTA MALANG,BLIMBING,PURWANTORO,BATU
288049946,,ODP-BLB-FY/66,-7.9558,112.6541,,,14,2,0,0,16,REGIONAL 5,MALANG,MALANG,BLB,BLIMBING,,2024-03-16 23:27:19,42483,2016,4,NON TITO,,,JAWA TIMUR,0.125,GREEN,19380707,AREA 3,JATIM,MALANG,MALANG,,,0,0,0,JAWA TIMUR,KOTA MALANG,BLIMBING,PANDANWANGI,BATU
288050019,,ODP-BLB-FU/31,-7.9589,112.6487,,,11,5,0,0,16,REGIONAL 5,MALANG,MALANG,BLB,BLIMBING,,2024-03-16 23:26:08,42483,2016,4,NON TITO,,,JAWA TIMUR,0.3125,GREEN,19380769,AREA 3,JATIM,MALANG,MALANG,,,0,0,0,JAWA TIMUR,KOTA MALANG,BLIMBING,PURWANTORO,BATU
288050158,,ODP-BLB-FU/50,-7.9581,112.652,,,5,3,0,0,8,REGIONAL 5,MALANG,MALANG,BLB,BLIMBING,,2024-03-16 23:27:09,42483,2016,4,NON TITO,,,JAWA TIMUR,0.375,GREEN,19380879,AREA 3,JATIM,MALANG,MALANG,,,0,0,0,JAWA TIMUR,KOTA MALANG,BLIMBING,PURWANTORO,BATU
12197143783,,ODP-BLB-FCD/25,-7.932948,112.651187,,,12,4,0,0,16,REGIONAL 5,MALANG,MALANG,BLB,BLIMBING,,2025-06-12 17:55:28,45819,2025,6,NON TITO,,,JAWA TIMUR,0.25,GREEN,1499279411,AREA 3,JATIM,MALANG,MALANG,,,0,0,0,JAWA TIMUR,KOTA MALANG,BLIMBING,POLOWIJEN,BATU
288050276,,ODP-BLB-FY/54,-7.9579,112.655,,,11,4,0,0,16,REGIONAL 5,MALANG,MALANG,BLB,BLIMBING,,2024-03-16 23:26:25,42483,2016,4,NON TITO,,,JAWA TIMUR,0.25,GREEN,19380974,AREA 3,JATIM,MALANG,MALANG,,,0,0,0,JAWA TIMUR,KOTA MALANG,BLIMBING,PANDANWANGI,BATU
288050301,,ODP-BLB-FU/44,-7.9583,112.6497,,,12,3,0,0,16,REGIONAL 5,MALANG,MALANG,BLB,BLIMBING,,2024-03-16 23:27:11,42483,2016,4,NON TITO,,,JAWA TIMUR,0.1875,GREEN,19380992,AREA 3,JATIM,MALANG,MALANG,,,0,0,0,JAWA TIMUR,KOTA MALANG,BLIMBING,PURWANTORO,BATU
288050435,,ODP-BLB-FU/38,-7.9564,112.6497,,,9,6,0,0,16,REGIONAL 5,MALANG,MALANG,BLB,BLIMBING,,2024-03-16 23:27:14,42483,2016,4,NON TITO,,,JAWA TIMUR,0.375,GREEN,19381100,AREA 3,JATIM,MALANG,MALANG,,,0,0,0,JAWA TIMUR,KOTA MALANG,BLIMBING,PURWANTORO,BATU
288050436,,ODP-BLB-FU/67,-7.9587,112.6503,,,7,1,0,0,8,REGIONAL 5,MALANG,MALANG,BLB,BLIMBING,,2024-03-16 23:27:19,42483,2016,4,NON TITO,,,JAWA TIMUR,0.125,GREEN,19381101,AREA 3,JATIM,MALANG,MALANG,,,0,0,0,JAWA TIMUR,KOTA MALANG,BLIMBING,PURWANTORO,BATU
288050524,,ODP-BLB-FR/32,-7.9385,112.6214,,,14,2,0,0,16,REGIONAL 5,MALANG,MALANG,BLB,BLIMBING,,2024-03-16 23:27:22,42483,2016,4,NON TITO,,,JAWA TIMUR,0.125,GREEN,19381168,AREA 3,JATIM,MALANG,MALANG,,,0,0,0,JAWA TIMUR,KOTA MALANG,LOWOKWARU,TULUSREJO,BATU
4816093625,,ODP-BLB-FCH/110,-7.944315,112.633772,,,6,2,0,0,8,REGIONAL 5,MALANG,MALANG,BLB,BLIMBING,,2024-03-16 23:27:39,43933,2020,4,NON TITO,,,JAWA TIMUR,0.25,GREEN,827884124,AREA 3,JATIM,MALANG,MALANG,,,0,0,0,JAWA TIMUR,KOTA MALANG,LOWOKWARU,TULUSREJO,BATU
288050643,,ODP-BLB-FY/07,-7.9551,112.6527,,,12,4,0,0,16,REGIONAL 5,MALANG,MALANG,BLB,BLIMBING,,2024-03-16 23:26:40,42483,2016,4,NON TITO,,,JAWA TIMUR,0.25,GREEN,19381264,AREA 3,JATIM,MALANG,MALANG,,,0,0,0,JAWA TIMUR,KOTA MALANG,BLIMBING,PURWANTORO,BATU
4680419207,,ODP-KPO-FBC/123,-7.922557,112.580284,,,5,3,0,0,8,REGIONAL 5,MALANG,BATU,KPO,KARANGPLOSO,,2024-03-16 23:28:49,43889,2020,2,NON TITO,,,JAWA TIMUR,0.375,GREEN,823840401,AREA 3,JATIM,MALANG,MALANG,,,0,0,0,JAWA TIMUR,MALANG,DAU,MULYOAGUNG,BATU
4816093634,,ODP-BLB-FCH/108,-7.945039,112.633436,,,5,3,0,0,8,REGIONAL 5,MALANG,MALANG,BLB,BLIMBING,,2024-03-16 23:27:50,43933,2020,4,NON TITO,,,JAWA TIMUR,0.375,GREEN,827884130,AREA 3,JATIM,MALANG,MALANG,,,0,0,0,JAWA TIMUR,KOTA MALANG,LOWOKWARU,TULUSREJO,BATU
288050827,,ODP-BLB-FY/61,-7.9566,112.6544,,,5,3,0,0,8,REGIONAL 5,MALANG,MALANG,BLB,BLIMBING,,2024-03-16 23:26:49,42483,2016,4,NON TITO,,,JAWA TIMUR,0.375,GREEN,19381414,AREA 3,JATIM,MALANG,MALANG,,,0,0,0,JAWA TIMUR,KOTA MALANG,BLIMBING,PANDANWANGI,BATU
4680419166,,ODP-KPO-FBC/121,-7.92038,112.581264,,,5,3,0,0,8,REGIONAL 5,MALANG,BATU,KPO,KARANGPLOSO,,2024-03-16 23:28:28,43889,2020,2,NON TITO,,,JAWA TIMUR,0.375,GREEN,823840368,AREA 3,JATIM,MALANG,MALANG,,,0,0,0,JAWA TIMUR,MALANG,DAU,MULYOAGUNG,BATU
288050901,,ODP-BLB-FR/11,-7.9387,112.6204,,,13,3,0,0,16,REGIONAL 5,MALANG,MALANG,BLB,BLIMBING,,2024-03-16 23:27:19,42483,2016,4,NON TITO,,,JAWA TIMUR,0.1875,GREEN,19381473,AREA 3,JATIM,MALANG,MALANG,,,0,0,0,JAWA TIMUR,KOTA MALANG,LOWOKWARU,TULUSREJO,BATU
288050978,,ODP-BLB-FR/52,-7.9394,112.6248,,,11,4,0,0,16,REGIONAL 5,MALANG,MALANG,BLB,BLIMBING,,2024-03-16 23:27:21,42483,2016,4,NON TITO,,,JAWA TIMUR,0.25,GREEN,19381533,AREA 3,JATIM,MALANG,MALANG,,,0,0,0,JAWA TIMUR,KOTA MALANG,LOWOKWARU,MOJOLANGU,BATU
12187244243,,ODP-SGS-FAA/38,-7.861346,112.646777,,,7,1,0,0,8,REGIONAL 5,MALANG,MALANG,SGS,SINGOSARI,,2025-06-04 17:52:34,45811,2025,6,NON TITO,,,JAWA TIMUR,0.125,GREEN,1499243738,AREA 3,JATIM,MALANG,MALANG,,,0,0,0,JAWA TIMUR,MALANG,SINGOSARI,GUNUNGREJO,BATU
4796444793,,ODP-BLB-FCA/04,-7.957813,112.64168,,,5,3,0,0,8,REGIONAL 5,MALANG,MALANG,BLB,BLIMBING,,2024-03-16 23:27:20,43940,2020,4,NON TITO,,,JAWA TIMUR,0.375,GREEN,828235487,AREA 3,JATIM,MALANG,MALANG,,,0,0,0,JAWA TIMUR,KOTA MALANG,BLIMBING,PURWANTORO,BATU
12138868725,,ODP-TMP-FE/137,-7.990689,112.76458,,,7,1,0,0,8,REGIONAL 5,MALANG,MALANG,TMP,TUMPANG,,2025-05-03 18:26:45,45779,2025,5,NON TITO,,,JAWA TIMUR,0.125,GREEN,1497653022,AREA 3,JATIM,MALANG,MALANG,,,0,0,0,JAWA TIMUR,MALANG,TUMPANG,JERU,BATU
4796444802,,ODP-BLB-FCA/44,-7.9627,112.64092,,,5,3,0,0,8,REGIONAL 5,MALANG,MALANG,BLB,BLIMBING,,2024-03-16 23:27:40,43940,2020,4,NON TITO,,,JAWA TIMUR,0.375,GREEN,828235493,AREA 3,JATIM,MALANG,MALANG,,,0,0,0,JAWA TIMUR,KOTA MALANG,BLIMBING,BUNULREJO,BATU
12046169525,,ODP-SGS-FAK/27,-7.919993,112.667022,,,6,2,0,0,8,REGIONAL 5,MALANG,MALANG,SGS,SINGOSARI,,2025-02-05 17:37:12,45692,2025,2,NON TITO,,,JAWA TIMUR,0.25,GREEN,1495883371,AREA 3,JATIM,MALANG,MALANG,,,0,0,0,JAWA TIMUR,MALANG,SINGOSARI,BANJARARUM,BATU
288069120,,ODP-LWG-FA/04,-7.8249,112.7221,,,10,6,0,0,16,REGIONAL 5,MALANG,MALANG,LWG,LAWANG,,2024-03-16 23:23:43,42483,2016,4,NON TITO,,,JAWA TIMUR,0.375,GREEN,19394393,AREA 3,JATIM,MALANG,MALANG,,,0,0,0,JAWA TIMUR,MALANG,LAWANG,SUMBER PORONG,BATU
4393543950,,ODP-NTG-FD/02,-7.813201,112.384058,,,5,3,0,0,8,REGIONAL 5,MALANG,BATU,NTG,NGANTANG,,2024-03-16 23:22:37,43804,2019,12,NON TITO,,,JAWA TIMUR,0.375,GREEN,788118191,AREA 3,JATIM,MALANG,MALANG,,,0,0,0,JAWA TIMUR,MALANG,NGANTANG,JOMBOK,BATU
288069237,,ODP-LWG-FA/33,-7.8248,112.7176,,,5,3,0,0,8,REGIONAL 5,MALANG,MALANG,LWG,LAWANG,,2024-03-16 23:24:04,42483,2016,4,NON TITO,,,JAWA TIMUR,0.375,GREEN,19394467,AREA 3,JATIM,MALANG,MALANG,,,0,0,0,JAWA TIMUR,MALANG,LAWANG,SUMBER PORONG,BATU
4393543940,,ODP-NTG-FD/03,-7.814101,112.383848,,,7,1,0,0,8,REGIONAL 5,MALANG,BATU,NTG,NGANTANG,,2024-03-16 23:22:25,43804,2019,12,NON TITO,,,JAWA TIMUR,0.125,GREEN,788118188,AREA 3,JATIM,MALANG,MALANG,,,0,0,0,JAWA TIMUR,MALANG,NGANTANG,JOMBOK,BATU
288069268,,ODP-LWG-FA/24,-7.8243,112.7191,,,13,3,0,0,16,REGIONAL 5,MALANG,MALANG,LWG,LAWANG,,2024-03-16 23:23:43,42483,2016,4,NON TITO,,,JAWA TIMUR,0.1875,GREEN,19394486,AREA 3,JATIM,MALANG,MALANG,,,0,0,0,JAWA TIMUR,MALANG,LAWANG,SUMBER PORONG,BATU
12024271538,,ODP-TMP-FM/06,-7.992415,112.749396,,,6,2,0,0,8,REGIONAL 5,MALANG,MALANG,TMP,TUMPANG,,2025-01-23 17:41:17,45679,2025,1,NON TITO,,,JAWA TIMUR,0.25,GREEN,1495932197,AREA 3,JATIM,MALANG,MALANG,,,0,0,0,JAWA TIMUR,MALANG,TUMPANG,WRINGINSONGO,BATU
288069317,,ODP-BLB-FAA/39,-7.938003,112.63365,,,10,6,0,0,16,REGIONAL 5,MALANG,MALANG,BLB,BLIMBING,,2024-03-16 23:21:09,42483,2016,4,NON TITO,,,JAWA TIMUR,0.375,GREEN,19394514,AREA 3,JATIM,MALANG,MALANG,,,0,0,0,JAWA TIMUR,KOTA MALANG,LOWOKWARU,MOJOLANGU,BATU
288069421,,ODP-LWG-FA/16,-7.8259,112.7212,,,11,5,0,0,16,REGIONAL 5,MALANG,MALANG,LWG,LAWANG,,2024-03-16 23:24:10,42483,2016,4,NON TITO,,,JAWA TIMUR,0.3125,GREEN,19394578,AREA 3,JATIM,MALANG,MALANG,,,0,0,0,JAWA TIMUR,MALANG,LAWANG,SUMBER PORONG,BATU
12024271523,,ODP-TMP-FM/04,-7.998683,112.745433,,,6,2,0,0,8,REGIONAL 5,MALANG,MALANG,TMP,TUMPANG,,2025-01-23 17:41:29,45679,2025,1,NON TITO,,,JAWA TIMUR,0.25,GREEN,1495932188,AREA 3,JATIM,MALANG,MALANG,,,0,0,0,JAWA TIMUR,MALANG,TUMPANG,WRINGINSONGO,BATU
5165368535,,ODP-BLB-FCR/89,-7.934626,112.617584,,,6,2,0,0,8,REGIONAL 5,MALANG,MALANG,BLB,BLIMBING,,2024-03-16 23:29:04,44016,2020,7,NON TITO,,,JAWA TIMUR,0.25,GREEN,831038077,AREA 3,JATIM,MALANG,MALANG,,,0,0,0,JAWA TIMUR,KOTA MALANG,LOWOKWARU,MOJOLANGU,BATU
12024271518,,ODP-TMP-FM/05,-7.998393,112.746749,,,6,2,0,0,8,REGIONAL 5,MALANG,MALANG,TMP,TUMPANG,,2025-01-23 17:40:38,45679,2025,1,NON TITO,,,JAWA TIMUR,0.25,GREEN,1495932185,AREA 3,JATIM,MALANG,MALANG,,,0,0,0,JAWA TIMUR,MALANG,TUMPANG,WRINGINSONGO,BATU
12020444475,,ODP-BTU-FCE/29,-7.855391,112.4685,,,5,3,0,0,8,REGIONAL 5,MALANG,BATU,BTU,BATU,,2025-01-16 17:33:24,45672,2025,1,NON TITO,,,JAWA TIMUR,0.375,GREEN,1495610313,AREA 3,JATIM,MALANG,MALANG,,,0,0,0,JAWA TIMUR,MALANG,PUJON,PUJON KIDUL,BATU
4336098161,,ODP-NTG-FA/21,-7.840239,112.380932,,,5,3,0,0,8,REGIONAL 5,MALANG,BATU,NTG,NGANTANG,,2024-03-16 23:28:29,43799,2019,11,NON TITO,,,JAWA TIMUR,0.375,GREEN,787620206,AREA 3,JATIM,MALANG,MALANG,,,0,0,0,JAWA TIMUR,MALANG,NGANTANG,TULUNGREJO,BATU
4336098156,,ODP-NTG-FA/18,-7.836015,112.381749,,,5,3,0,0,8,REGIONAL 5,MALANG,BATU,NTG,NGANTANG,,2024-03-16 23:28:54,43799,2019,11,NON TITO,,,JAWA TIMUR,0.375,GREEN,787620203,AREA 3,JATIM,MALANG,MALANG,,,0,0,0,JAWA TIMUR,MALANG,NGANTANG,TULUNGREJO,BATU
4336098151,,ODP-NTG-FA/20,-7.839232,112.381541,,,6,2,0,0,8,REGIONAL 5,MALANG,BATU,NTG,NGANTANG,,2024-03-16 23:28:54,43799,2019,11,NON TITO,,,JAWA TIMUR,0.25,GREEN,787620199,AREA 3,JATIM,MALANG,MALANG,,,0,0,0,JAWA TIMUR,MALANG,NGANTANG,TULUNGREJO,BATU
4336098146,,ODP-NTG-FA/19,-7.836685,112.382752,,,7,1,0,0,8,REGIONAL 5,MALANG,BATU,NTG,NGANTANG,,2024-03-16 23:27:20,43799,2019,11,NON TITO,,,JAWA TIMUR,0.125,GREEN,787620196,AREA 3,JATIM,MALANG,MALANG,,,0,0,0,JAWA TIMUR,MALANG,NGANTANG,TULUNGREJO,BATU
4336098136,,ODP-NTG-FB/25,-7.870726,112.376953,,,6,2,0,0,8,REGIONAL 5,MALANG,BATU,NTG,NGANTANG,,2024-03-16 23:28:57,43799,2019,11,NON TITO,,,JAWA TIMUR,0.25,GREEN,787620190,AREA 3,JATIM,MALANG,MALANG,,,0,0,0,JAWA TIMUR,MALANG,NGANTANG,MULYOREJO,BATU
12020075932,,ODP-KPO-FBS/41,-7.927963,112.53438,,,5,3,0,0,8,REGIONAL 5,MALANG,BATU,KPO,KARANGPLOSO,,2025-01-05 23:33:31,45662,2025,1,NON TITO,,,JAWA TIMUR,0.375,GREEN,1495576843,AREA 3,JATIM,MALANG,MALANG,,,0,0,0,JAWA TIMUR,MALANG,DAU,GADINGKULON,BATU
12024569267,,ODP-PKS-FE/81,-7.955278,112.72222,,,7,1,0,0,8,REGIONAL 5,MALANG,MALANG,PKS,PAKIS,,2025-01-04 17:33:40,45660,2025,1,NON TITO,,,JAWA TIMUR,0.125,GREEN,1495674053,AREA 3,JATIM,MALANG,MALANG,,,0,0,0,JAWA TIMUR,MALANG,PAKIS,PAKISJAJAR,BATU
4336098111,,ODP-NTG-FA/22,-7.852868,112.386123,,,7,1,0,0,8,REGIONAL 5,MALANG,BATU,NTG,NGANTANG,,2024-03-16 23:29:06,43799,2019,11,NON TITO,,,JAWA TIMUR,0.125,GREEN,787620173,AREA 3,JATIM,MALANG,MALANG,,,0,0,0,JAWA TIMUR,MALANG,NGANTANG,SUMBERAGUNG,BATU
288069855,,ODP-LWG-FA/03,-7.8245,112.7227,,,11,5,0,0,16,REGIONAL 5,MALANG,MALANG,LWG,LAWANG,,2024-03-16 23:23:51,42483,2016,4,NON TITO,,,JAWA TIMUR,0.3125,GREEN,19394852,AREA 3,JATIM,MALANG,MALANG,,,0,0,0,JAWA TIMUR,MALANG,LAWANG,SUMBER PORONG,BATU
12023829811,,ODP-LWG-FAC/30,-7.868994,112.722778,,,6,2,0,0,8,REGIONAL 5,MALANG,MALANG,LWG,LAWANG,,2025-01-22 17:38:27,45678,2025,1,NON TITO,,,JAWA TIMUR,0.25,GREEN,1495921209,AREA 3,JATIM,MALANG,MALANG,,,0,0,0,JAWA TIMUR,MALANG,LAWANG,SRIGADING,BATU
288069909,,ODP-LWG-FA/02,-7.8256,112.7228,,,11,5,0,0,16,REGIONAL 5,MALANG,MALANG,LWG,LAWANG,,2024-03-16 23:23:55,42483,2016,4,NON TITO,,,JAWA TIMUR,0.3125,GREEN,19394881,AREA 3,JATIM,MALANG,MALANG,,,0,0,0,JAWA TIMUR,MALANG,LAWANG,SUMBER PORONG,BATU
5156370889,,ODP-BLB-FBG/123,-7.929496,112.637786,,,6,2,0,0,8,REGIONAL 5,MALANG,MALANG,BLB,BLIMBING,,2024-03-16 23:23:34,44015,2020,7,NON TITO,,,JAWA TIMUR,0.25,GREEN,831037158,AREA 3,JATIM,MALANG,MALANG,,,0,0,0,JAWA TIMUR,KOTA MALANG,LOWOKWARU,TUNJUNGSEKAR,BATU
288068992,,ODP-BLB-FN/56,-7.9304,112.6164,,,12,4,0,0,16,REGIONAL 5,MALANG,MALANG,BLB,BLIMBING,,2024-03-16 23:24:11,42483,2016,4,NON TITO,,,JAWA TIMUR,0.25,GREEN,19394315,AREA 3,JATIM,MALANG,MALANG,,,0,0,0,JAWA TIMUR,KOTA MALANG,LOWOKWARU,TUNGGULWULUNG,BATU
12072493546,,ODP-TMP-FP/12,-8.024947,112.829998,,,7,1,0,0,8,REGIONAL 5,MALANG,MALANG,TMP,TUMPANG,,2025-03-09 06:27:42,45724,2025,3,NON TITO,,,JAWA TIMUR,0.125,GREEN,1496286117,AREA 3,JATIM,MALANG,MALANG,,,0,0,0,JAWA TIMUR,MALANG,PONCOKUSUMO,GUBUGKLAKAH,BATU
5156370794,,ODP-BLB-FBG/133,-7.930774,112.638805,,,5,3,0,0,8,REGIONAL 5,MALANG,MALANG,BLB,BLIMBING,,2024-03-16 23:23:34,44015,2020,7,NON TITO,,,JAWA TIMUR,0.375,GREEN,830958408,AREA 3,JATIM,MALANG,MALANG,,,0,0,0,JAWA TIMUR,KOTA MALANG,BLIMBING,PURWODADI,BATU
12069268648,,ODP-TMP-FP/17,-8.028923,112.822512,,,7,1,0,0,8,REGIONAL 5,MALANG,MALANG,TMP,TUMPANG,,2025-03-08 17:40:14,45723,2025,3,NON TITO,,,JAWA TIMUR,0.125,GREEN,1496193688,AREA 3,JATIM,MALANG,MALANG,,,0,0,0,JAWA TIMUR,MALANG,PONCOKUSUMO,GUBUGKLAKAH,BATU
12065893772,,ODP-BTU-FCB/08,-7.855874,112.537845,,,7,1,0,0,8,REGIONAL 5,MALANG,BATU,BTU,BATU,,2025-03-06 23:44:57,45721,2025,3,NON TITO,,,JAWA TIMUR,0.125,GREEN,1496268397,AREA 3,JATIM,MALANG,MALANG,,,0,0,0,JAWA TIMUR,KOTA BATU,BUMIAJI,BUMIAJI,BATU
5156370814,,ODP-BLB-FBG/132,-7.930553,112.639045,,,6,2,0,0,8,REGIONAL 5,MALANG,MALANG,BLB,BLIMBING,,2024-03-16 23:23:37,44015,2020,7,NON TITO,,,JAWA TIMUR,0.25,GREEN,830958416,AREA 3,JATIM,MALANG,MALANG,,,0,0,0,JAWA TIMUR,KOTA MALANG,BLIMBING,PURWODADI,BATU
5156370864,,ODP-BLB-FBG/119,-7.928562,112.638101,,,7,1,0,0,8,REGIONAL 5,MALANG,MALANG,BLB,BLIMBING,,2024-03-16 23:23:28,44015,2020,7,NON TITO,,,JAWA TIMUR,0.125,GREEN,830958432,AREA 3,JATIM,MALANG,MALANG,,,0,0,0,JAWA TIMUR,KOTA MALANG,LOWOKWARU,TUNJUNGSEKAR,BATU
288068449,,ODP-BLB-FN/70,-7.9285,112.6139,,,9,5,0,0,16,REGIONAL 5,MALANG,MALANG,BLB,BLIMBING,,2024-03-16 23:23:51,42483,2016,4,NON TITO,,,JAWA TIMUR,0.3125,GREEN,19393964,AREA 3,JATIM,MALANG,MALANG,,,0,0,0,JAWA TIMUR,KOTA MALANG,LOWOKWARU,TUNGGULWULUNG,BATU
5132595393,,ODP-BLB-FCQ/92,-7.930997,112.614814,,,5,3,0,0,8,REGIONAL 5,MALANG,MALANG,BLB,BLIMBING,,2024-03-16 23:23:00,44013,2020,7,NON TITO,,,JAWA TIMUR,0.375,GREEN,831015509,AREA 3,JATIM,MALANG,MALANG,,,0,0,0,JAWA TIMUR,KOTA MALANG,LOWOKWARU,TUNGGULWULUNG,BATU
288068525,,ODP-BLB-FB/33,-7.9331,112.6616,,,10,6,0,0,16,REGIONAL 5,MALANG,MALANG,BLB,BLIMBING,,2024-03-16 23:23:59,42483,2016,4,NON TITO,,,JAWA TIMUR,0.375,GREEN,19394015,AREA 3,JATIM,MALANG,MALANG,,,0,0,0,JAWA TIMUR,KOTA MALANG,BLIMBING,ARJOSARI,BATU
12062369065,,ODP-KPO-FS/36,-7.886243,112.617743,,,6,2,0,0,8,REGIONAL 5,MALANG,BATU,KPO,KARANGPLOSO,,2025-02-28 17:35:48,45715,2025,2,NON TITO,,,JAWA TIMUR,0.25,GREEN,1496237306,AREA 3,JATIM,MALANG,MALANG,,,0,0,0,JAWA TIMUR,MALANG,KARANGPLOSO,NGENEP,BATU
12047818992,,ODP-NTG-FF/19,-7.885503,112.374461,,,5,3,0,0,8,REGIONAL 5,MALANG,BATU,NTG,NGANTANG,,2025-02-08 17:32:34,45695,2025,2,NON TITO,,,JAWA TIMUR,0.375,GREEN,1496037552,AREA 3,JATIM,MALANG,MALANG,,,0,0,0,JAWA TIMUR,MALANG,NGANTANG,BANJAREJO,BATU
4417918853,,ODP-KPO-FBC/86,-7.933399,112.591265,,,6,2,0,0,8,REGIONAL 5,MALANG,BATU,KPO,KARANGPLOSO,,2024-03-16 23:24:41,43812,2019,12,NON TITO,,,JAWA TIMUR,0.25,GREEN,789213385,AREA 3,JATIM,MALANG,MALANG,,,0,0,0,JAWA TIMUR,MALANG,DAU,LANDUNGSARI,BATU
288068672,,ODP-BLB-FAL/03,-7.9442,112.6343,,,11,5,0,0,16,REGIONAL 5,MALANG,MALANG,BLB,BLIMBING,,2024-03-16 23:23:44,42483,2016,4,NON TITO,,,JAWA TIMUR,0.3125,GREEN,19394101,AREA 3,JATIM,MALANG,MALANG,,,0,0,0,JAWA TIMUR,KOTA MALANG,LOWOKWARU,MOJOLANGU,BATU
288068681,,ODP-BLB-FB/13,-7.9329,112.6569,,,12,2,0,0,16,REGIONAL 5,MALANG,MALANG,BLB,BLIMBING,,2024-03-16 23:23:54,42483,2016,4,NON TITO,,,JAWA TIMUR,0.125,GREEN,19394107,AREA 3,JATIM,MALANG,MALANG,,,0,0,0,JAWA TIMUR,KOTA MALANG,BLIMBING,ARJOSARI,BATU
12047444866,,ODP-BTU-FAF/120,-7.846364,112.522841,,,10,6,0,0,16,REGIONAL 5,MALANG,BATU,BTU,BATU,,2025-02-14 17:44:14,45701,2025,2,NON TITO,,,JAWA TIMUR,0.375,GREEN,1495898406,AREA 3,JATIM,MALANG,MALANG,,,0,0,0,JAWA TIMUR,KOTA BATU,BATU,SIDOMULYO,BATU
4417918723,,ODP-BTU-FF/75,-7.896117,112.532741,,,6,2,0,0,8,REGIONAL 5,MALANG,BATU,BTU,BATU,,2024-03-16 23:24:39,43812,2019,12,NON TITO,,,JAWA TIMUR,0.25,GREEN,789213276,AREA 3,JATIM,MALANG,MALANG,,,0,0,0,JAWA TIMUR,KOTA BATU,BATU,ORO-ORO OMBO,BATU
4393769139,,ODP-KPO-FBD/101,-7.92387,112.577837,,,6,2,0,0,8,REGIONAL 5,MALANG,BATU,KPO,KARANGPLOSO,,2024-03-16 23:29:05,43809,2019,12,NON TITO,,,JAWA TIMUR,0.25,GREEN,789195131,AREA 3,JATIM,MALANG,MALANG,,,0,0,0,JAWA TIMUR,MALANG,DAU,MULYOAGUNG,BATU
12046019036,,ODP-KPO-FQ/39,-7.917974,112.618817,,,5,3,0,0,8,REGIONAL 5,MALANG,BATU,KPO,KARANGPLOSO,,2025-02-08 17:30:58,45695,2025,2,NON TITO,,,JAWA TIMUR,0.375,GREEN,1496038018,AREA 3,JATIM,MALANG,MALANG,,,0,0,0,JAWA TIMUR,MALANG,KARANGPLOSO,KEPUHARJO,BATU
288068790,,ODP-BLB-FAL/01,-7.9421,112.6305,,,8,2,0,0,16,REGIONAL 5,MALANG,MALANG,BLB,BLIMBING,,2024-03-16 23:23:45,42483,2016,4,NON TITO,,,JAWA TIMUR,0.125,GREEN,19394180,AREA 3,JATIM,MALANG,MALANG,,,0,0,0,JAWA TIMUR,KOTA MALANG,LOWOKWARU,MOJOLANGU,BATU
5156370849,,ODP-BLB-FBG/122,-7.929275,112.637122,,,6,2,0,0,8,REGIONAL 5,MALANG,MALANG,BLB,BLIMBING,,2024-03-16 23:23:28,44015,2020,7,NON TITO,,,JAWA TIMUR,0.25,GREEN,831037144,AREA 3,JATIM,MALANG,MALANG,,,0,0,0,JAWA TIMUR,KOTA MALANG,LOWOKWARU,TUNJUNGSEKAR,BATU
5156370869,,ODP-BLB-FBG/131,-7.93124,112.639477,,,5,3,0,0,8,REGIONAL 5,MALANG,MALANG,BLB,BLIMBING,,2024-03-16 23:22:41,44015,2020,7,NON TITO,,,JAWA TIMUR,0.375,GREEN,831037152,AREA 3,JATIM,MALANG,MALANG,,,0,0,0,JAWA TIMUR,KOTA MALANG,BLIMBING,PURWODADI,BATU
288068980,,ODP-LWG-FA/31,-7.8252,112.7185,,,11,5,0,0,16,REGIONAL 5,MALANG,MALANG,LWG,LAWANG,,2024-03-16 23:24:03,42483,2016,4,NON TITO,,,JAWA TIMUR,0.3125,GREEN,19394304,AREA 3,JATIM,MALANG,MALANG,,,0,0,0,JAWA TIMUR,MALANG,LAWANG,SUMBER PORONG,BATU
12056743897,,ODP-KPO-FBD/137,-7.929639,112.572223,,,5,3,0,0,8,REGIONAL 5,MALANG,BATU,KPO,KARANGPLOSO,,2025-02-15 17:53:08,45702,2025,2,NON TITO,,,JAWA TIMUR,0.375,GREEN,1496086287,AREA 3,JATIM,MALANG,MALANG,,,0,0,0,JAWA TIMUR,MALANG,DAU,TEGALWERU,BATU
12015120799,,ODP-TMP-FJ/85,-8.004654,112.768069,,,6,2,0,0,8,REGIONAL 5,MALANG,MALANG,TMP,TUMPANG,,2025-01-01 17:31:27,45657,2024,12,NON TITO,,,JAWA TIMUR,0.25,GREEN,1495659869,AREA 3,JATIM,MALANG,MALANG,,,0,0,0,JAWA TIMUR,MALANG,TUMPANG,TUMPANG,BATU
5165368655,,ODP-BLB-FCR/91,-7.93385,112.617572,,,5,3,0,0,8,REGIONAL 5,MALANG,MALANG,BLB,BLIMBING,,2024-03-16 23:28:11,44016,2020,7,NON TITO,,,JAWA TIMUR,0.375,GREEN,831038149,AREA 3,JATIM,MALANG,MALANG,,,0,0,0,JAWA TIMUR,KOTA MALANG,LOWOKWARU,MOJOLANGU,BATU
12020223389,,ODP-TMP-FL/12,-8.047878,112.783917,,,5,3,0,0,8,REGIONAL 5,MALANG,MALANG,TMP,TUMPANG,,2024-12-29 17:46:53,45654,2024,12,NON TITO,,,JAWA TIMUR,0.375,GREEN,1495645426,AREA 3,JATIM,MALANG,MALANG,,,0,0,0,JAWA TIMUR,MALANG,PONCOKUSUMO,WONOREJO,BATU
12006419562,,ODP-LWG-FB/26,-7.8692,112.695945,,,5,3,0,0,8,REGIONAL 5,MALANG,MALANG,LWG,LAWANG,,2024-12-13 17:31:21,45638,2024,12,NON TITO,,,JAWA TIMUR,0.375,GREEN,1495491627,AREA 3,JATIM,MALANG,MALANG,,,0,0,0,JAWA TIMUR,MALANG,LAWANG,BEDALI,BATU
288073074,,ODP-BLB-FAR/23,-7.9188,112.6448,,,13,3,0,0,16,REGIONAL 5,MALANG,MALANG,BLB,BLIMBING,,2024-03-16 23:24:38,42483,2016,4,NON TITO,,,JAWA TIMUR,0.1875,GREEN,19396771,AREA 3,JATIM,MALANG,MALANG,,,0,0,0,JAWA TIMUR,KOTA MALANG,BLIMBING,BALEARJOSARI,BATU
12006419552,,ODP-LWG-FB/24,-7.865764,112.694955,,,6,2,0,0,8,REGIONAL 5,MALANG,MALANG,LWG,LAWANG,,2024-12-13 17:32:17,45638,2024,12,NON TITO,,,JAWA TIMUR,0.25,GREEN,1495491621,AREA 3,JATIM,MALANG,MALANG,,,0,0,0,JAWA TIMUR,MALANG,LAWANG,BEDALI,BATU
12006419532,,ODP-LWG-FB/14,-7.869632,112.696104,,,7,1,0,0,8,REGIONAL 5,MALANG,MALANG,LWG,LAWANG,,2024-12-13 17:31:59,45638,2024,12,NON TITO,,,JAWA TIMUR,0.125,GREEN,1495491602,AREA 3,JATIM,MALANG,MALANG,,,0,0,0,JAWA TIMUR,MALANG,LAWANG,BEDALI,BATU
5192519088,,ODP-BLB-FAR/74,-7.911392,112.637553,,,7,1,0,0,8,REGIONAL 5,MALANG,MALANG,BLB,BLIMBING,,2024-03-16 23:28:53,44023,2020,7,NON TITO,,,JAWA TIMUR,0.125,GREEN,831371007,AREA 3,JATIM,MALANG,MALANG,,,0,0,0,JAWA TIMUR,MALANG,SINGOSARI,TUNJUNGTIRTO,BATU
12006419522,,ODP-LWG-FB/32,-7.867442,112.694662,,,5,3,0,0,8,REGIONAL 5,MALANG,MALANG,LWG,LAWANG,,2024-12-13 17:31:41,45638,2024,12,NON TITO,,,JAWA TIMUR,0.375,GREEN,1495491595,AREA 3,JATIM,MALANG,MALANG,,,0,0,0,JAWA TIMUR,MALANG,LAWANG,BEDALI,BATU
4322368963,,ODP-BTU-FW/55,-7.887074,112.518087,,,5,3,0,0,8,REGIONAL 5,MALANG,BATU,BTU,BATU,,2024-03-16 23:26:57,43789,2019,11,NON TITO,,,JAWA TIMUR,0.375,GREEN,787476654,AREA 3,JATIM,MALANG,MALANG,,,0,0,0,JAWA TIMUR,KOTA BATU,BATU,NGAGLIK,BATU
288074037,,ODP-BLB-FA/56,-7.94082,112.662803,,,9,6,1,0,16,REGIONAL 5,MALANG,MALANG,BLB,BLIMBING,,2024-03-16 23:25:05,42483,2016,4,NON TITO,,,JAWA TIMUR,0.375,GREEN,19397355,AREA 3,JATIM,MALANG,MALANG,,,0,0,0,JAWA TIMUR,KOTA MALANG,BLIMBING,PANDANWANGI,BATU
288074058,,ODP-BLB-FAR/29,-7.9168,112.6445,,,10,6,0,0,16,REGIONAL 5,MALANG,MALANG,BLB,BLIMBING,,2024-03-16 23:25:19,42483,2016,4,NON TITO,,,JAWA TIMUR,0.375,GREEN,19397368,AREA 3,JATIM,MALANG,MALANG,,,0,0,0,JAWA TIMUR,KOTA MALANG,BLIMBING,BALEARJOSARI,BATU
288074153,,ODP-BLB-FAR/34,-7.916,112.6443,,,10,6,0,0,16,REGIONAL 5,MALANG,MALANG,BLB,BLIMBING,,2024-03-16 23:24:37,42483,2016,4,NON TITO,,,JAWA TIMUR,0.375,GREEN,19397420,AREA 3,JATIM,MALANG,MALANG,,,0,0,0,JAWA TIMUR,KOTA MALANG,BLIMBING,BALEARJOSARI,BATU
5197243821,,ODP-BLB-FBB/47,-7.910086,112.634996,,,6,2,0,0,8,REGIONAL 5,MALANG,MALANG,BLB,BLIMBING,,2024-03-16 23:23:59,44023,2020,7,NON TITO,,,JAWA TIMUR,0.25,GREEN,831313555,AREA 3,JATIM,MALANG,MALANG,,,0,0,0,JAWA TIMUR,MALANG,SINGOSARI,TUNJUNGTIRTO,BATU
5217943560,,ODP-BLB-FCV/73,-7.944317,112.618983,,,6,2,0,0,8,REGIONAL 5,MALANG,MALANG,BLB,BLIMBING,,2024-03-16 23:23:36,44026,2020,7,NON TITO,,,JAWA TIMUR,0.25,GREEN,831387930,AREA 3,JATIM,MALANG,MALANG,,,0,0,0,JAWA TIMUR,KOTA MALANG,LOWOKWARU,JATIMULYO,BATU
